id;pesid;data_inversa;dia_semana;horario;uf;br;km;municipio;causa_principal;causa_acidente;ordem_tipo_acidente;tipo_acidente;classificacao_acidente;fase_dia;sentido_via;condicao_metereologica;tipo_pista;tracado_via;uso_solo;id_veiculo;tipo_veiculo;marca;ano_fabricacao_veiculo;tipo_envolvido;estado_fisico;idade;sexo;ilesos;feridos_leves;feridos_graves;mortos;latitude;longitude;regional;delegacia;uop
572943;"1272277   ";2024-01-06;sábado;13:00:00;GO;"70   ";"8    ";AGUAS LINDAS DE GOIAS;Sim;Condutor deixou de manter distância do veículo da frente;2;Queda de ocupante de veículo;Com Vítimas Feridas;Pleno dia;Crescente;Céu Claro;Dupla;Reta;Sim  ;"1020406   ";Automóvel;VW/FOX 1.0;"2008      ";Passageiro;Ileso;"15   ";Feminino;"1 ";"0    ";"0    ";"0    ";-15.7373368;-48.2740747;SPRF-DF;DEL03-DF;UOP02-DEL03-DF 
572943;"1272272   ";2024-01-06;sábado;13:00:00;GO;"70   ";"8    ";AGUAS LINDAS DE GOIAS;Sim;Condutor deixou de manter distância do veículo da frente;2;Queda de ocupante de veículo;Com Vítimas Feridas;Pleno dia;Crescente;Céu Claro;Dupla;Reta;Sim  ;"1020402   ";Motocicleta;YAMAHA/YBR150 FACTOR ED;"2021      ";Condutor;Lesões Graves;"27   ";Masculino;"0 ";"0    ";"1    ";"0    ";-15.7373368;-48.2740747;SPRF-DF;DEL03-DF;UOP02-DEL03-DF 
572943;"1272274   ";2024-01-06;sábado;13:00:00;GO;"70   ";"8    ";AGUAS LINDAS DE GOIAS;Sim;Condutor deixou de manter distância do veículo da frente;2;Queda de ocupante de veículo;Com Vítimas Feridas;Pleno dia;Crescente;Céu Claro;Dupla;Reta;Sim  ;"1020402   ";Motocicleta;YAMAHA/YBR150 FACTOR ED;"2021      ";Passageiro;Lesões Graves;"44   ";Feminino;"0 ";"0    ";"1    ";"0    ";-15.7373368;-48.2740747;SPRF-DF;DEL03-DF;UOP02-DEL03-DF 
572943;"1272275   ";2024-01-06;sábado;13:00:00;GO;"70   ";"8    ";AGUAS LINDAS DE GOIAS;Não;Ausência de reação do condutor;1;Colisão traseira;Com Vítimas Feridas;Pleno dia;Crescente;Céu Claro;Dupla;Reta;Sim  ;"1020406   ";Automóvel;VW/FOX 1.0;"2008      ";Condutor;Ileso;"35   ";Feminino;"1 ";"0    ";"0    ";"0    ";-15.7373368;-48.2740747;SPRF-DF;DEL03-DF;UOP02-DEL03-DF 
572943;"1272277   ";2024-01-06;sábado;13:00:00;GO;"70   ";"8    ";AGUAS LINDAS DE GOIAS;Não;Ausência de reação do condutor;1;Colisão traseira;Com Vítimas Feridas;Pleno dia;Crescente;Céu Claro;Dupla;Reta;Sim  ;"1020406   ";Automóvel;VW/FOX 1.0;"2008      ";Passageiro;Ileso;"15   ";Feminino;"1 ";"0    ";"0    ";"0    ";-15.7373368;-48.2740747;SPRF-DF;DEL03-DF;UOP02-DEL03-DF 
572943;"1272272   ";2024-01-06;sábado;13:00:00;GO;"70   ";"8    ";AGUAS LINDAS DE GOIAS;Não;Ausência de reação do condutor;1;Colisão traseira;Com Vítimas Feridas;Pleno dia;Crescente;Céu Claro;Dupla;Reta;Sim  ;"1020402   ";Motocicleta;YAMAHA/YBR150 FACTOR ED;"2021      ";Condutor;Lesões Graves;"27   ";Masculino;"0 ";"0    ";"1    ";"0    ";-15.7373368;-48.2740747;SPRF-DF;DEL03-DF;UOP02-DEL03-DF 
572943;"1272274   ";2024-01-06;sábado;13:00:00;GO;"70   ";"8    ";AGUAS LINDAS DE GOIAS;Não;Ausência de reação do condutor;1;Colisão traseira;Com Vítimas Feridas;Pleno dia;Crescente;Céu Claro;Dupla;Reta;Sim  ;"1020402   ";Motocicleta;YAMAHA/YBR150 FACTOR ED;"2021      ";Passageiro;Lesões Graves;"44   ";Feminino;"0 ";"0    ";"1    ";"0    ";-15.7373368;-48.2740747;SPRF-DF;DEL03-DF;UOP02-DEL03-DF 
572943;"1272275   ";2024-01-06;sábado;13:00:00;GO;"70   ";"8    ";AGUAS LINDAS DE GOIAS;Sim;Condutor deixou de manter distância do veículo da frente;1;Colisão traseira;Com Vítimas Feridas;Pleno dia;Crescente;Céu Claro;Dupla;Reta;Sim  ;"1020406   ";Automóvel;VW/FOX 1.0;"2008      ";Condutor;Ileso;"35   ";Feminino;"1 ";"0    ";"0    ";"0    ";-15.7373368;-48.2740747;SPRF-DF;DEL03-DF;UOP02-DEL03-DF 
572943;"1272277   ";2024-01-06;sábado;13:00:00;GO;"70   ";"8    ";AGUAS LINDAS DE GOIAS;Sim;Condutor deixou de manter distância do veículo da frente;1;Colisão traseira;Com Vítimas Feridas;Pleno dia;Crescente;Céu Claro;Dupla;Reta;Sim  ;"1020406   ";Automóvel;VW/FOX 1.0;"2008      ";Passageiro;Ileso;"15   ";Feminino;"1 ";"0    ";"0    ";"0    ";-15.7373368;-48.2740747;SPRF-DF;DEL03-DF;UOP02-DEL03-DF 
572943;"1272272   ";2024-01-06;sábado;13:00:00;GO;"70   ";"8    ";AGUAS LINDAS DE GOIAS;Sim;Condutor deixou de manter distância do veículo da frente;1;Colisão traseira;Com Vítimas Feridas;Pleno dia;Crescente;Céu Claro;Dupla;Reta;Sim  ;"1020402   ";Motocicleta;YAMAHA/YBR150 FACTOR ED;"2021      ";Condutor;Lesões Graves;"27   ";Masculino;"0 ";"0    ";"1    ";"0    ";-15.7373368;-48.2740747;SPRF-DF;DEL03-DF;UOP02-DEL03-DF 
572943;"1272274   ";2024-01-06;sábado;13:00:00;GO;"70   ";"8    ";AGUAS LINDAS DE GOIAS;Sim;Condutor deixou de manter distância do veículo da frente;1;Colisão traseira;Com Vítimas Feridas;Pleno dia;Crescente;Céu Claro;Dupla;Reta;Sim  ;"1020402   ";Motocicleta;YAMAHA/YBR150 FACTOR ED;"2021      ";Passageiro;Lesões Graves;"44   ";Feminino;"0 ";"0    ";"1    ";"0    ";-15.7373368;-48.2740747;SPRF-DF;DEL03-DF;UOP02-DEL03-DF 
572946;"1272271   ";2024-01-06;sábado;13:20:00;GO;"40   ";"4,7  ";VALPARAISO DE GOIAS;Sim;Condutor deixou de manter distância do veículo da frente;1;Colisão traseira;Com Vítimas Feridas;Pleno dia;Crescente;Nublado;Dupla;Reta;Sim  ;"1020403   ";Automóvel;I/RENAULT CLIO EXP1016VH;"2015      ";Condutor;Ileso;"38   ";Masculino;"1 ";"0    ";"0    ";"0    ";-16.0852410;-47.9867520;SPRF-DF;DEL01-DF;UOP01-DEL01-DF 
572946;"1272273   ";2024-01-06;sábado;13:20:00;GO;"40   ";"4,7  ";VALPARAISO DE GOIAS;Sim;Condutor deixou de manter distância do veículo da frente;1;Colisão traseira;Com Vítimas Feridas;Pleno dia;Crescente;Nublado;Dupla;Reta;Sim  ;"1020405   ";Motocicleta;HONDA/CG 160 START;"2020      ";Condutor;Lesões Leves;"29   ";Masculino;"0 ";"1    ";"0    ";"0    ";-16.0852410;-47.9867520;SPRF-DF;DEL01-DF;UOP01-DEL01-DF 
572974;"1272255   ";2024-01-06;sábado;15:44:00;DF;"70   ";"8,8  ";BRASILIA;Sim;Manobra de mudança de faixa;3;Queda de ocupante de veículo;Com Vítimas Feridas;Pleno dia;Crescente;Nublado;Dupla;Reta;Sim  ;"1020388   ";Motocicleta;TRIUMPH/DAYTONA 675R;"2016      ";Condutor;Lesões Leves;"43   ";Masculino;"0 ";"1    ";"0    ";"0    ";-15.7849660;-48.1221080;SPRF-DF;DEL03-DF;UOP02-DEL03-DF 
572974;"1272257   ";2024-01-06;sábado;15:44:00;DF;"70   ";"8,8  ";BRASILIA;Sim;Manobra de mudança de faixa;3;Queda de ocupante de veículo;Com Vítimas Feridas;Pleno dia;Crescente;Nublado;Dupla;Reta;Sim  ;"1020389   ";Motocicleta;HONDA/CG 125 FAN ESD;"2013      ";Passageiro;Lesões Leves;"23   ";Feminino;"0 ";"1    ";"0    ";"0    ";-15.7849660;-48.1221080;SPRF-DF;DEL03-DF;UOP02-DEL03-DF 
572974;"1272256   ";2024-01-06;sábado;15:44:00;DF;"70   ";"8,8  ";BRASILIA;Sim;Manobra de mudança de faixa;3;Queda de ocupante de veículo;Com Vítimas Feridas;Pleno dia;Crescente;Nublado;Dupla;Reta;Sim  ;"1020389   ";Motocicleta;HONDA/CG 125 FAN ESD;"2013      ";Condutor;Lesões Graves;"43   ";Masculino;"0 ";"0    ";"1    ";"0    ";-15.7849660;-48.1221080;SPRF-DF;DEL03-DF;UOP02-DEL03-DF 
572974;"1272255   ";2024-01-06;sábado;15:44:00;DF;"70   ";"8,8  ";BRASILIA;Sim;Manobra de mudança de faixa;2;Tombamento;Com Vítimas Feridas;Pleno dia;Crescente;Nublado;Dupla;Reta;Sim  ;"1020388   ";Motocicleta;TRIUMPH/DAYTONA 675R;"2016      ";Condutor;Lesões Leves;"43   ";Masculino;"0 ";"1    ";"0    ";"0    ";-15.7849660;-48.1221080;SPRF-DF;DEL03-DF;UOP02-DEL03-DF 
572974;"1272256   ";2024-01-06;sábado;15:44:00;DF;"70   ";"8,8  ";BRASILIA;Sim;Manobra de mudança de faixa;2;Tombamento;Com Vítimas Feridas;Pleno dia;Crescente;Nublado;Dupla;Reta;Sim  ;"1020389   ";Motocicleta;HONDA/CG 125 FAN ESD;"2013      ";Condutor;Lesões Graves;"43   ";Masculino;"0 ";"0    ";"1    ";"0    ";-15.7849660;-48.1221080;SPRF-DF;DEL03-DF;UOP02-DEL03-DF 
572974;"1272255   ";2024-01-06;sábado;15:44:00;DF;"70   ";"8,8  ";BRASILIA;Sim;Manobra de mudança de faixa;1;Colisão lateral mesmo sentido;Com Vítimas Feridas;Pleno dia;Crescente;Nublado;Dupla;Reta;Sim  ;"1020388   ";Motocicleta;TRIUMPH/DAYTONA 675R;"2016      ";Condutor;Lesões Leves;"43   ";Masculino;"0 ";"1    ";"0    ";"0    ";-15.7849660;-48.1221080;SPRF-DF;DEL03-DF;UOP02-DEL03-DF 
572974;"1272257   ";2024-01-06;sábado;15:44:00;DF;"70   ";"8,8  ";BRASILIA;Sim;Manobra de mudança de faixa;1;Colisão lateral mesmo sentido;Com Vítimas Feridas;Pleno dia;Crescente;Nublado;Dupla;Reta;Sim  ;"1020389   ";Motocicleta;HONDA/CG 125 FAN ESD;"2013      ";Passageiro;Lesões Leves;"23   ";Feminino;"0 ";"1    ";"0    ";"0    ";-15.7849660;-48.1221080;SPRF-DF;DEL03-DF;UOP02-DEL03-DF 
572974;"1272256   ";2024-01-06;sábado;15:44:00;DF;"70   ";"8,8  ";BRASILIA;Sim;Manobra de mudança de faixa;1;Colisão lateral mesmo sentido;Com Vítimas Feridas;Pleno dia;Crescente;Nublado;Dupla;Reta;Sim  ;"1020389   ";Motocicleta;HONDA/CG 125 FAN ESD;"2013      ";Condutor;Lesões Graves;"43   ";Masculino;"0 ";"0    ";"1    ";"0    ";-15.7849660;-48.1221080;SPRF-DF;DEL03-DF;UOP02-DEL03-DF 
572977;"1274366   ";2024-01-06;sábado;16:45:00;GO;"20   ";"79,8 ";VILA BOA;Sim;Transitar na contramão;2;Saída de leito carroçável;Com Vítimas Feridas;Pleno dia;Crescente;Chuva;Simples;Reta;Não  ;"1020629   ";Automóvel;HONDA/FIT LX FLEX;"2008      ";Passageiro;Lesões Leves;"44   ";Feminino;"0 ";"1    ";"0    ";"0    ";-15.0971350;-47.1107480;SPRF-DF;DEL02-DF;UOP02-DEL02-DF 
572977;"1272595   ";2024-01-06;sábado;16:45:00;GO;"20   ";"79,8 ";VILA BOA;Sim;Transitar na contramão;2;Saída de leito carroçável;Com Vítimas Feridas;Pleno dia;Crescente;Chuva;Simples;Reta;Não  ;"1020629   ";Automóvel;HONDA/FIT LX FLEX;"2008      ";Condutor;Lesões Graves;"57   ";Masculino;"0 ";"0    ";"1    ";"0    ";-15.0971350;-47.1107480;SPRF-DF;DEL02-DF;UOP02-DEL02-DF 
572977;"1272596   ";2024-01-06;sábado;16:45:00;GO;"20   ";"79,8 ";VILA BOA;Sim;Transitar na contramão;2;Saída de leito carroçável;Com Vítimas Feridas;Pleno dia;Crescente;Chuva;Simples;Reta;Não  ;"1020630   ";Ônibus;M.BENZ/OF 1620;"1995      ";Condutor;Ileso;"78   ";Masculino;"1 ";"0    ";"0    ";"0    ";-15.0971350;-47.1107480;SPRF-DF;DEL02-DF;UOP02-DEL02-DF 
572977;"1274369   ";2024-01-06;sábado;16:45:00;GO;"20   ";"79,8 ";VILA BOA;Sim;Transitar na contramão;2;Saída de leito carroçável;Com Vítimas Feridas;Pleno dia;Crescente;Chuva;Simples;Reta;Não  ;"1020630   ";Ônibus;M.BENZ/OF 1620;"1995      ";Passageiro;Lesões Leves;"4    ";Feminino;"0 ";"1    ";"0    ";"0    ";-15.0971350;-47.1107480;SPRF-DF;DEL02-DF;UOP02-DEL02-DF 
572977;"1274368   ";2024-01-06;sábado;16:45:00;GO;"20   ";"79,8 ";VILA BOA;Sim;Transitar na contramão;2;Saída de leito carroçável;Com Vítimas Feridas;Pleno dia;Crescente;Chuva;Simples;Reta;Não  ;"1020630   ";Ônibus;M.BENZ/OF 1620;"1995      ";Passageiro;Lesões Leves;"36   ";Feminino;"0 ";"1    ";"0    ";"0    ";-15.0971350;-47.1107480;SPRF-DF;DEL02-DF;UOP02-DEL02-DF 
572977;"1274366   ";2024-01-06;sábado;16:45:00;GO;"20   ";"79,8 ";VILA BOA;Sim;Transitar na contramão;1;Colisão frontal;Com Vítimas Feridas;Pleno dia;Crescente;Chuva;Simples;Reta;Não  ;"1020629   ";Automóvel;HONDA/FIT LX FLEX;"2008      ";Passageiro;Lesões Leves;"44   ";Feminino;"0 ";"1    ";"0    ";"0    ";-15.0971350;-47.1107480;SPRF-DF;DEL02-DF;UOP02-DEL02-DF 
572977;"1272595   ";2024-01-06;sábado;16:45:00;GO;"20   ";"79,8 ";VILA BOA;Sim;Transitar na contramão;1;Colisão frontal;Com Vítimas Feridas;Pleno dia;Crescente;Chuva;Simples;Reta;Não  ;"1020629   ";Automóvel;HONDA/FIT LX FLEX;"2008      ";Condutor;Lesões Graves;"57   ";Masculino;"0 ";"0    ";"1    ";"0    ";-15.0971350;-47.1107480;SPRF-DF;DEL02-DF;UOP02-DEL02-DF 
572977;"1272596   ";2024-01-06;sábado;16:45:00;GO;"20   ";"79,8 ";VILA BOA;Sim;Transitar na contramão;1;Colisão frontal;Com Vítimas Feridas;Pleno dia;Crescente;Chuva;Simples;Reta;Não  ;"1020630   ";Ônibus;M.BENZ/OF 1620;"1995      ";Condutor;Ileso;"78   ";Masculino;"1 ";"0    ";"0    ";"0    ";-15.0971350;-47.1107480;SPRF-DF;DEL02-DF;UOP02-DEL02-DF 
572977;"1274369   ";2024-01-06;sábado;16:45:00;GO;"20   ";"79,8 ";VILA BOA;Sim;Transitar na contramão;1;Colisão frontal;Com Vítimas Feridas;Pleno dia;Crescente;Chuva;Simples;Reta;Não  ;"1020630   ";Ônibus;M.BENZ/OF 1620;"1995      ";Passageiro;Lesões Leves;"4    ";Feminino;"0 ";"1    ";"0    ";"0    ";-15.0971350;-47.1107480;SPRF-DF;DEL02-DF;UOP02-DEL02-DF 
572977;"1274368   ";2024-01-06;sábado;16:45:00;GO;"20   ";"79,8 ";VILA BOA;Sim;Transitar na contramão;1;Colisão frontal;Com Vítimas Feridas;Pleno dia;Crescente;Chuva;Simples;Reta;Não  ;"1020630   ";Ônibus;M.BENZ/OF 1620;"1995      ";Passageiro;Lesões Leves;"36   ";Feminino;"0 ";"1    ";"0    ";"0    ";-15.0971350;-47.1107480;SPRF-DF;DEL02-DF;UOP02-DEL02-DF 
572994;"1272231   ";2024-01-06;sábado;17:46:00;DF;"20   ";"22,4 ";BRASILIA;Não;Avarias e/ou desgaste excessivo no pneu;3;Tombamento;Com Vítimas Feridas;Anoitecer;Decrescente;Chuva;Dupla;Declive;Não  ;"1020367   ";Camioneta;FORD/ECOSPORT XLT1.6FLEX;"2006      ";Condutor;Ileso;"31   ";Masculino;"1 ";"0    ";"0    ";"0    ";-15.5983400;-47.6761860;SPRF-DF;DEL02-DF;UOP01-DEL02-DF 
572994;"1272236   ";2024-01-06;sábado;17:46:00;DF;"20   ";"22,4 ";BRASILIA;Não;Avarias e/ou desgaste excessivo no pneu;3;Tombamento;Com Vítimas Feridas;Anoitecer;Decrescente;Chuva;Dupla;Declive;Não  ;"1020367   ";Camioneta;FORD/ECOSPORT XLT1.6FLEX;"2006      ";Passageiro;Lesões Leves;"36   ";Masculino;"0 ";"1    ";"0    ";"0    ";-15.5983400;-47.6761860;SPRF-DF;DEL02-DF;UOP01-DEL02-DF 
572994;"1272379   ";2024-01-06;sábado;17:46:00;DF;"20   ";"22,4 ";BRASILIA;Não;Avarias e/ou desgaste excessivo no pneu;3;Tombamento;Com Vítimas Feridas;Anoitecer;Decrescente;Chuva;Dupla;Declive;Não  ;"1020367   ";Camioneta;FORD/ECOSPORT XLT1.6FLEX;"2006      ";Passageiro;Lesões Leves;"42   ";Feminino;"0 ";"1    ";"0    ";"0    ";-15.5983400;-47.6761860;SPRF-DF;DEL02-DF;UOP01-DEL02-DF 
572994;"1272384   ";2024-01-06;sábado;17:46:00;DF;"20   ";"22,4 ";BRASILIA;Não;Avarias e/ou desgaste excessivo no pneu;3;Tombamento;Com Vítimas Feridas;Anoitecer;Decrescente;Chuva;Dupla;Declive;Não  ;"1020367   ";Camioneta;FORD/ECOSPORT XLT1.6FLEX;"2006      ";Passageiro;Lesões Leves;"10   ";Feminino;"0 ";"1    ";"0    ";"0    ";-15.5983400;-47.6761860;SPRF-DF;DEL02-DF;UOP01-DEL02-DF 
572994;"1272387   ";2024-01-06;sábado;17:46:00;DF;"20   ";"22,4 ";BRASILIA;Não;Avarias e/ou desgaste excessivo no pneu;3;Tombamento;Com Vítimas Feridas;Anoitecer;Decrescente;Chuva;Dupla;Declive;Não  ;"1020367   ";Camioneta;FORD/ECOSPORT XLT1.6FLEX;"2006      ";Passageiro;Ileso;"7    ";Feminino;"1 ";"0    ";"0    ";"0    ";-15.5983400;-47.6761860;SPRF-DF;DEL02-DF;UOP01-DEL02-DF 
572994;"1272231   ";2024-01-06;sábado;17:46:00;DF;"20   ";"22,4 ";BRASILIA;Não;Chuva;3;Tombamento;Com Vítimas Feridas;Anoitecer;Decrescente;Chuva;Dupla;Declive;Não  ;"1020367   ";Camioneta;FORD/ECOSPORT XLT1.6FLEX;"2006      ";Condutor;Ileso;"31   ";Masculino;"1 ";"0    ";"0    ";"0    ";-15.5983400;-47.6761860;SPRF-DF;DEL02-DF;UOP01-DEL02-DF 
572994;"1272236   ";2024-01-06;sábado;17:46:00;DF;"20   ";"22,4 ";BRASILIA;Não;Chuva;3;Tombamento;Com Vítimas Feridas;Anoitecer;Decrescente;Chuva;Dupla;Declive;Não  ;"1020367   ";Camioneta;FORD/ECOSPORT XLT1.6FLEX;"2006      ";Passageiro;Lesões Leves;"36   ";Masculino;"0 ";"1    ";"0    ";"0    ";-15.5983400;-47.6761860;SPRF-DF;DEL02-DF;UOP01-DEL02-DF 
572994;"1272379   ";2024-01-06;sábado;17:46:00;DF;"20   ";"22,4 ";BRASILIA;Não;Chuva;3;Tombamento;Com Vítimas Feridas;Anoitecer;Decrescente;Chuva;Dupla;Declive;Não  ;"1020367   ";Camioneta;FORD/ECOSPORT XLT1.6FLEX;"2006      ";Passageiro;Lesões Leves;"42   ";Feminino;"0 ";"1    ";"0    ";"0    ";-15.5983400;-47.6761860;SPRF-DF;DEL02-DF;UOP01-DEL02-DF 
572994;"1272384   ";2024-01-06;sábado;17:46:00;DF;"20   ";"22,4 ";BRASILIA;Não;Chuva;3;Tombamento;Com Vítimas Feridas;Anoitecer;Decrescente;Chuva;Dupla;Declive;Não  ;"1020367   ";Camioneta;FORD/ECOSPORT XLT1.6FLEX;"2006      ";Passageiro;Lesões Leves;"10   ";Feminino;"0 ";"1    ";"0    ";"0    ";-15.5983400;-47.6761860;SPRF-DF;DEL02-DF;UOP01-DEL02-DF 
572994;"1272387   ";2024-01-06;sábado;17:46:00;DF;"20   ";"22,4 ";BRASILIA;Não;Chuva;3;Tombamento;Com Vítimas Feridas;Anoitecer;Decrescente;Chuva;Dupla;Declive;Não  ;"1020367   ";Camioneta;FORD/ECOSPORT XLT1.6FLEX;"2006      ";Passageiro;Ileso;"7    ";Feminino;"1 ";"0    ";"0    ";"0    ";-15.5983400;-47.6761860;SPRF-DF;DEL02-DF;UOP01-DEL02-DF 
572994;"1272231   ";2024-01-06;sábado;17:46:00;DF;"20   ";"22,4 ";BRASILIA;Sim;Acumulo de água sobre o pavimento;3;Tombamento;Com Vítimas Feridas;Anoitecer;Decrescente;Chuva;Dupla;Declive;Não  ;"1020367   ";Camioneta;FORD/ECOSPORT XLT1.6FLEX;"2006      ";Condutor;Ileso;"31   ";Masculino;"1 ";"0    ";"0    ";"0    ";-15.5983400;-47.6761860;SPRF-DF;DEL02-DF;UOP01-DEL02-DF 
572994;"1272236   ";2024-01-06;sábado;17:46:00;DF;"20   ";"22,4 ";BRASILIA;Sim;Acumulo de água sobre o pavimento;3;Tombamento;Com Vítimas Feridas;Anoitecer;Decrescente;Chuva;Dupla;Declive;Não  ;"1020367   ";Camioneta;FORD/ECOSPORT XLT1.6FLEX;"2006      ";Passageiro;Lesões Leves;"36   ";Masculino;"0 ";"1    ";"0    ";"0    ";-15.5983400;-47.6761860;SPRF-DF;DEL02-DF;UOP01-DEL02-DF 
572994;"1272379   ";2024-01-06;sábado;17:46:00;DF;"20   ";"22,4 ";BRASILIA;Sim;Acumulo de água sobre o pavimento;3;Tombamento;Com Vítimas Feridas;Anoitecer;Decrescente;Chuva;Dupla;Declive;Não  ;"1020367   ";Camioneta;FORD/ECOSPORT XLT1.6FLEX;"2006      ";Passageiro;Lesões Leves;"42   ";Feminino;"0 ";"1    ";"0    ";"0    ";-15.5983400;-47.6761860;SPRF-DF;DEL02-DF;UOP01-DEL02-DF 
572994;"1272384   ";2024-01-06;sábado;17:46:00;DF;"20   ";"22,4 ";BRASILIA;Sim;Acumulo de água sobre o pavimento;3;Tombamento;Com Vítimas Feridas;Anoitecer;Decrescente;Chuva;Dupla;Declive;Não  ;"1020367   ";Camioneta;FORD/ECOSPORT XLT1.6FLEX;"2006      ";Passageiro;Lesões Leves;"10   ";Feminino;"0 ";"1    ";"0    ";"0    ";-15.5983400;-47.6761860;SPRF-DF;DEL02-DF;UOP01-DEL02-DF 
572994;"1272387   ";2024-01-06;sábado;17:46:00;DF;"20   ";"22,4 ";BRASILIA;Sim;Acumulo de água sobre o pavimento;3;Tombamento;Com Vítimas Feridas;Anoitecer;Decrescente;Chuva;Dupla;Declive;Não  ;"1020367   ";Camioneta;FORD/ECOSPORT XLT1.6FLEX;"2006      ";Passageiro;Ileso;"7    ";Feminino;"1 ";"0    ";"0    ";"0    ";-15.5983400;-47.6761860;SPRF-DF;DEL02-DF;UOP01-DEL02-DF 
572994;"1272231   ";2024-01-06;sábado;17:46:00;DF;"20   ";"22,4 ";BRASILIA;Não;Avarias e/ou desgaste excessivo no pneu;2;Colisão com objeto;Com Vítimas Feridas;Anoitecer;Decrescente;Chuva;Dupla;Declive;Não  ;"1020367   ";Camioneta;FORD/ECOSPORT XLT1.6FLEX;"2006      ";Condutor;Ileso;"31   ";Masculino;"1 ";"0    ";"0    ";"0    ";-15.5983400;-47.6761860;SPRF-DF;DEL02-DF;UOP01-DEL02-DF 
572994;"1272236   ";2024-01-06;sábado;17:46:00;DF;"20   ";"22,4 ";BRASILIA;Não;Avarias e/ou desgaste excessivo no pneu;2;Colisão com objeto;Com Vítimas Feridas;Anoitecer;Decrescente;Chuva;Dupla;Declive;Não  ;"1020367   ";Camioneta;FORD/ECOSPORT XLT1.6FLEX;"2006      ";Passageiro;Lesões Leves;"36   ";Masculino;"0 ";"1    ";"0    ";"0    ";-15.5983400;-47.6761860;SPRF-DF;DEL02-DF;UOP01-DEL02-DF 
572994;"1272379   ";2024-01-06;sábado;17:46:00;DF;"20   ";"22,4 ";BRASILIA;Não;Avarias e/ou desgaste excessivo no pneu;2;Colisão com objeto;Com Vítimas Feridas;Anoitecer;Decrescente;Chuva;Dupla;Declive;Não  ;"1020367   ";Camioneta;FORD/ECOSPORT XLT1.6FLEX;"2006      ";Passageiro;Lesões Leves;"42   ";Feminino;"0 ";"1    ";"0    ";"0    ";-15.5983400;-47.6761860;SPRF-DF;DEL02-DF;UOP01-DEL02-DF 
572994;"1272384   ";2024-01-06;sábado;17:46:00;DF;"20   ";"22,4 ";BRASILIA;Não;Avarias e/ou desgaste excessivo no pneu;2;Colisão com objeto;Com Vítimas Feridas;Anoitecer;Decrescente;Chuva;Dupla;Declive;Não  ;"1020367   ";Camioneta;FORD/ECOSPORT XLT1.6FLEX;"2006      ";Passageiro;Lesões Leves;"10   ";Feminino;"0 ";"1    ";"0    ";"0    ";-15.5983400;-47.6761860;SPRF-DF;DEL02-DF;UOP01-DEL02-DF 
572994;"1272387   ";2024-01-06;sábado;17:46:00;DF;"20   ";"22,4 ";BRASILIA;Não;Avarias e/ou desgaste excessivo no pneu;2;Colisão com objeto;Com Vítimas Feridas;Anoitecer;Decrescente;Chuva;Dupla;Declive;Não  ;"1020367   ";Camioneta;FORD/ECOSPORT XLT1.6FLEX;"2006      ";Passageiro;Ileso;"7    ";Feminino;"1 ";"0    ";"0    ";"0    ";-15.5983400;-47.6761860;SPRF-DF;DEL02-DF;UOP01-DEL02-DF 
572994;"1272231   ";2024-01-06;sábado;17:46:00;DF;"20   ";"22,4 ";BRASILIA;Não;Chuva;2;Colisão com objeto;Com Vítimas Feridas;Anoitecer;Decrescente;Chuva;Dupla;Declive;Não  ;"1020367   ";Camioneta;FORD/ECOSPORT XLT1.6FLEX;"2006      ";Condutor;Ileso;"31   ";Masculino;"1 ";"0    ";"0    ";"0    ";-15.5983400;-47.6761860;SPRF-DF;DEL02-DF;UOP01-DEL02-DF 
572994;"1272236   ";2024-01-06;sábado;17:46:00;DF;"20   ";"22,4 ";BRASILIA;Não;Chuva;2;Colisão com objeto;Com Vítimas Feridas;Anoitecer;Decrescente;Chuva;Dupla;Declive;Não  ;"1020367   ";Camioneta;FORD/ECOSPORT XLT1.6FLEX;"2006      ";Passageiro;Lesões Leves;"36   ";Masculino;"0 ";"1    ";"0    ";"0    ";-15.5983400;-47.6761860;SPRF-DF;DEL02-DF;UOP01-DEL02-DF 
572994;"1272379   ";2024-01-06;sábado;17:46:00;DF;"20   ";"22,4 ";BRASILIA;Não;Chuva;2;Colisão com objeto;Com Vítimas Feridas;Anoitecer;Decrescente;Chuva;Dupla;Declive;Não  ;"1020367   ";Camioneta;FORD/ECOSPORT XLT1.6FLEX;"2006      ";Passageiro;Lesões Leves;"42   ";Feminino;"0 ";"1    ";"0    ";"0    ";-15.5983400;-47.6761860;SPRF-DF;DEL02-DF;UOP01-DEL02-DF 
572994;"1272384   ";2024-01-06;sábado;17:46:00;DF;"20   ";"22,4 ";BRASILIA;Não;Chuva;2;Colisão com objeto;Com Vítimas Feridas;Anoitecer;Decrescente;Chuva;Dupla;Declive;Não  ;"1020367   ";Camioneta;FORD/ECOSPORT XLT1.6FLEX;"2006      ";Passageiro;Lesões Leves;"10   ";Feminino;"0 ";"1    ";"0    ";"0    ";-15.5983400;-47.6761860;SPRF-DF;DEL02-DF;UOP01-DEL02-DF 
572994;"1272387   ";2024-01-06;sábado;17:46:00;DF;"20   ";"22,4 ";BRASILIA;Não;Chuva;2;Colisão com objeto;Com Vítimas Feridas;Anoitecer;Decrescente;Chuva;Dupla;Declive;Não  ;"1020367   ";Camioneta;FORD/ECOSPORT XLT1.6FLEX;"2006      ";Passageiro;Ileso;"7    ";Feminino;"1 ";"0    ";"0    ";"0    ";-15.5983400;-47.6761860;SPRF-DF;DEL02-DF;UOP01-DEL02-DF 
572994;"1272231   ";2024-01-06;sábado;17:46:00;DF;"20   ";"22,4 ";BRASILIA;Sim;Acumulo de água sobre o pavimento;2;Colisão com objeto;Com Vítimas Feridas;Anoitecer;Decrescente;Chuva;Dupla;Declive;Não  ;"1020367   ";Camioneta;FORD/ECOSPORT XLT1.6FLEX;"2006      ";Condutor;Ileso;"31   ";Masculino;"1 ";"0    ";"0    ";"0    ";-15.5983400;-47.6761860;SPRF-DF;DEL02-DF;UOP01-DEL02-DF 