id;pesid;data_inversa;dia_semana;horario;uf;br;km;municipio;causa_principal;causa_acidente;ordem_tipo_acidente;tipo_acidente;classificacao_acidente;fase_dia;sentido_via;condicao_metereologica;tipo_pista;tracado_via;uso_solo;id_veiculo;tipo_veiculo;marca;ano_fabricacao_veiculo;tipo_envolvido;estado_fisico;idade;sexo;ilesos;feridos_leves;feridos_graves;mortos;latitude;longitude;regional;delegacia;uop
572994;"1272236   ";2024-01-06;sábado;17:46:00;DF;"20   ";"22,4 ";BRASILIA;Sim;Acumulo de água sobre o pavimento;2;Colisão com objeto;Com Vítimas Feridas;Anoitecer;Decrescente;Chuva;Dupla;Declive;Não  ;"1020367   ";Camioneta;FORD/ECOSPORT XLT1.6FLEX;"2006      ";Passageiro;Lesões Leves;"36   ";Masculino;"0 ";"1    ";"0    ";"0    ";-15.5983400;-47.6761860;SPRF-DF;DEL02-DF;UOP01-DEL02-DF 
572994;"1272379   ";2024-01-06;sábado;17:46:00;DF;"20   ";"22,4 ";BRASILIA;Sim;Acumulo de água sobre o pavimento;2;Colisão com objeto;Com Vítimas Feridas;Anoitecer;Decrescente;Chuva;Dupla;Declive;Não  ;"1020367   ";Camioneta;FORD/ECOSPORT XLT1.6FLEX;"2006      ";Passageiro;Lesões Leves;"42   ";Feminino;"0 ";"1    ";"0    ";"0    ";-15.5983400;-47.6761860;SPRF-DF;DEL02-DF;UOP01-DEL02-DF 
572994;"1272384   ";2024-01-06;sábado;17:46:00;DF;"20   ";"22,4 ";BRASILIA;Sim;Acumulo de água sobre o pavimento;2;Colisão com objeto;Com Vítimas Feridas;Anoitecer;Decrescente;Chuva;Dupla;Declive;Não  ;"1020367   ";Camioneta;FORD/ECOSPORT XLT1.6FLEX;"2006      ";Passageiro;Lesões Leves;"10   ";Feminino;"0 ";"1    ";"0    ";"0    ";-15.5983400;-47.6761860;SPRF-DF;DEL02-DF;UOP01-DEL02-DF 
572994;"1272387   ";2024-01-06;sábado;17:46:00;DF;"20   ";"22,4 ";BRASILIA;Sim;Acumulo de água sobre o pavimento;2;Colisão com objeto;Com Vítimas Feridas;Anoitecer;Decrescente;Chuva;Dupla;Declive;Não  ;"1020367   ";Camioneta;FORD/ECOSPORT XLT1.6FLEX;"2006      ";Passageiro;Ileso;"7    ";Feminino;"1 ";"0    ";"0    ";"0    ";-15.5983400;-47.6761860;SPRF-DF;DEL02-DF;UOP01-DEL02-DF 
572994;"1272231   ";2024-01-06;sábado;17:46:00;DF;"20   ";"22,4 ";BRASILIA;Não;Avarias e/ou desgaste excessivo no pneu;1;Saída de leito carroçável;Com Vítimas Feridas;Anoitecer;Decrescente;Chuva;Dupla;Declive;Não  ;"1020367   ";Camioneta;FORD/ECOSPORT XLT1.6FLEX;"2006      ";Condutor;Ileso;"31   ";Masculino;"1 ";"0    ";"0    ";"0    ";-15.5983400;-47.6761860;SPRF-DF;DEL02-DF;UOP01-DEL02-DF 
572994;"1272236   ";2024-01-06;sábado;17:46:00;DF;"20   ";"22,4 ";BRASILIA;Não;Avarias e/ou desgaste excessivo no pneu;1;Saída de leito carroçável;Com Vítimas Feridas;Anoitecer;Decrescente;Chuva;Dupla;Declive;Não  ;"1020367   ";Camioneta;FORD/ECOSPORT XLT1.6FLEX;"2006      ";Passageiro;Lesões Leves;"36   ";Masculino;"0 ";"1    ";"0    ";"0    ";-15.5983400;-47.6761860;SPRF-DF;DEL02-DF;UOP01-DEL02-DF 
572994;"1272379   ";2024-01-06;sábado;17:46:00;DF;"20   ";"22,4 ";BRASILIA;Não;Avarias e/ou desgaste excessivo no pneu;1;Saída de leito carroçável;Com Vítimas Feridas;Anoitecer;Decrescente;Chuva;Dupla;Declive;Não  ;"1020367   ";Camioneta;FORD/ECOSPORT XLT1.6FLEX;"2006      ";Passageiro;Lesões Leves;"42   ";Feminino;"0 ";"1    ";"0    ";"0    ";-15.5983400;-47.6761860;SPRF-DF;DEL02-DF;UOP01-DEL02-DF 
572994;"1272384   ";2024-01-06;sábado;17:46:00;DF;"20   ";"22,4 ";BRASILIA;Não;Avarias e/ou desgaste excessivo no pneu;1;Saída de leito carroçável;Com Vítimas Feridas;Anoitecer;Decrescente;Chuva;Dupla;Declive;Não  ;"1020367   ";Camioneta;FORD/ECOSPORT XLT1.6FLEX;"2006      ";Passageiro;Lesões Leves;"10   ";Feminino;"0 ";"1    ";"0    ";"0    ";-15.5983400;-47.6761860;SPRF-DF;DEL02-DF;UOP01-DEL02-DF 
572994;"1272387   ";2024-01-06;sábado;17:46:00;DF;"20   ";"22,4 ";BRASILIA;Não;Avarias e/ou desgaste excessivo no pneu;1;Saída de leito carroçável;Com Vítimas Feridas;Anoitecer;Decrescente;Chuva;Dupla;Declive;Não  ;"1020367   ";Camioneta;FORD/ECOSPORT XLT1.6FLEX;"2006      ";Passageiro;Ileso;"7    ";Feminino;"1 ";"0    ";"0    ";"0    ";-15.5983400;-47.6761860;SPRF-DF;DEL02-DF;UOP01-DEL02-DF 
572994;"1272231   ";2024-01-06;sábado;17:46:00;DF;"20   ";"22,4 ";BRASILIA;Não;Chuva;1;Saída de leito carroçável;Com Vítimas Feridas;Anoitecer;Decrescente;Chuva;Dupla;Declive;Não  ;"1020367   ";Camioneta;FORD/ECOSPORT XLT1.6FLEX;"2006      ";Condutor;Ileso;"31   ";Masculino;"1 ";"0    ";"0    ";"0    ";-15.5983400;-47.6761860;SPRF-DF;DEL02-DF;UOP01-DEL02-DF 
572994;"1272236   ";2024-01-06;sábado;17:46:00;DF;"20   ";"22,4 ";BRASILIA;Não;Chuva;1;Saída de leito carroçável;Com Vítimas Feridas;Anoitecer;Decrescente;Chuva;Dupla;Declive;Não  ;"1020367   ";Camioneta;FORD/ECOSPORT XLT1.6FLEX;"2006      ";Passageiro;Lesões Leves;"36   ";Masculino;"0 ";"1    ";"0    ";"0    ";-15.5983400;-47.6761860;SPRF-DF;DEL02-DF;UOP01-DEL02-DF 
572994;"1272379   ";2024-01-06;sábado;17:46:00;DF;"20   ";"22,4 ";BRASILIA;Não;Chuva;1;Saída de leito carroçável;Com Vítimas Feridas;Anoitecer;Decrescente;Chuva;Dupla;Declive;Não  ;"1020367   ";Camioneta;FORD/ECOSPORT XLT1.6FLEX;"2006      ";Passageiro;Lesões Leves;"42   ";Feminino;"0 ";"1    ";"0    ";"0    ";-15.5983400;-47.6761860;SPRF-DF;DEL02-DF;UOP01-DEL02-DF 
572994;"1272384   ";2024-01-06;sábado;17:46:00;DF;"20   ";"22,4 ";BRASILIA;Não;Chuva;1;Saída de leito carroçável;Com Vítimas Feridas;Anoitecer;Decrescente;Chuva;Dupla;Declive;Não  ;"1020367   ";Camioneta;FORD/ECOSPORT XLT1.6FLEX;"2006      ";Passageiro;Lesões Leves;"10   ";Feminino;"0 ";"1    ";"0    ";"0    ";-15.5983400;-47.6761860;SPRF-DF;DEL02-DF;UOP01-DEL02-DF 
572994;"1272387   ";2024-01-06;sábado;17:46:00;DF;"20   ";"22,4 ";BRASILIA;Não;Chuva;1;Saída de leito carroçável;Com Vítimas Feridas;Anoitecer;Decrescente;Chuva;Dupla;Declive;Não  ;"1020367   ";Camioneta;FORD/ECOSPORT XLT1.6FLEX;"2006      ";Passageiro;Ileso;"7    ";Feminino;"1 ";"0    ";"0    ";"0    ";-15.5983400;-47.6761860;SPRF-DF;DEL02-DF;UOP01-DEL02-DF 
572994;"1272231   ";2024-01-06;sábado;17:46:00;DF;"20   ";"22,4 ";BRASILIA;Sim;Acumulo de água sobre o pavimento;1;Saída de leito carroçável;Com Vítimas Feridas;Anoitecer;Decrescente;Chuva;Dupla;Declive;Não  ;"1020367   ";Camioneta;FORD/ECOSPORT XLT1.6FLEX;"2006      ";Condutor;Ileso;"31   ";Masculino;"1 ";"0    ";"0    ";"0    ";-15.5983400;-47.6761860;SPRF-DF;DEL02-DF;UOP01-DEL02-DF 
572994;"1272236   ";2024-01-06;sábado;17:46:00;DF;"20   ";"22,4 ";BRASILIA;Sim;Acumulo de água sobre o pavimento;1;Saída de leito carroçável;Com Vítimas Feridas;Anoitecer;Decrescente;Chuva;Dupla;Declive;Não  ;"1020367   ";Camioneta;FORD/ECOSPORT XLT1.6FLEX;"2006      ";Passageiro;Lesões Leves;"36   ";Masculino;"0 ";"1    ";"0    ";"0    ";-15.5983400;-47.6761860;SPRF-DF;DEL02-DF;UOP01-DEL02-DF 
572994;"1272379   ";2024-01-06;sábado;17:46:00;DF;"20   ";"22,4 ";BRASILIA;Sim;Acumulo de água sobre o pavimento;1;Saída de leito carroçável;Com Vítimas Feridas;Anoitecer;Decrescente;Chuva;Dupla;Declive;Não  ;"1020367   ";Camioneta;FORD/ECOSPORT XLT1.6FLEX;"2006      ";Passageiro;Lesões Leves;"42   ";Feminino;"0 ";"1    ";"0    ";"0    ";-15.5983400;-47.6761860;SPRF-DF;DEL02-DF;UOP01-DEL02-DF 
572994;"1272384   ";2024-01-06;sábado;17:46:00;DF;"20   ";"22,4 ";BRASILIA;Sim;Acumulo de água sobre o pavimento;1;Saída de leito carroçável;Com Vítimas Feridas;Anoitecer;Decrescente;Chuva;Dupla;Declive;Não  ;"1020367   ";Camioneta;FORD/ECOSPORT XLT1.6FLEX;"2006      ";Passageiro;Lesões Leves;"10   ";Feminino;"0 ";"1    ";"0    ";"0    ";-15.5983400;-47.6761860;SPRF-DF;DEL02-DF;UOP01-DEL02-DF 
572994;"1272387   ";2024-01-06;sábado;17:46:00;DF;"20   ";"22,4 ";BRASILIA;Sim;Acumulo de água sobre o pavimento;1;Saída de leito carroçável;Com Vítimas Feridas;Anoitecer;Decrescente;Chuva;Dupla;Declive;Não  ;"1020367   ";Camioneta;FORD/ECOSPORT XLT1.6FLEX;"2006      ";Passageiro;Ileso;"7    ";Feminino;"1 ";"0    ";"0    ";"0    ";-15.5983400;-47.6761860;SPRF-DF;DEL02-DF;UOP01-DEL02-DF 
573006;"1273336   ";2024-01-06;sábado;19:21:00;DF;"20   ";"21   ";BRASILIA;Sim;Chuva;1;Colisão traseira;Com Vítimas Feridas;Plena Noite;Crescente;Chuva;Dupla;Reta;Sim  ;"1020490   ";Automóvel;RENAULT/KWID ZEN 10MT;"2020      ";Passageiro;Ileso;"30   ";Masculino;"1 ";"0    ";"0    ";"0    ";-15.6033840;-47.6846920;SPRF-DF;DEL02-DF;UOP01-DEL02-DF 
573006;"1273338   ";2024-01-06;sábado;19:21:00;DF;"20   ";"21   ";BRASILIA;Sim;Chuva;1;Colisão traseira;Com Vítimas Feridas;Plena Noite;Crescente;Chuva;Dupla;Reta;Sim  ;"1020490   ";Automóvel;RENAULT/KWID ZEN 10MT;"2020      ";Passageiro;Ileso;"34   ";Masculino;"1 ";"0    ";"0    ";"0    ";-15.6033840;-47.6846920;SPRF-DF;DEL02-DF;UOP01-DEL02-DF 
573006;"1272412   ";2024-01-06;sábado;19:21:00;DF;"20   ";"21   ";BRASILIA;Sim;Chuva;1;Colisão traseira;Com Vítimas Feridas;Plena Noite;Crescente;Chuva;Dupla;Reta;Sim  ;"1020490   ";Automóvel;RENAULT/KWID ZEN 10MT;"2020      ";Condutor;Lesões Leves;"30   ";Feminino;"0 ";"1    ";"0    ";"0    ";-15.6033840;-47.6846920;SPRF-DF;DEL02-DF;UOP01-DEL02-DF 
582216;"0         ";2024-02-20;terça-feira;06:30:00;GO;"20   ";"182  ";SIMOLANDIA;Não;Velocidade Incompatível;1;Tombamento;Sem Vítimas;Pleno dia;Decrescente;Garoa/Chuvisco;Dupla;Reta;Sim  ;"1038034   ";Semireboque;SR/NOMA SR2E18RT1 CG;"2004      ";"0";"0";"0    ";"0";"0 ";"0    ";"0    ";"0    ";-14.4638470;-46.4801790;SPRF-DF;DEL02-DF;UOP03-DEL02-DF 
573006;"1272427   ";2024-01-06;sábado;19:21:00;DF;"20   ";"21   ";BRASILIA;Sim;Chuva;1;Colisão traseira;Com Vítimas Feridas;Plena Noite;Crescente;Chuva;Dupla;Reta;Sim  ;"1020490   ";Automóvel;RENAULT/KWID ZEN 10MT;"2020      ";Passageiro;Lesões Leves;"82   ";Masculino;"0 ";"1    ";"0    ";"0    ";-15.6033840;-47.6846920;SPRF-DF;DEL02-DF;UOP01-DEL02-DF 
573006;"1272429   ";2024-01-06;sábado;19:21:00;DF;"20   ";"21   ";BRASILIA;Sim;Chuva;1;Colisão traseira;Com Vítimas Feridas;Plena Noite;Crescente;Chuva;Dupla;Reta;Sim  ;"1020491   ";Utilitário;JEEP/COMPASS TRAILHAWK D;"2020      ";Condutor;Ileso;"41   ";Masculino;"1 ";"0    ";"0    ";"0    ";-15.6033840;-47.6846920;SPRF-DF;DEL02-DF;UOP01-DEL02-DF 
573067;"1272540   ";2024-01-06;sábado;23:50:00;DF;"80   ";"21,3 ";BRASILIA;Sim;Pedestre andava na pista;1;Atropelamento de Pedestre;Com Vítimas Feridas;Plena Noite;Crescente;Chuva;Dupla;Reta;Sim  ;"1020598   ";Automóvel;FIAT/PUNTO ATTRACTIVE;"2012      ";Condutor;Ileso;"40   ";Masculino;"1 ";"0    ";"0    ";"0    ";-15.6582990;-48.2028200;SPRF-DF;DEL03-DF;UOP02-DEL03-DF 
573067;"1272542   ";2024-01-06;sábado;23:50:00;DF;"80   ";"21,3 ";BRASILIA;Sim;Pedestre andava na pista;1;Atropelamento de Pedestre;Com Vítimas Feridas;Plena Noite;Crescente;Chuva;Dupla;Reta;Sim  ;"0         ";"0";NA/NA;"0         ";Pedestre;Lesões Graves;"0    ";Masculino;"0 ";"0    ";"1    ";"0    ";-15.6582990;-48.2028200;SPRF-DF;DEL03-DF;UOP02-DEL03-DF 
573077;"1272469   ";2024-01-07;domingo;01:47:00;DF;"20   ";"7    ";BRASILIA;Sim;Velocidade Incompatível;1;Capotamento;Sem Vítimas;Plena Noite;Crescente;Céu Claro;Dupla;"Reta;Declive";Sim  ;"1020542   ";Automóvel;I/NISSAN VERSA 16SL FLEX;"2012      ";Condutor;Não Informado;"0    ";Não Informado;"0 ";"0    ";"0    ";"0    ";-15.6622080;-47.7998660;SPRF-DF;DEL02-DF;UOP01-DEL02-DF 
573097;"1272557   ";2024-01-07;domingo;04:30:00;GO;"414  ";"380,6";CORUMBA DE GOIAS;Não;Velocidade Incompatível;2;Capotamento;Com Vítimas Feridas;Plena Noite;Crescente;Nublado;Simples;Curva;Não  ;"1020610   ";Caminhonete;I/TOYOTA HILUX CD4X4 SRV;"2008      ";Passageiro;Lesões Graves;"36   ";Masculino;"0 ";"0    ";"1    ";"0    ";-15.8316190;-48.7802580;SPRF-GO;DEL02-GO;UOP01-DEL02-GO 
573097;"1272556   ";2024-01-07;domingo;04:30:00;GO;"414  ";"380,6";CORUMBA DE GOIAS;Não;Velocidade Incompatível;2;Capotamento;Com Vítimas Feridas;Plena Noite;Crescente;Nublado;Simples;Curva;Não  ;"1020610   ";Caminhonete;I/TOYOTA HILUX CD4X4 SRV;"2008      ";Condutor;Lesões Graves;"45   ";Masculino;"0 ";"0    ";"1    ";"0    ";-15.8316190;-48.7802580;SPRF-GO;DEL02-GO;UOP01-DEL02-GO 
573097;"1272557   ";2024-01-07;domingo;04:30:00;GO;"414  ";"380,6";CORUMBA DE GOIAS;Sim;Ingestão de álcool pelo condutor;2;Capotamento;Com Vítimas Feridas;Plena Noite;Crescente;Nublado;Simples;Curva;Não  ;"1020610   ";Caminhonete;I/TOYOTA HILUX CD4X4 SRV;"2008      ";Passageiro;Lesões Graves;"36   ";Masculino;"0 ";"0    ";"1    ";"0    ";-15.8316190;-48.7802580;SPRF-GO;DEL02-GO;UOP01-DEL02-GO 
573097;"1272556   ";2024-01-07;domingo;04:30:00;GO;"414  ";"380,6";CORUMBA DE GOIAS;Sim;Ingestão de álcool pelo condutor;2;Capotamento;Com Vítimas Feridas;Plena Noite;Crescente;Nublado;Simples;Curva;Não  ;"1020610   ";Caminhonete;I/TOYOTA HILUX CD4X4 SRV;"2008      ";Condutor;Lesões Graves;"45   ";Masculino;"0 ";"0    ";"1    ";"0    ";-15.8316190;-48.7802580;SPRF-GO;DEL02-GO;UOP01-DEL02-GO 
573097;"1272557   ";2024-01-07;domingo;04:30:00;GO;"414  ";"380,6";CORUMBA DE GOIAS;Não;Velocidade Incompatível;1;Saída de leito carroçável;Com Vítimas Feridas;Plena Noite;Crescente;Nublado;Simples;Curva;Não  ;"1020610   ";Caminhonete;I/TOYOTA HILUX CD4X4 SRV;"2008      ";Passageiro;Lesões Graves;"36   ";Masculino;"0 ";"0    ";"1    ";"0    ";-15.8316190;-48.7802580;SPRF-GO;DEL02-GO;UOP01-DEL02-GO 
573097;"1272556   ";2024-01-07;domingo;04:30:00;GO;"414  ";"380,6";CORUMBA DE GOIAS;Não;Velocidade Incompatível;1;Saída de leito carroçável;Com Vítimas Feridas;Plena Noite;Crescente;Nublado;Simples;Curva;Não  ;"1020610   ";Caminhonete;I/TOYOTA HILUX CD4X4 SRV;"2008      ";Condutor;Lesões Graves;"45   ";Masculino;"0 ";"0    ";"1    ";"0    ";-15.8316190;-48.7802580;SPRF-GO;DEL02-GO;UOP01-DEL02-GO 
573097;"1272557   ";2024-01-07;domingo;04:30:00;GO;"414  ";"380,6";CORUMBA DE GOIAS;Sim;Ingestão de álcool pelo condutor;1;Saída de leito carroçável;Com Vítimas Feridas;Plena Noite;Crescente;Nublado;Simples;Curva;Não  ;"1020610   ";Caminhonete;I/TOYOTA HILUX CD4X4 SRV;"2008      ";Passageiro;Lesões Graves;"36   ";Masculino;"0 ";"0    ";"1    ";"0    ";-15.8316190;-48.7802580;SPRF-GO;DEL02-GO;UOP01-DEL02-GO 
573097;"1272556   ";2024-01-07;domingo;04:30:00;GO;"414  ";"380,6";CORUMBA DE GOIAS;Sim;Ingestão de álcool pelo condutor;1;Saída de leito carroçável;Com Vítimas Feridas;Plena Noite;Crescente;Nublado;Simples;Curva;Não  ;"1020610   ";Caminhonete;I/TOYOTA HILUX CD4X4 SRV;"2008      ";Condutor;Lesões Graves;"45   ";Masculino;"0 ";"0    ";"1    ";"0    ";-15.8316190;-48.7802580;SPRF-GO;DEL02-GO;UOP01-DEL02-GO 
573103;"1272510   ";2024-01-07;domingo;04:47:00;GO;"20   ";"167,7";ALVORADA DO NORTE;Sim;Ingestão de álcool pelo condutor;1;Saída de leito carroçável;Sem Vítimas;Amanhecer;Decrescente;Céu Claro;Simples;Reta;Não  ;"1020580   ";Automóvel;CHEVROLET/CELTA 1.0L LT;"2013      ";Condutor;Não Informado;"0    ";Não Informado;"0 ";"0    ";"0    ";"0    ";-14.5679640;-46.5703200;SPRF-DF;DEL02-DF;UOP03-DEL02-DF 
573109;"1272640   ";2024-01-07;domingo;05:51:00;GO;"60   ";"33   ";ALEXANIA;Não;Ingestão de álcool pelo condutor;1;Capotamento;Sem Vítimas;Amanhecer;Decrescente;Céu Claro;Dupla;Aclive;Sim  ;"1020654   ";Automóvel;Não Informado/Não Informado;"0         ";Condutor;Não Informado;"0    ";Não Informado;"0 ";"0    ";"0    ";"0    ";-16.0963000;-48.5202000;SPRF-DF;DEL03-DF;UOP01-DEL03-DF 
573109;"1272641   ";2024-01-07;domingo;05:51:00;GO;"60   ";"33   ";ALEXANIA;Não;Ingestão de álcool pelo condutor;1;Capotamento;Sem Vítimas;Amanhecer;Decrescente;Céu Claro;Dupla;Aclive;Sim  ;"1020654   ";Automóvel;Não Informado/Não Informado;"0         ";Passageiro;Não Informado;"0    ";Não Informado;"0 ";"0    ";"0    ";"0    ";-16.0963000;-48.5202000;SPRF-DF;DEL03-DF;UOP01-DEL03-DF 
573109;"1272640   ";2024-01-07;domingo;05:51:00;GO;"60   ";"33   ";ALEXANIA;Sim;Reação tardia ou ineficiente do condutor;1;Capotamento;Sem Vítimas;Amanhecer;Decrescente;Céu Claro;Dupla;Aclive;Sim  ;"1020654   ";Automóvel;Não Informado/Não Informado;"0         ";Condutor;Não Informado;"0    ";Não Informado;"0 ";"0    ";"0    ";"0    ";-16.0963000;-48.5202000;SPRF-DF;DEL03-DF;UOP01-DEL03-DF 
573109;"1272641   ";2024-01-07;domingo;05:51:00;GO;"60   ";"33   ";ALEXANIA;Sim;Reação tardia ou ineficiente do condutor;1;Capotamento;Sem Vítimas;Amanhecer;Decrescente;Céu Claro;Dupla;Aclive;Sim  ;"1020654   ";Automóvel;Não Informado/Não Informado;"0         ";Passageiro;Não Informado;"0    ";Não Informado;"0 ";"0    ";"0    ";"0    ";-16.0963000;-48.5202000;SPRF-DF;DEL03-DF;UOP01-DEL03-DF 
573131;"1272778   ";2024-01-07;domingo;08:45:00;DF;"251  ";"23   ";BRASILIA;Sim;Condutor Dormindo;2;Tombamento;Com Vítimas Feridas;Pleno dia;Crescente;Céu Claro;Simples;Reta;Não  ;"1020731   ";Automóvel;FORD/FIESTA SEDAN1.6FLEX;"2010      ";Condutor;Lesões Leves;"64   ";Masculino;"0 ";"1    ";"0    ";"0    ";-15.9603801;-47.6677036;SPRF-DF;DEL01-DF;UOP01-DEL01-DF 
573131;"1272778   ";2024-01-07;domingo;08:45:00;DF;"251  ";"23   ";BRASILIA;Sim;Condutor Dormindo;1;Saída de leito carroçável;Com Vítimas Feridas;Pleno dia;Crescente;Céu Claro;Simples;Reta;Não  ;"1020731   ";Automóvel;FORD/FIESTA SEDAN1.6FLEX;"2010      ";Condutor;Lesões Leves;"64   ";Masculino;"0 ";"1    ";"0    ";"0    ";-15.9603801;-47.6677036;SPRF-DF;DEL01-DF;UOP01-DEL01-DF 
573135;"1272683   ";2024-01-07;domingo;10:25:00;DF;"20   ";"21   ";BRASILIA;Sim;Velocidade Incompatível;1;Colisão traseira;Com Vítimas Feridas;Pleno dia;Crescente;Sol;Dupla;Reta;Sim  ;"1020682   ";Ônibus;MBENZ/MPOLO PARADISO R;"2006      ";Condutor;Ileso;"33   ";Masculino;"1 ";"0    ";"0    ";"0    ";-15.6033840;-47.6846920;SPRF-DF;DEL02-DF;UOP01-DEL02-DF 
573135;"1272684   ";2024-01-07;domingo;10:25:00;DF;"20   ";"21   ";BRASILIA;Sim;Velocidade Incompatível;1;Colisão traseira;Com Vítimas Feridas;Pleno dia;Crescente;Sol;Dupla;Reta;Sim  ;"1020683   ";Automóvel;VW/VOYAGE CL MB;"2014      ";Condutor;Ileso;"62   ";Masculino;"1 ";"0    ";"0    ";"0    ";-15.6033840;-47.6846920;SPRF-DF;DEL02-DF;UOP01-DEL02-DF 
573135;"1272685   ";2024-01-07;domingo;10:25:00;DF;"20   ";"21   ";BRASILIA;Sim;Velocidade Incompatível;1;Colisão traseira;Com Vítimas Feridas;Pleno dia;Crescente;Sol;Dupla;Reta;Sim  ;"1020683   ";Automóvel;VW/VOYAGE CL MB;"2014      ";Passageiro;Lesões Leves;"10   ";Feminino;"0 ";"1    ";"0    ";"0    ";-15.6033840;-47.6846920;SPRF-DF;DEL02-DF;UOP01-DEL02-DF 
573228;"0         ";2024-01-07;domingo;17:20:00;GO;"20   ";"143,9";FLORES DE GOIAS;Não;Acumulo de água sobre o pavimento;1;Colisão frontal;Com Vítimas Fatais;Pleno dia;Decrescente;Nublado;Simples;Curva;Não  ;"1020972   ";Semireboque;SR/RANDON SR CA;"2001      ";"0";"0";"0    ";"0";"0 ";"0    ";"0    ";"0    ";-14.7518950;-46.6566600;SPRF-DF;DEL02-DF;UOP03-DEL02-DF 
573228;"1273131   ";2024-01-07;domingo;17:20:00;GO;"20   ";"143,9";FLORES DE GOIAS;Não;Acumulo de água sobre o pavimento;1;Colisão frontal;Com Vítimas Fatais;Pleno dia;Decrescente;Nublado;Simples;Curva;Não  ;"1020974   ";Camioneta;RENAULT/DUSTER 16 E CVT;"2018      ";Passageiro;Lesões Leves;"40   ";Feminino;"0 ";"1    ";"0    ";"0    ";-14.7518950;-46.6566600;SPRF-DF;DEL02-DF;UOP03-DEL02-DF 
573228;"1273129   ";2024-01-07;domingo;17:20:00;GO;"20   ";"143,9";FLORES DE GOIAS;Não;Acumulo de água sobre o pavimento;1;Colisão frontal;Com Vítimas Fatais;Pleno dia;Decrescente;Nublado;Simples;Curva;Não  ;"1020974   ";Camioneta;RENAULT/DUSTER 16 E CVT;"2018      ";Condutor;Óbito;"44   ";Masculino;"0 ";"0    ";"0    ";"1    ";-14.7518950;-46.6566600;SPRF-DF;DEL02-DF;UOP03-DEL02-DF 
573228;"1273134   ";2024-01-07;domingo;17:20:00;GO;"20   ";"143,9";FLORES DE GOIAS;Não;Acumulo de água sobre o pavimento;1;Colisão frontal;Com Vítimas Fatais;Pleno dia;Decrescente;Nublado;Simples;Curva;Não  ;"1020974   ";Camioneta;RENAULT/DUSTER 16 E CVT;"2018      ";Passageiro;Lesões Graves;"13   ";Masculino;"0 ";"0    ";"1    ";"0    ";-14.7518950;-46.6566600;SPRF-DF;DEL02-DF;UOP03-DEL02-DF 
573228;"1273132   ";2024-01-07;domingo;17:20:00;GO;"20   ";"143,9";FLORES DE GOIAS;Não;Acumulo de água sobre o pavimento;1;Colisão frontal;Com Vítimas Fatais;Pleno dia;Decrescente;Nublado;Simples;Curva;Não  ;"1020974   ";Camioneta;RENAULT/DUSTER 16 E CVT;"2018      ";Passageiro;Lesões Graves;"81   ";Feminino;"0 ";"0    ";"1    ";"0    ";-14.7518950;-46.6566600;SPRF-DF;DEL02-DF;UOP03-DEL02-DF 
573228;"0         ";2024-01-07;domingo;17:20:00;GO;"20   ";"143,9";FLORES DE GOIAS;Não;Acumulo de água sobre o pavimento;1;Colisão frontal;Com Vítimas Fatais;Pleno dia;Decrescente;Nublado;Simples;Curva;Não  ;"1020971   ";Semireboque;SR/RANDON SR CA;"2001      ";"0";"0";"0    ";"0";"0 ";"0    ";"0    ";"0    ";-14.7518950;-46.6566600;SPRF-DF;DEL02-DF;UOP03-DEL02-DF 
573228;"1273128   ";2024-01-07;domingo;17:20:00;GO;"20   ";"143,9";FLORES DE GOIAS;Não;Acumulo de água sobre o pavimento;1;Colisão frontal;Com Vítimas Fatais;Pleno dia;Decrescente;Nublado;Simples;Curva;Não  ;"1020969   ";Caminhão-trator;M.BENZ/ACTROS 2651S6X4;"2020      ";Condutor;Ileso;"47   ";Masculino;"1 ";"0    ";"0    ";"0    ";-14.7518950;-46.6566600;SPRF-DF;DEL02-DF;UOP03-DEL02-DF 
573228;"1275539   ";2024-01-07;domingo;17:20:00;GO;"20   ";"143,9";FLORES DE GOIAS;Não;Acumulo de água sobre o pavimento;1;Colisão frontal;Com Vítimas Fatais;Pleno dia;Decrescente;Nublado;Simples;Curva;Não  ;"0         ";"0";NA/NA;"0         ";Testemunha;Não Informado;"0    ";Não Informado;"0 ";"0    ";"0    ";"0    ";-14.7518950;-46.6566600;SPRF-DF;DEL02-DF;UOP03-DEL02-DF 
573228;"0         ";2024-01-07;domingo;17:20:00;GO;"20   ";"143,9";FLORES DE GOIAS;Não;Ingestão de álcool pelo condutor;1;Colisão frontal;Com Vítimas Fatais;Pleno dia;Decrescente;Nublado;Simples;Curva;Não  ;"1020972   ";Semireboque;SR/RANDON SR CA;"2001      ";"0";"0";"0    ";"0";"0 ";"0    ";"0    ";"0    ";-14.7518950;-46.6566600;SPRF-DF;DEL02-DF;UOP03-DEL02-DF 
573228;"1273131   ";2024-01-07;domingo;17:20:00;GO;"20   ";"143,9";FLORES DE GOIAS;Não;Ingestão de álcool pelo condutor;1;Colisão frontal;Com Vítimas Fatais;Pleno dia;Decrescente;Nublado;Simples;Curva;Não  ;"1020974   ";Camioneta;RENAULT/DUSTER 16 E CVT;"2018      ";Passageiro;Lesões Leves;"40   ";Feminino;"0 ";"1    ";"0    ";"0    ";-14.7518950;-46.6566600;SPRF-DF;DEL02-DF;UOP03-DEL02-DF 
573228;"1273129   ";2024-01-07;domingo;17:20:00;GO;"20   ";"143,9";FLORES DE GOIAS;Não;Ingestão de álcool pelo condutor;1;Colisão frontal;Com Vítimas Fatais;Pleno dia;Decrescente;Nublado;Simples;Curva;Não  ;"1020974   ";Camioneta;RENAULT/DUSTER 16 E CVT;"2018      ";Condutor;Óbito;"44   ";Masculino;"0 ";"0    ";"0    ";"1    ";-14.7518950;-46.6566600;SPRF-DF;DEL02-DF;UOP03-DEL02-DF 