id;pesid;data_inversa;dia_semana;horario;uf;br;km;municipio;causa_principal;causa_acidente;ordem_tipo_acidente;tipo_acidente;classificacao_acidente;fase_dia;sentido_via;condicao_metereologica;tipo_pista;tracado_via;uso_solo;id_veiculo;tipo_veiculo;marca;ano_fabricacao_veiculo;tipo_envolvido;estado_fisico;idade;sexo;ilesos;feridos_leves;feridos_graves;mortos;latitude;longitude;regional;delegacia;uop
573228;"1273134   ";2024-01-07;domingo;17:20:00;GO;"20   ";"143,9";FLORES DE GOIAS;Não;Ingestão de álcool pelo condutor;1;Colisão frontal;Com Vítimas Fatais;Pleno dia;Decrescente;Nublado;Simples;Curva;Não  ;"1020974   ";Camioneta;RENAULT/DUSTER 16 E CVT;"2018      ";Passageiro;Lesões Graves;"13   ";Masculino;"0 ";"0    ";"1    ";"0    ";-14.7518950;-46.6566600;SPRF-DF;DEL02-DF;UOP03-DEL02-DF 
573228;"1273132   ";2024-01-07;domingo;17:20:00;GO;"20   ";"143,9";FLORES DE GOIAS;Não;Ingestão de álcool pelo condutor;1;Colisão frontal;Com Vítimas Fatais;Pleno dia;Decrescente;Nublado;Simples;Curva;Não  ;"1020974   ";Camioneta;RENAULT/DUSTER 16 E CVT;"2018      ";Passageiro;Lesões Graves;"81   ";Feminino;"0 ";"0    ";"1    ";"0    ";-14.7518950;-46.6566600;SPRF-DF;DEL02-DF;UOP03-DEL02-DF 
573228;"0         ";2024-01-07;domingo;17:20:00;GO;"20   ";"143,9";FLORES DE GOIAS;Não;Ingestão de álcool pelo condutor;1;Colisão frontal;Com Vítimas Fatais;Pleno dia;Decrescente;Nublado;Simples;Curva;Não  ;"1020971   ";Semireboque;SR/RANDON SR CA;"2001      ";"0";"0";"0    ";"0";"0 ";"0    ";"0    ";"0    ";-14.7518950;-46.6566600;SPRF-DF;DEL02-DF;UOP03-DEL02-DF 
573228;"1273128   ";2024-01-07;domingo;17:20:00;GO;"20   ";"143,9";FLORES DE GOIAS;Não;Ingestão de álcool pelo condutor;1;Colisão frontal;Com Vítimas Fatais;Pleno dia;Decrescente;Nublado;Simples;Curva;Não  ;"1020969   ";Caminhão-trator;M.BENZ/ACTROS 2651S6X4;"2020      ";Condutor;Ileso;"47   ";Masculino;"1 ";"0    ";"0    ";"0    ";-14.7518950;-46.6566600;SPRF-DF;DEL02-DF;UOP03-DEL02-DF 
573228;"1275539   ";2024-01-07;domingo;17:20:00;GO;"20   ";"143,9";FLORES DE GOIAS;Não;Ingestão de álcool pelo condutor;1;Colisão frontal;Com Vítimas Fatais;Pleno dia;Decrescente;Nublado;Simples;Curva;Não  ;"0         ";"0";NA/NA;"0         ";Testemunha;Não Informado;"0    ";Não Informado;"0 ";"0    ";"0    ";"0    ";-14.7518950;-46.6566600;SPRF-DF;DEL02-DF;UOP03-DEL02-DF 
573228;"0         ";2024-01-07;domingo;17:20:00;GO;"20   ";"143,9";FLORES DE GOIAS;Sim;Ingestão de substâncias psicoativas pelo condutor;1;Colisão frontal;Com Vítimas Fatais;Pleno dia;Decrescente;Nublado;Simples;Curva;Não  ;"1020972   ";Semireboque;SR/RANDON SR CA;"2001      ";"0";"0";"0    ";"0";"0 ";"0    ";"0    ";"0    ";-14.7518950;-46.6566600;SPRF-DF;DEL02-DF;UOP03-DEL02-DF 
573665;"1274112   ";2024-01-09;terça-feira;23:00:00;GO;"40   ";"0    ";VALPARAISO DE GOIAS;Sim;Transitar na contramão;2;Eventos atípicos;Sem Vítimas;Plena Noite;Crescente;Nublado;Dupla;Reta;Sim  ;"1021673   ";Automóvel;CHEV/ONIX JOY BLACK;"2019      ";Condutor;Ileso;"29   ";Masculino;"1 ";"0    ";"0    ";"0    ";-16.0539382;-47.9821658;SPRF-DF;DEL01-DF;UOP01-DEL01-DF 
573228;"1273131   ";2024-01-07;domingo;17:20:00;GO;"20   ";"143,9";FLORES DE GOIAS;Sim;Ingestão de substâncias psicoativas pelo condutor;1;Colisão frontal;Com Vítimas Fatais;Pleno dia;Decrescente;Nublado;Simples;Curva;Não  ;"1020974   ";Camioneta;RENAULT/DUSTER 16 E CVT;"2018      ";Passageiro;Lesões Leves;"40   ";Feminino;"0 ";"1    ";"0    ";"0    ";-14.7518950;-46.6566600;SPRF-DF;DEL02-DF;UOP03-DEL02-DF 
573228;"1273129   ";2024-01-07;domingo;17:20:00;GO;"20   ";"143,9";FLORES DE GOIAS;Sim;Ingestão de substâncias psicoativas pelo condutor;1;Colisão frontal;Com Vítimas Fatais;Pleno dia;Decrescente;Nublado;Simples;Curva;Não  ;"1020974   ";Camioneta;RENAULT/DUSTER 16 E CVT;"2018      ";Condutor;Óbito;"44   ";Masculino;"0 ";"0    ";"0    ";"1    ";-14.7518950;-46.6566600;SPRF-DF;DEL02-DF;UOP03-DEL02-DF 
573228;"1273134   ";2024-01-07;domingo;17:20:00;GO;"20   ";"143,9";FLORES DE GOIAS;Sim;Ingestão de substâncias psicoativas pelo condutor;1;Colisão frontal;Com Vítimas Fatais;Pleno dia;Decrescente;Nublado;Simples;Curva;Não  ;"1020974   ";Camioneta;RENAULT/DUSTER 16 E CVT;"2018      ";Passageiro;Lesões Graves;"13   ";Masculino;"0 ";"0    ";"1    ";"0    ";-14.7518950;-46.6566600;SPRF-DF;DEL02-DF;UOP03-DEL02-DF 
573228;"1273132   ";2024-01-07;domingo;17:20:00;GO;"20   ";"143,9";FLORES DE GOIAS;Sim;Ingestão de substâncias psicoativas pelo condutor;1;Colisão frontal;Com Vítimas Fatais;Pleno dia;Decrescente;Nublado;Simples;Curva;Não  ;"1020974   ";Camioneta;RENAULT/DUSTER 16 E CVT;"2018      ";Passageiro;Lesões Graves;"81   ";Feminino;"0 ";"0    ";"1    ";"0    ";-14.7518950;-46.6566600;SPRF-DF;DEL02-DF;UOP03-DEL02-DF 
573228;"0         ";2024-01-07;domingo;17:20:00;GO;"20   ";"143,9";FLORES DE GOIAS;Sim;Ingestão de substâncias psicoativas pelo condutor;1;Colisão frontal;Com Vítimas Fatais;Pleno dia;Decrescente;Nublado;Simples;Curva;Não  ;"1020971   ";Semireboque;SR/RANDON SR CA;"2001      ";"0";"0";"0    ";"0";"0 ";"0    ";"0    ";"0    ";-14.7518950;-46.6566600;SPRF-DF;DEL02-DF;UOP03-DEL02-DF 
573228;"1273128   ";2024-01-07;domingo;17:20:00;GO;"20   ";"143,9";FLORES DE GOIAS;Sim;Ingestão de substâncias psicoativas pelo condutor;1;Colisão frontal;Com Vítimas Fatais;Pleno dia;Decrescente;Nublado;Simples;Curva;Não  ;"1020969   ";Caminhão-trator;M.BENZ/ACTROS 2651S6X4;"2020      ";Condutor;Ileso;"47   ";Masculino;"1 ";"0    ";"0    ";"0    ";-14.7518950;-46.6566600;SPRF-DF;DEL02-DF;UOP03-DEL02-DF 
573228;"1275539   ";2024-01-07;domingo;17:20:00;GO;"20   ";"143,9";FLORES DE GOIAS;Sim;Ingestão de substâncias psicoativas pelo condutor;1;Colisão frontal;Com Vítimas Fatais;Pleno dia;Decrescente;Nublado;Simples;Curva;Não  ;"0         ";"0";NA/NA;"0         ";Testemunha;Não Informado;"0    ";Não Informado;"0 ";"0    ";"0    ";"0    ";-14.7518950;-46.6566600;SPRF-DF;DEL02-DF;UOP03-DEL02-DF 
573280;"1273077   ";2024-01-08;segunda-feira;00:59:00;GO;"40   ";"29,9 ";LUZIANIA;Sim;Ausência de reação do condutor;1;Colisão com objeto;Sem Vítimas;Plena Noite;Decrescente;Céu Claro;Dupla;Curva;Sim  ;"1020934   ";Automóvel;VW/VOYAGE 1.6L MB5;"2020      ";Condutor;Ileso;"28   ";Masculino;"1 ";"0    ";"0    ";"0    ";-16.2737180;-47.8714560;SPRF-DF;DEL01-DF;UOP01-DEL01-DF 
573285;"1273014   ";2024-01-08;segunda-feira;02:00:00;DF;"20   ";"5    ";BRASILIA;Não;Iluminação deficiente;1;Atropelamento de Animal;Sem Vítimas;Plena Noite;Crescente;Nublado;Dupla;"Aclive;Ponte;Reta";Sim  ;"1020900   ";Micro-ônibus;I/FIAT DUCATO ENGESIGEXE;"2021      ";Passageiro;Ileso;"63   ";Masculino;"1 ";"0    ";"0    ";"0    ";-15.6705460;-47.8160440;SPRF-DF;DEL02-DF;UOP01-DEL02-DF 
573285;"1273013   ";2024-01-08;segunda-feira;02:00:00;DF;"20   ";"5    ";BRASILIA;Não;Iluminação deficiente;1;Atropelamento de Animal;Sem Vítimas;Plena Noite;Crescente;Nublado;Dupla;"Aclive;Ponte;Reta";Sim  ;"1020900   ";Micro-ônibus;I/FIAT DUCATO ENGESIGEXE;"2021      ";Condutor;Ileso;"50   ";Masculino;"1 ";"0    ";"0    ";"0    ";-15.6705460;-47.8160440;SPRF-DF;DEL02-DF;UOP01-DEL02-DF 
573285;"1273017   ";2024-01-08;segunda-feira;02:00:00;DF;"20   ";"5    ";BRASILIA;Não;Iluminação deficiente;1;Atropelamento de Animal;Sem Vítimas;Plena Noite;Crescente;Nublado;Dupla;"Aclive;Ponte;Reta";Sim  ;"1020900   ";Micro-ônibus;I/FIAT DUCATO ENGESIGEXE;"2021      ";Passageiro;Ileso;"51   ";Masculino;"1 ";"0    ";"0    ";"0    ";-15.6705460;-47.8160440;SPRF-DF;DEL02-DF;UOP01-DEL02-DF 
573285;"1273016   ";2024-01-08;segunda-feira;02:00:00;DF;"20   ";"5    ";BRASILIA;Não;Iluminação deficiente;1;Atropelamento de Animal;Sem Vítimas;Plena Noite;Crescente;Nublado;Dupla;"Aclive;Ponte;Reta";Sim  ;"1020900   ";Micro-ônibus;I/FIAT DUCATO ENGESIGEXE;"2021      ";Passageiro;Ileso;"40   ";Feminino;"1 ";"0    ";"0    ";"0    ";-15.6705460;-47.8160440;SPRF-DF;DEL02-DF;UOP01-DEL02-DF 
573285;"1273015   ";2024-01-08;segunda-feira;02:00:00;DF;"20   ";"5    ";BRASILIA;Não;Iluminação deficiente;1;Atropelamento de Animal;Sem Vítimas;Plena Noite;Crescente;Nublado;Dupla;"Aclive;Ponte;Reta";Sim  ;"1020900   ";Micro-ônibus;I/FIAT DUCATO ENGESIGEXE;"2021      ";Passageiro;Ileso;"31   ";Masculino;"1 ";"0    ";"0    ";"0    ";-15.6705460;-47.8160440;SPRF-DF;DEL02-DF;UOP01-DEL02-DF 
573285;"1273071   ";2024-01-08;segunda-feira;02:00:00;DF;"20   ";"5    ";BRASILIA;Não;Iluminação deficiente;1;Atropelamento de Animal;Sem Vítimas;Plena Noite;Crescente;Nublado;Dupla;"Aclive;Ponte;Reta";Sim  ;"1020900   ";Micro-ônibus;I/FIAT DUCATO ENGESIGEXE;"2021      ";Passageiro;Ileso;"21   ";Masculino;"1 ";"0    ";"0    ";"0    ";-15.6705460;-47.8160440;SPRF-DF;DEL02-DF;UOP01-DEL02-DF 
573285;"1273062   ";2024-01-08;segunda-feira;02:00:00;DF;"20   ";"5    ";BRASILIA;Não;Iluminação deficiente;1;Atropelamento de Animal;Sem Vítimas;Plena Noite;Crescente;Nublado;Dupla;"Aclive;Ponte;Reta";Sim  ;"1020900   ";Micro-ônibus;I/FIAT DUCATO ENGESIGEXE;"2021      ";Passageiro;Ileso;"9    ";Masculino;"1 ";"0    ";"0    ";"0    ";-15.6705460;-47.8160440;SPRF-DF;DEL02-DF;UOP01-DEL02-DF 
573285;"1273059   ";2024-01-08;segunda-feira;02:00:00;DF;"20   ";"5    ";BRASILIA;Não;Iluminação deficiente;1;Atropelamento de Animal;Sem Vítimas;Plena Noite;Crescente;Nublado;Dupla;"Aclive;Ponte;Reta";Sim  ;"1020900   ";Micro-ônibus;I/FIAT DUCATO ENGESIGEXE;"2021      ";Passageiro;Ileso;"56   ";Feminino;"1 ";"0    ";"0    ";"0    ";-15.6705460;-47.8160440;SPRF-DF;DEL02-DF;UOP01-DEL02-DF 
573285;"1273074   ";2024-01-08;segunda-feira;02:00:00;DF;"20   ";"5    ";BRASILIA;Não;Iluminação deficiente;1;Atropelamento de Animal;Sem Vítimas;Plena Noite;Crescente;Nublado;Dupla;"Aclive;Ponte;Reta";Sim  ;"1020900   ";Micro-ônibus;I/FIAT DUCATO ENGESIGEXE;"2021      ";Passageiro;Ileso;"5    ";Masculino;"1 ";"0    ";"0    ";"0    ";-15.6705460;-47.8160440;SPRF-DF;DEL02-DF;UOP01-DEL02-DF 
573285;"1273072   ";2024-01-08;segunda-feira;02:00:00;DF;"20   ";"5    ";BRASILIA;Não;Iluminação deficiente;1;Atropelamento de Animal;Sem Vítimas;Plena Noite;Crescente;Nublado;Dupla;"Aclive;Ponte;Reta";Sim  ;"1020900   ";Micro-ônibus;I/FIAT DUCATO ENGESIGEXE;"2021      ";Passageiro;Ileso;"66   ";Masculino;"1 ";"0    ";"0    ";"0    ";-15.6705460;-47.8160440;SPRF-DF;DEL02-DF;UOP01-DEL02-DF 
573285;"1273070   ";2024-01-08;segunda-feira;02:00:00;DF;"20   ";"5    ";BRASILIA;Não;Iluminação deficiente;1;Atropelamento de Animal;Sem Vítimas;Plena Noite;Crescente;Nublado;Dupla;"Aclive;Ponte;Reta";Sim  ;"1020900   ";Micro-ônibus;I/FIAT DUCATO ENGESIGEXE;"2021      ";Passageiro;Ileso;"38   ";Feminino;"1 ";"0    ";"0    ";"0    ";-15.6705460;-47.8160440;SPRF-DF;DEL02-DF;UOP01-DEL02-DF 
573285;"1273069   ";2024-01-08;segunda-feira;02:00:00;DF;"20   ";"5    ";BRASILIA;Não;Iluminação deficiente;1;Atropelamento de Animal;Sem Vítimas;Plena Noite;Crescente;Nublado;Dupla;"Aclive;Ponte;Reta";Sim  ;"1020900   ";Micro-ônibus;I/FIAT DUCATO ENGESIGEXE;"2021      ";Passageiro;Ileso;"60   ";Masculino;"1 ";"0    ";"0    ";"0    ";-15.6705460;-47.8160440;SPRF-DF;DEL02-DF;UOP01-DEL02-DF 
573285;"1273068   ";2024-01-08;segunda-feira;02:00:00;DF;"20   ";"5    ";BRASILIA;Não;Iluminação deficiente;1;Atropelamento de Animal;Sem Vítimas;Plena Noite;Crescente;Nublado;Dupla;"Aclive;Ponte;Reta";Sim  ;"1020900   ";Micro-ônibus;I/FIAT DUCATO ENGESIGEXE;"2021      ";Passageiro;Ileso;"58   ";Feminino;"1 ";"0    ";"0    ";"0    ";-15.6705460;-47.8160440;SPRF-DF;DEL02-DF;UOP01-DEL02-DF 
573285;"1273065   ";2024-01-08;segunda-feira;02:00:00;DF;"20   ";"5    ";BRASILIA;Não;Iluminação deficiente;1;Atropelamento de Animal;Sem Vítimas;Plena Noite;Crescente;Nublado;Dupla;"Aclive;Ponte;Reta";Sim  ;"1020900   ";Micro-ônibus;I/FIAT DUCATO ENGESIGEXE;"2021      ";Passageiro;Ileso;"24   ";Feminino;"1 ";"0    ";"0    ";"0    ";-15.6705460;-47.8160440;SPRF-DF;DEL02-DF;UOP01-DEL02-DF 
573285;"1273061   ";2024-01-08;segunda-feira;02:00:00;DF;"20   ";"5    ";BRASILIA;Não;Iluminação deficiente;1;Atropelamento de Animal;Sem Vítimas;Plena Noite;Crescente;Nublado;Dupla;"Aclive;Ponte;Reta";Sim  ;"1020900   ";Micro-ônibus;I/FIAT DUCATO ENGESIGEXE;"2021      ";Passageiro;Ileso;"36   ";Feminino;"1 ";"0    ";"0    ";"0    ";-15.6705460;-47.8160440;SPRF-DF;DEL02-DF;UOP01-DEL02-DF 
573285;"1273014   ";2024-01-08;segunda-feira;02:00:00;DF;"20   ";"5    ";BRASILIA;Não;Reação tardia ou ineficiente do condutor;1;Atropelamento de Animal;Sem Vítimas;Plena Noite;Crescente;Nublado;Dupla;"Aclive;Ponte;Reta";Sim  ;"1020900   ";Micro-ônibus;I/FIAT DUCATO ENGESIGEXE;"2021      ";Passageiro;Ileso;"63   ";Masculino;"1 ";"0    ";"0    ";"0    ";-15.6705460;-47.8160440;SPRF-DF;DEL02-DF;UOP01-DEL02-DF 
573285;"1273013   ";2024-01-08;segunda-feira;02:00:00;DF;"20   ";"5    ";BRASILIA;Não;Reação tardia ou ineficiente do condutor;1;Atropelamento de Animal;Sem Vítimas;Plena Noite;Crescente;Nublado;Dupla;"Aclive;Ponte;Reta";Sim  ;"1020900   ";Micro-ônibus;I/FIAT DUCATO ENGESIGEXE;"2021      ";Condutor;Ileso;"50   ";Masculino;"1 ";"0    ";"0    ";"0    ";-15.6705460;-47.8160440;SPRF-DF;DEL02-DF;UOP01-DEL02-DF 
573285;"1273017   ";2024-01-08;segunda-feira;02:00:00;DF;"20   ";"5    ";BRASILIA;Não;Reação tardia ou ineficiente do condutor;1;Atropelamento de Animal;Sem Vítimas;Plena Noite;Crescente;Nublado;Dupla;"Aclive;Ponte;Reta";Sim  ;"1020900   ";Micro-ônibus;I/FIAT DUCATO ENGESIGEXE;"2021      ";Passageiro;Ileso;"51   ";Masculino;"1 ";"0    ";"0    ";"0    ";-15.6705460;-47.8160440;SPRF-DF;DEL02-DF;UOP01-DEL02-DF 
573285;"1273016   ";2024-01-08;segunda-feira;02:00:00;DF;"20   ";"5    ";BRASILIA;Não;Reação tardia ou ineficiente do condutor;1;Atropelamento de Animal;Sem Vítimas;Plena Noite;Crescente;Nublado;Dupla;"Aclive;Ponte;Reta";Sim  ;"1020900   ";Micro-ônibus;I/FIAT DUCATO ENGESIGEXE;"2021      ";Passageiro;Ileso;"40   ";Feminino;"1 ";"0    ";"0    ";"0    ";-15.6705460;-47.8160440;SPRF-DF;DEL02-DF;UOP01-DEL02-DF 
573285;"1273015   ";2024-01-08;segunda-feira;02:00:00;DF;"20   ";"5    ";BRASILIA;Não;Reação tardia ou ineficiente do condutor;1;Atropelamento de Animal;Sem Vítimas;Plena Noite;Crescente;Nublado;Dupla;"Aclive;Ponte;Reta";Sim  ;"1020900   ";Micro-ônibus;I/FIAT DUCATO ENGESIGEXE;"2021      ";Passageiro;Ileso;"31   ";Masculino;"1 ";"0    ";"0    ";"0    ";-15.6705460;-47.8160440;SPRF-DF;DEL02-DF;UOP01-DEL02-DF 
573285;"1273071   ";2024-01-08;segunda-feira;02:00:00;DF;"20   ";"5    ";BRASILIA;Não;Reação tardia ou ineficiente do condutor;1;Atropelamento de Animal;Sem Vítimas;Plena Noite;Crescente;Nublado;Dupla;"Aclive;Ponte;Reta";Sim  ;"1020900   ";Micro-ônibus;I/FIAT DUCATO ENGESIGEXE;"2021      ";Passageiro;Ileso;"21   ";Masculino;"1 ";"0    ";"0    ";"0    ";-15.6705460;-47.8160440;SPRF-DF;DEL02-DF;UOP01-DEL02-DF 
573285;"1273062   ";2024-01-08;segunda-feira;02:00:00;DF;"20   ";"5    ";BRASILIA;Não;Reação tardia ou ineficiente do condutor;1;Atropelamento de Animal;Sem Vítimas;Plena Noite;Crescente;Nublado;Dupla;"Aclive;Ponte;Reta";Sim  ;"1020900   ";Micro-ônibus;I/FIAT DUCATO ENGESIGEXE;"2021      ";Passageiro;Ileso;"9    ";Masculino;"1 ";"0    ";"0    ";"0    ";-15.6705460;-47.8160440;SPRF-DF;DEL02-DF;UOP01-DEL02-DF 
573285;"1273059   ";2024-01-08;segunda-feira;02:00:00;DF;"20   ";"5    ";BRASILIA;Não;Reação tardia ou ineficiente do condutor;1;Atropelamento de Animal;Sem Vítimas;Plena Noite;Crescente;Nublado;Dupla;"Aclive;Ponte;Reta";Sim  ;"1020900   ";Micro-ônibus;I/FIAT DUCATO ENGESIGEXE;"2021      ";Passageiro;Ileso;"56   ";Feminino;"1 ";"0    ";"0    ";"0    ";-15.6705460;-47.8160440;SPRF-DF;DEL02-DF;UOP01-DEL02-DF 
573285;"1273074   ";2024-01-08;segunda-feira;02:00:00;DF;"20   ";"5    ";BRASILIA;Não;Reação tardia ou ineficiente do condutor;1;Atropelamento de Animal;Sem Vítimas;Plena Noite;Crescente;Nublado;Dupla;"Aclive;Ponte;Reta";Sim  ;"1020900   ";Micro-ônibus;I/FIAT DUCATO ENGESIGEXE;"2021      ";Passageiro;Ileso;"5    ";Masculino;"1 ";"0    ";"0    ";"0    ";-15.6705460;-47.8160440;SPRF-DF;DEL02-DF;UOP01-DEL02-DF 
573285;"1273072   ";2024-01-08;segunda-feira;02:00:00;DF;"20   ";"5    ";BRASILIA;Não;Reação tardia ou ineficiente do condutor;1;Atropelamento de Animal;Sem Vítimas;Plena Noite;Crescente;Nublado;Dupla;"Aclive;Ponte;Reta";Sim  ;"1020900   ";Micro-ônibus;I/FIAT DUCATO ENGESIGEXE;"2021      ";Passageiro;Ileso;"66   ";Masculino;"1 ";"0    ";"0    ";"0    ";-15.6705460;-47.8160440;SPRF-DF;DEL02-DF;UOP01-DEL02-DF 
573285;"1273070   ";2024-01-08;segunda-feira;02:00:00;DF;"20   ";"5    ";BRASILIA;Não;Reação tardia ou ineficiente do condutor;1;Atropelamento de Animal;Sem Vítimas;Plena Noite;Crescente;Nublado;Dupla;"Aclive;Ponte;Reta";Sim  ;"1020900   ";Micro-ônibus;I/FIAT DUCATO ENGESIGEXE;"2021      ";Passageiro;Ileso;"38   ";Feminino;"1 ";"0    ";"0    ";"0    ";-15.6705460;-47.8160440;SPRF-DF;DEL02-DF;UOP01-DEL02-DF 
573285;"1273069   ";2024-01-08;segunda-feira;02:00:00;DF;"20   ";"5    ";BRASILIA;Não;Reação tardia ou ineficiente do condutor;1;Atropelamento de Animal;Sem Vítimas;Plena Noite;Crescente;Nublado;Dupla;"Aclive;Ponte;Reta";Sim  ;"1020900   ";Micro-ônibus;I/FIAT DUCATO ENGESIGEXE;"2021      ";Passageiro;Ileso;"60   ";Masculino;"1 ";"0    ";"0    ";"0    ";-15.6705460;-47.8160440;SPRF-DF;DEL02-DF;UOP01-DEL02-DF 
573285;"1273068   ";2024-01-08;segunda-feira;02:00:00;DF;"20   ";"5    ";BRASILIA;Não;Reação tardia ou ineficiente do condutor;1;Atropelamento de Animal;Sem Vítimas;Plena Noite;Crescente;Nublado;Dupla;"Aclive;Ponte;Reta";Sim  ;"1020900   ";Micro-ônibus;I/FIAT DUCATO ENGESIGEXE;"2021      ";Passageiro;Ileso;"58   ";Feminino;"1 ";"0    ";"0    ";"0    ";-15.6705460;-47.8160440;SPRF-DF;DEL02-DF;UOP01-DEL02-DF 
573285;"1273065   ";2024-01-08;segunda-feira;02:00:00;DF;"20   ";"5    ";BRASILIA;Não;Reação tardia ou ineficiente do condutor;1;Atropelamento de Animal;Sem Vítimas;Plena Noite;Crescente;Nublado;Dupla;"Aclive;Ponte;Reta";Sim  ;"1020900   ";Micro-ônibus;I/FIAT DUCATO ENGESIGEXE;"2021      ";Passageiro;Ileso;"24   ";Feminino;"1 ";"0    ";"0    ";"0    ";-15.6705460;-47.8160440;SPRF-DF;DEL02-DF;UOP01-DEL02-DF 
573285;"1273061   ";2024-01-08;segunda-feira;02:00:00;DF;"20   ";"5    ";BRASILIA;Não;Reação tardia ou ineficiente do condutor;1;Atropelamento de Animal;Sem Vítimas;Plena Noite;Crescente;Nublado;Dupla;"Aclive;Ponte;Reta";Sim  ;"1020900   ";Micro-ônibus;I/FIAT DUCATO ENGESIGEXE;"2021      ";Passageiro;Ileso;"36   ";Feminino;"1 ";"0    ";"0    ";"0    ";-15.6705460;-47.8160440;SPRF-DF;DEL02-DF;UOP01-DEL02-DF 
573285;"1273014   ";2024-01-08;segunda-feira;02:00:00;DF;"20   ";"5    ";BRASILIA;Sim;Animais na Pista;1;Atropelamento de Animal;Sem Vítimas;Plena Noite;Crescente;Nublado;Dupla;"Aclive;Ponte;Reta";Sim  ;"1020900   ";Micro-ônibus;I/FIAT DUCATO ENGESIGEXE;"2021      ";Passageiro;Ileso;"63   ";Masculino;"1 ";"0    ";"0    ";"0    ";-15.6705460;-47.8160440;SPRF-DF;DEL02-DF;UOP01-DEL02-DF 
573285;"1273013   ";2024-01-08;segunda-feira;02:00:00;DF;"20   ";"5    ";BRASILIA;Sim;Animais na Pista;1;Atropelamento de Animal;Sem Vítimas;Plena Noite;Crescente;Nublado;Dupla;"Aclive;Ponte;Reta";Sim  ;"1020900   ";Micro-ônibus;I/FIAT DUCATO ENGESIGEXE;"2021      ";Condutor;Ileso;"50   ";Masculino;"1 ";"0    ";"0    ";"0    ";-15.6705460;-47.8160440;SPRF-DF;DEL02-DF;UOP01-DEL02-DF 
573285;"1273017   ";2024-01-08;segunda-feira;02:00:00;DF;"20   ";"5    ";BRASILIA;Sim;Animais na Pista;1;Atropelamento de Animal;Sem Vítimas;Plena Noite;Crescente;Nublado;Dupla;"Aclive;Ponte;Reta";Sim  ;"1020900   ";Micro-ônibus;I/FIAT DUCATO ENGESIGEXE;"2021      ";Passageiro;Ileso;"51   ";Masculino;"1 ";"0    ";"0    ";"0    ";-15.6705460;-47.8160440;SPRF-DF;DEL02-DF;UOP01-DEL02-DF 
573285;"1273016   ";2024-01-08;segunda-feira;02:00:00;DF;"20   ";"5    ";BRASILIA;Sim;Animais na Pista;1;Atropelamento de Animal;Sem Vítimas;Plena Noite;Crescente;Nublado;Dupla;"Aclive;Ponte;Reta";Sim  ;"1020900   ";Micro-ônibus;I/FIAT DUCATO ENGESIGEXE;"2021      ";Passageiro;Ileso;"40   ";Feminino;"1 ";"0    ";"0    ";"0    ";-15.6705460;-47.8160440;SPRF-DF;DEL02-DF;UOP01-DEL02-DF 
573285;"1273015   ";2024-01-08;segunda-feira;02:00:00;DF;"20   ";"5    ";BRASILIA;Sim;Animais na Pista;1;Atropelamento de Animal;Sem Vítimas;Plena Noite;Crescente;Nublado;Dupla;"Aclive;Ponte;Reta";Sim  ;"1020900   ";Micro-ônibus;I/FIAT DUCATO ENGESIGEXE;"2021      ";Passageiro;Ileso;"31   ";Masculino;"1 ";"0    ";"0    ";"0    ";-15.6705460;-47.8160440;SPRF-DF;DEL02-DF;UOP01-DEL02-DF 
573285;"1273071   ";2024-01-08;segunda-feira;02:00:00;DF;"20   ";"5    ";BRASILIA;Sim;Animais na Pista;1;Atropelamento de Animal;Sem Vítimas;Plena Noite;Crescente;Nublado;Dupla;"Aclive;Ponte;Reta";Sim  ;"1020900   ";Micro-ônibus;I/FIAT DUCATO ENGESIGEXE;"2021      ";Passageiro;Ileso;"21   ";Masculino;"1 ";"0    ";"0    ";"0    ";-15.6705460;-47.8160440;SPRF-DF;DEL02-DF;UOP01-DEL02-DF 
573285;"1273062   ";2024-01-08;segunda-feira;02:00:00;DF;"20   ";"5    ";BRASILIA;Sim;Animais na Pista;1;Atropelamento de Animal;Sem Vítimas;Plena Noite;Crescente;Nublado;Dupla;"Aclive;Ponte;Reta";Sim  ;"1020900   ";Micro-ônibus;I/FIAT DUCATO ENGESIGEXE;"2021      ";Passageiro;Ileso;"9    ";Masculino;"1 ";"0    ";"0    ";"0    ";-15.6705460;-47.8160440;SPRF-DF;DEL02-DF;UOP01-DEL02-DF 
573285;"1273059   ";2024-01-08;segunda-feira;02:00:00;DF;"20   ";"5    ";BRASILIA;Sim;Animais na Pista;1;Atropelamento de Animal;Sem Vítimas;Plena Noite;Crescente;Nublado;Dupla;"Aclive;Ponte;Reta";Sim  ;"1020900   ";Micro-ônibus;I/FIAT DUCATO ENGESIGEXE;"2021      ";Passageiro;Ileso;"56   ";Feminino;"1 ";"0    ";"0    ";"0    ";-15.6705460;-47.8160440;SPRF-DF;DEL02-DF;UOP01-DEL02-DF 
573285;"1273074   ";2024-01-08;segunda-feira;02:00:00;DF;"20   ";"5    ";BRASILIA;Sim;Animais na Pista;1;Atropelamento de Animal;Sem Vítimas;Plena Noite;Crescente;Nublado;Dupla;"Aclive;Ponte;Reta";Sim  ;"1020900   ";Micro-ônibus;I/FIAT DUCATO ENGESIGEXE;"2021      ";Passageiro;Ileso;"5    ";Masculino;"1 ";"0    ";"0    ";"0    ";-15.6705460;-47.8160440;SPRF-DF;DEL02-DF;UOP01-DEL02-DF 
573285;"1273072   ";2024-01-08;segunda-feira;02:00:00;DF;"20   ";"5    ";BRASILIA;Sim;Animais na Pista;1;Atropelamento de Animal;Sem Vítimas;Plena Noite;Crescente;Nublado;Dupla;"Aclive;Ponte;Reta";Sim  ;"1020900   ";Micro-ônibus;I/FIAT DUCATO ENGESIGEXE;"2021      ";Passageiro;Ileso;"66   ";Masculino;"1 ";"0    ";"0    ";"0    ";-15.6705460;-47.8160440;SPRF-DF;DEL02-DF;UOP01-DEL02-DF 