id;pesid;data_inversa;dia_semana;horario;uf;br;km;municipio;causa_principal;causa_acidente;ordem_tipo_acidente;tipo_acidente;classificacao_acidente;fase_dia;sentido_via;condicao_metereologica;tipo_pista;tracado_via;uso_solo;id_veiculo;tipo_veiculo;marca;ano_fabricacao_veiculo;tipo_envolvido;estado_fisico;idade;sexo;ilesos;feridos_leves;feridos_graves;mortos;latitude;longitude;regional;delegacia;uop
573285;"1273070   ";2024-01-08;segunda-feira;02:00:00;DF;"20   ";"5    ";BRASILIA;Sim;Animais na Pista;1;Atropelamento de Animal;Sem Vítimas;Plena Noite;Crescente;Nublado;Dupla;"Aclive;Ponte;Reta";Sim  ;"1020900   ";Micro-ônibus;I/FIAT DUCATO ENGESIGEXE;"2021      ";Passageiro;Ileso;"38   ";Feminino;"1 ";"0    ";"0    ";"0    ";-15.6705460;-47.8160440;SPRF-DF;DEL02-DF;UOP01-DEL02-DF 
573285;"1273069   ";2024-01-08;segunda-feira;02:00:00;DF;"20   ";"5    ";BRASILIA;Sim;Animais na Pista;1;Atropelamento de Animal;Sem Vítimas;Plena Noite;Crescente;Nublado;Dupla;"Aclive;Ponte;Reta";Sim  ;"1020900   ";Micro-ônibus;I/FIAT DUCATO ENGESIGEXE;"2021      ";Passageiro;Ileso;"60   ";Masculino;"1 ";"0    ";"0    ";"0    ";-15.6705460;-47.8160440;SPRF-DF;DEL02-DF;UOP01-DEL02-DF 
573285;"1273068   ";2024-01-08;segunda-feira;02:00:00;DF;"20   ";"5    ";BRASILIA;Sim;Animais na Pista;1;Atropelamento de Animal;Sem Vítimas;Plena Noite;Crescente;Nublado;Dupla;"Aclive;Ponte;Reta";Sim  ;"1020900   ";Micro-ônibus;I/FIAT DUCATO ENGESIGEXE;"2021      ";Passageiro;Ileso;"58   ";Feminino;"1 ";"0    ";"0    ";"0    ";-15.6705460;-47.8160440;SPRF-DF;DEL02-DF;UOP01-DEL02-DF 
573285;"1273065   ";2024-01-08;segunda-feira;02:00:00;DF;"20   ";"5    ";BRASILIA;Sim;Animais na Pista;1;Atropelamento de Animal;Sem Vítimas;Plena Noite;Crescente;Nublado;Dupla;"Aclive;Ponte;Reta";Sim  ;"1020900   ";Micro-ônibus;I/FIAT DUCATO ENGESIGEXE;"2021      ";Passageiro;Ileso;"24   ";Feminino;"1 ";"0    ";"0    ";"0    ";-15.6705460;-47.8160440;SPRF-DF;DEL02-DF;UOP01-DEL02-DF 
573285;"1273061   ";2024-01-08;segunda-feira;02:00:00;DF;"20   ";"5    ";BRASILIA;Sim;Animais na Pista;1;Atropelamento de Animal;Sem Vítimas;Plena Noite;Crescente;Nublado;Dupla;"Aclive;Ponte;Reta";Sim  ;"1020900   ";Micro-ônibus;I/FIAT DUCATO ENGESIGEXE;"2021      ";Passageiro;Ileso;"36   ";Feminino;"1 ";"0    ";"0    ";"0    ";-15.6705460;-47.8160440;SPRF-DF;DEL02-DF;UOP01-DEL02-DF 
573292;"1274801   ";2024-01-08;segunda-feira;03:50:00;GO;"20   ";"56,6 ";FORMOSA;Não;Velocidade Incompatível;1;Atropelamento de Pedestre;Com Vítimas Fatais;Plena Noite;Decrescente;Chuva;Simples;"Reta;Aclive";Não  ;"1020939   ";Automóvel;Não Informado/Não Informado;"0         ";Condutor;Não Informado;"0    ";Não Informado;"0 ";"0    ";"0    ";"0    ";-15.2802480;-47.1544760;SPRF-DF;DEL02-DF;UOP02-DEL02-DF 
573292;"1273082   ";2024-01-08;segunda-feira;03:50:00;GO;"20   ";"56,6 ";FORMOSA;Não;Velocidade Incompatível;1;Atropelamento de Pedestre;Com Vítimas Fatais;Plena Noite;Decrescente;Chuva;Simples;"Reta;Aclive";Não  ;"0         ";"0";NA/NA;"0         ";Pedestre;Óbito;"31   ";Masculino;"0 ";"0    ";"0    ";"1    ";-15.2802480;-47.1544760;SPRF-DF;DEL02-DF;UOP02-DEL02-DF 
573292;"1274801   ";2024-01-08;segunda-feira;03:50:00;GO;"20   ";"56,6 ";FORMOSA;Não;Reação tardia ou ineficiente do condutor;1;Atropelamento de Pedestre;Com Vítimas Fatais;Plena Noite;Decrescente;Chuva;Simples;"Reta;Aclive";Não  ;"1020939   ";Automóvel;Não Informado/Não Informado;"0         ";Condutor;Não Informado;"0    ";Não Informado;"0 ";"0    ";"0    ";"0    ";-15.2802480;-47.1544760;SPRF-DF;DEL02-DF;UOP02-DEL02-DF 
573292;"1273082   ";2024-01-08;segunda-feira;03:50:00;GO;"20   ";"56,6 ";FORMOSA;Não;Reação tardia ou ineficiente do condutor;1;Atropelamento de Pedestre;Com Vítimas Fatais;Plena Noite;Decrescente;Chuva;Simples;"Reta;Aclive";Não  ;"0         ";"0";NA/NA;"0         ";Pedestre;Óbito;"31   ";Masculino;"0 ";"0    ";"0    ";"1    ";-15.2802480;-47.1544760;SPRF-DF;DEL02-DF;UOP02-DEL02-DF 
573292;"1274801   ";2024-01-08;segunda-feira;03:50:00;GO;"20   ";"56,6 ";FORMOSA;Não;Pedestre andava na pista;1;Atropelamento de Pedestre;Com Vítimas Fatais;Plena Noite;Decrescente;Chuva;Simples;"Reta;Aclive";Não  ;"1020939   ";Automóvel;Não Informado/Não Informado;"0         ";Condutor;Não Informado;"0    ";Não Informado;"0 ";"0    ";"0    ";"0    ";-15.2802480;-47.1544760;SPRF-DF;DEL02-DF;UOP02-DEL02-DF 
573292;"1273082   ";2024-01-08;segunda-feira;03:50:00;GO;"20   ";"56,6 ";FORMOSA;Não;Pedestre andava na pista;1;Atropelamento de Pedestre;Com Vítimas Fatais;Plena Noite;Decrescente;Chuva;Simples;"Reta;Aclive";Não  ;"0         ";"0";NA/NA;"0         ";Pedestre;Óbito;"31   ";Masculino;"0 ";"0    ";"0    ";"1    ";-15.2802480;-47.1544760;SPRF-DF;DEL02-DF;UOP02-DEL02-DF 
573292;"1274801   ";2024-01-08;segunda-feira;03:50:00;GO;"20   ";"56,6 ";FORMOSA;Não;Faróis desregulados;1;Atropelamento de Pedestre;Com Vítimas Fatais;Plena Noite;Decrescente;Chuva;Simples;"Reta;Aclive";Não  ;"1020939   ";Automóvel;Não Informado/Não Informado;"0         ";Condutor;Não Informado;"0    ";Não Informado;"0 ";"0    ";"0    ";"0    ";-15.2802480;-47.1544760;SPRF-DF;DEL02-DF;UOP02-DEL02-DF 
573292;"1273082   ";2024-01-08;segunda-feira;03:50:00;GO;"20   ";"56,6 ";FORMOSA;Não;Faróis desregulados;1;Atropelamento de Pedestre;Com Vítimas Fatais;Plena Noite;Decrescente;Chuva;Simples;"Reta;Aclive";Não  ;"0         ";"0";NA/NA;"0         ";Pedestre;Óbito;"31   ";Masculino;"0 ";"0    ";"0    ";"1    ";-15.2802480;-47.1544760;SPRF-DF;DEL02-DF;UOP02-DEL02-DF 
573292;"1274801   ";2024-01-08;segunda-feira;03:50:00;GO;"20   ";"56,6 ";FORMOSA;Não;Ausência de reação do condutor;1;Atropelamento de Pedestre;Com Vítimas Fatais;Plena Noite;Decrescente;Chuva;Simples;"Reta;Aclive";Não  ;"1020939   ";Automóvel;Não Informado/Não Informado;"0         ";Condutor;Não Informado;"0    ";Não Informado;"0 ";"0    ";"0    ";"0    ";-15.2802480;-47.1544760;SPRF-DF;DEL02-DF;UOP02-DEL02-DF 
573292;"1273082   ";2024-01-08;segunda-feira;03:50:00;GO;"20   ";"56,6 ";FORMOSA;Não;Ausência de reação do condutor;1;Atropelamento de Pedestre;Com Vítimas Fatais;Plena Noite;Decrescente;Chuva;Simples;"Reta;Aclive";Não  ;"0         ";"0";NA/NA;"0         ";Pedestre;Óbito;"31   ";Masculino;"0 ";"0    ";"0    ";"1    ";-15.2802480;-47.1544760;SPRF-DF;DEL02-DF;UOP02-DEL02-DF 
573292;"1274801   ";2024-01-08;segunda-feira;03:50:00;GO;"20   ";"56,6 ";FORMOSA;Sim;Entrada inopinada do pedestre;1;Atropelamento de Pedestre;Com Vítimas Fatais;Plena Noite;Decrescente;Chuva;Simples;"Reta;Aclive";Não  ;"1020939   ";Automóvel;Não Informado/Não Informado;"0         ";Condutor;Não Informado;"0    ";Não Informado;"0 ";"0    ";"0    ";"0    ";-15.2802480;-47.1544760;SPRF-DF;DEL02-DF;UOP02-DEL02-DF 
573292;"1273082   ";2024-01-08;segunda-feira;03:50:00;GO;"20   ";"56,6 ";FORMOSA;Sim;Entrada inopinada do pedestre;1;Atropelamento de Pedestre;Com Vítimas Fatais;Plena Noite;Decrescente;Chuva;Simples;"Reta;Aclive";Não  ;"0         ";"0";NA/NA;"0         ";Pedestre;Óbito;"31   ";Masculino;"0 ";"0    ";"0    ";"1    ";-15.2802480;-47.1544760;SPRF-DF;DEL02-DF;UOP02-DEL02-DF 
573297;"1273141   ";2024-01-08;segunda-feira;06:30:00;DF;"40   ";"4,8  ";BRASILIA;Não;Pista Escorregadia;1;Queda de ocupante de veículo;Com Vítimas Feridas;Pleno dia;Decrescente;Nublado;Dupla;Reta;Sim  ;"1020977   ";Automóvel;I/FORD FOCUS 2L FC FLEX;"0         ";Condutor;Não Informado;"0    ";Não Informado;"0 ";"0    ";"0    ";"0    ";-16.0120330;-47.9821240;SPRF-DF;DEL01-DF;UOP01-DEL01-DF 
573297;"1273130   ";2024-01-08;segunda-feira;06:30:00;DF;"40   ";"4,8  ";BRASILIA;Não;Pista Escorregadia;1;Queda de ocupante de veículo;Com Vítimas Feridas;Pleno dia;Decrescente;Nublado;Dupla;Reta;Sim  ;"1020976   ";Motocicleta;HONDA/CG 160 TITAN;"2022      ";Condutor;Lesões Leves;"39   ";Masculino;"0 ";"1    ";"0    ";"0    ";-16.0120330;-47.9821240;SPRF-DF;DEL01-DF;UOP01-DEL01-DF 
573297;"1273141   ";2024-01-08;segunda-feira;06:30:00;DF;"40   ";"4,8  ";BRASILIA;Não;Condutor deixou de manter distância do veículo da frente;1;Queda de ocupante de veículo;Com Vítimas Feridas;Pleno dia;Decrescente;Nublado;Dupla;Reta;Sim  ;"1020977   ";Automóvel;I/FORD FOCUS 2L FC FLEX;"0         ";Condutor;Não Informado;"0    ";Não Informado;"0 ";"0    ";"0    ";"0    ";-16.0120330;-47.9821240;SPRF-DF;DEL01-DF;UOP01-DEL01-DF 
573297;"1273130   ";2024-01-08;segunda-feira;06:30:00;DF;"40   ";"4,8  ";BRASILIA;Não;Condutor deixou de manter distância do veículo da frente;1;Queda de ocupante de veículo;Com Vítimas Feridas;Pleno dia;Decrescente;Nublado;Dupla;Reta;Sim  ;"1020976   ";Motocicleta;HONDA/CG 160 TITAN;"2022      ";Condutor;Lesões Leves;"39   ";Masculino;"0 ";"1    ";"0    ";"0    ";-16.0120330;-47.9821240;SPRF-DF;DEL01-DF;UOP01-DEL01-DF 
573297;"1273141   ";2024-01-08;segunda-feira;06:30:00;DF;"40   ";"4,8  ";BRASILIA;Sim;Reação tardia ou ineficiente do condutor;1;Queda de ocupante de veículo;Com Vítimas Feridas;Pleno dia;Decrescente;Nublado;Dupla;Reta;Sim  ;"1020977   ";Automóvel;I/FORD FOCUS 2L FC FLEX;"0         ";Condutor;Não Informado;"0    ";Não Informado;"0 ";"0    ";"0    ";"0    ";-16.0120330;-47.9821240;SPRF-DF;DEL01-DF;UOP01-DEL01-DF 
573297;"1273130   ";2024-01-08;segunda-feira;06:30:00;DF;"40   ";"4,8  ";BRASILIA;Sim;Reação tardia ou ineficiente do condutor;1;Queda de ocupante de veículo;Com Vítimas Feridas;Pleno dia;Decrescente;Nublado;Dupla;Reta;Sim  ;"1020976   ";Motocicleta;HONDA/CG 160 TITAN;"2022      ";Condutor;Lesões Leves;"39   ";Masculino;"0 ";"1    ";"0    ";"0    ";-16.0120330;-47.9821240;SPRF-DF;DEL01-DF;UOP01-DEL01-DF 
573298;"1273056   ";2024-01-08;segunda-feira;07:10:00;DF;"20   ";"6,5  ";BRASILIA;Não;Manobra de mudança de faixa;1;Tombamento;Com Vítimas Feridas;Pleno dia;Decrescente;Garoa/Chuvisco;Dupla;Declive;Sim  ;"1020926   ";Motocicleta;HONDA/CG150 FAN ESDI;"2013      ";Condutor;Lesões Leves;"20   ";Masculino;"0 ";"1    ";"0    ";"0    ";-15.6658880;-47.8083080;SPRF-DF;DEL02-DF;UOP01-DEL02-DF 
573298;"1273056   ";2024-01-08;segunda-feira;07:10:00;DF;"20   ";"6,5  ";BRASILIA;Sim;Chuva;1;Tombamento;Com Vítimas Feridas;Pleno dia;Decrescente;Garoa/Chuvisco;Dupla;Declive;Sim  ;"1020926   ";Motocicleta;HONDA/CG150 FAN ESDI;"2013      ";Condutor;Lesões Leves;"20   ";Masculino;"0 ";"1    ";"0    ";"0    ";-15.6658880;-47.8083080;SPRF-DF;DEL02-DF;UOP01-DEL02-DF 
573383;"1273548   ";2024-01-08;segunda-feira;14:02:00;GO;"251  ";"26   ";CRISTALINA;Sim;Acessar a via sem observar a presença dos outros veículos;1;Colisão frontal;Com Vítimas Feridas;Pleno dia;Crescente;Nublado;Simples;Reta;Sim  ;"1021263   ";Motocicleta;HONDA/XR 250 TORNADO;"2008      ";Condutor;Lesões Leves;"53   ";Masculino;"0 ";"1    ";"0    ";"0    ";-16.1061034;-47.4947764;SPRF-DF;DEL01-DF;UOP01-DEL01-DF 
573383;"1273551   ";2024-01-08;segunda-feira;14:02:00;GO;"251  ";"26   ";CRISTALINA;Sim;Acessar a via sem observar a presença dos outros veículos;1;Colisão frontal;Com Vítimas Feridas;Pleno dia;Crescente;Nublado;Simples;Reta;Sim  ;"1021264   ";Motocicleta;HONDA/CG 160 FAN;"2022      ";Condutor;Lesões Leves;"21   ";Masculino;"0 ";"1    ";"0    ";"0    ";-16.1061034;-47.4947764;SPRF-DF;DEL01-DF;UOP01-DEL01-DF 
573403;"1273445   ";2024-01-08;segunda-feira;14:55:00;DF;"80   ";"16,8 ";BRASILIA;Sim;Reação tardia ou ineficiente do condutor;1;Colisão frontal;Com Vítimas Feridas;Pleno dia;Crescente;Nublado;Simples;"Reta;Declive";Não  ;"1021178   ";Automóvel;FIAT/UNO MILLE FIRE;"2004      ";Condutor;Lesões Leves;"25   ";Masculino;"0 ";"1    ";"0    ";"0    ";-15.7010650;-48.2022630;SPRF-DF;DEL03-DF;UOP02-DEL03-DF 
573403;"1273465   ";2024-01-08;segunda-feira;14:55:00;DF;"80   ";"16,8 ";BRASILIA;Sim;Reação tardia ou ineficiente do condutor;1;Colisão frontal;Com Vítimas Feridas;Pleno dia;Crescente;Nublado;Simples;"Reta;Declive";Não  ;"1021190   ";Utilitário;CHEV/TRAILBLAZER LT D4A;"2020      ";Passageiro;Ileso;"52   ";Feminino;"1 ";"0    ";"0    ";"0    ";-15.7010650;-48.2022630;SPRF-DF;DEL03-DF;UOP02-DEL03-DF 
573403;"1273458   ";2024-01-08;segunda-feira;14:55:00;DF;"80   ";"16,8 ";BRASILIA;Sim;Reação tardia ou ineficiente do condutor;1;Colisão frontal;Com Vítimas Feridas;Pleno dia;Crescente;Nublado;Simples;"Reta;Declive";Não  ;"1021190   ";Utilitário;CHEV/TRAILBLAZER LT D4A;"2020      ";Passageiro;Lesões Leves;"52   ";Masculino;"0 ";"1    ";"0    ";"0    ";-15.7010650;-48.2022630;SPRF-DF;DEL03-DF;UOP02-DEL03-DF 
582216;"0         ";2024-02-20;terça-feira;06:30:00;GO;"20   ";"182  ";SIMOLANDIA;Não;Velocidade Incompatível;1;Tombamento;Sem Vítimas;Pleno dia;Decrescente;Garoa/Chuvisco;Dupla;Reta;Sim  ;"1038039   ";Semireboque;SR/NOMA SR2E18RT2 CG;"2004      ";"0";"0";"0    ";"0";"0 ";"0    ";"0    ";"0    ";-14.4638470;-46.4801790;SPRF-DF;DEL02-DF;UOP03-DEL02-DF 
573403;"1273455   ";2024-01-08;segunda-feira;14:55:00;DF;"80   ";"16,8 ";BRASILIA;Sim;Reação tardia ou ineficiente do condutor;1;Colisão frontal;Com Vítimas Feridas;Pleno dia;Crescente;Nublado;Simples;"Reta;Declive";Não  ;"1021190   ";Utilitário;CHEV/TRAILBLAZER LT D4A;"2020      ";Condutor;Lesões Leves;"54   ";Masculino;"0 ";"1    ";"0    ";"0    ";-15.7010650;-48.2022630;SPRF-DF;DEL03-DF;UOP02-DEL03-DF 
573403;"0         ";2024-01-08;segunda-feira;14:55:00;DF;"80   ";"16,8 ";BRASILIA;Sim;Reação tardia ou ineficiente do condutor;1;Colisão frontal;Com Vítimas Feridas;Pleno dia;Crescente;Nublado;Simples;"Reta;Declive";Não  ;"1021208   ";Reboque;R/REBOQUES MA MAA 750;"2020      ";"0";"0";"0    ";"0";"0 ";"0    ";"0    ";"0    ";-15.7010650;-48.2022630;SPRF-DF;DEL03-DF;UOP02-DEL03-DF 
573407;"1276588   ";2024-01-08;segunda-feira;16:34:00;DF;"20   ";"40,5 ";BRASILIA;Não;Chuva;2;Capotamento;Com Vítimas Feridas;Pleno dia;Decrescente;Chuva;Dupla;Aclive;Não  ;"1021325   ";Automóvel;FIAT/PALIO FIRE;"2016      ";Passageiro;Ileso;"11   ";Masculino;"1 ";"0    ";"0    ";"0    ";-15.5815520;-47.5080350;SPRF-DF;DEL02-DF;UOP01-DEL02-DF 
573407;"1273645   ";2024-01-08;segunda-feira;16:34:00;DF;"20   ";"40,5 ";BRASILIA;Não;Chuva;2;Capotamento;Com Vítimas Feridas;Pleno dia;Decrescente;Chuva;Dupla;Aclive;Não  ;"1021325   ";Automóvel;FIAT/PALIO FIRE;"2016      ";Condutor;Lesões Leves;"27   ";Feminino;"0 ";"1    ";"0    ";"0    ";-15.5815520;-47.5080350;SPRF-DF;DEL02-DF;UOP01-DEL02-DF 
573407;"1276588   ";2024-01-08;segunda-feira;16:34:00;DF;"20   ";"40,5 ";BRASILIA;Sim;Acumulo de água sobre o pavimento;2;Capotamento;Com Vítimas Feridas;Pleno dia;Decrescente;Chuva;Dupla;Aclive;Não  ;"1021325   ";Automóvel;FIAT/PALIO FIRE;"2016      ";Passageiro;Ileso;"11   ";Masculino;"1 ";"0    ";"0    ";"0    ";-15.5815520;-47.5080350;SPRF-DF;DEL02-DF;UOP01-DEL02-DF 
573407;"1273645   ";2024-01-08;segunda-feira;16:34:00;DF;"20   ";"40,5 ";BRASILIA;Sim;Acumulo de água sobre o pavimento;2;Capotamento;Com Vítimas Feridas;Pleno dia;Decrescente;Chuva;Dupla;Aclive;Não  ;"1021325   ";Automóvel;FIAT/PALIO FIRE;"2016      ";Condutor;Lesões Leves;"27   ";Feminino;"0 ";"1    ";"0    ";"0    ";-15.5815520;-47.5080350;SPRF-DF;DEL02-DF;UOP01-DEL02-DF 
573407;"1276588   ";2024-01-08;segunda-feira;16:34:00;DF;"20   ";"40,5 ";BRASILIA;Não;Chuva;1;Saída de leito carroçável;Com Vítimas Feridas;Pleno dia;Decrescente;Chuva;Dupla;Aclive;Não  ;"1021325   ";Automóvel;FIAT/PALIO FIRE;"2016      ";Passageiro;Ileso;"11   ";Masculino;"1 ";"0    ";"0    ";"0    ";-15.5815520;-47.5080350;SPRF-DF;DEL02-DF;UOP01-DEL02-DF 
573407;"1273645   ";2024-01-08;segunda-feira;16:34:00;DF;"20   ";"40,5 ";BRASILIA;Não;Chuva;1;Saída de leito carroçável;Com Vítimas Feridas;Pleno dia;Decrescente;Chuva;Dupla;Aclive;Não  ;"1021325   ";Automóvel;FIAT/PALIO FIRE;"2016      ";Condutor;Lesões Leves;"27   ";Feminino;"0 ";"1    ";"0    ";"0    ";-15.5815520;-47.5080350;SPRF-DF;DEL02-DF;UOP01-DEL02-DF 
573407;"1276588   ";2024-01-08;segunda-feira;16:34:00;DF;"20   ";"40,5 ";BRASILIA;Sim;Acumulo de água sobre o pavimento;1;Saída de leito carroçável;Com Vítimas Feridas;Pleno dia;Decrescente;Chuva;Dupla;Aclive;Não  ;"1021325   ";Automóvel;FIAT/PALIO FIRE;"2016      ";Passageiro;Ileso;"11   ";Masculino;"1 ";"0    ";"0    ";"0    ";-15.5815520;-47.5080350;SPRF-DF;DEL02-DF;UOP01-DEL02-DF 
573407;"1273645   ";2024-01-08;segunda-feira;16:34:00;DF;"20   ";"40,5 ";BRASILIA;Sim;Acumulo de água sobre o pavimento;1;Saída de leito carroçável;Com Vítimas Feridas;Pleno dia;Decrescente;Chuva;Dupla;Aclive;Não  ;"1021325   ";Automóvel;FIAT/PALIO FIRE;"2016      ";Condutor;Lesões Leves;"27   ";Feminino;"0 ";"1    ";"0    ";"0    ";-15.5815520;-47.5080350;SPRF-DF;DEL02-DF;UOP01-DEL02-DF 
573425;"1274370   ";2024-01-08;segunda-feira;18:00:00;DF;"20   ";"13   ";BRASILIA;Sim;Acumulo de água sobre o pavimento;2;Colisão com objeto;Sem Vítimas;Pleno dia;Crescente;Chuva;Dupla;Reta;Sim  ;"1021859   ";Caminhão;M.BENZ/710;"2011      ";Condutor;Ileso;"48   ";Masculino;"1 ";"0    ";"0    ";"0    ";-15.6387520;-47.7495990;SPRF-DF;DEL02-DF;UOP01-DEL02-DF 
573425;"1274370   ";2024-01-08;segunda-feira;18:00:00;DF;"20   ";"13   ";BRASILIA;Sim;Acumulo de água sobre o pavimento;1;Saída de leito carroçável;Sem Vítimas;Pleno dia;Crescente;Chuva;Dupla;Reta;Sim  ;"1021859   ";Caminhão;M.BENZ/710;"2011      ";Condutor;Ileso;"48   ";Masculino;"1 ";"0    ";"0    ";"0    ";-15.6387520;-47.7495990;SPRF-DF;DEL02-DF;UOP01-DEL02-DF 
573429;"1273436   ";2024-01-08;segunda-feira;18:05:00;DF;"60   ";"6    ";BRASILIA;Sim;Ausência de reação do condutor;1;Queda de ocupante de veículo;Sem Vítimas;Pleno dia;Crescente;Ignorado;Dupla;"Reta;Declive";Não  ;"1021174   ";Motocicleta;I/HONDA CBR 250R;"2012      ";Condutor;Não Informado;"0    ";Não Informado;"0 ";"0    ";"0    ";"0    ";-15.8979390;-48.1130560;SPRF-DF;DEL03-DF;UOP01-DEL03-DF 
573480;"1273651   ";2024-01-08;segunda-feira;22:26:00;GO;"20   ";"101  ";FLORES DE GOIAS;Sim;Demais falhas mecânicas ou elétricas;1;Incêndio;Sem Vítimas;Plena Noite;Crescente;Nublado;Simples;Reta;Não  ;"1021331   ";Automóvel;GM/CORSA SEDAN PREMIUM;"2009      ";Condutor;Não Informado;"0    ";Não Informado;"0 ";"0    ";"0    ";"0    ";-14.9407160;-46.9861260;SPRF-DF;DEL02-DF;UOP02-DEL02-DF 
573483;"1273626   ";2024-01-09;terça-feira;02:52:00;GO;"40   ";"42,7 ";LUZIANIA;Sim;Condutor Dormindo;1;Colisão lateral sentido oposto;Com Vítimas Fatais;Plena Noite;Crescente;Chuva;Simples;"Aclive;Curva";Não  ;"1021314   ";Caminhão-trator;SCANIA/P 360 A4X2;"2014      ";Condutor;Ileso;"50   ";Masculino;"1 ";"0    ";"0    ";"0    ";-16.3828820;-47.8265160;SPRF-DF;DEL01-DF;UOP02-DEL01-DF 
573483;"1275571   ";2024-01-09;terça-feira;02:52:00;GO;"40   ";"42,7 ";LUZIANIA;Sim;Condutor Dormindo;1;Colisão lateral sentido oposto;Com Vítimas Fatais;Plena Noite;Crescente;Chuva;Simples;"Aclive;Curva";Não  ;"1021313   ";Automóvel;GM/ASTRA HB 2P ADVANTAGE;"2005      ";Passageiro;Lesões Graves;"57   ";Feminino;"0 ";"0    ";"1    ";"0    ";-16.3828820;-47.8265160;SPRF-DF;DEL01-DF;UOP02-DEL01-DF 
573483;"1275574   ";2024-01-09;terça-feira;02:52:00;GO;"40   ";"42,7 ";LUZIANIA;Sim;Condutor Dormindo;1;Colisão lateral sentido oposto;Com Vítimas Fatais;Plena Noite;Crescente;Chuva;Simples;"Aclive;Curva";Não  ;"1021313   ";Automóvel;GM/ASTRA HB 2P ADVANTAGE;"2005      ";Passageiro;Lesões Graves;"19   ";Feminino;"0 ";"0    ";"1    ";"0    ";-16.3828820;-47.8265160;SPRF-DF;DEL01-DF;UOP02-DEL01-DF 
573483;"1275564   ";2024-01-09;terça-feira;02:52:00;GO;"40   ";"42,7 ";LUZIANIA;Sim;Condutor Dormindo;1;Colisão lateral sentido oposto;Com Vítimas Fatais;Plena Noite;Crescente;Chuva;Simples;"Aclive;Curva";Não  ;"1021313   ";Automóvel;GM/ASTRA HB 2P ADVANTAGE;"2005      ";Passageiro;Lesões Graves;"3    ";Masculino;"0 ";"0    ";"1    ";"0    ";-16.3828820;-47.8265160;SPRF-DF;DEL01-DF;UOP02-DEL01-DF 
573483;"1273625   ";2024-01-09;terça-feira;02:52:00;GO;"40   ";"42,7 ";LUZIANIA;Sim;Condutor Dormindo;1;Colisão lateral sentido oposto;Com Vítimas Fatais;Plena Noite;Crescente;Chuva;Simples;"Aclive;Curva";Não  ;"1021313   ";Automóvel;GM/ASTRA HB 2P ADVANTAGE;"2005      ";Condutor;Óbito;"64   ";Masculino;"0 ";"0    ";"0    ";"1    ";-16.3828820;-47.8265160;SPRF-DF;DEL01-DF;UOP02-DEL01-DF 
573483;"0         ";2024-01-09;terça-feira;02:52:00;GO;"40   ";"42,7 ";LUZIANIA;Sim;Condutor Dormindo;1;Colisão lateral sentido oposto;Com Vítimas Fatais;Plena Noite;Crescente;Chuva;Simples;"Aclive;Curva";Não  ;"1022614   ";Semireboque;SR/RANDON SRFG CG;"2019      ";"0";"0";"0    ";"0";"0 ";"0    ";"0    ";"0    ";-16.3828820;-47.8265160;SPRF-DF;DEL01-DF;UOP02-DEL01-DF 
573487;"1273654   ";2024-01-09;terça-feira;04:52:00;GO;"60   ";"7,9  ";SANTO ANTONIO DO DESCOBERTO;Sim;Condutor Dormindo;1;Saída de leito carroçável;Sem Vítimas;Pleno dia;Decrescente;Céu Claro;Dupla;Reta;Não  ;"1021332   ";Automóvel;VW/GOL 1.6 RALLYE;"2011      ";Condutor;Ileso;"65   ";Masculino;"1 ";"0    ";"0    ";"0    ";-16.1038757;-48.2934952;SPRF-DF;DEL03-DF;UOP01-DEL03-DF 
573566;"1273877   ";2024-01-09;terça-feira;13:00:00;GO;"414  ";"384  ";CORUMBA DE GOIAS;Sim;Ingestão de álcool pelo condutor;2;Queda de ocupante de veículo;Com Vítimas Feridas;Pleno dia;Crescente;Céu Claro;Simples;Reta;Não  ;"1021502   ";Motocicleta;HONDA/CG 125 FAN;"2006      ";Condutor;Lesões Graves;"53   ";Masculino;"0 ";"0    ";"1    ";"0    ";-15.8670031;-48.7738609;SPRF-GO;DEL02-GO;UOP01-DEL02-GO 
573566;"1273877   ";2024-01-09;terça-feira;13:00:00;GO;"414  ";"384  ";CORUMBA DE GOIAS;Sim;Ingestão de álcool pelo condutor;1;Saída de leito carroçável;Com Vítimas Feridas;Pleno dia;Crescente;Céu Claro;Simples;Reta;Não  ;"1021502   ";Motocicleta;HONDA/CG 125 FAN;"2006      ";Condutor;Lesões Graves;"53   ";Masculino;"0 ";"0    ";"1    ";"0    ";-15.8670031;-48.7738609;SPRF-GO;DEL02-GO;UOP01-DEL02-GO 
573612;"1274109   ";2024-01-09;terça-feira;17:30:00;DF;"40   ";"4,3  ";BRASILIA;Sim;Condutor deixou de manter distância do veículo da frente;2;Queda de ocupante de veículo;Com Vítimas Feridas;Pleno dia;Crescente;Nublado;Dupla;Reta;Sim  ;"1021669   ";Automóvel;I/FORD FOCUS 1.6L HA;"2006      ";Condutor;Ileso;"24   ";Masculino;"1 ";"0    ";"0    ";"0    ";-16.0120330;-47.9821240;SPRF-DF;DEL01-DF;UOP01-DEL01-DF 
573612;"1274110   ";2024-01-09;terça-feira;17:30:00;DF;"40   ";"4,3  ";BRASILIA;Sim;Condutor deixou de manter distância do veículo da frente;2;Queda de ocupante de veículo;Com Vítimas Feridas;Pleno dia;Crescente;Nublado;Dupla;Reta;Sim  ;"1021670   ";Motocicleta;YAMAHA/FZ25 FAZER;"2019      ";Condutor;Lesões Leves;"41   ";Masculino;"0 ";"1    ";"0    ";"0    ";-16.0120330;-47.9821240;SPRF-DF;DEL01-DF;UOP01-DEL01-DF 