id;pesid;data_inversa;dia_semana;horario;uf;br;km;municipio;causa_principal;causa_acidente;ordem_tipo_acidente;tipo_acidente;classificacao_acidente;fase_dia;sentido_via;condicao_metereologica;tipo_pista;tracado_via;uso_solo;id_veiculo;tipo_veiculo;marca;ano_fabricacao_veiculo;tipo_envolvido;estado_fisico;idade;sexo;ilesos;feridos_leves;feridos_graves;mortos;latitude;longitude;regional;delegacia;uop
573612;"1274109   ";2024-01-09;terça-feira;17:30:00;DF;"40   ";"4,3  ";BRASILIA;Sim;Condutor deixou de manter distância do veículo da frente;1;Colisão traseira;Com Vítimas Feridas;Pleno dia;Crescente;Nublado;Dupla;Reta;Sim  ;"1021669   ";Automóvel;I/FORD FOCUS 1.6L HA;"2006      ";Condutor;Ileso;"24   ";Masculino;"1 ";"0    ";"0    ";"0    ";-16.0120330;-47.9821240;SPRF-DF;DEL01-DF;UOP01-DEL01-DF 
573612;"1274110   ";2024-01-09;terça-feira;17:30:00;DF;"40   ";"4,3  ";BRASILIA;Sim;Condutor deixou de manter distância do veículo da frente;1;Colisão traseira;Com Vítimas Feridas;Pleno dia;Crescente;Nublado;Dupla;Reta;Sim  ;"1021670   ";Motocicleta;YAMAHA/FZ25 FAZER;"2019      ";Condutor;Lesões Leves;"41   ";Masculino;"0 ";"1    ";"0    ";"0    ";-16.0120330;-47.9821240;SPRF-DF;DEL01-DF;UOP01-DEL01-DF 
573638;"1274073   ";2024-01-09;terça-feira;18:45:00;DF;"40   ";"3,7  ";BRASILIA;Não;Trafegar com motocicleta (ou similar) entre as faixas;3;Queda de ocupante de veículo;Com Vítimas Feridas;Plena Noite;Crescente;Nublado;Dupla;"Aclive;Reta";Não  ;"1021631   ";Automóvel;GM/CORSA HATCH MAXX;"2005      ";Condutor;Ileso;"27   ";Feminino;"1 ";"0    ";"0    ";"0    ";-16.0031450;-47.9839440;SPRF-DF;DEL01-DF;UOP01-DEL01-DF 
573638;"1274075   ";2024-01-09;terça-feira;18:45:00;DF;"40   ";"3,7  ";BRASILIA;Não;Trafegar com motocicleta (ou similar) entre as faixas;3;Queda de ocupante de veículo;Com Vítimas Feridas;Plena Noite;Crescente;Nublado;Dupla;"Aclive;Reta";Não  ;"1021632   ";Motocicleta;HONDA/CG 125 FAN KS;"2015      ";Condutor;Lesões Leves;"38   ";Masculino;"0 ";"1    ";"0    ";"0    ";-16.0031450;-47.9839440;SPRF-DF;DEL01-DF;UOP01-DEL01-DF 
573638;"1274073   ";2024-01-09;terça-feira;18:45:00;DF;"40   ";"3,7  ";BRASILIA;Não;Manobra de mudança de faixa;3;Queda de ocupante de veículo;Com Vítimas Feridas;Plena Noite;Crescente;Nublado;Dupla;"Aclive;Reta";Não  ;"1021631   ";Automóvel;GM/CORSA HATCH MAXX;"2005      ";Condutor;Ileso;"27   ";Feminino;"1 ";"0    ";"0    ";"0    ";-16.0031450;-47.9839440;SPRF-DF;DEL01-DF;UOP01-DEL01-DF 
573638;"1274075   ";2024-01-09;terça-feira;18:45:00;DF;"40   ";"3,7  ";BRASILIA;Não;Manobra de mudança de faixa;3;Queda de ocupante de veículo;Com Vítimas Feridas;Plena Noite;Crescente;Nublado;Dupla;"Aclive;Reta";Não  ;"1021632   ";Motocicleta;HONDA/CG 125 FAN KS;"2015      ";Condutor;Lesões Leves;"38   ";Masculino;"0 ";"1    ";"0    ";"0    ";-16.0031450;-47.9839440;SPRF-DF;DEL01-DF;UOP01-DEL01-DF 
573638;"1274073   ";2024-01-09;terça-feira;18:45:00;DF;"40   ";"3,7  ";BRASILIA;Sim;Ausência de reação do condutor;3;Queda de ocupante de veículo;Com Vítimas Feridas;Plena Noite;Crescente;Nublado;Dupla;"Aclive;Reta";Não  ;"1021631   ";Automóvel;GM/CORSA HATCH MAXX;"2005      ";Condutor;Ileso;"27   ";Feminino;"1 ";"0    ";"0    ";"0    ";-16.0031450;-47.9839440;SPRF-DF;DEL01-DF;UOP01-DEL01-DF 
573638;"1274075   ";2024-01-09;terça-feira;18:45:00;DF;"40   ";"3,7  ";BRASILIA;Sim;Ausência de reação do condutor;3;Queda de ocupante de veículo;Com Vítimas Feridas;Plena Noite;Crescente;Nublado;Dupla;"Aclive;Reta";Não  ;"1021632   ";Motocicleta;HONDA/CG 125 FAN KS;"2015      ";Condutor;Lesões Leves;"38   ";Masculino;"0 ";"1    ";"0    ";"0    ";-16.0031450;-47.9839440;SPRF-DF;DEL01-DF;UOP01-DEL01-DF 
573638;"1274073   ";2024-01-09;terça-feira;18:45:00;DF;"40   ";"3,7  ";BRASILIA;Não;Trafegar com motocicleta (ou similar) entre as faixas;2;Tombamento;Com Vítimas Feridas;Plena Noite;Crescente;Nublado;Dupla;"Aclive;Reta";Não  ;"1021631   ";Automóvel;GM/CORSA HATCH MAXX;"2005      ";Condutor;Ileso;"27   ";Feminino;"1 ";"0    ";"0    ";"0    ";-16.0031450;-47.9839440;SPRF-DF;DEL01-DF;UOP01-DEL01-DF 
573638;"1274075   ";2024-01-09;terça-feira;18:45:00;DF;"40   ";"3,7  ";BRASILIA;Não;Trafegar com motocicleta (ou similar) entre as faixas;2;Tombamento;Com Vítimas Feridas;Plena Noite;Crescente;Nublado;Dupla;"Aclive;Reta";Não  ;"1021632   ";Motocicleta;HONDA/CG 125 FAN KS;"2015      ";Condutor;Lesões Leves;"38   ";Masculino;"0 ";"1    ";"0    ";"0    ";-16.0031450;-47.9839440;SPRF-DF;DEL01-DF;UOP01-DEL01-DF 
573638;"1274073   ";2024-01-09;terça-feira;18:45:00;DF;"40   ";"3,7  ";BRASILIA;Não;Manobra de mudança de faixa;2;Tombamento;Com Vítimas Feridas;Plena Noite;Crescente;Nublado;Dupla;"Aclive;Reta";Não  ;"1021631   ";Automóvel;GM/CORSA HATCH MAXX;"2005      ";Condutor;Ileso;"27   ";Feminino;"1 ";"0    ";"0    ";"0    ";-16.0031450;-47.9839440;SPRF-DF;DEL01-DF;UOP01-DEL01-DF 
573638;"1274075   ";2024-01-09;terça-feira;18:45:00;DF;"40   ";"3,7  ";BRASILIA;Não;Manobra de mudança de faixa;2;Tombamento;Com Vítimas Feridas;Plena Noite;Crescente;Nublado;Dupla;"Aclive;Reta";Não  ;"1021632   ";Motocicleta;HONDA/CG 125 FAN KS;"2015      ";Condutor;Lesões Leves;"38   ";Masculino;"0 ";"1    ";"0    ";"0    ";-16.0031450;-47.9839440;SPRF-DF;DEL01-DF;UOP01-DEL01-DF 
573638;"1274073   ";2024-01-09;terça-feira;18:45:00;DF;"40   ";"3,7  ";BRASILIA;Sim;Ausência de reação do condutor;2;Tombamento;Com Vítimas Feridas;Plena Noite;Crescente;Nublado;Dupla;"Aclive;Reta";Não  ;"1021631   ";Automóvel;GM/CORSA HATCH MAXX;"2005      ";Condutor;Ileso;"27   ";Feminino;"1 ";"0    ";"0    ";"0    ";-16.0031450;-47.9839440;SPRF-DF;DEL01-DF;UOP01-DEL01-DF 
573638;"1274075   ";2024-01-09;terça-feira;18:45:00;DF;"40   ";"3,7  ";BRASILIA;Sim;Ausência de reação do condutor;2;Tombamento;Com Vítimas Feridas;Plena Noite;Crescente;Nublado;Dupla;"Aclive;Reta";Não  ;"1021632   ";Motocicleta;HONDA/CG 125 FAN KS;"2015      ";Condutor;Lesões Leves;"38   ";Masculino;"0 ";"1    ";"0    ";"0    ";-16.0031450;-47.9839440;SPRF-DF;DEL01-DF;UOP01-DEL01-DF 
573638;"1274073   ";2024-01-09;terça-feira;18:45:00;DF;"40   ";"3,7  ";BRASILIA;Não;Trafegar com motocicleta (ou similar) entre as faixas;1;Colisão traseira;Com Vítimas Feridas;Plena Noite;Crescente;Nublado;Dupla;"Aclive;Reta";Não  ;"1021631   ";Automóvel;GM/CORSA HATCH MAXX;"2005      ";Condutor;Ileso;"27   ";Feminino;"1 ";"0    ";"0    ";"0    ";-16.0031450;-47.9839440;SPRF-DF;DEL01-DF;UOP01-DEL01-DF 
573638;"1274075   ";2024-01-09;terça-feira;18:45:00;DF;"40   ";"3,7  ";BRASILIA;Não;Trafegar com motocicleta (ou similar) entre as faixas;1;Colisão traseira;Com Vítimas Feridas;Plena Noite;Crescente;Nublado;Dupla;"Aclive;Reta";Não  ;"1021632   ";Motocicleta;HONDA/CG 125 FAN KS;"2015      ";Condutor;Lesões Leves;"38   ";Masculino;"0 ";"1    ";"0    ";"0    ";-16.0031450;-47.9839440;SPRF-DF;DEL01-DF;UOP01-DEL01-DF 
573638;"1274073   ";2024-01-09;terça-feira;18:45:00;DF;"40   ";"3,7  ";BRASILIA;Não;Manobra de mudança de faixa;1;Colisão traseira;Com Vítimas Feridas;Plena Noite;Crescente;Nublado;Dupla;"Aclive;Reta";Não  ;"1021631   ";Automóvel;GM/CORSA HATCH MAXX;"2005      ";Condutor;Ileso;"27   ";Feminino;"1 ";"0    ";"0    ";"0    ";-16.0031450;-47.9839440;SPRF-DF;DEL01-DF;UOP01-DEL01-DF 
573638;"1274075   ";2024-01-09;terça-feira;18:45:00;DF;"40   ";"3,7  ";BRASILIA;Não;Manobra de mudança de faixa;1;Colisão traseira;Com Vítimas Feridas;Plena Noite;Crescente;Nublado;Dupla;"Aclive;Reta";Não  ;"1021632   ";Motocicleta;HONDA/CG 125 FAN KS;"2015      ";Condutor;Lesões Leves;"38   ";Masculino;"0 ";"1    ";"0    ";"0    ";-16.0031450;-47.9839440;SPRF-DF;DEL01-DF;UOP01-DEL01-DF 
573638;"1274073   ";2024-01-09;terça-feira;18:45:00;DF;"40   ";"3,7  ";BRASILIA;Sim;Ausência de reação do condutor;1;Colisão traseira;Com Vítimas Feridas;Plena Noite;Crescente;Nublado;Dupla;"Aclive;Reta";Não  ;"1021631   ";Automóvel;GM/CORSA HATCH MAXX;"2005      ";Condutor;Ileso;"27   ";Feminino;"1 ";"0    ";"0    ";"0    ";-16.0031450;-47.9839440;SPRF-DF;DEL01-DF;UOP01-DEL01-DF 
573638;"1274075   ";2024-01-09;terça-feira;18:45:00;DF;"40   ";"3,7  ";BRASILIA;Sim;Ausência de reação do condutor;1;Colisão traseira;Com Vítimas Feridas;Plena Noite;Crescente;Nublado;Dupla;"Aclive;Reta";Não  ;"1021632   ";Motocicleta;HONDA/CG 125 FAN KS;"2015      ";Condutor;Lesões Leves;"38   ";Masculino;"0 ";"1    ";"0    ";"0    ";-16.0031450;-47.9839440;SPRF-DF;DEL01-DF;UOP01-DEL01-DF 
573642;"1274167   ";2024-01-09;terça-feira;19:30:00;DF;"70   ";"12,5 ";BRASILIA;Sim;Trafegar com motocicleta (ou similar) entre as faixas;3;Queda de ocupante de veículo;Com Vítimas Feridas;Plena Noite;Crescente;Nublado;Dupla;Reta;Não  ;"1021737   ";Automóvel;CHEVROLET/ONIX 1.0MT LT;"2018      ";Condutor;Ileso;"27   ";Masculino;"1 ";"0    ";"0    ";"0    ";-15.7922430;-48.1585430;SPRF-DF;DEL03-DF;UOP02-DEL03-DF 
573642;"1274168   ";2024-01-09;terça-feira;19:30:00;DF;"70   ";"12,5 ";BRASILIA;Sim;Trafegar com motocicleta (ou similar) entre as faixas;3;Queda de ocupante de veículo;Com Vítimas Feridas;Plena Noite;Crescente;Nublado;Dupla;Reta;Não  ;"1021737   ";Automóvel;CHEVROLET/ONIX 1.0MT LT;"2018      ";Passageiro;Ileso;"28   ";Feminino;"1 ";"0    ";"0    ";"0    ";-15.7922430;-48.1585430;SPRF-DF;DEL03-DF;UOP02-DEL03-DF 
573642;"1274170   ";2024-01-09;terça-feira;19:30:00;DF;"70   ";"12,5 ";BRASILIA;Sim;Trafegar com motocicleta (ou similar) entre as faixas;3;Queda de ocupante de veículo;Com Vítimas Feridas;Plena Noite;Crescente;Nublado;Dupla;Reta;Não  ;"1021738   ";Motocicleta;HONDA/CG 160 FAN;"2023      ";Condutor;Lesões Leves;"25   ";Masculino;"0 ";"1    ";"0    ";"0    ";-15.7922430;-48.1585430;SPRF-DF;DEL03-DF;UOP02-DEL03-DF 
573642;"1274167   ";2024-01-09;terça-feira;19:30:00;DF;"70   ";"12,5 ";BRASILIA;Sim;Trafegar com motocicleta (ou similar) entre as faixas;2;Tombamento;Com Vítimas Feridas;Plena Noite;Crescente;Nublado;Dupla;Reta;Não  ;"1021737   ";Automóvel;CHEVROLET/ONIX 1.0MT LT;"2018      ";Condutor;Ileso;"27   ";Masculino;"1 ";"0    ";"0    ";"0    ";-15.7922430;-48.1585430;SPRF-DF;DEL03-DF;UOP02-DEL03-DF 
573642;"1274168   ";2024-01-09;terça-feira;19:30:00;DF;"70   ";"12,5 ";BRASILIA;Sim;Trafegar com motocicleta (ou similar) entre as faixas;2;Tombamento;Com Vítimas Feridas;Plena Noite;Crescente;Nublado;Dupla;Reta;Não  ;"1021737   ";Automóvel;CHEVROLET/ONIX 1.0MT LT;"2018      ";Passageiro;Ileso;"28   ";Feminino;"1 ";"0    ";"0    ";"0    ";-15.7922430;-48.1585430;SPRF-DF;DEL03-DF;UOP02-DEL03-DF 
573642;"1274170   ";2024-01-09;terça-feira;19:30:00;DF;"70   ";"12,5 ";BRASILIA;Sim;Trafegar com motocicleta (ou similar) entre as faixas;2;Tombamento;Com Vítimas Feridas;Plena Noite;Crescente;Nublado;Dupla;Reta;Não  ;"1021738   ";Motocicleta;HONDA/CG 160 FAN;"2023      ";Condutor;Lesões Leves;"25   ";Masculino;"0 ";"1    ";"0    ";"0    ";-15.7922430;-48.1585430;SPRF-DF;DEL03-DF;UOP02-DEL03-DF 
573642;"1274167   ";2024-01-09;terça-feira;19:30:00;DF;"70   ";"12,5 ";BRASILIA;Sim;Trafegar com motocicleta (ou similar) entre as faixas;1;Colisão transversal;Com Vítimas Feridas;Plena Noite;Crescente;Nublado;Dupla;Reta;Não  ;"1021737   ";Automóvel;CHEVROLET/ONIX 1.0MT LT;"2018      ";Condutor;Ileso;"27   ";Masculino;"1 ";"0    ";"0    ";"0    ";-15.7922430;-48.1585430;SPRF-DF;DEL03-DF;UOP02-DEL03-DF 
573642;"1274168   ";2024-01-09;terça-feira;19:30:00;DF;"70   ";"12,5 ";BRASILIA;Sim;Trafegar com motocicleta (ou similar) entre as faixas;1;Colisão transversal;Com Vítimas Feridas;Plena Noite;Crescente;Nublado;Dupla;Reta;Não  ;"1021737   ";Automóvel;CHEVROLET/ONIX 1.0MT LT;"2018      ";Passageiro;Ileso;"28   ";Feminino;"1 ";"0    ";"0    ";"0    ";-15.7922430;-48.1585430;SPRF-DF;DEL03-DF;UOP02-DEL03-DF 
573642;"1274170   ";2024-01-09;terça-feira;19:30:00;DF;"70   ";"12,5 ";BRASILIA;Sim;Trafegar com motocicleta (ou similar) entre as faixas;1;Colisão transversal;Com Vítimas Feridas;Plena Noite;Crescente;Nublado;Dupla;Reta;Não  ;"1021738   ";Motocicleta;HONDA/CG 160 FAN;"2023      ";Condutor;Lesões Leves;"25   ";Masculino;"0 ";"1    ";"0    ";"0    ";-15.7922430;-48.1585430;SPRF-DF;DEL03-DF;UOP02-DEL03-DF 
573665;"1276171   ";2024-01-09;terça-feira;23:00:00;GO;"40   ";"0    ";VALPARAISO DE GOIAS;Não;Ingestão de álcool pelo condutor;2;Eventos atípicos;Sem Vítimas;Plena Noite;Crescente;Nublado;Dupla;Reta;Sim  ;"1021671   ";Automóvel;PEUGEOT/206 SW 14PRESENC;"2005      ";Condutor;Ileso;"47   ";Masculino;"1 ";"0    ";"0    ";"0    ";-16.0539382;-47.9821658;SPRF-DF;DEL01-DF;UOP01-DEL01-DF 
573665;"1274112   ";2024-01-09;terça-feira;23:00:00;GO;"40   ";"0    ";VALPARAISO DE GOIAS;Não;Ingestão de álcool pelo condutor;2;Eventos atípicos;Sem Vítimas;Plena Noite;Crescente;Nublado;Dupla;Reta;Sim  ;"1021673   ";Automóvel;CHEV/ONIX JOY BLACK;"2019      ";Condutor;Ileso;"29   ";Masculino;"1 ";"0    ";"0    ";"0    ";-16.0539382;-47.9821658;SPRF-DF;DEL01-DF;UOP01-DEL01-DF 
573665;"1274111   ";2024-01-09;terça-feira;23:00:00;GO;"40   ";"0    ";VALPARAISO DE GOIAS;Não;Ingestão de álcool pelo condutor;2;Eventos atípicos;Sem Vítimas;Plena Noite;Crescente;Nublado;Dupla;Reta;Sim  ;"1021672   ";Automóvel;VW/NOVO GOL TRACK MCV;"2017      ";Condutor;Ileso;"37   ";Masculino;"1 ";"0    ";"0    ";"0    ";-16.0539382;-47.9821658;SPRF-DF;DEL01-DF;UOP01-DEL01-DF 
573665;"1276171   ";2024-01-09;terça-feira;23:00:00;GO;"40   ";"0    ";VALPARAISO DE GOIAS;Sim;Transitar na contramão;2;Eventos atípicos;Sem Vítimas;Plena Noite;Crescente;Nublado;Dupla;Reta;Sim  ;"1021671   ";Automóvel;PEUGEOT/206 SW 14PRESENC;"2005      ";Condutor;Ileso;"47   ";Masculino;"1 ";"0    ";"0    ";"0    ";-16.0539382;-47.9821658;SPRF-DF;DEL01-DF;UOP01-DEL01-DF 
586074;"1304781   ";2024-03-09;sábado;08:00:00;DF;"20   ";"2    ";BRASILIA;Sim;Frear bruscamente;2;Capotamento;Sem Vítimas;Pleno dia;Crescente;Céu Claro;Dupla;Reta;Sim  ;"1045128   ";Caminhonete;FIAT/STRADA WORKING;"2012      ";Passageiro;Ileso;"22   ";Masculino;"1 ";"0    ";"0    ";"0    ";-15.6828960;-47.8407290;SPRF-DF;DEL02-DF;UOP01-DEL02-DF 
573665;"1274111   ";2024-01-09;terça-feira;23:00:00;GO;"40   ";"0    ";VALPARAISO DE GOIAS;Sim;Transitar na contramão;2;Eventos atípicos;Sem Vítimas;Plena Noite;Crescente;Nublado;Dupla;Reta;Sim  ;"1021672   ";Automóvel;VW/NOVO GOL TRACK MCV;"2017      ";Condutor;Ileso;"37   ";Masculino;"1 ";"0    ";"0    ";"0    ";-16.0539382;-47.9821658;SPRF-DF;DEL01-DF;UOP01-DEL01-DF 
573665;"1276171   ";2024-01-09;terça-feira;23:00:00;GO;"40   ";"0    ";VALPARAISO DE GOIAS;Não;Ingestão de álcool pelo condutor;1;Colisão frontal;Sem Vítimas;Plena Noite;Crescente;Nublado;Dupla;Reta;Sim  ;"1021671   ";Automóvel;PEUGEOT/206 SW 14PRESENC;"2005      ";Condutor;Ileso;"47   ";Masculino;"1 ";"0    ";"0    ";"0    ";-16.0539382;-47.9821658;SPRF-DF;DEL01-DF;UOP01-DEL01-DF 
573665;"1274112   ";2024-01-09;terça-feira;23:00:00;GO;"40   ";"0    ";VALPARAISO DE GOIAS;Não;Ingestão de álcool pelo condutor;1;Colisão frontal;Sem Vítimas;Plena Noite;Crescente;Nublado;Dupla;Reta;Sim  ;"1021673   ";Automóvel;CHEV/ONIX JOY BLACK;"2019      ";Condutor;Ileso;"29   ";Masculino;"1 ";"0    ";"0    ";"0    ";-16.0539382;-47.9821658;SPRF-DF;DEL01-DF;UOP01-DEL01-DF 
573665;"1274111   ";2024-01-09;terça-feira;23:00:00;GO;"40   ";"0    ";VALPARAISO DE GOIAS;Não;Ingestão de álcool pelo condutor;1;Colisão frontal;Sem Vítimas;Plena Noite;Crescente;Nublado;Dupla;Reta;Sim  ;"1021672   ";Automóvel;VW/NOVO GOL TRACK MCV;"2017      ";Condutor;Ileso;"37   ";Masculino;"1 ";"0    ";"0    ";"0    ";-16.0539382;-47.9821658;SPRF-DF;DEL01-DF;UOP01-DEL01-DF 
573665;"1276171   ";2024-01-09;terça-feira;23:00:00;GO;"40   ";"0    ";VALPARAISO DE GOIAS;Sim;Transitar na contramão;1;Colisão frontal;Sem Vítimas;Plena Noite;Crescente;Nublado;Dupla;Reta;Sim  ;"1021671   ";Automóvel;PEUGEOT/206 SW 14PRESENC;"2005      ";Condutor;Ileso;"47   ";Masculino;"1 ";"0    ";"0    ";"0    ";-16.0539382;-47.9821658;SPRF-DF;DEL01-DF;UOP01-DEL01-DF 
573665;"1274112   ";2024-01-09;terça-feira;23:00:00;GO;"40   ";"0    ";VALPARAISO DE GOIAS;Sim;Transitar na contramão;1;Colisão frontal;Sem Vítimas;Plena Noite;Crescente;Nublado;Dupla;Reta;Sim  ;"1021673   ";Automóvel;CHEV/ONIX JOY BLACK;"2019      ";Condutor;Ileso;"29   ";Masculino;"1 ";"0    ";"0    ";"0    ";-16.0539382;-47.9821658;SPRF-DF;DEL01-DF;UOP01-DEL01-DF 
573665;"1274111   ";2024-01-09;terça-feira;23:00:00;GO;"40   ";"0    ";VALPARAISO DE GOIAS;Sim;Transitar na contramão;1;Colisão frontal;Sem Vítimas;Plena Noite;Crescente;Nublado;Dupla;Reta;Sim  ;"1021672   ";Automóvel;VW/NOVO GOL TRACK MCV;"2017      ";Condutor;Ileso;"37   ";Masculino;"1 ";"0    ";"0    ";"0    ";-16.0539382;-47.9821658;SPRF-DF;DEL01-DF;UOP01-DEL01-DF 
573672;"0         ";2024-01-09;terça-feira;23:00:00;GO;"80   ";"3    ";PADRE BERNARDO;Não;Reação tardia ou ineficiente do condutor;1;Tombamento;Com Vítimas Feridas;Plena Noite;Crescente;Nublado;Dupla;"Curva;Interseção de Vias";Não  ;"1021792   ";Semireboque;SR/FACCHINI SRF 4CA;"2023      ";"0";"0";"0    ";"0";"0 ";"0    ";"0    ";"0    ";-15.5016360;-48.2160759;SPRF-DF;DEL03-DF;UOP02-DEL03-DF 
573672;"1274241   ";2024-01-09;terça-feira;23:00:00;GO;"80   ";"3    ";PADRE BERNARDO;Não;Reação tardia ou ineficiente do condutor;1;Tombamento;Com Vítimas Feridas;Plena Noite;Crescente;Nublado;Dupla;"Curva;Interseção de Vias";Não  ;"1021791   ";Caminhão-trator;SCANIA/R124 GA4X2NZ 400;"2004      ";Passageiro;Lesões Leves;"59   ";Feminino;"0 ";"1    ";"0    ";"0    ";-15.5016360;-48.2160759;SPRF-DF;DEL03-DF;UOP02-DEL03-DF 
573672;"1278496   ";2024-01-09;terça-feira;23:00:00;GO;"80   ";"3    ";PADRE BERNARDO;Não;Reação tardia ou ineficiente do condutor;1;Tombamento;Com Vítimas Feridas;Plena Noite;Crescente;Nublado;Dupla;"Curva;Interseção de Vias";Não  ;"1021791   ";Caminhão-trator;SCANIA/R124 GA4X2NZ 400;"2004      ";Condutor;Lesões Leves;"29   ";Masculino;"0 ";"1    ";"0    ";"0    ";-15.5016360;-48.2160759;SPRF-DF;DEL03-DF;UOP02-DEL03-DF 
573672;"0         ";2024-01-09;terça-feira;23:00:00;GO;"80   ";"3    ";PADRE BERNARDO;Sim;Velocidade Incompatível;1;Tombamento;Com Vítimas Feridas;Plena Noite;Crescente;Nublado;Dupla;"Curva;Interseção de Vias";Não  ;"1021792   ";Semireboque;SR/FACCHINI SRF 4CA;"2023      ";"0";"0";"0    ";"0";"0 ";"0    ";"0    ";"0    ";-15.5016360;-48.2160759;SPRF-DF;DEL03-DF;UOP02-DEL03-DF 
573672;"1274241   ";2024-01-09;terça-feira;23:00:00;GO;"80   ";"3    ";PADRE BERNARDO;Sim;Velocidade Incompatível;1;Tombamento;Com Vítimas Feridas;Plena Noite;Crescente;Nublado;Dupla;"Curva;Interseção de Vias";Não  ;"1021791   ";Caminhão-trator;SCANIA/R124 GA4X2NZ 400;"2004      ";Passageiro;Lesões Leves;"59   ";Feminino;"0 ";"1    ";"0    ";"0    ";-15.5016360;-48.2160759;SPRF-DF;DEL03-DF;UOP02-DEL03-DF 
573672;"1278496   ";2024-01-09;terça-feira;23:00:00;GO;"80   ";"3    ";PADRE BERNARDO;Sim;Velocidade Incompatível;1;Tombamento;Com Vítimas Feridas;Plena Noite;Crescente;Nublado;Dupla;"Curva;Interseção de Vias";Não  ;"1021791   ";Caminhão-trator;SCANIA/R124 GA4X2NZ 400;"2004      ";Condutor;Lesões Leves;"29   ";Masculino;"0 ";"1    ";"0    ";"0    ";-15.5016360;-48.2160759;SPRF-DF;DEL03-DF;UOP02-DEL03-DF 
573708;"1274179   ";2024-01-10;quarta-feira;07:00:00;DF;"70   ";"16   ";BRASILIA;Sim;Acessar a via sem observar a presença dos outros veículos;3;Queda de ocupante de veículo;Com Vítimas Feridas;Pleno dia;Crescente;Nublado;Dupla;"Interseção de Vias;Rotatória";Não  ;"1021744   ";Motocicleta;HONDA/CG150 FAN ESDI;"2012      ";Condutor;Lesões Leves;"43   ";Masculino;"0 ";"1    ";"0    ";"0    ";-15.7961440;-48.1942250;SPRF-DF;DEL03-DF;UOP02-DEL03-DF 
573708;"1274177   ";2024-01-10;quarta-feira;07:00:00;DF;"70   ";"16   ";BRASILIA;Sim;Acessar a via sem observar a presença dos outros veículos;3;Queda de ocupante de veículo;Com Vítimas Feridas;Pleno dia;Crescente;Nublado;Dupla;"Interseção de Vias;Rotatória";Não  ;"1021743   ";Automóvel;I/CHEVROLET CLASSIC LS;"2013      ";Condutor;Ileso;"50   ";Masculino;"1 ";"0    ";"0    ";"0    ";-15.7961440;-48.1942250;SPRF-DF;DEL03-DF;UOP02-DEL03-DF 
573708;"1274179   ";2024-01-10;quarta-feira;07:00:00;DF;"70   ";"16   ";BRASILIA;Sim;Acessar a via sem observar a presença dos outros veículos;2;Tombamento;Com Vítimas Feridas;Pleno dia;Crescente;Nublado;Dupla;"Interseção de Vias;Rotatória";Não  ;"1021744   ";Motocicleta;HONDA/CG150 FAN ESDI;"2012      ";Condutor;Lesões Leves;"43   ";Masculino;"0 ";"1    ";"0    ";"0    ";-15.7961440;-48.1942250;SPRF-DF;DEL03-DF;UOP02-DEL03-DF 
573708;"1274177   ";2024-01-10;quarta-feira;07:00:00;DF;"70   ";"16   ";BRASILIA;Sim;Acessar a via sem observar a presença dos outros veículos;2;Tombamento;Com Vítimas Feridas;Pleno dia;Crescente;Nublado;Dupla;"Interseção de Vias;Rotatória";Não  ;"1021743   ";Automóvel;I/CHEVROLET CLASSIC LS;"2013      ";Condutor;Ileso;"50   ";Masculino;"1 ";"0    ";"0    ";"0    ";-15.7961440;-48.1942250;SPRF-DF;DEL03-DF;UOP02-DEL03-DF 
573708;"1274179   ";2024-01-10;quarta-feira;07:00:00;DF;"70   ";"16   ";BRASILIA;Sim;Acessar a via sem observar a presença dos outros veículos;1;Colisão transversal;Com Vítimas Feridas;Pleno dia;Crescente;Nublado;Dupla;"Interseção de Vias;Rotatória";Não  ;"1021744   ";Motocicleta;HONDA/CG150 FAN ESDI;"2012      ";Condutor;Lesões Leves;"43   ";Masculino;"0 ";"1    ";"0    ";"0    ";-15.7961440;-48.1942250;SPRF-DF;DEL03-DF;UOP02-DEL03-DF 
573708;"1274177   ";2024-01-10;quarta-feira;07:00:00;DF;"70   ";"16   ";BRASILIA;Sim;Acessar a via sem observar a presença dos outros veículos;1;Colisão transversal;Com Vítimas Feridas;Pleno dia;Crescente;Nublado;Dupla;"Interseção de Vias;Rotatória";Não  ;"1021743   ";Automóvel;I/CHEVROLET CLASSIC LS;"2013      ";Condutor;Ileso;"50   ";Masculino;"1 ";"0    ";"0    ";"0    ";-15.7961440;-48.1942250;SPRF-DF;DEL03-DF;UOP02-DEL03-DF 
573795;"1274546   ";2024-01-10;quarta-feira;15:40:00;GO;"20   ";"120  ";FLORES DE GOIAS;Não;Condutor deixou de manter distância do veículo da frente;1;Colisão traseira;Com Vítimas Feridas;Pleno dia;Crescente;Céu Claro;Simples;Reta;Não  ;"1021966   ";Caminhonete;MMC/TRITON SP OUTD HPE S;"2020      ";Condutor;Ileso;"64   ";Masculino;"1 ";"0    ";"0    ";"0    ";-14.8704330;-46.8263540;SPRF-DF;DEL02-DF;UOP03-DEL02-DF 