id;pesid;data_inversa;dia_semana;horario;uf;br;km;municipio;causa_principal;causa_acidente;ordem_tipo_acidente;tipo_acidente;classificacao_acidente;fase_dia;sentido_via;condicao_metereologica;tipo_pista;tracado_via;uso_solo;id_veiculo;tipo_veiculo;marca;ano_fabricacao_veiculo;tipo_envolvido;estado_fisico;idade;sexo;ilesos;feridos_leves;feridos_graves;mortos;latitude;longitude;regional;delegacia;uop
573795;"1274644   ";2024-01-10;quarta-feira;15:40:00;GO;"20   ";"120  ";FLORES DE GOIAS;Não;Condutor deixou de manter distância do veículo da frente;1;Colisão traseira;Com Vítimas Feridas;Pleno dia;Crescente;Céu Claro;Simples;Reta;Não  ;"1021965   ";Automóvel;CHEV/PRISMA 1.4MT LT;"2016      ";Passageiro;Ileso;"3    ";Feminino;"1 ";"0    ";"0    ";"0    ";-14.8704330;-46.8263540;SPRF-DF;DEL02-DF;UOP03-DEL02-DF 
573795;"1274543   ";2024-01-10;quarta-feira;15:40:00;GO;"20   ";"120  ";FLORES DE GOIAS;Não;Condutor deixou de manter distância do veículo da frente;1;Colisão traseira;Com Vítimas Feridas;Pleno dia;Crescente;Céu Claro;Simples;Reta;Não  ;"1021965   ";Automóvel;CHEV/PRISMA 1.4MT LT;"2016      ";Condutor;Ileso;"49   ";Masculino;"1 ";"0    ";"0    ";"0    ";-14.8704330;-46.8263540;SPRF-DF;DEL02-DF;UOP03-DEL02-DF 
573795;"1274560   ";2024-01-10;quarta-feira;15:40:00;GO;"20   ";"120  ";FLORES DE GOIAS;Não;Condutor deixou de manter distância do veículo da frente;1;Colisão traseira;Com Vítimas Feridas;Pleno dia;Crescente;Céu Claro;Simples;Reta;Não  ;"1021965   ";Automóvel;CHEV/PRISMA 1.4MT LT;"2016      ";Passageiro;Lesões Leves;"12   ";Feminino;"0 ";"1    ";"0    ";"0    ";-14.8704330;-46.8263540;SPRF-DF;DEL02-DF;UOP03-DEL02-DF 
573795;"1274556   ";2024-01-10;quarta-feira;15:40:00;GO;"20   ";"120  ";FLORES DE GOIAS;Não;Condutor deixou de manter distância do veículo da frente;1;Colisão traseira;Com Vítimas Feridas;Pleno dia;Crescente;Céu Claro;Simples;Reta;Não  ;"1021965   ";Automóvel;CHEV/PRISMA 1.4MT LT;"2016      ";Passageiro;Lesões Leves;"40   ";Feminino;"0 ";"1    ";"0    ";"0    ";-14.8704330;-46.8263540;SPRF-DF;DEL02-DF;UOP03-DEL02-DF 
573795;"1274546   ";2024-01-10;quarta-feira;15:40:00;GO;"20   ";"120  ";FLORES DE GOIAS;Sim;Ausência de reação do condutor;1;Colisão traseira;Com Vítimas Feridas;Pleno dia;Crescente;Céu Claro;Simples;Reta;Não  ;"1021966   ";Caminhonete;MMC/TRITON SP OUTD HPE S;"2020      ";Condutor;Ileso;"64   ";Masculino;"1 ";"0    ";"0    ";"0    ";-14.8704330;-46.8263540;SPRF-DF;DEL02-DF;UOP03-DEL02-DF 
573795;"1274644   ";2024-01-10;quarta-feira;15:40:00;GO;"20   ";"120  ";FLORES DE GOIAS;Sim;Ausência de reação do condutor;1;Colisão traseira;Com Vítimas Feridas;Pleno dia;Crescente;Céu Claro;Simples;Reta;Não  ;"1021965   ";Automóvel;CHEV/PRISMA 1.4MT LT;"2016      ";Passageiro;Ileso;"3    ";Feminino;"1 ";"0    ";"0    ";"0    ";-14.8704330;-46.8263540;SPRF-DF;DEL02-DF;UOP03-DEL02-DF 
573795;"1274543   ";2024-01-10;quarta-feira;15:40:00;GO;"20   ";"120  ";FLORES DE GOIAS;Sim;Ausência de reação do condutor;1;Colisão traseira;Com Vítimas Feridas;Pleno dia;Crescente;Céu Claro;Simples;Reta;Não  ;"1021965   ";Automóvel;CHEV/PRISMA 1.4MT LT;"2016      ";Condutor;Ileso;"49   ";Masculino;"1 ";"0    ";"0    ";"0    ";-14.8704330;-46.8263540;SPRF-DF;DEL02-DF;UOP03-DEL02-DF 
573795;"1274560   ";2024-01-10;quarta-feira;15:40:00;GO;"20   ";"120  ";FLORES DE GOIAS;Sim;Ausência de reação do condutor;1;Colisão traseira;Com Vítimas Feridas;Pleno dia;Crescente;Céu Claro;Simples;Reta;Não  ;"1021965   ";Automóvel;CHEV/PRISMA 1.4MT LT;"2016      ";Passageiro;Lesões Leves;"12   ";Feminino;"0 ";"1    ";"0    ";"0    ";-14.8704330;-46.8263540;SPRF-DF;DEL02-DF;UOP03-DEL02-DF 
573795;"1274556   ";2024-01-10;quarta-feira;15:40:00;GO;"20   ";"120  ";FLORES DE GOIAS;Sim;Ausência de reação do condutor;1;Colisão traseira;Com Vítimas Feridas;Pleno dia;Crescente;Céu Claro;Simples;Reta;Não  ;"1021965   ";Automóvel;CHEV/PRISMA 1.4MT LT;"2016      ";Passageiro;Lesões Leves;"40   ";Feminino;"0 ";"1    ";"0    ";"0    ";-14.8704330;-46.8263540;SPRF-DF;DEL02-DF;UOP03-DEL02-DF 
573804;"1274496   ";2024-01-10;quarta-feira;17:18:00;DF;"20   ";"16   ";BRASILIA;Sim;Reação tardia ou ineficiente do condutor;1;Saída de leito carroçável;Com Vítimas Feridas;Pleno dia;Crescente;Nublado;Dupla;"Reta;Declive";Sim  ;"1021946   ";Caminhonete;FIAT/STRADA ENDURANCE CS;"2022      ";Passageiro;Lesões Leves;"38   ";Feminino;"0 ";"1    ";"0    ";"0    ";-15.6256750;-47.7251590;SPRF-DF;DEL02-DF;UOP01-DEL02-DF 
573804;"1274495   ";2024-01-10;quarta-feira;17:18:00;DF;"20   ";"16   ";BRASILIA;Sim;Reação tardia ou ineficiente do condutor;1;Saída de leito carroçável;Com Vítimas Feridas;Pleno dia;Crescente;Nublado;Dupla;"Reta;Declive";Sim  ;"1021946   ";Caminhonete;FIAT/STRADA ENDURANCE CS;"2022      ";Condutor;Ileso;"49   ";Masculino;"1 ";"0    ";"0    ";"0    ";-15.6256750;-47.7251590;SPRF-DF;DEL02-DF;UOP01-DEL02-DF 
573852;"1274702   ";2024-01-10;quarta-feira;20:00:00;DF;"80   ";"13   ";BRASILIA;Não;Reação tardia ou ineficiente do condutor;2;Saída de leito carroçável;Com Vítimas Feridas;Plena Noite;Decrescente;Nublado;Simples;"Reta;Aclive";Não  ;"1022066   ";Caminhão;M.BENZ/L 1513;"1982      ";Condutor;Ileso;"40   ";Masculino;"1 ";"0    ";"0    ";"0    ";-15.7280340;-48.1937680;SPRF-DF;DEL03-DF;UOP02-DEL03-DF 
573852;"1274703   ";2024-01-10;quarta-feira;20:00:00;DF;"80   ";"13   ";BRASILIA;Não;Reação tardia ou ineficiente do condutor;2;Saída de leito carroçável;Com Vítimas Feridas;Plena Noite;Decrescente;Nublado;Simples;"Reta;Aclive";Não  ;"1022067   ";Automóvel;CITROEN/XSARA PICASSOGXS;"2004      ";Condutor;Lesões Leves;"42   ";Masculino;"0 ";"1    ";"0    ";"0    ";-15.7280340;-48.1937680;SPRF-DF;DEL03-DF;UOP02-DEL03-DF 
573852;"1274702   ";2024-01-10;quarta-feira;20:00:00;DF;"80   ";"13   ";BRASILIA;Não;Manobra de mudança de faixa;2;Saída de leito carroçável;Com Vítimas Feridas;Plena Noite;Decrescente;Nublado;Simples;"Reta;Aclive";Não  ;"1022066   ";Caminhão;M.BENZ/L 1513;"1982      ";Condutor;Ileso;"40   ";Masculino;"1 ";"0    ";"0    ";"0    ";-15.7280340;-48.1937680;SPRF-DF;DEL03-DF;UOP02-DEL03-DF 
573852;"1274703   ";2024-01-10;quarta-feira;20:00:00;DF;"80   ";"13   ";BRASILIA;Não;Manobra de mudança de faixa;2;Saída de leito carroçável;Com Vítimas Feridas;Plena Noite;Decrescente;Nublado;Simples;"Reta;Aclive";Não  ;"1022067   ";Automóvel;CITROEN/XSARA PICASSOGXS;"2004      ";Condutor;Lesões Leves;"42   ";Masculino;"0 ";"1    ";"0    ";"0    ";-15.7280340;-48.1937680;SPRF-DF;DEL03-DF;UOP02-DEL03-DF 
573852;"1274702   ";2024-01-10;quarta-feira;20:00:00;DF;"80   ";"13   ";BRASILIA;Sim;Pista esburacada;2;Saída de leito carroçável;Com Vítimas Feridas;Plena Noite;Decrescente;Nublado;Simples;"Reta;Aclive";Não  ;"1022066   ";Caminhão;M.BENZ/L 1513;"1982      ";Condutor;Ileso;"40   ";Masculino;"1 ";"0    ";"0    ";"0    ";-15.7280340;-48.1937680;SPRF-DF;DEL03-DF;UOP02-DEL03-DF 
573852;"1274703   ";2024-01-10;quarta-feira;20:00:00;DF;"80   ";"13   ";BRASILIA;Sim;Pista esburacada;2;Saída de leito carroçável;Com Vítimas Feridas;Plena Noite;Decrescente;Nublado;Simples;"Reta;Aclive";Não  ;"1022067   ";Automóvel;CITROEN/XSARA PICASSOGXS;"2004      ";Condutor;Lesões Leves;"42   ";Masculino;"0 ";"1    ";"0    ";"0    ";-15.7280340;-48.1937680;SPRF-DF;DEL03-DF;UOP02-DEL03-DF 
573852;"1274702   ";2024-01-10;quarta-feira;20:00:00;DF;"80   ";"13   ";BRASILIA;Não;Reação tardia ou ineficiente do condutor;1;Colisão frontal;Com Vítimas Feridas;Plena Noite;Decrescente;Nublado;Simples;"Reta;Aclive";Não  ;"1022066   ";Caminhão;M.BENZ/L 1513;"1982      ";Condutor;Ileso;"40   ";Masculino;"1 ";"0    ";"0    ";"0    ";-15.7280340;-48.1937680;SPRF-DF;DEL03-DF;UOP02-DEL03-DF 
573852;"1274703   ";2024-01-10;quarta-feira;20:00:00;DF;"80   ";"13   ";BRASILIA;Não;Reação tardia ou ineficiente do condutor;1;Colisão frontal;Com Vítimas Feridas;Plena Noite;Decrescente;Nublado;Simples;"Reta;Aclive";Não  ;"1022067   ";Automóvel;CITROEN/XSARA PICASSOGXS;"2004      ";Condutor;Lesões Leves;"42   ";Masculino;"0 ";"1    ";"0    ";"0    ";-15.7280340;-48.1937680;SPRF-DF;DEL03-DF;UOP02-DEL03-DF 
573852;"1274702   ";2024-01-10;quarta-feira;20:00:00;DF;"80   ";"13   ";BRASILIA;Não;Manobra de mudança de faixa;1;Colisão frontal;Com Vítimas Feridas;Plena Noite;Decrescente;Nublado;Simples;"Reta;Aclive";Não  ;"1022066   ";Caminhão;M.BENZ/L 1513;"1982      ";Condutor;Ileso;"40   ";Masculino;"1 ";"0    ";"0    ";"0    ";-15.7280340;-48.1937680;SPRF-DF;DEL03-DF;UOP02-DEL03-DF 
573852;"1274703   ";2024-01-10;quarta-feira;20:00:00;DF;"80   ";"13   ";BRASILIA;Não;Manobra de mudança de faixa;1;Colisão frontal;Com Vítimas Feridas;Plena Noite;Decrescente;Nublado;Simples;"Reta;Aclive";Não  ;"1022067   ";Automóvel;CITROEN/XSARA PICASSOGXS;"2004      ";Condutor;Lesões Leves;"42   ";Masculino;"0 ";"1    ";"0    ";"0    ";-15.7280340;-48.1937680;SPRF-DF;DEL03-DF;UOP02-DEL03-DF 
573852;"1274702   ";2024-01-10;quarta-feira;20:00:00;DF;"80   ";"13   ";BRASILIA;Sim;Pista esburacada;1;Colisão frontal;Com Vítimas Feridas;Plena Noite;Decrescente;Nublado;Simples;"Reta;Aclive";Não  ;"1022066   ";Caminhão;M.BENZ/L 1513;"1982      ";Condutor;Ileso;"40   ";Masculino;"1 ";"0    ";"0    ";"0    ";-15.7280340;-48.1937680;SPRF-DF;DEL03-DF;UOP02-DEL03-DF 
573852;"1274703   ";2024-01-10;quarta-feira;20:00:00;DF;"80   ";"13   ";BRASILIA;Sim;Pista esburacada;1;Colisão frontal;Com Vítimas Feridas;Plena Noite;Decrescente;Nublado;Simples;"Reta;Aclive";Não  ;"1022067   ";Automóvel;CITROEN/XSARA PICASSOGXS;"2004      ";Condutor;Lesões Leves;"42   ";Masculino;"0 ";"1    ";"0    ";"0    ";-15.7280340;-48.1937680;SPRF-DF;DEL03-DF;UOP02-DEL03-DF 
573853;"1274787   ";2024-01-10;quarta-feira;21:20:00;GO;"40   ";"12   ";LUZIANIA;Sim;Ausência de reação do condutor;1;Queda de ocupante de veículo;Com Vítimas Feridas;Plena Noite;Decrescente;Nublado;Dupla;Reta;Não  ;"1022133   ";Motocicleta;HONDA/NXR150 BROS ES;"2006      ";Condutor;Lesões Leves;"22   ";Masculino;"0 ";"1    ";"0    ";"0    ";-16.1451230;-47.9453820;SPRF-DF;DEL01-DF;UOP01-DEL01-DF 
573857;"1274779   ";2024-01-10;quarta-feira;21:20:00;GO;"40   ";"1    ";VALPARAISO DE GOIAS;Sim;Acesso irregular;1;Atropelamento de Pedestre;Com Vítimas Feridas;Plena Noite;Decrescente;Nublado;Dupla;Reta;Sim  ;"1022128   ";Automóvel;HONDA/FIT LX FLEX;"2011      ";Condutor;Ileso;"61   ";Masculino;"1 ";"0    ";"0    ";"0    ";-16.0671290;-47.9842350;SPRF-DF;DEL01-DF;UOP01-DEL01-DF 
573857;"1277164   ";2024-01-10;quarta-feira;21:20:00;GO;"40   ";"1    ";VALPARAISO DE GOIAS;Sim;Acesso irregular;1;Atropelamento de Pedestre;Com Vítimas Feridas;Plena Noite;Decrescente;Nublado;Dupla;Reta;Sim  ;"0         ";"0";NA/NA;"0         ";Pedestre;Lesões Leves;"0    ";Feminino;"0 ";"1    ";"0    ";"0    ";-16.0671290;-47.9842350;SPRF-DF;DEL01-DF;UOP01-DEL01-DF 
573874;"1274803   ";2024-01-10;quarta-feira;23:30:00;GO;"20   ";"185,3";SIMOLANDIA;Sim;Condutor Dormindo;1;Tombamento;Com Vítimas Feridas;Plena Noite;Crescente;Nublado;Dupla;Reta;Não  ;"1022143   ";Caminhão-trator;VOLVO/FH 540 6X4T;"2018      ";Condutor;Lesões Leves;"43   ";Masculino;"0 ";"1    ";"0    ";"0    ";-14.4430420;-46.4622420;SPRF-DF;DEL02-DF;UOP03-DEL02-DF 
573874;"0         ";2024-01-10;quarta-feira;23:30:00;GO;"20   ";"185,3";SIMOLANDIA;Sim;Condutor Dormindo;1;Tombamento;Com Vítimas Feridas;Plena Noite;Crescente;Nublado;Dupla;Reta;Não  ;"1022151   ";Semireboque;SR/RANDON SR CA;"2003      ";"0";"0";"0    ";"0";"0 ";"0    ";"0    ";"0    ";-14.4430420;-46.4622420;SPRF-DF;DEL02-DF;UOP03-DEL02-DF 
573874;"0         ";2024-01-10;quarta-feira;23:30:00;GO;"20   ";"185,3";SIMOLANDIA;Sim;Condutor Dormindo;1;Tombamento;Com Vítimas Feridas;Plena Noite;Crescente;Nublado;Dupla;Reta;Não  ;"1022147   ";Semireboque;SR/RANDON SR CA;"2003      ";"0";"0";"0    ";"0";"0 ";"0    ";"0    ";"0    ";-14.4430420;-46.4622420;SPRF-DF;DEL02-DF;UOP03-DEL02-DF 
573883;"1274729   ";2024-01-10;quarta-feira;22:20:00;GO;"414  ";"304,2";VILA PROPICIO;Sim;Velocidade Incompatível;3;Colisão com objeto;Com Vítimas Feridas;Plena Noite;Crescente;Nublado;Simples;Reta;Não  ;"1022088   ";Caminhonete;MMC/L200 4X4 GL;"2006      ";Condutor;Lesões Graves;"23   ";Masculino;"0 ";"0    ";"1    ";"0    ";-15.2448800;-48.6901330;SPRF-GO;DEL02-GO;UOP01-DEL02-GO 
573883;"1276138   ";2024-01-10;quarta-feira;22:20:00;GO;"414  ";"304,2";VILA PROPICIO;Sim;Velocidade Incompatível;3;Colisão com objeto;Com Vítimas Feridas;Plena Noite;Crescente;Nublado;Simples;Reta;Não  ;"1022088   ";Caminhonete;MMC/L200 4X4 GL;"2006      ";Passageiro;Lesões Graves;"40   ";Masculino;"0 ";"0    ";"1    ";"0    ";-15.2448800;-48.6901330;SPRF-GO;DEL02-GO;UOP01-DEL02-GO 
573883;"1274729   ";2024-01-10;quarta-feira;22:20:00;GO;"414  ";"304,2";VILA PROPICIO;Sim;Velocidade Incompatível;2;Tombamento;Com Vítimas Feridas;Plena Noite;Crescente;Nublado;Simples;Reta;Não  ;"1022088   ";Caminhonete;MMC/L200 4X4 GL;"2006      ";Condutor;Lesões Graves;"23   ";Masculino;"0 ";"0    ";"1    ";"0    ";-15.2448800;-48.6901330;SPRF-GO;DEL02-GO;UOP01-DEL02-GO 
573883;"1276138   ";2024-01-10;quarta-feira;22:20:00;GO;"414  ";"304,2";VILA PROPICIO;Sim;Velocidade Incompatível;2;Tombamento;Com Vítimas Feridas;Plena Noite;Crescente;Nublado;Simples;Reta;Não  ;"1022088   ";Caminhonete;MMC/L200 4X4 GL;"2006      ";Passageiro;Lesões Graves;"40   ";Masculino;"0 ";"0    ";"1    ";"0    ";-15.2448800;-48.6901330;SPRF-GO;DEL02-GO;UOP01-DEL02-GO 
573883;"1274729   ";2024-01-10;quarta-feira;22:20:00;GO;"414  ";"304,2";VILA PROPICIO;Sim;Velocidade Incompatível;1;Saída de leito carroçável;Com Vítimas Feridas;Plena Noite;Crescente;Nublado;Simples;Reta;Não  ;"1022088   ";Caminhonete;MMC/L200 4X4 GL;"2006      ";Condutor;Lesões Graves;"23   ";Masculino;"0 ";"0    ";"1    ";"0    ";-15.2448800;-48.6901330;SPRF-GO;DEL02-GO;UOP01-DEL02-GO 
573883;"1276138   ";2024-01-10;quarta-feira;22:20:00;GO;"414  ";"304,2";VILA PROPICIO;Sim;Velocidade Incompatível;1;Saída de leito carroçável;Com Vítimas Feridas;Plena Noite;Crescente;Nublado;Simples;Reta;Não  ;"1022088   ";Caminhonete;MMC/L200 4X4 GL;"2006      ";Passageiro;Lesões Graves;"40   ";Masculino;"0 ";"0    ";"1    ";"0    ";-15.2448800;-48.6901330;SPRF-GO;DEL02-GO;UOP01-DEL02-GO 
573930;"1274860   ";2024-01-11;quinta-feira;09:40:00;GO;"40   ";"92   ";CRISTALINA;Não;Demais falhas mecânicas ou elétricas;2;Saída de leito carroçável;Com Vítimas Feridas;Pleno dia;Decrescente;Céu Claro;Simples;Interseção de Vias;Não  ;"1022184   ";Caminhão;VW/8.160 DRC 4X2;"2014      ";Condutor;Ileso;"43   ";Masculino;"1 ";"0    ";"0    ";"0    ";-16.7308140;-47.6262110;SPRF-DF;DEL01-DF;UOP02-DEL01-DF 
573930;"1274857   ";2024-01-11;quinta-feira;09:40:00;GO;"40   ";"92   ";CRISTALINA;Não;Demais falhas mecânicas ou elétricas;2;Saída de leito carroçável;Com Vítimas Feridas;Pleno dia;Decrescente;Céu Claro;Simples;Interseção de Vias;Não  ;"1022180   ";Automóvel;FIAT/UNO ECONOMY;"2011      ";Condutor;Ileso;"52   ";Masculino;"1 ";"0    ";"0    ";"0    ";-16.7308140;-47.6262110;SPRF-DF;DEL01-DF;UOP02-DEL01-DF 
573930;"1275175   ";2024-01-11;quinta-feira;09:40:00;GO;"40   ";"92   ";CRISTALINA;Não;Demais falhas mecânicas ou elétricas;2;Saída de leito carroçável;Com Vítimas Feridas;Pleno dia;Decrescente;Céu Claro;Simples;Interseção de Vias;Não  ;"1022180   ";Automóvel;FIAT/UNO ECONOMY;"2011      ";Passageiro;Ileso;"23   ";Masculino;"1 ";"0    ";"0    ";"0    ";-16.7308140;-47.6262110;SPRF-DF;DEL01-DF;UOP02-DEL01-DF 
573930;"1275179   ";2024-01-11;quinta-feira;09:40:00;GO;"40   ";"92   ";CRISTALINA;Não;Demais falhas mecânicas ou elétricas;2;Saída de leito carroçável;Com Vítimas Feridas;Pleno dia;Decrescente;Céu Claro;Simples;Interseção de Vias;Não  ;"1022180   ";Automóvel;FIAT/UNO ECONOMY;"2011      ";Passageiro;Lesões Leves;"21   ";Feminino;"0 ";"1    ";"0    ";"0    ";-16.7308140;-47.6262110;SPRF-DF;DEL01-DF;UOP02-DEL01-DF 
573930;"1274860   ";2024-01-11;quinta-feira;09:40:00;GO;"40   ";"92   ";CRISTALINA;Sim;Acessar a via sem observar a presença dos outros veículos;2;Saída de leito carroçável;Com Vítimas Feridas;Pleno dia;Decrescente;Céu Claro;Simples;Interseção de Vias;Não  ;"1022184   ";Caminhão;VW/8.160 DRC 4X2;"2014      ";Condutor;Ileso;"43   ";Masculino;"1 ";"0    ";"0    ";"0    ";-16.7308140;-47.6262110;SPRF-DF;DEL01-DF;UOP02-DEL01-DF 
573930;"1274857   ";2024-01-11;quinta-feira;09:40:00;GO;"40   ";"92   ";CRISTALINA;Sim;Acessar a via sem observar a presença dos outros veículos;2;Saída de leito carroçável;Com Vítimas Feridas;Pleno dia;Decrescente;Céu Claro;Simples;Interseção de Vias;Não  ;"1022180   ";Automóvel;FIAT/UNO ECONOMY;"2011      ";Condutor;Ileso;"52   ";Masculino;"1 ";"0    ";"0    ";"0    ";-16.7308140;-47.6262110;SPRF-DF;DEL01-DF;UOP02-DEL01-DF 
573930;"1275175   ";2024-01-11;quinta-feira;09:40:00;GO;"40   ";"92   ";CRISTALINA;Sim;Acessar a via sem observar a presença dos outros veículos;2;Saída de leito carroçável;Com Vítimas Feridas;Pleno dia;Decrescente;Céu Claro;Simples;Interseção de Vias;Não  ;"1022180   ";Automóvel;FIAT/UNO ECONOMY;"2011      ";Passageiro;Ileso;"23   ";Masculino;"1 ";"0    ";"0    ";"0    ";-16.7308140;-47.6262110;SPRF-DF;DEL01-DF;UOP02-DEL01-DF 
573930;"1275179   ";2024-01-11;quinta-feira;09:40:00;GO;"40   ";"92   ";CRISTALINA;Sim;Acessar a via sem observar a presença dos outros veículos;2;Saída de leito carroçável;Com Vítimas Feridas;Pleno dia;Decrescente;Céu Claro;Simples;Interseção de Vias;Não  ;"1022180   ";Automóvel;FIAT/UNO ECONOMY;"2011      ";Passageiro;Lesões Leves;"21   ";Feminino;"0 ";"1    ";"0    ";"0    ";-16.7308140;-47.6262110;SPRF-DF;DEL01-DF;UOP02-DEL01-DF 
573930;"1274860   ";2024-01-11;quinta-feira;09:40:00;GO;"40   ";"92   ";CRISTALINA;Não;Demais falhas mecânicas ou elétricas;1;Colisão transversal;Com Vítimas Feridas;Pleno dia;Decrescente;Céu Claro;Simples;Interseção de Vias;Não  ;"1022184   ";Caminhão;VW/8.160 DRC 4X2;"2014      ";Condutor;Ileso;"43   ";Masculino;"1 ";"0    ";"0    ";"0    ";-16.7308140;-47.6262110;SPRF-DF;DEL01-DF;UOP02-DEL01-DF 
573930;"1274857   ";2024-01-11;quinta-feira;09:40:00;GO;"40   ";"92   ";CRISTALINA;Não;Demais falhas mecânicas ou elétricas;1;Colisão transversal;Com Vítimas Feridas;Pleno dia;Decrescente;Céu Claro;Simples;Interseção de Vias;Não  ;"1022180   ";Automóvel;FIAT/UNO ECONOMY;"2011      ";Condutor;Ileso;"52   ";Masculino;"1 ";"0    ";"0    ";"0    ";-16.7308140;-47.6262110;SPRF-DF;DEL01-DF;UOP02-DEL01-DF 
573930;"1275175   ";2024-01-11;quinta-feira;09:40:00;GO;"40   ";"92   ";CRISTALINA;Não;Demais falhas mecânicas ou elétricas;1;Colisão transversal;Com Vítimas Feridas;Pleno dia;Decrescente;Céu Claro;Simples;Interseção de Vias;Não  ;"1022180   ";Automóvel;FIAT/UNO ECONOMY;"2011      ";Passageiro;Ileso;"23   ";Masculino;"1 ";"0    ";"0    ";"0    ";-16.7308140;-47.6262110;SPRF-DF;DEL01-DF;UOP02-DEL01-DF 
573930;"1275179   ";2024-01-11;quinta-feira;09:40:00;GO;"40   ";"92   ";CRISTALINA;Não;Demais falhas mecânicas ou elétricas;1;Colisão transversal;Com Vítimas Feridas;Pleno dia;Decrescente;Céu Claro;Simples;Interseção de Vias;Não  ;"1022180   ";Automóvel;FIAT/UNO ECONOMY;"2011      ";Passageiro;Lesões Leves;"21   ";Feminino;"0 ";"1    ";"0    ";"0    ";-16.7308140;-47.6262110;SPRF-DF;DEL01-DF;UOP02-DEL01-DF 
573930;"1274860   ";2024-01-11;quinta-feira;09:40:00;GO;"40   ";"92   ";CRISTALINA;Sim;Acessar a via sem observar a presença dos outros veículos;1;Colisão transversal;Com Vítimas Feridas;Pleno dia;Decrescente;Céu Claro;Simples;Interseção de Vias;Não  ;"1022184   ";Caminhão;VW/8.160 DRC 4X2;"2014      ";Condutor;Ileso;"43   ";Masculino;"1 ";"0    ";"0    ";"0    ";-16.7308140;-47.6262110;SPRF-DF;DEL01-DF;UOP02-DEL01-DF 
573930;"1274857   ";2024-01-11;quinta-feira;09:40:00;GO;"40   ";"92   ";CRISTALINA;Sim;Acessar a via sem observar a presença dos outros veículos;1;Colisão transversal;Com Vítimas Feridas;Pleno dia;Decrescente;Céu Claro;Simples;Interseção de Vias;Não  ;"1022180   ";Automóvel;FIAT/UNO ECONOMY;"2011      ";Condutor;Ileso;"52   ";Masculino;"1 ";"0    ";"0    ";"0    ";-16.7308140;-47.6262110;SPRF-DF;DEL01-DF;UOP02-DEL01-DF 
573930;"1275175   ";2024-01-11;quinta-feira;09:40:00;GO;"40   ";"92   ";CRISTALINA;Sim;Acessar a via sem observar a presença dos outros veículos;1;Colisão transversal;Com Vítimas Feridas;Pleno dia;Decrescente;Céu Claro;Simples;Interseção de Vias;Não  ;"1022180   ";Automóvel;FIAT/UNO ECONOMY;"2011      ";Passageiro;Ileso;"23   ";Masculino;"1 ";"0    ";"0    ";"0    ";-16.7308140;-47.6262110;SPRF-DF;DEL01-DF;UOP02-DEL01-DF 
573930;"1275179   ";2024-01-11;quinta-feira;09:40:00;GO;"40   ";"92   ";CRISTALINA;Sim;Acessar a via sem observar a presença dos outros veículos;1;Colisão transversal;Com Vítimas Feridas;Pleno dia;Decrescente;Céu Claro;Simples;Interseção de Vias;Não  ;"1022180   ";Automóvel;FIAT/UNO ECONOMY;"2011      ";Passageiro;Lesões Leves;"21   ";Feminino;"0 ";"1    ";"0    ";"0    ";-16.7308140;-47.6262110;SPRF-DF;DEL01-DF;UOP02-DEL01-DF 
573935;"1274910   ";2024-01-11;quinta-feira;10:57:00;DF;"60   ";"0    ";BRASILIA;Sim;Acessar a via sem observar a presença dos outros veículos;1;Colisão lateral mesmo sentido;Com Vítimas Feridas;Pleno dia;Decrescente;Céu Claro;Dupla;Curva;Sim  ;"1022206   ";Bicicleta;Não Informado/Não Informado;"0         ";Condutor;Lesões Leves;"62   ";Masculino;"0 ";"1    ";"0    ";"0    ";-15.8824990;-48.0602120;SPRF-DF;DEL03-DF;UOP01-DEL03-DF 
573935;"1274911   ";2024-01-11;quinta-feira;10:57:00;DF;"60   ";"0    ";BRASILIA;Sim;Acessar a via sem observar a presença dos outros veículos;1;Colisão lateral mesmo sentido;Com Vítimas Feridas;Pleno dia;Decrescente;Céu Claro;Dupla;Curva;Sim  ;"1022209   ";Automóvel;HONDA/CITY LX FLEX;"2010      ";Condutor;Ileso;"28   ";Masculino;"1 ";"0    ";"0    ";"0    ";-15.8824990;-48.0602120;SPRF-DF;DEL03-DF;UOP01-DEL03-DF 
573997;"1275068   ";2024-01-11;quinta-feira;14:45:00;GO;"60   ";"21,4 ";ALEXANIA;Sim;Reação tardia ou ineficiente do condutor;1;Capotamento;Com Vítimas Feridas;Pleno dia;Crescente;Nublado;Dupla;Reta;Não  ;"1022308   ";Automóvel;FIAT/MOBI LIKE;"2023      ";Condutor;Lesões Leves;"64   ";Masculino;"0 ";"1    ";"0    ";"0    ";-16.1205940;-48.4048260;SPRF-DF;DEL03-DF;UOP01-DEL03-DF 