id;pesid;data_inversa;dia_semana;horario;uf;br;km;municipio;causa_principal;causa_acidente;ordem_tipo_acidente;tipo_acidente;classificacao_acidente;fase_dia;sentido_via;condicao_metereologica;tipo_pista;tracado_via;uso_solo;id_veiculo;tipo_veiculo;marca;ano_fabricacao_veiculo;tipo_envolvido;estado_fisico;idade;sexo;ilesos;feridos_leves;feridos_graves;mortos;latitude;longitude;regional;delegacia;uop
574089;"1275312   ";2024-01-11;quinta-feira;23:15:00;DF;"70   ";"9,3  ";BRASILIA;Sim;Reação tardia ou ineficiente do condutor;1;Colisão traseira;Sem Vítimas;Plena Noite;Crescente;Nublado;Dupla;Reta;Sim  ;"1022472   ";Caminhonete;GM/MONTANA SPORT;"2004      ";Condutor;Ileso;"22   ";Masculino;"1 ";"0    ";"0    ";"0    ";-15.7846150;-48.1320230;SPRF-DF;DEL03-DF;UOP02-DEL03-DF 
574089;"1275311   ";2024-01-11;quinta-feira;23:15:00;DF;"70   ";"9,3  ";BRASILIA;Sim;Reação tardia ou ineficiente do condutor;1;Colisão traseira;Sem Vítimas;Plena Noite;Crescente;Nublado;Dupla;Reta;Sim  ;"1022473   ";Automóvel;FIAT/SIENA ESSENCE 1.6;"2015      ";Condutor;Ileso;"79   ";Masculino;"1 ";"0    ";"0    ";"0    ";-15.7846150;-48.1320230;SPRF-DF;DEL03-DF;UOP02-DEL03-DF 
574218;"1275696   ";2024-01-12;sexta-feira;14:30:00;DF;"70   ";"9,5  ";BRASILIA;Sim;Reação tardia ou ineficiente do condutor;1;Queda de ocupante de veículo;Com Vítimas Feridas;Pleno dia;Decrescente;Céu Claro;Dupla;Reta;Não  ;"1022736   ";Motocicleta;HONDA/CG 160 START;"2022      ";Condutor;Lesões Leves;"43   ";Masculino;"0 ";"1    ";"0    ";"0    ";-15.7846150;-48.1320230;SPRF-DF;DEL03-DF;UOP02-DEL03-DF 
574291;"1276004   ";2024-01-12;sexta-feira;18:30:00;DF;"80   ";"16   ";BRASILIA;Sim;Ausência de reação do condutor;2;Colisão com objeto;Com Vítimas Feridas;Plena Noite;Decrescente;Céu Claro;Simples;"Aclive;Reta";Sim  ;"1022948   ";Automóvel;I/JAC J3;"2011      ";Condutor;Lesões Leves;"73   ";Masculino;"0 ";"1    ";"0    ";"0    ";-15.7100130;-48.1994860;SPRF-DF;DEL03-DF;UOP02-DEL03-DF 
574291;"1276004   ";2024-01-12;sexta-feira;18:30:00;DF;"80   ";"16   ";BRASILIA;Sim;Ausência de reação do condutor;1;Saída de leito carroçável;Com Vítimas Feridas;Plena Noite;Decrescente;Céu Claro;Simples;"Aclive;Reta";Sim  ;"1022948   ";Automóvel;I/JAC J3;"2011      ";Condutor;Lesões Leves;"73   ";Masculino;"0 ";"1    ";"0    ";"0    ";-15.7100130;-48.1994860;SPRF-DF;DEL03-DF;UOP02-DEL03-DF 
574395;"1276216   ";2024-01-13;sábado;10:30:00;DF;"20   ";"16,5 ";BRASILIA;Não;Manobra de mudança de faixa;3;Colisão com objeto;Com Vítimas Feridas;Pleno dia;Decrescente;Céu Claro;Dupla;"Reta;Declive";Sim  ;"1023105   ";Utilitário;I/LR DISCOVERY 4 2.7 SE;"2010      ";Condutor;Ileso;"47   ";Masculino;"1 ";"0    ";"0    ";"0    ";-15.6256750;-47.7251590;SPRF-DF;DEL02-DF;UOP01-DEL02-DF 
574395;"1276220   ";2024-01-13;sábado;10:30:00;DF;"20   ";"16,5 ";BRASILIA;Não;Manobra de mudança de faixa;3;Colisão com objeto;Com Vítimas Feridas;Pleno dia;Decrescente;Céu Claro;Dupla;"Reta;Declive";Sim  ;"1023105   ";Utilitário;I/LR DISCOVERY 4 2.7 SE;"2010      ";Passageiro;Ileso;"27   ";Feminino;"1 ";"0    ";"0    ";"0    ";-15.6256750;-47.7251590;SPRF-DF;DEL02-DF;UOP01-DEL02-DF 
574395;"1276225   ";2024-01-13;sábado;10:30:00;DF;"20   ";"16,5 ";BRASILIA;Não;Manobra de mudança de faixa;3;Colisão com objeto;Com Vítimas Feridas;Pleno dia;Decrescente;Céu Claro;Dupla;"Reta;Declive";Sim  ;"1023106   ";Automóvel;FIAT/UNO VIVACE 1.0;"2010      ";Passageiro;Lesões Leves;"40   ";Feminino;"0 ";"1    ";"0    ";"0    ";-15.6256750;-47.7251590;SPRF-DF;DEL02-DF;UOP01-DEL02-DF 
574395;"1276221   ";2024-01-13;sábado;10:30:00;DF;"20   ";"16,5 ";BRASILIA;Não;Manobra de mudança de faixa;3;Colisão com objeto;Com Vítimas Feridas;Pleno dia;Decrescente;Céu Claro;Dupla;"Reta;Declive";Sim  ;"1023106   ";Automóvel;FIAT/UNO VIVACE 1.0;"2010      ";Condutor;Lesões Leves;"52   ";Feminino;"0 ";"1    ";"0    ";"0    ";-15.6256750;-47.7251590;SPRF-DF;DEL02-DF;UOP01-DEL02-DF 
574395;"1276216   ";2024-01-13;sábado;10:30:00;DF;"20   ";"16,5 ";BRASILIA;Sim;Reação tardia ou ineficiente do condutor;3;Colisão com objeto;Com Vítimas Feridas;Pleno dia;Decrescente;Céu Claro;Dupla;"Reta;Declive";Sim  ;"1023105   ";Utilitário;I/LR DISCOVERY 4 2.7 SE;"2010      ";Condutor;Ileso;"47   ";Masculino;"1 ";"0    ";"0    ";"0    ";-15.6256750;-47.7251590;SPRF-DF;DEL02-DF;UOP01-DEL02-DF 
574395;"1276220   ";2024-01-13;sábado;10:30:00;DF;"20   ";"16,5 ";BRASILIA;Sim;Reação tardia ou ineficiente do condutor;3;Colisão com objeto;Com Vítimas Feridas;Pleno dia;Decrescente;Céu Claro;Dupla;"Reta;Declive";Sim  ;"1023105   ";Utilitário;I/LR DISCOVERY 4 2.7 SE;"2010      ";Passageiro;Ileso;"27   ";Feminino;"1 ";"0    ";"0    ";"0    ";-15.6256750;-47.7251590;SPRF-DF;DEL02-DF;UOP01-DEL02-DF 
574395;"1276225   ";2024-01-13;sábado;10:30:00;DF;"20   ";"16,5 ";BRASILIA;Sim;Reação tardia ou ineficiente do condutor;3;Colisão com objeto;Com Vítimas Feridas;Pleno dia;Decrescente;Céu Claro;Dupla;"Reta;Declive";Sim  ;"1023106   ";Automóvel;FIAT/UNO VIVACE 1.0;"2010      ";Passageiro;Lesões Leves;"40   ";Feminino;"0 ";"1    ";"0    ";"0    ";-15.6256750;-47.7251590;SPRF-DF;DEL02-DF;UOP01-DEL02-DF 
574395;"1276221   ";2024-01-13;sábado;10:30:00;DF;"20   ";"16,5 ";BRASILIA;Sim;Reação tardia ou ineficiente do condutor;3;Colisão com objeto;Com Vítimas Feridas;Pleno dia;Decrescente;Céu Claro;Dupla;"Reta;Declive";Sim  ;"1023106   ";Automóvel;FIAT/UNO VIVACE 1.0;"2010      ";Condutor;Lesões Leves;"52   ";Feminino;"0 ";"1    ";"0    ";"0    ";-15.6256750;-47.7251590;SPRF-DF;DEL02-DF;UOP01-DEL02-DF 
574395;"1276216   ";2024-01-13;sábado;10:30:00;DF;"20   ";"16,5 ";BRASILIA;Não;Manobra de mudança de faixa;2;Saída de leito carroçável;Com Vítimas Feridas;Pleno dia;Decrescente;Céu Claro;Dupla;"Reta;Declive";Sim  ;"1023105   ";Utilitário;I/LR DISCOVERY 4 2.7 SE;"2010      ";Condutor;Ileso;"47   ";Masculino;"1 ";"0    ";"0    ";"0    ";-15.6256750;-47.7251590;SPRF-DF;DEL02-DF;UOP01-DEL02-DF 
574395;"1276220   ";2024-01-13;sábado;10:30:00;DF;"20   ";"16,5 ";BRASILIA;Não;Manobra de mudança de faixa;2;Saída de leito carroçável;Com Vítimas Feridas;Pleno dia;Decrescente;Céu Claro;Dupla;"Reta;Declive";Sim  ;"1023105   ";Utilitário;I/LR DISCOVERY 4 2.7 SE;"2010      ";Passageiro;Ileso;"27   ";Feminino;"1 ";"0    ";"0    ";"0    ";-15.6256750;-47.7251590;SPRF-DF;DEL02-DF;UOP01-DEL02-DF 
574395;"1276225   ";2024-01-13;sábado;10:30:00;DF;"20   ";"16,5 ";BRASILIA;Não;Manobra de mudança de faixa;2;Saída de leito carroçável;Com Vítimas Feridas;Pleno dia;Decrescente;Céu Claro;Dupla;"Reta;Declive";Sim  ;"1023106   ";Automóvel;FIAT/UNO VIVACE 1.0;"2010      ";Passageiro;Lesões Leves;"40   ";Feminino;"0 ";"1    ";"0    ";"0    ";-15.6256750;-47.7251590;SPRF-DF;DEL02-DF;UOP01-DEL02-DF 
574395;"1276221   ";2024-01-13;sábado;10:30:00;DF;"20   ";"16,5 ";BRASILIA;Não;Manobra de mudança de faixa;2;Saída de leito carroçável;Com Vítimas Feridas;Pleno dia;Decrescente;Céu Claro;Dupla;"Reta;Declive";Sim  ;"1023106   ";Automóvel;FIAT/UNO VIVACE 1.0;"2010      ";Condutor;Lesões Leves;"52   ";Feminino;"0 ";"1    ";"0    ";"0    ";-15.6256750;-47.7251590;SPRF-DF;DEL02-DF;UOP01-DEL02-DF 
574395;"1276216   ";2024-01-13;sábado;10:30:00;DF;"20   ";"16,5 ";BRASILIA;Sim;Reação tardia ou ineficiente do condutor;2;Saída de leito carroçável;Com Vítimas Feridas;Pleno dia;Decrescente;Céu Claro;Dupla;"Reta;Declive";Sim  ;"1023105   ";Utilitário;I/LR DISCOVERY 4 2.7 SE;"2010      ";Condutor;Ileso;"47   ";Masculino;"1 ";"0    ";"0    ";"0    ";-15.6256750;-47.7251590;SPRF-DF;DEL02-DF;UOP01-DEL02-DF 
574395;"1276220   ";2024-01-13;sábado;10:30:00;DF;"20   ";"16,5 ";BRASILIA;Sim;Reação tardia ou ineficiente do condutor;2;Saída de leito carroçável;Com Vítimas Feridas;Pleno dia;Decrescente;Céu Claro;Dupla;"Reta;Declive";Sim  ;"1023105   ";Utilitário;I/LR DISCOVERY 4 2.7 SE;"2010      ";Passageiro;Ileso;"27   ";Feminino;"1 ";"0    ";"0    ";"0    ";-15.6256750;-47.7251590;SPRF-DF;DEL02-DF;UOP01-DEL02-DF 
574395;"1276225   ";2024-01-13;sábado;10:30:00;DF;"20   ";"16,5 ";BRASILIA;Sim;Reação tardia ou ineficiente do condutor;2;Saída de leito carroçável;Com Vítimas Feridas;Pleno dia;Decrescente;Céu Claro;Dupla;"Reta;Declive";Sim  ;"1023106   ";Automóvel;FIAT/UNO VIVACE 1.0;"2010      ";Passageiro;Lesões Leves;"40   ";Feminino;"0 ";"1    ";"0    ";"0    ";-15.6256750;-47.7251590;SPRF-DF;DEL02-DF;UOP01-DEL02-DF 
574395;"1276221   ";2024-01-13;sábado;10:30:00;DF;"20   ";"16,5 ";BRASILIA;Sim;Reação tardia ou ineficiente do condutor;2;Saída de leito carroçável;Com Vítimas Feridas;Pleno dia;Decrescente;Céu Claro;Dupla;"Reta;Declive";Sim  ;"1023106   ";Automóvel;FIAT/UNO VIVACE 1.0;"2010      ";Condutor;Lesões Leves;"52   ";Feminino;"0 ";"1    ";"0    ";"0    ";-15.6256750;-47.7251590;SPRF-DF;DEL02-DF;UOP01-DEL02-DF 
574395;"1276216   ";2024-01-13;sábado;10:30:00;DF;"20   ";"16,5 ";BRASILIA;Não;Manobra de mudança de faixa;1;Colisão traseira;Com Vítimas Feridas;Pleno dia;Decrescente;Céu Claro;Dupla;"Reta;Declive";Sim  ;"1023105   ";Utilitário;I/LR DISCOVERY 4 2.7 SE;"2010      ";Condutor;Ileso;"47   ";Masculino;"1 ";"0    ";"0    ";"0    ";-15.6256750;-47.7251590;SPRF-DF;DEL02-DF;UOP01-DEL02-DF 
574395;"1276220   ";2024-01-13;sábado;10:30:00;DF;"20   ";"16,5 ";BRASILIA;Não;Manobra de mudança de faixa;1;Colisão traseira;Com Vítimas Feridas;Pleno dia;Decrescente;Céu Claro;Dupla;"Reta;Declive";Sim  ;"1023105   ";Utilitário;I/LR DISCOVERY 4 2.7 SE;"2010      ";Passageiro;Ileso;"27   ";Feminino;"1 ";"0    ";"0    ";"0    ";-15.6256750;-47.7251590;SPRF-DF;DEL02-DF;UOP01-DEL02-DF 
574395;"1276225   ";2024-01-13;sábado;10:30:00;DF;"20   ";"16,5 ";BRASILIA;Não;Manobra de mudança de faixa;1;Colisão traseira;Com Vítimas Feridas;Pleno dia;Decrescente;Céu Claro;Dupla;"Reta;Declive";Sim  ;"1023106   ";Automóvel;FIAT/UNO VIVACE 1.0;"2010      ";Passageiro;Lesões Leves;"40   ";Feminino;"0 ";"1    ";"0    ";"0    ";-15.6256750;-47.7251590;SPRF-DF;DEL02-DF;UOP01-DEL02-DF 
574395;"1276221   ";2024-01-13;sábado;10:30:00;DF;"20   ";"16,5 ";BRASILIA;Não;Manobra de mudança de faixa;1;Colisão traseira;Com Vítimas Feridas;Pleno dia;Decrescente;Céu Claro;Dupla;"Reta;Declive";Sim  ;"1023106   ";Automóvel;FIAT/UNO VIVACE 1.0;"2010      ";Condutor;Lesões Leves;"52   ";Feminino;"0 ";"1    ";"0    ";"0    ";-15.6256750;-47.7251590;SPRF-DF;DEL02-DF;UOP01-DEL02-DF 
574395;"1276216   ";2024-01-13;sábado;10:30:00;DF;"20   ";"16,5 ";BRASILIA;Sim;Reação tardia ou ineficiente do condutor;1;Colisão traseira;Com Vítimas Feridas;Pleno dia;Decrescente;Céu Claro;Dupla;"Reta;Declive";Sim  ;"1023105   ";Utilitário;I/LR DISCOVERY 4 2.7 SE;"2010      ";Condutor;Ileso;"47   ";Masculino;"1 ";"0    ";"0    ";"0    ";-15.6256750;-47.7251590;SPRF-DF;DEL02-DF;UOP01-DEL02-DF 
574395;"1276220   ";2024-01-13;sábado;10:30:00;DF;"20   ";"16,5 ";BRASILIA;Sim;Reação tardia ou ineficiente do condutor;1;Colisão traseira;Com Vítimas Feridas;Pleno dia;Decrescente;Céu Claro;Dupla;"Reta;Declive";Sim  ;"1023105   ";Utilitário;I/LR DISCOVERY 4 2.7 SE;"2010      ";Passageiro;Ileso;"27   ";Feminino;"1 ";"0    ";"0    ";"0    ";-15.6256750;-47.7251590;SPRF-DF;DEL02-DF;UOP01-DEL02-DF 
574395;"1276225   ";2024-01-13;sábado;10:30:00;DF;"20   ";"16,5 ";BRASILIA;Sim;Reação tardia ou ineficiente do condutor;1;Colisão traseira;Com Vítimas Feridas;Pleno dia;Decrescente;Céu Claro;Dupla;"Reta;Declive";Sim  ;"1023106   ";Automóvel;FIAT/UNO VIVACE 1.0;"2010      ";Passageiro;Lesões Leves;"40   ";Feminino;"0 ";"1    ";"0    ";"0    ";-15.6256750;-47.7251590;SPRF-DF;DEL02-DF;UOP01-DEL02-DF 
574395;"1276221   ";2024-01-13;sábado;10:30:00;DF;"20   ";"16,5 ";BRASILIA;Sim;Reação tardia ou ineficiente do condutor;1;Colisão traseira;Com Vítimas Feridas;Pleno dia;Decrescente;Céu Claro;Dupla;"Reta;Declive";Sim  ;"1023106   ";Automóvel;FIAT/UNO VIVACE 1.0;"2010      ";Condutor;Lesões Leves;"52   ";Feminino;"0 ";"1    ";"0    ";"0    ";-15.6256750;-47.7251590;SPRF-DF;DEL02-DF;UOP01-DEL02-DF 
574414;"1276218   ";2024-01-13;sábado;12:30:00;GO;"20   ";"26,2 ";FORMOSA;Sim;Ausência de reação do condutor;2;Capotamento;Com Vítimas Feridas;Pleno dia;Crescente;Nublado;Simples;Aclive;Não  ;"1023108   ";Automóvel;VW/NOVO VOYAGE 1.6;"2014      ";Condutor;Lesões Leves;"19   ";Masculino;"0 ";"1    ";"0    ";"0    ";-15.5285760;-47.1296080;SPRF-DF;DEL02-DF;UOP02-DEL02-DF 
574414;"1276218   ";2024-01-13;sábado;12:30:00;GO;"20   ";"26,2 ";FORMOSA;Sim;Ausência de reação do condutor;1;Saída de leito carroçável;Com Vítimas Feridas;Pleno dia;Crescente;Nublado;Simples;Aclive;Não  ;"1023108   ";Automóvel;VW/NOVO VOYAGE 1.6;"2014      ";Condutor;Lesões Leves;"19   ";Masculino;"0 ";"1    ";"0    ";"0    ";-15.5285760;-47.1296080;SPRF-DF;DEL02-DF;UOP02-DEL02-DF 
574502;"1276501   ";2024-01-13;sábado;18:40:00;GO;"414  ";"388  ";CORUMBA DE GOIAS;Sim;Ingestão de álcool pelo condutor;1;Saída de leito carroçável;Com Vítimas Feridas;Anoitecer;Crescente;Céu Claro;Simples;Reta;Não  ;"1023328   ";Automóvel;VW/GOL 1.0;"2009      ";Condutor;Lesões Leves;"31   ";Masculino;"0 ";"1    ";"0    ";"0    ";-15.8857582;-48.7966126;SPRF-GO;DEL02-GO;UOP01-DEL02-GO 
574525;"1276440   ";2024-01-13;sábado;21:05:00;DF;"70   ";"9    ";BRASILIA;Não;Reação tardia ou ineficiente do condutor;2;Queda de ocupante de veículo;Com Vítimas Feridas;Plena Noite;Decrescente;Céu Claro;Dupla;Reta;Sim  ;"1023276   ";Motocicleta;YAMAHA/YBR150 FACTOR ED;"2020      ";Condutor;Lesões Leves;"24   ";Masculino;"0 ";"1    ";"0    ";"0    ";-15.7846150;-48.1320230;SPRF-DF;DEL03-DF;UOP02-DEL03-DF 
574525;"1276438   ";2024-01-13;sábado;21:05:00;DF;"70   ";"9    ";BRASILIA;Não;Reação tardia ou ineficiente do condutor;2;Queda de ocupante de veículo;Com Vítimas Feridas;Plena Noite;Decrescente;Céu Claro;Dupla;Reta;Sim  ;"1023272   ";Automóvel;FIAT/PALIO FIRE FLEX;"2008      ";Condutor;Ileso;"44   ";Masculino;"1 ";"0    ";"0    ";"0    ";-15.7846150;-48.1320230;SPRF-DF;DEL03-DF;UOP02-DEL03-DF 
574525;"1276440   ";2024-01-13;sábado;21:05:00;DF;"70   ";"9    ";BRASILIA;Sim;Manobra de mudança de faixa;2;Queda de ocupante de veículo;Com Vítimas Feridas;Plena Noite;Decrescente;Céu Claro;Dupla;Reta;Sim  ;"1023276   ";Motocicleta;YAMAHA/YBR150 FACTOR ED;"2020      ";Condutor;Lesões Leves;"24   ";Masculino;"0 ";"1    ";"0    ";"0    ";-15.7846150;-48.1320230;SPRF-DF;DEL03-DF;UOP02-DEL03-DF 
574525;"1276438   ";2024-01-13;sábado;21:05:00;DF;"70   ";"9    ";BRASILIA;Sim;Manobra de mudança de faixa;2;Queda de ocupante de veículo;Com Vítimas Feridas;Plena Noite;Decrescente;Céu Claro;Dupla;Reta;Sim  ;"1023272   ";Automóvel;FIAT/PALIO FIRE FLEX;"2008      ";Condutor;Ileso;"44   ";Masculino;"1 ";"0    ";"0    ";"0    ";-15.7846150;-48.1320230;SPRF-DF;DEL03-DF;UOP02-DEL03-DF 
574525;"1276440   ";2024-01-13;sábado;21:05:00;DF;"70   ";"9    ";BRASILIA;Não;Reação tardia ou ineficiente do condutor;1;Colisão traseira;Com Vítimas Feridas;Plena Noite;Decrescente;Céu Claro;Dupla;Reta;Sim  ;"1023276   ";Motocicleta;YAMAHA/YBR150 FACTOR ED;"2020      ";Condutor;Lesões Leves;"24   ";Masculino;"0 ";"1    ";"0    ";"0    ";-15.7846150;-48.1320230;SPRF-DF;DEL03-DF;UOP02-DEL03-DF 
574525;"1276438   ";2024-01-13;sábado;21:05:00;DF;"70   ";"9    ";BRASILIA;Não;Reação tardia ou ineficiente do condutor;1;Colisão traseira;Com Vítimas Feridas;Plena Noite;Decrescente;Céu Claro;Dupla;Reta;Sim  ;"1023272   ";Automóvel;FIAT/PALIO FIRE FLEX;"2008      ";Condutor;Ileso;"44   ";Masculino;"1 ";"0    ";"0    ";"0    ";-15.7846150;-48.1320230;SPRF-DF;DEL03-DF;UOP02-DEL03-DF 
574525;"1276440   ";2024-01-13;sábado;21:05:00;DF;"70   ";"9    ";BRASILIA;Sim;Manobra de mudança de faixa;1;Colisão traseira;Com Vítimas Feridas;Plena Noite;Decrescente;Céu Claro;Dupla;Reta;Sim  ;"1023276   ";Motocicleta;YAMAHA/YBR150 FACTOR ED;"2020      ";Condutor;Lesões Leves;"24   ";Masculino;"0 ";"1    ";"0    ";"0    ";-15.7846150;-48.1320230;SPRF-DF;DEL03-DF;UOP02-DEL03-DF 
574525;"1276438   ";2024-01-13;sábado;21:05:00;DF;"70   ";"9    ";BRASILIA;Sim;Manobra de mudança de faixa;1;Colisão traseira;Com Vítimas Feridas;Plena Noite;Decrescente;Céu Claro;Dupla;Reta;Sim  ;"1023272   ";Automóvel;FIAT/PALIO FIRE FLEX;"2008      ";Condutor;Ileso;"44   ";Masculino;"1 ";"0    ";"0    ";"0    ";-15.7846150;-48.1320230;SPRF-DF;DEL03-DF;UOP02-DEL03-DF 
574527;"1276392   ";2024-01-13;sábado;20:00:00;DF;"20   ";"56,9 ";BRASILIA;Sim;Iluminação deficiente;2;Capotamento;Sem Vítimas;Plena Noite;Decrescente;Céu Claro;Dupla;Curva;Não  ;"1023242   ";Automóvel;I/FIAT PALIO ATTRACT 1.4;"2012      ";Condutor;Não Informado;"0    ";Não Informado;"0 ";"0    ";"0    ";"0    ";-15.5830270;-47.3670810;SPRF-DF;DEL02-DF;UOP01-DEL02-DF 
574527;"1276392   ";2024-01-13;sábado;20:00:00;DF;"20   ";"56,9 ";BRASILIA;Sim;Iluminação deficiente;1;Saída de leito carroçável;Sem Vítimas;Plena Noite;Decrescente;Céu Claro;Dupla;Curva;Não  ;"1023242   ";Automóvel;I/FIAT PALIO ATTRACT 1.4;"2012      ";Condutor;Não Informado;"0    ";Não Informado;"0 ";"0    ";"0    ";"0    ";-15.5830270;-47.3670810;SPRF-DF;DEL02-DF;UOP01-DEL02-DF 
574534;"1276553   ";2024-01-13;sábado;21:30:00;GO;"60   ";"62   ";ABADIANIA;Sim;Acessar a via sem observar a presença dos outros veículos;1;Atropelamento de Pedestre;Com Vítimas Feridas;Pleno dia;Crescente;Céu Claro;Dupla;Reta;Não  ;"1023373   ";Automóvel;Não Informado/Não Informado;"0         ";Condutor;Não Informado;"0    ";Não Informado;"0 ";"0    ";"0    ";"0    ";-16.1881000;-48.7205000;SPRF-GO;DEL02-GO;UOP01-DEL02-GO 
574534;"1276554   ";2024-01-13;sábado;21:30:00;GO;"60   ";"62   ";ABADIANIA;Sim;Acessar a via sem observar a presença dos outros veículos;1;Atropelamento de Pedestre;Com Vítimas Feridas;Pleno dia;Crescente;Céu Claro;Dupla;Reta;Não  ;"0         ";"0";NA/NA;"0         ";Pedestre;Lesões Leves;"24   ";Masculino;"0 ";"1    ";"0    ";"0    ";-16.1881000;-48.7205000;SPRF-GO;DEL02-GO;UOP01-DEL02-GO 
574553;"1276461   ";2024-01-13;sábado;21:15:00;GO;"153  ";"402,2";PIRENOPOLIS;Não;Condutor deixou de manter distância do veículo da frente;1;Colisão lateral mesmo sentido;Com Vítimas Feridas;Plena Noite;Decrescente;Céu Claro;Simples;Reta;Não  ;"1023292   ";Automóvel;CHEVROLET/CRUZE LTZ NB;"2011      ";Condutor;Ileso;"62   ";Masculino;"1 ";"0    ";"0    ";"0    ";-16.0407090;-49.0798450;SPRF-GO;DEL02-GO;UOP02-DEL02-GO 
574553;"1276462   ";2024-01-13;sábado;21:15:00;GO;"153  ";"402,2";PIRENOPOLIS;Não;Condutor deixou de manter distância do veículo da frente;1;Colisão lateral mesmo sentido;Com Vítimas Feridas;Plena Noite;Decrescente;Céu Claro;Simples;Reta;Não  ;"1023293   ";Automóvel;FIAT/PALIO FIRE FLEX;"2008      ";Condutor;Lesões Leves;"28   ";Feminino;"0 ";"1    ";"0    ";"0    ";-16.0407090;-49.0798450;SPRF-GO;DEL02-GO;UOP02-DEL02-GO 
574553;"1276461   ";2024-01-13;sábado;21:15:00;GO;"153  ";"402,2";PIRENOPOLIS;Sim;Acesso irregular;1;Colisão lateral mesmo sentido;Com Vítimas Feridas;Plena Noite;Decrescente;Céu Claro;Simples;Reta;Não  ;"1023292   ";Automóvel;CHEVROLET/CRUZE LTZ NB;"2011      ";Condutor;Ileso;"62   ";Masculino;"1 ";"0    ";"0    ";"0    ";-16.0407090;-49.0798450;SPRF-GO;DEL02-GO;UOP02-DEL02-GO 
574553;"1276462   ";2024-01-13;sábado;21:15:00;GO;"153  ";"402,2";PIRENOPOLIS;Sim;Acesso irregular;1;Colisão lateral mesmo sentido;Com Vítimas Feridas;Plena Noite;Decrescente;Céu Claro;Simples;Reta;Não  ;"1023293   ";Automóvel;FIAT/PALIO FIRE FLEX;"2008      ";Condutor;Lesões Leves;"28   ";Feminino;"0 ";"1    ";"0    ";"0    ";-16.0407090;-49.0798450;SPRF-GO;DEL02-GO;UOP02-DEL02-GO 
574640;"1276677   ";2024-01-14;domingo;09:40:00;GO;"60   ";"4,1  ";SANTO ANTONIO DO DESCOBERTO;Sim;Velocidade Incompatível;1;Colisão traseira;Com Vítimas Feridas;Pleno dia;Crescente;Nublado;Dupla;Reta;Não  ;"1023486   ";Motocicleta;KAWASAKI/Z800 ABS;"2015      ";Condutor;Lesões Leves;"29   ";Masculino;"0 ";"1    ";"0    ";"0    ";-16.0862710;-48.2723630;SPRF-DF;DEL03-DF;UOP01-DEL03-DF 
574640;"1276678   ";2024-01-14;domingo;09:40:00;GO;"60   ";"4,1  ";SANTO ANTONIO DO DESCOBERTO;Sim;Velocidade Incompatível;1;Colisão traseira;Com Vítimas Feridas;Pleno dia;Crescente;Nublado;Dupla;Reta;Não  ;"1023487   ";Automóvel;FORD/FIESTA;"2004      ";Condutor;Ileso;"30   ";Masculino;"1 ";"0    ";"0    ";"0    ";-16.0862710;-48.2723630;SPRF-DF;DEL03-DF;UOP01-DEL03-DF 
574654;"1276748   ";2024-01-14;domingo;12:00:00;GO;"70   ";"12,5 ";AGUAS LINDAS DE GOIAS;Não;Velocidade Incompatível;3;Queda de ocupante de veículo;Com Vítimas Feridas;Pleno dia;Crescente;Chuva;Dupla;Reta;Sim  ;"1023511   ";Automóvel;TOYOTA/ETIOS HB XS 15 MT;"2016      ";Condutor;Ileso;"23   ";Feminino;"1 ";"0    ";"0    ";"0    ";-15.7403708;-48.3103523;SPRF-DF;DEL03-DF;UOP02-DEL03-DF 
574654;"1276750   ";2024-01-14;domingo;12:00:00;GO;"70   ";"12,5 ";AGUAS LINDAS DE GOIAS;Não;Velocidade Incompatível;3;Queda de ocupante de veículo;Com Vítimas Feridas;Pleno dia;Crescente;Chuva;Dupla;Reta;Sim  ;"1023512   ";Motocicleta;HONDA/CG 150 TITAN EX;"2012      ";Condutor;Lesões Leves;"30   ";Masculino;"0 ";"1    ";"0    ";"0    ";-15.7403708;-48.3103523;SPRF-DF;DEL03-DF;UOP02-DEL03-DF 
574654;"1276748   ";2024-01-14;domingo;12:00:00;GO;"70   ";"12,5 ";AGUAS LINDAS DE GOIAS;Sim;Chuva;3;Queda de ocupante de veículo;Com Vítimas Feridas;Pleno dia;Crescente;Chuva;Dupla;Reta;Sim  ;"1023511   ";Automóvel;TOYOTA/ETIOS HB XS 15 MT;"2016      ";Condutor;Ileso;"23   ";Feminino;"1 ";"0    ";"0    ";"0    ";-15.7403708;-48.3103523;SPRF-DF;DEL03-DF;UOP02-DEL03-DF 
574654;"1276750   ";2024-01-14;domingo;12:00:00;GO;"70   ";"12,5 ";AGUAS LINDAS DE GOIAS;Sim;Chuva;3;Queda de ocupante de veículo;Com Vítimas Feridas;Pleno dia;Crescente;Chuva;Dupla;Reta;Sim  ;"1023512   ";Motocicleta;HONDA/CG 150 TITAN EX;"2012      ";Condutor;Lesões Leves;"30   ";Masculino;"0 ";"1    ";"0    ";"0    ";-15.7403708;-48.3103523;SPRF-DF;DEL03-DF;UOP02-DEL03-DF 
574654;"1276748   ";2024-01-14;domingo;12:00:00;GO;"70   ";"12,5 ";AGUAS LINDAS DE GOIAS;Não;Velocidade Incompatível;2;Capotamento;Com Vítimas Feridas;Pleno dia;Crescente;Chuva;Dupla;Reta;Sim  ;"1023511   ";Automóvel;TOYOTA/ETIOS HB XS 15 MT;"2016      ";Condutor;Ileso;"23   ";Feminino;"1 ";"0    ";"0    ";"0    ";-15.7403708;-48.3103523;SPRF-DF;DEL03-DF;UOP02-DEL03-DF 