id;pesid;data_inversa;dia_semana;horario;uf;br;km;municipio;causa_principal;causa_acidente;ordem_tipo_acidente;tipo_acidente;classificacao_acidente;fase_dia;sentido_via;condicao_metereologica;tipo_pista;tracado_via;uso_solo;id_veiculo;tipo_veiculo;marca;ano_fabricacao_veiculo;tipo_envolvido;estado_fisico;idade;sexo;ilesos;feridos_leves;feridos_graves;mortos;latitude;longitude;regional;delegacia;uop
575014;"1277754   ";2024-01-16;terça-feira;06:00:00;DF;"70   ";"9,5  ";BRASILIA;Sim;Ausência de reação do condutor;3;Tombamento;Com Vítimas Feridas;Pleno dia;Crescente;Céu Claro;Dupla;Interseção de Vias;Sim  ;"1024183   ";Automóvel;FIAT/UNO MILLE FIRE FLEX;"2008      ";Condutor;Lesões Leves;"39   ";Masculino;"0 ";"1    ";"0    ";"0    ";-15.7846150;-48.1320230;SPRF-DF;DEL03-DF;UOP02-DEL03-DF 
575014;"1277754   ";2024-01-16;terça-feira;06:00:00;DF;"70   ";"9,5  ";BRASILIA;Sim;Ausência de reação do condutor;2;Capotamento;Com Vítimas Feridas;Pleno dia;Crescente;Céu Claro;Dupla;Interseção de Vias;Sim  ;"1024183   ";Automóvel;FIAT/UNO MILLE FIRE FLEX;"2008      ";Condutor;Lesões Leves;"39   ";Masculino;"0 ";"1    ";"0    ";"0    ";-15.7846150;-48.1320230;SPRF-DF;DEL03-DF;UOP02-DEL03-DF 
575014;"1277754   ";2024-01-16;terça-feira;06:00:00;DF;"70   ";"9,5  ";BRASILIA;Sim;Ausência de reação do condutor;1;Saída de leito carroçável;Com Vítimas Feridas;Pleno dia;Crescente;Céu Claro;Dupla;Interseção de Vias;Sim  ;"1024183   ";Automóvel;FIAT/UNO MILLE FIRE FLEX;"2008      ";Condutor;Lesões Leves;"39   ";Masculino;"0 ";"1    ";"0    ";"0    ";-15.7846150;-48.1320230;SPRF-DF;DEL03-DF;UOP02-DEL03-DF 
575029;"1277827   ";2024-01-16;terça-feira;08:30:00;DF;"20   ";"36,1 ";BRASILIA;Sim;Suicídio (presumido);2;Colisão com objeto;Com Vítimas Feridas;Pleno dia;Decrescente;Céu Claro;Dupla;Reta;Não  ;"1024242   ";Automóvel;PEUGEOT/208 ALLURE;"2013      ";Condutor;Lesões Leves;"44   ";Masculino;"0 ";"1    ";"0    ";"0    ";-15.5819230;-47.5498810;SPRF-DF;DEL02-DF;UOP01-DEL02-DF 
575029;"1277828   ";2024-01-16;terça-feira;08:30:00;DF;"20   ";"36,1 ";BRASILIA;Sim;Suicídio (presumido);2;Colisão com objeto;Com Vítimas Feridas;Pleno dia;Decrescente;Céu Claro;Dupla;Reta;Não  ;"0         ";"0";NA/NA;"0         ";Testemunha;Não Informado;"0    ";Não Informado;"0 ";"0    ";"0    ";"0    ";-15.5819230;-47.5498810;SPRF-DF;DEL02-DF;UOP01-DEL02-DF 
575029;"1277827   ";2024-01-16;terça-feira;08:30:00;DF;"20   ";"36,1 ";BRASILIA;Sim;Suicídio (presumido);1;Saída de leito carroçável;Com Vítimas Feridas;Pleno dia;Decrescente;Céu Claro;Dupla;Reta;Não  ;"1024242   ";Automóvel;PEUGEOT/208 ALLURE;"2013      ";Condutor;Lesões Leves;"44   ";Masculino;"0 ";"1    ";"0    ";"0    ";-15.5819230;-47.5498810;SPRF-DF;DEL02-DF;UOP01-DEL02-DF 
575029;"1277828   ";2024-01-16;terça-feira;08:30:00;DF;"20   ";"36,1 ";BRASILIA;Sim;Suicídio (presumido);1;Saída de leito carroçável;Com Vítimas Feridas;Pleno dia;Decrescente;Céu Claro;Dupla;Reta;Não  ;"0         ";"0";NA/NA;"0         ";Testemunha;Não Informado;"0    ";Não Informado;"0 ";"0    ";"0    ";"0    ";-15.5819230;-47.5498810;SPRF-DF;DEL02-DF;UOP01-DEL02-DF 
575071;"1278229   ";2024-01-16;terça-feira;12:15:00;DF;"40   ";"8    ";BRASILIA;Sim;Acessar a via sem observar a presença dos outros veículos;1;Colisão lateral mesmo sentido;Com Vítimas Feridas;Pleno dia;Crescente;Céu Claro;Dupla;Reta;Sim  ;"1024551   ";Automóvel;I/FORD FOCUS 1.6 FLEX HA;"2009      ";Condutor;Ileso;"23   ";Masculino;"1 ";"0    ";"0    ";"0    ";-16.0386660;-47.9796910;SPRF-DF;DEL01-DF;UOP01-DEL01-DF 
575071;"1278230   ";2024-01-16;terça-feira;12:15:00;DF;"40   ";"8    ";BRASILIA;Sim;Acessar a via sem observar a presença dos outros veículos;1;Colisão lateral mesmo sentido;Com Vítimas Feridas;Pleno dia;Crescente;Céu Claro;Dupla;Reta;Sim  ;"1024552   ";Motocicleta;HONDA/CG 150 TITAN KS;"2005      ";Condutor;Lesões Leves;"71   ";Masculino;"0 ";"1    ";"0    ";"0    ";-16.0386660;-47.9796910;SPRF-DF;DEL01-DF;UOP01-DEL01-DF 
575114;"1278132   ";2024-01-16;terça-feira;14:50:00;GO;"20   ";"19,7 ";FORMOSA;Não;Falta de acostamento;2;Saída de leito carroçável;Com Vítimas Fatais;Pleno dia;Crescente;Céu Claro;Simples;"Reta;Declive";Não  ;"1024478   ";Caminhão-trator;SCANIA/R450 A6X2;"2022      ";Condutor;Ileso;"50   ";Masculino;"1 ";"0    ";"0    ";"0    ";-15.5538870;-47.1870800;SPRF-DF;DEL02-DF;UOP02-DEL02-DF 
575114;"0         ";2024-01-16;terça-feira;14:50:00;GO;"20   ";"19,7 ";FORMOSA;Não;Falta de acostamento;2;Saída de leito carroçável;Com Vítimas Fatais;Pleno dia;Crescente;Céu Claro;Simples;"Reta;Declive";Não  ;"1024490   ";Semireboque;SR/FACCHINI SRF LOED;"2020      ";"0";"0";"0    ";"0";"0 ";"0    ";"0    ";"0    ";-15.5538870;-47.1870800;SPRF-DF;DEL02-DF;UOP02-DEL02-DF 
643509;"1445031   ";2024-11-22;sexta-feira;16:00:00;DF;"20   ";"25,4 ";BRASILIA;Não;Chuva;2;Colisão traseira;Com Vítimas Feridas;Pleno dia;Crescente;Chuva;Dupla;Curva;Sim  ;"1156273   ";Caminhão;VW/8.150;"2002      ";Passageiro;Ileso;"36   ";Masculino;"1 ";"0    ";"0    ";"0    ";-15.5956030;-47.6497150;SPRF-DF;DEL02-DF;UOP01-DEL02-DF 
575114;"1279938   ";2024-01-16;terça-feira;14:50:00;GO;"20   ";"19,7 ";FORMOSA;Não;Falta de acostamento;2;Saída de leito carroçável;Com Vítimas Fatais;Pleno dia;Crescente;Céu Claro;Simples;"Reta;Declive";Não  ;"1024483   ";Automóvel;FIAT/SIENA EL FLEX;"2010      ";Passageiro;Óbito;"77   ";Masculino;"0 ";"0    ";"0    ";"1    ";-15.5538870;-47.1870800;SPRF-DF;DEL02-DF;UOP02-DEL02-DF 
575114;"1278134   ";2024-01-16;terça-feira;14:50:00;GO;"20   ";"19,7 ";FORMOSA;Não;Falta de acostamento;2;Saída de leito carroçável;Com Vítimas Fatais;Pleno dia;Crescente;Céu Claro;Simples;"Reta;Declive";Não  ;"1024483   ";Automóvel;FIAT/SIENA EL FLEX;"2010      ";Condutor;Óbito;"50   ";Masculino;"0 ";"0    ";"0    ";"1    ";-15.5538870;-47.1870800;SPRF-DF;DEL02-DF;UOP02-DEL02-DF 
575114;"1279936   ";2024-01-16;terça-feira;14:50:00;GO;"20   ";"19,7 ";FORMOSA;Não;Falta de acostamento;2;Saída de leito carroçável;Com Vítimas Fatais;Pleno dia;Crescente;Céu Claro;Simples;"Reta;Declive";Não  ;"1024483   ";Automóvel;FIAT/SIENA EL FLEX;"2010      ";Passageiro;Óbito;"50   ";Feminino;"0 ";"0    ";"0    ";"1    ";-15.5538870;-47.1870800;SPRF-DF;DEL02-DF;UOP02-DEL02-DF 
575114;"1278132   ";2024-01-16;terça-feira;14:50:00;GO;"20   ";"19,7 ";FORMOSA;Não;Reação tardia ou ineficiente do condutor;2;Saída de leito carroçável;Com Vítimas Fatais;Pleno dia;Crescente;Céu Claro;Simples;"Reta;Declive";Não  ;"1024478   ";Caminhão-trator;SCANIA/R450 A6X2;"2022      ";Condutor;Ileso;"50   ";Masculino;"1 ";"0    ";"0    ";"0    ";-15.5538870;-47.1870800;SPRF-DF;DEL02-DF;UOP02-DEL02-DF 
575114;"0         ";2024-01-16;terça-feira;14:50:00;GO;"20   ";"19,7 ";FORMOSA;Não;Reação tardia ou ineficiente do condutor;2;Saída de leito carroçável;Com Vítimas Fatais;Pleno dia;Crescente;Céu Claro;Simples;"Reta;Declive";Não  ;"1024490   ";Semireboque;SR/FACCHINI SRF LOED;"2020      ";"0";"0";"0    ";"0";"0 ";"0    ";"0    ";"0    ";-15.5538870;-47.1870800;SPRF-DF;DEL02-DF;UOP02-DEL02-DF 
575114;"1279938   ";2024-01-16;terça-feira;14:50:00;GO;"20   ";"19,7 ";FORMOSA;Não;Reação tardia ou ineficiente do condutor;2;Saída de leito carroçável;Com Vítimas Fatais;Pleno dia;Crescente;Céu Claro;Simples;"Reta;Declive";Não  ;"1024483   ";Automóvel;FIAT/SIENA EL FLEX;"2010      ";Passageiro;Óbito;"77   ";Masculino;"0 ";"0    ";"0    ";"1    ";-15.5538870;-47.1870800;SPRF-DF;DEL02-DF;UOP02-DEL02-DF 
575114;"1278134   ";2024-01-16;terça-feira;14:50:00;GO;"20   ";"19,7 ";FORMOSA;Não;Reação tardia ou ineficiente do condutor;2;Saída de leito carroçável;Com Vítimas Fatais;Pleno dia;Crescente;Céu Claro;Simples;"Reta;Declive";Não  ;"1024483   ";Automóvel;FIAT/SIENA EL FLEX;"2010      ";Condutor;Óbito;"50   ";Masculino;"0 ";"0    ";"0    ";"1    ";-15.5538870;-47.1870800;SPRF-DF;DEL02-DF;UOP02-DEL02-DF 
575114;"1279936   ";2024-01-16;terça-feira;14:50:00;GO;"20   ";"19,7 ";FORMOSA;Não;Reação tardia ou ineficiente do condutor;2;Saída de leito carroçável;Com Vítimas Fatais;Pleno dia;Crescente;Céu Claro;Simples;"Reta;Declive";Não  ;"1024483   ";Automóvel;FIAT/SIENA EL FLEX;"2010      ";Passageiro;Óbito;"50   ";Feminino;"0 ";"0    ";"0    ";"1    ";-15.5538870;-47.1870800;SPRF-DF;DEL02-DF;UOP02-DEL02-DF 
575114;"1278132   ";2024-01-16;terça-feira;14:50:00;GO;"20   ";"19,7 ";FORMOSA;Não;Ultrapassagem Indevida;2;Saída de leito carroçável;Com Vítimas Fatais;Pleno dia;Crescente;Céu Claro;Simples;"Reta;Declive";Não  ;"1024478   ";Caminhão-trator;SCANIA/R450 A6X2;"2022      ";Condutor;Ileso;"50   ";Masculino;"1 ";"0    ";"0    ";"0    ";-15.5538870;-47.1870800;SPRF-DF;DEL02-DF;UOP02-DEL02-DF 
575114;"0         ";2024-01-16;terça-feira;14:50:00;GO;"20   ";"19,7 ";FORMOSA;Não;Ultrapassagem Indevida;2;Saída de leito carroçável;Com Vítimas Fatais;Pleno dia;Crescente;Céu Claro;Simples;"Reta;Declive";Não  ;"1024490   ";Semireboque;SR/FACCHINI SRF LOED;"2020      ";"0";"0";"0    ";"0";"0 ";"0    ";"0    ";"0    ";-15.5538870;-47.1870800;SPRF-DF;DEL02-DF;UOP02-DEL02-DF 
575114;"1279938   ";2024-01-16;terça-feira;14:50:00;GO;"20   ";"19,7 ";FORMOSA;Não;Ultrapassagem Indevida;2;Saída de leito carroçável;Com Vítimas Fatais;Pleno dia;Crescente;Céu Claro;Simples;"Reta;Declive";Não  ;"1024483   ";Automóvel;FIAT/SIENA EL FLEX;"2010      ";Passageiro;Óbito;"77   ";Masculino;"0 ";"0    ";"0    ";"1    ";-15.5538870;-47.1870800;SPRF-DF;DEL02-DF;UOP02-DEL02-DF 
575114;"1278134   ";2024-01-16;terça-feira;14:50:00;GO;"20   ";"19,7 ";FORMOSA;Não;Ultrapassagem Indevida;2;Saída de leito carroçável;Com Vítimas Fatais;Pleno dia;Crescente;Céu Claro;Simples;"Reta;Declive";Não  ;"1024483   ";Automóvel;FIAT/SIENA EL FLEX;"2010      ";Condutor;Óbito;"50   ";Masculino;"0 ";"0    ";"0    ";"1    ";-15.5538870;-47.1870800;SPRF-DF;DEL02-DF;UOP02-DEL02-DF 
575114;"1279936   ";2024-01-16;terça-feira;14:50:00;GO;"20   ";"19,7 ";FORMOSA;Não;Ultrapassagem Indevida;2;Saída de leito carroçável;Com Vítimas Fatais;Pleno dia;Crescente;Céu Claro;Simples;"Reta;Declive";Não  ;"1024483   ";Automóvel;FIAT/SIENA EL FLEX;"2010      ";Passageiro;Óbito;"50   ";Feminino;"0 ";"0    ";"0    ";"1    ";-15.5538870;-47.1870800;SPRF-DF;DEL02-DF;UOP02-DEL02-DF 
575114;"1278132   ";2024-01-16;terça-feira;14:50:00;GO;"20   ";"19,7 ";FORMOSA;Não;Transitar na contramão;2;Saída de leito carroçável;Com Vítimas Fatais;Pleno dia;Crescente;Céu Claro;Simples;"Reta;Declive";Não  ;"1024478   ";Caminhão-trator;SCANIA/R450 A6X2;"2022      ";Condutor;Ileso;"50   ";Masculino;"1 ";"0    ";"0    ";"0    ";-15.5538870;-47.1870800;SPRF-DF;DEL02-DF;UOP02-DEL02-DF 
575114;"0         ";2024-01-16;terça-feira;14:50:00;GO;"20   ";"19,7 ";FORMOSA;Não;Transitar na contramão;2;Saída de leito carroçável;Com Vítimas Fatais;Pleno dia;Crescente;Céu Claro;Simples;"Reta;Declive";Não  ;"1024490   ";Semireboque;SR/FACCHINI SRF LOED;"2020      ";"0";"0";"0    ";"0";"0 ";"0    ";"0    ";"0    ";-15.5538870;-47.1870800;SPRF-DF;DEL02-DF;UOP02-DEL02-DF 
575114;"1279938   ";2024-01-16;terça-feira;14:50:00;GO;"20   ";"19,7 ";FORMOSA;Não;Transitar na contramão;2;Saída de leito carroçável;Com Vítimas Fatais;Pleno dia;Crescente;Céu Claro;Simples;"Reta;Declive";Não  ;"1024483   ";Automóvel;FIAT/SIENA EL FLEX;"2010      ";Passageiro;Óbito;"77   ";Masculino;"0 ";"0    ";"0    ";"1    ";-15.5538870;-47.1870800;SPRF-DF;DEL02-DF;UOP02-DEL02-DF 
575114;"1278134   ";2024-01-16;terça-feira;14:50:00;GO;"20   ";"19,7 ";FORMOSA;Não;Transitar na contramão;2;Saída de leito carroçável;Com Vítimas Fatais;Pleno dia;Crescente;Céu Claro;Simples;"Reta;Declive";Não  ;"1024483   ";Automóvel;FIAT/SIENA EL FLEX;"2010      ";Condutor;Óbito;"50   ";Masculino;"0 ";"0    ";"0    ";"1    ";-15.5538870;-47.1870800;SPRF-DF;DEL02-DF;UOP02-DEL02-DF 
575114;"1279936   ";2024-01-16;terça-feira;14:50:00;GO;"20   ";"19,7 ";FORMOSA;Não;Transitar na contramão;2;Saída de leito carroçável;Com Vítimas Fatais;Pleno dia;Crescente;Céu Claro;Simples;"Reta;Declive";Não  ;"1024483   ";Automóvel;FIAT/SIENA EL FLEX;"2010      ";Passageiro;Óbito;"50   ";Feminino;"0 ";"0    ";"0    ";"1    ";-15.5538870;-47.1870800;SPRF-DF;DEL02-DF;UOP02-DEL02-DF 
575114;"1278132   ";2024-01-16;terça-feira;14:50:00;GO;"20   ";"19,7 ";FORMOSA;Não;Mal súbito do condutor;2;Saída de leito carroçável;Com Vítimas Fatais;Pleno dia;Crescente;Céu Claro;Simples;"Reta;Declive";Não  ;"1024478   ";Caminhão-trator;SCANIA/R450 A6X2;"2022      ";Condutor;Ileso;"50   ";Masculino;"1 ";"0    ";"0    ";"0    ";-15.5538870;-47.1870800;SPRF-DF;DEL02-DF;UOP02-DEL02-DF 
575114;"0         ";2024-01-16;terça-feira;14:50:00;GO;"20   ";"19,7 ";FORMOSA;Não;Mal súbito do condutor;2;Saída de leito carroçável;Com Vítimas Fatais;Pleno dia;Crescente;Céu Claro;Simples;"Reta;Declive";Não  ;"1024490   ";Semireboque;SR/FACCHINI SRF LOED;"2020      ";"0";"0";"0    ";"0";"0 ";"0    ";"0    ";"0    ";-15.5538870;-47.1870800;SPRF-DF;DEL02-DF;UOP02-DEL02-DF 
575114;"1279938   ";2024-01-16;terça-feira;14:50:00;GO;"20   ";"19,7 ";FORMOSA;Não;Mal súbito do condutor;2;Saída de leito carroçável;Com Vítimas Fatais;Pleno dia;Crescente;Céu Claro;Simples;"Reta;Declive";Não  ;"1024483   ";Automóvel;FIAT/SIENA EL FLEX;"2010      ";Passageiro;Óbito;"77   ";Masculino;"0 ";"0    ";"0    ";"1    ";-15.5538870;-47.1870800;SPRF-DF;DEL02-DF;UOP02-DEL02-DF 
575114;"1278134   ";2024-01-16;terça-feira;14:50:00;GO;"20   ";"19,7 ";FORMOSA;Não;Mal súbito do condutor;2;Saída de leito carroçável;Com Vítimas Fatais;Pleno dia;Crescente;Céu Claro;Simples;"Reta;Declive";Não  ;"1024483   ";Automóvel;FIAT/SIENA EL FLEX;"2010      ";Condutor;Óbito;"50   ";Masculino;"0 ";"0    ";"0    ";"1    ";-15.5538870;-47.1870800;SPRF-DF;DEL02-DF;UOP02-DEL02-DF 
575114;"1279936   ";2024-01-16;terça-feira;14:50:00;GO;"20   ";"19,7 ";FORMOSA;Não;Mal súbito do condutor;2;Saída de leito carroçável;Com Vítimas Fatais;Pleno dia;Crescente;Céu Claro;Simples;"Reta;Declive";Não  ;"1024483   ";Automóvel;FIAT/SIENA EL FLEX;"2010      ";Passageiro;Óbito;"50   ";Feminino;"0 ";"0    ";"0    ";"1    ";-15.5538870;-47.1870800;SPRF-DF;DEL02-DF;UOP02-DEL02-DF 
575114;"1278132   ";2024-01-16;terça-feira;14:50:00;GO;"20   ";"19,7 ";FORMOSA;Não;Ausência de reação do condutor;2;Saída de leito carroçável;Com Vítimas Fatais;Pleno dia;Crescente;Céu Claro;Simples;"Reta;Declive";Não  ;"1024478   ";Caminhão-trator;SCANIA/R450 A6X2;"2022      ";Condutor;Ileso;"50   ";Masculino;"1 ";"0    ";"0    ";"0    ";-15.5538870;-47.1870800;SPRF-DF;DEL02-DF;UOP02-DEL02-DF 
575114;"0         ";2024-01-16;terça-feira;14:50:00;GO;"20   ";"19,7 ";FORMOSA;Não;Ausência de reação do condutor;2;Saída de leito carroçável;Com Vítimas Fatais;Pleno dia;Crescente;Céu Claro;Simples;"Reta;Declive";Não  ;"1024490   ";Semireboque;SR/FACCHINI SRF LOED;"2020      ";"0";"0";"0    ";"0";"0 ";"0    ";"0    ";"0    ";-15.5538870;-47.1870800;SPRF-DF;DEL02-DF;UOP02-DEL02-DF 
575114;"1279938   ";2024-01-16;terça-feira;14:50:00;GO;"20   ";"19,7 ";FORMOSA;Não;Ausência de reação do condutor;2;Saída de leito carroçável;Com Vítimas Fatais;Pleno dia;Crescente;Céu Claro;Simples;"Reta;Declive";Não  ;"1024483   ";Automóvel;FIAT/SIENA EL FLEX;"2010      ";Passageiro;Óbito;"77   ";Masculino;"0 ";"0    ";"0    ";"1    ";-15.5538870;-47.1870800;SPRF-DF;DEL02-DF;UOP02-DEL02-DF 
575114;"1278134   ";2024-01-16;terça-feira;14:50:00;GO;"20   ";"19,7 ";FORMOSA;Não;Ausência de reação do condutor;2;Saída de leito carroçável;Com Vítimas Fatais;Pleno dia;Crescente;Céu Claro;Simples;"Reta;Declive";Não  ;"1024483   ";Automóvel;FIAT/SIENA EL FLEX;"2010      ";Condutor;Óbito;"50   ";Masculino;"0 ";"0    ";"0    ";"1    ";-15.5538870;-47.1870800;SPRF-DF;DEL02-DF;UOP02-DEL02-DF 
575114;"1279936   ";2024-01-16;terça-feira;14:50:00;GO;"20   ";"19,7 ";FORMOSA;Não;Ausência de reação do condutor;2;Saída de leito carroçável;Com Vítimas Fatais;Pleno dia;Crescente;Céu Claro;Simples;"Reta;Declive";Não  ;"1024483   ";Automóvel;FIAT/SIENA EL FLEX;"2010      ";Passageiro;Óbito;"50   ";Feminino;"0 ";"0    ";"0    ";"1    ";-15.5538870;-47.1870800;SPRF-DF;DEL02-DF;UOP02-DEL02-DF 
575114;"1278132   ";2024-01-16;terça-feira;14:50:00;GO;"20   ";"19,7 ";FORMOSA;Sim;Condutor Dormindo;2;Saída de leito carroçável;Com Vítimas Fatais;Pleno dia;Crescente;Céu Claro;Simples;"Reta;Declive";Não  ;"1024478   ";Caminhão-trator;SCANIA/R450 A6X2;"2022      ";Condutor;Ileso;"50   ";Masculino;"1 ";"0    ";"0    ";"0    ";-15.5538870;-47.1870800;SPRF-DF;DEL02-DF;UOP02-DEL02-DF 
575114;"0         ";2024-01-16;terça-feira;14:50:00;GO;"20   ";"19,7 ";FORMOSA;Sim;Condutor Dormindo;2;Saída de leito carroçável;Com Vítimas Fatais;Pleno dia;Crescente;Céu Claro;Simples;"Reta;Declive";Não  ;"1024490   ";Semireboque;SR/FACCHINI SRF LOED;"2020      ";"0";"0";"0    ";"0";"0 ";"0    ";"0    ";"0    ";-15.5538870;-47.1870800;SPRF-DF;DEL02-DF;UOP02-DEL02-DF 
575114;"1279938   ";2024-01-16;terça-feira;14:50:00;GO;"20   ";"19,7 ";FORMOSA;Sim;Condutor Dormindo;2;Saída de leito carroçável;Com Vítimas Fatais;Pleno dia;Crescente;Céu Claro;Simples;"Reta;Declive";Não  ;"1024483   ";Automóvel;FIAT/SIENA EL FLEX;"2010      ";Passageiro;Óbito;"77   ";Masculino;"0 ";"0    ";"0    ";"1    ";-15.5538870;-47.1870800;SPRF-DF;DEL02-DF;UOP02-DEL02-DF 
575114;"1278134   ";2024-01-16;terça-feira;14:50:00;GO;"20   ";"19,7 ";FORMOSA;Sim;Condutor Dormindo;2;Saída de leito carroçável;Com Vítimas Fatais;Pleno dia;Crescente;Céu Claro;Simples;"Reta;Declive";Não  ;"1024483   ";Automóvel;FIAT/SIENA EL FLEX;"2010      ";Condutor;Óbito;"50   ";Masculino;"0 ";"0    ";"0    ";"1    ";-15.5538870;-47.1870800;SPRF-DF;DEL02-DF;UOP02-DEL02-DF 
575114;"1279936   ";2024-01-16;terça-feira;14:50:00;GO;"20   ";"19,7 ";FORMOSA;Sim;Condutor Dormindo;2;Saída de leito carroçável;Com Vítimas Fatais;Pleno dia;Crescente;Céu Claro;Simples;"Reta;Declive";Não  ;"1024483   ";Automóvel;FIAT/SIENA EL FLEX;"2010      ";Passageiro;Óbito;"50   ";Feminino;"0 ";"0    ";"0    ";"1    ";-15.5538870;-47.1870800;SPRF-DF;DEL02-DF;UOP02-DEL02-DF 
575114;"1278132   ";2024-01-16;terça-feira;14:50:00;GO;"20   ";"19,7 ";FORMOSA;Não;Falta de acostamento;1;Colisão frontal;Com Vítimas Fatais;Pleno dia;Crescente;Céu Claro;Simples;"Reta;Declive";Não  ;"1024478   ";Caminhão-trator;SCANIA/R450 A6X2;"2022      ";Condutor;Ileso;"50   ";Masculino;"1 ";"0    ";"0    ";"0    ";-15.5538870;-47.1870800;SPRF-DF;DEL02-DF;UOP02-DEL02-DF 
575114;"0         ";2024-01-16;terça-feira;14:50:00;GO;"20   ";"19,7 ";FORMOSA;Não;Falta de acostamento;1;Colisão frontal;Com Vítimas Fatais;Pleno dia;Crescente;Céu Claro;Simples;"Reta;Declive";Não  ;"1024490   ";Semireboque;SR/FACCHINI SRF LOED;"2020      ";"0";"0";"0    ";"0";"0 ";"0    ";"0    ";"0    ";-15.5538870;-47.1870800;SPRF-DF;DEL02-DF;UOP02-DEL02-DF 
575114;"1279938   ";2024-01-16;terça-feira;14:50:00;GO;"20   ";"19,7 ";FORMOSA;Não;Falta de acostamento;1;Colisão frontal;Com Vítimas Fatais;Pleno dia;Crescente;Céu Claro;Simples;"Reta;Declive";Não  ;"1024483   ";Automóvel;FIAT/SIENA EL FLEX;"2010      ";Passageiro;Óbito;"77   ";Masculino;"0 ";"0    ";"0    ";"1    ";-15.5538870;-47.1870800;SPRF-DF;DEL02-DF;UOP02-DEL02-DF 
575114;"1278134   ";2024-01-16;terça-feira;14:50:00;GO;"20   ";"19,7 ";FORMOSA;Não;Falta de acostamento;1;Colisão frontal;Com Vítimas Fatais;Pleno dia;Crescente;Céu Claro;Simples;"Reta;Declive";Não  ;"1024483   ";Automóvel;FIAT/SIENA EL FLEX;"2010      ";Condutor;Óbito;"50   ";Masculino;"0 ";"0    ";"0    ";"1    ";-15.5538870;-47.1870800;SPRF-DF;DEL02-DF;UOP02-DEL02-DF 
575114;"1279936   ";2024-01-16;terça-feira;14:50:00;GO;"20   ";"19,7 ";FORMOSA;Não;Falta de acostamento;1;Colisão frontal;Com Vítimas Fatais;Pleno dia;Crescente;Céu Claro;Simples;"Reta;Declive";Não  ;"1024483   ";Automóvel;FIAT/SIENA EL FLEX;"2010      ";Passageiro;Óbito;"50   ";Feminino;"0 ";"0    ";"0    ";"1    ";-15.5538870;-47.1870800;SPRF-DF;DEL02-DF;UOP02-DEL02-DF 
575114;"1278132   ";2024-01-16;terça-feira;14:50:00;GO;"20   ";"19,7 ";FORMOSA;Não;Reação tardia ou ineficiente do condutor;1;Colisão frontal;Com Vítimas Fatais;Pleno dia;Crescente;Céu Claro;Simples;"Reta;Declive";Não  ;"1024478   ";Caminhão-trator;SCANIA/R450 A6X2;"2022      ";Condutor;Ileso;"50   ";Masculino;"1 ";"0    ";"0    ";"0    ";-15.5538870;-47.1870800;SPRF-DF;DEL02-DF;UOP02-DEL02-DF 
575114;"0         ";2024-01-16;terça-feira;14:50:00;GO;"20   ";"19,7 ";FORMOSA;Não;Reação tardia ou ineficiente do condutor;1;Colisão frontal;Com Vítimas Fatais;Pleno dia;Crescente;Céu Claro;Simples;"Reta;Declive";Não  ;"1024490   ";Semireboque;SR/FACCHINI SRF LOED;"2020      ";"0";"0";"0    ";"0";"0 ";"0    ";"0    ";"0    ";-15.5538870;-47.1870800;SPRF-DF;DEL02-DF;UOP02-DEL02-DF 
575114;"1279938   ";2024-01-16;terça-feira;14:50:00;GO;"20   ";"19,7 ";FORMOSA;Não;Reação tardia ou ineficiente do condutor;1;Colisão frontal;Com Vítimas Fatais;Pleno dia;Crescente;Céu Claro;Simples;"Reta;Declive";Não  ;"1024483   ";Automóvel;FIAT/SIENA EL FLEX;"2010      ";Passageiro;Óbito;"77   ";Masculino;"0 ";"0    ";"0    ";"1    ";-15.5538870;-47.1870800;SPRF-DF;DEL02-DF;UOP02-DEL02-DF 
575114;"1278134   ";2024-01-16;terça-feira;14:50:00;GO;"20   ";"19,7 ";FORMOSA;Não;Reação tardia ou ineficiente do condutor;1;Colisão frontal;Com Vítimas Fatais;Pleno dia;Crescente;Céu Claro;Simples;"Reta;Declive";Não  ;"1024483   ";Automóvel;FIAT/SIENA EL FLEX;"2010      ";Condutor;Óbito;"50   ";Masculino;"0 ";"0    ";"0    ";"1    ";-15.5538870;-47.1870800;SPRF-DF;DEL02-DF;UOP02-DEL02-DF 
575114;"1279936   ";2024-01-16;terça-feira;14:50:00;GO;"20   ";"19,7 ";FORMOSA;Não;Reação tardia ou ineficiente do condutor;1;Colisão frontal;Com Vítimas Fatais;Pleno dia;Crescente;Céu Claro;Simples;"Reta;Declive";Não  ;"1024483   ";Automóvel;FIAT/SIENA EL FLEX;"2010      ";Passageiro;Óbito;"50   ";Feminino;"0 ";"0    ";"0    ";"1    ";-15.5538870;-47.1870800;SPRF-DF;DEL02-DF;UOP02-DEL02-DF 
575114;"1278132   ";2024-01-16;terça-feira;14:50:00;GO;"20   ";"19,7 ";FORMOSA;Não;Ultrapassagem Indevida;1;Colisão frontal;Com Vítimas Fatais;Pleno dia;Crescente;Céu Claro;Simples;"Reta;Declive";Não  ;"1024478   ";Caminhão-trator;SCANIA/R450 A6X2;"2022      ";Condutor;Ileso;"50   ";Masculino;"1 ";"0    ";"0    ";"0    ";-15.5538870;-47.1870800;SPRF-DF;DEL02-DF;UOP02-DEL02-DF 