id;pesid;data_inversa;dia_semana;horario;uf;br;km;municipio;causa_principal;causa_acidente;ordem_tipo_acidente;tipo_acidente;classificacao_acidente;fase_dia;sentido_via;condicao_metereologica;tipo_pista;tracado_via;uso_solo;id_veiculo;tipo_veiculo;marca;ano_fabricacao_veiculo;tipo_envolvido;estado_fisico;idade;sexo;ilesos;feridos_leves;feridos_graves;mortos;latitude;longitude;regional;delegacia;uop
575264;"1278412   ";2024-01-17;quarta-feira;10:10:00;GO;"50   ";"99   ";CRISTALINA;Não;Acumulo de areia ou detritos sobre o pavimento;1;Colisão transversal;Com Vítimas Feridas;Pleno dia;Crescente;Céu Claro;Dupla;"Reta;Em Obras";Sim  ;"1024693   ";Caminhão;FORD/F250 XLT W20;"2005      ";Condutor;Ileso;"50   ";Masculino;"1 ";"0    ";"0    ";"0    ";-16.7753024;-47.6235474;SPRF-DF;DEL01-DF;UOP02-DEL01-DF 
575264;"1278414   ";2024-01-17;quarta-feira;10:10:00;GO;"50   ";"99   ";CRISTALINA;Não;Acumulo de areia ou detritos sobre o pavimento;1;Colisão transversal;Com Vítimas Feridas;Pleno dia;Crescente;Céu Claro;Dupla;"Reta;Em Obras";Sim  ;"1024694   ";Caminhonete;FIAT/STRADA WORKING;"2015      ";Condutor;Lesões Leves;"56   ";Masculino;"0 ";"1    ";"0    ";"0    ";-16.7753024;-47.6235474;SPRF-DF;DEL01-DF;UOP02-DEL01-DF 
575264;"1278412   ";2024-01-17;quarta-feira;10:10:00;GO;"50   ";"99   ";CRISTALINA;Sim;Acessar a via sem observar a presença dos outros veículos;1;Colisão transversal;Com Vítimas Feridas;Pleno dia;Crescente;Céu Claro;Dupla;"Reta;Em Obras";Sim  ;"1024693   ";Caminhão;FORD/F250 XLT W20;"2005      ";Condutor;Ileso;"50   ";Masculino;"1 ";"0    ";"0    ";"0    ";-16.7753024;-47.6235474;SPRF-DF;DEL01-DF;UOP02-DEL01-DF 
575264;"1278414   ";2024-01-17;quarta-feira;10:10:00;GO;"50   ";"99   ";CRISTALINA;Sim;Acessar a via sem observar a presença dos outros veículos;1;Colisão transversal;Com Vítimas Feridas;Pleno dia;Crescente;Céu Claro;Dupla;"Reta;Em Obras";Sim  ;"1024694   ";Caminhonete;FIAT/STRADA WORKING;"2015      ";Condutor;Lesões Leves;"56   ";Masculino;"0 ";"1    ";"0    ";"0    ";-16.7753024;-47.6235474;SPRF-DF;DEL01-DF;UOP02-DEL01-DF 
575413;"1279560   ";2024-01-18;quinta-feira;06:00:00;GO;"20   ";"157,8";ALVORADA DO NORTE;Sim;Velocidade Incompatível;1;Colisão com objeto;Sem Vítimas;Amanhecer;Decrescente;Céu Claro;Simples;Reta;Não  ;"1025617   ";Automóvel;GM/CORSA SUPER;"1997      ";Condutor;Não Informado;"0    ";Não Informado;"0 ";"0    ";"0    ";"0    ";-14.6398120;-46.6278690;SPRF-DF;DEL02-DF;UOP03-DEL02-DF 
575420;"1278726   ";2024-01-18;quinta-feira;06:30:00;DF;"40   ";"3    ";BRASILIA;Sim;Manobra de mudança de faixa;1;Colisão lateral mesmo sentido;Com Vítimas Feridas;Pleno dia;Decrescente;Céu Claro;Dupla;"Reta;Viaduto";Sim  ;"1024984   ";Motocicleta;HONDA/CG 160 FAN;"2021      ";Condutor;Lesões Leves;"24   ";Masculino;"0 ";"1    ";"0    ";"0    ";-16.0031450;-47.9839440;SPRF-DF;DEL01-DF;UOP01-DEL01-DF 
575420;"1278723   ";2024-01-18;quinta-feira;06:30:00;DF;"40   ";"3    ";BRASILIA;Sim;Manobra de mudança de faixa;1;Colisão lateral mesmo sentido;Com Vítimas Feridas;Pleno dia;Decrescente;Céu Claro;Dupla;"Reta;Viaduto";Sim  ;"1024983   ";Automóvel;GM/CELTA 4P SPIRIT;"2006      ";Condutor;Ileso;"44   ";Masculino;"1 ";"0    ";"0    ";"0    ";-16.0031450;-47.9839440;SPRF-DF;DEL01-DF;UOP01-DEL01-DF 
575544;"1279157   ";2024-01-18;quinta-feira;17:45:00;DF;"20   ";"19   ";BRASILIA;Sim;Manobra de mudança de faixa;1;Colisão lateral mesmo sentido;Com Vítimas Feridas;Pleno dia;Crescente;Nublado;Dupla;Reta;Sim  ;"1025304   ";Automóvel;I/RENAULT CLIO CAM1016VH;"2010      ";Condutor;Ileso;"36   ";Feminino;"1 ";"0    ";"0    ";"0    ";-15.6112782;-47.6987958;SPRF-DF;DEL02-DF;UOP01-DEL02-DF 
575544;"1279156   ";2024-01-18;quinta-feira;17:45:00;DF;"20   ";"19   ";BRASILIA;Sim;Manobra de mudança de faixa;1;Colisão lateral mesmo sentido;Com Vítimas Feridas;Pleno dia;Crescente;Nublado;Dupla;Reta;Sim  ;"1025303   ";Motoneta;HONDA/BIZ 125 MAIS;"2008      ";Condutor;Lesões Leves;"38   ";Masculino;"0 ";"1    ";"0    ";"0    ";-15.6112782;-47.6987958;SPRF-DF;DEL02-DF;UOP01-DEL02-DF 
575564;"1279142   ";2024-01-18;quinta-feira;17:50:00;DF;"20   ";"11,2 ";BRASILIA;Não;Ausência de reação do condutor;3;Tombamento;Com Vítimas Feridas;Anoitecer;Crescente;Céu Claro;Dupla;Reta;Sim  ;"1025293   ";Motocicleta;HONDA/CG 150 TITAN EX;"2015      ";Condutor;Lesões Leves;"47   ";Masculino;"0 ";"1    ";"0    ";"0    ";-15.6465400;-47.7664220;SPRF-DF;DEL02-DF;UOP01-DEL02-DF 
575564;"1279143   ";2024-01-18;quinta-feira;17:50:00;DF;"20   ";"11,2 ";BRASILIA;Não;Ausência de reação do condutor;3;Tombamento;Com Vítimas Feridas;Anoitecer;Crescente;Céu Claro;Dupla;Reta;Sim  ;"1025294   ";Automóvel;FIAT/PALIO ESSENC 1.6 DL;"2012      ";Condutor;Ileso;"36   ";Masculino;"1 ";"0    ";"0    ";"0    ";-15.6465400;-47.7664220;SPRF-DF;DEL02-DF;UOP01-DEL02-DF 
575564;"1279174   ";2024-01-18;quinta-feira;17:50:00;DF;"20   ";"11,2 ";BRASILIA;Não;Ausência de reação do condutor;3;Tombamento;Com Vítimas Feridas;Anoitecer;Crescente;Céu Claro;Dupla;Reta;Sim  ;"1025294   ";Automóvel;FIAT/PALIO ESSENC 1.6 DL;"2012      ";Passageiro;Ileso;"46   ";Feminino;"1 ";"0    ";"0    ";"0    ";-15.6465400;-47.7664220;SPRF-DF;DEL02-DF;UOP01-DEL02-DF 
575564;"1279142   ";2024-01-18;quinta-feira;17:50:00;DF;"20   ";"11,2 ";BRASILIA;Sim;Manobra de mudança de faixa;3;Tombamento;Com Vítimas Feridas;Anoitecer;Crescente;Céu Claro;Dupla;Reta;Sim  ;"1025293   ";Motocicleta;HONDA/CG 150 TITAN EX;"2015      ";Condutor;Lesões Leves;"47   ";Masculino;"0 ";"1    ";"0    ";"0    ";-15.6465400;-47.7664220;SPRF-DF;DEL02-DF;UOP01-DEL02-DF 
575564;"1279143   ";2024-01-18;quinta-feira;17:50:00;DF;"20   ";"11,2 ";BRASILIA;Sim;Manobra de mudança de faixa;3;Tombamento;Com Vítimas Feridas;Anoitecer;Crescente;Céu Claro;Dupla;Reta;Sim  ;"1025294   ";Automóvel;FIAT/PALIO ESSENC 1.6 DL;"2012      ";Condutor;Ileso;"36   ";Masculino;"1 ";"0    ";"0    ";"0    ";-15.6465400;-47.7664220;SPRF-DF;DEL02-DF;UOP01-DEL02-DF 
575564;"1279174   ";2024-01-18;quinta-feira;17:50:00;DF;"20   ";"11,2 ";BRASILIA;Sim;Manobra de mudança de faixa;3;Tombamento;Com Vítimas Feridas;Anoitecer;Crescente;Céu Claro;Dupla;Reta;Sim  ;"1025294   ";Automóvel;FIAT/PALIO ESSENC 1.6 DL;"2012      ";Passageiro;Ileso;"46   ";Feminino;"1 ";"0    ";"0    ";"0    ";-15.6465400;-47.7664220;SPRF-DF;DEL02-DF;UOP01-DEL02-DF 
575564;"1279142   ";2024-01-18;quinta-feira;17:50:00;DF;"20   ";"11,2 ";BRASILIA;Não;Ausência de reação do condutor;2;Queda de ocupante de veículo;Com Vítimas Feridas;Anoitecer;Crescente;Céu Claro;Dupla;Reta;Sim  ;"1025293   ";Motocicleta;HONDA/CG 150 TITAN EX;"2015      ";Condutor;Lesões Leves;"47   ";Masculino;"0 ";"1    ";"0    ";"0    ";-15.6465400;-47.7664220;SPRF-DF;DEL02-DF;UOP01-DEL02-DF 
575564;"1279143   ";2024-01-18;quinta-feira;17:50:00;DF;"20   ";"11,2 ";BRASILIA;Não;Ausência de reação do condutor;2;Queda de ocupante de veículo;Com Vítimas Feridas;Anoitecer;Crescente;Céu Claro;Dupla;Reta;Sim  ;"1025294   ";Automóvel;FIAT/PALIO ESSENC 1.6 DL;"2012      ";Condutor;Ileso;"36   ";Masculino;"1 ";"0    ";"0    ";"0    ";-15.6465400;-47.7664220;SPRF-DF;DEL02-DF;UOP01-DEL02-DF 
575564;"1279174   ";2024-01-18;quinta-feira;17:50:00;DF;"20   ";"11,2 ";BRASILIA;Não;Ausência de reação do condutor;2;Queda de ocupante de veículo;Com Vítimas Feridas;Anoitecer;Crescente;Céu Claro;Dupla;Reta;Sim  ;"1025294   ";Automóvel;FIAT/PALIO ESSENC 1.6 DL;"2012      ";Passageiro;Ileso;"46   ";Feminino;"1 ";"0    ";"0    ";"0    ";-15.6465400;-47.7664220;SPRF-DF;DEL02-DF;UOP01-DEL02-DF 
575564;"1279142   ";2024-01-18;quinta-feira;17:50:00;DF;"20   ";"11,2 ";BRASILIA;Sim;Manobra de mudança de faixa;2;Queda de ocupante de veículo;Com Vítimas Feridas;Anoitecer;Crescente;Céu Claro;Dupla;Reta;Sim  ;"1025293   ";Motocicleta;HONDA/CG 150 TITAN EX;"2015      ";Condutor;Lesões Leves;"47   ";Masculino;"0 ";"1    ";"0    ";"0    ";-15.6465400;-47.7664220;SPRF-DF;DEL02-DF;UOP01-DEL02-DF 
575564;"1279143   ";2024-01-18;quinta-feira;17:50:00;DF;"20   ";"11,2 ";BRASILIA;Sim;Manobra de mudança de faixa;2;Queda de ocupante de veículo;Com Vítimas Feridas;Anoitecer;Crescente;Céu Claro;Dupla;Reta;Sim  ;"1025294   ";Automóvel;FIAT/PALIO ESSENC 1.6 DL;"2012      ";Condutor;Ileso;"36   ";Masculino;"1 ";"0    ";"0    ";"0    ";-15.6465400;-47.7664220;SPRF-DF;DEL02-DF;UOP01-DEL02-DF 
575564;"1279174   ";2024-01-18;quinta-feira;17:50:00;DF;"20   ";"11,2 ";BRASILIA;Sim;Manobra de mudança de faixa;2;Queda de ocupante de veículo;Com Vítimas Feridas;Anoitecer;Crescente;Céu Claro;Dupla;Reta;Sim  ;"1025294   ";Automóvel;FIAT/PALIO ESSENC 1.6 DL;"2012      ";Passageiro;Ileso;"46   ";Feminino;"1 ";"0    ";"0    ";"0    ";-15.6465400;-47.7664220;SPRF-DF;DEL02-DF;UOP01-DEL02-DF 
575564;"1279142   ";2024-01-18;quinta-feira;17:50:00;DF;"20   ";"11,2 ";BRASILIA;Não;Ausência de reação do condutor;1;Colisão traseira;Com Vítimas Feridas;Anoitecer;Crescente;Céu Claro;Dupla;Reta;Sim  ;"1025293   ";Motocicleta;HONDA/CG 150 TITAN EX;"2015      ";Condutor;Lesões Leves;"47   ";Masculino;"0 ";"1    ";"0    ";"0    ";-15.6465400;-47.7664220;SPRF-DF;DEL02-DF;UOP01-DEL02-DF 
575564;"1279143   ";2024-01-18;quinta-feira;17:50:00;DF;"20   ";"11,2 ";BRASILIA;Não;Ausência de reação do condutor;1;Colisão traseira;Com Vítimas Feridas;Anoitecer;Crescente;Céu Claro;Dupla;Reta;Sim  ;"1025294   ";Automóvel;FIAT/PALIO ESSENC 1.6 DL;"2012      ";Condutor;Ileso;"36   ";Masculino;"1 ";"0    ";"0    ";"0    ";-15.6465400;-47.7664220;SPRF-DF;DEL02-DF;UOP01-DEL02-DF 
575564;"1279174   ";2024-01-18;quinta-feira;17:50:00;DF;"20   ";"11,2 ";BRASILIA;Não;Ausência de reação do condutor;1;Colisão traseira;Com Vítimas Feridas;Anoitecer;Crescente;Céu Claro;Dupla;Reta;Sim  ;"1025294   ";Automóvel;FIAT/PALIO ESSENC 1.6 DL;"2012      ";Passageiro;Ileso;"46   ";Feminino;"1 ";"0    ";"0    ";"0    ";-15.6465400;-47.7664220;SPRF-DF;DEL02-DF;UOP01-DEL02-DF 
575564;"1279142   ";2024-01-18;quinta-feira;17:50:00;DF;"20   ";"11,2 ";BRASILIA;Sim;Manobra de mudança de faixa;1;Colisão traseira;Com Vítimas Feridas;Anoitecer;Crescente;Céu Claro;Dupla;Reta;Sim  ;"1025293   ";Motocicleta;HONDA/CG 150 TITAN EX;"2015      ";Condutor;Lesões Leves;"47   ";Masculino;"0 ";"1    ";"0    ";"0    ";-15.6465400;-47.7664220;SPRF-DF;DEL02-DF;UOP01-DEL02-DF 
575564;"1279143   ";2024-01-18;quinta-feira;17:50:00;DF;"20   ";"11,2 ";BRASILIA;Sim;Manobra de mudança de faixa;1;Colisão traseira;Com Vítimas Feridas;Anoitecer;Crescente;Céu Claro;Dupla;Reta;Sim  ;"1025294   ";Automóvel;FIAT/PALIO ESSENC 1.6 DL;"2012      ";Condutor;Ileso;"36   ";Masculino;"1 ";"0    ";"0    ";"0    ";-15.6465400;-47.7664220;SPRF-DF;DEL02-DF;UOP01-DEL02-DF 
575564;"1279174   ";2024-01-18;quinta-feira;17:50:00;DF;"20   ";"11,2 ";BRASILIA;Sim;Manobra de mudança de faixa;1;Colisão traseira;Com Vítimas Feridas;Anoitecer;Crescente;Céu Claro;Dupla;Reta;Sim  ;"1025294   ";Automóvel;FIAT/PALIO ESSENC 1.6 DL;"2012      ";Passageiro;Ileso;"46   ";Feminino;"1 ";"0    ";"0    ";"0    ";-15.6465400;-47.7664220;SPRF-DF;DEL02-DF;UOP01-DEL02-DF 
575621;"1279450   ";2024-01-19;sexta-feira;03:50:00;GO;"40   ";"90   ";CRISTALINA;Não;Ingestão de álcool pelo condutor;1;Saída de leito carroçável;Sem Vítimas;Plena Noite;Decrescente;Céu Claro;Simples;Reta;Não  ;"1025529   ";Caminhonete;CHEVROLET/S10 LT DD2;"2012      ";Condutor;Ileso;"54   ";Masculino;"1 ";"0    ";"0    ";"0    ";-16.7238080;-47.6436270;SPRF-DF;DEL01-DF;UOP02-DEL01-DF 
575621;"1279450   ";2024-01-19;sexta-feira;03:50:00;GO;"40   ";"90   ";CRISTALINA;Sim;Condutor Dormindo;1;Saída de leito carroçável;Sem Vítimas;Plena Noite;Decrescente;Céu Claro;Simples;Reta;Não  ;"1025529   ";Caminhonete;CHEVROLET/S10 LT DD2;"2012      ";Condutor;Ileso;"54   ";Masculino;"1 ";"0    ";"0    ";"0    ";-16.7238080;-47.6436270;SPRF-DF;DEL01-DF;UOP02-DEL01-DF 
575628;"1279313   ";2024-01-19;sexta-feira;05:25:00;GO;"20   ";"30   ";FORMOSA;Sim;Ausência de reação do condutor;1;Saída de leito carroçável;Com Vítimas Feridas;Anoitecer;Crescente;Céu Claro;Dupla;Retorno Regulamentado;Sim  ;"1025404   ";Automóvel;FORD/KA SE 1.0 SD B;"2017      ";Passageiro;Lesões Leves;"61   ";Feminino;"0 ";"1    ";"0    ";"0    ";-15.4981560;-47.1098140;SPRF-DF;DEL02-DF;UOP02-DEL02-DF 
575628;"1287441   ";2024-01-19;sexta-feira;05:25:00;GO;"20   ";"30   ";FORMOSA;Sim;Ausência de reação do condutor;1;Saída de leito carroçável;Com Vítimas Feridas;Anoitecer;Crescente;Céu Claro;Dupla;Retorno Regulamentado;Sim  ;"1025404   ";Automóvel;FORD/KA SE 1.0 SD B;"2017      ";Condutor;Ileso;"72   ";Masculino;"1 ";"0    ";"0    ";"0    ";-15.4981560;-47.1098140;SPRF-DF;DEL02-DF;UOP02-DEL02-DF 
575628;"1287447   ";2024-01-19;sexta-feira;05:25:00;GO;"20   ";"30   ";FORMOSA;Sim;Ausência de reação do condutor;1;Saída de leito carroçável;Com Vítimas Feridas;Anoitecer;Crescente;Céu Claro;Dupla;Retorno Regulamentado;Sim  ;"1025404   ";Automóvel;FORD/KA SE 1.0 SD B;"2017      ";Passageiro;Lesões Leves;"15   ";Feminino;"0 ";"1    ";"0    ";"0    ";-15.4981560;-47.1098140;SPRF-DF;DEL02-DF;UOP02-DEL02-DF 
575754;"1279699   ";2024-01-19;sexta-feira;16:18:00;DF;"70   ";"19   ";BRASILIA;Sim;Reação tardia ou ineficiente do condutor;2;Capotamento;Com Vítimas Feridas;Pleno dia;Decrescente;Céu Claro;Dupla;"Curva;Aclive";Sim  ;"1025737   ";Caminhonete;FIAT/STRADA FIRE FLEX;"2011      ";Condutor;Lesões Leves;"48   ";Masculino;"0 ";"1    ";"0    ";"0    ";-15.7888680;-48.2202420;SPRF-DF;DEL03-DF;UOP02-DEL03-DF 
575754;"1279699   ";2024-01-19;sexta-feira;16:18:00;DF;"70   ";"19   ";BRASILIA;Sim;Reação tardia ou ineficiente do condutor;1;Saída de leito carroçável;Com Vítimas Feridas;Pleno dia;Decrescente;Céu Claro;Dupla;"Curva;Aclive";Sim  ;"1025737   ";Caminhonete;FIAT/STRADA FIRE FLEX;"2011      ";Condutor;Lesões Leves;"48   ";Masculino;"0 ";"1    ";"0    ";"0    ";-15.7888680;-48.2202420;SPRF-DF;DEL03-DF;UOP02-DEL03-DF 
575898;"1280113   ";2024-01-20;sábado;08:30:00;GO;"70   ";"8,2  ";AGUAS LINDAS DE GOIAS;Sim;Falta de elemento de contenção que evite a saída do leito carroçável;1;Capotamento;Com Vítimas Feridas;Pleno dia;Decrescente;Céu Claro;Dupla;"Curva;Declive";Sim  ;"1026079   ";Automóvel;FIAT/PALIO EX;"2000      ";Condutor;Lesões Graves;"40   ";Masculino;"0 ";"0    ";"1    ";"0    ";-15.7373368;-48.2740747;SPRF-DF;DEL03-DF;UOP02-DEL03-DF 
575899;"1280104   ";2024-01-20;sábado;08:00:00;GO;"414  ";"364,6";COCALZINHO DE GOIAS;Sim;Reação tardia ou ineficiente do condutor;1;Saída de leito carroçável;Com Vítimas Feridas;Pleno dia;Decrescente;Céu Claro;Simples;"Aclive;Curva";Não  ;"1026068   ";Caminhão-trator;MAN/TGX 28.440 6X2 T;"2013      ";Condutor;Lesões Leves;"38   ";Masculino;"0 ";"1    ";"0    ";"0    ";-15.7535312;-48.7292580;SPRF-GO;DEL02-GO;UOP01-DEL02-GO 
575899;"0         ";2024-01-20;sábado;08:00:00;GO;"414  ";"364,6";COCALZINHO DE GOIAS;Sim;Reação tardia ou ineficiente do condutor;1;Saída de leito carroçável;Com Vítimas Feridas;Pleno dia;Decrescente;Céu Claro;Simples;"Aclive;Curva";Não  ;"1026072   ";Semireboque;SR/FACCHINI SRF CA;"2023      ";"0";"0";"0    ";"0";"0 ";"0    ";"0    ";"0    ";-15.7535312;-48.7292580;SPRF-GO;DEL02-GO;UOP01-DEL02-GO 
575906;"0         ";2024-01-20;sábado;07:30:00;GO;"80   ";"5    ";PADRE BERNARDO;Não;Velocidade Incompatível;1;Tombamento;Com Vítimas Feridas;Pleno dia;Crescente;Céu Claro;Simples;Curva;Não  ;"1026653   ";Semireboque;SR/SAOPEDRO SRPT 3E;"2022      ";"0";"0";"0    ";"0";"0 ";"0    ";"0    ";"0    ";-15.4878510;-48.2314760;SPRF-DF;DEL03-DF;UOP02-DEL03-DF 
575906;"1280906   ";2024-01-20;sábado;07:30:00;GO;"80   ";"5    ";PADRE BERNARDO;Não;Velocidade Incompatível;1;Tombamento;Com Vítimas Feridas;Pleno dia;Crescente;Céu Claro;Simples;Curva;Não  ;"1026650   ";Caminhão-trator;SCANIA/R450 A6X2;"2019      ";Condutor;Lesões Leves;"25   ";Masculino;"0 ";"1    ";"0    ";"0    ";-15.4878510;-48.2314760;SPRF-DF;DEL03-DF;UOP02-DEL03-DF 
575906;"0         ";2024-01-20;sábado;07:30:00;GO;"80   ";"5    ";PADRE BERNARDO;Sim;Carga excessiva e/ou mal acondicionada;1;Tombamento;Com Vítimas Feridas;Pleno dia;Crescente;Céu Claro;Simples;Curva;Não  ;"1026653   ";Semireboque;SR/SAOPEDRO SRPT 3E;"2022      ";"0";"0";"0    ";"0";"0 ";"0    ";"0    ";"0    ";-15.4878510;-48.2314760;SPRF-DF;DEL03-DF;UOP02-DEL03-DF 
575906;"1280906   ";2024-01-20;sábado;07:30:00;GO;"80   ";"5    ";PADRE BERNARDO;Sim;Carga excessiva e/ou mal acondicionada;1;Tombamento;Com Vítimas Feridas;Pleno dia;Crescente;Céu Claro;Simples;Curva;Não  ;"1026650   ";Caminhão-trator;SCANIA/R450 A6X2;"2019      ";Condutor;Lesões Leves;"25   ";Masculino;"0 ";"1    ";"0    ";"0    ";-15.4878510;-48.2314760;SPRF-DF;DEL03-DF;UOP02-DEL03-DF 
575918;"1279991   ";2024-01-20;sábado;09:30:00;DF;"70   ";"16,3 ";BRASILIA;Sim;Acessar a via sem observar a presença dos outros veículos;3;Tombamento;Com Vítimas Feridas;Pleno dia;Decrescente;Céu Claro;Dupla;"Reta;Rotatória";Sim  ;"1025984   ";Automóvel;CHEV/ONIX PLUS 10TAT PR2;"2023      ";Condutor;Ileso;"39   ";Masculino;"1 ";"0    ";"0    ";"0    ";-15.7958280;-48.1967060;SPRF-DF;DEL03-DF;UOP02-DEL03-DF 
575918;"1279992   ";2024-01-20;sábado;09:30:00;DF;"70   ";"16,3 ";BRASILIA;Sim;Acessar a via sem observar a presença dos outros veículos;3;Tombamento;Com Vítimas Feridas;Pleno dia;Decrescente;Céu Claro;Dupla;"Reta;Rotatória";Sim  ;"1025985   ";Motocicleta;HONDA/CG 160 FAN;"2020      ";Condutor;Lesões Leves;"30   ";Masculino;"0 ";"1    ";"0    ";"0    ";-15.7958280;-48.1967060;SPRF-DF;DEL03-DF;UOP02-DEL03-DF 
575918;"1279991   ";2024-01-20;sábado;09:30:00;DF;"70   ";"16,3 ";BRASILIA;Sim;Acessar a via sem observar a presença dos outros veículos;2;Queda de ocupante de veículo;Com Vítimas Feridas;Pleno dia;Decrescente;Céu Claro;Dupla;"Reta;Rotatória";Sim  ;"1025984   ";Automóvel;CHEV/ONIX PLUS 10TAT PR2;"2023      ";Condutor;Ileso;"39   ";Masculino;"1 ";"0    ";"0    ";"0    ";-15.7958280;-48.1967060;SPRF-DF;DEL03-DF;UOP02-DEL03-DF 
575918;"1279992   ";2024-01-20;sábado;09:30:00;DF;"70   ";"16,3 ";BRASILIA;Sim;Acessar a via sem observar a presença dos outros veículos;2;Queda de ocupante de veículo;Com Vítimas Feridas;Pleno dia;Decrescente;Céu Claro;Dupla;"Reta;Rotatória";Sim  ;"1025985   ";Motocicleta;HONDA/CG 160 FAN;"2020      ";Condutor;Lesões Leves;"30   ";Masculino;"0 ";"1    ";"0    ";"0    ";-15.7958280;-48.1967060;SPRF-DF;DEL03-DF;UOP02-DEL03-DF 
575918;"1279991   ";2024-01-20;sábado;09:30:00;DF;"70   ";"16,3 ";BRASILIA;Sim;Acessar a via sem observar a presença dos outros veículos;1;Colisão traseira;Com Vítimas Feridas;Pleno dia;Decrescente;Céu Claro;Dupla;"Reta;Rotatória";Sim  ;"1025984   ";Automóvel;CHEV/ONIX PLUS 10TAT PR2;"2023      ";Condutor;Ileso;"39   ";Masculino;"1 ";"0    ";"0    ";"0    ";-15.7958280;-48.1967060;SPRF-DF;DEL03-DF;UOP02-DEL03-DF 
575918;"1279992   ";2024-01-20;sábado;09:30:00;DF;"70   ";"16,3 ";BRASILIA;Sim;Acessar a via sem observar a presença dos outros veículos;1;Colisão traseira;Com Vítimas Feridas;Pleno dia;Decrescente;Céu Claro;Dupla;"Reta;Rotatória";Sim  ;"1025985   ";Motocicleta;HONDA/CG 160 FAN;"2020      ";Condutor;Lesões Leves;"30   ";Masculino;"0 ";"1    ";"0    ";"0    ";-15.7958280;-48.1967060;SPRF-DF;DEL03-DF;UOP02-DEL03-DF 
575935;"1280082   ";2024-01-20;sábado;12:18:00;GO;"40   ";"3    ";VALPARAISO DE GOIAS;Não;Velocidade Incompatível;2;Queda de ocupante de veículo;Com Vítimas Feridas;Pleno dia;Decrescente;Céu Claro;Dupla;Reta;Sim  ;"1026057   ";Motocicleta;HONDA/CG 160 START;"2023      ";Condutor;Lesões Leves;"24   ";Masculino;"0 ";"1    ";"0    ";"0    ";-16.0760810;-47.9856710;SPRF-DF;DEL01-DF;UOP01-DEL01-DF 
575935;"1280083   ";2024-01-20;sábado;12:18:00;GO;"40   ";"3    ";VALPARAISO DE GOIAS;Não;Velocidade Incompatível;2;Queda de ocupante de veículo;Com Vítimas Feridas;Pleno dia;Decrescente;Céu Claro;Dupla;Reta;Sim  ;"1026058   ";Automóvel;I/JAC J3 FLEX SPORT;"2013      ";Condutor;Ileso;"21   ";Feminino;"1 ";"0    ";"0    ";"0    ";-16.0760810;-47.9856710;SPRF-DF;DEL01-DF;UOP01-DEL01-DF 
575935;"1280082   ";2024-01-20;sábado;12:18:00;GO;"40   ";"3    ";VALPARAISO DE GOIAS;Sim;Ausência de reação do condutor;2;Queda de ocupante de veículo;Com Vítimas Feridas;Pleno dia;Decrescente;Céu Claro;Dupla;Reta;Sim  ;"1026057   ";Motocicleta;HONDA/CG 160 START;"2023      ";Condutor;Lesões Leves;"24   ";Masculino;"0 ";"1    ";"0    ";"0    ";-16.0760810;-47.9856710;SPRF-DF;DEL01-DF;UOP01-DEL01-DF 
575935;"1280083   ";2024-01-20;sábado;12:18:00;GO;"40   ";"3    ";VALPARAISO DE GOIAS;Sim;Ausência de reação do condutor;2;Queda de ocupante de veículo;Com Vítimas Feridas;Pleno dia;Decrescente;Céu Claro;Dupla;Reta;Sim  ;"1026058   ";Automóvel;I/JAC J3 FLEX SPORT;"2013      ";Condutor;Ileso;"21   ";Feminino;"1 ";"0    ";"0    ";"0    ";-16.0760810;-47.9856710;SPRF-DF;DEL01-DF;UOP01-DEL01-DF 
575935;"1280082   ";2024-01-20;sábado;12:18:00;GO;"40   ";"3    ";VALPARAISO DE GOIAS;Não;Velocidade Incompatível;1;Colisão traseira;Com Vítimas Feridas;Pleno dia;Decrescente;Céu Claro;Dupla;Reta;Sim  ;"1026057   ";Motocicleta;HONDA/CG 160 START;"2023      ";Condutor;Lesões Leves;"24   ";Masculino;"0 ";"1    ";"0    ";"0    ";-16.0760810;-47.9856710;SPRF-DF;DEL01-DF;UOP01-DEL01-DF 
575935;"1280083   ";2024-01-20;sábado;12:18:00;GO;"40   ";"3    ";VALPARAISO DE GOIAS;Não;Velocidade Incompatível;1;Colisão traseira;Com Vítimas Feridas;Pleno dia;Decrescente;Céu Claro;Dupla;Reta;Sim  ;"1026058   ";Automóvel;I/JAC J3 FLEX SPORT;"2013      ";Condutor;Ileso;"21   ";Feminino;"1 ";"0    ";"0    ";"0    ";-16.0760810;-47.9856710;SPRF-DF;DEL01-DF;UOP01-DEL01-DF 
575935;"1280082   ";2024-01-20;sábado;12:18:00;GO;"40   ";"3    ";VALPARAISO DE GOIAS;Sim;Ausência de reação do condutor;1;Colisão traseira;Com Vítimas Feridas;Pleno dia;Decrescente;Céu Claro;Dupla;Reta;Sim  ;"1026057   ";Motocicleta;HONDA/CG 160 START;"2023      ";Condutor;Lesões Leves;"24   ";Masculino;"0 ";"1    ";"0    ";"0    ";-16.0760810;-47.9856710;SPRF-DF;DEL01-DF;UOP01-DEL01-DF 
575935;"1280083   ";2024-01-20;sábado;12:18:00;GO;"40   ";"3    ";VALPARAISO DE GOIAS;Sim;Ausência de reação do condutor;1;Colisão traseira;Com Vítimas Feridas;Pleno dia;Decrescente;Céu Claro;Dupla;Reta;Sim  ;"1026058   ";Automóvel;I/JAC J3 FLEX SPORT;"2013      ";Condutor;Ileso;"21   ";Feminino;"1 ";"0    ";"0    ";"0    ";-16.0760810;-47.9856710;SPRF-DF;DEL01-DF;UOP01-DEL01-DF 