id;pesid;data_inversa;dia_semana;horario;uf;br;km;municipio;causa_principal;causa_acidente;ordem_tipo_acidente;tipo_acidente;classificacao_acidente;fase_dia;sentido_via;condicao_metereologica;tipo_pista;tracado_via;uso_solo;id_veiculo;tipo_veiculo;marca;ano_fabricacao_veiculo;tipo_envolvido;estado_fisico;idade;sexo;ilesos;feridos_leves;feridos_graves;mortos;latitude;longitude;regional;delegacia;uop
576039;"1280520   ";2024-01-20;sábado;19:45:00;DF;"70   ";"11   ";BRASILIA;Sim;Reação tardia ou ineficiente do condutor;1;Saída de leito carroçável;Com Vítimas Feridas;Plena Noite;Crescente;Céu Claro;Dupla;Reta;Sim  ;"1026400   ";Motocicleta;HONDA/CG 160 FAN;"2019      ";Condutor;Lesões Leves;"40   ";Masculino;"0 ";"1    ";"0    ";"0    ";-15.7897620;-48.1487270;SPRF-DF;DEL03-DF;UOP02-DEL03-DF 
576049;"0         ";2024-01-20;sábado;20:15:00;GO;"70   ";"20   ";COCALZINHO DE GOIAS;Sim;Ingestão de álcool pelo condutor;1;Colisão transversal;Com Vítimas Feridas;Plena Noite;Crescente;Céu Claro;Simples;"Reta;Declive";Não  ;"1026165   ";Semireboque;SR/FACCHINI SRF CFED;"2010      ";"0";"0";"0    ";"0";"0 ";"0    ";"0    ";"0    ";-15.7424290;-48.3750943;SPRF-DF;DEL03-DF;UOP02-DEL03-DF 
576049;"1280230   ";2024-01-20;sábado;20:15:00;GO;"70   ";"20   ";COCALZINHO DE GOIAS;Sim;Ingestão de álcool pelo condutor;1;Colisão transversal;Com Vítimas Feridas;Plena Noite;Crescente;Céu Claro;Simples;"Reta;Declive";Não  ;"1026164   ";Caminhão-trator;M.BENZ/AX0R 1933 S;"2005      ";Condutor;Ileso;"59   ";Masculino;"1 ";"0    ";"0    ";"0    ";-15.7424290;-48.3750943;SPRF-DF;DEL03-DF;UOP02-DEL03-DF 
576049;"1280228   ";2024-01-20;sábado;20:15:00;GO;"70   ";"20   ";COCALZINHO DE GOIAS;Sim;Ingestão de álcool pelo condutor;1;Colisão transversal;Com Vítimas Feridas;Plena Noite;Crescente;Céu Claro;Simples;"Reta;Declive";Não  ;"1026163   ";Automóvel;VW/SANTANA CL;"1991      ";Condutor;Lesões Leves;"71   ";Masculino;"0 ";"1    ";"0    ";"0    ";-15.7424290;-48.3750943;SPRF-DF;DEL03-DF;UOP02-DEL03-DF 
576091;"1280538   ";2024-01-21;domingo;02:00:00;DF;"40   ";"5    ";BRASILIA;Sim;Reação tardia ou ineficiente do condutor;1;Saída de leito carroçável;Com Vítimas Feridas;Plena Noite;Crescente;Garoa/Chuvisco;Dupla;Reta;Sim  ;"1026414   ";Automóvel;FORD/KA FLEX;"2013      ";Condutor;Lesões Leves;"19   ";Masculino;"0 ";"1    ";"0    ";"0    ";-16.0209030;-47.9805410;SPRF-DF;DEL01-DF;UOP01-DEL01-DF 
576113;"1280428   ";2024-01-21;domingo;03:55:00;DF;"60   ";"22   ";BRASILIA;Sim;Ausência de reação do condutor;2;Tombamento;Sem Vítimas;Plena Noite;Crescente;Nublado;Dupla;Reta;Não  ;"1026332   ";Automóvel;GM/CORSA SUPER;"1998      ";Condutor;Ileso;"40   ";Masculino;"1 ";"0    ";"0    ";"0    ";-15.9841060;-48.2153780;SPRF-DF;DEL03-DF;UOP01-DEL03-DF 
576113;"1280428   ";2024-01-21;domingo;03:55:00;DF;"60   ";"22   ";BRASILIA;Sim;Ausência de reação do condutor;1;Saída de leito carroçável;Sem Vítimas;Plena Noite;Crescente;Nublado;Dupla;Reta;Não  ;"1026332   ";Automóvel;GM/CORSA SUPER;"1998      ";Condutor;Ileso;"40   ";Masculino;"1 ";"0    ";"0    ";"0    ";-15.9841060;-48.2153780;SPRF-DF;DEL03-DF;UOP01-DEL03-DF 
576161;"1281195   ";2024-01-21;domingo;07:57:00;GO;"40   ";"8    ";VALPARAISO DE GOIAS;Sim;Problema na suspensão;2;Saída de leito carroçável;Sem Vítimas;Pleno dia;Decrescente;Céu Claro;Dupla;Reta;Sim  ;"1026417   ";Automóvel;FIAT/STRADA ENDURANCE CS;"2022      ";Condutor;Ileso;"58   ";Masculino;"1 ";"0    ";"0    ";"0    ";-16.1146611;-47.9681075;SPRF-DF;DEL01-DF;UOP01-DEL01-DF 
576161;"1281196   ";2024-01-21;domingo;07:57:00;GO;"40   ";"8    ";VALPARAISO DE GOIAS;Sim;Problema na suspensão;2;Saída de leito carroçável;Sem Vítimas;Pleno dia;Decrescente;Céu Claro;Dupla;Reta;Sim  ;"1026418   ";Automóvel;GM/VECTRA GLS;"1998      ";Condutor;Não Informado;"0    ";Não Informado;"0 ";"0    ";"0    ";"0    ";-16.1146611;-47.9681075;SPRF-DF;DEL01-DF;UOP01-DEL01-DF 
576161;"1281195   ";2024-01-21;domingo;07:57:00;GO;"40   ";"8    ";VALPARAISO DE GOIAS;Sim;Problema na suspensão;1;Colisão lateral mesmo sentido;Sem Vítimas;Pleno dia;Decrescente;Céu Claro;Dupla;Reta;Sim  ;"1026417   ";Automóvel;FIAT/STRADA ENDURANCE CS;"2022      ";Condutor;Ileso;"58   ";Masculino;"1 ";"0    ";"0    ";"0    ";-16.1146611;-47.9681075;SPRF-DF;DEL01-DF;UOP01-DEL01-DF 
576161;"1281196   ";2024-01-21;domingo;07:57:00;GO;"40   ";"8    ";VALPARAISO DE GOIAS;Sim;Problema na suspensão;1;Colisão lateral mesmo sentido;Sem Vítimas;Pleno dia;Decrescente;Céu Claro;Dupla;Reta;Sim  ;"1026418   ";Automóvel;GM/VECTRA GLS;"1998      ";Condutor;Não Informado;"0    ";Não Informado;"0 ";"0    ";"0    ";"0    ";-16.1146611;-47.9681075;SPRF-DF;DEL01-DF;UOP01-DEL01-DF 
576214;"1280670   ";2024-01-21;domingo;14:50:00;DF;"20   ";"24,9 ";BRASILIA;Não;Velocidade Incompatível;3;Capotamento;Com Vítimas Feridas;Pleno dia;Decrescente;Nublado;Dupla;Reta;Não  ;"1026490   ";Automóvel;GM/CORSA SEDAN;"2004      ";Passageiro;Lesões Leves;"7    ";Masculino;"0 ";"1    ";"0    ";"0    ";-15.5948310;-47.6586150;SPRF-DF;DEL02-DF;UOP01-DEL02-DF 
576214;"1280665   ";2024-01-21;domingo;14:50:00;DF;"20   ";"24,9 ";BRASILIA;Não;Velocidade Incompatível;3;Capotamento;Com Vítimas Feridas;Pleno dia;Decrescente;Nublado;Dupla;Reta;Não  ;"1026490   ";Automóvel;GM/CORSA SEDAN;"2004      ";Condutor;Ileso;"37   ";Masculino;"1 ";"0    ";"0    ";"0    ";-15.5948310;-47.6586150;SPRF-DF;DEL02-DF;UOP01-DEL02-DF 
576214;"1280670   ";2024-01-21;domingo;14:50:00;DF;"20   ";"24,9 ";BRASILIA;Sim;Ingestão de álcool pelo condutor;3;Capotamento;Com Vítimas Feridas;Pleno dia;Decrescente;Nublado;Dupla;Reta;Não  ;"1026490   ";Automóvel;GM/CORSA SEDAN;"2004      ";Passageiro;Lesões Leves;"7    ";Masculino;"0 ";"1    ";"0    ";"0    ";-15.5948310;-47.6586150;SPRF-DF;DEL02-DF;UOP01-DEL02-DF 
576214;"1280665   ";2024-01-21;domingo;14:50:00;DF;"20   ";"24,9 ";BRASILIA;Sim;Ingestão de álcool pelo condutor;3;Capotamento;Com Vítimas Feridas;Pleno dia;Decrescente;Nublado;Dupla;Reta;Não  ;"1026490   ";Automóvel;GM/CORSA SEDAN;"2004      ";Condutor;Ileso;"37   ";Masculino;"1 ";"0    ";"0    ";"0    ";-15.5948310;-47.6586150;SPRF-DF;DEL02-DF;UOP01-DEL02-DF 
576214;"1280670   ";2024-01-21;domingo;14:50:00;DF;"20   ";"24,9 ";BRASILIA;Não;Velocidade Incompatível;2;Colisão com objeto;Com Vítimas Feridas;Pleno dia;Decrescente;Nublado;Dupla;Reta;Não  ;"1026490   ";Automóvel;GM/CORSA SEDAN;"2004      ";Passageiro;Lesões Leves;"7    ";Masculino;"0 ";"1    ";"0    ";"0    ";-15.5948310;-47.6586150;SPRF-DF;DEL02-DF;UOP01-DEL02-DF 
576214;"1280665   ";2024-01-21;domingo;14:50:00;DF;"20   ";"24,9 ";BRASILIA;Não;Velocidade Incompatível;2;Colisão com objeto;Com Vítimas Feridas;Pleno dia;Decrescente;Nublado;Dupla;Reta;Não  ;"1026490   ";Automóvel;GM/CORSA SEDAN;"2004      ";Condutor;Ileso;"37   ";Masculino;"1 ";"0    ";"0    ";"0    ";-15.5948310;-47.6586150;SPRF-DF;DEL02-DF;UOP01-DEL02-DF 
576214;"1280670   ";2024-01-21;domingo;14:50:00;DF;"20   ";"24,9 ";BRASILIA;Sim;Ingestão de álcool pelo condutor;2;Colisão com objeto;Com Vítimas Feridas;Pleno dia;Decrescente;Nublado;Dupla;Reta;Não  ;"1026490   ";Automóvel;GM/CORSA SEDAN;"2004      ";Passageiro;Lesões Leves;"7    ";Masculino;"0 ";"1    ";"0    ";"0    ";-15.5948310;-47.6586150;SPRF-DF;DEL02-DF;UOP01-DEL02-DF 
576214;"1280665   ";2024-01-21;domingo;14:50:00;DF;"20   ";"24,9 ";BRASILIA;Sim;Ingestão de álcool pelo condutor;2;Colisão com objeto;Com Vítimas Feridas;Pleno dia;Decrescente;Nublado;Dupla;Reta;Não  ;"1026490   ";Automóvel;GM/CORSA SEDAN;"2004      ";Condutor;Ileso;"37   ";Masculino;"1 ";"0    ";"0    ";"0    ";-15.5948310;-47.6586150;SPRF-DF;DEL02-DF;UOP01-DEL02-DF 
576214;"1280670   ";2024-01-21;domingo;14:50:00;DF;"20   ";"24,9 ";BRASILIA;Não;Velocidade Incompatível;1;Saída de leito carroçável;Com Vítimas Feridas;Pleno dia;Decrescente;Nublado;Dupla;Reta;Não  ;"1026490   ";Automóvel;GM/CORSA SEDAN;"2004      ";Passageiro;Lesões Leves;"7    ";Masculino;"0 ";"1    ";"0    ";"0    ";-15.5948310;-47.6586150;SPRF-DF;DEL02-DF;UOP01-DEL02-DF 
576214;"1280665   ";2024-01-21;domingo;14:50:00;DF;"20   ";"24,9 ";BRASILIA;Não;Velocidade Incompatível;1;Saída de leito carroçável;Com Vítimas Feridas;Pleno dia;Decrescente;Nublado;Dupla;Reta;Não  ;"1026490   ";Automóvel;GM/CORSA SEDAN;"2004      ";Condutor;Ileso;"37   ";Masculino;"1 ";"0    ";"0    ";"0    ";-15.5948310;-47.6586150;SPRF-DF;DEL02-DF;UOP01-DEL02-DF 
576214;"1280670   ";2024-01-21;domingo;14:50:00;DF;"20   ";"24,9 ";BRASILIA;Sim;Ingestão de álcool pelo condutor;1;Saída de leito carroçável;Com Vítimas Feridas;Pleno dia;Decrescente;Nublado;Dupla;Reta;Não  ;"1026490   ";Automóvel;GM/CORSA SEDAN;"2004      ";Passageiro;Lesões Leves;"7    ";Masculino;"0 ";"1    ";"0    ";"0    ";-15.5948310;-47.6586150;SPRF-DF;DEL02-DF;UOP01-DEL02-DF 
576214;"1280665   ";2024-01-21;domingo;14:50:00;DF;"20   ";"24,9 ";BRASILIA;Sim;Ingestão de álcool pelo condutor;1;Saída de leito carroçável;Com Vítimas Feridas;Pleno dia;Decrescente;Nublado;Dupla;Reta;Não  ;"1026490   ";Automóvel;GM/CORSA SEDAN;"2004      ";Condutor;Ileso;"37   ";Masculino;"1 ";"0    ";"0    ";"0    ";-15.5948310;-47.6586150;SPRF-DF;DEL02-DF;UOP01-DEL02-DF 
576215;"1280678   ";2024-01-21;domingo;15:03:00;GO;"70   ";"5    ";AGUAS LINDAS DE GOIAS;Sim;Manobra de mudança de faixa;1;Capotamento;Com Vítimas Feridas;Pleno dia;Decrescente;Céu Claro;Múltipla;Reta;Não  ;"1026496   ";Camioneta;FORD/ECOSPORT FSL1.6FLEX;"2011      ";Condutor;Ileso;"40   ";Masculino;"1 ";"0    ";"0    ";"0    ";-15.7568368;-48.2546473;SPRF-DF;DEL03-DF;UOP02-DEL03-DF 
576215;"1280681   ";2024-01-21;domingo;15:03:00;GO;"70   ";"5    ";AGUAS LINDAS DE GOIAS;Sim;Manobra de mudança de faixa;1;Capotamento;Com Vítimas Feridas;Pleno dia;Decrescente;Céu Claro;Múltipla;Reta;Não  ;"1026496   ";Camioneta;FORD/ECOSPORT FSL1.6FLEX;"2011      ";Passageiro;Lesões Leves;"74   ";Feminino;"0 ";"1    ";"0    ";"0    ";-15.7568368;-48.2546473;SPRF-DF;DEL03-DF;UOP02-DEL03-DF 
576280;"1280830   ";2024-01-21;domingo;20:10:00;DF;"20   ";"20,2 ";BRASILIA;Sim;Animais na Pista;3;Queda de ocupante de veículo;Com Vítimas Feridas;Plena Noite;Crescente;Garoa/Chuvisco;Dupla;"Aclive;Reta";Sim  ;"1026604   ";Motocicleta;HONDA/CG 125 FAN KS;"2013      ";Condutor;Lesões Leves;"26   ";Masculino;"0 ";"1    ";"0    ";"0    ";-15.6079050;-47.6927910;SPRF-DF;DEL02-DF;UOP01-DEL02-DF 
576280;"1280830   ";2024-01-21;domingo;20:10:00;DF;"20   ";"20,2 ";BRASILIA;Sim;Animais na Pista;2;Tombamento;Com Vítimas Feridas;Plena Noite;Crescente;Garoa/Chuvisco;Dupla;"Aclive;Reta";Sim  ;"1026604   ";Motocicleta;HONDA/CG 125 FAN KS;"2013      ";Condutor;Lesões Leves;"26   ";Masculino;"0 ";"1    ";"0    ";"0    ";-15.6079050;-47.6927910;SPRF-DF;DEL02-DF;UOP01-DEL02-DF 
576280;"1280830   ";2024-01-21;domingo;20:10:00;DF;"20   ";"20,2 ";BRASILIA;Sim;Animais na Pista;1;Atropelamento de Animal;Com Vítimas Feridas;Plena Noite;Crescente;Garoa/Chuvisco;Dupla;"Aclive;Reta";Sim  ;"1026604   ";Motocicleta;HONDA/CG 125 FAN KS;"2013      ";Condutor;Lesões Leves;"26   ";Masculino;"0 ";"1    ";"0    ";"0    ";-15.6079050;-47.6927910;SPRF-DF;DEL02-DF;UOP01-DEL02-DF 
576305;"1280957   ";2024-01-21;domingo;20:40:00;DF;"251  ";"6,3  ";BRASILIA;Não;Velocidade Incompatível;2;Queda de ocupante de veículo;Com Vítimas Feridas;Plena Noite;Decrescente;Chuva;Dupla;Reta;Não  ;"1026690   ";Motocicleta;HONDA/CG 150 TITAN ES;"2004      ";Condutor;Lesões Graves;"29   ";Masculino;"0 ";"0    ";"1    ";"0    ";-16.0073320;-47.5520520;SPRF-DF;DEL01-DF;UOP01-DEL01-DF 
576305;"1280956   ";2024-01-21;domingo;20:40:00;DF;"251  ";"6,3  ";BRASILIA;Não;Velocidade Incompatível;2;Queda de ocupante de veículo;Com Vítimas Feridas;Plena Noite;Decrescente;Chuva;Dupla;Reta;Não  ;"1026688   ";Automóvel;VW/GOL SPECIAL MB;"2016      ";Condutor;Ileso;"41   ";Masculino;"1 ";"0    ";"0    ";"0    ";-16.0073320;-47.5520520;SPRF-DF;DEL01-DF;UOP01-DEL01-DF 
576305;"1280957   ";2024-01-21;domingo;20:40:00;DF;"251  ";"6,3  ";BRASILIA;Sim;Acessar a via sem observar a presença dos outros veículos;2;Queda de ocupante de veículo;Com Vítimas Feridas;Plena Noite;Decrescente;Chuva;Dupla;Reta;Não  ;"1026690   ";Motocicleta;HONDA/CG 150 TITAN ES;"2004      ";Condutor;Lesões Graves;"29   ";Masculino;"0 ";"0    ";"1    ";"0    ";-16.0073320;-47.5520520;SPRF-DF;DEL01-DF;UOP01-DEL01-DF 
576305;"1280956   ";2024-01-21;domingo;20:40:00;DF;"251  ";"6,3  ";BRASILIA;Sim;Acessar a via sem observar a presença dos outros veículos;2;Queda de ocupante de veículo;Com Vítimas Feridas;Plena Noite;Decrescente;Chuva;Dupla;Reta;Não  ;"1026688   ";Automóvel;VW/GOL SPECIAL MB;"2016      ";Condutor;Ileso;"41   ";Masculino;"1 ";"0    ";"0    ";"0    ";-16.0073320;-47.5520520;SPRF-DF;DEL01-DF;UOP01-DEL01-DF 
576305;"1280957   ";2024-01-21;domingo;20:40:00;DF;"251  ";"6,3  ";BRASILIA;Não;Velocidade Incompatível;1;Colisão transversal;Com Vítimas Feridas;Plena Noite;Decrescente;Chuva;Dupla;Reta;Não  ;"1026690   ";Motocicleta;HONDA/CG 150 TITAN ES;"2004      ";Condutor;Lesões Graves;"29   ";Masculino;"0 ";"0    ";"1    ";"0    ";-16.0073320;-47.5520520;SPRF-DF;DEL01-DF;UOP01-DEL01-DF 
576305;"1280956   ";2024-01-21;domingo;20:40:00;DF;"251  ";"6,3  ";BRASILIA;Não;Velocidade Incompatível;1;Colisão transversal;Com Vítimas Feridas;Plena Noite;Decrescente;Chuva;Dupla;Reta;Não  ;"1026688   ";Automóvel;VW/GOL SPECIAL MB;"2016      ";Condutor;Ileso;"41   ";Masculino;"1 ";"0    ";"0    ";"0    ";-16.0073320;-47.5520520;SPRF-DF;DEL01-DF;UOP01-DEL01-DF 
576305;"1280957   ";2024-01-21;domingo;20:40:00;DF;"251  ";"6,3  ";BRASILIA;Sim;Acessar a via sem observar a presença dos outros veículos;1;Colisão transversal;Com Vítimas Feridas;Plena Noite;Decrescente;Chuva;Dupla;Reta;Não  ;"1026690   ";Motocicleta;HONDA/CG 150 TITAN ES;"2004      ";Condutor;Lesões Graves;"29   ";Masculino;"0 ";"0    ";"1    ";"0    ";-16.0073320;-47.5520520;SPRF-DF;DEL01-DF;UOP01-DEL01-DF 
576305;"1280956   ";2024-01-21;domingo;20:40:00;DF;"251  ";"6,3  ";BRASILIA;Sim;Acessar a via sem observar a presença dos outros veículos;1;Colisão transversal;Com Vítimas Feridas;Plena Noite;Decrescente;Chuva;Dupla;Reta;Não  ;"1026688   ";Automóvel;VW/GOL SPECIAL MB;"2016      ";Condutor;Ileso;"41   ";Masculino;"1 ";"0    ";"0    ";"0    ";-16.0073320;-47.5520520;SPRF-DF;DEL01-DF;UOP01-DEL01-DF 
576358;"1281062   ";2024-01-22;segunda-feira;07:58:00;DF;"40   ";"7,9  ";BRASILIA;Sim;Condutor deixou de manter distância do veículo da frente;2;Queda de ocupante de veículo;Com Vítimas Feridas;Pleno dia;Decrescente;Nublado;Dupla;Reta;Sim  ;"1026753   ";Automóvel;Não Informado/Não Informado;"0         ";Condutor;Não Informado;"0    ";Não Informado;"0 ";"0    ";"0    ";"0    ";-16.0386660;-47.9796910;SPRF-DF;DEL01-DF;UOP01-DEL01-DF 
576358;"1281057   ";2024-01-22;segunda-feira;07:58:00;DF;"40   ";"7,9  ";BRASILIA;Sim;Condutor deixou de manter distância do veículo da frente;2;Queda de ocupante de veículo;Com Vítimas Feridas;Pleno dia;Decrescente;Nublado;Dupla;Reta;Sim  ;"1026749   ";Motocicleta;HONDA/CB300F TWISTER CBS;"2023      ";Condutor;Lesões Leves;"42   ";Masculino;"0 ";"1    ";"0    ";"0    ";-16.0386660;-47.9796910;SPRF-DF;DEL01-DF;UOP01-DEL01-DF 
576358;"1281062   ";2024-01-22;segunda-feira;07:58:00;DF;"40   ";"7,9  ";BRASILIA;Sim;Condutor deixou de manter distância do veículo da frente;1;Colisão lateral mesmo sentido;Com Vítimas Feridas;Pleno dia;Decrescente;Nublado;Dupla;Reta;Sim  ;"1026753   ";Automóvel;Não Informado/Não Informado;"0         ";Condutor;Não Informado;"0    ";Não Informado;"0 ";"0    ";"0    ";"0    ";-16.0386660;-47.9796910;SPRF-DF;DEL01-DF;UOP01-DEL01-DF 
576358;"1281057   ";2024-01-22;segunda-feira;07:58:00;DF;"40   ";"7,9  ";BRASILIA;Sim;Condutor deixou de manter distância do veículo da frente;1;Colisão lateral mesmo sentido;Com Vítimas Feridas;Pleno dia;Decrescente;Nublado;Dupla;Reta;Sim  ;"1026749   ";Motocicleta;HONDA/CB300F TWISTER CBS;"2023      ";Condutor;Lesões Leves;"42   ";Masculino;"0 ";"1    ";"0    ";"0    ";-16.0386660;-47.9796910;SPRF-DF;DEL01-DF;UOP01-DEL01-DF 
576393;"1281229   ";2024-01-22;segunda-feira;10:19:00;GO;"60   ";"6,7  ";SANTO ANTONIO DO DESCOBERTO;Sim;Chuva;2;Colisão com objeto;Com Vítimas Feridas;Pleno dia;Crescente;Chuva;Dupla;"Aclive;Curva";Não  ;"1026890   ";Caminhão;M.BENZ/L 1620;"2001      ";Condutor;Lesões Leves;"52   ";Masculino;"0 ";"1    ";"0    ";"0    ";-16.1029750;-48.3107720;SPRF-DF;DEL03-DF;UOP01-DEL03-DF 
576393;"1281229   ";2024-01-22;segunda-feira;10:19:00;GO;"60   ";"6,7  ";SANTO ANTONIO DO DESCOBERTO;Sim;Chuva;1;Saída de leito carroçável;Com Vítimas Feridas;Pleno dia;Crescente;Chuva;Dupla;"Aclive;Curva";Não  ;"1026890   ";Caminhão;M.BENZ/L 1620;"2001      ";Condutor;Lesões Leves;"52   ";Masculino;"0 ";"1    ";"0    ";"0    ";-16.1029750;-48.3107720;SPRF-DF;DEL03-DF;UOP01-DEL03-DF 
576513;"1281534   ";2024-01-22;segunda-feira;21:20:00;DF;"40   ";"5    ";BRASILIA;Sim;Ausência de reação do condutor;1;Colisão traseira;Sem Vítimas;Plena Noite;Crescente;Nublado;Dupla;Reta;Sim  ;"1027123   ";Motocicleta;HONDA/CG 160 START;"2023      ";Condutor;Ileso;"19   ";Masculino;"1 ";"0    ";"0    ";"0    ";-16.0209030;-47.9805410;SPRF-DF;DEL01-DF;UOP01-DEL01-DF 
576513;"1281535   ";2024-01-22;segunda-feira;21:20:00;DF;"40   ";"5    ";BRASILIA;Sim;Ausência de reação do condutor;1;Colisão traseira;Sem Vítimas;Plena Noite;Crescente;Nublado;Dupla;Reta;Sim  ;"0         ";"0";NA/NA;"0         ";Testemunha;Não Informado;"0    ";Não Informado;"0 ";"0    ";"0    ";"0    ";-16.0209030;-47.9805410;SPRF-DF;DEL01-DF;UOP01-DEL01-DF 
576540;"1281536   ";2024-01-23;terça-feira;02:20:00;GO;"40   ";"89   ";CRISTALINA;Sim;Condutor Dormindo;1;Saída de leito carroçável;Com Vítimas Feridas;Plena Noite;Decrescente;Céu Claro;Simples;Reta;Não  ;"1027124   ";Automóvel;I/HYUNDAI SONATA GLS;"2010      ";Condutor;Lesões Leves;"42   ";Masculino;"0 ";"1    ";"0    ";"0    ";-16.7204750;-47.6520610;SPRF-DF;DEL01-DF;UOP02-DEL01-DF 
576679;"1281981   ";2024-01-23;terça-feira;17:59:00;DF;"40   ";"1    ";BRASILIA;Sim;Ausência de reação do condutor;1;Colisão lateral mesmo sentido;Com Vítimas Feridas;Pleno dia;Crescente;Céu Claro;Dupla;Reta;Sim  ;"1027460   ";Ônibus;M.BENZ/MASCA GRANVIA O;"2013      ";Condutor;Ileso;"43   ";Masculino;"1 ";"0    ";"0    ";"0    ";-15.9855320;-47.9877470;SPRF-DF;DEL01-DF;UOP01-DEL01-DF 
576679;"1281982   ";2024-01-23;terça-feira;17:59:00;DF;"40   ";"1    ";BRASILIA;Sim;Ausência de reação do condutor;1;Colisão lateral mesmo sentido;Com Vítimas Feridas;Pleno dia;Crescente;Céu Claro;Dupla;Reta;Sim  ;"1027461   ";Motocicleta;YAMAHA/FACTOR YBR125 K;"2008      ";Condutor;Lesões Leves;"27   ";Feminino;"0 ";"1    ";"0    ";"0    ";-15.9855320;-47.9877470;SPRF-DF;DEL01-DF;UOP01-DEL01-DF 
576695;"1281963   ";2024-01-23;terça-feira;17:30:00;GO;"40   ";"5    ";VALPARAISO DE GOIAS;Sim;Manobra de mudança de faixa;1;Colisão lateral mesmo sentido;Com Vítimas Feridas;Plena Noite;Crescente;Nublado;Dupla;Reta;Sim  ;"1027440   ";Motocicleta;Não Informado/Não Informado;"0         ";Passageiro;Lesões Leves;"20   ";Masculino;"0 ";"1    ";"0    ";"0    ";-16.0931340;-47.9822360;SPRF-DF;DEL01-DF;UOP01-DEL01-DF 
576695;"1281962   ";2024-01-23;terça-feira;17:30:00;GO;"40   ";"5    ";VALPARAISO DE GOIAS;Sim;Manobra de mudança de faixa;1;Colisão lateral mesmo sentido;Com Vítimas Feridas;Plena Noite;Crescente;Nublado;Dupla;Reta;Sim  ;"1027440   ";Motocicleta;Não Informado/Não Informado;"0         ";Condutor;Lesões Graves;"24   ";Masculino;"0 ";"0    ";"1    ";"0    ";-16.0931340;-47.9822360;SPRF-DF;DEL01-DF;UOP01-DEL01-DF 
576695;"1281953   ";2024-01-23;terça-feira;17:30:00;GO;"40   ";"5    ";VALPARAISO DE GOIAS;Sim;Manobra de mudança de faixa;1;Colisão lateral mesmo sentido;Com Vítimas Feridas;Plena Noite;Crescente;Nublado;Dupla;Reta;Sim  ;"1027431   ";Automóvel;CHEV/ONIX 10TAT LT1;"2021      ";Condutor;Ileso;"41   ";Masculino;"1 ";"0    ";"0    ";"0    ";-16.0931340;-47.9822360;SPRF-DF;DEL01-DF;UOP01-DEL01-DF 
576724;"1282105   ";2024-01-23;terça-feira;21:40:00;GO;"60   ";"66   ";ABADIANIA;Sim;Ingestão de álcool pelo condutor;1;Saída de leito carroçável;Com Vítimas Feridas;Plena Noite;Crescente;Céu Claro;Dupla;Reta;Não  ;"1027572   ";Automóvel;VW/GOL 1.0;"2011      ";Condutor;Lesões Leves;"42   ";Masculino;"0 ";"1    ";"0    ";"0    ";-16.2138000;-48.7457000;SPRF-GO;DEL02-GO;UOP01-DEL02-GO 
576854;"1282461   ";2024-01-24;quarta-feira;17:30:00;GO;"60   ";"46,6 ";ALEXANIA;Não;Reação tardia ou ineficiente do condutor;1;Colisão transversal;Com Vítimas Feridas;Pleno dia;Crescente;Céu Claro;Dupla;"Curva;Declive";Não  ;"1027839   ";Caminhonete;VW/NOVA SAVEIRO RB MBVS;"2021      ";Condutor;Lesões Leves;"52   ";Masculino;"0 ";"1    ";"0    ";"0    ";-16.1443270;-48.6006300;SPRF-GO;DEL02-GO;UOP01-DEL02-GO 
576854;"1282463   ";2024-01-24;quarta-feira;17:30:00;GO;"60   ";"46,6 ";ALEXANIA;Não;Reação tardia ou ineficiente do condutor;1;Colisão transversal;Com Vítimas Feridas;Pleno dia;Crescente;Céu Claro;Dupla;"Curva;Declive";Não  ;"1027841   ";Caminhão;VW/24.250 CLC 6X2;"2009      ";Condutor;Ileso;"25   ";Masculino;"1 ";"0    ";"0    ";"0    ";-16.1443270;-48.6006300;SPRF-GO;DEL02-GO;UOP01-DEL02-GO 
576854;"1282465   ";2024-01-24;quarta-feira;17:30:00;GO;"60   ";"46,6 ";ALEXANIA;Não;Reação tardia ou ineficiente do condutor;1;Colisão transversal;Com Vítimas Feridas;Pleno dia;Crescente;Céu Claro;Dupla;"Curva;Declive";Não  ;"1027841   ";Caminhão;VW/24.250 CLC 6X2;"2009      ";Passageiro;Ileso;"23   ";Feminino;"1 ";"0    ";"0    ";"0    ";-16.1443270;-48.6006300;SPRF-GO;DEL02-GO;UOP01-DEL02-GO 
576854;"1282464   ";2024-01-24;quarta-feira;17:30:00;GO;"60   ";"46,6 ";ALEXANIA;Não;Reação tardia ou ineficiente do condutor;1;Colisão transversal;Com Vítimas Feridas;Pleno dia;Crescente;Céu Claro;Dupla;"Curva;Declive";Não  ;"1027841   ";Caminhão;VW/24.250 CLC 6X2;"2009      ";Passageiro;Ileso;"27   ";Masculino;"1 ";"0    ";"0    ";"0    ";-16.1443270;-48.6006300;SPRF-GO;DEL02-GO;UOP01-DEL02-GO 
576854;"1282461   ";2024-01-24;quarta-feira;17:30:00;GO;"60   ";"46,6 ";ALEXANIA;Sim;Ingestão de álcool pelo condutor;1;Colisão transversal;Com Vítimas Feridas;Pleno dia;Crescente;Céu Claro;Dupla;"Curva;Declive";Não  ;"1027839   ";Caminhonete;VW/NOVA SAVEIRO RB MBVS;"2021      ";Condutor;Lesões Leves;"52   ";Masculino;"0 ";"1    ";"0    ";"0    ";-16.1443270;-48.6006300;SPRF-GO;DEL02-GO;UOP01-DEL02-GO 