id;pesid;data_inversa;dia_semana;horario;uf;br;km;municipio;causa_principal;causa_acidente;ordem_tipo_acidente;tipo_acidente;classificacao_acidente;fase_dia;sentido_via;condicao_metereologica;tipo_pista;tracado_via;uso_solo;id_veiculo;tipo_veiculo;marca;ano_fabricacao_veiculo;tipo_envolvido;estado_fisico;idade;sexo;ilesos;feridos_leves;feridos_graves;mortos;latitude;longitude;regional;delegacia;uop
576854;"1282463   ";2024-01-24;quarta-feira;17:30:00;GO;"60   ";"46,6 ";ALEXANIA;Sim;Ingestão de álcool pelo condutor;1;Colisão transversal;Com Vítimas Feridas;Pleno dia;Crescente;Céu Claro;Dupla;"Curva;Declive";Não  ;"1027841   ";Caminhão;VW/24.250 CLC 6X2;"2009      ";Condutor;Ileso;"25   ";Masculino;"1 ";"0    ";"0    ";"0    ";-16.1443270;-48.6006300;SPRF-GO;DEL02-GO;UOP01-DEL02-GO 
576854;"1282465   ";2024-01-24;quarta-feira;17:30:00;GO;"60   ";"46,6 ";ALEXANIA;Sim;Ingestão de álcool pelo condutor;1;Colisão transversal;Com Vítimas Feridas;Pleno dia;Crescente;Céu Claro;Dupla;"Curva;Declive";Não  ;"1027841   ";Caminhão;VW/24.250 CLC 6X2;"2009      ";Passageiro;Ileso;"23   ";Feminino;"1 ";"0    ";"0    ";"0    ";-16.1443270;-48.6006300;SPRF-GO;DEL02-GO;UOP01-DEL02-GO 
576854;"1282464   ";2024-01-24;quarta-feira;17:30:00;GO;"60   ";"46,6 ";ALEXANIA;Sim;Ingestão de álcool pelo condutor;1;Colisão transversal;Com Vítimas Feridas;Pleno dia;Crescente;Céu Claro;Dupla;"Curva;Declive";Não  ;"1027841   ";Caminhão;VW/24.250 CLC 6X2;"2009      ";Passageiro;Ileso;"27   ";Masculino;"1 ";"0    ";"0    ";"0    ";-16.1443270;-48.6006300;SPRF-GO;DEL02-GO;UOP01-DEL02-GO 
576860;"1282426   ";2024-01-24;quarta-feira;17:50:00;GO;"40   ";"12   ";LUZIANIA;Não;Reação tardia ou ineficiente do condutor;2;Queda de ocupante de veículo;Com Vítimas Feridas;Pleno dia;Decrescente;Nublado;Dupla;Reta;Sim  ;"1027817   ";Motocicleta;HONDA/CG 160 FAN;"2023      ";Condutor;Lesões Leves;"30   ";Feminino;"0 ";"1    ";"0    ";"0    ";-16.1451230;-47.9453820;SPRF-DF;DEL01-DF;UOP01-DEL01-DF 
576860;"1282431   ";2024-01-24;quarta-feira;17:50:00;GO;"40   ";"12   ";LUZIANIA;Não;Reação tardia ou ineficiente do condutor;2;Queda de ocupante de veículo;Com Vítimas Feridas;Pleno dia;Decrescente;Nublado;Dupla;Reta;Sim  ;"0         ";"0";NA/NA;"0         ";Pedestre;Lesões Graves;"60   ";Masculino;"0 ";"0    ";"1    ";"0    ";-16.1451230;-47.9453820;SPRF-DF;DEL01-DF;UOP01-DEL01-DF 
576860;"1282426   ";2024-01-24;quarta-feira;17:50:00;GO;"40   ";"12   ";LUZIANIA;Sim;Pedestre cruzava a pista fora da faixa;2;Queda de ocupante de veículo;Com Vítimas Feridas;Pleno dia;Decrescente;Nublado;Dupla;Reta;Sim  ;"1027817   ";Motocicleta;HONDA/CG 160 FAN;"2023      ";Condutor;Lesões Leves;"30   ";Feminino;"0 ";"1    ";"0    ";"0    ";-16.1451230;-47.9453820;SPRF-DF;DEL01-DF;UOP01-DEL01-DF 
576860;"1282431   ";2024-01-24;quarta-feira;17:50:00;GO;"40   ";"12   ";LUZIANIA;Sim;Pedestre cruzava a pista fora da faixa;2;Queda de ocupante de veículo;Com Vítimas Feridas;Pleno dia;Decrescente;Nublado;Dupla;Reta;Sim  ;"0         ";"0";NA/NA;"0         ";Pedestre;Lesões Graves;"60   ";Masculino;"0 ";"0    ";"1    ";"0    ";-16.1451230;-47.9453820;SPRF-DF;DEL01-DF;UOP01-DEL01-DF 
576860;"1282426   ";2024-01-24;quarta-feira;17:50:00;GO;"40   ";"12   ";LUZIANIA;Não;Reação tardia ou ineficiente do condutor;1;Atropelamento de Pedestre;Com Vítimas Feridas;Pleno dia;Decrescente;Nublado;Dupla;Reta;Sim  ;"1027817   ";Motocicleta;HONDA/CG 160 FAN;"2023      ";Condutor;Lesões Leves;"30   ";Feminino;"0 ";"1    ";"0    ";"0    ";-16.1451230;-47.9453820;SPRF-DF;DEL01-DF;UOP01-DEL01-DF 
576860;"1282431   ";2024-01-24;quarta-feira;17:50:00;GO;"40   ";"12   ";LUZIANIA;Não;Reação tardia ou ineficiente do condutor;1;Atropelamento de Pedestre;Com Vítimas Feridas;Pleno dia;Decrescente;Nublado;Dupla;Reta;Sim  ;"0         ";"0";NA/NA;"0         ";Pedestre;Lesões Graves;"60   ";Masculino;"0 ";"0    ";"1    ";"0    ";-16.1451230;-47.9453820;SPRF-DF;DEL01-DF;UOP01-DEL01-DF 
577084;"1285661   ";2024-01-25;quinta-feira;21:14:00;GO;"50   ";"100,2";CRISTALINA;Sim;Velocidade Incompatível;2;Capotamento;Com Vítimas Feridas;Pleno dia;Decrescente;Céu Claro;Dupla;"Reta;Em Obras";Não  ;"1028270   ";Automóvel;VW/GOL 1.0;"2006      ";Passageiro;Lesões Graves;"27   ";Feminino;"0 ";"0    ";"1    ";"0    ";-16.9309000;-47.7117000;SPRF-DF;DEL01-DF;UOP02-DEL01-DF 
576860;"1282426   ";2024-01-24;quarta-feira;17:50:00;GO;"40   ";"12   ";LUZIANIA;Sim;Pedestre cruzava a pista fora da faixa;1;Atropelamento de Pedestre;Com Vítimas Feridas;Pleno dia;Decrescente;Nublado;Dupla;Reta;Sim  ;"1027817   ";Motocicleta;HONDA/CG 160 FAN;"2023      ";Condutor;Lesões Leves;"30   ";Feminino;"0 ";"1    ";"0    ";"0    ";-16.1451230;-47.9453820;SPRF-DF;DEL01-DF;UOP01-DEL01-DF 
576860;"1282431   ";2024-01-24;quarta-feira;17:50:00;GO;"40   ";"12   ";LUZIANIA;Sim;Pedestre cruzava a pista fora da faixa;1;Atropelamento de Pedestre;Com Vítimas Feridas;Pleno dia;Decrescente;Nublado;Dupla;Reta;Sim  ;"0         ";"0";NA/NA;"0         ";Pedestre;Lesões Graves;"60   ";Masculino;"0 ";"0    ";"1    ";"0    ";-16.1451230;-47.9453820;SPRF-DF;DEL01-DF;UOP01-DEL01-DF 
576894;"1282458   ";2024-01-24;quarta-feira;20:00:00;DF;"20   ";"24   ";BRASILIA;Sim;Velocidade Incompatível;2;Capotamento;Com Vítimas Feridas;Plena Noite;Crescente;Chuva;Dupla;Reta;Sim  ;"1027837   ";Automóvel;VW/VOYAGE 1.0;"2008      ";Passageiro;Ileso;"24   ";Masculino;"1 ";"0    ";"0    ";"0    ";-15.5946000;-47.6583803;SPRF-DF;DEL02-DF;UOP01-DEL02-DF 
576894;"1282459   ";2024-01-24;quarta-feira;20:00:00;DF;"20   ";"24   ";BRASILIA;Sim;Velocidade Incompatível;2;Capotamento;Com Vítimas Feridas;Plena Noite;Crescente;Chuva;Dupla;Reta;Sim  ;"1027837   ";Automóvel;VW/VOYAGE 1.0;"2008      ";Passageiro;Lesões Leves;"25   ";Feminino;"0 ";"1    ";"0    ";"0    ";-15.5946000;-47.6583803;SPRF-DF;DEL02-DF;UOP01-DEL02-DF 
576894;"1282457   ";2024-01-24;quarta-feira;20:00:00;DF;"20   ";"24   ";BRASILIA;Sim;Velocidade Incompatível;2;Capotamento;Com Vítimas Feridas;Plena Noite;Crescente;Chuva;Dupla;Reta;Sim  ;"1027837   ";Automóvel;VW/VOYAGE 1.0;"2008      ";Condutor;Lesões Graves;"42   ";Masculino;"0 ";"0    ";"1    ";"0    ";-15.5946000;-47.6583803;SPRF-DF;DEL02-DF;UOP01-DEL02-DF 
576894;"1282458   ";2024-01-24;quarta-feira;20:00:00;DF;"20   ";"24   ";BRASILIA;Sim;Velocidade Incompatível;1;Saída de leito carroçável;Com Vítimas Feridas;Plena Noite;Crescente;Chuva;Dupla;Reta;Sim  ;"1027837   ";Automóvel;VW/VOYAGE 1.0;"2008      ";Passageiro;Ileso;"24   ";Masculino;"1 ";"0    ";"0    ";"0    ";-15.5946000;-47.6583803;SPRF-DF;DEL02-DF;UOP01-DEL02-DF 
576894;"1282459   ";2024-01-24;quarta-feira;20:00:00;DF;"20   ";"24   ";BRASILIA;Sim;Velocidade Incompatível;1;Saída de leito carroçável;Com Vítimas Feridas;Plena Noite;Crescente;Chuva;Dupla;Reta;Sim  ;"1027837   ";Automóvel;VW/VOYAGE 1.0;"2008      ";Passageiro;Lesões Leves;"25   ";Feminino;"0 ";"1    ";"0    ";"0    ";-15.5946000;-47.6583803;SPRF-DF;DEL02-DF;UOP01-DEL02-DF 
576894;"1282457   ";2024-01-24;quarta-feira;20:00:00;DF;"20   ";"24   ";BRASILIA;Sim;Velocidade Incompatível;1;Saída de leito carroçável;Com Vítimas Feridas;Plena Noite;Crescente;Chuva;Dupla;Reta;Sim  ;"1027837   ";Automóvel;VW/VOYAGE 1.0;"2008      ";Condutor;Lesões Graves;"42   ";Masculino;"0 ";"0    ";"1    ";"0    ";-15.5946000;-47.6583803;SPRF-DF;DEL02-DF;UOP01-DEL02-DF 
576899;"1282466   ";2024-01-24;quarta-feira;19:00:00;GO;"70   ";"5    ";AGUAS LINDAS DE GOIAS;Sim;Reação tardia ou ineficiente do condutor;1;Colisão traseira;Com Vítimas Feridas;Plena Noite;Crescente;Chuva;Múltipla;Reta;Sim  ;"1027840   ";Caminhonete;NISSAN/FRONTIER SE4X4ATT;"2012      ";Condutor;Ileso;"46   ";Masculino;"1 ";"0    ";"0    ";"0    ";-15.7568368;-48.2546473;SPRF-DF;DEL03-DF;UOP02-DEL03-DF 
576899;"1282460   ";2024-01-24;quarta-feira;19:00:00;GO;"70   ";"5    ";AGUAS LINDAS DE GOIAS;Sim;Reação tardia ou ineficiente do condutor;1;Colisão traseira;Com Vítimas Feridas;Plena Noite;Crescente;Chuva;Múltipla;Reta;Sim  ;"1027838   ";Motocicleta;HONDA/CG 160 FAN;"2022      ";Condutor;Lesões Graves;"28   ";Masculino;"0 ";"0    ";"1    ";"0    ";-15.7568368;-48.2546473;SPRF-DF;DEL03-DF;UOP02-DEL03-DF 
576899;"1282462   ";2024-01-24;quarta-feira;19:00:00;GO;"70   ";"5    ";AGUAS LINDAS DE GOIAS;Sim;Reação tardia ou ineficiente do condutor;1;Colisão traseira;Com Vítimas Feridas;Plena Noite;Crescente;Chuva;Múltipla;Reta;Sim  ;"1027838   ";Motocicleta;HONDA/CG 160 FAN;"2022      ";Passageiro;Lesões Leves;"23   ";Feminino;"0 ";"1    ";"0    ";"0    ";-15.7568368;-48.2546473;SPRF-DF;DEL03-DF;UOP02-DEL03-DF 
576923;"1282542   ";2024-01-25;quinta-feira;03:30:00;GO;"80   ";"44   ";PADRE BERNARDO;Sim;Animais na Pista;1;Atropelamento de Animal;Com Vítimas Feridas;Amanhecer;Crescente;Céu Claro;Simples;Reta;Sim  ;"1027923   ";Caminhonete;GM/S10 EXECUTIVE D;"2008      ";Passageiro;Lesões Graves;"72   ";Feminino;"0 ";"0    ";"1    ";"0    ";-15.1850100;-48.2844720;SPRF-DF;DEL03-DF;UOP02-DEL03-DF 
576923;"1282541   ";2024-01-25;quinta-feira;03:30:00;GO;"80   ";"44   ";PADRE BERNARDO;Sim;Animais na Pista;1;Atropelamento de Animal;Com Vítimas Feridas;Amanhecer;Crescente;Céu Claro;Simples;Reta;Sim  ;"1027923   ";Caminhonete;GM/S10 EXECUTIVE D;"2008      ";Condutor;Ileso;"68   ";Masculino;"1 ";"0    ";"0    ";"0    ";-15.1850100;-48.2844720;SPRF-DF;DEL03-DF;UOP02-DEL03-DF 
576998;"1282810   ";2024-01-25;quinta-feira;13:57:00;DF;"60   ";"27   ";BRASILIA;Não;Avarias e/ou desgaste excessivo no pneu;2;Capotamento;Com Vítimas Feridas;Pleno dia;Crescente;Chuva;Dupla;Curva;Sim  ;"1028095   ";Automóvel;RENAULT/SANDERO AUT 16;"2010      ";Passageiro;Lesões Leves;"7    ";Masculino;"0 ";"1    ";"0    ";"0    ";-16.0175510;-48.2492520;SPRF-DF;DEL03-DF;UOP01-DEL03-DF 
576998;"1282793   ";2024-01-25;quinta-feira;13:57:00;DF;"60   ";"27   ";BRASILIA;Não;Avarias e/ou desgaste excessivo no pneu;2;Capotamento;Com Vítimas Feridas;Pleno dia;Crescente;Chuva;Dupla;Curva;Sim  ;"1028095   ";Automóvel;RENAULT/SANDERO AUT 16;"2010      ";Passageiro;Lesões Leves;"36   ";Masculino;"0 ";"1    ";"0    ";"0    ";-16.0175510;-48.2492520;SPRF-DF;DEL03-DF;UOP01-DEL03-DF 
576998;"1282809   ";2024-01-25;quinta-feira;13:57:00;DF;"60   ";"27   ";BRASILIA;Não;Avarias e/ou desgaste excessivo no pneu;2;Capotamento;Com Vítimas Feridas;Pleno dia;Crescente;Chuva;Dupla;Curva;Sim  ;"1028095   ";Automóvel;RENAULT/SANDERO AUT 16;"2010      ";Passageiro;Ileso;"29   ";Feminino;"1 ";"0    ";"0    ";"0    ";-16.0175510;-48.2492520;SPRF-DF;DEL03-DF;UOP01-DEL03-DF 
576998;"1282792   ";2024-01-25;quinta-feira;13:57:00;DF;"60   ";"27   ";BRASILIA;Não;Avarias e/ou desgaste excessivo no pneu;2;Capotamento;Com Vítimas Feridas;Pleno dia;Crescente;Chuva;Dupla;Curva;Sim  ;"1028095   ";Automóvel;RENAULT/SANDERO AUT 16;"2010      ";Condutor;Lesões Leves;"32   ";Masculino;"0 ";"1    ";"0    ";"0    ";-16.0175510;-48.2492520;SPRF-DF;DEL03-DF;UOP01-DEL03-DF 
576998;"1282810   ";2024-01-25;quinta-feira;13:57:00;DF;"60   ";"27   ";BRASILIA;Não;Reação tardia ou ineficiente do condutor;2;Capotamento;Com Vítimas Feridas;Pleno dia;Crescente;Chuva;Dupla;Curva;Sim  ;"1028095   ";Automóvel;RENAULT/SANDERO AUT 16;"2010      ";Passageiro;Lesões Leves;"7    ";Masculino;"0 ";"1    ";"0    ";"0    ";-16.0175510;-48.2492520;SPRF-DF;DEL03-DF;UOP01-DEL03-DF 
576998;"1282793   ";2024-01-25;quinta-feira;13:57:00;DF;"60   ";"27   ";BRASILIA;Não;Reação tardia ou ineficiente do condutor;2;Capotamento;Com Vítimas Feridas;Pleno dia;Crescente;Chuva;Dupla;Curva;Sim  ;"1028095   ";Automóvel;RENAULT/SANDERO AUT 16;"2010      ";Passageiro;Lesões Leves;"36   ";Masculino;"0 ";"1    ";"0    ";"0    ";-16.0175510;-48.2492520;SPRF-DF;DEL03-DF;UOP01-DEL03-DF 
576998;"1282809   ";2024-01-25;quinta-feira;13:57:00;DF;"60   ";"27   ";BRASILIA;Não;Reação tardia ou ineficiente do condutor;2;Capotamento;Com Vítimas Feridas;Pleno dia;Crescente;Chuva;Dupla;Curva;Sim  ;"1028095   ";Automóvel;RENAULT/SANDERO AUT 16;"2010      ";Passageiro;Ileso;"29   ";Feminino;"1 ";"0    ";"0    ";"0    ";-16.0175510;-48.2492520;SPRF-DF;DEL03-DF;UOP01-DEL03-DF 
576998;"1282792   ";2024-01-25;quinta-feira;13:57:00;DF;"60   ";"27   ";BRASILIA;Não;Reação tardia ou ineficiente do condutor;2;Capotamento;Com Vítimas Feridas;Pleno dia;Crescente;Chuva;Dupla;Curva;Sim  ;"1028095   ";Automóvel;RENAULT/SANDERO AUT 16;"2010      ";Condutor;Lesões Leves;"32   ";Masculino;"0 ";"1    ";"0    ";"0    ";-16.0175510;-48.2492520;SPRF-DF;DEL03-DF;UOP01-DEL03-DF 
576998;"1282810   ";2024-01-25;quinta-feira;13:57:00;DF;"60   ";"27   ";BRASILIA;Sim;Acumulo de água sobre o pavimento;2;Capotamento;Com Vítimas Feridas;Pleno dia;Crescente;Chuva;Dupla;Curva;Sim  ;"1028095   ";Automóvel;RENAULT/SANDERO AUT 16;"2010      ";Passageiro;Lesões Leves;"7    ";Masculino;"0 ";"1    ";"0    ";"0    ";-16.0175510;-48.2492520;SPRF-DF;DEL03-DF;UOP01-DEL03-DF 
576998;"1282793   ";2024-01-25;quinta-feira;13:57:00;DF;"60   ";"27   ";BRASILIA;Sim;Acumulo de água sobre o pavimento;2;Capotamento;Com Vítimas Feridas;Pleno dia;Crescente;Chuva;Dupla;Curva;Sim  ;"1028095   ";Automóvel;RENAULT/SANDERO AUT 16;"2010      ";Passageiro;Lesões Leves;"36   ";Masculino;"0 ";"1    ";"0    ";"0    ";-16.0175510;-48.2492520;SPRF-DF;DEL03-DF;UOP01-DEL03-DF 
576998;"1282809   ";2024-01-25;quinta-feira;13:57:00;DF;"60   ";"27   ";BRASILIA;Sim;Acumulo de água sobre o pavimento;2;Capotamento;Com Vítimas Feridas;Pleno dia;Crescente;Chuva;Dupla;Curva;Sim  ;"1028095   ";Automóvel;RENAULT/SANDERO AUT 16;"2010      ";Passageiro;Ileso;"29   ";Feminino;"1 ";"0    ";"0    ";"0    ";-16.0175510;-48.2492520;SPRF-DF;DEL03-DF;UOP01-DEL03-DF 
576998;"1282792   ";2024-01-25;quinta-feira;13:57:00;DF;"60   ";"27   ";BRASILIA;Sim;Acumulo de água sobre o pavimento;2;Capotamento;Com Vítimas Feridas;Pleno dia;Crescente;Chuva;Dupla;Curva;Sim  ;"1028095   ";Automóvel;RENAULT/SANDERO AUT 16;"2010      ";Condutor;Lesões Leves;"32   ";Masculino;"0 ";"1    ";"0    ";"0    ";-16.0175510;-48.2492520;SPRF-DF;DEL03-DF;UOP01-DEL03-DF 
576998;"1282810   ";2024-01-25;quinta-feira;13:57:00;DF;"60   ";"27   ";BRASILIA;Não;Avarias e/ou desgaste excessivo no pneu;1;Saída de leito carroçável;Com Vítimas Feridas;Pleno dia;Crescente;Chuva;Dupla;Curva;Sim  ;"1028095   ";Automóvel;RENAULT/SANDERO AUT 16;"2010      ";Passageiro;Lesões Leves;"7    ";Masculino;"0 ";"1    ";"0    ";"0    ";-16.0175510;-48.2492520;SPRF-DF;DEL03-DF;UOP01-DEL03-DF 
576998;"1282793   ";2024-01-25;quinta-feira;13:57:00;DF;"60   ";"27   ";BRASILIA;Não;Avarias e/ou desgaste excessivo no pneu;1;Saída de leito carroçável;Com Vítimas Feridas;Pleno dia;Crescente;Chuva;Dupla;Curva;Sim  ;"1028095   ";Automóvel;RENAULT/SANDERO AUT 16;"2010      ";Passageiro;Lesões Leves;"36   ";Masculino;"0 ";"1    ";"0    ";"0    ";-16.0175510;-48.2492520;SPRF-DF;DEL03-DF;UOP01-DEL03-DF 
576998;"1282809   ";2024-01-25;quinta-feira;13:57:00;DF;"60   ";"27   ";BRASILIA;Não;Avarias e/ou desgaste excessivo no pneu;1;Saída de leito carroçável;Com Vítimas Feridas;Pleno dia;Crescente;Chuva;Dupla;Curva;Sim  ;"1028095   ";Automóvel;RENAULT/SANDERO AUT 16;"2010      ";Passageiro;Ileso;"29   ";Feminino;"1 ";"0    ";"0    ";"0    ";-16.0175510;-48.2492520;SPRF-DF;DEL03-DF;UOP01-DEL03-DF 
576998;"1282792   ";2024-01-25;quinta-feira;13:57:00;DF;"60   ";"27   ";BRASILIA;Não;Avarias e/ou desgaste excessivo no pneu;1;Saída de leito carroçável;Com Vítimas Feridas;Pleno dia;Crescente;Chuva;Dupla;Curva;Sim  ;"1028095   ";Automóvel;RENAULT/SANDERO AUT 16;"2010      ";Condutor;Lesões Leves;"32   ";Masculino;"0 ";"1    ";"0    ";"0    ";-16.0175510;-48.2492520;SPRF-DF;DEL03-DF;UOP01-DEL03-DF 
576998;"1282810   ";2024-01-25;quinta-feira;13:57:00;DF;"60   ";"27   ";BRASILIA;Não;Reação tardia ou ineficiente do condutor;1;Saída de leito carroçável;Com Vítimas Feridas;Pleno dia;Crescente;Chuva;Dupla;Curva;Sim  ;"1028095   ";Automóvel;RENAULT/SANDERO AUT 16;"2010      ";Passageiro;Lesões Leves;"7    ";Masculino;"0 ";"1    ";"0    ";"0    ";-16.0175510;-48.2492520;SPRF-DF;DEL03-DF;UOP01-DEL03-DF 
576998;"1282793   ";2024-01-25;quinta-feira;13:57:00;DF;"60   ";"27   ";BRASILIA;Não;Reação tardia ou ineficiente do condutor;1;Saída de leito carroçável;Com Vítimas Feridas;Pleno dia;Crescente;Chuva;Dupla;Curva;Sim  ;"1028095   ";Automóvel;RENAULT/SANDERO AUT 16;"2010      ";Passageiro;Lesões Leves;"36   ";Masculino;"0 ";"1    ";"0    ";"0    ";-16.0175510;-48.2492520;SPRF-DF;DEL03-DF;UOP01-DEL03-DF 
576998;"1282809   ";2024-01-25;quinta-feira;13:57:00;DF;"60   ";"27   ";BRASILIA;Não;Reação tardia ou ineficiente do condutor;1;Saída de leito carroçável;Com Vítimas Feridas;Pleno dia;Crescente;Chuva;Dupla;Curva;Sim  ;"1028095   ";Automóvel;RENAULT/SANDERO AUT 16;"2010      ";Passageiro;Ileso;"29   ";Feminino;"1 ";"0    ";"0    ";"0    ";-16.0175510;-48.2492520;SPRF-DF;DEL03-DF;UOP01-DEL03-DF 
576998;"1282792   ";2024-01-25;quinta-feira;13:57:00;DF;"60   ";"27   ";BRASILIA;Não;Reação tardia ou ineficiente do condutor;1;Saída de leito carroçável;Com Vítimas Feridas;Pleno dia;Crescente;Chuva;Dupla;Curva;Sim  ;"1028095   ";Automóvel;RENAULT/SANDERO AUT 16;"2010      ";Condutor;Lesões Leves;"32   ";Masculino;"0 ";"1    ";"0    ";"0    ";-16.0175510;-48.2492520;SPRF-DF;DEL03-DF;UOP01-DEL03-DF 
576998;"1282810   ";2024-01-25;quinta-feira;13:57:00;DF;"60   ";"27   ";BRASILIA;Sim;Acumulo de água sobre o pavimento;1;Saída de leito carroçável;Com Vítimas Feridas;Pleno dia;Crescente;Chuva;Dupla;Curva;Sim  ;"1028095   ";Automóvel;RENAULT/SANDERO AUT 16;"2010      ";Passageiro;Lesões Leves;"7    ";Masculino;"0 ";"1    ";"0    ";"0    ";-16.0175510;-48.2492520;SPRF-DF;DEL03-DF;UOP01-DEL03-DF 
576998;"1282793   ";2024-01-25;quinta-feira;13:57:00;DF;"60   ";"27   ";BRASILIA;Sim;Acumulo de água sobre o pavimento;1;Saída de leito carroçável;Com Vítimas Feridas;Pleno dia;Crescente;Chuva;Dupla;Curva;Sim  ;"1028095   ";Automóvel;RENAULT/SANDERO AUT 16;"2010      ";Passageiro;Lesões Leves;"36   ";Masculino;"0 ";"1    ";"0    ";"0    ";-16.0175510;-48.2492520;SPRF-DF;DEL03-DF;UOP01-DEL03-DF 
576998;"1282809   ";2024-01-25;quinta-feira;13:57:00;DF;"60   ";"27   ";BRASILIA;Sim;Acumulo de água sobre o pavimento;1;Saída de leito carroçável;Com Vítimas Feridas;Pleno dia;Crescente;Chuva;Dupla;Curva;Sim  ;"1028095   ";Automóvel;RENAULT/SANDERO AUT 16;"2010      ";Passageiro;Ileso;"29   ";Feminino;"1 ";"0    ";"0    ";"0    ";-16.0175510;-48.2492520;SPRF-DF;DEL03-DF;UOP01-DEL03-DF 
576998;"1282792   ";2024-01-25;quinta-feira;13:57:00;DF;"60   ";"27   ";BRASILIA;Sim;Acumulo de água sobre o pavimento;1;Saída de leito carroçável;Com Vítimas Feridas;Pleno dia;Crescente;Chuva;Dupla;Curva;Sim  ;"1028095   ";Automóvel;RENAULT/SANDERO AUT 16;"2010      ";Condutor;Lesões Leves;"32   ";Masculino;"0 ";"1    ";"0    ";"0    ";-16.0175510;-48.2492520;SPRF-DF;DEL03-DF;UOP01-DEL03-DF 
577084;"1283021   ";2024-01-25;quinta-feira;21:14:00;GO;"50   ";"100,2";CRISTALINA;Sim;Velocidade Incompatível;2;Capotamento;Com Vítimas Feridas;Pleno dia;Decrescente;Céu Claro;Dupla;"Reta;Em Obras";Não  ;"1028269   ";Caminhonete;I/TOYOTA HILUX CD4X4 SRV;"2014      ";Condutor;Lesões Graves;"40   ";Masculino;"0 ";"0    ";"1    ";"0    ";-16.9309000;-47.7117000;SPRF-DF;DEL01-DF;UOP02-DEL01-DF 
577084;"1285665   ";2024-01-25;quinta-feira;21:14:00;GO;"50   ";"100,2";CRISTALINA;Sim;Velocidade Incompatível;2;Capotamento;Com Vítimas Feridas;Pleno dia;Decrescente;Céu Claro;Dupla;"Reta;Em Obras";Não  ;"1028270   ";Automóvel;VW/GOL 1.0;"2006      ";Passageiro;Lesões Graves;"49   ";Masculino;"0 ";"0    ";"1    ";"0    ";-16.9309000;-47.7117000;SPRF-DF;DEL01-DF;UOP02-DEL01-DF 
577084;"1285660   ";2024-01-25;quinta-feira;21:14:00;GO;"50   ";"100,2";CRISTALINA;Sim;Velocidade Incompatível;2;Capotamento;Com Vítimas Feridas;Pleno dia;Decrescente;Céu Claro;Dupla;"Reta;Em Obras";Não  ;"1028270   ";Automóvel;VW/GOL 1.0;"2006      ";Condutor;Lesões Leves;"31   ";Masculino;"0 ";"1    ";"0    ";"0    ";-16.9309000;-47.7117000;SPRF-DF;DEL01-DF;UOP02-DEL01-DF 
577084;"1283021   ";2024-01-25;quinta-feira;21:14:00;GO;"50   ";"100,2";CRISTALINA;Sim;Velocidade Incompatível;1;Colisão traseira;Com Vítimas Feridas;Pleno dia;Decrescente;Céu Claro;Dupla;"Reta;Em Obras";Não  ;"1028269   ";Caminhonete;I/TOYOTA HILUX CD4X4 SRV;"2014      ";Condutor;Lesões Graves;"40   ";Masculino;"0 ";"0    ";"1    ";"0    ";-16.9309000;-47.7117000;SPRF-DF;DEL01-DF;UOP02-DEL01-DF 
577084;"1285665   ";2024-01-25;quinta-feira;21:14:00;GO;"50   ";"100,2";CRISTALINA;Sim;Velocidade Incompatível;1;Colisão traseira;Com Vítimas Feridas;Pleno dia;Decrescente;Céu Claro;Dupla;"Reta;Em Obras";Não  ;"1028270   ";Automóvel;VW/GOL 1.0;"2006      ";Passageiro;Lesões Graves;"49   ";Masculino;"0 ";"0    ";"1    ";"0    ";-16.9309000;-47.7117000;SPRF-DF;DEL01-DF;UOP02-DEL01-DF 
577084;"1285660   ";2024-01-25;quinta-feira;21:14:00;GO;"50   ";"100,2";CRISTALINA;Sim;Velocidade Incompatível;1;Colisão traseira;Com Vítimas Feridas;Pleno dia;Decrescente;Céu Claro;Dupla;"Reta;Em Obras";Não  ;"1028270   ";Automóvel;VW/GOL 1.0;"2006      ";Condutor;Lesões Leves;"31   ";Masculino;"0 ";"1    ";"0    ";"0    ";-16.9309000;-47.7117000;SPRF-DF;DEL01-DF;UOP02-DEL01-DF 
577084;"1285661   ";2024-01-25;quinta-feira;21:14:00;GO;"50   ";"100,2";CRISTALINA;Sim;Velocidade Incompatível;1;Colisão traseira;Com Vítimas Feridas;Pleno dia;Decrescente;Céu Claro;Dupla;"Reta;Em Obras";Não  ;"1028270   ";Automóvel;VW/GOL 1.0;"2006      ";Passageiro;Lesões Graves;"27   ";Feminino;"0 ";"0    ";"1    ";"0    ";-16.9309000;-47.7117000;SPRF-DF;DEL01-DF;UOP02-DEL01-DF 
577273;"1283566   ";2024-01-26;sexta-feira;20:25:00;DF;"70   ";"5    ";BRASILIA;Não;Reação tardia ou ineficiente do condutor;3;Tombamento;Com Vítimas Feridas;Plena Noite;Crescente;Céu Claro;Simples;Reta;Sim  ;"1028688   ";Automóvel;PEUGEOT/206 16FELI FXA;"2007      ";Condutor;Ileso;"38   ";Feminino;"1 ";"0    ";"0    ";"0    ";-15.7946560;-48.0967790;SPRF-DF;DEL03-DF;UOP02-DEL03-DF 
577273;"1283567   ";2024-01-26;sexta-feira;20:25:00;DF;"70   ";"5    ";BRASILIA;Não;Reação tardia ou ineficiente do condutor;3;Tombamento;Com Vítimas Feridas;Plena Noite;Crescente;Céu Claro;Simples;Reta;Sim  ;"1028688   ";Automóvel;PEUGEOT/206 16FELI FXA;"2007      ";Passageiro;Ileso;"39   ";Masculino;"1 ";"0    ";"0    ";"0    ";-15.7946560;-48.0967790;SPRF-DF;DEL03-DF;UOP02-DEL03-DF 