id;pesid;data_inversa;dia_semana;horario;uf;br;km;municipio;causa_principal;causa_acidente;ordem_tipo_acidente;tipo_acidente;classificacao_acidente;fase_dia;sentido_via;condicao_metereologica;tipo_pista;tracado_via;uso_solo;id_veiculo;tipo_veiculo;marca;ano_fabricacao_veiculo;tipo_envolvido;estado_fisico;idade;sexo;ilesos;feridos_leves;feridos_graves;mortos;latitude;longitude;regional;delegacia;uop
577273;"1283565   ";2024-01-26;sexta-feira;20:25:00;DF;"70   ";"5    ";BRASILIA;Não;Reação tardia ou ineficiente do condutor;3;Tombamento;Com Vítimas Feridas;Plena Noite;Crescente;Céu Claro;Simples;Reta;Sim  ;"1028687   ";Motocicleta;HONDA/CBX 250 TWISTER;"2008      ";Condutor;Lesões Leves;"28   ";Masculino;"0 ";"1    ";"0    ";"0    ";-15.7946560;-48.0967790;SPRF-DF;DEL03-DF;UOP02-DEL03-DF 
577273;"1283566   ";2024-01-26;sexta-feira;20:25:00;DF;"70   ";"5    ";BRASILIA;Não;Frear bruscamente;3;Tombamento;Com Vítimas Feridas;Plena Noite;Crescente;Céu Claro;Simples;Reta;Sim  ;"1028688   ";Automóvel;PEUGEOT/206 16FELI FXA;"2007      ";Condutor;Ileso;"38   ";Feminino;"1 ";"0    ";"0    ";"0    ";-15.7946560;-48.0967790;SPRF-DF;DEL03-DF;UOP02-DEL03-DF 
577273;"1283567   ";2024-01-26;sexta-feira;20:25:00;DF;"70   ";"5    ";BRASILIA;Não;Frear bruscamente;3;Tombamento;Com Vítimas Feridas;Plena Noite;Crescente;Céu Claro;Simples;Reta;Sim  ;"1028688   ";Automóvel;PEUGEOT/206 16FELI FXA;"2007      ";Passageiro;Ileso;"39   ";Masculino;"1 ";"0    ";"0    ";"0    ";-15.7946560;-48.0967790;SPRF-DF;DEL03-DF;UOP02-DEL03-DF 
577273;"1283565   ";2024-01-26;sexta-feira;20:25:00;DF;"70   ";"5    ";BRASILIA;Não;Frear bruscamente;3;Tombamento;Com Vítimas Feridas;Plena Noite;Crescente;Céu Claro;Simples;Reta;Sim  ;"1028687   ";Motocicleta;HONDA/CBX 250 TWISTER;"2008      ";Condutor;Lesões Leves;"28   ";Masculino;"0 ";"1    ";"0    ";"0    ";-15.7946560;-48.0967790;SPRF-DF;DEL03-DF;UOP02-DEL03-DF 
577273;"1283566   ";2024-01-26;sexta-feira;20:25:00;DF;"70   ";"5    ";BRASILIA;Não;Condutor deixou de manter distância do veículo da frente;3;Tombamento;Com Vítimas Feridas;Plena Noite;Crescente;Céu Claro;Simples;Reta;Sim  ;"1028688   ";Automóvel;PEUGEOT/206 16FELI FXA;"2007      ";Condutor;Ileso;"38   ";Feminino;"1 ";"0    ";"0    ";"0    ";-15.7946560;-48.0967790;SPRF-DF;DEL03-DF;UOP02-DEL03-DF 
577273;"1283567   ";2024-01-26;sexta-feira;20:25:00;DF;"70   ";"5    ";BRASILIA;Não;Condutor deixou de manter distância do veículo da frente;3;Tombamento;Com Vítimas Feridas;Plena Noite;Crescente;Céu Claro;Simples;Reta;Sim  ;"1028688   ";Automóvel;PEUGEOT/206 16FELI FXA;"2007      ";Passageiro;Ileso;"39   ";Masculino;"1 ";"0    ";"0    ";"0    ";-15.7946560;-48.0967790;SPRF-DF;DEL03-DF;UOP02-DEL03-DF 
577273;"1283565   ";2024-01-26;sexta-feira;20:25:00;DF;"70   ";"5    ";BRASILIA;Não;Condutor deixou de manter distância do veículo da frente;3;Tombamento;Com Vítimas Feridas;Plena Noite;Crescente;Céu Claro;Simples;Reta;Sim  ;"1028687   ";Motocicleta;HONDA/CBX 250 TWISTER;"2008      ";Condutor;Lesões Leves;"28   ";Masculino;"0 ";"1    ";"0    ";"0    ";-15.7946560;-48.0967790;SPRF-DF;DEL03-DF;UOP02-DEL03-DF 
577273;"1283566   ";2024-01-26;sexta-feira;20:25:00;DF;"70   ";"5    ";BRASILIA;Sim;Ingestão de álcool pelo condutor;3;Tombamento;Com Vítimas Feridas;Plena Noite;Crescente;Céu Claro;Simples;Reta;Sim  ;"1028688   ";Automóvel;PEUGEOT/206 16FELI FXA;"2007      ";Condutor;Ileso;"38   ";Feminino;"1 ";"0    ";"0    ";"0    ";-15.7946560;-48.0967790;SPRF-DF;DEL03-DF;UOP02-DEL03-DF 
577273;"1283567   ";2024-01-26;sexta-feira;20:25:00;DF;"70   ";"5    ";BRASILIA;Sim;Ingestão de álcool pelo condutor;3;Tombamento;Com Vítimas Feridas;Plena Noite;Crescente;Céu Claro;Simples;Reta;Sim  ;"1028688   ";Automóvel;PEUGEOT/206 16FELI FXA;"2007      ";Passageiro;Ileso;"39   ";Masculino;"1 ";"0    ";"0    ";"0    ";-15.7946560;-48.0967790;SPRF-DF;DEL03-DF;UOP02-DEL03-DF 
577273;"1283565   ";2024-01-26;sexta-feira;20:25:00;DF;"70   ";"5    ";BRASILIA;Sim;Ingestão de álcool pelo condutor;3;Tombamento;Com Vítimas Feridas;Plena Noite;Crescente;Céu Claro;Simples;Reta;Sim  ;"1028687   ";Motocicleta;HONDA/CBX 250 TWISTER;"2008      ";Condutor;Lesões Leves;"28   ";Masculino;"0 ";"1    ";"0    ";"0    ";-15.7946560;-48.0967790;SPRF-DF;DEL03-DF;UOP02-DEL03-DF 
577273;"1283566   ";2024-01-26;sexta-feira;20:25:00;DF;"70   ";"5    ";BRASILIA;Não;Reação tardia ou ineficiente do condutor;2;Queda de ocupante de veículo;Com Vítimas Feridas;Plena Noite;Crescente;Céu Claro;Simples;Reta;Sim  ;"1028688   ";Automóvel;PEUGEOT/206 16FELI FXA;"2007      ";Condutor;Ileso;"38   ";Feminino;"1 ";"0    ";"0    ";"0    ";-15.7946560;-48.0967790;SPRF-DF;DEL03-DF;UOP02-DEL03-DF 
577273;"1283567   ";2024-01-26;sexta-feira;20:25:00;DF;"70   ";"5    ";BRASILIA;Não;Reação tardia ou ineficiente do condutor;2;Queda de ocupante de veículo;Com Vítimas Feridas;Plena Noite;Crescente;Céu Claro;Simples;Reta;Sim  ;"1028688   ";Automóvel;PEUGEOT/206 16FELI FXA;"2007      ";Passageiro;Ileso;"39   ";Masculino;"1 ";"0    ";"0    ";"0    ";-15.7946560;-48.0967790;SPRF-DF;DEL03-DF;UOP02-DEL03-DF 
577273;"1283565   ";2024-01-26;sexta-feira;20:25:00;DF;"70   ";"5    ";BRASILIA;Não;Reação tardia ou ineficiente do condutor;2;Queda de ocupante de veículo;Com Vítimas Feridas;Plena Noite;Crescente;Céu Claro;Simples;Reta;Sim  ;"1028687   ";Motocicleta;HONDA/CBX 250 TWISTER;"2008      ";Condutor;Lesões Leves;"28   ";Masculino;"0 ";"1    ";"0    ";"0    ";-15.7946560;-48.0967790;SPRF-DF;DEL03-DF;UOP02-DEL03-DF 
577273;"1283566   ";2024-01-26;sexta-feira;20:25:00;DF;"70   ";"5    ";BRASILIA;Não;Frear bruscamente;2;Queda de ocupante de veículo;Com Vítimas Feridas;Plena Noite;Crescente;Céu Claro;Simples;Reta;Sim  ;"1028688   ";Automóvel;PEUGEOT/206 16FELI FXA;"2007      ";Condutor;Ileso;"38   ";Feminino;"1 ";"0    ";"0    ";"0    ";-15.7946560;-48.0967790;SPRF-DF;DEL03-DF;UOP02-DEL03-DF 
577273;"1283567   ";2024-01-26;sexta-feira;20:25:00;DF;"70   ";"5    ";BRASILIA;Não;Frear bruscamente;2;Queda de ocupante de veículo;Com Vítimas Feridas;Plena Noite;Crescente;Céu Claro;Simples;Reta;Sim  ;"1028688   ";Automóvel;PEUGEOT/206 16FELI FXA;"2007      ";Passageiro;Ileso;"39   ";Masculino;"1 ";"0    ";"0    ";"0    ";-15.7946560;-48.0967790;SPRF-DF;DEL03-DF;UOP02-DEL03-DF 
577273;"1283565   ";2024-01-26;sexta-feira;20:25:00;DF;"70   ";"5    ";BRASILIA;Não;Frear bruscamente;2;Queda de ocupante de veículo;Com Vítimas Feridas;Plena Noite;Crescente;Céu Claro;Simples;Reta;Sim  ;"1028687   ";Motocicleta;HONDA/CBX 250 TWISTER;"2008      ";Condutor;Lesões Leves;"28   ";Masculino;"0 ";"1    ";"0    ";"0    ";-15.7946560;-48.0967790;SPRF-DF;DEL03-DF;UOP02-DEL03-DF 
577273;"1283566   ";2024-01-26;sexta-feira;20:25:00;DF;"70   ";"5    ";BRASILIA;Não;Condutor deixou de manter distância do veículo da frente;2;Queda de ocupante de veículo;Com Vítimas Feridas;Plena Noite;Crescente;Céu Claro;Simples;Reta;Sim  ;"1028688   ";Automóvel;PEUGEOT/206 16FELI FXA;"2007      ";Condutor;Ileso;"38   ";Feminino;"1 ";"0    ";"0    ";"0    ";-15.7946560;-48.0967790;SPRF-DF;DEL03-DF;UOP02-DEL03-DF 
577273;"1283567   ";2024-01-26;sexta-feira;20:25:00;DF;"70   ";"5    ";BRASILIA;Não;Condutor deixou de manter distância do veículo da frente;2;Queda de ocupante de veículo;Com Vítimas Feridas;Plena Noite;Crescente;Céu Claro;Simples;Reta;Sim  ;"1028688   ";Automóvel;PEUGEOT/206 16FELI FXA;"2007      ";Passageiro;Ileso;"39   ";Masculino;"1 ";"0    ";"0    ";"0    ";-15.7946560;-48.0967790;SPRF-DF;DEL03-DF;UOP02-DEL03-DF 
577273;"1283565   ";2024-01-26;sexta-feira;20:25:00;DF;"70   ";"5    ";BRASILIA;Não;Condutor deixou de manter distância do veículo da frente;2;Queda de ocupante de veículo;Com Vítimas Feridas;Plena Noite;Crescente;Céu Claro;Simples;Reta;Sim  ;"1028687   ";Motocicleta;HONDA/CBX 250 TWISTER;"2008      ";Condutor;Lesões Leves;"28   ";Masculino;"0 ";"1    ";"0    ";"0    ";-15.7946560;-48.0967790;SPRF-DF;DEL03-DF;UOP02-DEL03-DF 
577273;"1283566   ";2024-01-26;sexta-feira;20:25:00;DF;"70   ";"5    ";BRASILIA;Sim;Ingestão de álcool pelo condutor;2;Queda de ocupante de veículo;Com Vítimas Feridas;Plena Noite;Crescente;Céu Claro;Simples;Reta;Sim  ;"1028688   ";Automóvel;PEUGEOT/206 16FELI FXA;"2007      ";Condutor;Ileso;"38   ";Feminino;"1 ";"0    ";"0    ";"0    ";-15.7946560;-48.0967790;SPRF-DF;DEL03-DF;UOP02-DEL03-DF 
577273;"1283567   ";2024-01-26;sexta-feira;20:25:00;DF;"70   ";"5    ";BRASILIA;Sim;Ingestão de álcool pelo condutor;2;Queda de ocupante de veículo;Com Vítimas Feridas;Plena Noite;Crescente;Céu Claro;Simples;Reta;Sim  ;"1028688   ";Automóvel;PEUGEOT/206 16FELI FXA;"2007      ";Passageiro;Ileso;"39   ";Masculino;"1 ";"0    ";"0    ";"0    ";-15.7946560;-48.0967790;SPRF-DF;DEL03-DF;UOP02-DEL03-DF 
577273;"1283565   ";2024-01-26;sexta-feira;20:25:00;DF;"70   ";"5    ";BRASILIA;Sim;Ingestão de álcool pelo condutor;2;Queda de ocupante de veículo;Com Vítimas Feridas;Plena Noite;Crescente;Céu Claro;Simples;Reta;Sim  ;"1028687   ";Motocicleta;HONDA/CBX 250 TWISTER;"2008      ";Condutor;Lesões Leves;"28   ";Masculino;"0 ";"1    ";"0    ";"0    ";-15.7946560;-48.0967790;SPRF-DF;DEL03-DF;UOP02-DEL03-DF 
577273;"1283566   ";2024-01-26;sexta-feira;20:25:00;DF;"70   ";"5    ";BRASILIA;Não;Reação tardia ou ineficiente do condutor;1;Colisão traseira;Com Vítimas Feridas;Plena Noite;Crescente;Céu Claro;Simples;Reta;Sim  ;"1028688   ";Automóvel;PEUGEOT/206 16FELI FXA;"2007      ";Condutor;Ileso;"38   ";Feminino;"1 ";"0    ";"0    ";"0    ";-15.7946560;-48.0967790;SPRF-DF;DEL03-DF;UOP02-DEL03-DF 
577273;"1283567   ";2024-01-26;sexta-feira;20:25:00;DF;"70   ";"5    ";BRASILIA;Não;Reação tardia ou ineficiente do condutor;1;Colisão traseira;Com Vítimas Feridas;Plena Noite;Crescente;Céu Claro;Simples;Reta;Sim  ;"1028688   ";Automóvel;PEUGEOT/206 16FELI FXA;"2007      ";Passageiro;Ileso;"39   ";Masculino;"1 ";"0    ";"0    ";"0    ";-15.7946560;-48.0967790;SPRF-DF;DEL03-DF;UOP02-DEL03-DF 
577273;"1283565   ";2024-01-26;sexta-feira;20:25:00;DF;"70   ";"5    ";BRASILIA;Não;Reação tardia ou ineficiente do condutor;1;Colisão traseira;Com Vítimas Feridas;Plena Noite;Crescente;Céu Claro;Simples;Reta;Sim  ;"1028687   ";Motocicleta;HONDA/CBX 250 TWISTER;"2008      ";Condutor;Lesões Leves;"28   ";Masculino;"0 ";"1    ";"0    ";"0    ";-15.7946560;-48.0967790;SPRF-DF;DEL03-DF;UOP02-DEL03-DF 
577273;"1283566   ";2024-01-26;sexta-feira;20:25:00;DF;"70   ";"5    ";BRASILIA;Não;Frear bruscamente;1;Colisão traseira;Com Vítimas Feridas;Plena Noite;Crescente;Céu Claro;Simples;Reta;Sim  ;"1028688   ";Automóvel;PEUGEOT/206 16FELI FXA;"2007      ";Condutor;Ileso;"38   ";Feminino;"1 ";"0    ";"0    ";"0    ";-15.7946560;-48.0967790;SPRF-DF;DEL03-DF;UOP02-DEL03-DF 
577273;"1283567   ";2024-01-26;sexta-feira;20:25:00;DF;"70   ";"5    ";BRASILIA;Não;Frear bruscamente;1;Colisão traseira;Com Vítimas Feridas;Plena Noite;Crescente;Céu Claro;Simples;Reta;Sim  ;"1028688   ";Automóvel;PEUGEOT/206 16FELI FXA;"2007      ";Passageiro;Ileso;"39   ";Masculino;"1 ";"0    ";"0    ";"0    ";-15.7946560;-48.0967790;SPRF-DF;DEL03-DF;UOP02-DEL03-DF 
577273;"1283565   ";2024-01-26;sexta-feira;20:25:00;DF;"70   ";"5    ";BRASILIA;Não;Frear bruscamente;1;Colisão traseira;Com Vítimas Feridas;Plena Noite;Crescente;Céu Claro;Simples;Reta;Sim  ;"1028687   ";Motocicleta;HONDA/CBX 250 TWISTER;"2008      ";Condutor;Lesões Leves;"28   ";Masculino;"0 ";"1    ";"0    ";"0    ";-15.7946560;-48.0967790;SPRF-DF;DEL03-DF;UOP02-DEL03-DF 
577273;"1283566   ";2024-01-26;sexta-feira;20:25:00;DF;"70   ";"5    ";BRASILIA;Não;Condutor deixou de manter distância do veículo da frente;1;Colisão traseira;Com Vítimas Feridas;Plena Noite;Crescente;Céu Claro;Simples;Reta;Sim  ;"1028688   ";Automóvel;PEUGEOT/206 16FELI FXA;"2007      ";Condutor;Ileso;"38   ";Feminino;"1 ";"0    ";"0    ";"0    ";-15.7946560;-48.0967790;SPRF-DF;DEL03-DF;UOP02-DEL03-DF 
577273;"1283567   ";2024-01-26;sexta-feira;20:25:00;DF;"70   ";"5    ";BRASILIA;Não;Condutor deixou de manter distância do veículo da frente;1;Colisão traseira;Com Vítimas Feridas;Plena Noite;Crescente;Céu Claro;Simples;Reta;Sim  ;"1028688   ";Automóvel;PEUGEOT/206 16FELI FXA;"2007      ";Passageiro;Ileso;"39   ";Masculino;"1 ";"0    ";"0    ";"0    ";-15.7946560;-48.0967790;SPRF-DF;DEL03-DF;UOP02-DEL03-DF 
577273;"1283565   ";2024-01-26;sexta-feira;20:25:00;DF;"70   ";"5    ";BRASILIA;Não;Condutor deixou de manter distância do veículo da frente;1;Colisão traseira;Com Vítimas Feridas;Plena Noite;Crescente;Céu Claro;Simples;Reta;Sim  ;"1028687   ";Motocicleta;HONDA/CBX 250 TWISTER;"2008      ";Condutor;Lesões Leves;"28   ";Masculino;"0 ";"1    ";"0    ";"0    ";-15.7946560;-48.0967790;SPRF-DF;DEL03-DF;UOP02-DEL03-DF 
577273;"1283566   ";2024-01-26;sexta-feira;20:25:00;DF;"70   ";"5    ";BRASILIA;Sim;Ingestão de álcool pelo condutor;1;Colisão traseira;Com Vítimas Feridas;Plena Noite;Crescente;Céu Claro;Simples;Reta;Sim  ;"1028688   ";Automóvel;PEUGEOT/206 16FELI FXA;"2007      ";Condutor;Ileso;"38   ";Feminino;"1 ";"0    ";"0    ";"0    ";-15.7946560;-48.0967790;SPRF-DF;DEL03-DF;UOP02-DEL03-DF 
577273;"1283567   ";2024-01-26;sexta-feira;20:25:00;DF;"70   ";"5    ";BRASILIA;Sim;Ingestão de álcool pelo condutor;1;Colisão traseira;Com Vítimas Feridas;Plena Noite;Crescente;Céu Claro;Simples;Reta;Sim  ;"1028688   ";Automóvel;PEUGEOT/206 16FELI FXA;"2007      ";Passageiro;Ileso;"39   ";Masculino;"1 ";"0    ";"0    ";"0    ";-15.7946560;-48.0967790;SPRF-DF;DEL03-DF;UOP02-DEL03-DF 
577273;"1283565   ";2024-01-26;sexta-feira;20:25:00;DF;"70   ";"5    ";BRASILIA;Sim;Ingestão de álcool pelo condutor;1;Colisão traseira;Com Vítimas Feridas;Plena Noite;Crescente;Céu Claro;Simples;Reta;Sim  ;"1028687   ";Motocicleta;HONDA/CBX 250 TWISTER;"2008      ";Condutor;Lesões Leves;"28   ";Masculino;"0 ";"1    ";"0    ";"0    ";-15.7946560;-48.0967790;SPRF-DF;DEL03-DF;UOP02-DEL03-DF 
577350;"1283613   ";2024-01-27;sábado;09:40:00;GO;"40   ";"2    ";VALPARAISO DE GOIAS;Sim;Condutor deixou de manter distância do veículo da frente;2;Queda de ocupante de veículo;Com Vítimas Feridas;Pleno dia;Crescente;Céu Claro;Dupla;Reta;Sim  ;"1028724   ";Automóvel;I/FIAT SIENA EL FLEX;"2011      ";Condutor;Ileso;"54   ";Feminino;"1 ";"0    ";"0    ";"0    ";-16.0671290;-47.9842350;SPRF-DF;DEL01-DF;UOP01-DEL01-DF 
577350;"1283651   ";2024-01-27;sábado;09:40:00;GO;"40   ";"2    ";VALPARAISO DE GOIAS;Sim;Condutor deixou de manter distância do veículo da frente;2;Queda de ocupante de veículo;Com Vítimas Feridas;Pleno dia;Crescente;Céu Claro;Dupla;Reta;Sim  ;"1028740   ";Motocicleta;Não Informado/Não Informado;"0         ";Condutor;Lesões Leves;"27   ";Masculino;"0 ";"1    ";"0    ";"0    ";-16.0671290;-47.9842350;SPRF-DF;DEL01-DF;UOP01-DEL01-DF 
577350;"1283613   ";2024-01-27;sábado;09:40:00;GO;"40   ";"2    ";VALPARAISO DE GOIAS;Sim;Condutor deixou de manter distância do veículo da frente;1;Colisão traseira;Com Vítimas Feridas;Pleno dia;Crescente;Céu Claro;Dupla;Reta;Sim  ;"1028724   ";Automóvel;I/FIAT SIENA EL FLEX;"2011      ";Condutor;Ileso;"54   ";Feminino;"1 ";"0    ";"0    ";"0    ";-16.0671290;-47.9842350;SPRF-DF;DEL01-DF;UOP01-DEL01-DF 
577350;"1283651   ";2024-01-27;sábado;09:40:00;GO;"40   ";"2    ";VALPARAISO DE GOIAS;Sim;Condutor deixou de manter distância do veículo da frente;1;Colisão traseira;Com Vítimas Feridas;Pleno dia;Crescente;Céu Claro;Dupla;Reta;Sim  ;"1028740   ";Motocicleta;Não Informado/Não Informado;"0         ";Condutor;Lesões Leves;"27   ";Masculino;"0 ";"1    ";"0    ";"0    ";-16.0671290;-47.9842350;SPRF-DF;DEL01-DF;UOP01-DEL01-DF 
577351;"1283595   ";2024-01-27;sábado;07:45:00;GO;"40   ";"11   ";LUZIANIA;Sim;Ausência de reação do condutor;1;Queda de ocupante de veículo;Com Vítimas Feridas;Pleno dia;Decrescente;Nublado;Dupla;Reta;Sim  ;"1028707   ";Motocicleta;HONDA/CG 160 FAN;"2020      ";Condutor;Lesões Leves;"28   ";Masculino;"0 ";"1    ";"0    ";"0    ";-16.1383360;-47.9516440;SPRF-DF;DEL01-DF;UOP01-DEL01-DF 
577444;"1283812   ";2024-01-27;sábado;19:30:00;DF;"40   ";"5    ";BRASILIA;Sim;Ausência de reação do condutor;1;Colisão lateral mesmo sentido;Com Vítimas Feridas;Plena Noite;Crescente;Nublado;Dupla;Reta;Sim  ;"1028858   ";Automóvel;I/RENAULT CLIO AUT 10H3P;"2012      ";Condutor;Ileso;"44   ";Masculino;"1 ";"0    ";"0    ";"0    ";-16.0209030;-47.9805410;SPRF-DF;DEL01-DF;UOP01-DEL01-DF 
577444;"1283813   ";2024-01-27;sábado;19:30:00;DF;"40   ";"5    ";BRASILIA;Sim;Ausência de reação do condutor;1;Colisão lateral mesmo sentido;Com Vítimas Feridas;Plena Noite;Crescente;Nublado;Dupla;Reta;Sim  ;"1028859   ";Bicicleta;Não Informado/Não Informado;"0         ";Condutor;Lesões Leves;"23   ";Masculino;"0 ";"1    ";"0    ";"0    ";-16.0209030;-47.9805410;SPRF-DF;DEL01-DF;UOP01-DEL01-DF 
577464;"1294104   ";2024-01-27;sábado;21:15:00;DF;"20   ";"20   ";BRASILIA;Sim;Pedestre andava na pista;1;Atropelamento de Pedestre;Com Vítimas Fatais;Plena Noite;Crescente;Nublado;Dupla;"Reta;Aclive";Sim  ;"1036655   ";Automóvel;VW/GOL 1.0;"2006      ";Condutor;Não Informado;"0    ";Não Informado;"0 ";"0    ";"0    ";"0    ";-15.6079050;-47.6927910;SPRF-DF;DEL02-DF;UOP01-DEL02-DF 
577464;"1285732   ";2024-01-27;sábado;21:15:00;DF;"20   ";"20   ";BRASILIA;Sim;Pedestre andava na pista;1;Atropelamento de Pedestre;Com Vítimas Fatais;Plena Noite;Crescente;Nublado;Dupla;"Reta;Aclive";Sim  ;"0         ";"0";NA/NA;"0         ";Pedestre;Óbito;"32   ";Masculino;"0 ";"0    ";"0    ";"1    ";-15.6079050;-47.6927910;SPRF-DF;DEL02-DF;UOP01-DEL02-DF 
577504;"1284027   ";2024-01-28;domingo;01:30:00;GO;"40   ";"31,8 ";LUZIANIA;Sim;Condutor Dormindo;3;Capotamento;Com Vítimas Feridas;Plena Noite;Crescente;Céu Claro;Dupla;Reta;Não  ;"1029033   ";Automóvel;VW/UP TAKE MA;"2015      ";Condutor;Ileso;"35   ";Masculino;"1 ";"0    ";"0    ";"0    ";-16.2892886;-47.8539991;SPRF-DF;DEL01-DF;UOP01-DEL01-DF 
577504;"1284026   ";2024-01-28;domingo;01:30:00;GO;"40   ";"31,8 ";LUZIANIA;Sim;Condutor Dormindo;3;Capotamento;Com Vítimas Feridas;Plena Noite;Crescente;Céu Claro;Dupla;Reta;Não  ;"1029032   ";Automóvel;HONDA/CIVIC EX;"2004      ";Condutor;Lesões Leves;"36   ";Masculino;"0 ";"1    ";"0    ";"0    ";-16.2892886;-47.8539991;SPRF-DF;DEL01-DF;UOP01-DEL01-DF 
577504;"1284027   ";2024-01-28;domingo;01:30:00;GO;"40   ";"31,8 ";LUZIANIA;Sim;Condutor Dormindo;2;Saída de leito carroçável;Com Vítimas Feridas;Plena Noite;Crescente;Céu Claro;Dupla;Reta;Não  ;"1029033   ";Automóvel;VW/UP TAKE MA;"2015      ";Condutor;Ileso;"35   ";Masculino;"1 ";"0    ";"0    ";"0    ";-16.2892886;-47.8539991;SPRF-DF;DEL01-DF;UOP01-DEL01-DF 
577504;"1284026   ";2024-01-28;domingo;01:30:00;GO;"40   ";"31,8 ";LUZIANIA;Sim;Condutor Dormindo;2;Saída de leito carroçável;Com Vítimas Feridas;Plena Noite;Crescente;Céu Claro;Dupla;Reta;Não  ;"1029032   ";Automóvel;HONDA/CIVIC EX;"2004      ";Condutor;Lesões Leves;"36   ";Masculino;"0 ";"1    ";"0    ";"0    ";-16.2892886;-47.8539991;SPRF-DF;DEL01-DF;UOP01-DEL01-DF 
577504;"1284027   ";2024-01-28;domingo;01:30:00;GO;"40   ";"31,8 ";LUZIANIA;Sim;Condutor Dormindo;1;Colisão lateral mesmo sentido;Com Vítimas Feridas;Plena Noite;Crescente;Céu Claro;Dupla;Reta;Não  ;"1029033   ";Automóvel;VW/UP TAKE MA;"2015      ";Condutor;Ileso;"35   ";Masculino;"1 ";"0    ";"0    ";"0    ";-16.2892886;-47.8539991;SPRF-DF;DEL01-DF;UOP01-DEL01-DF 
577504;"1284026   ";2024-01-28;domingo;01:30:00;GO;"40   ";"31,8 ";LUZIANIA;Sim;Condutor Dormindo;1;Colisão lateral mesmo sentido;Com Vítimas Feridas;Plena Noite;Crescente;Céu Claro;Dupla;Reta;Não  ;"1029032   ";Automóvel;HONDA/CIVIC EX;"2004      ";Condutor;Lesões Leves;"36   ";Masculino;"0 ";"1    ";"0    ";"0    ";-16.2892886;-47.8539991;SPRF-DF;DEL01-DF;UOP01-DEL01-DF 
577517;"1283971   ";2024-01-28;domingo;04:39:00;DF;"70   ";"10   ";BRASILIA;Não;Velocidade Incompatível;2;Colisão com objeto;Com Vítimas Feridas;Plena Noite;Crescente;Chuva;Dupla;Reta;Sim  ;"1028992   ";Automóvel;I/VW JETTA 2.0;"2011      ";Condutor;Ileso;"27   ";Masculino;"1 ";"0    ";"0    ";"0    ";-15.7870660;-48.1407090;SPRF-DF;DEL03-DF;UOP02-DEL03-DF 
577517;"1283972   ";2024-01-28;domingo;04:39:00;DF;"70   ";"10   ";BRASILIA;Não;Velocidade Incompatível;2;Colisão com objeto;Com Vítimas Feridas;Plena Noite;Crescente;Chuva;Dupla;Reta;Sim  ;"1028992   ";Automóvel;I/VW JETTA 2.0;"2011      ";Passageiro;Lesões Leves;"22   ";Feminino;"0 ";"1    ";"0    ";"0    ";-15.7870660;-48.1407090;SPRF-DF;DEL03-DF;UOP02-DEL03-DF 
577517;"1283971   ";2024-01-28;domingo;04:39:00;DF;"70   ";"10   ";BRASILIA;Não;Reação tardia ou ineficiente do condutor;2;Colisão com objeto;Com Vítimas Feridas;Plena Noite;Crescente;Chuva;Dupla;Reta;Sim  ;"1028992   ";Automóvel;I/VW JETTA 2.0;"2011      ";Condutor;Ileso;"27   ";Masculino;"1 ";"0    ";"0    ";"0    ";-15.7870660;-48.1407090;SPRF-DF;DEL03-DF;UOP02-DEL03-DF 
577517;"1283972   ";2024-01-28;domingo;04:39:00;DF;"70   ";"10   ";BRASILIA;Não;Reação tardia ou ineficiente do condutor;2;Colisão com objeto;Com Vítimas Feridas;Plena Noite;Crescente;Chuva;Dupla;Reta;Sim  ;"1028992   ";Automóvel;I/VW JETTA 2.0;"2011      ";Passageiro;Lesões Leves;"22   ";Feminino;"0 ";"1    ";"0    ";"0    ";-15.7870660;-48.1407090;SPRF-DF;DEL03-DF;UOP02-DEL03-DF 
577517;"1283971   ";2024-01-28;domingo;04:39:00;DF;"70   ";"10   ";BRASILIA;Sim;Acumulo de água sobre o pavimento;2;Colisão com objeto;Com Vítimas Feridas;Plena Noite;Crescente;Chuva;Dupla;Reta;Sim  ;"1028992   ";Automóvel;I/VW JETTA 2.0;"2011      ";Condutor;Ileso;"27   ";Masculino;"1 ";"0    ";"0    ";"0    ";-15.7870660;-48.1407090;SPRF-DF;DEL03-DF;UOP02-DEL03-DF 
577517;"1283972   ";2024-01-28;domingo;04:39:00;DF;"70   ";"10   ";BRASILIA;Sim;Acumulo de água sobre o pavimento;2;Colisão com objeto;Com Vítimas Feridas;Plena Noite;Crescente;Chuva;Dupla;Reta;Sim  ;"1028992   ";Automóvel;I/VW JETTA 2.0;"2011      ";Passageiro;Lesões Leves;"22   ";Feminino;"0 ";"1    ";"0    ";"0    ";-15.7870660;-48.1407090;SPRF-DF;DEL03-DF;UOP02-DEL03-DF 
577517;"1283971   ";2024-01-28;domingo;04:39:00;DF;"70   ";"10   ";BRASILIA;Não;Velocidade Incompatível;1;Saída de leito carroçável;Com Vítimas Feridas;Plena Noite;Crescente;Chuva;Dupla;Reta;Sim  ;"1028992   ";Automóvel;I/VW JETTA 2.0;"2011      ";Condutor;Ileso;"27   ";Masculino;"1 ";"0    ";"0    ";"0    ";-15.7870660;-48.1407090;SPRF-DF;DEL03-DF;UOP02-DEL03-DF 