id;pesid;data_inversa;dia_semana;horario;uf;br;km;municipio;causa_principal;causa_acidente;ordem_tipo_acidente;tipo_acidente;classificacao_acidente;fase_dia;sentido_via;condicao_metereologica;tipo_pista;tracado_via;uso_solo;id_veiculo;tipo_veiculo;marca;ano_fabricacao_veiculo;tipo_envolvido;estado_fisico;idade;sexo;ilesos;feridos_leves;feridos_graves;mortos;latitude;longitude;regional;delegacia;uop
577517;"1283972   ";2024-01-28;domingo;04:39:00;DF;"70   ";"10   ";BRASILIA;Não;Velocidade Incompatível;1;Saída de leito carroçável;Com Vítimas Feridas;Plena Noite;Crescente;Chuva;Dupla;Reta;Sim  ;"1028992   ";Automóvel;I/VW JETTA 2.0;"2011      ";Passageiro;Lesões Leves;"22   ";Feminino;"0 ";"1    ";"0    ";"0    ";-15.7870660;-48.1407090;SPRF-DF;DEL03-DF;UOP02-DEL03-DF 
577517;"1283971   ";2024-01-28;domingo;04:39:00;DF;"70   ";"10   ";BRASILIA;Não;Reação tardia ou ineficiente do condutor;1;Saída de leito carroçável;Com Vítimas Feridas;Plena Noite;Crescente;Chuva;Dupla;Reta;Sim  ;"1028992   ";Automóvel;I/VW JETTA 2.0;"2011      ";Condutor;Ileso;"27   ";Masculino;"1 ";"0    ";"0    ";"0    ";-15.7870660;-48.1407090;SPRF-DF;DEL03-DF;UOP02-DEL03-DF 
577517;"1283972   ";2024-01-28;domingo;04:39:00;DF;"70   ";"10   ";BRASILIA;Não;Reação tardia ou ineficiente do condutor;1;Saída de leito carroçável;Com Vítimas Feridas;Plena Noite;Crescente;Chuva;Dupla;Reta;Sim  ;"1028992   ";Automóvel;I/VW JETTA 2.0;"2011      ";Passageiro;Lesões Leves;"22   ";Feminino;"0 ";"1    ";"0    ";"0    ";-15.7870660;-48.1407090;SPRF-DF;DEL03-DF;UOP02-DEL03-DF 
577517;"1283971   ";2024-01-28;domingo;04:39:00;DF;"70   ";"10   ";BRASILIA;Sim;Acumulo de água sobre o pavimento;1;Saída de leito carroçável;Com Vítimas Feridas;Plena Noite;Crescente;Chuva;Dupla;Reta;Sim  ;"1028992   ";Automóvel;I/VW JETTA 2.0;"2011      ";Condutor;Ileso;"27   ";Masculino;"1 ";"0    ";"0    ";"0    ";-15.7870660;-48.1407090;SPRF-DF;DEL03-DF;UOP02-DEL03-DF 
577517;"1283972   ";2024-01-28;domingo;04:39:00;DF;"70   ";"10   ";BRASILIA;Sim;Acumulo de água sobre o pavimento;1;Saída de leito carroçável;Com Vítimas Feridas;Plena Noite;Crescente;Chuva;Dupla;Reta;Sim  ;"1028992   ";Automóvel;I/VW JETTA 2.0;"2011      ";Passageiro;Lesões Leves;"22   ";Feminino;"0 ";"1    ";"0    ";"0    ";-15.7870660;-48.1407090;SPRF-DF;DEL03-DF;UOP02-DEL03-DF 
577523;"1284040   ";2024-01-28;domingo;04:15:00;GO;"40   ";"44   ";LUZIANIA;Sim;Manobra de mudança de faixa;1;Colisão frontal;Com Vítimas Feridas;Plena Noite;Decrescente;Nublado;Simples;"Declive;Reta";Não  ;"1029049   ";Automóvel;FIAT/PALIO WK ADVEN FLEX;"2010      ";Condutor;Ileso;"42   ";Masculino;"1 ";"0    ";"0    ";"0    ";-16.3931430;-47.8248690;SPRF-DF;DEL01-DF;UOP02-DEL01-DF 
577523;"1284039   ";2024-01-28;domingo;04:15:00;GO;"40   ";"44   ";LUZIANIA;Sim;Manobra de mudança de faixa;1;Colisão frontal;Com Vítimas Feridas;Plena Noite;Decrescente;Nublado;Simples;"Declive;Reta";Não  ;"1029045   ";Automóvel;VW/NOVO GOL 1.0;"2012      ";Condutor;Lesões Leves;"26   ";Feminino;"0 ";"1    ";"0    ";"0    ";-16.3931430;-47.8248690;SPRF-DF;DEL01-DF;UOP02-DEL01-DF 
577523;"1285923   ";2024-01-28;domingo;04:15:00;GO;"40   ";"44   ";LUZIANIA;Sim;Manobra de mudança de faixa;1;Colisão frontal;Com Vítimas Feridas;Plena Noite;Decrescente;Nublado;Simples;"Declive;Reta";Não  ;"1030496   ";Ônibus;Não Informado/Não Informado;"0         ";Condutor;Ileso;"0    ";Ignorado;"1 ";"0    ";"0    ";"0    ";-16.3931430;-47.8248690;SPRF-DF;DEL01-DF;UOP02-DEL01-DF 
577549;"1284177   ";2024-01-28;domingo;07:25:00;GO;"40   ";"12,6 ";LUZIANIA;Sim;Ingestão de álcool pelo condutor;1;Colisão traseira;Sem Vítimas;Pleno dia;Crescente;Céu Claro;Dupla;Reta;Sim  ;"1029139   ";Automóvel;GM/CLASSIC SPIRIT;"2008      ";Condutor;Ileso;"21   ";Masculino;"1 ";"0    ";"0    ";"0    ";-16.1451230;-47.9453820;SPRF-DF;DEL01-DF;UOP01-DEL01-DF 
577549;"1284176   ";2024-01-28;domingo;07:25:00;GO;"40   ";"12,6 ";LUZIANIA;Sim;Ingestão de álcool pelo condutor;1;Colisão traseira;Sem Vítimas;Pleno dia;Crescente;Céu Claro;Dupla;Reta;Sim  ;"1029138   ";Automóvel;FIAT/PUNTO ATTRACTIVE;"2015      ";Condutor;Ileso;"37   ";Feminino;"1 ";"0    ";"0    ";"0    ";-16.1451230;-47.9453820;SPRF-DF;DEL01-DF;UOP01-DEL01-DF 
577625;"1284425   ";2024-01-28;domingo;17:10:00;GO;"70   ";"29   ";COCALZINHO DE GOIAS;Não;Acumulo de água sobre o pavimento;2;Colisão com objeto;Com Vítimas Feridas;Anoitecer;Crescente;Nublado;Simples;Curva;Não  ;"1029302   ";Automóvel;HONDA/CIVIC LXR;"2013      ";Passageiro;Ileso;"27   ";Masculino;"1 ";"0    ";"0    ";"0    ";-15.7639611;-48.4429058;SPRF-DF;DEL03-DF;UOP02-DEL03-DF 
577625;"1284422   ";2024-01-28;domingo;17:10:00;GO;"70   ";"29   ";COCALZINHO DE GOIAS;Não;Acumulo de água sobre o pavimento;2;Colisão com objeto;Com Vítimas Feridas;Anoitecer;Crescente;Nublado;Simples;Curva;Não  ;"1029302   ";Automóvel;HONDA/CIVIC LXR;"2013      ";Condutor;Lesões Leves;"48   ";Masculino;"0 ";"1    ";"0    ";"0    ";-15.7639611;-48.4429058;SPRF-DF;DEL03-DF;UOP02-DEL03-DF 
577625;"1284425   ";2024-01-28;domingo;17:10:00;GO;"70   ";"29   ";COCALZINHO DE GOIAS;Não;Ingestão de álcool pelo condutor;2;Colisão com objeto;Com Vítimas Feridas;Anoitecer;Crescente;Nublado;Simples;Curva;Não  ;"1029302   ";Automóvel;HONDA/CIVIC LXR;"2013      ";Passageiro;Ileso;"27   ";Masculino;"1 ";"0    ";"0    ";"0    ";-15.7639611;-48.4429058;SPRF-DF;DEL03-DF;UOP02-DEL03-DF 
577625;"1284422   ";2024-01-28;domingo;17:10:00;GO;"70   ";"29   ";COCALZINHO DE GOIAS;Não;Ingestão de álcool pelo condutor;2;Colisão com objeto;Com Vítimas Feridas;Anoitecer;Crescente;Nublado;Simples;Curva;Não  ;"1029302   ";Automóvel;HONDA/CIVIC LXR;"2013      ";Condutor;Lesões Leves;"48   ";Masculino;"0 ";"1    ";"0    ";"0    ";-15.7639611;-48.4429058;SPRF-DF;DEL03-DF;UOP02-DEL03-DF 
577625;"1284425   ";2024-01-28;domingo;17:10:00;GO;"70   ";"29   ";COCALZINHO DE GOIAS;Sim;Velocidade Incompatível;2;Colisão com objeto;Com Vítimas Feridas;Anoitecer;Crescente;Nublado;Simples;Curva;Não  ;"1029302   ";Automóvel;HONDA/CIVIC LXR;"2013      ";Passageiro;Ileso;"27   ";Masculino;"1 ";"0    ";"0    ";"0    ";-15.7639611;-48.4429058;SPRF-DF;DEL03-DF;UOP02-DEL03-DF 
577625;"1284422   ";2024-01-28;domingo;17:10:00;GO;"70   ";"29   ";COCALZINHO DE GOIAS;Sim;Velocidade Incompatível;2;Colisão com objeto;Com Vítimas Feridas;Anoitecer;Crescente;Nublado;Simples;Curva;Não  ;"1029302   ";Automóvel;HONDA/CIVIC LXR;"2013      ";Condutor;Lesões Leves;"48   ";Masculino;"0 ";"1    ";"0    ";"0    ";-15.7639611;-48.4429058;SPRF-DF;DEL03-DF;UOP02-DEL03-DF 
577625;"1284425   ";2024-01-28;domingo;17:10:00;GO;"70   ";"29   ";COCALZINHO DE GOIAS;Não;Acumulo de água sobre o pavimento;1;Saída de leito carroçável;Com Vítimas Feridas;Anoitecer;Crescente;Nublado;Simples;Curva;Não  ;"1029302   ";Automóvel;HONDA/CIVIC LXR;"2013      ";Passageiro;Ileso;"27   ";Masculino;"1 ";"0    ";"0    ";"0    ";-15.7639611;-48.4429058;SPRF-DF;DEL03-DF;UOP02-DEL03-DF 
577625;"1284422   ";2024-01-28;domingo;17:10:00;GO;"70   ";"29   ";COCALZINHO DE GOIAS;Não;Acumulo de água sobre o pavimento;1;Saída de leito carroçável;Com Vítimas Feridas;Anoitecer;Crescente;Nublado;Simples;Curva;Não  ;"1029302   ";Automóvel;HONDA/CIVIC LXR;"2013      ";Condutor;Lesões Leves;"48   ";Masculino;"0 ";"1    ";"0    ";"0    ";-15.7639611;-48.4429058;SPRF-DF;DEL03-DF;UOP02-DEL03-DF 
577625;"1284425   ";2024-01-28;domingo;17:10:00;GO;"70   ";"29   ";COCALZINHO DE GOIAS;Não;Ingestão de álcool pelo condutor;1;Saída de leito carroçável;Com Vítimas Feridas;Anoitecer;Crescente;Nublado;Simples;Curva;Não  ;"1029302   ";Automóvel;HONDA/CIVIC LXR;"2013      ";Passageiro;Ileso;"27   ";Masculino;"1 ";"0    ";"0    ";"0    ";-15.7639611;-48.4429058;SPRF-DF;DEL03-DF;UOP02-DEL03-DF 
577625;"1284422   ";2024-01-28;domingo;17:10:00;GO;"70   ";"29   ";COCALZINHO DE GOIAS;Não;Ingestão de álcool pelo condutor;1;Saída de leito carroçável;Com Vítimas Feridas;Anoitecer;Crescente;Nublado;Simples;Curva;Não  ;"1029302   ";Automóvel;HONDA/CIVIC LXR;"2013      ";Condutor;Lesões Leves;"48   ";Masculino;"0 ";"1    ";"0    ";"0    ";-15.7639611;-48.4429058;SPRF-DF;DEL03-DF;UOP02-DEL03-DF 
577625;"1284425   ";2024-01-28;domingo;17:10:00;GO;"70   ";"29   ";COCALZINHO DE GOIAS;Sim;Velocidade Incompatível;1;Saída de leito carroçável;Com Vítimas Feridas;Anoitecer;Crescente;Nublado;Simples;Curva;Não  ;"1029302   ";Automóvel;HONDA/CIVIC LXR;"2013      ";Passageiro;Ileso;"27   ";Masculino;"1 ";"0    ";"0    ";"0    ";-15.7639611;-48.4429058;SPRF-DF;DEL03-DF;UOP02-DEL03-DF 
577625;"1284422   ";2024-01-28;domingo;17:10:00;GO;"70   ";"29   ";COCALZINHO DE GOIAS;Sim;Velocidade Incompatível;1;Saída de leito carroçável;Com Vítimas Feridas;Anoitecer;Crescente;Nublado;Simples;Curva;Não  ;"1029302   ";Automóvel;HONDA/CIVIC LXR;"2013      ";Condutor;Lesões Leves;"48   ";Masculino;"0 ";"1    ";"0    ";"0    ";-15.7639611;-48.4429058;SPRF-DF;DEL03-DF;UOP02-DEL03-DF 
577644;"1284354   ";2024-01-28;domingo;18:10:00;GO;"60   ";"18,5 ";ALEXANIA;Sim;Reação tardia ou ineficiente do condutor;1;Capotamento;Sem Vítimas;Anoitecer;Crescente;Céu Claro;Dupla;Reta;Sim  ;"1029243   ";Caminhonete;FIAT/STRADA TREK CE FLEX;"2007      ";Condutor;Ileso;"53   ";Masculino;"1 ";"0    ";"0    ";"0    ";-16.0963000;-48.5202000;SPRF-DF;DEL03-DF;UOP01-DEL03-DF 
577644;"1284357   ";2024-01-28;domingo;18:10:00;GO;"60   ";"18,5 ";ALEXANIA;Sim;Reação tardia ou ineficiente do condutor;1;Capotamento;Sem Vítimas;Anoitecer;Crescente;Céu Claro;Dupla;Reta;Sim  ;"1029243   ";Caminhonete;FIAT/STRADA TREK CE FLEX;"2007      ";Passageiro;Ileso;"54   ";Feminino;"1 ";"0    ";"0    ";"0    ";-16.0963000;-48.5202000;SPRF-DF;DEL03-DF;UOP01-DEL03-DF 
577663;"1284503   ";2024-01-28;domingo;19:50:00;GO;"60   ";"8,5  ";SANTO ANTONIO DO DESCOBERTO;Sim;Avarias e/ou desgaste excessivo no pneu;2;Capotamento;Com Vítimas Feridas;Plena Noite;Crescente;Céu Claro;Dupla;"Aclive;Curva;Em Obras";Não  ;"1029359   ";Automóvel;GM/CLASSIC LIFE;"2009      ";Condutor;Lesões Leves;"69   ";Masculino;"0 ";"1    ";"0    ";"0    ";-16.1120820;-48.3054850;SPRF-DF;DEL03-DF;UOP01-DEL03-DF 
577663;"1284503   ";2024-01-28;domingo;19:50:00;GO;"60   ";"8,5  ";SANTO ANTONIO DO DESCOBERTO;Sim;Avarias e/ou desgaste excessivo no pneu;1;Saída de leito carroçável;Com Vítimas Feridas;Plena Noite;Crescente;Céu Claro;Dupla;"Aclive;Curva;Em Obras";Não  ;"1029359   ";Automóvel;GM/CLASSIC LIFE;"2009      ";Condutor;Lesões Leves;"69   ";Masculino;"0 ";"1    ";"0    ";"0    ";-16.1120820;-48.3054850;SPRF-DF;DEL03-DF;UOP01-DEL03-DF 
577713;"1284466   ";2024-01-28;domingo;19:20:00;GO;"414  ";"428,3";ABADIANIA;Sim;Reação tardia ou ineficiente do condutor;2;Capotamento;Com Vítimas Feridas;Anoitecer;Decrescente;Céu Claro;Simples;Reta;Não  ;"1029330   ";Automóvel;FIAT/PALIO FIRE ECONOMY;"2010      ";Condutor;Lesões Leves;"26   ";Feminino;"0 ";"1    ";"0    ";"0    ";-16.1860590;-48.9039320;SPRF-GO;DEL02-GO;UOP01-DEL02-GO 
577713;"1286341   ";2024-01-28;domingo;19:20:00;GO;"414  ";"428,3";ABADIANIA;Sim;Reação tardia ou ineficiente do condutor;2;Capotamento;Com Vítimas Feridas;Anoitecer;Decrescente;Céu Claro;Simples;Reta;Não  ;"1029330   ";Automóvel;FIAT/PALIO FIRE ECONOMY;"2010      ";Passageiro;Ileso;"4    ";Masculino;"1 ";"0    ";"0    ";"0    ";-16.1860590;-48.9039320;SPRF-GO;DEL02-GO;UOP01-DEL02-GO 
577713;"1284466   ";2024-01-28;domingo;19:20:00;GO;"414  ";"428,3";ABADIANIA;Sim;Reação tardia ou ineficiente do condutor;1;Saída de leito carroçável;Com Vítimas Feridas;Anoitecer;Decrescente;Céu Claro;Simples;Reta;Não  ;"1029330   ";Automóvel;FIAT/PALIO FIRE ECONOMY;"2010      ";Condutor;Lesões Leves;"26   ";Feminino;"0 ";"1    ";"0    ";"0    ";-16.1860590;-48.9039320;SPRF-GO;DEL02-GO;UOP01-DEL02-GO 
577713;"1286341   ";2024-01-28;domingo;19:20:00;GO;"414  ";"428,3";ABADIANIA;Sim;Reação tardia ou ineficiente do condutor;1;Saída de leito carroçável;Com Vítimas Feridas;Anoitecer;Decrescente;Céu Claro;Simples;Reta;Não  ;"1029330   ";Automóvel;FIAT/PALIO FIRE ECONOMY;"2010      ";Passageiro;Ileso;"4    ";Masculino;"1 ";"0    ";"0    ";"0    ";-16.1860590;-48.9039320;SPRF-GO;DEL02-GO;UOP01-DEL02-GO 
577755;"1284571   ";2024-01-29;segunda-feira;00:15:00;DF;"70   ";"15   ";BRASILIA;Sim;Reação tardia ou ineficiente do condutor;1;Saída de leito carroçável;Com Vítimas Feridas;Plena Noite;Crescente;Céu Claro;Dupla;Reta;Não  ;"1029406   ";Automóvel;FIAT/UNO MILLE WAY ECON;"2008      ";Condutor;Lesões Leves;"38   ";Masculino;"0 ";"1    ";"0    ";"0    ";-15.7988880;-48.1850430;SPRF-DF;DEL03-DF;UOP02-DEL03-DF 
577828;"1285031   ";2024-01-29;segunda-feira;15:00:00;DF;"70   ";"14   ";BRASILIA;Sim;Pista Escorregadia;2;Queda de ocupante de veículo;Com Vítimas Feridas;Pleno dia;Crescente;Nublado;Dupla;Reta;Não  ;"1029800   ";Motocicleta;HONDA/CG 160 FAN;"2018      ";Condutor;Lesões Leves;"46   ";Masculino;"0 ";"1    ";"0    ";"0    ";-15.7973120;-48.1760560;SPRF-DF;DEL03-DF;UOP02-DEL03-DF 
577828;"1285031   ";2024-01-29;segunda-feira;15:00:00;DF;"70   ";"14   ";BRASILIA;Sim;Pista Escorregadia;1;Tombamento;Com Vítimas Feridas;Pleno dia;Crescente;Nublado;Dupla;Reta;Não  ;"1029800   ";Motocicleta;HONDA/CG 160 FAN;"2018      ";Condutor;Lesões Leves;"46   ";Masculino;"0 ";"1    ";"0    ";"0    ";-15.7973120;-48.1760560;SPRF-DF;DEL03-DF;UOP02-DEL03-DF 
577831;"1284850   ";2024-01-29;segunda-feira;13:33:00;DF;"20   ";"28   ";BRASILIA;Não;Problema com o freio;2;Derramamento de carga;Com Vítimas Feridas;Pleno dia;Crescente;Céu Claro;Dupla;Reta;Não  ;"1029634   ";Ônibus;M.BENZ/NEOBUS ROAD R;"2014      ";Condutor;Ileso;"54   ";Masculino;"1 ";"0    ";"0    ";"0    ";-15.5983190;-47.6219250;SPRF-DF;DEL02-DF;UOP01-DEL02-DF 
577831;"1284890   ";2024-01-29;segunda-feira;13:33:00;DF;"20   ";"28   ";BRASILIA;Não;Problema com o freio;2;Derramamento de carga;Com Vítimas Feridas;Pleno dia;Crescente;Céu Claro;Dupla;Reta;Não  ;"1029634   ";Ônibus;M.BENZ/NEOBUS ROAD R;"2014      ";Passageiro;Ileso;"63   ";Masculino;"1 ";"0    ";"0    ";"0    ";-15.5983190;-47.6219250;SPRF-DF;DEL02-DF;UOP01-DEL02-DF 
577831;"1284889   ";2024-01-29;segunda-feira;13:33:00;DF;"20   ";"28   ";BRASILIA;Não;Problema com o freio;2;Derramamento de carga;Com Vítimas Feridas;Pleno dia;Crescente;Céu Claro;Dupla;Reta;Não  ;"1029634   ";Ônibus;M.BENZ/NEOBUS ROAD R;"2014      ";Passageiro;Ileso;"55   ";Feminino;"1 ";"0    ";"0    ";"0    ";-15.5983190;-47.6219250;SPRF-DF;DEL02-DF;UOP01-DEL02-DF 
577831;"1284884   ";2024-01-29;segunda-feira;13:33:00;DF;"20   ";"28   ";BRASILIA;Não;Problema com o freio;2;Derramamento de carga;Com Vítimas Feridas;Pleno dia;Crescente;Céu Claro;Dupla;Reta;Não  ;"1029634   ";Ônibus;M.BENZ/NEOBUS ROAD R;"2014      ";Passageiro;Lesões Leves;"19   ";Feminino;"0 ";"1    ";"0    ";"0    ";-15.5983190;-47.6219250;SPRF-DF;DEL02-DF;UOP01-DEL02-DF 
577831;"1284895   ";2024-01-29;segunda-feira;13:33:00;DF;"20   ";"28   ";BRASILIA;Não;Problema com o freio;2;Derramamento de carga;Com Vítimas Feridas;Pleno dia;Crescente;Céu Claro;Dupla;Reta;Não  ;"1029634   ";Ônibus;M.BENZ/NEOBUS ROAD R;"2014      ";Passageiro;Ileso;"52   ";Masculino;"1 ";"0    ";"0    ";"0    ";-15.5983190;-47.6219250;SPRF-DF;DEL02-DF;UOP01-DEL02-DF 
577831;"1284891   ";2024-01-29;segunda-feira;13:33:00;DF;"20   ";"28   ";BRASILIA;Não;Problema com o freio;2;Derramamento de carga;Com Vítimas Feridas;Pleno dia;Crescente;Céu Claro;Dupla;Reta;Não  ;"1029634   ";Ônibus;M.BENZ/NEOBUS ROAD R;"2014      ";Passageiro;Ileso;"49   ";Masculino;"1 ";"0    ";"0    ";"0    ";-15.5983190;-47.6219250;SPRF-DF;DEL02-DF;UOP01-DEL02-DF 
577831;"1284888   ";2024-01-29;segunda-feira;13:33:00;DF;"20   ";"28   ";BRASILIA;Não;Problema com o freio;2;Derramamento de carga;Com Vítimas Feridas;Pleno dia;Crescente;Céu Claro;Dupla;Reta;Não  ;"1029634   ";Ônibus;M.BENZ/NEOBUS ROAD R;"2014      ";Passageiro;Ileso;"29   ";Masculino;"1 ";"0    ";"0    ";"0    ";-15.5983190;-47.6219250;SPRF-DF;DEL02-DF;UOP01-DEL02-DF 
577831;"1284887   ";2024-01-29;segunda-feira;13:33:00;DF;"20   ";"28   ";BRASILIA;Não;Problema com o freio;2;Derramamento de carga;Com Vítimas Feridas;Pleno dia;Crescente;Céu Claro;Dupla;Reta;Não  ;"1029634   ";Ônibus;M.BENZ/NEOBUS ROAD R;"2014      ";Passageiro;Ileso;"30   ";Masculino;"1 ";"0    ";"0    ";"0    ";-15.5983190;-47.6219250;SPRF-DF;DEL02-DF;UOP01-DEL02-DF 
577831;"1284883   ";2024-01-29;segunda-feira;13:33:00;DF;"20   ";"28   ";BRASILIA;Não;Problema com o freio;2;Derramamento de carga;Com Vítimas Feridas;Pleno dia;Crescente;Céu Claro;Dupla;Reta;Não  ;"1029634   ";Ônibus;M.BENZ/NEOBUS ROAD R;"2014      ";Passageiro;Lesões Leves;"43   ";Feminino;"0 ";"1    ";"0    ";"0    ";-15.5983190;-47.6219250;SPRF-DF;DEL02-DF;UOP01-DEL02-DF 
577831;"1284871   ";2024-01-29;segunda-feira;13:33:00;DF;"20   ";"28   ";BRASILIA;Não;Problema com o freio;2;Derramamento de carga;Com Vítimas Feridas;Pleno dia;Crescente;Céu Claro;Dupla;Reta;Não  ;"1029635   ";Caminhão;M.BENZ/ATEGO 2426;"2019      ";Condutor;Ileso;"46   ";Masculino;"1 ";"0    ";"0    ";"0    ";-15.5983190;-47.6219250;SPRF-DF;DEL02-DF;UOP01-DEL02-DF 
577831;"1284850   ";2024-01-29;segunda-feira;13:33:00;DF;"20   ";"28   ";BRASILIA;Sim;Ausência de reação do condutor;2;Derramamento de carga;Com Vítimas Feridas;Pleno dia;Crescente;Céu Claro;Dupla;Reta;Não  ;"1029634   ";Ônibus;M.BENZ/NEOBUS ROAD R;"2014      ";Condutor;Ileso;"54   ";Masculino;"1 ";"0    ";"0    ";"0    ";-15.5983190;-47.6219250;SPRF-DF;DEL02-DF;UOP01-DEL02-DF 
577831;"1284890   ";2024-01-29;segunda-feira;13:33:00;DF;"20   ";"28   ";BRASILIA;Sim;Ausência de reação do condutor;2;Derramamento de carga;Com Vítimas Feridas;Pleno dia;Crescente;Céu Claro;Dupla;Reta;Não  ;"1029634   ";Ônibus;M.BENZ/NEOBUS ROAD R;"2014      ";Passageiro;Ileso;"63   ";Masculino;"1 ";"0    ";"0    ";"0    ";-15.5983190;-47.6219250;SPRF-DF;DEL02-DF;UOP01-DEL02-DF 
577831;"1284889   ";2024-01-29;segunda-feira;13:33:00;DF;"20   ";"28   ";BRASILIA;Sim;Ausência de reação do condutor;2;Derramamento de carga;Com Vítimas Feridas;Pleno dia;Crescente;Céu Claro;Dupla;Reta;Não  ;"1029634   ";Ônibus;M.BENZ/NEOBUS ROAD R;"2014      ";Passageiro;Ileso;"55   ";Feminino;"1 ";"0    ";"0    ";"0    ";-15.5983190;-47.6219250;SPRF-DF;DEL02-DF;UOP01-DEL02-DF 
577831;"1284884   ";2024-01-29;segunda-feira;13:33:00;DF;"20   ";"28   ";BRASILIA;Sim;Ausência de reação do condutor;2;Derramamento de carga;Com Vítimas Feridas;Pleno dia;Crescente;Céu Claro;Dupla;Reta;Não  ;"1029634   ";Ônibus;M.BENZ/NEOBUS ROAD R;"2014      ";Passageiro;Lesões Leves;"19   ";Feminino;"0 ";"1    ";"0    ";"0    ";-15.5983190;-47.6219250;SPRF-DF;DEL02-DF;UOP01-DEL02-DF 
577831;"1284895   ";2024-01-29;segunda-feira;13:33:00;DF;"20   ";"28   ";BRASILIA;Sim;Ausência de reação do condutor;2;Derramamento de carga;Com Vítimas Feridas;Pleno dia;Crescente;Céu Claro;Dupla;Reta;Não  ;"1029634   ";Ônibus;M.BENZ/NEOBUS ROAD R;"2014      ";Passageiro;Ileso;"52   ";Masculino;"1 ";"0    ";"0    ";"0    ";-15.5983190;-47.6219250;SPRF-DF;DEL02-DF;UOP01-DEL02-DF 
577831;"1284891   ";2024-01-29;segunda-feira;13:33:00;DF;"20   ";"28   ";BRASILIA;Sim;Ausência de reação do condutor;2;Derramamento de carga;Com Vítimas Feridas;Pleno dia;Crescente;Céu Claro;Dupla;Reta;Não  ;"1029634   ";Ônibus;M.BENZ/NEOBUS ROAD R;"2014      ";Passageiro;Ileso;"49   ";Masculino;"1 ";"0    ";"0    ";"0    ";-15.5983190;-47.6219250;SPRF-DF;DEL02-DF;UOP01-DEL02-DF 
577831;"1284888   ";2024-01-29;segunda-feira;13:33:00;DF;"20   ";"28   ";BRASILIA;Sim;Ausência de reação do condutor;2;Derramamento de carga;Com Vítimas Feridas;Pleno dia;Crescente;Céu Claro;Dupla;Reta;Não  ;"1029634   ";Ônibus;M.BENZ/NEOBUS ROAD R;"2014      ";Passageiro;Ileso;"29   ";Masculino;"1 ";"0    ";"0    ";"0    ";-15.5983190;-47.6219250;SPRF-DF;DEL02-DF;UOP01-DEL02-DF 
577831;"1284887   ";2024-01-29;segunda-feira;13:33:00;DF;"20   ";"28   ";BRASILIA;Sim;Ausência de reação do condutor;2;Derramamento de carga;Com Vítimas Feridas;Pleno dia;Crescente;Céu Claro;Dupla;Reta;Não  ;"1029634   ";Ônibus;M.BENZ/NEOBUS ROAD R;"2014      ";Passageiro;Ileso;"30   ";Masculino;"1 ";"0    ";"0    ";"0    ";-15.5983190;-47.6219250;SPRF-DF;DEL02-DF;UOP01-DEL02-DF 
577831;"1284883   ";2024-01-29;segunda-feira;13:33:00;DF;"20   ";"28   ";BRASILIA;Sim;Ausência de reação do condutor;2;Derramamento de carga;Com Vítimas Feridas;Pleno dia;Crescente;Céu Claro;Dupla;Reta;Não  ;"1029634   ";Ônibus;M.BENZ/NEOBUS ROAD R;"2014      ";Passageiro;Lesões Leves;"43   ";Feminino;"0 ";"1    ";"0    ";"0    ";-15.5983190;-47.6219250;SPRF-DF;DEL02-DF;UOP01-DEL02-DF 
577831;"1284871   ";2024-01-29;segunda-feira;13:33:00;DF;"20   ";"28   ";BRASILIA;Sim;Ausência de reação do condutor;2;Derramamento de carga;Com Vítimas Feridas;Pleno dia;Crescente;Céu Claro;Dupla;Reta;Não  ;"1029635   ";Caminhão;M.BENZ/ATEGO 2426;"2019      ";Condutor;Ileso;"46   ";Masculino;"1 ";"0    ";"0    ";"0    ";-15.5983190;-47.6219250;SPRF-DF;DEL02-DF;UOP01-DEL02-DF 
577831;"1284850   ";2024-01-29;segunda-feira;13:33:00;DF;"20   ";"28   ";BRASILIA;Não;Problema com o freio;1;Colisão traseira;Com Vítimas Feridas;Pleno dia;Crescente;Céu Claro;Dupla;Reta;Não  ;"1029634   ";Ônibus;M.BENZ/NEOBUS ROAD R;"2014      ";Condutor;Ileso;"54   ";Masculino;"1 ";"0    ";"0    ";"0    ";-15.5983190;-47.6219250;SPRF-DF;DEL02-DF;UOP01-DEL02-DF 
577831;"1284890   ";2024-01-29;segunda-feira;13:33:00;DF;"20   ";"28   ";BRASILIA;Não;Problema com o freio;1;Colisão traseira;Com Vítimas Feridas;Pleno dia;Crescente;Céu Claro;Dupla;Reta;Não  ;"1029634   ";Ônibus;M.BENZ/NEOBUS ROAD R;"2014      ";Passageiro;Ileso;"63   ";Masculino;"1 ";"0    ";"0    ";"0    ";-15.5983190;-47.6219250;SPRF-DF;DEL02-DF;UOP01-DEL02-DF 
577831;"1284889   ";2024-01-29;segunda-feira;13:33:00;DF;"20   ";"28   ";BRASILIA;Não;Problema com o freio;1;Colisão traseira;Com Vítimas Feridas;Pleno dia;Crescente;Céu Claro;Dupla;Reta;Não  ;"1029634   ";Ônibus;M.BENZ/NEOBUS ROAD R;"2014      ";Passageiro;Ileso;"55   ";Feminino;"1 ";"0    ";"0    ";"0    ";-15.5983190;-47.6219250;SPRF-DF;DEL02-DF;UOP01-DEL02-DF 