id;pesid;data_inversa;dia_semana;horario;uf;br;km;municipio;causa_principal;causa_acidente;ordem_tipo_acidente;tipo_acidente;classificacao_acidente;fase_dia;sentido_via;condicao_metereologica;tipo_pista;tracado_via;uso_solo;id_veiculo;tipo_veiculo;marca;ano_fabricacao_veiculo;tipo_envolvido;estado_fisico;idade;sexo;ilesos;feridos_leves;feridos_graves;mortos;latitude;longitude;regional;delegacia;uop
577831;"1284884   ";2024-01-29;segunda-feira;13:33:00;DF;"20   ";"28   ";BRASILIA;Não;Problema com o freio;1;Colisão traseira;Com Vítimas Feridas;Pleno dia;Crescente;Céu Claro;Dupla;Reta;Não  ;"1029634   ";Ônibus;M.BENZ/NEOBUS ROAD R;"2014      ";Passageiro;Lesões Leves;"19   ";Feminino;"0 ";"1    ";"0    ";"0    ";-15.5983190;-47.6219250;SPRF-DF;DEL02-DF;UOP01-DEL02-DF 
577831;"1284895   ";2024-01-29;segunda-feira;13:33:00;DF;"20   ";"28   ";BRASILIA;Não;Problema com o freio;1;Colisão traseira;Com Vítimas Feridas;Pleno dia;Crescente;Céu Claro;Dupla;Reta;Não  ;"1029634   ";Ônibus;M.BENZ/NEOBUS ROAD R;"2014      ";Passageiro;Ileso;"52   ";Masculino;"1 ";"0    ";"0    ";"0    ";-15.5983190;-47.6219250;SPRF-DF;DEL02-DF;UOP01-DEL02-DF 
645045;"0         ";2024-11-29;sexta-feira;17:22:00;DF;"80   ";"26   ";BRASILIA;Não;Velocidade Incompatível;1;Colisão transversal;Com Vítimas Feridas;Pleno dia;Decrescente;Chuva;Simples;Curva;Não  ;"1159201   ";Reboque;R/RANDON RE DL;"2019      ";"0";"0";"0    ";"0";"0 ";"0    ";"0    ";"0    ";-15.6122590;-48.1980440;SPRF-DF;DEL03-DF;UOP02-DEL03-DF 
577831;"1284891   ";2024-01-29;segunda-feira;13:33:00;DF;"20   ";"28   ";BRASILIA;Não;Problema com o freio;1;Colisão traseira;Com Vítimas Feridas;Pleno dia;Crescente;Céu Claro;Dupla;Reta;Não  ;"1029634   ";Ônibus;M.BENZ/NEOBUS ROAD R;"2014      ";Passageiro;Ileso;"49   ";Masculino;"1 ";"0    ";"0    ";"0    ";-15.5983190;-47.6219250;SPRF-DF;DEL02-DF;UOP01-DEL02-DF 
577831;"1284888   ";2024-01-29;segunda-feira;13:33:00;DF;"20   ";"28   ";BRASILIA;Não;Problema com o freio;1;Colisão traseira;Com Vítimas Feridas;Pleno dia;Crescente;Céu Claro;Dupla;Reta;Não  ;"1029634   ";Ônibus;M.BENZ/NEOBUS ROAD R;"2014      ";Passageiro;Ileso;"29   ";Masculino;"1 ";"0    ";"0    ";"0    ";-15.5983190;-47.6219250;SPRF-DF;DEL02-DF;UOP01-DEL02-DF 
577831;"1284887   ";2024-01-29;segunda-feira;13:33:00;DF;"20   ";"28   ";BRASILIA;Não;Problema com o freio;1;Colisão traseira;Com Vítimas Feridas;Pleno dia;Crescente;Céu Claro;Dupla;Reta;Não  ;"1029634   ";Ônibus;M.BENZ/NEOBUS ROAD R;"2014      ";Passageiro;Ileso;"30   ";Masculino;"1 ";"0    ";"0    ";"0    ";-15.5983190;-47.6219250;SPRF-DF;DEL02-DF;UOP01-DEL02-DF 
577831;"1284883   ";2024-01-29;segunda-feira;13:33:00;DF;"20   ";"28   ";BRASILIA;Não;Problema com o freio;1;Colisão traseira;Com Vítimas Feridas;Pleno dia;Crescente;Céu Claro;Dupla;Reta;Não  ;"1029634   ";Ônibus;M.BENZ/NEOBUS ROAD R;"2014      ";Passageiro;Lesões Leves;"43   ";Feminino;"0 ";"1    ";"0    ";"0    ";-15.5983190;-47.6219250;SPRF-DF;DEL02-DF;UOP01-DEL02-DF 
577831;"1284871   ";2024-01-29;segunda-feira;13:33:00;DF;"20   ";"28   ";BRASILIA;Não;Problema com o freio;1;Colisão traseira;Com Vítimas Feridas;Pleno dia;Crescente;Céu Claro;Dupla;Reta;Não  ;"1029635   ";Caminhão;M.BENZ/ATEGO 2426;"2019      ";Condutor;Ileso;"46   ";Masculino;"1 ";"0    ";"0    ";"0    ";-15.5983190;-47.6219250;SPRF-DF;DEL02-DF;UOP01-DEL02-DF 
577831;"1284850   ";2024-01-29;segunda-feira;13:33:00;DF;"20   ";"28   ";BRASILIA;Sim;Ausência de reação do condutor;1;Colisão traseira;Com Vítimas Feridas;Pleno dia;Crescente;Céu Claro;Dupla;Reta;Não  ;"1029634   ";Ônibus;M.BENZ/NEOBUS ROAD R;"2014      ";Condutor;Ileso;"54   ";Masculino;"1 ";"0    ";"0    ";"0    ";-15.5983190;-47.6219250;SPRF-DF;DEL02-DF;UOP01-DEL02-DF 
577831;"1284890   ";2024-01-29;segunda-feira;13:33:00;DF;"20   ";"28   ";BRASILIA;Sim;Ausência de reação do condutor;1;Colisão traseira;Com Vítimas Feridas;Pleno dia;Crescente;Céu Claro;Dupla;Reta;Não  ;"1029634   ";Ônibus;M.BENZ/NEOBUS ROAD R;"2014      ";Passageiro;Ileso;"63   ";Masculino;"1 ";"0    ";"0    ";"0    ";-15.5983190;-47.6219250;SPRF-DF;DEL02-DF;UOP01-DEL02-DF 
577831;"1284889   ";2024-01-29;segunda-feira;13:33:00;DF;"20   ";"28   ";BRASILIA;Sim;Ausência de reação do condutor;1;Colisão traseira;Com Vítimas Feridas;Pleno dia;Crescente;Céu Claro;Dupla;Reta;Não  ;"1029634   ";Ônibus;M.BENZ/NEOBUS ROAD R;"2014      ";Passageiro;Ileso;"55   ";Feminino;"1 ";"0    ";"0    ";"0    ";-15.5983190;-47.6219250;SPRF-DF;DEL02-DF;UOP01-DEL02-DF 
577831;"1284884   ";2024-01-29;segunda-feira;13:33:00;DF;"20   ";"28   ";BRASILIA;Sim;Ausência de reação do condutor;1;Colisão traseira;Com Vítimas Feridas;Pleno dia;Crescente;Céu Claro;Dupla;Reta;Não  ;"1029634   ";Ônibus;M.BENZ/NEOBUS ROAD R;"2014      ";Passageiro;Lesões Leves;"19   ";Feminino;"0 ";"1    ";"0    ";"0    ";-15.5983190;-47.6219250;SPRF-DF;DEL02-DF;UOP01-DEL02-DF 
577831;"1284895   ";2024-01-29;segunda-feira;13:33:00;DF;"20   ";"28   ";BRASILIA;Sim;Ausência de reação do condutor;1;Colisão traseira;Com Vítimas Feridas;Pleno dia;Crescente;Céu Claro;Dupla;Reta;Não  ;"1029634   ";Ônibus;M.BENZ/NEOBUS ROAD R;"2014      ";Passageiro;Ileso;"52   ";Masculino;"1 ";"0    ";"0    ";"0    ";-15.5983190;-47.6219250;SPRF-DF;DEL02-DF;UOP01-DEL02-DF 
577831;"1284891   ";2024-01-29;segunda-feira;13:33:00;DF;"20   ";"28   ";BRASILIA;Sim;Ausência de reação do condutor;1;Colisão traseira;Com Vítimas Feridas;Pleno dia;Crescente;Céu Claro;Dupla;Reta;Não  ;"1029634   ";Ônibus;M.BENZ/NEOBUS ROAD R;"2014      ";Passageiro;Ileso;"49   ";Masculino;"1 ";"0    ";"0    ";"0    ";-15.5983190;-47.6219250;SPRF-DF;DEL02-DF;UOP01-DEL02-DF 
577831;"1284888   ";2024-01-29;segunda-feira;13:33:00;DF;"20   ";"28   ";BRASILIA;Sim;Ausência de reação do condutor;1;Colisão traseira;Com Vítimas Feridas;Pleno dia;Crescente;Céu Claro;Dupla;Reta;Não  ;"1029634   ";Ônibus;M.BENZ/NEOBUS ROAD R;"2014      ";Passageiro;Ileso;"29   ";Masculino;"1 ";"0    ";"0    ";"0    ";-15.5983190;-47.6219250;SPRF-DF;DEL02-DF;UOP01-DEL02-DF 
577831;"1284887   ";2024-01-29;segunda-feira;13:33:00;DF;"20   ";"28   ";BRASILIA;Sim;Ausência de reação do condutor;1;Colisão traseira;Com Vítimas Feridas;Pleno dia;Crescente;Céu Claro;Dupla;Reta;Não  ;"1029634   ";Ônibus;M.BENZ/NEOBUS ROAD R;"2014      ";Passageiro;Ileso;"30   ";Masculino;"1 ";"0    ";"0    ";"0    ";-15.5983190;-47.6219250;SPRF-DF;DEL02-DF;UOP01-DEL02-DF 
577831;"1284883   ";2024-01-29;segunda-feira;13:33:00;DF;"20   ";"28   ";BRASILIA;Sim;Ausência de reação do condutor;1;Colisão traseira;Com Vítimas Feridas;Pleno dia;Crescente;Céu Claro;Dupla;Reta;Não  ;"1029634   ";Ônibus;M.BENZ/NEOBUS ROAD R;"2014      ";Passageiro;Lesões Leves;"43   ";Feminino;"0 ";"1    ";"0    ";"0    ";-15.5983190;-47.6219250;SPRF-DF;DEL02-DF;UOP01-DEL02-DF 
577831;"1284871   ";2024-01-29;segunda-feira;13:33:00;DF;"20   ";"28   ";BRASILIA;Sim;Ausência de reação do condutor;1;Colisão traseira;Com Vítimas Feridas;Pleno dia;Crescente;Céu Claro;Dupla;Reta;Não  ;"1029635   ";Caminhão;M.BENZ/ATEGO 2426;"2019      ";Condutor;Ileso;"46   ";Masculino;"1 ";"0    ";"0    ";"0    ";-15.5983190;-47.6219250;SPRF-DF;DEL02-DF;UOP01-DEL02-DF 
577846;"1284957   ";2024-01-29;segunda-feira;16:18:00;GO;"414  ";"400  ";CORUMBA DE GOIAS;Sim;Ingestão de álcool pelo condutor;2;Saída de leito carroçável;Com Vítimas Feridas;Pleno dia;Decrescente;Céu Claro;Simples;"Aclive;Reta";Não  ;"1029727   ";Automóvel;VW/PARATI 1.8 TRACKFIELD;"2007      ";Passageiro;Lesões Leves;"27   ";Masculino;"0 ";"1    ";"0    ";"0    ";-15.9755659;-48.8256614;SPRF-GO;DEL02-GO;UOP01-DEL02-GO 
577846;"1284955   ";2024-01-29;segunda-feira;16:18:00;GO;"414  ";"400  ";CORUMBA DE GOIAS;Sim;Ingestão de álcool pelo condutor;2;Saída de leito carroçável;Com Vítimas Feridas;Pleno dia;Decrescente;Céu Claro;Simples;"Aclive;Reta";Não  ;"1029727   ";Automóvel;VW/PARATI 1.8 TRACKFIELD;"2007      ";Condutor;Ileso;"49   ";Masculino;"1 ";"0    ";"0    ";"0    ";-15.9755659;-48.8256614;SPRF-GO;DEL02-GO;UOP01-DEL02-GO 
577846;"1284949   ";2024-01-29;segunda-feira;16:18:00;GO;"414  ";"400  ";CORUMBA DE GOIAS;Sim;Ingestão de álcool pelo condutor;2;Saída de leito carroçável;Com Vítimas Feridas;Pleno dia;Decrescente;Céu Claro;Simples;"Aclive;Reta";Não  ;"1029726   ";Automóvel;FIAT/PALIO WK ADVEN FLEX;"2009      ";Passageiro;Lesões Graves;"74   ";Feminino;"0 ";"0    ";"1    ";"0    ";-15.9755659;-48.8256614;SPRF-GO;DEL02-GO;UOP01-DEL02-GO 
577846;"1284948   ";2024-01-29;segunda-feira;16:18:00;GO;"414  ";"400  ";CORUMBA DE GOIAS;Sim;Ingestão de álcool pelo condutor;2;Saída de leito carroçável;Com Vítimas Feridas;Pleno dia;Decrescente;Céu Claro;Simples;"Aclive;Reta";Não  ;"1029726   ";Automóvel;FIAT/PALIO WK ADVEN FLEX;"2009      ";Condutor;Lesões Leves;"71   ";Masculino;"0 ";"1    ";"0    ";"0    ";-15.9755659;-48.8256614;SPRF-GO;DEL02-GO;UOP01-DEL02-GO 
577846;"1284950   ";2024-01-29;segunda-feira;16:18:00;GO;"414  ";"400  ";CORUMBA DE GOIAS;Sim;Ingestão de álcool pelo condutor;2;Saída de leito carroçável;Com Vítimas Feridas;Pleno dia;Decrescente;Céu Claro;Simples;"Aclive;Reta";Não  ;"1029726   ";Automóvel;FIAT/PALIO WK ADVEN FLEX;"2009      ";Passageiro;Lesões Graves;"60   ";Feminino;"0 ";"0    ";"1    ";"0    ";-15.9755659;-48.8256614;SPRF-GO;DEL02-GO;UOP01-DEL02-GO 
577846;"1284953   ";2024-01-29;segunda-feira;16:18:00;GO;"414  ";"400  ";CORUMBA DE GOIAS;Sim;Ingestão de álcool pelo condutor;2;Saída de leito carroçável;Com Vítimas Feridas;Pleno dia;Decrescente;Céu Claro;Simples;"Aclive;Reta";Não  ;"1029726   ";Automóvel;FIAT/PALIO WK ADVEN FLEX;"2009      ";Passageiro;Ileso;"9    ";Feminino;"1 ";"0    ";"0    ";"0    ";-15.9755659;-48.8256614;SPRF-GO;DEL02-GO;UOP01-DEL02-GO 
577846;"1284952   ";2024-01-29;segunda-feira;16:18:00;GO;"414  ";"400  ";CORUMBA DE GOIAS;Sim;Ingestão de álcool pelo condutor;2;Saída de leito carroçável;Com Vítimas Feridas;Pleno dia;Decrescente;Céu Claro;Simples;"Aclive;Reta";Não  ;"1029726   ";Automóvel;FIAT/PALIO WK ADVEN FLEX;"2009      ";Passageiro;Lesões Leves;"59   ";Masculino;"0 ";"1    ";"0    ";"0    ";-15.9755659;-48.8256614;SPRF-GO;DEL02-GO;UOP01-DEL02-GO 
577846;"1284957   ";2024-01-29;segunda-feira;16:18:00;GO;"414  ";"400  ";CORUMBA DE GOIAS;Sim;Ingestão de álcool pelo condutor;1;Colisão transversal;Com Vítimas Feridas;Pleno dia;Decrescente;Céu Claro;Simples;"Aclive;Reta";Não  ;"1029727   ";Automóvel;VW/PARATI 1.8 TRACKFIELD;"2007      ";Passageiro;Lesões Leves;"27   ";Masculino;"0 ";"1    ";"0    ";"0    ";-15.9755659;-48.8256614;SPRF-GO;DEL02-GO;UOP01-DEL02-GO 
577846;"1284955   ";2024-01-29;segunda-feira;16:18:00;GO;"414  ";"400  ";CORUMBA DE GOIAS;Sim;Ingestão de álcool pelo condutor;1;Colisão transversal;Com Vítimas Feridas;Pleno dia;Decrescente;Céu Claro;Simples;"Aclive;Reta";Não  ;"1029727   ";Automóvel;VW/PARATI 1.8 TRACKFIELD;"2007      ";Condutor;Ileso;"49   ";Masculino;"1 ";"0    ";"0    ";"0    ";-15.9755659;-48.8256614;SPRF-GO;DEL02-GO;UOP01-DEL02-GO 
577846;"1284949   ";2024-01-29;segunda-feira;16:18:00;GO;"414  ";"400  ";CORUMBA DE GOIAS;Sim;Ingestão de álcool pelo condutor;1;Colisão transversal;Com Vítimas Feridas;Pleno dia;Decrescente;Céu Claro;Simples;"Aclive;Reta";Não  ;"1029726   ";Automóvel;FIAT/PALIO WK ADVEN FLEX;"2009      ";Passageiro;Lesões Graves;"74   ";Feminino;"0 ";"0    ";"1    ";"0    ";-15.9755659;-48.8256614;SPRF-GO;DEL02-GO;UOP01-DEL02-GO 
577846;"1284948   ";2024-01-29;segunda-feira;16:18:00;GO;"414  ";"400  ";CORUMBA DE GOIAS;Sim;Ingestão de álcool pelo condutor;1;Colisão transversal;Com Vítimas Feridas;Pleno dia;Decrescente;Céu Claro;Simples;"Aclive;Reta";Não  ;"1029726   ";Automóvel;FIAT/PALIO WK ADVEN FLEX;"2009      ";Condutor;Lesões Leves;"71   ";Masculino;"0 ";"1    ";"0    ";"0    ";-15.9755659;-48.8256614;SPRF-GO;DEL02-GO;UOP01-DEL02-GO 
577846;"1284950   ";2024-01-29;segunda-feira;16:18:00;GO;"414  ";"400  ";CORUMBA DE GOIAS;Sim;Ingestão de álcool pelo condutor;1;Colisão transversal;Com Vítimas Feridas;Pleno dia;Decrescente;Céu Claro;Simples;"Aclive;Reta";Não  ;"1029726   ";Automóvel;FIAT/PALIO WK ADVEN FLEX;"2009      ";Passageiro;Lesões Graves;"60   ";Feminino;"0 ";"0    ";"1    ";"0    ";-15.9755659;-48.8256614;SPRF-GO;DEL02-GO;UOP01-DEL02-GO 
577846;"1284953   ";2024-01-29;segunda-feira;16:18:00;GO;"414  ";"400  ";CORUMBA DE GOIAS;Sim;Ingestão de álcool pelo condutor;1;Colisão transversal;Com Vítimas Feridas;Pleno dia;Decrescente;Céu Claro;Simples;"Aclive;Reta";Não  ;"1029726   ";Automóvel;FIAT/PALIO WK ADVEN FLEX;"2009      ";Passageiro;Ileso;"9    ";Feminino;"1 ";"0    ";"0    ";"0    ";-15.9755659;-48.8256614;SPRF-GO;DEL02-GO;UOP01-DEL02-GO 
577846;"1284952   ";2024-01-29;segunda-feira;16:18:00;GO;"414  ";"400  ";CORUMBA DE GOIAS;Sim;Ingestão de álcool pelo condutor;1;Colisão transversal;Com Vítimas Feridas;Pleno dia;Decrescente;Céu Claro;Simples;"Aclive;Reta";Não  ;"1029726   ";Automóvel;FIAT/PALIO WK ADVEN FLEX;"2009      ";Passageiro;Lesões Leves;"59   ";Masculino;"0 ";"1    ";"0    ";"0    ";-15.9755659;-48.8256614;SPRF-GO;DEL02-GO;UOP01-DEL02-GO 
577870;"1285028   ";2024-01-29;segunda-feira;18:00:00;GO;"40   ";"5    ";VALPARAISO DE GOIAS;Sim;Acessar a via sem observar a presença dos outros veículos;2;Queda de ocupante de veículo;Com Vítimas Feridas;Anoitecer;Crescente;Céu Claro;Dupla;Retorno Regulamentado;Sim  ;"1029793   ";Motocicleta;YAMAHA/MT03 ABS;"2018      ";Condutor;Lesões Leves;"36   ";Masculino;"0 ";"1    ";"0    ";"0    ";-16.0931340;-47.9822360;SPRF-DF;DEL01-DF;UOP01-DEL01-DF 
577870;"1285029   ";2024-01-29;segunda-feira;18:00:00;GO;"40   ";"5    ";VALPARAISO DE GOIAS;Sim;Acessar a via sem observar a presença dos outros veículos;2;Queda de ocupante de veículo;Com Vítimas Feridas;Anoitecer;Crescente;Céu Claro;Dupla;Retorno Regulamentado;Sim  ;"1029795   ";Automóvel;I/PEUGEOT 307 16 PRES PK;"2004      ";Condutor;Ileso;"23   ";Feminino;"1 ";"0    ";"0    ";"0    ";-16.0931340;-47.9822360;SPRF-DF;DEL01-DF;UOP01-DEL01-DF 
577870;"1285028   ";2024-01-29;segunda-feira;18:00:00;GO;"40   ";"5    ";VALPARAISO DE GOIAS;Sim;Acessar a via sem observar a presença dos outros veículos;1;Colisão transversal;Com Vítimas Feridas;Anoitecer;Crescente;Céu Claro;Dupla;Retorno Regulamentado;Sim  ;"1029793   ";Motocicleta;YAMAHA/MT03 ABS;"2018      ";Condutor;Lesões Leves;"36   ";Masculino;"0 ";"1    ";"0    ";"0    ";-16.0931340;-47.9822360;SPRF-DF;DEL01-DF;UOP01-DEL01-DF 
577870;"1285029   ";2024-01-29;segunda-feira;18:00:00;GO;"40   ";"5    ";VALPARAISO DE GOIAS;Sim;Acessar a via sem observar a presença dos outros veículos;1;Colisão transversal;Com Vítimas Feridas;Anoitecer;Crescente;Céu Claro;Dupla;Retorno Regulamentado;Sim  ;"1029795   ";Automóvel;I/PEUGEOT 307 16 PRES PK;"2004      ";Condutor;Ileso;"23   ";Feminino;"1 ";"0    ";"0    ";"0    ";-16.0931340;-47.9822360;SPRF-DF;DEL01-DF;UOP01-DEL01-DF 
577880;"1285021   ";2024-01-29;segunda-feira;19:20:00;GO;"40   ";"12   ";LUZIANIA;Sim;Pedestre cruzava a pista fora da faixa;1;Atropelamento de Pedestre;Com Vítimas Feridas;Plena Noite;Decrescente;Nublado;Dupla;Reta;Sim  ;"1029786   ";Automóvel;I/FIAT SIENA ELX;"2000      ";Condutor;Ileso;"46   ";Masculino;"1 ";"0    ";"0    ";"0    ";-16.1451230;-47.9453820;SPRF-DF;DEL01-DF;UOP01-DEL01-DF 
577880;"1285053   ";2024-01-29;segunda-feira;19:20:00;GO;"40   ";"12   ";LUZIANIA;Sim;Pedestre cruzava a pista fora da faixa;1;Atropelamento de Pedestre;Com Vítimas Feridas;Plena Noite;Decrescente;Nublado;Dupla;Reta;Sim  ;"0         ";"0";NA/NA;"0         ";Pedestre;Lesões Leves;"25   ";Masculino;"0 ";"1    ";"0    ";"0    ";-16.1451230;-47.9453820;SPRF-DF;DEL01-DF;UOP01-DEL01-DF 
577901;"1284988   ";2024-01-29;segunda-feira;21:20:00;GO;"60   ";"32   ";ALEXANIA;Não;Velocidade Incompatível;1;Atropelamento de Pedestre;Com Vítimas Feridas;Plena Noite;Decrescente;Nublado;Dupla;Reta;Sim  ;"1029752   ";Automóvel;CHEVROLET/ONIX 1.0MT LT;"2018      ";Condutor;Ileso;"25   ";Masculino;"1 ";"0    ";"0    ";"0    ";-16.0963000;-48.5202000;SPRF-DF;DEL03-DF;UOP01-DEL03-DF 
577901;"1284990   ";2024-01-29;segunda-feira;21:20:00;GO;"60   ";"32   ";ALEXANIA;Não;Velocidade Incompatível;1;Atropelamento de Pedestre;Com Vítimas Feridas;Plena Noite;Decrescente;Nublado;Dupla;Reta;Sim  ;"0         ";"0";NA/NA;"0         ";Pedestre;Lesões Leves;"57   ";Feminino;"0 ";"1    ";"0    ";"0    ";-16.0963000;-48.5202000;SPRF-DF;DEL03-DF;UOP01-DEL03-DF 
577901;"1286530   ";2024-01-29;segunda-feira;21:20:00;GO;"60   ";"32   ";ALEXANIA;Não;Velocidade Incompatível;1;Atropelamento de Pedestre;Com Vítimas Feridas;Plena Noite;Decrescente;Nublado;Dupla;Reta;Sim  ;"0         ";"0";NA/NA;"0         ";Pedestre;Lesões Graves;"39   ";Masculino;"0 ";"0    ";"1    ";"0    ";-16.0963000;-48.5202000;SPRF-DF;DEL03-DF;UOP01-DEL03-DF 
577901;"1284988   ";2024-01-29;segunda-feira;21:20:00;GO;"60   ";"32   ";ALEXANIA;Sim;Entrada inopinada do pedestre;1;Atropelamento de Pedestre;Com Vítimas Feridas;Plena Noite;Decrescente;Nublado;Dupla;Reta;Sim  ;"1029752   ";Automóvel;CHEVROLET/ONIX 1.0MT LT;"2018      ";Condutor;Ileso;"25   ";Masculino;"1 ";"0    ";"0    ";"0    ";-16.0963000;-48.5202000;SPRF-DF;DEL03-DF;UOP01-DEL03-DF 
577901;"1284990   ";2024-01-29;segunda-feira;21:20:00;GO;"60   ";"32   ";ALEXANIA;Sim;Entrada inopinada do pedestre;1;Atropelamento de Pedestre;Com Vítimas Feridas;Plena Noite;Decrescente;Nublado;Dupla;Reta;Sim  ;"0         ";"0";NA/NA;"0         ";Pedestre;Lesões Leves;"57   ";Feminino;"0 ";"1    ";"0    ";"0    ";-16.0963000;-48.5202000;SPRF-DF;DEL03-DF;UOP01-DEL03-DF 
577901;"1286530   ";2024-01-29;segunda-feira;21:20:00;GO;"60   ";"32   ";ALEXANIA;Sim;Entrada inopinada do pedestre;1;Atropelamento de Pedestre;Com Vítimas Feridas;Plena Noite;Decrescente;Nublado;Dupla;Reta;Sim  ;"0         ";"0";NA/NA;"0         ";Pedestre;Lesões Graves;"39   ";Masculino;"0 ";"0    ";"1    ";"0    ";-16.0963000;-48.5202000;SPRF-DF;DEL03-DF;UOP01-DEL03-DF 
577928;"1285023   ";2024-01-30;terça-feira;00:30:00;GO;"80   ";"134  ";BARRO ALTO;Não;Reação tardia ou ineficiente do condutor;1;Colisão traseira;Sem Vítimas;Pleno dia;Crescente;Céu Claro;Simples;Reta;Sim  ;"1029788   ";Automóvel;VW/VOYAGE 1.0;"2009      ";Condutor;Ileso;"54   ";Masculino;"1 ";"0    ";"0    ";"0    ";-14.9660133;-48.9344788;SPRF-GO;DEL07-GO;UOP02-DEL07-GO 
577928;"1286628   ";2024-01-30;terça-feira;00:30:00;GO;"80   ";"134  ";BARRO ALTO;Não;Reação tardia ou ineficiente do condutor;1;Colisão traseira;Sem Vítimas;Pleno dia;Crescente;Céu Claro;Simples;Reta;Sim  ;"1029788   ";Automóvel;VW/VOYAGE 1.0;"2009      ";Passageiro;Ileso;"54   ";Feminino;"1 ";"0    ";"0    ";"0    ";-14.9660133;-48.9344788;SPRF-GO;DEL07-GO;UOP02-DEL07-GO 
577928;"0         ";2024-01-30;terça-feira;00:30:00;GO;"80   ";"134  ";BARRO ALTO;Não;Reação tardia ou ineficiente do condutor;1;Colisão traseira;Sem Vítimas;Pleno dia;Crescente;Céu Claro;Simples;Reta;Sim  ;"1031041   ";Semireboque;SR/FACCHINI SRF CB;"2021      ";"0";"0";"0    ";"0";"0 ";"0    ";"0    ";"0    ";-14.9660133;-48.9344788;SPRF-GO;DEL07-GO;UOP02-DEL07-GO 
577928;"1285022   ";2024-01-30;terça-feira;00:30:00;GO;"80   ";"134  ";BARRO ALTO;Não;Reação tardia ou ineficiente do condutor;1;Colisão traseira;Sem Vítimas;Pleno dia;Crescente;Céu Claro;Simples;Reta;Sim  ;"1029787   ";Caminhão-trator;M.BENZ/AXOR 2544 S;"2022      ";Condutor;Ileso;"50   ";Masculino;"1 ";"0    ";"0    ";"0    ";-14.9660133;-48.9344788;SPRF-GO;DEL07-GO;UOP02-DEL07-GO 
577928;"1285023   ";2024-01-30;terça-feira;00:30:00;GO;"80   ";"134  ";BARRO ALTO;Sim;Acessar a via sem observar a presença dos outros veículos;1;Colisão traseira;Sem Vítimas;Pleno dia;Crescente;Céu Claro;Simples;Reta;Sim  ;"1029788   ";Automóvel;VW/VOYAGE 1.0;"2009      ";Condutor;Ileso;"54   ";Masculino;"1 ";"0    ";"0    ";"0    ";-14.9660133;-48.9344788;SPRF-GO;DEL07-GO;UOP02-DEL07-GO 
577928;"1286628   ";2024-01-30;terça-feira;00:30:00;GO;"80   ";"134  ";BARRO ALTO;Sim;Acessar a via sem observar a presença dos outros veículos;1;Colisão traseira;Sem Vítimas;Pleno dia;Crescente;Céu Claro;Simples;Reta;Sim  ;"1029788   ";Automóvel;VW/VOYAGE 1.0;"2009      ";Passageiro;Ileso;"54   ";Feminino;"1 ";"0    ";"0    ";"0    ";-14.9660133;-48.9344788;SPRF-GO;DEL07-GO;UOP02-DEL07-GO 
577928;"0         ";2024-01-30;terça-feira;00:30:00;GO;"80   ";"134  ";BARRO ALTO;Sim;Acessar a via sem observar a presença dos outros veículos;1;Colisão traseira;Sem Vítimas;Pleno dia;Crescente;Céu Claro;Simples;Reta;Sim  ;"1031041   ";Semireboque;SR/FACCHINI SRF CB;"2021      ";"0";"0";"0    ";"0";"0 ";"0    ";"0    ";"0    ";-14.9660133;-48.9344788;SPRF-GO;DEL07-GO;UOP02-DEL07-GO 
577928;"1285022   ";2024-01-30;terça-feira;00:30:00;GO;"80   ";"134  ";BARRO ALTO;Sim;Acessar a via sem observar a presença dos outros veículos;1;Colisão traseira;Sem Vítimas;Pleno dia;Crescente;Céu Claro;Simples;Reta;Sim  ;"1029787   ";Caminhão-trator;M.BENZ/AXOR 2544 S;"2022      ";Condutor;Ileso;"50   ";Masculino;"1 ";"0    ";"0    ";"0    ";-14.9660133;-48.9344788;SPRF-GO;DEL07-GO;UOP02-DEL07-GO 
577955;"1285163   ";2024-01-30;terça-feira;08:41:00;GO;"40   ";"109  ";CRISTALINA;Sim;Condutor Dormindo;1;Saída de leito carroçável;Sem Vítimas;Pleno dia;Crescente;Céu Claro;Dupla;Reta;Não  ;"1029909   ";Caminhonete;VW/SAVEIRO 1.6 CS TROOP.;"2012      ";Condutor;Ileso;"23   ";Masculino;"1 ";"0    ";"0    ";"0    ";-16.8405320;-47.5176470;SPRF-DF;DEL01-DF;UOP02-DEL01-DF 
578064;"1285446   ";2024-01-30;terça-feira;17:59:00;DF;"70   ";"16   ";BRASILIA;Não;Acessar a via sem observar a presença dos outros veículos;2;Capotamento;Sem Vítimas;Anoitecer;Crescente;Nublado;Dupla;"Interseção de Vias;Rotatória";Sim  ;"1030136   ";Automóvel;HONDA/CIVIC LXR;"2015      ";Condutor;Ileso;"38   ";Masculino;"1 ";"0    ";"0    ";"0    ";-15.7961440;-48.1942250;SPRF-DF;DEL03-DF;UOP02-DEL03-DF 
578064;"1285449   ";2024-01-30;terça-feira;17:59:00;DF;"70   ";"16   ";BRASILIA;Não;Acessar a via sem observar a presença dos outros veículos;2;Capotamento;Sem Vítimas;Anoitecer;Crescente;Nublado;Dupla;"Interseção de Vias;Rotatória";Sim  ;"1030137   ";Automóvel;GM/CORSA WIND;"1994      ";Passageiro;Ileso;"63   ";Masculino;"1 ";"0    ";"0    ";"0    ";-15.7961440;-48.1942250;SPRF-DF;DEL03-DF;UOP02-DEL03-DF 
578064;"1285447   ";2024-01-30;terça-feira;17:59:00;DF;"70   ";"16   ";BRASILIA;Não;Acessar a via sem observar a presença dos outros veículos;2;Capotamento;Sem Vítimas;Anoitecer;Crescente;Nublado;Dupla;"Interseção de Vias;Rotatória";Sim  ;"1030137   ";Automóvel;GM/CORSA WIND;"1994      ";Condutor;Ileso;"52   ";Masculino;"1 ";"0    ";"0    ";"0    ";-15.7961440;-48.1942250;SPRF-DF;DEL03-DF;UOP02-DEL03-DF 