id;pesid;data_inversa;dia_semana;horario;uf;br;km;municipio;causa_principal;causa_acidente;ordem_tipo_acidente;tipo_acidente;classificacao_acidente;fase_dia;sentido_via;condicao_metereologica;tipo_pista;tracado_via;uso_solo;id_veiculo;tipo_veiculo;marca;ano_fabricacao_veiculo;tipo_envolvido;estado_fisico;idade;sexo;ilesos;feridos_leves;feridos_graves;mortos;latitude;longitude;regional;delegacia;uop
578064;"1285448   ";2024-01-30;terça-feira;17:59:00;DF;"70   ";"16   ";BRASILIA;Não;Acessar a via sem observar a presença dos outros veículos;2;Capotamento;Sem Vítimas;Anoitecer;Crescente;Nublado;Dupla;"Interseção de Vias;Rotatória";Sim  ;"1030137   ";Automóvel;GM/CORSA WIND;"1994      ";Passageiro;Ileso;"23   ";Masculino;"1 ";"0    ";"0    ";"0    ";-15.7961440;-48.1942250;SPRF-DF;DEL03-DF;UOP02-DEL03-DF 
578064;"1285446   ";2024-01-30;terça-feira;17:59:00;DF;"70   ";"16   ";BRASILIA;Não;Ingestão de álcool pelo condutor;2;Capotamento;Sem Vítimas;Anoitecer;Crescente;Nublado;Dupla;"Interseção de Vias;Rotatória";Sim  ;"1030136   ";Automóvel;HONDA/CIVIC LXR;"2015      ";Condutor;Ileso;"38   ";Masculino;"1 ";"0    ";"0    ";"0    ";-15.7961440;-48.1942250;SPRF-DF;DEL03-DF;UOP02-DEL03-DF 
578064;"1285449   ";2024-01-30;terça-feira;17:59:00;DF;"70   ";"16   ";BRASILIA;Não;Ingestão de álcool pelo condutor;2;Capotamento;Sem Vítimas;Anoitecer;Crescente;Nublado;Dupla;"Interseção de Vias;Rotatória";Sim  ;"1030137   ";Automóvel;GM/CORSA WIND;"1994      ";Passageiro;Ileso;"63   ";Masculino;"1 ";"0    ";"0    ";"0    ";-15.7961440;-48.1942250;SPRF-DF;DEL03-DF;UOP02-DEL03-DF 
578064;"1285447   ";2024-01-30;terça-feira;17:59:00;DF;"70   ";"16   ";BRASILIA;Não;Ingestão de álcool pelo condutor;2;Capotamento;Sem Vítimas;Anoitecer;Crescente;Nublado;Dupla;"Interseção de Vias;Rotatória";Sim  ;"1030137   ";Automóvel;GM/CORSA WIND;"1994      ";Condutor;Ileso;"52   ";Masculino;"1 ";"0    ";"0    ";"0    ";-15.7961440;-48.1942250;SPRF-DF;DEL03-DF;UOP02-DEL03-DF 
578064;"1285448   ";2024-01-30;terça-feira;17:59:00;DF;"70   ";"16   ";BRASILIA;Não;Ingestão de álcool pelo condutor;2;Capotamento;Sem Vítimas;Anoitecer;Crescente;Nublado;Dupla;"Interseção de Vias;Rotatória";Sim  ;"1030137   ";Automóvel;GM/CORSA WIND;"1994      ";Passageiro;Ileso;"23   ";Masculino;"1 ";"0    ";"0    ";"0    ";-15.7961440;-48.1942250;SPRF-DF;DEL03-DF;UOP02-DEL03-DF 
578064;"1285446   ";2024-01-30;terça-feira;17:59:00;DF;"70   ";"16   ";BRASILIA;Sim;Velocidade Incompatível;2;Capotamento;Sem Vítimas;Anoitecer;Crescente;Nublado;Dupla;"Interseção de Vias;Rotatória";Sim  ;"1030136   ";Automóvel;HONDA/CIVIC LXR;"2015      ";Condutor;Ileso;"38   ";Masculino;"1 ";"0    ";"0    ";"0    ";-15.7961440;-48.1942250;SPRF-DF;DEL03-DF;UOP02-DEL03-DF 
578064;"1285449   ";2024-01-30;terça-feira;17:59:00;DF;"70   ";"16   ";BRASILIA;Sim;Velocidade Incompatível;2;Capotamento;Sem Vítimas;Anoitecer;Crescente;Nublado;Dupla;"Interseção de Vias;Rotatória";Sim  ;"1030137   ";Automóvel;GM/CORSA WIND;"1994      ";Passageiro;Ileso;"63   ";Masculino;"1 ";"0    ";"0    ";"0    ";-15.7961440;-48.1942250;SPRF-DF;DEL03-DF;UOP02-DEL03-DF 
578064;"1285447   ";2024-01-30;terça-feira;17:59:00;DF;"70   ";"16   ";BRASILIA;Sim;Velocidade Incompatível;2;Capotamento;Sem Vítimas;Anoitecer;Crescente;Nublado;Dupla;"Interseção de Vias;Rotatória";Sim  ;"1030137   ";Automóvel;GM/CORSA WIND;"1994      ";Condutor;Ileso;"52   ";Masculino;"1 ";"0    ";"0    ";"0    ";-15.7961440;-48.1942250;SPRF-DF;DEL03-DF;UOP02-DEL03-DF 
578064;"1285448   ";2024-01-30;terça-feira;17:59:00;DF;"70   ";"16   ";BRASILIA;Sim;Velocidade Incompatível;2;Capotamento;Sem Vítimas;Anoitecer;Crescente;Nublado;Dupla;"Interseção de Vias;Rotatória";Sim  ;"1030137   ";Automóvel;GM/CORSA WIND;"1994      ";Passageiro;Ileso;"23   ";Masculino;"1 ";"0    ";"0    ";"0    ";-15.7961440;-48.1942250;SPRF-DF;DEL03-DF;UOP02-DEL03-DF 
578064;"1285446   ";2024-01-30;terça-feira;17:59:00;DF;"70   ";"16   ";BRASILIA;Não;Acessar a via sem observar a presença dos outros veículos;1;Colisão transversal;Sem Vítimas;Anoitecer;Crescente;Nublado;Dupla;"Interseção de Vias;Rotatória";Sim  ;"1030136   ";Automóvel;HONDA/CIVIC LXR;"2015      ";Condutor;Ileso;"38   ";Masculino;"1 ";"0    ";"0    ";"0    ";-15.7961440;-48.1942250;SPRF-DF;DEL03-DF;UOP02-DEL03-DF 
578064;"1285449   ";2024-01-30;terça-feira;17:59:00;DF;"70   ";"16   ";BRASILIA;Não;Acessar a via sem observar a presença dos outros veículos;1;Colisão transversal;Sem Vítimas;Anoitecer;Crescente;Nublado;Dupla;"Interseção de Vias;Rotatória";Sim  ;"1030137   ";Automóvel;GM/CORSA WIND;"1994      ";Passageiro;Ileso;"63   ";Masculino;"1 ";"0    ";"0    ";"0    ";-15.7961440;-48.1942250;SPRF-DF;DEL03-DF;UOP02-DEL03-DF 
578064;"1285447   ";2024-01-30;terça-feira;17:59:00;DF;"70   ";"16   ";BRASILIA;Não;Acessar a via sem observar a presença dos outros veículos;1;Colisão transversal;Sem Vítimas;Anoitecer;Crescente;Nublado;Dupla;"Interseção de Vias;Rotatória";Sim  ;"1030137   ";Automóvel;GM/CORSA WIND;"1994      ";Condutor;Ileso;"52   ";Masculino;"1 ";"0    ";"0    ";"0    ";-15.7961440;-48.1942250;SPRF-DF;DEL03-DF;UOP02-DEL03-DF 
578064;"1285448   ";2024-01-30;terça-feira;17:59:00;DF;"70   ";"16   ";BRASILIA;Não;Acessar a via sem observar a presença dos outros veículos;1;Colisão transversal;Sem Vítimas;Anoitecer;Crescente;Nublado;Dupla;"Interseção de Vias;Rotatória";Sim  ;"1030137   ";Automóvel;GM/CORSA WIND;"1994      ";Passageiro;Ileso;"23   ";Masculino;"1 ";"0    ";"0    ";"0    ";-15.7961440;-48.1942250;SPRF-DF;DEL03-DF;UOP02-DEL03-DF 
578064;"1285446   ";2024-01-30;terça-feira;17:59:00;DF;"70   ";"16   ";BRASILIA;Não;Ingestão de álcool pelo condutor;1;Colisão transversal;Sem Vítimas;Anoitecer;Crescente;Nublado;Dupla;"Interseção de Vias;Rotatória";Sim  ;"1030136   ";Automóvel;HONDA/CIVIC LXR;"2015      ";Condutor;Ileso;"38   ";Masculino;"1 ";"0    ";"0    ";"0    ";-15.7961440;-48.1942250;SPRF-DF;DEL03-DF;UOP02-DEL03-DF 
578064;"1285449   ";2024-01-30;terça-feira;17:59:00;DF;"70   ";"16   ";BRASILIA;Não;Ingestão de álcool pelo condutor;1;Colisão transversal;Sem Vítimas;Anoitecer;Crescente;Nublado;Dupla;"Interseção de Vias;Rotatória";Sim  ;"1030137   ";Automóvel;GM/CORSA WIND;"1994      ";Passageiro;Ileso;"63   ";Masculino;"1 ";"0    ";"0    ";"0    ";-15.7961440;-48.1942250;SPRF-DF;DEL03-DF;UOP02-DEL03-DF 
578064;"1285447   ";2024-01-30;terça-feira;17:59:00;DF;"70   ";"16   ";BRASILIA;Não;Ingestão de álcool pelo condutor;1;Colisão transversal;Sem Vítimas;Anoitecer;Crescente;Nublado;Dupla;"Interseção de Vias;Rotatória";Sim  ;"1030137   ";Automóvel;GM/CORSA WIND;"1994      ";Condutor;Ileso;"52   ";Masculino;"1 ";"0    ";"0    ";"0    ";-15.7961440;-48.1942250;SPRF-DF;DEL03-DF;UOP02-DEL03-DF 
578064;"1285448   ";2024-01-30;terça-feira;17:59:00;DF;"70   ";"16   ";BRASILIA;Não;Ingestão de álcool pelo condutor;1;Colisão transversal;Sem Vítimas;Anoitecer;Crescente;Nublado;Dupla;"Interseção de Vias;Rotatória";Sim  ;"1030137   ";Automóvel;GM/CORSA WIND;"1994      ";Passageiro;Ileso;"23   ";Masculino;"1 ";"0    ";"0    ";"0    ";-15.7961440;-48.1942250;SPRF-DF;DEL03-DF;UOP02-DEL03-DF 
578064;"1285446   ";2024-01-30;terça-feira;17:59:00;DF;"70   ";"16   ";BRASILIA;Sim;Velocidade Incompatível;1;Colisão transversal;Sem Vítimas;Anoitecer;Crescente;Nublado;Dupla;"Interseção de Vias;Rotatória";Sim  ;"1030136   ";Automóvel;HONDA/CIVIC LXR;"2015      ";Condutor;Ileso;"38   ";Masculino;"1 ";"0    ";"0    ";"0    ";-15.7961440;-48.1942250;SPRF-DF;DEL03-DF;UOP02-DEL03-DF 
578064;"1285449   ";2024-01-30;terça-feira;17:59:00;DF;"70   ";"16   ";BRASILIA;Sim;Velocidade Incompatível;1;Colisão transversal;Sem Vítimas;Anoitecer;Crescente;Nublado;Dupla;"Interseção de Vias;Rotatória";Sim  ;"1030137   ";Automóvel;GM/CORSA WIND;"1994      ";Passageiro;Ileso;"63   ";Masculino;"1 ";"0    ";"0    ";"0    ";-15.7961440;-48.1942250;SPRF-DF;DEL03-DF;UOP02-DEL03-DF 
578064;"1285447   ";2024-01-30;terça-feira;17:59:00;DF;"70   ";"16   ";BRASILIA;Sim;Velocidade Incompatível;1;Colisão transversal;Sem Vítimas;Anoitecer;Crescente;Nublado;Dupla;"Interseção de Vias;Rotatória";Sim  ;"1030137   ";Automóvel;GM/CORSA WIND;"1994      ";Condutor;Ileso;"52   ";Masculino;"1 ";"0    ";"0    ";"0    ";-15.7961440;-48.1942250;SPRF-DF;DEL03-DF;UOP02-DEL03-DF 
578064;"1285448   ";2024-01-30;terça-feira;17:59:00;DF;"70   ";"16   ";BRASILIA;Sim;Velocidade Incompatível;1;Colisão transversal;Sem Vítimas;Anoitecer;Crescente;Nublado;Dupla;"Interseção de Vias;Rotatória";Sim  ;"1030137   ";Automóvel;GM/CORSA WIND;"1994      ";Passageiro;Ileso;"23   ";Masculino;"1 ";"0    ";"0    ";"0    ";-15.7961440;-48.1942250;SPRF-DF;DEL03-DF;UOP02-DEL03-DF 
578086;"1285520   ";2024-01-30;terça-feira;20:50:00;GO;"20   ";"10   ";FORMOSA;Sim;Avarias e/ou desgaste excessivo no pneu;1;Capotamento;Sem Vítimas;Plena Noite;Crescente;Garoa/Chuvisco;Simples;Reta;Não  ;"1030199   ";Automóvel;FIAT/UNO MILLE ECONOMY;"2011      ";Condutor;Não Informado;"0    ";Não Informado;"0 ";"0    ";"0    ";"0    ";-15.5584470;-47.2661900;SPRF-DF;DEL02-DF;UOP02-DEL02-DF 
578114;"1285545   ";2024-01-31;quarta-feira;02:20:00;GO;"40   ";"1,5  ";VALPARAISO DE GOIAS;Sim;Condutor Dormindo;1;Colisão com objeto;Com Vítimas Feridas;Plena Noite;Crescente;Céu Claro;Dupla;Reta;Sim  ;"1030216   ";Automóvel;GM/CORSA HATCH;"2003      ";Condutor;Lesões Leves;"39   ";Masculino;"0 ";"1    ";"0    ";"0    ";-16.0582450;-47.9828250;SPRF-DF;DEL01-DF;UOP01-DEL01-DF 
578119;"1285609   ";2024-01-31;quarta-feira;04:54:00;DF;"70   ";"13   ";BRASILIA;Sim;Velocidade Incompatível;1;Colisão traseira;Sem Vítimas;Plena Noite;Crescente;Chuva;Dupla;Reta;Não  ;"1030257   ";Automóvel;FIAT/UNO MILLE;"1992      ";Condutor;Não Informado;"0    ";Não Informado;"0 ";"0    ";"0    ";"0    ";-15.7945580;-48.1665840;SPRF-DF;DEL03-DF;UOP02-DEL03-DF 
578119;"1285610   ";2024-01-31;quarta-feira;04:54:00;DF;"70   ";"13   ";BRASILIA;Sim;Velocidade Incompatível;1;Colisão traseira;Sem Vítimas;Plena Noite;Crescente;Chuva;Dupla;Reta;Não  ;"1030258   ";Automóvel;Não Informado/Não Informado;"0         ";Condutor;Não Informado;"0    ";Não Informado;"0 ";"0    ";"0    ";"0    ";-15.7945580;-48.1665840;SPRF-DF;DEL03-DF;UOP02-DEL03-DF 
578232;"1285922   ";2024-01-31;quarta-feira;18:40:00;GO;"40   ";"5    ";VALPARAISO DE GOIAS;Sim;Ausência de reação do condutor;2;Queda de ocupante de veículo;Com Vítimas Feridas;Plena Noite;Crescente;Céu Claro;Dupla;Reta;Sim  ;"1030497   ";Motocicleta;YAMAHA/FAZER250 BLUEFLEX;"2014      ";Condutor;Lesões Leves;"39   ";Masculino;"0 ";"1    ";"0    ";"0    ";-16.0931340;-47.9822360;SPRF-DF;DEL01-DF;UOP01-DEL01-DF 
578232;"1285922   ";2024-01-31;quarta-feira;18:40:00;GO;"40   ";"5    ";VALPARAISO DE GOIAS;Sim;Ausência de reação do condutor;1;Tombamento;Com Vítimas Feridas;Plena Noite;Crescente;Céu Claro;Dupla;Reta;Sim  ;"1030497   ";Motocicleta;YAMAHA/FAZER250 BLUEFLEX;"2014      ";Condutor;Lesões Leves;"39   ";Masculino;"0 ";"1    ";"0    ";"0    ";-16.0931340;-47.9822360;SPRF-DF;DEL01-DF;UOP01-DEL01-DF 
578298;"1286148   ";2024-02-01;quinta-feira;06:30:00;DF;"20   ";"3,5  ";BRASILIA;Não;Acumulo de água sobre o pavimento;1;Colisão com objeto;Sem Vítimas;Pleno dia;Decrescente;Chuva;Múltipla;"Declive;Ponte";Sim  ;"1030693   ";Automóvel;FORD/KA FLEX;"2008      ";Condutor;Ileso;"36   ";Feminino;"1 ";"0    ";"0    ";"0    ";-15.6798510;-47.8322110;SPRF-DF;DEL02-DF;UOP01-DEL02-DF 
578298;"1286342   ";2024-02-01;quinta-feira;06:30:00;DF;"20   ";"3,5  ";BRASILIA;Não;Acumulo de água sobre o pavimento;1;Colisão com objeto;Sem Vítimas;Pleno dia;Decrescente;Chuva;Múltipla;"Declive;Ponte";Sim  ;"1030693   ";Automóvel;FORD/KA FLEX;"2008      ";Passageiro;Ileso;"42   ";Masculino;"1 ";"0    ";"0    ";"0    ";-15.6798510;-47.8322110;SPRF-DF;DEL02-DF;UOP01-DEL02-DF 
578298;"1286343   ";2024-02-01;quinta-feira;06:30:00;DF;"20   ";"3,5  ";BRASILIA;Não;Acumulo de água sobre o pavimento;1;Colisão com objeto;Sem Vítimas;Pleno dia;Decrescente;Chuva;Múltipla;"Declive;Ponte";Sim  ;"1030693   ";Automóvel;FORD/KA FLEX;"2008      ";Passageiro;Ileso;"43   ";Masculino;"1 ";"0    ";"0    ";"0    ";-15.6798510;-47.8322110;SPRF-DF;DEL02-DF;UOP01-DEL02-DF 
578298;"1286148   ";2024-02-01;quinta-feira;06:30:00;DF;"20   ";"3,5  ";BRASILIA;Sim;Demais falhas mecânicas ou elétricas;1;Colisão com objeto;Sem Vítimas;Pleno dia;Decrescente;Chuva;Múltipla;"Declive;Ponte";Sim  ;"1030693   ";Automóvel;FORD/KA FLEX;"2008      ";Condutor;Ileso;"36   ";Feminino;"1 ";"0    ";"0    ";"0    ";-15.6798510;-47.8322110;SPRF-DF;DEL02-DF;UOP01-DEL02-DF 
578298;"1286342   ";2024-02-01;quinta-feira;06:30:00;DF;"20   ";"3,5  ";BRASILIA;Sim;Demais falhas mecânicas ou elétricas;1;Colisão com objeto;Sem Vítimas;Pleno dia;Decrescente;Chuva;Múltipla;"Declive;Ponte";Sim  ;"1030693   ";Automóvel;FORD/KA FLEX;"2008      ";Passageiro;Ileso;"42   ";Masculino;"1 ";"0    ";"0    ";"0    ";-15.6798510;-47.8322110;SPRF-DF;DEL02-DF;UOP01-DEL02-DF 
578298;"1286343   ";2024-02-01;quinta-feira;06:30:00;DF;"20   ";"3,5  ";BRASILIA;Sim;Demais falhas mecânicas ou elétricas;1;Colisão com objeto;Sem Vítimas;Pleno dia;Decrescente;Chuva;Múltipla;"Declive;Ponte";Sim  ;"1030693   ";Automóvel;FORD/KA FLEX;"2008      ";Passageiro;Ileso;"43   ";Masculino;"1 ";"0    ";"0    ";"0    ";-15.6798510;-47.8322110;SPRF-DF;DEL02-DF;UOP01-DEL02-DF 
578371;"1286151   ";2024-02-01;quinta-feira;07:35:00;DF;"20   ";"14   ";BRASILIA;Não;Ingestão de álcool pelo condutor;2;Queda de ocupante de veículo;Com Vítimas Feridas;Pleno dia;Decrescente;Nublado;Múltipla;"Aclive;Reta";Não  ;"1030695   ";Automóvel;VW/GOL 16V;"2000      ";Condutor;Ileso;"62   ";Masculino;"1 ";"0    ";"0    ";"0    ";-15.6349380;-47.7412410;SPRF-DF;DEL02-DF;UOP01-DEL02-DF 
578371;"1286153   ";2024-02-01;quinta-feira;07:35:00;DF;"20   ";"14   ";BRASILIA;Não;Ingestão de álcool pelo condutor;2;Queda de ocupante de veículo;Com Vítimas Feridas;Pleno dia;Decrescente;Nublado;Múltipla;"Aclive;Reta";Não  ;"1030696   ";Motocicleta;HONDA/CG 160 START;"2021      ";Condutor;Lesões Leves;"39   ";Masculino;"0 ";"1    ";"0    ";"0    ";-15.6349380;-47.7412410;SPRF-DF;DEL02-DF;UOP01-DEL02-DF 
578371;"1286151   ";2024-02-01;quinta-feira;07:35:00;DF;"20   ";"14   ";BRASILIA;Sim;Trafegar com motocicleta (ou similar) entre as faixas;2;Queda de ocupante de veículo;Com Vítimas Feridas;Pleno dia;Decrescente;Nublado;Múltipla;"Aclive;Reta";Não  ;"1030695   ";Automóvel;VW/GOL 16V;"2000      ";Condutor;Ileso;"62   ";Masculino;"1 ";"0    ";"0    ";"0    ";-15.6349380;-47.7412410;SPRF-DF;DEL02-DF;UOP01-DEL02-DF 
578371;"1286153   ";2024-02-01;quinta-feira;07:35:00;DF;"20   ";"14   ";BRASILIA;Sim;Trafegar com motocicleta (ou similar) entre as faixas;2;Queda de ocupante de veículo;Com Vítimas Feridas;Pleno dia;Decrescente;Nublado;Múltipla;"Aclive;Reta";Não  ;"1030696   ";Motocicleta;HONDA/CG 160 START;"2021      ";Condutor;Lesões Leves;"39   ";Masculino;"0 ";"1    ";"0    ";"0    ";-15.6349380;-47.7412410;SPRF-DF;DEL02-DF;UOP01-DEL02-DF 
578371;"1286151   ";2024-02-01;quinta-feira;07:35:00;DF;"20   ";"14   ";BRASILIA;Não;Ingestão de álcool pelo condutor;1;Colisão lateral mesmo sentido;Com Vítimas Feridas;Pleno dia;Decrescente;Nublado;Múltipla;"Aclive;Reta";Não  ;"1030695   ";Automóvel;VW/GOL 16V;"2000      ";Condutor;Ileso;"62   ";Masculino;"1 ";"0    ";"0    ";"0    ";-15.6349380;-47.7412410;SPRF-DF;DEL02-DF;UOP01-DEL02-DF 
578371;"1286153   ";2024-02-01;quinta-feira;07:35:00;DF;"20   ";"14   ";BRASILIA;Não;Ingestão de álcool pelo condutor;1;Colisão lateral mesmo sentido;Com Vítimas Feridas;Pleno dia;Decrescente;Nublado;Múltipla;"Aclive;Reta";Não  ;"1030696   ";Motocicleta;HONDA/CG 160 START;"2021      ";Condutor;Lesões Leves;"39   ";Masculino;"0 ";"1    ";"0    ";"0    ";-15.6349380;-47.7412410;SPRF-DF;DEL02-DF;UOP01-DEL02-DF 
578371;"1286151   ";2024-02-01;quinta-feira;07:35:00;DF;"20   ";"14   ";BRASILIA;Sim;Trafegar com motocicleta (ou similar) entre as faixas;1;Colisão lateral mesmo sentido;Com Vítimas Feridas;Pleno dia;Decrescente;Nublado;Múltipla;"Aclive;Reta";Não  ;"1030695   ";Automóvel;VW/GOL 16V;"2000      ";Condutor;Ileso;"62   ";Masculino;"1 ";"0    ";"0    ";"0    ";-15.6349380;-47.7412410;SPRF-DF;DEL02-DF;UOP01-DEL02-DF 
578371;"1286153   ";2024-02-01;quinta-feira;07:35:00;DF;"20   ";"14   ";BRASILIA;Sim;Trafegar com motocicleta (ou similar) entre as faixas;1;Colisão lateral mesmo sentido;Com Vítimas Feridas;Pleno dia;Decrescente;Nublado;Múltipla;"Aclive;Reta";Não  ;"1030696   ";Motocicleta;HONDA/CG 160 START;"2021      ";Condutor;Lesões Leves;"39   ";Masculino;"0 ";"1    ";"0    ";"0    ";-15.6349380;-47.7412410;SPRF-DF;DEL02-DF;UOP01-DEL02-DF 
578387;"1286329   ";2024-02-01;quinta-feira;14:30:00;GO;"60   ";"56   ";ABADIANIA;Não;Condutor deixou de manter distância do veículo da frente;2;Queda de ocupante de veículo;Com Vítimas Feridas;Pleno dia;Crescente;Nublado;Dupla;Reta;Não  ;"1030819   ";Motocicleta;HONDA/NXR160 BROS ESDD;"2019      ";Condutor;Lesões Leves;"30   ";Masculino;"0 ";"1    ";"0    ";"0    ";-16.1894000;-48.6700000;SPRF-GO;DEL02-GO;UOP01-DEL02-GO 
578387;"1286329   ";2024-02-01;quinta-feira;14:30:00;GO;"60   ";"56   ";ABADIANIA;Sim;Ausência de reação do condutor;2;Queda de ocupante de veículo;Com Vítimas Feridas;Pleno dia;Crescente;Nublado;Dupla;Reta;Não  ;"1030819   ";Motocicleta;HONDA/NXR160 BROS ESDD;"2019      ";Condutor;Lesões Leves;"30   ";Masculino;"0 ";"1    ";"0    ";"0    ";-16.1894000;-48.6700000;SPRF-GO;DEL02-GO;UOP01-DEL02-GO 
578387;"1286329   ";2024-02-01;quinta-feira;14:30:00;GO;"60   ";"56   ";ABADIANIA;Não;Condutor deixou de manter distância do veículo da frente;1;Colisão traseira;Com Vítimas Feridas;Pleno dia;Crescente;Nublado;Dupla;Reta;Não  ;"1030819   ";Motocicleta;HONDA/NXR160 BROS ESDD;"2019      ";Condutor;Lesões Leves;"30   ";Masculino;"0 ";"1    ";"0    ";"0    ";-16.1894000;-48.6700000;SPRF-GO;DEL02-GO;UOP01-DEL02-GO 
578387;"1286329   ";2024-02-01;quinta-feira;14:30:00;GO;"60   ";"56   ";ABADIANIA;Sim;Ausência de reação do condutor;1;Colisão traseira;Com Vítimas Feridas;Pleno dia;Crescente;Nublado;Dupla;Reta;Não  ;"1030819   ";Motocicleta;HONDA/NXR160 BROS ESDD;"2019      ";Condutor;Lesões Leves;"30   ";Masculino;"0 ";"1    ";"0    ";"0    ";-16.1894000;-48.6700000;SPRF-GO;DEL02-GO;UOP01-DEL02-GO 
578410;"1286478   ";2024-02-01;quinta-feira;18:15:00;GO;"40   ";"3    ";VALPARAISO DE GOIAS;Sim;Acesso irregular;1;Colisão transversal;Com Vítimas Feridas;Pleno dia;Crescente;Nublado;Dupla;Reta;Sim  ;"1030942   ";Automóvel;CHEVROLET/ONIX 10MT JOYE;"2016      ";Condutor;Ileso;"27   ";Feminino;"1 ";"0    ";"0    ";"0    ";-16.0760810;-47.9856710;SPRF-DF;DEL01-DF;UOP01-DEL01-DF 
578410;"1286479   ";2024-02-01;quinta-feira;18:15:00;GO;"40   ";"3    ";VALPARAISO DE GOIAS;Sim;Acesso irregular;1;Colisão transversal;Com Vítimas Feridas;Pleno dia;Crescente;Nublado;Dupla;Reta;Sim  ;"1030943   ";Motocicleta;YAMAHA/YS150 FAZER ED;"2014      ";Condutor;Lesões Leves;"51   ";Masculino;"0 ";"1    ";"0    ";"0    ";-16.0760810;-47.9856710;SPRF-DF;DEL01-DF;UOP01-DEL01-DF 
578418;"1286322   ";2024-02-01;quinta-feira;18:40:00;DF;"60   ";"0,6  ";BRASILIA;Não;Chuva;2;Queda de ocupante de veículo;Com Vítimas Feridas;Anoitecer;Crescente;Chuva;Dupla;Reta;Sim  ;"1030811   ";Motocicleta;HONDA/CG 160 FAN;"2017      ";Condutor;Lesões Leves;"54   ";Feminino;"0 ";"1    ";"0    ";"0    ";-15.8836780;-48.0660030;SPRF-DF;DEL03-DF;UOP01-DEL03-DF 
578418;"1286319   ";2024-02-01;quinta-feira;18:40:00;DF;"60   ";"0,6  ";BRASILIA;Não;Chuva;2;Queda de ocupante de veículo;Com Vítimas Feridas;Anoitecer;Crescente;Chuva;Dupla;Reta;Sim  ;"1030810   ";Motocicleta;HONDA/POP100;"2011      ";Condutor;Ileso;"24   ";Feminino;"1 ";"0    ";"0    ";"0    ";-15.8836780;-48.0660030;SPRF-DF;DEL03-DF;UOP01-DEL03-DF 
578418;"1286322   ";2024-02-01;quinta-feira;18:40:00;DF;"60   ";"0,6  ";BRASILIA;Sim;Reação tardia ou ineficiente do condutor;2;Queda de ocupante de veículo;Com Vítimas Feridas;Anoitecer;Crescente;Chuva;Dupla;Reta;Sim  ;"1030811   ";Motocicleta;HONDA/CG 160 FAN;"2017      ";Condutor;Lesões Leves;"54   ";Feminino;"0 ";"1    ";"0    ";"0    ";-15.8836780;-48.0660030;SPRF-DF;DEL03-DF;UOP01-DEL03-DF 
578418;"1286319   ";2024-02-01;quinta-feira;18:40:00;DF;"60   ";"0,6  ";BRASILIA;Sim;Reação tardia ou ineficiente do condutor;2;Queda de ocupante de veículo;Com Vítimas Feridas;Anoitecer;Crescente;Chuva;Dupla;Reta;Sim  ;"1030810   ";Motocicleta;HONDA/POP100;"2011      ";Condutor;Ileso;"24   ";Feminino;"1 ";"0    ";"0    ";"0    ";-15.8836780;-48.0660030;SPRF-DF;DEL03-DF;UOP01-DEL03-DF 
578418;"1286322   ";2024-02-01;quinta-feira;18:40:00;DF;"60   ";"0,6  ";BRASILIA;Não;Chuva;1;Colisão lateral mesmo sentido;Com Vítimas Feridas;Anoitecer;Crescente;Chuva;Dupla;Reta;Sim  ;"1030811   ";Motocicleta;HONDA/CG 160 FAN;"2017      ";Condutor;Lesões Leves;"54   ";Feminino;"0 ";"1    ";"0    ";"0    ";-15.8836780;-48.0660030;SPRF-DF;DEL03-DF;UOP01-DEL03-DF 
578418;"1286319   ";2024-02-01;quinta-feira;18:40:00;DF;"60   ";"0,6  ";BRASILIA;Não;Chuva;1;Colisão lateral mesmo sentido;Com Vítimas Feridas;Anoitecer;Crescente;Chuva;Dupla;Reta;Sim  ;"1030810   ";Motocicleta;HONDA/POP100;"2011      ";Condutor;Ileso;"24   ";Feminino;"1 ";"0    ";"0    ";"0    ";-15.8836780;-48.0660030;SPRF-DF;DEL03-DF;UOP01-DEL03-DF 
578418;"1286322   ";2024-02-01;quinta-feira;18:40:00;DF;"60   ";"0,6  ";BRASILIA;Sim;Reação tardia ou ineficiente do condutor;1;Colisão lateral mesmo sentido;Com Vítimas Feridas;Anoitecer;Crescente;Chuva;Dupla;Reta;Sim  ;"1030811   ";Motocicleta;HONDA/CG 160 FAN;"2017      ";Condutor;Lesões Leves;"54   ";Feminino;"0 ";"1    ";"0    ";"0    ";-15.8836780;-48.0660030;SPRF-DF;DEL03-DF;UOP01-DEL03-DF 
578418;"1286319   ";2024-02-01;quinta-feira;18:40:00;DF;"60   ";"0,6  ";BRASILIA;Sim;Reação tardia ou ineficiente do condutor;1;Colisão lateral mesmo sentido;Com Vítimas Feridas;Anoitecer;Crescente;Chuva;Dupla;Reta;Sim  ;"1030810   ";Motocicleta;HONDA/POP100;"2011      ";Condutor;Ileso;"24   ";Feminino;"1 ";"0    ";"0    ";"0    ";-15.8836780;-48.0660030;SPRF-DF;DEL03-DF;UOP01-DEL03-DF 