id;pesid;data_inversa;dia_semana;horario;uf;br;km;municipio;causa_principal;causa_acidente;ordem_tipo_acidente;tipo_acidente;classificacao_acidente;fase_dia;sentido_via;condicao_metereologica;tipo_pista;tracado_via;uso_solo;id_veiculo;tipo_veiculo;marca;ano_fabricacao_veiculo;tipo_envolvido;estado_fisico;idade;sexo;ilesos;feridos_leves;feridos_graves;mortos;latitude;longitude;regional;delegacia;uop
578427;"1286464   ";2024-02-01;quinta-feira;19:25:00;DF;"60   ";"14   ";BRASILIA;Sim;Pedestre - Ingestão de álcool/ substâncias psicoativas;1;Atropelamento de Pedestre;Com Vítimas Feridas;Plena Noite;Crescente;Céu Claro;Dupla;Reta;Não  ;"1030933   ";Utilitário;CAOACHERY/TIGGO3X PRO TA;"2021      ";Condutor;Ileso;"59   ";Masculino;"1 ";"0    ";"0    ";"0    ";-15.9351410;-48.1694490;SPRF-DF;DEL03-DF;UOP01-DEL03-DF 
578427;"1286466   ";2024-02-01;quinta-feira;19:25:00;DF;"60   ";"14   ";BRASILIA;Sim;Pedestre - Ingestão de álcool/ substâncias psicoativas;1;Atropelamento de Pedestre;Com Vítimas Feridas;Plena Noite;Crescente;Céu Claro;Dupla;Reta;Não  ;"0         ";"0";NA/NA;"0         ";Pedestre;Lesões Leves;"34   ";Masculino;"0 ";"1    ";"0    ";"0    ";-15.9351410;-48.1694490;SPRF-DF;DEL03-DF;UOP01-DEL03-DF 
578451;"1286510   ";2024-02-01;quinta-feira;20:40:00;GO;"70   ";"3    ";AGUAS LINDAS DE GOIAS;Não;Trafegar com motocicleta (ou similar) entre as faixas;3;Queda de ocupante de veículo;Com Vítimas Feridas;Plena Noite;Crescente;Nublado;Dupla;Aclive;Sim  ;"1030967   ";Motocicleta;HONDA/CG 160 TITAN;"2019      ";Condutor;Lesões Leves;"50   ";Masculino;"0 ";"1    ";"0    ";"0    ";-15.7615230;-48.2377550;SPRF-DF;DEL03-DF;UOP02-DEL03-DF 
578451;"1286512   ";2024-02-01;quinta-feira;20:40:00;GO;"70   ";"3    ";AGUAS LINDAS DE GOIAS;Não;Trafegar com motocicleta (ou similar) entre as faixas;3;Queda de ocupante de veículo;Com Vítimas Feridas;Plena Noite;Crescente;Nublado;Dupla;Aclive;Sim  ;"1030969   ";Automóvel;VW/VOYAGE 1.0;"2010      ";Condutor;Ileso;"36   ";Masculino;"1 ";"0    ";"0    ";"0    ";-15.7615230;-48.2377550;SPRF-DF;DEL03-DF;UOP02-DEL03-DF 
578451;"1286513   ";2024-02-01;quinta-feira;20:40:00;GO;"70   ";"3    ";AGUAS LINDAS DE GOIAS;Não;Trafegar com motocicleta (ou similar) entre as faixas;3;Queda de ocupante de veículo;Com Vítimas Feridas;Plena Noite;Crescente;Nublado;Dupla;Aclive;Sim  ;"1030970   ";Automóvel;FIAT/PALIO FIRE;"2015      ";Condutor;Ileso;"37   ";Feminino;"1 ";"0    ";"0    ";"0    ";-15.7615230;-48.2377550;SPRF-DF;DEL03-DF;UOP02-DEL03-DF 
578451;"1286510   ";2024-02-01;quinta-feira;20:40:00;GO;"70   ";"3    ";AGUAS LINDAS DE GOIAS;Sim;Ausência de reação do condutor;3;Queda de ocupante de veículo;Com Vítimas Feridas;Plena Noite;Crescente;Nublado;Dupla;Aclive;Sim  ;"1030967   ";Motocicleta;HONDA/CG 160 TITAN;"2019      ";Condutor;Lesões Leves;"50   ";Masculino;"0 ";"1    ";"0    ";"0    ";-15.7615230;-48.2377550;SPRF-DF;DEL03-DF;UOP02-DEL03-DF 
578451;"1286512   ";2024-02-01;quinta-feira;20:40:00;GO;"70   ";"3    ";AGUAS LINDAS DE GOIAS;Sim;Ausência de reação do condutor;3;Queda de ocupante de veículo;Com Vítimas Feridas;Plena Noite;Crescente;Nublado;Dupla;Aclive;Sim  ;"1030969   ";Automóvel;VW/VOYAGE 1.0;"2010      ";Condutor;Ileso;"36   ";Masculino;"1 ";"0    ";"0    ";"0    ";-15.7615230;-48.2377550;SPRF-DF;DEL03-DF;UOP02-DEL03-DF 
578451;"1286513   ";2024-02-01;quinta-feira;20:40:00;GO;"70   ";"3    ";AGUAS LINDAS DE GOIAS;Sim;Ausência de reação do condutor;3;Queda de ocupante de veículo;Com Vítimas Feridas;Plena Noite;Crescente;Nublado;Dupla;Aclive;Sim  ;"1030970   ";Automóvel;FIAT/PALIO FIRE;"2015      ";Condutor;Ileso;"37   ";Feminino;"1 ";"0    ";"0    ";"0    ";-15.7615230;-48.2377550;SPRF-DF;DEL03-DF;UOP02-DEL03-DF 
578451;"1286510   ";2024-02-01;quinta-feira;20:40:00;GO;"70   ";"3    ";AGUAS LINDAS DE GOIAS;Não;Trafegar com motocicleta (ou similar) entre as faixas;2;Colisão lateral mesmo sentido;Com Vítimas Feridas;Plena Noite;Crescente;Nublado;Dupla;Aclive;Sim  ;"1030967   ";Motocicleta;HONDA/CG 160 TITAN;"2019      ";Condutor;Lesões Leves;"50   ";Masculino;"0 ";"1    ";"0    ";"0    ";-15.7615230;-48.2377550;SPRF-DF;DEL03-DF;UOP02-DEL03-DF 
578451;"1286512   ";2024-02-01;quinta-feira;20:40:00;GO;"70   ";"3    ";AGUAS LINDAS DE GOIAS;Não;Trafegar com motocicleta (ou similar) entre as faixas;2;Colisão lateral mesmo sentido;Com Vítimas Feridas;Plena Noite;Crescente;Nublado;Dupla;Aclive;Sim  ;"1030969   ";Automóvel;VW/VOYAGE 1.0;"2010      ";Condutor;Ileso;"36   ";Masculino;"1 ";"0    ";"0    ";"0    ";-15.7615230;-48.2377550;SPRF-DF;DEL03-DF;UOP02-DEL03-DF 
578451;"1286513   ";2024-02-01;quinta-feira;20:40:00;GO;"70   ";"3    ";AGUAS LINDAS DE GOIAS;Não;Trafegar com motocicleta (ou similar) entre as faixas;2;Colisão lateral mesmo sentido;Com Vítimas Feridas;Plena Noite;Crescente;Nublado;Dupla;Aclive;Sim  ;"1030970   ";Automóvel;FIAT/PALIO FIRE;"2015      ";Condutor;Ileso;"37   ";Feminino;"1 ";"0    ";"0    ";"0    ";-15.7615230;-48.2377550;SPRF-DF;DEL03-DF;UOP02-DEL03-DF 
578451;"1286510   ";2024-02-01;quinta-feira;20:40:00;GO;"70   ";"3    ";AGUAS LINDAS DE GOIAS;Sim;Ausência de reação do condutor;2;Colisão lateral mesmo sentido;Com Vítimas Feridas;Plena Noite;Crescente;Nublado;Dupla;Aclive;Sim  ;"1030967   ";Motocicleta;HONDA/CG 160 TITAN;"2019      ";Condutor;Lesões Leves;"50   ";Masculino;"0 ";"1    ";"0    ";"0    ";-15.7615230;-48.2377550;SPRF-DF;DEL03-DF;UOP02-DEL03-DF 
578451;"1286512   ";2024-02-01;quinta-feira;20:40:00;GO;"70   ";"3    ";AGUAS LINDAS DE GOIAS;Sim;Ausência de reação do condutor;2;Colisão lateral mesmo sentido;Com Vítimas Feridas;Plena Noite;Crescente;Nublado;Dupla;Aclive;Sim  ;"1030969   ";Automóvel;VW/VOYAGE 1.0;"2010      ";Condutor;Ileso;"36   ";Masculino;"1 ";"0    ";"0    ";"0    ";-15.7615230;-48.2377550;SPRF-DF;DEL03-DF;UOP02-DEL03-DF 
578451;"1286513   ";2024-02-01;quinta-feira;20:40:00;GO;"70   ";"3    ";AGUAS LINDAS DE GOIAS;Sim;Ausência de reação do condutor;2;Colisão lateral mesmo sentido;Com Vítimas Feridas;Plena Noite;Crescente;Nublado;Dupla;Aclive;Sim  ;"1030970   ";Automóvel;FIAT/PALIO FIRE;"2015      ";Condutor;Ileso;"37   ";Feminino;"1 ";"0    ";"0    ";"0    ";-15.7615230;-48.2377550;SPRF-DF;DEL03-DF;UOP02-DEL03-DF 
578451;"1286510   ";2024-02-01;quinta-feira;20:40:00;GO;"70   ";"3    ";AGUAS LINDAS DE GOIAS;Não;Trafegar com motocicleta (ou similar) entre as faixas;1;Colisão traseira;Com Vítimas Feridas;Plena Noite;Crescente;Nublado;Dupla;Aclive;Sim  ;"1030967   ";Motocicleta;HONDA/CG 160 TITAN;"2019      ";Condutor;Lesões Leves;"50   ";Masculino;"0 ";"1    ";"0    ";"0    ";-15.7615230;-48.2377550;SPRF-DF;DEL03-DF;UOP02-DEL03-DF 
578451;"1286512   ";2024-02-01;quinta-feira;20:40:00;GO;"70   ";"3    ";AGUAS LINDAS DE GOIAS;Não;Trafegar com motocicleta (ou similar) entre as faixas;1;Colisão traseira;Com Vítimas Feridas;Plena Noite;Crescente;Nublado;Dupla;Aclive;Sim  ;"1030969   ";Automóvel;VW/VOYAGE 1.0;"2010      ";Condutor;Ileso;"36   ";Masculino;"1 ";"0    ";"0    ";"0    ";-15.7615230;-48.2377550;SPRF-DF;DEL03-DF;UOP02-DEL03-DF 
578451;"1286513   ";2024-02-01;quinta-feira;20:40:00;GO;"70   ";"3    ";AGUAS LINDAS DE GOIAS;Não;Trafegar com motocicleta (ou similar) entre as faixas;1;Colisão traseira;Com Vítimas Feridas;Plena Noite;Crescente;Nublado;Dupla;Aclive;Sim  ;"1030970   ";Automóvel;FIAT/PALIO FIRE;"2015      ";Condutor;Ileso;"37   ";Feminino;"1 ";"0    ";"0    ";"0    ";-15.7615230;-48.2377550;SPRF-DF;DEL03-DF;UOP02-DEL03-DF 
578451;"1286510   ";2024-02-01;quinta-feira;20:40:00;GO;"70   ";"3    ";AGUAS LINDAS DE GOIAS;Sim;Ausência de reação do condutor;1;Colisão traseira;Com Vítimas Feridas;Plena Noite;Crescente;Nublado;Dupla;Aclive;Sim  ;"1030967   ";Motocicleta;HONDA/CG 160 TITAN;"2019      ";Condutor;Lesões Leves;"50   ";Masculino;"0 ";"1    ";"0    ";"0    ";-15.7615230;-48.2377550;SPRF-DF;DEL03-DF;UOP02-DEL03-DF 
578451;"1286512   ";2024-02-01;quinta-feira;20:40:00;GO;"70   ";"3    ";AGUAS LINDAS DE GOIAS;Sim;Ausência de reação do condutor;1;Colisão traseira;Com Vítimas Feridas;Plena Noite;Crescente;Nublado;Dupla;Aclive;Sim  ;"1030969   ";Automóvel;VW/VOYAGE 1.0;"2010      ";Condutor;Ileso;"36   ";Masculino;"1 ";"0    ";"0    ";"0    ";-15.7615230;-48.2377550;SPRF-DF;DEL03-DF;UOP02-DEL03-DF 
578451;"1286513   ";2024-02-01;quinta-feira;20:40:00;GO;"70   ";"3    ";AGUAS LINDAS DE GOIAS;Sim;Ausência de reação do condutor;1;Colisão traseira;Com Vítimas Feridas;Plena Noite;Crescente;Nublado;Dupla;Aclive;Sim  ;"1030970   ";Automóvel;FIAT/PALIO FIRE;"2015      ";Condutor;Ileso;"37   ";Feminino;"1 ";"0    ";"0    ";"0    ";-15.7615230;-48.2377550;SPRF-DF;DEL03-DF;UOP02-DEL03-DF 
578453;"1286471   ";2024-02-01;quinta-feira;19:55:00;GO;"60   ";"14,4 ";SANTO ANTONIO DO DESCOBERTO;Não;Ausência de reação do condutor;1;Atropelamento de Animal;Com Vítimas Feridas;Pleno dia;Crescente;Nublado;Dupla;"Curva;Aclive";Não  ;"1030937   ";Camioneta;I/TOYOTA RAV4;"2007      ";Condutor;Lesões Leves;"71   ";Masculino;"0 ";"1    ";"0    ";"0    ";-16.1102690;-48.3557800;SPRF-DF;DEL03-DF;UOP01-DEL03-DF 
578453;"1286472   ";2024-02-01;quinta-feira;19:55:00;GO;"60   ";"14,4 ";SANTO ANTONIO DO DESCOBERTO;Não;Ausência de reação do condutor;1;Atropelamento de Animal;Com Vítimas Feridas;Pleno dia;Crescente;Nublado;Dupla;"Curva;Aclive";Não  ;"1030937   ";Camioneta;I/TOYOTA RAV4;"2007      ";Passageiro;Ileso;"61   ";Feminino;"1 ";"0    ";"0    ";"0    ";-16.1102690;-48.3557800;SPRF-DF;DEL03-DF;UOP01-DEL03-DF 
578453;"1286471   ";2024-02-01;quinta-feira;19:55:00;GO;"60   ";"14,4 ";SANTO ANTONIO DO DESCOBERTO;Sim;Animais na Pista;1;Atropelamento de Animal;Com Vítimas Feridas;Pleno dia;Crescente;Nublado;Dupla;"Curva;Aclive";Não  ;"1030937   ";Camioneta;I/TOYOTA RAV4;"2007      ";Condutor;Lesões Leves;"71   ";Masculino;"0 ";"1    ";"0    ";"0    ";-16.1102690;-48.3557800;SPRF-DF;DEL03-DF;UOP01-DEL03-DF 
578453;"1286472   ";2024-02-01;quinta-feira;19:55:00;GO;"60   ";"14,4 ";SANTO ANTONIO DO DESCOBERTO;Sim;Animais na Pista;1;Atropelamento de Animal;Com Vítimas Feridas;Pleno dia;Crescente;Nublado;Dupla;"Curva;Aclive";Não  ;"1030937   ";Camioneta;I/TOYOTA RAV4;"2007      ";Passageiro;Ileso;"61   ";Feminino;"1 ";"0    ";"0    ";"0    ";-16.1102690;-48.3557800;SPRF-DF;DEL03-DF;UOP01-DEL03-DF 
578557;"1286660   ";2024-02-02;sexta-feira;13:26:00;DF;"20   ";"16   ";BRASILIA;Sim;Reação tardia ou ineficiente do condutor;1;Colisão traseira;Com Vítimas Feridas;Pleno dia;Crescente;Céu Claro;Dupla;Reta;Sim  ;"1031033   ";Motocicleta;HONDA/CG150 FAN ESDI;"2012      ";Condutor;Lesões Leves;"21   ";Masculino;"0 ";"1    ";"0    ";"0    ";-15.6256750;-47.7251590;SPRF-DF;DEL02-DF;UOP01-DEL02-DF 
578557;"1286657   ";2024-02-02;sexta-feira;13:26:00;DF;"20   ";"16   ";BRASILIA;Sim;Reação tardia ou ineficiente do condutor;1;Colisão traseira;Com Vítimas Feridas;Pleno dia;Crescente;Céu Claro;Dupla;Reta;Sim  ;"1031034   ";Automóvel;Não Informado/Não Informado;"0         ";Condutor;Ileso;"0    ";Ignorado;"1 ";"0    ";"0    ";"0    ";-15.6256750;-47.7251590;SPRF-DF;DEL02-DF;UOP01-DEL02-DF 
578567;"1286706   ";2024-02-02;sexta-feira;14:50:00;GO;"60   ";"30,2 ";ALEXANIA;Sim;Ausência de reação do condutor;3;Queda de ocupante de veículo;Com Vítimas Feridas;Pleno dia;Decrescente;Céu Claro;Dupla;"Reta;Declive";Não  ;"1031067   ";Motocicleta;HONDA/CG 160 TITAN;"2020      ";Condutor;Lesões Leves;"21   ";Masculino;"0 ";"1    ";"0    ";"0    ";-16.0963000;-48.5202000;SPRF-DF;DEL03-DF;UOP01-DEL03-DF 
578567;"1286706   ";2024-02-02;sexta-feira;14:50:00;GO;"60   ";"30,2 ";ALEXANIA;Sim;Ausência de reação do condutor;2;Tombamento;Com Vítimas Feridas;Pleno dia;Decrescente;Céu Claro;Dupla;"Reta;Declive";Não  ;"1031067   ";Motocicleta;HONDA/CG 160 TITAN;"2020      ";Condutor;Lesões Leves;"21   ";Masculino;"0 ";"1    ";"0    ";"0    ";-16.0963000;-48.5202000;SPRF-DF;DEL03-DF;UOP01-DEL03-DF 
578567;"1286706   ";2024-02-02;sexta-feira;14:50:00;GO;"60   ";"30,2 ";ALEXANIA;Sim;Ausência de reação do condutor;1;Saída de leito carroçável;Com Vítimas Feridas;Pleno dia;Decrescente;Céu Claro;Dupla;"Reta;Declive";Não  ;"1031067   ";Motocicleta;HONDA/CG 160 TITAN;"2020      ";Condutor;Lesões Leves;"21   ";Masculino;"0 ";"1    ";"0    ";"0    ";-16.0963000;-48.5202000;SPRF-DF;DEL03-DF;UOP01-DEL03-DF 
645045;"0         ";2024-11-29;sexta-feira;17:22:00;DF;"80   ";"26   ";BRASILIA;Não;Velocidade Incompatível;1;Colisão transversal;Com Vítimas Feridas;Pleno dia;Decrescente;Chuva;Simples;Curva;Não  ;"1159200   ";Semireboque;R/RANDON SR BA;"2019      ";"0";"0";"0    ";"0";"0 ";"0    ";"0    ";"0    ";-15.6122590;-48.1980440;SPRF-DF;DEL03-DF;UOP02-DEL03-DF 
578569;"1286862   ";2024-02-02;sexta-feira;04:10:00;GO;"414  ";"410,3";ABADIANIA;Sim;Velocidade Incompatível;1;Saída de leito carroçável;Sem Vítimas;Plena Noite;Crescente;Nublado;Simples;"Rotatória;Interseção de Vias";Não  ;"1031180   ";Automóvel;I/NISSAN TIIDA 1.8 S;"2007      ";Condutor;Não Informado;"0    ";Não Informado;"0 ";"0    ";"0    ";"0    ";-16.0585863;-48.8540176;SPRF-GO;DEL02-GO;UOP01-DEL02-GO 
578572;"1286734   ";2024-02-02;sexta-feira;13:15:00;GO;"60   ";"26   ";ALEXANIA;Sim;Velocidade Incompatível;2;Colisão com objeto;Com Vítimas Feridas;Pleno dia;Crescente;Nublado;Dupla;"Reta;Declive";Não  ;"1031092   ";Caminhão-trator;SCANIA/R450 A6X2;"2022      ";Condutor;Lesões Leves;"27   ";Masculino;"0 ";"1    ";"0    ";"0    ";-16.0963000;-48.5202000;SPRF-DF;DEL03-DF;UOP01-DEL03-DF 
578572;"0         ";2024-02-02;sexta-feira;13:15:00;GO;"60   ";"26   ";ALEXANIA;Sim;Velocidade Incompatível;2;Colisão com objeto;Com Vítimas Feridas;Pleno dia;Crescente;Nublado;Dupla;"Reta;Declive";Não  ;"1031093   ";Semireboque;SR/RANDON SR CA;"2010      ";"0";"0";"0    ";"0";"0 ";"0    ";"0    ";"0    ";-16.0963000;-48.5202000;SPRF-DF;DEL03-DF;UOP01-DEL03-DF 
578572;"1286734   ";2024-02-02;sexta-feira;13:15:00;GO;"60   ";"26   ";ALEXANIA;Não;Ausência de reação do condutor;2;Colisão com objeto;Com Vítimas Feridas;Pleno dia;Crescente;Nublado;Dupla;"Reta;Declive";Não  ;"1031092   ";Caminhão-trator;SCANIA/R450 A6X2;"2022      ";Condutor;Lesões Leves;"27   ";Masculino;"0 ";"1    ";"0    ";"0    ";-16.0963000;-48.5202000;SPRF-DF;DEL03-DF;UOP01-DEL03-DF 
578572;"0         ";2024-02-02;sexta-feira;13:15:00;GO;"60   ";"26   ";ALEXANIA;Não;Ausência de reação do condutor;2;Colisão com objeto;Com Vítimas Feridas;Pleno dia;Crescente;Nublado;Dupla;"Reta;Declive";Não  ;"1031093   ";Semireboque;SR/RANDON SR CA;"2010      ";"0";"0";"0    ";"0";"0 ";"0    ";"0    ";"0    ";-16.0963000;-48.5202000;SPRF-DF;DEL03-DF;UOP01-DEL03-DF 
578572;"1286734   ";2024-02-02;sexta-feira;13:15:00;GO;"60   ";"26   ";ALEXANIA;Sim;Velocidade Incompatível;1;Saída de leito carroçável;Com Vítimas Feridas;Pleno dia;Crescente;Nublado;Dupla;"Reta;Declive";Não  ;"1031092   ";Caminhão-trator;SCANIA/R450 A6X2;"2022      ";Condutor;Lesões Leves;"27   ";Masculino;"0 ";"1    ";"0    ";"0    ";-16.0963000;-48.5202000;SPRF-DF;DEL03-DF;UOP01-DEL03-DF 
578572;"0         ";2024-02-02;sexta-feira;13:15:00;GO;"60   ";"26   ";ALEXANIA;Sim;Velocidade Incompatível;1;Saída de leito carroçável;Com Vítimas Feridas;Pleno dia;Crescente;Nublado;Dupla;"Reta;Declive";Não  ;"1031093   ";Semireboque;SR/RANDON SR CA;"2010      ";"0";"0";"0    ";"0";"0 ";"0    ";"0    ";"0    ";-16.0963000;-48.5202000;SPRF-DF;DEL03-DF;UOP01-DEL03-DF 
578572;"1286734   ";2024-02-02;sexta-feira;13:15:00;GO;"60   ";"26   ";ALEXANIA;Não;Ausência de reação do condutor;1;Saída de leito carroçável;Com Vítimas Feridas;Pleno dia;Crescente;Nublado;Dupla;"Reta;Declive";Não  ;"1031092   ";Caminhão-trator;SCANIA/R450 A6X2;"2022      ";Condutor;Lesões Leves;"27   ";Masculino;"0 ";"1    ";"0    ";"0    ";-16.0963000;-48.5202000;SPRF-DF;DEL03-DF;UOP01-DEL03-DF 
578572;"0         ";2024-02-02;sexta-feira;13:15:00;GO;"60   ";"26   ";ALEXANIA;Não;Ausência de reação do condutor;1;Saída de leito carroçável;Com Vítimas Feridas;Pleno dia;Crescente;Nublado;Dupla;"Reta;Declive";Não  ;"1031093   ";Semireboque;SR/RANDON SR CA;"2010      ";"0";"0";"0    ";"0";"0 ";"0    ";"0    ";"0    ";-16.0963000;-48.5202000;SPRF-DF;DEL03-DF;UOP01-DEL03-DF 
578627;"1286938   ";2024-02-02;sexta-feira;21:00:00;DF;"70   ";"8    ";BRASILIA;Não;Ausência de reação do condutor;1;Atropelamento de Pedestre;Com Vítimas Feridas;Plena Noite;Crescente;Nublado;Dupla;Reta;Sim  ;"1031239   ";Caminhonete;FIAT/TORO FREEDOM AT;"2016      ";Condutor;Ileso;"44   ";Masculino;"1 ";"0    ";"0    ";"0    ";-15.7888680;-48.2202420;SPRF-DF;DEL03-DF;UOP02-DEL03-DF 
578627;"1286939   ";2024-02-02;sexta-feira;21:00:00;DF;"70   ";"8    ";BRASILIA;Não;Ausência de reação do condutor;1;Atropelamento de Pedestre;Com Vítimas Feridas;Plena Noite;Crescente;Nublado;Dupla;Reta;Sim  ;"1031239   ";Caminhonete;FIAT/TORO FREEDOM AT;"2016      ";Passageiro;Ileso;"26   ";Feminino;"1 ";"0    ";"0    ";"0    ";-15.7888680;-48.2202420;SPRF-DF;DEL03-DF;UOP02-DEL03-DF 
578627;"1287798   ";2024-02-02;sexta-feira;21:00:00;DF;"70   ";"8    ";BRASILIA;Não;Ausência de reação do condutor;1;Atropelamento de Pedestre;Com Vítimas Feridas;Plena Noite;Crescente;Nublado;Dupla;Reta;Sim  ;"0         ";"0";NA/NA;"0         ";Pedestre;Lesões Graves;"0    ";Masculino;"0 ";"0    ";"1    ";"0    ";-15.7888680;-48.2202420;SPRF-DF;DEL03-DF;UOP02-DEL03-DF 
578627;"1286938   ";2024-02-02;sexta-feira;21:00:00;DF;"70   ";"8    ";BRASILIA;Sim;Pedestre cruzava a pista fora da faixa;1;Atropelamento de Pedestre;Com Vítimas Feridas;Plena Noite;Crescente;Nublado;Dupla;Reta;Sim  ;"1031239   ";Caminhonete;FIAT/TORO FREEDOM AT;"2016      ";Condutor;Ileso;"44   ";Masculino;"1 ";"0    ";"0    ";"0    ";-15.7888680;-48.2202420;SPRF-DF;DEL03-DF;UOP02-DEL03-DF 
578627;"1286939   ";2024-02-02;sexta-feira;21:00:00;DF;"70   ";"8    ";BRASILIA;Sim;Pedestre cruzava a pista fora da faixa;1;Atropelamento de Pedestre;Com Vítimas Feridas;Plena Noite;Crescente;Nublado;Dupla;Reta;Sim  ;"1031239   ";Caminhonete;FIAT/TORO FREEDOM AT;"2016      ";Passageiro;Ileso;"26   ";Feminino;"1 ";"0    ";"0    ";"0    ";-15.7888680;-48.2202420;SPRF-DF;DEL03-DF;UOP02-DEL03-DF 
578627;"1287798   ";2024-02-02;sexta-feira;21:00:00;DF;"70   ";"8    ";BRASILIA;Sim;Pedestre cruzava a pista fora da faixa;1;Atropelamento de Pedestre;Com Vítimas Feridas;Plena Noite;Crescente;Nublado;Dupla;Reta;Sim  ;"0         ";"0";NA/NA;"0         ";Pedestre;Lesões Graves;"0    ";Masculino;"0 ";"0    ";"1    ";"0    ";-15.7888680;-48.2202420;SPRF-DF;DEL03-DF;UOP02-DEL03-DF 
578714;"1288561   ";2024-02-03;sábado;07:50:00;GO;"40   ";"12,7 ";LUZIANIA;Não;Reação tardia ou ineficiente do condutor;1;Atropelamento de Pedestre;Com Vítimas Feridas;Pleno dia;Decrescente;Céu Claro;Dupla;Reta;Sim  ;"1032525   ";Automóvel;TOYOTA/ETIOS HB X;"2015      ";Condutor;Ileso;"29   ";Feminino;"1 ";"0    ";"0    ";"0    ";-16.1451230;-47.9453820;SPRF-DF;DEL01-DF;UOP01-DEL01-DF 
578714;"1288562   ";2024-02-03;sábado;07:50:00;GO;"40   ";"12,7 ";LUZIANIA;Não;Reação tardia ou ineficiente do condutor;1;Atropelamento de Pedestre;Com Vítimas Feridas;Pleno dia;Decrescente;Céu Claro;Dupla;Reta;Sim  ;"0         ";"0";NA/NA;"0         ";Pedestre;Lesões Leves;"1024 ";Masculino;"0 ";"1    ";"0    ";"0    ";-16.1451230;-47.9453820;SPRF-DF;DEL01-DF;UOP01-DEL01-DF 
578714;"1288561   ";2024-02-03;sábado;07:50:00;GO;"40   ";"12,7 ";LUZIANIA;Não;Acessar a via sem observar a presença dos outros veículos;1;Atropelamento de Pedestre;Com Vítimas Feridas;Pleno dia;Decrescente;Céu Claro;Dupla;Reta;Sim  ;"1032525   ";Automóvel;TOYOTA/ETIOS HB X;"2015      ";Condutor;Ileso;"29   ";Feminino;"1 ";"0    ";"0    ";"0    ";-16.1451230;-47.9453820;SPRF-DF;DEL01-DF;UOP01-DEL01-DF 
578714;"1288562   ";2024-02-03;sábado;07:50:00;GO;"40   ";"12,7 ";LUZIANIA;Não;Acessar a via sem observar a presença dos outros veículos;1;Atropelamento de Pedestre;Com Vítimas Feridas;Pleno dia;Decrescente;Céu Claro;Dupla;Reta;Sim  ;"0         ";"0";NA/NA;"0         ";Pedestre;Lesões Leves;"1024 ";Masculino;"0 ";"1    ";"0    ";"0    ";-16.1451230;-47.9453820;SPRF-DF;DEL01-DF;UOP01-DEL01-DF 
578714;"1288561   ";2024-02-03;sábado;07:50:00;GO;"40   ";"12,7 ";LUZIANIA;Sim;Pedestre cruzava a pista fora da faixa;1;Atropelamento de Pedestre;Com Vítimas Feridas;Pleno dia;Decrescente;Céu Claro;Dupla;Reta;Sim  ;"1032525   ";Automóvel;TOYOTA/ETIOS HB X;"2015      ";Condutor;Ileso;"29   ";Feminino;"1 ";"0    ";"0    ";"0    ";-16.1451230;-47.9453820;SPRF-DF;DEL01-DF;UOP01-DEL01-DF 
578714;"1288562   ";2024-02-03;sábado;07:50:00;GO;"40   ";"12,7 ";LUZIANIA;Sim;Pedestre cruzava a pista fora da faixa;1;Atropelamento de Pedestre;Com Vítimas Feridas;Pleno dia;Decrescente;Céu Claro;Dupla;Reta;Sim  ;"0         ";"0";NA/NA;"0         ";Pedestre;Lesões Leves;"1024 ";Masculino;"0 ";"1    ";"0    ";"0    ";-16.1451230;-47.9453820;SPRF-DF;DEL01-DF;UOP01-DEL01-DF 
578724;"1287126   ";2024-02-03;sábado;07:34:00;GO;"20   ";"91   ";VILA BOA;Não;Ingestão de álcool pelo condutor;2;Saída de leito carroçável;Com Vítimas Feridas;Pleno dia;Crescente;Céu Claro;Simples;Reta;Não  ;"1031389   ";Caminhão-trator;SCANIA/R450 A6X2;"2021      ";Condutor;Ileso;"53   ";Masculino;"1 ";"0    ";"0    ";"0    ";-15.0202600;-47.0464170;SPRF-DF;DEL02-DF;UOP02-DEL02-DF 
578724;"1287128   ";2024-02-03;sábado;07:34:00;GO;"20   ";"91   ";VILA BOA;Não;Ingestão de álcool pelo condutor;2;Saída de leito carroçável;Com Vítimas Feridas;Pleno dia;Crescente;Céu Claro;Simples;Reta;Não  ;"1031391   ";Caminhonete;FIAT/STRADA ENDURANCE CS;"2021      ";Condutor;Lesões Leves;"41   ";Masculino;"0 ";"1    ";"0    ";"0    ";-15.0202600;-47.0464170;SPRF-DF;DEL02-DF;UOP02-DEL02-DF 
578724;"0         ";2024-02-03;sábado;07:34:00;GO;"20   ";"91   ";VILA BOA;Não;Ingestão de álcool pelo condutor;2;Saída de leito carroçável;Com Vítimas Feridas;Pleno dia;Crescente;Céu Claro;Simples;Reta;Não  ;"1031393   ";Semireboque;SR/LIBRELATO SRCAEDI 3E;"2021      ";"0";"0";"0    ";"0";"0 ";"0    ";"0    ";"0    ";-15.0202600;-47.0464170;SPRF-DF;DEL02-DF;UOP02-DEL02-DF 
578724;"1287126   ";2024-02-03;sábado;07:34:00;GO;"20   ";"91   ";VILA BOA;Sim;Acessar a via sem observar a presença dos outros veículos;2;Saída de leito carroçável;Com Vítimas Feridas;Pleno dia;Crescente;Céu Claro;Simples;Reta;Não  ;"1031389   ";Caminhão-trator;SCANIA/R450 A6X2;"2021      ";Condutor;Ileso;"53   ";Masculino;"1 ";"0    ";"0    ";"0    ";-15.0202600;-47.0464170;SPRF-DF;DEL02-DF;UOP02-DEL02-DF 