id;pesid;data_inversa;dia_semana;horario;uf;br;km;municipio;causa_principal;causa_acidente;ordem_tipo_acidente;tipo_acidente;classificacao_acidente;fase_dia;sentido_via;condicao_metereologica;tipo_pista;tracado_via;uso_solo;id_veiculo;tipo_veiculo;marca;ano_fabricacao_veiculo;tipo_envolvido;estado_fisico;idade;sexo;ilesos;feridos_leves;feridos_graves;mortos;latitude;longitude;regional;delegacia;uop
579379;"1288753   ";2024-02-06;terça-feira;13:30:00;GO;"40   ";"12,8 ";LUZIANIA;Sim;Acessar a via sem observar a presença dos outros veículos;1;Colisão transversal;Com Vítimas Feridas;Pleno dia;Crescente;Céu Claro;Dupla;Retorno Regulamentado;Sim  ;"1032690   ";Automóvel;CHEVROLET/CLASSIC LS;"2011      ";Condutor;Ileso;"42   ";Masculino;"1 ";"0    ";"0    ";"0    ";-16.1504830;-47.9402710;SPRF-DF;DEL01-DF;UOP01-DEL01-DF 
579379;"1288772   ";2024-02-06;terça-feira;13:30:00;GO;"40   ";"12,8 ";LUZIANIA;Sim;Acessar a via sem observar a presença dos outros veículos;1;Colisão transversal;Com Vítimas Feridas;Pleno dia;Crescente;Céu Claro;Dupla;Retorno Regulamentado;Sim  ;"1032689   ";Motocicleta;HONDA/CG 160 START;"2022      ";Passageiro;Lesões Leves;"22   ";Feminino;"0 ";"1    ";"0    ";"0    ";-16.1504830;-47.9402710;SPRF-DF;DEL01-DF;UOP01-DEL01-DF 
579379;"1288749   ";2024-02-06;terça-feira;13:30:00;GO;"40   ";"12,8 ";LUZIANIA;Sim;Acessar a via sem observar a presença dos outros veículos;1;Colisão transversal;Com Vítimas Feridas;Pleno dia;Crescente;Céu Claro;Dupla;Retorno Regulamentado;Sim  ;"1032689   ";Motocicleta;HONDA/CG 160 START;"2022      ";Condutor;Lesões Leves;"20   ";Masculino;"0 ";"1    ";"0    ";"0    ";-16.1504830;-47.9402710;SPRF-DF;DEL01-DF;UOP01-DEL01-DF 
579484;"1288949   ";2024-02-06;terça-feira;23:26:00;DF;"60   ";"0,9  ";BRASILIA;Sim;Demais falhas mecânicas ou elétricas;1;Incêndio;Sem Vítimas;Plena Noite;Crescente;Nublado;Dupla;Reta;Sim  ;"1032872   ";Ônibus;SCANIA/COMIL CAMPIONE DD;"2019      ";Condutor;Ileso;"31   ";Masculino;"1 ";"0    ";"0    ";"0    ";-15.8824990;-48.0602120;SPRF-DF;DEL03-DF;UOP01-DEL03-DF 
579500;"1288959   ";2024-02-07;quarta-feira;03:37:00;GO;"60   ";"31,4 ";ALEXANIA;Sim;Demais falhas mecânicas ou elétricas;1;Incêndio;Sem Vítimas;Plena Noite;Decrescente;Céu Claro;Dupla;Reta;Sim  ;"1032876   ";Caminhão;VW/10.160 DRC 4X2;"2017      ";Condutor;Ileso;"66   ";Masculino;"1 ";"0    ";"0    ";"0    ";-16.0963000;-48.5202000;SPRF-DF;DEL03-DF;UOP01-DEL03-DF 
579525;"1288973   ";2024-02-07;quarta-feira;07:50:00;DF;"40   ";"0,2  ";BRASILIA;Sim;Reação tardia ou ineficiente do condutor;3;Queda de ocupante de veículo;Com Vítimas Feridas;Pleno dia;Decrescente;Nublado;Dupla;Viaduto;Não  ;"1032885   ";Motocicleta;HONDA/CG 125 FAN;"2008      ";Condutor;Lesões Leves;"30   ";Masculino;"0 ";"1    ";"0    ";"0    ";-15.9768970;-47.9901290;SPRF-DF;DEL01-DF;UOP01-DEL01-DF 
579525;"1288973   ";2024-02-07;quarta-feira;07:50:00;DF;"40   ";"0,2  ";BRASILIA;Não;Velocidade Incompatível;3;Queda de ocupante de veículo;Com Vítimas Feridas;Pleno dia;Decrescente;Nublado;Dupla;Viaduto;Não  ;"1032885   ";Motocicleta;HONDA/CG 125 FAN;"2008      ";Condutor;Lesões Leves;"30   ";Masculino;"0 ";"1    ";"0    ";"0    ";-15.9768970;-47.9901290;SPRF-DF;DEL01-DF;UOP01-DEL01-DF 
579525;"1288973   ";2024-02-07;quarta-feira;07:50:00;DF;"40   ";"0,2  ";BRASILIA;Sim;Reação tardia ou ineficiente do condutor;2;Tombamento;Com Vítimas Feridas;Pleno dia;Decrescente;Nublado;Dupla;Viaduto;Não  ;"1032885   ";Motocicleta;HONDA/CG 125 FAN;"2008      ";Condutor;Lesões Leves;"30   ";Masculino;"0 ";"1    ";"0    ";"0    ";-15.9768970;-47.9901290;SPRF-DF;DEL01-DF;UOP01-DEL01-DF 
579525;"1288973   ";2024-02-07;quarta-feira;07:50:00;DF;"40   ";"0,2  ";BRASILIA;Não;Velocidade Incompatível;2;Tombamento;Com Vítimas Feridas;Pleno dia;Decrescente;Nublado;Dupla;Viaduto;Não  ;"1032885   ";Motocicleta;HONDA/CG 125 FAN;"2008      ";Condutor;Lesões Leves;"30   ";Masculino;"0 ";"1    ";"0    ";"0    ";-15.9768970;-47.9901290;SPRF-DF;DEL01-DF;UOP01-DEL01-DF 
579525;"1288973   ";2024-02-07;quarta-feira;07:50:00;DF;"40   ";"0,2  ";BRASILIA;Sim;Reação tardia ou ineficiente do condutor;1;Saída de leito carroçável;Com Vítimas Feridas;Pleno dia;Decrescente;Nublado;Dupla;Viaduto;Não  ;"1032885   ";Motocicleta;HONDA/CG 125 FAN;"2008      ";Condutor;Lesões Leves;"30   ";Masculino;"0 ";"1    ";"0    ";"0    ";-15.9768970;-47.9901290;SPRF-DF;DEL01-DF;UOP01-DEL01-DF 
579525;"1288973   ";2024-02-07;quarta-feira;07:50:00;DF;"40   ";"0,2  ";BRASILIA;Não;Velocidade Incompatível;1;Saída de leito carroçável;Com Vítimas Feridas;Pleno dia;Decrescente;Nublado;Dupla;Viaduto;Não  ;"1032885   ";Motocicleta;HONDA/CG 125 FAN;"2008      ";Condutor;Lesões Leves;"30   ";Masculino;"0 ";"1    ";"0    ";"0    ";-15.9768970;-47.9901290;SPRF-DF;DEL01-DF;UOP01-DEL01-DF 
579540;"1289254   ";2024-02-07;quarta-feira;09:25:00;GO;"40   ";"3    ";VALPARAISO DE GOIAS;Sim;Condutor deixou de manter distância do veículo da frente;1;Engavetamento;Com Vítimas Feridas;Pleno dia;Decrescente;Nublado;Dupla;Reta;Sim  ;"1032916   ";Automóvel;RENAULT/KWID INTENS 10MT;"2019      ";Condutor;Lesões Leves;"28   ";Masculino;"0 ";"1    ";"0    ";"0    ";-16.0760810;-47.9856710;SPRF-DF;DEL01-DF;UOP01-DEL01-DF 
579540;"1292021   ";2024-02-07;quarta-feira;09:25:00;GO;"40   ";"3    ";VALPARAISO DE GOIAS;Sim;Condutor deixou de manter distância do veículo da frente;1;Engavetamento;Com Vítimas Feridas;Pleno dia;Decrescente;Nublado;Dupla;Reta;Sim  ;"1032916   ";Automóvel;RENAULT/KWID INTENS 10MT;"2019      ";Passageiro;Lesões Leves;"23   ";Feminino;"0 ";"1    ";"0    ";"0    ";-16.0760810;-47.9856710;SPRF-DF;DEL01-DF;UOP01-DEL01-DF 
579540;"1289014   ";2024-02-07;quarta-feira;09:25:00;GO;"40   ";"3    ";VALPARAISO DE GOIAS;Sim;Condutor deixou de manter distância do veículo da frente;1;Engavetamento;Com Vítimas Feridas;Pleno dia;Decrescente;Nublado;Dupla;Reta;Sim  ;"1032917   ";Automóvel;CHEV/ONIX PLUS 10TAT LT1;"2022      ";Condutor;Ileso;"25   ";Feminino;"1 ";"0    ";"0    ";"0    ";-16.0760810;-47.9856710;SPRF-DF;DEL01-DF;UOP01-DEL01-DF 
579540;"1289012   ";2024-02-07;quarta-feira;09:25:00;GO;"40   ";"3    ";VALPARAISO DE GOIAS;Sim;Condutor deixou de manter distância do veículo da frente;1;Engavetamento;Com Vítimas Feridas;Pleno dia;Decrescente;Nublado;Dupla;Reta;Sim  ;"1032915   ";Automóvel;GM/ASTRA HB 4P ADVANTAGE;"2007      ";Condutor;Ileso;"47   ";Masculino;"1 ";"0    ";"0    ";"0    ";-16.0760810;-47.9856710;SPRF-DF;DEL01-DF;UOP01-DEL01-DF 
579690;"1289440   ";2024-02-07;quarta-feira;23:40:00;GO;"70   ";"6    ";AGUAS LINDAS DE GOIAS;Sim;Condutor deixou de manter distância do veículo da frente;3;Queda de ocupante de veículo;Com Vítimas Feridas;Plena Noite;Crescente;Chuva;Dupla;Reta;Sim  ;"1033271   ";Automóvel;AUDI/A3 1.8;"2001      ";Condutor;Ileso;"51   ";Masculino;"1 ";"0    ";"0    ";"0    ";-15.7568368;-48.2546473;SPRF-DF;DEL03-DF;UOP02-DEL03-DF 
579690;"1289441   ";2024-02-07;quarta-feira;23:40:00;GO;"70   ";"6    ";AGUAS LINDAS DE GOIAS;Sim;Condutor deixou de manter distância do veículo da frente;3;Queda de ocupante de veículo;Com Vítimas Feridas;Plena Noite;Crescente;Chuva;Dupla;Reta;Sim  ;"1033272   ";Motocicleta;HONDA/CG 125 FAN KS;"2015      ";Condutor;Lesões Leves;"24   ";Masculino;"0 ";"1    ";"0    ";"0    ";-15.7568368;-48.2546473;SPRF-DF;DEL03-DF;UOP02-DEL03-DF 
579690;"1289440   ";2024-02-07;quarta-feira;23:40:00;GO;"70   ";"6    ";AGUAS LINDAS DE GOIAS;Sim;Condutor deixou de manter distância do veículo da frente;2;Tombamento;Com Vítimas Feridas;Plena Noite;Crescente;Chuva;Dupla;Reta;Sim  ;"1033271   ";Automóvel;AUDI/A3 1.8;"2001      ";Condutor;Ileso;"51   ";Masculino;"1 ";"0    ";"0    ";"0    ";-15.7568368;-48.2546473;SPRF-DF;DEL03-DF;UOP02-DEL03-DF 
579690;"1289441   ";2024-02-07;quarta-feira;23:40:00;GO;"70   ";"6    ";AGUAS LINDAS DE GOIAS;Sim;Condutor deixou de manter distância do veículo da frente;2;Tombamento;Com Vítimas Feridas;Plena Noite;Crescente;Chuva;Dupla;Reta;Sim  ;"1033272   ";Motocicleta;HONDA/CG 125 FAN KS;"2015      ";Condutor;Lesões Leves;"24   ";Masculino;"0 ";"1    ";"0    ";"0    ";-15.7568368;-48.2546473;SPRF-DF;DEL03-DF;UOP02-DEL03-DF 
579690;"1289440   ";2024-02-07;quarta-feira;23:40:00;GO;"70   ";"6    ";AGUAS LINDAS DE GOIAS;Sim;Condutor deixou de manter distância do veículo da frente;1;Colisão traseira;Com Vítimas Feridas;Plena Noite;Crescente;Chuva;Dupla;Reta;Sim  ;"1033271   ";Automóvel;AUDI/A3 1.8;"2001      ";Condutor;Ileso;"51   ";Masculino;"1 ";"0    ";"0    ";"0    ";-15.7568368;-48.2546473;SPRF-DF;DEL03-DF;UOP02-DEL03-DF 
579690;"1289441   ";2024-02-07;quarta-feira;23:40:00;GO;"70   ";"6    ";AGUAS LINDAS DE GOIAS;Sim;Condutor deixou de manter distância do veículo da frente;1;Colisão traseira;Com Vítimas Feridas;Plena Noite;Crescente;Chuva;Dupla;Reta;Sim  ;"1033272   ";Motocicleta;HONDA/CG 125 FAN KS;"2015      ";Condutor;Lesões Leves;"24   ";Masculino;"0 ";"1    ";"0    ";"0    ";-15.7568368;-48.2546473;SPRF-DF;DEL03-DF;UOP02-DEL03-DF 
579852;"1289857   ";2024-02-08;quinta-feira;19:10:00;GO;"40   ";"0,2  ";VALPARAISO DE GOIAS;Sim;Pista Escorregadia;1;Queda de ocupante de veículo;Com Vítimas Feridas;Plena Noite;Crescente;Nublado;Dupla;Reta;Sim  ;"1033567   ";Motocicleta;YAMAHA/XTZ150 CROSSER ED;"2014      ";Condutor;Lesões Graves;"60   ";Masculino;"0 ";"0    ";"1    ";"0    ";-16.0582730;-47.9826550;SPRF-DF;DEL01-DF;UOP01-DEL01-DF 
579882;"1290052   ";2024-02-08;quinta-feira;20:55:00;GO;"40   ";"15   ";LUZIANIA;Sim;Ausência de reação do condutor;1;Queda de ocupante de veículo;Com Vítimas Feridas;Plena Noite;Decrescente;Nublado;Dupla;Reta;Sim  ;"1033703   ";Motocicleta;HONDA/CG 160 START;"2023      ";Condutor;Lesões Leves;"21   ";Masculino;"0 ";"1    ";"0    ";"0    ";-16.1671000;-47.9301610;SPRF-DF;DEL01-DF;UOP01-DEL01-DF 
579903;"1289968   ";2024-02-08;quinta-feira;23:30:00;GO;"20   ";"136  ";FLORES DE GOIAS;Sim;Animais na Pista;1;Atropelamento de Animal;Sem Vítimas;Plena Noite;Crescente;Chuva;Simples;Reta;Não  ;"1033646   ";Automóvel;CHEVROLET/CLASSIC LS;"2013      ";Condutor;Ileso;"57   ";Masculino;"1 ";"0    ";"0    ";"0    ";-14.8025570;-46.7054940;SPRF-DF;DEL02-DF;UOP03-DEL02-DF 
579903;"1292422   ";2024-02-08;quinta-feira;23:30:00;GO;"20   ";"136  ";FLORES DE GOIAS;Sim;Animais na Pista;1;Atropelamento de Animal;Sem Vítimas;Plena Noite;Crescente;Chuva;Simples;Reta;Não  ;"1033646   ";Automóvel;CHEVROLET/CLASSIC LS;"2013      ";Passageiro;Ileso;"58   ";Masculino;"1 ";"0    ";"0    ";"0    ";-14.8025570;-46.7054940;SPRF-DF;DEL02-DF;UOP03-DEL02-DF 
579903;"1292420   ";2024-02-08;quinta-feira;23:30:00;GO;"20   ";"136  ";FLORES DE GOIAS;Sim;Animais na Pista;1;Atropelamento de Animal;Sem Vítimas;Plena Noite;Crescente;Chuva;Simples;Reta;Não  ;"1033646   ";Automóvel;CHEVROLET/CLASSIC LS;"2013      ";Passageiro;Ileso;"50   ";Feminino;"1 ";"0    ";"0    ";"0    ";-14.8025570;-46.7054940;SPRF-DF;DEL02-DF;UOP03-DEL02-DF 
579903;"1289967   ";2024-02-08;quinta-feira;23:30:00;GO;"20   ";"136  ";FLORES DE GOIAS;Sim;Animais na Pista;1;Atropelamento de Animal;Sem Vítimas;Plena Noite;Crescente;Chuva;Simples;Reta;Não  ;"1033645   ";Caminhonete;FIAT/FIOR MODIFICAR AB1;"2020      ";Condutor;Ileso;"48   ";Masculino;"1 ";"0    ";"0    ";"0    ";-14.8025570;-46.7054940;SPRF-DF;DEL02-DF;UOP03-DEL02-DF 
579903;"1292413   ";2024-02-08;quinta-feira;23:30:00;GO;"20   ";"136  ";FLORES DE GOIAS;Sim;Animais na Pista;1;Atropelamento de Animal;Sem Vítimas;Plena Noite;Crescente;Chuva;Simples;Reta;Não  ;"1033645   ";Caminhonete;FIAT/FIOR MODIFICAR AB1;"2020      ";Passageiro;Ileso;"56   ";Feminino;"1 ";"0    ";"0    ";"0    ";-14.8025570;-46.7054940;SPRF-DF;DEL02-DF;UOP03-DEL02-DF 
579903;"1292415   ";2024-02-08;quinta-feira;23:30:00;GO;"20   ";"136  ";FLORES DE GOIAS;Sim;Animais na Pista;1;Atropelamento de Animal;Sem Vítimas;Plena Noite;Crescente;Chuva;Simples;Reta;Não  ;"1033645   ";Caminhonete;FIAT/FIOR MODIFICAR AB1;"2020      ";Passageiro;Ileso;"81   ";Feminino;"1 ";"0    ";"0    ";"0    ";-14.8025570;-46.7054940;SPRF-DF;DEL02-DF;UOP03-DEL02-DF 
579903;"1289969   ";2024-02-08;quinta-feira;23:30:00;GO;"20   ";"136  ";FLORES DE GOIAS;Sim;Animais na Pista;1;Atropelamento de Animal;Sem Vítimas;Plena Noite;Crescente;Chuva;Simples;Reta;Não  ;"1033647   ";Automóvel;FIAT/PALIO WEEK TREKKING;"2011      ";Condutor;Ileso;"37   ";Masculino;"1 ";"0    ";"0    ";"0    ";-14.8025570;-46.7054940;SPRF-DF;DEL02-DF;UOP03-DEL02-DF 
579903;"1292424   ";2024-02-08;quinta-feira;23:30:00;GO;"20   ";"136  ";FLORES DE GOIAS;Sim;Animais na Pista;1;Atropelamento de Animal;Sem Vítimas;Plena Noite;Crescente;Chuva;Simples;Reta;Não  ;"1033647   ";Automóvel;FIAT/PALIO WEEK TREKKING;"2011      ";Passageiro;Ileso;"15   ";Masculino;"1 ";"0    ";"0    ";"0    ";-14.8025570;-46.7054940;SPRF-DF;DEL02-DF;UOP03-DEL02-DF 
579903;"1292426   ";2024-02-08;quinta-feira;23:30:00;GO;"20   ";"136  ";FLORES DE GOIAS;Sim;Animais na Pista;1;Atropelamento de Animal;Sem Vítimas;Plena Noite;Crescente;Chuva;Simples;Reta;Não  ;"1033647   ";Automóvel;FIAT/PALIO WEEK TREKKING;"2011      ";Passageiro;Ileso;"33   ";Masculino;"1 ";"0    ";"0    ";"0    ";-14.8025570;-46.7054940;SPRF-DF;DEL02-DF;UOP03-DEL02-DF 
579906;"1289932   ";2024-02-09;sexta-feira;00:40:00;DF;"40   ";"4    ";BRASILIA;Não;Ingestão de álcool pelo condutor;1;Colisão traseira;Sem Vítimas;Plena Noite;Crescente;Chuva;Dupla;Reta;Sim  ;"1033622   ";Automóvel;GM/VECTRA GL;"1998      ";Condutor;Ileso;"49   ";Masculino;"1 ";"0    ";"0    ";"0    ";-16.0120330;-47.9821240;SPRF-DF;DEL01-DF;UOP01-DEL01-DF 
579906;"1289933   ";2024-02-09;sexta-feira;00:40:00;DF;"40   ";"4    ";BRASILIA;Não;Ingestão de álcool pelo condutor;1;Colisão traseira;Sem Vítimas;Plena Noite;Crescente;Chuva;Dupla;Reta;Sim  ;"1033623   ";Automóvel;HONDA/CIVIC LX;"2005      ";Condutor;Ileso;"35   ";Masculino;"1 ";"0    ";"0    ";"0    ";-16.0120330;-47.9821240;SPRF-DF;DEL01-DF;UOP01-DEL01-DF 
579906;"1289932   ";2024-02-09;sexta-feira;00:40:00;DF;"40   ";"4    ";BRASILIA;Sim;Condutor deixou de manter distância do veículo da frente;1;Colisão traseira;Sem Vítimas;Plena Noite;Crescente;Chuva;Dupla;Reta;Sim  ;"1033622   ";Automóvel;GM/VECTRA GL;"1998      ";Condutor;Ileso;"49   ";Masculino;"1 ";"0    ";"0    ";"0    ";-16.0120330;-47.9821240;SPRF-DF;DEL01-DF;UOP01-DEL01-DF 
579906;"1289933   ";2024-02-09;sexta-feira;00:40:00;DF;"40   ";"4    ";BRASILIA;Sim;Condutor deixou de manter distância do veículo da frente;1;Colisão traseira;Sem Vítimas;Plena Noite;Crescente;Chuva;Dupla;Reta;Sim  ;"1033623   ";Automóvel;HONDA/CIVIC LX;"2005      ";Condutor;Ileso;"35   ";Masculino;"1 ";"0    ";"0    ";"0    ";-16.0120330;-47.9821240;SPRF-DF;DEL01-DF;UOP01-DEL01-DF 
579952;"1290058   ";2024-02-09;sexta-feira;08:00:00;GO;"80   ";"39,4 ";PADRE BERNARDO;Não;Animais na Pista;1;Atropelamento de Animal;Com Vítimas Feridas;Pleno dia;Crescente;Céu Claro;Simples;Reta;Não  ;"1033710   ";Automóvel;I/PEUGEOT 208 STYLE MT;"2022      ";Condutor;Lesões Leves;"35   ";Masculino;"0 ";"1    ";"0    ";"0    ";-15.2293090;-48.2768150;SPRF-DF;DEL03-DF;UOP02-DEL03-DF 
579952;"1291427   ";2024-02-09;sexta-feira;08:00:00;GO;"80   ";"39,4 ";PADRE BERNARDO;Não;Animais na Pista;1;Atropelamento de Animal;Com Vítimas Feridas;Pleno dia;Crescente;Céu Claro;Simples;Reta;Não  ;"1033710   ";Automóvel;I/PEUGEOT 208 STYLE MT;"2022      ";Passageiro;Lesões Leves;"43   ";Feminino;"0 ";"1    ";"0    ";"0    ";-15.2293090;-48.2768150;SPRF-DF;DEL03-DF;UOP02-DEL03-DF 
579952;"1291428   ";2024-02-09;sexta-feira;08:00:00;GO;"80   ";"39,4 ";PADRE BERNARDO;Não;Animais na Pista;1;Atropelamento de Animal;Com Vítimas Feridas;Pleno dia;Crescente;Céu Claro;Simples;Reta;Não  ;"1033710   ";Automóvel;I/PEUGEOT 208 STYLE MT;"2022      ";Passageiro;Ileso;"62   ";Feminino;"1 ";"0    ";"0    ";"0    ";-15.2293090;-48.2768150;SPRF-DF;DEL03-DF;UOP02-DEL03-DF 
579952;"1291431   ";2024-02-09;sexta-feira;08:00:00;GO;"80   ";"39,4 ";PADRE BERNARDO;Não;Animais na Pista;1;Atropelamento de Animal;Com Vítimas Feridas;Pleno dia;Crescente;Céu Claro;Simples;Reta;Não  ;"0         ";"0";NA/NA;"0         ";Testemunha;Não Informado;"0    ";Não Informado;"0 ";"0    ";"0    ";"0    ";-15.2293090;-48.2768150;SPRF-DF;DEL03-DF;UOP02-DEL03-DF 
579952;"1290058   ";2024-02-09;sexta-feira;08:00:00;GO;"80   ";"39,4 ";PADRE BERNARDO;Sim;Ausência de reação do condutor;1;Atropelamento de Animal;Com Vítimas Feridas;Pleno dia;Crescente;Céu Claro;Simples;Reta;Não  ;"1033710   ";Automóvel;I/PEUGEOT 208 STYLE MT;"2022      ";Condutor;Lesões Leves;"35   ";Masculino;"0 ";"1    ";"0    ";"0    ";-15.2293090;-48.2768150;SPRF-DF;DEL03-DF;UOP02-DEL03-DF 
579952;"1291427   ";2024-02-09;sexta-feira;08:00:00;GO;"80   ";"39,4 ";PADRE BERNARDO;Sim;Ausência de reação do condutor;1;Atropelamento de Animal;Com Vítimas Feridas;Pleno dia;Crescente;Céu Claro;Simples;Reta;Não  ;"1033710   ";Automóvel;I/PEUGEOT 208 STYLE MT;"2022      ";Passageiro;Lesões Leves;"43   ";Feminino;"0 ";"1    ";"0    ";"0    ";-15.2293090;-48.2768150;SPRF-DF;DEL03-DF;UOP02-DEL03-DF 
579952;"1291428   ";2024-02-09;sexta-feira;08:00:00;GO;"80   ";"39,4 ";PADRE BERNARDO;Sim;Ausência de reação do condutor;1;Atropelamento de Animal;Com Vítimas Feridas;Pleno dia;Crescente;Céu Claro;Simples;Reta;Não  ;"1033710   ";Automóvel;I/PEUGEOT 208 STYLE MT;"2022      ";Passageiro;Ileso;"62   ";Feminino;"1 ";"0    ";"0    ";"0    ";-15.2293090;-48.2768150;SPRF-DF;DEL03-DF;UOP02-DEL03-DF 
579952;"1291431   ";2024-02-09;sexta-feira;08:00:00;GO;"80   ";"39,4 ";PADRE BERNARDO;Sim;Ausência de reação do condutor;1;Atropelamento de Animal;Com Vítimas Feridas;Pleno dia;Crescente;Céu Claro;Simples;Reta;Não  ;"0         ";"0";NA/NA;"0         ";Testemunha;Não Informado;"0    ";Não Informado;"0 ";"0    ";"0    ";"0    ";-15.2293090;-48.2768150;SPRF-DF;DEL03-DF;UOP02-DEL03-DF 
579968;"1290270   ";2024-02-09;sexta-feira;08:00:00;GO;"251  ";"32   ";CRISTALINA;Não;Ausência de reação do condutor;1;Colisão transversal;Com Vítimas Feridas;Pleno dia;Decrescente;Nublado;Simples;Reta;Não  ;"1033879   ";Caminhonete;FIAT/FIORINO HD WK E;"2018      ";Condutor;Ileso;"27   ";Masculino;"1 ";"0    ";"0    ";"0    ";-16.0665166;-47.5318444;SPRF-DF;DEL01-DF;UOP01-DEL01-DF 
579968;"1290276   ";2024-02-09;sexta-feira;08:00:00;GO;"251  ";"32   ";CRISTALINA;Não;Ausência de reação do condutor;1;Colisão transversal;Com Vítimas Feridas;Pleno dia;Decrescente;Nublado;Simples;Reta;Não  ;"1033892   ";Motocicleta;HONDA/CG 125 TODAY;"1990      ";Condutor;Lesões Graves;"40   ";Masculino;"0 ";"0    ";"1    ";"0    ";-16.0665166;-47.5318444;SPRF-DF;DEL01-DF;UOP01-DEL01-DF 
579968;"1290270   ";2024-02-09;sexta-feira;08:00:00;GO;"251  ";"32   ";CRISTALINA;Sim;Acessar a via sem observar a presença dos outros veículos;1;Colisão transversal;Com Vítimas Feridas;Pleno dia;Decrescente;Nublado;Simples;Reta;Não  ;"1033879   ";Caminhonete;FIAT/FIORINO HD WK E;"2018      ";Condutor;Ileso;"27   ";Masculino;"1 ";"0    ";"0    ";"0    ";-16.0665166;-47.5318444;SPRF-DF;DEL01-DF;UOP01-DEL01-DF 
579968;"1290276   ";2024-02-09;sexta-feira;08:00:00;GO;"251  ";"32   ";CRISTALINA;Sim;Acessar a via sem observar a presença dos outros veículos;1;Colisão transversal;Com Vítimas Feridas;Pleno dia;Decrescente;Nublado;Simples;Reta;Não  ;"1033892   ";Motocicleta;HONDA/CG 125 TODAY;"1990      ";Condutor;Lesões Graves;"40   ";Masculino;"0 ";"0    ";"1    ";"0    ";-16.0665166;-47.5318444;SPRF-DF;DEL01-DF;UOP01-DEL01-DF 
579991;"1290274   ";2024-02-09;sexta-feira;12:30:00;DF;"60   ";"9,5  ";BRASILIA;Sim;Ausência de reação do condutor;1;Colisão com objeto;Com Vítimas Feridas;Pleno dia;Crescente;Céu Claro;Dupla;"Reta;Viaduto";Sim  ;"1033897   ";Motocicleta;HONDA/CB250F TWISTER ABS;"2020      ";Condutor;Lesões Graves;"33   ";Masculino;"0 ";"0    ";"1    ";"0    ";-15.9062930;-48.1399650;SPRF-DF;DEL03-DF;UOP01-DEL03-DF 
580040;"1290371   ";2024-02-09;sexta-feira;14:00:00;GO;"40   ";"35   ";LUZIANIA;Não;Transitar na contramão;3;Saída de leito carroçável;Com Vítimas Feridas;Pleno dia;Crescente;Sol;Dupla;Reta;Não  ;"1033915   ";Camioneta;JEEP/COMPASS SPORT TF;"2021      ";Passageiro;Lesões Graves;"35   ";Feminino;"0 ";"0    ";"1    ";"0    ";-16.3164140;-47.8413040;SPRF-DF;DEL01-DF;UOP01-DEL01-DF 
580040;"1290370   ";2024-02-09;sexta-feira;14:00:00;GO;"40   ";"35   ";LUZIANIA;Não;Transitar na contramão;3;Saída de leito carroçável;Com Vítimas Feridas;Pleno dia;Crescente;Sol;Dupla;Reta;Não  ;"1033915   ";Camioneta;JEEP/COMPASS SPORT TF;"2021      ";Condutor;Lesões Graves;"44   ";Masculino;"0 ";"0    ";"1    ";"0    ";-16.3164140;-47.8413040;SPRF-DF;DEL01-DF;UOP01-DEL01-DF 
580040;"1290376   ";2024-02-09;sexta-feira;14:00:00;GO;"40   ";"35   ";LUZIANIA;Não;Transitar na contramão;3;Saída de leito carroçável;Com Vítimas Feridas;Pleno dia;Crescente;Sol;Dupla;Reta;Não  ;"1033915   ";Camioneta;JEEP/COMPASS SPORT TF;"2021      ";Passageiro;Lesões Graves;"2    ";Feminino;"0 ";"0    ";"1    ";"0    ";-16.3164140;-47.8413040;SPRF-DF;DEL01-DF;UOP01-DEL01-DF 
580040;"1290352   ";2024-02-09;sexta-feira;14:00:00;GO;"40   ";"35   ";LUZIANIA;Não;Transitar na contramão;3;Saída de leito carroçável;Com Vítimas Feridas;Pleno dia;Crescente;Sol;Dupla;Reta;Não  ;"1033913   ";Automóvel;FIAT/BRAVA SX;"2000      ";Condutor;Não Informado;"0    ";Não Informado;"0 ";"0    ";"0    ";"0    ";-16.3164140;-47.8413040;SPRF-DF;DEL01-DF;UOP01-DEL01-DF 
580040;"1290371   ";2024-02-09;sexta-feira;14:00:00;GO;"40   ";"35   ";LUZIANIA;Não;Conversão proibida;3;Saída de leito carroçável;Com Vítimas Feridas;Pleno dia;Crescente;Sol;Dupla;Reta;Não  ;"1033915   ";Camioneta;JEEP/COMPASS SPORT TF;"2021      ";Passageiro;Lesões Graves;"35   ";Feminino;"0 ";"0    ";"1    ";"0    ";-16.3164140;-47.8413040;SPRF-DF;DEL01-DF;UOP01-DEL01-DF 
580040;"1290370   ";2024-02-09;sexta-feira;14:00:00;GO;"40   ";"35   ";LUZIANIA;Não;Conversão proibida;3;Saída de leito carroçável;Com Vítimas Feridas;Pleno dia;Crescente;Sol;Dupla;Reta;Não  ;"1033915   ";Camioneta;JEEP/COMPASS SPORT TF;"2021      ";Condutor;Lesões Graves;"44   ";Masculino;"0 ";"0    ";"1    ";"0    ";-16.3164140;-47.8413040;SPRF-DF;DEL01-DF;UOP01-DEL01-DF 