id;pesid;data_inversa;dia_semana;horario;uf;br;km;municipio;causa_principal;causa_acidente;ordem_tipo_acidente;tipo_acidente;classificacao_acidente;fase_dia;sentido_via;condicao_metereologica;tipo_pista;tracado_via;uso_solo;id_veiculo;tipo_veiculo;marca;ano_fabricacao_veiculo;tipo_envolvido;estado_fisico;idade;sexo;ilesos;feridos_leves;feridos_graves;mortos;latitude;longitude;regional;delegacia;uop
580105;"1294385   ";2024-02-09;sexta-feira;20:30:00;GO;"40   ";"11,9 ";LUZIANIA;Sim;Transitar no Acostamento;1;Atropelamento de Pedestre;Com Vítimas Fatais;Plena Noite;Crescente;Chuva;Dupla;Reta;Sim  ;"0         ";"0";NA/NA;"0         ";Pedestre;Óbito;"38   ";Masculino;"0 ";"0    ";"0    ";"1    ";-16.1451230;-47.9453820;SPRF-DF;DEL01-DF;UOP01-DEL01-DF 
580108;"1291308   ";2024-02-09;sexta-feira;21:10:00;GO;"414  ";"352  ";COCALZINHO DE GOIAS;Sim;Conversão proibida;1;Colisão lateral mesmo sentido;Com Vítimas Feridas;Plena Noite;Decrescente;Nublado;Simples;Reta;Não  ;"1034126   ";Automóvel;I/FORD FOCUS SE 1.6 HC;"2017      ";Condutor;Lesões Leves;"29   ";Masculino;"0 ";"1    ";"0    ";"0    ";-15.6474699;-48.6794961;SPRF-GO;DEL02-GO;UOP01-DEL02-GO 
580108;"1292243   ";2024-02-09;sexta-feira;21:10:00;GO;"414  ";"352  ";COCALZINHO DE GOIAS;Sim;Conversão proibida;1;Colisão lateral mesmo sentido;Com Vítimas Feridas;Plena Noite;Decrescente;Nublado;Simples;Reta;Não  ;"1034126   ";Automóvel;I/FORD FOCUS SE 1.6 HC;"2017      ";Passageiro;Lesões Leves;"23   ";Feminino;"0 ";"1    ";"0    ";"0    ";-15.6474699;-48.6794961;SPRF-GO;DEL02-GO;UOP01-DEL02-GO 
580108;"1291309   ";2024-02-09;sexta-feira;21:10:00;GO;"414  ";"352  ";COCALZINHO DE GOIAS;Sim;Conversão proibida;1;Colisão lateral mesmo sentido;Com Vítimas Feridas;Plena Noite;Decrescente;Nublado;Simples;Reta;Não  ;"1034130   ";Automóvel;I/FIAT CRONOS DRIVE 1.3;"2021      ";Condutor;Ileso;"64   ";Masculino;"1 ";"0    ";"0    ";"0    ";-15.6474699;-48.6794961;SPRF-GO;DEL02-GO;UOP01-DEL02-GO 
580108;"1292244   ";2024-02-09;sexta-feira;21:10:00;GO;"414  ";"352  ";COCALZINHO DE GOIAS;Sim;Conversão proibida;1;Colisão lateral mesmo sentido;Com Vítimas Feridas;Plena Noite;Decrescente;Nublado;Simples;Reta;Não  ;"1034130   ";Automóvel;I/FIAT CRONOS DRIVE 1.3;"2021      ";Passageiro;Lesões Leves;"54   ";Feminino;"0 ";"1    ";"0    ";"0    ";-15.6474699;-48.6794961;SPRF-GO;DEL02-GO;UOP01-DEL02-GO 
580126;"1290660   ";2024-02-09;sexta-feira;21:30:00;DF;"60   ";"3    ";BRASILIA;Sim;Reação tardia ou ineficiente do condutor;3;Saída de leito carroçável;Com Vítimas Feridas;Plena Noite;Crescente;Chuva;Dupla;"Reta;Retorno Regulamentado";Sim  ;"1034092   ";Motoneta;HONDA/ELITE 125;"2020      ";Passageiro;Lesões Graves;"20   ";Feminino;"0 ";"0    ";"1    ";"0    ";-15.8903458;-48.0873130;SPRF-DF;DEL03-DF;UOP01-DEL03-DF 
580126;"1290530   ";2024-02-09;sexta-feira;21:30:00;DF;"60   ";"3    ";BRASILIA;Sim;Reação tardia ou ineficiente do condutor;3;Saída de leito carroçável;Com Vítimas Feridas;Plena Noite;Crescente;Chuva;Dupla;"Reta;Retorno Regulamentado";Sim  ;"1034092   ";Motoneta;HONDA/ELITE 125;"2020      ";Condutor;Lesões Leves;"19   ";Masculino;"0 ";"1    ";"0    ";"0    ";-15.8903458;-48.0873130;SPRF-DF;DEL03-DF;UOP01-DEL03-DF 
580126;"1290660   ";2024-02-09;sexta-feira;21:30:00;DF;"60   ";"3    ";BRASILIA;Sim;Reação tardia ou ineficiente do condutor;2;Queda de ocupante de veículo;Com Vítimas Feridas;Plena Noite;Crescente;Chuva;Dupla;"Reta;Retorno Regulamentado";Sim  ;"1034092   ";Motoneta;HONDA/ELITE 125;"2020      ";Passageiro;Lesões Graves;"20   ";Feminino;"0 ";"0    ";"1    ";"0    ";-15.8903458;-48.0873130;SPRF-DF;DEL03-DF;UOP01-DEL03-DF 
580126;"1290530   ";2024-02-09;sexta-feira;21:30:00;DF;"60   ";"3    ";BRASILIA;Sim;Reação tardia ou ineficiente do condutor;2;Queda de ocupante de veículo;Com Vítimas Feridas;Plena Noite;Crescente;Chuva;Dupla;"Reta;Retorno Regulamentado";Sim  ;"1034092   ";Motoneta;HONDA/ELITE 125;"2020      ";Condutor;Lesões Leves;"19   ";Masculino;"0 ";"1    ";"0    ";"0    ";-15.8903458;-48.0873130;SPRF-DF;DEL03-DF;UOP01-DEL03-DF 
580126;"1290660   ";2024-02-09;sexta-feira;21:30:00;DF;"60   ";"3    ";BRASILIA;Sim;Reação tardia ou ineficiente do condutor;1;Tombamento;Com Vítimas Feridas;Plena Noite;Crescente;Chuva;Dupla;"Reta;Retorno Regulamentado";Sim  ;"1034092   ";Motoneta;HONDA/ELITE 125;"2020      ";Passageiro;Lesões Graves;"20   ";Feminino;"0 ";"0    ";"1    ";"0    ";-15.8903458;-48.0873130;SPRF-DF;DEL03-DF;UOP01-DEL03-DF 
580126;"1290530   ";2024-02-09;sexta-feira;21:30:00;DF;"60   ";"3    ";BRASILIA;Sim;Reação tardia ou ineficiente do condutor;1;Tombamento;Com Vítimas Feridas;Plena Noite;Crescente;Chuva;Dupla;"Reta;Retorno Regulamentado";Sim  ;"1034092   ";Motoneta;HONDA/ELITE 125;"2020      ";Condutor;Lesões Leves;"19   ";Masculino;"0 ";"1    ";"0    ";"0    ";-15.8903458;-48.0873130;SPRF-DF;DEL03-DF;UOP01-DEL03-DF 
580130;"1290554   ";2024-02-09;sexta-feira;23:50:00;GO;"153  ";"413  ";PIRENOPOLIS;Sim;Chuva;1;Colisão com objeto;Com Vítimas Feridas;Plena Noite;Crescente;Chuva;Simples;"Ponte;Declive";Não  ;"1034119   ";Automóvel;HYUNDAI/HB20S 1.6A PREM;"2014      ";Condutor;Ileso;"31   ";Masculino;"1 ";"0    ";"0    ";"0    ";-16.1199820;-49.0364690;SPRF-GO;DEL02-GO;UOP02-DEL02-GO 
580130;"1290620   ";2024-02-09;sexta-feira;23:50:00;GO;"153  ";"413  ";PIRENOPOLIS;Sim;Chuva;1;Colisão com objeto;Com Vítimas Feridas;Plena Noite;Crescente;Chuva;Simples;"Ponte;Declive";Não  ;"1034119   ";Automóvel;HYUNDAI/HB20S 1.6A PREM;"2014      ";Passageiro;Lesões Graves;"34   ";Feminino;"0 ";"0    ";"1    ";"0    ";-16.1199820;-49.0364690;SPRF-GO;DEL02-GO;UOP02-DEL02-GO 
580130;"1290619   ";2024-02-09;sexta-feira;23:50:00;GO;"153  ";"413  ";PIRENOPOLIS;Sim;Chuva;1;Colisão com objeto;Com Vítimas Feridas;Plena Noite;Crescente;Chuva;Simples;"Ponte;Declive";Não  ;"1034119   ";Automóvel;HYUNDAI/HB20S 1.6A PREM;"2014      ";Passageiro;Lesões Leves;"39   ";Masculino;"0 ";"1    ";"0    ";"0    ";-16.1199820;-49.0364690;SPRF-GO;DEL02-GO;UOP02-DEL02-GO 
580198;"1292349   ";2024-02-10;sábado;00:52:00;DF;"251  ";"11   ";BRASILIA;Sim;Chuva;1;Colisão com objeto;Com Vítimas Feridas;Plena Noite;Crescente;Chuva;Simples;"Reta;Interseção de Vias;Rotatória";Não  ;"1035407   ";Caminhonete;I/FORD RANGER XL 13P;"2011      ";Passageiro;Lesões Leves;"30   ";Feminino;"0 ";"1    ";"0    ";"0    ";-15.9697070;-47.5869410;SPRF-DF;DEL01-DF;UOP01-DEL01-DF 
580198;"1292348   ";2024-02-10;sábado;00:52:00;DF;"251  ";"11   ";BRASILIA;Sim;Chuva;1;Colisão com objeto;Com Vítimas Feridas;Plena Noite;Crescente;Chuva;Simples;"Reta;Interseção de Vias;Rotatória";Não  ;"1035407   ";Caminhonete;I/FORD RANGER XL 13P;"2011      ";Passageiro;Lesões Leves;"4    ";Feminino;"0 ";"1    ";"0    ";"0    ";-15.9697070;-47.5869410;SPRF-DF;DEL01-DF;UOP01-DEL01-DF 
580198;"1292760   ";2024-02-10;sábado;00:52:00;DF;"251  ";"11   ";BRASILIA;Sim;Chuva;1;Colisão com objeto;Com Vítimas Feridas;Plena Noite;Crescente;Chuva;Simples;"Reta;Interseção de Vias;Rotatória";Não  ;"1035407   ";Caminhonete;I/FORD RANGER XL 13P;"2011      ";Condutor;Não Informado;"0    ";Não Informado;"0 ";"0    ";"0    ";"0    ";-15.9697070;-47.5869410;SPRF-DF;DEL01-DF;UOP01-DEL01-DF 
580202;"1290612   ";2024-02-10;sábado;07:40:00;DF;"20   ";"6,7  ";BRASILIA;Sim;Ingestão de álcool pelo condutor;1;Saída de leito carroçável;Sem Vítimas;Pleno dia;Crescente;Chuva;Dupla;"Aclive;Reta";Sim  ;"1034170   ";Automóvel;VW/GOL 1.0;"2012      ";Condutor;Ileso;"27   ";Masculino;"1 ";"0    ";"0    ";"0    ";-15.6658880;-47.8083080;SPRF-DF;DEL02-DF;UOP01-DEL02-DF 
580209;"1290767   ";2024-02-10;sábado;08:50:00;GO;"40   ";"0,9  ";VALPARAISO DE GOIAS;Não;Trafegar com motocicleta (ou similar) entre as faixas;3;Queda de ocupante de veículo;Com Vítimas Feridas;Pleno dia;Decrescente;Nublado;Dupla;Reta;Sim  ;"1034250   ";Automóvel;GM/OPALA DIPLOMATA;"1986      ";Condutor;Ileso;"42   ";Masculino;"1 ";"0    ";"0    ";"0    ";-16.0582730;-47.9826550;SPRF-DF;DEL01-DF;UOP01-DEL01-DF 
580209;"1290796   ";2024-02-10;sábado;08:50:00;GO;"40   ";"0,9  ";VALPARAISO DE GOIAS;Não;Trafegar com motocicleta (ou similar) entre as faixas;3;Queda de ocupante de veículo;Com Vítimas Feridas;Pleno dia;Decrescente;Nublado;Dupla;Reta;Sim  ;"1034258   ";Motocicleta;HONDA/XRE 300 ABS;"0         ";Condutor;Lesões Leves;"25   ";Masculino;"0 ";"1    ";"0    ";"0    ";-16.0582730;-47.9826550;SPRF-DF;DEL01-DF;UOP01-DEL01-DF 
580209;"1290767   ";2024-02-10;sábado;08:50:00;GO;"40   ";"0,9  ";VALPARAISO DE GOIAS;Sim;Manobra de mudança de faixa;3;Queda de ocupante de veículo;Com Vítimas Feridas;Pleno dia;Decrescente;Nublado;Dupla;Reta;Sim  ;"1034250   ";Automóvel;GM/OPALA DIPLOMATA;"1986      ";Condutor;Ileso;"42   ";Masculino;"1 ";"0    ";"0    ";"0    ";-16.0582730;-47.9826550;SPRF-DF;DEL01-DF;UOP01-DEL01-DF 
580209;"1290796   ";2024-02-10;sábado;08:50:00;GO;"40   ";"0,9  ";VALPARAISO DE GOIAS;Sim;Manobra de mudança de faixa;3;Queda de ocupante de veículo;Com Vítimas Feridas;Pleno dia;Decrescente;Nublado;Dupla;Reta;Sim  ;"1034258   ";Motocicleta;HONDA/XRE 300 ABS;"0         ";Condutor;Lesões Leves;"25   ";Masculino;"0 ";"1    ";"0    ";"0    ";-16.0582730;-47.9826550;SPRF-DF;DEL01-DF;UOP01-DEL01-DF 
580209;"1290767   ";2024-02-10;sábado;08:50:00;GO;"40   ";"0,9  ";VALPARAISO DE GOIAS;Não;Trafegar com motocicleta (ou similar) entre as faixas;2;Tombamento;Com Vítimas Feridas;Pleno dia;Decrescente;Nublado;Dupla;Reta;Sim  ;"1034250   ";Automóvel;GM/OPALA DIPLOMATA;"1986      ";Condutor;Ileso;"42   ";Masculino;"1 ";"0    ";"0    ";"0    ";-16.0582730;-47.9826550;SPRF-DF;DEL01-DF;UOP01-DEL01-DF 
580209;"1290796   ";2024-02-10;sábado;08:50:00;GO;"40   ";"0,9  ";VALPARAISO DE GOIAS;Não;Trafegar com motocicleta (ou similar) entre as faixas;2;Tombamento;Com Vítimas Feridas;Pleno dia;Decrescente;Nublado;Dupla;Reta;Sim  ;"1034258   ";Motocicleta;HONDA/XRE 300 ABS;"0         ";Condutor;Lesões Leves;"25   ";Masculino;"0 ";"1    ";"0    ";"0    ";-16.0582730;-47.9826550;SPRF-DF;DEL01-DF;UOP01-DEL01-DF 
580209;"1290767   ";2024-02-10;sábado;08:50:00;GO;"40   ";"0,9  ";VALPARAISO DE GOIAS;Sim;Manobra de mudança de faixa;2;Tombamento;Com Vítimas Feridas;Pleno dia;Decrescente;Nublado;Dupla;Reta;Sim  ;"1034250   ";Automóvel;GM/OPALA DIPLOMATA;"1986      ";Condutor;Ileso;"42   ";Masculino;"1 ";"0    ";"0    ";"0    ";-16.0582730;-47.9826550;SPRF-DF;DEL01-DF;UOP01-DEL01-DF 
580209;"1290796   ";2024-02-10;sábado;08:50:00;GO;"40   ";"0,9  ";VALPARAISO DE GOIAS;Sim;Manobra de mudança de faixa;2;Tombamento;Com Vítimas Feridas;Pleno dia;Decrescente;Nublado;Dupla;Reta;Sim  ;"1034258   ";Motocicleta;HONDA/XRE 300 ABS;"0         ";Condutor;Lesões Leves;"25   ";Masculino;"0 ";"1    ";"0    ";"0    ";-16.0582730;-47.9826550;SPRF-DF;DEL01-DF;UOP01-DEL01-DF 
580209;"1290767   ";2024-02-10;sábado;08:50:00;GO;"40   ";"0,9  ";VALPARAISO DE GOIAS;Não;Trafegar com motocicleta (ou similar) entre as faixas;1;Colisão traseira;Com Vítimas Feridas;Pleno dia;Decrescente;Nublado;Dupla;Reta;Sim  ;"1034250   ";Automóvel;GM/OPALA DIPLOMATA;"1986      ";Condutor;Ileso;"42   ";Masculino;"1 ";"0    ";"0    ";"0    ";-16.0582730;-47.9826550;SPRF-DF;DEL01-DF;UOP01-DEL01-DF 
580209;"1290796   ";2024-02-10;sábado;08:50:00;GO;"40   ";"0,9  ";VALPARAISO DE GOIAS;Não;Trafegar com motocicleta (ou similar) entre as faixas;1;Colisão traseira;Com Vítimas Feridas;Pleno dia;Decrescente;Nublado;Dupla;Reta;Sim  ;"1034258   ";Motocicleta;HONDA/XRE 300 ABS;"0         ";Condutor;Lesões Leves;"25   ";Masculino;"0 ";"1    ";"0    ";"0    ";-16.0582730;-47.9826550;SPRF-DF;DEL01-DF;UOP01-DEL01-DF 
580209;"1290767   ";2024-02-10;sábado;08:50:00;GO;"40   ";"0,9  ";VALPARAISO DE GOIAS;Sim;Manobra de mudança de faixa;1;Colisão traseira;Com Vítimas Feridas;Pleno dia;Decrescente;Nublado;Dupla;Reta;Sim  ;"1034250   ";Automóvel;GM/OPALA DIPLOMATA;"1986      ";Condutor;Ileso;"42   ";Masculino;"1 ";"0    ";"0    ";"0    ";-16.0582730;-47.9826550;SPRF-DF;DEL01-DF;UOP01-DEL01-DF 
580209;"1290796   ";2024-02-10;sábado;08:50:00;GO;"40   ";"0,9  ";VALPARAISO DE GOIAS;Sim;Manobra de mudança de faixa;1;Colisão traseira;Com Vítimas Feridas;Pleno dia;Decrescente;Nublado;Dupla;Reta;Sim  ;"1034258   ";Motocicleta;HONDA/XRE 300 ABS;"0         ";Condutor;Lesões Leves;"25   ";Masculino;"0 ";"1    ";"0    ";"0    ";-16.0582730;-47.9826550;SPRF-DF;DEL01-DF;UOP01-DEL01-DF 
580249;"1290819   ";2024-02-10;sábado;12:41:00;GO;"40   ";"1,1  ";VALPARAISO DE GOIAS;Não;Manobra de mudança de faixa;2;Queda de ocupante de veículo;Com Vítimas Feridas;Pleno dia;Crescente;Céu Claro;Dupla;Reta;Sim  ;"1034291   ";Motocicleta;HONDA/CG 160 FAN;"2018      ";Condutor;Lesões Graves;"30   ";Masculino;"0 ";"0    ";"1    ";"0    ";-16.0582450;-47.9828250;SPRF-DF;DEL01-DF;UOP01-DEL01-DF 
580249;"1290826   ";2024-02-10;sábado;12:41:00;GO;"40   ";"1,1  ";VALPARAISO DE GOIAS;Não;Manobra de mudança de faixa;2;Queda de ocupante de veículo;Com Vítimas Feridas;Pleno dia;Crescente;Céu Claro;Dupla;Reta;Sim  ;"1034294   ";Automóvel;HONDA/CITY EXL CVT;"2018      ";Condutor;Ileso;"42   ";Masculino;"1 ";"0    ";"0    ";"0    ";-16.0582450;-47.9828250;SPRF-DF;DEL01-DF;UOP01-DEL01-DF 
580249;"1290820   ";2024-02-10;sábado;12:41:00;GO;"40   ";"1,1  ";VALPARAISO DE GOIAS;Não;Manobra de mudança de faixa;2;Queda de ocupante de veículo;Com Vítimas Feridas;Pleno dia;Crescente;Céu Claro;Dupla;Reta;Sim  ;"1034288   ";Automóvel;FORD/FIESTA EDGE;"2003      ";Condutor;Ileso;"23   ";Masculino;"1 ";"0    ";"0    ";"0    ";-16.0582450;-47.9828250;SPRF-DF;DEL01-DF;UOP01-DEL01-DF 
580249;"1290819   ";2024-02-10;sábado;12:41:00;GO;"40   ";"1,1  ";VALPARAISO DE GOIAS;Sim;Trafegar com motocicleta (ou similar) entre as faixas;2;Queda de ocupante de veículo;Com Vítimas Feridas;Pleno dia;Crescente;Céu Claro;Dupla;Reta;Sim  ;"1034291   ";Motocicleta;HONDA/CG 160 FAN;"2018      ";Condutor;Lesões Graves;"30   ";Masculino;"0 ";"0    ";"1    ";"0    ";-16.0582450;-47.9828250;SPRF-DF;DEL01-DF;UOP01-DEL01-DF 
580249;"1290826   ";2024-02-10;sábado;12:41:00;GO;"40   ";"1,1  ";VALPARAISO DE GOIAS;Sim;Trafegar com motocicleta (ou similar) entre as faixas;2;Queda de ocupante de veículo;Com Vítimas Feridas;Pleno dia;Crescente;Céu Claro;Dupla;Reta;Sim  ;"1034294   ";Automóvel;HONDA/CITY EXL CVT;"2018      ";Condutor;Ileso;"42   ";Masculino;"1 ";"0    ";"0    ";"0    ";-16.0582450;-47.9828250;SPRF-DF;DEL01-DF;UOP01-DEL01-DF 
580249;"1290820   ";2024-02-10;sábado;12:41:00;GO;"40   ";"1,1  ";VALPARAISO DE GOIAS;Sim;Trafegar com motocicleta (ou similar) entre as faixas;2;Queda de ocupante de veículo;Com Vítimas Feridas;Pleno dia;Crescente;Céu Claro;Dupla;Reta;Sim  ;"1034288   ";Automóvel;FORD/FIESTA EDGE;"2003      ";Condutor;Ileso;"23   ";Masculino;"1 ";"0    ";"0    ";"0    ";-16.0582450;-47.9828250;SPRF-DF;DEL01-DF;UOP01-DEL01-DF 
580249;"1290819   ";2024-02-10;sábado;12:41:00;GO;"40   ";"1,1  ";VALPARAISO DE GOIAS;Não;Manobra de mudança de faixa;1;Colisão lateral mesmo sentido;Com Vítimas Feridas;Pleno dia;Crescente;Céu Claro;Dupla;Reta;Sim  ;"1034291   ";Motocicleta;HONDA/CG 160 FAN;"2018      ";Condutor;Lesões Graves;"30   ";Masculino;"0 ";"0    ";"1    ";"0    ";-16.0582450;-47.9828250;SPRF-DF;DEL01-DF;UOP01-DEL01-DF 
580249;"1290826   ";2024-02-10;sábado;12:41:00;GO;"40   ";"1,1  ";VALPARAISO DE GOIAS;Não;Manobra de mudança de faixa;1;Colisão lateral mesmo sentido;Com Vítimas Feridas;Pleno dia;Crescente;Céu Claro;Dupla;Reta;Sim  ;"1034294   ";Automóvel;HONDA/CITY EXL CVT;"2018      ";Condutor;Ileso;"42   ";Masculino;"1 ";"0    ";"0    ";"0    ";-16.0582450;-47.9828250;SPRF-DF;DEL01-DF;UOP01-DEL01-DF 
580249;"1290820   ";2024-02-10;sábado;12:41:00;GO;"40   ";"1,1  ";VALPARAISO DE GOIAS;Não;Manobra de mudança de faixa;1;Colisão lateral mesmo sentido;Com Vítimas Feridas;Pleno dia;Crescente;Céu Claro;Dupla;Reta;Sim  ;"1034288   ";Automóvel;FORD/FIESTA EDGE;"2003      ";Condutor;Ileso;"23   ";Masculino;"1 ";"0    ";"0    ";"0    ";-16.0582450;-47.9828250;SPRF-DF;DEL01-DF;UOP01-DEL01-DF 
580249;"1290819   ";2024-02-10;sábado;12:41:00;GO;"40   ";"1,1  ";VALPARAISO DE GOIAS;Sim;Trafegar com motocicleta (ou similar) entre as faixas;1;Colisão lateral mesmo sentido;Com Vítimas Feridas;Pleno dia;Crescente;Céu Claro;Dupla;Reta;Sim  ;"1034291   ";Motocicleta;HONDA/CG 160 FAN;"2018      ";Condutor;Lesões Graves;"30   ";Masculino;"0 ";"0    ";"1    ";"0    ";-16.0582450;-47.9828250;SPRF-DF;DEL01-DF;UOP01-DEL01-DF 
580249;"1290826   ";2024-02-10;sábado;12:41:00;GO;"40   ";"1,1  ";VALPARAISO DE GOIAS;Sim;Trafegar com motocicleta (ou similar) entre as faixas;1;Colisão lateral mesmo sentido;Com Vítimas Feridas;Pleno dia;Crescente;Céu Claro;Dupla;Reta;Sim  ;"1034294   ";Automóvel;HONDA/CITY EXL CVT;"2018      ";Condutor;Ileso;"42   ";Masculino;"1 ";"0    ";"0    ";"0    ";-16.0582450;-47.9828250;SPRF-DF;DEL01-DF;UOP01-DEL01-DF 
580249;"1290820   ";2024-02-10;sábado;12:41:00;GO;"40   ";"1,1  ";VALPARAISO DE GOIAS;Sim;Trafegar com motocicleta (ou similar) entre as faixas;1;Colisão lateral mesmo sentido;Com Vítimas Feridas;Pleno dia;Crescente;Céu Claro;Dupla;Reta;Sim  ;"1034288   ";Automóvel;FORD/FIESTA EDGE;"2003      ";Condutor;Ileso;"23   ";Masculino;"1 ";"0    ";"0    ";"0    ";-16.0582450;-47.9828250;SPRF-DF;DEL01-DF;UOP01-DEL01-DF 
580250;"1290877   ";2024-02-10;sábado;12:00:00;GO;"20   ";"180  ";SIMOLANDIA;Sim;Transitar no Acostamento;1;Colisão frontal;Com Vítimas Fatais;Pleno dia;Crescente;Chuva;Simples;Ponte;Sim  ;"1034369   ";Caminhonete;FIAT/TORO RANCH AT9 4X4;"2022      ";Condutor;Ileso;"49   ";Feminino;"1 ";"0    ";"0    ";"0    ";-14.4777430;-46.4921650;SPRF-DF;DEL02-DF;UOP03-DEL02-DF 
580250;"1295404   ";2024-02-10;sábado;12:00:00;GO;"20   ";"180  ";SIMOLANDIA;Sim;Transitar no Acostamento;1;Colisão frontal;Com Vítimas Fatais;Pleno dia;Crescente;Chuva;Simples;Ponte;Sim  ;"1037587   ";Bicicleta;MONARK/;"0         ";Condutor;Óbito;"49   ";Masculino;"0 ";"0    ";"0    ";"1    ";-14.4777430;-46.4921650;SPRF-DF;DEL02-DF;UOP03-DEL02-DF 
580250;"1294547   ";2024-02-10;sábado;12:00:00;GO;"20   ";"180  ";SIMOLANDIA;Sim;Transitar no Acostamento;1;Colisão frontal;Com Vítimas Fatais;Pleno dia;Crescente;Chuva;Simples;Ponte;Sim  ;"0         ";"0";NA/NA;"0         ";Testemunha;Não Informado;"0    ";Não Informado;"0 ";"0    ";"0    ";"0    ";-14.4777430;-46.4921650;SPRF-DF;DEL02-DF;UOP03-DEL02-DF 
580256;"1290985   ";2024-02-10;sábado;11:50:00;GO;"40   ";"61   ";LUZIANIA;Sim;Ingestão de álcool pelo condutor;2;Tombamento;Sem Vítimas;Pleno dia;Decrescente;Céu Claro;Simples;Curva;Não  ;"1034451   ";Caminhonete;GM/S10 ADVANTAGE D;"2009      ";Condutor;Ileso;"48   ";Masculino;"1 ";"0    ";"0    ";"0    ";-16.5344510;-47.7999070;SPRF-DF;DEL01-DF;UOP02-DEL01-DF 
580256;"1290985   ";2024-02-10;sábado;11:50:00;GO;"40   ";"61   ";LUZIANIA;Sim;Ingestão de álcool pelo condutor;1;Saída de leito carroçável;Sem Vítimas;Pleno dia;Decrescente;Céu Claro;Simples;Curva;Não  ;"1034451   ";Caminhonete;GM/S10 ADVANTAGE D;"2009      ";Condutor;Ileso;"48   ";Masculino;"1 ";"0    ";"0    ";"0    ";-16.5344510;-47.7999070;SPRF-DF;DEL01-DF;UOP02-DEL01-DF 
580424;"1291139   ";2024-02-11;domingo;03:08:00;DF;"40   ";"6,9  ";BRASILIA;Não;Condutor Dormindo;2;Saída de leito carroçável;Com Vítimas Feridas;Plena Noite;Decrescente;Nublado;Dupla;"Reta;Aclive";Não  ;"1034569   ";Camioneta;RENAULT/DUSTER 20 D 4X4;"2012      ";Condutor;Ileso;"24   ";Masculino;"1 ";"0    ";"0    ";"0    ";-16.0297410;-47.9788670;SPRF-DF;DEL01-DF;UOP01-DEL01-DF 
580424;"1291138   ";2024-02-11;domingo;03:08:00;DF;"40   ";"6,9  ";BRASILIA;Não;Condutor Dormindo;2;Saída de leito carroçável;Com Vítimas Feridas;Plena Noite;Decrescente;Nublado;Dupla;"Reta;Aclive";Não  ;"1034568   ";Automóvel;VW/POLO MCA;"2018      ";Condutor;Lesões Leves;"39   ";Masculino;"0 ";"1    ";"0    ";"0    ";-16.0297410;-47.9788670;SPRF-DF;DEL01-DF;UOP01-DEL01-DF 
580424;"1291139   ";2024-02-11;domingo;03:08:00;DF;"40   ";"6,9  ";BRASILIA;Sim;Ausência de reação do condutor;2;Saída de leito carroçável;Com Vítimas Feridas;Plena Noite;Decrescente;Nublado;Dupla;"Reta;Aclive";Não  ;"1034569   ";Camioneta;RENAULT/DUSTER 20 D 4X4;"2012      ";Condutor;Ileso;"24   ";Masculino;"1 ";"0    ";"0    ";"0    ";-16.0297410;-47.9788670;SPRF-DF;DEL01-DF;UOP01-DEL01-DF 
580424;"1291138   ";2024-02-11;domingo;03:08:00;DF;"40   ";"6,9  ";BRASILIA;Sim;Ausência de reação do condutor;2;Saída de leito carroçável;Com Vítimas Feridas;Plena Noite;Decrescente;Nublado;Dupla;"Reta;Aclive";Não  ;"1034568   ";Automóvel;VW/POLO MCA;"2018      ";Condutor;Lesões Leves;"39   ";Masculino;"0 ";"1    ";"0    ";"0    ";-16.0297410;-47.9788670;SPRF-DF;DEL01-DF;UOP01-DEL01-DF 
580424;"1291139   ";2024-02-11;domingo;03:08:00;DF;"40   ";"6,9  ";BRASILIA;Não;Condutor Dormindo;1;Colisão traseira;Com Vítimas Feridas;Plena Noite;Decrescente;Nublado;Dupla;"Reta;Aclive";Não  ;"1034569   ";Camioneta;RENAULT/DUSTER 20 D 4X4;"2012      ";Condutor;Ileso;"24   ";Masculino;"1 ";"0    ";"0    ";"0    ";-16.0297410;-47.9788670;SPRF-DF;DEL01-DF;UOP01-DEL01-DF 
580424;"1291138   ";2024-02-11;domingo;03:08:00;DF;"40   ";"6,9  ";BRASILIA;Não;Condutor Dormindo;1;Colisão traseira;Com Vítimas Feridas;Plena Noite;Decrescente;Nublado;Dupla;"Reta;Aclive";Não  ;"1034568   ";Automóvel;VW/POLO MCA;"2018      ";Condutor;Lesões Leves;"39   ";Masculino;"0 ";"1    ";"0    ";"0    ";-16.0297410;-47.9788670;SPRF-DF;DEL01-DF;UOP01-DEL01-DF 
580424;"1291139   ";2024-02-11;domingo;03:08:00;DF;"40   ";"6,9  ";BRASILIA;Sim;Ausência de reação do condutor;1;Colisão traseira;Com Vítimas Feridas;Plena Noite;Decrescente;Nublado;Dupla;"Reta;Aclive";Não  ;"1034569   ";Camioneta;RENAULT/DUSTER 20 D 4X4;"2012      ";Condutor;Ileso;"24   ";Masculino;"1 ";"0    ";"0    ";"0    ";-16.0297410;-47.9788670;SPRF-DF;DEL01-DF;UOP01-DEL01-DF 
580424;"1291138   ";2024-02-11;domingo;03:08:00;DF;"40   ";"6,9  ";BRASILIA;Sim;Ausência de reação do condutor;1;Colisão traseira;Com Vítimas Feridas;Plena Noite;Decrescente;Nublado;Dupla;"Reta;Aclive";Não  ;"1034568   ";Automóvel;VW/POLO MCA;"2018      ";Condutor;Lesões Leves;"39   ";Masculino;"0 ";"1    ";"0    ";"0    ";-16.0297410;-47.9788670;SPRF-DF;DEL01-DF;UOP01-DEL01-DF 
580433;"1291119   ";2024-02-11;domingo;02:40:00;GO;"80   ";"134  ";BARRO ALTO;Sim;Ingestão de álcool pelo condutor;2;Capotamento;Sem Vítimas;Plena Noite;Decrescente;Céu Claro;Simples;Reta;Sim  ;"1034554   ";Automóvel;VW/GOL 1.6 RALLYE;"2011      ";Condutor;Não Informado;"0    ";Não Informado;"0 ";"0    ";"0    ";"0    ";-14.9646865;-48.9310455;SPRF-GO;DEL07-GO;UOP02-DEL07-GO 