id;pesid;data_inversa;dia_semana;horario;uf;br;km;municipio;causa_principal;causa_acidente;ordem_tipo_acidente;tipo_acidente;classificacao_acidente;fase_dia;sentido_via;condicao_metereologica;tipo_pista;tracado_via;uso_solo;id_veiculo;tipo_veiculo;marca;ano_fabricacao_veiculo;tipo_envolvido;estado_fisico;idade;sexo;ilesos;feridos_leves;feridos_graves;mortos;latitude;longitude;regional;delegacia;uop
580433;"1291119   ";2024-02-11;domingo;02:40:00;GO;"80   ";"134  ";BARRO ALTO;Sim;Ingestão de álcool pelo condutor;1;Saída de leito carroçável;Sem Vítimas;Plena Noite;Decrescente;Céu Claro;Simples;Reta;Sim  ;"1034554   ";Automóvel;VW/GOL 1.6 RALLYE;"2011      ";Condutor;Não Informado;"0    ";Não Informado;"0 ";"0    ";"0    ";"0    ";-14.9646865;-48.9310455;SPRF-GO;DEL07-GO;UOP02-DEL07-GO 
580478;"1291239   ";2024-02-11;domingo;08:26:00;GO;"40   ";"28,8 ";LUZIANIA;Não;Avarias e/ou desgaste excessivo no pneu;2;Saída de leito carroçável;Sem Vítimas;Pleno dia;Decrescente;Nublado;Dupla;"Aclive;Reta";Não  ;"1034650   ";Automóvel;FIAT/PALIO EX;"2000      ";Condutor;Ileso;"46   ";Masculino;"1 ";"0    ";"0    ";"0    ";-16.2737180;-47.8714560;SPRF-DF;DEL01-DF;UOP01-DEL01-DF 
580478;"1291239   ";2024-02-11;domingo;08:26:00;GO;"40   ";"28,8 ";LUZIANIA;Não;Condutor Dormindo;2;Saída de leito carroçável;Sem Vítimas;Pleno dia;Decrescente;Nublado;Dupla;"Aclive;Reta";Não  ;"1034650   ";Automóvel;FIAT/PALIO EX;"2000      ";Condutor;Ileso;"46   ";Masculino;"1 ";"0    ";"0    ";"0    ";-16.2737180;-47.8714560;SPRF-DF;DEL01-DF;UOP01-DEL01-DF 
580478;"1291239   ";2024-02-11;domingo;08:26:00;GO;"40   ";"28,8 ";LUZIANIA;Sim;Ingestão de álcool pelo condutor;2;Saída de leito carroçável;Sem Vítimas;Pleno dia;Decrescente;Nublado;Dupla;"Aclive;Reta";Não  ;"1034650   ";Automóvel;FIAT/PALIO EX;"2000      ";Condutor;Ileso;"46   ";Masculino;"1 ";"0    ";"0    ";"0    ";-16.2737180;-47.8714560;SPRF-DF;DEL01-DF;UOP01-DEL01-DF 
580478;"1291239   ";2024-02-11;domingo;08:26:00;GO;"40   ";"28,8 ";LUZIANIA;Não;Avarias e/ou desgaste excessivo no pneu;1;Saída de leito carroçável;Sem Vítimas;Pleno dia;Decrescente;Nublado;Dupla;"Aclive;Reta";Não  ;"1034650   ";Automóvel;FIAT/PALIO EX;"2000      ";Condutor;Ileso;"46   ";Masculino;"1 ";"0    ";"0    ";"0    ";-16.2737180;-47.8714560;SPRF-DF;DEL01-DF;UOP01-DEL01-DF 
580478;"1291239   ";2024-02-11;domingo;08:26:00;GO;"40   ";"28,8 ";LUZIANIA;Não;Condutor Dormindo;1;Saída de leito carroçável;Sem Vítimas;Pleno dia;Decrescente;Nublado;Dupla;"Aclive;Reta";Não  ;"1034650   ";Automóvel;FIAT/PALIO EX;"2000      ";Condutor;Ileso;"46   ";Masculino;"1 ";"0    ";"0    ";"0    ";-16.2737180;-47.8714560;SPRF-DF;DEL01-DF;UOP01-DEL01-DF 
580478;"1291239   ";2024-02-11;domingo;08:26:00;GO;"40   ";"28,8 ";LUZIANIA;Sim;Ingestão de álcool pelo condutor;1;Saída de leito carroçável;Sem Vítimas;Pleno dia;Decrescente;Nublado;Dupla;"Aclive;Reta";Não  ;"1034650   ";Automóvel;FIAT/PALIO EX;"2000      ";Condutor;Ileso;"46   ";Masculino;"1 ";"0    ";"0    ";"0    ";-16.2737180;-47.8714560;SPRF-DF;DEL01-DF;UOP01-DEL01-DF 
580480;"1291277   ";2024-02-11;domingo;08:50:00;DF;"60   ";"21,9 ";BRASILIA;Não;Chuva;1;Saída de leito carroçável;Sem Vítimas;Pleno dia;Crescente;Chuva;Dupla;Reta;Não  ;"1034686   ";Automóvel;HONDA/CIVIC EX;"2004      ";Condutor;Ileso;"22   ";Masculino;"1 ";"0    ";"0    ";"0    ";-15.9799090;-48.2069780;SPRF-DF;DEL03-DF;UOP01-DEL03-DF 
580480;"1291277   ";2024-02-11;domingo;08:50:00;DF;"60   ";"21,9 ";BRASILIA;Não;Pista Escorregadia;1;Saída de leito carroçável;Sem Vítimas;Pleno dia;Crescente;Chuva;Dupla;Reta;Não  ;"1034686   ";Automóvel;HONDA/CIVIC EX;"2004      ";Condutor;Ileso;"22   ";Masculino;"1 ";"0    ";"0    ";"0    ";-15.9799090;-48.2069780;SPRF-DF;DEL03-DF;UOP01-DEL03-DF 
580480;"1291277   ";2024-02-11;domingo;08:50:00;DF;"60   ";"21,9 ";BRASILIA;Sim;Ingestão de álcool pelo condutor;1;Saída de leito carroçável;Sem Vítimas;Pleno dia;Crescente;Chuva;Dupla;Reta;Não  ;"1034686   ";Automóvel;HONDA/CIVIC EX;"2004      ";Condutor;Ileso;"22   ";Masculino;"1 ";"0    ";"0    ";"0    ";-15.9799090;-48.2069780;SPRF-DF;DEL03-DF;UOP01-DEL03-DF 
580512;"1291521   ";2024-02-11;domingo;11:53:00;DF;"70   ";"9,6  ";BRASILIA;Sim;Conversão proibida;1;Queda de ocupante de veículo;Com Vítimas Feridas;Pleno dia;Decrescente;Nublado;Múltipla;Reta;Sim  ;"1034826   ";Motocicleta;BMW/G310 R;"2019      ";Condutor;Lesões Leves;"29   ";Masculino;"0 ";"1    ";"0    ";"0    ";-15.7846150;-48.1320230;SPRF-DF;DEL03-DF;UOP02-DEL03-DF 
580518;"1291400   ";2024-02-11;domingo;12:15:00;GO;"40   ";"135,1";CRISTALINA;Não;Ausência de reação do condutor;2;Capotamento;Com Vítimas Feridas;Pleno dia;Crescente;Garoa/Chuvisco;Simples;"Curva;Declive";Não  ;"1034763   ";Caminhão-trator;SCANIA/R450 A6X2;"2020      ";Condutor;Ileso;"48   ";Masculino;"1 ";"0    ";"0    ";"0    ";-16.9387710;-47.3203360;SPRF-DF;DEL01-DF;UOP02-DEL01-DF 
580518;"0         ";2024-02-11;domingo;12:15:00;GO;"40   ";"135,1";CRISTALINA;Não;Ausência de reação do condutor;2;Capotamento;Com Vítimas Feridas;Pleno dia;Crescente;Garoa/Chuvisco;Simples;"Curva;Declive";Não  ;"1034766   ";Semireboque;SR/RANDON SR CA 1ED3E;"2023      ";"0";"0";"0    ";"0";"0 ";"0    ";"0    ";"0    ";-16.9387710;-47.3203360;SPRF-DF;DEL01-DF;UOP02-DEL01-DF 
580518;"1291434   ";2024-02-11;domingo;12:15:00;GO;"40   ";"135,1";CRISTALINA;Não;Ausência de reação do condutor;2;Capotamento;Com Vítimas Feridas;Pleno dia;Crescente;Garoa/Chuvisco;Simples;"Curva;Declive";Não  ;"1034777   ";Automóvel;VW/SPACEFOX TREND GII;"2012      ";Passageiro;Lesões Leves;"53   ";Feminino;"0 ";"1    ";"0    ";"0    ";-16.9387710;-47.3203360;SPRF-DF;DEL01-DF;UOP02-DEL01-DF 
580518;"1291429   ";2024-02-11;domingo;12:15:00;GO;"40   ";"135,1";CRISTALINA;Não;Ausência de reação do condutor;2;Capotamento;Com Vítimas Feridas;Pleno dia;Crescente;Garoa/Chuvisco;Simples;"Curva;Declive";Não  ;"1034777   ";Automóvel;VW/SPACEFOX TREND GII;"2012      ";Condutor;Lesões Leves;"67   ";Masculino;"0 ";"1    ";"0    ";"0    ";-16.9387710;-47.3203360;SPRF-DF;DEL01-DF;UOP02-DEL01-DF 
580518;"1291430   ";2024-02-11;domingo;12:15:00;GO;"40   ";"135,1";CRISTALINA;Não;Ausência de reação do condutor;2;Capotamento;Com Vítimas Feridas;Pleno dia;Crescente;Garoa/Chuvisco;Simples;"Curva;Declive";Não  ;"1034777   ";Automóvel;VW/SPACEFOX TREND GII;"2012      ";Passageiro;Lesões Leves;"36   ";Feminino;"0 ";"1    ";"0    ";"0    ";-16.9387710;-47.3203360;SPRF-DF;DEL01-DF;UOP02-DEL01-DF 
580518;"1291432   ";2024-02-11;domingo;12:15:00;GO;"40   ";"135,1";CRISTALINA;Não;Ausência de reação do condutor;2;Capotamento;Com Vítimas Feridas;Pleno dia;Crescente;Garoa/Chuvisco;Simples;"Curva;Declive";Não  ;"1034777   ";Automóvel;VW/SPACEFOX TREND GII;"2012      ";Passageiro;Lesões Leves;"13   ";Masculino;"0 ";"1    ";"0    ";"0    ";-16.9387710;-47.3203360;SPRF-DF;DEL01-DF;UOP02-DEL01-DF 
580518;"1291400   ";2024-02-11;domingo;12:15:00;GO;"40   ";"135,1";CRISTALINA;Sim;Retorno proibido;2;Capotamento;Com Vítimas Feridas;Pleno dia;Crescente;Garoa/Chuvisco;Simples;"Curva;Declive";Não  ;"1034763   ";Caminhão-trator;SCANIA/R450 A6X2;"2020      ";Condutor;Ileso;"48   ";Masculino;"1 ";"0    ";"0    ";"0    ";-16.9387710;-47.3203360;SPRF-DF;DEL01-DF;UOP02-DEL01-DF 
580518;"0         ";2024-02-11;domingo;12:15:00;GO;"40   ";"135,1";CRISTALINA;Sim;Retorno proibido;2;Capotamento;Com Vítimas Feridas;Pleno dia;Crescente;Garoa/Chuvisco;Simples;"Curva;Declive";Não  ;"1034766   ";Semireboque;SR/RANDON SR CA 1ED3E;"2023      ";"0";"0";"0    ";"0";"0 ";"0    ";"0    ";"0    ";-16.9387710;-47.3203360;SPRF-DF;DEL01-DF;UOP02-DEL01-DF 
580518;"1291434   ";2024-02-11;domingo;12:15:00;GO;"40   ";"135,1";CRISTALINA;Sim;Retorno proibido;2;Capotamento;Com Vítimas Feridas;Pleno dia;Crescente;Garoa/Chuvisco;Simples;"Curva;Declive";Não  ;"1034777   ";Automóvel;VW/SPACEFOX TREND GII;"2012      ";Passageiro;Lesões Leves;"53   ";Feminino;"0 ";"1    ";"0    ";"0    ";-16.9387710;-47.3203360;SPRF-DF;DEL01-DF;UOP02-DEL01-DF 
580518;"1291429   ";2024-02-11;domingo;12:15:00;GO;"40   ";"135,1";CRISTALINA;Sim;Retorno proibido;2;Capotamento;Com Vítimas Feridas;Pleno dia;Crescente;Garoa/Chuvisco;Simples;"Curva;Declive";Não  ;"1034777   ";Automóvel;VW/SPACEFOX TREND GII;"2012      ";Condutor;Lesões Leves;"67   ";Masculino;"0 ";"1    ";"0    ";"0    ";-16.9387710;-47.3203360;SPRF-DF;DEL01-DF;UOP02-DEL01-DF 
580518;"1291430   ";2024-02-11;domingo;12:15:00;GO;"40   ";"135,1";CRISTALINA;Sim;Retorno proibido;2;Capotamento;Com Vítimas Feridas;Pleno dia;Crescente;Garoa/Chuvisco;Simples;"Curva;Declive";Não  ;"1034777   ";Automóvel;VW/SPACEFOX TREND GII;"2012      ";Passageiro;Lesões Leves;"36   ";Feminino;"0 ";"1    ";"0    ";"0    ";-16.9387710;-47.3203360;SPRF-DF;DEL01-DF;UOP02-DEL01-DF 
580518;"1291432   ";2024-02-11;domingo;12:15:00;GO;"40   ";"135,1";CRISTALINA;Sim;Retorno proibido;2;Capotamento;Com Vítimas Feridas;Pleno dia;Crescente;Garoa/Chuvisco;Simples;"Curva;Declive";Não  ;"1034777   ";Automóvel;VW/SPACEFOX TREND GII;"2012      ";Passageiro;Lesões Leves;"13   ";Masculino;"0 ";"1    ";"0    ";"0    ";-16.9387710;-47.3203360;SPRF-DF;DEL01-DF;UOP02-DEL01-DF 
580518;"1291400   ";2024-02-11;domingo;12:15:00;GO;"40   ";"135,1";CRISTALINA;Não;Ausência de reação do condutor;1;Colisão transversal;Com Vítimas Feridas;Pleno dia;Crescente;Garoa/Chuvisco;Simples;"Curva;Declive";Não  ;"1034763   ";Caminhão-trator;SCANIA/R450 A6X2;"2020      ";Condutor;Ileso;"48   ";Masculino;"1 ";"0    ";"0    ";"0    ";-16.9387710;-47.3203360;SPRF-DF;DEL01-DF;UOP02-DEL01-DF 
580518;"0         ";2024-02-11;domingo;12:15:00;GO;"40   ";"135,1";CRISTALINA;Não;Ausência de reação do condutor;1;Colisão transversal;Com Vítimas Feridas;Pleno dia;Crescente;Garoa/Chuvisco;Simples;"Curva;Declive";Não  ;"1034766   ";Semireboque;SR/RANDON SR CA 1ED3E;"2023      ";"0";"0";"0    ";"0";"0 ";"0    ";"0    ";"0    ";-16.9387710;-47.3203360;SPRF-DF;DEL01-DF;UOP02-DEL01-DF 
580518;"1291434   ";2024-02-11;domingo;12:15:00;GO;"40   ";"135,1";CRISTALINA;Não;Ausência de reação do condutor;1;Colisão transversal;Com Vítimas Feridas;Pleno dia;Crescente;Garoa/Chuvisco;Simples;"Curva;Declive";Não  ;"1034777   ";Automóvel;VW/SPACEFOX TREND GII;"2012      ";Passageiro;Lesões Leves;"53   ";Feminino;"0 ";"1    ";"0    ";"0    ";-16.9387710;-47.3203360;SPRF-DF;DEL01-DF;UOP02-DEL01-DF 
580518;"1291429   ";2024-02-11;domingo;12:15:00;GO;"40   ";"135,1";CRISTALINA;Não;Ausência de reação do condutor;1;Colisão transversal;Com Vítimas Feridas;Pleno dia;Crescente;Garoa/Chuvisco;Simples;"Curva;Declive";Não  ;"1034777   ";Automóvel;VW/SPACEFOX TREND GII;"2012      ";Condutor;Lesões Leves;"67   ";Masculino;"0 ";"1    ";"0    ";"0    ";-16.9387710;-47.3203360;SPRF-DF;DEL01-DF;UOP02-DEL01-DF 
580518;"1291430   ";2024-02-11;domingo;12:15:00;GO;"40   ";"135,1";CRISTALINA;Não;Ausência de reação do condutor;1;Colisão transversal;Com Vítimas Feridas;Pleno dia;Crescente;Garoa/Chuvisco;Simples;"Curva;Declive";Não  ;"1034777   ";Automóvel;VW/SPACEFOX TREND GII;"2012      ";Passageiro;Lesões Leves;"36   ";Feminino;"0 ";"1    ";"0    ";"0    ";-16.9387710;-47.3203360;SPRF-DF;DEL01-DF;UOP02-DEL01-DF 
580518;"1291432   ";2024-02-11;domingo;12:15:00;GO;"40   ";"135,1";CRISTALINA;Não;Ausência de reação do condutor;1;Colisão transversal;Com Vítimas Feridas;Pleno dia;Crescente;Garoa/Chuvisco;Simples;"Curva;Declive";Não  ;"1034777   ";Automóvel;VW/SPACEFOX TREND GII;"2012      ";Passageiro;Lesões Leves;"13   ";Masculino;"0 ";"1    ";"0    ";"0    ";-16.9387710;-47.3203360;SPRF-DF;DEL01-DF;UOP02-DEL01-DF 
580518;"1291400   ";2024-02-11;domingo;12:15:00;GO;"40   ";"135,1";CRISTALINA;Sim;Retorno proibido;1;Colisão transversal;Com Vítimas Feridas;Pleno dia;Crescente;Garoa/Chuvisco;Simples;"Curva;Declive";Não  ;"1034763   ";Caminhão-trator;SCANIA/R450 A6X2;"2020      ";Condutor;Ileso;"48   ";Masculino;"1 ";"0    ";"0    ";"0    ";-16.9387710;-47.3203360;SPRF-DF;DEL01-DF;UOP02-DEL01-DF 
580518;"0         ";2024-02-11;domingo;12:15:00;GO;"40   ";"135,1";CRISTALINA;Sim;Retorno proibido;1;Colisão transversal;Com Vítimas Feridas;Pleno dia;Crescente;Garoa/Chuvisco;Simples;"Curva;Declive";Não  ;"1034766   ";Semireboque;SR/RANDON SR CA 1ED3E;"2023      ";"0";"0";"0    ";"0";"0 ";"0    ";"0    ";"0    ";-16.9387710;-47.3203360;SPRF-DF;DEL01-DF;UOP02-DEL01-DF 
580518;"1291434   ";2024-02-11;domingo;12:15:00;GO;"40   ";"135,1";CRISTALINA;Sim;Retorno proibido;1;Colisão transversal;Com Vítimas Feridas;Pleno dia;Crescente;Garoa/Chuvisco;Simples;"Curva;Declive";Não  ;"1034777   ";Automóvel;VW/SPACEFOX TREND GII;"2012      ";Passageiro;Lesões Leves;"53   ";Feminino;"0 ";"1    ";"0    ";"0    ";-16.9387710;-47.3203360;SPRF-DF;DEL01-DF;UOP02-DEL01-DF 
580518;"1291429   ";2024-02-11;domingo;12:15:00;GO;"40   ";"135,1";CRISTALINA;Sim;Retorno proibido;1;Colisão transversal;Com Vítimas Feridas;Pleno dia;Crescente;Garoa/Chuvisco;Simples;"Curva;Declive";Não  ;"1034777   ";Automóvel;VW/SPACEFOX TREND GII;"2012      ";Condutor;Lesões Leves;"67   ";Masculino;"0 ";"1    ";"0    ";"0    ";-16.9387710;-47.3203360;SPRF-DF;DEL01-DF;UOP02-DEL01-DF 
580518;"1291430   ";2024-02-11;domingo;12:15:00;GO;"40   ";"135,1";CRISTALINA;Sim;Retorno proibido;1;Colisão transversal;Com Vítimas Feridas;Pleno dia;Crescente;Garoa/Chuvisco;Simples;"Curva;Declive";Não  ;"1034777   ";Automóvel;VW/SPACEFOX TREND GII;"2012      ";Passageiro;Lesões Leves;"36   ";Feminino;"0 ";"1    ";"0    ";"0    ";-16.9387710;-47.3203360;SPRF-DF;DEL01-DF;UOP02-DEL01-DF 
580518;"1291432   ";2024-02-11;domingo;12:15:00;GO;"40   ";"135,1";CRISTALINA;Sim;Retorno proibido;1;Colisão transversal;Com Vítimas Feridas;Pleno dia;Crescente;Garoa/Chuvisco;Simples;"Curva;Declive";Não  ;"1034777   ";Automóvel;VW/SPACEFOX TREND GII;"2012      ";Passageiro;Lesões Leves;"13   ";Masculino;"0 ";"1    ";"0    ";"0    ";-16.9387710;-47.3203360;SPRF-DF;DEL01-DF;UOP02-DEL01-DF 
580531;"1291471   ";2024-02-11;domingo;13:55:00;GO;"60   ";"30,9 ";ALEXANIA;Sim;Acessar a via sem observar a presença dos outros veículos;1;Colisão transversal;Sem Vítimas;Pleno dia;Crescente;Nublado;Dupla;"Reta;Interseção de Vias";Sim  ;"1034801   ";Automóvel;VW/GOL 1.0;"2011      ";Condutor;Não Informado;"0    ";Não Informado;"0 ";"0    ";"0    ";"0    ";-16.0963000;-48.5202000;SPRF-DF;DEL03-DF;UOP01-DEL03-DF 
580531;"1291473   ";2024-02-11;domingo;13:55:00;GO;"60   ";"30,9 ";ALEXANIA;Sim;Acessar a via sem observar a presença dos outros veículos;1;Colisão transversal;Sem Vítimas;Pleno dia;Crescente;Nublado;Dupla;"Reta;Interseção de Vias";Sim  ;"1034803   ";Automóvel;VW/UP TAKE MA;"2014      ";Condutor;Ileso;"49   ";Feminino;"1 ";"0    ";"0    ";"0    ";-16.0963000;-48.5202000;SPRF-DF;DEL03-DF;UOP01-DEL03-DF 
580531;"1291474   ";2024-02-11;domingo;13:55:00;GO;"60   ";"30,9 ";ALEXANIA;Sim;Acessar a via sem observar a presença dos outros veículos;1;Colisão transversal;Sem Vítimas;Pleno dia;Crescente;Nublado;Dupla;"Reta;Interseção de Vias";Sim  ;"1034803   ";Automóvel;VW/UP TAKE MA;"2014      ";Passageiro;Ileso;"20   ";Masculino;"1 ";"0    ";"0    ";"0    ";-16.0963000;-48.5202000;SPRF-DF;DEL03-DF;UOP01-DEL03-DF 
580534;"1291422   ";2024-02-11;domingo;14:50:00;GO;"70   ";"3    ";AGUAS LINDAS DE GOIAS;Sim;Velocidade Incompatível;1;Saída de leito carroçável;Com Vítimas Feridas;Pleno dia;Crescente;Chuva;Dupla;Reta;Sim  ;"1034779   ";Automóvel;HONDA/CIVIC LXS AT;"2014      ";Passageiro;Lesões Leves;"29   ";Feminino;"0 ";"1    ";"0    ";"0    ";-15.7617730;-48.2368693;SPRF-DF;DEL03-DF;UOP02-DEL03-DF 
580534;"1291421   ";2024-02-11;domingo;14:50:00;GO;"70   ";"3    ";AGUAS LINDAS DE GOIAS;Sim;Velocidade Incompatível;1;Saída de leito carroçável;Com Vítimas Feridas;Pleno dia;Crescente;Chuva;Dupla;Reta;Sim  ;"1034779   ";Automóvel;HONDA/CIVIC LXS AT;"2014      ";Condutor;Lesões Leves;"27   ";Masculino;"0 ";"1    ";"0    ";"0    ";-15.7617730;-48.2368693;SPRF-DF;DEL03-DF;UOP02-DEL03-DF 
580561;"1293927   ";2024-02-11;domingo;16:25:00;GO;"20   ";"114,1";FLORES DE GOIAS;Sim;Demais falhas mecânicas ou elétricas;3;Capotamento;Com Vítimas Feridas;Pleno dia;Decrescente;Nublado;Simples;Reta;Não  ;"1034870   ";Automóvel;FIAT/IDEA ADVENTURE FLEX;"2008      ";Passageiro;Lesões Graves;"1    ";Masculino;"0 ";"0    ";"1    ";"0    ";-14.8898730;-46.8791470;SPRF-DF;DEL02-DF;UOP03-DEL02-DF 
580561;"1293926   ";2024-02-11;domingo;16:25:00;GO;"20   ";"114,1";FLORES DE GOIAS;Sim;Demais falhas mecânicas ou elétricas;3;Capotamento;Com Vítimas Feridas;Pleno dia;Decrescente;Nublado;Simples;Reta;Não  ;"1034870   ";Automóvel;FIAT/IDEA ADVENTURE FLEX;"2008      ";Passageiro;Lesões Graves;"14   ";Feminino;"0 ";"0    ";"1    ";"0    ";-14.8898730;-46.8791470;SPRF-DF;DEL02-DF;UOP03-DEL02-DF 
580561;"1291588   ";2024-02-11;domingo;16:25:00;GO;"20   ";"114,1";FLORES DE GOIAS;Sim;Demais falhas mecânicas ou elétricas;3;Capotamento;Com Vítimas Feridas;Pleno dia;Decrescente;Nublado;Simples;Reta;Não  ;"1034870   ";Automóvel;FIAT/IDEA ADVENTURE FLEX;"2008      ";Condutor;Lesões Leves;"38   ";Masculino;"0 ";"1    ";"0    ";"0    ";-14.8898730;-46.8791470;SPRF-DF;DEL02-DF;UOP03-DEL02-DF 
580561;"1293923   ";2024-02-11;domingo;16:25:00;GO;"20   ";"114,1";FLORES DE GOIAS;Sim;Demais falhas mecânicas ou elétricas;3;Capotamento;Com Vítimas Feridas;Pleno dia;Decrescente;Nublado;Simples;Reta;Não  ;"1034870   ";Automóvel;FIAT/IDEA ADVENTURE FLEX;"2008      ";Passageiro;Lesões Leves;"33   ";Feminino;"0 ";"1    ";"0    ";"0    ";-14.8898730;-46.8791470;SPRF-DF;DEL02-DF;UOP03-DEL02-DF 
580561;"1293925   ";2024-02-11;domingo;16:25:00;GO;"20   ";"114,1";FLORES DE GOIAS;Sim;Demais falhas mecânicas ou elétricas;3;Capotamento;Com Vítimas Feridas;Pleno dia;Decrescente;Nublado;Simples;Reta;Não  ;"1034870   ";Automóvel;FIAT/IDEA ADVENTURE FLEX;"2008      ";Passageiro;Lesões Graves;"11   ";Masculino;"0 ";"0    ";"1    ";"0    ";-14.8898730;-46.8791470;SPRF-DF;DEL02-DF;UOP03-DEL02-DF 
580561;"1293927   ";2024-02-11;domingo;16:25:00;GO;"20   ";"114,1";FLORES DE GOIAS;Sim;Demais falhas mecânicas ou elétricas;2;Colisão com objeto;Com Vítimas Feridas;Pleno dia;Decrescente;Nublado;Simples;Reta;Não  ;"1034870   ";Automóvel;FIAT/IDEA ADVENTURE FLEX;"2008      ";Passageiro;Lesões Graves;"1    ";Masculino;"0 ";"0    ";"1    ";"0    ";-14.8898730;-46.8791470;SPRF-DF;DEL02-DF;UOP03-DEL02-DF 
580561;"1293926   ";2024-02-11;domingo;16:25:00;GO;"20   ";"114,1";FLORES DE GOIAS;Sim;Demais falhas mecânicas ou elétricas;2;Colisão com objeto;Com Vítimas Feridas;Pleno dia;Decrescente;Nublado;Simples;Reta;Não  ;"1034870   ";Automóvel;FIAT/IDEA ADVENTURE FLEX;"2008      ";Passageiro;Lesões Graves;"14   ";Feminino;"0 ";"0    ";"1    ";"0    ";-14.8898730;-46.8791470;SPRF-DF;DEL02-DF;UOP03-DEL02-DF 
580561;"1291588   ";2024-02-11;domingo;16:25:00;GO;"20   ";"114,1";FLORES DE GOIAS;Sim;Demais falhas mecânicas ou elétricas;2;Colisão com objeto;Com Vítimas Feridas;Pleno dia;Decrescente;Nublado;Simples;Reta;Não  ;"1034870   ";Automóvel;FIAT/IDEA ADVENTURE FLEX;"2008      ";Condutor;Lesões Leves;"38   ";Masculino;"0 ";"1    ";"0    ";"0    ";-14.8898730;-46.8791470;SPRF-DF;DEL02-DF;UOP03-DEL02-DF 
580561;"1293923   ";2024-02-11;domingo;16:25:00;GO;"20   ";"114,1";FLORES DE GOIAS;Sim;Demais falhas mecânicas ou elétricas;2;Colisão com objeto;Com Vítimas Feridas;Pleno dia;Decrescente;Nublado;Simples;Reta;Não  ;"1034870   ";Automóvel;FIAT/IDEA ADVENTURE FLEX;"2008      ";Passageiro;Lesões Leves;"33   ";Feminino;"0 ";"1    ";"0    ";"0    ";-14.8898730;-46.8791470;SPRF-DF;DEL02-DF;UOP03-DEL02-DF 
580561;"1293925   ";2024-02-11;domingo;16:25:00;GO;"20   ";"114,1";FLORES DE GOIAS;Sim;Demais falhas mecânicas ou elétricas;2;Colisão com objeto;Com Vítimas Feridas;Pleno dia;Decrescente;Nublado;Simples;Reta;Não  ;"1034870   ";Automóvel;FIAT/IDEA ADVENTURE FLEX;"2008      ";Passageiro;Lesões Graves;"11   ";Masculino;"0 ";"0    ";"1    ";"0    ";-14.8898730;-46.8791470;SPRF-DF;DEL02-DF;UOP03-DEL02-DF 
580561;"1293927   ";2024-02-11;domingo;16:25:00;GO;"20   ";"114,1";FLORES DE GOIAS;Sim;Demais falhas mecânicas ou elétricas;1;Saída de leito carroçável;Com Vítimas Feridas;Pleno dia;Decrescente;Nublado;Simples;Reta;Não  ;"1034870   ";Automóvel;FIAT/IDEA ADVENTURE FLEX;"2008      ";Passageiro;Lesões Graves;"1    ";Masculino;"0 ";"0    ";"1    ";"0    ";-14.8898730;-46.8791470;SPRF-DF;DEL02-DF;UOP03-DEL02-DF 
580561;"1293926   ";2024-02-11;domingo;16:25:00;GO;"20   ";"114,1";FLORES DE GOIAS;Sim;Demais falhas mecânicas ou elétricas;1;Saída de leito carroçável;Com Vítimas Feridas;Pleno dia;Decrescente;Nublado;Simples;Reta;Não  ;"1034870   ";Automóvel;FIAT/IDEA ADVENTURE FLEX;"2008      ";Passageiro;Lesões Graves;"14   ";Feminino;"0 ";"0    ";"1    ";"0    ";-14.8898730;-46.8791470;SPRF-DF;DEL02-DF;UOP03-DEL02-DF 
580561;"1291588   ";2024-02-11;domingo;16:25:00;GO;"20   ";"114,1";FLORES DE GOIAS;Sim;Demais falhas mecânicas ou elétricas;1;Saída de leito carroçável;Com Vítimas Feridas;Pleno dia;Decrescente;Nublado;Simples;Reta;Não  ;"1034870   ";Automóvel;FIAT/IDEA ADVENTURE FLEX;"2008      ";Condutor;Lesões Leves;"38   ";Masculino;"0 ";"1    ";"0    ";"0    ";-14.8898730;-46.8791470;SPRF-DF;DEL02-DF;UOP03-DEL02-DF 
580561;"1293923   ";2024-02-11;domingo;16:25:00;GO;"20   ";"114,1";FLORES DE GOIAS;Sim;Demais falhas mecânicas ou elétricas;1;Saída de leito carroçável;Com Vítimas Feridas;Pleno dia;Decrescente;Nublado;Simples;Reta;Não  ;"1034870   ";Automóvel;FIAT/IDEA ADVENTURE FLEX;"2008      ";Passageiro;Lesões Leves;"33   ";Feminino;"0 ";"1    ";"0    ";"0    ";-14.8898730;-46.8791470;SPRF-DF;DEL02-DF;UOP03-DEL02-DF 
580561;"1293925   ";2024-02-11;domingo;16:25:00;GO;"20   ";"114,1";FLORES DE GOIAS;Sim;Demais falhas mecânicas ou elétricas;1;Saída de leito carroçável;Com Vítimas Feridas;Pleno dia;Decrescente;Nublado;Simples;Reta;Não  ;"1034870   ";Automóvel;FIAT/IDEA ADVENTURE FLEX;"2008      ";Passageiro;Lesões Graves;"11   ";Masculino;"0 ";"0    ";"1    ";"0    ";-14.8898730;-46.8791470;SPRF-DF;DEL02-DF;UOP03-DEL02-DF 