id;pesid;data_inversa;dia_semana;horario;uf;br;km;municipio;causa_principal;causa_acidente;ordem_tipo_acidente;tipo_acidente;classificacao_acidente;fase_dia;sentido_via;condicao_metereologica;tipo_pista;tracado_via;uso_solo;id_veiculo;tipo_veiculo;marca;ano_fabricacao_veiculo;tipo_envolvido;estado_fisico;idade;sexo;ilesos;feridos_leves;feridos_graves;mortos;latitude;longitude;regional;delegacia;uop
580583;"1291633   ";2024-02-11;domingo;18:20:00;GO;"60   ";"30   ";ALEXANIA;Sim;Chuva;2;Capotamento;Com Vítimas Feridas;Plena Noite;Crescente;Chuva;Dupla;"Reta;Aclive";Sim  ;"1034894   ";Camioneta;I/KIA SPORTAGE LX3 2.0G4;"2010      ";Condutor;Lesões Leves;"36   ";Feminino;"0 ";"1    ";"0    ";"0    ";-16.0957942;-48.4867859;SPRF-DF;DEL03-DF;UOP01-DEL03-DF 
580583;"1291633   ";2024-02-11;domingo;18:20:00;GO;"60   ";"30   ";ALEXANIA;Sim;Chuva;1;Saída de leito carroçável;Com Vítimas Feridas;Plena Noite;Crescente;Chuva;Dupla;"Reta;Aclive";Sim  ;"1034894   ";Camioneta;I/KIA SPORTAGE LX3 2.0G4;"2010      ";Condutor;Lesões Leves;"36   ";Feminino;"0 ";"1    ";"0    ";"0    ";-16.0957942;-48.4867859;SPRF-DF;DEL03-DF;UOP01-DEL03-DF 
580591;"1291580   ";2024-01-10;quarta-feira;15:40:00;GO;"40   ";"41   ";LUZIANIA;Sim;Chuva;2;Colisão frontal;Com Vítimas Fatais;Pleno dia;Crescente;Chuva;Simples;Curva;Não  ;"1034866   ";Caminhonete;CHEVROLET/MONTANA LS;"2012      ";Condutor;Óbito;"41   ";Masculino;"0 ";"0    ";"0    ";"1    ";-16.3678020;-47.8269720;SPRF-DF;DEL01-DF;UOP02-DEL01-DF 
580591;"1291581   ";2024-01-10;quarta-feira;15:40:00;GO;"40   ";"41   ";LUZIANIA;Sim;Chuva;2;Colisão frontal;Com Vítimas Fatais;Pleno dia;Crescente;Chuva;Simples;Curva;Não  ;"1034867   ";Utilitário;CHEV/TRAILBLAZER LTZ D4A;"2016      ";Passageiro;Ileso;"5    ";Masculino;"1 ";"0    ";"0    ";"0    ";-16.3678020;-47.8269720;SPRF-DF;DEL01-DF;UOP02-DEL01-DF 
580591;"1291582   ";2024-01-10;quarta-feira;15:40:00;GO;"40   ";"41   ";LUZIANIA;Sim;Chuva;2;Colisão frontal;Com Vítimas Fatais;Pleno dia;Crescente;Chuva;Simples;Curva;Não  ;"1034867   ";Utilitário;CHEV/TRAILBLAZER LTZ D4A;"2016      ";Passageiro;Ileso;"53   ";Feminino;"1 ";"0    ";"0    ";"0    ";-16.3678020;-47.8269720;SPRF-DF;DEL01-DF;UOP02-DEL01-DF 
580591;"1291583   ";2024-01-10;quarta-feira;15:40:00;GO;"40   ";"41   ";LUZIANIA;Sim;Chuva;2;Colisão frontal;Com Vítimas Fatais;Pleno dia;Crescente;Chuva;Simples;Curva;Não  ;"1034867   ";Utilitário;CHEV/TRAILBLAZER LTZ D4A;"2016      ";Condutor;Ileso;"64   ";Masculino;"1 ";"0    ";"0    ";"0    ";-16.3678020;-47.8269720;SPRF-DF;DEL01-DF;UOP02-DEL01-DF 
580591;"1291584   ";2024-01-10;quarta-feira;15:40:00;GO;"40   ";"41   ";LUZIANIA;Sim;Chuva;2;Colisão frontal;Com Vítimas Fatais;Pleno dia;Crescente;Chuva;Simples;Curva;Não  ;"1034868   ";Automóvel;CHEV/TRACKER 12T A RS;"2023      ";Condutor;Ileso;"48   ";Masculino;"1 ";"0    ";"0    ";"0    ";-16.3678020;-47.8269720;SPRF-DF;DEL01-DF;UOP02-DEL01-DF 
580591;"1291580   ";2024-01-10;quarta-feira;15:40:00;GO;"40   ";"41   ";LUZIANIA;Não;Velocidade Incompatível;2;Colisão frontal;Com Vítimas Fatais;Pleno dia;Crescente;Chuva;Simples;Curva;Não  ;"1034866   ";Caminhonete;CHEVROLET/MONTANA LS;"2012      ";Condutor;Óbito;"41   ";Masculino;"0 ";"0    ";"0    ";"1    ";-16.3678020;-47.8269720;SPRF-DF;DEL01-DF;UOP02-DEL01-DF 
580591;"1291581   ";2024-01-10;quarta-feira;15:40:00;GO;"40   ";"41   ";LUZIANIA;Não;Velocidade Incompatível;2;Colisão frontal;Com Vítimas Fatais;Pleno dia;Crescente;Chuva;Simples;Curva;Não  ;"1034867   ";Utilitário;CHEV/TRAILBLAZER LTZ D4A;"2016      ";Passageiro;Ileso;"5    ";Masculino;"1 ";"0    ";"0    ";"0    ";-16.3678020;-47.8269720;SPRF-DF;DEL01-DF;UOP02-DEL01-DF 
580591;"1291582   ";2024-01-10;quarta-feira;15:40:00;GO;"40   ";"41   ";LUZIANIA;Não;Velocidade Incompatível;2;Colisão frontal;Com Vítimas Fatais;Pleno dia;Crescente;Chuva;Simples;Curva;Não  ;"1034867   ";Utilitário;CHEV/TRAILBLAZER LTZ D4A;"2016      ";Passageiro;Ileso;"53   ";Feminino;"1 ";"0    ";"0    ";"0    ";-16.3678020;-47.8269720;SPRF-DF;DEL01-DF;UOP02-DEL01-DF 
580591;"1291583   ";2024-01-10;quarta-feira;15:40:00;GO;"40   ";"41   ";LUZIANIA;Não;Velocidade Incompatível;2;Colisão frontal;Com Vítimas Fatais;Pleno dia;Crescente;Chuva;Simples;Curva;Não  ;"1034867   ";Utilitário;CHEV/TRAILBLAZER LTZ D4A;"2016      ";Condutor;Ileso;"64   ";Masculino;"1 ";"0    ";"0    ";"0    ";-16.3678020;-47.8269720;SPRF-DF;DEL01-DF;UOP02-DEL01-DF 
580591;"1291584   ";2024-01-10;quarta-feira;15:40:00;GO;"40   ";"41   ";LUZIANIA;Não;Velocidade Incompatível;2;Colisão frontal;Com Vítimas Fatais;Pleno dia;Crescente;Chuva;Simples;Curva;Não  ;"1034868   ";Automóvel;CHEV/TRACKER 12T A RS;"2023      ";Condutor;Ileso;"48   ";Masculino;"1 ";"0    ";"0    ";"0    ";-16.3678020;-47.8269720;SPRF-DF;DEL01-DF;UOP02-DEL01-DF 
580591;"1291580   ";2024-01-10;quarta-feira;15:40:00;GO;"40   ";"41   ";LUZIANIA;Sim;Chuva;1;Colisão lateral sentido oposto;Com Vítimas Fatais;Pleno dia;Crescente;Chuva;Simples;Curva;Não  ;"1034866   ";Caminhonete;CHEVROLET/MONTANA LS;"2012      ";Condutor;Óbito;"41   ";Masculino;"0 ";"0    ";"0    ";"1    ";-16.3678020;-47.8269720;SPRF-DF;DEL01-DF;UOP02-DEL01-DF 
580591;"1291581   ";2024-01-10;quarta-feira;15:40:00;GO;"40   ";"41   ";LUZIANIA;Sim;Chuva;1;Colisão lateral sentido oposto;Com Vítimas Fatais;Pleno dia;Crescente;Chuva;Simples;Curva;Não  ;"1034867   ";Utilitário;CHEV/TRAILBLAZER LTZ D4A;"2016      ";Passageiro;Ileso;"5    ";Masculino;"1 ";"0    ";"0    ";"0    ";-16.3678020;-47.8269720;SPRF-DF;DEL01-DF;UOP02-DEL01-DF 
580591;"1291582   ";2024-01-10;quarta-feira;15:40:00;GO;"40   ";"41   ";LUZIANIA;Sim;Chuva;1;Colisão lateral sentido oposto;Com Vítimas Fatais;Pleno dia;Crescente;Chuva;Simples;Curva;Não  ;"1034867   ";Utilitário;CHEV/TRAILBLAZER LTZ D4A;"2016      ";Passageiro;Ileso;"53   ";Feminino;"1 ";"0    ";"0    ";"0    ";-16.3678020;-47.8269720;SPRF-DF;DEL01-DF;UOP02-DEL01-DF 
580591;"1291583   ";2024-01-10;quarta-feira;15:40:00;GO;"40   ";"41   ";LUZIANIA;Sim;Chuva;1;Colisão lateral sentido oposto;Com Vítimas Fatais;Pleno dia;Crescente;Chuva;Simples;Curva;Não  ;"1034867   ";Utilitário;CHEV/TRAILBLAZER LTZ D4A;"2016      ";Condutor;Ileso;"64   ";Masculino;"1 ";"0    ";"0    ";"0    ";-16.3678020;-47.8269720;SPRF-DF;DEL01-DF;UOP02-DEL01-DF 
580591;"1291584   ";2024-01-10;quarta-feira;15:40:00;GO;"40   ";"41   ";LUZIANIA;Sim;Chuva;1;Colisão lateral sentido oposto;Com Vítimas Fatais;Pleno dia;Crescente;Chuva;Simples;Curva;Não  ;"1034868   ";Automóvel;CHEV/TRACKER 12T A RS;"2023      ";Condutor;Ileso;"48   ";Masculino;"1 ";"0    ";"0    ";"0    ";-16.3678020;-47.8269720;SPRF-DF;DEL01-DF;UOP02-DEL01-DF 
580591;"1291580   ";2024-01-10;quarta-feira;15:40:00;GO;"40   ";"41   ";LUZIANIA;Não;Velocidade Incompatível;1;Colisão lateral sentido oposto;Com Vítimas Fatais;Pleno dia;Crescente;Chuva;Simples;Curva;Não  ;"1034866   ";Caminhonete;CHEVROLET/MONTANA LS;"2012      ";Condutor;Óbito;"41   ";Masculino;"0 ";"0    ";"0    ";"1    ";-16.3678020;-47.8269720;SPRF-DF;DEL01-DF;UOP02-DEL01-DF 
580591;"1291581   ";2024-01-10;quarta-feira;15:40:00;GO;"40   ";"41   ";LUZIANIA;Não;Velocidade Incompatível;1;Colisão lateral sentido oposto;Com Vítimas Fatais;Pleno dia;Crescente;Chuva;Simples;Curva;Não  ;"1034867   ";Utilitário;CHEV/TRAILBLAZER LTZ D4A;"2016      ";Passageiro;Ileso;"5    ";Masculino;"1 ";"0    ";"0    ";"0    ";-16.3678020;-47.8269720;SPRF-DF;DEL01-DF;UOP02-DEL01-DF 
580591;"1291582   ";2024-01-10;quarta-feira;15:40:00;GO;"40   ";"41   ";LUZIANIA;Não;Velocidade Incompatível;1;Colisão lateral sentido oposto;Com Vítimas Fatais;Pleno dia;Crescente;Chuva;Simples;Curva;Não  ;"1034867   ";Utilitário;CHEV/TRAILBLAZER LTZ D4A;"2016      ";Passageiro;Ileso;"53   ";Feminino;"1 ";"0    ";"0    ";"0    ";-16.3678020;-47.8269720;SPRF-DF;DEL01-DF;UOP02-DEL01-DF 
580591;"1291583   ";2024-01-10;quarta-feira;15:40:00;GO;"40   ";"41   ";LUZIANIA;Não;Velocidade Incompatível;1;Colisão lateral sentido oposto;Com Vítimas Fatais;Pleno dia;Crescente;Chuva;Simples;Curva;Não  ;"1034867   ";Utilitário;CHEV/TRAILBLAZER LTZ D4A;"2016      ";Condutor;Ileso;"64   ";Masculino;"1 ";"0    ";"0    ";"0    ";-16.3678020;-47.8269720;SPRF-DF;DEL01-DF;UOP02-DEL01-DF 
580591;"1291584   ";2024-01-10;quarta-feira;15:40:00;GO;"40   ";"41   ";LUZIANIA;Não;Velocidade Incompatível;1;Colisão lateral sentido oposto;Com Vítimas Fatais;Pleno dia;Crescente;Chuva;Simples;Curva;Não  ;"1034868   ";Automóvel;CHEV/TRACKER 12T A RS;"2023      ";Condutor;Ileso;"48   ";Masculino;"1 ";"0    ";"0    ";"0    ";-16.3678020;-47.8269720;SPRF-DF;DEL01-DF;UOP02-DEL01-DF 
580641;"1291827   ";2024-02-11;domingo;23:10:00;GO;"60   ";"19,1 ";ALEXANIA;Não;Pista Escorregadia;1;Colisão frontal;Com Vítimas Fatais;Plena Noite;Crescente;Chuva;Dupla;"Aclive;Reta";Não  ;"1035053   ";Automóvel;HONDA/HR-V TOURING;"2023      ";Passageiro;Lesões Graves;"59   ";Feminino;"0 ";"0    ";"1    ";"0    ";-16.1169140;-48.3935920;SPRF-DF;DEL03-DF;UOP01-DEL03-DF 
580641;"1291825   ";2024-02-11;domingo;23:10:00;GO;"60   ";"19,1 ";ALEXANIA;Não;Pista Escorregadia;1;Colisão frontal;Com Vítimas Fatais;Plena Noite;Crescente;Chuva;Dupla;"Aclive;Reta";Não  ;"1035053   ";Automóvel;HONDA/HR-V TOURING;"2023      ";Condutor;Lesões Leves;"68   ";Masculino;"0 ";"1    ";"0    ";"0    ";-16.1169140;-48.3935920;SPRF-DF;DEL03-DF;UOP01-DEL03-DF 
580641;"1291826   ";2024-02-11;domingo;23:10:00;GO;"60   ";"19,1 ";ALEXANIA;Não;Pista Escorregadia;1;Colisão frontal;Com Vítimas Fatais;Plena Noite;Crescente;Chuva;Dupla;"Aclive;Reta";Não  ;"1035053   ";Automóvel;HONDA/HR-V TOURING;"2023      ";Passageiro;Lesões Leves;"69   ";Feminino;"0 ";"1    ";"0    ";"0    ";-16.1169140;-48.3935920;SPRF-DF;DEL03-DF;UOP01-DEL03-DF 
580641;"1291830   ";2024-02-11;domingo;23:10:00;GO;"60   ";"19,1 ";ALEXANIA;Não;Pista Escorregadia;1;Colisão frontal;Com Vítimas Fatais;Plena Noite;Crescente;Chuva;Dupla;"Aclive;Reta";Não  ;"1035054   ";Automóvel;VW/NOVO GOL 1.0;"2012      ";Condutor;Óbito;"41   ";Masculino;"0 ";"0    ";"0    ";"1    ";-16.1169140;-48.3935920;SPRF-DF;DEL03-DF;UOP01-DEL03-DF 
580641;"1291827   ";2024-02-11;domingo;23:10:00;GO;"60   ";"19,1 ";ALEXANIA;Não;Chuva;1;Colisão frontal;Com Vítimas Fatais;Plena Noite;Crescente;Chuva;Dupla;"Aclive;Reta";Não  ;"1035053   ";Automóvel;HONDA/HR-V TOURING;"2023      ";Passageiro;Lesões Graves;"59   ";Feminino;"0 ";"0    ";"1    ";"0    ";-16.1169140;-48.3935920;SPRF-DF;DEL03-DF;UOP01-DEL03-DF 
580641;"1291825   ";2024-02-11;domingo;23:10:00;GO;"60   ";"19,1 ";ALEXANIA;Não;Chuva;1;Colisão frontal;Com Vítimas Fatais;Plena Noite;Crescente;Chuva;Dupla;"Aclive;Reta";Não  ;"1035053   ";Automóvel;HONDA/HR-V TOURING;"2023      ";Condutor;Lesões Leves;"68   ";Masculino;"0 ";"1    ";"0    ";"0    ";-16.1169140;-48.3935920;SPRF-DF;DEL03-DF;UOP01-DEL03-DF 
580641;"1291826   ";2024-02-11;domingo;23:10:00;GO;"60   ";"19,1 ";ALEXANIA;Não;Chuva;1;Colisão frontal;Com Vítimas Fatais;Plena Noite;Crescente;Chuva;Dupla;"Aclive;Reta";Não  ;"1035053   ";Automóvel;HONDA/HR-V TOURING;"2023      ";Passageiro;Lesões Leves;"69   ";Feminino;"0 ";"1    ";"0    ";"0    ";-16.1169140;-48.3935920;SPRF-DF;DEL03-DF;UOP01-DEL03-DF 
580641;"1291830   ";2024-02-11;domingo;23:10:00;GO;"60   ";"19,1 ";ALEXANIA;Não;Chuva;1;Colisão frontal;Com Vítimas Fatais;Plena Noite;Crescente;Chuva;Dupla;"Aclive;Reta";Não  ;"1035054   ";Automóvel;VW/NOVO GOL 1.0;"2012      ";Condutor;Óbito;"41   ";Masculino;"0 ";"0    ";"0    ";"1    ";-16.1169140;-48.3935920;SPRF-DF;DEL03-DF;UOP01-DEL03-DF 
580641;"1291827   ";2024-02-11;domingo;23:10:00;GO;"60   ";"19,1 ";ALEXANIA;Sim;Transitar na contramão;1;Colisão frontal;Com Vítimas Fatais;Plena Noite;Crescente;Chuva;Dupla;"Aclive;Reta";Não  ;"1035053   ";Automóvel;HONDA/HR-V TOURING;"2023      ";Passageiro;Lesões Graves;"59   ";Feminino;"0 ";"0    ";"1    ";"0    ";-16.1169140;-48.3935920;SPRF-DF;DEL03-DF;UOP01-DEL03-DF 
580641;"1291825   ";2024-02-11;domingo;23:10:00;GO;"60   ";"19,1 ";ALEXANIA;Sim;Transitar na contramão;1;Colisão frontal;Com Vítimas Fatais;Plena Noite;Crescente;Chuva;Dupla;"Aclive;Reta";Não  ;"1035053   ";Automóvel;HONDA/HR-V TOURING;"2023      ";Condutor;Lesões Leves;"68   ";Masculino;"0 ";"1    ";"0    ";"0    ";-16.1169140;-48.3935920;SPRF-DF;DEL03-DF;UOP01-DEL03-DF 
580641;"1291826   ";2024-02-11;domingo;23:10:00;GO;"60   ";"19,1 ";ALEXANIA;Sim;Transitar na contramão;1;Colisão frontal;Com Vítimas Fatais;Plena Noite;Crescente;Chuva;Dupla;"Aclive;Reta";Não  ;"1035053   ";Automóvel;HONDA/HR-V TOURING;"2023      ";Passageiro;Lesões Leves;"69   ";Feminino;"0 ";"1    ";"0    ";"0    ";-16.1169140;-48.3935920;SPRF-DF;DEL03-DF;UOP01-DEL03-DF 
580641;"1291830   ";2024-02-11;domingo;23:10:00;GO;"60   ";"19,1 ";ALEXANIA;Sim;Transitar na contramão;1;Colisão frontal;Com Vítimas Fatais;Plena Noite;Crescente;Chuva;Dupla;"Aclive;Reta";Não  ;"1035054   ";Automóvel;VW/NOVO GOL 1.0;"2012      ";Condutor;Óbito;"41   ";Masculino;"0 ";"0    ";"0    ";"1    ";-16.1169140;-48.3935920;SPRF-DF;DEL03-DF;UOP01-DEL03-DF 
580648;"1291736   ";2024-02-12;segunda-feira;00:40:00;DF;"40   ";"2,9  ";BRASILIA;Não;Pista Escorregadia;2;Queda de ocupante de veículo;Com Vítimas Feridas;Plena Noite;Crescente;Chuva;Dupla;"Interseção de Vias;Ponte;Reta";Sim  ;"1034968   ";Motocicleta;KASINSKI/COMET 250R;"2010      ";Passageiro;Lesões Leves;"20   ";Feminino;"0 ";"1    ";"0    ";"0    ";-15.9943500;-47.9859470;SPRF-DF;DEL01-DF;UOP01-DEL01-DF 
580648;"1291735   ";2024-02-12;segunda-feira;00:40:00;DF;"40   ";"2,9  ";BRASILIA;Não;Pista Escorregadia;2;Queda de ocupante de veículo;Com Vítimas Feridas;Plena Noite;Crescente;Chuva;Dupla;"Interseção de Vias;Ponte;Reta";Sim  ;"1034968   ";Motocicleta;KASINSKI/COMET 250R;"2010      ";Condutor;Lesões Leves;"27   ";Masculino;"0 ";"1    ";"0    ";"0    ";-15.9943500;-47.9859470;SPRF-DF;DEL01-DF;UOP01-DEL01-DF 
580648;"1291736   ";2024-02-12;segunda-feira;00:40:00;DF;"40   ";"2,9  ";BRASILIA;Sim;Acumulo de água sobre o pavimento;2;Queda de ocupante de veículo;Com Vítimas Feridas;Plena Noite;Crescente;Chuva;Dupla;"Interseção de Vias;Ponte;Reta";Sim  ;"1034968   ";Motocicleta;KASINSKI/COMET 250R;"2010      ";Passageiro;Lesões Leves;"20   ";Feminino;"0 ";"1    ";"0    ";"0    ";-15.9943500;-47.9859470;SPRF-DF;DEL01-DF;UOP01-DEL01-DF 
580648;"1291735   ";2024-02-12;segunda-feira;00:40:00;DF;"40   ";"2,9  ";BRASILIA;Sim;Acumulo de água sobre o pavimento;2;Queda de ocupante de veículo;Com Vítimas Feridas;Plena Noite;Crescente;Chuva;Dupla;"Interseção de Vias;Ponte;Reta";Sim  ;"1034968   ";Motocicleta;KASINSKI/COMET 250R;"2010      ";Condutor;Lesões Leves;"27   ";Masculino;"0 ";"1    ";"0    ";"0    ";-15.9943500;-47.9859470;SPRF-DF;DEL01-DF;UOP01-DEL01-DF 
580648;"1291736   ";2024-02-12;segunda-feira;00:40:00;DF;"40   ";"2,9  ";BRASILIA;Não;Pista Escorregadia;1;Tombamento;Com Vítimas Feridas;Plena Noite;Crescente;Chuva;Dupla;"Interseção de Vias;Ponte;Reta";Sim  ;"1034968   ";Motocicleta;KASINSKI/COMET 250R;"2010      ";Passageiro;Lesões Leves;"20   ";Feminino;"0 ";"1    ";"0    ";"0    ";-15.9943500;-47.9859470;SPRF-DF;DEL01-DF;UOP01-DEL01-DF 
580648;"1291735   ";2024-02-12;segunda-feira;00:40:00;DF;"40   ";"2,9  ";BRASILIA;Não;Pista Escorregadia;1;Tombamento;Com Vítimas Feridas;Plena Noite;Crescente;Chuva;Dupla;"Interseção de Vias;Ponte;Reta";Sim  ;"1034968   ";Motocicleta;KASINSKI/COMET 250R;"2010      ";Condutor;Lesões Leves;"27   ";Masculino;"0 ";"1    ";"0    ";"0    ";-15.9943500;-47.9859470;SPRF-DF;DEL01-DF;UOP01-DEL01-DF 
580648;"1291736   ";2024-02-12;segunda-feira;00:40:00;DF;"40   ";"2,9  ";BRASILIA;Sim;Acumulo de água sobre o pavimento;1;Tombamento;Com Vítimas Feridas;Plena Noite;Crescente;Chuva;Dupla;"Interseção de Vias;Ponte;Reta";Sim  ;"1034968   ";Motocicleta;KASINSKI/COMET 250R;"2010      ";Passageiro;Lesões Leves;"20   ";Feminino;"0 ";"1    ";"0    ";"0    ";-15.9943500;-47.9859470;SPRF-DF;DEL01-DF;UOP01-DEL01-DF 
580648;"1291735   ";2024-02-12;segunda-feira;00:40:00;DF;"40   ";"2,9  ";BRASILIA;Sim;Acumulo de água sobre o pavimento;1;Tombamento;Com Vítimas Feridas;Plena Noite;Crescente;Chuva;Dupla;"Interseção de Vias;Ponte;Reta";Sim  ;"1034968   ";Motocicleta;KASINSKI/COMET 250R;"2010      ";Condutor;Lesões Leves;"27   ";Masculino;"0 ";"1    ";"0    ";"0    ";-15.9943500;-47.9859470;SPRF-DF;DEL01-DF;UOP01-DEL01-DF 
580669;"1291852   ";2024-02-12;segunda-feira;04:23:00;DF;"40   ";"0    ";BRASILIA;Sim;Ausência de reação do condutor;1;Colisão lateral mesmo sentido;Sem Vítimas;Plena Noite;Crescente;Céu Claro;Dupla;Reta;Sim  ;"1035065   ";Automóvel;FIAT/UNO DRIVE 1.0;"2018      ";Condutor;Ileso;"31   ";Masculino;"1 ";"0    ";"0    ";"0    ";-15.9768970;-47.9901290;SPRF-DF;DEL01-DF;UOP01-DEL01-DF 
580669;"1291853   ";2024-02-12;segunda-feira;04:23:00;DF;"40   ";"0    ";BRASILIA;Sim;Ausência de reação do condutor;1;Colisão lateral mesmo sentido;Sem Vítimas;Plena Noite;Crescente;Céu Claro;Dupla;Reta;Sim  ;"1035066   ";Automóvel;HYUNDAI/HB20 10M VISION;"2022      ";Condutor;Ileso;"51   ";Masculino;"1 ";"0    ";"0    ";"0    ";-15.9768970;-47.9901290;SPRF-DF;DEL01-DF;UOP01-DEL01-DF 
580675;"1291799   ";2024-02-12;segunda-feira;04:38:00;DF;"20   ";"20   ";BRASILIA;Não;Chuva;2;Saída de leito carroçável;Com Vítimas Feridas;Plena Noite;Crescente;Chuva;Dupla;"Ponte;Reta";Sim  ;"1035025   ";Automóvel;VW/NOVO GOL TL MCV;"2018      ";Condutor;Lesões Leves;"56   ";Masculino;"0 ";"1    ";"0    ";"0    ";-15.6079050;-47.6927910;SPRF-DF;DEL02-DF;UOP01-DEL02-DF 
580675;"1291799   ";2024-02-12;segunda-feira;04:38:00;DF;"20   ";"20   ";BRASILIA;Sim;Demais falhas mecânicas ou elétricas;2;Saída de leito carroçável;Com Vítimas Feridas;Plena Noite;Crescente;Chuva;Dupla;"Ponte;Reta";Sim  ;"1035025   ";Automóvel;VW/NOVO GOL TL MCV;"2018      ";Condutor;Lesões Leves;"56   ";Masculino;"0 ";"1    ";"0    ";"0    ";-15.6079050;-47.6927910;SPRF-DF;DEL02-DF;UOP01-DEL02-DF 
580675;"1291799   ";2024-02-12;segunda-feira;04:38:00;DF;"20   ";"20   ";BRASILIA;Não;Chuva;1;Capotamento;Com Vítimas Feridas;Plena Noite;Crescente;Chuva;Dupla;"Ponte;Reta";Sim  ;"1035025   ";Automóvel;VW/NOVO GOL TL MCV;"2018      ";Condutor;Lesões Leves;"56   ";Masculino;"0 ";"1    ";"0    ";"0    ";-15.6079050;-47.6927910;SPRF-DF;DEL02-DF;UOP01-DEL02-DF 
580675;"1291799   ";2024-02-12;segunda-feira;04:38:00;DF;"20   ";"20   ";BRASILIA;Sim;Demais falhas mecânicas ou elétricas;1;Capotamento;Com Vítimas Feridas;Plena Noite;Crescente;Chuva;Dupla;"Ponte;Reta";Sim  ;"1035025   ";Automóvel;VW/NOVO GOL TL MCV;"2018      ";Condutor;Lesões Leves;"56   ";Masculino;"0 ";"1    ";"0    ";"0    ";-15.6079050;-47.6927910;SPRF-DF;DEL02-DF;UOP01-DEL02-DF 
580722;"1291876   ";2024-02-08;quinta-feira;17:25:00;GO;"20   ";"2    ";FORMOSA;Não;Demais falhas na via;1;Eventos atípicos;Sem Vítimas;Pleno dia;Decrescente;Chuva;Simples;"Interseção de Vias;Reta";Sim  ;"1035078   ";Automóvel;I/RENAULT FLUENCE DYN20M;"2015      ";Passageiro;Ileso;"34   ";Masculino;"1 ";"0    ";"0    ";"0    ";-15.5738700;-47.3274880;SPRF-DF;DEL02-DF;UOP02-DEL02-DF 
580722;"1291875   ";2024-02-08;quinta-feira;17:25:00;GO;"20   ";"2    ";FORMOSA;Não;Demais falhas na via;1;Eventos atípicos;Sem Vítimas;Pleno dia;Decrescente;Chuva;Simples;"Interseção de Vias;Reta";Sim  ;"1035078   ";Automóvel;I/RENAULT FLUENCE DYN20M;"2015      ";Condutor;Ileso;"30   ";Masculino;"1 ";"0    ";"0    ";"0    ";-15.5738700;-47.3274880;SPRF-DF;DEL02-DF;UOP02-DEL02-DF 
580722;"1291876   ";2024-02-08;quinta-feira;17:25:00;GO;"20   ";"2    ";FORMOSA;Não;Acumulo de água sobre o pavimento;1;Eventos atípicos;Sem Vítimas;Pleno dia;Decrescente;Chuva;Simples;"Interseção de Vias;Reta";Sim  ;"1035078   ";Automóvel;I/RENAULT FLUENCE DYN20M;"2015      ";Passageiro;Ileso;"34   ";Masculino;"1 ";"0    ";"0    ";"0    ";-15.5738700;-47.3274880;SPRF-DF;DEL02-DF;UOP02-DEL02-DF 
580722;"1291875   ";2024-02-08;quinta-feira;17:25:00;GO;"20   ";"2    ";FORMOSA;Não;Acumulo de água sobre o pavimento;1;Eventos atípicos;Sem Vítimas;Pleno dia;Decrescente;Chuva;Simples;"Interseção de Vias;Reta";Sim  ;"1035078   ";Automóvel;I/RENAULT FLUENCE DYN20M;"2015      ";Condutor;Ileso;"30   ";Masculino;"1 ";"0    ";"0    ";"0    ";-15.5738700;-47.3274880;SPRF-DF;DEL02-DF;UOP02-DEL02-DF 
580722;"1291876   ";2024-02-08;quinta-feira;17:25:00;GO;"20   ";"2    ";FORMOSA;Não;Chuva;1;Eventos atípicos;Sem Vítimas;Pleno dia;Decrescente;Chuva;Simples;"Interseção de Vias;Reta";Sim  ;"1035078   ";Automóvel;I/RENAULT FLUENCE DYN20M;"2015      ";Passageiro;Ileso;"34   ";Masculino;"1 ";"0    ";"0    ";"0    ";-15.5738700;-47.3274880;SPRF-DF;DEL02-DF;UOP02-DEL02-DF 
580722;"1291875   ";2024-02-08;quinta-feira;17:25:00;GO;"20   ";"2    ";FORMOSA;Não;Chuva;1;Eventos atípicos;Sem Vítimas;Pleno dia;Decrescente;Chuva;Simples;"Interseção de Vias;Reta";Sim  ;"1035078   ";Automóvel;I/RENAULT FLUENCE DYN20M;"2015      ";Condutor;Ileso;"30   ";Masculino;"1 ";"0    ";"0    ";"0    ";-15.5738700;-47.3274880;SPRF-DF;DEL02-DF;UOP02-DEL02-DF 
580722;"1291876   ";2024-02-08;quinta-feira;17:25:00;GO;"20   ";"2    ";FORMOSA;Sim;Pista esburacada;1;Eventos atípicos;Sem Vítimas;Pleno dia;Decrescente;Chuva;Simples;"Interseção de Vias;Reta";Sim  ;"1035078   ";Automóvel;I/RENAULT FLUENCE DYN20M;"2015      ";Passageiro;Ileso;"34   ";Masculino;"1 ";"0    ";"0    ";"0    ";-15.5738700;-47.3274880;SPRF-DF;DEL02-DF;UOP02-DEL02-DF 
580722;"1291875   ";2024-02-08;quinta-feira;17:25:00;GO;"20   ";"2    ";FORMOSA;Sim;Pista esburacada;1;Eventos atípicos;Sem Vítimas;Pleno dia;Decrescente;Chuva;Simples;"Interseção de Vias;Reta";Sim  ;"1035078   ";Automóvel;I/RENAULT FLUENCE DYN20M;"2015      ";Condutor;Ileso;"30   ";Masculino;"1 ";"0    ";"0    ";"0    ";-15.5738700;-47.3274880;SPRF-DF;DEL02-DF;UOP02-DEL02-DF 
580741;"1292025   ";2024-02-12;segunda-feira;07:10:00;GO;"20   ";"149,5";ALVORADA DO NORTE;Sim;Ausência de reação do condutor;3;Colisão com objeto;Com Vítimas Feridas;Pleno dia;Crescente;Céu Claro;Simples;Reta;Não  ;"1035193   ";Automóvel;RENAULT/DUSTER 16 E 4X2;"2014      ";Passageiro;Lesões Graves;"49   ";Masculino;"0 ";"0    ";"1    ";"0    ";-14.7071570;-46.6499180;SPRF-DF;DEL02-DF;UOP03-DEL02-DF 
580741;"1292022   ";2024-02-12;segunda-feira;07:10:00;GO;"20   ";"149,5";ALVORADA DO NORTE;Sim;Ausência de reação do condutor;3;Colisão com objeto;Com Vítimas Feridas;Pleno dia;Crescente;Céu Claro;Simples;Reta;Não  ;"1035193   ";Automóvel;RENAULT/DUSTER 16 E 4X2;"2014      ";Condutor;Lesões Graves;"64   ";Masculino;"0 ";"0    ";"1    ";"0    ";-14.7071570;-46.6499180;SPRF-DF;DEL02-DF;UOP03-DEL02-DF 