id;pesid;data_inversa;dia_semana;horario;uf;br;km;municipio;causa_principal;causa_acidente;ordem_tipo_acidente;tipo_acidente;classificacao_acidente;fase_dia;sentido_via;condicao_metereologica;tipo_pista;tracado_via;uso_solo;id_veiculo;tipo_veiculo;marca;ano_fabricacao_veiculo;tipo_envolvido;estado_fisico;idade;sexo;ilesos;feridos_leves;feridos_graves;mortos;latitude;longitude;regional;delegacia;uop
580741;"1292023   ";2024-02-12;segunda-feira;07:10:00;GO;"20   ";"149,5";ALVORADA DO NORTE;Sim;Ausência de reação do condutor;3;Colisão com objeto;Com Vítimas Feridas;Pleno dia;Crescente;Céu Claro;Simples;Reta;Não  ;"1035193   ";Automóvel;RENAULT/DUSTER 16 E 4X2;"2014      ";Passageiro;Lesões Graves;"53   ";Masculino;"0 ";"0    ";"1    ";"0    ";-14.7071570;-46.6499180;SPRF-DF;DEL02-DF;UOP03-DEL02-DF 
580741;"1292027   ";2024-02-12;segunda-feira;07:10:00;GO;"20   ";"149,5";ALVORADA DO NORTE;Sim;Ausência de reação do condutor;3;Colisão com objeto;Com Vítimas Feridas;Pleno dia;Crescente;Céu Claro;Simples;Reta;Não  ;"1035195   ";Caminhonete;FIAT/STRADA HD WK CC E;"2020      ";Condutor;Ileso;"23   ";Masculino;"1 ";"0    ";"0    ";"0    ";-14.7071570;-46.6499180;SPRF-DF;DEL02-DF;UOP03-DEL02-DF 
580741;"1292114   ";2024-02-12;segunda-feira;07:10:00;GO;"20   ";"149,5";ALVORADA DO NORTE;Sim;Ausência de reação do condutor;3;Colisão com objeto;Com Vítimas Feridas;Pleno dia;Crescente;Céu Claro;Simples;Reta;Não  ;"0         ";"0";NA/NA;"0         ";Testemunha;Não Informado;"0    ";Não Informado;"0 ";"0    ";"0    ";"0    ";-14.7071570;-46.6499180;SPRF-DF;DEL02-DF;UOP03-DEL02-DF 
580741;"1292112   ";2024-02-12;segunda-feira;07:10:00;GO;"20   ";"149,5";ALVORADA DO NORTE;Sim;Ausência de reação do condutor;3;Colisão com objeto;Com Vítimas Feridas;Pleno dia;Crescente;Céu Claro;Simples;Reta;Não  ;"0         ";"0";NA/NA;"0         ";Testemunha;Não Informado;"0    ";Não Informado;"0 ";"0    ";"0    ";"0    ";-14.7071570;-46.6499180;SPRF-DF;DEL02-DF;UOP03-DEL02-DF 
580741;"1292025   ";2024-02-12;segunda-feira;07:10:00;GO;"20   ";"149,5";ALVORADA DO NORTE;Não;Condutor deixou de manter distância do veículo da frente;3;Colisão com objeto;Com Vítimas Feridas;Pleno dia;Crescente;Céu Claro;Simples;Reta;Não  ;"1035193   ";Automóvel;RENAULT/DUSTER 16 E 4X2;"2014      ";Passageiro;Lesões Graves;"49   ";Masculino;"0 ";"0    ";"1    ";"0    ";-14.7071570;-46.6499180;SPRF-DF;DEL02-DF;UOP03-DEL02-DF 
580741;"1292022   ";2024-02-12;segunda-feira;07:10:00;GO;"20   ";"149,5";ALVORADA DO NORTE;Não;Condutor deixou de manter distância do veículo da frente;3;Colisão com objeto;Com Vítimas Feridas;Pleno dia;Crescente;Céu Claro;Simples;Reta;Não  ;"1035193   ";Automóvel;RENAULT/DUSTER 16 E 4X2;"2014      ";Condutor;Lesões Graves;"64   ";Masculino;"0 ";"0    ";"1    ";"0    ";-14.7071570;-46.6499180;SPRF-DF;DEL02-DF;UOP03-DEL02-DF 
580741;"1292023   ";2024-02-12;segunda-feira;07:10:00;GO;"20   ";"149,5";ALVORADA DO NORTE;Não;Condutor deixou de manter distância do veículo da frente;3;Colisão com objeto;Com Vítimas Feridas;Pleno dia;Crescente;Céu Claro;Simples;Reta;Não  ;"1035193   ";Automóvel;RENAULT/DUSTER 16 E 4X2;"2014      ";Passageiro;Lesões Graves;"53   ";Masculino;"0 ";"0    ";"1    ";"0    ";-14.7071570;-46.6499180;SPRF-DF;DEL02-DF;UOP03-DEL02-DF 
580741;"1292027   ";2024-02-12;segunda-feira;07:10:00;GO;"20   ";"149,5";ALVORADA DO NORTE;Não;Condutor deixou de manter distância do veículo da frente;3;Colisão com objeto;Com Vítimas Feridas;Pleno dia;Crescente;Céu Claro;Simples;Reta;Não  ;"1035195   ";Caminhonete;FIAT/STRADA HD WK CC E;"2020      ";Condutor;Ileso;"23   ";Masculino;"1 ";"0    ";"0    ";"0    ";-14.7071570;-46.6499180;SPRF-DF;DEL02-DF;UOP03-DEL02-DF 
580741;"1292114   ";2024-02-12;segunda-feira;07:10:00;GO;"20   ";"149,5";ALVORADA DO NORTE;Não;Condutor deixou de manter distância do veículo da frente;3;Colisão com objeto;Com Vítimas Feridas;Pleno dia;Crescente;Céu Claro;Simples;Reta;Não  ;"0         ";"0";NA/NA;"0         ";Testemunha;Não Informado;"0    ";Não Informado;"0 ";"0    ";"0    ";"0    ";-14.7071570;-46.6499180;SPRF-DF;DEL02-DF;UOP03-DEL02-DF 
580741;"1292112   ";2024-02-12;segunda-feira;07:10:00;GO;"20   ";"149,5";ALVORADA DO NORTE;Não;Condutor deixou de manter distância do veículo da frente;3;Colisão com objeto;Com Vítimas Feridas;Pleno dia;Crescente;Céu Claro;Simples;Reta;Não  ;"0         ";"0";NA/NA;"0         ";Testemunha;Não Informado;"0    ";Não Informado;"0 ";"0    ";"0    ";"0    ";-14.7071570;-46.6499180;SPRF-DF;DEL02-DF;UOP03-DEL02-DF 
580741;"1292025   ";2024-02-12;segunda-feira;07:10:00;GO;"20   ";"149,5";ALVORADA DO NORTE;Sim;Ausência de reação do condutor;2;Saída de leito carroçável;Com Vítimas Feridas;Pleno dia;Crescente;Céu Claro;Simples;Reta;Não  ;"1035193   ";Automóvel;RENAULT/DUSTER 16 E 4X2;"2014      ";Passageiro;Lesões Graves;"49   ";Masculino;"0 ";"0    ";"1    ";"0    ";-14.7071570;-46.6499180;SPRF-DF;DEL02-DF;UOP03-DEL02-DF 
580741;"1292022   ";2024-02-12;segunda-feira;07:10:00;GO;"20   ";"149,5";ALVORADA DO NORTE;Sim;Ausência de reação do condutor;2;Saída de leito carroçável;Com Vítimas Feridas;Pleno dia;Crescente;Céu Claro;Simples;Reta;Não  ;"1035193   ";Automóvel;RENAULT/DUSTER 16 E 4X2;"2014      ";Condutor;Lesões Graves;"64   ";Masculino;"0 ";"0    ";"1    ";"0    ";-14.7071570;-46.6499180;SPRF-DF;DEL02-DF;UOP03-DEL02-DF 
580741;"1292023   ";2024-02-12;segunda-feira;07:10:00;GO;"20   ";"149,5";ALVORADA DO NORTE;Sim;Ausência de reação do condutor;2;Saída de leito carroçável;Com Vítimas Feridas;Pleno dia;Crescente;Céu Claro;Simples;Reta;Não  ;"1035193   ";Automóvel;RENAULT/DUSTER 16 E 4X2;"2014      ";Passageiro;Lesões Graves;"53   ";Masculino;"0 ";"0    ";"1    ";"0    ";-14.7071570;-46.6499180;SPRF-DF;DEL02-DF;UOP03-DEL02-DF 
580741;"1292027   ";2024-02-12;segunda-feira;07:10:00;GO;"20   ";"149,5";ALVORADA DO NORTE;Sim;Ausência de reação do condutor;2;Saída de leito carroçável;Com Vítimas Feridas;Pleno dia;Crescente;Céu Claro;Simples;Reta;Não  ;"1035195   ";Caminhonete;FIAT/STRADA HD WK CC E;"2020      ";Condutor;Ileso;"23   ";Masculino;"1 ";"0    ";"0    ";"0    ";-14.7071570;-46.6499180;SPRF-DF;DEL02-DF;UOP03-DEL02-DF 
580741;"1292114   ";2024-02-12;segunda-feira;07:10:00;GO;"20   ";"149,5";ALVORADA DO NORTE;Sim;Ausência de reação do condutor;2;Saída de leito carroçável;Com Vítimas Feridas;Pleno dia;Crescente;Céu Claro;Simples;Reta;Não  ;"0         ";"0";NA/NA;"0         ";Testemunha;Não Informado;"0    ";Não Informado;"0 ";"0    ";"0    ";"0    ";-14.7071570;-46.6499180;SPRF-DF;DEL02-DF;UOP03-DEL02-DF 
580741;"1292112   ";2024-02-12;segunda-feira;07:10:00;GO;"20   ";"149,5";ALVORADA DO NORTE;Sim;Ausência de reação do condutor;2;Saída de leito carroçável;Com Vítimas Feridas;Pleno dia;Crescente;Céu Claro;Simples;Reta;Não  ;"0         ";"0";NA/NA;"0         ";Testemunha;Não Informado;"0    ";Não Informado;"0 ";"0    ";"0    ";"0    ";-14.7071570;-46.6499180;SPRF-DF;DEL02-DF;UOP03-DEL02-DF 
580741;"1292025   ";2024-02-12;segunda-feira;07:10:00;GO;"20   ";"149,5";ALVORADA DO NORTE;Não;Condutor deixou de manter distância do veículo da frente;2;Saída de leito carroçável;Com Vítimas Feridas;Pleno dia;Crescente;Céu Claro;Simples;Reta;Não  ;"1035193   ";Automóvel;RENAULT/DUSTER 16 E 4X2;"2014      ";Passageiro;Lesões Graves;"49   ";Masculino;"0 ";"0    ";"1    ";"0    ";-14.7071570;-46.6499180;SPRF-DF;DEL02-DF;UOP03-DEL02-DF 
580741;"1292022   ";2024-02-12;segunda-feira;07:10:00;GO;"20   ";"149,5";ALVORADA DO NORTE;Não;Condutor deixou de manter distância do veículo da frente;2;Saída de leito carroçável;Com Vítimas Feridas;Pleno dia;Crescente;Céu Claro;Simples;Reta;Não  ;"1035193   ";Automóvel;RENAULT/DUSTER 16 E 4X2;"2014      ";Condutor;Lesões Graves;"64   ";Masculino;"0 ";"0    ";"1    ";"0    ";-14.7071570;-46.6499180;SPRF-DF;DEL02-DF;UOP03-DEL02-DF 
580741;"1292023   ";2024-02-12;segunda-feira;07:10:00;GO;"20   ";"149,5";ALVORADA DO NORTE;Não;Condutor deixou de manter distância do veículo da frente;2;Saída de leito carroçável;Com Vítimas Feridas;Pleno dia;Crescente;Céu Claro;Simples;Reta;Não  ;"1035193   ";Automóvel;RENAULT/DUSTER 16 E 4X2;"2014      ";Passageiro;Lesões Graves;"53   ";Masculino;"0 ";"0    ";"1    ";"0    ";-14.7071570;-46.6499180;SPRF-DF;DEL02-DF;UOP03-DEL02-DF 
580741;"1292027   ";2024-02-12;segunda-feira;07:10:00;GO;"20   ";"149,5";ALVORADA DO NORTE;Não;Condutor deixou de manter distância do veículo da frente;2;Saída de leito carroçável;Com Vítimas Feridas;Pleno dia;Crescente;Céu Claro;Simples;Reta;Não  ;"1035195   ";Caminhonete;FIAT/STRADA HD WK CC E;"2020      ";Condutor;Ileso;"23   ";Masculino;"1 ";"0    ";"0    ";"0    ";-14.7071570;-46.6499180;SPRF-DF;DEL02-DF;UOP03-DEL02-DF 
580741;"1292114   ";2024-02-12;segunda-feira;07:10:00;GO;"20   ";"149,5";ALVORADA DO NORTE;Não;Condutor deixou de manter distância do veículo da frente;2;Saída de leito carroçável;Com Vítimas Feridas;Pleno dia;Crescente;Céu Claro;Simples;Reta;Não  ;"0         ";"0";NA/NA;"0         ";Testemunha;Não Informado;"0    ";Não Informado;"0 ";"0    ";"0    ";"0    ";-14.7071570;-46.6499180;SPRF-DF;DEL02-DF;UOP03-DEL02-DF 
580741;"1292112   ";2024-02-12;segunda-feira;07:10:00;GO;"20   ";"149,5";ALVORADA DO NORTE;Não;Condutor deixou de manter distância do veículo da frente;2;Saída de leito carroçável;Com Vítimas Feridas;Pleno dia;Crescente;Céu Claro;Simples;Reta;Não  ;"0         ";"0";NA/NA;"0         ";Testemunha;Não Informado;"0    ";Não Informado;"0 ";"0    ";"0    ";"0    ";-14.7071570;-46.6499180;SPRF-DF;DEL02-DF;UOP03-DEL02-DF 
580741;"1292025   ";2024-02-12;segunda-feira;07:10:00;GO;"20   ";"149,5";ALVORADA DO NORTE;Sim;Ausência de reação do condutor;1;Colisão traseira;Com Vítimas Feridas;Pleno dia;Crescente;Céu Claro;Simples;Reta;Não  ;"1035193   ";Automóvel;RENAULT/DUSTER 16 E 4X2;"2014      ";Passageiro;Lesões Graves;"49   ";Masculino;"0 ";"0    ";"1    ";"0    ";-14.7071570;-46.6499180;SPRF-DF;DEL02-DF;UOP03-DEL02-DF 
580741;"1292022   ";2024-02-12;segunda-feira;07:10:00;GO;"20   ";"149,5";ALVORADA DO NORTE;Sim;Ausência de reação do condutor;1;Colisão traseira;Com Vítimas Feridas;Pleno dia;Crescente;Céu Claro;Simples;Reta;Não  ;"1035193   ";Automóvel;RENAULT/DUSTER 16 E 4X2;"2014      ";Condutor;Lesões Graves;"64   ";Masculino;"0 ";"0    ";"1    ";"0    ";-14.7071570;-46.6499180;SPRF-DF;DEL02-DF;UOP03-DEL02-DF 
581866;"1295171   ";2024-02-18;domingo;12:55:00;GO;"60   ";"51,9 ";ABADIANIA;Sim;Animais na Pista;1;Capotamento;Com Vítimas Feridas;Pleno dia;Decrescente;Céu Claro;Dupla;Reta;Não  ;"1037413   ";Camioneta;JEEP/RENEGADE LGTD T270;"2023      ";Condutor;Ileso;"24   ";Masculino;"1 ";"0    ";"0    ";"0    ";-16.1651000;-48.6333000;SPRF-GO;DEL02-GO;UOP01-DEL02-GO 
580741;"1292023   ";2024-02-12;segunda-feira;07:10:00;GO;"20   ";"149,5";ALVORADA DO NORTE;Sim;Ausência de reação do condutor;1;Colisão traseira;Com Vítimas Feridas;Pleno dia;Crescente;Céu Claro;Simples;Reta;Não  ;"1035193   ";Automóvel;RENAULT/DUSTER 16 E 4X2;"2014      ";Passageiro;Lesões Graves;"53   ";Masculino;"0 ";"0    ";"1    ";"0    ";-14.7071570;-46.6499180;SPRF-DF;DEL02-DF;UOP03-DEL02-DF 
580741;"1292027   ";2024-02-12;segunda-feira;07:10:00;GO;"20   ";"149,5";ALVORADA DO NORTE;Sim;Ausência de reação do condutor;1;Colisão traseira;Com Vítimas Feridas;Pleno dia;Crescente;Céu Claro;Simples;Reta;Não  ;"1035195   ";Caminhonete;FIAT/STRADA HD WK CC E;"2020      ";Condutor;Ileso;"23   ";Masculino;"1 ";"0    ";"0    ";"0    ";-14.7071570;-46.6499180;SPRF-DF;DEL02-DF;UOP03-DEL02-DF 
580741;"1292114   ";2024-02-12;segunda-feira;07:10:00;GO;"20   ";"149,5";ALVORADA DO NORTE;Sim;Ausência de reação do condutor;1;Colisão traseira;Com Vítimas Feridas;Pleno dia;Crescente;Céu Claro;Simples;Reta;Não  ;"0         ";"0";NA/NA;"0         ";Testemunha;Não Informado;"0    ";Não Informado;"0 ";"0    ";"0    ";"0    ";-14.7071570;-46.6499180;SPRF-DF;DEL02-DF;UOP03-DEL02-DF 
580741;"1292112   ";2024-02-12;segunda-feira;07:10:00;GO;"20   ";"149,5";ALVORADA DO NORTE;Sim;Ausência de reação do condutor;1;Colisão traseira;Com Vítimas Feridas;Pleno dia;Crescente;Céu Claro;Simples;Reta;Não  ;"0         ";"0";NA/NA;"0         ";Testemunha;Não Informado;"0    ";Não Informado;"0 ";"0    ";"0    ";"0    ";-14.7071570;-46.6499180;SPRF-DF;DEL02-DF;UOP03-DEL02-DF 
580741;"1292025   ";2024-02-12;segunda-feira;07:10:00;GO;"20   ";"149,5";ALVORADA DO NORTE;Não;Condutor deixou de manter distância do veículo da frente;1;Colisão traseira;Com Vítimas Feridas;Pleno dia;Crescente;Céu Claro;Simples;Reta;Não  ;"1035193   ";Automóvel;RENAULT/DUSTER 16 E 4X2;"2014      ";Passageiro;Lesões Graves;"49   ";Masculino;"0 ";"0    ";"1    ";"0    ";-14.7071570;-46.6499180;SPRF-DF;DEL02-DF;UOP03-DEL02-DF 
580741;"1292022   ";2024-02-12;segunda-feira;07:10:00;GO;"20   ";"149,5";ALVORADA DO NORTE;Não;Condutor deixou de manter distância do veículo da frente;1;Colisão traseira;Com Vítimas Feridas;Pleno dia;Crescente;Céu Claro;Simples;Reta;Não  ;"1035193   ";Automóvel;RENAULT/DUSTER 16 E 4X2;"2014      ";Condutor;Lesões Graves;"64   ";Masculino;"0 ";"0    ";"1    ";"0    ";-14.7071570;-46.6499180;SPRF-DF;DEL02-DF;UOP03-DEL02-DF 
580741;"1292023   ";2024-02-12;segunda-feira;07:10:00;GO;"20   ";"149,5";ALVORADA DO NORTE;Não;Condutor deixou de manter distância do veículo da frente;1;Colisão traseira;Com Vítimas Feridas;Pleno dia;Crescente;Céu Claro;Simples;Reta;Não  ;"1035193   ";Automóvel;RENAULT/DUSTER 16 E 4X2;"2014      ";Passageiro;Lesões Graves;"53   ";Masculino;"0 ";"0    ";"1    ";"0    ";-14.7071570;-46.6499180;SPRF-DF;DEL02-DF;UOP03-DEL02-DF 
580741;"1292027   ";2024-02-12;segunda-feira;07:10:00;GO;"20   ";"149,5";ALVORADA DO NORTE;Não;Condutor deixou de manter distância do veículo da frente;1;Colisão traseira;Com Vítimas Feridas;Pleno dia;Crescente;Céu Claro;Simples;Reta;Não  ;"1035195   ";Caminhonete;FIAT/STRADA HD WK CC E;"2020      ";Condutor;Ileso;"23   ";Masculino;"1 ";"0    ";"0    ";"0    ";-14.7071570;-46.6499180;SPRF-DF;DEL02-DF;UOP03-DEL02-DF 
580741;"1292114   ";2024-02-12;segunda-feira;07:10:00;GO;"20   ";"149,5";ALVORADA DO NORTE;Não;Condutor deixou de manter distância do veículo da frente;1;Colisão traseira;Com Vítimas Feridas;Pleno dia;Crescente;Céu Claro;Simples;Reta;Não  ;"0         ";"0";NA/NA;"0         ";Testemunha;Não Informado;"0    ";Não Informado;"0 ";"0    ";"0    ";"0    ";-14.7071570;-46.6499180;SPRF-DF;DEL02-DF;UOP03-DEL02-DF 
580741;"1292112   ";2024-02-12;segunda-feira;07:10:00;GO;"20   ";"149,5";ALVORADA DO NORTE;Não;Condutor deixou de manter distância do veículo da frente;1;Colisão traseira;Com Vítimas Feridas;Pleno dia;Crescente;Céu Claro;Simples;Reta;Não  ;"0         ";"0";NA/NA;"0         ";Testemunha;Não Informado;"0    ";Não Informado;"0 ";"0    ";"0    ";"0    ";-14.7071570;-46.6499180;SPRF-DF;DEL02-DF;UOP03-DEL02-DF 
580745;"1292242   ";2024-02-12;segunda-feira;12:00:00;DF;"251  ";"33   ";BRASILIA;Sim;Ausência de reação do condutor;1;Capotamento;Com Vítimas Feridas;Pleno dia;Crescente;Céu Claro;Simples;Reta;Sim  ;"1035356   ";Caminhonete;FIAT/STRADA TREK CC 1.6;"2013      ";Condutor;Ileso;"27   ";Masculino;"1 ";"0    ";"0    ";"0    ";-15.9376790;-47.7488780;SPRF-DF;DEL01-DF;UOP01-DEL01-DF 
580745;"1292241   ";2024-02-12;segunda-feira;12:00:00;DF;"251  ";"33   ";BRASILIA;Sim;Ausência de reação do condutor;1;Capotamento;Com Vítimas Feridas;Pleno dia;Crescente;Céu Claro;Simples;Reta;Sim  ;"1035355   ";Automóvel;VW/FOX CONNECT SB;"2018      ";Condutor;Lesões Leves;"45   ";Masculino;"0 ";"1    ";"0    ";"0    ";-15.9376790;-47.7488780;SPRF-DF;DEL01-DF;UOP01-DEL01-DF 
580754;"1292029   ";2024-02-12;segunda-feira;12:10:00;DF;"251  ";"32,3 ";BRASILIA;Sim;Condutor deixou de manter distância do veículo da frente;2;Tombamento;Com Vítimas Feridas;Pleno dia;Crescente;Céu Claro;Simples;Reta;Não  ;"1035198   ";Motocicleta;HONDA/CB 450 P;"1992      ";Passageiro;Lesões Graves;"23   ";Feminino;"0 ";"0    ";"1    ";"0    ";-15.9403140;-47.7404550;SPRF-DF;DEL01-DF;UOP01-DEL01-DF 
580754;"1292028   ";2024-02-12;segunda-feira;12:10:00;DF;"251  ";"32,3 ";BRASILIA;Sim;Condutor deixou de manter distância do veículo da frente;2;Tombamento;Com Vítimas Feridas;Pleno dia;Crescente;Céu Claro;Simples;Reta;Não  ;"1035198   ";Motocicleta;HONDA/CB 450 P;"1992      ";Condutor;Lesões Leves;"21   ";Masculino;"0 ";"1    ";"0    ";"0    ";-15.9403140;-47.7404550;SPRF-DF;DEL01-DF;UOP01-DEL01-DF 
580754;"1292030   ";2024-02-12;segunda-feira;12:10:00;DF;"251  ";"32,3 ";BRASILIA;Sim;Condutor deixou de manter distância do veículo da frente;2;Tombamento;Com Vítimas Feridas;Pleno dia;Crescente;Céu Claro;Simples;Reta;Não  ;"1035199   ";Automóvel;RENAULT/SANDERO EXP 16;"2011      ";Condutor;Ileso;"48   ";Masculino;"1 ";"0    ";"0    ";"0    ";-15.9403140;-47.7404550;SPRF-DF;DEL01-DF;UOP01-DEL01-DF 
580754;"1292029   ";2024-02-12;segunda-feira;12:10:00;DF;"251  ";"32,3 ";BRASILIA;Sim;Condutor deixou de manter distância do veículo da frente;1;Colisão traseira;Com Vítimas Feridas;Pleno dia;Crescente;Céu Claro;Simples;Reta;Não  ;"1035198   ";Motocicleta;HONDA/CB 450 P;"1992      ";Passageiro;Lesões Graves;"23   ";Feminino;"0 ";"0    ";"1    ";"0    ";-15.9403140;-47.7404550;SPRF-DF;DEL01-DF;UOP01-DEL01-DF 
580754;"1292028   ";2024-02-12;segunda-feira;12:10:00;DF;"251  ";"32,3 ";BRASILIA;Sim;Condutor deixou de manter distância do veículo da frente;1;Colisão traseira;Com Vítimas Feridas;Pleno dia;Crescente;Céu Claro;Simples;Reta;Não  ;"1035198   ";Motocicleta;HONDA/CB 450 P;"1992      ";Condutor;Lesões Leves;"21   ";Masculino;"0 ";"1    ";"0    ";"0    ";-15.9403140;-47.7404550;SPRF-DF;DEL01-DF;UOP01-DEL01-DF 
580754;"1292030   ";2024-02-12;segunda-feira;12:10:00;DF;"251  ";"32,3 ";BRASILIA;Sim;Condutor deixou de manter distância do veículo da frente;1;Colisão traseira;Com Vítimas Feridas;Pleno dia;Crescente;Céu Claro;Simples;Reta;Não  ;"1035199   ";Automóvel;RENAULT/SANDERO EXP 16;"2011      ";Condutor;Ileso;"48   ";Masculino;"1 ";"0    ";"0    ";"0    ";-15.9403140;-47.7404550;SPRF-DF;DEL01-DF;UOP01-DEL01-DF 
580810;"1292138   ";2024-02-12;segunda-feira;18:15:00;GO;"70   ";"0,8  ";AGUAS LINDAS DE GOIAS;Sim;Reação tardia ou ineficiente do condutor;1;Colisão com objeto;Com Vítimas Feridas;Anoitecer;Crescente;Céu Claro;Dupla;"Reta;Aclive";Não  ;"1035275   ";Automóvel;CHEV/PRISMA 1.4MT LT;"2016      ";Passageiro;Lesões Leves;"1    ";Feminino;"0 ";"1    ";"0    ";"0    ";-15.7835430;-48.2326000;SPRF-DF;DEL03-DF;UOP02-DEL03-DF 
580810;"1292130   ";2024-02-12;segunda-feira;18:15:00;GO;"70   ";"0,8  ";AGUAS LINDAS DE GOIAS;Sim;Reação tardia ou ineficiente do condutor;1;Colisão com objeto;Com Vítimas Feridas;Anoitecer;Crescente;Céu Claro;Dupla;"Reta;Aclive";Não  ;"1035275   ";Automóvel;CHEV/PRISMA 1.4MT LT;"2016      ";Condutor;Ileso;"26   ";Masculino;"1 ";"0    ";"0    ";"0    ";-15.7835430;-48.2326000;SPRF-DF;DEL03-DF;UOP02-DEL03-DF 
580810;"1292137   ";2024-02-12;segunda-feira;18:15:00;GO;"70   ";"0,8  ";AGUAS LINDAS DE GOIAS;Sim;Reação tardia ou ineficiente do condutor;1;Colisão com objeto;Com Vítimas Feridas;Anoitecer;Crescente;Céu Claro;Dupla;"Reta;Aclive";Não  ;"1035275   ";Automóvel;CHEV/PRISMA 1.4MT LT;"2016      ";Passageiro;Lesões Leves;"9    ";Feminino;"0 ";"1    ";"0    ";"0    ";-15.7835430;-48.2326000;SPRF-DF;DEL03-DF;UOP02-DEL03-DF 
580810;"1292133   ";2024-02-12;segunda-feira;18:15:00;GO;"70   ";"0,8  ";AGUAS LINDAS DE GOIAS;Sim;Reação tardia ou ineficiente do condutor;1;Colisão com objeto;Com Vítimas Feridas;Anoitecer;Crescente;Céu Claro;Dupla;"Reta;Aclive";Não  ;"1035275   ";Automóvel;CHEV/PRISMA 1.4MT LT;"2016      ";Passageiro;Lesões Leves;"26   ";Feminino;"0 ";"1    ";"0    ";"0    ";-15.7835430;-48.2326000;SPRF-DF;DEL03-DF;UOP02-DEL03-DF 
580867;"1292226   ";2024-02-13;terça-feira;04:25:00;DF;"20   ";"3    ";BRASILIA;Sim;Condutor Dormindo;1;Colisão com objeto;Sem Vítimas;Plena Noite;Decrescente;Céu Claro;Dupla;Reta;Sim  ;"1035344   ";Automóvel;RENAULT/LOGAN ZEN10MT;"2022      ";Condutor;Ileso;"33   ";Masculino;"1 ";"0    ";"0    ";"0    ";-15.6798510;-47.8322110;SPRF-DF;DEL02-DF;UOP01-DEL02-DF 
580889;"1292334   ";2024-02-13;terça-feira;06:22:00;GO;"80   ";"44   ";PADRE BERNARDO;Não;Velocidade Incompatível;3;Queda de ocupante de veículo;Com Vítimas Fatais;Pleno dia;Crescente;Céu Claro;Simples;Reta;Sim  ;"1035401   ";Utilitário;I/SSANGYONG ACTYON 4X4;"2011      ";Passageiro;Não Informado;"0    ";Não Informado;"0 ";"0    ";"0    ";"0    ";-15.1850100;-48.2844720;SPRF-DF;DEL03-DF;UOP02-DEL03-DF 
580889;"1292333   ";2024-02-13;terça-feira;06:22:00;GO;"80   ";"44   ";PADRE BERNARDO;Não;Velocidade Incompatível;3;Queda de ocupante de veículo;Com Vítimas Fatais;Pleno dia;Crescente;Céu Claro;Simples;Reta;Sim  ;"1035401   ";Utilitário;I/SSANGYONG ACTYON 4X4;"2011      ";Condutor;Óbito;"62   ";Masculino;"0 ";"0    ";"0    ";"1    ";-15.1850100;-48.2844720;SPRF-DF;DEL03-DF;UOP02-DEL03-DF 
580889;"1292334   ";2024-02-13;terça-feira;06:22:00;GO;"80   ";"44   ";PADRE BERNARDO;Sim;Ingestão de álcool pelo condutor;3;Queda de ocupante de veículo;Com Vítimas Fatais;Pleno dia;Crescente;Céu Claro;Simples;Reta;Sim  ;"1035401   ";Utilitário;I/SSANGYONG ACTYON 4X4;"2011      ";Passageiro;Não Informado;"0    ";Não Informado;"0 ";"0    ";"0    ";"0    ";-15.1850100;-48.2844720;SPRF-DF;DEL03-DF;UOP02-DEL03-DF 
580889;"1292333   ";2024-02-13;terça-feira;06:22:00;GO;"80   ";"44   ";PADRE BERNARDO;Sim;Ingestão de álcool pelo condutor;3;Queda de ocupante de veículo;Com Vítimas Fatais;Pleno dia;Crescente;Céu Claro;Simples;Reta;Sim  ;"1035401   ";Utilitário;I/SSANGYONG ACTYON 4X4;"2011      ";Condutor;Óbito;"62   ";Masculino;"0 ";"0    ";"0    ";"1    ";-15.1850100;-48.2844720;SPRF-DF;DEL03-DF;UOP02-DEL03-DF 
580889;"1292334   ";2024-02-13;terça-feira;06:22:00;GO;"80   ";"44   ";PADRE BERNARDO;Não;Velocidade Incompatível;2;Capotamento;Com Vítimas Fatais;Pleno dia;Crescente;Céu Claro;Simples;Reta;Sim  ;"1035401   ";Utilitário;I/SSANGYONG ACTYON 4X4;"2011      ";Passageiro;Não Informado;"0    ";Não Informado;"0 ";"0    ";"0    ";"0    ";-15.1850100;-48.2844720;SPRF-DF;DEL03-DF;UOP02-DEL03-DF 