id;pesid;data_inversa;dia_semana;horario;uf;br;km;municipio;causa_principal;causa_acidente;ordem_tipo_acidente;tipo_acidente;classificacao_acidente;fase_dia;sentido_via;condicao_metereologica;tipo_pista;tracado_via;uso_solo;id_veiculo;tipo_veiculo;marca;ano_fabricacao_veiculo;tipo_envolvido;estado_fisico;idade;sexo;ilesos;feridos_leves;feridos_graves;mortos;latitude;longitude;regional;delegacia;uop
580889;"1292333   ";2024-02-13;terça-feira;06:22:00;GO;"80   ";"44   ";PADRE BERNARDO;Não;Velocidade Incompatível;2;Capotamento;Com Vítimas Fatais;Pleno dia;Crescente;Céu Claro;Simples;Reta;Sim  ;"1035401   ";Utilitário;I/SSANGYONG ACTYON 4X4;"2011      ";Condutor;Óbito;"62   ";Masculino;"0 ";"0    ";"0    ";"1    ";-15.1850100;-48.2844720;SPRF-DF;DEL03-DF;UOP02-DEL03-DF 
580889;"1292334   ";2024-02-13;terça-feira;06:22:00;GO;"80   ";"44   ";PADRE BERNARDO;Sim;Ingestão de álcool pelo condutor;2;Capotamento;Com Vítimas Fatais;Pleno dia;Crescente;Céu Claro;Simples;Reta;Sim  ;"1035401   ";Utilitário;I/SSANGYONG ACTYON 4X4;"2011      ";Passageiro;Não Informado;"0    ";Não Informado;"0 ";"0    ";"0    ";"0    ";-15.1850100;-48.2844720;SPRF-DF;DEL03-DF;UOP02-DEL03-DF 
580889;"1292333   ";2024-02-13;terça-feira;06:22:00;GO;"80   ";"44   ";PADRE BERNARDO;Sim;Ingestão de álcool pelo condutor;2;Capotamento;Com Vítimas Fatais;Pleno dia;Crescente;Céu Claro;Simples;Reta;Sim  ;"1035401   ";Utilitário;I/SSANGYONG ACTYON 4X4;"2011      ";Condutor;Óbito;"62   ";Masculino;"0 ";"0    ";"0    ";"1    ";-15.1850100;-48.2844720;SPRF-DF;DEL03-DF;UOP02-DEL03-DF 
580889;"1292334   ";2024-02-13;terça-feira;06:22:00;GO;"80   ";"44   ";PADRE BERNARDO;Não;Velocidade Incompatível;1;Saída de leito carroçável;Com Vítimas Fatais;Pleno dia;Crescente;Céu Claro;Simples;Reta;Sim  ;"1035401   ";Utilitário;I/SSANGYONG ACTYON 4X4;"2011      ";Passageiro;Não Informado;"0    ";Não Informado;"0 ";"0    ";"0    ";"0    ";-15.1850100;-48.2844720;SPRF-DF;DEL03-DF;UOP02-DEL03-DF 
580889;"1292333   ";2024-02-13;terça-feira;06:22:00;GO;"80   ";"44   ";PADRE BERNARDO;Não;Velocidade Incompatível;1;Saída de leito carroçável;Com Vítimas Fatais;Pleno dia;Crescente;Céu Claro;Simples;Reta;Sim  ;"1035401   ";Utilitário;I/SSANGYONG ACTYON 4X4;"2011      ";Condutor;Óbito;"62   ";Masculino;"0 ";"0    ";"0    ";"1    ";-15.1850100;-48.2844720;SPRF-DF;DEL03-DF;UOP02-DEL03-DF 
580889;"1292334   ";2024-02-13;terça-feira;06:22:00;GO;"80   ";"44   ";PADRE BERNARDO;Sim;Ingestão de álcool pelo condutor;1;Saída de leito carroçável;Com Vítimas Fatais;Pleno dia;Crescente;Céu Claro;Simples;Reta;Sim  ;"1035401   ";Utilitário;I/SSANGYONG ACTYON 4X4;"2011      ";Passageiro;Não Informado;"0    ";Não Informado;"0 ";"0    ";"0    ";"0    ";-15.1850100;-48.2844720;SPRF-DF;DEL03-DF;UOP02-DEL03-DF 
580889;"1292333   ";2024-02-13;terça-feira;06:22:00;GO;"80   ";"44   ";PADRE BERNARDO;Sim;Ingestão de álcool pelo condutor;1;Saída de leito carroçável;Com Vítimas Fatais;Pleno dia;Crescente;Céu Claro;Simples;Reta;Sim  ;"1035401   ";Utilitário;I/SSANGYONG ACTYON 4X4;"2011      ";Condutor;Óbito;"62   ";Masculino;"0 ";"0    ";"0    ";"1    ";-15.1850100;-48.2844720;SPRF-DF;DEL03-DF;UOP02-DEL03-DF 
580991;"1292659   ";2024-02-13;terça-feira;19:40:00;GO;"414  ";"399  ";CORUMBA DE GOIAS;Sim;Avarias e/ou desgaste excessivo no pneu;1;Queda de ocupante de veículo;Sem Vítimas;Plena Noite;Crescente;Nublado;Simples;Reta;Não  ;"1035621   ";Motocicleta;HONDA/CG 150 TITAN EX;"2012      ";Condutor;Ileso;"41   ";Masculino;"1 ";"0    ";"0    ";"0    ";-15.9667482;-48.8219977;SPRF-GO;DEL02-GO;UOP01-DEL02-GO 
580994;"1293994   ";2024-02-13;terça-feira;20:44:00;GO;"40   ";"9,3  ";LUZIANIA;Não;Pedestre - Ingestão de álcool/ substâncias psicoativas;1;Atropelamento de Pedestre;Com Vítimas Feridas;Plena Noite;Crescente;Céu Claro;Dupla;Reta;Sim  ;"1036092   ";Automóvel;HONDA/CIVIC EXL CVT;"2020      ";Condutor;Ileso;"51   ";Masculino;"1 ";"0    ";"0    ";"0    ";-16.1311580;-47.9577390;SPRF-DF;DEL01-DF;UOP01-DEL01-DF 
580994;"1295383   ";2024-02-13;terça-feira;20:44:00;GO;"40   ";"9,3  ";LUZIANIA;Não;Pedestre - Ingestão de álcool/ substâncias psicoativas;1;Atropelamento de Pedestre;Com Vítimas Feridas;Plena Noite;Crescente;Céu Claro;Dupla;Reta;Sim  ;"1036092   ";Automóvel;HONDA/CIVIC EXL CVT;"2020      ";Passageiro;Ileso;"44   ";Feminino;"1 ";"0    ";"0    ";"0    ";-16.1311580;-47.9577390;SPRF-DF;DEL01-DF;UOP01-DEL01-DF 
580994;"1293332   ";2024-02-13;terça-feira;20:44:00;GO;"40   ";"9,3  ";LUZIANIA;Não;Pedestre - Ingestão de álcool/ substâncias psicoativas;1;Atropelamento de Pedestre;Com Vítimas Feridas;Plena Noite;Crescente;Céu Claro;Dupla;Reta;Sim  ;"0         ";"0";NA/NA;"0         ";Pedestre;Lesões Graves;"53   ";Feminino;"0 ";"0    ";"1    ";"0    ";-16.1311580;-47.9577390;SPRF-DF;DEL01-DF;UOP01-DEL01-DF 
580994;"1293994   ";2024-02-13;terça-feira;20:44:00;GO;"40   ";"9,3  ";LUZIANIA;Não;Entrada inopinada do pedestre;1;Atropelamento de Pedestre;Com Vítimas Feridas;Plena Noite;Crescente;Céu Claro;Dupla;Reta;Sim  ;"1036092   ";Automóvel;HONDA/CIVIC EXL CVT;"2020      ";Condutor;Ileso;"51   ";Masculino;"1 ";"0    ";"0    ";"0    ";-16.1311580;-47.9577390;SPRF-DF;DEL01-DF;UOP01-DEL01-DF 
580994;"1295383   ";2024-02-13;terça-feira;20:44:00;GO;"40   ";"9,3  ";LUZIANIA;Não;Entrada inopinada do pedestre;1;Atropelamento de Pedestre;Com Vítimas Feridas;Plena Noite;Crescente;Céu Claro;Dupla;Reta;Sim  ;"1036092   ";Automóvel;HONDA/CIVIC EXL CVT;"2020      ";Passageiro;Ileso;"44   ";Feminino;"1 ";"0    ";"0    ";"0    ";-16.1311580;-47.9577390;SPRF-DF;DEL01-DF;UOP01-DEL01-DF 
580994;"1293332   ";2024-02-13;terça-feira;20:44:00;GO;"40   ";"9,3  ";LUZIANIA;Não;Entrada inopinada do pedestre;1;Atropelamento de Pedestre;Com Vítimas Feridas;Plena Noite;Crescente;Céu Claro;Dupla;Reta;Sim  ;"0         ";"0";NA/NA;"0         ";Pedestre;Lesões Graves;"53   ";Feminino;"0 ";"0    ";"1    ";"0    ";-16.1311580;-47.9577390;SPRF-DF;DEL01-DF;UOP01-DEL01-DF 
580994;"1293994   ";2024-02-13;terça-feira;20:44:00;GO;"40   ";"9,3  ";LUZIANIA;Não;Iluminação deficiente;1;Atropelamento de Pedestre;Com Vítimas Feridas;Plena Noite;Crescente;Céu Claro;Dupla;Reta;Sim  ;"1036092   ";Automóvel;HONDA/CIVIC EXL CVT;"2020      ";Condutor;Ileso;"51   ";Masculino;"1 ";"0    ";"0    ";"0    ";-16.1311580;-47.9577390;SPRF-DF;DEL01-DF;UOP01-DEL01-DF 
580994;"1295383   ";2024-02-13;terça-feira;20:44:00;GO;"40   ";"9,3  ";LUZIANIA;Não;Iluminação deficiente;1;Atropelamento de Pedestre;Com Vítimas Feridas;Plena Noite;Crescente;Céu Claro;Dupla;Reta;Sim  ;"1036092   ";Automóvel;HONDA/CIVIC EXL CVT;"2020      ";Passageiro;Ileso;"44   ";Feminino;"1 ";"0    ";"0    ";"0    ";-16.1311580;-47.9577390;SPRF-DF;DEL01-DF;UOP01-DEL01-DF 
580994;"1293332   ";2024-02-13;terça-feira;20:44:00;GO;"40   ";"9,3  ";LUZIANIA;Não;Iluminação deficiente;1;Atropelamento de Pedestre;Com Vítimas Feridas;Plena Noite;Crescente;Céu Claro;Dupla;Reta;Sim  ;"0         ";"0";NA/NA;"0         ";Pedestre;Lesões Graves;"53   ";Feminino;"0 ";"0    ";"1    ";"0    ";-16.1311580;-47.9577390;SPRF-DF;DEL01-DF;UOP01-DEL01-DF 
580994;"1293994   ";2024-02-13;terça-feira;20:44:00;GO;"40   ";"9,3  ";LUZIANIA;Sim;Velocidade Incompatível;1;Atropelamento de Pedestre;Com Vítimas Feridas;Plena Noite;Crescente;Céu Claro;Dupla;Reta;Sim  ;"1036092   ";Automóvel;HONDA/CIVIC EXL CVT;"2020      ";Condutor;Ileso;"51   ";Masculino;"1 ";"0    ";"0    ";"0    ";-16.1311580;-47.9577390;SPRF-DF;DEL01-DF;UOP01-DEL01-DF 
580994;"1295383   ";2024-02-13;terça-feira;20:44:00;GO;"40   ";"9,3  ";LUZIANIA;Sim;Velocidade Incompatível;1;Atropelamento de Pedestre;Com Vítimas Feridas;Plena Noite;Crescente;Céu Claro;Dupla;Reta;Sim  ;"1036092   ";Automóvel;HONDA/CIVIC EXL CVT;"2020      ";Passageiro;Ileso;"44   ";Feminino;"1 ";"0    ";"0    ";"0    ";-16.1311580;-47.9577390;SPRF-DF;DEL01-DF;UOP01-DEL01-DF 
580994;"1293332   ";2024-02-13;terça-feira;20:44:00;GO;"40   ";"9,3  ";LUZIANIA;Sim;Velocidade Incompatível;1;Atropelamento de Pedestre;Com Vítimas Feridas;Plena Noite;Crescente;Céu Claro;Dupla;Reta;Sim  ;"0         ";"0";NA/NA;"0         ";Pedestre;Lesões Graves;"53   ";Feminino;"0 ";"0    ";"1    ";"0    ";-16.1311580;-47.9577390;SPRF-DF;DEL01-DF;UOP01-DEL01-DF 
581007;"1292685   ";2024-02-13;terça-feira;21:10:00;GO;"40   ";"18   ";LUZIANIA;Sim;Transitar na contramão;1;Colisão frontal;Com Vítimas Fatais;Plena Noite;Decrescente;Céu Claro;Dupla;Reta;Sim  ;"1035645   ";Motocicleta;HONDA/POP 110I;"2019      ";Condutor;Óbito;"22   ";Masculino;"0 ";"0    ";"0    ";"1    ";-16.1934900;-47.9255750;SPRF-DF;DEL01-DF;UOP01-DEL01-DF 
581007;"1292684   ";2024-02-13;terça-feira;21:10:00;GO;"40   ";"18   ";LUZIANIA;Sim;Transitar na contramão;1;Colisão frontal;Com Vítimas Fatais;Plena Noite;Decrescente;Céu Claro;Dupla;Reta;Sim  ;"1035644   ";Ônibus;VW/MPOLO TORINO U;"2008      ";Condutor;Ileso;"49   ";Masculino;"1 ";"0    ";"0    ";"0    ";-16.1934900;-47.9255750;SPRF-DF;DEL01-DF;UOP01-DEL01-DF 
581007;"1293686   ";2024-02-13;terça-feira;21:10:00;GO;"40   ";"18   ";LUZIANIA;Sim;Transitar na contramão;1;Colisão frontal;Com Vítimas Fatais;Plena Noite;Decrescente;Céu Claro;Dupla;Reta;Sim  ;"1035644   ";Ônibus;VW/MPOLO TORINO U;"2008      ";Passageiro;Ileso;"45   ";Masculino;"1 ";"0    ";"0    ";"0    ";-16.1934900;-47.9255750;SPRF-DF;DEL01-DF;UOP01-DEL01-DF 
581180;"1293216   ";2024-02-14;quarta-feira;19:00:00;GO;"40   ";"10   ";LUZIANIA;Não;Acessar a via sem observar a presença dos outros veículos;1;Colisão transversal;Com Vítimas Feridas;Plena Noite;Crescente;Céu Claro;Dupla;Reta;Sim  ;"1036034   ";Caminhonete;I/TOYOTA HILUX CD4X4 STD;"2014      ";Passageiro;Ileso;"28   ";Feminino;"1 ";"0    ";"0    ";"0    ";-16.1312850;-47.9579230;SPRF-DF;DEL01-DF;UOP01-DEL01-DF 
581180;"1293210   ";2024-02-14;quarta-feira;19:00:00;GO;"40   ";"10   ";LUZIANIA;Não;Acessar a via sem observar a presença dos outros veículos;1;Colisão transversal;Com Vítimas Feridas;Plena Noite;Crescente;Céu Claro;Dupla;Reta;Sim  ;"1036034   ";Caminhonete;I/TOYOTA HILUX CD4X4 STD;"2014      ";Condutor;Ileso;"37   ";Masculino;"1 ";"0    ";"0    ";"0    ";-16.1312850;-47.9579230;SPRF-DF;DEL01-DF;UOP01-DEL01-DF 
581180;"1293208   ";2024-02-14;quarta-feira;19:00:00;GO;"40   ";"10   ";LUZIANIA;Não;Acessar a via sem observar a presença dos outros veículos;1;Colisão transversal;Com Vítimas Feridas;Plena Noite;Crescente;Céu Claro;Dupla;Reta;Sim  ;"1036032   ";Automóvel;FIAT/UNO MILLE WAY ECON;"2012      ";Condutor;Lesões Leves;"56   ";Masculino;"0 ";"1    ";"0    ";"0    ";-16.1312850;-47.9579230;SPRF-DF;DEL01-DF;UOP01-DEL01-DF 
581180;"1293216   ";2024-02-14;quarta-feira;19:00:00;GO;"40   ";"10   ";LUZIANIA;Sim;Ingestão de álcool pelo condutor;1;Colisão transversal;Com Vítimas Feridas;Plena Noite;Crescente;Céu Claro;Dupla;Reta;Sim  ;"1036034   ";Caminhonete;I/TOYOTA HILUX CD4X4 STD;"2014      ";Passageiro;Ileso;"28   ";Feminino;"1 ";"0    ";"0    ";"0    ";-16.1312850;-47.9579230;SPRF-DF;DEL01-DF;UOP01-DEL01-DF 
581180;"1293210   ";2024-02-14;quarta-feira;19:00:00;GO;"40   ";"10   ";LUZIANIA;Sim;Ingestão de álcool pelo condutor;1;Colisão transversal;Com Vítimas Feridas;Plena Noite;Crescente;Céu Claro;Dupla;Reta;Sim  ;"1036034   ";Caminhonete;I/TOYOTA HILUX CD4X4 STD;"2014      ";Condutor;Ileso;"37   ";Masculino;"1 ";"0    ";"0    ";"0    ";-16.1312850;-47.9579230;SPRF-DF;DEL01-DF;UOP01-DEL01-DF 
581180;"1293208   ";2024-02-14;quarta-feira;19:00:00;GO;"40   ";"10   ";LUZIANIA;Sim;Ingestão de álcool pelo condutor;1;Colisão transversal;Com Vítimas Feridas;Plena Noite;Crescente;Céu Claro;Dupla;Reta;Sim  ;"1036032   ";Automóvel;FIAT/UNO MILLE WAY ECON;"2012      ";Condutor;Lesões Leves;"56   ";Masculino;"0 ";"1    ";"0    ";"0    ";-16.1312850;-47.9579230;SPRF-DF;DEL01-DF;UOP01-DEL01-DF 
581250;"1293337   ";2024-02-15;quinta-feira;06:30:00;DF;"20   ";"15,2 ";BRASILIA;Sim;Trafegar com motocicleta (ou similar) entre as faixas;3;Queda de ocupante de veículo;Com Vítimas Feridas;Pleno dia;Decrescente;Sol;Dupla;Reta;Sim  ;"1036107   ";Motocicleta;YAMAHA/YBR150 FACTOR ED;"2023      ";Condutor;Lesões Leves;"20   ";Masculino;"0 ";"1    ";"0    ";"0    ";-15.6301890;-47.7332880;SPRF-DF;DEL02-DF;UOP01-DEL02-DF 
581250;"1293335   ";2024-02-15;quinta-feira;06:30:00;DF;"20   ";"15,2 ";BRASILIA;Sim;Trafegar com motocicleta (ou similar) entre as faixas;3;Queda de ocupante de veículo;Com Vítimas Feridas;Pleno dia;Decrescente;Sol;Dupla;Reta;Sim  ;"1036106   ";Automóvel;VW/GOL CITY MC;"2014      ";Condutor;Ileso;"42   ";Masculino;"1 ";"0    ";"0    ";"0    ";-15.6301890;-47.7332880;SPRF-DF;DEL02-DF;UOP01-DEL02-DF 
581250;"1293593   ";2024-02-15;quinta-feira;06:30:00;DF;"20   ";"15,2 ";BRASILIA;Sim;Trafegar com motocicleta (ou similar) entre as faixas;3;Queda de ocupante de veículo;Com Vítimas Feridas;Pleno dia;Decrescente;Sol;Dupla;Reta;Sim  ;"1036106   ";Automóvel;VW/GOL CITY MC;"2014      ";Passageiro;Ileso;"39   ";Feminino;"1 ";"0    ";"0    ";"0    ";-15.6301890;-47.7332880;SPRF-DF;DEL02-DF;UOP01-DEL02-DF 
581250;"1293594   ";2024-02-15;quinta-feira;06:30:00;DF;"20   ";"15,2 ";BRASILIA;Sim;Trafegar com motocicleta (ou similar) entre as faixas;3;Queda de ocupante de veículo;Com Vítimas Feridas;Pleno dia;Decrescente;Sol;Dupla;Reta;Sim  ;"1036106   ";Automóvel;VW/GOL CITY MC;"2014      ";Passageiro;Ileso;"18   ";Masculino;"1 ";"0    ";"0    ";"0    ";-15.6301890;-47.7332880;SPRF-DF;DEL02-DF;UOP01-DEL02-DF 
581250;"1293337   ";2024-02-15;quinta-feira;06:30:00;DF;"20   ";"15,2 ";BRASILIA;Sim;Trafegar com motocicleta (ou similar) entre as faixas;2;Tombamento;Com Vítimas Feridas;Pleno dia;Decrescente;Sol;Dupla;Reta;Sim  ;"1036107   ";Motocicleta;YAMAHA/YBR150 FACTOR ED;"2023      ";Condutor;Lesões Leves;"20   ";Masculino;"0 ";"1    ";"0    ";"0    ";-15.6301890;-47.7332880;SPRF-DF;DEL02-DF;UOP01-DEL02-DF 
581250;"1293335   ";2024-02-15;quinta-feira;06:30:00;DF;"20   ";"15,2 ";BRASILIA;Sim;Trafegar com motocicleta (ou similar) entre as faixas;2;Tombamento;Com Vítimas Feridas;Pleno dia;Decrescente;Sol;Dupla;Reta;Sim  ;"1036106   ";Automóvel;VW/GOL CITY MC;"2014      ";Condutor;Ileso;"42   ";Masculino;"1 ";"0    ";"0    ";"0    ";-15.6301890;-47.7332880;SPRF-DF;DEL02-DF;UOP01-DEL02-DF 
581250;"1293593   ";2024-02-15;quinta-feira;06:30:00;DF;"20   ";"15,2 ";BRASILIA;Sim;Trafegar com motocicleta (ou similar) entre as faixas;2;Tombamento;Com Vítimas Feridas;Pleno dia;Decrescente;Sol;Dupla;Reta;Sim  ;"1036106   ";Automóvel;VW/GOL CITY MC;"2014      ";Passageiro;Ileso;"39   ";Feminino;"1 ";"0    ";"0    ";"0    ";-15.6301890;-47.7332880;SPRF-DF;DEL02-DF;UOP01-DEL02-DF 
581250;"1293594   ";2024-02-15;quinta-feira;06:30:00;DF;"20   ";"15,2 ";BRASILIA;Sim;Trafegar com motocicleta (ou similar) entre as faixas;2;Tombamento;Com Vítimas Feridas;Pleno dia;Decrescente;Sol;Dupla;Reta;Sim  ;"1036106   ";Automóvel;VW/GOL CITY MC;"2014      ";Passageiro;Ileso;"18   ";Masculino;"1 ";"0    ";"0    ";"0    ";-15.6301890;-47.7332880;SPRF-DF;DEL02-DF;UOP01-DEL02-DF 
581250;"1293337   ";2024-02-15;quinta-feira;06:30:00;DF;"20   ";"15,2 ";BRASILIA;Sim;Trafegar com motocicleta (ou similar) entre as faixas;1;Colisão traseira;Com Vítimas Feridas;Pleno dia;Decrescente;Sol;Dupla;Reta;Sim  ;"1036107   ";Motocicleta;YAMAHA/YBR150 FACTOR ED;"2023      ";Condutor;Lesões Leves;"20   ";Masculino;"0 ";"1    ";"0    ";"0    ";-15.6301890;-47.7332880;SPRF-DF;DEL02-DF;UOP01-DEL02-DF 
581250;"1293335   ";2024-02-15;quinta-feira;06:30:00;DF;"20   ";"15,2 ";BRASILIA;Sim;Trafegar com motocicleta (ou similar) entre as faixas;1;Colisão traseira;Com Vítimas Feridas;Pleno dia;Decrescente;Sol;Dupla;Reta;Sim  ;"1036106   ";Automóvel;VW/GOL CITY MC;"2014      ";Condutor;Ileso;"42   ";Masculino;"1 ";"0    ";"0    ";"0    ";-15.6301890;-47.7332880;SPRF-DF;DEL02-DF;UOP01-DEL02-DF 
581250;"1293593   ";2024-02-15;quinta-feira;06:30:00;DF;"20   ";"15,2 ";BRASILIA;Sim;Trafegar com motocicleta (ou similar) entre as faixas;1;Colisão traseira;Com Vítimas Feridas;Pleno dia;Decrescente;Sol;Dupla;Reta;Sim  ;"1036106   ";Automóvel;VW/GOL CITY MC;"2014      ";Passageiro;Ileso;"39   ";Feminino;"1 ";"0    ";"0    ";"0    ";-15.6301890;-47.7332880;SPRF-DF;DEL02-DF;UOP01-DEL02-DF 
581250;"1293594   ";2024-02-15;quinta-feira;06:30:00;DF;"20   ";"15,2 ";BRASILIA;Sim;Trafegar com motocicleta (ou similar) entre as faixas;1;Colisão traseira;Com Vítimas Feridas;Pleno dia;Decrescente;Sol;Dupla;Reta;Sim  ;"1036106   ";Automóvel;VW/GOL CITY MC;"2014      ";Passageiro;Ileso;"18   ";Masculino;"1 ";"0    ";"0    ";"0    ";-15.6301890;-47.7332880;SPRF-DF;DEL02-DF;UOP01-DEL02-DF 
581252;"1293322   ";2024-02-15;quinta-feira;08:50:00;DF;"20   ";"15,7 ";BRASILIA;Sim;Ausência de reação do condutor;1;Saída de leito carroçável;Com Vítimas Feridas;Pleno dia;Crescente;Céu Claro;Dupla;Reta;Não  ;"1036095   ";Automóvel;I/HONDA CITY EX FLEX;"2012      ";Condutor;Lesões Leves;"55   ";Feminino;"0 ";"1    ";"0    ";"0    ";-15.6301890;-47.7332880;SPRF-DF;DEL02-DF;UOP01-DEL02-DF 
581270;"1293433   ";2024-02-15;quinta-feira;09:40:00;DF;"251  ";"7    ";BRASILIA;Não;Velocidade Incompatível;3;Queda de ocupante de veículo;Com Vítimas Feridas;Pleno dia;Decrescente;Céu Claro;Simples;Reta;Sim  ;"1036169   ";Caminhão-trator;M.BENZ/ACTROS 2651S 6X4;"2021      ";Condutor;Ileso;"33   ";Masculino;"1 ";"0    ";"0    ";"0    ";-15.9985610;-47.5655590;SPRF-DF;DEL01-DF;UOP01-DEL01-DF 
581270;"0         ";2024-02-15;quinta-feira;09:40:00;DF;"251  ";"7    ";BRASILIA;Não;Velocidade Incompatível;3;Queda de ocupante de veículo;Com Vítimas Feridas;Pleno dia;Decrescente;Céu Claro;Simples;Reta;Sim  ;"1036196   ";Semireboque;SR/RANDON SR BA RTD2E;"2022      ";"0";"0";"0    ";"0";"0 ";"0    ";"0    ";"0    ";-15.9985610;-47.5655590;SPRF-DF;DEL01-DF;UOP01-DEL01-DF 
581270;"0         ";2024-02-15;quinta-feira;09:40:00;DF;"251  ";"7    ";BRASILIA;Não;Velocidade Incompatível;3;Queda de ocupante de veículo;Com Vítimas Feridas;Pleno dia;Decrescente;Céu Claro;Simples;Reta;Sim  ;"1036198   ";Semireboque;SR/RANDON SR BA 02E;"2022      ";"0";"0";"0    ";"0";"0 ";"0    ";"0    ";"0    ";-15.9985610;-47.5655590;SPRF-DF;DEL01-DF;UOP01-DEL01-DF 
581270;"1293431   ";2024-02-15;quinta-feira;09:40:00;DF;"251  ";"7    ";BRASILIA;Não;Velocidade Incompatível;3;Queda de ocupante de veículo;Com Vítimas Feridas;Pleno dia;Decrescente;Céu Claro;Simples;Reta;Sim  ;"1036168   ";Motocicleta;BMW/R1250GS;"2021      ";Condutor;Lesões Leves;"74   ";Masculino;"0 ";"1    ";"0    ";"0    ";-15.9985610;-47.5655590;SPRF-DF;DEL01-DF;UOP01-DEL01-DF 
581270;"0         ";2024-02-15;quinta-feira;09:40:00;DF;"251  ";"7    ";BRASILIA;Não;Velocidade Incompatível;3;Queda de ocupante de veículo;Com Vítimas Feridas;Pleno dia;Decrescente;Céu Claro;Simples;Reta;Sim  ;"1036286   ";Reboque;R/RANDON RE DL 02;"2022      ";"0";"0";"0    ";"0";"0 ";"0    ";"0    ";"0    ";-15.9985610;-47.5655590;SPRF-DF;DEL01-DF;UOP01-DEL01-DF 
581270;"1293433   ";2024-02-15;quinta-feira;09:40:00;DF;"251  ";"7    ";BRASILIA;Sim;Acessar a via sem observar a presença dos outros veículos;3;Queda de ocupante de veículo;Com Vítimas Feridas;Pleno dia;Decrescente;Céu Claro;Simples;Reta;Sim  ;"1036169   ";Caminhão-trator;M.BENZ/ACTROS 2651S 6X4;"2021      ";Condutor;Ileso;"33   ";Masculino;"1 ";"0    ";"0    ";"0    ";-15.9985610;-47.5655590;SPRF-DF;DEL01-DF;UOP01-DEL01-DF 
581270;"0         ";2024-02-15;quinta-feira;09:40:00;DF;"251  ";"7    ";BRASILIA;Sim;Acessar a via sem observar a presença dos outros veículos;3;Queda de ocupante de veículo;Com Vítimas Feridas;Pleno dia;Decrescente;Céu Claro;Simples;Reta;Sim  ;"1036196   ";Semireboque;SR/RANDON SR BA RTD2E;"2022      ";"0";"0";"0    ";"0";"0 ";"0    ";"0    ";"0    ";-15.9985610;-47.5655590;SPRF-DF;DEL01-DF;UOP01-DEL01-DF 
581270;"0         ";2024-02-15;quinta-feira;09:40:00;DF;"251  ";"7    ";BRASILIA;Sim;Acessar a via sem observar a presença dos outros veículos;3;Queda de ocupante de veículo;Com Vítimas Feridas;Pleno dia;Decrescente;Céu Claro;Simples;Reta;Sim  ;"1036198   ";Semireboque;SR/RANDON SR BA 02E;"2022      ";"0";"0";"0    ";"0";"0 ";"0    ";"0    ";"0    ";-15.9985610;-47.5655590;SPRF-DF;DEL01-DF;UOP01-DEL01-DF 
581270;"1293431   ";2024-02-15;quinta-feira;09:40:00;DF;"251  ";"7    ";BRASILIA;Sim;Acessar a via sem observar a presença dos outros veículos;3;Queda de ocupante de veículo;Com Vítimas Feridas;Pleno dia;Decrescente;Céu Claro;Simples;Reta;Sim  ;"1036168   ";Motocicleta;BMW/R1250GS;"2021      ";Condutor;Lesões Leves;"74   ";Masculino;"0 ";"1    ";"0    ";"0    ";-15.9985610;-47.5655590;SPRF-DF;DEL01-DF;UOP01-DEL01-DF 
581270;"0         ";2024-02-15;quinta-feira;09:40:00;DF;"251  ";"7    ";BRASILIA;Sim;Acessar a via sem observar a presença dos outros veículos;3;Queda de ocupante de veículo;Com Vítimas Feridas;Pleno dia;Decrescente;Céu Claro;Simples;Reta;Sim  ;"1036286   ";Reboque;R/RANDON RE DL 02;"2022      ";"0";"0";"0    ";"0";"0 ";"0    ";"0    ";"0    ";-15.9985610;-47.5655590;SPRF-DF;DEL01-DF;UOP01-DEL01-DF 
581270;"1293433   ";2024-02-15;quinta-feira;09:40:00;DF;"251  ";"7    ";BRASILIA;Não;Velocidade Incompatível;2;Tombamento;Com Vítimas Feridas;Pleno dia;Decrescente;Céu Claro;Simples;Reta;Sim  ;"1036169   ";Caminhão-trator;M.BENZ/ACTROS 2651S 6X4;"2021      ";Condutor;Ileso;"33   ";Masculino;"1 ";"0    ";"0    ";"0    ";-15.9985610;-47.5655590;SPRF-DF;DEL01-DF;UOP01-DEL01-DF 
581270;"0         ";2024-02-15;quinta-feira;09:40:00;DF;"251  ";"7    ";BRASILIA;Não;Velocidade Incompatível;2;Tombamento;Com Vítimas Feridas;Pleno dia;Decrescente;Céu Claro;Simples;Reta;Sim  ;"1036196   ";Semireboque;SR/RANDON SR BA RTD2E;"2022      ";"0";"0";"0    ";"0";"0 ";"0    ";"0    ";"0    ";-15.9985610;-47.5655590;SPRF-DF;DEL01-DF;UOP01-DEL01-DF 
581270;"0         ";2024-02-15;quinta-feira;09:40:00;DF;"251  ";"7    ";BRASILIA;Não;Velocidade Incompatível;2;Tombamento;Com Vítimas Feridas;Pleno dia;Decrescente;Céu Claro;Simples;Reta;Sim  ;"1036198   ";Semireboque;SR/RANDON SR BA 02E;"2022      ";"0";"0";"0    ";"0";"0 ";"0    ";"0    ";"0    ";-15.9985610;-47.5655590;SPRF-DF;DEL01-DF;UOP01-DEL01-DF 
581270;"1293431   ";2024-02-15;quinta-feira;09:40:00;DF;"251  ";"7    ";BRASILIA;Não;Velocidade Incompatível;2;Tombamento;Com Vítimas Feridas;Pleno dia;Decrescente;Céu Claro;Simples;Reta;Sim  ;"1036168   ";Motocicleta;BMW/R1250GS;"2021      ";Condutor;Lesões Leves;"74   ";Masculino;"0 ";"1    ";"0    ";"0    ";-15.9985610;-47.5655590;SPRF-DF;DEL01-DF;UOP01-DEL01-DF 