id;pesid;data_inversa;dia_semana;horario;uf;br;km;municipio;causa_principal;causa_acidente;ordem_tipo_acidente;tipo_acidente;classificacao_acidente;fase_dia;sentido_via;condicao_metereologica;tipo_pista;tracado_via;uso_solo;id_veiculo;tipo_veiculo;marca;ano_fabricacao_veiculo;tipo_envolvido;estado_fisico;idade;sexo;ilesos;feridos_leves;feridos_graves;mortos;latitude;longitude;regional;delegacia;uop
581270;"0         ";2024-02-15;quinta-feira;09:40:00;DF;"251  ";"7    ";BRASILIA;Não;Velocidade Incompatível;2;Tombamento;Com Vítimas Feridas;Pleno dia;Decrescente;Céu Claro;Simples;Reta;Sim  ;"1036286   ";Reboque;R/RANDON RE DL 02;"2022      ";"0";"0";"0    ";"0";"0 ";"0    ";"0    ";"0    ";-15.9985610;-47.5655590;SPRF-DF;DEL01-DF;UOP01-DEL01-DF 
581270;"1293433   ";2024-02-15;quinta-feira;09:40:00;DF;"251  ";"7    ";BRASILIA;Sim;Acessar a via sem observar a presença dos outros veículos;2;Tombamento;Com Vítimas Feridas;Pleno dia;Decrescente;Céu Claro;Simples;Reta;Sim  ;"1036169   ";Caminhão-trator;M.BENZ/ACTROS 2651S 6X4;"2021      ";Condutor;Ileso;"33   ";Masculino;"1 ";"0    ";"0    ";"0    ";-15.9985610;-47.5655590;SPRF-DF;DEL01-DF;UOP01-DEL01-DF 
581270;"0         ";2024-02-15;quinta-feira;09:40:00;DF;"251  ";"7    ";BRASILIA;Sim;Acessar a via sem observar a presença dos outros veículos;2;Tombamento;Com Vítimas Feridas;Pleno dia;Decrescente;Céu Claro;Simples;Reta;Sim  ;"1036196   ";Semireboque;SR/RANDON SR BA RTD2E;"2022      ";"0";"0";"0    ";"0";"0 ";"0    ";"0    ";"0    ";-15.9985610;-47.5655590;SPRF-DF;DEL01-DF;UOP01-DEL01-DF 
581270;"0         ";2024-02-15;quinta-feira;09:40:00;DF;"251  ";"7    ";BRASILIA;Sim;Acessar a via sem observar a presença dos outros veículos;2;Tombamento;Com Vítimas Feridas;Pleno dia;Decrescente;Céu Claro;Simples;Reta;Sim  ;"1036198   ";Semireboque;SR/RANDON SR BA 02E;"2022      ";"0";"0";"0    ";"0";"0 ";"0    ";"0    ";"0    ";-15.9985610;-47.5655590;SPRF-DF;DEL01-DF;UOP01-DEL01-DF 
581270;"1293431   ";2024-02-15;quinta-feira;09:40:00;DF;"251  ";"7    ";BRASILIA;Sim;Acessar a via sem observar a presença dos outros veículos;2;Tombamento;Com Vítimas Feridas;Pleno dia;Decrescente;Céu Claro;Simples;Reta;Sim  ;"1036168   ";Motocicleta;BMW/R1250GS;"2021      ";Condutor;Lesões Leves;"74   ";Masculino;"0 ";"1    ";"0    ";"0    ";-15.9985610;-47.5655590;SPRF-DF;DEL01-DF;UOP01-DEL01-DF 
581270;"0         ";2024-02-15;quinta-feira;09:40:00;DF;"251  ";"7    ";BRASILIA;Sim;Acessar a via sem observar a presença dos outros veículos;2;Tombamento;Com Vítimas Feridas;Pleno dia;Decrescente;Céu Claro;Simples;Reta;Sim  ;"1036286   ";Reboque;R/RANDON RE DL 02;"2022      ";"0";"0";"0    ";"0";"0 ";"0    ";"0    ";"0    ";-15.9985610;-47.5655590;SPRF-DF;DEL01-DF;UOP01-DEL01-DF 
581270;"1293433   ";2024-02-15;quinta-feira;09:40:00;DF;"251  ";"7    ";BRASILIA;Não;Velocidade Incompatível;1;Colisão transversal;Com Vítimas Feridas;Pleno dia;Decrescente;Céu Claro;Simples;Reta;Sim  ;"1036169   ";Caminhão-trator;M.BENZ/ACTROS 2651S 6X4;"2021      ";Condutor;Ileso;"33   ";Masculino;"1 ";"0    ";"0    ";"0    ";-15.9985610;-47.5655590;SPRF-DF;DEL01-DF;UOP01-DEL01-DF 
581270;"0         ";2024-02-15;quinta-feira;09:40:00;DF;"251  ";"7    ";BRASILIA;Não;Velocidade Incompatível;1;Colisão transversal;Com Vítimas Feridas;Pleno dia;Decrescente;Céu Claro;Simples;Reta;Sim  ;"1036196   ";Semireboque;SR/RANDON SR BA RTD2E;"2022      ";"0";"0";"0    ";"0";"0 ";"0    ";"0    ";"0    ";-15.9985610;-47.5655590;SPRF-DF;DEL01-DF;UOP01-DEL01-DF 
581270;"0         ";2024-02-15;quinta-feira;09:40:00;DF;"251  ";"7    ";BRASILIA;Não;Velocidade Incompatível;1;Colisão transversal;Com Vítimas Feridas;Pleno dia;Decrescente;Céu Claro;Simples;Reta;Sim  ;"1036198   ";Semireboque;SR/RANDON SR BA 02E;"2022      ";"0";"0";"0    ";"0";"0 ";"0    ";"0    ";"0    ";-15.9985610;-47.5655590;SPRF-DF;DEL01-DF;UOP01-DEL01-DF 
581270;"1293431   ";2024-02-15;quinta-feira;09:40:00;DF;"251  ";"7    ";BRASILIA;Não;Velocidade Incompatível;1;Colisão transversal;Com Vítimas Feridas;Pleno dia;Decrescente;Céu Claro;Simples;Reta;Sim  ;"1036168   ";Motocicleta;BMW/R1250GS;"2021      ";Condutor;Lesões Leves;"74   ";Masculino;"0 ";"1    ";"0    ";"0    ";-15.9985610;-47.5655590;SPRF-DF;DEL01-DF;UOP01-DEL01-DF 
581270;"0         ";2024-02-15;quinta-feira;09:40:00;DF;"251  ";"7    ";BRASILIA;Não;Velocidade Incompatível;1;Colisão transversal;Com Vítimas Feridas;Pleno dia;Decrescente;Céu Claro;Simples;Reta;Sim  ;"1036286   ";Reboque;R/RANDON RE DL 02;"2022      ";"0";"0";"0    ";"0";"0 ";"0    ";"0    ";"0    ";-15.9985610;-47.5655590;SPRF-DF;DEL01-DF;UOP01-DEL01-DF 
581270;"1293433   ";2024-02-15;quinta-feira;09:40:00;DF;"251  ";"7    ";BRASILIA;Sim;Acessar a via sem observar a presença dos outros veículos;1;Colisão transversal;Com Vítimas Feridas;Pleno dia;Decrescente;Céu Claro;Simples;Reta;Sim  ;"1036169   ";Caminhão-trator;M.BENZ/ACTROS 2651S 6X4;"2021      ";Condutor;Ileso;"33   ";Masculino;"1 ";"0    ";"0    ";"0    ";-15.9985610;-47.5655590;SPRF-DF;DEL01-DF;UOP01-DEL01-DF 
581270;"0         ";2024-02-15;quinta-feira;09:40:00;DF;"251  ";"7    ";BRASILIA;Sim;Acessar a via sem observar a presença dos outros veículos;1;Colisão transversal;Com Vítimas Feridas;Pleno dia;Decrescente;Céu Claro;Simples;Reta;Sim  ;"1036196   ";Semireboque;SR/RANDON SR BA RTD2E;"2022      ";"0";"0";"0    ";"0";"0 ";"0    ";"0    ";"0    ";-15.9985610;-47.5655590;SPRF-DF;DEL01-DF;UOP01-DEL01-DF 
581270;"0         ";2024-02-15;quinta-feira;09:40:00;DF;"251  ";"7    ";BRASILIA;Sim;Acessar a via sem observar a presença dos outros veículos;1;Colisão transversal;Com Vítimas Feridas;Pleno dia;Decrescente;Céu Claro;Simples;Reta;Sim  ;"1036198   ";Semireboque;SR/RANDON SR BA 02E;"2022      ";"0";"0";"0    ";"0";"0 ";"0    ";"0    ";"0    ";-15.9985610;-47.5655590;SPRF-DF;DEL01-DF;UOP01-DEL01-DF 
581270;"1293431   ";2024-02-15;quinta-feira;09:40:00;DF;"251  ";"7    ";BRASILIA;Sim;Acessar a via sem observar a presença dos outros veículos;1;Colisão transversal;Com Vítimas Feridas;Pleno dia;Decrescente;Céu Claro;Simples;Reta;Sim  ;"1036168   ";Motocicleta;BMW/R1250GS;"2021      ";Condutor;Lesões Leves;"74   ";Masculino;"0 ";"1    ";"0    ";"0    ";-15.9985610;-47.5655590;SPRF-DF;DEL01-DF;UOP01-DEL01-DF 
581270;"0         ";2024-02-15;quinta-feira;09:40:00;DF;"251  ";"7    ";BRASILIA;Sim;Acessar a via sem observar a presença dos outros veículos;1;Colisão transversal;Com Vítimas Feridas;Pleno dia;Decrescente;Céu Claro;Simples;Reta;Sim  ;"1036286   ";Reboque;R/RANDON RE DL 02;"2022      ";"0";"0";"0    ";"0";"0 ";"0    ";"0    ";"0    ";-15.9985610;-47.5655590;SPRF-DF;DEL01-DF;UOP01-DEL01-DF 
581488;"1294026   ";2024-02-16;sexta-feira;14:05:00;DF;"20   ";"26   ";BRASILIA;Sim;Manobra de mudança de faixa;1;Colisão transversal;Com Vítimas Feridas;Pleno dia;Decrescente;Chuva;Dupla;Reta;Não  ;"1036590   ";Caminhonete;VW/SAVEIRO CD CROSS MA;"2016      ";Condutor;Ileso;"44   ";Masculino;"1 ";"0    ";"0    ";"0    ";-15.5962230;-47.6402850;SPRF-DF;DEL02-DF;UOP01-DEL02-DF 
581488;"1294027   ";2024-02-16;sexta-feira;14:05:00;DF;"20   ";"26   ";BRASILIA;Sim;Manobra de mudança de faixa;1;Colisão transversal;Com Vítimas Feridas;Pleno dia;Decrescente;Chuva;Dupla;Reta;Não  ;"1036590   ";Caminhonete;VW/SAVEIRO CD CROSS MA;"2016      ";Passageiro;Lesões Leves;"60   ";Feminino;"0 ";"1    ";"0    ";"0    ";-15.5962230;-47.6402850;SPRF-DF;DEL02-DF;UOP01-DEL02-DF 
581488;"1294025   ";2024-02-16;sexta-feira;14:05:00;DF;"20   ";"26   ";BRASILIA;Sim;Manobra de mudança de faixa;1;Colisão transversal;Com Vítimas Feridas;Pleno dia;Decrescente;Chuva;Dupla;Reta;Não  ;"1036589   ";Automóvel;TOYOTA/COROLLA XEI20FLEX;"2017      ";Condutor;Ileso;"41   ";Masculino;"1 ";"0    ";"0    ";"0    ";-15.5962230;-47.6402850;SPRF-DF;DEL02-DF;UOP01-DEL02-DF 
581510;"1294158   ";2024-02-16;sexta-feira;15:00:00;GO;"20   ";"1    ";FORMOSA;Não;Restrição de visibilidade em curvas verticais;1;Colisão traseira;Com Vítimas Feridas;Pleno dia;Decrescente;Céu Claro;Simples;"Declive;Curva";Sim  ;"1036700   ";Caminhão;VW/23.210 MOTOR CUMMINS;"2002      ";Condutor;Ileso;"38   ";Masculino;"1 ";"0    ";"0    ";"0    ";-15.5794240;-47.3342970;SPRF-DF;DEL02-DF;UOP02-DEL02-DF 
581510;"1294160   ";2024-02-16;sexta-feira;15:00:00;GO;"20   ";"1    ";FORMOSA;Não;Restrição de visibilidade em curvas verticais;1;Colisão traseira;Com Vítimas Feridas;Pleno dia;Decrescente;Céu Claro;Simples;"Declive;Curva";Sim  ;"1036701   ";Caminhonete;IVECO/DAILY 35CS;"2022      ";Condutor;Lesões Leves;"38   ";Masculino;"0 ";"1    ";"0    ";"0    ";-15.5794240;-47.3342970;SPRF-DF;DEL02-DF;UOP02-DEL02-DF 
581510;"1294158   ";2024-02-16;sexta-feira;15:00:00;GO;"20   ";"1    ";FORMOSA;Não;Restrição de visibilidade em curvas horizontais;1;Colisão traseira;Com Vítimas Feridas;Pleno dia;Decrescente;Céu Claro;Simples;"Declive;Curva";Sim  ;"1036700   ";Caminhão;VW/23.210 MOTOR CUMMINS;"2002      ";Condutor;Ileso;"38   ";Masculino;"1 ";"0    ";"0    ";"0    ";-15.5794240;-47.3342970;SPRF-DF;DEL02-DF;UOP02-DEL02-DF 
581510;"1294160   ";2024-02-16;sexta-feira;15:00:00;GO;"20   ";"1    ";FORMOSA;Não;Restrição de visibilidade em curvas horizontais;1;Colisão traseira;Com Vítimas Feridas;Pleno dia;Decrescente;Céu Claro;Simples;"Declive;Curva";Sim  ;"1036701   ";Caminhonete;IVECO/DAILY 35CS;"2022      ";Condutor;Lesões Leves;"38   ";Masculino;"0 ";"1    ";"0    ";"0    ";-15.5794240;-47.3342970;SPRF-DF;DEL02-DF;UOP02-DEL02-DF 
581510;"1294158   ";2024-02-16;sexta-feira;15:00:00;GO;"20   ";"1    ";FORMOSA;Não;Pista Escorregadia;1;Colisão traseira;Com Vítimas Feridas;Pleno dia;Decrescente;Céu Claro;Simples;"Declive;Curva";Sim  ;"1036700   ";Caminhão;VW/23.210 MOTOR CUMMINS;"2002      ";Condutor;Ileso;"38   ";Masculino;"1 ";"0    ";"0    ";"0    ";-15.5794240;-47.3342970;SPRF-DF;DEL02-DF;UOP02-DEL02-DF 
581510;"1294160   ";2024-02-16;sexta-feira;15:00:00;GO;"20   ";"1    ";FORMOSA;Não;Pista Escorregadia;1;Colisão traseira;Com Vítimas Feridas;Pleno dia;Decrescente;Céu Claro;Simples;"Declive;Curva";Sim  ;"1036701   ";Caminhonete;IVECO/DAILY 35CS;"2022      ";Condutor;Lesões Leves;"38   ";Masculino;"0 ";"1    ";"0    ";"0    ";-15.5794240;-47.3342970;SPRF-DF;DEL02-DF;UOP02-DEL02-DF 
581510;"1294158   ";2024-02-16;sexta-feira;15:00:00;GO;"20   ";"1    ";FORMOSA;Não;Condutor deixou de manter distância do veículo da frente;1;Colisão traseira;Com Vítimas Feridas;Pleno dia;Decrescente;Céu Claro;Simples;"Declive;Curva";Sim  ;"1036700   ";Caminhão;VW/23.210 MOTOR CUMMINS;"2002      ";Condutor;Ileso;"38   ";Masculino;"1 ";"0    ";"0    ";"0    ";-15.5794240;-47.3342970;SPRF-DF;DEL02-DF;UOP02-DEL02-DF 
581510;"1294160   ";2024-02-16;sexta-feira;15:00:00;GO;"20   ";"1    ";FORMOSA;Não;Condutor deixou de manter distância do veículo da frente;1;Colisão traseira;Com Vítimas Feridas;Pleno dia;Decrescente;Céu Claro;Simples;"Declive;Curva";Sim  ;"1036701   ";Caminhonete;IVECO/DAILY 35CS;"2022      ";Condutor;Lesões Leves;"38   ";Masculino;"0 ";"1    ";"0    ";"0    ";-15.5794240;-47.3342970;SPRF-DF;DEL02-DF;UOP02-DEL02-DF 
581510;"1294158   ";2024-02-16;sexta-feira;15:00:00;GO;"20   ";"1    ";FORMOSA;Não;Chuva;1;Colisão traseira;Com Vítimas Feridas;Pleno dia;Decrescente;Céu Claro;Simples;"Declive;Curva";Sim  ;"1036700   ";Caminhão;VW/23.210 MOTOR CUMMINS;"2002      ";Condutor;Ileso;"38   ";Masculino;"1 ";"0    ";"0    ";"0    ";-15.5794240;-47.3342970;SPRF-DF;DEL02-DF;UOP02-DEL02-DF 
581510;"1294160   ";2024-02-16;sexta-feira;15:00:00;GO;"20   ";"1    ";FORMOSA;Não;Chuva;1;Colisão traseira;Com Vítimas Feridas;Pleno dia;Decrescente;Céu Claro;Simples;"Declive;Curva";Sim  ;"1036701   ";Caminhonete;IVECO/DAILY 35CS;"2022      ";Condutor;Lesões Leves;"38   ";Masculino;"0 ";"1    ";"0    ";"0    ";-15.5794240;-47.3342970;SPRF-DF;DEL02-DF;UOP02-DEL02-DF 
581510;"1294158   ";2024-02-16;sexta-feira;15:00:00;GO;"20   ";"1    ";FORMOSA;Sim;Reação tardia ou ineficiente do condutor;1;Colisão traseira;Com Vítimas Feridas;Pleno dia;Decrescente;Céu Claro;Simples;"Declive;Curva";Sim  ;"1036700   ";Caminhão;VW/23.210 MOTOR CUMMINS;"2002      ";Condutor;Ileso;"38   ";Masculino;"1 ";"0    ";"0    ";"0    ";-15.5794240;-47.3342970;SPRF-DF;DEL02-DF;UOP02-DEL02-DF 
581510;"1294160   ";2024-02-16;sexta-feira;15:00:00;GO;"20   ";"1    ";FORMOSA;Sim;Reação tardia ou ineficiente do condutor;1;Colisão traseira;Com Vítimas Feridas;Pleno dia;Decrescente;Céu Claro;Simples;"Declive;Curva";Sim  ;"1036701   ";Caminhonete;IVECO/DAILY 35CS;"2022      ";Condutor;Lesões Leves;"38   ";Masculino;"0 ";"1    ";"0    ";"0    ";-15.5794240;-47.3342970;SPRF-DF;DEL02-DF;UOP02-DEL02-DF 
581699;"1294675   ";2024-02-17;sábado;16:30:00;DF;"20   ";"19   ";BRASILIA;Não;Ingestão de álcool pelo condutor;2;Saída de leito carroçável;Com Vítimas Feridas;Pleno dia;Crescente;Nublado;Dupla;Declive;Não  ;"1037029   ";Automóvel;GM/CORSA SUPER;"1998      ";Condutor;Lesões Leves;"38   ";Masculino;"0 ";"1    ";"0    ";"0    ";-15.6121750;-47.7009280;SPRF-DF;DEL02-DF;UOP01-DEL02-DF 
581699;"1294676   ";2024-02-17;sábado;16:30:00;DF;"20   ";"19   ";BRASILIA;Não;Ingestão de álcool pelo condutor;2;Saída de leito carroçável;Com Vítimas Feridas;Pleno dia;Crescente;Nublado;Dupla;Declive;Não  ;"1037032   ";Camioneta;RENAULT/DUSTER ZEN 16;"2020      ";Condutor;Ileso;"73   ";Masculino;"1 ";"0    ";"0    ";"0    ";-15.6121750;-47.7009280;SPRF-DF;DEL02-DF;UOP01-DEL02-DF 
581699;"1296581   ";2024-02-17;sábado;16:30:00;DF;"20   ";"19   ";BRASILIA;Não;Ingestão de álcool pelo condutor;2;Saída de leito carroçável;Com Vítimas Feridas;Pleno dia;Crescente;Nublado;Dupla;Declive;Não  ;"1037032   ";Camioneta;RENAULT/DUSTER ZEN 16;"2020      ";Passageiro;Ileso;"72   ";Feminino;"1 ";"0    ";"0    ";"0    ";-15.6121750;-47.7009280;SPRF-DF;DEL02-DF;UOP01-DEL02-DF 
581699;"1296582   ";2024-02-17;sábado;16:30:00;DF;"20   ";"19   ";BRASILIA;Não;Ingestão de álcool pelo condutor;2;Saída de leito carroçável;Com Vítimas Feridas;Pleno dia;Crescente;Nublado;Dupla;Declive;Não  ;"1037032   ";Camioneta;RENAULT/DUSTER ZEN 16;"2020      ";Passageiro;Ileso;"70   ";Feminino;"1 ";"0    ";"0    ";"0    ";-15.6121750;-47.7009280;SPRF-DF;DEL02-DF;UOP01-DEL02-DF 
581699;"1296583   ";2024-02-17;sábado;16:30:00;DF;"20   ";"19   ";BRASILIA;Não;Ingestão de álcool pelo condutor;2;Saída de leito carroçável;Com Vítimas Feridas;Pleno dia;Crescente;Nublado;Dupla;Declive;Não  ;"1037032   ";Camioneta;RENAULT/DUSTER ZEN 16;"2020      ";Passageiro;Ileso;"63   ";Feminino;"1 ";"0    ";"0    ";"0    ";-15.6121750;-47.7009280;SPRF-DF;DEL02-DF;UOP01-DEL02-DF 
581699;"1296574   ";2024-02-17;sábado;16:30:00;DF;"20   ";"19   ";BRASILIA;Não;Ingestão de álcool pelo condutor;2;Saída de leito carroçável;Com Vítimas Feridas;Pleno dia;Crescente;Nublado;Dupla;Declive;Não  ;"0         ";"0";NA/NA;"0         ";Testemunha;Não Informado;"0    ";Não Informado;"0 ";"0    ";"0    ";"0    ";-15.6121750;-47.7009280;SPRF-DF;DEL02-DF;UOP01-DEL02-DF 
581699;"1294675   ";2024-02-17;sábado;16:30:00;DF;"20   ";"19   ";BRASILIA;Sim;Acessar a via sem observar a presença dos outros veículos;2;Saída de leito carroçável;Com Vítimas Feridas;Pleno dia;Crescente;Nublado;Dupla;Declive;Não  ;"1037029   ";Automóvel;GM/CORSA SUPER;"1998      ";Condutor;Lesões Leves;"38   ";Masculino;"0 ";"1    ";"0    ";"0    ";-15.6121750;-47.7009280;SPRF-DF;DEL02-DF;UOP01-DEL02-DF 
581699;"1294676   ";2024-02-17;sábado;16:30:00;DF;"20   ";"19   ";BRASILIA;Sim;Acessar a via sem observar a presença dos outros veículos;2;Saída de leito carroçável;Com Vítimas Feridas;Pleno dia;Crescente;Nublado;Dupla;Declive;Não  ;"1037032   ";Camioneta;RENAULT/DUSTER ZEN 16;"2020      ";Condutor;Ileso;"73   ";Masculino;"1 ";"0    ";"0    ";"0    ";-15.6121750;-47.7009280;SPRF-DF;DEL02-DF;UOP01-DEL02-DF 
581699;"1296581   ";2024-02-17;sábado;16:30:00;DF;"20   ";"19   ";BRASILIA;Sim;Acessar a via sem observar a presença dos outros veículos;2;Saída de leito carroçável;Com Vítimas Feridas;Pleno dia;Crescente;Nublado;Dupla;Declive;Não  ;"1037032   ";Camioneta;RENAULT/DUSTER ZEN 16;"2020      ";Passageiro;Ileso;"72   ";Feminino;"1 ";"0    ";"0    ";"0    ";-15.6121750;-47.7009280;SPRF-DF;DEL02-DF;UOP01-DEL02-DF 
581699;"1296582   ";2024-02-17;sábado;16:30:00;DF;"20   ";"19   ";BRASILIA;Sim;Acessar a via sem observar a presença dos outros veículos;2;Saída de leito carroçável;Com Vítimas Feridas;Pleno dia;Crescente;Nublado;Dupla;Declive;Não  ;"1037032   ";Camioneta;RENAULT/DUSTER ZEN 16;"2020      ";Passageiro;Ileso;"70   ";Feminino;"1 ";"0    ";"0    ";"0    ";-15.6121750;-47.7009280;SPRF-DF;DEL02-DF;UOP01-DEL02-DF 
581699;"1296583   ";2024-02-17;sábado;16:30:00;DF;"20   ";"19   ";BRASILIA;Sim;Acessar a via sem observar a presença dos outros veículos;2;Saída de leito carroçável;Com Vítimas Feridas;Pleno dia;Crescente;Nublado;Dupla;Declive;Não  ;"1037032   ";Camioneta;RENAULT/DUSTER ZEN 16;"2020      ";Passageiro;Ileso;"63   ";Feminino;"1 ";"0    ";"0    ";"0    ";-15.6121750;-47.7009280;SPRF-DF;DEL02-DF;UOP01-DEL02-DF 
581699;"1296574   ";2024-02-17;sábado;16:30:00;DF;"20   ";"19   ";BRASILIA;Sim;Acessar a via sem observar a presença dos outros veículos;2;Saída de leito carroçável;Com Vítimas Feridas;Pleno dia;Crescente;Nublado;Dupla;Declive;Não  ;"0         ";"0";NA/NA;"0         ";Testemunha;Não Informado;"0    ";Não Informado;"0 ";"0    ";"0    ";"0    ";-15.6121750;-47.7009280;SPRF-DF;DEL02-DF;UOP01-DEL02-DF 
581699;"1294675   ";2024-02-17;sábado;16:30:00;DF;"20   ";"19   ";BRASILIA;Não;Ingestão de álcool pelo condutor;1;Colisão traseira;Com Vítimas Feridas;Pleno dia;Crescente;Nublado;Dupla;Declive;Não  ;"1037029   ";Automóvel;GM/CORSA SUPER;"1998      ";Condutor;Lesões Leves;"38   ";Masculino;"0 ";"1    ";"0    ";"0    ";-15.6121750;-47.7009280;SPRF-DF;DEL02-DF;UOP01-DEL02-DF 
581699;"1294676   ";2024-02-17;sábado;16:30:00;DF;"20   ";"19   ";BRASILIA;Não;Ingestão de álcool pelo condutor;1;Colisão traseira;Com Vítimas Feridas;Pleno dia;Crescente;Nublado;Dupla;Declive;Não  ;"1037032   ";Camioneta;RENAULT/DUSTER ZEN 16;"2020      ";Condutor;Ileso;"73   ";Masculino;"1 ";"0    ";"0    ";"0    ";-15.6121750;-47.7009280;SPRF-DF;DEL02-DF;UOP01-DEL02-DF 
581699;"1296581   ";2024-02-17;sábado;16:30:00;DF;"20   ";"19   ";BRASILIA;Não;Ingestão de álcool pelo condutor;1;Colisão traseira;Com Vítimas Feridas;Pleno dia;Crescente;Nublado;Dupla;Declive;Não  ;"1037032   ";Camioneta;RENAULT/DUSTER ZEN 16;"2020      ";Passageiro;Ileso;"72   ";Feminino;"1 ";"0    ";"0    ";"0    ";-15.6121750;-47.7009280;SPRF-DF;DEL02-DF;UOP01-DEL02-DF 
581699;"1296582   ";2024-02-17;sábado;16:30:00;DF;"20   ";"19   ";BRASILIA;Não;Ingestão de álcool pelo condutor;1;Colisão traseira;Com Vítimas Feridas;Pleno dia;Crescente;Nublado;Dupla;Declive;Não  ;"1037032   ";Camioneta;RENAULT/DUSTER ZEN 16;"2020      ";Passageiro;Ileso;"70   ";Feminino;"1 ";"0    ";"0    ";"0    ";-15.6121750;-47.7009280;SPRF-DF;DEL02-DF;UOP01-DEL02-DF 
581699;"1296583   ";2024-02-17;sábado;16:30:00;DF;"20   ";"19   ";BRASILIA;Não;Ingestão de álcool pelo condutor;1;Colisão traseira;Com Vítimas Feridas;Pleno dia;Crescente;Nublado;Dupla;Declive;Não  ;"1037032   ";Camioneta;RENAULT/DUSTER ZEN 16;"2020      ";Passageiro;Ileso;"63   ";Feminino;"1 ";"0    ";"0    ";"0    ";-15.6121750;-47.7009280;SPRF-DF;DEL02-DF;UOP01-DEL02-DF 
581699;"1296574   ";2024-02-17;sábado;16:30:00;DF;"20   ";"19   ";BRASILIA;Não;Ingestão de álcool pelo condutor;1;Colisão traseira;Com Vítimas Feridas;Pleno dia;Crescente;Nublado;Dupla;Declive;Não  ;"0         ";"0";NA/NA;"0         ";Testemunha;Não Informado;"0    ";Não Informado;"0 ";"0    ";"0    ";"0    ";-15.6121750;-47.7009280;SPRF-DF;DEL02-DF;UOP01-DEL02-DF 
581699;"1294675   ";2024-02-17;sábado;16:30:00;DF;"20   ";"19   ";BRASILIA;Sim;Acessar a via sem observar a presença dos outros veículos;1;Colisão traseira;Com Vítimas Feridas;Pleno dia;Crescente;Nublado;Dupla;Declive;Não  ;"1037029   ";Automóvel;GM/CORSA SUPER;"1998      ";Condutor;Lesões Leves;"38   ";Masculino;"0 ";"1    ";"0    ";"0    ";-15.6121750;-47.7009280;SPRF-DF;DEL02-DF;UOP01-DEL02-DF 
581699;"1294676   ";2024-02-17;sábado;16:30:00;DF;"20   ";"19   ";BRASILIA;Sim;Acessar a via sem observar a presença dos outros veículos;1;Colisão traseira;Com Vítimas Feridas;Pleno dia;Crescente;Nublado;Dupla;Declive;Não  ;"1037032   ";Camioneta;RENAULT/DUSTER ZEN 16;"2020      ";Condutor;Ileso;"73   ";Masculino;"1 ";"0    ";"0    ";"0    ";-15.6121750;-47.7009280;SPRF-DF;DEL02-DF;UOP01-DEL02-DF 
581699;"1296581   ";2024-02-17;sábado;16:30:00;DF;"20   ";"19   ";BRASILIA;Sim;Acessar a via sem observar a presença dos outros veículos;1;Colisão traseira;Com Vítimas Feridas;Pleno dia;Crescente;Nublado;Dupla;Declive;Não  ;"1037032   ";Camioneta;RENAULT/DUSTER ZEN 16;"2020      ";Passageiro;Ileso;"72   ";Feminino;"1 ";"0    ";"0    ";"0    ";-15.6121750;-47.7009280;SPRF-DF;DEL02-DF;UOP01-DEL02-DF 
581699;"1296582   ";2024-02-17;sábado;16:30:00;DF;"20   ";"19   ";BRASILIA;Sim;Acessar a via sem observar a presença dos outros veículos;1;Colisão traseira;Com Vítimas Feridas;Pleno dia;Crescente;Nublado;Dupla;Declive;Não  ;"1037032   ";Camioneta;RENAULT/DUSTER ZEN 16;"2020      ";Passageiro;Ileso;"70   ";Feminino;"1 ";"0    ";"0    ";"0    ";-15.6121750;-47.7009280;SPRF-DF;DEL02-DF;UOP01-DEL02-DF 
581699;"1296583   ";2024-02-17;sábado;16:30:00;DF;"20   ";"19   ";BRASILIA;Sim;Acessar a via sem observar a presença dos outros veículos;1;Colisão traseira;Com Vítimas Feridas;Pleno dia;Crescente;Nublado;Dupla;Declive;Não  ;"1037032   ";Camioneta;RENAULT/DUSTER ZEN 16;"2020      ";Passageiro;Ileso;"63   ";Feminino;"1 ";"0    ";"0    ";"0    ";-15.6121750;-47.7009280;SPRF-DF;DEL02-DF;UOP01-DEL02-DF 
581699;"1296574   ";2024-02-17;sábado;16:30:00;DF;"20   ";"19   ";BRASILIA;Sim;Acessar a via sem observar a presença dos outros veículos;1;Colisão traseira;Com Vítimas Feridas;Pleno dia;Crescente;Nublado;Dupla;Declive;Não  ;"0         ";"0";NA/NA;"0         ";Testemunha;Não Informado;"0    ";Não Informado;"0 ";"0    ";"0    ";"0    ";-15.6121750;-47.7009280;SPRF-DF;DEL02-DF;UOP01-DEL02-DF 