id;pesid;data_inversa;dia_semana;horario;uf;br;km;municipio;causa_principal;causa_acidente;ordem_tipo_acidente;tipo_acidente;classificacao_acidente;fase_dia;sentido_via;condicao_metereologica;tipo_pista;tracado_via;uso_solo;id_veiculo;tipo_veiculo;marca;ano_fabricacao_veiculo;tipo_envolvido;estado_fisico;idade;sexo;ilesos;feridos_leves;feridos_graves;mortos;latitude;longitude;regional;delegacia;uop
582362;"1296253   ";2024-02-21;quarta-feira;08:46:00;GO;"40   ";"12,3 ";LUZIANIA;Não;Reação tardia ou ineficiente do condutor;1;Colisão transversal;Com Vítimas Feridas;Pleno dia;Decrescente;Garoa/Chuvisco;Dupla;Reta;Sim  ;"1038255   ";Automóvel;HONDA/FIT EX CVT;"2016      ";Condutor;Ileso;"27   ";Feminino;"1 ";"0    ";"0    ";"0    ";-16.1500570;-47.9403430;SPRF-DF;DEL01-DF;UOP01-DEL01-DF 
582362;"1296252   ";2024-02-21;quarta-feira;08:46:00;GO;"40   ";"12,3 ";LUZIANIA;Não;Reação tardia ou ineficiente do condutor;1;Colisão transversal;Com Vítimas Feridas;Pleno dia;Decrescente;Garoa/Chuvisco;Dupla;Reta;Sim  ;"1038254   ";Motocicleta;HONDA/CG 160 START;"2022      ";Condutor;Lesões Leves;"39   ";Masculino;"0 ";"1    ";"0    ";"0    ";-16.1500570;-47.9403430;SPRF-DF;DEL01-DF;UOP01-DEL01-DF 
582362;"1296253   ";2024-02-21;quarta-feira;08:46:00;GO;"40   ";"12,3 ";LUZIANIA;Sim;Acessar a via sem observar a presença dos outros veículos;1;Colisão transversal;Com Vítimas Feridas;Pleno dia;Decrescente;Garoa/Chuvisco;Dupla;Reta;Sim  ;"1038255   ";Automóvel;HONDA/FIT EX CVT;"2016      ";Condutor;Ileso;"27   ";Feminino;"1 ";"0    ";"0    ";"0    ";-16.1500570;-47.9403430;SPRF-DF;DEL01-DF;UOP01-DEL01-DF 
582362;"1296252   ";2024-02-21;quarta-feira;08:46:00;GO;"40   ";"12,3 ";LUZIANIA;Sim;Acessar a via sem observar a presença dos outros veículos;1;Colisão transversal;Com Vítimas Feridas;Pleno dia;Decrescente;Garoa/Chuvisco;Dupla;Reta;Sim  ;"1038254   ";Motocicleta;HONDA/CG 160 START;"2022      ";Condutor;Lesões Leves;"39   ";Masculino;"0 ";"1    ";"0    ";"0    ";-16.1500570;-47.9403430;SPRF-DF;DEL01-DF;UOP01-DEL01-DF 
582386;"1296377   ";2024-02-21;quarta-feira;11:36:00;GO;"40   ";"13   ";LUZIANIA;Não;Ingestão de álcool pelo condutor;2;Queda de ocupante de veículo;Com Vítimas Feridas;Pleno dia;Crescente;Nublado;Dupla;Reta;Sim  ;"1038357   ";Automóvel;Não Informado/Não Informado;"0         ";Condutor;Não Informado;"0    ";Não Informado;"0 ";"0    ";"0    ";"0    ";-16.1518320;-47.9391620;SPRF-DF;DEL01-DF;UOP01-DEL01-DF 
582386;"1296369   ";2024-02-21;quarta-feira;11:36:00;GO;"40   ";"13   ";LUZIANIA;Não;Ingestão de álcool pelo condutor;2;Queda de ocupante de veículo;Com Vítimas Feridas;Pleno dia;Crescente;Nublado;Dupla;Reta;Sim  ;"1038359   ";Bicicleta;Não Informado/Não Informado;"0         ";Condutor;Lesões Leves;"42   ";Masculino;"0 ";"1    ";"0    ";"0    ";-16.1518320;-47.9391620;SPRF-DF;DEL01-DF;UOP01-DEL01-DF 
582386;"1296377   ";2024-02-21;quarta-feira;11:36:00;GO;"40   ";"13   ";LUZIANIA;Sim;Acessar a via sem observar a presença dos outros veículos;2;Queda de ocupante de veículo;Com Vítimas Feridas;Pleno dia;Crescente;Nublado;Dupla;Reta;Sim  ;"1038357   ";Automóvel;Não Informado/Não Informado;"0         ";Condutor;Não Informado;"0    ";Não Informado;"0 ";"0    ";"0    ";"0    ";-16.1518320;-47.9391620;SPRF-DF;DEL01-DF;UOP01-DEL01-DF 
582386;"1296369   ";2024-02-21;quarta-feira;11:36:00;GO;"40   ";"13   ";LUZIANIA;Sim;Acessar a via sem observar a presença dos outros veículos;2;Queda de ocupante de veículo;Com Vítimas Feridas;Pleno dia;Crescente;Nublado;Dupla;Reta;Sim  ;"1038359   ";Bicicleta;Não Informado/Não Informado;"0         ";Condutor;Lesões Leves;"42   ";Masculino;"0 ";"1    ";"0    ";"0    ";-16.1518320;-47.9391620;SPRF-DF;DEL01-DF;UOP01-DEL01-DF 
582386;"1296377   ";2024-02-21;quarta-feira;11:36:00;GO;"40   ";"13   ";LUZIANIA;Não;Ingestão de álcool pelo condutor;1;Colisão transversal;Com Vítimas Feridas;Pleno dia;Crescente;Nublado;Dupla;Reta;Sim  ;"1038357   ";Automóvel;Não Informado/Não Informado;"0         ";Condutor;Não Informado;"0    ";Não Informado;"0 ";"0    ";"0    ";"0    ";-16.1518320;-47.9391620;SPRF-DF;DEL01-DF;UOP01-DEL01-DF 
582386;"1296369   ";2024-02-21;quarta-feira;11:36:00;GO;"40   ";"13   ";LUZIANIA;Não;Ingestão de álcool pelo condutor;1;Colisão transversal;Com Vítimas Feridas;Pleno dia;Crescente;Nublado;Dupla;Reta;Sim  ;"1038359   ";Bicicleta;Não Informado/Não Informado;"0         ";Condutor;Lesões Leves;"42   ";Masculino;"0 ";"1    ";"0    ";"0    ";-16.1518320;-47.9391620;SPRF-DF;DEL01-DF;UOP01-DEL01-DF 
582386;"1296377   ";2024-02-21;quarta-feira;11:36:00;GO;"40   ";"13   ";LUZIANIA;Sim;Acessar a via sem observar a presença dos outros veículos;1;Colisão transversal;Com Vítimas Feridas;Pleno dia;Crescente;Nublado;Dupla;Reta;Sim  ;"1038357   ";Automóvel;Não Informado/Não Informado;"0         ";Condutor;Não Informado;"0    ";Não Informado;"0 ";"0    ";"0    ";"0    ";-16.1518320;-47.9391620;SPRF-DF;DEL01-DF;UOP01-DEL01-DF 
582386;"1296369   ";2024-02-21;quarta-feira;11:36:00;GO;"40   ";"13   ";LUZIANIA;Sim;Acessar a via sem observar a presença dos outros veículos;1;Colisão transversal;Com Vítimas Feridas;Pleno dia;Crescente;Nublado;Dupla;Reta;Sim  ;"1038359   ";Bicicleta;Não Informado/Não Informado;"0         ";Condutor;Lesões Leves;"42   ";Masculino;"0 ";"1    ";"0    ";"0    ";-16.1518320;-47.9391620;SPRF-DF;DEL01-DF;UOP01-DEL01-DF 
582467;"1296521   ";2024-02-21;quarta-feira;17:10:00;GO;"414  ";"407  ";ABADIANIA;Não;Avarias e/ou desgaste excessivo no pneu;2;Capotamento;Sem Vítimas;Pleno dia;Crescente;Nublado;Simples;Reta;Não  ;"1038490   ";Automóvel;RENAULT/SANDERO EXPR 10;"2017      ";Condutor;Não Informado;"0    ";Não Informado;"0 ";"0    ";"0    ";"0    ";-16.0306400;-48.8504200;SPRF-GO;DEL02-GO;UOP01-DEL02-GO 
582467;"1296521   ";2024-02-21;quarta-feira;17:10:00;GO;"414  ";"407  ";ABADIANIA;Sim;Reação tardia ou ineficiente do condutor;2;Capotamento;Sem Vítimas;Pleno dia;Crescente;Nublado;Simples;Reta;Não  ;"1038490   ";Automóvel;RENAULT/SANDERO EXPR 10;"2017      ";Condutor;Não Informado;"0    ";Não Informado;"0 ";"0    ";"0    ";"0    ";-16.0306400;-48.8504200;SPRF-GO;DEL02-GO;UOP01-DEL02-GO 
582467;"1296521   ";2024-02-21;quarta-feira;17:10:00;GO;"414  ";"407  ";ABADIANIA;Não;Avarias e/ou desgaste excessivo no pneu;1;Saída de leito carroçável;Sem Vítimas;Pleno dia;Crescente;Nublado;Simples;Reta;Não  ;"1038490   ";Automóvel;RENAULT/SANDERO EXPR 10;"2017      ";Condutor;Não Informado;"0    ";Não Informado;"0 ";"0    ";"0    ";"0    ";-16.0306400;-48.8504200;SPRF-GO;DEL02-GO;UOP01-DEL02-GO 
582467;"1296521   ";2024-02-21;quarta-feira;17:10:00;GO;"414  ";"407  ";ABADIANIA;Sim;Reação tardia ou ineficiente do condutor;1;Saída de leito carroçável;Sem Vítimas;Pleno dia;Crescente;Nublado;Simples;Reta;Não  ;"1038490   ";Automóvel;RENAULT/SANDERO EXPR 10;"2017      ";Condutor;Não Informado;"0    ";Não Informado;"0 ";"0    ";"0    ";"0    ";-16.0306400;-48.8504200;SPRF-GO;DEL02-GO;UOP01-DEL02-GO 
582526;"1296688   ";2024-02-22;quinta-feira;07:20:00;GO;"70   ";"1    ";AGUAS LINDAS DE GOIAS;Não;Condutor deixou de manter distância do veículo da frente;2;Queda de ocupante de veículo;Com Vítimas Feridas;Pleno dia;Decrescente;Nublado;Dupla;Reta;Sim  ;"1038638   ";Motocicleta;HONDA/CBX 250 TWISTER;"2006      ";Condutor;Lesões Leves;"23   ";Masculino;"0 ";"1    ";"0    ";"0    ";-15.7757935;-48.2325900;SPRF-DF;DEL03-DF;UOP02-DEL03-DF 
582526;"1296687   ";2024-02-22;quinta-feira;07:20:00;GO;"70   ";"1    ";AGUAS LINDAS DE GOIAS;Não;Condutor deixou de manter distância do veículo da frente;2;Queda de ocupante de veículo;Com Vítimas Feridas;Pleno dia;Decrescente;Nublado;Dupla;Reta;Sim  ;"1038637   ";Automóvel;FIAT/PALIO SPORTING 1.6;"2013      ";Condutor;Ileso;"46   ";Masculino;"1 ";"0    ";"0    ";"0    ";-15.7757935;-48.2325900;SPRF-DF;DEL03-DF;UOP02-DEL03-DF 
582526;"1296688   ";2024-02-22;quinta-feira;07:20:00;GO;"70   ";"1    ";AGUAS LINDAS DE GOIAS;Sim;Reação tardia ou ineficiente do condutor;2;Queda de ocupante de veículo;Com Vítimas Feridas;Pleno dia;Decrescente;Nublado;Dupla;Reta;Sim  ;"1038638   ";Motocicleta;HONDA/CBX 250 TWISTER;"2006      ";Condutor;Lesões Leves;"23   ";Masculino;"0 ";"1    ";"0    ";"0    ";-15.7757935;-48.2325900;SPRF-DF;DEL03-DF;UOP02-DEL03-DF 
582526;"1296687   ";2024-02-22;quinta-feira;07:20:00;GO;"70   ";"1    ";AGUAS LINDAS DE GOIAS;Sim;Reação tardia ou ineficiente do condutor;2;Queda de ocupante de veículo;Com Vítimas Feridas;Pleno dia;Decrescente;Nublado;Dupla;Reta;Sim  ;"1038637   ";Automóvel;FIAT/PALIO SPORTING 1.6;"2013      ";Condutor;Ileso;"46   ";Masculino;"1 ";"0    ";"0    ";"0    ";-15.7757935;-48.2325900;SPRF-DF;DEL03-DF;UOP02-DEL03-DF 
582526;"1296688   ";2024-02-22;quinta-feira;07:20:00;GO;"70   ";"1    ";AGUAS LINDAS DE GOIAS;Não;Condutor deixou de manter distância do veículo da frente;1;Colisão traseira;Com Vítimas Feridas;Pleno dia;Decrescente;Nublado;Dupla;Reta;Sim  ;"1038638   ";Motocicleta;HONDA/CBX 250 TWISTER;"2006      ";Condutor;Lesões Leves;"23   ";Masculino;"0 ";"1    ";"0    ";"0    ";-15.7757935;-48.2325900;SPRF-DF;DEL03-DF;UOP02-DEL03-DF 
582526;"1296687   ";2024-02-22;quinta-feira;07:20:00;GO;"70   ";"1    ";AGUAS LINDAS DE GOIAS;Não;Condutor deixou de manter distância do veículo da frente;1;Colisão traseira;Com Vítimas Feridas;Pleno dia;Decrescente;Nublado;Dupla;Reta;Sim  ;"1038637   ";Automóvel;FIAT/PALIO SPORTING 1.6;"2013      ";Condutor;Ileso;"46   ";Masculino;"1 ";"0    ";"0    ";"0    ";-15.7757935;-48.2325900;SPRF-DF;DEL03-DF;UOP02-DEL03-DF 
582526;"1296688   ";2024-02-22;quinta-feira;07:20:00;GO;"70   ";"1    ";AGUAS LINDAS DE GOIAS;Sim;Reação tardia ou ineficiente do condutor;1;Colisão traseira;Com Vítimas Feridas;Pleno dia;Decrescente;Nublado;Dupla;Reta;Sim  ;"1038638   ";Motocicleta;HONDA/CBX 250 TWISTER;"2006      ";Condutor;Lesões Leves;"23   ";Masculino;"0 ";"1    ";"0    ";"0    ";-15.7757935;-48.2325900;SPRF-DF;DEL03-DF;UOP02-DEL03-DF 
582526;"1296687   ";2024-02-22;quinta-feira;07:20:00;GO;"70   ";"1    ";AGUAS LINDAS DE GOIAS;Sim;Reação tardia ou ineficiente do condutor;1;Colisão traseira;Com Vítimas Feridas;Pleno dia;Decrescente;Nublado;Dupla;Reta;Sim  ;"1038637   ";Automóvel;FIAT/PALIO SPORTING 1.6;"2013      ";Condutor;Ileso;"46   ";Masculino;"1 ";"0    ";"0    ";"0    ";-15.7757935;-48.2325900;SPRF-DF;DEL03-DF;UOP02-DEL03-DF 
582628;"1296875   ";2024-02-07;quarta-feira;16:50:00;DF;"0    ";"0    ";BRASILIA;Sim;Condutor deixou de manter distância do veículo da frente;1;Colisão traseira;Sem Vítimas;Pleno dia;Não Informado;Céu Claro;Dupla;Reta;Sim  ;"1038792   ";Camioneta;RENAULT/DUSTER 20 D 4X2;"2013      ";Condutor;Ileso;"37   ";Masculino;"1 ";"0    ";"0    ";"0    ";-15.7666901;-47.9245520;SPRF-DF;"0       ";"0              "
582628;"1296877   ";2024-02-07;quarta-feira;16:50:00;DF;"0    ";"0    ";BRASILIA;Sim;Condutor deixou de manter distância do veículo da frente;1;Colisão traseira;Sem Vítimas;Pleno dia;Não Informado;Céu Claro;Dupla;Reta;Sim  ;"1038794   ";Automóvel;PEUGEOT/2008 GRIFFE EAT6;"2019      ";Condutor;Ileso;"53   ";Masculino;"1 ";"0    ";"0    ";"0    ";-15.7666901;-47.9245520;SPRF-DF;"0       ";"0              "
582639;"1297129   ";2024-02-22;quinta-feira;18:30:00;DF;"40   ";"5    ";BRASILIA;Sim;Manobra de mudança de faixa;1;Colisão traseira;Com Vítimas Feridas;Anoitecer;Crescente;Céu Claro;Dupla;Reta;Sim  ;"1038979   ";Automóvel;VW/NOVO GOL TL MCV;"2017      ";Condutor;Ileso;"29   ";Feminino;"1 ";"0    ";"0    ";"0    ";-16.0209030;-47.9805410;SPRF-DF;DEL01-DF;UOP01-DEL01-DF 
582639;"1299360   ";2024-02-22;quinta-feira;18:30:00;DF;"40   ";"5    ";BRASILIA;Sim;Manobra de mudança de faixa;1;Colisão traseira;Com Vítimas Feridas;Anoitecer;Crescente;Céu Claro;Dupla;Reta;Sim  ;"1038980   ";Motocicleta;HONDA/CG 160 START;"2023      ";Condutor;Lesões Leves;"27   ";Masculino;"0 ";"1    ";"0    ";"0    ";-16.0209030;-47.9805410;SPRF-DF;DEL01-DF;UOP01-DEL01-DF 
582702;"1297118   ";2024-02-23;sexta-feira;05:30:00;GO;"40   ";"8,5  ";VALPARAISO DE GOIAS;Sim;Transitar no Acostamento;3;Queda de ocupante de veículo;Com Vítimas Feridas;Amanhecer;Crescente;Céu Claro;Dupla;Reta;Sim  ;"1038968   ";Automóvel;Não Informado/Não Informado;"0         ";Condutor;Ileso;"0    ";Ignorado;"1 ";"0    ";"0    ";"0    ";-16.1161580;-47.9676100;SPRF-DF;DEL01-DF;UOP01-DEL01-DF 
582702;"1297119   ";2024-02-23;sexta-feira;05:30:00;GO;"40   ";"8,5  ";VALPARAISO DE GOIAS;Sim;Transitar no Acostamento;3;Queda de ocupante de veículo;Com Vítimas Feridas;Amanhecer;Crescente;Céu Claro;Dupla;Reta;Sim  ;"1038969   ";Bicicleta;Não Informado/Não Informado;"0         ";Condutor;Lesões Leves;"53   ";Masculino;"0 ";"1    ";"0    ";"0    ";-16.1161580;-47.9676100;SPRF-DF;DEL01-DF;UOP01-DEL01-DF 
582702;"1297118   ";2024-02-23;sexta-feira;05:30:00;GO;"40   ";"8,5  ";VALPARAISO DE GOIAS;Sim;Transitar no Acostamento;2;Tombamento;Com Vítimas Feridas;Amanhecer;Crescente;Céu Claro;Dupla;Reta;Sim  ;"1038968   ";Automóvel;Não Informado/Não Informado;"0         ";Condutor;Ileso;"0    ";Ignorado;"1 ";"0    ";"0    ";"0    ";-16.1161580;-47.9676100;SPRF-DF;DEL01-DF;UOP01-DEL01-DF 
582702;"1297119   ";2024-02-23;sexta-feira;05:30:00;GO;"40   ";"8,5  ";VALPARAISO DE GOIAS;Sim;Transitar no Acostamento;2;Tombamento;Com Vítimas Feridas;Amanhecer;Crescente;Céu Claro;Dupla;Reta;Sim  ;"1038969   ";Bicicleta;Não Informado/Não Informado;"0         ";Condutor;Lesões Leves;"53   ";Masculino;"0 ";"1    ";"0    ";"0    ";-16.1161580;-47.9676100;SPRF-DF;DEL01-DF;UOP01-DEL01-DF 
582702;"1297118   ";2024-02-23;sexta-feira;05:30:00;GO;"40   ";"8,5  ";VALPARAISO DE GOIAS;Sim;Transitar no Acostamento;1;Colisão lateral sentido oposto;Com Vítimas Feridas;Amanhecer;Crescente;Céu Claro;Dupla;Reta;Sim  ;"1038968   ";Automóvel;Não Informado/Não Informado;"0         ";Condutor;Ileso;"0    ";Ignorado;"1 ";"0    ";"0    ";"0    ";-16.1161580;-47.9676100;SPRF-DF;DEL01-DF;UOP01-DEL01-DF 
582702;"1297119   ";2024-02-23;sexta-feira;05:30:00;GO;"40   ";"8,5  ";VALPARAISO DE GOIAS;Sim;Transitar no Acostamento;1;Colisão lateral sentido oposto;Com Vítimas Feridas;Amanhecer;Crescente;Céu Claro;Dupla;Reta;Sim  ;"1038969   ";Bicicleta;Não Informado/Não Informado;"0         ";Condutor;Lesões Leves;"53   ";Masculino;"0 ";"1    ";"0    ";"0    ";-16.1161580;-47.9676100;SPRF-DF;DEL01-DF;UOP01-DEL01-DF 
582739;"1298698   ";2024-02-23;sexta-feira;09:30:00;DF;"70   ";"4,3  ";BRASILIA;Sim;Acessar a via sem observar a presença dos outros veículos;1;Colisão lateral mesmo sentido;Com Vítimas Feridas;Pleno dia;Crescente;Nublado;Múltipla;Reta;Não  ;"1040222   ";Caminhão;FORD/CARGO 816 S;"2014      ";Condutor;Ileso;"38   ";Masculino;"1 ";"0    ";"0    ";"0    ";-15.7981150;-48.0893170;SPRF-DF;DEL03-DF;UOP02-DEL03-DF 
582739;"1298699   ";2024-02-23;sexta-feira;09:30:00;DF;"70   ";"4,3  ";BRASILIA;Sim;Acessar a via sem observar a presença dos outros veículos;1;Colisão lateral mesmo sentido;Com Vítimas Feridas;Pleno dia;Crescente;Nublado;Múltipla;Reta;Não  ;"1040223   ";Utilitário;JEEP/COMPASS LONG TD;"2021      ";Condutor;Lesões Leves;"73   ";Masculino;"0 ";"1    ";"0    ";"0    ";-15.7981150;-48.0893170;SPRF-DF;DEL03-DF;UOP02-DEL03-DF 
582739;"1298700   ";2024-02-23;sexta-feira;09:30:00;DF;"70   ";"4,3  ";BRASILIA;Sim;Acessar a via sem observar a presença dos outros veículos;1;Colisão lateral mesmo sentido;Com Vítimas Feridas;Pleno dia;Crescente;Nublado;Múltipla;Reta;Não  ;"1040223   ";Utilitário;JEEP/COMPASS LONG TD;"2021      ";Passageiro;Lesões Leves;"72   ";Feminino;"0 ";"1    ";"0    ";"0    ";-15.7981150;-48.0893170;SPRF-DF;DEL03-DF;UOP02-DEL03-DF 
582750;"1297255   ";2024-02-23;sexta-feira;09:45:00;GO;"40   ";"96,1 ";CRISTALINA;Sim;Acessar a via sem observar a presença dos outros veículos;1;Colisão transversal;Com Vítimas Feridas;Pleno dia;Crescente;Céu Claro;Simples;Interseção de Vias;Sim  ;"1039072   ";Caminhonete;FIAT/STRADA ENDURANCE CS;"2021      ";Condutor;Ileso;"30   ";Masculino;"1 ";"0    ";"0    ";"0    ";-16.7576800;-47.6016130;SPRF-DF;DEL01-DF;UOP02-DEL01-DF 
582750;"1297259   ";2024-02-23;sexta-feira;09:45:00;GO;"40   ";"96,1 ";CRISTALINA;Sim;Acessar a via sem observar a presença dos outros veículos;1;Colisão transversal;Com Vítimas Feridas;Pleno dia;Crescente;Céu Claro;Simples;Interseção de Vias;Sim  ;"1039075   ";Bicicleta;Não Informado/Não Informado;"0         ";Condutor;Lesões Graves;"52   ";Feminino;"0 ";"0    ";"1    ";"0    ";-16.7576800;-47.6016130;SPRF-DF;DEL01-DF;UOP02-DEL01-DF 
582764;"1297266   ";2024-02-23;sexta-feira;12:00:00;DF;"40   ";"0,9  ";BRASILIA;Sim;Condutor deixou de manter distância do veículo da frente;2;Saída de leito carroçável;Com Vítimas Feridas;Pleno dia;Decrescente;Céu Claro;Dupla;Reta;Sim  ;"1039081   ";Motocicleta;HONDA/CG150 FAN ESDI;"2011      ";Condutor;Lesões Leves;"53   ";Masculino;"0 ";"1    ";"0    ";"0    ";-15.9843307;-47.9878414;SPRF-DF;DEL01-DF;UOP01-DEL01-DF 
582764;"1297267   ";2024-02-23;sexta-feira;12:00:00;DF;"40   ";"0,9  ";BRASILIA;Sim;Condutor deixou de manter distância do veículo da frente;2;Saída de leito carroçável;Com Vítimas Feridas;Pleno dia;Decrescente;Céu Claro;Dupla;Reta;Sim  ;"1039083   ";Automóvel;FIAT/PALIO WK ADVEN DUAL;"2011      ";Condutor;Ileso;"48   ";Masculino;"1 ";"0    ";"0    ";"0    ";-15.9843307;-47.9878414;SPRF-DF;DEL01-DF;UOP01-DEL01-DF 
582764;"1297266   ";2024-02-23;sexta-feira;12:00:00;DF;"40   ";"0,9  ";BRASILIA;Sim;Condutor deixou de manter distância do veículo da frente;1;Queda de ocupante de veículo;Com Vítimas Feridas;Pleno dia;Decrescente;Céu Claro;Dupla;Reta;Sim  ;"1039081   ";Motocicleta;HONDA/CG150 FAN ESDI;"2011      ";Condutor;Lesões Leves;"53   ";Masculino;"0 ";"1    ";"0    ";"0    ";-15.9843307;-47.9878414;SPRF-DF;DEL01-DF;UOP01-DEL01-DF 
582764;"1297267   ";2024-02-23;sexta-feira;12:00:00;DF;"40   ";"0,9  ";BRASILIA;Sim;Condutor deixou de manter distância do veículo da frente;1;Queda de ocupante de veículo;Com Vítimas Feridas;Pleno dia;Decrescente;Céu Claro;Dupla;Reta;Sim  ;"1039083   ";Automóvel;FIAT/PALIO WK ADVEN DUAL;"2011      ";Condutor;Ileso;"48   ";Masculino;"1 ";"0    ";"0    ";"0    ";-15.9843307;-47.9878414;SPRF-DF;DEL01-DF;UOP01-DEL01-DF 
582856;"1297541   ";2024-02-23;sexta-feira;19:30:00;GO;"414  ";"410,7";ABADIANIA;Não;Velocidade Incompatível;1;Atropelamento de Pedestre;Com Vítimas Feridas;Plena Noite;Crescente;Nublado;Simples;"Interseção de Vias;Reta";Sim  ;"1039307   ";Automóvel;I/PEUGEOT 208;"2023      ";Condutor;Ileso;"27   ";Masculino;"1 ";"0    ";"0    ";"0    ";-16.0566499;-48.8538837;SPRF-GO;DEL02-GO;UOP01-DEL02-GO 
582856;"1297544   ";2024-02-23;sexta-feira;19:30:00;GO;"414  ";"410,7";ABADIANIA;Não;Velocidade Incompatível;1;Atropelamento de Pedestre;Com Vítimas Feridas;Plena Noite;Crescente;Nublado;Simples;"Interseção de Vias;Reta";Sim  ;"0         ";"0";NA/NA;"0         ";Pedestre;Lesões Graves;"63   ";Masculino;"0 ";"0    ";"1    ";"0    ";-16.0566499;-48.8538837;SPRF-GO;DEL02-GO;UOP01-DEL02-GO 
582856;"1297541   ";2024-02-23;sexta-feira;19:30:00;GO;"414  ";"410,7";ABADIANIA;Não;Iluminação deficiente;1;Atropelamento de Pedestre;Com Vítimas Feridas;Plena Noite;Crescente;Nublado;Simples;"Interseção de Vias;Reta";Sim  ;"1039307   ";Automóvel;I/PEUGEOT 208;"2023      ";Condutor;Ileso;"27   ";Masculino;"1 ";"0    ";"0    ";"0    ";-16.0566499;-48.8538837;SPRF-GO;DEL02-GO;UOP01-DEL02-GO 
582856;"1297544   ";2024-02-23;sexta-feira;19:30:00;GO;"414  ";"410,7";ABADIANIA;Não;Iluminação deficiente;1;Atropelamento de Pedestre;Com Vítimas Feridas;Plena Noite;Crescente;Nublado;Simples;"Interseção de Vias;Reta";Sim  ;"0         ";"0";NA/NA;"0         ";Pedestre;Lesões Graves;"63   ";Masculino;"0 ";"0    ";"1    ";"0    ";-16.0566499;-48.8538837;SPRF-GO;DEL02-GO;UOP01-DEL02-GO 
582856;"1297541   ";2024-02-23;sexta-feira;19:30:00;GO;"414  ";"410,7";ABADIANIA;Sim;Pedestre andava na pista;1;Atropelamento de Pedestre;Com Vítimas Feridas;Plena Noite;Crescente;Nublado;Simples;"Interseção de Vias;Reta";Sim  ;"1039307   ";Automóvel;I/PEUGEOT 208;"2023      ";Condutor;Ileso;"27   ";Masculino;"1 ";"0    ";"0    ";"0    ";-16.0566499;-48.8538837;SPRF-GO;DEL02-GO;UOP01-DEL02-GO 
582856;"1297544   ";2024-02-23;sexta-feira;19:30:00;GO;"414  ";"410,7";ABADIANIA;Sim;Pedestre andava na pista;1;Atropelamento de Pedestre;Com Vítimas Feridas;Plena Noite;Crescente;Nublado;Simples;"Interseção de Vias;Reta";Sim  ;"0         ";"0";NA/NA;"0         ";Pedestre;Lesões Graves;"63   ";Masculino;"0 ";"0    ";"1    ";"0    ";-16.0566499;-48.8538837;SPRF-GO;DEL02-GO;UOP01-DEL02-GO 
582889;"1297682   ";2024-02-23;sexta-feira;22:30:00;DF;"60   ";"6,8  ";BRASILIA;Sim;Suicídio (presumido);1;Atropelamento de Pedestre;Com Vítimas Feridas;Plena Noite;Decrescente;Céu Claro;Dupla;Reta;Sim  ;"1039424   ";Automóvel;CHEV/ONIX 10MT LT2;"2022      ";Condutor;Ileso;"21   ";Masculino;"1 ";"0    ";"0    ";"0    ";-15.8979390;-48.1130560;SPRF-DF;DEL03-DF;UOP01-DEL03-DF 
582889;"1297683   ";2024-02-23;sexta-feira;22:30:00;DF;"60   ";"6,8  ";BRASILIA;Sim;Suicídio (presumido);1;Atropelamento de Pedestre;Com Vítimas Feridas;Plena Noite;Decrescente;Céu Claro;Dupla;Reta;Sim  ;"0         ";"0";NA/NA;"0         ";Pedestre;Lesões Graves;"33   ";Feminino;"0 ";"0    ";"1    ";"0    ";-15.8979390;-48.1130560;SPRF-DF;DEL03-DF;UOP01-DEL03-DF 
582896;"1297680   ";2024-02-23;sexta-feira;23:24:00;GO;"40   ";"2,9  ";VALPARAISO DE GOIAS;Sim;Ausência de reação do condutor;1;Colisão com objeto;Sem Vítimas;Plena Noite;Crescente;Céu Claro;Dupla;Reta;Sim  ;"1039422   ";Automóvel;FORD/KA SEL 1.5 SD;"2016      ";Condutor;Ileso;"35   ";Masculino;"1 ";"0    ";"0    ";"0    ";-16.0671290;-47.9842350;SPRF-DF;DEL01-DF;UOP01-DEL01-DF 
582931;"1297706   ";2024-02-24;sábado;06:45:00;DF;"20   ";"9    ";BRASILIA;Sim;Reação tardia ou ineficiente do condutor;1;Queda de ocupante de veículo;Com Vítimas Feridas;Pleno dia;Crescente;Nublado;Dupla;Reta;Sim  ;"1039446   ";Motocicleta;YAMAHA/FZ25 FAZER;"2021      ";Condutor;Lesões Leves;"27   ";Masculino;"0 ";"1    ";"0    ";"0    ";-15.6546710;-47.7829170;SPRF-DF;DEL02-DF;UOP01-DEL02-DF 
583010;"1298007   ";2024-02-24;sábado;14:10:00;DF;"60   ";"24   ";BRASILIA;Sim;Reação tardia ou ineficiente do condutor;3;Colisão com objeto;Com Vítimas Feridas;Pleno dia;Crescente;Nublado;Dupla;"Declive;Reta";Não  ;"1039704   ";Automóvel;VW/FOX CONNECT MB;"2019      ";Passageiro;Lesões Graves;"25   ";Feminino;"0 ";"0    ";"1    ";"0    ";-15.9918070;-48.2320670;SPRF-DF;DEL03-DF;UOP01-DEL03-DF 