id;pesid;data_inversa;dia_semana;horario;uf;br;km;municipio;causa_principal;causa_acidente;ordem_tipo_acidente;tipo_acidente;classificacao_acidente;fase_dia;sentido_via;condicao_metereologica;tipo_pista;tracado_via;uso_solo;id_veiculo;tipo_veiculo;marca;ano_fabricacao_veiculo;tipo_envolvido;estado_fisico;idade;sexo;ilesos;feridos_leves;feridos_graves;mortos;latitude;longitude;regional;delegacia;uop
583010;"1298006   ";2024-02-24;sábado;14:10:00;DF;"60   ";"24   ";BRASILIA;Sim;Reação tardia ou ineficiente do condutor;3;Colisão com objeto;Com Vítimas Feridas;Pleno dia;Crescente;Nublado;Dupla;"Declive;Reta";Não  ;"1039704   ";Automóvel;VW/FOX CONNECT MB;"2019      ";Condutor;Lesões Graves;"26   ";Masculino;"0 ";"0    ";"1    ";"0    ";-15.9918070;-48.2320670;SPRF-DF;DEL03-DF;UOP01-DEL03-DF 
583010;"1298007   ";2024-02-24;sábado;14:10:00;DF;"60   ";"24   ";BRASILIA;Sim;Reação tardia ou ineficiente do condutor;2;Capotamento;Com Vítimas Feridas;Pleno dia;Crescente;Nublado;Dupla;"Declive;Reta";Não  ;"1039704   ";Automóvel;VW/FOX CONNECT MB;"2019      ";Passageiro;Lesões Graves;"25   ";Feminino;"0 ";"0    ";"1    ";"0    ";-15.9918070;-48.2320670;SPRF-DF;DEL03-DF;UOP01-DEL03-DF 
583010;"1298006   ";2024-02-24;sábado;14:10:00;DF;"60   ";"24   ";BRASILIA;Sim;Reação tardia ou ineficiente do condutor;2;Capotamento;Com Vítimas Feridas;Pleno dia;Crescente;Nublado;Dupla;"Declive;Reta";Não  ;"1039704   ";Automóvel;VW/FOX CONNECT MB;"2019      ";Condutor;Lesões Graves;"26   ";Masculino;"0 ";"0    ";"1    ";"0    ";-15.9918070;-48.2320670;SPRF-DF;DEL03-DF;UOP01-DEL03-DF 
583010;"1298007   ";2024-02-24;sábado;14:10:00;DF;"60   ";"24   ";BRASILIA;Sim;Reação tardia ou ineficiente do condutor;1;Saída de leito carroçável;Com Vítimas Feridas;Pleno dia;Crescente;Nublado;Dupla;"Declive;Reta";Não  ;"1039704   ";Automóvel;VW/FOX CONNECT MB;"2019      ";Passageiro;Lesões Graves;"25   ";Feminino;"0 ";"0    ";"1    ";"0    ";-15.9918070;-48.2320670;SPRF-DF;DEL03-DF;UOP01-DEL03-DF 
583010;"1298006   ";2024-02-24;sábado;14:10:00;DF;"60   ";"24   ";BRASILIA;Sim;Reação tardia ou ineficiente do condutor;1;Saída de leito carroçável;Com Vítimas Feridas;Pleno dia;Crescente;Nublado;Dupla;"Declive;Reta";Não  ;"1039704   ";Automóvel;VW/FOX CONNECT MB;"2019      ";Condutor;Lesões Graves;"26   ";Masculino;"0 ";"0    ";"1    ";"0    ";-15.9918070;-48.2320670;SPRF-DF;DEL03-DF;UOP01-DEL03-DF 
583019;"1297915   ";2024-02-24;sábado;14:30:00;GO;"414  ";"338,6";COCALZINHO DE GOIAS;Sim;Mal súbito do condutor;2;Colisão com objeto;Com Vítimas Feridas;Pleno dia;Crescente;Céu Claro;Simples;Reta;Não  ;"1039624   ";Caminhão-trator;SCANIA/G 380 A4X2;"2009      ";Condutor;Lesões Graves;"52   ";Masculino;"0 ";"0    ";"1    ";"0    ";-15.5809930;-48.6286620;SPRF-GO;DEL02-GO;UOP01-DEL02-GO 
583019;"0         ";2024-02-24;sábado;14:30:00;GO;"414  ";"338,6";COCALZINHO DE GOIAS;Sim;Mal súbito do condutor;2;Colisão com objeto;Com Vítimas Feridas;Pleno dia;Crescente;Céu Claro;Simples;Reta;Não  ;"1039625   ";Semireboque;SR/GOTTI SRTQL2E 095D;"2005      ";"0";"0";"0    ";"0";"0 ";"0    ";"0    ";"0    ";-15.5809930;-48.6286620;SPRF-GO;DEL02-GO;UOP01-DEL02-GO 
583019;"0         ";2024-02-24;sábado;14:30:00;GO;"414  ";"338,6";COCALZINHO DE GOIAS;Sim;Mal súbito do condutor;2;Colisão com objeto;Com Vítimas Feridas;Pleno dia;Crescente;Céu Claro;Simples;Reta;Não  ;"1039626   ";Semireboque;SR/GOTTI SRTQL2E 092;"2005      ";"0";"0";"0    ";"0";"0 ";"0    ";"0    ";"0    ";-15.5809930;-48.6286620;SPRF-GO;DEL02-GO;UOP01-DEL02-GO 
583019;"1297915   ";2024-02-24;sábado;14:30:00;GO;"414  ";"338,6";COCALZINHO DE GOIAS;Sim;Mal súbito do condutor;1;Saída de leito carroçável;Com Vítimas Feridas;Pleno dia;Crescente;Céu Claro;Simples;Reta;Não  ;"1039624   ";Caminhão-trator;SCANIA/G 380 A4X2;"2009      ";Condutor;Lesões Graves;"52   ";Masculino;"0 ";"0    ";"1    ";"0    ";-15.5809930;-48.6286620;SPRF-GO;DEL02-GO;UOP01-DEL02-GO 
583019;"0         ";2024-02-24;sábado;14:30:00;GO;"414  ";"338,6";COCALZINHO DE GOIAS;Sim;Mal súbito do condutor;1;Saída de leito carroçável;Com Vítimas Feridas;Pleno dia;Crescente;Céu Claro;Simples;Reta;Não  ;"1039625   ";Semireboque;SR/GOTTI SRTQL2E 095D;"2005      ";"0";"0";"0    ";"0";"0 ";"0    ";"0    ";"0    ";-15.5809930;-48.6286620;SPRF-GO;DEL02-GO;UOP01-DEL02-GO 
583019;"0         ";2024-02-24;sábado;14:30:00;GO;"414  ";"338,6";COCALZINHO DE GOIAS;Sim;Mal súbito do condutor;1;Saída de leito carroçável;Com Vítimas Feridas;Pleno dia;Crescente;Céu Claro;Simples;Reta;Não  ;"1039626   ";Semireboque;SR/GOTTI SRTQL2E 092;"2005      ";"0";"0";"0    ";"0";"0 ";"0    ";"0    ";"0    ";-15.5809930;-48.6286620;SPRF-GO;DEL02-GO;UOP01-DEL02-GO 
583028;"1298236   ";2024-02-24;sábado;16:30:00;GO;"40   ";"10   ";LUZIANIA;Sim;Acessar a via sem observar a presença dos outros veículos;1;Colisão lateral mesmo sentido;Com Vítimas Feridas;Pleno dia;Crescente;Céu Claro;Dupla;Reta;Sim  ;"1039878   ";Motocicleta;HONDA/CB 300R;"2009      ";Condutor;Lesões Leves;"24   ";Masculino;"0 ";"1    ";"0    ";"0    ";-16.1304991;-47.9582298;SPRF-DF;DEL01-DF;UOP01-DEL01-DF 
583028;"1298239   ";2024-02-24;sábado;16:30:00;GO;"40   ";"10   ";LUZIANIA;Sim;Acessar a via sem observar a presença dos outros veículos;1;Colisão lateral mesmo sentido;Com Vítimas Feridas;Pleno dia;Crescente;Céu Claro;Dupla;Reta;Sim  ;"1039880   ";Caminhonete;RENAULT/MASTER FUR L1H1;"2021      ";Condutor;Ileso;"52   ";Masculino;"1 ";"0    ";"0    ";"0    ";-16.1304991;-47.9582298;SPRF-DF;DEL01-DF;UOP01-DEL01-DF 
583033;"1297928   ";2024-02-24;sábado;16:51:00;DF;"40   ";"7    ";BRASILIA;Sim;Reação tardia ou ineficiente do condutor;1;Colisão traseira;Com Vítimas Feridas;Pleno dia;Crescente;Céu Claro;Dupla;Reta;Sim  ;"1039633   ";Automóvel;I/FORD FUSION;"2007      ";Condutor;Ileso;"35   ";Feminino;"1 ";"0    ";"0    ";"0    ";-16.0386660;-47.9796910;SPRF-DF;DEL01-DF;UOP01-DEL01-DF 
583033;"1297932   ";2024-02-24;sábado;16:51:00;DF;"40   ";"7    ";BRASILIA;Sim;Reação tardia ou ineficiente do condutor;1;Colisão traseira;Com Vítimas Feridas;Pleno dia;Crescente;Céu Claro;Dupla;Reta;Sim  ;"1039634   ";Motocicleta;HONDA/CB250F TWISTER A S;"2021      ";Condutor;Lesões Leves;"37   ";Masculino;"0 ";"1    ";"0    ";"0    ";-16.0386660;-47.9796910;SPRF-DF;DEL01-DF;UOP01-DEL01-DF 
583046;"1298060   ";2024-02-24;sábado;15:10:00;GO;"60   ";"29   ";ALEXANIA;Sim;Reação tardia ou ineficiente do condutor;2;Saída de leito carroçável;Com Vítimas Feridas;Pleno dia;Decrescente;Chuva;Dupla;Reta;Não  ;"1039734   ";Caminhão;VW/24.220 EURO3 WORKER;"2007      ";Condutor;Ileso;"30   ";Masculino;"1 ";"0    ";"0    ";"0    ";-16.0963000;-48.5202000;SPRF-DF;DEL03-DF;UOP01-DEL03-DF 
583046;"1298059   ";2024-02-24;sábado;15:10:00;GO;"60   ";"29   ";ALEXANIA;Sim;Reação tardia ou ineficiente do condutor;2;Saída de leito carroçável;Com Vítimas Feridas;Pleno dia;Decrescente;Chuva;Dupla;Reta;Não  ;"1039730   ";Automóvel;CHEV/ONIX PLUS 10TAT LTZ;"2020      ";Passageiro;Ileso;"27   ";Masculino;"1 ";"0    ";"0    ";"0    ";-16.0963000;-48.5202000;SPRF-DF;DEL03-DF;UOP01-DEL03-DF 
583046;"1298050   ";2024-02-24;sábado;15:10:00;GO;"60   ";"29   ";ALEXANIA;Sim;Reação tardia ou ineficiente do condutor;2;Saída de leito carroçável;Com Vítimas Feridas;Pleno dia;Decrescente;Chuva;Dupla;Reta;Não  ;"1039730   ";Automóvel;CHEV/ONIX PLUS 10TAT LTZ;"2020      ";Condutor;Ileso;"43   ";Masculino;"1 ";"0    ";"0    ";"0    ";-16.0963000;-48.5202000;SPRF-DF;DEL03-DF;UOP01-DEL03-DF 
583046;"1298058   ";2024-02-24;sábado;15:10:00;GO;"60   ";"29   ";ALEXANIA;Sim;Reação tardia ou ineficiente do condutor;2;Saída de leito carroçável;Com Vítimas Feridas;Pleno dia;Decrescente;Chuva;Dupla;Reta;Não  ;"1039730   ";Automóvel;CHEV/ONIX PLUS 10TAT LTZ;"2020      ";Passageiro;Ileso;"42   ";Masculino;"1 ";"0    ";"0    ";"0    ";-16.0963000;-48.5202000;SPRF-DF;DEL03-DF;UOP01-DEL03-DF 
583046;"1298054   ";2024-02-24;sábado;15:10:00;GO;"60   ";"29   ";ALEXANIA;Sim;Reação tardia ou ineficiente do condutor;2;Saída de leito carroçável;Com Vítimas Feridas;Pleno dia;Decrescente;Chuva;Dupla;Reta;Não  ;"1039730   ";Automóvel;CHEV/ONIX PLUS 10TAT LTZ;"2020      ";Passageiro;Lesões Leves;"27   ";Feminino;"0 ";"1    ";"0    ";"0    ";-16.0963000;-48.5202000;SPRF-DF;DEL03-DF;UOP01-DEL03-DF 
583046;"1298057   ";2024-02-24;sábado;15:10:00;GO;"60   ";"29   ";ALEXANIA;Sim;Reação tardia ou ineficiente do condutor;2;Saída de leito carroçável;Com Vítimas Feridas;Pleno dia;Decrescente;Chuva;Dupla;Reta;Não  ;"1039730   ";Automóvel;CHEV/ONIX PLUS 10TAT LTZ;"2020      ";Passageiro;Lesões Leves;"11   ";Masculino;"0 ";"1    ";"0    ";"0    ";-16.0963000;-48.5202000;SPRF-DF;DEL03-DF;UOP01-DEL03-DF 
583046;"1298060   ";2024-02-24;sábado;15:10:00;GO;"60   ";"29   ";ALEXANIA;Sim;Reação tardia ou ineficiente do condutor;1;Colisão traseira;Com Vítimas Feridas;Pleno dia;Decrescente;Chuva;Dupla;Reta;Não  ;"1039734   ";Caminhão;VW/24.220 EURO3 WORKER;"2007      ";Condutor;Ileso;"30   ";Masculino;"1 ";"0    ";"0    ";"0    ";-16.0963000;-48.5202000;SPRF-DF;DEL03-DF;UOP01-DEL03-DF 
583046;"1298059   ";2024-02-24;sábado;15:10:00;GO;"60   ";"29   ";ALEXANIA;Sim;Reação tardia ou ineficiente do condutor;1;Colisão traseira;Com Vítimas Feridas;Pleno dia;Decrescente;Chuva;Dupla;Reta;Não  ;"1039730   ";Automóvel;CHEV/ONIX PLUS 10TAT LTZ;"2020      ";Passageiro;Ileso;"27   ";Masculino;"1 ";"0    ";"0    ";"0    ";-16.0963000;-48.5202000;SPRF-DF;DEL03-DF;UOP01-DEL03-DF 
583046;"1298050   ";2024-02-24;sábado;15:10:00;GO;"60   ";"29   ";ALEXANIA;Sim;Reação tardia ou ineficiente do condutor;1;Colisão traseira;Com Vítimas Feridas;Pleno dia;Decrescente;Chuva;Dupla;Reta;Não  ;"1039730   ";Automóvel;CHEV/ONIX PLUS 10TAT LTZ;"2020      ";Condutor;Ileso;"43   ";Masculino;"1 ";"0    ";"0    ";"0    ";-16.0963000;-48.5202000;SPRF-DF;DEL03-DF;UOP01-DEL03-DF 
583046;"1298058   ";2024-02-24;sábado;15:10:00;GO;"60   ";"29   ";ALEXANIA;Sim;Reação tardia ou ineficiente do condutor;1;Colisão traseira;Com Vítimas Feridas;Pleno dia;Decrescente;Chuva;Dupla;Reta;Não  ;"1039730   ";Automóvel;CHEV/ONIX PLUS 10TAT LTZ;"2020      ";Passageiro;Ileso;"42   ";Masculino;"1 ";"0    ";"0    ";"0    ";-16.0963000;-48.5202000;SPRF-DF;DEL03-DF;UOP01-DEL03-DF 
583046;"1298054   ";2024-02-24;sábado;15:10:00;GO;"60   ";"29   ";ALEXANIA;Sim;Reação tardia ou ineficiente do condutor;1;Colisão traseira;Com Vítimas Feridas;Pleno dia;Decrescente;Chuva;Dupla;Reta;Não  ;"1039730   ";Automóvel;CHEV/ONIX PLUS 10TAT LTZ;"2020      ";Passageiro;Lesões Leves;"27   ";Feminino;"0 ";"1    ";"0    ";"0    ";-16.0963000;-48.5202000;SPRF-DF;DEL03-DF;UOP01-DEL03-DF 
583046;"1298057   ";2024-02-24;sábado;15:10:00;GO;"60   ";"29   ";ALEXANIA;Sim;Reação tardia ou ineficiente do condutor;1;Colisão traseira;Com Vítimas Feridas;Pleno dia;Decrescente;Chuva;Dupla;Reta;Não  ;"1039730   ";Automóvel;CHEV/ONIX PLUS 10TAT LTZ;"2020      ";Passageiro;Lesões Leves;"11   ";Masculino;"0 ";"1    ";"0    ";"0    ";-16.0963000;-48.5202000;SPRF-DF;DEL03-DF;UOP01-DEL03-DF 
583047;"1299910   ";2024-02-24;sábado;17:40:00;DF;"70   ";"19   ";BRASILIA;Sim;Manobra de mudança de faixa;2;Queda de ocupante de veículo;Com Vítimas Feridas;Pleno dia;Crescente;Céu Claro;Dupla;Declive;Não  ;"1039679   ";Motocicleta;YAMAHA/FZ25 FAZER;"2019      ";Passageiro;Lesões Leves;"38   ";Masculino;"0 ";"1    ";"0    ";"0    ";-15.7888680;-48.2202420;SPRF-DF;DEL03-DF;UOP02-DEL03-DF 
583047;"1299909   ";2024-02-24;sábado;17:40:00;DF;"70   ";"19   ";BRASILIA;Sim;Manobra de mudança de faixa;2;Queda de ocupante de veículo;Com Vítimas Feridas;Pleno dia;Crescente;Céu Claro;Dupla;Declive;Não  ;"1039679   ";Motocicleta;YAMAHA/FZ25 FAZER;"2019      ";Condutor;Lesões Leves;"47   ";Masculino;"0 ";"1    ";"0    ";"0    ";-15.7888680;-48.2202420;SPRF-DF;DEL03-DF;UOP02-DEL03-DF 
583047;"1297970   ";2024-02-24;sábado;17:40:00;DF;"70   ";"19   ";BRASILIA;Sim;Manobra de mudança de faixa;2;Queda de ocupante de veículo;Com Vítimas Feridas;Pleno dia;Crescente;Céu Claro;Dupla;Declive;Não  ;"1039678   ";Automóvel;FORD/FIESTA SEDAN1.6FLEX;"2011      ";Condutor;Ileso;"44   ";Feminino;"1 ";"0    ";"0    ";"0    ";-15.7888680;-48.2202420;SPRF-DF;DEL03-DF;UOP02-DEL03-DF 
583047;"1299910   ";2024-02-24;sábado;17:40:00;DF;"70   ";"19   ";BRASILIA;Sim;Manobra de mudança de faixa;1;Colisão traseira;Com Vítimas Feridas;Pleno dia;Crescente;Céu Claro;Dupla;Declive;Não  ;"1039679   ";Motocicleta;YAMAHA/FZ25 FAZER;"2019      ";Passageiro;Lesões Leves;"38   ";Masculino;"0 ";"1    ";"0    ";"0    ";-15.7888680;-48.2202420;SPRF-DF;DEL03-DF;UOP02-DEL03-DF 
583047;"1299909   ";2024-02-24;sábado;17:40:00;DF;"70   ";"19   ";BRASILIA;Sim;Manobra de mudança de faixa;1;Colisão traseira;Com Vítimas Feridas;Pleno dia;Crescente;Céu Claro;Dupla;Declive;Não  ;"1039679   ";Motocicleta;YAMAHA/FZ25 FAZER;"2019      ";Condutor;Lesões Leves;"47   ";Masculino;"0 ";"1    ";"0    ";"0    ";-15.7888680;-48.2202420;SPRF-DF;DEL03-DF;UOP02-DEL03-DF 
583047;"1297970   ";2024-02-24;sábado;17:40:00;DF;"70   ";"19   ";BRASILIA;Sim;Manobra de mudança de faixa;1;Colisão traseira;Com Vítimas Feridas;Pleno dia;Crescente;Céu Claro;Dupla;Declive;Não  ;"1039678   ";Automóvel;FORD/FIESTA SEDAN1.6FLEX;"2011      ";Condutor;Ileso;"44   ";Feminino;"1 ";"0    ";"0    ";"0    ";-15.7888680;-48.2202420;SPRF-DF;DEL03-DF;UOP02-DEL03-DF 
583120;"1298230   ";2024-02-24;sábado;22:50:00;DF;"60   ";"5    ";BRASILIA;Não;Ingestão de álcool pelo condutor;5;Saída de leito carroçável;Sem Vítimas;Plena Noite;Crescente;Nublado;Dupla;Reta;Sim  ;"1039873   ";Automóvel;I/NISSAN TIIDA 18SL FLEX;"2008      ";Passageiro;Ileso;"87   ";Masculino;"1 ";"0    ";"0    ";"0    ";-15.8954380;-48.1047710;SPRF-DF;DEL03-DF;UOP01-DEL03-DF 
583120;"1298229   ";2024-02-24;sábado;22:50:00;DF;"60   ";"5    ";BRASILIA;Não;Ingestão de álcool pelo condutor;5;Saída de leito carroçável;Sem Vítimas;Plena Noite;Crescente;Nublado;Dupla;Reta;Sim  ;"1039873   ";Automóvel;I/NISSAN TIIDA 18SL FLEX;"2008      ";Passageiro;Ileso;"53   ";Feminino;"1 ";"0    ";"0    ";"0    ";-15.8954380;-48.1047710;SPRF-DF;DEL03-DF;UOP01-DEL03-DF 
583120;"1298231   ";2024-02-24;sábado;22:50:00;DF;"60   ";"5    ";BRASILIA;Não;Ingestão de álcool pelo condutor;5;Saída de leito carroçável;Sem Vítimas;Plena Noite;Crescente;Nublado;Dupla;Reta;Sim  ;"1039873   ";Automóvel;I/NISSAN TIIDA 18SL FLEX;"2008      ";Passageiro;Ileso;"84   ";Feminino;"1 ";"0    ";"0    ";"0    ";-15.8954380;-48.1047710;SPRF-DF;DEL03-DF;UOP01-DEL03-DF 
583120;"1298226   ";2024-02-24;sábado;22:50:00;DF;"60   ";"5    ";BRASILIA;Não;Ingestão de álcool pelo condutor;5;Saída de leito carroçável;Sem Vítimas;Plena Noite;Crescente;Nublado;Dupla;Reta;Sim  ;"1039873   ";Automóvel;I/NISSAN TIIDA 18SL FLEX;"2008      ";Condutor;Ileso;"54   ";Masculino;"1 ";"0    ";"0    ";"0    ";-15.8954380;-48.1047710;SPRF-DF;DEL03-DF;UOP01-DEL03-DF 
583120;"1298228   ";2024-02-24;sábado;22:50:00;DF;"60   ";"5    ";BRASILIA;Não;Ingestão de álcool pelo condutor;5;Saída de leito carroçável;Sem Vítimas;Plena Noite;Crescente;Nublado;Dupla;Reta;Sim  ;"1039871   ";Automóvel;CHEVROLET/CLASSIC LS;"2011      ";Passageiro;Ileso;"32   ";Feminino;"1 ";"0    ";"0    ";"0    ";-15.8954380;-48.1047710;SPRF-DF;DEL03-DF;UOP01-DEL03-DF 
583120;"1298225   ";2024-02-24;sábado;22:50:00;DF;"60   ";"5    ";BRASILIA;Não;Ingestão de álcool pelo condutor;5;Saída de leito carroçável;Sem Vítimas;Plena Noite;Crescente;Nublado;Dupla;Reta;Sim  ;"1039871   ";Automóvel;CHEVROLET/CLASSIC LS;"2011      ";Condutor;Ileso;"47   ";Masculino;"1 ";"0    ";"0    ";"0    ";-15.8954380;-48.1047710;SPRF-DF;DEL03-DF;UOP01-DEL03-DF 
583120;"1298230   ";2024-02-24;sábado;22:50:00;DF;"60   ";"5    ";BRASILIA;Não;Reação tardia ou ineficiente do condutor;5;Saída de leito carroçável;Sem Vítimas;Plena Noite;Crescente;Nublado;Dupla;Reta;Sim  ;"1039873   ";Automóvel;I/NISSAN TIIDA 18SL FLEX;"2008      ";Passageiro;Ileso;"87   ";Masculino;"1 ";"0    ";"0    ";"0    ";-15.8954380;-48.1047710;SPRF-DF;DEL03-DF;UOP01-DEL03-DF 
583120;"1298229   ";2024-02-24;sábado;22:50:00;DF;"60   ";"5    ";BRASILIA;Não;Reação tardia ou ineficiente do condutor;5;Saída de leito carroçável;Sem Vítimas;Plena Noite;Crescente;Nublado;Dupla;Reta;Sim  ;"1039873   ";Automóvel;I/NISSAN TIIDA 18SL FLEX;"2008      ";Passageiro;Ileso;"53   ";Feminino;"1 ";"0    ";"0    ";"0    ";-15.8954380;-48.1047710;SPRF-DF;DEL03-DF;UOP01-DEL03-DF 
583120;"1298231   ";2024-02-24;sábado;22:50:00;DF;"60   ";"5    ";BRASILIA;Não;Reação tardia ou ineficiente do condutor;5;Saída de leito carroçável;Sem Vítimas;Plena Noite;Crescente;Nublado;Dupla;Reta;Sim  ;"1039873   ";Automóvel;I/NISSAN TIIDA 18SL FLEX;"2008      ";Passageiro;Ileso;"84   ";Feminino;"1 ";"0    ";"0    ";"0    ";-15.8954380;-48.1047710;SPRF-DF;DEL03-DF;UOP01-DEL03-DF 
583120;"1298226   ";2024-02-24;sábado;22:50:00;DF;"60   ";"5    ";BRASILIA;Não;Reação tardia ou ineficiente do condutor;5;Saída de leito carroçável;Sem Vítimas;Plena Noite;Crescente;Nublado;Dupla;Reta;Sim  ;"1039873   ";Automóvel;I/NISSAN TIIDA 18SL FLEX;"2008      ";Condutor;Ileso;"54   ";Masculino;"1 ";"0    ";"0    ";"0    ";-15.8954380;-48.1047710;SPRF-DF;DEL03-DF;UOP01-DEL03-DF 
583120;"1298228   ";2024-02-24;sábado;22:50:00;DF;"60   ";"5    ";BRASILIA;Não;Reação tardia ou ineficiente do condutor;5;Saída de leito carroçável;Sem Vítimas;Plena Noite;Crescente;Nublado;Dupla;Reta;Sim  ;"1039871   ";Automóvel;CHEVROLET/CLASSIC LS;"2011      ";Passageiro;Ileso;"32   ";Feminino;"1 ";"0    ";"0    ";"0    ";-15.8954380;-48.1047710;SPRF-DF;DEL03-DF;UOP01-DEL03-DF 
583120;"1298225   ";2024-02-24;sábado;22:50:00;DF;"60   ";"5    ";BRASILIA;Não;Reação tardia ou ineficiente do condutor;5;Saída de leito carroçável;Sem Vítimas;Plena Noite;Crescente;Nublado;Dupla;Reta;Sim  ;"1039871   ";Automóvel;CHEVROLET/CLASSIC LS;"2011      ";Condutor;Ileso;"47   ";Masculino;"1 ";"0    ";"0    ";"0    ";-15.8954380;-48.1047710;SPRF-DF;DEL03-DF;UOP01-DEL03-DF 
583120;"1298230   ";2024-02-24;sábado;22:50:00;DF;"60   ";"5    ";BRASILIA;Sim;Manobra de mudança de faixa;5;Saída de leito carroçável;Sem Vítimas;Plena Noite;Crescente;Nublado;Dupla;Reta;Sim  ;"1039873   ";Automóvel;I/NISSAN TIIDA 18SL FLEX;"2008      ";Passageiro;Ileso;"87   ";Masculino;"1 ";"0    ";"0    ";"0    ";-15.8954380;-48.1047710;SPRF-DF;DEL03-DF;UOP01-DEL03-DF 
583120;"1298229   ";2024-02-24;sábado;22:50:00;DF;"60   ";"5    ";BRASILIA;Sim;Manobra de mudança de faixa;5;Saída de leito carroçável;Sem Vítimas;Plena Noite;Crescente;Nublado;Dupla;Reta;Sim  ;"1039873   ";Automóvel;I/NISSAN TIIDA 18SL FLEX;"2008      ";Passageiro;Ileso;"53   ";Feminino;"1 ";"0    ";"0    ";"0    ";-15.8954380;-48.1047710;SPRF-DF;DEL03-DF;UOP01-DEL03-DF 
583120;"1298231   ";2024-02-24;sábado;22:50:00;DF;"60   ";"5    ";BRASILIA;Sim;Manobra de mudança de faixa;5;Saída de leito carroçável;Sem Vítimas;Plena Noite;Crescente;Nublado;Dupla;Reta;Sim  ;"1039873   ";Automóvel;I/NISSAN TIIDA 18SL FLEX;"2008      ";Passageiro;Ileso;"84   ";Feminino;"1 ";"0    ";"0    ";"0    ";-15.8954380;-48.1047710;SPRF-DF;DEL03-DF;UOP01-DEL03-DF 
583120;"1298226   ";2024-02-24;sábado;22:50:00;DF;"60   ";"5    ";BRASILIA;Sim;Manobra de mudança de faixa;5;Saída de leito carroçável;Sem Vítimas;Plena Noite;Crescente;Nublado;Dupla;Reta;Sim  ;"1039873   ";Automóvel;I/NISSAN TIIDA 18SL FLEX;"2008      ";Condutor;Ileso;"54   ";Masculino;"1 ";"0    ";"0    ";"0    ";-15.8954380;-48.1047710;SPRF-DF;DEL03-DF;UOP01-DEL03-DF 
583120;"1298228   ";2024-02-24;sábado;22:50:00;DF;"60   ";"5    ";BRASILIA;Sim;Manobra de mudança de faixa;5;Saída de leito carroçável;Sem Vítimas;Plena Noite;Crescente;Nublado;Dupla;Reta;Sim  ;"1039871   ";Automóvel;CHEVROLET/CLASSIC LS;"2011      ";Passageiro;Ileso;"32   ";Feminino;"1 ";"0    ";"0    ";"0    ";-15.8954380;-48.1047710;SPRF-DF;DEL03-DF;UOP01-DEL03-DF 
583120;"1298225   ";2024-02-24;sábado;22:50:00;DF;"60   ";"5    ";BRASILIA;Sim;Manobra de mudança de faixa;5;Saída de leito carroçável;Sem Vítimas;Plena Noite;Crescente;Nublado;Dupla;Reta;Sim  ;"1039871   ";Automóvel;CHEVROLET/CLASSIC LS;"2011      ";Condutor;Ileso;"47   ";Masculino;"1 ";"0    ";"0    ";"0    ";-15.8954380;-48.1047710;SPRF-DF;DEL03-DF;UOP01-DEL03-DF 
583120;"1298230   ";2024-02-24;sábado;22:50:00;DF;"60   ";"5    ";BRASILIA;Não;Ingestão de álcool pelo condutor;4;Colisão com objeto;Sem Vítimas;Plena Noite;Crescente;Nublado;Dupla;Reta;Sim  ;"1039873   ";Automóvel;I/NISSAN TIIDA 18SL FLEX;"2008      ";Passageiro;Ileso;"87   ";Masculino;"1 ";"0    ";"0    ";"0    ";-15.8954380;-48.1047710;SPRF-DF;DEL03-DF;UOP01-DEL03-DF 
583120;"1298229   ";2024-02-24;sábado;22:50:00;DF;"60   ";"5    ";BRASILIA;Não;Ingestão de álcool pelo condutor;4;Colisão com objeto;Sem Vítimas;Plena Noite;Crescente;Nublado;Dupla;Reta;Sim  ;"1039873   ";Automóvel;I/NISSAN TIIDA 18SL FLEX;"2008      ";Passageiro;Ileso;"53   ";Feminino;"1 ";"0    ";"0    ";"0    ";-15.8954380;-48.1047710;SPRF-DF;DEL03-DF;UOP01-DEL03-DF 
583120;"1298231   ";2024-02-24;sábado;22:50:00;DF;"60   ";"5    ";BRASILIA;Não;Ingestão de álcool pelo condutor;4;Colisão com objeto;Sem Vítimas;Plena Noite;Crescente;Nublado;Dupla;Reta;Sim  ;"1039873   ";Automóvel;I/NISSAN TIIDA 18SL FLEX;"2008      ";Passageiro;Ileso;"84   ";Feminino;"1 ";"0    ";"0    ";"0    ";-15.8954380;-48.1047710;SPRF-DF;DEL03-DF;UOP01-DEL03-DF 
583120;"1298226   ";2024-02-24;sábado;22:50:00;DF;"60   ";"5    ";BRASILIA;Não;Ingestão de álcool pelo condutor;4;Colisão com objeto;Sem Vítimas;Plena Noite;Crescente;Nublado;Dupla;Reta;Sim  ;"1039873   ";Automóvel;I/NISSAN TIIDA 18SL FLEX;"2008      ";Condutor;Ileso;"54   ";Masculino;"1 ";"0    ";"0    ";"0    ";-15.8954380;-48.1047710;SPRF-DF;DEL03-DF;UOP01-DEL03-DF 
583120;"1298228   ";2024-02-24;sábado;22:50:00;DF;"60   ";"5    ";BRASILIA;Não;Ingestão de álcool pelo condutor;4;Colisão com objeto;Sem Vítimas;Plena Noite;Crescente;Nublado;Dupla;Reta;Sim  ;"1039871   ";Automóvel;CHEVROLET/CLASSIC LS;"2011      ";Passageiro;Ileso;"32   ";Feminino;"1 ";"0    ";"0    ";"0    ";-15.8954380;-48.1047710;SPRF-DF;DEL03-DF;UOP01-DEL03-DF 