id;pesid;data_inversa;dia_semana;horario;uf;br;km;municipio;causa_principal;causa_acidente;ordem_tipo_acidente;tipo_acidente;classificacao_acidente;fase_dia;sentido_via;condicao_metereologica;tipo_pista;tracado_via;uso_solo;id_veiculo;tipo_veiculo;marca;ano_fabricacao_veiculo;tipo_envolvido;estado_fisico;idade;sexo;ilesos;feridos_leves;feridos_graves;mortos;latitude;longitude;regional;delegacia;uop
583120;"1298225   ";2024-02-24;sábado;22:50:00;DF;"60   ";"5    ";BRASILIA;Não;Ingestão de álcool pelo condutor;4;Colisão com objeto;Sem Vítimas;Plena Noite;Crescente;Nublado;Dupla;Reta;Sim  ;"1039871   ";Automóvel;CHEVROLET/CLASSIC LS;"2011      ";Condutor;Ileso;"47   ";Masculino;"1 ";"0    ";"0    ";"0    ";-15.8954380;-48.1047710;SPRF-DF;DEL03-DF;UOP01-DEL03-DF 
583120;"1298230   ";2024-02-24;sábado;22:50:00;DF;"60   ";"5    ";BRASILIA;Não;Reação tardia ou ineficiente do condutor;4;Colisão com objeto;Sem Vítimas;Plena Noite;Crescente;Nublado;Dupla;Reta;Sim  ;"1039873   ";Automóvel;I/NISSAN TIIDA 18SL FLEX;"2008      ";Passageiro;Ileso;"87   ";Masculino;"1 ";"0    ";"0    ";"0    ";-15.8954380;-48.1047710;SPRF-DF;DEL03-DF;UOP01-DEL03-DF 
583120;"1298229   ";2024-02-24;sábado;22:50:00;DF;"60   ";"5    ";BRASILIA;Não;Reação tardia ou ineficiente do condutor;4;Colisão com objeto;Sem Vítimas;Plena Noite;Crescente;Nublado;Dupla;Reta;Sim  ;"1039873   ";Automóvel;I/NISSAN TIIDA 18SL FLEX;"2008      ";Passageiro;Ileso;"53   ";Feminino;"1 ";"0    ";"0    ";"0    ";-15.8954380;-48.1047710;SPRF-DF;DEL03-DF;UOP01-DEL03-DF 
583120;"1298231   ";2024-02-24;sábado;22:50:00;DF;"60   ";"5    ";BRASILIA;Não;Reação tardia ou ineficiente do condutor;4;Colisão com objeto;Sem Vítimas;Plena Noite;Crescente;Nublado;Dupla;Reta;Sim  ;"1039873   ";Automóvel;I/NISSAN TIIDA 18SL FLEX;"2008      ";Passageiro;Ileso;"84   ";Feminino;"1 ";"0    ";"0    ";"0    ";-15.8954380;-48.1047710;SPRF-DF;DEL03-DF;UOP01-DEL03-DF 
583120;"1298226   ";2024-02-24;sábado;22:50:00;DF;"60   ";"5    ";BRASILIA;Não;Reação tardia ou ineficiente do condutor;4;Colisão com objeto;Sem Vítimas;Plena Noite;Crescente;Nublado;Dupla;Reta;Sim  ;"1039873   ";Automóvel;I/NISSAN TIIDA 18SL FLEX;"2008      ";Condutor;Ileso;"54   ";Masculino;"1 ";"0    ";"0    ";"0    ";-15.8954380;-48.1047710;SPRF-DF;DEL03-DF;UOP01-DEL03-DF 
583120;"1298228   ";2024-02-24;sábado;22:50:00;DF;"60   ";"5    ";BRASILIA;Não;Reação tardia ou ineficiente do condutor;4;Colisão com objeto;Sem Vítimas;Plena Noite;Crescente;Nublado;Dupla;Reta;Sim  ;"1039871   ";Automóvel;CHEVROLET/CLASSIC LS;"2011      ";Passageiro;Ileso;"32   ";Feminino;"1 ";"0    ";"0    ";"0    ";-15.8954380;-48.1047710;SPRF-DF;DEL03-DF;UOP01-DEL03-DF 
583120;"1298225   ";2024-02-24;sábado;22:50:00;DF;"60   ";"5    ";BRASILIA;Não;Reação tardia ou ineficiente do condutor;4;Colisão com objeto;Sem Vítimas;Plena Noite;Crescente;Nublado;Dupla;Reta;Sim  ;"1039871   ";Automóvel;CHEVROLET/CLASSIC LS;"2011      ";Condutor;Ileso;"47   ";Masculino;"1 ";"0    ";"0    ";"0    ";-15.8954380;-48.1047710;SPRF-DF;DEL03-DF;UOP01-DEL03-DF 
583120;"1298230   ";2024-02-24;sábado;22:50:00;DF;"60   ";"5    ";BRASILIA;Sim;Manobra de mudança de faixa;4;Colisão com objeto;Sem Vítimas;Plena Noite;Crescente;Nublado;Dupla;Reta;Sim  ;"1039873   ";Automóvel;I/NISSAN TIIDA 18SL FLEX;"2008      ";Passageiro;Ileso;"87   ";Masculino;"1 ";"0    ";"0    ";"0    ";-15.8954380;-48.1047710;SPRF-DF;DEL03-DF;UOP01-DEL03-DF 
583120;"1298229   ";2024-02-24;sábado;22:50:00;DF;"60   ";"5    ";BRASILIA;Sim;Manobra de mudança de faixa;4;Colisão com objeto;Sem Vítimas;Plena Noite;Crescente;Nublado;Dupla;Reta;Sim  ;"1039873   ";Automóvel;I/NISSAN TIIDA 18SL FLEX;"2008      ";Passageiro;Ileso;"53   ";Feminino;"1 ";"0    ";"0    ";"0    ";-15.8954380;-48.1047710;SPRF-DF;DEL03-DF;UOP01-DEL03-DF 
583120;"1298231   ";2024-02-24;sábado;22:50:00;DF;"60   ";"5    ";BRASILIA;Sim;Manobra de mudança de faixa;4;Colisão com objeto;Sem Vítimas;Plena Noite;Crescente;Nublado;Dupla;Reta;Sim  ;"1039873   ";Automóvel;I/NISSAN TIIDA 18SL FLEX;"2008      ";Passageiro;Ileso;"84   ";Feminino;"1 ";"0    ";"0    ";"0    ";-15.8954380;-48.1047710;SPRF-DF;DEL03-DF;UOP01-DEL03-DF 
583120;"1298226   ";2024-02-24;sábado;22:50:00;DF;"60   ";"5    ";BRASILIA;Sim;Manobra de mudança de faixa;4;Colisão com objeto;Sem Vítimas;Plena Noite;Crescente;Nublado;Dupla;Reta;Sim  ;"1039873   ";Automóvel;I/NISSAN TIIDA 18SL FLEX;"2008      ";Condutor;Ileso;"54   ";Masculino;"1 ";"0    ";"0    ";"0    ";-15.8954380;-48.1047710;SPRF-DF;DEL03-DF;UOP01-DEL03-DF 
583120;"1298228   ";2024-02-24;sábado;22:50:00;DF;"60   ";"5    ";BRASILIA;Sim;Manobra de mudança de faixa;4;Colisão com objeto;Sem Vítimas;Plena Noite;Crescente;Nublado;Dupla;Reta;Sim  ;"1039871   ";Automóvel;CHEVROLET/CLASSIC LS;"2011      ";Passageiro;Ileso;"32   ";Feminino;"1 ";"0    ";"0    ";"0    ";-15.8954380;-48.1047710;SPRF-DF;DEL03-DF;UOP01-DEL03-DF 
583120;"1298225   ";2024-02-24;sábado;22:50:00;DF;"60   ";"5    ";BRASILIA;Sim;Manobra de mudança de faixa;4;Colisão com objeto;Sem Vítimas;Plena Noite;Crescente;Nublado;Dupla;Reta;Sim  ;"1039871   ";Automóvel;CHEVROLET/CLASSIC LS;"2011      ";Condutor;Ileso;"47   ";Masculino;"1 ";"0    ";"0    ";"0    ";-15.8954380;-48.1047710;SPRF-DF;DEL03-DF;UOP01-DEL03-DF 
583120;"1298230   ";2024-02-24;sábado;22:50:00;DF;"60   ";"5    ";BRASILIA;Não;Ingestão de álcool pelo condutor;3;Saída de leito carroçável;Sem Vítimas;Plena Noite;Crescente;Nublado;Dupla;Reta;Sim  ;"1039873   ";Automóvel;I/NISSAN TIIDA 18SL FLEX;"2008      ";Passageiro;Ileso;"87   ";Masculino;"1 ";"0    ";"0    ";"0    ";-15.8954380;-48.1047710;SPRF-DF;DEL03-DF;UOP01-DEL03-DF 
583120;"1298229   ";2024-02-24;sábado;22:50:00;DF;"60   ";"5    ";BRASILIA;Não;Ingestão de álcool pelo condutor;3;Saída de leito carroçável;Sem Vítimas;Plena Noite;Crescente;Nublado;Dupla;Reta;Sim  ;"1039873   ";Automóvel;I/NISSAN TIIDA 18SL FLEX;"2008      ";Passageiro;Ileso;"53   ";Feminino;"1 ";"0    ";"0    ";"0    ";-15.8954380;-48.1047710;SPRF-DF;DEL03-DF;UOP01-DEL03-DF 
583120;"1298231   ";2024-02-24;sábado;22:50:00;DF;"60   ";"5    ";BRASILIA;Não;Ingestão de álcool pelo condutor;3;Saída de leito carroçável;Sem Vítimas;Plena Noite;Crescente;Nublado;Dupla;Reta;Sim  ;"1039873   ";Automóvel;I/NISSAN TIIDA 18SL FLEX;"2008      ";Passageiro;Ileso;"84   ";Feminino;"1 ";"0    ";"0    ";"0    ";-15.8954380;-48.1047710;SPRF-DF;DEL03-DF;UOP01-DEL03-DF 
583120;"1298226   ";2024-02-24;sábado;22:50:00;DF;"60   ";"5    ";BRASILIA;Não;Ingestão de álcool pelo condutor;3;Saída de leito carroçável;Sem Vítimas;Plena Noite;Crescente;Nublado;Dupla;Reta;Sim  ;"1039873   ";Automóvel;I/NISSAN TIIDA 18SL FLEX;"2008      ";Condutor;Ileso;"54   ";Masculino;"1 ";"0    ";"0    ";"0    ";-15.8954380;-48.1047710;SPRF-DF;DEL03-DF;UOP01-DEL03-DF 
583120;"1298228   ";2024-02-24;sábado;22:50:00;DF;"60   ";"5    ";BRASILIA;Não;Ingestão de álcool pelo condutor;3;Saída de leito carroçável;Sem Vítimas;Plena Noite;Crescente;Nublado;Dupla;Reta;Sim  ;"1039871   ";Automóvel;CHEVROLET/CLASSIC LS;"2011      ";Passageiro;Ileso;"32   ";Feminino;"1 ";"0    ";"0    ";"0    ";-15.8954380;-48.1047710;SPRF-DF;DEL03-DF;UOP01-DEL03-DF 
583120;"1298225   ";2024-02-24;sábado;22:50:00;DF;"60   ";"5    ";BRASILIA;Não;Ingestão de álcool pelo condutor;3;Saída de leito carroçável;Sem Vítimas;Plena Noite;Crescente;Nublado;Dupla;Reta;Sim  ;"1039871   ";Automóvel;CHEVROLET/CLASSIC LS;"2011      ";Condutor;Ileso;"47   ";Masculino;"1 ";"0    ";"0    ";"0    ";-15.8954380;-48.1047710;SPRF-DF;DEL03-DF;UOP01-DEL03-DF 
583120;"1298230   ";2024-02-24;sábado;22:50:00;DF;"60   ";"5    ";BRASILIA;Não;Reação tardia ou ineficiente do condutor;3;Saída de leito carroçável;Sem Vítimas;Plena Noite;Crescente;Nublado;Dupla;Reta;Sim  ;"1039873   ";Automóvel;I/NISSAN TIIDA 18SL FLEX;"2008      ";Passageiro;Ileso;"87   ";Masculino;"1 ";"0    ";"0    ";"0    ";-15.8954380;-48.1047710;SPRF-DF;DEL03-DF;UOP01-DEL03-DF 
583120;"1298229   ";2024-02-24;sábado;22:50:00;DF;"60   ";"5    ";BRASILIA;Não;Reação tardia ou ineficiente do condutor;3;Saída de leito carroçável;Sem Vítimas;Plena Noite;Crescente;Nublado;Dupla;Reta;Sim  ;"1039873   ";Automóvel;I/NISSAN TIIDA 18SL FLEX;"2008      ";Passageiro;Ileso;"53   ";Feminino;"1 ";"0    ";"0    ";"0    ";-15.8954380;-48.1047710;SPRF-DF;DEL03-DF;UOP01-DEL03-DF 
583120;"1298231   ";2024-02-24;sábado;22:50:00;DF;"60   ";"5    ";BRASILIA;Não;Reação tardia ou ineficiente do condutor;3;Saída de leito carroçável;Sem Vítimas;Plena Noite;Crescente;Nublado;Dupla;Reta;Sim  ;"1039873   ";Automóvel;I/NISSAN TIIDA 18SL FLEX;"2008      ";Passageiro;Ileso;"84   ";Feminino;"1 ";"0    ";"0    ";"0    ";-15.8954380;-48.1047710;SPRF-DF;DEL03-DF;UOP01-DEL03-DF 
583120;"1298226   ";2024-02-24;sábado;22:50:00;DF;"60   ";"5    ";BRASILIA;Não;Reação tardia ou ineficiente do condutor;3;Saída de leito carroçável;Sem Vítimas;Plena Noite;Crescente;Nublado;Dupla;Reta;Sim  ;"1039873   ";Automóvel;I/NISSAN TIIDA 18SL FLEX;"2008      ";Condutor;Ileso;"54   ";Masculino;"1 ";"0    ";"0    ";"0    ";-15.8954380;-48.1047710;SPRF-DF;DEL03-DF;UOP01-DEL03-DF 
583120;"1298228   ";2024-02-24;sábado;22:50:00;DF;"60   ";"5    ";BRASILIA;Não;Reação tardia ou ineficiente do condutor;3;Saída de leito carroçável;Sem Vítimas;Plena Noite;Crescente;Nublado;Dupla;Reta;Sim  ;"1039871   ";Automóvel;CHEVROLET/CLASSIC LS;"2011      ";Passageiro;Ileso;"32   ";Feminino;"1 ";"0    ";"0    ";"0    ";-15.8954380;-48.1047710;SPRF-DF;DEL03-DF;UOP01-DEL03-DF 
583120;"1298225   ";2024-02-24;sábado;22:50:00;DF;"60   ";"5    ";BRASILIA;Não;Reação tardia ou ineficiente do condutor;3;Saída de leito carroçável;Sem Vítimas;Plena Noite;Crescente;Nublado;Dupla;Reta;Sim  ;"1039871   ";Automóvel;CHEVROLET/CLASSIC LS;"2011      ";Condutor;Ileso;"47   ";Masculino;"1 ";"0    ";"0    ";"0    ";-15.8954380;-48.1047710;SPRF-DF;DEL03-DF;UOP01-DEL03-DF 
583120;"1298230   ";2024-02-24;sábado;22:50:00;DF;"60   ";"5    ";BRASILIA;Sim;Manobra de mudança de faixa;3;Saída de leito carroçável;Sem Vítimas;Plena Noite;Crescente;Nublado;Dupla;Reta;Sim  ;"1039873   ";Automóvel;I/NISSAN TIIDA 18SL FLEX;"2008      ";Passageiro;Ileso;"87   ";Masculino;"1 ";"0    ";"0    ";"0    ";-15.8954380;-48.1047710;SPRF-DF;DEL03-DF;UOP01-DEL03-DF 
583120;"1298229   ";2024-02-24;sábado;22:50:00;DF;"60   ";"5    ";BRASILIA;Sim;Manobra de mudança de faixa;3;Saída de leito carroçável;Sem Vítimas;Plena Noite;Crescente;Nublado;Dupla;Reta;Sim  ;"1039873   ";Automóvel;I/NISSAN TIIDA 18SL FLEX;"2008      ";Passageiro;Ileso;"53   ";Feminino;"1 ";"0    ";"0    ";"0    ";-15.8954380;-48.1047710;SPRF-DF;DEL03-DF;UOP01-DEL03-DF 
583120;"1298231   ";2024-02-24;sábado;22:50:00;DF;"60   ";"5    ";BRASILIA;Sim;Manobra de mudança de faixa;3;Saída de leito carroçável;Sem Vítimas;Plena Noite;Crescente;Nublado;Dupla;Reta;Sim  ;"1039873   ";Automóvel;I/NISSAN TIIDA 18SL FLEX;"2008      ";Passageiro;Ileso;"84   ";Feminino;"1 ";"0    ";"0    ";"0    ";-15.8954380;-48.1047710;SPRF-DF;DEL03-DF;UOP01-DEL03-DF 
583120;"1298226   ";2024-02-24;sábado;22:50:00;DF;"60   ";"5    ";BRASILIA;Sim;Manobra de mudança de faixa;3;Saída de leito carroçável;Sem Vítimas;Plena Noite;Crescente;Nublado;Dupla;Reta;Sim  ;"1039873   ";Automóvel;I/NISSAN TIIDA 18SL FLEX;"2008      ";Condutor;Ileso;"54   ";Masculino;"1 ";"0    ";"0    ";"0    ";-15.8954380;-48.1047710;SPRF-DF;DEL03-DF;UOP01-DEL03-DF 
583120;"1298228   ";2024-02-24;sábado;22:50:00;DF;"60   ";"5    ";BRASILIA;Sim;Manobra de mudança de faixa;3;Saída de leito carroçável;Sem Vítimas;Plena Noite;Crescente;Nublado;Dupla;Reta;Sim  ;"1039871   ";Automóvel;CHEVROLET/CLASSIC LS;"2011      ";Passageiro;Ileso;"32   ";Feminino;"1 ";"0    ";"0    ";"0    ";-15.8954380;-48.1047710;SPRF-DF;DEL03-DF;UOP01-DEL03-DF 
583120;"1298225   ";2024-02-24;sábado;22:50:00;DF;"60   ";"5    ";BRASILIA;Sim;Manobra de mudança de faixa;3;Saída de leito carroçável;Sem Vítimas;Plena Noite;Crescente;Nublado;Dupla;Reta;Sim  ;"1039871   ";Automóvel;CHEVROLET/CLASSIC LS;"2011      ";Condutor;Ileso;"47   ";Masculino;"1 ";"0    ";"0    ";"0    ";-15.8954380;-48.1047710;SPRF-DF;DEL03-DF;UOP01-DEL03-DF 
583120;"1298230   ";2024-02-24;sábado;22:50:00;DF;"60   ";"5    ";BRASILIA;Não;Ingestão de álcool pelo condutor;2;Colisão com objeto;Sem Vítimas;Plena Noite;Crescente;Nublado;Dupla;Reta;Sim  ;"1039873   ";Automóvel;I/NISSAN TIIDA 18SL FLEX;"2008      ";Passageiro;Ileso;"87   ";Masculino;"1 ";"0    ";"0    ";"0    ";-15.8954380;-48.1047710;SPRF-DF;DEL03-DF;UOP01-DEL03-DF 
583120;"1298229   ";2024-02-24;sábado;22:50:00;DF;"60   ";"5    ";BRASILIA;Não;Ingestão de álcool pelo condutor;2;Colisão com objeto;Sem Vítimas;Plena Noite;Crescente;Nublado;Dupla;Reta;Sim  ;"1039873   ";Automóvel;I/NISSAN TIIDA 18SL FLEX;"2008      ";Passageiro;Ileso;"53   ";Feminino;"1 ";"0    ";"0    ";"0    ";-15.8954380;-48.1047710;SPRF-DF;DEL03-DF;UOP01-DEL03-DF 
583120;"1298231   ";2024-02-24;sábado;22:50:00;DF;"60   ";"5    ";BRASILIA;Não;Ingestão de álcool pelo condutor;2;Colisão com objeto;Sem Vítimas;Plena Noite;Crescente;Nublado;Dupla;Reta;Sim  ;"1039873   ";Automóvel;I/NISSAN TIIDA 18SL FLEX;"2008      ";Passageiro;Ileso;"84   ";Feminino;"1 ";"0    ";"0    ";"0    ";-15.8954380;-48.1047710;SPRF-DF;DEL03-DF;UOP01-DEL03-DF 
583120;"1298226   ";2024-02-24;sábado;22:50:00;DF;"60   ";"5    ";BRASILIA;Não;Ingestão de álcool pelo condutor;2;Colisão com objeto;Sem Vítimas;Plena Noite;Crescente;Nublado;Dupla;Reta;Sim  ;"1039873   ";Automóvel;I/NISSAN TIIDA 18SL FLEX;"2008      ";Condutor;Ileso;"54   ";Masculino;"1 ";"0    ";"0    ";"0    ";-15.8954380;-48.1047710;SPRF-DF;DEL03-DF;UOP01-DEL03-DF 
583120;"1298228   ";2024-02-24;sábado;22:50:00;DF;"60   ";"5    ";BRASILIA;Não;Ingestão de álcool pelo condutor;2;Colisão com objeto;Sem Vítimas;Plena Noite;Crescente;Nublado;Dupla;Reta;Sim  ;"1039871   ";Automóvel;CHEVROLET/CLASSIC LS;"2011      ";Passageiro;Ileso;"32   ";Feminino;"1 ";"0    ";"0    ";"0    ";-15.8954380;-48.1047710;SPRF-DF;DEL03-DF;UOP01-DEL03-DF 
583120;"1298225   ";2024-02-24;sábado;22:50:00;DF;"60   ";"5    ";BRASILIA;Não;Ingestão de álcool pelo condutor;2;Colisão com objeto;Sem Vítimas;Plena Noite;Crescente;Nublado;Dupla;Reta;Sim  ;"1039871   ";Automóvel;CHEVROLET/CLASSIC LS;"2011      ";Condutor;Ileso;"47   ";Masculino;"1 ";"0    ";"0    ";"0    ";-15.8954380;-48.1047710;SPRF-DF;DEL03-DF;UOP01-DEL03-DF 
583120;"1298230   ";2024-02-24;sábado;22:50:00;DF;"60   ";"5    ";BRASILIA;Não;Reação tardia ou ineficiente do condutor;2;Colisão com objeto;Sem Vítimas;Plena Noite;Crescente;Nublado;Dupla;Reta;Sim  ;"1039873   ";Automóvel;I/NISSAN TIIDA 18SL FLEX;"2008      ";Passageiro;Ileso;"87   ";Masculino;"1 ";"0    ";"0    ";"0    ";-15.8954380;-48.1047710;SPRF-DF;DEL03-DF;UOP01-DEL03-DF 
583120;"1298229   ";2024-02-24;sábado;22:50:00;DF;"60   ";"5    ";BRASILIA;Não;Reação tardia ou ineficiente do condutor;2;Colisão com objeto;Sem Vítimas;Plena Noite;Crescente;Nublado;Dupla;Reta;Sim  ;"1039873   ";Automóvel;I/NISSAN TIIDA 18SL FLEX;"2008      ";Passageiro;Ileso;"53   ";Feminino;"1 ";"0    ";"0    ";"0    ";-15.8954380;-48.1047710;SPRF-DF;DEL03-DF;UOP01-DEL03-DF 
583120;"1298231   ";2024-02-24;sábado;22:50:00;DF;"60   ";"5    ";BRASILIA;Não;Reação tardia ou ineficiente do condutor;2;Colisão com objeto;Sem Vítimas;Plena Noite;Crescente;Nublado;Dupla;Reta;Sim  ;"1039873   ";Automóvel;I/NISSAN TIIDA 18SL FLEX;"2008      ";Passageiro;Ileso;"84   ";Feminino;"1 ";"0    ";"0    ";"0    ";-15.8954380;-48.1047710;SPRF-DF;DEL03-DF;UOP01-DEL03-DF 
583120;"1298226   ";2024-02-24;sábado;22:50:00;DF;"60   ";"5    ";BRASILIA;Não;Reação tardia ou ineficiente do condutor;2;Colisão com objeto;Sem Vítimas;Plena Noite;Crescente;Nublado;Dupla;Reta;Sim  ;"1039873   ";Automóvel;I/NISSAN TIIDA 18SL FLEX;"2008      ";Condutor;Ileso;"54   ";Masculino;"1 ";"0    ";"0    ";"0    ";-15.8954380;-48.1047710;SPRF-DF;DEL03-DF;UOP01-DEL03-DF 
583120;"1298228   ";2024-02-24;sábado;22:50:00;DF;"60   ";"5    ";BRASILIA;Não;Reação tardia ou ineficiente do condutor;2;Colisão com objeto;Sem Vítimas;Plena Noite;Crescente;Nublado;Dupla;Reta;Sim  ;"1039871   ";Automóvel;CHEVROLET/CLASSIC LS;"2011      ";Passageiro;Ileso;"32   ";Feminino;"1 ";"0    ";"0    ";"0    ";-15.8954380;-48.1047710;SPRF-DF;DEL03-DF;UOP01-DEL03-DF 
583120;"1298225   ";2024-02-24;sábado;22:50:00;DF;"60   ";"5    ";BRASILIA;Não;Reação tardia ou ineficiente do condutor;2;Colisão com objeto;Sem Vítimas;Plena Noite;Crescente;Nublado;Dupla;Reta;Sim  ;"1039871   ";Automóvel;CHEVROLET/CLASSIC LS;"2011      ";Condutor;Ileso;"47   ";Masculino;"1 ";"0    ";"0    ";"0    ";-15.8954380;-48.1047710;SPRF-DF;DEL03-DF;UOP01-DEL03-DF 
583120;"1298230   ";2024-02-24;sábado;22:50:00;DF;"60   ";"5    ";BRASILIA;Sim;Manobra de mudança de faixa;2;Colisão com objeto;Sem Vítimas;Plena Noite;Crescente;Nublado;Dupla;Reta;Sim  ;"1039873   ";Automóvel;I/NISSAN TIIDA 18SL FLEX;"2008      ";Passageiro;Ileso;"87   ";Masculino;"1 ";"0    ";"0    ";"0    ";-15.8954380;-48.1047710;SPRF-DF;DEL03-DF;UOP01-DEL03-DF 
583120;"1298229   ";2024-02-24;sábado;22:50:00;DF;"60   ";"5    ";BRASILIA;Sim;Manobra de mudança de faixa;2;Colisão com objeto;Sem Vítimas;Plena Noite;Crescente;Nublado;Dupla;Reta;Sim  ;"1039873   ";Automóvel;I/NISSAN TIIDA 18SL FLEX;"2008      ";Passageiro;Ileso;"53   ";Feminino;"1 ";"0    ";"0    ";"0    ";-15.8954380;-48.1047710;SPRF-DF;DEL03-DF;UOP01-DEL03-DF 
583120;"1298231   ";2024-02-24;sábado;22:50:00;DF;"60   ";"5    ";BRASILIA;Sim;Manobra de mudança de faixa;2;Colisão com objeto;Sem Vítimas;Plena Noite;Crescente;Nublado;Dupla;Reta;Sim  ;"1039873   ";Automóvel;I/NISSAN TIIDA 18SL FLEX;"2008      ";Passageiro;Ileso;"84   ";Feminino;"1 ";"0    ";"0    ";"0    ";-15.8954380;-48.1047710;SPRF-DF;DEL03-DF;UOP01-DEL03-DF 
583120;"1298226   ";2024-02-24;sábado;22:50:00;DF;"60   ";"5    ";BRASILIA;Sim;Manobra de mudança de faixa;2;Colisão com objeto;Sem Vítimas;Plena Noite;Crescente;Nublado;Dupla;Reta;Sim  ;"1039873   ";Automóvel;I/NISSAN TIIDA 18SL FLEX;"2008      ";Condutor;Ileso;"54   ";Masculino;"1 ";"0    ";"0    ";"0    ";-15.8954380;-48.1047710;SPRF-DF;DEL03-DF;UOP01-DEL03-DF 
583120;"1298228   ";2024-02-24;sábado;22:50:00;DF;"60   ";"5    ";BRASILIA;Sim;Manobra de mudança de faixa;2;Colisão com objeto;Sem Vítimas;Plena Noite;Crescente;Nublado;Dupla;Reta;Sim  ;"1039871   ";Automóvel;CHEVROLET/CLASSIC LS;"2011      ";Passageiro;Ileso;"32   ";Feminino;"1 ";"0    ";"0    ";"0    ";-15.8954380;-48.1047710;SPRF-DF;DEL03-DF;UOP01-DEL03-DF 
583120;"1298225   ";2024-02-24;sábado;22:50:00;DF;"60   ";"5    ";BRASILIA;Sim;Manobra de mudança de faixa;2;Colisão com objeto;Sem Vítimas;Plena Noite;Crescente;Nublado;Dupla;Reta;Sim  ;"1039871   ";Automóvel;CHEVROLET/CLASSIC LS;"2011      ";Condutor;Ileso;"47   ";Masculino;"1 ";"0    ";"0    ";"0    ";-15.8954380;-48.1047710;SPRF-DF;DEL03-DF;UOP01-DEL03-DF 
583120;"1298230   ";2024-02-24;sábado;22:50:00;DF;"60   ";"5    ";BRASILIA;Não;Ingestão de álcool pelo condutor;1;Colisão lateral mesmo sentido;Sem Vítimas;Plena Noite;Crescente;Nublado;Dupla;Reta;Sim  ;"1039873   ";Automóvel;I/NISSAN TIIDA 18SL FLEX;"2008      ";Passageiro;Ileso;"87   ";Masculino;"1 ";"0    ";"0    ";"0    ";-15.8954380;-48.1047710;SPRF-DF;DEL03-DF;UOP01-DEL03-DF 
583120;"1298229   ";2024-02-24;sábado;22:50:00;DF;"60   ";"5    ";BRASILIA;Não;Ingestão de álcool pelo condutor;1;Colisão lateral mesmo sentido;Sem Vítimas;Plena Noite;Crescente;Nublado;Dupla;Reta;Sim  ;"1039873   ";Automóvel;I/NISSAN TIIDA 18SL FLEX;"2008      ";Passageiro;Ileso;"53   ";Feminino;"1 ";"0    ";"0    ";"0    ";-15.8954380;-48.1047710;SPRF-DF;DEL03-DF;UOP01-DEL03-DF 
583120;"1298231   ";2024-02-24;sábado;22:50:00;DF;"60   ";"5    ";BRASILIA;Não;Ingestão de álcool pelo condutor;1;Colisão lateral mesmo sentido;Sem Vítimas;Plena Noite;Crescente;Nublado;Dupla;Reta;Sim  ;"1039873   ";Automóvel;I/NISSAN TIIDA 18SL FLEX;"2008      ";Passageiro;Ileso;"84   ";Feminino;"1 ";"0    ";"0    ";"0    ";-15.8954380;-48.1047710;SPRF-DF;DEL03-DF;UOP01-DEL03-DF 
583120;"1298226   ";2024-02-24;sábado;22:50:00;DF;"60   ";"5    ";BRASILIA;Não;Ingestão de álcool pelo condutor;1;Colisão lateral mesmo sentido;Sem Vítimas;Plena Noite;Crescente;Nublado;Dupla;Reta;Sim  ;"1039873   ";Automóvel;I/NISSAN TIIDA 18SL FLEX;"2008      ";Condutor;Ileso;"54   ";Masculino;"1 ";"0    ";"0    ";"0    ";-15.8954380;-48.1047710;SPRF-DF;DEL03-DF;UOP01-DEL03-DF 
583120;"1298228   ";2024-02-24;sábado;22:50:00;DF;"60   ";"5    ";BRASILIA;Não;Ingestão de álcool pelo condutor;1;Colisão lateral mesmo sentido;Sem Vítimas;Plena Noite;Crescente;Nublado;Dupla;Reta;Sim  ;"1039871   ";Automóvel;CHEVROLET/CLASSIC LS;"2011      ";Passageiro;Ileso;"32   ";Feminino;"1 ";"0    ";"0    ";"0    ";-15.8954380;-48.1047710;SPRF-DF;DEL03-DF;UOP01-DEL03-DF 
583120;"1298225   ";2024-02-24;sábado;22:50:00;DF;"60   ";"5    ";BRASILIA;Não;Ingestão de álcool pelo condutor;1;Colisão lateral mesmo sentido;Sem Vítimas;Plena Noite;Crescente;Nublado;Dupla;Reta;Sim  ;"1039871   ";Automóvel;CHEVROLET/CLASSIC LS;"2011      ";Condutor;Ileso;"47   ";Masculino;"1 ";"0    ";"0    ";"0    ";-15.8954380;-48.1047710;SPRF-DF;DEL03-DF;UOP01-DEL03-DF 
583120;"1298230   ";2024-02-24;sábado;22:50:00;DF;"60   ";"5    ";BRASILIA;Não;Reação tardia ou ineficiente do condutor;1;Colisão lateral mesmo sentido;Sem Vítimas;Plena Noite;Crescente;Nublado;Dupla;Reta;Sim  ;"1039873   ";Automóvel;I/NISSAN TIIDA 18SL FLEX;"2008      ";Passageiro;Ileso;"87   ";Masculino;"1 ";"0    ";"0    ";"0    ";-15.8954380;-48.1047710;SPRF-DF;DEL03-DF;UOP01-DEL03-DF 
583120;"1298229   ";2024-02-24;sábado;22:50:00;DF;"60   ";"5    ";BRASILIA;Não;Reação tardia ou ineficiente do condutor;1;Colisão lateral mesmo sentido;Sem Vítimas;Plena Noite;Crescente;Nublado;Dupla;Reta;Sim  ;"1039873   ";Automóvel;I/NISSAN TIIDA 18SL FLEX;"2008      ";Passageiro;Ileso;"53   ";Feminino;"1 ";"0    ";"0    ";"0    ";-15.8954380;-48.1047710;SPRF-DF;DEL03-DF;UOP01-DEL03-DF 
583120;"1298231   ";2024-02-24;sábado;22:50:00;DF;"60   ";"5    ";BRASILIA;Não;Reação tardia ou ineficiente do condutor;1;Colisão lateral mesmo sentido;Sem Vítimas;Plena Noite;Crescente;Nublado;Dupla;Reta;Sim  ;"1039873   ";Automóvel;I/NISSAN TIIDA 18SL FLEX;"2008      ";Passageiro;Ileso;"84   ";Feminino;"1 ";"0    ";"0    ";"0    ";-15.8954380;-48.1047710;SPRF-DF;DEL03-DF;UOP01-DEL03-DF 