id;pesid;data_inversa;dia_semana;horario;uf;br;km;municipio;causa_principal;causa_acidente;ordem_tipo_acidente;tipo_acidente;classificacao_acidente;fase_dia;sentido_via;condicao_metereologica;tipo_pista;tracado_via;uso_solo;id_veiculo;tipo_veiculo;marca;ano_fabricacao_veiculo;tipo_envolvido;estado_fisico;idade;sexo;ilesos;feridos_leves;feridos_graves;mortos;latitude;longitude;regional;delegacia;uop
583120;"1298226   ";2024-02-24;sábado;22:50:00;DF;"60   ";"5    ";BRASILIA;Não;Reação tardia ou ineficiente do condutor;1;Colisão lateral mesmo sentido;Sem Vítimas;Plena Noite;Crescente;Nublado;Dupla;Reta;Sim  ;"1039873   ";Automóvel;I/NISSAN TIIDA 18SL FLEX;"2008      ";Condutor;Ileso;"54   ";Masculino;"1 ";"0    ";"0    ";"0    ";-15.8954380;-48.1047710;SPRF-DF;DEL03-DF;UOP01-DEL03-DF 
583120;"1298228   ";2024-02-24;sábado;22:50:00;DF;"60   ";"5    ";BRASILIA;Não;Reação tardia ou ineficiente do condutor;1;Colisão lateral mesmo sentido;Sem Vítimas;Plena Noite;Crescente;Nublado;Dupla;Reta;Sim  ;"1039871   ";Automóvel;CHEVROLET/CLASSIC LS;"2011      ";Passageiro;Ileso;"32   ";Feminino;"1 ";"0    ";"0    ";"0    ";-15.8954380;-48.1047710;SPRF-DF;DEL03-DF;UOP01-DEL03-DF 
583120;"1298225   ";2024-02-24;sábado;22:50:00;DF;"60   ";"5    ";BRASILIA;Não;Reação tardia ou ineficiente do condutor;1;Colisão lateral mesmo sentido;Sem Vítimas;Plena Noite;Crescente;Nublado;Dupla;Reta;Sim  ;"1039871   ";Automóvel;CHEVROLET/CLASSIC LS;"2011      ";Condutor;Ileso;"47   ";Masculino;"1 ";"0    ";"0    ";"0    ";-15.8954380;-48.1047710;SPRF-DF;DEL03-DF;UOP01-DEL03-DF 
583120;"1298230   ";2024-02-24;sábado;22:50:00;DF;"60   ";"5    ";BRASILIA;Sim;Manobra de mudança de faixa;1;Colisão lateral mesmo sentido;Sem Vítimas;Plena Noite;Crescente;Nublado;Dupla;Reta;Sim  ;"1039873   ";Automóvel;I/NISSAN TIIDA 18SL FLEX;"2008      ";Passageiro;Ileso;"87   ";Masculino;"1 ";"0    ";"0    ";"0    ";-15.8954380;-48.1047710;SPRF-DF;DEL03-DF;UOP01-DEL03-DF 
583120;"1298229   ";2024-02-24;sábado;22:50:00;DF;"60   ";"5    ";BRASILIA;Sim;Manobra de mudança de faixa;1;Colisão lateral mesmo sentido;Sem Vítimas;Plena Noite;Crescente;Nublado;Dupla;Reta;Sim  ;"1039873   ";Automóvel;I/NISSAN TIIDA 18SL FLEX;"2008      ";Passageiro;Ileso;"53   ";Feminino;"1 ";"0    ";"0    ";"0    ";-15.8954380;-48.1047710;SPRF-DF;DEL03-DF;UOP01-DEL03-DF 
583120;"1298231   ";2024-02-24;sábado;22:50:00;DF;"60   ";"5    ";BRASILIA;Sim;Manobra de mudança de faixa;1;Colisão lateral mesmo sentido;Sem Vítimas;Plena Noite;Crescente;Nublado;Dupla;Reta;Sim  ;"1039873   ";Automóvel;I/NISSAN TIIDA 18SL FLEX;"2008      ";Passageiro;Ileso;"84   ";Feminino;"1 ";"0    ";"0    ";"0    ";-15.8954380;-48.1047710;SPRF-DF;DEL03-DF;UOP01-DEL03-DF 
583120;"1298226   ";2024-02-24;sábado;22:50:00;DF;"60   ";"5    ";BRASILIA;Sim;Manobra de mudança de faixa;1;Colisão lateral mesmo sentido;Sem Vítimas;Plena Noite;Crescente;Nublado;Dupla;Reta;Sim  ;"1039873   ";Automóvel;I/NISSAN TIIDA 18SL FLEX;"2008      ";Condutor;Ileso;"54   ";Masculino;"1 ";"0    ";"0    ";"0    ";-15.8954380;-48.1047710;SPRF-DF;DEL03-DF;UOP01-DEL03-DF 
583120;"1298228   ";2024-02-24;sábado;22:50:00;DF;"60   ";"5    ";BRASILIA;Sim;Manobra de mudança de faixa;1;Colisão lateral mesmo sentido;Sem Vítimas;Plena Noite;Crescente;Nublado;Dupla;Reta;Sim  ;"1039871   ";Automóvel;CHEVROLET/CLASSIC LS;"2011      ";Passageiro;Ileso;"32   ";Feminino;"1 ";"0    ";"0    ";"0    ";-15.8954380;-48.1047710;SPRF-DF;DEL03-DF;UOP01-DEL03-DF 
583120;"1298225   ";2024-02-24;sábado;22:50:00;DF;"60   ";"5    ";BRASILIA;Sim;Manobra de mudança de faixa;1;Colisão lateral mesmo sentido;Sem Vítimas;Plena Noite;Crescente;Nublado;Dupla;Reta;Sim  ;"1039871   ";Automóvel;CHEVROLET/CLASSIC LS;"2011      ";Condutor;Ileso;"47   ";Masculino;"1 ";"0    ";"0    ";"0    ";-15.8954380;-48.1047710;SPRF-DF;DEL03-DF;UOP01-DEL03-DF 
583136;"1298148   ";2024-02-25;domingo;01:30:00;GO;"40   ";"1,8  ";VALPARAISO DE GOIAS;Sim;Ingestão de álcool pelo condutor;1;Capotamento;Sem Vítimas;Plena Noite;Decrescente;Céu Claro;Dupla;Reta;Sim  ;"1039802   ";Automóvel;VW/GOL 1.0 GIV;"2010      ";Condutor;Ileso;"29   ";Masculino;"1 ";"0    ";"0    ";"0    ";-16.0582450;-47.9828250;SPRF-DF;DEL01-DF;UOP01-DEL01-DF 
583221;"1298373   ";2024-02-25;domingo;13:10:00;GO;"60   ";"27   ";ALEXANIA;Sim;Reação tardia ou ineficiente do condutor;1;Capotamento;Sem Vítimas;Pleno dia;Decrescente;Céu Claro;Dupla;"Declive;Curva";Não  ;"1039982   ";Reboque;R/SEIVA S 1;"2007      ";Condutor;Não Informado;"0    ";Não Informado;"0 ";"0    ";"0    ";"0    ";-16.0963000;-48.5202000;SPRF-DF;DEL03-DF;UOP01-DEL03-DF 
583228;"1298324   ";2024-02-25;domingo;13:00:00;GO;"20   ";"22   ";FORMOSA;Sim;Ausência de reação do condutor;1;Queda de ocupante de veículo;Com Vítimas Feridas;Pleno dia;Crescente;Céu Claro;Simples;Reta;Não  ;"1039951   ";Motoneta;YAMAHA/FLUO 125;"2022      ";Condutor;Lesões Leves;"53   ";Masculino;"0 ";"1    ";"0    ";"0    ";-15.5456560;-47.1605000;SPRF-DF;DEL02-DF;UOP02-DEL02-DF 
583333;"1298519   ";2024-02-25;domingo;19:10:00;GO;"80   ";"34   ";PADRE BERNARDO;Sim;Transitar no Acostamento;1;Colisão traseira;Com Vítimas Feridas;Plena Noite;Crescente;Céu Claro;Simples;Reta;Não  ;"1040093   ";Motocicleta;YAMAHA/YBR 125ED;"2002      ";Condutor;Lesões Leves;"29   ";Masculino;"0 ";"1    ";"0    ";"0    ";-15.2721530;-48.2622390;SPRF-DF;DEL03-DF;UOP02-DEL03-DF 
583333;"1298522   ";2024-02-25;domingo;19:10:00;GO;"80   ";"34   ";PADRE BERNARDO;Sim;Transitar no Acostamento;1;Colisão traseira;Com Vítimas Feridas;Plena Noite;Crescente;Céu Claro;Simples;Reta;Não  ;"1040096   ";Bicicleta;Não Informado/Não Informado;"0         ";Condutor;Lesões Leves;"60   ";Masculino;"0 ";"1    ";"0    ";"0    ";-15.2721530;-48.2622390;SPRF-DF;DEL03-DF;UOP02-DEL03-DF 
583357;"1298587   ";2024-02-26;segunda-feira;02:15:00;DF;"20   ";"6    ";BRASILIA;Sim;Ausência de reação do condutor;1;Colisão com objeto;Com Vítimas Feridas;Plena Noite;Crescente;Céu Claro;Dupla;Reta;Sim  ;"1040142   ";Automóvel;FIAT/PALIO FIRE;"2015      ";Condutor;Lesões Leves;"34   ";Masculino;"0 ";"1    ";"0    ";"0    ";-15.6658880;-47.8083080;SPRF-DF;DEL02-DF;UOP01-DEL02-DF 
583442;"1298857   ";2024-02-26;segunda-feira;11:20:00;GO;"20   ";"121,7";FLORES DE GOIAS;Sim;Demais falhas mecânicas ou elétricas;1;Incêndio;Sem Vítimas;Pleno dia;Crescente;Céu Claro;Simples;Reta;Não  ;"1040349   ";Caminhão;VW/8.160 DRC 4X2;"2015      ";Condutor;Ileso;"36   ";Masculino;"1 ";"0    ";"0    ";"0    ";-14.8674570;-46.8183750;SPRF-DF;DEL02-DF;UOP03-DEL02-DF 
583442;"1298861   ";2024-02-26;segunda-feira;11:20:00;GO;"20   ";"121,7";FLORES DE GOIAS;Sim;Demais falhas mecânicas ou elétricas;1;Incêndio;Sem Vítimas;Pleno dia;Crescente;Céu Claro;Simples;Reta;Não  ;"1040349   ";Caminhão;VW/8.160 DRC 4X2;"2015      ";Passageiro;Ileso;"25   ";Masculino;"1 ";"0    ";"0    ";"0    ";-14.8674570;-46.8183750;SPRF-DF;DEL02-DF;UOP03-DEL02-DF 
583485;"1299612   ";2024-02-26;segunda-feira;17:10:00;DF;"40   ";"1    ";BRASILIA;Sim;Reação tardia ou ineficiente do condutor;1;Colisão traseira;Sem Vítimas;Pleno dia;Crescente;Céu Claro;Dupla;Reta;Sim  ;"1040957   ";Automóvel;PEUGEOT/207PASSION XR;"2008      ";Condutor;Ileso;"20   ";Feminino;"1 ";"0    ";"0    ";"0    ";-15.9855320;-47.9877470;SPRF-DF;DEL01-DF;UOP01-DEL01-DF 
583485;"1299613   ";2024-02-26;segunda-feira;17:10:00;DF;"40   ";"1    ";BRASILIA;Sim;Reação tardia ou ineficiente do condutor;1;Colisão traseira;Sem Vítimas;Pleno dia;Crescente;Céu Claro;Dupla;Reta;Sim  ;"1040956   ";Automóvel;CHEVROLET/ONIX 1.0MT LT;"2016      ";Condutor;Ileso;"60   ";Masculino;"1 ";"0    ";"0    ";"0    ";-15.9855320;-47.9877470;SPRF-DF;DEL01-DF;UOP01-DEL01-DF 
583616;"1299467   ";2024-02-27;terça-feira;08:59:00;DF;"40   ";"4    ";BRASILIA;Não;Manobra de mudança de faixa;3;Queda de ocupante de veículo;Com Vítimas Feridas;Pleno dia;Decrescente;Céu Claro;Dupla;Reta;Sim  ;"1040826   ";Motocicleta;YAMAHA/YS150 FAZER SED;"2022      ";Passageiro;Lesões Leves;"27   ";Feminino;"0 ";"1    ";"0    ";"0    ";-16.0120330;-47.9821240;SPRF-DF;DEL01-DF;UOP01-DEL01-DF 
583616;"1299458   ";2024-02-27;terça-feira;08:59:00;DF;"40   ";"4    ";BRASILIA;Não;Manobra de mudança de faixa;3;Queda de ocupante de veículo;Com Vítimas Feridas;Pleno dia;Decrescente;Céu Claro;Dupla;Reta;Sim  ;"1040826   ";Motocicleta;YAMAHA/YS150 FAZER SED;"2022      ";Condutor;Lesões Graves;"29   ";Masculino;"0 ";"0    ";"1    ";"0    ";-16.0120330;-47.9821240;SPRF-DF;DEL01-DF;UOP01-DEL01-DF 
583616;"1299460   ";2024-02-27;terça-feira;08:59:00;DF;"40   ";"4    ";BRASILIA;Não;Manobra de mudança de faixa;3;Queda de ocupante de veículo;Com Vítimas Feridas;Pleno dia;Decrescente;Céu Claro;Dupla;Reta;Sim  ;"1040827   ";Automóvel;I/BYD DOLPHIN GS 180EV;"2023      ";Condutor;Ileso;"51   ";Masculino;"1 ";"0    ";"0    ";"0    ";-16.0120330;-47.9821240;SPRF-DF;DEL01-DF;UOP01-DEL01-DF 
583616;"1299467   ";2024-02-27;terça-feira;08:59:00;DF;"40   ";"4    ";BRASILIA;Sim;Trafegar com motocicleta (ou similar) entre as faixas;3;Queda de ocupante de veículo;Com Vítimas Feridas;Pleno dia;Decrescente;Céu Claro;Dupla;Reta;Sim  ;"1040826   ";Motocicleta;YAMAHA/YS150 FAZER SED;"2022      ";Passageiro;Lesões Leves;"27   ";Feminino;"0 ";"1    ";"0    ";"0    ";-16.0120330;-47.9821240;SPRF-DF;DEL01-DF;UOP01-DEL01-DF 
583616;"1299458   ";2024-02-27;terça-feira;08:59:00;DF;"40   ";"4    ";BRASILIA;Sim;Trafegar com motocicleta (ou similar) entre as faixas;3;Queda de ocupante de veículo;Com Vítimas Feridas;Pleno dia;Decrescente;Céu Claro;Dupla;Reta;Sim  ;"1040826   ";Motocicleta;YAMAHA/YS150 FAZER SED;"2022      ";Condutor;Lesões Graves;"29   ";Masculino;"0 ";"0    ";"1    ";"0    ";-16.0120330;-47.9821240;SPRF-DF;DEL01-DF;UOP01-DEL01-DF 
583616;"1299460   ";2024-02-27;terça-feira;08:59:00;DF;"40   ";"4    ";BRASILIA;Sim;Trafegar com motocicleta (ou similar) entre as faixas;3;Queda de ocupante de veículo;Com Vítimas Feridas;Pleno dia;Decrescente;Céu Claro;Dupla;Reta;Sim  ;"1040827   ";Automóvel;I/BYD DOLPHIN GS 180EV;"2023      ";Condutor;Ileso;"51   ";Masculino;"1 ";"0    ";"0    ";"0    ";-16.0120330;-47.9821240;SPRF-DF;DEL01-DF;UOP01-DEL01-DF 
583616;"1299467   ";2024-02-27;terça-feira;08:59:00;DF;"40   ";"4    ";BRASILIA;Não;Manobra de mudança de faixa;2;Tombamento;Com Vítimas Feridas;Pleno dia;Decrescente;Céu Claro;Dupla;Reta;Sim  ;"1040826   ";Motocicleta;YAMAHA/YS150 FAZER SED;"2022      ";Passageiro;Lesões Leves;"27   ";Feminino;"0 ";"1    ";"0    ";"0    ";-16.0120330;-47.9821240;SPRF-DF;DEL01-DF;UOP01-DEL01-DF 
583616;"1299458   ";2024-02-27;terça-feira;08:59:00;DF;"40   ";"4    ";BRASILIA;Não;Manobra de mudança de faixa;2;Tombamento;Com Vítimas Feridas;Pleno dia;Decrescente;Céu Claro;Dupla;Reta;Sim  ;"1040826   ";Motocicleta;YAMAHA/YS150 FAZER SED;"2022      ";Condutor;Lesões Graves;"29   ";Masculino;"0 ";"0    ";"1    ";"0    ";-16.0120330;-47.9821240;SPRF-DF;DEL01-DF;UOP01-DEL01-DF 
583616;"1299460   ";2024-02-27;terça-feira;08:59:00;DF;"40   ";"4    ";BRASILIA;Não;Manobra de mudança de faixa;2;Tombamento;Com Vítimas Feridas;Pleno dia;Decrescente;Céu Claro;Dupla;Reta;Sim  ;"1040827   ";Automóvel;I/BYD DOLPHIN GS 180EV;"2023      ";Condutor;Ileso;"51   ";Masculino;"1 ";"0    ";"0    ";"0    ";-16.0120330;-47.9821240;SPRF-DF;DEL01-DF;UOP01-DEL01-DF 
583616;"1299467   ";2024-02-27;terça-feira;08:59:00;DF;"40   ";"4    ";BRASILIA;Sim;Trafegar com motocicleta (ou similar) entre as faixas;2;Tombamento;Com Vítimas Feridas;Pleno dia;Decrescente;Céu Claro;Dupla;Reta;Sim  ;"1040826   ";Motocicleta;YAMAHA/YS150 FAZER SED;"2022      ";Passageiro;Lesões Leves;"27   ";Feminino;"0 ";"1    ";"0    ";"0    ";-16.0120330;-47.9821240;SPRF-DF;DEL01-DF;UOP01-DEL01-DF 
583616;"1299458   ";2024-02-27;terça-feira;08:59:00;DF;"40   ";"4    ";BRASILIA;Sim;Trafegar com motocicleta (ou similar) entre as faixas;2;Tombamento;Com Vítimas Feridas;Pleno dia;Decrescente;Céu Claro;Dupla;Reta;Sim  ;"1040826   ";Motocicleta;YAMAHA/YS150 FAZER SED;"2022      ";Condutor;Lesões Graves;"29   ";Masculino;"0 ";"0    ";"1    ";"0    ";-16.0120330;-47.9821240;SPRF-DF;DEL01-DF;UOP01-DEL01-DF 
583616;"1299460   ";2024-02-27;terça-feira;08:59:00;DF;"40   ";"4    ";BRASILIA;Sim;Trafegar com motocicleta (ou similar) entre as faixas;2;Tombamento;Com Vítimas Feridas;Pleno dia;Decrescente;Céu Claro;Dupla;Reta;Sim  ;"1040827   ";Automóvel;I/BYD DOLPHIN GS 180EV;"2023      ";Condutor;Ileso;"51   ";Masculino;"1 ";"0    ";"0    ";"0    ";-16.0120330;-47.9821240;SPRF-DF;DEL01-DF;UOP01-DEL01-DF 
583616;"1299467   ";2024-02-27;terça-feira;08:59:00;DF;"40   ";"4    ";BRASILIA;Não;Manobra de mudança de faixa;1;Colisão lateral mesmo sentido;Com Vítimas Feridas;Pleno dia;Decrescente;Céu Claro;Dupla;Reta;Sim  ;"1040826   ";Motocicleta;YAMAHA/YS150 FAZER SED;"2022      ";Passageiro;Lesões Leves;"27   ";Feminino;"0 ";"1    ";"0    ";"0    ";-16.0120330;-47.9821240;SPRF-DF;DEL01-DF;UOP01-DEL01-DF 
583616;"1299458   ";2024-02-27;terça-feira;08:59:00;DF;"40   ";"4    ";BRASILIA;Não;Manobra de mudança de faixa;1;Colisão lateral mesmo sentido;Com Vítimas Feridas;Pleno dia;Decrescente;Céu Claro;Dupla;Reta;Sim  ;"1040826   ";Motocicleta;YAMAHA/YS150 FAZER SED;"2022      ";Condutor;Lesões Graves;"29   ";Masculino;"0 ";"0    ";"1    ";"0    ";-16.0120330;-47.9821240;SPRF-DF;DEL01-DF;UOP01-DEL01-DF 
583616;"1299460   ";2024-02-27;terça-feira;08:59:00;DF;"40   ";"4    ";BRASILIA;Não;Manobra de mudança de faixa;1;Colisão lateral mesmo sentido;Com Vítimas Feridas;Pleno dia;Decrescente;Céu Claro;Dupla;Reta;Sim  ;"1040827   ";Automóvel;I/BYD DOLPHIN GS 180EV;"2023      ";Condutor;Ileso;"51   ";Masculino;"1 ";"0    ";"0    ";"0    ";-16.0120330;-47.9821240;SPRF-DF;DEL01-DF;UOP01-DEL01-DF 
583616;"1299467   ";2024-02-27;terça-feira;08:59:00;DF;"40   ";"4    ";BRASILIA;Sim;Trafegar com motocicleta (ou similar) entre as faixas;1;Colisão lateral mesmo sentido;Com Vítimas Feridas;Pleno dia;Decrescente;Céu Claro;Dupla;Reta;Sim  ;"1040826   ";Motocicleta;YAMAHA/YS150 FAZER SED;"2022      ";Passageiro;Lesões Leves;"27   ";Feminino;"0 ";"1    ";"0    ";"0    ";-16.0120330;-47.9821240;SPRF-DF;DEL01-DF;UOP01-DEL01-DF 
583616;"1299458   ";2024-02-27;terça-feira;08:59:00;DF;"40   ";"4    ";BRASILIA;Sim;Trafegar com motocicleta (ou similar) entre as faixas;1;Colisão lateral mesmo sentido;Com Vítimas Feridas;Pleno dia;Decrescente;Céu Claro;Dupla;Reta;Sim  ;"1040826   ";Motocicleta;YAMAHA/YS150 FAZER SED;"2022      ";Condutor;Lesões Graves;"29   ";Masculino;"0 ";"0    ";"1    ";"0    ";-16.0120330;-47.9821240;SPRF-DF;DEL01-DF;UOP01-DEL01-DF 
583616;"1299460   ";2024-02-27;terça-feira;08:59:00;DF;"40   ";"4    ";BRASILIA;Sim;Trafegar com motocicleta (ou similar) entre as faixas;1;Colisão lateral mesmo sentido;Com Vítimas Feridas;Pleno dia;Decrescente;Céu Claro;Dupla;Reta;Sim  ;"1040827   ";Automóvel;I/BYD DOLPHIN GS 180EV;"2023      ";Condutor;Ileso;"51   ";Masculino;"1 ";"0    ";"0    ";"0    ";-16.0120330;-47.9821240;SPRF-DF;DEL01-DF;UOP01-DEL01-DF 
583643;"1299541   ";2024-02-27;terça-feira;12:21:00;GO;"40   ";"5    ";VALPARAISO DE GOIAS;Sim;Acessar a via sem observar a presença dos outros veículos;1;Colisão transversal;Com Vítimas Feridas;Pleno dia;Crescente;Céu Claro;Dupla;Reta;Sim  ;"1040894   ";Automóvel;VW/POLO MF;"2021      ";Condutor;Ileso;"20   ";Masculino;"1 ";"0    ";"0    ";"0    ";-16.0931340;-47.9822360;SPRF-DF;DEL01-DF;UOP01-DEL01-DF 
583643;"1299542   ";2024-02-27;terça-feira;12:21:00;GO;"40   ";"5    ";VALPARAISO DE GOIAS;Sim;Acessar a via sem observar a presença dos outros veículos;1;Colisão transversal;Com Vítimas Feridas;Pleno dia;Crescente;Céu Claro;Dupla;Reta;Sim  ;"1040895   ";Motocicleta;HONDA/CG 160 FAN;"2024      ";Condutor;Lesões Graves;"28   ";Masculino;"0 ";"0    ";"1    ";"0    ";-16.0931340;-47.9822360;SPRF-DF;DEL01-DF;UOP01-DEL01-DF 
583688;"1299596   ";2024-02-27;terça-feira;16:10:00;GO;"40   ";"1,8  ";VALPARAISO DE GOIAS;Sim;Condutor deixou de manter distância do veículo da frente;3;Queda de ocupante de veículo;Com Vítimas Feridas;Pleno dia;Decrescente;Sol;Dupla;Reta;Sim  ;"1040939   ";Automóvel;HONDA/CIVIC LXL FLEX;"2010      ";Condutor;Ileso;"45   ";Feminino;"1 ";"0    ";"0    ";"0    ";-16.0582450;-47.9828250;SPRF-DF;DEL01-DF;UOP01-DEL01-DF 
583688;"1299593   ";2024-02-27;terça-feira;16:10:00;GO;"40   ";"1,8  ";VALPARAISO DE GOIAS;Sim;Condutor deixou de manter distância do veículo da frente;3;Queda de ocupante de veículo;Com Vítimas Feridas;Pleno dia;Decrescente;Sol;Dupla;Reta;Sim  ;"1040938   ";Motocicleta;HONDA/CG 160 FAN;"2018      ";Condutor;Lesões Leves;"26   ";Masculino;"0 ";"1    ";"0    ";"0    ";-16.0582450;-47.9828250;SPRF-DF;DEL01-DF;UOP01-DEL01-DF 
583688;"1299596   ";2024-02-27;terça-feira;16:10:00;GO;"40   ";"1,8  ";VALPARAISO DE GOIAS;Sim;Condutor deixou de manter distância do veículo da frente;2;Tombamento;Com Vítimas Feridas;Pleno dia;Decrescente;Sol;Dupla;Reta;Sim  ;"1040939   ";Automóvel;HONDA/CIVIC LXL FLEX;"2010      ";Condutor;Ileso;"45   ";Feminino;"1 ";"0    ";"0    ";"0    ";-16.0582450;-47.9828250;SPRF-DF;DEL01-DF;UOP01-DEL01-DF 
583688;"1299593   ";2024-02-27;terça-feira;16:10:00;GO;"40   ";"1,8  ";VALPARAISO DE GOIAS;Sim;Condutor deixou de manter distância do veículo da frente;2;Tombamento;Com Vítimas Feridas;Pleno dia;Decrescente;Sol;Dupla;Reta;Sim  ;"1040938   ";Motocicleta;HONDA/CG 160 FAN;"2018      ";Condutor;Lesões Leves;"26   ";Masculino;"0 ";"1    ";"0    ";"0    ";-16.0582450;-47.9828250;SPRF-DF;DEL01-DF;UOP01-DEL01-DF 
583688;"1299596   ";2024-02-27;terça-feira;16:10:00;GO;"40   ";"1,8  ";VALPARAISO DE GOIAS;Sim;Condutor deixou de manter distância do veículo da frente;1;Colisão traseira;Com Vítimas Feridas;Pleno dia;Decrescente;Sol;Dupla;Reta;Sim  ;"1040939   ";Automóvel;HONDA/CIVIC LXL FLEX;"2010      ";Condutor;Ileso;"45   ";Feminino;"1 ";"0    ";"0    ";"0    ";-16.0582450;-47.9828250;SPRF-DF;DEL01-DF;UOP01-DEL01-DF 
583688;"1299593   ";2024-02-27;terça-feira;16:10:00;GO;"40   ";"1,8  ";VALPARAISO DE GOIAS;Sim;Condutor deixou de manter distância do veículo da frente;1;Colisão traseira;Com Vítimas Feridas;Pleno dia;Decrescente;Sol;Dupla;Reta;Sim  ;"1040938   ";Motocicleta;HONDA/CG 160 FAN;"2018      ";Condutor;Lesões Leves;"26   ";Masculino;"0 ";"1    ";"0    ";"0    ";-16.0582450;-47.9828250;SPRF-DF;DEL01-DF;UOP01-DEL01-DF 
583692;"1299429   ";2024-02-27;terça-feira;16:20:00;DF;"20   ";"9,6  ";BRASILIA;Sim;Pedestre cruzava a pista fora da faixa;1;Atropelamento de Pedestre;Com Vítimas Feridas;Pleno dia;Crescente;Sol;Dupla;Reta;Sim  ;"1040801   ";Automóvel;FIAT/PALIO ATTRACTIV 1.0;"2012      ";Passageiro;Ileso;"34   ";Feminino;"1 ";"0    ";"0    ";"0    ";-15.6546710;-47.7829170;SPRF-DF;DEL02-DF;UOP01-DEL02-DF 
583692;"1299430   ";2024-02-27;terça-feira;16:20:00;DF;"20   ";"9,6  ";BRASILIA;Sim;Pedestre cruzava a pista fora da faixa;1;Atropelamento de Pedestre;Com Vítimas Feridas;Pleno dia;Crescente;Sol;Dupla;Reta;Sim  ;"1040801   ";Automóvel;FIAT/PALIO ATTRACTIV 1.0;"2012      ";Passageiro;Ileso;"5    ";Feminino;"1 ";"0    ";"0    ";"0    ";-15.6546710;-47.7829170;SPRF-DF;DEL02-DF;UOP01-DEL02-DF 
583692;"1299420   ";2024-02-27;terça-feira;16:20:00;DF;"20   ";"9,6  ";BRASILIA;Sim;Pedestre cruzava a pista fora da faixa;1;Atropelamento de Pedestre;Com Vítimas Feridas;Pleno dia;Crescente;Sol;Dupla;Reta;Sim  ;"1040801   ";Automóvel;FIAT/PALIO ATTRACTIV 1.0;"2012      ";Condutor;Ileso;"29   ";Masculino;"1 ";"0    ";"0    ";"0    ";-15.6546710;-47.7829170;SPRF-DF;DEL02-DF;UOP01-DEL02-DF 
583692;"1299421   ";2024-02-27;terça-feira;16:20:00;DF;"20   ";"9,6  ";BRASILIA;Sim;Pedestre cruzava a pista fora da faixa;1;Atropelamento de Pedestre;Com Vítimas Feridas;Pleno dia;Crescente;Sol;Dupla;Reta;Sim  ;"0         ";"0";NA/NA;"0         ";Pedestre;Lesões Graves;"42   ";Masculino;"0 ";"0    ";"1    ";"0    ";-15.6546710;-47.7829170;SPRF-DF;DEL02-DF;UOP01-DEL02-DF 
583719;"1299589   ";2024-02-27;terça-feira;18:50:00;DF;"40   ";"5,6  ";BRASILIA;Sim;Conversão proibida;3;Queda de ocupante de veículo;Com Vítimas Feridas;Plena Noite;Decrescente;Céu Claro;Dupla;Reta;Sim  ;"1040907   ";Motoneta;HONDA/BIZ 125 EX;"2013      ";Condutor;Lesões Leves;"37   ";Masculino;"0 ";"1    ";"0    ";"0    ";-16.0262210;-47.9791690;SPRF-DF;DEL01-DF;UOP01-DEL01-DF 
583719;"1299586   ";2024-02-27;terça-feira;18:50:00;DF;"40   ";"5,6  ";BRASILIA;Sim;Conversão proibida;3;Queda de ocupante de veículo;Com Vítimas Feridas;Plena Noite;Decrescente;Céu Claro;Dupla;Reta;Sim  ;"1040906   ";Caminhão;SCANIA/P320 B4X2 CS;"2019      ";Condutor;Ileso;"46   ";Masculino;"1 ";"0    ";"0    ";"0    ";-16.0262210;-47.9791690;SPRF-DF;DEL01-DF;UOP01-DEL01-DF 
583719;"1299589   ";2024-02-27;terça-feira;18:50:00;DF;"40   ";"5,6  ";BRASILIA;Sim;Conversão proibida;2;Tombamento;Com Vítimas Feridas;Plena Noite;Decrescente;Céu Claro;Dupla;Reta;Sim  ;"1040907   ";Motoneta;HONDA/BIZ 125 EX;"2013      ";Condutor;Lesões Leves;"37   ";Masculino;"0 ";"1    ";"0    ";"0    ";-16.0262210;-47.9791690;SPRF-DF;DEL01-DF;UOP01-DEL01-DF 
583719;"1299586   ";2024-02-27;terça-feira;18:50:00;DF;"40   ";"5,6  ";BRASILIA;Sim;Conversão proibida;2;Tombamento;Com Vítimas Feridas;Plena Noite;Decrescente;Céu Claro;Dupla;Reta;Sim  ;"1040906   ";Caminhão;SCANIA/P320 B4X2 CS;"2019      ";Condutor;Ileso;"46   ";Masculino;"1 ";"0    ";"0    ";"0    ";-16.0262210;-47.9791690;SPRF-DF;DEL01-DF;UOP01-DEL01-DF 
583719;"1299589   ";2024-02-27;terça-feira;18:50:00;DF;"40   ";"5,6  ";BRASILIA;Sim;Conversão proibida;1;Colisão lateral mesmo sentido;Com Vítimas Feridas;Plena Noite;Decrescente;Céu Claro;Dupla;Reta;Sim  ;"1040907   ";Motoneta;HONDA/BIZ 125 EX;"2013      ";Condutor;Lesões Leves;"37   ";Masculino;"0 ";"1    ";"0    ";"0    ";-16.0262210;-47.9791690;SPRF-DF;DEL01-DF;UOP01-DEL01-DF 
583719;"1299586   ";2024-02-27;terça-feira;18:50:00;DF;"40   ";"5,6  ";BRASILIA;Sim;Conversão proibida;1;Colisão lateral mesmo sentido;Com Vítimas Feridas;Plena Noite;Decrescente;Céu Claro;Dupla;Reta;Sim  ;"1040906   ";Caminhão;SCANIA/P320 B4X2 CS;"2019      ";Condutor;Ileso;"46   ";Masculino;"1 ";"0    ";"0    ";"0    ";-16.0262210;-47.9791690;SPRF-DF;DEL01-DF;UOP01-DEL01-DF 