id;pesid;data_inversa;dia_semana;horario;uf;br;km;municipio;causa_principal;causa_acidente;ordem_tipo_acidente;tipo_acidente;classificacao_acidente;fase_dia;sentido_via;condicao_metereologica;tipo_pista;tracado_via;uso_solo;id_veiculo;tipo_veiculo;marca;ano_fabricacao_veiculo;tipo_envolvido;estado_fisico;idade;sexo;ilesos;feridos_leves;feridos_graves;mortos;latitude;longitude;regional;delegacia;uop
583732;"1299580   ";2024-02-27;terça-feira;19:30:00;DF;"20   ";"18   ";BRASILIA;Sim;Manobra de mudança de faixa;1;Colisão lateral mesmo sentido;Com Vítimas Feridas;Plena Noite;Crescente;Céu Claro;Dupla;Declive;Sim  ;"1040930   ";Caminhonete;REANAULT/OROCH 16 4X2;"2021      ";Condutor;Ileso;"30   ";Masculino;"1 ";"0    ";"0    ";"0    ";-15.6169010;-47.7089270;SPRF-DF;DEL02-DF;UOP01-DEL02-DF 
583732;"1299582   ";2024-02-27;terça-feira;19:30:00;DF;"20   ";"18   ";BRASILIA;Sim;Manobra de mudança de faixa;1;Colisão lateral mesmo sentido;Com Vítimas Feridas;Plena Noite;Crescente;Céu Claro;Dupla;Declive;Sim  ;"1040930   ";Caminhonete;REANAULT/OROCH 16 4X2;"2021      ";Passageiro;Ileso;"18   ";Masculino;"1 ";"0    ";"0    ";"0    ";-15.6169010;-47.7089270;SPRF-DF;DEL02-DF;UOP01-DEL02-DF 
583732;"1299581   ";2024-02-27;terça-feira;19:30:00;DF;"20   ";"18   ";BRASILIA;Sim;Manobra de mudança de faixa;1;Colisão lateral mesmo sentido;Com Vítimas Feridas;Plena Noite;Crescente;Céu Claro;Dupla;Declive;Sim  ;"1040932   ";Motocicleta;YAMAHA/YBR 125K;"2008      ";Condutor;Lesões Leves;"32   ";Masculino;"0 ";"1    ";"0    ";"0    ";-15.6169010;-47.7089270;SPRF-DF;DEL02-DF;UOP01-DEL02-DF 
583732;"1299583   ";2024-02-27;terça-feira;19:30:00;DF;"20   ";"18   ";BRASILIA;Sim;Manobra de mudança de faixa;1;Colisão lateral mesmo sentido;Com Vítimas Feridas;Plena Noite;Crescente;Céu Claro;Dupla;Declive;Sim  ;"0         ";"0";NA/NA;"0         ";Testemunha;Não Informado;"0    ";Não Informado;"0 ";"0    ";"0    ";"0    ";-15.6169010;-47.7089270;SPRF-DF;DEL02-DF;UOP01-DEL02-DF 
583759;"1299743   ";2024-02-28;quarta-feira;02:15:00;DF;"20   ";"13   ";BRASILIA;Sim;Velocidade Incompatível;4;Queda de ocupante de veículo;Com Vítimas Feridas;Plena Noite;Crescente;Céu Claro;Dupla;Reta;Sim  ;"1041070   ";Motocicleta;MOTTU/SPORT 110I;"2022      ";Condutor;Lesões Graves;"25   ";Masculino;"0 ";"0    ";"1    ";"0    ";-15.6387520;-47.7495990;SPRF-DF;DEL02-DF;UOP01-DEL02-DF 
583759;"1299744   ";2024-02-28;quarta-feira;02:15:00;DF;"20   ";"13   ";BRASILIA;Sim;Velocidade Incompatível;4;Queda de ocupante de veículo;Com Vítimas Feridas;Plena Noite;Crescente;Céu Claro;Dupla;Reta;Sim  ;"1041072   ";Automóvel;I/FORD FUSION;"2008      ";Condutor;Não Informado;"0    ";Não Informado;"0 ";"0    ";"0    ";"0    ";-15.6387520;-47.7495990;SPRF-DF;DEL02-DF;UOP01-DEL02-DF 
583759;"1299743   ";2024-02-28;quarta-feira;02:15:00;DF;"20   ";"13   ";BRASILIA;Sim;Velocidade Incompatível;3;Colisão com objeto;Com Vítimas Feridas;Plena Noite;Crescente;Céu Claro;Dupla;Reta;Sim  ;"1041070   ";Motocicleta;MOTTU/SPORT 110I;"2022      ";Condutor;Lesões Graves;"25   ";Masculino;"0 ";"0    ";"1    ";"0    ";-15.6387520;-47.7495990;SPRF-DF;DEL02-DF;UOP01-DEL02-DF 
583759;"1299744   ";2024-02-28;quarta-feira;02:15:00;DF;"20   ";"13   ";BRASILIA;Sim;Velocidade Incompatível;3;Colisão com objeto;Com Vítimas Feridas;Plena Noite;Crescente;Céu Claro;Dupla;Reta;Sim  ;"1041072   ";Automóvel;I/FORD FUSION;"2008      ";Condutor;Não Informado;"0    ";Não Informado;"0 ";"0    ";"0    ";"0    ";-15.6387520;-47.7495990;SPRF-DF;DEL02-DF;UOP01-DEL02-DF 
583759;"1299743   ";2024-02-28;quarta-feira;02:15:00;DF;"20   ";"13   ";BRASILIA;Sim;Velocidade Incompatível;2;Saída de leito carroçável;Com Vítimas Feridas;Plena Noite;Crescente;Céu Claro;Dupla;Reta;Sim  ;"1041070   ";Motocicleta;MOTTU/SPORT 110I;"2022      ";Condutor;Lesões Graves;"25   ";Masculino;"0 ";"0    ";"1    ";"0    ";-15.6387520;-47.7495990;SPRF-DF;DEL02-DF;UOP01-DEL02-DF 
583759;"1299744   ";2024-02-28;quarta-feira;02:15:00;DF;"20   ";"13   ";BRASILIA;Sim;Velocidade Incompatível;2;Saída de leito carroçável;Com Vítimas Feridas;Plena Noite;Crescente;Céu Claro;Dupla;Reta;Sim  ;"1041072   ";Automóvel;I/FORD FUSION;"2008      ";Condutor;Não Informado;"0    ";Não Informado;"0 ";"0    ";"0    ";"0    ";-15.6387520;-47.7495990;SPRF-DF;DEL02-DF;UOP01-DEL02-DF 
583759;"1299743   ";2024-02-28;quarta-feira;02:15:00;DF;"20   ";"13   ";BRASILIA;Sim;Velocidade Incompatível;1;Colisão traseira;Com Vítimas Feridas;Plena Noite;Crescente;Céu Claro;Dupla;Reta;Sim  ;"1041070   ";Motocicleta;MOTTU/SPORT 110I;"2022      ";Condutor;Lesões Graves;"25   ";Masculino;"0 ";"0    ";"1    ";"0    ";-15.6387520;-47.7495990;SPRF-DF;DEL02-DF;UOP01-DEL02-DF 
583759;"1299744   ";2024-02-28;quarta-feira;02:15:00;DF;"20   ";"13   ";BRASILIA;Sim;Velocidade Incompatível;1;Colisão traseira;Com Vítimas Feridas;Plena Noite;Crescente;Céu Claro;Dupla;Reta;Sim  ;"1041072   ";Automóvel;I/FORD FUSION;"2008      ";Condutor;Não Informado;"0    ";Não Informado;"0 ";"0    ";"0    ";"0    ";-15.6387520;-47.7495990;SPRF-DF;DEL02-DF;UOP01-DEL02-DF 
583760;"1300348   ";2024-02-28;quarta-feira;01:30:00;GO;"70   ";"17   ";AGUAS LINDAS DE GOIAS;Sim;Reação tardia ou ineficiente do condutor;1;Saída de leito carroçável;Sem Vítimas;Plena Noite;Decrescente;Céu Claro;Dupla;"Reta;Ponte";Não  ;"1041536   ";Automóvel;HYUNDAI/HB20 1.0M COMFOR;"2014      ";Condutor;Não Informado;"0    ";Não Informado;"0 ";"0    ";"0    ";"0    ";-15.7506067;-48.3498496;SPRF-DF;DEL03-DF;UOP02-DEL03-DF 
583768;"1302405   ";2024-02-28;quarta-feira;05:39:00;DF;"40   ";"0    ";BRASILIA;Sim;Reação tardia ou ineficiente do condutor;1;Engavetamento;Com Vítimas Feridas;Pleno dia;Decrescente;Céu Claro;Dupla;Reta;Sim  ;"1043192   ";Automóvel;I/NISSAN SENTRA 20SV CVT;"2016      ";Condutor;Ileso;"30   ";Masculino;"1 ";"0    ";"0    ";"0    ";-15.9768970;-47.9901290;SPRF-DF;DEL01-DF;UOP01-DEL01-DF 
583768;"1302408   ";2024-02-28;quarta-feira;05:39:00;DF;"40   ";"0    ";BRASILIA;Sim;Reação tardia ou ineficiente do condutor;1;Engavetamento;Com Vítimas Feridas;Pleno dia;Decrescente;Céu Claro;Dupla;Reta;Sim  ;"1043194   ";Automóvel;TOYOTA/ETIOS HB X;"2013      ";Condutor;Ileso;"33   ";Feminino;"1 ";"0    ";"0    ";"0    ";-15.9768970;-47.9901290;SPRF-DF;DEL01-DF;UOP01-DEL01-DF 
583768;"1302410   ";2024-02-28;quarta-feira;05:39:00;DF;"40   ";"0    ";BRASILIA;Sim;Reação tardia ou ineficiente do condutor;1;Engavetamento;Com Vítimas Feridas;Pleno dia;Decrescente;Céu Claro;Dupla;Reta;Sim  ;"1043195   ";Automóvel;FIAT/PUNTO 1.4;"2010      ";Condutor;Ileso;"33   ";Masculino;"1 ";"0    ";"0    ";"0    ";-15.9768970;-47.9901290;SPRF-DF;DEL01-DF;UOP01-DEL01-DF 
583768;"1302412   ";2024-02-28;quarta-feira;05:39:00;DF;"40   ";"0    ";BRASILIA;Sim;Reação tardia ou ineficiente do condutor;1;Engavetamento;Com Vítimas Feridas;Pleno dia;Decrescente;Céu Claro;Dupla;Reta;Sim  ;"1043196   ";Automóvel;GM/KADETT GL;"1997      ";Condutor;Ileso;"65   ";Masculino;"1 ";"0    ";"0    ";"0    ";-15.9768970;-47.9901290;SPRF-DF;DEL01-DF;UOP01-DEL01-DF 
583768;"1302414   ";2024-02-28;quarta-feira;05:39:00;DF;"40   ";"0    ";BRASILIA;Sim;Reação tardia ou ineficiente do condutor;1;Engavetamento;Com Vítimas Feridas;Pleno dia;Decrescente;Céu Claro;Dupla;Reta;Sim  ;"1043197   ";Automóvel;FIAT/SIENA TETRAFUEL 1.4;"2012      ";Condutor;Ileso;"39   ";Masculino;"1 ";"0    ";"0    ";"0    ";-15.9768970;-47.9901290;SPRF-DF;DEL01-DF;UOP01-DEL01-DF 
583768;"1302418   ";2024-02-28;quarta-feira;05:39:00;DF;"40   ";"0    ";BRASILIA;Sim;Reação tardia ou ineficiente do condutor;1;Engavetamento;Com Vítimas Feridas;Pleno dia;Decrescente;Céu Claro;Dupla;Reta;Sim  ;"1043200   ";Automóvel;I/GM CLASSIC LIFE;"2007      ";Condutor;Ileso;"32   ";Feminino;"1 ";"0    ";"0    ";"0    ";-15.9768970;-47.9901290;SPRF-DF;DEL01-DF;UOP01-DEL01-DF 
583768;"1302426   ";2024-02-28;quarta-feira;05:39:00;DF;"40   ";"0    ";BRASILIA;Sim;Reação tardia ou ineficiente do condutor;1;Engavetamento;Com Vítimas Feridas;Pleno dia;Decrescente;Céu Claro;Dupla;Reta;Sim  ;"1043200   ";Automóvel;I/GM CLASSIC LIFE;"2007      ";Passageiro;Lesões Leves;"14   ";Feminino;"0 ";"1    ";"0    ";"0    ";-15.9768970;-47.9901290;SPRF-DF;DEL01-DF;UOP01-DEL01-DF 
583768;"1302460   ";2024-02-28;quarta-feira;05:39:00;DF;"40   ";"0    ";BRASILIA;Sim;Reação tardia ou ineficiente do condutor;1;Engavetamento;Com Vítimas Feridas;Pleno dia;Decrescente;Céu Claro;Dupla;Reta;Sim  ;"1043203   ";Motocicleta;YAMAHA/FZ25 FAZER;"2021      ";Condutor;Ileso;"25   ";Masculino;"1 ";"0    ";"0    ";"0    ";-15.9768970;-47.9901290;SPRF-DF;DEL01-DF;UOP01-DEL01-DF 
583768;"1302417   ";2024-02-28;quarta-feira;05:39:00;DF;"40   ";"0    ";BRASILIA;Sim;Reação tardia ou ineficiente do condutor;1;Engavetamento;Com Vítimas Feridas;Pleno dia;Decrescente;Céu Claro;Dupla;Reta;Sim  ;"1043198   ";Automóvel;CHEV/ONIX 10TAT LTZ;"2022      ";Condutor;Ileso;"41   ";Masculino;"1 ";"0    ";"0    ";"0    ";-15.9768970;-47.9901290;SPRF-DF;DEL01-DF;UOP01-DEL01-DF 
583784;"1299645   ";2024-02-28;quarta-feira;07:55:00;DF;"20   ";"22   ";BRASILIA;Sim;Acessar a via sem observar a presença dos outros veículos;1;Colisão transversal;Com Vítimas Feridas;Pleno dia;Crescente;Sol;Dupla;Reta;Sim  ;"1040978   ";Motocicleta;YAMAHA/MT03 ABS;"2022      ";Condutor;Lesões Graves;"32   ";Masculino;"0 ";"0    ";"1    ";"0    ";-15.5983400;-47.6761860;SPRF-DF;DEL02-DF;UOP01-DEL02-DF 
583784;"1299646   ";2024-02-28;quarta-feira;07:55:00;DF;"20   ";"22   ";BRASILIA;Sim;Acessar a via sem observar a presença dos outros veículos;1;Colisão transversal;Com Vítimas Feridas;Pleno dia;Crescente;Sol;Dupla;Reta;Sim  ;"1040980   ";Automóvel;FORD/ESCORT GL;"1988      ";Condutor;Ileso;"82   ";Masculino;"1 ";"0    ";"0    ";"0    ";-15.5983400;-47.6761860;SPRF-DF;DEL02-DF;UOP01-DEL02-DF 
583788;"1301368   ";2024-02-28;quarta-feira;08:00:00;GO;"40   ";"8,7  ";LUZIANIA;Sim;Ausência de reação do condutor;2;Colisão com objeto;Com Vítimas Feridas;Pleno dia;Crescente;Céu Claro;Dupla;Reta;Sim  ;"1042415   ";Automóvel;CHEVROLET/COBALT 1.4 LT;"2012      ";Condutor;Ileso;"57   ";Masculino;"1 ";"0    ";"0    ";"0    ";-16.1161580;-47.9676100;SPRF-DF;DEL01-DF;UOP01-DEL01-DF 
583788;"1301369   ";2024-02-28;quarta-feira;08:00:00;GO;"40   ";"8,7  ";LUZIANIA;Sim;Ausência de reação do condutor;2;Colisão com objeto;Com Vítimas Feridas;Pleno dia;Crescente;Céu Claro;Dupla;Reta;Sim  ;"1042416   ";Motocicleta;HONDA/CG 150 TITAN ESD;"2004      ";Condutor;Lesões Leves;"26   ";Masculino;"0 ";"1    ";"0    ";"0    ";-16.1161580;-47.9676100;SPRF-DF;DEL01-DF;UOP01-DEL01-DF 
583788;"1301368   ";2024-02-28;quarta-feira;08:00:00;GO;"40   ";"8,7  ";LUZIANIA;Sim;Ausência de reação do condutor;1;Colisão traseira;Com Vítimas Feridas;Pleno dia;Crescente;Céu Claro;Dupla;Reta;Sim  ;"1042415   ";Automóvel;CHEVROLET/COBALT 1.4 LT;"2012      ";Condutor;Ileso;"57   ";Masculino;"1 ";"0    ";"0    ";"0    ";-16.1161580;-47.9676100;SPRF-DF;DEL01-DF;UOP01-DEL01-DF 
583788;"1301369   ";2024-02-28;quarta-feira;08:00:00;GO;"40   ";"8,7  ";LUZIANIA;Sim;Ausência de reação do condutor;1;Colisão traseira;Com Vítimas Feridas;Pleno dia;Crescente;Céu Claro;Dupla;Reta;Sim  ;"1042416   ";Motocicleta;HONDA/CG 150 TITAN ESD;"2004      ";Condutor;Lesões Leves;"26   ";Masculino;"0 ";"1    ";"0    ";"0    ";-16.1161580;-47.9676100;SPRF-DF;DEL01-DF;UOP01-DEL01-DF 
583815;"1299635   ";2024-02-20;terça-feira;09:00:00;DF;"20   ";"21   ";BRASILIA;Não;Reação tardia ou ineficiente do condutor;3;Colisão lateral mesmo sentido;Sem Vítimas;Pleno dia;Crescente;Chuva;Dupla;"Aclive;Reta";Sim  ;"1040974   ";Utilitário;I/MMC OUTLANDER 3.0 HPES;"2019      ";Passageiro;Ileso;"31   ";Masculino;"1 ";"0    ";"0    ";"0    ";-15.6033840;-47.6846920;SPRF-DF;DEL02-DF;UOP01-DEL02-DF 
583815;"1299631   ";2024-02-20;terça-feira;09:00:00;DF;"20   ";"21   ";BRASILIA;Não;Reação tardia ou ineficiente do condutor;3;Colisão lateral mesmo sentido;Sem Vítimas;Pleno dia;Crescente;Chuva;Dupla;"Aclive;Reta";Sim  ;"1040974   ";Utilitário;I/MMC OUTLANDER 3.0 HPES;"2019      ";Passageiro;Ileso;"26   ";Masculino;"1 ";"0    ";"0    ";"0    ";-15.6033840;-47.6846920;SPRF-DF;DEL02-DF;UOP01-DEL02-DF 
583815;"1299636   ";2024-02-20;terça-feira;09:00:00;DF;"20   ";"21   ";BRASILIA;Não;Reação tardia ou ineficiente do condutor;3;Colisão lateral mesmo sentido;Sem Vítimas;Pleno dia;Crescente;Chuva;Dupla;"Aclive;Reta";Sim  ;"1040974   ";Utilitário;I/MMC OUTLANDER 3.0 HPES;"2019      ";Condutor;Ileso;"35   ";Masculino;"1 ";"0    ";"0    ";"0    ";-15.6033840;-47.6846920;SPRF-DF;DEL02-DF;UOP01-DEL02-DF 
583815;"1299632   ";2024-02-20;terça-feira;09:00:00;DF;"20   ";"21   ";BRASILIA;Não;Reação tardia ou ineficiente do condutor;3;Colisão lateral mesmo sentido;Sem Vítimas;Pleno dia;Crescente;Chuva;Dupla;"Aclive;Reta";Sim  ;"1040975   ";Caminhonete;MMC/L200 TRITON SPT GL;"2018      ";Passageiro;Ileso;"33   ";Masculino;"1 ";"0    ";"0    ";"0    ";-15.6033840;-47.6846920;SPRF-DF;DEL02-DF;UOP01-DEL02-DF 
583815;"1299633   ";2024-02-20;terça-feira;09:00:00;DF;"20   ";"21   ";BRASILIA;Não;Reação tardia ou ineficiente do condutor;3;Colisão lateral mesmo sentido;Sem Vítimas;Pleno dia;Crescente;Chuva;Dupla;"Aclive;Reta";Sim  ;"1040975   ";Caminhonete;MMC/L200 TRITON SPT GL;"2018      ";Passageiro;Ileso;"44   ";Masculino;"1 ";"0    ";"0    ";"0    ";-15.6033840;-47.6846920;SPRF-DF;DEL02-DF;UOP01-DEL02-DF 
583815;"1299634   ";2024-02-20;terça-feira;09:00:00;DF;"20   ";"21   ";BRASILIA;Não;Reação tardia ou ineficiente do condutor;3;Colisão lateral mesmo sentido;Sem Vítimas;Pleno dia;Crescente;Chuva;Dupla;"Aclive;Reta";Sim  ;"1040975   ";Caminhonete;MMC/L200 TRITON SPT GL;"2018      ";Condutor;Ileso;"36   ";Masculino;"1 ";"0    ";"0    ";"0    ";-15.6033840;-47.6846920;SPRF-DF;DEL02-DF;UOP01-DEL02-DF 
583815;"1299637   ";2024-02-20;terça-feira;09:00:00;DF;"20   ";"21   ";BRASILIA;Não;Reação tardia ou ineficiente do condutor;3;Colisão lateral mesmo sentido;Sem Vítimas;Pleno dia;Crescente;Chuva;Dupla;"Aclive;Reta";Sim  ;"1040976   ";Caminhonete;MMC/L200 TRITON SPT GL;"2018      ";Passageiro;Ileso;"34   ";Masculino;"1 ";"0    ";"0    ";"0    ";-15.6033840;-47.6846920;SPRF-DF;DEL02-DF;UOP01-DEL02-DF 
583815;"1299638   ";2024-02-20;terça-feira;09:00:00;DF;"20   ";"21   ";BRASILIA;Não;Reação tardia ou ineficiente do condutor;3;Colisão lateral mesmo sentido;Sem Vítimas;Pleno dia;Crescente;Chuva;Dupla;"Aclive;Reta";Sim  ;"1040976   ";Caminhonete;MMC/L200 TRITON SPT GL;"2018      ";Passageiro;Ileso;"28   ";Masculino;"1 ";"0    ";"0    ";"0    ";-15.6033840;-47.6846920;SPRF-DF;DEL02-DF;UOP01-DEL02-DF 
583815;"1299639   ";2024-02-20;terça-feira;09:00:00;DF;"20   ";"21   ";BRASILIA;Não;Reação tardia ou ineficiente do condutor;3;Colisão lateral mesmo sentido;Sem Vítimas;Pleno dia;Crescente;Chuva;Dupla;"Aclive;Reta";Sim  ;"1040976   ";Caminhonete;MMC/L200 TRITON SPT GL;"2018      ";Condutor;Ileso;"32   ";Masculino;"1 ";"0    ";"0    ";"0    ";-15.6033840;-47.6846920;SPRF-DF;DEL02-DF;UOP01-DEL02-DF 
583815;"1299640   ";2024-02-20;terça-feira;09:00:00;DF;"20   ";"21   ";BRASILIA;Não;Reação tardia ou ineficiente do condutor;3;Colisão lateral mesmo sentido;Sem Vítimas;Pleno dia;Crescente;Chuva;Dupla;"Aclive;Reta";Sim  ;"1040977   ";Automóvel;GM/CORSA MILENIUM;"2001      ";Condutor;Ileso;"42   ";Masculino;"1 ";"0    ";"0    ";"0    ";-15.6033840;-47.6846920;SPRF-DF;DEL02-DF;UOP01-DEL02-DF 
583815;"1299635   ";2024-02-20;terça-feira;09:00:00;DF;"20   ";"21   ";BRASILIA;Não;Frear bruscamente;3;Colisão lateral mesmo sentido;Sem Vítimas;Pleno dia;Crescente;Chuva;Dupla;"Aclive;Reta";Sim  ;"1040974   ";Utilitário;I/MMC OUTLANDER 3.0 HPES;"2019      ";Passageiro;Ileso;"31   ";Masculino;"1 ";"0    ";"0    ";"0    ";-15.6033840;-47.6846920;SPRF-DF;DEL02-DF;UOP01-DEL02-DF 
583815;"1299631   ";2024-02-20;terça-feira;09:00:00;DF;"20   ";"21   ";BRASILIA;Não;Frear bruscamente;3;Colisão lateral mesmo sentido;Sem Vítimas;Pleno dia;Crescente;Chuva;Dupla;"Aclive;Reta";Sim  ;"1040974   ";Utilitário;I/MMC OUTLANDER 3.0 HPES;"2019      ";Passageiro;Ileso;"26   ";Masculino;"1 ";"0    ";"0    ";"0    ";-15.6033840;-47.6846920;SPRF-DF;DEL02-DF;UOP01-DEL02-DF 
583815;"1299636   ";2024-02-20;terça-feira;09:00:00;DF;"20   ";"21   ";BRASILIA;Não;Frear bruscamente;3;Colisão lateral mesmo sentido;Sem Vítimas;Pleno dia;Crescente;Chuva;Dupla;"Aclive;Reta";Sim  ;"1040974   ";Utilitário;I/MMC OUTLANDER 3.0 HPES;"2019      ";Condutor;Ileso;"35   ";Masculino;"1 ";"0    ";"0    ";"0    ";-15.6033840;-47.6846920;SPRF-DF;DEL02-DF;UOP01-DEL02-DF 
583815;"1299632   ";2024-02-20;terça-feira;09:00:00;DF;"20   ";"21   ";BRASILIA;Não;Frear bruscamente;3;Colisão lateral mesmo sentido;Sem Vítimas;Pleno dia;Crescente;Chuva;Dupla;"Aclive;Reta";Sim  ;"1040975   ";Caminhonete;MMC/L200 TRITON SPT GL;"2018      ";Passageiro;Ileso;"33   ";Masculino;"1 ";"0    ";"0    ";"0    ";-15.6033840;-47.6846920;SPRF-DF;DEL02-DF;UOP01-DEL02-DF 
583815;"1299633   ";2024-02-20;terça-feira;09:00:00;DF;"20   ";"21   ";BRASILIA;Não;Frear bruscamente;3;Colisão lateral mesmo sentido;Sem Vítimas;Pleno dia;Crescente;Chuva;Dupla;"Aclive;Reta";Sim  ;"1040975   ";Caminhonete;MMC/L200 TRITON SPT GL;"2018      ";Passageiro;Ileso;"44   ";Masculino;"1 ";"0    ";"0    ";"0    ";-15.6033840;-47.6846920;SPRF-DF;DEL02-DF;UOP01-DEL02-DF 
583815;"1299634   ";2024-02-20;terça-feira;09:00:00;DF;"20   ";"21   ";BRASILIA;Não;Frear bruscamente;3;Colisão lateral mesmo sentido;Sem Vítimas;Pleno dia;Crescente;Chuva;Dupla;"Aclive;Reta";Sim  ;"1040975   ";Caminhonete;MMC/L200 TRITON SPT GL;"2018      ";Condutor;Ileso;"36   ";Masculino;"1 ";"0    ";"0    ";"0    ";-15.6033840;-47.6846920;SPRF-DF;DEL02-DF;UOP01-DEL02-DF 
583815;"1299637   ";2024-02-20;terça-feira;09:00:00;DF;"20   ";"21   ";BRASILIA;Não;Frear bruscamente;3;Colisão lateral mesmo sentido;Sem Vítimas;Pleno dia;Crescente;Chuva;Dupla;"Aclive;Reta";Sim  ;"1040976   ";Caminhonete;MMC/L200 TRITON SPT GL;"2018      ";Passageiro;Ileso;"34   ";Masculino;"1 ";"0    ";"0    ";"0    ";-15.6033840;-47.6846920;SPRF-DF;DEL02-DF;UOP01-DEL02-DF 
583815;"1299638   ";2024-02-20;terça-feira;09:00:00;DF;"20   ";"21   ";BRASILIA;Não;Frear bruscamente;3;Colisão lateral mesmo sentido;Sem Vítimas;Pleno dia;Crescente;Chuva;Dupla;"Aclive;Reta";Sim  ;"1040976   ";Caminhonete;MMC/L200 TRITON SPT GL;"2018      ";Passageiro;Ileso;"28   ";Masculino;"1 ";"0    ";"0    ";"0    ";-15.6033840;-47.6846920;SPRF-DF;DEL02-DF;UOP01-DEL02-DF 
583815;"1299639   ";2024-02-20;terça-feira;09:00:00;DF;"20   ";"21   ";BRASILIA;Não;Frear bruscamente;3;Colisão lateral mesmo sentido;Sem Vítimas;Pleno dia;Crescente;Chuva;Dupla;"Aclive;Reta";Sim  ;"1040976   ";Caminhonete;MMC/L200 TRITON SPT GL;"2018      ";Condutor;Ileso;"32   ";Masculino;"1 ";"0    ";"0    ";"0    ";-15.6033840;-47.6846920;SPRF-DF;DEL02-DF;UOP01-DEL02-DF 
583815;"1299640   ";2024-02-20;terça-feira;09:00:00;DF;"20   ";"21   ";BRASILIA;Não;Frear bruscamente;3;Colisão lateral mesmo sentido;Sem Vítimas;Pleno dia;Crescente;Chuva;Dupla;"Aclive;Reta";Sim  ;"1040977   ";Automóvel;GM/CORSA MILENIUM;"2001      ";Condutor;Ileso;"42   ";Masculino;"1 ";"0    ";"0    ";"0    ";-15.6033840;-47.6846920;SPRF-DF;DEL02-DF;UOP01-DEL02-DF 
583815;"1299635   ";2024-02-20;terça-feira;09:00:00;DF;"20   ";"21   ";BRASILIA;Não;Entrada inopinada do pedestre;3;Colisão lateral mesmo sentido;Sem Vítimas;Pleno dia;Crescente;Chuva;Dupla;"Aclive;Reta";Sim  ;"1040974   ";Utilitário;I/MMC OUTLANDER 3.0 HPES;"2019      ";Passageiro;Ileso;"31   ";Masculino;"1 ";"0    ";"0    ";"0    ";-15.6033840;-47.6846920;SPRF-DF;DEL02-DF;UOP01-DEL02-DF 
583815;"1299631   ";2024-02-20;terça-feira;09:00:00;DF;"20   ";"21   ";BRASILIA;Não;Entrada inopinada do pedestre;3;Colisão lateral mesmo sentido;Sem Vítimas;Pleno dia;Crescente;Chuva;Dupla;"Aclive;Reta";Sim  ;"1040974   ";Utilitário;I/MMC OUTLANDER 3.0 HPES;"2019      ";Passageiro;Ileso;"26   ";Masculino;"1 ";"0    ";"0    ";"0    ";-15.6033840;-47.6846920;SPRF-DF;DEL02-DF;UOP01-DEL02-DF 
583815;"1299636   ";2024-02-20;terça-feira;09:00:00;DF;"20   ";"21   ";BRASILIA;Não;Entrada inopinada do pedestre;3;Colisão lateral mesmo sentido;Sem Vítimas;Pleno dia;Crescente;Chuva;Dupla;"Aclive;Reta";Sim  ;"1040974   ";Utilitário;I/MMC OUTLANDER 3.0 HPES;"2019      ";Condutor;Ileso;"35   ";Masculino;"1 ";"0    ";"0    ";"0    ";-15.6033840;-47.6846920;SPRF-DF;DEL02-DF;UOP01-DEL02-DF 
583815;"1299632   ";2024-02-20;terça-feira;09:00:00;DF;"20   ";"21   ";BRASILIA;Não;Entrada inopinada do pedestre;3;Colisão lateral mesmo sentido;Sem Vítimas;Pleno dia;Crescente;Chuva;Dupla;"Aclive;Reta";Sim  ;"1040975   ";Caminhonete;MMC/L200 TRITON SPT GL;"2018      ";Passageiro;Ileso;"33   ";Masculino;"1 ";"0    ";"0    ";"0    ";-15.6033840;-47.6846920;SPRF-DF;DEL02-DF;UOP01-DEL02-DF 
583815;"1299633   ";2024-02-20;terça-feira;09:00:00;DF;"20   ";"21   ";BRASILIA;Não;Entrada inopinada do pedestre;3;Colisão lateral mesmo sentido;Sem Vítimas;Pleno dia;Crescente;Chuva;Dupla;"Aclive;Reta";Sim  ;"1040975   ";Caminhonete;MMC/L200 TRITON SPT GL;"2018      ";Passageiro;Ileso;"44   ";Masculino;"1 ";"0    ";"0    ";"0    ";-15.6033840;-47.6846920;SPRF-DF;DEL02-DF;UOP01-DEL02-DF 
583815;"1299634   ";2024-02-20;terça-feira;09:00:00;DF;"20   ";"21   ";BRASILIA;Não;Entrada inopinada do pedestre;3;Colisão lateral mesmo sentido;Sem Vítimas;Pleno dia;Crescente;Chuva;Dupla;"Aclive;Reta";Sim  ;"1040975   ";Caminhonete;MMC/L200 TRITON SPT GL;"2018      ";Condutor;Ileso;"36   ";Masculino;"1 ";"0    ";"0    ";"0    ";-15.6033840;-47.6846920;SPRF-DF;DEL02-DF;UOP01-DEL02-DF 
583815;"1299637   ";2024-02-20;terça-feira;09:00:00;DF;"20   ";"21   ";BRASILIA;Não;Entrada inopinada do pedestre;3;Colisão lateral mesmo sentido;Sem Vítimas;Pleno dia;Crescente;Chuva;Dupla;"Aclive;Reta";Sim  ;"1040976   ";Caminhonete;MMC/L200 TRITON SPT GL;"2018      ";Passageiro;Ileso;"34   ";Masculino;"1 ";"0    ";"0    ";"0    ";-15.6033840;-47.6846920;SPRF-DF;DEL02-DF;UOP01-DEL02-DF 
583815;"1299638   ";2024-02-20;terça-feira;09:00:00;DF;"20   ";"21   ";BRASILIA;Não;Entrada inopinada do pedestre;3;Colisão lateral mesmo sentido;Sem Vítimas;Pleno dia;Crescente;Chuva;Dupla;"Aclive;Reta";Sim  ;"1040976   ";Caminhonete;MMC/L200 TRITON SPT GL;"2018      ";Passageiro;Ileso;"28   ";Masculino;"1 ";"0    ";"0    ";"0    ";-15.6033840;-47.6846920;SPRF-DF;DEL02-DF;UOP01-DEL02-DF 