id;pesid;data_inversa;dia_semana;horario;uf;br;km;municipio;causa_principal;causa_acidente;ordem_tipo_acidente;tipo_acidente;classificacao_acidente;fase_dia;sentido_via;condicao_metereologica;tipo_pista;tracado_via;uso_solo;id_veiculo;tipo_veiculo;marca;ano_fabricacao_veiculo;tipo_envolvido;estado_fisico;idade;sexo;ilesos;feridos_leves;feridos_graves;mortos;latitude;longitude;regional;delegacia;uop
584546;"1301342   ";2024-03-02;sábado;19:18:00;GO;"50   ";"97,8 ";CRISTALINA;Não;Ingestão de álcool pelo condutor;1;Colisão transversal;Sem Vítimas;Plena Noite;Crescente;Céu Claro;Simples;"Reta;Rotatória;Em Obras";Sim  ;"1042390   ";Automóvel;GM/CELTA;"2001      ";Condutor;Ileso;"45   ";Masculino;"1 ";"0    ";"0    ";"0    ";-16.7660221;-47.6158941;SPRF-DF;DEL01-DF;UOP02-DEL01-DF 
584546;"1301330   ";2024-03-02;sábado;19:18:00;GO;"50   ";"97,8 ";CRISTALINA;Não;Ingestão de álcool pelo condutor;1;Colisão transversal;Sem Vítimas;Plena Noite;Crescente;Céu Claro;Simples;"Reta;Rotatória;Em Obras";Sim  ;"1042389   ";Automóvel;FIAT/PALIO FIRE;"2014      ";Passageiro;Ileso;"24   ";Feminino;"1 ";"0    ";"0    ";"0    ";-16.7660221;-47.6158941;SPRF-DF;DEL01-DF;UOP02-DEL01-DF 
584546;"1301328   ";2024-03-02;sábado;19:18:00;GO;"50   ";"97,8 ";CRISTALINA;Não;Ingestão de álcool pelo condutor;1;Colisão transversal;Sem Vítimas;Plena Noite;Crescente;Céu Claro;Simples;"Reta;Rotatória;Em Obras";Sim  ;"1042389   ";Automóvel;FIAT/PALIO FIRE;"2014      ";Condutor;Ileso;"60   ";Masculino;"1 ";"0    ";"0    ";"0    ";-16.7660221;-47.6158941;SPRF-DF;DEL01-DF;UOP02-DEL01-DF 
584546;"1301340   ";2024-03-02;sábado;19:18:00;GO;"50   ";"97,8 ";CRISTALINA;Não;Ingestão de álcool pelo condutor;1;Colisão transversal;Sem Vítimas;Plena Noite;Crescente;Céu Claro;Simples;"Reta;Rotatória;Em Obras";Sim  ;"1042389   ";Automóvel;FIAT/PALIO FIRE;"2014      ";Passageiro;Ileso;"59   ";Feminino;"1 ";"0    ";"0    ";"0    ";-16.7660221;-47.6158941;SPRF-DF;DEL01-DF;UOP02-DEL01-DF 
584546;"1301353   ";2024-03-02;sábado;19:18:00;GO;"50   ";"97,8 ";CRISTALINA;Não;Iluminação deficiente;1;Colisão transversal;Sem Vítimas;Plena Noite;Crescente;Céu Claro;Simples;"Reta;Rotatória;Em Obras";Sim  ;"1042390   ";Automóvel;GM/CELTA;"2001      ";Passageiro;Ileso;"49   ";Feminino;"1 ";"0    ";"0    ";"0    ";-16.7660221;-47.6158941;SPRF-DF;DEL01-DF;UOP02-DEL01-DF 
584546;"1301342   ";2024-03-02;sábado;19:18:00;GO;"50   ";"97,8 ";CRISTALINA;Não;Iluminação deficiente;1;Colisão transversal;Sem Vítimas;Plena Noite;Crescente;Céu Claro;Simples;"Reta;Rotatória;Em Obras";Sim  ;"1042390   ";Automóvel;GM/CELTA;"2001      ";Condutor;Ileso;"45   ";Masculino;"1 ";"0    ";"0    ";"0    ";-16.7660221;-47.6158941;SPRF-DF;DEL01-DF;UOP02-DEL01-DF 
584546;"1301330   ";2024-03-02;sábado;19:18:00;GO;"50   ";"97,8 ";CRISTALINA;Não;Iluminação deficiente;1;Colisão transversal;Sem Vítimas;Plena Noite;Crescente;Céu Claro;Simples;"Reta;Rotatória;Em Obras";Sim  ;"1042389   ";Automóvel;FIAT/PALIO FIRE;"2014      ";Passageiro;Ileso;"24   ";Feminino;"1 ";"0    ";"0    ";"0    ";-16.7660221;-47.6158941;SPRF-DF;DEL01-DF;UOP02-DEL01-DF 
584546;"1301328   ";2024-03-02;sábado;19:18:00;GO;"50   ";"97,8 ";CRISTALINA;Não;Iluminação deficiente;1;Colisão transversal;Sem Vítimas;Plena Noite;Crescente;Céu Claro;Simples;"Reta;Rotatória;Em Obras";Sim  ;"1042389   ";Automóvel;FIAT/PALIO FIRE;"2014      ";Condutor;Ileso;"60   ";Masculino;"1 ";"0    ";"0    ";"0    ";-16.7660221;-47.6158941;SPRF-DF;DEL01-DF;UOP02-DEL01-DF 
584546;"1301340   ";2024-03-02;sábado;19:18:00;GO;"50   ";"97,8 ";CRISTALINA;Não;Iluminação deficiente;1;Colisão transversal;Sem Vítimas;Plena Noite;Crescente;Céu Claro;Simples;"Reta;Rotatória;Em Obras";Sim  ;"1042389   ";Automóvel;FIAT/PALIO FIRE;"2014      ";Passageiro;Ileso;"59   ";Feminino;"1 ";"0    ";"0    ";"0    ";-16.7660221;-47.6158941;SPRF-DF;DEL01-DF;UOP02-DEL01-DF 
584546;"1301353   ";2024-03-02;sábado;19:18:00;GO;"50   ";"97,8 ";CRISTALINA;Não;Desrespeitar a preferência no cruzamento;1;Colisão transversal;Sem Vítimas;Plena Noite;Crescente;Céu Claro;Simples;"Reta;Rotatória;Em Obras";Sim  ;"1042390   ";Automóvel;GM/CELTA;"2001      ";Passageiro;Ileso;"49   ";Feminino;"1 ";"0    ";"0    ";"0    ";-16.7660221;-47.6158941;SPRF-DF;DEL01-DF;UOP02-DEL01-DF 
584546;"1301342   ";2024-03-02;sábado;19:18:00;GO;"50   ";"97,8 ";CRISTALINA;Não;Desrespeitar a preferência no cruzamento;1;Colisão transversal;Sem Vítimas;Plena Noite;Crescente;Céu Claro;Simples;"Reta;Rotatória;Em Obras";Sim  ;"1042390   ";Automóvel;GM/CELTA;"2001      ";Condutor;Ileso;"45   ";Masculino;"1 ";"0    ";"0    ";"0    ";-16.7660221;-47.6158941;SPRF-DF;DEL01-DF;UOP02-DEL01-DF 
584546;"1301330   ";2024-03-02;sábado;19:18:00;GO;"50   ";"97,8 ";CRISTALINA;Não;Desrespeitar a preferência no cruzamento;1;Colisão transversal;Sem Vítimas;Plena Noite;Crescente;Céu Claro;Simples;"Reta;Rotatória;Em Obras";Sim  ;"1042389   ";Automóvel;FIAT/PALIO FIRE;"2014      ";Passageiro;Ileso;"24   ";Feminino;"1 ";"0    ";"0    ";"0    ";-16.7660221;-47.6158941;SPRF-DF;DEL01-DF;UOP02-DEL01-DF 
584546;"1301328   ";2024-03-02;sábado;19:18:00;GO;"50   ";"97,8 ";CRISTALINA;Não;Desrespeitar a preferência no cruzamento;1;Colisão transversal;Sem Vítimas;Plena Noite;Crescente;Céu Claro;Simples;"Reta;Rotatória;Em Obras";Sim  ;"1042389   ";Automóvel;FIAT/PALIO FIRE;"2014      ";Condutor;Ileso;"60   ";Masculino;"1 ";"0    ";"0    ";"0    ";-16.7660221;-47.6158941;SPRF-DF;DEL01-DF;UOP02-DEL01-DF 
584546;"1301340   ";2024-03-02;sábado;19:18:00;GO;"50   ";"97,8 ";CRISTALINA;Não;Desrespeitar a preferência no cruzamento;1;Colisão transversal;Sem Vítimas;Plena Noite;Crescente;Céu Claro;Simples;"Reta;Rotatória;Em Obras";Sim  ;"1042389   ";Automóvel;FIAT/PALIO FIRE;"2014      ";Passageiro;Ileso;"59   ";Feminino;"1 ";"0    ";"0    ";"0    ";-16.7660221;-47.6158941;SPRF-DF;DEL01-DF;UOP02-DEL01-DF 
584546;"1301353   ";2024-03-02;sábado;19:18:00;GO;"50   ";"97,8 ";CRISTALINA;Não;Avarias e/ou desgaste excessivo no pneu;1;Colisão transversal;Sem Vítimas;Plena Noite;Crescente;Céu Claro;Simples;"Reta;Rotatória;Em Obras";Sim  ;"1042390   ";Automóvel;GM/CELTA;"2001      ";Passageiro;Ileso;"49   ";Feminino;"1 ";"0    ";"0    ";"0    ";-16.7660221;-47.6158941;SPRF-DF;DEL01-DF;UOP02-DEL01-DF 
584546;"1301342   ";2024-03-02;sábado;19:18:00;GO;"50   ";"97,8 ";CRISTALINA;Não;Avarias e/ou desgaste excessivo no pneu;1;Colisão transversal;Sem Vítimas;Plena Noite;Crescente;Céu Claro;Simples;"Reta;Rotatória;Em Obras";Sim  ;"1042390   ";Automóvel;GM/CELTA;"2001      ";Condutor;Ileso;"45   ";Masculino;"1 ";"0    ";"0    ";"0    ";-16.7660221;-47.6158941;SPRF-DF;DEL01-DF;UOP02-DEL01-DF 
584546;"1301330   ";2024-03-02;sábado;19:18:00;GO;"50   ";"97,8 ";CRISTALINA;Não;Avarias e/ou desgaste excessivo no pneu;1;Colisão transversal;Sem Vítimas;Plena Noite;Crescente;Céu Claro;Simples;"Reta;Rotatória;Em Obras";Sim  ;"1042389   ";Automóvel;FIAT/PALIO FIRE;"2014      ";Passageiro;Ileso;"24   ";Feminino;"1 ";"0    ";"0    ";"0    ";-16.7660221;-47.6158941;SPRF-DF;DEL01-DF;UOP02-DEL01-DF 
584546;"1301328   ";2024-03-02;sábado;19:18:00;GO;"50   ";"97,8 ";CRISTALINA;Não;Avarias e/ou desgaste excessivo no pneu;1;Colisão transversal;Sem Vítimas;Plena Noite;Crescente;Céu Claro;Simples;"Reta;Rotatória;Em Obras";Sim  ;"1042389   ";Automóvel;FIAT/PALIO FIRE;"2014      ";Condutor;Ileso;"60   ";Masculino;"1 ";"0    ";"0    ";"0    ";-16.7660221;-47.6158941;SPRF-DF;DEL01-DF;UOP02-DEL01-DF 
584546;"1301340   ";2024-03-02;sábado;19:18:00;GO;"50   ";"97,8 ";CRISTALINA;Não;Avarias e/ou desgaste excessivo no pneu;1;Colisão transversal;Sem Vítimas;Plena Noite;Crescente;Céu Claro;Simples;"Reta;Rotatória;Em Obras";Sim  ;"1042389   ";Automóvel;FIAT/PALIO FIRE;"2014      ";Passageiro;Ileso;"59   ";Feminino;"1 ";"0    ";"0    ";"0    ";-16.7660221;-47.6158941;SPRF-DF;DEL01-DF;UOP02-DEL01-DF 
584546;"1301353   ";2024-03-02;sábado;19:18:00;GO;"50   ";"97,8 ";CRISTALINA;Sim;Acessar a via sem observar a presença dos outros veículos;1;Colisão transversal;Sem Vítimas;Plena Noite;Crescente;Céu Claro;Simples;"Reta;Rotatória;Em Obras";Sim  ;"1042390   ";Automóvel;GM/CELTA;"2001      ";Passageiro;Ileso;"49   ";Feminino;"1 ";"0    ";"0    ";"0    ";-16.7660221;-47.6158941;SPRF-DF;DEL01-DF;UOP02-DEL01-DF 
584546;"1301342   ";2024-03-02;sábado;19:18:00;GO;"50   ";"97,8 ";CRISTALINA;Sim;Acessar a via sem observar a presença dos outros veículos;1;Colisão transversal;Sem Vítimas;Plena Noite;Crescente;Céu Claro;Simples;"Reta;Rotatória;Em Obras";Sim  ;"1042390   ";Automóvel;GM/CELTA;"2001      ";Condutor;Ileso;"45   ";Masculino;"1 ";"0    ";"0    ";"0    ";-16.7660221;-47.6158941;SPRF-DF;DEL01-DF;UOP02-DEL01-DF 
584546;"1301330   ";2024-03-02;sábado;19:18:00;GO;"50   ";"97,8 ";CRISTALINA;Sim;Acessar a via sem observar a presença dos outros veículos;1;Colisão transversal;Sem Vítimas;Plena Noite;Crescente;Céu Claro;Simples;"Reta;Rotatória;Em Obras";Sim  ;"1042389   ";Automóvel;FIAT/PALIO FIRE;"2014      ";Passageiro;Ileso;"24   ";Feminino;"1 ";"0    ";"0    ";"0    ";-16.7660221;-47.6158941;SPRF-DF;DEL01-DF;UOP02-DEL01-DF 
584546;"1301328   ";2024-03-02;sábado;19:18:00;GO;"50   ";"97,8 ";CRISTALINA;Sim;Acessar a via sem observar a presença dos outros veículos;1;Colisão transversal;Sem Vítimas;Plena Noite;Crescente;Céu Claro;Simples;"Reta;Rotatória;Em Obras";Sim  ;"1042389   ";Automóvel;FIAT/PALIO FIRE;"2014      ";Condutor;Ileso;"60   ";Masculino;"1 ";"0    ";"0    ";"0    ";-16.7660221;-47.6158941;SPRF-DF;DEL01-DF;UOP02-DEL01-DF 
584546;"1301340   ";2024-03-02;sábado;19:18:00;GO;"50   ";"97,8 ";CRISTALINA;Sim;Acessar a via sem observar a presença dos outros veículos;1;Colisão transversal;Sem Vítimas;Plena Noite;Crescente;Céu Claro;Simples;"Reta;Rotatória;Em Obras";Sim  ;"1042389   ";Automóvel;FIAT/PALIO FIRE;"2014      ";Passageiro;Ileso;"59   ";Feminino;"1 ";"0    ";"0    ";"0    ";-16.7660221;-47.6158941;SPRF-DF;DEL01-DF;UOP02-DEL01-DF 
584588;"1301597   ";2024-03-02;sábado;21:52:00;GO;"60   ";"23   ";ALEXANIA;Não;Ausência de reação do condutor;1;Saída de leito carroçável;Com Vítimas Feridas;Plena Noite;Decrescente;Nublado;Dupla;Reta;Não  ;"1042578   ";Automóvel;IMP/FORD ESCORT GL 16V H;"1998      ";Condutor;Lesões Leves;"35   ";Masculino;"0 ";"1    ";"0    ";"0    ";-16.1185100;-48.4305550;SPRF-DF;DEL03-DF;UOP01-DEL03-DF 
584588;"1301597   ";2024-03-02;sábado;21:52:00;GO;"60   ";"23   ";ALEXANIA;Sim;Reação tardia ou ineficiente do condutor;1;Saída de leito carroçável;Com Vítimas Feridas;Plena Noite;Decrescente;Nublado;Dupla;Reta;Não  ;"1042578   ";Automóvel;IMP/FORD ESCORT GL 16V H;"1998      ";Condutor;Lesões Leves;"35   ";Masculino;"0 ";"1    ";"0    ";"0    ";-16.1185100;-48.4305550;SPRF-DF;DEL03-DF;UOP01-DEL03-DF 
584709;"1301729   ";2024-03-03;domingo;14:00:00;DF;"20   ";"2    ";BRASILIA;Sim;Condutor deixou de manter distância do veículo da frente;1;Colisão traseira;Com Vítimas Feridas;Pleno dia;Decrescente;Chuva;Dupla;Reta;Sim  ;"1042673   ";Motocicleta;MOTTU/SPORT 110I;"2022      ";Condutor;Lesões Leves;"25   ";Masculino;"0 ";"1    ";"0    ";"0    ";-15.6828960;-47.8407290;SPRF-DF;DEL02-DF;UOP01-DEL02-DF 
584709;"1301730   ";2024-03-03;domingo;14:00:00;DF;"20   ";"2    ";BRASILIA;Sim;Condutor deixou de manter distância do veículo da frente;1;Colisão traseira;Com Vítimas Feridas;Pleno dia;Decrescente;Chuva;Dupla;Reta;Sim  ;"1042674   ";Caminhonete;NISSAN/FRONTIER XE 4X4;"2012      ";Condutor;Ileso;"37   ";Masculino;"1 ";"0    ";"0    ";"0    ";-15.6828960;-47.8407290;SPRF-DF;DEL02-DF;UOP01-DEL02-DF 
584709;"1301731   ";2024-03-03;domingo;14:00:00;DF;"20   ";"2    ";BRASILIA;Sim;Condutor deixou de manter distância do veículo da frente;1;Colisão traseira;Com Vítimas Feridas;Pleno dia;Decrescente;Chuva;Dupla;Reta;Sim  ;"1042675   ";Automóvel;FIAT/LINEA 16V DUALOGIC;"2008      ";Condutor;Ileso;"49   ";Masculino;"1 ";"0    ";"0    ";"0    ";-15.6828960;-47.8407290;SPRF-DF;DEL02-DF;UOP01-DEL02-DF 
584730;"1302007   ";2024-03-03;domingo;16:00:00;DF;"251  ";"43,9 ";BRASILIA;Sim;Condutor Dormindo;2;Capotamento;Com Vítimas Feridas;Pleno dia;Crescente;Chuva;Simples;Curva;Não  ;"1042885   ";Automóvel;VW/VIRTUS HL AD;"2019      ";Condutor;Lesões Leves;"42   ";Masculino;"0 ";"1    ";"0    ";"0    ";-15.9483940;-47.8445490;SPRF-DF;DEL01-DF;UOP01-DEL01-DF 
584730;"1302007   ";2024-03-03;domingo;16:00:00;DF;"251  ";"43,9 ";BRASILIA;Sim;Condutor Dormindo;1;Saída de leito carroçável;Com Vítimas Feridas;Pleno dia;Crescente;Chuva;Simples;Curva;Não  ;"1042885   ";Automóvel;VW/VIRTUS HL AD;"2019      ";Condutor;Lesões Leves;"42   ";Masculino;"0 ";"1    ";"0    ";"0    ";-15.9483940;-47.8445490;SPRF-DF;DEL01-DF;UOP01-DEL01-DF 
584805;"1301874   ";2024-03-03;domingo;20:40:00;GO;"70   ";"9    ";AGUAS LINDAS DE GOIAS;Não;Velocidade Incompatível;1;Saída de leito carroçável;Sem Vítimas;Plena Noite;Decrescente;Céu Claro;Dupla;Reta;Sim  ;"1042784   ";Automóvel;CHEVROLET/CELTA 1.0L LT;"2012      ";Condutor;Ileso;"49   ";Masculino;"1 ";"0    ";"0    ";"0    ";-15.7357673;-48.2828805;SPRF-DF;DEL03-DF;UOP02-DEL03-DF 
584805;"1301881   ";2024-03-03;domingo;20:40:00;GO;"70   ";"9    ";AGUAS LINDAS DE GOIAS;Não;Velocidade Incompatível;1;Saída de leito carroçável;Sem Vítimas;Plena Noite;Decrescente;Céu Claro;Dupla;Reta;Sim  ;"1042784   ";Automóvel;CHEVROLET/CELTA 1.0L LT;"2012      ";Passageiro;Ileso;"30   ";Feminino;"1 ";"0    ";"0    ";"0    ";-15.7357673;-48.2828805;SPRF-DF;DEL03-DF;UOP02-DEL03-DF 
584805;"1301874   ";2024-03-03;domingo;20:40:00;GO;"70   ";"9    ";AGUAS LINDAS DE GOIAS;Sim;Manobra de mudança de faixa;1;Saída de leito carroçável;Sem Vítimas;Plena Noite;Decrescente;Céu Claro;Dupla;Reta;Sim  ;"1042784   ";Automóvel;CHEVROLET/CELTA 1.0L LT;"2012      ";Condutor;Ileso;"49   ";Masculino;"1 ";"0    ";"0    ";"0    ";-15.7357673;-48.2828805;SPRF-DF;DEL03-DF;UOP02-DEL03-DF 
584805;"1301881   ";2024-03-03;domingo;20:40:00;GO;"70   ";"9    ";AGUAS LINDAS DE GOIAS;Sim;Manobra de mudança de faixa;1;Saída de leito carroçável;Sem Vítimas;Plena Noite;Decrescente;Céu Claro;Dupla;Reta;Sim  ;"1042784   ";Automóvel;CHEVROLET/CELTA 1.0L LT;"2012      ";Passageiro;Ileso;"30   ";Feminino;"1 ";"0    ";"0    ";"0    ";-15.7357673;-48.2828805;SPRF-DF;DEL03-DF;UOP02-DEL03-DF 
584883;"1302053   ";2024-03-04;segunda-feira;06:30:00;DF;"60   ";"6,8  ";BRASILIA;Não;Ausência de reação do condutor;2;Colisão com objeto;Sem Vítimas;Amanhecer;Decrescente;Céu Claro;Dupla;"Reta;Aclive";Não  ;"1042932   ";Caminhão;VW/10.160 DRC 4X2;"2013      ";Condutor;Ileso;"57   ";Masculino;"1 ";"0    ";"0    ";"0    ";-15.8979390;-48.1130560;SPRF-DF;DEL03-DF;UOP01-DEL03-DF 
584883;"1302053   ";2024-03-04;segunda-feira;06:30:00;DF;"60   ";"6,8  ";BRASILIA;Sim;Condutor Dormindo;2;Colisão com objeto;Sem Vítimas;Amanhecer;Decrescente;Céu Claro;Dupla;"Reta;Aclive";Não  ;"1042932   ";Caminhão;VW/10.160 DRC 4X2;"2013      ";Condutor;Ileso;"57   ";Masculino;"1 ";"0    ";"0    ";"0    ";-15.8979390;-48.1130560;SPRF-DF;DEL03-DF;UOP01-DEL03-DF 
584883;"1302053   ";2024-03-04;segunda-feira;06:30:00;DF;"60   ";"6,8  ";BRASILIA;Não;Ausência de reação do condutor;1;Saída de leito carroçável;Sem Vítimas;Amanhecer;Decrescente;Céu Claro;Dupla;"Reta;Aclive";Não  ;"1042932   ";Caminhão;VW/10.160 DRC 4X2;"2013      ";Condutor;Ileso;"57   ";Masculino;"1 ";"0    ";"0    ";"0    ";-15.8979390;-48.1130560;SPRF-DF;DEL03-DF;UOP01-DEL03-DF 
584883;"1302053   ";2024-03-04;segunda-feira;06:30:00;DF;"60   ";"6,8  ";BRASILIA;Sim;Condutor Dormindo;1;Saída de leito carroçável;Sem Vítimas;Amanhecer;Decrescente;Céu Claro;Dupla;"Reta;Aclive";Não  ;"1042932   ";Caminhão;VW/10.160 DRC 4X2;"2013      ";Condutor;Ileso;"57   ";Masculino;"1 ";"0    ";"0    ";"0    ";-15.8979390;-48.1130560;SPRF-DF;DEL03-DF;UOP01-DEL03-DF 
584918;"1302167   ";2024-03-04;segunda-feira;09:18:00;DF;"80   ";"3,2  ";BRASILIA;Sim;Transitar na contramão;1;Colisão frontal;Com Vítimas Fatais;Pleno dia;Crescente;Nublado;Simples;Reta;Não  ;"1043028   ";Caminhão-trator;M.BENZ/AXOR 2544 S;"2014      ";Condutor;Ileso;"59   ";Masculino;"1 ";"0    ";"0    ";"0    ";-15.7315440;-48.1027490;SPRF-DF;DEL03-DF;UOP02-DEL03-DF 
584918;"1302166   ";2024-03-04;segunda-feira;09:18:00;DF;"80   ";"3,2  ";BRASILIA;Sim;Transitar na contramão;1;Colisão frontal;Com Vítimas Fatais;Pleno dia;Crescente;Nublado;Simples;Reta;Não  ;"1043027   ";Automóvel;GM/CELTA 4P SUPER;"2005      ";Condutor;Óbito;"30   ";Masculino;"0 ";"0    ";"0    ";"1    ";-15.7315440;-48.1027490;SPRF-DF;DEL03-DF;UOP02-DEL03-DF 
584918;"0         ";2024-03-04;segunda-feira;09:18:00;DF;"80   ";"3,2  ";BRASILIA;Sim;Transitar na contramão;1;Colisão frontal;Com Vítimas Fatais;Pleno dia;Crescente;Nublado;Simples;Reta;Não  ;"1044230   ";Semireboque;REB/ROSSETTI SRBA ST3.25;"2010      ";"0";"0";"0    ";"0";"0 ";"0    ";"0    ";"0    ";-15.7315440;-48.1027490;SPRF-DF;DEL03-DF;UOP02-DEL03-DF 
584918;"1302167   ";2024-03-04;segunda-feira;09:18:00;DF;"80   ";"3,2  ";BRASILIA;Não;Reação tardia ou ineficiente do condutor;1;Colisão frontal;Com Vítimas Fatais;Pleno dia;Crescente;Nublado;Simples;Reta;Não  ;"1043028   ";Caminhão-trator;M.BENZ/AXOR 2544 S;"2014      ";Condutor;Ileso;"59   ";Masculino;"1 ";"0    ";"0    ";"0    ";-15.7315440;-48.1027490;SPRF-DF;DEL03-DF;UOP02-DEL03-DF 
584918;"1302166   ";2024-03-04;segunda-feira;09:18:00;DF;"80   ";"3,2  ";BRASILIA;Não;Reação tardia ou ineficiente do condutor;1;Colisão frontal;Com Vítimas Fatais;Pleno dia;Crescente;Nublado;Simples;Reta;Não  ;"1043027   ";Automóvel;GM/CELTA 4P SUPER;"2005      ";Condutor;Óbito;"30   ";Masculino;"0 ";"0    ";"0    ";"1    ";-15.7315440;-48.1027490;SPRF-DF;DEL03-DF;UOP02-DEL03-DF 
584918;"0         ";2024-03-04;segunda-feira;09:18:00;DF;"80   ";"3,2  ";BRASILIA;Não;Reação tardia ou ineficiente do condutor;1;Colisão frontal;Com Vítimas Fatais;Pleno dia;Crescente;Nublado;Simples;Reta;Não  ;"1044230   ";Semireboque;REB/ROSSETTI SRBA ST3.25;"2010      ";"0";"0";"0    ";"0";"0 ";"0    ";"0    ";"0    ";-15.7315440;-48.1027490;SPRF-DF;DEL03-DF;UOP02-DEL03-DF 
584918;"1302167   ";2024-03-04;segunda-feira;09:18:00;DF;"80   ";"3,2  ";BRASILIA;Não;Mal súbito do condutor;1;Colisão frontal;Com Vítimas Fatais;Pleno dia;Crescente;Nublado;Simples;Reta;Não  ;"1043028   ";Caminhão-trator;M.BENZ/AXOR 2544 S;"2014      ";Condutor;Ileso;"59   ";Masculino;"1 ";"0    ";"0    ";"0    ";-15.7315440;-48.1027490;SPRF-DF;DEL03-DF;UOP02-DEL03-DF 
584918;"1302166   ";2024-03-04;segunda-feira;09:18:00;DF;"80   ";"3,2  ";BRASILIA;Não;Mal súbito do condutor;1;Colisão frontal;Com Vítimas Fatais;Pleno dia;Crescente;Nublado;Simples;Reta;Não  ;"1043027   ";Automóvel;GM/CELTA 4P SUPER;"2005      ";Condutor;Óbito;"30   ";Masculino;"0 ";"0    ";"0    ";"1    ";-15.7315440;-48.1027490;SPRF-DF;DEL03-DF;UOP02-DEL03-DF 
584918;"0         ";2024-03-04;segunda-feira;09:18:00;DF;"80   ";"3,2  ";BRASILIA;Não;Mal súbito do condutor;1;Colisão frontal;Com Vítimas Fatais;Pleno dia;Crescente;Nublado;Simples;Reta;Não  ;"1044230   ";Semireboque;REB/ROSSETTI SRBA ST3.25;"2010      ";"0";"0";"0    ";"0";"0 ";"0    ";"0    ";"0    ";-15.7315440;-48.1027490;SPRF-DF;DEL03-DF;UOP02-DEL03-DF 
584918;"1302167   ";2024-03-04;segunda-feira;09:18:00;DF;"80   ";"3,2  ";BRASILIA;Sim;Transitar na contramão;2;Saída de leito carroçável;Com Vítimas Fatais;Pleno dia;Crescente;Nublado;Simples;Reta;Não  ;"1043028   ";Caminhão-trator;M.BENZ/AXOR 2544 S;"2014      ";Condutor;Ileso;"59   ";Masculino;"1 ";"0    ";"0    ";"0    ";-15.7315440;-48.1027490;SPRF-DF;DEL03-DF;UOP02-DEL03-DF 
584918;"1302166   ";2024-03-04;segunda-feira;09:18:00;DF;"80   ";"3,2  ";BRASILIA;Sim;Transitar na contramão;2;Saída de leito carroçável;Com Vítimas Fatais;Pleno dia;Crescente;Nublado;Simples;Reta;Não  ;"1043027   ";Automóvel;GM/CELTA 4P SUPER;"2005      ";Condutor;Óbito;"30   ";Masculino;"0 ";"0    ";"0    ";"1    ";-15.7315440;-48.1027490;SPRF-DF;DEL03-DF;UOP02-DEL03-DF 
584918;"0         ";2024-03-04;segunda-feira;09:18:00;DF;"80   ";"3,2  ";BRASILIA;Sim;Transitar na contramão;2;Saída de leito carroçável;Com Vítimas Fatais;Pleno dia;Crescente;Nublado;Simples;Reta;Não  ;"1044230   ";Semireboque;REB/ROSSETTI SRBA ST3.25;"2010      ";"0";"0";"0    ";"0";"0 ";"0    ";"0    ";"0    ";-15.7315440;-48.1027490;SPRF-DF;DEL03-DF;UOP02-DEL03-DF 
584918;"1302167   ";2024-03-04;segunda-feira;09:18:00;DF;"80   ";"3,2  ";BRASILIA;Não;Reação tardia ou ineficiente do condutor;2;Saída de leito carroçável;Com Vítimas Fatais;Pleno dia;Crescente;Nublado;Simples;Reta;Não  ;"1043028   ";Caminhão-trator;M.BENZ/AXOR 2544 S;"2014      ";Condutor;Ileso;"59   ";Masculino;"1 ";"0    ";"0    ";"0    ";-15.7315440;-48.1027490;SPRF-DF;DEL03-DF;UOP02-DEL03-DF 
584918;"1302166   ";2024-03-04;segunda-feira;09:18:00;DF;"80   ";"3,2  ";BRASILIA;Não;Reação tardia ou ineficiente do condutor;2;Saída de leito carroçável;Com Vítimas Fatais;Pleno dia;Crescente;Nublado;Simples;Reta;Não  ;"1043027   ";Automóvel;GM/CELTA 4P SUPER;"2005      ";Condutor;Óbito;"30   ";Masculino;"0 ";"0    ";"0    ";"1    ";-15.7315440;-48.1027490;SPRF-DF;DEL03-DF;UOP02-DEL03-DF 
584918;"0         ";2024-03-04;segunda-feira;09:18:00;DF;"80   ";"3,2  ";BRASILIA;Não;Reação tardia ou ineficiente do condutor;2;Saída de leito carroçável;Com Vítimas Fatais;Pleno dia;Crescente;Nublado;Simples;Reta;Não  ;"1044230   ";Semireboque;REB/ROSSETTI SRBA ST3.25;"2010      ";"0";"0";"0    ";"0";"0 ";"0    ";"0    ";"0    ";-15.7315440;-48.1027490;SPRF-DF;DEL03-DF;UOP02-DEL03-DF 
584918;"1302167   ";2024-03-04;segunda-feira;09:18:00;DF;"80   ";"3,2  ";BRASILIA;Não;Mal súbito do condutor;2;Saída de leito carroçável;Com Vítimas Fatais;Pleno dia;Crescente;Nublado;Simples;Reta;Não  ;"1043028   ";Caminhão-trator;M.BENZ/AXOR 2544 S;"2014      ";Condutor;Ileso;"59   ";Masculino;"1 ";"0    ";"0    ";"0    ";-15.7315440;-48.1027490;SPRF-DF;DEL03-DF;UOP02-DEL03-DF 
584918;"1302166   ";2024-03-04;segunda-feira;09:18:00;DF;"80   ";"3,2  ";BRASILIA;Não;Mal súbito do condutor;2;Saída de leito carroçável;Com Vítimas Fatais;Pleno dia;Crescente;Nublado;Simples;Reta;Não  ;"1043027   ";Automóvel;GM/CELTA 4P SUPER;"2005      ";Condutor;Óbito;"30   ";Masculino;"0 ";"0    ";"0    ";"1    ";-15.7315440;-48.1027490;SPRF-DF;DEL03-DF;UOP02-DEL03-DF 