id;pesid;data_inversa;dia_semana;horario;uf;br;km;municipio;causa_principal;causa_acidente;ordem_tipo_acidente;tipo_acidente;classificacao_acidente;fase_dia;sentido_via;condicao_metereologica;tipo_pista;tracado_via;uso_solo;id_veiculo;tipo_veiculo;marca;ano_fabricacao_veiculo;tipo_envolvido;estado_fisico;idade;sexo;ilesos;feridos_leves;feridos_graves;mortos;latitude;longitude;regional;delegacia;uop
584918;"0         ";2024-03-04;segunda-feira;09:18:00;DF;"80   ";"3,2  ";BRASILIA;Não;Mal súbito do condutor;2;Saída de leito carroçável;Com Vítimas Fatais;Pleno dia;Crescente;Nublado;Simples;Reta;Não  ;"1044230   ";Semireboque;REB/ROSSETTI SRBA ST3.25;"2010      ";"0";"0";"0    ";"0";"0 ";"0    ";"0    ";"0    ";-15.7315440;-48.1027490;SPRF-DF;DEL03-DF;UOP02-DEL03-DF 
584929;"1302486   ";2024-03-04;segunda-feira;10:25:00;DF;"20   ";"22   ";BRASILIA;Sim;Acessar a via sem observar a presença dos outros veículos;1;Colisão transversal;Com Vítimas Feridas;Pleno dia;Crescente;Nublado;Múltipla;"Declive;Reta";Sim  ;"1043257   ";Automóvel;VW/QUANTUM CL 1800 I;"1994      ";Passageiro;Ileso;"17   ";Masculino;"1 ";"0    ";"0    ";"0    ";-15.5983400;-47.6761860;SPRF-DF;DEL02-DF;UOP01-DEL02-DF 
584929;"1302485   ";2024-03-04;segunda-feira;10:25:00;DF;"20   ";"22   ";BRASILIA;Sim;Acessar a via sem observar a presença dos outros veículos;1;Colisão transversal;Com Vítimas Feridas;Pleno dia;Crescente;Nublado;Múltipla;"Declive;Reta";Sim  ;"1043257   ";Automóvel;VW/QUANTUM CL 1800 I;"1994      ";Condutor;Lesões Leves;"74   ";Masculino;"0 ";"1    ";"0    ";"0    ";-15.5983400;-47.6761860;SPRF-DF;DEL02-DF;UOP01-DEL02-DF 
584929;"1302489   ";2024-03-04;segunda-feira;10:25:00;DF;"20   ";"22   ";BRASILIA;Sim;Acessar a via sem observar a presença dos outros veículos;1;Colisão transversal;Com Vítimas Feridas;Pleno dia;Crescente;Nublado;Múltipla;"Declive;Reta";Sim  ;"1043258   ";Automóvel;RENAULT/KWID ZEN 10MT;"2021      ";Passageiro;Lesões Graves;"29   ";Feminino;"0 ";"0    ";"1    ";"0    ";-15.5983400;-47.6761860;SPRF-DF;DEL02-DF;UOP01-DEL02-DF 
584929;"1302488   ";2024-03-04;segunda-feira;10:25:00;DF;"20   ";"22   ";BRASILIA;Sim;Acessar a via sem observar a presença dos outros veículos;1;Colisão transversal;Com Vítimas Feridas;Pleno dia;Crescente;Nublado;Múltipla;"Declive;Reta";Sim  ;"1043258   ";Automóvel;RENAULT/KWID ZEN 10MT;"2021      ";Condutor;Lesões Leves;"34   ";Masculino;"0 ";"1    ";"0    ";"0    ";-15.5983400;-47.6761860;SPRF-DF;DEL02-DF;UOP01-DEL02-DF 
584950;"1302262   ";2024-03-04;segunda-feira;11:40:00;GO;"50   ";"98   ";CRISTALINA;Sim;Acessar a via sem observar a presença dos outros veículos;3;Queda de ocupante de veículo;Com Vítimas Feridas;Pleno dia;Crescente;Nublado;Simples;"Interseção de Vias;Reta";Sim  ;"1043104   ";Motocicleta;HONDA/CG 150 FAN ESI;"2010      ";Condutor;Lesões Graves;"50   ";Masculino;"0 ";"0    ";"1    ";"0    ";-16.7665708;-47.6161660;SPRF-DF;DEL01-DF;UOP02-DEL01-DF 
584950;"1302257   ";2024-03-04;segunda-feira;11:40:00;GO;"50   ";"98   ";CRISTALINA;Sim;Acessar a via sem observar a presença dos outros veículos;3;Queda de ocupante de veículo;Com Vítimas Feridas;Pleno dia;Crescente;Nublado;Simples;"Interseção de Vias;Reta";Sim  ;"1043103   ";Caminhonete;FIAT/STRADA WORKING CE;"2010      ";Condutor;Ileso;"52   ";Masculino;"1 ";"0    ";"0    ";"0    ";-16.7665708;-47.6161660;SPRF-DF;DEL01-DF;UOP02-DEL01-DF 
584950;"1302262   ";2024-03-04;segunda-feira;11:40:00;GO;"50   ";"98   ";CRISTALINA;Sim;Acessar a via sem observar a presença dos outros veículos;2;Tombamento;Com Vítimas Feridas;Pleno dia;Crescente;Nublado;Simples;"Interseção de Vias;Reta";Sim  ;"1043104   ";Motocicleta;HONDA/CG 150 FAN ESI;"2010      ";Condutor;Lesões Graves;"50   ";Masculino;"0 ";"0    ";"1    ";"0    ";-16.7665708;-47.6161660;SPRF-DF;DEL01-DF;UOP02-DEL01-DF 
584950;"1302257   ";2024-03-04;segunda-feira;11:40:00;GO;"50   ";"98   ";CRISTALINA;Sim;Acessar a via sem observar a presença dos outros veículos;2;Tombamento;Com Vítimas Feridas;Pleno dia;Crescente;Nublado;Simples;"Interseção de Vias;Reta";Sim  ;"1043103   ";Caminhonete;FIAT/STRADA WORKING CE;"2010      ";Condutor;Ileso;"52   ";Masculino;"1 ";"0    ";"0    ";"0    ";-16.7665708;-47.6161660;SPRF-DF;DEL01-DF;UOP02-DEL01-DF 
584950;"1302262   ";2024-03-04;segunda-feira;11:40:00;GO;"50   ";"98   ";CRISTALINA;Sim;Acessar a via sem observar a presença dos outros veículos;1;Colisão transversal;Com Vítimas Feridas;Pleno dia;Crescente;Nublado;Simples;"Interseção de Vias;Reta";Sim  ;"1043104   ";Motocicleta;HONDA/CG 150 FAN ESI;"2010      ";Condutor;Lesões Graves;"50   ";Masculino;"0 ";"0    ";"1    ";"0    ";-16.7665708;-47.6161660;SPRF-DF;DEL01-DF;UOP02-DEL01-DF 
584950;"1302257   ";2024-03-04;segunda-feira;11:40:00;GO;"50   ";"98   ";CRISTALINA;Sim;Acessar a via sem observar a presença dos outros veículos;1;Colisão transversal;Com Vítimas Feridas;Pleno dia;Crescente;Nublado;Simples;"Interseção de Vias;Reta";Sim  ;"1043103   ";Caminhonete;FIAT/STRADA WORKING CE;"2010      ";Condutor;Ileso;"52   ";Masculino;"1 ";"0    ";"0    ";"0    ";-16.7665708;-47.6161660;SPRF-DF;DEL01-DF;UOP02-DEL01-DF 
584969;"1302455   ";2024-03-04;segunda-feira;14:18:00;DF;"20   ";"22   ";BRASILIA;Sim;Reação tardia ou ineficiente do condutor;1;Saída de leito carroçável;Sem Vítimas;Pleno dia;Decrescente;Chuva;Dupla;Reta;Sim  ;"1043236   ";Automóvel;CHERY/QQ 1.0 ACT;"2017      ";Condutor;Ileso;"29   ";Feminino;"1 ";"0    ";"0    ";"0    ";-15.5983400;-47.6761860;SPRF-DF;DEL02-DF;UOP01-DEL02-DF 
584969;"1302455   ";2024-03-04;segunda-feira;14:18:00;DF;"20   ";"22   ";BRASILIA;Sim;Reação tardia ou ineficiente do condutor;2;Colisão com objeto;Sem Vítimas;Pleno dia;Decrescente;Chuva;Dupla;Reta;Sim  ;"1043236   ";Automóvel;CHERY/QQ 1.0 ACT;"2017      ";Condutor;Ileso;"29   ";Feminino;"1 ";"0    ";"0    ";"0    ";-15.5983400;-47.6761860;SPRF-DF;DEL02-DF;UOP01-DEL02-DF 
584982;"1302392   ";2024-03-04;segunda-feira;14:22:00;DF;"60   ";"26,9 ";BRASILIA;Sim;Manobra de mudança de faixa;1;Capotamento;Com Vítimas Feridas;Pleno dia;Decrescente;Chuva;Dupla;Reta;Sim  ;"1043171   ";Automóvel;TOYOTA/COROLLA SEG18FLEX;"2009      ";Passageiro;Ileso;"58   ";Masculino;"1 ";"0    ";"0    ";"0    ";-16.0035040;-48.2452810;SPRF-DF;DEL03-DF;UOP01-DEL03-DF 
584982;"1302389   ";2024-03-04;segunda-feira;14:22:00;DF;"60   ";"26,9 ";BRASILIA;Sim;Manobra de mudança de faixa;1;Capotamento;Com Vítimas Feridas;Pleno dia;Decrescente;Chuva;Dupla;Reta;Sim  ;"1043171   ";Automóvel;TOYOTA/COROLLA SEG18FLEX;"2009      ";Condutor;Lesões Leves;"45   ";Masculino;"0 ";"1    ";"0    ";"0    ";-16.0035040;-48.2452810;SPRF-DF;DEL03-DF;UOP01-DEL03-DF 
585002;"1302360   ";2024-03-04;segunda-feira;17:25:00;GO;"40   ";"8,3  ";VALPARAISO DE GOIAS;Sim;Demais falhas mecânicas ou elétricas;1;Incêndio;Sem Vítimas;Pleno dia;Decrescente;Garoa/Chuvisco;Dupla;Reta;Sim  ;"1043154   ";Automóvel;I/PEUGEOT 408 GRIFFE THP;"2013      ";Condutor;Ileso;"46   ";Masculino;"1 ";"0    ";"0    ";"0    ";-16.0512163;-47.9814899;SPRF-DF;DEL01-DF;UOP01-DEL01-DF 
585042;"1302558   ";2024-03-04;segunda-feira;18:35:00;GO;"40   ";"32,8 ";LUZIANIA;Sim;Condutor usando celular;3;Capotamento;Com Vítimas Feridas;Plena Noite;Decrescente;Nublado;Dupla;Reta;Não  ;"1043316   ";Automóvel;FIAT/MOBI LIKE;"2023      ";Condutor;Ileso;"19   ";Masculino;"1 ";"0    ";"0    ";"0    ";-16.2919470;-47.8521390;SPRF-DF;DEL01-DF;UOP01-DEL01-DF 
585042;"1302559   ";2024-03-04;segunda-feira;18:35:00;GO;"40   ";"32,8 ";LUZIANIA;Sim;Condutor usando celular;3;Capotamento;Com Vítimas Feridas;Plena Noite;Decrescente;Nublado;Dupla;Reta;Não  ;"1043316   ";Automóvel;FIAT/MOBI LIKE;"2023      ";Passageiro;Lesões Leves;"30   ";Masculino;"0 ";"1    ";"0    ";"0    ";-16.2919470;-47.8521390;SPRF-DF;DEL01-DF;UOP01-DEL01-DF 
585042;"1302558   ";2024-03-04;segunda-feira;18:35:00;GO;"40   ";"32,8 ";LUZIANIA;Sim;Condutor usando celular;2;Colisão com objeto;Com Vítimas Feridas;Plena Noite;Decrescente;Nublado;Dupla;Reta;Não  ;"1043316   ";Automóvel;FIAT/MOBI LIKE;"2023      ";Condutor;Ileso;"19   ";Masculino;"1 ";"0    ";"0    ";"0    ";-16.2919470;-47.8521390;SPRF-DF;DEL01-DF;UOP01-DEL01-DF 
585042;"1302559   ";2024-03-04;segunda-feira;18:35:00;GO;"40   ";"32,8 ";LUZIANIA;Sim;Condutor usando celular;2;Colisão com objeto;Com Vítimas Feridas;Plena Noite;Decrescente;Nublado;Dupla;Reta;Não  ;"1043316   ";Automóvel;FIAT/MOBI LIKE;"2023      ";Passageiro;Lesões Leves;"30   ";Masculino;"0 ";"1    ";"0    ";"0    ";-16.2919470;-47.8521390;SPRF-DF;DEL01-DF;UOP01-DEL01-DF 
585042;"1302558   ";2024-03-04;segunda-feira;18:35:00;GO;"40   ";"32,8 ";LUZIANIA;Sim;Condutor usando celular;1;Saída de leito carroçável;Com Vítimas Feridas;Plena Noite;Decrescente;Nublado;Dupla;Reta;Não  ;"1043316   ";Automóvel;FIAT/MOBI LIKE;"2023      ";Condutor;Ileso;"19   ";Masculino;"1 ";"0    ";"0    ";"0    ";-16.2919470;-47.8521390;SPRF-DF;DEL01-DF;UOP01-DEL01-DF 
585042;"1302559   ";2024-03-04;segunda-feira;18:35:00;GO;"40   ";"32,8 ";LUZIANIA;Sim;Condutor usando celular;1;Saída de leito carroçável;Com Vítimas Feridas;Plena Noite;Decrescente;Nublado;Dupla;Reta;Não  ;"1043316   ";Automóvel;FIAT/MOBI LIKE;"2023      ";Passageiro;Lesões Leves;"30   ";Masculino;"0 ";"1    ";"0    ";"0    ";-16.2919470;-47.8521390;SPRF-DF;DEL01-DF;UOP01-DEL01-DF 
585078;"1302673   ";2024-03-05;terça-feira;01:20:00;GO;"20   ";"157,5";ALVORADA DO NORTE;Sim;Condutor Dormindo;3;Derramamento de carga;Com Vítimas Feridas;Plena Noite;Decrescente;Chuva;Simples;"Reta;Ponte";Não  ;"1043400   ";Caminhão;SCANIA/P360 B8X2;"2021      ";Condutor;Lesões Leves;"32   ";Masculino;"0 ";"1    ";"0    ";"0    ";-14.6355910;-46.6245810;SPRF-DF;DEL02-DF;UOP03-DEL02-DF 
585078;"1302681   ";2024-03-05;terça-feira;01:20:00;GO;"20   ";"157,5";ALVORADA DO NORTE;Sim;Condutor Dormindo;3;Derramamento de carga;Com Vítimas Feridas;Plena Noite;Decrescente;Chuva;Simples;"Reta;Ponte";Não  ;"1043400   ";Caminhão;SCANIA/P360 B8X2;"2021      ";Passageiro;Lesões Leves;"30   ";Feminino;"0 ";"1    ";"0    ";"0    ";-14.6355910;-46.6245810;SPRF-DF;DEL02-DF;UOP03-DEL02-DF 
585078;"1302673   ";2024-03-05;terça-feira;01:20:00;GO;"20   ";"157,5";ALVORADA DO NORTE;Não;Velocidade Incompatível;3;Derramamento de carga;Com Vítimas Feridas;Plena Noite;Decrescente;Chuva;Simples;"Reta;Ponte";Não  ;"1043400   ";Caminhão;SCANIA/P360 B8X2;"2021      ";Condutor;Lesões Leves;"32   ";Masculino;"0 ";"1    ";"0    ";"0    ";-14.6355910;-46.6245810;SPRF-DF;DEL02-DF;UOP03-DEL02-DF 
585078;"1302681   ";2024-03-05;terça-feira;01:20:00;GO;"20   ";"157,5";ALVORADA DO NORTE;Não;Velocidade Incompatível;3;Derramamento de carga;Com Vítimas Feridas;Plena Noite;Decrescente;Chuva;Simples;"Reta;Ponte";Não  ;"1043400   ";Caminhão;SCANIA/P360 B8X2;"2021      ";Passageiro;Lesões Leves;"30   ";Feminino;"0 ";"1    ";"0    ";"0    ";-14.6355910;-46.6245810;SPRF-DF;DEL02-DF;UOP03-DEL02-DF 
585078;"1302673   ";2024-03-05;terça-feira;01:20:00;GO;"20   ";"157,5";ALVORADA DO NORTE;Não;Reação tardia ou ineficiente do condutor;3;Derramamento de carga;Com Vítimas Feridas;Plena Noite;Decrescente;Chuva;Simples;"Reta;Ponte";Não  ;"1043400   ";Caminhão;SCANIA/P360 B8X2;"2021      ";Condutor;Lesões Leves;"32   ";Masculino;"0 ";"1    ";"0    ";"0    ";-14.6355910;-46.6245810;SPRF-DF;DEL02-DF;UOP03-DEL02-DF 
585078;"1302681   ";2024-03-05;terça-feira;01:20:00;GO;"20   ";"157,5";ALVORADA DO NORTE;Não;Reação tardia ou ineficiente do condutor;3;Derramamento de carga;Com Vítimas Feridas;Plena Noite;Decrescente;Chuva;Simples;"Reta;Ponte";Não  ;"1043400   ";Caminhão;SCANIA/P360 B8X2;"2021      ";Passageiro;Lesões Leves;"30   ";Feminino;"0 ";"1    ";"0    ";"0    ";-14.6355910;-46.6245810;SPRF-DF;DEL02-DF;UOP03-DEL02-DF 
585078;"1302673   ";2024-03-05;terça-feira;01:20:00;GO;"20   ";"157,5";ALVORADA DO NORTE;Não;Chuva;3;Derramamento de carga;Com Vítimas Feridas;Plena Noite;Decrescente;Chuva;Simples;"Reta;Ponte";Não  ;"1043400   ";Caminhão;SCANIA/P360 B8X2;"2021      ";Condutor;Lesões Leves;"32   ";Masculino;"0 ";"1    ";"0    ";"0    ";-14.6355910;-46.6245810;SPRF-DF;DEL02-DF;UOP03-DEL02-DF 
585078;"1302681   ";2024-03-05;terça-feira;01:20:00;GO;"20   ";"157,5";ALVORADA DO NORTE;Não;Chuva;3;Derramamento de carga;Com Vítimas Feridas;Plena Noite;Decrescente;Chuva;Simples;"Reta;Ponte";Não  ;"1043400   ";Caminhão;SCANIA/P360 B8X2;"2021      ";Passageiro;Lesões Leves;"30   ";Feminino;"0 ";"1    ";"0    ";"0    ";-14.6355910;-46.6245810;SPRF-DF;DEL02-DF;UOP03-DEL02-DF 
585078;"1302673   ";2024-03-05;terça-feira;01:20:00;GO;"20   ";"157,5";ALVORADA DO NORTE;Sim;Condutor Dormindo;2;Tombamento;Com Vítimas Feridas;Plena Noite;Decrescente;Chuva;Simples;"Reta;Ponte";Não  ;"1043400   ";Caminhão;SCANIA/P360 B8X2;"2021      ";Condutor;Lesões Leves;"32   ";Masculino;"0 ";"1    ";"0    ";"0    ";-14.6355910;-46.6245810;SPRF-DF;DEL02-DF;UOP03-DEL02-DF 
585078;"1302681   ";2024-03-05;terça-feira;01:20:00;GO;"20   ";"157,5";ALVORADA DO NORTE;Sim;Condutor Dormindo;2;Tombamento;Com Vítimas Feridas;Plena Noite;Decrescente;Chuva;Simples;"Reta;Ponte";Não  ;"1043400   ";Caminhão;SCANIA/P360 B8X2;"2021      ";Passageiro;Lesões Leves;"30   ";Feminino;"0 ";"1    ";"0    ";"0    ";-14.6355910;-46.6245810;SPRF-DF;DEL02-DF;UOP03-DEL02-DF 
585078;"1302673   ";2024-03-05;terça-feira;01:20:00;GO;"20   ";"157,5";ALVORADA DO NORTE;Não;Velocidade Incompatível;2;Tombamento;Com Vítimas Feridas;Plena Noite;Decrescente;Chuva;Simples;"Reta;Ponte";Não  ;"1043400   ";Caminhão;SCANIA/P360 B8X2;"2021      ";Condutor;Lesões Leves;"32   ";Masculino;"0 ";"1    ";"0    ";"0    ";-14.6355910;-46.6245810;SPRF-DF;DEL02-DF;UOP03-DEL02-DF 
585078;"1302681   ";2024-03-05;terça-feira;01:20:00;GO;"20   ";"157,5";ALVORADA DO NORTE;Não;Velocidade Incompatível;2;Tombamento;Com Vítimas Feridas;Plena Noite;Decrescente;Chuva;Simples;"Reta;Ponte";Não  ;"1043400   ";Caminhão;SCANIA/P360 B8X2;"2021      ";Passageiro;Lesões Leves;"30   ";Feminino;"0 ";"1    ";"0    ";"0    ";-14.6355910;-46.6245810;SPRF-DF;DEL02-DF;UOP03-DEL02-DF 
585078;"1302673   ";2024-03-05;terça-feira;01:20:00;GO;"20   ";"157,5";ALVORADA DO NORTE;Não;Reação tardia ou ineficiente do condutor;2;Tombamento;Com Vítimas Feridas;Plena Noite;Decrescente;Chuva;Simples;"Reta;Ponte";Não  ;"1043400   ";Caminhão;SCANIA/P360 B8X2;"2021      ";Condutor;Lesões Leves;"32   ";Masculino;"0 ";"1    ";"0    ";"0    ";-14.6355910;-46.6245810;SPRF-DF;DEL02-DF;UOP03-DEL02-DF 
585078;"1302681   ";2024-03-05;terça-feira;01:20:00;GO;"20   ";"157,5";ALVORADA DO NORTE;Não;Reação tardia ou ineficiente do condutor;2;Tombamento;Com Vítimas Feridas;Plena Noite;Decrescente;Chuva;Simples;"Reta;Ponte";Não  ;"1043400   ";Caminhão;SCANIA/P360 B8X2;"2021      ";Passageiro;Lesões Leves;"30   ";Feminino;"0 ";"1    ";"0    ";"0    ";-14.6355910;-46.6245810;SPRF-DF;DEL02-DF;UOP03-DEL02-DF 
585078;"1302673   ";2024-03-05;terça-feira;01:20:00;GO;"20   ";"157,5";ALVORADA DO NORTE;Não;Chuva;2;Tombamento;Com Vítimas Feridas;Plena Noite;Decrescente;Chuva;Simples;"Reta;Ponte";Não  ;"1043400   ";Caminhão;SCANIA/P360 B8X2;"2021      ";Condutor;Lesões Leves;"32   ";Masculino;"0 ";"1    ";"0    ";"0    ";-14.6355910;-46.6245810;SPRF-DF;DEL02-DF;UOP03-DEL02-DF 
585078;"1302681   ";2024-03-05;terça-feira;01:20:00;GO;"20   ";"157,5";ALVORADA DO NORTE;Não;Chuva;2;Tombamento;Com Vítimas Feridas;Plena Noite;Decrescente;Chuva;Simples;"Reta;Ponte";Não  ;"1043400   ";Caminhão;SCANIA/P360 B8X2;"2021      ";Passageiro;Lesões Leves;"30   ";Feminino;"0 ";"1    ";"0    ";"0    ";-14.6355910;-46.6245810;SPRF-DF;DEL02-DF;UOP03-DEL02-DF 
585078;"1302673   ";2024-03-05;terça-feira;01:20:00;GO;"20   ";"157,5";ALVORADA DO NORTE;Sim;Condutor Dormindo;1;Colisão com objeto;Com Vítimas Feridas;Plena Noite;Decrescente;Chuva;Simples;"Reta;Ponte";Não  ;"1043400   ";Caminhão;SCANIA/P360 B8X2;"2021      ";Condutor;Lesões Leves;"32   ";Masculino;"0 ";"1    ";"0    ";"0    ";-14.6355910;-46.6245810;SPRF-DF;DEL02-DF;UOP03-DEL02-DF 
585078;"1302681   ";2024-03-05;terça-feira;01:20:00;GO;"20   ";"157,5";ALVORADA DO NORTE;Sim;Condutor Dormindo;1;Colisão com objeto;Com Vítimas Feridas;Plena Noite;Decrescente;Chuva;Simples;"Reta;Ponte";Não  ;"1043400   ";Caminhão;SCANIA/P360 B8X2;"2021      ";Passageiro;Lesões Leves;"30   ";Feminino;"0 ";"1    ";"0    ";"0    ";-14.6355910;-46.6245810;SPRF-DF;DEL02-DF;UOP03-DEL02-DF 
585078;"1302673   ";2024-03-05;terça-feira;01:20:00;GO;"20   ";"157,5";ALVORADA DO NORTE;Não;Velocidade Incompatível;1;Colisão com objeto;Com Vítimas Feridas;Plena Noite;Decrescente;Chuva;Simples;"Reta;Ponte";Não  ;"1043400   ";Caminhão;SCANIA/P360 B8X2;"2021      ";Condutor;Lesões Leves;"32   ";Masculino;"0 ";"1    ";"0    ";"0    ";-14.6355910;-46.6245810;SPRF-DF;DEL02-DF;UOP03-DEL02-DF 
585078;"1302681   ";2024-03-05;terça-feira;01:20:00;GO;"20   ";"157,5";ALVORADA DO NORTE;Não;Velocidade Incompatível;1;Colisão com objeto;Com Vítimas Feridas;Plena Noite;Decrescente;Chuva;Simples;"Reta;Ponte";Não  ;"1043400   ";Caminhão;SCANIA/P360 B8X2;"2021      ";Passageiro;Lesões Leves;"30   ";Feminino;"0 ";"1    ";"0    ";"0    ";-14.6355910;-46.6245810;SPRF-DF;DEL02-DF;UOP03-DEL02-DF 
585078;"1302673   ";2024-03-05;terça-feira;01:20:00;GO;"20   ";"157,5";ALVORADA DO NORTE;Não;Reação tardia ou ineficiente do condutor;1;Colisão com objeto;Com Vítimas Feridas;Plena Noite;Decrescente;Chuva;Simples;"Reta;Ponte";Não  ;"1043400   ";Caminhão;SCANIA/P360 B8X2;"2021      ";Condutor;Lesões Leves;"32   ";Masculino;"0 ";"1    ";"0    ";"0    ";-14.6355910;-46.6245810;SPRF-DF;DEL02-DF;UOP03-DEL02-DF 
585078;"1302681   ";2024-03-05;terça-feira;01:20:00;GO;"20   ";"157,5";ALVORADA DO NORTE;Não;Reação tardia ou ineficiente do condutor;1;Colisão com objeto;Com Vítimas Feridas;Plena Noite;Decrescente;Chuva;Simples;"Reta;Ponte";Não  ;"1043400   ";Caminhão;SCANIA/P360 B8X2;"2021      ";Passageiro;Lesões Leves;"30   ";Feminino;"0 ";"1    ";"0    ";"0    ";-14.6355910;-46.6245810;SPRF-DF;DEL02-DF;UOP03-DEL02-DF 
585078;"1302673   ";2024-03-05;terça-feira;01:20:00;GO;"20   ";"157,5";ALVORADA DO NORTE;Não;Chuva;1;Colisão com objeto;Com Vítimas Feridas;Plena Noite;Decrescente;Chuva;Simples;"Reta;Ponte";Não  ;"1043400   ";Caminhão;SCANIA/P360 B8X2;"2021      ";Condutor;Lesões Leves;"32   ";Masculino;"0 ";"1    ";"0    ";"0    ";-14.6355910;-46.6245810;SPRF-DF;DEL02-DF;UOP03-DEL02-DF 
585078;"1302681   ";2024-03-05;terça-feira;01:20:00;GO;"20   ";"157,5";ALVORADA DO NORTE;Não;Chuva;1;Colisão com objeto;Com Vítimas Feridas;Plena Noite;Decrescente;Chuva;Simples;"Reta;Ponte";Não  ;"1043400   ";Caminhão;SCANIA/P360 B8X2;"2021      ";Passageiro;Lesões Leves;"30   ";Feminino;"0 ";"1    ";"0    ";"0    ";-14.6355910;-46.6245810;SPRF-DF;DEL02-DF;UOP03-DEL02-DF 
585086;"1302790   ";2024-03-05;terça-feira;05:10:00;GO;"80   ";"126  ";BARRO ALTO;Sim;Ausência de reação do condutor;1;Saída de leito carroçável;Sem Vítimas;Amanhecer;Crescente;Céu Claro;Dupla;Curva;Não  ;"1043478   ";Caminhonete;PEUGEOT/PARTRAPIDMODIF A;"2022      ";Condutor;Ileso;"47   ";Masculino;"1 ";"0    ";"0    ";"0    ";-15.0198211;-48.8971639;SPRF-GO;DEL07-GO;UOP02-DEL07-GO 
585112;"1302607   ";2024-03-05;terça-feira;08:13:00;DF;"20   ";"2    ";BRASILIA;Sim;Reação tardia ou ineficiente do condutor;1;Colisão traseira;Com Vítimas Feridas;Pleno dia;Decrescente;Chuva;Dupla;Reta;Sim  ;"1043356   ";Motocicleta;HONDA/CG 125 FAN KS;"2014      ";Condutor;Lesões Leves;"43   ";Masculino;"0 ";"1    ";"0    ";"0    ";-15.6828960;-47.8407290;SPRF-DF;DEL02-DF;UOP01-DEL02-DF 
585112;"1302606   ";2024-03-05;terça-feira;08:13:00;DF;"20   ";"2    ";BRASILIA;Sim;Reação tardia ou ineficiente do condutor;1;Colisão traseira;Com Vítimas Feridas;Pleno dia;Decrescente;Chuva;Dupla;Reta;Sim  ;"1043355   ";Automóvel;FIAT/MOBI EASY;"2017      ";Condutor;Ileso;"25   ";Feminino;"1 ";"0    ";"0    ";"0    ";-15.6828960;-47.8407290;SPRF-DF;DEL02-DF;UOP01-DEL02-DF 
585176;"1302819   ";2024-03-05;terça-feira;14:20:00;DF;"60   ";"6,7  ";BRASILIA;Não;Trafegar com motocicleta (ou similar) entre as faixas;3;Queda de ocupante de veículo;Com Vítimas Feridas;Pleno dia;Decrescente;Nublado;Dupla;Reta;Sim  ;"1043502   ";Automóvel;FIAT/DOBLO ADV 1.8 FLEX;"2014      ";Condutor;Ileso;"44   ";Masculino;"1 ";"0    ";"0    ";"0    ";-15.8979390;-48.1130560;SPRF-DF;DEL03-DF;UOP01-DEL03-DF 
585176;"1302821   ";2024-03-05;terça-feira;14:20:00;DF;"60   ";"6,7  ";BRASILIA;Não;Trafegar com motocicleta (ou similar) entre as faixas;3;Queda de ocupante de veículo;Com Vítimas Feridas;Pleno dia;Decrescente;Nublado;Dupla;Reta;Sim  ;"1043503   ";Motocicleta;HONDA/CB250F TWISTER ABS;"2022      ";Condutor;Lesões Leves;"23   ";Masculino;"0 ";"1    ";"0    ";"0    ";-15.8979390;-48.1130560;SPRF-DF;DEL03-DF;UOP01-DEL03-DF 
585176;"1302819   ";2024-03-05;terça-feira;14:20:00;DF;"60   ";"6,7  ";BRASILIA;Sim;Manobra de mudança de faixa;3;Queda de ocupante de veículo;Com Vítimas Feridas;Pleno dia;Decrescente;Nublado;Dupla;Reta;Sim  ;"1043502   ";Automóvel;FIAT/DOBLO ADV 1.8 FLEX;"2014      ";Condutor;Ileso;"44   ";Masculino;"1 ";"0    ";"0    ";"0    ";-15.8979390;-48.1130560;SPRF-DF;DEL03-DF;UOP01-DEL03-DF 
585176;"1302821   ";2024-03-05;terça-feira;14:20:00;DF;"60   ";"6,7  ";BRASILIA;Sim;Manobra de mudança de faixa;3;Queda de ocupante de veículo;Com Vítimas Feridas;Pleno dia;Decrescente;Nublado;Dupla;Reta;Sim  ;"1043503   ";Motocicleta;HONDA/CB250F TWISTER ABS;"2022      ";Condutor;Lesões Leves;"23   ";Masculino;"0 ";"1    ";"0    ";"0    ";-15.8979390;-48.1130560;SPRF-DF;DEL03-DF;UOP01-DEL03-DF 
585176;"1302819   ";2024-03-05;terça-feira;14:20:00;DF;"60   ";"6,7  ";BRASILIA;Não;Trafegar com motocicleta (ou similar) entre as faixas;2;Tombamento;Com Vítimas Feridas;Pleno dia;Decrescente;Nublado;Dupla;Reta;Sim  ;"1043502   ";Automóvel;FIAT/DOBLO ADV 1.8 FLEX;"2014      ";Condutor;Ileso;"44   ";Masculino;"1 ";"0    ";"0    ";"0    ";-15.8979390;-48.1130560;SPRF-DF;DEL03-DF;UOP01-DEL03-DF 
585176;"1302821   ";2024-03-05;terça-feira;14:20:00;DF;"60   ";"6,7  ";BRASILIA;Não;Trafegar com motocicleta (ou similar) entre as faixas;2;Tombamento;Com Vítimas Feridas;Pleno dia;Decrescente;Nublado;Dupla;Reta;Sim  ;"1043503   ";Motocicleta;HONDA/CB250F TWISTER ABS;"2022      ";Condutor;Lesões Leves;"23   ";Masculino;"0 ";"1    ";"0    ";"0    ";-15.8979390;-48.1130560;SPRF-DF;DEL03-DF;UOP01-DEL03-DF 