id;pesid;data_inversa;dia_semana;horario;uf;br;km;municipio;causa_principal;causa_acidente;ordem_tipo_acidente;tipo_acidente;classificacao_acidente;fase_dia;sentido_via;condicao_metereologica;tipo_pista;tracado_via;uso_solo;id_veiculo;tipo_veiculo;marca;ano_fabricacao_veiculo;tipo_envolvido;estado_fisico;idade;sexo;ilesos;feridos_leves;feridos_graves;mortos;latitude;longitude;regional;delegacia;uop
586672;"1306078   ";2024-03-11;segunda-feira;22:23:00;GO;"40   ";"9,7  ";LUZIANIA;Não;Área urbana sem a presença de local apropriado para a travessia de pedestres;1;Colisão transversal;Com Vítimas Fatais;Plena Noite;Crescente;Céu Claro;Dupla;Reta;Sim  ;"1046127   ";Automóvel;I/CITROEN C4L A 2L TEND;"2013      ";Condutor;Ileso;"52   ";Masculino;"1 ";"0    ";"0    ";"0    ";-16.1311580;-47.9577390;SPRF-DF;DEL01-DF;UOP01-DEL01-DF 
586672;"1307878   ";2024-03-11;segunda-feira;22:23:00;GO;"40   ";"9,7  ";LUZIANIA;Não;Área urbana sem a presença de local apropriado para a travessia de pedestres;1;Colisão transversal;Com Vítimas Fatais;Plena Noite;Crescente;Céu Claro;Dupla;Reta;Sim  ;"1046127   ";Automóvel;I/CITROEN C4L A 2L TEND;"2013      ";Passageiro;Ileso;"61   ";Feminino;"1 ";"0    ";"0    ";"0    ";-16.1311580;-47.9577390;SPRF-DF;DEL01-DF;UOP01-DEL01-DF 
586672;"1306079   ";2024-03-11;segunda-feira;22:23:00;GO;"40   ";"9,7  ";LUZIANIA;Não;Ingestão de álcool pelo condutor;1;Colisão transversal;Com Vítimas Fatais;Plena Noite;Crescente;Céu Claro;Dupla;Reta;Sim  ;"1046128   ";Bicicleta;Não Informado/Não Informado;"0         ";Condutor;Óbito;"56   ";Masculino;"0 ";"0    ";"0    ";"1    ";-16.1311580;-47.9577390;SPRF-DF;DEL01-DF;UOP01-DEL01-DF 
586672;"1306078   ";2024-03-11;segunda-feira;22:23:00;GO;"40   ";"9,7  ";LUZIANIA;Não;Ingestão de álcool pelo condutor;1;Colisão transversal;Com Vítimas Fatais;Plena Noite;Crescente;Céu Claro;Dupla;Reta;Sim  ;"1046127   ";Automóvel;I/CITROEN C4L A 2L TEND;"2013      ";Condutor;Ileso;"52   ";Masculino;"1 ";"0    ";"0    ";"0    ";-16.1311580;-47.9577390;SPRF-DF;DEL01-DF;UOP01-DEL01-DF 
586672;"1307878   ";2024-03-11;segunda-feira;22:23:00;GO;"40   ";"9,7  ";LUZIANIA;Não;Ingestão de álcool pelo condutor;1;Colisão transversal;Com Vítimas Fatais;Plena Noite;Crescente;Céu Claro;Dupla;Reta;Sim  ;"1046127   ";Automóvel;I/CITROEN C4L A 2L TEND;"2013      ";Passageiro;Ileso;"61   ";Feminino;"1 ";"0    ";"0    ";"0    ";-16.1311580;-47.9577390;SPRF-DF;DEL01-DF;UOP01-DEL01-DF 
586672;"1306079   ";2024-03-11;segunda-feira;22:23:00;GO;"40   ";"9,7  ";LUZIANIA;Sim;Acessar a via sem observar a presença dos outros veículos;1;Colisão transversal;Com Vítimas Fatais;Plena Noite;Crescente;Céu Claro;Dupla;Reta;Sim  ;"1046128   ";Bicicleta;Não Informado/Não Informado;"0         ";Condutor;Óbito;"56   ";Masculino;"0 ";"0    ";"0    ";"1    ";-16.1311580;-47.9577390;SPRF-DF;DEL01-DF;UOP01-DEL01-DF 
586672;"1306078   ";2024-03-11;segunda-feira;22:23:00;GO;"40   ";"9,7  ";LUZIANIA;Sim;Acessar a via sem observar a presença dos outros veículos;1;Colisão transversal;Com Vítimas Fatais;Plena Noite;Crescente;Céu Claro;Dupla;Reta;Sim  ;"1046127   ";Automóvel;I/CITROEN C4L A 2L TEND;"2013      ";Condutor;Ileso;"52   ";Masculino;"1 ";"0    ";"0    ";"0    ";-16.1311580;-47.9577390;SPRF-DF;DEL01-DF;UOP01-DEL01-DF 
586672;"1307878   ";2024-03-11;segunda-feira;22:23:00;GO;"40   ";"9,7  ";LUZIANIA;Sim;Acessar a via sem observar a presença dos outros veículos;1;Colisão transversal;Com Vítimas Fatais;Plena Noite;Crescente;Céu Claro;Dupla;Reta;Sim  ;"1046127   ";Automóvel;I/CITROEN C4L A 2L TEND;"2013      ";Passageiro;Ileso;"61   ";Feminino;"1 ";"0    ";"0    ";"0    ";-16.1311580;-47.9577390;SPRF-DF;DEL01-DF;UOP01-DEL01-DF 
586696;"1306149   ";2024-03-12;terça-feira;05:49:00;DF;"20   ";"30   ";BRASILIA;Não;Iluminação deficiente;4;Queda de ocupante de veículo;Com Vítimas Feridas;Amanhecer;Decrescente;Nublado;Dupla;"Declive;Reta";Não  ;"1046179   ";Automóvel;I/NISSAN VERSA EXCL CVT;"2021      ";Passageiro;Ileso;"39   ";Masculino;"1 ";"0    ";"0    ";"0    ";-15.5953270;-47.6038480;SPRF-DF;DEL02-DF;UOP01-DEL02-DF 
586696;"1307114   ";2024-03-12;terça-feira;05:49:00;DF;"20   ";"30   ";BRASILIA;Não;Iluminação deficiente;4;Queda de ocupante de veículo;Com Vítimas Feridas;Amanhecer;Decrescente;Nublado;Dupla;"Declive;Reta";Não  ;"1046179   ";Automóvel;I/NISSAN VERSA EXCL CVT;"2021      ";Passageiro;Ileso;"34   ";Feminino;"1 ";"0    ";"0    ";"0    ";-15.5953270;-47.6038480;SPRF-DF;DEL02-DF;UOP01-DEL02-DF 
586696;"1307116   ";2024-03-12;terça-feira;05:49:00;DF;"20   ";"30   ";BRASILIA;Não;Iluminação deficiente;4;Queda de ocupante de veículo;Com Vítimas Feridas;Amanhecer;Decrescente;Nublado;Dupla;"Declive;Reta";Não  ;"1046179   ";Automóvel;I/NISSAN VERSA EXCL CVT;"2021      ";Passageiro;Ileso;"27   ";Feminino;"1 ";"0    ";"0    ";"0    ";-15.5953270;-47.6038480;SPRF-DF;DEL02-DF;UOP01-DEL02-DF 
586696;"1306148   ";2024-03-12;terça-feira;05:49:00;DF;"20   ";"30   ";BRASILIA;Não;Iluminação deficiente;4;Queda de ocupante de veículo;Com Vítimas Feridas;Amanhecer;Decrescente;Nublado;Dupla;"Declive;Reta";Não  ;"1046179   ";Automóvel;I/NISSAN VERSA EXCL CVT;"2021      ";Condutor;Ileso;"34   ";Masculino;"1 ";"0    ";"0    ";"0    ";-15.5953270;-47.6038480;SPRF-DF;DEL02-DF;UOP01-DEL02-DF 
586696;"1306147   ";2024-03-12;terça-feira;05:49:00;DF;"20   ";"30   ";BRASILIA;Não;Iluminação deficiente;4;Queda de ocupante de veículo;Com Vítimas Feridas;Amanhecer;Decrescente;Nublado;Dupla;"Declive;Reta";Não  ;"1046178   ";Motocicleta;YAMAHA/FZ25 FAZER;"2022      ";Condutor;Lesões Graves;"50   ";Masculino;"0 ";"0    ";"1    ";"0    ";-15.5953270;-47.6038480;SPRF-DF;DEL02-DF;UOP01-DEL02-DF 
586696;"1306149   ";2024-03-12;terça-feira;05:49:00;DF;"20   ";"30   ";BRASILIA;Não;Reação tardia ou ineficiente do condutor;4;Queda de ocupante de veículo;Com Vítimas Feridas;Amanhecer;Decrescente;Nublado;Dupla;"Declive;Reta";Não  ;"1046179   ";Automóvel;I/NISSAN VERSA EXCL CVT;"2021      ";Passageiro;Ileso;"39   ";Masculino;"1 ";"0    ";"0    ";"0    ";-15.5953270;-47.6038480;SPRF-DF;DEL02-DF;UOP01-DEL02-DF 
586696;"1307114   ";2024-03-12;terça-feira;05:49:00;DF;"20   ";"30   ";BRASILIA;Não;Reação tardia ou ineficiente do condutor;4;Queda de ocupante de veículo;Com Vítimas Feridas;Amanhecer;Decrescente;Nublado;Dupla;"Declive;Reta";Não  ;"1046179   ";Automóvel;I/NISSAN VERSA EXCL CVT;"2021      ";Passageiro;Ileso;"34   ";Feminino;"1 ";"0    ";"0    ";"0    ";-15.5953270;-47.6038480;SPRF-DF;DEL02-DF;UOP01-DEL02-DF 
586696;"1307116   ";2024-03-12;terça-feira;05:49:00;DF;"20   ";"30   ";BRASILIA;Não;Reação tardia ou ineficiente do condutor;4;Queda de ocupante de veículo;Com Vítimas Feridas;Amanhecer;Decrescente;Nublado;Dupla;"Declive;Reta";Não  ;"1046179   ";Automóvel;I/NISSAN VERSA EXCL CVT;"2021      ";Passageiro;Ileso;"27   ";Feminino;"1 ";"0    ";"0    ";"0    ";-15.5953270;-47.6038480;SPRF-DF;DEL02-DF;UOP01-DEL02-DF 
586696;"1306148   ";2024-03-12;terça-feira;05:49:00;DF;"20   ";"30   ";BRASILIA;Não;Reação tardia ou ineficiente do condutor;4;Queda de ocupante de veículo;Com Vítimas Feridas;Amanhecer;Decrescente;Nublado;Dupla;"Declive;Reta";Não  ;"1046179   ";Automóvel;I/NISSAN VERSA EXCL CVT;"2021      ";Condutor;Ileso;"34   ";Masculino;"1 ";"0    ";"0    ";"0    ";-15.5953270;-47.6038480;SPRF-DF;DEL02-DF;UOP01-DEL02-DF 
586696;"1306147   ";2024-03-12;terça-feira;05:49:00;DF;"20   ";"30   ";BRASILIA;Não;Reação tardia ou ineficiente do condutor;4;Queda de ocupante de veículo;Com Vítimas Feridas;Amanhecer;Decrescente;Nublado;Dupla;"Declive;Reta";Não  ;"1046178   ";Motocicleta;YAMAHA/FZ25 FAZER;"2022      ";Condutor;Lesões Graves;"50   ";Masculino;"0 ";"0    ";"1    ";"0    ";-15.5953270;-47.6038480;SPRF-DF;DEL02-DF;UOP01-DEL02-DF 
586696;"1306149   ";2024-03-12;terça-feira;05:49:00;DF;"20   ";"30   ";BRASILIA;Não;Manobra de mudança de faixa;4;Queda de ocupante de veículo;Com Vítimas Feridas;Amanhecer;Decrescente;Nublado;Dupla;"Declive;Reta";Não  ;"1046179   ";Automóvel;I/NISSAN VERSA EXCL CVT;"2021      ";Passageiro;Ileso;"39   ";Masculino;"1 ";"0    ";"0    ";"0    ";-15.5953270;-47.6038480;SPRF-DF;DEL02-DF;UOP01-DEL02-DF 
586696;"1307114   ";2024-03-12;terça-feira;05:49:00;DF;"20   ";"30   ";BRASILIA;Não;Manobra de mudança de faixa;4;Queda de ocupante de veículo;Com Vítimas Feridas;Amanhecer;Decrescente;Nublado;Dupla;"Declive;Reta";Não  ;"1046179   ";Automóvel;I/NISSAN VERSA EXCL CVT;"2021      ";Passageiro;Ileso;"34   ";Feminino;"1 ";"0    ";"0    ";"0    ";-15.5953270;-47.6038480;SPRF-DF;DEL02-DF;UOP01-DEL02-DF 
586696;"1307116   ";2024-03-12;terça-feira;05:49:00;DF;"20   ";"30   ";BRASILIA;Não;Manobra de mudança de faixa;4;Queda de ocupante de veículo;Com Vítimas Feridas;Amanhecer;Decrescente;Nublado;Dupla;"Declive;Reta";Não  ;"1046179   ";Automóvel;I/NISSAN VERSA EXCL CVT;"2021      ";Passageiro;Ileso;"27   ";Feminino;"1 ";"0    ";"0    ";"0    ";-15.5953270;-47.6038480;SPRF-DF;DEL02-DF;UOP01-DEL02-DF 
586696;"1306148   ";2024-03-12;terça-feira;05:49:00;DF;"20   ";"30   ";BRASILIA;Não;Manobra de mudança de faixa;4;Queda de ocupante de veículo;Com Vítimas Feridas;Amanhecer;Decrescente;Nublado;Dupla;"Declive;Reta";Não  ;"1046179   ";Automóvel;I/NISSAN VERSA EXCL CVT;"2021      ";Condutor;Ileso;"34   ";Masculino;"1 ";"0    ";"0    ";"0    ";-15.5953270;-47.6038480;SPRF-DF;DEL02-DF;UOP01-DEL02-DF 
586696;"1306147   ";2024-03-12;terça-feira;05:49:00;DF;"20   ";"30   ";BRASILIA;Não;Manobra de mudança de faixa;4;Queda de ocupante de veículo;Com Vítimas Feridas;Amanhecer;Decrescente;Nublado;Dupla;"Declive;Reta";Não  ;"1046178   ";Motocicleta;YAMAHA/FZ25 FAZER;"2022      ";Condutor;Lesões Graves;"50   ";Masculino;"0 ";"0    ";"1    ";"0    ";-15.5953270;-47.6038480;SPRF-DF;DEL02-DF;UOP01-DEL02-DF 
586696;"1306149   ";2024-03-12;terça-feira;05:49:00;DF;"20   ";"30   ";BRASILIA;Sim;Condutor deixou de manter distância do veículo da frente;4;Queda de ocupante de veículo;Com Vítimas Feridas;Amanhecer;Decrescente;Nublado;Dupla;"Declive;Reta";Não  ;"1046179   ";Automóvel;I/NISSAN VERSA EXCL CVT;"2021      ";Passageiro;Ileso;"39   ";Masculino;"1 ";"0    ";"0    ";"0    ";-15.5953270;-47.6038480;SPRF-DF;DEL02-DF;UOP01-DEL02-DF 
586696;"1307114   ";2024-03-12;terça-feira;05:49:00;DF;"20   ";"30   ";BRASILIA;Sim;Condutor deixou de manter distância do veículo da frente;4;Queda de ocupante de veículo;Com Vítimas Feridas;Amanhecer;Decrescente;Nublado;Dupla;"Declive;Reta";Não  ;"1046179   ";Automóvel;I/NISSAN VERSA EXCL CVT;"2021      ";Passageiro;Ileso;"34   ";Feminino;"1 ";"0    ";"0    ";"0    ";-15.5953270;-47.6038480;SPRF-DF;DEL02-DF;UOP01-DEL02-DF 
586696;"1307116   ";2024-03-12;terça-feira;05:49:00;DF;"20   ";"30   ";BRASILIA;Sim;Condutor deixou de manter distância do veículo da frente;4;Queda de ocupante de veículo;Com Vítimas Feridas;Amanhecer;Decrescente;Nublado;Dupla;"Declive;Reta";Não  ;"1046179   ";Automóvel;I/NISSAN VERSA EXCL CVT;"2021      ";Passageiro;Ileso;"27   ";Feminino;"1 ";"0    ";"0    ";"0    ";-15.5953270;-47.6038480;SPRF-DF;DEL02-DF;UOP01-DEL02-DF 
586696;"1306148   ";2024-03-12;terça-feira;05:49:00;DF;"20   ";"30   ";BRASILIA;Sim;Condutor deixou de manter distância do veículo da frente;4;Queda de ocupante de veículo;Com Vítimas Feridas;Amanhecer;Decrescente;Nublado;Dupla;"Declive;Reta";Não  ;"1046179   ";Automóvel;I/NISSAN VERSA EXCL CVT;"2021      ";Condutor;Ileso;"34   ";Masculino;"1 ";"0    ";"0    ";"0    ";-15.5953270;-47.6038480;SPRF-DF;DEL02-DF;UOP01-DEL02-DF 
586696;"1306147   ";2024-03-12;terça-feira;05:49:00;DF;"20   ";"30   ";BRASILIA;Sim;Condutor deixou de manter distância do veículo da frente;4;Queda de ocupante de veículo;Com Vítimas Feridas;Amanhecer;Decrescente;Nublado;Dupla;"Declive;Reta";Não  ;"1046178   ";Motocicleta;YAMAHA/FZ25 FAZER;"2022      ";Condutor;Lesões Graves;"50   ";Masculino;"0 ";"0    ";"1    ";"0    ";-15.5953270;-47.6038480;SPRF-DF;DEL02-DF;UOP01-DEL02-DF 
586696;"1306149   ";2024-03-12;terça-feira;05:49:00;DF;"20   ";"30   ";BRASILIA;Não;Iluminação deficiente;3;Tombamento;Com Vítimas Feridas;Amanhecer;Decrescente;Nublado;Dupla;"Declive;Reta";Não  ;"1046179   ";Automóvel;I/NISSAN VERSA EXCL CVT;"2021      ";Passageiro;Ileso;"39   ";Masculino;"1 ";"0    ";"0    ";"0    ";-15.5953270;-47.6038480;SPRF-DF;DEL02-DF;UOP01-DEL02-DF 
586696;"1307114   ";2024-03-12;terça-feira;05:49:00;DF;"20   ";"30   ";BRASILIA;Não;Iluminação deficiente;3;Tombamento;Com Vítimas Feridas;Amanhecer;Decrescente;Nublado;Dupla;"Declive;Reta";Não  ;"1046179   ";Automóvel;I/NISSAN VERSA EXCL CVT;"2021      ";Passageiro;Ileso;"34   ";Feminino;"1 ";"0    ";"0    ";"0    ";-15.5953270;-47.6038480;SPRF-DF;DEL02-DF;UOP01-DEL02-DF 
586696;"1307116   ";2024-03-12;terça-feira;05:49:00;DF;"20   ";"30   ";BRASILIA;Não;Iluminação deficiente;3;Tombamento;Com Vítimas Feridas;Amanhecer;Decrescente;Nublado;Dupla;"Declive;Reta";Não  ;"1046179   ";Automóvel;I/NISSAN VERSA EXCL CVT;"2021      ";Passageiro;Ileso;"27   ";Feminino;"1 ";"0    ";"0    ";"0    ";-15.5953270;-47.6038480;SPRF-DF;DEL02-DF;UOP01-DEL02-DF 
586696;"1306148   ";2024-03-12;terça-feira;05:49:00;DF;"20   ";"30   ";BRASILIA;Não;Iluminação deficiente;3;Tombamento;Com Vítimas Feridas;Amanhecer;Decrescente;Nublado;Dupla;"Declive;Reta";Não  ;"1046179   ";Automóvel;I/NISSAN VERSA EXCL CVT;"2021      ";Condutor;Ileso;"34   ";Masculino;"1 ";"0    ";"0    ";"0    ";-15.5953270;-47.6038480;SPRF-DF;DEL02-DF;UOP01-DEL02-DF 
586696;"1306147   ";2024-03-12;terça-feira;05:49:00;DF;"20   ";"30   ";BRASILIA;Não;Iluminação deficiente;3;Tombamento;Com Vítimas Feridas;Amanhecer;Decrescente;Nublado;Dupla;"Declive;Reta";Não  ;"1046178   ";Motocicleta;YAMAHA/FZ25 FAZER;"2022      ";Condutor;Lesões Graves;"50   ";Masculino;"0 ";"0    ";"1    ";"0    ";-15.5953270;-47.6038480;SPRF-DF;DEL02-DF;UOP01-DEL02-DF 
586696;"1306149   ";2024-03-12;terça-feira;05:49:00;DF;"20   ";"30   ";BRASILIA;Não;Reação tardia ou ineficiente do condutor;3;Tombamento;Com Vítimas Feridas;Amanhecer;Decrescente;Nublado;Dupla;"Declive;Reta";Não  ;"1046179   ";Automóvel;I/NISSAN VERSA EXCL CVT;"2021      ";Passageiro;Ileso;"39   ";Masculino;"1 ";"0    ";"0    ";"0    ";-15.5953270;-47.6038480;SPRF-DF;DEL02-DF;UOP01-DEL02-DF 
586696;"1307114   ";2024-03-12;terça-feira;05:49:00;DF;"20   ";"30   ";BRASILIA;Não;Reação tardia ou ineficiente do condutor;3;Tombamento;Com Vítimas Feridas;Amanhecer;Decrescente;Nublado;Dupla;"Declive;Reta";Não  ;"1046179   ";Automóvel;I/NISSAN VERSA EXCL CVT;"2021      ";Passageiro;Ileso;"34   ";Feminino;"1 ";"0    ";"0    ";"0    ";-15.5953270;-47.6038480;SPRF-DF;DEL02-DF;UOP01-DEL02-DF 
586696;"1307116   ";2024-03-12;terça-feira;05:49:00;DF;"20   ";"30   ";BRASILIA;Não;Reação tardia ou ineficiente do condutor;3;Tombamento;Com Vítimas Feridas;Amanhecer;Decrescente;Nublado;Dupla;"Declive;Reta";Não  ;"1046179   ";Automóvel;I/NISSAN VERSA EXCL CVT;"2021      ";Passageiro;Ileso;"27   ";Feminino;"1 ";"0    ";"0    ";"0    ";-15.5953270;-47.6038480;SPRF-DF;DEL02-DF;UOP01-DEL02-DF 
586696;"1306148   ";2024-03-12;terça-feira;05:49:00;DF;"20   ";"30   ";BRASILIA;Não;Reação tardia ou ineficiente do condutor;3;Tombamento;Com Vítimas Feridas;Amanhecer;Decrescente;Nublado;Dupla;"Declive;Reta";Não  ;"1046179   ";Automóvel;I/NISSAN VERSA EXCL CVT;"2021      ";Condutor;Ileso;"34   ";Masculino;"1 ";"0    ";"0    ";"0    ";-15.5953270;-47.6038480;SPRF-DF;DEL02-DF;UOP01-DEL02-DF 
586696;"1306147   ";2024-03-12;terça-feira;05:49:00;DF;"20   ";"30   ";BRASILIA;Não;Reação tardia ou ineficiente do condutor;3;Tombamento;Com Vítimas Feridas;Amanhecer;Decrescente;Nublado;Dupla;"Declive;Reta";Não  ;"1046178   ";Motocicleta;YAMAHA/FZ25 FAZER;"2022      ";Condutor;Lesões Graves;"50   ";Masculino;"0 ";"0    ";"1    ";"0    ";-15.5953270;-47.6038480;SPRF-DF;DEL02-DF;UOP01-DEL02-DF 
586696;"1306149   ";2024-03-12;terça-feira;05:49:00;DF;"20   ";"30   ";BRASILIA;Não;Manobra de mudança de faixa;3;Tombamento;Com Vítimas Feridas;Amanhecer;Decrescente;Nublado;Dupla;"Declive;Reta";Não  ;"1046179   ";Automóvel;I/NISSAN VERSA EXCL CVT;"2021      ";Passageiro;Ileso;"39   ";Masculino;"1 ";"0    ";"0    ";"0    ";-15.5953270;-47.6038480;SPRF-DF;DEL02-DF;UOP01-DEL02-DF 
586696;"1307114   ";2024-03-12;terça-feira;05:49:00;DF;"20   ";"30   ";BRASILIA;Não;Manobra de mudança de faixa;3;Tombamento;Com Vítimas Feridas;Amanhecer;Decrescente;Nublado;Dupla;"Declive;Reta";Não  ;"1046179   ";Automóvel;I/NISSAN VERSA EXCL CVT;"2021      ";Passageiro;Ileso;"34   ";Feminino;"1 ";"0    ";"0    ";"0    ";-15.5953270;-47.6038480;SPRF-DF;DEL02-DF;UOP01-DEL02-DF 
586696;"1307116   ";2024-03-12;terça-feira;05:49:00;DF;"20   ";"30   ";BRASILIA;Não;Manobra de mudança de faixa;3;Tombamento;Com Vítimas Feridas;Amanhecer;Decrescente;Nublado;Dupla;"Declive;Reta";Não  ;"1046179   ";Automóvel;I/NISSAN VERSA EXCL CVT;"2021      ";Passageiro;Ileso;"27   ";Feminino;"1 ";"0    ";"0    ";"0    ";-15.5953270;-47.6038480;SPRF-DF;DEL02-DF;UOP01-DEL02-DF 
586696;"1306148   ";2024-03-12;terça-feira;05:49:00;DF;"20   ";"30   ";BRASILIA;Não;Manobra de mudança de faixa;3;Tombamento;Com Vítimas Feridas;Amanhecer;Decrescente;Nublado;Dupla;"Declive;Reta";Não  ;"1046179   ";Automóvel;I/NISSAN VERSA EXCL CVT;"2021      ";Condutor;Ileso;"34   ";Masculino;"1 ";"0    ";"0    ";"0    ";-15.5953270;-47.6038480;SPRF-DF;DEL02-DF;UOP01-DEL02-DF 
586696;"1306147   ";2024-03-12;terça-feira;05:49:00;DF;"20   ";"30   ";BRASILIA;Não;Manobra de mudança de faixa;3;Tombamento;Com Vítimas Feridas;Amanhecer;Decrescente;Nublado;Dupla;"Declive;Reta";Não  ;"1046178   ";Motocicleta;YAMAHA/FZ25 FAZER;"2022      ";Condutor;Lesões Graves;"50   ";Masculino;"0 ";"0    ";"1    ";"0    ";-15.5953270;-47.6038480;SPRF-DF;DEL02-DF;UOP01-DEL02-DF 
586696;"1306149   ";2024-03-12;terça-feira;05:49:00;DF;"20   ";"30   ";BRASILIA;Sim;Condutor deixou de manter distância do veículo da frente;3;Tombamento;Com Vítimas Feridas;Amanhecer;Decrescente;Nublado;Dupla;"Declive;Reta";Não  ;"1046179   ";Automóvel;I/NISSAN VERSA EXCL CVT;"2021      ";Passageiro;Ileso;"39   ";Masculino;"1 ";"0    ";"0    ";"0    ";-15.5953270;-47.6038480;SPRF-DF;DEL02-DF;UOP01-DEL02-DF 
586696;"1307114   ";2024-03-12;terça-feira;05:49:00;DF;"20   ";"30   ";BRASILIA;Sim;Condutor deixou de manter distância do veículo da frente;3;Tombamento;Com Vítimas Feridas;Amanhecer;Decrescente;Nublado;Dupla;"Declive;Reta";Não  ;"1046179   ";Automóvel;I/NISSAN VERSA EXCL CVT;"2021      ";Passageiro;Ileso;"34   ";Feminino;"1 ";"0    ";"0    ";"0    ";-15.5953270;-47.6038480;SPRF-DF;DEL02-DF;UOP01-DEL02-DF 
586696;"1307116   ";2024-03-12;terça-feira;05:49:00;DF;"20   ";"30   ";BRASILIA;Sim;Condutor deixou de manter distância do veículo da frente;3;Tombamento;Com Vítimas Feridas;Amanhecer;Decrescente;Nublado;Dupla;"Declive;Reta";Não  ;"1046179   ";Automóvel;I/NISSAN VERSA EXCL CVT;"2021      ";Passageiro;Ileso;"27   ";Feminino;"1 ";"0    ";"0    ";"0    ";-15.5953270;-47.6038480;SPRF-DF;DEL02-DF;UOP01-DEL02-DF 
586696;"1306148   ";2024-03-12;terça-feira;05:49:00;DF;"20   ";"30   ";BRASILIA;Sim;Condutor deixou de manter distância do veículo da frente;3;Tombamento;Com Vítimas Feridas;Amanhecer;Decrescente;Nublado;Dupla;"Declive;Reta";Não  ;"1046179   ";Automóvel;I/NISSAN VERSA EXCL CVT;"2021      ";Condutor;Ileso;"34   ";Masculino;"1 ";"0    ";"0    ";"0    ";-15.5953270;-47.6038480;SPRF-DF;DEL02-DF;UOP01-DEL02-DF 
586696;"1306147   ";2024-03-12;terça-feira;05:49:00;DF;"20   ";"30   ";BRASILIA;Sim;Condutor deixou de manter distância do veículo da frente;3;Tombamento;Com Vítimas Feridas;Amanhecer;Decrescente;Nublado;Dupla;"Declive;Reta";Não  ;"1046178   ";Motocicleta;YAMAHA/FZ25 FAZER;"2022      ";Condutor;Lesões Graves;"50   ";Masculino;"0 ";"0    ";"1    ";"0    ";-15.5953270;-47.6038480;SPRF-DF;DEL02-DF;UOP01-DEL02-DF 
586696;"1306149   ";2024-03-12;terça-feira;05:49:00;DF;"20   ";"30   ";BRASILIA;Não;Iluminação deficiente;2;Saída de leito carroçável;Com Vítimas Feridas;Amanhecer;Decrescente;Nublado;Dupla;"Declive;Reta";Não  ;"1046179   ";Automóvel;I/NISSAN VERSA EXCL CVT;"2021      ";Passageiro;Ileso;"39   ";Masculino;"1 ";"0    ";"0    ";"0    ";-15.5953270;-47.6038480;SPRF-DF;DEL02-DF;UOP01-DEL02-DF 
586696;"1307114   ";2024-03-12;terça-feira;05:49:00;DF;"20   ";"30   ";BRASILIA;Não;Iluminação deficiente;2;Saída de leito carroçável;Com Vítimas Feridas;Amanhecer;Decrescente;Nublado;Dupla;"Declive;Reta";Não  ;"1046179   ";Automóvel;I/NISSAN VERSA EXCL CVT;"2021      ";Passageiro;Ileso;"34   ";Feminino;"1 ";"0    ";"0    ";"0    ";-15.5953270;-47.6038480;SPRF-DF;DEL02-DF;UOP01-DEL02-DF 
586696;"1307116   ";2024-03-12;terça-feira;05:49:00;DF;"20   ";"30   ";BRASILIA;Não;Iluminação deficiente;2;Saída de leito carroçável;Com Vítimas Feridas;Amanhecer;Decrescente;Nublado;Dupla;"Declive;Reta";Não  ;"1046179   ";Automóvel;I/NISSAN VERSA EXCL CVT;"2021      ";Passageiro;Ileso;"27   ";Feminino;"1 ";"0    ";"0    ";"0    ";-15.5953270;-47.6038480;SPRF-DF;DEL02-DF;UOP01-DEL02-DF 
586696;"1306148   ";2024-03-12;terça-feira;05:49:00;DF;"20   ";"30   ";BRASILIA;Não;Iluminação deficiente;2;Saída de leito carroçável;Com Vítimas Feridas;Amanhecer;Decrescente;Nublado;Dupla;"Declive;Reta";Não  ;"1046179   ";Automóvel;I/NISSAN VERSA EXCL CVT;"2021      ";Condutor;Ileso;"34   ";Masculino;"1 ";"0    ";"0    ";"0    ";-15.5953270;-47.6038480;SPRF-DF;DEL02-DF;UOP01-DEL02-DF 
586696;"1306147   ";2024-03-12;terça-feira;05:49:00;DF;"20   ";"30   ";BRASILIA;Não;Iluminação deficiente;2;Saída de leito carroçável;Com Vítimas Feridas;Amanhecer;Decrescente;Nublado;Dupla;"Declive;Reta";Não  ;"1046178   ";Motocicleta;YAMAHA/FZ25 FAZER;"2022      ";Condutor;Lesões Graves;"50   ";Masculino;"0 ";"0    ";"1    ";"0    ";-15.5953270;-47.6038480;SPRF-DF;DEL02-DF;UOP01-DEL02-DF 
586696;"1306149   ";2024-03-12;terça-feira;05:49:00;DF;"20   ";"30   ";BRASILIA;Não;Reação tardia ou ineficiente do condutor;2;Saída de leito carroçável;Com Vítimas Feridas;Amanhecer;Decrescente;Nublado;Dupla;"Declive;Reta";Não  ;"1046179   ";Automóvel;I/NISSAN VERSA EXCL CVT;"2021      ";Passageiro;Ileso;"39   ";Masculino;"1 ";"0    ";"0    ";"0    ";-15.5953270;-47.6038480;SPRF-DF;DEL02-DF;UOP01-DEL02-DF 