id;pesid;data_inversa;dia_semana;horario;uf;br;km;municipio;causa_principal;causa_acidente;ordem_tipo_acidente;tipo_acidente;classificacao_acidente;fase_dia;sentido_via;condicao_metereologica;tipo_pista;tracado_via;uso_solo;id_veiculo;tipo_veiculo;marca;ano_fabricacao_veiculo;tipo_envolvido;estado_fisico;idade;sexo;ilesos;feridos_leves;feridos_graves;mortos;latitude;longitude;regional;delegacia;uop
586696;"1307114   ";2024-03-12;terça-feira;05:49:00;DF;"20   ";"30   ";BRASILIA;Não;Reação tardia ou ineficiente do condutor;2;Saída de leito carroçável;Com Vítimas Feridas;Amanhecer;Decrescente;Nublado;Dupla;"Declive;Reta";Não  ;"1046179   ";Automóvel;I/NISSAN VERSA EXCL CVT;"2021      ";Passageiro;Ileso;"34   ";Feminino;"1 ";"0    ";"0    ";"0    ";-15.5953270;-47.6038480;SPRF-DF;DEL02-DF;UOP01-DEL02-DF 
586696;"1307116   ";2024-03-12;terça-feira;05:49:00;DF;"20   ";"30   ";BRASILIA;Não;Reação tardia ou ineficiente do condutor;2;Saída de leito carroçável;Com Vítimas Feridas;Amanhecer;Decrescente;Nublado;Dupla;"Declive;Reta";Não  ;"1046179   ";Automóvel;I/NISSAN VERSA EXCL CVT;"2021      ";Passageiro;Ileso;"27   ";Feminino;"1 ";"0    ";"0    ";"0    ";-15.5953270;-47.6038480;SPRF-DF;DEL02-DF;UOP01-DEL02-DF 
586696;"1306148   ";2024-03-12;terça-feira;05:49:00;DF;"20   ";"30   ";BRASILIA;Não;Reação tardia ou ineficiente do condutor;2;Saída de leito carroçável;Com Vítimas Feridas;Amanhecer;Decrescente;Nublado;Dupla;"Declive;Reta";Não  ;"1046179   ";Automóvel;I/NISSAN VERSA EXCL CVT;"2021      ";Condutor;Ileso;"34   ";Masculino;"1 ";"0    ";"0    ";"0    ";-15.5953270;-47.6038480;SPRF-DF;DEL02-DF;UOP01-DEL02-DF 
586696;"1306147   ";2024-03-12;terça-feira;05:49:00;DF;"20   ";"30   ";BRASILIA;Não;Reação tardia ou ineficiente do condutor;2;Saída de leito carroçável;Com Vítimas Feridas;Amanhecer;Decrescente;Nublado;Dupla;"Declive;Reta";Não  ;"1046178   ";Motocicleta;YAMAHA/FZ25 FAZER;"2022      ";Condutor;Lesões Graves;"50   ";Masculino;"0 ";"0    ";"1    ";"0    ";-15.5953270;-47.6038480;SPRF-DF;DEL02-DF;UOP01-DEL02-DF 
586696;"1306149   ";2024-03-12;terça-feira;05:49:00;DF;"20   ";"30   ";BRASILIA;Não;Manobra de mudança de faixa;2;Saída de leito carroçável;Com Vítimas Feridas;Amanhecer;Decrescente;Nublado;Dupla;"Declive;Reta";Não  ;"1046179   ";Automóvel;I/NISSAN VERSA EXCL CVT;"2021      ";Passageiro;Ileso;"39   ";Masculino;"1 ";"0    ";"0    ";"0    ";-15.5953270;-47.6038480;SPRF-DF;DEL02-DF;UOP01-DEL02-DF 
586696;"1307114   ";2024-03-12;terça-feira;05:49:00;DF;"20   ";"30   ";BRASILIA;Não;Manobra de mudança de faixa;2;Saída de leito carroçável;Com Vítimas Feridas;Amanhecer;Decrescente;Nublado;Dupla;"Declive;Reta";Não  ;"1046179   ";Automóvel;I/NISSAN VERSA EXCL CVT;"2021      ";Passageiro;Ileso;"34   ";Feminino;"1 ";"0    ";"0    ";"0    ";-15.5953270;-47.6038480;SPRF-DF;DEL02-DF;UOP01-DEL02-DF 
586696;"1307116   ";2024-03-12;terça-feira;05:49:00;DF;"20   ";"30   ";BRASILIA;Não;Manobra de mudança de faixa;2;Saída de leito carroçável;Com Vítimas Feridas;Amanhecer;Decrescente;Nublado;Dupla;"Declive;Reta";Não  ;"1046179   ";Automóvel;I/NISSAN VERSA EXCL CVT;"2021      ";Passageiro;Ileso;"27   ";Feminino;"1 ";"0    ";"0    ";"0    ";-15.5953270;-47.6038480;SPRF-DF;DEL02-DF;UOP01-DEL02-DF 
586696;"1306148   ";2024-03-12;terça-feira;05:49:00;DF;"20   ";"30   ";BRASILIA;Não;Manobra de mudança de faixa;2;Saída de leito carroçável;Com Vítimas Feridas;Amanhecer;Decrescente;Nublado;Dupla;"Declive;Reta";Não  ;"1046179   ";Automóvel;I/NISSAN VERSA EXCL CVT;"2021      ";Condutor;Ileso;"34   ";Masculino;"1 ";"0    ";"0    ";"0    ";-15.5953270;-47.6038480;SPRF-DF;DEL02-DF;UOP01-DEL02-DF 
586696;"1306147   ";2024-03-12;terça-feira;05:49:00;DF;"20   ";"30   ";BRASILIA;Não;Manobra de mudança de faixa;2;Saída de leito carroçável;Com Vítimas Feridas;Amanhecer;Decrescente;Nublado;Dupla;"Declive;Reta";Não  ;"1046178   ";Motocicleta;YAMAHA/FZ25 FAZER;"2022      ";Condutor;Lesões Graves;"50   ";Masculino;"0 ";"0    ";"1    ";"0    ";-15.5953270;-47.6038480;SPRF-DF;DEL02-DF;UOP01-DEL02-DF 
586696;"1306149   ";2024-03-12;terça-feira;05:49:00;DF;"20   ";"30   ";BRASILIA;Sim;Condutor deixou de manter distância do veículo da frente;2;Saída de leito carroçável;Com Vítimas Feridas;Amanhecer;Decrescente;Nublado;Dupla;"Declive;Reta";Não  ;"1046179   ";Automóvel;I/NISSAN VERSA EXCL CVT;"2021      ";Passageiro;Ileso;"39   ";Masculino;"1 ";"0    ";"0    ";"0    ";-15.5953270;-47.6038480;SPRF-DF;DEL02-DF;UOP01-DEL02-DF 
586696;"1307114   ";2024-03-12;terça-feira;05:49:00;DF;"20   ";"30   ";BRASILIA;Sim;Condutor deixou de manter distância do veículo da frente;2;Saída de leito carroçável;Com Vítimas Feridas;Amanhecer;Decrescente;Nublado;Dupla;"Declive;Reta";Não  ;"1046179   ";Automóvel;I/NISSAN VERSA EXCL CVT;"2021      ";Passageiro;Ileso;"34   ";Feminino;"1 ";"0    ";"0    ";"0    ";-15.5953270;-47.6038480;SPRF-DF;DEL02-DF;UOP01-DEL02-DF 
586696;"1307116   ";2024-03-12;terça-feira;05:49:00;DF;"20   ";"30   ";BRASILIA;Sim;Condutor deixou de manter distância do veículo da frente;2;Saída de leito carroçável;Com Vítimas Feridas;Amanhecer;Decrescente;Nublado;Dupla;"Declive;Reta";Não  ;"1046179   ";Automóvel;I/NISSAN VERSA EXCL CVT;"2021      ";Passageiro;Ileso;"27   ";Feminino;"1 ";"0    ";"0    ";"0    ";-15.5953270;-47.6038480;SPRF-DF;DEL02-DF;UOP01-DEL02-DF 
586696;"1306148   ";2024-03-12;terça-feira;05:49:00;DF;"20   ";"30   ";BRASILIA;Sim;Condutor deixou de manter distância do veículo da frente;2;Saída de leito carroçável;Com Vítimas Feridas;Amanhecer;Decrescente;Nublado;Dupla;"Declive;Reta";Não  ;"1046179   ";Automóvel;I/NISSAN VERSA EXCL CVT;"2021      ";Condutor;Ileso;"34   ";Masculino;"1 ";"0    ";"0    ";"0    ";-15.5953270;-47.6038480;SPRF-DF;DEL02-DF;UOP01-DEL02-DF 
586696;"1306147   ";2024-03-12;terça-feira;05:49:00;DF;"20   ";"30   ";BRASILIA;Sim;Condutor deixou de manter distância do veículo da frente;2;Saída de leito carroçável;Com Vítimas Feridas;Amanhecer;Decrescente;Nublado;Dupla;"Declive;Reta";Não  ;"1046178   ";Motocicleta;YAMAHA/FZ25 FAZER;"2022      ";Condutor;Lesões Graves;"50   ";Masculino;"0 ";"0    ";"1    ";"0    ";-15.5953270;-47.6038480;SPRF-DF;DEL02-DF;UOP01-DEL02-DF 
586696;"1306149   ";2024-03-12;terça-feira;05:49:00;DF;"20   ";"30   ";BRASILIA;Não;Iluminação deficiente;1;Colisão lateral mesmo sentido;Com Vítimas Feridas;Amanhecer;Decrescente;Nublado;Dupla;"Declive;Reta";Não  ;"1046179   ";Automóvel;I/NISSAN VERSA EXCL CVT;"2021      ";Passageiro;Ileso;"39   ";Masculino;"1 ";"0    ";"0    ";"0    ";-15.5953270;-47.6038480;SPRF-DF;DEL02-DF;UOP01-DEL02-DF 
586696;"1307114   ";2024-03-12;terça-feira;05:49:00;DF;"20   ";"30   ";BRASILIA;Não;Iluminação deficiente;1;Colisão lateral mesmo sentido;Com Vítimas Feridas;Amanhecer;Decrescente;Nublado;Dupla;"Declive;Reta";Não  ;"1046179   ";Automóvel;I/NISSAN VERSA EXCL CVT;"2021      ";Passageiro;Ileso;"34   ";Feminino;"1 ";"0    ";"0    ";"0    ";-15.5953270;-47.6038480;SPRF-DF;DEL02-DF;UOP01-DEL02-DF 
586696;"1307116   ";2024-03-12;terça-feira;05:49:00;DF;"20   ";"30   ";BRASILIA;Não;Iluminação deficiente;1;Colisão lateral mesmo sentido;Com Vítimas Feridas;Amanhecer;Decrescente;Nublado;Dupla;"Declive;Reta";Não  ;"1046179   ";Automóvel;I/NISSAN VERSA EXCL CVT;"2021      ";Passageiro;Ileso;"27   ";Feminino;"1 ";"0    ";"0    ";"0    ";-15.5953270;-47.6038480;SPRF-DF;DEL02-DF;UOP01-DEL02-DF 
586696;"1306148   ";2024-03-12;terça-feira;05:49:00;DF;"20   ";"30   ";BRASILIA;Não;Iluminação deficiente;1;Colisão lateral mesmo sentido;Com Vítimas Feridas;Amanhecer;Decrescente;Nublado;Dupla;"Declive;Reta";Não  ;"1046179   ";Automóvel;I/NISSAN VERSA EXCL CVT;"2021      ";Condutor;Ileso;"34   ";Masculino;"1 ";"0    ";"0    ";"0    ";-15.5953270;-47.6038480;SPRF-DF;DEL02-DF;UOP01-DEL02-DF 
586696;"1306147   ";2024-03-12;terça-feira;05:49:00;DF;"20   ";"30   ";BRASILIA;Não;Iluminação deficiente;1;Colisão lateral mesmo sentido;Com Vítimas Feridas;Amanhecer;Decrescente;Nublado;Dupla;"Declive;Reta";Não  ;"1046178   ";Motocicleta;YAMAHA/FZ25 FAZER;"2022      ";Condutor;Lesões Graves;"50   ";Masculino;"0 ";"0    ";"1    ";"0    ";-15.5953270;-47.6038480;SPRF-DF;DEL02-DF;UOP01-DEL02-DF 
586696;"1306149   ";2024-03-12;terça-feira;05:49:00;DF;"20   ";"30   ";BRASILIA;Não;Reação tardia ou ineficiente do condutor;1;Colisão lateral mesmo sentido;Com Vítimas Feridas;Amanhecer;Decrescente;Nublado;Dupla;"Declive;Reta";Não  ;"1046179   ";Automóvel;I/NISSAN VERSA EXCL CVT;"2021      ";Passageiro;Ileso;"39   ";Masculino;"1 ";"0    ";"0    ";"0    ";-15.5953270;-47.6038480;SPRF-DF;DEL02-DF;UOP01-DEL02-DF 
586696;"1307114   ";2024-03-12;terça-feira;05:49:00;DF;"20   ";"30   ";BRASILIA;Não;Reação tardia ou ineficiente do condutor;1;Colisão lateral mesmo sentido;Com Vítimas Feridas;Amanhecer;Decrescente;Nublado;Dupla;"Declive;Reta";Não  ;"1046179   ";Automóvel;I/NISSAN VERSA EXCL CVT;"2021      ";Passageiro;Ileso;"34   ";Feminino;"1 ";"0    ";"0    ";"0    ";-15.5953270;-47.6038480;SPRF-DF;DEL02-DF;UOP01-DEL02-DF 
586696;"1307116   ";2024-03-12;terça-feira;05:49:00;DF;"20   ";"30   ";BRASILIA;Não;Reação tardia ou ineficiente do condutor;1;Colisão lateral mesmo sentido;Com Vítimas Feridas;Amanhecer;Decrescente;Nublado;Dupla;"Declive;Reta";Não  ;"1046179   ";Automóvel;I/NISSAN VERSA EXCL CVT;"2021      ";Passageiro;Ileso;"27   ";Feminino;"1 ";"0    ";"0    ";"0    ";-15.5953270;-47.6038480;SPRF-DF;DEL02-DF;UOP01-DEL02-DF 
586696;"1306148   ";2024-03-12;terça-feira;05:49:00;DF;"20   ";"30   ";BRASILIA;Não;Reação tardia ou ineficiente do condutor;1;Colisão lateral mesmo sentido;Com Vítimas Feridas;Amanhecer;Decrescente;Nublado;Dupla;"Declive;Reta";Não  ;"1046179   ";Automóvel;I/NISSAN VERSA EXCL CVT;"2021      ";Condutor;Ileso;"34   ";Masculino;"1 ";"0    ";"0    ";"0    ";-15.5953270;-47.6038480;SPRF-DF;DEL02-DF;UOP01-DEL02-DF 
586696;"1306147   ";2024-03-12;terça-feira;05:49:00;DF;"20   ";"30   ";BRASILIA;Não;Reação tardia ou ineficiente do condutor;1;Colisão lateral mesmo sentido;Com Vítimas Feridas;Amanhecer;Decrescente;Nublado;Dupla;"Declive;Reta";Não  ;"1046178   ";Motocicleta;YAMAHA/FZ25 FAZER;"2022      ";Condutor;Lesões Graves;"50   ";Masculino;"0 ";"0    ";"1    ";"0    ";-15.5953270;-47.6038480;SPRF-DF;DEL02-DF;UOP01-DEL02-DF 
586696;"1306149   ";2024-03-12;terça-feira;05:49:00;DF;"20   ";"30   ";BRASILIA;Não;Manobra de mudança de faixa;1;Colisão lateral mesmo sentido;Com Vítimas Feridas;Amanhecer;Decrescente;Nublado;Dupla;"Declive;Reta";Não  ;"1046179   ";Automóvel;I/NISSAN VERSA EXCL CVT;"2021      ";Passageiro;Ileso;"39   ";Masculino;"1 ";"0    ";"0    ";"0    ";-15.5953270;-47.6038480;SPRF-DF;DEL02-DF;UOP01-DEL02-DF 
586696;"1307114   ";2024-03-12;terça-feira;05:49:00;DF;"20   ";"30   ";BRASILIA;Não;Manobra de mudança de faixa;1;Colisão lateral mesmo sentido;Com Vítimas Feridas;Amanhecer;Decrescente;Nublado;Dupla;"Declive;Reta";Não  ;"1046179   ";Automóvel;I/NISSAN VERSA EXCL CVT;"2021      ";Passageiro;Ileso;"34   ";Feminino;"1 ";"0    ";"0    ";"0    ";-15.5953270;-47.6038480;SPRF-DF;DEL02-DF;UOP01-DEL02-DF 
586696;"1307116   ";2024-03-12;terça-feira;05:49:00;DF;"20   ";"30   ";BRASILIA;Não;Manobra de mudança de faixa;1;Colisão lateral mesmo sentido;Com Vítimas Feridas;Amanhecer;Decrescente;Nublado;Dupla;"Declive;Reta";Não  ;"1046179   ";Automóvel;I/NISSAN VERSA EXCL CVT;"2021      ";Passageiro;Ileso;"27   ";Feminino;"1 ";"0    ";"0    ";"0    ";-15.5953270;-47.6038480;SPRF-DF;DEL02-DF;UOP01-DEL02-DF 
586696;"1306148   ";2024-03-12;terça-feira;05:49:00;DF;"20   ";"30   ";BRASILIA;Não;Manobra de mudança de faixa;1;Colisão lateral mesmo sentido;Com Vítimas Feridas;Amanhecer;Decrescente;Nublado;Dupla;"Declive;Reta";Não  ;"1046179   ";Automóvel;I/NISSAN VERSA EXCL CVT;"2021      ";Condutor;Ileso;"34   ";Masculino;"1 ";"0    ";"0    ";"0    ";-15.5953270;-47.6038480;SPRF-DF;DEL02-DF;UOP01-DEL02-DF 
586696;"1306147   ";2024-03-12;terça-feira;05:49:00;DF;"20   ";"30   ";BRASILIA;Não;Manobra de mudança de faixa;1;Colisão lateral mesmo sentido;Com Vítimas Feridas;Amanhecer;Decrescente;Nublado;Dupla;"Declive;Reta";Não  ;"1046178   ";Motocicleta;YAMAHA/FZ25 FAZER;"2022      ";Condutor;Lesões Graves;"50   ";Masculino;"0 ";"0    ";"1    ";"0    ";-15.5953270;-47.6038480;SPRF-DF;DEL02-DF;UOP01-DEL02-DF 
586696;"1306149   ";2024-03-12;terça-feira;05:49:00;DF;"20   ";"30   ";BRASILIA;Sim;Condutor deixou de manter distância do veículo da frente;1;Colisão lateral mesmo sentido;Com Vítimas Feridas;Amanhecer;Decrescente;Nublado;Dupla;"Declive;Reta";Não  ;"1046179   ";Automóvel;I/NISSAN VERSA EXCL CVT;"2021      ";Passageiro;Ileso;"39   ";Masculino;"1 ";"0    ";"0    ";"0    ";-15.5953270;-47.6038480;SPRF-DF;DEL02-DF;UOP01-DEL02-DF 
586696;"1307114   ";2024-03-12;terça-feira;05:49:00;DF;"20   ";"30   ";BRASILIA;Sim;Condutor deixou de manter distância do veículo da frente;1;Colisão lateral mesmo sentido;Com Vítimas Feridas;Amanhecer;Decrescente;Nublado;Dupla;"Declive;Reta";Não  ;"1046179   ";Automóvel;I/NISSAN VERSA EXCL CVT;"2021      ";Passageiro;Ileso;"34   ";Feminino;"1 ";"0    ";"0    ";"0    ";-15.5953270;-47.6038480;SPRF-DF;DEL02-DF;UOP01-DEL02-DF 
586696;"1307116   ";2024-03-12;terça-feira;05:49:00;DF;"20   ";"30   ";BRASILIA;Sim;Condutor deixou de manter distância do veículo da frente;1;Colisão lateral mesmo sentido;Com Vítimas Feridas;Amanhecer;Decrescente;Nublado;Dupla;"Declive;Reta";Não  ;"1046179   ";Automóvel;I/NISSAN VERSA EXCL CVT;"2021      ";Passageiro;Ileso;"27   ";Feminino;"1 ";"0    ";"0    ";"0    ";-15.5953270;-47.6038480;SPRF-DF;DEL02-DF;UOP01-DEL02-DF 
586696;"1306148   ";2024-03-12;terça-feira;05:49:00;DF;"20   ";"30   ";BRASILIA;Sim;Condutor deixou de manter distância do veículo da frente;1;Colisão lateral mesmo sentido;Com Vítimas Feridas;Amanhecer;Decrescente;Nublado;Dupla;"Declive;Reta";Não  ;"1046179   ";Automóvel;I/NISSAN VERSA EXCL CVT;"2021      ";Condutor;Ileso;"34   ";Masculino;"1 ";"0    ";"0    ";"0    ";-15.5953270;-47.6038480;SPRF-DF;DEL02-DF;UOP01-DEL02-DF 
586696;"1306147   ";2024-03-12;terça-feira;05:49:00;DF;"20   ";"30   ";BRASILIA;Sim;Condutor deixou de manter distância do veículo da frente;1;Colisão lateral mesmo sentido;Com Vítimas Feridas;Amanhecer;Decrescente;Nublado;Dupla;"Declive;Reta";Não  ;"1046178   ";Motocicleta;YAMAHA/FZ25 FAZER;"2022      ";Condutor;Lesões Graves;"50   ";Masculino;"0 ";"0    ";"1    ";"0    ";-15.5953270;-47.6038480;SPRF-DF;DEL02-DF;UOP01-DEL02-DF 
586731;"1307626   ";2024-03-12;terça-feira;09:50:00;DF;"70   ";"9    ";BRASILIA;Sim;Ausência de reação do condutor;1;Queda de ocupante de veículo;Com Vítimas Feridas;Pleno dia;Crescente;Chuva;Dupla;Reta;Sim  ;"1047406   ";Motocicleta;HONDA/CB300F TWISTER CBS;"2023      ";Condutor;Lesões Leves;"36   ";Masculino;"0 ";"1    ";"0    ";"0    ";-15.7846150;-48.1320230;SPRF-DF;DEL03-DF;UOP02-DEL03-DF 
586759;"1306208   ";2024-02-09;sexta-feira;17:40:00;GO;"414  ";"402,4";CORUMBA DE GOIAS;Sim;Ausência de reação do condutor;1;Saída de leito carroçável;Com Vítimas Feridas;Anoitecer;Decrescente;Chuva;Simples;Curva;Não  ;"1046239   ";Automóvel;HONDA/CIVIC EX CVT;"2017      ";Condutor;Lesões Leves;"29   ";Feminino;"0 ";"1    ";"0    ";"0    ";-15.9923720;-48.8366670;SPRF-GO;DEL02-GO;UOP01-DEL02-GO 
586759;"1306208   ";2024-02-09;sexta-feira;17:40:00;GO;"414  ";"402,4";CORUMBA DE GOIAS;Não;Sistema de drenagem ineficiente;1;Saída de leito carroçável;Com Vítimas Feridas;Anoitecer;Decrescente;Chuva;Simples;Curva;Não  ;"1046239   ";Automóvel;HONDA/CIVIC EX CVT;"2017      ";Condutor;Lesões Leves;"29   ";Feminino;"0 ";"1    ";"0    ";"0    ";-15.9923720;-48.8366670;SPRF-GO;DEL02-GO;UOP01-DEL02-GO 
586759;"1306208   ";2024-02-09;sexta-feira;17:40:00;GO;"414  ";"402,4";CORUMBA DE GOIAS;Não;Chuva;1;Saída de leito carroçável;Com Vítimas Feridas;Anoitecer;Decrescente;Chuva;Simples;Curva;Não  ;"1046239   ";Automóvel;HONDA/CIVIC EX CVT;"2017      ";Condutor;Lesões Leves;"29   ";Feminino;"0 ";"1    ";"0    ";"0    ";-15.9923720;-48.8366670;SPRF-GO;DEL02-GO;UOP01-DEL02-GO 
586759;"1306208   ";2024-02-09;sexta-feira;17:40:00;GO;"414  ";"402,4";CORUMBA DE GOIAS;Não;Acumulo de água sobre o pavimento;1;Saída de leito carroçável;Com Vítimas Feridas;Anoitecer;Decrescente;Chuva;Simples;Curva;Não  ;"1046239   ";Automóvel;HONDA/CIVIC EX CVT;"2017      ";Condutor;Lesões Leves;"29   ";Feminino;"0 ";"1    ";"0    ";"0    ";-15.9923720;-48.8366670;SPRF-GO;DEL02-GO;UOP01-DEL02-GO 
586763;"1306303   ";2024-03-12;terça-feira;12:15:00;DF;"251  ";"33   ";BRASILIA;Não;Reação tardia ou ineficiente do condutor;2;Saída de leito carroçável;Com Vítimas Feridas;Pleno dia;Crescente;Céu Claro;Simples;Reta;Não  ;"1046311   ";Automóvel;HYUNDAI/HB20 10M COMFORT;"2023      ";Condutor;Lesões Leves;"39   ";Masculino;"0 ";"1    ";"0    ";"0    ";-15.9386034;-47.7463460;SPRF-DF;DEL01-DF;UOP01-DEL01-DF 
586763;"1306309   ";2024-03-12;terça-feira;12:15:00;DF;"251  ";"33   ";BRASILIA;Não;Reação tardia ou ineficiente do condutor;2;Saída de leito carroçável;Com Vítimas Feridas;Pleno dia;Crescente;Céu Claro;Simples;Reta;Não  ;"1046310   ";Automóvel;I/HONDA ACCORD LX;"2005      ";Passageiro;Lesões Graves;"9    ";Feminino;"0 ";"0    ";"1    ";"0    ";-15.9386034;-47.7463460;SPRF-DF;DEL01-DF;UOP01-DEL01-DF 
586763;"1306305   ";2024-03-12;terça-feira;12:15:00;DF;"251  ";"33   ";BRASILIA;Não;Reação tardia ou ineficiente do condutor;2;Saída de leito carroçável;Com Vítimas Feridas;Pleno dia;Crescente;Céu Claro;Simples;Reta;Não  ;"1046310   ";Automóvel;I/HONDA ACCORD LX;"2005      ";Condutor;Lesões Leves;"63   ";Masculino;"0 ";"1    ";"0    ";"0    ";-15.9386034;-47.7463460;SPRF-DF;DEL01-DF;UOP01-DEL01-DF 
586763;"1306303   ";2024-03-12;terça-feira;12:15:00;DF;"251  ";"33   ";BRASILIA;Não;Acesso irregular;2;Saída de leito carroçável;Com Vítimas Feridas;Pleno dia;Crescente;Céu Claro;Simples;Reta;Não  ;"1046311   ";Automóvel;HYUNDAI/HB20 10M COMFORT;"2023      ";Condutor;Lesões Leves;"39   ";Masculino;"0 ";"1    ";"0    ";"0    ";-15.9386034;-47.7463460;SPRF-DF;DEL01-DF;UOP01-DEL01-DF 
586763;"1306309   ";2024-03-12;terça-feira;12:15:00;DF;"251  ";"33   ";BRASILIA;Não;Acesso irregular;2;Saída de leito carroçável;Com Vítimas Feridas;Pleno dia;Crescente;Céu Claro;Simples;Reta;Não  ;"1046310   ";Automóvel;I/HONDA ACCORD LX;"2005      ";Passageiro;Lesões Graves;"9    ";Feminino;"0 ";"0    ";"1    ";"0    ";-15.9386034;-47.7463460;SPRF-DF;DEL01-DF;UOP01-DEL01-DF 
586763;"1306305   ";2024-03-12;terça-feira;12:15:00;DF;"251  ";"33   ";BRASILIA;Não;Acesso irregular;2;Saída de leito carroçável;Com Vítimas Feridas;Pleno dia;Crescente;Céu Claro;Simples;Reta;Não  ;"1046310   ";Automóvel;I/HONDA ACCORD LX;"2005      ";Condutor;Lesões Leves;"63   ";Masculino;"0 ";"1    ";"0    ";"0    ";-15.9386034;-47.7463460;SPRF-DF;DEL01-DF;UOP01-DEL01-DF 
586763;"1306303   ";2024-03-12;terça-feira;12:15:00;DF;"251  ";"33   ";BRASILIA;Sim;Conversão proibida;2;Saída de leito carroçável;Com Vítimas Feridas;Pleno dia;Crescente;Céu Claro;Simples;Reta;Não  ;"1046311   ";Automóvel;HYUNDAI/HB20 10M COMFORT;"2023      ";Condutor;Lesões Leves;"39   ";Masculino;"0 ";"1    ";"0    ";"0    ";-15.9386034;-47.7463460;SPRF-DF;DEL01-DF;UOP01-DEL01-DF 
586763;"1306309   ";2024-03-12;terça-feira;12:15:00;DF;"251  ";"33   ";BRASILIA;Sim;Conversão proibida;2;Saída de leito carroçável;Com Vítimas Feridas;Pleno dia;Crescente;Céu Claro;Simples;Reta;Não  ;"1046310   ";Automóvel;I/HONDA ACCORD LX;"2005      ";Passageiro;Lesões Graves;"9    ";Feminino;"0 ";"0    ";"1    ";"0    ";-15.9386034;-47.7463460;SPRF-DF;DEL01-DF;UOP01-DEL01-DF 
586763;"1306305   ";2024-03-12;terça-feira;12:15:00;DF;"251  ";"33   ";BRASILIA;Sim;Conversão proibida;2;Saída de leito carroçável;Com Vítimas Feridas;Pleno dia;Crescente;Céu Claro;Simples;Reta;Não  ;"1046310   ";Automóvel;I/HONDA ACCORD LX;"2005      ";Condutor;Lesões Leves;"63   ";Masculino;"0 ";"1    ";"0    ";"0    ";-15.9386034;-47.7463460;SPRF-DF;DEL01-DF;UOP01-DEL01-DF 
586763;"1306303   ";2024-03-12;terça-feira;12:15:00;DF;"251  ";"33   ";BRASILIA;Não;Reação tardia ou ineficiente do condutor;1;Colisão transversal;Com Vítimas Feridas;Pleno dia;Crescente;Céu Claro;Simples;Reta;Não  ;"1046311   ";Automóvel;HYUNDAI/HB20 10M COMFORT;"2023      ";Condutor;Lesões Leves;"39   ";Masculino;"0 ";"1    ";"0    ";"0    ";-15.9386034;-47.7463460;SPRF-DF;DEL01-DF;UOP01-DEL01-DF 
586763;"1306309   ";2024-03-12;terça-feira;12:15:00;DF;"251  ";"33   ";BRASILIA;Não;Reação tardia ou ineficiente do condutor;1;Colisão transversal;Com Vítimas Feridas;Pleno dia;Crescente;Céu Claro;Simples;Reta;Não  ;"1046310   ";Automóvel;I/HONDA ACCORD LX;"2005      ";Passageiro;Lesões Graves;"9    ";Feminino;"0 ";"0    ";"1    ";"0    ";-15.9386034;-47.7463460;SPRF-DF;DEL01-DF;UOP01-DEL01-DF 
586763;"1306305   ";2024-03-12;terça-feira;12:15:00;DF;"251  ";"33   ";BRASILIA;Não;Reação tardia ou ineficiente do condutor;1;Colisão transversal;Com Vítimas Feridas;Pleno dia;Crescente;Céu Claro;Simples;Reta;Não  ;"1046310   ";Automóvel;I/HONDA ACCORD LX;"2005      ";Condutor;Lesões Leves;"63   ";Masculino;"0 ";"1    ";"0    ";"0    ";-15.9386034;-47.7463460;SPRF-DF;DEL01-DF;UOP01-DEL01-DF 
586763;"1306303   ";2024-03-12;terça-feira;12:15:00;DF;"251  ";"33   ";BRASILIA;Não;Acesso irregular;1;Colisão transversal;Com Vítimas Feridas;Pleno dia;Crescente;Céu Claro;Simples;Reta;Não  ;"1046311   ";Automóvel;HYUNDAI/HB20 10M COMFORT;"2023      ";Condutor;Lesões Leves;"39   ";Masculino;"0 ";"1    ";"0    ";"0    ";-15.9386034;-47.7463460;SPRF-DF;DEL01-DF;UOP01-DEL01-DF 
586763;"1306309   ";2024-03-12;terça-feira;12:15:00;DF;"251  ";"33   ";BRASILIA;Não;Acesso irregular;1;Colisão transversal;Com Vítimas Feridas;Pleno dia;Crescente;Céu Claro;Simples;Reta;Não  ;"1046310   ";Automóvel;I/HONDA ACCORD LX;"2005      ";Passageiro;Lesões Graves;"9    ";Feminino;"0 ";"0    ";"1    ";"0    ";-15.9386034;-47.7463460;SPRF-DF;DEL01-DF;UOP01-DEL01-DF 
586763;"1306305   ";2024-03-12;terça-feira;12:15:00;DF;"251  ";"33   ";BRASILIA;Não;Acesso irregular;1;Colisão transversal;Com Vítimas Feridas;Pleno dia;Crescente;Céu Claro;Simples;Reta;Não  ;"1046310   ";Automóvel;I/HONDA ACCORD LX;"2005      ";Condutor;Lesões Leves;"63   ";Masculino;"0 ";"1    ";"0    ";"0    ";-15.9386034;-47.7463460;SPRF-DF;DEL01-DF;UOP01-DEL01-DF 