id;pesid;data_inversa;dia_semana;horario;uf;br;km;municipio;causa_principal;causa_acidente;ordem_tipo_acidente;tipo_acidente;classificacao_acidente;fase_dia;sentido_via;condicao_metereologica;tipo_pista;tracado_via;uso_solo;id_veiculo;tipo_veiculo;marca;ano_fabricacao_veiculo;tipo_envolvido;estado_fisico;idade;sexo;ilesos;feridos_leves;feridos_graves;mortos;latitude;longitude;regional;delegacia;uop
586763;"1306303   ";2024-03-12;terça-feira;12:15:00;DF;"251  ";"33   ";BRASILIA;Sim;Conversão proibida;1;Colisão transversal;Com Vítimas Feridas;Pleno dia;Crescente;Céu Claro;Simples;Reta;Não  ;"1046311   ";Automóvel;HYUNDAI/HB20 10M COMFORT;"2023      ";Condutor;Lesões Leves;"39   ";Masculino;"0 ";"1    ";"0    ";"0    ";-15.9386034;-47.7463460;SPRF-DF;DEL01-DF;UOP01-DEL01-DF 
586763;"1306309   ";2024-03-12;terça-feira;12:15:00;DF;"251  ";"33   ";BRASILIA;Sim;Conversão proibida;1;Colisão transversal;Com Vítimas Feridas;Pleno dia;Crescente;Céu Claro;Simples;Reta;Não  ;"1046310   ";Automóvel;I/HONDA ACCORD LX;"2005      ";Passageiro;Lesões Graves;"9    ";Feminino;"0 ";"0    ";"1    ";"0    ";-15.9386034;-47.7463460;SPRF-DF;DEL01-DF;UOP01-DEL01-DF 
586763;"1306305   ";2024-03-12;terça-feira;12:15:00;DF;"251  ";"33   ";BRASILIA;Sim;Conversão proibida;1;Colisão transversal;Com Vítimas Feridas;Pleno dia;Crescente;Céu Claro;Simples;Reta;Não  ;"1046310   ";Automóvel;I/HONDA ACCORD LX;"2005      ";Condutor;Lesões Leves;"63   ";Masculino;"0 ";"1    ";"0    ";"0    ";-15.9386034;-47.7463460;SPRF-DF;DEL01-DF;UOP01-DEL01-DF 
586786;"1306312   ";2024-03-12;terça-feira;14:48:00;DF;"40   ";"8    ";BRASILIA;Sim;Demais falhas mecânicas ou elétricas;1;Incêndio;Sem Vítimas;Pleno dia;Decrescente;Céu Claro;Dupla;Reta;Sim  ;"1046316   ";Automóvel;RENAULT/SANDERO GTL 10MT;"2018      ";Condutor;Ileso;"41   ";Masculino;"1 ";"0    ";"0    ";"0    ";-16.0491129;-47.9813290;SPRF-DF;DEL01-DF;UOP01-DEL01-DF 
586789;"1306446   ";2024-03-12;terça-feira;15:40:00;DF;"70   ";"3    ";BRASILIA;Sim;Acessar a via sem observar a presença dos outros veículos;2;Queda de ocupante de veículo;Com Vítimas Feridas;Pleno dia;Decrescente;Céu Claro;Dupla;"Reta;Retorno Regulamentado";Sim  ;"1046436   ";Motocicleta;HONDA/CG 160 FAN;"2023      ";Condutor;Lesões Leves;"43   ";Masculino;"0 ";"1    ";"0    ";"0    ";-15.8023191;-48.0798626;SPRF-DF;DEL03-DF;UOP02-DEL03-DF 
586789;"1306451   ";2024-03-12;terça-feira;15:40:00;DF;"70   ";"3    ";BRASILIA;Sim;Acessar a via sem observar a presença dos outros veículos;2;Queda de ocupante de veículo;Com Vítimas Feridas;Pleno dia;Decrescente;Céu Claro;Dupla;"Reta;Retorno Regulamentado";Sim  ;"1046436   ";Motocicleta;HONDA/CG 160 FAN;"2023      ";Passageiro;Ileso;"40   ";Feminino;"1 ";"0    ";"0    ";"0    ";-15.8023191;-48.0798626;SPRF-DF;DEL03-DF;UOP02-DEL03-DF 
586789;"1306448   ";2024-03-12;terça-feira;15:40:00;DF;"70   ";"3    ";BRASILIA;Sim;Acessar a via sem observar a presença dos outros veículos;2;Queda de ocupante de veículo;Com Vítimas Feridas;Pleno dia;Decrescente;Céu Claro;Dupla;"Reta;Retorno Regulamentado";Sim  ;"0         ";"0";NA/NA;"0         ";Testemunha;Não Informado;"0    ";Não Informado;"0 ";"0    ";"0    ";"0    ";-15.8023191;-48.0798626;SPRF-DF;DEL03-DF;UOP02-DEL03-DF 
586789;"1306446   ";2024-03-12;terça-feira;15:40:00;DF;"70   ";"3    ";BRASILIA;Sim;Acessar a via sem observar a presença dos outros veículos;1;Colisão transversal;Com Vítimas Feridas;Pleno dia;Decrescente;Céu Claro;Dupla;"Reta;Retorno Regulamentado";Sim  ;"1046436   ";Motocicleta;HONDA/CG 160 FAN;"2023      ";Condutor;Lesões Leves;"43   ";Masculino;"0 ";"1    ";"0    ";"0    ";-15.8023191;-48.0798626;SPRF-DF;DEL03-DF;UOP02-DEL03-DF 
586789;"1306451   ";2024-03-12;terça-feira;15:40:00;DF;"70   ";"3    ";BRASILIA;Sim;Acessar a via sem observar a presença dos outros veículos;1;Colisão transversal;Com Vítimas Feridas;Pleno dia;Decrescente;Céu Claro;Dupla;"Reta;Retorno Regulamentado";Sim  ;"1046436   ";Motocicleta;HONDA/CG 160 FAN;"2023      ";Passageiro;Ileso;"40   ";Feminino;"1 ";"0    ";"0    ";"0    ";-15.8023191;-48.0798626;SPRF-DF;DEL03-DF;UOP02-DEL03-DF 
586789;"1306448   ";2024-03-12;terça-feira;15:40:00;DF;"70   ";"3    ";BRASILIA;Sim;Acessar a via sem observar a presença dos outros veículos;1;Colisão transversal;Com Vítimas Feridas;Pleno dia;Decrescente;Céu Claro;Dupla;"Reta;Retorno Regulamentado";Sim  ;"0         ";"0";NA/NA;"0         ";Testemunha;Não Informado;"0    ";Não Informado;"0 ";"0    ";"0    ";"0    ";-15.8023191;-48.0798626;SPRF-DF;DEL03-DF;UOP02-DEL03-DF 
586876;"1306686   ";2024-03-12;terça-feira;22:30:00;GO;"80   ";"39   ";PADRE BERNARDO;Sim;Velocidade Incompatível;2;Atropelamento de Pedestre;Com Vítimas Fatais;Plena Noite;Crescente;Céu Claro;Simples;Reta;Não  ;"1046636   ";Motocicleta;HONDA/CG 125 FAN;"2007      ";Condutor;Óbito;"28   ";Masculino;"0 ";"0    ";"0    ";"1    ";-15.2293090;-48.2768150;SPRF-DF;DEL03-DF;UOP02-DEL03-DF 
586876;"1308286   ";2024-03-12;terça-feira;22:30:00;GO;"80   ";"39   ";PADRE BERNARDO;Sim;Velocidade Incompatível;2;Atropelamento de Pedestre;Com Vítimas Fatais;Plena Noite;Crescente;Céu Claro;Simples;Reta;Não  ;"1046641   ";Automóvel;HONDA/HR-V LX CVT;"2015      ";Passageiro;Ileso;"9    ";Feminino;"1 ";"0    ";"0    ";"0    ";-15.2293090;-48.2768150;SPRF-DF;DEL03-DF;UOP02-DEL03-DF 
586876;"1306684   ";2024-03-12;terça-feira;22:30:00;GO;"80   ";"39   ";PADRE BERNARDO;Sim;Velocidade Incompatível;2;Atropelamento de Pedestre;Com Vítimas Fatais;Plena Noite;Crescente;Céu Claro;Simples;Reta;Não  ;"1046641   ";Automóvel;HONDA/HR-V LX CVT;"2015      ";Condutor;Ileso;"26   ";Masculino;"1 ";"0    ";"0    ";"0    ";-15.2293090;-48.2768150;SPRF-DF;DEL03-DF;UOP02-DEL03-DF 
586876;"1308285   ";2024-03-12;terça-feira;22:30:00;GO;"80   ";"39   ";PADRE BERNARDO;Sim;Velocidade Incompatível;2;Atropelamento de Pedestre;Com Vítimas Fatais;Plena Noite;Crescente;Céu Claro;Simples;Reta;Não  ;"1046641   ";Automóvel;HONDA/HR-V LX CVT;"2015      ";Passageiro;Ileso;"25   ";Feminino;"1 ";"0    ";"0    ";"0    ";-15.2293090;-48.2768150;SPRF-DF;DEL03-DF;UOP02-DEL03-DF 
586876;"1308287   ";2024-03-12;terça-feira;22:30:00;GO;"80   ";"39   ";PADRE BERNARDO;Sim;Velocidade Incompatível;2;Atropelamento de Pedestre;Com Vítimas Fatais;Plena Noite;Crescente;Céu Claro;Simples;Reta;Não  ;"1046641   ";Automóvel;HONDA/HR-V LX CVT;"2015      ";Passageiro;Ileso;"3    ";Feminino;"1 ";"0    ";"0    ";"0    ";-15.2293090;-48.2768150;SPRF-DF;DEL03-DF;UOP02-DEL03-DF 
586876;"1306686   ";2024-03-12;terça-feira;22:30:00;GO;"80   ";"39   ";PADRE BERNARDO;Sim;Velocidade Incompatível;1;Queda de ocupante de veículo;Com Vítimas Fatais;Plena Noite;Crescente;Céu Claro;Simples;Reta;Não  ;"1046636   ";Motocicleta;HONDA/CG 125 FAN;"2007      ";Condutor;Óbito;"28   ";Masculino;"0 ";"0    ";"0    ";"1    ";-15.2293090;-48.2768150;SPRF-DF;DEL03-DF;UOP02-DEL03-DF 
586876;"1308286   ";2024-03-12;terça-feira;22:30:00;GO;"80   ";"39   ";PADRE BERNARDO;Sim;Velocidade Incompatível;1;Queda de ocupante de veículo;Com Vítimas Fatais;Plena Noite;Crescente;Céu Claro;Simples;Reta;Não  ;"1046641   ";Automóvel;HONDA/HR-V LX CVT;"2015      ";Passageiro;Ileso;"9    ";Feminino;"1 ";"0    ";"0    ";"0    ";-15.2293090;-48.2768150;SPRF-DF;DEL03-DF;UOP02-DEL03-DF 
586876;"1306684   ";2024-03-12;terça-feira;22:30:00;GO;"80   ";"39   ";PADRE BERNARDO;Sim;Velocidade Incompatível;1;Queda de ocupante de veículo;Com Vítimas Fatais;Plena Noite;Crescente;Céu Claro;Simples;Reta;Não  ;"1046641   ";Automóvel;HONDA/HR-V LX CVT;"2015      ";Condutor;Ileso;"26   ";Masculino;"1 ";"0    ";"0    ";"0    ";-15.2293090;-48.2768150;SPRF-DF;DEL03-DF;UOP02-DEL03-DF 
586876;"1308285   ";2024-03-12;terça-feira;22:30:00;GO;"80   ";"39   ";PADRE BERNARDO;Sim;Velocidade Incompatível;1;Queda de ocupante de veículo;Com Vítimas Fatais;Plena Noite;Crescente;Céu Claro;Simples;Reta;Não  ;"1046641   ";Automóvel;HONDA/HR-V LX CVT;"2015      ";Passageiro;Ileso;"25   ";Feminino;"1 ";"0    ";"0    ";"0    ";-15.2293090;-48.2768150;SPRF-DF;DEL03-DF;UOP02-DEL03-DF 
586876;"1308287   ";2024-03-12;terça-feira;22:30:00;GO;"80   ";"39   ";PADRE BERNARDO;Sim;Velocidade Incompatível;1;Queda de ocupante de veículo;Com Vítimas Fatais;Plena Noite;Crescente;Céu Claro;Simples;Reta;Não  ;"1046641   ";Automóvel;HONDA/HR-V LX CVT;"2015      ";Passageiro;Ileso;"3    ";Feminino;"1 ";"0    ";"0    ";"0    ";-15.2293090;-48.2768150;SPRF-DF;DEL03-DF;UOP02-DEL03-DF 
586901;"1306789   ";2024-03-13;quarta-feira;07:05:00;DF;"20   ";"13   ";BRASILIA;Não;Trafegar com motocicleta (ou similar) entre as faixas;1;Colisão traseira;Com Vítimas Feridas;Amanhecer;Decrescente;Céu Claro;Dupla;Reta;Sim  ;"1046683   ";Motocicleta;HONDA/CG 160 FAN;"2024      ";Condutor;Lesões Graves;"28   ";Masculino;"0 ";"0    ";"1    ";"0    ";-15.6387520;-47.7495990;SPRF-DF;DEL02-DF;UOP01-DEL02-DF 
586901;"1306776   ";2024-03-13;quarta-feira;07:05:00;DF;"20   ";"13   ";BRASILIA;Não;Trafegar com motocicleta (ou similar) entre as faixas;1;Colisão traseira;Com Vítimas Feridas;Amanhecer;Decrescente;Céu Claro;Dupla;Reta;Sim  ;"1046681   ";Automóvel;VW/GOL MPI;"2022      ";Condutor;Ileso;"46   ";Masculino;"1 ";"0    ";"0    ";"0    ";-15.6387520;-47.7495990;SPRF-DF;DEL02-DF;UOP01-DEL02-DF 
586901;"1306789   ";2024-03-13;quarta-feira;07:05:00;DF;"20   ";"13   ";BRASILIA;Sim;Manobra de mudança de faixa;1;Colisão traseira;Com Vítimas Feridas;Amanhecer;Decrescente;Céu Claro;Dupla;Reta;Sim  ;"1046683   ";Motocicleta;HONDA/CG 160 FAN;"2024      ";Condutor;Lesões Graves;"28   ";Masculino;"0 ";"0    ";"1    ";"0    ";-15.6387520;-47.7495990;SPRF-DF;DEL02-DF;UOP01-DEL02-DF 
586901;"1306776   ";2024-03-13;quarta-feira;07:05:00;DF;"20   ";"13   ";BRASILIA;Sim;Manobra de mudança de faixa;1;Colisão traseira;Com Vítimas Feridas;Amanhecer;Decrescente;Céu Claro;Dupla;Reta;Sim  ;"1046681   ";Automóvel;VW/GOL MPI;"2022      ";Condutor;Ileso;"46   ";Masculino;"1 ";"0    ";"0    ";"0    ";-15.6387520;-47.7495990;SPRF-DF;DEL02-DF;UOP01-DEL02-DF 
586905;"0         ";2024-03-13;quarta-feira;06:40:00;GO;"20   ";"116  ";FLORES DE GOIAS;Sim;Acumulo de água sobre o pavimento;1;Colisão frontal;Com Vítimas Feridas;Pleno dia;Decrescente;Chuva;Simples;Reta;Não  ;"1047559   ";Semireboque;SR/GUERRA ABERTA G2T093;"2023      ";"0";"0";"0    ";"0";"0 ";"0    ";"0    ";"0    ";-14.8804020;-46.8531720;SPRF-DF;DEL02-DF;UOP03-DEL02-DF 
586905;"0         ";2024-03-13;quarta-feira;06:40:00;GO;"20   ";"116  ";FLORES DE GOIAS;Sim;Acumulo de água sobre o pavimento;1;Colisão frontal;Com Vítimas Feridas;Pleno dia;Decrescente;Chuva;Simples;Reta;Não  ;"1047557   ";Semireboque;SR/GUERRA ABERTA G2D093;"2023      ";"0";"0";"0    ";"0";"0 ";"0    ";"0    ";"0    ";-14.8804020;-46.8531720;SPRF-DF;DEL02-DF;UOP03-DEL02-DF 
586905;"0         ";2024-03-13;quarta-feira;06:40:00;GO;"20   ";"116  ";FLORES DE GOIAS;Sim;Acumulo de água sobre o pavimento;1;Colisão frontal;Com Vítimas Feridas;Pleno dia;Decrescente;Chuva;Simples;Reta;Não  ;"1047558   ";Semireboque;SR/GUERRA DOLLY D2S059;"2023      ";"0";"0";"0    ";"0";"0 ";"0    ";"0    ";"0    ";-14.8804020;-46.8531720;SPRF-DF;DEL02-DF;UOP03-DEL02-DF 
586905;"1307794   ";2024-03-13;quarta-feira;06:40:00;GO;"20   ";"116  ";FLORES DE GOIAS;Sim;Acumulo de água sobre o pavimento;1;Colisão frontal;Com Vítimas Feridas;Pleno dia;Decrescente;Chuva;Simples;Reta;Não  ;"1047556   ";Caminhão-trator;VOLVO/FH 540 6X4T;"2015      ";Condutor;Ileso;"51   ";Masculino;"1 ";"0    ";"0    ";"0    ";-14.8804020;-46.8531720;SPRF-DF;DEL02-DF;UOP03-DEL02-DF 
586905;"1306749   ";2024-03-13;quarta-feira;06:40:00;GO;"20   ";"116  ";FLORES DE GOIAS;Sim;Acumulo de água sobre o pavimento;1;Colisão frontal;Com Vítimas Feridas;Pleno dia;Decrescente;Chuva;Simples;Reta;Não  ;"1046692   ";Caminhonete;FIAT/STRADA HD WK CC E;"2019      ";Condutor;Lesões Leves;"26   ";Masculino;"0 ";"1    ";"0    ";"0    ";-14.8804020;-46.8531720;SPRF-DF;DEL02-DF;UOP03-DEL02-DF 
586908;"1306574   ";2024-01-05;sexta-feira;06:45:00;DF;"60   ";"2,3  ";BRASILIA;Sim;Acessar a via sem observar a presença dos outros veículos;2;Saída de leito carroçável;Com Vítimas Feridas;Pleno dia;Crescente;Nublado;Dupla;"Retorno Regulamentado;Reta;Aclive";Sim  ;"1046527   ";Automóvel;FIAT/DOBLO HLX 1.8 FLEX;"2007      ";Passageiro;Lesões Leves;"29   ";Feminino;"0 ";"1    ";"0    ";"0    ";-15.8881809;-48.0806673;SPRF-DF;DEL03-DF;UOP01-DEL03-DF 
586908;"1306575   ";2024-01-05;sexta-feira;06:45:00;DF;"60   ";"2,3  ";BRASILIA;Sim;Acessar a via sem observar a presença dos outros veículos;2;Saída de leito carroçável;Com Vítimas Feridas;Pleno dia;Crescente;Nublado;Dupla;"Retorno Regulamentado;Reta;Aclive";Sim  ;"1046527   ";Automóvel;FIAT/DOBLO HLX 1.8 FLEX;"2007      ";Condutor;Ileso;"70   ";Masculino;"1 ";"0    ";"0    ";"0    ";-15.8881809;-48.0806673;SPRF-DF;DEL03-DF;UOP01-DEL03-DF 
586908;"1306573   ";2024-01-05;sexta-feira;06:45:00;DF;"60   ";"2,3  ";BRASILIA;Sim;Acessar a via sem observar a presença dos outros veículos;2;Saída de leito carroçável;Com Vítimas Feridas;Pleno dia;Crescente;Nublado;Dupla;"Retorno Regulamentado;Reta;Aclive";Sim  ;"1046527   ";Automóvel;FIAT/DOBLO HLX 1.8 FLEX;"2007      ";Passageiro;Lesões Leves;"22   ";Feminino;"0 ";"1    ";"0    ";"0    ";-15.8881809;-48.0806673;SPRF-DF;DEL03-DF;UOP01-DEL03-DF 
586908;"1306572   ";2024-01-05;sexta-feira;06:45:00;DF;"60   ";"2,3  ";BRASILIA;Sim;Acessar a via sem observar a presença dos outros veículos;2;Saída de leito carroçável;Com Vítimas Feridas;Pleno dia;Crescente;Nublado;Dupla;"Retorno Regulamentado;Reta;Aclive";Sim  ;"1046527   ";Automóvel;FIAT/DOBLO HLX 1.8 FLEX;"2007      ";Passageiro;Lesões Leves;"39   ";Feminino;"0 ";"1    ";"0    ";"0    ";-15.8881809;-48.0806673;SPRF-DF;DEL03-DF;UOP01-DEL03-DF 
586908;"1306576   ";2024-01-05;sexta-feira;06:45:00;DF;"60   ";"2,3  ";BRASILIA;Sim;Acessar a via sem observar a presença dos outros veículos;2;Saída de leito carroçável;Com Vítimas Feridas;Pleno dia;Crescente;Nublado;Dupla;"Retorno Regulamentado;Reta;Aclive";Sim  ;"1046528   ";Automóvel;CHEV/PRISMA 1.0MT LT;"2015      ";Condutor;Lesões Leves;"42   ";Feminino;"0 ";"1    ";"0    ";"0    ";-15.8881809;-48.0806673;SPRF-DF;DEL03-DF;UOP01-DEL03-DF 
586908;"1306574   ";2024-01-05;sexta-feira;06:45:00;DF;"60   ";"2,3  ";BRASILIA;Sim;Acessar a via sem observar a presença dos outros veículos;1;Colisão transversal;Com Vítimas Feridas;Pleno dia;Crescente;Nublado;Dupla;"Retorno Regulamentado;Reta;Aclive";Sim  ;"1046527   ";Automóvel;FIAT/DOBLO HLX 1.8 FLEX;"2007      ";Passageiro;Lesões Leves;"29   ";Feminino;"0 ";"1    ";"0    ";"0    ";-15.8881809;-48.0806673;SPRF-DF;DEL03-DF;UOP01-DEL03-DF 
586908;"1306575   ";2024-01-05;sexta-feira;06:45:00;DF;"60   ";"2,3  ";BRASILIA;Sim;Acessar a via sem observar a presença dos outros veículos;1;Colisão transversal;Com Vítimas Feridas;Pleno dia;Crescente;Nublado;Dupla;"Retorno Regulamentado;Reta;Aclive";Sim  ;"1046527   ";Automóvel;FIAT/DOBLO HLX 1.8 FLEX;"2007      ";Condutor;Ileso;"70   ";Masculino;"1 ";"0    ";"0    ";"0    ";-15.8881809;-48.0806673;SPRF-DF;DEL03-DF;UOP01-DEL03-DF 
586908;"1306573   ";2024-01-05;sexta-feira;06:45:00;DF;"60   ";"2,3  ";BRASILIA;Sim;Acessar a via sem observar a presença dos outros veículos;1;Colisão transversal;Com Vítimas Feridas;Pleno dia;Crescente;Nublado;Dupla;"Retorno Regulamentado;Reta;Aclive";Sim  ;"1046527   ";Automóvel;FIAT/DOBLO HLX 1.8 FLEX;"2007      ";Passageiro;Lesões Leves;"22   ";Feminino;"0 ";"1    ";"0    ";"0    ";-15.8881809;-48.0806673;SPRF-DF;DEL03-DF;UOP01-DEL03-DF 
586908;"1306572   ";2024-01-05;sexta-feira;06:45:00;DF;"60   ";"2,3  ";BRASILIA;Sim;Acessar a via sem observar a presença dos outros veículos;1;Colisão transversal;Com Vítimas Feridas;Pleno dia;Crescente;Nublado;Dupla;"Retorno Regulamentado;Reta;Aclive";Sim  ;"1046527   ";Automóvel;FIAT/DOBLO HLX 1.8 FLEX;"2007      ";Passageiro;Lesões Leves;"39   ";Feminino;"0 ";"1    ";"0    ";"0    ";-15.8881809;-48.0806673;SPRF-DF;DEL03-DF;UOP01-DEL03-DF 
586908;"1306576   ";2024-01-05;sexta-feira;06:45:00;DF;"60   ";"2,3  ";BRASILIA;Sim;Acessar a via sem observar a presença dos outros veículos;1;Colisão transversal;Com Vítimas Feridas;Pleno dia;Crescente;Nublado;Dupla;"Retorno Regulamentado;Reta;Aclive";Sim  ;"1046528   ";Automóvel;CHEV/PRISMA 1.0MT LT;"2015      ";Condutor;Lesões Leves;"42   ";Feminino;"0 ";"1    ";"0    ";"0    ";-15.8881809;-48.0806673;SPRF-DF;DEL03-DF;UOP01-DEL03-DF 
586931;"0         ";2024-03-13;quarta-feira;05:40:00;GO;"20   ";"54   ";FORMOSA;Sim;Demais falhas mecânicas ou elétricas;1;Tombamento;Com Vítimas Feridas;Pleno dia;Crescente;Nublado;Múltipla;Aclive;Não  ;"1046697   ";Semireboque;SR/RODOFORTSA SRPL 3E;"2022      ";"0";"0";"0    ";"0";"0 ";"0    ";"0    ";"0    ";-15.2980450;-47.1483190;SPRF-DF;DEL02-DF;UOP02-DEL02-DF 
586931;"1306761   ";2024-03-13;quarta-feira;05:40:00;GO;"20   ";"54   ";FORMOSA;Sim;Demais falhas mecânicas ou elétricas;1;Tombamento;Com Vítimas Feridas;Pleno dia;Crescente;Nublado;Múltipla;Aclive;Não  ;"1046696   ";Caminhão-trator;VOLVO/FH 460 6X2T;"2021      ";Condutor;Lesões Leves;"40   ";Masculino;"0 ";"1    ";"0    ";"0    ";-15.2980450;-47.1483190;SPRF-DF;DEL02-DF;UOP02-DEL02-DF 
586942;"1306726   ";2024-03-13;quarta-feira;08:30:00;DF;"20   ";"8    ";BRASILIA;Não;Velocidade Incompatível;3;Queda de ocupante de veículo;Com Vítimas Feridas;Pleno dia;Crescente;Nublado;Dupla;"Reta;Declive";Sim  ;"1046670   ";Automóvel;HONDA/CIVIC LXS FLEX;"2008      ";Condutor;Ileso;"63   ";Masculino;"1 ";"0    ";"0    ";"0    ";-15.6583860;-47.7915340;SPRF-DF;DEL02-DF;UOP01-DEL02-DF 
586942;"1306725   ";2024-03-13;quarta-feira;08:30:00;DF;"20   ";"8    ";BRASILIA;Não;Velocidade Incompatível;3;Queda de ocupante de veículo;Com Vítimas Feridas;Pleno dia;Crescente;Nublado;Dupla;"Reta;Declive";Sim  ;"1046669   ";Motocicleta;YAMAHA/XTZ150 CROSSER Z;"2021      ";Condutor;Lesões Leves;"26   ";Masculino;"0 ";"1    ";"0    ";"0    ";-15.6583860;-47.7915340;SPRF-DF;DEL02-DF;UOP01-DEL02-DF 
586942;"1306726   ";2024-03-13;quarta-feira;08:30:00;DF;"20   ";"8    ";BRASILIA;Não;Declive acentuado;3;Queda de ocupante de veículo;Com Vítimas Feridas;Pleno dia;Crescente;Nublado;Dupla;"Reta;Declive";Sim  ;"1046670   ";Automóvel;HONDA/CIVIC LXS FLEX;"2008      ";Condutor;Ileso;"63   ";Masculino;"1 ";"0    ";"0    ";"0    ";-15.6583860;-47.7915340;SPRF-DF;DEL02-DF;UOP01-DEL02-DF 
586942;"1306725   ";2024-03-13;quarta-feira;08:30:00;DF;"20   ";"8    ";BRASILIA;Não;Declive acentuado;3;Queda de ocupante de veículo;Com Vítimas Feridas;Pleno dia;Crescente;Nublado;Dupla;"Reta;Declive";Sim  ;"1046669   ";Motocicleta;YAMAHA/XTZ150 CROSSER Z;"2021      ";Condutor;Lesões Leves;"26   ";Masculino;"0 ";"1    ";"0    ";"0    ";-15.6583860;-47.7915340;SPRF-DF;DEL02-DF;UOP01-DEL02-DF 
586942;"1306726   ";2024-03-13;quarta-feira;08:30:00;DF;"20   ";"8    ";BRASILIA;Não;Condutor deixou de manter distância do veículo da frente;3;Queda de ocupante de veículo;Com Vítimas Feridas;Pleno dia;Crescente;Nublado;Dupla;"Reta;Declive";Sim  ;"1046670   ";Automóvel;HONDA/CIVIC LXS FLEX;"2008      ";Condutor;Ileso;"63   ";Masculino;"1 ";"0    ";"0    ";"0    ";-15.6583860;-47.7915340;SPRF-DF;DEL02-DF;UOP01-DEL02-DF 
586942;"1306725   ";2024-03-13;quarta-feira;08:30:00;DF;"20   ";"8    ";BRASILIA;Não;Condutor deixou de manter distância do veículo da frente;3;Queda de ocupante de veículo;Com Vítimas Feridas;Pleno dia;Crescente;Nublado;Dupla;"Reta;Declive";Sim  ;"1046669   ";Motocicleta;YAMAHA/XTZ150 CROSSER Z;"2021      ";Condutor;Lesões Leves;"26   ";Masculino;"0 ";"1    ";"0    ";"0    ";-15.6583860;-47.7915340;SPRF-DF;DEL02-DF;UOP01-DEL02-DF 
586942;"1306726   ";2024-03-13;quarta-feira;08:30:00;DF;"20   ";"8    ";BRASILIA;Sim;Ausência de reação do condutor;3;Queda de ocupante de veículo;Com Vítimas Feridas;Pleno dia;Crescente;Nublado;Dupla;"Reta;Declive";Sim  ;"1046670   ";Automóvel;HONDA/CIVIC LXS FLEX;"2008      ";Condutor;Ileso;"63   ";Masculino;"1 ";"0    ";"0    ";"0    ";-15.6583860;-47.7915340;SPRF-DF;DEL02-DF;UOP01-DEL02-DF 
586942;"1306725   ";2024-03-13;quarta-feira;08:30:00;DF;"20   ";"8    ";BRASILIA;Sim;Ausência de reação do condutor;3;Queda de ocupante de veículo;Com Vítimas Feridas;Pleno dia;Crescente;Nublado;Dupla;"Reta;Declive";Sim  ;"1046669   ";Motocicleta;YAMAHA/XTZ150 CROSSER Z;"2021      ";Condutor;Lesões Leves;"26   ";Masculino;"0 ";"1    ";"0    ";"0    ";-15.6583860;-47.7915340;SPRF-DF;DEL02-DF;UOP01-DEL02-DF 
586942;"1306726   ";2024-03-13;quarta-feira;08:30:00;DF;"20   ";"8    ";BRASILIA;Não;Velocidade Incompatível;2;Colisão com objeto;Com Vítimas Feridas;Pleno dia;Crescente;Nublado;Dupla;"Reta;Declive";Sim  ;"1046670   ";Automóvel;HONDA/CIVIC LXS FLEX;"2008      ";Condutor;Ileso;"63   ";Masculino;"1 ";"0    ";"0    ";"0    ";-15.6583860;-47.7915340;SPRF-DF;DEL02-DF;UOP01-DEL02-DF 
586942;"1306725   ";2024-03-13;quarta-feira;08:30:00;DF;"20   ";"8    ";BRASILIA;Não;Velocidade Incompatível;2;Colisão com objeto;Com Vítimas Feridas;Pleno dia;Crescente;Nublado;Dupla;"Reta;Declive";Sim  ;"1046669   ";Motocicleta;YAMAHA/XTZ150 CROSSER Z;"2021      ";Condutor;Lesões Leves;"26   ";Masculino;"0 ";"1    ";"0    ";"0    ";-15.6583860;-47.7915340;SPRF-DF;DEL02-DF;UOP01-DEL02-DF 
586942;"1306726   ";2024-03-13;quarta-feira;08:30:00;DF;"20   ";"8    ";BRASILIA;Não;Declive acentuado;2;Colisão com objeto;Com Vítimas Feridas;Pleno dia;Crescente;Nublado;Dupla;"Reta;Declive";Sim  ;"1046670   ";Automóvel;HONDA/CIVIC LXS FLEX;"2008      ";Condutor;Ileso;"63   ";Masculino;"1 ";"0    ";"0    ";"0    ";-15.6583860;-47.7915340;SPRF-DF;DEL02-DF;UOP01-DEL02-DF 
586942;"1306725   ";2024-03-13;quarta-feira;08:30:00;DF;"20   ";"8    ";BRASILIA;Não;Declive acentuado;2;Colisão com objeto;Com Vítimas Feridas;Pleno dia;Crescente;Nublado;Dupla;"Reta;Declive";Sim  ;"1046669   ";Motocicleta;YAMAHA/XTZ150 CROSSER Z;"2021      ";Condutor;Lesões Leves;"26   ";Masculino;"0 ";"1    ";"0    ";"0    ";-15.6583860;-47.7915340;SPRF-DF;DEL02-DF;UOP01-DEL02-DF 
586942;"1306726   ";2024-03-13;quarta-feira;08:30:00;DF;"20   ";"8    ";BRASILIA;Não;Condutor deixou de manter distância do veículo da frente;2;Colisão com objeto;Com Vítimas Feridas;Pleno dia;Crescente;Nublado;Dupla;"Reta;Declive";Sim  ;"1046670   ";Automóvel;HONDA/CIVIC LXS FLEX;"2008      ";Condutor;Ileso;"63   ";Masculino;"1 ";"0    ";"0    ";"0    ";-15.6583860;-47.7915340;SPRF-DF;DEL02-DF;UOP01-DEL02-DF 