id;pesid;data_inversa;dia_semana;horario;uf;br;km;municipio;causa_principal;causa_acidente;ordem_tipo_acidente;tipo_acidente;classificacao_acidente;fase_dia;sentido_via;condicao_metereologica;tipo_pista;tracado_via;uso_solo;id_veiculo;tipo_veiculo;marca;ano_fabricacao_veiculo;tipo_envolvido;estado_fisico;idade;sexo;ilesos;feridos_leves;feridos_graves;mortos;latitude;longitude;regional;delegacia;uop
587339;"1307633   ";2024-03-15;sexta-feira;06:45:00;GO;"40   ";"1    ";VALPARAISO DE GOIAS;Sim;Pedestre cruzava a pista fora da faixa;1;Atropelamento de Pedestre;Com Vítimas Feridas;Pleno dia;Decrescente;Céu Claro;Dupla;Reta;Não  ;"1047411   ";Motocicleta;HONDA/CG 160 FAN;"2023      ";Condutor;Ileso;"20   ";Masculino;"1 ";"0    ";"0    ";"0    ";-16.0582450;-47.9828250;SPRF-DF;DEL01-DF;UOP01-DEL01-DF 
587339;"1307634   ";2024-03-15;sexta-feira;06:45:00;GO;"40   ";"1    ";VALPARAISO DE GOIAS;Sim;Pedestre cruzava a pista fora da faixa;1;Atropelamento de Pedestre;Com Vítimas Feridas;Pleno dia;Decrescente;Céu Claro;Dupla;Reta;Não  ;"0         ";"0";NA/NA;"0         ";Pedestre;Lesões Graves;"67   ";Masculino;"0 ";"0    ";"1    ";"0    ";-16.0582450;-47.9828250;SPRF-DF;DEL01-DF;UOP01-DEL01-DF 
587344;"1307788   ";2024-03-15;sexta-feira;07:00:00;DF;"20   ";"12,4 ";BRASILIA;Não;Trafegar com motocicleta (ou similar) entre as faixas;1;Colisão lateral mesmo sentido;Com Vítimas Feridas;Pleno dia;Crescente;Céu Claro;Dupla;Reta;Sim  ;"1047551   ";Motocicleta;HONDA/CG 160 FAN;"2022      ";Condutor;Lesões Leves;"30   ";Masculino;"0 ";"1    ";"0    ";"0    ";-15.6428120;-47.7577860;SPRF-DF;DEL02-DF;UOP01-DEL02-DF 
587344;"1307787   ";2024-03-15;sexta-feira;07:00:00;DF;"20   ";"12,4 ";BRASILIA;Não;Trafegar com motocicleta (ou similar) entre as faixas;1;Colisão lateral mesmo sentido;Com Vítimas Feridas;Pleno dia;Crescente;Céu Claro;Dupla;Reta;Sim  ;"1047549   ";Automóvel;HONDA/CIVIC EX;"2001      ";Condutor;Ileso;"41   ";Masculino;"1 ";"0    ";"0    ";"0    ";-15.6428120;-47.7577860;SPRF-DF;DEL02-DF;UOP01-DEL02-DF 
587344;"1307788   ";2024-03-15;sexta-feira;07:00:00;DF;"20   ";"12,4 ";BRASILIA;Não;Ausência de reação do condutor;1;Colisão lateral mesmo sentido;Com Vítimas Feridas;Pleno dia;Crescente;Céu Claro;Dupla;Reta;Sim  ;"1047551   ";Motocicleta;HONDA/CG 160 FAN;"2022      ";Condutor;Lesões Leves;"30   ";Masculino;"0 ";"1    ";"0    ";"0    ";-15.6428120;-47.7577860;SPRF-DF;DEL02-DF;UOP01-DEL02-DF 
587344;"1307787   ";2024-03-15;sexta-feira;07:00:00;DF;"20   ";"12,4 ";BRASILIA;Não;Ausência de reação do condutor;1;Colisão lateral mesmo sentido;Com Vítimas Feridas;Pleno dia;Crescente;Céu Claro;Dupla;Reta;Sim  ;"1047549   ";Automóvel;HONDA/CIVIC EX;"2001      ";Condutor;Ileso;"41   ";Masculino;"1 ";"0    ";"0    ";"0    ";-15.6428120;-47.7577860;SPRF-DF;DEL02-DF;UOP01-DEL02-DF 
587344;"1307788   ";2024-03-15;sexta-feira;07:00:00;DF;"20   ";"12,4 ";BRASILIA;Sim;Manobra de mudança de faixa;1;Colisão lateral mesmo sentido;Com Vítimas Feridas;Pleno dia;Crescente;Céu Claro;Dupla;Reta;Sim  ;"1047551   ";Motocicleta;HONDA/CG 160 FAN;"2022      ";Condutor;Lesões Leves;"30   ";Masculino;"0 ";"1    ";"0    ";"0    ";-15.6428120;-47.7577860;SPRF-DF;DEL02-DF;UOP01-DEL02-DF 
587344;"1307787   ";2024-03-15;sexta-feira;07:00:00;DF;"20   ";"12,4 ";BRASILIA;Sim;Manobra de mudança de faixa;1;Colisão lateral mesmo sentido;Com Vítimas Feridas;Pleno dia;Crescente;Céu Claro;Dupla;Reta;Sim  ;"1047549   ";Automóvel;HONDA/CIVIC EX;"2001      ";Condutor;Ileso;"41   ";Masculino;"1 ";"0    ";"0    ";"0    ";-15.6428120;-47.7577860;SPRF-DF;DEL02-DF;UOP01-DEL02-DF 
587351;"1307628   ";2024-03-02;sábado;14:10:00;GO;"70   ";"1,7  ";AGUAS LINDAS DE GOIAS;Sim;Ingestão de álcool pelo condutor;1;Colisão traseira;Sem Vítimas;Pleno dia;Crescente;Nublado;Dupla;"Aclive;Curva";Não  ;"1047408   ";Automóvel;FIAT/PALIO ESSENCE 1.6;"2013      ";Condutor;Ileso;"53   ";Masculino;"1 ";"0    ";"0    ";"0    ";-15.7757935;-48.2325900;SPRF-DF;DEL03-DF;UOP02-DEL03-DF 
587351;"1307627   ";2024-03-02;sábado;14:10:00;GO;"70   ";"1,7  ";AGUAS LINDAS DE GOIAS;Sim;Ingestão de álcool pelo condutor;1;Colisão traseira;Sem Vítimas;Pleno dia;Crescente;Nublado;Dupla;"Aclive;Curva";Não  ;"1047407   ";Automóvel;TOYOTA/COROLLA APREMIUMH;"2020      ";Condutor;Ileso;"42   ";Masculino;"1 ";"0    ";"0    ";"0    ";-15.7757935;-48.2325900;SPRF-DF;DEL03-DF;UOP02-DEL03-DF 
587385;"1307813   ";2024-03-15;sexta-feira;07:03:00;DF;"20   ";"21   ";BRASILIA;Sim;Condutor deixou de manter distância do veículo da frente;1;Colisão traseira;Com Vítimas Feridas;Pleno dia;Decrescente;Céu Claro;Dupla;Reta;Sim  ;"1047576   ";Automóvel;FORD/KA SE 1.0 HA B;"2016      ";Condutor;Ileso;"49   ";Feminino;"1 ";"0    ";"0    ";"0    ";-15.6033840;-47.6846920;SPRF-DF;DEL02-DF;UOP01-DEL02-DF 
587385;"1307816   ";2024-03-15;sexta-feira;07:03:00;DF;"20   ";"21   ";BRASILIA;Sim;Condutor deixou de manter distância do veículo da frente;1;Colisão traseira;Com Vítimas Feridas;Pleno dia;Decrescente;Céu Claro;Dupla;Reta;Sim  ;"1047576   ";Automóvel;FORD/KA SE 1.0 HA B;"2016      ";Passageiro;Ileso;"58   ";Feminino;"1 ";"0    ";"0    ";"0    ";-15.6033840;-47.6846920;SPRF-DF;DEL02-DF;UOP01-DEL02-DF 
587385;"1307814   ";2024-03-15;sexta-feira;07:03:00;DF;"20   ";"21   ";BRASILIA;Sim;Condutor deixou de manter distância do veículo da frente;1;Colisão traseira;Com Vítimas Feridas;Pleno dia;Decrescente;Céu Claro;Dupla;Reta;Sim  ;"1047576   ";Automóvel;FORD/KA SE 1.0 HA B;"2016      ";Passageiro;Ileso;"47   ";Masculino;"1 ";"0    ";"0    ";"0    ";-15.6033840;-47.6846920;SPRF-DF;DEL02-DF;UOP01-DEL02-DF 
587385;"1307815   ";2024-03-15;sexta-feira;07:03:00;DF;"20   ";"21   ";BRASILIA;Sim;Condutor deixou de manter distância do veículo da frente;1;Colisão traseira;Com Vítimas Feridas;Pleno dia;Decrescente;Céu Claro;Dupla;Reta;Sim  ;"1047576   ";Automóvel;FORD/KA SE 1.0 HA B;"2016      ";Passageiro;Lesões Leves;"44   ";Feminino;"0 ";"1    ";"0    ";"0    ";-15.6033840;-47.6846920;SPRF-DF;DEL02-DF;UOP01-DEL02-DF 
587385;"1307818   ";2024-03-15;sexta-feira;07:03:00;DF;"20   ";"21   ";BRASILIA;Sim;Condutor deixou de manter distância do veículo da frente;1;Colisão traseira;Com Vítimas Feridas;Pleno dia;Decrescente;Céu Claro;Dupla;Reta;Sim  ;"1047577   ";Automóvel;RENAULT/LOGAN ZEN10MT;"2019      ";Condutor;Ileso;"66   ";Masculino;"1 ";"0    ";"0    ";"0    ";-15.6033840;-47.6846920;SPRF-DF;DEL02-DF;UOP01-DEL02-DF 
587385;"1307819   ";2024-03-15;sexta-feira;07:03:00;DF;"20   ";"21   ";BRASILIA;Sim;Condutor deixou de manter distância do veículo da frente;1;Colisão traseira;Com Vítimas Feridas;Pleno dia;Decrescente;Céu Claro;Dupla;Reta;Sim  ;"1047577   ";Automóvel;RENAULT/LOGAN ZEN10MT;"2019      ";Passageiro;Lesões Leves;"65   ";Feminino;"0 ";"1    ";"0    ";"0    ";-15.6033840;-47.6846920;SPRF-DF;DEL02-DF;UOP01-DEL02-DF 
587413;"1307860   ";2024-03-15;sexta-feira;12:58:00;GO;"40   ";"11,8 ";LUZIANIA;Sim;Ingestão de álcool pelo condutor;1;Colisão lateral mesmo sentido;Sem Vítimas;Pleno dia;Decrescente;Céu Claro;Dupla;Reta;Não  ;"1047605   ";Automóvel;FORD/FIESTA SEDAN1.6FLEX;"2004      ";Condutor;Ileso;"71   ";Masculino;"1 ";"0    ";"0    ";"0    ";-16.1383360;-47.9516440;SPRF-DF;DEL01-DF;UOP01-DEL01-DF 
587413;"1307863   ";2024-03-15;sexta-feira;12:58:00;GO;"40   ";"11,8 ";LUZIANIA;Sim;Ingestão de álcool pelo condutor;1;Colisão lateral mesmo sentido;Sem Vítimas;Pleno dia;Decrescente;Céu Claro;Dupla;Reta;Não  ;"1047607   ";Automóvel;I/PEUGEOT 307 SOLEIL 16M;"2003      ";Condutor;Ileso;"41   ";Masculino;"1 ";"0    ";"0    ";"0    ";-16.1383360;-47.9516440;SPRF-DF;DEL01-DF;UOP01-DEL01-DF 
587413;"1307864   ";2024-03-15;sexta-feira;12:58:00;GO;"40   ";"11,8 ";LUZIANIA;Sim;Ingestão de álcool pelo condutor;1;Colisão lateral mesmo sentido;Sem Vítimas;Pleno dia;Decrescente;Céu Claro;Dupla;Reta;Não  ;"1047609   ";Caminhonete;CHEVROLET/S10 LT DD4;"2012      ";Condutor;Ileso;"62   ";Masculino;"1 ";"0    ";"0    ";"0    ";-16.1383360;-47.9516440;SPRF-DF;DEL01-DF;UOP01-DEL01-DF 
587416;"1307793   ";2024-03-15;sexta-feira;12:10:00;GO;"50   ";"99   ";CRISTALINA;Sim;Curva acentuada;1;Capotamento;Sem Vítimas;Pleno dia;Crescente;Céu Claro;Dupla;"Em Obras;Interseção de Vias;Desvio Temporário";Sim  ;"1047553   ";Caminhão;MERCEDES BENZ/;"1985      ";Condutor;Ileso;"30   ";Masculino;"1 ";"0    ";"0    ";"0    ";-16.7752879;-47.6244450;SPRF-DF;DEL01-DF;UOP02-DEL01-DF 
587416;"1307793   ";2024-03-15;sexta-feira;12:10:00;GO;"50   ";"99   ";CRISTALINA;Não;Sinalização mal posicionada;1;Capotamento;Sem Vítimas;Pleno dia;Crescente;Céu Claro;Dupla;"Em Obras;Interseção de Vias;Desvio Temporário";Sim  ;"1047553   ";Caminhão;MERCEDES BENZ/;"1985      ";Condutor;Ileso;"30   ";Masculino;"1 ";"0    ";"0    ";"0    ";-16.7752879;-47.6244450;SPRF-DF;DEL01-DF;UOP02-DEL01-DF 
587416;"1307793   ";2024-03-15;sexta-feira;12:10:00;GO;"50   ";"99   ";CRISTALINA;Não;Desvio temporário;1;Capotamento;Sem Vítimas;Pleno dia;Crescente;Céu Claro;Dupla;"Em Obras;Interseção de Vias;Desvio Temporário";Sim  ;"1047553   ";Caminhão;MERCEDES BENZ/;"1985      ";Condutor;Ileso;"30   ";Masculino;"1 ";"0    ";"0    ";"0    ";-16.7752879;-47.6244450;SPRF-DF;DEL01-DF;UOP02-DEL01-DF 
587441;"1307803   ";2024-01-02;terça-feira;08:34:00;DF;"60   ";"7,3  ";BRASILIA;Sim;Chuva;1;Tombamento;Com Vítimas Feridas;Pleno dia;Decrescente;Chuva;Dupla;"Reta;Aclive";Sim  ;"1047567   ";Motoneta;HONDA/ELITE 125;"2023      ";Condutor;Lesões Leves;"24   ";Feminino;"0 ";"1    ";"0    ";"0    ";-15.9012370;-48.1223340;SPRF-DF;DEL03-DF;UOP01-DEL03-DF 
587441;"1307802   ";2024-01-02;terça-feira;08:34:00;DF;"60   ";"7,3  ";BRASILIA;Sim;Chuva;1;Tombamento;Com Vítimas Feridas;Pleno dia;Decrescente;Chuva;Dupla;"Reta;Aclive";Sim  ;"1047567   ";Motoneta;HONDA/ELITE 125;"2023      ";Passageiro;Lesões Leves;"20   ";Feminino;"0 ";"1    ";"0    ";"0    ";-15.9012370;-48.1223340;SPRF-DF;DEL03-DF;UOP01-DEL03-DF 
587441;"1307803   ";2024-01-02;terça-feira;08:34:00;DF;"60   ";"7,3  ";BRASILIA;Sim;Chuva;2;Queda de ocupante de veículo;Com Vítimas Feridas;Pleno dia;Decrescente;Chuva;Dupla;"Reta;Aclive";Sim  ;"1047567   ";Motoneta;HONDA/ELITE 125;"2023      ";Condutor;Lesões Leves;"24   ";Feminino;"0 ";"1    ";"0    ";"0    ";-15.9012370;-48.1223340;SPRF-DF;DEL03-DF;UOP01-DEL03-DF 
587441;"1307802   ";2024-01-02;terça-feira;08:34:00;DF;"60   ";"7,3  ";BRASILIA;Sim;Chuva;2;Queda de ocupante de veículo;Com Vítimas Feridas;Pleno dia;Decrescente;Chuva;Dupla;"Reta;Aclive";Sim  ;"1047567   ";Motoneta;HONDA/ELITE 125;"2023      ";Passageiro;Lesões Leves;"20   ";Feminino;"0 ";"1    ";"0    ";"0    ";-15.9012370;-48.1223340;SPRF-DF;DEL03-DF;UOP01-DEL03-DF 
587490;"1310680   ";2024-03-15;sexta-feira;19:38:00;GO;"40   ";"16   ";LUZIANIA;Não;Demais falhas na via;2;Queda de ocupante de veículo;Com Vítimas Feridas;Plena Noite;Decrescente;Céu Claro;Dupla;Reta;Sim  ;"1049883   ";Motocicleta;HONDA/CG 150 TITAN EX;"2012      ";Condutor;Lesões Graves;"25   ";Masculino;"0 ";"0    ";"1    ";"0    ";-16.1751760;-47.9296400;SPRF-DF;DEL01-DF;UOP01-DEL01-DF 
587490;"1310681   ";2024-03-15;sexta-feira;19:38:00;GO;"40   ";"16   ";LUZIANIA;Não;Demais falhas na via;2;Queda de ocupante de veículo;Com Vítimas Feridas;Plena Noite;Decrescente;Céu Claro;Dupla;Reta;Sim  ;"0         ";"0";NA/NA;"0         ";Pedestre;Lesões Graves;"19   ";Feminino;"0 ";"0    ";"1    ";"0    ";-16.1751760;-47.9296400;SPRF-DF;DEL01-DF;UOP01-DEL01-DF 
587490;"1310680   ";2024-03-15;sexta-feira;19:38:00;GO;"40   ";"16   ";LUZIANIA;Não;Área urbana sem a presença de local apropriado para a travessia de pedestres;2;Queda de ocupante de veículo;Com Vítimas Feridas;Plena Noite;Decrescente;Céu Claro;Dupla;Reta;Sim  ;"1049883   ";Motocicleta;HONDA/CG 150 TITAN EX;"2012      ";Condutor;Lesões Graves;"25   ";Masculino;"0 ";"0    ";"1    ";"0    ";-16.1751760;-47.9296400;SPRF-DF;DEL01-DF;UOP01-DEL01-DF 
587490;"1310681   ";2024-03-15;sexta-feira;19:38:00;GO;"40   ";"16   ";LUZIANIA;Não;Área urbana sem a presença de local apropriado para a travessia de pedestres;2;Queda de ocupante de veículo;Com Vítimas Feridas;Plena Noite;Decrescente;Céu Claro;Dupla;Reta;Sim  ;"0         ";"0";NA/NA;"0         ";Pedestre;Lesões Graves;"19   ";Feminino;"0 ";"0    ";"1    ";"0    ";-16.1751760;-47.9296400;SPRF-DF;DEL01-DF;UOP01-DEL01-DF 
587490;"1310680   ";2024-03-15;sexta-feira;19:38:00;GO;"40   ";"16   ";LUZIANIA;Sim;Entrada inopinada do pedestre;2;Queda de ocupante de veículo;Com Vítimas Feridas;Plena Noite;Decrescente;Céu Claro;Dupla;Reta;Sim  ;"1049883   ";Motocicleta;HONDA/CG 150 TITAN EX;"2012      ";Condutor;Lesões Graves;"25   ";Masculino;"0 ";"0    ";"1    ";"0    ";-16.1751760;-47.9296400;SPRF-DF;DEL01-DF;UOP01-DEL01-DF 
587490;"1310681   ";2024-03-15;sexta-feira;19:38:00;GO;"40   ";"16   ";LUZIANIA;Sim;Entrada inopinada do pedestre;2;Queda de ocupante de veículo;Com Vítimas Feridas;Plena Noite;Decrescente;Céu Claro;Dupla;Reta;Sim  ;"0         ";"0";NA/NA;"0         ";Pedestre;Lesões Graves;"19   ";Feminino;"0 ";"0    ";"1    ";"0    ";-16.1751760;-47.9296400;SPRF-DF;DEL01-DF;UOP01-DEL01-DF 
587490;"1310680   ";2024-03-15;sexta-feira;19:38:00;GO;"40   ";"16   ";LUZIANIA;Não;Demais falhas na via;1;Atropelamento de Pedestre;Com Vítimas Feridas;Plena Noite;Decrescente;Céu Claro;Dupla;Reta;Sim  ;"1049883   ";Motocicleta;HONDA/CG 150 TITAN EX;"2012      ";Condutor;Lesões Graves;"25   ";Masculino;"0 ";"0    ";"1    ";"0    ";-16.1751760;-47.9296400;SPRF-DF;DEL01-DF;UOP01-DEL01-DF 
587490;"1310681   ";2024-03-15;sexta-feira;19:38:00;GO;"40   ";"16   ";LUZIANIA;Não;Demais falhas na via;1;Atropelamento de Pedestre;Com Vítimas Feridas;Plena Noite;Decrescente;Céu Claro;Dupla;Reta;Sim  ;"0         ";"0";NA/NA;"0         ";Pedestre;Lesões Graves;"19   ";Feminino;"0 ";"0    ";"1    ";"0    ";-16.1751760;-47.9296400;SPRF-DF;DEL01-DF;UOP01-DEL01-DF 
587490;"1310680   ";2024-03-15;sexta-feira;19:38:00;GO;"40   ";"16   ";LUZIANIA;Não;Área urbana sem a presença de local apropriado para a travessia de pedestres;1;Atropelamento de Pedestre;Com Vítimas Feridas;Plena Noite;Decrescente;Céu Claro;Dupla;Reta;Sim  ;"1049883   ";Motocicleta;HONDA/CG 150 TITAN EX;"2012      ";Condutor;Lesões Graves;"25   ";Masculino;"0 ";"0    ";"1    ";"0    ";-16.1751760;-47.9296400;SPRF-DF;DEL01-DF;UOP01-DEL01-DF 
587490;"1310681   ";2024-03-15;sexta-feira;19:38:00;GO;"40   ";"16   ";LUZIANIA;Não;Área urbana sem a presença de local apropriado para a travessia de pedestres;1;Atropelamento de Pedestre;Com Vítimas Feridas;Plena Noite;Decrescente;Céu Claro;Dupla;Reta;Sim  ;"0         ";"0";NA/NA;"0         ";Pedestre;Lesões Graves;"19   ";Feminino;"0 ";"0    ";"1    ";"0    ";-16.1751760;-47.9296400;SPRF-DF;DEL01-DF;UOP01-DEL01-DF 
587490;"1310680   ";2024-03-15;sexta-feira;19:38:00;GO;"40   ";"16   ";LUZIANIA;Sim;Entrada inopinada do pedestre;1;Atropelamento de Pedestre;Com Vítimas Feridas;Plena Noite;Decrescente;Céu Claro;Dupla;Reta;Sim  ;"1049883   ";Motocicleta;HONDA/CG 150 TITAN EX;"2012      ";Condutor;Lesões Graves;"25   ";Masculino;"0 ";"0    ";"1    ";"0    ";-16.1751760;-47.9296400;SPRF-DF;DEL01-DF;UOP01-DEL01-DF 
587490;"1310681   ";2024-03-15;sexta-feira;19:38:00;GO;"40   ";"16   ";LUZIANIA;Sim;Entrada inopinada do pedestre;1;Atropelamento de Pedestre;Com Vítimas Feridas;Plena Noite;Decrescente;Céu Claro;Dupla;Reta;Sim  ;"0         ";"0";NA/NA;"0         ";Pedestre;Lesões Graves;"19   ";Feminino;"0 ";"0    ";"1    ";"0    ";-16.1751760;-47.9296400;SPRF-DF;DEL01-DF;UOP01-DEL01-DF 
587568;"1308076   ";2024-03-16;sábado;01:14:00;GO;"70   ";"9    ";AGUAS LINDAS DE GOIAS;Sim;Reação tardia ou ineficiente do condutor;1;Colisão lateral mesmo sentido;Com Vítimas Feridas;Plena Noite;Crescente;Céu Claro;Dupla;Retorno Regulamentado;Sim  ;"1047778   ";Motocicleta;HONDA/CG 160 FAN;"2023      ";Condutor;Lesões Graves;"20   ";Masculino;"0 ";"0    ";"1    ";"0    ";-15.7357673;-48.2828805;SPRF-DF;DEL03-DF;UOP02-DEL03-DF 
587663;"1308376   ";2024-03-16;sábado;12:51:00;DF;"20   ";"19   ";BRASILIA;Sim;Condutor deixou de manter distância do veículo da frente;1;Engavetamento;Sem Vítimas;Pleno dia;Crescente;Céu Claro;Dupla;"Aclive;Reta";Sim  ;"1047994   ";Automóvel;CHEVROLET/ONIX 1.0MT LS;"2013      ";Condutor;Ileso;"41   ";Feminino;"1 ";"0    ";"0    ";"0    ";-15.6121750;-47.7009280;SPRF-DF;DEL02-DF;UOP01-DEL02-DF 
587663;"1308379   ";2024-03-16;sábado;12:51:00;DF;"20   ";"19   ";BRASILIA;Sim;Condutor deixou de manter distância do veículo da frente;1;Engavetamento;Sem Vítimas;Pleno dia;Crescente;Céu Claro;Dupla;"Aclive;Reta";Sim  ;"1047996   ";Automóvel;VW/UP MOVE MA;"2015      ";Condutor;Ileso;"33   ";Masculino;"1 ";"0    ";"0    ";"0    ";-15.6121750;-47.7009280;SPRF-DF;DEL02-DF;UOP01-DEL02-DF 
587663;"1308381   ";2024-03-16;sábado;12:51:00;DF;"20   ";"19   ";BRASILIA;Sim;Condutor deixou de manter distância do veículo da frente;1;Engavetamento;Sem Vítimas;Pleno dia;Crescente;Céu Claro;Dupla;"Aclive;Reta";Sim  ;"1047998   ";Automóvel;CHEV/PRISMA 1.4MT LT;"2016      ";Condutor;Ileso;"24   ";Masculino;"1 ";"0    ";"0    ";"0    ";-15.6121750;-47.7009280;SPRF-DF;DEL02-DF;UOP01-DEL02-DF 
587668;"0         ";2024-03-16;sábado;12:30:00;DF;"40   ";"3    ";BRASILIA;Sim;Reação tardia ou ineficiente do condutor;3;Queda de ocupante de veículo;Com Vítimas Feridas;Pleno dia;Decrescente;Céu Claro;Dupla;Reta;Sim  ;"1048033   ";Semireboque;SR/RANDON SR FG;"2006      ";"0";"0";"0    ";"0";"0 ";"0    ";"0    ";"0    ";-16.0065665;-47.9832602;SPRF-DF;DEL01-DF;UOP01-DEL01-DF 
587668;"1308418   ";2024-03-16;sábado;12:30:00;DF;"40   ";"3    ";BRASILIA;Sim;Reação tardia ou ineficiente do condutor;3;Queda de ocupante de veículo;Com Vítimas Feridas;Pleno dia;Decrescente;Céu Claro;Dupla;Reta;Sim  ;"1048032   ";Caminhão-trator;VOLVO/NL12 360 4X2T EDC;"1997      ";Condutor;Ileso;"43   ";Masculino;"1 ";"0    ";"0    ";"0    ";-16.0065665;-47.9832602;SPRF-DF;DEL01-DF;UOP01-DEL01-DF 
587668;"1308419   ";2024-03-16;sábado;12:30:00;DF;"40   ";"3    ";BRASILIA;Sim;Reação tardia ou ineficiente do condutor;3;Queda de ocupante de veículo;Com Vítimas Feridas;Pleno dia;Decrescente;Céu Claro;Dupla;Reta;Sim  ;"1048034   ";Motocicleta;HONDA/CG 160 CARGO;"2021      ";Condutor;Lesões Graves;"24   ";Masculino;"0 ";"0    ";"1    ";"0    ";-16.0065665;-47.9832602;SPRF-DF;DEL01-DF;UOP01-DEL01-DF 
587668;"0         ";2024-03-16;sábado;12:30:00;DF;"40   ";"3    ";BRASILIA;Sim;Reação tardia ou ineficiente do condutor;2;Tombamento;Com Vítimas Feridas;Pleno dia;Decrescente;Céu Claro;Dupla;Reta;Sim  ;"1048033   ";Semireboque;SR/RANDON SR FG;"2006      ";"0";"0";"0    ";"0";"0 ";"0    ";"0    ";"0    ";-16.0065665;-47.9832602;SPRF-DF;DEL01-DF;UOP01-DEL01-DF 
587668;"1308418   ";2024-03-16;sábado;12:30:00;DF;"40   ";"3    ";BRASILIA;Sim;Reação tardia ou ineficiente do condutor;2;Tombamento;Com Vítimas Feridas;Pleno dia;Decrescente;Céu Claro;Dupla;Reta;Sim  ;"1048032   ";Caminhão-trator;VOLVO/NL12 360 4X2T EDC;"1997      ";Condutor;Ileso;"43   ";Masculino;"1 ";"0    ";"0    ";"0    ";-16.0065665;-47.9832602;SPRF-DF;DEL01-DF;UOP01-DEL01-DF 
587668;"1308419   ";2024-03-16;sábado;12:30:00;DF;"40   ";"3    ";BRASILIA;Sim;Reação tardia ou ineficiente do condutor;2;Tombamento;Com Vítimas Feridas;Pleno dia;Decrescente;Céu Claro;Dupla;Reta;Sim  ;"1048034   ";Motocicleta;HONDA/CG 160 CARGO;"2021      ";Condutor;Lesões Graves;"24   ";Masculino;"0 ";"0    ";"1    ";"0    ";-16.0065665;-47.9832602;SPRF-DF;DEL01-DF;UOP01-DEL01-DF 
587668;"0         ";2024-03-16;sábado;12:30:00;DF;"40   ";"3    ";BRASILIA;Sim;Reação tardia ou ineficiente do condutor;1;Colisão traseira;Com Vítimas Feridas;Pleno dia;Decrescente;Céu Claro;Dupla;Reta;Sim  ;"1048033   ";Semireboque;SR/RANDON SR FG;"2006      ";"0";"0";"0    ";"0";"0 ";"0    ";"0    ";"0    ";-16.0065665;-47.9832602;SPRF-DF;DEL01-DF;UOP01-DEL01-DF 
587668;"1308418   ";2024-03-16;sábado;12:30:00;DF;"40   ";"3    ";BRASILIA;Sim;Reação tardia ou ineficiente do condutor;1;Colisão traseira;Com Vítimas Feridas;Pleno dia;Decrescente;Céu Claro;Dupla;Reta;Sim  ;"1048032   ";Caminhão-trator;VOLVO/NL12 360 4X2T EDC;"1997      ";Condutor;Ileso;"43   ";Masculino;"1 ";"0    ";"0    ";"0    ";-16.0065665;-47.9832602;SPRF-DF;DEL01-DF;UOP01-DEL01-DF 
587668;"1308419   ";2024-03-16;sábado;12:30:00;DF;"40   ";"3    ";BRASILIA;Sim;Reação tardia ou ineficiente do condutor;1;Colisão traseira;Com Vítimas Feridas;Pleno dia;Decrescente;Céu Claro;Dupla;Reta;Sim  ;"1048034   ";Motocicleta;HONDA/CG 160 CARGO;"2021      ";Condutor;Lesões Graves;"24   ";Masculino;"0 ";"0    ";"1    ";"0    ";-16.0065665;-47.9832602;SPRF-DF;DEL01-DF;UOP01-DEL01-DF 
587725;"1308630   ";2024-03-16;sábado;21:00:00;GO;"20   ";"31   ";FORMOSA;Sim;Acessar a via sem observar a presença dos outros veículos;1;Atropelamento de Pedestre;Com Vítimas Feridas;Plena Noite;Crescente;Céu Claro;Simples;Reta;Sim  ;"1048190   ";Automóvel;IMP/FIAT UNO I.E;"2015      ";Condutor;Ileso;"23   ";Masculino;"1 ";"0    ";"0    ";"0    ";-15.4904780;-47.1048320;SPRF-DF;DEL02-DF;UOP02-DEL02-DF 
587725;"1308631   ";2024-03-16;sábado;21:00:00;GO;"20   ";"31   ";FORMOSA;Sim;Acessar a via sem observar a presença dos outros veículos;1;Atropelamento de Pedestre;Com Vítimas Feridas;Plena Noite;Crescente;Céu Claro;Simples;Reta;Sim  ;"0         ";"0";NA/NA;"0         ";Pedestre;Lesões Graves;"45   ";Masculino;"0 ";"0    ";"1    ";"0    ";-15.4904780;-47.1048320;SPRF-DF;DEL02-DF;UOP02-DEL02-DF 
587753;"1308655   ";2024-03-16;sábado;22:45:00;DF;"251  ";"11   ";BRASILIA;Sim;Condutor Dormindo;4;Queda de ocupante de veículo;Com Vítimas Feridas;Plena Noite;Decrescente;Céu Claro;Dupla;Rotatória;Não  ;"1048209   ";Motocicleta;HONDA/CG 160 FAN ESDI;"2016      ";Condutor;Ileso;"22   ";Masculino;"1 ";"0    ";"0    ";"0    ";-15.9697070;-47.5869410;SPRF-DF;DEL01-DF;UOP01-DEL01-DF 
587753;"1308656   ";2024-03-16;sábado;22:45:00;DF;"251  ";"11   ";BRASILIA;Sim;Condutor Dormindo;4;Queda de ocupante de veículo;Com Vítimas Feridas;Plena Noite;Decrescente;Céu Claro;Dupla;Rotatória;Não  ;"1048209   ";Motocicleta;HONDA/CG 160 FAN ESDI;"2016      ";Passageiro;Lesões Graves;"22   ";Feminino;"0 ";"0    ";"1    ";"0    ";-15.9697070;-47.5869410;SPRF-DF;DEL01-DF;UOP01-DEL01-DF 