id;pesid;data_inversa;dia_semana;horario;uf;br;km;municipio;causa_principal;causa_acidente;ordem_tipo_acidente;tipo_acidente;classificacao_acidente;fase_dia;sentido_via;condicao_metereologica;tipo_pista;tracado_via;uso_solo;id_veiculo;tipo_veiculo;marca;ano_fabricacao_veiculo;tipo_envolvido;estado_fisico;idade;sexo;ilesos;feridos_leves;feridos_graves;mortos;latitude;longitude;regional;delegacia;uop
587753;"1308655   ";2024-03-16;sábado;22:45:00;DF;"251  ";"11   ";BRASILIA;Sim;Condutor Dormindo;3;Tombamento;Com Vítimas Feridas;Plena Noite;Decrescente;Céu Claro;Dupla;Rotatória;Não  ;"1048209   ";Motocicleta;HONDA/CG 160 FAN ESDI;"2016      ";Condutor;Ileso;"22   ";Masculino;"1 ";"0    ";"0    ";"0    ";-15.9697070;-47.5869410;SPRF-DF;DEL01-DF;UOP01-DEL01-DF 
587753;"1308656   ";2024-03-16;sábado;22:45:00;DF;"251  ";"11   ";BRASILIA;Sim;Condutor Dormindo;3;Tombamento;Com Vítimas Feridas;Plena Noite;Decrescente;Céu Claro;Dupla;Rotatória;Não  ;"1048209   ";Motocicleta;HONDA/CG 160 FAN ESDI;"2016      ";Passageiro;Lesões Graves;"22   ";Feminino;"0 ";"0    ";"1    ";"0    ";-15.9697070;-47.5869410;SPRF-DF;DEL01-DF;UOP01-DEL01-DF 
587753;"1308655   ";2024-03-16;sábado;22:45:00;DF;"251  ";"11   ";BRASILIA;Sim;Condutor Dormindo;2;Colisão com objeto;Com Vítimas Feridas;Plena Noite;Decrescente;Céu Claro;Dupla;Rotatória;Não  ;"1048209   ";Motocicleta;HONDA/CG 160 FAN ESDI;"2016      ";Condutor;Ileso;"22   ";Masculino;"1 ";"0    ";"0    ";"0    ";-15.9697070;-47.5869410;SPRF-DF;DEL01-DF;UOP01-DEL01-DF 
587753;"1308656   ";2024-03-16;sábado;22:45:00;DF;"251  ";"11   ";BRASILIA;Sim;Condutor Dormindo;2;Colisão com objeto;Com Vítimas Feridas;Plena Noite;Decrescente;Céu Claro;Dupla;Rotatória;Não  ;"1048209   ";Motocicleta;HONDA/CG 160 FAN ESDI;"2016      ";Passageiro;Lesões Graves;"22   ";Feminino;"0 ";"0    ";"1    ";"0    ";-15.9697070;-47.5869410;SPRF-DF;DEL01-DF;UOP01-DEL01-DF 
587753;"1308655   ";2024-03-16;sábado;22:45:00;DF;"251  ";"11   ";BRASILIA;Sim;Condutor Dormindo;1;Saída de leito carroçável;Com Vítimas Feridas;Plena Noite;Decrescente;Céu Claro;Dupla;Rotatória;Não  ;"1048209   ";Motocicleta;HONDA/CG 160 FAN ESDI;"2016      ";Condutor;Ileso;"22   ";Masculino;"1 ";"0    ";"0    ";"0    ";-15.9697070;-47.5869410;SPRF-DF;DEL01-DF;UOP01-DEL01-DF 
587753;"1308656   ";2024-03-16;sábado;22:45:00;DF;"251  ";"11   ";BRASILIA;Sim;Condutor Dormindo;1;Saída de leito carroçável;Com Vítimas Feridas;Plena Noite;Decrescente;Céu Claro;Dupla;Rotatória;Não  ;"1048209   ";Motocicleta;HONDA/CG 160 FAN ESDI;"2016      ";Passageiro;Lesões Graves;"22   ";Feminino;"0 ";"0    ";"1    ";"0    ";-15.9697070;-47.5869410;SPRF-DF;DEL01-DF;UOP01-DEL01-DF 
587797;"1308652   ";2024-03-17;domingo;04:35:00;DF;"60   ";"8,9  ";BRASILIA;Sim;Ausência de reação do condutor;2;Colisão com objeto;Com Vítimas Feridas;Plena Noite;Crescente;Céu Claro;Dupla;Reta;Sim  ;"1048193   ";Motocicleta;HONDA/CBR 650F;"2018      ";Condutor;Lesões Leves;"47   ";Masculino;"0 ";"1    ";"0    ";"0    ";-15.9032400;-48.1306950;SPRF-DF;DEL03-DF;UOP01-DEL03-DF 
587797;"1308652   ";2024-03-17;domingo;04:35:00;DF;"60   ";"8,9  ";BRASILIA;Sim;Ausência de reação do condutor;1;Saída de leito carroçável;Com Vítimas Feridas;Plena Noite;Crescente;Céu Claro;Dupla;Reta;Sim  ;"1048193   ";Motocicleta;HONDA/CBR 650F;"2018      ";Condutor;Lesões Leves;"47   ";Masculino;"0 ";"1    ";"0    ";"0    ";-15.9032400;-48.1306950;SPRF-DF;DEL03-DF;UOP01-DEL03-DF 
587819;"1308699   ";2024-03-16;sábado;21:00:00;GO;"153  ";"404  ";PIRENOPOLIS;Sim;Ausência de reação do condutor;1;Saída de leito carroçável;Sem Vítimas;Plena Noite;Decrescente;Nublado;Simples;"Reta;Aclive";Não  ;"1048249   ";Automóvel;VW/VOYAGE 1.0;"2011      ";Condutor;Ileso;"65   ";Masculino;"1 ";"0    ";"0    ";"0    ";-16.0552850;-49.0690350;SPRF-GO;DEL02-GO;UOP02-DEL02-GO 
587840;"1308930   ";2024-03-17;domingo;11:00:00;GO;"20   ";"146,8";ALVORADA DO NORTE;Sim;Acumulo de água sobre o pavimento;2;Colisão com objeto;Com Vítimas Feridas;Pleno dia;Crescente;Céu Claro;Simples;Reta;Não  ;"1048437   ";Automóvel;FIAT/MOBI EASY;"2021      ";Passageiro;Lesões Leves;"26   ";Feminino;"0 ";"1    ";"0    ";"0    ";-14.7346580;-46.6529080;SPRF-DF;DEL02-DF;UOP03-DEL02-DF 
587840;"1308928   ";2024-03-17;domingo;11:00:00;GO;"20   ";"146,8";ALVORADA DO NORTE;Sim;Acumulo de água sobre o pavimento;2;Colisão com objeto;Com Vítimas Feridas;Pleno dia;Crescente;Céu Claro;Simples;Reta;Não  ;"1048437   ";Automóvel;FIAT/MOBI EASY;"2021      ";Passageiro;Ileso;"33   ";Masculino;"1 ";"0    ";"0    ";"0    ";-14.7346580;-46.6529080;SPRF-DF;DEL02-DF;UOP03-DEL02-DF 
587840;"1308926   ";2024-03-17;domingo;11:00:00;GO;"20   ";"146,8";ALVORADA DO NORTE;Sim;Acumulo de água sobre o pavimento;2;Colisão com objeto;Com Vítimas Feridas;Pleno dia;Crescente;Céu Claro;Simples;Reta;Não  ;"1048437   ";Automóvel;FIAT/MOBI EASY;"2021      ";Condutor;Lesões Graves;"45   ";Masculino;"0 ";"0    ";"1    ";"0    ";-14.7346580;-46.6529080;SPRF-DF;DEL02-DF;UOP03-DEL02-DF 
587840;"1308931   ";2024-03-17;domingo;11:00:00;GO;"20   ";"146,8";ALVORADA DO NORTE;Sim;Acumulo de água sobre o pavimento;2;Colisão com objeto;Com Vítimas Feridas;Pleno dia;Crescente;Céu Claro;Simples;Reta;Não  ;"1048437   ";Automóvel;FIAT/MOBI EASY;"2021      ";Passageiro;Lesões Graves;"19   ";Feminino;"0 ";"0    ";"1    ";"0    ";-14.7346580;-46.6529080;SPRF-DF;DEL02-DF;UOP03-DEL02-DF 
587840;"1308930   ";2024-03-17;domingo;11:00:00;GO;"20   ";"146,8";ALVORADA DO NORTE;Sim;Acumulo de água sobre o pavimento;1;Saída de leito carroçável;Com Vítimas Feridas;Pleno dia;Crescente;Céu Claro;Simples;Reta;Não  ;"1048437   ";Automóvel;FIAT/MOBI EASY;"2021      ";Passageiro;Lesões Leves;"26   ";Feminino;"0 ";"1    ";"0    ";"0    ";-14.7346580;-46.6529080;SPRF-DF;DEL02-DF;UOP03-DEL02-DF 
587840;"1308928   ";2024-03-17;domingo;11:00:00;GO;"20   ";"146,8";ALVORADA DO NORTE;Sim;Acumulo de água sobre o pavimento;1;Saída de leito carroçável;Com Vítimas Feridas;Pleno dia;Crescente;Céu Claro;Simples;Reta;Não  ;"1048437   ";Automóvel;FIAT/MOBI EASY;"2021      ";Passageiro;Ileso;"33   ";Masculino;"1 ";"0    ";"0    ";"0    ";-14.7346580;-46.6529080;SPRF-DF;DEL02-DF;UOP03-DEL02-DF 
587840;"1308926   ";2024-03-17;domingo;11:00:00;GO;"20   ";"146,8";ALVORADA DO NORTE;Sim;Acumulo de água sobre o pavimento;1;Saída de leito carroçável;Com Vítimas Feridas;Pleno dia;Crescente;Céu Claro;Simples;Reta;Não  ;"1048437   ";Automóvel;FIAT/MOBI EASY;"2021      ";Condutor;Lesões Graves;"45   ";Masculino;"0 ";"0    ";"1    ";"0    ";-14.7346580;-46.6529080;SPRF-DF;DEL02-DF;UOP03-DEL02-DF 
587840;"1308931   ";2024-03-17;domingo;11:00:00;GO;"20   ";"146,8";ALVORADA DO NORTE;Sim;Acumulo de água sobre o pavimento;1;Saída de leito carroçável;Com Vítimas Feridas;Pleno dia;Crescente;Céu Claro;Simples;Reta;Não  ;"1048437   ";Automóvel;FIAT/MOBI EASY;"2021      ";Passageiro;Lesões Graves;"19   ";Feminino;"0 ";"0    ";"1    ";"0    ";-14.7346580;-46.6529080;SPRF-DF;DEL02-DF;UOP03-DEL02-DF 
587896;"1308906   ";2024-03-17;domingo;17:02:00;DF;"20   ";"17   ";BRASILIA;Sim;Acumulo de óleo sobre o pavimento;1;Capotamento;Sem Vítimas;Pleno dia;Decrescente;Céu Claro;Dupla;Reta;Sim  ;"1048428   ";Automóvel;I/BMW 320I 3B11;"2013      ";Condutor;Ileso;"61   ";Masculino;"1 ";"0    ";"0    ";"0    ";-15.6213740;-47.7169800;SPRF-DF;DEL02-DF;UOP01-DEL02-DF 
587943;"1309283   ";2024-03-17;domingo;19:00:00;GO;"70   ";"24   ";COCALZINHO DE GOIAS;Sim;Problema com o freio;2;Colisão com objeto;Sem Vítimas;Plena Noite;Crescente;Nublado;Dupla;Reta;Sim  ;"1048677   ";Utilitário;TOYOTA/CCROSS GRS;"2023      ";Passageiro;Ileso;"33   ";Masculino;"1 ";"0    ";"0    ";"0    ";-15.7404865;-48.4096391;SPRF-DF;DEL03-DF;UOP02-DEL03-DF 
587943;"1309282   ";2024-03-17;domingo;19:00:00;GO;"70   ";"24   ";COCALZINHO DE GOIAS;Sim;Problema com o freio;2;Colisão com objeto;Sem Vítimas;Plena Noite;Crescente;Nublado;Dupla;Reta;Sim  ;"1048677   ";Utilitário;TOYOTA/CCROSS GRS;"2023      ";Condutor;Ileso;"41   ";Feminino;"1 ";"0    ";"0    ";"0    ";-15.7404865;-48.4096391;SPRF-DF;DEL03-DF;UOP02-DEL03-DF 
587943;"1309279   ";2024-03-17;domingo;19:00:00;GO;"70   ";"24   ";COCALZINHO DE GOIAS;Sim;Problema com o freio;2;Colisão com objeto;Sem Vítimas;Plena Noite;Crescente;Nublado;Dupla;Reta;Sim  ;"1048676   ";Utilitário;TOYOTA/CCROSS GRS;"2023      ";Passageiro;Ileso;"31   ";Feminino;"1 ";"0    ";"0    ";"0    ";-15.7404865;-48.4096391;SPRF-DF;DEL03-DF;UOP02-DEL03-DF 
587943;"1309278   ";2024-03-17;domingo;19:00:00;GO;"70   ";"24   ";COCALZINHO DE GOIAS;Sim;Problema com o freio;2;Colisão com objeto;Sem Vítimas;Plena Noite;Crescente;Nublado;Dupla;Reta;Sim  ;"1048676   ";Utilitário;TOYOTA/CCROSS GRS;"2023      ";Condutor;Ileso;"40   ";Masculino;"1 ";"0    ";"0    ";"0    ";-15.7404865;-48.4096391;SPRF-DF;DEL03-DF;UOP02-DEL03-DF 
587943;"1309284   ";2024-03-17;domingo;19:00:00;GO;"70   ";"24   ";COCALZINHO DE GOIAS;Sim;Problema com o freio;2;Colisão com objeto;Sem Vítimas;Plena Noite;Crescente;Nublado;Dupla;Reta;Sim  ;"1048678   ";Automóvel;FIAT/PALIO WEEKEND STILE;"2002      ";Condutor;Ileso;"41   ";Masculino;"1 ";"0    ";"0    ";"0    ";-15.7404865;-48.4096391;SPRF-DF;DEL03-DF;UOP02-DEL03-DF 
587943;"1309285   ";2024-03-17;domingo;19:00:00;GO;"70   ";"24   ";COCALZINHO DE GOIAS;Sim;Problema com o freio;2;Colisão com objeto;Sem Vítimas;Plena Noite;Crescente;Nublado;Dupla;Reta;Sim  ;"1048678   ";Automóvel;FIAT/PALIO WEEKEND STILE;"2002      ";Passageiro;Ileso;"29   ";Feminino;"1 ";"0    ";"0    ";"0    ";-15.7404865;-48.4096391;SPRF-DF;DEL03-DF;UOP02-DEL03-DF 
587943;"1309283   ";2024-03-17;domingo;19:00:00;GO;"70   ";"24   ";COCALZINHO DE GOIAS;Sim;Problema com o freio;1;Colisão lateral mesmo sentido;Sem Vítimas;Plena Noite;Crescente;Nublado;Dupla;Reta;Sim  ;"1048677   ";Utilitário;TOYOTA/CCROSS GRS;"2023      ";Passageiro;Ileso;"33   ";Masculino;"1 ";"0    ";"0    ";"0    ";-15.7404865;-48.4096391;SPRF-DF;DEL03-DF;UOP02-DEL03-DF 
587943;"1309282   ";2024-03-17;domingo;19:00:00;GO;"70   ";"24   ";COCALZINHO DE GOIAS;Sim;Problema com o freio;1;Colisão lateral mesmo sentido;Sem Vítimas;Plena Noite;Crescente;Nublado;Dupla;Reta;Sim  ;"1048677   ";Utilitário;TOYOTA/CCROSS GRS;"2023      ";Condutor;Ileso;"41   ";Feminino;"1 ";"0    ";"0    ";"0    ";-15.7404865;-48.4096391;SPRF-DF;DEL03-DF;UOP02-DEL03-DF 
587943;"1309279   ";2024-03-17;domingo;19:00:00;GO;"70   ";"24   ";COCALZINHO DE GOIAS;Sim;Problema com o freio;1;Colisão lateral mesmo sentido;Sem Vítimas;Plena Noite;Crescente;Nublado;Dupla;Reta;Sim  ;"1048676   ";Utilitário;TOYOTA/CCROSS GRS;"2023      ";Passageiro;Ileso;"31   ";Feminino;"1 ";"0    ";"0    ";"0    ";-15.7404865;-48.4096391;SPRF-DF;DEL03-DF;UOP02-DEL03-DF 
587943;"1309278   ";2024-03-17;domingo;19:00:00;GO;"70   ";"24   ";COCALZINHO DE GOIAS;Sim;Problema com o freio;1;Colisão lateral mesmo sentido;Sem Vítimas;Plena Noite;Crescente;Nublado;Dupla;Reta;Sim  ;"1048676   ";Utilitário;TOYOTA/CCROSS GRS;"2023      ";Condutor;Ileso;"40   ";Masculino;"1 ";"0    ";"0    ";"0    ";-15.7404865;-48.4096391;SPRF-DF;DEL03-DF;UOP02-DEL03-DF 
587943;"1309284   ";2024-03-17;domingo;19:00:00;GO;"70   ";"24   ";COCALZINHO DE GOIAS;Sim;Problema com o freio;1;Colisão lateral mesmo sentido;Sem Vítimas;Plena Noite;Crescente;Nublado;Dupla;Reta;Sim  ;"1048678   ";Automóvel;FIAT/PALIO WEEKEND STILE;"2002      ";Condutor;Ileso;"41   ";Masculino;"1 ";"0    ";"0    ";"0    ";-15.7404865;-48.4096391;SPRF-DF;DEL03-DF;UOP02-DEL03-DF 
587943;"1309285   ";2024-03-17;domingo;19:00:00;GO;"70   ";"24   ";COCALZINHO DE GOIAS;Sim;Problema com o freio;1;Colisão lateral mesmo sentido;Sem Vítimas;Plena Noite;Crescente;Nublado;Dupla;Reta;Sim  ;"1048678   ";Automóvel;FIAT/PALIO WEEKEND STILE;"2002      ";Passageiro;Ileso;"29   ";Feminino;"1 ";"0    ";"0    ";"0    ";-15.7404865;-48.4096391;SPRF-DF;DEL03-DF;UOP02-DEL03-DF 
587965;"1309256   ";2024-03-17;domingo;21:45:00;GO;"40   ";"11,1 ";LUZIANIA;Sim;Ingestão de álcool pelo condutor;1;Colisão transversal;Sem Vítimas;Plena Noite;Decrescente;Céu Claro;Dupla;"Aclive;Reta";Sim  ;"1048657   ";Automóvel;VW/NOVO GOL 1.0;"2014      ";Condutor;Ileso;"48   ";Masculino;"1 ";"0    ";"0    ";"0    ";-16.1383360;-47.9516440;SPRF-DF;DEL01-DF;UOP01-DEL01-DF 
587965;"1309254   ";2024-03-17;domingo;21:45:00;GO;"40   ";"11,1 ";LUZIANIA;Sim;Ingestão de álcool pelo condutor;1;Colisão transversal;Sem Vítimas;Plena Noite;Decrescente;Céu Claro;Dupla;"Aclive;Reta";Sim  ;"1048656   ";Caminhonete;MMC/L200 TRITON SPT GL;"2019      ";Condutor;Ileso;"44   ";Masculino;"1 ";"0    ";"0    ";"0    ";-16.1383360;-47.9516440;SPRF-DF;DEL01-DF;UOP01-DEL01-DF 
588000;"1309286   ";2024-03-17;domingo;21:00:00;GO;"80   ";"82   ";PADRE BERNARDO;Não;Demais falhas mecânicas ou elétricas;1;Colisão traseira;Com Vítimas Feridas;Plena Noite;Crescente;Céu Claro;Simples;"Curva;Aclive";Não  ;"1048681   ";Caminhão-trator;VW/19.370 CLM T 4X2;"2008      ";Condutor;Ileso;"40   ";Masculino;"1 ";"0    ";"0    ";"0    ";-15.2142730;-48.5794130;SPRF-DF;DEL03-DF;UOP02-DEL03-DF 
588000;"1311132   ";2024-03-17;domingo;21:00:00;GO;"80   ";"82   ";PADRE BERNARDO;Não;Demais falhas mecânicas ou elétricas;1;Colisão traseira;Com Vítimas Feridas;Plena Noite;Crescente;Céu Claro;Simples;"Curva;Aclive";Não  ;"1050244   ";Automóvel;VW/GOL 1.0;"2006      ";Condutor;Lesões Graves;"57   ";Masculino;"0 ";"0    ";"1    ";"0    ";-15.2142730;-48.5794130;SPRF-DF;DEL03-DF;UOP02-DEL03-DF 
588000;"1309286   ";2024-03-17;domingo;21:00:00;GO;"80   ";"82   ";PADRE BERNARDO;Sim;Reação tardia ou ineficiente do condutor;1;Colisão traseira;Com Vítimas Feridas;Plena Noite;Crescente;Céu Claro;Simples;"Curva;Aclive";Não  ;"1048681   ";Caminhão-trator;VW/19.370 CLM T 4X2;"2008      ";Condutor;Ileso;"40   ";Masculino;"1 ";"0    ";"0    ";"0    ";-15.2142730;-48.5794130;SPRF-DF;DEL03-DF;UOP02-DEL03-DF 
588000;"1311132   ";2024-03-17;domingo;21:00:00;GO;"80   ";"82   ";PADRE BERNARDO;Sim;Reação tardia ou ineficiente do condutor;1;Colisão traseira;Com Vítimas Feridas;Plena Noite;Crescente;Céu Claro;Simples;"Curva;Aclive";Não  ;"1050244   ";Automóvel;VW/GOL 1.0;"2006      ";Condutor;Lesões Graves;"57   ";Masculino;"0 ";"0    ";"1    ";"0    ";-15.2142730;-48.5794130;SPRF-DF;DEL03-DF;UOP02-DEL03-DF 
588000;"1309286   ";2024-03-17;domingo;21:00:00;GO;"80   ";"82   ";PADRE BERNARDO;Não;Demais falhas mecânicas ou elétricas;3;Capotamento;Com Vítimas Feridas;Plena Noite;Crescente;Céu Claro;Simples;"Curva;Aclive";Não  ;"1048681   ";Caminhão-trator;VW/19.370 CLM T 4X2;"2008      ";Condutor;Ileso;"40   ";Masculino;"1 ";"0    ";"0    ";"0    ";-15.2142730;-48.5794130;SPRF-DF;DEL03-DF;UOP02-DEL03-DF 
588000;"1311132   ";2024-03-17;domingo;21:00:00;GO;"80   ";"82   ";PADRE BERNARDO;Não;Demais falhas mecânicas ou elétricas;3;Capotamento;Com Vítimas Feridas;Plena Noite;Crescente;Céu Claro;Simples;"Curva;Aclive";Não  ;"1050244   ";Automóvel;VW/GOL 1.0;"2006      ";Condutor;Lesões Graves;"57   ";Masculino;"0 ";"0    ";"1    ";"0    ";-15.2142730;-48.5794130;SPRF-DF;DEL03-DF;UOP02-DEL03-DF 
588000;"1309286   ";2024-03-17;domingo;21:00:00;GO;"80   ";"82   ";PADRE BERNARDO;Sim;Reação tardia ou ineficiente do condutor;3;Capotamento;Com Vítimas Feridas;Plena Noite;Crescente;Céu Claro;Simples;"Curva;Aclive";Não  ;"1048681   ";Caminhão-trator;VW/19.370 CLM T 4X2;"2008      ";Condutor;Ileso;"40   ";Masculino;"1 ";"0    ";"0    ";"0    ";-15.2142730;-48.5794130;SPRF-DF;DEL03-DF;UOP02-DEL03-DF 
588000;"1311132   ";2024-03-17;domingo;21:00:00;GO;"80   ";"82   ";PADRE BERNARDO;Sim;Reação tardia ou ineficiente do condutor;3;Capotamento;Com Vítimas Feridas;Plena Noite;Crescente;Céu Claro;Simples;"Curva;Aclive";Não  ;"1050244   ";Automóvel;VW/GOL 1.0;"2006      ";Condutor;Lesões Graves;"57   ";Masculino;"0 ";"0    ";"1    ";"0    ";-15.2142730;-48.5794130;SPRF-DF;DEL03-DF;UOP02-DEL03-DF 
588000;"1309286   ";2024-03-17;domingo;21:00:00;GO;"80   ";"82   ";PADRE BERNARDO;Não;Demais falhas mecânicas ou elétricas;2;Saída de leito carroçável;Com Vítimas Feridas;Plena Noite;Crescente;Céu Claro;Simples;"Curva;Aclive";Não  ;"1048681   ";Caminhão-trator;VW/19.370 CLM T 4X2;"2008      ";Condutor;Ileso;"40   ";Masculino;"1 ";"0    ";"0    ";"0    ";-15.2142730;-48.5794130;SPRF-DF;DEL03-DF;UOP02-DEL03-DF 
588000;"1311132   ";2024-03-17;domingo;21:00:00;GO;"80   ";"82   ";PADRE BERNARDO;Não;Demais falhas mecânicas ou elétricas;2;Saída de leito carroçável;Com Vítimas Feridas;Plena Noite;Crescente;Céu Claro;Simples;"Curva;Aclive";Não  ;"1050244   ";Automóvel;VW/GOL 1.0;"2006      ";Condutor;Lesões Graves;"57   ";Masculino;"0 ";"0    ";"1    ";"0    ";-15.2142730;-48.5794130;SPRF-DF;DEL03-DF;UOP02-DEL03-DF 
588000;"1309286   ";2024-03-17;domingo;21:00:00;GO;"80   ";"82   ";PADRE BERNARDO;Sim;Reação tardia ou ineficiente do condutor;2;Saída de leito carroçável;Com Vítimas Feridas;Plena Noite;Crescente;Céu Claro;Simples;"Curva;Aclive";Não  ;"1048681   ";Caminhão-trator;VW/19.370 CLM T 4X2;"2008      ";Condutor;Ileso;"40   ";Masculino;"1 ";"0    ";"0    ";"0    ";-15.2142730;-48.5794130;SPRF-DF;DEL03-DF;UOP02-DEL03-DF 
588000;"1311132   ";2024-03-17;domingo;21:00:00;GO;"80   ";"82   ";PADRE BERNARDO;Sim;Reação tardia ou ineficiente do condutor;2;Saída de leito carroçável;Com Vítimas Feridas;Plena Noite;Crescente;Céu Claro;Simples;"Curva;Aclive";Não  ;"1050244   ";Automóvel;VW/GOL 1.0;"2006      ";Condutor;Lesões Graves;"57   ";Masculino;"0 ";"0    ";"1    ";"0    ";-15.2142730;-48.5794130;SPRF-DF;DEL03-DF;UOP02-DEL03-DF 
588078;"0         ";2024-03-18;segunda-feira;09:20:00;GO;"60   ";"56,3 ";ABADIANIA;Não;Velocidade Incompatível;2;Tombamento;Com Vítimas Feridas;Pleno dia;Decrescente;Céu Claro;Múltipla;"Interseção de Vias;Curva";Sim  ;"1048757   ";Semireboque;R/RANDON SR BA;"2022      ";"0";"0";"0    ";"0";"0 ";"0    ";"0    ";"0    ";-16.1906899;-48.6726308;SPRF-GO;DEL02-GO;UOP01-DEL02-GO 
588078;"1309366   ";2024-03-18;segunda-feira;09:20:00;GO;"60   ";"56,3 ";ABADIANIA;Não;Velocidade Incompatível;2;Tombamento;Com Vítimas Feridas;Pleno dia;Decrescente;Céu Claro;Múltipla;"Interseção de Vias;Curva";Sim  ;"1048751   ";Motocicleta;YAMAHA/MT09 TRACER;"2023      ";Condutor;Lesões Leves;"66   ";Masculino;"0 ";"1    ";"0    ";"0    ";-16.1906899;-48.6726308;SPRF-GO;DEL02-GO;UOP01-DEL02-GO 
588078;"1309368   ";2024-03-18;segunda-feira;09:20:00;GO;"60   ";"56,3 ";ABADIANIA;Não;Velocidade Incompatível;2;Tombamento;Com Vítimas Feridas;Pleno dia;Decrescente;Céu Claro;Múltipla;"Interseção de Vias;Curva";Sim  ;"1048751   ";Motocicleta;YAMAHA/MT09 TRACER;"2023      ";Passageiro;Lesões Leves;"51   ";Feminino;"0 ";"1    ";"0    ";"0    ";-16.1906899;-48.6726308;SPRF-GO;DEL02-GO;UOP01-DEL02-GO 
588078;"0         ";2024-03-18;segunda-feira;09:20:00;GO;"60   ";"56,3 ";ABADIANIA;Não;Velocidade Incompatível;2;Tombamento;Com Vítimas Feridas;Pleno dia;Decrescente;Céu Claro;Múltipla;"Interseção de Vias;Curva";Sim  ;"1048756   ";Semireboque;SR/RANDON SR BA BTD02E;"2022      ";"0";"0";"0    ";"0";"0 ";"0    ";"0    ";"0    ";-16.1906899;-48.6726308;SPRF-GO;DEL02-GO;UOP01-DEL02-GO 
588078;"1309369   ";2024-03-18;segunda-feira;09:20:00;GO;"60   ";"56,3 ";ABADIANIA;Não;Velocidade Incompatível;2;Tombamento;Com Vítimas Feridas;Pleno dia;Decrescente;Céu Claro;Múltipla;"Interseção de Vias;Curva";Sim  ;"1048752   ";Caminhão-trator;VOLVO/FH 400 4X2T;"2011      ";Condutor;Ileso;"47   ";Masculino;"1 ";"0    ";"0    ";"0    ";-16.1906899;-48.6726308;SPRF-GO;DEL02-GO;UOP01-DEL02-GO 
588078;"0         ";2024-03-18;segunda-feira;09:20:00;GO;"60   ";"56,3 ";ABADIANIA;Sim;Reação tardia ou ineficiente do condutor;2;Tombamento;Com Vítimas Feridas;Pleno dia;Decrescente;Céu Claro;Múltipla;"Interseção de Vias;Curva";Sim  ;"1048757   ";Semireboque;R/RANDON SR BA;"2022      ";"0";"0";"0    ";"0";"0 ";"0    ";"0    ";"0    ";-16.1906899;-48.6726308;SPRF-GO;DEL02-GO;UOP01-DEL02-GO 
588078;"1309366   ";2024-03-18;segunda-feira;09:20:00;GO;"60   ";"56,3 ";ABADIANIA;Sim;Reação tardia ou ineficiente do condutor;2;Tombamento;Com Vítimas Feridas;Pleno dia;Decrescente;Céu Claro;Múltipla;"Interseção de Vias;Curva";Sim  ;"1048751   ";Motocicleta;YAMAHA/MT09 TRACER;"2023      ";Condutor;Lesões Leves;"66   ";Masculino;"0 ";"1    ";"0    ";"0    ";-16.1906899;-48.6726308;SPRF-GO;DEL02-GO;UOP01-DEL02-GO 
588078;"1309368   ";2024-03-18;segunda-feira;09:20:00;GO;"60   ";"56,3 ";ABADIANIA;Sim;Reação tardia ou ineficiente do condutor;2;Tombamento;Com Vítimas Feridas;Pleno dia;Decrescente;Céu Claro;Múltipla;"Interseção de Vias;Curva";Sim  ;"1048751   ";Motocicleta;YAMAHA/MT09 TRACER;"2023      ";Passageiro;Lesões Leves;"51   ";Feminino;"0 ";"1    ";"0    ";"0    ";-16.1906899;-48.6726308;SPRF-GO;DEL02-GO;UOP01-DEL02-GO 
588078;"0         ";2024-03-18;segunda-feira;09:20:00;GO;"60   ";"56,3 ";ABADIANIA;Sim;Reação tardia ou ineficiente do condutor;2;Tombamento;Com Vítimas Feridas;Pleno dia;Decrescente;Céu Claro;Múltipla;"Interseção de Vias;Curva";Sim  ;"1048756   ";Semireboque;SR/RANDON SR BA BTD02E;"2022      ";"0";"0";"0    ";"0";"0 ";"0    ";"0    ";"0    ";-16.1906899;-48.6726308;SPRF-GO;DEL02-GO;UOP01-DEL02-GO 
588078;"1309369   ";2024-03-18;segunda-feira;09:20:00;GO;"60   ";"56,3 ";ABADIANIA;Sim;Reação tardia ou ineficiente do condutor;2;Tombamento;Com Vítimas Feridas;Pleno dia;Decrescente;Céu Claro;Múltipla;"Interseção de Vias;Curva";Sim  ;"1048752   ";Caminhão-trator;VOLVO/FH 400 4X2T;"2011      ";Condutor;Ileso;"47   ";Masculino;"1 ";"0    ";"0    ";"0    ";-16.1906899;-48.6726308;SPRF-GO;DEL02-GO;UOP01-DEL02-GO 
588078;"0         ";2024-03-18;segunda-feira;09:20:00;GO;"60   ";"56,3 ";ABADIANIA;Não;Velocidade Incompatível;3;Colisão traseira;Com Vítimas Feridas;Pleno dia;Decrescente;Céu Claro;Múltipla;"Interseção de Vias;Curva";Sim  ;"1048757   ";Semireboque;R/RANDON SR BA;"2022      ";"0";"0";"0    ";"0";"0 ";"0    ";"0    ";"0    ";-16.1906899;-48.6726308;SPRF-GO;DEL02-GO;UOP01-DEL02-GO 
588078;"1309366   ";2024-03-18;segunda-feira;09:20:00;GO;"60   ";"56,3 ";ABADIANIA;Não;Velocidade Incompatível;3;Colisão traseira;Com Vítimas Feridas;Pleno dia;Decrescente;Céu Claro;Múltipla;"Interseção de Vias;Curva";Sim  ;"1048751   ";Motocicleta;YAMAHA/MT09 TRACER;"2023      ";Condutor;Lesões Leves;"66   ";Masculino;"0 ";"1    ";"0    ";"0    ";-16.1906899;-48.6726308;SPRF-GO;DEL02-GO;UOP01-DEL02-GO 