id;pesid;data_inversa;dia_semana;horario;uf;br;km;municipio;causa_principal;causa_acidente;ordem_tipo_acidente;tipo_acidente;classificacao_acidente;fase_dia;sentido_via;condicao_metereologica;tipo_pista;tracado_via;uso_solo;id_veiculo;tipo_veiculo;marca;ano_fabricacao_veiculo;tipo_envolvido;estado_fisico;idade;sexo;ilesos;feridos_leves;feridos_graves;mortos;latitude;longitude;regional;delegacia;uop
588078;"1309368   ";2024-03-18;segunda-feira;09:20:00;GO;"60   ";"56,3 ";ABADIANIA;Não;Velocidade Incompatível;3;Colisão traseira;Com Vítimas Feridas;Pleno dia;Decrescente;Céu Claro;Múltipla;"Interseção de Vias;Curva";Sim  ;"1048751   ";Motocicleta;YAMAHA/MT09 TRACER;"2023      ";Passageiro;Lesões Leves;"51   ";Feminino;"0 ";"1    ";"0    ";"0    ";-16.1906899;-48.6726308;SPRF-GO;DEL02-GO;UOP01-DEL02-GO 
588078;"0         ";2024-03-18;segunda-feira;09:20:00;GO;"60   ";"56,3 ";ABADIANIA;Não;Velocidade Incompatível;3;Colisão traseira;Com Vítimas Feridas;Pleno dia;Decrescente;Céu Claro;Múltipla;"Interseção de Vias;Curva";Sim  ;"1048756   ";Semireboque;SR/RANDON SR BA BTD02E;"2022      ";"0";"0";"0    ";"0";"0 ";"0    ";"0    ";"0    ";-16.1906899;-48.6726308;SPRF-GO;DEL02-GO;UOP01-DEL02-GO 
588078;"1309369   ";2024-03-18;segunda-feira;09:20:00;GO;"60   ";"56,3 ";ABADIANIA;Não;Velocidade Incompatível;3;Colisão traseira;Com Vítimas Feridas;Pleno dia;Decrescente;Céu Claro;Múltipla;"Interseção de Vias;Curva";Sim  ;"1048752   ";Caminhão-trator;VOLVO/FH 400 4X2T;"2011      ";Condutor;Ileso;"47   ";Masculino;"1 ";"0    ";"0    ";"0    ";-16.1906899;-48.6726308;SPRF-GO;DEL02-GO;UOP01-DEL02-GO 
588078;"0         ";2024-03-18;segunda-feira;09:20:00;GO;"60   ";"56,3 ";ABADIANIA;Sim;Reação tardia ou ineficiente do condutor;3;Colisão traseira;Com Vítimas Feridas;Pleno dia;Decrescente;Céu Claro;Múltipla;"Interseção de Vias;Curva";Sim  ;"1048757   ";Semireboque;R/RANDON SR BA;"2022      ";"0";"0";"0    ";"0";"0 ";"0    ";"0    ";"0    ";-16.1906899;-48.6726308;SPRF-GO;DEL02-GO;UOP01-DEL02-GO 
588078;"1309366   ";2024-03-18;segunda-feira;09:20:00;GO;"60   ";"56,3 ";ABADIANIA;Sim;Reação tardia ou ineficiente do condutor;3;Colisão traseira;Com Vítimas Feridas;Pleno dia;Decrescente;Céu Claro;Múltipla;"Interseção de Vias;Curva";Sim  ;"1048751   ";Motocicleta;YAMAHA/MT09 TRACER;"2023      ";Condutor;Lesões Leves;"66   ";Masculino;"0 ";"1    ";"0    ";"0    ";-16.1906899;-48.6726308;SPRF-GO;DEL02-GO;UOP01-DEL02-GO 
588078;"1309368   ";2024-03-18;segunda-feira;09:20:00;GO;"60   ";"56,3 ";ABADIANIA;Sim;Reação tardia ou ineficiente do condutor;3;Colisão traseira;Com Vítimas Feridas;Pleno dia;Decrescente;Céu Claro;Múltipla;"Interseção de Vias;Curva";Sim  ;"1048751   ";Motocicleta;YAMAHA/MT09 TRACER;"2023      ";Passageiro;Lesões Leves;"51   ";Feminino;"0 ";"1    ";"0    ";"0    ";-16.1906899;-48.6726308;SPRF-GO;DEL02-GO;UOP01-DEL02-GO 
588078;"0         ";2024-03-18;segunda-feira;09:20:00;GO;"60   ";"56,3 ";ABADIANIA;Sim;Reação tardia ou ineficiente do condutor;3;Colisão traseira;Com Vítimas Feridas;Pleno dia;Decrescente;Céu Claro;Múltipla;"Interseção de Vias;Curva";Sim  ;"1048756   ";Semireboque;SR/RANDON SR BA BTD02E;"2022      ";"0";"0";"0    ";"0";"0 ";"0    ";"0    ";"0    ";-16.1906899;-48.6726308;SPRF-GO;DEL02-GO;UOP01-DEL02-GO 
588078;"1309369   ";2024-03-18;segunda-feira;09:20:00;GO;"60   ";"56,3 ";ABADIANIA;Sim;Reação tardia ou ineficiente do condutor;3;Colisão traseira;Com Vítimas Feridas;Pleno dia;Decrescente;Céu Claro;Múltipla;"Interseção de Vias;Curva";Sim  ;"1048752   ";Caminhão-trator;VOLVO/FH 400 4X2T;"2011      ";Condutor;Ileso;"47   ";Masculino;"1 ";"0    ";"0    ";"0    ";-16.1906899;-48.6726308;SPRF-GO;DEL02-GO;UOP01-DEL02-GO 
588078;"0         ";2024-03-18;segunda-feira;09:20:00;GO;"60   ";"56,3 ";ABADIANIA;Não;Velocidade Incompatível;1;Colisão com objeto;Com Vítimas Feridas;Pleno dia;Decrescente;Céu Claro;Múltipla;"Interseção de Vias;Curva";Sim  ;"1048757   ";Semireboque;R/RANDON SR BA;"2022      ";"0";"0";"0    ";"0";"0 ";"0    ";"0    ";"0    ";-16.1906899;-48.6726308;SPRF-GO;DEL02-GO;UOP01-DEL02-GO 
588078;"1309366   ";2024-03-18;segunda-feira;09:20:00;GO;"60   ";"56,3 ";ABADIANIA;Não;Velocidade Incompatível;1;Colisão com objeto;Com Vítimas Feridas;Pleno dia;Decrescente;Céu Claro;Múltipla;"Interseção de Vias;Curva";Sim  ;"1048751   ";Motocicleta;YAMAHA/MT09 TRACER;"2023      ";Condutor;Lesões Leves;"66   ";Masculino;"0 ";"1    ";"0    ";"0    ";-16.1906899;-48.6726308;SPRF-GO;DEL02-GO;UOP01-DEL02-GO 
588078;"1309368   ";2024-03-18;segunda-feira;09:20:00;GO;"60   ";"56,3 ";ABADIANIA;Não;Velocidade Incompatível;1;Colisão com objeto;Com Vítimas Feridas;Pleno dia;Decrescente;Céu Claro;Múltipla;"Interseção de Vias;Curva";Sim  ;"1048751   ";Motocicleta;YAMAHA/MT09 TRACER;"2023      ";Passageiro;Lesões Leves;"51   ";Feminino;"0 ";"1    ";"0    ";"0    ";-16.1906899;-48.6726308;SPRF-GO;DEL02-GO;UOP01-DEL02-GO 
588078;"0         ";2024-03-18;segunda-feira;09:20:00;GO;"60   ";"56,3 ";ABADIANIA;Não;Velocidade Incompatível;1;Colisão com objeto;Com Vítimas Feridas;Pleno dia;Decrescente;Céu Claro;Múltipla;"Interseção de Vias;Curva";Sim  ;"1048756   ";Semireboque;SR/RANDON SR BA BTD02E;"2022      ";"0";"0";"0    ";"0";"0 ";"0    ";"0    ";"0    ";-16.1906899;-48.6726308;SPRF-GO;DEL02-GO;UOP01-DEL02-GO 
588078;"1309369   ";2024-03-18;segunda-feira;09:20:00;GO;"60   ";"56,3 ";ABADIANIA;Não;Velocidade Incompatível;1;Colisão com objeto;Com Vítimas Feridas;Pleno dia;Decrescente;Céu Claro;Múltipla;"Interseção de Vias;Curva";Sim  ;"1048752   ";Caminhão-trator;VOLVO/FH 400 4X2T;"2011      ";Condutor;Ileso;"47   ";Masculino;"1 ";"0    ";"0    ";"0    ";-16.1906899;-48.6726308;SPRF-GO;DEL02-GO;UOP01-DEL02-GO 
588078;"0         ";2024-03-18;segunda-feira;09:20:00;GO;"60   ";"56,3 ";ABADIANIA;Sim;Reação tardia ou ineficiente do condutor;1;Colisão com objeto;Com Vítimas Feridas;Pleno dia;Decrescente;Céu Claro;Múltipla;"Interseção de Vias;Curva";Sim  ;"1048757   ";Semireboque;R/RANDON SR BA;"2022      ";"0";"0";"0    ";"0";"0 ";"0    ";"0    ";"0    ";-16.1906899;-48.6726308;SPRF-GO;DEL02-GO;UOP01-DEL02-GO 
588078;"1309366   ";2024-03-18;segunda-feira;09:20:00;GO;"60   ";"56,3 ";ABADIANIA;Sim;Reação tardia ou ineficiente do condutor;1;Colisão com objeto;Com Vítimas Feridas;Pleno dia;Decrescente;Céu Claro;Múltipla;"Interseção de Vias;Curva";Sim  ;"1048751   ";Motocicleta;YAMAHA/MT09 TRACER;"2023      ";Condutor;Lesões Leves;"66   ";Masculino;"0 ";"1    ";"0    ";"0    ";-16.1906899;-48.6726308;SPRF-GO;DEL02-GO;UOP01-DEL02-GO 
588078;"1309368   ";2024-03-18;segunda-feira;09:20:00;GO;"60   ";"56,3 ";ABADIANIA;Sim;Reação tardia ou ineficiente do condutor;1;Colisão com objeto;Com Vítimas Feridas;Pleno dia;Decrescente;Céu Claro;Múltipla;"Interseção de Vias;Curva";Sim  ;"1048751   ";Motocicleta;YAMAHA/MT09 TRACER;"2023      ";Passageiro;Lesões Leves;"51   ";Feminino;"0 ";"1    ";"0    ";"0    ";-16.1906899;-48.6726308;SPRF-GO;DEL02-GO;UOP01-DEL02-GO 
588078;"0         ";2024-03-18;segunda-feira;09:20:00;GO;"60   ";"56,3 ";ABADIANIA;Sim;Reação tardia ou ineficiente do condutor;1;Colisão com objeto;Com Vítimas Feridas;Pleno dia;Decrescente;Céu Claro;Múltipla;"Interseção de Vias;Curva";Sim  ;"1048756   ";Semireboque;SR/RANDON SR BA BTD02E;"2022      ";"0";"0";"0    ";"0";"0 ";"0    ";"0    ";"0    ";-16.1906899;-48.6726308;SPRF-GO;DEL02-GO;UOP01-DEL02-GO 
588078;"1309369   ";2024-03-18;segunda-feira;09:20:00;GO;"60   ";"56,3 ";ABADIANIA;Sim;Reação tardia ou ineficiente do condutor;1;Colisão com objeto;Com Vítimas Feridas;Pleno dia;Decrescente;Céu Claro;Múltipla;"Interseção de Vias;Curva";Sim  ;"1048752   ";Caminhão-trator;VOLVO/FH 400 4X2T;"2011      ";Condutor;Ileso;"47   ";Masculino;"1 ";"0    ";"0    ";"0    ";-16.1906899;-48.6726308;SPRF-GO;DEL02-GO;UOP01-DEL02-GO 
588095;"1309534   ";2024-03-18;segunda-feira;11:25:00;DF;"20   ";"21   ";BRASILIA;Sim;Condutor Dormindo;1;Colisão com objeto;Com Vítimas Feridas;Pleno dia;Crescente;Céu Claro;Dupla;Reta;Sim  ;"1048887   ";Automóvel;I/PEUGEOT 206 SELECTION;"2001      ";Condutor;Lesões Leves;"49   ";Masculino;"0 ";"1    ";"0    ";"0    ";-15.6079050;-47.6927910;SPRF-DF;DEL02-DF;UOP01-DEL02-DF 
588185;"1309642   ";2024-03-18;segunda-feira;16:00:00;GO;"414  ";"402,8";ABADIANIA;Sim;Velocidade Incompatível;2;Colisão com objeto;Com Vítimas Feridas;Pleno dia;Decrescente;Chuva;Simples;Curva;Não  ;"1048965   ";Caminhonete;I/TOYOTA HILUX CDSRXA4FD;"2022      ";Condutor;Ileso;"57   ";Masculino;"1 ";"0    ";"0    ";"0    ";-15.9914606;-48.8355954;SPRF-GO;DEL02-GO;UOP01-DEL02-GO 
588185;"1309643   ";2024-03-18;segunda-feira;16:00:00;GO;"414  ";"402,8";ABADIANIA;Sim;Velocidade Incompatível;2;Colisão com objeto;Com Vítimas Feridas;Pleno dia;Decrescente;Chuva;Simples;Curva;Não  ;"1048965   ";Caminhonete;I/TOYOTA HILUX CDSRXA4FD;"2022      ";Passageiro;Lesões Leves;"56   ";Masculino;"0 ";"1    ";"0    ";"0    ";-15.9914606;-48.8355954;SPRF-GO;DEL02-GO;UOP01-DEL02-GO 
588185;"1309644   ";2024-03-18;segunda-feira;16:00:00;GO;"414  ";"402,8";ABADIANIA;Sim;Velocidade Incompatível;2;Colisão com objeto;Com Vítimas Feridas;Pleno dia;Decrescente;Chuva;Simples;Curva;Não  ;"1048965   ";Caminhonete;I/TOYOTA HILUX CDSRXA4FD;"2022      ";Passageiro;Lesões Graves;"52   ";Feminino;"0 ";"0    ";"1    ";"0    ";-15.9914606;-48.8355954;SPRF-GO;DEL02-GO;UOP01-DEL02-GO 
588185;"1309642   ";2024-03-18;segunda-feira;16:00:00;GO;"414  ";"402,8";ABADIANIA;Sim;Velocidade Incompatível;1;Saída de leito carroçável;Com Vítimas Feridas;Pleno dia;Decrescente;Chuva;Simples;Curva;Não  ;"1048965   ";Caminhonete;I/TOYOTA HILUX CDSRXA4FD;"2022      ";Condutor;Ileso;"57   ";Masculino;"1 ";"0    ";"0    ";"0    ";-15.9914606;-48.8355954;SPRF-GO;DEL02-GO;UOP01-DEL02-GO 
588185;"1309643   ";2024-03-18;segunda-feira;16:00:00;GO;"414  ";"402,8";ABADIANIA;Sim;Velocidade Incompatível;1;Saída de leito carroçável;Com Vítimas Feridas;Pleno dia;Decrescente;Chuva;Simples;Curva;Não  ;"1048965   ";Caminhonete;I/TOYOTA HILUX CDSRXA4FD;"2022      ";Passageiro;Lesões Leves;"56   ";Masculino;"0 ";"1    ";"0    ";"0    ";-15.9914606;-48.8355954;SPRF-GO;DEL02-GO;UOP01-DEL02-GO 
588185;"1309644   ";2024-03-18;segunda-feira;16:00:00;GO;"414  ";"402,8";ABADIANIA;Sim;Velocidade Incompatível;1;Saída de leito carroçável;Com Vítimas Feridas;Pleno dia;Decrescente;Chuva;Simples;Curva;Não  ;"1048965   ";Caminhonete;I/TOYOTA HILUX CDSRXA4FD;"2022      ";Passageiro;Lesões Graves;"52   ";Feminino;"0 ";"0    ";"1    ";"0    ";-15.9914606;-48.8355954;SPRF-GO;DEL02-GO;UOP01-DEL02-GO 
588283;"1310025   ";2024-03-19;terça-feira;07:30:00;GO;"40   ";"6    ";VALPARAISO DE GOIAS;Não;Condutor deixou de manter distância do veículo da frente;1;Colisão traseira;Sem Vítimas;Pleno dia;Crescente;Céu Claro;Dupla;Reta;Sim  ;"1049287   ";Automóvel;TOYOTA/ETIOS SD XS;"2015      ";Condutor;Ileso;"35   ";Masculino;"1 ";"0    ";"0    ";"0    ";-16.1057170;-47.9739140;SPRF-DF;DEL01-DF;UOP01-DEL01-DF 
588283;"1310026   ";2024-03-19;terça-feira;07:30:00;GO;"40   ";"6    ";VALPARAISO DE GOIAS;Não;Condutor deixou de manter distância do veículo da frente;1;Colisão traseira;Sem Vítimas;Pleno dia;Crescente;Céu Claro;Dupla;Reta;Sim  ;"1049288   ";Automóvel;RENAULT/KWID ZEN 10MT;"2018      ";Condutor;Ileso;"42   ";Masculino;"1 ";"0    ";"0    ";"0    ";-16.1057170;-47.9739140;SPRF-DF;DEL01-DF;UOP01-DEL01-DF 
588283;"1310025   ";2024-03-19;terça-feira;07:30:00;GO;"40   ";"6    ";VALPARAISO DE GOIAS;Sim;Ausência de reação do condutor;1;Colisão traseira;Sem Vítimas;Pleno dia;Crescente;Céu Claro;Dupla;Reta;Sim  ;"1049287   ";Automóvel;TOYOTA/ETIOS SD XS;"2015      ";Condutor;Ileso;"35   ";Masculino;"1 ";"0    ";"0    ";"0    ";-16.1057170;-47.9739140;SPRF-DF;DEL01-DF;UOP01-DEL01-DF 
588283;"1310026   ";2024-03-19;terça-feira;07:30:00;GO;"40   ";"6    ";VALPARAISO DE GOIAS;Sim;Ausência de reação do condutor;1;Colisão traseira;Sem Vítimas;Pleno dia;Crescente;Céu Claro;Dupla;Reta;Sim  ;"1049288   ";Automóvel;RENAULT/KWID ZEN 10MT;"2018      ";Condutor;Ileso;"42   ";Masculino;"1 ";"0    ";"0    ";"0    ";-16.1057170;-47.9739140;SPRF-DF;DEL01-DF;UOP01-DEL01-DF 
588293;"1311329   ";2024-03-19;terça-feira;08:17:00;DF;"60   ";"4,1  ";BRASILIA;Sim;Trafegar com motocicleta (ou similar) entre as faixas;1;Colisão lateral mesmo sentido;Com Vítimas Feridas;Pleno dia;Decrescente;Céu Claro;Dupla;Reta;Sim  ;"1050384   ";Motocicleta;HONDA/CG 160 FAN;"2022      ";Condutor;Lesões Graves;"29   ";Masculino;"0 ";"0    ";"1    ";"0    ";-15.8927210;-48.0957410;SPRF-DF;DEL03-DF;UOP01-DEL03-DF 
588324;"1309975   ";2024-03-19;terça-feira;11:38:00;DF;"20   ";"13,5 ";BRASILIA;Sim;Condutor deixou de manter distância do veículo da frente;1;Colisão traseira;Sem Vítimas;Pleno dia;Crescente;Céu Claro;Dupla;Reta;Sim  ;"1049249   ";Caminhonete;MMC/L200 TRITON SPT GL;"2018      ";Condutor;Ileso;"60   ";Masculino;"1 ";"0    ";"0    ";"0    ";-15.6387520;-47.7495990;SPRF-DF;DEL02-DF;UOP01-DEL02-DF 
588324;"1309974   ";2024-03-19;terça-feira;11:38:00;DF;"20   ";"13,5 ";BRASILIA;Sim;Condutor deixou de manter distância do veículo da frente;1;Colisão traseira;Sem Vítimas;Pleno dia;Crescente;Céu Claro;Dupla;Reta;Sim  ;"1049246   ";Automóvel;NISSAN/KICKS S CVT;"2019      ";Condutor;Ileso;"46   ";Masculino;"1 ";"0    ";"0    ";"0    ";-15.6387520;-47.7495990;SPRF-DF;DEL02-DF;UOP01-DEL02-DF 
588324;"1309975   ";2024-03-19;terça-feira;11:38:00;DF;"20   ";"13,5 ";BRASILIA;Não;Reação tardia ou ineficiente do condutor;1;Colisão traseira;Sem Vítimas;Pleno dia;Crescente;Céu Claro;Dupla;Reta;Sim  ;"1049249   ";Caminhonete;MMC/L200 TRITON SPT GL;"2018      ";Condutor;Ileso;"60   ";Masculino;"1 ";"0    ";"0    ";"0    ";-15.6387520;-47.7495990;SPRF-DF;DEL02-DF;UOP01-DEL02-DF 
588324;"1309974   ";2024-03-19;terça-feira;11:38:00;DF;"20   ";"13,5 ";BRASILIA;Não;Reação tardia ou ineficiente do condutor;1;Colisão traseira;Sem Vítimas;Pleno dia;Crescente;Céu Claro;Dupla;Reta;Sim  ;"1049246   ";Automóvel;NISSAN/KICKS S CVT;"2019      ";Condutor;Ileso;"46   ";Masculino;"1 ";"0    ";"0    ";"0    ";-15.6387520;-47.7495990;SPRF-DF;DEL02-DF;UOP01-DEL02-DF 
588324;"1309975   ";2024-03-19;terça-feira;11:38:00;DF;"20   ";"13,5 ";BRASILIA;Não;Ausência de reação do condutor;1;Colisão traseira;Sem Vítimas;Pleno dia;Crescente;Céu Claro;Dupla;Reta;Sim  ;"1049249   ";Caminhonete;MMC/L200 TRITON SPT GL;"2018      ";Condutor;Ileso;"60   ";Masculino;"1 ";"0    ";"0    ";"0    ";-15.6387520;-47.7495990;SPRF-DF;DEL02-DF;UOP01-DEL02-DF 
588324;"1309974   ";2024-03-19;terça-feira;11:38:00;DF;"20   ";"13,5 ";BRASILIA;Não;Ausência de reação do condutor;1;Colisão traseira;Sem Vítimas;Pleno dia;Crescente;Céu Claro;Dupla;Reta;Sim  ;"1049246   ";Automóvel;NISSAN/KICKS S CVT;"2019      ";Condutor;Ileso;"46   ";Masculino;"1 ";"0    ";"0    ";"0    ";-15.6387520;-47.7495990;SPRF-DF;DEL02-DF;UOP01-DEL02-DF 
588381;"1310253   ";2024-03-19;terça-feira;16:30:00;DF;"40   ";"4,2  ";BRASILIA;Sim;Ausência de reação do condutor;1;Capotamento;Com Vítimas Feridas;Pleno dia;Crescente;Céu Claro;Dupla;Reta;Não  ;"1049484   ";Automóvel;RENAULT/CLIO AUT 1.0 H;"2004      ";Passageiro;Ileso;"41   ";Feminino;"1 ";"0    ";"0    ";"0    ";-16.0120330;-47.9821240;SPRF-DF;DEL01-DF;UOP01-DEL01-DF 
588381;"1310252   ";2024-03-19;terça-feira;16:30:00;DF;"40   ";"4,2  ";BRASILIA;Sim;Ausência de reação do condutor;1;Capotamento;Com Vítimas Feridas;Pleno dia;Crescente;Céu Claro;Dupla;Reta;Não  ;"1049484   ";Automóvel;RENAULT/CLIO AUT 1.0 H;"2004      ";Passageiro;Ileso;"38   ";Feminino;"1 ";"0    ";"0    ";"0    ";-16.0120330;-47.9821240;SPRF-DF;DEL01-DF;UOP01-DEL01-DF 
588381;"1310251   ";2024-03-19;terça-feira;16:30:00;DF;"40   ";"4,2  ";BRASILIA;Sim;Ausência de reação do condutor;1;Capotamento;Com Vítimas Feridas;Pleno dia;Crescente;Céu Claro;Dupla;Reta;Não  ;"1049484   ";Automóvel;RENAULT/CLIO AUT 1.0 H;"2004      ";Passageiro;Lesões Leves;"51   ";Feminino;"0 ";"1    ";"0    ";"0    ";-16.0120330;-47.9821240;SPRF-DF;DEL01-DF;UOP01-DEL01-DF 
588381;"1310250   ";2024-03-19;terça-feira;16:30:00;DF;"40   ";"4,2  ";BRASILIA;Sim;Ausência de reação do condutor;1;Capotamento;Com Vítimas Feridas;Pleno dia;Crescente;Céu Claro;Dupla;Reta;Não  ;"1049484   ";Automóvel;RENAULT/CLIO AUT 1.0 H;"2004      ";Condutor;Lesões Leves;"46   ";Feminino;"0 ";"1    ";"0    ";"0    ";-16.0120330;-47.9821240;SPRF-DF;DEL01-DF;UOP01-DEL01-DF 
588474;"1310317   ";2024-03-20;quarta-feira;05:20:00;GO;"414  ";"388,8";CORUMBA DE GOIAS;Sim;Condutor Dormindo;4;Derramamento de carga;Com Vítimas Feridas;Amanhecer;Crescente;Céu Claro;Simples;"Curva;Declive";Não  ;"1049539   ";Caminhão;VW/24.280 CRM 6X2;"2019      ";Condutor;Lesões Leves;"38   ";Masculino;"0 ";"1    ";"0    ";"0    ";-15.8857582;-48.7966126;SPRF-GO;DEL02-GO;UOP01-DEL02-GO 
588474;"1310318   ";2024-03-20;quarta-feira;05:20:00;GO;"414  ";"388,8";CORUMBA DE GOIAS;Sim;Condutor Dormindo;4;Derramamento de carga;Com Vítimas Feridas;Amanhecer;Crescente;Céu Claro;Simples;"Curva;Declive";Não  ;"1049539   ";Caminhão;VW/24.280 CRM 6X2;"2019      ";Passageiro;Ileso;"46   ";Feminino;"1 ";"0    ";"0    ";"0    ";-15.8857582;-48.7966126;SPRF-GO;DEL02-GO;UOP01-DEL02-GO 
588474;"1310348   ";2024-03-20;quarta-feira;05:20:00;GO;"414  ";"388,8";CORUMBA DE GOIAS;Sim;Condutor Dormindo;4;Derramamento de carga;Com Vítimas Feridas;Amanhecer;Crescente;Céu Claro;Simples;"Curva;Declive";Não  ;"1049538   ";Caminhão;FORD/CARGO 2422 E;"2006      ";Condutor;Lesões Graves;"27   ";Masculino;"0 ";"0    ";"1    ";"0    ";-15.8857582;-48.7966126;SPRF-GO;DEL02-GO;UOP01-DEL02-GO 
588474;"1310317   ";2024-03-20;quarta-feira;05:20:00;GO;"414  ";"388,8";CORUMBA DE GOIAS;Sim;Condutor Dormindo;3;Colisão com objeto;Com Vítimas Feridas;Amanhecer;Crescente;Céu Claro;Simples;"Curva;Declive";Não  ;"1049539   ";Caminhão;VW/24.280 CRM 6X2;"2019      ";Condutor;Lesões Leves;"38   ";Masculino;"0 ";"1    ";"0    ";"0    ";-15.8857582;-48.7966126;SPRF-GO;DEL02-GO;UOP01-DEL02-GO 
588474;"1310318   ";2024-03-20;quarta-feira;05:20:00;GO;"414  ";"388,8";CORUMBA DE GOIAS;Sim;Condutor Dormindo;3;Colisão com objeto;Com Vítimas Feridas;Amanhecer;Crescente;Céu Claro;Simples;"Curva;Declive";Não  ;"1049539   ";Caminhão;VW/24.280 CRM 6X2;"2019      ";Passageiro;Ileso;"46   ";Feminino;"1 ";"0    ";"0    ";"0    ";-15.8857582;-48.7966126;SPRF-GO;DEL02-GO;UOP01-DEL02-GO 
588474;"1310348   ";2024-03-20;quarta-feira;05:20:00;GO;"414  ";"388,8";CORUMBA DE GOIAS;Sim;Condutor Dormindo;3;Colisão com objeto;Com Vítimas Feridas;Amanhecer;Crescente;Céu Claro;Simples;"Curva;Declive";Não  ;"1049538   ";Caminhão;FORD/CARGO 2422 E;"2006      ";Condutor;Lesões Graves;"27   ";Masculino;"0 ";"0    ";"1    ";"0    ";-15.8857582;-48.7966126;SPRF-GO;DEL02-GO;UOP01-DEL02-GO 
588474;"1310317   ";2024-03-20;quarta-feira;05:20:00;GO;"414  ";"388,8";CORUMBA DE GOIAS;Sim;Condutor Dormindo;2;Tombamento;Com Vítimas Feridas;Amanhecer;Crescente;Céu Claro;Simples;"Curva;Declive";Não  ;"1049539   ";Caminhão;VW/24.280 CRM 6X2;"2019      ";Condutor;Lesões Leves;"38   ";Masculino;"0 ";"1    ";"0    ";"0    ";-15.8857582;-48.7966126;SPRF-GO;DEL02-GO;UOP01-DEL02-GO 
588474;"1310318   ";2024-03-20;quarta-feira;05:20:00;GO;"414  ";"388,8";CORUMBA DE GOIAS;Sim;Condutor Dormindo;2;Tombamento;Com Vítimas Feridas;Amanhecer;Crescente;Céu Claro;Simples;"Curva;Declive";Não  ;"1049539   ";Caminhão;VW/24.280 CRM 6X2;"2019      ";Passageiro;Ileso;"46   ";Feminino;"1 ";"0    ";"0    ";"0    ";-15.8857582;-48.7966126;SPRF-GO;DEL02-GO;UOP01-DEL02-GO 
588474;"1310348   ";2024-03-20;quarta-feira;05:20:00;GO;"414  ";"388,8";CORUMBA DE GOIAS;Sim;Condutor Dormindo;2;Tombamento;Com Vítimas Feridas;Amanhecer;Crescente;Céu Claro;Simples;"Curva;Declive";Não  ;"1049538   ";Caminhão;FORD/CARGO 2422 E;"2006      ";Condutor;Lesões Graves;"27   ";Masculino;"0 ";"0    ";"1    ";"0    ";-15.8857582;-48.7966126;SPRF-GO;DEL02-GO;UOP01-DEL02-GO 
588474;"1310317   ";2024-03-20;quarta-feira;05:20:00;GO;"414  ";"388,8";CORUMBA DE GOIAS;Sim;Condutor Dormindo;1;Colisão lateral sentido oposto;Com Vítimas Feridas;Amanhecer;Crescente;Céu Claro;Simples;"Curva;Declive";Não  ;"1049539   ";Caminhão;VW/24.280 CRM 6X2;"2019      ";Condutor;Lesões Leves;"38   ";Masculino;"0 ";"1    ";"0    ";"0    ";-15.8857582;-48.7966126;SPRF-GO;DEL02-GO;UOP01-DEL02-GO 
588474;"1310318   ";2024-03-20;quarta-feira;05:20:00;GO;"414  ";"388,8";CORUMBA DE GOIAS;Sim;Condutor Dormindo;1;Colisão lateral sentido oposto;Com Vítimas Feridas;Amanhecer;Crescente;Céu Claro;Simples;"Curva;Declive";Não  ;"1049539   ";Caminhão;VW/24.280 CRM 6X2;"2019      ";Passageiro;Ileso;"46   ";Feminino;"1 ";"0    ";"0    ";"0    ";-15.8857582;-48.7966126;SPRF-GO;DEL02-GO;UOP01-DEL02-GO 
588474;"1310348   ";2024-03-20;quarta-feira;05:20:00;GO;"414  ";"388,8";CORUMBA DE GOIAS;Sim;Condutor Dormindo;1;Colisão lateral sentido oposto;Com Vítimas Feridas;Amanhecer;Crescente;Céu Claro;Simples;"Curva;Declive";Não  ;"1049538   ";Caminhão;FORD/CARGO 2422 E;"2006      ";Condutor;Lesões Graves;"27   ";Masculino;"0 ";"0    ";"1    ";"0    ";-15.8857582;-48.7966126;SPRF-GO;DEL02-GO;UOP01-DEL02-GO 
588502;"1310478   ";2024-03-20;quarta-feira;07:50:00;DF;"20   ";"8    ";BRASILIA;Sim;Acessar a via sem observar a presença dos outros veículos;1;Colisão lateral mesmo sentido;Com Vítimas Feridas;Pleno dia;Decrescente;Nublado;Simples;Reta;Sim  ;"1049666   ";Camioneta;FORD/ECOSPORT XLS1.6FLEX;"2007      ";Condutor;Ileso;"19   ";Feminino;"1 ";"0    ";"0    ";"0    ";-15.6583860;-47.7915340;SPRF-DF;DEL02-DF;UOP01-DEL02-DF 
588502;"1310479   ";2024-03-20;quarta-feira;07:50:00;DF;"20   ";"8    ";BRASILIA;Sim;Acessar a via sem observar a presença dos outros veículos;1;Colisão lateral mesmo sentido;Com Vítimas Feridas;Pleno dia;Decrescente;Nublado;Simples;Reta;Sim  ;"1049678   ";Motocicleta;HONDA/POP 110I;"2022      ";Condutor;Lesões Leves;"32   ";Masculino;"0 ";"1    ";"0    ";"0    ";-15.6583860;-47.7915340;SPRF-DF;DEL02-DF;UOP01-DEL02-DF 
588544;"1311725   ";2024-03-20;quarta-feira;12:10:00;GO;"40   ";"29   ";LUZIANIA;Não;Velocidade Incompatível;3;Tombamento;Com Vítimas Feridas;Pleno dia;Crescente;Céu Claro;Dupla;Reta;Sim  ;"1049795   ";Motocicleta;HONDA/CG 160 START;"2022      ";Condutor;Lesões Graves;"46   ";Masculino;"0 ";"0    ";"1    ";"0    ";-16.2760141;-47.8662157;SPRF-DF;DEL01-DF;UOP01-DEL01-DF 