id;pesid;data_inversa;dia_semana;horario;uf;br;km;municipio;causa_principal;causa_acidente;ordem_tipo_acidente;tipo_acidente;classificacao_acidente;fase_dia;sentido_via;condicao_metereologica;tipo_pista;tracado_via;uso_solo;id_veiculo;tipo_veiculo;marca;ano_fabricacao_veiculo;tipo_envolvido;estado_fisico;idade;sexo;ilesos;feridos_leves;feridos_graves;mortos;latitude;longitude;regional;delegacia;uop
588544;"1310591   ";2024-03-20;quarta-feira;12:10:00;GO;"40   ";"29   ";LUZIANIA;Não;Velocidade Incompatível;3;Tombamento;Com Vítimas Feridas;Pleno dia;Crescente;Céu Claro;Dupla;Reta;Sim  ;"1049798   ";Automóvel;I/FIAT CRONOS DRIVE 1.3;"2021      ";Condutor;Ileso;"46   ";Feminino;"1 ";"0    ";"0    ";"0    ";-16.2760141;-47.8662157;SPRF-DF;DEL01-DF;UOP01-DEL01-DF 
588544;"1311725   ";2024-03-20;quarta-feira;12:10:00;GO;"40   ";"29   ";LUZIANIA;Sim;Acessar a via sem observar a presença dos outros veículos;3;Tombamento;Com Vítimas Feridas;Pleno dia;Crescente;Céu Claro;Dupla;Reta;Sim  ;"1049795   ";Motocicleta;HONDA/CG 160 START;"2022      ";Condutor;Lesões Graves;"46   ";Masculino;"0 ";"0    ";"1    ";"0    ";-16.2760141;-47.8662157;SPRF-DF;DEL01-DF;UOP01-DEL01-DF 
588544;"1310591   ";2024-03-20;quarta-feira;12:10:00;GO;"40   ";"29   ";LUZIANIA;Sim;Acessar a via sem observar a presença dos outros veículos;3;Tombamento;Com Vítimas Feridas;Pleno dia;Crescente;Céu Claro;Dupla;Reta;Sim  ;"1049798   ";Automóvel;I/FIAT CRONOS DRIVE 1.3;"2021      ";Condutor;Ileso;"46   ";Feminino;"1 ";"0    ";"0    ";"0    ";-16.2760141;-47.8662157;SPRF-DF;DEL01-DF;UOP01-DEL01-DF 
588544;"1311725   ";2024-03-20;quarta-feira;12:10:00;GO;"40   ";"29   ";LUZIANIA;Não;Velocidade Incompatível;2;Queda de ocupante de veículo;Com Vítimas Feridas;Pleno dia;Crescente;Céu Claro;Dupla;Reta;Sim  ;"1049795   ";Motocicleta;HONDA/CG 160 START;"2022      ";Condutor;Lesões Graves;"46   ";Masculino;"0 ";"0    ";"1    ";"0    ";-16.2760141;-47.8662157;SPRF-DF;DEL01-DF;UOP01-DEL01-DF 
588544;"1310591   ";2024-03-20;quarta-feira;12:10:00;GO;"40   ";"29   ";LUZIANIA;Não;Velocidade Incompatível;2;Queda de ocupante de veículo;Com Vítimas Feridas;Pleno dia;Crescente;Céu Claro;Dupla;Reta;Sim  ;"1049798   ";Automóvel;I/FIAT CRONOS DRIVE 1.3;"2021      ";Condutor;Ileso;"46   ";Feminino;"1 ";"0    ";"0    ";"0    ";-16.2760141;-47.8662157;SPRF-DF;DEL01-DF;UOP01-DEL01-DF 
588544;"1311725   ";2024-03-20;quarta-feira;12:10:00;GO;"40   ";"29   ";LUZIANIA;Sim;Acessar a via sem observar a presença dos outros veículos;2;Queda de ocupante de veículo;Com Vítimas Feridas;Pleno dia;Crescente;Céu Claro;Dupla;Reta;Sim  ;"1049795   ";Motocicleta;HONDA/CG 160 START;"2022      ";Condutor;Lesões Graves;"46   ";Masculino;"0 ";"0    ";"1    ";"0    ";-16.2760141;-47.8662157;SPRF-DF;DEL01-DF;UOP01-DEL01-DF 
588544;"1310591   ";2024-03-20;quarta-feira;12:10:00;GO;"40   ";"29   ";LUZIANIA;Sim;Acessar a via sem observar a presença dos outros veículos;2;Queda de ocupante de veículo;Com Vítimas Feridas;Pleno dia;Crescente;Céu Claro;Dupla;Reta;Sim  ;"1049798   ";Automóvel;I/FIAT CRONOS DRIVE 1.3;"2021      ";Condutor;Ileso;"46   ";Feminino;"1 ";"0    ";"0    ";"0    ";-16.2760141;-47.8662157;SPRF-DF;DEL01-DF;UOP01-DEL01-DF 
588544;"1311725   ";2024-03-20;quarta-feira;12:10:00;GO;"40   ";"29   ";LUZIANIA;Não;Velocidade Incompatível;1;Colisão transversal;Com Vítimas Feridas;Pleno dia;Crescente;Céu Claro;Dupla;Reta;Sim  ;"1049795   ";Motocicleta;HONDA/CG 160 START;"2022      ";Condutor;Lesões Graves;"46   ";Masculino;"0 ";"0    ";"1    ";"0    ";-16.2760141;-47.8662157;SPRF-DF;DEL01-DF;UOP01-DEL01-DF 
588544;"1310591   ";2024-03-20;quarta-feira;12:10:00;GO;"40   ";"29   ";LUZIANIA;Não;Velocidade Incompatível;1;Colisão transversal;Com Vítimas Feridas;Pleno dia;Crescente;Céu Claro;Dupla;Reta;Sim  ;"1049798   ";Automóvel;I/FIAT CRONOS DRIVE 1.3;"2021      ";Condutor;Ileso;"46   ";Feminino;"1 ";"0    ";"0    ";"0    ";-16.2760141;-47.8662157;SPRF-DF;DEL01-DF;UOP01-DEL01-DF 
588544;"1311725   ";2024-03-20;quarta-feira;12:10:00;GO;"40   ";"29   ";LUZIANIA;Sim;Acessar a via sem observar a presença dos outros veículos;1;Colisão transversal;Com Vítimas Feridas;Pleno dia;Crescente;Céu Claro;Dupla;Reta;Sim  ;"1049795   ";Motocicleta;HONDA/CG 160 START;"2022      ";Condutor;Lesões Graves;"46   ";Masculino;"0 ";"0    ";"1    ";"0    ";-16.2760141;-47.8662157;SPRF-DF;DEL01-DF;UOP01-DEL01-DF 
588544;"1310591   ";2024-03-20;quarta-feira;12:10:00;GO;"40   ";"29   ";LUZIANIA;Sim;Acessar a via sem observar a presença dos outros veículos;1;Colisão transversal;Com Vítimas Feridas;Pleno dia;Crescente;Céu Claro;Dupla;Reta;Sim  ;"1049798   ";Automóvel;I/FIAT CRONOS DRIVE 1.3;"2021      ";Condutor;Ileso;"46   ";Feminino;"1 ";"0    ";"0    ";"0    ";-16.2760141;-47.8662157;SPRF-DF;DEL01-DF;UOP01-DEL01-DF 
588633;"1310715   ";2024-03-20;quarta-feira;18:40:00;GO;"40   ";"27   ";LUZIANIA;Sim;Transitar na contramão;1;Colisão lateral sentido oposto;Sem Vítimas;Anoitecer;Crescente;Céu Claro;Dupla;Reta;Não  ;"1049911   ";Automóvel;FIAT/UNO MILLE WAY ECON;"2011      ";Condutor;Ileso;"35   ";Masculino;"1 ";"0    ";"0    ";"0    ";-16.2661850;-47.8882410;SPRF-DF;DEL01-DF;UOP01-DEL01-DF 
588633;"1310714   ";2024-03-20;quarta-feira;18:40:00;GO;"40   ";"27   ";LUZIANIA;Sim;Transitar na contramão;1;Colisão lateral sentido oposto;Sem Vítimas;Anoitecer;Crescente;Céu Claro;Dupla;Reta;Não  ;"1049910   ";Ciclomotor;FLASH/MV TEEN 50;"2011      ";Condutor;Ileso;"60   ";Masculino;"1 ";"0    ";"0    ";"0    ";-16.2661850;-47.8882410;SPRF-DF;DEL01-DF;UOP01-DEL01-DF 
588663;"1310757   ";2024-03-20;quarta-feira;19:05:00;GO;"40   ";"20,8 ";LUZIANIA;Não;Velocidade Incompatível;1;Atropelamento de Pedestre;Com Vítimas Fatais;Plena Noite;Decrescente;Céu Claro;Dupla;Reta;Sim  ;"0         ";"0";NA/NA;"0         ";Pedestre;Óbito;"65   ";Masculino;"0 ";"0    ";"0    ";"1    ";-16.2184900;-47.9154780;SPRF-DF;DEL01-DF;UOP01-DEL01-DF 
588638;"1311019   ";2024-03-20;quarta-feira;19:32:00;GO;"40   ";"4    ";VALPARAISO DE GOIAS;Sim;Condutor deixou de manter distância do veículo da frente;2;Queda de ocupante de veículo;Com Vítimas Feridas;Plena Noite;Crescente;Céu Claro;Dupla;Reta;Sim  ;"1050155   ";Motocicleta;HONDA/CG 160 FAN;"2023      ";Condutor;Lesões Graves;"33   ";Masculino;"0 ";"0    ";"1    ";"0    ";-16.0852410;-47.9867520;SPRF-DF;DEL01-DF;UOP01-DEL01-DF 
588638;"1313319   ";2024-03-20;quarta-feira;19:32:00;GO;"40   ";"4    ";VALPARAISO DE GOIAS;Sim;Condutor deixou de manter distância do veículo da frente;2;Queda de ocupante de veículo;Com Vítimas Feridas;Plena Noite;Crescente;Céu Claro;Dupla;Reta;Sim  ;"1051978   ";Caminhonete;NISSAN/FRONTIER XE 4X2;"2012      ";Condutor;Ileso;"36   ";Masculino;"1 ";"0    ";"0    ";"0    ";-16.0852410;-47.9867520;SPRF-DF;DEL01-DF;UOP01-DEL01-DF 
588638;"1313321   ";2024-03-20;quarta-feira;19:32:00;GO;"40   ";"4    ";VALPARAISO DE GOIAS;Sim;Condutor deixou de manter distância do veículo da frente;2;Queda de ocupante de veículo;Com Vítimas Feridas;Plena Noite;Crescente;Céu Claro;Dupla;Reta;Sim  ;"1051981   ";Motocicleta;Não Informado/Não Informado;"0         ";Condutor;Não Informado;"0    ";Não Informado;"0 ";"0    ";"0    ";"0    ";-16.0852410;-47.9867520;SPRF-DF;DEL01-DF;UOP01-DEL01-DF 
588638;"1311019   ";2024-03-20;quarta-feira;19:32:00;GO;"40   ";"4    ";VALPARAISO DE GOIAS;Sim;Condutor deixou de manter distância do veículo da frente;1;Colisão traseira;Com Vítimas Feridas;Plena Noite;Crescente;Céu Claro;Dupla;Reta;Sim  ;"1050155   ";Motocicleta;HONDA/CG 160 FAN;"2023      ";Condutor;Lesões Graves;"33   ";Masculino;"0 ";"0    ";"1    ";"0    ";-16.0852410;-47.9867520;SPRF-DF;DEL01-DF;UOP01-DEL01-DF 
588638;"1313319   ";2024-03-20;quarta-feira;19:32:00;GO;"40   ";"4    ";VALPARAISO DE GOIAS;Sim;Condutor deixou de manter distância do veículo da frente;1;Colisão traseira;Com Vítimas Feridas;Plena Noite;Crescente;Céu Claro;Dupla;Reta;Sim  ;"1051978   ";Caminhonete;NISSAN/FRONTIER XE 4X2;"2012      ";Condutor;Ileso;"36   ";Masculino;"1 ";"0    ";"0    ";"0    ";-16.0852410;-47.9867520;SPRF-DF;DEL01-DF;UOP01-DEL01-DF 
588638;"1313321   ";2024-03-20;quarta-feira;19:32:00;GO;"40   ";"4    ";VALPARAISO DE GOIAS;Sim;Condutor deixou de manter distância do veículo da frente;1;Colisão traseira;Com Vítimas Feridas;Plena Noite;Crescente;Céu Claro;Dupla;Reta;Sim  ;"1051981   ";Motocicleta;Não Informado/Não Informado;"0         ";Condutor;Não Informado;"0    ";Não Informado;"0 ";"0    ";"0    ";"0    ";-16.0852410;-47.9867520;SPRF-DF;DEL01-DF;UOP01-DEL01-DF 
588663;"1310756   ";2024-03-20;quarta-feira;19:05:00;GO;"40   ";"20,8 ";LUZIANIA;Não;Entrada inopinada do pedestre;2;Saída de leito carroçável;Com Vítimas Fatais;Plena Noite;Decrescente;Céu Claro;Dupla;Reta;Sim  ;"1049943   ";Caminhonete;FIAT/STRADA HD WK CC E;"2017      ";Condutor;Ileso;"28   ";Masculino;"1 ";"0    ";"0    ";"0    ";-16.2184900;-47.9154780;SPRF-DF;DEL01-DF;UOP01-DEL01-DF 
588663;"1310757   ";2024-03-20;quarta-feira;19:05:00;GO;"40   ";"20,8 ";LUZIANIA;Não;Entrada inopinada do pedestre;2;Saída de leito carroçável;Com Vítimas Fatais;Plena Noite;Decrescente;Céu Claro;Dupla;Reta;Sim  ;"0         ";"0";NA/NA;"0         ";Pedestre;Óbito;"65   ";Masculino;"0 ";"0    ";"0    ";"1    ";-16.2184900;-47.9154780;SPRF-DF;DEL01-DF;UOP01-DEL01-DF 
588663;"1310756   ";2024-03-20;quarta-feira;19:05:00;GO;"40   ";"20,8 ";LUZIANIA;Não;Área urbana sem a presença de local apropriado para a travessia de pedestres;2;Saída de leito carroçável;Com Vítimas Fatais;Plena Noite;Decrescente;Céu Claro;Dupla;Reta;Sim  ;"1049943   ";Caminhonete;FIAT/STRADA HD WK CC E;"2017      ";Condutor;Ileso;"28   ";Masculino;"1 ";"0    ";"0    ";"0    ";-16.2184900;-47.9154780;SPRF-DF;DEL01-DF;UOP01-DEL01-DF 
588663;"1310757   ";2024-03-20;quarta-feira;19:05:00;GO;"40   ";"20,8 ";LUZIANIA;Não;Área urbana sem a presença de local apropriado para a travessia de pedestres;2;Saída de leito carroçável;Com Vítimas Fatais;Plena Noite;Decrescente;Céu Claro;Dupla;Reta;Sim  ;"0         ";"0";NA/NA;"0         ";Pedestre;Óbito;"65   ";Masculino;"0 ";"0    ";"0    ";"1    ";-16.2184900;-47.9154780;SPRF-DF;DEL01-DF;UOP01-DEL01-DF 
588663;"1310756   ";2024-03-20;quarta-feira;19:05:00;GO;"40   ";"20,8 ";LUZIANIA;Não;Velocidade Incompatível;2;Saída de leito carroçável;Com Vítimas Fatais;Plena Noite;Decrescente;Céu Claro;Dupla;Reta;Sim  ;"1049943   ";Caminhonete;FIAT/STRADA HD WK CC E;"2017      ";Condutor;Ileso;"28   ";Masculino;"1 ";"0    ";"0    ";"0    ";-16.2184900;-47.9154780;SPRF-DF;DEL01-DF;UOP01-DEL01-DF 
588663;"1310757   ";2024-03-20;quarta-feira;19:05:00;GO;"40   ";"20,8 ";LUZIANIA;Não;Velocidade Incompatível;2;Saída de leito carroçável;Com Vítimas Fatais;Plena Noite;Decrescente;Céu Claro;Dupla;Reta;Sim  ;"0         ";"0";NA/NA;"0         ";Pedestre;Óbito;"65   ";Masculino;"0 ";"0    ";"0    ";"1    ";-16.2184900;-47.9154780;SPRF-DF;DEL01-DF;UOP01-DEL01-DF 
588663;"1310756   ";2024-03-20;quarta-feira;19:05:00;GO;"40   ";"20,8 ";LUZIANIA;Sim;Pedestre cruzava a pista fora da faixa;2;Saída de leito carroçável;Com Vítimas Fatais;Plena Noite;Decrescente;Céu Claro;Dupla;Reta;Sim  ;"1049943   ";Caminhonete;FIAT/STRADA HD WK CC E;"2017      ";Condutor;Ileso;"28   ";Masculino;"1 ";"0    ";"0    ";"0    ";-16.2184900;-47.9154780;SPRF-DF;DEL01-DF;UOP01-DEL01-DF 
588663;"1310757   ";2024-03-20;quarta-feira;19:05:00;GO;"40   ";"20,8 ";LUZIANIA;Sim;Pedestre cruzava a pista fora da faixa;2;Saída de leito carroçável;Com Vítimas Fatais;Plena Noite;Decrescente;Céu Claro;Dupla;Reta;Sim  ;"0         ";"0";NA/NA;"0         ";Pedestre;Óbito;"65   ";Masculino;"0 ";"0    ";"0    ";"1    ";-16.2184900;-47.9154780;SPRF-DF;DEL01-DF;UOP01-DEL01-DF 
588663;"1310756   ";2024-03-20;quarta-feira;19:05:00;GO;"40   ";"20,8 ";LUZIANIA;Não;Entrada inopinada do pedestre;1;Atropelamento de Pedestre;Com Vítimas Fatais;Plena Noite;Decrescente;Céu Claro;Dupla;Reta;Sim  ;"1049943   ";Caminhonete;FIAT/STRADA HD WK CC E;"2017      ";Condutor;Ileso;"28   ";Masculino;"1 ";"0    ";"0    ";"0    ";-16.2184900;-47.9154780;SPRF-DF;DEL01-DF;UOP01-DEL01-DF 
588663;"1310757   ";2024-03-20;quarta-feira;19:05:00;GO;"40   ";"20,8 ";LUZIANIA;Não;Entrada inopinada do pedestre;1;Atropelamento de Pedestre;Com Vítimas Fatais;Plena Noite;Decrescente;Céu Claro;Dupla;Reta;Sim  ;"0         ";"0";NA/NA;"0         ";Pedestre;Óbito;"65   ";Masculino;"0 ";"0    ";"0    ";"1    ";-16.2184900;-47.9154780;SPRF-DF;DEL01-DF;UOP01-DEL01-DF 
588663;"1310756   ";2024-03-20;quarta-feira;19:05:00;GO;"40   ";"20,8 ";LUZIANIA;Não;Área urbana sem a presença de local apropriado para a travessia de pedestres;1;Atropelamento de Pedestre;Com Vítimas Fatais;Plena Noite;Decrescente;Céu Claro;Dupla;Reta;Sim  ;"1049943   ";Caminhonete;FIAT/STRADA HD WK CC E;"2017      ";Condutor;Ileso;"28   ";Masculino;"1 ";"0    ";"0    ";"0    ";-16.2184900;-47.9154780;SPRF-DF;DEL01-DF;UOP01-DEL01-DF 
588663;"1310757   ";2024-03-20;quarta-feira;19:05:00;GO;"40   ";"20,8 ";LUZIANIA;Não;Área urbana sem a presença de local apropriado para a travessia de pedestres;1;Atropelamento de Pedestre;Com Vítimas Fatais;Plena Noite;Decrescente;Céu Claro;Dupla;Reta;Sim  ;"0         ";"0";NA/NA;"0         ";Pedestre;Óbito;"65   ";Masculino;"0 ";"0    ";"0    ";"1    ";-16.2184900;-47.9154780;SPRF-DF;DEL01-DF;UOP01-DEL01-DF 
588663;"1310756   ";2024-03-20;quarta-feira;19:05:00;GO;"40   ";"20,8 ";LUZIANIA;Não;Velocidade Incompatível;1;Atropelamento de Pedestre;Com Vítimas Fatais;Plena Noite;Decrescente;Céu Claro;Dupla;Reta;Sim  ;"1049943   ";Caminhonete;FIAT/STRADA HD WK CC E;"2017      ";Condutor;Ileso;"28   ";Masculino;"1 ";"0    ";"0    ";"0    ";-16.2184900;-47.9154780;SPRF-DF;DEL01-DF;UOP01-DEL01-DF 
588663;"1310756   ";2024-03-20;quarta-feira;19:05:00;GO;"40   ";"20,8 ";LUZIANIA;Sim;Pedestre cruzava a pista fora da faixa;1;Atropelamento de Pedestre;Com Vítimas Fatais;Plena Noite;Decrescente;Céu Claro;Dupla;Reta;Sim  ;"1049943   ";Caminhonete;FIAT/STRADA HD WK CC E;"2017      ";Condutor;Ileso;"28   ";Masculino;"1 ";"0    ";"0    ";"0    ";-16.2184900;-47.9154780;SPRF-DF;DEL01-DF;UOP01-DEL01-DF 
588663;"1310757   ";2024-03-20;quarta-feira;19:05:00;GO;"40   ";"20,8 ";LUZIANIA;Sim;Pedestre cruzava a pista fora da faixa;1;Atropelamento de Pedestre;Com Vítimas Fatais;Plena Noite;Decrescente;Céu Claro;Dupla;Reta;Sim  ;"0         ";"0";NA/NA;"0         ";Pedestre;Óbito;"65   ";Masculino;"0 ";"0    ";"0    ";"1    ";-16.2184900;-47.9154780;SPRF-DF;DEL01-DF;UOP01-DEL01-DF 
588723;"1310815   ";2024-03-21;quinta-feira;05:40:00;GO;"40   ";"7,9  ";VALPARAISO DE GOIAS;Sim;Entrada inopinada do pedestre;1;Atropelamento de Pedestre;Com Vítimas Feridas;Plena Noite;Decrescente;Céu Claro;Dupla;Reta;Sim  ;"1049993   ";Ônibus;VW/MPOLO TORINO U;"2009      ";Condutor;Ileso;"57   ";Masculino;"1 ";"0    ";"0    ";"0    ";-16.1080297;-47.9723704;SPRF-DF;DEL01-DF;UOP01-DEL01-DF 
588723;"1310817   ";2024-03-21;quinta-feira;05:40:00;GO;"40   ";"7,9  ";VALPARAISO DE GOIAS;Sim;Entrada inopinada do pedestre;1;Atropelamento de Pedestre;Com Vítimas Feridas;Plena Noite;Decrescente;Céu Claro;Dupla;Reta;Sim  ;"0         ";"0";NA/NA;"0         ";Pedestre;Lesões Leves;"42   ";Feminino;"0 ";"1    ";"0    ";"0    ";-16.1080297;-47.9723704;SPRF-DF;DEL01-DF;UOP01-DEL01-DF 
588759;"1310907   ";2024-03-21;quinta-feira;07:50:00;GO;"414  ";"372  ";COCALZINHO DE GOIAS;Não;Reação tardia ou ineficiente do condutor;2;Colisão com objeto;Sem Vítimas;Pleno dia;Crescente;Sol;Dupla;Reta;Não  ;"1050066   ";Automóvel;FIAT/UNO MILLE WAY ECON;"2013      ";Condutor;Ileso;"72   ";Masculino;"1 ";"0    ";"0    ";"0    ";-15.7867166;-48.7703327;SPRF-GO;DEL02-GO;UOP01-DEL02-GO 
588759;"1310907   ";2024-03-21;quinta-feira;07:50:00;GO;"414  ";"372  ";COCALZINHO DE GOIAS;Sim;Pedestre andava na pista;2;Colisão com objeto;Sem Vítimas;Pleno dia;Crescente;Sol;Dupla;Reta;Não  ;"1050066   ";Automóvel;FIAT/UNO MILLE WAY ECON;"2013      ";Condutor;Ileso;"72   ";Masculino;"1 ";"0    ";"0    ";"0    ";-15.7867166;-48.7703327;SPRF-GO;DEL02-GO;UOP01-DEL02-GO 
588759;"1310907   ";2024-03-21;quinta-feira;07:50:00;GO;"414  ";"372  ";COCALZINHO DE GOIAS;Não;Reação tardia ou ineficiente do condutor;1;Saída de leito carroçável;Sem Vítimas;Pleno dia;Crescente;Sol;Dupla;Reta;Não  ;"1050066   ";Automóvel;FIAT/UNO MILLE WAY ECON;"2013      ";Condutor;Ileso;"72   ";Masculino;"1 ";"0    ";"0    ";"0    ";-15.7867166;-48.7703327;SPRF-GO;DEL02-GO;UOP01-DEL02-GO 
588759;"1310907   ";2024-03-21;quinta-feira;07:50:00;GO;"414  ";"372  ";COCALZINHO DE GOIAS;Sim;Pedestre andava na pista;1;Saída de leito carroçável;Sem Vítimas;Pleno dia;Crescente;Sol;Dupla;Reta;Não  ;"1050066   ";Automóvel;FIAT/UNO MILLE WAY ECON;"2013      ";Condutor;Ileso;"72   ";Masculino;"1 ";"0    ";"0    ";"0    ";-15.7867166;-48.7703327;SPRF-GO;DEL02-GO;UOP01-DEL02-GO 
588766;"1310895   ";2024-03-21;quinta-feira;07:50:00;GO;"60   ";"3    ";SANTO ANTONIO DO DESCOBERTO;Sim;Velocidade Incompatível;3;Tombamento;Com Vítimas Feridas;Pleno dia;Decrescente;Nublado;Dupla;"Curva;Aclive";Não  ;"1050054   ";Automóvel;I/CHEV CRUZE LTZ NB AT;"2018      ";Condutor;Lesões Leves;"44   ";Masculino;"0 ";"1    ";"0    ";"0    ";-16.0669659;-48.2638264;SPRF-DF;DEL03-DF;UOP01-DEL03-DF 
588766;"1310895   ";2024-03-21;quinta-feira;07:50:00;GO;"60   ";"3    ";SANTO ANTONIO DO DESCOBERTO;Sim;Velocidade Incompatível;2;Colisão com objeto;Com Vítimas Feridas;Pleno dia;Decrescente;Nublado;Dupla;"Curva;Aclive";Não  ;"1050054   ";Automóvel;I/CHEV CRUZE LTZ NB AT;"2018      ";Condutor;Lesões Leves;"44   ";Masculino;"0 ";"1    ";"0    ";"0    ";-16.0669659;-48.2638264;SPRF-DF;DEL03-DF;UOP01-DEL03-DF 
588766;"1310895   ";2024-03-21;quinta-feira;07:50:00;GO;"60   ";"3    ";SANTO ANTONIO DO DESCOBERTO;Sim;Velocidade Incompatível;1;Saída de leito carroçável;Com Vítimas Feridas;Pleno dia;Decrescente;Nublado;Dupla;"Curva;Aclive";Não  ;"1050054   ";Automóvel;I/CHEV CRUZE LTZ NB AT;"2018      ";Condutor;Lesões Leves;"44   ";Masculino;"0 ";"1    ";"0    ";"0    ";-16.0669659;-48.2638264;SPRF-DF;DEL03-DF;UOP01-DEL03-DF 
588920;"1311270   ";2024-03-22;sexta-feira;05:50:00;DF;"60   ";"12   ";BRASILIA;Não;Reação tardia ou ineficiente do condutor;3;Queda de ocupante de veículo;Com Vítimas Feridas;Amanhecer;Crescente;Nublado;Dupla;Reta;Sim  ;"1050333   ";Motocicleta;HONDA/CG 160 TITAN;"2022      ";Condutor;Ileso;"25   ";Masculino;"1 ";"0    ";"0    ";"0    ";-15.9162670;-48.1642680;SPRF-DF;DEL03-DF;UOP01-DEL03-DF 
588920;"1311271   ";2024-03-22;sexta-feira;05:50:00;DF;"60   ";"12   ";BRASILIA;Não;Reação tardia ou ineficiente do condutor;3;Queda de ocupante de veículo;Com Vítimas Feridas;Amanhecer;Crescente;Nublado;Dupla;Reta;Sim  ;"0         ";"0";NA/NA;"0         ";Testemunha;Não Informado;"0    ";Não Informado;"0 ";"0    ";"0    ";"0    ";-15.9162670;-48.1642680;SPRF-DF;DEL03-DF;UOP01-DEL03-DF 
588920;"1311821   ";2024-03-22;sexta-feira;05:50:00;DF;"60   ";"12   ";BRASILIA;Não;Reação tardia ou ineficiente do condutor;3;Queda de ocupante de veículo;Com Vítimas Feridas;Amanhecer;Crescente;Nublado;Dupla;Reta;Sim  ;"0         ";"0";NA/NA;"0         ";Pedestre;Lesões Leves;"39   ";Feminino;"0 ";"1    ";"0    ";"0    ";-15.9162670;-48.1642680;SPRF-DF;DEL03-DF;UOP01-DEL03-DF 
588920;"1311270   ";2024-03-22;sexta-feira;05:50:00;DF;"60   ";"12   ";BRASILIA;Não;Pedestre cruzava a pista fora da faixa;3;Queda de ocupante de veículo;Com Vítimas Feridas;Amanhecer;Crescente;Nublado;Dupla;Reta;Sim  ;"1050333   ";Motocicleta;HONDA/CG 160 TITAN;"2022      ";Condutor;Ileso;"25   ";Masculino;"1 ";"0    ";"0    ";"0    ";-15.9162670;-48.1642680;SPRF-DF;DEL03-DF;UOP01-DEL03-DF 
588920;"1311271   ";2024-03-22;sexta-feira;05:50:00;DF;"60   ";"12   ";BRASILIA;Não;Pedestre cruzava a pista fora da faixa;3;Queda de ocupante de veículo;Com Vítimas Feridas;Amanhecer;Crescente;Nublado;Dupla;Reta;Sim  ;"0         ";"0";NA/NA;"0         ";Testemunha;Não Informado;"0    ";Não Informado;"0 ";"0    ";"0    ";"0    ";-15.9162670;-48.1642680;SPRF-DF;DEL03-DF;UOP01-DEL03-DF 
588920;"1311821   ";2024-03-22;sexta-feira;05:50:00;DF;"60   ";"12   ";BRASILIA;Não;Pedestre cruzava a pista fora da faixa;3;Queda de ocupante de veículo;Com Vítimas Feridas;Amanhecer;Crescente;Nublado;Dupla;Reta;Sim  ;"0         ";"0";NA/NA;"0         ";Pedestre;Lesões Leves;"39   ";Feminino;"0 ";"1    ";"0    ";"0    ";-15.9162670;-48.1642680;SPRF-DF;DEL03-DF;UOP01-DEL03-DF 
588920;"1311270   ";2024-03-22;sexta-feira;05:50:00;DF;"60   ";"12   ";BRASILIA;Não;Pedestre andava na pista;3;Queda de ocupante de veículo;Com Vítimas Feridas;Amanhecer;Crescente;Nublado;Dupla;Reta;Sim  ;"1050333   ";Motocicleta;HONDA/CG 160 TITAN;"2022      ";Condutor;Ileso;"25   ";Masculino;"1 ";"0    ";"0    ";"0    ";-15.9162670;-48.1642680;SPRF-DF;DEL03-DF;UOP01-DEL03-DF 
588920;"1311271   ";2024-03-22;sexta-feira;05:50:00;DF;"60   ";"12   ";BRASILIA;Não;Pedestre andava na pista;3;Queda de ocupante de veículo;Com Vítimas Feridas;Amanhecer;Crescente;Nublado;Dupla;Reta;Sim  ;"0         ";"0";NA/NA;"0         ";Testemunha;Não Informado;"0    ";Não Informado;"0 ";"0    ";"0    ";"0    ";-15.9162670;-48.1642680;SPRF-DF;DEL03-DF;UOP01-DEL03-DF 
588920;"1311821   ";2024-03-22;sexta-feira;05:50:00;DF;"60   ";"12   ";BRASILIA;Não;Pedestre andava na pista;3;Queda de ocupante de veículo;Com Vítimas Feridas;Amanhecer;Crescente;Nublado;Dupla;Reta;Sim  ;"0         ";"0";NA/NA;"0         ";Pedestre;Lesões Leves;"39   ";Feminino;"0 ";"1    ";"0    ";"0    ";-15.9162670;-48.1642680;SPRF-DF;DEL03-DF;UOP01-DEL03-DF 
588920;"1311270   ";2024-03-22;sexta-feira;05:50:00;DF;"60   ";"12   ";BRASILIA;Não;Manobra de mudança de faixa;3;Queda de ocupante de veículo;Com Vítimas Feridas;Amanhecer;Crescente;Nublado;Dupla;Reta;Sim  ;"1050333   ";Motocicleta;HONDA/CG 160 TITAN;"2022      ";Condutor;Ileso;"25   ";Masculino;"1 ";"0    ";"0    ";"0    ";-15.9162670;-48.1642680;SPRF-DF;DEL03-DF;UOP01-DEL03-DF 
588920;"1311271   ";2024-03-22;sexta-feira;05:50:00;DF;"60   ";"12   ";BRASILIA;Não;Manobra de mudança de faixa;3;Queda de ocupante de veículo;Com Vítimas Feridas;Amanhecer;Crescente;Nublado;Dupla;Reta;Sim  ;"0         ";"0";NA/NA;"0         ";Testemunha;Não Informado;"0    ";Não Informado;"0 ";"0    ";"0    ";"0    ";-15.9162670;-48.1642680;SPRF-DF;DEL03-DF;UOP01-DEL03-DF 