id;pesid;data_inversa;dia_semana;horario;uf;br;km;municipio;causa_principal;causa_acidente;ordem_tipo_acidente;tipo_acidente;classificacao_acidente;fase_dia;sentido_via;condicao_metereologica;tipo_pista;tracado_via;uso_solo;id_veiculo;tipo_veiculo;marca;ano_fabricacao_veiculo;tipo_envolvido;estado_fisico;idade;sexo;ilesos;feridos_leves;feridos_graves;mortos;latitude;longitude;regional;delegacia;uop
588920;"1311821   ";2024-03-22;sexta-feira;05:50:00;DF;"60   ";"12   ";BRASILIA;Não;Manobra de mudança de faixa;3;Queda de ocupante de veículo;Com Vítimas Feridas;Amanhecer;Crescente;Nublado;Dupla;Reta;Sim  ;"0         ";"0";NA/NA;"0         ";Pedestre;Lesões Leves;"39   ";Feminino;"0 ";"1    ";"0    ";"0    ";-15.9162670;-48.1642680;SPRF-DF;DEL03-DF;UOP01-DEL03-DF 
588920;"1311270   ";2024-03-22;sexta-feira;05:50:00;DF;"60   ";"12   ";BRASILIA;Não;Ausência de reação do condutor;3;Queda de ocupante de veículo;Com Vítimas Feridas;Amanhecer;Crescente;Nublado;Dupla;Reta;Sim  ;"1050333   ";Motocicleta;HONDA/CG 160 TITAN;"2022      ";Condutor;Ileso;"25   ";Masculino;"1 ";"0    ";"0    ";"0    ";-15.9162670;-48.1642680;SPRF-DF;DEL03-DF;UOP01-DEL03-DF 
588920;"1311271   ";2024-03-22;sexta-feira;05:50:00;DF;"60   ";"12   ";BRASILIA;Não;Ausência de reação do condutor;3;Queda de ocupante de veículo;Com Vítimas Feridas;Amanhecer;Crescente;Nublado;Dupla;Reta;Sim  ;"0         ";"0";NA/NA;"0         ";Testemunha;Não Informado;"0    ";Não Informado;"0 ";"0    ";"0    ";"0    ";-15.9162670;-48.1642680;SPRF-DF;DEL03-DF;UOP01-DEL03-DF 
588920;"1311821   ";2024-03-22;sexta-feira;05:50:00;DF;"60   ";"12   ";BRASILIA;Não;Ausência de reação do condutor;3;Queda de ocupante de veículo;Com Vítimas Feridas;Amanhecer;Crescente;Nublado;Dupla;Reta;Sim  ;"0         ";"0";NA/NA;"0         ";Pedestre;Lesões Leves;"39   ";Feminino;"0 ";"1    ";"0    ";"0    ";-15.9162670;-48.1642680;SPRF-DF;DEL03-DF;UOP01-DEL03-DF 
588920;"1311270   ";2024-03-22;sexta-feira;05:50:00;DF;"60   ";"12   ";BRASILIA;Sim;Entrada inopinada do pedestre;3;Queda de ocupante de veículo;Com Vítimas Feridas;Amanhecer;Crescente;Nublado;Dupla;Reta;Sim  ;"1050333   ";Motocicleta;HONDA/CG 160 TITAN;"2022      ";Condutor;Ileso;"25   ";Masculino;"1 ";"0    ";"0    ";"0    ";-15.9162670;-48.1642680;SPRF-DF;DEL03-DF;UOP01-DEL03-DF 
588920;"1311271   ";2024-03-22;sexta-feira;05:50:00;DF;"60   ";"12   ";BRASILIA;Sim;Entrada inopinada do pedestre;3;Queda de ocupante de veículo;Com Vítimas Feridas;Amanhecer;Crescente;Nublado;Dupla;Reta;Sim  ;"0         ";"0";NA/NA;"0         ";Testemunha;Não Informado;"0    ";Não Informado;"0 ";"0    ";"0    ";"0    ";-15.9162670;-48.1642680;SPRF-DF;DEL03-DF;UOP01-DEL03-DF 
588920;"1311821   ";2024-03-22;sexta-feira;05:50:00;DF;"60   ";"12   ";BRASILIA;Sim;Entrada inopinada do pedestre;3;Queda de ocupante de veículo;Com Vítimas Feridas;Amanhecer;Crescente;Nublado;Dupla;Reta;Sim  ;"0         ";"0";NA/NA;"0         ";Pedestre;Lesões Leves;"39   ";Feminino;"0 ";"1    ";"0    ";"0    ";-15.9162670;-48.1642680;SPRF-DF;DEL03-DF;UOP01-DEL03-DF 
588920;"1311270   ";2024-03-22;sexta-feira;05:50:00;DF;"60   ";"12   ";BRASILIA;Não;Reação tardia ou ineficiente do condutor;2;Tombamento;Com Vítimas Feridas;Amanhecer;Crescente;Nublado;Dupla;Reta;Sim  ;"1050333   ";Motocicleta;HONDA/CG 160 TITAN;"2022      ";Condutor;Ileso;"25   ";Masculino;"1 ";"0    ";"0    ";"0    ";-15.9162670;-48.1642680;SPRF-DF;DEL03-DF;UOP01-DEL03-DF 
588920;"1311271   ";2024-03-22;sexta-feira;05:50:00;DF;"60   ";"12   ";BRASILIA;Não;Reação tardia ou ineficiente do condutor;2;Tombamento;Com Vítimas Feridas;Amanhecer;Crescente;Nublado;Dupla;Reta;Sim  ;"0         ";"0";NA/NA;"0         ";Testemunha;Não Informado;"0    ";Não Informado;"0 ";"0    ";"0    ";"0    ";-15.9162670;-48.1642680;SPRF-DF;DEL03-DF;UOP01-DEL03-DF 
588920;"1311821   ";2024-03-22;sexta-feira;05:50:00;DF;"60   ";"12   ";BRASILIA;Não;Reação tardia ou ineficiente do condutor;2;Tombamento;Com Vítimas Feridas;Amanhecer;Crescente;Nublado;Dupla;Reta;Sim  ;"0         ";"0";NA/NA;"0         ";Pedestre;Lesões Leves;"39   ";Feminino;"0 ";"1    ";"0    ";"0    ";-15.9162670;-48.1642680;SPRF-DF;DEL03-DF;UOP01-DEL03-DF 
588920;"1311270   ";2024-03-22;sexta-feira;05:50:00;DF;"60   ";"12   ";BRASILIA;Não;Pedestre cruzava a pista fora da faixa;2;Tombamento;Com Vítimas Feridas;Amanhecer;Crescente;Nublado;Dupla;Reta;Sim  ;"1050333   ";Motocicleta;HONDA/CG 160 TITAN;"2022      ";Condutor;Ileso;"25   ";Masculino;"1 ";"0    ";"0    ";"0    ";-15.9162670;-48.1642680;SPRF-DF;DEL03-DF;UOP01-DEL03-DF 
588920;"1311271   ";2024-03-22;sexta-feira;05:50:00;DF;"60   ";"12   ";BRASILIA;Não;Pedestre cruzava a pista fora da faixa;2;Tombamento;Com Vítimas Feridas;Amanhecer;Crescente;Nublado;Dupla;Reta;Sim  ;"0         ";"0";NA/NA;"0         ";Testemunha;Não Informado;"0    ";Não Informado;"0 ";"0    ";"0    ";"0    ";-15.9162670;-48.1642680;SPRF-DF;DEL03-DF;UOP01-DEL03-DF 
588920;"1311821   ";2024-03-22;sexta-feira;05:50:00;DF;"60   ";"12   ";BRASILIA;Não;Pedestre cruzava a pista fora da faixa;2;Tombamento;Com Vítimas Feridas;Amanhecer;Crescente;Nublado;Dupla;Reta;Sim  ;"0         ";"0";NA/NA;"0         ";Pedestre;Lesões Leves;"39   ";Feminino;"0 ";"1    ";"0    ";"0    ";-15.9162670;-48.1642680;SPRF-DF;DEL03-DF;UOP01-DEL03-DF 
588920;"1311270   ";2024-03-22;sexta-feira;05:50:00;DF;"60   ";"12   ";BRASILIA;Não;Pedestre andava na pista;2;Tombamento;Com Vítimas Feridas;Amanhecer;Crescente;Nublado;Dupla;Reta;Sim  ;"1050333   ";Motocicleta;HONDA/CG 160 TITAN;"2022      ";Condutor;Ileso;"25   ";Masculino;"1 ";"0    ";"0    ";"0    ";-15.9162670;-48.1642680;SPRF-DF;DEL03-DF;UOP01-DEL03-DF 
588920;"1311271   ";2024-03-22;sexta-feira;05:50:00;DF;"60   ";"12   ";BRASILIA;Não;Pedestre andava na pista;2;Tombamento;Com Vítimas Feridas;Amanhecer;Crescente;Nublado;Dupla;Reta;Sim  ;"0         ";"0";NA/NA;"0         ";Testemunha;Não Informado;"0    ";Não Informado;"0 ";"0    ";"0    ";"0    ";-15.9162670;-48.1642680;SPRF-DF;DEL03-DF;UOP01-DEL03-DF 
588920;"1311821   ";2024-03-22;sexta-feira;05:50:00;DF;"60   ";"12   ";BRASILIA;Não;Pedestre andava na pista;2;Tombamento;Com Vítimas Feridas;Amanhecer;Crescente;Nublado;Dupla;Reta;Sim  ;"0         ";"0";NA/NA;"0         ";Pedestre;Lesões Leves;"39   ";Feminino;"0 ";"1    ";"0    ";"0    ";-15.9162670;-48.1642680;SPRF-DF;DEL03-DF;UOP01-DEL03-DF 
588920;"1311270   ";2024-03-22;sexta-feira;05:50:00;DF;"60   ";"12   ";BRASILIA;Não;Manobra de mudança de faixa;2;Tombamento;Com Vítimas Feridas;Amanhecer;Crescente;Nublado;Dupla;Reta;Sim  ;"1050333   ";Motocicleta;HONDA/CG 160 TITAN;"2022      ";Condutor;Ileso;"25   ";Masculino;"1 ";"0    ";"0    ";"0    ";-15.9162670;-48.1642680;SPRF-DF;DEL03-DF;UOP01-DEL03-DF 
588920;"1311271   ";2024-03-22;sexta-feira;05:50:00;DF;"60   ";"12   ";BRASILIA;Não;Manobra de mudança de faixa;2;Tombamento;Com Vítimas Feridas;Amanhecer;Crescente;Nublado;Dupla;Reta;Sim  ;"0         ";"0";NA/NA;"0         ";Testemunha;Não Informado;"0    ";Não Informado;"0 ";"0    ";"0    ";"0    ";-15.9162670;-48.1642680;SPRF-DF;DEL03-DF;UOP01-DEL03-DF 
588920;"1311821   ";2024-03-22;sexta-feira;05:50:00;DF;"60   ";"12   ";BRASILIA;Não;Manobra de mudança de faixa;2;Tombamento;Com Vítimas Feridas;Amanhecer;Crescente;Nublado;Dupla;Reta;Sim  ;"0         ";"0";NA/NA;"0         ";Pedestre;Lesões Leves;"39   ";Feminino;"0 ";"1    ";"0    ";"0    ";-15.9162670;-48.1642680;SPRF-DF;DEL03-DF;UOP01-DEL03-DF 
588920;"1311270   ";2024-03-22;sexta-feira;05:50:00;DF;"60   ";"12   ";BRASILIA;Não;Ausência de reação do condutor;2;Tombamento;Com Vítimas Feridas;Amanhecer;Crescente;Nublado;Dupla;Reta;Sim  ;"1050333   ";Motocicleta;HONDA/CG 160 TITAN;"2022      ";Condutor;Ileso;"25   ";Masculino;"1 ";"0    ";"0    ";"0    ";-15.9162670;-48.1642680;SPRF-DF;DEL03-DF;UOP01-DEL03-DF 
588920;"1311271   ";2024-03-22;sexta-feira;05:50:00;DF;"60   ";"12   ";BRASILIA;Não;Ausência de reação do condutor;2;Tombamento;Com Vítimas Feridas;Amanhecer;Crescente;Nublado;Dupla;Reta;Sim  ;"0         ";"0";NA/NA;"0         ";Testemunha;Não Informado;"0    ";Não Informado;"0 ";"0    ";"0    ";"0    ";-15.9162670;-48.1642680;SPRF-DF;DEL03-DF;UOP01-DEL03-DF 
588920;"1311821   ";2024-03-22;sexta-feira;05:50:00;DF;"60   ";"12   ";BRASILIA;Não;Ausência de reação do condutor;2;Tombamento;Com Vítimas Feridas;Amanhecer;Crescente;Nublado;Dupla;Reta;Sim  ;"0         ";"0";NA/NA;"0         ";Pedestre;Lesões Leves;"39   ";Feminino;"0 ";"1    ";"0    ";"0    ";-15.9162670;-48.1642680;SPRF-DF;DEL03-DF;UOP01-DEL03-DF 
588920;"1311270   ";2024-03-22;sexta-feira;05:50:00;DF;"60   ";"12   ";BRASILIA;Sim;Entrada inopinada do pedestre;2;Tombamento;Com Vítimas Feridas;Amanhecer;Crescente;Nublado;Dupla;Reta;Sim  ;"1050333   ";Motocicleta;HONDA/CG 160 TITAN;"2022      ";Condutor;Ileso;"25   ";Masculino;"1 ";"0    ";"0    ";"0    ";-15.9162670;-48.1642680;SPRF-DF;DEL03-DF;UOP01-DEL03-DF 
588920;"1311271   ";2024-03-22;sexta-feira;05:50:00;DF;"60   ";"12   ";BRASILIA;Sim;Entrada inopinada do pedestre;2;Tombamento;Com Vítimas Feridas;Amanhecer;Crescente;Nublado;Dupla;Reta;Sim  ;"0         ";"0";NA/NA;"0         ";Testemunha;Não Informado;"0    ";Não Informado;"0 ";"0    ";"0    ";"0    ";-15.9162670;-48.1642680;SPRF-DF;DEL03-DF;UOP01-DEL03-DF 
588920;"1311821   ";2024-03-22;sexta-feira;05:50:00;DF;"60   ";"12   ";BRASILIA;Sim;Entrada inopinada do pedestre;2;Tombamento;Com Vítimas Feridas;Amanhecer;Crescente;Nublado;Dupla;Reta;Sim  ;"0         ";"0";NA/NA;"0         ";Pedestre;Lesões Leves;"39   ";Feminino;"0 ";"1    ";"0    ";"0    ";-15.9162670;-48.1642680;SPRF-DF;DEL03-DF;UOP01-DEL03-DF 
588920;"1311270   ";2024-03-22;sexta-feira;05:50:00;DF;"60   ";"12   ";BRASILIA;Não;Reação tardia ou ineficiente do condutor;1;Atropelamento de Pedestre;Com Vítimas Feridas;Amanhecer;Crescente;Nublado;Dupla;Reta;Sim  ;"1050333   ";Motocicleta;HONDA/CG 160 TITAN;"2022      ";Condutor;Ileso;"25   ";Masculino;"1 ";"0    ";"0    ";"0    ";-15.9162670;-48.1642680;SPRF-DF;DEL03-DF;UOP01-DEL03-DF 
588920;"1311271   ";2024-03-22;sexta-feira;05:50:00;DF;"60   ";"12   ";BRASILIA;Não;Reação tardia ou ineficiente do condutor;1;Atropelamento de Pedestre;Com Vítimas Feridas;Amanhecer;Crescente;Nublado;Dupla;Reta;Sim  ;"0         ";"0";NA/NA;"0         ";Testemunha;Não Informado;"0    ";Não Informado;"0 ";"0    ";"0    ";"0    ";-15.9162670;-48.1642680;SPRF-DF;DEL03-DF;UOP01-DEL03-DF 
588920;"1311821   ";2024-03-22;sexta-feira;05:50:00;DF;"60   ";"12   ";BRASILIA;Não;Reação tardia ou ineficiente do condutor;1;Atropelamento de Pedestre;Com Vítimas Feridas;Amanhecer;Crescente;Nublado;Dupla;Reta;Sim  ;"0         ";"0";NA/NA;"0         ";Pedestre;Lesões Leves;"39   ";Feminino;"0 ";"1    ";"0    ";"0    ";-15.9162670;-48.1642680;SPRF-DF;DEL03-DF;UOP01-DEL03-DF 
588920;"1311270   ";2024-03-22;sexta-feira;05:50:00;DF;"60   ";"12   ";BRASILIA;Não;Pedestre cruzava a pista fora da faixa;1;Atropelamento de Pedestre;Com Vítimas Feridas;Amanhecer;Crescente;Nublado;Dupla;Reta;Sim  ;"1050333   ";Motocicleta;HONDA/CG 160 TITAN;"2022      ";Condutor;Ileso;"25   ";Masculino;"1 ";"0    ";"0    ";"0    ";-15.9162670;-48.1642680;SPRF-DF;DEL03-DF;UOP01-DEL03-DF 
588920;"1311271   ";2024-03-22;sexta-feira;05:50:00;DF;"60   ";"12   ";BRASILIA;Não;Pedestre cruzava a pista fora da faixa;1;Atropelamento de Pedestre;Com Vítimas Feridas;Amanhecer;Crescente;Nublado;Dupla;Reta;Sim  ;"0         ";"0";NA/NA;"0         ";Testemunha;Não Informado;"0    ";Não Informado;"0 ";"0    ";"0    ";"0    ";-15.9162670;-48.1642680;SPRF-DF;DEL03-DF;UOP01-DEL03-DF 
588920;"1311821   ";2024-03-22;sexta-feira;05:50:00;DF;"60   ";"12   ";BRASILIA;Não;Pedestre cruzava a pista fora da faixa;1;Atropelamento de Pedestre;Com Vítimas Feridas;Amanhecer;Crescente;Nublado;Dupla;Reta;Sim  ;"0         ";"0";NA/NA;"0         ";Pedestre;Lesões Leves;"39   ";Feminino;"0 ";"1    ";"0    ";"0    ";-15.9162670;-48.1642680;SPRF-DF;DEL03-DF;UOP01-DEL03-DF 
588920;"1311270   ";2024-03-22;sexta-feira;05:50:00;DF;"60   ";"12   ";BRASILIA;Não;Pedestre andava na pista;1;Atropelamento de Pedestre;Com Vítimas Feridas;Amanhecer;Crescente;Nublado;Dupla;Reta;Sim  ;"1050333   ";Motocicleta;HONDA/CG 160 TITAN;"2022      ";Condutor;Ileso;"25   ";Masculino;"1 ";"0    ";"0    ";"0    ";-15.9162670;-48.1642680;SPRF-DF;DEL03-DF;UOP01-DEL03-DF 
588920;"1311271   ";2024-03-22;sexta-feira;05:50:00;DF;"60   ";"12   ";BRASILIA;Não;Pedestre andava na pista;1;Atropelamento de Pedestre;Com Vítimas Feridas;Amanhecer;Crescente;Nublado;Dupla;Reta;Sim  ;"0         ";"0";NA/NA;"0         ";Testemunha;Não Informado;"0    ";Não Informado;"0 ";"0    ";"0    ";"0    ";-15.9162670;-48.1642680;SPRF-DF;DEL03-DF;UOP01-DEL03-DF 
588920;"1311821   ";2024-03-22;sexta-feira;05:50:00;DF;"60   ";"12   ";BRASILIA;Não;Pedestre andava na pista;1;Atropelamento de Pedestre;Com Vítimas Feridas;Amanhecer;Crescente;Nublado;Dupla;Reta;Sim  ;"0         ";"0";NA/NA;"0         ";Pedestre;Lesões Leves;"39   ";Feminino;"0 ";"1    ";"0    ";"0    ";-15.9162670;-48.1642680;SPRF-DF;DEL03-DF;UOP01-DEL03-DF 
588920;"1311270   ";2024-03-22;sexta-feira;05:50:00;DF;"60   ";"12   ";BRASILIA;Não;Manobra de mudança de faixa;1;Atropelamento de Pedestre;Com Vítimas Feridas;Amanhecer;Crescente;Nublado;Dupla;Reta;Sim  ;"1050333   ";Motocicleta;HONDA/CG 160 TITAN;"2022      ";Condutor;Ileso;"25   ";Masculino;"1 ";"0    ";"0    ";"0    ";-15.9162670;-48.1642680;SPRF-DF;DEL03-DF;UOP01-DEL03-DF 
588920;"1311271   ";2024-03-22;sexta-feira;05:50:00;DF;"60   ";"12   ";BRASILIA;Não;Manobra de mudança de faixa;1;Atropelamento de Pedestre;Com Vítimas Feridas;Amanhecer;Crescente;Nublado;Dupla;Reta;Sim  ;"0         ";"0";NA/NA;"0         ";Testemunha;Não Informado;"0    ";Não Informado;"0 ";"0    ";"0    ";"0    ";-15.9162670;-48.1642680;SPRF-DF;DEL03-DF;UOP01-DEL03-DF 
588920;"1311821   ";2024-03-22;sexta-feira;05:50:00;DF;"60   ";"12   ";BRASILIA;Não;Manobra de mudança de faixa;1;Atropelamento de Pedestre;Com Vítimas Feridas;Amanhecer;Crescente;Nublado;Dupla;Reta;Sim  ;"0         ";"0";NA/NA;"0         ";Pedestre;Lesões Leves;"39   ";Feminino;"0 ";"1    ";"0    ";"0    ";-15.9162670;-48.1642680;SPRF-DF;DEL03-DF;UOP01-DEL03-DF 
588920;"1311270   ";2024-03-22;sexta-feira;05:50:00;DF;"60   ";"12   ";BRASILIA;Não;Ausência de reação do condutor;1;Atropelamento de Pedestre;Com Vítimas Feridas;Amanhecer;Crescente;Nublado;Dupla;Reta;Sim  ;"1050333   ";Motocicleta;HONDA/CG 160 TITAN;"2022      ";Condutor;Ileso;"25   ";Masculino;"1 ";"0    ";"0    ";"0    ";-15.9162670;-48.1642680;SPRF-DF;DEL03-DF;UOP01-DEL03-DF 
588920;"1311271   ";2024-03-22;sexta-feira;05:50:00;DF;"60   ";"12   ";BRASILIA;Não;Ausência de reação do condutor;1;Atropelamento de Pedestre;Com Vítimas Feridas;Amanhecer;Crescente;Nublado;Dupla;Reta;Sim  ;"0         ";"0";NA/NA;"0         ";Testemunha;Não Informado;"0    ";Não Informado;"0 ";"0    ";"0    ";"0    ";-15.9162670;-48.1642680;SPRF-DF;DEL03-DF;UOP01-DEL03-DF 
588920;"1311821   ";2024-03-22;sexta-feira;05:50:00;DF;"60   ";"12   ";BRASILIA;Não;Ausência de reação do condutor;1;Atropelamento de Pedestre;Com Vítimas Feridas;Amanhecer;Crescente;Nublado;Dupla;Reta;Sim  ;"0         ";"0";NA/NA;"0         ";Pedestre;Lesões Leves;"39   ";Feminino;"0 ";"1    ";"0    ";"0    ";-15.9162670;-48.1642680;SPRF-DF;DEL03-DF;UOP01-DEL03-DF 
588920;"1311270   ";2024-03-22;sexta-feira;05:50:00;DF;"60   ";"12   ";BRASILIA;Sim;Entrada inopinada do pedestre;1;Atropelamento de Pedestre;Com Vítimas Feridas;Amanhecer;Crescente;Nublado;Dupla;Reta;Sim  ;"1050333   ";Motocicleta;HONDA/CG 160 TITAN;"2022      ";Condutor;Ileso;"25   ";Masculino;"1 ";"0    ";"0    ";"0    ";-15.9162670;-48.1642680;SPRF-DF;DEL03-DF;UOP01-DEL03-DF 
588920;"1311271   ";2024-03-22;sexta-feira;05:50:00;DF;"60   ";"12   ";BRASILIA;Sim;Entrada inopinada do pedestre;1;Atropelamento de Pedestre;Com Vítimas Feridas;Amanhecer;Crescente;Nublado;Dupla;Reta;Sim  ;"0         ";"0";NA/NA;"0         ";Testemunha;Não Informado;"0    ";Não Informado;"0 ";"0    ";"0    ";"0    ";-15.9162670;-48.1642680;SPRF-DF;DEL03-DF;UOP01-DEL03-DF 
588920;"1311821   ";2024-03-22;sexta-feira;05:50:00;DF;"60   ";"12   ";BRASILIA;Sim;Entrada inopinada do pedestre;1;Atropelamento de Pedestre;Com Vítimas Feridas;Amanhecer;Crescente;Nublado;Dupla;Reta;Sim  ;"0         ";"0";NA/NA;"0         ";Pedestre;Lesões Leves;"39   ";Feminino;"0 ";"1    ";"0    ";"0    ";-15.9162670;-48.1642680;SPRF-DF;DEL03-DF;UOP01-DEL03-DF 
588922;"1311309   ";2024-03-22;sexta-feira;06:23:00;DF;"70   ";"16   ";BRASILIA;Não;Reação tardia ou ineficiente do condutor;2;Queda de ocupante de veículo;Com Vítimas Feridas;Amanhecer;Decrescente;Nublado;Dupla;"Interseção de Vias;Rotatória";Sim  ;"1050356   ";Motocicleta;HONDA/CG 125 FAN ES;"2010      ";Passageiro;Lesões Leves;"36   ";Feminino;"0 ";"1    ";"0    ";"0    ";-15.7961440;-48.1942250;SPRF-DF;DEL03-DF;UOP02-DEL03-DF 
588922;"1311305   ";2024-03-22;sexta-feira;06:23:00;DF;"70   ";"16   ";BRASILIA;Não;Reação tardia ou ineficiente do condutor;2;Queda de ocupante de veículo;Com Vítimas Feridas;Amanhecer;Decrescente;Nublado;Dupla;"Interseção de Vias;Rotatória";Sim  ;"1050356   ";Motocicleta;HONDA/CG 125 FAN ES;"2010      ";Condutor;Lesões Leves;"34   ";Masculino;"0 ";"1    ";"0    ";"0    ";-15.7961440;-48.1942250;SPRF-DF;DEL03-DF;UOP02-DEL03-DF 
588922;"1311309   ";2024-03-22;sexta-feira;06:23:00;DF;"70   ";"16   ";BRASILIA;Não;Desrespeitar a preferência no cruzamento;2;Queda de ocupante de veículo;Com Vítimas Feridas;Amanhecer;Decrescente;Nublado;Dupla;"Interseção de Vias;Rotatória";Sim  ;"1050356   ";Motocicleta;HONDA/CG 125 FAN ES;"2010      ";Passageiro;Lesões Leves;"36   ";Feminino;"0 ";"1    ";"0    ";"0    ";-15.7961440;-48.1942250;SPRF-DF;DEL03-DF;UOP02-DEL03-DF 
588922;"1311305   ";2024-03-22;sexta-feira;06:23:00;DF;"70   ";"16   ";BRASILIA;Não;Desrespeitar a preferência no cruzamento;2;Queda de ocupante de veículo;Com Vítimas Feridas;Amanhecer;Decrescente;Nublado;Dupla;"Interseção de Vias;Rotatória";Sim  ;"1050356   ";Motocicleta;HONDA/CG 125 FAN ES;"2010      ";Condutor;Lesões Leves;"34   ";Masculino;"0 ";"1    ";"0    ";"0    ";-15.7961440;-48.1942250;SPRF-DF;DEL03-DF;UOP02-DEL03-DF 
588922;"1311309   ";2024-03-22;sexta-feira;06:23:00;DF;"70   ";"16   ";BRASILIA;Sim;Acessar a via sem observar a presença dos outros veículos;2;Queda de ocupante de veículo;Com Vítimas Feridas;Amanhecer;Decrescente;Nublado;Dupla;"Interseção de Vias;Rotatória";Sim  ;"1050356   ";Motocicleta;HONDA/CG 125 FAN ES;"2010      ";Passageiro;Lesões Leves;"36   ";Feminino;"0 ";"1    ";"0    ";"0    ";-15.7961440;-48.1942250;SPRF-DF;DEL03-DF;UOP02-DEL03-DF 
588922;"1311305   ";2024-03-22;sexta-feira;06:23:00;DF;"70   ";"16   ";BRASILIA;Sim;Acessar a via sem observar a presença dos outros veículos;2;Queda de ocupante de veículo;Com Vítimas Feridas;Amanhecer;Decrescente;Nublado;Dupla;"Interseção de Vias;Rotatória";Sim  ;"1050356   ";Motocicleta;HONDA/CG 125 FAN ES;"2010      ";Condutor;Lesões Leves;"34   ";Masculino;"0 ";"1    ";"0    ";"0    ";-15.7961440;-48.1942250;SPRF-DF;DEL03-DF;UOP02-DEL03-DF 
588922;"1311309   ";2024-03-22;sexta-feira;06:23:00;DF;"70   ";"16   ";BRASILIA;Não;Reação tardia ou ineficiente do condutor;1;Colisão transversal;Com Vítimas Feridas;Amanhecer;Decrescente;Nublado;Dupla;"Interseção de Vias;Rotatória";Sim  ;"1050356   ";Motocicleta;HONDA/CG 125 FAN ES;"2010      ";Passageiro;Lesões Leves;"36   ";Feminino;"0 ";"1    ";"0    ";"0    ";-15.7961440;-48.1942250;SPRF-DF;DEL03-DF;UOP02-DEL03-DF 
588922;"1311305   ";2024-03-22;sexta-feira;06:23:00;DF;"70   ";"16   ";BRASILIA;Não;Reação tardia ou ineficiente do condutor;1;Colisão transversal;Com Vítimas Feridas;Amanhecer;Decrescente;Nublado;Dupla;"Interseção de Vias;Rotatória";Sim  ;"1050356   ";Motocicleta;HONDA/CG 125 FAN ES;"2010      ";Condutor;Lesões Leves;"34   ";Masculino;"0 ";"1    ";"0    ";"0    ";-15.7961440;-48.1942250;SPRF-DF;DEL03-DF;UOP02-DEL03-DF 
588922;"1311309   ";2024-03-22;sexta-feira;06:23:00;DF;"70   ";"16   ";BRASILIA;Não;Desrespeitar a preferência no cruzamento;1;Colisão transversal;Com Vítimas Feridas;Amanhecer;Decrescente;Nublado;Dupla;"Interseção de Vias;Rotatória";Sim  ;"1050356   ";Motocicleta;HONDA/CG 125 FAN ES;"2010      ";Passageiro;Lesões Leves;"36   ";Feminino;"0 ";"1    ";"0    ";"0    ";-15.7961440;-48.1942250;SPRF-DF;DEL03-DF;UOP02-DEL03-DF 
588922;"1311305   ";2024-03-22;sexta-feira;06:23:00;DF;"70   ";"16   ";BRASILIA;Não;Desrespeitar a preferência no cruzamento;1;Colisão transversal;Com Vítimas Feridas;Amanhecer;Decrescente;Nublado;Dupla;"Interseção de Vias;Rotatória";Sim  ;"1050356   ";Motocicleta;HONDA/CG 125 FAN ES;"2010      ";Condutor;Lesões Leves;"34   ";Masculino;"0 ";"1    ";"0    ";"0    ";-15.7961440;-48.1942250;SPRF-DF;DEL03-DF;UOP02-DEL03-DF 
588922;"1311309   ";2024-03-22;sexta-feira;06:23:00;DF;"70   ";"16   ";BRASILIA;Sim;Acessar a via sem observar a presença dos outros veículos;1;Colisão transversal;Com Vítimas Feridas;Amanhecer;Decrescente;Nublado;Dupla;"Interseção de Vias;Rotatória";Sim  ;"1050356   ";Motocicleta;HONDA/CG 125 FAN ES;"2010      ";Passageiro;Lesões Leves;"36   ";Feminino;"0 ";"1    ";"0    ";"0    ";-15.7961440;-48.1942250;SPRF-DF;DEL03-DF;UOP02-DEL03-DF 
588922;"1311305   ";2024-03-22;sexta-feira;06:23:00;DF;"70   ";"16   ";BRASILIA;Sim;Acessar a via sem observar a presença dos outros veículos;1;Colisão transversal;Com Vítimas Feridas;Amanhecer;Decrescente;Nublado;Dupla;"Interseção de Vias;Rotatória";Sim  ;"1050356   ";Motocicleta;HONDA/CG 125 FAN ES;"2010      ";Condutor;Lesões Leves;"34   ";Masculino;"0 ";"1    ";"0    ";"0    ";-15.7961440;-48.1942250;SPRF-DF;DEL03-DF;UOP02-DEL03-DF 
588932;"1311290   ";2024-03-22;sexta-feira;06:40:00;DF;"40   ";"1    ";BRASILIA;Sim;Manobra de mudança de faixa;2;Queda de ocupante de veículo;Com Vítimas Feridas;Pleno dia;Decrescente;Céu Claro;Dupla;Reta;Sim  ;"1050352   ";Motocicleta;HONDA/CG 160 FAN;"2021      ";Condutor;Lesões Leves;"30   ";Masculino;"0 ";"1    ";"0    ";"0    ";-15.9855320;-47.9877470;SPRF-DF;DEL01-DF;UOP01-DEL01-DF 