id;pesid;data_inversa;dia_semana;horario;uf;br;km;municipio;causa_principal;causa_acidente;ordem_tipo_acidente;tipo_acidente;classificacao_acidente;fase_dia;sentido_via;condicao_metereologica;tipo_pista;tracado_via;uso_solo;id_veiculo;tipo_veiculo;marca;ano_fabricacao_veiculo;tipo_envolvido;estado_fisico;idade;sexo;ilesos;feridos_leves;feridos_graves;mortos;latitude;longitude;regional;delegacia;uop
589300;"1312145   ";2024-03-23;sábado;19:00:00;DF;"20   ";"5,8  ";BRASILIA;Não;Iluminação deficiente;2;Queda de ocupante de veículo;Com Vítimas Feridas;Plena Noite;Crescente;Chuva;Dupla;"Reta;Ponte;Declive";Sim  ;"1051066   ";Automóvel;HONDA/CIVIC LX;"2005      ";Condutor;Ileso;"29   ";Masculino;"1 ";"0    ";"0    ";"0    ";-15.6658880;-47.8083080;SPRF-DF;DEL02-DF;UOP01-DEL02-DF 
589300;"1312146   ";2024-03-23;sábado;19:00:00;DF;"20   ";"5,8  ";BRASILIA;Não;Iluminação deficiente;2;Queda de ocupante de veículo;Com Vítimas Feridas;Plena Noite;Crescente;Chuva;Dupla;"Reta;Ponte;Declive";Sim  ;"1051068   ";Automóvel;HYUNDAI/HB20 1.6M COMF;"2015      ";Condutor;Ileso;"47   ";Masculino;"1 ";"0    ";"0    ";"0    ";-15.6658880;-47.8083080;SPRF-DF;DEL02-DF;UOP01-DEL02-DF 
589300;"1312166   ";2024-03-23;sábado;19:00:00;DF;"20   ";"5,8  ";BRASILIA;Não;Iluminação deficiente;2;Queda de ocupante de veículo;Com Vítimas Feridas;Plena Noite;Crescente;Chuva;Dupla;"Reta;Ponte;Declive";Sim  ;"1051068   ";Automóvel;HYUNDAI/HB20 1.6M COMF;"2015      ";Passageiro;Lesões Leves;"124  ";Feminino;"0 ";"1    ";"0    ";"0    ";-15.6658880;-47.8083080;SPRF-DF;DEL02-DF;UOP01-DEL02-DF 
589300;"1312150   ";2024-03-23;sábado;19:00:00;DF;"20   ";"5,8  ";BRASILIA;Não;Iluminação deficiente;2;Queda de ocupante de veículo;Com Vítimas Feridas;Plena Noite;Crescente;Chuva;Dupla;"Reta;Ponte;Declive";Sim  ;"1051069   ";Automóvel;RENAULT/LOGAN EXPR 1016V;"2013      ";Condutor;Ileso;"32   ";Masculino;"1 ";"0    ";"0    ";"0    ";-15.6658880;-47.8083080;SPRF-DF;DEL02-DF;UOP01-DEL02-DF 
589300;"1312161   ";2024-03-23;sábado;19:00:00;DF;"20   ";"5,8  ";BRASILIA;Não;Iluminação deficiente;2;Queda de ocupante de veículo;Com Vítimas Feridas;Plena Noite;Crescente;Chuva;Dupla;"Reta;Ponte;Declive";Sim  ;"1051069   ";Automóvel;RENAULT/LOGAN EXPR 1016V;"2013      ";Passageiro;Lesões Leves;"53   ";Masculino;"0 ";"1    ";"0    ";"0    ";-15.6658880;-47.8083080;SPRF-DF;DEL02-DF;UOP01-DEL02-DF 
589300;"1312157   ";2024-03-23;sábado;19:00:00;DF;"20   ";"5,8  ";BRASILIA;Não;Iluminação deficiente;2;Queda de ocupante de veículo;Com Vítimas Feridas;Plena Noite;Crescente;Chuva;Dupla;"Reta;Ponte;Declive";Sim  ;"1051070   ";Automóvel;VW/VOYAGE 1.0;"2011      ";Condutor;Lesões Leves;"31   ";Masculino;"0 ";"1    ";"0    ";"0    ";-15.6658880;-47.8083080;SPRF-DF;DEL02-DF;UOP01-DEL02-DF 
589300;"1312158   ";2024-03-23;sábado;19:00:00;DF;"20   ";"5,8  ";BRASILIA;Não;Iluminação deficiente;2;Queda de ocupante de veículo;Com Vítimas Feridas;Plena Noite;Crescente;Chuva;Dupla;"Reta;Ponte;Declive";Sim  ;"1051071   ";Automóvel;CHEVROLET/CELTA 1.0L LT;"2011      ";Condutor;Ileso;"46   ";Masculino;"1 ";"0    ";"0    ";"0    ";-15.6658880;-47.8083080;SPRF-DF;DEL02-DF;UOP01-DEL02-DF 
589300;"1312141   ";2024-03-23;sábado;19:00:00;DF;"20   ";"5,8  ";BRASILIA;Sim;Chuva;2;Queda de ocupante de veículo;Com Vítimas Feridas;Plena Noite;Crescente;Chuva;Dupla;"Reta;Ponte;Declive";Sim  ;"1051064   ";Motocicleta;HONDA/CG 160 FAN;"2022      ";Condutor;Lesões Leves;"27   ";Masculino;"0 ";"1    ";"0    ";"0    ";-15.6658880;-47.8083080;SPRF-DF;DEL02-DF;UOP01-DEL02-DF 
589300;"1312144   ";2024-03-23;sábado;19:00:00;DF;"20   ";"5,8  ";BRASILIA;Sim;Chuva;2;Queda de ocupante de veículo;Com Vítimas Feridas;Plena Noite;Crescente;Chuva;Dupla;"Reta;Ponte;Declive";Sim  ;"1051065   ";Automóvel;CITROEN/PICASSO II20GLX;"2008      ";Condutor;Ileso;"56   ";Masculino;"1 ";"0    ";"0    ";"0    ";-15.6658880;-47.8083080;SPRF-DF;DEL02-DF;UOP01-DEL02-DF 
589300;"1312167   ";2024-03-23;sábado;19:00:00;DF;"20   ";"5,8  ";BRASILIA;Sim;Chuva;2;Queda de ocupante de veículo;Com Vítimas Feridas;Plena Noite;Crescente;Chuva;Dupla;"Reta;Ponte;Declive";Sim  ;"1051066   ";Automóvel;HONDA/CIVIC LX;"2005      ";Passageiro;Ileso;"22   ";Masculino;"1 ";"0    ";"0    ";"0    ";-15.6658880;-47.8083080;SPRF-DF;DEL02-DF;UOP01-DEL02-DF 
589300;"1312145   ";2024-03-23;sábado;19:00:00;DF;"20   ";"5,8  ";BRASILIA;Sim;Chuva;2;Queda de ocupante de veículo;Com Vítimas Feridas;Plena Noite;Crescente;Chuva;Dupla;"Reta;Ponte;Declive";Sim  ;"1051066   ";Automóvel;HONDA/CIVIC LX;"2005      ";Condutor;Ileso;"29   ";Masculino;"1 ";"0    ";"0    ";"0    ";-15.6658880;-47.8083080;SPRF-DF;DEL02-DF;UOP01-DEL02-DF 
589300;"1312146   ";2024-03-23;sábado;19:00:00;DF;"20   ";"5,8  ";BRASILIA;Sim;Chuva;2;Queda de ocupante de veículo;Com Vítimas Feridas;Plena Noite;Crescente;Chuva;Dupla;"Reta;Ponte;Declive";Sim  ;"1051068   ";Automóvel;HYUNDAI/HB20 1.6M COMF;"2015      ";Condutor;Ileso;"47   ";Masculino;"1 ";"0    ";"0    ";"0    ";-15.6658880;-47.8083080;SPRF-DF;DEL02-DF;UOP01-DEL02-DF 
589300;"1312166   ";2024-03-23;sábado;19:00:00;DF;"20   ";"5,8  ";BRASILIA;Sim;Chuva;2;Queda de ocupante de veículo;Com Vítimas Feridas;Plena Noite;Crescente;Chuva;Dupla;"Reta;Ponte;Declive";Sim  ;"1051068   ";Automóvel;HYUNDAI/HB20 1.6M COMF;"2015      ";Passageiro;Lesões Leves;"124  ";Feminino;"0 ";"1    ";"0    ";"0    ";-15.6658880;-47.8083080;SPRF-DF;DEL02-DF;UOP01-DEL02-DF 
589300;"1312150   ";2024-03-23;sábado;19:00:00;DF;"20   ";"5,8  ";BRASILIA;Sim;Chuva;2;Queda de ocupante de veículo;Com Vítimas Feridas;Plena Noite;Crescente;Chuva;Dupla;"Reta;Ponte;Declive";Sim  ;"1051069   ";Automóvel;RENAULT/LOGAN EXPR 1016V;"2013      ";Condutor;Ileso;"32   ";Masculino;"1 ";"0    ";"0    ";"0    ";-15.6658880;-47.8083080;SPRF-DF;DEL02-DF;UOP01-DEL02-DF 
589300;"1312161   ";2024-03-23;sábado;19:00:00;DF;"20   ";"5,8  ";BRASILIA;Sim;Chuva;2;Queda de ocupante de veículo;Com Vítimas Feridas;Plena Noite;Crescente;Chuva;Dupla;"Reta;Ponte;Declive";Sim  ;"1051069   ";Automóvel;RENAULT/LOGAN EXPR 1016V;"2013      ";Passageiro;Lesões Leves;"53   ";Masculino;"0 ";"1    ";"0    ";"0    ";-15.6658880;-47.8083080;SPRF-DF;DEL02-DF;UOP01-DEL02-DF 
589300;"1312157   ";2024-03-23;sábado;19:00:00;DF;"20   ";"5,8  ";BRASILIA;Sim;Chuva;2;Queda de ocupante de veículo;Com Vítimas Feridas;Plena Noite;Crescente;Chuva;Dupla;"Reta;Ponte;Declive";Sim  ;"1051070   ";Automóvel;VW/VOYAGE 1.0;"2011      ";Condutor;Lesões Leves;"31   ";Masculino;"0 ";"1    ";"0    ";"0    ";-15.6658880;-47.8083080;SPRF-DF;DEL02-DF;UOP01-DEL02-DF 
589300;"1312158   ";2024-03-23;sábado;19:00:00;DF;"20   ";"5,8  ";BRASILIA;Sim;Chuva;2;Queda de ocupante de veículo;Com Vítimas Feridas;Plena Noite;Crescente;Chuva;Dupla;"Reta;Ponte;Declive";Sim  ;"1051071   ";Automóvel;CHEVROLET/CELTA 1.0L LT;"2011      ";Condutor;Ileso;"46   ";Masculino;"1 ";"0    ";"0    ";"0    ";-15.6658880;-47.8083080;SPRF-DF;DEL02-DF;UOP01-DEL02-DF 
589300;"1312141   ";2024-03-23;sábado;19:00:00;DF;"20   ";"5,8  ";BRASILIA;Não;Iluminação deficiente;1;Colisão com objeto;Com Vítimas Feridas;Plena Noite;Crescente;Chuva;Dupla;"Reta;Ponte;Declive";Sim  ;"1051064   ";Motocicleta;HONDA/CG 160 FAN;"2022      ";Condutor;Lesões Leves;"27   ";Masculino;"0 ";"1    ";"0    ";"0    ";-15.6658880;-47.8083080;SPRF-DF;DEL02-DF;UOP01-DEL02-DF 
589300;"1312144   ";2024-03-23;sábado;19:00:00;DF;"20   ";"5,8  ";BRASILIA;Não;Iluminação deficiente;1;Colisão com objeto;Com Vítimas Feridas;Plena Noite;Crescente;Chuva;Dupla;"Reta;Ponte;Declive";Sim  ;"1051065   ";Automóvel;CITROEN/PICASSO II20GLX;"2008      ";Condutor;Ileso;"56   ";Masculino;"1 ";"0    ";"0    ";"0    ";-15.6658880;-47.8083080;SPRF-DF;DEL02-DF;UOP01-DEL02-DF 
589300;"1312167   ";2024-03-23;sábado;19:00:00;DF;"20   ";"5,8  ";BRASILIA;Não;Iluminação deficiente;1;Colisão com objeto;Com Vítimas Feridas;Plena Noite;Crescente;Chuva;Dupla;"Reta;Ponte;Declive";Sim  ;"1051066   ";Automóvel;HONDA/CIVIC LX;"2005      ";Passageiro;Ileso;"22   ";Masculino;"1 ";"0    ";"0    ";"0    ";-15.6658880;-47.8083080;SPRF-DF;DEL02-DF;UOP01-DEL02-DF 
589300;"1312145   ";2024-03-23;sábado;19:00:00;DF;"20   ";"5,8  ";BRASILIA;Não;Iluminação deficiente;1;Colisão com objeto;Com Vítimas Feridas;Plena Noite;Crescente;Chuva;Dupla;"Reta;Ponte;Declive";Sim  ;"1051066   ";Automóvel;HONDA/CIVIC LX;"2005      ";Condutor;Ileso;"29   ";Masculino;"1 ";"0    ";"0    ";"0    ";-15.6658880;-47.8083080;SPRF-DF;DEL02-DF;UOP01-DEL02-DF 
589300;"1312146   ";2024-03-23;sábado;19:00:00;DF;"20   ";"5,8  ";BRASILIA;Não;Iluminação deficiente;1;Colisão com objeto;Com Vítimas Feridas;Plena Noite;Crescente;Chuva;Dupla;"Reta;Ponte;Declive";Sim  ;"1051068   ";Automóvel;HYUNDAI/HB20 1.6M COMF;"2015      ";Condutor;Ileso;"47   ";Masculino;"1 ";"0    ";"0    ";"0    ";-15.6658880;-47.8083080;SPRF-DF;DEL02-DF;UOP01-DEL02-DF 
589300;"1312166   ";2024-03-23;sábado;19:00:00;DF;"20   ";"5,8  ";BRASILIA;Não;Iluminação deficiente;1;Colisão com objeto;Com Vítimas Feridas;Plena Noite;Crescente;Chuva;Dupla;"Reta;Ponte;Declive";Sim  ;"1051068   ";Automóvel;HYUNDAI/HB20 1.6M COMF;"2015      ";Passageiro;Lesões Leves;"124  ";Feminino;"0 ";"1    ";"0    ";"0    ";-15.6658880;-47.8083080;SPRF-DF;DEL02-DF;UOP01-DEL02-DF 
589300;"1312150   ";2024-03-23;sábado;19:00:00;DF;"20   ";"5,8  ";BRASILIA;Não;Iluminação deficiente;1;Colisão com objeto;Com Vítimas Feridas;Plena Noite;Crescente;Chuva;Dupla;"Reta;Ponte;Declive";Sim  ;"1051069   ";Automóvel;RENAULT/LOGAN EXPR 1016V;"2013      ";Condutor;Ileso;"32   ";Masculino;"1 ";"0    ";"0    ";"0    ";-15.6658880;-47.8083080;SPRF-DF;DEL02-DF;UOP01-DEL02-DF 
589300;"1312161   ";2024-03-23;sábado;19:00:00;DF;"20   ";"5,8  ";BRASILIA;Não;Iluminação deficiente;1;Colisão com objeto;Com Vítimas Feridas;Plena Noite;Crescente;Chuva;Dupla;"Reta;Ponte;Declive";Sim  ;"1051069   ";Automóvel;RENAULT/LOGAN EXPR 1016V;"2013      ";Passageiro;Lesões Leves;"53   ";Masculino;"0 ";"1    ";"0    ";"0    ";-15.6658880;-47.8083080;SPRF-DF;DEL02-DF;UOP01-DEL02-DF 
589300;"1312157   ";2024-03-23;sábado;19:00:00;DF;"20   ";"5,8  ";BRASILIA;Não;Iluminação deficiente;1;Colisão com objeto;Com Vítimas Feridas;Plena Noite;Crescente;Chuva;Dupla;"Reta;Ponte;Declive";Sim  ;"1051070   ";Automóvel;VW/VOYAGE 1.0;"2011      ";Condutor;Lesões Leves;"31   ";Masculino;"0 ";"1    ";"0    ";"0    ";-15.6658880;-47.8083080;SPRF-DF;DEL02-DF;UOP01-DEL02-DF 
589300;"1312158   ";2024-03-23;sábado;19:00:00;DF;"20   ";"5,8  ";BRASILIA;Não;Iluminação deficiente;1;Colisão com objeto;Com Vítimas Feridas;Plena Noite;Crescente;Chuva;Dupla;"Reta;Ponte;Declive";Sim  ;"1051071   ";Automóvel;CHEVROLET/CELTA 1.0L LT;"2011      ";Condutor;Ileso;"46   ";Masculino;"1 ";"0    ";"0    ";"0    ";-15.6658880;-47.8083080;SPRF-DF;DEL02-DF;UOP01-DEL02-DF 
589300;"1312141   ";2024-03-23;sábado;19:00:00;DF;"20   ";"5,8  ";BRASILIA;Sim;Chuva;1;Colisão com objeto;Com Vítimas Feridas;Plena Noite;Crescente;Chuva;Dupla;"Reta;Ponte;Declive";Sim  ;"1051064   ";Motocicleta;HONDA/CG 160 FAN;"2022      ";Condutor;Lesões Leves;"27   ";Masculino;"0 ";"1    ";"0    ";"0    ";-15.6658880;-47.8083080;SPRF-DF;DEL02-DF;UOP01-DEL02-DF 
589300;"1312144   ";2024-03-23;sábado;19:00:00;DF;"20   ";"5,8  ";BRASILIA;Sim;Chuva;1;Colisão com objeto;Com Vítimas Feridas;Plena Noite;Crescente;Chuva;Dupla;"Reta;Ponte;Declive";Sim  ;"1051065   ";Automóvel;CITROEN/PICASSO II20GLX;"2008      ";Condutor;Ileso;"56   ";Masculino;"1 ";"0    ";"0    ";"0    ";-15.6658880;-47.8083080;SPRF-DF;DEL02-DF;UOP01-DEL02-DF 
589300;"1312167   ";2024-03-23;sábado;19:00:00;DF;"20   ";"5,8  ";BRASILIA;Sim;Chuva;1;Colisão com objeto;Com Vítimas Feridas;Plena Noite;Crescente;Chuva;Dupla;"Reta;Ponte;Declive";Sim  ;"1051066   ";Automóvel;HONDA/CIVIC LX;"2005      ";Passageiro;Ileso;"22   ";Masculino;"1 ";"0    ";"0    ";"0    ";-15.6658880;-47.8083080;SPRF-DF;DEL02-DF;UOP01-DEL02-DF 
589300;"1312145   ";2024-03-23;sábado;19:00:00;DF;"20   ";"5,8  ";BRASILIA;Sim;Chuva;1;Colisão com objeto;Com Vítimas Feridas;Plena Noite;Crescente;Chuva;Dupla;"Reta;Ponte;Declive";Sim  ;"1051066   ";Automóvel;HONDA/CIVIC LX;"2005      ";Condutor;Ileso;"29   ";Masculino;"1 ";"0    ";"0    ";"0    ";-15.6658880;-47.8083080;SPRF-DF;DEL02-DF;UOP01-DEL02-DF 
589300;"1312146   ";2024-03-23;sábado;19:00:00;DF;"20   ";"5,8  ";BRASILIA;Sim;Chuva;1;Colisão com objeto;Com Vítimas Feridas;Plena Noite;Crescente;Chuva;Dupla;"Reta;Ponte;Declive";Sim  ;"1051068   ";Automóvel;HYUNDAI/HB20 1.6M COMF;"2015      ";Condutor;Ileso;"47   ";Masculino;"1 ";"0    ";"0    ";"0    ";-15.6658880;-47.8083080;SPRF-DF;DEL02-DF;UOP01-DEL02-DF 
589300;"1312166   ";2024-03-23;sábado;19:00:00;DF;"20   ";"5,8  ";BRASILIA;Sim;Chuva;1;Colisão com objeto;Com Vítimas Feridas;Plena Noite;Crescente;Chuva;Dupla;"Reta;Ponte;Declive";Sim  ;"1051068   ";Automóvel;HYUNDAI/HB20 1.6M COMF;"2015      ";Passageiro;Lesões Leves;"124  ";Feminino;"0 ";"1    ";"0    ";"0    ";-15.6658880;-47.8083080;SPRF-DF;DEL02-DF;UOP01-DEL02-DF 
589300;"1312150   ";2024-03-23;sábado;19:00:00;DF;"20   ";"5,8  ";BRASILIA;Sim;Chuva;1;Colisão com objeto;Com Vítimas Feridas;Plena Noite;Crescente;Chuva;Dupla;"Reta;Ponte;Declive";Sim  ;"1051069   ";Automóvel;RENAULT/LOGAN EXPR 1016V;"2013      ";Condutor;Ileso;"32   ";Masculino;"1 ";"0    ";"0    ";"0    ";-15.6658880;-47.8083080;SPRF-DF;DEL02-DF;UOP01-DEL02-DF 
589300;"1312161   ";2024-03-23;sábado;19:00:00;DF;"20   ";"5,8  ";BRASILIA;Sim;Chuva;1;Colisão com objeto;Com Vítimas Feridas;Plena Noite;Crescente;Chuva;Dupla;"Reta;Ponte;Declive";Sim  ;"1051069   ";Automóvel;RENAULT/LOGAN EXPR 1016V;"2013      ";Passageiro;Lesões Leves;"53   ";Masculino;"0 ";"1    ";"0    ";"0    ";-15.6658880;-47.8083080;SPRF-DF;DEL02-DF;UOP01-DEL02-DF 
589300;"1312157   ";2024-03-23;sábado;19:00:00;DF;"20   ";"5,8  ";BRASILIA;Sim;Chuva;1;Colisão com objeto;Com Vítimas Feridas;Plena Noite;Crescente;Chuva;Dupla;"Reta;Ponte;Declive";Sim  ;"1051070   ";Automóvel;VW/VOYAGE 1.0;"2011      ";Condutor;Lesões Leves;"31   ";Masculino;"0 ";"1    ";"0    ";"0    ";-15.6658880;-47.8083080;SPRF-DF;DEL02-DF;UOP01-DEL02-DF 
589300;"1312158   ";2024-03-23;sábado;19:00:00;DF;"20   ";"5,8  ";BRASILIA;Sim;Chuva;1;Colisão com objeto;Com Vítimas Feridas;Plena Noite;Crescente;Chuva;Dupla;"Reta;Ponte;Declive";Sim  ;"1051071   ";Automóvel;CHEVROLET/CELTA 1.0L LT;"2011      ";Condutor;Ileso;"46   ";Masculino;"1 ";"0    ";"0    ";"0    ";-15.6658880;-47.8083080;SPRF-DF;DEL02-DF;UOP01-DEL02-DF 
589440;"1313871   ";2024-03-24;domingo;12:43:00;DF;"70   ";"18   ";BRASILIA;Sim;Ausência de reação do condutor;1;Saída de leito carroçável;Sem Vítimas;Pleno dia;Crescente;Nublado;Dupla;Reta;Sim  ;"1052417   ";Automóvel;VW/GOL 1.0;"2008      ";Condutor;Ileso;"0    ";Ignorado;"1 ";"0    ";"0    ";"0    ";-15.7910930;-48.2109600;SPRF-DF;DEL03-DF;UOP02-DEL03-DF 
589478;"1312501   ";2024-03-24;domingo;16:10:00;DF;"20   ";"24   ";BRASILIA;Sim;Reação tardia ou ineficiente do condutor;1;Queda de ocupante de veículo;Com Vítimas Feridas;Pleno dia;Crescente;Céu Claro;Dupla;Reta;Sim  ;"1051352   ";Motocicleta;HONDA/;"2024      ";Condutor;Lesões Leves;"20   ";Masculino;"0 ";"1    ";"0    ";"0    ";-15.5948310;-47.6586150;SPRF-DF;DEL02-DF;UOP01-DEL02-DF 
589482;"1312571   ";2024-03-24;domingo;16:41:00;DF;"80   ";"10,7 ";BRASILIA;Sim;Demais falhas mecânicas ou elétricas;1;Incêndio;Sem Vítimas;Pleno dia;Crescente;Nublado;Simples;Reta;Não  ;"1051395   ";Caminhão;IVECO/DAILY55C16 CS;"2008      ";Condutor;Ileso;"35   ";Masculino;"1 ";"0    ";"0    ";"0    ";-15.7310000;-48.1689380;SPRF-DF;DEL03-DF;UOP02-DEL03-DF 
589549;"1312679   ";2024-03-24;domingo;21:40:00;DF;"70   ";"15   ";BRASILIA;Sim;Ingestão de álcool pelo condutor;1;Saída de leito carroçável;Com Vítimas Feridas;Plena Noite;Crescente;Céu Claro;Dupla;Reta;Não  ;"1051463   ";Automóvel;FIAT/SIENA ATTRACTIV 1.4;"2015      ";Passageiro;Ileso;"31   ";Feminino;"1 ";"0    ";"0    ";"0    ";-15.7968600;-48.1921670;SPRF-DF;DEL03-DF;UOP02-DEL03-DF 
589549;"1312678   ";2024-03-24;domingo;21:40:00;DF;"70   ";"15   ";BRASILIA;Sim;Ingestão de álcool pelo condutor;1;Saída de leito carroçável;Com Vítimas Feridas;Plena Noite;Crescente;Céu Claro;Dupla;Reta;Não  ;"1051463   ";Automóvel;FIAT/SIENA ATTRACTIV 1.4;"2015      ";Passageiro;Ileso;"10   ";Feminino;"1 ";"0    ";"0    ";"0    ";-15.7968600;-48.1921670;SPRF-DF;DEL03-DF;UOP02-DEL03-DF 
589549;"1312672   ";2024-03-24;domingo;21:40:00;DF;"70   ";"15   ";BRASILIA;Sim;Ingestão de álcool pelo condutor;1;Saída de leito carroçável;Com Vítimas Feridas;Plena Noite;Crescente;Céu Claro;Dupla;Reta;Não  ;"1051463   ";Automóvel;FIAT/SIENA ATTRACTIV 1.4;"2015      ";Condutor;Ileso;"42   ";Masculino;"1 ";"0    ";"0    ";"0    ";-15.7968600;-48.1921670;SPRF-DF;DEL03-DF;UOP02-DEL03-DF 
589549;"1312677   ";2024-03-24;domingo;21:40:00;DF;"70   ";"15   ";BRASILIA;Sim;Ingestão de álcool pelo condutor;1;Saída de leito carroçável;Com Vítimas Feridas;Plena Noite;Crescente;Céu Claro;Dupla;Reta;Não  ;"1051463   ";Automóvel;FIAT/SIENA ATTRACTIV 1.4;"2015      ";Passageiro;Lesões Leves;"8    ";Feminino;"0 ";"1    ";"0    ";"0    ";-15.7968600;-48.1921670;SPRF-DF;DEL03-DF;UOP02-DEL03-DF 
589577;"1312755   ";2024-03-25;segunda-feira;04:30:00;GO;"60   ";"69,6 ";ABADIANIA;Não;Ausência de reação do condutor;1;Saída de leito carroçável;Sem Vítimas;Amanhecer;Crescente;Garoa/Chuvisco;Dupla;"Curva;Declive";Não  ;"1051523   ";Automóvel;VW/GOL 1.0;"2011      ";Condutor;Ileso;"22   ";Masculino;"1 ";"0    ";"0    ";"0    ";-16.2385990;-48.7600740;SPRF-GO;DEL02-GO;UOP01-DEL02-GO 
589577;"1312755   ";2024-03-25;segunda-feira;04:30:00;GO;"60   ";"69,6 ";ABADIANIA;Sim;Ingestão de álcool pelo condutor;1;Saída de leito carroçável;Sem Vítimas;Amanhecer;Crescente;Garoa/Chuvisco;Dupla;"Curva;Declive";Não  ;"1051523   ";Automóvel;VW/GOL 1.0;"2011      ";Condutor;Ileso;"22   ";Masculino;"1 ";"0    ";"0    ";"0    ";-16.2385990;-48.7600740;SPRF-GO;DEL02-GO;UOP01-DEL02-GO 
589584;"1312779   ";2024-03-25;segunda-feira;06:20:00;DF;"70   ";"18   ";BRASILIA;Sim;Condutor deixou de manter distância do veículo da frente;1;Colisão traseira;Com Vítimas Feridas;Pleno dia;Decrescente;Sol;Dupla;Reta;Sim  ;"1051540   ";Automóvel;GM/CLASSIC SPIRIT;"0         ";Condutor;Não Informado;"0    ";Não Informado;"0 ";"0    ";"0    ";"0    ";-15.7910930;-48.2109600;SPRF-DF;DEL03-DF;UOP02-DEL03-DF 
589584;"1312781   ";2024-03-25;segunda-feira;06:20:00;DF;"70   ";"18   ";BRASILIA;Sim;Condutor deixou de manter distância do veículo da frente;1;Colisão traseira;Com Vítimas Feridas;Pleno dia;Decrescente;Sol;Dupla;Reta;Sim  ;"1051542   ";Automóvel;VW/POLO TRACK MA;"2023      ";Condutor;Ileso;"51   ";Masculino;"1 ";"0    ";"0    ";"0    ";-15.7910930;-48.2109600;SPRF-DF;DEL03-DF;UOP02-DEL03-DF 
589584;"1312780   ";2024-03-25;segunda-feira;06:20:00;DF;"70   ";"18   ";BRASILIA;Sim;Condutor deixou de manter distância do veículo da frente;1;Colisão traseira;Com Vítimas Feridas;Pleno dia;Decrescente;Sol;Dupla;Reta;Sim  ;"1051541   ";Motocicleta;HONDA/CG 160 FAN;"2023      ";Condutor;Lesões Leves;"31   ";Masculino;"0 ";"1    ";"0    ";"0    ";-15.7910930;-48.2109600;SPRF-DF;DEL03-DF;UOP02-DEL03-DF 
589590;"1312794   ";2024-03-25;segunda-feira;00:10:00;DF;"60   ";"5,4  ";BRASILIA;Não;Avarias e/ou desgaste excessivo no pneu;1;Saída de leito carroçável;Sem Vítimas;Plena Noite;Crescente;Chuva;Dupla;"Reta;Declive";Sim  ;"1051553   ";Automóvel;RENAULT/LOGAN AUT 1016V;"2010      ";Condutor;Não Informado;"0    ";Não Informado;"0 ";"0    ";"0    ";"0    ";-15.8964470;-48.1080910;SPRF-DF;DEL03-DF;UOP01-DEL03-DF 
589590;"1312794   ";2024-03-25;segunda-feira;00:10:00;DF;"60   ";"5,4  ";BRASILIA;Sim;Reação tardia ou ineficiente do condutor;1;Saída de leito carroçável;Sem Vítimas;Plena Noite;Crescente;Chuva;Dupla;"Reta;Declive";Sim  ;"1051553   ";Automóvel;RENAULT/LOGAN AUT 1016V;"2010      ";Condutor;Não Informado;"0    ";Não Informado;"0 ";"0    ";"0    ";"0    ";-15.8964470;-48.1080910;SPRF-DF;DEL03-DF;UOP01-DEL03-DF 
589624;"1312843   ";2024-03-25;segunda-feira;07:13:00;DF;"20   ";"15   ";BRASILIA;Não;Ingestão de álcool pelo condutor;2;Colisão com objeto;Sem Vítimas;Amanhecer;Crescente;Garoa/Chuvisco;Dupla;"Reta;Declive";Não  ;"1051597   ";Camioneta;I/SUZUKI SX4 4WD;"2009      ";Condutor;Não Informado;"0    ";Não Informado;"0 ";"0    ";"0    ";"0    ";-15.6169010;-47.7089270;SPRF-DF;DEL02-DF;UOP01-DEL02-DF 
589624;"1312843   ";2024-03-25;segunda-feira;07:13:00;DF;"20   ";"15   ";BRASILIA;Não;Condutor Dormindo;2;Colisão com objeto;Sem Vítimas;Amanhecer;Crescente;Garoa/Chuvisco;Dupla;"Reta;Declive";Não  ;"1051597   ";Camioneta;I/SUZUKI SX4 4WD;"2009      ";Condutor;Não Informado;"0    ";Não Informado;"0 ";"0    ";"0    ";"0    ";-15.6169010;-47.7089270;SPRF-DF;DEL02-DF;UOP01-DEL02-DF 
589624;"1312843   ";2024-03-25;segunda-feira;07:13:00;DF;"20   ";"15   ";BRASILIA;Não;Ausência de reação do condutor;2;Colisão com objeto;Sem Vítimas;Amanhecer;Crescente;Garoa/Chuvisco;Dupla;"Reta;Declive";Não  ;"1051597   ";Camioneta;I/SUZUKI SX4 4WD;"2009      ";Condutor;Não Informado;"0    ";Não Informado;"0 ";"0    ";"0    ";"0    ";-15.6169010;-47.7089270;SPRF-DF;DEL02-DF;UOP01-DEL02-DF 
589624;"1312843   ";2024-03-25;segunda-feira;07:13:00;DF;"20   ";"15   ";BRASILIA;Sim;Reação tardia ou ineficiente do condutor;2;Colisão com objeto;Sem Vítimas;Amanhecer;Crescente;Garoa/Chuvisco;Dupla;"Reta;Declive";Não  ;"1051597   ";Camioneta;I/SUZUKI SX4 4WD;"2009      ";Condutor;Não Informado;"0    ";Não Informado;"0 ";"0    ";"0    ";"0    ";-15.6169010;-47.7089270;SPRF-DF;DEL02-DF;UOP01-DEL02-DF 
589624;"1312843   ";2024-03-25;segunda-feira;07:13:00;DF;"20   ";"15   ";BRASILIA;Não;Ingestão de álcool pelo condutor;1;Saída de leito carroçável;Sem Vítimas;Amanhecer;Crescente;Garoa/Chuvisco;Dupla;"Reta;Declive";Não  ;"1051597   ";Camioneta;I/SUZUKI SX4 4WD;"2009      ";Condutor;Não Informado;"0    ";Não Informado;"0 ";"0    ";"0    ";"0    ";-15.6169010;-47.7089270;SPRF-DF;DEL02-DF;UOP01-DEL02-DF 