id;pesid;data_inversa;dia_semana;horario;uf;br;km;municipio;causa_principal;causa_acidente;ordem_tipo_acidente;tipo_acidente;classificacao_acidente;fase_dia;sentido_via;condicao_metereologica;tipo_pista;tracado_via;uso_solo;id_veiculo;tipo_veiculo;marca;ano_fabricacao_veiculo;tipo_envolvido;estado_fisico;idade;sexo;ilesos;feridos_leves;feridos_graves;mortos;latitude;longitude;regional;delegacia;uop
590820;"1315736   ";2024-03-30;sábado;22:15:00;DF;"70   ";"9,6  ";BRASILIA;Sim;Iluminação deficiente;1;Atropelamento de Pedestre;Com Vítimas Feridas;Plena Noite;Crescente;Nublado;Dupla;Reta;Sim  ;"1053843   ";Automóvel;VW/GOL 1.0L MC4;"2021      ";Passageiro;Ileso;"42   ";Masculino;"1 ";"0    ";"0    ";"0    ";-15.7846150;-48.1320230;SPRF-DF;DEL03-DF;UOP02-DEL03-DF 
590820;"1315735   ";2024-03-30;sábado;22:15:00;DF;"70   ";"9,6  ";BRASILIA;Sim;Iluminação deficiente;1;Atropelamento de Pedestre;Com Vítimas Feridas;Plena Noite;Crescente;Nublado;Dupla;Reta;Sim  ;"1053843   ";Automóvel;VW/GOL 1.0L MC4;"2021      ";Condutor;Ileso;"32   ";Masculino;"1 ";"0    ";"0    ";"0    ";-15.7846150;-48.1320230;SPRF-DF;DEL03-DF;UOP02-DEL03-DF 
590820;"1315751   ";2024-03-30;sábado;22:15:00;DF;"70   ";"9,6  ";BRASILIA;Sim;Iluminação deficiente;1;Atropelamento de Pedestre;Com Vítimas Feridas;Plena Noite;Crescente;Nublado;Dupla;Reta;Sim  ;"0         ";"0";NA/NA;"0         ";Testemunha;Não Informado;"0    ";Não Informado;"0 ";"0    ";"0    ";"0    ";-15.7846150;-48.1320230;SPRF-DF;DEL03-DF;UOP02-DEL03-DF 
590820;"1315788   ";2024-03-30;sábado;22:15:00;DF;"70   ";"9,6  ";BRASILIA;Sim;Iluminação deficiente;1;Atropelamento de Pedestre;Com Vítimas Feridas;Plena Noite;Crescente;Nublado;Dupla;Reta;Sim  ;"0         ";"0";NA/NA;"0         ";Pedestre;Lesões Graves;"53   ";Masculino;"0 ";"0    ";"1    ";"0    ";-15.7846150;-48.1320230;SPRF-DF;DEL03-DF;UOP02-DEL03-DF 
590830;"1315756   ";2024-03-30;sábado;18:30:00;GO;"70   ";"5    ";AGUAS LINDAS DE GOIAS;Não;Ingestão de álcool pelo condutor;1;Colisão traseira;Sem Vítimas;Anoitecer;Crescente;Nublado;Dupla;Reta;Sim  ;"1053861   ";Automóvel;VW/FOX 1.0;"2007      ";Condutor;Ileso;"60   ";Masculino;"1 ";"0    ";"0    ";"0    ";-15.7568368;-48.2546473;SPRF-DF;DEL03-DF;UOP02-DEL03-DF 
590830;"1315757   ";2024-03-30;sábado;18:30:00;GO;"70   ";"5    ";AGUAS LINDAS DE GOIAS;Não;Ingestão de álcool pelo condutor;1;Colisão traseira;Sem Vítimas;Anoitecer;Crescente;Nublado;Dupla;Reta;Sim  ;"1053864   ";Automóvel;FIAT/IDEA ATTRACTIVE 1.4;"2011      ";Condutor;Ileso;"57   ";Masculino;"1 ";"0    ";"0    ";"0    ";-15.7568368;-48.2546473;SPRF-DF;DEL03-DF;UOP02-DEL03-DF 
590830;"1315756   ";2024-03-30;sábado;18:30:00;GO;"70   ";"5    ";AGUAS LINDAS DE GOIAS;Sim;Condutor deixou de manter distância do veículo da frente;1;Colisão traseira;Sem Vítimas;Anoitecer;Crescente;Nublado;Dupla;Reta;Sim  ;"1053861   ";Automóvel;VW/FOX 1.0;"2007      ";Condutor;Ileso;"60   ";Masculino;"1 ";"0    ";"0    ";"0    ";-15.7568368;-48.2546473;SPRF-DF;DEL03-DF;UOP02-DEL03-DF 
590830;"1315757   ";2024-03-30;sábado;18:30:00;GO;"70   ";"5    ";AGUAS LINDAS DE GOIAS;Sim;Condutor deixou de manter distância do veículo da frente;1;Colisão traseira;Sem Vítimas;Anoitecer;Crescente;Nublado;Dupla;Reta;Sim  ;"1053864   ";Automóvel;FIAT/IDEA ATTRACTIVE 1.4;"2011      ";Condutor;Ileso;"57   ";Masculino;"1 ";"0    ";"0    ";"0    ";-15.7568368;-48.2546473;SPRF-DF;DEL03-DF;UOP02-DEL03-DF 
590851;"1316000   ";2024-03-30;sábado;23:00:00;DF;"70   ";"0,6  ";BRASILIA;Sim;Velocidade Incompatível;1;Colisão traseira;Com Vítimas Feridas;Plena Noite;Decrescente;Chuva;Múltipla;Reta;Sim  ;"1054041   ";Automóvel;I/BMW 320I ACTIVE FLEX;"2014      ";Condutor;Ileso;"26   ";Masculino;"1 ";"0    ";"0    ";"0    ";-15.7923520;-48.0545090;SPRF-DF;DEL03-DF;UOP02-DEL03-DF 
590851;"1315999   ";2024-03-30;sábado;23:00:00;DF;"70   ";"0,6  ";BRASILIA;Sim;Velocidade Incompatível;1;Colisão traseira;Com Vítimas Feridas;Plena Noite;Decrescente;Chuva;Múltipla;Reta;Sim  ;"1054039   ";Automóvel;FIAT/UNO CS IE;"1993      ";Condutor;Lesões Leves;"34   ";Masculino;"0 ";"1    ";"0    ";"0    ";-15.7923520;-48.0545090;SPRF-DF;DEL03-DF;UOP02-DEL03-DF 
590851;"1316009   ";2024-03-30;sábado;23:00:00;DF;"70   ";"0,6  ";BRASILIA;Sim;Velocidade Incompatível;1;Colisão traseira;Com Vítimas Feridas;Plena Noite;Decrescente;Chuva;Múltipla;Reta;Sim  ;"1054039   ";Automóvel;FIAT/UNO CS IE;"1993      ";Passageiro;Lesões Leves;"0    ";Masculino;"0 ";"1    ";"0    ";"0    ";-15.7923520;-48.0545090;SPRF-DF;DEL03-DF;UOP02-DEL03-DF 
590851;"1316008   ";2024-03-30;sábado;23:00:00;DF;"70   ";"0,6  ";BRASILIA;Sim;Velocidade Incompatível;1;Colisão traseira;Com Vítimas Feridas;Plena Noite;Decrescente;Chuva;Múltipla;Reta;Sim  ;"1054039   ";Automóvel;FIAT/UNO CS IE;"1993      ";Passageiro;Lesões Leves;"0    ";Feminino;"0 ";"1    ";"0    ";"0    ";-15.7923520;-48.0545090;SPRF-DF;DEL03-DF;UOP02-DEL03-DF 
590851;"1316006   ";2024-03-30;sábado;23:00:00;DF;"70   ";"0,6  ";BRASILIA;Sim;Velocidade Incompatível;1;Colisão traseira;Com Vítimas Feridas;Plena Noite;Decrescente;Chuva;Múltipla;Reta;Sim  ;"1054039   ";Automóvel;FIAT/UNO CS IE;"1993      ";Passageiro;Lesões Leves;"0    ";Feminino;"0 ";"1    ";"0    ";"0    ";-15.7923520;-48.0545090;SPRF-DF;DEL03-DF;UOP02-DEL03-DF 
590851;"1316004   ";2024-03-30;sábado;23:00:00;DF;"70   ";"0,6  ";BRASILIA;Sim;Velocidade Incompatível;1;Colisão traseira;Com Vítimas Feridas;Plena Noite;Decrescente;Chuva;Múltipla;Reta;Sim  ;"1054039   ";Automóvel;FIAT/UNO CS IE;"1993      ";Passageiro;Lesões Leves;"0    ";Feminino;"0 ";"1    ";"0    ";"0    ";-15.7923520;-48.0545090;SPRF-DF;DEL03-DF;UOP02-DEL03-DF 
590851;"1316010   ";2024-03-30;sábado;23:00:00;DF;"70   ";"0,6  ";BRASILIA;Sim;Velocidade Incompatível;1;Colisão traseira;Com Vítimas Feridas;Plena Noite;Decrescente;Chuva;Múltipla;Reta;Sim  ;"1054039   ";Automóvel;FIAT/UNO CS IE;"1993      ";Passageiro;Lesões Graves;"0    ";Feminino;"0 ";"0    ";"1    ";"0    ";-15.7923520;-48.0545090;SPRF-DF;DEL03-DF;UOP02-DEL03-DF 
590851;"1316542   ";2024-03-30;sábado;23:00:00;DF;"70   ";"0,6  ";BRASILIA;Sim;Velocidade Incompatível;1;Colisão traseira;Com Vítimas Feridas;Plena Noite;Decrescente;Chuva;Múltipla;Reta;Sim  ;"1054156   ";Automóvel;VW/KOMBI;"0         ";Condutor;Ileso;"0    ";Ignorado;"1 ";"0    ";"0    ";"0    ";-15.7923520;-48.0545090;SPRF-DF;DEL03-DF;UOP02-DEL03-DF 
590856;"1315820   ";2024-03-31;domingo;00:59:00;DF;"20   ";"24   ";BRASILIA;Sim;Condutor Dormindo;1;Colisão com objeto;Com Vítimas Feridas;Plena Noite;Decrescente;Nublado;Dupla;Curva;Sim  ;"1053910   ";Automóvel;FIAT/UNO MILLE ECONOMY;"2012      ";Condutor;Lesões Leves;"41   ";Masculino;"0 ";"1    ";"0    ";"0    ";-15.5948310;-47.6586150;SPRF-DF;DEL02-DF;UOP01-DEL02-DF 
590860;"1315830   ";2024-03-31;domingo;01:00:00;GO;"20   ";"24   ";FORMOSA;Não;Reação tardia ou ineficiente do condutor;1;Colisão lateral sentido oposto;Com Vítimas Feridas;Plena Noite;Crescente;Céu Claro;Simples;"Curva;Declive";Não  ;"1053920   ";Automóvel;FIAT/PUNTO ATTRACTIVE;"2012      ";Passageiro;Ileso;"26   ";Masculino;"1 ";"0    ";"0    ";"0    ";-15.5401700;-47.1427690;SPRF-DF;DEL02-DF;UOP02-DEL02-DF 
590860;"1315831   ";2024-03-31;domingo;01:00:00;GO;"20   ";"24   ";FORMOSA;Não;Reação tardia ou ineficiente do condutor;1;Colisão lateral sentido oposto;Com Vítimas Feridas;Plena Noite;Crescente;Céu Claro;Simples;"Curva;Declive";Não  ;"1053920   ";Automóvel;FIAT/PUNTO ATTRACTIVE;"2012      ";Passageiro;Lesões Leves;"22   ";Feminino;"0 ";"1    ";"0    ";"0    ";-15.5401700;-47.1427690;SPRF-DF;DEL02-DF;UOP02-DEL02-DF 
590860;"1315829   ";2024-03-31;domingo;01:00:00;GO;"20   ";"24   ";FORMOSA;Não;Reação tardia ou ineficiente do condutor;1;Colisão lateral sentido oposto;Com Vítimas Feridas;Plena Noite;Crescente;Céu Claro;Simples;"Curva;Declive";Não  ;"1053920   ";Automóvel;FIAT/PUNTO ATTRACTIVE;"2012      ";Condutor;Lesões Leves;"28   ";Masculino;"0 ";"1    ";"0    ";"0    ";-15.5401700;-47.1427690;SPRF-DF;DEL02-DF;UOP02-DEL02-DF 
590860;"1315828   ";2024-03-31;domingo;01:00:00;GO;"20   ";"24   ";FORMOSA;Não;Reação tardia ou ineficiente do condutor;1;Colisão lateral sentido oposto;Com Vítimas Feridas;Plena Noite;Crescente;Céu Claro;Simples;"Curva;Declive";Não  ;"1053919   ";Caminhão;M.BENZ/ATEGO 1725;"2009      ";Passageiro;Ileso;"24   ";Masculino;"1 ";"0    ";"0    ";"0    ";-15.5401700;-47.1427690;SPRF-DF;DEL02-DF;UOP02-DEL02-DF 
590860;"1315827   ";2024-03-31;domingo;01:00:00;GO;"20   ";"24   ";FORMOSA;Não;Reação tardia ou ineficiente do condutor;1;Colisão lateral sentido oposto;Com Vítimas Feridas;Plena Noite;Crescente;Céu Claro;Simples;"Curva;Declive";Não  ;"1053919   ";Caminhão;M.BENZ/ATEGO 1725;"2009      ";Condutor;Ileso;"51   ";Masculino;"1 ";"0    ";"0    ";"0    ";-15.5401700;-47.1427690;SPRF-DF;DEL02-DF;UOP02-DEL02-DF 
590860;"1315830   ";2024-03-31;domingo;01:00:00;GO;"20   ";"24   ";FORMOSA;Não;Restrição de visibilidade em curvas verticais;1;Colisão lateral sentido oposto;Com Vítimas Feridas;Plena Noite;Crescente;Céu Claro;Simples;"Curva;Declive";Não  ;"1053920   ";Automóvel;FIAT/PUNTO ATTRACTIVE;"2012      ";Passageiro;Ileso;"26   ";Masculino;"1 ";"0    ";"0    ";"0    ";-15.5401700;-47.1427690;SPRF-DF;DEL02-DF;UOP02-DEL02-DF 
590860;"1315831   ";2024-03-31;domingo;01:00:00;GO;"20   ";"24   ";FORMOSA;Não;Restrição de visibilidade em curvas verticais;1;Colisão lateral sentido oposto;Com Vítimas Feridas;Plena Noite;Crescente;Céu Claro;Simples;"Curva;Declive";Não  ;"1053920   ";Automóvel;FIAT/PUNTO ATTRACTIVE;"2012      ";Passageiro;Lesões Leves;"22   ";Feminino;"0 ";"1    ";"0    ";"0    ";-15.5401700;-47.1427690;SPRF-DF;DEL02-DF;UOP02-DEL02-DF 
590860;"1315829   ";2024-03-31;domingo;01:00:00;GO;"20   ";"24   ";FORMOSA;Não;Restrição de visibilidade em curvas verticais;1;Colisão lateral sentido oposto;Com Vítimas Feridas;Plena Noite;Crescente;Céu Claro;Simples;"Curva;Declive";Não  ;"1053920   ";Automóvel;FIAT/PUNTO ATTRACTIVE;"2012      ";Condutor;Lesões Leves;"28   ";Masculino;"0 ";"1    ";"0    ";"0    ";-15.5401700;-47.1427690;SPRF-DF;DEL02-DF;UOP02-DEL02-DF 
590860;"1315828   ";2024-03-31;domingo;01:00:00;GO;"20   ";"24   ";FORMOSA;Não;Restrição de visibilidade em curvas verticais;1;Colisão lateral sentido oposto;Com Vítimas Feridas;Plena Noite;Crescente;Céu Claro;Simples;"Curva;Declive";Não  ;"1053919   ";Caminhão;M.BENZ/ATEGO 1725;"2009      ";Passageiro;Ileso;"24   ";Masculino;"1 ";"0    ";"0    ";"0    ";-15.5401700;-47.1427690;SPRF-DF;DEL02-DF;UOP02-DEL02-DF 
590860;"1315827   ";2024-03-31;domingo;01:00:00;GO;"20   ";"24   ";FORMOSA;Não;Restrição de visibilidade em curvas verticais;1;Colisão lateral sentido oposto;Com Vítimas Feridas;Plena Noite;Crescente;Céu Claro;Simples;"Curva;Declive";Não  ;"1053919   ";Caminhão;M.BENZ/ATEGO 1725;"2009      ";Condutor;Ileso;"51   ";Masculino;"1 ";"0    ";"0    ";"0    ";-15.5401700;-47.1427690;SPRF-DF;DEL02-DF;UOP02-DEL02-DF 
590860;"1315830   ";2024-03-31;domingo;01:00:00;GO;"20   ";"24   ";FORMOSA;Não;Restrição de visibilidade em curvas horizontais;1;Colisão lateral sentido oposto;Com Vítimas Feridas;Plena Noite;Crescente;Céu Claro;Simples;"Curva;Declive";Não  ;"1053920   ";Automóvel;FIAT/PUNTO ATTRACTIVE;"2012      ";Passageiro;Ileso;"26   ";Masculino;"1 ";"0    ";"0    ";"0    ";-15.5401700;-47.1427690;SPRF-DF;DEL02-DF;UOP02-DEL02-DF 
590860;"1315831   ";2024-03-31;domingo;01:00:00;GO;"20   ";"24   ";FORMOSA;Não;Restrição de visibilidade em curvas horizontais;1;Colisão lateral sentido oposto;Com Vítimas Feridas;Plena Noite;Crescente;Céu Claro;Simples;"Curva;Declive";Não  ;"1053920   ";Automóvel;FIAT/PUNTO ATTRACTIVE;"2012      ";Passageiro;Lesões Leves;"22   ";Feminino;"0 ";"1    ";"0    ";"0    ";-15.5401700;-47.1427690;SPRF-DF;DEL02-DF;UOP02-DEL02-DF 
590860;"1315829   ";2024-03-31;domingo;01:00:00;GO;"20   ";"24   ";FORMOSA;Não;Restrição de visibilidade em curvas horizontais;1;Colisão lateral sentido oposto;Com Vítimas Feridas;Plena Noite;Crescente;Céu Claro;Simples;"Curva;Declive";Não  ;"1053920   ";Automóvel;FIAT/PUNTO ATTRACTIVE;"2012      ";Condutor;Lesões Leves;"28   ";Masculino;"0 ";"1    ";"0    ";"0    ";-15.5401700;-47.1427690;SPRF-DF;DEL02-DF;UOP02-DEL02-DF 
594243;"0         ";2024-04-15;segunda-feira;20:50:00;GO;"60   ";"29   ";ALEXANIA;Sim;Transitar na contramão;2;Saída de leito carroçável;Sem Vítimas;Plena Noite;Crescente;Nublado;Dupla;Reta;Não  ;"1060426   ";Semireboque;SR/NOSTRA SRCF 2E;"2022      ";"0";"0";"0    ";"0";"0 ";"0    ";"0    ";"0    ";-16.0963000;-48.5202000;SPRF-DF;DEL03-DF;UOP01-DEL03-DF 
590860;"1315828   ";2024-03-31;domingo;01:00:00;GO;"20   ";"24   ";FORMOSA;Não;Restrição de visibilidade em curvas horizontais;1;Colisão lateral sentido oposto;Com Vítimas Feridas;Plena Noite;Crescente;Céu Claro;Simples;"Curva;Declive";Não  ;"1053919   ";Caminhão;M.BENZ/ATEGO 1725;"2009      ";Passageiro;Ileso;"24   ";Masculino;"1 ";"0    ";"0    ";"0    ";-15.5401700;-47.1427690;SPRF-DF;DEL02-DF;UOP02-DEL02-DF 
590860;"1315827   ";2024-03-31;domingo;01:00:00;GO;"20   ";"24   ";FORMOSA;Não;Restrição de visibilidade em curvas horizontais;1;Colisão lateral sentido oposto;Com Vítimas Feridas;Plena Noite;Crescente;Céu Claro;Simples;"Curva;Declive";Não  ;"1053919   ";Caminhão;M.BENZ/ATEGO 1725;"2009      ";Condutor;Ileso;"51   ";Masculino;"1 ";"0    ";"0    ";"0    ";-15.5401700;-47.1427690;SPRF-DF;DEL02-DF;UOP02-DEL02-DF 
590860;"1315830   ";2024-03-31;domingo;01:00:00;GO;"20   ";"24   ";FORMOSA;Não;Ingestão de álcool pelo condutor;1;Colisão lateral sentido oposto;Com Vítimas Feridas;Plena Noite;Crescente;Céu Claro;Simples;"Curva;Declive";Não  ;"1053920   ";Automóvel;FIAT/PUNTO ATTRACTIVE;"2012      ";Passageiro;Ileso;"26   ";Masculino;"1 ";"0    ";"0    ";"0    ";-15.5401700;-47.1427690;SPRF-DF;DEL02-DF;UOP02-DEL02-DF 
590860;"1315831   ";2024-03-31;domingo;01:00:00;GO;"20   ";"24   ";FORMOSA;Não;Ingestão de álcool pelo condutor;1;Colisão lateral sentido oposto;Com Vítimas Feridas;Plena Noite;Crescente;Céu Claro;Simples;"Curva;Declive";Não  ;"1053920   ";Automóvel;FIAT/PUNTO ATTRACTIVE;"2012      ";Passageiro;Lesões Leves;"22   ";Feminino;"0 ";"1    ";"0    ";"0    ";-15.5401700;-47.1427690;SPRF-DF;DEL02-DF;UOP02-DEL02-DF 
590860;"1315829   ";2024-03-31;domingo;01:00:00;GO;"20   ";"24   ";FORMOSA;Não;Ingestão de álcool pelo condutor;1;Colisão lateral sentido oposto;Com Vítimas Feridas;Plena Noite;Crescente;Céu Claro;Simples;"Curva;Declive";Não  ;"1053920   ";Automóvel;FIAT/PUNTO ATTRACTIVE;"2012      ";Condutor;Lesões Leves;"28   ";Masculino;"0 ";"1    ";"0    ";"0    ";-15.5401700;-47.1427690;SPRF-DF;DEL02-DF;UOP02-DEL02-DF 
590860;"1315828   ";2024-03-31;domingo;01:00:00;GO;"20   ";"24   ";FORMOSA;Não;Ingestão de álcool pelo condutor;1;Colisão lateral sentido oposto;Com Vítimas Feridas;Plena Noite;Crescente;Céu Claro;Simples;"Curva;Declive";Não  ;"1053919   ";Caminhão;M.BENZ/ATEGO 1725;"2009      ";Passageiro;Ileso;"24   ";Masculino;"1 ";"0    ";"0    ";"0    ";-15.5401700;-47.1427690;SPRF-DF;DEL02-DF;UOP02-DEL02-DF 
590860;"1315827   ";2024-03-31;domingo;01:00:00;GO;"20   ";"24   ";FORMOSA;Não;Ingestão de álcool pelo condutor;1;Colisão lateral sentido oposto;Com Vítimas Feridas;Plena Noite;Crescente;Céu Claro;Simples;"Curva;Declive";Não  ;"1053919   ";Caminhão;M.BENZ/ATEGO 1725;"2009      ";Condutor;Ileso;"51   ";Masculino;"1 ";"0    ";"0    ";"0    ";-15.5401700;-47.1427690;SPRF-DF;DEL02-DF;UOP02-DEL02-DF 
590860;"1315830   ";2024-03-31;domingo;01:00:00;GO;"20   ";"24   ";FORMOSA;Sim;Avarias e/ou desgaste excessivo no pneu;1;Colisão lateral sentido oposto;Com Vítimas Feridas;Plena Noite;Crescente;Céu Claro;Simples;"Curva;Declive";Não  ;"1053920   ";Automóvel;FIAT/PUNTO ATTRACTIVE;"2012      ";Passageiro;Ileso;"26   ";Masculino;"1 ";"0    ";"0    ";"0    ";-15.5401700;-47.1427690;SPRF-DF;DEL02-DF;UOP02-DEL02-DF 
590860;"1315831   ";2024-03-31;domingo;01:00:00;GO;"20   ";"24   ";FORMOSA;Sim;Avarias e/ou desgaste excessivo no pneu;1;Colisão lateral sentido oposto;Com Vítimas Feridas;Plena Noite;Crescente;Céu Claro;Simples;"Curva;Declive";Não  ;"1053920   ";Automóvel;FIAT/PUNTO ATTRACTIVE;"2012      ";Passageiro;Lesões Leves;"22   ";Feminino;"0 ";"1    ";"0    ";"0    ";-15.5401700;-47.1427690;SPRF-DF;DEL02-DF;UOP02-DEL02-DF 
590860;"1315829   ";2024-03-31;domingo;01:00:00;GO;"20   ";"24   ";FORMOSA;Sim;Avarias e/ou desgaste excessivo no pneu;1;Colisão lateral sentido oposto;Com Vítimas Feridas;Plena Noite;Crescente;Céu Claro;Simples;"Curva;Declive";Não  ;"1053920   ";Automóvel;FIAT/PUNTO ATTRACTIVE;"2012      ";Condutor;Lesões Leves;"28   ";Masculino;"0 ";"1    ";"0    ";"0    ";-15.5401700;-47.1427690;SPRF-DF;DEL02-DF;UOP02-DEL02-DF 
590860;"1315828   ";2024-03-31;domingo;01:00:00;GO;"20   ";"24   ";FORMOSA;Sim;Avarias e/ou desgaste excessivo no pneu;1;Colisão lateral sentido oposto;Com Vítimas Feridas;Plena Noite;Crescente;Céu Claro;Simples;"Curva;Declive";Não  ;"1053919   ";Caminhão;M.BENZ/ATEGO 1725;"2009      ";Passageiro;Ileso;"24   ";Masculino;"1 ";"0    ";"0    ";"0    ";-15.5401700;-47.1427690;SPRF-DF;DEL02-DF;UOP02-DEL02-DF 
590860;"1315827   ";2024-03-31;domingo;01:00:00;GO;"20   ";"24   ";FORMOSA;Sim;Avarias e/ou desgaste excessivo no pneu;1;Colisão lateral sentido oposto;Com Vítimas Feridas;Plena Noite;Crescente;Céu Claro;Simples;"Curva;Declive";Não  ;"1053919   ";Caminhão;M.BENZ/ATEGO 1725;"2009      ";Condutor;Ileso;"51   ";Masculino;"1 ";"0    ";"0    ";"0    ";-15.5401700;-47.1427690;SPRF-DF;DEL02-DF;UOP02-DEL02-DF 
590868;"1315842   ";2024-03-31;domingo;02:50:00;GO;"414  ";"410  ";ABADIANIA;Não;Velocidade Incompatível;2;Capotamento;Sem Vítimas;Plena Noite;Crescente;Nevoeiro/Neblina;Simples;Interseção de Vias;Não  ;"1053931   ";Utilitário;TROLLER/T4 XLT 3.2;"2016      ";Condutor;Ileso;"44   ";Masculino;"1 ";"0    ";"0    ";"0    ";-16.0518865;-48.8538301;SPRF-GO;DEL02-GO;UOP01-DEL02-GO 
590868;"1315843   ";2024-03-31;domingo;02:50:00;GO;"414  ";"410  ";ABADIANIA;Não;Velocidade Incompatível;2;Capotamento;Sem Vítimas;Plena Noite;Crescente;Nevoeiro/Neblina;Simples;Interseção de Vias;Não  ;"1053931   ";Utilitário;TROLLER/T4 XLT 3.2;"2016      ";Passageiro;Ileso;"36   ";Feminino;"1 ";"0    ";"0    ";"0    ";-16.0518865;-48.8538301;SPRF-GO;DEL02-GO;UOP01-DEL02-GO 
590868;"1315842   ";2024-03-31;domingo;02:50:00;GO;"414  ";"410  ";ABADIANIA;Sim;Neblina;2;Capotamento;Sem Vítimas;Plena Noite;Crescente;Nevoeiro/Neblina;Simples;Interseção de Vias;Não  ;"1053931   ";Utilitário;TROLLER/T4 XLT 3.2;"2016      ";Condutor;Ileso;"44   ";Masculino;"1 ";"0    ";"0    ";"0    ";-16.0518865;-48.8538301;SPRF-GO;DEL02-GO;UOP01-DEL02-GO 
590868;"1315843   ";2024-03-31;domingo;02:50:00;GO;"414  ";"410  ";ABADIANIA;Sim;Neblina;2;Capotamento;Sem Vítimas;Plena Noite;Crescente;Nevoeiro/Neblina;Simples;Interseção de Vias;Não  ;"1053931   ";Utilitário;TROLLER/T4 XLT 3.2;"2016      ";Passageiro;Ileso;"36   ";Feminino;"1 ";"0    ";"0    ";"0    ";-16.0518865;-48.8538301;SPRF-GO;DEL02-GO;UOP01-DEL02-GO 
590868;"1315842   ";2024-03-31;domingo;02:50:00;GO;"414  ";"410  ";ABADIANIA;Não;Velocidade Incompatível;1;Colisão com objeto;Sem Vítimas;Plena Noite;Crescente;Nevoeiro/Neblina;Simples;Interseção de Vias;Não  ;"1053931   ";Utilitário;TROLLER/T4 XLT 3.2;"2016      ";Condutor;Ileso;"44   ";Masculino;"1 ";"0    ";"0    ";"0    ";-16.0518865;-48.8538301;SPRF-GO;DEL02-GO;UOP01-DEL02-GO 
590868;"1315843   ";2024-03-31;domingo;02:50:00;GO;"414  ";"410  ";ABADIANIA;Não;Velocidade Incompatível;1;Colisão com objeto;Sem Vítimas;Plena Noite;Crescente;Nevoeiro/Neblina;Simples;Interseção de Vias;Não  ;"1053931   ";Utilitário;TROLLER/T4 XLT 3.2;"2016      ";Passageiro;Ileso;"36   ";Feminino;"1 ";"0    ";"0    ";"0    ";-16.0518865;-48.8538301;SPRF-GO;DEL02-GO;UOP01-DEL02-GO 
590868;"1315842   ";2024-03-31;domingo;02:50:00;GO;"414  ";"410  ";ABADIANIA;Sim;Neblina;1;Colisão com objeto;Sem Vítimas;Plena Noite;Crescente;Nevoeiro/Neblina;Simples;Interseção de Vias;Não  ;"1053931   ";Utilitário;TROLLER/T4 XLT 3.2;"2016      ";Condutor;Ileso;"44   ";Masculino;"1 ";"0    ";"0    ";"0    ";-16.0518865;-48.8538301;SPRF-GO;DEL02-GO;UOP01-DEL02-GO 
590868;"1315843   ";2024-03-31;domingo;02:50:00;GO;"414  ";"410  ";ABADIANIA;Sim;Neblina;1;Colisão com objeto;Sem Vítimas;Plena Noite;Crescente;Nevoeiro/Neblina;Simples;Interseção de Vias;Não  ;"1053931   ";Utilitário;TROLLER/T4 XLT 3.2;"2016      ";Passageiro;Ileso;"36   ";Feminino;"1 ";"0    ";"0    ";"0    ";-16.0518865;-48.8538301;SPRF-GO;DEL02-GO;UOP01-DEL02-GO 
590901;"1315917   ";2024-03-31;domingo;07:30:00;GO;"70   ";"4    ";AGUAS LINDAS DE GOIAS;Sim;Ausência de reação do condutor;1;Colisão com objeto;Sem Vítimas;Pleno dia;Decrescente;Céu Claro;Dupla;Reta;Sim  ;"1053978   ";Automóvel;VW/GOL 1.0;"2006      ";Condutor;Não Informado;"0    ";Não Informado;"0 ";"0    ";"0    ";"0    ";-15.7589970;-48.2503600;SPRF-DF;DEL03-DF;UOP02-DEL03-DF 
590905;"1316316   ";2024-03-31;domingo;08:05:00;GO;"40   ";"4    ";VALPARAISO DE GOIAS;Não;Velocidade Incompatível;2;Queda de ocupante de veículo;Com Vítimas Feridas;Pleno dia;Decrescente;Céu Claro;Dupla;Reta;Sim  ;"1054235   ";Motocicleta;HONDA/NX-4 FALCON;"2002      ";Condutor;Lesões Leves;"25   ";Masculino;"0 ";"1    ";"0    ";"0    ";-16.0902780;-47.9837390;SPRF-DF;DEL01-DF;UOP01-DEL01-DF 
590905;"1316313   ";2024-03-31;domingo;08:05:00;GO;"40   ";"4    ";VALPARAISO DE GOIAS;Não;Velocidade Incompatível;2;Queda de ocupante de veículo;Com Vítimas Feridas;Pleno dia;Decrescente;Céu Claro;Dupla;Reta;Sim  ;"1054234   ";Automóvel;VW/SANTANA CL;"1986      ";Condutor;Ileso;"72   ";Masculino;"1 ";"0    ";"0    ";"0    ";-16.0902780;-47.9837390;SPRF-DF;DEL01-DF;UOP01-DEL01-DF 
590905;"1316316   ";2024-03-31;domingo;08:05:00;GO;"40   ";"4    ";VALPARAISO DE GOIAS;Não;Trafegar com motocicleta (ou similar) entre as faixas;2;Queda de ocupante de veículo;Com Vítimas Feridas;Pleno dia;Decrescente;Céu Claro;Dupla;Reta;Sim  ;"1054235   ";Motocicleta;HONDA/NX-4 FALCON;"2002      ";Condutor;Lesões Leves;"25   ";Masculino;"0 ";"1    ";"0    ";"0    ";-16.0902780;-47.9837390;SPRF-DF;DEL01-DF;UOP01-DEL01-DF 
590905;"1316313   ";2024-03-31;domingo;08:05:00;GO;"40   ";"4    ";VALPARAISO DE GOIAS;Não;Trafegar com motocicleta (ou similar) entre as faixas;2;Queda de ocupante de veículo;Com Vítimas Feridas;Pleno dia;Decrescente;Céu Claro;Dupla;Reta;Sim  ;"1054234   ";Automóvel;VW/SANTANA CL;"1986      ";Condutor;Ileso;"72   ";Masculino;"1 ";"0    ";"0    ";"0    ";-16.0902780;-47.9837390;SPRF-DF;DEL01-DF;UOP01-DEL01-DF 