id;pesid;data_inversa;dia_semana;horario;uf;br;km;municipio;causa_principal;causa_acidente;ordem_tipo_acidente;tipo_acidente;classificacao_acidente;fase_dia;sentido_via;condicao_metereologica;tipo_pista;tracado_via;uso_solo;id_veiculo;tipo_veiculo;marca;ano_fabricacao_veiculo;tipo_envolvido;estado_fisico;idade;sexo;ilesos;feridos_leves;feridos_graves;mortos;latitude;longitude;regional;delegacia;uop
591153;"1316613   ";2024-04-01;segunda-feira;12:00:00;DF;"40   ";"5,6  ";BRASILIA;Sim;Reação tardia ou ineficiente do condutor;1;Tombamento;Com Vítimas Feridas;Pleno dia;Crescente;Céu Claro;Dupla;Reta;Sim  ;"1054473   ";Motocicleta;HONDA/CG 150 TITAN ES;"2008      ";Condutor;Lesões Leves;"47   ";Masculino;"0 ";"1    ";"0    ";"0    ";-16.0209030;-47.9805410;SPRF-DF;DEL01-DF;UOP01-DEL01-DF 
591205;"1316999   ";2024-04-01;segunda-feira;16:40:00;DF;"20   ";"6,3  ";BRASILIA;Sim;Condutor deixou de manter distância do veículo da frente;2;Queda de ocupante de veículo;Com Vítimas Feridas;Pleno dia;Crescente;Céu Claro;Dupla;Aclive;Sim  ;"1054775   ";Motocicleta;HONDA/CB250F TWISTER ABS;"2021      ";Condutor;Lesões Leves;"19   ";Masculino;"0 ";"1    ";"0    ";"0    ";-15.6658880;-47.8083080;SPRF-DF;DEL02-DF;UOP01-DEL02-DF 
591205;"1317001   ";2024-04-01;segunda-feira;16:40:00;DF;"20   ";"6,3  ";BRASILIA;Sim;Condutor deixou de manter distância do veículo da frente;2;Queda de ocupante de veículo;Com Vítimas Feridas;Pleno dia;Crescente;Céu Claro;Dupla;Aclive;Sim  ;"1054776   ";Automóvel;I/NISSAN VERSA 16SL FLEX;"2013      ";Condutor;Ileso;"45   ";Masculino;"1 ";"0    ";"0    ";"0    ";-15.6658880;-47.8083080;SPRF-DF;DEL02-DF;UOP01-DEL02-DF 
591205;"1316999   ";2024-04-01;segunda-feira;16:40:00;DF;"20   ";"6,3  ";BRASILIA;Sim;Condutor deixou de manter distância do veículo da frente;1;Colisão traseira;Com Vítimas Feridas;Pleno dia;Crescente;Céu Claro;Dupla;Aclive;Sim  ;"1054775   ";Motocicleta;HONDA/CB250F TWISTER ABS;"2021      ";Condutor;Lesões Leves;"19   ";Masculino;"0 ";"1    ";"0    ";"0    ";-15.6658880;-47.8083080;SPRF-DF;DEL02-DF;UOP01-DEL02-DF 
591205;"1317001   ";2024-04-01;segunda-feira;16:40:00;DF;"20   ";"6,3  ";BRASILIA;Sim;Condutor deixou de manter distância do veículo da frente;1;Colisão traseira;Com Vítimas Feridas;Pleno dia;Crescente;Céu Claro;Dupla;Aclive;Sim  ;"1054776   ";Automóvel;I/NISSAN VERSA 16SL FLEX;"2013      ";Condutor;Ileso;"45   ";Masculino;"1 ";"0    ";"0    ";"0    ";-15.6658880;-47.8083080;SPRF-DF;DEL02-DF;UOP01-DEL02-DF 
591305;"1317060   ";2024-04-02;terça-feira;06:41:00;DF;"251  ";"31,6 ";BRASILIA;Não;Reação tardia ou ineficiente do condutor;1;Tombamento;Com Vítimas Feridas;Pleno dia;Crescente;Garoa/Chuvisco;Dupla;Reta;Sim  ;"1054819   ";Motocicleta;HONDA/CG 125 FAN KS;"2011      ";Condutor;Lesões Leves;"68   ";Masculino;"0 ";"1    ";"0    ";"0    ";-15.9381830;-47.7481500;SPRF-DF;DEL01-DF;UOP01-DEL01-DF 
591305;"1317060   ";2024-04-02;terça-feira;06:41:00;DF;"251  ";"31,6 ";BRASILIA;Sim;Avarias e/ou desgaste excessivo no pneu;1;Tombamento;Com Vítimas Feridas;Pleno dia;Crescente;Garoa/Chuvisco;Dupla;Reta;Sim  ;"1054819   ";Motocicleta;HONDA/CG 125 FAN KS;"2011      ";Condutor;Lesões Leves;"68   ";Masculino;"0 ";"1    ";"0    ";"0    ";-15.9381830;-47.7481500;SPRF-DF;DEL01-DF;UOP01-DEL01-DF 
591305;"1317060   ";2024-04-02;terça-feira;06:41:00;DF;"251  ";"31,6 ";BRASILIA;Não;Reação tardia ou ineficiente do condutor;2;Saída de leito carroçável;Com Vítimas Feridas;Pleno dia;Crescente;Garoa/Chuvisco;Dupla;Reta;Sim  ;"1054819   ";Motocicleta;HONDA/CG 125 FAN KS;"2011      ";Condutor;Lesões Leves;"68   ";Masculino;"0 ";"1    ";"0    ";"0    ";-15.9381830;-47.7481500;SPRF-DF;DEL01-DF;UOP01-DEL01-DF 
591305;"1317060   ";2024-04-02;terça-feira;06:41:00;DF;"251  ";"31,6 ";BRASILIA;Sim;Avarias e/ou desgaste excessivo no pneu;2;Saída de leito carroçável;Com Vítimas Feridas;Pleno dia;Crescente;Garoa/Chuvisco;Dupla;Reta;Sim  ;"1054819   ";Motocicleta;HONDA/CG 125 FAN KS;"2011      ";Condutor;Lesões Leves;"68   ";Masculino;"0 ";"1    ";"0    ";"0    ";-15.9381830;-47.7481500;SPRF-DF;DEL01-DF;UOP01-DEL01-DF 
591330;"1317080   ";2024-04-02;terça-feira;07:35:00;GO;"70   ";"3    ";AGUAS LINDAS DE GOIAS;Não;Reação tardia ou ineficiente do condutor;2;Capotamento;Com Vítimas Feridas;Pleno dia;Decrescente;Chuva;Múltipla;Reta;Sim  ;"1054837   ";Automóvel;GM/ASTRA GL;"2000      ";Condutor;Ileso;"31   ";Masculino;"1 ";"0    ";"0    ";"0    ";-15.7617730;-48.2368693;SPRF-DF;DEL03-DF;UOP02-DEL03-DF 
591330;"1320088   ";2024-04-02;terça-feira;07:35:00;GO;"70   ";"3    ";AGUAS LINDAS DE GOIAS;Não;Reação tardia ou ineficiente do condutor;2;Capotamento;Com Vítimas Feridas;Pleno dia;Decrescente;Chuva;Múltipla;Reta;Sim  ;"1054836   ";Automóvel;HYUNDAI/HB20 10M VISION;"2019      ";Passageiro;Lesões Leves;"8    ";Feminino;"0 ";"1    ";"0    ";"0    ";-15.7617730;-48.2368693;SPRF-DF;DEL03-DF;UOP02-DEL03-DF 
591330;"1317079   ";2024-04-02;terça-feira;07:35:00;GO;"70   ";"3    ";AGUAS LINDAS DE GOIAS;Não;Reação tardia ou ineficiente do condutor;2;Capotamento;Com Vítimas Feridas;Pleno dia;Decrescente;Chuva;Múltipla;Reta;Sim  ;"1054836   ";Automóvel;HYUNDAI/HB20 10M VISION;"2019      ";Condutor;Ileso;"34   ";Masculino;"1 ";"0    ";"0    ";"0    ";-15.7617730;-48.2368693;SPRF-DF;DEL03-DF;UOP02-DEL03-DF 
591330;"1320087   ";2024-04-02;terça-feira;07:35:00;GO;"70   ";"3    ";AGUAS LINDAS DE GOIAS;Não;Reação tardia ou ineficiente do condutor;2;Capotamento;Com Vítimas Feridas;Pleno dia;Decrescente;Chuva;Múltipla;Reta;Sim  ;"1054836   ";Automóvel;HYUNDAI/HB20 10M VISION;"2019      ";Passageiro;Lesões Leves;"30   ";Feminino;"0 ";"1    ";"0    ";"0    ";-15.7617730;-48.2368693;SPRF-DF;DEL03-DF;UOP02-DEL03-DF 
591330;"1317080   ";2024-04-02;terça-feira;07:35:00;GO;"70   ";"3    ";AGUAS LINDAS DE GOIAS;Não;Chuva;2;Capotamento;Com Vítimas Feridas;Pleno dia;Decrescente;Chuva;Múltipla;Reta;Sim  ;"1054837   ";Automóvel;GM/ASTRA GL;"2000      ";Condutor;Ileso;"31   ";Masculino;"1 ";"0    ";"0    ";"0    ";-15.7617730;-48.2368693;SPRF-DF;DEL03-DF;UOP02-DEL03-DF 
591330;"1320088   ";2024-04-02;terça-feira;07:35:00;GO;"70   ";"3    ";AGUAS LINDAS DE GOIAS;Não;Chuva;2;Capotamento;Com Vítimas Feridas;Pleno dia;Decrescente;Chuva;Múltipla;Reta;Sim  ;"1054836   ";Automóvel;HYUNDAI/HB20 10M VISION;"2019      ";Passageiro;Lesões Leves;"8    ";Feminino;"0 ";"1    ";"0    ";"0    ";-15.7617730;-48.2368693;SPRF-DF;DEL03-DF;UOP02-DEL03-DF 
591330;"1317079   ";2024-04-02;terça-feira;07:35:00;GO;"70   ";"3    ";AGUAS LINDAS DE GOIAS;Não;Chuva;2;Capotamento;Com Vítimas Feridas;Pleno dia;Decrescente;Chuva;Múltipla;Reta;Sim  ;"1054836   ";Automóvel;HYUNDAI/HB20 10M VISION;"2019      ";Condutor;Ileso;"34   ";Masculino;"1 ";"0    ";"0    ";"0    ";-15.7617730;-48.2368693;SPRF-DF;DEL03-DF;UOP02-DEL03-DF 
591330;"1320087   ";2024-04-02;terça-feira;07:35:00;GO;"70   ";"3    ";AGUAS LINDAS DE GOIAS;Não;Chuva;2;Capotamento;Com Vítimas Feridas;Pleno dia;Decrescente;Chuva;Múltipla;Reta;Sim  ;"1054836   ";Automóvel;HYUNDAI/HB20 10M VISION;"2019      ";Passageiro;Lesões Leves;"30   ";Feminino;"0 ";"1    ";"0    ";"0    ";-15.7617730;-48.2368693;SPRF-DF;DEL03-DF;UOP02-DEL03-DF 
591330;"1317080   ";2024-04-02;terça-feira;07:35:00;GO;"70   ";"3    ";AGUAS LINDAS DE GOIAS;Sim;Acumulo de água sobre o pavimento;2;Capotamento;Com Vítimas Feridas;Pleno dia;Decrescente;Chuva;Múltipla;Reta;Sim  ;"1054837   ";Automóvel;GM/ASTRA GL;"2000      ";Condutor;Ileso;"31   ";Masculino;"1 ";"0    ";"0    ";"0    ";-15.7617730;-48.2368693;SPRF-DF;DEL03-DF;UOP02-DEL03-DF 
591330;"1320088   ";2024-04-02;terça-feira;07:35:00;GO;"70   ";"3    ";AGUAS LINDAS DE GOIAS;Sim;Acumulo de água sobre o pavimento;2;Capotamento;Com Vítimas Feridas;Pleno dia;Decrescente;Chuva;Múltipla;Reta;Sim  ;"1054836   ";Automóvel;HYUNDAI/HB20 10M VISION;"2019      ";Passageiro;Lesões Leves;"8    ";Feminino;"0 ";"1    ";"0    ";"0    ";-15.7617730;-48.2368693;SPRF-DF;DEL03-DF;UOP02-DEL03-DF 
591330;"1317079   ";2024-04-02;terça-feira;07:35:00;GO;"70   ";"3    ";AGUAS LINDAS DE GOIAS;Sim;Acumulo de água sobre o pavimento;2;Capotamento;Com Vítimas Feridas;Pleno dia;Decrescente;Chuva;Múltipla;Reta;Sim  ;"1054836   ";Automóvel;HYUNDAI/HB20 10M VISION;"2019      ";Condutor;Ileso;"34   ";Masculino;"1 ";"0    ";"0    ";"0    ";-15.7617730;-48.2368693;SPRF-DF;DEL03-DF;UOP02-DEL03-DF 
591330;"1320087   ";2024-04-02;terça-feira;07:35:00;GO;"70   ";"3    ";AGUAS LINDAS DE GOIAS;Sim;Acumulo de água sobre o pavimento;2;Capotamento;Com Vítimas Feridas;Pleno dia;Decrescente;Chuva;Múltipla;Reta;Sim  ;"1054836   ";Automóvel;HYUNDAI/HB20 10M VISION;"2019      ";Passageiro;Lesões Leves;"30   ";Feminino;"0 ";"1    ";"0    ";"0    ";-15.7617730;-48.2368693;SPRF-DF;DEL03-DF;UOP02-DEL03-DF 
591330;"1317080   ";2024-04-02;terça-feira;07:35:00;GO;"70   ";"3    ";AGUAS LINDAS DE GOIAS;Não;Reação tardia ou ineficiente do condutor;1;Colisão traseira;Com Vítimas Feridas;Pleno dia;Decrescente;Chuva;Múltipla;Reta;Sim  ;"1054837   ";Automóvel;GM/ASTRA GL;"2000      ";Condutor;Ileso;"31   ";Masculino;"1 ";"0    ";"0    ";"0    ";-15.7617730;-48.2368693;SPRF-DF;DEL03-DF;UOP02-DEL03-DF 
591330;"1320088   ";2024-04-02;terça-feira;07:35:00;GO;"70   ";"3    ";AGUAS LINDAS DE GOIAS;Não;Reação tardia ou ineficiente do condutor;1;Colisão traseira;Com Vítimas Feridas;Pleno dia;Decrescente;Chuva;Múltipla;Reta;Sim  ;"1054836   ";Automóvel;HYUNDAI/HB20 10M VISION;"2019      ";Passageiro;Lesões Leves;"8    ";Feminino;"0 ";"1    ";"0    ";"0    ";-15.7617730;-48.2368693;SPRF-DF;DEL03-DF;UOP02-DEL03-DF 
591330;"1317079   ";2024-04-02;terça-feira;07:35:00;GO;"70   ";"3    ";AGUAS LINDAS DE GOIAS;Não;Reação tardia ou ineficiente do condutor;1;Colisão traseira;Com Vítimas Feridas;Pleno dia;Decrescente;Chuva;Múltipla;Reta;Sim  ;"1054836   ";Automóvel;HYUNDAI/HB20 10M VISION;"2019      ";Condutor;Ileso;"34   ";Masculino;"1 ";"0    ";"0    ";"0    ";-15.7617730;-48.2368693;SPRF-DF;DEL03-DF;UOP02-DEL03-DF 
591330;"1320087   ";2024-04-02;terça-feira;07:35:00;GO;"70   ";"3    ";AGUAS LINDAS DE GOIAS;Não;Reação tardia ou ineficiente do condutor;1;Colisão traseira;Com Vítimas Feridas;Pleno dia;Decrescente;Chuva;Múltipla;Reta;Sim  ;"1054836   ";Automóvel;HYUNDAI/HB20 10M VISION;"2019      ";Passageiro;Lesões Leves;"30   ";Feminino;"0 ";"1    ";"0    ";"0    ";-15.7617730;-48.2368693;SPRF-DF;DEL03-DF;UOP02-DEL03-DF 
591330;"1317080   ";2024-04-02;terça-feira;07:35:00;GO;"70   ";"3    ";AGUAS LINDAS DE GOIAS;Não;Chuva;1;Colisão traseira;Com Vítimas Feridas;Pleno dia;Decrescente;Chuva;Múltipla;Reta;Sim  ;"1054837   ";Automóvel;GM/ASTRA GL;"2000      ";Condutor;Ileso;"31   ";Masculino;"1 ";"0    ";"0    ";"0    ";-15.7617730;-48.2368693;SPRF-DF;DEL03-DF;UOP02-DEL03-DF 
591330;"1320088   ";2024-04-02;terça-feira;07:35:00;GO;"70   ";"3    ";AGUAS LINDAS DE GOIAS;Não;Chuva;1;Colisão traseira;Com Vítimas Feridas;Pleno dia;Decrescente;Chuva;Múltipla;Reta;Sim  ;"1054836   ";Automóvel;HYUNDAI/HB20 10M VISION;"2019      ";Passageiro;Lesões Leves;"8    ";Feminino;"0 ";"1    ";"0    ";"0    ";-15.7617730;-48.2368693;SPRF-DF;DEL03-DF;UOP02-DEL03-DF 
591330;"1317079   ";2024-04-02;terça-feira;07:35:00;GO;"70   ";"3    ";AGUAS LINDAS DE GOIAS;Não;Chuva;1;Colisão traseira;Com Vítimas Feridas;Pleno dia;Decrescente;Chuva;Múltipla;Reta;Sim  ;"1054836   ";Automóvel;HYUNDAI/HB20 10M VISION;"2019      ";Condutor;Ileso;"34   ";Masculino;"1 ";"0    ";"0    ";"0    ";-15.7617730;-48.2368693;SPRF-DF;DEL03-DF;UOP02-DEL03-DF 
591330;"1320087   ";2024-04-02;terça-feira;07:35:00;GO;"70   ";"3    ";AGUAS LINDAS DE GOIAS;Não;Chuva;1;Colisão traseira;Com Vítimas Feridas;Pleno dia;Decrescente;Chuva;Múltipla;Reta;Sim  ;"1054836   ";Automóvel;HYUNDAI/HB20 10M VISION;"2019      ";Passageiro;Lesões Leves;"30   ";Feminino;"0 ";"1    ";"0    ";"0    ";-15.7617730;-48.2368693;SPRF-DF;DEL03-DF;UOP02-DEL03-DF 
591330;"1317080   ";2024-04-02;terça-feira;07:35:00;GO;"70   ";"3    ";AGUAS LINDAS DE GOIAS;Sim;Acumulo de água sobre o pavimento;1;Colisão traseira;Com Vítimas Feridas;Pleno dia;Decrescente;Chuva;Múltipla;Reta;Sim  ;"1054837   ";Automóvel;GM/ASTRA GL;"2000      ";Condutor;Ileso;"31   ";Masculino;"1 ";"0    ";"0    ";"0    ";-15.7617730;-48.2368693;SPRF-DF;DEL03-DF;UOP02-DEL03-DF 
591330;"1320088   ";2024-04-02;terça-feira;07:35:00;GO;"70   ";"3    ";AGUAS LINDAS DE GOIAS;Sim;Acumulo de água sobre o pavimento;1;Colisão traseira;Com Vítimas Feridas;Pleno dia;Decrescente;Chuva;Múltipla;Reta;Sim  ;"1054836   ";Automóvel;HYUNDAI/HB20 10M VISION;"2019      ";Passageiro;Lesões Leves;"8    ";Feminino;"0 ";"1    ";"0    ";"0    ";-15.7617730;-48.2368693;SPRF-DF;DEL03-DF;UOP02-DEL03-DF 
591330;"1317079   ";2024-04-02;terça-feira;07:35:00;GO;"70   ";"3    ";AGUAS LINDAS DE GOIAS;Sim;Acumulo de água sobre o pavimento;1;Colisão traseira;Com Vítimas Feridas;Pleno dia;Decrescente;Chuva;Múltipla;Reta;Sim  ;"1054836   ";Automóvel;HYUNDAI/HB20 10M VISION;"2019      ";Condutor;Ileso;"34   ";Masculino;"1 ";"0    ";"0    ";"0    ";-15.7617730;-48.2368693;SPRF-DF;DEL03-DF;UOP02-DEL03-DF 
591330;"1320087   ";2024-04-02;terça-feira;07:35:00;GO;"70   ";"3    ";AGUAS LINDAS DE GOIAS;Sim;Acumulo de água sobre o pavimento;1;Colisão traseira;Com Vítimas Feridas;Pleno dia;Decrescente;Chuva;Múltipla;Reta;Sim  ;"1054836   ";Automóvel;HYUNDAI/HB20 10M VISION;"2019      ";Passageiro;Lesões Leves;"30   ";Feminino;"0 ";"1    ";"0    ";"0    ";-15.7617730;-48.2368693;SPRF-DF;DEL03-DF;UOP02-DEL03-DF 
591338;"1318732   ";2024-04-02;terça-feira;07:52:00;DF;"70   ";"2    ";BRASILIA;Sim;Manobra de mudança de faixa;3;Queda de ocupante de veículo;Com Vítimas Feridas;Pleno dia;Decrescente;Chuva;Dupla;Reta;Sim  ;"1054839   ";Motocicleta;HONDA/CG 160 FAN;"2023      ";Condutor;Lesões Leves;"24   ";Masculino;"0 ";"1    ";"0    ";"0    ";-15.7980480;-48.0732350;SPRF-DF;DEL03-DF;UOP02-DEL03-DF 
591338;"1317077   ";2024-04-02;terça-feira;07:52:00;DF;"70   ";"2    ";BRASILIA;Sim;Manobra de mudança de faixa;3;Queda de ocupante de veículo;Com Vítimas Feridas;Pleno dia;Decrescente;Chuva;Dupla;Reta;Sim  ;"1054838   ";Automóvel;VW/GOL 1.0;"2006      ";Condutor;Ileso;"46   ";Masculino;"1 ";"0    ";"0    ";"0    ";-15.7980480;-48.0732350;SPRF-DF;DEL03-DF;UOP02-DEL03-DF 
591338;"1318732   ";2024-04-02;terça-feira;07:52:00;DF;"70   ";"2    ";BRASILIA;Sim;Manobra de mudança de faixa;2;Tombamento;Com Vítimas Feridas;Pleno dia;Decrescente;Chuva;Dupla;Reta;Sim  ;"1054839   ";Motocicleta;HONDA/CG 160 FAN;"2023      ";Condutor;Lesões Leves;"24   ";Masculino;"0 ";"1    ";"0    ";"0    ";-15.7980480;-48.0732350;SPRF-DF;DEL03-DF;UOP02-DEL03-DF 
591338;"1317077   ";2024-04-02;terça-feira;07:52:00;DF;"70   ";"2    ";BRASILIA;Sim;Manobra de mudança de faixa;2;Tombamento;Com Vítimas Feridas;Pleno dia;Decrescente;Chuva;Dupla;Reta;Sim  ;"1054838   ";Automóvel;VW/GOL 1.0;"2006      ";Condutor;Ileso;"46   ";Masculino;"1 ";"0    ";"0    ";"0    ";-15.7980480;-48.0732350;SPRF-DF;DEL03-DF;UOP02-DEL03-DF 
591338;"1318732   ";2024-04-02;terça-feira;07:52:00;DF;"70   ";"2    ";BRASILIA;Sim;Manobra de mudança de faixa;1;Colisão lateral mesmo sentido;Com Vítimas Feridas;Pleno dia;Decrescente;Chuva;Dupla;Reta;Sim  ;"1054839   ";Motocicleta;HONDA/CG 160 FAN;"2023      ";Condutor;Lesões Leves;"24   ";Masculino;"0 ";"1    ";"0    ";"0    ";-15.7980480;-48.0732350;SPRF-DF;DEL03-DF;UOP02-DEL03-DF 
591338;"1317077   ";2024-04-02;terça-feira;07:52:00;DF;"70   ";"2    ";BRASILIA;Sim;Manobra de mudança de faixa;1;Colisão lateral mesmo sentido;Com Vítimas Feridas;Pleno dia;Decrescente;Chuva;Dupla;Reta;Sim  ;"1054838   ";Automóvel;VW/GOL 1.0;"2006      ";Condutor;Ileso;"46   ";Masculino;"1 ";"0    ";"0    ";"0    ";-15.7980480;-48.0732350;SPRF-DF;DEL03-DF;UOP02-DEL03-DF 
591353;"1317313   ";2024-04-02;terça-feira;11:15:00;DF;"40   ";"7    ";BRASILIA;Sim;Ausência de reação do condutor;3;Queda de ocupante de veículo;Com Vítimas Feridas;Pleno dia;Decrescente;Nublado;Dupla;"Reta;Aclive";Sim  ;"1055026   ";Motocicleta;HONDA/CB250F TWISTER CBS;"2022      ";Condutor;Lesões Leves;"23   ";Masculino;"0 ";"1    ";"0    ";"0    ";-16.0386660;-47.9796910;SPRF-DF;DEL01-DF;UOP01-DEL01-DF 
591353;"1317328   ";2024-04-02;terça-feira;11:15:00;DF;"40   ";"7    ";BRASILIA;Sim;Ausência de reação do condutor;3;Queda de ocupante de veículo;Com Vítimas Feridas;Pleno dia;Decrescente;Nublado;Dupla;"Reta;Aclive";Sim  ;"1055029   ";Caminhonete;VW/SAVEIRO 1.6 CE CROSS;"2011      ";Condutor;Ileso;"41   ";Masculino;"1 ";"0    ";"0    ";"0    ";-16.0386660;-47.9796910;SPRF-DF;DEL01-DF;UOP01-DEL01-DF 
591353;"1317313   ";2024-04-02;terça-feira;11:15:00;DF;"40   ";"7    ";BRASILIA;Sim;Ausência de reação do condutor;2;Tombamento;Com Vítimas Feridas;Pleno dia;Decrescente;Nublado;Dupla;"Reta;Aclive";Sim  ;"1055026   ";Motocicleta;HONDA/CB250F TWISTER CBS;"2022      ";Condutor;Lesões Leves;"23   ";Masculino;"0 ";"1    ";"0    ";"0    ";-16.0386660;-47.9796910;SPRF-DF;DEL01-DF;UOP01-DEL01-DF 
591353;"1317328   ";2024-04-02;terça-feira;11:15:00;DF;"40   ";"7    ";BRASILIA;Sim;Ausência de reação do condutor;2;Tombamento;Com Vítimas Feridas;Pleno dia;Decrescente;Nublado;Dupla;"Reta;Aclive";Sim  ;"1055029   ";Caminhonete;VW/SAVEIRO 1.6 CE CROSS;"2011      ";Condutor;Ileso;"41   ";Masculino;"1 ";"0    ";"0    ";"0    ";-16.0386660;-47.9796910;SPRF-DF;DEL01-DF;UOP01-DEL01-DF 
591353;"1317313   ";2024-04-02;terça-feira;11:15:00;DF;"40   ";"7    ";BRASILIA;Sim;Ausência de reação do condutor;1;Colisão traseira;Com Vítimas Feridas;Pleno dia;Decrescente;Nublado;Dupla;"Reta;Aclive";Sim  ;"1055026   ";Motocicleta;HONDA/CB250F TWISTER CBS;"2022      ";Condutor;Lesões Leves;"23   ";Masculino;"0 ";"1    ";"0    ";"0    ";-16.0386660;-47.9796910;SPRF-DF;DEL01-DF;UOP01-DEL01-DF 
591353;"1317328   ";2024-04-02;terça-feira;11:15:00;DF;"40   ";"7    ";BRASILIA;Sim;Ausência de reação do condutor;1;Colisão traseira;Com Vítimas Feridas;Pleno dia;Decrescente;Nublado;Dupla;"Reta;Aclive";Sim  ;"1055029   ";Caminhonete;VW/SAVEIRO 1.6 CE CROSS;"2011      ";Condutor;Ileso;"41   ";Masculino;"1 ";"0    ";"0    ";"0    ";-16.0386660;-47.9796910;SPRF-DF;DEL01-DF;UOP01-DEL01-DF 
591378;"1317415   ";2024-04-02;terça-feira;13:00:00;DF;"20   ";"7,8  ";BRASILIA;Sim;Manobra de mudança de faixa;1;Saída de leito carroçável;Sem Vítimas;Pleno dia;Decrescente;Céu Claro;Dupla;Declive;Sim  ;"1055114   ";Automóvel;VW/GOL 1.8;"1999      ";Condutor;Ileso;"29   ";Masculino;"1 ";"0    ";"0    ";"0    ";-15.6622080;-47.7998660;SPRF-DF;DEL02-DF;UOP01-DEL02-DF 
591461;"1317377   ";2024-04-02;terça-feira;20:00:00;DF;"70   ";"6    ";BRASILIA;Sim;Acesso irregular;3;Tombamento;Com Vítimas Feridas;Plena Noite;Crescente;Céu Claro;Múltipla;Reta;Não  ;"1055078   ";Caminhão;I/IVECOFIAT E 160E21 3;"1998      ";Condutor;Lesões Leves;"46   ";Masculino;"0 ";"1    ";"0    ";"0    ";-15.7912420;-48.1057590;SPRF-DF;DEL03-DF;UOP02-DEL03-DF 
591461;"1317378   ";2024-04-02;terça-feira;20:00:00;DF;"70   ";"6    ";BRASILIA;Sim;Acesso irregular;3;Tombamento;Com Vítimas Feridas;Plena Noite;Crescente;Céu Claro;Múltipla;Reta;Não  ;"1055080   ";Motocicleta;JTZ/CHOPPER RL;"2021      ";Condutor;Lesões Leves;"42   ";Masculino;"0 ";"1    ";"0    ";"0    ";-15.7912420;-48.1057590;SPRF-DF;DEL03-DF;UOP02-DEL03-DF 
591461;"1317377   ";2024-04-02;terça-feira;20:00:00;DF;"70   ";"6    ";BRASILIA;Sim;Acesso irregular;2;Queda de ocupante de veículo;Com Vítimas Feridas;Plena Noite;Crescente;Céu Claro;Múltipla;Reta;Não  ;"1055078   ";Caminhão;I/IVECOFIAT E 160E21 3;"1998      ";Condutor;Lesões Leves;"46   ";Masculino;"0 ";"1    ";"0    ";"0    ";-15.7912420;-48.1057590;SPRF-DF;DEL03-DF;UOP02-DEL03-DF 
591461;"1317378   ";2024-04-02;terça-feira;20:00:00;DF;"70   ";"6    ";BRASILIA;Sim;Acesso irregular;2;Queda de ocupante de veículo;Com Vítimas Feridas;Plena Noite;Crescente;Céu Claro;Múltipla;Reta;Não  ;"1055080   ";Motocicleta;JTZ/CHOPPER RL;"2021      ";Condutor;Lesões Leves;"42   ";Masculino;"0 ";"1    ";"0    ";"0    ";-15.7912420;-48.1057590;SPRF-DF;DEL03-DF;UOP02-DEL03-DF 
591461;"1317377   ";2024-04-02;terça-feira;20:00:00;DF;"70   ";"6    ";BRASILIA;Sim;Acesso irregular;1;Colisão transversal;Com Vítimas Feridas;Plena Noite;Crescente;Céu Claro;Múltipla;Reta;Não  ;"1055078   ";Caminhão;I/IVECOFIAT E 160E21 3;"1998      ";Condutor;Lesões Leves;"46   ";Masculino;"0 ";"1    ";"0    ";"0    ";-15.7912420;-48.1057590;SPRF-DF;DEL03-DF;UOP02-DEL03-DF 
591461;"1317378   ";2024-04-02;terça-feira;20:00:00;DF;"70   ";"6    ";BRASILIA;Sim;Acesso irregular;1;Colisão transversal;Com Vítimas Feridas;Plena Noite;Crescente;Céu Claro;Múltipla;Reta;Não  ;"1055080   ";Motocicleta;JTZ/CHOPPER RL;"2021      ";Condutor;Lesões Leves;"42   ";Masculino;"0 ";"1    ";"0    ";"0    ";-15.7912420;-48.1057590;SPRF-DF;DEL03-DF;UOP02-DEL03-DF 
591540;"1317742   ";2024-04-03;quarta-feira;08:00:00;DF;"40   ";"4    ";BRASILIA;Sim;Trafegar com motocicleta (ou similar) entre as faixas;3;Queda de ocupante de veículo;Com Vítimas Feridas;Pleno dia;Decrescente;Nublado;Dupla;Reta;Sim  ;"1055364   ";Automóvel;I/VW SPACEFOX TL MBV;"2019      ";Condutor;Ileso;"60   ";Feminino;"1 ";"0    ";"0    ";"0    ";-16.0120330;-47.9821240;SPRF-DF;DEL01-DF;UOP01-DEL01-DF 
591540;"1317746   ";2024-04-03;quarta-feira;08:00:00;DF;"40   ";"4    ";BRASILIA;Sim;Trafegar com motocicleta (ou similar) entre as faixas;3;Queda de ocupante de veículo;Com Vítimas Feridas;Pleno dia;Decrescente;Nublado;Dupla;Reta;Sim  ;"1055365   ";Motoneta;HONDA/BIZ 125;"2018      ";Condutor;Lesões Leves;"27   ";Feminino;"0 ";"1    ";"0    ";"0    ";-16.0120330;-47.9821240;SPRF-DF;DEL01-DF;UOP01-DEL01-DF 
591540;"1317742   ";2024-04-03;quarta-feira;08:00:00;DF;"40   ";"4    ";BRASILIA;Não;Manobra de mudança de faixa;3;Queda de ocupante de veículo;Com Vítimas Feridas;Pleno dia;Decrescente;Nublado;Dupla;Reta;Sim  ;"1055364   ";Automóvel;I/VW SPACEFOX TL MBV;"2019      ";Condutor;Ileso;"60   ";Feminino;"1 ";"0    ";"0    ";"0    ";-16.0120330;-47.9821240;SPRF-DF;DEL01-DF;UOP01-DEL01-DF 
591540;"1317746   ";2024-04-03;quarta-feira;08:00:00;DF;"40   ";"4    ";BRASILIA;Não;Manobra de mudança de faixa;3;Queda de ocupante de veículo;Com Vítimas Feridas;Pleno dia;Decrescente;Nublado;Dupla;Reta;Sim  ;"1055365   ";Motoneta;HONDA/BIZ 125;"2018      ";Condutor;Lesões Leves;"27   ";Feminino;"0 ";"1    ";"0    ";"0    ";-16.0120330;-47.9821240;SPRF-DF;DEL01-DF;UOP01-DEL01-DF 