id;pesid;data_inversa;dia_semana;horario;uf;br;km;municipio;causa_principal;causa_acidente;ordem_tipo_acidente;tipo_acidente;classificacao_acidente;fase_dia;sentido_via;condicao_metereologica;tipo_pista;tracado_via;uso_solo;id_veiculo;tipo_veiculo;marca;ano_fabricacao_veiculo;tipo_envolvido;estado_fisico;idade;sexo;ilesos;feridos_leves;feridos_graves;mortos;latitude;longitude;regional;delegacia;uop
591540;"1317742   ";2024-04-03;quarta-feira;08:00:00;DF;"40   ";"4    ";BRASILIA;Sim;Trafegar com motocicleta (ou similar) entre as faixas;2;Tombamento;Com Vítimas Feridas;Pleno dia;Decrescente;Nublado;Dupla;Reta;Sim  ;"1055364   ";Automóvel;I/VW SPACEFOX TL MBV;"2019      ";Condutor;Ileso;"60   ";Feminino;"1 ";"0    ";"0    ";"0    ";-16.0120330;-47.9821240;SPRF-DF;DEL01-DF;UOP01-DEL01-DF 
591540;"1317746   ";2024-04-03;quarta-feira;08:00:00;DF;"40   ";"4    ";BRASILIA;Sim;Trafegar com motocicleta (ou similar) entre as faixas;2;Tombamento;Com Vítimas Feridas;Pleno dia;Decrescente;Nublado;Dupla;Reta;Sim  ;"1055365   ";Motoneta;HONDA/BIZ 125;"2018      ";Condutor;Lesões Leves;"27   ";Feminino;"0 ";"1    ";"0    ";"0    ";-16.0120330;-47.9821240;SPRF-DF;DEL01-DF;UOP01-DEL01-DF 
591540;"1317742   ";2024-04-03;quarta-feira;08:00:00;DF;"40   ";"4    ";BRASILIA;Não;Manobra de mudança de faixa;2;Tombamento;Com Vítimas Feridas;Pleno dia;Decrescente;Nublado;Dupla;Reta;Sim  ;"1055364   ";Automóvel;I/VW SPACEFOX TL MBV;"2019      ";Condutor;Ileso;"60   ";Feminino;"1 ";"0    ";"0    ";"0    ";-16.0120330;-47.9821240;SPRF-DF;DEL01-DF;UOP01-DEL01-DF 
591540;"1317746   ";2024-04-03;quarta-feira;08:00:00;DF;"40   ";"4    ";BRASILIA;Não;Manobra de mudança de faixa;2;Tombamento;Com Vítimas Feridas;Pleno dia;Decrescente;Nublado;Dupla;Reta;Sim  ;"1055365   ";Motoneta;HONDA/BIZ 125;"2018      ";Condutor;Lesões Leves;"27   ";Feminino;"0 ";"1    ";"0    ";"0    ";-16.0120330;-47.9821240;SPRF-DF;DEL01-DF;UOP01-DEL01-DF 
591540;"1317742   ";2024-04-03;quarta-feira;08:00:00;DF;"40   ";"4    ";BRASILIA;Sim;Trafegar com motocicleta (ou similar) entre as faixas;1;Colisão lateral mesmo sentido;Com Vítimas Feridas;Pleno dia;Decrescente;Nublado;Dupla;Reta;Sim  ;"1055364   ";Automóvel;I/VW SPACEFOX TL MBV;"2019      ";Condutor;Ileso;"60   ";Feminino;"1 ";"0    ";"0    ";"0    ";-16.0120330;-47.9821240;SPRF-DF;DEL01-DF;UOP01-DEL01-DF 
591540;"1317746   ";2024-04-03;quarta-feira;08:00:00;DF;"40   ";"4    ";BRASILIA;Sim;Trafegar com motocicleta (ou similar) entre as faixas;1;Colisão lateral mesmo sentido;Com Vítimas Feridas;Pleno dia;Decrescente;Nublado;Dupla;Reta;Sim  ;"1055365   ";Motoneta;HONDA/BIZ 125;"2018      ";Condutor;Lesões Leves;"27   ";Feminino;"0 ";"1    ";"0    ";"0    ";-16.0120330;-47.9821240;SPRF-DF;DEL01-DF;UOP01-DEL01-DF 
591540;"1317742   ";2024-04-03;quarta-feira;08:00:00;DF;"40   ";"4    ";BRASILIA;Não;Manobra de mudança de faixa;1;Colisão lateral mesmo sentido;Com Vítimas Feridas;Pleno dia;Decrescente;Nublado;Dupla;Reta;Sim  ;"1055364   ";Automóvel;I/VW SPACEFOX TL MBV;"2019      ";Condutor;Ileso;"60   ";Feminino;"1 ";"0    ";"0    ";"0    ";-16.0120330;-47.9821240;SPRF-DF;DEL01-DF;UOP01-DEL01-DF 
591540;"1317746   ";2024-04-03;quarta-feira;08:00:00;DF;"40   ";"4    ";BRASILIA;Não;Manobra de mudança de faixa;1;Colisão lateral mesmo sentido;Com Vítimas Feridas;Pleno dia;Decrescente;Nublado;Dupla;Reta;Sim  ;"1055365   ";Motoneta;HONDA/BIZ 125;"2018      ";Condutor;Lesões Leves;"27   ";Feminino;"0 ";"1    ";"0    ";"0    ";-16.0120330;-47.9821240;SPRF-DF;DEL01-DF;UOP01-DEL01-DF 
591558;"1317661   ";2024-04-03;quarta-feira;17:23:00;GO;"40   ";"15   ";LUZIANIA;Não;Manobra de mudança de faixa;2;Saída de leito carroçável;Com Vítimas Feridas;Anoitecer;Crescente;Chuva;Dupla;Reta;Sim  ;"1055316   ";Automóvel;FIAT/UNO MILLE FIRE FLEX;"2005      ";Condutor;Não Informado;"0    ";Não Informado;"0 ";"0    ";"0    ";"0    ";-16.1671000;-47.9301610;SPRF-DF;DEL01-DF;UOP01-DEL01-DF 
591558;"1317660   ";2024-04-03;quarta-feira;17:23:00;GO;"40   ";"15   ";LUZIANIA;Não;Manobra de mudança de faixa;2;Saída de leito carroçável;Com Vítimas Feridas;Anoitecer;Crescente;Chuva;Dupla;Reta;Sim  ;"1055315   ";Automóvel;I/FIAT CRONOS DRIVE 1.3;"2018      ";Condutor;Ileso;"44   ";Feminino;"1 ";"0    ";"0    ";"0    ";-16.1671000;-47.9301610;SPRF-DF;DEL01-DF;UOP01-DEL01-DF 
591558;"1320183   ";2024-04-03;quarta-feira;17:23:00;GO;"40   ";"15   ";LUZIANIA;Não;Manobra de mudança de faixa;2;Saída de leito carroçável;Com Vítimas Feridas;Anoitecer;Crescente;Chuva;Dupla;Reta;Sim  ;"1055315   ";Automóvel;I/FIAT CRONOS DRIVE 1.3;"2018      ";Passageiro;Lesões Leves;"38   ";Feminino;"0 ";"1    ";"0    ";"0    ";-16.1671000;-47.9301610;SPRF-DF;DEL01-DF;UOP01-DEL01-DF 
591558;"1320181   ";2024-04-03;quarta-feira;17:23:00;GO;"40   ";"15   ";LUZIANIA;Não;Manobra de mudança de faixa;2;Saída de leito carroçável;Com Vítimas Feridas;Anoitecer;Crescente;Chuva;Dupla;Reta;Sim  ;"1055315   ";Automóvel;I/FIAT CRONOS DRIVE 1.3;"2018      ";Passageiro;Lesões Leves;"59   ";Feminino;"0 ";"1    ";"0    ";"0    ";-16.1671000;-47.9301610;SPRF-DF;DEL01-DF;UOP01-DEL01-DF 
591558;"1317661   ";2024-04-03;quarta-feira;17:23:00;GO;"40   ";"15   ";LUZIANIA;Sim;Condutor deixou de manter distância do veículo da frente;2;Saída de leito carroçável;Com Vítimas Feridas;Anoitecer;Crescente;Chuva;Dupla;Reta;Sim  ;"1055316   ";Automóvel;FIAT/UNO MILLE FIRE FLEX;"2005      ";Condutor;Não Informado;"0    ";Não Informado;"0 ";"0    ";"0    ";"0    ";-16.1671000;-47.9301610;SPRF-DF;DEL01-DF;UOP01-DEL01-DF 
591558;"1317660   ";2024-04-03;quarta-feira;17:23:00;GO;"40   ";"15   ";LUZIANIA;Sim;Condutor deixou de manter distância do veículo da frente;2;Saída de leito carroçável;Com Vítimas Feridas;Anoitecer;Crescente;Chuva;Dupla;Reta;Sim  ;"1055315   ";Automóvel;I/FIAT CRONOS DRIVE 1.3;"2018      ";Condutor;Ileso;"44   ";Feminino;"1 ";"0    ";"0    ";"0    ";-16.1671000;-47.9301610;SPRF-DF;DEL01-DF;UOP01-DEL01-DF 
591558;"1320183   ";2024-04-03;quarta-feira;17:23:00;GO;"40   ";"15   ";LUZIANIA;Sim;Condutor deixou de manter distância do veículo da frente;2;Saída de leito carroçável;Com Vítimas Feridas;Anoitecer;Crescente;Chuva;Dupla;Reta;Sim  ;"1055315   ";Automóvel;I/FIAT CRONOS DRIVE 1.3;"2018      ";Passageiro;Lesões Leves;"38   ";Feminino;"0 ";"1    ";"0    ";"0    ";-16.1671000;-47.9301610;SPRF-DF;DEL01-DF;UOP01-DEL01-DF 
591558;"1320181   ";2024-04-03;quarta-feira;17:23:00;GO;"40   ";"15   ";LUZIANIA;Sim;Condutor deixou de manter distância do veículo da frente;2;Saída de leito carroçável;Com Vítimas Feridas;Anoitecer;Crescente;Chuva;Dupla;Reta;Sim  ;"1055315   ";Automóvel;I/FIAT CRONOS DRIVE 1.3;"2018      ";Passageiro;Lesões Leves;"59   ";Feminino;"0 ";"1    ";"0    ";"0    ";-16.1671000;-47.9301610;SPRF-DF;DEL01-DF;UOP01-DEL01-DF 
591558;"1317661   ";2024-04-03;quarta-feira;17:23:00;GO;"40   ";"15   ";LUZIANIA;Não;Manobra de mudança de faixa;1;Colisão traseira;Com Vítimas Feridas;Anoitecer;Crescente;Chuva;Dupla;Reta;Sim  ;"1055316   ";Automóvel;FIAT/UNO MILLE FIRE FLEX;"2005      ";Condutor;Não Informado;"0    ";Não Informado;"0 ";"0    ";"0    ";"0    ";-16.1671000;-47.9301610;SPRF-DF;DEL01-DF;UOP01-DEL01-DF 
591558;"1317660   ";2024-04-03;quarta-feira;17:23:00;GO;"40   ";"15   ";LUZIANIA;Não;Manobra de mudança de faixa;1;Colisão traseira;Com Vítimas Feridas;Anoitecer;Crescente;Chuva;Dupla;Reta;Sim  ;"1055315   ";Automóvel;I/FIAT CRONOS DRIVE 1.3;"2018      ";Condutor;Ileso;"44   ";Feminino;"1 ";"0    ";"0    ";"0    ";-16.1671000;-47.9301610;SPRF-DF;DEL01-DF;UOP01-DEL01-DF 
591558;"1320183   ";2024-04-03;quarta-feira;17:23:00;GO;"40   ";"15   ";LUZIANIA;Não;Manobra de mudança de faixa;1;Colisão traseira;Com Vítimas Feridas;Anoitecer;Crescente;Chuva;Dupla;Reta;Sim  ;"1055315   ";Automóvel;I/FIAT CRONOS DRIVE 1.3;"2018      ";Passageiro;Lesões Leves;"38   ";Feminino;"0 ";"1    ";"0    ";"0    ";-16.1671000;-47.9301610;SPRF-DF;DEL01-DF;UOP01-DEL01-DF 
591558;"1320181   ";2024-04-03;quarta-feira;17:23:00;GO;"40   ";"15   ";LUZIANIA;Não;Manobra de mudança de faixa;1;Colisão traseira;Com Vítimas Feridas;Anoitecer;Crescente;Chuva;Dupla;Reta;Sim  ;"1055315   ";Automóvel;I/FIAT CRONOS DRIVE 1.3;"2018      ";Passageiro;Lesões Leves;"59   ";Feminino;"0 ";"1    ";"0    ";"0    ";-16.1671000;-47.9301610;SPRF-DF;DEL01-DF;UOP01-DEL01-DF 
591558;"1317661   ";2024-04-03;quarta-feira;17:23:00;GO;"40   ";"15   ";LUZIANIA;Sim;Condutor deixou de manter distância do veículo da frente;1;Colisão traseira;Com Vítimas Feridas;Anoitecer;Crescente;Chuva;Dupla;Reta;Sim  ;"1055316   ";Automóvel;FIAT/UNO MILLE FIRE FLEX;"2005      ";Condutor;Não Informado;"0    ";Não Informado;"0 ";"0    ";"0    ";"0    ";-16.1671000;-47.9301610;SPRF-DF;DEL01-DF;UOP01-DEL01-DF 
591558;"1317660   ";2024-04-03;quarta-feira;17:23:00;GO;"40   ";"15   ";LUZIANIA;Sim;Condutor deixou de manter distância do veículo da frente;1;Colisão traseira;Com Vítimas Feridas;Anoitecer;Crescente;Chuva;Dupla;Reta;Sim  ;"1055315   ";Automóvel;I/FIAT CRONOS DRIVE 1.3;"2018      ";Condutor;Ileso;"44   ";Feminino;"1 ";"0    ";"0    ";"0    ";-16.1671000;-47.9301610;SPRF-DF;DEL01-DF;UOP01-DEL01-DF 
591558;"1320183   ";2024-04-03;quarta-feira;17:23:00;GO;"40   ";"15   ";LUZIANIA;Sim;Condutor deixou de manter distância do veículo da frente;1;Colisão traseira;Com Vítimas Feridas;Anoitecer;Crescente;Chuva;Dupla;Reta;Sim  ;"1055315   ";Automóvel;I/FIAT CRONOS DRIVE 1.3;"2018      ";Passageiro;Lesões Leves;"38   ";Feminino;"0 ";"1    ";"0    ";"0    ";-16.1671000;-47.9301610;SPRF-DF;DEL01-DF;UOP01-DEL01-DF 
591558;"1320181   ";2024-04-03;quarta-feira;17:23:00;GO;"40   ";"15   ";LUZIANIA;Sim;Condutor deixou de manter distância do veículo da frente;1;Colisão traseira;Com Vítimas Feridas;Anoitecer;Crescente;Chuva;Dupla;Reta;Sim  ;"1055315   ";Automóvel;I/FIAT CRONOS DRIVE 1.3;"2018      ";Passageiro;Lesões Leves;"59   ";Feminino;"0 ";"1    ";"0    ";"0    ";-16.1671000;-47.9301610;SPRF-DF;DEL01-DF;UOP01-DEL01-DF 
591633;"1318323   ";2024-04-03;quarta-feira;20:50:00;DF;"70   ";"5    ";BRASILIA;Sim;Acumulo de água sobre o pavimento;1;Colisão traseira;Com Vítimas Feridas;Plena Noite;Crescente;Chuva;Dupla;Reta;Sim  ;"1055807   ";Caminhonete;FIAT/FIORINO FLEX;"2011      ";Condutor;Ileso;"26   ";Masculino;"1 ";"0    ";"0    ";"0    ";-15.7946560;-48.0967790;SPRF-DF;DEL03-DF;UOP02-DEL03-DF 
591633;"1318326   ";2024-04-03;quarta-feira;20:50:00;DF;"70   ";"5    ";BRASILIA;Sim;Acumulo de água sobre o pavimento;1;Colisão traseira;Com Vítimas Feridas;Plena Noite;Crescente;Chuva;Dupla;Reta;Sim  ;"1055807   ";Caminhonete;FIAT/FIORINO FLEX;"2011      ";Passageiro;Lesões Leves;"22   ";Feminino;"0 ";"1    ";"0    ";"0    ";-15.7946560;-48.0967790;SPRF-DF;DEL03-DF;UOP02-DEL03-DF 
591633;"1318320   ";2024-04-03;quarta-feira;20:50:00;DF;"70   ";"5    ";BRASILIA;Sim;Acumulo de água sobre o pavimento;1;Colisão traseira;Com Vítimas Feridas;Plena Noite;Crescente;Chuva;Dupla;Reta;Sim  ;"1055808   ";Automóvel;I/RENAULT CLIO EXP1016VH;"2013      ";Condutor;Ileso;"30   ";Masculino;"1 ";"0    ";"0    ";"0    ";-15.7946560;-48.0967790;SPRF-DF;DEL03-DF;UOP02-DEL03-DF 
591703;"1317952   ";2024-04-04;quinta-feira;08:55:00;GO;"60   ";"71   ";ABADIANIA;Sim;Reação tardia ou ineficiente do condutor;2;Capotamento;Com Vítimas Feridas;Pleno dia;Crescente;Céu Claro;Dupla;Declive;Não  ;"1055557   ";Automóvel;TOYOTA/COROLLA GLI18 CVT;"2014      ";Condutor;Lesões Leves;"33   ";Feminino;"0 ";"1    ";"0    ";"0    ";-16.2551000;-48.7628000;SPRF-GO;DEL02-GO;UOP01-DEL02-GO 
591703;"1318091   ";2024-04-04;quinta-feira;08:55:00;GO;"60   ";"71   ";ABADIANIA;Sim;Reação tardia ou ineficiente do condutor;2;Capotamento;Com Vítimas Feridas;Pleno dia;Crescente;Céu Claro;Dupla;Declive;Não  ;"1055557   ";Automóvel;TOYOTA/COROLLA GLI18 CVT;"2014      ";Passageiro;Lesões Leves;"2    ";Feminino;"0 ";"1    ";"0    ";"0    ";-16.2551000;-48.7628000;SPRF-GO;DEL02-GO;UOP01-DEL02-GO 
591703;"1317952   ";2024-04-04;quinta-feira;08:55:00;GO;"60   ";"71   ";ABADIANIA;Sim;Reação tardia ou ineficiente do condutor;1;Colisão com objeto;Com Vítimas Feridas;Pleno dia;Crescente;Céu Claro;Dupla;Declive;Não  ;"1055557   ";Automóvel;TOYOTA/COROLLA GLI18 CVT;"2014      ";Condutor;Lesões Leves;"33   ";Feminino;"0 ";"1    ";"0    ";"0    ";-16.2551000;-48.7628000;SPRF-GO;DEL02-GO;UOP01-DEL02-GO 
591703;"1318091   ";2024-04-04;quinta-feira;08:55:00;GO;"60   ";"71   ";ABADIANIA;Sim;Reação tardia ou ineficiente do condutor;1;Colisão com objeto;Com Vítimas Feridas;Pleno dia;Crescente;Céu Claro;Dupla;Declive;Não  ;"1055557   ";Automóvel;TOYOTA/COROLLA GLI18 CVT;"2014      ";Passageiro;Lesões Leves;"2    ";Feminino;"0 ";"1    ";"0    ";"0    ";-16.2551000;-48.7628000;SPRF-GO;DEL02-GO;UOP01-DEL02-GO 
591716;"1318147   ";2024-04-04;quinta-feira;09:40:00;DF;"20   ";"4    ";BRASILIA;Não;Velocidade Incompatível;1;Colisão lateral mesmo sentido;Com Vítimas Feridas;Pleno dia;Crescente;Nublado;Dupla;"Declive;Reta";Sim  ;"1055682   ";Caminhão;IVECO/TECTOR 240E25;"2010      ";Condutor;Ileso;"48   ";Masculino;"1 ";"0    ";"0    ";"0    ";-15.6754840;-47.8237610;SPRF-DF;DEL02-DF;UOP01-DEL02-DF 
591716;"1318148   ";2024-04-04;quinta-feira;09:40:00;DF;"20   ";"4    ";BRASILIA;Não;Velocidade Incompatível;1;Colisão lateral mesmo sentido;Com Vítimas Feridas;Pleno dia;Crescente;Nublado;Dupla;"Declive;Reta";Sim  ;"1055683   ";Motocicleta;HONDA/CG 160 TITAN;"2022      ";Condutor;Lesões Graves;"24   ";Masculino;"0 ";"0    ";"1    ";"0    ";-15.6754840;-47.8237610;SPRF-DF;DEL02-DF;UOP01-DEL02-DF 
591716;"1318147   ";2024-04-04;quinta-feira;09:40:00;DF;"20   ";"4    ";BRASILIA;Sim;Manobra de mudança de faixa;1;Colisão lateral mesmo sentido;Com Vítimas Feridas;Pleno dia;Crescente;Nublado;Dupla;"Declive;Reta";Sim  ;"1055682   ";Caminhão;IVECO/TECTOR 240E25;"2010      ";Condutor;Ileso;"48   ";Masculino;"1 ";"0    ";"0    ";"0    ";-15.6754840;-47.8237610;SPRF-DF;DEL02-DF;UOP01-DEL02-DF 
591716;"1318148   ";2024-04-04;quinta-feira;09:40:00;DF;"20   ";"4    ";BRASILIA;Sim;Manobra de mudança de faixa;1;Colisão lateral mesmo sentido;Com Vítimas Feridas;Pleno dia;Crescente;Nublado;Dupla;"Declive;Reta";Sim  ;"1055683   ";Motocicleta;HONDA/CG 160 TITAN;"2022      ";Condutor;Lesões Graves;"24   ";Masculino;"0 ";"0    ";"1    ";"0    ";-15.6754840;-47.8237610;SPRF-DF;DEL02-DF;UOP01-DEL02-DF 
591739;"0         ";2024-04-04;quinta-feira;13:24:00;DF;"20   ";"3,9  ";BRASILIA;Não;Chuva;2;Colisão lateral mesmo sentido;Sem Vítimas;Pleno dia;Crescente;Garoa/Chuvisco;Dupla;"Declive;Reta";Sim  ;"1055678   ";Semireboque;SR/FACCHINI SRF LO;"2012      ";"0";"0";"0    ";"0";"0 ";"0    ";"0    ";"0    ";-15.6798510;-47.8322110;SPRF-DF;DEL02-DF;UOP01-DEL02-DF 
591739;"1318141   ";2024-04-04;quinta-feira;13:24:00;DF;"20   ";"3,9  ";BRASILIA;Não;Chuva;2;Colisão lateral mesmo sentido;Sem Vítimas;Pleno dia;Crescente;Garoa/Chuvisco;Dupla;"Declive;Reta";Sim  ;"1055680   ";Utilitário;LR/DISC SPT TD4 HSE 7L;"2017      ";Passageiro;Ileso;"59   ";Masculino;"1 ";"0    ";"0    ";"0    ";-15.6798510;-47.8322110;SPRF-DF;DEL02-DF;UOP01-DEL02-DF 
591739;"1318140   ";2024-04-04;quinta-feira;13:24:00;DF;"20   ";"3,9  ";BRASILIA;Não;Chuva;2;Colisão lateral mesmo sentido;Sem Vítimas;Pleno dia;Crescente;Garoa/Chuvisco;Dupla;"Declive;Reta";Sim  ;"1055680   ";Utilitário;LR/DISC SPT TD4 HSE 7L;"2017      ";Condutor;Ileso;"58   ";Masculino;"1 ";"0    ";"0    ";"0    ";-15.6798510;-47.8322110;SPRF-DF;DEL02-DF;UOP01-DEL02-DF 
591739;"1318137   ";2024-04-04;quinta-feira;13:24:00;DF;"20   ";"3,9  ";BRASILIA;Não;Chuva;2;Colisão lateral mesmo sentido;Sem Vítimas;Pleno dia;Crescente;Garoa/Chuvisco;Dupla;"Declive;Reta";Sim  ;"1055671   ";Caminhão-trator;VOLVO/FH12 380 4X2T;"2000      ";Condutor;Ileso;"64   ";Masculino;"1 ";"0    ";"0    ";"0    ";-15.6798510;-47.8322110;SPRF-DF;DEL02-DF;UOP01-DEL02-DF 
591739;"1318143   ";2024-04-04;quinta-feira;13:24:00;DF;"20   ";"3,9  ";BRASILIA;Não;Chuva;2;Colisão lateral mesmo sentido;Sem Vítimas;Pleno dia;Crescente;Garoa/Chuvisco;Dupla;"Declive;Reta";Sim  ;"1055681   ";Utilitário;CHEV/TRAILBLAZER LT D4A;"2018      ";Condutor;Ileso;"47   ";Masculino;"1 ";"0    ";"0    ";"0    ";-15.6798510;-47.8322110;SPRF-DF;DEL02-DF;UOP01-DEL02-DF 
591739;"1318144   ";2024-04-04;quinta-feira;13:24:00;DF;"20   ";"3,9  ";BRASILIA;Não;Chuva;2;Colisão lateral mesmo sentido;Sem Vítimas;Pleno dia;Crescente;Garoa/Chuvisco;Dupla;"Declive;Reta";Sim  ;"1055681   ";Utilitário;CHEV/TRAILBLAZER LT D4A;"2018      ";Passageiro;Ileso;"50   ";Masculino;"1 ";"0    ";"0    ";"0    ";-15.6798510;-47.8322110;SPRF-DF;DEL02-DF;UOP01-DEL02-DF 
591739;"0         ";2024-04-04;quinta-feira;13:24:00;DF;"20   ";"3,9  ";BRASILIA;Não;Velocidade Incompatível;2;Colisão lateral mesmo sentido;Sem Vítimas;Pleno dia;Crescente;Garoa/Chuvisco;Dupla;"Declive;Reta";Sim  ;"1055678   ";Semireboque;SR/FACCHINI SRF LO;"2012      ";"0";"0";"0    ";"0";"0 ";"0    ";"0    ";"0    ";-15.6798510;-47.8322110;SPRF-DF;DEL02-DF;UOP01-DEL02-DF 
591739;"1318141   ";2024-04-04;quinta-feira;13:24:00;DF;"20   ";"3,9  ";BRASILIA;Não;Velocidade Incompatível;2;Colisão lateral mesmo sentido;Sem Vítimas;Pleno dia;Crescente;Garoa/Chuvisco;Dupla;"Declive;Reta";Sim  ;"1055680   ";Utilitário;LR/DISC SPT TD4 HSE 7L;"2017      ";Passageiro;Ileso;"59   ";Masculino;"1 ";"0    ";"0    ";"0    ";-15.6798510;-47.8322110;SPRF-DF;DEL02-DF;UOP01-DEL02-DF 
591739;"1318140   ";2024-04-04;quinta-feira;13:24:00;DF;"20   ";"3,9  ";BRASILIA;Não;Velocidade Incompatível;2;Colisão lateral mesmo sentido;Sem Vítimas;Pleno dia;Crescente;Garoa/Chuvisco;Dupla;"Declive;Reta";Sim  ;"1055680   ";Utilitário;LR/DISC SPT TD4 HSE 7L;"2017      ";Condutor;Ileso;"58   ";Masculino;"1 ";"0    ";"0    ";"0    ";-15.6798510;-47.8322110;SPRF-DF;DEL02-DF;UOP01-DEL02-DF 
591739;"1318137   ";2024-04-04;quinta-feira;13:24:00;DF;"20   ";"3,9  ";BRASILIA;Não;Velocidade Incompatível;2;Colisão lateral mesmo sentido;Sem Vítimas;Pleno dia;Crescente;Garoa/Chuvisco;Dupla;"Declive;Reta";Sim  ;"1055671   ";Caminhão-trator;VOLVO/FH12 380 4X2T;"2000      ";Condutor;Ileso;"64   ";Masculino;"1 ";"0    ";"0    ";"0    ";-15.6798510;-47.8322110;SPRF-DF;DEL02-DF;UOP01-DEL02-DF 
591739;"1318143   ";2024-04-04;quinta-feira;13:24:00;DF;"20   ";"3,9  ";BRASILIA;Não;Velocidade Incompatível;2;Colisão lateral mesmo sentido;Sem Vítimas;Pleno dia;Crescente;Garoa/Chuvisco;Dupla;"Declive;Reta";Sim  ;"1055681   ";Utilitário;CHEV/TRAILBLAZER LT D4A;"2018      ";Condutor;Ileso;"47   ";Masculino;"1 ";"0    ";"0    ";"0    ";-15.6798510;-47.8322110;SPRF-DF;DEL02-DF;UOP01-DEL02-DF 
591739;"1318144   ";2024-04-04;quinta-feira;13:24:00;DF;"20   ";"3,9  ";BRASILIA;Não;Velocidade Incompatível;2;Colisão lateral mesmo sentido;Sem Vítimas;Pleno dia;Crescente;Garoa/Chuvisco;Dupla;"Declive;Reta";Sim  ;"1055681   ";Utilitário;CHEV/TRAILBLAZER LT D4A;"2018      ";Passageiro;Ileso;"50   ";Masculino;"1 ";"0    ";"0    ";"0    ";-15.6798510;-47.8322110;SPRF-DF;DEL02-DF;UOP01-DEL02-DF 
591739;"0         ";2024-04-04;quinta-feira;13:24:00;DF;"20   ";"3,9  ";BRASILIA;Não;Sistema de drenagem ineficiente;2;Colisão lateral mesmo sentido;Sem Vítimas;Pleno dia;Crescente;Garoa/Chuvisco;Dupla;"Declive;Reta";Sim  ;"1055678   ";Semireboque;SR/FACCHINI SRF LO;"2012      ";"0";"0";"0    ";"0";"0 ";"0    ";"0    ";"0    ";-15.6798510;-47.8322110;SPRF-DF;DEL02-DF;UOP01-DEL02-DF 
591739;"1318141   ";2024-04-04;quinta-feira;13:24:00;DF;"20   ";"3,9  ";BRASILIA;Não;Sistema de drenagem ineficiente;2;Colisão lateral mesmo sentido;Sem Vítimas;Pleno dia;Crescente;Garoa/Chuvisco;Dupla;"Declive;Reta";Sim  ;"1055680   ";Utilitário;LR/DISC SPT TD4 HSE 7L;"2017      ";Passageiro;Ileso;"59   ";Masculino;"1 ";"0    ";"0    ";"0    ";-15.6798510;-47.8322110;SPRF-DF;DEL02-DF;UOP01-DEL02-DF 
591739;"1318140   ";2024-04-04;quinta-feira;13:24:00;DF;"20   ";"3,9  ";BRASILIA;Não;Sistema de drenagem ineficiente;2;Colisão lateral mesmo sentido;Sem Vítimas;Pleno dia;Crescente;Garoa/Chuvisco;Dupla;"Declive;Reta";Sim  ;"1055680   ";Utilitário;LR/DISC SPT TD4 HSE 7L;"2017      ";Condutor;Ileso;"58   ";Masculino;"1 ";"0    ";"0    ";"0    ";-15.6798510;-47.8322110;SPRF-DF;DEL02-DF;UOP01-DEL02-DF 
591739;"1318137   ";2024-04-04;quinta-feira;13:24:00;DF;"20   ";"3,9  ";BRASILIA;Não;Sistema de drenagem ineficiente;2;Colisão lateral mesmo sentido;Sem Vítimas;Pleno dia;Crescente;Garoa/Chuvisco;Dupla;"Declive;Reta";Sim  ;"1055671   ";Caminhão-trator;VOLVO/FH12 380 4X2T;"2000      ";Condutor;Ileso;"64   ";Masculino;"1 ";"0    ";"0    ";"0    ";-15.6798510;-47.8322110;SPRF-DF;DEL02-DF;UOP01-DEL02-DF 
591739;"1318143   ";2024-04-04;quinta-feira;13:24:00;DF;"20   ";"3,9  ";BRASILIA;Não;Sistema de drenagem ineficiente;2;Colisão lateral mesmo sentido;Sem Vítimas;Pleno dia;Crescente;Garoa/Chuvisco;Dupla;"Declive;Reta";Sim  ;"1055681   ";Utilitário;CHEV/TRAILBLAZER LT D4A;"2018      ";Condutor;Ileso;"47   ";Masculino;"1 ";"0    ";"0    ";"0    ";-15.6798510;-47.8322110;SPRF-DF;DEL02-DF;UOP01-DEL02-DF 
591739;"1318144   ";2024-04-04;quinta-feira;13:24:00;DF;"20   ";"3,9  ";BRASILIA;Não;Sistema de drenagem ineficiente;2;Colisão lateral mesmo sentido;Sem Vítimas;Pleno dia;Crescente;Garoa/Chuvisco;Dupla;"Declive;Reta";Sim  ;"1055681   ";Utilitário;CHEV/TRAILBLAZER LT D4A;"2018      ";Passageiro;Ileso;"50   ";Masculino;"1 ";"0    ";"0    ";"0    ";-15.6798510;-47.8322110;SPRF-DF;DEL02-DF;UOP01-DEL02-DF 
591739;"0         ";2024-04-04;quinta-feira;13:24:00;DF;"20   ";"3,9  ";BRASILIA;Não;Reação tardia ou ineficiente do condutor;2;Colisão lateral mesmo sentido;Sem Vítimas;Pleno dia;Crescente;Garoa/Chuvisco;Dupla;"Declive;Reta";Sim  ;"1055678   ";Semireboque;SR/FACCHINI SRF LO;"2012      ";"0";"0";"0    ";"0";"0 ";"0    ";"0    ";"0    ";-15.6798510;-47.8322110;SPRF-DF;DEL02-DF;UOP01-DEL02-DF 
591739;"1318141   ";2024-04-04;quinta-feira;13:24:00;DF;"20   ";"3,9  ";BRASILIA;Não;Reação tardia ou ineficiente do condutor;2;Colisão lateral mesmo sentido;Sem Vítimas;Pleno dia;Crescente;Garoa/Chuvisco;Dupla;"Declive;Reta";Sim  ;"1055680   ";Utilitário;LR/DISC SPT TD4 HSE 7L;"2017      ";Passageiro;Ileso;"59   ";Masculino;"1 ";"0    ";"0    ";"0    ";-15.6798510;-47.8322110;SPRF-DF;DEL02-DF;UOP01-DEL02-DF 