id;pesid;data_inversa;dia_semana;horario;uf;br;km;municipio;causa_principal;causa_acidente;ordem_tipo_acidente;tipo_acidente;classificacao_acidente;fase_dia;sentido_via;condicao_metereologica;tipo_pista;tracado_via;uso_solo;id_veiculo;tipo_veiculo;marca;ano_fabricacao_veiculo;tipo_envolvido;estado_fisico;idade;sexo;ilesos;feridos_leves;feridos_graves;mortos;latitude;longitude;regional;delegacia;uop
591739;"1318144   ";2024-04-04;quinta-feira;13:24:00;DF;"20   ";"3,9  ";BRASILIA;Não;Problema com o freio;1;Colisão com objeto;Sem Vítimas;Pleno dia;Crescente;Garoa/Chuvisco;Dupla;"Declive;Reta";Sim  ;"1055681   ";Utilitário;CHEV/TRAILBLAZER LT D4A;"2018      ";Passageiro;Ileso;"50   ";Masculino;"1 ";"0    ";"0    ";"0    ";-15.6798510;-47.8322110;SPRF-DF;DEL02-DF;UOP01-DEL02-DF 
591739;"0         ";2024-04-04;quinta-feira;13:24:00;DF;"20   ";"3,9  ";BRASILIA;Não;Declive acentuado;1;Colisão com objeto;Sem Vítimas;Pleno dia;Crescente;Garoa/Chuvisco;Dupla;"Declive;Reta";Sim  ;"1055678   ";Semireboque;SR/FACCHINI SRF LO;"2012      ";"0";"0";"0    ";"0";"0 ";"0    ";"0    ";"0    ";-15.6798510;-47.8322110;SPRF-DF;DEL02-DF;UOP01-DEL02-DF 
591739;"1318141   ";2024-04-04;quinta-feira;13:24:00;DF;"20   ";"3,9  ";BRASILIA;Não;Declive acentuado;1;Colisão com objeto;Sem Vítimas;Pleno dia;Crescente;Garoa/Chuvisco;Dupla;"Declive;Reta";Sim  ;"1055680   ";Utilitário;LR/DISC SPT TD4 HSE 7L;"2017      ";Passageiro;Ileso;"59   ";Masculino;"1 ";"0    ";"0    ";"0    ";-15.6798510;-47.8322110;SPRF-DF;DEL02-DF;UOP01-DEL02-DF 
591739;"1318140   ";2024-04-04;quinta-feira;13:24:00;DF;"20   ";"3,9  ";BRASILIA;Não;Declive acentuado;1;Colisão com objeto;Sem Vítimas;Pleno dia;Crescente;Garoa/Chuvisco;Dupla;"Declive;Reta";Sim  ;"1055680   ";Utilitário;LR/DISC SPT TD4 HSE 7L;"2017      ";Condutor;Ileso;"58   ";Masculino;"1 ";"0    ";"0    ";"0    ";-15.6798510;-47.8322110;SPRF-DF;DEL02-DF;UOP01-DEL02-DF 
591739;"1318137   ";2024-04-04;quinta-feira;13:24:00;DF;"20   ";"3,9  ";BRASILIA;Não;Declive acentuado;1;Colisão com objeto;Sem Vítimas;Pleno dia;Crescente;Garoa/Chuvisco;Dupla;"Declive;Reta";Sim  ;"1055671   ";Caminhão-trator;VOLVO/FH12 380 4X2T;"2000      ";Condutor;Ileso;"64   ";Masculino;"1 ";"0    ";"0    ";"0    ";-15.6798510;-47.8322110;SPRF-DF;DEL02-DF;UOP01-DEL02-DF 
591739;"1318143   ";2024-04-04;quinta-feira;13:24:00;DF;"20   ";"3,9  ";BRASILIA;Não;Declive acentuado;1;Colisão com objeto;Sem Vítimas;Pleno dia;Crescente;Garoa/Chuvisco;Dupla;"Declive;Reta";Sim  ;"1055681   ";Utilitário;CHEV/TRAILBLAZER LT D4A;"2018      ";Condutor;Ileso;"47   ";Masculino;"1 ";"0    ";"0    ";"0    ";-15.6798510;-47.8322110;SPRF-DF;DEL02-DF;UOP01-DEL02-DF 
591739;"1318144   ";2024-04-04;quinta-feira;13:24:00;DF;"20   ";"3,9  ";BRASILIA;Não;Declive acentuado;1;Colisão com objeto;Sem Vítimas;Pleno dia;Crescente;Garoa/Chuvisco;Dupla;"Declive;Reta";Sim  ;"1055681   ";Utilitário;CHEV/TRAILBLAZER LT D4A;"2018      ";Passageiro;Ileso;"50   ";Masculino;"1 ";"0    ";"0    ";"0    ";-15.6798510;-47.8322110;SPRF-DF;DEL02-DF;UOP01-DEL02-DF 
591739;"0         ";2024-04-04;quinta-feira;13:24:00;DF;"20   ";"3,9  ";BRASILIA;Não;Acumulo de água sobre o pavimento;1;Colisão com objeto;Sem Vítimas;Pleno dia;Crescente;Garoa/Chuvisco;Dupla;"Declive;Reta";Sim  ;"1055678   ";Semireboque;SR/FACCHINI SRF LO;"2012      ";"0";"0";"0    ";"0";"0 ";"0    ";"0    ";"0    ";-15.6798510;-47.8322110;SPRF-DF;DEL02-DF;UOP01-DEL02-DF 
591739;"1318141   ";2024-04-04;quinta-feira;13:24:00;DF;"20   ";"3,9  ";BRASILIA;Não;Acumulo de água sobre o pavimento;1;Colisão com objeto;Sem Vítimas;Pleno dia;Crescente;Garoa/Chuvisco;Dupla;"Declive;Reta";Sim  ;"1055680   ";Utilitário;LR/DISC SPT TD4 HSE 7L;"2017      ";Passageiro;Ileso;"59   ";Masculino;"1 ";"0    ";"0    ";"0    ";-15.6798510;-47.8322110;SPRF-DF;DEL02-DF;UOP01-DEL02-DF 
591739;"1318140   ";2024-04-04;quinta-feira;13:24:00;DF;"20   ";"3,9  ";BRASILIA;Não;Acumulo de água sobre o pavimento;1;Colisão com objeto;Sem Vítimas;Pleno dia;Crescente;Garoa/Chuvisco;Dupla;"Declive;Reta";Sim  ;"1055680   ";Utilitário;LR/DISC SPT TD4 HSE 7L;"2017      ";Condutor;Ileso;"58   ";Masculino;"1 ";"0    ";"0    ";"0    ";-15.6798510;-47.8322110;SPRF-DF;DEL02-DF;UOP01-DEL02-DF 
591739;"1318137   ";2024-04-04;quinta-feira;13:24:00;DF;"20   ";"3,9  ";BRASILIA;Não;Acumulo de água sobre o pavimento;1;Colisão com objeto;Sem Vítimas;Pleno dia;Crescente;Garoa/Chuvisco;Dupla;"Declive;Reta";Sim  ;"1055671   ";Caminhão-trator;VOLVO/FH12 380 4X2T;"2000      ";Condutor;Ileso;"64   ";Masculino;"1 ";"0    ";"0    ";"0    ";-15.6798510;-47.8322110;SPRF-DF;DEL02-DF;UOP01-DEL02-DF 
591739;"1318143   ";2024-04-04;quinta-feira;13:24:00;DF;"20   ";"3,9  ";BRASILIA;Não;Acumulo de água sobre o pavimento;1;Colisão com objeto;Sem Vítimas;Pleno dia;Crescente;Garoa/Chuvisco;Dupla;"Declive;Reta";Sim  ;"1055681   ";Utilitário;CHEV/TRAILBLAZER LT D4A;"2018      ";Condutor;Ileso;"47   ";Masculino;"1 ";"0    ";"0    ";"0    ";-15.6798510;-47.8322110;SPRF-DF;DEL02-DF;UOP01-DEL02-DF 
591739;"1318144   ";2024-04-04;quinta-feira;13:24:00;DF;"20   ";"3,9  ";BRASILIA;Não;Acumulo de água sobre o pavimento;1;Colisão com objeto;Sem Vítimas;Pleno dia;Crescente;Garoa/Chuvisco;Dupla;"Declive;Reta";Sim  ;"1055681   ";Utilitário;CHEV/TRAILBLAZER LT D4A;"2018      ";Passageiro;Ileso;"50   ";Masculino;"1 ";"0    ";"0    ";"0    ";-15.6798510;-47.8322110;SPRF-DF;DEL02-DF;UOP01-DEL02-DF 
591739;"0         ";2024-04-04;quinta-feira;13:24:00;DF;"20   ";"3,9  ";BRASILIA;Sim;Pista Escorregadia;1;Colisão com objeto;Sem Vítimas;Pleno dia;Crescente;Garoa/Chuvisco;Dupla;"Declive;Reta";Sim  ;"1055678   ";Semireboque;SR/FACCHINI SRF LO;"2012      ";"0";"0";"0    ";"0";"0 ";"0    ";"0    ";"0    ";-15.6798510;-47.8322110;SPRF-DF;DEL02-DF;UOP01-DEL02-DF 
591739;"1318141   ";2024-04-04;quinta-feira;13:24:00;DF;"20   ";"3,9  ";BRASILIA;Sim;Pista Escorregadia;1;Colisão com objeto;Sem Vítimas;Pleno dia;Crescente;Garoa/Chuvisco;Dupla;"Declive;Reta";Sim  ;"1055680   ";Utilitário;LR/DISC SPT TD4 HSE 7L;"2017      ";Passageiro;Ileso;"59   ";Masculino;"1 ";"0    ";"0    ";"0    ";-15.6798510;-47.8322110;SPRF-DF;DEL02-DF;UOP01-DEL02-DF 
591739;"1318140   ";2024-04-04;quinta-feira;13:24:00;DF;"20   ";"3,9  ";BRASILIA;Sim;Pista Escorregadia;1;Colisão com objeto;Sem Vítimas;Pleno dia;Crescente;Garoa/Chuvisco;Dupla;"Declive;Reta";Sim  ;"1055680   ";Utilitário;LR/DISC SPT TD4 HSE 7L;"2017      ";Condutor;Ileso;"58   ";Masculino;"1 ";"0    ";"0    ";"0    ";-15.6798510;-47.8322110;SPRF-DF;DEL02-DF;UOP01-DEL02-DF 
591739;"1318137   ";2024-04-04;quinta-feira;13:24:00;DF;"20   ";"3,9  ";BRASILIA;Sim;Pista Escorregadia;1;Colisão com objeto;Sem Vítimas;Pleno dia;Crescente;Garoa/Chuvisco;Dupla;"Declive;Reta";Sim  ;"1055671   ";Caminhão-trator;VOLVO/FH12 380 4X2T;"2000      ";Condutor;Ileso;"64   ";Masculino;"1 ";"0    ";"0    ";"0    ";-15.6798510;-47.8322110;SPRF-DF;DEL02-DF;UOP01-DEL02-DF 
591739;"1318143   ";2024-04-04;quinta-feira;13:24:00;DF;"20   ";"3,9  ";BRASILIA;Sim;Pista Escorregadia;1;Colisão com objeto;Sem Vítimas;Pleno dia;Crescente;Garoa/Chuvisco;Dupla;"Declive;Reta";Sim  ;"1055681   ";Utilitário;CHEV/TRAILBLAZER LT D4A;"2018      ";Condutor;Ileso;"47   ";Masculino;"1 ";"0    ";"0    ";"0    ";-15.6798510;-47.8322110;SPRF-DF;DEL02-DF;UOP01-DEL02-DF 
591739;"1318144   ";2024-04-04;quinta-feira;13:24:00;DF;"20   ";"3,9  ";BRASILIA;Sim;Pista Escorregadia;1;Colisão com objeto;Sem Vítimas;Pleno dia;Crescente;Garoa/Chuvisco;Dupla;"Declive;Reta";Sim  ;"1055681   ";Utilitário;CHEV/TRAILBLAZER LT D4A;"2018      ";Passageiro;Ileso;"50   ";Masculino;"1 ";"0    ";"0    ";"0    ";-15.6798510;-47.8322110;SPRF-DF;DEL02-DF;UOP01-DEL02-DF 
591751;"1318054   ";2024-01-03;quarta-feira;16:50:00;DF;"60   ";"7    ";BRASILIA;Sim;Suicídio (presumido);1;Atropelamento de Pedestre;Com Vítimas Feridas;Pleno dia;Crescente;Céu Claro;Dupla;Reta;Sim  ;"1055628   ";Automóvel;VW/VOYAGE 1.6;"2009      ";Passageiro;Ileso;"31   ";Feminino;"1 ";"0    ";"0    ";"0    ";-15.9012370;-48.1223340;SPRF-DF;DEL03-DF;UOP01-DEL03-DF 
591751;"1318055   ";2024-01-03;quarta-feira;16:50:00;DF;"60   ";"7    ";BRASILIA;Sim;Suicídio (presumido);1;Atropelamento de Pedestre;Com Vítimas Feridas;Pleno dia;Crescente;Céu Claro;Dupla;Reta;Sim  ;"1055628   ";Automóvel;VW/VOYAGE 1.6;"2009      ";Passageiro;Ileso;"69   ";Feminino;"1 ";"0    ";"0    ";"0    ";-15.9012370;-48.1223340;SPRF-DF;DEL03-DF;UOP01-DEL03-DF 
591751;"1318057   ";2024-01-03;quarta-feira;16:50:00;DF;"60   ";"7    ";BRASILIA;Sim;Suicídio (presumido);1;Atropelamento de Pedestre;Com Vítimas Feridas;Pleno dia;Crescente;Céu Claro;Dupla;Reta;Sim  ;"1055628   ";Automóvel;VW/VOYAGE 1.6;"2009      ";Condutor;Ileso;"26   ";Masculino;"1 ";"0    ";"0    ";"0    ";-15.9012370;-48.1223340;SPRF-DF;DEL03-DF;UOP01-DEL03-DF 
591751;"1318056   ";2024-01-03;quarta-feira;16:50:00;DF;"60   ";"7    ";BRASILIA;Sim;Suicídio (presumido);1;Atropelamento de Pedestre;Com Vítimas Feridas;Pleno dia;Crescente;Céu Claro;Dupla;Reta;Sim  ;"0         ";"0";NA/NA;"0         ";Pedestre;Lesões Graves;"23   ";Masculino;"0 ";"0    ";"1    ";"0    ";-15.9012370;-48.1223340;SPRF-DF;DEL03-DF;UOP01-DEL03-DF 
591803;"1318368   ";2024-04-04;quinta-feira;18:28:00;DF;"40   ";"0,2  ";BRASILIA;Sim;Condutor usando celular;3;Queda de ocupante de veículo;Com Vítimas Feridas;Plena Noite;Crescente;Céu Claro;Dupla;Reta;Sim  ;"1055848   ";Motocicleta;HONDA/CG 160 FAN;"2024      ";Condutor;Lesões Leves;"37   ";Masculino;"0 ";"1    ";"0    ";"0    ";-15.9768970;-47.9901290;SPRF-DF;DEL01-DF;UOP01-DEL01-DF 
591803;"1318369   ";2024-04-04;quinta-feira;18:28:00;DF;"40   ";"0,2  ";BRASILIA;Sim;Condutor usando celular;3;Queda de ocupante de veículo;Com Vítimas Feridas;Plena Noite;Crescente;Céu Claro;Dupla;Reta;Sim  ;"1055849   ";Automóvel;HONDA/CIVIC LXL;"2012      ";Condutor;Ileso;"28   ";Feminino;"1 ";"0    ";"0    ";"0    ";-15.9768970;-47.9901290;SPRF-DF;DEL01-DF;UOP01-DEL01-DF 
591803;"1318368   ";2024-04-04;quinta-feira;18:28:00;DF;"40   ";"0,2  ";BRASILIA;Sim;Condutor usando celular;2;Tombamento;Com Vítimas Feridas;Plena Noite;Crescente;Céu Claro;Dupla;Reta;Sim  ;"1055848   ";Motocicleta;HONDA/CG 160 FAN;"2024      ";Condutor;Lesões Leves;"37   ";Masculino;"0 ";"1    ";"0    ";"0    ";-15.9768970;-47.9901290;SPRF-DF;DEL01-DF;UOP01-DEL01-DF 
591803;"1318369   ";2024-04-04;quinta-feira;18:28:00;DF;"40   ";"0,2  ";BRASILIA;Sim;Condutor usando celular;2;Tombamento;Com Vítimas Feridas;Plena Noite;Crescente;Céu Claro;Dupla;Reta;Sim  ;"1055849   ";Automóvel;HONDA/CIVIC LXL;"2012      ";Condutor;Ileso;"28   ";Feminino;"1 ";"0    ";"0    ";"0    ";-15.9768970;-47.9901290;SPRF-DF;DEL01-DF;UOP01-DEL01-DF 
591803;"1318368   ";2024-04-04;quinta-feira;18:28:00;DF;"40   ";"0,2  ";BRASILIA;Sim;Condutor usando celular;1;Colisão traseira;Com Vítimas Feridas;Plena Noite;Crescente;Céu Claro;Dupla;Reta;Sim  ;"1055848   ";Motocicleta;HONDA/CG 160 FAN;"2024      ";Condutor;Lesões Leves;"37   ";Masculino;"0 ";"1    ";"0    ";"0    ";-15.9768970;-47.9901290;SPRF-DF;DEL01-DF;UOP01-DEL01-DF 
591803;"1318369   ";2024-04-04;quinta-feira;18:28:00;DF;"40   ";"0,2  ";BRASILIA;Sim;Condutor usando celular;1;Colisão traseira;Com Vítimas Feridas;Plena Noite;Crescente;Céu Claro;Dupla;Reta;Sim  ;"1055849   ";Automóvel;HONDA/CIVIC LXL;"2012      ";Condutor;Ileso;"28   ";Feminino;"1 ";"0    ";"0    ";"0    ";-15.9768970;-47.9901290;SPRF-DF;DEL01-DF;UOP01-DEL01-DF 
591822;"1318269   ";2024-01-12;sexta-feira;06:39:00;DF;"70   ";"0    ";BRASILIA;Sim;Ausência de reação do condutor;2;Incêndio;Sem Vítimas;Amanhecer;Crescente;Céu Claro;Múltipla;Reta;Sim  ;"1055771   ";Automóvel;HONDA/CITY DX FLEX;"2013      ";Condutor;Ileso;"26   ";Masculino;"1 ";"0    ";"0    ";"0    ";-15.7923520;-48.0545090;SPRF-DF;DEL03-DF;UOP02-DEL03-DF 
591822;"1318276   ";2024-01-12;sexta-feira;06:39:00;DF;"70   ";"0    ";BRASILIA;Sim;Ausência de reação do condutor;2;Incêndio;Sem Vítimas;Amanhecer;Crescente;Céu Claro;Múltipla;Reta;Sim  ;"1055775   ";Automóvel;I/HYUNDAI ELANTRA GLS;"0         ";Condutor;Ileso;"21   ";Masculino;"1 ";"0    ";"0    ";"0    ";-15.7923520;-48.0545090;SPRF-DF;DEL03-DF;UOP02-DEL03-DF 
591822;"1318269   ";2024-01-12;sexta-feira;06:39:00;DF;"70   ";"0    ";BRASILIA;Sim;Ausência de reação do condutor;1;Colisão traseira;Sem Vítimas;Amanhecer;Crescente;Céu Claro;Múltipla;Reta;Sim  ;"1055771   ";Automóvel;HONDA/CITY DX FLEX;"2013      ";Condutor;Ileso;"26   ";Masculino;"1 ";"0    ";"0    ";"0    ";-15.7923520;-48.0545090;SPRF-DF;DEL03-DF;UOP02-DEL03-DF 
591822;"1318276   ";2024-01-12;sexta-feira;06:39:00;DF;"70   ";"0    ";BRASILIA;Sim;Ausência de reação do condutor;1;Colisão traseira;Sem Vítimas;Amanhecer;Crescente;Céu Claro;Múltipla;Reta;Sim  ;"1055775   ";Automóvel;I/HYUNDAI ELANTRA GLS;"0         ";Condutor;Ileso;"21   ";Masculino;"1 ";"0    ";"0    ";"0    ";-15.7923520;-48.0545090;SPRF-DF;DEL03-DF;UOP02-DEL03-DF 
591828;"1318378   ";2024-04-04;quinta-feira;21:48:00;DF;"20   ";"42,8 ";BRASILIA;Não;Manobra de mudança de faixa;3;Queda de ocupante de veículo;Com Vítimas Feridas;Plena Noite;Decrescente;Céu Claro;Dupla;"Aclive;Reta";Não  ;"1055858   ";Motocicleta;YAMAHA/FZ25 FAZER;"2022      ";Condutor;Lesões Graves;"39   ";Masculino;"0 ";"0    ";"1    ";"0    ";-15.5792210;-47.4943390;SPRF-DF;DEL02-DF;UOP01-DEL02-DF 
591828;"1318377   ";2024-04-04;quinta-feira;21:48:00;DF;"20   ";"42,8 ";BRASILIA;Não;Manobra de mudança de faixa;3;Queda de ocupante de veículo;Com Vítimas Feridas;Plena Noite;Decrescente;Céu Claro;Dupla;"Aclive;Reta";Não  ;"1055857   ";Caminhão;M.BENZ/L 1313;"1978      ";Passageiro;Ileso;"36   ";Feminino;"1 ";"0    ";"0    ";"0    ";-15.5792210;-47.4943390;SPRF-DF;DEL02-DF;UOP01-DEL02-DF 
591828;"1318376   ";2024-04-04;quinta-feira;21:48:00;DF;"20   ";"42,8 ";BRASILIA;Não;Manobra de mudança de faixa;3;Queda de ocupante de veículo;Com Vítimas Feridas;Plena Noite;Decrescente;Céu Claro;Dupla;"Aclive;Reta";Não  ;"1055857   ";Caminhão;M.BENZ/L 1313;"1978      ";Condutor;Ileso;"39   ";Masculino;"1 ";"0    ";"0    ";"0    ";-15.5792210;-47.4943390;SPRF-DF;DEL02-DF;UOP01-DEL02-DF 
591828;"1320062   ";2024-04-04;quinta-feira;21:48:00;DF;"20   ";"42,8 ";BRASILIA;Não;Manobra de mudança de faixa;3;Queda de ocupante de veículo;Com Vítimas Feridas;Plena Noite;Decrescente;Céu Claro;Dupla;"Aclive;Reta";Não  ;"0         ";"0";NA/NA;"0         ";Testemunha;Não Informado;"0    ";Não Informado;"0 ";"0    ";"0    ";"0    ";-15.5792210;-47.4943390;SPRF-DF;DEL02-DF;UOP01-DEL02-DF 
591828;"1320137   ";2024-04-04;quinta-feira;21:48:00;DF;"20   ";"42,8 ";BRASILIA;Não;Manobra de mudança de faixa;3;Queda de ocupante de veículo;Com Vítimas Feridas;Plena Noite;Decrescente;Céu Claro;Dupla;"Aclive;Reta";Não  ;"0         ";"0";NA/NA;"0         ";Testemunha;Não Informado;"0    ";Não Informado;"0 ";"0    ";"0    ";"0    ";-15.5792210;-47.4943390;SPRF-DF;DEL02-DF;UOP01-DEL02-DF 
591828;"1318378   ";2024-04-04;quinta-feira;21:48:00;DF;"20   ";"42,8 ";BRASILIA;Não;Iluminação deficiente;3;Queda de ocupante de veículo;Com Vítimas Feridas;Plena Noite;Decrescente;Céu Claro;Dupla;"Aclive;Reta";Não  ;"1055858   ";Motocicleta;YAMAHA/FZ25 FAZER;"2022      ";Condutor;Lesões Graves;"39   ";Masculino;"0 ";"0    ";"1    ";"0    ";-15.5792210;-47.4943390;SPRF-DF;DEL02-DF;UOP01-DEL02-DF 
591828;"1318377   ";2024-04-04;quinta-feira;21:48:00;DF;"20   ";"42,8 ";BRASILIA;Não;Iluminação deficiente;3;Queda de ocupante de veículo;Com Vítimas Feridas;Plena Noite;Decrescente;Céu Claro;Dupla;"Aclive;Reta";Não  ;"1055857   ";Caminhão;M.BENZ/L 1313;"1978      ";Passageiro;Ileso;"36   ";Feminino;"1 ";"0    ";"0    ";"0    ";-15.5792210;-47.4943390;SPRF-DF;DEL02-DF;UOP01-DEL02-DF 
591828;"1318376   ";2024-04-04;quinta-feira;21:48:00;DF;"20   ";"42,8 ";BRASILIA;Não;Iluminação deficiente;3;Queda de ocupante de veículo;Com Vítimas Feridas;Plena Noite;Decrescente;Céu Claro;Dupla;"Aclive;Reta";Não  ;"1055857   ";Caminhão;M.BENZ/L 1313;"1978      ";Condutor;Ileso;"39   ";Masculino;"1 ";"0    ";"0    ";"0    ";-15.5792210;-47.4943390;SPRF-DF;DEL02-DF;UOP01-DEL02-DF 
591828;"1320062   ";2024-04-04;quinta-feira;21:48:00;DF;"20   ";"42,8 ";BRASILIA;Não;Iluminação deficiente;3;Queda de ocupante de veículo;Com Vítimas Feridas;Plena Noite;Decrescente;Céu Claro;Dupla;"Aclive;Reta";Não  ;"0         ";"0";NA/NA;"0         ";Testemunha;Não Informado;"0    ";Não Informado;"0 ";"0    ";"0    ";"0    ";-15.5792210;-47.4943390;SPRF-DF;DEL02-DF;UOP01-DEL02-DF 
591828;"1320137   ";2024-04-04;quinta-feira;21:48:00;DF;"20   ";"42,8 ";BRASILIA;Não;Iluminação deficiente;3;Queda de ocupante de veículo;Com Vítimas Feridas;Plena Noite;Decrescente;Céu Claro;Dupla;"Aclive;Reta";Não  ;"0         ";"0";NA/NA;"0         ";Testemunha;Não Informado;"0    ";Não Informado;"0 ";"0    ";"0    ";"0    ";-15.5792210;-47.4943390;SPRF-DF;DEL02-DF;UOP01-DEL02-DF 
591828;"1318378   ";2024-04-04;quinta-feira;21:48:00;DF;"20   ";"42,8 ";BRASILIA;Não;Ausência de reação do condutor;3;Queda de ocupante de veículo;Com Vítimas Feridas;Plena Noite;Decrescente;Céu Claro;Dupla;"Aclive;Reta";Não  ;"1055858   ";Motocicleta;YAMAHA/FZ25 FAZER;"2022      ";Condutor;Lesões Graves;"39   ";Masculino;"0 ";"0    ";"1    ";"0    ";-15.5792210;-47.4943390;SPRF-DF;DEL02-DF;UOP01-DEL02-DF 
591828;"1318377   ";2024-04-04;quinta-feira;21:48:00;DF;"20   ";"42,8 ";BRASILIA;Não;Ausência de reação do condutor;3;Queda de ocupante de veículo;Com Vítimas Feridas;Plena Noite;Decrescente;Céu Claro;Dupla;"Aclive;Reta";Não  ;"1055857   ";Caminhão;M.BENZ/L 1313;"1978      ";Passageiro;Ileso;"36   ";Feminino;"1 ";"0    ";"0    ";"0    ";-15.5792210;-47.4943390;SPRF-DF;DEL02-DF;UOP01-DEL02-DF 
591828;"1318376   ";2024-04-04;quinta-feira;21:48:00;DF;"20   ";"42,8 ";BRASILIA;Não;Ausência de reação do condutor;3;Queda de ocupante de veículo;Com Vítimas Feridas;Plena Noite;Decrescente;Céu Claro;Dupla;"Aclive;Reta";Não  ;"1055857   ";Caminhão;M.BENZ/L 1313;"1978      ";Condutor;Ileso;"39   ";Masculino;"1 ";"0    ";"0    ";"0    ";-15.5792210;-47.4943390;SPRF-DF;DEL02-DF;UOP01-DEL02-DF 
591828;"1320062   ";2024-04-04;quinta-feira;21:48:00;DF;"20   ";"42,8 ";BRASILIA;Não;Ausência de reação do condutor;3;Queda de ocupante de veículo;Com Vítimas Feridas;Plena Noite;Decrescente;Céu Claro;Dupla;"Aclive;Reta";Não  ;"0         ";"0";NA/NA;"0         ";Testemunha;Não Informado;"0    ";Não Informado;"0 ";"0    ";"0    ";"0    ";-15.5792210;-47.4943390;SPRF-DF;DEL02-DF;UOP01-DEL02-DF 
591828;"1320137   ";2024-04-04;quinta-feira;21:48:00;DF;"20   ";"42,8 ";BRASILIA;Não;Ausência de reação do condutor;3;Queda de ocupante de veículo;Com Vítimas Feridas;Plena Noite;Decrescente;Céu Claro;Dupla;"Aclive;Reta";Não  ;"0         ";"0";NA/NA;"0         ";Testemunha;Não Informado;"0    ";Não Informado;"0 ";"0    ";"0    ";"0    ";-15.5792210;-47.4943390;SPRF-DF;DEL02-DF;UOP01-DEL02-DF 
591828;"1318378   ";2024-04-04;quinta-feira;21:48:00;DF;"20   ";"42,8 ";BRASILIA;Não;Ausência de sinalização;3;Queda de ocupante de veículo;Com Vítimas Feridas;Plena Noite;Decrescente;Céu Claro;Dupla;"Aclive;Reta";Não  ;"1055858   ";Motocicleta;YAMAHA/FZ25 FAZER;"2022      ";Condutor;Lesões Graves;"39   ";Masculino;"0 ";"0    ";"1    ";"0    ";-15.5792210;-47.4943390;SPRF-DF;DEL02-DF;UOP01-DEL02-DF 
591828;"1318377   ";2024-04-04;quinta-feira;21:48:00;DF;"20   ";"42,8 ";BRASILIA;Não;Ausência de sinalização;3;Queda de ocupante de veículo;Com Vítimas Feridas;Plena Noite;Decrescente;Céu Claro;Dupla;"Aclive;Reta";Não  ;"1055857   ";Caminhão;M.BENZ/L 1313;"1978      ";Passageiro;Ileso;"36   ";Feminino;"1 ";"0    ";"0    ";"0    ";-15.5792210;-47.4943390;SPRF-DF;DEL02-DF;UOP01-DEL02-DF 
591828;"1318376   ";2024-04-04;quinta-feira;21:48:00;DF;"20   ";"42,8 ";BRASILIA;Não;Ausência de sinalização;3;Queda de ocupante de veículo;Com Vítimas Feridas;Plena Noite;Decrescente;Céu Claro;Dupla;"Aclive;Reta";Não  ;"1055857   ";Caminhão;M.BENZ/L 1313;"1978      ";Condutor;Ileso;"39   ";Masculino;"1 ";"0    ";"0    ";"0    ";-15.5792210;-47.4943390;SPRF-DF;DEL02-DF;UOP01-DEL02-DF 
591828;"1320062   ";2024-04-04;quinta-feira;21:48:00;DF;"20   ";"42,8 ";BRASILIA;Não;Ausência de sinalização;3;Queda de ocupante de veículo;Com Vítimas Feridas;Plena Noite;Decrescente;Céu Claro;Dupla;"Aclive;Reta";Não  ;"0         ";"0";NA/NA;"0         ";Testemunha;Não Informado;"0    ";Não Informado;"0 ";"0    ";"0    ";"0    ";-15.5792210;-47.4943390;SPRF-DF;DEL02-DF;UOP01-DEL02-DF 
591828;"1320137   ";2024-04-04;quinta-feira;21:48:00;DF;"20   ";"42,8 ";BRASILIA;Não;Ausência de sinalização;3;Queda de ocupante de veículo;Com Vítimas Feridas;Plena Noite;Decrescente;Céu Claro;Dupla;"Aclive;Reta";Não  ;"0         ";"0";NA/NA;"0         ";Testemunha;Não Informado;"0    ";Não Informado;"0 ";"0    ";"0    ";"0    ";-15.5792210;-47.4943390;SPRF-DF;DEL02-DF;UOP01-DEL02-DF 
591828;"1318378   ";2024-04-04;quinta-feira;21:48:00;DF;"20   ";"42,8 ";BRASILIA;Sim;Reação tardia ou ineficiente do condutor;3;Queda de ocupante de veículo;Com Vítimas Feridas;Plena Noite;Decrescente;Céu Claro;Dupla;"Aclive;Reta";Não  ;"1055858   ";Motocicleta;YAMAHA/FZ25 FAZER;"2022      ";Condutor;Lesões Graves;"39   ";Masculino;"0 ";"0    ";"1    ";"0    ";-15.5792210;-47.4943390;SPRF-DF;DEL02-DF;UOP01-DEL02-DF 
591828;"1318377   ";2024-04-04;quinta-feira;21:48:00;DF;"20   ";"42,8 ";BRASILIA;Sim;Reação tardia ou ineficiente do condutor;3;Queda de ocupante de veículo;Com Vítimas Feridas;Plena Noite;Decrescente;Céu Claro;Dupla;"Aclive;Reta";Não  ;"1055857   ";Caminhão;M.BENZ/L 1313;"1978      ";Passageiro;Ileso;"36   ";Feminino;"1 ";"0    ";"0    ";"0    ";-15.5792210;-47.4943390;SPRF-DF;DEL02-DF;UOP01-DEL02-DF 
591828;"1318376   ";2024-04-04;quinta-feira;21:48:00;DF;"20   ";"42,8 ";BRASILIA;Sim;Reação tardia ou ineficiente do condutor;3;Queda de ocupante de veículo;Com Vítimas Feridas;Plena Noite;Decrescente;Céu Claro;Dupla;"Aclive;Reta";Não  ;"1055857   ";Caminhão;M.BENZ/L 1313;"1978      ";Condutor;Ileso;"39   ";Masculino;"1 ";"0    ";"0    ";"0    ";-15.5792210;-47.4943390;SPRF-DF;DEL02-DF;UOP01-DEL02-DF 