id;pesid;data_inversa;dia_semana;horario;uf;br;km;municipio;causa_principal;causa_acidente;ordem_tipo_acidente;tipo_acidente;classificacao_acidente;fase_dia;sentido_via;condicao_metereologica;tipo_pista;tracado_via;uso_solo;id_veiculo;tipo_veiculo;marca;ano_fabricacao_veiculo;tipo_envolvido;estado_fisico;idade;sexo;ilesos;feridos_leves;feridos_graves;mortos;latitude;longitude;regional;delegacia;uop
591828;"1320062   ";2024-04-04;quinta-feira;21:48:00;DF;"20   ";"42,8 ";BRASILIA;Sim;Reação tardia ou ineficiente do condutor;3;Queda de ocupante de veículo;Com Vítimas Feridas;Plena Noite;Decrescente;Céu Claro;Dupla;"Aclive;Reta";Não  ;"0         ";"0";NA/NA;"0         ";Testemunha;Não Informado;"0    ";Não Informado;"0 ";"0    ";"0    ";"0    ";-15.5792210;-47.4943390;SPRF-DF;DEL02-DF;UOP01-DEL02-DF 
591828;"1320137   ";2024-04-04;quinta-feira;21:48:00;DF;"20   ";"42,8 ";BRASILIA;Sim;Reação tardia ou ineficiente do condutor;3;Queda de ocupante de veículo;Com Vítimas Feridas;Plena Noite;Decrescente;Céu Claro;Dupla;"Aclive;Reta";Não  ;"0         ";"0";NA/NA;"0         ";Testemunha;Não Informado;"0    ";Não Informado;"0 ";"0    ";"0    ";"0    ";-15.5792210;-47.4943390;SPRF-DF;DEL02-DF;UOP01-DEL02-DF 
591828;"1318378   ";2024-04-04;quinta-feira;21:48:00;DF;"20   ";"42,8 ";BRASILIA;Não;Manobra de mudança de faixa;2;Tombamento;Com Vítimas Feridas;Plena Noite;Decrescente;Céu Claro;Dupla;"Aclive;Reta";Não  ;"1055858   ";Motocicleta;YAMAHA/FZ25 FAZER;"2022      ";Condutor;Lesões Graves;"39   ";Masculino;"0 ";"0    ";"1    ";"0    ";-15.5792210;-47.4943390;SPRF-DF;DEL02-DF;UOP01-DEL02-DF 
591828;"1318377   ";2024-04-04;quinta-feira;21:48:00;DF;"20   ";"42,8 ";BRASILIA;Não;Manobra de mudança de faixa;2;Tombamento;Com Vítimas Feridas;Plena Noite;Decrescente;Céu Claro;Dupla;"Aclive;Reta";Não  ;"1055857   ";Caminhão;M.BENZ/L 1313;"1978      ";Passageiro;Ileso;"36   ";Feminino;"1 ";"0    ";"0    ";"0    ";-15.5792210;-47.4943390;SPRF-DF;DEL02-DF;UOP01-DEL02-DF 
591828;"1318376   ";2024-04-04;quinta-feira;21:48:00;DF;"20   ";"42,8 ";BRASILIA;Não;Manobra de mudança de faixa;2;Tombamento;Com Vítimas Feridas;Plena Noite;Decrescente;Céu Claro;Dupla;"Aclive;Reta";Não  ;"1055857   ";Caminhão;M.BENZ/L 1313;"1978      ";Condutor;Ileso;"39   ";Masculino;"1 ";"0    ";"0    ";"0    ";-15.5792210;-47.4943390;SPRF-DF;DEL02-DF;UOP01-DEL02-DF 
591828;"1320062   ";2024-04-04;quinta-feira;21:48:00;DF;"20   ";"42,8 ";BRASILIA;Não;Manobra de mudança de faixa;2;Tombamento;Com Vítimas Feridas;Plena Noite;Decrescente;Céu Claro;Dupla;"Aclive;Reta";Não  ;"0         ";"0";NA/NA;"0         ";Testemunha;Não Informado;"0    ";Não Informado;"0 ";"0    ";"0    ";"0    ";-15.5792210;-47.4943390;SPRF-DF;DEL02-DF;UOP01-DEL02-DF 
591828;"1320137   ";2024-04-04;quinta-feira;21:48:00;DF;"20   ";"42,8 ";BRASILIA;Não;Manobra de mudança de faixa;2;Tombamento;Com Vítimas Feridas;Plena Noite;Decrescente;Céu Claro;Dupla;"Aclive;Reta";Não  ;"0         ";"0";NA/NA;"0         ";Testemunha;Não Informado;"0    ";Não Informado;"0 ";"0    ";"0    ";"0    ";-15.5792210;-47.4943390;SPRF-DF;DEL02-DF;UOP01-DEL02-DF 
591828;"1318378   ";2024-04-04;quinta-feira;21:48:00;DF;"20   ";"42,8 ";BRASILIA;Não;Iluminação deficiente;2;Tombamento;Com Vítimas Feridas;Plena Noite;Decrescente;Céu Claro;Dupla;"Aclive;Reta";Não  ;"1055858   ";Motocicleta;YAMAHA/FZ25 FAZER;"2022      ";Condutor;Lesões Graves;"39   ";Masculino;"0 ";"0    ";"1    ";"0    ";-15.5792210;-47.4943390;SPRF-DF;DEL02-DF;UOP01-DEL02-DF 
591828;"1318377   ";2024-04-04;quinta-feira;21:48:00;DF;"20   ";"42,8 ";BRASILIA;Não;Iluminação deficiente;2;Tombamento;Com Vítimas Feridas;Plena Noite;Decrescente;Céu Claro;Dupla;"Aclive;Reta";Não  ;"1055857   ";Caminhão;M.BENZ/L 1313;"1978      ";Passageiro;Ileso;"36   ";Feminino;"1 ";"0    ";"0    ";"0    ";-15.5792210;-47.4943390;SPRF-DF;DEL02-DF;UOP01-DEL02-DF 
591828;"1318376   ";2024-04-04;quinta-feira;21:48:00;DF;"20   ";"42,8 ";BRASILIA;Não;Iluminação deficiente;2;Tombamento;Com Vítimas Feridas;Plena Noite;Decrescente;Céu Claro;Dupla;"Aclive;Reta";Não  ;"1055857   ";Caminhão;M.BENZ/L 1313;"1978      ";Condutor;Ileso;"39   ";Masculino;"1 ";"0    ";"0    ";"0    ";-15.5792210;-47.4943390;SPRF-DF;DEL02-DF;UOP01-DEL02-DF 
591828;"1320062   ";2024-04-04;quinta-feira;21:48:00;DF;"20   ";"42,8 ";BRASILIA;Não;Iluminação deficiente;2;Tombamento;Com Vítimas Feridas;Plena Noite;Decrescente;Céu Claro;Dupla;"Aclive;Reta";Não  ;"0         ";"0";NA/NA;"0         ";Testemunha;Não Informado;"0    ";Não Informado;"0 ";"0    ";"0    ";"0    ";-15.5792210;-47.4943390;SPRF-DF;DEL02-DF;UOP01-DEL02-DF 
591828;"1320137   ";2024-04-04;quinta-feira;21:48:00;DF;"20   ";"42,8 ";BRASILIA;Não;Iluminação deficiente;2;Tombamento;Com Vítimas Feridas;Plena Noite;Decrescente;Céu Claro;Dupla;"Aclive;Reta";Não  ;"0         ";"0";NA/NA;"0         ";Testemunha;Não Informado;"0    ";Não Informado;"0 ";"0    ";"0    ";"0    ";-15.5792210;-47.4943390;SPRF-DF;DEL02-DF;UOP01-DEL02-DF 
591828;"1318378   ";2024-04-04;quinta-feira;21:48:00;DF;"20   ";"42,8 ";BRASILIA;Não;Ausência de reação do condutor;2;Tombamento;Com Vítimas Feridas;Plena Noite;Decrescente;Céu Claro;Dupla;"Aclive;Reta";Não  ;"1055858   ";Motocicleta;YAMAHA/FZ25 FAZER;"2022      ";Condutor;Lesões Graves;"39   ";Masculino;"0 ";"0    ";"1    ";"0    ";-15.5792210;-47.4943390;SPRF-DF;DEL02-DF;UOP01-DEL02-DF 
591828;"1318377   ";2024-04-04;quinta-feira;21:48:00;DF;"20   ";"42,8 ";BRASILIA;Não;Ausência de reação do condutor;2;Tombamento;Com Vítimas Feridas;Plena Noite;Decrescente;Céu Claro;Dupla;"Aclive;Reta";Não  ;"1055857   ";Caminhão;M.BENZ/L 1313;"1978      ";Passageiro;Ileso;"36   ";Feminino;"1 ";"0    ";"0    ";"0    ";-15.5792210;-47.4943390;SPRF-DF;DEL02-DF;UOP01-DEL02-DF 
591828;"1318376   ";2024-04-04;quinta-feira;21:48:00;DF;"20   ";"42,8 ";BRASILIA;Não;Ausência de reação do condutor;2;Tombamento;Com Vítimas Feridas;Plena Noite;Decrescente;Céu Claro;Dupla;"Aclive;Reta";Não  ;"1055857   ";Caminhão;M.BENZ/L 1313;"1978      ";Condutor;Ileso;"39   ";Masculino;"1 ";"0    ";"0    ";"0    ";-15.5792210;-47.4943390;SPRF-DF;DEL02-DF;UOP01-DEL02-DF 
591828;"1320062   ";2024-04-04;quinta-feira;21:48:00;DF;"20   ";"42,8 ";BRASILIA;Não;Ausência de reação do condutor;2;Tombamento;Com Vítimas Feridas;Plena Noite;Decrescente;Céu Claro;Dupla;"Aclive;Reta";Não  ;"0         ";"0";NA/NA;"0         ";Testemunha;Não Informado;"0    ";Não Informado;"0 ";"0    ";"0    ";"0    ";-15.5792210;-47.4943390;SPRF-DF;DEL02-DF;UOP01-DEL02-DF 
591828;"1320137   ";2024-04-04;quinta-feira;21:48:00;DF;"20   ";"42,8 ";BRASILIA;Não;Ausência de reação do condutor;2;Tombamento;Com Vítimas Feridas;Plena Noite;Decrescente;Céu Claro;Dupla;"Aclive;Reta";Não  ;"0         ";"0";NA/NA;"0         ";Testemunha;Não Informado;"0    ";Não Informado;"0 ";"0    ";"0    ";"0    ";-15.5792210;-47.4943390;SPRF-DF;DEL02-DF;UOP01-DEL02-DF 
591828;"1318378   ";2024-04-04;quinta-feira;21:48:00;DF;"20   ";"42,8 ";BRASILIA;Não;Ausência de sinalização;2;Tombamento;Com Vítimas Feridas;Plena Noite;Decrescente;Céu Claro;Dupla;"Aclive;Reta";Não  ;"1055858   ";Motocicleta;YAMAHA/FZ25 FAZER;"2022      ";Condutor;Lesões Graves;"39   ";Masculino;"0 ";"0    ";"1    ";"0    ";-15.5792210;-47.4943390;SPRF-DF;DEL02-DF;UOP01-DEL02-DF 
591828;"1318377   ";2024-04-04;quinta-feira;21:48:00;DF;"20   ";"42,8 ";BRASILIA;Não;Ausência de sinalização;2;Tombamento;Com Vítimas Feridas;Plena Noite;Decrescente;Céu Claro;Dupla;"Aclive;Reta";Não  ;"1055857   ";Caminhão;M.BENZ/L 1313;"1978      ";Passageiro;Ileso;"36   ";Feminino;"1 ";"0    ";"0    ";"0    ";-15.5792210;-47.4943390;SPRF-DF;DEL02-DF;UOP01-DEL02-DF 
591828;"1318376   ";2024-04-04;quinta-feira;21:48:00;DF;"20   ";"42,8 ";BRASILIA;Não;Ausência de sinalização;2;Tombamento;Com Vítimas Feridas;Plena Noite;Decrescente;Céu Claro;Dupla;"Aclive;Reta";Não  ;"1055857   ";Caminhão;M.BENZ/L 1313;"1978      ";Condutor;Ileso;"39   ";Masculino;"1 ";"0    ";"0    ";"0    ";-15.5792210;-47.4943390;SPRF-DF;DEL02-DF;UOP01-DEL02-DF 
591828;"1320062   ";2024-04-04;quinta-feira;21:48:00;DF;"20   ";"42,8 ";BRASILIA;Não;Ausência de sinalização;2;Tombamento;Com Vítimas Feridas;Plena Noite;Decrescente;Céu Claro;Dupla;"Aclive;Reta";Não  ;"0         ";"0";NA/NA;"0         ";Testemunha;Não Informado;"0    ";Não Informado;"0 ";"0    ";"0    ";"0    ";-15.5792210;-47.4943390;SPRF-DF;DEL02-DF;UOP01-DEL02-DF 
591828;"1320137   ";2024-04-04;quinta-feira;21:48:00;DF;"20   ";"42,8 ";BRASILIA;Não;Ausência de sinalização;2;Tombamento;Com Vítimas Feridas;Plena Noite;Decrescente;Céu Claro;Dupla;"Aclive;Reta";Não  ;"0         ";"0";NA/NA;"0         ";Testemunha;Não Informado;"0    ";Não Informado;"0 ";"0    ";"0    ";"0    ";-15.5792210;-47.4943390;SPRF-DF;DEL02-DF;UOP01-DEL02-DF 
591828;"1318378   ";2024-04-04;quinta-feira;21:48:00;DF;"20   ";"42,8 ";BRASILIA;Sim;Reação tardia ou ineficiente do condutor;2;Tombamento;Com Vítimas Feridas;Plena Noite;Decrescente;Céu Claro;Dupla;"Aclive;Reta";Não  ;"1055858   ";Motocicleta;YAMAHA/FZ25 FAZER;"2022      ";Condutor;Lesões Graves;"39   ";Masculino;"0 ";"0    ";"1    ";"0    ";-15.5792210;-47.4943390;SPRF-DF;DEL02-DF;UOP01-DEL02-DF 
591828;"1318377   ";2024-04-04;quinta-feira;21:48:00;DF;"20   ";"42,8 ";BRASILIA;Sim;Reação tardia ou ineficiente do condutor;2;Tombamento;Com Vítimas Feridas;Plena Noite;Decrescente;Céu Claro;Dupla;"Aclive;Reta";Não  ;"1055857   ";Caminhão;M.BENZ/L 1313;"1978      ";Passageiro;Ileso;"36   ";Feminino;"1 ";"0    ";"0    ";"0    ";-15.5792210;-47.4943390;SPRF-DF;DEL02-DF;UOP01-DEL02-DF 
591828;"1318376   ";2024-04-04;quinta-feira;21:48:00;DF;"20   ";"42,8 ";BRASILIA;Sim;Reação tardia ou ineficiente do condutor;2;Tombamento;Com Vítimas Feridas;Plena Noite;Decrescente;Céu Claro;Dupla;"Aclive;Reta";Não  ;"1055857   ";Caminhão;M.BENZ/L 1313;"1978      ";Condutor;Ileso;"39   ";Masculino;"1 ";"0    ";"0    ";"0    ";-15.5792210;-47.4943390;SPRF-DF;DEL02-DF;UOP01-DEL02-DF 
591828;"1320062   ";2024-04-04;quinta-feira;21:48:00;DF;"20   ";"42,8 ";BRASILIA;Sim;Reação tardia ou ineficiente do condutor;2;Tombamento;Com Vítimas Feridas;Plena Noite;Decrescente;Céu Claro;Dupla;"Aclive;Reta";Não  ;"0         ";"0";NA/NA;"0         ";Testemunha;Não Informado;"0    ";Não Informado;"0 ";"0    ";"0    ";"0    ";-15.5792210;-47.4943390;SPRF-DF;DEL02-DF;UOP01-DEL02-DF 
591828;"1320137   ";2024-04-04;quinta-feira;21:48:00;DF;"20   ";"42,8 ";BRASILIA;Sim;Reação tardia ou ineficiente do condutor;2;Tombamento;Com Vítimas Feridas;Plena Noite;Decrescente;Céu Claro;Dupla;"Aclive;Reta";Não  ;"0         ";"0";NA/NA;"0         ";Testemunha;Não Informado;"0    ";Não Informado;"0 ";"0    ";"0    ";"0    ";-15.5792210;-47.4943390;SPRF-DF;DEL02-DF;UOP01-DEL02-DF 
591828;"1318378   ";2024-04-04;quinta-feira;21:48:00;DF;"20   ";"42,8 ";BRASILIA;Não;Manobra de mudança de faixa;1;Colisão traseira;Com Vítimas Feridas;Plena Noite;Decrescente;Céu Claro;Dupla;"Aclive;Reta";Não  ;"1055858   ";Motocicleta;YAMAHA/FZ25 FAZER;"2022      ";Condutor;Lesões Graves;"39   ";Masculino;"0 ";"0    ";"1    ";"0    ";-15.5792210;-47.4943390;SPRF-DF;DEL02-DF;UOP01-DEL02-DF 
591828;"1318377   ";2024-04-04;quinta-feira;21:48:00;DF;"20   ";"42,8 ";BRASILIA;Não;Manobra de mudança de faixa;1;Colisão traseira;Com Vítimas Feridas;Plena Noite;Decrescente;Céu Claro;Dupla;"Aclive;Reta";Não  ;"1055857   ";Caminhão;M.BENZ/L 1313;"1978      ";Passageiro;Ileso;"36   ";Feminino;"1 ";"0    ";"0    ";"0    ";-15.5792210;-47.4943390;SPRF-DF;DEL02-DF;UOP01-DEL02-DF 
591828;"1318376   ";2024-04-04;quinta-feira;21:48:00;DF;"20   ";"42,8 ";BRASILIA;Não;Manobra de mudança de faixa;1;Colisão traseira;Com Vítimas Feridas;Plena Noite;Decrescente;Céu Claro;Dupla;"Aclive;Reta";Não  ;"1055857   ";Caminhão;M.BENZ/L 1313;"1978      ";Condutor;Ileso;"39   ";Masculino;"1 ";"0    ";"0    ";"0    ";-15.5792210;-47.4943390;SPRF-DF;DEL02-DF;UOP01-DEL02-DF 
591828;"1320062   ";2024-04-04;quinta-feira;21:48:00;DF;"20   ";"42,8 ";BRASILIA;Não;Manobra de mudança de faixa;1;Colisão traseira;Com Vítimas Feridas;Plena Noite;Decrescente;Céu Claro;Dupla;"Aclive;Reta";Não  ;"0         ";"0";NA/NA;"0         ";Testemunha;Não Informado;"0    ";Não Informado;"0 ";"0    ";"0    ";"0    ";-15.5792210;-47.4943390;SPRF-DF;DEL02-DF;UOP01-DEL02-DF 
591828;"1320137   ";2024-04-04;quinta-feira;21:48:00;DF;"20   ";"42,8 ";BRASILIA;Não;Manobra de mudança de faixa;1;Colisão traseira;Com Vítimas Feridas;Plena Noite;Decrescente;Céu Claro;Dupla;"Aclive;Reta";Não  ;"0         ";"0";NA/NA;"0         ";Testemunha;Não Informado;"0    ";Não Informado;"0 ";"0    ";"0    ";"0    ";-15.5792210;-47.4943390;SPRF-DF;DEL02-DF;UOP01-DEL02-DF 
591828;"1318378   ";2024-04-04;quinta-feira;21:48:00;DF;"20   ";"42,8 ";BRASILIA;Não;Iluminação deficiente;1;Colisão traseira;Com Vítimas Feridas;Plena Noite;Decrescente;Céu Claro;Dupla;"Aclive;Reta";Não  ;"1055858   ";Motocicleta;YAMAHA/FZ25 FAZER;"2022      ";Condutor;Lesões Graves;"39   ";Masculino;"0 ";"0    ";"1    ";"0    ";-15.5792210;-47.4943390;SPRF-DF;DEL02-DF;UOP01-DEL02-DF 
591828;"1318377   ";2024-04-04;quinta-feira;21:48:00;DF;"20   ";"42,8 ";BRASILIA;Não;Iluminação deficiente;1;Colisão traseira;Com Vítimas Feridas;Plena Noite;Decrescente;Céu Claro;Dupla;"Aclive;Reta";Não  ;"1055857   ";Caminhão;M.BENZ/L 1313;"1978      ";Passageiro;Ileso;"36   ";Feminino;"1 ";"0    ";"0    ";"0    ";-15.5792210;-47.4943390;SPRF-DF;DEL02-DF;UOP01-DEL02-DF 
591828;"1318376   ";2024-04-04;quinta-feira;21:48:00;DF;"20   ";"42,8 ";BRASILIA;Não;Iluminação deficiente;1;Colisão traseira;Com Vítimas Feridas;Plena Noite;Decrescente;Céu Claro;Dupla;"Aclive;Reta";Não  ;"1055857   ";Caminhão;M.BENZ/L 1313;"1978      ";Condutor;Ileso;"39   ";Masculino;"1 ";"0    ";"0    ";"0    ";-15.5792210;-47.4943390;SPRF-DF;DEL02-DF;UOP01-DEL02-DF 
591828;"1320062   ";2024-04-04;quinta-feira;21:48:00;DF;"20   ";"42,8 ";BRASILIA;Não;Iluminação deficiente;1;Colisão traseira;Com Vítimas Feridas;Plena Noite;Decrescente;Céu Claro;Dupla;"Aclive;Reta";Não  ;"0         ";"0";NA/NA;"0         ";Testemunha;Não Informado;"0    ";Não Informado;"0 ";"0    ";"0    ";"0    ";-15.5792210;-47.4943390;SPRF-DF;DEL02-DF;UOP01-DEL02-DF 
591828;"1320137   ";2024-04-04;quinta-feira;21:48:00;DF;"20   ";"42,8 ";BRASILIA;Não;Iluminação deficiente;1;Colisão traseira;Com Vítimas Feridas;Plena Noite;Decrescente;Céu Claro;Dupla;"Aclive;Reta";Não  ;"0         ";"0";NA/NA;"0         ";Testemunha;Não Informado;"0    ";Não Informado;"0 ";"0    ";"0    ";"0    ";-15.5792210;-47.4943390;SPRF-DF;DEL02-DF;UOP01-DEL02-DF 
591828;"1318378   ";2024-04-04;quinta-feira;21:48:00;DF;"20   ";"42,8 ";BRASILIA;Não;Ausência de reação do condutor;1;Colisão traseira;Com Vítimas Feridas;Plena Noite;Decrescente;Céu Claro;Dupla;"Aclive;Reta";Não  ;"1055858   ";Motocicleta;YAMAHA/FZ25 FAZER;"2022      ";Condutor;Lesões Graves;"39   ";Masculino;"0 ";"0    ";"1    ";"0    ";-15.5792210;-47.4943390;SPRF-DF;DEL02-DF;UOP01-DEL02-DF 
591828;"1318377   ";2024-04-04;quinta-feira;21:48:00;DF;"20   ";"42,8 ";BRASILIA;Não;Ausência de reação do condutor;1;Colisão traseira;Com Vítimas Feridas;Plena Noite;Decrescente;Céu Claro;Dupla;"Aclive;Reta";Não  ;"1055857   ";Caminhão;M.BENZ/L 1313;"1978      ";Passageiro;Ileso;"36   ";Feminino;"1 ";"0    ";"0    ";"0    ";-15.5792210;-47.4943390;SPRF-DF;DEL02-DF;UOP01-DEL02-DF 
591828;"1318376   ";2024-04-04;quinta-feira;21:48:00;DF;"20   ";"42,8 ";BRASILIA;Não;Ausência de reação do condutor;1;Colisão traseira;Com Vítimas Feridas;Plena Noite;Decrescente;Céu Claro;Dupla;"Aclive;Reta";Não  ;"1055857   ";Caminhão;M.BENZ/L 1313;"1978      ";Condutor;Ileso;"39   ";Masculino;"1 ";"0    ";"0    ";"0    ";-15.5792210;-47.4943390;SPRF-DF;DEL02-DF;UOP01-DEL02-DF 
591828;"1320062   ";2024-04-04;quinta-feira;21:48:00;DF;"20   ";"42,8 ";BRASILIA;Não;Ausência de reação do condutor;1;Colisão traseira;Com Vítimas Feridas;Plena Noite;Decrescente;Céu Claro;Dupla;"Aclive;Reta";Não  ;"0         ";"0";NA/NA;"0         ";Testemunha;Não Informado;"0    ";Não Informado;"0 ";"0    ";"0    ";"0    ";-15.5792210;-47.4943390;SPRF-DF;DEL02-DF;UOP01-DEL02-DF 
591828;"1320137   ";2024-04-04;quinta-feira;21:48:00;DF;"20   ";"42,8 ";BRASILIA;Não;Ausência de reação do condutor;1;Colisão traseira;Com Vítimas Feridas;Plena Noite;Decrescente;Céu Claro;Dupla;"Aclive;Reta";Não  ;"0         ";"0";NA/NA;"0         ";Testemunha;Não Informado;"0    ";Não Informado;"0 ";"0    ";"0    ";"0    ";-15.5792210;-47.4943390;SPRF-DF;DEL02-DF;UOP01-DEL02-DF 
591828;"1318378   ";2024-04-04;quinta-feira;21:48:00;DF;"20   ";"42,8 ";BRASILIA;Não;Ausência de sinalização;1;Colisão traseira;Com Vítimas Feridas;Plena Noite;Decrescente;Céu Claro;Dupla;"Aclive;Reta";Não  ;"1055858   ";Motocicleta;YAMAHA/FZ25 FAZER;"2022      ";Condutor;Lesões Graves;"39   ";Masculino;"0 ";"0    ";"1    ";"0    ";-15.5792210;-47.4943390;SPRF-DF;DEL02-DF;UOP01-DEL02-DF 
591828;"1318377   ";2024-04-04;quinta-feira;21:48:00;DF;"20   ";"42,8 ";BRASILIA;Não;Ausência de sinalização;1;Colisão traseira;Com Vítimas Feridas;Plena Noite;Decrescente;Céu Claro;Dupla;"Aclive;Reta";Não  ;"1055857   ";Caminhão;M.BENZ/L 1313;"1978      ";Passageiro;Ileso;"36   ";Feminino;"1 ";"0    ";"0    ";"0    ";-15.5792210;-47.4943390;SPRF-DF;DEL02-DF;UOP01-DEL02-DF 
591828;"1318376   ";2024-04-04;quinta-feira;21:48:00;DF;"20   ";"42,8 ";BRASILIA;Não;Ausência de sinalização;1;Colisão traseira;Com Vítimas Feridas;Plena Noite;Decrescente;Céu Claro;Dupla;"Aclive;Reta";Não  ;"1055857   ";Caminhão;M.BENZ/L 1313;"1978      ";Condutor;Ileso;"39   ";Masculino;"1 ";"0    ";"0    ";"0    ";-15.5792210;-47.4943390;SPRF-DF;DEL02-DF;UOP01-DEL02-DF 
591828;"1320062   ";2024-04-04;quinta-feira;21:48:00;DF;"20   ";"42,8 ";BRASILIA;Não;Ausência de sinalização;1;Colisão traseira;Com Vítimas Feridas;Plena Noite;Decrescente;Céu Claro;Dupla;"Aclive;Reta";Não  ;"0         ";"0";NA/NA;"0         ";Testemunha;Não Informado;"0    ";Não Informado;"0 ";"0    ";"0    ";"0    ";-15.5792210;-47.4943390;SPRF-DF;DEL02-DF;UOP01-DEL02-DF 
591828;"1320137   ";2024-04-04;quinta-feira;21:48:00;DF;"20   ";"42,8 ";BRASILIA;Não;Ausência de sinalização;1;Colisão traseira;Com Vítimas Feridas;Plena Noite;Decrescente;Céu Claro;Dupla;"Aclive;Reta";Não  ;"0         ";"0";NA/NA;"0         ";Testemunha;Não Informado;"0    ";Não Informado;"0 ";"0    ";"0    ";"0    ";-15.5792210;-47.4943390;SPRF-DF;DEL02-DF;UOP01-DEL02-DF 
591828;"1318378   ";2024-04-04;quinta-feira;21:48:00;DF;"20   ";"42,8 ";BRASILIA;Sim;Reação tardia ou ineficiente do condutor;1;Colisão traseira;Com Vítimas Feridas;Plena Noite;Decrescente;Céu Claro;Dupla;"Aclive;Reta";Não  ;"1055858   ";Motocicleta;YAMAHA/FZ25 FAZER;"2022      ";Condutor;Lesões Graves;"39   ";Masculino;"0 ";"0    ";"1    ";"0    ";-15.5792210;-47.4943390;SPRF-DF;DEL02-DF;UOP01-DEL02-DF 
591828;"1318377   ";2024-04-04;quinta-feira;21:48:00;DF;"20   ";"42,8 ";BRASILIA;Sim;Reação tardia ou ineficiente do condutor;1;Colisão traseira;Com Vítimas Feridas;Plena Noite;Decrescente;Céu Claro;Dupla;"Aclive;Reta";Não  ;"1055857   ";Caminhão;M.BENZ/L 1313;"1978      ";Passageiro;Ileso;"36   ";Feminino;"1 ";"0    ";"0    ";"0    ";-15.5792210;-47.4943390;SPRF-DF;DEL02-DF;UOP01-DEL02-DF 
591828;"1318376   ";2024-04-04;quinta-feira;21:48:00;DF;"20   ";"42,8 ";BRASILIA;Sim;Reação tardia ou ineficiente do condutor;1;Colisão traseira;Com Vítimas Feridas;Plena Noite;Decrescente;Céu Claro;Dupla;"Aclive;Reta";Não  ;"1055857   ";Caminhão;M.BENZ/L 1313;"1978      ";Condutor;Ileso;"39   ";Masculino;"1 ";"0    ";"0    ";"0    ";-15.5792210;-47.4943390;SPRF-DF;DEL02-DF;UOP01-DEL02-DF 
591828;"1320062   ";2024-04-04;quinta-feira;21:48:00;DF;"20   ";"42,8 ";BRASILIA;Sim;Reação tardia ou ineficiente do condutor;1;Colisão traseira;Com Vítimas Feridas;Plena Noite;Decrescente;Céu Claro;Dupla;"Aclive;Reta";Não  ;"0         ";"0";NA/NA;"0         ";Testemunha;Não Informado;"0    ";Não Informado;"0 ";"0    ";"0    ";"0    ";-15.5792210;-47.4943390;SPRF-DF;DEL02-DF;UOP01-DEL02-DF 
591828;"1320137   ";2024-04-04;quinta-feira;21:48:00;DF;"20   ";"42,8 ";BRASILIA;Sim;Reação tardia ou ineficiente do condutor;1;Colisão traseira;Com Vítimas Feridas;Plena Noite;Decrescente;Céu Claro;Dupla;"Aclive;Reta";Não  ;"0         ";"0";NA/NA;"0         ";Testemunha;Não Informado;"0    ";Não Informado;"0 ";"0    ";"0    ";"0    ";-15.5792210;-47.4943390;SPRF-DF;DEL02-DF;UOP01-DEL02-DF 
591875;"1318464   ";2024-04-05;sexta-feira;08:15:00;DF;"40   ";"4,7  ";BRASILIA;Não;Velocidade Incompatível;2;Queda de ocupante de veículo;Com Vítimas Fatais;Pleno dia;Crescente;Céu Claro;Dupla;"Interseção de Vias;Reta";Sim  ;"1055925   ";Bicicleta;Não Informado/Não Informado;"0         ";Condutor;Óbito;"0    ";Masculino;"0 ";"0    ";"0    ";"1    ";-16.0120330;-47.9821240;SPRF-DF;DEL01-DF;UOP01-DEL01-DF 
591875;"1318463   ";2024-04-05;sexta-feira;08:15:00;DF;"40   ";"4,7  ";BRASILIA;Não;Velocidade Incompatível;2;Queda de ocupante de veículo;Com Vítimas Fatais;Pleno dia;Crescente;Céu Claro;Dupla;"Interseção de Vias;Reta";Sim  ;"1055924   ";Camioneta;I/TOYOTA HILUXSW4 SRV4X4;"2014      ";Condutor;Ileso;"35   ";Masculino;"1 ";"0    ";"0    ";"0    ";-16.0120330;-47.9821240;SPRF-DF;DEL01-DF;UOP01-DEL01-DF 
591875;"1318464   ";2024-04-05;sexta-feira;08:15:00;DF;"40   ";"4,7  ";BRASILIA;Não;Reação tardia ou ineficiente do condutor;2;Queda de ocupante de veículo;Com Vítimas Fatais;Pleno dia;Crescente;Céu Claro;Dupla;"Interseção de Vias;Reta";Sim  ;"1055925   ";Bicicleta;Não Informado/Não Informado;"0         ";Condutor;Óbito;"0    ";Masculino;"0 ";"0    ";"0    ";"1    ";-16.0120330;-47.9821240;SPRF-DF;DEL01-DF;UOP01-DEL01-DF 
591875;"1318463   ";2024-04-05;sexta-feira;08:15:00;DF;"40   ";"4,7  ";BRASILIA;Não;Reação tardia ou ineficiente do condutor;2;Queda de ocupante de veículo;Com Vítimas Fatais;Pleno dia;Crescente;Céu Claro;Dupla;"Interseção de Vias;Reta";Sim  ;"1055924   ";Camioneta;I/TOYOTA HILUXSW4 SRV4X4;"2014      ";Condutor;Ileso;"35   ";Masculino;"1 ";"0    ";"0    ";"0    ";-16.0120330;-47.9821240;SPRF-DF;DEL01-DF;UOP01-DEL01-DF 
591875;"1318464   ";2024-04-05;sexta-feira;08:15:00;DF;"40   ";"4,7  ";BRASILIA;Não;Carga excessiva e/ou mal acondicionada;2;Queda de ocupante de veículo;Com Vítimas Fatais;Pleno dia;Crescente;Céu Claro;Dupla;"Interseção de Vias;Reta";Sim  ;"1055925   ";Bicicleta;Não Informado/Não Informado;"0         ";Condutor;Óbito;"0    ";Masculino;"0 ";"0    ";"0    ";"1    ";-16.0120330;-47.9821240;SPRF-DF;DEL01-DF;UOP01-DEL01-DF 