id;pesid;data_inversa;dia_semana;horario;uf;br;km;municipio;causa_principal;causa_acidente;ordem_tipo_acidente;tipo_acidente;classificacao_acidente;fase_dia;sentido_via;condicao_metereologica;tipo_pista;tracado_via;uso_solo;id_veiculo;tipo_veiculo;marca;ano_fabricacao_veiculo;tipo_envolvido;estado_fisico;idade;sexo;ilesos;feridos_leves;feridos_graves;mortos;latitude;longitude;regional;delegacia;uop
591875;"1318463   ";2024-04-05;sexta-feira;08:15:00;DF;"40   ";"4,7  ";BRASILIA;Não;Carga excessiva e/ou mal acondicionada;2;Queda de ocupante de veículo;Com Vítimas Fatais;Pleno dia;Crescente;Céu Claro;Dupla;"Interseção de Vias;Reta";Sim  ;"1055924   ";Camioneta;I/TOYOTA HILUXSW4 SRV4X4;"2014      ";Condutor;Ileso;"35   ";Masculino;"1 ";"0    ";"0    ";"0    ";-16.0120330;-47.9821240;SPRF-DF;DEL01-DF;UOP01-DEL01-DF 
591875;"1318464   ";2024-04-05;sexta-feira;08:15:00;DF;"40   ";"4,7  ";BRASILIA;Não;Ausência de reação do condutor;2;Queda de ocupante de veículo;Com Vítimas Fatais;Pleno dia;Crescente;Céu Claro;Dupla;"Interseção de Vias;Reta";Sim  ;"1055925   ";Bicicleta;Não Informado/Não Informado;"0         ";Condutor;Óbito;"0    ";Masculino;"0 ";"0    ";"0    ";"1    ";-16.0120330;-47.9821240;SPRF-DF;DEL01-DF;UOP01-DEL01-DF 
591875;"1318463   ";2024-04-05;sexta-feira;08:15:00;DF;"40   ";"4,7  ";BRASILIA;Não;Ausência de reação do condutor;2;Queda de ocupante de veículo;Com Vítimas Fatais;Pleno dia;Crescente;Céu Claro;Dupla;"Interseção de Vias;Reta";Sim  ;"1055924   ";Camioneta;I/TOYOTA HILUXSW4 SRV4X4;"2014      ";Condutor;Ileso;"35   ";Masculino;"1 ";"0    ";"0    ";"0    ";-16.0120330;-47.9821240;SPRF-DF;DEL01-DF;UOP01-DEL01-DF 
591875;"1318464   ";2024-04-05;sexta-feira;08:15:00;DF;"40   ";"4,7  ";BRASILIA;Sim;Acessar a via sem observar a presença dos outros veículos;2;Queda de ocupante de veículo;Com Vítimas Fatais;Pleno dia;Crescente;Céu Claro;Dupla;"Interseção de Vias;Reta";Sim  ;"1055925   ";Bicicleta;Não Informado/Não Informado;"0         ";Condutor;Óbito;"0    ";Masculino;"0 ";"0    ";"0    ";"1    ";-16.0120330;-47.9821240;SPRF-DF;DEL01-DF;UOP01-DEL01-DF 
591875;"1318463   ";2024-04-05;sexta-feira;08:15:00;DF;"40   ";"4,7  ";BRASILIA;Sim;Acessar a via sem observar a presença dos outros veículos;2;Queda de ocupante de veículo;Com Vítimas Fatais;Pleno dia;Crescente;Céu Claro;Dupla;"Interseção de Vias;Reta";Sim  ;"1055924   ";Camioneta;I/TOYOTA HILUXSW4 SRV4X4;"2014      ";Condutor;Ileso;"35   ";Masculino;"1 ";"0    ";"0    ";"0    ";-16.0120330;-47.9821240;SPRF-DF;DEL01-DF;UOP01-DEL01-DF 
591875;"1318464   ";2024-04-05;sexta-feira;08:15:00;DF;"40   ";"4,7  ";BRASILIA;Não;Velocidade Incompatível;1;Colisão frontal;Com Vítimas Fatais;Pleno dia;Crescente;Céu Claro;Dupla;"Interseção de Vias;Reta";Sim  ;"1055925   ";Bicicleta;Não Informado/Não Informado;"0         ";Condutor;Óbito;"0    ";Masculino;"0 ";"0    ";"0    ";"1    ";-16.0120330;-47.9821240;SPRF-DF;DEL01-DF;UOP01-DEL01-DF 
591875;"1318463   ";2024-04-05;sexta-feira;08:15:00;DF;"40   ";"4,7  ";BRASILIA;Não;Velocidade Incompatível;1;Colisão frontal;Com Vítimas Fatais;Pleno dia;Crescente;Céu Claro;Dupla;"Interseção de Vias;Reta";Sim  ;"1055924   ";Camioneta;I/TOYOTA HILUXSW4 SRV4X4;"2014      ";Condutor;Ileso;"35   ";Masculino;"1 ";"0    ";"0    ";"0    ";-16.0120330;-47.9821240;SPRF-DF;DEL01-DF;UOP01-DEL01-DF 
591875;"1318464   ";2024-04-05;sexta-feira;08:15:00;DF;"40   ";"4,7  ";BRASILIA;Não;Reação tardia ou ineficiente do condutor;1;Colisão frontal;Com Vítimas Fatais;Pleno dia;Crescente;Céu Claro;Dupla;"Interseção de Vias;Reta";Sim  ;"1055925   ";Bicicleta;Não Informado/Não Informado;"0         ";Condutor;Óbito;"0    ";Masculino;"0 ";"0    ";"0    ";"1    ";-16.0120330;-47.9821240;SPRF-DF;DEL01-DF;UOP01-DEL01-DF 
591875;"1318463   ";2024-04-05;sexta-feira;08:15:00;DF;"40   ";"4,7  ";BRASILIA;Não;Reação tardia ou ineficiente do condutor;1;Colisão frontal;Com Vítimas Fatais;Pleno dia;Crescente;Céu Claro;Dupla;"Interseção de Vias;Reta";Sim  ;"1055924   ";Camioneta;I/TOYOTA HILUXSW4 SRV4X4;"2014      ";Condutor;Ileso;"35   ";Masculino;"1 ";"0    ";"0    ";"0    ";-16.0120330;-47.9821240;SPRF-DF;DEL01-DF;UOP01-DEL01-DF 
591875;"1318464   ";2024-04-05;sexta-feira;08:15:00;DF;"40   ";"4,7  ";BRASILIA;Não;Carga excessiva e/ou mal acondicionada;1;Colisão frontal;Com Vítimas Fatais;Pleno dia;Crescente;Céu Claro;Dupla;"Interseção de Vias;Reta";Sim  ;"1055925   ";Bicicleta;Não Informado/Não Informado;"0         ";Condutor;Óbito;"0    ";Masculino;"0 ";"0    ";"0    ";"1    ";-16.0120330;-47.9821240;SPRF-DF;DEL01-DF;UOP01-DEL01-DF 
591875;"1318463   ";2024-04-05;sexta-feira;08:15:00;DF;"40   ";"4,7  ";BRASILIA;Não;Carga excessiva e/ou mal acondicionada;1;Colisão frontal;Com Vítimas Fatais;Pleno dia;Crescente;Céu Claro;Dupla;"Interseção de Vias;Reta";Sim  ;"1055924   ";Camioneta;I/TOYOTA HILUXSW4 SRV4X4;"2014      ";Condutor;Ileso;"35   ";Masculino;"1 ";"0    ";"0    ";"0    ";-16.0120330;-47.9821240;SPRF-DF;DEL01-DF;UOP01-DEL01-DF 
591875;"1318464   ";2024-04-05;sexta-feira;08:15:00;DF;"40   ";"4,7  ";BRASILIA;Não;Ausência de reação do condutor;1;Colisão frontal;Com Vítimas Fatais;Pleno dia;Crescente;Céu Claro;Dupla;"Interseção de Vias;Reta";Sim  ;"1055925   ";Bicicleta;Não Informado/Não Informado;"0         ";Condutor;Óbito;"0    ";Masculino;"0 ";"0    ";"0    ";"1    ";-16.0120330;-47.9821240;SPRF-DF;DEL01-DF;UOP01-DEL01-DF 
591875;"1318463   ";2024-04-05;sexta-feira;08:15:00;DF;"40   ";"4,7  ";BRASILIA;Não;Ausência de reação do condutor;1;Colisão frontal;Com Vítimas Fatais;Pleno dia;Crescente;Céu Claro;Dupla;"Interseção de Vias;Reta";Sim  ;"1055924   ";Camioneta;I/TOYOTA HILUXSW4 SRV4X4;"2014      ";Condutor;Ileso;"35   ";Masculino;"1 ";"0    ";"0    ";"0    ";-16.0120330;-47.9821240;SPRF-DF;DEL01-DF;UOP01-DEL01-DF 
591875;"1318464   ";2024-04-05;sexta-feira;08:15:00;DF;"40   ";"4,7  ";BRASILIA;Sim;Acessar a via sem observar a presença dos outros veículos;1;Colisão frontal;Com Vítimas Fatais;Pleno dia;Crescente;Céu Claro;Dupla;"Interseção de Vias;Reta";Sim  ;"1055925   ";Bicicleta;Não Informado/Não Informado;"0         ";Condutor;Óbito;"0    ";Masculino;"0 ";"0    ";"0    ";"1    ";-16.0120330;-47.9821240;SPRF-DF;DEL01-DF;UOP01-DEL01-DF 
591875;"1318463   ";2024-04-05;sexta-feira;08:15:00;DF;"40   ";"4,7  ";BRASILIA;Sim;Acessar a via sem observar a presença dos outros veículos;1;Colisão frontal;Com Vítimas Fatais;Pleno dia;Crescente;Céu Claro;Dupla;"Interseção de Vias;Reta";Sim  ;"1055924   ";Camioneta;I/TOYOTA HILUXSW4 SRV4X4;"2014      ";Condutor;Ileso;"35   ";Masculino;"1 ";"0    ";"0    ";"0    ";-16.0120330;-47.9821240;SPRF-DF;DEL01-DF;UOP01-DEL01-DF 
591877;"1318542   ";2024-04-05;sexta-feira;08:35:00;GO;"40   ";"12,8 ";LUZIANIA;Sim;Acessar a via sem observar a presença dos outros veículos;1;Colisão transversal;Com Vítimas Feridas;Pleno dia;Crescente;Céu Claro;Dupla;"Reta;Retorno Regulamentado";Sim  ;"1055990   ";Automóvel;FIAT/UNO MILLE FIRE;"2003      ";Condutor;Ileso;"38   ";Masculino;"1 ";"0    ";"0    ";"0    ";-16.1451230;-47.9453820;SPRF-DF;DEL01-DF;UOP01-DEL01-DF 
591877;"1318801   ";2024-04-05;sexta-feira;08:35:00;GO;"40   ";"12,8 ";LUZIANIA;Sim;Acessar a via sem observar a presença dos outros veículos;1;Colisão transversal;Com Vítimas Feridas;Pleno dia;Crescente;Céu Claro;Dupla;"Reta;Retorno Regulamentado";Sim  ;"1055990   ";Automóvel;FIAT/UNO MILLE FIRE;"2003      ";Passageiro;Ileso;"0    ";Feminino;"1 ";"0    ";"0    ";"0    ";-16.1451230;-47.9453820;SPRF-DF;DEL01-DF;UOP01-DEL01-DF 
591877;"1318535   ";2024-04-05;sexta-feira;08:35:00;GO;"40   ";"12,8 ";LUZIANIA;Sim;Acessar a via sem observar a presença dos outros veículos;1;Colisão transversal;Com Vítimas Feridas;Pleno dia;Crescente;Céu Claro;Dupla;"Reta;Retorno Regulamentado";Sim  ;"1055991   ";Motocicleta;HONDA/CB 300R;"2014      ";Condutor;Lesões Leves;"36   ";Feminino;"0 ";"1    ";"0    ";"0    ";-16.1451230;-47.9453820;SPRF-DF;DEL01-DF;UOP01-DEL01-DF 
591982;"1318826   ";2024-04-05;sexta-feira;18:30:00;DF;"60   ";"7,5  ";BRASILIA;Sim;Acessar a via sem observar a presença dos outros veículos;3;Tombamento;Com Vítimas Feridas;Plena Noite;Crescente;Nublado;Dupla;"Reta;Retorno Regulamentado;Declive";Sim  ;"1056230   ";Motocicleta;HONDA/CG 160 START;"2023      ";Condutor;Lesões Graves;"21   ";Masculino;"0 ";"0    ";"1    ";"0    ";-15.9020160;-48.1267380;SPRF-DF;DEL03-DF;UOP01-DEL03-DF 
591982;"1318825   ";2024-04-05;sexta-feira;18:30:00;DF;"60   ";"7,5  ";BRASILIA;Sim;Acessar a via sem observar a presença dos outros veículos;3;Tombamento;Com Vítimas Feridas;Plena Noite;Crescente;Nublado;Dupla;"Reta;Retorno Regulamentado;Declive";Sim  ;"1056229   ";Camioneta;GM/CHEVROLET D10;"1980      ";Condutor;Ileso;"39   ";Masculino;"1 ";"0    ";"0    ";"0    ";-15.9020160;-48.1267380;SPRF-DF;DEL03-DF;UOP01-DEL03-DF 
591982;"1318826   ";2024-04-05;sexta-feira;18:30:00;DF;"60   ";"7,5  ";BRASILIA;Sim;Acessar a via sem observar a presença dos outros veículos;2;Queda de ocupante de veículo;Com Vítimas Feridas;Plena Noite;Crescente;Nublado;Dupla;"Reta;Retorno Regulamentado;Declive";Sim  ;"1056230   ";Motocicleta;HONDA/CG 160 START;"2023      ";Condutor;Lesões Graves;"21   ";Masculino;"0 ";"0    ";"1    ";"0    ";-15.9020160;-48.1267380;SPRF-DF;DEL03-DF;UOP01-DEL03-DF 
591982;"1318825   ";2024-04-05;sexta-feira;18:30:00;DF;"60   ";"7,5  ";BRASILIA;Sim;Acessar a via sem observar a presença dos outros veículos;2;Queda de ocupante de veículo;Com Vítimas Feridas;Plena Noite;Crescente;Nublado;Dupla;"Reta;Retorno Regulamentado;Declive";Sim  ;"1056229   ";Camioneta;GM/CHEVROLET D10;"1980      ";Condutor;Ileso;"39   ";Masculino;"1 ";"0    ";"0    ";"0    ";-15.9020160;-48.1267380;SPRF-DF;DEL03-DF;UOP01-DEL03-DF 
591982;"1318826   ";2024-04-05;sexta-feira;18:30:00;DF;"60   ";"7,5  ";BRASILIA;Sim;Acessar a via sem observar a presença dos outros veículos;1;Colisão traseira;Com Vítimas Feridas;Plena Noite;Crescente;Nublado;Dupla;"Reta;Retorno Regulamentado;Declive";Sim  ;"1056230   ";Motocicleta;HONDA/CG 160 START;"2023      ";Condutor;Lesões Graves;"21   ";Masculino;"0 ";"0    ";"1    ";"0    ";-15.9020160;-48.1267380;SPRF-DF;DEL03-DF;UOP01-DEL03-DF 
591982;"1318825   ";2024-04-05;sexta-feira;18:30:00;DF;"60   ";"7,5  ";BRASILIA;Sim;Acessar a via sem observar a presença dos outros veículos;1;Colisão traseira;Com Vítimas Feridas;Plena Noite;Crescente;Nublado;Dupla;"Reta;Retorno Regulamentado;Declive";Sim  ;"1056229   ";Camioneta;GM/CHEVROLET D10;"1980      ";Condutor;Ileso;"39   ";Masculino;"1 ";"0    ";"0    ";"0    ";-15.9020160;-48.1267380;SPRF-DF;DEL03-DF;UOP01-DEL03-DF 
591992;"1318691   ";2024-04-05;sexta-feira;19:30:00;DF;"60   ";"6,4  ";BRASILIA;Sim;Acessar a via sem observar a presença dos outros veículos;2;Queda de ocupante de veículo;Com Vítimas Feridas;Plena Noite;Crescente;Céu Claro;Dupla;"Reta;Declive";Sim  ;"1056126   ";Motoneta;HONDA/ELITE 125;"2022      ";Condutor;Ileso;"25   ";Feminino;"1 ";"0    ";"0    ";"0    ";-15.8979390;-48.1130560;SPRF-DF;DEL03-DF;UOP01-DEL03-DF 
591992;"1318694   ";2024-04-05;sexta-feira;19:30:00;DF;"60   ";"6,4  ";BRASILIA;Sim;Acessar a via sem observar a presença dos outros veículos;2;Queda de ocupante de veículo;Com Vítimas Feridas;Plena Noite;Crescente;Céu Claro;Dupla;"Reta;Declive";Sim  ;"0         ";"0";NA/NA;"0         ";Pedestre;Lesões Leves;"48   ";Feminino;"0 ";"1    ";"0    ";"0    ";-15.8979390;-48.1130560;SPRF-DF;DEL03-DF;UOP01-DEL03-DF 
591992;"1318691   ";2024-04-05;sexta-feira;19:30:00;DF;"60   ";"6,4  ";BRASILIA;Não;Reação tardia ou ineficiente do condutor;2;Queda de ocupante de veículo;Com Vítimas Feridas;Plena Noite;Crescente;Céu Claro;Dupla;"Reta;Declive";Sim  ;"1056126   ";Motoneta;HONDA/ELITE 125;"2022      ";Condutor;Ileso;"25   ";Feminino;"1 ";"0    ";"0    ";"0    ";-15.8979390;-48.1130560;SPRF-DF;DEL03-DF;UOP01-DEL03-DF 
591992;"1318694   ";2024-04-05;sexta-feira;19:30:00;DF;"60   ";"6,4  ";BRASILIA;Não;Reação tardia ou ineficiente do condutor;2;Queda de ocupante de veículo;Com Vítimas Feridas;Plena Noite;Crescente;Céu Claro;Dupla;"Reta;Declive";Sim  ;"0         ";"0";NA/NA;"0         ";Pedestre;Lesões Leves;"48   ";Feminino;"0 ";"1    ";"0    ";"0    ";-15.8979390;-48.1130560;SPRF-DF;DEL03-DF;UOP01-DEL03-DF 
591992;"1318691   ";2024-04-05;sexta-feira;19:30:00;DF;"60   ";"6,4  ";BRASILIA;Sim;Acessar a via sem observar a presença dos outros veículos;1;Atropelamento de Pedestre;Com Vítimas Feridas;Plena Noite;Crescente;Céu Claro;Dupla;"Reta;Declive";Sim  ;"1056126   ";Motoneta;HONDA/ELITE 125;"2022      ";Condutor;Ileso;"25   ";Feminino;"1 ";"0    ";"0    ";"0    ";-15.8979390;-48.1130560;SPRF-DF;DEL03-DF;UOP01-DEL03-DF 
591992;"1318694   ";2024-04-05;sexta-feira;19:30:00;DF;"60   ";"6,4  ";BRASILIA;Sim;Acessar a via sem observar a presença dos outros veículos;1;Atropelamento de Pedestre;Com Vítimas Feridas;Plena Noite;Crescente;Céu Claro;Dupla;"Reta;Declive";Sim  ;"0         ";"0";NA/NA;"0         ";Pedestre;Lesões Leves;"48   ";Feminino;"0 ";"1    ";"0    ";"0    ";-15.8979390;-48.1130560;SPRF-DF;DEL03-DF;UOP01-DEL03-DF 
591992;"1318691   ";2024-04-05;sexta-feira;19:30:00;DF;"60   ";"6,4  ";BRASILIA;Não;Reação tardia ou ineficiente do condutor;1;Atropelamento de Pedestre;Com Vítimas Feridas;Plena Noite;Crescente;Céu Claro;Dupla;"Reta;Declive";Sim  ;"1056126   ";Motoneta;HONDA/ELITE 125;"2022      ";Condutor;Ileso;"25   ";Feminino;"1 ";"0    ";"0    ";"0    ";-15.8979390;-48.1130560;SPRF-DF;DEL03-DF;UOP01-DEL03-DF 
591992;"1318694   ";2024-04-05;sexta-feira;19:30:00;DF;"60   ";"6,4  ";BRASILIA;Não;Reação tardia ou ineficiente do condutor;1;Atropelamento de Pedestre;Com Vítimas Feridas;Plena Noite;Crescente;Céu Claro;Dupla;"Reta;Declive";Sim  ;"0         ";"0";NA/NA;"0         ";Pedestre;Lesões Leves;"48   ";Feminino;"0 ";"1    ";"0    ";"0    ";-15.8979390;-48.1130560;SPRF-DF;DEL03-DF;UOP01-DEL03-DF 
592115;"1320852   ";2024-04-06;sábado;07:57:00;DF;"70   ";"18   ";BRASILIA;Não;Transitar no Acostamento;3;Colisão lateral mesmo sentido;Sem Vítimas;Pleno dia;Crescente;Céu Claro;Dupla;"Aclive;Reta";Sim  ;"1057251   ";Automóvel;FIAT/MOBI LIKE;"2018      ";Passageiro;Ileso;"51   ";Feminino;"1 ";"0    ";"0    ";"0    ";-15.7890580;-48.2199520;SPRF-DF;DEL03-DF;UOP02-DEL03-DF 
592115;"1320131   ";2024-04-06;sábado;07:57:00;DF;"70   ";"18   ";BRASILIA;Não;Transitar no Acostamento;3;Colisão lateral mesmo sentido;Sem Vítimas;Pleno dia;Crescente;Céu Claro;Dupla;"Aclive;Reta";Sim  ;"1057251   ";Automóvel;FIAT/MOBI LIKE;"2018      ";Condutor;Ileso;"52   ";Masculino;"1 ";"0    ";"0    ";"0    ";-15.7890580;-48.2199520;SPRF-DF;DEL03-DF;UOP02-DEL03-DF 
592115;"1320134   ";2024-04-06;sábado;07:57:00;DF;"70   ";"18   ";BRASILIA;Não;Transitar no Acostamento;3;Colisão lateral mesmo sentido;Sem Vítimas;Pleno dia;Crescente;Céu Claro;Dupla;"Aclive;Reta";Sim  ;"1057254   ";Automóvel;I/PEUGEOT 408 ALLURE;"2012      ";Condutor;Ileso;"35   ";Masculino;"1 ";"0    ";"0    ";"0    ";-15.7890580;-48.2199520;SPRF-DF;DEL03-DF;UOP02-DEL03-DF 
592115;"1322814   ";2024-04-06;sábado;07:57:00;DF;"70   ";"18   ";BRASILIA;Não;Transitar no Acostamento;3;Colisão lateral mesmo sentido;Sem Vítimas;Pleno dia;Crescente;Céu Claro;Dupla;"Aclive;Reta";Sim  ;"1057254   ";Automóvel;I/PEUGEOT 408 ALLURE;"2012      ";Passageiro;Ileso;"20   ";Feminino;"1 ";"0    ";"0    ";"0    ";-15.7890580;-48.2199520;SPRF-DF;DEL03-DF;UOP02-DEL03-DF 
592115;"1320133   ";2024-04-06;sábado;07:57:00;DF;"70   ";"18   ";BRASILIA;Não;Transitar no Acostamento;3;Colisão lateral mesmo sentido;Sem Vítimas;Pleno dia;Crescente;Céu Claro;Dupla;"Aclive;Reta";Sim  ;"1057253   ";Caminhonete;RENAULT/M NIKS AMBULANCI;"2019      ";Condutor;Ileso;"38   ";Masculino;"1 ";"0    ";"0    ";"0    ";-15.7890580;-48.2199520;SPRF-DF;DEL03-DF;UOP02-DEL03-DF 
592115;"1320852   ";2024-04-06;sábado;07:57:00;DF;"70   ";"18   ";BRASILIA;Sim;Ausência de reação do condutor;3;Colisão lateral mesmo sentido;Sem Vítimas;Pleno dia;Crescente;Céu Claro;Dupla;"Aclive;Reta";Sim  ;"1057251   ";Automóvel;FIAT/MOBI LIKE;"2018      ";Passageiro;Ileso;"51   ";Feminino;"1 ";"0    ";"0    ";"0    ";-15.7890580;-48.2199520;SPRF-DF;DEL03-DF;UOP02-DEL03-DF 
594243;"0         ";2024-04-15;segunda-feira;20:50:00;GO;"60   ";"29   ";ALEXANIA;Sim;Transitar na contramão;2;Saída de leito carroçável;Sem Vítimas;Plena Noite;Crescente;Nublado;Dupla;Reta;Não  ;"1060430   ";Semireboque;SR/NOSTRA SRCF 2E;"2022      ";"0";"0";"0    ";"0";"0 ";"0    ";"0    ";"0    ";-16.0963000;-48.5202000;SPRF-DF;DEL03-DF;UOP01-DEL03-DF 
592115;"1320131   ";2024-04-06;sábado;07:57:00;DF;"70   ";"18   ";BRASILIA;Sim;Ausência de reação do condutor;3;Colisão lateral mesmo sentido;Sem Vítimas;Pleno dia;Crescente;Céu Claro;Dupla;"Aclive;Reta";Sim  ;"1057251   ";Automóvel;FIAT/MOBI LIKE;"2018      ";Condutor;Ileso;"52   ";Masculino;"1 ";"0    ";"0    ";"0    ";-15.7890580;-48.2199520;SPRF-DF;DEL03-DF;UOP02-DEL03-DF 
592115;"1320134   ";2024-04-06;sábado;07:57:00;DF;"70   ";"18   ";BRASILIA;Sim;Ausência de reação do condutor;3;Colisão lateral mesmo sentido;Sem Vítimas;Pleno dia;Crescente;Céu Claro;Dupla;"Aclive;Reta";Sim  ;"1057254   ";Automóvel;I/PEUGEOT 408 ALLURE;"2012      ";Condutor;Ileso;"35   ";Masculino;"1 ";"0    ";"0    ";"0    ";-15.7890580;-48.2199520;SPRF-DF;DEL03-DF;UOP02-DEL03-DF 
592115;"1322814   ";2024-04-06;sábado;07:57:00;DF;"70   ";"18   ";BRASILIA;Sim;Ausência de reação do condutor;3;Colisão lateral mesmo sentido;Sem Vítimas;Pleno dia;Crescente;Céu Claro;Dupla;"Aclive;Reta";Sim  ;"1057254   ";Automóvel;I/PEUGEOT 408 ALLURE;"2012      ";Passageiro;Ileso;"20   ";Feminino;"1 ";"0    ";"0    ";"0    ";-15.7890580;-48.2199520;SPRF-DF;DEL03-DF;UOP02-DEL03-DF 
592115;"1320133   ";2024-04-06;sábado;07:57:00;DF;"70   ";"18   ";BRASILIA;Sim;Ausência de reação do condutor;3;Colisão lateral mesmo sentido;Sem Vítimas;Pleno dia;Crescente;Céu Claro;Dupla;"Aclive;Reta";Sim  ;"1057253   ";Caminhonete;RENAULT/M NIKS AMBULANCI;"2019      ";Condutor;Ileso;"38   ";Masculino;"1 ";"0    ";"0    ";"0    ";-15.7890580;-48.2199520;SPRF-DF;DEL03-DF;UOP02-DEL03-DF 
592115;"1320852   ";2024-04-06;sábado;07:57:00;DF;"70   ";"18   ";BRASILIA;Não;Transitar no Acostamento;2;Colisão lateral mesmo sentido;Sem Vítimas;Pleno dia;Crescente;Céu Claro;Dupla;"Aclive;Reta";Sim  ;"1057251   ";Automóvel;FIAT/MOBI LIKE;"2018      ";Passageiro;Ileso;"51   ";Feminino;"1 ";"0    ";"0    ";"0    ";-15.7890580;-48.2199520;SPRF-DF;DEL03-DF;UOP02-DEL03-DF 
592115;"1320131   ";2024-04-06;sábado;07:57:00;DF;"70   ";"18   ";BRASILIA;Não;Transitar no Acostamento;2;Colisão lateral mesmo sentido;Sem Vítimas;Pleno dia;Crescente;Céu Claro;Dupla;"Aclive;Reta";Sim  ;"1057251   ";Automóvel;FIAT/MOBI LIKE;"2018      ";Condutor;Ileso;"52   ";Masculino;"1 ";"0    ";"0    ";"0    ";-15.7890580;-48.2199520;SPRF-DF;DEL03-DF;UOP02-DEL03-DF 
592115;"1320134   ";2024-04-06;sábado;07:57:00;DF;"70   ";"18   ";BRASILIA;Não;Transitar no Acostamento;2;Colisão lateral mesmo sentido;Sem Vítimas;Pleno dia;Crescente;Céu Claro;Dupla;"Aclive;Reta";Sim  ;"1057254   ";Automóvel;I/PEUGEOT 408 ALLURE;"2012      ";Condutor;Ileso;"35   ";Masculino;"1 ";"0    ";"0    ";"0    ";-15.7890580;-48.2199520;SPRF-DF;DEL03-DF;UOP02-DEL03-DF 
592115;"1322814   ";2024-04-06;sábado;07:57:00;DF;"70   ";"18   ";BRASILIA;Não;Transitar no Acostamento;2;Colisão lateral mesmo sentido;Sem Vítimas;Pleno dia;Crescente;Céu Claro;Dupla;"Aclive;Reta";Sim  ;"1057254   ";Automóvel;I/PEUGEOT 408 ALLURE;"2012      ";Passageiro;Ileso;"20   ";Feminino;"1 ";"0    ";"0    ";"0    ";-15.7890580;-48.2199520;SPRF-DF;DEL03-DF;UOP02-DEL03-DF 
592115;"1320133   ";2024-04-06;sábado;07:57:00;DF;"70   ";"18   ";BRASILIA;Não;Transitar no Acostamento;2;Colisão lateral mesmo sentido;Sem Vítimas;Pleno dia;Crescente;Céu Claro;Dupla;"Aclive;Reta";Sim  ;"1057253   ";Caminhonete;RENAULT/M NIKS AMBULANCI;"2019      ";Condutor;Ileso;"38   ";Masculino;"1 ";"0    ";"0    ";"0    ";-15.7890580;-48.2199520;SPRF-DF;DEL03-DF;UOP02-DEL03-DF 
592115;"1320852   ";2024-04-06;sábado;07:57:00;DF;"70   ";"18   ";BRASILIA;Sim;Ausência de reação do condutor;2;Colisão lateral mesmo sentido;Sem Vítimas;Pleno dia;Crescente;Céu Claro;Dupla;"Aclive;Reta";Sim  ;"1057251   ";Automóvel;FIAT/MOBI LIKE;"2018      ";Passageiro;Ileso;"51   ";Feminino;"1 ";"0    ";"0    ";"0    ";-15.7890580;-48.2199520;SPRF-DF;DEL03-DF;UOP02-DEL03-DF 
592115;"1320131   ";2024-04-06;sábado;07:57:00;DF;"70   ";"18   ";BRASILIA;Sim;Ausência de reação do condutor;2;Colisão lateral mesmo sentido;Sem Vítimas;Pleno dia;Crescente;Céu Claro;Dupla;"Aclive;Reta";Sim  ;"1057251   ";Automóvel;FIAT/MOBI LIKE;"2018      ";Condutor;Ileso;"52   ";Masculino;"1 ";"0    ";"0    ";"0    ";-15.7890580;-48.2199520;SPRF-DF;DEL03-DF;UOP02-DEL03-DF 
592115;"1320134   ";2024-04-06;sábado;07:57:00;DF;"70   ";"18   ";BRASILIA;Sim;Ausência de reação do condutor;2;Colisão lateral mesmo sentido;Sem Vítimas;Pleno dia;Crescente;Céu Claro;Dupla;"Aclive;Reta";Sim  ;"1057254   ";Automóvel;I/PEUGEOT 408 ALLURE;"2012      ";Condutor;Ileso;"35   ";Masculino;"1 ";"0    ";"0    ";"0    ";-15.7890580;-48.2199520;SPRF-DF;DEL03-DF;UOP02-DEL03-DF 
592115;"1322814   ";2024-04-06;sábado;07:57:00;DF;"70   ";"18   ";BRASILIA;Sim;Ausência de reação do condutor;2;Colisão lateral mesmo sentido;Sem Vítimas;Pleno dia;Crescente;Céu Claro;Dupla;"Aclive;Reta";Sim  ;"1057254   ";Automóvel;I/PEUGEOT 408 ALLURE;"2012      ";Passageiro;Ileso;"20   ";Feminino;"1 ";"0    ";"0    ";"0    ";-15.7890580;-48.2199520;SPRF-DF;DEL03-DF;UOP02-DEL03-DF 
592115;"1320133   ";2024-04-06;sábado;07:57:00;DF;"70   ";"18   ";BRASILIA;Sim;Ausência de reação do condutor;2;Colisão lateral mesmo sentido;Sem Vítimas;Pleno dia;Crescente;Céu Claro;Dupla;"Aclive;Reta";Sim  ;"1057253   ";Caminhonete;RENAULT/M NIKS AMBULANCI;"2019      ";Condutor;Ileso;"38   ";Masculino;"1 ";"0    ";"0    ";"0    ";-15.7890580;-48.2199520;SPRF-DF;DEL03-DF;UOP02-DEL03-DF 
592115;"1320852   ";2024-04-06;sábado;07:57:00;DF;"70   ";"18   ";BRASILIA;Não;Transitar no Acostamento;1;Colisão traseira;Sem Vítimas;Pleno dia;Crescente;Céu Claro;Dupla;"Aclive;Reta";Sim  ;"1057251   ";Automóvel;FIAT/MOBI LIKE;"2018      ";Passageiro;Ileso;"51   ";Feminino;"1 ";"0    ";"0    ";"0    ";-15.7890580;-48.2199520;SPRF-DF;DEL03-DF;UOP02-DEL03-DF 