id;pesid;data_inversa;dia_semana;horario;uf;br;km;municipio;causa_principal;causa_acidente;ordem_tipo_acidente;tipo_acidente;classificacao_acidente;fase_dia;sentido_via;condicao_metereologica;tipo_pista;tracado_via;uso_solo;id_veiculo;tipo_veiculo;marca;ano_fabricacao_veiculo;tipo_envolvido;estado_fisico;idade;sexo;ilesos;feridos_leves;feridos_graves;mortos;latitude;longitude;regional;delegacia;uop
592657;"1320319   ";2024-04-08;segunda-feira;14:15:00;DF;"20   ";"12,8 ";BRASILIA;Não;Condutor deixou de manter distância do veículo da frente;2;Derramamento de carga;Com Vítimas Feridas;Pleno dia;Crescente;Nublado;Dupla;Reta;Sim  ;"1057347   ";Caminhonete;FIAT/STRADA ENDURANCE CS;"2024      ";Passageiro;Ileso;"23   ";Feminino;"1 ";"0    ";"0    ";"0    ";-15.6394490;-47.7505820;SPRF-DF;DEL02-DF;UOP01-DEL02-DF 
592657;"1320317   ";2024-04-08;segunda-feira;14:15:00;DF;"20   ";"12,8 ";BRASILIA;Não;Condutor deixou de manter distância do veículo da frente;2;Derramamento de carga;Com Vítimas Feridas;Pleno dia;Crescente;Nublado;Dupla;Reta;Sim  ;"1057346   ";Automóvel;I/FORD FUSION;"2006      ";Condutor;Ileso;"56   ";Masculino;"1 ";"0    ";"0    ";"0    ";-15.6394490;-47.7505820;SPRF-DF;DEL02-DF;UOP01-DEL02-DF 
592657;"1320295   ";2024-04-08;segunda-feira;14:15:00;DF;"20   ";"12,8 ";BRASILIA;Não;Condutor deixou de manter distância do veículo da frente;2;Derramamento de carga;Com Vítimas Feridas;Pleno dia;Crescente;Nublado;Dupla;Reta;Sim  ;"1057346   ";Automóvel;I/FORD FUSION;"2006      ";Passageiro;Lesões Graves;"24   ";Feminino;"0 ";"0    ";"1    ";"0    ";-15.6394490;-47.7505820;SPRF-DF;DEL02-DF;UOP01-DEL02-DF 
592657;"0         ";2024-04-08;segunda-feira;14:15:00;DF;"20   ";"12,8 ";BRASILIA;Não;Condutor deixou de manter distância do veículo da frente;2;Derramamento de carga;Com Vítimas Feridas;Pleno dia;Crescente;Nublado;Dupla;Reta;Sim  ;"1057348   ";Reboque;REB/ARTESANAL;"2023      ";"0";"0";"0    ";"0";"0 ";"0    ";"0    ";"0    ";-15.6394490;-47.7505820;SPRF-DF;DEL02-DF;UOP01-DEL02-DF 
592657;"1320300   ";2024-04-08;segunda-feira;14:15:00;DF;"20   ";"12,8 ";BRASILIA;Não;Reação tardia ou ineficiente do condutor;2;Derramamento de carga;Com Vítimas Feridas;Pleno dia;Crescente;Nublado;Dupla;Reta;Sim  ;"1057347   ";Caminhonete;FIAT/STRADA ENDURANCE CS;"2024      ";Condutor;Ileso;"30   ";Masculino;"1 ";"0    ";"0    ";"0    ";-15.6394490;-47.7505820;SPRF-DF;DEL02-DF;UOP01-DEL02-DF 
592657;"1320319   ";2024-04-08;segunda-feira;14:15:00;DF;"20   ";"12,8 ";BRASILIA;Não;Reação tardia ou ineficiente do condutor;2;Derramamento de carga;Com Vítimas Feridas;Pleno dia;Crescente;Nublado;Dupla;Reta;Sim  ;"1057347   ";Caminhonete;FIAT/STRADA ENDURANCE CS;"2024      ";Passageiro;Ileso;"23   ";Feminino;"1 ";"0    ";"0    ";"0    ";-15.6394490;-47.7505820;SPRF-DF;DEL02-DF;UOP01-DEL02-DF 
592657;"1320317   ";2024-04-08;segunda-feira;14:15:00;DF;"20   ";"12,8 ";BRASILIA;Não;Reação tardia ou ineficiente do condutor;2;Derramamento de carga;Com Vítimas Feridas;Pleno dia;Crescente;Nublado;Dupla;Reta;Sim  ;"1057346   ";Automóvel;I/FORD FUSION;"2006      ";Condutor;Ileso;"56   ";Masculino;"1 ";"0    ";"0    ";"0    ";-15.6394490;-47.7505820;SPRF-DF;DEL02-DF;UOP01-DEL02-DF 
592657;"1320295   ";2024-04-08;segunda-feira;14:15:00;DF;"20   ";"12,8 ";BRASILIA;Não;Reação tardia ou ineficiente do condutor;2;Derramamento de carga;Com Vítimas Feridas;Pleno dia;Crescente;Nublado;Dupla;Reta;Sim  ;"1057346   ";Automóvel;I/FORD FUSION;"2006      ";Passageiro;Lesões Graves;"24   ";Feminino;"0 ";"0    ";"1    ";"0    ";-15.6394490;-47.7505820;SPRF-DF;DEL02-DF;UOP01-DEL02-DF 
592657;"0         ";2024-04-08;segunda-feira;14:15:00;DF;"20   ";"12,8 ";BRASILIA;Não;Reação tardia ou ineficiente do condutor;2;Derramamento de carga;Com Vítimas Feridas;Pleno dia;Crescente;Nublado;Dupla;Reta;Sim  ;"1057348   ";Reboque;REB/ARTESANAL;"2023      ";"0";"0";"0    ";"0";"0 ";"0    ";"0    ";"0    ";-15.6394490;-47.7505820;SPRF-DF;DEL02-DF;UOP01-DEL02-DF 
592657;"1320300   ";2024-04-08;segunda-feira;14:15:00;DF;"20   ";"12,8 ";BRASILIA;Sim;Frear bruscamente;2;Derramamento de carga;Com Vítimas Feridas;Pleno dia;Crescente;Nublado;Dupla;Reta;Sim  ;"1057347   ";Caminhonete;FIAT/STRADA ENDURANCE CS;"2024      ";Condutor;Ileso;"30   ";Masculino;"1 ";"0    ";"0    ";"0    ";-15.6394490;-47.7505820;SPRF-DF;DEL02-DF;UOP01-DEL02-DF 
592657;"1320319   ";2024-04-08;segunda-feira;14:15:00;DF;"20   ";"12,8 ";BRASILIA;Sim;Frear bruscamente;2;Derramamento de carga;Com Vítimas Feridas;Pleno dia;Crescente;Nublado;Dupla;Reta;Sim  ;"1057347   ";Caminhonete;FIAT/STRADA ENDURANCE CS;"2024      ";Passageiro;Ileso;"23   ";Feminino;"1 ";"0    ";"0    ";"0    ";-15.6394490;-47.7505820;SPRF-DF;DEL02-DF;UOP01-DEL02-DF 
592657;"1320317   ";2024-04-08;segunda-feira;14:15:00;DF;"20   ";"12,8 ";BRASILIA;Sim;Frear bruscamente;2;Derramamento de carga;Com Vítimas Feridas;Pleno dia;Crescente;Nublado;Dupla;Reta;Sim  ;"1057346   ";Automóvel;I/FORD FUSION;"2006      ";Condutor;Ileso;"56   ";Masculino;"1 ";"0    ";"0    ";"0    ";-15.6394490;-47.7505820;SPRF-DF;DEL02-DF;UOP01-DEL02-DF 
592657;"1320295   ";2024-04-08;segunda-feira;14:15:00;DF;"20   ";"12,8 ";BRASILIA;Sim;Frear bruscamente;2;Derramamento de carga;Com Vítimas Feridas;Pleno dia;Crescente;Nublado;Dupla;Reta;Sim  ;"1057346   ";Automóvel;I/FORD FUSION;"2006      ";Passageiro;Lesões Graves;"24   ";Feminino;"0 ";"0    ";"1    ";"0    ";-15.6394490;-47.7505820;SPRF-DF;DEL02-DF;UOP01-DEL02-DF 
592657;"0         ";2024-04-08;segunda-feira;14:15:00;DF;"20   ";"12,8 ";BRASILIA;Sim;Frear bruscamente;2;Derramamento de carga;Com Vítimas Feridas;Pleno dia;Crescente;Nublado;Dupla;Reta;Sim  ;"1057348   ";Reboque;REB/ARTESANAL;"2023      ";"0";"0";"0    ";"0";"0 ";"0    ";"0    ";"0    ";-15.6394490;-47.7505820;SPRF-DF;DEL02-DF;UOP01-DEL02-DF 
592657;"1320300   ";2024-04-08;segunda-feira;14:15:00;DF;"20   ";"12,8 ";BRASILIA;Não;Condutor deixou de manter distância do veículo da frente;1;Colisão traseira;Com Vítimas Feridas;Pleno dia;Crescente;Nublado;Dupla;Reta;Sim  ;"1057347   ";Caminhonete;FIAT/STRADA ENDURANCE CS;"2024      ";Condutor;Ileso;"30   ";Masculino;"1 ";"0    ";"0    ";"0    ";-15.6394490;-47.7505820;SPRF-DF;DEL02-DF;UOP01-DEL02-DF 
592657;"1320319   ";2024-04-08;segunda-feira;14:15:00;DF;"20   ";"12,8 ";BRASILIA;Não;Condutor deixou de manter distância do veículo da frente;1;Colisão traseira;Com Vítimas Feridas;Pleno dia;Crescente;Nublado;Dupla;Reta;Sim  ;"1057347   ";Caminhonete;FIAT/STRADA ENDURANCE CS;"2024      ";Passageiro;Ileso;"23   ";Feminino;"1 ";"0    ";"0    ";"0    ";-15.6394490;-47.7505820;SPRF-DF;DEL02-DF;UOP01-DEL02-DF 
592657;"1320317   ";2024-04-08;segunda-feira;14:15:00;DF;"20   ";"12,8 ";BRASILIA;Não;Condutor deixou de manter distância do veículo da frente;1;Colisão traseira;Com Vítimas Feridas;Pleno dia;Crescente;Nublado;Dupla;Reta;Sim  ;"1057346   ";Automóvel;I/FORD FUSION;"2006      ";Condutor;Ileso;"56   ";Masculino;"1 ";"0    ";"0    ";"0    ";-15.6394490;-47.7505820;SPRF-DF;DEL02-DF;UOP01-DEL02-DF 
592657;"1320295   ";2024-04-08;segunda-feira;14:15:00;DF;"20   ";"12,8 ";BRASILIA;Não;Condutor deixou de manter distância do veículo da frente;1;Colisão traseira;Com Vítimas Feridas;Pleno dia;Crescente;Nublado;Dupla;Reta;Sim  ;"1057346   ";Automóvel;I/FORD FUSION;"2006      ";Passageiro;Lesões Graves;"24   ";Feminino;"0 ";"0    ";"1    ";"0    ";-15.6394490;-47.7505820;SPRF-DF;DEL02-DF;UOP01-DEL02-DF 
592657;"0         ";2024-04-08;segunda-feira;14:15:00;DF;"20   ";"12,8 ";BRASILIA;Não;Condutor deixou de manter distância do veículo da frente;1;Colisão traseira;Com Vítimas Feridas;Pleno dia;Crescente;Nublado;Dupla;Reta;Sim  ;"1057348   ";Reboque;REB/ARTESANAL;"2023      ";"0";"0";"0    ";"0";"0 ";"0    ";"0    ";"0    ";-15.6394490;-47.7505820;SPRF-DF;DEL02-DF;UOP01-DEL02-DF 
592657;"1320300   ";2024-04-08;segunda-feira;14:15:00;DF;"20   ";"12,8 ";BRASILIA;Não;Reação tardia ou ineficiente do condutor;1;Colisão traseira;Com Vítimas Feridas;Pleno dia;Crescente;Nublado;Dupla;Reta;Sim  ;"1057347   ";Caminhonete;FIAT/STRADA ENDURANCE CS;"2024      ";Condutor;Ileso;"30   ";Masculino;"1 ";"0    ";"0    ";"0    ";-15.6394490;-47.7505820;SPRF-DF;DEL02-DF;UOP01-DEL02-DF 
592657;"1320319   ";2024-04-08;segunda-feira;14:15:00;DF;"20   ";"12,8 ";BRASILIA;Não;Reação tardia ou ineficiente do condutor;1;Colisão traseira;Com Vítimas Feridas;Pleno dia;Crescente;Nublado;Dupla;Reta;Sim  ;"1057347   ";Caminhonete;FIAT/STRADA ENDURANCE CS;"2024      ";Passageiro;Ileso;"23   ";Feminino;"1 ";"0    ";"0    ";"0    ";-15.6394490;-47.7505820;SPRF-DF;DEL02-DF;UOP01-DEL02-DF 
592657;"1320317   ";2024-04-08;segunda-feira;14:15:00;DF;"20   ";"12,8 ";BRASILIA;Não;Reação tardia ou ineficiente do condutor;1;Colisão traseira;Com Vítimas Feridas;Pleno dia;Crescente;Nublado;Dupla;Reta;Sim  ;"1057346   ";Automóvel;I/FORD FUSION;"2006      ";Condutor;Ileso;"56   ";Masculino;"1 ";"0    ";"0    ";"0    ";-15.6394490;-47.7505820;SPRF-DF;DEL02-DF;UOP01-DEL02-DF 
592657;"1320295   ";2024-04-08;segunda-feira;14:15:00;DF;"20   ";"12,8 ";BRASILIA;Não;Reação tardia ou ineficiente do condutor;1;Colisão traseira;Com Vítimas Feridas;Pleno dia;Crescente;Nublado;Dupla;Reta;Sim  ;"1057346   ";Automóvel;I/FORD FUSION;"2006      ";Passageiro;Lesões Graves;"24   ";Feminino;"0 ";"0    ";"1    ";"0    ";-15.6394490;-47.7505820;SPRF-DF;DEL02-DF;UOP01-DEL02-DF 
592657;"0         ";2024-04-08;segunda-feira;14:15:00;DF;"20   ";"12,8 ";BRASILIA;Não;Reação tardia ou ineficiente do condutor;1;Colisão traseira;Com Vítimas Feridas;Pleno dia;Crescente;Nublado;Dupla;Reta;Sim  ;"1057348   ";Reboque;REB/ARTESANAL;"2023      ";"0";"0";"0    ";"0";"0 ";"0    ";"0    ";"0    ";-15.6394490;-47.7505820;SPRF-DF;DEL02-DF;UOP01-DEL02-DF 
592657;"1320300   ";2024-04-08;segunda-feira;14:15:00;DF;"20   ";"12,8 ";BRASILIA;Sim;Frear bruscamente;1;Colisão traseira;Com Vítimas Feridas;Pleno dia;Crescente;Nublado;Dupla;Reta;Sim  ;"1057347   ";Caminhonete;FIAT/STRADA ENDURANCE CS;"2024      ";Condutor;Ileso;"30   ";Masculino;"1 ";"0    ";"0    ";"0    ";-15.6394490;-47.7505820;SPRF-DF;DEL02-DF;UOP01-DEL02-DF 
592657;"1320319   ";2024-04-08;segunda-feira;14:15:00;DF;"20   ";"12,8 ";BRASILIA;Sim;Frear bruscamente;1;Colisão traseira;Com Vítimas Feridas;Pleno dia;Crescente;Nublado;Dupla;Reta;Sim  ;"1057347   ";Caminhonete;FIAT/STRADA ENDURANCE CS;"2024      ";Passageiro;Ileso;"23   ";Feminino;"1 ";"0    ";"0    ";"0    ";-15.6394490;-47.7505820;SPRF-DF;DEL02-DF;UOP01-DEL02-DF 
592657;"1320317   ";2024-04-08;segunda-feira;14:15:00;DF;"20   ";"12,8 ";BRASILIA;Sim;Frear bruscamente;1;Colisão traseira;Com Vítimas Feridas;Pleno dia;Crescente;Nublado;Dupla;Reta;Sim  ;"1057346   ";Automóvel;I/FORD FUSION;"2006      ";Condutor;Ileso;"56   ";Masculino;"1 ";"0    ";"0    ";"0    ";-15.6394490;-47.7505820;SPRF-DF;DEL02-DF;UOP01-DEL02-DF 
592657;"1320295   ";2024-04-08;segunda-feira;14:15:00;DF;"20   ";"12,8 ";BRASILIA;Sim;Frear bruscamente;1;Colisão traseira;Com Vítimas Feridas;Pleno dia;Crescente;Nublado;Dupla;Reta;Sim  ;"1057346   ";Automóvel;I/FORD FUSION;"2006      ";Passageiro;Lesões Graves;"24   ";Feminino;"0 ";"0    ";"1    ";"0    ";-15.6394490;-47.7505820;SPRF-DF;DEL02-DF;UOP01-DEL02-DF 
592657;"0         ";2024-04-08;segunda-feira;14:15:00;DF;"20   ";"12,8 ";BRASILIA;Sim;Frear bruscamente;1;Colisão traseira;Com Vítimas Feridas;Pleno dia;Crescente;Nublado;Dupla;Reta;Sim  ;"1057348   ";Reboque;REB/ARTESANAL;"2023      ";"0";"0";"0    ";"0";"0 ";"0    ";"0    ";"0    ";-15.6394490;-47.7505820;SPRF-DF;DEL02-DF;UOP01-DEL02-DF 
592676;"1320348   ";2024-04-08;segunda-feira;15:50:00;DF;"20   ";"36   ";BRASILIA;Sim;Reação tardia ou ineficiente do condutor;2;Capotamento;Com Vítimas Feridas;Pleno dia;Crescente;Céu Claro;Dupla;Reta;Não  ;"1057387   ";Automóvel;VW/GOL 1.0L MC4;"2020      ";Condutor;Lesões Leves;"24   ";Masculino;"0 ";"1    ";"0    ";"0    ";-15.5819230;-47.5498810;SPRF-DF;DEL02-DF;UOP01-DEL02-DF 
592676;"1320348   ";2024-04-08;segunda-feira;15:50:00;DF;"20   ";"36   ";BRASILIA;Não;Condutor usando celular;2;Capotamento;Com Vítimas Feridas;Pleno dia;Crescente;Céu Claro;Dupla;Reta;Não  ;"1057387   ";Automóvel;VW/GOL 1.0L MC4;"2020      ";Condutor;Lesões Leves;"24   ";Masculino;"0 ";"1    ";"0    ";"0    ";-15.5819230;-47.5498810;SPRF-DF;DEL02-DF;UOP01-DEL02-DF 
592676;"1320348   ";2024-04-08;segunda-feira;15:50:00;DF;"20   ";"36   ";BRASILIA;Não;Ingestão de álcool pelo condutor;2;Capotamento;Com Vítimas Feridas;Pleno dia;Crescente;Céu Claro;Dupla;Reta;Não  ;"1057387   ";Automóvel;VW/GOL 1.0L MC4;"2020      ";Condutor;Lesões Leves;"24   ";Masculino;"0 ";"1    ";"0    ";"0    ";-15.5819230;-47.5498810;SPRF-DF;DEL02-DF;UOP01-DEL02-DF 
592676;"1320348   ";2024-04-08;segunda-feira;15:50:00;DF;"20   ";"36   ";BRASILIA;Não;Velocidade Incompatível;2;Capotamento;Com Vítimas Feridas;Pleno dia;Crescente;Céu Claro;Dupla;Reta;Não  ;"1057387   ";Automóvel;VW/GOL 1.0L MC4;"2020      ";Condutor;Lesões Leves;"24   ";Masculino;"0 ";"1    ";"0    ";"0    ";-15.5819230;-47.5498810;SPRF-DF;DEL02-DF;UOP01-DEL02-DF 
592676;"1320348   ";2024-04-08;segunda-feira;15:50:00;DF;"20   ";"36   ";BRASILIA;Não;Ausência de reação do condutor;2;Capotamento;Com Vítimas Feridas;Pleno dia;Crescente;Céu Claro;Dupla;Reta;Não  ;"1057387   ";Automóvel;VW/GOL 1.0L MC4;"2020      ";Condutor;Lesões Leves;"24   ";Masculino;"0 ";"1    ";"0    ";"0    ";-15.5819230;-47.5498810;SPRF-DF;DEL02-DF;UOP01-DEL02-DF 
592676;"1320348   ";2024-04-08;segunda-feira;15:50:00;DF;"20   ";"36   ";BRASILIA;Sim;Reação tardia ou ineficiente do condutor;1;Saída de leito carroçável;Com Vítimas Feridas;Pleno dia;Crescente;Céu Claro;Dupla;Reta;Não  ;"1057387   ";Automóvel;VW/GOL 1.0L MC4;"2020      ";Condutor;Lesões Leves;"24   ";Masculino;"0 ";"1    ";"0    ";"0    ";-15.5819230;-47.5498810;SPRF-DF;DEL02-DF;UOP01-DEL02-DF 
592676;"1320348   ";2024-04-08;segunda-feira;15:50:00;DF;"20   ";"36   ";BRASILIA;Não;Condutor usando celular;1;Saída de leito carroçável;Com Vítimas Feridas;Pleno dia;Crescente;Céu Claro;Dupla;Reta;Não  ;"1057387   ";Automóvel;VW/GOL 1.0L MC4;"2020      ";Condutor;Lesões Leves;"24   ";Masculino;"0 ";"1    ";"0    ";"0    ";-15.5819230;-47.5498810;SPRF-DF;DEL02-DF;UOP01-DEL02-DF 
592676;"1320348   ";2024-04-08;segunda-feira;15:50:00;DF;"20   ";"36   ";BRASILIA;Não;Ingestão de álcool pelo condutor;1;Saída de leito carroçável;Com Vítimas Feridas;Pleno dia;Crescente;Céu Claro;Dupla;Reta;Não  ;"1057387   ";Automóvel;VW/GOL 1.0L MC4;"2020      ";Condutor;Lesões Leves;"24   ";Masculino;"0 ";"1    ";"0    ";"0    ";-15.5819230;-47.5498810;SPRF-DF;DEL02-DF;UOP01-DEL02-DF 
592676;"1320348   ";2024-04-08;segunda-feira;15:50:00;DF;"20   ";"36   ";BRASILIA;Não;Velocidade Incompatível;1;Saída de leito carroçável;Com Vítimas Feridas;Pleno dia;Crescente;Céu Claro;Dupla;Reta;Não  ;"1057387   ";Automóvel;VW/GOL 1.0L MC4;"2020      ";Condutor;Lesões Leves;"24   ";Masculino;"0 ";"1    ";"0    ";"0    ";-15.5819230;-47.5498810;SPRF-DF;DEL02-DF;UOP01-DEL02-DF 
592676;"1320348   ";2024-04-08;segunda-feira;15:50:00;DF;"20   ";"36   ";BRASILIA;Não;Ausência de reação do condutor;1;Saída de leito carroçável;Com Vítimas Feridas;Pleno dia;Crescente;Céu Claro;Dupla;Reta;Não  ;"1057387   ";Automóvel;VW/GOL 1.0L MC4;"2020      ";Condutor;Lesões Leves;"24   ";Masculino;"0 ";"1    ";"0    ";"0    ";-15.5819230;-47.5498810;SPRF-DF;DEL02-DF;UOP01-DEL02-DF 
592709;"1320500   ";2024-04-08;segunda-feira;18:00:00;GO;"414  ";"393  ";CORUMBA DE GOIAS;Sim;Ingestão de álcool pelo condutor;1;Colisão lateral mesmo sentido;Com Vítimas Feridas;Anoitecer;Decrescente;Céu Claro;Simples;Reta;Sim  ;"1057506   ";Motocicleta;HONDA/CG 125 TITAN ES;"2000      ";Condutor;Lesões Graves;"27   ";Masculino;"0 ";"0    ";"1    ";"0    ";-15.9192590;-48.8088225;SPRF-GO;DEL02-GO;UOP01-DEL02-GO 
592709;"1320494   ";2024-04-08;segunda-feira;18:00:00;GO;"414  ";"393  ";CORUMBA DE GOIAS;Sim;Ingestão de álcool pelo condutor;1;Colisão lateral mesmo sentido;Com Vítimas Feridas;Anoitecer;Decrescente;Céu Claro;Simples;Reta;Sim  ;"1057505   ";Automóvel;VW/NOVO VOYAGE 1.6;"2012      ";Condutor;Ileso;"22   ";Masculino;"1 ";"0    ";"0    ";"0    ";-15.9192590;-48.8088225;SPRF-GO;DEL02-GO;UOP01-DEL02-GO 
592749;"1320636   ";2024-04-08;segunda-feira;19:25:00;DF;"40   ";"0    ";BRASILIA;Sim;Ingestão de álcool pelo condutor;1;Colisão traseira;Sem Vítimas;Plena Noite;Crescente;Nublado;Dupla;Reta;Sim  ;"1057621   ";Automóvel;FORD/FIESTA FLEX;"2009      ";Condutor;Ileso;"48   ";Masculino;"1 ";"0    ";"0    ";"0    ";-15.9768970;-47.9901290;SPRF-DF;DEL01-DF;UOP01-DEL01-DF 
592749;"1320637   ";2024-04-08;segunda-feira;19:25:00;DF;"40   ";"0    ";BRASILIA;Sim;Ingestão de álcool pelo condutor;1;Colisão traseira;Sem Vítimas;Plena Noite;Crescente;Nublado;Dupla;Reta;Sim  ;"1057622   ";Automóvel;TOYOTA/ETIOS SD XS;"2012      ";Condutor;Ileso;"37   ";Feminino;"1 ";"0    ";"0    ";"0    ";-15.9768970;-47.9901290;SPRF-DF;DEL01-DF;UOP01-DEL01-DF 
592788;"1320698   ";2024-04-09;terça-feira;00:11:00;GO;"70   ";"8,9  ";AGUAS LINDAS DE GOIAS;Sim;Reação tardia ou ineficiente do condutor;1;Colisão com objeto;Com Vítimas Feridas;Plena Noite;Decrescente;Céu Claro;Dupla;Reta;Sim  ;"1057677   ";Automóvel;FIAT/PUNTO ELX 1.4;"2009      ";Condutor;Lesões Leves;"37   ";Feminino;"0 ";"1    ";"0    ";"0    ";-15.7373368;-48.2740747;SPRF-DF;DEL03-DF;UOP02-DEL03-DF 
592812;"1320686   ";2024-04-09;terça-feira;07:15:00;DF;"40   ";"5,5  ";BRASILIA;Sim;Reação tardia ou ineficiente do condutor;3;Queda de ocupante de veículo;Sem Vítimas;Pleno dia;Decrescente;Céu Claro;Dupla;Reta;Não  ;"1057668   ";Motocicleta;HONDA/CG 160 FAN;"2024      ";Condutor;Ileso;"45   ";Masculino;"1 ";"0    ";"0    ";"0    ";-16.0209030;-47.9805410;SPRF-DF;DEL01-DF;UOP01-DEL01-DF 
592812;"1320687   ";2024-04-09;terça-feira;07:15:00;DF;"40   ";"5,5  ";BRASILIA;Sim;Reação tardia ou ineficiente do condutor;3;Queda de ocupante de veículo;Sem Vítimas;Pleno dia;Decrescente;Céu Claro;Dupla;Reta;Não  ;"1057670   ";Automóvel;FORD/KA SE 1.0 SD C;"2019      ";Condutor;Ileso;"34   ";Masculino;"1 ";"0    ";"0    ";"0    ";-16.0209030;-47.9805410;SPRF-DF;DEL01-DF;UOP01-DEL01-DF 
592812;"1320686   ";2024-04-09;terça-feira;07:15:00;DF;"40   ";"5,5  ";BRASILIA;Sim;Reação tardia ou ineficiente do condutor;2;Tombamento;Sem Vítimas;Pleno dia;Decrescente;Céu Claro;Dupla;Reta;Não  ;"1057668   ";Motocicleta;HONDA/CG 160 FAN;"2024      ";Condutor;Ileso;"45   ";Masculino;"1 ";"0    ";"0    ";"0    ";-16.0209030;-47.9805410;SPRF-DF;DEL01-DF;UOP01-DEL01-DF 
592812;"1320687   ";2024-04-09;terça-feira;07:15:00;DF;"40   ";"5,5  ";BRASILIA;Sim;Reação tardia ou ineficiente do condutor;2;Tombamento;Sem Vítimas;Pleno dia;Decrescente;Céu Claro;Dupla;Reta;Não  ;"1057670   ";Automóvel;FORD/KA SE 1.0 SD C;"2019      ";Condutor;Ileso;"34   ";Masculino;"1 ";"0    ";"0    ";"0    ";-16.0209030;-47.9805410;SPRF-DF;DEL01-DF;UOP01-DEL01-DF 
592812;"1320686   ";2024-04-09;terça-feira;07:15:00;DF;"40   ";"5,5  ";BRASILIA;Sim;Reação tardia ou ineficiente do condutor;1;Colisão traseira;Sem Vítimas;Pleno dia;Decrescente;Céu Claro;Dupla;Reta;Não  ;"1057668   ";Motocicleta;HONDA/CG 160 FAN;"2024      ";Condutor;Ileso;"45   ";Masculino;"1 ";"0    ";"0    ";"0    ";-16.0209030;-47.9805410;SPRF-DF;DEL01-DF;UOP01-DEL01-DF 
592812;"1320687   ";2024-04-09;terça-feira;07:15:00;DF;"40   ";"5,5  ";BRASILIA;Sim;Reação tardia ou ineficiente do condutor;1;Colisão traseira;Sem Vítimas;Pleno dia;Decrescente;Céu Claro;Dupla;Reta;Não  ;"1057670   ";Automóvel;FORD/KA SE 1.0 SD C;"2019      ";Condutor;Ileso;"34   ";Masculino;"1 ";"0    ";"0    ";"0    ";-16.0209030;-47.9805410;SPRF-DF;DEL01-DF;UOP01-DEL01-DF 
592854;"1320857   ";2024-04-09;terça-feira;10:50:00;GO;"414  ";"373,6";COCALZINHO DE GOIAS;Não;Velocidade Incompatível;1;Colisão lateral mesmo sentido;Com Vítimas Feridas;Pleno dia;Decrescente;Céu Claro;Dupla;Reta;Sim  ;"1057810   ";Automóvel;FIAT/UNO WAY 1.0;"2010      ";Condutor;Ileso;"29   ";Masculino;"1 ";"0    ";"0    ";"0    ";-15.7867166;-48.7703327;SPRF-GO;DEL02-GO;UOP01-DEL02-GO 
592854;"1320858   ";2024-04-09;terça-feira;10:50:00;GO;"414  ";"373,6";COCALZINHO DE GOIAS;Não;Velocidade Incompatível;1;Colisão lateral mesmo sentido;Com Vítimas Feridas;Pleno dia;Decrescente;Céu Claro;Dupla;Reta;Sim  ;"1057810   ";Automóvel;FIAT/UNO WAY 1.0;"2010      ";Passageiro;Lesões Leves;"29   ";Feminino;"0 ";"1    ";"0    ";"0    ";-15.7867166;-48.7703327;SPRF-GO;DEL02-GO;UOP01-DEL02-GO 
592854;"1320861   ";2024-04-09;terça-feira;10:50:00;GO;"414  ";"373,6";COCALZINHO DE GOIAS;Não;Velocidade Incompatível;1;Colisão lateral mesmo sentido;Com Vítimas Feridas;Pleno dia;Decrescente;Céu Claro;Dupla;Reta;Sim  ;"1057811   ";Caminhão;VW/11.180 DRC 4X2;"2021      ";Condutor;Ileso;"30   ";Masculino;"1 ";"0    ";"0    ";"0    ";-15.7867166;-48.7703327;SPRF-GO;DEL02-GO;UOP01-DEL02-GO 
592854;"1320863   ";2024-04-09;terça-feira;10:50:00;GO;"414  ";"373,6";COCALZINHO DE GOIAS;Não;Velocidade Incompatível;1;Colisão lateral mesmo sentido;Com Vítimas Feridas;Pleno dia;Decrescente;Céu Claro;Dupla;Reta;Sim  ;"1057811   ";Caminhão;VW/11.180 DRC 4X2;"2021      ";Passageiro;Ileso;"23   ";Masculino;"1 ";"0    ";"0    ";"0    ";-15.7867166;-48.7703327;SPRF-GO;DEL02-GO;UOP01-DEL02-GO 
592854;"1320857   ";2024-04-09;terça-feira;10:50:00;GO;"414  ";"373,6";COCALZINHO DE GOIAS;Sim;Acessar a via sem observar a presença dos outros veículos;1;Colisão lateral mesmo sentido;Com Vítimas Feridas;Pleno dia;Decrescente;Céu Claro;Dupla;Reta;Sim  ;"1057810   ";Automóvel;FIAT/UNO WAY 1.0;"2010      ";Condutor;Ileso;"29   ";Masculino;"1 ";"0    ";"0    ";"0    ";-15.7867166;-48.7703327;SPRF-GO;DEL02-GO;UOP01-DEL02-GO 
592854;"1320858   ";2024-04-09;terça-feira;10:50:00;GO;"414  ";"373,6";COCALZINHO DE GOIAS;Sim;Acessar a via sem observar a presença dos outros veículos;1;Colisão lateral mesmo sentido;Com Vítimas Feridas;Pleno dia;Decrescente;Céu Claro;Dupla;Reta;Sim  ;"1057810   ";Automóvel;FIAT/UNO WAY 1.0;"2010      ";Passageiro;Lesões Leves;"29   ";Feminino;"0 ";"1    ";"0    ";"0    ";-15.7867166;-48.7703327;SPRF-GO;DEL02-GO;UOP01-DEL02-GO 