id;pesid;data_inversa;dia_semana;horario;uf;br;km;municipio;causa_principal;causa_acidente;ordem_tipo_acidente;tipo_acidente;classificacao_acidente;fase_dia;sentido_via;condicao_metereologica;tipo_pista;tracado_via;uso_solo;id_veiculo;tipo_veiculo;marca;ano_fabricacao_veiculo;tipo_envolvido;estado_fisico;idade;sexo;ilesos;feridos_leves;feridos_graves;mortos;latitude;longitude;regional;delegacia;uop
593219;"1321651   ";2024-04-11;quinta-feira;07:10:00;DF;"40   ";"5    ";BRASILIA;Não;Velocidade Incompatível;2;Tombamento;Com Vítimas Feridas;Pleno dia;Decrescente;Céu Claro;Dupla;Reta;Não  ;"1058495   ";Automóvel;RENAULT/SANDERO EXP 16HP;"2012      ";Condutor;Ileso;"30   ";Feminino;"1 ";"0    ";"0    ";"0    ";-16.0209030;-47.9805410;SPRF-DF;DEL01-DF;UOP01-DEL01-DF 
593219;"1321652   ";2024-04-11;quinta-feira;07:10:00;DF;"40   ";"5    ";BRASILIA;Sim;Manobra de mudança de faixa;2;Tombamento;Com Vítimas Feridas;Pleno dia;Decrescente;Céu Claro;Dupla;Reta;Não  ;"1058496   ";Motocicleta;HONDA/CG 160 FAN;"2021      ";Condutor;Lesões Leves;"32   ";Masculino;"0 ";"1    ";"0    ";"0    ";-16.0209030;-47.9805410;SPRF-DF;DEL01-DF;UOP01-DEL01-DF 
593219;"1321651   ";2024-04-11;quinta-feira;07:10:00;DF;"40   ";"5    ";BRASILIA;Sim;Manobra de mudança de faixa;2;Tombamento;Com Vítimas Feridas;Pleno dia;Decrescente;Céu Claro;Dupla;Reta;Não  ;"1058495   ";Automóvel;RENAULT/SANDERO EXP 16HP;"2012      ";Condutor;Ileso;"30   ";Feminino;"1 ";"0    ";"0    ";"0    ";-16.0209030;-47.9805410;SPRF-DF;DEL01-DF;UOP01-DEL01-DF 
593219;"1321652   ";2024-04-11;quinta-feira;07:10:00;DF;"40   ";"5    ";BRASILIA;Não;Velocidade Incompatível;1;Colisão traseira;Com Vítimas Feridas;Pleno dia;Decrescente;Céu Claro;Dupla;Reta;Não  ;"1058496   ";Motocicleta;HONDA/CG 160 FAN;"2021      ";Condutor;Lesões Leves;"32   ";Masculino;"0 ";"1    ";"0    ";"0    ";-16.0209030;-47.9805410;SPRF-DF;DEL01-DF;UOP01-DEL01-DF 
593219;"1321651   ";2024-04-11;quinta-feira;07:10:00;DF;"40   ";"5    ";BRASILIA;Não;Velocidade Incompatível;1;Colisão traseira;Com Vítimas Feridas;Pleno dia;Decrescente;Céu Claro;Dupla;Reta;Não  ;"1058495   ";Automóvel;RENAULT/SANDERO EXP 16HP;"2012      ";Condutor;Ileso;"30   ";Feminino;"1 ";"0    ";"0    ";"0    ";-16.0209030;-47.9805410;SPRF-DF;DEL01-DF;UOP01-DEL01-DF 
593219;"1321652   ";2024-04-11;quinta-feira;07:10:00;DF;"40   ";"5    ";BRASILIA;Sim;Manobra de mudança de faixa;1;Colisão traseira;Com Vítimas Feridas;Pleno dia;Decrescente;Céu Claro;Dupla;Reta;Não  ;"1058496   ";Motocicleta;HONDA/CG 160 FAN;"2021      ";Condutor;Lesões Leves;"32   ";Masculino;"0 ";"1    ";"0    ";"0    ";-16.0209030;-47.9805410;SPRF-DF;DEL01-DF;UOP01-DEL01-DF 
593219;"1321651   ";2024-04-11;quinta-feira;07:10:00;DF;"40   ";"5    ";BRASILIA;Sim;Manobra de mudança de faixa;1;Colisão traseira;Com Vítimas Feridas;Pleno dia;Decrescente;Céu Claro;Dupla;Reta;Não  ;"1058495   ";Automóvel;RENAULT/SANDERO EXP 16HP;"2012      ";Condutor;Ileso;"30   ";Feminino;"1 ";"0    ";"0    ";"0    ";-16.0209030;-47.9805410;SPRF-DF;DEL01-DF;UOP01-DEL01-DF 
593226;"1323144   ";2024-04-11;quinta-feira;07:50:00;DF;"40   ";"2    ";BRASILIA;Sim;Demais falhas mecânicas ou elétricas;2;Tombamento;Com Vítimas Feridas;Pleno dia;Decrescente;Nublado;Dupla;Reta;Não  ;"1059695   ";Motocicleta;HONDA/CG 160 TITAN;"2019      ";Passageiro;Lesões Leves;"29   ";Feminino;"0 ";"1    ";"0    ";"0    ";-15.9943500;-47.9859470;SPRF-DF;DEL01-DF;UOP01-DEL01-DF 
593226;"1323142   ";2024-04-11;quinta-feira;07:50:00;DF;"40   ";"2    ";BRASILIA;Sim;Demais falhas mecânicas ou elétricas;2;Tombamento;Com Vítimas Feridas;Pleno dia;Decrescente;Nublado;Dupla;Reta;Não  ;"1059695   ";Motocicleta;HONDA/CG 160 TITAN;"2019      ";Condutor;Ileso;"36   ";Masculino;"1 ";"0    ";"0    ";"0    ";-15.9943500;-47.9859470;SPRF-DF;DEL01-DF;UOP01-DEL01-DF 
593226;"1323144   ";2024-04-11;quinta-feira;07:50:00;DF;"40   ";"2    ";BRASILIA;Sim;Demais falhas mecânicas ou elétricas;1;Queda de ocupante de veículo;Com Vítimas Feridas;Pleno dia;Decrescente;Nublado;Dupla;Reta;Não  ;"1059695   ";Motocicleta;HONDA/CG 160 TITAN;"2019      ";Passageiro;Lesões Leves;"29   ";Feminino;"0 ";"1    ";"0    ";"0    ";-15.9943500;-47.9859470;SPRF-DF;DEL01-DF;UOP01-DEL01-DF 
593226;"1323142   ";2024-04-11;quinta-feira;07:50:00;DF;"40   ";"2    ";BRASILIA;Sim;Demais falhas mecânicas ou elétricas;1;Queda de ocupante de veículo;Com Vítimas Feridas;Pleno dia;Decrescente;Nublado;Dupla;Reta;Não  ;"1059695   ";Motocicleta;HONDA/CG 160 TITAN;"2019      ";Condutor;Ileso;"36   ";Masculino;"1 ";"0    ";"0    ";"0    ";-15.9943500;-47.9859470;SPRF-DF;DEL01-DF;UOP01-DEL01-DF 
593256;"1321696   ";2024-02-26;segunda-feira;10:40:00;GO;"70   ";"58   ";COCALZINHO DE GOIAS;Sim;Manobra de mudança de faixa;4;Capotamento;Com Vítimas Feridas;Pleno dia;Crescente;Céu Claro;Simples;"Reta;Declive";Não  ;"1058536   ";Automóvel;PEUGEOT/208 ALLURE;"2014      ";Condutor;Ileso;"28   ";Masculino;"1 ";"0    ";"0    ";"0    ";-15.7584589;-48.6889248;SPRF-DF;DEL03-DF;UOP02-DEL03-DF 
593256;"1321694   ";2024-02-26;segunda-feira;10:40:00;GO;"70   ";"58   ";COCALZINHO DE GOIAS;Sim;Manobra de mudança de faixa;4;Capotamento;Com Vítimas Feridas;Pleno dia;Crescente;Céu Claro;Simples;"Reta;Declive";Não  ;"1058535   ";Automóvel;GM/CORSA WIND;"2001      ";Passageiro;Lesões Graves;"63   ";Feminino;"0 ";"0    ";"1    ";"0    ";-15.7584589;-48.6889248;SPRF-DF;DEL03-DF;UOP02-DEL03-DF 
593256;"1321695   ";2024-02-26;segunda-feira;10:40:00;GO;"70   ";"58   ";COCALZINHO DE GOIAS;Sim;Manobra de mudança de faixa;4;Capotamento;Com Vítimas Feridas;Pleno dia;Crescente;Céu Claro;Simples;"Reta;Declive";Não  ;"1058535   ";Automóvel;GM/CORSA WIND;"2001      ";Condutor;Lesões Graves;"66   ";Masculino;"0 ";"0    ";"1    ";"0    ";-15.7584589;-48.6889248;SPRF-DF;DEL03-DF;UOP02-DEL03-DF 
593256;"1321692   ";2024-02-26;segunda-feira;10:40:00;GO;"70   ";"58   ";COCALZINHO DE GOIAS;Sim;Manobra de mudança de faixa;4;Capotamento;Com Vítimas Feridas;Pleno dia;Crescente;Céu Claro;Simples;"Reta;Declive";Não  ;"1058534   ";Automóvel;HYUNDAI/HB20 10M COMFORT;"2023      ";Passageiro;Lesões Graves;"34   ";Feminino;"0 ";"0    ";"1    ";"0    ";-15.7584589;-48.6889248;SPRF-DF;DEL03-DF;UOP02-DEL03-DF 
593256;"1321693   ";2024-02-26;segunda-feira;10:40:00;GO;"70   ";"58   ";COCALZINHO DE GOIAS;Sim;Manobra de mudança de faixa;4;Capotamento;Com Vítimas Feridas;Pleno dia;Crescente;Céu Claro;Simples;"Reta;Declive";Não  ;"1058534   ";Automóvel;HYUNDAI/HB20 10M COMFORT;"2023      ";Condutor;Lesões Graves;"38   ";Masculino;"0 ";"0    ";"1    ";"0    ";-15.7584589;-48.6889248;SPRF-DF;DEL03-DF;UOP02-DEL03-DF 
593256;"1321696   ";2024-02-26;segunda-feira;10:40:00;GO;"70   ";"58   ";COCALZINHO DE GOIAS;Sim;Manobra de mudança de faixa;3;Saída de leito carroçável;Com Vítimas Feridas;Pleno dia;Crescente;Céu Claro;Simples;"Reta;Declive";Não  ;"1058536   ";Automóvel;PEUGEOT/208 ALLURE;"2014      ";Condutor;Ileso;"28   ";Masculino;"1 ";"0    ";"0    ";"0    ";-15.7584589;-48.6889248;SPRF-DF;DEL03-DF;UOP02-DEL03-DF 
593256;"1321694   ";2024-02-26;segunda-feira;10:40:00;GO;"70   ";"58   ";COCALZINHO DE GOIAS;Sim;Manobra de mudança de faixa;3;Saída de leito carroçável;Com Vítimas Feridas;Pleno dia;Crescente;Céu Claro;Simples;"Reta;Declive";Não  ;"1058535   ";Automóvel;GM/CORSA WIND;"2001      ";Passageiro;Lesões Graves;"63   ";Feminino;"0 ";"0    ";"1    ";"0    ";-15.7584589;-48.6889248;SPRF-DF;DEL03-DF;UOP02-DEL03-DF 
593256;"1321695   ";2024-02-26;segunda-feira;10:40:00;GO;"70   ";"58   ";COCALZINHO DE GOIAS;Sim;Manobra de mudança de faixa;3;Saída de leito carroçável;Com Vítimas Feridas;Pleno dia;Crescente;Céu Claro;Simples;"Reta;Declive";Não  ;"1058535   ";Automóvel;GM/CORSA WIND;"2001      ";Condutor;Lesões Graves;"66   ";Masculino;"0 ";"0    ";"1    ";"0    ";-15.7584589;-48.6889248;SPRF-DF;DEL03-DF;UOP02-DEL03-DF 
593256;"1321692   ";2024-02-26;segunda-feira;10:40:00;GO;"70   ";"58   ";COCALZINHO DE GOIAS;Sim;Manobra de mudança de faixa;3;Saída de leito carroçável;Com Vítimas Feridas;Pleno dia;Crescente;Céu Claro;Simples;"Reta;Declive";Não  ;"1058534   ";Automóvel;HYUNDAI/HB20 10M COMFORT;"2023      ";Passageiro;Lesões Graves;"34   ";Feminino;"0 ";"0    ";"1    ";"0    ";-15.7584589;-48.6889248;SPRF-DF;DEL03-DF;UOP02-DEL03-DF 
593256;"1321693   ";2024-02-26;segunda-feira;10:40:00;GO;"70   ";"58   ";COCALZINHO DE GOIAS;Sim;Manobra de mudança de faixa;3;Saída de leito carroçável;Com Vítimas Feridas;Pleno dia;Crescente;Céu Claro;Simples;"Reta;Declive";Não  ;"1058534   ";Automóvel;HYUNDAI/HB20 10M COMFORT;"2023      ";Condutor;Lesões Graves;"38   ";Masculino;"0 ";"0    ";"1    ";"0    ";-15.7584589;-48.6889248;SPRF-DF;DEL03-DF;UOP02-DEL03-DF 
593256;"1321696   ";2024-02-26;segunda-feira;10:40:00;GO;"70   ";"58   ";COCALZINHO DE GOIAS;Sim;Manobra de mudança de faixa;2;Colisão transversal;Com Vítimas Feridas;Pleno dia;Crescente;Céu Claro;Simples;"Reta;Declive";Não  ;"1058536   ";Automóvel;PEUGEOT/208 ALLURE;"2014      ";Condutor;Ileso;"28   ";Masculino;"1 ";"0    ";"0    ";"0    ";-15.7584589;-48.6889248;SPRF-DF;DEL03-DF;UOP02-DEL03-DF 
593256;"1321694   ";2024-02-26;segunda-feira;10:40:00;GO;"70   ";"58   ";COCALZINHO DE GOIAS;Sim;Manobra de mudança de faixa;2;Colisão transversal;Com Vítimas Feridas;Pleno dia;Crescente;Céu Claro;Simples;"Reta;Declive";Não  ;"1058535   ";Automóvel;GM/CORSA WIND;"2001      ";Passageiro;Lesões Graves;"63   ";Feminino;"0 ";"0    ";"1    ";"0    ";-15.7584589;-48.6889248;SPRF-DF;DEL03-DF;UOP02-DEL03-DF 
593256;"1321695   ";2024-02-26;segunda-feira;10:40:00;GO;"70   ";"58   ";COCALZINHO DE GOIAS;Sim;Manobra de mudança de faixa;2;Colisão transversal;Com Vítimas Feridas;Pleno dia;Crescente;Céu Claro;Simples;"Reta;Declive";Não  ;"1058535   ";Automóvel;GM/CORSA WIND;"2001      ";Condutor;Lesões Graves;"66   ";Masculino;"0 ";"0    ";"1    ";"0    ";-15.7584589;-48.6889248;SPRF-DF;DEL03-DF;UOP02-DEL03-DF 
593256;"1321692   ";2024-02-26;segunda-feira;10:40:00;GO;"70   ";"58   ";COCALZINHO DE GOIAS;Sim;Manobra de mudança de faixa;2;Colisão transversal;Com Vítimas Feridas;Pleno dia;Crescente;Céu Claro;Simples;"Reta;Declive";Não  ;"1058534   ";Automóvel;HYUNDAI/HB20 10M COMFORT;"2023      ";Passageiro;Lesões Graves;"34   ";Feminino;"0 ";"0    ";"1    ";"0    ";-15.7584589;-48.6889248;SPRF-DF;DEL03-DF;UOP02-DEL03-DF 
593256;"1321693   ";2024-02-26;segunda-feira;10:40:00;GO;"70   ";"58   ";COCALZINHO DE GOIAS;Sim;Manobra de mudança de faixa;2;Colisão transversal;Com Vítimas Feridas;Pleno dia;Crescente;Céu Claro;Simples;"Reta;Declive";Não  ;"1058534   ";Automóvel;HYUNDAI/HB20 10M COMFORT;"2023      ";Condutor;Lesões Graves;"38   ";Masculino;"0 ";"0    ";"1    ";"0    ";-15.7584589;-48.6889248;SPRF-DF;DEL03-DF;UOP02-DEL03-DF 
593256;"1321696   ";2024-02-26;segunda-feira;10:40:00;GO;"70   ";"58   ";COCALZINHO DE GOIAS;Sim;Manobra de mudança de faixa;1;Colisão traseira;Com Vítimas Feridas;Pleno dia;Crescente;Céu Claro;Simples;"Reta;Declive";Não  ;"1058536   ";Automóvel;PEUGEOT/208 ALLURE;"2014      ";Condutor;Ileso;"28   ";Masculino;"1 ";"0    ";"0    ";"0    ";-15.7584589;-48.6889248;SPRF-DF;DEL03-DF;UOP02-DEL03-DF 
593256;"1321694   ";2024-02-26;segunda-feira;10:40:00;GO;"70   ";"58   ";COCALZINHO DE GOIAS;Sim;Manobra de mudança de faixa;1;Colisão traseira;Com Vítimas Feridas;Pleno dia;Crescente;Céu Claro;Simples;"Reta;Declive";Não  ;"1058535   ";Automóvel;GM/CORSA WIND;"2001      ";Passageiro;Lesões Graves;"63   ";Feminino;"0 ";"0    ";"1    ";"0    ";-15.7584589;-48.6889248;SPRF-DF;DEL03-DF;UOP02-DEL03-DF 
593256;"1321695   ";2024-02-26;segunda-feira;10:40:00;GO;"70   ";"58   ";COCALZINHO DE GOIAS;Sim;Manobra de mudança de faixa;1;Colisão traseira;Com Vítimas Feridas;Pleno dia;Crescente;Céu Claro;Simples;"Reta;Declive";Não  ;"1058535   ";Automóvel;GM/CORSA WIND;"2001      ";Condutor;Lesões Graves;"66   ";Masculino;"0 ";"0    ";"1    ";"0    ";-15.7584589;-48.6889248;SPRF-DF;DEL03-DF;UOP02-DEL03-DF 
593256;"1321692   ";2024-02-26;segunda-feira;10:40:00;GO;"70   ";"58   ";COCALZINHO DE GOIAS;Sim;Manobra de mudança de faixa;1;Colisão traseira;Com Vítimas Feridas;Pleno dia;Crescente;Céu Claro;Simples;"Reta;Declive";Não  ;"1058534   ";Automóvel;HYUNDAI/HB20 10M COMFORT;"2023      ";Passageiro;Lesões Graves;"34   ";Feminino;"0 ";"0    ";"1    ";"0    ";-15.7584589;-48.6889248;SPRF-DF;DEL03-DF;UOP02-DEL03-DF 
593256;"1321693   ";2024-02-26;segunda-feira;10:40:00;GO;"70   ";"58   ";COCALZINHO DE GOIAS;Sim;Manobra de mudança de faixa;1;Colisão traseira;Com Vítimas Feridas;Pleno dia;Crescente;Céu Claro;Simples;"Reta;Declive";Não  ;"1058534   ";Automóvel;HYUNDAI/HB20 10M COMFORT;"2023      ";Condutor;Lesões Graves;"38   ";Masculino;"0 ";"0    ";"1    ";"0    ";-15.7584589;-48.6889248;SPRF-DF;DEL03-DF;UOP02-DEL03-DF 
593278;"1321871   ";2024-04-11;quinta-feira;13:00:00;DF;"20   ";"17   ";BRASILIA;Sim;Velocidade Incompatível;2;Capotamento;Com Vítimas Feridas;Pleno dia;Crescente;Chuva;Dupla;Reta;Sim  ;"1058669   ";Automóvel;FIAT/PALIO WEEKEND STILE;"1998      ";Condutor;Ileso;"49   ";Masculino;"1 ";"0    ";"0    ";"0    ";-15.6213740;-47.7169800;SPRF-DF;DEL02-DF;UOP01-DEL02-DF 
593278;"1321873   ";2024-04-11;quinta-feira;13:00:00;DF;"20   ";"17   ";BRASILIA;Sim;Velocidade Incompatível;2;Capotamento;Com Vítimas Feridas;Pleno dia;Crescente;Chuva;Dupla;Reta;Sim  ;"1058669   ";Automóvel;FIAT/PALIO WEEKEND STILE;"1998      ";Passageiro;Lesões Leves;"52   ";Masculino;"0 ";"1    ";"0    ";"0    ";-15.6213740;-47.7169800;SPRF-DF;DEL02-DF;UOP01-DEL02-DF 
593278;"1321871   ";2024-04-11;quinta-feira;13:00:00;DF;"20   ";"17   ";BRASILIA;Sim;Velocidade Incompatível;1;Saída de leito carroçável;Com Vítimas Feridas;Pleno dia;Crescente;Chuva;Dupla;Reta;Sim  ;"1058669   ";Automóvel;FIAT/PALIO WEEKEND STILE;"1998      ";Condutor;Ileso;"49   ";Masculino;"1 ";"0    ";"0    ";"0    ";-15.6213740;-47.7169800;SPRF-DF;DEL02-DF;UOP01-DEL02-DF 
593278;"1321873   ";2024-04-11;quinta-feira;13:00:00;DF;"20   ";"17   ";BRASILIA;Sim;Velocidade Incompatível;1;Saída de leito carroçável;Com Vítimas Feridas;Pleno dia;Crescente;Chuva;Dupla;Reta;Sim  ;"1058669   ";Automóvel;FIAT/PALIO WEEKEND STILE;"1998      ";Passageiro;Lesões Leves;"52   ";Masculino;"0 ";"1    ";"0    ";"0    ";-15.6213740;-47.7169800;SPRF-DF;DEL02-DF;UOP01-DEL02-DF 
593324;"1321981   ";2024-04-11;quinta-feira;18:15:00;DF;"70   ";"6    ";BRASILIA;Não;Demais falhas mecânicas ou elétricas;2;Queda de ocupante de veículo;Com Vítimas Feridas;Plena Noite;Crescente;Céu Claro;Dupla;Reta;Sim  ;"1058741   ";Automóvel;RENAULT/SCENIC EXP 1616V;"2006      ";Condutor;Ileso;"26   ";Masculino;"1 ";"0    ";"0    ";"0    ";-15.7912420;-48.1057590;SPRF-DF;DEL03-DF;UOP02-DEL03-DF 
593324;"1321982   ";2024-04-11;quinta-feira;18:15:00;DF;"70   ";"6    ";BRASILIA;Não;Demais falhas mecânicas ou elétricas;2;Queda de ocupante de veículo;Com Vítimas Feridas;Plena Noite;Crescente;Céu Claro;Dupla;Reta;Sim  ;"1058742   ";Motocicleta;HONDA/CG 150 TITAN ES;"2008      ";Condutor;Ileso;"24   ";Masculino;"1 ";"0    ";"0    ";"0    ";-15.7912420;-48.1057590;SPRF-DF;DEL03-DF;UOP02-DEL03-DF 
593324;"1321983   ";2024-04-11;quinta-feira;18:15:00;DF;"70   ";"6    ";BRASILIA;Não;Demais falhas mecânicas ou elétricas;2;Queda de ocupante de veículo;Com Vítimas Feridas;Plena Noite;Crescente;Céu Claro;Dupla;Reta;Sim  ;"1058742   ";Motocicleta;HONDA/CG 150 TITAN ES;"2008      ";Passageiro;Lesões Leves;"31   ";Feminino;"0 ";"1    ";"0    ";"0    ";-15.7912420;-48.1057590;SPRF-DF;DEL03-DF;UOP02-DEL03-DF 
593324;"1321981   ";2024-04-11;quinta-feira;18:15:00;DF;"70   ";"6    ";BRASILIA;Sim;Transitar no Acostamento;2;Queda de ocupante de veículo;Com Vítimas Feridas;Plena Noite;Crescente;Céu Claro;Dupla;Reta;Sim  ;"1058741   ";Automóvel;RENAULT/SCENIC EXP 1616V;"2006      ";Condutor;Ileso;"26   ";Masculino;"1 ";"0    ";"0    ";"0    ";-15.7912420;-48.1057590;SPRF-DF;DEL03-DF;UOP02-DEL03-DF 
593324;"1321982   ";2024-04-11;quinta-feira;18:15:00;DF;"70   ";"6    ";BRASILIA;Sim;Transitar no Acostamento;2;Queda de ocupante de veículo;Com Vítimas Feridas;Plena Noite;Crescente;Céu Claro;Dupla;Reta;Sim  ;"1058742   ";Motocicleta;HONDA/CG 150 TITAN ES;"2008      ";Condutor;Ileso;"24   ";Masculino;"1 ";"0    ";"0    ";"0    ";-15.7912420;-48.1057590;SPRF-DF;DEL03-DF;UOP02-DEL03-DF 
593324;"1321983   ";2024-04-11;quinta-feira;18:15:00;DF;"70   ";"6    ";BRASILIA;Sim;Transitar no Acostamento;2;Queda de ocupante de veículo;Com Vítimas Feridas;Plena Noite;Crescente;Céu Claro;Dupla;Reta;Sim  ;"1058742   ";Motocicleta;HONDA/CG 150 TITAN ES;"2008      ";Passageiro;Lesões Leves;"31   ";Feminino;"0 ";"1    ";"0    ";"0    ";-15.7912420;-48.1057590;SPRF-DF;DEL03-DF;UOP02-DEL03-DF 
593324;"1321981   ";2024-04-11;quinta-feira;18:15:00;DF;"70   ";"6    ";BRASILIA;Não;Demais falhas mecânicas ou elétricas;1;Colisão traseira;Com Vítimas Feridas;Plena Noite;Crescente;Céu Claro;Dupla;Reta;Sim  ;"1058741   ";Automóvel;RENAULT/SCENIC EXP 1616V;"2006      ";Condutor;Ileso;"26   ";Masculino;"1 ";"0    ";"0    ";"0    ";-15.7912420;-48.1057590;SPRF-DF;DEL03-DF;UOP02-DEL03-DF 
593324;"1321982   ";2024-04-11;quinta-feira;18:15:00;DF;"70   ";"6    ";BRASILIA;Não;Demais falhas mecânicas ou elétricas;1;Colisão traseira;Com Vítimas Feridas;Plena Noite;Crescente;Céu Claro;Dupla;Reta;Sim  ;"1058742   ";Motocicleta;HONDA/CG 150 TITAN ES;"2008      ";Condutor;Ileso;"24   ";Masculino;"1 ";"0    ";"0    ";"0    ";-15.7912420;-48.1057590;SPRF-DF;DEL03-DF;UOP02-DEL03-DF 
593324;"1321983   ";2024-04-11;quinta-feira;18:15:00;DF;"70   ";"6    ";BRASILIA;Não;Demais falhas mecânicas ou elétricas;1;Colisão traseira;Com Vítimas Feridas;Plena Noite;Crescente;Céu Claro;Dupla;Reta;Sim  ;"1058742   ";Motocicleta;HONDA/CG 150 TITAN ES;"2008      ";Passageiro;Lesões Leves;"31   ";Feminino;"0 ";"1    ";"0    ";"0    ";-15.7912420;-48.1057590;SPRF-DF;DEL03-DF;UOP02-DEL03-DF 
593324;"1321981   ";2024-04-11;quinta-feira;18:15:00;DF;"70   ";"6    ";BRASILIA;Sim;Transitar no Acostamento;1;Colisão traseira;Com Vítimas Feridas;Plena Noite;Crescente;Céu Claro;Dupla;Reta;Sim  ;"1058741   ";Automóvel;RENAULT/SCENIC EXP 1616V;"2006      ";Condutor;Ileso;"26   ";Masculino;"1 ";"0    ";"0    ";"0    ";-15.7912420;-48.1057590;SPRF-DF;DEL03-DF;UOP02-DEL03-DF 
593324;"1321982   ";2024-04-11;quinta-feira;18:15:00;DF;"70   ";"6    ";BRASILIA;Sim;Transitar no Acostamento;1;Colisão traseira;Com Vítimas Feridas;Plena Noite;Crescente;Céu Claro;Dupla;Reta;Sim  ;"1058742   ";Motocicleta;HONDA/CG 150 TITAN ES;"2008      ";Condutor;Ileso;"24   ";Masculino;"1 ";"0    ";"0    ";"0    ";-15.7912420;-48.1057590;SPRF-DF;DEL03-DF;UOP02-DEL03-DF 
593324;"1321983   ";2024-04-11;quinta-feira;18:15:00;DF;"70   ";"6    ";BRASILIA;Sim;Transitar no Acostamento;1;Colisão traseira;Com Vítimas Feridas;Plena Noite;Crescente;Céu Claro;Dupla;Reta;Sim  ;"1058742   ";Motocicleta;HONDA/CG 150 TITAN ES;"2008      ";Passageiro;Lesões Leves;"31   ";Feminino;"0 ";"1    ";"0    ";"0    ";-15.7912420;-48.1057590;SPRF-DF;DEL03-DF;UOP02-DEL03-DF 
593361;"1322081   ";2024-04-11;quinta-feira;20:50:00;GO;"40   ";"41,9 ";LUZIANIA;Não;Ultrapassagem Indevida;1;Colisão frontal;Com Vítimas Fatais;Plena Noite;Decrescente;Céu Claro;Simples;"Aclive;Curva";Não  ;"1058808   ";Caminhão-trator;SCANIA/R540 A6X4;"2019      ";Condutor;Ileso;"37   ";Masculino;"1 ";"0    ";"0    ";"0    ";-16.3750220;-47.8302260;SPRF-DF;DEL01-DF;UOP02-DEL01-DF 
593361;"0         ";2024-04-11;quinta-feira;20:50:00;GO;"40   ";"41,9 ";LUZIANIA;Não;Ultrapassagem Indevida;1;Colisão frontal;Com Vítimas Fatais;Plena Noite;Decrescente;Céu Claro;Simples;"Aclive;Curva";Não  ;"1058809   ";Semireboque;SR/FACCHINI SRF 4CA;"2023      ";"0";"0";"0    ";"0";"0 ";"0    ";"0    ";"0    ";-16.3750220;-47.8302260;SPRF-DF;DEL01-DF;UOP02-DEL01-DF 
593361;"1322080   ";2024-04-11;quinta-feira;20:50:00;GO;"40   ";"41,9 ";LUZIANIA;Não;Ultrapassagem Indevida;1;Colisão frontal;Com Vítimas Fatais;Plena Noite;Decrescente;Céu Claro;Simples;"Aclive;Curva";Não  ;"1058807   ";Caminhonete;CHEVROLET/MONTANA LS;"2014      ";Condutor;Óbito;"32   ";Feminino;"0 ";"0    ";"0    ";"1    ";-16.3750220;-47.8302260;SPRF-DF;DEL01-DF;UOP02-DEL01-DF 
593361;"1322081   ";2024-04-11;quinta-feira;20:50:00;GO;"40   ";"41,9 ";LUZIANIA;Não;Velocidade Incompatível;1;Colisão frontal;Com Vítimas Fatais;Plena Noite;Decrescente;Céu Claro;Simples;"Aclive;Curva";Não  ;"1058808   ";Caminhão-trator;SCANIA/R540 A6X4;"2019      ";Condutor;Ileso;"37   ";Masculino;"1 ";"0    ";"0    ";"0    ";-16.3750220;-47.8302260;SPRF-DF;DEL01-DF;UOP02-DEL01-DF 
593361;"0         ";2024-04-11;quinta-feira;20:50:00;GO;"40   ";"41,9 ";LUZIANIA;Não;Velocidade Incompatível;1;Colisão frontal;Com Vítimas Fatais;Plena Noite;Decrescente;Céu Claro;Simples;"Aclive;Curva";Não  ;"1058809   ";Semireboque;SR/FACCHINI SRF 4CA;"2023      ";"0";"0";"0    ";"0";"0 ";"0    ";"0    ";"0    ";-16.3750220;-47.8302260;SPRF-DF;DEL01-DF;UOP02-DEL01-DF 
593361;"1322080   ";2024-04-11;quinta-feira;20:50:00;GO;"40   ";"41,9 ";LUZIANIA;Não;Velocidade Incompatível;1;Colisão frontal;Com Vítimas Fatais;Plena Noite;Decrescente;Céu Claro;Simples;"Aclive;Curva";Não  ;"1058807   ";Caminhonete;CHEVROLET/MONTANA LS;"2014      ";Condutor;Óbito;"32   ";Feminino;"0 ";"0    ";"0    ";"1    ";-16.3750220;-47.8302260;SPRF-DF;DEL01-DF;UOP02-DEL01-DF 
593361;"1322081   ";2024-04-11;quinta-feira;20:50:00;GO;"40   ";"41,9 ";LUZIANIA;Não;Suicídio (presumido);1;Colisão frontal;Com Vítimas Fatais;Plena Noite;Decrescente;Céu Claro;Simples;"Aclive;Curva";Não  ;"1058808   ";Caminhão-trator;SCANIA/R540 A6X4;"2019      ";Condutor;Ileso;"37   ";Masculino;"1 ";"0    ";"0    ";"0    ";-16.3750220;-47.8302260;SPRF-DF;DEL01-DF;UOP02-DEL01-DF 
593361;"0         ";2024-04-11;quinta-feira;20:50:00;GO;"40   ";"41,9 ";LUZIANIA;Não;Suicídio (presumido);1;Colisão frontal;Com Vítimas Fatais;Plena Noite;Decrescente;Céu Claro;Simples;"Aclive;Curva";Não  ;"1058809   ";Semireboque;SR/FACCHINI SRF 4CA;"2023      ";"0";"0";"0    ";"0";"0 ";"0    ";"0    ";"0    ";-16.3750220;-47.8302260;SPRF-DF;DEL01-DF;UOP02-DEL01-DF 