id;pesid;data_inversa;dia_semana;horario;uf;br;km;municipio;causa_principal;causa_acidente;ordem_tipo_acidente;tipo_acidente;classificacao_acidente;fase_dia;sentido_via;condicao_metereologica;tipo_pista;tracado_via;uso_solo;id_veiculo;tipo_veiculo;marca;ano_fabricacao_veiculo;tipo_envolvido;estado_fisico;idade;sexo;ilesos;feridos_leves;feridos_graves;mortos;latitude;longitude;regional;delegacia;uop
593519;"1322495   ";2024-04-12;sexta-feira;17:40:00;DF;"20   ";"18,1 ";BRASILIA;Não;Trafegar com motocicleta (ou similar) entre as faixas;1;Colisão traseira;Com Vítimas Feridas;Pleno dia;Crescente;Nublado;Dupla;"Reta;Declive";Sim  ;"1059159   ";Automóvel;GM/CLASSIC LIFE;"2006      ";Passageiro;Ileso;"41   ";Masculino;"1 ";"0    ";"0    ";"0    ";-15.6169010;-47.7089270;SPRF-DF;DEL02-DF;UOP01-DEL02-DF 
593519;"1322492   ";2024-04-12;sexta-feira;17:40:00;DF;"20   ";"18,1 ";BRASILIA;Não;Trafegar com motocicleta (ou similar) entre as faixas;1;Colisão traseira;Com Vítimas Feridas;Pleno dia;Crescente;Nublado;Dupla;"Reta;Declive";Sim  ;"1059159   ";Automóvel;GM/CLASSIC LIFE;"2006      ";Passageiro;Ileso;"23   ";Masculino;"1 ";"0    ";"0    ";"0    ";-15.6169010;-47.7089270;SPRF-DF;DEL02-DF;UOP01-DEL02-DF 
593519;"1322491   ";2024-04-12;sexta-feira;17:40:00;DF;"20   ";"18,1 ";BRASILIA;Não;Trafegar com motocicleta (ou similar) entre as faixas;1;Colisão traseira;Com Vítimas Feridas;Pleno dia;Crescente;Nublado;Dupla;"Reta;Declive";Sim  ;"1059159   ";Automóvel;GM/CLASSIC LIFE;"2006      ";Passageiro;Ileso;"24   ";Masculino;"1 ";"0    ";"0    ";"0    ";-15.6169010;-47.7089270;SPRF-DF;DEL02-DF;UOP01-DEL02-DF 
593519;"1322489   ";2024-04-12;sexta-feira;17:40:00;DF;"20   ";"18,1 ";BRASILIA;Não;Trafegar com motocicleta (ou similar) entre as faixas;1;Colisão traseira;Com Vítimas Feridas;Pleno dia;Crescente;Nublado;Dupla;"Reta;Declive";Sim  ;"1059162   ";Motocicleta;JTA/SUZUKI EN125 YES;"2007      ";Condutor;Lesões Leves;"31   ";Masculino;"0 ";"1    ";"0    ";"0    ";-15.6169010;-47.7089270;SPRF-DF;DEL02-DF;UOP01-DEL02-DF 
593519;"1322485   ";2024-04-12;sexta-feira;17:40:00;DF;"20   ";"18,1 ";BRASILIA;Sim;Manobra de mudança de faixa;1;Colisão traseira;Com Vítimas Feridas;Pleno dia;Crescente;Nublado;Dupla;"Reta;Declive";Sim  ;"1059159   ";Automóvel;GM/CLASSIC LIFE;"2006      ";Condutor;Ileso;"43   ";Masculino;"1 ";"0    ";"0    ";"0    ";-15.6169010;-47.7089270;SPRF-DF;DEL02-DF;UOP01-DEL02-DF 
593519;"1322496   ";2024-04-12;sexta-feira;17:40:00;DF;"20   ";"18,1 ";BRASILIA;Sim;Manobra de mudança de faixa;1;Colisão traseira;Com Vítimas Feridas;Pleno dia;Crescente;Nublado;Dupla;"Reta;Declive";Sim  ;"1059159   ";Automóvel;GM/CLASSIC LIFE;"2006      ";Passageiro;Ileso;"49   ";Masculino;"1 ";"0    ";"0    ";"0    ";-15.6169010;-47.7089270;SPRF-DF;DEL02-DF;UOP01-DEL02-DF 
593519;"1322495   ";2024-04-12;sexta-feira;17:40:00;DF;"20   ";"18,1 ";BRASILIA;Sim;Manobra de mudança de faixa;1;Colisão traseira;Com Vítimas Feridas;Pleno dia;Crescente;Nublado;Dupla;"Reta;Declive";Sim  ;"1059159   ";Automóvel;GM/CLASSIC LIFE;"2006      ";Passageiro;Ileso;"41   ";Masculino;"1 ";"0    ";"0    ";"0    ";-15.6169010;-47.7089270;SPRF-DF;DEL02-DF;UOP01-DEL02-DF 
593519;"1322492   ";2024-04-12;sexta-feira;17:40:00;DF;"20   ";"18,1 ";BRASILIA;Sim;Manobra de mudança de faixa;1;Colisão traseira;Com Vítimas Feridas;Pleno dia;Crescente;Nublado;Dupla;"Reta;Declive";Sim  ;"1059159   ";Automóvel;GM/CLASSIC LIFE;"2006      ";Passageiro;Ileso;"23   ";Masculino;"1 ";"0    ";"0    ";"0    ";-15.6169010;-47.7089270;SPRF-DF;DEL02-DF;UOP01-DEL02-DF 
593519;"1322491   ";2024-04-12;sexta-feira;17:40:00;DF;"20   ";"18,1 ";BRASILIA;Sim;Manobra de mudança de faixa;1;Colisão traseira;Com Vítimas Feridas;Pleno dia;Crescente;Nublado;Dupla;"Reta;Declive";Sim  ;"1059159   ";Automóvel;GM/CLASSIC LIFE;"2006      ";Passageiro;Ileso;"24   ";Masculino;"1 ";"0    ";"0    ";"0    ";-15.6169010;-47.7089270;SPRF-DF;DEL02-DF;UOP01-DEL02-DF 
593519;"1322489   ";2024-04-12;sexta-feira;17:40:00;DF;"20   ";"18,1 ";BRASILIA;Sim;Manobra de mudança de faixa;1;Colisão traseira;Com Vítimas Feridas;Pleno dia;Crescente;Nublado;Dupla;"Reta;Declive";Sim  ;"1059162   ";Motocicleta;JTA/SUZUKI EN125 YES;"2007      ";Condutor;Lesões Leves;"31   ";Masculino;"0 ";"1    ";"0    ";"0    ";-15.6169010;-47.7089270;SPRF-DF;DEL02-DF;UOP01-DEL02-DF 
593524;"1322537   ";2024-04-12;sexta-feira;17:45:00;GO;"414  ";"305  ";VILA PROPICIO;Sim;Ausência de reação do condutor;2;Queda de ocupante de veículo;Com Vítimas Feridas;Anoitecer;Crescente;Nublado;Simples;Reta;Não  ;"1059198   ";Motocicleta;Não Informado/Não Informado;"0         ";Condutor;Lesões Graves;"24   ";Feminino;"0 ";"0    ";"1    ";"0    ";-15.2009170;-48.7018581;SPRF-GO;DEL02-GO;UOP01-DEL02-GO 
593524;"1322537   ";2024-04-12;sexta-feira;17:45:00;GO;"414  ";"305  ";VILA PROPICIO;Sim;Ausência de reação do condutor;1;Tombamento;Com Vítimas Feridas;Anoitecer;Crescente;Nublado;Simples;Reta;Não  ;"1059198   ";Motocicleta;Não Informado/Não Informado;"0         ";Condutor;Lesões Graves;"24   ";Feminino;"0 ";"0    ";"1    ";"0    ";-15.2009170;-48.7018581;SPRF-GO;DEL02-GO;UOP01-DEL02-GO 
593541;"1322557   ";2024-04-12;sexta-feira;18:30:00;GO;"40   ";"3    ";VALPARAISO DE GOIAS;Sim;Ingestão de álcool pelo condutor;1;Colisão traseira;Sem Vítimas;Plena Noite;Crescente;Garoa/Chuvisco;Dupla;Reta;Sim  ;"1059212   ";Automóvel;I/FIAT CRONOS DRIVE1.3AT;"2022      ";Passageiro;Ileso;"13   ";Feminino;"1 ";"0    ";"0    ";"0    ";-16.0760810;-47.9856710;SPRF-DF;DEL01-DF;UOP01-DEL01-DF 
593541;"1322552   ";2024-04-12;sexta-feira;18:30:00;GO;"40   ";"3    ";VALPARAISO DE GOIAS;Sim;Ingestão de álcool pelo condutor;1;Colisão traseira;Sem Vítimas;Plena Noite;Crescente;Garoa/Chuvisco;Dupla;Reta;Sim  ;"1059212   ";Automóvel;I/FIAT CRONOS DRIVE1.3AT;"2022      ";Condutor;Ileso;"42   ";Feminino;"1 ";"0    ";"0    ";"0    ";-16.0760810;-47.9856710;SPRF-DF;DEL01-DF;UOP01-DEL01-DF 
593541;"1322555   ";2024-04-12;sexta-feira;18:30:00;GO;"40   ";"3    ";VALPARAISO DE GOIAS;Sim;Ingestão de álcool pelo condutor;1;Colisão traseira;Sem Vítimas;Plena Noite;Crescente;Garoa/Chuvisco;Dupla;Reta;Sim  ;"1059212   ";Automóvel;I/FIAT CRONOS DRIVE1.3AT;"2022      ";Passageiro;Ileso;"19   ";Masculino;"1 ";"0    ";"0    ";"0    ";-16.0760810;-47.9856710;SPRF-DF;DEL01-DF;UOP01-DEL01-DF 
593541;"1322554   ";2024-04-12;sexta-feira;18:30:00;GO;"40   ";"3    ";VALPARAISO DE GOIAS;Sim;Ingestão de álcool pelo condutor;1;Colisão traseira;Sem Vítimas;Plena Noite;Crescente;Garoa/Chuvisco;Dupla;Reta;Sim  ;"1059212   ";Automóvel;I/FIAT CRONOS DRIVE1.3AT;"2022      ";Passageiro;Ileso;"71   ";Feminino;"1 ";"0    ";"0    ";"0    ";-16.0760810;-47.9856710;SPRF-DF;DEL01-DF;UOP01-DEL01-DF 
593541;"1322551   ";2024-04-12;sexta-feira;18:30:00;GO;"40   ";"3    ";VALPARAISO DE GOIAS;Sim;Ingestão de álcool pelo condutor;1;Colisão traseira;Sem Vítimas;Plena Noite;Crescente;Garoa/Chuvisco;Dupla;Reta;Sim  ;"1059213   ";Automóvel;CITROEN/C3 AIRCROSS GLXM;"2011      ";Condutor;Ileso;"61   ";Masculino;"1 ";"0    ";"0    ";"0    ";-16.0760810;-47.9856710;SPRF-DF;DEL01-DF;UOP01-DEL01-DF 
593544;"1322483   ";2024-04-12;sexta-feira;18:30:00;DF;"20   ";"19   ";BRASILIA;Não;Manobra de mudança de faixa;3;Queda de ocupante de veículo;Com Vítimas Feridas;Plena Noite;Crescente;Nublado;Dupla;"Declive;Retorno Regulamentado";Sim  ;"1059161   ";Caminhonete;FIAT/STRADA ADVENTURE CD;"2010      ";Condutor;Ileso;"42   ";Masculino;"1 ";"0    ";"0    ";"0    ";-15.6121750;-47.7009280;SPRF-DF;DEL02-DF;UOP01-DEL02-DF 
593544;"1322484   ";2024-04-12;sexta-feira;18:30:00;DF;"20   ";"19   ";BRASILIA;Não;Manobra de mudança de faixa;3;Queda de ocupante de veículo;Com Vítimas Feridas;Plena Noite;Crescente;Nublado;Dupla;"Declive;Retorno Regulamentado";Sim  ;"1059161   ";Caminhonete;FIAT/STRADA ADVENTURE CD;"2010      ";Passageiro;Ileso;"38   ";Feminino;"1 ";"0    ";"0    ";"0    ";-15.6121750;-47.7009280;SPRF-DF;DEL02-DF;UOP01-DEL02-DF 
593544;"1322488   ";2024-04-12;sexta-feira;18:30:00;DF;"20   ";"19   ";BRASILIA;Não;Manobra de mudança de faixa;3;Queda de ocupante de veículo;Com Vítimas Feridas;Plena Noite;Crescente;Nublado;Dupla;"Declive;Retorno Regulamentado";Sim  ;"1059163   ";Motocicleta;YAMAHA/FAZER YS250;"2010      ";Condutor;Lesões Graves;"42   ";Masculino;"0 ";"0    ";"1    ";"0    ";-15.6121750;-47.7009280;SPRF-DF;DEL02-DF;UOP01-DEL02-DF 
593544;"1322483   ";2024-04-12;sexta-feira;18:30:00;DF;"20   ";"19   ";BRASILIA;Não;Ausência de reação do condutor;3;Queda de ocupante de veículo;Com Vítimas Feridas;Plena Noite;Crescente;Nublado;Dupla;"Declive;Retorno Regulamentado";Sim  ;"1059161   ";Caminhonete;FIAT/STRADA ADVENTURE CD;"2010      ";Condutor;Ileso;"42   ";Masculino;"1 ";"0    ";"0    ";"0    ";-15.6121750;-47.7009280;SPRF-DF;DEL02-DF;UOP01-DEL02-DF 
593544;"1322484   ";2024-04-12;sexta-feira;18:30:00;DF;"20   ";"19   ";BRASILIA;Não;Ausência de reação do condutor;3;Queda de ocupante de veículo;Com Vítimas Feridas;Plena Noite;Crescente;Nublado;Dupla;"Declive;Retorno Regulamentado";Sim  ;"1059161   ";Caminhonete;FIAT/STRADA ADVENTURE CD;"2010      ";Passageiro;Ileso;"38   ";Feminino;"1 ";"0    ";"0    ";"0    ";-15.6121750;-47.7009280;SPRF-DF;DEL02-DF;UOP01-DEL02-DF 
593544;"1322488   ";2024-04-12;sexta-feira;18:30:00;DF;"20   ";"19   ";BRASILIA;Não;Ausência de reação do condutor;3;Queda de ocupante de veículo;Com Vítimas Feridas;Plena Noite;Crescente;Nublado;Dupla;"Declive;Retorno Regulamentado";Sim  ;"1059163   ";Motocicleta;YAMAHA/FAZER YS250;"2010      ";Condutor;Lesões Graves;"42   ";Masculino;"0 ";"0    ";"1    ";"0    ";-15.6121750;-47.7009280;SPRF-DF;DEL02-DF;UOP01-DEL02-DF 
593544;"1322483   ";2024-04-12;sexta-feira;18:30:00;DF;"20   ";"19   ";BRASILIA;Não;Reação tardia ou ineficiente do condutor;3;Queda de ocupante de veículo;Com Vítimas Feridas;Plena Noite;Crescente;Nublado;Dupla;"Declive;Retorno Regulamentado";Sim  ;"1059161   ";Caminhonete;FIAT/STRADA ADVENTURE CD;"2010      ";Condutor;Ileso;"42   ";Masculino;"1 ";"0    ";"0    ";"0    ";-15.6121750;-47.7009280;SPRF-DF;DEL02-DF;UOP01-DEL02-DF 
593544;"1322484   ";2024-04-12;sexta-feira;18:30:00;DF;"20   ";"19   ";BRASILIA;Não;Reação tardia ou ineficiente do condutor;3;Queda de ocupante de veículo;Com Vítimas Feridas;Plena Noite;Crescente;Nublado;Dupla;"Declive;Retorno Regulamentado";Sim  ;"1059161   ";Caminhonete;FIAT/STRADA ADVENTURE CD;"2010      ";Passageiro;Ileso;"38   ";Feminino;"1 ";"0    ";"0    ";"0    ";-15.6121750;-47.7009280;SPRF-DF;DEL02-DF;UOP01-DEL02-DF 
593544;"1322488   ";2024-04-12;sexta-feira;18:30:00;DF;"20   ";"19   ";BRASILIA;Não;Reação tardia ou ineficiente do condutor;3;Queda de ocupante de veículo;Com Vítimas Feridas;Plena Noite;Crescente;Nublado;Dupla;"Declive;Retorno Regulamentado";Sim  ;"1059163   ";Motocicleta;YAMAHA/FAZER YS250;"2010      ";Condutor;Lesões Graves;"42   ";Masculino;"0 ";"0    ";"1    ";"0    ";-15.6121750;-47.7009280;SPRF-DF;DEL02-DF;UOP01-DEL02-DF 
593544;"1322483   ";2024-04-12;sexta-feira;18:30:00;DF;"20   ";"19   ";BRASILIA;Sim;Acessar a via sem observar a presença dos outros veículos;3;Queda de ocupante de veículo;Com Vítimas Feridas;Plena Noite;Crescente;Nublado;Dupla;"Declive;Retorno Regulamentado";Sim  ;"1059161   ";Caminhonete;FIAT/STRADA ADVENTURE CD;"2010      ";Condutor;Ileso;"42   ";Masculino;"1 ";"0    ";"0    ";"0    ";-15.6121750;-47.7009280;SPRF-DF;DEL02-DF;UOP01-DEL02-DF 
593544;"1322484   ";2024-04-12;sexta-feira;18:30:00;DF;"20   ";"19   ";BRASILIA;Sim;Acessar a via sem observar a presença dos outros veículos;3;Queda de ocupante de veículo;Com Vítimas Feridas;Plena Noite;Crescente;Nublado;Dupla;"Declive;Retorno Regulamentado";Sim  ;"1059161   ";Caminhonete;FIAT/STRADA ADVENTURE CD;"2010      ";Passageiro;Ileso;"38   ";Feminino;"1 ";"0    ";"0    ";"0    ";-15.6121750;-47.7009280;SPRF-DF;DEL02-DF;UOP01-DEL02-DF 
593544;"1322488   ";2024-04-12;sexta-feira;18:30:00;DF;"20   ";"19   ";BRASILIA;Sim;Acessar a via sem observar a presença dos outros veículos;3;Queda de ocupante de veículo;Com Vítimas Feridas;Plena Noite;Crescente;Nublado;Dupla;"Declive;Retorno Regulamentado";Sim  ;"1059163   ";Motocicleta;YAMAHA/FAZER YS250;"2010      ";Condutor;Lesões Graves;"42   ";Masculino;"0 ";"0    ";"1    ";"0    ";-15.6121750;-47.7009280;SPRF-DF;DEL02-DF;UOP01-DEL02-DF 
593544;"1322483   ";2024-04-12;sexta-feira;18:30:00;DF;"20   ";"19   ";BRASILIA;Não;Manobra de mudança de faixa;2;Tombamento;Com Vítimas Feridas;Plena Noite;Crescente;Nublado;Dupla;"Declive;Retorno Regulamentado";Sim  ;"1059161   ";Caminhonete;FIAT/STRADA ADVENTURE CD;"2010      ";Condutor;Ileso;"42   ";Masculino;"1 ";"0    ";"0    ";"0    ";-15.6121750;-47.7009280;SPRF-DF;DEL02-DF;UOP01-DEL02-DF 
593544;"1322484   ";2024-04-12;sexta-feira;18:30:00;DF;"20   ";"19   ";BRASILIA;Não;Manobra de mudança de faixa;2;Tombamento;Com Vítimas Feridas;Plena Noite;Crescente;Nublado;Dupla;"Declive;Retorno Regulamentado";Sim  ;"1059161   ";Caminhonete;FIAT/STRADA ADVENTURE CD;"2010      ";Passageiro;Ileso;"38   ";Feminino;"1 ";"0    ";"0    ";"0    ";-15.6121750;-47.7009280;SPRF-DF;DEL02-DF;UOP01-DEL02-DF 
593544;"1322488   ";2024-04-12;sexta-feira;18:30:00;DF;"20   ";"19   ";BRASILIA;Não;Manobra de mudança de faixa;2;Tombamento;Com Vítimas Feridas;Plena Noite;Crescente;Nublado;Dupla;"Declive;Retorno Regulamentado";Sim  ;"1059163   ";Motocicleta;YAMAHA/FAZER YS250;"2010      ";Condutor;Lesões Graves;"42   ";Masculino;"0 ";"0    ";"1    ";"0    ";-15.6121750;-47.7009280;SPRF-DF;DEL02-DF;UOP01-DEL02-DF 
593544;"1322483   ";2024-04-12;sexta-feira;18:30:00;DF;"20   ";"19   ";BRASILIA;Não;Ausência de reação do condutor;2;Tombamento;Com Vítimas Feridas;Plena Noite;Crescente;Nublado;Dupla;"Declive;Retorno Regulamentado";Sim  ;"1059161   ";Caminhonete;FIAT/STRADA ADVENTURE CD;"2010      ";Condutor;Ileso;"42   ";Masculino;"1 ";"0    ";"0    ";"0    ";-15.6121750;-47.7009280;SPRF-DF;DEL02-DF;UOP01-DEL02-DF 
593544;"1322484   ";2024-04-12;sexta-feira;18:30:00;DF;"20   ";"19   ";BRASILIA;Não;Ausência de reação do condutor;2;Tombamento;Com Vítimas Feridas;Plena Noite;Crescente;Nublado;Dupla;"Declive;Retorno Regulamentado";Sim  ;"1059161   ";Caminhonete;FIAT/STRADA ADVENTURE CD;"2010      ";Passageiro;Ileso;"38   ";Feminino;"1 ";"0    ";"0    ";"0    ";-15.6121750;-47.7009280;SPRF-DF;DEL02-DF;UOP01-DEL02-DF 
593544;"1322488   ";2024-04-12;sexta-feira;18:30:00;DF;"20   ";"19   ";BRASILIA;Não;Ausência de reação do condutor;2;Tombamento;Com Vítimas Feridas;Plena Noite;Crescente;Nublado;Dupla;"Declive;Retorno Regulamentado";Sim  ;"1059163   ";Motocicleta;YAMAHA/FAZER YS250;"2010      ";Condutor;Lesões Graves;"42   ";Masculino;"0 ";"0    ";"1    ";"0    ";-15.6121750;-47.7009280;SPRF-DF;DEL02-DF;UOP01-DEL02-DF 
593544;"1322483   ";2024-04-12;sexta-feira;18:30:00;DF;"20   ";"19   ";BRASILIA;Não;Reação tardia ou ineficiente do condutor;2;Tombamento;Com Vítimas Feridas;Plena Noite;Crescente;Nublado;Dupla;"Declive;Retorno Regulamentado";Sim  ;"1059161   ";Caminhonete;FIAT/STRADA ADVENTURE CD;"2010      ";Condutor;Ileso;"42   ";Masculino;"1 ";"0    ";"0    ";"0    ";-15.6121750;-47.7009280;SPRF-DF;DEL02-DF;UOP01-DEL02-DF 
593544;"1322484   ";2024-04-12;sexta-feira;18:30:00;DF;"20   ";"19   ";BRASILIA;Não;Reação tardia ou ineficiente do condutor;2;Tombamento;Com Vítimas Feridas;Plena Noite;Crescente;Nublado;Dupla;"Declive;Retorno Regulamentado";Sim  ;"1059161   ";Caminhonete;FIAT/STRADA ADVENTURE CD;"2010      ";Passageiro;Ileso;"38   ";Feminino;"1 ";"0    ";"0    ";"0    ";-15.6121750;-47.7009280;SPRF-DF;DEL02-DF;UOP01-DEL02-DF 
593544;"1322488   ";2024-04-12;sexta-feira;18:30:00;DF;"20   ";"19   ";BRASILIA;Não;Reação tardia ou ineficiente do condutor;2;Tombamento;Com Vítimas Feridas;Plena Noite;Crescente;Nublado;Dupla;"Declive;Retorno Regulamentado";Sim  ;"1059163   ";Motocicleta;YAMAHA/FAZER YS250;"2010      ";Condutor;Lesões Graves;"42   ";Masculino;"0 ";"0    ";"1    ";"0    ";-15.6121750;-47.7009280;SPRF-DF;DEL02-DF;UOP01-DEL02-DF 
593544;"1322483   ";2024-04-12;sexta-feira;18:30:00;DF;"20   ";"19   ";BRASILIA;Sim;Acessar a via sem observar a presença dos outros veículos;2;Tombamento;Com Vítimas Feridas;Plena Noite;Crescente;Nublado;Dupla;"Declive;Retorno Regulamentado";Sim  ;"1059161   ";Caminhonete;FIAT/STRADA ADVENTURE CD;"2010      ";Condutor;Ileso;"42   ";Masculino;"1 ";"0    ";"0    ";"0    ";-15.6121750;-47.7009280;SPRF-DF;DEL02-DF;UOP01-DEL02-DF 
593544;"1322484   ";2024-04-12;sexta-feira;18:30:00;DF;"20   ";"19   ";BRASILIA;Sim;Acessar a via sem observar a presença dos outros veículos;2;Tombamento;Com Vítimas Feridas;Plena Noite;Crescente;Nublado;Dupla;"Declive;Retorno Regulamentado";Sim  ;"1059161   ";Caminhonete;FIAT/STRADA ADVENTURE CD;"2010      ";Passageiro;Ileso;"38   ";Feminino;"1 ";"0    ";"0    ";"0    ";-15.6121750;-47.7009280;SPRF-DF;DEL02-DF;UOP01-DEL02-DF 
593544;"1322488   ";2024-04-12;sexta-feira;18:30:00;DF;"20   ";"19   ";BRASILIA;Sim;Acessar a via sem observar a presença dos outros veículos;2;Tombamento;Com Vítimas Feridas;Plena Noite;Crescente;Nublado;Dupla;"Declive;Retorno Regulamentado";Sim  ;"1059163   ";Motocicleta;YAMAHA/FAZER YS250;"2010      ";Condutor;Lesões Graves;"42   ";Masculino;"0 ";"0    ";"1    ";"0    ";-15.6121750;-47.7009280;SPRF-DF;DEL02-DF;UOP01-DEL02-DF 
593544;"1322483   ";2024-04-12;sexta-feira;18:30:00;DF;"20   ";"19   ";BRASILIA;Não;Manobra de mudança de faixa;1;Colisão traseira;Com Vítimas Feridas;Plena Noite;Crescente;Nublado;Dupla;"Declive;Retorno Regulamentado";Sim  ;"1059161   ";Caminhonete;FIAT/STRADA ADVENTURE CD;"2010      ";Condutor;Ileso;"42   ";Masculino;"1 ";"0    ";"0    ";"0    ";-15.6121750;-47.7009280;SPRF-DF;DEL02-DF;UOP01-DEL02-DF 
593544;"1322484   ";2024-04-12;sexta-feira;18:30:00;DF;"20   ";"19   ";BRASILIA;Não;Manobra de mudança de faixa;1;Colisão traseira;Com Vítimas Feridas;Plena Noite;Crescente;Nublado;Dupla;"Declive;Retorno Regulamentado";Sim  ;"1059161   ";Caminhonete;FIAT/STRADA ADVENTURE CD;"2010      ";Passageiro;Ileso;"38   ";Feminino;"1 ";"0    ";"0    ";"0    ";-15.6121750;-47.7009280;SPRF-DF;DEL02-DF;UOP01-DEL02-DF 
593544;"1322488   ";2024-04-12;sexta-feira;18:30:00;DF;"20   ";"19   ";BRASILIA;Não;Manobra de mudança de faixa;1;Colisão traseira;Com Vítimas Feridas;Plena Noite;Crescente;Nublado;Dupla;"Declive;Retorno Regulamentado";Sim  ;"1059163   ";Motocicleta;YAMAHA/FAZER YS250;"2010      ";Condutor;Lesões Graves;"42   ";Masculino;"0 ";"0    ";"1    ";"0    ";-15.6121750;-47.7009280;SPRF-DF;DEL02-DF;UOP01-DEL02-DF 
593544;"1322483   ";2024-04-12;sexta-feira;18:30:00;DF;"20   ";"19   ";BRASILIA;Não;Ausência de reação do condutor;1;Colisão traseira;Com Vítimas Feridas;Plena Noite;Crescente;Nublado;Dupla;"Declive;Retorno Regulamentado";Sim  ;"1059161   ";Caminhonete;FIAT/STRADA ADVENTURE CD;"2010      ";Condutor;Ileso;"42   ";Masculino;"1 ";"0    ";"0    ";"0    ";-15.6121750;-47.7009280;SPRF-DF;DEL02-DF;UOP01-DEL02-DF 
593544;"1322484   ";2024-04-12;sexta-feira;18:30:00;DF;"20   ";"19   ";BRASILIA;Não;Ausência de reação do condutor;1;Colisão traseira;Com Vítimas Feridas;Plena Noite;Crescente;Nublado;Dupla;"Declive;Retorno Regulamentado";Sim  ;"1059161   ";Caminhonete;FIAT/STRADA ADVENTURE CD;"2010      ";Passageiro;Ileso;"38   ";Feminino;"1 ";"0    ";"0    ";"0    ";-15.6121750;-47.7009280;SPRF-DF;DEL02-DF;UOP01-DEL02-DF 
593544;"1322488   ";2024-04-12;sexta-feira;18:30:00;DF;"20   ";"19   ";BRASILIA;Não;Ausência de reação do condutor;1;Colisão traseira;Com Vítimas Feridas;Plena Noite;Crescente;Nublado;Dupla;"Declive;Retorno Regulamentado";Sim  ;"1059163   ";Motocicleta;YAMAHA/FAZER YS250;"2010      ";Condutor;Lesões Graves;"42   ";Masculino;"0 ";"0    ";"1    ";"0    ";-15.6121750;-47.7009280;SPRF-DF;DEL02-DF;UOP01-DEL02-DF 
593544;"1322483   ";2024-04-12;sexta-feira;18:30:00;DF;"20   ";"19   ";BRASILIA;Não;Reação tardia ou ineficiente do condutor;1;Colisão traseira;Com Vítimas Feridas;Plena Noite;Crescente;Nublado;Dupla;"Declive;Retorno Regulamentado";Sim  ;"1059161   ";Caminhonete;FIAT/STRADA ADVENTURE CD;"2010      ";Condutor;Ileso;"42   ";Masculino;"1 ";"0    ";"0    ";"0    ";-15.6121750;-47.7009280;SPRF-DF;DEL02-DF;UOP01-DEL02-DF 
593544;"1322484   ";2024-04-12;sexta-feira;18:30:00;DF;"20   ";"19   ";BRASILIA;Não;Reação tardia ou ineficiente do condutor;1;Colisão traseira;Com Vítimas Feridas;Plena Noite;Crescente;Nublado;Dupla;"Declive;Retorno Regulamentado";Sim  ;"1059161   ";Caminhonete;FIAT/STRADA ADVENTURE CD;"2010      ";Passageiro;Ileso;"38   ";Feminino;"1 ";"0    ";"0    ";"0    ";-15.6121750;-47.7009280;SPRF-DF;DEL02-DF;UOP01-DEL02-DF 
593544;"1322488   ";2024-04-12;sexta-feira;18:30:00;DF;"20   ";"19   ";BRASILIA;Não;Reação tardia ou ineficiente do condutor;1;Colisão traseira;Com Vítimas Feridas;Plena Noite;Crescente;Nublado;Dupla;"Declive;Retorno Regulamentado";Sim  ;"1059163   ";Motocicleta;YAMAHA/FAZER YS250;"2010      ";Condutor;Lesões Graves;"42   ";Masculino;"0 ";"0    ";"1    ";"0    ";-15.6121750;-47.7009280;SPRF-DF;DEL02-DF;UOP01-DEL02-DF 
593544;"1322483   ";2024-04-12;sexta-feira;18:30:00;DF;"20   ";"19   ";BRASILIA;Sim;Acessar a via sem observar a presença dos outros veículos;1;Colisão traseira;Com Vítimas Feridas;Plena Noite;Crescente;Nublado;Dupla;"Declive;Retorno Regulamentado";Sim  ;"1059161   ";Caminhonete;FIAT/STRADA ADVENTURE CD;"2010      ";Condutor;Ileso;"42   ";Masculino;"1 ";"0    ";"0    ";"0    ";-15.6121750;-47.7009280;SPRF-DF;DEL02-DF;UOP01-DEL02-DF 
593544;"1322484   ";2024-04-12;sexta-feira;18:30:00;DF;"20   ";"19   ";BRASILIA;Sim;Acessar a via sem observar a presença dos outros veículos;1;Colisão traseira;Com Vítimas Feridas;Plena Noite;Crescente;Nublado;Dupla;"Declive;Retorno Regulamentado";Sim  ;"1059161   ";Caminhonete;FIAT/STRADA ADVENTURE CD;"2010      ";Passageiro;Ileso;"38   ";Feminino;"1 ";"0    ";"0    ";"0    ";-15.6121750;-47.7009280;SPRF-DF;DEL02-DF;UOP01-DEL02-DF 
593544;"1322488   ";2024-04-12;sexta-feira;18:30:00;DF;"20   ";"19   ";BRASILIA;Sim;Acessar a via sem observar a presença dos outros veículos;1;Colisão traseira;Com Vítimas Feridas;Plena Noite;Crescente;Nublado;Dupla;"Declive;Retorno Regulamentado";Sim  ;"1059163   ";Motocicleta;YAMAHA/FAZER YS250;"2010      ";Condutor;Lesões Graves;"42   ";Masculino;"0 ";"0    ";"1    ";"0    ";-15.6121750;-47.7009280;SPRF-DF;DEL02-DF;UOP01-DEL02-DF 