id;pesid;data_inversa;dia_semana;horario;uf;br;km;municipio;causa_principal;causa_acidente;ordem_tipo_acidente;tipo_acidente;classificacao_acidente;fase_dia;sentido_via;condicao_metereologica;tipo_pista;tracado_via;uso_solo;id_veiculo;tipo_veiculo;marca;ano_fabricacao_veiculo;tipo_envolvido;estado_fisico;idade;sexo;ilesos;feridos_leves;feridos_graves;mortos;latitude;longitude;regional;delegacia;uop
593553;"1322635   ";2024-04-12;sexta-feira;18:30:00;DF;"60   ";"1,3  ";BRASILIA;Não;Chuva;4;Colisão traseira;Com Vítimas Feridas;Anoitecer;Crescente;Chuva;Dupla;Reta;Sim  ;"1059275   ";Automóvel;CHEV/PRISMA 10MT JOYE;"2019      ";Condutor;Ileso;"35   ";Feminino;"1 ";"0    ";"0    ";"0    ";-15.8850749;-48.0703139;SPRF-DF;DEL03-DF;UOP01-DEL03-DF 
593553;"1324283   ";2024-04-12;sexta-feira;18:30:00;DF;"60   ";"1,3  ";BRASILIA;Não;Chuva;4;Colisão traseira;Com Vítimas Feridas;Anoitecer;Crescente;Chuva;Dupla;Reta;Sim  ;"1060615   ";Motocicleta;Não Informado/Não Informado;"0         ";Condutor;Não Informado;"0    ";Não Informado;"0 ";"0    ";"0    ";"0    ";-15.8850749;-48.0703139;SPRF-DF;DEL03-DF;UOP01-DEL03-DF 
593553;"1322635   ";2024-04-12;sexta-feira;18:30:00;DF;"60   ";"1,3  ";BRASILIA;Não;Trafegar com motocicleta (ou similar) entre as faixas;4;Colisão traseira;Com Vítimas Feridas;Anoitecer;Crescente;Chuva;Dupla;Reta;Sim  ;"1059275   ";Automóvel;CHEV/PRISMA 10MT JOYE;"2019      ";Condutor;Ileso;"35   ";Feminino;"1 ";"0    ";"0    ";"0    ";-15.8850749;-48.0703139;SPRF-DF;DEL03-DF;UOP01-DEL03-DF 
593553;"1322633   ";2024-04-12;sexta-feira;18:30:00;DF;"60   ";"1,3  ";BRASILIA;Não;Trafegar com motocicleta (ou similar) entre as faixas;4;Colisão traseira;Com Vítimas Feridas;Anoitecer;Crescente;Chuva;Dupla;Reta;Sim  ;"1059277   ";Motocicleta;HONDA/CG 160 FAN;"2022      ";Condutor;Lesões Leves;"28   ";Masculino;"0 ";"1    ";"0    ";"0    ";-15.8850749;-48.0703139;SPRF-DF;DEL03-DF;UOP01-DEL03-DF 
593553;"1324283   ";2024-04-12;sexta-feira;18:30:00;DF;"60   ";"1,3  ";BRASILIA;Não;Trafegar com motocicleta (ou similar) entre as faixas;4;Colisão traseira;Com Vítimas Feridas;Anoitecer;Crescente;Chuva;Dupla;Reta;Sim  ;"1060615   ";Motocicleta;Não Informado/Não Informado;"0         ";Condutor;Não Informado;"0    ";Não Informado;"0 ";"0    ";"0    ";"0    ";-15.8850749;-48.0703139;SPRF-DF;DEL03-DF;UOP01-DEL03-DF 
593553;"1322635   ";2024-04-12;sexta-feira;18:30:00;DF;"60   ";"1,3  ";BRASILIA;Não;Avarias e/ou desgaste excessivo no pneu;4;Colisão traseira;Com Vítimas Feridas;Anoitecer;Crescente;Chuva;Dupla;Reta;Sim  ;"1059275   ";Automóvel;CHEV/PRISMA 10MT JOYE;"2019      ";Condutor;Ileso;"35   ";Feminino;"1 ";"0    ";"0    ";"0    ";-15.8850749;-48.0703139;SPRF-DF;DEL03-DF;UOP01-DEL03-DF 
593553;"1322633   ";2024-04-12;sexta-feira;18:30:00;DF;"60   ";"1,3  ";BRASILIA;Não;Avarias e/ou desgaste excessivo no pneu;4;Colisão traseira;Com Vítimas Feridas;Anoitecer;Crescente;Chuva;Dupla;Reta;Sim  ;"1059277   ";Motocicleta;HONDA/CG 160 FAN;"2022      ";Condutor;Lesões Leves;"28   ";Masculino;"0 ";"1    ";"0    ";"0    ";-15.8850749;-48.0703139;SPRF-DF;DEL03-DF;UOP01-DEL03-DF 
593553;"1324283   ";2024-04-12;sexta-feira;18:30:00;DF;"60   ";"1,3  ";BRASILIA;Não;Avarias e/ou desgaste excessivo no pneu;4;Colisão traseira;Com Vítimas Feridas;Anoitecer;Crescente;Chuva;Dupla;Reta;Sim  ;"1060615   ";Motocicleta;Não Informado/Não Informado;"0         ";Condutor;Não Informado;"0    ";Não Informado;"0 ";"0    ";"0    ";"0    ";-15.8850749;-48.0703139;SPRF-DF;DEL03-DF;UOP01-DEL03-DF 
593553;"1322635   ";2024-04-12;sexta-feira;18:30:00;DF;"60   ";"1,3  ";BRASILIA;Sim;Manobra de mudança de faixa;4;Colisão traseira;Com Vítimas Feridas;Anoitecer;Crescente;Chuva;Dupla;Reta;Sim  ;"1059275   ";Automóvel;CHEV/PRISMA 10MT JOYE;"2019      ";Condutor;Ileso;"35   ";Feminino;"1 ";"0    ";"0    ";"0    ";-15.8850749;-48.0703139;SPRF-DF;DEL03-DF;UOP01-DEL03-DF 
593553;"1322633   ";2024-04-12;sexta-feira;18:30:00;DF;"60   ";"1,3  ";BRASILIA;Sim;Manobra de mudança de faixa;4;Colisão traseira;Com Vítimas Feridas;Anoitecer;Crescente;Chuva;Dupla;Reta;Sim  ;"1059277   ";Motocicleta;HONDA/CG 160 FAN;"2022      ";Condutor;Lesões Leves;"28   ";Masculino;"0 ";"1    ";"0    ";"0    ";-15.8850749;-48.0703139;SPRF-DF;DEL03-DF;UOP01-DEL03-DF 
593553;"1324283   ";2024-04-12;sexta-feira;18:30:00;DF;"60   ";"1,3  ";BRASILIA;Sim;Manobra de mudança de faixa;4;Colisão traseira;Com Vítimas Feridas;Anoitecer;Crescente;Chuva;Dupla;Reta;Sim  ;"1060615   ";Motocicleta;Não Informado/Não Informado;"0         ";Condutor;Não Informado;"0    ";Não Informado;"0 ";"0    ";"0    ";"0    ";-15.8850749;-48.0703139;SPRF-DF;DEL03-DF;UOP01-DEL03-DF 
593553;"1322635   ";2024-04-12;sexta-feira;18:30:00;DF;"60   ";"1,3  ";BRASILIA;Não;Chuva;3;Tombamento;Com Vítimas Feridas;Anoitecer;Crescente;Chuva;Dupla;Reta;Sim  ;"1059275   ";Automóvel;CHEV/PRISMA 10MT JOYE;"2019      ";Condutor;Ileso;"35   ";Feminino;"1 ";"0    ";"0    ";"0    ";-15.8850749;-48.0703139;SPRF-DF;DEL03-DF;UOP01-DEL03-DF 
593553;"1322633   ";2024-04-12;sexta-feira;18:30:00;DF;"60   ";"1,3  ";BRASILIA;Não;Chuva;3;Tombamento;Com Vítimas Feridas;Anoitecer;Crescente;Chuva;Dupla;Reta;Sim  ;"1059277   ";Motocicleta;HONDA/CG 160 FAN;"2022      ";Condutor;Lesões Leves;"28   ";Masculino;"0 ";"1    ";"0    ";"0    ";-15.8850749;-48.0703139;SPRF-DF;DEL03-DF;UOP01-DEL03-DF 
593553;"1324283   ";2024-04-12;sexta-feira;18:30:00;DF;"60   ";"1,3  ";BRASILIA;Não;Chuva;3;Tombamento;Com Vítimas Feridas;Anoitecer;Crescente;Chuva;Dupla;Reta;Sim  ;"1060615   ";Motocicleta;Não Informado/Não Informado;"0         ";Condutor;Não Informado;"0    ";Não Informado;"0 ";"0    ";"0    ";"0    ";-15.8850749;-48.0703139;SPRF-DF;DEL03-DF;UOP01-DEL03-DF 
593553;"1322635   ";2024-04-12;sexta-feira;18:30:00;DF;"60   ";"1,3  ";BRASILIA;Não;Trafegar com motocicleta (ou similar) entre as faixas;3;Tombamento;Com Vítimas Feridas;Anoitecer;Crescente;Chuva;Dupla;Reta;Sim  ;"1059275   ";Automóvel;CHEV/PRISMA 10MT JOYE;"2019      ";Condutor;Ileso;"35   ";Feminino;"1 ";"0    ";"0    ";"0    ";-15.8850749;-48.0703139;SPRF-DF;DEL03-DF;UOP01-DEL03-DF 
593553;"1322633   ";2024-04-12;sexta-feira;18:30:00;DF;"60   ";"1,3  ";BRASILIA;Não;Trafegar com motocicleta (ou similar) entre as faixas;3;Tombamento;Com Vítimas Feridas;Anoitecer;Crescente;Chuva;Dupla;Reta;Sim  ;"1059277   ";Motocicleta;HONDA/CG 160 FAN;"2022      ";Condutor;Lesões Leves;"28   ";Masculino;"0 ";"1    ";"0    ";"0    ";-15.8850749;-48.0703139;SPRF-DF;DEL03-DF;UOP01-DEL03-DF 
593553;"1324283   ";2024-04-12;sexta-feira;18:30:00;DF;"60   ";"1,3  ";BRASILIA;Não;Trafegar com motocicleta (ou similar) entre as faixas;3;Tombamento;Com Vítimas Feridas;Anoitecer;Crescente;Chuva;Dupla;Reta;Sim  ;"1060615   ";Motocicleta;Não Informado/Não Informado;"0         ";Condutor;Não Informado;"0    ";Não Informado;"0 ";"0    ";"0    ";"0    ";-15.8850749;-48.0703139;SPRF-DF;DEL03-DF;UOP01-DEL03-DF 
593553;"1322635   ";2024-04-12;sexta-feira;18:30:00;DF;"60   ";"1,3  ";BRASILIA;Não;Avarias e/ou desgaste excessivo no pneu;3;Tombamento;Com Vítimas Feridas;Anoitecer;Crescente;Chuva;Dupla;Reta;Sim  ;"1059275   ";Automóvel;CHEV/PRISMA 10MT JOYE;"2019      ";Condutor;Ileso;"35   ";Feminino;"1 ";"0    ";"0    ";"0    ";-15.8850749;-48.0703139;SPRF-DF;DEL03-DF;UOP01-DEL03-DF 
593553;"1322633   ";2024-04-12;sexta-feira;18:30:00;DF;"60   ";"1,3  ";BRASILIA;Não;Avarias e/ou desgaste excessivo no pneu;3;Tombamento;Com Vítimas Feridas;Anoitecer;Crescente;Chuva;Dupla;Reta;Sim  ;"1059277   ";Motocicleta;HONDA/CG 160 FAN;"2022      ";Condutor;Lesões Leves;"28   ";Masculino;"0 ";"1    ";"0    ";"0    ";-15.8850749;-48.0703139;SPRF-DF;DEL03-DF;UOP01-DEL03-DF 
593553;"1324283   ";2024-04-12;sexta-feira;18:30:00;DF;"60   ";"1,3  ";BRASILIA;Não;Avarias e/ou desgaste excessivo no pneu;3;Tombamento;Com Vítimas Feridas;Anoitecer;Crescente;Chuva;Dupla;Reta;Sim  ;"1060615   ";Motocicleta;Não Informado/Não Informado;"0         ";Condutor;Não Informado;"0    ";Não Informado;"0 ";"0    ";"0    ";"0    ";-15.8850749;-48.0703139;SPRF-DF;DEL03-DF;UOP01-DEL03-DF 
593553;"1322635   ";2024-04-12;sexta-feira;18:30:00;DF;"60   ";"1,3  ";BRASILIA;Sim;Manobra de mudança de faixa;3;Tombamento;Com Vítimas Feridas;Anoitecer;Crescente;Chuva;Dupla;Reta;Sim  ;"1059275   ";Automóvel;CHEV/PRISMA 10MT JOYE;"2019      ";Condutor;Ileso;"35   ";Feminino;"1 ";"0    ";"0    ";"0    ";-15.8850749;-48.0703139;SPRF-DF;DEL03-DF;UOP01-DEL03-DF 
593553;"1322633   ";2024-04-12;sexta-feira;18:30:00;DF;"60   ";"1,3  ";BRASILIA;Sim;Manobra de mudança de faixa;3;Tombamento;Com Vítimas Feridas;Anoitecer;Crescente;Chuva;Dupla;Reta;Sim  ;"1059277   ";Motocicleta;HONDA/CG 160 FAN;"2022      ";Condutor;Lesões Leves;"28   ";Masculino;"0 ";"1    ";"0    ";"0    ";-15.8850749;-48.0703139;SPRF-DF;DEL03-DF;UOP01-DEL03-DF 
593553;"1324283   ";2024-04-12;sexta-feira;18:30:00;DF;"60   ";"1,3  ";BRASILIA;Sim;Manobra de mudança de faixa;3;Tombamento;Com Vítimas Feridas;Anoitecer;Crescente;Chuva;Dupla;Reta;Sim  ;"1060615   ";Motocicleta;Não Informado/Não Informado;"0         ";Condutor;Não Informado;"0    ";Não Informado;"0 ";"0    ";"0    ";"0    ";-15.8850749;-48.0703139;SPRF-DF;DEL03-DF;UOP01-DEL03-DF 
593553;"1322635   ";2024-04-12;sexta-feira;18:30:00;DF;"60   ";"1,3  ";BRASILIA;Não;Chuva;2;Queda de ocupante de veículo;Com Vítimas Feridas;Anoitecer;Crescente;Chuva;Dupla;Reta;Sim  ;"1059275   ";Automóvel;CHEV/PRISMA 10MT JOYE;"2019      ";Condutor;Ileso;"35   ";Feminino;"1 ";"0    ";"0    ";"0    ";-15.8850749;-48.0703139;SPRF-DF;DEL03-DF;UOP01-DEL03-DF 
593553;"1322633   ";2024-04-12;sexta-feira;18:30:00;DF;"60   ";"1,3  ";BRASILIA;Não;Chuva;2;Queda de ocupante de veículo;Com Vítimas Feridas;Anoitecer;Crescente;Chuva;Dupla;Reta;Sim  ;"1059277   ";Motocicleta;HONDA/CG 160 FAN;"2022      ";Condutor;Lesões Leves;"28   ";Masculino;"0 ";"1    ";"0    ";"0    ";-15.8850749;-48.0703139;SPRF-DF;DEL03-DF;UOP01-DEL03-DF 
593553;"1324283   ";2024-04-12;sexta-feira;18:30:00;DF;"60   ";"1,3  ";BRASILIA;Não;Chuva;2;Queda de ocupante de veículo;Com Vítimas Feridas;Anoitecer;Crescente;Chuva;Dupla;Reta;Sim  ;"1060615   ";Motocicleta;Não Informado/Não Informado;"0         ";Condutor;Não Informado;"0    ";Não Informado;"0 ";"0    ";"0    ";"0    ";-15.8850749;-48.0703139;SPRF-DF;DEL03-DF;UOP01-DEL03-DF 
593553;"1322635   ";2024-04-12;sexta-feira;18:30:00;DF;"60   ";"1,3  ";BRASILIA;Não;Trafegar com motocicleta (ou similar) entre as faixas;2;Queda de ocupante de veículo;Com Vítimas Feridas;Anoitecer;Crescente;Chuva;Dupla;Reta;Sim  ;"1059275   ";Automóvel;CHEV/PRISMA 10MT JOYE;"2019      ";Condutor;Ileso;"35   ";Feminino;"1 ";"0    ";"0    ";"0    ";-15.8850749;-48.0703139;SPRF-DF;DEL03-DF;UOP01-DEL03-DF 
593553;"1322633   ";2024-04-12;sexta-feira;18:30:00;DF;"60   ";"1,3  ";BRASILIA;Não;Trafegar com motocicleta (ou similar) entre as faixas;2;Queda de ocupante de veículo;Com Vítimas Feridas;Anoitecer;Crescente;Chuva;Dupla;Reta;Sim  ;"1059277   ";Motocicleta;HONDA/CG 160 FAN;"2022      ";Condutor;Lesões Leves;"28   ";Masculino;"0 ";"1    ";"0    ";"0    ";-15.8850749;-48.0703139;SPRF-DF;DEL03-DF;UOP01-DEL03-DF 
593553;"1324283   ";2024-04-12;sexta-feira;18:30:00;DF;"60   ";"1,3  ";BRASILIA;Não;Trafegar com motocicleta (ou similar) entre as faixas;2;Queda de ocupante de veículo;Com Vítimas Feridas;Anoitecer;Crescente;Chuva;Dupla;Reta;Sim  ;"1060615   ";Motocicleta;Não Informado/Não Informado;"0         ";Condutor;Não Informado;"0    ";Não Informado;"0 ";"0    ";"0    ";"0    ";-15.8850749;-48.0703139;SPRF-DF;DEL03-DF;UOP01-DEL03-DF 
593553;"1322635   ";2024-04-12;sexta-feira;18:30:00;DF;"60   ";"1,3  ";BRASILIA;Não;Avarias e/ou desgaste excessivo no pneu;2;Queda de ocupante de veículo;Com Vítimas Feridas;Anoitecer;Crescente;Chuva;Dupla;Reta;Sim  ;"1059275   ";Automóvel;CHEV/PRISMA 10MT JOYE;"2019      ";Condutor;Ileso;"35   ";Feminino;"1 ";"0    ";"0    ";"0    ";-15.8850749;-48.0703139;SPRF-DF;DEL03-DF;UOP01-DEL03-DF 
593553;"1322633   ";2024-04-12;sexta-feira;18:30:00;DF;"60   ";"1,3  ";BRASILIA;Não;Avarias e/ou desgaste excessivo no pneu;2;Queda de ocupante de veículo;Com Vítimas Feridas;Anoitecer;Crescente;Chuva;Dupla;Reta;Sim  ;"1059277   ";Motocicleta;HONDA/CG 160 FAN;"2022      ";Condutor;Lesões Leves;"28   ";Masculino;"0 ";"1    ";"0    ";"0    ";-15.8850749;-48.0703139;SPRF-DF;DEL03-DF;UOP01-DEL03-DF 
593553;"1324283   ";2024-04-12;sexta-feira;18:30:00;DF;"60   ";"1,3  ";BRASILIA;Não;Avarias e/ou desgaste excessivo no pneu;2;Queda de ocupante de veículo;Com Vítimas Feridas;Anoitecer;Crescente;Chuva;Dupla;Reta;Sim  ;"1060615   ";Motocicleta;Não Informado/Não Informado;"0         ";Condutor;Não Informado;"0    ";Não Informado;"0 ";"0    ";"0    ";"0    ";-15.8850749;-48.0703139;SPRF-DF;DEL03-DF;UOP01-DEL03-DF 
593553;"1322635   ";2024-04-12;sexta-feira;18:30:00;DF;"60   ";"1,3  ";BRASILIA;Sim;Manobra de mudança de faixa;2;Queda de ocupante de veículo;Com Vítimas Feridas;Anoitecer;Crescente;Chuva;Dupla;Reta;Sim  ;"1059275   ";Automóvel;CHEV/PRISMA 10MT JOYE;"2019      ";Condutor;Ileso;"35   ";Feminino;"1 ";"0    ";"0    ";"0    ";-15.8850749;-48.0703139;SPRF-DF;DEL03-DF;UOP01-DEL03-DF 
593553;"1322633   ";2024-04-12;sexta-feira;18:30:00;DF;"60   ";"1,3  ";BRASILIA;Sim;Manobra de mudança de faixa;2;Queda de ocupante de veículo;Com Vítimas Feridas;Anoitecer;Crescente;Chuva;Dupla;Reta;Sim  ;"1059277   ";Motocicleta;HONDA/CG 160 FAN;"2022      ";Condutor;Lesões Leves;"28   ";Masculino;"0 ";"1    ";"0    ";"0    ";-15.8850749;-48.0703139;SPRF-DF;DEL03-DF;UOP01-DEL03-DF 
593553;"1324283   ";2024-04-12;sexta-feira;18:30:00;DF;"60   ";"1,3  ";BRASILIA;Sim;Manobra de mudança de faixa;2;Queda de ocupante de veículo;Com Vítimas Feridas;Anoitecer;Crescente;Chuva;Dupla;Reta;Sim  ;"1060615   ";Motocicleta;Não Informado/Não Informado;"0         ";Condutor;Não Informado;"0    ";Não Informado;"0 ";"0    ";"0    ";"0    ";-15.8850749;-48.0703139;SPRF-DF;DEL03-DF;UOP01-DEL03-DF 
593553;"1322635   ";2024-04-12;sexta-feira;18:30:00;DF;"60   ";"1,3  ";BRASILIA;Não;Chuva;1;Colisão lateral mesmo sentido;Com Vítimas Feridas;Anoitecer;Crescente;Chuva;Dupla;Reta;Sim  ;"1059275   ";Automóvel;CHEV/PRISMA 10MT JOYE;"2019      ";Condutor;Ileso;"35   ";Feminino;"1 ";"0    ";"0    ";"0    ";-15.8850749;-48.0703139;SPRF-DF;DEL03-DF;UOP01-DEL03-DF 
593553;"1322633   ";2024-04-12;sexta-feira;18:30:00;DF;"60   ";"1,3  ";BRASILIA;Não;Chuva;1;Colisão lateral mesmo sentido;Com Vítimas Feridas;Anoitecer;Crescente;Chuva;Dupla;Reta;Sim  ;"1059277   ";Motocicleta;HONDA/CG 160 FAN;"2022      ";Condutor;Lesões Leves;"28   ";Masculino;"0 ";"1    ";"0    ";"0    ";-15.8850749;-48.0703139;SPRF-DF;DEL03-DF;UOP01-DEL03-DF 
593553;"1324283   ";2024-04-12;sexta-feira;18:30:00;DF;"60   ";"1,3  ";BRASILIA;Não;Chuva;1;Colisão lateral mesmo sentido;Com Vítimas Feridas;Anoitecer;Crescente;Chuva;Dupla;Reta;Sim  ;"1060615   ";Motocicleta;Não Informado/Não Informado;"0         ";Condutor;Não Informado;"0    ";Não Informado;"0 ";"0    ";"0    ";"0    ";-15.8850749;-48.0703139;SPRF-DF;DEL03-DF;UOP01-DEL03-DF 
593553;"1322635   ";2024-04-12;sexta-feira;18:30:00;DF;"60   ";"1,3  ";BRASILIA;Não;Trafegar com motocicleta (ou similar) entre as faixas;1;Colisão lateral mesmo sentido;Com Vítimas Feridas;Anoitecer;Crescente;Chuva;Dupla;Reta;Sim  ;"1059275   ";Automóvel;CHEV/PRISMA 10MT JOYE;"2019      ";Condutor;Ileso;"35   ";Feminino;"1 ";"0    ";"0    ";"0    ";-15.8850749;-48.0703139;SPRF-DF;DEL03-DF;UOP01-DEL03-DF 
593553;"1322633   ";2024-04-12;sexta-feira;18:30:00;DF;"60   ";"1,3  ";BRASILIA;Não;Trafegar com motocicleta (ou similar) entre as faixas;1;Colisão lateral mesmo sentido;Com Vítimas Feridas;Anoitecer;Crescente;Chuva;Dupla;Reta;Sim  ;"1059277   ";Motocicleta;HONDA/CG 160 FAN;"2022      ";Condutor;Lesões Leves;"28   ";Masculino;"0 ";"1    ";"0    ";"0    ";-15.8850749;-48.0703139;SPRF-DF;DEL03-DF;UOP01-DEL03-DF 
593553;"1324283   ";2024-04-12;sexta-feira;18:30:00;DF;"60   ";"1,3  ";BRASILIA;Não;Trafegar com motocicleta (ou similar) entre as faixas;1;Colisão lateral mesmo sentido;Com Vítimas Feridas;Anoitecer;Crescente;Chuva;Dupla;Reta;Sim  ;"1060615   ";Motocicleta;Não Informado/Não Informado;"0         ";Condutor;Não Informado;"0    ";Não Informado;"0 ";"0    ";"0    ";"0    ";-15.8850749;-48.0703139;SPRF-DF;DEL03-DF;UOP01-DEL03-DF 
593553;"1322635   ";2024-04-12;sexta-feira;18:30:00;DF;"60   ";"1,3  ";BRASILIA;Não;Avarias e/ou desgaste excessivo no pneu;1;Colisão lateral mesmo sentido;Com Vítimas Feridas;Anoitecer;Crescente;Chuva;Dupla;Reta;Sim  ;"1059275   ";Automóvel;CHEV/PRISMA 10MT JOYE;"2019      ";Condutor;Ileso;"35   ";Feminino;"1 ";"0    ";"0    ";"0    ";-15.8850749;-48.0703139;SPRF-DF;DEL03-DF;UOP01-DEL03-DF 
593553;"1322633   ";2024-04-12;sexta-feira;18:30:00;DF;"60   ";"1,3  ";BRASILIA;Não;Avarias e/ou desgaste excessivo no pneu;1;Colisão lateral mesmo sentido;Com Vítimas Feridas;Anoitecer;Crescente;Chuva;Dupla;Reta;Sim  ;"1059277   ";Motocicleta;HONDA/CG 160 FAN;"2022      ";Condutor;Lesões Leves;"28   ";Masculino;"0 ";"1    ";"0    ";"0    ";-15.8850749;-48.0703139;SPRF-DF;DEL03-DF;UOP01-DEL03-DF 
593553;"1324283   ";2024-04-12;sexta-feira;18:30:00;DF;"60   ";"1,3  ";BRASILIA;Não;Avarias e/ou desgaste excessivo no pneu;1;Colisão lateral mesmo sentido;Com Vítimas Feridas;Anoitecer;Crescente;Chuva;Dupla;Reta;Sim  ;"1060615   ";Motocicleta;Não Informado/Não Informado;"0         ";Condutor;Não Informado;"0    ";Não Informado;"0 ";"0    ";"0    ";"0    ";-15.8850749;-48.0703139;SPRF-DF;DEL03-DF;UOP01-DEL03-DF 
593553;"1322635   ";2024-04-12;sexta-feira;18:30:00;DF;"60   ";"1,3  ";BRASILIA;Sim;Manobra de mudança de faixa;1;Colisão lateral mesmo sentido;Com Vítimas Feridas;Anoitecer;Crescente;Chuva;Dupla;Reta;Sim  ;"1059275   ";Automóvel;CHEV/PRISMA 10MT JOYE;"2019      ";Condutor;Ileso;"35   ";Feminino;"1 ";"0    ";"0    ";"0    ";-15.8850749;-48.0703139;SPRF-DF;DEL03-DF;UOP01-DEL03-DF 
593553;"1322633   ";2024-04-12;sexta-feira;18:30:00;DF;"60   ";"1,3  ";BRASILIA;Sim;Manobra de mudança de faixa;1;Colisão lateral mesmo sentido;Com Vítimas Feridas;Anoitecer;Crescente;Chuva;Dupla;Reta;Sim  ;"1059277   ";Motocicleta;HONDA/CG 160 FAN;"2022      ";Condutor;Lesões Leves;"28   ";Masculino;"0 ";"1    ";"0    ";"0    ";-15.8850749;-48.0703139;SPRF-DF;DEL03-DF;UOP01-DEL03-DF 
593553;"1324283   ";2024-04-12;sexta-feira;18:30:00;DF;"60   ";"1,3  ";BRASILIA;Sim;Manobra de mudança de faixa;1;Colisão lateral mesmo sentido;Com Vítimas Feridas;Anoitecer;Crescente;Chuva;Dupla;Reta;Sim  ;"1060615   ";Motocicleta;Não Informado/Não Informado;"0         ";Condutor;Não Informado;"0    ";Não Informado;"0 ";"0    ";"0    ";"0    ";-15.8850749;-48.0703139;SPRF-DF;DEL03-DF;UOP01-DEL03-DF 
593587;"0         ";2024-04-12;sexta-feira;20:50:00;DF;"70   ";"14   ";BRASILIA;Sim;Reação tardia ou ineficiente do condutor;1;Saída de leito carroçável;Sem Vítimas;Plena Noite;Crescente;Céu Claro;Dupla;Retorno Regulamentado;Sim  ;"1059193   ";Semireboque;SR/FACCHINI SRF CB;"2019      ";"0";"0";"0    ";"0";"0 ";"0    ";"0    ";"0    ";-15.7973120;-48.1760560;SPRF-DF;DEL03-DF;UOP02-DEL03-DF 
593587;"1322531   ";2024-04-12;sexta-feira;20:50:00;DF;"70   ";"14   ";BRASILIA;Sim;Reação tardia ou ineficiente do condutor;1;Saída de leito carroçável;Sem Vítimas;Plena Noite;Crescente;Céu Claro;Dupla;Retorno Regulamentado;Sim  ;"1059192   ";Caminhão-trator;M.BENZ/AXOR 2544 S;"2022      ";Condutor;Ileso;"52   ";Masculino;"1 ";"0    ";"0    ";"0    ";-15.7973120;-48.1760560;SPRF-DF;DEL03-DF;UOP02-DEL03-DF 
593626;"1322662   ";2024-04-13;sábado;03:20:00;GO;"60   ";"45   ";ALEXANIA;Sim;Demais falhas mecânicas ou elétricas;1;Incêndio;Sem Vítimas;Amanhecer;Decrescente;Céu Claro;Dupla;Reta;Não  ;"1059298   ";Ônibus;MBENZ/MPOLO PARADISO DD;"2020      ";Condutor;Ileso;"53   ";Masculino;"1 ";"0    ";"0    ";"0    ";-16.1324000;-48.5977000;SPRF-GO;DEL02-GO;UOP01-DEL02-GO 
593691;"1322725   ";2024-04-10;quarta-feira;04:30:00;GO;"50   ";"109,1";CRISTALINA;Sim;Demais falhas mecânicas ou elétricas;1;Incêndio;Sem Vítimas;Amanhecer;Crescente;Garoa/Chuvisco;Dupla;Reta;Não  ;"1059362   ";Automóvel;I/JAC J3 TURIN;"2011      ";Condutor;Ileso;"52   ";Masculino;"1 ";"0    ";"0    ";"0    ";-16.9309000;-47.7117000;SPRF-DF;DEL01-DF;UOP02-DEL01-DF 
593701;"1322759   ";2024-04-13;sábado;11:30:00;GO;"40   ";"1,5  ";VALPARAISO DE GOIAS;Sim;Trafegar com motocicleta (ou similar) entre as faixas;1;Colisão lateral mesmo sentido;Com Vítimas Feridas;Pleno dia;Crescente;Nublado;Dupla;Reta;Sim  ;"1059386   ";Motocicleta;HONDA/NXR150 BROS MIX KS;"2010      ";Condutor;Lesões Leves;"47   ";Masculino;"0 ";"1    ";"0    ";"0    ";-16.0582450;-47.9828250;SPRF-DF;DEL01-DF;UOP01-DEL01-DF 
593701;"1322760   ";2024-04-13;sábado;11:30:00;GO;"40   ";"1,5  ";VALPARAISO DE GOIAS;Sim;Trafegar com motocicleta (ou similar) entre as faixas;1;Colisão lateral mesmo sentido;Com Vítimas Feridas;Pleno dia;Crescente;Nublado;Dupla;Reta;Sim  ;"1059387   ";Automóvel;FIAT/SIENA ATTRACT 1.0;"2017      ";Condutor;Ileso;"30   ";Masculino;"1 ";"0    ";"0    ";"0    ";-16.0582450;-47.9828250;SPRF-DF;DEL01-DF;UOP01-DEL01-DF 
593707;"1322886   ";2024-04-13;sábado;12:01:00;DF;"70   ";"14,4 ";BRASILIA;Sim;Mal súbito do condutor;3;Queda de ocupante de veículo;Com Vítimas Feridas;Pleno dia;Decrescente;Céu Claro;Dupla;Curva;Sim  ;"1059492   ";Automóvel;FIAT/MOBI LIKE;"2020      ";Condutor;Ileso;"48   ";Masculino;"1 ";"0    ";"0    ";"0    ";-15.7973120;-48.1760560;SPRF-DF;DEL03-DF;UOP02-DEL03-DF 
593707;"1322885   ";2024-04-13;sábado;12:01:00;DF;"70   ";"14,4 ";BRASILIA;Sim;Mal súbito do condutor;3;Queda de ocupante de veículo;Com Vítimas Feridas;Pleno dia;Decrescente;Céu Claro;Dupla;Curva;Sim  ;"1059491   ";Motocicleta;HONDA/CG 125I FAN;"2016      ";Condutor;Lesões Leves;"19   ";Masculino;"0 ";"1    ";"0    ";"0    ";-15.7973120;-48.1760560;SPRF-DF;DEL03-DF;UOP02-DEL03-DF 
593707;"1322887   ";2024-04-13;sábado;12:01:00;DF;"70   ";"14,4 ";BRASILIA;Sim;Mal súbito do condutor;3;Queda de ocupante de veículo;Com Vítimas Feridas;Pleno dia;Decrescente;Céu Claro;Dupla;Curva;Sim  ;"0         ";"0";NA/NA;"0         ";Testemunha;Não Informado;"0    ";Não Informado;"0 ";"0    ";"0    ";"0    ";-15.7973120;-48.1760560;SPRF-DF;DEL03-DF;UOP02-DEL03-DF 