id;pesid;data_inversa;dia_semana;horario;uf;br;km;municipio;causa_principal;causa_acidente;ordem_tipo_acidente;tipo_acidente;classificacao_acidente;fase_dia;sentido_via;condicao_metereologica;tipo_pista;tracado_via;uso_solo;id_veiculo;tipo_veiculo;marca;ano_fabricacao_veiculo;tipo_envolvido;estado_fisico;idade;sexo;ilesos;feridos_leves;feridos_graves;mortos;latitude;longitude;regional;delegacia;uop
594462;"1325207   ";2024-04-17;quarta-feira;07:05:00;DF;"60   ";"9,9  ";BRASILIA;Sim;Condutor deixou de manter distância do veículo da frente;3;Queda de ocupante de veículo;Com Vítimas Feridas;Pleno dia;Decrescente;Céu Claro;Dupla;Declive;Sim  ;"1061452   ";Automóvel;FIAT/MOBI LIKE;"2023      ";Condutor;Ileso;"35   ";Masculino;"1 ";"0    ";"0    ";"0    ";-15.9062930;-48.1399650;SPRF-DF;DEL03-DF;UOP01-DEL03-DF 
594462;"1325201   ";2024-04-17;quarta-feira;07:05:00;DF;"60   ";"9,9  ";BRASILIA;Sim;Condutor deixou de manter distância do veículo da frente;2;Tombamento;Com Vítimas Feridas;Pleno dia;Decrescente;Céu Claro;Dupla;Declive;Sim  ;"1061447   ";Motocicleta;HONDA/CG 160 FAN;"2023      ";Condutor;Lesões Leves;"25   ";Masculino;"0 ";"1    ";"0    ";"0    ";-15.9062930;-48.1399650;SPRF-DF;DEL03-DF;UOP01-DEL03-DF 
594462;"1325203   ";2024-04-17;quarta-feira;07:05:00;DF;"60   ";"9,9  ";BRASILIA;Sim;Condutor deixou de manter distância do veículo da frente;2;Tombamento;Com Vítimas Feridas;Pleno dia;Decrescente;Céu Claro;Dupla;Declive;Sim  ;"1061449   ";Automóvel;FORD/KA SE AT 1.5 HA C;"2019      ";Condutor;Ileso;"52   ";Masculino;"1 ";"0    ";"0    ";"0    ";-15.9062930;-48.1399650;SPRF-DF;DEL03-DF;UOP01-DEL03-DF 
594462;"1325199   ";2024-04-17;quarta-feira;07:05:00;DF;"60   ";"9,9  ";BRASILIA;Sim;Condutor deixou de manter distância do veículo da frente;2;Tombamento;Com Vítimas Feridas;Pleno dia;Decrescente;Céu Claro;Dupla;Declive;Sim  ;"1061445   ";Motocicleta;HONDA/CG150 TITAN MIX EX;"2010      ";Condutor;Ileso;"0    ";Masculino;"1 ";"0    ";"0    ";"0    ";-15.9062930;-48.1399650;SPRF-DF;DEL03-DF;UOP01-DEL03-DF 
594462;"1325197   ";2024-04-17;quarta-feira;07:05:00;DF;"60   ";"9,9  ";BRASILIA;Sim;Condutor deixou de manter distância do veículo da frente;2;Tombamento;Com Vítimas Feridas;Pleno dia;Decrescente;Céu Claro;Dupla;Declive;Sim  ;"1061445   ";Motocicleta;HONDA/CG150 TITAN MIX EX;"2010      ";Passageiro;Lesões Leves;"41   ";Feminino;"0 ";"1    ";"0    ";"0    ";-15.9062930;-48.1399650;SPRF-DF;DEL03-DF;UOP01-DEL03-DF 
594462;"1325208   ";2024-04-17;quarta-feira;07:05:00;DF;"60   ";"9,9  ";BRASILIA;Sim;Condutor deixou de manter distância do veículo da frente;2;Tombamento;Com Vítimas Feridas;Pleno dia;Decrescente;Céu Claro;Dupla;Declive;Sim  ;"1061451   ";Motocicleta;HONDA/CG 150 FAN ESI;"2010      ";Passageiro;Ileso;"24   ";Masculino;"1 ";"0    ";"0    ";"0    ";-15.9062930;-48.1399650;SPRF-DF;DEL03-DF;UOP01-DEL03-DF 
594462;"1325205   ";2024-04-17;quarta-feira;07:05:00;DF;"60   ";"9,9  ";BRASILIA;Sim;Condutor deixou de manter distância do veículo da frente;2;Tombamento;Com Vítimas Feridas;Pleno dia;Decrescente;Céu Claro;Dupla;Declive;Sim  ;"1061451   ";Motocicleta;HONDA/CG 150 FAN ESI;"2010      ";Condutor;Lesões Leves;"22   ";Masculino;"0 ";"1    ";"0    ";"0    ";-15.9062930;-48.1399650;SPRF-DF;DEL03-DF;UOP01-DEL03-DF 
594462;"1325207   ";2024-04-17;quarta-feira;07:05:00;DF;"60   ";"9,9  ";BRASILIA;Sim;Condutor deixou de manter distância do veículo da frente;2;Tombamento;Com Vítimas Feridas;Pleno dia;Decrescente;Céu Claro;Dupla;Declive;Sim  ;"1061452   ";Automóvel;FIAT/MOBI LIKE;"2023      ";Condutor;Ileso;"35   ";Masculino;"1 ";"0    ";"0    ";"0    ";-15.9062930;-48.1399650;SPRF-DF;DEL03-DF;UOP01-DEL03-DF 
594462;"1325201   ";2024-04-17;quarta-feira;07:05:00;DF;"60   ";"9,9  ";BRASILIA;Sim;Condutor deixou de manter distância do veículo da frente;1;Queda de ocupante de veículo;Com Vítimas Feridas;Pleno dia;Decrescente;Céu Claro;Dupla;Declive;Sim  ;"1061447   ";Motocicleta;HONDA/CG 160 FAN;"2023      ";Condutor;Lesões Leves;"25   ";Masculino;"0 ";"1    ";"0    ";"0    ";-15.9062930;-48.1399650;SPRF-DF;DEL03-DF;UOP01-DEL03-DF 
594462;"1325203   ";2024-04-17;quarta-feira;07:05:00;DF;"60   ";"9,9  ";BRASILIA;Sim;Condutor deixou de manter distância do veículo da frente;1;Queda de ocupante de veículo;Com Vítimas Feridas;Pleno dia;Decrescente;Céu Claro;Dupla;Declive;Sim  ;"1061449   ";Automóvel;FORD/KA SE AT 1.5 HA C;"2019      ";Condutor;Ileso;"52   ";Masculino;"1 ";"0    ";"0    ";"0    ";-15.9062930;-48.1399650;SPRF-DF;DEL03-DF;UOP01-DEL03-DF 
594462;"1325199   ";2024-04-17;quarta-feira;07:05:00;DF;"60   ";"9,9  ";BRASILIA;Sim;Condutor deixou de manter distância do veículo da frente;1;Queda de ocupante de veículo;Com Vítimas Feridas;Pleno dia;Decrescente;Céu Claro;Dupla;Declive;Sim  ;"1061445   ";Motocicleta;HONDA/CG150 TITAN MIX EX;"2010      ";Condutor;Ileso;"0    ";Masculino;"1 ";"0    ";"0    ";"0    ";-15.9062930;-48.1399650;SPRF-DF;DEL03-DF;UOP01-DEL03-DF 
594462;"1325197   ";2024-04-17;quarta-feira;07:05:00;DF;"60   ";"9,9  ";BRASILIA;Sim;Condutor deixou de manter distância do veículo da frente;1;Queda de ocupante de veículo;Com Vítimas Feridas;Pleno dia;Decrescente;Céu Claro;Dupla;Declive;Sim  ;"1061445   ";Motocicleta;HONDA/CG150 TITAN MIX EX;"2010      ";Passageiro;Lesões Leves;"41   ";Feminino;"0 ";"1    ";"0    ";"0    ";-15.9062930;-48.1399650;SPRF-DF;DEL03-DF;UOP01-DEL03-DF 
594462;"1325208   ";2024-04-17;quarta-feira;07:05:00;DF;"60   ";"9,9  ";BRASILIA;Sim;Condutor deixou de manter distância do veículo da frente;1;Queda de ocupante de veículo;Com Vítimas Feridas;Pleno dia;Decrescente;Céu Claro;Dupla;Declive;Sim  ;"1061451   ";Motocicleta;HONDA/CG 150 FAN ESI;"2010      ";Passageiro;Ileso;"24   ";Masculino;"1 ";"0    ";"0    ";"0    ";-15.9062930;-48.1399650;SPRF-DF;DEL03-DF;UOP01-DEL03-DF 
594462;"1325205   ";2024-04-17;quarta-feira;07:05:00;DF;"60   ";"9,9  ";BRASILIA;Sim;Condutor deixou de manter distância do veículo da frente;1;Queda de ocupante de veículo;Com Vítimas Feridas;Pleno dia;Decrescente;Céu Claro;Dupla;Declive;Sim  ;"1061451   ";Motocicleta;HONDA/CG 150 FAN ESI;"2010      ";Condutor;Lesões Leves;"22   ";Masculino;"0 ";"1    ";"0    ";"0    ";-15.9062930;-48.1399650;SPRF-DF;DEL03-DF;UOP01-DEL03-DF 
594462;"1325207   ";2024-04-17;quarta-feira;07:05:00;DF;"60   ";"9,9  ";BRASILIA;Sim;Condutor deixou de manter distância do veículo da frente;1;Queda de ocupante de veículo;Com Vítimas Feridas;Pleno dia;Decrescente;Céu Claro;Dupla;Declive;Sim  ;"1061452   ";Automóvel;FIAT/MOBI LIKE;"2023      ";Condutor;Ileso;"35   ";Masculino;"1 ";"0    ";"0    ";"0    ";-15.9062930;-48.1399650;SPRF-DF;DEL03-DF;UOP01-DEL03-DF 
594477;"1324525   ";2024-03-11;segunda-feira;13:55:00;DF;"0    ";"0    ";BRASILIA;Sim;Acessar a via sem observar a presença dos outros veículos;2;Colisão com objeto;Sem Vítimas;Pleno dia;Não Informado;Nublado;Dupla;"Retorno Regulamentado;Aclive";Sim  ;"1060827   ";Automóvel;VW/UP TAKE MA;"2014      ";Condutor;Ileso;"68   ";Masculino;"1 ";"0    ";"0    ";"0    ";-15.7824444;-47.8721302;SPRF-DF;"0       ";"0              "
594477;"1324524   ";2024-03-11;segunda-feira;13:55:00;DF;"0    ";"0    ";BRASILIA;Sim;Acessar a via sem observar a presença dos outros veículos;2;Colisão com objeto;Sem Vítimas;Pleno dia;Não Informado;Nublado;Dupla;"Retorno Regulamentado;Aclive";Sim  ;"1060826   ";Automóvel;I/RENAULT FLUENCE DYN20M;"2013      ";Condutor;Ileso;"48   ";Feminino;"1 ";"0    ";"0    ";"0    ";-15.7824444;-47.8721302;SPRF-DF;"0       ";"0              "
594477;"1324525   ";2024-03-11;segunda-feira;13:55:00;DF;"0    ";"0    ";BRASILIA;Sim;Acessar a via sem observar a presença dos outros veículos;1;Colisão lateral mesmo sentido;Sem Vítimas;Pleno dia;Não Informado;Nublado;Dupla;"Retorno Regulamentado;Aclive";Sim  ;"1060827   ";Automóvel;VW/UP TAKE MA;"2014      ";Condutor;Ileso;"68   ";Masculino;"1 ";"0    ";"0    ";"0    ";-15.7824444;-47.8721302;SPRF-DF;"0       ";"0              "
594477;"1324524   ";2024-03-11;segunda-feira;13:55:00;DF;"0    ";"0    ";BRASILIA;Sim;Acessar a via sem observar a presença dos outros veículos;1;Colisão lateral mesmo sentido;Sem Vítimas;Pleno dia;Não Informado;Nublado;Dupla;"Retorno Regulamentado;Aclive";Sim  ;"1060826   ";Automóvel;I/RENAULT FLUENCE DYN20M;"2013      ";Condutor;Ileso;"48   ";Feminino;"1 ";"0    ";"0    ";"0    ";-15.7824444;-47.8721302;SPRF-DF;"0       ";"0              "
594551;"1324731   ";2024-04-17;quarta-feira;15:55:00;DF;"20   ";"3,6  ";BRASILIA;Não;Reação tardia ou ineficiente do condutor;2;Saída de leito carroçável;Com Vítimas Feridas;Pleno dia;Decrescente;Céu Claro;Dupla;"Curva;Aclive";Sim  ;"1060966   ";Caminhonete;VW/NOVA SAVEIRO RB MBVS;"2021      ";Condutor;Lesões Leves;"43   ";Masculino;"0 ";"1    ";"0    ";"0    ";-15.6772957;-47.8262758;SPRF-DF;DEL02-DF;UOP01-DEL02-DF 
596191;"1330543   ";2024-04-25;quinta-feira;06:20:00;DF;"60   ";"23,8 ";BRASILIA;Sim;Ausência de reação do condutor;2;Capotamento;Com Vítimas Feridas;Pleno dia;Crescente;Céu Claro;Dupla;Reta;Não  ;"1065771   ";Caminhonete;I/TOYOTA HILUX CDSRXA4FD;"2021      ";Condutor;Ileso;"28   ";Masculino;"1 ";"0    ";"0    ";"0    ";-15.9879030;-48.2231030;SPRF-DF;DEL03-DF;UOP01-DEL03-DF 
594551;"1324730   ";2024-04-17;quarta-feira;15:55:00;DF;"20   ";"3,6  ";BRASILIA;Não;Reação tardia ou ineficiente do condutor;2;Saída de leito carroçável;Com Vítimas Feridas;Pleno dia;Decrescente;Céu Claro;Dupla;"Curva;Aclive";Sim  ;"1060968   ";Automóvel;Não Informado/Não Informado;"0         ";Condutor;Não Informado;"0    ";Não Informado;"0 ";"0    ";"0    ";"0    ";-15.6772957;-47.8262758;SPRF-DF;DEL02-DF;UOP01-DEL02-DF 
594551;"1324731   ";2024-04-17;quarta-feira;15:55:00;DF;"20   ";"3,6  ";BRASILIA;Sim;Ausência de reação do condutor;2;Saída de leito carroçável;Com Vítimas Feridas;Pleno dia;Decrescente;Céu Claro;Dupla;"Curva;Aclive";Sim  ;"1060966   ";Caminhonete;VW/NOVA SAVEIRO RB MBVS;"2021      ";Condutor;Lesões Leves;"43   ";Masculino;"0 ";"1    ";"0    ";"0    ";-15.6772957;-47.8262758;SPRF-DF;DEL02-DF;UOP01-DEL02-DF 
594551;"1324730   ";2024-04-17;quarta-feira;15:55:00;DF;"20   ";"3,6  ";BRASILIA;Sim;Ausência de reação do condutor;2;Saída de leito carroçável;Com Vítimas Feridas;Pleno dia;Decrescente;Céu Claro;Dupla;"Curva;Aclive";Sim  ;"1060968   ";Automóvel;Não Informado/Não Informado;"0         ";Condutor;Não Informado;"0    ";Não Informado;"0 ";"0    ";"0    ";"0    ";-15.6772957;-47.8262758;SPRF-DF;DEL02-DF;UOP01-DEL02-DF 
594551;"1324731   ";2024-04-17;quarta-feira;15:55:00;DF;"20   ";"3,6  ";BRASILIA;Não;Reação tardia ou ineficiente do condutor;1;Colisão traseira;Com Vítimas Feridas;Pleno dia;Decrescente;Céu Claro;Dupla;"Curva;Aclive";Sim  ;"1060966   ";Caminhonete;VW/NOVA SAVEIRO RB MBVS;"2021      ";Condutor;Lesões Leves;"43   ";Masculino;"0 ";"1    ";"0    ";"0    ";-15.6772957;-47.8262758;SPRF-DF;DEL02-DF;UOP01-DEL02-DF 
594551;"1324730   ";2024-04-17;quarta-feira;15:55:00;DF;"20   ";"3,6  ";BRASILIA;Não;Reação tardia ou ineficiente do condutor;1;Colisão traseira;Com Vítimas Feridas;Pleno dia;Decrescente;Céu Claro;Dupla;"Curva;Aclive";Sim  ;"1060968   ";Automóvel;Não Informado/Não Informado;"0         ";Condutor;Não Informado;"0    ";Não Informado;"0 ";"0    ";"0    ";"0    ";-15.6772957;-47.8262758;SPRF-DF;DEL02-DF;UOP01-DEL02-DF 
594551;"1324731   ";2024-04-17;quarta-feira;15:55:00;DF;"20   ";"3,6  ";BRASILIA;Sim;Ausência de reação do condutor;1;Colisão traseira;Com Vítimas Feridas;Pleno dia;Decrescente;Céu Claro;Dupla;"Curva;Aclive";Sim  ;"1060966   ";Caminhonete;VW/NOVA SAVEIRO RB MBVS;"2021      ";Condutor;Lesões Leves;"43   ";Masculino;"0 ";"1    ";"0    ";"0    ";-15.6772957;-47.8262758;SPRF-DF;DEL02-DF;UOP01-DEL02-DF 
594551;"1324730   ";2024-04-17;quarta-feira;15:55:00;DF;"20   ";"3,6  ";BRASILIA;Sim;Ausência de reação do condutor;1;Colisão traseira;Com Vítimas Feridas;Pleno dia;Decrescente;Céu Claro;Dupla;"Curva;Aclive";Sim  ;"1060968   ";Automóvel;Não Informado/Não Informado;"0         ";Condutor;Não Informado;"0    ";Não Informado;"0 ";"0    ";"0    ";"0    ";-15.6772957;-47.8262758;SPRF-DF;DEL02-DF;UOP01-DEL02-DF 
594592;"1324854   ";2024-04-17;quarta-feira;18:20:00;DF;"70   ";"11,5 ";BRASILIA;Sim;Transitar no Acostamento;1;Atropelamento de Pedestre;Com Vítimas Feridas;Plena Noite;Crescente;Céu Claro;Dupla;Reta;Não  ;"1061108   ";Automóvel;RENAULT/KWID LIFE 10MT;"2018      ";Condutor;Ileso;"35   ";Masculino;"1 ";"0    ";"0    ";"0    ";-15.7909590;-48.1540660;SPRF-DF;DEL03-DF;UOP02-DEL03-DF 
594592;"1324856   ";2024-04-17;quarta-feira;18:20:00;DF;"70   ";"11,5 ";BRASILIA;Sim;Transitar no Acostamento;1;Atropelamento de Pedestre;Com Vítimas Feridas;Plena Noite;Crescente;Céu Claro;Dupla;Reta;Não  ;"0         ";"0";NA/NA;"0         ";Testemunha;Não Informado;"0    ";Não Informado;"0 ";"0    ";"0    ";"0    ";-15.7909590;-48.1540660;SPRF-DF;DEL03-DF;UOP02-DEL03-DF 
594592;"1324855   ";2024-04-17;quarta-feira;18:20:00;DF;"70   ";"11,5 ";BRASILIA;Sim;Transitar no Acostamento;1;Atropelamento de Pedestre;Com Vítimas Feridas;Plena Noite;Crescente;Céu Claro;Dupla;Reta;Não  ;"0         ";"0";NA/NA;"0         ";Pedestre;Lesões Leves;"45   ";Masculino;"0 ";"1    ";"0    ";"0    ";-15.7909590;-48.1540660;SPRF-DF;DEL03-DF;UOP02-DEL03-DF 
594768;"1325195   ";2024-04-18;quinta-feira;17:35:00;GO;"40   ";"6,9  ";VALPARAISO DE GOIAS;Não;Área urbana sem a presença de local apropriado para a travessia de pedestres;3;Queda de ocupante de veículo;Com Vítimas Feridas;Pleno dia;Crescente;Sol;Dupla;"Declive;Reta";Sim  ;"1061446   ";Motocicleta;HONDA/CG 160 START;"2022      ";Condutor;Ileso;"23   ";Masculino;"1 ";"0    ";"0    ";"0    ";-16.1063113;-47.9738553;SPRF-DF;DEL01-DF;UOP01-DEL01-DF 
594768;"1325196   ";2024-04-18;quinta-feira;17:35:00;GO;"40   ";"6,9  ";VALPARAISO DE GOIAS;Não;Área urbana sem a presença de local apropriado para a travessia de pedestres;3;Queda de ocupante de veículo;Com Vítimas Feridas;Pleno dia;Crescente;Sol;Dupla;"Declive;Reta";Sim  ;"0         ";"0";NA/NA;"0         ";Pedestre;Lesões Leves;"17   ";Feminino;"0 ";"1    ";"0    ";"0    ";-16.1063113;-47.9738553;SPRF-DF;DEL01-DF;UOP01-DEL01-DF 
594768;"1325195   ";2024-04-18;quinta-feira;17:35:00;GO;"40   ";"6,9  ";VALPARAISO DE GOIAS;Sim;Entrada inopinada do pedestre;3;Queda de ocupante de veículo;Com Vítimas Feridas;Pleno dia;Crescente;Sol;Dupla;"Declive;Reta";Sim  ;"1061446   ";Motocicleta;HONDA/CG 160 START;"2022      ";Condutor;Ileso;"23   ";Masculino;"1 ";"0    ";"0    ";"0    ";-16.1063113;-47.9738553;SPRF-DF;DEL01-DF;UOP01-DEL01-DF 
594768;"1325196   ";2024-04-18;quinta-feira;17:35:00;GO;"40   ";"6,9  ";VALPARAISO DE GOIAS;Sim;Entrada inopinada do pedestre;3;Queda de ocupante de veículo;Com Vítimas Feridas;Pleno dia;Crescente;Sol;Dupla;"Declive;Reta";Sim  ;"0         ";"0";NA/NA;"0         ";Pedestre;Lesões Leves;"17   ";Feminino;"0 ";"1    ";"0    ";"0    ";-16.1063113;-47.9738553;SPRF-DF;DEL01-DF;UOP01-DEL01-DF 
594768;"1325195   ";2024-04-18;quinta-feira;17:35:00;GO;"40   ";"6,9  ";VALPARAISO DE GOIAS;Não;Área urbana sem a presença de local apropriado para a travessia de pedestres;2;Tombamento;Com Vítimas Feridas;Pleno dia;Crescente;Sol;Dupla;"Declive;Reta";Sim  ;"1061446   ";Motocicleta;HONDA/CG 160 START;"2022      ";Condutor;Ileso;"23   ";Masculino;"1 ";"0    ";"0    ";"0    ";-16.1063113;-47.9738553;SPRF-DF;DEL01-DF;UOP01-DEL01-DF 
594768;"1325196   ";2024-04-18;quinta-feira;17:35:00;GO;"40   ";"6,9  ";VALPARAISO DE GOIAS;Não;Área urbana sem a presença de local apropriado para a travessia de pedestres;2;Tombamento;Com Vítimas Feridas;Pleno dia;Crescente;Sol;Dupla;"Declive;Reta";Sim  ;"0         ";"0";NA/NA;"0         ";Pedestre;Lesões Leves;"17   ";Feminino;"0 ";"1    ";"0    ";"0    ";-16.1063113;-47.9738553;SPRF-DF;DEL01-DF;UOP01-DEL01-DF 
594768;"1325195   ";2024-04-18;quinta-feira;17:35:00;GO;"40   ";"6,9  ";VALPARAISO DE GOIAS;Sim;Entrada inopinada do pedestre;2;Tombamento;Com Vítimas Feridas;Pleno dia;Crescente;Sol;Dupla;"Declive;Reta";Sim  ;"1061446   ";Motocicleta;HONDA/CG 160 START;"2022      ";Condutor;Ileso;"23   ";Masculino;"1 ";"0    ";"0    ";"0    ";-16.1063113;-47.9738553;SPRF-DF;DEL01-DF;UOP01-DEL01-DF 
594768;"1325196   ";2024-04-18;quinta-feira;17:35:00;GO;"40   ";"6,9  ";VALPARAISO DE GOIAS;Sim;Entrada inopinada do pedestre;2;Tombamento;Com Vítimas Feridas;Pleno dia;Crescente;Sol;Dupla;"Declive;Reta";Sim  ;"0         ";"0";NA/NA;"0         ";Pedestre;Lesões Leves;"17   ";Feminino;"0 ";"1    ";"0    ";"0    ";-16.1063113;-47.9738553;SPRF-DF;DEL01-DF;UOP01-DEL01-DF 
594768;"1325195   ";2024-04-18;quinta-feira;17:35:00;GO;"40   ";"6,9  ";VALPARAISO DE GOIAS;Não;Área urbana sem a presença de local apropriado para a travessia de pedestres;1;Atropelamento de Pedestre;Com Vítimas Feridas;Pleno dia;Crescente;Sol;Dupla;"Declive;Reta";Sim  ;"1061446   ";Motocicleta;HONDA/CG 160 START;"2022      ";Condutor;Ileso;"23   ";Masculino;"1 ";"0    ";"0    ";"0    ";-16.1063113;-47.9738553;SPRF-DF;DEL01-DF;UOP01-DEL01-DF 
594768;"1325196   ";2024-04-18;quinta-feira;17:35:00;GO;"40   ";"6,9  ";VALPARAISO DE GOIAS;Não;Área urbana sem a presença de local apropriado para a travessia de pedestres;1;Atropelamento de Pedestre;Com Vítimas Feridas;Pleno dia;Crescente;Sol;Dupla;"Declive;Reta";Sim  ;"0         ";"0";NA/NA;"0         ";Pedestre;Lesões Leves;"17   ";Feminino;"0 ";"1    ";"0    ";"0    ";-16.1063113;-47.9738553;SPRF-DF;DEL01-DF;UOP01-DEL01-DF 
594768;"1325195   ";2024-04-18;quinta-feira;17:35:00;GO;"40   ";"6,9  ";VALPARAISO DE GOIAS;Sim;Entrada inopinada do pedestre;1;Atropelamento de Pedestre;Com Vítimas Feridas;Pleno dia;Crescente;Sol;Dupla;"Declive;Reta";Sim  ;"1061446   ";Motocicleta;HONDA/CG 160 START;"2022      ";Condutor;Ileso;"23   ";Masculino;"1 ";"0    ";"0    ";"0    ";-16.1063113;-47.9738553;SPRF-DF;DEL01-DF;UOP01-DEL01-DF 
594768;"1325196   ";2024-04-18;quinta-feira;17:35:00;GO;"40   ";"6,9  ";VALPARAISO DE GOIAS;Sim;Entrada inopinada do pedestre;1;Atropelamento de Pedestre;Com Vítimas Feridas;Pleno dia;Crescente;Sol;Dupla;"Declive;Reta";Sim  ;"0         ";"0";NA/NA;"0         ";Pedestre;Lesões Leves;"17   ";Feminino;"0 ";"1    ";"0    ";"0    ";-16.1063113;-47.9738553;SPRF-DF;DEL01-DF;UOP01-DEL01-DF 
594787;"1325317   ";2024-04-18;quinta-feira;17:00:00;GO;"414  ";"372  ";COCALZINHO DE GOIAS;Não;Condutor deixou de manter distância do veículo da frente;1;Colisão lateral mesmo sentido;Com Vítimas Feridas;Pleno dia;Crescente;Céu Claro;Dupla;"Declive;Reta";Não  ;"1061514   ";Bicicleta;Não Informado/Não Informado;"0         ";Condutor;Lesões Graves;"68   ";Masculino;"0 ";"0    ";"1    ";"0    ";-15.7867166;-48.7703327;SPRF-GO;DEL02-GO;UOP01-DEL02-GO 
594787;"1325312   ";2024-04-18;quinta-feira;17:00:00;GO;"414  ";"372  ";COCALZINHO DE GOIAS;Não;Condutor deixou de manter distância do veículo da frente;1;Colisão lateral mesmo sentido;Com Vítimas Feridas;Pleno dia;Crescente;Céu Claro;Dupla;"Declive;Reta";Não  ;"1061515   ";Automóvel;CHEVROLET/ONIX 1.4MT LTZ;"2016      ";Passageiro;Ileso;"51   ";Feminino;"1 ";"0    ";"0    ";"0    ";-15.7867166;-48.7703327;SPRF-GO;DEL02-GO;UOP01-DEL02-GO 
594787;"1325315   ";2024-04-18;quinta-feira;17:00:00;GO;"414  ";"372  ";COCALZINHO DE GOIAS;Não;Condutor deixou de manter distância do veículo da frente;1;Colisão lateral mesmo sentido;Com Vítimas Feridas;Pleno dia;Crescente;Céu Claro;Dupla;"Declive;Reta";Não  ;"1061515   ";Automóvel;CHEVROLET/ONIX 1.4MT LTZ;"2016      ";Passageiro;Ileso;"75   ";Feminino;"1 ";"0    ";"0    ";"0    ";-15.7867166;-48.7703327;SPRF-GO;DEL02-GO;UOP01-DEL02-GO 
594787;"1325310   ";2024-04-18;quinta-feira;17:00:00;GO;"414  ";"372  ";COCALZINHO DE GOIAS;Não;Condutor deixou de manter distância do veículo da frente;1;Colisão lateral mesmo sentido;Com Vítimas Feridas;Pleno dia;Crescente;Céu Claro;Dupla;"Declive;Reta";Não  ;"1061515   ";Automóvel;CHEVROLET/ONIX 1.4MT LTZ;"2016      ";Condutor;Ileso;"58   ";Masculino;"1 ";"0    ";"0    ";"0    ";-15.7867166;-48.7703327;SPRF-GO;DEL02-GO;UOP01-DEL02-GO 
594787;"1325317   ";2024-04-18;quinta-feira;17:00:00;GO;"414  ";"372  ";COCALZINHO DE GOIAS;Sim;Acessar a via sem observar a presença dos outros veículos;1;Colisão lateral mesmo sentido;Com Vítimas Feridas;Pleno dia;Crescente;Céu Claro;Dupla;"Declive;Reta";Não  ;"1061514   ";Bicicleta;Não Informado/Não Informado;"0         ";Condutor;Lesões Graves;"68   ";Masculino;"0 ";"0    ";"1    ";"0    ";-15.7867166;-48.7703327;SPRF-GO;DEL02-GO;UOP01-DEL02-GO 
594787;"1325312   ";2024-04-18;quinta-feira;17:00:00;GO;"414  ";"372  ";COCALZINHO DE GOIAS;Sim;Acessar a via sem observar a presença dos outros veículos;1;Colisão lateral mesmo sentido;Com Vítimas Feridas;Pleno dia;Crescente;Céu Claro;Dupla;"Declive;Reta";Não  ;"1061515   ";Automóvel;CHEVROLET/ONIX 1.4MT LTZ;"2016      ";Passageiro;Ileso;"51   ";Feminino;"1 ";"0    ";"0    ";"0    ";-15.7867166;-48.7703327;SPRF-GO;DEL02-GO;UOP01-DEL02-GO 
594787;"1325315   ";2024-04-18;quinta-feira;17:00:00;GO;"414  ";"372  ";COCALZINHO DE GOIAS;Sim;Acessar a via sem observar a presença dos outros veículos;1;Colisão lateral mesmo sentido;Com Vítimas Feridas;Pleno dia;Crescente;Céu Claro;Dupla;"Declive;Reta";Não  ;"1061515   ";Automóvel;CHEVROLET/ONIX 1.4MT LTZ;"2016      ";Passageiro;Ileso;"75   ";Feminino;"1 ";"0    ";"0    ";"0    ";-15.7867166;-48.7703327;SPRF-GO;DEL02-GO;UOP01-DEL02-GO 
594787;"1325310   ";2024-04-18;quinta-feira;17:00:00;GO;"414  ";"372  ";COCALZINHO DE GOIAS;Sim;Acessar a via sem observar a presença dos outros veículos;1;Colisão lateral mesmo sentido;Com Vítimas Feridas;Pleno dia;Crescente;Céu Claro;Dupla;"Declive;Reta";Não  ;"1061515   ";Automóvel;CHEVROLET/ONIX 1.4MT LTZ;"2016      ";Condutor;Ileso;"58   ";Masculino;"1 ";"0    ";"0    ";"0    ";-15.7867166;-48.7703327;SPRF-GO;DEL02-GO;UOP01-DEL02-GO 
594787;"1325317   ";2024-04-18;quinta-feira;17:00:00;GO;"414  ";"372  ";COCALZINHO DE GOIAS;Não;Condutor deixou de manter distância do veículo da frente;3;Queda de ocupante de veículo;Com Vítimas Feridas;Pleno dia;Crescente;Céu Claro;Dupla;"Declive;Reta";Não  ;"1061514   ";Bicicleta;Não Informado/Não Informado;"0         ";Condutor;Lesões Graves;"68   ";Masculino;"0 ";"0    ";"1    ";"0    ";-15.7867166;-48.7703327;SPRF-GO;DEL02-GO;UOP01-DEL02-GO 