id;pesid;data_inversa;dia_semana;horario;uf;br;km;municipio;causa_principal;causa_acidente;ordem_tipo_acidente;tipo_acidente;classificacao_acidente;fase_dia;sentido_via;condicao_metereologica;tipo_pista;tracado_via;uso_solo;id_veiculo;tipo_veiculo;marca;ano_fabricacao_veiculo;tipo_envolvido;estado_fisico;idade;sexo;ilesos;feridos_leves;feridos_graves;mortos;latitude;longitude;regional;delegacia;uop
595881;"1328104   ";2024-04-23;terça-feira;15:50:00;GO;"40   ";"24   ";LUZIANIA;Não;Ausência de reação do condutor;2;Colisão com objeto;Com Vítimas Feridas;Pleno dia;Decrescente;Céu Claro;Dupla;"Interseção de Vias;Retorno Regulamentado;Reta";Sim  ;"1063838   ";Caminhão;Não Informado/Não Informado;"0         ";Passageiro;Ileso;"24   ";Masculino;"1 ";"0    ";"0    ";"0    ";-16.2527380;-47.9004370;SPRF-DF;DEL01-DF;UOP01-DEL01-DF 
595881;"1328105   ";2024-04-23;terça-feira;15:50:00;GO;"40   ";"24   ";LUZIANIA;Não;Ausência de reação do condutor;2;Colisão com objeto;Com Vítimas Feridas;Pleno dia;Decrescente;Céu Claro;Dupla;"Interseção de Vias;Retorno Regulamentado;Reta";Sim  ;"1063840   ";Caminhão;FIAT/70;"1977      ";Condutor;Lesões Leves;"69   ";Masculino;"0 ";"1    ";"0    ";"0    ";-16.2527380;-47.9004370;SPRF-DF;DEL01-DF;UOP01-DEL01-DF 
595881;"1328107   ";2024-04-23;terça-feira;15:50:00;GO;"40   ";"24   ";LUZIANIA;Não;Ausência de reação do condutor;2;Colisão com objeto;Com Vítimas Feridas;Pleno dia;Decrescente;Céu Claro;Dupla;"Interseção de Vias;Retorno Regulamentado;Reta";Sim  ;"1063840   ";Caminhão;FIAT/70;"1977      ";Passageiro;Lesões Leves;"51   ";Feminino;"0 ";"1    ";"0    ";"0    ";-16.2527380;-47.9004370;SPRF-DF;DEL01-DF;UOP01-DEL01-DF 
595881;"0         ";2024-04-23;terça-feira;15:50:00;GO;"40   ";"24   ";LUZIANIA;Sim;Acessar a via sem observar a presença dos outros veículos;2;Colisão com objeto;Com Vítimas Feridas;Pleno dia;Decrescente;Céu Claro;Dupla;"Interseção de Vias;Retorno Regulamentado;Reta";Sim  ;"1063839   ";Caminhão-trator;Não Informado/Não Informado;"0         ";"0";"0";"0    ";"0";"0 ";"0    ";"0    ";"0    ";-16.2527380;-47.9004370;SPRF-DF;DEL01-DF;UOP01-DEL01-DF 
595881;"1328103   ";2024-04-23;terça-feira;15:50:00;GO;"40   ";"24   ";LUZIANIA;Sim;Acessar a via sem observar a presença dos outros veículos;2;Colisão com objeto;Com Vítimas Feridas;Pleno dia;Decrescente;Céu Claro;Dupla;"Interseção de Vias;Retorno Regulamentado;Reta";Sim  ;"1063838   ";Caminhão;Não Informado/Não Informado;"0         ";Condutor;Ileso;"38   ";Masculino;"1 ";"0    ";"0    ";"0    ";-16.2527380;-47.9004370;SPRF-DF;DEL01-DF;UOP01-DEL01-DF 
595881;"1328104   ";2024-04-23;terça-feira;15:50:00;GO;"40   ";"24   ";LUZIANIA;Sim;Acessar a via sem observar a presença dos outros veículos;2;Colisão com objeto;Com Vítimas Feridas;Pleno dia;Decrescente;Céu Claro;Dupla;"Interseção de Vias;Retorno Regulamentado;Reta";Sim  ;"1063838   ";Caminhão;Não Informado/Não Informado;"0         ";Passageiro;Ileso;"24   ";Masculino;"1 ";"0    ";"0    ";"0    ";-16.2527380;-47.9004370;SPRF-DF;DEL01-DF;UOP01-DEL01-DF 
595881;"1328105   ";2024-04-23;terça-feira;15:50:00;GO;"40   ";"24   ";LUZIANIA;Sim;Acessar a via sem observar a presença dos outros veículos;2;Colisão com objeto;Com Vítimas Feridas;Pleno dia;Decrescente;Céu Claro;Dupla;"Interseção de Vias;Retorno Regulamentado;Reta";Sim  ;"1063840   ";Caminhão;FIAT/70;"1977      ";Condutor;Lesões Leves;"69   ";Masculino;"0 ";"1    ";"0    ";"0    ";-16.2527380;-47.9004370;SPRF-DF;DEL01-DF;UOP01-DEL01-DF 
595881;"1328107   ";2024-04-23;terça-feira;15:50:00;GO;"40   ";"24   ";LUZIANIA;Sim;Acessar a via sem observar a presença dos outros veículos;2;Colisão com objeto;Com Vítimas Feridas;Pleno dia;Decrescente;Céu Claro;Dupla;"Interseção de Vias;Retorno Regulamentado;Reta";Sim  ;"1063840   ";Caminhão;FIAT/70;"1977      ";Passageiro;Lesões Leves;"51   ";Feminino;"0 ";"1    ";"0    ";"0    ";-16.2527380;-47.9004370;SPRF-DF;DEL01-DF;UOP01-DEL01-DF 
595881;"0         ";2024-04-23;terça-feira;15:50:00;GO;"40   ";"24   ";LUZIANIA;Não;Ausência de reação do condutor;1;Colisão lateral mesmo sentido;Com Vítimas Feridas;Pleno dia;Decrescente;Céu Claro;Dupla;"Interseção de Vias;Retorno Regulamentado;Reta";Sim  ;"1063839   ";Caminhão-trator;Não Informado/Não Informado;"0         ";"0";"0";"0    ";"0";"0 ";"0    ";"0    ";"0    ";-16.2527380;-47.9004370;SPRF-DF;DEL01-DF;UOP01-DEL01-DF 
595881;"1328103   ";2024-04-23;terça-feira;15:50:00;GO;"40   ";"24   ";LUZIANIA;Não;Ausência de reação do condutor;1;Colisão lateral mesmo sentido;Com Vítimas Feridas;Pleno dia;Decrescente;Céu Claro;Dupla;"Interseção de Vias;Retorno Regulamentado;Reta";Sim  ;"1063838   ";Caminhão;Não Informado/Não Informado;"0         ";Condutor;Ileso;"38   ";Masculino;"1 ";"0    ";"0    ";"0    ";-16.2527380;-47.9004370;SPRF-DF;DEL01-DF;UOP01-DEL01-DF 
595881;"1328104   ";2024-04-23;terça-feira;15:50:00;GO;"40   ";"24   ";LUZIANIA;Não;Ausência de reação do condutor;1;Colisão lateral mesmo sentido;Com Vítimas Feridas;Pleno dia;Decrescente;Céu Claro;Dupla;"Interseção de Vias;Retorno Regulamentado;Reta";Sim  ;"1063838   ";Caminhão;Não Informado/Não Informado;"0         ";Passageiro;Ileso;"24   ";Masculino;"1 ";"0    ";"0    ";"0    ";-16.2527380;-47.9004370;SPRF-DF;DEL01-DF;UOP01-DEL01-DF 
595881;"1328105   ";2024-04-23;terça-feira;15:50:00;GO;"40   ";"24   ";LUZIANIA;Não;Ausência de reação do condutor;1;Colisão lateral mesmo sentido;Com Vítimas Feridas;Pleno dia;Decrescente;Céu Claro;Dupla;"Interseção de Vias;Retorno Regulamentado;Reta";Sim  ;"1063840   ";Caminhão;FIAT/70;"1977      ";Condutor;Lesões Leves;"69   ";Masculino;"0 ";"1    ";"0    ";"0    ";-16.2527380;-47.9004370;SPRF-DF;DEL01-DF;UOP01-DEL01-DF 
595881;"1328107   ";2024-04-23;terça-feira;15:50:00;GO;"40   ";"24   ";LUZIANIA;Não;Ausência de reação do condutor;1;Colisão lateral mesmo sentido;Com Vítimas Feridas;Pleno dia;Decrescente;Céu Claro;Dupla;"Interseção de Vias;Retorno Regulamentado;Reta";Sim  ;"1063840   ";Caminhão;FIAT/70;"1977      ";Passageiro;Lesões Leves;"51   ";Feminino;"0 ";"1    ";"0    ";"0    ";-16.2527380;-47.9004370;SPRF-DF;DEL01-DF;UOP01-DEL01-DF 
595881;"0         ";2024-04-23;terça-feira;15:50:00;GO;"40   ";"24   ";LUZIANIA;Sim;Acessar a via sem observar a presença dos outros veículos;1;Colisão lateral mesmo sentido;Com Vítimas Feridas;Pleno dia;Decrescente;Céu Claro;Dupla;"Interseção de Vias;Retorno Regulamentado;Reta";Sim  ;"1063839   ";Caminhão-trator;Não Informado/Não Informado;"0         ";"0";"0";"0    ";"0";"0 ";"0    ";"0    ";"0    ";-16.2527380;-47.9004370;SPRF-DF;DEL01-DF;UOP01-DEL01-DF 
595881;"1328103   ";2024-04-23;terça-feira;15:50:00;GO;"40   ";"24   ";LUZIANIA;Sim;Acessar a via sem observar a presença dos outros veículos;1;Colisão lateral mesmo sentido;Com Vítimas Feridas;Pleno dia;Decrescente;Céu Claro;Dupla;"Interseção de Vias;Retorno Regulamentado;Reta";Sim  ;"1063838   ";Caminhão;Não Informado/Não Informado;"0         ";Condutor;Ileso;"38   ";Masculino;"1 ";"0    ";"0    ";"0    ";-16.2527380;-47.9004370;SPRF-DF;DEL01-DF;UOP01-DEL01-DF 
595881;"1328104   ";2024-04-23;terça-feira;15:50:00;GO;"40   ";"24   ";LUZIANIA;Sim;Acessar a via sem observar a presença dos outros veículos;1;Colisão lateral mesmo sentido;Com Vítimas Feridas;Pleno dia;Decrescente;Céu Claro;Dupla;"Interseção de Vias;Retorno Regulamentado;Reta";Sim  ;"1063838   ";Caminhão;Não Informado/Não Informado;"0         ";Passageiro;Ileso;"24   ";Masculino;"1 ";"0    ";"0    ";"0    ";-16.2527380;-47.9004370;SPRF-DF;DEL01-DF;UOP01-DEL01-DF 
595881;"1328105   ";2024-04-23;terça-feira;15:50:00;GO;"40   ";"24   ";LUZIANIA;Sim;Acessar a via sem observar a presença dos outros veículos;1;Colisão lateral mesmo sentido;Com Vítimas Feridas;Pleno dia;Decrescente;Céu Claro;Dupla;"Interseção de Vias;Retorno Regulamentado;Reta";Sim  ;"1063840   ";Caminhão;FIAT/70;"1977      ";Condutor;Lesões Leves;"69   ";Masculino;"0 ";"1    ";"0    ";"0    ";-16.2527380;-47.9004370;SPRF-DF;DEL01-DF;UOP01-DEL01-DF 
595881;"1328107   ";2024-04-23;terça-feira;15:50:00;GO;"40   ";"24   ";LUZIANIA;Sim;Acessar a via sem observar a presença dos outros veículos;1;Colisão lateral mesmo sentido;Com Vítimas Feridas;Pleno dia;Decrescente;Céu Claro;Dupla;"Interseção de Vias;Retorno Regulamentado;Reta";Sim  ;"1063840   ";Caminhão;FIAT/70;"1977      ";Passageiro;Lesões Leves;"51   ";Feminino;"0 ";"1    ";"0    ";"0    ";-16.2527380;-47.9004370;SPRF-DF;DEL01-DF;UOP01-DEL01-DF 
595885;"1328131   ";2024-04-23;terça-feira;16:50:00;GO;"20   ";"39   ";FORMOSA;Não;Desvio temporário;1;Colisão lateral sentido oposto;Com Vítimas Feridas;Pleno dia;Crescente;Céu Claro;Simples;"Reta;Aclive";Não  ;"1063863   ";Caminhão-trator;DAF/XF FTT 530;"2021      ";Condutor;Lesões Leves;"52   ";Masculino;"0 ";"1    ";"0    ";"0    ";-15.4194370;-47.0989990;SPRF-DF;DEL02-DF;UOP02-DEL02-DF 
595885;"1328128   ";2024-04-23;terça-feira;16:50:00;GO;"20   ";"39   ";FORMOSA;Não;Desvio temporário;1;Colisão lateral sentido oposto;Com Vítimas Feridas;Pleno dia;Crescente;Céu Claro;Simples;"Reta;Aclive";Não  ;"1063862   ";Caminhão-trator;VOLVO/FH 460 6X4T;"2013      ";Condutor;Ileso;"51   ";Masculino;"1 ";"0    ";"0    ";"0    ";-15.4194370;-47.0989990;SPRF-DF;DEL02-DF;UOP02-DEL02-DF 
595885;"0         ";2024-04-23;terça-feira;16:50:00;GO;"20   ";"39   ";FORMOSA;Não;Desvio temporário;1;Colisão lateral sentido oposto;Com Vítimas Feridas;Pleno dia;Crescente;Céu Claro;Simples;"Reta;Aclive";Não  ;"1065302   ";Semireboque;SR/RODOTECNICA TQPP 3E;"2021      ";"0";"0";"0    ";"0";"0 ";"0    ";"0    ";"0    ";-15.4194370;-47.0989990;SPRF-DF;DEL02-DF;UOP02-DEL02-DF 
595885;"0         ";2024-04-23;terça-feira;16:50:00;GO;"20   ";"39   ";FORMOSA;Não;Desvio temporário;1;Colisão lateral sentido oposto;Com Vítimas Feridas;Pleno dia;Crescente;Céu Claro;Simples;"Reta;Aclive";Não  ;"1065301   ";Semireboque;SR/LIBRELATO SRDLRD 2E;"2023      ";"0";"0";"0    ";"0";"0 ";"0    ";"0    ";"0    ";-15.4194370;-47.0989990;SPRF-DF;DEL02-DF;UOP02-DEL02-DF 
595885;"0         ";2024-04-23;terça-feira;16:50:00;GO;"20   ";"39   ";FORMOSA;Não;Desvio temporário;1;Colisão lateral sentido oposto;Com Vítimas Feridas;Pleno dia;Crescente;Céu Claro;Simples;"Reta;Aclive";Não  ;"1065300   ";Semireboque;SR/LIBRELATO RDCACD 2E;"2023      ";"0";"0";"0    ";"0";"0 ";"0    ";"0    ";"0    ";-15.4194370;-47.0989990;SPRF-DF;DEL02-DF;UOP02-DEL02-DF 
595885;"0         ";2024-04-23;terça-feira;16:50:00;GO;"20   ";"39   ";FORMOSA;Não;Desvio temporário;1;Colisão lateral sentido oposto;Com Vítimas Feridas;Pleno dia;Crescente;Céu Claro;Simples;"Reta;Aclive";Não  ;"1065299   ";Semireboque;SR/LIBRELATO SRCA 2E;"2023      ";"0";"0";"0    ";"0";"0 ";"0    ";"0    ";"0    ";-15.4194370;-47.0989990;SPRF-DF;DEL02-DF;UOP02-DEL02-DF 
595885;"0         ";2024-04-23;terça-feira;16:50:00;GO;"20   ";"39   ";FORMOSA;Não;Desvio temporário;1;Colisão lateral sentido oposto;Com Vítimas Feridas;Pleno dia;Crescente;Céu Claro;Simples;"Reta;Aclive";Não  ;"1065303   ";Semireboque;SR/RODOTECNICA TQPP 3E;"2021      ";"0";"0";"0    ";"0";"0 ";"0    ";"0    ";"0    ";-15.4194370;-47.0989990;SPRF-DF;DEL02-DF;UOP02-DEL02-DF 
595885;"1328131   ";2024-04-23;terça-feira;16:50:00;GO;"20   ";"39   ";FORMOSA;Sim;Afundamento ou ondulação no pavimento;1;Colisão lateral sentido oposto;Com Vítimas Feridas;Pleno dia;Crescente;Céu Claro;Simples;"Reta;Aclive";Não  ;"1063863   ";Caminhão-trator;DAF/XF FTT 530;"2021      ";Condutor;Lesões Leves;"52   ";Masculino;"0 ";"1    ";"0    ";"0    ";-15.4194370;-47.0989990;SPRF-DF;DEL02-DF;UOP02-DEL02-DF 
596118;"1328607   ";2024-04-24;quarta-feira;18:00:00;DF;"40   ";"1,2  ";BRASILIA;Sim;Condutor usando celular;2;Tombamento;Com Vítimas Feridas;Anoitecer;Decrescente;Céu Claro;Dupla;Reta;Sim  ;"1064248   ";Motocicleta;YAMAHA/YS150 FAZER SED;"2021      ";Condutor;Lesões Leves;"33   ";Masculino;"0 ";"1    ";"0    ";"0    ";-15.9855320;-47.9877470;SPRF-DF;DEL01-DF;UOP01-DEL01-DF 
595885;"1328128   ";2024-04-23;terça-feira;16:50:00;GO;"20   ";"39   ";FORMOSA;Sim;Afundamento ou ondulação no pavimento;1;Colisão lateral sentido oposto;Com Vítimas Feridas;Pleno dia;Crescente;Céu Claro;Simples;"Reta;Aclive";Não  ;"1063862   ";Caminhão-trator;VOLVO/FH 460 6X4T;"2013      ";Condutor;Ileso;"51   ";Masculino;"1 ";"0    ";"0    ";"0    ";-15.4194370;-47.0989990;SPRF-DF;DEL02-DF;UOP02-DEL02-DF 
595885;"0         ";2024-04-23;terça-feira;16:50:00;GO;"20   ";"39   ";FORMOSA;Sim;Afundamento ou ondulação no pavimento;1;Colisão lateral sentido oposto;Com Vítimas Feridas;Pleno dia;Crescente;Céu Claro;Simples;"Reta;Aclive";Não  ;"1065302   ";Semireboque;SR/RODOTECNICA TQPP 3E;"2021      ";"0";"0";"0    ";"0";"0 ";"0    ";"0    ";"0    ";-15.4194370;-47.0989990;SPRF-DF;DEL02-DF;UOP02-DEL02-DF 
595885;"0         ";2024-04-23;terça-feira;16:50:00;GO;"20   ";"39   ";FORMOSA;Sim;Afundamento ou ondulação no pavimento;1;Colisão lateral sentido oposto;Com Vítimas Feridas;Pleno dia;Crescente;Céu Claro;Simples;"Reta;Aclive";Não  ;"1065301   ";Semireboque;SR/LIBRELATO SRDLRD 2E;"2023      ";"0";"0";"0    ";"0";"0 ";"0    ";"0    ";"0    ";-15.4194370;-47.0989990;SPRF-DF;DEL02-DF;UOP02-DEL02-DF 
595885;"0         ";2024-04-23;terça-feira;16:50:00;GO;"20   ";"39   ";FORMOSA;Sim;Afundamento ou ondulação no pavimento;1;Colisão lateral sentido oposto;Com Vítimas Feridas;Pleno dia;Crescente;Céu Claro;Simples;"Reta;Aclive";Não  ;"1065300   ";Semireboque;SR/LIBRELATO RDCACD 2E;"2023      ";"0";"0";"0    ";"0";"0 ";"0    ";"0    ";"0    ";-15.4194370;-47.0989990;SPRF-DF;DEL02-DF;UOP02-DEL02-DF 
595885;"0         ";2024-04-23;terça-feira;16:50:00;GO;"20   ";"39   ";FORMOSA;Sim;Afundamento ou ondulação no pavimento;1;Colisão lateral sentido oposto;Com Vítimas Feridas;Pleno dia;Crescente;Céu Claro;Simples;"Reta;Aclive";Não  ;"1065299   ";Semireboque;SR/LIBRELATO SRCA 2E;"2023      ";"0";"0";"0    ";"0";"0 ";"0    ";"0    ";"0    ";-15.4194370;-47.0989990;SPRF-DF;DEL02-DF;UOP02-DEL02-DF 
595885;"0         ";2024-04-23;terça-feira;16:50:00;GO;"20   ";"39   ";FORMOSA;Sim;Afundamento ou ondulação no pavimento;1;Colisão lateral sentido oposto;Com Vítimas Feridas;Pleno dia;Crescente;Céu Claro;Simples;"Reta;Aclive";Não  ;"1065303   ";Semireboque;SR/RODOTECNICA TQPP 3E;"2021      ";"0";"0";"0    ";"0";"0 ";"0    ";"0    ";"0    ";-15.4194370;-47.0989990;SPRF-DF;DEL02-DF;UOP02-DEL02-DF 
595936;"1328166   ";2024-04-23;terça-feira;21:07:00;DF;"20   ";"13   ";BRASILIA;Sim;Acumulo de água sobre o pavimento;3;Tombamento;Com Vítimas Feridas;Plena Noite;Crescente;Chuva;Dupla;"Reta;Declive";Sim  ;"1063877   ";Ônibus;AGRALE/MASCA GRMICRO E O;"2023      ";Condutor;Lesões Leves;"46   ";Masculino;"0 ";"1    ";"0    ";"0    ";-15.6387520;-47.7495990;SPRF-DF;DEL02-DF;UOP01-DEL02-DF 
595936;"1329850   ";2024-04-23;terça-feira;21:07:00;DF;"20   ";"13   ";BRASILIA;Sim;Acumulo de água sobre o pavimento;3;Tombamento;Com Vítimas Feridas;Plena Noite;Crescente;Chuva;Dupla;"Reta;Declive";Sim  ;"1063877   ";Ônibus;AGRALE/MASCA GRMICRO E O;"2023      ";Passageiro;Lesões Leves;"49   ";Feminino;"0 ";"1    ";"0    ";"0    ";-15.6387520;-47.7495990;SPRF-DF;DEL02-DF;UOP01-DEL02-DF 
595936;"1329846   ";2024-04-23;terça-feira;21:07:00;DF;"20   ";"13   ";BRASILIA;Sim;Acumulo de água sobre o pavimento;3;Tombamento;Com Vítimas Feridas;Plena Noite;Crescente;Chuva;Dupla;"Reta;Declive";Sim  ;"1063877   ";Ônibus;AGRALE/MASCA GRMICRO E O;"2023      ";Passageiro;Lesões Leves;"73   ";Feminino;"0 ";"1    ";"0    ";"0    ";-15.6387520;-47.7495990;SPRF-DF;DEL02-DF;UOP01-DEL02-DF 
595936;"1329849   ";2024-04-23;terça-feira;21:07:00;DF;"20   ";"13   ";BRASILIA;Sim;Acumulo de água sobre o pavimento;3;Tombamento;Com Vítimas Feridas;Plena Noite;Crescente;Chuva;Dupla;"Reta;Declive";Sim  ;"1063877   ";Ônibus;AGRALE/MASCA GRMICRO E O;"2023      ";Passageiro;Lesões Leves;"47   ";Feminino;"0 ";"1    ";"0    ";"0    ";-15.6387520;-47.7495990;SPRF-DF;DEL02-DF;UOP01-DEL02-DF 
595936;"1329844   ";2024-04-23;terça-feira;21:07:00;DF;"20   ";"13   ";BRASILIA;Sim;Acumulo de água sobre o pavimento;3;Tombamento;Com Vítimas Feridas;Plena Noite;Crescente;Chuva;Dupla;"Reta;Declive";Sim  ;"1063877   ";Ônibus;AGRALE/MASCA GRMICRO E O;"2023      ";Passageiro;Lesões Leves;"64   ";Feminino;"0 ";"1    ";"0    ";"0    ";-15.6387520;-47.7495990;SPRF-DF;DEL02-DF;UOP01-DEL02-DF 
595936;"1329845   ";2024-04-23;terça-feira;21:07:00;DF;"20   ";"13   ";BRASILIA;Sim;Acumulo de água sobre o pavimento;3;Tombamento;Com Vítimas Feridas;Plena Noite;Crescente;Chuva;Dupla;"Reta;Declive";Sim  ;"1063877   ";Ônibus;AGRALE/MASCA GRMICRO E O;"2023      ";Passageiro;Lesões Leves;"77   ";Feminino;"0 ";"1    ";"0    ";"0    ";-15.6387520;-47.7495990;SPRF-DF;DEL02-DF;UOP01-DEL02-DF 
595936;"1329848   ";2024-04-23;terça-feira;21:07:00;DF;"20   ";"13   ";BRASILIA;Sim;Acumulo de água sobre o pavimento;3;Tombamento;Com Vítimas Feridas;Plena Noite;Crescente;Chuva;Dupla;"Reta;Declive";Sim  ;"1063877   ";Ônibus;AGRALE/MASCA GRMICRO E O;"2023      ";Passageiro;Lesões Leves;"68   ";Feminino;"0 ";"1    ";"0    ";"0    ";-15.6387520;-47.7495990;SPRF-DF;DEL02-DF;UOP01-DEL02-DF 
595936;"1329851   ";2024-04-23;terça-feira;21:07:00;DF;"20   ";"13   ";BRASILIA;Sim;Acumulo de água sobre o pavimento;3;Tombamento;Com Vítimas Feridas;Plena Noite;Crescente;Chuva;Dupla;"Reta;Declive";Sim  ;"1063877   ";Ônibus;AGRALE/MASCA GRMICRO E O;"2023      ";Passageiro;Lesões Leves;"68   ";Feminino;"0 ";"1    ";"0    ";"0    ";-15.6387520;-47.7495990;SPRF-DF;DEL02-DF;UOP01-DEL02-DF 
595936;"1329847   ";2024-04-23;terça-feira;21:07:00;DF;"20   ";"13   ";BRASILIA;Sim;Acumulo de água sobre o pavimento;3;Tombamento;Com Vítimas Feridas;Plena Noite;Crescente;Chuva;Dupla;"Reta;Declive";Sim  ;"1063877   ";Ônibus;AGRALE/MASCA GRMICRO E O;"2023      ";Passageiro;Lesões Leves;"68   ";Masculino;"0 ";"1    ";"0    ";"0    ";-15.6387520;-47.7495990;SPRF-DF;DEL02-DF;UOP01-DEL02-DF 
595936;"1328166   ";2024-04-23;terça-feira;21:07:00;DF;"20   ";"13   ";BRASILIA;Sim;Acumulo de água sobre o pavimento;2;Colisão com objeto;Com Vítimas Feridas;Plena Noite;Crescente;Chuva;Dupla;"Reta;Declive";Sim  ;"1063877   ";Ônibus;AGRALE/MASCA GRMICRO E O;"2023      ";Condutor;Lesões Leves;"46   ";Masculino;"0 ";"1    ";"0    ";"0    ";-15.6387520;-47.7495990;SPRF-DF;DEL02-DF;UOP01-DEL02-DF 
595936;"1329850   ";2024-04-23;terça-feira;21:07:00;DF;"20   ";"13   ";BRASILIA;Sim;Acumulo de água sobre o pavimento;2;Colisão com objeto;Com Vítimas Feridas;Plena Noite;Crescente;Chuva;Dupla;"Reta;Declive";Sim  ;"1063877   ";Ônibus;AGRALE/MASCA GRMICRO E O;"2023      ";Passageiro;Lesões Leves;"49   ";Feminino;"0 ";"1    ";"0    ";"0    ";-15.6387520;-47.7495990;SPRF-DF;DEL02-DF;UOP01-DEL02-DF 
595936;"1329846   ";2024-04-23;terça-feira;21:07:00;DF;"20   ";"13   ";BRASILIA;Sim;Acumulo de água sobre o pavimento;2;Colisão com objeto;Com Vítimas Feridas;Plena Noite;Crescente;Chuva;Dupla;"Reta;Declive";Sim  ;"1063877   ";Ônibus;AGRALE/MASCA GRMICRO E O;"2023      ";Passageiro;Lesões Leves;"73   ";Feminino;"0 ";"1    ";"0    ";"0    ";-15.6387520;-47.7495990;SPRF-DF;DEL02-DF;UOP01-DEL02-DF 
595936;"1329849   ";2024-04-23;terça-feira;21:07:00;DF;"20   ";"13   ";BRASILIA;Sim;Acumulo de água sobre o pavimento;2;Colisão com objeto;Com Vítimas Feridas;Plena Noite;Crescente;Chuva;Dupla;"Reta;Declive";Sim  ;"1063877   ";Ônibus;AGRALE/MASCA GRMICRO E O;"2023      ";Passageiro;Lesões Leves;"47   ";Feminino;"0 ";"1    ";"0    ";"0    ";-15.6387520;-47.7495990;SPRF-DF;DEL02-DF;UOP01-DEL02-DF 
595936;"1329844   ";2024-04-23;terça-feira;21:07:00;DF;"20   ";"13   ";BRASILIA;Sim;Acumulo de água sobre o pavimento;2;Colisão com objeto;Com Vítimas Feridas;Plena Noite;Crescente;Chuva;Dupla;"Reta;Declive";Sim  ;"1063877   ";Ônibus;AGRALE/MASCA GRMICRO E O;"2023      ";Passageiro;Lesões Leves;"64   ";Feminino;"0 ";"1    ";"0    ";"0    ";-15.6387520;-47.7495990;SPRF-DF;DEL02-DF;UOP01-DEL02-DF 
595936;"1329845   ";2024-04-23;terça-feira;21:07:00;DF;"20   ";"13   ";BRASILIA;Sim;Acumulo de água sobre o pavimento;2;Colisão com objeto;Com Vítimas Feridas;Plena Noite;Crescente;Chuva;Dupla;"Reta;Declive";Sim  ;"1063877   ";Ônibus;AGRALE/MASCA GRMICRO E O;"2023      ";Passageiro;Lesões Leves;"77   ";Feminino;"0 ";"1    ";"0    ";"0    ";-15.6387520;-47.7495990;SPRF-DF;DEL02-DF;UOP01-DEL02-DF 
595936;"1329848   ";2024-04-23;terça-feira;21:07:00;DF;"20   ";"13   ";BRASILIA;Sim;Acumulo de água sobre o pavimento;2;Colisão com objeto;Com Vítimas Feridas;Plena Noite;Crescente;Chuva;Dupla;"Reta;Declive";Sim  ;"1063877   ";Ônibus;AGRALE/MASCA GRMICRO E O;"2023      ";Passageiro;Lesões Leves;"68   ";Feminino;"0 ";"1    ";"0    ";"0    ";-15.6387520;-47.7495990;SPRF-DF;DEL02-DF;UOP01-DEL02-DF 
595936;"1329851   ";2024-04-23;terça-feira;21:07:00;DF;"20   ";"13   ";BRASILIA;Sim;Acumulo de água sobre o pavimento;2;Colisão com objeto;Com Vítimas Feridas;Plena Noite;Crescente;Chuva;Dupla;"Reta;Declive";Sim  ;"1063877   ";Ônibus;AGRALE/MASCA GRMICRO E O;"2023      ";Passageiro;Lesões Leves;"68   ";Feminino;"0 ";"1    ";"0    ";"0    ";-15.6387520;-47.7495990;SPRF-DF;DEL02-DF;UOP01-DEL02-DF 
595936;"1329847   ";2024-04-23;terça-feira;21:07:00;DF;"20   ";"13   ";BRASILIA;Sim;Acumulo de água sobre o pavimento;2;Colisão com objeto;Com Vítimas Feridas;Plena Noite;Crescente;Chuva;Dupla;"Reta;Declive";Sim  ;"1063877   ";Ônibus;AGRALE/MASCA GRMICRO E O;"2023      ";Passageiro;Lesões Leves;"68   ";Masculino;"0 ";"1    ";"0    ";"0    ";-15.6387520;-47.7495990;SPRF-DF;DEL02-DF;UOP01-DEL02-DF 
595936;"1328166   ";2024-04-23;terça-feira;21:07:00;DF;"20   ";"13   ";BRASILIA;Sim;Acumulo de água sobre o pavimento;1;Saída de leito carroçável;Com Vítimas Feridas;Plena Noite;Crescente;Chuva;Dupla;"Reta;Declive";Sim  ;"1063877   ";Ônibus;AGRALE/MASCA GRMICRO E O;"2023      ";Condutor;Lesões Leves;"46   ";Masculino;"0 ";"1    ";"0    ";"0    ";-15.6387520;-47.7495990;SPRF-DF;DEL02-DF;UOP01-DEL02-DF 
595936;"1329850   ";2024-04-23;terça-feira;21:07:00;DF;"20   ";"13   ";BRASILIA;Sim;Acumulo de água sobre o pavimento;1;Saída de leito carroçável;Com Vítimas Feridas;Plena Noite;Crescente;Chuva;Dupla;"Reta;Declive";Sim  ;"1063877   ";Ônibus;AGRALE/MASCA GRMICRO E O;"2023      ";Passageiro;Lesões Leves;"49   ";Feminino;"0 ";"1    ";"0    ";"0    ";-15.6387520;-47.7495990;SPRF-DF;DEL02-DF;UOP01-DEL02-DF 