id;pesid;data_inversa;dia_semana;horario;uf;br;km;municipio;causa_principal;causa_acidente;ordem_tipo_acidente;tipo_acidente;classificacao_acidente;fase_dia;sentido_via;condicao_metereologica;tipo_pista;tracado_via;uso_solo;id_veiculo;tipo_veiculo;marca;ano_fabricacao_veiculo;tipo_envolvido;estado_fisico;idade;sexo;ilesos;feridos_leves;feridos_graves;mortos;latitude;longitude;regional;delegacia;uop
597253;"1331334   ";2024-04-29;segunda-feira;17:00:00;DF;"20   ";"6,7  ";BRASILIA;Sim;Acessar a via sem observar a presença dos outros veículos;1;Colisão lateral mesmo sentido;Com Vítimas Feridas;Pleno dia;Crescente;Céu Claro;Dupla;"Retorno Regulamentado;Reta";Sim  ;"1066469   ";Motocicleta;HONDA/CG 160 FAN;"2022      ";Condutor;Lesões Leves;"33   ";Masculino;"0 ";"1    ";"0    ";"0    ";-15.6658880;-47.8083080;SPRF-DF;DEL02-DF;UOP01-DEL02-DF 
597253;"1331333   ";2024-04-29;segunda-feira;17:00:00;DF;"20   ";"6,7  ";BRASILIA;Sim;Acessar a via sem observar a presença dos outros veículos;1;Colisão lateral mesmo sentido;Com Vítimas Feridas;Pleno dia;Crescente;Céu Claro;Dupla;"Retorno Regulamentado;Reta";Sim  ;"1066467   ";Automóvel;RENAULT/CLIO AUT 10 16VS;"2003      ";Condutor;Ileso;"64   ";Masculino;"1 ";"0    ";"0    ";"0    ";-15.6658880;-47.8083080;SPRF-DF;DEL02-DF;UOP01-DEL02-DF 
597276;"1331509   ";2024-04-29;segunda-feira;17:30:00;GO;"40   ";"12   ";LUZIANIA;Sim;Reação tardia ou ineficiente do condutor;1;Colisão lateral mesmo sentido;Com Vítimas Feridas;Plena Noite;Crescente;Céu Claro;Dupla;Reta;Não  ;"1066611   ";Automóvel;VW/GOL 16V PLUS;"2001      ";Condutor;Ileso;"45   ";Feminino;"1 ";"0    ";"0    ";"0    ";-16.1451230;-47.9453820;SPRF-DF;DEL01-DF;UOP01-DEL01-DF 
597276;"1331510   ";2024-04-29;segunda-feira;17:30:00;GO;"40   ";"12   ";LUZIANIA;Sim;Reação tardia ou ineficiente do condutor;1;Colisão lateral mesmo sentido;Com Vítimas Feridas;Plena Noite;Crescente;Céu Claro;Dupla;Reta;Não  ;"1066612   ";Motocicleta;HONDA/CG 125 FAN KS;"2011      ";Condutor;Lesões Leves;"29   ";Masculino;"0 ";"1    ";"0    ";"0    ";-16.1451230;-47.9453820;SPRF-DF;DEL01-DF;UOP01-DEL01-DF 
597298;"1331481   ";2024-04-29;segunda-feira;20:00:00;DF;"40   ";"4    ";BRASILIA;Não;Velocidade Incompatível;1;Atropelamento de Pedestre;Com Vítimas Feridas;Plena Noite;Crescente;Céu Claro;Dupla;Reta;Sim  ;"1066596   ";Automóvel;FIAT/MOBI EASY;"2016      ";Condutor;Ileso;"47   ";Masculino;"1 ";"0    ";"0    ";"0    ";-16.0120330;-47.9821240;SPRF-DF;DEL01-DF;UOP01-DEL01-DF 
597298;"1331482   ";2024-04-29;segunda-feira;20:00:00;DF;"40   ";"4    ";BRASILIA;Não;Velocidade Incompatível;1;Atropelamento de Pedestre;Com Vítimas Feridas;Plena Noite;Crescente;Céu Claro;Dupla;Reta;Sim  ;"0         ";"0";NA/NA;"0         ";Pedestre;Lesões Leves;"35   ";Masculino;"0 ";"1    ";"0    ";"0    ";-16.0120330;-47.9821240;SPRF-DF;DEL01-DF;UOP01-DEL01-DF 
597298;"1331481   ";2024-04-29;segunda-feira;20:00:00;DF;"40   ";"4    ";BRASILIA;Não;Reação tardia ou ineficiente do condutor;1;Atropelamento de Pedestre;Com Vítimas Feridas;Plena Noite;Crescente;Céu Claro;Dupla;Reta;Sim  ;"1066596   ";Automóvel;FIAT/MOBI EASY;"2016      ";Condutor;Ileso;"47   ";Masculino;"1 ";"0    ";"0    ";"0    ";-16.0120330;-47.9821240;SPRF-DF;DEL01-DF;UOP01-DEL01-DF 
597298;"1331482   ";2024-04-29;segunda-feira;20:00:00;DF;"40   ";"4    ";BRASILIA;Não;Reação tardia ou ineficiente do condutor;1;Atropelamento de Pedestre;Com Vítimas Feridas;Plena Noite;Crescente;Céu Claro;Dupla;Reta;Sim  ;"0         ";"0";NA/NA;"0         ";Pedestre;Lesões Leves;"35   ";Masculino;"0 ";"1    ";"0    ";"0    ";-16.0120330;-47.9821240;SPRF-DF;DEL01-DF;UOP01-DEL01-DF 
597298;"1331481   ";2024-04-29;segunda-feira;20:00:00;DF;"40   ";"4    ";BRASILIA;Não;Pedestre andava na pista;1;Atropelamento de Pedestre;Com Vítimas Feridas;Plena Noite;Crescente;Céu Claro;Dupla;Reta;Sim  ;"1066596   ";Automóvel;FIAT/MOBI EASY;"2016      ";Condutor;Ileso;"47   ";Masculino;"1 ";"0    ";"0    ";"0    ";-16.0120330;-47.9821240;SPRF-DF;DEL01-DF;UOP01-DEL01-DF 
597298;"1331482   ";2024-04-29;segunda-feira;20:00:00;DF;"40   ";"4    ";BRASILIA;Não;Pedestre andava na pista;1;Atropelamento de Pedestre;Com Vítimas Feridas;Plena Noite;Crescente;Céu Claro;Dupla;Reta;Sim  ;"0         ";"0";NA/NA;"0         ";Pedestre;Lesões Leves;"35   ";Masculino;"0 ";"1    ";"0    ";"0    ";-16.0120330;-47.9821240;SPRF-DF;DEL01-DF;UOP01-DEL01-DF 
597298;"1331481   ";2024-04-29;segunda-feira;20:00:00;DF;"40   ";"4    ";BRASILIA;Não;Condutor deixou de manter distância do veículo da frente;1;Atropelamento de Pedestre;Com Vítimas Feridas;Plena Noite;Crescente;Céu Claro;Dupla;Reta;Sim  ;"1066596   ";Automóvel;FIAT/MOBI EASY;"2016      ";Condutor;Ileso;"47   ";Masculino;"1 ";"0    ";"0    ";"0    ";-16.0120330;-47.9821240;SPRF-DF;DEL01-DF;UOP01-DEL01-DF 
597298;"1331482   ";2024-04-29;segunda-feira;20:00:00;DF;"40   ";"4    ";BRASILIA;Não;Condutor deixou de manter distância do veículo da frente;1;Atropelamento de Pedestre;Com Vítimas Feridas;Plena Noite;Crescente;Céu Claro;Dupla;Reta;Sim  ;"0         ";"0";NA/NA;"0         ";Pedestre;Lesões Leves;"35   ";Masculino;"0 ";"1    ";"0    ";"0    ";-16.0120330;-47.9821240;SPRF-DF;DEL01-DF;UOP01-DEL01-DF 
597298;"1331481   ";2024-04-29;segunda-feira;20:00:00;DF;"40   ";"4    ";BRASILIA;Sim;Manobra de mudança de faixa;1;Atropelamento de Pedestre;Com Vítimas Feridas;Plena Noite;Crescente;Céu Claro;Dupla;Reta;Sim  ;"1066596   ";Automóvel;FIAT/MOBI EASY;"2016      ";Condutor;Ileso;"47   ";Masculino;"1 ";"0    ";"0    ";"0    ";-16.0120330;-47.9821240;SPRF-DF;DEL01-DF;UOP01-DEL01-DF 
597298;"1331482   ";2024-04-29;segunda-feira;20:00:00;DF;"40   ";"4    ";BRASILIA;Sim;Manobra de mudança de faixa;1;Atropelamento de Pedestre;Com Vítimas Feridas;Plena Noite;Crescente;Céu Claro;Dupla;Reta;Sim  ;"0         ";"0";NA/NA;"0         ";Pedestre;Lesões Leves;"35   ";Masculino;"0 ";"1    ";"0    ";"0    ";-16.0120330;-47.9821240;SPRF-DF;DEL01-DF;UOP01-DEL01-DF 
597329;"1331601   ";2024-04-29;segunda-feira;23:44:00;GO;"70   ";"4    ";AGUAS LINDAS DE GOIAS;Não;Velocidade Incompatível;1;Capotamento;Com Vítimas Feridas;Plena Noite;Decrescente;Céu Claro;Dupla;"Curva;Declive";Não  ;"1066655   ";Automóvel;FIAT/UNO MILLE FIRE FLEX;"2006      ";Passageiro;Lesões Leves;"28   ";Feminino;"0 ";"1    ";"0    ";"0    ";-15.7598380;-48.2460110;SPRF-DF;DEL03-DF;UOP02-DEL03-DF 
597329;"1331600   ";2024-04-29;segunda-feira;23:44:00;GO;"70   ";"4    ";AGUAS LINDAS DE GOIAS;Não;Velocidade Incompatível;1;Capotamento;Com Vítimas Feridas;Plena Noite;Decrescente;Céu Claro;Dupla;"Curva;Declive";Não  ;"1066655   ";Automóvel;FIAT/UNO MILLE FIRE FLEX;"2006      ";Condutor;Lesões Graves;"27   ";Masculino;"0 ";"0    ";"1    ";"0    ";-15.7598380;-48.2460110;SPRF-DF;DEL03-DF;UOP02-DEL03-DF 
597329;"1331601   ";2024-04-29;segunda-feira;23:44:00;GO;"70   ";"4    ";AGUAS LINDAS DE GOIAS;Sim;Ausência de reação do condutor;1;Capotamento;Com Vítimas Feridas;Plena Noite;Decrescente;Céu Claro;Dupla;"Curva;Declive";Não  ;"1066655   ";Automóvel;FIAT/UNO MILLE FIRE FLEX;"2006      ";Passageiro;Lesões Leves;"28   ";Feminino;"0 ";"1    ";"0    ";"0    ";-15.7598380;-48.2460110;SPRF-DF;DEL03-DF;UOP02-DEL03-DF 
597329;"1331600   ";2024-04-29;segunda-feira;23:44:00;GO;"70   ";"4    ";AGUAS LINDAS DE GOIAS;Sim;Ausência de reação do condutor;1;Capotamento;Com Vítimas Feridas;Plena Noite;Decrescente;Céu Claro;Dupla;"Curva;Declive";Não  ;"1066655   ";Automóvel;FIAT/UNO MILLE FIRE FLEX;"2006      ";Condutor;Lesões Graves;"27   ";Masculino;"0 ";"0    ";"1    ";"0    ";-15.7598380;-48.2460110;SPRF-DF;DEL03-DF;UOP02-DEL03-DF 
597423;"1331865   ";2024-04-30;terça-feira;11:43:00;GO;"60   ";"31   ";ALEXANIA;Sim;Acessar a via sem observar a presença dos outros veículos;1;Colisão transversal;Com Vítimas Feridas;Pleno dia;Decrescente;Céu Claro;Dupla;Reta;Sim  ;"1066838   ";Motocicleta;HONDA/CG 160 TITAN;"2023      ";Condutor;Lesões Leves;"27   ";Masculino;"0 ";"1    ";"0    ";"0    ";-16.0963000;-48.5202000;SPRF-DF;DEL03-DF;UOP01-DEL03-DF 
597423;"1331864   ";2024-04-30;terça-feira;11:43:00;GO;"60   ";"31   ";ALEXANIA;Sim;Acessar a via sem observar a presença dos outros veículos;1;Colisão transversal;Com Vítimas Feridas;Pleno dia;Decrescente;Céu Claro;Dupla;Reta;Sim  ;"1066837   ";Caminhonete;FORD/F1000;"1987      ";Condutor;Ileso;"64   ";Masculino;"1 ";"0    ";"0    ";"0    ";-16.0963000;-48.5202000;SPRF-DF;DEL03-DF;UOP01-DEL03-DF 
597436;"1331841   ";2024-04-30;terça-feira;13:55:00;GO;"40   ";"7,5  ";VALPARAISO DE GOIAS;Sim;Acessar a via sem observar a presença dos outros veículos;2;Queda de ocupante de veículo;Com Vítimas Feridas;Pleno dia;Decrescente;Céu Claro;Dupla;"Reta;Retorno Regulamentado";Sim  ;"1066827   ";Camioneta;RENAULT/DUSTER 20 D 4X2A;"2013      ";Condutor;Ileso;"64   ";Feminino;"1 ";"0    ";"0    ";"0    ";-16.1084820;-47.9725240;SPRF-DF;DEL01-DF;UOP01-DEL01-DF 
597436;"1331844   ";2024-04-30;terça-feira;13:55:00;GO;"40   ";"7,5  ";VALPARAISO DE GOIAS;Sim;Acessar a via sem observar a presença dos outros veículos;2;Queda de ocupante de veículo;Com Vítimas Feridas;Pleno dia;Decrescente;Céu Claro;Dupla;"Reta;Retorno Regulamentado";Sim  ;"1066828   ";Motoneta;HONDA/BIZ 110I;"2023      ";Condutor;Lesões Leves;"29   ";Masculino;"0 ";"1    ";"0    ";"0    ";-16.1084820;-47.9725240;SPRF-DF;DEL01-DF;UOP01-DEL01-DF 
597436;"1331841   ";2024-04-30;terça-feira;13:55:00;GO;"40   ";"7,5  ";VALPARAISO DE GOIAS;Sim;Acessar a via sem observar a presença dos outros veículos;1;Colisão lateral mesmo sentido;Com Vítimas Feridas;Pleno dia;Decrescente;Céu Claro;Dupla;"Reta;Retorno Regulamentado";Sim  ;"1066827   ";Camioneta;RENAULT/DUSTER 20 D 4X2A;"2013      ";Condutor;Ileso;"64   ";Feminino;"1 ";"0    ";"0    ";"0    ";-16.1084820;-47.9725240;SPRF-DF;DEL01-DF;UOP01-DEL01-DF 
597436;"1331844   ";2024-04-30;terça-feira;13:55:00;GO;"40   ";"7,5  ";VALPARAISO DE GOIAS;Sim;Acessar a via sem observar a presença dos outros veículos;1;Colisão lateral mesmo sentido;Com Vítimas Feridas;Pleno dia;Decrescente;Céu Claro;Dupla;"Reta;Retorno Regulamentado";Sim  ;"1066828   ";Motoneta;HONDA/BIZ 110I;"2023      ";Condutor;Lesões Leves;"29   ";Masculino;"0 ";"1    ";"0    ";"0    ";-16.1084820;-47.9725240;SPRF-DF;DEL01-DF;UOP01-DEL01-DF 
597548;"1332121   ";2024-05-01;quarta-feira;02:55:00;GO;"40   ";"1    ";VALPARAISO DE GOIAS;Sim;Ingestão de álcool pelo condutor;4;Colisão com objeto;Com Vítimas Feridas;Plena Noite;Crescente;Céu Claro;Dupla;"Reta;Declive";Sim  ;"1067026   ";Automóvel;I/PEUGEOT 208 ALLURE 1AT;"2021      ";Condutor;Lesões Leves;"23   ";Feminino;"0 ";"1    ";"0    ";"0    ";-16.0582450;-47.9828250;SPRF-DF;DEL01-DF;UOP01-DEL01-DF 
597548;"1332124   ";2024-05-01;quarta-feira;02:55:00;GO;"40   ";"1    ";VALPARAISO DE GOIAS;Sim;Ingestão de álcool pelo condutor;4;Colisão com objeto;Com Vítimas Feridas;Plena Noite;Crescente;Céu Claro;Dupla;"Reta;Declive";Sim  ;"1067028   ";Automóvel;VW/FOX 1.0 GII;"2009      ";Condutor;Ileso;"30   ";Masculino;"1 ";"0    ";"0    ";"0    ";-16.0582450;-47.9828250;SPRF-DF;DEL01-DF;UOP01-DEL01-DF 
597548;"1332125   ";2024-05-01;quarta-feira;02:55:00;GO;"40   ";"1    ";VALPARAISO DE GOIAS;Sim;Ingestão de álcool pelo condutor;4;Colisão com objeto;Com Vítimas Feridas;Plena Noite;Crescente;Céu Claro;Dupla;"Reta;Declive";Sim  ;"0         ";"0";NA/NA;"0         ";Testemunha;Não Informado;"0    ";Não Informado;"0 ";"0    ";"0    ";"0    ";-16.0582450;-47.9828250;SPRF-DF;DEL01-DF;UOP01-DEL01-DF 
597548;"1332121   ";2024-05-01;quarta-feira;02:55:00;GO;"40   ";"1    ";VALPARAISO DE GOIAS;Sim;Ingestão de álcool pelo condutor;3;Saída de leito carroçável;Com Vítimas Feridas;Plena Noite;Crescente;Céu Claro;Dupla;"Reta;Declive";Sim  ;"1067026   ";Automóvel;I/PEUGEOT 208 ALLURE 1AT;"2021      ";Condutor;Lesões Leves;"23   ";Feminino;"0 ";"1    ";"0    ";"0    ";-16.0582450;-47.9828250;SPRF-DF;DEL01-DF;UOP01-DEL01-DF 
597548;"1332124   ";2024-05-01;quarta-feira;02:55:00;GO;"40   ";"1    ";VALPARAISO DE GOIAS;Sim;Ingestão de álcool pelo condutor;3;Saída de leito carroçável;Com Vítimas Feridas;Plena Noite;Crescente;Céu Claro;Dupla;"Reta;Declive";Sim  ;"1067028   ";Automóvel;VW/FOX 1.0 GII;"2009      ";Condutor;Ileso;"30   ";Masculino;"1 ";"0    ";"0    ";"0    ";-16.0582450;-47.9828250;SPRF-DF;DEL01-DF;UOP01-DEL01-DF 
597548;"1332125   ";2024-05-01;quarta-feira;02:55:00;GO;"40   ";"1    ";VALPARAISO DE GOIAS;Sim;Ingestão de álcool pelo condutor;3;Saída de leito carroçável;Com Vítimas Feridas;Plena Noite;Crescente;Céu Claro;Dupla;"Reta;Declive";Sim  ;"0         ";"0";NA/NA;"0         ";Testemunha;Não Informado;"0    ";Não Informado;"0 ";"0    ";"0    ";"0    ";-16.0582450;-47.9828250;SPRF-DF;DEL01-DF;UOP01-DEL01-DF 
597548;"1332121   ";2024-05-01;quarta-feira;02:55:00;GO;"40   ";"1    ";VALPARAISO DE GOIAS;Sim;Ingestão de álcool pelo condutor;2;Saída de leito carroçável;Com Vítimas Feridas;Plena Noite;Crescente;Céu Claro;Dupla;"Reta;Declive";Sim  ;"1067026   ";Automóvel;I/PEUGEOT 208 ALLURE 1AT;"2021      ";Condutor;Lesões Leves;"23   ";Feminino;"0 ";"1    ";"0    ";"0    ";-16.0582450;-47.9828250;SPRF-DF;DEL01-DF;UOP01-DEL01-DF 
597548;"1332124   ";2024-05-01;quarta-feira;02:55:00;GO;"40   ";"1    ";VALPARAISO DE GOIAS;Sim;Ingestão de álcool pelo condutor;2;Saída de leito carroçável;Com Vítimas Feridas;Plena Noite;Crescente;Céu Claro;Dupla;"Reta;Declive";Sim  ;"1067028   ";Automóvel;VW/FOX 1.0 GII;"2009      ";Condutor;Ileso;"30   ";Masculino;"1 ";"0    ";"0    ";"0    ";-16.0582450;-47.9828250;SPRF-DF;DEL01-DF;UOP01-DEL01-DF 
597548;"1332125   ";2024-05-01;quarta-feira;02:55:00;GO;"40   ";"1    ";VALPARAISO DE GOIAS;Sim;Ingestão de álcool pelo condutor;2;Saída de leito carroçável;Com Vítimas Feridas;Plena Noite;Crescente;Céu Claro;Dupla;"Reta;Declive";Sim  ;"0         ";"0";NA/NA;"0         ";Testemunha;Não Informado;"0    ";Não Informado;"0 ";"0    ";"0    ";"0    ";-16.0582450;-47.9828250;SPRF-DF;DEL01-DF;UOP01-DEL01-DF 
597548;"1332121   ";2024-05-01;quarta-feira;02:55:00;GO;"40   ";"1    ";VALPARAISO DE GOIAS;Sim;Ingestão de álcool pelo condutor;1;Colisão traseira;Com Vítimas Feridas;Plena Noite;Crescente;Céu Claro;Dupla;"Reta;Declive";Sim  ;"1067026   ";Automóvel;I/PEUGEOT 208 ALLURE 1AT;"2021      ";Condutor;Lesões Leves;"23   ";Feminino;"0 ";"1    ";"0    ";"0    ";-16.0582450;-47.9828250;SPRF-DF;DEL01-DF;UOP01-DEL01-DF 
597548;"1332124   ";2024-05-01;quarta-feira;02:55:00;GO;"40   ";"1    ";VALPARAISO DE GOIAS;Sim;Ingestão de álcool pelo condutor;1;Colisão traseira;Com Vítimas Feridas;Plena Noite;Crescente;Céu Claro;Dupla;"Reta;Declive";Sim  ;"1067028   ";Automóvel;VW/FOX 1.0 GII;"2009      ";Condutor;Ileso;"30   ";Masculino;"1 ";"0    ";"0    ";"0    ";-16.0582450;-47.9828250;SPRF-DF;DEL01-DF;UOP01-DEL01-DF 
597548;"1332125   ";2024-05-01;quarta-feira;02:55:00;GO;"40   ";"1    ";VALPARAISO DE GOIAS;Sim;Ingestão de álcool pelo condutor;1;Colisão traseira;Com Vítimas Feridas;Plena Noite;Crescente;Céu Claro;Dupla;"Reta;Declive";Sim  ;"0         ";"0";NA/NA;"0         ";Testemunha;Não Informado;"0    ";Não Informado;"0 ";"0    ";"0    ";"0    ";-16.0582450;-47.9828250;SPRF-DF;DEL01-DF;UOP01-DEL01-DF 
597560;"1332162   ";2024-05-01;quarta-feira;05:00:00;GO;"414  ";"339,7";COCALZINHO DE GOIAS;Não;Velocidade Incompatível;1;Saída de leito carroçável;Com Vítimas Feridas;Plena Noite;Crescente;Ignorado;Simples;Reta;Não  ;"1067073   ";Automóvel;I/VW JETTA 2.0;"2012      ";Condutor;Lesões Leves;"56   ";Feminino;"0 ";"1    ";"0    ";"0    ";-15.5809930;-48.6286620;SPRF-GO;DEL02-GO;UOP01-DEL02-GO 
597560;"1332163   ";2024-05-01;quarta-feira;05:00:00;GO;"414  ";"339,7";COCALZINHO DE GOIAS;Não;Velocidade Incompatível;1;Saída de leito carroçável;Com Vítimas Feridas;Plena Noite;Crescente;Ignorado;Simples;Reta;Não  ;"1067073   ";Automóvel;I/VW JETTA 2.0;"2012      ";Passageiro;Lesões Leves;"52   ";Masculino;"0 ";"1    ";"0    ";"0    ";-15.5809930;-48.6286620;SPRF-GO;DEL02-GO;UOP01-DEL02-GO 
597560;"1332162   ";2024-05-01;quarta-feira;05:00:00;GO;"414  ";"339,7";COCALZINHO DE GOIAS;Não;Condutor Dormindo;1;Saída de leito carroçável;Com Vítimas Feridas;Plena Noite;Crescente;Ignorado;Simples;Reta;Não  ;"1067073   ";Automóvel;I/VW JETTA 2.0;"2012      ";Condutor;Lesões Leves;"56   ";Feminino;"0 ";"1    ";"0    ";"0    ";-15.5809930;-48.6286620;SPRF-GO;DEL02-GO;UOP01-DEL02-GO 
597560;"1332163   ";2024-05-01;quarta-feira;05:00:00;GO;"414  ";"339,7";COCALZINHO DE GOIAS;Não;Condutor Dormindo;1;Saída de leito carroçável;Com Vítimas Feridas;Plena Noite;Crescente;Ignorado;Simples;Reta;Não  ;"1067073   ";Automóvel;I/VW JETTA 2.0;"2012      ";Passageiro;Lesões Leves;"52   ";Masculino;"0 ";"1    ";"0    ";"0    ";-15.5809930;-48.6286620;SPRF-GO;DEL02-GO;UOP01-DEL02-GO 
597560;"1332162   ";2024-05-01;quarta-feira;05:00:00;GO;"414  ";"339,7";COCALZINHO DE GOIAS;Sim;Animais na Pista;1;Saída de leito carroçável;Com Vítimas Feridas;Plena Noite;Crescente;Ignorado;Simples;Reta;Não  ;"1067073   ";Automóvel;I/VW JETTA 2.0;"2012      ";Condutor;Lesões Leves;"56   ";Feminino;"0 ";"1    ";"0    ";"0    ";-15.5809930;-48.6286620;SPRF-GO;DEL02-GO;UOP01-DEL02-GO 
597560;"1332163   ";2024-05-01;quarta-feira;05:00:00;GO;"414  ";"339,7";COCALZINHO DE GOIAS;Sim;Animais na Pista;1;Saída de leito carroçável;Com Vítimas Feridas;Plena Noite;Crescente;Ignorado;Simples;Reta;Não  ;"1067073   ";Automóvel;I/VW JETTA 2.0;"2012      ";Passageiro;Lesões Leves;"52   ";Masculino;"0 ";"1    ";"0    ";"0    ";-15.5809930;-48.6286620;SPRF-GO;DEL02-GO;UOP01-DEL02-GO 
597653;"1332632   ";2024-05-01;quarta-feira;17:54:00;GO;"40   ";"24   ";LUZIANIA;Sim;Acessar a via sem observar a presença dos outros veículos;1;Colisão transversal;Com Vítimas Feridas;Plena Noite;Crescente;Céu Claro;Dupla;Reta;Sim  ;"1067392   ";Automóvel;FIAT/UNO ECONOMY;"2013      ";Condutor;Ileso;"44   ";Masculino;"1 ";"0    ";"0    ";"0    ";-16.2527380;-47.9004370;SPRF-DF;DEL01-DF;UOP01-DEL01-DF 
597653;"1334639   ";2024-05-01;quarta-feira;17:54:00;GO;"40   ";"24   ";LUZIANIA;Sim;Acessar a via sem observar a presença dos outros veículos;1;Colisão transversal;Com Vítimas Feridas;Plena Noite;Crescente;Céu Claro;Dupla;Reta;Sim  ;"1067392   ";Automóvel;FIAT/UNO ECONOMY;"2013      ";Passageiro;Ileso;"44   ";Feminino;"1 ";"0    ";"0    ";"0    ";-16.2527380;-47.9004370;SPRF-DF;DEL01-DF;UOP01-DEL01-DF 
597653;"1334641   ";2024-05-01;quarta-feira;17:54:00;GO;"40   ";"24   ";LUZIANIA;Sim;Acessar a via sem observar a presença dos outros veículos;1;Colisão transversal;Com Vítimas Feridas;Plena Noite;Crescente;Céu Claro;Dupla;Reta;Sim  ;"1069016   ";Automóvel;FORD/KA SE 1.0 HA B;"2017      ";Condutor;Ileso;"41   ";Masculino;"1 ";"0    ";"0    ";"0    ";-16.2527380;-47.9004370;SPRF-DF;DEL01-DF;UOP01-DEL01-DF 
597653;"1334659   ";2024-05-01;quarta-feira;17:54:00;GO;"40   ";"24   ";LUZIANIA;Sim;Acessar a via sem observar a presença dos outros veículos;1;Colisão transversal;Com Vítimas Feridas;Plena Noite;Crescente;Céu Claro;Dupla;Reta;Sim  ;"1069016   ";Automóvel;FORD/KA SE 1.0 HA B;"2017      ";Passageiro;Ileso;"36   ";Masculino;"1 ";"0    ";"0    ";"0    ";-16.2527380;-47.9004370;SPRF-DF;DEL01-DF;UOP01-DEL01-DF 
597653;"1334642   ";2024-05-01;quarta-feira;17:54:00;GO;"40   ";"24   ";LUZIANIA;Sim;Acessar a via sem observar a presença dos outros veículos;1;Colisão transversal;Com Vítimas Feridas;Plena Noite;Crescente;Céu Claro;Dupla;Reta;Sim  ;"1069016   ";Automóvel;FORD/KA SE 1.0 HA B;"2017      ";Passageiro;Lesões Leves;"25   ";Feminino;"0 ";"1    ";"0    ";"0    ";-16.2527380;-47.9004370;SPRF-DF;DEL01-DF;UOP01-DEL01-DF 
597666;"1332472   ";2024-05-01;quarta-feira;16:50:00;GO;"80   ";"111  ";VILA PROPICIO;Sim;Acessar a via sem observar a presença dos outros veículos;1;Colisão lateral mesmo sentido;Com Vítimas Feridas;Anoitecer;Decrescente;Céu Claro;Simples;"Interseção de Vias;Reta;Declive";Não  ;"1067247   ";Automóvel;HYUNDAI/HB20S 16A VISION;"2021      ";Passageiro;Ileso;"4    ";Masculino;"1 ";"0    ";"0    ";"0    ";-15.2088750;-48.6973120;SPRF-GO;DEL07-GO;UOP02-DEL07-GO 
597666;"1332461   ";2024-05-01;quarta-feira;16:50:00;GO;"80   ";"111  ";VILA PROPICIO;Sim;Acessar a via sem observar a presença dos outros veículos;1;Colisão lateral mesmo sentido;Com Vítimas Feridas;Anoitecer;Decrescente;Céu Claro;Simples;"Interseção de Vias;Reta;Declive";Não  ;"1067247   ";Automóvel;HYUNDAI/HB20S 16A VISION;"2021      ";Condutor;Ileso;"41   ";Feminino;"1 ";"0    ";"0    ";"0    ";-15.2088750;-48.6973120;SPRF-GO;DEL07-GO;UOP02-DEL07-GO 
597666;"1332462   ";2024-05-01;quarta-feira;16:50:00;GO;"80   ";"111  ";VILA PROPICIO;Sim;Acessar a via sem observar a presença dos outros veículos;1;Colisão lateral mesmo sentido;Com Vítimas Feridas;Anoitecer;Decrescente;Céu Claro;Simples;"Interseção de Vias;Reta;Declive";Não  ;"1067248   ";Motocicleta;HONDA/NXR160 BROS ESDD;"2021      ";Condutor;Lesões Leves;"73   ";Masculino;"0 ";"1    ";"0    ";"0    ";-15.2088750;-48.6973120;SPRF-GO;DEL07-GO;UOP02-DEL07-GO 
597687;"1332561   ";2024-05-01;quarta-feira;21:00:00;GO;"20   ";"181,1";SIMOLANDIA;Não;Ingestão de álcool pelo condutor;1;Atropelamento de Pedestre;Com Vítimas Fatais;Plena Noite;Crescente;Céu Claro;Dupla;"Reta;Retorno Regulamentado";Sim  ;"1067331   ";Caminhonete;CHEVROLET/S10 LT FD2;"2013      ";Passageiro;Ileso;"53   ";Feminino;"1 ";"0    ";"0    ";"0    ";-14.4708010;-46.4861830;SPRF-DF;DEL02-DF;UOP03-DEL02-DF 
597687;"1332560   ";2024-05-01;quarta-feira;21:00:00;GO;"20   ";"181,1";SIMOLANDIA;Não;Ingestão de álcool pelo condutor;1;Atropelamento de Pedestre;Com Vítimas Fatais;Plena Noite;Crescente;Céu Claro;Dupla;"Reta;Retorno Regulamentado";Sim  ;"1067331   ";Caminhonete;CHEVROLET/S10 LT FD2;"2013      ";Condutor;Ileso;"52   ";Masculino;"1 ";"0    ";"0    ";"0    ";-14.4708010;-46.4861830;SPRF-DF;DEL02-DF;UOP03-DEL02-DF 
597687;"1332559   ";2024-05-01;quarta-feira;21:00:00;GO;"20   ";"181,1";SIMOLANDIA;Não;Ingestão de álcool pelo condutor;1;Atropelamento de Pedestre;Com Vítimas Fatais;Plena Noite;Crescente;Céu Claro;Dupla;"Reta;Retorno Regulamentado";Sim  ;"1067330   ";Automóvel;VW/PARATI 1.6 TRACKFIELD;"2007      ";Condutor;Ileso;"36   ";Masculino;"1 ";"0    ";"0    ";"0    ";-14.4708010;-46.4861830;SPRF-DF;DEL02-DF;UOP03-DEL02-DF 