id;pesid;data_inversa;dia_semana;horario;uf;br;km;municipio;causa_principal;causa_acidente;ordem_tipo_acidente;tipo_acidente;classificacao_acidente;fase_dia;sentido_via;condicao_metereologica;tipo_pista;tracado_via;uso_solo;id_veiculo;tipo_veiculo;marca;ano_fabricacao_veiculo;tipo_envolvido;estado_fisico;idade;sexo;ilesos;feridos_leves;feridos_graves;mortos;latitude;longitude;regional;delegacia;uop
598035;"1333576   ";2024-05-03;sexta-feira;16:38:00;GO;"40   ";"9    ";LUZIANIA;Sim;Pedestre cruzava a pista fora da faixa;1;Atropelamento de Pedestre;Com Vítimas Feridas;Pleno dia;Crescente;Céu Claro;Dupla;Reta;Sim  ;"0         ";"0";NA/NA;"0         ";Pedestre;Lesões Leves;"55   ";Masculino;"0 ";"1    ";"0    ";"0    ";-16.1311580;-47.9577390;SPRF-DF;DEL01-DF;UOP01-DEL01-DF 
598158;"1335145   ";2024-05-04;sábado;07:00:00;DF;"70   ";"14   ";BRASILIA;Sim;Ausência de reação do condutor;2;Queda de ocupante de veículo;Com Vítimas Feridas;Pleno dia;Decrescente;Céu Claro;Dupla;Reta;Sim  ;"1069407   ";Automóvel;I/JAC J2 1.4;"2013      ";Condutor;Ileso;"28   ";Feminino;"1 ";"0    ";"0    ";"0    ";-15.7973120;-48.1760560;SPRF-DF;DEL03-DF;UOP02-DEL03-DF 
598158;"1335143   ";2024-05-04;sábado;07:00:00;DF;"70   ";"14   ";BRASILIA;Sim;Ausência de reação do condutor;2;Queda de ocupante de veículo;Com Vítimas Feridas;Pleno dia;Decrescente;Céu Claro;Dupla;Reta;Sim  ;"1069408   ";Bicicleta;Não Informado/Não Informado;"0         ";Condutor;Lesões Leves;"35   ";Masculino;"0 ";"1    ";"0    ";"0    ";-15.7973120;-48.1760560;SPRF-DF;DEL03-DF;UOP02-DEL03-DF 
598158;"1335145   ";2024-05-04;sábado;07:00:00;DF;"70   ";"14   ";BRASILIA;Sim;Ausência de reação do condutor;1;Colisão traseira;Com Vítimas Feridas;Pleno dia;Decrescente;Céu Claro;Dupla;Reta;Sim  ;"1069407   ";Automóvel;I/JAC J2 1.4;"2013      ";Condutor;Ileso;"28   ";Feminino;"1 ";"0    ";"0    ";"0    ";-15.7973120;-48.1760560;SPRF-DF;DEL03-DF;UOP02-DEL03-DF 
598158;"1335143   ";2024-05-04;sábado;07:00:00;DF;"70   ";"14   ";BRASILIA;Sim;Ausência de reação do condutor;1;Colisão traseira;Com Vítimas Feridas;Pleno dia;Decrescente;Céu Claro;Dupla;Reta;Sim  ;"1069408   ";Bicicleta;Não Informado/Não Informado;"0         ";Condutor;Lesões Leves;"35   ";Masculino;"0 ";"1    ";"0    ";"0    ";-15.7973120;-48.1760560;SPRF-DF;DEL03-DF;UOP02-DEL03-DF 
598179;"1333695   ";2024-05-04;sábado;08:45:00;DF;"60   ";"6,4  ";BRASILIA;Não;Ingestão de substâncias psicoativas pelo condutor;3;Queda de ocupante de veículo;Com Vítimas Feridas;Pleno dia;Decrescente;Céu Claro;Dupla;Reta;Sim  ;"1068269   ";Motocicleta;HONDA/CG 160 FAN;"2022      ";Condutor;Lesões Leves;"30   ";Masculino;"0 ";"1    ";"0    ";"0    ";-15.8979390;-48.1130560;SPRF-DF;DEL03-DF;UOP01-DEL03-DF 
598179;"1333703   ";2024-05-04;sábado;08:45:00;DF;"60   ";"6,4  ";BRASILIA;Não;Ingestão de substâncias psicoativas pelo condutor;3;Queda de ocupante de veículo;Com Vítimas Feridas;Pleno dia;Decrescente;Céu Claro;Dupla;Reta;Sim  ;"0         ";"0";NA/NA;"0         ";Testemunha;Não Informado;"0    ";Não Informado;"0 ";"0    ";"0    ";"0    ";-15.8979390;-48.1130560;SPRF-DF;DEL03-DF;UOP01-DEL03-DF 
598179;"1333695   ";2024-05-04;sábado;08:45:00;DF;"60   ";"6,4  ";BRASILIA;Sim;Condutor Dormindo;3;Queda de ocupante de veículo;Com Vítimas Feridas;Pleno dia;Decrescente;Céu Claro;Dupla;Reta;Sim  ;"1068269   ";Motocicleta;HONDA/CG 160 FAN;"2022      ";Condutor;Lesões Leves;"30   ";Masculino;"0 ";"1    ";"0    ";"0    ";-15.8979390;-48.1130560;SPRF-DF;DEL03-DF;UOP01-DEL03-DF 
598179;"1333703   ";2024-05-04;sábado;08:45:00;DF;"60   ";"6,4  ";BRASILIA;Sim;Condutor Dormindo;3;Queda de ocupante de veículo;Com Vítimas Feridas;Pleno dia;Decrescente;Céu Claro;Dupla;Reta;Sim  ;"0         ";"0";NA/NA;"0         ";Testemunha;Não Informado;"0    ";Não Informado;"0 ";"0    ";"0    ";"0    ";-15.8979390;-48.1130560;SPRF-DF;DEL03-DF;UOP01-DEL03-DF 
598179;"1333695   ";2024-05-04;sábado;08:45:00;DF;"60   ";"6,4  ";BRASILIA;Não;Ingestão de substâncias psicoativas pelo condutor;2;Tombamento;Com Vítimas Feridas;Pleno dia;Decrescente;Céu Claro;Dupla;Reta;Sim  ;"1068269   ";Motocicleta;HONDA/CG 160 FAN;"2022      ";Condutor;Lesões Leves;"30   ";Masculino;"0 ";"1    ";"0    ";"0    ";-15.8979390;-48.1130560;SPRF-DF;DEL03-DF;UOP01-DEL03-DF 
598179;"1333703   ";2024-05-04;sábado;08:45:00;DF;"60   ";"6,4  ";BRASILIA;Não;Ingestão de substâncias psicoativas pelo condutor;2;Tombamento;Com Vítimas Feridas;Pleno dia;Decrescente;Céu Claro;Dupla;Reta;Sim  ;"0         ";"0";NA/NA;"0         ";Testemunha;Não Informado;"0    ";Não Informado;"0 ";"0    ";"0    ";"0    ";-15.8979390;-48.1130560;SPRF-DF;DEL03-DF;UOP01-DEL03-DF 
598179;"1333695   ";2024-05-04;sábado;08:45:00;DF;"60   ";"6,4  ";BRASILIA;Sim;Condutor Dormindo;2;Tombamento;Com Vítimas Feridas;Pleno dia;Decrescente;Céu Claro;Dupla;Reta;Sim  ;"1068269   ";Motocicleta;HONDA/CG 160 FAN;"2022      ";Condutor;Lesões Leves;"30   ";Masculino;"0 ";"1    ";"0    ";"0    ";-15.8979390;-48.1130560;SPRF-DF;DEL03-DF;UOP01-DEL03-DF 
598179;"1333703   ";2024-05-04;sábado;08:45:00;DF;"60   ";"6,4  ";BRASILIA;Sim;Condutor Dormindo;2;Tombamento;Com Vítimas Feridas;Pleno dia;Decrescente;Céu Claro;Dupla;Reta;Sim  ;"0         ";"0";NA/NA;"0         ";Testemunha;Não Informado;"0    ";Não Informado;"0 ";"0    ";"0    ";"0    ";-15.8979390;-48.1130560;SPRF-DF;DEL03-DF;UOP01-DEL03-DF 
598179;"1333695   ";2024-05-04;sábado;08:45:00;DF;"60   ";"6,4  ";BRASILIA;Não;Ingestão de substâncias psicoativas pelo condutor;1;Saída de leito carroçável;Com Vítimas Feridas;Pleno dia;Decrescente;Céu Claro;Dupla;Reta;Sim  ;"1068269   ";Motocicleta;HONDA/CG 160 FAN;"2022      ";Condutor;Lesões Leves;"30   ";Masculino;"0 ";"1    ";"0    ";"0    ";-15.8979390;-48.1130560;SPRF-DF;DEL03-DF;UOP01-DEL03-DF 
598179;"1333703   ";2024-05-04;sábado;08:45:00;DF;"60   ";"6,4  ";BRASILIA;Não;Ingestão de substâncias psicoativas pelo condutor;1;Saída de leito carroçável;Com Vítimas Feridas;Pleno dia;Decrescente;Céu Claro;Dupla;Reta;Sim  ;"0         ";"0";NA/NA;"0         ";Testemunha;Não Informado;"0    ";Não Informado;"0 ";"0    ";"0    ";"0    ";-15.8979390;-48.1130560;SPRF-DF;DEL03-DF;UOP01-DEL03-DF 
598179;"1333695   ";2024-05-04;sábado;08:45:00;DF;"60   ";"6,4  ";BRASILIA;Sim;Condutor Dormindo;1;Saída de leito carroçável;Com Vítimas Feridas;Pleno dia;Decrescente;Céu Claro;Dupla;Reta;Sim  ;"1068269   ";Motocicleta;HONDA/CG 160 FAN;"2022      ";Condutor;Lesões Leves;"30   ";Masculino;"0 ";"1    ";"0    ";"0    ";-15.8979390;-48.1130560;SPRF-DF;DEL03-DF;UOP01-DEL03-DF 
598179;"1333703   ";2024-05-04;sábado;08:45:00;DF;"60   ";"6,4  ";BRASILIA;Sim;Condutor Dormindo;1;Saída de leito carroçável;Com Vítimas Feridas;Pleno dia;Decrescente;Céu Claro;Dupla;Reta;Sim  ;"0         ";"0";NA/NA;"0         ";Testemunha;Não Informado;"0    ";Não Informado;"0 ";"0    ";"0    ";"0    ";-15.8979390;-48.1130560;SPRF-DF;DEL03-DF;UOP01-DEL03-DF 
598182;"1333689   ";2024-05-04;sábado;08:40:00;DF;"60   ";"20,2 ";BRASILIA;Sim;Demais falhas mecânicas ou elétricas;2;Queda de ocupante de veículo;Com Vítimas Feridas;Pleno dia;Decrescente;Céu Claro;Dupla;Reta;Não  ;"1068265   ";Motocicleta;YAMAHA/YBR125I FACTOR ED;"2024      ";Condutor;Lesões Leves;"21   ";Masculino;"0 ";"1    ";"0    ";"0    ";-15.9799090;-48.2069780;SPRF-DF;DEL03-DF;UOP01-DEL03-DF 
598182;"1333690   ";2024-05-04;sábado;08:40:00;DF;"60   ";"20,2 ";BRASILIA;Sim;Demais falhas mecânicas ou elétricas;2;Queda de ocupante de veículo;Com Vítimas Feridas;Pleno dia;Decrescente;Céu Claro;Dupla;Reta;Não  ;"1068265   ";Motocicleta;YAMAHA/YBR125I FACTOR ED;"2024      ";Passageiro;Lesões Leves;"17   ";Feminino;"0 ";"1    ";"0    ";"0    ";-15.9799090;-48.2069780;SPRF-DF;DEL03-DF;UOP01-DEL03-DF 
598182;"1333689   ";2024-05-04;sábado;08:40:00;DF;"60   ";"20,2 ";BRASILIA;Sim;Demais falhas mecânicas ou elétricas;1;Tombamento;Com Vítimas Feridas;Pleno dia;Decrescente;Céu Claro;Dupla;Reta;Não  ;"1068265   ";Motocicleta;YAMAHA/YBR125I FACTOR ED;"2024      ";Condutor;Lesões Leves;"21   ";Masculino;"0 ";"1    ";"0    ";"0    ";-15.9799090;-48.2069780;SPRF-DF;DEL03-DF;UOP01-DEL03-DF 
598182;"1333690   ";2024-05-04;sábado;08:40:00;DF;"60   ";"20,2 ";BRASILIA;Sim;Demais falhas mecânicas ou elétricas;1;Tombamento;Com Vítimas Feridas;Pleno dia;Decrescente;Céu Claro;Dupla;Reta;Não  ;"1068265   ";Motocicleta;YAMAHA/YBR125I FACTOR ED;"2024      ";Passageiro;Lesões Leves;"17   ";Feminino;"0 ";"1    ";"0    ";"0    ";-15.9799090;-48.2069780;SPRF-DF;DEL03-DF;UOP01-DEL03-DF 
598196;"1333722   ";2024-05-04;sábado;10:30:00;DF;"251  ";"35   ";BRASILIA;Sim;Acessar a via sem observar a presença dos outros veículos;3;Queda de ocupante de veículo;Com Vítimas Feridas;Pleno dia;Decrescente;Céu Claro;Simples;"Aclive;Reta";Não  ;"1068291   ";Automóvel;Não Informado/Não Informado;"0         ";Condutor;Não Informado;"0    ";Não Informado;"0 ";"0    ";"0    ";"0    ";-15.9407310;-47.7700150;SPRF-DF;DEL01-DF;UOP01-DEL01-DF 
598196;"1333721   ";2024-05-04;sábado;10:30:00;DF;"251  ";"35   ";BRASILIA;Sim;Acessar a via sem observar a presença dos outros veículos;3;Queda de ocupante de veículo;Com Vítimas Feridas;Pleno dia;Decrescente;Céu Claro;Simples;"Aclive;Reta";Não  ;"1068290   ";Motocicleta;KAWASAKI/NINJA 300 ABS;"2013      ";Condutor;Lesões Leves;"24   ";Masculino;"0 ";"1    ";"0    ";"0    ";-15.9407310;-47.7700150;SPRF-DF;DEL01-DF;UOP01-DEL01-DF 
598196;"1333722   ";2024-05-04;sábado;10:30:00;DF;"251  ";"35   ";BRASILIA;Sim;Acessar a via sem observar a presença dos outros veículos;2;Tombamento;Com Vítimas Feridas;Pleno dia;Decrescente;Céu Claro;Simples;"Aclive;Reta";Não  ;"1068291   ";Automóvel;Não Informado/Não Informado;"0         ";Condutor;Não Informado;"0    ";Não Informado;"0 ";"0    ";"0    ";"0    ";-15.9407310;-47.7700150;SPRF-DF;DEL01-DF;UOP01-DEL01-DF 
598196;"1333721   ";2024-05-04;sábado;10:30:00;DF;"251  ";"35   ";BRASILIA;Sim;Acessar a via sem observar a presença dos outros veículos;2;Tombamento;Com Vítimas Feridas;Pleno dia;Decrescente;Céu Claro;Simples;"Aclive;Reta";Não  ;"1068290   ";Motocicleta;KAWASAKI/NINJA 300 ABS;"2013      ";Condutor;Lesões Leves;"24   ";Masculino;"0 ";"1    ";"0    ";"0    ";-15.9407310;-47.7700150;SPRF-DF;DEL01-DF;UOP01-DEL01-DF 
598196;"1333722   ";2024-05-04;sábado;10:30:00;DF;"251  ";"35   ";BRASILIA;Sim;Acessar a via sem observar a presença dos outros veículos;1;Colisão transversal;Com Vítimas Feridas;Pleno dia;Decrescente;Céu Claro;Simples;"Aclive;Reta";Não  ;"1068291   ";Automóvel;Não Informado/Não Informado;"0         ";Condutor;Não Informado;"0    ";Não Informado;"0 ";"0    ";"0    ";"0    ";-15.9407310;-47.7700150;SPRF-DF;DEL01-DF;UOP01-DEL01-DF 
598196;"1333721   ";2024-05-04;sábado;10:30:00;DF;"251  ";"35   ";BRASILIA;Sim;Acessar a via sem observar a presença dos outros veículos;1;Colisão transversal;Com Vítimas Feridas;Pleno dia;Decrescente;Céu Claro;Simples;"Aclive;Reta";Não  ;"1068290   ";Motocicleta;KAWASAKI/NINJA 300 ABS;"2013      ";Condutor;Lesões Leves;"24   ";Masculino;"0 ";"1    ";"0    ";"0    ";-15.9407310;-47.7700150;SPRF-DF;DEL01-DF;UOP01-DEL01-DF 
598295;"1334008   ";2024-05-04;sábado;19:30:00;GO;"40   ";"4,2  ";VALPARAISO DE GOIAS;Não;Pedestre cruzava a pista fora da faixa;2;Saída de leito carroçável;Com Vítimas Fatais;Plena Noite;Crescente;Céu Claro;Dupla;"Curva;Declive";Sim  ;"1068521   ";Ônibus;M.BENZ/MPOLO TORINO U;"2021      ";Condutor;Ileso;"42   ";Masculino;"1 ";"0    ";"0    ";"0    ";-16.0861319;-47.9865046;SPRF-DF;DEL01-DF;UOP01-DEL01-DF 
598295;"1334010   ";2024-05-04;sábado;19:30:00;GO;"40   ";"4,2  ";VALPARAISO DE GOIAS;Não;Pedestre cruzava a pista fora da faixa;2;Saída de leito carroçável;Com Vítimas Fatais;Plena Noite;Crescente;Céu Claro;Dupla;"Curva;Declive";Sim  ;"0         ";"0";NA/NA;"0         ";Pedestre;Óbito;"37   ";Masculino;"0 ";"0    ";"0    ";"1    ";-16.0861319;-47.9865046;SPRF-DF;DEL01-DF;UOP01-DEL01-DF 
598295;"1334008   ";2024-05-04;sábado;19:30:00;GO;"40   ";"4,2  ";VALPARAISO DE GOIAS;Não;Pedestre - Ingestão de álcool/ substâncias psicoativas;2;Saída de leito carroçável;Com Vítimas Fatais;Plena Noite;Crescente;Céu Claro;Dupla;"Curva;Declive";Sim  ;"1068521   ";Ônibus;M.BENZ/MPOLO TORINO U;"2021      ";Condutor;Ileso;"42   ";Masculino;"1 ";"0    ";"0    ";"0    ";-16.0861319;-47.9865046;SPRF-DF;DEL01-DF;UOP01-DEL01-DF 
598295;"1334010   ";2024-05-04;sábado;19:30:00;GO;"40   ";"4,2  ";VALPARAISO DE GOIAS;Não;Pedestre - Ingestão de álcool/ substâncias psicoativas;2;Saída de leito carroçável;Com Vítimas Fatais;Plena Noite;Crescente;Céu Claro;Dupla;"Curva;Declive";Sim  ;"0         ";"0";NA/NA;"0         ";Pedestre;Óbito;"37   ";Masculino;"0 ";"0    ";"0    ";"1    ";-16.0861319;-47.9865046;SPRF-DF;DEL01-DF;UOP01-DEL01-DF 
598295;"1334008   ";2024-05-04;sábado;19:30:00;GO;"40   ";"4,2  ";VALPARAISO DE GOIAS;Sim;Entrada inopinada do pedestre;2;Saída de leito carroçável;Com Vítimas Fatais;Plena Noite;Crescente;Céu Claro;Dupla;"Curva;Declive";Sim  ;"1068521   ";Ônibus;M.BENZ/MPOLO TORINO U;"2021      ";Condutor;Ileso;"42   ";Masculino;"1 ";"0    ";"0    ";"0    ";-16.0861319;-47.9865046;SPRF-DF;DEL01-DF;UOP01-DEL01-DF 
598295;"1334010   ";2024-05-04;sábado;19:30:00;GO;"40   ";"4,2  ";VALPARAISO DE GOIAS;Sim;Entrada inopinada do pedestre;2;Saída de leito carroçável;Com Vítimas Fatais;Plena Noite;Crescente;Céu Claro;Dupla;"Curva;Declive";Sim  ;"0         ";"0";NA/NA;"0         ";Pedestre;Óbito;"37   ";Masculino;"0 ";"0    ";"0    ";"1    ";-16.0861319;-47.9865046;SPRF-DF;DEL01-DF;UOP01-DEL01-DF 
598295;"1334008   ";2024-05-04;sábado;19:30:00;GO;"40   ";"4,2  ";VALPARAISO DE GOIAS;Não;Pedestre cruzava a pista fora da faixa;1;Atropelamento de Pedestre;Com Vítimas Fatais;Plena Noite;Crescente;Céu Claro;Dupla;"Curva;Declive";Sim  ;"1068521   ";Ônibus;M.BENZ/MPOLO TORINO U;"2021      ";Condutor;Ileso;"42   ";Masculino;"1 ";"0    ";"0    ";"0    ";-16.0861319;-47.9865046;SPRF-DF;DEL01-DF;UOP01-DEL01-DF 
598295;"1334010   ";2024-05-04;sábado;19:30:00;GO;"40   ";"4,2  ";VALPARAISO DE GOIAS;Não;Pedestre cruzava a pista fora da faixa;1;Atropelamento de Pedestre;Com Vítimas Fatais;Plena Noite;Crescente;Céu Claro;Dupla;"Curva;Declive";Sim  ;"0         ";"0";NA/NA;"0         ";Pedestre;Óbito;"37   ";Masculino;"0 ";"0    ";"0    ";"1    ";-16.0861319;-47.9865046;SPRF-DF;DEL01-DF;UOP01-DEL01-DF 
598295;"1334008   ";2024-05-04;sábado;19:30:00;GO;"40   ";"4,2  ";VALPARAISO DE GOIAS;Não;Pedestre - Ingestão de álcool/ substâncias psicoativas;1;Atropelamento de Pedestre;Com Vítimas Fatais;Plena Noite;Crescente;Céu Claro;Dupla;"Curva;Declive";Sim  ;"1068521   ";Ônibus;M.BENZ/MPOLO TORINO U;"2021      ";Condutor;Ileso;"42   ";Masculino;"1 ";"0    ";"0    ";"0    ";-16.0861319;-47.9865046;SPRF-DF;DEL01-DF;UOP01-DEL01-DF 
598295;"1334010   ";2024-05-04;sábado;19:30:00;GO;"40   ";"4,2  ";VALPARAISO DE GOIAS;Não;Pedestre - Ingestão de álcool/ substâncias psicoativas;1;Atropelamento de Pedestre;Com Vítimas Fatais;Plena Noite;Crescente;Céu Claro;Dupla;"Curva;Declive";Sim  ;"0         ";"0";NA/NA;"0         ";Pedestre;Óbito;"37   ";Masculino;"0 ";"0    ";"0    ";"1    ";-16.0861319;-47.9865046;SPRF-DF;DEL01-DF;UOP01-DEL01-DF 
598295;"1334008   ";2024-05-04;sábado;19:30:00;GO;"40   ";"4,2  ";VALPARAISO DE GOIAS;Sim;Entrada inopinada do pedestre;1;Atropelamento de Pedestre;Com Vítimas Fatais;Plena Noite;Crescente;Céu Claro;Dupla;"Curva;Declive";Sim  ;"1068521   ";Ônibus;M.BENZ/MPOLO TORINO U;"2021      ";Condutor;Ileso;"42   ";Masculino;"1 ";"0    ";"0    ";"0    ";-16.0861319;-47.9865046;SPRF-DF;DEL01-DF;UOP01-DEL01-DF 
598295;"1334010   ";2024-05-04;sábado;19:30:00;GO;"40   ";"4,2  ";VALPARAISO DE GOIAS;Sim;Entrada inopinada do pedestre;1;Atropelamento de Pedestre;Com Vítimas Fatais;Plena Noite;Crescente;Céu Claro;Dupla;"Curva;Declive";Sim  ;"0         ";"0";NA/NA;"0         ";Pedestre;Óbito;"37   ";Masculino;"0 ";"0    ";"0    ";"1    ";-16.0861319;-47.9865046;SPRF-DF;DEL01-DF;UOP01-DEL01-DF 
598420;"1334243   ";2024-05-05;domingo;09:50:00;GO;"414  ";"336,9";COCALZINHO DE GOIAS;Sim;Demais falhas mecânicas ou elétricas;2;Tombamento;Sem Vítimas;Pleno dia;Decrescente;Céu Claro;Simples;Reta;Não  ;"1068697   ";Utilitário;AGRALE/MARRUA AM 200;"0         ";Condutor;Ileso;"34   ";Masculino;"1 ";"0    ";"0    ";"0    ";-15.5809930;-48.6286620;SPRF-GO;DEL02-GO;UOP01-DEL02-GO 
598420;"1334243   ";2024-05-05;domingo;09:50:00;GO;"414  ";"336,9";COCALZINHO DE GOIAS;Sim;Demais falhas mecânicas ou elétricas;1;Saída de leito carroçável;Sem Vítimas;Pleno dia;Decrescente;Céu Claro;Simples;Reta;Não  ;"1068697   ";Utilitário;AGRALE/MARRUA AM 200;"0         ";Condutor;Ileso;"34   ";Masculino;"1 ";"0    ";"0    ";"0    ";-15.5809930;-48.6286620;SPRF-GO;DEL02-GO;UOP01-DEL02-GO 
598576;"1334526   ";2024-05-05;domingo;17:11:00;GO;"50   ";"103,9";CRISTALINA;Sim;Condutor deixou de manter distância do veículo da frente;1;Queda de ocupante de veículo;Com Vítimas Feridas;Pleno dia;Decrescente;Céu Claro;Dupla;Reta;Não  ;"1068925   ";Motocicleta;Não Informado/Não Informado;"0         ";Condutor;Lesões Graves;"29   ";Feminino;"0 ";"0    ";"1    ";"0    ";-16.8065886;-47.6587272;SPRF-DF;DEL01-DF;UOP02-DEL01-DF 
598587;"1334557   ";2024-05-06;segunda-feira;07:10:00;DF;"70   ";"19   ";BRASILIA;Sim;Manobra de mudança de faixa;2;Queda de ocupante de veículo;Com Vítimas Feridas;Pleno dia;Decrescente;Céu Claro;Dupla;Reta;Não  ;"1068950   ";Motocicleta;HONDA/CG 160 START;"2020      ";Condutor;Lesões Leves;"32   ";Masculino;"0 ";"1    ";"0    ";"0    ";-15.7888680;-48.2202420;SPRF-DF;DEL03-DF;UOP02-DEL03-DF 
598587;"1334558   ";2024-05-06;segunda-feira;07:10:00;DF;"70   ";"19   ";BRASILIA;Sim;Manobra de mudança de faixa;2;Queda de ocupante de veículo;Com Vítimas Feridas;Pleno dia;Decrescente;Céu Claro;Dupla;Reta;Não  ;"1068951   ";Automóvel;GM/CORSA SUPER;"0         ";Condutor;Não Informado;"0    ";Não Informado;"0 ";"0    ";"0    ";"0    ";-15.7888680;-48.2202420;SPRF-DF;DEL03-DF;UOP02-DEL03-DF 
598587;"1334557   ";2024-05-06;segunda-feira;07:10:00;DF;"70   ";"19   ";BRASILIA;Sim;Manobra de mudança de faixa;1;Colisão lateral mesmo sentido;Com Vítimas Feridas;Pleno dia;Decrescente;Céu Claro;Dupla;Reta;Não  ;"1068950   ";Motocicleta;HONDA/CG 160 START;"2020      ";Condutor;Lesões Leves;"32   ";Masculino;"0 ";"1    ";"0    ";"0    ";-15.7888680;-48.2202420;SPRF-DF;DEL03-DF;UOP02-DEL03-DF 
598587;"1334558   ";2024-05-06;segunda-feira;07:10:00;DF;"70   ";"19   ";BRASILIA;Sim;Manobra de mudança de faixa;1;Colisão lateral mesmo sentido;Com Vítimas Feridas;Pleno dia;Decrescente;Céu Claro;Dupla;Reta;Não  ;"1068951   ";Automóvel;GM/CORSA SUPER;"0         ";Condutor;Não Informado;"0    ";Não Informado;"0 ";"0    ";"0    ";"0    ";-15.7888680;-48.2202420;SPRF-DF;DEL03-DF;UOP02-DEL03-DF 
598640;"1334705   ";2024-05-06;segunda-feira;11:00:00;GO;"20   ";"4    ";FORMOSA;Não;Ausência de reação do condutor;3;Capotamento;Com Vítimas Feridas;Pleno dia;Decrescente;Céu Claro;Simples;Reta;Sim  ;"1069060   ";Caminhonete;FIAT/TORO FREEDOM AT6;"2019      ";Condutor;Ileso;"66   ";Masculino;"1 ";"0    ";"0    ";"0    ";-15.5613950;-47.3136980;SPRF-DF;DEL02-DF;UOP02-DEL02-DF 
598640;"1334718   ";2024-05-06;segunda-feira;11:00:00;GO;"20   ";"4    ";FORMOSA;Não;Ausência de reação do condutor;3;Capotamento;Com Vítimas Feridas;Pleno dia;Decrescente;Céu Claro;Simples;Reta;Sim  ;"1069061   ";Utilitário;I/SSANGYONG KORANDO C AT;"2011      ";Condutor;Lesões Leves;"68   ";Masculino;"0 ";"1    ";"0    ";"0    ";-15.5613950;-47.3136980;SPRF-DF;DEL02-DF;UOP02-DEL02-DF 
598640;"1334705   ";2024-05-06;segunda-feira;11:00:00;GO;"20   ";"4    ";FORMOSA;Sim;Reação tardia ou ineficiente do condutor;3;Capotamento;Com Vítimas Feridas;Pleno dia;Decrescente;Céu Claro;Simples;Reta;Sim  ;"1069060   ";Caminhonete;FIAT/TORO FREEDOM AT6;"2019      ";Condutor;Ileso;"66   ";Masculino;"1 ";"0    ";"0    ";"0    ";-15.5613950;-47.3136980;SPRF-DF;DEL02-DF;UOP02-DEL02-DF 
598640;"1334718   ";2024-05-06;segunda-feira;11:00:00;GO;"20   ";"4    ";FORMOSA;Sim;Reação tardia ou ineficiente do condutor;3;Capotamento;Com Vítimas Feridas;Pleno dia;Decrescente;Céu Claro;Simples;Reta;Sim  ;"1069061   ";Utilitário;I/SSANGYONG KORANDO C AT;"2011      ";Condutor;Lesões Leves;"68   ";Masculino;"0 ";"1    ";"0    ";"0    ";-15.5613950;-47.3136980;SPRF-DF;DEL02-DF;UOP02-DEL02-DF 
598640;"1334705   ";2024-05-06;segunda-feira;11:00:00;GO;"20   ";"4    ";FORMOSA;Não;Ausência de reação do condutor;2;Saída de leito carroçável;Com Vítimas Feridas;Pleno dia;Decrescente;Céu Claro;Simples;Reta;Sim  ;"1069060   ";Caminhonete;FIAT/TORO FREEDOM AT6;"2019      ";Condutor;Ileso;"66   ";Masculino;"1 ";"0    ";"0    ";"0    ";-15.5613950;-47.3136980;SPRF-DF;DEL02-DF;UOP02-DEL02-DF 
598640;"1334718   ";2024-05-06;segunda-feira;11:00:00;GO;"20   ";"4    ";FORMOSA;Não;Ausência de reação do condutor;2;Saída de leito carroçável;Com Vítimas Feridas;Pleno dia;Decrescente;Céu Claro;Simples;Reta;Sim  ;"1069061   ";Utilitário;I/SSANGYONG KORANDO C AT;"2011      ";Condutor;Lesões Leves;"68   ";Masculino;"0 ";"1    ";"0    ";"0    ";-15.5613950;-47.3136980;SPRF-DF;DEL02-DF;UOP02-DEL02-DF 
598640;"1334705   ";2024-05-06;segunda-feira;11:00:00;GO;"20   ";"4    ";FORMOSA;Sim;Reação tardia ou ineficiente do condutor;2;Saída de leito carroçável;Com Vítimas Feridas;Pleno dia;Decrescente;Céu Claro;Simples;Reta;Sim  ;"1069060   ";Caminhonete;FIAT/TORO FREEDOM AT6;"2019      ";Condutor;Ileso;"66   ";Masculino;"1 ";"0    ";"0    ";"0    ";-15.5613950;-47.3136980;SPRF-DF;DEL02-DF;UOP02-DEL02-DF 
598983;"1335633   ";2024-05-08;quarta-feira;07:00:00;DF;"20   ";"45,9 ";BRASILIA;Não;Problema na suspensão;2;Capotamento;Com Vítimas Feridas;Pleno dia;Crescente;Céu Claro;Dupla;"Reta;Declive";Não  ;"1069832   ";Automóvel;VW/GOL 16V PLUS;"2001      ";Passageiro;Lesões Leves;"20   ";Masculino;"0 ";"1    ";"0    ";"0    ";-15.5802390;-47.4594641;SPRF-DF;DEL02-DF;UOP01-DEL02-DF 
598640;"1334718   ";2024-05-06;segunda-feira;11:00:00;GO;"20   ";"4    ";FORMOSA;Sim;Reação tardia ou ineficiente do condutor;2;Saída de leito carroçável;Com Vítimas Feridas;Pleno dia;Decrescente;Céu Claro;Simples;Reta;Sim  ;"1069061   ";Utilitário;I/SSANGYONG KORANDO C AT;"2011      ";Condutor;Lesões Leves;"68   ";Masculino;"0 ";"1    ";"0    ";"0    ";-15.5613950;-47.3136980;SPRF-DF;DEL02-DF;UOP02-DEL02-DF 