id;pesid;data_inversa;dia_semana;horario;uf;br;km;municipio;causa_principal;causa_acidente;ordem_tipo_acidente;tipo_acidente;classificacao_acidente;fase_dia;sentido_via;condicao_metereologica;tipo_pista;tracado_via;uso_solo;id_veiculo;tipo_veiculo;marca;ano_fabricacao_veiculo;tipo_envolvido;estado_fisico;idade;sexo;ilesos;feridos_leves;feridos_graves;mortos;latitude;longitude;regional;delegacia;uop
598640;"1334705   ";2024-05-06;segunda-feira;11:00:00;GO;"20   ";"4    ";FORMOSA;Não;Ausência de reação do condutor;1;Colisão lateral mesmo sentido;Com Vítimas Feridas;Pleno dia;Decrescente;Céu Claro;Simples;Reta;Sim  ;"1069060   ";Caminhonete;FIAT/TORO FREEDOM AT6;"2019      ";Condutor;Ileso;"66   ";Masculino;"1 ";"0    ";"0    ";"0    ";-15.5613950;-47.3136980;SPRF-DF;DEL02-DF;UOP02-DEL02-DF 
598640;"1334718   ";2024-05-06;segunda-feira;11:00:00;GO;"20   ";"4    ";FORMOSA;Não;Ausência de reação do condutor;1;Colisão lateral mesmo sentido;Com Vítimas Feridas;Pleno dia;Decrescente;Céu Claro;Simples;Reta;Sim  ;"1069061   ";Utilitário;I/SSANGYONG KORANDO C AT;"2011      ";Condutor;Lesões Leves;"68   ";Masculino;"0 ";"1    ";"0    ";"0    ";-15.5613950;-47.3136980;SPRF-DF;DEL02-DF;UOP02-DEL02-DF 
598640;"1334705   ";2024-05-06;segunda-feira;11:00:00;GO;"20   ";"4    ";FORMOSA;Sim;Reação tardia ou ineficiente do condutor;1;Colisão lateral mesmo sentido;Com Vítimas Feridas;Pleno dia;Decrescente;Céu Claro;Simples;Reta;Sim  ;"1069060   ";Caminhonete;FIAT/TORO FREEDOM AT6;"2019      ";Condutor;Ileso;"66   ";Masculino;"1 ";"0    ";"0    ";"0    ";-15.5613950;-47.3136980;SPRF-DF;DEL02-DF;UOP02-DEL02-DF 
598640;"1334718   ";2024-05-06;segunda-feira;11:00:00;GO;"20   ";"4    ";FORMOSA;Sim;Reação tardia ou ineficiente do condutor;1;Colisão lateral mesmo sentido;Com Vítimas Feridas;Pleno dia;Decrescente;Céu Claro;Simples;Reta;Sim  ;"1069061   ";Utilitário;I/SSANGYONG KORANDO C AT;"2011      ";Condutor;Lesões Leves;"68   ";Masculino;"0 ";"1    ";"0    ";"0    ";-15.5613950;-47.3136980;SPRF-DF;DEL02-DF;UOP02-DEL02-DF 
598712;"1334945   ";2024-05-06;segunda-feira;17:50:00;DF;"70   ";"5    ";BRASILIA;Sim;Ausência de reação do condutor;1;Colisão traseira;Com Vítimas Feridas;Anoitecer;Crescente;Céu Claro;Dupla;Reta;Sim  ;"1069233   ";Motocicleta;YAMAHA/FZ15 FAZER ABS;"2024      ";Passageiro;Lesões Leves;"32   ";Masculino;"0 ";"1    ";"0    ";"0    ";-15.7946560;-48.0967790;SPRF-DF;DEL03-DF;UOP02-DEL03-DF 
598712;"1334940   ";2024-05-06;segunda-feira;17:50:00;DF;"70   ";"5    ";BRASILIA;Sim;Ausência de reação do condutor;1;Colisão traseira;Com Vítimas Feridas;Anoitecer;Crescente;Céu Claro;Dupla;Reta;Sim  ;"1069233   ";Motocicleta;YAMAHA/FZ15 FAZER ABS;"2024      ";Condutor;Lesões Leves;"23   ";Masculino;"0 ";"1    ";"0    ";"0    ";-15.7946560;-48.0967790;SPRF-DF;DEL03-DF;UOP02-DEL03-DF 
598712;"1334939   ";2024-05-06;segunda-feira;17:50:00;DF;"70   ";"5    ";BRASILIA;Sim;Ausência de reação do condutor;1;Colisão traseira;Com Vítimas Feridas;Anoitecer;Crescente;Céu Claro;Dupla;Reta;Sim  ;"1069232   ";Caminhonete;FIAT/FIORINO HD WK E;"2019      ";Condutor;Ileso;"46   ";Feminino;"1 ";"0    ";"0    ";"0    ";-15.7946560;-48.0967790;SPRF-DF;DEL03-DF;UOP02-DEL03-DF 
598713;"1334964   ";2024-05-06;segunda-feira;18:55:00;DF;"20   ";"5    ";BRASILIA;Sim;Ingestão de álcool pelo condutor;1;Colisão traseira;Sem Vítimas;Plena Noite;Crescente;Céu Claro;Dupla;Reta;Sim  ;"1069252   ";Caminhonete;RENAULT/OROCH 16 DYN42;"2015      ";Condutor;Ileso;"26   ";Masculino;"1 ";"0    ";"0    ";"0    ";-15.6705460;-47.8160440;SPRF-DF;DEL02-DF;UOP01-DEL02-DF 
598713;"1334965   ";2024-05-06;segunda-feira;18:55:00;DF;"20   ";"5    ";BRASILIA;Sim;Ingestão de álcool pelo condutor;1;Colisão traseira;Sem Vítimas;Plena Noite;Crescente;Céu Claro;Dupla;Reta;Sim  ;"1069253   ";Automóvel;FIAT/PALIO FIRE ECONOMY;"2010      ";Condutor;Ileso;"31   ";Masculino;"1 ";"0    ";"0    ";"0    ";-15.6705460;-47.8160440;SPRF-DF;DEL02-DF;UOP01-DEL02-DF 
598824;"1335277   ";2024-05-07;terça-feira;11:00:00;DF;"60   ";"4,4  ";BRASILIA;Sim;Velocidade Incompatível;2;Saída de leito carroçável;Com Vítimas Feridas;Pleno dia;Crescente;Céu Claro;Dupla;"Declive;Reta";Sim  ;"1069517   ";Automóvel;VW/GOL 1.0 GIV;"2008      ";Passageiro;Ileso;"35   ";Masculino;"1 ";"0    ";"0    ";"0    ";-15.8927210;-48.0957410;SPRF-DF;DEL03-DF;UOP01-DEL03-DF 
598824;"1335516   ";2024-05-07;terça-feira;11:00:00;DF;"60   ";"4,4  ";BRASILIA;Sim;Velocidade Incompatível;2;Saída de leito carroçável;Com Vítimas Feridas;Pleno dia;Crescente;Céu Claro;Dupla;"Declive;Reta";Sim  ;"1069517   ";Automóvel;VW/GOL 1.0 GIV;"2008      ";Condutor;Lesões Leves;"41   ";Masculino;"0 ";"1    ";"0    ";"0    ";-15.8927210;-48.0957410;SPRF-DF;DEL03-DF;UOP01-DEL03-DF 
598824;"1335273   ";2024-05-07;terça-feira;11:00:00;DF;"60   ";"4,4  ";BRASILIA;Sim;Velocidade Incompatível;2;Saída de leito carroçável;Com Vítimas Feridas;Pleno dia;Crescente;Céu Claro;Dupla;"Declive;Reta";Sim  ;"1069517   ";Automóvel;VW/GOL 1.0 GIV;"2008      ";Passageiro;Lesões Leves;"26   ";Feminino;"0 ";"1    ";"0    ";"0    ";-15.8927210;-48.0957410;SPRF-DF;DEL03-DF;UOP01-DEL03-DF 
598824;"1335283   ";2024-05-07;terça-feira;11:00:00;DF;"60   ";"4,4  ";BRASILIA;Sim;Velocidade Incompatível;2;Saída de leito carroçável;Com Vítimas Feridas;Pleno dia;Crescente;Céu Claro;Dupla;"Declive;Reta";Sim  ;"1069517   ";Automóvel;VW/GOL 1.0 GIV;"2008      ";Passageiro;Lesões Leves;"32   ";Masculino;"0 ";"1    ";"0    ";"0    ";-15.8927210;-48.0957410;SPRF-DF;DEL03-DF;UOP01-DEL03-DF 
598824;"1335524   ";2024-05-07;terça-feira;11:00:00;DF;"60   ";"4,4  ";BRASILIA;Sim;Velocidade Incompatível;2;Saída de leito carroçável;Com Vítimas Feridas;Pleno dia;Crescente;Céu Claro;Dupla;"Declive;Reta";Sim  ;"1069751   ";Caminhonete;I/VW AMAROK CD 4X4 S;"2013      ";Condutor;Ileso;"39   ";Masculino;"1 ";"0    ";"0    ";"0    ";-15.8927210;-48.0957410;SPRF-DF;DEL03-DF;UOP01-DEL03-DF 
598824;"1335519   ";2024-05-07;terça-feira;11:00:00;DF;"60   ";"4,4  ";BRASILIA;Sim;Velocidade Incompatível;2;Saída de leito carroçável;Com Vítimas Feridas;Pleno dia;Crescente;Céu Claro;Dupla;"Declive;Reta";Sim  ;"0         ";"0";NA/NA;"0         ";Testemunha;Não Informado;"0    ";Não Informado;"0 ";"0    ";"0    ";"0    ";-15.8927210;-48.0957410;SPRF-DF;DEL03-DF;UOP01-DEL03-DF 
598824;"1335277   ";2024-05-07;terça-feira;11:00:00;DF;"60   ";"4,4  ";BRASILIA;Sim;Velocidade Incompatível;1;Colisão traseira;Com Vítimas Feridas;Pleno dia;Crescente;Céu Claro;Dupla;"Declive;Reta";Sim  ;"1069517   ";Automóvel;VW/GOL 1.0 GIV;"2008      ";Passageiro;Ileso;"35   ";Masculino;"1 ";"0    ";"0    ";"0    ";-15.8927210;-48.0957410;SPRF-DF;DEL03-DF;UOP01-DEL03-DF 
598824;"1335516   ";2024-05-07;terça-feira;11:00:00;DF;"60   ";"4,4  ";BRASILIA;Sim;Velocidade Incompatível;1;Colisão traseira;Com Vítimas Feridas;Pleno dia;Crescente;Céu Claro;Dupla;"Declive;Reta";Sim  ;"1069517   ";Automóvel;VW/GOL 1.0 GIV;"2008      ";Condutor;Lesões Leves;"41   ";Masculino;"0 ";"1    ";"0    ";"0    ";-15.8927210;-48.0957410;SPRF-DF;DEL03-DF;UOP01-DEL03-DF 
598824;"1335273   ";2024-05-07;terça-feira;11:00:00;DF;"60   ";"4,4  ";BRASILIA;Sim;Velocidade Incompatível;1;Colisão traseira;Com Vítimas Feridas;Pleno dia;Crescente;Céu Claro;Dupla;"Declive;Reta";Sim  ;"1069517   ";Automóvel;VW/GOL 1.0 GIV;"2008      ";Passageiro;Lesões Leves;"26   ";Feminino;"0 ";"1    ";"0    ";"0    ";-15.8927210;-48.0957410;SPRF-DF;DEL03-DF;UOP01-DEL03-DF 
598824;"1335283   ";2024-05-07;terça-feira;11:00:00;DF;"60   ";"4,4  ";BRASILIA;Sim;Velocidade Incompatível;1;Colisão traseira;Com Vítimas Feridas;Pleno dia;Crescente;Céu Claro;Dupla;"Declive;Reta";Sim  ;"1069517   ";Automóvel;VW/GOL 1.0 GIV;"2008      ";Passageiro;Lesões Leves;"32   ";Masculino;"0 ";"1    ";"0    ";"0    ";-15.8927210;-48.0957410;SPRF-DF;DEL03-DF;UOP01-DEL03-DF 
598824;"1335524   ";2024-05-07;terça-feira;11:00:00;DF;"60   ";"4,4  ";BRASILIA;Sim;Velocidade Incompatível;1;Colisão traseira;Com Vítimas Feridas;Pleno dia;Crescente;Céu Claro;Dupla;"Declive;Reta";Sim  ;"1069751   ";Caminhonete;I/VW AMAROK CD 4X4 S;"2013      ";Condutor;Ileso;"39   ";Masculino;"1 ";"0    ";"0    ";"0    ";-15.8927210;-48.0957410;SPRF-DF;DEL03-DF;UOP01-DEL03-DF 
598824;"1335519   ";2024-05-07;terça-feira;11:00:00;DF;"60   ";"4,4  ";BRASILIA;Sim;Velocidade Incompatível;1;Colisão traseira;Com Vítimas Feridas;Pleno dia;Crescente;Céu Claro;Dupla;"Declive;Reta";Sim  ;"0         ";"0";NA/NA;"0         ";Testemunha;Não Informado;"0    ";Não Informado;"0 ";"0    ";"0    ";"0    ";-15.8927210;-48.0957410;SPRF-DF;DEL03-DF;UOP01-DEL03-DF 
598839;"1335220   ";2024-05-07;terça-feira;12:30:00;DF;"20   ";"6,7  ";BRASILIA;Não;Pedestre cruzava a pista fora da faixa;1;Atropelamento de Pedestre;Com Vítimas Feridas;Pleno dia;Crescente;Céu Claro;Dupla;"Aclive;Retorno Regulamentado;Reta";Sim  ;"1069474   ";Automóvel;HYUNDAI/HB20S 1.6M COMF;"2016      ";Condutor;Ileso;"45   ";Masculino;"1 ";"0    ";"0    ";"0    ";-15.6658880;-47.8083080;SPRF-DF;DEL02-DF;UOP01-DEL02-DF 
598839;"1335228   ";2024-05-07;terça-feira;12:30:00;DF;"20   ";"6,7  ";BRASILIA;Não;Pedestre cruzava a pista fora da faixa;1;Atropelamento de Pedestre;Com Vítimas Feridas;Pleno dia;Crescente;Céu Claro;Dupla;"Aclive;Retorno Regulamentado;Reta";Sim  ;"0         ";"0";NA/NA;"0         ";Pedestre;Lesões Graves;"24   ";Feminino;"0 ";"0    ";"1    ";"0    ";-15.6658880;-47.8083080;SPRF-DF;DEL02-DF;UOP01-DEL02-DF 
598839;"1335220   ";2024-05-07;terça-feira;12:30:00;DF;"20   ";"6,7  ";BRASILIA;Sim;Área urbana sem a presença de local apropriado para a travessia de pedestres;1;Atropelamento de Pedestre;Com Vítimas Feridas;Pleno dia;Crescente;Céu Claro;Dupla;"Aclive;Retorno Regulamentado;Reta";Sim  ;"1069474   ";Automóvel;HYUNDAI/HB20S 1.6M COMF;"2016      ";Condutor;Ileso;"45   ";Masculino;"1 ";"0    ";"0    ";"0    ";-15.6658880;-47.8083080;SPRF-DF;DEL02-DF;UOP01-DEL02-DF 
598839;"1335228   ";2024-05-07;terça-feira;12:30:00;DF;"20   ";"6,7  ";BRASILIA;Sim;Área urbana sem a presença de local apropriado para a travessia de pedestres;1;Atropelamento de Pedestre;Com Vítimas Feridas;Pleno dia;Crescente;Céu Claro;Dupla;"Aclive;Retorno Regulamentado;Reta";Sim  ;"0         ";"0";NA/NA;"0         ";Pedestre;Lesões Graves;"24   ";Feminino;"0 ";"0    ";"1    ";"0    ";-15.6658880;-47.8083080;SPRF-DF;DEL02-DF;UOP01-DEL02-DF 
598844;"1335316   ";2024-05-07;terça-feira;14:00:00;GO;"20   ";"122,8";FLORES DE GOIAS;Sim;Acessar a via sem observar a presença dos outros veículos;1;Colisão transversal;Com Vítimas Feridas;Pleno dia;Decrescente;Céu Claro;Simples;Reta;Não  ;"1069548   ";Caminhonete;I/NISSAN FRONTIER ATK X4;"2022      ";Condutor;Ileso;"41   ";Masculino;"1 ";"0    ";"0    ";"0    ";-14.8642520;-46.8098220;SPRF-DF;DEL02-DF;UOP03-DEL02-DF 
598844;"1335328   ";2024-05-07;terça-feira;14:00:00;GO;"20   ";"122,8";FLORES DE GOIAS;Sim;Acessar a via sem observar a presença dos outros veículos;1;Colisão transversal;Com Vítimas Feridas;Pleno dia;Decrescente;Céu Claro;Simples;Reta;Não  ;"1069549   ";Motocicleta;HONDA/NXR150 BROS ESD;"2005      ";Condutor;Lesões Graves;"55   ";Masculino;"0 ";"0    ";"1    ";"0    ";-14.8642520;-46.8098220;SPRF-DF;DEL02-DF;UOP03-DEL02-DF 
598853;"1335300   ";2024-05-07;terça-feira;14:50:00;DF;"70   ";"16,4 ";BRASILIA;Sim;Desrespeitar a preferência no cruzamento;3;Queda de ocupante de veículo;Com Vítimas Feridas;Pleno dia;Decrescente;Céu Claro;Dupla;Rotatória;Não  ;"1069537   ";Motocicleta;HONDA/CB 300R;"2013      ";Passageiro;Lesões Leves;"24   ";Feminino;"0 ";"1    ";"0    ";"0    ";-15.7961440;-48.1942250;SPRF-DF;DEL03-DF;UOP02-DEL03-DF 
598853;"1335299   ";2024-05-07;terça-feira;14:50:00;DF;"70   ";"16,4 ";BRASILIA;Sim;Desrespeitar a preferência no cruzamento;3;Queda de ocupante de veículo;Com Vítimas Feridas;Pleno dia;Decrescente;Céu Claro;Dupla;Rotatória;Não  ;"1069537   ";Motocicleta;HONDA/CB 300R;"2013      ";Condutor;Lesões Leves;"21   ";Masculino;"0 ";"1    ";"0    ";"0    ";-15.7961440;-48.1942250;SPRF-DF;DEL03-DF;UOP02-DEL03-DF 
598853;"1335301   ";2024-05-07;terça-feira;14:50:00;DF;"70   ";"16,4 ";BRASILIA;Sim;Desrespeitar a preferência no cruzamento;3;Queda de ocupante de veículo;Com Vítimas Feridas;Pleno dia;Decrescente;Céu Claro;Dupla;Rotatória;Não  ;"1069538   ";Caminhão;VW/24.280 CRM 6X2;"2013      ";Condutor;Ileso;"62   ";Masculino;"1 ";"0    ";"0    ";"0    ";-15.7961440;-48.1942250;SPRF-DF;DEL03-DF;UOP02-DEL03-DF 
598853;"1335300   ";2024-05-07;terça-feira;14:50:00;DF;"70   ";"16,4 ";BRASILIA;Sim;Desrespeitar a preferência no cruzamento;2;Tombamento;Com Vítimas Feridas;Pleno dia;Decrescente;Céu Claro;Dupla;Rotatória;Não  ;"1069537   ";Motocicleta;HONDA/CB 300R;"2013      ";Passageiro;Lesões Leves;"24   ";Feminino;"0 ";"1    ";"0    ";"0    ";-15.7961440;-48.1942250;SPRF-DF;DEL03-DF;UOP02-DEL03-DF 
598853;"1335299   ";2024-05-07;terça-feira;14:50:00;DF;"70   ";"16,4 ";BRASILIA;Sim;Desrespeitar a preferência no cruzamento;2;Tombamento;Com Vítimas Feridas;Pleno dia;Decrescente;Céu Claro;Dupla;Rotatória;Não  ;"1069537   ";Motocicleta;HONDA/CB 300R;"2013      ";Condutor;Lesões Leves;"21   ";Masculino;"0 ";"1    ";"0    ";"0    ";-15.7961440;-48.1942250;SPRF-DF;DEL03-DF;UOP02-DEL03-DF 
598853;"1335301   ";2024-05-07;terça-feira;14:50:00;DF;"70   ";"16,4 ";BRASILIA;Sim;Desrespeitar a preferência no cruzamento;2;Tombamento;Com Vítimas Feridas;Pleno dia;Decrescente;Céu Claro;Dupla;Rotatória;Não  ;"1069538   ";Caminhão;VW/24.280 CRM 6X2;"2013      ";Condutor;Ileso;"62   ";Masculino;"1 ";"0    ";"0    ";"0    ";-15.7961440;-48.1942250;SPRF-DF;DEL03-DF;UOP02-DEL03-DF 
598853;"1335300   ";2024-05-07;terça-feira;14:50:00;DF;"70   ";"16,4 ";BRASILIA;Sim;Desrespeitar a preferência no cruzamento;1;Colisão transversal;Com Vítimas Feridas;Pleno dia;Decrescente;Céu Claro;Dupla;Rotatória;Não  ;"1069537   ";Motocicleta;HONDA/CB 300R;"2013      ";Passageiro;Lesões Leves;"24   ";Feminino;"0 ";"1    ";"0    ";"0    ";-15.7961440;-48.1942250;SPRF-DF;DEL03-DF;UOP02-DEL03-DF 
598853;"1335299   ";2024-05-07;terça-feira;14:50:00;DF;"70   ";"16,4 ";BRASILIA;Sim;Desrespeitar a preferência no cruzamento;1;Colisão transversal;Com Vítimas Feridas;Pleno dia;Decrescente;Céu Claro;Dupla;Rotatória;Não  ;"1069537   ";Motocicleta;HONDA/CB 300R;"2013      ";Condutor;Lesões Leves;"21   ";Masculino;"0 ";"1    ";"0    ";"0    ";-15.7961440;-48.1942250;SPRF-DF;DEL03-DF;UOP02-DEL03-DF 
598853;"1335301   ";2024-05-07;terça-feira;14:50:00;DF;"70   ";"16,4 ";BRASILIA;Sim;Desrespeitar a preferência no cruzamento;1;Colisão transversal;Com Vítimas Feridas;Pleno dia;Decrescente;Céu Claro;Dupla;Rotatória;Não  ;"1069538   ";Caminhão;VW/24.280 CRM 6X2;"2013      ";Condutor;Ileso;"62   ";Masculino;"1 ";"0    ";"0    ";"0    ";-15.7961440;-48.1942250;SPRF-DF;DEL03-DF;UOP02-DEL03-DF 
598894;"1335542   ";2024-05-07;terça-feira;18:20:00;DF;"60   ";"3,9  ";BRASILIA;Não;Reação tardia ou ineficiente do condutor;3;Tombamento;Sem Vítimas;Anoitecer;Crescente;Céu Claro;Dupla;"Reta;Declive";Sim  ;"1069762   ";Caminhão-trator;SCANIA/G 380 A4X2;"2010      ";Condutor;Ileso;"45   ";Masculino;"1 ";"0    ";"0    ";"0    ";-15.8923350;-48.0940950;SPRF-DF;DEL03-DF;UOP01-DEL03-DF 
598894;"1335542   ";2024-05-07;terça-feira;18:20:00;DF;"60   ";"3,9  ";BRASILIA;Sim;Velocidade Incompatível;3;Tombamento;Sem Vítimas;Anoitecer;Crescente;Céu Claro;Dupla;"Reta;Declive";Sim  ;"1069762   ";Caminhão-trator;SCANIA/G 380 A4X2;"2010      ";Condutor;Ileso;"45   ";Masculino;"1 ";"0    ";"0    ";"0    ";-15.8923350;-48.0940950;SPRF-DF;DEL03-DF;UOP01-DEL03-DF 
598894;"1335542   ";2024-05-07;terça-feira;18:20:00;DF;"60   ";"3,9  ";BRASILIA;Não;Reação tardia ou ineficiente do condutor;2;Colisão com objeto;Sem Vítimas;Anoitecer;Crescente;Céu Claro;Dupla;"Reta;Declive";Sim  ;"1069762   ";Caminhão-trator;SCANIA/G 380 A4X2;"2010      ";Condutor;Ileso;"45   ";Masculino;"1 ";"0    ";"0    ";"0    ";-15.8923350;-48.0940950;SPRF-DF;DEL03-DF;UOP01-DEL03-DF 
598894;"1335542   ";2024-05-07;terça-feira;18:20:00;DF;"60   ";"3,9  ";BRASILIA;Sim;Velocidade Incompatível;2;Colisão com objeto;Sem Vítimas;Anoitecer;Crescente;Céu Claro;Dupla;"Reta;Declive";Sim  ;"1069762   ";Caminhão-trator;SCANIA/G 380 A4X2;"2010      ";Condutor;Ileso;"45   ";Masculino;"1 ";"0    ";"0    ";"0    ";-15.8923350;-48.0940950;SPRF-DF;DEL03-DF;UOP01-DEL03-DF 
598894;"1335542   ";2024-05-07;terça-feira;18:20:00;DF;"60   ";"3,9  ";BRASILIA;Não;Reação tardia ou ineficiente do condutor;1;Saída de leito carroçável;Sem Vítimas;Anoitecer;Crescente;Céu Claro;Dupla;"Reta;Declive";Sim  ;"1069762   ";Caminhão-trator;SCANIA/G 380 A4X2;"2010      ";Condutor;Ileso;"45   ";Masculino;"1 ";"0    ";"0    ";"0    ";-15.8923350;-48.0940950;SPRF-DF;DEL03-DF;UOP01-DEL03-DF 
598894;"1335542   ";2024-05-07;terça-feira;18:20:00;DF;"60   ";"3,9  ";BRASILIA;Sim;Velocidade Incompatível;1;Saída de leito carroçável;Sem Vítimas;Anoitecer;Crescente;Céu Claro;Dupla;"Reta;Declive";Sim  ;"1069762   ";Caminhão-trator;SCANIA/G 380 A4X2;"2010      ";Condutor;Ileso;"45   ";Masculino;"1 ";"0    ";"0    ";"0    ";-15.8923350;-48.0940950;SPRF-DF;DEL03-DF;UOP01-DEL03-DF 
598921;"1335509   ";2024-05-07;terça-feira;18:30:00;GO;"414  ";"376  ";COCALZINHO DE GOIAS;Não;Velocidade Incompatível;1;Atropelamento de Animal;Com Vítimas Feridas;Anoitecer;Decrescente;Céu Claro;Simples;"Declive;Reta";Não  ;"1069616   ";Caminhonete;FIAT/STRADA WORKING;"2009      ";Passageiro;Lesões Leves;"30   ";Masculino;"0 ";"1    ";"0    ";"0    ";-15.8168199;-48.7801857;SPRF-GO;DEL02-GO;UOP01-DEL02-GO 
598921;"1335377   ";2024-05-07;terça-feira;18:30:00;GO;"414  ";"376  ";COCALZINHO DE GOIAS;Não;Velocidade Incompatível;1;Atropelamento de Animal;Com Vítimas Feridas;Anoitecer;Decrescente;Céu Claro;Simples;"Declive;Reta";Não  ;"1069616   ";Caminhonete;FIAT/STRADA WORKING;"2009      ";Condutor;Lesões Leves;"40   ";Masculino;"0 ";"1    ";"0    ";"0    ";-15.8168199;-48.7801857;SPRF-GO;DEL02-GO;UOP01-DEL02-GO 
598921;"0         ";2024-05-07;terça-feira;18:30:00;GO;"414  ";"376  ";COCALZINHO DE GOIAS;Não;Velocidade Incompatível;1;Atropelamento de Animal;Com Vítimas Feridas;Anoitecer;Decrescente;Céu Claro;Simples;"Declive;Reta";Não  ;"1069618   ";Reboque;R/ISIDOC CIA 501;"2022      ";"0";"0";"0    ";"0";"0 ";"0    ";"0    ";"0    ";-15.8168199;-48.7801857;SPRF-GO;DEL02-GO;UOP01-DEL02-GO 
598921;"1335509   ";2024-05-07;terça-feira;18:30:00;GO;"414  ";"376  ";COCALZINHO DE GOIAS;Sim;Animais na Pista;1;Atropelamento de Animal;Com Vítimas Feridas;Anoitecer;Decrescente;Céu Claro;Simples;"Declive;Reta";Não  ;"1069616   ";Caminhonete;FIAT/STRADA WORKING;"2009      ";Passageiro;Lesões Leves;"30   ";Masculino;"0 ";"1    ";"0    ";"0    ";-15.8168199;-48.7801857;SPRF-GO;DEL02-GO;UOP01-DEL02-GO 
598921;"1335377   ";2024-05-07;terça-feira;18:30:00;GO;"414  ";"376  ";COCALZINHO DE GOIAS;Sim;Animais na Pista;1;Atropelamento de Animal;Com Vítimas Feridas;Anoitecer;Decrescente;Céu Claro;Simples;"Declive;Reta";Não  ;"1069616   ";Caminhonete;FIAT/STRADA WORKING;"2009      ";Condutor;Lesões Leves;"40   ";Masculino;"0 ";"1    ";"0    ";"0    ";-15.8168199;-48.7801857;SPRF-GO;DEL02-GO;UOP01-DEL02-GO 
598921;"0         ";2024-05-07;terça-feira;18:30:00;GO;"414  ";"376  ";COCALZINHO DE GOIAS;Sim;Animais na Pista;1;Atropelamento de Animal;Com Vítimas Feridas;Anoitecer;Decrescente;Céu Claro;Simples;"Declive;Reta";Não  ;"1069618   ";Reboque;R/ISIDOC CIA 501;"2022      ";"0";"0";"0    ";"0";"0 ";"0    ";"0    ";"0    ";-15.8168199;-48.7801857;SPRF-GO;DEL02-GO;UOP01-DEL02-GO 
598951;"1335555   ";2024-05-07;terça-feira;23:55:00;GO;"70   ";"0    ";AGUAS LINDAS DE GOIAS;Sim;Ausência de reação do condutor;2;Queda de ocupante de veículo;Com Vítimas Feridas;Plena Noite;Crescente;Céu Claro;Múltipla;Curva;Sim  ;"1069772   ";Motocicleta;YAMAHA/YBR125I FACTOR ED;"2021      ";Condutor;Lesões Leves;"20   ";Masculino;"0 ";"1    ";"0    ";"0    ";-15.7835430;-48.2326000;SPRF-DF;DEL03-DF;UOP02-DEL03-DF 
598951;"1335555   ";2024-05-07;terça-feira;23:55:00;GO;"70   ";"0    ";AGUAS LINDAS DE GOIAS;Sim;Ausência de reação do condutor;1;Saída de leito carroçável;Com Vítimas Feridas;Plena Noite;Crescente;Céu Claro;Múltipla;Curva;Sim  ;"1069772   ";Motocicleta;YAMAHA/YBR125I FACTOR ED;"2021      ";Condutor;Lesões Leves;"20   ";Masculino;"0 ";"1    ";"0    ";"0    ";-15.7835430;-48.2326000;SPRF-DF;DEL03-DF;UOP02-DEL03-DF 
598979;"1335644   ";2024-05-08;quarta-feira;06:40:00;DF;"20   ";"12,2 ";BRASILIA;Não;Trafegar com motocicleta (ou similar) entre as faixas;3;Queda de ocupante de veículo;Com Vítimas Feridas;Pleno dia;Decrescente;Céu Claro;Dupla;Reta;Sim  ;"1069843   ";Motocicleta;HONDA/NXR160 BROS ESDD;"2019      ";Passageiro;Ileso;"23   ";Masculino;"1 ";"0    ";"0    ";"0    ";-15.6415030;-47.7555610;SPRF-DF;DEL02-DF;UOP01-DEL02-DF 
598979;"1335643   ";2024-05-08;quarta-feira;06:40:00;DF;"20   ";"12,2 ";BRASILIA;Não;Trafegar com motocicleta (ou similar) entre as faixas;3;Queda de ocupante de veículo;Com Vítimas Feridas;Pleno dia;Decrescente;Céu Claro;Dupla;Reta;Sim  ;"1069843   ";Motocicleta;HONDA/NXR160 BROS ESDD;"2019      ";Condutor;Lesões Leves;"23   ";Masculino;"0 ";"1    ";"0    ";"0    ";-15.6415030;-47.7555610;SPRF-DF;DEL02-DF;UOP01-DEL02-DF 
598979;"1335645   ";2024-05-08;quarta-feira;06:40:00;DF;"20   ";"12,2 ";BRASILIA;Não;Trafegar com motocicleta (ou similar) entre as faixas;3;Queda de ocupante de veículo;Com Vítimas Feridas;Pleno dia;Decrescente;Céu Claro;Dupla;Reta;Sim  ;"1069844   ";Automóvel;VW/GOL SPECIAL MB;"2014      ";Condutor;Ileso;"21   ";Masculino;"1 ";"0    ";"0    ";"0    ";-15.6415030;-47.7555610;SPRF-DF;DEL02-DF;UOP01-DEL02-DF 
598979;"1335646   ";2024-05-08;quarta-feira;06:40:00;DF;"20   ";"12,2 ";BRASILIA;Não;Trafegar com motocicleta (ou similar) entre as faixas;3;Queda de ocupante de veículo;Com Vítimas Feridas;Pleno dia;Decrescente;Céu Claro;Dupla;Reta;Sim  ;"1069844   ";Automóvel;VW/GOL SPECIAL MB;"2014      ";Passageiro;Ileso;"20   ";Masculino;"1 ";"0    ";"0    ";"0    ";-15.6415030;-47.7555610;SPRF-DF;DEL02-DF;UOP01-DEL02-DF 