id;pesid;data_inversa;dia_semana;horario;uf;br;km;municipio;causa_principal;causa_acidente;ordem_tipo_acidente;tipo_acidente;classificacao_acidente;fase_dia;sentido_via;condicao_metereologica;tipo_pista;tracado_via;uso_solo;id_veiculo;tipo_veiculo;marca;ano_fabricacao_veiculo;tipo_envolvido;estado_fisico;idade;sexo;ilesos;feridos_leves;feridos_graves;mortos;latitude;longitude;regional;delegacia;uop
598979;"1335644   ";2024-05-08;quarta-feira;06:40:00;DF;"20   ";"12,2 ";BRASILIA;Sim;Manobra de mudança de faixa;3;Queda de ocupante de veículo;Com Vítimas Feridas;Pleno dia;Decrescente;Céu Claro;Dupla;Reta;Sim  ;"1069843   ";Motocicleta;HONDA/NXR160 BROS ESDD;"2019      ";Passageiro;Ileso;"23   ";Masculino;"1 ";"0    ";"0    ";"0    ";-15.6415030;-47.7555610;SPRF-DF;DEL02-DF;UOP01-DEL02-DF 
598979;"1335643   ";2024-05-08;quarta-feira;06:40:00;DF;"20   ";"12,2 ";BRASILIA;Sim;Manobra de mudança de faixa;3;Queda de ocupante de veículo;Com Vítimas Feridas;Pleno dia;Decrescente;Céu Claro;Dupla;Reta;Sim  ;"1069843   ";Motocicleta;HONDA/NXR160 BROS ESDD;"2019      ";Condutor;Lesões Leves;"23   ";Masculino;"0 ";"1    ";"0    ";"0    ";-15.6415030;-47.7555610;SPRF-DF;DEL02-DF;UOP01-DEL02-DF 
598979;"1335645   ";2024-05-08;quarta-feira;06:40:00;DF;"20   ";"12,2 ";BRASILIA;Sim;Manobra de mudança de faixa;3;Queda de ocupante de veículo;Com Vítimas Feridas;Pleno dia;Decrescente;Céu Claro;Dupla;Reta;Sim  ;"1069844   ";Automóvel;VW/GOL SPECIAL MB;"2014      ";Condutor;Ileso;"21   ";Masculino;"1 ";"0    ";"0    ";"0    ";-15.6415030;-47.7555610;SPRF-DF;DEL02-DF;UOP01-DEL02-DF 
598979;"1335646   ";2024-05-08;quarta-feira;06:40:00;DF;"20   ";"12,2 ";BRASILIA;Sim;Manobra de mudança de faixa;3;Queda de ocupante de veículo;Com Vítimas Feridas;Pleno dia;Decrescente;Céu Claro;Dupla;Reta;Sim  ;"1069844   ";Automóvel;VW/GOL SPECIAL MB;"2014      ";Passageiro;Ileso;"20   ";Masculino;"1 ";"0    ";"0    ";"0    ";-15.6415030;-47.7555610;SPRF-DF;DEL02-DF;UOP01-DEL02-DF 
598979;"1335644   ";2024-05-08;quarta-feira;06:40:00;DF;"20   ";"12,2 ";BRASILIA;Não;Trafegar com motocicleta (ou similar) entre as faixas;2;Tombamento;Com Vítimas Feridas;Pleno dia;Decrescente;Céu Claro;Dupla;Reta;Sim  ;"1069843   ";Motocicleta;HONDA/NXR160 BROS ESDD;"2019      ";Passageiro;Ileso;"23   ";Masculino;"1 ";"0    ";"0    ";"0    ";-15.6415030;-47.7555610;SPRF-DF;DEL02-DF;UOP01-DEL02-DF 
598979;"1335643   ";2024-05-08;quarta-feira;06:40:00;DF;"20   ";"12,2 ";BRASILIA;Não;Trafegar com motocicleta (ou similar) entre as faixas;2;Tombamento;Com Vítimas Feridas;Pleno dia;Decrescente;Céu Claro;Dupla;Reta;Sim  ;"1069843   ";Motocicleta;HONDA/NXR160 BROS ESDD;"2019      ";Condutor;Lesões Leves;"23   ";Masculino;"0 ";"1    ";"0    ";"0    ";-15.6415030;-47.7555610;SPRF-DF;DEL02-DF;UOP01-DEL02-DF 
598979;"1335645   ";2024-05-08;quarta-feira;06:40:00;DF;"20   ";"12,2 ";BRASILIA;Não;Trafegar com motocicleta (ou similar) entre as faixas;2;Tombamento;Com Vítimas Feridas;Pleno dia;Decrescente;Céu Claro;Dupla;Reta;Sim  ;"1069844   ";Automóvel;VW/GOL SPECIAL MB;"2014      ";Condutor;Ileso;"21   ";Masculino;"1 ";"0    ";"0    ";"0    ";-15.6415030;-47.7555610;SPRF-DF;DEL02-DF;UOP01-DEL02-DF 
598979;"1335646   ";2024-05-08;quarta-feira;06:40:00;DF;"20   ";"12,2 ";BRASILIA;Não;Trafegar com motocicleta (ou similar) entre as faixas;2;Tombamento;Com Vítimas Feridas;Pleno dia;Decrescente;Céu Claro;Dupla;Reta;Sim  ;"1069844   ";Automóvel;VW/GOL SPECIAL MB;"2014      ";Passageiro;Ileso;"20   ";Masculino;"1 ";"0    ";"0    ";"0    ";-15.6415030;-47.7555610;SPRF-DF;DEL02-DF;UOP01-DEL02-DF 
598979;"1335644   ";2024-05-08;quarta-feira;06:40:00;DF;"20   ";"12,2 ";BRASILIA;Sim;Manobra de mudança de faixa;2;Tombamento;Com Vítimas Feridas;Pleno dia;Decrescente;Céu Claro;Dupla;Reta;Sim  ;"1069843   ";Motocicleta;HONDA/NXR160 BROS ESDD;"2019      ";Passageiro;Ileso;"23   ";Masculino;"1 ";"0    ";"0    ";"0    ";-15.6415030;-47.7555610;SPRF-DF;DEL02-DF;UOP01-DEL02-DF 
598979;"1335643   ";2024-05-08;quarta-feira;06:40:00;DF;"20   ";"12,2 ";BRASILIA;Sim;Manobra de mudança de faixa;2;Tombamento;Com Vítimas Feridas;Pleno dia;Decrescente;Céu Claro;Dupla;Reta;Sim  ;"1069843   ";Motocicleta;HONDA/NXR160 BROS ESDD;"2019      ";Condutor;Lesões Leves;"23   ";Masculino;"0 ";"1    ";"0    ";"0    ";-15.6415030;-47.7555610;SPRF-DF;DEL02-DF;UOP01-DEL02-DF 
598979;"1335645   ";2024-05-08;quarta-feira;06:40:00;DF;"20   ";"12,2 ";BRASILIA;Sim;Manobra de mudança de faixa;2;Tombamento;Com Vítimas Feridas;Pleno dia;Decrescente;Céu Claro;Dupla;Reta;Sim  ;"1069844   ";Automóvel;VW/GOL SPECIAL MB;"2014      ";Condutor;Ileso;"21   ";Masculino;"1 ";"0    ";"0    ";"0    ";-15.6415030;-47.7555610;SPRF-DF;DEL02-DF;UOP01-DEL02-DF 
598979;"1335646   ";2024-05-08;quarta-feira;06:40:00;DF;"20   ";"12,2 ";BRASILIA;Sim;Manobra de mudança de faixa;2;Tombamento;Com Vítimas Feridas;Pleno dia;Decrescente;Céu Claro;Dupla;Reta;Sim  ;"1069844   ";Automóvel;VW/GOL SPECIAL MB;"2014      ";Passageiro;Ileso;"20   ";Masculino;"1 ";"0    ";"0    ";"0    ";-15.6415030;-47.7555610;SPRF-DF;DEL02-DF;UOP01-DEL02-DF 
598979;"1335644   ";2024-05-08;quarta-feira;06:40:00;DF;"20   ";"12,2 ";BRASILIA;Não;Trafegar com motocicleta (ou similar) entre as faixas;1;Colisão lateral mesmo sentido;Com Vítimas Feridas;Pleno dia;Decrescente;Céu Claro;Dupla;Reta;Sim  ;"1069843   ";Motocicleta;HONDA/NXR160 BROS ESDD;"2019      ";Passageiro;Ileso;"23   ";Masculino;"1 ";"0    ";"0    ";"0    ";-15.6415030;-47.7555610;SPRF-DF;DEL02-DF;UOP01-DEL02-DF 
598979;"1335643   ";2024-05-08;quarta-feira;06:40:00;DF;"20   ";"12,2 ";BRASILIA;Não;Trafegar com motocicleta (ou similar) entre as faixas;1;Colisão lateral mesmo sentido;Com Vítimas Feridas;Pleno dia;Decrescente;Céu Claro;Dupla;Reta;Sim  ;"1069843   ";Motocicleta;HONDA/NXR160 BROS ESDD;"2019      ";Condutor;Lesões Leves;"23   ";Masculino;"0 ";"1    ";"0    ";"0    ";-15.6415030;-47.7555610;SPRF-DF;DEL02-DF;UOP01-DEL02-DF 
598979;"1335645   ";2024-05-08;quarta-feira;06:40:00;DF;"20   ";"12,2 ";BRASILIA;Não;Trafegar com motocicleta (ou similar) entre as faixas;1;Colisão lateral mesmo sentido;Com Vítimas Feridas;Pleno dia;Decrescente;Céu Claro;Dupla;Reta;Sim  ;"1069844   ";Automóvel;VW/GOL SPECIAL MB;"2014      ";Condutor;Ileso;"21   ";Masculino;"1 ";"0    ";"0    ";"0    ";-15.6415030;-47.7555610;SPRF-DF;DEL02-DF;UOP01-DEL02-DF 
598979;"1335646   ";2024-05-08;quarta-feira;06:40:00;DF;"20   ";"12,2 ";BRASILIA;Não;Trafegar com motocicleta (ou similar) entre as faixas;1;Colisão lateral mesmo sentido;Com Vítimas Feridas;Pleno dia;Decrescente;Céu Claro;Dupla;Reta;Sim  ;"1069844   ";Automóvel;VW/GOL SPECIAL MB;"2014      ";Passageiro;Ileso;"20   ";Masculino;"1 ";"0    ";"0    ";"0    ";-15.6415030;-47.7555610;SPRF-DF;DEL02-DF;UOP01-DEL02-DF 
598979;"1335644   ";2024-05-08;quarta-feira;06:40:00;DF;"20   ";"12,2 ";BRASILIA;Sim;Manobra de mudança de faixa;1;Colisão lateral mesmo sentido;Com Vítimas Feridas;Pleno dia;Decrescente;Céu Claro;Dupla;Reta;Sim  ;"1069843   ";Motocicleta;HONDA/NXR160 BROS ESDD;"2019      ";Passageiro;Ileso;"23   ";Masculino;"1 ";"0    ";"0    ";"0    ";-15.6415030;-47.7555610;SPRF-DF;DEL02-DF;UOP01-DEL02-DF 
598979;"1335643   ";2024-05-08;quarta-feira;06:40:00;DF;"20   ";"12,2 ";BRASILIA;Sim;Manobra de mudança de faixa;1;Colisão lateral mesmo sentido;Com Vítimas Feridas;Pleno dia;Decrescente;Céu Claro;Dupla;Reta;Sim  ;"1069843   ";Motocicleta;HONDA/NXR160 BROS ESDD;"2019      ";Condutor;Lesões Leves;"23   ";Masculino;"0 ";"1    ";"0    ";"0    ";-15.6415030;-47.7555610;SPRF-DF;DEL02-DF;UOP01-DEL02-DF 
598979;"1335645   ";2024-05-08;quarta-feira;06:40:00;DF;"20   ";"12,2 ";BRASILIA;Sim;Manobra de mudança de faixa;1;Colisão lateral mesmo sentido;Com Vítimas Feridas;Pleno dia;Decrescente;Céu Claro;Dupla;Reta;Sim  ;"1069844   ";Automóvel;VW/GOL SPECIAL MB;"2014      ";Condutor;Ileso;"21   ";Masculino;"1 ";"0    ";"0    ";"0    ";-15.6415030;-47.7555610;SPRF-DF;DEL02-DF;UOP01-DEL02-DF 
598979;"1335646   ";2024-05-08;quarta-feira;06:40:00;DF;"20   ";"12,2 ";BRASILIA;Sim;Manobra de mudança de faixa;1;Colisão lateral mesmo sentido;Com Vítimas Feridas;Pleno dia;Decrescente;Céu Claro;Dupla;Reta;Sim  ;"1069844   ";Automóvel;VW/GOL SPECIAL MB;"2014      ";Passageiro;Ileso;"20   ";Masculino;"1 ";"0    ";"0    ";"0    ";-15.6415030;-47.7555610;SPRF-DF;DEL02-DF;UOP01-DEL02-DF 
598983;"1335632   ";2024-05-08;quarta-feira;07:00:00;DF;"20   ";"45,9 ";BRASILIA;Não;Reação tardia ou ineficiente do condutor;2;Capotamento;Com Vítimas Feridas;Pleno dia;Crescente;Céu Claro;Dupla;"Reta;Declive";Não  ;"1069832   ";Automóvel;VW/GOL 16V PLUS;"2001      ";Condutor;Ileso;"19   ";Masculino;"1 ";"0    ";"0    ";"0    ";-15.5802390;-47.4594641;SPRF-DF;DEL02-DF;UOP01-DEL02-DF 
598983;"1335633   ";2024-05-08;quarta-feira;07:00:00;DF;"20   ";"45,9 ";BRASILIA;Não;Reação tardia ou ineficiente do condutor;2;Capotamento;Com Vítimas Feridas;Pleno dia;Crescente;Céu Claro;Dupla;"Reta;Declive";Não  ;"1069832   ";Automóvel;VW/GOL 16V PLUS;"2001      ";Passageiro;Lesões Leves;"20   ";Masculino;"0 ";"1    ";"0    ";"0    ";-15.5802390;-47.4594641;SPRF-DF;DEL02-DF;UOP01-DEL02-DF 
598983;"1335632   ";2024-05-08;quarta-feira;07:00:00;DF;"20   ";"45,9 ";BRASILIA;Não;Problema na suspensão;2;Capotamento;Com Vítimas Feridas;Pleno dia;Crescente;Céu Claro;Dupla;"Reta;Declive";Não  ;"1069832   ";Automóvel;VW/GOL 16V PLUS;"2001      ";Condutor;Ileso;"19   ";Masculino;"1 ";"0    ";"0    ";"0    ";-15.5802390;-47.4594641;SPRF-DF;DEL02-DF;UOP01-DEL02-DF 
598983;"1335632   ";2024-05-08;quarta-feira;07:00:00;DF;"20   ";"45,9 ";BRASILIA;Não;Condutor usando celular;2;Capotamento;Com Vítimas Feridas;Pleno dia;Crescente;Céu Claro;Dupla;"Reta;Declive";Não  ;"1069832   ";Automóvel;VW/GOL 16V PLUS;"2001      ";Condutor;Ileso;"19   ";Masculino;"1 ";"0    ";"0    ";"0    ";-15.5802390;-47.4594641;SPRF-DF;DEL02-DF;UOP01-DEL02-DF 
598983;"1335633   ";2024-05-08;quarta-feira;07:00:00;DF;"20   ";"45,9 ";BRASILIA;Não;Condutor usando celular;2;Capotamento;Com Vítimas Feridas;Pleno dia;Crescente;Céu Claro;Dupla;"Reta;Declive";Não  ;"1069832   ";Automóvel;VW/GOL 16V PLUS;"2001      ";Passageiro;Lesões Leves;"20   ";Masculino;"0 ";"1    ";"0    ";"0    ";-15.5802390;-47.4594641;SPRF-DF;DEL02-DF;UOP01-DEL02-DF 
598983;"1335632   ";2024-05-08;quarta-feira;07:00:00;DF;"20   ";"45,9 ";BRASILIA;Sim;Condutor Dormindo;2;Capotamento;Com Vítimas Feridas;Pleno dia;Crescente;Céu Claro;Dupla;"Reta;Declive";Não  ;"1069832   ";Automóvel;VW/GOL 16V PLUS;"2001      ";Condutor;Ileso;"19   ";Masculino;"1 ";"0    ";"0    ";"0    ";-15.5802390;-47.4594641;SPRF-DF;DEL02-DF;UOP01-DEL02-DF 
598983;"1335633   ";2024-05-08;quarta-feira;07:00:00;DF;"20   ";"45,9 ";BRASILIA;Sim;Condutor Dormindo;2;Capotamento;Com Vítimas Feridas;Pleno dia;Crescente;Céu Claro;Dupla;"Reta;Declive";Não  ;"1069832   ";Automóvel;VW/GOL 16V PLUS;"2001      ";Passageiro;Lesões Leves;"20   ";Masculino;"0 ";"1    ";"0    ";"0    ";-15.5802390;-47.4594641;SPRF-DF;DEL02-DF;UOP01-DEL02-DF 
598983;"1335632   ";2024-05-08;quarta-feira;07:00:00;DF;"20   ";"45,9 ";BRASILIA;Não;Reação tardia ou ineficiente do condutor;1;Saída de leito carroçável;Com Vítimas Feridas;Pleno dia;Crescente;Céu Claro;Dupla;"Reta;Declive";Não  ;"1069832   ";Automóvel;VW/GOL 16V PLUS;"2001      ";Condutor;Ileso;"19   ";Masculino;"1 ";"0    ";"0    ";"0    ";-15.5802390;-47.4594641;SPRF-DF;DEL02-DF;UOP01-DEL02-DF 
598983;"1335633   ";2024-05-08;quarta-feira;07:00:00;DF;"20   ";"45,9 ";BRASILIA;Não;Reação tardia ou ineficiente do condutor;1;Saída de leito carroçável;Com Vítimas Feridas;Pleno dia;Crescente;Céu Claro;Dupla;"Reta;Declive";Não  ;"1069832   ";Automóvel;VW/GOL 16V PLUS;"2001      ";Passageiro;Lesões Leves;"20   ";Masculino;"0 ";"1    ";"0    ";"0    ";-15.5802390;-47.4594641;SPRF-DF;DEL02-DF;UOP01-DEL02-DF 
598983;"1335632   ";2024-05-08;quarta-feira;07:00:00;DF;"20   ";"45,9 ";BRASILIA;Não;Problema na suspensão;1;Saída de leito carroçável;Com Vítimas Feridas;Pleno dia;Crescente;Céu Claro;Dupla;"Reta;Declive";Não  ;"1069832   ";Automóvel;VW/GOL 16V PLUS;"2001      ";Condutor;Ileso;"19   ";Masculino;"1 ";"0    ";"0    ";"0    ";-15.5802390;-47.4594641;SPRF-DF;DEL02-DF;UOP01-DEL02-DF 
598983;"1335633   ";2024-05-08;quarta-feira;07:00:00;DF;"20   ";"45,9 ";BRASILIA;Não;Problema na suspensão;1;Saída de leito carroçável;Com Vítimas Feridas;Pleno dia;Crescente;Céu Claro;Dupla;"Reta;Declive";Não  ;"1069832   ";Automóvel;VW/GOL 16V PLUS;"2001      ";Passageiro;Lesões Leves;"20   ";Masculino;"0 ";"1    ";"0    ";"0    ";-15.5802390;-47.4594641;SPRF-DF;DEL02-DF;UOP01-DEL02-DF 
598983;"1335632   ";2024-05-08;quarta-feira;07:00:00;DF;"20   ";"45,9 ";BRASILIA;Não;Condutor usando celular;1;Saída de leito carroçável;Com Vítimas Feridas;Pleno dia;Crescente;Céu Claro;Dupla;"Reta;Declive";Não  ;"1069832   ";Automóvel;VW/GOL 16V PLUS;"2001      ";Condutor;Ileso;"19   ";Masculino;"1 ";"0    ";"0    ";"0    ";-15.5802390;-47.4594641;SPRF-DF;DEL02-DF;UOP01-DEL02-DF 
598983;"1335633   ";2024-05-08;quarta-feira;07:00:00;DF;"20   ";"45,9 ";BRASILIA;Não;Condutor usando celular;1;Saída de leito carroçável;Com Vítimas Feridas;Pleno dia;Crescente;Céu Claro;Dupla;"Reta;Declive";Não  ;"1069832   ";Automóvel;VW/GOL 16V PLUS;"2001      ";Passageiro;Lesões Leves;"20   ";Masculino;"0 ";"1    ";"0    ";"0    ";-15.5802390;-47.4594641;SPRF-DF;DEL02-DF;UOP01-DEL02-DF 
598983;"1335632   ";2024-05-08;quarta-feira;07:00:00;DF;"20   ";"45,9 ";BRASILIA;Sim;Condutor Dormindo;1;Saída de leito carroçável;Com Vítimas Feridas;Pleno dia;Crescente;Céu Claro;Dupla;"Reta;Declive";Não  ;"1069832   ";Automóvel;VW/GOL 16V PLUS;"2001      ";Condutor;Ileso;"19   ";Masculino;"1 ";"0    ";"0    ";"0    ";-15.5802390;-47.4594641;SPRF-DF;DEL02-DF;UOP01-DEL02-DF 
598983;"1335633   ";2024-05-08;quarta-feira;07:00:00;DF;"20   ";"45,9 ";BRASILIA;Sim;Condutor Dormindo;1;Saída de leito carroçável;Com Vítimas Feridas;Pleno dia;Crescente;Céu Claro;Dupla;"Reta;Declive";Não  ;"1069832   ";Automóvel;VW/GOL 16V PLUS;"2001      ";Passageiro;Lesões Leves;"20   ";Masculino;"0 ";"1    ";"0    ";"0    ";-15.5802390;-47.4594641;SPRF-DF;DEL02-DF;UOP01-DEL02-DF 
599005;"1335590   ";2024-04-14;domingo;23:03:00;GO;"40   ";"2,9  ";VALPARAISO DE GOIAS;Sim;Acessar a via sem observar a presença dos outros veículos;1;Colisão transversal;Com Vítimas Feridas;Plena Noite;Crescente;Ignorado;Dupla;"Retorno Regulamentado;Reta;Interseção de Vias";Sim  ;"1069799   ";Motocicleta;HONDA/CB 250F TWISTER;"2018      ";Condutor;Lesões Graves;"26   ";Masculino;"0 ";"0    ";"1    ";"0    ";-16.0671290;-47.9842350;SPRF-DF;DEL01-DF;UOP01-DEL01-DF 
599005;"1335591   ";2024-04-14;domingo;23:03:00;GO;"40   ";"2,9  ";VALPARAISO DE GOIAS;Sim;Acessar a via sem observar a presença dos outros veículos;1;Colisão transversal;Com Vítimas Feridas;Plena Noite;Crescente;Ignorado;Dupla;"Retorno Regulamentado;Reta;Interseção de Vias";Sim  ;"1069800   ";Automóvel;Não Informado/Não Informado;"0         ";Condutor;Não Informado;"0    ";Não Informado;"0 ";"0    ";"0    ";"0    ";-16.0671290;-47.9842350;SPRF-DF;DEL01-DF;UOP01-DEL01-DF 
599048;"1335766   ";2024-05-08;quarta-feira;12:30:00;GO;"40   ";"96   ";CRISTALINA;Sim;Acessar a via sem observar a presença dos outros veículos;1;Colisão transversal;Sem Vítimas;Pleno dia;Decrescente;Céu Claro;Simples;"Reta;Declive";Sim  ;"1069975   ";Automóvel;FORD/BELINA II GL;"1983      ";Condutor;Ileso;"20   ";Masculino;"1 ";"0    ";"0    ";"0    ";-16.7576800;-47.6016130;SPRF-DF;DEL01-DF;UOP02-DEL01-DF 
599048;"1335769   ";2024-05-08;quarta-feira;12:30:00;GO;"40   ";"96   ";CRISTALINA;Sim;Acessar a via sem observar a presença dos outros veículos;1;Colisão transversal;Sem Vítimas;Pleno dia;Decrescente;Céu Claro;Simples;"Reta;Declive";Sim  ;"1069978   ";Caminhonete;I/RENAULT KGOO EXPRESS16;"2011      ";Condutor;Ileso;"34   ";Masculino;"1 ";"0    ";"0    ";"0    ";-16.7576800;-47.6016130;SPRF-DF;DEL01-DF;UOP02-DEL01-DF 
599147;"1336017   ";2024-05-08;quarta-feira;20:00:00;GO;"40   ";"129,7";CRISTALINA;Não;Velocidade Incompatível;3;Capotamento;Com Vítimas Fatais;Plena Noite;Crescente;Céu Claro;Dupla;Reta;Não  ;"1070173   ";Automóvel;VW/GOL 1.0;"2005      ";Condutor;Óbito;"36   ";Masculino;"0 ";"0    ";"0    ";"1    ";-16.9003740;-47.3537350;SPRF-DF;DEL01-DF;UOP02-DEL01-DF 
599147;"1336019   ";2024-05-08;quarta-feira;20:00:00;GO;"40   ";"129,7";CRISTALINA;Não;Velocidade Incompatível;3;Capotamento;Com Vítimas Fatais;Plena Noite;Crescente;Céu Claro;Dupla;Reta;Não  ;"1070174   ";Caminhonete;I/TOYOTA HILUX CDSRXA4FD;"2016      ";Passageiro;Ileso;"63   ";Feminino;"1 ";"0    ";"0    ";"0    ";-16.9003740;-47.3537350;SPRF-DF;DEL01-DF;UOP02-DEL01-DF 
599147;"1338043   ";2024-05-08;quarta-feira;20:00:00;GO;"40   ";"129,7";CRISTALINA;Não;Velocidade Incompatível;3;Capotamento;Com Vítimas Fatais;Plena Noite;Crescente;Céu Claro;Dupla;Reta;Não  ;"1070174   ";Caminhonete;I/TOYOTA HILUX CDSRXA4FD;"2016      ";Passageiro;Lesões Leves;"87   ";Feminino;"0 ";"1    ";"0    ";"0    ";-16.9003740;-47.3537350;SPRF-DF;DEL01-DF;UOP02-DEL01-DF 
599147;"1336018   ";2024-05-08;quarta-feira;20:00:00;GO;"40   ";"129,7";CRISTALINA;Não;Velocidade Incompatível;3;Capotamento;Com Vítimas Fatais;Plena Noite;Crescente;Céu Claro;Dupla;Reta;Não  ;"1070174   ";Caminhonete;I/TOYOTA HILUX CDSRXA4FD;"2016      ";Condutor;Lesões Leves;"62   ";Masculino;"0 ";"1    ";"0    ";"0    ";-16.9003740;-47.3537350;SPRF-DF;DEL01-DF;UOP02-DEL01-DF 
599147;"1336017   ";2024-05-08;quarta-feira;20:00:00;GO;"40   ";"129,7";CRISTALINA;Não;Demais falhas na via;3;Capotamento;Com Vítimas Fatais;Plena Noite;Crescente;Céu Claro;Dupla;Reta;Não  ;"1070173   ";Automóvel;VW/GOL 1.0;"2005      ";Condutor;Óbito;"36   ";Masculino;"0 ";"0    ";"0    ";"1    ";-16.9003740;-47.3537350;SPRF-DF;DEL01-DF;UOP02-DEL01-DF 
599147;"1336019   ";2024-05-08;quarta-feira;20:00:00;GO;"40   ";"129,7";CRISTALINA;Não;Demais falhas na via;3;Capotamento;Com Vítimas Fatais;Plena Noite;Crescente;Céu Claro;Dupla;Reta;Não  ;"1070174   ";Caminhonete;I/TOYOTA HILUX CDSRXA4FD;"2016      ";Passageiro;Ileso;"63   ";Feminino;"1 ";"0    ";"0    ";"0    ";-16.9003740;-47.3537350;SPRF-DF;DEL01-DF;UOP02-DEL01-DF 
599147;"1338043   ";2024-05-08;quarta-feira;20:00:00;GO;"40   ";"129,7";CRISTALINA;Não;Demais falhas na via;3;Capotamento;Com Vítimas Fatais;Plena Noite;Crescente;Céu Claro;Dupla;Reta;Não  ;"1070174   ";Caminhonete;I/TOYOTA HILUX CDSRXA4FD;"2016      ";Passageiro;Lesões Leves;"87   ";Feminino;"0 ";"1    ";"0    ";"0    ";-16.9003740;-47.3537350;SPRF-DF;DEL01-DF;UOP02-DEL01-DF 
599147;"1336018   ";2024-05-08;quarta-feira;20:00:00;GO;"40   ";"129,7";CRISTALINA;Não;Demais falhas na via;3;Capotamento;Com Vítimas Fatais;Plena Noite;Crescente;Céu Claro;Dupla;Reta;Não  ;"1070174   ";Caminhonete;I/TOYOTA HILUX CDSRXA4FD;"2016      ";Condutor;Lesões Leves;"62   ";Masculino;"0 ";"1    ";"0    ";"0    ";-16.9003740;-47.3537350;SPRF-DF;DEL01-DF;UOP02-DEL01-DF 
599147;"1336017   ";2024-05-08;quarta-feira;20:00:00;GO;"40   ";"129,7";CRISTALINA;Não;Reação tardia ou ineficiente do condutor;3;Capotamento;Com Vítimas Fatais;Plena Noite;Crescente;Céu Claro;Dupla;Reta;Não  ;"1070173   ";Automóvel;VW/GOL 1.0;"2005      ";Condutor;Óbito;"36   ";Masculino;"0 ";"0    ";"0    ";"1    ";-16.9003740;-47.3537350;SPRF-DF;DEL01-DF;UOP02-DEL01-DF 
599147;"1336019   ";2024-05-08;quarta-feira;20:00:00;GO;"40   ";"129,7";CRISTALINA;Não;Reação tardia ou ineficiente do condutor;3;Capotamento;Com Vítimas Fatais;Plena Noite;Crescente;Céu Claro;Dupla;Reta;Não  ;"1070174   ";Caminhonete;I/TOYOTA HILUX CDSRXA4FD;"2016      ";Passageiro;Ileso;"63   ";Feminino;"1 ";"0    ";"0    ";"0    ";-16.9003740;-47.3537350;SPRF-DF;DEL01-DF;UOP02-DEL01-DF 
599147;"1338043   ";2024-05-08;quarta-feira;20:00:00;GO;"40   ";"129,7";CRISTALINA;Não;Reação tardia ou ineficiente do condutor;3;Capotamento;Com Vítimas Fatais;Plena Noite;Crescente;Céu Claro;Dupla;Reta;Não  ;"1070174   ";Caminhonete;I/TOYOTA HILUX CDSRXA4FD;"2016      ";Passageiro;Lesões Leves;"87   ";Feminino;"0 ";"1    ";"0    ";"0    ";-16.9003740;-47.3537350;SPRF-DF;DEL01-DF;UOP02-DEL01-DF 
599147;"1336018   ";2024-05-08;quarta-feira;20:00:00;GO;"40   ";"129,7";CRISTALINA;Não;Reação tardia ou ineficiente do condutor;3;Capotamento;Com Vítimas Fatais;Plena Noite;Crescente;Céu Claro;Dupla;Reta;Não  ;"1070174   ";Caminhonete;I/TOYOTA HILUX CDSRXA4FD;"2016      ";Condutor;Lesões Leves;"62   ";Masculino;"0 ";"1    ";"0    ";"0    ";-16.9003740;-47.3537350;SPRF-DF;DEL01-DF;UOP02-DEL01-DF 
599147;"1336017   ";2024-05-08;quarta-feira;20:00:00;GO;"40   ";"129,7";CRISTALINA;Sim;Ausência de reação do condutor;3;Capotamento;Com Vítimas Fatais;Plena Noite;Crescente;Céu Claro;Dupla;Reta;Não  ;"1070173   ";Automóvel;VW/GOL 1.0;"2005      ";Condutor;Óbito;"36   ";Masculino;"0 ";"0    ";"0    ";"1    ";-16.9003740;-47.3537350;SPRF-DF;DEL01-DF;UOP02-DEL01-DF 
599147;"1336019   ";2024-05-08;quarta-feira;20:00:00;GO;"40   ";"129,7";CRISTALINA;Sim;Ausência de reação do condutor;3;Capotamento;Com Vítimas Fatais;Plena Noite;Crescente;Céu Claro;Dupla;Reta;Não  ;"1070174   ";Caminhonete;I/TOYOTA HILUX CDSRXA4FD;"2016      ";Passageiro;Ileso;"63   ";Feminino;"1 ";"0    ";"0    ";"0    ";-16.9003740;-47.3537350;SPRF-DF;DEL01-DF;UOP02-DEL01-DF 
599147;"1338043   ";2024-05-08;quarta-feira;20:00:00;GO;"40   ";"129,7";CRISTALINA;Sim;Ausência de reação do condutor;3;Capotamento;Com Vítimas Fatais;Plena Noite;Crescente;Céu Claro;Dupla;Reta;Não  ;"1070174   ";Caminhonete;I/TOYOTA HILUX CDSRXA4FD;"2016      ";Passageiro;Lesões Leves;"87   ";Feminino;"0 ";"1    ";"0    ";"0    ";-16.9003740;-47.3537350;SPRF-DF;DEL01-DF;UOP02-DEL01-DF 
599147;"1336018   ";2024-05-08;quarta-feira;20:00:00;GO;"40   ";"129,7";CRISTALINA;Sim;Ausência de reação do condutor;3;Capotamento;Com Vítimas Fatais;Plena Noite;Crescente;Céu Claro;Dupla;Reta;Não  ;"1070174   ";Caminhonete;I/TOYOTA HILUX CDSRXA4FD;"2016      ";Condutor;Lesões Leves;"62   ";Masculino;"0 ";"1    ";"0    ";"0    ";-16.9003740;-47.3537350;SPRF-DF;DEL01-DF;UOP02-DEL01-DF 
599147;"1336017   ";2024-05-08;quarta-feira;20:00:00;GO;"40   ";"129,7";CRISTALINA;Não;Velocidade Incompatível;2;Colisão frontal;Com Vítimas Fatais;Plena Noite;Crescente;Céu Claro;Dupla;Reta;Não  ;"1070173   ";Automóvel;VW/GOL 1.0;"2005      ";Condutor;Óbito;"36   ";Masculino;"0 ";"0    ";"0    ";"1    ";-16.9003740;-47.3537350;SPRF-DF;DEL01-DF;UOP02-DEL01-DF 