id;pesid;data_inversa;dia_semana;horario;uf;br;km;municipio;causa_principal;causa_acidente;ordem_tipo_acidente;tipo_acidente;classificacao_acidente;fase_dia;sentido_via;condicao_metereologica;tipo_pista;tracado_via;uso_solo;id_veiculo;tipo_veiculo;marca;ano_fabricacao_veiculo;tipo_envolvido;estado_fisico;idade;sexo;ilesos;feridos_leves;feridos_graves;mortos;latitude;longitude;regional;delegacia;uop
599147;"1336019   ";2024-05-08;quarta-feira;20:00:00;GO;"40   ";"129,7";CRISTALINA;Não;Velocidade Incompatível;2;Colisão frontal;Com Vítimas Fatais;Plena Noite;Crescente;Céu Claro;Dupla;Reta;Não  ;"1070174   ";Caminhonete;I/TOYOTA HILUX CDSRXA4FD;"2016      ";Passageiro;Ileso;"63   ";Feminino;"1 ";"0    ";"0    ";"0    ";-16.9003740;-47.3537350;SPRF-DF;DEL01-DF;UOP02-DEL01-DF 
599147;"1338043   ";2024-05-08;quarta-feira;20:00:00;GO;"40   ";"129,7";CRISTALINA;Não;Velocidade Incompatível;2;Colisão frontal;Com Vítimas Fatais;Plena Noite;Crescente;Céu Claro;Dupla;Reta;Não  ;"1070174   ";Caminhonete;I/TOYOTA HILUX CDSRXA4FD;"2016      ";Passageiro;Lesões Leves;"87   ";Feminino;"0 ";"1    ";"0    ";"0    ";-16.9003740;-47.3537350;SPRF-DF;DEL01-DF;UOP02-DEL01-DF 
599147;"1336018   ";2024-05-08;quarta-feira;20:00:00;GO;"40   ";"129,7";CRISTALINA;Não;Velocidade Incompatível;2;Colisão frontal;Com Vítimas Fatais;Plena Noite;Crescente;Céu Claro;Dupla;Reta;Não  ;"1070174   ";Caminhonete;I/TOYOTA HILUX CDSRXA4FD;"2016      ";Condutor;Lesões Leves;"62   ";Masculino;"0 ";"1    ";"0    ";"0    ";-16.9003740;-47.3537350;SPRF-DF;DEL01-DF;UOP02-DEL01-DF 
599147;"1336017   ";2024-05-08;quarta-feira;20:00:00;GO;"40   ";"129,7";CRISTALINA;Não;Demais falhas na via;2;Colisão frontal;Com Vítimas Fatais;Plena Noite;Crescente;Céu Claro;Dupla;Reta;Não  ;"1070173   ";Automóvel;VW/GOL 1.0;"2005      ";Condutor;Óbito;"36   ";Masculino;"0 ";"0    ";"0    ";"1    ";-16.9003740;-47.3537350;SPRF-DF;DEL01-DF;UOP02-DEL01-DF 
599147;"1336019   ";2024-05-08;quarta-feira;20:00:00;GO;"40   ";"129,7";CRISTALINA;Não;Demais falhas na via;2;Colisão frontal;Com Vítimas Fatais;Plena Noite;Crescente;Céu Claro;Dupla;Reta;Não  ;"1070174   ";Caminhonete;I/TOYOTA HILUX CDSRXA4FD;"2016      ";Passageiro;Ileso;"63   ";Feminino;"1 ";"0    ";"0    ";"0    ";-16.9003740;-47.3537350;SPRF-DF;DEL01-DF;UOP02-DEL01-DF 
599147;"1338043   ";2024-05-08;quarta-feira;20:00:00;GO;"40   ";"129,7";CRISTALINA;Não;Demais falhas na via;2;Colisão frontal;Com Vítimas Fatais;Plena Noite;Crescente;Céu Claro;Dupla;Reta;Não  ;"1070174   ";Caminhonete;I/TOYOTA HILUX CDSRXA4FD;"2016      ";Passageiro;Lesões Leves;"87   ";Feminino;"0 ";"1    ";"0    ";"0    ";-16.9003740;-47.3537350;SPRF-DF;DEL01-DF;UOP02-DEL01-DF 
599147;"1336018   ";2024-05-08;quarta-feira;20:00:00;GO;"40   ";"129,7";CRISTALINA;Não;Demais falhas na via;2;Colisão frontal;Com Vítimas Fatais;Plena Noite;Crescente;Céu Claro;Dupla;Reta;Não  ;"1070174   ";Caminhonete;I/TOYOTA HILUX CDSRXA4FD;"2016      ";Condutor;Lesões Leves;"62   ";Masculino;"0 ";"1    ";"0    ";"0    ";-16.9003740;-47.3537350;SPRF-DF;DEL01-DF;UOP02-DEL01-DF 
599147;"1336017   ";2024-05-08;quarta-feira;20:00:00;GO;"40   ";"129,7";CRISTALINA;Não;Reação tardia ou ineficiente do condutor;2;Colisão frontal;Com Vítimas Fatais;Plena Noite;Crescente;Céu Claro;Dupla;Reta;Não  ;"1070173   ";Automóvel;VW/GOL 1.0;"2005      ";Condutor;Óbito;"36   ";Masculino;"0 ";"0    ";"0    ";"1    ";-16.9003740;-47.3537350;SPRF-DF;DEL01-DF;UOP02-DEL01-DF 
599147;"1336019   ";2024-05-08;quarta-feira;20:00:00;GO;"40   ";"129,7";CRISTALINA;Não;Reação tardia ou ineficiente do condutor;2;Colisão frontal;Com Vítimas Fatais;Plena Noite;Crescente;Céu Claro;Dupla;Reta;Não  ;"1070174   ";Caminhonete;I/TOYOTA HILUX CDSRXA4FD;"2016      ";Passageiro;Ileso;"63   ";Feminino;"1 ";"0    ";"0    ";"0    ";-16.9003740;-47.3537350;SPRF-DF;DEL01-DF;UOP02-DEL01-DF 
599147;"1338043   ";2024-05-08;quarta-feira;20:00:00;GO;"40   ";"129,7";CRISTALINA;Não;Reação tardia ou ineficiente do condutor;2;Colisão frontal;Com Vítimas Fatais;Plena Noite;Crescente;Céu Claro;Dupla;Reta;Não  ;"1070174   ";Caminhonete;I/TOYOTA HILUX CDSRXA4FD;"2016      ";Passageiro;Lesões Leves;"87   ";Feminino;"0 ";"1    ";"0    ";"0    ";-16.9003740;-47.3537350;SPRF-DF;DEL01-DF;UOP02-DEL01-DF 
599147;"1336018   ";2024-05-08;quarta-feira;20:00:00;GO;"40   ";"129,7";CRISTALINA;Não;Reação tardia ou ineficiente do condutor;2;Colisão frontal;Com Vítimas Fatais;Plena Noite;Crescente;Céu Claro;Dupla;Reta;Não  ;"1070174   ";Caminhonete;I/TOYOTA HILUX CDSRXA4FD;"2016      ";Condutor;Lesões Leves;"62   ";Masculino;"0 ";"1    ";"0    ";"0    ";-16.9003740;-47.3537350;SPRF-DF;DEL01-DF;UOP02-DEL01-DF 
599147;"1336017   ";2024-05-08;quarta-feira;20:00:00;GO;"40   ";"129,7";CRISTALINA;Sim;Ausência de reação do condutor;2;Colisão frontal;Com Vítimas Fatais;Plena Noite;Crescente;Céu Claro;Dupla;Reta;Não  ;"1070173   ";Automóvel;VW/GOL 1.0;"2005      ";Condutor;Óbito;"36   ";Masculino;"0 ";"0    ";"0    ";"1    ";-16.9003740;-47.3537350;SPRF-DF;DEL01-DF;UOP02-DEL01-DF 
599147;"1336019   ";2024-05-08;quarta-feira;20:00:00;GO;"40   ";"129,7";CRISTALINA;Sim;Ausência de reação do condutor;2;Colisão frontal;Com Vítimas Fatais;Plena Noite;Crescente;Céu Claro;Dupla;Reta;Não  ;"1070174   ";Caminhonete;I/TOYOTA HILUX CDSRXA4FD;"2016      ";Passageiro;Ileso;"63   ";Feminino;"1 ";"0    ";"0    ";"0    ";-16.9003740;-47.3537350;SPRF-DF;DEL01-DF;UOP02-DEL01-DF 
599147;"1338043   ";2024-05-08;quarta-feira;20:00:00;GO;"40   ";"129,7";CRISTALINA;Sim;Ausência de reação do condutor;2;Colisão frontal;Com Vítimas Fatais;Plena Noite;Crescente;Céu Claro;Dupla;Reta;Não  ;"1070174   ";Caminhonete;I/TOYOTA HILUX CDSRXA4FD;"2016      ";Passageiro;Lesões Leves;"87   ";Feminino;"0 ";"1    ";"0    ";"0    ";-16.9003740;-47.3537350;SPRF-DF;DEL01-DF;UOP02-DEL01-DF 
599147;"1336018   ";2024-05-08;quarta-feira;20:00:00;GO;"40   ";"129,7";CRISTALINA;Sim;Ausência de reação do condutor;2;Colisão frontal;Com Vítimas Fatais;Plena Noite;Crescente;Céu Claro;Dupla;Reta;Não  ;"1070174   ";Caminhonete;I/TOYOTA HILUX CDSRXA4FD;"2016      ";Condutor;Lesões Leves;"62   ";Masculino;"0 ";"1    ";"0    ";"0    ";-16.9003740;-47.3537350;SPRF-DF;DEL01-DF;UOP02-DEL01-DF 
599147;"1336017   ";2024-05-08;quarta-feira;20:00:00;GO;"40   ";"129,7";CRISTALINA;Não;Velocidade Incompatível;1;Saída de leito carroçável;Com Vítimas Fatais;Plena Noite;Crescente;Céu Claro;Dupla;Reta;Não  ;"1070173   ";Automóvel;VW/GOL 1.0;"2005      ";Condutor;Óbito;"36   ";Masculino;"0 ";"0    ";"0    ";"1    ";-16.9003740;-47.3537350;SPRF-DF;DEL01-DF;UOP02-DEL01-DF 
599147;"1336019   ";2024-05-08;quarta-feira;20:00:00;GO;"40   ";"129,7";CRISTALINA;Não;Velocidade Incompatível;1;Saída de leito carroçável;Com Vítimas Fatais;Plena Noite;Crescente;Céu Claro;Dupla;Reta;Não  ;"1070174   ";Caminhonete;I/TOYOTA HILUX CDSRXA4FD;"2016      ";Passageiro;Ileso;"63   ";Feminino;"1 ";"0    ";"0    ";"0    ";-16.9003740;-47.3537350;SPRF-DF;DEL01-DF;UOP02-DEL01-DF 
599147;"1338043   ";2024-05-08;quarta-feira;20:00:00;GO;"40   ";"129,7";CRISTALINA;Não;Velocidade Incompatível;1;Saída de leito carroçável;Com Vítimas Fatais;Plena Noite;Crescente;Céu Claro;Dupla;Reta;Não  ;"1070174   ";Caminhonete;I/TOYOTA HILUX CDSRXA4FD;"2016      ";Passageiro;Lesões Leves;"87   ";Feminino;"0 ";"1    ";"0    ";"0    ";-16.9003740;-47.3537350;SPRF-DF;DEL01-DF;UOP02-DEL01-DF 
599147;"1336018   ";2024-05-08;quarta-feira;20:00:00;GO;"40   ";"129,7";CRISTALINA;Não;Velocidade Incompatível;1;Saída de leito carroçável;Com Vítimas Fatais;Plena Noite;Crescente;Céu Claro;Dupla;Reta;Não  ;"1070174   ";Caminhonete;I/TOYOTA HILUX CDSRXA4FD;"2016      ";Condutor;Lesões Leves;"62   ";Masculino;"0 ";"1    ";"0    ";"0    ";-16.9003740;-47.3537350;SPRF-DF;DEL01-DF;UOP02-DEL01-DF 
599147;"1336017   ";2024-05-08;quarta-feira;20:00:00;GO;"40   ";"129,7";CRISTALINA;Não;Demais falhas na via;1;Saída de leito carroçável;Com Vítimas Fatais;Plena Noite;Crescente;Céu Claro;Dupla;Reta;Não  ;"1070173   ";Automóvel;VW/GOL 1.0;"2005      ";Condutor;Óbito;"36   ";Masculino;"0 ";"0    ";"0    ";"1    ";-16.9003740;-47.3537350;SPRF-DF;DEL01-DF;UOP02-DEL01-DF 
599147;"1336019   ";2024-05-08;quarta-feira;20:00:00;GO;"40   ";"129,7";CRISTALINA;Não;Demais falhas na via;1;Saída de leito carroçável;Com Vítimas Fatais;Plena Noite;Crescente;Céu Claro;Dupla;Reta;Não  ;"1070174   ";Caminhonete;I/TOYOTA HILUX CDSRXA4FD;"2016      ";Passageiro;Ileso;"63   ";Feminino;"1 ";"0    ";"0    ";"0    ";-16.9003740;-47.3537350;SPRF-DF;DEL01-DF;UOP02-DEL01-DF 
599147;"1338043   ";2024-05-08;quarta-feira;20:00:00;GO;"40   ";"129,7";CRISTALINA;Não;Demais falhas na via;1;Saída de leito carroçável;Com Vítimas Fatais;Plena Noite;Crescente;Céu Claro;Dupla;Reta;Não  ;"1070174   ";Caminhonete;I/TOYOTA HILUX CDSRXA4FD;"2016      ";Passageiro;Lesões Leves;"87   ";Feminino;"0 ";"1    ";"0    ";"0    ";-16.9003740;-47.3537350;SPRF-DF;DEL01-DF;UOP02-DEL01-DF 
599147;"1336018   ";2024-05-08;quarta-feira;20:00:00;GO;"40   ";"129,7";CRISTALINA;Não;Demais falhas na via;1;Saída de leito carroçável;Com Vítimas Fatais;Plena Noite;Crescente;Céu Claro;Dupla;Reta;Não  ;"1070174   ";Caminhonete;I/TOYOTA HILUX CDSRXA4FD;"2016      ";Condutor;Lesões Leves;"62   ";Masculino;"0 ";"1    ";"0    ";"0    ";-16.9003740;-47.3537350;SPRF-DF;DEL01-DF;UOP02-DEL01-DF 
599147;"1336017   ";2024-05-08;quarta-feira;20:00:00;GO;"40   ";"129,7";CRISTALINA;Não;Reação tardia ou ineficiente do condutor;1;Saída de leito carroçável;Com Vítimas Fatais;Plena Noite;Crescente;Céu Claro;Dupla;Reta;Não  ;"1070173   ";Automóvel;VW/GOL 1.0;"2005      ";Condutor;Óbito;"36   ";Masculino;"0 ";"0    ";"0    ";"1    ";-16.9003740;-47.3537350;SPRF-DF;DEL01-DF;UOP02-DEL01-DF 
599147;"1336019   ";2024-05-08;quarta-feira;20:00:00;GO;"40   ";"129,7";CRISTALINA;Não;Reação tardia ou ineficiente do condutor;1;Saída de leito carroçável;Com Vítimas Fatais;Plena Noite;Crescente;Céu Claro;Dupla;Reta;Não  ;"1070174   ";Caminhonete;I/TOYOTA HILUX CDSRXA4FD;"2016      ";Passageiro;Ileso;"63   ";Feminino;"1 ";"0    ";"0    ";"0    ";-16.9003740;-47.3537350;SPRF-DF;DEL01-DF;UOP02-DEL01-DF 
599147;"1338043   ";2024-05-08;quarta-feira;20:00:00;GO;"40   ";"129,7";CRISTALINA;Não;Reação tardia ou ineficiente do condutor;1;Saída de leito carroçável;Com Vítimas Fatais;Plena Noite;Crescente;Céu Claro;Dupla;Reta;Não  ;"1070174   ";Caminhonete;I/TOYOTA HILUX CDSRXA4FD;"2016      ";Passageiro;Lesões Leves;"87   ";Feminino;"0 ";"1    ";"0    ";"0    ";-16.9003740;-47.3537350;SPRF-DF;DEL01-DF;UOP02-DEL01-DF 
599147;"1336018   ";2024-05-08;quarta-feira;20:00:00;GO;"40   ";"129,7";CRISTALINA;Não;Reação tardia ou ineficiente do condutor;1;Saída de leito carroçável;Com Vítimas Fatais;Plena Noite;Crescente;Céu Claro;Dupla;Reta;Não  ;"1070174   ";Caminhonete;I/TOYOTA HILUX CDSRXA4FD;"2016      ";Condutor;Lesões Leves;"62   ";Masculino;"0 ";"1    ";"0    ";"0    ";-16.9003740;-47.3537350;SPRF-DF;DEL01-DF;UOP02-DEL01-DF 
599147;"1336017   ";2024-05-08;quarta-feira;20:00:00;GO;"40   ";"129,7";CRISTALINA;Sim;Ausência de reação do condutor;1;Saída de leito carroçável;Com Vítimas Fatais;Plena Noite;Crescente;Céu Claro;Dupla;Reta;Não  ;"1070173   ";Automóvel;VW/GOL 1.0;"2005      ";Condutor;Óbito;"36   ";Masculino;"0 ";"0    ";"0    ";"1    ";-16.9003740;-47.3537350;SPRF-DF;DEL01-DF;UOP02-DEL01-DF 
599147;"1336019   ";2024-05-08;quarta-feira;20:00:00;GO;"40   ";"129,7";CRISTALINA;Sim;Ausência de reação do condutor;1;Saída de leito carroçável;Com Vítimas Fatais;Plena Noite;Crescente;Céu Claro;Dupla;Reta;Não  ;"1070174   ";Caminhonete;I/TOYOTA HILUX CDSRXA4FD;"2016      ";Passageiro;Ileso;"63   ";Feminino;"1 ";"0    ";"0    ";"0    ";-16.9003740;-47.3537350;SPRF-DF;DEL01-DF;UOP02-DEL01-DF 
599147;"1338043   ";2024-05-08;quarta-feira;20:00:00;GO;"40   ";"129,7";CRISTALINA;Sim;Ausência de reação do condutor;1;Saída de leito carroçável;Com Vítimas Fatais;Plena Noite;Crescente;Céu Claro;Dupla;Reta;Não  ;"1070174   ";Caminhonete;I/TOYOTA HILUX CDSRXA4FD;"2016      ";Passageiro;Lesões Leves;"87   ";Feminino;"0 ";"1    ";"0    ";"0    ";-16.9003740;-47.3537350;SPRF-DF;DEL01-DF;UOP02-DEL01-DF 
599147;"1336018   ";2024-05-08;quarta-feira;20:00:00;GO;"40   ";"129,7";CRISTALINA;Sim;Ausência de reação do condutor;1;Saída de leito carroçável;Com Vítimas Fatais;Plena Noite;Crescente;Céu Claro;Dupla;Reta;Não  ;"1070174   ";Caminhonete;I/TOYOTA HILUX CDSRXA4FD;"2016      ";Condutor;Lesões Leves;"62   ";Masculino;"0 ";"1    ";"0    ";"0    ";-16.9003740;-47.3537350;SPRF-DF;DEL01-DF;UOP02-DEL01-DF 
599147;"1336017   ";2024-05-08;quarta-feira;20:00:00;GO;"40   ";"129,7";CRISTALINA;Não;Velocidade Incompatível;4;Saída de leito carroçável;Com Vítimas Fatais;Plena Noite;Crescente;Céu Claro;Dupla;Reta;Não  ;"1070173   ";Automóvel;VW/GOL 1.0;"2005      ";Condutor;Óbito;"36   ";Masculino;"0 ";"0    ";"0    ";"1    ";-16.9003740;-47.3537350;SPRF-DF;DEL01-DF;UOP02-DEL01-DF 
599147;"1336019   ";2024-05-08;quarta-feira;20:00:00;GO;"40   ";"129,7";CRISTALINA;Não;Velocidade Incompatível;4;Saída de leito carroçável;Com Vítimas Fatais;Plena Noite;Crescente;Céu Claro;Dupla;Reta;Não  ;"1070174   ";Caminhonete;I/TOYOTA HILUX CDSRXA4FD;"2016      ";Passageiro;Ileso;"63   ";Feminino;"1 ";"0    ";"0    ";"0    ";-16.9003740;-47.3537350;SPRF-DF;DEL01-DF;UOP02-DEL01-DF 
599147;"1338043   ";2024-05-08;quarta-feira;20:00:00;GO;"40   ";"129,7";CRISTALINA;Não;Velocidade Incompatível;4;Saída de leito carroçável;Com Vítimas Fatais;Plena Noite;Crescente;Céu Claro;Dupla;Reta;Não  ;"1070174   ";Caminhonete;I/TOYOTA HILUX CDSRXA4FD;"2016      ";Passageiro;Lesões Leves;"87   ";Feminino;"0 ";"1    ";"0    ";"0    ";-16.9003740;-47.3537350;SPRF-DF;DEL01-DF;UOP02-DEL01-DF 
599147;"1336018   ";2024-05-08;quarta-feira;20:00:00;GO;"40   ";"129,7";CRISTALINA;Não;Velocidade Incompatível;4;Saída de leito carroçável;Com Vítimas Fatais;Plena Noite;Crescente;Céu Claro;Dupla;Reta;Não  ;"1070174   ";Caminhonete;I/TOYOTA HILUX CDSRXA4FD;"2016      ";Condutor;Lesões Leves;"62   ";Masculino;"0 ";"1    ";"0    ";"0    ";-16.9003740;-47.3537350;SPRF-DF;DEL01-DF;UOP02-DEL01-DF 
599147;"1336017   ";2024-05-08;quarta-feira;20:00:00;GO;"40   ";"129,7";CRISTALINA;Não;Demais falhas na via;4;Saída de leito carroçável;Com Vítimas Fatais;Plena Noite;Crescente;Céu Claro;Dupla;Reta;Não  ;"1070173   ";Automóvel;VW/GOL 1.0;"2005      ";Condutor;Óbito;"36   ";Masculino;"0 ";"0    ";"0    ";"1    ";-16.9003740;-47.3537350;SPRF-DF;DEL01-DF;UOP02-DEL01-DF 
599147;"1336019   ";2024-05-08;quarta-feira;20:00:00;GO;"40   ";"129,7";CRISTALINA;Não;Demais falhas na via;4;Saída de leito carroçável;Com Vítimas Fatais;Plena Noite;Crescente;Céu Claro;Dupla;Reta;Não  ;"1070174   ";Caminhonete;I/TOYOTA HILUX CDSRXA4FD;"2016      ";Passageiro;Ileso;"63   ";Feminino;"1 ";"0    ";"0    ";"0    ";-16.9003740;-47.3537350;SPRF-DF;DEL01-DF;UOP02-DEL01-DF 
599147;"1338043   ";2024-05-08;quarta-feira;20:00:00;GO;"40   ";"129,7";CRISTALINA;Não;Demais falhas na via;4;Saída de leito carroçável;Com Vítimas Fatais;Plena Noite;Crescente;Céu Claro;Dupla;Reta;Não  ;"1070174   ";Caminhonete;I/TOYOTA HILUX CDSRXA4FD;"2016      ";Passageiro;Lesões Leves;"87   ";Feminino;"0 ";"1    ";"0    ";"0    ";-16.9003740;-47.3537350;SPRF-DF;DEL01-DF;UOP02-DEL01-DF 
599147;"1336018   ";2024-05-08;quarta-feira;20:00:00;GO;"40   ";"129,7";CRISTALINA;Não;Demais falhas na via;4;Saída de leito carroçável;Com Vítimas Fatais;Plena Noite;Crescente;Céu Claro;Dupla;Reta;Não  ;"1070174   ";Caminhonete;I/TOYOTA HILUX CDSRXA4FD;"2016      ";Condutor;Lesões Leves;"62   ";Masculino;"0 ";"1    ";"0    ";"0    ";-16.9003740;-47.3537350;SPRF-DF;DEL01-DF;UOP02-DEL01-DF 
599147;"1336017   ";2024-05-08;quarta-feira;20:00:00;GO;"40   ";"129,7";CRISTALINA;Não;Reação tardia ou ineficiente do condutor;4;Saída de leito carroçável;Com Vítimas Fatais;Plena Noite;Crescente;Céu Claro;Dupla;Reta;Não  ;"1070173   ";Automóvel;VW/GOL 1.0;"2005      ";Condutor;Óbito;"36   ";Masculino;"0 ";"0    ";"0    ";"1    ";-16.9003740;-47.3537350;SPRF-DF;DEL01-DF;UOP02-DEL01-DF 
599147;"1336019   ";2024-05-08;quarta-feira;20:00:00;GO;"40   ";"129,7";CRISTALINA;Não;Reação tardia ou ineficiente do condutor;4;Saída de leito carroçável;Com Vítimas Fatais;Plena Noite;Crescente;Céu Claro;Dupla;Reta;Não  ;"1070174   ";Caminhonete;I/TOYOTA HILUX CDSRXA4FD;"2016      ";Passageiro;Ileso;"63   ";Feminino;"1 ";"0    ";"0    ";"0    ";-16.9003740;-47.3537350;SPRF-DF;DEL01-DF;UOP02-DEL01-DF 
599147;"1338043   ";2024-05-08;quarta-feira;20:00:00;GO;"40   ";"129,7";CRISTALINA;Não;Reação tardia ou ineficiente do condutor;4;Saída de leito carroçável;Com Vítimas Fatais;Plena Noite;Crescente;Céu Claro;Dupla;Reta;Não  ;"1070174   ";Caminhonete;I/TOYOTA HILUX CDSRXA4FD;"2016      ";Passageiro;Lesões Leves;"87   ";Feminino;"0 ";"1    ";"0    ";"0    ";-16.9003740;-47.3537350;SPRF-DF;DEL01-DF;UOP02-DEL01-DF 
599147;"1336018   ";2024-05-08;quarta-feira;20:00:00;GO;"40   ";"129,7";CRISTALINA;Não;Reação tardia ou ineficiente do condutor;4;Saída de leito carroçável;Com Vítimas Fatais;Plena Noite;Crescente;Céu Claro;Dupla;Reta;Não  ;"1070174   ";Caminhonete;I/TOYOTA HILUX CDSRXA4FD;"2016      ";Condutor;Lesões Leves;"62   ";Masculino;"0 ";"1    ";"0    ";"0    ";-16.9003740;-47.3537350;SPRF-DF;DEL01-DF;UOP02-DEL01-DF 
599147;"1336017   ";2024-05-08;quarta-feira;20:00:00;GO;"40   ";"129,7";CRISTALINA;Sim;Ausência de reação do condutor;4;Saída de leito carroçável;Com Vítimas Fatais;Plena Noite;Crescente;Céu Claro;Dupla;Reta;Não  ;"1070173   ";Automóvel;VW/GOL 1.0;"2005      ";Condutor;Óbito;"36   ";Masculino;"0 ";"0    ";"0    ";"1    ";-16.9003740;-47.3537350;SPRF-DF;DEL01-DF;UOP02-DEL01-DF 
599147;"1336019   ";2024-05-08;quarta-feira;20:00:00;GO;"40   ";"129,7";CRISTALINA;Sim;Ausência de reação do condutor;4;Saída de leito carroçável;Com Vítimas Fatais;Plena Noite;Crescente;Céu Claro;Dupla;Reta;Não  ;"1070174   ";Caminhonete;I/TOYOTA HILUX CDSRXA4FD;"2016      ";Passageiro;Ileso;"63   ";Feminino;"1 ";"0    ";"0    ";"0    ";-16.9003740;-47.3537350;SPRF-DF;DEL01-DF;UOP02-DEL01-DF 
599147;"1338043   ";2024-05-08;quarta-feira;20:00:00;GO;"40   ";"129,7";CRISTALINA;Sim;Ausência de reação do condutor;4;Saída de leito carroçável;Com Vítimas Fatais;Plena Noite;Crescente;Céu Claro;Dupla;Reta;Não  ;"1070174   ";Caminhonete;I/TOYOTA HILUX CDSRXA4FD;"2016      ";Passageiro;Lesões Leves;"87   ";Feminino;"0 ";"1    ";"0    ";"0    ";-16.9003740;-47.3537350;SPRF-DF;DEL01-DF;UOP02-DEL01-DF 
599520;"1337122   ";2024-05-10;sexta-feira;16:40:00;DF;"40   ";"2    ";BRASILIA;Não;Ingestão de álcool pelo condutor;1;Colisão lateral mesmo sentido;Com Vítimas Feridas;Pleno dia;Crescente;Céu Claro;Dupla;Reta;Sim  ;"1071162   ";Automóvel;FORD/FIESTA GL;"2001      ";Condutor;Ileso;"67   ";Masculino;"1 ";"0    ";"0    ";"0    ";-15.9943500;-47.9859470;SPRF-DF;DEL01-DF;UOP01-DEL01-DF 
599147;"1336018   ";2024-05-08;quarta-feira;20:00:00;GO;"40   ";"129,7";CRISTALINA;Sim;Ausência de reação do condutor;4;Saída de leito carroçável;Com Vítimas Fatais;Plena Noite;Crescente;Céu Claro;Dupla;Reta;Não  ;"1070174   ";Caminhonete;I/TOYOTA HILUX CDSRXA4FD;"2016      ";Condutor;Lesões Leves;"62   ";Masculino;"0 ";"1    ";"0    ";"0    ";-16.9003740;-47.3537350;SPRF-DF;DEL01-DF;UOP02-DEL01-DF 
599184;"1336050   ";2024-05-08;quarta-feira;16:00:00;GO;"80   ";"137  ";VILA PROPICIO;Sim;Acessar a via sem observar a presença dos outros veículos;1;Colisão transversal;Com Vítimas Feridas;Pleno dia;Decrescente;Céu Claro;Simples;Reta;Não  ;"1070207   ";Caminhonete;FIAT/STRADA ENDURANCE CS;"2022      ";Condutor;Ileso;"48   ";Masculino;"1 ";"0    ";"0    ";"0    ";-15.2088750;-48.6973120;SPRF-GO;DEL07-GO;UOP02-DEL07-GO 
599184;"1336051   ";2024-05-08;quarta-feira;16:00:00;GO;"80   ";"137  ";VILA PROPICIO;Sim;Acessar a via sem observar a presença dos outros veículos;1;Colisão transversal;Com Vítimas Feridas;Pleno dia;Decrescente;Céu Claro;Simples;Reta;Não  ;"1070208   ";Motocicleta;HONDA/CG 125 CARGO;"1999      ";Condutor;Lesões Leves;"39   ";Masculino;"0 ";"1    ";"0    ";"0    ";-15.2088750;-48.6973120;SPRF-GO;DEL07-GO;UOP02-DEL07-GO 
599201;"1336160   ";2024-05-09;quinta-feira;06:56:00;DF;"20   ";"16,3 ";BRASILIA;Não;Trafegar com motocicleta (ou similar) entre as faixas;3;Queda de ocupante de veículo;Com Vítimas Feridas;Pleno dia;Decrescente;Céu Claro;Múltipla;"Aclive;Reta";Sim  ;"1070277   ";Automóvel;GM/CELTA 4P LIFE;"2009      ";Condutor;Ileso;"41   ";Masculino;"1 ";"0    ";"0    ";"0    ";-15.6256750;-47.7251590;SPRF-DF;DEL02-DF;UOP01-DEL02-DF 
599201;"1336161   ";2024-05-09;quinta-feira;06:56:00;DF;"20   ";"16,3 ";BRASILIA;Não;Trafegar com motocicleta (ou similar) entre as faixas;3;Queda de ocupante de veículo;Com Vítimas Feridas;Pleno dia;Decrescente;Céu Claro;Múltipla;"Aclive;Reta";Sim  ;"1070278   ";Motocicleta;HONDA/CB250F TWISTER ABS;"2022      ";Condutor;Lesões Leves;"29   ";Masculino;"0 ";"1    ";"0    ";"0    ";-15.6256750;-47.7251590;SPRF-DF;DEL02-DF;UOP01-DEL02-DF 
599201;"1336160   ";2024-05-09;quinta-feira;06:56:00;DF;"20   ";"16,3 ";BRASILIA;Não;Reação tardia ou ineficiente do condutor;3;Queda de ocupante de veículo;Com Vítimas Feridas;Pleno dia;Decrescente;Céu Claro;Múltipla;"Aclive;Reta";Sim  ;"1070277   ";Automóvel;GM/CELTA 4P LIFE;"2009      ";Condutor;Ileso;"41   ";Masculino;"1 ";"0    ";"0    ";"0    ";-15.6256750;-47.7251590;SPRF-DF;DEL02-DF;UOP01-DEL02-DF 
599201;"1336161   ";2024-05-09;quinta-feira;06:56:00;DF;"20   ";"16,3 ";BRASILIA;Não;Reação tardia ou ineficiente do condutor;3;Queda de ocupante de veículo;Com Vítimas Feridas;Pleno dia;Decrescente;Céu Claro;Múltipla;"Aclive;Reta";Sim  ;"1070278   ";Motocicleta;HONDA/CB250F TWISTER ABS;"2022      ";Condutor;Lesões Leves;"29   ";Masculino;"0 ";"1    ";"0    ";"0    ";-15.6256750;-47.7251590;SPRF-DF;DEL02-DF;UOP01-DEL02-DF 
599201;"1336160   ";2024-05-09;quinta-feira;06:56:00;DF;"20   ";"16,3 ";BRASILIA;Não;Acessar a via sem observar a presença dos outros veículos;3;Queda de ocupante de veículo;Com Vítimas Feridas;Pleno dia;Decrescente;Céu Claro;Múltipla;"Aclive;Reta";Sim  ;"1070277   ";Automóvel;GM/CELTA 4P LIFE;"2009      ";Condutor;Ileso;"41   ";Masculino;"1 ";"0    ";"0    ";"0    ";-15.6256750;-47.7251590;SPRF-DF;DEL02-DF;UOP01-DEL02-DF 