id;pesid;data_inversa;dia_semana;horario;uf;br;km;municipio;causa_principal;causa_acidente;ordem_tipo_acidente;tipo_acidente;classificacao_acidente;fase_dia;sentido_via;condicao_metereologica;tipo_pista;tracado_via;uso_solo;id_veiculo;tipo_veiculo;marca;ano_fabricacao_veiculo;tipo_envolvido;estado_fisico;idade;sexo;ilesos;feridos_leves;feridos_graves;mortos;latitude;longitude;regional;delegacia;uop
599313;"1336464   ";2024-05-09;quinta-feira;17:22:00;GO;"40   ";"1,5  ";VALPARAISO DE GOIAS;Não;Manobra de mudança de faixa;2;Tombamento;Com Vítimas Feridas;Pleno dia;Crescente;Céu Claro;Dupla;Reta;Sim  ;"1070472   ";Motoneta;HONDA/BIZ 125 EX;"2011      ";Condutor;Lesões Leves;"38   ";Masculino;"0 ";"1    ";"0    ";"0    ";-16.0582450;-47.9828250;SPRF-DF;DEL01-DF;UOP01-DEL01-DF 
599313;"1336465   ";2024-05-09;quinta-feira;17:22:00;GO;"40   ";"1,5  ";VALPARAISO DE GOIAS;Não;Manobra de mudança de faixa;2;Tombamento;Com Vítimas Feridas;Pleno dia;Crescente;Céu Claro;Dupla;Reta;Sim  ;"1070472   ";Motoneta;HONDA/BIZ 125 EX;"2011      ";Passageiro;Lesões Leves;"31   ";Masculino;"0 ";"1    ";"0    ";"0    ";-16.0582450;-47.9828250;SPRF-DF;DEL01-DF;UOP01-DEL01-DF 
599313;"1336463   ";2024-05-09;quinta-feira;17:22:00;GO;"40   ";"1,5  ";VALPARAISO DE GOIAS;Sim;Reação tardia ou ineficiente do condutor;2;Tombamento;Com Vítimas Feridas;Pleno dia;Crescente;Céu Claro;Dupla;Reta;Sim  ;"1070471   ";Utilitário;CAOACHERY/TIGGO5X PRO HA;"2023      ";Condutor;Ileso;"61   ";Masculino;"1 ";"0    ";"0    ";"0    ";-16.0582450;-47.9828250;SPRF-DF;DEL01-DF;UOP01-DEL01-DF 
599313;"1336464   ";2024-05-09;quinta-feira;17:22:00;GO;"40   ";"1,5  ";VALPARAISO DE GOIAS;Sim;Reação tardia ou ineficiente do condutor;2;Tombamento;Com Vítimas Feridas;Pleno dia;Crescente;Céu Claro;Dupla;Reta;Sim  ;"1070472   ";Motoneta;HONDA/BIZ 125 EX;"2011      ";Condutor;Lesões Leves;"38   ";Masculino;"0 ";"1    ";"0    ";"0    ";-16.0582450;-47.9828250;SPRF-DF;DEL01-DF;UOP01-DEL01-DF 
599313;"1336465   ";2024-05-09;quinta-feira;17:22:00;GO;"40   ";"1,5  ";VALPARAISO DE GOIAS;Sim;Reação tardia ou ineficiente do condutor;2;Tombamento;Com Vítimas Feridas;Pleno dia;Crescente;Céu Claro;Dupla;Reta;Sim  ;"1070472   ";Motoneta;HONDA/BIZ 125 EX;"2011      ";Passageiro;Lesões Leves;"31   ";Masculino;"0 ";"1    ";"0    ";"0    ";-16.0582450;-47.9828250;SPRF-DF;DEL01-DF;UOP01-DEL01-DF 
599313;"1336463   ";2024-05-09;quinta-feira;17:22:00;GO;"40   ";"1,5  ";VALPARAISO DE GOIAS;Não;Trafegar com motocicleta (ou similar) entre as faixas;1;Colisão transversal;Com Vítimas Feridas;Pleno dia;Crescente;Céu Claro;Dupla;Reta;Sim  ;"1070471   ";Utilitário;CAOACHERY/TIGGO5X PRO HA;"2023      ";Condutor;Ileso;"61   ";Masculino;"1 ";"0    ";"0    ";"0    ";-16.0582450;-47.9828250;SPRF-DF;DEL01-DF;UOP01-DEL01-DF 
599313;"1336464   ";2024-05-09;quinta-feira;17:22:00;GO;"40   ";"1,5  ";VALPARAISO DE GOIAS;Não;Trafegar com motocicleta (ou similar) entre as faixas;1;Colisão transversal;Com Vítimas Feridas;Pleno dia;Crescente;Céu Claro;Dupla;Reta;Sim  ;"1070472   ";Motoneta;HONDA/BIZ 125 EX;"2011      ";Condutor;Lesões Leves;"38   ";Masculino;"0 ";"1    ";"0    ";"0    ";-16.0582450;-47.9828250;SPRF-DF;DEL01-DF;UOP01-DEL01-DF 
599313;"1336465   ";2024-05-09;quinta-feira;17:22:00;GO;"40   ";"1,5  ";VALPARAISO DE GOIAS;Não;Trafegar com motocicleta (ou similar) entre as faixas;1;Colisão transversal;Com Vítimas Feridas;Pleno dia;Crescente;Céu Claro;Dupla;Reta;Sim  ;"1070472   ";Motoneta;HONDA/BIZ 125 EX;"2011      ";Passageiro;Lesões Leves;"31   ";Masculino;"0 ";"1    ";"0    ";"0    ";-16.0582450;-47.9828250;SPRF-DF;DEL01-DF;UOP01-DEL01-DF 
599313;"1336463   ";2024-05-09;quinta-feira;17:22:00;GO;"40   ";"1,5  ";VALPARAISO DE GOIAS;Não;Manobra de mudança de faixa;1;Colisão transversal;Com Vítimas Feridas;Pleno dia;Crescente;Céu Claro;Dupla;Reta;Sim  ;"1070471   ";Utilitário;CAOACHERY/TIGGO5X PRO HA;"2023      ";Condutor;Ileso;"61   ";Masculino;"1 ";"0    ";"0    ";"0    ";-16.0582450;-47.9828250;SPRF-DF;DEL01-DF;UOP01-DEL01-DF 
599313;"1336464   ";2024-05-09;quinta-feira;17:22:00;GO;"40   ";"1,5  ";VALPARAISO DE GOIAS;Não;Manobra de mudança de faixa;1;Colisão transversal;Com Vítimas Feridas;Pleno dia;Crescente;Céu Claro;Dupla;Reta;Sim  ;"1070472   ";Motoneta;HONDA/BIZ 125 EX;"2011      ";Condutor;Lesões Leves;"38   ";Masculino;"0 ";"1    ";"0    ";"0    ";-16.0582450;-47.9828250;SPRF-DF;DEL01-DF;UOP01-DEL01-DF 
599313;"1336465   ";2024-05-09;quinta-feira;17:22:00;GO;"40   ";"1,5  ";VALPARAISO DE GOIAS;Não;Manobra de mudança de faixa;1;Colisão transversal;Com Vítimas Feridas;Pleno dia;Crescente;Céu Claro;Dupla;Reta;Sim  ;"1070472   ";Motoneta;HONDA/BIZ 125 EX;"2011      ";Passageiro;Lesões Leves;"31   ";Masculino;"0 ";"1    ";"0    ";"0    ";-16.0582450;-47.9828250;SPRF-DF;DEL01-DF;UOP01-DEL01-DF 
599313;"1336463   ";2024-05-09;quinta-feira;17:22:00;GO;"40   ";"1,5  ";VALPARAISO DE GOIAS;Sim;Reação tardia ou ineficiente do condutor;1;Colisão transversal;Com Vítimas Feridas;Pleno dia;Crescente;Céu Claro;Dupla;Reta;Sim  ;"1070471   ";Utilitário;CAOACHERY/TIGGO5X PRO HA;"2023      ";Condutor;Ileso;"61   ";Masculino;"1 ";"0    ";"0    ";"0    ";-16.0582450;-47.9828250;SPRF-DF;DEL01-DF;UOP01-DEL01-DF 
599313;"1336464   ";2024-05-09;quinta-feira;17:22:00;GO;"40   ";"1,5  ";VALPARAISO DE GOIAS;Sim;Reação tardia ou ineficiente do condutor;1;Colisão transversal;Com Vítimas Feridas;Pleno dia;Crescente;Céu Claro;Dupla;Reta;Sim  ;"1070472   ";Motoneta;HONDA/BIZ 125 EX;"2011      ";Condutor;Lesões Leves;"38   ";Masculino;"0 ";"1    ";"0    ";"0    ";-16.0582450;-47.9828250;SPRF-DF;DEL01-DF;UOP01-DEL01-DF 
599313;"1336465   ";2024-05-09;quinta-feira;17:22:00;GO;"40   ";"1,5  ";VALPARAISO DE GOIAS;Sim;Reação tardia ou ineficiente do condutor;1;Colisão transversal;Com Vítimas Feridas;Pleno dia;Crescente;Céu Claro;Dupla;Reta;Sim  ;"1070472   ";Motoneta;HONDA/BIZ 125 EX;"2011      ";Passageiro;Lesões Leves;"31   ";Masculino;"0 ";"1    ";"0    ";"0    ";-16.0582450;-47.9828250;SPRF-DF;DEL01-DF;UOP01-DEL01-DF 
599345;"1336501   ";2024-05-09;quinta-feira;18:45:00;GO;"60   ";"31   ";ALEXANIA;Sim;Acessar a via sem observar a presença dos outros veículos;1;Colisão transversal;Com Vítimas Feridas;Plena Noite;Crescente;Céu Claro;Dupla;Interseção de Vias;Sim  ;"1070593   ";Automóvel;FIAT/PALIO WK ADVENTURE;"2002      ";Condutor;Ileso;"44   ";Masculino;"1 ";"0    ";"0    ";"0    ";-16.0963000;-48.5202000;SPRF-DF;DEL03-DF;UOP01-DEL03-DF 
599345;"1336634   ";2024-05-09;quinta-feira;18:45:00;GO;"60   ";"31   ";ALEXANIA;Sim;Acessar a via sem observar a presença dos outros veículos;1;Colisão transversal;Com Vítimas Feridas;Plena Noite;Crescente;Céu Claro;Dupla;Interseção de Vias;Sim  ;"1070598   ";Motocicleta;Não Informado/Não Informado;"0         ";Condutor;Lesões Leves;"34   ";Masculino;"0 ";"1    ";"0    ";"0    ";-16.0963000;-48.5202000;SPRF-DF;DEL03-DF;UOP01-DEL03-DF 
599345;"1338763   ";2024-05-09;quinta-feira;18:45:00;GO;"60   ";"31   ";ALEXANIA;Sim;Acessar a via sem observar a presença dos outros veículos;1;Colisão transversal;Com Vítimas Feridas;Plena Noite;Crescente;Céu Claro;Dupla;Interseção de Vias;Sim  ;"1070598   ";Motocicleta;Não Informado/Não Informado;"0         ";Passageiro;Lesões Leves;"0    ";Masculino;"0 ";"1    ";"0    ";"0    ";-16.0963000;-48.5202000;SPRF-DF;DEL03-DF;UOP01-DEL03-DF 
599354;"1336612   ";2024-05-09;quinta-feira;20:30:00;DF;"70   ";"7    ";BRASILIA;Sim;Manobra de mudança de faixa;2;Queda de ocupante de veículo;Com Vítimas Feridas;Plena Noite;Decrescente;Céu Claro;Dupla;"Aclive;Reta";Sim  ;"1070687   ";Automóvel;I/HYUNDAI I30 2.0;"2010      ";Condutor;Ileso;"41   ";Masculino;"1 ";"0    ";"0    ";"0    ";-15.7876010;-48.1144290;SPRF-DF;DEL03-DF;UOP02-DEL03-DF 
599354;"1336614   ";2024-05-09;quinta-feira;20:30:00;DF;"70   ";"7    ";BRASILIA;Sim;Manobra de mudança de faixa;2;Queda de ocupante de veículo;Com Vítimas Feridas;Plena Noite;Decrescente;Céu Claro;Dupla;"Aclive;Reta";Sim  ;"1070688   ";Motocicleta;HONDA/NXR160 BROS ESDD;"2023      ";Condutor;Lesões Graves;"52   ";Masculino;"0 ";"0    ";"1    ";"0    ";-15.7876010;-48.1144290;SPRF-DF;DEL03-DF;UOP02-DEL03-DF 
599354;"1336612   ";2024-05-09;quinta-feira;20:30:00;DF;"70   ";"7    ";BRASILIA;Sim;Manobra de mudança de faixa;1;Colisão lateral mesmo sentido;Com Vítimas Feridas;Plena Noite;Decrescente;Céu Claro;Dupla;"Aclive;Reta";Sim  ;"1070687   ";Automóvel;I/HYUNDAI I30 2.0;"2010      ";Condutor;Ileso;"41   ";Masculino;"1 ";"0    ";"0    ";"0    ";-15.7876010;-48.1144290;SPRF-DF;DEL03-DF;UOP02-DEL03-DF 
599354;"1336614   ";2024-05-09;quinta-feira;20:30:00;DF;"70   ";"7    ";BRASILIA;Sim;Manobra de mudança de faixa;1;Colisão lateral mesmo sentido;Com Vítimas Feridas;Plena Noite;Decrescente;Céu Claro;Dupla;"Aclive;Reta";Sim  ;"1070688   ";Motocicleta;HONDA/NXR160 BROS ESDD;"2023      ";Condutor;Lesões Graves;"52   ";Masculino;"0 ";"0    ";"1    ";"0    ";-15.7876010;-48.1144290;SPRF-DF;DEL03-DF;UOP02-DEL03-DF 
599367;"1336608   ";2024-05-09;quinta-feira;20:25:00;DF;"251  ";"49,5 ";BRASILIA;Sim;Conversão proibida;3;Queda de ocupante de veículo;Com Vítimas Feridas;Plena Noite;Decrescente;Céu Claro;Simples;Reta;Não  ;"1070684   ";Automóvel;RENAULT/SANDERO STW 16HP;"2013      ";Condutor;Ileso;"39   ";Feminino;"1 ";"0    ";"0    ";"0    ";-15.9476113;-47.8427534;SPRF-DF;DEL01-DF;UOP01-DEL01-DF 
599367;"1336609   ";2024-05-09;quinta-feira;20:25:00;DF;"251  ";"49,5 ";BRASILIA;Sim;Conversão proibida;3;Queda de ocupante de veículo;Com Vítimas Feridas;Plena Noite;Decrescente;Céu Claro;Simples;Reta;Não  ;"1070685   ";Motocicleta;HONDA/CG 160 START;"2022      ";Condutor;Lesões Graves;"25   ";Masculino;"0 ";"0    ";"1    ";"0    ";-15.9476113;-47.8427534;SPRF-DF;DEL01-DF;UOP01-DEL01-DF 
599367;"1336608   ";2024-05-09;quinta-feira;20:25:00;DF;"251  ";"49,5 ";BRASILIA;Sim;Conversão proibida;2;Tombamento;Com Vítimas Feridas;Plena Noite;Decrescente;Céu Claro;Simples;Reta;Não  ;"1070684   ";Automóvel;RENAULT/SANDERO STW 16HP;"2013      ";Condutor;Ileso;"39   ";Feminino;"1 ";"0    ";"0    ";"0    ";-15.9476113;-47.8427534;SPRF-DF;DEL01-DF;UOP01-DEL01-DF 
599367;"1336609   ";2024-05-09;quinta-feira;20:25:00;DF;"251  ";"49,5 ";BRASILIA;Sim;Conversão proibida;2;Tombamento;Com Vítimas Feridas;Plena Noite;Decrescente;Céu Claro;Simples;Reta;Não  ;"1070685   ";Motocicleta;HONDA/CG 160 START;"2022      ";Condutor;Lesões Graves;"25   ";Masculino;"0 ";"0    ";"1    ";"0    ";-15.9476113;-47.8427534;SPRF-DF;DEL01-DF;UOP01-DEL01-DF 
599367;"1336608   ";2024-05-09;quinta-feira;20:25:00;DF;"251  ";"49,5 ";BRASILIA;Sim;Conversão proibida;1;Colisão transversal;Com Vítimas Feridas;Plena Noite;Decrescente;Céu Claro;Simples;Reta;Não  ;"1070684   ";Automóvel;RENAULT/SANDERO STW 16HP;"2013      ";Condutor;Ileso;"39   ";Feminino;"1 ";"0    ";"0    ";"0    ";-15.9476113;-47.8427534;SPRF-DF;DEL01-DF;UOP01-DEL01-DF 
599367;"1336609   ";2024-05-09;quinta-feira;20:25:00;DF;"251  ";"49,5 ";BRASILIA;Sim;Conversão proibida;1;Colisão transversal;Com Vítimas Feridas;Plena Noite;Decrescente;Céu Claro;Simples;Reta;Não  ;"1070685   ";Motocicleta;HONDA/CG 160 START;"2022      ";Condutor;Lesões Graves;"25   ";Masculino;"0 ";"0    ";"1    ";"0    ";-15.9476113;-47.8427534;SPRF-DF;DEL01-DF;UOP01-DEL01-DF 
599414;"1336648   ";2024-05-10;sexta-feira;07:55:00;GO;"70   ";"1    ";AGUAS LINDAS DE GOIAS;Sim;Animais na Pista;1;Queda de ocupante de veículo;Com Vítimas Feridas;Pleno dia;Decrescente;Céu Claro;Dupla;Reta;Não  ;"1070716   ";Motocicleta;HONDA/CG150 START;"2015      ";Condutor;Lesões Leves;"33   ";Masculino;"0 ";"1    ";"0    ";"0    ";-15.7757935;-48.2325900;SPRF-DF;DEL03-DF;UOP02-DEL03-DF 
599414;"1336664   ";2024-05-10;sexta-feira;07:55:00;GO;"70   ";"1    ";AGUAS LINDAS DE GOIAS;Sim;Animais na Pista;1;Queda de ocupante de veículo;Com Vítimas Feridas;Pleno dia;Decrescente;Céu Claro;Dupla;Reta;Não  ;"0         ";"0";NA/NA;"0         ";Testemunha;Não Informado;"0    ";Não Informado;"0 ";"0    ";"0    ";"0    ";-15.7757935;-48.2325900;SPRF-DF;DEL03-DF;UOP02-DEL03-DF 
599459;"1336798   ";2024-05-10;sexta-feira;10:29:00;GO;"60   ";"25,5 ";ALEXANIA;Sim;Ausência de reação do condutor;2;Queda de ocupante de veículo;Com Vítimas Feridas;Pleno dia;Decrescente;Céu Claro;Múltipla;"Aclive;Reta";Não  ;"1070848   ";Bicicleta;Não Informado/Não Informado;"0         ";Condutor;Lesões Leves;"57   ";Masculino;"0 ";"1    ";"0    ";"0    ";-16.1100050;-48.4468210;SPRF-DF;DEL03-DF;UOP01-DEL03-DF 
599459;"1337091   ";2024-05-10;sexta-feira;10:29:00;GO;"60   ";"25,5 ";ALEXANIA;Sim;Ausência de reação do condutor;2;Queda de ocupante de veículo;Com Vítimas Feridas;Pleno dia;Decrescente;Céu Claro;Múltipla;"Aclive;Reta";Não  ;"1070877   ";Caminhão;Não Informado/Não Informado;"0         ";Condutor;Não Informado;"0    ";Não Informado;"0 ";"0    ";"0    ";"0    ";-16.1100050;-48.4468210;SPRF-DF;DEL03-DF;UOP01-DEL03-DF 
599459;"1336798   ";2024-05-10;sexta-feira;10:29:00;GO;"60   ";"25,5 ";ALEXANIA;Sim;Ausência de reação do condutor;1;Colisão lateral mesmo sentido;Com Vítimas Feridas;Pleno dia;Decrescente;Céu Claro;Múltipla;"Aclive;Reta";Não  ;"1070848   ";Bicicleta;Não Informado/Não Informado;"0         ";Condutor;Lesões Leves;"57   ";Masculino;"0 ";"1    ";"0    ";"0    ";-16.1100050;-48.4468210;SPRF-DF;DEL03-DF;UOP01-DEL03-DF 
599459;"1337091   ";2024-05-10;sexta-feira;10:29:00;GO;"60   ";"25,5 ";ALEXANIA;Sim;Ausência de reação do condutor;1;Colisão lateral mesmo sentido;Com Vítimas Feridas;Pleno dia;Decrescente;Céu Claro;Múltipla;"Aclive;Reta";Não  ;"1070877   ";Caminhão;Não Informado/Não Informado;"0         ";Condutor;Não Informado;"0    ";Não Informado;"0 ";"0    ";"0    ";"0    ";-16.1100050;-48.4468210;SPRF-DF;DEL03-DF;UOP01-DEL03-DF 
599520;"1337122   ";2024-05-10;sexta-feira;16:40:00;DF;"40   ";"2    ";BRASILIA;Não;Reação tardia ou ineficiente do condutor;3;Queda de ocupante de veículo;Com Vítimas Feridas;Pleno dia;Crescente;Céu Claro;Dupla;Reta;Sim  ;"1071162   ";Automóvel;FORD/FIESTA GL;"2001      ";Condutor;Ileso;"67   ";Masculino;"1 ";"0    ";"0    ";"0    ";-15.9943500;-47.9859470;SPRF-DF;DEL01-DF;UOP01-DEL01-DF 
599520;"1337125   ";2024-05-10;sexta-feira;16:40:00;DF;"40   ";"2    ";BRASILIA;Não;Reação tardia ou ineficiente do condutor;3;Queda de ocupante de veículo;Com Vítimas Feridas;Pleno dia;Crescente;Céu Claro;Dupla;Reta;Sim  ;"1071163   ";Motocicleta;HONDA/CG 160 FAN;"2022      ";Condutor;Lesões Leves;"27   ";Masculino;"0 ";"1    ";"0    ";"0    ";-15.9943500;-47.9859470;SPRF-DF;DEL01-DF;UOP01-DEL01-DF 
599520;"1337122   ";2024-05-10;sexta-feira;16:40:00;DF;"40   ";"2    ";BRASILIA;Não;Trafegar com motocicleta (ou similar) entre as faixas;3;Queda de ocupante de veículo;Com Vítimas Feridas;Pleno dia;Crescente;Céu Claro;Dupla;Reta;Sim  ;"1071162   ";Automóvel;FORD/FIESTA GL;"2001      ";Condutor;Ileso;"67   ";Masculino;"1 ";"0    ";"0    ";"0    ";-15.9943500;-47.9859470;SPRF-DF;DEL01-DF;UOP01-DEL01-DF 
599520;"1337125   ";2024-05-10;sexta-feira;16:40:00;DF;"40   ";"2    ";BRASILIA;Não;Trafegar com motocicleta (ou similar) entre as faixas;3;Queda de ocupante de veículo;Com Vítimas Feridas;Pleno dia;Crescente;Céu Claro;Dupla;Reta;Sim  ;"1071163   ";Motocicleta;HONDA/CG 160 FAN;"2022      ";Condutor;Lesões Leves;"27   ";Masculino;"0 ";"1    ";"0    ";"0    ";-15.9943500;-47.9859470;SPRF-DF;DEL01-DF;UOP01-DEL01-DF 
599520;"1337122   ";2024-05-10;sexta-feira;16:40:00;DF;"40   ";"2    ";BRASILIA;Não;Ingestão de álcool pelo condutor;3;Queda de ocupante de veículo;Com Vítimas Feridas;Pleno dia;Crescente;Céu Claro;Dupla;Reta;Sim  ;"1071162   ";Automóvel;FORD/FIESTA GL;"2001      ";Condutor;Ileso;"67   ";Masculino;"1 ";"0    ";"0    ";"0    ";-15.9943500;-47.9859470;SPRF-DF;DEL01-DF;UOP01-DEL01-DF 
599520;"1337125   ";2024-05-10;sexta-feira;16:40:00;DF;"40   ";"2    ";BRASILIA;Não;Ingestão de álcool pelo condutor;3;Queda de ocupante de veículo;Com Vítimas Feridas;Pleno dia;Crescente;Céu Claro;Dupla;Reta;Sim  ;"1071163   ";Motocicleta;HONDA/CG 160 FAN;"2022      ";Condutor;Lesões Leves;"27   ";Masculino;"0 ";"1    ";"0    ";"0    ";-15.9943500;-47.9859470;SPRF-DF;DEL01-DF;UOP01-DEL01-DF 
599520;"1337122   ";2024-05-10;sexta-feira;16:40:00;DF;"40   ";"2    ";BRASILIA;Sim;Manobra de mudança de faixa;3;Queda de ocupante de veículo;Com Vítimas Feridas;Pleno dia;Crescente;Céu Claro;Dupla;Reta;Sim  ;"1071162   ";Automóvel;FORD/FIESTA GL;"2001      ";Condutor;Ileso;"67   ";Masculino;"1 ";"0    ";"0    ";"0    ";-15.9943500;-47.9859470;SPRF-DF;DEL01-DF;UOP01-DEL01-DF 
599520;"1337125   ";2024-05-10;sexta-feira;16:40:00;DF;"40   ";"2    ";BRASILIA;Sim;Manobra de mudança de faixa;3;Queda de ocupante de veículo;Com Vítimas Feridas;Pleno dia;Crescente;Céu Claro;Dupla;Reta;Sim  ;"1071163   ";Motocicleta;HONDA/CG 160 FAN;"2022      ";Condutor;Lesões Leves;"27   ";Masculino;"0 ";"1    ";"0    ";"0    ";-15.9943500;-47.9859470;SPRF-DF;DEL01-DF;UOP01-DEL01-DF 
599520;"1337122   ";2024-05-10;sexta-feira;16:40:00;DF;"40   ";"2    ";BRASILIA;Não;Reação tardia ou ineficiente do condutor;2;Tombamento;Com Vítimas Feridas;Pleno dia;Crescente;Céu Claro;Dupla;Reta;Sim  ;"1071162   ";Automóvel;FORD/FIESTA GL;"2001      ";Condutor;Ileso;"67   ";Masculino;"1 ";"0    ";"0    ";"0    ";-15.9943500;-47.9859470;SPRF-DF;DEL01-DF;UOP01-DEL01-DF 
599520;"1337125   ";2024-05-10;sexta-feira;16:40:00;DF;"40   ";"2    ";BRASILIA;Não;Reação tardia ou ineficiente do condutor;2;Tombamento;Com Vítimas Feridas;Pleno dia;Crescente;Céu Claro;Dupla;Reta;Sim  ;"1071163   ";Motocicleta;HONDA/CG 160 FAN;"2022      ";Condutor;Lesões Leves;"27   ";Masculino;"0 ";"1    ";"0    ";"0    ";-15.9943500;-47.9859470;SPRF-DF;DEL01-DF;UOP01-DEL01-DF 
599520;"1337122   ";2024-05-10;sexta-feira;16:40:00;DF;"40   ";"2    ";BRASILIA;Não;Trafegar com motocicleta (ou similar) entre as faixas;2;Tombamento;Com Vítimas Feridas;Pleno dia;Crescente;Céu Claro;Dupla;Reta;Sim  ;"1071162   ";Automóvel;FORD/FIESTA GL;"2001      ";Condutor;Ileso;"67   ";Masculino;"1 ";"0    ";"0    ";"0    ";-15.9943500;-47.9859470;SPRF-DF;DEL01-DF;UOP01-DEL01-DF 
599520;"1337125   ";2024-05-10;sexta-feira;16:40:00;DF;"40   ";"2    ";BRASILIA;Não;Trafegar com motocicleta (ou similar) entre as faixas;2;Tombamento;Com Vítimas Feridas;Pleno dia;Crescente;Céu Claro;Dupla;Reta;Sim  ;"1071163   ";Motocicleta;HONDA/CG 160 FAN;"2022      ";Condutor;Lesões Leves;"27   ";Masculino;"0 ";"1    ";"0    ";"0    ";-15.9943500;-47.9859470;SPRF-DF;DEL01-DF;UOP01-DEL01-DF 
599520;"1337122   ";2024-05-10;sexta-feira;16:40:00;DF;"40   ";"2    ";BRASILIA;Não;Ingestão de álcool pelo condutor;2;Tombamento;Com Vítimas Feridas;Pleno dia;Crescente;Céu Claro;Dupla;Reta;Sim  ;"1071162   ";Automóvel;FORD/FIESTA GL;"2001      ";Condutor;Ileso;"67   ";Masculino;"1 ";"0    ";"0    ";"0    ";-15.9943500;-47.9859470;SPRF-DF;DEL01-DF;UOP01-DEL01-DF 
599520;"1337125   ";2024-05-10;sexta-feira;16:40:00;DF;"40   ";"2    ";BRASILIA;Não;Ingestão de álcool pelo condutor;2;Tombamento;Com Vítimas Feridas;Pleno dia;Crescente;Céu Claro;Dupla;Reta;Sim  ;"1071163   ";Motocicleta;HONDA/CG 160 FAN;"2022      ";Condutor;Lesões Leves;"27   ";Masculino;"0 ";"1    ";"0    ";"0    ";-15.9943500;-47.9859470;SPRF-DF;DEL01-DF;UOP01-DEL01-DF 
599520;"1337122   ";2024-05-10;sexta-feira;16:40:00;DF;"40   ";"2    ";BRASILIA;Sim;Manobra de mudança de faixa;2;Tombamento;Com Vítimas Feridas;Pleno dia;Crescente;Céu Claro;Dupla;Reta;Sim  ;"1071162   ";Automóvel;FORD/FIESTA GL;"2001      ";Condutor;Ileso;"67   ";Masculino;"1 ";"0    ";"0    ";"0    ";-15.9943500;-47.9859470;SPRF-DF;DEL01-DF;UOP01-DEL01-DF 
599520;"1337125   ";2024-05-10;sexta-feira;16:40:00;DF;"40   ";"2    ";BRASILIA;Sim;Manobra de mudança de faixa;2;Tombamento;Com Vítimas Feridas;Pleno dia;Crescente;Céu Claro;Dupla;Reta;Sim  ;"1071163   ";Motocicleta;HONDA/CG 160 FAN;"2022      ";Condutor;Lesões Leves;"27   ";Masculino;"0 ";"1    ";"0    ";"0    ";-15.9943500;-47.9859470;SPRF-DF;DEL01-DF;UOP01-DEL01-DF 
599520;"1337122   ";2024-05-10;sexta-feira;16:40:00;DF;"40   ";"2    ";BRASILIA;Não;Reação tardia ou ineficiente do condutor;1;Colisão lateral mesmo sentido;Com Vítimas Feridas;Pleno dia;Crescente;Céu Claro;Dupla;Reta;Sim  ;"1071162   ";Automóvel;FORD/FIESTA GL;"2001      ";Condutor;Ileso;"67   ";Masculino;"1 ";"0    ";"0    ";"0    ";-15.9943500;-47.9859470;SPRF-DF;DEL01-DF;UOP01-DEL01-DF 
599520;"1337125   ";2024-05-10;sexta-feira;16:40:00;DF;"40   ";"2    ";BRASILIA;Não;Reação tardia ou ineficiente do condutor;1;Colisão lateral mesmo sentido;Com Vítimas Feridas;Pleno dia;Crescente;Céu Claro;Dupla;Reta;Sim  ;"1071163   ";Motocicleta;HONDA/CG 160 FAN;"2022      ";Condutor;Lesões Leves;"27   ";Masculino;"0 ";"1    ";"0    ";"0    ";-15.9943500;-47.9859470;SPRF-DF;DEL01-DF;UOP01-DEL01-DF 
599520;"1337122   ";2024-05-10;sexta-feira;16:40:00;DF;"40   ";"2    ";BRASILIA;Não;Trafegar com motocicleta (ou similar) entre as faixas;1;Colisão lateral mesmo sentido;Com Vítimas Feridas;Pleno dia;Crescente;Céu Claro;Dupla;Reta;Sim  ;"1071162   ";Automóvel;FORD/FIESTA GL;"2001      ";Condutor;Ileso;"67   ";Masculino;"1 ";"0    ";"0    ";"0    ";-15.9943500;-47.9859470;SPRF-DF;DEL01-DF;UOP01-DEL01-DF 
599520;"1337125   ";2024-05-10;sexta-feira;16:40:00;DF;"40   ";"2    ";BRASILIA;Não;Trafegar com motocicleta (ou similar) entre as faixas;1;Colisão lateral mesmo sentido;Com Vítimas Feridas;Pleno dia;Crescente;Céu Claro;Dupla;Reta;Sim  ;"1071163   ";Motocicleta;HONDA/CG 160 FAN;"2022      ";Condutor;Lesões Leves;"27   ";Masculino;"0 ";"1    ";"0    ";"0    ";-15.9943500;-47.9859470;SPRF-DF;DEL01-DF;UOP01-DEL01-DF 
599520;"1337125   ";2024-05-10;sexta-feira;16:40:00;DF;"40   ";"2    ";BRASILIA;Não;Ingestão de álcool pelo condutor;1;Colisão lateral mesmo sentido;Com Vítimas Feridas;Pleno dia;Crescente;Céu Claro;Dupla;Reta;Sim  ;"1071163   ";Motocicleta;HONDA/CG 160 FAN;"2022      ";Condutor;Lesões Leves;"27   ";Masculino;"0 ";"1    ";"0    ";"0    ";-15.9943500;-47.9859470;SPRF-DF;DEL01-DF;UOP01-DEL01-DF 