id;pesid;data_inversa;dia_semana;horario;uf;br;km;municipio;causa_principal;causa_acidente;ordem_tipo_acidente;tipo_acidente;classificacao_acidente;fase_dia;sentido_via;condicao_metereologica;tipo_pista;tracado_via;uso_solo;id_veiculo;tipo_veiculo;marca;ano_fabricacao_veiculo;tipo_envolvido;estado_fisico;idade;sexo;ilesos;feridos_leves;feridos_graves;mortos;latitude;longitude;regional;delegacia;uop
599520;"1337122   ";2024-05-10;sexta-feira;16:40:00;DF;"40   ";"2    ";BRASILIA;Sim;Manobra de mudança de faixa;1;Colisão lateral mesmo sentido;Com Vítimas Feridas;Pleno dia;Crescente;Céu Claro;Dupla;Reta;Sim  ;"1071162   ";Automóvel;FORD/FIESTA GL;"2001      ";Condutor;Ileso;"67   ";Masculino;"1 ";"0    ";"0    ";"0    ";-15.9943500;-47.9859470;SPRF-DF;DEL01-DF;UOP01-DEL01-DF 
599520;"1337125   ";2024-05-10;sexta-feira;16:40:00;DF;"40   ";"2    ";BRASILIA;Sim;Manobra de mudança de faixa;1;Colisão lateral mesmo sentido;Com Vítimas Feridas;Pleno dia;Crescente;Céu Claro;Dupla;Reta;Sim  ;"1071163   ";Motocicleta;HONDA/CG 160 FAN;"2022      ";Condutor;Lesões Leves;"27   ";Masculino;"0 ";"1    ";"0    ";"0    ";-15.9943500;-47.9859470;SPRF-DF;DEL01-DF;UOP01-DEL01-DF 
599619;"1337209   ";2024-05-10;sexta-feira;22:00:00;DF;"60   ";"2,1  ";BRASILIA;Não;Transitar no Acostamento;4;Colisão com objeto;Com Vítimas Feridas;Plena Noite;Crescente;Céu Claro;Dupla;Reta;Sim  ;"1071234   ";Automóvel;VW/GOL 1.0L MC4;"2019      ";Condutor;Lesões Leves;"27   ";Masculino;"0 ";"1    ";"0    ";"0    ";-15.8873830;-48.0779880;SPRF-DF;DEL03-DF;UOP01-DEL03-DF 
599619;"1337212   ";2024-05-10;sexta-feira;22:00:00;DF;"60   ";"2,1  ";BRASILIA;Não;Transitar no Acostamento;4;Colisão com objeto;Com Vítimas Feridas;Plena Noite;Crescente;Céu Claro;Dupla;Reta;Sim  ;"1071235   ";Utilitário;I/LR DEF110D SE XD 7L;"2023      ";Condutor;Ileso;"43   ";Masculino;"1 ";"0    ";"0    ";"0    ";-15.8873830;-48.0779880;SPRF-DF;DEL03-DF;UOP01-DEL03-DF 
599619;"1337197   ";2024-05-10;sexta-feira;22:00:00;DF;"60   ";"2,1  ";BRASILIA;Não;Transitar no Acostamento;4;Colisão com objeto;Com Vítimas Feridas;Plena Noite;Crescente;Céu Claro;Dupla;Reta;Sim  ;"1071233   ";Automóvel;VW/GOL 1.0;"2009      ";Condutor;Ileso;"22   ";Masculino;"1 ";"0    ";"0    ";"0    ";-15.8873830;-48.0779880;SPRF-DF;DEL03-DF;UOP01-DEL03-DF 
599619;"1337209   ";2024-05-10;sexta-feira;22:00:00;DF;"60   ";"2,1  ";BRASILIA;Sim;Ingestão de álcool pelo condutor;4;Colisão com objeto;Com Vítimas Feridas;Plena Noite;Crescente;Céu Claro;Dupla;Reta;Sim  ;"1071234   ";Automóvel;VW/GOL 1.0L MC4;"2019      ";Condutor;Lesões Leves;"27   ";Masculino;"0 ";"1    ";"0    ";"0    ";-15.8873830;-48.0779880;SPRF-DF;DEL03-DF;UOP01-DEL03-DF 
599619;"1337212   ";2024-05-10;sexta-feira;22:00:00;DF;"60   ";"2,1  ";BRASILIA;Sim;Ingestão de álcool pelo condutor;4;Colisão com objeto;Com Vítimas Feridas;Plena Noite;Crescente;Céu Claro;Dupla;Reta;Sim  ;"1071235   ";Utilitário;I/LR DEF110D SE XD 7L;"2023      ";Condutor;Ileso;"43   ";Masculino;"1 ";"0    ";"0    ";"0    ";-15.8873830;-48.0779880;SPRF-DF;DEL03-DF;UOP01-DEL03-DF 
599619;"1337197   ";2024-05-10;sexta-feira;22:00:00;DF;"60   ";"2,1  ";BRASILIA;Sim;Ingestão de álcool pelo condutor;4;Colisão com objeto;Com Vítimas Feridas;Plena Noite;Crescente;Céu Claro;Dupla;Reta;Sim  ;"1071233   ";Automóvel;VW/GOL 1.0;"2009      ";Condutor;Ileso;"22   ";Masculino;"1 ";"0    ";"0    ";"0    ";-15.8873830;-48.0779880;SPRF-DF;DEL03-DF;UOP01-DEL03-DF 
599619;"1337209   ";2024-05-10;sexta-feira;22:00:00;DF;"60   ";"2,1  ";BRASILIA;Não;Transitar no Acostamento;3;Saída de leito carroçável;Com Vítimas Feridas;Plena Noite;Crescente;Céu Claro;Dupla;Reta;Sim  ;"1071234   ";Automóvel;VW/GOL 1.0L MC4;"2019      ";Condutor;Lesões Leves;"27   ";Masculino;"0 ";"1    ";"0    ";"0    ";-15.8873830;-48.0779880;SPRF-DF;DEL03-DF;UOP01-DEL03-DF 
599619;"1337212   ";2024-05-10;sexta-feira;22:00:00;DF;"60   ";"2,1  ";BRASILIA;Não;Transitar no Acostamento;3;Saída de leito carroçável;Com Vítimas Feridas;Plena Noite;Crescente;Céu Claro;Dupla;Reta;Sim  ;"1071235   ";Utilitário;I/LR DEF110D SE XD 7L;"2023      ";Condutor;Ileso;"43   ";Masculino;"1 ";"0    ";"0    ";"0    ";-15.8873830;-48.0779880;SPRF-DF;DEL03-DF;UOP01-DEL03-DF 
599619;"1337197   ";2024-05-10;sexta-feira;22:00:00;DF;"60   ";"2,1  ";BRASILIA;Não;Transitar no Acostamento;3;Saída de leito carroçável;Com Vítimas Feridas;Plena Noite;Crescente;Céu Claro;Dupla;Reta;Sim  ;"1071233   ";Automóvel;VW/GOL 1.0;"2009      ";Condutor;Ileso;"22   ";Masculino;"1 ";"0    ";"0    ";"0    ";-15.8873830;-48.0779880;SPRF-DF;DEL03-DF;UOP01-DEL03-DF 
599619;"1337209   ";2024-05-10;sexta-feira;22:00:00;DF;"60   ";"2,1  ";BRASILIA;Sim;Ingestão de álcool pelo condutor;3;Saída de leito carroçável;Com Vítimas Feridas;Plena Noite;Crescente;Céu Claro;Dupla;Reta;Sim  ;"1071234   ";Automóvel;VW/GOL 1.0L MC4;"2019      ";Condutor;Lesões Leves;"27   ";Masculino;"0 ";"1    ";"0    ";"0    ";-15.8873830;-48.0779880;SPRF-DF;DEL03-DF;UOP01-DEL03-DF 
599619;"1337212   ";2024-05-10;sexta-feira;22:00:00;DF;"60   ";"2,1  ";BRASILIA;Sim;Ingestão de álcool pelo condutor;3;Saída de leito carroçável;Com Vítimas Feridas;Plena Noite;Crescente;Céu Claro;Dupla;Reta;Sim  ;"1071235   ";Utilitário;I/LR DEF110D SE XD 7L;"2023      ";Condutor;Ileso;"43   ";Masculino;"1 ";"0    ";"0    ";"0    ";-15.8873830;-48.0779880;SPRF-DF;DEL03-DF;UOP01-DEL03-DF 
599619;"1337197   ";2024-05-10;sexta-feira;22:00:00;DF;"60   ";"2,1  ";BRASILIA;Sim;Ingestão de álcool pelo condutor;3;Saída de leito carroçável;Com Vítimas Feridas;Plena Noite;Crescente;Céu Claro;Dupla;Reta;Sim  ;"1071233   ";Automóvel;VW/GOL 1.0;"2009      ";Condutor;Ileso;"22   ";Masculino;"1 ";"0    ";"0    ";"0    ";-15.8873830;-48.0779880;SPRF-DF;DEL03-DF;UOP01-DEL03-DF 
599619;"1337209   ";2024-05-10;sexta-feira;22:00:00;DF;"60   ";"2,1  ";BRASILIA;Não;Transitar no Acostamento;2;Colisão lateral mesmo sentido;Com Vítimas Feridas;Plena Noite;Crescente;Céu Claro;Dupla;Reta;Sim  ;"1071234   ";Automóvel;VW/GOL 1.0L MC4;"2019      ";Condutor;Lesões Leves;"27   ";Masculino;"0 ";"1    ";"0    ";"0    ";-15.8873830;-48.0779880;SPRF-DF;DEL03-DF;UOP01-DEL03-DF 
599619;"1337212   ";2024-05-10;sexta-feira;22:00:00;DF;"60   ";"2,1  ";BRASILIA;Não;Transitar no Acostamento;2;Colisão lateral mesmo sentido;Com Vítimas Feridas;Plena Noite;Crescente;Céu Claro;Dupla;Reta;Sim  ;"1071235   ";Utilitário;I/LR DEF110D SE XD 7L;"2023      ";Condutor;Ileso;"43   ";Masculino;"1 ";"0    ";"0    ";"0    ";-15.8873830;-48.0779880;SPRF-DF;DEL03-DF;UOP01-DEL03-DF 
599619;"1337197   ";2024-05-10;sexta-feira;22:00:00;DF;"60   ";"2,1  ";BRASILIA;Não;Transitar no Acostamento;2;Colisão lateral mesmo sentido;Com Vítimas Feridas;Plena Noite;Crescente;Céu Claro;Dupla;Reta;Sim  ;"1071233   ";Automóvel;VW/GOL 1.0;"2009      ";Condutor;Ileso;"22   ";Masculino;"1 ";"0    ";"0    ";"0    ";-15.8873830;-48.0779880;SPRF-DF;DEL03-DF;UOP01-DEL03-DF 
599619;"1337209   ";2024-05-10;sexta-feira;22:00:00;DF;"60   ";"2,1  ";BRASILIA;Sim;Ingestão de álcool pelo condutor;2;Colisão lateral mesmo sentido;Com Vítimas Feridas;Plena Noite;Crescente;Céu Claro;Dupla;Reta;Sim  ;"1071234   ";Automóvel;VW/GOL 1.0L MC4;"2019      ";Condutor;Lesões Leves;"27   ";Masculino;"0 ";"1    ";"0    ";"0    ";-15.8873830;-48.0779880;SPRF-DF;DEL03-DF;UOP01-DEL03-DF 
599619;"1337212   ";2024-05-10;sexta-feira;22:00:00;DF;"60   ";"2,1  ";BRASILIA;Sim;Ingestão de álcool pelo condutor;2;Colisão lateral mesmo sentido;Com Vítimas Feridas;Plena Noite;Crescente;Céu Claro;Dupla;Reta;Sim  ;"1071235   ";Utilitário;I/LR DEF110D SE XD 7L;"2023      ";Condutor;Ileso;"43   ";Masculino;"1 ";"0    ";"0    ";"0    ";-15.8873830;-48.0779880;SPRF-DF;DEL03-DF;UOP01-DEL03-DF 
599619;"1337197   ";2024-05-10;sexta-feira;22:00:00;DF;"60   ";"2,1  ";BRASILIA;Sim;Ingestão de álcool pelo condutor;2;Colisão lateral mesmo sentido;Com Vítimas Feridas;Plena Noite;Crescente;Céu Claro;Dupla;Reta;Sim  ;"1071233   ";Automóvel;VW/GOL 1.0;"2009      ";Condutor;Ileso;"22   ";Masculino;"1 ";"0    ";"0    ";"0    ";-15.8873830;-48.0779880;SPRF-DF;DEL03-DF;UOP01-DEL03-DF 
599619;"1337209   ";2024-05-10;sexta-feira;22:00:00;DF;"60   ";"2,1  ";BRASILIA;Não;Transitar no Acostamento;1;Colisão lateral mesmo sentido;Com Vítimas Feridas;Plena Noite;Crescente;Céu Claro;Dupla;Reta;Sim  ;"1071234   ";Automóvel;VW/GOL 1.0L MC4;"2019      ";Condutor;Lesões Leves;"27   ";Masculino;"0 ";"1    ";"0    ";"0    ";-15.8873830;-48.0779880;SPRF-DF;DEL03-DF;UOP01-DEL03-DF 
599619;"1337212   ";2024-05-10;sexta-feira;22:00:00;DF;"60   ";"2,1  ";BRASILIA;Não;Transitar no Acostamento;1;Colisão lateral mesmo sentido;Com Vítimas Feridas;Plena Noite;Crescente;Céu Claro;Dupla;Reta;Sim  ;"1071235   ";Utilitário;I/LR DEF110D SE XD 7L;"2023      ";Condutor;Ileso;"43   ";Masculino;"1 ";"0    ";"0    ";"0    ";-15.8873830;-48.0779880;SPRF-DF;DEL03-DF;UOP01-DEL03-DF 
599619;"1337197   ";2024-05-10;sexta-feira;22:00:00;DF;"60   ";"2,1  ";BRASILIA;Não;Transitar no Acostamento;1;Colisão lateral mesmo sentido;Com Vítimas Feridas;Plena Noite;Crescente;Céu Claro;Dupla;Reta;Sim  ;"1071233   ";Automóvel;VW/GOL 1.0;"2009      ";Condutor;Ileso;"22   ";Masculino;"1 ";"0    ";"0    ";"0    ";-15.8873830;-48.0779880;SPRF-DF;DEL03-DF;UOP01-DEL03-DF 
599619;"1337209   ";2024-05-10;sexta-feira;22:00:00;DF;"60   ";"2,1  ";BRASILIA;Sim;Ingestão de álcool pelo condutor;1;Colisão lateral mesmo sentido;Com Vítimas Feridas;Plena Noite;Crescente;Céu Claro;Dupla;Reta;Sim  ;"1071234   ";Automóvel;VW/GOL 1.0L MC4;"2019      ";Condutor;Lesões Leves;"27   ";Masculino;"0 ";"1    ";"0    ";"0    ";-15.8873830;-48.0779880;SPRF-DF;DEL03-DF;UOP01-DEL03-DF 
599619;"1337212   ";2024-05-10;sexta-feira;22:00:00;DF;"60   ";"2,1  ";BRASILIA;Sim;Ingestão de álcool pelo condutor;1;Colisão lateral mesmo sentido;Com Vítimas Feridas;Plena Noite;Crescente;Céu Claro;Dupla;Reta;Sim  ;"1071235   ";Utilitário;I/LR DEF110D SE XD 7L;"2023      ";Condutor;Ileso;"43   ";Masculino;"1 ";"0    ";"0    ";"0    ";-15.8873830;-48.0779880;SPRF-DF;DEL03-DF;UOP01-DEL03-DF 
599619;"1337197   ";2024-05-10;sexta-feira;22:00:00;DF;"60   ";"2,1  ";BRASILIA;Sim;Ingestão de álcool pelo condutor;1;Colisão lateral mesmo sentido;Com Vítimas Feridas;Plena Noite;Crescente;Céu Claro;Dupla;Reta;Sim  ;"1071233   ";Automóvel;VW/GOL 1.0;"2009      ";Condutor;Ileso;"22   ";Masculino;"1 ";"0    ";"0    ";"0    ";-15.8873830;-48.0779880;SPRF-DF;DEL03-DF;UOP01-DEL03-DF 
599742;"1337884   ";2024-05-11;sábado;10:57:00;DF;"70   ";"5    ";BRASILIA;Sim;Acesso irregular;1;Queda de ocupante de veículo;Com Vítimas Feridas;Pleno dia;Crescente;Céu Claro;Dupla;Reta;Não  ;"1071746   ";Motocicleta;HONDA/XRE 300 SAHARA RAL;"2024      ";Condutor;Lesões Leves;"19   ";Masculino;"0 ";"1    ";"0    ";"0    ";-15.7946560;-48.0967790;SPRF-DF;DEL03-DF;UOP02-DEL03-DF 
599753;"1337396   ";2024-05-11;sábado;13:39:00;GO;"40   ";"2    ";VALPARAISO DE GOIAS;Sim;Acessar a via sem observar a presença dos outros veículos;1;Colisão lateral mesmo sentido;Com Vítimas Feridas;Pleno dia;Decrescente;Céu Claro;Dupla;Reta;Não  ;"1071376   ";Motocicleta;HONDA/NXR160 BROS ESDD;"2021      ";Condutor;Lesões Leves;"37   ";Masculino;"0 ";"1    ";"0    ";"0    ";-16.0671290;-47.9842350;SPRF-DF;DEL01-DF;UOP01-DEL01-DF 
599753;"1337411   ";2024-05-11;sábado;13:39:00;GO;"40   ";"2    ";VALPARAISO DE GOIAS;Sim;Acessar a via sem observar a presença dos outros veículos;1;Colisão lateral mesmo sentido;Com Vítimas Feridas;Pleno dia;Decrescente;Céu Claro;Dupla;Reta;Não  ;"1071376   ";Motocicleta;HONDA/NXR160 BROS ESDD;"2021      ";Passageiro;Lesões Leves;"34   ";Feminino;"0 ";"1    ";"0    ";"0    ";-16.0671290;-47.9842350;SPRF-DF;DEL01-DF;UOP01-DEL01-DF 
599753;"1337397   ";2024-05-11;sábado;13:39:00;GO;"40   ";"2    ";VALPARAISO DE GOIAS;Sim;Acessar a via sem observar a presença dos outros veículos;1;Colisão lateral mesmo sentido;Com Vítimas Feridas;Pleno dia;Decrescente;Céu Claro;Dupla;Reta;Não  ;"1071377   ";Automóvel;FIAT/ARGO DRIVE 1.0;"2020      ";Condutor;Ileso;"24   ";Masculino;"1 ";"0    ";"0    ";"0    ";-16.0671290;-47.9842350;SPRF-DF;DEL01-DF;UOP01-DEL01-DF 
599777;"0         ";2024-05-11;sábado;15:30:00;GO;"60   ";"43,9 ";ALEXANIA;Não;Condutor deixou de manter distância do veículo da frente;1;Colisão traseira;Com Vítimas Feridas;Pleno dia;Crescente;Céu Claro;Dupla;Reta;Sim  ;"1071624   ";Semireboque;SR/FACCHINI SRF BO;"2018      ";"0";"0";"0    ";"0";"0 ";"0    ";"0    ";"0    ";-16.1164000;-48.5892000;SPRF-GO;DEL02-GO;UOP01-DEL02-GO 
599777;"1337737   ";2024-05-11;sábado;15:30:00;GO;"60   ";"43,9 ";ALEXANIA;Não;Condutor deixou de manter distância do veículo da frente;1;Colisão traseira;Com Vítimas Feridas;Pleno dia;Crescente;Céu Claro;Dupla;Reta;Sim  ;"1071622   ";Caminhão-trator;VW/25.360 CTC 6X2;"2022      ";Condutor;Lesões Leves;"38   ";Masculino;"0 ";"1    ";"0    ";"0    ";-16.1164000;-48.5892000;SPRF-GO;DEL02-GO;UOP01-DEL02-GO 
599777;"1337735   ";2024-05-11;sábado;15:30:00;GO;"60   ";"43,9 ";ALEXANIA;Não;Condutor deixou de manter distância do veículo da frente;1;Colisão traseira;Com Vítimas Feridas;Pleno dia;Crescente;Céu Claro;Dupla;Reta;Sim  ;"1071617   ";Caminhão;VW/24.250 CNC 6X2;"2010      ";Condutor;Ileso;"37   ";Masculino;"1 ";"0    ";"0    ";"0    ";-16.1164000;-48.5892000;SPRF-GO;DEL02-GO;UOP01-DEL02-GO 
599777;"1337736   ";2024-05-11;sábado;15:30:00;GO;"60   ";"43,9 ";ALEXANIA;Não;Condutor deixou de manter distância do veículo da frente;1;Colisão traseira;Com Vítimas Feridas;Pleno dia;Crescente;Céu Claro;Dupla;Reta;Sim  ;"1071617   ";Caminhão;VW/24.250 CNC 6X2;"2010      ";Passageiro;Ileso;"39   ";Masculino;"1 ";"0    ";"0    ";"0    ";-16.1164000;-48.5892000;SPRF-GO;DEL02-GO;UOP01-DEL02-GO 
599777;"0         ";2024-05-11;sábado;15:30:00;GO;"60   ";"43,9 ";ALEXANIA;Sim;Reação tardia ou ineficiente do condutor;1;Colisão traseira;Com Vítimas Feridas;Pleno dia;Crescente;Céu Claro;Dupla;Reta;Sim  ;"1071624   ";Semireboque;SR/FACCHINI SRF BO;"2018      ";"0";"0";"0    ";"0";"0 ";"0    ";"0    ";"0    ";-16.1164000;-48.5892000;SPRF-GO;DEL02-GO;UOP01-DEL02-GO 
599777;"1337737   ";2024-05-11;sábado;15:30:00;GO;"60   ";"43,9 ";ALEXANIA;Sim;Reação tardia ou ineficiente do condutor;1;Colisão traseira;Com Vítimas Feridas;Pleno dia;Crescente;Céu Claro;Dupla;Reta;Sim  ;"1071622   ";Caminhão-trator;VW/25.360 CTC 6X2;"2022      ";Condutor;Lesões Leves;"38   ";Masculino;"0 ";"1    ";"0    ";"0    ";-16.1164000;-48.5892000;SPRF-GO;DEL02-GO;UOP01-DEL02-GO 
599777;"1337735   ";2024-05-11;sábado;15:30:00;GO;"60   ";"43,9 ";ALEXANIA;Sim;Reação tardia ou ineficiente do condutor;1;Colisão traseira;Com Vítimas Feridas;Pleno dia;Crescente;Céu Claro;Dupla;Reta;Sim  ;"1071617   ";Caminhão;VW/24.250 CNC 6X2;"2010      ";Condutor;Ileso;"37   ";Masculino;"1 ";"0    ";"0    ";"0    ";-16.1164000;-48.5892000;SPRF-GO;DEL02-GO;UOP01-DEL02-GO 
599777;"1337736   ";2024-05-11;sábado;15:30:00;GO;"60   ";"43,9 ";ALEXANIA;Sim;Reação tardia ou ineficiente do condutor;1;Colisão traseira;Com Vítimas Feridas;Pleno dia;Crescente;Céu Claro;Dupla;Reta;Sim  ;"1071617   ";Caminhão;VW/24.250 CNC 6X2;"2010      ";Passageiro;Ileso;"39   ";Masculino;"1 ";"0    ";"0    ";"0    ";-16.1164000;-48.5892000;SPRF-GO;DEL02-GO;UOP01-DEL02-GO 
599798;"1337523   ";2024-05-11;sábado;17:00:00;DF;"20   ";"17   ";BRASILIA;Sim;Ausência de reação do condutor;1;Tombamento;Com Vítimas Feridas;Pleno dia;Crescente;Céu Claro;Dupla;"Reta;Declive";Sim  ;"1071476   ";Automóvel;FIAT/PALIO FIRE ECONOMY;"2012      ";Condutor;Lesões Leves;"29   ";Feminino;"0 ";"1    ";"0    ";"0    ";-15.6213740;-47.7169800;SPRF-DF;DEL02-DF;UOP01-DEL02-DF 
599805;"1337595   ";2024-05-11;sábado;18:00:00;GO;"40   ";"8,8  ";VALPARAISO DE GOIAS;Sim;Reação tardia ou ineficiente do condutor;2;Capotamento;Com Vítimas Feridas;Plena Noite;Crescente;Céu Claro;Dupla;Reta;Sim  ;"1071527   ";Caminhão;VW/18.210 CRM 4X2;"2023      ";Condutor;Ileso;"35   ";Masculino;"1 ";"0    ";"0    ";"0    ";-16.1159701;-47.9673672;SPRF-DF;DEL01-DF;UOP01-DEL01-DF 
599805;"1337596   ";2024-05-11;sábado;18:00:00;GO;"40   ";"8,8  ";VALPARAISO DE GOIAS;Sim;Reação tardia ou ineficiente do condutor;2;Capotamento;Com Vítimas Feridas;Plena Noite;Crescente;Céu Claro;Dupla;Reta;Sim  ;"1071529   ";Automóvel;IMP/FIAT PALIO EX;"1998      ";Condutor;Lesões Leves;"53   ";Feminino;"0 ";"1    ";"0    ";"0    ";-16.1159701;-47.9673672;SPRF-DF;DEL01-DF;UOP01-DEL01-DF 
599805;"1337595   ";2024-05-11;sábado;18:00:00;GO;"40   ";"8,8  ";VALPARAISO DE GOIAS;Sim;Reação tardia ou ineficiente do condutor;1;Colisão transversal;Com Vítimas Feridas;Plena Noite;Crescente;Céu Claro;Dupla;Reta;Sim  ;"1071527   ";Caminhão;VW/18.210 CRM 4X2;"2023      ";Condutor;Ileso;"35   ";Masculino;"1 ";"0    ";"0    ";"0    ";-16.1159701;-47.9673672;SPRF-DF;DEL01-DF;UOP01-DEL01-DF 
599805;"1337596   ";2024-05-11;sábado;18:00:00;GO;"40   ";"8,8  ";VALPARAISO DE GOIAS;Sim;Reação tardia ou ineficiente do condutor;1;Colisão transversal;Com Vítimas Feridas;Plena Noite;Crescente;Céu Claro;Dupla;Reta;Sim  ;"1071529   ";Automóvel;IMP/FIAT PALIO EX;"1998      ";Condutor;Lesões Leves;"53   ";Feminino;"0 ";"1    ";"0    ";"0    ";-16.1159701;-47.9673672;SPRF-DF;DEL01-DF;UOP01-DEL01-DF 
599835;"1337719   ";2024-05-11;sábado;19:30:00;GO;"40   ";"22   ";LUZIANIA;Não;Velocidade Incompatível;2;Capotamento;Com Vítimas Feridas;Plena Noite;Crescente;Céu Claro;Dupla;Reta;Sim  ;"1071606   ";Automóvel;I/FIAT SIENA EL FLEX;"2011      ";Condutor;Lesões Graves;"37   ";Feminino;"0 ";"0    ";"1    ";"0    ";-16.2274840;-47.9141090;SPRF-DF;DEL01-DF;UOP01-DEL01-DF 
599835;"1337720   ";2024-05-11;sábado;19:30:00;GO;"40   ";"22   ";LUZIANIA;Não;Velocidade Incompatível;2;Capotamento;Com Vítimas Feridas;Plena Noite;Crescente;Céu Claro;Dupla;Reta;Sim  ;"1071607   ";Automóvel;FIAT/PALIO FIRE;"2004      ";Condutor;Lesões Graves;"28   ";Masculino;"0 ";"0    ";"1    ";"0    ";-16.2274840;-47.9141090;SPRF-DF;DEL01-DF;UOP01-DEL01-DF 
599835;"1337719   ";2024-05-11;sábado;19:30:00;GO;"40   ";"22   ";LUZIANIA;Não;Reação tardia ou ineficiente do condutor;2;Capotamento;Com Vítimas Feridas;Plena Noite;Crescente;Céu Claro;Dupla;Reta;Sim  ;"1071606   ";Automóvel;I/FIAT SIENA EL FLEX;"2011      ";Condutor;Lesões Graves;"37   ";Feminino;"0 ";"0    ";"1    ";"0    ";-16.2274840;-47.9141090;SPRF-DF;DEL01-DF;UOP01-DEL01-DF 
599835;"1337720   ";2024-05-11;sábado;19:30:00;GO;"40   ";"22   ";LUZIANIA;Não;Reação tardia ou ineficiente do condutor;2;Capotamento;Com Vítimas Feridas;Plena Noite;Crescente;Céu Claro;Dupla;Reta;Sim  ;"1071607   ";Automóvel;FIAT/PALIO FIRE;"2004      ";Condutor;Lesões Graves;"28   ";Masculino;"0 ";"0    ";"1    ";"0    ";-16.2274840;-47.9141090;SPRF-DF;DEL01-DF;UOP01-DEL01-DF 
599835;"1337719   ";2024-05-11;sábado;19:30:00;GO;"40   ";"22   ";LUZIANIA;Não;Ingestão de álcool pelo condutor;2;Capotamento;Com Vítimas Feridas;Plena Noite;Crescente;Céu Claro;Dupla;Reta;Sim  ;"1071606   ";Automóvel;I/FIAT SIENA EL FLEX;"2011      ";Condutor;Lesões Graves;"37   ";Feminino;"0 ";"0    ";"1    ";"0    ";-16.2274840;-47.9141090;SPRF-DF;DEL01-DF;UOP01-DEL01-DF 
599835;"1337720   ";2024-05-11;sábado;19:30:00;GO;"40   ";"22   ";LUZIANIA;Não;Ingestão de álcool pelo condutor;2;Capotamento;Com Vítimas Feridas;Plena Noite;Crescente;Céu Claro;Dupla;Reta;Sim  ;"1071607   ";Automóvel;FIAT/PALIO FIRE;"2004      ";Condutor;Lesões Graves;"28   ";Masculino;"0 ";"0    ";"1    ";"0    ";-16.2274840;-47.9141090;SPRF-DF;DEL01-DF;UOP01-DEL01-DF 
599835;"1337719   ";2024-05-11;sábado;19:30:00;GO;"40   ";"22   ";LUZIANIA;Não;Deficiência do Sistema de Iluminação/Sinalização;2;Capotamento;Com Vítimas Feridas;Plena Noite;Crescente;Céu Claro;Dupla;Reta;Sim  ;"1071606   ";Automóvel;I/FIAT SIENA EL FLEX;"2011      ";Condutor;Lesões Graves;"37   ";Feminino;"0 ";"0    ";"1    ";"0    ";-16.2274840;-47.9141090;SPRF-DF;DEL01-DF;UOP01-DEL01-DF 
599835;"1337720   ";2024-05-11;sábado;19:30:00;GO;"40   ";"22   ";LUZIANIA;Não;Deficiência do Sistema de Iluminação/Sinalização;2;Capotamento;Com Vítimas Feridas;Plena Noite;Crescente;Céu Claro;Dupla;Reta;Sim  ;"1071607   ";Automóvel;FIAT/PALIO FIRE;"2004      ";Condutor;Lesões Graves;"28   ";Masculino;"0 ";"0    ";"1    ";"0    ";-16.2274840;-47.9141090;SPRF-DF;DEL01-DF;UOP01-DEL01-DF 
599835;"1337719   ";2024-05-11;sábado;19:30:00;GO;"40   ";"22   ";LUZIANIA;Não;Ausência de reação do condutor;2;Capotamento;Com Vítimas Feridas;Plena Noite;Crescente;Céu Claro;Dupla;Reta;Sim  ;"1071606   ";Automóvel;I/FIAT SIENA EL FLEX;"2011      ";Condutor;Lesões Graves;"37   ";Feminino;"0 ";"0    ";"1    ";"0    ";-16.2274840;-47.9141090;SPRF-DF;DEL01-DF;UOP01-DEL01-DF 
599835;"1337720   ";2024-05-11;sábado;19:30:00;GO;"40   ";"22   ";LUZIANIA;Não;Ausência de reação do condutor;2;Capotamento;Com Vítimas Feridas;Plena Noite;Crescente;Céu Claro;Dupla;Reta;Sim  ;"1071607   ";Automóvel;FIAT/PALIO FIRE;"2004      ";Condutor;Lesões Graves;"28   ";Masculino;"0 ";"0    ";"1    ";"0    ";-16.2274840;-47.9141090;SPRF-DF;DEL01-DF;UOP01-DEL01-DF 
599835;"1337719   ";2024-05-11;sábado;19:30:00;GO;"40   ";"22   ";LUZIANIA;Sim;Acessar a via sem observar a presença dos outros veículos;2;Capotamento;Com Vítimas Feridas;Plena Noite;Crescente;Céu Claro;Dupla;Reta;Sim  ;"1071606   ";Automóvel;I/FIAT SIENA EL FLEX;"2011      ";Condutor;Lesões Graves;"37   ";Feminino;"0 ";"0    ";"1    ";"0    ";-16.2274840;-47.9141090;SPRF-DF;DEL01-DF;UOP01-DEL01-DF 
599835;"1337720   ";2024-05-11;sábado;19:30:00;GO;"40   ";"22   ";LUZIANIA;Sim;Acessar a via sem observar a presença dos outros veículos;2;Capotamento;Com Vítimas Feridas;Plena Noite;Crescente;Céu Claro;Dupla;Reta;Sim  ;"1071607   ";Automóvel;FIAT/PALIO FIRE;"2004      ";Condutor;Lesões Graves;"28   ";Masculino;"0 ";"0    ";"1    ";"0    ";-16.2274840;-47.9141090;SPRF-DF;DEL01-DF;UOP01-DEL01-DF 
599835;"1337719   ";2024-05-11;sábado;19:30:00;GO;"40   ";"22   ";LUZIANIA;Não;Velocidade Incompatível;1;Colisão transversal;Com Vítimas Feridas;Plena Noite;Crescente;Céu Claro;Dupla;Reta;Sim  ;"1071606   ";Automóvel;I/FIAT SIENA EL FLEX;"2011      ";Condutor;Lesões Graves;"37   ";Feminino;"0 ";"0    ";"1    ";"0    ";-16.2274840;-47.9141090;SPRF-DF;DEL01-DF;UOP01-DEL01-DF 