id;pesid;data_inversa;dia_semana;horario;uf;br;km;municipio;causa_principal;causa_acidente;ordem_tipo_acidente;tipo_acidente;classificacao_acidente;fase_dia;sentido_via;condicao_metereologica;tipo_pista;tracado_via;uso_solo;id_veiculo;tipo_veiculo;marca;ano_fabricacao_veiculo;tipo_envolvido;estado_fisico;idade;sexo;ilesos;feridos_leves;feridos_graves;mortos;latitude;longitude;regional;delegacia;uop
599835;"1337720   ";2024-05-11;sábado;19:30:00;GO;"40   ";"22   ";LUZIANIA;Não;Velocidade Incompatível;1;Colisão transversal;Com Vítimas Feridas;Plena Noite;Crescente;Céu Claro;Dupla;Reta;Sim  ;"1071607   ";Automóvel;FIAT/PALIO FIRE;"2004      ";Condutor;Lesões Graves;"28   ";Masculino;"0 ";"0    ";"1    ";"0    ";-16.2274840;-47.9141090;SPRF-DF;DEL01-DF;UOP01-DEL01-DF 
599835;"1337719   ";2024-05-11;sábado;19:30:00;GO;"40   ";"22   ";LUZIANIA;Não;Reação tardia ou ineficiente do condutor;1;Colisão transversal;Com Vítimas Feridas;Plena Noite;Crescente;Céu Claro;Dupla;Reta;Sim  ;"1071606   ";Automóvel;I/FIAT SIENA EL FLEX;"2011      ";Condutor;Lesões Graves;"37   ";Feminino;"0 ";"0    ";"1    ";"0    ";-16.2274840;-47.9141090;SPRF-DF;DEL01-DF;UOP01-DEL01-DF 
599835;"1337720   ";2024-05-11;sábado;19:30:00;GO;"40   ";"22   ";LUZIANIA;Não;Reação tardia ou ineficiente do condutor;1;Colisão transversal;Com Vítimas Feridas;Plena Noite;Crescente;Céu Claro;Dupla;Reta;Sim  ;"1071607   ";Automóvel;FIAT/PALIO FIRE;"2004      ";Condutor;Lesões Graves;"28   ";Masculino;"0 ";"0    ";"1    ";"0    ";-16.2274840;-47.9141090;SPRF-DF;DEL01-DF;UOP01-DEL01-DF 
599835;"1337719   ";2024-05-11;sábado;19:30:00;GO;"40   ";"22   ";LUZIANIA;Não;Ingestão de álcool pelo condutor;1;Colisão transversal;Com Vítimas Feridas;Plena Noite;Crescente;Céu Claro;Dupla;Reta;Sim  ;"1071606   ";Automóvel;I/FIAT SIENA EL FLEX;"2011      ";Condutor;Lesões Graves;"37   ";Feminino;"0 ";"0    ";"1    ";"0    ";-16.2274840;-47.9141090;SPRF-DF;DEL01-DF;UOP01-DEL01-DF 
599835;"1337720   ";2024-05-11;sábado;19:30:00;GO;"40   ";"22   ";LUZIANIA;Não;Ingestão de álcool pelo condutor;1;Colisão transversal;Com Vítimas Feridas;Plena Noite;Crescente;Céu Claro;Dupla;Reta;Sim  ;"1071607   ";Automóvel;FIAT/PALIO FIRE;"2004      ";Condutor;Lesões Graves;"28   ";Masculino;"0 ";"0    ";"1    ";"0    ";-16.2274840;-47.9141090;SPRF-DF;DEL01-DF;UOP01-DEL01-DF 
599835;"1337719   ";2024-05-11;sábado;19:30:00;GO;"40   ";"22   ";LUZIANIA;Não;Deficiência do Sistema de Iluminação/Sinalização;1;Colisão transversal;Com Vítimas Feridas;Plena Noite;Crescente;Céu Claro;Dupla;Reta;Sim  ;"1071606   ";Automóvel;I/FIAT SIENA EL FLEX;"2011      ";Condutor;Lesões Graves;"37   ";Feminino;"0 ";"0    ";"1    ";"0    ";-16.2274840;-47.9141090;SPRF-DF;DEL01-DF;UOP01-DEL01-DF 
599835;"1337720   ";2024-05-11;sábado;19:30:00;GO;"40   ";"22   ";LUZIANIA;Não;Deficiência do Sistema de Iluminação/Sinalização;1;Colisão transversal;Com Vítimas Feridas;Plena Noite;Crescente;Céu Claro;Dupla;Reta;Sim  ;"1071607   ";Automóvel;FIAT/PALIO FIRE;"2004      ";Condutor;Lesões Graves;"28   ";Masculino;"0 ";"0    ";"1    ";"0    ";-16.2274840;-47.9141090;SPRF-DF;DEL01-DF;UOP01-DEL01-DF 
599835;"1337719   ";2024-05-11;sábado;19:30:00;GO;"40   ";"22   ";LUZIANIA;Não;Ausência de reação do condutor;1;Colisão transversal;Com Vítimas Feridas;Plena Noite;Crescente;Céu Claro;Dupla;Reta;Sim  ;"1071606   ";Automóvel;I/FIAT SIENA EL FLEX;"2011      ";Condutor;Lesões Graves;"37   ";Feminino;"0 ";"0    ";"1    ";"0    ";-16.2274840;-47.9141090;SPRF-DF;DEL01-DF;UOP01-DEL01-DF 
599835;"1337720   ";2024-05-11;sábado;19:30:00;GO;"40   ";"22   ";LUZIANIA;Não;Ausência de reação do condutor;1;Colisão transversal;Com Vítimas Feridas;Plena Noite;Crescente;Céu Claro;Dupla;Reta;Sim  ;"1071607   ";Automóvel;FIAT/PALIO FIRE;"2004      ";Condutor;Lesões Graves;"28   ";Masculino;"0 ";"0    ";"1    ";"0    ";-16.2274840;-47.9141090;SPRF-DF;DEL01-DF;UOP01-DEL01-DF 
599835;"1337719   ";2024-05-11;sábado;19:30:00;GO;"40   ";"22   ";LUZIANIA;Sim;Acessar a via sem observar a presença dos outros veículos;1;Colisão transversal;Com Vítimas Feridas;Plena Noite;Crescente;Céu Claro;Dupla;Reta;Sim  ;"1071606   ";Automóvel;I/FIAT SIENA EL FLEX;"2011      ";Condutor;Lesões Graves;"37   ";Feminino;"0 ";"0    ";"1    ";"0    ";-16.2274840;-47.9141090;SPRF-DF;DEL01-DF;UOP01-DEL01-DF 
599835;"1337720   ";2024-05-11;sábado;19:30:00;GO;"40   ";"22   ";LUZIANIA;Sim;Acessar a via sem observar a presença dos outros veículos;1;Colisão transversal;Com Vítimas Feridas;Plena Noite;Crescente;Céu Claro;Dupla;Reta;Sim  ;"1071607   ";Automóvel;FIAT/PALIO FIRE;"2004      ";Condutor;Lesões Graves;"28   ";Masculino;"0 ";"0    ";"1    ";"0    ";-16.2274840;-47.9141090;SPRF-DF;DEL01-DF;UOP01-DEL01-DF 
599844;"1337603   ";2024-05-11;sábado;20:55:00;GO;"40   ";"92,9 ";CRISTALINA;Sim;Pedestre andava na pista;1;Atropelamento de Pedestre;Com Vítimas Feridas;Plena Noite;Decrescente;Nublado;Simples;Reta;Não  ;"1071534   ";Automóvel;I/CHEV CRUZE LTZ NB AT;"2017      ";Condutor;Ileso;"76   ";Masculino;"1 ";"0    ";"0    ";"0    ";-16.7371535;-47.6192093;SPRF-DF;DEL01-DF;UOP02-DEL01-DF 
599844;"1337743   ";2024-05-11;sábado;20:55:00;GO;"40   ";"92,9 ";CRISTALINA;Sim;Pedestre andava na pista;1;Atropelamento de Pedestre;Com Vítimas Feridas;Plena Noite;Decrescente;Nublado;Simples;Reta;Não  ;"0         ";"0";NA/NA;"0         ";Pedestre;Lesões Leves;"36   ";Masculino;"0 ";"1    ";"0    ";"0    ";-16.7371535;-47.6192093;SPRF-DF;DEL01-DF;UOP02-DEL01-DF 
599851;"1337755   ";2024-05-11;sábado;21:30:00;GO;"414  ";"372,5";COCALZINHO DE GOIAS;Não;Manobra de mudança de faixa;3;Capotamento;Com Vítimas Feridas;Plena Noite;Decrescente;Céu Claro;Dupla;Curva;Sim  ;"1071634   ";Automóvel;VW/GOL 1.0;"2008      ";Condutor;Ileso;"49   ";Masculino;"1 ";"0    ";"0    ";"0    ";-15.7867166;-48.7703327;SPRF-GO;DEL02-GO;UOP01-DEL02-GO 
599851;"1337751   ";2024-05-11;sábado;21:30:00;GO;"414  ";"372,5";COCALZINHO DE GOIAS;Não;Manobra de mudança de faixa;3;Capotamento;Com Vítimas Feridas;Plena Noite;Decrescente;Céu Claro;Dupla;Curva;Sim  ;"1071633   ";Automóvel;FIAT/UNO MILLE FIRE FLEX;"2005      ";Condutor;Ileso;"50   ";Masculino;"1 ";"0    ";"0    ";"0    ";-15.7867166;-48.7703327;SPRF-GO;DEL02-GO;UOP01-DEL02-GO 
599851;"1337753   ";2024-05-11;sábado;21:30:00;GO;"414  ";"372,5";COCALZINHO DE GOIAS;Não;Manobra de mudança de faixa;3;Capotamento;Com Vítimas Feridas;Plena Noite;Decrescente;Céu Claro;Dupla;Curva;Sim  ;"1071633   ";Automóvel;FIAT/UNO MILLE FIRE FLEX;"2005      ";Passageiro;Lesões Leves;"69   ";Masculino;"0 ";"1    ";"0    ";"0    ";-15.7867166;-48.7703327;SPRF-GO;DEL02-GO;UOP01-DEL02-GO 
599851;"1337755   ";2024-05-11;sábado;21:30:00;GO;"414  ";"372,5";COCALZINHO DE GOIAS;Sim;Ausência de reação do condutor;3;Capotamento;Com Vítimas Feridas;Plena Noite;Decrescente;Céu Claro;Dupla;Curva;Sim  ;"1071634   ";Automóvel;VW/GOL 1.0;"2008      ";Condutor;Ileso;"49   ";Masculino;"1 ";"0    ";"0    ";"0    ";-15.7867166;-48.7703327;SPRF-GO;DEL02-GO;UOP01-DEL02-GO 
599851;"1337751   ";2024-05-11;sábado;21:30:00;GO;"414  ";"372,5";COCALZINHO DE GOIAS;Sim;Ausência de reação do condutor;3;Capotamento;Com Vítimas Feridas;Plena Noite;Decrescente;Céu Claro;Dupla;Curva;Sim  ;"1071633   ";Automóvel;FIAT/UNO MILLE FIRE FLEX;"2005      ";Condutor;Ileso;"50   ";Masculino;"1 ";"0    ";"0    ";"0    ";-15.7867166;-48.7703327;SPRF-GO;DEL02-GO;UOP01-DEL02-GO 
599851;"1337753   ";2024-05-11;sábado;21:30:00;GO;"414  ";"372,5";COCALZINHO DE GOIAS;Sim;Ausência de reação do condutor;3;Capotamento;Com Vítimas Feridas;Plena Noite;Decrescente;Céu Claro;Dupla;Curva;Sim  ;"1071633   ";Automóvel;FIAT/UNO MILLE FIRE FLEX;"2005      ";Passageiro;Lesões Leves;"69   ";Masculino;"0 ";"1    ";"0    ";"0    ";-15.7867166;-48.7703327;SPRF-GO;DEL02-GO;UOP01-DEL02-GO 
599851;"1337755   ";2024-05-11;sábado;21:30:00;GO;"414  ";"372,5";COCALZINHO DE GOIAS;Não;Manobra de mudança de faixa;2;Saída de leito carroçável;Com Vítimas Feridas;Plena Noite;Decrescente;Céu Claro;Dupla;Curva;Sim  ;"1071634   ";Automóvel;VW/GOL 1.0;"2008      ";Condutor;Ileso;"49   ";Masculino;"1 ";"0    ";"0    ";"0    ";-15.7867166;-48.7703327;SPRF-GO;DEL02-GO;UOP01-DEL02-GO 
599851;"1337751   ";2024-05-11;sábado;21:30:00;GO;"414  ";"372,5";COCALZINHO DE GOIAS;Não;Manobra de mudança de faixa;2;Saída de leito carroçável;Com Vítimas Feridas;Plena Noite;Decrescente;Céu Claro;Dupla;Curva;Sim  ;"1071633   ";Automóvel;FIAT/UNO MILLE FIRE FLEX;"2005      ";Condutor;Ileso;"50   ";Masculino;"1 ";"0    ";"0    ";"0    ";-15.7867166;-48.7703327;SPRF-GO;DEL02-GO;UOP01-DEL02-GO 
599851;"1337753   ";2024-05-11;sábado;21:30:00;GO;"414  ";"372,5";COCALZINHO DE GOIAS;Não;Manobra de mudança de faixa;2;Saída de leito carroçável;Com Vítimas Feridas;Plena Noite;Decrescente;Céu Claro;Dupla;Curva;Sim  ;"1071633   ";Automóvel;FIAT/UNO MILLE FIRE FLEX;"2005      ";Passageiro;Lesões Leves;"69   ";Masculino;"0 ";"1    ";"0    ";"0    ";-15.7867166;-48.7703327;SPRF-GO;DEL02-GO;UOP01-DEL02-GO 
599851;"1337755   ";2024-05-11;sábado;21:30:00;GO;"414  ";"372,5";COCALZINHO DE GOIAS;Sim;Ausência de reação do condutor;2;Saída de leito carroçável;Com Vítimas Feridas;Plena Noite;Decrescente;Céu Claro;Dupla;Curva;Sim  ;"1071634   ";Automóvel;VW/GOL 1.0;"2008      ";Condutor;Ileso;"49   ";Masculino;"1 ";"0    ";"0    ";"0    ";-15.7867166;-48.7703327;SPRF-GO;DEL02-GO;UOP01-DEL02-GO 
599851;"1337751   ";2024-05-11;sábado;21:30:00;GO;"414  ";"372,5";COCALZINHO DE GOIAS;Sim;Ausência de reação do condutor;2;Saída de leito carroçável;Com Vítimas Feridas;Plena Noite;Decrescente;Céu Claro;Dupla;Curva;Sim  ;"1071633   ";Automóvel;FIAT/UNO MILLE FIRE FLEX;"2005      ";Condutor;Ileso;"50   ";Masculino;"1 ";"0    ";"0    ";"0    ";-15.7867166;-48.7703327;SPRF-GO;DEL02-GO;UOP01-DEL02-GO 
599851;"1337753   ";2024-05-11;sábado;21:30:00;GO;"414  ";"372,5";COCALZINHO DE GOIAS;Sim;Ausência de reação do condutor;2;Saída de leito carroçável;Com Vítimas Feridas;Plena Noite;Decrescente;Céu Claro;Dupla;Curva;Sim  ;"1071633   ";Automóvel;FIAT/UNO MILLE FIRE FLEX;"2005      ";Passageiro;Lesões Leves;"69   ";Masculino;"0 ";"1    ";"0    ";"0    ";-15.7867166;-48.7703327;SPRF-GO;DEL02-GO;UOP01-DEL02-GO 
599851;"1337755   ";2024-05-11;sábado;21:30:00;GO;"414  ";"372,5";COCALZINHO DE GOIAS;Não;Manobra de mudança de faixa;1;Colisão traseira;Com Vítimas Feridas;Plena Noite;Decrescente;Céu Claro;Dupla;Curva;Sim  ;"1071634   ";Automóvel;VW/GOL 1.0;"2008      ";Condutor;Ileso;"49   ";Masculino;"1 ";"0    ";"0    ";"0    ";-15.7867166;-48.7703327;SPRF-GO;DEL02-GO;UOP01-DEL02-GO 
599851;"1337751   ";2024-05-11;sábado;21:30:00;GO;"414  ";"372,5";COCALZINHO DE GOIAS;Não;Manobra de mudança de faixa;1;Colisão traseira;Com Vítimas Feridas;Plena Noite;Decrescente;Céu Claro;Dupla;Curva;Sim  ;"1071633   ";Automóvel;FIAT/UNO MILLE FIRE FLEX;"2005      ";Condutor;Ileso;"50   ";Masculino;"1 ";"0    ";"0    ";"0    ";-15.7867166;-48.7703327;SPRF-GO;DEL02-GO;UOP01-DEL02-GO 
599851;"1337753   ";2024-05-11;sábado;21:30:00;GO;"414  ";"372,5";COCALZINHO DE GOIAS;Não;Manobra de mudança de faixa;1;Colisão traseira;Com Vítimas Feridas;Plena Noite;Decrescente;Céu Claro;Dupla;Curva;Sim  ;"1071633   ";Automóvel;FIAT/UNO MILLE FIRE FLEX;"2005      ";Passageiro;Lesões Leves;"69   ";Masculino;"0 ";"1    ";"0    ";"0    ";-15.7867166;-48.7703327;SPRF-GO;DEL02-GO;UOP01-DEL02-GO 
599851;"1337755   ";2024-05-11;sábado;21:30:00;GO;"414  ";"372,5";COCALZINHO DE GOIAS;Sim;Ausência de reação do condutor;1;Colisão traseira;Com Vítimas Feridas;Plena Noite;Decrescente;Céu Claro;Dupla;Curva;Sim  ;"1071634   ";Automóvel;VW/GOL 1.0;"2008      ";Condutor;Ileso;"49   ";Masculino;"1 ";"0    ";"0    ";"0    ";-15.7867166;-48.7703327;SPRF-GO;DEL02-GO;UOP01-DEL02-GO 
599851;"1337751   ";2024-05-11;sábado;21:30:00;GO;"414  ";"372,5";COCALZINHO DE GOIAS;Sim;Ausência de reação do condutor;1;Colisão traseira;Com Vítimas Feridas;Plena Noite;Decrescente;Céu Claro;Dupla;Curva;Sim  ;"1071633   ";Automóvel;FIAT/UNO MILLE FIRE FLEX;"2005      ";Condutor;Ileso;"50   ";Masculino;"1 ";"0    ";"0    ";"0    ";-15.7867166;-48.7703327;SPRF-GO;DEL02-GO;UOP01-DEL02-GO 
599851;"1337753   ";2024-05-11;sábado;21:30:00;GO;"414  ";"372,5";COCALZINHO DE GOIAS;Sim;Ausência de reação do condutor;1;Colisão traseira;Com Vítimas Feridas;Plena Noite;Decrescente;Céu Claro;Dupla;Curva;Sim  ;"1071633   ";Automóvel;FIAT/UNO MILLE FIRE FLEX;"2005      ";Passageiro;Lesões Leves;"69   ";Masculino;"0 ";"1    ";"0    ";"0    ";-15.7867166;-48.7703327;SPRF-GO;DEL02-GO;UOP01-DEL02-GO 
599854;"1337757   ";2024-05-11;sábado;22:30:00;GO;"40   ";"2,1  ";VALPARAISO DE GOIAS;Não;Reação tardia ou ineficiente do condutor;3;Queda de ocupante de veículo;Com Vítimas Feridas;Plena Noite;Decrescente;Céu Claro;Dupla;Reta;Sim  ;"1071637   ";Utilitário;I/TOYOTA HILUX SWDMDA4JD;"2019      ";Condutor;Ileso;"29   ";Feminino;"1 ";"0    ";"0    ";"0    ";-16.0670733;-47.9843438;SPRF-DF;DEL01-DF;UOP01-DEL01-DF 
599854;"1337759   ";2024-05-11;sábado;22:30:00;GO;"40   ";"2,1  ";VALPARAISO DE GOIAS;Não;Reação tardia ou ineficiente do condutor;3;Queda de ocupante de veículo;Com Vítimas Feridas;Plena Noite;Decrescente;Céu Claro;Dupla;Reta;Sim  ;"1071639   ";Motocicleta;KASINSKI/MIRAGE 150 50;"2012      ";Condutor;Lesões Leves;"32   ";Masculino;"0 ";"1    ";"0    ";"0    ";-16.0670733;-47.9843438;SPRF-DF;DEL01-DF;UOP01-DEL01-DF 
599854;"1337757   ";2024-05-11;sábado;22:30:00;GO;"40   ";"2,1  ";VALPARAISO DE GOIAS;Sim;Condutor deixou de manter distância do veículo da frente;3;Queda de ocupante de veículo;Com Vítimas Feridas;Plena Noite;Decrescente;Céu Claro;Dupla;Reta;Sim  ;"1071637   ";Utilitário;I/TOYOTA HILUX SWDMDA4JD;"2019      ";Condutor;Ileso;"29   ";Feminino;"1 ";"0    ";"0    ";"0    ";-16.0670733;-47.9843438;SPRF-DF;DEL01-DF;UOP01-DEL01-DF 
599854;"1337759   ";2024-05-11;sábado;22:30:00;GO;"40   ";"2,1  ";VALPARAISO DE GOIAS;Sim;Condutor deixou de manter distância do veículo da frente;3;Queda de ocupante de veículo;Com Vítimas Feridas;Plena Noite;Decrescente;Céu Claro;Dupla;Reta;Sim  ;"1071639   ";Motocicleta;KASINSKI/MIRAGE 150 50;"2012      ";Condutor;Lesões Leves;"32   ";Masculino;"0 ";"1    ";"0    ";"0    ";-16.0670733;-47.9843438;SPRF-DF;DEL01-DF;UOP01-DEL01-DF 
599854;"1337757   ";2024-05-11;sábado;22:30:00;GO;"40   ";"2,1  ";VALPARAISO DE GOIAS;Não;Reação tardia ou ineficiente do condutor;2;Tombamento;Com Vítimas Feridas;Plena Noite;Decrescente;Céu Claro;Dupla;Reta;Sim  ;"1071637   ";Utilitário;I/TOYOTA HILUX SWDMDA4JD;"2019      ";Condutor;Ileso;"29   ";Feminino;"1 ";"0    ";"0    ";"0    ";-16.0670733;-47.9843438;SPRF-DF;DEL01-DF;UOP01-DEL01-DF 
599854;"1337759   ";2024-05-11;sábado;22:30:00;GO;"40   ";"2,1  ";VALPARAISO DE GOIAS;Não;Reação tardia ou ineficiente do condutor;2;Tombamento;Com Vítimas Feridas;Plena Noite;Decrescente;Céu Claro;Dupla;Reta;Sim  ;"1071639   ";Motocicleta;KASINSKI/MIRAGE 150 50;"2012      ";Condutor;Lesões Leves;"32   ";Masculino;"0 ";"1    ";"0    ";"0    ";-16.0670733;-47.9843438;SPRF-DF;DEL01-DF;UOP01-DEL01-DF 
599854;"1337757   ";2024-05-11;sábado;22:30:00;GO;"40   ";"2,1  ";VALPARAISO DE GOIAS;Sim;Condutor deixou de manter distância do veículo da frente;2;Tombamento;Com Vítimas Feridas;Plena Noite;Decrescente;Céu Claro;Dupla;Reta;Sim  ;"1071637   ";Utilitário;I/TOYOTA HILUX SWDMDA4JD;"2019      ";Condutor;Ileso;"29   ";Feminino;"1 ";"0    ";"0    ";"0    ";-16.0670733;-47.9843438;SPRF-DF;DEL01-DF;UOP01-DEL01-DF 
599854;"1337759   ";2024-05-11;sábado;22:30:00;GO;"40   ";"2,1  ";VALPARAISO DE GOIAS;Sim;Condutor deixou de manter distância do veículo da frente;2;Tombamento;Com Vítimas Feridas;Plena Noite;Decrescente;Céu Claro;Dupla;Reta;Sim  ;"1071639   ";Motocicleta;KASINSKI/MIRAGE 150 50;"2012      ";Condutor;Lesões Leves;"32   ";Masculino;"0 ";"1    ";"0    ";"0    ";-16.0670733;-47.9843438;SPRF-DF;DEL01-DF;UOP01-DEL01-DF 
599854;"1337757   ";2024-05-11;sábado;22:30:00;GO;"40   ";"2,1  ";VALPARAISO DE GOIAS;Não;Reação tardia ou ineficiente do condutor;1;Colisão traseira;Com Vítimas Feridas;Plena Noite;Decrescente;Céu Claro;Dupla;Reta;Sim  ;"1071637   ";Utilitário;I/TOYOTA HILUX SWDMDA4JD;"2019      ";Condutor;Ileso;"29   ";Feminino;"1 ";"0    ";"0    ";"0    ";-16.0670733;-47.9843438;SPRF-DF;DEL01-DF;UOP01-DEL01-DF 
599854;"1337759   ";2024-05-11;sábado;22:30:00;GO;"40   ";"2,1  ";VALPARAISO DE GOIAS;Não;Reação tardia ou ineficiente do condutor;1;Colisão traseira;Com Vítimas Feridas;Plena Noite;Decrescente;Céu Claro;Dupla;Reta;Sim  ;"1071639   ";Motocicleta;KASINSKI/MIRAGE 150 50;"2012      ";Condutor;Lesões Leves;"32   ";Masculino;"0 ";"1    ";"0    ";"0    ";-16.0670733;-47.9843438;SPRF-DF;DEL01-DF;UOP01-DEL01-DF 
599854;"1337757   ";2024-05-11;sábado;22:30:00;GO;"40   ";"2,1  ";VALPARAISO DE GOIAS;Sim;Condutor deixou de manter distância do veículo da frente;1;Colisão traseira;Com Vítimas Feridas;Plena Noite;Decrescente;Céu Claro;Dupla;Reta;Sim  ;"1071637   ";Utilitário;I/TOYOTA HILUX SWDMDA4JD;"2019      ";Condutor;Ileso;"29   ";Feminino;"1 ";"0    ";"0    ";"0    ";-16.0670733;-47.9843438;SPRF-DF;DEL01-DF;UOP01-DEL01-DF 
599854;"1337759   ";2024-05-11;sábado;22:30:00;GO;"40   ";"2,1  ";VALPARAISO DE GOIAS;Sim;Condutor deixou de manter distância do veículo da frente;1;Colisão traseira;Com Vítimas Feridas;Plena Noite;Decrescente;Céu Claro;Dupla;Reta;Sim  ;"1071639   ";Motocicleta;KASINSKI/MIRAGE 150 50;"2012      ";Condutor;Lesões Leves;"32   ";Masculino;"0 ";"1    ";"0    ";"0    ";-16.0670733;-47.9843438;SPRF-DF;DEL01-DF;UOP01-DEL01-DF 
599872;"1339037   ";2024-05-11;sábado;22:20:00;GO;"70   ";"18,3 ";COCALZINHO DE GOIAS;Não;Ausência de reação do condutor;1;Atropelamento de Pedestre;Com Vítimas Feridas;Plena Noite;Crescente;Céu Claro;Simples;"Reta;Aclive";Não  ;"1072640   ";Automóvel;VW/VOYAGE 1.6 COMFORTL;"2011      ";Condutor;Ileso;"51   ";Masculino;"1 ";"0    ";"0    ";"0    ";-15.7440320;-48.3591650;SPRF-DF;DEL03-DF;UOP02-DEL03-DF 
599872;"1339036   ";2024-05-11;sábado;22:20:00;GO;"70   ";"18,3 ";COCALZINHO DE GOIAS;Não;Ausência de reação do condutor;1;Atropelamento de Pedestre;Com Vítimas Feridas;Plena Noite;Crescente;Céu Claro;Simples;"Reta;Aclive";Não  ;"0         ";"0";NA/NA;"0         ";Pedestre;Lesões Leves;"36   ";Masculino;"0 ";"1    ";"0    ";"0    ";-15.7440320;-48.3591650;SPRF-DF;DEL03-DF;UOP02-DEL03-DF 
599872;"1339037   ";2024-05-11;sábado;22:20:00;GO;"70   ";"18,3 ";COCALZINHO DE GOIAS;Sim;Ingestão de álcool pelo condutor;1;Atropelamento de Pedestre;Com Vítimas Feridas;Plena Noite;Crescente;Céu Claro;Simples;"Reta;Aclive";Não  ;"1072640   ";Automóvel;VW/VOYAGE 1.6 COMFORTL;"2011      ";Condutor;Ileso;"51   ";Masculino;"1 ";"0    ";"0    ";"0    ";-15.7440320;-48.3591650;SPRF-DF;DEL03-DF;UOP02-DEL03-DF 
599872;"1339036   ";2024-05-11;sábado;22:20:00;GO;"70   ";"18,3 ";COCALZINHO DE GOIAS;Sim;Ingestão de álcool pelo condutor;1;Atropelamento de Pedestre;Com Vítimas Feridas;Plena Noite;Crescente;Céu Claro;Simples;"Reta;Aclive";Não  ;"0         ";"0";NA/NA;"0         ";Pedestre;Lesões Leves;"36   ";Masculino;"0 ";"1    ";"0    ";"0    ";-15.7440320;-48.3591650;SPRF-DF;DEL03-DF;UOP02-DEL03-DF 
599943;"1337846   ";2024-05-12;domingo;06:36:00;GO;"60   ";"38   ";ALEXANIA;Não;Transitar na contramão;2;Capotamento;Com Vítimas Feridas;Amanhecer;Decrescente;Céu Claro;Dupla;"Curva;Declive";Não  ;"1071709   ";Automóvel;VW/NOVO GOL CL MBV;"2017      ";Condutor;Lesões Graves;"28   ";Masculino;"0 ";"0    ";"1    ";"0    ";-16.1148000;-48.5476000;SPRF-DF;DEL03-DF;UOP01-DEL03-DF 
599943;"1337847   ";2024-05-12;domingo;06:36:00;GO;"60   ";"38   ";ALEXANIA;Não;Transitar na contramão;2;Capotamento;Com Vítimas Feridas;Amanhecer;Decrescente;Céu Claro;Dupla;"Curva;Declive";Não  ;"1071709   ";Automóvel;VW/NOVO GOL CL MBV;"2017      ";Passageiro;Lesões Leves;"27   ";Masculino;"0 ";"1    ";"0    ";"0    ";-16.1148000;-48.5476000;SPRF-DF;DEL03-DF;UOP01-DEL03-DF 
599943;"1337846   ";2024-05-12;domingo;06:36:00;GO;"60   ";"38   ";ALEXANIA;Não;Ingestão de álcool pelo condutor;2;Capotamento;Com Vítimas Feridas;Amanhecer;Decrescente;Céu Claro;Dupla;"Curva;Declive";Não  ;"1071709   ";Automóvel;VW/NOVO GOL CL MBV;"2017      ";Condutor;Lesões Graves;"28   ";Masculino;"0 ";"0    ";"1    ";"0    ";-16.1148000;-48.5476000;SPRF-DF;DEL03-DF;UOP01-DEL03-DF 
599943;"1337847   ";2024-05-12;domingo;06:36:00;GO;"60   ";"38   ";ALEXANIA;Não;Ingestão de álcool pelo condutor;2;Capotamento;Com Vítimas Feridas;Amanhecer;Decrescente;Céu Claro;Dupla;"Curva;Declive";Não  ;"1071709   ";Automóvel;VW/NOVO GOL CL MBV;"2017      ";Passageiro;Lesões Leves;"27   ";Masculino;"0 ";"1    ";"0    ";"0    ";-16.1148000;-48.5476000;SPRF-DF;DEL03-DF;UOP01-DEL03-DF 
599943;"1337846   ";2024-05-12;domingo;06:36:00;GO;"60   ";"38   ";ALEXANIA;Sim;Demais falhas mecânicas ou elétricas;2;Capotamento;Com Vítimas Feridas;Amanhecer;Decrescente;Céu Claro;Dupla;"Curva;Declive";Não  ;"1071709   ";Automóvel;VW/NOVO GOL CL MBV;"2017      ";Condutor;Lesões Graves;"28   ";Masculino;"0 ";"0    ";"1    ";"0    ";-16.1148000;-48.5476000;SPRF-DF;DEL03-DF;UOP01-DEL03-DF 
599943;"1337847   ";2024-05-12;domingo;06:36:00;GO;"60   ";"38   ";ALEXANIA;Sim;Demais falhas mecânicas ou elétricas;2;Capotamento;Com Vítimas Feridas;Amanhecer;Decrescente;Céu Claro;Dupla;"Curva;Declive";Não  ;"1071709   ";Automóvel;VW/NOVO GOL CL MBV;"2017      ";Passageiro;Lesões Leves;"27   ";Masculino;"0 ";"1    ";"0    ";"0    ";-16.1148000;-48.5476000;SPRF-DF;DEL03-DF;UOP01-DEL03-DF 
599943;"1337846   ";2024-05-12;domingo;06:36:00;GO;"60   ";"38   ";ALEXANIA;Não;Velocidade Incompatível;2;Capotamento;Com Vítimas Feridas;Amanhecer;Decrescente;Céu Claro;Dupla;"Curva;Declive";Não  ;"1071709   ";Automóvel;VW/NOVO GOL CL MBV;"2017      ";Condutor;Lesões Graves;"28   ";Masculino;"0 ";"0    ";"1    ";"0    ";-16.1148000;-48.5476000;SPRF-DF;DEL03-DF;UOP01-DEL03-DF 
599943;"1337847   ";2024-05-12;domingo;06:36:00;GO;"60   ";"38   ";ALEXANIA;Não;Velocidade Incompatível;2;Capotamento;Com Vítimas Feridas;Amanhecer;Decrescente;Céu Claro;Dupla;"Curva;Declive";Não  ;"1071709   ";Automóvel;VW/NOVO GOL CL MBV;"2017      ";Passageiro;Lesões Leves;"27   ";Masculino;"0 ";"1    ";"0    ";"0    ";-16.1148000;-48.5476000;SPRF-DF;DEL03-DF;UOP01-DEL03-DF 