id;pesid;data_inversa;dia_semana;horario;uf;br;km;municipio;causa_principal;causa_acidente;ordem_tipo_acidente;tipo_acidente;classificacao_acidente;fase_dia;sentido_via;condicao_metereologica;tipo_pista;tracado_via;uso_solo;id_veiculo;tipo_veiculo;marca;ano_fabricacao_veiculo;tipo_envolvido;estado_fisico;idade;sexo;ilesos;feridos_leves;feridos_graves;mortos;latitude;longitude;regional;delegacia;uop
599943;"1337846   ";2024-05-12;domingo;06:36:00;GO;"60   ";"38   ";ALEXANIA;Não;Avarias e/ou desgaste excessivo no pneu;2;Capotamento;Com Vítimas Feridas;Amanhecer;Decrescente;Céu Claro;Dupla;"Curva;Declive";Não  ;"1071709   ";Automóvel;VW/NOVO GOL CL MBV;"2017      ";Condutor;Lesões Graves;"28   ";Masculino;"0 ";"0    ";"1    ";"0    ";-16.1148000;-48.5476000;SPRF-DF;DEL03-DF;UOP01-DEL03-DF 
599943;"1337847   ";2024-05-12;domingo;06:36:00;GO;"60   ";"38   ";ALEXANIA;Não;Avarias e/ou desgaste excessivo no pneu;2;Capotamento;Com Vítimas Feridas;Amanhecer;Decrescente;Céu Claro;Dupla;"Curva;Declive";Não  ;"1071709   ";Automóvel;VW/NOVO GOL CL MBV;"2017      ";Passageiro;Lesões Leves;"27   ";Masculino;"0 ";"1    ";"0    ";"0    ";-16.1148000;-48.5476000;SPRF-DF;DEL03-DF;UOP01-DEL03-DF 
599943;"1337846   ";2024-05-12;domingo;06:36:00;GO;"60   ";"38   ";ALEXANIA;Não;Problema com o freio;2;Capotamento;Com Vítimas Feridas;Amanhecer;Decrescente;Céu Claro;Dupla;"Curva;Declive";Não  ;"1071709   ";Automóvel;VW/NOVO GOL CL MBV;"2017      ";Condutor;Lesões Graves;"28   ";Masculino;"0 ";"0    ";"1    ";"0    ";-16.1148000;-48.5476000;SPRF-DF;DEL03-DF;UOP01-DEL03-DF 
599943;"1337847   ";2024-05-12;domingo;06:36:00;GO;"60   ";"38   ";ALEXANIA;Não;Problema com o freio;2;Capotamento;Com Vítimas Feridas;Amanhecer;Decrescente;Céu Claro;Dupla;"Curva;Declive";Não  ;"1071709   ";Automóvel;VW/NOVO GOL CL MBV;"2017      ";Passageiro;Lesões Leves;"27   ";Masculino;"0 ";"1    ";"0    ";"0    ";-16.1148000;-48.5476000;SPRF-DF;DEL03-DF;UOP01-DEL03-DF 
599943;"1337846   ";2024-05-12;domingo;06:36:00;GO;"60   ";"38   ";ALEXANIA;Não;Condutor Dormindo;2;Capotamento;Com Vítimas Feridas;Amanhecer;Decrescente;Céu Claro;Dupla;"Curva;Declive";Não  ;"1071709   ";Automóvel;VW/NOVO GOL CL MBV;"2017      ";Condutor;Lesões Graves;"28   ";Masculino;"0 ";"0    ";"1    ";"0    ";-16.1148000;-48.5476000;SPRF-DF;DEL03-DF;UOP01-DEL03-DF 
599943;"1337847   ";2024-05-12;domingo;06:36:00;GO;"60   ";"38   ";ALEXANIA;Não;Condutor Dormindo;2;Capotamento;Com Vítimas Feridas;Amanhecer;Decrescente;Céu Claro;Dupla;"Curva;Declive";Não  ;"1071709   ";Automóvel;VW/NOVO GOL CL MBV;"2017      ";Passageiro;Lesões Leves;"27   ";Masculino;"0 ";"1    ";"0    ";"0    ";-16.1148000;-48.5476000;SPRF-DF;DEL03-DF;UOP01-DEL03-DF 
599943;"1337846   ";2024-05-12;domingo;06:36:00;GO;"60   ";"38   ";ALEXANIA;Não;Transitar na contramão;1;Saída de leito carroçável;Com Vítimas Feridas;Amanhecer;Decrescente;Céu Claro;Dupla;"Curva;Declive";Não  ;"1071709   ";Automóvel;VW/NOVO GOL CL MBV;"2017      ";Condutor;Lesões Graves;"28   ";Masculino;"0 ";"0    ";"1    ";"0    ";-16.1148000;-48.5476000;SPRF-DF;DEL03-DF;UOP01-DEL03-DF 
599943;"1337847   ";2024-05-12;domingo;06:36:00;GO;"60   ";"38   ";ALEXANIA;Não;Transitar na contramão;1;Saída de leito carroçável;Com Vítimas Feridas;Amanhecer;Decrescente;Céu Claro;Dupla;"Curva;Declive";Não  ;"1071709   ";Automóvel;VW/NOVO GOL CL MBV;"2017      ";Passageiro;Lesões Leves;"27   ";Masculino;"0 ";"1    ";"0    ";"0    ";-16.1148000;-48.5476000;SPRF-DF;DEL03-DF;UOP01-DEL03-DF 
599943;"1337846   ";2024-05-12;domingo;06:36:00;GO;"60   ";"38   ";ALEXANIA;Não;Ingestão de álcool pelo condutor;1;Saída de leito carroçável;Com Vítimas Feridas;Amanhecer;Decrescente;Céu Claro;Dupla;"Curva;Declive";Não  ;"1071709   ";Automóvel;VW/NOVO GOL CL MBV;"2017      ";Condutor;Lesões Graves;"28   ";Masculino;"0 ";"0    ";"1    ";"0    ";-16.1148000;-48.5476000;SPRF-DF;DEL03-DF;UOP01-DEL03-DF 
599943;"1337847   ";2024-05-12;domingo;06:36:00;GO;"60   ";"38   ";ALEXANIA;Não;Ingestão de álcool pelo condutor;1;Saída de leito carroçável;Com Vítimas Feridas;Amanhecer;Decrescente;Céu Claro;Dupla;"Curva;Declive";Não  ;"1071709   ";Automóvel;VW/NOVO GOL CL MBV;"2017      ";Passageiro;Lesões Leves;"27   ";Masculino;"0 ";"1    ";"0    ";"0    ";-16.1148000;-48.5476000;SPRF-DF;DEL03-DF;UOP01-DEL03-DF 
599943;"1337846   ";2024-05-12;domingo;06:36:00;GO;"60   ";"38   ";ALEXANIA;Sim;Demais falhas mecânicas ou elétricas;1;Saída de leito carroçável;Com Vítimas Feridas;Amanhecer;Decrescente;Céu Claro;Dupla;"Curva;Declive";Não  ;"1071709   ";Automóvel;VW/NOVO GOL CL MBV;"2017      ";Condutor;Lesões Graves;"28   ";Masculino;"0 ";"0    ";"1    ";"0    ";-16.1148000;-48.5476000;SPRF-DF;DEL03-DF;UOP01-DEL03-DF 
599943;"1337847   ";2024-05-12;domingo;06:36:00;GO;"60   ";"38   ";ALEXANIA;Sim;Demais falhas mecânicas ou elétricas;1;Saída de leito carroçável;Com Vítimas Feridas;Amanhecer;Decrescente;Céu Claro;Dupla;"Curva;Declive";Não  ;"1071709   ";Automóvel;VW/NOVO GOL CL MBV;"2017      ";Passageiro;Lesões Leves;"27   ";Masculino;"0 ";"1    ";"0    ";"0    ";-16.1148000;-48.5476000;SPRF-DF;DEL03-DF;UOP01-DEL03-DF 
599943;"1337846   ";2024-05-12;domingo;06:36:00;GO;"60   ";"38   ";ALEXANIA;Não;Velocidade Incompatível;1;Saída de leito carroçável;Com Vítimas Feridas;Amanhecer;Decrescente;Céu Claro;Dupla;"Curva;Declive";Não  ;"1071709   ";Automóvel;VW/NOVO GOL CL MBV;"2017      ";Condutor;Lesões Graves;"28   ";Masculino;"0 ";"0    ";"1    ";"0    ";-16.1148000;-48.5476000;SPRF-DF;DEL03-DF;UOP01-DEL03-DF 
599943;"1337847   ";2024-05-12;domingo;06:36:00;GO;"60   ";"38   ";ALEXANIA;Não;Velocidade Incompatível;1;Saída de leito carroçável;Com Vítimas Feridas;Amanhecer;Decrescente;Céu Claro;Dupla;"Curva;Declive";Não  ;"1071709   ";Automóvel;VW/NOVO GOL CL MBV;"2017      ";Passageiro;Lesões Leves;"27   ";Masculino;"0 ";"1    ";"0    ";"0    ";-16.1148000;-48.5476000;SPRF-DF;DEL03-DF;UOP01-DEL03-DF 
599943;"1337846   ";2024-05-12;domingo;06:36:00;GO;"60   ";"38   ";ALEXANIA;Não;Avarias e/ou desgaste excessivo no pneu;1;Saída de leito carroçável;Com Vítimas Feridas;Amanhecer;Decrescente;Céu Claro;Dupla;"Curva;Declive";Não  ;"1071709   ";Automóvel;VW/NOVO GOL CL MBV;"2017      ";Condutor;Lesões Graves;"28   ";Masculino;"0 ";"0    ";"1    ";"0    ";-16.1148000;-48.5476000;SPRF-DF;DEL03-DF;UOP01-DEL03-DF 
599943;"1337847   ";2024-05-12;domingo;06:36:00;GO;"60   ";"38   ";ALEXANIA;Não;Avarias e/ou desgaste excessivo no pneu;1;Saída de leito carroçável;Com Vítimas Feridas;Amanhecer;Decrescente;Céu Claro;Dupla;"Curva;Declive";Não  ;"1071709   ";Automóvel;VW/NOVO GOL CL MBV;"2017      ";Passageiro;Lesões Leves;"27   ";Masculino;"0 ";"1    ";"0    ";"0    ";-16.1148000;-48.5476000;SPRF-DF;DEL03-DF;UOP01-DEL03-DF 
599943;"1337846   ";2024-05-12;domingo;06:36:00;GO;"60   ";"38   ";ALEXANIA;Não;Problema com o freio;1;Saída de leito carroçável;Com Vítimas Feridas;Amanhecer;Decrescente;Céu Claro;Dupla;"Curva;Declive";Não  ;"1071709   ";Automóvel;VW/NOVO GOL CL MBV;"2017      ";Condutor;Lesões Graves;"28   ";Masculino;"0 ";"0    ";"1    ";"0    ";-16.1148000;-48.5476000;SPRF-DF;DEL03-DF;UOP01-DEL03-DF 
599943;"1337847   ";2024-05-12;domingo;06:36:00;GO;"60   ";"38   ";ALEXANIA;Não;Problema com o freio;1;Saída de leito carroçável;Com Vítimas Feridas;Amanhecer;Decrescente;Céu Claro;Dupla;"Curva;Declive";Não  ;"1071709   ";Automóvel;VW/NOVO GOL CL MBV;"2017      ";Passageiro;Lesões Leves;"27   ";Masculino;"0 ";"1    ";"0    ";"0    ";-16.1148000;-48.5476000;SPRF-DF;DEL03-DF;UOP01-DEL03-DF 
599943;"1337846   ";2024-05-12;domingo;06:36:00;GO;"60   ";"38   ";ALEXANIA;Não;Condutor Dormindo;1;Saída de leito carroçável;Com Vítimas Feridas;Amanhecer;Decrescente;Céu Claro;Dupla;"Curva;Declive";Não  ;"1071709   ";Automóvel;VW/NOVO GOL CL MBV;"2017      ";Condutor;Lesões Graves;"28   ";Masculino;"0 ";"0    ";"1    ";"0    ";-16.1148000;-48.5476000;SPRF-DF;DEL03-DF;UOP01-DEL03-DF 
599943;"1337847   ";2024-05-12;domingo;06:36:00;GO;"60   ";"38   ";ALEXANIA;Não;Condutor Dormindo;1;Saída de leito carroçável;Com Vítimas Feridas;Amanhecer;Decrescente;Céu Claro;Dupla;"Curva;Declive";Não  ;"1071709   ";Automóvel;VW/NOVO GOL CL MBV;"2017      ";Passageiro;Lesões Leves;"27   ";Masculino;"0 ";"1    ";"0    ";"0    ";-16.1148000;-48.5476000;SPRF-DF;DEL03-DF;UOP01-DEL03-DF 
599987;"1337949   ";2024-05-12;domingo;11:06:00;GO;"70   ";"8    ";AGUAS LINDAS DE GOIAS;Sim;Condutor deixou de manter distância do veículo da frente;1;Colisão traseira;Sem Vítimas;Pleno dia;Decrescente;Céu Claro;Dupla;"Reta;Declive";Sim  ;"1071794   ";Automóvel;I/FIAT PALIO ELX FLEX;"0         ";Condutor;Não Informado;"0    ";Não Informado;"0 ";"0    ";"0    ";"0    ";-15.7373368;-48.2740747;SPRF-DF;DEL03-DF;UOP02-DEL03-DF 
599987;"1337948   ";2024-05-12;domingo;11:06:00;GO;"70   ";"8    ";AGUAS LINDAS DE GOIAS;Sim;Condutor deixou de manter distância do veículo da frente;1;Colisão traseira;Sem Vítimas;Pleno dia;Decrescente;Céu Claro;Dupla;"Reta;Declive";Sim  ;"1071793   ";Automóvel;FIAT/MOBI LIKE;"2022      ";Condutor;Ileso;"61   ";Masculino;"1 ";"0    ";"0    ";"0    ";-15.7373368;-48.2740747;SPRF-DF;DEL03-DF;UOP02-DEL03-DF 
599995;"1340221   ";2024-05-12;domingo;12:45:00;DF;"40   ";"3    ";BRASILIA;Sim;Condutor deixou de manter distância do veículo da frente;1;Colisão traseira;Com Vítimas Feridas;Pleno dia;Crescente;Céu Claro;Dupla;Curva;Sim  ;"1072082   ";Automóvel;Não Informado/Não Informado;"0         ";Condutor;Não Informado;"0    ";Não Informado;"0 ";"0    ";"0    ";"0    ";-16.0031450;-47.9839440;SPRF-DF;DEL01-DF;UOP01-DEL01-DF 
599995;"1338327   ";2024-05-12;domingo;12:45:00;DF;"40   ";"3    ";BRASILIA;Sim;Condutor deixou de manter distância do veículo da frente;1;Colisão traseira;Com Vítimas Feridas;Pleno dia;Crescente;Céu Claro;Dupla;Curva;Sim  ;"1072081   ";Automóvel;RENAULT/KWID ZEN 10MT;"2017      ";Condutor;Ileso;"40   ";Masculino;"1 ";"0    ";"0    ";"0    ";-16.0031450;-47.9839440;SPRF-DF;DEL01-DF;UOP01-DEL01-DF 
599995;"1338328   ";2024-05-12;domingo;12:45:00;DF;"40   ";"3    ";BRASILIA;Sim;Condutor deixou de manter distância do veículo da frente;1;Colisão traseira;Com Vítimas Feridas;Pleno dia;Crescente;Céu Claro;Dupla;Curva;Sim  ;"1072081   ";Automóvel;RENAULT/KWID ZEN 10MT;"2017      ";Passageiro;Lesões Leves;"39   ";Feminino;"0 ";"1    ";"0    ";"0    ";-16.0031450;-47.9839440;SPRF-DF;DEL01-DF;UOP01-DEL01-DF 
600056;"1338343   ";2024-05-12;domingo;17:40:00;DF;"251  ";"57,2 ";BRASILIA;Não;Reação tardia ou ineficiente do condutor;1;Colisão traseira;Com Vítimas Feridas;Pleno dia;Decrescente;Céu Claro;Simples;"Reta;Aclive";Não  ;"1072091   ";Automóvel;I/FIAT SIENA EL FLEX;"2010      ";Condutor;Ileso;"42   ";Masculino;"1 ";"0    ";"0    ";"0    ";-15.9420181;-47.8322411;SPRF-DF;DEL01-DF;UOP01-DEL01-DF 
600056;"1338344   ";2024-05-12;domingo;17:40:00;DF;"251  ";"57,2 ";BRASILIA;Não;Reação tardia ou ineficiente do condutor;1;Colisão traseira;Com Vítimas Feridas;Pleno dia;Decrescente;Céu Claro;Simples;"Reta;Aclive";Não  ;"1072091   ";Automóvel;I/FIAT SIENA EL FLEX;"2010      ";Passageiro;Lesões Leves;"34   ";Feminino;"0 ";"1    ";"0    ";"0    ";-15.9420181;-47.8322411;SPRF-DF;DEL01-DF;UOP01-DEL01-DF 
600056;"1338348   ";2024-05-12;domingo;17:40:00;DF;"251  ";"57,2 ";BRASILIA;Não;Reação tardia ou ineficiente do condutor;1;Colisão traseira;Com Vítimas Feridas;Pleno dia;Decrescente;Céu Claro;Simples;"Reta;Aclive";Não  ;"1072093   ";Automóvel;CHEVROLET/ONIX 1.0MT LT;"2014      ";Condutor;Ileso;"28   ";Feminino;"1 ";"0    ";"0    ";"0    ";-15.9420181;-47.8322411;SPRF-DF;DEL01-DF;UOP01-DEL01-DF 
600056;"0         ";2024-05-12;domingo;17:40:00;DF;"251  ";"57,2 ";BRASILIA;Não;Reação tardia ou ineficiente do condutor;1;Colisão traseira;Com Vítimas Feridas;Pleno dia;Decrescente;Céu Claro;Simples;"Reta;Aclive";Não  ;"1072098   ";Reboque;R/FEDERAL CA;"2008      ";"0";"0";"0    ";"0";"0 ";"0    ";"0    ";"0    ";-15.9420181;-47.8322411;SPRF-DF;DEL01-DF;UOP01-DEL01-DF 
600056;"1338345   ";2024-05-12;domingo;17:40:00;DF;"251  ";"57,2 ";BRASILIA;Não;Reação tardia ou ineficiente do condutor;1;Colisão traseira;Com Vítimas Feridas;Pleno dia;Decrescente;Céu Claro;Simples;"Reta;Aclive";Não  ;"1072092   ";Automóvel;I/FIAT SIENA EL FLEX;"2012      ";Condutor;Ileso;"56   ";Masculino;"1 ";"0    ";"0    ";"0    ";-15.9420181;-47.8322411;SPRF-DF;DEL01-DF;UOP01-DEL01-DF 
600056;"1338346   ";2024-05-12;domingo;17:40:00;DF;"251  ";"57,2 ";BRASILIA;Não;Reação tardia ou ineficiente do condutor;1;Colisão traseira;Com Vítimas Feridas;Pleno dia;Decrescente;Céu Claro;Simples;"Reta;Aclive";Não  ;"1072092   ";Automóvel;I/FIAT SIENA EL FLEX;"2012      ";Passageiro;Lesões Leves;"54   ";Feminino;"0 ";"1    ";"0    ";"0    ";-15.9420181;-47.8322411;SPRF-DF;DEL01-DF;UOP01-DEL01-DF 
600056;"1338347   ";2024-05-12;domingo;17:40:00;DF;"251  ";"57,2 ";BRASILIA;Não;Reação tardia ou ineficiente do condutor;1;Colisão traseira;Com Vítimas Feridas;Pleno dia;Decrescente;Céu Claro;Simples;"Reta;Aclive";Não  ;"1072092   ";Automóvel;I/FIAT SIENA EL FLEX;"2012      ";Passageiro;Lesões Leves;"30   ";Feminino;"0 ";"1    ";"0    ";"0    ";-15.9420181;-47.8322411;SPRF-DF;DEL01-DF;UOP01-DEL01-DF 
600056;"1338343   ";2024-05-12;domingo;17:40:00;DF;"251  ";"57,2 ";BRASILIA;Sim;Condutor deixou de manter distância do veículo da frente;1;Colisão traseira;Com Vítimas Feridas;Pleno dia;Decrescente;Céu Claro;Simples;"Reta;Aclive";Não  ;"1072091   ";Automóvel;I/FIAT SIENA EL FLEX;"2010      ";Condutor;Ileso;"42   ";Masculino;"1 ";"0    ";"0    ";"0    ";-15.9420181;-47.8322411;SPRF-DF;DEL01-DF;UOP01-DEL01-DF 
600056;"1338344   ";2024-05-12;domingo;17:40:00;DF;"251  ";"57,2 ";BRASILIA;Sim;Condutor deixou de manter distância do veículo da frente;1;Colisão traseira;Com Vítimas Feridas;Pleno dia;Decrescente;Céu Claro;Simples;"Reta;Aclive";Não  ;"1072091   ";Automóvel;I/FIAT SIENA EL FLEX;"2010      ";Passageiro;Lesões Leves;"34   ";Feminino;"0 ";"1    ";"0    ";"0    ";-15.9420181;-47.8322411;SPRF-DF;DEL01-DF;UOP01-DEL01-DF 
600056;"1338348   ";2024-05-12;domingo;17:40:00;DF;"251  ";"57,2 ";BRASILIA;Sim;Condutor deixou de manter distância do veículo da frente;1;Colisão traseira;Com Vítimas Feridas;Pleno dia;Decrescente;Céu Claro;Simples;"Reta;Aclive";Não  ;"1072093   ";Automóvel;CHEVROLET/ONIX 1.0MT LT;"2014      ";Condutor;Ileso;"28   ";Feminino;"1 ";"0    ";"0    ";"0    ";-15.9420181;-47.8322411;SPRF-DF;DEL01-DF;UOP01-DEL01-DF 
600056;"0         ";2024-05-12;domingo;17:40:00;DF;"251  ";"57,2 ";BRASILIA;Sim;Condutor deixou de manter distância do veículo da frente;1;Colisão traseira;Com Vítimas Feridas;Pleno dia;Decrescente;Céu Claro;Simples;"Reta;Aclive";Não  ;"1072098   ";Reboque;R/FEDERAL CA;"2008      ";"0";"0";"0    ";"0";"0 ";"0    ";"0    ";"0    ";-15.9420181;-47.8322411;SPRF-DF;DEL01-DF;UOP01-DEL01-DF 
600056;"1338345   ";2024-05-12;domingo;17:40:00;DF;"251  ";"57,2 ";BRASILIA;Sim;Condutor deixou de manter distância do veículo da frente;1;Colisão traseira;Com Vítimas Feridas;Pleno dia;Decrescente;Céu Claro;Simples;"Reta;Aclive";Não  ;"1072092   ";Automóvel;I/FIAT SIENA EL FLEX;"2012      ";Condutor;Ileso;"56   ";Masculino;"1 ";"0    ";"0    ";"0    ";-15.9420181;-47.8322411;SPRF-DF;DEL01-DF;UOP01-DEL01-DF 
600056;"1338346   ";2024-05-12;domingo;17:40:00;DF;"251  ";"57,2 ";BRASILIA;Sim;Condutor deixou de manter distância do veículo da frente;1;Colisão traseira;Com Vítimas Feridas;Pleno dia;Decrescente;Céu Claro;Simples;"Reta;Aclive";Não  ;"1072092   ";Automóvel;I/FIAT SIENA EL FLEX;"2012      ";Passageiro;Lesões Leves;"54   ";Feminino;"0 ";"1    ";"0    ";"0    ";-15.9420181;-47.8322411;SPRF-DF;DEL01-DF;UOP01-DEL01-DF 
600056;"1338347   ";2024-05-12;domingo;17:40:00;DF;"251  ";"57,2 ";BRASILIA;Sim;Condutor deixou de manter distância do veículo da frente;1;Colisão traseira;Com Vítimas Feridas;Pleno dia;Decrescente;Céu Claro;Simples;"Reta;Aclive";Não  ;"1072092   ";Automóvel;I/FIAT SIENA EL FLEX;"2012      ";Passageiro;Lesões Leves;"30   ";Feminino;"0 ";"1    ";"0    ";"0    ";-15.9420181;-47.8322411;SPRF-DF;DEL01-DF;UOP01-DEL01-DF 
600086;"1338193   ";2024-05-12;domingo;19:16:00;GO;"20   ";"178  ";ALVORADA DO NORTE;Sim;Transitar na contramão;1;Colisão lateral sentido oposto;Com Vítimas Feridas;Plena Noite;Decrescente;Céu Claro;Dupla;Reta;Sim  ;"1071976   ";Bicicleta;Não Informado/Não Informado;"0         ";Condutor;Lesões Leves;"38   ";Masculino;"0 ";"1    ";"0    ";"0    ";-14.4916010;-46.5041120;SPRF-DF;DEL02-DF;UOP03-DEL02-DF 
600086;"1338191   ";2024-05-12;domingo;19:16:00;GO;"20   ";"178  ";ALVORADA DO NORTE;Sim;Transitar na contramão;1;Colisão lateral sentido oposto;Com Vítimas Feridas;Plena Noite;Decrescente;Céu Claro;Dupla;Reta;Sim  ;"1071974   ";Caminhonete;FIAT/TORO ENDUR 1.8 AT6;"2021      ";Condutor;Ileso;"37   ";Masculino;"1 ";"0    ";"0    ";"0    ";-14.4916010;-46.5041120;SPRF-DF;DEL02-DF;UOP03-DEL02-DF 
600094;"1338156   ";2024-05-12;domingo;17:40:00;GO;"414  ";"376  ";COCALZINHO DE GOIAS;Sim;Acesso irregular;1;Colisão transversal;Com Vítimas Feridas;Anoitecer;Crescente;Céu Claro;Dupla;"Reta;Declive";Sim  ;"1071947   ";Automóvel;GM/CORSA WIND;"1996      ";Condutor;Ileso;"41   ";Masculino;"1 ";"0    ";"0    ";"0    ";-15.8168199;-48.7801857;SPRF-GO;DEL02-GO;UOP01-DEL02-GO 
600094;"1338166   ";2024-05-12;domingo;17:40:00;GO;"414  ";"376  ";COCALZINHO DE GOIAS;Sim;Acesso irregular;1;Colisão transversal;Com Vítimas Feridas;Anoitecer;Crescente;Céu Claro;Dupla;"Reta;Declive";Sim  ;"1071947   ";Automóvel;GM/CORSA WIND;"1996      ";Passageiro;Lesões Leves;"12   ";Feminino;"0 ";"1    ";"0    ";"0    ";-15.8168199;-48.7801857;SPRF-GO;DEL02-GO;UOP01-DEL02-GO 
600094;"1338165   ";2024-05-12;domingo;17:40:00;GO;"414  ";"376  ";COCALZINHO DE GOIAS;Sim;Acesso irregular;1;Colisão transversal;Com Vítimas Feridas;Anoitecer;Crescente;Céu Claro;Dupla;"Reta;Declive";Sim  ;"1071947   ";Automóvel;GM/CORSA WIND;"1996      ";Passageiro;Lesões Leves;"48   ";Feminino;"0 ";"1    ";"0    ";"0    ";-15.8168199;-48.7801857;SPRF-GO;DEL02-GO;UOP01-DEL02-GO 
600094;"1338245   ";2024-05-12;domingo;17:40:00;GO;"414  ";"376  ";COCALZINHO DE GOIAS;Sim;Acesso irregular;1;Colisão transversal;Com Vítimas Feridas;Anoitecer;Crescente;Céu Claro;Dupla;"Reta;Declive";Sim  ;"1071948   ";Camioneta;GM/BLAZER;"2002      ";Condutor;Não Informado;"0    ";Não Informado;"0 ";"0    ";"0    ";"0    ";-15.8168199;-48.7801857;SPRF-GO;DEL02-GO;UOP01-DEL02-GO 
600095;"1341375   ";2024-05-12;domingo;18:40:00;GO;"60   ";"45,3 ";ALEXANIA;Não;Reação tardia ou ineficiente do condutor;5;Saída de leito carroçável;Com Vítimas Fatais;Plena Noite;Crescente;Ignorado;Dupla;"Reta;Aclive";Não  ;"1072088   ";Automóvel;VW/POLO HL AD;"2019      ";Passageiro;Ileso;"7    ";Feminino;"1 ";"0    ";"0    ";"0    ";-16.1324000;-48.5977000;SPRF-GO;DEL02-GO;UOP01-DEL02-GO 
600095;"1338338   ";2024-05-12;domingo;18:40:00;GO;"60   ";"45,3 ";ALEXANIA;Não;Reação tardia ou ineficiente do condutor;5;Saída de leito carroçável;Com Vítimas Fatais;Plena Noite;Crescente;Ignorado;Dupla;"Reta;Aclive";Não  ;"1072088   ";Automóvel;VW/POLO HL AD;"2019      ";Condutor;Ileso;"32   ";Masculino;"1 ";"0    ";"0    ";"0    ";-16.1324000;-48.5977000;SPRF-GO;DEL02-GO;UOP01-DEL02-GO 
600095;"1341372   ";2024-05-12;domingo;18:40:00;GO;"60   ";"45,3 ";ALEXANIA;Não;Reação tardia ou ineficiente do condutor;5;Saída de leito carroçável;Com Vítimas Fatais;Plena Noite;Crescente;Ignorado;Dupla;"Reta;Aclive";Não  ;"1072088   ";Automóvel;VW/POLO HL AD;"2019      ";Passageiro;Ileso;"29   ";Feminino;"1 ";"0    ";"0    ";"0    ";-16.1324000;-48.5977000;SPRF-GO;DEL02-GO;UOP01-DEL02-GO 
600095;"1338337   ";2024-05-12;domingo;18:40:00;GO;"60   ";"45,3 ";ALEXANIA;Não;Reação tardia ou ineficiente do condutor;5;Saída de leito carroçável;Com Vítimas Fatais;Plena Noite;Crescente;Ignorado;Dupla;"Reta;Aclive";Não  ;"1072087   ";Motocicleta;HONDA/CG 150 SPORT;"2005      ";Condutor;Óbito;"43   ";Masculino;"0 ";"0    ";"0    ";"1    ";-16.1324000;-48.5977000;SPRF-GO;DEL02-GO;UOP01-DEL02-GO 
600095;"1341231   ";2024-05-12;domingo;18:40:00;GO;"60   ";"45,3 ";ALEXANIA;Não;Reação tardia ou ineficiente do condutor;5;Saída de leito carroçável;Com Vítimas Fatais;Plena Noite;Crescente;Ignorado;Dupla;"Reta;Aclive";Não  ;"1072087   ";Motocicleta;HONDA/CG 150 SPORT;"2005      ";Passageiro;Não Informado;"0    ";Não Informado;"0 ";"0    ";"0    ";"0    ";-16.1324000;-48.5977000;SPRF-GO;DEL02-GO;UOP01-DEL02-GO 
600095;"1342328   ";2024-05-12;domingo;18:40:00;GO;"60   ";"45,3 ";ALEXANIA;Não;Reação tardia ou ineficiente do condutor;5;Saída de leito carroçável;Com Vítimas Fatais;Plena Noite;Crescente;Ignorado;Dupla;"Reta;Aclive";Não  ;"1074349   ";Automóvel;Não Informado/Não Informado;"0         ";Condutor;Não Informado;"0    ";Não Informado;"0 ";"0    ";"0    ";"0    ";-16.1324000;-48.5977000;SPRF-GO;DEL02-GO;UOP01-DEL02-GO 
600095;"1341375   ";2024-05-12;domingo;18:40:00;GO;"60   ";"45,3 ";ALEXANIA;Não;Pedestre - Ingestão de álcool/ substâncias psicoativas;5;Saída de leito carroçável;Com Vítimas Fatais;Plena Noite;Crescente;Ignorado;Dupla;"Reta;Aclive";Não  ;"1072088   ";Automóvel;VW/POLO HL AD;"2019      ";Passageiro;Ileso;"7    ";Feminino;"1 ";"0    ";"0    ";"0    ";-16.1324000;-48.5977000;SPRF-GO;DEL02-GO;UOP01-DEL02-GO 
600095;"1338338   ";2024-05-12;domingo;18:40:00;GO;"60   ";"45,3 ";ALEXANIA;Não;Pedestre - Ingestão de álcool/ substâncias psicoativas;5;Saída de leito carroçável;Com Vítimas Fatais;Plena Noite;Crescente;Ignorado;Dupla;"Reta;Aclive";Não  ;"1072088   ";Automóvel;VW/POLO HL AD;"2019      ";Condutor;Ileso;"32   ";Masculino;"1 ";"0    ";"0    ";"0    ";-16.1324000;-48.5977000;SPRF-GO;DEL02-GO;UOP01-DEL02-GO 
600095;"1341372   ";2024-05-12;domingo;18:40:00;GO;"60   ";"45,3 ";ALEXANIA;Não;Pedestre - Ingestão de álcool/ substâncias psicoativas;5;Saída de leito carroçável;Com Vítimas Fatais;Plena Noite;Crescente;Ignorado;Dupla;"Reta;Aclive";Não  ;"1072088   ";Automóvel;VW/POLO HL AD;"2019      ";Passageiro;Ileso;"29   ";Feminino;"1 ";"0    ";"0    ";"0    ";-16.1324000;-48.5977000;SPRF-GO;DEL02-GO;UOP01-DEL02-GO 
600095;"1338337   ";2024-05-12;domingo;18:40:00;GO;"60   ";"45,3 ";ALEXANIA;Não;Pedestre - Ingestão de álcool/ substâncias psicoativas;5;Saída de leito carroçável;Com Vítimas Fatais;Plena Noite;Crescente;Ignorado;Dupla;"Reta;Aclive";Não  ;"1072087   ";Motocicleta;HONDA/CG 150 SPORT;"2005      ";Condutor;Óbito;"43   ";Masculino;"0 ";"0    ";"0    ";"1    ";-16.1324000;-48.5977000;SPRF-GO;DEL02-GO;UOP01-DEL02-GO 