id;pesid;data_inversa;dia_semana;horario;uf;br;km;municipio;causa_principal;causa_acidente;ordem_tipo_acidente;tipo_acidente;classificacao_acidente;fase_dia;sentido_via;condicao_metereologica;tipo_pista;tracado_via;uso_solo;id_veiculo;tipo_veiculo;marca;ano_fabricacao_veiculo;tipo_envolvido;estado_fisico;idade;sexo;ilesos;feridos_leves;feridos_graves;mortos;latitude;longitude;regional;delegacia;uop
600095;"1342328   ";2024-05-12;domingo;18:40:00;GO;"60   ";"45,3 ";ALEXANIA;Não;Ausência de sinalização;3;Atropelamento de Pedestre;Com Vítimas Fatais;Plena Noite;Crescente;Ignorado;Dupla;"Reta;Aclive";Não  ;"1074349   ";Automóvel;Não Informado/Não Informado;"0         ";Condutor;Não Informado;"0    ";Não Informado;"0 ";"0    ";"0    ";"0    ";-16.1324000;-48.5977000;SPRF-GO;DEL02-GO;UOP01-DEL02-GO 
600095;"1341375   ";2024-05-12;domingo;18:40:00;GO;"60   ";"45,3 ";ALEXANIA;Sim;Ingestão de álcool pelo condutor;3;Atropelamento de Pedestre;Com Vítimas Fatais;Plena Noite;Crescente;Ignorado;Dupla;"Reta;Aclive";Não  ;"1072088   ";Automóvel;VW/POLO HL AD;"2019      ";Passageiro;Ileso;"7    ";Feminino;"1 ";"0    ";"0    ";"0    ";-16.1324000;-48.5977000;SPRF-GO;DEL02-GO;UOP01-DEL02-GO 
600095;"1338338   ";2024-05-12;domingo;18:40:00;GO;"60   ";"45,3 ";ALEXANIA;Sim;Ingestão de álcool pelo condutor;3;Atropelamento de Pedestre;Com Vítimas Fatais;Plena Noite;Crescente;Ignorado;Dupla;"Reta;Aclive";Não  ;"1072088   ";Automóvel;VW/POLO HL AD;"2019      ";Condutor;Ileso;"32   ";Masculino;"1 ";"0    ";"0    ";"0    ";-16.1324000;-48.5977000;SPRF-GO;DEL02-GO;UOP01-DEL02-GO 
600095;"1341372   ";2024-05-12;domingo;18:40:00;GO;"60   ";"45,3 ";ALEXANIA;Sim;Ingestão de álcool pelo condutor;3;Atropelamento de Pedestre;Com Vítimas Fatais;Plena Noite;Crescente;Ignorado;Dupla;"Reta;Aclive";Não  ;"1072088   ";Automóvel;VW/POLO HL AD;"2019      ";Passageiro;Ileso;"29   ";Feminino;"1 ";"0    ";"0    ";"0    ";-16.1324000;-48.5977000;SPRF-GO;DEL02-GO;UOP01-DEL02-GO 
600095;"1338337   ";2024-05-12;domingo;18:40:00;GO;"60   ";"45,3 ";ALEXANIA;Sim;Ingestão de álcool pelo condutor;3;Atropelamento de Pedestre;Com Vítimas Fatais;Plena Noite;Crescente;Ignorado;Dupla;"Reta;Aclive";Não  ;"1072087   ";Motocicleta;HONDA/CG 150 SPORT;"2005      ";Condutor;Óbito;"43   ";Masculino;"0 ";"0    ";"0    ";"1    ";-16.1324000;-48.5977000;SPRF-GO;DEL02-GO;UOP01-DEL02-GO 
600095;"1341231   ";2024-05-12;domingo;18:40:00;GO;"60   ";"45,3 ";ALEXANIA;Sim;Ingestão de álcool pelo condutor;3;Atropelamento de Pedestre;Com Vítimas Fatais;Plena Noite;Crescente;Ignorado;Dupla;"Reta;Aclive";Não  ;"1072087   ";Motocicleta;HONDA/CG 150 SPORT;"2005      ";Passageiro;Não Informado;"0    ";Não Informado;"0 ";"0    ";"0    ";"0    ";-16.1324000;-48.5977000;SPRF-GO;DEL02-GO;UOP01-DEL02-GO 
600095;"1342328   ";2024-05-12;domingo;18:40:00;GO;"60   ";"45,3 ";ALEXANIA;Sim;Ingestão de álcool pelo condutor;3;Atropelamento de Pedestre;Com Vítimas Fatais;Plena Noite;Crescente;Ignorado;Dupla;"Reta;Aclive";Não  ;"1074349   ";Automóvel;Não Informado/Não Informado;"0         ";Condutor;Não Informado;"0    ";Não Informado;"0 ";"0    ";"0    ";"0    ";-16.1324000;-48.5977000;SPRF-GO;DEL02-GO;UOP01-DEL02-GO 
600095;"1341375   ";2024-05-12;domingo;18:40:00;GO;"60   ";"45,3 ";ALEXANIA;Não;Reação tardia ou ineficiente do condutor;2;Tombamento;Com Vítimas Fatais;Plena Noite;Crescente;Ignorado;Dupla;"Reta;Aclive";Não  ;"1072088   ";Automóvel;VW/POLO HL AD;"2019      ";Passageiro;Ileso;"7    ";Feminino;"1 ";"0    ";"0    ";"0    ";-16.1324000;-48.5977000;SPRF-GO;DEL02-GO;UOP01-DEL02-GO 
600095;"1338338   ";2024-05-12;domingo;18:40:00;GO;"60   ";"45,3 ";ALEXANIA;Não;Reação tardia ou ineficiente do condutor;2;Tombamento;Com Vítimas Fatais;Plena Noite;Crescente;Ignorado;Dupla;"Reta;Aclive";Não  ;"1072088   ";Automóvel;VW/POLO HL AD;"2019      ";Condutor;Ileso;"32   ";Masculino;"1 ";"0    ";"0    ";"0    ";-16.1324000;-48.5977000;SPRF-GO;DEL02-GO;UOP01-DEL02-GO 
600095;"1341372   ";2024-05-12;domingo;18:40:00;GO;"60   ";"45,3 ";ALEXANIA;Não;Reação tardia ou ineficiente do condutor;2;Tombamento;Com Vítimas Fatais;Plena Noite;Crescente;Ignorado;Dupla;"Reta;Aclive";Não  ;"1072088   ";Automóvel;VW/POLO HL AD;"2019      ";Passageiro;Ileso;"29   ";Feminino;"1 ";"0    ";"0    ";"0    ";-16.1324000;-48.5977000;SPRF-GO;DEL02-GO;UOP01-DEL02-GO 
600095;"1338337   ";2024-05-12;domingo;18:40:00;GO;"60   ";"45,3 ";ALEXANIA;Não;Reação tardia ou ineficiente do condutor;2;Tombamento;Com Vítimas Fatais;Plena Noite;Crescente;Ignorado;Dupla;"Reta;Aclive";Não  ;"1072087   ";Motocicleta;HONDA/CG 150 SPORT;"2005      ";Condutor;Óbito;"43   ";Masculino;"0 ";"0    ";"0    ";"1    ";-16.1324000;-48.5977000;SPRF-GO;DEL02-GO;UOP01-DEL02-GO 
600095;"1341231   ";2024-05-12;domingo;18:40:00;GO;"60   ";"45,3 ";ALEXANIA;Não;Reação tardia ou ineficiente do condutor;2;Tombamento;Com Vítimas Fatais;Plena Noite;Crescente;Ignorado;Dupla;"Reta;Aclive";Não  ;"1072087   ";Motocicleta;HONDA/CG 150 SPORT;"2005      ";Passageiro;Não Informado;"0    ";Não Informado;"0 ";"0    ";"0    ";"0    ";-16.1324000;-48.5977000;SPRF-GO;DEL02-GO;UOP01-DEL02-GO 
600095;"1342328   ";2024-05-12;domingo;18:40:00;GO;"60   ";"45,3 ";ALEXANIA;Não;Reação tardia ou ineficiente do condutor;2;Tombamento;Com Vítimas Fatais;Plena Noite;Crescente;Ignorado;Dupla;"Reta;Aclive";Não  ;"1074349   ";Automóvel;Não Informado/Não Informado;"0         ";Condutor;Não Informado;"0    ";Não Informado;"0 ";"0    ";"0    ";"0    ";-16.1324000;-48.5977000;SPRF-GO;DEL02-GO;UOP01-DEL02-GO 
600095;"1341375   ";2024-05-12;domingo;18:40:00;GO;"60   ";"45,3 ";ALEXANIA;Não;Pedestre - Ingestão de álcool/ substâncias psicoativas;2;Tombamento;Com Vítimas Fatais;Plena Noite;Crescente;Ignorado;Dupla;"Reta;Aclive";Não  ;"1072088   ";Automóvel;VW/POLO HL AD;"2019      ";Passageiro;Ileso;"7    ";Feminino;"1 ";"0    ";"0    ";"0    ";-16.1324000;-48.5977000;SPRF-GO;DEL02-GO;UOP01-DEL02-GO 
600095;"1338338   ";2024-05-12;domingo;18:40:00;GO;"60   ";"45,3 ";ALEXANIA;Não;Pedestre - Ingestão de álcool/ substâncias psicoativas;2;Tombamento;Com Vítimas Fatais;Plena Noite;Crescente;Ignorado;Dupla;"Reta;Aclive";Não  ;"1072088   ";Automóvel;VW/POLO HL AD;"2019      ";Condutor;Ileso;"32   ";Masculino;"1 ";"0    ";"0    ";"0    ";-16.1324000;-48.5977000;SPRF-GO;DEL02-GO;UOP01-DEL02-GO 
600095;"1341372   ";2024-05-12;domingo;18:40:00;GO;"60   ";"45,3 ";ALEXANIA;Não;Pedestre - Ingestão de álcool/ substâncias psicoativas;2;Tombamento;Com Vítimas Fatais;Plena Noite;Crescente;Ignorado;Dupla;"Reta;Aclive";Não  ;"1072088   ";Automóvel;VW/POLO HL AD;"2019      ";Passageiro;Ileso;"29   ";Feminino;"1 ";"0    ";"0    ";"0    ";-16.1324000;-48.5977000;SPRF-GO;DEL02-GO;UOP01-DEL02-GO 
600095;"1338337   ";2024-05-12;domingo;18:40:00;GO;"60   ";"45,3 ";ALEXANIA;Não;Pedestre - Ingestão de álcool/ substâncias psicoativas;2;Tombamento;Com Vítimas Fatais;Plena Noite;Crescente;Ignorado;Dupla;"Reta;Aclive";Não  ;"1072087   ";Motocicleta;HONDA/CG 150 SPORT;"2005      ";Condutor;Óbito;"43   ";Masculino;"0 ";"0    ";"0    ";"1    ";-16.1324000;-48.5977000;SPRF-GO;DEL02-GO;UOP01-DEL02-GO 
600095;"1341231   ";2024-05-12;domingo;18:40:00;GO;"60   ";"45,3 ";ALEXANIA;Não;Pedestre - Ingestão de álcool/ substâncias psicoativas;2;Tombamento;Com Vítimas Fatais;Plena Noite;Crescente;Ignorado;Dupla;"Reta;Aclive";Não  ;"1072087   ";Motocicleta;HONDA/CG 150 SPORT;"2005      ";Passageiro;Não Informado;"0    ";Não Informado;"0 ";"0    ";"0    ";"0    ";-16.1324000;-48.5977000;SPRF-GO;DEL02-GO;UOP01-DEL02-GO 
600095;"1342328   ";2024-05-12;domingo;18:40:00;GO;"60   ";"45,3 ";ALEXANIA;Não;Pedestre - Ingestão de álcool/ substâncias psicoativas;2;Tombamento;Com Vítimas Fatais;Plena Noite;Crescente;Ignorado;Dupla;"Reta;Aclive";Não  ;"1074349   ";Automóvel;Não Informado/Não Informado;"0         ";Condutor;Não Informado;"0    ";Não Informado;"0 ";"0    ";"0    ";"0    ";-16.1324000;-48.5977000;SPRF-GO;DEL02-GO;UOP01-DEL02-GO 
600095;"1341375   ";2024-05-12;domingo;18:40:00;GO;"60   ";"45,3 ";ALEXANIA;Não;Pedestre andava na pista;2;Tombamento;Com Vítimas Fatais;Plena Noite;Crescente;Ignorado;Dupla;"Reta;Aclive";Não  ;"1072088   ";Automóvel;VW/POLO HL AD;"2019      ";Passageiro;Ileso;"7    ";Feminino;"1 ";"0    ";"0    ";"0    ";-16.1324000;-48.5977000;SPRF-GO;DEL02-GO;UOP01-DEL02-GO 
600095;"1338338   ";2024-05-12;domingo;18:40:00;GO;"60   ";"45,3 ";ALEXANIA;Não;Pedestre andava na pista;2;Tombamento;Com Vítimas Fatais;Plena Noite;Crescente;Ignorado;Dupla;"Reta;Aclive";Não  ;"1072088   ";Automóvel;VW/POLO HL AD;"2019      ";Condutor;Ileso;"32   ";Masculino;"1 ";"0    ";"0    ";"0    ";-16.1324000;-48.5977000;SPRF-GO;DEL02-GO;UOP01-DEL02-GO 
600095;"1341372   ";2024-05-12;domingo;18:40:00;GO;"60   ";"45,3 ";ALEXANIA;Não;Pedestre andava na pista;2;Tombamento;Com Vítimas Fatais;Plena Noite;Crescente;Ignorado;Dupla;"Reta;Aclive";Não  ;"1072088   ";Automóvel;VW/POLO HL AD;"2019      ";Passageiro;Ileso;"29   ";Feminino;"1 ";"0    ";"0    ";"0    ";-16.1324000;-48.5977000;SPRF-GO;DEL02-GO;UOP01-DEL02-GO 
600095;"1338337   ";2024-05-12;domingo;18:40:00;GO;"60   ";"45,3 ";ALEXANIA;Não;Pedestre andava na pista;2;Tombamento;Com Vítimas Fatais;Plena Noite;Crescente;Ignorado;Dupla;"Reta;Aclive";Não  ;"1072087   ";Motocicleta;HONDA/CG 150 SPORT;"2005      ";Condutor;Óbito;"43   ";Masculino;"0 ";"0    ";"0    ";"1    ";-16.1324000;-48.5977000;SPRF-GO;DEL02-GO;UOP01-DEL02-GO 
600095;"1341231   ";2024-05-12;domingo;18:40:00;GO;"60   ";"45,3 ";ALEXANIA;Não;Pedestre andava na pista;2;Tombamento;Com Vítimas Fatais;Plena Noite;Crescente;Ignorado;Dupla;"Reta;Aclive";Não  ;"1072087   ";Motocicleta;HONDA/CG 150 SPORT;"2005      ";Passageiro;Não Informado;"0    ";Não Informado;"0 ";"0    ";"0    ";"0    ";-16.1324000;-48.5977000;SPRF-GO;DEL02-GO;UOP01-DEL02-GO 
600095;"1342328   ";2024-05-12;domingo;18:40:00;GO;"60   ";"45,3 ";ALEXANIA;Não;Pedestre andava na pista;2;Tombamento;Com Vítimas Fatais;Plena Noite;Crescente;Ignorado;Dupla;"Reta;Aclive";Não  ;"1074349   ";Automóvel;Não Informado/Não Informado;"0         ";Condutor;Não Informado;"0    ";Não Informado;"0 ";"0    ";"0    ";"0    ";-16.1324000;-48.5977000;SPRF-GO;DEL02-GO;UOP01-DEL02-GO 
600095;"1341375   ";2024-05-12;domingo;18:40:00;GO;"60   ";"45,3 ";ALEXANIA;Não;Objeto estático sobre o leito carroçável;2;Tombamento;Com Vítimas Fatais;Plena Noite;Crescente;Ignorado;Dupla;"Reta;Aclive";Não  ;"1072088   ";Automóvel;VW/POLO HL AD;"2019      ";Passageiro;Ileso;"7    ";Feminino;"1 ";"0    ";"0    ";"0    ";-16.1324000;-48.5977000;SPRF-GO;DEL02-GO;UOP01-DEL02-GO 
600095;"1338338   ";2024-05-12;domingo;18:40:00;GO;"60   ";"45,3 ";ALEXANIA;Não;Objeto estático sobre o leito carroçável;2;Tombamento;Com Vítimas Fatais;Plena Noite;Crescente;Ignorado;Dupla;"Reta;Aclive";Não  ;"1072088   ";Automóvel;VW/POLO HL AD;"2019      ";Condutor;Ileso;"32   ";Masculino;"1 ";"0    ";"0    ";"0    ";-16.1324000;-48.5977000;SPRF-GO;DEL02-GO;UOP01-DEL02-GO 
600095;"1341372   ";2024-05-12;domingo;18:40:00;GO;"60   ";"45,3 ";ALEXANIA;Não;Objeto estático sobre o leito carroçável;2;Tombamento;Com Vítimas Fatais;Plena Noite;Crescente;Ignorado;Dupla;"Reta;Aclive";Não  ;"1072088   ";Automóvel;VW/POLO HL AD;"2019      ";Passageiro;Ileso;"29   ";Feminino;"1 ";"0    ";"0    ";"0    ";-16.1324000;-48.5977000;SPRF-GO;DEL02-GO;UOP01-DEL02-GO 
600095;"1338337   ";2024-05-12;domingo;18:40:00;GO;"60   ";"45,3 ";ALEXANIA;Não;Objeto estático sobre o leito carroçável;2;Tombamento;Com Vítimas Fatais;Plena Noite;Crescente;Ignorado;Dupla;"Reta;Aclive";Não  ;"1072087   ";Motocicleta;HONDA/CG 150 SPORT;"2005      ";Condutor;Óbito;"43   ";Masculino;"0 ";"0    ";"0    ";"1    ";-16.1324000;-48.5977000;SPRF-GO;DEL02-GO;UOP01-DEL02-GO 
600095;"1341231   ";2024-05-12;domingo;18:40:00;GO;"60   ";"45,3 ";ALEXANIA;Não;Objeto estático sobre o leito carroçável;2;Tombamento;Com Vítimas Fatais;Plena Noite;Crescente;Ignorado;Dupla;"Reta;Aclive";Não  ;"1072087   ";Motocicleta;HONDA/CG 150 SPORT;"2005      ";Passageiro;Não Informado;"0    ";Não Informado;"0 ";"0    ";"0    ";"0    ";-16.1324000;-48.5977000;SPRF-GO;DEL02-GO;UOP01-DEL02-GO 
600095;"1342328   ";2024-05-12;domingo;18:40:00;GO;"60   ";"45,3 ";ALEXANIA;Não;Objeto estático sobre o leito carroçável;2;Tombamento;Com Vítimas Fatais;Plena Noite;Crescente;Ignorado;Dupla;"Reta;Aclive";Não  ;"1074349   ";Automóvel;Não Informado/Não Informado;"0         ";Condutor;Não Informado;"0    ";Não Informado;"0 ";"0    ";"0    ";"0    ";-16.1324000;-48.5977000;SPRF-GO;DEL02-GO;UOP01-DEL02-GO 
600095;"1341375   ";2024-05-12;domingo;18:40:00;GO;"60   ";"45,3 ";ALEXANIA;Não;Condutor deixou de manter distância do veículo da frente;2;Tombamento;Com Vítimas Fatais;Plena Noite;Crescente;Ignorado;Dupla;"Reta;Aclive";Não  ;"1072088   ";Automóvel;VW/POLO HL AD;"2019      ";Passageiro;Ileso;"7    ";Feminino;"1 ";"0    ";"0    ";"0    ";-16.1324000;-48.5977000;SPRF-GO;DEL02-GO;UOP01-DEL02-GO 
600095;"1338338   ";2024-05-12;domingo;18:40:00;GO;"60   ";"45,3 ";ALEXANIA;Não;Condutor deixou de manter distância do veículo da frente;2;Tombamento;Com Vítimas Fatais;Plena Noite;Crescente;Ignorado;Dupla;"Reta;Aclive";Não  ;"1072088   ";Automóvel;VW/POLO HL AD;"2019      ";Condutor;Ileso;"32   ";Masculino;"1 ";"0    ";"0    ";"0    ";-16.1324000;-48.5977000;SPRF-GO;DEL02-GO;UOP01-DEL02-GO 
600095;"1341372   ";2024-05-12;domingo;18:40:00;GO;"60   ";"45,3 ";ALEXANIA;Não;Condutor deixou de manter distância do veículo da frente;2;Tombamento;Com Vítimas Fatais;Plena Noite;Crescente;Ignorado;Dupla;"Reta;Aclive";Não  ;"1072088   ";Automóvel;VW/POLO HL AD;"2019      ";Passageiro;Ileso;"29   ";Feminino;"1 ";"0    ";"0    ";"0    ";-16.1324000;-48.5977000;SPRF-GO;DEL02-GO;UOP01-DEL02-GO 
600095;"1338337   ";2024-05-12;domingo;18:40:00;GO;"60   ";"45,3 ";ALEXANIA;Não;Condutor deixou de manter distância do veículo da frente;2;Tombamento;Com Vítimas Fatais;Plena Noite;Crescente;Ignorado;Dupla;"Reta;Aclive";Não  ;"1072087   ";Motocicleta;HONDA/CG 150 SPORT;"2005      ";Condutor;Óbito;"43   ";Masculino;"0 ";"0    ";"0    ";"1    ";-16.1324000;-48.5977000;SPRF-GO;DEL02-GO;UOP01-DEL02-GO 
600095;"1341231   ";2024-05-12;domingo;18:40:00;GO;"60   ";"45,3 ";ALEXANIA;Não;Condutor deixou de manter distância do veículo da frente;2;Tombamento;Com Vítimas Fatais;Plena Noite;Crescente;Ignorado;Dupla;"Reta;Aclive";Não  ;"1072087   ";Motocicleta;HONDA/CG 150 SPORT;"2005      ";Passageiro;Não Informado;"0    ";Não Informado;"0 ";"0    ";"0    ";"0    ";-16.1324000;-48.5977000;SPRF-GO;DEL02-GO;UOP01-DEL02-GO 
600095;"1342328   ";2024-05-12;domingo;18:40:00;GO;"60   ";"45,3 ";ALEXANIA;Não;Condutor deixou de manter distância do veículo da frente;2;Tombamento;Com Vítimas Fatais;Plena Noite;Crescente;Ignorado;Dupla;"Reta;Aclive";Não  ;"1074349   ";Automóvel;Não Informado/Não Informado;"0         ";Condutor;Não Informado;"0    ";Não Informado;"0 ";"0    ";"0    ";"0    ";-16.1324000;-48.5977000;SPRF-GO;DEL02-GO;UOP01-DEL02-GO 
600095;"1341375   ";2024-05-12;domingo;18:40:00;GO;"60   ";"45,3 ";ALEXANIA;Não;Ausência de sinalização;2;Tombamento;Com Vítimas Fatais;Plena Noite;Crescente;Ignorado;Dupla;"Reta;Aclive";Não  ;"1072088   ";Automóvel;VW/POLO HL AD;"2019      ";Passageiro;Ileso;"7    ";Feminino;"1 ";"0    ";"0    ";"0    ";-16.1324000;-48.5977000;SPRF-GO;DEL02-GO;UOP01-DEL02-GO 
600095;"1338338   ";2024-05-12;domingo;18:40:00;GO;"60   ";"45,3 ";ALEXANIA;Não;Ausência de sinalização;2;Tombamento;Com Vítimas Fatais;Plena Noite;Crescente;Ignorado;Dupla;"Reta;Aclive";Não  ;"1072088   ";Automóvel;VW/POLO HL AD;"2019      ";Condutor;Ileso;"32   ";Masculino;"1 ";"0    ";"0    ";"0    ";-16.1324000;-48.5977000;SPRF-GO;DEL02-GO;UOP01-DEL02-GO 
600095;"1341372   ";2024-05-12;domingo;18:40:00;GO;"60   ";"45,3 ";ALEXANIA;Não;Ausência de sinalização;2;Tombamento;Com Vítimas Fatais;Plena Noite;Crescente;Ignorado;Dupla;"Reta;Aclive";Não  ;"1072088   ";Automóvel;VW/POLO HL AD;"2019      ";Passageiro;Ileso;"29   ";Feminino;"1 ";"0    ";"0    ";"0    ";-16.1324000;-48.5977000;SPRF-GO;DEL02-GO;UOP01-DEL02-GO 
600095;"1338337   ";2024-05-12;domingo;18:40:00;GO;"60   ";"45,3 ";ALEXANIA;Não;Ausência de sinalização;2;Tombamento;Com Vítimas Fatais;Plena Noite;Crescente;Ignorado;Dupla;"Reta;Aclive";Não  ;"1072087   ";Motocicleta;HONDA/CG 150 SPORT;"2005      ";Condutor;Óbito;"43   ";Masculino;"0 ";"0    ";"0    ";"1    ";-16.1324000;-48.5977000;SPRF-GO;DEL02-GO;UOP01-DEL02-GO 
600095;"1341231   ";2024-05-12;domingo;18:40:00;GO;"60   ";"45,3 ";ALEXANIA;Não;Ausência de sinalização;2;Tombamento;Com Vítimas Fatais;Plena Noite;Crescente;Ignorado;Dupla;"Reta;Aclive";Não  ;"1072087   ";Motocicleta;HONDA/CG 150 SPORT;"2005      ";Passageiro;Não Informado;"0    ";Não Informado;"0 ";"0    ";"0    ";"0    ";-16.1324000;-48.5977000;SPRF-GO;DEL02-GO;UOP01-DEL02-GO 
600095;"1342328   ";2024-05-12;domingo;18:40:00;GO;"60   ";"45,3 ";ALEXANIA;Não;Ausência de sinalização;2;Tombamento;Com Vítimas Fatais;Plena Noite;Crescente;Ignorado;Dupla;"Reta;Aclive";Não  ;"1074349   ";Automóvel;Não Informado/Não Informado;"0         ";Condutor;Não Informado;"0    ";Não Informado;"0 ";"0    ";"0    ";"0    ";-16.1324000;-48.5977000;SPRF-GO;DEL02-GO;UOP01-DEL02-GO 
600095;"1341375   ";2024-05-12;domingo;18:40:00;GO;"60   ";"45,3 ";ALEXANIA;Sim;Ingestão de álcool pelo condutor;2;Tombamento;Com Vítimas Fatais;Plena Noite;Crescente;Ignorado;Dupla;"Reta;Aclive";Não  ;"1072088   ";Automóvel;VW/POLO HL AD;"2019      ";Passageiro;Ileso;"7    ";Feminino;"1 ";"0    ";"0    ";"0    ";-16.1324000;-48.5977000;SPRF-GO;DEL02-GO;UOP01-DEL02-GO 
600095;"1338338   ";2024-05-12;domingo;18:40:00;GO;"60   ";"45,3 ";ALEXANIA;Sim;Ingestão de álcool pelo condutor;2;Tombamento;Com Vítimas Fatais;Plena Noite;Crescente;Ignorado;Dupla;"Reta;Aclive";Não  ;"1072088   ";Automóvel;VW/POLO HL AD;"2019      ";Condutor;Ileso;"32   ";Masculino;"1 ";"0    ";"0    ";"0    ";-16.1324000;-48.5977000;SPRF-GO;DEL02-GO;UOP01-DEL02-GO 
600095;"1341372   ";2024-05-12;domingo;18:40:00;GO;"60   ";"45,3 ";ALEXANIA;Sim;Ingestão de álcool pelo condutor;2;Tombamento;Com Vítimas Fatais;Plena Noite;Crescente;Ignorado;Dupla;"Reta;Aclive";Não  ;"1072088   ";Automóvel;VW/POLO HL AD;"2019      ";Passageiro;Ileso;"29   ";Feminino;"1 ";"0    ";"0    ";"0    ";-16.1324000;-48.5977000;SPRF-GO;DEL02-GO;UOP01-DEL02-GO 
600095;"1338337   ";2024-05-12;domingo;18:40:00;GO;"60   ";"45,3 ";ALEXANIA;Sim;Ingestão de álcool pelo condutor;2;Tombamento;Com Vítimas Fatais;Plena Noite;Crescente;Ignorado;Dupla;"Reta;Aclive";Não  ;"1072087   ";Motocicleta;HONDA/CG 150 SPORT;"2005      ";Condutor;Óbito;"43   ";Masculino;"0 ";"0    ";"0    ";"1    ";-16.1324000;-48.5977000;SPRF-GO;DEL02-GO;UOP01-DEL02-GO 
600095;"1341231   ";2024-05-12;domingo;18:40:00;GO;"60   ";"45,3 ";ALEXANIA;Sim;Ingestão de álcool pelo condutor;2;Tombamento;Com Vítimas Fatais;Plena Noite;Crescente;Ignorado;Dupla;"Reta;Aclive";Não  ;"1072087   ";Motocicleta;HONDA/CG 150 SPORT;"2005      ";Passageiro;Não Informado;"0    ";Não Informado;"0 ";"0    ";"0    ";"0    ";-16.1324000;-48.5977000;SPRF-GO;DEL02-GO;UOP01-DEL02-GO 
600095;"1342328   ";2024-05-12;domingo;18:40:00;GO;"60   ";"45,3 ";ALEXANIA;Sim;Ingestão de álcool pelo condutor;2;Tombamento;Com Vítimas Fatais;Plena Noite;Crescente;Ignorado;Dupla;"Reta;Aclive";Não  ;"1074349   ";Automóvel;Não Informado/Não Informado;"0         ";Condutor;Não Informado;"0    ";Não Informado;"0 ";"0    ";"0    ";"0    ";-16.1324000;-48.5977000;SPRF-GO;DEL02-GO;UOP01-DEL02-GO 
600095;"1341375   ";2024-05-12;domingo;18:40:00;GO;"60   ";"45,3 ";ALEXANIA;Não;Reação tardia ou ineficiente do condutor;1;Queda de ocupante de veículo;Com Vítimas Fatais;Plena Noite;Crescente;Ignorado;Dupla;"Reta;Aclive";Não  ;"1072088   ";Automóvel;VW/POLO HL AD;"2019      ";Passageiro;Ileso;"7    ";Feminino;"1 ";"0    ";"0    ";"0    ";-16.1324000;-48.5977000;SPRF-GO;DEL02-GO;UOP01-DEL02-GO 
600095;"1338338   ";2024-05-12;domingo;18:40:00;GO;"60   ";"45,3 ";ALEXANIA;Não;Reação tardia ou ineficiente do condutor;1;Queda de ocupante de veículo;Com Vítimas Fatais;Plena Noite;Crescente;Ignorado;Dupla;"Reta;Aclive";Não  ;"1072088   ";Automóvel;VW/POLO HL AD;"2019      ";Condutor;Ileso;"32   ";Masculino;"1 ";"0    ";"0    ";"0    ";-16.1324000;-48.5977000;SPRF-GO;DEL02-GO;UOP01-DEL02-GO 
600095;"1341372   ";2024-05-12;domingo;18:40:00;GO;"60   ";"45,3 ";ALEXANIA;Não;Reação tardia ou ineficiente do condutor;1;Queda de ocupante de veículo;Com Vítimas Fatais;Plena Noite;Crescente;Ignorado;Dupla;"Reta;Aclive";Não  ;"1072088   ";Automóvel;VW/POLO HL AD;"2019      ";Passageiro;Ileso;"29   ";Feminino;"1 ";"0    ";"0    ";"0    ";-16.1324000;-48.5977000;SPRF-GO;DEL02-GO;UOP01-DEL02-GO 
600095;"1338337   ";2024-05-12;domingo;18:40:00;GO;"60   ";"45,3 ";ALEXANIA;Não;Reação tardia ou ineficiente do condutor;1;Queda de ocupante de veículo;Com Vítimas Fatais;Plena Noite;Crescente;Ignorado;Dupla;"Reta;Aclive";Não  ;"1072087   ";Motocicleta;HONDA/CG 150 SPORT;"2005      ";Condutor;Óbito;"43   ";Masculino;"0 ";"0    ";"0    ";"1    ";-16.1324000;-48.5977000;SPRF-GO;DEL02-GO;UOP01-DEL02-GO 
600095;"1341231   ";2024-05-12;domingo;18:40:00;GO;"60   ";"45,3 ";ALEXANIA;Não;Reação tardia ou ineficiente do condutor;1;Queda de ocupante de veículo;Com Vítimas Fatais;Plena Noite;Crescente;Ignorado;Dupla;"Reta;Aclive";Não  ;"1072087   ";Motocicleta;HONDA/CG 150 SPORT;"2005      ";Passageiro;Não Informado;"0    ";Não Informado;"0 ";"0    ";"0    ";"0    ";-16.1324000;-48.5977000;SPRF-GO;DEL02-GO;UOP01-DEL02-GO 
600095;"1342328   ";2024-05-12;domingo;18:40:00;GO;"60   ";"45,3 ";ALEXANIA;Não;Reação tardia ou ineficiente do condutor;1;Queda de ocupante de veículo;Com Vítimas Fatais;Plena Noite;Crescente;Ignorado;Dupla;"Reta;Aclive";Não  ;"1074349   ";Automóvel;Não Informado/Não Informado;"0         ";Condutor;Não Informado;"0    ";Não Informado;"0 ";"0    ";"0    ";"0    ";-16.1324000;-48.5977000;SPRF-GO;DEL02-GO;UOP01-DEL02-GO 
600095;"1341375   ";2024-05-12;domingo;18:40:00;GO;"60   ";"45,3 ";ALEXANIA;Não;Pedestre - Ingestão de álcool/ substâncias psicoativas;1;Queda de ocupante de veículo;Com Vítimas Fatais;Plena Noite;Crescente;Ignorado;Dupla;"Reta;Aclive";Não  ;"1072088   ";Automóvel;VW/POLO HL AD;"2019      ";Passageiro;Ileso;"7    ";Feminino;"1 ";"0    ";"0    ";"0    ";-16.1324000;-48.5977000;SPRF-GO;DEL02-GO;UOP01-DEL02-GO 