id;pesid;data_inversa;dia_semana;horario;uf;br;km;municipio;causa_principal;causa_acidente;ordem_tipo_acidente;tipo_acidente;classificacao_acidente;fase_dia;sentido_via;condicao_metereologica;tipo_pista;tracado_via;uso_solo;id_veiculo;tipo_veiculo;marca;ano_fabricacao_veiculo;tipo_envolvido;estado_fisico;idade;sexo;ilesos;feridos_leves;feridos_graves;mortos;latitude;longitude;regional;delegacia;uop
600156;"1338398   ";2024-05-13;segunda-feira;05:59:00;DF;"60   ";"9    ";BRASILIA;Sim;Condutor deixou de manter distância do veículo da frente;1;Colisão traseira;Com Vítimas Feridas;Pleno dia;Decrescente;Sol;Múltipla;Reta;Sim  ;"1072128   ";Motocicleta;HONDA/CG 160 FAN;"2022      ";Condutor;Lesões Leves;"24   ";Masculino;"0 ";"1    ";"0    ";"0    ";-15.9062930;-48.1399650;SPRF-DF;DEL03-DF;UOP01-DEL03-DF 
600157;"1338374   ";2024-05-13;segunda-feira;06:04:00;DF;"70   ";"16   ";BRASILIA;Sim;Reação tardia ou ineficiente do condutor;3;Queda de ocupante de veículo;Com Vítimas Feridas;Pleno dia;Decrescente;Céu Claro;Múltipla;Reta;Não  ;"1072118   ";Motocicleta;HONDA/CG 160 TITAN EX;"2016      ";Condutor;Lesões Leves;"32   ";Masculino;"0 ";"1    ";"0    ";"0    ";-15.7961440;-48.1942250;SPRF-DF;DEL03-DF;UOP02-DEL03-DF 
600157;"1338374   ";2024-05-13;segunda-feira;06:04:00;DF;"70   ";"16   ";BRASILIA;Sim;Reação tardia ou ineficiente do condutor;2;Colisão com objeto;Com Vítimas Feridas;Pleno dia;Decrescente;Céu Claro;Múltipla;Reta;Não  ;"1072118   ";Motocicleta;HONDA/CG 160 TITAN EX;"2016      ";Condutor;Lesões Leves;"32   ";Masculino;"0 ";"1    ";"0    ";"0    ";-15.7961440;-48.1942250;SPRF-DF;DEL03-DF;UOP02-DEL03-DF 
600157;"1338374   ";2024-05-13;segunda-feira;06:04:00;DF;"70   ";"16   ";BRASILIA;Sim;Reação tardia ou ineficiente do condutor;1;Saída de leito carroçável;Com Vítimas Feridas;Pleno dia;Decrescente;Céu Claro;Múltipla;Reta;Não  ;"1072118   ";Motocicleta;HONDA/CG 160 TITAN EX;"2016      ";Condutor;Lesões Leves;"32   ";Masculino;"0 ";"1    ";"0    ";"0    ";-15.7961440;-48.1942250;SPRF-DF;DEL03-DF;UOP02-DEL03-DF 
600182;"1338432   ";2024-05-13;segunda-feira;08:00:00;DF;"251  ";"45   ";BRASILIA;Sim;Acessar a via sem observar a presença dos outros veículos;2;Tombamento;Com Vítimas Feridas;Pleno dia;Crescente;Céu Claro;Simples;Curva;Não  ;"1072159   ";Automóvel;I/CHERY QQ3 1.1;"2011      ";Condutor;Lesões Leves;"34   ";Feminino;"0 ";"1    ";"0    ";"0    ";-15.9481130;-47.8452350;SPRF-DF;DEL01-DF;UOP01-DEL01-DF 
600182;"1338432   ";2024-05-13;segunda-feira;08:00:00;DF;"251  ";"45   ";BRASILIA;Sim;Acessar a via sem observar a presença dos outros veículos;1;Saída de leito carroçável;Com Vítimas Feridas;Pleno dia;Crescente;Céu Claro;Simples;Curva;Não  ;"1072159   ";Automóvel;I/CHERY QQ3 1.1;"2011      ";Condutor;Lesões Leves;"34   ";Feminino;"0 ";"1    ";"0    ";"0    ";-15.9481130;-47.8452350;SPRF-DF;DEL01-DF;UOP01-DEL01-DF 
600206;"1338819   ";2024-05-13;segunda-feira;08:40:00;DF;"60   ";"2,8  ";BRASILIA;Sim;Acessar a via sem observar a presença dos outros veículos;1;Colisão lateral mesmo sentido;Com Vítimas Feridas;Pleno dia;Crescente;Céu Claro;Dupla;Interseção de Vias;Sim  ;"1072456   ";Caminhonete;FIAT/TORO FREEDOM AT9 D;"2019      ";Condutor;Ileso;"19   ";Feminino;"1 ";"0    ";"0    ";"0    ";-15.8873830;-48.0779880;SPRF-DF;DEL03-DF;UOP01-DEL03-DF 
600206;"1342941   ";2024-05-13;segunda-feira;08:40:00;DF;"60   ";"2,8  ";BRASILIA;Sim;Acessar a via sem observar a presença dos outros veículos;1;Colisão lateral mesmo sentido;Com Vítimas Feridas;Pleno dia;Crescente;Céu Claro;Dupla;Interseção de Vias;Sim  ;"1072457   ";Motocicleta;YAMAHA/YBR125I FACTOR ED;"2023      ";Passageiro;Lesões Graves;"17   ";Feminino;"0 ";"0    ";"1    ";"0    ";-15.8873830;-48.0779880;SPRF-DF;DEL03-DF;UOP01-DEL03-DF 
600206;"1338817   ";2024-05-13;segunda-feira;08:40:00;DF;"60   ";"2,8  ";BRASILIA;Sim;Acessar a via sem observar a presença dos outros veículos;1;Colisão lateral mesmo sentido;Com Vítimas Feridas;Pleno dia;Crescente;Céu Claro;Dupla;Interseção de Vias;Sim  ;"1072457   ";Motocicleta;YAMAHA/YBR125I FACTOR ED;"2023      ";Condutor;Lesões Graves;"21   ";Feminino;"0 ";"0    ";"1    ";"0    ";-15.8873830;-48.0779880;SPRF-DF;DEL03-DF;UOP01-DEL03-DF 
600216;"1338497   ";2024-05-02;quinta-feira;09:40:00;DF;"70   ";"13   ";BRASILIA;Sim;Condutor deixou de manter distância do veículo da frente;1;Colisão traseira;Sem Vítimas;Pleno dia;Decrescente;Sol;Dupla;"Rotatória;Reta";Sim  ;"1072204   ";Automóvel;RENAULT/SANDERO EXP 16HP;"2013      ";Condutor;Ileso;"47   ";Masculino;"1 ";"0    ";"0    ";"0    ";-15.7965896;-48.1722808;SPRF-DF;DEL03-DF;UOP02-DEL03-DF 
600216;"1338498   ";2024-05-02;quinta-feira;09:40:00;DF;"70   ";"13   ";BRASILIA;Sim;Condutor deixou de manter distância do veículo da frente;1;Colisão traseira;Sem Vítimas;Pleno dia;Decrescente;Sol;Dupla;"Rotatória;Reta";Sim  ;"1072205   ";Automóvel;HYUNDAI/HB20 1.0M COMFOR;"2013      ";Condutor;Ileso;"50   ";Masculino;"1 ";"0    ";"0    ";"0    ";-15.7965896;-48.1722808;SPRF-DF;DEL03-DF;UOP02-DEL03-DF 
600218;"1338595   ";2024-05-13;segunda-feira;10:00:00;DF;"20   ";"19   ";BRASILIA;Sim;Estacionar ou parar em local proibido;1;Queda de ocupante de veículo;Com Vítimas Feridas;Pleno dia;Decrescente;Céu Claro;Dupla;Declive;Sim  ;"1072278   ";Motocicleta;YAMAHA/YS150 FAZER SED;"2023      ";Condutor;Lesões Leves;"36   ";Masculino;"0 ";"1    ";"0    ";"0    ";-15.6121750;-47.7009280;SPRF-DF;DEL02-DF;UOP01-DEL02-DF 
600272;"1338916   ";2024-05-13;segunda-feira;13:40:00;GO;"40   ";"109  ";CRISTALINA;Sim;Problema na suspensão;1;Incêndio;Sem Vítimas;Pleno dia;Crescente;Céu Claro;Dupla;Reta;Não  ;"1072533   ";Caminhão;VW/11.180 DRC 4X2;"2018      ";Condutor;Ileso;"33   ";Masculino;"1 ";"0    ";"0    ";"0    ";-16.8402710;-47.5186880;SPRF-DF;DEL01-DF;UOP02-DEL01-DF 
600311;"1338791   ";2024-05-13;segunda-feira;18:30:00;DF;"70   ";"11   ";BRASILIA;Não;Trafegar com motocicleta (ou similar) entre as faixas;2;Queda de ocupante de veículo;Com Vítimas Feridas;Plena Noite;Crescente;Céu Claro;Dupla;Reta;Sim  ;"1072435   ";Motocicleta;HONDA/CG 125 TITAN KS;"2000      ";Condutor;Lesões Leves;"42   ";Masculino;"0 ";"1    ";"0    ";"0    ";-15.7897620;-48.1487270;SPRF-DF;DEL03-DF;UOP02-DEL03-DF 
600311;"1338794   ";2024-05-13;segunda-feira;18:30:00;DF;"70   ";"11   ";BRASILIA;Não;Trafegar com motocicleta (ou similar) entre as faixas;2;Queda de ocupante de veículo;Com Vítimas Feridas;Plena Noite;Crescente;Céu Claro;Dupla;Reta;Sim  ;"0         ";"0";NA/NA;"0         ";Pedestre;Lesões Graves;"24   ";Masculino;"0 ";"0    ";"1    ";"0    ";-15.7897620;-48.1487270;SPRF-DF;DEL03-DF;UOP02-DEL03-DF 
600311;"1338791   ";2024-05-13;segunda-feira;18:30:00;DF;"70   ";"11   ";BRASILIA;Sim;Área urbana sem a presença de local apropriado para a travessia de pedestres;2;Queda de ocupante de veículo;Com Vítimas Feridas;Plena Noite;Crescente;Céu Claro;Dupla;Reta;Sim  ;"1072435   ";Motocicleta;HONDA/CG 125 TITAN KS;"2000      ";Condutor;Lesões Leves;"42   ";Masculino;"0 ";"1    ";"0    ";"0    ";-15.7897620;-48.1487270;SPRF-DF;DEL03-DF;UOP02-DEL03-DF 
600311;"1338794   ";2024-05-13;segunda-feira;18:30:00;DF;"70   ";"11   ";BRASILIA;Sim;Área urbana sem a presença de local apropriado para a travessia de pedestres;2;Queda de ocupante de veículo;Com Vítimas Feridas;Plena Noite;Crescente;Céu Claro;Dupla;Reta;Sim  ;"0         ";"0";NA/NA;"0         ";Pedestre;Lesões Graves;"24   ";Masculino;"0 ";"0    ";"1    ";"0    ";-15.7897620;-48.1487270;SPRF-DF;DEL03-DF;UOP02-DEL03-DF 
600311;"1338791   ";2024-05-13;segunda-feira;18:30:00;DF;"70   ";"11   ";BRASILIA;Não;Trafegar com motocicleta (ou similar) entre as faixas;1;Atropelamento de Pedestre;Com Vítimas Feridas;Plena Noite;Crescente;Céu Claro;Dupla;Reta;Sim  ;"1072435   ";Motocicleta;HONDA/CG 125 TITAN KS;"2000      ";Condutor;Lesões Leves;"42   ";Masculino;"0 ";"1    ";"0    ";"0    ";-15.7897620;-48.1487270;SPRF-DF;DEL03-DF;UOP02-DEL03-DF 
600311;"1338794   ";2024-05-13;segunda-feira;18:30:00;DF;"70   ";"11   ";BRASILIA;Não;Trafegar com motocicleta (ou similar) entre as faixas;1;Atropelamento de Pedestre;Com Vítimas Feridas;Plena Noite;Crescente;Céu Claro;Dupla;Reta;Sim  ;"0         ";"0";NA/NA;"0         ";Pedestre;Lesões Graves;"24   ";Masculino;"0 ";"0    ";"1    ";"0    ";-15.7897620;-48.1487270;SPRF-DF;DEL03-DF;UOP02-DEL03-DF 
600311;"1338791   ";2024-05-13;segunda-feira;18:30:00;DF;"70   ";"11   ";BRASILIA;Sim;Área urbana sem a presença de local apropriado para a travessia de pedestres;1;Atropelamento de Pedestre;Com Vítimas Feridas;Plena Noite;Crescente;Céu Claro;Dupla;Reta;Sim  ;"1072435   ";Motocicleta;HONDA/CG 125 TITAN KS;"2000      ";Condutor;Lesões Leves;"42   ";Masculino;"0 ";"1    ";"0    ";"0    ";-15.7897620;-48.1487270;SPRF-DF;DEL03-DF;UOP02-DEL03-DF 
600311;"1338794   ";2024-05-13;segunda-feira;18:30:00;DF;"70   ";"11   ";BRASILIA;Sim;Área urbana sem a presença de local apropriado para a travessia de pedestres;1;Atropelamento de Pedestre;Com Vítimas Feridas;Plena Noite;Crescente;Céu Claro;Dupla;Reta;Sim  ;"0         ";"0";NA/NA;"0         ";Pedestre;Lesões Graves;"24   ";Masculino;"0 ";"0    ";"1    ";"0    ";-15.7897620;-48.1487270;SPRF-DF;DEL03-DF;UOP02-DEL03-DF 
600326;"1338770   ";2024-05-13;segunda-feira;18:50:00;GO;"70   ";"9    ";AGUAS LINDAS DE GOIAS;Sim;Pedestre cruzava a pista fora da faixa;1;Atropelamento de Pedestre;Com Vítimas Feridas;Plena Noite;Crescente;Céu Claro;Dupla;Reta;Sim  ;"1072419   ";Motocicleta;HONDA/CG 160 FAN;"0         ";Condutor;Não Informado;"0    ";Não Informado;"0 ";"0    ";"0    ";"0    ";-15.7357673;-48.2828805;SPRF-DF;DEL03-DF;UOP02-DEL03-DF 
600326;"1338847   ";2024-05-13;segunda-feira;18:50:00;GO;"70   ";"9    ";AGUAS LINDAS DE GOIAS;Sim;Pedestre cruzava a pista fora da faixa;1;Atropelamento de Pedestre;Com Vítimas Feridas;Plena Noite;Crescente;Céu Claro;Dupla;Reta;Sim  ;"0         ";"0";NA/NA;"0         ";Testemunha;Não Informado;"0    ";Não Informado;"0 ";"0    ";"0    ";"0    ";-15.7357673;-48.2828805;SPRF-DF;DEL03-DF;UOP02-DEL03-DF 
600326;"1338777   ";2024-05-13;segunda-feira;18:50:00;GO;"70   ";"9    ";AGUAS LINDAS DE GOIAS;Sim;Pedestre cruzava a pista fora da faixa;1;Atropelamento de Pedestre;Com Vítimas Feridas;Plena Noite;Crescente;Céu Claro;Dupla;Reta;Sim  ;"0         ";"0";NA/NA;"0         ";Pedestre;Lesões Leves;"52   ";Masculino;"0 ";"1    ";"0    ";"0    ";-15.7357673;-48.2828805;SPRF-DF;DEL03-DF;UOP02-DEL03-DF 
600343;"1338832   ";2024-05-13;segunda-feira;19:00:00;DF;"70   ";"7    ";BRASILIA;Sim;Transitar no Acostamento;1;Colisão transversal;Com Vítimas Feridas;Plena Noite;Crescente;Céu Claro;Dupla;Reta;Sim  ;"1072465   ";Automóvel;FORD/KA FLEX;"2011      ";Condutor;Ileso;"26   ";Masculino;"1 ";"0    ";"0    ";"0    ";-15.7876010;-48.1144290;SPRF-DF;DEL03-DF;UOP02-DEL03-DF 
600343;"1339016   ";2024-05-13;segunda-feira;19:00:00;DF;"70   ";"7    ";BRASILIA;Sim;Transitar no Acostamento;1;Colisão transversal;Com Vítimas Feridas;Plena Noite;Crescente;Céu Claro;Dupla;Reta;Sim  ;"1072469   ";Automóvel;FORD/FIESTA FLEX;"2009      ";Passageiro;Ileso;"46   ";Feminino;"1 ";"0    ";"0    ";"0    ";-15.7876010;-48.1144290;SPRF-DF;DEL03-DF;UOP02-DEL03-DF 
600343;"1338833   ";2024-05-13;segunda-feira;19:00:00;DF;"70   ";"7    ";BRASILIA;Sim;Transitar no Acostamento;1;Colisão transversal;Com Vítimas Feridas;Plena Noite;Crescente;Céu Claro;Dupla;Reta;Sim  ;"1072469   ";Automóvel;FORD/FIESTA FLEX;"2009      ";Condutor;Ileso;"49   ";Masculino;"1 ";"0    ";"0    ";"0    ";-15.7876010;-48.1144290;SPRF-DF;DEL03-DF;UOP02-DEL03-DF 
600343;"1339022   ";2024-05-13;segunda-feira;19:00:00;DF;"70   ";"7    ";BRASILIA;Sim;Transitar no Acostamento;1;Colisão transversal;Com Vítimas Feridas;Plena Noite;Crescente;Céu Claro;Dupla;Reta;Sim  ;"1072469   ";Automóvel;FORD/FIESTA FLEX;"2009      ";Passageiro;Lesões Leves;"10   ";Masculino;"0 ";"1    ";"0    ";"0    ";-15.7876010;-48.1144290;SPRF-DF;DEL03-DF;UOP02-DEL03-DF 
600343;"1339021   ";2024-05-13;segunda-feira;19:00:00;DF;"70   ";"7    ";BRASILIA;Sim;Transitar no Acostamento;1;Colisão transversal;Com Vítimas Feridas;Plena Noite;Crescente;Céu Claro;Dupla;Reta;Sim  ;"1072469   ";Automóvel;FORD/FIESTA FLEX;"2009      ";Passageiro;Lesões Leves;"20   ";Feminino;"0 ";"1    ";"0    ";"0    ";-15.7876010;-48.1144290;SPRF-DF;DEL03-DF;UOP02-DEL03-DF 
600371;"1338961   ";2024-05-13;segunda-feira;23:53:00;GO;"70   ";"10   ";AGUAS LINDAS DE GOIAS;Sim;Manobra de mudança de faixa;1;Colisão traseira;Sem Vítimas;Plena Noite;Crescente;Céu Claro;Dupla;"Aclive;Reta";Sim  ;"1072565   ";Automóvel;RENAULT/LOGAN EXP 1016V;"2009      ";Passageiro;Ileso;"25   ";Feminino;"1 ";"0    ";"0    ";"0    ";-15.7373813;-48.2922812;SPRF-DF;DEL03-DF;UOP02-DEL03-DF 
600371;"1338944   ";2024-05-13;segunda-feira;23:53:00;GO;"70   ";"10   ";AGUAS LINDAS DE GOIAS;Sim;Manobra de mudança de faixa;1;Colisão traseira;Sem Vítimas;Plena Noite;Crescente;Céu Claro;Dupla;"Aclive;Reta";Sim  ;"1072565   ";Automóvel;RENAULT/LOGAN EXP 1016V;"2009      ";Condutor;Ileso;"28   ";Masculino;"1 ";"0    ";"0    ";"0    ";-15.7373813;-48.2922812;SPRF-DF;DEL03-DF;UOP02-DEL03-DF 
600371;"1338942   ";2024-05-13;segunda-feira;23:53:00;GO;"70   ";"10   ";AGUAS LINDAS DE GOIAS;Sim;Manobra de mudança de faixa;1;Colisão traseira;Sem Vítimas;Plena Noite;Crescente;Céu Claro;Dupla;"Aclive;Reta";Sim  ;"1072564   ";Automóvel;CHEVROLET/ONIX 10MT JOYE;"2019      ";Passageiro;Ileso;"59   ";Feminino;"1 ";"0    ";"0    ";"0    ";-15.7373813;-48.2922812;SPRF-DF;DEL03-DF;UOP02-DEL03-DF 
600371;"1338940   ";2024-05-13;segunda-feira;23:53:00;GO;"70   ";"10   ";AGUAS LINDAS DE GOIAS;Sim;Manobra de mudança de faixa;1;Colisão traseira;Sem Vítimas;Plena Noite;Crescente;Céu Claro;Dupla;"Aclive;Reta";Sim  ;"1072564   ";Automóvel;CHEVROLET/ONIX 10MT JOYE;"2019      ";Condutor;Ileso;"38   ";Masculino;"1 ";"0    ";"0    ";"0    ";-15.7373813;-48.2922812;SPRF-DF;DEL03-DF;UOP02-DEL03-DF 
600381;"1342453   ";2024-05-14;terça-feira;02:00:00;GO;"60   ";"46   ";ALEXANIA;Não;Falta de elemento de contenção que evite a saída do leito carroçável;1;Saída de leito carroçável;Com Vítimas Feridas;Plena Noite;Decrescente;Céu Claro;Dupla;"Curva;Aclive";Não  ;"1075324   ";Caminhonete;I/FORD RANGER XLSCD4A22C;"2020      ";Condutor;Lesões Leves;"42   ";Masculino;"0 ";"1    ";"0    ";"0    ";-16.1417000;-48.5988000;SPRF-GO;DEL02-GO;UOP01-DEL02-GO 
600381;"1342453   ";2024-05-14;terça-feira;02:00:00;GO;"60   ";"46   ";ALEXANIA;Não;Condutor Dormindo;1;Saída de leito carroçável;Com Vítimas Feridas;Plena Noite;Decrescente;Céu Claro;Dupla;"Curva;Aclive";Não  ;"1075324   ";Caminhonete;I/FORD RANGER XLSCD4A22C;"2020      ";Condutor;Lesões Leves;"42   ";Masculino;"0 ";"1    ";"0    ";"0    ";-16.1417000;-48.5988000;SPRF-GO;DEL02-GO;UOP01-DEL02-GO 
600381;"1342453   ";2024-05-14;terça-feira;02:00:00;GO;"60   ";"46   ";ALEXANIA;Sim;Velocidade Incompatível;1;Saída de leito carroçável;Com Vítimas Feridas;Plena Noite;Decrescente;Céu Claro;Dupla;"Curva;Aclive";Não  ;"1075324   ";Caminhonete;I/FORD RANGER XLSCD4A22C;"2020      ";Condutor;Lesões Leves;"42   ";Masculino;"0 ";"1    ";"0    ";"0    ";-16.1417000;-48.5988000;SPRF-GO;DEL02-GO;UOP01-DEL02-GO 
600450;"1339129   ";2024-05-14;terça-feira;10:58:00;DF;"20   ";"2,8  ";BRASILIA;Sim;Acessar a via sem observar a presença dos outros veículos;2;Tombamento;Com Vítimas Feridas;Pleno dia;Crescente;Céu Claro;Dupla;"Retorno Regulamentado;Reta;Declive";Sim  ;"1072713   ";Automóvel;VW/GOL 1.6 GIV;"2008      ";Condutor;Lesões Leves;"53   ";Masculino;"0 ";"1    ";"0    ";"0    ";-15.6828960;-47.8407290;SPRF-DF;DEL02-DF;UOP01-DEL02-DF 
600450;"1339128   ";2024-05-14;terça-feira;10:58:00;DF;"20   ";"2,8  ";BRASILIA;Sim;Acessar a via sem observar a presença dos outros veículos;2;Tombamento;Com Vítimas Feridas;Pleno dia;Crescente;Céu Claro;Dupla;"Retorno Regulamentado;Reta;Declive";Sim  ;"1072712   ";Automóvel;VW/NIVUS HL TSI;"2023      ";Condutor;Ileso;"81   ";Masculino;"1 ";"0    ";"0    ";"0    ";-15.6828960;-47.8407290;SPRF-DF;DEL02-DF;UOP01-DEL02-DF 
600450;"1339129   ";2024-05-14;terça-feira;10:58:00;DF;"20   ";"2,8  ";BRASILIA;Sim;Acessar a via sem observar a presença dos outros veículos;1;Colisão transversal;Com Vítimas Feridas;Pleno dia;Crescente;Céu Claro;Dupla;"Retorno Regulamentado;Reta;Declive";Sim  ;"1072713   ";Automóvel;VW/GOL 1.6 GIV;"2008      ";Condutor;Lesões Leves;"53   ";Masculino;"0 ";"1    ";"0    ";"0    ";-15.6828960;-47.8407290;SPRF-DF;DEL02-DF;UOP01-DEL02-DF 
600450;"1339128   ";2024-05-14;terça-feira;10:58:00;DF;"20   ";"2,8  ";BRASILIA;Sim;Acessar a via sem observar a presença dos outros veículos;1;Colisão transversal;Com Vítimas Feridas;Pleno dia;Crescente;Céu Claro;Dupla;"Retorno Regulamentado;Reta;Declive";Sim  ;"1072712   ";Automóvel;VW/NIVUS HL TSI;"2023      ";Condutor;Ileso;"81   ";Masculino;"1 ";"0    ";"0    ";"0    ";-15.6828960;-47.8407290;SPRF-DF;DEL02-DF;UOP01-DEL02-DF 
600469;"1339132   ";2024-05-14;terça-feira;13:12:00;GO;"40   ";"94,9 ";CRISTALINA;Sim;Acessar a via sem observar a presença dos outros veículos;1;Colisão transversal;Com Vítimas Feridas;Pleno dia;Decrescente;Céu Claro;Simples;Reta;Não  ;"1072719   ";Automóvel;FORD/KA SE 1.0 SD C;"2018      ";Condutor;Lesões Leves;"47   ";Masculino;"0 ";"1    ";"0    ";"0    ";-16.7436710;-47.6133730;SPRF-DF;DEL01-DF;UOP02-DEL01-DF 
600469;"1339133   ";2024-05-14;terça-feira;13:12:00;GO;"40   ";"94,9 ";CRISTALINA;Sim;Acessar a via sem observar a presença dos outros veículos;1;Colisão transversal;Com Vítimas Feridas;Pleno dia;Decrescente;Céu Claro;Simples;Reta;Não  ;"1072716   ";Automóvel;Não Informado/Não Informado;"0         ";Condutor;Não Informado;"0    ";Não Informado;"0 ";"0    ";"0    ";"0    ";-16.7436710;-47.6133730;SPRF-DF;DEL01-DF;UOP02-DEL01-DF 
600503;"1339393   ";2024-05-14;terça-feira;16:15:00;GO;"40   ";"1,8  ";VALPARAISO DE GOIAS;Sim;Reação tardia ou ineficiente do condutor;1;Engavetamento;Com Vítimas Feridas;Pleno dia;Crescente;Céu Claro;Dupla;Reta;Sim  ;"1072919   ";Automóvel;I/FORD FIESTA SD 1.6LTIA;"2014      ";Condutor;Ileso;"26   ";Masculino;"1 ";"0    ";"0    ";"0    ";-16.0671290;-47.9842350;SPRF-DF;DEL01-DF;UOP01-DEL01-DF 
600503;"1342334   ";2024-05-14;terça-feira;16:15:00;GO;"40   ";"1,8  ";VALPARAISO DE GOIAS;Sim;Reação tardia ou ineficiente do condutor;1;Engavetamento;Com Vítimas Feridas;Pleno dia;Crescente;Céu Claro;Dupla;Reta;Sim  ;"1072919   ";Automóvel;I/FORD FIESTA SD 1.6LTIA;"2014      ";Passageiro;Ileso;"28   ";Masculino;"1 ";"0    ";"0    ";"0    ";-16.0671290;-47.9842350;SPRF-DF;DEL01-DF;UOP01-DEL01-DF 
600503;"1342345   ";2024-05-14;terça-feira;16:15:00;GO;"40   ";"1,8  ";VALPARAISO DE GOIAS;Sim;Reação tardia ou ineficiente do condutor;1;Engavetamento;Com Vítimas Feridas;Pleno dia;Crescente;Céu Claro;Dupla;Reta;Sim  ;"1072919   ";Automóvel;I/FORD FIESTA SD 1.6LTIA;"2014      ";Passageiro;Ileso;"19   ";Feminino;"1 ";"0    ";"0    ";"0    ";-16.0671290;-47.9842350;SPRF-DF;DEL01-DF;UOP01-DEL01-DF 
600503;"1342343   ";2024-05-14;terça-feira;16:15:00;GO;"40   ";"1,8  ";VALPARAISO DE GOIAS;Sim;Reação tardia ou ineficiente do condutor;1;Engavetamento;Com Vítimas Feridas;Pleno dia;Crescente;Céu Claro;Dupla;Reta;Sim  ;"1072919   ";Automóvel;I/FORD FIESTA SD 1.6LTIA;"2014      ";Passageiro;Lesões Leves;"45   ";Feminino;"0 ";"1    ";"0    ";"0    ";-16.0671290;-47.9842350;SPRF-DF;DEL01-DF;UOP01-DEL01-DF 
600503;"1342359   ";2024-05-14;terça-feira;16:15:00;GO;"40   ";"1,8  ";VALPARAISO DE GOIAS;Sim;Reação tardia ou ineficiente do condutor;1;Engavetamento;Com Vítimas Feridas;Pleno dia;Crescente;Céu Claro;Dupla;Reta;Sim  ;"1072919   ";Automóvel;I/FORD FIESTA SD 1.6LTIA;"2014      ";Passageiro;Lesões Leves;"26   ";Feminino;"0 ";"1    ";"0    ";"0    ";-16.0671290;-47.9842350;SPRF-DF;DEL01-DF;UOP01-DEL01-DF 
600503;"0         ";2024-05-14;terça-feira;16:15:00;GO;"40   ";"1,8  ";VALPARAISO DE GOIAS;Sim;Reação tardia ou ineficiente do condutor;1;Engavetamento;Com Vítimas Feridas;Pleno dia;Crescente;Céu Claro;Dupla;Reta;Sim  ;"1074907   ";Semireboque;SR/RANDON SR FG LO 3E;"2023      ";"0";"0";"0    ";"0";"0 ";"0    ";"0    ";"0    ";-16.0671290;-47.9842350;SPRF-DF;DEL01-DF;UOP01-DEL01-DF 
600503;"1342372   ";2024-05-14;terça-feira;16:15:00;GO;"40   ";"1,8  ";VALPARAISO DE GOIAS;Sim;Reação tardia ou ineficiente do condutor;1;Engavetamento;Com Vítimas Feridas;Pleno dia;Crescente;Céu Claro;Dupla;Reta;Sim  ;"1074905   ";Caminhão-trator;VOLVO/FH 440 6X2T;"2010      ";Condutor;Ileso;"43   ";Masculino;"1 ";"0    ";"0    ";"0    ";-16.0671290;-47.9842350;SPRF-DF;DEL01-DF;UOP01-DEL01-DF 
600503;"0         ";2024-05-14;terça-feira;16:15:00;GO;"40   ";"1,8  ";VALPARAISO DE GOIAS;Sim;Reação tardia ou ineficiente do condutor;1;Engavetamento;Com Vítimas Feridas;Pleno dia;Crescente;Céu Claro;Dupla;Reta;Sim  ;"1075226   ";Reboque;REB/REAL SOLAR;"2002      ";"0";"0";"0    ";"0";"0 ";"0    ";"0    ";"0    ";-16.0671290;-47.9842350;SPRF-DF;DEL01-DF;UOP01-DEL01-DF 
600503;"1342373   ";2024-05-14;terça-feira;16:15:00;GO;"40   ";"1,8  ";VALPARAISO DE GOIAS;Sim;Reação tardia ou ineficiente do condutor;1;Engavetamento;Com Vítimas Feridas;Pleno dia;Crescente;Céu Claro;Dupla;Reta;Sim  ;"1075219   ";Caminhonete;GM/S10 ADVANTAGE D;"2007      ";Condutor;Ileso;"58   ";Masculino;"1 ";"0    ";"0    ";"0    ";-16.0671290;-47.9842350;SPRF-DF;DEL01-DF;UOP01-DEL01-DF 
600503;"1342374   ";2024-05-14;terça-feira;16:15:00;GO;"40   ";"1,8  ";VALPARAISO DE GOIAS;Sim;Reação tardia ou ineficiente do condutor;1;Engavetamento;Com Vítimas Feridas;Pleno dia;Crescente;Céu Claro;Dupla;Reta;Sim  ;"1075219   ";Caminhonete;GM/S10 ADVANTAGE D;"2007      ";Passageiro;Ileso;"59   ";Masculino;"1 ";"0    ";"0    ";"0    ";-16.0671290;-47.9842350;SPRF-DF;DEL01-DF;UOP01-DEL01-DF 
600612;"1339484   ";2024-05-15;quarta-feira;07:05:00;GO;"40   ";"7    ";VALPARAISO DE GOIAS;Não;Acessar a via sem observar a presença dos outros veículos;2;Saída de leito carroçável;Com Vítimas Feridas;Pleno dia;Crescente;Céu Claro;Dupla;Reta;Sim  ;"1072999   ";Motocicleta;HONDA/CG 160 FAN;"2021      ";Condutor;Lesões Leves;"21   ";Masculino;"0 ";"1    ";"0    ";"0    ";-16.1088337;-47.9719734;SPRF-DF;DEL01-DF;UOP01-DEL01-DF 