id;pesid;data_inversa;dia_semana;horario;uf;br;km;municipio;causa_principal;causa_acidente;ordem_tipo_acidente;tipo_acidente;classificacao_acidente;fase_dia;sentido_via;condicao_metereologica;tipo_pista;tracado_via;uso_solo;id_veiculo;tipo_veiculo;marca;ano_fabricacao_veiculo;tipo_envolvido;estado_fisico;idade;sexo;ilesos;feridos_leves;feridos_graves;mortos;latitude;longitude;regional;delegacia;uop
601236;"1341086   ";2024-05-18;sábado;05:10:00;DF;"70   ";"7    ";BRASILIA;Não;Avarias e/ou desgaste excessivo no pneu;2;Capotamento;Com Vítimas Feridas;Amanhecer;Decrescente;Céu Claro;Dupla;Reta;Sim  ;"1074252   ";Automóvel;I/RENAULT CLIO EXP1016VH;"2015      ";Passageiro;Lesões Leves;"31   ";Masculino;"0 ";"1    ";"0    ";"0    ";-15.7861720;-48.1193480;SPRF-DF;DEL03-DF;UOP02-DEL03-DF 
601236;"1341084   ";2024-05-18;sábado;05:10:00;DF;"70   ";"7    ";BRASILIA;Não;Avarias e/ou desgaste excessivo no pneu;2;Capotamento;Com Vítimas Feridas;Amanhecer;Decrescente;Céu Claro;Dupla;Reta;Sim  ;"1074252   ";Automóvel;I/RENAULT CLIO EXP1016VH;"2015      ";Condutor;Lesões Leves;"31   ";Masculino;"0 ";"1    ";"0    ";"0    ";-15.7861720;-48.1193480;SPRF-DF;DEL03-DF;UOP02-DEL03-DF 
601236;"1341086   ";2024-05-18;sábado;05:10:00;DF;"70   ";"7    ";BRASILIA;Não;Velocidade Incompatível;2;Capotamento;Com Vítimas Feridas;Amanhecer;Decrescente;Céu Claro;Dupla;Reta;Sim  ;"1074252   ";Automóvel;I/RENAULT CLIO EXP1016VH;"2015      ";Passageiro;Lesões Leves;"31   ";Masculino;"0 ";"1    ";"0    ";"0    ";-15.7861720;-48.1193480;SPRF-DF;DEL03-DF;UOP02-DEL03-DF 
601236;"1341084   ";2024-05-18;sábado;05:10:00;DF;"70   ";"7    ";BRASILIA;Não;Velocidade Incompatível;2;Capotamento;Com Vítimas Feridas;Amanhecer;Decrescente;Céu Claro;Dupla;Reta;Sim  ;"1074252   ";Automóvel;I/RENAULT CLIO EXP1016VH;"2015      ";Condutor;Lesões Leves;"31   ";Masculino;"0 ";"1    ";"0    ";"0    ";-15.7861720;-48.1193480;SPRF-DF;DEL03-DF;UOP02-DEL03-DF 
601236;"1341086   ";2024-05-18;sábado;05:10:00;DF;"70   ";"7    ";BRASILIA;Sim;Ausência de reação do condutor;2;Capotamento;Com Vítimas Feridas;Amanhecer;Decrescente;Céu Claro;Dupla;Reta;Sim  ;"1074252   ";Automóvel;I/RENAULT CLIO EXP1016VH;"2015      ";Passageiro;Lesões Leves;"31   ";Masculino;"0 ";"1    ";"0    ";"0    ";-15.7861720;-48.1193480;SPRF-DF;DEL03-DF;UOP02-DEL03-DF 
601236;"1341084   ";2024-05-18;sábado;05:10:00;DF;"70   ";"7    ";BRASILIA;Sim;Ausência de reação do condutor;2;Capotamento;Com Vítimas Feridas;Amanhecer;Decrescente;Céu Claro;Dupla;Reta;Sim  ;"1074252   ";Automóvel;I/RENAULT CLIO EXP1016VH;"2015      ";Condutor;Lesões Leves;"31   ";Masculino;"0 ";"1    ";"0    ";"0    ";-15.7861720;-48.1193480;SPRF-DF;DEL03-DF;UOP02-DEL03-DF 
601236;"1341086   ";2024-05-18;sábado;05:10:00;DF;"70   ";"7    ";BRASILIA;Não;Avarias e/ou desgaste excessivo no pneu;1;Saída de leito carroçável;Com Vítimas Feridas;Amanhecer;Decrescente;Céu Claro;Dupla;Reta;Sim  ;"1074252   ";Automóvel;I/RENAULT CLIO EXP1016VH;"2015      ";Passageiro;Lesões Leves;"31   ";Masculino;"0 ";"1    ";"0    ";"0    ";-15.7861720;-48.1193480;SPRF-DF;DEL03-DF;UOP02-DEL03-DF 
601236;"1341084   ";2024-05-18;sábado;05:10:00;DF;"70   ";"7    ";BRASILIA;Não;Avarias e/ou desgaste excessivo no pneu;1;Saída de leito carroçável;Com Vítimas Feridas;Amanhecer;Decrescente;Céu Claro;Dupla;Reta;Sim  ;"1074252   ";Automóvel;I/RENAULT CLIO EXP1016VH;"2015      ";Condutor;Lesões Leves;"31   ";Masculino;"0 ";"1    ";"0    ";"0    ";-15.7861720;-48.1193480;SPRF-DF;DEL03-DF;UOP02-DEL03-DF 
601236;"1341086   ";2024-05-18;sábado;05:10:00;DF;"70   ";"7    ";BRASILIA;Não;Velocidade Incompatível;1;Saída de leito carroçável;Com Vítimas Feridas;Amanhecer;Decrescente;Céu Claro;Dupla;Reta;Sim  ;"1074252   ";Automóvel;I/RENAULT CLIO EXP1016VH;"2015      ";Passageiro;Lesões Leves;"31   ";Masculino;"0 ";"1    ";"0    ";"0    ";-15.7861720;-48.1193480;SPRF-DF;DEL03-DF;UOP02-DEL03-DF 
601236;"1341084   ";2024-05-18;sábado;05:10:00;DF;"70   ";"7    ";BRASILIA;Não;Velocidade Incompatível;1;Saída de leito carroçável;Com Vítimas Feridas;Amanhecer;Decrescente;Céu Claro;Dupla;Reta;Sim  ;"1074252   ";Automóvel;I/RENAULT CLIO EXP1016VH;"2015      ";Condutor;Lesões Leves;"31   ";Masculino;"0 ";"1    ";"0    ";"0    ";-15.7861720;-48.1193480;SPRF-DF;DEL03-DF;UOP02-DEL03-DF 
601236;"1341086   ";2024-05-18;sábado;05:10:00;DF;"70   ";"7    ";BRASILIA;Sim;Ausência de reação do condutor;1;Saída de leito carroçável;Com Vítimas Feridas;Amanhecer;Decrescente;Céu Claro;Dupla;Reta;Sim  ;"1074252   ";Automóvel;I/RENAULT CLIO EXP1016VH;"2015      ";Passageiro;Lesões Leves;"31   ";Masculino;"0 ";"1    ";"0    ";"0    ";-15.7861720;-48.1193480;SPRF-DF;DEL03-DF;UOP02-DEL03-DF 
601236;"1341084   ";2024-05-18;sábado;05:10:00;DF;"70   ";"7    ";BRASILIA;Sim;Ausência de reação do condutor;1;Saída de leito carroçável;Com Vítimas Feridas;Amanhecer;Decrescente;Céu Claro;Dupla;Reta;Sim  ;"1074252   ";Automóvel;I/RENAULT CLIO EXP1016VH;"2015      ";Condutor;Lesões Leves;"31   ";Masculino;"0 ";"1    ";"0    ";"0    ";-15.7861720;-48.1193480;SPRF-DF;DEL03-DF;UOP02-DEL03-DF 
601310;"1341327   ";2024-05-18;sábado;10:30:00;DF;"80   ";"10   ";BRASILIA;Não;Trafegar com motocicleta (ou similar) entre as faixas;2;Queda de ocupante de veículo;Com Vítimas Feridas;Pleno dia;Crescente;Céu Claro;Simples;Ponte;Não  ;"1074442   ";Caminhão;M.BENZ/L 1113;"1975      ";Condutor;Ileso;"27   ";Masculino;"1 ";"0    ";"0    ";"0    ";-15.7310000;-48.1689380;SPRF-DF;DEL03-DF;UOP02-DEL03-DF 
601310;"1341328   ";2024-05-18;sábado;10:30:00;DF;"80   ";"10   ";BRASILIA;Não;Trafegar com motocicleta (ou similar) entre as faixas;2;Queda de ocupante de veículo;Com Vítimas Feridas;Pleno dia;Crescente;Céu Claro;Simples;Ponte;Não  ;"1074443   ";Motocicleta;YAMAHA/XT660Z TENERE;"2011      ";Condutor;Lesões Graves;"30   ";Masculino;"0 ";"0    ";"1    ";"0    ";-15.7310000;-48.1689380;SPRF-DF;DEL03-DF;UOP02-DEL03-DF 
601310;"1341329   ";2024-05-18;sábado;10:30:00;DF;"80   ";"10   ";BRASILIA;Não;Trafegar com motocicleta (ou similar) entre as faixas;2;Queda de ocupante de veículo;Com Vítimas Feridas;Pleno dia;Crescente;Céu Claro;Simples;Ponte;Não  ;"1074443   ";Motocicleta;YAMAHA/XT660Z TENERE;"2011      ";Passageiro;Lesões Graves;"27   ";Feminino;"0 ";"0    ";"1    ";"0    ";-15.7310000;-48.1689380;SPRF-DF;DEL03-DF;UOP02-DEL03-DF 
601310;"1341327   ";2024-05-18;sábado;10:30:00;DF;"80   ";"10   ";BRASILIA;Sim;Ausência de reação do condutor;2;Queda de ocupante de veículo;Com Vítimas Feridas;Pleno dia;Crescente;Céu Claro;Simples;Ponte;Não  ;"1074442   ";Caminhão;M.BENZ/L 1113;"1975      ";Condutor;Ileso;"27   ";Masculino;"1 ";"0    ";"0    ";"0    ";-15.7310000;-48.1689380;SPRF-DF;DEL03-DF;UOP02-DEL03-DF 
601310;"1341328   ";2024-05-18;sábado;10:30:00;DF;"80   ";"10   ";BRASILIA;Sim;Ausência de reação do condutor;2;Queda de ocupante de veículo;Com Vítimas Feridas;Pleno dia;Crescente;Céu Claro;Simples;Ponte;Não  ;"1074443   ";Motocicleta;YAMAHA/XT660Z TENERE;"2011      ";Condutor;Lesões Graves;"30   ";Masculino;"0 ";"0    ";"1    ";"0    ";-15.7310000;-48.1689380;SPRF-DF;DEL03-DF;UOP02-DEL03-DF 
601310;"1341329   ";2024-05-18;sábado;10:30:00;DF;"80   ";"10   ";BRASILIA;Sim;Ausência de reação do condutor;2;Queda de ocupante de veículo;Com Vítimas Feridas;Pleno dia;Crescente;Céu Claro;Simples;Ponte;Não  ;"1074443   ";Motocicleta;YAMAHA/XT660Z TENERE;"2011      ";Passageiro;Lesões Graves;"27   ";Feminino;"0 ";"0    ";"1    ";"0    ";-15.7310000;-48.1689380;SPRF-DF;DEL03-DF;UOP02-DEL03-DF 
601310;"1341327   ";2024-05-18;sábado;10:30:00;DF;"80   ";"10   ";BRASILIA;Não;Trafegar com motocicleta (ou similar) entre as faixas;1;Colisão traseira;Com Vítimas Feridas;Pleno dia;Crescente;Céu Claro;Simples;Ponte;Não  ;"1074442   ";Caminhão;M.BENZ/L 1113;"1975      ";Condutor;Ileso;"27   ";Masculino;"1 ";"0    ";"0    ";"0    ";-15.7310000;-48.1689380;SPRF-DF;DEL03-DF;UOP02-DEL03-DF 
601310;"1341328   ";2024-05-18;sábado;10:30:00;DF;"80   ";"10   ";BRASILIA;Não;Trafegar com motocicleta (ou similar) entre as faixas;1;Colisão traseira;Com Vítimas Feridas;Pleno dia;Crescente;Céu Claro;Simples;Ponte;Não  ;"1074443   ";Motocicleta;YAMAHA/XT660Z TENERE;"2011      ";Condutor;Lesões Graves;"30   ";Masculino;"0 ";"0    ";"1    ";"0    ";-15.7310000;-48.1689380;SPRF-DF;DEL03-DF;UOP02-DEL03-DF 
601310;"1341329   ";2024-05-18;sábado;10:30:00;DF;"80   ";"10   ";BRASILIA;Não;Trafegar com motocicleta (ou similar) entre as faixas;1;Colisão traseira;Com Vítimas Feridas;Pleno dia;Crescente;Céu Claro;Simples;Ponte;Não  ;"1074443   ";Motocicleta;YAMAHA/XT660Z TENERE;"2011      ";Passageiro;Lesões Graves;"27   ";Feminino;"0 ";"0    ";"1    ";"0    ";-15.7310000;-48.1689380;SPRF-DF;DEL03-DF;UOP02-DEL03-DF 
601310;"1341327   ";2024-05-18;sábado;10:30:00;DF;"80   ";"10   ";BRASILIA;Sim;Ausência de reação do condutor;1;Colisão traseira;Com Vítimas Feridas;Pleno dia;Crescente;Céu Claro;Simples;Ponte;Não  ;"1074442   ";Caminhão;M.BENZ/L 1113;"1975      ";Condutor;Ileso;"27   ";Masculino;"1 ";"0    ";"0    ";"0    ";-15.7310000;-48.1689380;SPRF-DF;DEL03-DF;UOP02-DEL03-DF 
601310;"1341328   ";2024-05-18;sábado;10:30:00;DF;"80   ";"10   ";BRASILIA;Sim;Ausência de reação do condutor;1;Colisão traseira;Com Vítimas Feridas;Pleno dia;Crescente;Céu Claro;Simples;Ponte;Não  ;"1074443   ";Motocicleta;YAMAHA/XT660Z TENERE;"2011      ";Condutor;Lesões Graves;"30   ";Masculino;"0 ";"0    ";"1    ";"0    ";-15.7310000;-48.1689380;SPRF-DF;DEL03-DF;UOP02-DEL03-DF 
601310;"1341329   ";2024-05-18;sábado;10:30:00;DF;"80   ";"10   ";BRASILIA;Sim;Ausência de reação do condutor;1;Colisão traseira;Com Vítimas Feridas;Pleno dia;Crescente;Céu Claro;Simples;Ponte;Não  ;"1074443   ";Motocicleta;YAMAHA/XT660Z TENERE;"2011      ";Passageiro;Lesões Graves;"27   ";Feminino;"0 ";"0    ";"1    ";"0    ";-15.7310000;-48.1689380;SPRF-DF;DEL03-DF;UOP02-DEL03-DF 
601329;"1341314   ";2024-05-18;sábado;11:35:00;DF;"60   ";"4    ";BRASILIA;Sim;Avarias e/ou desgaste excessivo no pneu;1;Queda de ocupante de veículo;Com Vítimas Feridas;Pleno dia;Crescente;Céu Claro;Dupla;Reta;Não  ;"1074428   ";Motocicleta;HONDA/POP 110I;"2023      ";Condutor;Lesões Leves;"31   ";Masculino;"0 ";"1    ";"0    ";"0    ";-15.8927210;-48.0957410;SPRF-DF;DEL03-DF;UOP01-DEL03-DF 
601344;"1341415   ";2024-05-18;sábado;13:20:00;DF;"40   ";"5    ";BRASILIA;Sim;Manobra de mudança de faixa;2;Colisão lateral mesmo sentido;Com Vítimas Feridas;Pleno dia;Crescente;Céu Claro;Dupla;Reta;Sim  ;"1074509   ";Automóvel;VW/UP CONNECT TSI MD;"2019      ";Passageiro;Ileso;"11   ";Masculino;"1 ";"0    ";"0    ";"0    ";-16.0209030;-47.9805410;SPRF-DF;DEL01-DF;UOP01-DEL01-DF 
601344;"1341414   ";2024-05-18;sábado;13:20:00;DF;"40   ";"5    ";BRASILIA;Sim;Manobra de mudança de faixa;2;Colisão lateral mesmo sentido;Com Vítimas Feridas;Pleno dia;Crescente;Céu Claro;Dupla;Reta;Sim  ;"1074509   ";Automóvel;VW/UP CONNECT TSI MD;"2019      ";Condutor;Lesões Leves;"41   ";Feminino;"0 ";"1    ";"0    ";"0    ";-16.0209030;-47.9805410;SPRF-DF;DEL01-DF;UOP01-DEL01-DF 
601344;"1341412   ";2024-05-18;sábado;13:20:00;DF;"40   ";"5    ";BRASILIA;Sim;Manobra de mudança de faixa;2;Colisão lateral mesmo sentido;Com Vítimas Feridas;Pleno dia;Crescente;Céu Claro;Dupla;Reta;Sim  ;"1074508   ";Automóvel;VW/NOVO VOYAGE 1.0;"2012      ";Condutor;Ileso;"45   ";Masculino;"1 ";"0    ";"0    ";"0    ";-16.0209030;-47.9805410;SPRF-DF;DEL01-DF;UOP01-DEL01-DF 
601344;"1341413   ";2024-05-18;sábado;13:20:00;DF;"40   ";"5    ";BRASILIA;Sim;Manobra de mudança de faixa;2;Colisão lateral mesmo sentido;Com Vítimas Feridas;Pleno dia;Crescente;Céu Claro;Dupla;Reta;Sim  ;"1074508   ";Automóvel;VW/NOVO VOYAGE 1.0;"2012      ";Passageiro;Lesões Leves;"55   ";Feminino;"0 ";"1    ";"0    ";"0    ";-16.0209030;-47.9805410;SPRF-DF;DEL01-DF;UOP01-DEL01-DF 
601344;"1341416   ";2024-05-18;sábado;13:20:00;DF;"40   ";"5    ";BRASILIA;Sim;Manobra de mudança de faixa;2;Colisão lateral mesmo sentido;Com Vítimas Feridas;Pleno dia;Crescente;Céu Claro;Dupla;Reta;Sim  ;"1074510   ";Ônibus;M.BENZ/INDUSCAR APACHE U;"2019      ";Condutor;Ileso;"34   ";Masculino;"1 ";"0    ";"0    ";"0    ";-16.0209030;-47.9805410;SPRF-DF;DEL01-DF;UOP01-DEL01-DF 
601344;"1341417   ";2024-05-18;sábado;13:20:00;DF;"40   ";"5    ";BRASILIA;Sim;Manobra de mudança de faixa;2;Colisão lateral mesmo sentido;Com Vítimas Feridas;Pleno dia;Crescente;Céu Claro;Dupla;Reta;Sim  ;"1074510   ";Ônibus;M.BENZ/INDUSCAR APACHE U;"2019      ";Passageiro;Ileso;"0    ";Feminino;"1 ";"0    ";"0    ";"0    ";-16.0209030;-47.9805410;SPRF-DF;DEL01-DF;UOP01-DEL01-DF 
601344;"1341415   ";2024-05-18;sábado;13:20:00;DF;"40   ";"5    ";BRASILIA;Sim;Manobra de mudança de faixa;1;Colisão traseira;Com Vítimas Feridas;Pleno dia;Crescente;Céu Claro;Dupla;Reta;Sim  ;"1074509   ";Automóvel;VW/UP CONNECT TSI MD;"2019      ";Passageiro;Ileso;"11   ";Masculino;"1 ";"0    ";"0    ";"0    ";-16.0209030;-47.9805410;SPRF-DF;DEL01-DF;UOP01-DEL01-DF 
601344;"1341414   ";2024-05-18;sábado;13:20:00;DF;"40   ";"5    ";BRASILIA;Sim;Manobra de mudança de faixa;1;Colisão traseira;Com Vítimas Feridas;Pleno dia;Crescente;Céu Claro;Dupla;Reta;Sim  ;"1074509   ";Automóvel;VW/UP CONNECT TSI MD;"2019      ";Condutor;Lesões Leves;"41   ";Feminino;"0 ";"1    ";"0    ";"0    ";-16.0209030;-47.9805410;SPRF-DF;DEL01-DF;UOP01-DEL01-DF 
601344;"1341412   ";2024-05-18;sábado;13:20:00;DF;"40   ";"5    ";BRASILIA;Sim;Manobra de mudança de faixa;1;Colisão traseira;Com Vítimas Feridas;Pleno dia;Crescente;Céu Claro;Dupla;Reta;Sim  ;"1074508   ";Automóvel;VW/NOVO VOYAGE 1.0;"2012      ";Condutor;Ileso;"45   ";Masculino;"1 ";"0    ";"0    ";"0    ";-16.0209030;-47.9805410;SPRF-DF;DEL01-DF;UOP01-DEL01-DF 
601344;"1341413   ";2024-05-18;sábado;13:20:00;DF;"40   ";"5    ";BRASILIA;Sim;Manobra de mudança de faixa;1;Colisão traseira;Com Vítimas Feridas;Pleno dia;Crescente;Céu Claro;Dupla;Reta;Sim  ;"1074508   ";Automóvel;VW/NOVO VOYAGE 1.0;"2012      ";Passageiro;Lesões Leves;"55   ";Feminino;"0 ";"1    ";"0    ";"0    ";-16.0209030;-47.9805410;SPRF-DF;DEL01-DF;UOP01-DEL01-DF 
601344;"1341416   ";2024-05-18;sábado;13:20:00;DF;"40   ";"5    ";BRASILIA;Sim;Manobra de mudança de faixa;1;Colisão traseira;Com Vítimas Feridas;Pleno dia;Crescente;Céu Claro;Dupla;Reta;Sim  ;"1074510   ";Ônibus;M.BENZ/INDUSCAR APACHE U;"2019      ";Condutor;Ileso;"34   ";Masculino;"1 ";"0    ";"0    ";"0    ";-16.0209030;-47.9805410;SPRF-DF;DEL01-DF;UOP01-DEL01-DF 
601344;"1341417   ";2024-05-18;sábado;13:20:00;DF;"40   ";"5    ";BRASILIA;Sim;Manobra de mudança de faixa;1;Colisão traseira;Com Vítimas Feridas;Pleno dia;Crescente;Céu Claro;Dupla;Reta;Sim  ;"1074510   ";Ônibus;M.BENZ/INDUSCAR APACHE U;"2019      ";Passageiro;Ileso;"0    ";Feminino;"1 ";"0    ";"0    ";"0    ";-16.0209030;-47.9805410;SPRF-DF;DEL01-DF;UOP01-DEL01-DF 
601377;"1341511   ";2024-05-18;sábado;16:08:00;DF;"70   ";"7    ";BRASILIA;Sim;Acessar a via sem observar a presença dos outros veículos;1;Colisão transversal;Com Vítimas Feridas;Pleno dia;Crescente;Céu Claro;Múltipla;"Reta;Retorno Regulamentado";Sim  ;"1074582   ";Bicicleta;Não Informado/Não Informado;"0         ";Condutor;Lesões Leves;"46   ";Masculino;"0 ";"1    ";"0    ";"0    ";-15.7876010;-48.1144290;SPRF-DF;DEL03-DF;UOP02-DEL03-DF 
601377;"1341519   ";2024-05-18;sábado;16:08:00;DF;"70   ";"7    ";BRASILIA;Sim;Acessar a via sem observar a presença dos outros veículos;1;Colisão transversal;Com Vítimas Feridas;Pleno dia;Crescente;Céu Claro;Múltipla;"Reta;Retorno Regulamentado";Sim  ;"1074583   ";Caminhonete;FORD/F250 XL L;"1999      ";Condutor;Ileso;"40   ";Masculino;"1 ";"0    ";"0    ";"0    ";-15.7876010;-48.1144290;SPRF-DF;DEL03-DF;UOP02-DEL03-DF 
601394;"1341455   ";2024-05-18;sábado;18:10:00;DF;"70   ";"15   ";BRASILIA;Sim;Reação tardia ou ineficiente do condutor;1;Queda de ocupante de veículo;Com Vítimas Feridas;Plena Noite;Crescente;Céu Claro;Dupla;Reta;Não  ;"1074547   ";Motocicleta;HONDA/CG 150 FAN ESI;"2013      ";Condutor;Lesões Leves;"55   ";Masculino;"0 ";"1    ";"0    ";"0    ";-15.7988880;-48.1850430;SPRF-DF;DEL03-DF;UOP02-DEL03-DF 
601442;"1341597   ";2024-05-18;sábado;22:00:00;DF;"70   ";"12   ";BRASILIA;Sim;Reação tardia ou ineficiente do condutor;2;Capotamento;Com Vítimas Feridas;Plena Noite;Decrescente;Céu Claro;Dupla;Reta;Sim  ;"1074666   ";Automóvel;RENAULT/SANDERO EXP1016V;"2011      ";Passageiro;Ileso;"28   ";Feminino;"1 ";"0    ";"0    ";"0    ";-15.7922430;-48.1585430;SPRF-DF;DEL03-DF;UOP02-DEL03-DF 
601442;"1341596   ";2024-05-18;sábado;22:00:00;DF;"70   ";"12   ";BRASILIA;Sim;Reação tardia ou ineficiente do condutor;2;Capotamento;Com Vítimas Feridas;Plena Noite;Decrescente;Céu Claro;Dupla;Reta;Sim  ;"1074666   ";Automóvel;RENAULT/SANDERO EXP1016V;"2011      ";Condutor;Ileso;"58   ";Masculino;"1 ";"0    ";"0    ";"0    ";-15.7922430;-48.1585430;SPRF-DF;DEL03-DF;UOP02-DEL03-DF 
601442;"1341599   ";2024-05-18;sábado;22:00:00;DF;"70   ";"12   ";BRASILIA;Sim;Reação tardia ou ineficiente do condutor;2;Capotamento;Com Vítimas Feridas;Plena Noite;Decrescente;Céu Claro;Dupla;Reta;Sim  ;"1074666   ";Automóvel;RENAULT/SANDERO EXP1016V;"2011      ";Passageiro;Lesões Leves;"49   ";Feminino;"0 ";"1    ";"0    ";"0    ";-15.7922430;-48.1585430;SPRF-DF;DEL03-DF;UOP02-DEL03-DF 
601442;"1341597   ";2024-05-18;sábado;22:00:00;DF;"70   ";"12   ";BRASILIA;Sim;Reação tardia ou ineficiente do condutor;1;Saída de leito carroçável;Com Vítimas Feridas;Plena Noite;Decrescente;Céu Claro;Dupla;Reta;Sim  ;"1074666   ";Automóvel;RENAULT/SANDERO EXP1016V;"2011      ";Passageiro;Ileso;"28   ";Feminino;"1 ";"0    ";"0    ";"0    ";-15.7922430;-48.1585430;SPRF-DF;DEL03-DF;UOP02-DEL03-DF 
601442;"1341596   ";2024-05-18;sábado;22:00:00;DF;"70   ";"12   ";BRASILIA;Sim;Reação tardia ou ineficiente do condutor;1;Saída de leito carroçável;Com Vítimas Feridas;Plena Noite;Decrescente;Céu Claro;Dupla;Reta;Sim  ;"1074666   ";Automóvel;RENAULT/SANDERO EXP1016V;"2011      ";Condutor;Ileso;"58   ";Masculino;"1 ";"0    ";"0    ";"0    ";-15.7922430;-48.1585430;SPRF-DF;DEL03-DF;UOP02-DEL03-DF 
601442;"1341599   ";2024-05-18;sábado;22:00:00;DF;"70   ";"12   ";BRASILIA;Sim;Reação tardia ou ineficiente do condutor;1;Saída de leito carroçável;Com Vítimas Feridas;Plena Noite;Decrescente;Céu Claro;Dupla;Reta;Sim  ;"1074666   ";Automóvel;RENAULT/SANDERO EXP1016V;"2011      ";Passageiro;Lesões Leves;"49   ";Feminino;"0 ";"1    ";"0    ";"0    ";-15.7922430;-48.1585430;SPRF-DF;DEL03-DF;UOP02-DEL03-DF 
601513;"1341753   ";2024-05-19;domingo;06:50:00;DF;"60   ";"23   ";BRASILIA;Sim;Velocidade Incompatível;3;Queda de ocupante de veículo;Com Vítimas Feridas;Amanhecer;Crescente;Céu Claro;Dupla;"Curva;Em Obras";Não  ;"1074777   ";Motocicleta;TRIUMPH/DAYTONA 675R;"2016      ";Condutor;Lesões Leves;"33   ";Masculino;"0 ";"1    ";"0    ";"0    ";-15.9882080;-48.2237870;SPRF-DF;DEL03-DF;UOP01-DEL03-DF 
601513;"1342407   ";2024-05-19;domingo;06:50:00;DF;"60   ";"23   ";BRASILIA;Sim;Velocidade Incompatível;3;Queda de ocupante de veículo;Com Vítimas Feridas;Amanhecer;Crescente;Céu Claro;Dupla;"Curva;Em Obras";Não  ;"0         ";"0";NA/NA;"0         ";Testemunha;Não Informado;"0    ";Não Informado;"0 ";"0    ";"0    ";"0    ";-15.9882080;-48.2237870;SPRF-DF;DEL03-DF;UOP01-DEL03-DF 
601513;"1341753   ";2024-05-19;domingo;06:50:00;DF;"60   ";"23   ";BRASILIA;Sim;Velocidade Incompatível;2;Tombamento;Com Vítimas Feridas;Amanhecer;Crescente;Céu Claro;Dupla;"Curva;Em Obras";Não  ;"1074777   ";Motocicleta;TRIUMPH/DAYTONA 675R;"2016      ";Condutor;Lesões Leves;"33   ";Masculino;"0 ";"1    ";"0    ";"0    ";-15.9882080;-48.2237870;SPRF-DF;DEL03-DF;UOP01-DEL03-DF 
601513;"1342407   ";2024-05-19;domingo;06:50:00;DF;"60   ";"23   ";BRASILIA;Sim;Velocidade Incompatível;2;Tombamento;Com Vítimas Feridas;Amanhecer;Crescente;Céu Claro;Dupla;"Curva;Em Obras";Não  ;"0         ";"0";NA/NA;"0         ";Testemunha;Não Informado;"0    ";Não Informado;"0 ";"0    ";"0    ";"0    ";-15.9882080;-48.2237870;SPRF-DF;DEL03-DF;UOP01-DEL03-DF 
601513;"1341753   ";2024-05-19;domingo;06:50:00;DF;"60   ";"23   ";BRASILIA;Sim;Velocidade Incompatível;1;Colisão com objeto;Com Vítimas Feridas;Amanhecer;Crescente;Céu Claro;Dupla;"Curva;Em Obras";Não  ;"1074777   ";Motocicleta;TRIUMPH/DAYTONA 675R;"2016      ";Condutor;Lesões Leves;"33   ";Masculino;"0 ";"1    ";"0    ";"0    ";-15.9882080;-48.2237870;SPRF-DF;DEL03-DF;UOP01-DEL03-DF 
601513;"1342407   ";2024-05-19;domingo;06:50:00;DF;"60   ";"23   ";BRASILIA;Sim;Velocidade Incompatível;1;Colisão com objeto;Com Vítimas Feridas;Amanhecer;Crescente;Céu Claro;Dupla;"Curva;Em Obras";Não  ;"0         ";"0";NA/NA;"0         ";Testemunha;Não Informado;"0    ";Não Informado;"0 ";"0    ";"0    ";"0    ";-15.9882080;-48.2237870;SPRF-DF;DEL03-DF;UOP01-DEL03-DF 
601522;"1341752   ";2024-05-19;domingo;06:00:00;DF;"20   ";"10,2 ";BRASILIA;Não;Ausência de reação do condutor;2;Colisão com objeto;Sem Vítimas;Amanhecer;Crescente;Céu Claro;Dupla;"Reta;Retorno Regulamentado";Sim  ;"1074775   ";Automóvel;VW/GOL 16V PLUS;"2004      ";Condutor;Não Informado;"0    ";Não Informado;"0 ";"0    ";"0    ";"0    ";-15.6502430;-47.7738720;SPRF-DF;DEL02-DF;UOP01-DEL02-DF 
601522;"1341752   ";2024-05-19;domingo;06:00:00;DF;"20   ";"10,2 ";BRASILIA;Sim;Reação tardia ou ineficiente do condutor;2;Colisão com objeto;Sem Vítimas;Amanhecer;Crescente;Céu Claro;Dupla;"Reta;Retorno Regulamentado";Sim  ;"1074775   ";Automóvel;VW/GOL 16V PLUS;"2004      ";Condutor;Não Informado;"0    ";Não Informado;"0 ";"0    ";"0    ";"0    ";-15.6502430;-47.7738720;SPRF-DF;DEL02-DF;UOP01-DEL02-DF 
601522;"1341752   ";2024-05-19;domingo;06:00:00;DF;"20   ";"10,2 ";BRASILIA;Não;Ausência de reação do condutor;1;Saída de leito carroçável;Sem Vítimas;Amanhecer;Crescente;Céu Claro;Dupla;"Reta;Retorno Regulamentado";Sim  ;"1074775   ";Automóvel;VW/GOL 16V PLUS;"2004      ";Condutor;Não Informado;"0    ";Não Informado;"0 ";"0    ";"0    ";"0    ";-15.6502430;-47.7738720;SPRF-DF;DEL02-DF;UOP01-DEL02-DF 