id;pesid;data_inversa;dia_semana;horario;uf;br;km;municipio;causa_principal;causa_acidente;ordem_tipo_acidente;tipo_acidente;classificacao_acidente;fase_dia;sentido_via;condicao_metereologica;tipo_pista;tracado_via;uso_solo;id_veiculo;tipo_veiculo;marca;ano_fabricacao_veiculo;tipo_envolvido;estado_fisico;idade;sexo;ilesos;feridos_leves;feridos_graves;mortos;latitude;longitude;regional;delegacia;uop
601635;"1342031   ";2024-05-19;domingo;17:31:00;DF;"20   ";"13   ";BRASILIA;Não;Condutor usando celular;2;Colisão lateral mesmo sentido;Sem Vítimas;Anoitecer;Crescente;Céu Claro;Dupla;"Reta;Declive";Sim  ;"1074977   ";Automóvel;I/CHEV CRUZE PRE NB AT;"2020      ";Condutor;Ileso;"33   ";Masculino;"1 ";"0    ";"0    ";"0    ";-15.6387520;-47.7495990;SPRF-DF;DEL02-DF;UOP01-DEL02-DF 
601635;"1342028   ";2024-05-19;domingo;17:31:00;DF;"20   ";"13   ";BRASILIA;Não;Condutor usando celular;2;Colisão lateral mesmo sentido;Sem Vítimas;Anoitecer;Crescente;Céu Claro;Dupla;"Reta;Declive";Sim  ;"1074975   ";Camioneta;FIAT/PULSE AUDACE TF200;"2022      ";Condutor;Ileso;"28   ";Masculino;"1 ";"0    ";"0    ";"0    ";-15.6387520;-47.7495990;SPRF-DF;DEL02-DF;UOP01-DEL02-DF 
601635;"1342019   ";2024-05-19;domingo;17:31:00;DF;"20   ";"13   ";BRASILIA;Não;Condutor usando celular;2;Colisão lateral mesmo sentido;Sem Vítimas;Anoitecer;Crescente;Céu Claro;Dupla;"Reta;Declive";Sim  ;"1074973   ";Automóvel;I/BYD DOLPHIN MINI GS EV;"2024      ";Condutor;Ileso;"23   ";Masculino;"1 ";"0    ";"0    ";"0    ";-15.6387520;-47.7495990;SPRF-DF;DEL02-DF;UOP01-DEL02-DF 
601635;"1342033   ";2024-05-19;domingo;17:31:00;DF;"20   ";"13   ";BRASILIA;Sim;Condutor deixou de manter distância do veículo da frente;2;Colisão lateral mesmo sentido;Sem Vítimas;Anoitecer;Crescente;Céu Claro;Dupla;"Reta;Declive";Sim  ;"1074980   ";Automóvel;FIAT/ARGO DRIVE 1.0;"2019      ";Condutor;Ileso;"47   ";Feminino;"1 ";"0    ";"0    ";"0    ";-15.6387520;-47.7495990;SPRF-DF;DEL02-DF;UOP01-DEL02-DF 
601635;"1342031   ";2024-05-19;domingo;17:31:00;DF;"20   ";"13   ";BRASILIA;Sim;Condutor deixou de manter distância do veículo da frente;2;Colisão lateral mesmo sentido;Sem Vítimas;Anoitecer;Crescente;Céu Claro;Dupla;"Reta;Declive";Sim  ;"1074977   ";Automóvel;I/CHEV CRUZE PRE NB AT;"2020      ";Condutor;Ileso;"33   ";Masculino;"1 ";"0    ";"0    ";"0    ";-15.6387520;-47.7495990;SPRF-DF;DEL02-DF;UOP01-DEL02-DF 
601635;"1342028   ";2024-05-19;domingo;17:31:00;DF;"20   ";"13   ";BRASILIA;Sim;Condutor deixou de manter distância do veículo da frente;2;Colisão lateral mesmo sentido;Sem Vítimas;Anoitecer;Crescente;Céu Claro;Dupla;"Reta;Declive";Sim  ;"1074975   ";Camioneta;FIAT/PULSE AUDACE TF200;"2022      ";Condutor;Ileso;"28   ";Masculino;"1 ";"0    ";"0    ";"0    ";-15.6387520;-47.7495990;SPRF-DF;DEL02-DF;UOP01-DEL02-DF 
601635;"1342019   ";2024-05-19;domingo;17:31:00;DF;"20   ";"13   ";BRASILIA;Sim;Condutor deixou de manter distância do veículo da frente;2;Colisão lateral mesmo sentido;Sem Vítimas;Anoitecer;Crescente;Céu Claro;Dupla;"Reta;Declive";Sim  ;"1074973   ";Automóvel;I/BYD DOLPHIN MINI GS EV;"2024      ";Condutor;Ileso;"23   ";Masculino;"1 ";"0    ";"0    ";"0    ";-15.6387520;-47.7495990;SPRF-DF;DEL02-DF;UOP01-DEL02-DF 
601635;"1342033   ";2024-05-19;domingo;17:31:00;DF;"20   ";"13   ";BRASILIA;Não;Ingestão de álcool pelo condutor;1;Colisão traseira;Sem Vítimas;Anoitecer;Crescente;Céu Claro;Dupla;"Reta;Declive";Sim  ;"1074980   ";Automóvel;FIAT/ARGO DRIVE 1.0;"2019      ";Condutor;Ileso;"47   ";Feminino;"1 ";"0    ";"0    ";"0    ";-15.6387520;-47.7495990;SPRF-DF;DEL02-DF;UOP01-DEL02-DF 
601635;"1342031   ";2024-05-19;domingo;17:31:00;DF;"20   ";"13   ";BRASILIA;Não;Ingestão de álcool pelo condutor;1;Colisão traseira;Sem Vítimas;Anoitecer;Crescente;Céu Claro;Dupla;"Reta;Declive";Sim  ;"1074977   ";Automóvel;I/CHEV CRUZE PRE NB AT;"2020      ";Condutor;Ileso;"33   ";Masculino;"1 ";"0    ";"0    ";"0    ";-15.6387520;-47.7495990;SPRF-DF;DEL02-DF;UOP01-DEL02-DF 
601635;"1342028   ";2024-05-19;domingo;17:31:00;DF;"20   ";"13   ";BRASILIA;Não;Ingestão de álcool pelo condutor;1;Colisão traseira;Sem Vítimas;Anoitecer;Crescente;Céu Claro;Dupla;"Reta;Declive";Sim  ;"1074975   ";Camioneta;FIAT/PULSE AUDACE TF200;"2022      ";Condutor;Ileso;"28   ";Masculino;"1 ";"0    ";"0    ";"0    ";-15.6387520;-47.7495990;SPRF-DF;DEL02-DF;UOP01-DEL02-DF 
601635;"1342019   ";2024-05-19;domingo;17:31:00;DF;"20   ";"13   ";BRASILIA;Não;Ingestão de álcool pelo condutor;1;Colisão traseira;Sem Vítimas;Anoitecer;Crescente;Céu Claro;Dupla;"Reta;Declive";Sim  ;"1074973   ";Automóvel;I/BYD DOLPHIN MINI GS EV;"2024      ";Condutor;Ileso;"23   ";Masculino;"1 ";"0    ";"0    ";"0    ";-15.6387520;-47.7495990;SPRF-DF;DEL02-DF;UOP01-DEL02-DF 
601635;"1342033   ";2024-05-19;domingo;17:31:00;DF;"20   ";"13   ";BRASILIA;Não;Reação tardia ou ineficiente do condutor;1;Colisão traseira;Sem Vítimas;Anoitecer;Crescente;Céu Claro;Dupla;"Reta;Declive";Sim  ;"1074980   ";Automóvel;FIAT/ARGO DRIVE 1.0;"2019      ";Condutor;Ileso;"47   ";Feminino;"1 ";"0    ";"0    ";"0    ";-15.6387520;-47.7495990;SPRF-DF;DEL02-DF;UOP01-DEL02-DF 
601635;"1342031   ";2024-05-19;domingo;17:31:00;DF;"20   ";"13   ";BRASILIA;Não;Reação tardia ou ineficiente do condutor;1;Colisão traseira;Sem Vítimas;Anoitecer;Crescente;Céu Claro;Dupla;"Reta;Declive";Sim  ;"1074977   ";Automóvel;I/CHEV CRUZE PRE NB AT;"2020      ";Condutor;Ileso;"33   ";Masculino;"1 ";"0    ";"0    ";"0    ";-15.6387520;-47.7495990;SPRF-DF;DEL02-DF;UOP01-DEL02-DF 
601635;"1342028   ";2024-05-19;domingo;17:31:00;DF;"20   ";"13   ";BRASILIA;Não;Reação tardia ou ineficiente do condutor;1;Colisão traseira;Sem Vítimas;Anoitecer;Crescente;Céu Claro;Dupla;"Reta;Declive";Sim  ;"1074975   ";Camioneta;FIAT/PULSE AUDACE TF200;"2022      ";Condutor;Ileso;"28   ";Masculino;"1 ";"0    ";"0    ";"0    ";-15.6387520;-47.7495990;SPRF-DF;DEL02-DF;UOP01-DEL02-DF 
601635;"1342019   ";2024-05-19;domingo;17:31:00;DF;"20   ";"13   ";BRASILIA;Não;Reação tardia ou ineficiente do condutor;1;Colisão traseira;Sem Vítimas;Anoitecer;Crescente;Céu Claro;Dupla;"Reta;Declive";Sim  ;"1074973   ";Automóvel;I/BYD DOLPHIN MINI GS EV;"2024      ";Condutor;Ileso;"23   ";Masculino;"1 ";"0    ";"0    ";"0    ";-15.6387520;-47.7495990;SPRF-DF;DEL02-DF;UOP01-DEL02-DF 
601635;"1342033   ";2024-05-19;domingo;17:31:00;DF;"20   ";"13   ";BRASILIA;Não;Condutor usando celular;1;Colisão traseira;Sem Vítimas;Anoitecer;Crescente;Céu Claro;Dupla;"Reta;Declive";Sim  ;"1074980   ";Automóvel;FIAT/ARGO DRIVE 1.0;"2019      ";Condutor;Ileso;"47   ";Feminino;"1 ";"0    ";"0    ";"0    ";-15.6387520;-47.7495990;SPRF-DF;DEL02-DF;UOP01-DEL02-DF 
601635;"1342031   ";2024-05-19;domingo;17:31:00;DF;"20   ";"13   ";BRASILIA;Não;Condutor usando celular;1;Colisão traseira;Sem Vítimas;Anoitecer;Crescente;Céu Claro;Dupla;"Reta;Declive";Sim  ;"1074977   ";Automóvel;I/CHEV CRUZE PRE NB AT;"2020      ";Condutor;Ileso;"33   ";Masculino;"1 ";"0    ";"0    ";"0    ";-15.6387520;-47.7495990;SPRF-DF;DEL02-DF;UOP01-DEL02-DF 
601635;"1342028   ";2024-05-19;domingo;17:31:00;DF;"20   ";"13   ";BRASILIA;Não;Condutor usando celular;1;Colisão traseira;Sem Vítimas;Anoitecer;Crescente;Céu Claro;Dupla;"Reta;Declive";Sim  ;"1074975   ";Camioneta;FIAT/PULSE AUDACE TF200;"2022      ";Condutor;Ileso;"28   ";Masculino;"1 ";"0    ";"0    ";"0    ";-15.6387520;-47.7495990;SPRF-DF;DEL02-DF;UOP01-DEL02-DF 
601635;"1342019   ";2024-05-19;domingo;17:31:00;DF;"20   ";"13   ";BRASILIA;Não;Condutor usando celular;1;Colisão traseira;Sem Vítimas;Anoitecer;Crescente;Céu Claro;Dupla;"Reta;Declive";Sim  ;"1074973   ";Automóvel;I/BYD DOLPHIN MINI GS EV;"2024      ";Condutor;Ileso;"23   ";Masculino;"1 ";"0    ";"0    ";"0    ";-15.6387520;-47.7495990;SPRF-DF;DEL02-DF;UOP01-DEL02-DF 
601635;"1342033   ";2024-05-19;domingo;17:31:00;DF;"20   ";"13   ";BRASILIA;Sim;Condutor deixou de manter distância do veículo da frente;1;Colisão traseira;Sem Vítimas;Anoitecer;Crescente;Céu Claro;Dupla;"Reta;Declive";Sim  ;"1074980   ";Automóvel;FIAT/ARGO DRIVE 1.0;"2019      ";Condutor;Ileso;"47   ";Feminino;"1 ";"0    ";"0    ";"0    ";-15.6387520;-47.7495990;SPRF-DF;DEL02-DF;UOP01-DEL02-DF 
601635;"1342031   ";2024-05-19;domingo;17:31:00;DF;"20   ";"13   ";BRASILIA;Sim;Condutor deixou de manter distância do veículo da frente;1;Colisão traseira;Sem Vítimas;Anoitecer;Crescente;Céu Claro;Dupla;"Reta;Declive";Sim  ;"1074977   ";Automóvel;I/CHEV CRUZE PRE NB AT;"2020      ";Condutor;Ileso;"33   ";Masculino;"1 ";"0    ";"0    ";"0    ";-15.6387520;-47.7495990;SPRF-DF;DEL02-DF;UOP01-DEL02-DF 
601635;"1342028   ";2024-05-19;domingo;17:31:00;DF;"20   ";"13   ";BRASILIA;Sim;Condutor deixou de manter distância do veículo da frente;1;Colisão traseira;Sem Vítimas;Anoitecer;Crescente;Céu Claro;Dupla;"Reta;Declive";Sim  ;"1074975   ";Camioneta;FIAT/PULSE AUDACE TF200;"2022      ";Condutor;Ileso;"28   ";Masculino;"1 ";"0    ";"0    ";"0    ";-15.6387520;-47.7495990;SPRF-DF;DEL02-DF;UOP01-DEL02-DF 
601635;"1342019   ";2024-05-19;domingo;17:31:00;DF;"20   ";"13   ";BRASILIA;Sim;Condutor deixou de manter distância do veículo da frente;1;Colisão traseira;Sem Vítimas;Anoitecer;Crescente;Céu Claro;Dupla;"Reta;Declive";Sim  ;"1074973   ";Automóvel;I/BYD DOLPHIN MINI GS EV;"2024      ";Condutor;Ileso;"23   ";Masculino;"1 ";"0    ";"0    ";"0    ";-15.6387520;-47.7495990;SPRF-DF;DEL02-DF;UOP01-DEL02-DF 
601655;"1342227   ";2024-05-19;domingo;19:10:00;GO;"40   ";"8    ";LUZIANIA;Não;Velocidade Incompatível;3;Tombamento;Com Vítimas Feridas;Plena Noite;Crescente;Céu Claro;Dupla;Reta;Sim  ;"1075140   ";Automóvel;VW/GOL 1.6 POWER;"2003      ";Condutor;Ileso;"38   ";Masculino;"1 ";"0    ";"0    ";"0    ";-16.1312850;-47.9579230;SPRF-DF;DEL01-DF;UOP01-DEL01-DF 
601655;"1342226   ";2024-05-19;domingo;19:10:00;GO;"40   ";"8    ";LUZIANIA;Não;Velocidade Incompatível;3;Tombamento;Com Vítimas Feridas;Plena Noite;Crescente;Céu Claro;Dupla;Reta;Sim  ;"1075139   ";Automóvel;VW/CROSSFOX;"2009      ";Condutor;Ileso;"46   ";Masculino;"1 ";"0    ";"0    ";"0    ";-16.1312850;-47.9579230;SPRF-DF;DEL01-DF;UOP01-DEL01-DF 
601655;"1342231   ";2024-05-19;domingo;19:10:00;GO;"40   ";"8    ";LUZIANIA;Não;Velocidade Incompatível;3;Tombamento;Com Vítimas Feridas;Plena Noite;Crescente;Céu Claro;Dupla;Reta;Sim  ;"1075139   ";Automóvel;VW/CROSSFOX;"2009      ";Passageiro;Ileso;"17   ";Feminino;"1 ";"0    ";"0    ";"0    ";-16.1312850;-47.9579230;SPRF-DF;DEL01-DF;UOP01-DEL01-DF 
601655;"1342230   ";2024-05-19;domingo;19:10:00;GO;"40   ";"8    ";LUZIANIA;Não;Velocidade Incompatível;3;Tombamento;Com Vítimas Feridas;Plena Noite;Crescente;Céu Claro;Dupla;Reta;Sim  ;"1075139   ";Automóvel;VW/CROSSFOX;"2009      ";Passageiro;Ileso;"8    ";Masculino;"1 ";"0    ";"0    ";"0    ";-16.1312850;-47.9579230;SPRF-DF;DEL01-DF;UOP01-DEL01-DF 
601655;"1342228   ";2024-05-19;domingo;19:10:00;GO;"40   ";"8    ";LUZIANIA;Não;Velocidade Incompatível;3;Tombamento;Com Vítimas Feridas;Plena Noite;Crescente;Céu Claro;Dupla;Reta;Sim  ;"1075139   ";Automóvel;VW/CROSSFOX;"2009      ";Passageiro;Lesões Leves;"48   ";Feminino;"0 ";"1    ";"0    ";"0    ";-16.1312850;-47.9579230;SPRF-DF;DEL01-DF;UOP01-DEL01-DF 
601655;"1342227   ";2024-05-19;domingo;19:10:00;GO;"40   ";"8    ";LUZIANIA;Sim;Ausência de reação do condutor;3;Tombamento;Com Vítimas Feridas;Plena Noite;Crescente;Céu Claro;Dupla;Reta;Sim  ;"1075140   ";Automóvel;VW/GOL 1.6 POWER;"2003      ";Condutor;Ileso;"38   ";Masculino;"1 ";"0    ";"0    ";"0    ";-16.1312850;-47.9579230;SPRF-DF;DEL01-DF;UOP01-DEL01-DF 
601655;"1342226   ";2024-05-19;domingo;19:10:00;GO;"40   ";"8    ";LUZIANIA;Sim;Ausência de reação do condutor;3;Tombamento;Com Vítimas Feridas;Plena Noite;Crescente;Céu Claro;Dupla;Reta;Sim  ;"1075139   ";Automóvel;VW/CROSSFOX;"2009      ";Condutor;Ileso;"46   ";Masculino;"1 ";"0    ";"0    ";"0    ";-16.1312850;-47.9579230;SPRF-DF;DEL01-DF;UOP01-DEL01-DF 
601655;"1342231   ";2024-05-19;domingo;19:10:00;GO;"40   ";"8    ";LUZIANIA;Sim;Ausência de reação do condutor;3;Tombamento;Com Vítimas Feridas;Plena Noite;Crescente;Céu Claro;Dupla;Reta;Sim  ;"1075139   ";Automóvel;VW/CROSSFOX;"2009      ";Passageiro;Ileso;"17   ";Feminino;"1 ";"0    ";"0    ";"0    ";-16.1312850;-47.9579230;SPRF-DF;DEL01-DF;UOP01-DEL01-DF 
601655;"1342230   ";2024-05-19;domingo;19:10:00;GO;"40   ";"8    ";LUZIANIA;Sim;Ausência de reação do condutor;3;Tombamento;Com Vítimas Feridas;Plena Noite;Crescente;Céu Claro;Dupla;Reta;Sim  ;"1075139   ";Automóvel;VW/CROSSFOX;"2009      ";Passageiro;Ileso;"8    ";Masculino;"1 ";"0    ";"0    ";"0    ";-16.1312850;-47.9579230;SPRF-DF;DEL01-DF;UOP01-DEL01-DF 
601655;"1342228   ";2024-05-19;domingo;19:10:00;GO;"40   ";"8    ";LUZIANIA;Sim;Ausência de reação do condutor;3;Tombamento;Com Vítimas Feridas;Plena Noite;Crescente;Céu Claro;Dupla;Reta;Sim  ;"1075139   ";Automóvel;VW/CROSSFOX;"2009      ";Passageiro;Lesões Leves;"48   ";Feminino;"0 ";"1    ";"0    ";"0    ";-16.1312850;-47.9579230;SPRF-DF;DEL01-DF;UOP01-DEL01-DF 
601655;"1342227   ";2024-05-19;domingo;19:10:00;GO;"40   ";"8    ";LUZIANIA;Não;Condutor deixou de manter distância do veículo da frente;3;Tombamento;Com Vítimas Feridas;Plena Noite;Crescente;Céu Claro;Dupla;Reta;Sim  ;"1075140   ";Automóvel;VW/GOL 1.6 POWER;"2003      ";Condutor;Ileso;"38   ";Masculino;"1 ";"0    ";"0    ";"0    ";-16.1312850;-47.9579230;SPRF-DF;DEL01-DF;UOP01-DEL01-DF 
601655;"1342226   ";2024-05-19;domingo;19:10:00;GO;"40   ";"8    ";LUZIANIA;Não;Condutor deixou de manter distância do veículo da frente;3;Tombamento;Com Vítimas Feridas;Plena Noite;Crescente;Céu Claro;Dupla;Reta;Sim  ;"1075139   ";Automóvel;VW/CROSSFOX;"2009      ";Condutor;Ileso;"46   ";Masculino;"1 ";"0    ";"0    ";"0    ";-16.1312850;-47.9579230;SPRF-DF;DEL01-DF;UOP01-DEL01-DF 
601655;"1342231   ";2024-05-19;domingo;19:10:00;GO;"40   ";"8    ";LUZIANIA;Não;Condutor deixou de manter distância do veículo da frente;3;Tombamento;Com Vítimas Feridas;Plena Noite;Crescente;Céu Claro;Dupla;Reta;Sim  ;"1075139   ";Automóvel;VW/CROSSFOX;"2009      ";Passageiro;Ileso;"17   ";Feminino;"1 ";"0    ";"0    ";"0    ";-16.1312850;-47.9579230;SPRF-DF;DEL01-DF;UOP01-DEL01-DF 
601655;"1342230   ";2024-05-19;domingo;19:10:00;GO;"40   ";"8    ";LUZIANIA;Não;Condutor deixou de manter distância do veículo da frente;3;Tombamento;Com Vítimas Feridas;Plena Noite;Crescente;Céu Claro;Dupla;Reta;Sim  ;"1075139   ";Automóvel;VW/CROSSFOX;"2009      ";Passageiro;Ileso;"8    ";Masculino;"1 ";"0    ";"0    ";"0    ";-16.1312850;-47.9579230;SPRF-DF;DEL01-DF;UOP01-DEL01-DF 
601655;"1342228   ";2024-05-19;domingo;19:10:00;GO;"40   ";"8    ";LUZIANIA;Não;Condutor deixou de manter distância do veículo da frente;3;Tombamento;Com Vítimas Feridas;Plena Noite;Crescente;Céu Claro;Dupla;Reta;Sim  ;"1075139   ";Automóvel;VW/CROSSFOX;"2009      ";Passageiro;Lesões Leves;"48   ";Feminino;"0 ";"1    ";"0    ";"0    ";-16.1312850;-47.9579230;SPRF-DF;DEL01-DF;UOP01-DEL01-DF 
601655;"1342227   ";2024-05-19;domingo;19:10:00;GO;"40   ";"8    ";LUZIANIA;Não;Ingestão de álcool pelo condutor;3;Tombamento;Com Vítimas Feridas;Plena Noite;Crescente;Céu Claro;Dupla;Reta;Sim  ;"1075140   ";Automóvel;VW/GOL 1.6 POWER;"2003      ";Condutor;Ileso;"38   ";Masculino;"1 ";"0    ";"0    ";"0    ";-16.1312850;-47.9579230;SPRF-DF;DEL01-DF;UOP01-DEL01-DF 
601655;"1342226   ";2024-05-19;domingo;19:10:00;GO;"40   ";"8    ";LUZIANIA;Não;Ingestão de álcool pelo condutor;3;Tombamento;Com Vítimas Feridas;Plena Noite;Crescente;Céu Claro;Dupla;Reta;Sim  ;"1075139   ";Automóvel;VW/CROSSFOX;"2009      ";Condutor;Ileso;"46   ";Masculino;"1 ";"0    ";"0    ";"0    ";-16.1312850;-47.9579230;SPRF-DF;DEL01-DF;UOP01-DEL01-DF 
601655;"1342231   ";2024-05-19;domingo;19:10:00;GO;"40   ";"8    ";LUZIANIA;Não;Ingestão de álcool pelo condutor;3;Tombamento;Com Vítimas Feridas;Plena Noite;Crescente;Céu Claro;Dupla;Reta;Sim  ;"1075139   ";Automóvel;VW/CROSSFOX;"2009      ";Passageiro;Ileso;"17   ";Feminino;"1 ";"0    ";"0    ";"0    ";-16.1312850;-47.9579230;SPRF-DF;DEL01-DF;UOP01-DEL01-DF 
601655;"1342230   ";2024-05-19;domingo;19:10:00;GO;"40   ";"8    ";LUZIANIA;Não;Ingestão de álcool pelo condutor;3;Tombamento;Com Vítimas Feridas;Plena Noite;Crescente;Céu Claro;Dupla;Reta;Sim  ;"1075139   ";Automóvel;VW/CROSSFOX;"2009      ";Passageiro;Ileso;"8    ";Masculino;"1 ";"0    ";"0    ";"0    ";-16.1312850;-47.9579230;SPRF-DF;DEL01-DF;UOP01-DEL01-DF 
601655;"1342228   ";2024-05-19;domingo;19:10:00;GO;"40   ";"8    ";LUZIANIA;Não;Ingestão de álcool pelo condutor;3;Tombamento;Com Vítimas Feridas;Plena Noite;Crescente;Céu Claro;Dupla;Reta;Sim  ;"1075139   ";Automóvel;VW/CROSSFOX;"2009      ";Passageiro;Lesões Leves;"48   ";Feminino;"0 ";"1    ";"0    ";"0    ";-16.1312850;-47.9579230;SPRF-DF;DEL01-DF;UOP01-DEL01-DF 
601655;"1342227   ";2024-05-19;domingo;19:10:00;GO;"40   ";"8    ";LUZIANIA;Não;Velocidade Incompatível;6;Colisão com objeto;Com Vítimas Feridas;Plena Noite;Crescente;Céu Claro;Dupla;Reta;Sim  ;"1075140   ";Automóvel;VW/GOL 1.6 POWER;"2003      ";Condutor;Ileso;"38   ";Masculino;"1 ";"0    ";"0    ";"0    ";-16.1312850;-47.9579230;SPRF-DF;DEL01-DF;UOP01-DEL01-DF 
601655;"1342226   ";2024-05-19;domingo;19:10:00;GO;"40   ";"8    ";LUZIANIA;Não;Velocidade Incompatível;6;Colisão com objeto;Com Vítimas Feridas;Plena Noite;Crescente;Céu Claro;Dupla;Reta;Sim  ;"1075139   ";Automóvel;VW/CROSSFOX;"2009      ";Condutor;Ileso;"46   ";Masculino;"1 ";"0    ";"0    ";"0    ";-16.1312850;-47.9579230;SPRF-DF;DEL01-DF;UOP01-DEL01-DF 
601655;"1342231   ";2024-05-19;domingo;19:10:00;GO;"40   ";"8    ";LUZIANIA;Não;Velocidade Incompatível;6;Colisão com objeto;Com Vítimas Feridas;Plena Noite;Crescente;Céu Claro;Dupla;Reta;Sim  ;"1075139   ";Automóvel;VW/CROSSFOX;"2009      ";Passageiro;Ileso;"17   ";Feminino;"1 ";"0    ";"0    ";"0    ";-16.1312850;-47.9579230;SPRF-DF;DEL01-DF;UOP01-DEL01-DF 
601655;"1342230   ";2024-05-19;domingo;19:10:00;GO;"40   ";"8    ";LUZIANIA;Não;Velocidade Incompatível;6;Colisão com objeto;Com Vítimas Feridas;Plena Noite;Crescente;Céu Claro;Dupla;Reta;Sim  ;"1075139   ";Automóvel;VW/CROSSFOX;"2009      ";Passageiro;Ileso;"8    ";Masculino;"1 ";"0    ";"0    ";"0    ";-16.1312850;-47.9579230;SPRF-DF;DEL01-DF;UOP01-DEL01-DF 
601655;"1342228   ";2024-05-19;domingo;19:10:00;GO;"40   ";"8    ";LUZIANIA;Não;Velocidade Incompatível;6;Colisão com objeto;Com Vítimas Feridas;Plena Noite;Crescente;Céu Claro;Dupla;Reta;Sim  ;"1075139   ";Automóvel;VW/CROSSFOX;"2009      ";Passageiro;Lesões Leves;"48   ";Feminino;"0 ";"1    ";"0    ";"0    ";-16.1312850;-47.9579230;SPRF-DF;DEL01-DF;UOP01-DEL01-DF 
601655;"1342227   ";2024-05-19;domingo;19:10:00;GO;"40   ";"8    ";LUZIANIA;Sim;Ausência de reação do condutor;6;Colisão com objeto;Com Vítimas Feridas;Plena Noite;Crescente;Céu Claro;Dupla;Reta;Sim  ;"1075140   ";Automóvel;VW/GOL 1.6 POWER;"2003      ";Condutor;Ileso;"38   ";Masculino;"1 ";"0    ";"0    ";"0    ";-16.1312850;-47.9579230;SPRF-DF;DEL01-DF;UOP01-DEL01-DF 
601655;"1342226   ";2024-05-19;domingo;19:10:00;GO;"40   ";"8    ";LUZIANIA;Sim;Ausência de reação do condutor;6;Colisão com objeto;Com Vítimas Feridas;Plena Noite;Crescente;Céu Claro;Dupla;Reta;Sim  ;"1075139   ";Automóvel;VW/CROSSFOX;"2009      ";Condutor;Ileso;"46   ";Masculino;"1 ";"0    ";"0    ";"0    ";-16.1312850;-47.9579230;SPRF-DF;DEL01-DF;UOP01-DEL01-DF 
601655;"1342231   ";2024-05-19;domingo;19:10:00;GO;"40   ";"8    ";LUZIANIA;Sim;Ausência de reação do condutor;6;Colisão com objeto;Com Vítimas Feridas;Plena Noite;Crescente;Céu Claro;Dupla;Reta;Sim  ;"1075139   ";Automóvel;VW/CROSSFOX;"2009      ";Passageiro;Ileso;"17   ";Feminino;"1 ";"0    ";"0    ";"0    ";-16.1312850;-47.9579230;SPRF-DF;DEL01-DF;UOP01-DEL01-DF 
601655;"1342230   ";2024-05-19;domingo;19:10:00;GO;"40   ";"8    ";LUZIANIA;Sim;Ausência de reação do condutor;6;Colisão com objeto;Com Vítimas Feridas;Plena Noite;Crescente;Céu Claro;Dupla;Reta;Sim  ;"1075139   ";Automóvel;VW/CROSSFOX;"2009      ";Passageiro;Ileso;"8    ";Masculino;"1 ";"0    ";"0    ";"0    ";-16.1312850;-47.9579230;SPRF-DF;DEL01-DF;UOP01-DEL01-DF 
601655;"1342228   ";2024-05-19;domingo;19:10:00;GO;"40   ";"8    ";LUZIANIA;Sim;Ausência de reação do condutor;6;Colisão com objeto;Com Vítimas Feridas;Plena Noite;Crescente;Céu Claro;Dupla;Reta;Sim  ;"1075139   ";Automóvel;VW/CROSSFOX;"2009      ";Passageiro;Lesões Leves;"48   ";Feminino;"0 ";"1    ";"0    ";"0    ";-16.1312850;-47.9579230;SPRF-DF;DEL01-DF;UOP01-DEL01-DF 
601655;"1342227   ";2024-05-19;domingo;19:10:00;GO;"40   ";"8    ";LUZIANIA;Não;Condutor deixou de manter distância do veículo da frente;6;Colisão com objeto;Com Vítimas Feridas;Plena Noite;Crescente;Céu Claro;Dupla;Reta;Sim  ;"1075140   ";Automóvel;VW/GOL 1.6 POWER;"2003      ";Condutor;Ileso;"38   ";Masculino;"1 ";"0    ";"0    ";"0    ";-16.1312850;-47.9579230;SPRF-DF;DEL01-DF;UOP01-DEL01-DF 
601655;"1342226   ";2024-05-19;domingo;19:10:00;GO;"40   ";"8    ";LUZIANIA;Não;Condutor deixou de manter distância do veículo da frente;6;Colisão com objeto;Com Vítimas Feridas;Plena Noite;Crescente;Céu Claro;Dupla;Reta;Sim  ;"1075139   ";Automóvel;VW/CROSSFOX;"2009      ";Condutor;Ileso;"46   ";Masculino;"1 ";"0    ";"0    ";"0    ";-16.1312850;-47.9579230;SPRF-DF;DEL01-DF;UOP01-DEL01-DF 
601655;"1342231   ";2024-05-19;domingo;19:10:00;GO;"40   ";"8    ";LUZIANIA;Não;Condutor deixou de manter distância do veículo da frente;6;Colisão com objeto;Com Vítimas Feridas;Plena Noite;Crescente;Céu Claro;Dupla;Reta;Sim  ;"1075139   ";Automóvel;VW/CROSSFOX;"2009      ";Passageiro;Ileso;"17   ";Feminino;"1 ";"0    ";"0    ";"0    ";-16.1312850;-47.9579230;SPRF-DF;DEL01-DF;UOP01-DEL01-DF 
601655;"1342230   ";2024-05-19;domingo;19:10:00;GO;"40   ";"8    ";LUZIANIA;Não;Condutor deixou de manter distância do veículo da frente;6;Colisão com objeto;Com Vítimas Feridas;Plena Noite;Crescente;Céu Claro;Dupla;Reta;Sim  ;"1075139   ";Automóvel;VW/CROSSFOX;"2009      ";Passageiro;Ileso;"8    ";Masculino;"1 ";"0    ";"0    ";"0    ";-16.1312850;-47.9579230;SPRF-DF;DEL01-DF;UOP01-DEL01-DF 
601655;"1342228   ";2024-05-19;domingo;19:10:00;GO;"40   ";"8    ";LUZIANIA;Não;Condutor deixou de manter distância do veículo da frente;6;Colisão com objeto;Com Vítimas Feridas;Plena Noite;Crescente;Céu Claro;Dupla;Reta;Sim  ;"1075139   ";Automóvel;VW/CROSSFOX;"2009      ";Passageiro;Lesões Leves;"48   ";Feminino;"0 ";"1    ";"0    ";"0    ";-16.1312850;-47.9579230;SPRF-DF;DEL01-DF;UOP01-DEL01-DF 