id;pesid;data_inversa;dia_semana;horario;uf;br;km;municipio;causa_principal;causa_acidente;ordem_tipo_acidente;tipo_acidente;classificacao_acidente;fase_dia;sentido_via;condicao_metereologica;tipo_pista;tracado_via;uso_solo;id_veiculo;tipo_veiculo;marca;ano_fabricacao_veiculo;tipo_envolvido;estado_fisico;idade;sexo;ilesos;feridos_leves;feridos_graves;mortos;latitude;longitude;regional;delegacia;uop
601655;"1342227   ";2024-05-19;domingo;19:10:00;GO;"40   ";"8    ";LUZIANIA;Não;Ingestão de álcool pelo condutor;6;Colisão com objeto;Com Vítimas Feridas;Plena Noite;Crescente;Céu Claro;Dupla;Reta;Sim  ;"1075140   ";Automóvel;VW/GOL 1.6 POWER;"2003      ";Condutor;Ileso;"38   ";Masculino;"1 ";"0    ";"0    ";"0    ";-16.1312850;-47.9579230;SPRF-DF;DEL01-DF;UOP01-DEL01-DF 
601655;"1342226   ";2024-05-19;domingo;19:10:00;GO;"40   ";"8    ";LUZIANIA;Não;Ingestão de álcool pelo condutor;6;Colisão com objeto;Com Vítimas Feridas;Plena Noite;Crescente;Céu Claro;Dupla;Reta;Sim  ;"1075139   ";Automóvel;VW/CROSSFOX;"2009      ";Condutor;Ileso;"46   ";Masculino;"1 ";"0    ";"0    ";"0    ";-16.1312850;-47.9579230;SPRF-DF;DEL01-DF;UOP01-DEL01-DF 
601655;"1342231   ";2024-05-19;domingo;19:10:00;GO;"40   ";"8    ";LUZIANIA;Não;Ingestão de álcool pelo condutor;6;Colisão com objeto;Com Vítimas Feridas;Plena Noite;Crescente;Céu Claro;Dupla;Reta;Sim  ;"1075139   ";Automóvel;VW/CROSSFOX;"2009      ";Passageiro;Ileso;"17   ";Feminino;"1 ";"0    ";"0    ";"0    ";-16.1312850;-47.9579230;SPRF-DF;DEL01-DF;UOP01-DEL01-DF 
601655;"1342230   ";2024-05-19;domingo;19:10:00;GO;"40   ";"8    ";LUZIANIA;Não;Ingestão de álcool pelo condutor;6;Colisão com objeto;Com Vítimas Feridas;Plena Noite;Crescente;Céu Claro;Dupla;Reta;Sim  ;"1075139   ";Automóvel;VW/CROSSFOX;"2009      ";Passageiro;Ileso;"8    ";Masculino;"1 ";"0    ";"0    ";"0    ";-16.1312850;-47.9579230;SPRF-DF;DEL01-DF;UOP01-DEL01-DF 
601655;"1342228   ";2024-05-19;domingo;19:10:00;GO;"40   ";"8    ";LUZIANIA;Não;Ingestão de álcool pelo condutor;6;Colisão com objeto;Com Vítimas Feridas;Plena Noite;Crescente;Céu Claro;Dupla;Reta;Sim  ;"1075139   ";Automóvel;VW/CROSSFOX;"2009      ";Passageiro;Lesões Leves;"48   ";Feminino;"0 ";"1    ";"0    ";"0    ";-16.1312850;-47.9579230;SPRF-DF;DEL01-DF;UOP01-DEL01-DF 
601655;"1342227   ";2024-05-19;domingo;19:10:00;GO;"40   ";"8    ";LUZIANIA;Não;Velocidade Incompatível;5;Saída de leito carroçável;Com Vítimas Feridas;Plena Noite;Crescente;Céu Claro;Dupla;Reta;Sim  ;"1075140   ";Automóvel;VW/GOL 1.6 POWER;"2003      ";Condutor;Ileso;"38   ";Masculino;"1 ";"0    ";"0    ";"0    ";-16.1312850;-47.9579230;SPRF-DF;DEL01-DF;UOP01-DEL01-DF 
601655;"1342226   ";2024-05-19;domingo;19:10:00;GO;"40   ";"8    ";LUZIANIA;Não;Velocidade Incompatível;5;Saída de leito carroçável;Com Vítimas Feridas;Plena Noite;Crescente;Céu Claro;Dupla;Reta;Sim  ;"1075139   ";Automóvel;VW/CROSSFOX;"2009      ";Condutor;Ileso;"46   ";Masculino;"1 ";"0    ";"0    ";"0    ";-16.1312850;-47.9579230;SPRF-DF;DEL01-DF;UOP01-DEL01-DF 
601655;"1342231   ";2024-05-19;domingo;19:10:00;GO;"40   ";"8    ";LUZIANIA;Não;Velocidade Incompatível;5;Saída de leito carroçável;Com Vítimas Feridas;Plena Noite;Crescente;Céu Claro;Dupla;Reta;Sim  ;"1075139   ";Automóvel;VW/CROSSFOX;"2009      ";Passageiro;Ileso;"17   ";Feminino;"1 ";"0    ";"0    ";"0    ";-16.1312850;-47.9579230;SPRF-DF;DEL01-DF;UOP01-DEL01-DF 
601655;"1342230   ";2024-05-19;domingo;19:10:00;GO;"40   ";"8    ";LUZIANIA;Não;Velocidade Incompatível;5;Saída de leito carroçável;Com Vítimas Feridas;Plena Noite;Crescente;Céu Claro;Dupla;Reta;Sim  ;"1075139   ";Automóvel;VW/CROSSFOX;"2009      ";Passageiro;Ileso;"8    ";Masculino;"1 ";"0    ";"0    ";"0    ";-16.1312850;-47.9579230;SPRF-DF;DEL01-DF;UOP01-DEL01-DF 
601655;"1342228   ";2024-05-19;domingo;19:10:00;GO;"40   ";"8    ";LUZIANIA;Não;Velocidade Incompatível;5;Saída de leito carroçável;Com Vítimas Feridas;Plena Noite;Crescente;Céu Claro;Dupla;Reta;Sim  ;"1075139   ";Automóvel;VW/CROSSFOX;"2009      ";Passageiro;Lesões Leves;"48   ";Feminino;"0 ";"1    ";"0    ";"0    ";-16.1312850;-47.9579230;SPRF-DF;DEL01-DF;UOP01-DEL01-DF 
601655;"1342227   ";2024-05-19;domingo;19:10:00;GO;"40   ";"8    ";LUZIANIA;Sim;Ausência de reação do condutor;5;Saída de leito carroçável;Com Vítimas Feridas;Plena Noite;Crescente;Céu Claro;Dupla;Reta;Sim  ;"1075140   ";Automóvel;VW/GOL 1.6 POWER;"2003      ";Condutor;Ileso;"38   ";Masculino;"1 ";"0    ";"0    ";"0    ";-16.1312850;-47.9579230;SPRF-DF;DEL01-DF;UOP01-DEL01-DF 
601655;"1342226   ";2024-05-19;domingo;19:10:00;GO;"40   ";"8    ";LUZIANIA;Sim;Ausência de reação do condutor;5;Saída de leito carroçável;Com Vítimas Feridas;Plena Noite;Crescente;Céu Claro;Dupla;Reta;Sim  ;"1075139   ";Automóvel;VW/CROSSFOX;"2009      ";Condutor;Ileso;"46   ";Masculino;"1 ";"0    ";"0    ";"0    ";-16.1312850;-47.9579230;SPRF-DF;DEL01-DF;UOP01-DEL01-DF 
601655;"1342231   ";2024-05-19;domingo;19:10:00;GO;"40   ";"8    ";LUZIANIA;Sim;Ausência de reação do condutor;5;Saída de leito carroçável;Com Vítimas Feridas;Plena Noite;Crescente;Céu Claro;Dupla;Reta;Sim  ;"1075139   ";Automóvel;VW/CROSSFOX;"2009      ";Passageiro;Ileso;"17   ";Feminino;"1 ";"0    ";"0    ";"0    ";-16.1312850;-47.9579230;SPRF-DF;DEL01-DF;UOP01-DEL01-DF 
601655;"1342230   ";2024-05-19;domingo;19:10:00;GO;"40   ";"8    ";LUZIANIA;Sim;Ausência de reação do condutor;5;Saída de leito carroçável;Com Vítimas Feridas;Plena Noite;Crescente;Céu Claro;Dupla;Reta;Sim  ;"1075139   ";Automóvel;VW/CROSSFOX;"2009      ";Passageiro;Ileso;"8    ";Masculino;"1 ";"0    ";"0    ";"0    ";-16.1312850;-47.9579230;SPRF-DF;DEL01-DF;UOP01-DEL01-DF 
601655;"1342228   ";2024-05-19;domingo;19:10:00;GO;"40   ";"8    ";LUZIANIA;Sim;Ausência de reação do condutor;5;Saída de leito carroçável;Com Vítimas Feridas;Plena Noite;Crescente;Céu Claro;Dupla;Reta;Sim  ;"1075139   ";Automóvel;VW/CROSSFOX;"2009      ";Passageiro;Lesões Leves;"48   ";Feminino;"0 ";"1    ";"0    ";"0    ";-16.1312850;-47.9579230;SPRF-DF;DEL01-DF;UOP01-DEL01-DF 
601655;"1342227   ";2024-05-19;domingo;19:10:00;GO;"40   ";"8    ";LUZIANIA;Não;Condutor deixou de manter distância do veículo da frente;5;Saída de leito carroçável;Com Vítimas Feridas;Plena Noite;Crescente;Céu Claro;Dupla;Reta;Sim  ;"1075140   ";Automóvel;VW/GOL 1.6 POWER;"2003      ";Condutor;Ileso;"38   ";Masculino;"1 ";"0    ";"0    ";"0    ";-16.1312850;-47.9579230;SPRF-DF;DEL01-DF;UOP01-DEL01-DF 
601655;"1342226   ";2024-05-19;domingo;19:10:00;GO;"40   ";"8    ";LUZIANIA;Não;Condutor deixou de manter distância do veículo da frente;5;Saída de leito carroçável;Com Vítimas Feridas;Plena Noite;Crescente;Céu Claro;Dupla;Reta;Sim  ;"1075139   ";Automóvel;VW/CROSSFOX;"2009      ";Condutor;Ileso;"46   ";Masculino;"1 ";"0    ";"0    ";"0    ";-16.1312850;-47.9579230;SPRF-DF;DEL01-DF;UOP01-DEL01-DF 
601655;"1342231   ";2024-05-19;domingo;19:10:00;GO;"40   ";"8    ";LUZIANIA;Não;Condutor deixou de manter distância do veículo da frente;5;Saída de leito carroçável;Com Vítimas Feridas;Plena Noite;Crescente;Céu Claro;Dupla;Reta;Sim  ;"1075139   ";Automóvel;VW/CROSSFOX;"2009      ";Passageiro;Ileso;"17   ";Feminino;"1 ";"0    ";"0    ";"0    ";-16.1312850;-47.9579230;SPRF-DF;DEL01-DF;UOP01-DEL01-DF 
601655;"1342230   ";2024-05-19;domingo;19:10:00;GO;"40   ";"8    ";LUZIANIA;Não;Condutor deixou de manter distância do veículo da frente;5;Saída de leito carroçável;Com Vítimas Feridas;Plena Noite;Crescente;Céu Claro;Dupla;Reta;Sim  ;"1075139   ";Automóvel;VW/CROSSFOX;"2009      ";Passageiro;Ileso;"8    ";Masculino;"1 ";"0    ";"0    ";"0    ";-16.1312850;-47.9579230;SPRF-DF;DEL01-DF;UOP01-DEL01-DF 
601655;"1342228   ";2024-05-19;domingo;19:10:00;GO;"40   ";"8    ";LUZIANIA;Não;Condutor deixou de manter distância do veículo da frente;5;Saída de leito carroçável;Com Vítimas Feridas;Plena Noite;Crescente;Céu Claro;Dupla;Reta;Sim  ;"1075139   ";Automóvel;VW/CROSSFOX;"2009      ";Passageiro;Lesões Leves;"48   ";Feminino;"0 ";"1    ";"0    ";"0    ";-16.1312850;-47.9579230;SPRF-DF;DEL01-DF;UOP01-DEL01-DF 
601655;"1342227   ";2024-05-19;domingo;19:10:00;GO;"40   ";"8    ";LUZIANIA;Não;Ingestão de álcool pelo condutor;5;Saída de leito carroçável;Com Vítimas Feridas;Plena Noite;Crescente;Céu Claro;Dupla;Reta;Sim  ;"1075140   ";Automóvel;VW/GOL 1.6 POWER;"2003      ";Condutor;Ileso;"38   ";Masculino;"1 ";"0    ";"0    ";"0    ";-16.1312850;-47.9579230;SPRF-DF;DEL01-DF;UOP01-DEL01-DF 
601655;"1342226   ";2024-05-19;domingo;19:10:00;GO;"40   ";"8    ";LUZIANIA;Não;Ingestão de álcool pelo condutor;5;Saída de leito carroçável;Com Vítimas Feridas;Plena Noite;Crescente;Céu Claro;Dupla;Reta;Sim  ;"1075139   ";Automóvel;VW/CROSSFOX;"2009      ";Condutor;Ileso;"46   ";Masculino;"1 ";"0    ";"0    ";"0    ";-16.1312850;-47.9579230;SPRF-DF;DEL01-DF;UOP01-DEL01-DF 
601655;"1342231   ";2024-05-19;domingo;19:10:00;GO;"40   ";"8    ";LUZIANIA;Não;Ingestão de álcool pelo condutor;5;Saída de leito carroçável;Com Vítimas Feridas;Plena Noite;Crescente;Céu Claro;Dupla;Reta;Sim  ;"1075139   ";Automóvel;VW/CROSSFOX;"2009      ";Passageiro;Ileso;"17   ";Feminino;"1 ";"0    ";"0    ";"0    ";-16.1312850;-47.9579230;SPRF-DF;DEL01-DF;UOP01-DEL01-DF 
601655;"1342230   ";2024-05-19;domingo;19:10:00;GO;"40   ";"8    ";LUZIANIA;Não;Ingestão de álcool pelo condutor;5;Saída de leito carroçável;Com Vítimas Feridas;Plena Noite;Crescente;Céu Claro;Dupla;Reta;Sim  ;"1075139   ";Automóvel;VW/CROSSFOX;"2009      ";Passageiro;Ileso;"8    ";Masculino;"1 ";"0    ";"0    ";"0    ";-16.1312850;-47.9579230;SPRF-DF;DEL01-DF;UOP01-DEL01-DF 
601655;"1342228   ";2024-05-19;domingo;19:10:00;GO;"40   ";"8    ";LUZIANIA;Não;Ingestão de álcool pelo condutor;5;Saída de leito carroçável;Com Vítimas Feridas;Plena Noite;Crescente;Céu Claro;Dupla;Reta;Sim  ;"1075139   ";Automóvel;VW/CROSSFOX;"2009      ";Passageiro;Lesões Leves;"48   ";Feminino;"0 ";"1    ";"0    ";"0    ";-16.1312850;-47.9579230;SPRF-DF;DEL01-DF;UOP01-DEL01-DF 
601655;"1342227   ";2024-05-19;domingo;19:10:00;GO;"40   ";"8    ";LUZIANIA;Não;Velocidade Incompatível;4;Capotamento;Com Vítimas Feridas;Plena Noite;Crescente;Céu Claro;Dupla;Reta;Sim  ;"1075140   ";Automóvel;VW/GOL 1.6 POWER;"2003      ";Condutor;Ileso;"38   ";Masculino;"1 ";"0    ";"0    ";"0    ";-16.1312850;-47.9579230;SPRF-DF;DEL01-DF;UOP01-DEL01-DF 
601655;"1342226   ";2024-05-19;domingo;19:10:00;GO;"40   ";"8    ";LUZIANIA;Não;Velocidade Incompatível;4;Capotamento;Com Vítimas Feridas;Plena Noite;Crescente;Céu Claro;Dupla;Reta;Sim  ;"1075139   ";Automóvel;VW/CROSSFOX;"2009      ";Condutor;Ileso;"46   ";Masculino;"1 ";"0    ";"0    ";"0    ";-16.1312850;-47.9579230;SPRF-DF;DEL01-DF;UOP01-DEL01-DF 
601655;"1342231   ";2024-05-19;domingo;19:10:00;GO;"40   ";"8    ";LUZIANIA;Não;Velocidade Incompatível;4;Capotamento;Com Vítimas Feridas;Plena Noite;Crescente;Céu Claro;Dupla;Reta;Sim  ;"1075139   ";Automóvel;VW/CROSSFOX;"2009      ";Passageiro;Ileso;"17   ";Feminino;"1 ";"0    ";"0    ";"0    ";-16.1312850;-47.9579230;SPRF-DF;DEL01-DF;UOP01-DEL01-DF 
601655;"1342230   ";2024-05-19;domingo;19:10:00;GO;"40   ";"8    ";LUZIANIA;Não;Velocidade Incompatível;4;Capotamento;Com Vítimas Feridas;Plena Noite;Crescente;Céu Claro;Dupla;Reta;Sim  ;"1075139   ";Automóvel;VW/CROSSFOX;"2009      ";Passageiro;Ileso;"8    ";Masculino;"1 ";"0    ";"0    ";"0    ";-16.1312850;-47.9579230;SPRF-DF;DEL01-DF;UOP01-DEL01-DF 
601655;"1342228   ";2024-05-19;domingo;19:10:00;GO;"40   ";"8    ";LUZIANIA;Não;Velocidade Incompatível;4;Capotamento;Com Vítimas Feridas;Plena Noite;Crescente;Céu Claro;Dupla;Reta;Sim  ;"1075139   ";Automóvel;VW/CROSSFOX;"2009      ";Passageiro;Lesões Leves;"48   ";Feminino;"0 ";"1    ";"0    ";"0    ";-16.1312850;-47.9579230;SPRF-DF;DEL01-DF;UOP01-DEL01-DF 
601655;"1342227   ";2024-05-19;domingo;19:10:00;GO;"40   ";"8    ";LUZIANIA;Sim;Ausência de reação do condutor;4;Capotamento;Com Vítimas Feridas;Plena Noite;Crescente;Céu Claro;Dupla;Reta;Sim  ;"1075140   ";Automóvel;VW/GOL 1.6 POWER;"2003      ";Condutor;Ileso;"38   ";Masculino;"1 ";"0    ";"0    ";"0    ";-16.1312850;-47.9579230;SPRF-DF;DEL01-DF;UOP01-DEL01-DF 
601655;"1342226   ";2024-05-19;domingo;19:10:00;GO;"40   ";"8    ";LUZIANIA;Sim;Ausência de reação do condutor;4;Capotamento;Com Vítimas Feridas;Plena Noite;Crescente;Céu Claro;Dupla;Reta;Sim  ;"1075139   ";Automóvel;VW/CROSSFOX;"2009      ";Condutor;Ileso;"46   ";Masculino;"1 ";"0    ";"0    ";"0    ";-16.1312850;-47.9579230;SPRF-DF;DEL01-DF;UOP01-DEL01-DF 
601655;"1342231   ";2024-05-19;domingo;19:10:00;GO;"40   ";"8    ";LUZIANIA;Sim;Ausência de reação do condutor;4;Capotamento;Com Vítimas Feridas;Plena Noite;Crescente;Céu Claro;Dupla;Reta;Sim  ;"1075139   ";Automóvel;VW/CROSSFOX;"2009      ";Passageiro;Ileso;"17   ";Feminino;"1 ";"0    ";"0    ";"0    ";-16.1312850;-47.9579230;SPRF-DF;DEL01-DF;UOP01-DEL01-DF 
601655;"1342230   ";2024-05-19;domingo;19:10:00;GO;"40   ";"8    ";LUZIANIA;Sim;Ausência de reação do condutor;4;Capotamento;Com Vítimas Feridas;Plena Noite;Crescente;Céu Claro;Dupla;Reta;Sim  ;"1075139   ";Automóvel;VW/CROSSFOX;"2009      ";Passageiro;Ileso;"8    ";Masculino;"1 ";"0    ";"0    ";"0    ";-16.1312850;-47.9579230;SPRF-DF;DEL01-DF;UOP01-DEL01-DF 
601655;"1342228   ";2024-05-19;domingo;19:10:00;GO;"40   ";"8    ";LUZIANIA;Sim;Ausência de reação do condutor;4;Capotamento;Com Vítimas Feridas;Plena Noite;Crescente;Céu Claro;Dupla;Reta;Sim  ;"1075139   ";Automóvel;VW/CROSSFOX;"2009      ";Passageiro;Lesões Leves;"48   ";Feminino;"0 ";"1    ";"0    ";"0    ";-16.1312850;-47.9579230;SPRF-DF;DEL01-DF;UOP01-DEL01-DF 
601655;"1342227   ";2024-05-19;domingo;19:10:00;GO;"40   ";"8    ";LUZIANIA;Não;Condutor deixou de manter distância do veículo da frente;4;Capotamento;Com Vítimas Feridas;Plena Noite;Crescente;Céu Claro;Dupla;Reta;Sim  ;"1075140   ";Automóvel;VW/GOL 1.6 POWER;"2003      ";Condutor;Ileso;"38   ";Masculino;"1 ";"0    ";"0    ";"0    ";-16.1312850;-47.9579230;SPRF-DF;DEL01-DF;UOP01-DEL01-DF 
601655;"1342226   ";2024-05-19;domingo;19:10:00;GO;"40   ";"8    ";LUZIANIA;Não;Condutor deixou de manter distância do veículo da frente;4;Capotamento;Com Vítimas Feridas;Plena Noite;Crescente;Céu Claro;Dupla;Reta;Sim  ;"1075139   ";Automóvel;VW/CROSSFOX;"2009      ";Condutor;Ileso;"46   ";Masculino;"1 ";"0    ";"0    ";"0    ";-16.1312850;-47.9579230;SPRF-DF;DEL01-DF;UOP01-DEL01-DF 
601655;"1342231   ";2024-05-19;domingo;19:10:00;GO;"40   ";"8    ";LUZIANIA;Não;Condutor deixou de manter distância do veículo da frente;4;Capotamento;Com Vítimas Feridas;Plena Noite;Crescente;Céu Claro;Dupla;Reta;Sim  ;"1075139   ";Automóvel;VW/CROSSFOX;"2009      ";Passageiro;Ileso;"17   ";Feminino;"1 ";"0    ";"0    ";"0    ";-16.1312850;-47.9579230;SPRF-DF;DEL01-DF;UOP01-DEL01-DF 
601655;"1342230   ";2024-05-19;domingo;19:10:00;GO;"40   ";"8    ";LUZIANIA;Não;Condutor deixou de manter distância do veículo da frente;4;Capotamento;Com Vítimas Feridas;Plena Noite;Crescente;Céu Claro;Dupla;Reta;Sim  ;"1075139   ";Automóvel;VW/CROSSFOX;"2009      ";Passageiro;Ileso;"8    ";Masculino;"1 ";"0    ";"0    ";"0    ";-16.1312850;-47.9579230;SPRF-DF;DEL01-DF;UOP01-DEL01-DF 
601655;"1342228   ";2024-05-19;domingo;19:10:00;GO;"40   ";"8    ";LUZIANIA;Não;Condutor deixou de manter distância do veículo da frente;4;Capotamento;Com Vítimas Feridas;Plena Noite;Crescente;Céu Claro;Dupla;Reta;Sim  ;"1075139   ";Automóvel;VW/CROSSFOX;"2009      ";Passageiro;Lesões Leves;"48   ";Feminino;"0 ";"1    ";"0    ";"0    ";-16.1312850;-47.9579230;SPRF-DF;DEL01-DF;UOP01-DEL01-DF 
601655;"1342227   ";2024-05-19;domingo;19:10:00;GO;"40   ";"8    ";LUZIANIA;Não;Ingestão de álcool pelo condutor;4;Capotamento;Com Vítimas Feridas;Plena Noite;Crescente;Céu Claro;Dupla;Reta;Sim  ;"1075140   ";Automóvel;VW/GOL 1.6 POWER;"2003      ";Condutor;Ileso;"38   ";Masculino;"1 ";"0    ";"0    ";"0    ";-16.1312850;-47.9579230;SPRF-DF;DEL01-DF;UOP01-DEL01-DF 
601655;"1342226   ";2024-05-19;domingo;19:10:00;GO;"40   ";"8    ";LUZIANIA;Não;Ingestão de álcool pelo condutor;4;Capotamento;Com Vítimas Feridas;Plena Noite;Crescente;Céu Claro;Dupla;Reta;Sim  ;"1075139   ";Automóvel;VW/CROSSFOX;"2009      ";Condutor;Ileso;"46   ";Masculino;"1 ";"0    ";"0    ";"0    ";-16.1312850;-47.9579230;SPRF-DF;DEL01-DF;UOP01-DEL01-DF 
601655;"1342231   ";2024-05-19;domingo;19:10:00;GO;"40   ";"8    ";LUZIANIA;Não;Ingestão de álcool pelo condutor;4;Capotamento;Com Vítimas Feridas;Plena Noite;Crescente;Céu Claro;Dupla;Reta;Sim  ;"1075139   ";Automóvel;VW/CROSSFOX;"2009      ";Passageiro;Ileso;"17   ";Feminino;"1 ";"0    ";"0    ";"0    ";-16.1312850;-47.9579230;SPRF-DF;DEL01-DF;UOP01-DEL01-DF 
601655;"1342230   ";2024-05-19;domingo;19:10:00;GO;"40   ";"8    ";LUZIANIA;Não;Ingestão de álcool pelo condutor;4;Capotamento;Com Vítimas Feridas;Plena Noite;Crescente;Céu Claro;Dupla;Reta;Sim  ;"1075139   ";Automóvel;VW/CROSSFOX;"2009      ";Passageiro;Ileso;"8    ";Masculino;"1 ";"0    ";"0    ";"0    ";-16.1312850;-47.9579230;SPRF-DF;DEL01-DF;UOP01-DEL01-DF 
601655;"1342228   ";2024-05-19;domingo;19:10:00;GO;"40   ";"8    ";LUZIANIA;Não;Ingestão de álcool pelo condutor;4;Capotamento;Com Vítimas Feridas;Plena Noite;Crescente;Céu Claro;Dupla;Reta;Sim  ;"1075139   ";Automóvel;VW/CROSSFOX;"2009      ";Passageiro;Lesões Leves;"48   ";Feminino;"0 ";"1    ";"0    ";"0    ";-16.1312850;-47.9579230;SPRF-DF;DEL01-DF;UOP01-DEL01-DF 
601655;"1342227   ";2024-05-19;domingo;19:10:00;GO;"40   ";"8    ";LUZIANIA;Não;Velocidade Incompatível;2;Saída de leito carroçável;Com Vítimas Feridas;Plena Noite;Crescente;Céu Claro;Dupla;Reta;Sim  ;"1075140   ";Automóvel;VW/GOL 1.6 POWER;"2003      ";Condutor;Ileso;"38   ";Masculino;"1 ";"0    ";"0    ";"0    ";-16.1312850;-47.9579230;SPRF-DF;DEL01-DF;UOP01-DEL01-DF 
601655;"1342226   ";2024-05-19;domingo;19:10:00;GO;"40   ";"8    ";LUZIANIA;Não;Velocidade Incompatível;2;Saída de leito carroçável;Com Vítimas Feridas;Plena Noite;Crescente;Céu Claro;Dupla;Reta;Sim  ;"1075139   ";Automóvel;VW/CROSSFOX;"2009      ";Condutor;Ileso;"46   ";Masculino;"1 ";"0    ";"0    ";"0    ";-16.1312850;-47.9579230;SPRF-DF;DEL01-DF;UOP01-DEL01-DF 
601655;"1342231   ";2024-05-19;domingo;19:10:00;GO;"40   ";"8    ";LUZIANIA;Não;Velocidade Incompatível;2;Saída de leito carroçável;Com Vítimas Feridas;Plena Noite;Crescente;Céu Claro;Dupla;Reta;Sim  ;"1075139   ";Automóvel;VW/CROSSFOX;"2009      ";Passageiro;Ileso;"17   ";Feminino;"1 ";"0    ";"0    ";"0    ";-16.1312850;-47.9579230;SPRF-DF;DEL01-DF;UOP01-DEL01-DF 
601655;"1342230   ";2024-05-19;domingo;19:10:00;GO;"40   ";"8    ";LUZIANIA;Não;Velocidade Incompatível;2;Saída de leito carroçável;Com Vítimas Feridas;Plena Noite;Crescente;Céu Claro;Dupla;Reta;Sim  ;"1075139   ";Automóvel;VW/CROSSFOX;"2009      ";Passageiro;Ileso;"8    ";Masculino;"1 ";"0    ";"0    ";"0    ";-16.1312850;-47.9579230;SPRF-DF;DEL01-DF;UOP01-DEL01-DF 
601655;"1342228   ";2024-05-19;domingo;19:10:00;GO;"40   ";"8    ";LUZIANIA;Não;Velocidade Incompatível;2;Saída de leito carroçável;Com Vítimas Feridas;Plena Noite;Crescente;Céu Claro;Dupla;Reta;Sim  ;"1075139   ";Automóvel;VW/CROSSFOX;"2009      ";Passageiro;Lesões Leves;"48   ";Feminino;"0 ";"1    ";"0    ";"0    ";-16.1312850;-47.9579230;SPRF-DF;DEL01-DF;UOP01-DEL01-DF 
601655;"1342227   ";2024-05-19;domingo;19:10:00;GO;"40   ";"8    ";LUZIANIA;Sim;Ausência de reação do condutor;2;Saída de leito carroçável;Com Vítimas Feridas;Plena Noite;Crescente;Céu Claro;Dupla;Reta;Sim  ;"1075140   ";Automóvel;VW/GOL 1.6 POWER;"2003      ";Condutor;Ileso;"38   ";Masculino;"1 ";"0    ";"0    ";"0    ";-16.1312850;-47.9579230;SPRF-DF;DEL01-DF;UOP01-DEL01-DF 
601655;"1342226   ";2024-05-19;domingo;19:10:00;GO;"40   ";"8    ";LUZIANIA;Sim;Ausência de reação do condutor;2;Saída de leito carroçável;Com Vítimas Feridas;Plena Noite;Crescente;Céu Claro;Dupla;Reta;Sim  ;"1075139   ";Automóvel;VW/CROSSFOX;"2009      ";Condutor;Ileso;"46   ";Masculino;"1 ";"0    ";"0    ";"0    ";-16.1312850;-47.9579230;SPRF-DF;DEL01-DF;UOP01-DEL01-DF 
601655;"1342231   ";2024-05-19;domingo;19:10:00;GO;"40   ";"8    ";LUZIANIA;Sim;Ausência de reação do condutor;2;Saída de leito carroçável;Com Vítimas Feridas;Plena Noite;Crescente;Céu Claro;Dupla;Reta;Sim  ;"1075139   ";Automóvel;VW/CROSSFOX;"2009      ";Passageiro;Ileso;"17   ";Feminino;"1 ";"0    ";"0    ";"0    ";-16.1312850;-47.9579230;SPRF-DF;DEL01-DF;UOP01-DEL01-DF 
601655;"1342230   ";2024-05-19;domingo;19:10:00;GO;"40   ";"8    ";LUZIANIA;Sim;Ausência de reação do condutor;2;Saída de leito carroçável;Com Vítimas Feridas;Plena Noite;Crescente;Céu Claro;Dupla;Reta;Sim  ;"1075139   ";Automóvel;VW/CROSSFOX;"2009      ";Passageiro;Ileso;"8    ";Masculino;"1 ";"0    ";"0    ";"0    ";-16.1312850;-47.9579230;SPRF-DF;DEL01-DF;UOP01-DEL01-DF 
601655;"1342228   ";2024-05-19;domingo;19:10:00;GO;"40   ";"8    ";LUZIANIA;Sim;Ausência de reação do condutor;2;Saída de leito carroçável;Com Vítimas Feridas;Plena Noite;Crescente;Céu Claro;Dupla;Reta;Sim  ;"1075139   ";Automóvel;VW/CROSSFOX;"2009      ";Passageiro;Lesões Leves;"48   ";Feminino;"0 ";"1    ";"0    ";"0    ";-16.1312850;-47.9579230;SPRF-DF;DEL01-DF;UOP01-DEL01-DF 
601655;"1342227   ";2024-05-19;domingo;19:10:00;GO;"40   ";"8    ";LUZIANIA;Não;Condutor deixou de manter distância do veículo da frente;2;Saída de leito carroçável;Com Vítimas Feridas;Plena Noite;Crescente;Céu Claro;Dupla;Reta;Sim  ;"1075140   ";Automóvel;VW/GOL 1.6 POWER;"2003      ";Condutor;Ileso;"38   ";Masculino;"1 ";"0    ";"0    ";"0    ";-16.1312850;-47.9579230;SPRF-DF;DEL01-DF;UOP01-DEL01-DF 
601655;"1342226   ";2024-05-19;domingo;19:10:00;GO;"40   ";"8    ";LUZIANIA;Não;Condutor deixou de manter distância do veículo da frente;2;Saída de leito carroçável;Com Vítimas Feridas;Plena Noite;Crescente;Céu Claro;Dupla;Reta;Sim  ;"1075139   ";Automóvel;VW/CROSSFOX;"2009      ";Condutor;Ileso;"46   ";Masculino;"1 ";"0    ";"0    ";"0    ";-16.1312850;-47.9579230;SPRF-DF;DEL01-DF;UOP01-DEL01-DF 