id;pesid;data_inversa;dia_semana;horario;uf;br;km;municipio;causa_principal;causa_acidente;ordem_tipo_acidente;tipo_acidente;classificacao_acidente;fase_dia;sentido_via;condicao_metereologica;tipo_pista;tracado_via;uso_solo;id_veiculo;tipo_veiculo;marca;ano_fabricacao_veiculo;tipo_envolvido;estado_fisico;idade;sexo;ilesos;feridos_leves;feridos_graves;mortos;latitude;longitude;regional;delegacia;uop
601655;"1342231   ";2024-05-19;domingo;19:10:00;GO;"40   ";"8    ";LUZIANIA;Não;Condutor deixou de manter distância do veículo da frente;2;Saída de leito carroçável;Com Vítimas Feridas;Plena Noite;Crescente;Céu Claro;Dupla;Reta;Sim  ;"1075139   ";Automóvel;VW/CROSSFOX;"2009      ";Passageiro;Ileso;"17   ";Feminino;"1 ";"0    ";"0    ";"0    ";-16.1312850;-47.9579230;SPRF-DF;DEL01-DF;UOP01-DEL01-DF 
601655;"1342230   ";2024-05-19;domingo;19:10:00;GO;"40   ";"8    ";LUZIANIA;Não;Condutor deixou de manter distância do veículo da frente;2;Saída de leito carroçável;Com Vítimas Feridas;Plena Noite;Crescente;Céu Claro;Dupla;Reta;Sim  ;"1075139   ";Automóvel;VW/CROSSFOX;"2009      ";Passageiro;Ileso;"8    ";Masculino;"1 ";"0    ";"0    ";"0    ";-16.1312850;-47.9579230;SPRF-DF;DEL01-DF;UOP01-DEL01-DF 
601655;"1342228   ";2024-05-19;domingo;19:10:00;GO;"40   ";"8    ";LUZIANIA;Não;Condutor deixou de manter distância do veículo da frente;2;Saída de leito carroçável;Com Vítimas Feridas;Plena Noite;Crescente;Céu Claro;Dupla;Reta;Sim  ;"1075139   ";Automóvel;VW/CROSSFOX;"2009      ";Passageiro;Lesões Leves;"48   ";Feminino;"0 ";"1    ";"0    ";"0    ";-16.1312850;-47.9579230;SPRF-DF;DEL01-DF;UOP01-DEL01-DF 
601655;"1342227   ";2024-05-19;domingo;19:10:00;GO;"40   ";"8    ";LUZIANIA;Não;Ingestão de álcool pelo condutor;2;Saída de leito carroçável;Com Vítimas Feridas;Plena Noite;Crescente;Céu Claro;Dupla;Reta;Sim  ;"1075140   ";Automóvel;VW/GOL 1.6 POWER;"2003      ";Condutor;Ileso;"38   ";Masculino;"1 ";"0    ";"0    ";"0    ";-16.1312850;-47.9579230;SPRF-DF;DEL01-DF;UOP01-DEL01-DF 
601655;"1342226   ";2024-05-19;domingo;19:10:00;GO;"40   ";"8    ";LUZIANIA;Não;Ingestão de álcool pelo condutor;2;Saída de leito carroçável;Com Vítimas Feridas;Plena Noite;Crescente;Céu Claro;Dupla;Reta;Sim  ;"1075139   ";Automóvel;VW/CROSSFOX;"2009      ";Condutor;Ileso;"46   ";Masculino;"1 ";"0    ";"0    ";"0    ";-16.1312850;-47.9579230;SPRF-DF;DEL01-DF;UOP01-DEL01-DF 
601655;"1342231   ";2024-05-19;domingo;19:10:00;GO;"40   ";"8    ";LUZIANIA;Não;Ingestão de álcool pelo condutor;2;Saída de leito carroçável;Com Vítimas Feridas;Plena Noite;Crescente;Céu Claro;Dupla;Reta;Sim  ;"1075139   ";Automóvel;VW/CROSSFOX;"2009      ";Passageiro;Ileso;"17   ";Feminino;"1 ";"0    ";"0    ";"0    ";-16.1312850;-47.9579230;SPRF-DF;DEL01-DF;UOP01-DEL01-DF 
601655;"1342230   ";2024-05-19;domingo;19:10:00;GO;"40   ";"8    ";LUZIANIA;Não;Ingestão de álcool pelo condutor;2;Saída de leito carroçável;Com Vítimas Feridas;Plena Noite;Crescente;Céu Claro;Dupla;Reta;Sim  ;"1075139   ";Automóvel;VW/CROSSFOX;"2009      ";Passageiro;Ileso;"8    ";Masculino;"1 ";"0    ";"0    ";"0    ";-16.1312850;-47.9579230;SPRF-DF;DEL01-DF;UOP01-DEL01-DF 
601655;"1342228   ";2024-05-19;domingo;19:10:00;GO;"40   ";"8    ";LUZIANIA;Não;Ingestão de álcool pelo condutor;2;Saída de leito carroçável;Com Vítimas Feridas;Plena Noite;Crescente;Céu Claro;Dupla;Reta;Sim  ;"1075139   ";Automóvel;VW/CROSSFOX;"2009      ";Passageiro;Lesões Leves;"48   ";Feminino;"0 ";"1    ";"0    ";"0    ";-16.1312850;-47.9579230;SPRF-DF;DEL01-DF;UOP01-DEL01-DF 
601655;"1342227   ";2024-05-19;domingo;19:10:00;GO;"40   ";"8    ";LUZIANIA;Não;Velocidade Incompatível;1;Colisão traseira;Com Vítimas Feridas;Plena Noite;Crescente;Céu Claro;Dupla;Reta;Sim  ;"1075140   ";Automóvel;VW/GOL 1.6 POWER;"2003      ";Condutor;Ileso;"38   ";Masculino;"1 ";"0    ";"0    ";"0    ";-16.1312850;-47.9579230;SPRF-DF;DEL01-DF;UOP01-DEL01-DF 
601655;"1342226   ";2024-05-19;domingo;19:10:00;GO;"40   ";"8    ";LUZIANIA;Não;Velocidade Incompatível;1;Colisão traseira;Com Vítimas Feridas;Plena Noite;Crescente;Céu Claro;Dupla;Reta;Sim  ;"1075139   ";Automóvel;VW/CROSSFOX;"2009      ";Condutor;Ileso;"46   ";Masculino;"1 ";"0    ";"0    ";"0    ";-16.1312850;-47.9579230;SPRF-DF;DEL01-DF;UOP01-DEL01-DF 
601655;"1342231   ";2024-05-19;domingo;19:10:00;GO;"40   ";"8    ";LUZIANIA;Não;Velocidade Incompatível;1;Colisão traseira;Com Vítimas Feridas;Plena Noite;Crescente;Céu Claro;Dupla;Reta;Sim  ;"1075139   ";Automóvel;VW/CROSSFOX;"2009      ";Passageiro;Ileso;"17   ";Feminino;"1 ";"0    ";"0    ";"0    ";-16.1312850;-47.9579230;SPRF-DF;DEL01-DF;UOP01-DEL01-DF 
601655;"1342230   ";2024-05-19;domingo;19:10:00;GO;"40   ";"8    ";LUZIANIA;Não;Velocidade Incompatível;1;Colisão traseira;Com Vítimas Feridas;Plena Noite;Crescente;Céu Claro;Dupla;Reta;Sim  ;"1075139   ";Automóvel;VW/CROSSFOX;"2009      ";Passageiro;Ileso;"8    ";Masculino;"1 ";"0    ";"0    ";"0    ";-16.1312850;-47.9579230;SPRF-DF;DEL01-DF;UOP01-DEL01-DF 
601655;"1342228   ";2024-05-19;domingo;19:10:00;GO;"40   ";"8    ";LUZIANIA;Não;Velocidade Incompatível;1;Colisão traseira;Com Vítimas Feridas;Plena Noite;Crescente;Céu Claro;Dupla;Reta;Sim  ;"1075139   ";Automóvel;VW/CROSSFOX;"2009      ";Passageiro;Lesões Leves;"48   ";Feminino;"0 ";"1    ";"0    ";"0    ";-16.1312850;-47.9579230;SPRF-DF;DEL01-DF;UOP01-DEL01-DF 
601655;"1342227   ";2024-05-19;domingo;19:10:00;GO;"40   ";"8    ";LUZIANIA;Sim;Ausência de reação do condutor;1;Colisão traseira;Com Vítimas Feridas;Plena Noite;Crescente;Céu Claro;Dupla;Reta;Sim  ;"1075140   ";Automóvel;VW/GOL 1.6 POWER;"2003      ";Condutor;Ileso;"38   ";Masculino;"1 ";"0    ";"0    ";"0    ";-16.1312850;-47.9579230;SPRF-DF;DEL01-DF;UOP01-DEL01-DF 
601655;"1342226   ";2024-05-19;domingo;19:10:00;GO;"40   ";"8    ";LUZIANIA;Sim;Ausência de reação do condutor;1;Colisão traseira;Com Vítimas Feridas;Plena Noite;Crescente;Céu Claro;Dupla;Reta;Sim  ;"1075139   ";Automóvel;VW/CROSSFOX;"2009      ";Condutor;Ileso;"46   ";Masculino;"1 ";"0    ";"0    ";"0    ";-16.1312850;-47.9579230;SPRF-DF;DEL01-DF;UOP01-DEL01-DF 
601655;"1342231   ";2024-05-19;domingo;19:10:00;GO;"40   ";"8    ";LUZIANIA;Sim;Ausência de reação do condutor;1;Colisão traseira;Com Vítimas Feridas;Plena Noite;Crescente;Céu Claro;Dupla;Reta;Sim  ;"1075139   ";Automóvel;VW/CROSSFOX;"2009      ";Passageiro;Ileso;"17   ";Feminino;"1 ";"0    ";"0    ";"0    ";-16.1312850;-47.9579230;SPRF-DF;DEL01-DF;UOP01-DEL01-DF 
601655;"1342230   ";2024-05-19;domingo;19:10:00;GO;"40   ";"8    ";LUZIANIA;Sim;Ausência de reação do condutor;1;Colisão traseira;Com Vítimas Feridas;Plena Noite;Crescente;Céu Claro;Dupla;Reta;Sim  ;"1075139   ";Automóvel;VW/CROSSFOX;"2009      ";Passageiro;Ileso;"8    ";Masculino;"1 ";"0    ";"0    ";"0    ";-16.1312850;-47.9579230;SPRF-DF;DEL01-DF;UOP01-DEL01-DF 
601655;"1342228   ";2024-05-19;domingo;19:10:00;GO;"40   ";"8    ";LUZIANIA;Sim;Ausência de reação do condutor;1;Colisão traseira;Com Vítimas Feridas;Plena Noite;Crescente;Céu Claro;Dupla;Reta;Sim  ;"1075139   ";Automóvel;VW/CROSSFOX;"2009      ";Passageiro;Lesões Leves;"48   ";Feminino;"0 ";"1    ";"0    ";"0    ";-16.1312850;-47.9579230;SPRF-DF;DEL01-DF;UOP01-DEL01-DF 
601655;"1342227   ";2024-05-19;domingo;19:10:00;GO;"40   ";"8    ";LUZIANIA;Não;Condutor deixou de manter distância do veículo da frente;1;Colisão traseira;Com Vítimas Feridas;Plena Noite;Crescente;Céu Claro;Dupla;Reta;Sim  ;"1075140   ";Automóvel;VW/GOL 1.6 POWER;"2003      ";Condutor;Ileso;"38   ";Masculino;"1 ";"0    ";"0    ";"0    ";-16.1312850;-47.9579230;SPRF-DF;DEL01-DF;UOP01-DEL01-DF 
601655;"1342226   ";2024-05-19;domingo;19:10:00;GO;"40   ";"8    ";LUZIANIA;Não;Condutor deixou de manter distância do veículo da frente;1;Colisão traseira;Com Vítimas Feridas;Plena Noite;Crescente;Céu Claro;Dupla;Reta;Sim  ;"1075139   ";Automóvel;VW/CROSSFOX;"2009      ";Condutor;Ileso;"46   ";Masculino;"1 ";"0    ";"0    ";"0    ";-16.1312850;-47.9579230;SPRF-DF;DEL01-DF;UOP01-DEL01-DF 
601655;"1342231   ";2024-05-19;domingo;19:10:00;GO;"40   ";"8    ";LUZIANIA;Não;Condutor deixou de manter distância do veículo da frente;1;Colisão traseira;Com Vítimas Feridas;Plena Noite;Crescente;Céu Claro;Dupla;Reta;Sim  ;"1075139   ";Automóvel;VW/CROSSFOX;"2009      ";Passageiro;Ileso;"17   ";Feminino;"1 ";"0    ";"0    ";"0    ";-16.1312850;-47.9579230;SPRF-DF;DEL01-DF;UOP01-DEL01-DF 
602168;"1343476   ";2024-05-22;quarta-feira;09:00:00;GO;"60   ";"73,3 ";ABADIANIA;Não;Sinalização mal posicionada;6;Engavetamento;Com Vítimas Feridas;Pleno dia;Crescente;Céu Claro;Dupla;"Declive;Ponte";Não  ;"1076180   ";Utilitário;JEEP/COMPASS LIMITED D;"2021      ";Condutor;Ileso;"33   ";Feminino;"1 ";"0    ";"0    ";"0    ";-16.2759000;-48.7774000;SPRF-GO;DEL02-GO;UOP01-DEL02-GO 
601655;"1342230   ";2024-05-19;domingo;19:10:00;GO;"40   ";"8    ";LUZIANIA;Não;Condutor deixou de manter distância do veículo da frente;1;Colisão traseira;Com Vítimas Feridas;Plena Noite;Crescente;Céu Claro;Dupla;Reta;Sim  ;"1075139   ";Automóvel;VW/CROSSFOX;"2009      ";Passageiro;Ileso;"8    ";Masculino;"1 ";"0    ";"0    ";"0    ";-16.1312850;-47.9579230;SPRF-DF;DEL01-DF;UOP01-DEL01-DF 
601655;"1342228   ";2024-05-19;domingo;19:10:00;GO;"40   ";"8    ";LUZIANIA;Não;Condutor deixou de manter distância do veículo da frente;1;Colisão traseira;Com Vítimas Feridas;Plena Noite;Crescente;Céu Claro;Dupla;Reta;Sim  ;"1075139   ";Automóvel;VW/CROSSFOX;"2009      ";Passageiro;Lesões Leves;"48   ";Feminino;"0 ";"1    ";"0    ";"0    ";-16.1312850;-47.9579230;SPRF-DF;DEL01-DF;UOP01-DEL01-DF 
601655;"1342227   ";2024-05-19;domingo;19:10:00;GO;"40   ";"8    ";LUZIANIA;Não;Ingestão de álcool pelo condutor;1;Colisão traseira;Com Vítimas Feridas;Plena Noite;Crescente;Céu Claro;Dupla;Reta;Sim  ;"1075140   ";Automóvel;VW/GOL 1.6 POWER;"2003      ";Condutor;Ileso;"38   ";Masculino;"1 ";"0    ";"0    ";"0    ";-16.1312850;-47.9579230;SPRF-DF;DEL01-DF;UOP01-DEL01-DF 
601655;"1342226   ";2024-05-19;domingo;19:10:00;GO;"40   ";"8    ";LUZIANIA;Não;Ingestão de álcool pelo condutor;1;Colisão traseira;Com Vítimas Feridas;Plena Noite;Crescente;Céu Claro;Dupla;Reta;Sim  ;"1075139   ";Automóvel;VW/CROSSFOX;"2009      ";Condutor;Ileso;"46   ";Masculino;"1 ";"0    ";"0    ";"0    ";-16.1312850;-47.9579230;SPRF-DF;DEL01-DF;UOP01-DEL01-DF 
601655;"1342231   ";2024-05-19;domingo;19:10:00;GO;"40   ";"8    ";LUZIANIA;Não;Ingestão de álcool pelo condutor;1;Colisão traseira;Com Vítimas Feridas;Plena Noite;Crescente;Céu Claro;Dupla;Reta;Sim  ;"1075139   ";Automóvel;VW/CROSSFOX;"2009      ";Passageiro;Ileso;"17   ";Feminino;"1 ";"0    ";"0    ";"0    ";-16.1312850;-47.9579230;SPRF-DF;DEL01-DF;UOP01-DEL01-DF 
601655;"1342230   ";2024-05-19;domingo;19:10:00;GO;"40   ";"8    ";LUZIANIA;Não;Ingestão de álcool pelo condutor;1;Colisão traseira;Com Vítimas Feridas;Plena Noite;Crescente;Céu Claro;Dupla;Reta;Sim  ;"1075139   ";Automóvel;VW/CROSSFOX;"2009      ";Passageiro;Ileso;"8    ";Masculino;"1 ";"0    ";"0    ";"0    ";-16.1312850;-47.9579230;SPRF-DF;DEL01-DF;UOP01-DEL01-DF 
601655;"1342228   ";2024-05-19;domingo;19:10:00;GO;"40   ";"8    ";LUZIANIA;Não;Ingestão de álcool pelo condutor;1;Colisão traseira;Com Vítimas Feridas;Plena Noite;Crescente;Céu Claro;Dupla;Reta;Sim  ;"1075139   ";Automóvel;VW/CROSSFOX;"2009      ";Passageiro;Lesões Leves;"48   ";Feminino;"0 ";"1    ";"0    ";"0    ";-16.1312850;-47.9579230;SPRF-DF;DEL01-DF;UOP01-DEL01-DF 
601755;"1342283   ";2024-05-20;segunda-feira;07:00:00;GO;"40   ";"7,1  ";LUZIANIA;Sim;Condutor deixou de manter distância do veículo da frente;2;Queda de ocupante de veículo;Com Vítimas Feridas;Pleno dia;Crescente;Céu Claro;Dupla;Reta;Sim  ;"1075185   ";Motocicleta;HONDA/CG150 FAN ESDI;"2013      ";Condutor;Lesões Leves;"50   ";Masculino;"0 ";"1    ";"0    ";"0    ";-16.1084820;-47.9725240;SPRF-DF;DEL01-DF;UOP01-DEL01-DF 
601755;"1342283   ";2024-05-20;segunda-feira;07:00:00;GO;"40   ";"7,1  ";LUZIANIA;Sim;Condutor deixou de manter distância do veículo da frente;1;Tombamento;Com Vítimas Feridas;Pleno dia;Crescente;Céu Claro;Dupla;Reta;Sim  ;"1075185   ";Motocicleta;HONDA/CG150 FAN ESDI;"2013      ";Condutor;Lesões Leves;"50   ";Masculino;"0 ";"1    ";"0    ";"0    ";-16.1084820;-47.9725240;SPRF-DF;DEL01-DF;UOP01-DEL01-DF 
601770;"1343451   ";2024-05-20;segunda-feira;08:30:00;GO;"70   ";"9    ";AGUAS LINDAS DE GOIAS;Sim;Ausência de reação do condutor;1;Colisão traseira;Com Vítimas Feridas;Pleno dia;Decrescente;Céu Claro;Múltipla;Reta;Sim  ;"1075675   ";Automóvel;FIAT/PALIO WEEK 6MARCHAS;"2000      ";Condutor;Ileso;"44   ";Masculino;"1 ";"0    ";"0    ";"0    ";-15.7357673;-48.2828805;SPRF-DF;DEL03-DF;UOP02-DEL03-DF 
601770;"1343452   ";2024-05-20;segunda-feira;08:30:00;GO;"70   ";"9    ";AGUAS LINDAS DE GOIAS;Sim;Ausência de reação do condutor;1;Colisão traseira;Com Vítimas Feridas;Pleno dia;Decrescente;Céu Claro;Múltipla;Reta;Sim  ;"1075677   ";Motocicleta;HONDA/CG 160 FAN;"2023      ";Condutor;Lesões Graves;"23   ";Masculino;"0 ";"0    ";"1    ";"0    ";-15.7357673;-48.2828805;SPRF-DF;DEL03-DF;UOP02-DEL03-DF 
601776;"1342569   ";2024-05-20;segunda-feira;07:00:00;GO;"70   ";"12   ";AGUAS LINDAS DE GOIAS;Sim;Objeto estático sobre o leito carroçável;1;Colisão traseira;Com Vítimas Feridas;Pleno dia;Decrescente;Céu Claro;Dupla;Reta;Sim  ;"1075412   ";Motocicleta;YAMAHA/XTZ250 LANDER;"2023      ";Condutor;Lesões Leves;"45   ";Masculino;"0 ";"1    ";"0    ";"0    ";-15.7403708;-48.3103523;SPRF-DF;DEL03-DF;UOP02-DEL03-DF 
601776;"1342571   ";2024-05-20;segunda-feira;07:00:00;GO;"70   ";"12   ";AGUAS LINDAS DE GOIAS;Sim;Objeto estático sobre o leito carroçável;1;Colisão traseira;Com Vítimas Feridas;Pleno dia;Decrescente;Céu Claro;Dupla;Reta;Sim  ;"1075414   ";Automóvel;VW/GOL 1.0;"2008      ";Condutor;Ileso;"43   ";Feminino;"1 ";"0    ";"0    ";"0    ";-15.7403708;-48.3103523;SPRF-DF;DEL03-DF;UOP02-DEL03-DF 
601785;"1342574   ";2024-05-20;segunda-feira;09:40:00;GO;"40   ";"8,7  ";LUZIANIA;Sim;Acessar a via sem observar a presença dos outros veículos;2;Colisão com objeto;Com Vítimas Feridas;Pleno dia;Decrescente;Céu Claro;Dupla;"Reta;Retorno Regulamentado";Sim  ;"1075419   ";Automóvel;HYUNDAI/HB20 1.0M COMFOR;"2014      ";Condutor;Ileso;"27   ";Masculino;"1 ";"0    ";"0    ";"0    ";-16.1161580;-47.9676100;SPRF-DF;DEL01-DF;UOP01-DEL01-DF 
601785;"1342603   ";2024-05-20;segunda-feira;09:40:00;GO;"40   ";"8,7  ";LUZIANIA;Sim;Acessar a via sem observar a presença dos outros veículos;2;Colisão com objeto;Com Vítimas Feridas;Pleno dia;Decrescente;Céu Claro;Dupla;"Reta;Retorno Regulamentado";Sim  ;"1075420   ";Automóvel;HONDA/CIVIC LXS AT;"2015      ";Condutor;Lesões Leves;"61   ";Feminino;"0 ";"1    ";"0    ";"0    ";-16.1161580;-47.9676100;SPRF-DF;DEL01-DF;UOP01-DEL01-DF 
601785;"1342574   ";2024-05-20;segunda-feira;09:40:00;GO;"40   ";"8,7  ";LUZIANIA;Sim;Acessar a via sem observar a presença dos outros veículos;1;Colisão traseira;Com Vítimas Feridas;Pleno dia;Decrescente;Céu Claro;Dupla;"Reta;Retorno Regulamentado";Sim  ;"1075419   ";Automóvel;HYUNDAI/HB20 1.0M COMFOR;"2014      ";Condutor;Ileso;"27   ";Masculino;"1 ";"0    ";"0    ";"0    ";-16.1161580;-47.9676100;SPRF-DF;DEL01-DF;UOP01-DEL01-DF 
601785;"1342603   ";2024-05-20;segunda-feira;09:40:00;GO;"40   ";"8,7  ";LUZIANIA;Sim;Acessar a via sem observar a presença dos outros veículos;1;Colisão traseira;Com Vítimas Feridas;Pleno dia;Decrescente;Céu Claro;Dupla;"Reta;Retorno Regulamentado";Sim  ;"1075420   ";Automóvel;HONDA/CIVIC LXS AT;"2015      ";Condutor;Lesões Leves;"61   ";Feminino;"0 ";"1    ";"0    ";"0    ";-16.1161580;-47.9676100;SPRF-DF;DEL01-DF;UOP01-DEL01-DF 
601896;"1342629   ";2024-05-20;segunda-feira;17:40:00;GO;"80   ";"138  ";BARRO ALTO;Sim;Ingestão de álcool pelo condutor;1;Colisão traseira;Com Vítimas Feridas;Anoitecer;Crescente;Céu Claro;Simples;"Curva;Aclive";Não  ;"1075462   ";Automóvel;VW/VOYAGE 1.6 COMFORTL;"2010      ";Condutor;Lesões Leves;"57   ";Masculino;"0 ";"1    ";"0    ";"0    ";-14.9378197;-48.9435625;SPRF-GO;DEL07-GO;UOP02-DEL07-GO 
601896;"1342631   ";2024-05-20;segunda-feira;17:40:00;GO;"80   ";"138  ";BARRO ALTO;Sim;Ingestão de álcool pelo condutor;1;Colisão traseira;Com Vítimas Feridas;Anoitecer;Crescente;Céu Claro;Simples;"Curva;Aclive";Não  ;"1075464   ";Caminhão;VW/24.250 CNC 6X2;"2009      ";Condutor;Ileso;"60   ";Masculino;"1 ";"0    ";"0    ";"0    ";-14.9378197;-48.9435625;SPRF-GO;DEL07-GO;UOP02-DEL07-GO 
601896;"1342632   ";2024-05-20;segunda-feira;17:40:00;GO;"80   ";"138  ";BARRO ALTO;Sim;Ingestão de álcool pelo condutor;1;Colisão traseira;Com Vítimas Feridas;Anoitecer;Crescente;Céu Claro;Simples;"Curva;Aclive";Não  ;"1075464   ";Caminhão;VW/24.250 CNC 6X2;"2009      ";Passageiro;Ileso;"51   ";Feminino;"1 ";"0    ";"0    ";"0    ";-14.9378197;-48.9435625;SPRF-GO;DEL07-GO;UOP02-DEL07-GO 
601896;"1342633   ";2024-05-20;segunda-feira;17:40:00;GO;"80   ";"138  ";BARRO ALTO;Sim;Ingestão de álcool pelo condutor;1;Colisão traseira;Com Vítimas Feridas;Anoitecer;Crescente;Céu Claro;Simples;"Curva;Aclive";Não  ;"1075464   ";Caminhão;VW/24.250 CNC 6X2;"2009      ";Passageiro;Ileso;"58   ";Masculino;"1 ";"0    ";"0    ";"0    ";-14.9378197;-48.9435625;SPRF-GO;DEL07-GO;UOP02-DEL07-GO 
601996;"1342987   ";2024-05-21;terça-feira;12:00:00;DF;"70   ";"0,3  ";BRASILIA;Sim;Velocidade Incompatível;1;Capotamento;Com Vítimas Feridas;Pleno dia;Crescente;Céu Claro;Múltipla;Reta;Sim  ;"1075771   ";Motocicleta;HONDA/CG 160 FAN;"2021      ";Condutor;Lesões Leves;"23   ";Masculino;"0 ";"1    ";"0    ";"0    ";-15.7923520;-48.0545090;SPRF-DF;DEL03-DF;UOP02-DEL03-DF 
601996;"0         ";2024-05-21;terça-feira;12:00:00;DF;"70   ";"0,3  ";BRASILIA;Sim;Velocidade Incompatível;1;Capotamento;Com Vítimas Feridas;Pleno dia;Crescente;Céu Claro;Múltipla;Reta;Sim  ;"1077472   ";Semireboque;SR/CARVEITEC REBOMOTO;"2023      ";"0";"0";"0    ";"0";"0 ";"0    ";"0    ";"0    ";-15.7923520;-48.0545090;SPRF-DF;DEL03-DF;UOP02-DEL03-DF 
602067;"1343246   ";2024-05-21;terça-feira;18:10:00;GO;"40   ";"9,6  ";LUZIANIA;Não;Ausência de reação do condutor;2;Queda de ocupante de veículo;Com Vítimas Feridas;Plena Noite;Crescente;Céu Claro;Dupla;Reta;Sim  ;"1075989   ";Motocicleta;HONDA/CB 250F TWISTER;"2015      ";Passageiro;Ileso;"42   ";Feminino;"1 ";"0    ";"0    ";"0    ";-16.1311580;-47.9577390;SPRF-DF;DEL01-DF;UOP01-DEL01-DF 
602067;"1343245   ";2024-05-21;terça-feira;18:10:00;GO;"40   ";"9,6  ";LUZIANIA;Não;Ausência de reação do condutor;2;Queda de ocupante de veículo;Com Vítimas Feridas;Plena Noite;Crescente;Céu Claro;Dupla;Reta;Sim  ;"1075989   ";Motocicleta;HONDA/CB 250F TWISTER;"2015      ";Condutor;Lesões Leves;"35   ";Masculino;"0 ";"1    ";"0    ";"0    ";-16.1311580;-47.9577390;SPRF-DF;DEL01-DF;UOP01-DEL01-DF 
602067;"1343247   ";2024-05-21;terça-feira;18:10:00;GO;"40   ";"9,6  ";LUZIANIA;Não;Ausência de reação do condutor;2;Queda de ocupante de veículo;Com Vítimas Feridas;Plena Noite;Crescente;Céu Claro;Dupla;Reta;Sim  ;"1075990   ";Camioneta;RENAULT/DUSTER 16 E 4X2;"2015      ";Condutor;Ileso;"21   ";Feminino;"1 ";"0    ";"0    ";"0    ";-16.1311580;-47.9577390;SPRF-DF;DEL01-DF;UOP01-DEL01-DF 
602067;"1343246   ";2024-05-21;terça-feira;18:10:00;GO;"40   ";"9,6  ";LUZIANIA;Não;Iluminação deficiente;2;Queda de ocupante de veículo;Com Vítimas Feridas;Plena Noite;Crescente;Céu Claro;Dupla;Reta;Sim  ;"1075989   ";Motocicleta;HONDA/CB 250F TWISTER;"2015      ";Passageiro;Ileso;"42   ";Feminino;"1 ";"0    ";"0    ";"0    ";-16.1311580;-47.9577390;SPRF-DF;DEL01-DF;UOP01-DEL01-DF 
602067;"1343245   ";2024-05-21;terça-feira;18:10:00;GO;"40   ";"9,6  ";LUZIANIA;Não;Iluminação deficiente;2;Queda de ocupante de veículo;Com Vítimas Feridas;Plena Noite;Crescente;Céu Claro;Dupla;Reta;Sim  ;"1075989   ";Motocicleta;HONDA/CB 250F TWISTER;"2015      ";Condutor;Lesões Leves;"35   ";Masculino;"0 ";"1    ";"0    ";"0    ";-16.1311580;-47.9577390;SPRF-DF;DEL01-DF;UOP01-DEL01-DF 
602067;"1343247   ";2024-05-21;terça-feira;18:10:00;GO;"40   ";"9,6  ";LUZIANIA;Não;Iluminação deficiente;2;Queda de ocupante de veículo;Com Vítimas Feridas;Plena Noite;Crescente;Céu Claro;Dupla;Reta;Sim  ;"1075990   ";Camioneta;RENAULT/DUSTER 16 E 4X2;"2015      ";Condutor;Ileso;"21   ";Feminino;"1 ";"0    ";"0    ";"0    ";-16.1311580;-47.9577390;SPRF-DF;DEL01-DF;UOP01-DEL01-DF 
602067;"1343246   ";2024-05-21;terça-feira;18:10:00;GO;"40   ";"9,6  ";LUZIANIA;Sim;Acessar a via sem observar a presença dos outros veículos;2;Queda de ocupante de veículo;Com Vítimas Feridas;Plena Noite;Crescente;Céu Claro;Dupla;Reta;Sim  ;"1075989   ";Motocicleta;HONDA/CB 250F TWISTER;"2015      ";Passageiro;Ileso;"42   ";Feminino;"1 ";"0    ";"0    ";"0    ";-16.1311580;-47.9577390;SPRF-DF;DEL01-DF;UOP01-DEL01-DF 
602067;"1343245   ";2024-05-21;terça-feira;18:10:00;GO;"40   ";"9,6  ";LUZIANIA;Sim;Acessar a via sem observar a presença dos outros veículos;2;Queda de ocupante de veículo;Com Vítimas Feridas;Plena Noite;Crescente;Céu Claro;Dupla;Reta;Sim  ;"1075989   ";Motocicleta;HONDA/CB 250F TWISTER;"2015      ";Condutor;Lesões Leves;"35   ";Masculino;"0 ";"1    ";"0    ";"0    ";-16.1311580;-47.9577390;SPRF-DF;DEL01-DF;UOP01-DEL01-DF 
602067;"1343247   ";2024-05-21;terça-feira;18:10:00;GO;"40   ";"9,6  ";LUZIANIA;Sim;Acessar a via sem observar a presença dos outros veículos;2;Queda de ocupante de veículo;Com Vítimas Feridas;Plena Noite;Crescente;Céu Claro;Dupla;Reta;Sim  ;"1075990   ";Camioneta;RENAULT/DUSTER 16 E 4X2;"2015      ";Condutor;Ileso;"21   ";Feminino;"1 ";"0    ";"0    ";"0    ";-16.1311580;-47.9577390;SPRF-DF;DEL01-DF;UOP01-DEL01-DF 
602067;"1343246   ";2024-05-21;terça-feira;18:10:00;GO;"40   ";"9,6  ";LUZIANIA;Não;Ausência de reação do condutor;1;Colisão lateral mesmo sentido;Com Vítimas Feridas;Plena Noite;Crescente;Céu Claro;Dupla;Reta;Sim  ;"1075989   ";Motocicleta;HONDA/CB 250F TWISTER;"2015      ";Passageiro;Ileso;"42   ";Feminino;"1 ";"0    ";"0    ";"0    ";-16.1311580;-47.9577390;SPRF-DF;DEL01-DF;UOP01-DEL01-DF 
602067;"1343245   ";2024-05-21;terça-feira;18:10:00;GO;"40   ";"9,6  ";LUZIANIA;Não;Ausência de reação do condutor;1;Colisão lateral mesmo sentido;Com Vítimas Feridas;Plena Noite;Crescente;Céu Claro;Dupla;Reta;Sim  ;"1075989   ";Motocicleta;HONDA/CB 250F TWISTER;"2015      ";Condutor;Lesões Leves;"35   ";Masculino;"0 ";"1    ";"0    ";"0    ";-16.1311580;-47.9577390;SPRF-DF;DEL01-DF;UOP01-DEL01-DF 