id;pesid;data_inversa;dia_semana;horario;uf;br;km;municipio;causa_principal;causa_acidente;ordem_tipo_acidente;tipo_acidente;classificacao_acidente;fase_dia;sentido_via;condicao_metereologica;tipo_pista;tracado_via;uso_solo;id_veiculo;tipo_veiculo;marca;ano_fabricacao_veiculo;tipo_envolvido;estado_fisico;idade;sexo;ilesos;feridos_leves;feridos_graves;mortos;latitude;longitude;regional;delegacia;uop
602168;"1343621   ";2024-05-22;quarta-feira;09:00:00;GO;"60   ";"73,3 ";ABADIANIA;Sim;Restrição de visibilidade em curvas horizontais;5;Colisão lateral mesmo sentido;Com Vítimas Feridas;Pleno dia;Crescente;Céu Claro;Dupla;"Declive;Ponte";Não  ;"1076317   ";Caminhão-trator;VOLVO/FH 540 6X4T;"2014      ";Condutor;Ileso;"48   ";Masculino;"1 ";"0    ";"0    ";"0    ";-16.2759000;-48.7774000;SPRF-GO;DEL02-GO;UOP01-DEL02-GO 
602168;"1343477   ";2024-05-22;quarta-feira;09:00:00;GO;"60   ";"73,3 ";ABADIANIA;Sim;Restrição de visibilidade em curvas horizontais;5;Colisão lateral mesmo sentido;Com Vítimas Feridas;Pleno dia;Crescente;Céu Claro;Dupla;"Declive;Ponte";Não  ;"1076181   ";Camioneta;HYUNDAI/TUCSON TURBO GLS;"2019      ";Condutor;Ileso;"38   ";Masculino;"1 ";"0    ";"0    ";"0    ";-16.2759000;-48.7774000;SPRF-GO;DEL02-GO;UOP01-DEL02-GO 
602168;"1343479   ";2024-05-22;quarta-feira;09:00:00;GO;"60   ";"73,3 ";ABADIANIA;Sim;Restrição de visibilidade em curvas horizontais;5;Colisão lateral mesmo sentido;Com Vítimas Feridas;Pleno dia;Crescente;Céu Claro;Dupla;"Declive;Ponte";Não  ;"1076183   ";Caminhonete;CHEVROLET/S10 LT DD4A;"2023      ";Condutor;Ileso;"55   ";Masculino;"1 ";"0    ";"0    ";"0    ";-16.2759000;-48.7774000;SPRF-GO;DEL02-GO;UOP01-DEL02-GO 
602168;"1343478   ";2024-05-22;quarta-feira;09:00:00;GO;"60   ";"73,3 ";ABADIANIA;Sim;Restrição de visibilidade em curvas horizontais;5;Colisão lateral mesmo sentido;Com Vítimas Feridas;Pleno dia;Crescente;Céu Claro;Dupla;"Declive;Ponte";Não  ;"1076182   ";Automóvel;HYUNDAI/HB20S 1.0M COMF;"2017      ";Condutor;Ileso;"54   ";Masculino;"1 ";"0    ";"0    ";"0    ";-16.2759000;-48.7774000;SPRF-GO;DEL02-GO;UOP01-DEL02-GO 
602168;"1343476   ";2024-05-22;quarta-feira;09:00:00;GO;"60   ";"73,3 ";ABADIANIA;Sim;Restrição de visibilidade em curvas horizontais;5;Colisão lateral mesmo sentido;Com Vítimas Feridas;Pleno dia;Crescente;Céu Claro;Dupla;"Declive;Ponte";Não  ;"1076180   ";Utilitário;JEEP/COMPASS LIMITED D;"2021      ";Condutor;Ileso;"33   ";Feminino;"1 ";"0    ";"0    ";"0    ";-16.2759000;-48.7774000;SPRF-GO;DEL02-GO;UOP01-DEL02-GO 
602168;"1343473   ";2024-05-22;quarta-feira;09:00:00;GO;"60   ";"73,3 ";ABADIANIA;Sim;Restrição de visibilidade em curvas horizontais;5;Colisão lateral mesmo sentido;Com Vítimas Feridas;Pleno dia;Crescente;Céu Claro;Dupla;"Declive;Ponte";Não  ;"1076175   ";Automóvel;HONDA/CIVIC EXL CVT;"2016      ";Condutor;Lesões Leves;"28   ";Masculino;"0 ";"1    ";"0    ";"0    ";-16.2759000;-48.7774000;SPRF-GO;DEL02-GO;UOP01-DEL02-GO 
602168;"1343472   ";2024-05-22;quarta-feira;09:00:00;GO;"60   ";"73,3 ";ABADIANIA;Sim;Restrição de visibilidade em curvas horizontais;5;Colisão lateral mesmo sentido;Com Vítimas Feridas;Pleno dia;Crescente;Céu Claro;Dupla;"Declive;Ponte";Não  ;"1076170   ";Caminhão-trator;VW/25.460 CTM 6X2;"2022      ";Condutor;Ileso;"31   ";Masculino;"1 ";"0    ";"0    ";"0    ";-16.2759000;-48.7774000;SPRF-GO;DEL02-GO;UOP01-DEL02-GO 
602168;"1343468   ";2024-05-22;quarta-feira;09:00:00;GO;"60   ";"73,3 ";ABADIANIA;Sim;Restrição de visibilidade em curvas horizontais;5;Colisão lateral mesmo sentido;Com Vítimas Feridas;Pleno dia;Crescente;Céu Claro;Dupla;"Declive;Ponte";Não  ;"1076169   ";Automóvel;NISSAN/VERSA 16 SV;"2019      ";Condutor;Ileso;"41   ";Feminino;"1 ";"0    ";"0    ";"0    ";-16.2759000;-48.7774000;SPRF-GO;DEL02-GO;UOP01-DEL02-GO 
602168;"1343480   ";2024-05-22;quarta-feira;09:00:00;GO;"60   ";"73,3 ";ABADIANIA;Sim;Restrição de visibilidade em curvas horizontais;5;Colisão lateral mesmo sentido;Com Vítimas Feridas;Pleno dia;Crescente;Céu Claro;Dupla;"Declive;Ponte";Não  ;"1076184   ";Automóvel;HYUNDAI/HB20S 10M COMFOR;"2023      ";Condutor;Lesões Leves;"36   ";Feminino;"0 ";"1    ";"0    ";"0    ";-16.2759000;-48.7774000;SPRF-GO;DEL02-GO;UOP01-DEL02-GO 
602168;"0         ";2024-05-22;quarta-feira;09:00:00;GO;"60   ";"73,3 ";ABADIANIA;Não;Objeto estático sobre o leito carroçável;5;Colisão lateral mesmo sentido;Com Vítimas Feridas;Pleno dia;Crescente;Céu Claro;Dupla;"Declive;Ponte";Não  ;"1076171   ";Semireboque;SR/LIBRELATO SRLN 4E;"2022      ";"0";"0";"0    ";"0";"0 ";"0    ";"0    ";"0    ";-16.2759000;-48.7774000;SPRF-GO;DEL02-GO;UOP01-DEL02-GO 
602168;"0         ";2024-05-22;quarta-feira;09:00:00;GO;"60   ";"73,3 ";ABADIANIA;Não;Objeto estático sobre o leito carroçável;5;Colisão lateral mesmo sentido;Com Vítimas Feridas;Pleno dia;Crescente;Céu Claro;Dupla;"Declive;Ponte";Não  ;"1076167   ";Semireboque;SR/RANDON SR FG CG 3E;"2020      ";"0";"0";"0    ";"0";"0 ";"0    ";"0    ";"0    ";-16.2759000;-48.7774000;SPRF-GO;DEL02-GO;UOP01-DEL02-GO 
602168;"0         ";2024-05-22;quarta-feira;09:00:00;GO;"60   ";"73,3 ";ABADIANIA;Não;Objeto estático sobre o leito carroçável;5;Colisão lateral mesmo sentido;Com Vítimas Feridas;Pleno dia;Crescente;Céu Claro;Dupla;"Declive;Ponte";Não  ;"1076168   ";Semireboque;SR/LINSHALM BT3ECF;"2019      ";"0";"0";"0    ";"0";"0 ";"0    ";"0    ";"0    ";-16.2759000;-48.7774000;SPRF-GO;DEL02-GO;UOP01-DEL02-GO 
602168;"1343465   ";2024-05-22;quarta-feira;09:00:00;GO;"60   ";"73,3 ";ABADIANIA;Não;Objeto estático sobre o leito carroçável;5;Colisão lateral mesmo sentido;Com Vítimas Feridas;Pleno dia;Crescente;Céu Claro;Dupla;"Declive;Ponte";Não  ;"1076166   ";Caminhão-trator;VOLVO/FH 540 6X4T;"2021      ";Condutor;Ileso;"45   ";Masculino;"1 ";"0    ";"0    ";"0    ";-16.2759000;-48.7774000;SPRF-GO;DEL02-GO;UOP01-DEL02-GO 
602168;"0         ";2024-05-22;quarta-feira;09:00:00;GO;"60   ";"73,3 ";ABADIANIA;Não;Objeto estático sobre o leito carroçável;5;Colisão lateral mesmo sentido;Com Vítimas Feridas;Pleno dia;Crescente;Céu Claro;Dupla;"Declive;Ponte";Não  ;"1076318   ";Semireboque;SR/GUERRA AG GR;"2005      ";"0";"0";"0    ";"0";"0 ";"0    ";"0    ";"0    ";-16.2759000;-48.7774000;SPRF-GO;DEL02-GO;UOP01-DEL02-GO 
602168;"0         ";2024-05-22;quarta-feira;09:00:00;GO;"60   ";"73,3 ";ABADIANIA;Não;Objeto estático sobre o leito carroçável;5;Colisão lateral mesmo sentido;Com Vítimas Feridas;Pleno dia;Crescente;Céu Claro;Dupla;"Declive;Ponte";Não  ;"1076320   ";Semireboque;SR/GUERRA AG GR;"2005      ";"0";"0";"0    ";"0";"0 ";"0    ";"0    ";"0    ";-16.2759000;-48.7774000;SPRF-GO;DEL02-GO;UOP01-DEL02-GO 
602168;"1343621   ";2024-05-22;quarta-feira;09:00:00;GO;"60   ";"73,3 ";ABADIANIA;Não;Objeto estático sobre o leito carroçável;5;Colisão lateral mesmo sentido;Com Vítimas Feridas;Pleno dia;Crescente;Céu Claro;Dupla;"Declive;Ponte";Não  ;"1076317   ";Caminhão-trator;VOLVO/FH 540 6X4T;"2014      ";Condutor;Ileso;"48   ";Masculino;"1 ";"0    ";"0    ";"0    ";-16.2759000;-48.7774000;SPRF-GO;DEL02-GO;UOP01-DEL02-GO 
602168;"1343477   ";2024-05-22;quarta-feira;09:00:00;GO;"60   ";"73,3 ";ABADIANIA;Não;Objeto estático sobre o leito carroçável;5;Colisão lateral mesmo sentido;Com Vítimas Feridas;Pleno dia;Crescente;Céu Claro;Dupla;"Declive;Ponte";Não  ;"1076181   ";Camioneta;HYUNDAI/TUCSON TURBO GLS;"2019      ";Condutor;Ileso;"38   ";Masculino;"1 ";"0    ";"0    ";"0    ";-16.2759000;-48.7774000;SPRF-GO;DEL02-GO;UOP01-DEL02-GO 
602168;"1343479   ";2024-05-22;quarta-feira;09:00:00;GO;"60   ";"73,3 ";ABADIANIA;Não;Objeto estático sobre o leito carroçável;5;Colisão lateral mesmo sentido;Com Vítimas Feridas;Pleno dia;Crescente;Céu Claro;Dupla;"Declive;Ponte";Não  ;"1076183   ";Caminhonete;CHEVROLET/S10 LT DD4A;"2023      ";Condutor;Ileso;"55   ";Masculino;"1 ";"0    ";"0    ";"0    ";-16.2759000;-48.7774000;SPRF-GO;DEL02-GO;UOP01-DEL02-GO 
602168;"1343478   ";2024-05-22;quarta-feira;09:00:00;GO;"60   ";"73,3 ";ABADIANIA;Não;Objeto estático sobre o leito carroçável;5;Colisão lateral mesmo sentido;Com Vítimas Feridas;Pleno dia;Crescente;Céu Claro;Dupla;"Declive;Ponte";Não  ;"1076182   ";Automóvel;HYUNDAI/HB20S 1.0M COMF;"2017      ";Condutor;Ileso;"54   ";Masculino;"1 ";"0    ";"0    ";"0    ";-16.2759000;-48.7774000;SPRF-GO;DEL02-GO;UOP01-DEL02-GO 
602168;"1343476   ";2024-05-22;quarta-feira;09:00:00;GO;"60   ";"73,3 ";ABADIANIA;Não;Objeto estático sobre o leito carroçável;5;Colisão lateral mesmo sentido;Com Vítimas Feridas;Pleno dia;Crescente;Céu Claro;Dupla;"Declive;Ponte";Não  ;"1076180   ";Utilitário;JEEP/COMPASS LIMITED D;"2021      ";Condutor;Ileso;"33   ";Feminino;"1 ";"0    ";"0    ";"0    ";-16.2759000;-48.7774000;SPRF-GO;DEL02-GO;UOP01-DEL02-GO 
602168;"1343473   ";2024-05-22;quarta-feira;09:00:00;GO;"60   ";"73,3 ";ABADIANIA;Não;Objeto estático sobre o leito carroçável;5;Colisão lateral mesmo sentido;Com Vítimas Feridas;Pleno dia;Crescente;Céu Claro;Dupla;"Declive;Ponte";Não  ;"1076175   ";Automóvel;HONDA/CIVIC EXL CVT;"2016      ";Condutor;Lesões Leves;"28   ";Masculino;"0 ";"1    ";"0    ";"0    ";-16.2759000;-48.7774000;SPRF-GO;DEL02-GO;UOP01-DEL02-GO 
602168;"1343472   ";2024-05-22;quarta-feira;09:00:00;GO;"60   ";"73,3 ";ABADIANIA;Não;Objeto estático sobre o leito carroçável;5;Colisão lateral mesmo sentido;Com Vítimas Feridas;Pleno dia;Crescente;Céu Claro;Dupla;"Declive;Ponte";Não  ;"1076170   ";Caminhão-trator;VW/25.460 CTM 6X2;"2022      ";Condutor;Ileso;"31   ";Masculino;"1 ";"0    ";"0    ";"0    ";-16.2759000;-48.7774000;SPRF-GO;DEL02-GO;UOP01-DEL02-GO 
602168;"1343468   ";2024-05-22;quarta-feira;09:00:00;GO;"60   ";"73,3 ";ABADIANIA;Não;Objeto estático sobre o leito carroçável;5;Colisão lateral mesmo sentido;Com Vítimas Feridas;Pleno dia;Crescente;Céu Claro;Dupla;"Declive;Ponte";Não  ;"1076169   ";Automóvel;NISSAN/VERSA 16 SV;"2019      ";Condutor;Ileso;"41   ";Feminino;"1 ";"0    ";"0    ";"0    ";-16.2759000;-48.7774000;SPRF-GO;DEL02-GO;UOP01-DEL02-GO 
602168;"1343480   ";2024-05-22;quarta-feira;09:00:00;GO;"60   ";"73,3 ";ABADIANIA;Não;Objeto estático sobre o leito carroçável;5;Colisão lateral mesmo sentido;Com Vítimas Feridas;Pleno dia;Crescente;Céu Claro;Dupla;"Declive;Ponte";Não  ;"1076184   ";Automóvel;HYUNDAI/HB20S 10M COMFOR;"2023      ";Condutor;Lesões Leves;"36   ";Feminino;"0 ";"1    ";"0    ";"0    ";-16.2759000;-48.7774000;SPRF-GO;DEL02-GO;UOP01-DEL02-GO 
602168;"0         ";2024-05-22;quarta-feira;09:00:00;GO;"60   ";"73,3 ";ABADIANIA;Não;Reação tardia ou ineficiente do condutor;5;Colisão lateral mesmo sentido;Com Vítimas Feridas;Pleno dia;Crescente;Céu Claro;Dupla;"Declive;Ponte";Não  ;"1076171   ";Semireboque;SR/LIBRELATO SRLN 4E;"2022      ";"0";"0";"0    ";"0";"0 ";"0    ";"0    ";"0    ";-16.2759000;-48.7774000;SPRF-GO;DEL02-GO;UOP01-DEL02-GO 
602168;"0         ";2024-05-22;quarta-feira;09:00:00;GO;"60   ";"73,3 ";ABADIANIA;Não;Reação tardia ou ineficiente do condutor;5;Colisão lateral mesmo sentido;Com Vítimas Feridas;Pleno dia;Crescente;Céu Claro;Dupla;"Declive;Ponte";Não  ;"1076167   ";Semireboque;SR/RANDON SR FG CG 3E;"2020      ";"0";"0";"0    ";"0";"0 ";"0    ";"0    ";"0    ";-16.2759000;-48.7774000;SPRF-GO;DEL02-GO;UOP01-DEL02-GO 
602168;"0         ";2024-05-22;quarta-feira;09:00:00;GO;"60   ";"73,3 ";ABADIANIA;Não;Reação tardia ou ineficiente do condutor;5;Colisão lateral mesmo sentido;Com Vítimas Feridas;Pleno dia;Crescente;Céu Claro;Dupla;"Declive;Ponte";Não  ;"1076168   ";Semireboque;SR/LINSHALM BT3ECF;"2019      ";"0";"0";"0    ";"0";"0 ";"0    ";"0    ";"0    ";-16.2759000;-48.7774000;SPRF-GO;DEL02-GO;UOP01-DEL02-GO 
602168;"1343465   ";2024-05-22;quarta-feira;09:00:00;GO;"60   ";"73,3 ";ABADIANIA;Não;Reação tardia ou ineficiente do condutor;5;Colisão lateral mesmo sentido;Com Vítimas Feridas;Pleno dia;Crescente;Céu Claro;Dupla;"Declive;Ponte";Não  ;"1076166   ";Caminhão-trator;VOLVO/FH 540 6X4T;"2021      ";Condutor;Ileso;"45   ";Masculino;"1 ";"0    ";"0    ";"0    ";-16.2759000;-48.7774000;SPRF-GO;DEL02-GO;UOP01-DEL02-GO 
602168;"0         ";2024-05-22;quarta-feira;09:00:00;GO;"60   ";"73,3 ";ABADIANIA;Não;Reação tardia ou ineficiente do condutor;5;Colisão lateral mesmo sentido;Com Vítimas Feridas;Pleno dia;Crescente;Céu Claro;Dupla;"Declive;Ponte";Não  ;"1076318   ";Semireboque;SR/GUERRA AG GR;"2005      ";"0";"0";"0    ";"0";"0 ";"0    ";"0    ";"0    ";-16.2759000;-48.7774000;SPRF-GO;DEL02-GO;UOP01-DEL02-GO 
602168;"0         ";2024-05-22;quarta-feira;09:00:00;GO;"60   ";"73,3 ";ABADIANIA;Não;Reação tardia ou ineficiente do condutor;5;Colisão lateral mesmo sentido;Com Vítimas Feridas;Pleno dia;Crescente;Céu Claro;Dupla;"Declive;Ponte";Não  ;"1076320   ";Semireboque;SR/GUERRA AG GR;"2005      ";"0";"0";"0    ";"0";"0 ";"0    ";"0    ";"0    ";-16.2759000;-48.7774000;SPRF-GO;DEL02-GO;UOP01-DEL02-GO 
602168;"1343621   ";2024-05-22;quarta-feira;09:00:00;GO;"60   ";"73,3 ";ABADIANIA;Não;Reação tardia ou ineficiente do condutor;5;Colisão lateral mesmo sentido;Com Vítimas Feridas;Pleno dia;Crescente;Céu Claro;Dupla;"Declive;Ponte";Não  ;"1076317   ";Caminhão-trator;VOLVO/FH 540 6X4T;"2014      ";Condutor;Ileso;"48   ";Masculino;"1 ";"0    ";"0    ";"0    ";-16.2759000;-48.7774000;SPRF-GO;DEL02-GO;UOP01-DEL02-GO 
602168;"1343477   ";2024-05-22;quarta-feira;09:00:00;GO;"60   ";"73,3 ";ABADIANIA;Não;Reação tardia ou ineficiente do condutor;5;Colisão lateral mesmo sentido;Com Vítimas Feridas;Pleno dia;Crescente;Céu Claro;Dupla;"Declive;Ponte";Não  ;"1076181   ";Camioneta;HYUNDAI/TUCSON TURBO GLS;"2019      ";Condutor;Ileso;"38   ";Masculino;"1 ";"0    ";"0    ";"0    ";-16.2759000;-48.7774000;SPRF-GO;DEL02-GO;UOP01-DEL02-GO 
602168;"1343479   ";2024-05-22;quarta-feira;09:00:00;GO;"60   ";"73,3 ";ABADIANIA;Não;Reação tardia ou ineficiente do condutor;5;Colisão lateral mesmo sentido;Com Vítimas Feridas;Pleno dia;Crescente;Céu Claro;Dupla;"Declive;Ponte";Não  ;"1076183   ";Caminhonete;CHEVROLET/S10 LT DD4A;"2023      ";Condutor;Ileso;"55   ";Masculino;"1 ";"0    ";"0    ";"0    ";-16.2759000;-48.7774000;SPRF-GO;DEL02-GO;UOP01-DEL02-GO 
602168;"1343478   ";2024-05-22;quarta-feira;09:00:00;GO;"60   ";"73,3 ";ABADIANIA;Não;Reação tardia ou ineficiente do condutor;5;Colisão lateral mesmo sentido;Com Vítimas Feridas;Pleno dia;Crescente;Céu Claro;Dupla;"Declive;Ponte";Não  ;"1076182   ";Automóvel;HYUNDAI/HB20S 1.0M COMF;"2017      ";Condutor;Ileso;"54   ";Masculino;"1 ";"0    ";"0    ";"0    ";-16.2759000;-48.7774000;SPRF-GO;DEL02-GO;UOP01-DEL02-GO 
602168;"1343476   ";2024-05-22;quarta-feira;09:00:00;GO;"60   ";"73,3 ";ABADIANIA;Não;Reação tardia ou ineficiente do condutor;5;Colisão lateral mesmo sentido;Com Vítimas Feridas;Pleno dia;Crescente;Céu Claro;Dupla;"Declive;Ponte";Não  ;"1076180   ";Utilitário;JEEP/COMPASS LIMITED D;"2021      ";Condutor;Ileso;"33   ";Feminino;"1 ";"0    ";"0    ";"0    ";-16.2759000;-48.7774000;SPRF-GO;DEL02-GO;UOP01-DEL02-GO 
602168;"1343473   ";2024-05-22;quarta-feira;09:00:00;GO;"60   ";"73,3 ";ABADIANIA;Não;Reação tardia ou ineficiente do condutor;5;Colisão lateral mesmo sentido;Com Vítimas Feridas;Pleno dia;Crescente;Céu Claro;Dupla;"Declive;Ponte";Não  ;"1076175   ";Automóvel;HONDA/CIVIC EXL CVT;"2016      ";Condutor;Lesões Leves;"28   ";Masculino;"0 ";"1    ";"0    ";"0    ";-16.2759000;-48.7774000;SPRF-GO;DEL02-GO;UOP01-DEL02-GO 
602168;"1343472   ";2024-05-22;quarta-feira;09:00:00;GO;"60   ";"73,3 ";ABADIANIA;Não;Reação tardia ou ineficiente do condutor;5;Colisão lateral mesmo sentido;Com Vítimas Feridas;Pleno dia;Crescente;Céu Claro;Dupla;"Declive;Ponte";Não  ;"1076170   ";Caminhão-trator;VW/25.460 CTM 6X2;"2022      ";Condutor;Ileso;"31   ";Masculino;"1 ";"0    ";"0    ";"0    ";-16.2759000;-48.7774000;SPRF-GO;DEL02-GO;UOP01-DEL02-GO 
602168;"1343468   ";2024-05-22;quarta-feira;09:00:00;GO;"60   ";"73,3 ";ABADIANIA;Não;Reação tardia ou ineficiente do condutor;5;Colisão lateral mesmo sentido;Com Vítimas Feridas;Pleno dia;Crescente;Céu Claro;Dupla;"Declive;Ponte";Não  ;"1076169   ";Automóvel;NISSAN/VERSA 16 SV;"2019      ";Condutor;Ileso;"41   ";Feminino;"1 ";"0    ";"0    ";"0    ";-16.2759000;-48.7774000;SPRF-GO;DEL02-GO;UOP01-DEL02-GO 
602168;"1343480   ";2024-05-22;quarta-feira;09:00:00;GO;"60   ";"73,3 ";ABADIANIA;Não;Reação tardia ou ineficiente do condutor;5;Colisão lateral mesmo sentido;Com Vítimas Feridas;Pleno dia;Crescente;Céu Claro;Dupla;"Declive;Ponte";Não  ;"1076184   ";Automóvel;HYUNDAI/HB20S 10M COMFOR;"2023      ";Condutor;Lesões Leves;"36   ";Feminino;"0 ";"1    ";"0    ";"0    ";-16.2759000;-48.7774000;SPRF-GO;DEL02-GO;UOP01-DEL02-GO 
602168;"0         ";2024-05-22;quarta-feira;09:00:00;GO;"60   ";"73,3 ";ABADIANIA;Não;Ausência de sinalização;5;Colisão lateral mesmo sentido;Com Vítimas Feridas;Pleno dia;Crescente;Céu Claro;Dupla;"Declive;Ponte";Não  ;"1076171   ";Semireboque;SR/LIBRELATO SRLN 4E;"2022      ";"0";"0";"0    ";"0";"0 ";"0    ";"0    ";"0    ";-16.2759000;-48.7774000;SPRF-GO;DEL02-GO;UOP01-DEL02-GO 
602168;"0         ";2024-05-22;quarta-feira;09:00:00;GO;"60   ";"73,3 ";ABADIANIA;Não;Ausência de sinalização;5;Colisão lateral mesmo sentido;Com Vítimas Feridas;Pleno dia;Crescente;Céu Claro;Dupla;"Declive;Ponte";Não  ;"1076167   ";Semireboque;SR/RANDON SR FG CG 3E;"2020      ";"0";"0";"0    ";"0";"0 ";"0    ";"0    ";"0    ";-16.2759000;-48.7774000;SPRF-GO;DEL02-GO;UOP01-DEL02-GO 
602168;"0         ";2024-05-22;quarta-feira;09:00:00;GO;"60   ";"73,3 ";ABADIANIA;Não;Ausência de sinalização;5;Colisão lateral mesmo sentido;Com Vítimas Feridas;Pleno dia;Crescente;Céu Claro;Dupla;"Declive;Ponte";Não  ;"1076168   ";Semireboque;SR/LINSHALM BT3ECF;"2019      ";"0";"0";"0    ";"0";"0 ";"0    ";"0    ";"0    ";-16.2759000;-48.7774000;SPRF-GO;DEL02-GO;UOP01-DEL02-GO 
602168;"1343465   ";2024-05-22;quarta-feira;09:00:00;GO;"60   ";"73,3 ";ABADIANIA;Não;Ausência de sinalização;5;Colisão lateral mesmo sentido;Com Vítimas Feridas;Pleno dia;Crescente;Céu Claro;Dupla;"Declive;Ponte";Não  ;"1076166   ";Caminhão-trator;VOLVO/FH 540 6X4T;"2021      ";Condutor;Ileso;"45   ";Masculino;"1 ";"0    ";"0    ";"0    ";-16.2759000;-48.7774000;SPRF-GO;DEL02-GO;UOP01-DEL02-GO 
602168;"0         ";2024-05-22;quarta-feira;09:00:00;GO;"60   ";"73,3 ";ABADIANIA;Não;Ausência de sinalização;5;Colisão lateral mesmo sentido;Com Vítimas Feridas;Pleno dia;Crescente;Céu Claro;Dupla;"Declive;Ponte";Não  ;"1076318   ";Semireboque;SR/GUERRA AG GR;"2005      ";"0";"0";"0    ";"0";"0 ";"0    ";"0    ";"0    ";-16.2759000;-48.7774000;SPRF-GO;DEL02-GO;UOP01-DEL02-GO 
602168;"0         ";2024-05-22;quarta-feira;09:00:00;GO;"60   ";"73,3 ";ABADIANIA;Não;Ausência de sinalização;5;Colisão lateral mesmo sentido;Com Vítimas Feridas;Pleno dia;Crescente;Céu Claro;Dupla;"Declive;Ponte";Não  ;"1076320   ";Semireboque;SR/GUERRA AG GR;"2005      ";"0";"0";"0    ";"0";"0 ";"0    ";"0    ";"0    ";-16.2759000;-48.7774000;SPRF-GO;DEL02-GO;UOP01-DEL02-GO 
602168;"1343621   ";2024-05-22;quarta-feira;09:00:00;GO;"60   ";"73,3 ";ABADIANIA;Não;Ausência de sinalização;5;Colisão lateral mesmo sentido;Com Vítimas Feridas;Pleno dia;Crescente;Céu Claro;Dupla;"Declive;Ponte";Não  ;"1076317   ";Caminhão-trator;VOLVO/FH 540 6X4T;"2014      ";Condutor;Ileso;"48   ";Masculino;"1 ";"0    ";"0    ";"0    ";-16.2759000;-48.7774000;SPRF-GO;DEL02-GO;UOP01-DEL02-GO 
602168;"1343477   ";2024-05-22;quarta-feira;09:00:00;GO;"60   ";"73,3 ";ABADIANIA;Não;Ausência de sinalização;5;Colisão lateral mesmo sentido;Com Vítimas Feridas;Pleno dia;Crescente;Céu Claro;Dupla;"Declive;Ponte";Não  ;"1076181   ";Camioneta;HYUNDAI/TUCSON TURBO GLS;"2019      ";Condutor;Ileso;"38   ";Masculino;"1 ";"0    ";"0    ";"0    ";-16.2759000;-48.7774000;SPRF-GO;DEL02-GO;UOP01-DEL02-GO 
602168;"1343479   ";2024-05-22;quarta-feira;09:00:00;GO;"60   ";"73,3 ";ABADIANIA;Não;Ausência de sinalização;5;Colisão lateral mesmo sentido;Com Vítimas Feridas;Pleno dia;Crescente;Céu Claro;Dupla;"Declive;Ponte";Não  ;"1076183   ";Caminhonete;CHEVROLET/S10 LT DD4A;"2023      ";Condutor;Ileso;"55   ";Masculino;"1 ";"0    ";"0    ";"0    ";-16.2759000;-48.7774000;SPRF-GO;DEL02-GO;UOP01-DEL02-GO 
602168;"1343478   ";2024-05-22;quarta-feira;09:00:00;GO;"60   ";"73,3 ";ABADIANIA;Não;Ausência de sinalização;5;Colisão lateral mesmo sentido;Com Vítimas Feridas;Pleno dia;Crescente;Céu Claro;Dupla;"Declive;Ponte";Não  ;"1076182   ";Automóvel;HYUNDAI/HB20S 1.0M COMF;"2017      ";Condutor;Ileso;"54   ";Masculino;"1 ";"0    ";"0    ";"0    ";-16.2759000;-48.7774000;SPRF-GO;DEL02-GO;UOP01-DEL02-GO 
602168;"1343476   ";2024-05-22;quarta-feira;09:00:00;GO;"60   ";"73,3 ";ABADIANIA;Não;Ausência de sinalização;5;Colisão lateral mesmo sentido;Com Vítimas Feridas;Pleno dia;Crescente;Céu Claro;Dupla;"Declive;Ponte";Não  ;"1076180   ";Utilitário;JEEP/COMPASS LIMITED D;"2021      ";Condutor;Ileso;"33   ";Feminino;"1 ";"0    ";"0    ";"0    ";-16.2759000;-48.7774000;SPRF-GO;DEL02-GO;UOP01-DEL02-GO 
602168;"1343473   ";2024-05-22;quarta-feira;09:00:00;GO;"60   ";"73,3 ";ABADIANIA;Não;Ausência de sinalização;5;Colisão lateral mesmo sentido;Com Vítimas Feridas;Pleno dia;Crescente;Céu Claro;Dupla;"Declive;Ponte";Não  ;"1076175   ";Automóvel;HONDA/CIVIC EXL CVT;"2016      ";Condutor;Lesões Leves;"28   ";Masculino;"0 ";"1    ";"0    ";"0    ";-16.2759000;-48.7774000;SPRF-GO;DEL02-GO;UOP01-DEL02-GO 
602168;"1343472   ";2024-05-22;quarta-feira;09:00:00;GO;"60   ";"73,3 ";ABADIANIA;Não;Ausência de sinalização;5;Colisão lateral mesmo sentido;Com Vítimas Feridas;Pleno dia;Crescente;Céu Claro;Dupla;"Declive;Ponte";Não  ;"1076170   ";Caminhão-trator;VW/25.460 CTM 6X2;"2022      ";Condutor;Ileso;"31   ";Masculino;"1 ";"0    ";"0    ";"0    ";-16.2759000;-48.7774000;SPRF-GO;DEL02-GO;UOP01-DEL02-GO 
602168;"1343468   ";2024-05-22;quarta-feira;09:00:00;GO;"60   ";"73,3 ";ABADIANIA;Não;Ausência de sinalização;5;Colisão lateral mesmo sentido;Com Vítimas Feridas;Pleno dia;Crescente;Céu Claro;Dupla;"Declive;Ponte";Não  ;"1076169   ";Automóvel;NISSAN/VERSA 16 SV;"2019      ";Condutor;Ileso;"41   ";Feminino;"1 ";"0    ";"0    ";"0    ";-16.2759000;-48.7774000;SPRF-GO;DEL02-GO;UOP01-DEL02-GO 
602168;"1343480   ";2024-05-22;quarta-feira;09:00:00;GO;"60   ";"73,3 ";ABADIANIA;Não;Ausência de sinalização;5;Colisão lateral mesmo sentido;Com Vítimas Feridas;Pleno dia;Crescente;Céu Claro;Dupla;"Declive;Ponte";Não  ;"1076184   ";Automóvel;HYUNDAI/HB20S 10M COMFOR;"2023      ";Condutor;Lesões Leves;"36   ";Feminino;"0 ";"1    ";"0    ";"0    ";-16.2759000;-48.7774000;SPRF-GO;DEL02-GO;UOP01-DEL02-GO 