id;pesid;data_inversa;dia_semana;horario;uf;br;km;municipio;causa_principal;causa_acidente;ordem_tipo_acidente;tipo_acidente;classificacao_acidente;fase_dia;sentido_via;condicao_metereologica;tipo_pista;tracado_via;uso_solo;id_veiculo;tipo_veiculo;marca;ano_fabricacao_veiculo;tipo_envolvido;estado_fisico;idade;sexo;ilesos;feridos_leves;feridos_graves;mortos;latitude;longitude;regional;delegacia;uop
602168;"1343477   ";2024-05-22;quarta-feira;09:00:00;GO;"60   ";"73,3 ";ABADIANIA;Não;Reação tardia ou ineficiente do condutor;1;Colisão traseira;Com Vítimas Feridas;Pleno dia;Crescente;Céu Claro;Dupla;"Declive;Ponte";Não  ;"1076181   ";Camioneta;HYUNDAI/TUCSON TURBO GLS;"2019      ";Condutor;Ileso;"38   ";Masculino;"1 ";"0    ";"0    ";"0    ";-16.2759000;-48.7774000;SPRF-GO;DEL02-GO;UOP01-DEL02-GO 
602168;"1343479   ";2024-05-22;quarta-feira;09:00:00;GO;"60   ";"73,3 ";ABADIANIA;Não;Reação tardia ou ineficiente do condutor;1;Colisão traseira;Com Vítimas Feridas;Pleno dia;Crescente;Céu Claro;Dupla;"Declive;Ponte";Não  ;"1076183   ";Caminhonete;CHEVROLET/S10 LT DD4A;"2023      ";Condutor;Ileso;"55   ";Masculino;"1 ";"0    ";"0    ";"0    ";-16.2759000;-48.7774000;SPRF-GO;DEL02-GO;UOP01-DEL02-GO 
602168;"1343478   ";2024-05-22;quarta-feira;09:00:00;GO;"60   ";"73,3 ";ABADIANIA;Não;Reação tardia ou ineficiente do condutor;1;Colisão traseira;Com Vítimas Feridas;Pleno dia;Crescente;Céu Claro;Dupla;"Declive;Ponte";Não  ;"1076182   ";Automóvel;HYUNDAI/HB20S 1.0M COMF;"2017      ";Condutor;Ileso;"54   ";Masculino;"1 ";"0    ";"0    ";"0    ";-16.2759000;-48.7774000;SPRF-GO;DEL02-GO;UOP01-DEL02-GO 
602168;"1343476   ";2024-05-22;quarta-feira;09:00:00;GO;"60   ";"73,3 ";ABADIANIA;Não;Reação tardia ou ineficiente do condutor;1;Colisão traseira;Com Vítimas Feridas;Pleno dia;Crescente;Céu Claro;Dupla;"Declive;Ponte";Não  ;"1076180   ";Utilitário;JEEP/COMPASS LIMITED D;"2021      ";Condutor;Ileso;"33   ";Feminino;"1 ";"0    ";"0    ";"0    ";-16.2759000;-48.7774000;SPRF-GO;DEL02-GO;UOP01-DEL02-GO 
602168;"1343473   ";2024-05-22;quarta-feira;09:00:00;GO;"60   ";"73,3 ";ABADIANIA;Não;Reação tardia ou ineficiente do condutor;1;Colisão traseira;Com Vítimas Feridas;Pleno dia;Crescente;Céu Claro;Dupla;"Declive;Ponte";Não  ;"1076175   ";Automóvel;HONDA/CIVIC EXL CVT;"2016      ";Condutor;Lesões Leves;"28   ";Masculino;"0 ";"1    ";"0    ";"0    ";-16.2759000;-48.7774000;SPRF-GO;DEL02-GO;UOP01-DEL02-GO 
602168;"1343472   ";2024-05-22;quarta-feira;09:00:00;GO;"60   ";"73,3 ";ABADIANIA;Não;Reação tardia ou ineficiente do condutor;1;Colisão traseira;Com Vítimas Feridas;Pleno dia;Crescente;Céu Claro;Dupla;"Declive;Ponte";Não  ;"1076170   ";Caminhão-trator;VW/25.460 CTM 6X2;"2022      ";Condutor;Ileso;"31   ";Masculino;"1 ";"0    ";"0    ";"0    ";-16.2759000;-48.7774000;SPRF-GO;DEL02-GO;UOP01-DEL02-GO 
602168;"1343468   ";2024-05-22;quarta-feira;09:00:00;GO;"60   ";"73,3 ";ABADIANIA;Não;Reação tardia ou ineficiente do condutor;1;Colisão traseira;Com Vítimas Feridas;Pleno dia;Crescente;Céu Claro;Dupla;"Declive;Ponte";Não  ;"1076169   ";Automóvel;NISSAN/VERSA 16 SV;"2019      ";Condutor;Ileso;"41   ";Feminino;"1 ";"0    ";"0    ";"0    ";-16.2759000;-48.7774000;SPRF-GO;DEL02-GO;UOP01-DEL02-GO 
602168;"1343480   ";2024-05-22;quarta-feira;09:00:00;GO;"60   ";"73,3 ";ABADIANIA;Não;Reação tardia ou ineficiente do condutor;1;Colisão traseira;Com Vítimas Feridas;Pleno dia;Crescente;Céu Claro;Dupla;"Declive;Ponte";Não  ;"1076184   ";Automóvel;HYUNDAI/HB20S 10M COMFOR;"2023      ";Condutor;Lesões Leves;"36   ";Feminino;"0 ";"1    ";"0    ";"0    ";-16.2759000;-48.7774000;SPRF-GO;DEL02-GO;UOP01-DEL02-GO 
602168;"0         ";2024-05-22;quarta-feira;09:00:00;GO;"60   ";"73,3 ";ABADIANIA;Não;Ausência de sinalização;1;Colisão traseira;Com Vítimas Feridas;Pleno dia;Crescente;Céu Claro;Dupla;"Declive;Ponte";Não  ;"1076171   ";Semireboque;SR/LIBRELATO SRLN 4E;"2022      ";"0";"0";"0    ";"0";"0 ";"0    ";"0    ";"0    ";-16.2759000;-48.7774000;SPRF-GO;DEL02-GO;UOP01-DEL02-GO 
602168;"0         ";2024-05-22;quarta-feira;09:00:00;GO;"60   ";"73,3 ";ABADIANIA;Não;Ausência de sinalização;1;Colisão traseira;Com Vítimas Feridas;Pleno dia;Crescente;Céu Claro;Dupla;"Declive;Ponte";Não  ;"1076167   ";Semireboque;SR/RANDON SR FG CG 3E;"2020      ";"0";"0";"0    ";"0";"0 ";"0    ";"0    ";"0    ";-16.2759000;-48.7774000;SPRF-GO;DEL02-GO;UOP01-DEL02-GO 
602168;"0         ";2024-05-22;quarta-feira;09:00:00;GO;"60   ";"73,3 ";ABADIANIA;Não;Ausência de sinalização;1;Colisão traseira;Com Vítimas Feridas;Pleno dia;Crescente;Céu Claro;Dupla;"Declive;Ponte";Não  ;"1076168   ";Semireboque;SR/LINSHALM BT3ECF;"2019      ";"0";"0";"0    ";"0";"0 ";"0    ";"0    ";"0    ";-16.2759000;-48.7774000;SPRF-GO;DEL02-GO;UOP01-DEL02-GO 
602168;"1343465   ";2024-05-22;quarta-feira;09:00:00;GO;"60   ";"73,3 ";ABADIANIA;Não;Ausência de sinalização;1;Colisão traseira;Com Vítimas Feridas;Pleno dia;Crescente;Céu Claro;Dupla;"Declive;Ponte";Não  ;"1076166   ";Caminhão-trator;VOLVO/FH 540 6X4T;"2021      ";Condutor;Ileso;"45   ";Masculino;"1 ";"0    ";"0    ";"0    ";-16.2759000;-48.7774000;SPRF-GO;DEL02-GO;UOP01-DEL02-GO 
602168;"0         ";2024-05-22;quarta-feira;09:00:00;GO;"60   ";"73,3 ";ABADIANIA;Não;Ausência de sinalização;1;Colisão traseira;Com Vítimas Feridas;Pleno dia;Crescente;Céu Claro;Dupla;"Declive;Ponte";Não  ;"1076318   ";Semireboque;SR/GUERRA AG GR;"2005      ";"0";"0";"0    ";"0";"0 ";"0    ";"0    ";"0    ";-16.2759000;-48.7774000;SPRF-GO;DEL02-GO;UOP01-DEL02-GO 
602168;"0         ";2024-05-22;quarta-feira;09:00:00;GO;"60   ";"73,3 ";ABADIANIA;Não;Ausência de sinalização;1;Colisão traseira;Com Vítimas Feridas;Pleno dia;Crescente;Céu Claro;Dupla;"Declive;Ponte";Não  ;"1076320   ";Semireboque;SR/GUERRA AG GR;"2005      ";"0";"0";"0    ";"0";"0 ";"0    ";"0    ";"0    ";-16.2759000;-48.7774000;SPRF-GO;DEL02-GO;UOP01-DEL02-GO 
602168;"1343621   ";2024-05-22;quarta-feira;09:00:00;GO;"60   ";"73,3 ";ABADIANIA;Não;Ausência de sinalização;1;Colisão traseira;Com Vítimas Feridas;Pleno dia;Crescente;Céu Claro;Dupla;"Declive;Ponte";Não  ;"1076317   ";Caminhão-trator;VOLVO/FH 540 6X4T;"2014      ";Condutor;Ileso;"48   ";Masculino;"1 ";"0    ";"0    ";"0    ";-16.2759000;-48.7774000;SPRF-GO;DEL02-GO;UOP01-DEL02-GO 
602168;"1343477   ";2024-05-22;quarta-feira;09:00:00;GO;"60   ";"73,3 ";ABADIANIA;Não;Ausência de sinalização;1;Colisão traseira;Com Vítimas Feridas;Pleno dia;Crescente;Céu Claro;Dupla;"Declive;Ponte";Não  ;"1076181   ";Camioneta;HYUNDAI/TUCSON TURBO GLS;"2019      ";Condutor;Ileso;"38   ";Masculino;"1 ";"0    ";"0    ";"0    ";-16.2759000;-48.7774000;SPRF-GO;DEL02-GO;UOP01-DEL02-GO 
602168;"1343479   ";2024-05-22;quarta-feira;09:00:00;GO;"60   ";"73,3 ";ABADIANIA;Não;Ausência de sinalização;1;Colisão traseira;Com Vítimas Feridas;Pleno dia;Crescente;Céu Claro;Dupla;"Declive;Ponte";Não  ;"1076183   ";Caminhonete;CHEVROLET/S10 LT DD4A;"2023      ";Condutor;Ileso;"55   ";Masculino;"1 ";"0    ";"0    ";"0    ";-16.2759000;-48.7774000;SPRF-GO;DEL02-GO;UOP01-DEL02-GO 
602168;"1343478   ";2024-05-22;quarta-feira;09:00:00;GO;"60   ";"73,3 ";ABADIANIA;Não;Ausência de sinalização;1;Colisão traseira;Com Vítimas Feridas;Pleno dia;Crescente;Céu Claro;Dupla;"Declive;Ponte";Não  ;"1076182   ";Automóvel;HYUNDAI/HB20S 1.0M COMF;"2017      ";Condutor;Ileso;"54   ";Masculino;"1 ";"0    ";"0    ";"0    ";-16.2759000;-48.7774000;SPRF-GO;DEL02-GO;UOP01-DEL02-GO 
602168;"1343476   ";2024-05-22;quarta-feira;09:00:00;GO;"60   ";"73,3 ";ABADIANIA;Não;Ausência de sinalização;1;Colisão traseira;Com Vítimas Feridas;Pleno dia;Crescente;Céu Claro;Dupla;"Declive;Ponte";Não  ;"1076180   ";Utilitário;JEEP/COMPASS LIMITED D;"2021      ";Condutor;Ileso;"33   ";Feminino;"1 ";"0    ";"0    ";"0    ";-16.2759000;-48.7774000;SPRF-GO;DEL02-GO;UOP01-DEL02-GO 
602168;"1343473   ";2024-05-22;quarta-feira;09:00:00;GO;"60   ";"73,3 ";ABADIANIA;Não;Ausência de sinalização;1;Colisão traseira;Com Vítimas Feridas;Pleno dia;Crescente;Céu Claro;Dupla;"Declive;Ponte";Não  ;"1076175   ";Automóvel;HONDA/CIVIC EXL CVT;"2016      ";Condutor;Lesões Leves;"28   ";Masculino;"0 ";"1    ";"0    ";"0    ";-16.2759000;-48.7774000;SPRF-GO;DEL02-GO;UOP01-DEL02-GO 
602168;"1343472   ";2024-05-22;quarta-feira;09:00:00;GO;"60   ";"73,3 ";ABADIANIA;Não;Ausência de sinalização;1;Colisão traseira;Com Vítimas Feridas;Pleno dia;Crescente;Céu Claro;Dupla;"Declive;Ponte";Não  ;"1076170   ";Caminhão-trator;VW/25.460 CTM 6X2;"2022      ";Condutor;Ileso;"31   ";Masculino;"1 ";"0    ";"0    ";"0    ";-16.2759000;-48.7774000;SPRF-GO;DEL02-GO;UOP01-DEL02-GO 
602168;"1343468   ";2024-05-22;quarta-feira;09:00:00;GO;"60   ";"73,3 ";ABADIANIA;Não;Ausência de sinalização;1;Colisão traseira;Com Vítimas Feridas;Pleno dia;Crescente;Céu Claro;Dupla;"Declive;Ponte";Não  ;"1076169   ";Automóvel;NISSAN/VERSA 16 SV;"2019      ";Condutor;Ileso;"41   ";Feminino;"1 ";"0    ";"0    ";"0    ";-16.2759000;-48.7774000;SPRF-GO;DEL02-GO;UOP01-DEL02-GO 
602168;"1343480   ";2024-05-22;quarta-feira;09:00:00;GO;"60   ";"73,3 ";ABADIANIA;Não;Ausência de sinalização;1;Colisão traseira;Com Vítimas Feridas;Pleno dia;Crescente;Céu Claro;Dupla;"Declive;Ponte";Não  ;"1076184   ";Automóvel;HYUNDAI/HB20S 10M COMFOR;"2023      ";Condutor;Lesões Leves;"36   ";Feminino;"0 ";"1    ";"0    ";"0    ";-16.2759000;-48.7774000;SPRF-GO;DEL02-GO;UOP01-DEL02-GO 
602173;"1343370   ";2024-05-22;quarta-feira;08:12:00;GO;"20   ";"4    ";FORMOSA;Sim;Acessar a via sem observar a presença dos outros veículos;1;Colisão lateral mesmo sentido;Com Vítimas Feridas;Pleno dia;Crescente;Céu Claro;Simples;"Reta;Aclive";Sim  ;"1076092   ";Motocicleta;HONDA/CB300F TWISTER CBS;"2023      ";Condutor;Lesões Leves;"33   ";Feminino;"0 ";"1    ";"0    ";"0    ";-15.5613950;-47.3136980;SPRF-DF;DEL02-DF;UOP02-DEL02-DF 
602173;"1343366   ";2024-05-22;quarta-feira;08:12:00;GO;"20   ";"4    ";FORMOSA;Sim;Acessar a via sem observar a presença dos outros veículos;1;Colisão lateral mesmo sentido;Com Vítimas Feridas;Pleno dia;Crescente;Céu Claro;Simples;"Reta;Aclive";Sim  ;"1076088   ";Caminhonete;VW/NOVA SAVEIRO CS;"2014      ";Condutor;Ileso;"73   ";Masculino;"1 ";"0    ";"0    ";"0    ";-15.5613950;-47.3136980;SPRF-DF;DEL02-DF;UOP02-DEL02-DF 
602220;"1343495   ";2024-05-22;quarta-feira;12:40:00;GO;"20   ";"4    ";FORMOSA;Não;Condutor usando celular;1;Colisão traseira;Com Vítimas Feridas;Pleno dia;Crescente;Céu Claro;Simples;"Reta;Declive";Sim  ;"1076200   ";Automóvel;CHEV/SPIN 1.8L AT LTZ;"2019      ";Condutor;Ileso;"54   ";Masculino;"1 ";"0    ";"0    ";"0    ";-15.5613950;-47.3136980;SPRF-DF;DEL02-DF;UOP02-DEL02-DF 
602220;"1343496   ";2024-05-22;quarta-feira;12:40:00;GO;"20   ";"4    ";FORMOSA;Não;Condutor usando celular;1;Colisão traseira;Com Vítimas Feridas;Pleno dia;Crescente;Céu Claro;Simples;"Reta;Declive";Sim  ;"1076200   ";Automóvel;CHEV/SPIN 1.8L AT LTZ;"2019      ";Passageiro;Lesões Leves;"913  ";Masculino;"0 ";"1    ";"0    ";"0    ";-15.5613950;-47.3136980;SPRF-DF;DEL02-DF;UOP02-DEL02-DF 
602220;"1343497   ";2024-05-22;quarta-feira;12:40:00;GO;"20   ";"4    ";FORMOSA;Não;Condutor usando celular;1;Colisão traseira;Com Vítimas Feridas;Pleno dia;Crescente;Céu Claro;Simples;"Reta;Declive";Sim  ;"1076202   ";Automóvel;I/FIAT SIENA EL FLEX;"2010      ";Condutor;Ileso;"26   ";Masculino;"1 ";"0    ";"0    ";"0    ";-15.5613950;-47.3136980;SPRF-DF;DEL02-DF;UOP02-DEL02-DF 
602220;"1343495   ";2024-05-22;quarta-feira;12:40:00;GO;"20   ";"4    ";FORMOSA;Não;Condutor deixou de manter distância do veículo da frente;1;Colisão traseira;Com Vítimas Feridas;Pleno dia;Crescente;Céu Claro;Simples;"Reta;Declive";Sim  ;"1076200   ";Automóvel;CHEV/SPIN 1.8L AT LTZ;"2019      ";Condutor;Ileso;"54   ";Masculino;"1 ";"0    ";"0    ";"0    ";-15.5613950;-47.3136980;SPRF-DF;DEL02-DF;UOP02-DEL02-DF 
602220;"1343496   ";2024-05-22;quarta-feira;12:40:00;GO;"20   ";"4    ";FORMOSA;Não;Condutor deixou de manter distância do veículo da frente;1;Colisão traseira;Com Vítimas Feridas;Pleno dia;Crescente;Céu Claro;Simples;"Reta;Declive";Sim  ;"1076200   ";Automóvel;CHEV/SPIN 1.8L AT LTZ;"2019      ";Passageiro;Lesões Leves;"913  ";Masculino;"0 ";"1    ";"0    ";"0    ";-15.5613950;-47.3136980;SPRF-DF;DEL02-DF;UOP02-DEL02-DF 
602220;"1343497   ";2024-05-22;quarta-feira;12:40:00;GO;"20   ";"4    ";FORMOSA;Não;Condutor deixou de manter distância do veículo da frente;1;Colisão traseira;Com Vítimas Feridas;Pleno dia;Crescente;Céu Claro;Simples;"Reta;Declive";Sim  ;"1076202   ";Automóvel;I/FIAT SIENA EL FLEX;"2010      ";Condutor;Ileso;"26   ";Masculino;"1 ";"0    ";"0    ";"0    ";-15.5613950;-47.3136980;SPRF-DF;DEL02-DF;UOP02-DEL02-DF 
602220;"1343495   ";2024-05-22;quarta-feira;12:40:00;GO;"20   ";"4    ";FORMOSA;Não;Ausência de sinalização;1;Colisão traseira;Com Vítimas Feridas;Pleno dia;Crescente;Céu Claro;Simples;"Reta;Declive";Sim  ;"1076200   ";Automóvel;CHEV/SPIN 1.8L AT LTZ;"2019      ";Condutor;Ileso;"54   ";Masculino;"1 ";"0    ";"0    ";"0    ";-15.5613950;-47.3136980;SPRF-DF;DEL02-DF;UOP02-DEL02-DF 
602220;"1343496   ";2024-05-22;quarta-feira;12:40:00;GO;"20   ";"4    ";FORMOSA;Não;Ausência de sinalização;1;Colisão traseira;Com Vítimas Feridas;Pleno dia;Crescente;Céu Claro;Simples;"Reta;Declive";Sim  ;"1076200   ";Automóvel;CHEV/SPIN 1.8L AT LTZ;"2019      ";Passageiro;Lesões Leves;"913  ";Masculino;"0 ";"1    ";"0    ";"0    ";-15.5613950;-47.3136980;SPRF-DF;DEL02-DF;UOP02-DEL02-DF 
602220;"1343497   ";2024-05-22;quarta-feira;12:40:00;GO;"20   ";"4    ";FORMOSA;Não;Ausência de sinalização;1;Colisão traseira;Com Vítimas Feridas;Pleno dia;Crescente;Céu Claro;Simples;"Reta;Declive";Sim  ;"1076202   ";Automóvel;I/FIAT SIENA EL FLEX;"2010      ";Condutor;Ileso;"26   ";Masculino;"1 ";"0    ";"0    ";"0    ";-15.5613950;-47.3136980;SPRF-DF;DEL02-DF;UOP02-DEL02-DF 
602220;"1343495   ";2024-05-22;quarta-feira;12:40:00;GO;"20   ";"4    ";FORMOSA;Sim;Reação tardia ou ineficiente do condutor;1;Colisão traseira;Com Vítimas Feridas;Pleno dia;Crescente;Céu Claro;Simples;"Reta;Declive";Sim  ;"1076200   ";Automóvel;CHEV/SPIN 1.8L AT LTZ;"2019      ";Condutor;Ileso;"54   ";Masculino;"1 ";"0    ";"0    ";"0    ";-15.5613950;-47.3136980;SPRF-DF;DEL02-DF;UOP02-DEL02-DF 
602220;"1343496   ";2024-05-22;quarta-feira;12:40:00;GO;"20   ";"4    ";FORMOSA;Sim;Reação tardia ou ineficiente do condutor;1;Colisão traseira;Com Vítimas Feridas;Pleno dia;Crescente;Céu Claro;Simples;"Reta;Declive";Sim  ;"1076200   ";Automóvel;CHEV/SPIN 1.8L AT LTZ;"2019      ";Passageiro;Lesões Leves;"913  ";Masculino;"0 ";"1    ";"0    ";"0    ";-15.5613950;-47.3136980;SPRF-DF;DEL02-DF;UOP02-DEL02-DF 
602220;"1343497   ";2024-05-22;quarta-feira;12:40:00;GO;"20   ";"4    ";FORMOSA;Sim;Reação tardia ou ineficiente do condutor;1;Colisão traseira;Com Vítimas Feridas;Pleno dia;Crescente;Céu Claro;Simples;"Reta;Declive";Sim  ;"1076202   ";Automóvel;I/FIAT SIENA EL FLEX;"2010      ";Condutor;Ileso;"26   ";Masculino;"1 ";"0    ";"0    ";"0    ";-15.5613950;-47.3136980;SPRF-DF;DEL02-DF;UOP02-DEL02-DF 
602249;"1343623   ";2024-05-22;quarta-feira;16:00:00;DF;"70   ";"9    ";BRASILIA;Sim;Entrada inopinada do pedestre;1;Atropelamento de Pedestre;Com Vítimas Feridas;Pleno dia;Crescente;Céu Claro;Dupla;Reta;Sim  ;"1076321   ";Caminhão-trator;M.BENZ/AX0R 1933 S;"2008      ";Condutor;Ileso;"44   ";Masculino;"1 ";"0    ";"0    ";"0    ";-15.7846150;-48.1320230;SPRF-DF;DEL03-DF;UOP02-DEL03-DF 
602249;"1343625   ";2024-05-22;quarta-feira;16:00:00;DF;"70   ";"9    ";BRASILIA;Sim;Entrada inopinada do pedestre;1;Atropelamento de Pedestre;Com Vítimas Feridas;Pleno dia;Crescente;Céu Claro;Dupla;Reta;Sim  ;"0         ";"0";NA/NA;"0         ";Pedestre;Lesões Leves;"27   ";Feminino;"0 ";"1    ";"0    ";"0    ";-15.7846150;-48.1320230;SPRF-DF;DEL03-DF;UOP02-DEL03-DF 
602272;"1343603   ";2024-05-22;quarta-feira;18:15:00;DF;"20   ";"19   ";BRASILIA;Sim;Reação tardia ou ineficiente do condutor;1;Capotamento;Sem Vítimas;Plena Noite;Decrescente;Céu Claro;Dupla;Reta;Sim  ;"1076296   ";Automóvel;VW/T CROSS CL TSI AD;"2019      ";Condutor;Ileso;"38   ";Masculino;"1 ";"0    ";"0    ";"0    ";-15.6121750;-47.7009280;SPRF-DF;DEL02-DF;UOP01-DEL02-DF 
602272;"1343598   ";2024-05-22;quarta-feira;18:15:00;DF;"20   ";"19   ";BRASILIA;Sim;Reação tardia ou ineficiente do condutor;1;Capotamento;Sem Vítimas;Plena Noite;Decrescente;Céu Claro;Dupla;Reta;Sim  ;"1076292   ";Automóvel;CHEVROLET/CELTA 1.0L LT;"2014      ";Condutor;Ileso;"18   ";Masculino;"1 ";"0    ";"0    ";"0    ";-15.6121750;-47.7009280;SPRF-DF;DEL02-DF;UOP01-DEL02-DF 
602279;"1343607   ";2024-05-22;quarta-feira;17:50:00;GO;"20   ";"178  ";ALVORADA DO NORTE;Não;Reação tardia ou ineficiente do condutor;2;Queda de ocupante de veículo;Com Vítimas Feridas;Plena Noite;Crescente;Céu Claro;Dupla;"Retorno Regulamentado;Reta";Sim  ;"1076297   ";Automóvel;CHEV/SPIN 1.8L AT LT7;"2023      ";Condutor;Ileso;"55   ";Masculino;"1 ";"0    ";"0    ";"0    ";-14.4884531;-46.5009213;SPRF-DF;DEL02-DF;UOP03-DEL02-DF 
602279;"1343609   ";2024-05-22;quarta-feira;17:50:00;GO;"20   ";"178  ";ALVORADA DO NORTE;Não;Reação tardia ou ineficiente do condutor;2;Queda de ocupante de veículo;Com Vítimas Feridas;Plena Noite;Crescente;Céu Claro;Dupla;"Retorno Regulamentado;Reta";Sim  ;"1076305   ";Motocicleta;Não Informado/Não Informado;"0         ";Condutor;Lesões Leves;"44   ";Feminino;"0 ";"1    ";"0    ";"0    ";-14.4884531;-46.5009213;SPRF-DF;DEL02-DF;UOP03-DEL02-DF 
602279;"1343607   ";2024-05-22;quarta-feira;17:50:00;GO;"20   ";"178  ";ALVORADA DO NORTE;Sim;Ausência de reação do condutor;2;Queda de ocupante de veículo;Com Vítimas Feridas;Plena Noite;Crescente;Céu Claro;Dupla;"Retorno Regulamentado;Reta";Sim  ;"1076297   ";Automóvel;CHEV/SPIN 1.8L AT LT7;"2023      ";Condutor;Ileso;"55   ";Masculino;"1 ";"0    ";"0    ";"0    ";-14.4884531;-46.5009213;SPRF-DF;DEL02-DF;UOP03-DEL02-DF 
602279;"1343609   ";2024-05-22;quarta-feira;17:50:00;GO;"20   ";"178  ";ALVORADA DO NORTE;Sim;Ausência de reação do condutor;2;Queda de ocupante de veículo;Com Vítimas Feridas;Plena Noite;Crescente;Céu Claro;Dupla;"Retorno Regulamentado;Reta";Sim  ;"1076305   ";Motocicleta;Não Informado/Não Informado;"0         ";Condutor;Lesões Leves;"44   ";Feminino;"0 ";"1    ";"0    ";"0    ";-14.4884531;-46.5009213;SPRF-DF;DEL02-DF;UOP03-DEL02-DF 
602279;"1343607   ";2024-05-22;quarta-feira;17:50:00;GO;"20   ";"178  ";ALVORADA DO NORTE;Não;Reação tardia ou ineficiente do condutor;1;Colisão transversal;Com Vítimas Feridas;Plena Noite;Crescente;Céu Claro;Dupla;"Retorno Regulamentado;Reta";Sim  ;"1076297   ";Automóvel;CHEV/SPIN 1.8L AT LT7;"2023      ";Condutor;Ileso;"55   ";Masculino;"1 ";"0    ";"0    ";"0    ";-14.4884531;-46.5009213;SPRF-DF;DEL02-DF;UOP03-DEL02-DF 
602279;"1343609   ";2024-05-22;quarta-feira;17:50:00;GO;"20   ";"178  ";ALVORADA DO NORTE;Não;Reação tardia ou ineficiente do condutor;1;Colisão transversal;Com Vítimas Feridas;Plena Noite;Crescente;Céu Claro;Dupla;"Retorno Regulamentado;Reta";Sim  ;"1076305   ";Motocicleta;Não Informado/Não Informado;"0         ";Condutor;Lesões Leves;"44   ";Feminino;"0 ";"1    ";"0    ";"0    ";-14.4884531;-46.5009213;SPRF-DF;DEL02-DF;UOP03-DEL02-DF 
602279;"1343607   ";2024-05-22;quarta-feira;17:50:00;GO;"20   ";"178  ";ALVORADA DO NORTE;Sim;Ausência de reação do condutor;1;Colisão transversal;Com Vítimas Feridas;Plena Noite;Crescente;Céu Claro;Dupla;"Retorno Regulamentado;Reta";Sim  ;"1076297   ";Automóvel;CHEV/SPIN 1.8L AT LT7;"2023      ";Condutor;Ileso;"55   ";Masculino;"1 ";"0    ";"0    ";"0    ";-14.4884531;-46.5009213;SPRF-DF;DEL02-DF;UOP03-DEL02-DF 
602279;"1343609   ";2024-05-22;quarta-feira;17:50:00;GO;"20   ";"178  ";ALVORADA DO NORTE;Sim;Ausência de reação do condutor;1;Colisão transversal;Com Vítimas Feridas;Plena Noite;Crescente;Céu Claro;Dupla;"Retorno Regulamentado;Reta";Sim  ;"1076305   ";Motocicleta;Não Informado/Não Informado;"0         ";Condutor;Lesões Leves;"44   ";Feminino;"0 ";"1    ";"0    ";"0    ";-14.4884531;-46.5009213;SPRF-DF;DEL02-DF;UOP03-DEL02-DF 
602293;"1343642   ";2024-05-22;quarta-feira;19:45:00;GO;"20   ";"8    ";FORMOSA;Não;Falta de elemento de contenção que evite a saída do leito carroçável;2;Capotamento;Com Vítimas Feridas;Plena Noite;Decrescente;Céu Claro;Simples;"Reta;Declive";Não  ;"1076332   ";Caminhonete;FIAT/STRADA TREK CD 1.6;"2012      ";Passageiro;Lesões Leves;"37   ";Masculino;"0 ";"1    ";"0    ";"0    ";-15.5511530;-47.2832530;SPRF-DF;DEL02-DF;UOP02-DEL02-DF 
602293;"1343644   ";2024-05-22;quarta-feira;19:45:00;GO;"20   ";"8    ";FORMOSA;Não;Falta de elemento de contenção que evite a saída do leito carroçável;2;Capotamento;Com Vítimas Feridas;Plena Noite;Decrescente;Céu Claro;Simples;"Reta;Declive";Não  ;"1076332   ";Caminhonete;FIAT/STRADA TREK CD 1.6;"2012      ";Passageiro;Lesões Leves;"20   ";Masculino;"0 ";"1    ";"0    ";"0    ";-15.5511530;-47.2832530;SPRF-DF;DEL02-DF;UOP02-DEL02-DF 
602293;"1343640   ";2024-05-22;quarta-feira;19:45:00;GO;"20   ";"8    ";FORMOSA;Não;Falta de elemento de contenção que evite a saída do leito carroçável;2;Capotamento;Com Vítimas Feridas;Plena Noite;Decrescente;Céu Claro;Simples;"Reta;Declive";Não  ;"1076332   ";Caminhonete;FIAT/STRADA TREK CD 1.6;"2012      ";Condutor;Lesões Leves;"29   ";Masculino;"0 ";"1    ";"0    ";"0    ";-15.5511530;-47.2832530;SPRF-DF;DEL02-DF;UOP02-DEL02-DF 
602293;"1343642   ";2024-05-22;quarta-feira;19:45:00;GO;"20   ";"8    ";FORMOSA;Não;Velocidade Incompatível;2;Capotamento;Com Vítimas Feridas;Plena Noite;Decrescente;Céu Claro;Simples;"Reta;Declive";Não  ;"1076332   ";Caminhonete;FIAT/STRADA TREK CD 1.6;"2012      ";Passageiro;Lesões Leves;"37   ";Masculino;"0 ";"1    ";"0    ";"0    ";-15.5511530;-47.2832530;SPRF-DF;DEL02-DF;UOP02-DEL02-DF 
602293;"1343644   ";2024-05-22;quarta-feira;19:45:00;GO;"20   ";"8    ";FORMOSA;Não;Velocidade Incompatível;2;Capotamento;Com Vítimas Feridas;Plena Noite;Decrescente;Céu Claro;Simples;"Reta;Declive";Não  ;"1076332   ";Caminhonete;FIAT/STRADA TREK CD 1.6;"2012      ";Passageiro;Lesões Leves;"20   ";Masculino;"0 ";"1    ";"0    ";"0    ";-15.5511530;-47.2832530;SPRF-DF;DEL02-DF;UOP02-DEL02-DF 