id;pesid;data_inversa;dia_semana;horario;uf;br;km;municipio;causa_principal;causa_acidente;ordem_tipo_acidente;tipo_acidente;classificacao_acidente;fase_dia;sentido_via;condicao_metereologica;tipo_pista;tracado_via;uso_solo;id_veiculo;tipo_veiculo;marca;ano_fabricacao_veiculo;tipo_envolvido;estado_fisico;idade;sexo;ilesos;feridos_leves;feridos_graves;mortos;latitude;longitude;regional;delegacia;uop
602293;"1343640   ";2024-05-22;quarta-feira;19:45:00;GO;"20   ";"8    ";FORMOSA;Não;Velocidade Incompatível;2;Capotamento;Com Vítimas Feridas;Plena Noite;Decrescente;Céu Claro;Simples;"Reta;Declive";Não  ;"1076332   ";Caminhonete;FIAT/STRADA TREK CD 1.6;"2012      ";Condutor;Lesões Leves;"29   ";Masculino;"0 ";"1    ";"0    ";"0    ";-15.5511530;-47.2832530;SPRF-DF;DEL02-DF;UOP02-DEL02-DF 
602293;"1343642   ";2024-05-22;quarta-feira;19:45:00;GO;"20   ";"8    ";FORMOSA;Não;Condutor Dormindo;2;Capotamento;Com Vítimas Feridas;Plena Noite;Decrescente;Céu Claro;Simples;"Reta;Declive";Não  ;"1076332   ";Caminhonete;FIAT/STRADA TREK CD 1.6;"2012      ";Passageiro;Lesões Leves;"37   ";Masculino;"0 ";"1    ";"0    ";"0    ";-15.5511530;-47.2832530;SPRF-DF;DEL02-DF;UOP02-DEL02-DF 
602293;"1343644   ";2024-05-22;quarta-feira;19:45:00;GO;"20   ";"8    ";FORMOSA;Não;Condutor Dormindo;2;Capotamento;Com Vítimas Feridas;Plena Noite;Decrescente;Céu Claro;Simples;"Reta;Declive";Não  ;"1076332   ";Caminhonete;FIAT/STRADA TREK CD 1.6;"2012      ";Passageiro;Lesões Leves;"20   ";Masculino;"0 ";"1    ";"0    ";"0    ";-15.5511530;-47.2832530;SPRF-DF;DEL02-DF;UOP02-DEL02-DF 
602293;"1343640   ";2024-05-22;quarta-feira;19:45:00;GO;"20   ";"8    ";FORMOSA;Não;Condutor Dormindo;2;Capotamento;Com Vítimas Feridas;Plena Noite;Decrescente;Céu Claro;Simples;"Reta;Declive";Não  ;"1076332   ";Caminhonete;FIAT/STRADA TREK CD 1.6;"2012      ";Condutor;Lesões Leves;"29   ";Masculino;"0 ";"1    ";"0    ";"0    ";-15.5511530;-47.2832530;SPRF-DF;DEL02-DF;UOP02-DEL02-DF 
602293;"1343642   ";2024-05-22;quarta-feira;19:45:00;GO;"20   ";"8    ";FORMOSA;Sim;Ingestão de álcool pelo condutor;2;Capotamento;Com Vítimas Feridas;Plena Noite;Decrescente;Céu Claro;Simples;"Reta;Declive";Não  ;"1076332   ";Caminhonete;FIAT/STRADA TREK CD 1.6;"2012      ";Passageiro;Lesões Leves;"37   ";Masculino;"0 ";"1    ";"0    ";"0    ";-15.5511530;-47.2832530;SPRF-DF;DEL02-DF;UOP02-DEL02-DF 
602293;"1343644   ";2024-05-22;quarta-feira;19:45:00;GO;"20   ";"8    ";FORMOSA;Sim;Ingestão de álcool pelo condutor;2;Capotamento;Com Vítimas Feridas;Plena Noite;Decrescente;Céu Claro;Simples;"Reta;Declive";Não  ;"1076332   ";Caminhonete;FIAT/STRADA TREK CD 1.6;"2012      ";Passageiro;Lesões Leves;"20   ";Masculino;"0 ";"1    ";"0    ";"0    ";-15.5511530;-47.2832530;SPRF-DF;DEL02-DF;UOP02-DEL02-DF 
602293;"1343640   ";2024-05-22;quarta-feira;19:45:00;GO;"20   ";"8    ";FORMOSA;Sim;Ingestão de álcool pelo condutor;2;Capotamento;Com Vítimas Feridas;Plena Noite;Decrescente;Céu Claro;Simples;"Reta;Declive";Não  ;"1076332   ";Caminhonete;FIAT/STRADA TREK CD 1.6;"2012      ";Condutor;Lesões Leves;"29   ";Masculino;"0 ";"1    ";"0    ";"0    ";-15.5511530;-47.2832530;SPRF-DF;DEL02-DF;UOP02-DEL02-DF 
602293;"1343642   ";2024-05-22;quarta-feira;19:45:00;GO;"20   ";"8    ";FORMOSA;Não;Falta de elemento de contenção que evite a saída do leito carroçável;1;Saída de leito carroçável;Com Vítimas Feridas;Plena Noite;Decrescente;Céu Claro;Simples;"Reta;Declive";Não  ;"1076332   ";Caminhonete;FIAT/STRADA TREK CD 1.6;"2012      ";Passageiro;Lesões Leves;"37   ";Masculino;"0 ";"1    ";"0    ";"0    ";-15.5511530;-47.2832530;SPRF-DF;DEL02-DF;UOP02-DEL02-DF 
602293;"1343644   ";2024-05-22;quarta-feira;19:45:00;GO;"20   ";"8    ";FORMOSA;Não;Falta de elemento de contenção que evite a saída do leito carroçável;1;Saída de leito carroçável;Com Vítimas Feridas;Plena Noite;Decrescente;Céu Claro;Simples;"Reta;Declive";Não  ;"1076332   ";Caminhonete;FIAT/STRADA TREK CD 1.6;"2012      ";Passageiro;Lesões Leves;"20   ";Masculino;"0 ";"1    ";"0    ";"0    ";-15.5511530;-47.2832530;SPRF-DF;DEL02-DF;UOP02-DEL02-DF 
602293;"1343640   ";2024-05-22;quarta-feira;19:45:00;GO;"20   ";"8    ";FORMOSA;Não;Falta de elemento de contenção que evite a saída do leito carroçável;1;Saída de leito carroçável;Com Vítimas Feridas;Plena Noite;Decrescente;Céu Claro;Simples;"Reta;Declive";Não  ;"1076332   ";Caminhonete;FIAT/STRADA TREK CD 1.6;"2012      ";Condutor;Lesões Leves;"29   ";Masculino;"0 ";"1    ";"0    ";"0    ";-15.5511530;-47.2832530;SPRF-DF;DEL02-DF;UOP02-DEL02-DF 
602293;"1343642   ";2024-05-22;quarta-feira;19:45:00;GO;"20   ";"8    ";FORMOSA;Não;Velocidade Incompatível;1;Saída de leito carroçável;Com Vítimas Feridas;Plena Noite;Decrescente;Céu Claro;Simples;"Reta;Declive";Não  ;"1076332   ";Caminhonete;FIAT/STRADA TREK CD 1.6;"2012      ";Passageiro;Lesões Leves;"37   ";Masculino;"0 ";"1    ";"0    ";"0    ";-15.5511530;-47.2832530;SPRF-DF;DEL02-DF;UOP02-DEL02-DF 
602293;"1343644   ";2024-05-22;quarta-feira;19:45:00;GO;"20   ";"8    ";FORMOSA;Não;Velocidade Incompatível;1;Saída de leito carroçável;Com Vítimas Feridas;Plena Noite;Decrescente;Céu Claro;Simples;"Reta;Declive";Não  ;"1076332   ";Caminhonete;FIAT/STRADA TREK CD 1.6;"2012      ";Passageiro;Lesões Leves;"20   ";Masculino;"0 ";"1    ";"0    ";"0    ";-15.5511530;-47.2832530;SPRF-DF;DEL02-DF;UOP02-DEL02-DF 
602293;"1343640   ";2024-05-22;quarta-feira;19:45:00;GO;"20   ";"8    ";FORMOSA;Não;Velocidade Incompatível;1;Saída de leito carroçável;Com Vítimas Feridas;Plena Noite;Decrescente;Céu Claro;Simples;"Reta;Declive";Não  ;"1076332   ";Caminhonete;FIAT/STRADA TREK CD 1.6;"2012      ";Condutor;Lesões Leves;"29   ";Masculino;"0 ";"1    ";"0    ";"0    ";-15.5511530;-47.2832530;SPRF-DF;DEL02-DF;UOP02-DEL02-DF 
602293;"1343642   ";2024-05-22;quarta-feira;19:45:00;GO;"20   ";"8    ";FORMOSA;Não;Condutor Dormindo;1;Saída de leito carroçável;Com Vítimas Feridas;Plena Noite;Decrescente;Céu Claro;Simples;"Reta;Declive";Não  ;"1076332   ";Caminhonete;FIAT/STRADA TREK CD 1.6;"2012      ";Passageiro;Lesões Leves;"37   ";Masculino;"0 ";"1    ";"0    ";"0    ";-15.5511530;-47.2832530;SPRF-DF;DEL02-DF;UOP02-DEL02-DF 
602293;"1343644   ";2024-05-22;quarta-feira;19:45:00;GO;"20   ";"8    ";FORMOSA;Não;Condutor Dormindo;1;Saída de leito carroçável;Com Vítimas Feridas;Plena Noite;Decrescente;Céu Claro;Simples;"Reta;Declive";Não  ;"1076332   ";Caminhonete;FIAT/STRADA TREK CD 1.6;"2012      ";Passageiro;Lesões Leves;"20   ";Masculino;"0 ";"1    ";"0    ";"0    ";-15.5511530;-47.2832530;SPRF-DF;DEL02-DF;UOP02-DEL02-DF 
602293;"1343640   ";2024-05-22;quarta-feira;19:45:00;GO;"20   ";"8    ";FORMOSA;Não;Condutor Dormindo;1;Saída de leito carroçável;Com Vítimas Feridas;Plena Noite;Decrescente;Céu Claro;Simples;"Reta;Declive";Não  ;"1076332   ";Caminhonete;FIAT/STRADA TREK CD 1.6;"2012      ";Condutor;Lesões Leves;"29   ";Masculino;"0 ";"1    ";"0    ";"0    ";-15.5511530;-47.2832530;SPRF-DF;DEL02-DF;UOP02-DEL02-DF 
602293;"1343642   ";2024-05-22;quarta-feira;19:45:00;GO;"20   ";"8    ";FORMOSA;Sim;Ingestão de álcool pelo condutor;1;Saída de leito carroçável;Com Vítimas Feridas;Plena Noite;Decrescente;Céu Claro;Simples;"Reta;Declive";Não  ;"1076332   ";Caminhonete;FIAT/STRADA TREK CD 1.6;"2012      ";Passageiro;Lesões Leves;"37   ";Masculino;"0 ";"1    ";"0    ";"0    ";-15.5511530;-47.2832530;SPRF-DF;DEL02-DF;UOP02-DEL02-DF 
602293;"1343644   ";2024-05-22;quarta-feira;19:45:00;GO;"20   ";"8    ";FORMOSA;Sim;Ingestão de álcool pelo condutor;1;Saída de leito carroçável;Com Vítimas Feridas;Plena Noite;Decrescente;Céu Claro;Simples;"Reta;Declive";Não  ;"1076332   ";Caminhonete;FIAT/STRADA TREK CD 1.6;"2012      ";Passageiro;Lesões Leves;"20   ";Masculino;"0 ";"1    ";"0    ";"0    ";-15.5511530;-47.2832530;SPRF-DF;DEL02-DF;UOP02-DEL02-DF 
602293;"1343640   ";2024-05-22;quarta-feira;19:45:00;GO;"20   ";"8    ";FORMOSA;Sim;Ingestão de álcool pelo condutor;1;Saída de leito carroçável;Com Vítimas Feridas;Plena Noite;Decrescente;Céu Claro;Simples;"Reta;Declive";Não  ;"1076332   ";Caminhonete;FIAT/STRADA TREK CD 1.6;"2012      ";Condutor;Lesões Leves;"29   ";Masculino;"0 ";"1    ";"0    ";"0    ";-15.5511530;-47.2832530;SPRF-DF;DEL02-DF;UOP02-DEL02-DF 
602313;"1343705   ";2024-05-22;quarta-feira;22:00:00;GO;"30   ";"5    ";FORMOSA;Não;Avarias e/ou desgaste excessivo no pneu;1;Saída de leito carroçável;Com Vítimas Fatais;Plena Noite;Decrescente;Céu Claro;Simples;"Curva;Aclive";Sim  ;"1076389   ";Automóvel;VW/GOL 1.0;"2007      ";Condutor;Óbito;"38   ";Masculino;"0 ";"0    ";"0    ";"1    ";-15.5510250;-47.3023460;SPRF-DF;DEL02-DF;UOP02-DEL02-DF 
602313;"1343705   ";2024-05-22;quarta-feira;22:00:00;GO;"30   ";"5    ";FORMOSA;Não;Ausência de sinalização;1;Saída de leito carroçável;Com Vítimas Fatais;Plena Noite;Decrescente;Céu Claro;Simples;"Curva;Aclive";Sim  ;"1076389   ";Automóvel;VW/GOL 1.0;"2007      ";Condutor;Óbito;"38   ";Masculino;"0 ";"0    ";"0    ";"1    ";-15.5510250;-47.3023460;SPRF-DF;DEL02-DF;UOP02-DEL02-DF 
602313;"1343705   ";2024-05-22;quarta-feira;22:00:00;GO;"30   ";"5    ";FORMOSA;Sim;Velocidade Incompatível;1;Saída de leito carroçável;Com Vítimas Fatais;Plena Noite;Decrescente;Céu Claro;Simples;"Curva;Aclive";Sim  ;"1076389   ";Automóvel;VW/GOL 1.0;"2007      ";Condutor;Óbito;"38   ";Masculino;"0 ";"0    ";"0    ";"1    ";-15.5510250;-47.3023460;SPRF-DF;DEL02-DF;UOP02-DEL02-DF 
602313;"1343705   ";2024-05-22;quarta-feira;22:00:00;GO;"30   ";"5    ";FORMOSA;Não;Avarias e/ou desgaste excessivo no pneu;2;Colisão com objeto;Com Vítimas Fatais;Plena Noite;Decrescente;Céu Claro;Simples;"Curva;Aclive";Sim  ;"1076389   ";Automóvel;VW/GOL 1.0;"2007      ";Condutor;Óbito;"38   ";Masculino;"0 ";"0    ";"0    ";"1    ";-15.5510250;-47.3023460;SPRF-DF;DEL02-DF;UOP02-DEL02-DF 
602313;"1343705   ";2024-05-22;quarta-feira;22:00:00;GO;"30   ";"5    ";FORMOSA;Não;Ausência de sinalização;2;Colisão com objeto;Com Vítimas Fatais;Plena Noite;Decrescente;Céu Claro;Simples;"Curva;Aclive";Sim  ;"1076389   ";Automóvel;VW/GOL 1.0;"2007      ";Condutor;Óbito;"38   ";Masculino;"0 ";"0    ";"0    ";"1    ";-15.5510250;-47.3023460;SPRF-DF;DEL02-DF;UOP02-DEL02-DF 
602313;"1343705   ";2024-05-22;quarta-feira;22:00:00;GO;"30   ";"5    ";FORMOSA;Sim;Velocidade Incompatível;2;Colisão com objeto;Com Vítimas Fatais;Plena Noite;Decrescente;Céu Claro;Simples;"Curva;Aclive";Sim  ;"1076389   ";Automóvel;VW/GOL 1.0;"2007      ";Condutor;Óbito;"38   ";Masculino;"0 ";"0    ";"0    ";"1    ";-15.5510250;-47.3023460;SPRF-DF;DEL02-DF;UOP02-DEL02-DF 
602315;"1343723   ";2024-05-22;quarta-feira;22:36:00;DF;"20   ";"8,8  ";BRASILIA;Não;Ausência de reação do condutor;1;Colisão transversal;Com Vítimas Feridas;Plena Noite;Crescente;Céu Claro;Múltipla;"Interseção de Vias;Viaduto";Sim  ;"1076405   ";Caminhonete;FIAT/STRADA ADVENT FLEX;"2009      ";Condutor;Ileso;"57   ";Masculino;"1 ";"0    ";"0    ";"0    ";-15.6547343;-47.7829957;SPRF-DF;DEL02-DF;UOP01-DEL02-DF 
602315;"1343722   ";2024-05-22;quarta-feira;22:36:00;DF;"20   ";"8,8  ";BRASILIA;Não;Ausência de reação do condutor;1;Colisão transversal;Com Vítimas Feridas;Plena Noite;Crescente;Céu Claro;Múltipla;"Interseção de Vias;Viaduto";Sim  ;"1076404   ";Automóvel;FIAT/PALIO WK ADVEN FLEX;"2013      ";Condutor;Lesões Leves;"56   ";Masculino;"0 ";"1    ";"0    ";"0    ";-15.6547343;-47.7829957;SPRF-DF;DEL02-DF;UOP01-DEL02-DF 
602315;"1343723   ";2024-05-22;quarta-feira;22:36:00;DF;"20   ";"8,8  ";BRASILIA;Não;Acessar a via sem observar a presença dos outros veículos;1;Colisão transversal;Com Vítimas Feridas;Plena Noite;Crescente;Céu Claro;Múltipla;"Interseção de Vias;Viaduto";Sim  ;"1076405   ";Caminhonete;FIAT/STRADA ADVENT FLEX;"2009      ";Condutor;Ileso;"57   ";Masculino;"1 ";"0    ";"0    ";"0    ";-15.6547343;-47.7829957;SPRF-DF;DEL02-DF;UOP01-DEL02-DF 
602315;"1343722   ";2024-05-22;quarta-feira;22:36:00;DF;"20   ";"8,8  ";BRASILIA;Não;Acessar a via sem observar a presença dos outros veículos;1;Colisão transversal;Com Vítimas Feridas;Plena Noite;Crescente;Céu Claro;Múltipla;"Interseção de Vias;Viaduto";Sim  ;"1076404   ";Automóvel;FIAT/PALIO WK ADVEN FLEX;"2013      ";Condutor;Lesões Leves;"56   ";Masculino;"0 ";"1    ";"0    ";"0    ";-15.6547343;-47.7829957;SPRF-DF;DEL02-DF;UOP01-DEL02-DF 
602315;"1343723   ";2024-05-22;quarta-feira;22:36:00;DF;"20   ";"8,8  ";BRASILIA;Sim;Condutor desrespeitou a iluminação vermelha do semáforo;1;Colisão transversal;Com Vítimas Feridas;Plena Noite;Crescente;Céu Claro;Múltipla;"Interseção de Vias;Viaduto";Sim  ;"1076405   ";Caminhonete;FIAT/STRADA ADVENT FLEX;"2009      ";Condutor;Ileso;"57   ";Masculino;"1 ";"0    ";"0    ";"0    ";-15.6547343;-47.7829957;SPRF-DF;DEL02-DF;UOP01-DEL02-DF 
602315;"1343722   ";2024-05-22;quarta-feira;22:36:00;DF;"20   ";"8,8  ";BRASILIA;Sim;Condutor desrespeitou a iluminação vermelha do semáforo;1;Colisão transversal;Com Vítimas Feridas;Plena Noite;Crescente;Céu Claro;Múltipla;"Interseção de Vias;Viaduto";Sim  ;"1076404   ";Automóvel;FIAT/PALIO WK ADVEN FLEX;"2013      ";Condutor;Lesões Leves;"56   ";Masculino;"0 ";"1    ";"0    ";"0    ";-15.6547343;-47.7829957;SPRF-DF;DEL02-DF;UOP01-DEL02-DF 
602333;"1343770   ";2024-05-23;quinta-feira;06:40:00;DF;"40   ";"1    ";BRASILIA;Sim;Condutor deixou de manter distância do veículo da frente;1;Colisão traseira;Com Vítimas Feridas;Pleno dia;Decrescente;Céu Claro;Dupla;Reta;Sim  ;"1076435   ";Motocicleta;HONDA/CG 125 FAN KS;"2011      ";Passageiro;Ileso;"39   ";Feminino;"1 ";"0    ";"0    ";"0    ";-15.9855320;-47.9877470;SPRF-DF;DEL01-DF;UOP01-DEL01-DF 
602333;"1343765   ";2024-05-23;quinta-feira;06:40:00;DF;"40   ";"1    ";BRASILIA;Sim;Condutor deixou de manter distância do veículo da frente;1;Colisão traseira;Com Vítimas Feridas;Pleno dia;Decrescente;Céu Claro;Dupla;Reta;Sim  ;"1076435   ";Motocicleta;HONDA/CG 125 FAN KS;"2011      ";Condutor;Lesões Leves;"38   ";Masculino;"0 ";"1    ";"0    ";"0    ";-15.9855320;-47.9877470;SPRF-DF;DEL01-DF;UOP01-DEL01-DF 
602333;"1343764   ";2024-05-23;quinta-feira;06:40:00;DF;"40   ";"1    ";BRASILIA;Sim;Condutor deixou de manter distância do veículo da frente;1;Colisão traseira;Com Vítimas Feridas;Pleno dia;Decrescente;Céu Claro;Dupla;Reta;Sim  ;"1076434   ";Automóvel;FIAT/UNO MILLE WAY ECON;"2009      ";Condutor;Ileso;"46   ";Feminino;"1 ";"0    ";"0    ";"0    ";-15.9855320;-47.9877470;SPRF-DF;DEL01-DF;UOP01-DEL01-DF 
602353;"1343791   ";2024-05-23;quinta-feira;07:40:00;DF;"70   ";"3    ";BRASILIA;Sim;Manobra de mudança de faixa;1;Colisão traseira;Com Vítimas Feridas;Pleno dia;Decrescente;Céu Claro;Dupla;Reta;Não  ;"1076459   ";Motocicleta;HONDA/CG 160 FAN;"2023      ";Condutor;Lesões Leves;"23   ";Masculino;"0 ";"1    ";"0    ";"0    ";-15.8024530;-48.0803870;SPRF-DF;DEL03-DF;UOP02-DEL03-DF 
602353;"1343790   ";2024-05-23;quinta-feira;07:40:00;DF;"70   ";"3    ";BRASILIA;Sim;Manobra de mudança de faixa;1;Colisão traseira;Com Vítimas Feridas;Pleno dia;Decrescente;Céu Claro;Dupla;Reta;Não  ;"1076458   ";Caminhonete;FIAT/FIORINO 1.4 FLEX;"2018      ";Condutor;Ileso;"23   ";Masculino;"1 ";"0    ";"0    ";"0    ";-15.8024530;-48.0803870;SPRF-DF;DEL03-DF;UOP02-DEL03-DF 
602362;"1343882   ";2024-05-23;quinta-feira;08:37:00;GO;"40   ";"1,6  ";VALPARAISO DE GOIAS;Não;Reação tardia ou ineficiente do condutor;1;Colisão com objeto;Com Vítimas Feridas;Pleno dia;Crescente;Céu Claro;Simples;Reta;Sim  ;"1076533   ";Automóvel;FIAT/PALIO ATTRACTIV 1.0;"2012      ";Condutor;Lesões Leves;"57   ";Feminino;"0 ";"1    ";"0    ";"0    ";-16.0660320;-47.9837859;SPRF-DF;DEL01-DF;UOP01-DEL01-DF 
602362;"1343882   ";2024-05-23;quinta-feira;08:37:00;GO;"40   ";"1,6  ";VALPARAISO DE GOIAS;Sim;Ausência de reação do condutor;1;Colisão com objeto;Com Vítimas Feridas;Pleno dia;Crescente;Céu Claro;Simples;Reta;Sim  ;"1076533   ";Automóvel;FIAT/PALIO ATTRACTIV 1.0;"2012      ";Condutor;Lesões Leves;"57   ";Feminino;"0 ";"1    ";"0    ";"0    ";-16.0660320;-47.9837859;SPRF-DF;DEL01-DF;UOP01-DEL01-DF 
602365;"1343876   ";2024-05-23;quinta-feira;08:15:00;DF;"60   ";"3    ";BRASILIA;Não;Trafegar com motocicleta (ou similar) entre as faixas;3;Queda de ocupante de veículo;Com Vítimas Feridas;Pleno dia;Crescente;Céu Claro;Dupla;Reta;Não  ;"1076524   ";Motocicleta;YAMAHA/FZ25 FAZER;"2022      ";Condutor;Lesões Leves;"25   ";Masculino;"0 ";"1    ";"0    ";"0    ";-15.8905210;-48.0868640;SPRF-DF;DEL03-DF;UOP01-DEL03-DF 
602365;"1343872   ";2024-05-23;quinta-feira;08:15:00;DF;"60   ";"3    ";BRASILIA;Não;Trafegar com motocicleta (ou similar) entre as faixas;3;Queda de ocupante de veículo;Com Vítimas Feridas;Pleno dia;Crescente;Céu Claro;Dupla;Reta;Não  ;"1076523   ";Caminhão;VW/8.140;"1994      ";Condutor;Ileso;"41   ";Masculino;"1 ";"0    ";"0    ";"0    ";-15.8905210;-48.0868640;SPRF-DF;DEL03-DF;UOP01-DEL03-DF 
602365;"1343876   ";2024-05-23;quinta-feira;08:15:00;DF;"60   ";"3    ";BRASILIA;Sim;Manobra de mudança de faixa;3;Queda de ocupante de veículo;Com Vítimas Feridas;Pleno dia;Crescente;Céu Claro;Dupla;Reta;Não  ;"1076524   ";Motocicleta;YAMAHA/FZ25 FAZER;"2022      ";Condutor;Lesões Leves;"25   ";Masculino;"0 ";"1    ";"0    ";"0    ";-15.8905210;-48.0868640;SPRF-DF;DEL03-DF;UOP01-DEL03-DF 
602365;"1343872   ";2024-05-23;quinta-feira;08:15:00;DF;"60   ";"3    ";BRASILIA;Sim;Manobra de mudança de faixa;3;Queda de ocupante de veículo;Com Vítimas Feridas;Pleno dia;Crescente;Céu Claro;Dupla;Reta;Não  ;"1076523   ";Caminhão;VW/8.140;"1994      ";Condutor;Ileso;"41   ";Masculino;"1 ";"0    ";"0    ";"0    ";-15.8905210;-48.0868640;SPRF-DF;DEL03-DF;UOP01-DEL03-DF 
602365;"1343876   ";2024-05-23;quinta-feira;08:15:00;DF;"60   ";"3    ";BRASILIA;Não;Trafegar com motocicleta (ou similar) entre as faixas;2;Tombamento;Com Vítimas Feridas;Pleno dia;Crescente;Céu Claro;Dupla;Reta;Não  ;"1076524   ";Motocicleta;YAMAHA/FZ25 FAZER;"2022      ";Condutor;Lesões Leves;"25   ";Masculino;"0 ";"1    ";"0    ";"0    ";-15.8905210;-48.0868640;SPRF-DF;DEL03-DF;UOP01-DEL03-DF 
602365;"1343872   ";2024-05-23;quinta-feira;08:15:00;DF;"60   ";"3    ";BRASILIA;Não;Trafegar com motocicleta (ou similar) entre as faixas;2;Tombamento;Com Vítimas Feridas;Pleno dia;Crescente;Céu Claro;Dupla;Reta;Não  ;"1076523   ";Caminhão;VW/8.140;"1994      ";Condutor;Ileso;"41   ";Masculino;"1 ";"0    ";"0    ";"0    ";-15.8905210;-48.0868640;SPRF-DF;DEL03-DF;UOP01-DEL03-DF 
602365;"1343876   ";2024-05-23;quinta-feira;08:15:00;DF;"60   ";"3    ";BRASILIA;Sim;Manobra de mudança de faixa;2;Tombamento;Com Vítimas Feridas;Pleno dia;Crescente;Céu Claro;Dupla;Reta;Não  ;"1076524   ";Motocicleta;YAMAHA/FZ25 FAZER;"2022      ";Condutor;Lesões Leves;"25   ";Masculino;"0 ";"1    ";"0    ";"0    ";-15.8905210;-48.0868640;SPRF-DF;DEL03-DF;UOP01-DEL03-DF 
602365;"1343872   ";2024-05-23;quinta-feira;08:15:00;DF;"60   ";"3    ";BRASILIA;Sim;Manobra de mudança de faixa;2;Tombamento;Com Vítimas Feridas;Pleno dia;Crescente;Céu Claro;Dupla;Reta;Não  ;"1076523   ";Caminhão;VW/8.140;"1994      ";Condutor;Ileso;"41   ";Masculino;"1 ";"0    ";"0    ";"0    ";-15.8905210;-48.0868640;SPRF-DF;DEL03-DF;UOP01-DEL03-DF 
602365;"1343876   ";2024-05-23;quinta-feira;08:15:00;DF;"60   ";"3    ";BRASILIA;Não;Trafegar com motocicleta (ou similar) entre as faixas;1;Colisão traseira;Com Vítimas Feridas;Pleno dia;Crescente;Céu Claro;Dupla;Reta;Não  ;"1076524   ";Motocicleta;YAMAHA/FZ25 FAZER;"2022      ";Condutor;Lesões Leves;"25   ";Masculino;"0 ";"1    ";"0    ";"0    ";-15.8905210;-48.0868640;SPRF-DF;DEL03-DF;UOP01-DEL03-DF 
602365;"1343872   ";2024-05-23;quinta-feira;08:15:00;DF;"60   ";"3    ";BRASILIA;Não;Trafegar com motocicleta (ou similar) entre as faixas;1;Colisão traseira;Com Vítimas Feridas;Pleno dia;Crescente;Céu Claro;Dupla;Reta;Não  ;"1076523   ";Caminhão;VW/8.140;"1994      ";Condutor;Ileso;"41   ";Masculino;"1 ";"0    ";"0    ";"0    ";-15.8905210;-48.0868640;SPRF-DF;DEL03-DF;UOP01-DEL03-DF 
602365;"1343876   ";2024-05-23;quinta-feira;08:15:00;DF;"60   ";"3    ";BRASILIA;Sim;Manobra de mudança de faixa;1;Colisão traseira;Com Vítimas Feridas;Pleno dia;Crescente;Céu Claro;Dupla;Reta;Não  ;"1076524   ";Motocicleta;YAMAHA/FZ25 FAZER;"2022      ";Condutor;Lesões Leves;"25   ";Masculino;"0 ";"1    ";"0    ";"0    ";-15.8905210;-48.0868640;SPRF-DF;DEL03-DF;UOP01-DEL03-DF 
602365;"1343872   ";2024-05-23;quinta-feira;08:15:00;DF;"60   ";"3    ";BRASILIA;Sim;Manobra de mudança de faixa;1;Colisão traseira;Com Vítimas Feridas;Pleno dia;Crescente;Céu Claro;Dupla;Reta;Não  ;"1076523   ";Caminhão;VW/8.140;"1994      ";Condutor;Ileso;"41   ";Masculino;"1 ";"0    ";"0    ";"0    ";-15.8905210;-48.0868640;SPRF-DF;DEL03-DF;UOP01-DEL03-DF 
602433;"0         ";2024-05-23;quinta-feira;15:34:00;DF;"0    ";"0    ";BRASILIA;Sim;Ausência de reação do condutor;1;Colisão lateral mesmo sentido;Sem Vítimas;Pleno dia;Não Informado;Céu Claro;Dupla;Reta;Não  ;"1076893   ";Semireboque;SR/RANDON SR FG FR 03E;"2020      ";"0";"0";"0    ";"0";"0 ";"0    ";"0    ";"0    ";-15.9662644;-48.0204731;SPRF-DF;DEL01-DF;UOP01-DEL01-DF 
602433;"1344272   ";2024-05-23;quinta-feira;15:34:00;DF;"0    ";"0    ";BRASILIA;Sim;Ausência de reação do condutor;1;Colisão lateral mesmo sentido;Sem Vítimas;Pleno dia;Não Informado;Céu Claro;Dupla;Reta;Não  ;"1076892   ";Caminhão-trator;DAF/XF FTS 480;"2020      ";Condutor;Ileso;"38   ";Feminino;"1 ";"0    ";"0    ";"0    ";-15.9662644;-48.0204731;SPRF-DF;DEL01-DF;UOP01-DEL01-DF 
602433;"1344271   ";2024-05-23;quinta-feira;15:34:00;DF;"0    ";"0    ";BRASILIA;Sim;Ausência de reação do condutor;1;Colisão lateral mesmo sentido;Sem Vítimas;Pleno dia;Não Informado;Céu Claro;Dupla;Reta;Não  ;"1076891   ";Utilitário;CHEV/TRAILBLAZER LT D4A;"2018      ";Condutor;Ileso;"35   ";Masculino;"1 ";"0    ";"0    ";"0    ";-15.9662644;-48.0204731;SPRF-DF;DEL01-DF;UOP01-DEL01-DF 
602445;"1344142   ";2024-05-23;quinta-feira;17:20:00;DF;"70   ";"5    ";BRASILIA;Não;Condutor deixou de manter distância do veículo da frente;2;Queda de ocupante de veículo;Com Vítimas Feridas;Pleno dia;Decrescente;Céu Claro;Dupla;Reta;Sim  ;"1076763   ";Automóvel;FIAT/SIENA 1.4;"2021      ";Condutor;Ileso;"43   ";Masculino;"1 ";"0    ";"0    ";"0    ";-15.7946560;-48.0967790;SPRF-DF;DEL03-DF;UOP02-DEL03-DF 