id;pesid;data_inversa;dia_semana;horario;uf;br;km;municipio;causa_principal;causa_acidente;ordem_tipo_acidente;tipo_acidente;classificacao_acidente;fase_dia;sentido_via;condicao_metereologica;tipo_pista;tracado_via;uso_solo;id_veiculo;tipo_veiculo;marca;ano_fabricacao_veiculo;tipo_envolvido;estado_fisico;idade;sexo;ilesos;feridos_leves;feridos_graves;mortos;latitude;longitude;regional;delegacia;uop
602445;"1344143   ";2024-05-23;quinta-feira;17:20:00;DF;"70   ";"5    ";BRASILIA;Não;Condutor deixou de manter distância do veículo da frente;2;Queda de ocupante de veículo;Com Vítimas Feridas;Pleno dia;Decrescente;Céu Claro;Dupla;Reta;Sim  ;"1076765   ";Automóvel;FIAT/SIENA EL 1.0 FLEX;"2014      ";Condutor;Ileso;"37   ";Masculino;"1 ";"0    ";"0    ";"0    ";-15.7946560;-48.0967790;SPRF-DF;DEL03-DF;UOP02-DEL03-DF 
602445;"1344135   ";2024-05-23;quinta-feira;17:20:00;DF;"70   ";"5    ";BRASILIA;Não;Condutor deixou de manter distância do veículo da frente;2;Queda de ocupante de veículo;Com Vítimas Feridas;Pleno dia;Decrescente;Céu Claro;Dupla;Reta;Sim  ;"1076762   ";Motocicleta;HONDA/CG 160 FAN;"2021      ";Condutor;Lesões Graves;"23   ";Masculino;"0 ";"0    ";"1    ";"0    ";-15.7946560;-48.0967790;SPRF-DF;DEL03-DF;UOP02-DEL03-DF 
602445;"1344137   ";2024-05-23;quinta-feira;17:20:00;DF;"70   ";"5    ";BRASILIA;Não;Condutor deixou de manter distância do veículo da frente;2;Queda de ocupante de veículo;Com Vítimas Feridas;Pleno dia;Decrescente;Céu Claro;Dupla;Reta;Sim  ;"1076762   ";Motocicleta;HONDA/CG 160 FAN;"2021      ";Passageiro;Lesões Graves;"20   ";Masculino;"0 ";"0    ";"1    ";"0    ";-15.7946560;-48.0967790;SPRF-DF;DEL03-DF;UOP02-DEL03-DF 
602445;"1344142   ";2024-05-23;quinta-feira;17:20:00;DF;"70   ";"5    ";BRASILIA;Sim;Ausência de reação do condutor;2;Queda de ocupante de veículo;Com Vítimas Feridas;Pleno dia;Decrescente;Céu Claro;Dupla;Reta;Sim  ;"1076763   ";Automóvel;FIAT/SIENA 1.4;"2021      ";Condutor;Ileso;"43   ";Masculino;"1 ";"0    ";"0    ";"0    ";-15.7946560;-48.0967790;SPRF-DF;DEL03-DF;UOP02-DEL03-DF 
602445;"1344143   ";2024-05-23;quinta-feira;17:20:00;DF;"70   ";"5    ";BRASILIA;Sim;Ausência de reação do condutor;2;Queda de ocupante de veículo;Com Vítimas Feridas;Pleno dia;Decrescente;Céu Claro;Dupla;Reta;Sim  ;"1076765   ";Automóvel;FIAT/SIENA EL 1.0 FLEX;"2014      ";Condutor;Ileso;"37   ";Masculino;"1 ";"0    ";"0    ";"0    ";-15.7946560;-48.0967790;SPRF-DF;DEL03-DF;UOP02-DEL03-DF 
602445;"1344135   ";2024-05-23;quinta-feira;17:20:00;DF;"70   ";"5    ";BRASILIA;Sim;Ausência de reação do condutor;2;Queda de ocupante de veículo;Com Vítimas Feridas;Pleno dia;Decrescente;Céu Claro;Dupla;Reta;Sim  ;"1076762   ";Motocicleta;HONDA/CG 160 FAN;"2021      ";Condutor;Lesões Graves;"23   ";Masculino;"0 ";"0    ";"1    ";"0    ";-15.7946560;-48.0967790;SPRF-DF;DEL03-DF;UOP02-DEL03-DF 
602445;"1344137   ";2024-05-23;quinta-feira;17:20:00;DF;"70   ";"5    ";BRASILIA;Sim;Ausência de reação do condutor;2;Queda de ocupante de veículo;Com Vítimas Feridas;Pleno dia;Decrescente;Céu Claro;Dupla;Reta;Sim  ;"1076762   ";Motocicleta;HONDA/CG 160 FAN;"2021      ";Passageiro;Lesões Graves;"20   ";Masculino;"0 ";"0    ";"1    ";"0    ";-15.7946560;-48.0967790;SPRF-DF;DEL03-DF;UOP02-DEL03-DF 
602445;"1344142   ";2024-05-23;quinta-feira;17:20:00;DF;"70   ";"5    ";BRASILIA;Não;Condutor deixou de manter distância do veículo da frente;1;Colisão traseira;Com Vítimas Feridas;Pleno dia;Decrescente;Céu Claro;Dupla;Reta;Sim  ;"1076763   ";Automóvel;FIAT/SIENA 1.4;"2021      ";Condutor;Ileso;"43   ";Masculino;"1 ";"0    ";"0    ";"0    ";-15.7946560;-48.0967790;SPRF-DF;DEL03-DF;UOP02-DEL03-DF 
602445;"1344143   ";2024-05-23;quinta-feira;17:20:00;DF;"70   ";"5    ";BRASILIA;Não;Condutor deixou de manter distância do veículo da frente;1;Colisão traseira;Com Vítimas Feridas;Pleno dia;Decrescente;Céu Claro;Dupla;Reta;Sim  ;"1076765   ";Automóvel;FIAT/SIENA EL 1.0 FLEX;"2014      ";Condutor;Ileso;"37   ";Masculino;"1 ";"0    ";"0    ";"0    ";-15.7946560;-48.0967790;SPRF-DF;DEL03-DF;UOP02-DEL03-DF 
602445;"1344135   ";2024-05-23;quinta-feira;17:20:00;DF;"70   ";"5    ";BRASILIA;Não;Condutor deixou de manter distância do veículo da frente;1;Colisão traseira;Com Vítimas Feridas;Pleno dia;Decrescente;Céu Claro;Dupla;Reta;Sim  ;"1076762   ";Motocicleta;HONDA/CG 160 FAN;"2021      ";Condutor;Lesões Graves;"23   ";Masculino;"0 ";"0    ";"1    ";"0    ";-15.7946560;-48.0967790;SPRF-DF;DEL03-DF;UOP02-DEL03-DF 
602674;"1344614   ";2024-05-24;sexta-feira;16:59:00;DF;"70   ";"18   ";BRASILIA;Não;Trafegar com motocicleta (ou similar) entre as faixas;1;Colisão transversal;Com Vítimas Feridas;Anoitecer;Crescente;Céu Claro;Dupla;"Reta;Aclive";Não  ;"1077142   ";Motocicleta;HONDA/CG 160 FAN;"2022      ";Condutor;Lesões Leves;"34   ";Masculino;"0 ";"1    ";"0    ";"0    ";-15.7910930;-48.2109600;SPRF-DF;DEL03-DF;UOP02-DEL03-DF 
602445;"1344137   ";2024-05-23;quinta-feira;17:20:00;DF;"70   ";"5    ";BRASILIA;Não;Condutor deixou de manter distância do veículo da frente;1;Colisão traseira;Com Vítimas Feridas;Pleno dia;Decrescente;Céu Claro;Dupla;Reta;Sim  ;"1076762   ";Motocicleta;HONDA/CG 160 FAN;"2021      ";Passageiro;Lesões Graves;"20   ";Masculino;"0 ";"0    ";"1    ";"0    ";-15.7946560;-48.0967790;SPRF-DF;DEL03-DF;UOP02-DEL03-DF 
602445;"1344142   ";2024-05-23;quinta-feira;17:20:00;DF;"70   ";"5    ";BRASILIA;Sim;Ausência de reação do condutor;1;Colisão traseira;Com Vítimas Feridas;Pleno dia;Decrescente;Céu Claro;Dupla;Reta;Sim  ;"1076763   ";Automóvel;FIAT/SIENA 1.4;"2021      ";Condutor;Ileso;"43   ";Masculino;"1 ";"0    ";"0    ";"0    ";-15.7946560;-48.0967790;SPRF-DF;DEL03-DF;UOP02-DEL03-DF 
602445;"1344143   ";2024-05-23;quinta-feira;17:20:00;DF;"70   ";"5    ";BRASILIA;Sim;Ausência de reação do condutor;1;Colisão traseira;Com Vítimas Feridas;Pleno dia;Decrescente;Céu Claro;Dupla;Reta;Sim  ;"1076765   ";Automóvel;FIAT/SIENA EL 1.0 FLEX;"2014      ";Condutor;Ileso;"37   ";Masculino;"1 ";"0    ";"0    ";"0    ";-15.7946560;-48.0967790;SPRF-DF;DEL03-DF;UOP02-DEL03-DF 
602445;"1344135   ";2024-05-23;quinta-feira;17:20:00;DF;"70   ";"5    ";BRASILIA;Sim;Ausência de reação do condutor;1;Colisão traseira;Com Vítimas Feridas;Pleno dia;Decrescente;Céu Claro;Dupla;Reta;Sim  ;"1076762   ";Motocicleta;HONDA/CG 160 FAN;"2021      ";Condutor;Lesões Graves;"23   ";Masculino;"0 ";"0    ";"1    ";"0    ";-15.7946560;-48.0967790;SPRF-DF;DEL03-DF;UOP02-DEL03-DF 
602445;"1344137   ";2024-05-23;quinta-feira;17:20:00;DF;"70   ";"5    ";BRASILIA;Sim;Ausência de reação do condutor;1;Colisão traseira;Com Vítimas Feridas;Pleno dia;Decrescente;Céu Claro;Dupla;Reta;Sim  ;"1076762   ";Motocicleta;HONDA/CG 160 FAN;"2021      ";Passageiro;Lesões Graves;"20   ";Masculino;"0 ";"0    ";"1    ";"0    ";-15.7946560;-48.0967790;SPRF-DF;DEL03-DF;UOP02-DEL03-DF 
602639;"1344690   ";2024-05-24;sexta-feira;14:30:00;GO;"414  ";"327  ";COCALZINHO DE GOIAS;Sim;Ausência de reação do condutor;1;Saída de leito carroçável;Com Vítimas Feridas;Pleno dia;Crescente;Céu Claro;Simples;Reta;Não  ;"1077213   ";Automóvel;FORD/KA GL;"2007      ";Condutor;Ileso;"39   ";Masculino;"1 ";"0    ";"0    ";"0    ";-15.5809930;-48.6286620;SPRF-GO;DEL02-GO;UOP01-DEL02-GO 
602639;"1344691   ";2024-05-24;sexta-feira;14:30:00;GO;"414  ";"327  ";COCALZINHO DE GOIAS;Sim;Ausência de reação do condutor;1;Saída de leito carroçável;Com Vítimas Feridas;Pleno dia;Crescente;Céu Claro;Simples;Reta;Não  ;"1077213   ";Automóvel;FORD/KA GL;"2007      ";Passageiro;Lesões Leves;"45   ";Masculino;"0 ";"1    ";"0    ";"0    ";-15.5809930;-48.6286620;SPRF-GO;DEL02-GO;UOP01-DEL02-GO 
602674;"1344610   ";2024-05-24;sexta-feira;16:59:00;DF;"70   ";"18   ";BRASILIA;Não;Trafegar com motocicleta (ou similar) entre as faixas;3;Queda de ocupante de veículo;Com Vítimas Feridas;Anoitecer;Crescente;Céu Claro;Dupla;"Reta;Aclive";Não  ;"1077141   ";Automóvel;FIAT/SIENA ESSENCE 1.6;"2015      ";Condutor;Ileso;"48   ";Masculino;"1 ";"0    ";"0    ";"0    ";-15.7910930;-48.2109600;SPRF-DF;DEL03-DF;UOP02-DEL03-DF 
602674;"1344614   ";2024-05-24;sexta-feira;16:59:00;DF;"70   ";"18   ";BRASILIA;Não;Trafegar com motocicleta (ou similar) entre as faixas;3;Queda de ocupante de veículo;Com Vítimas Feridas;Anoitecer;Crescente;Céu Claro;Dupla;"Reta;Aclive";Não  ;"1077142   ";Motocicleta;HONDA/CG 160 FAN;"2022      ";Condutor;Lesões Leves;"34   ";Masculino;"0 ";"1    ";"0    ";"0    ";-15.7910930;-48.2109600;SPRF-DF;DEL03-DF;UOP02-DEL03-DF 
602674;"1346930   ";2024-05-24;sexta-feira;16:59:00;DF;"70   ";"18   ";BRASILIA;Não;Trafegar com motocicleta (ou similar) entre as faixas;3;Queda de ocupante de veículo;Com Vítimas Feridas;Anoitecer;Crescente;Céu Claro;Dupla;"Reta;Aclive";Não  ;"1077142   ";Motocicleta;HONDA/CG 160 FAN;"2022      ";Passageiro;Lesões Leves;"44   ";Masculino;"0 ";"1    ";"0    ";"0    ";-15.7910930;-48.2109600;SPRF-DF;DEL03-DF;UOP02-DEL03-DF 
602674;"1344610   ";2024-05-24;sexta-feira;16:59:00;DF;"70   ";"18   ";BRASILIA;Sim;Manobra de mudança de faixa;3;Queda de ocupante de veículo;Com Vítimas Feridas;Anoitecer;Crescente;Céu Claro;Dupla;"Reta;Aclive";Não  ;"1077141   ";Automóvel;FIAT/SIENA ESSENCE 1.6;"2015      ";Condutor;Ileso;"48   ";Masculino;"1 ";"0    ";"0    ";"0    ";-15.7910930;-48.2109600;SPRF-DF;DEL03-DF;UOP02-DEL03-DF 
602674;"1344614   ";2024-05-24;sexta-feira;16:59:00;DF;"70   ";"18   ";BRASILIA;Sim;Manobra de mudança de faixa;3;Queda de ocupante de veículo;Com Vítimas Feridas;Anoitecer;Crescente;Céu Claro;Dupla;"Reta;Aclive";Não  ;"1077142   ";Motocicleta;HONDA/CG 160 FAN;"2022      ";Condutor;Lesões Leves;"34   ";Masculino;"0 ";"1    ";"0    ";"0    ";-15.7910930;-48.2109600;SPRF-DF;DEL03-DF;UOP02-DEL03-DF 
602674;"1346930   ";2024-05-24;sexta-feira;16:59:00;DF;"70   ";"18   ";BRASILIA;Sim;Manobra de mudança de faixa;3;Queda de ocupante de veículo;Com Vítimas Feridas;Anoitecer;Crescente;Céu Claro;Dupla;"Reta;Aclive";Não  ;"1077142   ";Motocicleta;HONDA/CG 160 FAN;"2022      ";Passageiro;Lesões Leves;"44   ";Masculino;"0 ";"1    ";"0    ";"0    ";-15.7910930;-48.2109600;SPRF-DF;DEL03-DF;UOP02-DEL03-DF 
602674;"1344610   ";2024-05-24;sexta-feira;16:59:00;DF;"70   ";"18   ";BRASILIA;Não;Trafegar com motocicleta (ou similar) entre as faixas;2;Tombamento;Com Vítimas Feridas;Anoitecer;Crescente;Céu Claro;Dupla;"Reta;Aclive";Não  ;"1077141   ";Automóvel;FIAT/SIENA ESSENCE 1.6;"2015      ";Condutor;Ileso;"48   ";Masculino;"1 ";"0    ";"0    ";"0    ";-15.7910930;-48.2109600;SPRF-DF;DEL03-DF;UOP02-DEL03-DF 
602674;"1344614   ";2024-05-24;sexta-feira;16:59:00;DF;"70   ";"18   ";BRASILIA;Não;Trafegar com motocicleta (ou similar) entre as faixas;2;Tombamento;Com Vítimas Feridas;Anoitecer;Crescente;Céu Claro;Dupla;"Reta;Aclive";Não  ;"1077142   ";Motocicleta;HONDA/CG 160 FAN;"2022      ";Condutor;Lesões Leves;"34   ";Masculino;"0 ";"1    ";"0    ";"0    ";-15.7910930;-48.2109600;SPRF-DF;DEL03-DF;UOP02-DEL03-DF 
602674;"1346930   ";2024-05-24;sexta-feira;16:59:00;DF;"70   ";"18   ";BRASILIA;Não;Trafegar com motocicleta (ou similar) entre as faixas;2;Tombamento;Com Vítimas Feridas;Anoitecer;Crescente;Céu Claro;Dupla;"Reta;Aclive";Não  ;"1077142   ";Motocicleta;HONDA/CG 160 FAN;"2022      ";Passageiro;Lesões Leves;"44   ";Masculino;"0 ";"1    ";"0    ";"0    ";-15.7910930;-48.2109600;SPRF-DF;DEL03-DF;UOP02-DEL03-DF 
602674;"1344610   ";2024-05-24;sexta-feira;16:59:00;DF;"70   ";"18   ";BRASILIA;Sim;Manobra de mudança de faixa;2;Tombamento;Com Vítimas Feridas;Anoitecer;Crescente;Céu Claro;Dupla;"Reta;Aclive";Não  ;"1077141   ";Automóvel;FIAT/SIENA ESSENCE 1.6;"2015      ";Condutor;Ileso;"48   ";Masculino;"1 ";"0    ";"0    ";"0    ";-15.7910930;-48.2109600;SPRF-DF;DEL03-DF;UOP02-DEL03-DF 
602674;"1344614   ";2024-05-24;sexta-feira;16:59:00;DF;"70   ";"18   ";BRASILIA;Sim;Manobra de mudança de faixa;2;Tombamento;Com Vítimas Feridas;Anoitecer;Crescente;Céu Claro;Dupla;"Reta;Aclive";Não  ;"1077142   ";Motocicleta;HONDA/CG 160 FAN;"2022      ";Condutor;Lesões Leves;"34   ";Masculino;"0 ";"1    ";"0    ";"0    ";-15.7910930;-48.2109600;SPRF-DF;DEL03-DF;UOP02-DEL03-DF 
602674;"1346930   ";2024-05-24;sexta-feira;16:59:00;DF;"70   ";"18   ";BRASILIA;Sim;Manobra de mudança de faixa;2;Tombamento;Com Vítimas Feridas;Anoitecer;Crescente;Céu Claro;Dupla;"Reta;Aclive";Não  ;"1077142   ";Motocicleta;HONDA/CG 160 FAN;"2022      ";Passageiro;Lesões Leves;"44   ";Masculino;"0 ";"1    ";"0    ";"0    ";-15.7910930;-48.2109600;SPRF-DF;DEL03-DF;UOP02-DEL03-DF 
602674;"1344610   ";2024-05-24;sexta-feira;16:59:00;DF;"70   ";"18   ";BRASILIA;Não;Trafegar com motocicleta (ou similar) entre as faixas;1;Colisão transversal;Com Vítimas Feridas;Anoitecer;Crescente;Céu Claro;Dupla;"Reta;Aclive";Não  ;"1077141   ";Automóvel;FIAT/SIENA ESSENCE 1.6;"2015      ";Condutor;Ileso;"48   ";Masculino;"1 ";"0    ";"0    ";"0    ";-15.7910930;-48.2109600;SPRF-DF;DEL03-DF;UOP02-DEL03-DF 
602674;"1346930   ";2024-05-24;sexta-feira;16:59:00;DF;"70   ";"18   ";BRASILIA;Não;Trafegar com motocicleta (ou similar) entre as faixas;1;Colisão transversal;Com Vítimas Feridas;Anoitecer;Crescente;Céu Claro;Dupla;"Reta;Aclive";Não  ;"1077142   ";Motocicleta;HONDA/CG 160 FAN;"2022      ";Passageiro;Lesões Leves;"44   ";Masculino;"0 ";"1    ";"0    ";"0    ";-15.7910930;-48.2109600;SPRF-DF;DEL03-DF;UOP02-DEL03-DF 
602674;"1344610   ";2024-05-24;sexta-feira;16:59:00;DF;"70   ";"18   ";BRASILIA;Sim;Manobra de mudança de faixa;1;Colisão transversal;Com Vítimas Feridas;Anoitecer;Crescente;Céu Claro;Dupla;"Reta;Aclive";Não  ;"1077141   ";Automóvel;FIAT/SIENA ESSENCE 1.6;"2015      ";Condutor;Ileso;"48   ";Masculino;"1 ";"0    ";"0    ";"0    ";-15.7910930;-48.2109600;SPRF-DF;DEL03-DF;UOP02-DEL03-DF 
602674;"1344614   ";2024-05-24;sexta-feira;16:59:00;DF;"70   ";"18   ";BRASILIA;Sim;Manobra de mudança de faixa;1;Colisão transversal;Com Vítimas Feridas;Anoitecer;Crescente;Céu Claro;Dupla;"Reta;Aclive";Não  ;"1077142   ";Motocicleta;HONDA/CG 160 FAN;"2022      ";Condutor;Lesões Leves;"34   ";Masculino;"0 ";"1    ";"0    ";"0    ";-15.7910930;-48.2109600;SPRF-DF;DEL03-DF;UOP02-DEL03-DF 
602674;"1346930   ";2024-05-24;sexta-feira;16:59:00;DF;"70   ";"18   ";BRASILIA;Sim;Manobra de mudança de faixa;1;Colisão transversal;Com Vítimas Feridas;Anoitecer;Crescente;Céu Claro;Dupla;"Reta;Aclive";Não  ;"1077142   ";Motocicleta;HONDA/CG 160 FAN;"2022      ";Passageiro;Lesões Leves;"44   ";Masculino;"0 ";"1    ";"0    ";"0    ";-15.7910930;-48.2109600;SPRF-DF;DEL03-DF;UOP02-DEL03-DF 
602713;"1344938   ";2024-05-24;sexta-feira;18:55:00;DF;"80   ";"21   ";BRASILIA;Sim;Acessar a via sem observar a presença dos outros veículos;1;Colisão transversal;Com Vítimas Feridas;Plena Noite;Crescente;Nublado;Dupla;Retorno Regulamentado;Sim  ;"1077420   ";Caminhonete;MMC/L200 SPORT 4X4 HPE;"2004      ";Condutor;Lesões Leves;"81   ";Masculino;"0 ";"1    ";"0    ";"0    ";-15.6582990;-48.2028200;SPRF-DF;DEL03-DF;UOP02-DEL03-DF 
602724;"1344679   ";2024-05-24;sexta-feira;19:49:00;DF;"70   ";"10   ";BRASILIA;Sim;Ausência de reação do condutor;1;Atropelamento de Pedestre;Com Vítimas Feridas;Plena Noite;Decrescente;Nublado;Dupla;Reta;Sim  ;"1077198   ";Automóvel;Não Informado/Não Informado;"0         ";Condutor;Não Informado;"0    ";Não Informado;"0 ";"0    ";"0    ";"0    ";-15.7870660;-48.1407090;SPRF-DF;DEL03-DF;UOP02-DEL03-DF 
602724;"1344672   ";2024-05-24;sexta-feira;19:49:00;DF;"70   ";"10   ";BRASILIA;Sim;Ausência de reação do condutor;1;Atropelamento de Pedestre;Com Vítimas Feridas;Plena Noite;Decrescente;Nublado;Dupla;Reta;Sim  ;"0         ";"0";NA/NA;"0         ";Pedestre;Lesões Leves;"26   ";Masculino;"0 ";"1    ";"0    ";"0    ";-15.7870660;-48.1407090;SPRF-DF;DEL03-DF;UOP02-DEL03-DF 
602724;"1344679   ";2024-05-24;sexta-feira;19:49:00;DF;"70   ";"10   ";BRASILIA;Não;Acessar a via sem observar a presença dos outros veículos;1;Atropelamento de Pedestre;Com Vítimas Feridas;Plena Noite;Decrescente;Nublado;Dupla;Reta;Sim  ;"1077198   ";Automóvel;Não Informado/Não Informado;"0         ";Condutor;Não Informado;"0    ";Não Informado;"0 ";"0    ";"0    ";"0    ";-15.7870660;-48.1407090;SPRF-DF;DEL03-DF;UOP02-DEL03-DF 
602724;"1344672   ";2024-05-24;sexta-feira;19:49:00;DF;"70   ";"10   ";BRASILIA;Não;Acessar a via sem observar a presença dos outros veículos;1;Atropelamento de Pedestre;Com Vítimas Feridas;Plena Noite;Decrescente;Nublado;Dupla;Reta;Sim  ;"0         ";"0";NA/NA;"0         ";Pedestre;Lesões Leves;"26   ";Masculino;"0 ";"1    ";"0    ";"0    ";-15.7870660;-48.1407090;SPRF-DF;DEL03-DF;UOP02-DEL03-DF 
602745;"1344730   ";2024-05-24;sexta-feira;20:00:00;GO;"40   ";"4,8  ";VALPARAISO DE GOIAS;Não;Reação tardia ou ineficiente do condutor;1;Engavetamento;Com Vítimas Feridas;Plena Noite;Crescente;Céu Claro;Dupla;Reta;Sim  ;"1077240   ";Automóvel;VW/NOVO GOL 1.0 TRACK;"2014      ";Condutor;Lesões Leves;"23   ";Feminino;"0 ";"1    ";"0    ";"0    ";-16.0910347;-47.9835863;SPRF-DF;DEL01-DF;UOP01-DEL01-DF 
602745;"1344732   ";2024-05-24;sexta-feira;20:00:00;GO;"40   ";"4,8  ";VALPARAISO DE GOIAS;Não;Reação tardia ou ineficiente do condutor;1;Engavetamento;Com Vítimas Feridas;Plena Noite;Crescente;Céu Claro;Dupla;Reta;Sim  ;"1077242   ";Automóvel;FIAT/UNO;"0         ";Condutor;Não Informado;"0    ";Não Informado;"0 ";"0    ";"0    ";"0    ";-16.0910347;-47.9835863;SPRF-DF;DEL01-DF;UOP01-DEL01-DF 
602745;"1344731   ";2024-05-24;sexta-feira;20:00:00;GO;"40   ";"4,8  ";VALPARAISO DE GOIAS;Não;Reação tardia ou ineficiente do condutor;1;Engavetamento;Com Vítimas Feridas;Plena Noite;Crescente;Céu Claro;Dupla;Reta;Sim  ;"1077241   ";Automóvel;NISSAN/MARCH 10S;"0         ";Condutor;Não Informado;"0    ";Não Informado;"0 ";"0    ";"0    ";"0    ";-16.0910347;-47.9835863;SPRF-DF;DEL01-DF;UOP01-DEL01-DF 
602745;"1344736   ";2024-05-24;sexta-feira;20:00:00;GO;"40   ";"4,8  ";VALPARAISO DE GOIAS;Não;Reação tardia ou ineficiente do condutor;1;Engavetamento;Com Vítimas Feridas;Plena Noite;Crescente;Céu Claro;Dupla;Reta;Sim  ;"1077243   ";Automóvel;I/FIAT CRONOS 1.3;"2018      ";Condutor;Ileso;"45   ";Masculino;"1 ";"0    ";"0    ";"0    ";-16.0910347;-47.9835863;SPRF-DF;DEL01-DF;UOP01-DEL01-DF 
602745;"1344730   ";2024-05-24;sexta-feira;20:00:00;GO;"40   ";"4,8  ";VALPARAISO DE GOIAS;Sim;Ausência de reação do condutor;1;Engavetamento;Com Vítimas Feridas;Plena Noite;Crescente;Céu Claro;Dupla;Reta;Sim  ;"1077240   ";Automóvel;VW/NOVO GOL 1.0 TRACK;"2014      ";Condutor;Lesões Leves;"23   ";Feminino;"0 ";"1    ";"0    ";"0    ";-16.0910347;-47.9835863;SPRF-DF;DEL01-DF;UOP01-DEL01-DF 
602745;"1344732   ";2024-05-24;sexta-feira;20:00:00;GO;"40   ";"4,8  ";VALPARAISO DE GOIAS;Sim;Ausência de reação do condutor;1;Engavetamento;Com Vítimas Feridas;Plena Noite;Crescente;Céu Claro;Dupla;Reta;Sim  ;"1077242   ";Automóvel;FIAT/UNO;"0         ";Condutor;Não Informado;"0    ";Não Informado;"0 ";"0    ";"0    ";"0    ";-16.0910347;-47.9835863;SPRF-DF;DEL01-DF;UOP01-DEL01-DF 
602745;"1344731   ";2024-05-24;sexta-feira;20:00:00;GO;"40   ";"4,8  ";VALPARAISO DE GOIAS;Sim;Ausência de reação do condutor;1;Engavetamento;Com Vítimas Feridas;Plena Noite;Crescente;Céu Claro;Dupla;Reta;Sim  ;"1077241   ";Automóvel;NISSAN/MARCH 10S;"0         ";Condutor;Não Informado;"0    ";Não Informado;"0 ";"0    ";"0    ";"0    ";-16.0910347;-47.9835863;SPRF-DF;DEL01-DF;UOP01-DEL01-DF 
602745;"1344736   ";2024-05-24;sexta-feira;20:00:00;GO;"40   ";"4,8  ";VALPARAISO DE GOIAS;Sim;Ausência de reação do condutor;1;Engavetamento;Com Vítimas Feridas;Plena Noite;Crescente;Céu Claro;Dupla;Reta;Sim  ;"1077243   ";Automóvel;I/FIAT CRONOS 1.3;"2018      ";Condutor;Ileso;"45   ";Masculino;"1 ";"0    ";"0    ";"0    ";-16.0910347;-47.9835863;SPRF-DF;DEL01-DF;UOP01-DEL01-DF 
602761;"1346534   ";2024-05-24;sexta-feira;21:49:00;GO;"70   ";"6    ";AGUAS LINDAS DE GOIAS;Não;Ingestão de álcool pelo condutor;3;Queda de ocupante de veículo;Com Vítimas Feridas;Plena Noite;Decrescente;Céu Claro;Dupla;Reta;Sim  ;"1078712   ";Automóvel;VW/GOL 1.0;"2007      ";Condutor;Ileso;"47   ";Masculino;"1 ";"0    ";"0    ";"0    ";-15.7504938;-48.2612381;SPRF-DF;DEL03-DF;UOP02-DEL03-DF 
602761;"1346536   ";2024-05-24;sexta-feira;21:49:00;GO;"70   ";"6    ";AGUAS LINDAS DE GOIAS;Não;Ingestão de álcool pelo condutor;3;Queda de ocupante de veículo;Com Vítimas Feridas;Plena Noite;Decrescente;Céu Claro;Dupla;Reta;Sim  ;"1078713   ";Motocicleta;HONDA/CG 160 FAN;"2018      ";Condutor;Lesões Graves;"29   ";Masculino;"0 ";"0    ";"1    ";"0    ";-15.7504938;-48.2612381;SPRF-DF;DEL03-DF;UOP02-DEL03-DF 
602761;"1346534   ";2024-05-24;sexta-feira;21:49:00;GO;"70   ";"6    ";AGUAS LINDAS DE GOIAS;Sim;Manobra de mudança de faixa;3;Queda de ocupante de veículo;Com Vítimas Feridas;Plena Noite;Decrescente;Céu Claro;Dupla;Reta;Sim  ;"1078712   ";Automóvel;VW/GOL 1.0;"2007      ";Condutor;Ileso;"47   ";Masculino;"1 ";"0    ";"0    ";"0    ";-15.7504938;-48.2612381;SPRF-DF;DEL03-DF;UOP02-DEL03-DF 
602761;"1346536   ";2024-05-24;sexta-feira;21:49:00;GO;"70   ";"6    ";AGUAS LINDAS DE GOIAS;Sim;Manobra de mudança de faixa;3;Queda de ocupante de veículo;Com Vítimas Feridas;Plena Noite;Decrescente;Céu Claro;Dupla;Reta;Sim  ;"1078713   ";Motocicleta;HONDA/CG 160 FAN;"2018      ";Condutor;Lesões Graves;"29   ";Masculino;"0 ";"0    ";"1    ";"0    ";-15.7504938;-48.2612381;SPRF-DF;DEL03-DF;UOP02-DEL03-DF 
602761;"1346534   ";2024-05-24;sexta-feira;21:49:00;GO;"70   ";"6    ";AGUAS LINDAS DE GOIAS;Não;Ingestão de álcool pelo condutor;2;Tombamento;Com Vítimas Feridas;Plena Noite;Decrescente;Céu Claro;Dupla;Reta;Sim  ;"1078712   ";Automóvel;VW/GOL 1.0;"2007      ";Condutor;Ileso;"47   ";Masculino;"1 ";"0    ";"0    ";"0    ";-15.7504938;-48.2612381;SPRF-DF;DEL03-DF;UOP02-DEL03-DF 
602761;"1346536   ";2024-05-24;sexta-feira;21:49:00;GO;"70   ";"6    ";AGUAS LINDAS DE GOIAS;Não;Ingestão de álcool pelo condutor;2;Tombamento;Com Vítimas Feridas;Plena Noite;Decrescente;Céu Claro;Dupla;Reta;Sim  ;"1078713   ";Motocicleta;HONDA/CG 160 FAN;"2018      ";Condutor;Lesões Graves;"29   ";Masculino;"0 ";"0    ";"1    ";"0    ";-15.7504938;-48.2612381;SPRF-DF;DEL03-DF;UOP02-DEL03-DF 