id;pesid;data_inversa;dia_semana;horario;uf;br;km;municipio;causa_principal;causa_acidente;ordem_tipo_acidente;tipo_acidente;classificacao_acidente;fase_dia;sentido_via;condicao_metereologica;tipo_pista;tracado_via;uso_solo;id_veiculo;tipo_veiculo;marca;ano_fabricacao_veiculo;tipo_envolvido;estado_fisico;idade;sexo;ilesos;feridos_leves;feridos_graves;mortos;latitude;longitude;regional;delegacia;uop
602761;"1346534   ";2024-05-24;sexta-feira;21:49:00;GO;"70   ";"6    ";AGUAS LINDAS DE GOIAS;Sim;Manobra de mudança de faixa;2;Tombamento;Com Vítimas Feridas;Plena Noite;Decrescente;Céu Claro;Dupla;Reta;Sim  ;"1078712   ";Automóvel;VW/GOL 1.0;"2007      ";Condutor;Ileso;"47   ";Masculino;"1 ";"0    ";"0    ";"0    ";-15.7504938;-48.2612381;SPRF-DF;DEL03-DF;UOP02-DEL03-DF 
602761;"1346536   ";2024-05-24;sexta-feira;21:49:00;GO;"70   ";"6    ";AGUAS LINDAS DE GOIAS;Sim;Manobra de mudança de faixa;2;Tombamento;Com Vítimas Feridas;Plena Noite;Decrescente;Céu Claro;Dupla;Reta;Sim  ;"1078713   ";Motocicleta;HONDA/CG 160 FAN;"2018      ";Condutor;Lesões Graves;"29   ";Masculino;"0 ";"0    ";"1    ";"0    ";-15.7504938;-48.2612381;SPRF-DF;DEL03-DF;UOP02-DEL03-DF 
602761;"1346534   ";2024-05-24;sexta-feira;21:49:00;GO;"70   ";"6    ";AGUAS LINDAS DE GOIAS;Não;Ingestão de álcool pelo condutor;1;Colisão transversal;Com Vítimas Feridas;Plena Noite;Decrescente;Céu Claro;Dupla;Reta;Sim  ;"1078712   ";Automóvel;VW/GOL 1.0;"2007      ";Condutor;Ileso;"47   ";Masculino;"1 ";"0    ";"0    ";"0    ";-15.7504938;-48.2612381;SPRF-DF;DEL03-DF;UOP02-DEL03-DF 
602761;"1346536   ";2024-05-24;sexta-feira;21:49:00;GO;"70   ";"6    ";AGUAS LINDAS DE GOIAS;Não;Ingestão de álcool pelo condutor;1;Colisão transversal;Com Vítimas Feridas;Plena Noite;Decrescente;Céu Claro;Dupla;Reta;Sim  ;"1078713   ";Motocicleta;HONDA/CG 160 FAN;"2018      ";Condutor;Lesões Graves;"29   ";Masculino;"0 ";"0    ";"1    ";"0    ";-15.7504938;-48.2612381;SPRF-DF;DEL03-DF;UOP02-DEL03-DF 
602761;"1346534   ";2024-05-24;sexta-feira;21:49:00;GO;"70   ";"6    ";AGUAS LINDAS DE GOIAS;Sim;Manobra de mudança de faixa;1;Colisão transversal;Com Vítimas Feridas;Plena Noite;Decrescente;Céu Claro;Dupla;Reta;Sim  ;"1078712   ";Automóvel;VW/GOL 1.0;"2007      ";Condutor;Ileso;"47   ";Masculino;"1 ";"0    ";"0    ";"0    ";-15.7504938;-48.2612381;SPRF-DF;DEL03-DF;UOP02-DEL03-DF 
602761;"1346536   ";2024-05-24;sexta-feira;21:49:00;GO;"70   ";"6    ";AGUAS LINDAS DE GOIAS;Sim;Manobra de mudança de faixa;1;Colisão transversal;Com Vítimas Feridas;Plena Noite;Decrescente;Céu Claro;Dupla;Reta;Sim  ;"1078713   ";Motocicleta;HONDA/CG 160 FAN;"2018      ";Condutor;Lesões Graves;"29   ";Masculino;"0 ";"0    ";"1    ";"0    ";-15.7504938;-48.2612381;SPRF-DF;DEL03-DF;UOP02-DEL03-DF 
602789;"1344832   ";2024-05-25;sábado;02:13:00;GO;"20   ";"0    ";FORMOSA;Sim;Velocidade Incompatível;1;Tombamento;Sem Vítimas;Plena Noite;Crescente;Céu Claro;Dupla;Reta;Não  ;"1077334   ";Camioneta;I/HYUNDAI TUCSON GL 20L;"2009      ";Condutor;Ileso;"33   ";Masculino;"1 ";"0    ";"0    ";"0    ";-15.5817440;-47.3432410;SPRF-DF;DEL02-DF;UOP02-DEL02-DF 
602802;"1345006   ";2024-05-25;sábado;03:53:00;GO;"20   ";"62   ";FORMOSA;Sim;Falta de elemento de contenção que evite a saída do leito carroçável;2;Tombamento;Com Vítimas Feridas;Plena Noite;Crescente;Vento;Simples;"Curva;Declive";Não  ;"1077470   ";Caminhão-trator;M.BENZ/LS 1938;"2002      ";Condutor;Lesões Graves;"44   ";Masculino;"0 ";"0    ";"1    ";"0    ";-15.2298900;-47.1724170;SPRF-DF;DEL02-DF;UOP02-DEL02-DF 
602802;"0         ";2024-05-25;sábado;03:53:00;GO;"20   ";"62   ";FORMOSA;Sim;Falta de elemento de contenção que evite a saída do leito carroçável;2;Tombamento;Com Vítimas Feridas;Plena Noite;Crescente;Vento;Simples;"Curva;Declive";Não  ;"1077471   ";Semireboque;SR/RANDON SR CA;"2005      ";"0";"0";"0    ";"0";"0 ";"0    ";"0    ";"0    ";-15.2298900;-47.1724170;SPRF-DF;DEL02-DF;UOP02-DEL02-DF 
602802;"1345006   ";2024-05-25;sábado;03:53:00;GO;"20   ";"62   ";FORMOSA;Não;Reação tardia ou ineficiente do condutor;2;Tombamento;Com Vítimas Feridas;Plena Noite;Crescente;Vento;Simples;"Curva;Declive";Não  ;"1077470   ";Caminhão-trator;M.BENZ/LS 1938;"2002      ";Condutor;Lesões Graves;"44   ";Masculino;"0 ";"0    ";"1    ";"0    ";-15.2298900;-47.1724170;SPRF-DF;DEL02-DF;UOP02-DEL02-DF 
602802;"0         ";2024-05-25;sábado;03:53:00;GO;"20   ";"62   ";FORMOSA;Não;Reação tardia ou ineficiente do condutor;2;Tombamento;Com Vítimas Feridas;Plena Noite;Crescente;Vento;Simples;"Curva;Declive";Não  ;"1077471   ";Semireboque;SR/RANDON SR CA;"2005      ";"0";"0";"0    ";"0";"0 ";"0    ";"0    ";"0    ";-15.2298900;-47.1724170;SPRF-DF;DEL02-DF;UOP02-DEL02-DF 
602802;"1345006   ";2024-05-25;sábado;03:53:00;GO;"20   ";"62   ";FORMOSA;Não;Demais falhas mecânicas ou elétricas;2;Tombamento;Com Vítimas Feridas;Plena Noite;Crescente;Vento;Simples;"Curva;Declive";Não  ;"1077470   ";Caminhão-trator;M.BENZ/LS 1938;"2002      ";Condutor;Lesões Graves;"44   ";Masculino;"0 ";"0    ";"1    ";"0    ";-15.2298900;-47.1724170;SPRF-DF;DEL02-DF;UOP02-DEL02-DF 
602802;"0         ";2024-05-25;sábado;03:53:00;GO;"20   ";"62   ";FORMOSA;Não;Demais falhas mecânicas ou elétricas;2;Tombamento;Com Vítimas Feridas;Plena Noite;Crescente;Vento;Simples;"Curva;Declive";Não  ;"1077471   ";Semireboque;SR/RANDON SR CA;"2005      ";"0";"0";"0    ";"0";"0 ";"0    ";"0    ";"0    ";-15.2298900;-47.1724170;SPRF-DF;DEL02-DF;UOP02-DEL02-DF 
602802;"1345006   ";2024-05-25;sábado;03:53:00;GO;"20   ";"62   ";FORMOSA;Sim;Falta de elemento de contenção que evite a saída do leito carroçável;1;Saída de leito carroçável;Com Vítimas Feridas;Plena Noite;Crescente;Vento;Simples;"Curva;Declive";Não  ;"1077470   ";Caminhão-trator;M.BENZ/LS 1938;"2002      ";Condutor;Lesões Graves;"44   ";Masculino;"0 ";"0    ";"1    ";"0    ";-15.2298900;-47.1724170;SPRF-DF;DEL02-DF;UOP02-DEL02-DF 
602802;"0         ";2024-05-25;sábado;03:53:00;GO;"20   ";"62   ";FORMOSA;Sim;Falta de elemento de contenção que evite a saída do leito carroçável;1;Saída de leito carroçável;Com Vítimas Feridas;Plena Noite;Crescente;Vento;Simples;"Curva;Declive";Não  ;"1077471   ";Semireboque;SR/RANDON SR CA;"2005      ";"0";"0";"0    ";"0";"0 ";"0    ";"0    ";"0    ";-15.2298900;-47.1724170;SPRF-DF;DEL02-DF;UOP02-DEL02-DF 
602802;"1345006   ";2024-05-25;sábado;03:53:00;GO;"20   ";"62   ";FORMOSA;Não;Reação tardia ou ineficiente do condutor;1;Saída de leito carroçável;Com Vítimas Feridas;Plena Noite;Crescente;Vento;Simples;"Curva;Declive";Não  ;"1077470   ";Caminhão-trator;M.BENZ/LS 1938;"2002      ";Condutor;Lesões Graves;"44   ";Masculino;"0 ";"0    ";"1    ";"0    ";-15.2298900;-47.1724170;SPRF-DF;DEL02-DF;UOP02-DEL02-DF 
602802;"0         ";2024-05-25;sábado;03:53:00;GO;"20   ";"62   ";FORMOSA;Não;Reação tardia ou ineficiente do condutor;1;Saída de leito carroçável;Com Vítimas Feridas;Plena Noite;Crescente;Vento;Simples;"Curva;Declive";Não  ;"1077471   ";Semireboque;SR/RANDON SR CA;"2005      ";"0";"0";"0    ";"0";"0 ";"0    ";"0    ";"0    ";-15.2298900;-47.1724170;SPRF-DF;DEL02-DF;UOP02-DEL02-DF 
602802;"1345006   ";2024-05-25;sábado;03:53:00;GO;"20   ";"62   ";FORMOSA;Não;Demais falhas mecânicas ou elétricas;1;Saída de leito carroçável;Com Vítimas Feridas;Plena Noite;Crescente;Vento;Simples;"Curva;Declive";Não  ;"1077470   ";Caminhão-trator;M.BENZ/LS 1938;"2002      ";Condutor;Lesões Graves;"44   ";Masculino;"0 ";"0    ";"1    ";"0    ";-15.2298900;-47.1724170;SPRF-DF;DEL02-DF;UOP02-DEL02-DF 
602802;"0         ";2024-05-25;sábado;03:53:00;GO;"20   ";"62   ";FORMOSA;Não;Demais falhas mecânicas ou elétricas;1;Saída de leito carroçável;Com Vítimas Feridas;Plena Noite;Crescente;Vento;Simples;"Curva;Declive";Não  ;"1077471   ";Semireboque;SR/RANDON SR CA;"2005      ";"0";"0";"0    ";"0";"0 ";"0    ";"0    ";"0    ";-15.2298900;-47.1724170;SPRF-DF;DEL02-DF;UOP02-DEL02-DF 
602811;"1344867   ";2024-05-25;sábado;03:00:00;GO;"414  ";"362,1";COCALZINHO DE GOIAS;Sim;Condutor Dormindo;1;Saída de leito carroçável;Sem Vítimas;Plena Noite;Decrescente;Céu Claro;Simples;"Curva;Declive";Não  ;"1077359   ";Automóvel;GM/CORSA GL W;"1997      ";Condutor;Ileso;"39   ";Masculino;"1 ";"0    ";"0    ";"0    ";-15.6982123;-48.6990774;SPRF-GO;DEL02-GO;UOP01-DEL02-GO 
602811;"1344873   ";2024-05-25;sábado;03:00:00;GO;"414  ";"362,1";COCALZINHO DE GOIAS;Sim;Condutor Dormindo;1;Saída de leito carroçável;Sem Vítimas;Plena Noite;Decrescente;Céu Claro;Simples;"Curva;Declive";Não  ;"1077359   ";Automóvel;GM/CORSA GL W;"1997      ";Passageiro;Ileso;"3    ";Feminino;"1 ";"0    ";"0    ";"0    ";-15.6982123;-48.6990774;SPRF-GO;DEL02-GO;UOP01-DEL02-GO 
602811;"1344871   ";2024-05-25;sábado;03:00:00;GO;"414  ";"362,1";COCALZINHO DE GOIAS;Sim;Condutor Dormindo;1;Saída de leito carroçável;Sem Vítimas;Plena Noite;Decrescente;Céu Claro;Simples;"Curva;Declive";Não  ;"1077359   ";Automóvel;GM/CORSA GL W;"1997      ";Passageiro;Ileso;"36   ";Feminino;"1 ";"0    ";"0    ";"0    ";-15.6982123;-48.6990774;SPRF-GO;DEL02-GO;UOP01-DEL02-GO 
602843;"1345463   ";2024-05-25;sábado;08:05:00;GO;"40   ";"9    ";LUZIANIA;Sim;Acessar a via sem observar a presença dos outros veículos;2;Queda de ocupante de veículo;Com Vítimas Feridas;Pleno dia;Crescente;Céu Claro;Dupla;Reta;Sim  ;"1077836   ";Automóvel;HONDA/CIVIC LXS;"2012      ";Condutor;Ileso;"64   ";Masculino;"1 ";"0    ";"0    ";"0    ";-16.1311580;-47.9577390;SPRF-DF;DEL01-DF;UOP01-DEL01-DF 
602843;"1345464   ";2024-05-25;sábado;08:05:00;GO;"40   ";"9    ";LUZIANIA;Sim;Acessar a via sem observar a presença dos outros veículos;2;Queda de ocupante de veículo;Com Vítimas Feridas;Pleno dia;Crescente;Céu Claro;Dupla;Reta;Sim  ;"1077837   ";Motocicleta;HONDA/CB 300R;"2009      ";Condutor;Lesões Leves;"34   ";Masculino;"0 ";"1    ";"0    ";"0    ";-16.1311580;-47.9577390;SPRF-DF;DEL01-DF;UOP01-DEL01-DF 
602843;"1346700   ";2024-05-25;sábado;08:05:00;GO;"40   ";"9    ";LUZIANIA;Sim;Acessar a via sem observar a presença dos outros veículos;2;Queda de ocupante de veículo;Com Vítimas Feridas;Pleno dia;Crescente;Céu Claro;Dupla;Reta;Sim  ;"0         ";"0";NA/NA;"0         ";Testemunha;Não Informado;"0    ";Não Informado;"0 ";"0    ";"0    ";"0    ";-16.1311580;-47.9577390;SPRF-DF;DEL01-DF;UOP01-DEL01-DF 
602843;"1345463   ";2024-05-25;sábado;08:05:00;GO;"40   ";"9    ";LUZIANIA;Sim;Acessar a via sem observar a presença dos outros veículos;1;Colisão lateral mesmo sentido;Com Vítimas Feridas;Pleno dia;Crescente;Céu Claro;Dupla;Reta;Sim  ;"1077836   ";Automóvel;HONDA/CIVIC LXS;"2012      ";Condutor;Ileso;"64   ";Masculino;"1 ";"0    ";"0    ";"0    ";-16.1311580;-47.9577390;SPRF-DF;DEL01-DF;UOP01-DEL01-DF 
602843;"1345464   ";2024-05-25;sábado;08:05:00;GO;"40   ";"9    ";LUZIANIA;Sim;Acessar a via sem observar a presença dos outros veículos;1;Colisão lateral mesmo sentido;Com Vítimas Feridas;Pleno dia;Crescente;Céu Claro;Dupla;Reta;Sim  ;"1077837   ";Motocicleta;HONDA/CB 300R;"2009      ";Condutor;Lesões Leves;"34   ";Masculino;"0 ";"1    ";"0    ";"0    ";-16.1311580;-47.9577390;SPRF-DF;DEL01-DF;UOP01-DEL01-DF 
602843;"1346700   ";2024-05-25;sábado;08:05:00;GO;"40   ";"9    ";LUZIANIA;Sim;Acessar a via sem observar a presença dos outros veículos;1;Colisão lateral mesmo sentido;Com Vítimas Feridas;Pleno dia;Crescente;Céu Claro;Dupla;Reta;Sim  ;"0         ";"0";NA/NA;"0         ";Testemunha;Não Informado;"0    ";Não Informado;"0 ";"0    ";"0    ";"0    ";-16.1311580;-47.9577390;SPRF-DF;DEL01-DF;UOP01-DEL01-DF 
602867;"1344991   ";2024-05-25;sábado;06:07:00;GO;"80   ";"132  ";BARRO ALTO;Não;Ausência de reação do condutor;1;Saída de leito carroçável;Com Vítimas Feridas;Amanhecer;Decrescente;Céu Claro;Dupla;"Interseção de Vias;Retorno Regulamentado;Curva";Sim  ;"1077460   ";Caminhão;VW/30.330 CRC 8X2;"2022      ";Condutor;Lesões Leves;"41   ";Masculino;"0 ";"1    ";"0    ";"0    ";-14.9819990;-48.9281201;SPRF-GO;DEL07-GO;UOP02-DEL07-GO 
602867;"1344991   ";2024-05-25;sábado;06:07:00;GO;"80   ";"132  ";BARRO ALTO;Não;Condutor Dormindo;1;Saída de leito carroçável;Com Vítimas Feridas;Amanhecer;Decrescente;Céu Claro;Dupla;"Interseção de Vias;Retorno Regulamentado;Curva";Sim  ;"1077460   ";Caminhão;VW/30.330 CRC 8X2;"2022      ";Condutor;Lesões Leves;"41   ";Masculino;"0 ";"1    ";"0    ";"0    ";-14.9819990;-48.9281201;SPRF-GO;DEL07-GO;UOP02-DEL07-GO 
602867;"1344991   ";2024-05-25;sábado;06:07:00;GO;"80   ";"132  ";BARRO ALTO;Sim;Reação tardia ou ineficiente do condutor;1;Saída de leito carroçável;Com Vítimas Feridas;Amanhecer;Decrescente;Céu Claro;Dupla;"Interseção de Vias;Retorno Regulamentado;Curva";Sim  ;"1077460   ";Caminhão;VW/30.330 CRC 8X2;"2022      ";Condutor;Lesões Leves;"41   ";Masculino;"0 ";"1    ";"0    ";"0    ";-14.9819990;-48.9281201;SPRF-GO;DEL07-GO;UOP02-DEL07-GO 
602915;"1345132   ";2024-05-25;sábado;15:30:00;GO;"20   ";"5    ";FORMOSA;Não;Velocidade Incompatível;1;Colisão transversal;Com Vítimas Feridas;Pleno dia;Crescente;Céu Claro;Simples;Reta;Não  ;"1077574   ";Automóvel;FIAT/UNO WAY 1.0;"2011      ";Passageiro;Ileso;"20   ";Masculino;"1 ";"0    ";"0    ";"0    ";-15.5552750;-47.3069080;SPRF-DF;DEL02-DF;UOP02-DEL02-DF 
602915;"1345131   ";2024-05-25;sábado;15:30:00;GO;"20   ";"5    ";FORMOSA;Não;Velocidade Incompatível;1;Colisão transversal;Com Vítimas Feridas;Pleno dia;Crescente;Céu Claro;Simples;Reta;Não  ;"1077574   ";Automóvel;FIAT/UNO WAY 1.0;"2011      ";Passageiro;Ileso;"21   ";Masculino;"1 ";"0    ";"0    ";"0    ";-15.5552750;-47.3069080;SPRF-DF;DEL02-DF;UOP02-DEL02-DF 
602915;"1345130   ";2024-05-25;sábado;15:30:00;GO;"20   ";"5    ";FORMOSA;Não;Velocidade Incompatível;1;Colisão transversal;Com Vítimas Feridas;Pleno dia;Crescente;Céu Claro;Simples;Reta;Não  ;"1077574   ";Automóvel;FIAT/UNO WAY 1.0;"2011      ";Condutor;Ileso;"29   ";Masculino;"1 ";"0    ";"0    ";"0    ";-15.5552750;-47.3069080;SPRF-DF;DEL02-DF;UOP02-DEL02-DF 
602915;"1345133   ";2024-05-25;sábado;15:30:00;GO;"20   ";"5    ";FORMOSA;Não;Velocidade Incompatível;1;Colisão transversal;Com Vítimas Feridas;Pleno dia;Crescente;Céu Claro;Simples;Reta;Não  ;"1077575   ";Automóvel;FIAT/PALIO ELX FLEX;"2008      ";Condutor;Lesões Leves;"69   ";Masculino;"0 ";"1    ";"0    ";"0    ";-15.5552750;-47.3069080;SPRF-DF;DEL02-DF;UOP02-DEL02-DF 
602915;"1345132   ";2024-05-25;sábado;15:30:00;GO;"20   ";"5    ";FORMOSA;Sim;Acessar a via sem observar a presença dos outros veículos;1;Colisão transversal;Com Vítimas Feridas;Pleno dia;Crescente;Céu Claro;Simples;Reta;Não  ;"1077574   ";Automóvel;FIAT/UNO WAY 1.0;"2011      ";Passageiro;Ileso;"20   ";Masculino;"1 ";"0    ";"0    ";"0    ";-15.5552750;-47.3069080;SPRF-DF;DEL02-DF;UOP02-DEL02-DF 
603822;"1347240   ";2024-05-29;quarta-feira;17:55:00;DF;"80   ";"25   ";BRASILIA;Sim;Mal súbito do condutor;1;Colisão transversal;Com Vítimas Feridas;Anoitecer;Crescente;Céu Claro;Simples;Reta;Sim  ;"1079307   ";Automóvel;FIAT/UNO MILLE WAY ECON;"2013      ";Condutor;Ileso;"54   ";Masculino;"1 ";"0    ";"0    ";"0    ";-15.6212100;-48.1989630;SPRF-DF;DEL03-DF;UOP02-DEL03-DF 
602915;"1345131   ";2024-05-25;sábado;15:30:00;GO;"20   ";"5    ";FORMOSA;Sim;Acessar a via sem observar a presença dos outros veículos;1;Colisão transversal;Com Vítimas Feridas;Pleno dia;Crescente;Céu Claro;Simples;Reta;Não  ;"1077574   ";Automóvel;FIAT/UNO WAY 1.0;"2011      ";Passageiro;Ileso;"21   ";Masculino;"1 ";"0    ";"0    ";"0    ";-15.5552750;-47.3069080;SPRF-DF;DEL02-DF;UOP02-DEL02-DF 
602915;"1345130   ";2024-05-25;sábado;15:30:00;GO;"20   ";"5    ";FORMOSA;Sim;Acessar a via sem observar a presença dos outros veículos;1;Colisão transversal;Com Vítimas Feridas;Pleno dia;Crescente;Céu Claro;Simples;Reta;Não  ;"1077574   ";Automóvel;FIAT/UNO WAY 1.0;"2011      ";Condutor;Ileso;"29   ";Masculino;"1 ";"0    ";"0    ";"0    ";-15.5552750;-47.3069080;SPRF-DF;DEL02-DF;UOP02-DEL02-DF 
602915;"1345133   ";2024-05-25;sábado;15:30:00;GO;"20   ";"5    ";FORMOSA;Sim;Acessar a via sem observar a presença dos outros veículos;1;Colisão transversal;Com Vítimas Feridas;Pleno dia;Crescente;Céu Claro;Simples;Reta;Não  ;"1077575   ";Automóvel;FIAT/PALIO ELX FLEX;"2008      ";Condutor;Lesões Leves;"69   ";Masculino;"0 ";"1    ";"0    ";"0    ";-15.5552750;-47.3069080;SPRF-DF;DEL02-DF;UOP02-DEL02-DF 
602939;"1345184   ";2024-05-25;sábado;18:00:00;GO;"60   ";"27   ";ALEXANIA;Sim;Reação tardia ou ineficiente do condutor;1;Saída de leito carroçável;Com Vítimas Feridas;Plena Noite;Crescente;Ignorado;Dupla;Reta;Não  ;"1077614   ";Caminhão;VW/9.160 DRC 4X2;"2013      ";Condutor;Ileso;"42   ";Masculino;"1 ";"0    ";"0    ";"0    ";-16.0963000;-48.5202000;SPRF-DF;DEL03-DF;UOP01-DEL03-DF 
602939;"1345188   ";2024-05-25;sábado;18:00:00;GO;"60   ";"27   ";ALEXANIA;Sim;Reação tardia ou ineficiente do condutor;1;Saída de leito carroçável;Com Vítimas Feridas;Plena Noite;Crescente;Ignorado;Dupla;Reta;Não  ;"1077614   ";Caminhão;VW/9.160 DRC 4X2;"2013      ";Passageiro;Lesões Leves;"27   ";Masculino;"0 ";"1    ";"0    ";"0    ";-16.0963000;-48.5202000;SPRF-DF;DEL03-DF;UOP01-DEL03-DF 
602958;"1345412   ";2024-05-25;sábado;20:30:00;GO;"70   ";"1    ";AGUAS LINDAS DE GOIAS;Não;Reação tardia ou ineficiente do condutor;2;Saída de leito carroçável;Sem Vítimas;Plena Noite;Crescente;Céu Claro;Dupla;"Aclive;Curva";Não  ;"1077790   ";Caminhonete;I/FORD RANGER XL 13F;"2003      ";Condutor;Não Informado;"0    ";Não Informado;"0 ";"0    ";"0    ";"0    ";-15.7670210;-48.2299450;SPRF-DF;DEL03-DF;UOP02-DEL03-DF 
602958;"1345416   ";2024-05-25;sábado;20:30:00;GO;"70   ";"1    ";AGUAS LINDAS DE GOIAS;Não;Reação tardia ou ineficiente do condutor;2;Saída de leito carroçável;Sem Vítimas;Plena Noite;Crescente;Céu Claro;Dupla;"Aclive;Curva";Não  ;"1077790   ";Caminhonete;I/FORD RANGER XL 13F;"2003      ";Passageiro;Ileso;"19   ";Masculino;"1 ";"0    ";"0    ";"0    ";-15.7670210;-48.2299450;SPRF-DF;DEL03-DF;UOP02-DEL03-DF 
602958;"1345414   ";2024-05-25;sábado;20:30:00;GO;"70   ";"1    ";AGUAS LINDAS DE GOIAS;Não;Reação tardia ou ineficiente do condutor;2;Saída de leito carroçável;Sem Vítimas;Plena Noite;Crescente;Céu Claro;Dupla;"Aclive;Curva";Não  ;"1077790   ";Caminhonete;I/FORD RANGER XL 13F;"2003      ";Passageiro;Ileso;"36   ";Masculino;"1 ";"0    ";"0    ";"0    ";-15.7670210;-48.2299450;SPRF-DF;DEL03-DF;UOP02-DEL03-DF 
602958;"1345417   ";2024-05-25;sábado;20:30:00;GO;"70   ";"1    ";AGUAS LINDAS DE GOIAS;Não;Reação tardia ou ineficiente do condutor;2;Saída de leito carroçável;Sem Vítimas;Plena Noite;Crescente;Céu Claro;Dupla;"Aclive;Curva";Não  ;"1077791   ";Automóvel;HYUNDAI/HB20S 10M VISION;"2020      ";Condutor;Ileso;"45   ";Feminino;"1 ";"0    ";"0    ";"0    ";-15.7670210;-48.2299450;SPRF-DF;DEL03-DF;UOP02-DEL03-DF 
602958;"1345412   ";2024-05-25;sábado;20:30:00;GO;"70   ";"1    ";AGUAS LINDAS DE GOIAS;Sim;Ingestão de álcool pelo condutor;2;Saída de leito carroçável;Sem Vítimas;Plena Noite;Crescente;Céu Claro;Dupla;"Aclive;Curva";Não  ;"1077790   ";Caminhonete;I/FORD RANGER XL 13F;"2003      ";Condutor;Não Informado;"0    ";Não Informado;"0 ";"0    ";"0    ";"0    ";-15.7670210;-48.2299450;SPRF-DF;DEL03-DF;UOP02-DEL03-DF 
602958;"1345416   ";2024-05-25;sábado;20:30:00;GO;"70   ";"1    ";AGUAS LINDAS DE GOIAS;Sim;Ingestão de álcool pelo condutor;2;Saída de leito carroçável;Sem Vítimas;Plena Noite;Crescente;Céu Claro;Dupla;"Aclive;Curva";Não  ;"1077790   ";Caminhonete;I/FORD RANGER XL 13F;"2003      ";Passageiro;Ileso;"19   ";Masculino;"1 ";"0    ";"0    ";"0    ";-15.7670210;-48.2299450;SPRF-DF;DEL03-DF;UOP02-DEL03-DF 
602958;"1345414   ";2024-05-25;sábado;20:30:00;GO;"70   ";"1    ";AGUAS LINDAS DE GOIAS;Sim;Ingestão de álcool pelo condutor;2;Saída de leito carroçável;Sem Vítimas;Plena Noite;Crescente;Céu Claro;Dupla;"Aclive;Curva";Não  ;"1077790   ";Caminhonete;I/FORD RANGER XL 13F;"2003      ";Passageiro;Ileso;"36   ";Masculino;"1 ";"0    ";"0    ";"0    ";-15.7670210;-48.2299450;SPRF-DF;DEL03-DF;UOP02-DEL03-DF 
602958;"1345417   ";2024-05-25;sábado;20:30:00;GO;"70   ";"1    ";AGUAS LINDAS DE GOIAS;Sim;Ingestão de álcool pelo condutor;2;Saída de leito carroçável;Sem Vítimas;Plena Noite;Crescente;Céu Claro;Dupla;"Aclive;Curva";Não  ;"1077791   ";Automóvel;HYUNDAI/HB20S 10M VISION;"2020      ";Condutor;Ileso;"45   ";Feminino;"1 ";"0    ";"0    ";"0    ";-15.7670210;-48.2299450;SPRF-DF;DEL03-DF;UOP02-DEL03-DF 
602958;"1345412   ";2024-05-25;sábado;20:30:00;GO;"70   ";"1    ";AGUAS LINDAS DE GOIAS;Não;Reação tardia ou ineficiente do condutor;1;Colisão lateral mesmo sentido;Sem Vítimas;Plena Noite;Crescente;Céu Claro;Dupla;"Aclive;Curva";Não  ;"1077790   ";Caminhonete;I/FORD RANGER XL 13F;"2003      ";Condutor;Não Informado;"0    ";Não Informado;"0 ";"0    ";"0    ";"0    ";-15.7670210;-48.2299450;SPRF-DF;DEL03-DF;UOP02-DEL03-DF 
602958;"1345416   ";2024-05-25;sábado;20:30:00;GO;"70   ";"1    ";AGUAS LINDAS DE GOIAS;Não;Reação tardia ou ineficiente do condutor;1;Colisão lateral mesmo sentido;Sem Vítimas;Plena Noite;Crescente;Céu Claro;Dupla;"Aclive;Curva";Não  ;"1077790   ";Caminhonete;I/FORD RANGER XL 13F;"2003      ";Passageiro;Ileso;"19   ";Masculino;"1 ";"0    ";"0    ";"0    ";-15.7670210;-48.2299450;SPRF-DF;DEL03-DF;UOP02-DEL03-DF 
602958;"1345414   ";2024-05-25;sábado;20:30:00;GO;"70   ";"1    ";AGUAS LINDAS DE GOIAS;Não;Reação tardia ou ineficiente do condutor;1;Colisão lateral mesmo sentido;Sem Vítimas;Plena Noite;Crescente;Céu Claro;Dupla;"Aclive;Curva";Não  ;"1077790   ";Caminhonete;I/FORD RANGER XL 13F;"2003      ";Passageiro;Ileso;"36   ";Masculino;"1 ";"0    ";"0    ";"0    ";-15.7670210;-48.2299450;SPRF-DF;DEL03-DF;UOP02-DEL03-DF 
602958;"1345417   ";2024-05-25;sábado;20:30:00;GO;"70   ";"1    ";AGUAS LINDAS DE GOIAS;Não;Reação tardia ou ineficiente do condutor;1;Colisão lateral mesmo sentido;Sem Vítimas;Plena Noite;Crescente;Céu Claro;Dupla;"Aclive;Curva";Não  ;"1077791   ";Automóvel;HYUNDAI/HB20S 10M VISION;"2020      ";Condutor;Ileso;"45   ";Feminino;"1 ";"0    ";"0    ";"0    ";-15.7670210;-48.2299450;SPRF-DF;DEL03-DF;UOP02-DEL03-DF 