id;pesid;data_inversa;dia_semana;horario;uf;br;km;municipio;causa_principal;causa_acidente;ordem_tipo_acidente;tipo_acidente;classificacao_acidente;fase_dia;sentido_via;condicao_metereologica;tipo_pista;tracado_via;uso_solo;id_veiculo;tipo_veiculo;marca;ano_fabricacao_veiculo;tipo_envolvido;estado_fisico;idade;sexo;ilesos;feridos_leves;feridos_graves;mortos;latitude;longitude;regional;delegacia;uop
603130;"1345935   ";2024-05-26;domingo;15:35:00;DF;"60   ";"7,3  ";BRASILIA;Não;Ausência de reação do condutor;3;Queda de ocupante de veículo;Com Vítimas Feridas;Pleno dia;Decrescente;Céu Claro;Dupla;"Reta;Retorno Regulamentado;Aclive";Não  ;"1078201   ";Automóvel;FIAT/MOBI LIKE;"2023      ";Passageiro;Ileso;"54   ";Masculino;"1 ";"0    ";"0    ";"0    ";-15.9024270;-48.1263400;SPRF-DF;DEL03-DF;UOP01-DEL03-DF 
603130;"1345932   ";2024-05-26;domingo;15:35:00;DF;"60   ";"7,3  ";BRASILIA;Não;Ausência de reação do condutor;3;Queda de ocupante de veículo;Com Vítimas Feridas;Pleno dia;Decrescente;Céu Claro;Dupla;"Reta;Retorno Regulamentado;Aclive";Não  ;"1078201   ";Automóvel;FIAT/MOBI LIKE;"2023      ";Condutor;Ileso;"43   ";Feminino;"1 ";"0    ";"0    ";"0    ";-15.9024270;-48.1263400;SPRF-DF;DEL03-DF;UOP01-DEL03-DF 
603130;"1345928   ";2024-05-26;domingo;15:35:00;DF;"60   ";"7,3  ";BRASILIA;Não;Ingestão de álcool pelo condutor;3;Queda de ocupante de veículo;Com Vítimas Feridas;Pleno dia;Decrescente;Céu Claro;Dupla;"Reta;Retorno Regulamentado;Aclive";Não  ;"1078200   ";Motocicleta;HONDA/CG 125 FAN ESD;"2013      ";Condutor;Lesões Leves;"24   ";Masculino;"0 ";"1    ";"0    ";"0    ";-15.9024270;-48.1263400;SPRF-DF;DEL03-DF;UOP01-DEL03-DF 
603130;"1345937   ";2024-05-26;domingo;15:35:00;DF;"60   ";"7,3  ";BRASILIA;Não;Ingestão de álcool pelo condutor;3;Queda de ocupante de veículo;Com Vítimas Feridas;Pleno dia;Decrescente;Céu Claro;Dupla;"Reta;Retorno Regulamentado;Aclive";Não  ;"1078201   ";Automóvel;FIAT/MOBI LIKE;"2023      ";Passageiro;Ileso;"67   ";Feminino;"1 ";"0    ";"0    ";"0    ";-15.9024270;-48.1263400;SPRF-DF;DEL03-DF;UOP01-DEL03-DF 
603130;"1345935   ";2024-05-26;domingo;15:35:00;DF;"60   ";"7,3  ";BRASILIA;Não;Ingestão de álcool pelo condutor;3;Queda de ocupante de veículo;Com Vítimas Feridas;Pleno dia;Decrescente;Céu Claro;Dupla;"Reta;Retorno Regulamentado;Aclive";Não  ;"1078201   ";Automóvel;FIAT/MOBI LIKE;"2023      ";Passageiro;Ileso;"54   ";Masculino;"1 ";"0    ";"0    ";"0    ";-15.9024270;-48.1263400;SPRF-DF;DEL03-DF;UOP01-DEL03-DF 
603130;"1345932   ";2024-05-26;domingo;15:35:00;DF;"60   ";"7,3  ";BRASILIA;Não;Ingestão de álcool pelo condutor;3;Queda de ocupante de veículo;Com Vítimas Feridas;Pleno dia;Decrescente;Céu Claro;Dupla;"Reta;Retorno Regulamentado;Aclive";Não  ;"1078201   ";Automóvel;FIAT/MOBI LIKE;"2023      ";Condutor;Ileso;"43   ";Feminino;"1 ";"0    ";"0    ";"0    ";-15.9024270;-48.1263400;SPRF-DF;DEL03-DF;UOP01-DEL03-DF 
603130;"1345928   ";2024-05-26;domingo;15:35:00;DF;"60   ";"7,3  ";BRASILIA;Sim;Acessar a via sem observar a presença dos outros veículos;3;Queda de ocupante de veículo;Com Vítimas Feridas;Pleno dia;Decrescente;Céu Claro;Dupla;"Reta;Retorno Regulamentado;Aclive";Não  ;"1078200   ";Motocicleta;HONDA/CG 125 FAN ESD;"2013      ";Condutor;Lesões Leves;"24   ";Masculino;"0 ";"1    ";"0    ";"0    ";-15.9024270;-48.1263400;SPRF-DF;DEL03-DF;UOP01-DEL03-DF 
603130;"1345937   ";2024-05-26;domingo;15:35:00;DF;"60   ";"7,3  ";BRASILIA;Sim;Acessar a via sem observar a presença dos outros veículos;3;Queda de ocupante de veículo;Com Vítimas Feridas;Pleno dia;Decrescente;Céu Claro;Dupla;"Reta;Retorno Regulamentado;Aclive";Não  ;"1078201   ";Automóvel;FIAT/MOBI LIKE;"2023      ";Passageiro;Ileso;"67   ";Feminino;"1 ";"0    ";"0    ";"0    ";-15.9024270;-48.1263400;SPRF-DF;DEL03-DF;UOP01-DEL03-DF 
603130;"1345935   ";2024-05-26;domingo;15:35:00;DF;"60   ";"7,3  ";BRASILIA;Sim;Acessar a via sem observar a presença dos outros veículos;3;Queda de ocupante de veículo;Com Vítimas Feridas;Pleno dia;Decrescente;Céu Claro;Dupla;"Reta;Retorno Regulamentado;Aclive";Não  ;"1078201   ";Automóvel;FIAT/MOBI LIKE;"2023      ";Passageiro;Ileso;"54   ";Masculino;"1 ";"0    ";"0    ";"0    ";-15.9024270;-48.1263400;SPRF-DF;DEL03-DF;UOP01-DEL03-DF 
603130;"1345932   ";2024-05-26;domingo;15:35:00;DF;"60   ";"7,3  ";BRASILIA;Sim;Acessar a via sem observar a presença dos outros veículos;3;Queda de ocupante de veículo;Com Vítimas Feridas;Pleno dia;Decrescente;Céu Claro;Dupla;"Reta;Retorno Regulamentado;Aclive";Não  ;"1078201   ";Automóvel;FIAT/MOBI LIKE;"2023      ";Condutor;Ileso;"43   ";Feminino;"1 ";"0    ";"0    ";"0    ";-15.9024270;-48.1263400;SPRF-DF;DEL03-DF;UOP01-DEL03-DF 
603130;"1345928   ";2024-05-26;domingo;15:35:00;DF;"60   ";"7,3  ";BRASILIA;Não;Ausência de reação do condutor;2;Tombamento;Com Vítimas Feridas;Pleno dia;Decrescente;Céu Claro;Dupla;"Reta;Retorno Regulamentado;Aclive";Não  ;"1078200   ";Motocicleta;HONDA/CG 125 FAN ESD;"2013      ";Condutor;Lesões Leves;"24   ";Masculino;"0 ";"1    ";"0    ";"0    ";-15.9024270;-48.1263400;SPRF-DF;DEL03-DF;UOP01-DEL03-DF 
603130;"1345937   ";2024-05-26;domingo;15:35:00;DF;"60   ";"7,3  ";BRASILIA;Não;Ausência de reação do condutor;2;Tombamento;Com Vítimas Feridas;Pleno dia;Decrescente;Céu Claro;Dupla;"Reta;Retorno Regulamentado;Aclive";Não  ;"1078201   ";Automóvel;FIAT/MOBI LIKE;"2023      ";Passageiro;Ileso;"67   ";Feminino;"1 ";"0    ";"0    ";"0    ";-15.9024270;-48.1263400;SPRF-DF;DEL03-DF;UOP01-DEL03-DF 
603130;"1345935   ";2024-05-26;domingo;15:35:00;DF;"60   ";"7,3  ";BRASILIA;Não;Ausência de reação do condutor;2;Tombamento;Com Vítimas Feridas;Pleno dia;Decrescente;Céu Claro;Dupla;"Reta;Retorno Regulamentado;Aclive";Não  ;"1078201   ";Automóvel;FIAT/MOBI LIKE;"2023      ";Passageiro;Ileso;"54   ";Masculino;"1 ";"0    ";"0    ";"0    ";-15.9024270;-48.1263400;SPRF-DF;DEL03-DF;UOP01-DEL03-DF 
603130;"1345932   ";2024-05-26;domingo;15:35:00;DF;"60   ";"7,3  ";BRASILIA;Não;Ausência de reação do condutor;2;Tombamento;Com Vítimas Feridas;Pleno dia;Decrescente;Céu Claro;Dupla;"Reta;Retorno Regulamentado;Aclive";Não  ;"1078201   ";Automóvel;FIAT/MOBI LIKE;"2023      ";Condutor;Ileso;"43   ";Feminino;"1 ";"0    ";"0    ";"0    ";-15.9024270;-48.1263400;SPRF-DF;DEL03-DF;UOP01-DEL03-DF 
603130;"1345928   ";2024-05-26;domingo;15:35:00;DF;"60   ";"7,3  ";BRASILIA;Não;Ingestão de álcool pelo condutor;2;Tombamento;Com Vítimas Feridas;Pleno dia;Decrescente;Céu Claro;Dupla;"Reta;Retorno Regulamentado;Aclive";Não  ;"1078200   ";Motocicleta;HONDA/CG 125 FAN ESD;"2013      ";Condutor;Lesões Leves;"24   ";Masculino;"0 ";"1    ";"0    ";"0    ";-15.9024270;-48.1263400;SPRF-DF;DEL03-DF;UOP01-DEL03-DF 
603130;"1345937   ";2024-05-26;domingo;15:35:00;DF;"60   ";"7,3  ";BRASILIA;Não;Ingestão de álcool pelo condutor;2;Tombamento;Com Vítimas Feridas;Pleno dia;Decrescente;Céu Claro;Dupla;"Reta;Retorno Regulamentado;Aclive";Não  ;"1078201   ";Automóvel;FIAT/MOBI LIKE;"2023      ";Passageiro;Ileso;"67   ";Feminino;"1 ";"0    ";"0    ";"0    ";-15.9024270;-48.1263400;SPRF-DF;DEL03-DF;UOP01-DEL03-DF 
603130;"1345935   ";2024-05-26;domingo;15:35:00;DF;"60   ";"7,3  ";BRASILIA;Não;Ingestão de álcool pelo condutor;2;Tombamento;Com Vítimas Feridas;Pleno dia;Decrescente;Céu Claro;Dupla;"Reta;Retorno Regulamentado;Aclive";Não  ;"1078201   ";Automóvel;FIAT/MOBI LIKE;"2023      ";Passageiro;Ileso;"54   ";Masculino;"1 ";"0    ";"0    ";"0    ";-15.9024270;-48.1263400;SPRF-DF;DEL03-DF;UOP01-DEL03-DF 
603130;"1345932   ";2024-05-26;domingo;15:35:00;DF;"60   ";"7,3  ";BRASILIA;Não;Ingestão de álcool pelo condutor;2;Tombamento;Com Vítimas Feridas;Pleno dia;Decrescente;Céu Claro;Dupla;"Reta;Retorno Regulamentado;Aclive";Não  ;"1078201   ";Automóvel;FIAT/MOBI LIKE;"2023      ";Condutor;Ileso;"43   ";Feminino;"1 ";"0    ";"0    ";"0    ";-15.9024270;-48.1263400;SPRF-DF;DEL03-DF;UOP01-DEL03-DF 
603130;"1345928   ";2024-05-26;domingo;15:35:00;DF;"60   ";"7,3  ";BRASILIA;Sim;Acessar a via sem observar a presença dos outros veículos;2;Tombamento;Com Vítimas Feridas;Pleno dia;Decrescente;Céu Claro;Dupla;"Reta;Retorno Regulamentado;Aclive";Não  ;"1078200   ";Motocicleta;HONDA/CG 125 FAN ESD;"2013      ";Condutor;Lesões Leves;"24   ";Masculino;"0 ";"1    ";"0    ";"0    ";-15.9024270;-48.1263400;SPRF-DF;DEL03-DF;UOP01-DEL03-DF 
603130;"1345937   ";2024-05-26;domingo;15:35:00;DF;"60   ";"7,3  ";BRASILIA;Sim;Acessar a via sem observar a presença dos outros veículos;2;Tombamento;Com Vítimas Feridas;Pleno dia;Decrescente;Céu Claro;Dupla;"Reta;Retorno Regulamentado;Aclive";Não  ;"1078201   ";Automóvel;FIAT/MOBI LIKE;"2023      ";Passageiro;Ileso;"67   ";Feminino;"1 ";"0    ";"0    ";"0    ";-15.9024270;-48.1263400;SPRF-DF;DEL03-DF;UOP01-DEL03-DF 
603130;"1345935   ";2024-05-26;domingo;15:35:00;DF;"60   ";"7,3  ";BRASILIA;Sim;Acessar a via sem observar a presença dos outros veículos;2;Tombamento;Com Vítimas Feridas;Pleno dia;Decrescente;Céu Claro;Dupla;"Reta;Retorno Regulamentado;Aclive";Não  ;"1078201   ";Automóvel;FIAT/MOBI LIKE;"2023      ";Passageiro;Ileso;"54   ";Masculino;"1 ";"0    ";"0    ";"0    ";-15.9024270;-48.1263400;SPRF-DF;DEL03-DF;UOP01-DEL03-DF 
603130;"1345932   ";2024-05-26;domingo;15:35:00;DF;"60   ";"7,3  ";BRASILIA;Sim;Acessar a via sem observar a presença dos outros veículos;2;Tombamento;Com Vítimas Feridas;Pleno dia;Decrescente;Céu Claro;Dupla;"Reta;Retorno Regulamentado;Aclive";Não  ;"1078201   ";Automóvel;FIAT/MOBI LIKE;"2023      ";Condutor;Ileso;"43   ";Feminino;"1 ";"0    ";"0    ";"0    ";-15.9024270;-48.1263400;SPRF-DF;DEL03-DF;UOP01-DEL03-DF 
603130;"1345928   ";2024-05-26;domingo;15:35:00;DF;"60   ";"7,3  ";BRASILIA;Não;Ausência de reação do condutor;1;Colisão lateral mesmo sentido;Com Vítimas Feridas;Pleno dia;Decrescente;Céu Claro;Dupla;"Reta;Retorno Regulamentado;Aclive";Não  ;"1078200   ";Motocicleta;HONDA/CG 125 FAN ESD;"2013      ";Condutor;Lesões Leves;"24   ";Masculino;"0 ";"1    ";"0    ";"0    ";-15.9024270;-48.1263400;SPRF-DF;DEL03-DF;UOP01-DEL03-DF 
603130;"1345937   ";2024-05-26;domingo;15:35:00;DF;"60   ";"7,3  ";BRASILIA;Não;Ausência de reação do condutor;1;Colisão lateral mesmo sentido;Com Vítimas Feridas;Pleno dia;Decrescente;Céu Claro;Dupla;"Reta;Retorno Regulamentado;Aclive";Não  ;"1078201   ";Automóvel;FIAT/MOBI LIKE;"2023      ";Passageiro;Ileso;"67   ";Feminino;"1 ";"0    ";"0    ";"0    ";-15.9024270;-48.1263400;SPRF-DF;DEL03-DF;UOP01-DEL03-DF 
603130;"1345935   ";2024-05-26;domingo;15:35:00;DF;"60   ";"7,3  ";BRASILIA;Não;Ausência de reação do condutor;1;Colisão lateral mesmo sentido;Com Vítimas Feridas;Pleno dia;Decrescente;Céu Claro;Dupla;"Reta;Retorno Regulamentado;Aclive";Não  ;"1078201   ";Automóvel;FIAT/MOBI LIKE;"2023      ";Passageiro;Ileso;"54   ";Masculino;"1 ";"0    ";"0    ";"0    ";-15.9024270;-48.1263400;SPRF-DF;DEL03-DF;UOP01-DEL03-DF 
603130;"1345932   ";2024-05-26;domingo;15:35:00;DF;"60   ";"7,3  ";BRASILIA;Não;Ausência de reação do condutor;1;Colisão lateral mesmo sentido;Com Vítimas Feridas;Pleno dia;Decrescente;Céu Claro;Dupla;"Reta;Retorno Regulamentado;Aclive";Não  ;"1078201   ";Automóvel;FIAT/MOBI LIKE;"2023      ";Condutor;Ileso;"43   ";Feminino;"1 ";"0    ";"0    ";"0    ";-15.9024270;-48.1263400;SPRF-DF;DEL03-DF;UOP01-DEL03-DF 
603130;"1345928   ";2024-05-26;domingo;15:35:00;DF;"60   ";"7,3  ";BRASILIA;Não;Ingestão de álcool pelo condutor;1;Colisão lateral mesmo sentido;Com Vítimas Feridas;Pleno dia;Decrescente;Céu Claro;Dupla;"Reta;Retorno Regulamentado;Aclive";Não  ;"1078200   ";Motocicleta;HONDA/CG 125 FAN ESD;"2013      ";Condutor;Lesões Leves;"24   ";Masculino;"0 ";"1    ";"0    ";"0    ";-15.9024270;-48.1263400;SPRF-DF;DEL03-DF;UOP01-DEL03-DF 
603130;"1345937   ";2024-05-26;domingo;15:35:00;DF;"60   ";"7,3  ";BRASILIA;Não;Ingestão de álcool pelo condutor;1;Colisão lateral mesmo sentido;Com Vítimas Feridas;Pleno dia;Decrescente;Céu Claro;Dupla;"Reta;Retorno Regulamentado;Aclive";Não  ;"1078201   ";Automóvel;FIAT/MOBI LIKE;"2023      ";Passageiro;Ileso;"67   ";Feminino;"1 ";"0    ";"0    ";"0    ";-15.9024270;-48.1263400;SPRF-DF;DEL03-DF;UOP01-DEL03-DF 
603130;"1345935   ";2024-05-26;domingo;15:35:00;DF;"60   ";"7,3  ";BRASILIA;Não;Ingestão de álcool pelo condutor;1;Colisão lateral mesmo sentido;Com Vítimas Feridas;Pleno dia;Decrescente;Céu Claro;Dupla;"Reta;Retorno Regulamentado;Aclive";Não  ;"1078201   ";Automóvel;FIAT/MOBI LIKE;"2023      ";Passageiro;Ileso;"54   ";Masculino;"1 ";"0    ";"0    ";"0    ";-15.9024270;-48.1263400;SPRF-DF;DEL03-DF;UOP01-DEL03-DF 
603130;"1345932   ";2024-05-26;domingo;15:35:00;DF;"60   ";"7,3  ";BRASILIA;Não;Ingestão de álcool pelo condutor;1;Colisão lateral mesmo sentido;Com Vítimas Feridas;Pleno dia;Decrescente;Céu Claro;Dupla;"Reta;Retorno Regulamentado;Aclive";Não  ;"1078201   ";Automóvel;FIAT/MOBI LIKE;"2023      ";Condutor;Ileso;"43   ";Feminino;"1 ";"0    ";"0    ";"0    ";-15.9024270;-48.1263400;SPRF-DF;DEL03-DF;UOP01-DEL03-DF 
603130;"1345928   ";2024-05-26;domingo;15:35:00;DF;"60   ";"7,3  ";BRASILIA;Sim;Acessar a via sem observar a presença dos outros veículos;1;Colisão lateral mesmo sentido;Com Vítimas Feridas;Pleno dia;Decrescente;Céu Claro;Dupla;"Reta;Retorno Regulamentado;Aclive";Não  ;"1078200   ";Motocicleta;HONDA/CG 125 FAN ESD;"2013      ";Condutor;Lesões Leves;"24   ";Masculino;"0 ";"1    ";"0    ";"0    ";-15.9024270;-48.1263400;SPRF-DF;DEL03-DF;UOP01-DEL03-DF 
603130;"1345937   ";2024-05-26;domingo;15:35:00;DF;"60   ";"7,3  ";BRASILIA;Sim;Acessar a via sem observar a presença dos outros veículos;1;Colisão lateral mesmo sentido;Com Vítimas Feridas;Pleno dia;Decrescente;Céu Claro;Dupla;"Reta;Retorno Regulamentado;Aclive";Não  ;"1078201   ";Automóvel;FIAT/MOBI LIKE;"2023      ";Passageiro;Ileso;"67   ";Feminino;"1 ";"0    ";"0    ";"0    ";-15.9024270;-48.1263400;SPRF-DF;DEL03-DF;UOP01-DEL03-DF 
603130;"1345935   ";2024-05-26;domingo;15:35:00;DF;"60   ";"7,3  ";BRASILIA;Sim;Acessar a via sem observar a presença dos outros veículos;1;Colisão lateral mesmo sentido;Com Vítimas Feridas;Pleno dia;Decrescente;Céu Claro;Dupla;"Reta;Retorno Regulamentado;Aclive";Não  ;"1078201   ";Automóvel;FIAT/MOBI LIKE;"2023      ";Passageiro;Ileso;"54   ";Masculino;"1 ";"0    ";"0    ";"0    ";-15.9024270;-48.1263400;SPRF-DF;DEL03-DF;UOP01-DEL03-DF 
603130;"1345932   ";2024-05-26;domingo;15:35:00;DF;"60   ";"7,3  ";BRASILIA;Sim;Acessar a via sem observar a presença dos outros veículos;1;Colisão lateral mesmo sentido;Com Vítimas Feridas;Pleno dia;Decrescente;Céu Claro;Dupla;"Reta;Retorno Regulamentado;Aclive";Não  ;"1078201   ";Automóvel;FIAT/MOBI LIKE;"2023      ";Condutor;Ileso;"43   ";Feminino;"1 ";"0    ";"0    ";"0    ";-15.9024270;-48.1263400;SPRF-DF;DEL03-DF;UOP01-DEL03-DF 
603195;"1345869   ";2024-05-26;domingo;19:20:00;DF;"70   ";"14   ";BRASILIA;Sim;Ingestão de álcool pelo condutor;1;Colisão traseira;Com Vítimas Feridas;Plena Noite;Crescente;Céu Claro;Múltipla;Reta;Não  ;"1078152   ";Automóvel;VW/FOX 1.0 ROUTE;"2008      ";Condutor;Ileso;"40   ";Masculino;"1 ";"0    ";"0    ";"0    ";-15.7973120;-48.1760560;SPRF-DF;DEL03-DF;UOP02-DEL03-DF 
603195;"1345870   ";2024-05-26;domingo;19:20:00;DF;"70   ";"14   ";BRASILIA;Sim;Ingestão de álcool pelo condutor;1;Colisão traseira;Com Vítimas Feridas;Plena Noite;Crescente;Céu Claro;Múltipla;Reta;Não  ;"1078153   ";Automóvel;FIAT/SIENA EL FLEX;"2010      ";Condutor;Lesões Leves;"23   ";Masculino;"0 ";"1    ";"0    ";"0    ";-15.7973120;-48.1760560;SPRF-DF;DEL03-DF;UOP02-DEL03-DF 
603198;"1345904   ";2024-05-26;domingo;18:00:00;GO;"60   ";"12   ";SANTO ANTONIO DO DESCOBERTO;Sim;Animais na Pista;1;Atropelamento de Animal;Com Vítimas Feridas;Anoitecer;Crescente;Céu Claro;Dupla;Declive;Não  ;"1078188   ";Automóvel;CHEVROLET/CELTA 1.0L LT;"2013      ";Condutor;Lesões Leves;"69   ";Feminino;"0 ";"1    ";"0    ";"0    ";-16.1144100;-48.3343100;SPRF-DF;DEL03-DF;UOP01-DEL03-DF 
603198;"1345914   ";2024-05-26;domingo;18:00:00;GO;"60   ";"12   ";SANTO ANTONIO DO DESCOBERTO;Sim;Animais na Pista;1;Atropelamento de Animal;Com Vítimas Feridas;Anoitecer;Crescente;Céu Claro;Dupla;Declive;Não  ;"1078188   ";Automóvel;CHEVROLET/CELTA 1.0L LT;"2013      ";Passageiro;Ileso;"64   ";Masculino;"1 ";"0    ";"0    ";"0    ";-16.1144100;-48.3343100;SPRF-DF;DEL03-DF;UOP01-DEL03-DF 
603198;"1345913   ";2024-05-26;domingo;18:00:00;GO;"60   ";"12   ";SANTO ANTONIO DO DESCOBERTO;Sim;Animais na Pista;1;Atropelamento de Animal;Com Vítimas Feridas;Anoitecer;Crescente;Céu Claro;Dupla;Declive;Não  ;"1078188   ";Automóvel;CHEVROLET/CELTA 1.0L LT;"2013      ";Passageiro;Lesões Leves;"65   ";Feminino;"0 ";"1    ";"0    ";"0    ";-16.1144100;-48.3343100;SPRF-DF;DEL03-DF;UOP01-DEL03-DF 
603198;"1345912   ";2024-05-26;domingo;18:00:00;GO;"60   ";"12   ";SANTO ANTONIO DO DESCOBERTO;Sim;Animais na Pista;1;Atropelamento de Animal;Com Vítimas Feridas;Anoitecer;Crescente;Céu Claro;Dupla;Declive;Não  ;"1078188   ";Automóvel;CHEVROLET/CELTA 1.0L LT;"2013      ";Passageiro;Lesões Leves;"70   ";Feminino;"0 ";"1    ";"0    ";"0    ";-16.1144100;-48.3343100;SPRF-DF;DEL03-DF;UOP01-DEL03-DF 
603202;"1345803   ";2024-05-26;domingo;20:00:00;GO;"40   ";"2    ";VALPARAISO DE GOIAS;Sim;Reação tardia ou ineficiente do condutor;2;Queda de ocupante de veículo;Com Vítimas Feridas;Plena Noite;Decrescente;Céu Claro;Dupla;Reta;Sim  ;"1078108   ";Automóvel;Não Informado/Não Informado;"0         ";Condutor;Não Informado;"0    ";Não Informado;"0 ";"0    ";"0    ";"0    ";-16.0582450;-47.9828250;SPRF-DF;DEL01-DF;UOP01-DEL01-DF 
603202;"1345788   ";2024-05-26;domingo;20:00:00;GO;"40   ";"2    ";VALPARAISO DE GOIAS;Sim;Reação tardia ou ineficiente do condutor;2;Queda de ocupante de veículo;Com Vítimas Feridas;Plena Noite;Decrescente;Céu Claro;Dupla;Reta;Sim  ;"1078098   ";Motocicleta;HONDA/CG 160 FAN;"2021      ";Condutor;Lesões Graves;"21   ";Masculino;"0 ";"0    ";"1    ";"0    ";-16.0582450;-47.9828250;SPRF-DF;DEL01-DF;UOP01-DEL01-DF 
603202;"1345803   ";2024-05-26;domingo;20:00:00;GO;"40   ";"2    ";VALPARAISO DE GOIAS;Sim;Reação tardia ou ineficiente do condutor;1;Colisão traseira;Com Vítimas Feridas;Plena Noite;Decrescente;Céu Claro;Dupla;Reta;Sim  ;"1078108   ";Automóvel;Não Informado/Não Informado;"0         ";Condutor;Não Informado;"0    ";Não Informado;"0 ";"0    ";"0    ";"0    ";-16.0582450;-47.9828250;SPRF-DF;DEL01-DF;UOP01-DEL01-DF 
603202;"1345788   ";2024-05-26;domingo;20:00:00;GO;"40   ";"2    ";VALPARAISO DE GOIAS;Sim;Reação tardia ou ineficiente do condutor;1;Colisão traseira;Com Vítimas Feridas;Plena Noite;Decrescente;Céu Claro;Dupla;Reta;Sim  ;"1078098   ";Motocicleta;HONDA/CG 160 FAN;"2021      ";Condutor;Lesões Graves;"21   ";Masculino;"0 ";"0    ";"1    ";"0    ";-16.0582450;-47.9828250;SPRF-DF;DEL01-DF;UOP01-DEL01-DF 
603265;"1346056   ";2024-05-27;segunda-feira;05:30:00;DF;"20   ";"20   ";BRASILIA;Não;Ingestão de álcool pelo condutor;2;Colisão traseira;Sem Vítimas;Amanhecer;Decrescente;Céu Claro;Dupla;"Reta;Declive;Ponte";Sim  ;"1078316   ";Automóvel;I/FIAT PALIO ATTRACT 1.0;"2014      ";Condutor;Ileso;"55   ";Feminino;"1 ";"0    ";"0    ";"0    ";-15.6079050;-47.6927910;SPRF-DF;DEL02-DF;UOP01-DEL02-DF 
603265;"1346057   ";2024-05-27;segunda-feira;05:30:00;DF;"20   ";"20   ";BRASILIA;Não;Ingestão de álcool pelo condutor;2;Colisão traseira;Sem Vítimas;Amanhecer;Decrescente;Céu Claro;Dupla;"Reta;Declive;Ponte";Sim  ;"1078317   ";Automóvel;I/FORD FOCUS TI AT 2.0HC;"2015      ";Condutor;Ileso;"45   ";Masculino;"1 ";"0    ";"0    ";"0    ";-15.6079050;-47.6927910;SPRF-DF;DEL02-DF;UOP01-DEL02-DF 
603265;"1346056   ";2024-05-27;segunda-feira;05:30:00;DF;"20   ";"20   ";BRASILIA;Não;Reação tardia ou ineficiente do condutor;2;Colisão traseira;Sem Vítimas;Amanhecer;Decrescente;Céu Claro;Dupla;"Reta;Declive;Ponte";Sim  ;"1078316   ";Automóvel;I/FIAT PALIO ATTRACT 1.0;"2014      ";Condutor;Ileso;"55   ";Feminino;"1 ";"0    ";"0    ";"0    ";-15.6079050;-47.6927910;SPRF-DF;DEL02-DF;UOP01-DEL02-DF 
603265;"1346057   ";2024-05-27;segunda-feira;05:30:00;DF;"20   ";"20   ";BRASILIA;Não;Reação tardia ou ineficiente do condutor;2;Colisão traseira;Sem Vítimas;Amanhecer;Decrescente;Céu Claro;Dupla;"Reta;Declive;Ponte";Sim  ;"1078317   ";Automóvel;I/FORD FOCUS TI AT 2.0HC;"2015      ";Condutor;Ileso;"45   ";Masculino;"1 ";"0    ";"0    ";"0    ";-15.6079050;-47.6927910;SPRF-DF;DEL02-DF;UOP01-DEL02-DF 
603265;"1346056   ";2024-05-27;segunda-feira;05:30:00;DF;"20   ";"20   ";BRASILIA;Sim;Animais na Pista;2;Colisão traseira;Sem Vítimas;Amanhecer;Decrescente;Céu Claro;Dupla;"Reta;Declive;Ponte";Sim  ;"1078316   ";Automóvel;I/FIAT PALIO ATTRACT 1.0;"2014      ";Condutor;Ileso;"55   ";Feminino;"1 ";"0    ";"0    ";"0    ";-15.6079050;-47.6927910;SPRF-DF;DEL02-DF;UOP01-DEL02-DF 
603265;"1346057   ";2024-05-27;segunda-feira;05:30:00;DF;"20   ";"20   ";BRASILIA;Sim;Animais na Pista;2;Colisão traseira;Sem Vítimas;Amanhecer;Decrescente;Céu Claro;Dupla;"Reta;Declive;Ponte";Sim  ;"1078317   ";Automóvel;I/FORD FOCUS TI AT 2.0HC;"2015      ";Condutor;Ileso;"45   ";Masculino;"1 ";"0    ";"0    ";"0    ";-15.6079050;-47.6927910;SPRF-DF;DEL02-DF;UOP01-DEL02-DF 
603265;"1346056   ";2024-05-27;segunda-feira;05:30:00;DF;"20   ";"20   ";BRASILIA;Não;Ingestão de álcool pelo condutor;1;Atropelamento de Animal;Sem Vítimas;Amanhecer;Decrescente;Céu Claro;Dupla;"Reta;Declive;Ponte";Sim  ;"1078316   ";Automóvel;I/FIAT PALIO ATTRACT 1.0;"2014      ";Condutor;Ileso;"55   ";Feminino;"1 ";"0    ";"0    ";"0    ";-15.6079050;-47.6927910;SPRF-DF;DEL02-DF;UOP01-DEL02-DF 
603265;"1346057   ";2024-05-27;segunda-feira;05:30:00;DF;"20   ";"20   ";BRASILIA;Não;Ingestão de álcool pelo condutor;1;Atropelamento de Animal;Sem Vítimas;Amanhecer;Decrescente;Céu Claro;Dupla;"Reta;Declive;Ponte";Sim  ;"1078317   ";Automóvel;I/FORD FOCUS TI AT 2.0HC;"2015      ";Condutor;Ileso;"45   ";Masculino;"1 ";"0    ";"0    ";"0    ";-15.6079050;-47.6927910;SPRF-DF;DEL02-DF;UOP01-DEL02-DF 