id;pesid;data_inversa;dia_semana;horario;uf;br;km;municipio;causa_principal;causa_acidente;ordem_tipo_acidente;tipo_acidente;classificacao_acidente;fase_dia;sentido_via;condicao_metereologica;tipo_pista;tracado_via;uso_solo;id_veiculo;tipo_veiculo;marca;ano_fabricacao_veiculo;tipo_envolvido;estado_fisico;idade;sexo;ilesos;feridos_leves;feridos_graves;mortos;latitude;longitude;regional;delegacia;uop
603265;"1346056   ";2024-05-27;segunda-feira;05:30:00;DF;"20   ";"20   ";BRASILIA;Não;Reação tardia ou ineficiente do condutor;1;Atropelamento de Animal;Sem Vítimas;Amanhecer;Decrescente;Céu Claro;Dupla;"Reta;Declive;Ponte";Sim  ;"1078316   ";Automóvel;I/FIAT PALIO ATTRACT 1.0;"2014      ";Condutor;Ileso;"55   ";Feminino;"1 ";"0    ";"0    ";"0    ";-15.6079050;-47.6927910;SPRF-DF;DEL02-DF;UOP01-DEL02-DF 
603265;"1346057   ";2024-05-27;segunda-feira;05:30:00;DF;"20   ";"20   ";BRASILIA;Não;Reação tardia ou ineficiente do condutor;1;Atropelamento de Animal;Sem Vítimas;Amanhecer;Decrescente;Céu Claro;Dupla;"Reta;Declive;Ponte";Sim  ;"1078317   ";Automóvel;I/FORD FOCUS TI AT 2.0HC;"2015      ";Condutor;Ileso;"45   ";Masculino;"1 ";"0    ";"0    ";"0    ";-15.6079050;-47.6927910;SPRF-DF;DEL02-DF;UOP01-DEL02-DF 
603265;"1346056   ";2024-05-27;segunda-feira;05:30:00;DF;"20   ";"20   ";BRASILIA;Sim;Animais na Pista;1;Atropelamento de Animal;Sem Vítimas;Amanhecer;Decrescente;Céu Claro;Dupla;"Reta;Declive;Ponte";Sim  ;"1078316   ";Automóvel;I/FIAT PALIO ATTRACT 1.0;"2014      ";Condutor;Ileso;"55   ";Feminino;"1 ";"0    ";"0    ";"0    ";-15.6079050;-47.6927910;SPRF-DF;DEL02-DF;UOP01-DEL02-DF 
603265;"1346057   ";2024-05-27;segunda-feira;05:30:00;DF;"20   ";"20   ";BRASILIA;Sim;Animais na Pista;1;Atropelamento de Animal;Sem Vítimas;Amanhecer;Decrescente;Céu Claro;Dupla;"Reta;Declive;Ponte";Sim  ;"1078317   ";Automóvel;I/FORD FOCUS TI AT 2.0HC;"2015      ";Condutor;Ileso;"45   ";Masculino;"1 ";"0    ";"0    ";"0    ";-15.6079050;-47.6927910;SPRF-DF;DEL02-DF;UOP01-DEL02-DF 
603272;"1345964   ";2024-05-27;segunda-feira;06:40:00;DF;"70   ";"19   ";BRASILIA;Não;Ausência de reação do condutor;1;Colisão lateral mesmo sentido;Com Vítimas Feridas;Amanhecer;Decrescente;Céu Claro;Dupla;Reta;Não  ;"1078236   ";Motocicleta;HONDA/CG150 FAN ESDI;"2013      ";Condutor;Lesões Leves;"27   ";Masculino;"0 ";"1    ";"0    ";"0    ";-15.7888680;-48.2202420;SPRF-DF;DEL03-DF;UOP02-DEL03-DF 
603272;"1345963   ";2024-05-27;segunda-feira;06:40:00;DF;"70   ";"19   ";BRASILIA;Não;Ausência de reação do condutor;1;Colisão lateral mesmo sentido;Com Vítimas Feridas;Amanhecer;Decrescente;Céu Claro;Dupla;Reta;Não  ;"1078213   ";Automóvel;CHEVROLET/PRISMA 1.4L LT;"2011      ";Condutor;Ileso;"56   ";Feminino;"1 ";"0    ";"0    ";"0    ";-15.7888680;-48.2202420;SPRF-DF;DEL03-DF;UOP02-DEL03-DF 
603272;"1345964   ";2024-05-27;segunda-feira;06:40:00;DF;"70   ";"19   ";BRASILIA;Sim;Ultrapassagem Indevida;1;Colisão lateral mesmo sentido;Com Vítimas Feridas;Amanhecer;Decrescente;Céu Claro;Dupla;Reta;Não  ;"1078236   ";Motocicleta;HONDA/CG150 FAN ESDI;"2013      ";Condutor;Lesões Leves;"27   ";Masculino;"0 ";"1    ";"0    ";"0    ";-15.7888680;-48.2202420;SPRF-DF;DEL03-DF;UOP02-DEL03-DF 
603272;"1345963   ";2024-05-27;segunda-feira;06:40:00;DF;"70   ";"19   ";BRASILIA;Sim;Ultrapassagem Indevida;1;Colisão lateral mesmo sentido;Com Vítimas Feridas;Amanhecer;Decrescente;Céu Claro;Dupla;Reta;Não  ;"1078213   ";Automóvel;CHEVROLET/PRISMA 1.4L LT;"2011      ";Condutor;Ileso;"56   ";Feminino;"1 ";"0    ";"0    ";"0    ";-15.7888680;-48.2202420;SPRF-DF;DEL03-DF;UOP02-DEL03-DF 
603318;"1346035   ";2024-05-27;segunda-feira;05:50:00;GO;"80   ";"122  ";BARRO ALTO;Não;Reação tardia ou ineficiente do condutor;2;Capotamento;Com Vítimas Feridas;Amanhecer;Decrescente;Céu Claro;Simples;"Curva;Declive";Não  ;"1078296   ";Caminhonete;FIAT/TORO FREEDOM AT9 D4;"2020      ";Condutor;Lesões Leves;"41   ";Masculino;"0 ";"1    ";"0    ";"0    ";-15.0741126;-48.8677025;SPRF-GO;DEL07-GO;UOP02-DEL07-GO 
603318;"1346035   ";2024-05-27;segunda-feira;05:50:00;GO;"80   ";"122  ";BARRO ALTO;Sim;Condutor Dormindo;2;Capotamento;Com Vítimas Feridas;Amanhecer;Decrescente;Céu Claro;Simples;"Curva;Declive";Não  ;"1078296   ";Caminhonete;FIAT/TORO FREEDOM AT9 D4;"2020      ";Condutor;Lesões Leves;"41   ";Masculino;"0 ";"1    ";"0    ";"0    ";-15.0741126;-48.8677025;SPRF-GO;DEL07-GO;UOP02-DEL07-GO 
603318;"1346035   ";2024-05-27;segunda-feira;05:50:00;GO;"80   ";"122  ";BARRO ALTO;Não;Reação tardia ou ineficiente do condutor;1;Saída de leito carroçável;Com Vítimas Feridas;Amanhecer;Decrescente;Céu Claro;Simples;"Curva;Declive";Não  ;"1078296   ";Caminhonete;FIAT/TORO FREEDOM AT9 D4;"2020      ";Condutor;Lesões Leves;"41   ";Masculino;"0 ";"1    ";"0    ";"0    ";-15.0741126;-48.8677025;SPRF-GO;DEL07-GO;UOP02-DEL07-GO 
604247;"1348483   ";2024-05-31;sexta-feira;13:50:00;GO;"414  ";"417,7";ABADIANIA;Sim;Transitar na contramão;2;Colisão com objeto;Com Vítimas Fatais;Pleno dia;Crescente;Céu Claro;Simples;Reta;Não  ;"1080215   ";Camioneta;JEEP/RENEGADE SPORT AT;"2021      ";Condutor;Lesões Leves;"51   ";Feminino;"0 ";"1    ";"0    ";"0    ";-16.1057810;-48.8722580;SPRF-GO;DEL02-GO;UOP01-DEL02-GO 
603318;"1346035   ";2024-05-27;segunda-feira;05:50:00;GO;"80   ";"122  ";BARRO ALTO;Sim;Condutor Dormindo;1;Saída de leito carroçável;Com Vítimas Feridas;Amanhecer;Decrescente;Céu Claro;Simples;"Curva;Declive";Não  ;"1078296   ";Caminhonete;FIAT/TORO FREEDOM AT9 D4;"2020      ";Condutor;Lesões Leves;"41   ";Masculino;"0 ";"1    ";"0    ";"0    ";-15.0741126;-48.8677025;SPRF-GO;DEL07-GO;UOP02-DEL07-GO 
603352;"1346256   ";2024-05-27;segunda-feira;12:30:00;GO;"50   ";"116  ";CRISTALINA;Não;Velocidade Incompatível;3;Saída de leito carroçável;Com Vítimas Feridas;Pleno dia;Decrescente;Céu Claro;Dupla;Reta;Não  ;"1078489   ";Automóvel;I/JAC J3 TURIN;"2010      ";Condutor;Lesões Leves;"41   ";Masculino;"0 ";"1    ";"0    ";"0    ";-16.9079469;-47.6823881;SPRF-DF;DEL01-DF;UOP02-DEL01-DF 
603352;"1346265   ";2024-05-27;segunda-feira;12:30:00;GO;"50   ";"116  ";CRISTALINA;Não;Velocidade Incompatível;3;Saída de leito carroçável;Com Vítimas Feridas;Pleno dia;Decrescente;Céu Claro;Dupla;Reta;Não  ;"1078489   ";Automóvel;I/JAC J3 TURIN;"2010      ";Passageiro;Lesões Graves;"18   ";Masculino;"0 ";"0    ";"1    ";"0    ";-16.9079469;-47.6823881;SPRF-DF;DEL01-DF;UOP02-DEL01-DF 
603352;"1346258   ";2024-05-27;segunda-feira;12:30:00;GO;"50   ";"116  ";CRISTALINA;Não;Velocidade Incompatível;3;Saída de leito carroçável;Com Vítimas Feridas;Pleno dia;Decrescente;Céu Claro;Dupla;Reta;Não  ;"1078489   ";Automóvel;I/JAC J3 TURIN;"2010      ";Passageiro;Lesões Graves;"60   ";Masculino;"0 ";"0    ";"1    ";"0    ";-16.9079469;-47.6823881;SPRF-DF;DEL01-DF;UOP02-DEL01-DF 
603352;"1346259   ";2024-05-27;segunda-feira;12:30:00;GO;"50   ";"116  ";CRISTALINA;Não;Velocidade Incompatível;3;Saída de leito carroçável;Com Vítimas Feridas;Pleno dia;Decrescente;Céu Claro;Dupla;Reta;Não  ;"1078489   ";Automóvel;I/JAC J3 TURIN;"2010      ";Passageiro;Lesões Graves;"61   ";Feminino;"0 ";"0    ";"1    ";"0    ";-16.9079469;-47.6823881;SPRF-DF;DEL01-DF;UOP02-DEL01-DF 
603352;"1346264   ";2024-05-27;segunda-feira;12:30:00;GO;"50   ";"116  ";CRISTALINA;Não;Velocidade Incompatível;3;Saída de leito carroçável;Com Vítimas Feridas;Pleno dia;Decrescente;Céu Claro;Dupla;Reta;Não  ;"1078489   ";Automóvel;I/JAC J3 TURIN;"2010      ";Passageiro;Lesões Graves;"58   ";Masculino;"0 ";"0    ";"1    ";"0    ";-16.9079469;-47.6823881;SPRF-DF;DEL01-DF;UOP02-DEL01-DF 
603352;"1346256   ";2024-05-27;segunda-feira;12:30:00;GO;"50   ";"116  ";CRISTALINA;Sim;Avarias e/ou desgaste excessivo no pneu;3;Saída de leito carroçável;Com Vítimas Feridas;Pleno dia;Decrescente;Céu Claro;Dupla;Reta;Não  ;"1078489   ";Automóvel;I/JAC J3 TURIN;"2010      ";Condutor;Lesões Leves;"41   ";Masculino;"0 ";"1    ";"0    ";"0    ";-16.9079469;-47.6823881;SPRF-DF;DEL01-DF;UOP02-DEL01-DF 
603352;"1346265   ";2024-05-27;segunda-feira;12:30:00;GO;"50   ";"116  ";CRISTALINA;Sim;Avarias e/ou desgaste excessivo no pneu;3;Saída de leito carroçável;Com Vítimas Feridas;Pleno dia;Decrescente;Céu Claro;Dupla;Reta;Não  ;"1078489   ";Automóvel;I/JAC J3 TURIN;"2010      ";Passageiro;Lesões Graves;"18   ";Masculino;"0 ";"0    ";"1    ";"0    ";-16.9079469;-47.6823881;SPRF-DF;DEL01-DF;UOP02-DEL01-DF 
603352;"1346258   ";2024-05-27;segunda-feira;12:30:00;GO;"50   ";"116  ";CRISTALINA;Sim;Avarias e/ou desgaste excessivo no pneu;3;Saída de leito carroçável;Com Vítimas Feridas;Pleno dia;Decrescente;Céu Claro;Dupla;Reta;Não  ;"1078489   ";Automóvel;I/JAC J3 TURIN;"2010      ";Passageiro;Lesões Graves;"60   ";Masculino;"0 ";"0    ";"1    ";"0    ";-16.9079469;-47.6823881;SPRF-DF;DEL01-DF;UOP02-DEL01-DF 
603352;"1346259   ";2024-05-27;segunda-feira;12:30:00;GO;"50   ";"116  ";CRISTALINA;Sim;Avarias e/ou desgaste excessivo no pneu;3;Saída de leito carroçável;Com Vítimas Feridas;Pleno dia;Decrescente;Céu Claro;Dupla;Reta;Não  ;"1078489   ";Automóvel;I/JAC J3 TURIN;"2010      ";Passageiro;Lesões Graves;"61   ";Feminino;"0 ";"0    ";"1    ";"0    ";-16.9079469;-47.6823881;SPRF-DF;DEL01-DF;UOP02-DEL01-DF 
603352;"1346264   ";2024-05-27;segunda-feira;12:30:00;GO;"50   ";"116  ";CRISTALINA;Sim;Avarias e/ou desgaste excessivo no pneu;3;Saída de leito carroçável;Com Vítimas Feridas;Pleno dia;Decrescente;Céu Claro;Dupla;Reta;Não  ;"1078489   ";Automóvel;I/JAC J3 TURIN;"2010      ";Passageiro;Lesões Graves;"58   ";Masculino;"0 ";"0    ";"1    ";"0    ";-16.9079469;-47.6823881;SPRF-DF;DEL01-DF;UOP02-DEL01-DF 
603352;"1346256   ";2024-05-27;segunda-feira;12:30:00;GO;"50   ";"116  ";CRISTALINA;Não;Velocidade Incompatível;2;Capotamento;Com Vítimas Feridas;Pleno dia;Decrescente;Céu Claro;Dupla;Reta;Não  ;"1078489   ";Automóvel;I/JAC J3 TURIN;"2010      ";Condutor;Lesões Leves;"41   ";Masculino;"0 ";"1    ";"0    ";"0    ";-16.9079469;-47.6823881;SPRF-DF;DEL01-DF;UOP02-DEL01-DF 
603352;"1346265   ";2024-05-27;segunda-feira;12:30:00;GO;"50   ";"116  ";CRISTALINA;Não;Velocidade Incompatível;2;Capotamento;Com Vítimas Feridas;Pleno dia;Decrescente;Céu Claro;Dupla;Reta;Não  ;"1078489   ";Automóvel;I/JAC J3 TURIN;"2010      ";Passageiro;Lesões Graves;"18   ";Masculino;"0 ";"0    ";"1    ";"0    ";-16.9079469;-47.6823881;SPRF-DF;DEL01-DF;UOP02-DEL01-DF 
603352;"1346258   ";2024-05-27;segunda-feira;12:30:00;GO;"50   ";"116  ";CRISTALINA;Não;Velocidade Incompatível;2;Capotamento;Com Vítimas Feridas;Pleno dia;Decrescente;Céu Claro;Dupla;Reta;Não  ;"1078489   ";Automóvel;I/JAC J3 TURIN;"2010      ";Passageiro;Lesões Graves;"60   ";Masculino;"0 ";"0    ";"1    ";"0    ";-16.9079469;-47.6823881;SPRF-DF;DEL01-DF;UOP02-DEL01-DF 
603352;"1346259   ";2024-05-27;segunda-feira;12:30:00;GO;"50   ";"116  ";CRISTALINA;Não;Velocidade Incompatível;2;Capotamento;Com Vítimas Feridas;Pleno dia;Decrescente;Céu Claro;Dupla;Reta;Não  ;"1078489   ";Automóvel;I/JAC J3 TURIN;"2010      ";Passageiro;Lesões Graves;"61   ";Feminino;"0 ";"0    ";"1    ";"0    ";-16.9079469;-47.6823881;SPRF-DF;DEL01-DF;UOP02-DEL01-DF 
603352;"1346264   ";2024-05-27;segunda-feira;12:30:00;GO;"50   ";"116  ";CRISTALINA;Não;Velocidade Incompatível;2;Capotamento;Com Vítimas Feridas;Pleno dia;Decrescente;Céu Claro;Dupla;Reta;Não  ;"1078489   ";Automóvel;I/JAC J3 TURIN;"2010      ";Passageiro;Lesões Graves;"58   ";Masculino;"0 ";"0    ";"1    ";"0    ";-16.9079469;-47.6823881;SPRF-DF;DEL01-DF;UOP02-DEL01-DF 
603352;"1346256   ";2024-05-27;segunda-feira;12:30:00;GO;"50   ";"116  ";CRISTALINA;Sim;Avarias e/ou desgaste excessivo no pneu;2;Capotamento;Com Vítimas Feridas;Pleno dia;Decrescente;Céu Claro;Dupla;Reta;Não  ;"1078489   ";Automóvel;I/JAC J3 TURIN;"2010      ";Condutor;Lesões Leves;"41   ";Masculino;"0 ";"1    ";"0    ";"0    ";-16.9079469;-47.6823881;SPRF-DF;DEL01-DF;UOP02-DEL01-DF 
603352;"1346265   ";2024-05-27;segunda-feira;12:30:00;GO;"50   ";"116  ";CRISTALINA;Sim;Avarias e/ou desgaste excessivo no pneu;2;Capotamento;Com Vítimas Feridas;Pleno dia;Decrescente;Céu Claro;Dupla;Reta;Não  ;"1078489   ";Automóvel;I/JAC J3 TURIN;"2010      ";Passageiro;Lesões Graves;"18   ";Masculino;"0 ";"0    ";"1    ";"0    ";-16.9079469;-47.6823881;SPRF-DF;DEL01-DF;UOP02-DEL01-DF 
603352;"1346258   ";2024-05-27;segunda-feira;12:30:00;GO;"50   ";"116  ";CRISTALINA;Sim;Avarias e/ou desgaste excessivo no pneu;2;Capotamento;Com Vítimas Feridas;Pleno dia;Decrescente;Céu Claro;Dupla;Reta;Não  ;"1078489   ";Automóvel;I/JAC J3 TURIN;"2010      ";Passageiro;Lesões Graves;"60   ";Masculino;"0 ";"0    ";"1    ";"0    ";-16.9079469;-47.6823881;SPRF-DF;DEL01-DF;UOP02-DEL01-DF 
603352;"1346259   ";2024-05-27;segunda-feira;12:30:00;GO;"50   ";"116  ";CRISTALINA;Sim;Avarias e/ou desgaste excessivo no pneu;2;Capotamento;Com Vítimas Feridas;Pleno dia;Decrescente;Céu Claro;Dupla;Reta;Não  ;"1078489   ";Automóvel;I/JAC J3 TURIN;"2010      ";Passageiro;Lesões Graves;"61   ";Feminino;"0 ";"0    ";"1    ";"0    ";-16.9079469;-47.6823881;SPRF-DF;DEL01-DF;UOP02-DEL01-DF 
603352;"1346264   ";2024-05-27;segunda-feira;12:30:00;GO;"50   ";"116  ";CRISTALINA;Sim;Avarias e/ou desgaste excessivo no pneu;2;Capotamento;Com Vítimas Feridas;Pleno dia;Decrescente;Céu Claro;Dupla;Reta;Não  ;"1078489   ";Automóvel;I/JAC J3 TURIN;"2010      ";Passageiro;Lesões Graves;"58   ";Masculino;"0 ";"0    ";"1    ";"0    ";-16.9079469;-47.6823881;SPRF-DF;DEL01-DF;UOP02-DEL01-DF 
603352;"1346256   ";2024-05-27;segunda-feira;12:30:00;GO;"50   ";"116  ";CRISTALINA;Não;Velocidade Incompatível;1;Colisão com objeto;Com Vítimas Feridas;Pleno dia;Decrescente;Céu Claro;Dupla;Reta;Não  ;"1078489   ";Automóvel;I/JAC J3 TURIN;"2010      ";Condutor;Lesões Leves;"41   ";Masculino;"0 ";"1    ";"0    ";"0    ";-16.9079469;-47.6823881;SPRF-DF;DEL01-DF;UOP02-DEL01-DF 
603352;"1346265   ";2024-05-27;segunda-feira;12:30:00;GO;"50   ";"116  ";CRISTALINA;Não;Velocidade Incompatível;1;Colisão com objeto;Com Vítimas Feridas;Pleno dia;Decrescente;Céu Claro;Dupla;Reta;Não  ;"1078489   ";Automóvel;I/JAC J3 TURIN;"2010      ";Passageiro;Lesões Graves;"18   ";Masculino;"0 ";"0    ";"1    ";"0    ";-16.9079469;-47.6823881;SPRF-DF;DEL01-DF;UOP02-DEL01-DF 
603352;"1346258   ";2024-05-27;segunda-feira;12:30:00;GO;"50   ";"116  ";CRISTALINA;Não;Velocidade Incompatível;1;Colisão com objeto;Com Vítimas Feridas;Pleno dia;Decrescente;Céu Claro;Dupla;Reta;Não  ;"1078489   ";Automóvel;I/JAC J3 TURIN;"2010      ";Passageiro;Lesões Graves;"60   ";Masculino;"0 ";"0    ";"1    ";"0    ";-16.9079469;-47.6823881;SPRF-DF;DEL01-DF;UOP02-DEL01-DF 
603352;"1346259   ";2024-05-27;segunda-feira;12:30:00;GO;"50   ";"116  ";CRISTALINA;Não;Velocidade Incompatível;1;Colisão com objeto;Com Vítimas Feridas;Pleno dia;Decrescente;Céu Claro;Dupla;Reta;Não  ;"1078489   ";Automóvel;I/JAC J3 TURIN;"2010      ";Passageiro;Lesões Graves;"61   ";Feminino;"0 ";"0    ";"1    ";"0    ";-16.9079469;-47.6823881;SPRF-DF;DEL01-DF;UOP02-DEL01-DF 
603352;"1346264   ";2024-05-27;segunda-feira;12:30:00;GO;"50   ";"116  ";CRISTALINA;Não;Velocidade Incompatível;1;Colisão com objeto;Com Vítimas Feridas;Pleno dia;Decrescente;Céu Claro;Dupla;Reta;Não  ;"1078489   ";Automóvel;I/JAC J3 TURIN;"2010      ";Passageiro;Lesões Graves;"58   ";Masculino;"0 ";"0    ";"1    ";"0    ";-16.9079469;-47.6823881;SPRF-DF;DEL01-DF;UOP02-DEL01-DF 
603352;"1346256   ";2024-05-27;segunda-feira;12:30:00;GO;"50   ";"116  ";CRISTALINA;Sim;Avarias e/ou desgaste excessivo no pneu;1;Colisão com objeto;Com Vítimas Feridas;Pleno dia;Decrescente;Céu Claro;Dupla;Reta;Não  ;"1078489   ";Automóvel;I/JAC J3 TURIN;"2010      ";Condutor;Lesões Leves;"41   ";Masculino;"0 ";"1    ";"0    ";"0    ";-16.9079469;-47.6823881;SPRF-DF;DEL01-DF;UOP02-DEL01-DF 
603352;"1346265   ";2024-05-27;segunda-feira;12:30:00;GO;"50   ";"116  ";CRISTALINA;Sim;Avarias e/ou desgaste excessivo no pneu;1;Colisão com objeto;Com Vítimas Feridas;Pleno dia;Decrescente;Céu Claro;Dupla;Reta;Não  ;"1078489   ";Automóvel;I/JAC J3 TURIN;"2010      ";Passageiro;Lesões Graves;"18   ";Masculino;"0 ";"0    ";"1    ";"0    ";-16.9079469;-47.6823881;SPRF-DF;DEL01-DF;UOP02-DEL01-DF 
603352;"1346258   ";2024-05-27;segunda-feira;12:30:00;GO;"50   ";"116  ";CRISTALINA;Sim;Avarias e/ou desgaste excessivo no pneu;1;Colisão com objeto;Com Vítimas Feridas;Pleno dia;Decrescente;Céu Claro;Dupla;Reta;Não  ;"1078489   ";Automóvel;I/JAC J3 TURIN;"2010      ";Passageiro;Lesões Graves;"60   ";Masculino;"0 ";"0    ";"1    ";"0    ";-16.9079469;-47.6823881;SPRF-DF;DEL01-DF;UOP02-DEL01-DF 
603352;"1346259   ";2024-05-27;segunda-feira;12:30:00;GO;"50   ";"116  ";CRISTALINA;Sim;Avarias e/ou desgaste excessivo no pneu;1;Colisão com objeto;Com Vítimas Feridas;Pleno dia;Decrescente;Céu Claro;Dupla;Reta;Não  ;"1078489   ";Automóvel;I/JAC J3 TURIN;"2010      ";Passageiro;Lesões Graves;"61   ";Feminino;"0 ";"0    ";"1    ";"0    ";-16.9079469;-47.6823881;SPRF-DF;DEL01-DF;UOP02-DEL01-DF 
603352;"1346264   ";2024-05-27;segunda-feira;12:30:00;GO;"50   ";"116  ";CRISTALINA;Sim;Avarias e/ou desgaste excessivo no pneu;1;Colisão com objeto;Com Vítimas Feridas;Pleno dia;Decrescente;Céu Claro;Dupla;Reta;Não  ;"1078489   ";Automóvel;I/JAC J3 TURIN;"2010      ";Passageiro;Lesões Graves;"58   ";Masculino;"0 ";"0    ";"1    ";"0    ";-16.9079469;-47.6823881;SPRF-DF;DEL01-DF;UOP02-DEL01-DF 
603413;"1346349   ";2024-05-27;segunda-feira;17:44:00;GO;"40   ";"5,9  ";VALPARAISO DE GOIAS;Não;Velocidade Incompatível;2;Colisão traseira;Com Vítimas Feridas;Anoitecer;Crescente;Céu Claro;Dupla;Reta;Não  ;"1078535   ";Automóvel;FIAT/SIENA ATTRACTIV 1.4;"2020      ";Condutor;Ileso;"49   ";Masculino;"1 ";"0    ";"0    ";"0    ";-16.0931340;-47.9822360;SPRF-DF;DEL01-DF;UOP01-DEL01-DF 
603413;"1346348   ";2024-05-27;segunda-feira;17:44:00;GO;"40   ";"5,9  ";VALPARAISO DE GOIAS;Não;Velocidade Incompatível;2;Colisão traseira;Com Vítimas Feridas;Anoitecer;Crescente;Céu Claro;Dupla;Reta;Não  ;"1078557   ";Automóvel;HYUNDAI/HB20S 10M COMFOR;"2023      ";Condutor;Ileso;"32   ";Masculino;"1 ";"0    ";"0    ";"0    ";-16.0931340;-47.9822360;SPRF-DF;DEL01-DF;UOP01-DEL01-DF 
603413;"1346344   ";2024-05-27;segunda-feira;17:44:00;GO;"40   ";"5,9  ";VALPARAISO DE GOIAS;Não;Velocidade Incompatível;2;Colisão traseira;Com Vítimas Feridas;Anoitecer;Crescente;Céu Claro;Dupla;Reta;Não  ;"1078556   ";Motocicleta;HONDA/CB250F TWISTER CBS;"2019      ";Condutor;Lesões Leves;"56   ";Masculino;"0 ";"1    ";"0    ";"0    ";-16.0931340;-47.9822360;SPRF-DF;DEL01-DF;UOP01-DEL01-DF 
603413;"1346349   ";2024-05-27;segunda-feira;17:44:00;GO;"40   ";"5,9  ";VALPARAISO DE GOIAS;Sim;Manobra de mudança de faixa;2;Colisão traseira;Com Vítimas Feridas;Anoitecer;Crescente;Céu Claro;Dupla;Reta;Não  ;"1078535   ";Automóvel;FIAT/SIENA ATTRACTIV 1.4;"2020      ";Condutor;Ileso;"49   ";Masculino;"1 ";"0    ";"0    ";"0    ";-16.0931340;-47.9822360;SPRF-DF;DEL01-DF;UOP01-DEL01-DF 
603413;"1346348   ";2024-05-27;segunda-feira;17:44:00;GO;"40   ";"5,9  ";VALPARAISO DE GOIAS;Sim;Manobra de mudança de faixa;2;Colisão traseira;Com Vítimas Feridas;Anoitecer;Crescente;Céu Claro;Dupla;Reta;Não  ;"1078557   ";Automóvel;HYUNDAI/HB20S 10M COMFOR;"2023      ";Condutor;Ileso;"32   ";Masculino;"1 ";"0    ";"0    ";"0    ";-16.0931340;-47.9822360;SPRF-DF;DEL01-DF;UOP01-DEL01-DF 
603413;"1346344   ";2024-05-27;segunda-feira;17:44:00;GO;"40   ";"5,9  ";VALPARAISO DE GOIAS;Sim;Manobra de mudança de faixa;2;Colisão traseira;Com Vítimas Feridas;Anoitecer;Crescente;Céu Claro;Dupla;Reta;Não  ;"1078556   ";Motocicleta;HONDA/CB250F TWISTER CBS;"2019      ";Condutor;Lesões Leves;"56   ";Masculino;"0 ";"1    ";"0    ";"0    ";-16.0931340;-47.9822360;SPRF-DF;DEL01-DF;UOP01-DEL01-DF 
603413;"1346349   ";2024-05-27;segunda-feira;17:44:00;GO;"40   ";"5,9  ";VALPARAISO DE GOIAS;Não;Velocidade Incompatível;1;Colisão lateral mesmo sentido;Com Vítimas Feridas;Anoitecer;Crescente;Céu Claro;Dupla;Reta;Não  ;"1078535   ";Automóvel;FIAT/SIENA ATTRACTIV 1.4;"2020      ";Condutor;Ileso;"49   ";Masculino;"1 ";"0    ";"0    ";"0    ";-16.0931340;-47.9822360;SPRF-DF;DEL01-DF;UOP01-DEL01-DF 
603413;"1346348   ";2024-05-27;segunda-feira;17:44:00;GO;"40   ";"5,9  ";VALPARAISO DE GOIAS;Não;Velocidade Incompatível;1;Colisão lateral mesmo sentido;Com Vítimas Feridas;Anoitecer;Crescente;Céu Claro;Dupla;Reta;Não  ;"1078557   ";Automóvel;HYUNDAI/HB20S 10M COMFOR;"2023      ";Condutor;Ileso;"32   ";Masculino;"1 ";"0    ";"0    ";"0    ";-16.0931340;-47.9822360;SPRF-DF;DEL01-DF;UOP01-DEL01-DF 
603413;"1346344   ";2024-05-27;segunda-feira;17:44:00;GO;"40   ";"5,9  ";VALPARAISO DE GOIAS;Não;Velocidade Incompatível;1;Colisão lateral mesmo sentido;Com Vítimas Feridas;Anoitecer;Crescente;Céu Claro;Dupla;Reta;Não  ;"1078556   ";Motocicleta;HONDA/CB250F TWISTER CBS;"2019      ";Condutor;Lesões Leves;"56   ";Masculino;"0 ";"1    ";"0    ";"0    ";-16.0931340;-47.9822360;SPRF-DF;DEL01-DF;UOP01-DEL01-DF 
603413;"1346349   ";2024-05-27;segunda-feira;17:44:00;GO;"40   ";"5,9  ";VALPARAISO DE GOIAS;Sim;Manobra de mudança de faixa;1;Colisão lateral mesmo sentido;Com Vítimas Feridas;Anoitecer;Crescente;Céu Claro;Dupla;Reta;Não  ;"1078535   ";Automóvel;FIAT/SIENA ATTRACTIV 1.4;"2020      ";Condutor;Ileso;"49   ";Masculino;"1 ";"0    ";"0    ";"0    ";-16.0931340;-47.9822360;SPRF-DF;DEL01-DF;UOP01-DEL01-DF 
603413;"1346348   ";2024-05-27;segunda-feira;17:44:00;GO;"40   ";"5,9  ";VALPARAISO DE GOIAS;Sim;Manobra de mudança de faixa;1;Colisão lateral mesmo sentido;Com Vítimas Feridas;Anoitecer;Crescente;Céu Claro;Dupla;Reta;Não  ;"1078557   ";Automóvel;HYUNDAI/HB20S 10M COMFOR;"2023      ";Condutor;Ileso;"32   ";Masculino;"1 ";"0    ";"0    ";"0    ";-16.0931340;-47.9822360;SPRF-DF;DEL01-DF;UOP01-DEL01-DF 
603413;"1346344   ";2024-05-27;segunda-feira;17:44:00;GO;"40   ";"5,9  ";VALPARAISO DE GOIAS;Sim;Manobra de mudança de faixa;1;Colisão lateral mesmo sentido;Com Vítimas Feridas;Anoitecer;Crescente;Céu Claro;Dupla;Reta;Não  ;"1078556   ";Motocicleta;HONDA/CB250F TWISTER CBS;"2019      ";Condutor;Lesões Leves;"56   ";Masculino;"0 ";"1    ";"0    ";"0    ";-16.0931340;-47.9822360;SPRF-DF;DEL01-DF;UOP01-DEL01-DF 
603435;"1346293   ";2024-05-22;quarta-feira;08:40:00;GO;"60   ";"73,8 ";ABADIANIA;Sim;Demais falhas mecânicas ou elétricas;2;Colisão com objeto;Com Vítimas Feridas;Pleno dia;Crescente;Céu Claro;Dupla;Aclive;Não  ;"1078518   ";Caminhão;FORD/CARGO 2429 L;"2012      ";Condutor;Ileso;"35   ";Masculino;"1 ";"0    ";"0    ";"0    ";-16.2759000;-48.7774000;SPRF-GO;DEL02-GO;UOP01-DEL02-GO 