id;pesid;data_inversa;dia_semana;horario;uf;br;km;municipio;causa_principal;causa_acidente;ordem_tipo_acidente;tipo_acidente;classificacao_acidente;fase_dia;sentido_via;condicao_metereologica;tipo_pista;tracado_via;uso_solo;id_veiculo;tipo_veiculo;marca;ano_fabricacao_veiculo;tipo_envolvido;estado_fisico;idade;sexo;ilesos;feridos_leves;feridos_graves;mortos;latitude;longitude;regional;delegacia;uop
603729;"1347176   ";2024-05-29;quarta-feira;10:15:00;DF;"20   ";"18   ";BRASILIA;Sim;Falta de elemento de contenção que evite a saída do leito carroçável;1;Saída de leito carroçável;Com Vítimas Feridas;Pleno dia;Crescente;Céu Claro;Dupla;"Reta;Declive";Sim  ;"1079246   ";Utilitário;CHEV/TRAILBLAZER PRE D4A;"2020      ";Passageiro;Lesões Leves;"35   ";Masculino;"0 ";"1    ";"0    ";"0    ";-15.6169010;-47.7089270;SPRF-DF;DEL02-DF;UOP01-DEL02-DF 
603729;"1347175   ";2024-05-29;quarta-feira;10:15:00;DF;"20   ";"18   ";BRASILIA;Sim;Falta de elemento de contenção que evite a saída do leito carroçável;1;Saída de leito carroçável;Com Vítimas Feridas;Pleno dia;Crescente;Céu Claro;Dupla;"Reta;Declive";Sim  ;"1079246   ";Utilitário;CHEV/TRAILBLAZER PRE D4A;"2020      ";Condutor;Ileso;"39   ";Masculino;"1 ";"0    ";"0    ";"0    ";-15.6169010;-47.7089270;SPRF-DF;DEL02-DF;UOP01-DEL02-DF 
603729;"1347176   ";2024-05-29;quarta-feira;10:15:00;DF;"20   ";"18   ";BRASILIA;Sim;Falta de elemento de contenção que evite a saída do leito carroçável;2;Capotamento;Com Vítimas Feridas;Pleno dia;Crescente;Céu Claro;Dupla;"Reta;Declive";Sim  ;"1079246   ";Utilitário;CHEV/TRAILBLAZER PRE D4A;"2020      ";Passageiro;Lesões Leves;"35   ";Masculino;"0 ";"1    ";"0    ";"0    ";-15.6169010;-47.7089270;SPRF-DF;DEL02-DF;UOP01-DEL02-DF 
603729;"1347175   ";2024-05-29;quarta-feira;10:15:00;DF;"20   ";"18   ";BRASILIA;Sim;Falta de elemento de contenção que evite a saída do leito carroçável;2;Capotamento;Com Vítimas Feridas;Pleno dia;Crescente;Céu Claro;Dupla;"Reta;Declive";Sim  ;"1079246   ";Utilitário;CHEV/TRAILBLAZER PRE D4A;"2020      ";Condutor;Ileso;"39   ";Masculino;"1 ";"0    ";"0    ";"0    ";-15.6169010;-47.7089270;SPRF-DF;DEL02-DF;UOP01-DEL02-DF 
603743;"1347141   ";2024-05-29;quarta-feira;11:35:00;DF;"20   ";"18   ";BRASILIA;Sim;Ausência de reação do condutor;1;Engavetamento;Sem Vítimas;Pleno dia;Crescente;Céu Claro;Múltipla;Reta;Sim  ;"1079223   ";Caminhonete;HYUNDAI/HR HDB;"2013      ";Condutor;Ileso;"36   ";Masculino;"1 ";"0    ";"0    ";"0    ";-15.6169010;-47.7089270;SPRF-DF;DEL02-DF;UOP01-DEL02-DF 
603743;"1347138   ";2024-05-29;quarta-feira;11:35:00;DF;"20   ";"18   ";BRASILIA;Sim;Ausência de reação do condutor;1;Engavetamento;Sem Vítimas;Pleno dia;Crescente;Céu Claro;Múltipla;Reta;Sim  ;"1079221   ";Automóvel;TOYOTA/COROLLA GLI18 CVT;"2015      ";Condutor;Ileso;"44   ";Feminino;"1 ";"0    ";"0    ";"0    ";-15.6169010;-47.7089270;SPRF-DF;DEL02-DF;UOP01-DEL02-DF 
603743;"1347139   ";2024-05-29;quarta-feira;11:35:00;DF;"20   ";"18   ";BRASILIA;Sim;Ausência de reação do condutor;1;Engavetamento;Sem Vítimas;Pleno dia;Crescente;Céu Claro;Múltipla;Reta;Sim  ;"1079222   ";Automóvel;VW/GOL MPI;"2022      ";Condutor;Ileso;"32   ";Masculino;"1 ";"0    ";"0    ";"0    ";-15.6169010;-47.7089270;SPRF-DF;DEL02-DF;UOP01-DEL02-DF 
603743;"1347142   ";2024-05-29;quarta-feira;11:35:00;DF;"20   ";"18   ";BRASILIA;Sim;Ausência de reação do condutor;1;Engavetamento;Sem Vítimas;Pleno dia;Crescente;Céu Claro;Múltipla;Reta;Sim  ;"1079224   ";Caminhonete;I/TOYOTA HILUX CS4X4;"2007      ";Condutor;Ileso;"46   ";Masculino;"1 ";"0    ";"0    ";"0    ";-15.6169010;-47.7089270;SPRF-DF;DEL02-DF;UOP01-DEL02-DF 
603743;"1347204   ";2024-05-29;quarta-feira;11:35:00;DF;"20   ";"18   ";BRASILIA;Sim;Ausência de reação do condutor;1;Engavetamento;Sem Vítimas;Pleno dia;Crescente;Céu Claro;Múltipla;Reta;Sim  ;"1079241   ";Utilitário;JEEP/COMPASS LONG TD;"2023      ";Condutor;Ileso;"45   ";Masculino;"1 ";"0    ";"0    ";"0    ";-15.6169010;-47.7089270;SPRF-DF;DEL02-DF;UOP01-DEL02-DF 
603743;"1347203   ";2024-05-29;quarta-feira;11:35:00;DF;"20   ";"18   ";BRASILIA;Sim;Ausência de reação do condutor;1;Engavetamento;Sem Vítimas;Pleno dia;Crescente;Céu Claro;Múltipla;Reta;Sim  ;"1079240   ";Utilitário;I/TOYOTA HILUX SWSRXA4FD;"2023      ";Condutor;Ileso;"39   ";Masculino;"1 ";"0    ";"0    ";"0    ";-15.6169010;-47.7089270;SPRF-DF;DEL02-DF;UOP01-DEL02-DF 
603743;"1347143   ";2024-05-29;quarta-feira;11:35:00;DF;"20   ";"18   ";BRASILIA;Sim;Ausência de reação do condutor;1;Engavetamento;Sem Vítimas;Pleno dia;Crescente;Céu Claro;Múltipla;Reta;Sim  ;"1079225   ";Caminhão;VW/24.250 CNC 6X2;"2010      ";Condutor;Ileso;"36   ";Masculino;"1 ";"0    ";"0    ";"0    ";-15.6169010;-47.7089270;SPRF-DF;DEL02-DF;UOP01-DEL02-DF 
603744;"1347028   ";2024-04-15;segunda-feira;10:10:00;DF;"60   ";"31,2 ";BRASILIA;Sim;Condutor Dormindo;1;Colisão traseira;Com Vítimas Feridas;Pleno dia;Decrescente;Céu Claro;Dupla;"Reta;Aclive";Não  ;"1079130   ";Caminhão;I/M.BENZ 415CDISPRINTERF;"2016      ";Condutor;Lesões Graves;"38   ";Masculino;"0 ";"0    ";"1    ";"0    ";-16.0500202;-48.2587338;SPRF-DF;DEL03-DF;UOP01-DEL03-DF 
603744;"1347029   ";2024-04-15;segunda-feira;10:10:00;DF;"60   ";"31,2 ";BRASILIA;Sim;Condutor Dormindo;1;Colisão traseira;Com Vítimas Feridas;Pleno dia;Decrescente;Céu Claro;Dupla;"Reta;Aclive";Não  ;"1079131   ";Caminhão;M.BENZ/L 1113;"1974      ";Condutor;Ileso;"58   ";Masculino;"1 ";"0    ";"0    ";"0    ";-16.0500202;-48.2587338;SPRF-DF;DEL03-DF;UOP01-DEL03-DF 
603744;"1347122   ";2024-04-15;segunda-feira;10:10:00;DF;"60   ";"31,2 ";BRASILIA;Sim;Condutor Dormindo;1;Colisão traseira;Com Vítimas Feridas;Pleno dia;Decrescente;Céu Claro;Dupla;"Reta;Aclive";Não  ;"1079135   ";Camioneta;I/VOLVO XC60 2.0T5 R-DES;"2017      ";Condutor;Ileso;"38   ";Masculino;"1 ";"0    ";"0    ";"0    ";-16.0500202;-48.2587338;SPRF-DF;DEL03-DF;UOP01-DEL03-DF 
603752;"1347198   ";2024-05-29;quarta-feira;12:00:00;DF;"20   ";"21   ";BRASILIA;Sim;Ausência de reação do condutor;1;Colisão traseira;Com Vítimas Feridas;Pleno dia;Decrescente;Céu Claro;Dupla;Reta;Sim  ;"1079265   ";Caminhão;VW/24.250 CNC 6X2;"2008      ";Condutor;Ileso;"42   ";Masculino;"1 ";"0    ";"0    ";"0    ";-15.6033840;-47.6846920;SPRF-DF;DEL02-DF;UOP01-DEL02-DF 
603752;"1347201   ";2024-05-29;quarta-feira;12:00:00;DF;"20   ";"21   ";BRASILIA;Sim;Ausência de reação do condutor;1;Colisão traseira;Com Vítimas Feridas;Pleno dia;Decrescente;Céu Claro;Dupla;Reta;Sim  ;"1079267   ";Caminhonete;I/FORD RANGER XLS CD2 25;"2012      ";Passageiro;Lesões Leves;"30   ";Feminino;"0 ";"1    ";"0    ";"0    ";-15.6033840;-47.6846920;SPRF-DF;DEL02-DF;UOP01-DEL02-DF 
603752;"1347200   ";2024-05-29;quarta-feira;12:00:00;DF;"20   ";"21   ";BRASILIA;Sim;Ausência de reação do condutor;1;Colisão traseira;Com Vítimas Feridas;Pleno dia;Decrescente;Céu Claro;Dupla;Reta;Sim  ;"1079267   ";Caminhonete;I/FORD RANGER XLS CD2 25;"2012      ";Condutor;Ileso;"35   ";Masculino;"1 ";"0    ";"0    ";"0    ";-15.6033840;-47.6846920;SPRF-DF;DEL02-DF;UOP01-DEL02-DF 
603792;"1347148   ";2024-04-18;quinta-feira;04:35:00;DF;"70   ";"5    ";BRASILIA;Não;Ausência de reação do condutor;1;Colisão traseira;Com Vítimas Feridas;Amanhecer;Decrescente;Céu Claro;Múltipla;Reta;Sim  ;"1079231   ";Caminhão;FORD/CARGO 815 E;"2010      ";Passageiro;Lesões Graves;"30   ";Masculino;"0 ";"0    ";"1    ";"0    ";-15.7946560;-48.0967790;SPRF-DF;DEL03-DF;UOP02-DEL03-DF 
603792;"1347149   ";2024-04-18;quinta-feira;04:35:00;DF;"70   ";"5    ";BRASILIA;Não;Ausência de reação do condutor;1;Colisão traseira;Com Vítimas Feridas;Amanhecer;Decrescente;Céu Claro;Múltipla;Reta;Sim  ;"1079231   ";Caminhão;FORD/CARGO 815 E;"2010      ";Passageiro;Lesões Graves;"60   ";Masculino;"0 ";"0    ";"1    ";"0    ";-15.7946560;-48.0967790;SPRF-DF;DEL03-DF;UOP02-DEL03-DF 
603792;"1347147   ";2024-04-18;quinta-feira;04:35:00;DF;"70   ";"5    ";BRASILIA;Não;Ausência de reação do condutor;1;Colisão traseira;Com Vítimas Feridas;Amanhecer;Decrescente;Céu Claro;Múltipla;Reta;Sim  ;"1079231   ";Caminhão;FORD/CARGO 815 E;"2010      ";Condutor;Lesões Leves;"47   ";Masculino;"0 ";"1    ";"0    ";"0    ";-15.7946560;-48.0967790;SPRF-DF;DEL03-DF;UOP02-DEL03-DF 
603792;"1347150   ";2024-04-18;quinta-feira;04:35:00;DF;"70   ";"5    ";BRASILIA;Não;Ausência de reação do condutor;1;Colisão traseira;Com Vítimas Feridas;Amanhecer;Decrescente;Céu Claro;Múltipla;Reta;Sim  ;"1079232   ";Caminhão-trator;VOLVO/FH12 380 6X2T;"2006      ";Condutor;Ileso;"47   ";Masculino;"1 ";"0    ";"0    ";"0    ";-15.7946560;-48.0967790;SPRF-DF;DEL03-DF;UOP02-DEL03-DF 
603792;"0         ";2024-04-18;quinta-feira;04:35:00;DF;"70   ";"5    ";BRASILIA;Não;Ausência de reação do condutor;1;Colisão traseira;Com Vítimas Feridas;Amanhecer;Decrescente;Céu Claro;Múltipla;Reta;Sim  ;"1079233   ";Semireboque;SR/GUERRA AG GR;"2008      ";"0";"0";"0    ";"0";"0 ";"0    ";"0    ";"0    ";-15.7946560;-48.0967790;SPRF-DF;DEL03-DF;UOP02-DEL03-DF 
603792;"0         ";2024-04-18;quinta-feira;04:35:00;DF;"70   ";"5    ";BRASILIA;Não;Ausência de reação do condutor;1;Colisão traseira;Com Vítimas Feridas;Amanhecer;Decrescente;Céu Claro;Múltipla;Reta;Sim  ;"1079234   ";Semireboque;SR/GUERRA AG GR;"2008      ";"0";"0";"0    ";"0";"0 ";"0    ";"0    ";"0    ";-15.7946560;-48.0967790;SPRF-DF;DEL03-DF;UOP02-DEL03-DF 
603792;"1347148   ";2024-04-18;quinta-feira;04:35:00;DF;"70   ";"5    ";BRASILIA;Sim;Acessar a via sem observar a presença dos outros veículos;1;Colisão traseira;Com Vítimas Feridas;Amanhecer;Decrescente;Céu Claro;Múltipla;Reta;Sim  ;"1079231   ";Caminhão;FORD/CARGO 815 E;"2010      ";Passageiro;Lesões Graves;"30   ";Masculino;"0 ";"0    ";"1    ";"0    ";-15.7946560;-48.0967790;SPRF-DF;DEL03-DF;UOP02-DEL03-DF 
603792;"1347149   ";2024-04-18;quinta-feira;04:35:00;DF;"70   ";"5    ";BRASILIA;Sim;Acessar a via sem observar a presença dos outros veículos;1;Colisão traseira;Com Vítimas Feridas;Amanhecer;Decrescente;Céu Claro;Múltipla;Reta;Sim  ;"1079231   ";Caminhão;FORD/CARGO 815 E;"2010      ";Passageiro;Lesões Graves;"60   ";Masculino;"0 ";"0    ";"1    ";"0    ";-15.7946560;-48.0967790;SPRF-DF;DEL03-DF;UOP02-DEL03-DF 
603792;"1347147   ";2024-04-18;quinta-feira;04:35:00;DF;"70   ";"5    ";BRASILIA;Sim;Acessar a via sem observar a presença dos outros veículos;1;Colisão traseira;Com Vítimas Feridas;Amanhecer;Decrescente;Céu Claro;Múltipla;Reta;Sim  ;"1079231   ";Caminhão;FORD/CARGO 815 E;"2010      ";Condutor;Lesões Leves;"47   ";Masculino;"0 ";"1    ";"0    ";"0    ";-15.7946560;-48.0967790;SPRF-DF;DEL03-DF;UOP02-DEL03-DF 
603792;"1347150   ";2024-04-18;quinta-feira;04:35:00;DF;"70   ";"5    ";BRASILIA;Sim;Acessar a via sem observar a presença dos outros veículos;1;Colisão traseira;Com Vítimas Feridas;Amanhecer;Decrescente;Céu Claro;Múltipla;Reta;Sim  ;"1079232   ";Caminhão-trator;VOLVO/FH12 380 6X2T;"2006      ";Condutor;Ileso;"47   ";Masculino;"1 ";"0    ";"0    ";"0    ";-15.7946560;-48.0967790;SPRF-DF;DEL03-DF;UOP02-DEL03-DF 
603792;"0         ";2024-04-18;quinta-feira;04:35:00;DF;"70   ";"5    ";BRASILIA;Sim;Acessar a via sem observar a presença dos outros veículos;1;Colisão traseira;Com Vítimas Feridas;Amanhecer;Decrescente;Céu Claro;Múltipla;Reta;Sim  ;"1079233   ";Semireboque;SR/GUERRA AG GR;"2008      ";"0";"0";"0    ";"0";"0 ";"0    ";"0    ";"0    ";-15.7946560;-48.0967790;SPRF-DF;DEL03-DF;UOP02-DEL03-DF 
603792;"0         ";2024-04-18;quinta-feira;04:35:00;DF;"70   ";"5    ";BRASILIA;Sim;Acessar a via sem observar a presença dos outros veículos;1;Colisão traseira;Com Vítimas Feridas;Amanhecer;Decrescente;Céu Claro;Múltipla;Reta;Sim  ;"1079234   ";Semireboque;SR/GUERRA AG GR;"2008      ";"0";"0";"0    ";"0";"0 ";"0    ";"0    ";"0    ";-15.7946560;-48.0967790;SPRF-DF;DEL03-DF;UOP02-DEL03-DF 
603813;"1347385   ";2024-05-29;quarta-feira;17:12:00;GO;"40   ";"3    ";VALPARAISO DE GOIAS;Sim;Acessar a via sem observar a presença dos outros veículos;1;Colisão transversal;Com Vítimas Feridas;Anoitecer;Crescente;Céu Claro;Dupla;Reta;Sim  ;"1079399   ";Motocicleta;HONDA/CG 160 TITAN;"2024      ";Condutor;Lesões Leves;"23   ";Masculino;"0 ";"1    ";"0    ";"0    ";-16.0760810;-47.9856710;SPRF-DF;DEL01-DF;UOP01-DEL01-DF 
603813;"1349353   ";2024-05-29;quarta-feira;17:12:00;GO;"40   ";"3    ";VALPARAISO DE GOIAS;Sim;Acessar a via sem observar a presença dos outros veículos;1;Colisão transversal;Com Vítimas Feridas;Anoitecer;Crescente;Céu Claro;Dupla;Reta;Sim  ;"1079401   ";Automóvel;Não Informado/Não Informado;"0         ";Condutor;Não Informado;"0    ";Não Informado;"0 ";"0    ";"0    ";"0    ";-16.0760810;-47.9856710;SPRF-DF;DEL01-DF;UOP01-DEL01-DF 
603822;"1347238   ";2024-05-29;quarta-feira;17:55:00;DF;"80   ";"25   ";BRASILIA;Sim;Mal súbito do condutor;3;Colisão frontal;Com Vítimas Feridas;Anoitecer;Crescente;Céu Claro;Simples;Reta;Sim  ;"1079303   ";Caminhonete;FIAT/STRADA FREEDOM CD;"2018      ";Condutor;Lesões Graves;"56   ";Feminino;"0 ";"0    ";"1    ";"0    ";-15.6212100;-48.1989630;SPRF-DF;DEL03-DF;UOP02-DEL03-DF 
603822;"1347240   ";2024-05-29;quarta-feira;17:55:00;DF;"80   ";"25   ";BRASILIA;Sim;Mal súbito do condutor;3;Colisão frontal;Com Vítimas Feridas;Anoitecer;Crescente;Céu Claro;Simples;Reta;Sim  ;"1079307   ";Automóvel;FIAT/UNO MILLE WAY ECON;"2013      ";Condutor;Ileso;"54   ";Masculino;"1 ";"0    ";"0    ";"0    ";-15.6212100;-48.1989630;SPRF-DF;DEL03-DF;UOP02-DEL03-DF 
603822;"1347239   ";2024-05-29;quarta-feira;17:55:00;DF;"80   ";"25   ";BRASILIA;Sim;Mal súbito do condutor;3;Colisão frontal;Com Vítimas Feridas;Anoitecer;Crescente;Céu Claro;Simples;Reta;Sim  ;"1079305   ";Automóvel;CHEVROLET/ONIX 1.0MT LT;"2016      ";Condutor;Lesões Graves;"33   ";Feminino;"0 ";"0    ";"1    ";"0    ";-15.6212100;-48.1989630;SPRF-DF;DEL03-DF;UOP02-DEL03-DF 
603822;"1348759   ";2024-05-29;quarta-feira;17:55:00;DF;"80   ";"25   ";BRASILIA;Sim;Mal súbito do condutor;3;Colisão frontal;Com Vítimas Feridas;Anoitecer;Crescente;Céu Claro;Simples;Reta;Sim  ;"1079305   ";Automóvel;CHEVROLET/ONIX 1.0MT LT;"2016      ";Passageiro;Lesões Graves;"5    ";Feminino;"0 ";"0    ";"1    ";"0    ";-15.6212100;-48.1989630;SPRF-DF;DEL03-DF;UOP02-DEL03-DF 
603822;"1347238   ";2024-05-29;quarta-feira;17:55:00;DF;"80   ";"25   ";BRASILIA;Sim;Mal súbito do condutor;2;Saída de leito carroçável;Com Vítimas Feridas;Anoitecer;Crescente;Céu Claro;Simples;Reta;Sim  ;"1079303   ";Caminhonete;FIAT/STRADA FREEDOM CD;"2018      ";Condutor;Lesões Graves;"56   ";Feminino;"0 ";"0    ";"1    ";"0    ";-15.6212100;-48.1989630;SPRF-DF;DEL03-DF;UOP02-DEL03-DF 
603822;"1347240   ";2024-05-29;quarta-feira;17:55:00;DF;"80   ";"25   ";BRASILIA;Sim;Mal súbito do condutor;2;Saída de leito carroçável;Com Vítimas Feridas;Anoitecer;Crescente;Céu Claro;Simples;Reta;Sim  ;"1079307   ";Automóvel;FIAT/UNO MILLE WAY ECON;"2013      ";Condutor;Ileso;"54   ";Masculino;"1 ";"0    ";"0    ";"0    ";-15.6212100;-48.1989630;SPRF-DF;DEL03-DF;UOP02-DEL03-DF 
603822;"1347239   ";2024-05-29;quarta-feira;17:55:00;DF;"80   ";"25   ";BRASILIA;Sim;Mal súbito do condutor;2;Saída de leito carroçável;Com Vítimas Feridas;Anoitecer;Crescente;Céu Claro;Simples;Reta;Sim  ;"1079305   ";Automóvel;CHEVROLET/ONIX 1.0MT LT;"2016      ";Condutor;Lesões Graves;"33   ";Feminino;"0 ";"0    ";"1    ";"0    ";-15.6212100;-48.1989630;SPRF-DF;DEL03-DF;UOP02-DEL03-DF 
603822;"1348759   ";2024-05-29;quarta-feira;17:55:00;DF;"80   ";"25   ";BRASILIA;Sim;Mal súbito do condutor;2;Saída de leito carroçável;Com Vítimas Feridas;Anoitecer;Crescente;Céu Claro;Simples;Reta;Sim  ;"1079305   ";Automóvel;CHEVROLET/ONIX 1.0MT LT;"2016      ";Passageiro;Lesões Graves;"5    ";Feminino;"0 ";"0    ";"1    ";"0    ";-15.6212100;-48.1989630;SPRF-DF;DEL03-DF;UOP02-DEL03-DF 
603822;"1347238   ";2024-05-29;quarta-feira;17:55:00;DF;"80   ";"25   ";BRASILIA;Sim;Mal súbito do condutor;1;Colisão transversal;Com Vítimas Feridas;Anoitecer;Crescente;Céu Claro;Simples;Reta;Sim  ;"1079303   ";Caminhonete;FIAT/STRADA FREEDOM CD;"2018      ";Condutor;Lesões Graves;"56   ";Feminino;"0 ";"0    ";"1    ";"0    ";-15.6212100;-48.1989630;SPRF-DF;DEL03-DF;UOP02-DEL03-DF 
603822;"1347239   ";2024-05-29;quarta-feira;17:55:00;DF;"80   ";"25   ";BRASILIA;Sim;Mal súbito do condutor;1;Colisão transversal;Com Vítimas Feridas;Anoitecer;Crescente;Céu Claro;Simples;Reta;Sim  ;"1079305   ";Automóvel;CHEVROLET/ONIX 1.0MT LT;"2016      ";Condutor;Lesões Graves;"33   ";Feminino;"0 ";"0    ";"1    ";"0    ";-15.6212100;-48.1989630;SPRF-DF;DEL03-DF;UOP02-DEL03-DF 
603822;"1348759   ";2024-05-29;quarta-feira;17:55:00;DF;"80   ";"25   ";BRASILIA;Sim;Mal súbito do condutor;1;Colisão transversal;Com Vítimas Feridas;Anoitecer;Crescente;Céu Claro;Simples;Reta;Sim  ;"1079305   ";Automóvel;CHEVROLET/ONIX 1.0MT LT;"2016      ";Passageiro;Lesões Graves;"5    ";Feminino;"0 ";"0    ";"1    ";"0    ";-15.6212100;-48.1989630;SPRF-DF;DEL03-DF;UOP02-DEL03-DF 
603889;"1347393   ";2024-05-29;quarta-feira;20:00:00;DF;"20   ";"10   ";BRASILIA;Sim;Ausência de reação do condutor;1;Colisão traseira;Com Vítimas Feridas;Plena Noite;Crescente;Céu Claro;Múltipla;Reta;Sim  ;"1079404   ";Ônibus;M.BENZ/MASCA GRANVIA O;"2023      ";Condutor;Ileso;"48   ";Masculino;"1 ";"0    ";"0    ";"0    ";-15.6502430;-47.7738720;SPRF-DF;DEL02-DF;UOP01-DEL02-DF 
603889;"1347405   ";2024-05-29;quarta-feira;20:00:00;DF;"20   ";"10   ";BRASILIA;Sim;Ausência de reação do condutor;1;Colisão traseira;Com Vítimas Feridas;Plena Noite;Crescente;Céu Claro;Múltipla;Reta;Sim  ;"1079404   ";Ônibus;M.BENZ/MASCA GRANVIA O;"2023      ";Passageiro;Lesões Leves;"51   ";Feminino;"0 ";"1    ";"0    ";"0    ";-15.6502430;-47.7738720;SPRF-DF;DEL02-DF;UOP01-DEL02-DF 
603889;"1347395   ";2024-05-29;quarta-feira;20:00:00;DF;"20   ";"10   ";BRASILIA;Sim;Ausência de reação do condutor;1;Colisão traseira;Com Vítimas Feridas;Plena Noite;Crescente;Céu Claro;Múltipla;Reta;Sim  ;"1079407   ";Automóvel;VW/GOL ATLANTA 1.8;"1996      ";Condutor;Lesões Leves;"20   ";Masculino;"0 ";"1    ";"0    ";"0    ";-15.6502430;-47.7738720;SPRF-DF;DEL02-DF;UOP01-DEL02-DF 
603889;"1347410   ";2024-05-29;quarta-feira;20:00:00;DF;"20   ";"10   ";BRASILIA;Sim;Ausência de reação do condutor;1;Colisão traseira;Com Vítimas Feridas;Plena Noite;Crescente;Céu Claro;Múltipla;Reta;Sim  ;"1079407   ";Automóvel;VW/GOL ATLANTA 1.8;"1996      ";Passageiro;Lesões Leves;"20   ";Masculino;"0 ";"1    ";"0    ";"0    ";-15.6502430;-47.7738720;SPRF-DF;DEL02-DF;UOP01-DEL02-DF 
603889;"1347397   ";2024-05-29;quarta-feira;20:00:00;DF;"20   ";"10   ";BRASILIA;Sim;Ausência de reação do condutor;1;Colisão traseira;Com Vítimas Feridas;Plena Noite;Crescente;Céu Claro;Múltipla;Reta;Sim  ;"1079407   ";Automóvel;VW/GOL ATLANTA 1.8;"1996      ";Passageiro;Lesões Leves;"18   ";Masculino;"0 ";"1    ";"0    ";"0    ";-15.6502430;-47.7738720;SPRF-DF;DEL02-DF;UOP01-DEL02-DF 
603946;"1347574   ";2024-05-29;quarta-feira;19:10:00;GO;"40   ";"83   ";CRISTALINA;Não;Pista Escorregadia;1;Colisão traseira;Sem Vítimas;Plena Noite;Decrescente;Céu Claro;Dupla;Reta;Não  ;"1079548   ";Utilitário;CHEV/TRAILBLAZER LT D4A;"2023      ";Condutor;Ileso;"42   ";Masculino;"1 ";"0    ";"0    ";"0    ";-16.6920610;-47.6979070;SPRF-DF;DEL01-DF;UOP02-DEL01-DF 
603946;"1347575   ";2024-05-29;quarta-feira;19:10:00;GO;"40   ";"83   ";CRISTALINA;Não;Pista Escorregadia;1;Colisão traseira;Sem Vítimas;Plena Noite;Decrescente;Céu Claro;Dupla;Reta;Não  ;"1079550   ";Caminhonete;I/FORD RANGER XLTCD4A32C;"2017      ";Condutor;Ileso;"37   ";Masculino;"1 ";"0    ";"0    ";"0    ";-16.6920610;-47.6979070;SPRF-DF;DEL01-DF;UOP02-DEL01-DF 
603946;"1347574   ";2024-05-29;quarta-feira;19:10:00;GO;"40   ";"83   ";CRISTALINA;Sim;Condutor deixou de manter distância do veículo da frente;1;Colisão traseira;Sem Vítimas;Plena Noite;Decrescente;Céu Claro;Dupla;Reta;Não  ;"1079548   ";Utilitário;CHEV/TRAILBLAZER LT D4A;"2023      ";Condutor;Ileso;"42   ";Masculino;"1 ";"0    ";"0    ";"0    ";-16.6920610;-47.6979070;SPRF-DF;DEL01-DF;UOP02-DEL01-DF 
603946;"1347575   ";2024-05-29;quarta-feira;19:10:00;GO;"40   ";"83   ";CRISTALINA;Sim;Condutor deixou de manter distância do veículo da frente;1;Colisão traseira;Sem Vítimas;Plena Noite;Decrescente;Céu Claro;Dupla;Reta;Não  ;"1079550   ";Caminhonete;I/FORD RANGER XLTCD4A32C;"2017      ";Condutor;Ileso;"37   ";Masculino;"1 ";"0    ";"0    ";"0    ";-16.6920610;-47.6979070;SPRF-DF;DEL01-DF;UOP02-DEL01-DF 
604035;"1347836   ";2024-05-30;quinta-feira;14:50:00;GO;"60   ";"28,2 ";ALEXANIA;Sim;Manobra de mudança de faixa;1;Colisão lateral mesmo sentido;Com Vítimas Feridas;Pleno dia;Crescente;Céu Claro;Dupla;Reta;Não  ;"1079760   ";Automóvel;VW/NIVUS HL TSI AD;"2021      ";Condutor;Ileso;"28   ";Masculino;"1 ";"0    ";"0    ";"0    ";-16.0963000;-48.5202000;SPRF-DF;DEL03-DF;UOP01-DEL03-DF 
604035;"1348058   ";2024-05-30;quinta-feira;14:50:00;GO;"60   ";"28,2 ";ALEXANIA;Sim;Manobra de mudança de faixa;1;Colisão lateral mesmo sentido;Com Vítimas Feridas;Pleno dia;Crescente;Céu Claro;Dupla;Reta;Não  ;"1079760   ";Automóvel;VW/NIVUS HL TSI AD;"2021      ";Passageiro;Ileso;"25   ";Feminino;"1 ";"0    ";"0    ";"0    ";-16.0963000;-48.5202000;SPRF-DF;DEL03-DF;UOP01-DEL03-DF 
604035;"1348060   ";2024-05-30;quinta-feira;14:50:00;GO;"60   ";"28,2 ";ALEXANIA;Sim;Manobra de mudança de faixa;1;Colisão lateral mesmo sentido;Com Vítimas Feridas;Pleno dia;Crescente;Céu Claro;Dupla;Reta;Não  ;"1079761   ";Automóvel;NISSAN/KICKS SV CVT;"2018      ";Passageiro;Ileso;"33   ";Feminino;"1 ";"0    ";"0    ";"0    ";-16.0963000;-48.5202000;SPRF-DF;DEL03-DF;UOP01-DEL03-DF 
604035;"1348059   ";2024-05-30;quinta-feira;14:50:00;GO;"60   ";"28,2 ";ALEXANIA;Sim;Manobra de mudança de faixa;1;Colisão lateral mesmo sentido;Com Vítimas Feridas;Pleno dia;Crescente;Céu Claro;Dupla;Reta;Não  ;"1079761   ";Automóvel;NISSAN/KICKS SV CVT;"2018      ";Passageiro;Ileso;"32   ";Feminino;"1 ";"0    ";"0    ";"0    ";-16.0963000;-48.5202000;SPRF-DF;DEL03-DF;UOP01-DEL03-DF 