id;pesid;data_inversa;dia_semana;horario;uf;br;km;municipio;causa_principal;causa_acidente;ordem_tipo_acidente;tipo_acidente;classificacao_acidente;fase_dia;sentido_via;condicao_metereologica;tipo_pista;tracado_via;uso_solo;id_veiculo;tipo_veiculo;marca;ano_fabricacao_veiculo;tipo_envolvido;estado_fisico;idade;sexo;ilesos;feridos_leves;feridos_graves;mortos;latitude;longitude;regional;delegacia;uop
604035;"1347838   ";2024-05-30;quinta-feira;14:50:00;GO;"60   ";"28,2 ";ALEXANIA;Sim;Manobra de mudança de faixa;1;Colisão lateral mesmo sentido;Com Vítimas Feridas;Pleno dia;Crescente;Céu Claro;Dupla;Reta;Não  ;"1079761   ";Automóvel;NISSAN/KICKS SV CVT;"2018      ";Condutor;Lesões Graves;"58   ";Feminino;"0 ";"0    ";"1    ";"0    ";-16.0963000;-48.5202000;SPRF-DF;DEL03-DF;UOP01-DEL03-DF 
604054;"1347934   ";2024-05-30;quinta-feira;16:22:00;DF;"20   ";"21   ";BRASILIA;Não;Manobra de mudança de faixa;2;Colisão com objeto;Com Vítimas Feridas;Pleno dia;Crescente;Céu Claro;Dupla;"Retorno Regulamentado;Reta;Interseção de Vias";Sim  ;"1079835   ";Automóvel;CHEVROLET/CLASSIC LS;"2012      ";Passageiro;Ileso;"42   ";Masculino;"1 ";"0    ";"0    ";"0    ";-15.6033840;-47.6846920;SPRF-DF;DEL02-DF;UOP01-DEL02-DF 
604054;"1347929   ";2024-05-30;quinta-feira;16:22:00;DF;"20   ";"21   ";BRASILIA;Não;Manobra de mudança de faixa;2;Colisão com objeto;Com Vítimas Feridas;Pleno dia;Crescente;Céu Claro;Dupla;"Retorno Regulamentado;Reta;Interseção de Vias";Sim  ;"1079835   ";Automóvel;CHEVROLET/CLASSIC LS;"2012      ";Condutor;Lesões Leves;"37   ";Feminino;"0 ";"1    ";"0    ";"0    ";-15.6033840;-47.6846920;SPRF-DF;DEL02-DF;UOP01-DEL02-DF 
604054;"1347937   ";2024-05-30;quinta-feira;16:22:00;DF;"20   ";"21   ";BRASILIA;Não;Manobra de mudança de faixa;2;Colisão com objeto;Com Vítimas Feridas;Pleno dia;Crescente;Céu Claro;Dupla;"Retorno Regulamentado;Reta;Interseção de Vias";Sim  ;"1079835   ";Automóvel;CHEVROLET/CLASSIC LS;"2012      ";Passageiro;Ileso;"4    ";Feminino;"1 ";"0    ";"0    ";"0    ";-15.6033840;-47.6846920;SPRF-DF;DEL02-DF;UOP01-DEL02-DF 
604054;"1347938   ";2024-05-30;quinta-feira;16:22:00;DF;"20   ";"21   ";BRASILIA;Não;Manobra de mudança de faixa;2;Colisão com objeto;Com Vítimas Feridas;Pleno dia;Crescente;Céu Claro;Dupla;"Retorno Regulamentado;Reta;Interseção de Vias";Sim  ;"1079836   ";Automóvel;FIAT/PALIO ELX FLEX;"2010      ";Condutor;Ileso;"47   ";Masculino;"1 ";"0    ";"0    ";"0    ";-15.6033840;-47.6846920;SPRF-DF;DEL02-DF;UOP01-DEL02-DF 
604054;"1347934   ";2024-05-30;quinta-feira;16:22:00;DF;"20   ";"21   ";BRASILIA;Não;Reação tardia ou ineficiente do condutor;2;Colisão com objeto;Com Vítimas Feridas;Pleno dia;Crescente;Céu Claro;Dupla;"Retorno Regulamentado;Reta;Interseção de Vias";Sim  ;"1079835   ";Automóvel;CHEVROLET/CLASSIC LS;"2012      ";Passageiro;Ileso;"42   ";Masculino;"1 ";"0    ";"0    ";"0    ";-15.6033840;-47.6846920;SPRF-DF;DEL02-DF;UOP01-DEL02-DF 
604054;"1347929   ";2024-05-30;quinta-feira;16:22:00;DF;"20   ";"21   ";BRASILIA;Não;Reação tardia ou ineficiente do condutor;2;Colisão com objeto;Com Vítimas Feridas;Pleno dia;Crescente;Céu Claro;Dupla;"Retorno Regulamentado;Reta;Interseção de Vias";Sim  ;"1079835   ";Automóvel;CHEVROLET/CLASSIC LS;"2012      ";Condutor;Lesões Leves;"37   ";Feminino;"0 ";"1    ";"0    ";"0    ";-15.6033840;-47.6846920;SPRF-DF;DEL02-DF;UOP01-DEL02-DF 
604054;"1347937   ";2024-05-30;quinta-feira;16:22:00;DF;"20   ";"21   ";BRASILIA;Não;Reação tardia ou ineficiente do condutor;2;Colisão com objeto;Com Vítimas Feridas;Pleno dia;Crescente;Céu Claro;Dupla;"Retorno Regulamentado;Reta;Interseção de Vias";Sim  ;"1079835   ";Automóvel;CHEVROLET/CLASSIC LS;"2012      ";Passageiro;Ileso;"4    ";Feminino;"1 ";"0    ";"0    ";"0    ";-15.6033840;-47.6846920;SPRF-DF;DEL02-DF;UOP01-DEL02-DF 
604054;"1347938   ";2024-05-30;quinta-feira;16:22:00;DF;"20   ";"21   ";BRASILIA;Não;Reação tardia ou ineficiente do condutor;2;Colisão com objeto;Com Vítimas Feridas;Pleno dia;Crescente;Céu Claro;Dupla;"Retorno Regulamentado;Reta;Interseção de Vias";Sim  ;"1079836   ";Automóvel;FIAT/PALIO ELX FLEX;"2010      ";Condutor;Ileso;"47   ";Masculino;"1 ";"0    ";"0    ";"0    ";-15.6033840;-47.6846920;SPRF-DF;DEL02-DF;UOP01-DEL02-DF 
604054;"1347934   ";2024-05-30;quinta-feira;16:22:00;DF;"20   ";"21   ";BRASILIA;Sim;Acessar a via sem observar a presença dos outros veículos;2;Colisão com objeto;Com Vítimas Feridas;Pleno dia;Crescente;Céu Claro;Dupla;"Retorno Regulamentado;Reta;Interseção de Vias";Sim  ;"1079835   ";Automóvel;CHEVROLET/CLASSIC LS;"2012      ";Passageiro;Ileso;"42   ";Masculino;"1 ";"0    ";"0    ";"0    ";-15.6033840;-47.6846920;SPRF-DF;DEL02-DF;UOP01-DEL02-DF 
604054;"1347929   ";2024-05-30;quinta-feira;16:22:00;DF;"20   ";"21   ";BRASILIA;Sim;Acessar a via sem observar a presença dos outros veículos;2;Colisão com objeto;Com Vítimas Feridas;Pleno dia;Crescente;Céu Claro;Dupla;"Retorno Regulamentado;Reta;Interseção de Vias";Sim  ;"1079835   ";Automóvel;CHEVROLET/CLASSIC LS;"2012      ";Condutor;Lesões Leves;"37   ";Feminino;"0 ";"1    ";"0    ";"0    ";-15.6033840;-47.6846920;SPRF-DF;DEL02-DF;UOP01-DEL02-DF 
604054;"1347937   ";2024-05-30;quinta-feira;16:22:00;DF;"20   ";"21   ";BRASILIA;Sim;Acessar a via sem observar a presença dos outros veículos;2;Colisão com objeto;Com Vítimas Feridas;Pleno dia;Crescente;Céu Claro;Dupla;"Retorno Regulamentado;Reta;Interseção de Vias";Sim  ;"1079835   ";Automóvel;CHEVROLET/CLASSIC LS;"2012      ";Passageiro;Ileso;"4    ";Feminino;"1 ";"0    ";"0    ";"0    ";-15.6033840;-47.6846920;SPRF-DF;DEL02-DF;UOP01-DEL02-DF 
604054;"1347938   ";2024-05-30;quinta-feira;16:22:00;DF;"20   ";"21   ";BRASILIA;Sim;Acessar a via sem observar a presença dos outros veículos;2;Colisão com objeto;Com Vítimas Feridas;Pleno dia;Crescente;Céu Claro;Dupla;"Retorno Regulamentado;Reta;Interseção de Vias";Sim  ;"1079836   ";Automóvel;FIAT/PALIO ELX FLEX;"2010      ";Condutor;Ileso;"47   ";Masculino;"1 ";"0    ";"0    ";"0    ";-15.6033840;-47.6846920;SPRF-DF;DEL02-DF;UOP01-DEL02-DF 
604054;"1347934   ";2024-05-30;quinta-feira;16:22:00;DF;"20   ";"21   ";BRASILIA;Não;Manobra de mudança de faixa;1;Colisão lateral mesmo sentido;Com Vítimas Feridas;Pleno dia;Crescente;Céu Claro;Dupla;"Retorno Regulamentado;Reta;Interseção de Vias";Sim  ;"1079835   ";Automóvel;CHEVROLET/CLASSIC LS;"2012      ";Passageiro;Ileso;"42   ";Masculino;"1 ";"0    ";"0    ";"0    ";-15.6033840;-47.6846920;SPRF-DF;DEL02-DF;UOP01-DEL02-DF 
604054;"1347929   ";2024-05-30;quinta-feira;16:22:00;DF;"20   ";"21   ";BRASILIA;Não;Manobra de mudança de faixa;1;Colisão lateral mesmo sentido;Com Vítimas Feridas;Pleno dia;Crescente;Céu Claro;Dupla;"Retorno Regulamentado;Reta;Interseção de Vias";Sim  ;"1079835   ";Automóvel;CHEVROLET/CLASSIC LS;"2012      ";Condutor;Lesões Leves;"37   ";Feminino;"0 ";"1    ";"0    ";"0    ";-15.6033840;-47.6846920;SPRF-DF;DEL02-DF;UOP01-DEL02-DF 
604054;"1347937   ";2024-05-30;quinta-feira;16:22:00;DF;"20   ";"21   ";BRASILIA;Não;Manobra de mudança de faixa;1;Colisão lateral mesmo sentido;Com Vítimas Feridas;Pleno dia;Crescente;Céu Claro;Dupla;"Retorno Regulamentado;Reta;Interseção de Vias";Sim  ;"1079835   ";Automóvel;CHEVROLET/CLASSIC LS;"2012      ";Passageiro;Ileso;"4    ";Feminino;"1 ";"0    ";"0    ";"0    ";-15.6033840;-47.6846920;SPRF-DF;DEL02-DF;UOP01-DEL02-DF 
604054;"1347938   ";2024-05-30;quinta-feira;16:22:00;DF;"20   ";"21   ";BRASILIA;Não;Manobra de mudança de faixa;1;Colisão lateral mesmo sentido;Com Vítimas Feridas;Pleno dia;Crescente;Céu Claro;Dupla;"Retorno Regulamentado;Reta;Interseção de Vias";Sim  ;"1079836   ";Automóvel;FIAT/PALIO ELX FLEX;"2010      ";Condutor;Ileso;"47   ";Masculino;"1 ";"0    ";"0    ";"0    ";-15.6033840;-47.6846920;SPRF-DF;DEL02-DF;UOP01-DEL02-DF 
604054;"1347934   ";2024-05-30;quinta-feira;16:22:00;DF;"20   ";"21   ";BRASILIA;Não;Reação tardia ou ineficiente do condutor;1;Colisão lateral mesmo sentido;Com Vítimas Feridas;Pleno dia;Crescente;Céu Claro;Dupla;"Retorno Regulamentado;Reta;Interseção de Vias";Sim  ;"1079835   ";Automóvel;CHEVROLET/CLASSIC LS;"2012      ";Passageiro;Ileso;"42   ";Masculino;"1 ";"0    ";"0    ";"0    ";-15.6033840;-47.6846920;SPRF-DF;DEL02-DF;UOP01-DEL02-DF 
604054;"1347929   ";2024-05-30;quinta-feira;16:22:00;DF;"20   ";"21   ";BRASILIA;Não;Reação tardia ou ineficiente do condutor;1;Colisão lateral mesmo sentido;Com Vítimas Feridas;Pleno dia;Crescente;Céu Claro;Dupla;"Retorno Regulamentado;Reta;Interseção de Vias";Sim  ;"1079835   ";Automóvel;CHEVROLET/CLASSIC LS;"2012      ";Condutor;Lesões Leves;"37   ";Feminino;"0 ";"1    ";"0    ";"0    ";-15.6033840;-47.6846920;SPRF-DF;DEL02-DF;UOP01-DEL02-DF 
604054;"1347937   ";2024-05-30;quinta-feira;16:22:00;DF;"20   ";"21   ";BRASILIA;Não;Reação tardia ou ineficiente do condutor;1;Colisão lateral mesmo sentido;Com Vítimas Feridas;Pleno dia;Crescente;Céu Claro;Dupla;"Retorno Regulamentado;Reta;Interseção de Vias";Sim  ;"1079835   ";Automóvel;CHEVROLET/CLASSIC LS;"2012      ";Passageiro;Ileso;"4    ";Feminino;"1 ";"0    ";"0    ";"0    ";-15.6033840;-47.6846920;SPRF-DF;DEL02-DF;UOP01-DEL02-DF 
604054;"1347938   ";2024-05-30;quinta-feira;16:22:00;DF;"20   ";"21   ";BRASILIA;Não;Reação tardia ou ineficiente do condutor;1;Colisão lateral mesmo sentido;Com Vítimas Feridas;Pleno dia;Crescente;Céu Claro;Dupla;"Retorno Regulamentado;Reta;Interseção de Vias";Sim  ;"1079836   ";Automóvel;FIAT/PALIO ELX FLEX;"2010      ";Condutor;Ileso;"47   ";Masculino;"1 ";"0    ";"0    ";"0    ";-15.6033840;-47.6846920;SPRF-DF;DEL02-DF;UOP01-DEL02-DF 
604054;"1347934   ";2024-05-30;quinta-feira;16:22:00;DF;"20   ";"21   ";BRASILIA;Sim;Acessar a via sem observar a presença dos outros veículos;1;Colisão lateral mesmo sentido;Com Vítimas Feridas;Pleno dia;Crescente;Céu Claro;Dupla;"Retorno Regulamentado;Reta;Interseção de Vias";Sim  ;"1079835   ";Automóvel;CHEVROLET/CLASSIC LS;"2012      ";Passageiro;Ileso;"42   ";Masculino;"1 ";"0    ";"0    ";"0    ";-15.6033840;-47.6846920;SPRF-DF;DEL02-DF;UOP01-DEL02-DF 
604118;"1348157   ";2024-05-30;quinta-feira;21:30:00;DF;"70   ";"11,7 ";BRASILIA;Sim;Velocidade Incompatível;1;Colisão traseira;Com Vítimas Feridas;Plena Noite;Decrescente;Céu Claro;Dupla;Reta;Não  ;"1079993   ";Motocicleta;I/HONDA CBR 1000 RR;"2009      ";Condutor;Lesões Graves;"51   ";Masculino;"0 ";"0    ";"1    ";"0    ";-15.7897620;-48.1487270;SPRF-DF;DEL03-DF;UOP02-DEL03-DF 
604054;"1347929   ";2024-05-30;quinta-feira;16:22:00;DF;"20   ";"21   ";BRASILIA;Sim;Acessar a via sem observar a presença dos outros veículos;1;Colisão lateral mesmo sentido;Com Vítimas Feridas;Pleno dia;Crescente;Céu Claro;Dupla;"Retorno Regulamentado;Reta;Interseção de Vias";Sim  ;"1079835   ";Automóvel;CHEVROLET/CLASSIC LS;"2012      ";Condutor;Lesões Leves;"37   ";Feminino;"0 ";"1    ";"0    ";"0    ";-15.6033840;-47.6846920;SPRF-DF;DEL02-DF;UOP01-DEL02-DF 
604054;"1347937   ";2024-05-30;quinta-feira;16:22:00;DF;"20   ";"21   ";BRASILIA;Sim;Acessar a via sem observar a presença dos outros veículos;1;Colisão lateral mesmo sentido;Com Vítimas Feridas;Pleno dia;Crescente;Céu Claro;Dupla;"Retorno Regulamentado;Reta;Interseção de Vias";Sim  ;"1079835   ";Automóvel;CHEVROLET/CLASSIC LS;"2012      ";Passageiro;Ileso;"4    ";Feminino;"1 ";"0    ";"0    ";"0    ";-15.6033840;-47.6846920;SPRF-DF;DEL02-DF;UOP01-DEL02-DF 
604054;"1347938   ";2024-05-30;quinta-feira;16:22:00;DF;"20   ";"21   ";BRASILIA;Sim;Acessar a via sem observar a presença dos outros veículos;1;Colisão lateral mesmo sentido;Com Vítimas Feridas;Pleno dia;Crescente;Céu Claro;Dupla;"Retorno Regulamentado;Reta;Interseção de Vias";Sim  ;"1079836   ";Automóvel;FIAT/PALIO ELX FLEX;"2010      ";Condutor;Ileso;"47   ";Masculino;"1 ";"0    ";"0    ";"0    ";-15.6033840;-47.6846920;SPRF-DF;DEL02-DF;UOP01-DEL02-DF 
604060;"1347985   ";2024-05-30;quinta-feira;15:00:00;GO;"20   ";"89   ";VILA BOA;Não;Manobra de mudança de faixa;1;Saída de leito carroçável;Com Vítimas Feridas;Pleno dia;Crescente;Céu Claro;Dupla;"Retorno Regulamentado;Reta";Sim  ;"1079869   ";Automóvel;CHEV/ONIX PLUS 10TAT LT1;"2021      ";Condutor;Ileso;"63   ";Masculino;"1 ";"0    ";"0    ";"0    ";-15.0277010;-47.0516700;SPRF-DF;DEL02-DF;UOP02-DEL02-DF 
604060;"1347989   ";2024-05-30;quinta-feira;15:00:00;GO;"20   ";"89   ";VILA BOA;Não;Manobra de mudança de faixa;1;Saída de leito carroçável;Com Vítimas Feridas;Pleno dia;Crescente;Céu Claro;Dupla;"Retorno Regulamentado;Reta";Sim  ;"1079869   ";Automóvel;CHEV/ONIX PLUS 10TAT LT1;"2021      ";Passageiro;Ileso;"45   ";Masculino;"1 ";"0    ";"0    ";"0    ";-15.0277010;-47.0516700;SPRF-DF;DEL02-DF;UOP02-DEL02-DF 
604060;"1347987   ";2024-05-30;quinta-feira;15:00:00;GO;"20   ";"89   ";VILA BOA;Não;Manobra de mudança de faixa;1;Saída de leito carroçável;Com Vítimas Feridas;Pleno dia;Crescente;Céu Claro;Dupla;"Retorno Regulamentado;Reta";Sim  ;"1079869   ";Automóvel;CHEV/ONIX PLUS 10TAT LT1;"2021      ";Passageiro;Ileso;"40   ";Masculino;"1 ";"0    ";"0    ";"0    ";-15.0277010;-47.0516700;SPRF-DF;DEL02-DF;UOP02-DEL02-DF 
604060;"1347986   ";2024-05-30;quinta-feira;15:00:00;GO;"20   ";"89   ";VILA BOA;Não;Manobra de mudança de faixa;1;Saída de leito carroçável;Com Vítimas Feridas;Pleno dia;Crescente;Céu Claro;Dupla;"Retorno Regulamentado;Reta";Sim  ;"1079869   ";Automóvel;CHEV/ONIX PLUS 10TAT LT1;"2021      ";Passageiro;Lesões Graves;"47   ";Feminino;"0 ";"0    ";"1    ";"0    ";-15.0277010;-47.0516700;SPRF-DF;DEL02-DF;UOP02-DEL02-DF 
604060;"1347985   ";2024-05-30;quinta-feira;15:00:00;GO;"20   ";"89   ";VILA BOA;Sim;Reação tardia ou ineficiente do condutor;1;Saída de leito carroçável;Com Vítimas Feridas;Pleno dia;Crescente;Céu Claro;Dupla;"Retorno Regulamentado;Reta";Sim  ;"1079869   ";Automóvel;CHEV/ONIX PLUS 10TAT LT1;"2021      ";Condutor;Ileso;"63   ";Masculino;"1 ";"0    ";"0    ";"0    ";-15.0277010;-47.0516700;SPRF-DF;DEL02-DF;UOP02-DEL02-DF 
604060;"1347989   ";2024-05-30;quinta-feira;15:00:00;GO;"20   ";"89   ";VILA BOA;Sim;Reação tardia ou ineficiente do condutor;1;Saída de leito carroçável;Com Vítimas Feridas;Pleno dia;Crescente;Céu Claro;Dupla;"Retorno Regulamentado;Reta";Sim  ;"1079869   ";Automóvel;CHEV/ONIX PLUS 10TAT LT1;"2021      ";Passageiro;Ileso;"45   ";Masculino;"1 ";"0    ";"0    ";"0    ";-15.0277010;-47.0516700;SPRF-DF;DEL02-DF;UOP02-DEL02-DF 
604060;"1347987   ";2024-05-30;quinta-feira;15:00:00;GO;"20   ";"89   ";VILA BOA;Sim;Reação tardia ou ineficiente do condutor;1;Saída de leito carroçável;Com Vítimas Feridas;Pleno dia;Crescente;Céu Claro;Dupla;"Retorno Regulamentado;Reta";Sim  ;"1079869   ";Automóvel;CHEV/ONIX PLUS 10TAT LT1;"2021      ";Passageiro;Ileso;"40   ";Masculino;"1 ";"0    ";"0    ";"0    ";-15.0277010;-47.0516700;SPRF-DF;DEL02-DF;UOP02-DEL02-DF 
604060;"1347986   ";2024-05-30;quinta-feira;15:00:00;GO;"20   ";"89   ";VILA BOA;Sim;Reação tardia ou ineficiente do condutor;1;Saída de leito carroçável;Com Vítimas Feridas;Pleno dia;Crescente;Céu Claro;Dupla;"Retorno Regulamentado;Reta";Sim  ;"1079869   ";Automóvel;CHEV/ONIX PLUS 10TAT LT1;"2021      ";Passageiro;Lesões Graves;"47   ";Feminino;"0 ";"0    ";"1    ";"0    ";-15.0277010;-47.0516700;SPRF-DF;DEL02-DF;UOP02-DEL02-DF 
604070;"1347902   ";2024-05-30;quinta-feira;17:53:00;DF;"70   ";"19   ";BRASILIA;Sim;Condutor deixou de manter distância do veículo da frente;2;Queda de ocupante de veículo;Com Vítimas Feridas;Anoitecer;Crescente;Céu Claro;Dupla;Declive;Não  ;"1079812   ";Motocicleta;HONDA/CG 160 START;"2024      ";Condutor;Lesões Leves;"49   ";Masculino;"0 ";"1    ";"0    ";"0    ";-15.7888680;-48.2202420;SPRF-DF;DEL03-DF;UOP02-DEL03-DF 
604070;"1347963   ";2024-05-30;quinta-feira;17:53:00;DF;"70   ";"19   ";BRASILIA;Sim;Condutor deixou de manter distância do veículo da frente;2;Queda de ocupante de veículo;Com Vítimas Feridas;Anoitecer;Crescente;Céu Claro;Dupla;Declive;Não  ;"1079858   ";Automóvel;Não Informado/Não Informado;"0         ";Condutor;Não Informado;"0    ";Não Informado;"0 ";"0    ";"0    ";"0    ";-15.7888680;-48.2202420;SPRF-DF;DEL03-DF;UOP02-DEL03-DF 
604070;"1347902   ";2024-05-30;quinta-feira;17:53:00;DF;"70   ";"19   ";BRASILIA;Sim;Condutor deixou de manter distância do veículo da frente;1;Colisão traseira;Com Vítimas Feridas;Anoitecer;Crescente;Céu Claro;Dupla;Declive;Não  ;"1079812   ";Motocicleta;HONDA/CG 160 START;"2024      ";Condutor;Lesões Leves;"49   ";Masculino;"0 ";"1    ";"0    ";"0    ";-15.7888680;-48.2202420;SPRF-DF;DEL03-DF;UOP02-DEL03-DF 
604070;"1347963   ";2024-05-30;quinta-feira;17:53:00;DF;"70   ";"19   ";BRASILIA;Sim;Condutor deixou de manter distância do veículo da frente;1;Colisão traseira;Com Vítimas Feridas;Anoitecer;Crescente;Céu Claro;Dupla;Declive;Não  ;"1079858   ";Automóvel;Não Informado/Não Informado;"0         ";Condutor;Não Informado;"0    ";Não Informado;"0 ";"0    ";"0    ";"0    ";-15.7888680;-48.2202420;SPRF-DF;DEL03-DF;UOP02-DEL03-DF 
604093;"1347982   ";2024-05-30;quinta-feira;19:00:00;DF;"70   ";"4    ";BRASILIA;Sim;Ausência de reação do condutor;2;Colisão com objeto;Sem Vítimas;Plena Noite;Decrescente;Céu Claro;Dupla;Reta;Não  ;"1079867   ";Automóvel;CHEVROLET/ONIX 1.4MT LT;"2019      ";Condutor;Ileso;"24   ";Masculino;"1 ";"0    ";"0    ";"0    ";-15.7981150;-48.0893170;SPRF-DF;DEL03-DF;UOP02-DEL03-DF 
604093;"1347982   ";2024-05-30;quinta-feira;19:00:00;DF;"70   ";"4    ";BRASILIA;Sim;Ausência de reação do condutor;1;Saída de leito carroçável;Sem Vítimas;Plena Noite;Decrescente;Céu Claro;Dupla;Reta;Não  ;"1079867   ";Automóvel;CHEVROLET/ONIX 1.4MT LT;"2019      ";Condutor;Ileso;"24   ";Masculino;"1 ";"0    ";"0    ";"0    ";-15.7981150;-48.0893170;SPRF-DF;DEL03-DF;UOP02-DEL03-DF 
604118;"1348155   ";2024-05-30;quinta-feira;21:30:00;DF;"70   ";"11,7 ";BRASILIA;Sim;Velocidade Incompatível;1;Colisão traseira;Com Vítimas Feridas;Plena Noite;Decrescente;Céu Claro;Dupla;Reta;Não  ;"1079992   ";Automóvel;VW/FOX 1.6 GII;"2012      ";Condutor;Lesões Leves;"35   ";Feminino;"0 ";"1    ";"0    ";"0    ";-15.7897620;-48.1487270;SPRF-DF;DEL03-DF;UOP02-DEL03-DF 
604247;"1348662   ";2024-05-31;sexta-feira;13:50:00;GO;"414  ";"417,7";ABADIANIA;Sim;Transitar na contramão;2;Colisão com objeto;Com Vítimas Fatais;Pleno dia;Crescente;Céu Claro;Simples;Reta;Não  ;"1080215   ";Camioneta;JEEP/RENEGADE SPORT AT;"2021      ";Passageiro;Lesões Leves;"17   ";Masculino;"0 ";"1    ";"0    ";"0    ";-16.1057810;-48.8722580;SPRF-GO;DEL02-GO;UOP01-DEL02-GO 
604247;"1348482   ";2024-05-31;sexta-feira;13:50:00;GO;"414  ";"417,7";ABADIANIA;Sim;Transitar na contramão;1;Colisão frontal;Com Vítimas Fatais;Pleno dia;Crescente;Céu Claro;Simples;Reta;Não  ;"1080214   ";Automóvel;FIAT/PREMIO SL 1.6;"1992      ";Condutor;Óbito;"52   ";Masculino;"0 ";"0    ";"0    ";"1    ";-16.1057810;-48.8722580;SPRF-GO;DEL02-GO;UOP01-DEL02-GO 
604247;"1348483   ";2024-05-31;sexta-feira;13:50:00;GO;"414  ";"417,7";ABADIANIA;Sim;Transitar na contramão;1;Colisão frontal;Com Vítimas Fatais;Pleno dia;Crescente;Céu Claro;Simples;Reta;Não  ;"1080215   ";Camioneta;JEEP/RENEGADE SPORT AT;"2021      ";Condutor;Lesões Leves;"51   ";Feminino;"0 ";"1    ";"0    ";"0    ";-16.1057810;-48.8722580;SPRF-GO;DEL02-GO;UOP01-DEL02-GO 
604247;"1348662   ";2024-05-31;sexta-feira;13:50:00;GO;"414  ";"417,7";ABADIANIA;Sim;Transitar na contramão;1;Colisão frontal;Com Vítimas Fatais;Pleno dia;Crescente;Céu Claro;Simples;Reta;Não  ;"1080215   ";Camioneta;JEEP/RENEGADE SPORT AT;"2021      ";Passageiro;Lesões Leves;"17   ";Masculino;"0 ";"1    ";"0    ";"0    ";-16.1057810;-48.8722580;SPRF-GO;DEL02-GO;UOP01-DEL02-GO 
604288;"1350781   ";2024-05-31;sexta-feira;16:50:00;DF;"70   ";"1,1  ";BRASILIA;Não;Condutor deixou de manter distância do veículo da frente;1;Colisão traseira;Com Vítimas Feridas;Anoitecer;Crescente;Céu Claro;Dupla;Reta;Sim  ;"1081956   ";Automóvel;VW/GOL 1.0 GIV;"2009      ";Condutor;Ileso;"31   ";Masculino;"1 ";"0    ";"0    ";"0    ";-15.7955840;-48.0653600;SPRF-DF;DEL03-DF;UOP02-DEL03-DF 
604288;"1350785   ";2024-05-31;sexta-feira;16:50:00;DF;"70   ";"1,1  ";BRASILIA;Não;Condutor deixou de manter distância do veículo da frente;1;Colisão traseira;Com Vítimas Feridas;Anoitecer;Crescente;Céu Claro;Dupla;Reta;Sim  ;"1081957   ";Automóvel;FIAT/PALIO FIRE ECONOMY;"2011      ";Condutor;Lesões Leves;"51   ";Masculino;"0 ";"1    ";"0    ";"0    ";-15.7955840;-48.0653600;SPRF-DF;DEL03-DF;UOP02-DEL03-DF 
604288;"1350777   ";2024-05-31;sexta-feira;16:50:00;DF;"70   ";"1,1  ";BRASILIA;Não;Condutor deixou de manter distância do veículo da frente;1;Colisão traseira;Com Vítimas Feridas;Anoitecer;Crescente;Céu Claro;Dupla;Reta;Sim  ;"1081955   ";Automóvel;I/HYUNDAI AZERA 3.3 V6;"2009      ";Condutor;Ileso;"44   ";Masculino;"1 ";"0    ";"0    ";"0    ";-15.7955840;-48.0653600;SPRF-DF;DEL03-DF;UOP02-DEL03-DF 
604288;"1350781   ";2024-05-31;sexta-feira;16:50:00;DF;"70   ";"1,1  ";BRASILIA;Sim;Reação tardia ou ineficiente do condutor;1;Colisão traseira;Com Vítimas Feridas;Anoitecer;Crescente;Céu Claro;Dupla;Reta;Sim  ;"1081956   ";Automóvel;VW/GOL 1.0 GIV;"2009      ";Condutor;Ileso;"31   ";Masculino;"1 ";"0    ";"0    ";"0    ";-15.7955840;-48.0653600;SPRF-DF;DEL03-DF;UOP02-DEL03-DF 
604288;"1350785   ";2024-05-31;sexta-feira;16:50:00;DF;"70   ";"1,1  ";BRASILIA;Sim;Reação tardia ou ineficiente do condutor;1;Colisão traseira;Com Vítimas Feridas;Anoitecer;Crescente;Céu Claro;Dupla;Reta;Sim  ;"1081957   ";Automóvel;FIAT/PALIO FIRE ECONOMY;"2011      ";Condutor;Lesões Leves;"51   ";Masculino;"0 ";"1    ";"0    ";"0    ";-15.7955840;-48.0653600;SPRF-DF;DEL03-DF;UOP02-DEL03-DF 
604288;"1350777   ";2024-05-31;sexta-feira;16:50:00;DF;"70   ";"1,1  ";BRASILIA;Sim;Reação tardia ou ineficiente do condutor;1;Colisão traseira;Com Vítimas Feridas;Anoitecer;Crescente;Céu Claro;Dupla;Reta;Sim  ;"1081955   ";Automóvel;I/HYUNDAI AZERA 3.3 V6;"2009      ";Condutor;Ileso;"44   ";Masculino;"1 ";"0    ";"0    ";"0    ";-15.7955840;-48.0653600;SPRF-DF;DEL03-DF;UOP02-DEL03-DF 
604310;"1348584   ";2024-05-26;domingo;05:00:00;GO;"40   ";"8    ";LUZIANIA;Não;Ingestão de álcool pelo condutor;3;Capotamento;Com Vítimas Feridas;Amanhecer;Crescente;Céu Claro;Dupla;Reta;Sim  ;"1080246   ";Automóvel;GM/CORSA SEDAN PREMIUM;"2009      ";Passageiro;Não Informado;"0    ";Não Informado;"0 ";"0    ";"0    ";"0    ";-16.1161580;-47.9676100;SPRF-DF;DEL01-DF;UOP01-DEL01-DF 