id;pesid;data_inversa;dia_semana;horario;uf;br;km;municipio;causa_principal;causa_acidente;ordem_tipo_acidente;tipo_acidente;classificacao_acidente;fase_dia;sentido_via;condicao_metereologica;tipo_pista;tracado_via;uso_solo;id_veiculo;tipo_veiculo;marca;ano_fabricacao_veiculo;tipo_envolvido;estado_fisico;idade;sexo;ilesos;feridos_leves;feridos_graves;mortos;latitude;longitude;regional;delegacia;uop
604945;"1350222   ";2024-06-03;segunda-feira;11:20:00;DF;"60   ";"1,9  ";BRASILIA;Não;Reação tardia ou ineficiente do condutor;3;Tombamento;Com Vítimas Feridas;Pleno dia;Decrescente;Sol;Dupla;Reta;Sim  ;"1081559   ";Motocicleta;YAMAHA/FZ15 FAZER ABS;"2023      ";Condutor;Lesões Leves;"24   ";Masculino;"0 ";"1    ";"0    ";"0    ";-15.8850930;-48.0689540;SPRF-DF;DEL03-DF;UOP01-DEL03-DF 
604945;"1350228   ";2024-06-03;segunda-feira;11:20:00;DF;"60   ";"1,9  ";BRASILIA;Não;Reação tardia ou ineficiente do condutor;3;Tombamento;Com Vítimas Feridas;Pleno dia;Decrescente;Sol;Dupla;Reta;Sim  ;"1081564   ";Caminhonete;FIAT/STRADA FREEDOM 13CD;"2021      ";Condutor;Ileso;"57   ";Masculino;"1 ";"0    ";"0    ";"0    ";-15.8850930;-48.0689540;SPRF-DF;DEL03-DF;UOP01-DEL03-DF 
604945;"1350224   ";2024-06-03;segunda-feira;11:20:00;DF;"60   ";"1,9  ";BRASILIA;Não;Condutor deixou de manter distância do veículo da frente;3;Tombamento;Com Vítimas Feridas;Pleno dia;Decrescente;Sol;Dupla;Reta;Sim  ;"1081561   ";Automóvel;HYUNDAI/HB20S 1.6A COMF;"2015      ";Condutor;Ileso;"70   ";Masculino;"1 ";"0    ";"0    ";"0    ";-15.8850930;-48.0689540;SPRF-DF;DEL03-DF;UOP01-DEL03-DF 
604945;"1350227   ";2024-06-03;segunda-feira;11:20:00;DF;"60   ";"1,9  ";BRASILIA;Não;Condutor deixou de manter distância do veículo da frente;3;Tombamento;Com Vítimas Feridas;Pleno dia;Decrescente;Sol;Dupla;Reta;Sim  ;"1081561   ";Automóvel;HYUNDAI/HB20S 1.6A COMF;"2015      ";Passageiro;Ileso;"54   ";Feminino;"1 ";"0    ";"0    ";"0    ";-15.8850930;-48.0689540;SPRF-DF;DEL03-DF;UOP01-DEL03-DF 
604945;"1350229   ";2024-06-03;segunda-feira;11:20:00;DF;"60   ";"1,9  ";BRASILIA;Não;Condutor deixou de manter distância do veículo da frente;3;Tombamento;Com Vítimas Feridas;Pleno dia;Decrescente;Sol;Dupla;Reta;Sim  ;"1081565   ";Automóvel;CHEV/ONIX 10TAT PR1;"2019      ";Condutor;Ileso;"35   ";Masculino;"1 ";"0    ";"0    ";"0    ";-15.8850930;-48.0689540;SPRF-DF;DEL03-DF;UOP01-DEL03-DF 
604945;"1350233   ";2024-06-03;segunda-feira;11:20:00;DF;"60   ";"1,9  ";BRASILIA;Não;Condutor deixou de manter distância do veículo da frente;3;Tombamento;Com Vítimas Feridas;Pleno dia;Decrescente;Sol;Dupla;Reta;Sim  ;"1081565   ";Automóvel;CHEV/ONIX 10TAT PR1;"2019      ";Passageiro;Ileso;"5    ";Masculino;"1 ";"0    ";"0    ";"0    ";-15.8850930;-48.0689540;SPRF-DF;DEL03-DF;UOP01-DEL03-DF 
604945;"1350232   ";2024-06-03;segunda-feira;11:20:00;DF;"60   ";"1,9  ";BRASILIA;Não;Condutor deixou de manter distância do veículo da frente;3;Tombamento;Com Vítimas Feridas;Pleno dia;Decrescente;Sol;Dupla;Reta;Sim  ;"1081565   ";Automóvel;CHEV/ONIX 10TAT PR1;"2019      ";Passageiro;Ileso;"42   ";Feminino;"1 ";"0    ";"0    ";"0    ";-15.8850930;-48.0689540;SPRF-DF;DEL03-DF;UOP01-DEL03-DF 
604945;"1350231   ";2024-06-03;segunda-feira;11:20:00;DF;"60   ";"1,9  ";BRASILIA;Não;Condutor deixou de manter distância do veículo da frente;3;Tombamento;Com Vítimas Feridas;Pleno dia;Decrescente;Sol;Dupla;Reta;Sim  ;"1081565   ";Automóvel;CHEV/ONIX 10TAT PR1;"2019      ";Passageiro;Ileso;"31   ";Feminino;"1 ";"0    ";"0    ";"0    ";-15.8850930;-48.0689540;SPRF-DF;DEL03-DF;UOP01-DEL03-DF 
604945;"1350234   ";2024-06-03;segunda-feira;11:20:00;DF;"60   ";"1,9  ";BRASILIA;Não;Condutor deixou de manter distância do veículo da frente;3;Tombamento;Com Vítimas Feridas;Pleno dia;Decrescente;Sol;Dupla;Reta;Sim  ;"1081565   ";Automóvel;CHEV/ONIX 10TAT PR1;"2019      ";Passageiro;Ileso;"62   ";Feminino;"1 ";"0    ";"0    ";"0    ";-15.8850930;-48.0689540;SPRF-DF;DEL03-DF;UOP01-DEL03-DF 
604945;"1350222   ";2024-06-03;segunda-feira;11:20:00;DF;"60   ";"1,9  ";BRASILIA;Não;Condutor deixou de manter distância do veículo da frente;3;Tombamento;Com Vítimas Feridas;Pleno dia;Decrescente;Sol;Dupla;Reta;Sim  ;"1081559   ";Motocicleta;YAMAHA/FZ15 FAZER ABS;"2023      ";Condutor;Lesões Leves;"24   ";Masculino;"0 ";"1    ";"0    ";"0    ";-15.8850930;-48.0689540;SPRF-DF;DEL03-DF;UOP01-DEL03-DF 
604945;"1350228   ";2024-06-03;segunda-feira;11:20:00;DF;"60   ";"1,9  ";BRASILIA;Não;Condutor deixou de manter distância do veículo da frente;3;Tombamento;Com Vítimas Feridas;Pleno dia;Decrescente;Sol;Dupla;Reta;Sim  ;"1081564   ";Caminhonete;FIAT/STRADA FREEDOM 13CD;"2021      ";Condutor;Ileso;"57   ";Masculino;"1 ";"0    ";"0    ";"0    ";-15.8850930;-48.0689540;SPRF-DF;DEL03-DF;UOP01-DEL03-DF 
604945;"1350224   ";2024-06-03;segunda-feira;11:20:00;DF;"60   ";"1,9  ";BRASILIA;Sim;Manobra de mudança de faixa;3;Tombamento;Com Vítimas Feridas;Pleno dia;Decrescente;Sol;Dupla;Reta;Sim  ;"1081561   ";Automóvel;HYUNDAI/HB20S 1.6A COMF;"2015      ";Condutor;Ileso;"70   ";Masculino;"1 ";"0    ";"0    ";"0    ";-15.8850930;-48.0689540;SPRF-DF;DEL03-DF;UOP01-DEL03-DF 
604945;"1350227   ";2024-06-03;segunda-feira;11:20:00;DF;"60   ";"1,9  ";BRASILIA;Sim;Manobra de mudança de faixa;3;Tombamento;Com Vítimas Feridas;Pleno dia;Decrescente;Sol;Dupla;Reta;Sim  ;"1081561   ";Automóvel;HYUNDAI/HB20S 1.6A COMF;"2015      ";Passageiro;Ileso;"54   ";Feminino;"1 ";"0    ";"0    ";"0    ";-15.8850930;-48.0689540;SPRF-DF;DEL03-DF;UOP01-DEL03-DF 
604945;"1350229   ";2024-06-03;segunda-feira;11:20:00;DF;"60   ";"1,9  ";BRASILIA;Sim;Manobra de mudança de faixa;3;Tombamento;Com Vítimas Feridas;Pleno dia;Decrescente;Sol;Dupla;Reta;Sim  ;"1081565   ";Automóvel;CHEV/ONIX 10TAT PR1;"2019      ";Condutor;Ileso;"35   ";Masculino;"1 ";"0    ";"0    ";"0    ";-15.8850930;-48.0689540;SPRF-DF;DEL03-DF;UOP01-DEL03-DF 
604945;"1350233   ";2024-06-03;segunda-feira;11:20:00;DF;"60   ";"1,9  ";BRASILIA;Sim;Manobra de mudança de faixa;3;Tombamento;Com Vítimas Feridas;Pleno dia;Decrescente;Sol;Dupla;Reta;Sim  ;"1081565   ";Automóvel;CHEV/ONIX 10TAT PR1;"2019      ";Passageiro;Ileso;"5    ";Masculino;"1 ";"0    ";"0    ";"0    ";-15.8850930;-48.0689540;SPRF-DF;DEL03-DF;UOP01-DEL03-DF 
604945;"1350232   ";2024-06-03;segunda-feira;11:20:00;DF;"60   ";"1,9  ";BRASILIA;Sim;Manobra de mudança de faixa;3;Tombamento;Com Vítimas Feridas;Pleno dia;Decrescente;Sol;Dupla;Reta;Sim  ;"1081565   ";Automóvel;CHEV/ONIX 10TAT PR1;"2019      ";Passageiro;Ileso;"42   ";Feminino;"1 ";"0    ";"0    ";"0    ";-15.8850930;-48.0689540;SPRF-DF;DEL03-DF;UOP01-DEL03-DF 
604945;"1350231   ";2024-06-03;segunda-feira;11:20:00;DF;"60   ";"1,9  ";BRASILIA;Sim;Manobra de mudança de faixa;3;Tombamento;Com Vítimas Feridas;Pleno dia;Decrescente;Sol;Dupla;Reta;Sim  ;"1081565   ";Automóvel;CHEV/ONIX 10TAT PR1;"2019      ";Passageiro;Ileso;"31   ";Feminino;"1 ";"0    ";"0    ";"0    ";-15.8850930;-48.0689540;SPRF-DF;DEL03-DF;UOP01-DEL03-DF 
604945;"1350234   ";2024-06-03;segunda-feira;11:20:00;DF;"60   ";"1,9  ";BRASILIA;Sim;Manobra de mudança de faixa;3;Tombamento;Com Vítimas Feridas;Pleno dia;Decrescente;Sol;Dupla;Reta;Sim  ;"1081565   ";Automóvel;CHEV/ONIX 10TAT PR1;"2019      ";Passageiro;Ileso;"62   ";Feminino;"1 ";"0    ";"0    ";"0    ";-15.8850930;-48.0689540;SPRF-DF;DEL03-DF;UOP01-DEL03-DF 
604945;"1350222   ";2024-06-03;segunda-feira;11:20:00;DF;"60   ";"1,9  ";BRASILIA;Sim;Manobra de mudança de faixa;3;Tombamento;Com Vítimas Feridas;Pleno dia;Decrescente;Sol;Dupla;Reta;Sim  ;"1081559   ";Motocicleta;YAMAHA/FZ15 FAZER ABS;"2023      ";Condutor;Lesões Leves;"24   ";Masculino;"0 ";"1    ";"0    ";"0    ";-15.8850930;-48.0689540;SPRF-DF;DEL03-DF;UOP01-DEL03-DF 
604945;"1350228   ";2024-06-03;segunda-feira;11:20:00;DF;"60   ";"1,9  ";BRASILIA;Sim;Manobra de mudança de faixa;3;Tombamento;Com Vítimas Feridas;Pleno dia;Decrescente;Sol;Dupla;Reta;Sim  ;"1081564   ";Caminhonete;FIAT/STRADA FREEDOM 13CD;"2021      ";Condutor;Ileso;"57   ";Masculino;"1 ";"0    ";"0    ";"0    ";-15.8850930;-48.0689540;SPRF-DF;DEL03-DF;UOP01-DEL03-DF 
604945;"1350224   ";2024-06-03;segunda-feira;11:20:00;DF;"60   ";"1,9  ";BRASILIA;Não;Reação tardia ou ineficiente do condutor;2;Saída de leito carroçável;Com Vítimas Feridas;Pleno dia;Decrescente;Sol;Dupla;Reta;Sim  ;"1081561   ";Automóvel;HYUNDAI/HB20S 1.6A COMF;"2015      ";Condutor;Ileso;"70   ";Masculino;"1 ";"0    ";"0    ";"0    ";-15.8850930;-48.0689540;SPRF-DF;DEL03-DF;UOP01-DEL03-DF 
604945;"1350227   ";2024-06-03;segunda-feira;11:20:00;DF;"60   ";"1,9  ";BRASILIA;Não;Reação tardia ou ineficiente do condutor;2;Saída de leito carroçável;Com Vítimas Feridas;Pleno dia;Decrescente;Sol;Dupla;Reta;Sim  ;"1081561   ";Automóvel;HYUNDAI/HB20S 1.6A COMF;"2015      ";Passageiro;Ileso;"54   ";Feminino;"1 ";"0    ";"0    ";"0    ";-15.8850930;-48.0689540;SPRF-DF;DEL03-DF;UOP01-DEL03-DF 
604945;"1350229   ";2024-06-03;segunda-feira;11:20:00;DF;"60   ";"1,9  ";BRASILIA;Não;Reação tardia ou ineficiente do condutor;2;Saída de leito carroçável;Com Vítimas Feridas;Pleno dia;Decrescente;Sol;Dupla;Reta;Sim  ;"1081565   ";Automóvel;CHEV/ONIX 10TAT PR1;"2019      ";Condutor;Ileso;"35   ";Masculino;"1 ";"0    ";"0    ";"0    ";-15.8850930;-48.0689540;SPRF-DF;DEL03-DF;UOP01-DEL03-DF 
604945;"1350233   ";2024-06-03;segunda-feira;11:20:00;DF;"60   ";"1,9  ";BRASILIA;Não;Reação tardia ou ineficiente do condutor;2;Saída de leito carroçável;Com Vítimas Feridas;Pleno dia;Decrescente;Sol;Dupla;Reta;Sim  ;"1081565   ";Automóvel;CHEV/ONIX 10TAT PR1;"2019      ";Passageiro;Ileso;"5    ";Masculino;"1 ";"0    ";"0    ";"0    ";-15.8850930;-48.0689540;SPRF-DF;DEL03-DF;UOP01-DEL03-DF 
604945;"1350232   ";2024-06-03;segunda-feira;11:20:00;DF;"60   ";"1,9  ";BRASILIA;Não;Reação tardia ou ineficiente do condutor;2;Saída de leito carroçável;Com Vítimas Feridas;Pleno dia;Decrescente;Sol;Dupla;Reta;Sim  ;"1081565   ";Automóvel;CHEV/ONIX 10TAT PR1;"2019      ";Passageiro;Ileso;"42   ";Feminino;"1 ";"0    ";"0    ";"0    ";-15.8850930;-48.0689540;SPRF-DF;DEL03-DF;UOP01-DEL03-DF 
604945;"1350231   ";2024-06-03;segunda-feira;11:20:00;DF;"60   ";"1,9  ";BRASILIA;Não;Reação tardia ou ineficiente do condutor;2;Saída de leito carroçável;Com Vítimas Feridas;Pleno dia;Decrescente;Sol;Dupla;Reta;Sim  ;"1081565   ";Automóvel;CHEV/ONIX 10TAT PR1;"2019      ";Passageiro;Ileso;"31   ";Feminino;"1 ";"0    ";"0    ";"0    ";-15.8850930;-48.0689540;SPRF-DF;DEL03-DF;UOP01-DEL03-DF 
604945;"1350234   ";2024-06-03;segunda-feira;11:20:00;DF;"60   ";"1,9  ";BRASILIA;Não;Reação tardia ou ineficiente do condutor;2;Saída de leito carroçável;Com Vítimas Feridas;Pleno dia;Decrescente;Sol;Dupla;Reta;Sim  ;"1081565   ";Automóvel;CHEV/ONIX 10TAT PR1;"2019      ";Passageiro;Ileso;"62   ";Feminino;"1 ";"0    ";"0    ";"0    ";-15.8850930;-48.0689540;SPRF-DF;DEL03-DF;UOP01-DEL03-DF 
604945;"1350222   ";2024-06-03;segunda-feira;11:20:00;DF;"60   ";"1,9  ";BRASILIA;Não;Reação tardia ou ineficiente do condutor;2;Saída de leito carroçável;Com Vítimas Feridas;Pleno dia;Decrescente;Sol;Dupla;Reta;Sim  ;"1081559   ";Motocicleta;YAMAHA/FZ15 FAZER ABS;"2023      ";Condutor;Lesões Leves;"24   ";Masculino;"0 ";"1    ";"0    ";"0    ";-15.8850930;-48.0689540;SPRF-DF;DEL03-DF;UOP01-DEL03-DF 
604945;"1350228   ";2024-06-03;segunda-feira;11:20:00;DF;"60   ";"1,9  ";BRASILIA;Não;Reação tardia ou ineficiente do condutor;2;Saída de leito carroçável;Com Vítimas Feridas;Pleno dia;Decrescente;Sol;Dupla;Reta;Sim  ;"1081564   ";Caminhonete;FIAT/STRADA FREEDOM 13CD;"2021      ";Condutor;Ileso;"57   ";Masculino;"1 ";"0    ";"0    ";"0    ";-15.8850930;-48.0689540;SPRF-DF;DEL03-DF;UOP01-DEL03-DF 
604945;"1350224   ";2024-06-03;segunda-feira;11:20:00;DF;"60   ";"1,9  ";BRASILIA;Não;Condutor deixou de manter distância do veículo da frente;2;Saída de leito carroçável;Com Vítimas Feridas;Pleno dia;Decrescente;Sol;Dupla;Reta;Sim  ;"1081561   ";Automóvel;HYUNDAI/HB20S 1.6A COMF;"2015      ";Condutor;Ileso;"70   ";Masculino;"1 ";"0    ";"0    ";"0    ";-15.8850930;-48.0689540;SPRF-DF;DEL03-DF;UOP01-DEL03-DF 
604945;"1350227   ";2024-06-03;segunda-feira;11:20:00;DF;"60   ";"1,9  ";BRASILIA;Não;Condutor deixou de manter distância do veículo da frente;2;Saída de leito carroçável;Com Vítimas Feridas;Pleno dia;Decrescente;Sol;Dupla;Reta;Sim  ;"1081561   ";Automóvel;HYUNDAI/HB20S 1.6A COMF;"2015      ";Passageiro;Ileso;"54   ";Feminino;"1 ";"0    ";"0    ";"0    ";-15.8850930;-48.0689540;SPRF-DF;DEL03-DF;UOP01-DEL03-DF 
604945;"1350229   ";2024-06-03;segunda-feira;11:20:00;DF;"60   ";"1,9  ";BRASILIA;Não;Condutor deixou de manter distância do veículo da frente;2;Saída de leito carroçável;Com Vítimas Feridas;Pleno dia;Decrescente;Sol;Dupla;Reta;Sim  ;"1081565   ";Automóvel;CHEV/ONIX 10TAT PR1;"2019      ";Condutor;Ileso;"35   ";Masculino;"1 ";"0    ";"0    ";"0    ";-15.8850930;-48.0689540;SPRF-DF;DEL03-DF;UOP01-DEL03-DF 
604945;"1350233   ";2024-06-03;segunda-feira;11:20:00;DF;"60   ";"1,9  ";BRASILIA;Não;Condutor deixou de manter distância do veículo da frente;2;Saída de leito carroçável;Com Vítimas Feridas;Pleno dia;Decrescente;Sol;Dupla;Reta;Sim  ;"1081565   ";Automóvel;CHEV/ONIX 10TAT PR1;"2019      ";Passageiro;Ileso;"5    ";Masculino;"1 ";"0    ";"0    ";"0    ";-15.8850930;-48.0689540;SPRF-DF;DEL03-DF;UOP01-DEL03-DF 
604945;"1350232   ";2024-06-03;segunda-feira;11:20:00;DF;"60   ";"1,9  ";BRASILIA;Não;Condutor deixou de manter distância do veículo da frente;2;Saída de leito carroçável;Com Vítimas Feridas;Pleno dia;Decrescente;Sol;Dupla;Reta;Sim  ;"1081565   ";Automóvel;CHEV/ONIX 10TAT PR1;"2019      ";Passageiro;Ileso;"42   ";Feminino;"1 ";"0    ";"0    ";"0    ";-15.8850930;-48.0689540;SPRF-DF;DEL03-DF;UOP01-DEL03-DF 
604945;"1350231   ";2024-06-03;segunda-feira;11:20:00;DF;"60   ";"1,9  ";BRASILIA;Não;Condutor deixou de manter distância do veículo da frente;2;Saída de leito carroçável;Com Vítimas Feridas;Pleno dia;Decrescente;Sol;Dupla;Reta;Sim  ;"1081565   ";Automóvel;CHEV/ONIX 10TAT PR1;"2019      ";Passageiro;Ileso;"31   ";Feminino;"1 ";"0    ";"0    ";"0    ";-15.8850930;-48.0689540;SPRF-DF;DEL03-DF;UOP01-DEL03-DF 
604945;"1350234   ";2024-06-03;segunda-feira;11:20:00;DF;"60   ";"1,9  ";BRASILIA;Não;Condutor deixou de manter distância do veículo da frente;2;Saída de leito carroçável;Com Vítimas Feridas;Pleno dia;Decrescente;Sol;Dupla;Reta;Sim  ;"1081565   ";Automóvel;CHEV/ONIX 10TAT PR1;"2019      ";Passageiro;Ileso;"62   ";Feminino;"1 ";"0    ";"0    ";"0    ";-15.8850930;-48.0689540;SPRF-DF;DEL03-DF;UOP01-DEL03-DF 
604945;"1350222   ";2024-06-03;segunda-feira;11:20:00;DF;"60   ";"1,9  ";BRASILIA;Não;Condutor deixou de manter distância do veículo da frente;2;Saída de leito carroçável;Com Vítimas Feridas;Pleno dia;Decrescente;Sol;Dupla;Reta;Sim  ;"1081559   ";Motocicleta;YAMAHA/FZ15 FAZER ABS;"2023      ";Condutor;Lesões Leves;"24   ";Masculino;"0 ";"1    ";"0    ";"0    ";-15.8850930;-48.0689540;SPRF-DF;DEL03-DF;UOP01-DEL03-DF 
604945;"1350228   ";2024-06-03;segunda-feira;11:20:00;DF;"60   ";"1,9  ";BRASILIA;Não;Condutor deixou de manter distância do veículo da frente;2;Saída de leito carroçável;Com Vítimas Feridas;Pleno dia;Decrescente;Sol;Dupla;Reta;Sim  ;"1081564   ";Caminhonete;FIAT/STRADA FREEDOM 13CD;"2021      ";Condutor;Ileso;"57   ";Masculino;"1 ";"0    ";"0    ";"0    ";-15.8850930;-48.0689540;SPRF-DF;DEL03-DF;UOP01-DEL03-DF 
604945;"1350224   ";2024-06-03;segunda-feira;11:20:00;DF;"60   ";"1,9  ";BRASILIA;Sim;Manobra de mudança de faixa;2;Saída de leito carroçável;Com Vítimas Feridas;Pleno dia;Decrescente;Sol;Dupla;Reta;Sim  ;"1081561   ";Automóvel;HYUNDAI/HB20S 1.6A COMF;"2015      ";Condutor;Ileso;"70   ";Masculino;"1 ";"0    ";"0    ";"0    ";-15.8850930;-48.0689540;SPRF-DF;DEL03-DF;UOP01-DEL03-DF 
604945;"1350227   ";2024-06-03;segunda-feira;11:20:00;DF;"60   ";"1,9  ";BRASILIA;Sim;Manobra de mudança de faixa;2;Saída de leito carroçável;Com Vítimas Feridas;Pleno dia;Decrescente;Sol;Dupla;Reta;Sim  ;"1081561   ";Automóvel;HYUNDAI/HB20S 1.6A COMF;"2015      ";Passageiro;Ileso;"54   ";Feminino;"1 ";"0    ";"0    ";"0    ";-15.8850930;-48.0689540;SPRF-DF;DEL03-DF;UOP01-DEL03-DF 
604945;"1350229   ";2024-06-03;segunda-feira;11:20:00;DF;"60   ";"1,9  ";BRASILIA;Sim;Manobra de mudança de faixa;2;Saída de leito carroçável;Com Vítimas Feridas;Pleno dia;Decrescente;Sol;Dupla;Reta;Sim  ;"1081565   ";Automóvel;CHEV/ONIX 10TAT PR1;"2019      ";Condutor;Ileso;"35   ";Masculino;"1 ";"0    ";"0    ";"0    ";-15.8850930;-48.0689540;SPRF-DF;DEL03-DF;UOP01-DEL03-DF 
604945;"1350233   ";2024-06-03;segunda-feira;11:20:00;DF;"60   ";"1,9  ";BRASILIA;Sim;Manobra de mudança de faixa;2;Saída de leito carroçável;Com Vítimas Feridas;Pleno dia;Decrescente;Sol;Dupla;Reta;Sim  ;"1081565   ";Automóvel;CHEV/ONIX 10TAT PR1;"2019      ";Passageiro;Ileso;"5    ";Masculino;"1 ";"0    ";"0    ";"0    ";-15.8850930;-48.0689540;SPRF-DF;DEL03-DF;UOP01-DEL03-DF 
604945;"1350232   ";2024-06-03;segunda-feira;11:20:00;DF;"60   ";"1,9  ";BRASILIA;Sim;Manobra de mudança de faixa;2;Saída de leito carroçável;Com Vítimas Feridas;Pleno dia;Decrescente;Sol;Dupla;Reta;Sim  ;"1081565   ";Automóvel;CHEV/ONIX 10TAT PR1;"2019      ";Passageiro;Ileso;"42   ";Feminino;"1 ";"0    ";"0    ";"0    ";-15.8850930;-48.0689540;SPRF-DF;DEL03-DF;UOP01-DEL03-DF 
604945;"1350231   ";2024-06-03;segunda-feira;11:20:00;DF;"60   ";"1,9  ";BRASILIA;Sim;Manobra de mudança de faixa;2;Saída de leito carroçável;Com Vítimas Feridas;Pleno dia;Decrescente;Sol;Dupla;Reta;Sim  ;"1081565   ";Automóvel;CHEV/ONIX 10TAT PR1;"2019      ";Passageiro;Ileso;"31   ";Feminino;"1 ";"0    ";"0    ";"0    ";-15.8850930;-48.0689540;SPRF-DF;DEL03-DF;UOP01-DEL03-DF 
604945;"1350234   ";2024-06-03;segunda-feira;11:20:00;DF;"60   ";"1,9  ";BRASILIA;Sim;Manobra de mudança de faixa;2;Saída de leito carroçável;Com Vítimas Feridas;Pleno dia;Decrescente;Sol;Dupla;Reta;Sim  ;"1081565   ";Automóvel;CHEV/ONIX 10TAT PR1;"2019      ";Passageiro;Ileso;"62   ";Feminino;"1 ";"0    ";"0    ";"0    ";-15.8850930;-48.0689540;SPRF-DF;DEL03-DF;UOP01-DEL03-DF 
604945;"1350222   ";2024-06-03;segunda-feira;11:20:00;DF;"60   ";"1,9  ";BRASILIA;Sim;Manobra de mudança de faixa;2;Saída de leito carroçável;Com Vítimas Feridas;Pleno dia;Decrescente;Sol;Dupla;Reta;Sim  ;"1081559   ";Motocicleta;YAMAHA/FZ15 FAZER ABS;"2023      ";Condutor;Lesões Leves;"24   ";Masculino;"0 ";"1    ";"0    ";"0    ";-15.8850930;-48.0689540;SPRF-DF;DEL03-DF;UOP01-DEL03-DF 
604945;"1350228   ";2024-06-03;segunda-feira;11:20:00;DF;"60   ";"1,9  ";BRASILIA;Sim;Manobra de mudança de faixa;2;Saída de leito carroçável;Com Vítimas Feridas;Pleno dia;Decrescente;Sol;Dupla;Reta;Sim  ;"1081564   ";Caminhonete;FIAT/STRADA FREEDOM 13CD;"2021      ";Condutor;Ileso;"57   ";Masculino;"1 ";"0    ";"0    ";"0    ";-15.8850930;-48.0689540;SPRF-DF;DEL03-DF;UOP01-DEL03-DF 
604945;"1350224   ";2024-06-03;segunda-feira;11:20:00;DF;"60   ";"1,9  ";BRASILIA;Não;Reação tardia ou ineficiente do condutor;1;Colisão lateral mesmo sentido;Com Vítimas Feridas;Pleno dia;Decrescente;Sol;Dupla;Reta;Sim  ;"1081561   ";Automóvel;HYUNDAI/HB20S 1.6A COMF;"2015      ";Condutor;Ileso;"70   ";Masculino;"1 ";"0    ";"0    ";"0    ";-15.8850930;-48.0689540;SPRF-DF;DEL03-DF;UOP01-DEL03-DF 
604945;"1350227   ";2024-06-03;segunda-feira;11:20:00;DF;"60   ";"1,9  ";BRASILIA;Não;Reação tardia ou ineficiente do condutor;1;Colisão lateral mesmo sentido;Com Vítimas Feridas;Pleno dia;Decrescente;Sol;Dupla;Reta;Sim  ;"1081561   ";Automóvel;HYUNDAI/HB20S 1.6A COMF;"2015      ";Passageiro;Ileso;"54   ";Feminino;"1 ";"0    ";"0    ";"0    ";-15.8850930;-48.0689540;SPRF-DF;DEL03-DF;UOP01-DEL03-DF 
604945;"1350229   ";2024-06-03;segunda-feira;11:20:00;DF;"60   ";"1,9  ";BRASILIA;Não;Reação tardia ou ineficiente do condutor;1;Colisão lateral mesmo sentido;Com Vítimas Feridas;Pleno dia;Decrescente;Sol;Dupla;Reta;Sim  ;"1081565   ";Automóvel;CHEV/ONIX 10TAT PR1;"2019      ";Condutor;Ileso;"35   ";Masculino;"1 ";"0    ";"0    ";"0    ";-15.8850930;-48.0689540;SPRF-DF;DEL03-DF;UOP01-DEL03-DF 
604945;"1350233   ";2024-06-03;segunda-feira;11:20:00;DF;"60   ";"1,9  ";BRASILIA;Não;Reação tardia ou ineficiente do condutor;1;Colisão lateral mesmo sentido;Com Vítimas Feridas;Pleno dia;Decrescente;Sol;Dupla;Reta;Sim  ;"1081565   ";Automóvel;CHEV/ONIX 10TAT PR1;"2019      ";Passageiro;Ileso;"5    ";Masculino;"1 ";"0    ";"0    ";"0    ";-15.8850930;-48.0689540;SPRF-DF;DEL03-DF;UOP01-DEL03-DF 
604945;"1350232   ";2024-06-03;segunda-feira;11:20:00;DF;"60   ";"1,9  ";BRASILIA;Não;Reação tardia ou ineficiente do condutor;1;Colisão lateral mesmo sentido;Com Vítimas Feridas;Pleno dia;Decrescente;Sol;Dupla;Reta;Sim  ;"1081565   ";Automóvel;CHEV/ONIX 10TAT PR1;"2019      ";Passageiro;Ileso;"42   ";Feminino;"1 ";"0    ";"0    ";"0    ";-15.8850930;-48.0689540;SPRF-DF;DEL03-DF;UOP01-DEL03-DF 
604945;"1350231   ";2024-06-03;segunda-feira;11:20:00;DF;"60   ";"1,9  ";BRASILIA;Não;Reação tardia ou ineficiente do condutor;1;Colisão lateral mesmo sentido;Com Vítimas Feridas;Pleno dia;Decrescente;Sol;Dupla;Reta;Sim  ;"1081565   ";Automóvel;CHEV/ONIX 10TAT PR1;"2019      ";Passageiro;Ileso;"31   ";Feminino;"1 ";"0    ";"0    ";"0    ";-15.8850930;-48.0689540;SPRF-DF;DEL03-DF;UOP01-DEL03-DF 
604945;"1350234   ";2024-06-03;segunda-feira;11:20:00;DF;"60   ";"1,9  ";BRASILIA;Não;Reação tardia ou ineficiente do condutor;1;Colisão lateral mesmo sentido;Com Vítimas Feridas;Pleno dia;Decrescente;Sol;Dupla;Reta;Sim  ;"1081565   ";Automóvel;CHEV/ONIX 10TAT PR1;"2019      ";Passageiro;Ileso;"62   ";Feminino;"1 ";"0    ";"0    ";"0    ";-15.8850930;-48.0689540;SPRF-DF;DEL03-DF;UOP01-DEL03-DF 
604945;"1350222   ";2024-06-03;segunda-feira;11:20:00;DF;"60   ";"1,9  ";BRASILIA;Não;Reação tardia ou ineficiente do condutor;1;Colisão lateral mesmo sentido;Com Vítimas Feridas;Pleno dia;Decrescente;Sol;Dupla;Reta;Sim  ;"1081559   ";Motocicleta;YAMAHA/FZ15 FAZER ABS;"2023      ";Condutor;Lesões Leves;"24   ";Masculino;"0 ";"1    ";"0    ";"0    ";-15.8850930;-48.0689540;SPRF-DF;DEL03-DF;UOP01-DEL03-DF 
604945;"1350228   ";2024-06-03;segunda-feira;11:20:00;DF;"60   ";"1,9  ";BRASILIA;Não;Reação tardia ou ineficiente do condutor;1;Colisão lateral mesmo sentido;Com Vítimas Feridas;Pleno dia;Decrescente;Sol;Dupla;Reta;Sim  ;"1081564   ";Caminhonete;FIAT/STRADA FREEDOM 13CD;"2021      ";Condutor;Ileso;"57   ";Masculino;"1 ";"0    ";"0    ";"0    ";-15.8850930;-48.0689540;SPRF-DF;DEL03-DF;UOP01-DEL03-DF 