id;pesid;data_inversa;dia_semana;horario;uf;br;km;municipio;causa_principal;causa_acidente;ordem_tipo_acidente;tipo_acidente;classificacao_acidente;fase_dia;sentido_via;condicao_metereologica;tipo_pista;tracado_via;uso_solo;id_veiculo;tipo_veiculo;marca;ano_fabricacao_veiculo;tipo_envolvido;estado_fisico;idade;sexo;ilesos;feridos_leves;feridos_graves;mortos;latitude;longitude;regional;delegacia;uop
604945;"1350224   ";2024-06-03;segunda-feira;11:20:00;DF;"60   ";"1,9  ";BRASILIA;Não;Condutor deixou de manter distância do veículo da frente;1;Colisão lateral mesmo sentido;Com Vítimas Feridas;Pleno dia;Decrescente;Sol;Dupla;Reta;Sim  ;"1081561   ";Automóvel;HYUNDAI/HB20S 1.6A COMF;"2015      ";Condutor;Ileso;"70   ";Masculino;"1 ";"0    ";"0    ";"0    ";-15.8850930;-48.0689540;SPRF-DF;DEL03-DF;UOP01-DEL03-DF 
604945;"1350227   ";2024-06-03;segunda-feira;11:20:00;DF;"60   ";"1,9  ";BRASILIA;Não;Condutor deixou de manter distância do veículo da frente;1;Colisão lateral mesmo sentido;Com Vítimas Feridas;Pleno dia;Decrescente;Sol;Dupla;Reta;Sim  ;"1081561   ";Automóvel;HYUNDAI/HB20S 1.6A COMF;"2015      ";Passageiro;Ileso;"54   ";Feminino;"1 ";"0    ";"0    ";"0    ";-15.8850930;-48.0689540;SPRF-DF;DEL03-DF;UOP01-DEL03-DF 
604945;"1350229   ";2024-06-03;segunda-feira;11:20:00;DF;"60   ";"1,9  ";BRASILIA;Não;Condutor deixou de manter distância do veículo da frente;1;Colisão lateral mesmo sentido;Com Vítimas Feridas;Pleno dia;Decrescente;Sol;Dupla;Reta;Sim  ;"1081565   ";Automóvel;CHEV/ONIX 10TAT PR1;"2019      ";Condutor;Ileso;"35   ";Masculino;"1 ";"0    ";"0    ";"0    ";-15.8850930;-48.0689540;SPRF-DF;DEL03-DF;UOP01-DEL03-DF 
604945;"1350233   ";2024-06-03;segunda-feira;11:20:00;DF;"60   ";"1,9  ";BRASILIA;Não;Condutor deixou de manter distância do veículo da frente;1;Colisão lateral mesmo sentido;Com Vítimas Feridas;Pleno dia;Decrescente;Sol;Dupla;Reta;Sim  ;"1081565   ";Automóvel;CHEV/ONIX 10TAT PR1;"2019      ";Passageiro;Ileso;"5    ";Masculino;"1 ";"0    ";"0    ";"0    ";-15.8850930;-48.0689540;SPRF-DF;DEL03-DF;UOP01-DEL03-DF 
604945;"1350232   ";2024-06-03;segunda-feira;11:20:00;DF;"60   ";"1,9  ";BRASILIA;Não;Condutor deixou de manter distância do veículo da frente;1;Colisão lateral mesmo sentido;Com Vítimas Feridas;Pleno dia;Decrescente;Sol;Dupla;Reta;Sim  ;"1081565   ";Automóvel;CHEV/ONIX 10TAT PR1;"2019      ";Passageiro;Ileso;"42   ";Feminino;"1 ";"0    ";"0    ";"0    ";-15.8850930;-48.0689540;SPRF-DF;DEL03-DF;UOP01-DEL03-DF 
604945;"1350231   ";2024-06-03;segunda-feira;11:20:00;DF;"60   ";"1,9  ";BRASILIA;Não;Condutor deixou de manter distância do veículo da frente;1;Colisão lateral mesmo sentido;Com Vítimas Feridas;Pleno dia;Decrescente;Sol;Dupla;Reta;Sim  ;"1081565   ";Automóvel;CHEV/ONIX 10TAT PR1;"2019      ";Passageiro;Ileso;"31   ";Feminino;"1 ";"0    ";"0    ";"0    ";-15.8850930;-48.0689540;SPRF-DF;DEL03-DF;UOP01-DEL03-DF 
604945;"1350234   ";2024-06-03;segunda-feira;11:20:00;DF;"60   ";"1,9  ";BRASILIA;Não;Condutor deixou de manter distância do veículo da frente;1;Colisão lateral mesmo sentido;Com Vítimas Feridas;Pleno dia;Decrescente;Sol;Dupla;Reta;Sim  ;"1081565   ";Automóvel;CHEV/ONIX 10TAT PR1;"2019      ";Passageiro;Ileso;"62   ";Feminino;"1 ";"0    ";"0    ";"0    ";-15.8850930;-48.0689540;SPRF-DF;DEL03-DF;UOP01-DEL03-DF 
604945;"1350222   ";2024-06-03;segunda-feira;11:20:00;DF;"60   ";"1,9  ";BRASILIA;Não;Condutor deixou de manter distância do veículo da frente;1;Colisão lateral mesmo sentido;Com Vítimas Feridas;Pleno dia;Decrescente;Sol;Dupla;Reta;Sim  ;"1081559   ";Motocicleta;YAMAHA/FZ15 FAZER ABS;"2023      ";Condutor;Lesões Leves;"24   ";Masculino;"0 ";"1    ";"0    ";"0    ";-15.8850930;-48.0689540;SPRF-DF;DEL03-DF;UOP01-DEL03-DF 
604945;"1350228   ";2024-06-03;segunda-feira;11:20:00;DF;"60   ";"1,9  ";BRASILIA;Não;Condutor deixou de manter distância do veículo da frente;1;Colisão lateral mesmo sentido;Com Vítimas Feridas;Pleno dia;Decrescente;Sol;Dupla;Reta;Sim  ;"1081564   ";Caminhonete;FIAT/STRADA FREEDOM 13CD;"2021      ";Condutor;Ileso;"57   ";Masculino;"1 ";"0    ";"0    ";"0    ";-15.8850930;-48.0689540;SPRF-DF;DEL03-DF;UOP01-DEL03-DF 
604945;"1350224   ";2024-06-03;segunda-feira;11:20:00;DF;"60   ";"1,9  ";BRASILIA;Sim;Manobra de mudança de faixa;1;Colisão lateral mesmo sentido;Com Vítimas Feridas;Pleno dia;Decrescente;Sol;Dupla;Reta;Sim  ;"1081561   ";Automóvel;HYUNDAI/HB20S 1.6A COMF;"2015      ";Condutor;Ileso;"70   ";Masculino;"1 ";"0    ";"0    ";"0    ";-15.8850930;-48.0689540;SPRF-DF;DEL03-DF;UOP01-DEL03-DF 
604945;"1350227   ";2024-06-03;segunda-feira;11:20:00;DF;"60   ";"1,9  ";BRASILIA;Sim;Manobra de mudança de faixa;1;Colisão lateral mesmo sentido;Com Vítimas Feridas;Pleno dia;Decrescente;Sol;Dupla;Reta;Sim  ;"1081561   ";Automóvel;HYUNDAI/HB20S 1.6A COMF;"2015      ";Passageiro;Ileso;"54   ";Feminino;"1 ";"0    ";"0    ";"0    ";-15.8850930;-48.0689540;SPRF-DF;DEL03-DF;UOP01-DEL03-DF 
604945;"1350229   ";2024-06-03;segunda-feira;11:20:00;DF;"60   ";"1,9  ";BRASILIA;Sim;Manobra de mudança de faixa;1;Colisão lateral mesmo sentido;Com Vítimas Feridas;Pleno dia;Decrescente;Sol;Dupla;Reta;Sim  ;"1081565   ";Automóvel;CHEV/ONIX 10TAT PR1;"2019      ";Condutor;Ileso;"35   ";Masculino;"1 ";"0    ";"0    ";"0    ";-15.8850930;-48.0689540;SPRF-DF;DEL03-DF;UOP01-DEL03-DF 
604945;"1350233   ";2024-06-03;segunda-feira;11:20:00;DF;"60   ";"1,9  ";BRASILIA;Sim;Manobra de mudança de faixa;1;Colisão lateral mesmo sentido;Com Vítimas Feridas;Pleno dia;Decrescente;Sol;Dupla;Reta;Sim  ;"1081565   ";Automóvel;CHEV/ONIX 10TAT PR1;"2019      ";Passageiro;Ileso;"5    ";Masculino;"1 ";"0    ";"0    ";"0    ";-15.8850930;-48.0689540;SPRF-DF;DEL03-DF;UOP01-DEL03-DF 
604945;"1350232   ";2024-06-03;segunda-feira;11:20:00;DF;"60   ";"1,9  ";BRASILIA;Sim;Manobra de mudança de faixa;1;Colisão lateral mesmo sentido;Com Vítimas Feridas;Pleno dia;Decrescente;Sol;Dupla;Reta;Sim  ;"1081565   ";Automóvel;CHEV/ONIX 10TAT PR1;"2019      ";Passageiro;Ileso;"42   ";Feminino;"1 ";"0    ";"0    ";"0    ";-15.8850930;-48.0689540;SPRF-DF;DEL03-DF;UOP01-DEL03-DF 
604945;"1350231   ";2024-06-03;segunda-feira;11:20:00;DF;"60   ";"1,9  ";BRASILIA;Sim;Manobra de mudança de faixa;1;Colisão lateral mesmo sentido;Com Vítimas Feridas;Pleno dia;Decrescente;Sol;Dupla;Reta;Sim  ;"1081565   ";Automóvel;CHEV/ONIX 10TAT PR1;"2019      ";Passageiro;Ileso;"31   ";Feminino;"1 ";"0    ";"0    ";"0    ";-15.8850930;-48.0689540;SPRF-DF;DEL03-DF;UOP01-DEL03-DF 
604945;"1350234   ";2024-06-03;segunda-feira;11:20:00;DF;"60   ";"1,9  ";BRASILIA;Sim;Manobra de mudança de faixa;1;Colisão lateral mesmo sentido;Com Vítimas Feridas;Pleno dia;Decrescente;Sol;Dupla;Reta;Sim  ;"1081565   ";Automóvel;CHEV/ONIX 10TAT PR1;"2019      ";Passageiro;Ileso;"62   ";Feminino;"1 ";"0    ";"0    ";"0    ";-15.8850930;-48.0689540;SPRF-DF;DEL03-DF;UOP01-DEL03-DF 
604945;"1350222   ";2024-06-03;segunda-feira;11:20:00;DF;"60   ";"1,9  ";BRASILIA;Sim;Manobra de mudança de faixa;1;Colisão lateral mesmo sentido;Com Vítimas Feridas;Pleno dia;Decrescente;Sol;Dupla;Reta;Sim  ;"1081559   ";Motocicleta;YAMAHA/FZ15 FAZER ABS;"2023      ";Condutor;Lesões Leves;"24   ";Masculino;"0 ";"1    ";"0    ";"0    ";-15.8850930;-48.0689540;SPRF-DF;DEL03-DF;UOP01-DEL03-DF 
604945;"1350228   ";2024-06-03;segunda-feira;11:20:00;DF;"60   ";"1,9  ";BRASILIA;Sim;Manobra de mudança de faixa;1;Colisão lateral mesmo sentido;Com Vítimas Feridas;Pleno dia;Decrescente;Sol;Dupla;Reta;Sim  ;"1081564   ";Caminhonete;FIAT/STRADA FREEDOM 13CD;"2021      ";Condutor;Ileso;"57   ";Masculino;"1 ";"0    ";"0    ";"0    ";-15.8850930;-48.0689540;SPRF-DF;DEL03-DF;UOP01-DEL03-DF 
605068;"1350445   ";2024-06-04;terça-feira;00:10:00;DF;"60   ";"7,6  ";BRASILIA;Não;Avarias e/ou desgaste excessivo no pneu;4;Capotamento;Com Vítimas Feridas;Plena Noite;Crescente;Céu Claro;Dupla;"Declive;Reta";Sim  ;"1081728   ";Automóvel;RENAULT/KWID ZEN 10MT;"2017      ";Condutor;Lesões Leves;"39   ";Masculino;"0 ";"1    ";"0    ";"0    ";-15.9027420;-48.1291100;SPRF-DF;DEL03-DF;UOP01-DEL03-DF 
605068;"1350445   ";2024-06-04;terça-feira;00:10:00;DF;"60   ";"7,6  ";BRASILIA;Não;Ausência de reação do condutor;4;Capotamento;Com Vítimas Feridas;Plena Noite;Crescente;Céu Claro;Dupla;"Declive;Reta";Sim  ;"1081728   ";Automóvel;RENAULT/KWID ZEN 10MT;"2017      ";Condutor;Lesões Leves;"39   ";Masculino;"0 ";"1    ";"0    ";"0    ";-15.9027420;-48.1291100;SPRF-DF;DEL03-DF;UOP01-DEL03-DF 
605068;"1350445   ";2024-06-04;terça-feira;00:10:00;DF;"60   ";"7,6  ";BRASILIA;Sim;Condutor Dormindo;4;Capotamento;Com Vítimas Feridas;Plena Noite;Crescente;Céu Claro;Dupla;"Declive;Reta";Sim  ;"1081728   ";Automóvel;RENAULT/KWID ZEN 10MT;"2017      ";Condutor;Lesões Leves;"39   ";Masculino;"0 ";"1    ";"0    ";"0    ";-15.9027420;-48.1291100;SPRF-DF;DEL03-DF;UOP01-DEL03-DF 
605068;"1350445   ";2024-06-04;terça-feira;00:10:00;DF;"60   ";"7,6  ";BRASILIA;Não;Avarias e/ou desgaste excessivo no pneu;3;Colisão com objeto;Com Vítimas Feridas;Plena Noite;Crescente;Céu Claro;Dupla;"Declive;Reta";Sim  ;"1081728   ";Automóvel;RENAULT/KWID ZEN 10MT;"2017      ";Condutor;Lesões Leves;"39   ";Masculino;"0 ";"1    ";"0    ";"0    ";-15.9027420;-48.1291100;SPRF-DF;DEL03-DF;UOP01-DEL03-DF 
605068;"1350445   ";2024-06-04;terça-feira;00:10:00;DF;"60   ";"7,6  ";BRASILIA;Não;Ausência de reação do condutor;3;Colisão com objeto;Com Vítimas Feridas;Plena Noite;Crescente;Céu Claro;Dupla;"Declive;Reta";Sim  ;"1081728   ";Automóvel;RENAULT/KWID ZEN 10MT;"2017      ";Condutor;Lesões Leves;"39   ";Masculino;"0 ";"1    ";"0    ";"0    ";-15.9027420;-48.1291100;SPRF-DF;DEL03-DF;UOP01-DEL03-DF 
605068;"1350445   ";2024-06-04;terça-feira;00:10:00;DF;"60   ";"7,6  ";BRASILIA;Sim;Condutor Dormindo;3;Colisão com objeto;Com Vítimas Feridas;Plena Noite;Crescente;Céu Claro;Dupla;"Declive;Reta";Sim  ;"1081728   ";Automóvel;RENAULT/KWID ZEN 10MT;"2017      ";Condutor;Lesões Leves;"39   ";Masculino;"0 ";"1    ";"0    ";"0    ";-15.9027420;-48.1291100;SPRF-DF;DEL03-DF;UOP01-DEL03-DF 
605068;"1350445   ";2024-06-04;terça-feira;00:10:00;DF;"60   ";"7,6  ";BRASILIA;Não;Avarias e/ou desgaste excessivo no pneu;2;Colisão com objeto;Com Vítimas Feridas;Plena Noite;Crescente;Céu Claro;Dupla;"Declive;Reta";Sim  ;"1081728   ";Automóvel;RENAULT/KWID ZEN 10MT;"2017      ";Condutor;Lesões Leves;"39   ";Masculino;"0 ";"1    ";"0    ";"0    ";-15.9027420;-48.1291100;SPRF-DF;DEL03-DF;UOP01-DEL03-DF 
605068;"1350445   ";2024-06-04;terça-feira;00:10:00;DF;"60   ";"7,6  ";BRASILIA;Não;Ausência de reação do condutor;2;Colisão com objeto;Com Vítimas Feridas;Plena Noite;Crescente;Céu Claro;Dupla;"Declive;Reta";Sim  ;"1081728   ";Automóvel;RENAULT/KWID ZEN 10MT;"2017      ";Condutor;Lesões Leves;"39   ";Masculino;"0 ";"1    ";"0    ";"0    ";-15.9027420;-48.1291100;SPRF-DF;DEL03-DF;UOP01-DEL03-DF 
605068;"1350445   ";2024-06-04;terça-feira;00:10:00;DF;"60   ";"7,6  ";BRASILIA;Sim;Condutor Dormindo;2;Colisão com objeto;Com Vítimas Feridas;Plena Noite;Crescente;Céu Claro;Dupla;"Declive;Reta";Sim  ;"1081728   ";Automóvel;RENAULT/KWID ZEN 10MT;"2017      ";Condutor;Lesões Leves;"39   ";Masculino;"0 ";"1    ";"0    ";"0    ";-15.9027420;-48.1291100;SPRF-DF;DEL03-DF;UOP01-DEL03-DF 
605068;"1350445   ";2024-06-04;terça-feira;00:10:00;DF;"60   ";"7,6  ";BRASILIA;Não;Avarias e/ou desgaste excessivo no pneu;1;Saída de leito carroçável;Com Vítimas Feridas;Plena Noite;Crescente;Céu Claro;Dupla;"Declive;Reta";Sim  ;"1081728   ";Automóvel;RENAULT/KWID ZEN 10MT;"2017      ";Condutor;Lesões Leves;"39   ";Masculino;"0 ";"1    ";"0    ";"0    ";-15.9027420;-48.1291100;SPRF-DF;DEL03-DF;UOP01-DEL03-DF 
605068;"1350445   ";2024-06-04;terça-feira;00:10:00;DF;"60   ";"7,6  ";BRASILIA;Não;Ausência de reação do condutor;1;Saída de leito carroçável;Com Vítimas Feridas;Plena Noite;Crescente;Céu Claro;Dupla;"Declive;Reta";Sim  ;"1081728   ";Automóvel;RENAULT/KWID ZEN 10MT;"2017      ";Condutor;Lesões Leves;"39   ";Masculino;"0 ";"1    ";"0    ";"0    ";-15.9027420;-48.1291100;SPRF-DF;DEL03-DF;UOP01-DEL03-DF 
605068;"1350445   ";2024-06-04;terça-feira;00:10:00;DF;"60   ";"7,6  ";BRASILIA;Sim;Condutor Dormindo;1;Saída de leito carroçável;Com Vítimas Feridas;Plena Noite;Crescente;Céu Claro;Dupla;"Declive;Reta";Sim  ;"1081728   ";Automóvel;RENAULT/KWID ZEN 10MT;"2017      ";Condutor;Lesões Leves;"39   ";Masculino;"0 ";"1    ";"0    ";"0    ";-15.9027420;-48.1291100;SPRF-DF;DEL03-DF;UOP01-DEL03-DF 
605069;"1350428   ";2024-04-03;quarta-feira;14:00:00;GO;"60   ";"25,8 ";ALEXANIA;Sim;Acumulo de água sobre o pavimento;1;Saída de leito carroçável;Com Vítimas Feridas;Pleno dia;Crescente;Ignorado;Dupla;"Declive;Reta";Não  ;"1081717   ";Camioneta;I/PORSCHE MACAN GTS;"0         ";Condutor;Lesões Leves;"0    ";Masculino;"0 ";"1    ";"0    ";"0    ";-16.1082510;-48.4489200;SPRF-DF;DEL03-DF;UOP01-DEL03-DF 
605069;"1350427   ";2024-04-03;quarta-feira;14:00:00;GO;"60   ";"25,8 ";ALEXANIA;Sim;Acumulo de água sobre o pavimento;1;Saída de leito carroçável;Com Vítimas Feridas;Pleno dia;Crescente;Ignorado;Dupla;"Declive;Reta";Não  ;"1081717   ";Camioneta;I/PORSCHE MACAN GTS;"0         ";Passageiro;Lesões Leves;"0    ";Feminino;"0 ";"1    ";"0    ";"0    ";-16.1082510;-48.4489200;SPRF-DF;DEL03-DF;UOP01-DEL03-DF 
605092;"1350502   ";2024-06-04;terça-feira;06:40:00;DF;"40   ";"5    ";BRASILIA;Não;Reação tardia ou ineficiente do condutor;3;Queda de ocupante de veículo;Com Vítimas Feridas;Pleno dia;Decrescente;Céu Claro;Dupla;Reta;Sim  ;"1081759   ";Automóvel;GM/CORSA SUPER;"1996      ";Condutor;Ileso;"20   ";Masculino;"1 ";"0    ";"0    ";"0    ";-16.0209030;-47.9805410;SPRF-DF;DEL01-DF;UOP01-DEL01-DF 
605092;"1350503   ";2024-06-04;terça-feira;06:40:00;DF;"40   ";"5    ";BRASILIA;Não;Reação tardia ou ineficiente do condutor;3;Queda de ocupante de veículo;Com Vítimas Feridas;Pleno dia;Decrescente;Céu Claro;Dupla;Reta;Sim  ;"1081760   ";Motocicleta;YAMAHA/YS150 FAZER SED;"2022      ";Condutor;Lesões Leves;"24   ";Feminino;"0 ";"1    ";"0    ";"0    ";-16.0209030;-47.9805410;SPRF-DF;DEL01-DF;UOP01-DEL01-DF 
605092;"1350502   ";2024-06-04;terça-feira;06:40:00;DF;"40   ";"5    ";BRASILIA;Não;Trafegar com motocicleta (ou similar) entre as faixas;3;Queda de ocupante de veículo;Com Vítimas Feridas;Pleno dia;Decrescente;Céu Claro;Dupla;Reta;Sim  ;"1081759   ";Automóvel;GM/CORSA SUPER;"1996      ";Condutor;Ileso;"20   ";Masculino;"1 ";"0    ";"0    ";"0    ";-16.0209030;-47.9805410;SPRF-DF;DEL01-DF;UOP01-DEL01-DF 
605092;"1350503   ";2024-06-04;terça-feira;06:40:00;DF;"40   ";"5    ";BRASILIA;Não;Trafegar com motocicleta (ou similar) entre as faixas;3;Queda de ocupante de veículo;Com Vítimas Feridas;Pleno dia;Decrescente;Céu Claro;Dupla;Reta;Sim  ;"1081760   ";Motocicleta;YAMAHA/YS150 FAZER SED;"2022      ";Condutor;Lesões Leves;"24   ";Feminino;"0 ";"1    ";"0    ";"0    ";-16.0209030;-47.9805410;SPRF-DF;DEL01-DF;UOP01-DEL01-DF 
605092;"1350502   ";2024-06-04;terça-feira;06:40:00;DF;"40   ";"5    ";BRASILIA;Sim;Manobra de mudança de faixa;3;Queda de ocupante de veículo;Com Vítimas Feridas;Pleno dia;Decrescente;Céu Claro;Dupla;Reta;Sim  ;"1081759   ";Automóvel;GM/CORSA SUPER;"1996      ";Condutor;Ileso;"20   ";Masculino;"1 ";"0    ";"0    ";"0    ";-16.0209030;-47.9805410;SPRF-DF;DEL01-DF;UOP01-DEL01-DF 
605092;"1350503   ";2024-06-04;terça-feira;06:40:00;DF;"40   ";"5    ";BRASILIA;Sim;Manobra de mudança de faixa;3;Queda de ocupante de veículo;Com Vítimas Feridas;Pleno dia;Decrescente;Céu Claro;Dupla;Reta;Sim  ;"1081760   ";Motocicleta;YAMAHA/YS150 FAZER SED;"2022      ";Condutor;Lesões Leves;"24   ";Feminino;"0 ";"1    ";"0    ";"0    ";-16.0209030;-47.9805410;SPRF-DF;DEL01-DF;UOP01-DEL01-DF 
605092;"1350502   ";2024-06-04;terça-feira;06:40:00;DF;"40   ";"5    ";BRASILIA;Não;Reação tardia ou ineficiente do condutor;2;Tombamento;Com Vítimas Feridas;Pleno dia;Decrescente;Céu Claro;Dupla;Reta;Sim  ;"1081759   ";Automóvel;GM/CORSA SUPER;"1996      ";Condutor;Ileso;"20   ";Masculino;"1 ";"0    ";"0    ";"0    ";-16.0209030;-47.9805410;SPRF-DF;DEL01-DF;UOP01-DEL01-DF 
605092;"1350503   ";2024-06-04;terça-feira;06:40:00;DF;"40   ";"5    ";BRASILIA;Não;Reação tardia ou ineficiente do condutor;2;Tombamento;Com Vítimas Feridas;Pleno dia;Decrescente;Céu Claro;Dupla;Reta;Sim  ;"1081760   ";Motocicleta;YAMAHA/YS150 FAZER SED;"2022      ";Condutor;Lesões Leves;"24   ";Feminino;"0 ";"1    ";"0    ";"0    ";-16.0209030;-47.9805410;SPRF-DF;DEL01-DF;UOP01-DEL01-DF 
605092;"1350502   ";2024-06-04;terça-feira;06:40:00;DF;"40   ";"5    ";BRASILIA;Não;Trafegar com motocicleta (ou similar) entre as faixas;2;Tombamento;Com Vítimas Feridas;Pleno dia;Decrescente;Céu Claro;Dupla;Reta;Sim  ;"1081759   ";Automóvel;GM/CORSA SUPER;"1996      ";Condutor;Ileso;"20   ";Masculino;"1 ";"0    ";"0    ";"0    ";-16.0209030;-47.9805410;SPRF-DF;DEL01-DF;UOP01-DEL01-DF 
605092;"1350503   ";2024-06-04;terça-feira;06:40:00;DF;"40   ";"5    ";BRASILIA;Não;Trafegar com motocicleta (ou similar) entre as faixas;2;Tombamento;Com Vítimas Feridas;Pleno dia;Decrescente;Céu Claro;Dupla;Reta;Sim  ;"1081760   ";Motocicleta;YAMAHA/YS150 FAZER SED;"2022      ";Condutor;Lesões Leves;"24   ";Feminino;"0 ";"1    ";"0    ";"0    ";-16.0209030;-47.9805410;SPRF-DF;DEL01-DF;UOP01-DEL01-DF 
605092;"1350502   ";2024-06-04;terça-feira;06:40:00;DF;"40   ";"5    ";BRASILIA;Sim;Manobra de mudança de faixa;2;Tombamento;Com Vítimas Feridas;Pleno dia;Decrescente;Céu Claro;Dupla;Reta;Sim  ;"1081759   ";Automóvel;GM/CORSA SUPER;"1996      ";Condutor;Ileso;"20   ";Masculino;"1 ";"0    ";"0    ";"0    ";-16.0209030;-47.9805410;SPRF-DF;DEL01-DF;UOP01-DEL01-DF 
605092;"1350503   ";2024-06-04;terça-feira;06:40:00;DF;"40   ";"5    ";BRASILIA;Sim;Manobra de mudança de faixa;2;Tombamento;Com Vítimas Feridas;Pleno dia;Decrescente;Céu Claro;Dupla;Reta;Sim  ;"1081760   ";Motocicleta;YAMAHA/YS150 FAZER SED;"2022      ";Condutor;Lesões Leves;"24   ";Feminino;"0 ";"1    ";"0    ";"0    ";-16.0209030;-47.9805410;SPRF-DF;DEL01-DF;UOP01-DEL01-DF 
605092;"1350502   ";2024-06-04;terça-feira;06:40:00;DF;"40   ";"5    ";BRASILIA;Não;Reação tardia ou ineficiente do condutor;1;Colisão traseira;Com Vítimas Feridas;Pleno dia;Decrescente;Céu Claro;Dupla;Reta;Sim  ;"1081759   ";Automóvel;GM/CORSA SUPER;"1996      ";Condutor;Ileso;"20   ";Masculino;"1 ";"0    ";"0    ";"0    ";-16.0209030;-47.9805410;SPRF-DF;DEL01-DF;UOP01-DEL01-DF 
605092;"1350503   ";2024-06-04;terça-feira;06:40:00;DF;"40   ";"5    ";BRASILIA;Não;Reação tardia ou ineficiente do condutor;1;Colisão traseira;Com Vítimas Feridas;Pleno dia;Decrescente;Céu Claro;Dupla;Reta;Sim  ;"1081760   ";Motocicleta;YAMAHA/YS150 FAZER SED;"2022      ";Condutor;Lesões Leves;"24   ";Feminino;"0 ";"1    ";"0    ";"0    ";-16.0209030;-47.9805410;SPRF-DF;DEL01-DF;UOP01-DEL01-DF 
605345;"0         ";2024-06-05;quarta-feira;14:50:00;DF;"251  ";"11,2 ";BRASILIA;Sim;Reação tardia ou ineficiente do condutor;1;Tombamento;Com Vítimas Feridas;Pleno dia;Crescente;Sol;Simples;Rotatória;Não  ;"1082381   ";Semireboque;SR/RANDON SR CA;"2010      ";"0";"0";"0    ";"0";"0 ";"0    ";"0    ";"0    ";-15.9697070;-47.5869410;SPRF-DF;DEL01-DF;UOP01-DEL01-DF 
605092;"1350502   ";2024-06-04;terça-feira;06:40:00;DF;"40   ";"5    ";BRASILIA;Não;Trafegar com motocicleta (ou similar) entre as faixas;1;Colisão traseira;Com Vítimas Feridas;Pleno dia;Decrescente;Céu Claro;Dupla;Reta;Sim  ;"1081759   ";Automóvel;GM/CORSA SUPER;"1996      ";Condutor;Ileso;"20   ";Masculino;"1 ";"0    ";"0    ";"0    ";-16.0209030;-47.9805410;SPRF-DF;DEL01-DF;UOP01-DEL01-DF 
605092;"1350503   ";2024-06-04;terça-feira;06:40:00;DF;"40   ";"5    ";BRASILIA;Não;Trafegar com motocicleta (ou similar) entre as faixas;1;Colisão traseira;Com Vítimas Feridas;Pleno dia;Decrescente;Céu Claro;Dupla;Reta;Sim  ;"1081760   ";Motocicleta;YAMAHA/YS150 FAZER SED;"2022      ";Condutor;Lesões Leves;"24   ";Feminino;"0 ";"1    ";"0    ";"0    ";-16.0209030;-47.9805410;SPRF-DF;DEL01-DF;UOP01-DEL01-DF 
605092;"1350502   ";2024-06-04;terça-feira;06:40:00;DF;"40   ";"5    ";BRASILIA;Sim;Manobra de mudança de faixa;1;Colisão traseira;Com Vítimas Feridas;Pleno dia;Decrescente;Céu Claro;Dupla;Reta;Sim  ;"1081759   ";Automóvel;GM/CORSA SUPER;"1996      ";Condutor;Ileso;"20   ";Masculino;"1 ";"0    ";"0    ";"0    ";-16.0209030;-47.9805410;SPRF-DF;DEL01-DF;UOP01-DEL01-DF 
605092;"1350503   ";2024-06-04;terça-feira;06:40:00;DF;"40   ";"5    ";BRASILIA;Sim;Manobra de mudança de faixa;1;Colisão traseira;Com Vítimas Feridas;Pleno dia;Decrescente;Céu Claro;Dupla;Reta;Sim  ;"1081760   ";Motocicleta;YAMAHA/YS150 FAZER SED;"2022      ";Condutor;Lesões Leves;"24   ";Feminino;"0 ";"1    ";"0    ";"0    ";-16.0209030;-47.9805410;SPRF-DF;DEL01-DF;UOP01-DEL01-DF 
605134;"1350715   ";2024-06-04;terça-feira;10:00:00;GO;"40   ";"19   ";LUZIANIA;Sim;Acessar a via sem observar a presença dos outros veículos;1;Colisão traseira;Com Vítimas Feridas;Pleno dia;Decrescente;Céu Claro;Dupla;Reta;Sim  ;"1081910   ";Automóvel;GM/ASTRA SEDAN ADVANTAGE;"2007      ";Condutor;Ileso;"24   ";Masculino;"1 ";"0    ";"0    ";"0    ";-16.2015560;-47.9213140;SPRF-DF;DEL01-DF;UOP01-DEL01-DF 
605134;"1350707   ";2024-06-04;terça-feira;10:00:00;GO;"40   ";"19   ";LUZIANIA;Sim;Acessar a via sem observar a presença dos outros veículos;1;Colisão traseira;Com Vítimas Feridas;Pleno dia;Decrescente;Céu Claro;Dupla;Reta;Sim  ;"1081910   ";Automóvel;GM/ASTRA SEDAN ADVANTAGE;"2007      ";Passageiro;Ileso;"72   ";Feminino;"1 ";"0    ";"0    ";"0    ";-16.2015560;-47.9213140;SPRF-DF;DEL01-DF;UOP01-DEL01-DF 
605134;"1350705   ";2024-06-04;terça-feira;10:00:00;GO;"40   ";"19   ";LUZIANIA;Sim;Acessar a via sem observar a presença dos outros veículos;1;Colisão traseira;Com Vítimas Feridas;Pleno dia;Decrescente;Céu Claro;Dupla;Reta;Sim  ;"1081915   ";Automóvel;GM/ASTRA SEDAN ELEGANCE;"2005      ";Condutor;Lesões Leves;"73   ";Masculino;"0 ";"1    ";"0    ";"0    ";-16.2015560;-47.9213140;SPRF-DF;DEL01-DF;UOP01-DEL01-DF 