id;pesid;data_inversa;dia_semana;horario;uf;br;km;municipio;causa_principal;causa_acidente;ordem_tipo_acidente;tipo_acidente;classificacao_acidente;fase_dia;sentido_via;condicao_metereologica;tipo_pista;tracado_via;uso_solo;id_veiculo;tipo_veiculo;marca;ano_fabricacao_veiculo;tipo_envolvido;estado_fisico;idade;sexo;ilesos;feridos_leves;feridos_graves;mortos;latitude;longitude;regional;delegacia;uop
605361;"1351390   ";2024-06-05;quarta-feira;17:30:00;GO;"70   ";"4    ";AGUAS LINDAS DE GOIAS;Não;Pedestre cruzava a pista fora da faixa;1;Atropelamento de Pedestre;Com Vítimas Fatais;Anoitecer;Decrescente;Nublado;Dupla;Reta;Não  ;"0         ";"0";NA/NA;"0         ";Pedestre;Óbito;"75   ";Masculino;"0 ";"0    ";"0    ";"1    ";-15.7598380;-48.2460110;SPRF-DF;DEL03-DF;UOP02-DEL03-DF 
605361;"1351387   ";2024-06-05;quarta-feira;17:30:00;GO;"70   ";"4    ";AGUAS LINDAS DE GOIAS;Não;Manobra de mudança de faixa;1;Atropelamento de Pedestre;Com Vítimas Fatais;Anoitecer;Decrescente;Nublado;Dupla;Reta;Não  ;"1082436   ";Automóvel;FIAT/ARGO DRIVE 1.0;"2023      ";Condutor;Ileso;"56   ";Masculino;"1 ";"0    ";"0    ";"0    ";-15.7598380;-48.2460110;SPRF-DF;DEL03-DF;UOP02-DEL03-DF 
605361;"1351390   ";2024-06-05;quarta-feira;17:30:00;GO;"70   ";"4    ";AGUAS LINDAS DE GOIAS;Não;Manobra de mudança de faixa;1;Atropelamento de Pedestre;Com Vítimas Fatais;Anoitecer;Decrescente;Nublado;Dupla;Reta;Não  ;"0         ";"0";NA/NA;"0         ";Pedestre;Óbito;"75   ";Masculino;"0 ";"0    ";"0    ";"1    ";-15.7598380;-48.2460110;SPRF-DF;DEL03-DF;UOP02-DEL03-DF 
605361;"1351387   ";2024-06-05;quarta-feira;17:30:00;GO;"70   ";"4    ";AGUAS LINDAS DE GOIAS;Não;Velocidade Incompatível;1;Atropelamento de Pedestre;Com Vítimas Fatais;Anoitecer;Decrescente;Nublado;Dupla;Reta;Não  ;"1082436   ";Automóvel;FIAT/ARGO DRIVE 1.0;"2023      ";Condutor;Ileso;"56   ";Masculino;"1 ";"0    ";"0    ";"0    ";-15.7598380;-48.2460110;SPRF-DF;DEL03-DF;UOP02-DEL03-DF 
605361;"1351390   ";2024-06-05;quarta-feira;17:30:00;GO;"70   ";"4    ";AGUAS LINDAS DE GOIAS;Não;Velocidade Incompatível;1;Atropelamento de Pedestre;Com Vítimas Fatais;Anoitecer;Decrescente;Nublado;Dupla;Reta;Não  ;"0         ";"0";NA/NA;"0         ";Pedestre;Óbito;"75   ";Masculino;"0 ";"0    ";"0    ";"1    ";-15.7598380;-48.2460110;SPRF-DF;DEL03-DF;UOP02-DEL03-DF 
605361;"1351387   ";2024-06-05;quarta-feira;17:30:00;GO;"70   ";"4    ";AGUAS LINDAS DE GOIAS;Sim;Entrada inopinada do pedestre;1;Atropelamento de Pedestre;Com Vítimas Fatais;Anoitecer;Decrescente;Nublado;Dupla;Reta;Não  ;"1082436   ";Automóvel;FIAT/ARGO DRIVE 1.0;"2023      ";Condutor;Ileso;"56   ";Masculino;"1 ";"0    ";"0    ";"0    ";-15.7598380;-48.2460110;SPRF-DF;DEL03-DF;UOP02-DEL03-DF 
605361;"1351390   ";2024-06-05;quarta-feira;17:30:00;GO;"70   ";"4    ";AGUAS LINDAS DE GOIAS;Sim;Entrada inopinada do pedestre;1;Atropelamento de Pedestre;Com Vítimas Fatais;Anoitecer;Decrescente;Nublado;Dupla;Reta;Não  ;"0         ";"0";NA/NA;"0         ";Pedestre;Óbito;"75   ";Masculino;"0 ";"0    ";"0    ";"1    ";-15.7598380;-48.2460110;SPRF-DF;DEL03-DF;UOP02-DEL03-DF 
605387;"1351362   ";2024-06-05;quarta-feira;18:00:00;GO;"40   ";"3    ";VALPARAISO DE GOIAS;Não;Trafegar com motocicleta (ou similar) entre as faixas;3;Queda de ocupante de veículo;Com Vítimas Feridas;Anoitecer;Decrescente;Céu Claro;Dupla;Reta;Sim  ;"1082412   ";Motocicleta;HONDA/CG 150 TITAN ESD;"2008      ";Condutor;Lesões Leves;"31   ";Masculino;"0 ";"1    ";"0    ";"0    ";-16.0760810;-47.9856710;SPRF-DF;DEL01-DF;UOP01-DEL01-DF 
605387;"1351359   ";2024-06-05;quarta-feira;18:00:00;GO;"40   ";"3    ";VALPARAISO DE GOIAS;Não;Trafegar com motocicleta (ou similar) entre as faixas;3;Queda de ocupante de veículo;Com Vítimas Feridas;Anoitecer;Decrescente;Céu Claro;Dupla;Reta;Sim  ;"1082411   ";Automóvel;HONDA/CIVIC EXR;"2013      ";Condutor;Ileso;"57   ";Masculino;"1 ";"0    ";"0    ";"0    ";-16.0760810;-47.9856710;SPRF-DF;DEL01-DF;UOP01-DEL01-DF 
605387;"1351362   ";2024-06-05;quarta-feira;18:00:00;GO;"40   ";"3    ";VALPARAISO DE GOIAS;Sim;Manobra de mudança de faixa;3;Queda de ocupante de veículo;Com Vítimas Feridas;Anoitecer;Decrescente;Céu Claro;Dupla;Reta;Sim  ;"1082412   ";Motocicleta;HONDA/CG 150 TITAN ESD;"2008      ";Condutor;Lesões Leves;"31   ";Masculino;"0 ";"1    ";"0    ";"0    ";-16.0760810;-47.9856710;SPRF-DF;DEL01-DF;UOP01-DEL01-DF 
605387;"1351359   ";2024-06-05;quarta-feira;18:00:00;GO;"40   ";"3    ";VALPARAISO DE GOIAS;Sim;Manobra de mudança de faixa;3;Queda de ocupante de veículo;Com Vítimas Feridas;Anoitecer;Decrescente;Céu Claro;Dupla;Reta;Sim  ;"1082411   ";Automóvel;HONDA/CIVIC EXR;"2013      ";Condutor;Ileso;"57   ";Masculino;"1 ";"0    ";"0    ";"0    ";-16.0760810;-47.9856710;SPRF-DF;DEL01-DF;UOP01-DEL01-DF 
605387;"1351362   ";2024-06-05;quarta-feira;18:00:00;GO;"40   ";"3    ";VALPARAISO DE GOIAS;Não;Trafegar com motocicleta (ou similar) entre as faixas;2;Tombamento;Com Vítimas Feridas;Anoitecer;Decrescente;Céu Claro;Dupla;Reta;Sim  ;"1082412   ";Motocicleta;HONDA/CG 150 TITAN ESD;"2008      ";Condutor;Lesões Leves;"31   ";Masculino;"0 ";"1    ";"0    ";"0    ";-16.0760810;-47.9856710;SPRF-DF;DEL01-DF;UOP01-DEL01-DF 
605387;"1351359   ";2024-06-05;quarta-feira;18:00:00;GO;"40   ";"3    ";VALPARAISO DE GOIAS;Não;Trafegar com motocicleta (ou similar) entre as faixas;2;Tombamento;Com Vítimas Feridas;Anoitecer;Decrescente;Céu Claro;Dupla;Reta;Sim  ;"1082411   ";Automóvel;HONDA/CIVIC EXR;"2013      ";Condutor;Ileso;"57   ";Masculino;"1 ";"0    ";"0    ";"0    ";-16.0760810;-47.9856710;SPRF-DF;DEL01-DF;UOP01-DEL01-DF 
605387;"1351362   ";2024-06-05;quarta-feira;18:00:00;GO;"40   ";"3    ";VALPARAISO DE GOIAS;Sim;Manobra de mudança de faixa;2;Tombamento;Com Vítimas Feridas;Anoitecer;Decrescente;Céu Claro;Dupla;Reta;Sim  ;"1082412   ";Motocicleta;HONDA/CG 150 TITAN ESD;"2008      ";Condutor;Lesões Leves;"31   ";Masculino;"0 ";"1    ";"0    ";"0    ";-16.0760810;-47.9856710;SPRF-DF;DEL01-DF;UOP01-DEL01-DF 
605387;"1351359   ";2024-06-05;quarta-feira;18:00:00;GO;"40   ";"3    ";VALPARAISO DE GOIAS;Sim;Manobra de mudança de faixa;2;Tombamento;Com Vítimas Feridas;Anoitecer;Decrescente;Céu Claro;Dupla;Reta;Sim  ;"1082411   ";Automóvel;HONDA/CIVIC EXR;"2013      ";Condutor;Ileso;"57   ";Masculino;"1 ";"0    ";"0    ";"0    ";-16.0760810;-47.9856710;SPRF-DF;DEL01-DF;UOP01-DEL01-DF 
605387;"1351362   ";2024-06-05;quarta-feira;18:00:00;GO;"40   ";"3    ";VALPARAISO DE GOIAS;Não;Trafegar com motocicleta (ou similar) entre as faixas;1;Colisão lateral mesmo sentido;Com Vítimas Feridas;Anoitecer;Decrescente;Céu Claro;Dupla;Reta;Sim  ;"1082412   ";Motocicleta;HONDA/CG 150 TITAN ESD;"2008      ";Condutor;Lesões Leves;"31   ";Masculino;"0 ";"1    ";"0    ";"0    ";-16.0760810;-47.9856710;SPRF-DF;DEL01-DF;UOP01-DEL01-DF 
605746;"1352172   ";2024-06-07;sexta-feira;11:15:00;GO;"40   ";"8    ";LUZIANIA;Sim;Reação tardia ou ineficiente do condutor;1;Colisão com objeto;Com Vítimas Fatais;Pleno dia;Decrescente;Céu Claro;Dupla;Reta;Sim  ;"0         ";"0";NA/NA;"0         ";Testemunha;Não Informado;"0    ";Não Informado;"0 ";"0    ";"0    ";"0    ";-16.1161580;-47.9676100;SPRF-DF;DEL01-DF;UOP01-DEL01-DF 
605387;"1351359   ";2024-06-05;quarta-feira;18:00:00;GO;"40   ";"3    ";VALPARAISO DE GOIAS;Não;Trafegar com motocicleta (ou similar) entre as faixas;1;Colisão lateral mesmo sentido;Com Vítimas Feridas;Anoitecer;Decrescente;Céu Claro;Dupla;Reta;Sim  ;"1082411   ";Automóvel;HONDA/CIVIC EXR;"2013      ";Condutor;Ileso;"57   ";Masculino;"1 ";"0    ";"0    ";"0    ";-16.0760810;-47.9856710;SPRF-DF;DEL01-DF;UOP01-DEL01-DF 
605387;"1351362   ";2024-06-05;quarta-feira;18:00:00;GO;"40   ";"3    ";VALPARAISO DE GOIAS;Sim;Manobra de mudança de faixa;1;Colisão lateral mesmo sentido;Com Vítimas Feridas;Anoitecer;Decrescente;Céu Claro;Dupla;Reta;Sim  ;"1082412   ";Motocicleta;HONDA/CG 150 TITAN ESD;"2008      ";Condutor;Lesões Leves;"31   ";Masculino;"0 ";"1    ";"0    ";"0    ";-16.0760810;-47.9856710;SPRF-DF;DEL01-DF;UOP01-DEL01-DF 
605387;"1351359   ";2024-06-05;quarta-feira;18:00:00;GO;"40   ";"3    ";VALPARAISO DE GOIAS;Sim;Manobra de mudança de faixa;1;Colisão lateral mesmo sentido;Com Vítimas Feridas;Anoitecer;Decrescente;Céu Claro;Dupla;Reta;Sim  ;"1082411   ";Automóvel;HONDA/CIVIC EXR;"2013      ";Condutor;Ileso;"57   ";Masculino;"1 ";"0    ";"0    ";"0    ";-16.0760810;-47.9856710;SPRF-DF;DEL01-DF;UOP01-DEL01-DF 
605409;"1351430   ";2024-06-05;quarta-feira;20:40:00;GO;"40   ";"1,9  ";VALPARAISO DE GOIAS;Não;Reação tardia ou ineficiente do condutor;3;Queda de ocupante de veículo;Com Vítimas Feridas;Plena Noite;Crescente;Céu Claro;Dupla;"Reta;Declive";Sim  ;"1082474   ";Automóvel;VW/GOL 1.0L MC5;"2019      ";Condutor;Ileso;"50   ";Masculino;"1 ";"0    ";"0    ";"0    ";-16.0582450;-47.9828250;SPRF-DF;DEL01-DF;UOP01-DEL01-DF 
605409;"1351432   ";2024-06-05;quarta-feira;20:40:00;GO;"40   ";"1,9  ";VALPARAISO DE GOIAS;Não;Reação tardia ou ineficiente do condutor;3;Queda de ocupante de veículo;Com Vítimas Feridas;Plena Noite;Crescente;Céu Claro;Dupla;"Reta;Declive";Sim  ;"1082475   ";Motocicleta;HONDA/CG150 FAN ESDI;"2015      ";Condutor;Lesões Leves;"23   ";Masculino;"0 ";"1    ";"0    ";"0    ";-16.0582450;-47.9828250;SPRF-DF;DEL01-DF;UOP01-DEL01-DF 
605409;"1351430   ";2024-06-05;quarta-feira;20:40:00;GO;"40   ";"1,9  ";VALPARAISO DE GOIAS;Sim;Manobra de mudança de faixa;3;Queda de ocupante de veículo;Com Vítimas Feridas;Plena Noite;Crescente;Céu Claro;Dupla;"Reta;Declive";Sim  ;"1082474   ";Automóvel;VW/GOL 1.0L MC5;"2019      ";Condutor;Ileso;"50   ";Masculino;"1 ";"0    ";"0    ";"0    ";-16.0582450;-47.9828250;SPRF-DF;DEL01-DF;UOP01-DEL01-DF 
605409;"1351432   ";2024-06-05;quarta-feira;20:40:00;GO;"40   ";"1,9  ";VALPARAISO DE GOIAS;Sim;Manobra de mudança de faixa;3;Queda de ocupante de veículo;Com Vítimas Feridas;Plena Noite;Crescente;Céu Claro;Dupla;"Reta;Declive";Sim  ;"1082475   ";Motocicleta;HONDA/CG150 FAN ESDI;"2015      ";Condutor;Lesões Leves;"23   ";Masculino;"0 ";"1    ";"0    ";"0    ";-16.0582450;-47.9828250;SPRF-DF;DEL01-DF;UOP01-DEL01-DF 
605409;"1351430   ";2024-06-05;quarta-feira;20:40:00;GO;"40   ";"1,9  ";VALPARAISO DE GOIAS;Não;Reação tardia ou ineficiente do condutor;2;Tombamento;Com Vítimas Feridas;Plena Noite;Crescente;Céu Claro;Dupla;"Reta;Declive";Sim  ;"1082474   ";Automóvel;VW/GOL 1.0L MC5;"2019      ";Condutor;Ileso;"50   ";Masculino;"1 ";"0    ";"0    ";"0    ";-16.0582450;-47.9828250;SPRF-DF;DEL01-DF;UOP01-DEL01-DF 
605409;"1351432   ";2024-06-05;quarta-feira;20:40:00;GO;"40   ";"1,9  ";VALPARAISO DE GOIAS;Não;Reação tardia ou ineficiente do condutor;2;Tombamento;Com Vítimas Feridas;Plena Noite;Crescente;Céu Claro;Dupla;"Reta;Declive";Sim  ;"1082475   ";Motocicleta;HONDA/CG150 FAN ESDI;"2015      ";Condutor;Lesões Leves;"23   ";Masculino;"0 ";"1    ";"0    ";"0    ";-16.0582450;-47.9828250;SPRF-DF;DEL01-DF;UOP01-DEL01-DF 
605409;"1351430   ";2024-06-05;quarta-feira;20:40:00;GO;"40   ";"1,9  ";VALPARAISO DE GOIAS;Sim;Manobra de mudança de faixa;2;Tombamento;Com Vítimas Feridas;Plena Noite;Crescente;Céu Claro;Dupla;"Reta;Declive";Sim  ;"1082474   ";Automóvel;VW/GOL 1.0L MC5;"2019      ";Condutor;Ileso;"50   ";Masculino;"1 ";"0    ";"0    ";"0    ";-16.0582450;-47.9828250;SPRF-DF;DEL01-DF;UOP01-DEL01-DF 
605409;"1351432   ";2024-06-05;quarta-feira;20:40:00;GO;"40   ";"1,9  ";VALPARAISO DE GOIAS;Sim;Manobra de mudança de faixa;2;Tombamento;Com Vítimas Feridas;Plena Noite;Crescente;Céu Claro;Dupla;"Reta;Declive";Sim  ;"1082475   ";Motocicleta;HONDA/CG150 FAN ESDI;"2015      ";Condutor;Lesões Leves;"23   ";Masculino;"0 ";"1    ";"0    ";"0    ";-16.0582450;-47.9828250;SPRF-DF;DEL01-DF;UOP01-DEL01-DF 
605409;"1351430   ";2024-06-05;quarta-feira;20:40:00;GO;"40   ";"1,9  ";VALPARAISO DE GOIAS;Não;Reação tardia ou ineficiente do condutor;1;Colisão lateral mesmo sentido;Com Vítimas Feridas;Plena Noite;Crescente;Céu Claro;Dupla;"Reta;Declive";Sim  ;"1082474   ";Automóvel;VW/GOL 1.0L MC5;"2019      ";Condutor;Ileso;"50   ";Masculino;"1 ";"0    ";"0    ";"0    ";-16.0582450;-47.9828250;SPRF-DF;DEL01-DF;UOP01-DEL01-DF 
605409;"1351432   ";2024-06-05;quarta-feira;20:40:00;GO;"40   ";"1,9  ";VALPARAISO DE GOIAS;Não;Reação tardia ou ineficiente do condutor;1;Colisão lateral mesmo sentido;Com Vítimas Feridas;Plena Noite;Crescente;Céu Claro;Dupla;"Reta;Declive";Sim  ;"1082475   ";Motocicleta;HONDA/CG150 FAN ESDI;"2015      ";Condutor;Lesões Leves;"23   ";Masculino;"0 ";"1    ";"0    ";"0    ";-16.0582450;-47.9828250;SPRF-DF;DEL01-DF;UOP01-DEL01-DF 
605409;"1351430   ";2024-06-05;quarta-feira;20:40:00;GO;"40   ";"1,9  ";VALPARAISO DE GOIAS;Sim;Manobra de mudança de faixa;1;Colisão lateral mesmo sentido;Com Vítimas Feridas;Plena Noite;Crescente;Céu Claro;Dupla;"Reta;Declive";Sim  ;"1082474   ";Automóvel;VW/GOL 1.0L MC5;"2019      ";Condutor;Ileso;"50   ";Masculino;"1 ";"0    ";"0    ";"0    ";-16.0582450;-47.9828250;SPRF-DF;DEL01-DF;UOP01-DEL01-DF 
605409;"1351432   ";2024-06-05;quarta-feira;20:40:00;GO;"40   ";"1,9  ";VALPARAISO DE GOIAS;Sim;Manobra de mudança de faixa;1;Colisão lateral mesmo sentido;Com Vítimas Feridas;Plena Noite;Crescente;Céu Claro;Dupla;"Reta;Declive";Sim  ;"1082475   ";Motocicleta;HONDA/CG150 FAN ESDI;"2015      ";Condutor;Lesões Leves;"23   ";Masculino;"0 ";"1    ";"0    ";"0    ";-16.0582450;-47.9828250;SPRF-DF;DEL01-DF;UOP01-DEL01-DF 
605585;"1351801   ";2024-06-06;quinta-feira;18:45:00;GO;"50   ";"106  ";CRISTALINA;Não;Avarias e/ou desgaste excessivo no pneu;1;Colisão com objeto;Com Vítimas Feridas;Plena Noite;Decrescente;Céu Claro;Simples;"Curva;Aclive";Não  ;"1082765   ";Automóvel;VW/GOL SPECIAL;"2001      ";Condutor;Lesões Leves;"18   ";Feminino;"0 ";"1    ";"0    ";"0    ";-16.8239311;-47.6741409;SPRF-DF;DEL01-DF;UOP02-DEL01-DF 
605585;"1351805   ";2024-06-06;quinta-feira;18:45:00;GO;"50   ";"106  ";CRISTALINA;Não;Avarias e/ou desgaste excessivo no pneu;1;Colisão com objeto;Com Vítimas Feridas;Plena Noite;Decrescente;Céu Claro;Simples;"Curva;Aclive";Não  ;"0         ";"0";NA/NA;"0         ";Testemunha;Não Informado;"0    ";Não Informado;"0 ";"0    ";"0    ";"0    ";-16.8239311;-47.6741409;SPRF-DF;DEL01-DF;UOP02-DEL01-DF 
605585;"1351801   ";2024-06-06;quinta-feira;18:45:00;GO;"50   ";"106  ";CRISTALINA;Não;Ingestão de substâncias psicoativas pelo condutor;1;Colisão com objeto;Com Vítimas Feridas;Plena Noite;Decrescente;Céu Claro;Simples;"Curva;Aclive";Não  ;"1082765   ";Automóvel;VW/GOL SPECIAL;"2001      ";Condutor;Lesões Leves;"18   ";Feminino;"0 ";"1    ";"0    ";"0    ";-16.8239311;-47.6741409;SPRF-DF;DEL01-DF;UOP02-DEL01-DF 
605585;"1351805   ";2024-06-06;quinta-feira;18:45:00;GO;"50   ";"106  ";CRISTALINA;Não;Ingestão de substâncias psicoativas pelo condutor;1;Colisão com objeto;Com Vítimas Feridas;Plena Noite;Decrescente;Céu Claro;Simples;"Curva;Aclive";Não  ;"0         ";"0";NA/NA;"0         ";Testemunha;Não Informado;"0    ";Não Informado;"0 ";"0    ";"0    ";"0    ";-16.8239311;-47.6741409;SPRF-DF;DEL01-DF;UOP02-DEL01-DF 
605585;"1351801   ";2024-06-06;quinta-feira;18:45:00;GO;"50   ";"106  ";CRISTALINA;Sim;Suicídio (presumido);1;Colisão com objeto;Com Vítimas Feridas;Plena Noite;Decrescente;Céu Claro;Simples;"Curva;Aclive";Não  ;"1082765   ";Automóvel;VW/GOL SPECIAL;"2001      ";Condutor;Lesões Leves;"18   ";Feminino;"0 ";"1    ";"0    ";"0    ";-16.8239311;-47.6741409;SPRF-DF;DEL01-DF;UOP02-DEL01-DF 
605585;"1351805   ";2024-06-06;quinta-feira;18:45:00;GO;"50   ";"106  ";CRISTALINA;Sim;Suicídio (presumido);1;Colisão com objeto;Com Vítimas Feridas;Plena Noite;Decrescente;Céu Claro;Simples;"Curva;Aclive";Não  ;"0         ";"0";NA/NA;"0         ";Testemunha;Não Informado;"0    ";Não Informado;"0 ";"0    ";"0    ";"0    ";-16.8239311;-47.6741409;SPRF-DF;DEL01-DF;UOP02-DEL01-DF 
605655;"1351927   ";2024-06-07;sexta-feira;05:40:00;GO;"60   ";"63   ";ABADIANIA;Sim;Ingestão de álcool pelo condutor;2;Capotamento;Com Vítimas Feridas;Amanhecer;Crescente;Céu Claro;Simples;Reta;Sim  ;"1082861   ";Automóvel;FORD/KA FLEX;"2010      ";Condutor;Lesões Graves;"34   ";Masculino;"0 ";"0    ";"1    ";"0    ";-16.1936000;-48.7279000;SPRF-GO;DEL02-GO;UOP01-DEL02-GO 
605655;"1351928   ";2024-06-07;sexta-feira;05:40:00;GO;"60   ";"63   ";ABADIANIA;Sim;Ingestão de álcool pelo condutor;2;Capotamento;Com Vítimas Feridas;Amanhecer;Crescente;Céu Claro;Simples;Reta;Sim  ;"1082861   ";Automóvel;FORD/KA FLEX;"2010      ";Passageiro;Lesões Graves;"31   ";Feminino;"0 ";"0    ";"1    ";"0    ";-16.1936000;-48.7279000;SPRF-GO;DEL02-GO;UOP01-DEL02-GO 
605655;"1351937   ";2024-06-07;sexta-feira;05:40:00;GO;"60   ";"63   ";ABADIANIA;Sim;Ingestão de álcool pelo condutor;2;Capotamento;Com Vítimas Feridas;Amanhecer;Crescente;Céu Claro;Simples;Reta;Sim  ;"1082864   ";Caminhão;Não Informado/Não Informado;"0         ";Condutor;Não Informado;"0    ";Não Informado;"0 ";"0    ";"0    ";"0    ";-16.1936000;-48.7279000;SPRF-GO;DEL02-GO;UOP01-DEL02-GO 
605655;"1351927   ";2024-06-07;sexta-feira;05:40:00;GO;"60   ";"63   ";ABADIANIA;Sim;Ingestão de álcool pelo condutor;1;Colisão traseira;Com Vítimas Feridas;Amanhecer;Crescente;Céu Claro;Simples;Reta;Sim  ;"1082861   ";Automóvel;FORD/KA FLEX;"2010      ";Condutor;Lesões Graves;"34   ";Masculino;"0 ";"0    ";"1    ";"0    ";-16.1936000;-48.7279000;SPRF-GO;DEL02-GO;UOP01-DEL02-GO 
605655;"1351928   ";2024-06-07;sexta-feira;05:40:00;GO;"60   ";"63   ";ABADIANIA;Sim;Ingestão de álcool pelo condutor;1;Colisão traseira;Com Vítimas Feridas;Amanhecer;Crescente;Céu Claro;Simples;Reta;Sim  ;"1082861   ";Automóvel;FORD/KA FLEX;"2010      ";Passageiro;Lesões Graves;"31   ";Feminino;"0 ";"0    ";"1    ";"0    ";-16.1936000;-48.7279000;SPRF-GO;DEL02-GO;UOP01-DEL02-GO 
605655;"1351937   ";2024-06-07;sexta-feira;05:40:00;GO;"60   ";"63   ";ABADIANIA;Sim;Ingestão de álcool pelo condutor;1;Colisão traseira;Com Vítimas Feridas;Amanhecer;Crescente;Céu Claro;Simples;Reta;Sim  ;"1082864   ";Caminhão;Não Informado/Não Informado;"0         ";Condutor;Não Informado;"0    ";Não Informado;"0 ";"0    ";"0    ";"0    ";-16.1936000;-48.7279000;SPRF-GO;DEL02-GO;UOP01-DEL02-GO 
605681;"1351974   ";2024-06-07;sexta-feira;08:18:00;DF;"70   ";"18   ";BRASILIA;Sim;Condutor deixou de manter distância do veículo da frente;1;Engavetamento;Sem Vítimas;Pleno dia;Decrescente;Céu Claro;Dupla;Reta;Não  ;"1082904   ";Automóvel;HYUNDAI/HB20 1.0M COMFOR;"2019      ";Condutor;Ileso;"27   ";Feminino;"1 ";"0    ";"0    ";"0    ";-15.7910930;-48.2109600;SPRF-DF;DEL03-DF;UOP02-DEL03-DF 
605681;"1351975   ";2024-06-07;sexta-feira;08:18:00;DF;"70   ";"18   ";BRASILIA;Sim;Condutor deixou de manter distância do veículo da frente;1;Engavetamento;Sem Vítimas;Pleno dia;Decrescente;Céu Claro;Dupla;Reta;Não  ;"1082905   ";Caminhonete;FIAT/STRADA FIRE CE FLEX;"2008      ";Condutor;Ileso;"45   ";Masculino;"1 ";"0    ";"0    ";"0    ";-15.7910930;-48.2109600;SPRF-DF;DEL03-DF;UOP02-DEL03-DF 
605681;"1351973   ";2024-06-07;sexta-feira;08:18:00;DF;"70   ";"18   ";BRASILIA;Sim;Condutor deixou de manter distância do veículo da frente;1;Engavetamento;Sem Vítimas;Pleno dia;Decrescente;Céu Claro;Dupla;Reta;Não  ;"1082903   ";Automóvel;GM/CORSA SEDAN;"2004      ";Passageiro;Ileso;"56   ";Feminino;"1 ";"0    ";"0    ";"0    ";-15.7910930;-48.2109600;SPRF-DF;DEL03-DF;UOP02-DEL03-DF 
605681;"1351972   ";2024-06-07;sexta-feira;08:18:00;DF;"70   ";"18   ";BRASILIA;Sim;Condutor deixou de manter distância do veículo da frente;1;Engavetamento;Sem Vítimas;Pleno dia;Decrescente;Céu Claro;Dupla;Reta;Não  ;"1082903   ";Automóvel;GM/CORSA SEDAN;"2004      ";Condutor;Ileso;"30   ";Masculino;"1 ";"0    ";"0    ";"0    ";-15.7910930;-48.2109600;SPRF-DF;DEL03-DF;UOP02-DEL03-DF 
605703;"1352057   ";2024-06-07;sexta-feira;10:05:00;DF;"70   ";"8    ";BRASILIA;Sim;Mal súbito do condutor;1;Saída de leito carroçável;Com Vítimas Feridas;Pleno dia;Decrescente;Céu Claro;Múltipla;Reta;Sim  ;"1082961   ";Caminhonete;GM/S10 2.8 S 4X4;"2001      ";Condutor;Lesões Leves;"62   ";Masculino;"0 ";"1    ";"0    ";"0    ";-15.7849660;-48.1221080;SPRF-DF;DEL03-DF;UOP02-DEL03-DF 
605711;"1352131   ";2024-06-07;sexta-feira;10:30:00;GO;"251  ";"26,5 ";CRISTALINA;Sim;Conversão proibida;3;Tombamento;Com Vítimas Feridas;Pleno dia;Decrescente;Céu Claro;Simples;Reta;Sim  ;"1083047   ";Caminhão;IVECO/DAILY 70C17HDCS;"2012      ";Condutor;Ileso;"51   ";Masculino;"1 ";"0    ";"0    ";"0    ";-16.1061034;-47.4947764;SPRF-DF;DEL01-DF;UOP01-DEL01-DF 
605711;"1352133   ";2024-06-07;sexta-feira;10:30:00;GO;"251  ";"26,5 ";CRISTALINA;Sim;Conversão proibida;3;Tombamento;Com Vítimas Feridas;Pleno dia;Decrescente;Céu Claro;Simples;Reta;Sim  ;"1083051   ";Motocicleta;YAMAHA/YS150 FAZER ED;"2013      ";Condutor;Lesões Graves;"19   ";Feminino;"0 ";"0    ";"1    ";"0    ";-16.1061034;-47.4947764;SPRF-DF;DEL01-DF;UOP01-DEL01-DF 
605711;"1352131   ";2024-06-07;sexta-feira;10:30:00;GO;"251  ";"26,5 ";CRISTALINA;Sim;Conversão proibida;2;Queda de ocupante de veículo;Com Vítimas Feridas;Pleno dia;Decrescente;Céu Claro;Simples;Reta;Sim  ;"1083047   ";Caminhão;IVECO/DAILY 70C17HDCS;"2012      ";Condutor;Ileso;"51   ";Masculino;"1 ";"0    ";"0    ";"0    ";-16.1061034;-47.4947764;SPRF-DF;DEL01-DF;UOP01-DEL01-DF 
605711;"1352133   ";2024-06-07;sexta-feira;10:30:00;GO;"251  ";"26,5 ";CRISTALINA;Sim;Conversão proibida;2;Queda de ocupante de veículo;Com Vítimas Feridas;Pleno dia;Decrescente;Céu Claro;Simples;Reta;Sim  ;"1083051   ";Motocicleta;YAMAHA/YS150 FAZER ED;"2013      ";Condutor;Lesões Graves;"19   ";Feminino;"0 ";"0    ";"1    ";"0    ";-16.1061034;-47.4947764;SPRF-DF;DEL01-DF;UOP01-DEL01-DF 
605711;"1352131   ";2024-06-07;sexta-feira;10:30:00;GO;"251  ";"26,5 ";CRISTALINA;Sim;Conversão proibida;1;Colisão traseira;Com Vítimas Feridas;Pleno dia;Decrescente;Céu Claro;Simples;Reta;Sim  ;"1083047   ";Caminhão;IVECO/DAILY 70C17HDCS;"2012      ";Condutor;Ileso;"51   ";Masculino;"1 ";"0    ";"0    ";"0    ";-16.1061034;-47.4947764;SPRF-DF;DEL01-DF;UOP01-DEL01-DF 
605711;"1352133   ";2024-06-07;sexta-feira;10:30:00;GO;"251  ";"26,5 ";CRISTALINA;Sim;Conversão proibida;1;Colisão traseira;Com Vítimas Feridas;Pleno dia;Decrescente;Céu Claro;Simples;Reta;Sim  ;"1083051   ";Motocicleta;YAMAHA/YS150 FAZER ED;"2013      ";Condutor;Lesões Graves;"19   ";Feminino;"0 ";"0    ";"1    ";"0    ";-16.1061034;-47.4947764;SPRF-DF;DEL01-DF;UOP01-DEL01-DF 