id;pesid;data_inversa;dia_semana;horario;uf;br;km;municipio;causa_principal;causa_acidente;ordem_tipo_acidente;tipo_acidente;classificacao_acidente;fase_dia;sentido_via;condicao_metereologica;tipo_pista;tracado_via;uso_solo;id_veiculo;tipo_veiculo;marca;ano_fabricacao_veiculo;tipo_envolvido;estado_fisico;idade;sexo;ilesos;feridos_leves;feridos_graves;mortos;latitude;longitude;regional;delegacia;uop
605725;"1352110   ";2024-06-07;sexta-feira;12:00:00;DF;"70   ";"9    ";BRASILIA;Sim;Acessar a via sem observar a presença dos outros veículos;1;Colisão lateral mesmo sentido;Com Vítimas Feridas;Pleno dia;Crescente;Céu Claro;Dupla;Reta;Sim  ;"1083021   ";Automóvel;VW/GOL 1.0;"2012      ";Passageiro;Ileso;"18   ";Masculino;"1 ";"0    ";"0    ";"0    ";-15.7846150;-48.1320230;SPRF-DF;DEL03-DF;UOP02-DEL03-DF 
605725;"1352109   ";2024-06-07;sexta-feira;12:00:00;DF;"70   ";"9    ";BRASILIA;Sim;Acessar a via sem observar a presença dos outros veículos;1;Colisão lateral mesmo sentido;Com Vítimas Feridas;Pleno dia;Crescente;Céu Claro;Dupla;Reta;Sim  ;"1083021   ";Automóvel;VW/GOL 1.0;"2012      ";Condutor;Lesões Leves;"45   ";Masculino;"0 ";"1    ";"0    ";"0    ";-15.7846150;-48.1320230;SPRF-DF;DEL03-DF;UOP02-DEL03-DF 
605725;"1352111   ";2024-06-07;sexta-feira;12:00:00;DF;"70   ";"9    ";BRASILIA;Sim;Acessar a via sem observar a presença dos outros veículos;1;Colisão lateral mesmo sentido;Com Vítimas Feridas;Pleno dia;Crescente;Céu Claro;Dupla;Reta;Sim  ;"1083025   ";Automóvel;RENAULT/DUSTER INT16 CVT;"2023      ";Condutor;Ileso;"51   ";Feminino;"1 ";"0    ";"0    ";"0    ";-15.7846150;-48.1320230;SPRF-DF;DEL03-DF;UOP02-DEL03-DF 
605727;"1352050   ";2024-04-28;domingo;21:10:00;GO;"20   ";"45   ";FORMOSA;Sim;Ingestão de álcool pelo condutor;1;Saída de leito carroçável;Com Vítimas Feridas;Plena Noite;Crescente;Céu Claro;Simples;Reta;Não  ;"1082962   ";Motocicleta;HONDA/CG 160 TITAN;"0         ";Condutor;Lesões Leves;"19   ";Masculino;"0 ";"1    ";"0    ";"0    ";-15.3662110;-47.1048550;SPRF-DF;DEL02-DF;UOP02-DEL02-DF 
605727;"1352051   ";2024-04-28;domingo;21:10:00;GO;"20   ";"45   ";FORMOSA;Sim;Ingestão de álcool pelo condutor;1;Saída de leito carroçável;Com Vítimas Feridas;Plena Noite;Crescente;Céu Claro;Simples;Reta;Não  ;"1082962   ";Motocicleta;HONDA/CG 160 TITAN;"0         ";Passageiro;Lesões Leves;"16   ";Masculino;"0 ";"1    ";"0    ";"0    ";-15.3662110;-47.1048550;SPRF-DF;DEL02-DF;UOP02-DEL02-DF 
605746;"1352170   ";2024-06-07;sexta-feira;11:15:00;GO;"40   ";"8    ";LUZIANIA;Sim;Reação tardia ou ineficiente do condutor;2;Atropelamento de Pedestre;Com Vítimas Fatais;Pleno dia;Decrescente;Céu Claro;Dupla;Reta;Sim  ;"1083094   ";Camioneta;I/MMC PAJERO SP. 4X4 GLS;"2000      ";Condutor;Ileso;"53   ";Masculino;"1 ";"0    ";"0    ";"0    ";-16.1161580;-47.9676100;SPRF-DF;DEL01-DF;UOP01-DEL01-DF 
605746;"1352172   ";2024-06-07;sexta-feira;11:15:00;GO;"40   ";"8    ";LUZIANIA;Sim;Reação tardia ou ineficiente do condutor;2;Atropelamento de Pedestre;Com Vítimas Fatais;Pleno dia;Decrescente;Céu Claro;Dupla;Reta;Sim  ;"0         ";"0";NA/NA;"0         ";Testemunha;Não Informado;"0    ";Não Informado;"0 ";"0    ";"0    ";"0    ";-16.1161580;-47.9676100;SPRF-DF;DEL01-DF;UOP01-DEL01-DF 
605746;"1352171   ";2024-06-07;sexta-feira;11:15:00;GO;"40   ";"8    ";LUZIANIA;Sim;Reação tardia ou ineficiente do condutor;2;Atropelamento de Pedestre;Com Vítimas Fatais;Pleno dia;Decrescente;Céu Claro;Dupla;Reta;Sim  ;"0         ";"0";NA/NA;"0         ";Pedestre;Óbito;"82   ";Masculino;"0 ";"0    ";"0    ";"1    ";-16.1161580;-47.9676100;SPRF-DF;DEL01-DF;UOP01-DEL01-DF 
605746;"1352170   ";2024-06-07;sexta-feira;11:15:00;GO;"40   ";"8    ";LUZIANIA;Não;Velocidade Incompatível;2;Atropelamento de Pedestre;Com Vítimas Fatais;Pleno dia;Decrescente;Céu Claro;Dupla;Reta;Sim  ;"1083094   ";Camioneta;I/MMC PAJERO SP. 4X4 GLS;"2000      ";Condutor;Ileso;"53   ";Masculino;"1 ";"0    ";"0    ";"0    ";-16.1161580;-47.9676100;SPRF-DF;DEL01-DF;UOP01-DEL01-DF 
605746;"1352172   ";2024-06-07;sexta-feira;11:15:00;GO;"40   ";"8    ";LUZIANIA;Não;Velocidade Incompatível;2;Atropelamento de Pedestre;Com Vítimas Fatais;Pleno dia;Decrescente;Céu Claro;Dupla;Reta;Sim  ;"0         ";"0";NA/NA;"0         ";Testemunha;Não Informado;"0    ";Não Informado;"0 ";"0    ";"0    ";"0    ";-16.1161580;-47.9676100;SPRF-DF;DEL01-DF;UOP01-DEL01-DF 
605746;"1352171   ";2024-06-07;sexta-feira;11:15:00;GO;"40   ";"8    ";LUZIANIA;Não;Velocidade Incompatível;2;Atropelamento de Pedestre;Com Vítimas Fatais;Pleno dia;Decrescente;Céu Claro;Dupla;Reta;Sim  ;"0         ";"0";NA/NA;"0         ";Pedestre;Óbito;"82   ";Masculino;"0 ";"0    ";"0    ";"1    ";-16.1161580;-47.9676100;SPRF-DF;DEL01-DF;UOP01-DEL01-DF 
605746;"1352170   ";2024-06-07;sexta-feira;11:15:00;GO;"40   ";"8    ";LUZIANIA;Não;Frear bruscamente;2;Atropelamento de Pedestre;Com Vítimas Fatais;Pleno dia;Decrescente;Céu Claro;Dupla;Reta;Sim  ;"1083094   ";Camioneta;I/MMC PAJERO SP. 4X4 GLS;"2000      ";Condutor;Ileso;"53   ";Masculino;"1 ";"0    ";"0    ";"0    ";-16.1161580;-47.9676100;SPRF-DF;DEL01-DF;UOP01-DEL01-DF 
605746;"1352172   ";2024-06-07;sexta-feira;11:15:00;GO;"40   ";"8    ";LUZIANIA;Não;Frear bruscamente;2;Atropelamento de Pedestre;Com Vítimas Fatais;Pleno dia;Decrescente;Céu Claro;Dupla;Reta;Sim  ;"0         ";"0";NA/NA;"0         ";Testemunha;Não Informado;"0    ";Não Informado;"0 ";"0    ";"0    ";"0    ";-16.1161580;-47.9676100;SPRF-DF;DEL01-DF;UOP01-DEL01-DF 
605746;"1352171   ";2024-06-07;sexta-feira;11:15:00;GO;"40   ";"8    ";LUZIANIA;Não;Frear bruscamente;2;Atropelamento de Pedestre;Com Vítimas Fatais;Pleno dia;Decrescente;Céu Claro;Dupla;Reta;Sim  ;"0         ";"0";NA/NA;"0         ";Pedestre;Óbito;"82   ";Masculino;"0 ";"0    ";"0    ";"1    ";-16.1161580;-47.9676100;SPRF-DF;DEL01-DF;UOP01-DEL01-DF 
605746;"1352170   ";2024-06-07;sexta-feira;11:15:00;GO;"40   ";"8    ";LUZIANIA;Não;Manobra de mudança de faixa;2;Atropelamento de Pedestre;Com Vítimas Fatais;Pleno dia;Decrescente;Céu Claro;Dupla;Reta;Sim  ;"1083094   ";Camioneta;I/MMC PAJERO SP. 4X4 GLS;"2000      ";Condutor;Ileso;"53   ";Masculino;"1 ";"0    ";"0    ";"0    ";-16.1161580;-47.9676100;SPRF-DF;DEL01-DF;UOP01-DEL01-DF 
605746;"1352172   ";2024-06-07;sexta-feira;11:15:00;GO;"40   ";"8    ";LUZIANIA;Não;Manobra de mudança de faixa;2;Atropelamento de Pedestre;Com Vítimas Fatais;Pleno dia;Decrescente;Céu Claro;Dupla;Reta;Sim  ;"0         ";"0";NA/NA;"0         ";Testemunha;Não Informado;"0    ";Não Informado;"0 ";"0    ";"0    ";"0    ";-16.1161580;-47.9676100;SPRF-DF;DEL01-DF;UOP01-DEL01-DF 
605746;"1352171   ";2024-06-07;sexta-feira;11:15:00;GO;"40   ";"8    ";LUZIANIA;Não;Manobra de mudança de faixa;2;Atropelamento de Pedestre;Com Vítimas Fatais;Pleno dia;Decrescente;Céu Claro;Dupla;Reta;Sim  ;"0         ";"0";NA/NA;"0         ";Pedestre;Óbito;"82   ";Masculino;"0 ";"0    ";"0    ";"1    ";-16.1161580;-47.9676100;SPRF-DF;DEL01-DF;UOP01-DEL01-DF 
605746;"1352170   ";2024-06-07;sexta-feira;11:15:00;GO;"40   ";"8    ";LUZIANIA;Não;Condutor deixou de manter distância do veículo da frente;2;Atropelamento de Pedestre;Com Vítimas Fatais;Pleno dia;Decrescente;Céu Claro;Dupla;Reta;Sim  ;"1083094   ";Camioneta;I/MMC PAJERO SP. 4X4 GLS;"2000      ";Condutor;Ileso;"53   ";Masculino;"1 ";"0    ";"0    ";"0    ";-16.1161580;-47.9676100;SPRF-DF;DEL01-DF;UOP01-DEL01-DF 
605746;"1352172   ";2024-06-07;sexta-feira;11:15:00;GO;"40   ";"8    ";LUZIANIA;Não;Condutor deixou de manter distância do veículo da frente;2;Atropelamento de Pedestre;Com Vítimas Fatais;Pleno dia;Decrescente;Céu Claro;Dupla;Reta;Sim  ;"0         ";"0";NA/NA;"0         ";Testemunha;Não Informado;"0    ";Não Informado;"0 ";"0    ";"0    ";"0    ";-16.1161580;-47.9676100;SPRF-DF;DEL01-DF;UOP01-DEL01-DF 
605746;"1352171   ";2024-06-07;sexta-feira;11:15:00;GO;"40   ";"8    ";LUZIANIA;Não;Condutor deixou de manter distância do veículo da frente;2;Atropelamento de Pedestre;Com Vítimas Fatais;Pleno dia;Decrescente;Céu Claro;Dupla;Reta;Sim  ;"0         ";"0";NA/NA;"0         ";Pedestre;Óbito;"82   ";Masculino;"0 ";"0    ";"0    ";"1    ";-16.1161580;-47.9676100;SPRF-DF;DEL01-DF;UOP01-DEL01-DF 
605746;"1352170   ";2024-06-07;sexta-feira;11:15:00;GO;"40   ";"8    ";LUZIANIA;Sim;Reação tardia ou ineficiente do condutor;1;Colisão com objeto;Com Vítimas Fatais;Pleno dia;Decrescente;Céu Claro;Dupla;Reta;Sim  ;"1083094   ";Camioneta;I/MMC PAJERO SP. 4X4 GLS;"2000      ";Condutor;Ileso;"53   ";Masculino;"1 ";"0    ";"0    ";"0    ";-16.1161580;-47.9676100;SPRF-DF;DEL01-DF;UOP01-DEL01-DF 
605746;"1352171   ";2024-06-07;sexta-feira;11:15:00;GO;"40   ";"8    ";LUZIANIA;Sim;Reação tardia ou ineficiente do condutor;1;Colisão com objeto;Com Vítimas Fatais;Pleno dia;Decrescente;Céu Claro;Dupla;Reta;Sim  ;"0         ";"0";NA/NA;"0         ";Pedestre;Óbito;"82   ";Masculino;"0 ";"0    ";"0    ";"1    ";-16.1161580;-47.9676100;SPRF-DF;DEL01-DF;UOP01-DEL01-DF 
605746;"1352170   ";2024-06-07;sexta-feira;11:15:00;GO;"40   ";"8    ";LUZIANIA;Não;Velocidade Incompatível;1;Colisão com objeto;Com Vítimas Fatais;Pleno dia;Decrescente;Céu Claro;Dupla;Reta;Sim  ;"1083094   ";Camioneta;I/MMC PAJERO SP. 4X4 GLS;"2000      ";Condutor;Ileso;"53   ";Masculino;"1 ";"0    ";"0    ";"0    ";-16.1161580;-47.9676100;SPRF-DF;DEL01-DF;UOP01-DEL01-DF 
605746;"1352172   ";2024-06-07;sexta-feira;11:15:00;GO;"40   ";"8    ";LUZIANIA;Não;Velocidade Incompatível;1;Colisão com objeto;Com Vítimas Fatais;Pleno dia;Decrescente;Céu Claro;Dupla;Reta;Sim  ;"0         ";"0";NA/NA;"0         ";Testemunha;Não Informado;"0    ";Não Informado;"0 ";"0    ";"0    ";"0    ";-16.1161580;-47.9676100;SPRF-DF;DEL01-DF;UOP01-DEL01-DF 
605746;"1352171   ";2024-06-07;sexta-feira;11:15:00;GO;"40   ";"8    ";LUZIANIA;Não;Velocidade Incompatível;1;Colisão com objeto;Com Vítimas Fatais;Pleno dia;Decrescente;Céu Claro;Dupla;Reta;Sim  ;"0         ";"0";NA/NA;"0         ";Pedestre;Óbito;"82   ";Masculino;"0 ";"0    ";"0    ";"1    ";-16.1161580;-47.9676100;SPRF-DF;DEL01-DF;UOP01-DEL01-DF 
605746;"1352170   ";2024-06-07;sexta-feira;11:15:00;GO;"40   ";"8    ";LUZIANIA;Não;Frear bruscamente;1;Colisão com objeto;Com Vítimas Fatais;Pleno dia;Decrescente;Céu Claro;Dupla;Reta;Sim  ;"1083094   ";Camioneta;I/MMC PAJERO SP. 4X4 GLS;"2000      ";Condutor;Ileso;"53   ";Masculino;"1 ";"0    ";"0    ";"0    ";-16.1161580;-47.9676100;SPRF-DF;DEL01-DF;UOP01-DEL01-DF 
605746;"1352172   ";2024-06-07;sexta-feira;11:15:00;GO;"40   ";"8    ";LUZIANIA;Não;Frear bruscamente;1;Colisão com objeto;Com Vítimas Fatais;Pleno dia;Decrescente;Céu Claro;Dupla;Reta;Sim  ;"0         ";"0";NA/NA;"0         ";Testemunha;Não Informado;"0    ";Não Informado;"0 ";"0    ";"0    ";"0    ";-16.1161580;-47.9676100;SPRF-DF;DEL01-DF;UOP01-DEL01-DF 
605746;"1352171   ";2024-06-07;sexta-feira;11:15:00;GO;"40   ";"8    ";LUZIANIA;Não;Frear bruscamente;1;Colisão com objeto;Com Vítimas Fatais;Pleno dia;Decrescente;Céu Claro;Dupla;Reta;Sim  ;"0         ";"0";NA/NA;"0         ";Pedestre;Óbito;"82   ";Masculino;"0 ";"0    ";"0    ";"1    ";-16.1161580;-47.9676100;SPRF-DF;DEL01-DF;UOP01-DEL01-DF 
605746;"1352170   ";2024-06-07;sexta-feira;11:15:00;GO;"40   ";"8    ";LUZIANIA;Não;Manobra de mudança de faixa;1;Colisão com objeto;Com Vítimas Fatais;Pleno dia;Decrescente;Céu Claro;Dupla;Reta;Sim  ;"1083094   ";Camioneta;I/MMC PAJERO SP. 4X4 GLS;"2000      ";Condutor;Ileso;"53   ";Masculino;"1 ";"0    ";"0    ";"0    ";-16.1161580;-47.9676100;SPRF-DF;DEL01-DF;UOP01-DEL01-DF 
605746;"1352172   ";2024-06-07;sexta-feira;11:15:00;GO;"40   ";"8    ";LUZIANIA;Não;Manobra de mudança de faixa;1;Colisão com objeto;Com Vítimas Fatais;Pleno dia;Decrescente;Céu Claro;Dupla;Reta;Sim  ;"0         ";"0";NA/NA;"0         ";Testemunha;Não Informado;"0    ";Não Informado;"0 ";"0    ";"0    ";"0    ";-16.1161580;-47.9676100;SPRF-DF;DEL01-DF;UOP01-DEL01-DF 
605746;"1352171   ";2024-06-07;sexta-feira;11:15:00;GO;"40   ";"8    ";LUZIANIA;Não;Manobra de mudança de faixa;1;Colisão com objeto;Com Vítimas Fatais;Pleno dia;Decrescente;Céu Claro;Dupla;Reta;Sim  ;"0         ";"0";NA/NA;"0         ";Pedestre;Óbito;"82   ";Masculino;"0 ";"0    ";"0    ";"1    ";-16.1161580;-47.9676100;SPRF-DF;DEL01-DF;UOP01-DEL01-DF 
605746;"1352170   ";2024-06-07;sexta-feira;11:15:00;GO;"40   ";"8    ";LUZIANIA;Não;Condutor deixou de manter distância do veículo da frente;1;Colisão com objeto;Com Vítimas Fatais;Pleno dia;Decrescente;Céu Claro;Dupla;Reta;Sim  ;"1083094   ";Camioneta;I/MMC PAJERO SP. 4X4 GLS;"2000      ";Condutor;Ileso;"53   ";Masculino;"1 ";"0    ";"0    ";"0    ";-16.1161580;-47.9676100;SPRF-DF;DEL01-DF;UOP01-DEL01-DF 
605746;"1352172   ";2024-06-07;sexta-feira;11:15:00;GO;"40   ";"8    ";LUZIANIA;Não;Condutor deixou de manter distância do veículo da frente;1;Colisão com objeto;Com Vítimas Fatais;Pleno dia;Decrescente;Céu Claro;Dupla;Reta;Sim  ;"0         ";"0";NA/NA;"0         ";Testemunha;Não Informado;"0    ";Não Informado;"0 ";"0    ";"0    ";"0    ";-16.1161580;-47.9676100;SPRF-DF;DEL01-DF;UOP01-DEL01-DF 
605746;"1352171   ";2024-06-07;sexta-feira;11:15:00;GO;"40   ";"8    ";LUZIANIA;Não;Condutor deixou de manter distância do veículo da frente;1;Colisão com objeto;Com Vítimas Fatais;Pleno dia;Decrescente;Céu Claro;Dupla;Reta;Sim  ;"0         ";"0";NA/NA;"0         ";Pedestre;Óbito;"82   ";Masculino;"0 ";"0    ";"0    ";"1    ";-16.1161580;-47.9676100;SPRF-DF;DEL01-DF;UOP01-DEL01-DF 
605747;"1352184   ";2024-06-07;sexta-feira;14:00:00;GO;"40   ";"8,7  ";LUZIANIA;Sim;Trafegar com motocicleta (ou similar) entre as faixas;2;Queda de ocupante de veículo;Com Vítimas Feridas;Pleno dia;Decrescente;Céu Claro;Dupla;Reta;Sim  ;"1083105   ";Motocicleta;HONDA/CB300F TWISTER ABS;"2024      ";Condutor;Ileso;"22   ";Masculino;"1 ";"0    ";"0    ";"0    ";-16.1161580;-47.9676100;SPRF-DF;DEL01-DF;UOP01-DEL01-DF 
605747;"1352185   ";2024-06-07;sexta-feira;14:00:00;GO;"40   ";"8,7  ";LUZIANIA;Sim;Trafegar com motocicleta (ou similar) entre as faixas;2;Queda de ocupante de veículo;Com Vítimas Feridas;Pleno dia;Decrescente;Céu Claro;Dupla;Reta;Sim  ;"0         ";"0";NA/NA;"0         ";Pedestre;Lesões Graves;"44   ";Feminino;"0 ";"0    ";"1    ";"0    ";-16.1161580;-47.9676100;SPRF-DF;DEL01-DF;UOP01-DEL01-DF 
605747;"1352184   ";2024-06-07;sexta-feira;14:00:00;GO;"40   ";"8,7  ";LUZIANIA;Sim;Trafegar com motocicleta (ou similar) entre as faixas;1;Atropelamento de Pedestre;Com Vítimas Feridas;Pleno dia;Decrescente;Céu Claro;Dupla;Reta;Sim  ;"1083105   ";Motocicleta;HONDA/CB300F TWISTER ABS;"2024      ";Condutor;Ileso;"22   ";Masculino;"1 ";"0    ";"0    ";"0    ";-16.1161580;-47.9676100;SPRF-DF;DEL01-DF;UOP01-DEL01-DF 
605747;"1352185   ";2024-06-07;sexta-feira;14:00:00;GO;"40   ";"8,7  ";LUZIANIA;Sim;Trafegar com motocicleta (ou similar) entre as faixas;1;Atropelamento de Pedestre;Com Vítimas Feridas;Pleno dia;Decrescente;Céu Claro;Dupla;Reta;Sim  ;"0         ";"0";NA/NA;"0         ";Pedestre;Lesões Graves;"44   ";Feminino;"0 ";"0    ";"1    ";"0    ";-16.1161580;-47.9676100;SPRF-DF;DEL01-DF;UOP01-DEL01-DF 
605793;"1352291   ";2024-06-07;sexta-feira;16:00:00;GO;"70   ";"2,4  ";AGUAS LINDAS DE GOIAS;Sim;Velocidade Incompatível;2;Colisão com objeto;Com Vítimas Fatais;Pleno dia;Crescente;Céu Claro;Dupla;Curva;Sim  ;"1083187   ";Caminhonete;FIAT/STRADA WORKING CD;"2014      ";Passageiro;Lesões Graves;"67   ";Feminino;"0 ";"0    ";"1    ";"0    ";-15.7670210;-48.2299450;SPRF-DF;DEL03-DF;UOP02-DEL03-DF 
605793;"1352295   ";2024-06-07;sexta-feira;16:00:00;GO;"70   ";"2,4  ";AGUAS LINDAS DE GOIAS;Sim;Velocidade Incompatível;2;Colisão com objeto;Com Vítimas Fatais;Pleno dia;Crescente;Céu Claro;Dupla;Curva;Sim  ;"1083187   ";Caminhonete;FIAT/STRADA WORKING CD;"2014      ";Passageiro;Lesões Graves;"1923 ";Masculino;"0 ";"0    ";"1    ";"0    ";-15.7670210;-48.2299450;SPRF-DF;DEL03-DF;UOP02-DEL03-DF 
605793;"1352288   ";2024-06-07;sexta-feira;16:00:00;GO;"70   ";"2,4  ";AGUAS LINDAS DE GOIAS;Sim;Velocidade Incompatível;2;Colisão com objeto;Com Vítimas Fatais;Pleno dia;Crescente;Céu Claro;Dupla;Curva;Sim  ;"1083187   ";Caminhonete;FIAT/STRADA WORKING CD;"2014      ";Condutor;Óbito;"49   ";Masculino;"0 ";"0    ";"0    ";"1    ";-15.7670210;-48.2299450;SPRF-DF;DEL03-DF;UOP02-DEL03-DF 
605793;"1352292   ";2024-06-07;sexta-feira;16:00:00;GO;"70   ";"2,4  ";AGUAS LINDAS DE GOIAS;Sim;Velocidade Incompatível;2;Colisão com objeto;Com Vítimas Fatais;Pleno dia;Crescente;Céu Claro;Dupla;Curva;Sim  ;"1083187   ";Caminhonete;FIAT/STRADA WORKING CD;"2014      ";Passageiro;Lesões Graves;"44   ";Feminino;"0 ";"0    ";"1    ";"0    ";-15.7670210;-48.2299450;SPRF-DF;DEL03-DF;UOP02-DEL03-DF 
605793;"1352291   ";2024-06-07;sexta-feira;16:00:00;GO;"70   ";"2,4  ";AGUAS LINDAS DE GOIAS;Sim;Velocidade Incompatível;1;Saída de leito carroçável;Com Vítimas Fatais;Pleno dia;Crescente;Céu Claro;Dupla;Curva;Sim  ;"1083187   ";Caminhonete;FIAT/STRADA WORKING CD;"2014      ";Passageiro;Lesões Graves;"67   ";Feminino;"0 ";"0    ";"1    ";"0    ";-15.7670210;-48.2299450;SPRF-DF;DEL03-DF;UOP02-DEL03-DF 
605793;"1352295   ";2024-06-07;sexta-feira;16:00:00;GO;"70   ";"2,4  ";AGUAS LINDAS DE GOIAS;Sim;Velocidade Incompatível;1;Saída de leito carroçável;Com Vítimas Fatais;Pleno dia;Crescente;Céu Claro;Dupla;Curva;Sim  ;"1083187   ";Caminhonete;FIAT/STRADA WORKING CD;"2014      ";Passageiro;Lesões Graves;"1923 ";Masculino;"0 ";"0    ";"1    ";"0    ";-15.7670210;-48.2299450;SPRF-DF;DEL03-DF;UOP02-DEL03-DF 
605793;"1352288   ";2024-06-07;sexta-feira;16:00:00;GO;"70   ";"2,4  ";AGUAS LINDAS DE GOIAS;Sim;Velocidade Incompatível;1;Saída de leito carroçável;Com Vítimas Fatais;Pleno dia;Crescente;Céu Claro;Dupla;Curva;Sim  ;"1083187   ";Caminhonete;FIAT/STRADA WORKING CD;"2014      ";Condutor;Óbito;"49   ";Masculino;"0 ";"0    ";"0    ";"1    ";-15.7670210;-48.2299450;SPRF-DF;DEL03-DF;UOP02-DEL03-DF 
605793;"1352292   ";2024-06-07;sexta-feira;16:00:00;GO;"70   ";"2,4  ";AGUAS LINDAS DE GOIAS;Sim;Velocidade Incompatível;1;Saída de leito carroçável;Com Vítimas Fatais;Pleno dia;Crescente;Céu Claro;Dupla;Curva;Sim  ;"1083187   ";Caminhonete;FIAT/STRADA WORKING CD;"2014      ";Passageiro;Lesões Graves;"44   ";Feminino;"0 ";"0    ";"1    ";"0    ";-15.7670210;-48.2299450;SPRF-DF;DEL03-DF;UOP02-DEL03-DF 
605815;"1352245   ";2024-05-12;domingo;19:31:00;GO;"40   ";"11   ";LUZIANIA;Sim;Trafegar com motocicleta (ou similar) entre as faixas;1;Colisão traseira;Com Vítimas Feridas;Plena Noite;Decrescente;Céu Claro;Dupla;Reta;Sim  ;"1083156   ";Motocicleta;HONDA/CG 150 FAN ESI;"2013      ";Condutor;Lesões Graves;"20   ";Masculino;"0 ";"0    ";"1    ";"0    ";-16.1383360;-47.9516440;SPRF-DF;DEL01-DF;UOP01-DEL01-DF 
605815;"1352246   ";2024-05-12;domingo;19:31:00;GO;"40   ";"11   ";LUZIANIA;Sim;Trafegar com motocicleta (ou similar) entre as faixas;1;Colisão traseira;Com Vítimas Feridas;Plena Noite;Decrescente;Céu Claro;Dupla;Reta;Sim  ;"1083157   ";Automóvel;I/AUDI A3 LM 180CV;"2013      ";Condutor;Ileso;"25   ";Masculino;"1 ";"0    ";"0    ";"0    ";-16.1383360;-47.9516440;SPRF-DF;DEL01-DF;UOP01-DEL01-DF 
605815;"1352247   ";2024-05-12;domingo;19:31:00;GO;"40   ";"11   ";LUZIANIA;Sim;Trafegar com motocicleta (ou similar) entre as faixas;1;Colisão traseira;Com Vítimas Feridas;Plena Noite;Decrescente;Céu Claro;Dupla;Reta;Sim  ;"1083158   ";Automóvel;FORD/FIESTA;"1997      ";Condutor;Ileso;"41   ";Masculino;"1 ";"0    ";"0    ";"0    ";-16.1383360;-47.9516440;SPRF-DF;DEL01-DF;UOP01-DEL01-DF 
605815;"0         ";2024-05-12;domingo;19:31:00;GO;"40   ";"11   ";LUZIANIA;Sim;Trafegar com motocicleta (ou similar) entre as faixas;1;Colisão traseira;Com Vítimas Feridas;Plena Noite;Decrescente;Céu Claro;Dupla;Reta;Sim  ;"1083159   ";Reboque;REB/FORTCAR LASER 300;"2014      ";"0";"0";"0    ";"0";"0 ";"0    ";"0    ";"0    ";-16.1383360;-47.9516440;SPRF-DF;DEL01-DF;UOP01-DEL01-DF 
605869;"1352552   ";2024-06-07;sexta-feira;22:06:00;DF;"80   ";"14   ";BRASILIA;Não;Reação tardia ou ineficiente do condutor;3;Tombamento;Com Vítimas Fatais;Plena Noite;Decrescente;Céu Claro;Simples;Reta;Não  ;"1083390   ";Caminhão;FORD/CARGO 4030;"1999      ";Passageiro;Lesões Leves;"20   ";Masculino;"0 ";"1    ";"0    ";"0    ";-15.7095000;-48.1996280;SPRF-DF;DEL03-DF;UOP02-DEL03-DF 
605869;"1352551   ";2024-06-07;sexta-feira;22:06:00;DF;"80   ";"14   ";BRASILIA;Não;Reação tardia ou ineficiente do condutor;3;Tombamento;Com Vítimas Fatais;Plena Noite;Decrescente;Céu Claro;Simples;Reta;Não  ;"1083390   ";Caminhão;FORD/CARGO 4030;"1999      ";Condutor;Lesões Leves;"42   ";Masculino;"0 ";"1    ";"0    ";"0    ";-15.7095000;-48.1996280;SPRF-DF;DEL03-DF;UOP02-DEL03-DF 
605869;"1352553   ";2024-06-07;sexta-feira;22:06:00;DF;"80   ";"14   ";BRASILIA;Não;Reação tardia ou ineficiente do condutor;3;Tombamento;Com Vítimas Fatais;Plena Noite;Decrescente;Céu Claro;Simples;Reta;Não  ;"1083392   ";Automóvel;FIAT/MOBI LIKE;"2020      ";Condutor;Ileso;"24   ";Masculino;"1 ";"0    ";"0    ";"0    ";-15.7095000;-48.1996280;SPRF-DF;DEL03-DF;UOP02-DEL03-DF 
605869;"1352550   ";2024-06-07;sexta-feira;22:06:00;DF;"80   ";"14   ";BRASILIA;Não;Reação tardia ou ineficiente do condutor;3;Tombamento;Com Vítimas Fatais;Plena Noite;Decrescente;Céu Claro;Simples;Reta;Não  ;"1083389   ";Automóvel;GM/CORSA SEDAN PREMIUM;"2007      ";Condutor;Óbito;"31   ";Masculino;"0 ";"0    ";"0    ";"1    ";-15.7095000;-48.1996280;SPRF-DF;DEL03-DF;UOP02-DEL03-DF 
605869;"1352552   ";2024-06-07;sexta-feira;22:06:00;DF;"80   ";"14   ";BRASILIA;Sim;Ultrapassagem Indevida;3;Tombamento;Com Vítimas Fatais;Plena Noite;Decrescente;Céu Claro;Simples;Reta;Não  ;"1083390   ";Caminhão;FORD/CARGO 4030;"1999      ";Passageiro;Lesões Leves;"20   ";Masculino;"0 ";"1    ";"0    ";"0    ";-15.7095000;-48.1996280;SPRF-DF;DEL03-DF;UOP02-DEL03-DF 
605869;"1352551   ";2024-06-07;sexta-feira;22:06:00;DF;"80   ";"14   ";BRASILIA;Sim;Ultrapassagem Indevida;3;Tombamento;Com Vítimas Fatais;Plena Noite;Decrescente;Céu Claro;Simples;Reta;Não  ;"1083390   ";Caminhão;FORD/CARGO 4030;"1999      ";Condutor;Lesões Leves;"42   ";Masculino;"0 ";"1    ";"0    ";"0    ";-15.7095000;-48.1996280;SPRF-DF;DEL03-DF;UOP02-DEL03-DF 