id;pesid;data_inversa;dia_semana;horario;uf;br;km;municipio;causa_principal;causa_acidente;ordem_tipo_acidente;tipo_acidente;classificacao_acidente;fase_dia;sentido_via;condicao_metereologica;tipo_pista;tracado_via;uso_solo;id_veiculo;tipo_veiculo;marca;ano_fabricacao_veiculo;tipo_envolvido;estado_fisico;idade;sexo;ilesos;feridos_leves;feridos_graves;mortos;latitude;longitude;regional;delegacia;uop
606165;"1354888   ";2024-06-09;domingo;00:45:00;DF;"20   ";"6,1  ";BRASILIA;Não;Manobra de mudança de faixa;1;Colisão lateral mesmo sentido;Com Vítimas Feridas;Plena Noite;Crescente;Céu Claro;Dupla;"Reta;Aclive;Interseção de Vias";Sim  ;"1083854   ";Automóvel;GM/CORSA HATCH JOY;"2006      ";Passageiro;Ileso;"40   ";Masculino;"1 ";"0    ";"0    ";"0    ";-15.6658880;-47.8083080;SPRF-DF;DEL02-DF;UOP01-DEL02-DF 
606165;"1354886   ";2024-06-09;domingo;00:45:00;DF;"20   ";"6,1  ";BRASILIA;Não;Manobra de mudança de faixa;1;Colisão lateral mesmo sentido;Com Vítimas Feridas;Plena Noite;Crescente;Céu Claro;Dupla;"Reta;Aclive;Interseção de Vias";Sim  ;"1083854   ";Automóvel;GM/CORSA HATCH JOY;"2006      ";Condutor;Ileso;"22   ";Feminino;"1 ";"0    ";"0    ";"0    ";-15.6658880;-47.8083080;SPRF-DF;DEL02-DF;UOP01-DEL02-DF 
606165;"1354893   ";2024-06-09;domingo;00:45:00;DF;"20   ";"6,1  ";BRASILIA;Não;Manobra de mudança de faixa;1;Colisão lateral mesmo sentido;Com Vítimas Feridas;Plena Noite;Crescente;Céu Claro;Dupla;"Reta;Aclive;Interseção de Vias";Sim  ;"1083854   ";Automóvel;GM/CORSA HATCH JOY;"2006      ";Passageiro;Ileso;"31   ";Feminino;"1 ";"0    ";"0    ";"0    ";-15.6658880;-47.8083080;SPRF-DF;DEL02-DF;UOP01-DEL02-DF 
606165;"1354894   ";2024-06-09;domingo;00:45:00;DF;"20   ";"6,1  ";BRASILIA;Não;Manobra de mudança de faixa;1;Colisão lateral mesmo sentido;Com Vítimas Feridas;Plena Noite;Crescente;Céu Claro;Dupla;"Reta;Aclive;Interseção de Vias";Sim  ;"1083855   ";Motocicleta;HONDA/CG 160 FAN;"2018      ";Condutor;Lesões Leves;"32   ";Masculino;"0 ";"1    ";"0    ";"0    ";-15.6658880;-47.8083080;SPRF-DF;DEL02-DF;UOP01-DEL02-DF 
606165;"1354897   ";2024-06-09;domingo;00:45:00;DF;"20   ";"6,1  ";BRASILIA;Não;Manobra de mudança de faixa;1;Colisão lateral mesmo sentido;Com Vítimas Feridas;Plena Noite;Crescente;Céu Claro;Dupla;"Reta;Aclive;Interseção de Vias";Sim  ;"1083855   ";Motocicleta;HONDA/CG 160 FAN;"2018      ";Passageiro;Lesões Graves;"23   ";Feminino;"0 ";"0    ";"1    ";"0    ";-15.6658880;-47.8083080;SPRF-DF;DEL02-DF;UOP01-DEL02-DF 
606165;"1354888   ";2024-06-09;domingo;00:45:00;DF;"20   ";"6,1  ";BRASILIA;Sim;Ingestão de álcool pelo condutor;1;Colisão lateral mesmo sentido;Com Vítimas Feridas;Plena Noite;Crescente;Céu Claro;Dupla;"Reta;Aclive;Interseção de Vias";Sim  ;"1083854   ";Automóvel;GM/CORSA HATCH JOY;"2006      ";Passageiro;Ileso;"40   ";Masculino;"1 ";"0    ";"0    ";"0    ";-15.6658880;-47.8083080;SPRF-DF;DEL02-DF;UOP01-DEL02-DF 
606165;"1354886   ";2024-06-09;domingo;00:45:00;DF;"20   ";"6,1  ";BRASILIA;Sim;Ingestão de álcool pelo condutor;1;Colisão lateral mesmo sentido;Com Vítimas Feridas;Plena Noite;Crescente;Céu Claro;Dupla;"Reta;Aclive;Interseção de Vias";Sim  ;"1083854   ";Automóvel;GM/CORSA HATCH JOY;"2006      ";Condutor;Ileso;"22   ";Feminino;"1 ";"0    ";"0    ";"0    ";-15.6658880;-47.8083080;SPRF-DF;DEL02-DF;UOP01-DEL02-DF 
606165;"1354893   ";2024-06-09;domingo;00:45:00;DF;"20   ";"6,1  ";BRASILIA;Sim;Ingestão de álcool pelo condutor;1;Colisão lateral mesmo sentido;Com Vítimas Feridas;Plena Noite;Crescente;Céu Claro;Dupla;"Reta;Aclive;Interseção de Vias";Sim  ;"1083854   ";Automóvel;GM/CORSA HATCH JOY;"2006      ";Passageiro;Ileso;"31   ";Feminino;"1 ";"0    ";"0    ";"0    ";-15.6658880;-47.8083080;SPRF-DF;DEL02-DF;UOP01-DEL02-DF 
606165;"1354894   ";2024-06-09;domingo;00:45:00;DF;"20   ";"6,1  ";BRASILIA;Sim;Ingestão de álcool pelo condutor;1;Colisão lateral mesmo sentido;Com Vítimas Feridas;Plena Noite;Crescente;Céu Claro;Dupla;"Reta;Aclive;Interseção de Vias";Sim  ;"1083855   ";Motocicleta;HONDA/CG 160 FAN;"2018      ";Condutor;Lesões Leves;"32   ";Masculino;"0 ";"1    ";"0    ";"0    ";-15.6658880;-47.8083080;SPRF-DF;DEL02-DF;UOP01-DEL02-DF 
606165;"1354897   ";2024-06-09;domingo;00:45:00;DF;"20   ";"6,1  ";BRASILIA;Sim;Ingestão de álcool pelo condutor;1;Colisão lateral mesmo sentido;Com Vítimas Feridas;Plena Noite;Crescente;Céu Claro;Dupla;"Reta;Aclive;Interseção de Vias";Sim  ;"1083855   ";Motocicleta;HONDA/CG 160 FAN;"2018      ";Passageiro;Lesões Graves;"23   ";Feminino;"0 ";"0    ";"1    ";"0    ";-15.6658880;-47.8083080;SPRF-DF;DEL02-DF;UOP01-DEL02-DF 
606179;"1355598   ";2024-06-09;domingo;00:45:00;GO;"70   ";"2    ";AGUAS LINDAS DE GOIAS;Sim;Reação tardia ou ineficiente do condutor;1;Saída de leito carroçável;Sem Vítimas;Plena Noite;Crescente;Céu Claro;Múltipla;Reta;Sim  ;"1085749   ";Caminhonete;VW/SAVEIRO 1.6 CE;"2010      ";Condutor;Ileso;"37   ";Masculino;"1 ";"0    ";"0    ";"0    ";-15.7670210;-48.2299450;SPRF-DF;DEL03-DF;UOP02-DEL03-DF 
606190;"1354165   ";2024-06-09;domingo;04:15:00;GO;"70   ";"7    ";AGUAS LINDAS DE GOIAS;Sim;Ausência de reação do condutor;2;Colisão com objeto;Sem Vítimas;Plena Noite;Crescente;Céu Claro;Dupla;Reta;Sim  ;"1084649   ";Automóvel;FIAT/PALIO FIRE FLEX;"2007      ";Condutor;Não Informado;"0    ";Não Informado;"0 ";"0    ";"0    ";"0    ";-15.7437553;-48.2677971;SPRF-DF;DEL03-DF;UOP02-DEL03-DF 
606190;"1354165   ";2024-06-09;domingo;04:15:00;GO;"70   ";"7    ";AGUAS LINDAS DE GOIAS;Sim;Ausência de reação do condutor;1;Saída de leito carroçável;Sem Vítimas;Plena Noite;Crescente;Céu Claro;Dupla;Reta;Sim  ;"1084649   ";Automóvel;FIAT/PALIO FIRE FLEX;"2007      ";Condutor;Não Informado;"0    ";Não Informado;"0 ";"0    ";"0    ";"0    ";-15.7437553;-48.2677971;SPRF-DF;DEL03-DF;UOP02-DEL03-DF 
606201;"1353273   ";2024-06-09;domingo;05:00:00;GO;"40   ";"73,5 ";CRISTALINA;Sim;Ausência de reação do condutor;1;Saída de leito carroçável;Sem Vítimas;Plena Noite;Crescente;Nublado;Dupla;"Reta;Aclive";Não  ;"1083967   ";Automóvel;VW/GOL 1.0;"2010      ";Condutor;Ileso;"29   ";Masculino;"1 ";"0    ";"0    ";"0    ";-16.6214760;-47.7488460;SPRF-DF;DEL01-DF;UOP02-DEL01-DF 
606220;"1353289   ";2024-06-09;domingo;06:10:00;DF;"60   ";"26,5 ";BRASILIA;Não;Ingestão de álcool pelo condutor;1;Colisão transversal;Com Vítimas Feridas;Amanhecer;Crescente;Céu Claro;Dupla;Curva;Não  ;"1083974   ";Automóvel;VW/GOLF 2.0;"1999      ";Condutor;Lesões Leves;"46   ";Masculino;"0 ";"1    ";"0    ";"0    ";-16.0035040;-48.2452810;SPRF-DF;DEL03-DF;UOP01-DEL03-DF 
606220;"1353294   ";2024-06-09;domingo;06:10:00;DF;"60   ";"26,5 ";BRASILIA;Não;Ingestão de álcool pelo condutor;1;Colisão transversal;Com Vítimas Feridas;Amanhecer;Crescente;Céu Claro;Dupla;Curva;Não  ;"1083975   ";Automóvel;GM/CORSA MILENIUM;"2001      ";Passageiro;Lesões Leves;"37   ";Masculino;"0 ";"1    ";"0    ";"0    ";-16.0035040;-48.2452810;SPRF-DF;DEL03-DF;UOP01-DEL03-DF 
606220;"1353291   ";2024-06-09;domingo;06:10:00;DF;"60   ";"26,5 ";BRASILIA;Não;Ingestão de álcool pelo condutor;1;Colisão transversal;Com Vítimas Feridas;Amanhecer;Crescente;Céu Claro;Dupla;Curva;Não  ;"1083975   ";Automóvel;GM/CORSA MILENIUM;"2001      ";Passageiro;Lesões Leves;"41   ";Feminino;"0 ";"1    ";"0    ";"0    ";-16.0035040;-48.2452810;SPRF-DF;DEL03-DF;UOP01-DEL03-DF 
606220;"1353293   ";2024-06-09;domingo;06:10:00;DF;"60   ";"26,5 ";BRASILIA;Não;Ingestão de álcool pelo condutor;1;Colisão transversal;Com Vítimas Feridas;Amanhecer;Crescente;Céu Claro;Dupla;Curva;Não  ;"1083975   ";Automóvel;GM/CORSA MILENIUM;"2001      ";Passageiro;Lesões Leves;"26   ";Feminino;"0 ";"1    ";"0    ";"0    ";-16.0035040;-48.2452810;SPRF-DF;DEL03-DF;UOP01-DEL03-DF 
606220;"1353290   ";2024-06-09;domingo;06:10:00;DF;"60   ";"26,5 ";BRASILIA;Não;Ingestão de álcool pelo condutor;1;Colisão transversal;Com Vítimas Feridas;Amanhecer;Crescente;Céu Claro;Dupla;Curva;Não  ;"1083975   ";Automóvel;GM/CORSA MILENIUM;"2001      ";Condutor;Lesões Leves;"42   ";Masculino;"0 ";"1    ";"0    ";"0    ";-16.0035040;-48.2452810;SPRF-DF;DEL03-DF;UOP01-DEL03-DF 
606220;"1353289   ";2024-06-09;domingo;06:10:00;DF;"60   ";"26,5 ";BRASILIA;Sim;Acessar a via sem observar a presença dos outros veículos;1;Colisão transversal;Com Vítimas Feridas;Amanhecer;Crescente;Céu Claro;Dupla;Curva;Não  ;"1083974   ";Automóvel;VW/GOLF 2.0;"1999      ";Condutor;Lesões Leves;"46   ";Masculino;"0 ";"1    ";"0    ";"0    ";-16.0035040;-48.2452810;SPRF-DF;DEL03-DF;UOP01-DEL03-DF 
606220;"1353294   ";2024-06-09;domingo;06:10:00;DF;"60   ";"26,5 ";BRASILIA;Sim;Acessar a via sem observar a presença dos outros veículos;1;Colisão transversal;Com Vítimas Feridas;Amanhecer;Crescente;Céu Claro;Dupla;Curva;Não  ;"1083975   ";Automóvel;GM/CORSA MILENIUM;"2001      ";Passageiro;Lesões Leves;"37   ";Masculino;"0 ";"1    ";"0    ";"0    ";-16.0035040;-48.2452810;SPRF-DF;DEL03-DF;UOP01-DEL03-DF 
606220;"1353291   ";2024-06-09;domingo;06:10:00;DF;"60   ";"26,5 ";BRASILIA;Sim;Acessar a via sem observar a presença dos outros veículos;1;Colisão transversal;Com Vítimas Feridas;Amanhecer;Crescente;Céu Claro;Dupla;Curva;Não  ;"1083975   ";Automóvel;GM/CORSA MILENIUM;"2001      ";Passageiro;Lesões Leves;"41   ";Feminino;"0 ";"1    ";"0    ";"0    ";-16.0035040;-48.2452810;SPRF-DF;DEL03-DF;UOP01-DEL03-DF 
606220;"1353293   ";2024-06-09;domingo;06:10:00;DF;"60   ";"26,5 ";BRASILIA;Sim;Acessar a via sem observar a presença dos outros veículos;1;Colisão transversal;Com Vítimas Feridas;Amanhecer;Crescente;Céu Claro;Dupla;Curva;Não  ;"1083975   ";Automóvel;GM/CORSA MILENIUM;"2001      ";Passageiro;Lesões Leves;"26   ";Feminino;"0 ";"1    ";"0    ";"0    ";-16.0035040;-48.2452810;SPRF-DF;DEL03-DF;UOP01-DEL03-DF 
606220;"1353290   ";2024-06-09;domingo;06:10:00;DF;"60   ";"26,5 ";BRASILIA;Sim;Acessar a via sem observar a presença dos outros veículos;1;Colisão transversal;Com Vítimas Feridas;Amanhecer;Crescente;Céu Claro;Dupla;Curva;Não  ;"1083975   ";Automóvel;GM/CORSA MILENIUM;"2001      ";Condutor;Lesões Leves;"42   ";Masculino;"0 ";"1    ";"0    ";"0    ";-16.0035040;-48.2452810;SPRF-DF;DEL03-DF;UOP01-DEL03-DF 
606311;"1353751   ";2024-06-09;domingo;18:10:00;GO;"40   ";"9,5  ";LUZIANIA;Não;Ingestão de álcool pelo condutor;3;Queda de ocupante de veículo;Com Vítimas Feridas;Plena Noite;Decrescente;Céu Claro;Dupla;Reta;Sim  ;"1084305   ";Automóvel;I/KIA CERATO SX2 1.6L;"2010      ";Condutor;Ileso;"32   ";Feminino;"1 ";"0    ";"0    ";"0    ";-16.1311580;-47.9577390;SPRF-DF;DEL01-DF;UOP01-DEL01-DF 
606311;"1353750   ";2024-06-09;domingo;18:10:00;GO;"40   ";"9,5  ";LUZIANIA;Não;Ingestão de álcool pelo condutor;3;Queda de ocupante de veículo;Com Vítimas Feridas;Plena Noite;Decrescente;Céu Claro;Dupla;Reta;Sim  ;"1084304   ";Motocicleta;HONDA/CG 160 FAN;"2023      ";Condutor;Lesões Leves;"35   ";Masculino;"0 ";"1    ";"0    ";"0    ";-16.1311580;-47.9577390;SPRF-DF;DEL01-DF;UOP01-DEL01-DF 
606311;"1353751   ";2024-06-09;domingo;18:10:00;GO;"40   ";"9,5  ";LUZIANIA;Sim;Trafegar com motocicleta (ou similar) entre as faixas;3;Queda de ocupante de veículo;Com Vítimas Feridas;Plena Noite;Decrescente;Céu Claro;Dupla;Reta;Sim  ;"1084305   ";Automóvel;I/KIA CERATO SX2 1.6L;"2010      ";Condutor;Ileso;"32   ";Feminino;"1 ";"0    ";"0    ";"0    ";-16.1311580;-47.9577390;SPRF-DF;DEL01-DF;UOP01-DEL01-DF 
606311;"1353750   ";2024-06-09;domingo;18:10:00;GO;"40   ";"9,5  ";LUZIANIA;Sim;Trafegar com motocicleta (ou similar) entre as faixas;3;Queda de ocupante de veículo;Com Vítimas Feridas;Plena Noite;Decrescente;Céu Claro;Dupla;Reta;Sim  ;"1084304   ";Motocicleta;HONDA/CG 160 FAN;"2023      ";Condutor;Lesões Leves;"35   ";Masculino;"0 ";"1    ";"0    ";"0    ";-16.1311580;-47.9577390;SPRF-DF;DEL01-DF;UOP01-DEL01-DF 
606311;"1353751   ";2024-06-09;domingo;18:10:00;GO;"40   ";"9,5  ";LUZIANIA;Não;Ingestão de álcool pelo condutor;2;Tombamento;Com Vítimas Feridas;Plena Noite;Decrescente;Céu Claro;Dupla;Reta;Sim  ;"1084305   ";Automóvel;I/KIA CERATO SX2 1.6L;"2010      ";Condutor;Ileso;"32   ";Feminino;"1 ";"0    ";"0    ";"0    ";-16.1311580;-47.9577390;SPRF-DF;DEL01-DF;UOP01-DEL01-DF 
606311;"1353750   ";2024-06-09;domingo;18:10:00;GO;"40   ";"9,5  ";LUZIANIA;Não;Ingestão de álcool pelo condutor;2;Tombamento;Com Vítimas Feridas;Plena Noite;Decrescente;Céu Claro;Dupla;Reta;Sim  ;"1084304   ";Motocicleta;HONDA/CG 160 FAN;"2023      ";Condutor;Lesões Leves;"35   ";Masculino;"0 ";"1    ";"0    ";"0    ";-16.1311580;-47.9577390;SPRF-DF;DEL01-DF;UOP01-DEL01-DF 
606311;"1353751   ";2024-06-09;domingo;18:10:00;GO;"40   ";"9,5  ";LUZIANIA;Sim;Trafegar com motocicleta (ou similar) entre as faixas;2;Tombamento;Com Vítimas Feridas;Plena Noite;Decrescente;Céu Claro;Dupla;Reta;Sim  ;"1084305   ";Automóvel;I/KIA CERATO SX2 1.6L;"2010      ";Condutor;Ileso;"32   ";Feminino;"1 ";"0    ";"0    ";"0    ";-16.1311580;-47.9577390;SPRF-DF;DEL01-DF;UOP01-DEL01-DF 
606311;"1353750   ";2024-06-09;domingo;18:10:00;GO;"40   ";"9,5  ";LUZIANIA;Sim;Trafegar com motocicleta (ou similar) entre as faixas;2;Tombamento;Com Vítimas Feridas;Plena Noite;Decrescente;Céu Claro;Dupla;Reta;Sim  ;"1084304   ";Motocicleta;HONDA/CG 160 FAN;"2023      ";Condutor;Lesões Leves;"35   ";Masculino;"0 ";"1    ";"0    ";"0    ";-16.1311580;-47.9577390;SPRF-DF;DEL01-DF;UOP01-DEL01-DF 
606311;"1353751   ";2024-06-09;domingo;18:10:00;GO;"40   ";"9,5  ";LUZIANIA;Não;Ingestão de álcool pelo condutor;1;Colisão lateral mesmo sentido;Com Vítimas Feridas;Plena Noite;Decrescente;Céu Claro;Dupla;Reta;Sim  ;"1084305   ";Automóvel;I/KIA CERATO SX2 1.6L;"2010      ";Condutor;Ileso;"32   ";Feminino;"1 ";"0    ";"0    ";"0    ";-16.1311580;-47.9577390;SPRF-DF;DEL01-DF;UOP01-DEL01-DF 
606311;"1353750   ";2024-06-09;domingo;18:10:00;GO;"40   ";"9,5  ";LUZIANIA;Não;Ingestão de álcool pelo condutor;1;Colisão lateral mesmo sentido;Com Vítimas Feridas;Plena Noite;Decrescente;Céu Claro;Dupla;Reta;Sim  ;"1084304   ";Motocicleta;HONDA/CG 160 FAN;"2023      ";Condutor;Lesões Leves;"35   ";Masculino;"0 ";"1    ";"0    ";"0    ";-16.1311580;-47.9577390;SPRF-DF;DEL01-DF;UOP01-DEL01-DF 
606311;"1353751   ";2024-06-09;domingo;18:10:00;GO;"40   ";"9,5  ";LUZIANIA;Sim;Trafegar com motocicleta (ou similar) entre as faixas;1;Colisão lateral mesmo sentido;Com Vítimas Feridas;Plena Noite;Decrescente;Céu Claro;Dupla;Reta;Sim  ;"1084305   ";Automóvel;I/KIA CERATO SX2 1.6L;"2010      ";Condutor;Ileso;"32   ";Feminino;"1 ";"0    ";"0    ";"0    ";-16.1311580;-47.9577390;SPRF-DF;DEL01-DF;UOP01-DEL01-DF 
606311;"1353750   ";2024-06-09;domingo;18:10:00;GO;"40   ";"9,5  ";LUZIANIA;Sim;Trafegar com motocicleta (ou similar) entre as faixas;1;Colisão lateral mesmo sentido;Com Vítimas Feridas;Plena Noite;Decrescente;Céu Claro;Dupla;Reta;Sim  ;"1084304   ";Motocicleta;HONDA/CG 160 FAN;"2023      ";Condutor;Lesões Leves;"35   ";Masculino;"0 ";"1    ";"0    ";"0    ";-16.1311580;-47.9577390;SPRF-DF;DEL01-DF;UOP01-DEL01-DF 
606331;"1353604   ";2024-06-09;domingo;18:30:00;GO;"60   ";"62   ";ABADIANIA;Sim;Ingestão de álcool pelo condutor;2;Colisão com objeto;Com Vítimas Feridas;Anoitecer;Crescente;Céu Claro;Dupla;Curva;Sim  ;"1084205   ";Automóvel;FORD/FIESTA SEDAN1.6FLEX;"2012      ";Condutor;Lesões Leves;"56   ";Masculino;"0 ";"1    ";"0    ";"0    ";-16.1873722;-48.7205458;SPRF-GO;DEL02-GO;UOP01-DEL02-GO 
606331;"1355834   ";2024-06-09;domingo;18:30:00;GO;"60   ";"62   ";ABADIANIA;Sim;Ingestão de álcool pelo condutor;2;Colisão com objeto;Com Vítimas Feridas;Anoitecer;Crescente;Céu Claro;Dupla;Curva;Sim  ;"1084205   ";Automóvel;FORD/FIESTA SEDAN1.6FLEX;"2012      ";Passageiro;Lesões Leves;"43   ";Feminino;"0 ";"1    ";"0    ";"0    ";-16.1873722;-48.7205458;SPRF-GO;DEL02-GO;UOP01-DEL02-GO 
606331;"1355832   ";2024-06-09;domingo;18:30:00;GO;"60   ";"62   ";ABADIANIA;Sim;Ingestão de álcool pelo condutor;2;Colisão com objeto;Com Vítimas Feridas;Anoitecer;Crescente;Céu Claro;Dupla;Curva;Sim  ;"1084205   ";Automóvel;FORD/FIESTA SEDAN1.6FLEX;"2012      ";Passageiro;Lesões Leves;"40   ";Masculino;"0 ";"1    ";"0    ";"0    ";-16.1873722;-48.7205458;SPRF-GO;DEL02-GO;UOP01-DEL02-GO 
606331;"1355835   ";2024-06-09;domingo;18:30:00;GO;"60   ";"62   ";ABADIANIA;Sim;Ingestão de álcool pelo condutor;2;Colisão com objeto;Com Vítimas Feridas;Anoitecer;Crescente;Céu Claro;Dupla;Curva;Sim  ;"1084205   ";Automóvel;FORD/FIESTA SEDAN1.6FLEX;"2012      ";Passageiro;Lesões Leves;"30   ";Masculino;"0 ";"1    ";"0    ";"0    ";-16.1873722;-48.7205458;SPRF-GO;DEL02-GO;UOP01-DEL02-GO 
606331;"1353604   ";2024-06-09;domingo;18:30:00;GO;"60   ";"62   ";ABADIANIA;Sim;Ingestão de álcool pelo condutor;1;Saída de leito carroçável;Com Vítimas Feridas;Anoitecer;Crescente;Céu Claro;Dupla;Curva;Sim  ;"1084205   ";Automóvel;FORD/FIESTA SEDAN1.6FLEX;"2012      ";Condutor;Lesões Leves;"56   ";Masculino;"0 ";"1    ";"0    ";"0    ";-16.1873722;-48.7205458;SPRF-GO;DEL02-GO;UOP01-DEL02-GO 
606331;"1355834   ";2024-06-09;domingo;18:30:00;GO;"60   ";"62   ";ABADIANIA;Sim;Ingestão de álcool pelo condutor;1;Saída de leito carroçável;Com Vítimas Feridas;Anoitecer;Crescente;Céu Claro;Dupla;Curva;Sim  ;"1084205   ";Automóvel;FORD/FIESTA SEDAN1.6FLEX;"2012      ";Passageiro;Lesões Leves;"43   ";Feminino;"0 ";"1    ";"0    ";"0    ";-16.1873722;-48.7205458;SPRF-GO;DEL02-GO;UOP01-DEL02-GO 
606331;"1355832   ";2024-06-09;domingo;18:30:00;GO;"60   ";"62   ";ABADIANIA;Sim;Ingestão de álcool pelo condutor;1;Saída de leito carroçável;Com Vítimas Feridas;Anoitecer;Crescente;Céu Claro;Dupla;Curva;Sim  ;"1084205   ";Automóvel;FORD/FIESTA SEDAN1.6FLEX;"2012      ";Passageiro;Lesões Leves;"40   ";Masculino;"0 ";"1    ";"0    ";"0    ";-16.1873722;-48.7205458;SPRF-GO;DEL02-GO;UOP01-DEL02-GO 
606331;"1355835   ";2024-06-09;domingo;18:30:00;GO;"60   ";"62   ";ABADIANIA;Sim;Ingestão de álcool pelo condutor;1;Saída de leito carroçável;Com Vítimas Feridas;Anoitecer;Crescente;Céu Claro;Dupla;Curva;Sim  ;"1084205   ";Automóvel;FORD/FIESTA SEDAN1.6FLEX;"2012      ";Passageiro;Lesões Leves;"30   ";Masculino;"0 ";"1    ";"0    ";"0    ";-16.1873722;-48.7205458;SPRF-GO;DEL02-GO;UOP01-DEL02-GO 
606339;"1353504   ";2024-06-09;domingo;19:07:00;DF;"70   ";"16   ";BRASILIA;Sim;Acessar a via sem observar a presença dos outros veículos;1;Colisão transversal;Com Vítimas Feridas;Plena Noite;Decrescente;Céu Claro;Múltipla;"Rotatória;Interseção de Vias";Não  ;"1084121   ";Caminhonete;FIAT/TORO VOLCANO AT D4;"2019      ";Condutor;Ileso;"59   ";Masculino;"1 ";"0    ";"0    ";"0    ";-15.7961440;-48.1942250;SPRF-DF;DEL03-DF;UOP02-DEL03-DF 
606339;"1353505   ";2024-06-09;domingo;19:07:00;DF;"70   ";"16   ";BRASILIA;Sim;Acessar a via sem observar a presença dos outros veículos;1;Colisão transversal;Com Vítimas Feridas;Plena Noite;Decrescente;Céu Claro;Múltipla;"Rotatória;Interseção de Vias";Não  ;"1084124   ";Automóvel;FIAT/PALIO FIRE WAY;"2015      ";Condutor;Lesões Leves;"62   ";Feminino;"0 ";"1    ";"0    ";"0    ";-15.7961440;-48.1942250;SPRF-DF;DEL03-DF;UOP02-DEL03-DF 
606370;"1353677   ";2024-06-09;domingo;19:40:00;DF;"60   ";"3    ";BRASILIA;Sim;Reação tardia ou ineficiente do condutor;1;Engavetamento;Com Vítimas Feridas;Plena Noite;Decrescente;Céu Claro;Dupla;"Retorno Regulamentado;Reta";Sim  ;"1084262   ";Automóvel;I/FORD FUSION FLEX B;"2015      ";Condutor;Ileso;"39   ";Masculino;"1 ";"0    ";"0    ";"0    ";-15.8901980;-48.0862200;SPRF-DF;DEL03-DF;UOP01-DEL03-DF 
606370;"1353681   ";2024-06-09;domingo;19:40:00;DF;"60   ";"3    ";BRASILIA;Sim;Reação tardia ou ineficiente do condutor;1;Engavetamento;Com Vítimas Feridas;Plena Noite;Decrescente;Céu Claro;Dupla;"Retorno Regulamentado;Reta";Sim  ;"1084262   ";Automóvel;I/FORD FUSION FLEX B;"2015      ";Passageiro;Ileso;"30   ";Feminino;"1 ";"0    ";"0    ";"0    ";-15.8901980;-48.0862200;SPRF-DF;DEL03-DF;UOP01-DEL03-DF 
606370;"1353679   ";2024-06-09;domingo;19:40:00;DF;"60   ";"3    ";BRASILIA;Sim;Reação tardia ou ineficiente do condutor;1;Engavetamento;Com Vítimas Feridas;Plena Noite;Decrescente;Céu Claro;Dupla;"Retorno Regulamentado;Reta";Sim  ;"1084264   ";Automóvel;VW/VOYAGE 1.6L MB5;"2021      ";Condutor;Ileso;"61   ";Masculino;"1 ";"0    ";"0    ";"0    ";-15.8901980;-48.0862200;SPRF-DF;DEL03-DF;UOP01-DEL03-DF 
606370;"1353682   ";2024-06-09;domingo;19:40:00;DF;"60   ";"3    ";BRASILIA;Sim;Reação tardia ou ineficiente do condutor;1;Engavetamento;Com Vítimas Feridas;Plena Noite;Decrescente;Céu Claro;Dupla;"Retorno Regulamentado;Reta";Sim  ;"1084264   ";Automóvel;VW/VOYAGE 1.6L MB5;"2021      ";Passageiro;Lesões Leves;"67   ";Masculino;"0 ";"1    ";"0    ";"0    ";-15.8901980;-48.0862200;SPRF-DF;DEL03-DF;UOP01-DEL03-DF 
606370;"1353674   ";2024-06-09;domingo;19:40:00;DF;"60   ";"3    ";BRASILIA;Sim;Reação tardia ou ineficiente do condutor;1;Engavetamento;Com Vítimas Feridas;Plena Noite;Decrescente;Céu Claro;Dupla;"Retorno Regulamentado;Reta";Sim  ;"1084261   ";Automóvel;CHEVROLET/CLASSIC LS;"2011      ";Condutor;Ileso;"48   ";Feminino;"1 ";"0    ";"0    ";"0    ";-15.8901980;-48.0862200;SPRF-DF;DEL03-DF;UOP01-DEL03-DF 
606370;"1353676   ";2024-06-09;domingo;19:40:00;DF;"60   ";"3    ";BRASILIA;Sim;Reação tardia ou ineficiente do condutor;1;Engavetamento;Com Vítimas Feridas;Plena Noite;Decrescente;Céu Claro;Dupla;"Retorno Regulamentado;Reta";Sim  ;"1084261   ";Automóvel;CHEVROLET/CLASSIC LS;"2011      ";Passageiro;Ileso;"23   ";Feminino;"1 ";"0    ";"0    ";"0    ";-15.8901980;-48.0862200;SPRF-DF;DEL03-DF;UOP01-DEL03-DF 
606370;"1353675   ";2024-06-09;domingo;19:40:00;DF;"60   ";"3    ";BRASILIA;Sim;Reação tardia ou ineficiente do condutor;1;Engavetamento;Com Vítimas Feridas;Plena Noite;Decrescente;Céu Claro;Dupla;"Retorno Regulamentado;Reta";Sim  ;"1084261   ";Automóvel;CHEVROLET/CLASSIC LS;"2011      ";Passageiro;Ileso;"16   ";Feminino;"1 ";"0    ";"0    ";"0    ";-15.8901980;-48.0862200;SPRF-DF;DEL03-DF;UOP01-DEL03-DF 
606393;"0         ";2024-06-09;domingo;21:20:00;GO;"414  ";"357  ";COCALZINHO DE GOIAS;Sim;Velocidade Incompatível;1;Tombamento;Com Vítimas Fatais;Plena Noite;Crescente;Céu Claro;Simples;Curva;Não  ;"1086272   ";Semireboque;SR/RANDON SR CA;"2009      ";"0";"0";"0    ";"0";"0 ";"0    ";"0    ";"0    ";-15.6706432;-48.6999893;SPRF-GO;DEL02-GO;UOP01-DEL02-GO 