id;pesid;data_inversa;dia_semana;horario;uf;br;km;municipio;causa_principal;causa_acidente;ordem_tipo_acidente;tipo_acidente;classificacao_acidente;fase_dia;sentido_via;condicao_metereologica;tipo_pista;tracado_via;uso_solo;id_veiculo;tipo_veiculo;marca;ano_fabricacao_veiculo;tipo_envolvido;estado_fisico;idade;sexo;ilesos;feridos_leves;feridos_graves;mortos;latitude;longitude;regional;delegacia;uop
606930;"0         ";2024-06-12;quarta-feira;06:30:00;GO;"40   ";"140  ";CRISTALINA;Sim;Ultrapassagem Indevida;1;Colisão lateral mesmo sentido;Sem Vítimas;Amanhecer;Crescente;Céu Claro;Simples;Reta;Não  ;"1085324   ";Semireboque;SR/TANESFIL TQ 03ED;"2022      ";"0";"0";"0    ";"0";"0 ";"0    ";"0    ";"0    ";-16.9537490;-47.2792490;SPRF-DF;DEL01-DF;UOP02-DEL01-DF 
606930;"1355062   ";2024-06-12;quarta-feira;06:30:00;GO;"40   ";"140  ";CRISTALINA;Sim;Ultrapassagem Indevida;1;Colisão lateral mesmo sentido;Sem Vítimas;Amanhecer;Crescente;Céu Claro;Simples;Reta;Não  ;"1085322   ";Caminhão-trator;VOLVO/FH 440 6X2T;"2008      ";Condutor;Ileso;"34   ";Masculino;"1 ";"0    ";"0    ";"0    ";-16.9537490;-47.2792490;SPRF-DF;DEL01-DF;UOP02-DEL01-DF 
606958;"1355393   ";2024-06-12;quarta-feira;13:05:00;GO;"40   ";"2,3  ";VALPARAISO DE GOIAS;Sim;Reação tardia ou ineficiente do condutor;1;Queda de ocupante de veículo;Com Vítimas Feridas;Pleno dia;Decrescente;Céu Claro;Dupla;Reta;Sim  ;"1085585   ";Motocicleta;HONDA/CB300F TWISTER ABS;"2023      ";Condutor;Lesões Graves;"31   ";Masculino;"0 ";"0    ";"1    ";"0    ";-16.0671290;-47.9842350;SPRF-DF;DEL01-DF;UOP01-DEL01-DF 
607115;"1355547   ";2024-06-13;quinta-feira;07:20:00;GO;"40   ";"2,2  ";VALPARAISO DE GOIAS;Não;Trafegar com motocicleta (ou similar) entre as faixas;3;Queda de ocupante de veículo;Com Vítimas Feridas;Pleno dia;Decrescente;Céu Claro;Dupla;Reta;Sim  ;"1085713   ";Motocicleta;HONDA/CG 160 FAN;"2022      ";Passageiro;Lesões Leves;"28   ";Masculino;"0 ";"1    ";"0    ";"0    ";-16.0725271;-47.9847407;SPRF-DF;DEL01-DF;UOP01-DEL01-DF 
607115;"1355546   ";2024-06-13;quinta-feira;07:20:00;GO;"40   ";"2,2  ";VALPARAISO DE GOIAS;Não;Trafegar com motocicleta (ou similar) entre as faixas;3;Queda de ocupante de veículo;Com Vítimas Feridas;Pleno dia;Decrescente;Céu Claro;Dupla;Reta;Sim  ;"1085713   ";Motocicleta;HONDA/CG 160 FAN;"2022      ";Condutor;Lesões Leves;"24   ";Masculino;"0 ";"1    ";"0    ";"0    ";-16.0725271;-47.9847407;SPRF-DF;DEL01-DF;UOP01-DEL01-DF 
607115;"1355545   ";2024-06-13;quinta-feira;07:20:00;GO;"40   ";"2,2  ";VALPARAISO DE GOIAS;Não;Trafegar com motocicleta (ou similar) entre as faixas;3;Queda de ocupante de veículo;Com Vítimas Feridas;Pleno dia;Decrescente;Céu Claro;Dupla;Reta;Sim  ;"1085712   ";Automóvel;I/PEUGEOT 208 LIKE MT;"2021      ";Condutor;Ileso;"36   ";Feminino;"1 ";"0    ";"0    ";"0    ";-16.0725271;-47.9847407;SPRF-DF;DEL01-DF;UOP01-DEL01-DF 
607115;"1357796   ";2024-06-13;quinta-feira;07:20:00;GO;"40   ";"2,2  ";VALPARAISO DE GOIAS;Não;Trafegar com motocicleta (ou similar) entre as faixas;3;Queda de ocupante de veículo;Com Vítimas Feridas;Pleno dia;Decrescente;Céu Claro;Dupla;Reta;Sim  ;"1087520   ";Automóvel;Não Informado/Não Informado;"0         ";Condutor;Não Informado;"0    ";Não Informado;"0 ";"0    ";"0    ";"0    ";-16.0725271;-47.9847407;SPRF-DF;DEL01-DF;UOP01-DEL01-DF 
607115;"1355547   ";2024-06-13;quinta-feira;07:20:00;GO;"40   ";"2,2  ";VALPARAISO DE GOIAS;Sim;Acessar a via sem observar a presença dos outros veículos;3;Queda de ocupante de veículo;Com Vítimas Feridas;Pleno dia;Decrescente;Céu Claro;Dupla;Reta;Sim  ;"1085713   ";Motocicleta;HONDA/CG 160 FAN;"2022      ";Passageiro;Lesões Leves;"28   ";Masculino;"0 ";"1    ";"0    ";"0    ";-16.0725271;-47.9847407;SPRF-DF;DEL01-DF;UOP01-DEL01-DF 
607115;"1355546   ";2024-06-13;quinta-feira;07:20:00;GO;"40   ";"2,2  ";VALPARAISO DE GOIAS;Sim;Acessar a via sem observar a presença dos outros veículos;3;Queda de ocupante de veículo;Com Vítimas Feridas;Pleno dia;Decrescente;Céu Claro;Dupla;Reta;Sim  ;"1085713   ";Motocicleta;HONDA/CG 160 FAN;"2022      ";Condutor;Lesões Leves;"24   ";Masculino;"0 ";"1    ";"0    ";"0    ";-16.0725271;-47.9847407;SPRF-DF;DEL01-DF;UOP01-DEL01-DF 
607115;"1355545   ";2024-06-13;quinta-feira;07:20:00;GO;"40   ";"2,2  ";VALPARAISO DE GOIAS;Sim;Acessar a via sem observar a presença dos outros veículos;3;Queda de ocupante de veículo;Com Vítimas Feridas;Pleno dia;Decrescente;Céu Claro;Dupla;Reta;Sim  ;"1085712   ";Automóvel;I/PEUGEOT 208 LIKE MT;"2021      ";Condutor;Ileso;"36   ";Feminino;"1 ";"0    ";"0    ";"0    ";-16.0725271;-47.9847407;SPRF-DF;DEL01-DF;UOP01-DEL01-DF 
607115;"1357796   ";2024-06-13;quinta-feira;07:20:00;GO;"40   ";"2,2  ";VALPARAISO DE GOIAS;Sim;Acessar a via sem observar a presença dos outros veículos;3;Queda de ocupante de veículo;Com Vítimas Feridas;Pleno dia;Decrescente;Céu Claro;Dupla;Reta;Sim  ;"1087520   ";Automóvel;Não Informado/Não Informado;"0         ";Condutor;Não Informado;"0    ";Não Informado;"0 ";"0    ";"0    ";"0    ";-16.0725271;-47.9847407;SPRF-DF;DEL01-DF;UOP01-DEL01-DF 
607115;"1355547   ";2024-06-13;quinta-feira;07:20:00;GO;"40   ";"2,2  ";VALPARAISO DE GOIAS;Não;Ausência de sinalização;3;Queda de ocupante de veículo;Com Vítimas Feridas;Pleno dia;Decrescente;Céu Claro;Dupla;Reta;Sim  ;"1085713   ";Motocicleta;HONDA/CG 160 FAN;"2022      ";Passageiro;Lesões Leves;"28   ";Masculino;"0 ";"1    ";"0    ";"0    ";-16.0725271;-47.9847407;SPRF-DF;DEL01-DF;UOP01-DEL01-DF 
607115;"1355546   ";2024-06-13;quinta-feira;07:20:00;GO;"40   ";"2,2  ";VALPARAISO DE GOIAS;Não;Ausência de sinalização;3;Queda de ocupante de veículo;Com Vítimas Feridas;Pleno dia;Decrescente;Céu Claro;Dupla;Reta;Sim  ;"1085713   ";Motocicleta;HONDA/CG 160 FAN;"2022      ";Condutor;Lesões Leves;"24   ";Masculino;"0 ";"1    ";"0    ";"0    ";-16.0725271;-47.9847407;SPRF-DF;DEL01-DF;UOP01-DEL01-DF 
607115;"1355545   ";2024-06-13;quinta-feira;07:20:00;GO;"40   ";"2,2  ";VALPARAISO DE GOIAS;Não;Ausência de sinalização;3;Queda de ocupante de veículo;Com Vítimas Feridas;Pleno dia;Decrescente;Céu Claro;Dupla;Reta;Sim  ;"1085712   ";Automóvel;I/PEUGEOT 208 LIKE MT;"2021      ";Condutor;Ileso;"36   ";Feminino;"1 ";"0    ";"0    ";"0    ";-16.0725271;-47.9847407;SPRF-DF;DEL01-DF;UOP01-DEL01-DF 
607115;"1357796   ";2024-06-13;quinta-feira;07:20:00;GO;"40   ";"2,2  ";VALPARAISO DE GOIAS;Não;Ausência de sinalização;3;Queda de ocupante de veículo;Com Vítimas Feridas;Pleno dia;Decrescente;Céu Claro;Dupla;Reta;Sim  ;"1087520   ";Automóvel;Não Informado/Não Informado;"0         ";Condutor;Não Informado;"0    ";Não Informado;"0 ";"0    ";"0    ";"0    ";-16.0725271;-47.9847407;SPRF-DF;DEL01-DF;UOP01-DEL01-DF 
607115;"1355547   ";2024-06-13;quinta-feira;07:20:00;GO;"40   ";"2,2  ";VALPARAISO DE GOIAS;Não;Velocidade Incompatível;3;Queda de ocupante de veículo;Com Vítimas Feridas;Pleno dia;Decrescente;Céu Claro;Dupla;Reta;Sim  ;"1085713   ";Motocicleta;HONDA/CG 160 FAN;"2022      ";Passageiro;Lesões Leves;"28   ";Masculino;"0 ";"1    ";"0    ";"0    ";-16.0725271;-47.9847407;SPRF-DF;DEL01-DF;UOP01-DEL01-DF 
607115;"1355546   ";2024-06-13;quinta-feira;07:20:00;GO;"40   ";"2,2  ";VALPARAISO DE GOIAS;Não;Velocidade Incompatível;3;Queda de ocupante de veículo;Com Vítimas Feridas;Pleno dia;Decrescente;Céu Claro;Dupla;Reta;Sim  ;"1085713   ";Motocicleta;HONDA/CG 160 FAN;"2022      ";Condutor;Lesões Leves;"24   ";Masculino;"0 ";"1    ";"0    ";"0    ";-16.0725271;-47.9847407;SPRF-DF;DEL01-DF;UOP01-DEL01-DF 
607115;"1355545   ";2024-06-13;quinta-feira;07:20:00;GO;"40   ";"2,2  ";VALPARAISO DE GOIAS;Não;Velocidade Incompatível;3;Queda de ocupante de veículo;Com Vítimas Feridas;Pleno dia;Decrescente;Céu Claro;Dupla;Reta;Sim  ;"1085712   ";Automóvel;I/PEUGEOT 208 LIKE MT;"2021      ";Condutor;Ileso;"36   ";Feminino;"1 ";"0    ";"0    ";"0    ";-16.0725271;-47.9847407;SPRF-DF;DEL01-DF;UOP01-DEL01-DF 
607115;"1357796   ";2024-06-13;quinta-feira;07:20:00;GO;"40   ";"2,2  ";VALPARAISO DE GOIAS;Não;Velocidade Incompatível;3;Queda de ocupante de veículo;Com Vítimas Feridas;Pleno dia;Decrescente;Céu Claro;Dupla;Reta;Sim  ;"1087520   ";Automóvel;Não Informado/Não Informado;"0         ";Condutor;Não Informado;"0    ";Não Informado;"0 ";"0    ";"0    ";"0    ";-16.0725271;-47.9847407;SPRF-DF;DEL01-DF;UOP01-DEL01-DF 
607115;"1355547   ";2024-06-13;quinta-feira;07:20:00;GO;"40   ";"2,2  ";VALPARAISO DE GOIAS;Não;Condutor deixou de manter distância do veículo da frente;3;Queda de ocupante de veículo;Com Vítimas Feridas;Pleno dia;Decrescente;Céu Claro;Dupla;Reta;Sim  ;"1085713   ";Motocicleta;HONDA/CG 160 FAN;"2022      ";Passageiro;Lesões Leves;"28   ";Masculino;"0 ";"1    ";"0    ";"0    ";-16.0725271;-47.9847407;SPRF-DF;DEL01-DF;UOP01-DEL01-DF 
607115;"1355546   ";2024-06-13;quinta-feira;07:20:00;GO;"40   ";"2,2  ";VALPARAISO DE GOIAS;Não;Condutor deixou de manter distância do veículo da frente;3;Queda de ocupante de veículo;Com Vítimas Feridas;Pleno dia;Decrescente;Céu Claro;Dupla;Reta;Sim  ;"1085713   ";Motocicleta;HONDA/CG 160 FAN;"2022      ";Condutor;Lesões Leves;"24   ";Masculino;"0 ";"1    ";"0    ";"0    ";-16.0725271;-47.9847407;SPRF-DF;DEL01-DF;UOP01-DEL01-DF 
607115;"1355545   ";2024-06-13;quinta-feira;07:20:00;GO;"40   ";"2,2  ";VALPARAISO DE GOIAS;Não;Condutor deixou de manter distância do veículo da frente;3;Queda de ocupante de veículo;Com Vítimas Feridas;Pleno dia;Decrescente;Céu Claro;Dupla;Reta;Sim  ;"1085712   ";Automóvel;I/PEUGEOT 208 LIKE MT;"2021      ";Condutor;Ileso;"36   ";Feminino;"1 ";"0    ";"0    ";"0    ";-16.0725271;-47.9847407;SPRF-DF;DEL01-DF;UOP01-DEL01-DF 
607115;"1357796   ";2024-06-13;quinta-feira;07:20:00;GO;"40   ";"2,2  ";VALPARAISO DE GOIAS;Não;Condutor deixou de manter distância do veículo da frente;3;Queda de ocupante de veículo;Com Vítimas Feridas;Pleno dia;Decrescente;Céu Claro;Dupla;Reta;Sim  ;"1087520   ";Automóvel;Não Informado/Não Informado;"0         ";Condutor;Não Informado;"0    ";Não Informado;"0 ";"0    ";"0    ";"0    ";-16.0725271;-47.9847407;SPRF-DF;DEL01-DF;UOP01-DEL01-DF 
607115;"1355547   ";2024-06-13;quinta-feira;07:20:00;GO;"40   ";"2,2  ";VALPARAISO DE GOIAS;Não;Trafegar com motocicleta (ou similar) entre as faixas;2;Colisão traseira;Com Vítimas Feridas;Pleno dia;Decrescente;Céu Claro;Dupla;Reta;Sim  ;"1085713   ";Motocicleta;HONDA/CG 160 FAN;"2022      ";Passageiro;Lesões Leves;"28   ";Masculino;"0 ";"1    ";"0    ";"0    ";-16.0725271;-47.9847407;SPRF-DF;DEL01-DF;UOP01-DEL01-DF 
607115;"1355546   ";2024-06-13;quinta-feira;07:20:00;GO;"40   ";"2,2  ";VALPARAISO DE GOIAS;Não;Trafegar com motocicleta (ou similar) entre as faixas;2;Colisão traseira;Com Vítimas Feridas;Pleno dia;Decrescente;Céu Claro;Dupla;Reta;Sim  ;"1085713   ";Motocicleta;HONDA/CG 160 FAN;"2022      ";Condutor;Lesões Leves;"24   ";Masculino;"0 ";"1    ";"0    ";"0    ";-16.0725271;-47.9847407;SPRF-DF;DEL01-DF;UOP01-DEL01-DF 
607115;"1355545   ";2024-06-13;quinta-feira;07:20:00;GO;"40   ";"2,2  ";VALPARAISO DE GOIAS;Não;Trafegar com motocicleta (ou similar) entre as faixas;2;Colisão traseira;Com Vítimas Feridas;Pleno dia;Decrescente;Céu Claro;Dupla;Reta;Sim  ;"1085712   ";Automóvel;I/PEUGEOT 208 LIKE MT;"2021      ";Condutor;Ileso;"36   ";Feminino;"1 ";"0    ";"0    ";"0    ";-16.0725271;-47.9847407;SPRF-DF;DEL01-DF;UOP01-DEL01-DF 
607115;"1357796   ";2024-06-13;quinta-feira;07:20:00;GO;"40   ";"2,2  ";VALPARAISO DE GOIAS;Não;Trafegar com motocicleta (ou similar) entre as faixas;2;Colisão traseira;Com Vítimas Feridas;Pleno dia;Decrescente;Céu Claro;Dupla;Reta;Sim  ;"1087520   ";Automóvel;Não Informado/Não Informado;"0         ";Condutor;Não Informado;"0    ";Não Informado;"0 ";"0    ";"0    ";"0    ";-16.0725271;-47.9847407;SPRF-DF;DEL01-DF;UOP01-DEL01-DF 
607115;"1355547   ";2024-06-13;quinta-feira;07:20:00;GO;"40   ";"2,2  ";VALPARAISO DE GOIAS;Sim;Acessar a via sem observar a presença dos outros veículos;2;Colisão traseira;Com Vítimas Feridas;Pleno dia;Decrescente;Céu Claro;Dupla;Reta;Sim  ;"1085713   ";Motocicleta;HONDA/CG 160 FAN;"2022      ";Passageiro;Lesões Leves;"28   ";Masculino;"0 ";"1    ";"0    ";"0    ";-16.0725271;-47.9847407;SPRF-DF;DEL01-DF;UOP01-DEL01-DF 
607115;"1355546   ";2024-06-13;quinta-feira;07:20:00;GO;"40   ";"2,2  ";VALPARAISO DE GOIAS;Sim;Acessar a via sem observar a presença dos outros veículos;2;Colisão traseira;Com Vítimas Feridas;Pleno dia;Decrescente;Céu Claro;Dupla;Reta;Sim  ;"1085713   ";Motocicleta;HONDA/CG 160 FAN;"2022      ";Condutor;Lesões Leves;"24   ";Masculino;"0 ";"1    ";"0    ";"0    ";-16.0725271;-47.9847407;SPRF-DF;DEL01-DF;UOP01-DEL01-DF 
607115;"1355545   ";2024-06-13;quinta-feira;07:20:00;GO;"40   ";"2,2  ";VALPARAISO DE GOIAS;Sim;Acessar a via sem observar a presença dos outros veículos;2;Colisão traseira;Com Vítimas Feridas;Pleno dia;Decrescente;Céu Claro;Dupla;Reta;Sim  ;"1085712   ";Automóvel;I/PEUGEOT 208 LIKE MT;"2021      ";Condutor;Ileso;"36   ";Feminino;"1 ";"0    ";"0    ";"0    ";-16.0725271;-47.9847407;SPRF-DF;DEL01-DF;UOP01-DEL01-DF 
607115;"1357796   ";2024-06-13;quinta-feira;07:20:00;GO;"40   ";"2,2  ";VALPARAISO DE GOIAS;Sim;Acessar a via sem observar a presença dos outros veículos;2;Colisão traseira;Com Vítimas Feridas;Pleno dia;Decrescente;Céu Claro;Dupla;Reta;Sim  ;"1087520   ";Automóvel;Não Informado/Não Informado;"0         ";Condutor;Não Informado;"0    ";Não Informado;"0 ";"0    ";"0    ";"0    ";-16.0725271;-47.9847407;SPRF-DF;DEL01-DF;UOP01-DEL01-DF 
607115;"1355547   ";2024-06-13;quinta-feira;07:20:00;GO;"40   ";"2,2  ";VALPARAISO DE GOIAS;Não;Ausência de sinalização;2;Colisão traseira;Com Vítimas Feridas;Pleno dia;Decrescente;Céu Claro;Dupla;Reta;Sim  ;"1085713   ";Motocicleta;HONDA/CG 160 FAN;"2022      ";Passageiro;Lesões Leves;"28   ";Masculino;"0 ";"1    ";"0    ";"0    ";-16.0725271;-47.9847407;SPRF-DF;DEL01-DF;UOP01-DEL01-DF 
607115;"1355546   ";2024-06-13;quinta-feira;07:20:00;GO;"40   ";"2,2  ";VALPARAISO DE GOIAS;Não;Ausência de sinalização;2;Colisão traseira;Com Vítimas Feridas;Pleno dia;Decrescente;Céu Claro;Dupla;Reta;Sim  ;"1085713   ";Motocicleta;HONDA/CG 160 FAN;"2022      ";Condutor;Lesões Leves;"24   ";Masculino;"0 ";"1    ";"0    ";"0    ";-16.0725271;-47.9847407;SPRF-DF;DEL01-DF;UOP01-DEL01-DF 
607115;"1355545   ";2024-06-13;quinta-feira;07:20:00;GO;"40   ";"2,2  ";VALPARAISO DE GOIAS;Não;Ausência de sinalização;2;Colisão traseira;Com Vítimas Feridas;Pleno dia;Decrescente;Céu Claro;Dupla;Reta;Sim  ;"1085712   ";Automóvel;I/PEUGEOT 208 LIKE MT;"2021      ";Condutor;Ileso;"36   ";Feminino;"1 ";"0    ";"0    ";"0    ";-16.0725271;-47.9847407;SPRF-DF;DEL01-DF;UOP01-DEL01-DF 
607115;"1357796   ";2024-06-13;quinta-feira;07:20:00;GO;"40   ";"2,2  ";VALPARAISO DE GOIAS;Não;Ausência de sinalização;2;Colisão traseira;Com Vítimas Feridas;Pleno dia;Decrescente;Céu Claro;Dupla;Reta;Sim  ;"1087520   ";Automóvel;Não Informado/Não Informado;"0         ";Condutor;Não Informado;"0    ";Não Informado;"0 ";"0    ";"0    ";"0    ";-16.0725271;-47.9847407;SPRF-DF;DEL01-DF;UOP01-DEL01-DF 
607115;"1355547   ";2024-06-13;quinta-feira;07:20:00;GO;"40   ";"2,2  ";VALPARAISO DE GOIAS;Não;Velocidade Incompatível;2;Colisão traseira;Com Vítimas Feridas;Pleno dia;Decrescente;Céu Claro;Dupla;Reta;Sim  ;"1085713   ";Motocicleta;HONDA/CG 160 FAN;"2022      ";Passageiro;Lesões Leves;"28   ";Masculino;"0 ";"1    ";"0    ";"0    ";-16.0725271;-47.9847407;SPRF-DF;DEL01-DF;UOP01-DEL01-DF 
607115;"1355546   ";2024-06-13;quinta-feira;07:20:00;GO;"40   ";"2,2  ";VALPARAISO DE GOIAS;Não;Velocidade Incompatível;2;Colisão traseira;Com Vítimas Feridas;Pleno dia;Decrescente;Céu Claro;Dupla;Reta;Sim  ;"1085713   ";Motocicleta;HONDA/CG 160 FAN;"2022      ";Condutor;Lesões Leves;"24   ";Masculino;"0 ";"1    ";"0    ";"0    ";-16.0725271;-47.9847407;SPRF-DF;DEL01-DF;UOP01-DEL01-DF 
607115;"1355545   ";2024-06-13;quinta-feira;07:20:00;GO;"40   ";"2,2  ";VALPARAISO DE GOIAS;Não;Velocidade Incompatível;2;Colisão traseira;Com Vítimas Feridas;Pleno dia;Decrescente;Céu Claro;Dupla;Reta;Sim  ;"1085712   ";Automóvel;I/PEUGEOT 208 LIKE MT;"2021      ";Condutor;Ileso;"36   ";Feminino;"1 ";"0    ";"0    ";"0    ";-16.0725271;-47.9847407;SPRF-DF;DEL01-DF;UOP01-DEL01-DF 
607115;"1357796   ";2024-06-13;quinta-feira;07:20:00;GO;"40   ";"2,2  ";VALPARAISO DE GOIAS;Não;Velocidade Incompatível;2;Colisão traseira;Com Vítimas Feridas;Pleno dia;Decrescente;Céu Claro;Dupla;Reta;Sim  ;"1087520   ";Automóvel;Não Informado/Não Informado;"0         ";Condutor;Não Informado;"0    ";Não Informado;"0 ";"0    ";"0    ";"0    ";-16.0725271;-47.9847407;SPRF-DF;DEL01-DF;UOP01-DEL01-DF 
607115;"1355547   ";2024-06-13;quinta-feira;07:20:00;GO;"40   ";"2,2  ";VALPARAISO DE GOIAS;Não;Condutor deixou de manter distância do veículo da frente;2;Colisão traseira;Com Vítimas Feridas;Pleno dia;Decrescente;Céu Claro;Dupla;Reta;Sim  ;"1085713   ";Motocicleta;HONDA/CG 160 FAN;"2022      ";Passageiro;Lesões Leves;"28   ";Masculino;"0 ";"1    ";"0    ";"0    ";-16.0725271;-47.9847407;SPRF-DF;DEL01-DF;UOP01-DEL01-DF 
607115;"1355546   ";2024-06-13;quinta-feira;07:20:00;GO;"40   ";"2,2  ";VALPARAISO DE GOIAS;Não;Condutor deixou de manter distância do veículo da frente;2;Colisão traseira;Com Vítimas Feridas;Pleno dia;Decrescente;Céu Claro;Dupla;Reta;Sim  ;"1085713   ";Motocicleta;HONDA/CG 160 FAN;"2022      ";Condutor;Lesões Leves;"24   ";Masculino;"0 ";"1    ";"0    ";"0    ";-16.0725271;-47.9847407;SPRF-DF;DEL01-DF;UOP01-DEL01-DF 
607115;"1355545   ";2024-06-13;quinta-feira;07:20:00;GO;"40   ";"2,2  ";VALPARAISO DE GOIAS;Não;Condutor deixou de manter distância do veículo da frente;2;Colisão traseira;Com Vítimas Feridas;Pleno dia;Decrescente;Céu Claro;Dupla;Reta;Sim  ;"1085712   ";Automóvel;I/PEUGEOT 208 LIKE MT;"2021      ";Condutor;Ileso;"36   ";Feminino;"1 ";"0    ";"0    ";"0    ";-16.0725271;-47.9847407;SPRF-DF;DEL01-DF;UOP01-DEL01-DF 
607115;"1357796   ";2024-06-13;quinta-feira;07:20:00;GO;"40   ";"2,2  ";VALPARAISO DE GOIAS;Não;Condutor deixou de manter distância do veículo da frente;2;Colisão traseira;Com Vítimas Feridas;Pleno dia;Decrescente;Céu Claro;Dupla;Reta;Sim  ;"1087520   ";Automóvel;Não Informado/Não Informado;"0         ";Condutor;Não Informado;"0    ";Não Informado;"0 ";"0    ";"0    ";"0    ";-16.0725271;-47.9847407;SPRF-DF;DEL01-DF;UOP01-DEL01-DF 
607115;"1355547   ";2024-06-13;quinta-feira;07:20:00;GO;"40   ";"2,2  ";VALPARAISO DE GOIAS;Não;Trafegar com motocicleta (ou similar) entre as faixas;1;Colisão lateral mesmo sentido;Com Vítimas Feridas;Pleno dia;Decrescente;Céu Claro;Dupla;Reta;Sim  ;"1085713   ";Motocicleta;HONDA/CG 160 FAN;"2022      ";Passageiro;Lesões Leves;"28   ";Masculino;"0 ";"1    ";"0    ";"0    ";-16.0725271;-47.9847407;SPRF-DF;DEL01-DF;UOP01-DEL01-DF 
607115;"1355546   ";2024-06-13;quinta-feira;07:20:00;GO;"40   ";"2,2  ";VALPARAISO DE GOIAS;Não;Trafegar com motocicleta (ou similar) entre as faixas;1;Colisão lateral mesmo sentido;Com Vítimas Feridas;Pleno dia;Decrescente;Céu Claro;Dupla;Reta;Sim  ;"1085713   ";Motocicleta;HONDA/CG 160 FAN;"2022      ";Condutor;Lesões Leves;"24   ";Masculino;"0 ";"1    ";"0    ";"0    ";-16.0725271;-47.9847407;SPRF-DF;DEL01-DF;UOP01-DEL01-DF 
607115;"1355545   ";2024-06-13;quinta-feira;07:20:00;GO;"40   ";"2,2  ";VALPARAISO DE GOIAS;Não;Trafegar com motocicleta (ou similar) entre as faixas;1;Colisão lateral mesmo sentido;Com Vítimas Feridas;Pleno dia;Decrescente;Céu Claro;Dupla;Reta;Sim  ;"1085712   ";Automóvel;I/PEUGEOT 208 LIKE MT;"2021      ";Condutor;Ileso;"36   ";Feminino;"1 ";"0    ";"0    ";"0    ";-16.0725271;-47.9847407;SPRF-DF;DEL01-DF;UOP01-DEL01-DF 
607115;"1357796   ";2024-06-13;quinta-feira;07:20:00;GO;"40   ";"2,2  ";VALPARAISO DE GOIAS;Não;Trafegar com motocicleta (ou similar) entre as faixas;1;Colisão lateral mesmo sentido;Com Vítimas Feridas;Pleno dia;Decrescente;Céu Claro;Dupla;Reta;Sim  ;"1087520   ";Automóvel;Não Informado/Não Informado;"0         ";Condutor;Não Informado;"0    ";Não Informado;"0 ";"0    ";"0    ";"0    ";-16.0725271;-47.9847407;SPRF-DF;DEL01-DF;UOP01-DEL01-DF 
607115;"1355547   ";2024-06-13;quinta-feira;07:20:00;GO;"40   ";"2,2  ";VALPARAISO DE GOIAS;Sim;Acessar a via sem observar a presença dos outros veículos;1;Colisão lateral mesmo sentido;Com Vítimas Feridas;Pleno dia;Decrescente;Céu Claro;Dupla;Reta;Sim  ;"1085713   ";Motocicleta;HONDA/CG 160 FAN;"2022      ";Passageiro;Lesões Leves;"28   ";Masculino;"0 ";"1    ";"0    ";"0    ";-16.0725271;-47.9847407;SPRF-DF;DEL01-DF;UOP01-DEL01-DF 
607115;"1355546   ";2024-06-13;quinta-feira;07:20:00;GO;"40   ";"2,2  ";VALPARAISO DE GOIAS;Sim;Acessar a via sem observar a presença dos outros veículos;1;Colisão lateral mesmo sentido;Com Vítimas Feridas;Pleno dia;Decrescente;Céu Claro;Dupla;Reta;Sim  ;"1085713   ";Motocicleta;HONDA/CG 160 FAN;"2022      ";Condutor;Lesões Leves;"24   ";Masculino;"0 ";"1    ";"0    ";"0    ";-16.0725271;-47.9847407;SPRF-DF;DEL01-DF;UOP01-DEL01-DF 
607115;"1355545   ";2024-06-13;quinta-feira;07:20:00;GO;"40   ";"2,2  ";VALPARAISO DE GOIAS;Sim;Acessar a via sem observar a presença dos outros veículos;1;Colisão lateral mesmo sentido;Com Vítimas Feridas;Pleno dia;Decrescente;Céu Claro;Dupla;Reta;Sim  ;"1085712   ";Automóvel;I/PEUGEOT 208 LIKE MT;"2021      ";Condutor;Ileso;"36   ";Feminino;"1 ";"0    ";"0    ";"0    ";-16.0725271;-47.9847407;SPRF-DF;DEL01-DF;UOP01-DEL01-DF 
607115;"1357796   ";2024-06-13;quinta-feira;07:20:00;GO;"40   ";"2,2  ";VALPARAISO DE GOIAS;Sim;Acessar a via sem observar a presença dos outros veículos;1;Colisão lateral mesmo sentido;Com Vítimas Feridas;Pleno dia;Decrescente;Céu Claro;Dupla;Reta;Sim  ;"1087520   ";Automóvel;Não Informado/Não Informado;"0         ";Condutor;Não Informado;"0    ";Não Informado;"0 ";"0    ";"0    ";"0    ";-16.0725271;-47.9847407;SPRF-DF;DEL01-DF;UOP01-DEL01-DF 
607115;"1355547   ";2024-06-13;quinta-feira;07:20:00;GO;"40   ";"2,2  ";VALPARAISO DE GOIAS;Não;Ausência de sinalização;1;Colisão lateral mesmo sentido;Com Vítimas Feridas;Pleno dia;Decrescente;Céu Claro;Dupla;Reta;Sim  ;"1085713   ";Motocicleta;HONDA/CG 160 FAN;"2022      ";Passageiro;Lesões Leves;"28   ";Masculino;"0 ";"1    ";"0    ";"0    ";-16.0725271;-47.9847407;SPRF-DF;DEL01-DF;UOP01-DEL01-DF 