id;pesid;data_inversa;dia_semana;horario;uf;br;km;municipio;causa_principal;causa_acidente;ordem_tipo_acidente;tipo_acidente;classificacao_acidente;fase_dia;sentido_via;condicao_metereologica;tipo_pista;tracado_via;uso_solo;id_veiculo;tipo_veiculo;marca;ano_fabricacao_veiculo;tipo_envolvido;estado_fisico;idade;sexo;ilesos;feridos_leves;feridos_graves;mortos;latitude;longitude;regional;delegacia;uop
607115;"1355546   ";2024-06-13;quinta-feira;07:20:00;GO;"40   ";"2,2  ";VALPARAISO DE GOIAS;Não;Ausência de sinalização;1;Colisão lateral mesmo sentido;Com Vítimas Feridas;Pleno dia;Decrescente;Céu Claro;Dupla;Reta;Sim  ;"1085713   ";Motocicleta;HONDA/CG 160 FAN;"2022      ";Condutor;Lesões Leves;"24   ";Masculino;"0 ";"1    ";"0    ";"0    ";-16.0725271;-47.9847407;SPRF-DF;DEL01-DF;UOP01-DEL01-DF 
607115;"1355545   ";2024-06-13;quinta-feira;07:20:00;GO;"40   ";"2,2  ";VALPARAISO DE GOIAS;Não;Ausência de sinalização;1;Colisão lateral mesmo sentido;Com Vítimas Feridas;Pleno dia;Decrescente;Céu Claro;Dupla;Reta;Sim  ;"1085712   ";Automóvel;I/PEUGEOT 208 LIKE MT;"2021      ";Condutor;Ileso;"36   ";Feminino;"1 ";"0    ";"0    ";"0    ";-16.0725271;-47.9847407;SPRF-DF;DEL01-DF;UOP01-DEL01-DF 
607115;"1357796   ";2024-06-13;quinta-feira;07:20:00;GO;"40   ";"2,2  ";VALPARAISO DE GOIAS;Não;Ausência de sinalização;1;Colisão lateral mesmo sentido;Com Vítimas Feridas;Pleno dia;Decrescente;Céu Claro;Dupla;Reta;Sim  ;"1087520   ";Automóvel;Não Informado/Não Informado;"0         ";Condutor;Não Informado;"0    ";Não Informado;"0 ";"0    ";"0    ";"0    ";-16.0725271;-47.9847407;SPRF-DF;DEL01-DF;UOP01-DEL01-DF 
607115;"1355547   ";2024-06-13;quinta-feira;07:20:00;GO;"40   ";"2,2  ";VALPARAISO DE GOIAS;Não;Velocidade Incompatível;1;Colisão lateral mesmo sentido;Com Vítimas Feridas;Pleno dia;Decrescente;Céu Claro;Dupla;Reta;Sim  ;"1085713   ";Motocicleta;HONDA/CG 160 FAN;"2022      ";Passageiro;Lesões Leves;"28   ";Masculino;"0 ";"1    ";"0    ";"0    ";-16.0725271;-47.9847407;SPRF-DF;DEL01-DF;UOP01-DEL01-DF 
607115;"1355546   ";2024-06-13;quinta-feira;07:20:00;GO;"40   ";"2,2  ";VALPARAISO DE GOIAS;Não;Velocidade Incompatível;1;Colisão lateral mesmo sentido;Com Vítimas Feridas;Pleno dia;Decrescente;Céu Claro;Dupla;Reta;Sim  ;"1085713   ";Motocicleta;HONDA/CG 160 FAN;"2022      ";Condutor;Lesões Leves;"24   ";Masculino;"0 ";"1    ";"0    ";"0    ";-16.0725271;-47.9847407;SPRF-DF;DEL01-DF;UOP01-DEL01-DF 
607115;"1355545   ";2024-06-13;quinta-feira;07:20:00;GO;"40   ";"2,2  ";VALPARAISO DE GOIAS;Não;Velocidade Incompatível;1;Colisão lateral mesmo sentido;Com Vítimas Feridas;Pleno dia;Decrescente;Céu Claro;Dupla;Reta;Sim  ;"1085712   ";Automóvel;I/PEUGEOT 208 LIKE MT;"2021      ";Condutor;Ileso;"36   ";Feminino;"1 ";"0    ";"0    ";"0    ";-16.0725271;-47.9847407;SPRF-DF;DEL01-DF;UOP01-DEL01-DF 
607115;"1357796   ";2024-06-13;quinta-feira;07:20:00;GO;"40   ";"2,2  ";VALPARAISO DE GOIAS;Não;Velocidade Incompatível;1;Colisão lateral mesmo sentido;Com Vítimas Feridas;Pleno dia;Decrescente;Céu Claro;Dupla;Reta;Sim  ;"1087520   ";Automóvel;Não Informado/Não Informado;"0         ";Condutor;Não Informado;"0    ";Não Informado;"0 ";"0    ";"0    ";"0    ";-16.0725271;-47.9847407;SPRF-DF;DEL01-DF;UOP01-DEL01-DF 
607115;"1355547   ";2024-06-13;quinta-feira;07:20:00;GO;"40   ";"2,2  ";VALPARAISO DE GOIAS;Não;Condutor deixou de manter distância do veículo da frente;1;Colisão lateral mesmo sentido;Com Vítimas Feridas;Pleno dia;Decrescente;Céu Claro;Dupla;Reta;Sim  ;"1085713   ";Motocicleta;HONDA/CG 160 FAN;"2022      ";Passageiro;Lesões Leves;"28   ";Masculino;"0 ";"1    ";"0    ";"0    ";-16.0725271;-47.9847407;SPRF-DF;DEL01-DF;UOP01-DEL01-DF 
607115;"1355546   ";2024-06-13;quinta-feira;07:20:00;GO;"40   ";"2,2  ";VALPARAISO DE GOIAS;Não;Condutor deixou de manter distância do veículo da frente;1;Colisão lateral mesmo sentido;Com Vítimas Feridas;Pleno dia;Decrescente;Céu Claro;Dupla;Reta;Sim  ;"1085713   ";Motocicleta;HONDA/CG 160 FAN;"2022      ";Condutor;Lesões Leves;"24   ";Masculino;"0 ";"1    ";"0    ";"0    ";-16.0725271;-47.9847407;SPRF-DF;DEL01-DF;UOP01-DEL01-DF 
607115;"1355545   ";2024-06-13;quinta-feira;07:20:00;GO;"40   ";"2,2  ";VALPARAISO DE GOIAS;Não;Condutor deixou de manter distância do veículo da frente;1;Colisão lateral mesmo sentido;Com Vítimas Feridas;Pleno dia;Decrescente;Céu Claro;Dupla;Reta;Sim  ;"1085712   ";Automóvel;I/PEUGEOT 208 LIKE MT;"2021      ";Condutor;Ileso;"36   ";Feminino;"1 ";"0    ";"0    ";"0    ";-16.0725271;-47.9847407;SPRF-DF;DEL01-DF;UOP01-DEL01-DF 
607115;"1357796   ";2024-06-13;quinta-feira;07:20:00;GO;"40   ";"2,2  ";VALPARAISO DE GOIAS;Não;Condutor deixou de manter distância do veículo da frente;1;Colisão lateral mesmo sentido;Com Vítimas Feridas;Pleno dia;Decrescente;Céu Claro;Dupla;Reta;Sim  ;"1087520   ";Automóvel;Não Informado/Não Informado;"0         ";Condutor;Não Informado;"0    ";Não Informado;"0 ";"0    ";"0    ";"0    ";-16.0725271;-47.9847407;SPRF-DF;DEL01-DF;UOP01-DEL01-DF 
607124;"1355656   ";2024-06-13;quinta-feira;07:39:00;DF;"20   ";"5,9  ";BRASILIA;Não;Velocidade Incompatível;2;Queda de ocupante de veículo;Com Vítimas Feridas;Pleno dia;Decrescente;Céu Claro;Dupla;"Reta;Declive";Sim  ;"1085742   ";Motocicleta;HONDA/XRE 300;"2013      ";Condutor;Lesões Leves;"23   ";Masculino;"0 ";"1    ";"0    ";"0    ";-15.6705460;-47.8160440;SPRF-DF;DEL02-DF;UOP01-DEL02-DF 
607124;"1355638   ";2024-06-13;quinta-feira;07:39:00;DF;"20   ";"5,9  ";BRASILIA;Não;Velocidade Incompatível;2;Queda de ocupante de veículo;Com Vítimas Feridas;Pleno dia;Decrescente;Céu Claro;Dupla;"Reta;Declive";Sim  ;"1085739   ";Camioneta;FIAT/STRADA FREEDOM 13CD;"2023      ";Passageiro;Ileso;"45   ";Masculino;"1 ";"0    ";"0    ";"0    ";-15.6705460;-47.8160440;SPRF-DF;DEL02-DF;UOP01-DEL02-DF 
607124;"1355650   ";2024-06-13;quinta-feira;07:39:00;DF;"20   ";"5,9  ";BRASILIA;Não;Velocidade Incompatível;2;Queda de ocupante de veículo;Com Vítimas Feridas;Pleno dia;Decrescente;Céu Claro;Dupla;"Reta;Declive";Sim  ;"1085739   ";Camioneta;FIAT/STRADA FREEDOM 13CD;"2023      ";Passageiro;Ileso;"17   ";Feminino;"1 ";"0    ";"0    ";"0    ";-15.6705460;-47.8160440;SPRF-DF;DEL02-DF;UOP01-DEL02-DF 
607124;"1355648   ";2024-06-13;quinta-feira;07:39:00;DF;"20   ";"5,9  ";BRASILIA;Não;Velocidade Incompatível;2;Queda de ocupante de veículo;Com Vítimas Feridas;Pleno dia;Decrescente;Céu Claro;Dupla;"Reta;Declive";Sim  ;"1085739   ";Camioneta;FIAT/STRADA FREEDOM 13CD;"2023      ";Passageiro;Ileso;"11   ";Masculino;"1 ";"0    ";"0    ";"0    ";-15.6705460;-47.8160440;SPRF-DF;DEL02-DF;UOP01-DEL02-DF 
607124;"1355635   ";2024-06-13;quinta-feira;07:39:00;DF;"20   ";"5,9  ";BRASILIA;Não;Velocidade Incompatível;2;Queda de ocupante de veículo;Com Vítimas Feridas;Pleno dia;Decrescente;Céu Claro;Dupla;"Reta;Declive";Sim  ;"1085739   ";Camioneta;FIAT/STRADA FREEDOM 13CD;"2023      ";Condutor;Ileso;"39   ";Feminino;"1 ";"0    ";"0    ";"0    ";-15.6705460;-47.8160440;SPRF-DF;DEL02-DF;UOP01-DEL02-DF 
607124;"1355656   ";2024-06-13;quinta-feira;07:39:00;DF;"20   ";"5,9  ";BRASILIA;Não;Trafegar com motocicleta (ou similar) entre as faixas;2;Queda de ocupante de veículo;Com Vítimas Feridas;Pleno dia;Decrescente;Céu Claro;Dupla;"Reta;Declive";Sim  ;"1085742   ";Motocicleta;HONDA/XRE 300;"2013      ";Condutor;Lesões Leves;"23   ";Masculino;"0 ";"1    ";"0    ";"0    ";-15.6705460;-47.8160440;SPRF-DF;DEL02-DF;UOP01-DEL02-DF 
607124;"1355638   ";2024-06-13;quinta-feira;07:39:00;DF;"20   ";"5,9  ";BRASILIA;Não;Trafegar com motocicleta (ou similar) entre as faixas;2;Queda de ocupante de veículo;Com Vítimas Feridas;Pleno dia;Decrescente;Céu Claro;Dupla;"Reta;Declive";Sim  ;"1085739   ";Camioneta;FIAT/STRADA FREEDOM 13CD;"2023      ";Passageiro;Ileso;"45   ";Masculino;"1 ";"0    ";"0    ";"0    ";-15.6705460;-47.8160440;SPRF-DF;DEL02-DF;UOP01-DEL02-DF 
607124;"1355650   ";2024-06-13;quinta-feira;07:39:00;DF;"20   ";"5,9  ";BRASILIA;Não;Trafegar com motocicleta (ou similar) entre as faixas;2;Queda de ocupante de veículo;Com Vítimas Feridas;Pleno dia;Decrescente;Céu Claro;Dupla;"Reta;Declive";Sim  ;"1085739   ";Camioneta;FIAT/STRADA FREEDOM 13CD;"2023      ";Passageiro;Ileso;"17   ";Feminino;"1 ";"0    ";"0    ";"0    ";-15.6705460;-47.8160440;SPRF-DF;DEL02-DF;UOP01-DEL02-DF 
607124;"1355648   ";2024-06-13;quinta-feira;07:39:00;DF;"20   ";"5,9  ";BRASILIA;Não;Trafegar com motocicleta (ou similar) entre as faixas;2;Queda de ocupante de veículo;Com Vítimas Feridas;Pleno dia;Decrescente;Céu Claro;Dupla;"Reta;Declive";Sim  ;"1085739   ";Camioneta;FIAT/STRADA FREEDOM 13CD;"2023      ";Passageiro;Ileso;"11   ";Masculino;"1 ";"0    ";"0    ";"0    ";-15.6705460;-47.8160440;SPRF-DF;DEL02-DF;UOP01-DEL02-DF 
607124;"1355635   ";2024-06-13;quinta-feira;07:39:00;DF;"20   ";"5,9  ";BRASILIA;Não;Trafegar com motocicleta (ou similar) entre as faixas;2;Queda de ocupante de veículo;Com Vítimas Feridas;Pleno dia;Decrescente;Céu Claro;Dupla;"Reta;Declive";Sim  ;"1085739   ";Camioneta;FIAT/STRADA FREEDOM 13CD;"2023      ";Condutor;Ileso;"39   ";Feminino;"1 ";"0    ";"0    ";"0    ";-15.6705460;-47.8160440;SPRF-DF;DEL02-DF;UOP01-DEL02-DF 
607124;"1355656   ";2024-06-13;quinta-feira;07:39:00;DF;"20   ";"5,9  ";BRASILIA;Sim;Condutor deixou de manter distância do veículo da frente;2;Queda de ocupante de veículo;Com Vítimas Feridas;Pleno dia;Decrescente;Céu Claro;Dupla;"Reta;Declive";Sim  ;"1085742   ";Motocicleta;HONDA/XRE 300;"2013      ";Condutor;Lesões Leves;"23   ";Masculino;"0 ";"1    ";"0    ";"0    ";-15.6705460;-47.8160440;SPRF-DF;DEL02-DF;UOP01-DEL02-DF 
607124;"1355638   ";2024-06-13;quinta-feira;07:39:00;DF;"20   ";"5,9  ";BRASILIA;Sim;Condutor deixou de manter distância do veículo da frente;2;Queda de ocupante de veículo;Com Vítimas Feridas;Pleno dia;Decrescente;Céu Claro;Dupla;"Reta;Declive";Sim  ;"1085739   ";Camioneta;FIAT/STRADA FREEDOM 13CD;"2023      ";Passageiro;Ileso;"45   ";Masculino;"1 ";"0    ";"0    ";"0    ";-15.6705460;-47.8160440;SPRF-DF;DEL02-DF;UOP01-DEL02-DF 
607124;"1355650   ";2024-06-13;quinta-feira;07:39:00;DF;"20   ";"5,9  ";BRASILIA;Sim;Condutor deixou de manter distância do veículo da frente;2;Queda de ocupante de veículo;Com Vítimas Feridas;Pleno dia;Decrescente;Céu Claro;Dupla;"Reta;Declive";Sim  ;"1085739   ";Camioneta;FIAT/STRADA FREEDOM 13CD;"2023      ";Passageiro;Ileso;"17   ";Feminino;"1 ";"0    ";"0    ";"0    ";-15.6705460;-47.8160440;SPRF-DF;DEL02-DF;UOP01-DEL02-DF 
607124;"1355648   ";2024-06-13;quinta-feira;07:39:00;DF;"20   ";"5,9  ";BRASILIA;Sim;Condutor deixou de manter distância do veículo da frente;2;Queda de ocupante de veículo;Com Vítimas Feridas;Pleno dia;Decrescente;Céu Claro;Dupla;"Reta;Declive";Sim  ;"1085739   ";Camioneta;FIAT/STRADA FREEDOM 13CD;"2023      ";Passageiro;Ileso;"11   ";Masculino;"1 ";"0    ";"0    ";"0    ";-15.6705460;-47.8160440;SPRF-DF;DEL02-DF;UOP01-DEL02-DF 
607124;"1355635   ";2024-06-13;quinta-feira;07:39:00;DF;"20   ";"5,9  ";BRASILIA;Sim;Condutor deixou de manter distância do veículo da frente;2;Queda de ocupante de veículo;Com Vítimas Feridas;Pleno dia;Decrescente;Céu Claro;Dupla;"Reta;Declive";Sim  ;"1085739   ";Camioneta;FIAT/STRADA FREEDOM 13CD;"2023      ";Condutor;Ileso;"39   ";Feminino;"1 ";"0    ";"0    ";"0    ";-15.6705460;-47.8160440;SPRF-DF;DEL02-DF;UOP01-DEL02-DF 
607124;"1355656   ";2024-06-13;quinta-feira;07:39:00;DF;"20   ";"5,9  ";BRASILIA;Não;Velocidade Incompatível;1;Colisão lateral mesmo sentido;Com Vítimas Feridas;Pleno dia;Decrescente;Céu Claro;Dupla;"Reta;Declive";Sim  ;"1085742   ";Motocicleta;HONDA/XRE 300;"2013      ";Condutor;Lesões Leves;"23   ";Masculino;"0 ";"1    ";"0    ";"0    ";-15.6705460;-47.8160440;SPRF-DF;DEL02-DF;UOP01-DEL02-DF 
607124;"1355638   ";2024-06-13;quinta-feira;07:39:00;DF;"20   ";"5,9  ";BRASILIA;Não;Velocidade Incompatível;1;Colisão lateral mesmo sentido;Com Vítimas Feridas;Pleno dia;Decrescente;Céu Claro;Dupla;"Reta;Declive";Sim  ;"1085739   ";Camioneta;FIAT/STRADA FREEDOM 13CD;"2023      ";Passageiro;Ileso;"45   ";Masculino;"1 ";"0    ";"0    ";"0    ";-15.6705460;-47.8160440;SPRF-DF;DEL02-DF;UOP01-DEL02-DF 
607124;"1355650   ";2024-06-13;quinta-feira;07:39:00;DF;"20   ";"5,9  ";BRASILIA;Não;Velocidade Incompatível;1;Colisão lateral mesmo sentido;Com Vítimas Feridas;Pleno dia;Decrescente;Céu Claro;Dupla;"Reta;Declive";Sim  ;"1085739   ";Camioneta;FIAT/STRADA FREEDOM 13CD;"2023      ";Passageiro;Ileso;"17   ";Feminino;"1 ";"0    ";"0    ";"0    ";-15.6705460;-47.8160440;SPRF-DF;DEL02-DF;UOP01-DEL02-DF 
607124;"1355648   ";2024-06-13;quinta-feira;07:39:00;DF;"20   ";"5,9  ";BRASILIA;Não;Velocidade Incompatível;1;Colisão lateral mesmo sentido;Com Vítimas Feridas;Pleno dia;Decrescente;Céu Claro;Dupla;"Reta;Declive";Sim  ;"1085739   ";Camioneta;FIAT/STRADA FREEDOM 13CD;"2023      ";Passageiro;Ileso;"11   ";Masculino;"1 ";"0    ";"0    ";"0    ";-15.6705460;-47.8160440;SPRF-DF;DEL02-DF;UOP01-DEL02-DF 
607124;"1355635   ";2024-06-13;quinta-feira;07:39:00;DF;"20   ";"5,9  ";BRASILIA;Não;Velocidade Incompatível;1;Colisão lateral mesmo sentido;Com Vítimas Feridas;Pleno dia;Decrescente;Céu Claro;Dupla;"Reta;Declive";Sim  ;"1085739   ";Camioneta;FIAT/STRADA FREEDOM 13CD;"2023      ";Condutor;Ileso;"39   ";Feminino;"1 ";"0    ";"0    ";"0    ";-15.6705460;-47.8160440;SPRF-DF;DEL02-DF;UOP01-DEL02-DF 
607124;"1355656   ";2024-06-13;quinta-feira;07:39:00;DF;"20   ";"5,9  ";BRASILIA;Não;Trafegar com motocicleta (ou similar) entre as faixas;1;Colisão lateral mesmo sentido;Com Vítimas Feridas;Pleno dia;Decrescente;Céu Claro;Dupla;"Reta;Declive";Sim  ;"1085742   ";Motocicleta;HONDA/XRE 300;"2013      ";Condutor;Lesões Leves;"23   ";Masculino;"0 ";"1    ";"0    ";"0    ";-15.6705460;-47.8160440;SPRF-DF;DEL02-DF;UOP01-DEL02-DF 
607124;"1355638   ";2024-06-13;quinta-feira;07:39:00;DF;"20   ";"5,9  ";BRASILIA;Não;Trafegar com motocicleta (ou similar) entre as faixas;1;Colisão lateral mesmo sentido;Com Vítimas Feridas;Pleno dia;Decrescente;Céu Claro;Dupla;"Reta;Declive";Sim  ;"1085739   ";Camioneta;FIAT/STRADA FREEDOM 13CD;"2023      ";Passageiro;Ileso;"45   ";Masculino;"1 ";"0    ";"0    ";"0    ";-15.6705460;-47.8160440;SPRF-DF;DEL02-DF;UOP01-DEL02-DF 
607124;"1355650   ";2024-06-13;quinta-feira;07:39:00;DF;"20   ";"5,9  ";BRASILIA;Não;Trafegar com motocicleta (ou similar) entre as faixas;1;Colisão lateral mesmo sentido;Com Vítimas Feridas;Pleno dia;Decrescente;Céu Claro;Dupla;"Reta;Declive";Sim  ;"1085739   ";Camioneta;FIAT/STRADA FREEDOM 13CD;"2023      ";Passageiro;Ileso;"17   ";Feminino;"1 ";"0    ";"0    ";"0    ";-15.6705460;-47.8160440;SPRF-DF;DEL02-DF;UOP01-DEL02-DF 
607124;"1355648   ";2024-06-13;quinta-feira;07:39:00;DF;"20   ";"5,9  ";BRASILIA;Não;Trafegar com motocicleta (ou similar) entre as faixas;1;Colisão lateral mesmo sentido;Com Vítimas Feridas;Pleno dia;Decrescente;Céu Claro;Dupla;"Reta;Declive";Sim  ;"1085739   ";Camioneta;FIAT/STRADA FREEDOM 13CD;"2023      ";Passageiro;Ileso;"11   ";Masculino;"1 ";"0    ";"0    ";"0    ";-15.6705460;-47.8160440;SPRF-DF;DEL02-DF;UOP01-DEL02-DF 
607124;"1355635   ";2024-06-13;quinta-feira;07:39:00;DF;"20   ";"5,9  ";BRASILIA;Não;Trafegar com motocicleta (ou similar) entre as faixas;1;Colisão lateral mesmo sentido;Com Vítimas Feridas;Pleno dia;Decrescente;Céu Claro;Dupla;"Reta;Declive";Sim  ;"1085739   ";Camioneta;FIAT/STRADA FREEDOM 13CD;"2023      ";Condutor;Ileso;"39   ";Feminino;"1 ";"0    ";"0    ";"0    ";-15.6705460;-47.8160440;SPRF-DF;DEL02-DF;UOP01-DEL02-DF 
607124;"1355656   ";2024-06-13;quinta-feira;07:39:00;DF;"20   ";"5,9  ";BRASILIA;Sim;Condutor deixou de manter distância do veículo da frente;1;Colisão lateral mesmo sentido;Com Vítimas Feridas;Pleno dia;Decrescente;Céu Claro;Dupla;"Reta;Declive";Sim  ;"1085742   ";Motocicleta;HONDA/XRE 300;"2013      ";Condutor;Lesões Leves;"23   ";Masculino;"0 ";"1    ";"0    ";"0    ";-15.6705460;-47.8160440;SPRF-DF;DEL02-DF;UOP01-DEL02-DF 
607124;"1355638   ";2024-06-13;quinta-feira;07:39:00;DF;"20   ";"5,9  ";BRASILIA;Sim;Condutor deixou de manter distância do veículo da frente;1;Colisão lateral mesmo sentido;Com Vítimas Feridas;Pleno dia;Decrescente;Céu Claro;Dupla;"Reta;Declive";Sim  ;"1085739   ";Camioneta;FIAT/STRADA FREEDOM 13CD;"2023      ";Passageiro;Ileso;"45   ";Masculino;"1 ";"0    ";"0    ";"0    ";-15.6705460;-47.8160440;SPRF-DF;DEL02-DF;UOP01-DEL02-DF 
607124;"1355650   ";2024-06-13;quinta-feira;07:39:00;DF;"20   ";"5,9  ";BRASILIA;Sim;Condutor deixou de manter distância do veículo da frente;1;Colisão lateral mesmo sentido;Com Vítimas Feridas;Pleno dia;Decrescente;Céu Claro;Dupla;"Reta;Declive";Sim  ;"1085739   ";Camioneta;FIAT/STRADA FREEDOM 13CD;"2023      ";Passageiro;Ileso;"17   ";Feminino;"1 ";"0    ";"0    ";"0    ";-15.6705460;-47.8160440;SPRF-DF;DEL02-DF;UOP01-DEL02-DF 
607124;"1355648   ";2024-06-13;quinta-feira;07:39:00;DF;"20   ";"5,9  ";BRASILIA;Sim;Condutor deixou de manter distância do veículo da frente;1;Colisão lateral mesmo sentido;Com Vítimas Feridas;Pleno dia;Decrescente;Céu Claro;Dupla;"Reta;Declive";Sim  ;"1085739   ";Camioneta;FIAT/STRADA FREEDOM 13CD;"2023      ";Passageiro;Ileso;"11   ";Masculino;"1 ";"0    ";"0    ";"0    ";-15.6705460;-47.8160440;SPRF-DF;DEL02-DF;UOP01-DEL02-DF 
607124;"1355635   ";2024-06-13;quinta-feira;07:39:00;DF;"20   ";"5,9  ";BRASILIA;Sim;Condutor deixou de manter distância do veículo da frente;1;Colisão lateral mesmo sentido;Com Vítimas Feridas;Pleno dia;Decrescente;Céu Claro;Dupla;"Reta;Declive";Sim  ;"1085739   ";Camioneta;FIAT/STRADA FREEDOM 13CD;"2023      ";Condutor;Ileso;"39   ";Feminino;"1 ";"0    ";"0    ";"0    ";-15.6705460;-47.8160440;SPRF-DF;DEL02-DF;UOP01-DEL02-DF 
607213;"1356022   ";2024-06-13;quinta-feira;16:40:00;GO;"40   ";"3,8  ";VALPARAISO DE GOIAS;Não;Velocidade Incompatível;2;Colisão com objeto;Com Vítimas Feridas;Pleno dia;Crescente;Céu Claro;Dupla;"Declive;Curva";Sim  ;"1086097   ";Caminhonete;FIAT/STRADA ADVENT FLEX;"2009      ";Condutor;Lesões Leves;"38   ";Masculino;"0 ";"1    ";"0    ";"0    ";-16.0760810;-47.9856710;SPRF-DF;DEL01-DF;UOP01-DEL01-DF 
607213;"1356022   ";2024-06-13;quinta-feira;16:40:00;GO;"40   ";"3,8  ";VALPARAISO DE GOIAS;Não;Ingestão de substâncias psicoativas pelo condutor;2;Colisão com objeto;Com Vítimas Feridas;Pleno dia;Crescente;Céu Claro;Dupla;"Declive;Curva";Sim  ;"1086097   ";Caminhonete;FIAT/STRADA ADVENT FLEX;"2009      ";Condutor;Lesões Leves;"38   ";Masculino;"0 ";"1    ";"0    ";"0    ";-16.0760810;-47.9856710;SPRF-DF;DEL01-DF;UOP01-DEL01-DF 
607213;"1356022   ";2024-06-13;quinta-feira;16:40:00;GO;"40   ";"3,8  ";VALPARAISO DE GOIAS;Sim;Ausência de reação do condutor;2;Colisão com objeto;Com Vítimas Feridas;Pleno dia;Crescente;Céu Claro;Dupla;"Declive;Curva";Sim  ;"1086097   ";Caminhonete;FIAT/STRADA ADVENT FLEX;"2009      ";Condutor;Lesões Leves;"38   ";Masculino;"0 ";"1    ";"0    ";"0    ";-16.0760810;-47.9856710;SPRF-DF;DEL01-DF;UOP01-DEL01-DF 
607213;"1356022   ";2024-06-13;quinta-feira;16:40:00;GO;"40   ";"3,8  ";VALPARAISO DE GOIAS;Não;Velocidade Incompatível;1;Saída de leito carroçável;Com Vítimas Feridas;Pleno dia;Crescente;Céu Claro;Dupla;"Declive;Curva";Sim  ;"1086097   ";Caminhonete;FIAT/STRADA ADVENT FLEX;"2009      ";Condutor;Lesões Leves;"38   ";Masculino;"0 ";"1    ";"0    ";"0    ";-16.0760810;-47.9856710;SPRF-DF;DEL01-DF;UOP01-DEL01-DF 
607213;"1356022   ";2024-06-13;quinta-feira;16:40:00;GO;"40   ";"3,8  ";VALPARAISO DE GOIAS;Não;Ingestão de substâncias psicoativas pelo condutor;1;Saída de leito carroçável;Com Vítimas Feridas;Pleno dia;Crescente;Céu Claro;Dupla;"Declive;Curva";Sim  ;"1086097   ";Caminhonete;FIAT/STRADA ADVENT FLEX;"2009      ";Condutor;Lesões Leves;"38   ";Masculino;"0 ";"1    ";"0    ";"0    ";-16.0760810;-47.9856710;SPRF-DF;DEL01-DF;UOP01-DEL01-DF 
607213;"1356022   ";2024-06-13;quinta-feira;16:40:00;GO;"40   ";"3,8  ";VALPARAISO DE GOIAS;Sim;Ausência de reação do condutor;1;Saída de leito carroçável;Com Vítimas Feridas;Pleno dia;Crescente;Céu Claro;Dupla;"Declive;Curva";Sim  ;"1086097   ";Caminhonete;FIAT/STRADA ADVENT FLEX;"2009      ";Condutor;Lesões Leves;"38   ";Masculino;"0 ";"1    ";"0    ";"0    ";-16.0760810;-47.9856710;SPRF-DF;DEL01-DF;UOP01-DEL01-DF 
607240;"1355883   ";2024-06-13;quinta-feira;19:00:00;DF;"70   ";"11   ";BRASILIA;Sim;Trafegar com motocicleta (ou similar) entre as faixas;1;Colisão lateral mesmo sentido;Com Vítimas Feridas;Plena Noite;Decrescente;Céu Claro;Dupla;Reta;Sim  ;"1085974   ";Motocicleta;HONDA/CG 150 FAN ESI;"2011      ";Condutor;Lesões Leves;"34   ";Feminino;"0 ";"1    ";"0    ";"0    ";-15.7897620;-48.1487270;SPRF-DF;DEL03-DF;UOP02-DEL03-DF 
607240;"1355881   ";2024-06-13;quinta-feira;19:00:00;DF;"70   ";"11   ";BRASILIA;Sim;Trafegar com motocicleta (ou similar) entre as faixas;1;Colisão lateral mesmo sentido;Com Vítimas Feridas;Plena Noite;Decrescente;Céu Claro;Dupla;Reta;Sim  ;"1085973   ";Camioneta;I/KIA SOUL EX 1.6 FF MT;"2011      ";Condutor;Ileso;"44   ";Feminino;"1 ";"0    ";"0    ";"0    ";-15.7897620;-48.1487270;SPRF-DF;DEL03-DF;UOP02-DEL03-DF 
607250;"1355886   ";2024-06-13;quinta-feira;18:00:00;DF;"20   ";"46,3 ";BRASILIA;Não;Condutor deixou de manter distância do veículo da frente;1;Colisão traseira;Com Vítimas Feridas;Anoitecer;Decrescente;Céu Claro;Dupla;"Retorno Regulamentado;Curva;Aclive";Não  ;"1085976   ";Caminhão;M.BENZ/L 1313;"1976      ";Condutor;Ileso;"56   ";Masculino;"1 ";"0    ";"0    ";"0    ";-15.5805840;-47.4584920;SPRF-DF;DEL02-DF;UOP01-DEL02-DF 
607250;"1355887   ";2024-06-13;quinta-feira;18:00:00;DF;"20   ";"46,3 ";BRASILIA;Não;Condutor deixou de manter distância do veículo da frente;1;Colisão traseira;Com Vítimas Feridas;Anoitecer;Decrescente;Céu Claro;Dupla;"Retorno Regulamentado;Curva;Aclive";Não  ;"1085976   ";Caminhão;M.BENZ/L 1313;"1976      ";Passageiro;Ileso;"32   ";Masculino;"1 ";"0    ";"0    ";"0    ";-15.5805840;-47.4584920;SPRF-DF;DEL02-DF;UOP01-DEL02-DF 
607250;"1355892   ";2024-06-13;quinta-feira;18:00:00;DF;"20   ";"46,3 ";BRASILIA;Não;Condutor deixou de manter distância do veículo da frente;1;Colisão traseira;Com Vítimas Feridas;Anoitecer;Decrescente;Céu Claro;Dupla;"Retorno Regulamentado;Curva;Aclive";Não  ;"1085978   ";Micro-ônibus;RENAULT/MASTER BUS16 DCI;"2011      ";Condutor;Lesões Leves;"41   ";Masculino;"0 ";"1    ";"0    ";"0    ";-15.5805840;-47.4584920;SPRF-DF;DEL02-DF;UOP01-DEL02-DF 