id;pesid;data_inversa;dia_semana;horario;uf;br;km;municipio;causa_principal;causa_acidente;ordem_tipo_acidente;tipo_acidente;classificacao_acidente;fase_dia;sentido_via;condicao_metereologica;tipo_pista;tracado_via;uso_solo;id_veiculo;tipo_veiculo;marca;ano_fabricacao_veiculo;tipo_envolvido;estado_fisico;idade;sexo;ilesos;feridos_leves;feridos_graves;mortos;latitude;longitude;regional;delegacia;uop
607250;"1355886   ";2024-06-13;quinta-feira;18:00:00;DF;"20   ";"46,3 ";BRASILIA;Sim;Manobra de mudança de faixa;1;Colisão traseira;Com Vítimas Feridas;Anoitecer;Decrescente;Céu Claro;Dupla;"Retorno Regulamentado;Curva;Aclive";Não  ;"1085976   ";Caminhão;M.BENZ/L 1313;"1976      ";Condutor;Ileso;"56   ";Masculino;"1 ";"0    ";"0    ";"0    ";-15.5805840;-47.4584920;SPRF-DF;DEL02-DF;UOP01-DEL02-DF 
607250;"1355887   ";2024-06-13;quinta-feira;18:00:00;DF;"20   ";"46,3 ";BRASILIA;Sim;Manobra de mudança de faixa;1;Colisão traseira;Com Vítimas Feridas;Anoitecer;Decrescente;Céu Claro;Dupla;"Retorno Regulamentado;Curva;Aclive";Não  ;"1085976   ";Caminhão;M.BENZ/L 1313;"1976      ";Passageiro;Ileso;"32   ";Masculino;"1 ";"0    ";"0    ";"0    ";-15.5805840;-47.4584920;SPRF-DF;DEL02-DF;UOP01-DEL02-DF 
607250;"1355892   ";2024-06-13;quinta-feira;18:00:00;DF;"20   ";"46,3 ";BRASILIA;Sim;Manobra de mudança de faixa;1;Colisão traseira;Com Vítimas Feridas;Anoitecer;Decrescente;Céu Claro;Dupla;"Retorno Regulamentado;Curva;Aclive";Não  ;"1085978   ";Micro-ônibus;RENAULT/MASTER BUS16 DCI;"2011      ";Condutor;Lesões Leves;"41   ";Masculino;"0 ";"1    ";"0    ";"0    ";-15.5805840;-47.4584920;SPRF-DF;DEL02-DF;UOP01-DEL02-DF 
607280;"1356060   ";2024-06-13;quinta-feira;20:00:00;DF;"70   ";"1    ";BRASILIA;Não;Reação tardia ou ineficiente do condutor;3;Colisão lateral sentido oposto;Com Vítimas Feridas;Plena Noite;Decrescente;Céu Claro;Dupla;Reta;Sim  ;"1086132   ";Automóvel;VW/GOLF;"2000      ";Condutor;Ileso;"47   ";Feminino;"1 ";"0    ";"0    ";"0    ";-15.7952640;-48.0638010;SPRF-DF;DEL03-DF;UOP02-DEL03-DF 
607280;"1356061   ";2024-06-13;quinta-feira;20:00:00;DF;"70   ";"1    ";BRASILIA;Não;Reação tardia ou ineficiente do condutor;3;Colisão lateral sentido oposto;Com Vítimas Feridas;Plena Noite;Decrescente;Céu Claro;Dupla;Reta;Sim  ;"1086132   ";Automóvel;VW/GOLF;"2000      ";Passageiro;Lesões Leves;"16   ";Feminino;"0 ";"1    ";"0    ";"0    ";-15.7952640;-48.0638010;SPRF-DF;DEL03-DF;UOP02-DEL03-DF 
607280;"1356062   ";2024-06-13;quinta-feira;20:00:00;DF;"70   ";"1    ";BRASILIA;Não;Reação tardia ou ineficiente do condutor;3;Colisão lateral sentido oposto;Com Vítimas Feridas;Plena Noite;Decrescente;Céu Claro;Dupla;Reta;Sim  ;"1086133   ";Camioneta;JEEP/COMPASS LONGITUDE F;"2019      ";Condutor;Ileso;"29   ";Masculino;"1 ";"0    ";"0    ";"0    ";-15.7952640;-48.0638010;SPRF-DF;DEL03-DF;UOP02-DEL03-DF 
607280;"1356063   ";2024-06-13;quinta-feira;20:00:00;DF;"70   ";"1    ";BRASILIA;Não;Reação tardia ou ineficiente do condutor;3;Colisão lateral sentido oposto;Com Vítimas Feridas;Plena Noite;Decrescente;Céu Claro;Dupla;Reta;Sim  ;"1086134   ";Automóvel;VW/GOL 1.0;"2012      ";Condutor;Ileso;"34   ";Masculino;"1 ";"0    ";"0    ";"0    ";-15.7952640;-48.0638010;SPRF-DF;DEL03-DF;UOP02-DEL03-DF 
607280;"1356060   ";2024-06-13;quinta-feira;20:00:00;DF;"70   ";"1    ";BRASILIA;Sim;Velocidade Incompatível;3;Colisão lateral sentido oposto;Com Vítimas Feridas;Plena Noite;Decrescente;Céu Claro;Dupla;Reta;Sim  ;"1086132   ";Automóvel;VW/GOLF;"2000      ";Condutor;Ileso;"47   ";Feminino;"1 ";"0    ";"0    ";"0    ";-15.7952640;-48.0638010;SPRF-DF;DEL03-DF;UOP02-DEL03-DF 
607280;"1356061   ";2024-06-13;quinta-feira;20:00:00;DF;"70   ";"1    ";BRASILIA;Sim;Velocidade Incompatível;3;Colisão lateral sentido oposto;Com Vítimas Feridas;Plena Noite;Decrescente;Céu Claro;Dupla;Reta;Sim  ;"1086132   ";Automóvel;VW/GOLF;"2000      ";Passageiro;Lesões Leves;"16   ";Feminino;"0 ";"1    ";"0    ";"0    ";-15.7952640;-48.0638010;SPRF-DF;DEL03-DF;UOP02-DEL03-DF 
607280;"1356062   ";2024-06-13;quinta-feira;20:00:00;DF;"70   ";"1    ";BRASILIA;Sim;Velocidade Incompatível;3;Colisão lateral sentido oposto;Com Vítimas Feridas;Plena Noite;Decrescente;Céu Claro;Dupla;Reta;Sim  ;"1086133   ";Camioneta;JEEP/COMPASS LONGITUDE F;"2019      ";Condutor;Ileso;"29   ";Masculino;"1 ";"0    ";"0    ";"0    ";-15.7952640;-48.0638010;SPRF-DF;DEL03-DF;UOP02-DEL03-DF 
607280;"1356063   ";2024-06-13;quinta-feira;20:00:00;DF;"70   ";"1    ";BRASILIA;Sim;Velocidade Incompatível;3;Colisão lateral sentido oposto;Com Vítimas Feridas;Plena Noite;Decrescente;Céu Claro;Dupla;Reta;Sim  ;"1086134   ";Automóvel;VW/GOL 1.0;"2012      ";Condutor;Ileso;"34   ";Masculino;"1 ";"0    ";"0    ";"0    ";-15.7952640;-48.0638010;SPRF-DF;DEL03-DF;UOP02-DEL03-DF 
607280;"1356060   ";2024-06-13;quinta-feira;20:00:00;DF;"70   ";"1    ";BRASILIA;Não;Reação tardia ou ineficiente do condutor;2;Colisão com objeto;Com Vítimas Feridas;Plena Noite;Decrescente;Céu Claro;Dupla;Reta;Sim  ;"1086132   ";Automóvel;VW/GOLF;"2000      ";Condutor;Ileso;"47   ";Feminino;"1 ";"0    ";"0    ";"0    ";-15.7952640;-48.0638010;SPRF-DF;DEL03-DF;UOP02-DEL03-DF 
607280;"1356061   ";2024-06-13;quinta-feira;20:00:00;DF;"70   ";"1    ";BRASILIA;Não;Reação tardia ou ineficiente do condutor;2;Colisão com objeto;Com Vítimas Feridas;Plena Noite;Decrescente;Céu Claro;Dupla;Reta;Sim  ;"1086132   ";Automóvel;VW/GOLF;"2000      ";Passageiro;Lesões Leves;"16   ";Feminino;"0 ";"1    ";"0    ";"0    ";-15.7952640;-48.0638010;SPRF-DF;DEL03-DF;UOP02-DEL03-DF 
607280;"1356062   ";2024-06-13;quinta-feira;20:00:00;DF;"70   ";"1    ";BRASILIA;Não;Reação tardia ou ineficiente do condutor;2;Colisão com objeto;Com Vítimas Feridas;Plena Noite;Decrescente;Céu Claro;Dupla;Reta;Sim  ;"1086133   ";Camioneta;JEEP/COMPASS LONGITUDE F;"2019      ";Condutor;Ileso;"29   ";Masculino;"1 ";"0    ";"0    ";"0    ";-15.7952640;-48.0638010;SPRF-DF;DEL03-DF;UOP02-DEL03-DF 
607280;"1356063   ";2024-06-13;quinta-feira;20:00:00;DF;"70   ";"1    ";BRASILIA;Não;Reação tardia ou ineficiente do condutor;2;Colisão com objeto;Com Vítimas Feridas;Plena Noite;Decrescente;Céu Claro;Dupla;Reta;Sim  ;"1086134   ";Automóvel;VW/GOL 1.0;"2012      ";Condutor;Ileso;"34   ";Masculino;"1 ";"0    ";"0    ";"0    ";-15.7952640;-48.0638010;SPRF-DF;DEL03-DF;UOP02-DEL03-DF 
607280;"1356060   ";2024-06-13;quinta-feira;20:00:00;DF;"70   ";"1    ";BRASILIA;Sim;Velocidade Incompatível;2;Colisão com objeto;Com Vítimas Feridas;Plena Noite;Decrescente;Céu Claro;Dupla;Reta;Sim  ;"1086132   ";Automóvel;VW/GOLF;"2000      ";Condutor;Ileso;"47   ";Feminino;"1 ";"0    ";"0    ";"0    ";-15.7952640;-48.0638010;SPRF-DF;DEL03-DF;UOP02-DEL03-DF 
607280;"1356061   ";2024-06-13;quinta-feira;20:00:00;DF;"70   ";"1    ";BRASILIA;Sim;Velocidade Incompatível;2;Colisão com objeto;Com Vítimas Feridas;Plena Noite;Decrescente;Céu Claro;Dupla;Reta;Sim  ;"1086132   ";Automóvel;VW/GOLF;"2000      ";Passageiro;Lesões Leves;"16   ";Feminino;"0 ";"1    ";"0    ";"0    ";-15.7952640;-48.0638010;SPRF-DF;DEL03-DF;UOP02-DEL03-DF 
607280;"1356062   ";2024-06-13;quinta-feira;20:00:00;DF;"70   ";"1    ";BRASILIA;Sim;Velocidade Incompatível;2;Colisão com objeto;Com Vítimas Feridas;Plena Noite;Decrescente;Céu Claro;Dupla;Reta;Sim  ;"1086133   ";Camioneta;JEEP/COMPASS LONGITUDE F;"2019      ";Condutor;Ileso;"29   ";Masculino;"1 ";"0    ";"0    ";"0    ";-15.7952640;-48.0638010;SPRF-DF;DEL03-DF;UOP02-DEL03-DF 
607280;"1356063   ";2024-06-13;quinta-feira;20:00:00;DF;"70   ";"1    ";BRASILIA;Sim;Velocidade Incompatível;2;Colisão com objeto;Com Vítimas Feridas;Plena Noite;Decrescente;Céu Claro;Dupla;Reta;Sim  ;"1086134   ";Automóvel;VW/GOL 1.0;"2012      ";Condutor;Ileso;"34   ";Masculino;"1 ";"0    ";"0    ";"0    ";-15.7952640;-48.0638010;SPRF-DF;DEL03-DF;UOP02-DEL03-DF 
607280;"1356060   ";2024-06-13;quinta-feira;20:00:00;DF;"70   ";"1    ";BRASILIA;Não;Reação tardia ou ineficiente do condutor;1;Colisão traseira;Com Vítimas Feridas;Plena Noite;Decrescente;Céu Claro;Dupla;Reta;Sim  ;"1086132   ";Automóvel;VW/GOLF;"2000      ";Condutor;Ileso;"47   ";Feminino;"1 ";"0    ";"0    ";"0    ";-15.7952640;-48.0638010;SPRF-DF;DEL03-DF;UOP02-DEL03-DF 
607280;"1356061   ";2024-06-13;quinta-feira;20:00:00;DF;"70   ";"1    ";BRASILIA;Não;Reação tardia ou ineficiente do condutor;1;Colisão traseira;Com Vítimas Feridas;Plena Noite;Decrescente;Céu Claro;Dupla;Reta;Sim  ;"1086132   ";Automóvel;VW/GOLF;"2000      ";Passageiro;Lesões Leves;"16   ";Feminino;"0 ";"1    ";"0    ";"0    ";-15.7952640;-48.0638010;SPRF-DF;DEL03-DF;UOP02-DEL03-DF 
607280;"1356062   ";2024-06-13;quinta-feira;20:00:00;DF;"70   ";"1    ";BRASILIA;Não;Reação tardia ou ineficiente do condutor;1;Colisão traseira;Com Vítimas Feridas;Plena Noite;Decrescente;Céu Claro;Dupla;Reta;Sim  ;"1086133   ";Camioneta;JEEP/COMPASS LONGITUDE F;"2019      ";Condutor;Ileso;"29   ";Masculino;"1 ";"0    ";"0    ";"0    ";-15.7952640;-48.0638010;SPRF-DF;DEL03-DF;UOP02-DEL03-DF 
607280;"1356063   ";2024-06-13;quinta-feira;20:00:00;DF;"70   ";"1    ";BRASILIA;Não;Reação tardia ou ineficiente do condutor;1;Colisão traseira;Com Vítimas Feridas;Plena Noite;Decrescente;Céu Claro;Dupla;Reta;Sim  ;"1086134   ";Automóvel;VW/GOL 1.0;"2012      ";Condutor;Ileso;"34   ";Masculino;"1 ";"0    ";"0    ";"0    ";-15.7952640;-48.0638010;SPRF-DF;DEL03-DF;UOP02-DEL03-DF 
607280;"1356060   ";2024-06-13;quinta-feira;20:00:00;DF;"70   ";"1    ";BRASILIA;Sim;Velocidade Incompatível;1;Colisão traseira;Com Vítimas Feridas;Plena Noite;Decrescente;Céu Claro;Dupla;Reta;Sim  ;"1086132   ";Automóvel;VW/GOLF;"2000      ";Condutor;Ileso;"47   ";Feminino;"1 ";"0    ";"0    ";"0    ";-15.7952640;-48.0638010;SPRF-DF;DEL03-DF;UOP02-DEL03-DF 
607280;"1356061   ";2024-06-13;quinta-feira;20:00:00;DF;"70   ";"1    ";BRASILIA;Sim;Velocidade Incompatível;1;Colisão traseira;Com Vítimas Feridas;Plena Noite;Decrescente;Céu Claro;Dupla;Reta;Sim  ;"1086132   ";Automóvel;VW/GOLF;"2000      ";Passageiro;Lesões Leves;"16   ";Feminino;"0 ";"1    ";"0    ";"0    ";-15.7952640;-48.0638010;SPRF-DF;DEL03-DF;UOP02-DEL03-DF 
607280;"1356062   ";2024-06-13;quinta-feira;20:00:00;DF;"70   ";"1    ";BRASILIA;Sim;Velocidade Incompatível;1;Colisão traseira;Com Vítimas Feridas;Plena Noite;Decrescente;Céu Claro;Dupla;Reta;Sim  ;"1086133   ";Camioneta;JEEP/COMPASS LONGITUDE F;"2019      ";Condutor;Ileso;"29   ";Masculino;"1 ";"0    ";"0    ";"0    ";-15.7952640;-48.0638010;SPRF-DF;DEL03-DF;UOP02-DEL03-DF 
607280;"1356063   ";2024-06-13;quinta-feira;20:00:00;DF;"70   ";"1    ";BRASILIA;Sim;Velocidade Incompatível;1;Colisão traseira;Com Vítimas Feridas;Plena Noite;Decrescente;Céu Claro;Dupla;Reta;Sim  ;"1086134   ";Automóvel;VW/GOL 1.0;"2012      ";Condutor;Ileso;"34   ";Masculino;"1 ";"0    ";"0    ";"0    ";-15.7952640;-48.0638010;SPRF-DF;DEL03-DF;UOP02-DEL03-DF 
607359;"1357813   ";2024-06-14;sexta-feira;07:30:00;GO;"70   ";"8    ";AGUAS LINDAS DE GOIAS;Sim;Acessar a via sem observar a presença dos outros veículos;2;Colisão com objeto;Com Vítimas Feridas;Pleno dia;Decrescente;Céu Claro;Múltipla;"Reta;Retorno Regulamentado";Não  ;"1087538   ";Automóvel;FIAT/PALIO FIRE ECONOMY;"2011      ";Condutor;Ileso;"45   ";Masculino;"1 ";"0    ";"0    ";"0    ";-15.7373368;-48.2740747;SPRF-DF;DEL03-DF;UOP02-DEL03-DF 
607359;"1357814   ";2024-06-14;sexta-feira;07:30:00;GO;"70   ";"8    ";AGUAS LINDAS DE GOIAS;Sim;Acessar a via sem observar a presença dos outros veículos;2;Colisão com objeto;Com Vítimas Feridas;Pleno dia;Decrescente;Céu Claro;Múltipla;"Reta;Retorno Regulamentado";Não  ;"1087539   ";Automóvel;GM/CELTA 3 PORTAS;"2004      ";Condutor;Ileso;"42   ";Masculino;"1 ";"0    ";"0    ";"0    ";-15.7373368;-48.2740747;SPRF-DF;DEL03-DF;UOP02-DEL03-DF 
607359;"1357815   ";2024-06-14;sexta-feira;07:30:00;GO;"70   ";"8    ";AGUAS LINDAS DE GOIAS;Sim;Acessar a via sem observar a presença dos outros veículos;2;Colisão com objeto;Com Vítimas Feridas;Pleno dia;Decrescente;Céu Claro;Múltipla;"Reta;Retorno Regulamentado";Não  ;"1087539   ";Automóvel;GM/CELTA 3 PORTAS;"2004      ";Passageiro;Lesões Leves;"48   ";Feminino;"0 ";"1    ";"0    ";"0    ";-15.7373368;-48.2740747;SPRF-DF;DEL03-DF;UOP02-DEL03-DF 
607359;"1357813   ";2024-06-14;sexta-feira;07:30:00;GO;"70   ";"8    ";AGUAS LINDAS DE GOIAS;Sim;Acessar a via sem observar a presença dos outros veículos;1;Colisão lateral mesmo sentido;Com Vítimas Feridas;Pleno dia;Decrescente;Céu Claro;Múltipla;"Reta;Retorno Regulamentado";Não  ;"1087538   ";Automóvel;FIAT/PALIO FIRE ECONOMY;"2011      ";Condutor;Ileso;"45   ";Masculino;"1 ";"0    ";"0    ";"0    ";-15.7373368;-48.2740747;SPRF-DF;DEL03-DF;UOP02-DEL03-DF 
607359;"1357814   ";2024-06-14;sexta-feira;07:30:00;GO;"70   ";"8    ";AGUAS LINDAS DE GOIAS;Sim;Acessar a via sem observar a presença dos outros veículos;1;Colisão lateral mesmo sentido;Com Vítimas Feridas;Pleno dia;Decrescente;Céu Claro;Múltipla;"Reta;Retorno Regulamentado";Não  ;"1087539   ";Automóvel;GM/CELTA 3 PORTAS;"2004      ";Condutor;Ileso;"42   ";Masculino;"1 ";"0    ";"0    ";"0    ";-15.7373368;-48.2740747;SPRF-DF;DEL03-DF;UOP02-DEL03-DF 
607359;"1357815   ";2024-06-14;sexta-feira;07:30:00;GO;"70   ";"8    ";AGUAS LINDAS DE GOIAS;Sim;Acessar a via sem observar a presença dos outros veículos;1;Colisão lateral mesmo sentido;Com Vítimas Feridas;Pleno dia;Decrescente;Céu Claro;Múltipla;"Reta;Retorno Regulamentado";Não  ;"1087539   ";Automóvel;GM/CELTA 3 PORTAS;"2004      ";Passageiro;Lesões Leves;"48   ";Feminino;"0 ";"1    ";"0    ";"0    ";-15.7373368;-48.2740747;SPRF-DF;DEL03-DF;UOP02-DEL03-DF 
607381;"1357820   ";2024-06-14;sexta-feira;09:00:00;DF;"70   ";"19,7 ";BRASILIA;Sim;Reação tardia ou ineficiente do condutor;3;Colisão com objeto;Com Vítimas Feridas;Pleno dia;Decrescente;Céu Claro;Dupla;"Reta;Aclive";Não  ;"1087541   ";Automóvel;GM/PRISMA JOY;"2006      ";Condutor;Ileso;"18   ";Masculino;"1 ";"0    ";"0    ";"0    ";-15.7888680;-48.2202420;SPRF-DF;DEL03-DF;UOP02-DEL03-DF 
607381;"1357817   ";2024-06-14;sexta-feira;09:00:00;DF;"70   ";"19,7 ";BRASILIA;Sim;Reação tardia ou ineficiente do condutor;3;Colisão com objeto;Com Vítimas Feridas;Pleno dia;Decrescente;Céu Claro;Dupla;"Reta;Aclive";Não  ;"1087540   ";Automóvel;RENAULT/LOGAN EXPR 10;"2018      ";Passageiro;Ileso;"22   ";Feminino;"1 ";"0    ";"0    ";"0    ";-15.7888680;-48.2202420;SPRF-DF;DEL03-DF;UOP02-DEL03-DF 
607381;"1357816   ";2024-06-14;sexta-feira;09:00:00;DF;"70   ";"19,7 ";BRASILIA;Sim;Reação tardia ou ineficiente do condutor;3;Colisão com objeto;Com Vítimas Feridas;Pleno dia;Decrescente;Céu Claro;Dupla;"Reta;Aclive";Não  ;"1087540   ";Automóvel;RENAULT/LOGAN EXPR 10;"2018      ";Condutor;Lesões Leves;"28   ";Masculino;"0 ";"1    ";"0    ";"0    ";-15.7888680;-48.2202420;SPRF-DF;DEL03-DF;UOP02-DEL03-DF 
607381;"1357820   ";2024-06-14;sexta-feira;09:00:00;DF;"70   ";"19,7 ";BRASILIA;Não;Falta de elemento de contenção que evite a saída do leito carroçável;3;Colisão com objeto;Com Vítimas Feridas;Pleno dia;Decrescente;Céu Claro;Dupla;"Reta;Aclive";Não  ;"1087541   ";Automóvel;GM/PRISMA JOY;"2006      ";Condutor;Ileso;"18   ";Masculino;"1 ";"0    ";"0    ";"0    ";-15.7888680;-48.2202420;SPRF-DF;DEL03-DF;UOP02-DEL03-DF 
607381;"1357817   ";2024-06-14;sexta-feira;09:00:00;DF;"70   ";"19,7 ";BRASILIA;Não;Falta de elemento de contenção que evite a saída do leito carroçável;3;Colisão com objeto;Com Vítimas Feridas;Pleno dia;Decrescente;Céu Claro;Dupla;"Reta;Aclive";Não  ;"1087540   ";Automóvel;RENAULT/LOGAN EXPR 10;"2018      ";Passageiro;Ileso;"22   ";Feminino;"1 ";"0    ";"0    ";"0    ";-15.7888680;-48.2202420;SPRF-DF;DEL03-DF;UOP02-DEL03-DF 
607381;"1357816   ";2024-06-14;sexta-feira;09:00:00;DF;"70   ";"19,7 ";BRASILIA;Não;Falta de elemento de contenção que evite a saída do leito carroçável;3;Colisão com objeto;Com Vítimas Feridas;Pleno dia;Decrescente;Céu Claro;Dupla;"Reta;Aclive";Não  ;"1087540   ";Automóvel;RENAULT/LOGAN EXPR 10;"2018      ";Condutor;Lesões Leves;"28   ";Masculino;"0 ";"1    ";"0    ";"0    ";-15.7888680;-48.2202420;SPRF-DF;DEL03-DF;UOP02-DEL03-DF 
607381;"1357820   ";2024-06-14;sexta-feira;09:00:00;DF;"70   ";"19,7 ";BRASILIA;Sim;Reação tardia ou ineficiente do condutor;2;Capotamento;Com Vítimas Feridas;Pleno dia;Decrescente;Céu Claro;Dupla;"Reta;Aclive";Não  ;"1087541   ";Automóvel;GM/PRISMA JOY;"2006      ";Condutor;Ileso;"18   ";Masculino;"1 ";"0    ";"0    ";"0    ";-15.7888680;-48.2202420;SPRF-DF;DEL03-DF;UOP02-DEL03-DF 
607381;"1357817   ";2024-06-14;sexta-feira;09:00:00;DF;"70   ";"19,7 ";BRASILIA;Sim;Reação tardia ou ineficiente do condutor;2;Capotamento;Com Vítimas Feridas;Pleno dia;Decrescente;Céu Claro;Dupla;"Reta;Aclive";Não  ;"1087540   ";Automóvel;RENAULT/LOGAN EXPR 10;"2018      ";Passageiro;Ileso;"22   ";Feminino;"1 ";"0    ";"0    ";"0    ";-15.7888680;-48.2202420;SPRF-DF;DEL03-DF;UOP02-DEL03-DF 
607381;"1357816   ";2024-06-14;sexta-feira;09:00:00;DF;"70   ";"19,7 ";BRASILIA;Sim;Reação tardia ou ineficiente do condutor;2;Capotamento;Com Vítimas Feridas;Pleno dia;Decrescente;Céu Claro;Dupla;"Reta;Aclive";Não  ;"1087540   ";Automóvel;RENAULT/LOGAN EXPR 10;"2018      ";Condutor;Lesões Leves;"28   ";Masculino;"0 ";"1    ";"0    ";"0    ";-15.7888680;-48.2202420;SPRF-DF;DEL03-DF;UOP02-DEL03-DF 
607381;"1357820   ";2024-06-14;sexta-feira;09:00:00;DF;"70   ";"19,7 ";BRASILIA;Não;Falta de elemento de contenção que evite a saída do leito carroçável;2;Capotamento;Com Vítimas Feridas;Pleno dia;Decrescente;Céu Claro;Dupla;"Reta;Aclive";Não  ;"1087541   ";Automóvel;GM/PRISMA JOY;"2006      ";Condutor;Ileso;"18   ";Masculino;"1 ";"0    ";"0    ";"0    ";-15.7888680;-48.2202420;SPRF-DF;DEL03-DF;UOP02-DEL03-DF 
607381;"1357817   ";2024-06-14;sexta-feira;09:00:00;DF;"70   ";"19,7 ";BRASILIA;Não;Falta de elemento de contenção que evite a saída do leito carroçável;2;Capotamento;Com Vítimas Feridas;Pleno dia;Decrescente;Céu Claro;Dupla;"Reta;Aclive";Não  ;"1087540   ";Automóvel;RENAULT/LOGAN EXPR 10;"2018      ";Passageiro;Ileso;"22   ";Feminino;"1 ";"0    ";"0    ";"0    ";-15.7888680;-48.2202420;SPRF-DF;DEL03-DF;UOP02-DEL03-DF 
607381;"1357816   ";2024-06-14;sexta-feira;09:00:00;DF;"70   ";"19,7 ";BRASILIA;Não;Falta de elemento de contenção que evite a saída do leito carroçável;2;Capotamento;Com Vítimas Feridas;Pleno dia;Decrescente;Céu Claro;Dupla;"Reta;Aclive";Não  ;"1087540   ";Automóvel;RENAULT/LOGAN EXPR 10;"2018      ";Condutor;Lesões Leves;"28   ";Masculino;"0 ";"1    ";"0    ";"0    ";-15.7888680;-48.2202420;SPRF-DF;DEL03-DF;UOP02-DEL03-DF 
607381;"1357820   ";2024-06-14;sexta-feira;09:00:00;DF;"70   ";"19,7 ";BRASILIA;Sim;Reação tardia ou ineficiente do condutor;1;Colisão lateral mesmo sentido;Com Vítimas Feridas;Pleno dia;Decrescente;Céu Claro;Dupla;"Reta;Aclive";Não  ;"1087541   ";Automóvel;GM/PRISMA JOY;"2006      ";Condutor;Ileso;"18   ";Masculino;"1 ";"0    ";"0    ";"0    ";-15.7888680;-48.2202420;SPRF-DF;DEL03-DF;UOP02-DEL03-DF 
607381;"1357817   ";2024-06-14;sexta-feira;09:00:00;DF;"70   ";"19,7 ";BRASILIA;Sim;Reação tardia ou ineficiente do condutor;1;Colisão lateral mesmo sentido;Com Vítimas Feridas;Pleno dia;Decrescente;Céu Claro;Dupla;"Reta;Aclive";Não  ;"1087540   ";Automóvel;RENAULT/LOGAN EXPR 10;"2018      ";Passageiro;Ileso;"22   ";Feminino;"1 ";"0    ";"0    ";"0    ";-15.7888680;-48.2202420;SPRF-DF;DEL03-DF;UOP02-DEL03-DF 
607381;"1357816   ";2024-06-14;sexta-feira;09:00:00;DF;"70   ";"19,7 ";BRASILIA;Sim;Reação tardia ou ineficiente do condutor;1;Colisão lateral mesmo sentido;Com Vítimas Feridas;Pleno dia;Decrescente;Céu Claro;Dupla;"Reta;Aclive";Não  ;"1087540   ";Automóvel;RENAULT/LOGAN EXPR 10;"2018      ";Condutor;Lesões Leves;"28   ";Masculino;"0 ";"1    ";"0    ";"0    ";-15.7888680;-48.2202420;SPRF-DF;DEL03-DF;UOP02-DEL03-DF 
607381;"1357820   ";2024-06-14;sexta-feira;09:00:00;DF;"70   ";"19,7 ";BRASILIA;Não;Falta de elemento de contenção que evite a saída do leito carroçável;1;Colisão lateral mesmo sentido;Com Vítimas Feridas;Pleno dia;Decrescente;Céu Claro;Dupla;"Reta;Aclive";Não  ;"1087541   ";Automóvel;GM/PRISMA JOY;"2006      ";Condutor;Ileso;"18   ";Masculino;"1 ";"0    ";"0    ";"0    ";-15.7888680;-48.2202420;SPRF-DF;DEL03-DF;UOP02-DEL03-DF 
607381;"1357817   ";2024-06-14;sexta-feira;09:00:00;DF;"70   ";"19,7 ";BRASILIA;Não;Falta de elemento de contenção que evite a saída do leito carroçável;1;Colisão lateral mesmo sentido;Com Vítimas Feridas;Pleno dia;Decrescente;Céu Claro;Dupla;"Reta;Aclive";Não  ;"1087540   ";Automóvel;RENAULT/LOGAN EXPR 10;"2018      ";Passageiro;Ileso;"22   ";Feminino;"1 ";"0    ";"0    ";"0    ";-15.7888680;-48.2202420;SPRF-DF;DEL03-DF;UOP02-DEL03-DF 
607381;"1357816   ";2024-06-14;sexta-feira;09:00:00;DF;"70   ";"19,7 ";BRASILIA;Não;Falta de elemento de contenção que evite a saída do leito carroçável;1;Colisão lateral mesmo sentido;Com Vítimas Feridas;Pleno dia;Decrescente;Céu Claro;Dupla;"Reta;Aclive";Não  ;"1087540   ";Automóvel;RENAULT/LOGAN EXPR 10;"2018      ";Condutor;Lesões Leves;"28   ";Masculino;"0 ";"1    ";"0    ";"0    ";-15.7888680;-48.2202420;SPRF-DF;DEL03-DF;UOP02-DEL03-DF 
607441;"1356274   ";2024-06-07;sexta-feira;16:39:00;GO;"40   ";"4    ";VALPARAISO DE GOIAS;Sim;Reação tardia ou ineficiente do condutor;1;Engavetamento;Sem Vítimas;Pleno dia;Decrescente;Céu Claro;Dupla;Reta;Sim  ;"1086315   ";Automóvel;TOYOTA/COROLLA XEI20FLEX;"2016      ";Condutor;Ileso;"59   ";Masculino;"1 ";"0    ";"0    ";"0    ";-16.0852410;-47.9867520;SPRF-DF;DEL01-DF;UOP01-DEL01-DF 
607441;"1356275   ";2024-06-07;sexta-feira;16:39:00;GO;"40   ";"4    ";VALPARAISO DE GOIAS;Sim;Reação tardia ou ineficiente do condutor;1;Engavetamento;Sem Vítimas;Pleno dia;Decrescente;Céu Claro;Dupla;Reta;Sim  ;"1086316   ";Automóvel;M.BENZ/A 160;"2002      ";Condutor;Ileso;"19   ";Masculino;"1 ";"0    ";"0    ";"0    ";-16.0852410;-47.9867520;SPRF-DF;DEL01-DF;UOP01-DEL01-DF 
607441;"1356276   ";2024-06-07;sexta-feira;16:39:00;GO;"40   ";"4    ";VALPARAISO DE GOIAS;Sim;Reação tardia ou ineficiente do condutor;1;Engavetamento;Sem Vítimas;Pleno dia;Decrescente;Céu Claro;Dupla;Reta;Sim  ;"1086317   ";Automóvel;VW/QUANTUM GLS 2000;"1991      ";Condutor;Ileso;"47   ";Masculino;"1 ";"0    ";"0    ";"0    ";-16.0852410;-47.9867520;SPRF-DF;DEL01-DF;UOP01-DEL01-DF 