id;pesid;data_inversa;dia_semana;horario;uf;br;km;municipio;causa_principal;causa_acidente;ordem_tipo_acidente;tipo_acidente;classificacao_acidente;fase_dia;sentido_via;condicao_metereologica;tipo_pista;tracado_via;uso_solo;id_veiculo;tipo_veiculo;marca;ano_fabricacao_veiculo;tipo_envolvido;estado_fisico;idade;sexo;ilesos;feridos_leves;feridos_graves;mortos;latitude;longitude;regional;delegacia;uop
607696;"1357206   ";2024-06-15;sábado;15:33:00;GO;"40   ";"29   ";LUZIANIA;Sim;Ingestão de álcool pelo condutor;2;Capotamento;Sem Vítimas;Pleno dia;Crescente;Céu Claro;Dupla;Reta;Não  ;"1087073   ";Automóvel;FIAT/PALIO FIRE ECONOMY;"2011      ";Condutor;Não Informado;"0    ";Não Informado;"0 ";"0    ";"0    ";"0    ";-16.2737180;-47.8714560;SPRF-DF;DEL01-DF;UOP01-DEL01-DF 
607696;"1357206   ";2024-06-15;sábado;15:33:00;GO;"40   ";"29   ";LUZIANIA;Sim;Ingestão de álcool pelo condutor;1;Saída de leito carroçável;Sem Vítimas;Pleno dia;Crescente;Céu Claro;Dupla;Reta;Não  ;"1087073   ";Automóvel;FIAT/PALIO FIRE ECONOMY;"2011      ";Condutor;Não Informado;"0    ";Não Informado;"0 ";"0    ";"0    ";"0    ";-16.2737180;-47.8714560;SPRF-DF;DEL01-DF;UOP01-DEL01-DF 
607765;"1357098   ";2024-06-15;sábado;23:00:00;DF;"20   ";"37   ";BRASILIA;Sim;Reação tardia ou ineficiente do condutor;2;Colisão com objeto;Com Vítimas Feridas;Plena Noite;Crescente;Céu Claro;Dupla;"Reta;Desvio Temporário";Não  ;"1086985   ";Automóvel;VW/UP TAKE MA;"2015      ";Passageiro;Ileso;"23   ";Feminino;"1 ";"0    ";"0    ";"0    ";-15.5820480;-47.5405850;SPRF-DF;DEL02-DF;UOP01-DEL02-DF 
607765;"1357097   ";2024-06-15;sábado;23:00:00;DF;"20   ";"37   ";BRASILIA;Sim;Reação tardia ou ineficiente do condutor;2;Colisão com objeto;Com Vítimas Feridas;Plena Noite;Crescente;Céu Claro;Dupla;"Reta;Desvio Temporário";Não  ;"1086985   ";Automóvel;VW/UP TAKE MA;"2015      ";Condutor;Ileso;"22   ";Masculino;"1 ";"0    ";"0    ";"0    ";-15.5820480;-47.5405850;SPRF-DF;DEL02-DF;UOP01-DEL02-DF 
607765;"1357172   ";2024-06-15;sábado;23:00:00;DF;"20   ";"37   ";BRASILIA;Sim;Reação tardia ou ineficiente do condutor;2;Colisão com objeto;Com Vítimas Feridas;Plena Noite;Crescente;Céu Claro;Dupla;"Reta;Desvio Temporário";Não  ;"1086988   ";Utilitário;CHEV/TRAILBLAZER LTZ AG4;"2013      ";Condutor;Não Informado;"0    ";Não Informado;"0 ";"0    ";"0    ";"0    ";-15.5820480;-47.5405850;SPRF-DF;DEL02-DF;UOP01-DEL02-DF 
607765;"1357096   ";2024-06-15;sábado;23:00:00;DF;"20   ";"37   ";BRASILIA;Sim;Reação tardia ou ineficiente do condutor;2;Colisão com objeto;Com Vítimas Feridas;Plena Noite;Crescente;Céu Claro;Dupla;"Reta;Desvio Temporário";Não  ;"1086983   ";Caminhonete;I/FORD RANGER LTDCD4A32C;"2021      ";Condutor;Lesões Leves;"22   ";Masculino;"0 ";"1    ";"0    ";"0    ";-15.5820480;-47.5405850;SPRF-DF;DEL02-DF;UOP01-DEL02-DF 
607765;"1357098   ";2024-06-15;sábado;23:00:00;DF;"20   ";"37   ";BRASILIA;Não;Ingestão de álcool pelo condutor;2;Colisão com objeto;Com Vítimas Feridas;Plena Noite;Crescente;Céu Claro;Dupla;"Reta;Desvio Temporário";Não  ;"1086985   ";Automóvel;VW/UP TAKE MA;"2015      ";Passageiro;Ileso;"23   ";Feminino;"1 ";"0    ";"0    ";"0    ";-15.5820480;-47.5405850;SPRF-DF;DEL02-DF;UOP01-DEL02-DF 
607765;"1357097   ";2024-06-15;sábado;23:00:00;DF;"20   ";"37   ";BRASILIA;Não;Ingestão de álcool pelo condutor;2;Colisão com objeto;Com Vítimas Feridas;Plena Noite;Crescente;Céu Claro;Dupla;"Reta;Desvio Temporário";Não  ;"1086985   ";Automóvel;VW/UP TAKE MA;"2015      ";Condutor;Ileso;"22   ";Masculino;"1 ";"0    ";"0    ";"0    ";-15.5820480;-47.5405850;SPRF-DF;DEL02-DF;UOP01-DEL02-DF 
607765;"1357172   ";2024-06-15;sábado;23:00:00;DF;"20   ";"37   ";BRASILIA;Não;Ingestão de álcool pelo condutor;2;Colisão com objeto;Com Vítimas Feridas;Plena Noite;Crescente;Céu Claro;Dupla;"Reta;Desvio Temporário";Não  ;"1086988   ";Utilitário;CHEV/TRAILBLAZER LTZ AG4;"2013      ";Condutor;Não Informado;"0    ";Não Informado;"0 ";"0    ";"0    ";"0    ";-15.5820480;-47.5405850;SPRF-DF;DEL02-DF;UOP01-DEL02-DF 
607765;"1357096   ";2024-06-15;sábado;23:00:00;DF;"20   ";"37   ";BRASILIA;Não;Ingestão de álcool pelo condutor;2;Colisão com objeto;Com Vítimas Feridas;Plena Noite;Crescente;Céu Claro;Dupla;"Reta;Desvio Temporário";Não  ;"1086983   ";Caminhonete;I/FORD RANGER LTDCD4A32C;"2021      ";Condutor;Lesões Leves;"22   ";Masculino;"0 ";"1    ";"0    ";"0    ";-15.5820480;-47.5405850;SPRF-DF;DEL02-DF;UOP01-DEL02-DF 
607765;"1357098   ";2024-06-15;sábado;23:00:00;DF;"20   ";"37   ";BRASILIA;Não;Transtornos Mentais (exceto suicidio);2;Colisão com objeto;Com Vítimas Feridas;Plena Noite;Crescente;Céu Claro;Dupla;"Reta;Desvio Temporário";Não  ;"1086985   ";Automóvel;VW/UP TAKE MA;"2015      ";Passageiro;Ileso;"23   ";Feminino;"1 ";"0    ";"0    ";"0    ";-15.5820480;-47.5405850;SPRF-DF;DEL02-DF;UOP01-DEL02-DF 
607765;"1357097   ";2024-06-15;sábado;23:00:00;DF;"20   ";"37   ";BRASILIA;Não;Transtornos Mentais (exceto suicidio);2;Colisão com objeto;Com Vítimas Feridas;Plena Noite;Crescente;Céu Claro;Dupla;"Reta;Desvio Temporário";Não  ;"1086985   ";Automóvel;VW/UP TAKE MA;"2015      ";Condutor;Ileso;"22   ";Masculino;"1 ";"0    ";"0    ";"0    ";-15.5820480;-47.5405850;SPRF-DF;DEL02-DF;UOP01-DEL02-DF 
607765;"1357172   ";2024-06-15;sábado;23:00:00;DF;"20   ";"37   ";BRASILIA;Não;Transtornos Mentais (exceto suicidio);2;Colisão com objeto;Com Vítimas Feridas;Plena Noite;Crescente;Céu Claro;Dupla;"Reta;Desvio Temporário";Não  ;"1086988   ";Utilitário;CHEV/TRAILBLAZER LTZ AG4;"2013      ";Condutor;Não Informado;"0    ";Não Informado;"0 ";"0    ";"0    ";"0    ";-15.5820480;-47.5405850;SPRF-DF;DEL02-DF;UOP01-DEL02-DF 
607765;"1357096   ";2024-06-15;sábado;23:00:00;DF;"20   ";"37   ";BRASILIA;Não;Transtornos Mentais (exceto suicidio);2;Colisão com objeto;Com Vítimas Feridas;Plena Noite;Crescente;Céu Claro;Dupla;"Reta;Desvio Temporário";Não  ;"1086983   ";Caminhonete;I/FORD RANGER LTDCD4A32C;"2021      ";Condutor;Lesões Leves;"22   ";Masculino;"0 ";"1    ";"0    ";"0    ";-15.5820480;-47.5405850;SPRF-DF;DEL02-DF;UOP01-DEL02-DF 
607765;"1357098   ";2024-06-15;sábado;23:00:00;DF;"20   ";"37   ";BRASILIA;Não;Velocidade Incompatível;2;Colisão com objeto;Com Vítimas Feridas;Plena Noite;Crescente;Céu Claro;Dupla;"Reta;Desvio Temporário";Não  ;"1086985   ";Automóvel;VW/UP TAKE MA;"2015      ";Passageiro;Ileso;"23   ";Feminino;"1 ";"0    ";"0    ";"0    ";-15.5820480;-47.5405850;SPRF-DF;DEL02-DF;UOP01-DEL02-DF 
607765;"1357097   ";2024-06-15;sábado;23:00:00;DF;"20   ";"37   ";BRASILIA;Não;Velocidade Incompatível;2;Colisão com objeto;Com Vítimas Feridas;Plena Noite;Crescente;Céu Claro;Dupla;"Reta;Desvio Temporário";Não  ;"1086985   ";Automóvel;VW/UP TAKE MA;"2015      ";Condutor;Ileso;"22   ";Masculino;"1 ";"0    ";"0    ";"0    ";-15.5820480;-47.5405850;SPRF-DF;DEL02-DF;UOP01-DEL02-DF 
607765;"1357172   ";2024-06-15;sábado;23:00:00;DF;"20   ";"37   ";BRASILIA;Não;Velocidade Incompatível;2;Colisão com objeto;Com Vítimas Feridas;Plena Noite;Crescente;Céu Claro;Dupla;"Reta;Desvio Temporário";Não  ;"1086988   ";Utilitário;CHEV/TRAILBLAZER LTZ AG4;"2013      ";Condutor;Não Informado;"0    ";Não Informado;"0 ";"0    ";"0    ";"0    ";-15.5820480;-47.5405850;SPRF-DF;DEL02-DF;UOP01-DEL02-DF 
607765;"1357096   ";2024-06-15;sábado;23:00:00;DF;"20   ";"37   ";BRASILIA;Não;Velocidade Incompatível;2;Colisão com objeto;Com Vítimas Feridas;Plena Noite;Crescente;Céu Claro;Dupla;"Reta;Desvio Temporário";Não  ;"1086983   ";Caminhonete;I/FORD RANGER LTDCD4A32C;"2021      ";Condutor;Lesões Leves;"22   ";Masculino;"0 ";"1    ";"0    ";"0    ";-15.5820480;-47.5405850;SPRF-DF;DEL02-DF;UOP01-DEL02-DF 
607765;"1357098   ";2024-06-15;sábado;23:00:00;DF;"20   ";"37   ";BRASILIA;Sim;Reação tardia ou ineficiente do condutor;1;Colisão traseira;Com Vítimas Feridas;Plena Noite;Crescente;Céu Claro;Dupla;"Reta;Desvio Temporário";Não  ;"1086985   ";Automóvel;VW/UP TAKE MA;"2015      ";Passageiro;Ileso;"23   ";Feminino;"1 ";"0    ";"0    ";"0    ";-15.5820480;-47.5405850;SPRF-DF;DEL02-DF;UOP01-DEL02-DF 
607765;"1357097   ";2024-06-15;sábado;23:00:00;DF;"20   ";"37   ";BRASILIA;Sim;Reação tardia ou ineficiente do condutor;1;Colisão traseira;Com Vítimas Feridas;Plena Noite;Crescente;Céu Claro;Dupla;"Reta;Desvio Temporário";Não  ;"1086985   ";Automóvel;VW/UP TAKE MA;"2015      ";Condutor;Ileso;"22   ";Masculino;"1 ";"0    ";"0    ";"0    ";-15.5820480;-47.5405850;SPRF-DF;DEL02-DF;UOP01-DEL02-DF 
607765;"1357172   ";2024-06-15;sábado;23:00:00;DF;"20   ";"37   ";BRASILIA;Sim;Reação tardia ou ineficiente do condutor;1;Colisão traseira;Com Vítimas Feridas;Plena Noite;Crescente;Céu Claro;Dupla;"Reta;Desvio Temporário";Não  ;"1086988   ";Utilitário;CHEV/TRAILBLAZER LTZ AG4;"2013      ";Condutor;Não Informado;"0    ";Não Informado;"0 ";"0    ";"0    ";"0    ";-15.5820480;-47.5405850;SPRF-DF;DEL02-DF;UOP01-DEL02-DF 
607765;"1357096   ";2024-06-15;sábado;23:00:00;DF;"20   ";"37   ";BRASILIA;Sim;Reação tardia ou ineficiente do condutor;1;Colisão traseira;Com Vítimas Feridas;Plena Noite;Crescente;Céu Claro;Dupla;"Reta;Desvio Temporário";Não  ;"1086983   ";Caminhonete;I/FORD RANGER LTDCD4A32C;"2021      ";Condutor;Lesões Leves;"22   ";Masculino;"0 ";"1    ";"0    ";"0    ";-15.5820480;-47.5405850;SPRF-DF;DEL02-DF;UOP01-DEL02-DF 
607765;"1357098   ";2024-06-15;sábado;23:00:00;DF;"20   ";"37   ";BRASILIA;Não;Ingestão de álcool pelo condutor;1;Colisão traseira;Com Vítimas Feridas;Plena Noite;Crescente;Céu Claro;Dupla;"Reta;Desvio Temporário";Não  ;"1086985   ";Automóvel;VW/UP TAKE MA;"2015      ";Passageiro;Ileso;"23   ";Feminino;"1 ";"0    ";"0    ";"0    ";-15.5820480;-47.5405850;SPRF-DF;DEL02-DF;UOP01-DEL02-DF 
607765;"1357097   ";2024-06-15;sábado;23:00:00;DF;"20   ";"37   ";BRASILIA;Não;Ingestão de álcool pelo condutor;1;Colisão traseira;Com Vítimas Feridas;Plena Noite;Crescente;Céu Claro;Dupla;"Reta;Desvio Temporário";Não  ;"1086985   ";Automóvel;VW/UP TAKE MA;"2015      ";Condutor;Ileso;"22   ";Masculino;"1 ";"0    ";"0    ";"0    ";-15.5820480;-47.5405850;SPRF-DF;DEL02-DF;UOP01-DEL02-DF 
607765;"1357172   ";2024-06-15;sábado;23:00:00;DF;"20   ";"37   ";BRASILIA;Não;Ingestão de álcool pelo condutor;1;Colisão traseira;Com Vítimas Feridas;Plena Noite;Crescente;Céu Claro;Dupla;"Reta;Desvio Temporário";Não  ;"1086988   ";Utilitário;CHEV/TRAILBLAZER LTZ AG4;"2013      ";Condutor;Não Informado;"0    ";Não Informado;"0 ";"0    ";"0    ";"0    ";-15.5820480;-47.5405850;SPRF-DF;DEL02-DF;UOP01-DEL02-DF 
607765;"1357096   ";2024-06-15;sábado;23:00:00;DF;"20   ";"37   ";BRASILIA;Não;Ingestão de álcool pelo condutor;1;Colisão traseira;Com Vítimas Feridas;Plena Noite;Crescente;Céu Claro;Dupla;"Reta;Desvio Temporário";Não  ;"1086983   ";Caminhonete;I/FORD RANGER LTDCD4A32C;"2021      ";Condutor;Lesões Leves;"22   ";Masculino;"0 ";"1    ";"0    ";"0    ";-15.5820480;-47.5405850;SPRF-DF;DEL02-DF;UOP01-DEL02-DF 
607765;"1357098   ";2024-06-15;sábado;23:00:00;DF;"20   ";"37   ";BRASILIA;Não;Transtornos Mentais (exceto suicidio);1;Colisão traseira;Com Vítimas Feridas;Plena Noite;Crescente;Céu Claro;Dupla;"Reta;Desvio Temporário";Não  ;"1086985   ";Automóvel;VW/UP TAKE MA;"2015      ";Passageiro;Ileso;"23   ";Feminino;"1 ";"0    ";"0    ";"0    ";-15.5820480;-47.5405850;SPRF-DF;DEL02-DF;UOP01-DEL02-DF 
607765;"1357097   ";2024-06-15;sábado;23:00:00;DF;"20   ";"37   ";BRASILIA;Não;Transtornos Mentais (exceto suicidio);1;Colisão traseira;Com Vítimas Feridas;Plena Noite;Crescente;Céu Claro;Dupla;"Reta;Desvio Temporário";Não  ;"1086985   ";Automóvel;VW/UP TAKE MA;"2015      ";Condutor;Ileso;"22   ";Masculino;"1 ";"0    ";"0    ";"0    ";-15.5820480;-47.5405850;SPRF-DF;DEL02-DF;UOP01-DEL02-DF 
607765;"1357172   ";2024-06-15;sábado;23:00:00;DF;"20   ";"37   ";BRASILIA;Não;Transtornos Mentais (exceto suicidio);1;Colisão traseira;Com Vítimas Feridas;Plena Noite;Crescente;Céu Claro;Dupla;"Reta;Desvio Temporário";Não  ;"1086988   ";Utilitário;CHEV/TRAILBLAZER LTZ AG4;"2013      ";Condutor;Não Informado;"0    ";Não Informado;"0 ";"0    ";"0    ";"0    ";-15.5820480;-47.5405850;SPRF-DF;DEL02-DF;UOP01-DEL02-DF 
607765;"1357096   ";2024-06-15;sábado;23:00:00;DF;"20   ";"37   ";BRASILIA;Não;Transtornos Mentais (exceto suicidio);1;Colisão traseira;Com Vítimas Feridas;Plena Noite;Crescente;Céu Claro;Dupla;"Reta;Desvio Temporário";Não  ;"1086983   ";Caminhonete;I/FORD RANGER LTDCD4A32C;"2021      ";Condutor;Lesões Leves;"22   ";Masculino;"0 ";"1    ";"0    ";"0    ";-15.5820480;-47.5405850;SPRF-DF;DEL02-DF;UOP01-DEL02-DF 
607765;"1357098   ";2024-06-15;sábado;23:00:00;DF;"20   ";"37   ";BRASILIA;Não;Velocidade Incompatível;1;Colisão traseira;Com Vítimas Feridas;Plena Noite;Crescente;Céu Claro;Dupla;"Reta;Desvio Temporário";Não  ;"1086985   ";Automóvel;VW/UP TAKE MA;"2015      ";Passageiro;Ileso;"23   ";Feminino;"1 ";"0    ";"0    ";"0    ";-15.5820480;-47.5405850;SPRF-DF;DEL02-DF;UOP01-DEL02-DF 
607765;"1357097   ";2024-06-15;sábado;23:00:00;DF;"20   ";"37   ";BRASILIA;Não;Velocidade Incompatível;1;Colisão traseira;Com Vítimas Feridas;Plena Noite;Crescente;Céu Claro;Dupla;"Reta;Desvio Temporário";Não  ;"1086985   ";Automóvel;VW/UP TAKE MA;"2015      ";Condutor;Ileso;"22   ";Masculino;"1 ";"0    ";"0    ";"0    ";-15.5820480;-47.5405850;SPRF-DF;DEL02-DF;UOP01-DEL02-DF 
607765;"1357172   ";2024-06-15;sábado;23:00:00;DF;"20   ";"37   ";BRASILIA;Não;Velocidade Incompatível;1;Colisão traseira;Com Vítimas Feridas;Plena Noite;Crescente;Céu Claro;Dupla;"Reta;Desvio Temporário";Não  ;"1086988   ";Utilitário;CHEV/TRAILBLAZER LTZ AG4;"2013      ";Condutor;Não Informado;"0    ";Não Informado;"0 ";"0    ";"0    ";"0    ";-15.5820480;-47.5405850;SPRF-DF;DEL02-DF;UOP01-DEL02-DF 
607765;"1357096   ";2024-06-15;sábado;23:00:00;DF;"20   ";"37   ";BRASILIA;Não;Velocidade Incompatível;1;Colisão traseira;Com Vítimas Feridas;Plena Noite;Crescente;Céu Claro;Dupla;"Reta;Desvio Temporário";Não  ;"1086983   ";Caminhonete;I/FORD RANGER LTDCD4A32C;"2021      ";Condutor;Lesões Leves;"22   ";Masculino;"0 ";"1    ";"0    ";"0    ";-15.5820480;-47.5405850;SPRF-DF;DEL02-DF;UOP01-DEL02-DF 
607772;"1359620   ";2024-06-15;sábado;22:50:00;GO;"70   ";"3    ";AGUAS LINDAS DE GOIAS;Não;Ingestão de álcool pelo condutor;2;Capotamento;Com Vítimas Feridas;Plena Noite;Decrescente;Céu Claro;Múltipla;Reta;Não  ;"1086994   ";Micro-ônibus;I/M.BENZ313CDI REVESCAP;"2008      ";Passageiro;Ileso;"33   ";Masculino;"1 ";"0    ";"0    ";"0    ";-15.7617730;-48.2368693;SPRF-DF;DEL03-DF;UOP02-DEL03-DF 
607772;"1357104   ";2024-06-15;sábado;22:50:00;GO;"70   ";"3    ";AGUAS LINDAS DE GOIAS;Não;Ingestão de álcool pelo condutor;2;Capotamento;Com Vítimas Feridas;Plena Noite;Decrescente;Céu Claro;Múltipla;Reta;Não  ;"1086994   ";Micro-ônibus;I/M.BENZ313CDI REVESCAP;"2008      ";Condutor;Ileso;"40   ";Masculino;"1 ";"0    ";"0    ";"0    ";-15.7617730;-48.2368693;SPRF-DF;DEL03-DF;UOP02-DEL03-DF 
607772;"1357103   ";2024-06-15;sábado;22:50:00;GO;"70   ";"3    ";AGUAS LINDAS DE GOIAS;Não;Ingestão de álcool pelo condutor;2;Capotamento;Com Vítimas Feridas;Plena Noite;Decrescente;Céu Claro;Múltipla;Reta;Não  ;"1086993   ";Automóvel;FIAT/PALIO FIRE ECONOMY;"2010      ";Condutor;Lesões Leves;"55   ";Masculino;"0 ";"1    ";"0    ";"0    ";-15.7617730;-48.2368693;SPRF-DF;DEL03-DF;UOP02-DEL03-DF 
607772;"1357107   ";2024-06-15;sábado;22:50:00;GO;"70   ";"3    ";AGUAS LINDAS DE GOIAS;Não;Ingestão de álcool pelo condutor;2;Capotamento;Com Vítimas Feridas;Plena Noite;Decrescente;Céu Claro;Múltipla;Reta;Não  ;"1086993   ";Automóvel;FIAT/PALIO FIRE ECONOMY;"2010      ";Passageiro;Lesões Leves;"48   ";Feminino;"0 ";"1    ";"0    ";"0    ";-15.7617730;-48.2368693;SPRF-DF;DEL03-DF;UOP02-DEL03-DF 
607772;"1359620   ";2024-06-15;sábado;22:50:00;GO;"70   ";"3    ";AGUAS LINDAS DE GOIAS;Sim;Condutor deixou de manter distância do veículo da frente;2;Capotamento;Com Vítimas Feridas;Plena Noite;Decrescente;Céu Claro;Múltipla;Reta;Não  ;"1086994   ";Micro-ônibus;I/M.BENZ313CDI REVESCAP;"2008      ";Passageiro;Ileso;"33   ";Masculino;"1 ";"0    ";"0    ";"0    ";-15.7617730;-48.2368693;SPRF-DF;DEL03-DF;UOP02-DEL03-DF 
607772;"1357104   ";2024-06-15;sábado;22:50:00;GO;"70   ";"3    ";AGUAS LINDAS DE GOIAS;Sim;Condutor deixou de manter distância do veículo da frente;2;Capotamento;Com Vítimas Feridas;Plena Noite;Decrescente;Céu Claro;Múltipla;Reta;Não  ;"1086994   ";Micro-ônibus;I/M.BENZ313CDI REVESCAP;"2008      ";Condutor;Ileso;"40   ";Masculino;"1 ";"0    ";"0    ";"0    ";-15.7617730;-48.2368693;SPRF-DF;DEL03-DF;UOP02-DEL03-DF 
607772;"1357103   ";2024-06-15;sábado;22:50:00;GO;"70   ";"3    ";AGUAS LINDAS DE GOIAS;Sim;Condutor deixou de manter distância do veículo da frente;2;Capotamento;Com Vítimas Feridas;Plena Noite;Decrescente;Céu Claro;Múltipla;Reta;Não  ;"1086993   ";Automóvel;FIAT/PALIO FIRE ECONOMY;"2010      ";Condutor;Lesões Leves;"55   ";Masculino;"0 ";"1    ";"0    ";"0    ";-15.7617730;-48.2368693;SPRF-DF;DEL03-DF;UOP02-DEL03-DF 
607772;"1357107   ";2024-06-15;sábado;22:50:00;GO;"70   ";"3    ";AGUAS LINDAS DE GOIAS;Sim;Condutor deixou de manter distância do veículo da frente;2;Capotamento;Com Vítimas Feridas;Plena Noite;Decrescente;Céu Claro;Múltipla;Reta;Não  ;"1086993   ";Automóvel;FIAT/PALIO FIRE ECONOMY;"2010      ";Passageiro;Lesões Leves;"48   ";Feminino;"0 ";"1    ";"0    ";"0    ";-15.7617730;-48.2368693;SPRF-DF;DEL03-DF;UOP02-DEL03-DF 
607772;"1359620   ";2024-06-15;sábado;22:50:00;GO;"70   ";"3    ";AGUAS LINDAS DE GOIAS;Não;Ingestão de álcool pelo condutor;1;Colisão traseira;Com Vítimas Feridas;Plena Noite;Decrescente;Céu Claro;Múltipla;Reta;Não  ;"1086994   ";Micro-ônibus;I/M.BENZ313CDI REVESCAP;"2008      ";Passageiro;Ileso;"33   ";Masculino;"1 ";"0    ";"0    ";"0    ";-15.7617730;-48.2368693;SPRF-DF;DEL03-DF;UOP02-DEL03-DF 
607772;"1357104   ";2024-06-15;sábado;22:50:00;GO;"70   ";"3    ";AGUAS LINDAS DE GOIAS;Não;Ingestão de álcool pelo condutor;1;Colisão traseira;Com Vítimas Feridas;Plena Noite;Decrescente;Céu Claro;Múltipla;Reta;Não  ;"1086994   ";Micro-ônibus;I/M.BENZ313CDI REVESCAP;"2008      ";Condutor;Ileso;"40   ";Masculino;"1 ";"0    ";"0    ";"0    ";-15.7617730;-48.2368693;SPRF-DF;DEL03-DF;UOP02-DEL03-DF 
607772;"1357103   ";2024-06-15;sábado;22:50:00;GO;"70   ";"3    ";AGUAS LINDAS DE GOIAS;Não;Ingestão de álcool pelo condutor;1;Colisão traseira;Com Vítimas Feridas;Plena Noite;Decrescente;Céu Claro;Múltipla;Reta;Não  ;"1086993   ";Automóvel;FIAT/PALIO FIRE ECONOMY;"2010      ";Condutor;Lesões Leves;"55   ";Masculino;"0 ";"1    ";"0    ";"0    ";-15.7617730;-48.2368693;SPRF-DF;DEL03-DF;UOP02-DEL03-DF 
607772;"1357107   ";2024-06-15;sábado;22:50:00;GO;"70   ";"3    ";AGUAS LINDAS DE GOIAS;Não;Ingestão de álcool pelo condutor;1;Colisão traseira;Com Vítimas Feridas;Plena Noite;Decrescente;Céu Claro;Múltipla;Reta;Não  ;"1086993   ";Automóvel;FIAT/PALIO FIRE ECONOMY;"2010      ";Passageiro;Lesões Leves;"48   ";Feminino;"0 ";"1    ";"0    ";"0    ";-15.7617730;-48.2368693;SPRF-DF;DEL03-DF;UOP02-DEL03-DF 
607772;"1359620   ";2024-06-15;sábado;22:50:00;GO;"70   ";"3    ";AGUAS LINDAS DE GOIAS;Sim;Condutor deixou de manter distância do veículo da frente;1;Colisão traseira;Com Vítimas Feridas;Plena Noite;Decrescente;Céu Claro;Múltipla;Reta;Não  ;"1086994   ";Micro-ônibus;I/M.BENZ313CDI REVESCAP;"2008      ";Passageiro;Ileso;"33   ";Masculino;"1 ";"0    ";"0    ";"0    ";-15.7617730;-48.2368693;SPRF-DF;DEL03-DF;UOP02-DEL03-DF 
607772;"1357104   ";2024-06-15;sábado;22:50:00;GO;"70   ";"3    ";AGUAS LINDAS DE GOIAS;Sim;Condutor deixou de manter distância do veículo da frente;1;Colisão traseira;Com Vítimas Feridas;Plena Noite;Decrescente;Céu Claro;Múltipla;Reta;Não  ;"1086994   ";Micro-ônibus;I/M.BENZ313CDI REVESCAP;"2008      ";Condutor;Ileso;"40   ";Masculino;"1 ";"0    ";"0    ";"0    ";-15.7617730;-48.2368693;SPRF-DF;DEL03-DF;UOP02-DEL03-DF 
607772;"1357103   ";2024-06-15;sábado;22:50:00;GO;"70   ";"3    ";AGUAS LINDAS DE GOIAS;Sim;Condutor deixou de manter distância do veículo da frente;1;Colisão traseira;Com Vítimas Feridas;Plena Noite;Decrescente;Céu Claro;Múltipla;Reta;Não  ;"1086993   ";Automóvel;FIAT/PALIO FIRE ECONOMY;"2010      ";Condutor;Lesões Leves;"55   ";Masculino;"0 ";"1    ";"0    ";"0    ";-15.7617730;-48.2368693;SPRF-DF;DEL03-DF;UOP02-DEL03-DF 
607772;"1357107   ";2024-06-15;sábado;22:50:00;GO;"70   ";"3    ";AGUAS LINDAS DE GOIAS;Sim;Condutor deixou de manter distância do veículo da frente;1;Colisão traseira;Com Vítimas Feridas;Plena Noite;Decrescente;Céu Claro;Múltipla;Reta;Não  ;"1086993   ";Automóvel;FIAT/PALIO FIRE ECONOMY;"2010      ";Passageiro;Lesões Leves;"48   ";Feminino;"0 ";"1    ";"0    ";"0    ";-15.7617730;-48.2368693;SPRF-DF;DEL03-DF;UOP02-DEL03-DF 
607803;"1357155   ";2024-06-16;domingo;02:00:00;GO;"60   ";"2,6  ";SANTO ANTONIO DO DESCOBERTO;Não;Ausência de reação do condutor;2;Saída de leito carroçável;Sem Vítimas;Plena Noite;Crescente;Céu Claro;Dupla;"Curva;Declive";Não  ;"1087027   ";Automóvel;I/FORD FOCUS 1.6 FLEX HA;"2007      ";Condutor;Ileso;"34   ";Masculino;"1 ";"0    ";"0    ";"0    ";-16.0750080;-48.2665700;SPRF-DF;DEL03-DF;UOP01-DEL03-DF 
607803;"1357155   ";2024-06-16;domingo;02:00:00;GO;"60   ";"2,6  ";SANTO ANTONIO DO DESCOBERTO;Não;Condutor Dormindo;2;Saída de leito carroçável;Sem Vítimas;Plena Noite;Crescente;Céu Claro;Dupla;"Curva;Declive";Não  ;"1087027   ";Automóvel;I/FORD FOCUS 1.6 FLEX HA;"2007      ";Condutor;Ileso;"34   ";Masculino;"1 ";"0    ";"0    ";"0    ";-16.0750080;-48.2665700;SPRF-DF;DEL03-DF;UOP01-DEL03-DF 
607803;"1357155   ";2024-06-16;domingo;02:00:00;GO;"60   ";"2,6  ";SANTO ANTONIO DO DESCOBERTO;Sim;Velocidade Incompatível;2;Saída de leito carroçável;Sem Vítimas;Plena Noite;Crescente;Céu Claro;Dupla;"Curva;Declive";Não  ;"1087027   ";Automóvel;I/FORD FOCUS 1.6 FLEX HA;"2007      ";Condutor;Ileso;"34   ";Masculino;"1 ";"0    ";"0    ";"0    ";-16.0750080;-48.2665700;SPRF-DF;DEL03-DF;UOP01-DEL03-DF 
607803;"1357155   ";2024-06-16;domingo;02:00:00;GO;"60   ";"2,6  ";SANTO ANTONIO DO DESCOBERTO;Não;Ausência de reação do condutor;1;Colisão com objeto;Sem Vítimas;Plena Noite;Crescente;Céu Claro;Dupla;"Curva;Declive";Não  ;"1087027   ";Automóvel;I/FORD FOCUS 1.6 FLEX HA;"2007      ";Condutor;Ileso;"34   ";Masculino;"1 ";"0    ";"0    ";"0    ";-16.0750080;-48.2665700;SPRF-DF;DEL03-DF;UOP01-DEL03-DF 