id;pesid;data_inversa;dia_semana;horario;uf;br;km;municipio;causa_principal;causa_acidente;ordem_tipo_acidente;tipo_acidente;classificacao_acidente;fase_dia;sentido_via;condicao_metereologica;tipo_pista;tracado_via;uso_solo;id_veiculo;tipo_veiculo;marca;ano_fabricacao_veiculo;tipo_envolvido;estado_fisico;idade;sexo;ilesos;feridos_leves;feridos_graves;mortos;latitude;longitude;regional;delegacia;uop
607932;"1357405   ";2024-06-16;domingo;16:45:00;DF;"20   ";"42   ";BRASILIA;Sim;Manobra de mudança de faixa;1;Saída de leito carroçável;Com Vítimas Feridas;Pleno dia;Decrescente;Céu Claro;Dupla;"Reta;Declive";Não  ;"1087229   ";Automóvel;I/NISSAN VERSA 16SL FLEX;"2013      ";Passageiro;Ileso;"17   ";Masculino;"1 ";"0    ";"0    ";"0    ";-15.5792210;-47.4943390;SPRF-DF;DEL02-DF;UOP01-DEL02-DF 
607932;"1357402   ";2024-06-16;domingo;16:45:00;DF;"20   ";"42   ";BRASILIA;Sim;Manobra de mudança de faixa;1;Saída de leito carroçável;Com Vítimas Feridas;Pleno dia;Decrescente;Céu Claro;Dupla;"Reta;Declive";Não  ;"1087229   ";Automóvel;I/NISSAN VERSA 16SL FLEX;"2013      ";Passageiro;Ileso;"4    ";Feminino;"1 ";"0    ";"0    ";"0    ";-15.5792210;-47.4943390;SPRF-DF;DEL02-DF;UOP01-DEL02-DF 
607932;"1357398   ";2024-06-16;domingo;16:45:00;DF;"20   ";"42   ";BRASILIA;Sim;Manobra de mudança de faixa;1;Saída de leito carroçável;Com Vítimas Feridas;Pleno dia;Decrescente;Céu Claro;Dupla;"Reta;Declive";Não  ;"1087229   ";Automóvel;I/NISSAN VERSA 16SL FLEX;"2013      ";Condutor;Lesões Leves;"36   ";Feminino;"0 ";"1    ";"0    ";"0    ";-15.5792210;-47.4943390;SPRF-DF;DEL02-DF;UOP01-DEL02-DF 
607932;"1359562   ";2024-06-16;domingo;16:45:00;DF;"20   ";"42   ";BRASILIA;Sim;Manobra de mudança de faixa;1;Saída de leito carroçável;Com Vítimas Feridas;Pleno dia;Decrescente;Céu Claro;Dupla;"Reta;Declive";Não  ;"0         ";"0";NA/NA;"0         ";Testemunha;Não Informado;"0    ";Não Informado;"0 ";"0    ";"0    ";"0    ";-15.5792210;-47.4943390;SPRF-DF;DEL02-DF;UOP01-DEL02-DF 
607932;"1357400   ";2024-06-16;domingo;16:45:00;DF;"20   ";"42   ";BRASILIA;Não;Velocidade Incompatível;1;Saída de leito carroçável;Com Vítimas Feridas;Pleno dia;Decrescente;Céu Claro;Dupla;"Reta;Declive";Não  ;"1087229   ";Automóvel;I/NISSAN VERSA 16SL FLEX;"2013      ";Passageiro;Ileso;"40   ";Feminino;"1 ";"0    ";"0    ";"0    ";-15.5792210;-47.4943390;SPRF-DF;DEL02-DF;UOP01-DEL02-DF 
607932;"1357405   ";2024-06-16;domingo;16:45:00;DF;"20   ";"42   ";BRASILIA;Não;Velocidade Incompatível;1;Saída de leito carroçável;Com Vítimas Feridas;Pleno dia;Decrescente;Céu Claro;Dupla;"Reta;Declive";Não  ;"1087229   ";Automóvel;I/NISSAN VERSA 16SL FLEX;"2013      ";Passageiro;Ileso;"17   ";Masculino;"1 ";"0    ";"0    ";"0    ";-15.5792210;-47.4943390;SPRF-DF;DEL02-DF;UOP01-DEL02-DF 
607932;"1357402   ";2024-06-16;domingo;16:45:00;DF;"20   ";"42   ";BRASILIA;Não;Velocidade Incompatível;1;Saída de leito carroçável;Com Vítimas Feridas;Pleno dia;Decrescente;Céu Claro;Dupla;"Reta;Declive";Não  ;"1087229   ";Automóvel;I/NISSAN VERSA 16SL FLEX;"2013      ";Passageiro;Ileso;"4    ";Feminino;"1 ";"0    ";"0    ";"0    ";-15.5792210;-47.4943390;SPRF-DF;DEL02-DF;UOP01-DEL02-DF 
607932;"1357398   ";2024-06-16;domingo;16:45:00;DF;"20   ";"42   ";BRASILIA;Não;Velocidade Incompatível;1;Saída de leito carroçável;Com Vítimas Feridas;Pleno dia;Decrescente;Céu Claro;Dupla;"Reta;Declive";Não  ;"1087229   ";Automóvel;I/NISSAN VERSA 16SL FLEX;"2013      ";Condutor;Lesões Leves;"36   ";Feminino;"0 ";"1    ";"0    ";"0    ";-15.5792210;-47.4943390;SPRF-DF;DEL02-DF;UOP01-DEL02-DF 
607932;"1359562   ";2024-06-16;domingo;16:45:00;DF;"20   ";"42   ";BRASILIA;Não;Velocidade Incompatível;1;Saída de leito carroçável;Com Vítimas Feridas;Pleno dia;Decrescente;Céu Claro;Dupla;"Reta;Declive";Não  ;"0         ";"0";NA/NA;"0         ";Testemunha;Não Informado;"0    ";Não Informado;"0 ";"0    ";"0    ";"0    ";-15.5792210;-47.4943390;SPRF-DF;DEL02-DF;UOP01-DEL02-DF 
608010;"1357786   ";2024-06-16;domingo;21:50:00;DF;"70   ";"16,4 ";BRASILIA;Sim;Ingestão de álcool pelo condutor;2;Capotamento;Sem Vítimas;Plena Noite;Decrescente;Céu Claro;Dupla;Rotatória;Não  ;"1087508   ";Automóvel;FIAT/SIENA HLX FLEX;"2005      ";Passageiro;Ileso;"63   ";Masculino;"1 ";"0    ";"0    ";"0    ";-15.7961440;-48.1942250;SPRF-DF;DEL03-DF;UOP02-DEL03-DF 
608010;"1357785   ";2024-06-16;domingo;21:50:00;DF;"70   ";"16,4 ";BRASILIA;Sim;Ingestão de álcool pelo condutor;2;Capotamento;Sem Vítimas;Plena Noite;Decrescente;Céu Claro;Dupla;Rotatória;Não  ;"1087508   ";Automóvel;FIAT/SIENA HLX FLEX;"2005      ";Condutor;Ileso;"39   ";Masculino;"1 ";"0    ";"0    ";"0    ";-15.7961440;-48.1942250;SPRF-DF;DEL03-DF;UOP02-DEL03-DF 
608010;"1357786   ";2024-06-16;domingo;21:50:00;DF;"70   ";"16,4 ";BRASILIA;Sim;Ingestão de álcool pelo condutor;1;Saída de leito carroçável;Sem Vítimas;Plena Noite;Decrescente;Céu Claro;Dupla;Rotatória;Não  ;"1087508   ";Automóvel;FIAT/SIENA HLX FLEX;"2005      ";Passageiro;Ileso;"63   ";Masculino;"1 ";"0    ";"0    ";"0    ";-15.7961440;-48.1942250;SPRF-DF;DEL03-DF;UOP02-DEL03-DF 
608010;"1357785   ";2024-06-16;domingo;21:50:00;DF;"70   ";"16,4 ";BRASILIA;Sim;Ingestão de álcool pelo condutor;1;Saída de leito carroçável;Sem Vítimas;Plena Noite;Decrescente;Céu Claro;Dupla;Rotatória;Não  ;"1087508   ";Automóvel;FIAT/SIENA HLX FLEX;"2005      ";Condutor;Ileso;"39   ";Masculino;"1 ";"0    ";"0    ";"0    ";-15.7961440;-48.1942250;SPRF-DF;DEL03-DF;UOP02-DEL03-DF 
608039;"1357751   ";2024-06-17;segunda-feira;01:15:00;GO;"70   ";"1    ";AGUAS LINDAS DE GOIAS;Sim;Condutor Dormindo;2;Capotamento;Com Vítimas Feridas;Plena Noite;Crescente;Céu Claro;Dupla;"Reta;Aclive";Sim  ;"1087487   ";Automóvel;FORD/FIESTA FLEX;"2012      ";Condutor;Lesões Leves;"31   ";Masculino;"0 ";"1    ";"0    ";"0    ";-15.7757935;-48.2325900;SPRF-DF;DEL03-DF;UOP02-DEL03-DF 
608039;"1357751   ";2024-06-17;segunda-feira;01:15:00;GO;"70   ";"1    ";AGUAS LINDAS DE GOIAS;Sim;Condutor Dormindo;1;Colisão com objeto;Com Vítimas Feridas;Plena Noite;Crescente;Céu Claro;Dupla;"Reta;Aclive";Sim  ;"1087487   ";Automóvel;FORD/FIESTA FLEX;"2012      ";Condutor;Lesões Leves;"31   ";Masculino;"0 ";"1    ";"0    ";"0    ";-15.7757935;-48.2325900;SPRF-DF;DEL03-DF;UOP02-DEL03-DF 
608086;"1357789   ";2024-06-17;segunda-feira;08:20:00;DF;"70   ";"10   ";BRASILIA;Sim;Mal súbito do condutor;2;Colisão com objeto;Sem Vítimas;Pleno dia;Decrescente;Céu Claro;Dupla;Reta;Sim  ;"1087511   ";Automóvel;FORD/FIESTA 1.6;"2003      ";Condutor;Ileso;"30   ";Feminino;"1 ";"0    ";"0    ";"0    ";-15.7870660;-48.1407090;SPRF-DF;DEL03-DF;UOP02-DEL03-DF 
608086;"1357789   ";2024-06-17;segunda-feira;08:20:00;DF;"70   ";"10   ";BRASILIA;Sim;Mal súbito do condutor;1;Saída de leito carroçável;Sem Vítimas;Pleno dia;Decrescente;Céu Claro;Dupla;Reta;Sim  ;"1087511   ";Automóvel;FORD/FIESTA 1.6;"2003      ";Condutor;Ileso;"30   ";Feminino;"1 ";"0    ";"0    ";"0    ";-15.7870660;-48.1407090;SPRF-DF;DEL03-DF;UOP02-DEL03-DF 
608092;"1358003   ";2024-06-17;segunda-feira;05:50:00;GO;"40   ";"154,1";CRISTALINA;Não;Condutor Dormindo;1;Saída de leito carroçável;Com Vítimas Feridas;Amanhecer;Decrescente;Céu Claro;Simples;Curva;Não  ;"1087708   ";Caminhão;VW/24.280 CRM 6X2;"2013      ";Condutor;Ileso;"26   ";Masculino;"1 ";"0    ";"0    ";"0    ";-17.0215390;-47.1788510;SPRF-DF;DEL01-DF;UOP02-DEL01-DF 
608092;"1358004   ";2024-06-17;segunda-feira;05:50:00;GO;"40   ";"154,1";CRISTALINA;Não;Condutor Dormindo;1;Saída de leito carroçável;Com Vítimas Feridas;Amanhecer;Decrescente;Céu Claro;Simples;Curva;Não  ;"1087708   ";Caminhão;VW/24.280 CRM 6X2;"2013      ";Passageiro;Lesões Leves;"20   ";Masculino;"0 ";"1    ";"0    ";"0    ";-17.0215390;-47.1788510;SPRF-DF;DEL01-DF;UOP02-DEL01-DF 
608092;"1358003   ";2024-06-17;segunda-feira;05:50:00;GO;"40   ";"154,1";CRISTALINA;Sim;Curva acentuada;1;Saída de leito carroçável;Com Vítimas Feridas;Amanhecer;Decrescente;Céu Claro;Simples;Curva;Não  ;"1087708   ";Caminhão;VW/24.280 CRM 6X2;"2013      ";Condutor;Ileso;"26   ";Masculino;"1 ";"0    ";"0    ";"0    ";-17.0215390;-47.1788510;SPRF-DF;DEL01-DF;UOP02-DEL01-DF 
608092;"1358004   ";2024-06-17;segunda-feira;05:50:00;GO;"40   ";"154,1";CRISTALINA;Sim;Curva acentuada;1;Saída de leito carroçável;Com Vítimas Feridas;Amanhecer;Decrescente;Céu Claro;Simples;Curva;Não  ;"1087708   ";Caminhão;VW/24.280 CRM 6X2;"2013      ";Passageiro;Lesões Leves;"20   ";Masculino;"0 ";"1    ";"0    ";"0    ";-17.0215390;-47.1788510;SPRF-DF;DEL01-DF;UOP02-DEL01-DF 
608108;"1357865   ";2024-06-17;segunda-feira;10:00:00;GO;"40   ";"11,8 ";LUZIANIA;Não;Acesso irregular;3;Queda de ocupante de veículo;Com Vítimas Feridas;Pleno dia;Crescente;Sol;Dupla;Reta;Sim  ;"1087588   ";Motocicleta;HONDA/CG 160 FAN;"2018      ";Condutor;Ileso;"28   ";Masculino;"1 ";"0    ";"0    ";"0    ";-16.1383360;-47.9516440;SPRF-DF;DEL01-DF;UOP01-DEL01-DF 
608108;"1357866   ";2024-06-17;segunda-feira;10:00:00;GO;"40   ";"11,8 ";LUZIANIA;Não;Acesso irregular;3;Queda de ocupante de veículo;Com Vítimas Feridas;Pleno dia;Crescente;Sol;Dupla;Reta;Sim  ;"1087588   ";Motocicleta;HONDA/CG 160 FAN;"2018      ";Passageiro;Lesões Leves;"33   ";Masculino;"0 ";"1    ";"0    ";"0    ";-16.1383360;-47.9516440;SPRF-DF;DEL01-DF;UOP01-DEL01-DF 
608108;"1357867   ";2024-06-17;segunda-feira;10:00:00;GO;"40   ";"11,8 ";LUZIANIA;Não;Acesso irregular;3;Queda de ocupante de veículo;Com Vítimas Feridas;Pleno dia;Crescente;Sol;Dupla;Reta;Sim  ;"1087589   ";Automóvel;VW/FOX RUN MBV;"2016      ";Condutor;Ileso;"39   ";Feminino;"1 ";"0    ";"0    ";"0    ";-16.1383360;-47.9516440;SPRF-DF;DEL01-DF;UOP01-DEL01-DF 
608108;"1357865   ";2024-06-17;segunda-feira;10:00:00;GO;"40   ";"11,8 ";LUZIANIA;Sim;Acessar a via sem observar a presença dos outros veículos;3;Queda de ocupante de veículo;Com Vítimas Feridas;Pleno dia;Crescente;Sol;Dupla;Reta;Sim  ;"1087588   ";Motocicleta;HONDA/CG 160 FAN;"2018      ";Condutor;Ileso;"28   ";Masculino;"1 ";"0    ";"0    ";"0    ";-16.1383360;-47.9516440;SPRF-DF;DEL01-DF;UOP01-DEL01-DF 
608108;"1357866   ";2024-06-17;segunda-feira;10:00:00;GO;"40   ";"11,8 ";LUZIANIA;Sim;Acessar a via sem observar a presença dos outros veículos;3;Queda de ocupante de veículo;Com Vítimas Feridas;Pleno dia;Crescente;Sol;Dupla;Reta;Sim  ;"1087588   ";Motocicleta;HONDA/CG 160 FAN;"2018      ";Passageiro;Lesões Leves;"33   ";Masculino;"0 ";"1    ";"0    ";"0    ";-16.1383360;-47.9516440;SPRF-DF;DEL01-DF;UOP01-DEL01-DF 
608108;"1357867   ";2024-06-17;segunda-feira;10:00:00;GO;"40   ";"11,8 ";LUZIANIA;Sim;Acessar a via sem observar a presença dos outros veículos;3;Queda de ocupante de veículo;Com Vítimas Feridas;Pleno dia;Crescente;Sol;Dupla;Reta;Sim  ;"1087589   ";Automóvel;VW/FOX RUN MBV;"2016      ";Condutor;Ileso;"39   ";Feminino;"1 ";"0    ";"0    ";"0    ";-16.1383360;-47.9516440;SPRF-DF;DEL01-DF;UOP01-DEL01-DF 
608108;"1357865   ";2024-06-17;segunda-feira;10:00:00;GO;"40   ";"11,8 ";LUZIANIA;Não;Acesso irregular;2;Tombamento;Com Vítimas Feridas;Pleno dia;Crescente;Sol;Dupla;Reta;Sim  ;"1087588   ";Motocicleta;HONDA/CG 160 FAN;"2018      ";Condutor;Ileso;"28   ";Masculino;"1 ";"0    ";"0    ";"0    ";-16.1383360;-47.9516440;SPRF-DF;DEL01-DF;UOP01-DEL01-DF 
608108;"1357866   ";2024-06-17;segunda-feira;10:00:00;GO;"40   ";"11,8 ";LUZIANIA;Não;Acesso irregular;2;Tombamento;Com Vítimas Feridas;Pleno dia;Crescente;Sol;Dupla;Reta;Sim  ;"1087588   ";Motocicleta;HONDA/CG 160 FAN;"2018      ";Passageiro;Lesões Leves;"33   ";Masculino;"0 ";"1    ";"0    ";"0    ";-16.1383360;-47.9516440;SPRF-DF;DEL01-DF;UOP01-DEL01-DF 
608108;"1357867   ";2024-06-17;segunda-feira;10:00:00;GO;"40   ";"11,8 ";LUZIANIA;Não;Acesso irregular;2;Tombamento;Com Vítimas Feridas;Pleno dia;Crescente;Sol;Dupla;Reta;Sim  ;"1087589   ";Automóvel;VW/FOX RUN MBV;"2016      ";Condutor;Ileso;"39   ";Feminino;"1 ";"0    ";"0    ";"0    ";-16.1383360;-47.9516440;SPRF-DF;DEL01-DF;UOP01-DEL01-DF 
608108;"1357865   ";2024-06-17;segunda-feira;10:00:00;GO;"40   ";"11,8 ";LUZIANIA;Sim;Acessar a via sem observar a presença dos outros veículos;2;Tombamento;Com Vítimas Feridas;Pleno dia;Crescente;Sol;Dupla;Reta;Sim  ;"1087588   ";Motocicleta;HONDA/CG 160 FAN;"2018      ";Condutor;Ileso;"28   ";Masculino;"1 ";"0    ";"0    ";"0    ";-16.1383360;-47.9516440;SPRF-DF;DEL01-DF;UOP01-DEL01-DF 
608108;"1357866   ";2024-06-17;segunda-feira;10:00:00;GO;"40   ";"11,8 ";LUZIANIA;Sim;Acessar a via sem observar a presença dos outros veículos;2;Tombamento;Com Vítimas Feridas;Pleno dia;Crescente;Sol;Dupla;Reta;Sim  ;"1087588   ";Motocicleta;HONDA/CG 160 FAN;"2018      ";Passageiro;Lesões Leves;"33   ";Masculino;"0 ";"1    ";"0    ";"0    ";-16.1383360;-47.9516440;SPRF-DF;DEL01-DF;UOP01-DEL01-DF 
608108;"1357867   ";2024-06-17;segunda-feira;10:00:00;GO;"40   ";"11,8 ";LUZIANIA;Sim;Acessar a via sem observar a presença dos outros veículos;2;Tombamento;Com Vítimas Feridas;Pleno dia;Crescente;Sol;Dupla;Reta;Sim  ;"1087589   ";Automóvel;VW/FOX RUN MBV;"2016      ";Condutor;Ileso;"39   ";Feminino;"1 ";"0    ";"0    ";"0    ";-16.1383360;-47.9516440;SPRF-DF;DEL01-DF;UOP01-DEL01-DF 
608108;"1357865   ";2024-06-17;segunda-feira;10:00:00;GO;"40   ";"11,8 ";LUZIANIA;Não;Acesso irregular;1;Colisão transversal;Com Vítimas Feridas;Pleno dia;Crescente;Sol;Dupla;Reta;Sim  ;"1087588   ";Motocicleta;HONDA/CG 160 FAN;"2018      ";Condutor;Ileso;"28   ";Masculino;"1 ";"0    ";"0    ";"0    ";-16.1383360;-47.9516440;SPRF-DF;DEL01-DF;UOP01-DEL01-DF 
608108;"1357866   ";2024-06-17;segunda-feira;10:00:00;GO;"40   ";"11,8 ";LUZIANIA;Não;Acesso irregular;1;Colisão transversal;Com Vítimas Feridas;Pleno dia;Crescente;Sol;Dupla;Reta;Sim  ;"1087588   ";Motocicleta;HONDA/CG 160 FAN;"2018      ";Passageiro;Lesões Leves;"33   ";Masculino;"0 ";"1    ";"0    ";"0    ";-16.1383360;-47.9516440;SPRF-DF;DEL01-DF;UOP01-DEL01-DF 
608108;"1357867   ";2024-06-17;segunda-feira;10:00:00;GO;"40   ";"11,8 ";LUZIANIA;Não;Acesso irregular;1;Colisão transversal;Com Vítimas Feridas;Pleno dia;Crescente;Sol;Dupla;Reta;Sim  ;"1087589   ";Automóvel;VW/FOX RUN MBV;"2016      ";Condutor;Ileso;"39   ";Feminino;"1 ";"0    ";"0    ";"0    ";-16.1383360;-47.9516440;SPRF-DF;DEL01-DF;UOP01-DEL01-DF 
608108;"1357865   ";2024-06-17;segunda-feira;10:00:00;GO;"40   ";"11,8 ";LUZIANIA;Sim;Acessar a via sem observar a presença dos outros veículos;1;Colisão transversal;Com Vítimas Feridas;Pleno dia;Crescente;Sol;Dupla;Reta;Sim  ;"1087588   ";Motocicleta;HONDA/CG 160 FAN;"2018      ";Condutor;Ileso;"28   ";Masculino;"1 ";"0    ";"0    ";"0    ";-16.1383360;-47.9516440;SPRF-DF;DEL01-DF;UOP01-DEL01-DF 
608108;"1357866   ";2024-06-17;segunda-feira;10:00:00;GO;"40   ";"11,8 ";LUZIANIA;Sim;Acessar a via sem observar a presença dos outros veículos;1;Colisão transversal;Com Vítimas Feridas;Pleno dia;Crescente;Sol;Dupla;Reta;Sim  ;"1087588   ";Motocicleta;HONDA/CG 160 FAN;"2018      ";Passageiro;Lesões Leves;"33   ";Masculino;"0 ";"1    ";"0    ";"0    ";-16.1383360;-47.9516440;SPRF-DF;DEL01-DF;UOP01-DEL01-DF 
608108;"1357867   ";2024-06-17;segunda-feira;10:00:00;GO;"40   ";"11,8 ";LUZIANIA;Sim;Acessar a via sem observar a presença dos outros veículos;1;Colisão transversal;Com Vítimas Feridas;Pleno dia;Crescente;Sol;Dupla;Reta;Sim  ;"1087589   ";Automóvel;VW/FOX RUN MBV;"2016      ";Condutor;Ileso;"39   ";Feminino;"1 ";"0    ";"0    ";"0    ";-16.1383360;-47.9516440;SPRF-DF;DEL01-DF;UOP01-DEL01-DF 
608127;"1358214   ";2024-06-17;segunda-feira;11:24:00;DF;"20   ";"3    ";BRASILIA;Sim;Reação tardia ou ineficiente do condutor;2;Queda de ocupante de veículo;Com Vítimas Feridas;Pleno dia;Decrescente;Céu Claro;Dupla;Reta;Sim  ;"1087867   ";Motocicleta;HONDA/POP 110I;"2022      ";Condutor;Lesões Leves;"28   ";Masculino;"0 ";"1    ";"0    ";"0    ";-15.6798510;-47.8322110;SPRF-DF;DEL02-DF;UOP01-DEL02-DF 
608127;"1358207   ";2024-06-17;segunda-feira;11:24:00;DF;"20   ";"3    ";BRASILIA;Sim;Reação tardia ou ineficiente do condutor;2;Queda de ocupante de veículo;Com Vítimas Feridas;Pleno dia;Decrescente;Céu Claro;Dupla;Reta;Sim  ;"1087855   ";Automóvel;FIAT/PALIO ELX FLEX;"2006      ";Condutor;Ileso;"53   ";Masculino;"1 ";"0    ";"0    ";"0    ";-15.6798510;-47.8322110;SPRF-DF;DEL02-DF;UOP01-DEL02-DF 
608127;"1358214   ";2024-06-17;segunda-feira;11:24:00;DF;"20   ";"3    ";BRASILIA;Sim;Reação tardia ou ineficiente do condutor;1;Colisão traseira;Com Vítimas Feridas;Pleno dia;Decrescente;Céu Claro;Dupla;Reta;Sim  ;"1087867   ";Motocicleta;HONDA/POP 110I;"2022      ";Condutor;Lesões Leves;"28   ";Masculino;"0 ";"1    ";"0    ";"0    ";-15.6798510;-47.8322110;SPRF-DF;DEL02-DF;UOP01-DEL02-DF 
608127;"1358207   ";2024-06-17;segunda-feira;11:24:00;DF;"20   ";"3    ";BRASILIA;Sim;Reação tardia ou ineficiente do condutor;1;Colisão traseira;Com Vítimas Feridas;Pleno dia;Decrescente;Céu Claro;Dupla;Reta;Sim  ;"1087855   ";Automóvel;FIAT/PALIO ELX FLEX;"2006      ";Condutor;Ileso;"53   ";Masculino;"1 ";"0    ";"0    ";"0    ";-15.6798510;-47.8322110;SPRF-DF;DEL02-DF;UOP01-DEL02-DF 
608179;"1357970   ";2024-06-15;sábado;18:49:00;GO;"40   ";"12   ";LUZIANIA;Não;Reação tardia ou ineficiente do condutor;2;Queda de ocupante de veículo;Com Vítimas Feridas;Plena Noite;Crescente;Céu Claro;Dupla;Reta;Sim  ;"1087683   ";Automóvel;RENAULT/LOGAN AUTH 10;"2019      ";Condutor;Ileso;"30   ";Masculino;"1 ";"0    ";"0    ";"0    ";-16.1503174;-47.9401732;SPRF-DF;DEL01-DF;UOP01-DEL01-DF 
608179;"1357971   ";2024-06-15;sábado;18:49:00;GO;"40   ";"12   ";LUZIANIA;Não;Reação tardia ou ineficiente do condutor;2;Queda de ocupante de veículo;Com Vítimas Feridas;Plena Noite;Crescente;Céu Claro;Dupla;Reta;Sim  ;"1087684   ";Motocicleta;HONDA/CG 160 FAN;"2023      ";Condutor;Lesões Leves;"20   ";Masculino;"0 ";"1    ";"0    ";"0    ";-16.1503174;-47.9401732;SPRF-DF;DEL01-DF;UOP01-DEL01-DF 
608179;"1357970   ";2024-06-15;sábado;18:49:00;GO;"40   ";"12   ";LUZIANIA;Sim;Acessar a via sem observar a presença dos outros veículos;2;Queda de ocupante de veículo;Com Vítimas Feridas;Plena Noite;Crescente;Céu Claro;Dupla;Reta;Sim  ;"1087683   ";Automóvel;RENAULT/LOGAN AUTH 10;"2019      ";Condutor;Ileso;"30   ";Masculino;"1 ";"0    ";"0    ";"0    ";-16.1503174;-47.9401732;SPRF-DF;DEL01-DF;UOP01-DEL01-DF 
608179;"1357971   ";2024-06-15;sábado;18:49:00;GO;"40   ";"12   ";LUZIANIA;Sim;Acessar a via sem observar a presença dos outros veículos;2;Queda de ocupante de veículo;Com Vítimas Feridas;Plena Noite;Crescente;Céu Claro;Dupla;Reta;Sim  ;"1087684   ";Motocicleta;HONDA/CG 160 FAN;"2023      ";Condutor;Lesões Leves;"20   ";Masculino;"0 ";"1    ";"0    ";"0    ";-16.1503174;-47.9401732;SPRF-DF;DEL01-DF;UOP01-DEL01-DF 
608179;"1357970   ";2024-06-15;sábado;18:49:00;GO;"40   ";"12   ";LUZIANIA;Não;Avarias e/ou desgaste excessivo no pneu;2;Queda de ocupante de veículo;Com Vítimas Feridas;Plena Noite;Crescente;Céu Claro;Dupla;Reta;Sim  ;"1087683   ";Automóvel;RENAULT/LOGAN AUTH 10;"2019      ";Condutor;Ileso;"30   ";Masculino;"1 ";"0    ";"0    ";"0    ";-16.1503174;-47.9401732;SPRF-DF;DEL01-DF;UOP01-DEL01-DF 
608179;"1357971   ";2024-06-15;sábado;18:49:00;GO;"40   ";"12   ";LUZIANIA;Não;Avarias e/ou desgaste excessivo no pneu;2;Queda de ocupante de veículo;Com Vítimas Feridas;Plena Noite;Crescente;Céu Claro;Dupla;Reta;Sim  ;"1087684   ";Motocicleta;HONDA/CG 160 FAN;"2023      ";Condutor;Lesões Leves;"20   ";Masculino;"0 ";"1    ";"0    ";"0    ";-16.1503174;-47.9401732;SPRF-DF;DEL01-DF;UOP01-DEL01-DF 
608179;"1357970   ";2024-06-15;sábado;18:49:00;GO;"40   ";"12   ";LUZIANIA;Não;Reação tardia ou ineficiente do condutor;1;Colisão transversal;Com Vítimas Feridas;Plena Noite;Crescente;Céu Claro;Dupla;Reta;Sim  ;"1087683   ";Automóvel;RENAULT/LOGAN AUTH 10;"2019      ";Condutor;Ileso;"30   ";Masculino;"1 ";"0    ";"0    ";"0    ";-16.1503174;-47.9401732;SPRF-DF;DEL01-DF;UOP01-DEL01-DF 
608179;"1357971   ";2024-06-15;sábado;18:49:00;GO;"40   ";"12   ";LUZIANIA;Não;Reação tardia ou ineficiente do condutor;1;Colisão transversal;Com Vítimas Feridas;Plena Noite;Crescente;Céu Claro;Dupla;Reta;Sim  ;"1087684   ";Motocicleta;HONDA/CG 160 FAN;"2023      ";Condutor;Lesões Leves;"20   ";Masculino;"0 ";"1    ";"0    ";"0    ";-16.1503174;-47.9401732;SPRF-DF;DEL01-DF;UOP01-DEL01-DF 
608179;"1357970   ";2024-06-15;sábado;18:49:00;GO;"40   ";"12   ";LUZIANIA;Sim;Acessar a via sem observar a presença dos outros veículos;1;Colisão transversal;Com Vítimas Feridas;Plena Noite;Crescente;Céu Claro;Dupla;Reta;Sim  ;"1087683   ";Automóvel;RENAULT/LOGAN AUTH 10;"2019      ";Condutor;Ileso;"30   ";Masculino;"1 ";"0    ";"0    ";"0    ";-16.1503174;-47.9401732;SPRF-DF;DEL01-DF;UOP01-DEL01-DF 
608179;"1357971   ";2024-06-15;sábado;18:49:00;GO;"40   ";"12   ";LUZIANIA;Sim;Acessar a via sem observar a presença dos outros veículos;1;Colisão transversal;Com Vítimas Feridas;Plena Noite;Crescente;Céu Claro;Dupla;Reta;Sim  ;"1087684   ";Motocicleta;HONDA/CG 160 FAN;"2023      ";Condutor;Lesões Leves;"20   ";Masculino;"0 ";"1    ";"0    ";"0    ";-16.1503174;-47.9401732;SPRF-DF;DEL01-DF;UOP01-DEL01-DF 
608179;"1357970   ";2024-06-15;sábado;18:49:00;GO;"40   ";"12   ";LUZIANIA;Não;Avarias e/ou desgaste excessivo no pneu;1;Colisão transversal;Com Vítimas Feridas;Plena Noite;Crescente;Céu Claro;Dupla;Reta;Sim  ;"1087683   ";Automóvel;RENAULT/LOGAN AUTH 10;"2019      ";Condutor;Ileso;"30   ";Masculino;"1 ";"0    ";"0    ";"0    ";-16.1503174;-47.9401732;SPRF-DF;DEL01-DF;UOP01-DEL01-DF 
608179;"1357971   ";2024-06-15;sábado;18:49:00;GO;"40   ";"12   ";LUZIANIA;Não;Avarias e/ou desgaste excessivo no pneu;1;Colisão transversal;Com Vítimas Feridas;Plena Noite;Crescente;Céu Claro;Dupla;Reta;Sim  ;"1087684   ";Motocicleta;HONDA/CG 160 FAN;"2023      ";Condutor;Lesões Leves;"20   ";Masculino;"0 ";"1    ";"0    ";"0    ";-16.1503174;-47.9401732;SPRF-DF;DEL01-DF;UOP01-DEL01-DF 
608188;"1358185   ";2024-06-17;segunda-feira;15:50:00;DF;"60   ";"1    ";BRASILIA;Não;Pedestre - Ingestão de álcool/ substâncias psicoativas;1;Atropelamento de Pedestre;Com Vítimas Feridas;Pleno dia;Decrescente;Céu Claro;Dupla;Reta;Sim  ;"1087835   ";Automóvel;FIAT/ARGO DRIVE 1.0;"2018      ";Condutor;Lesões Leves;"27   ";Feminino;"0 ";"1    ";"0    ";"0    ";-15.8850930;-48.0689540;SPRF-DF;DEL03-DF;UOP01-DEL03-DF 