id;pesid;data_inversa;dia_semana;horario;uf;br;km;municipio;causa_principal;causa_acidente;ordem_tipo_acidente;tipo_acidente;classificacao_acidente;fase_dia;sentido_via;condicao_metereologica;tipo_pista;tracado_via;uso_solo;id_veiculo;tipo_veiculo;marca;ano_fabricacao_veiculo;tipo_envolvido;estado_fisico;idade;sexo;ilesos;feridos_leves;feridos_graves;mortos;latitude;longitude;regional;delegacia;uop
608188;"1358192   ";2024-06-17;segunda-feira;15:50:00;DF;"60   ";"1    ";BRASILIA;Não;Pedestre - Ingestão de álcool/ substâncias psicoativas;1;Atropelamento de Pedestre;Com Vítimas Feridas;Pleno dia;Decrescente;Céu Claro;Dupla;Reta;Sim  ;"1087835   ";Automóvel;FIAT/ARGO DRIVE 1.0;"2018      ";Passageiro;Ileso;"50   ";Feminino;"1 ";"0    ";"0    ";"0    ";-15.8850930;-48.0689540;SPRF-DF;DEL03-DF;UOP01-DEL03-DF 
608188;"1358196   ";2024-06-17;segunda-feira;15:50:00;DF;"60   ";"1    ";BRASILIA;Não;Pedestre - Ingestão de álcool/ substâncias psicoativas;1;Atropelamento de Pedestre;Com Vítimas Feridas;Pleno dia;Decrescente;Céu Claro;Dupla;Reta;Sim  ;"0         ";"0";NA/NA;"0         ";Pedestre;Lesões Leves;"44   ";Masculino;"0 ";"1    ";"0    ";"0    ";-15.8850930;-48.0689540;SPRF-DF;DEL03-DF;UOP01-DEL03-DF 
608188;"1358185   ";2024-06-17;segunda-feira;15:50:00;DF;"60   ";"1    ";BRASILIA;Sim;Entrada inopinada do pedestre;1;Atropelamento de Pedestre;Com Vítimas Feridas;Pleno dia;Decrescente;Céu Claro;Dupla;Reta;Sim  ;"1087835   ";Automóvel;FIAT/ARGO DRIVE 1.0;"2018      ";Condutor;Lesões Leves;"27   ";Feminino;"0 ";"1    ";"0    ";"0    ";-15.8850930;-48.0689540;SPRF-DF;DEL03-DF;UOP01-DEL03-DF 
608188;"1358192   ";2024-06-17;segunda-feira;15:50:00;DF;"60   ";"1    ";BRASILIA;Sim;Entrada inopinada do pedestre;1;Atropelamento de Pedestre;Com Vítimas Feridas;Pleno dia;Decrescente;Céu Claro;Dupla;Reta;Sim  ;"1087835   ";Automóvel;FIAT/ARGO DRIVE 1.0;"2018      ";Passageiro;Ileso;"50   ";Feminino;"1 ";"0    ";"0    ";"0    ";-15.8850930;-48.0689540;SPRF-DF;DEL03-DF;UOP01-DEL03-DF 
608188;"1358196   ";2024-06-17;segunda-feira;15:50:00;DF;"60   ";"1    ";BRASILIA;Sim;Entrada inopinada do pedestre;1;Atropelamento de Pedestre;Com Vítimas Feridas;Pleno dia;Decrescente;Céu Claro;Dupla;Reta;Sim  ;"0         ";"0";NA/NA;"0         ";Pedestre;Lesões Leves;"44   ";Masculino;"0 ";"1    ";"0    ";"0    ";-15.8850930;-48.0689540;SPRF-DF;DEL03-DF;UOP01-DEL03-DF 
608193;"1358148   ";2024-06-17;segunda-feira;17:10:00;GO;"40   ";"5,9  ";VALPARAISO DE GOIAS;Não;Velocidade Incompatível;3;Queda de ocupante de veículo;Com Vítimas Feridas;Pleno dia;Crescente;Céu Claro;Dupla;"Reta;Declive";Não  ;"1087810   ";Motocicleta;HONDA/CG 160 TITAN;"2021      ";Condutor;Lesões Graves;"22   ";Masculino;"0 ";"0    ";"1    ";"0    ";-16.0931340;-47.9822360;SPRF-DF;DEL01-DF;UOP01-DEL01-DF 
608193;"1358147   ";2024-06-17;segunda-feira;17:10:00;GO;"40   ";"5,9  ";VALPARAISO DE GOIAS;Não;Velocidade Incompatível;3;Queda de ocupante de veículo;Com Vítimas Feridas;Pleno dia;Crescente;Céu Claro;Dupla;"Reta;Declive";Não  ;"1087809   ";Caminhão;M.BENZ/ACCELO 1016;"2015      ";Condutor;Ileso;"43   ";Masculino;"1 ";"0    ";"0    ";"0    ";-16.0931340;-47.9822360;SPRF-DF;DEL01-DF;UOP01-DEL01-DF 
608193;"1358148   ";2024-06-17;segunda-feira;17:10:00;GO;"40   ";"5,9  ";VALPARAISO DE GOIAS;Não;Ausência de reação do condutor;3;Queda de ocupante de veículo;Com Vítimas Feridas;Pleno dia;Crescente;Céu Claro;Dupla;"Reta;Declive";Não  ;"1087810   ";Motocicleta;HONDA/CG 160 TITAN;"2021      ";Condutor;Lesões Graves;"22   ";Masculino;"0 ";"0    ";"1    ";"0    ";-16.0931340;-47.9822360;SPRF-DF;DEL01-DF;UOP01-DEL01-DF 
608193;"1358147   ";2024-06-17;segunda-feira;17:10:00;GO;"40   ";"5,9  ";VALPARAISO DE GOIAS;Não;Ausência de reação do condutor;3;Queda de ocupante de veículo;Com Vítimas Feridas;Pleno dia;Crescente;Céu Claro;Dupla;"Reta;Declive";Não  ;"1087809   ";Caminhão;M.BENZ/ACCELO 1016;"2015      ";Condutor;Ileso;"43   ";Masculino;"1 ";"0    ";"0    ";"0    ";-16.0931340;-47.9822360;SPRF-DF;DEL01-DF;UOP01-DEL01-DF 
608193;"1358148   ";2024-06-17;segunda-feira;17:10:00;GO;"40   ";"5,9  ";VALPARAISO DE GOIAS;Sim;Reação tardia ou ineficiente do condutor;3;Queda de ocupante de veículo;Com Vítimas Feridas;Pleno dia;Crescente;Céu Claro;Dupla;"Reta;Declive";Não  ;"1087810   ";Motocicleta;HONDA/CG 160 TITAN;"2021      ";Condutor;Lesões Graves;"22   ";Masculino;"0 ";"0    ";"1    ";"0    ";-16.0931340;-47.9822360;SPRF-DF;DEL01-DF;UOP01-DEL01-DF 
608193;"1358147   ";2024-06-17;segunda-feira;17:10:00;GO;"40   ";"5,9  ";VALPARAISO DE GOIAS;Sim;Reação tardia ou ineficiente do condutor;3;Queda de ocupante de veículo;Com Vítimas Feridas;Pleno dia;Crescente;Céu Claro;Dupla;"Reta;Declive";Não  ;"1087809   ";Caminhão;M.BENZ/ACCELO 1016;"2015      ";Condutor;Ileso;"43   ";Masculino;"1 ";"0    ";"0    ";"0    ";-16.0931340;-47.9822360;SPRF-DF;DEL01-DF;UOP01-DEL01-DF 
608193;"1358148   ";2024-06-17;segunda-feira;17:10:00;GO;"40   ";"5,9  ";VALPARAISO DE GOIAS;Não;Velocidade Incompatível;2;Tombamento;Com Vítimas Feridas;Pleno dia;Crescente;Céu Claro;Dupla;"Reta;Declive";Não  ;"1087810   ";Motocicleta;HONDA/CG 160 TITAN;"2021      ";Condutor;Lesões Graves;"22   ";Masculino;"0 ";"0    ";"1    ";"0    ";-16.0931340;-47.9822360;SPRF-DF;DEL01-DF;UOP01-DEL01-DF 
608193;"1358147   ";2024-06-17;segunda-feira;17:10:00;GO;"40   ";"5,9  ";VALPARAISO DE GOIAS;Não;Velocidade Incompatível;2;Tombamento;Com Vítimas Feridas;Pleno dia;Crescente;Céu Claro;Dupla;"Reta;Declive";Não  ;"1087809   ";Caminhão;M.BENZ/ACCELO 1016;"2015      ";Condutor;Ileso;"43   ";Masculino;"1 ";"0    ";"0    ";"0    ";-16.0931340;-47.9822360;SPRF-DF;DEL01-DF;UOP01-DEL01-DF 
608193;"1358148   ";2024-06-17;segunda-feira;17:10:00;GO;"40   ";"5,9  ";VALPARAISO DE GOIAS;Não;Ausência de reação do condutor;2;Tombamento;Com Vítimas Feridas;Pleno dia;Crescente;Céu Claro;Dupla;"Reta;Declive";Não  ;"1087810   ";Motocicleta;HONDA/CG 160 TITAN;"2021      ";Condutor;Lesões Graves;"22   ";Masculino;"0 ";"0    ";"1    ";"0    ";-16.0931340;-47.9822360;SPRF-DF;DEL01-DF;UOP01-DEL01-DF 
608193;"1358147   ";2024-06-17;segunda-feira;17:10:00;GO;"40   ";"5,9  ";VALPARAISO DE GOIAS;Não;Ausência de reação do condutor;2;Tombamento;Com Vítimas Feridas;Pleno dia;Crescente;Céu Claro;Dupla;"Reta;Declive";Não  ;"1087809   ";Caminhão;M.BENZ/ACCELO 1016;"2015      ";Condutor;Ileso;"43   ";Masculino;"1 ";"0    ";"0    ";"0    ";-16.0931340;-47.9822360;SPRF-DF;DEL01-DF;UOP01-DEL01-DF 
608193;"1358148   ";2024-06-17;segunda-feira;17:10:00;GO;"40   ";"5,9  ";VALPARAISO DE GOIAS;Sim;Reação tardia ou ineficiente do condutor;2;Tombamento;Com Vítimas Feridas;Pleno dia;Crescente;Céu Claro;Dupla;"Reta;Declive";Não  ;"1087810   ";Motocicleta;HONDA/CG 160 TITAN;"2021      ";Condutor;Lesões Graves;"22   ";Masculino;"0 ";"0    ";"1    ";"0    ";-16.0931340;-47.9822360;SPRF-DF;DEL01-DF;UOP01-DEL01-DF 
608193;"1358147   ";2024-06-17;segunda-feira;17:10:00;GO;"40   ";"5,9  ";VALPARAISO DE GOIAS;Sim;Reação tardia ou ineficiente do condutor;2;Tombamento;Com Vítimas Feridas;Pleno dia;Crescente;Céu Claro;Dupla;"Reta;Declive";Não  ;"1087809   ";Caminhão;M.BENZ/ACCELO 1016;"2015      ";Condutor;Ileso;"43   ";Masculino;"1 ";"0    ";"0    ";"0    ";-16.0931340;-47.9822360;SPRF-DF;DEL01-DF;UOP01-DEL01-DF 
608193;"1358148   ";2024-06-17;segunda-feira;17:10:00;GO;"40   ";"5,9  ";VALPARAISO DE GOIAS;Não;Velocidade Incompatível;1;Colisão traseira;Com Vítimas Feridas;Pleno dia;Crescente;Céu Claro;Dupla;"Reta;Declive";Não  ;"1087810   ";Motocicleta;HONDA/CG 160 TITAN;"2021      ";Condutor;Lesões Graves;"22   ";Masculino;"0 ";"0    ";"1    ";"0    ";-16.0931340;-47.9822360;SPRF-DF;DEL01-DF;UOP01-DEL01-DF 
608193;"1358147   ";2024-06-17;segunda-feira;17:10:00;GO;"40   ";"5,9  ";VALPARAISO DE GOIAS;Não;Velocidade Incompatível;1;Colisão traseira;Com Vítimas Feridas;Pleno dia;Crescente;Céu Claro;Dupla;"Reta;Declive";Não  ;"1087809   ";Caminhão;M.BENZ/ACCELO 1016;"2015      ";Condutor;Ileso;"43   ";Masculino;"1 ";"0    ";"0    ";"0    ";-16.0931340;-47.9822360;SPRF-DF;DEL01-DF;UOP01-DEL01-DF 
608193;"1358148   ";2024-06-17;segunda-feira;17:10:00;GO;"40   ";"5,9  ";VALPARAISO DE GOIAS;Não;Ausência de reação do condutor;1;Colisão traseira;Com Vítimas Feridas;Pleno dia;Crescente;Céu Claro;Dupla;"Reta;Declive";Não  ;"1087810   ";Motocicleta;HONDA/CG 160 TITAN;"2021      ";Condutor;Lesões Graves;"22   ";Masculino;"0 ";"0    ";"1    ";"0    ";-16.0931340;-47.9822360;SPRF-DF;DEL01-DF;UOP01-DEL01-DF 
608193;"1358147   ";2024-06-17;segunda-feira;17:10:00;GO;"40   ";"5,9  ";VALPARAISO DE GOIAS;Não;Ausência de reação do condutor;1;Colisão traseira;Com Vítimas Feridas;Pleno dia;Crescente;Céu Claro;Dupla;"Reta;Declive";Não  ;"1087809   ";Caminhão;M.BENZ/ACCELO 1016;"2015      ";Condutor;Ileso;"43   ";Masculino;"1 ";"0    ";"0    ";"0    ";-16.0931340;-47.9822360;SPRF-DF;DEL01-DF;UOP01-DEL01-DF 
608193;"1358148   ";2024-06-17;segunda-feira;17:10:00;GO;"40   ";"5,9  ";VALPARAISO DE GOIAS;Sim;Reação tardia ou ineficiente do condutor;1;Colisão traseira;Com Vítimas Feridas;Pleno dia;Crescente;Céu Claro;Dupla;"Reta;Declive";Não  ;"1087810   ";Motocicleta;HONDA/CG 160 TITAN;"2021      ";Condutor;Lesões Graves;"22   ";Masculino;"0 ";"0    ";"1    ";"0    ";-16.0931340;-47.9822360;SPRF-DF;DEL01-DF;UOP01-DEL01-DF 
608193;"1358147   ";2024-06-17;segunda-feira;17:10:00;GO;"40   ";"5,9  ";VALPARAISO DE GOIAS;Sim;Reação tardia ou ineficiente do condutor;1;Colisão traseira;Com Vítimas Feridas;Pleno dia;Crescente;Céu Claro;Dupla;"Reta;Declive";Não  ;"1087809   ";Caminhão;M.BENZ/ACCELO 1016;"2015      ";Condutor;Ileso;"43   ";Masculino;"1 ";"0    ";"0    ";"0    ";-16.0931340;-47.9822360;SPRF-DF;DEL01-DF;UOP01-DEL01-DF 
608233;"1358247   ";2024-06-17;segunda-feira;20:00:00;GO;"414  ";"373  ";COCALZINHO DE GOIAS;Sim;Acessar a via sem observar a presença dos outros veículos;3;Queda de ocupante de veículo;Com Vítimas Feridas;Plena Noite;Decrescente;Céu Claro;Dupla;Reta;Sim  ;"1087890   ";Camioneta;FORD/ECOSPORT FSL AT1.6B;"2015      ";Condutor;Ileso;"72   ";Masculino;"1 ";"0    ";"0    ";"0    ";-15.7605775;-48.7557793;SPRF-GO;DEL02-GO;UOP01-DEL02-GO 
608233;"1358250   ";2024-06-17;segunda-feira;20:00:00;GO;"414  ";"373  ";COCALZINHO DE GOIAS;Sim;Acessar a via sem observar a presença dos outros veículos;3;Queda de ocupante de veículo;Com Vítimas Feridas;Plena Noite;Decrescente;Céu Claro;Dupla;Reta;Sim  ;"1087891   ";Bicicleta;Não Informado/Não Informado;"0         ";Condutor;Lesões Leves;"48   ";Masculino;"0 ";"1    ";"0    ";"0    ";-15.7605775;-48.7557793;SPRF-GO;DEL02-GO;UOP01-DEL02-GO 
608233;"1358247   ";2024-06-17;segunda-feira;20:00:00;GO;"414  ";"373  ";COCALZINHO DE GOIAS;Sim;Acessar a via sem observar a presença dos outros veículos;2;Tombamento;Com Vítimas Feridas;Plena Noite;Decrescente;Céu Claro;Dupla;Reta;Sim  ;"1087890   ";Camioneta;FORD/ECOSPORT FSL AT1.6B;"2015      ";Condutor;Ileso;"72   ";Masculino;"1 ";"0    ";"0    ";"0    ";-15.7605775;-48.7557793;SPRF-GO;DEL02-GO;UOP01-DEL02-GO 
608233;"1358250   ";2024-06-17;segunda-feira;20:00:00;GO;"414  ";"373  ";COCALZINHO DE GOIAS;Sim;Acessar a via sem observar a presença dos outros veículos;2;Tombamento;Com Vítimas Feridas;Plena Noite;Decrescente;Céu Claro;Dupla;Reta;Sim  ;"1087891   ";Bicicleta;Não Informado/Não Informado;"0         ";Condutor;Lesões Leves;"48   ";Masculino;"0 ";"1    ";"0    ";"0    ";-15.7605775;-48.7557793;SPRF-GO;DEL02-GO;UOP01-DEL02-GO 
608233;"1358247   ";2024-06-17;segunda-feira;20:00:00;GO;"414  ";"373  ";COCALZINHO DE GOIAS;Sim;Acessar a via sem observar a presença dos outros veículos;1;Colisão lateral mesmo sentido;Com Vítimas Feridas;Plena Noite;Decrescente;Céu Claro;Dupla;Reta;Sim  ;"1087890   ";Camioneta;FORD/ECOSPORT FSL AT1.6B;"2015      ";Condutor;Ileso;"72   ";Masculino;"1 ";"0    ";"0    ";"0    ";-15.7605775;-48.7557793;SPRF-GO;DEL02-GO;UOP01-DEL02-GO 
608233;"1358250   ";2024-06-17;segunda-feira;20:00:00;GO;"414  ";"373  ";COCALZINHO DE GOIAS;Sim;Acessar a via sem observar a presença dos outros veículos;1;Colisão lateral mesmo sentido;Com Vítimas Feridas;Plena Noite;Decrescente;Céu Claro;Dupla;Reta;Sim  ;"1087891   ";Bicicleta;Não Informado/Não Informado;"0         ";Condutor;Lesões Leves;"48   ";Masculino;"0 ";"1    ";"0    ";"0    ";-15.7605775;-48.7557793;SPRF-GO;DEL02-GO;UOP01-DEL02-GO 
608292;"1358872   ";2024-06-18;terça-feira;07:30:00;DF;"20   ";"13,3 ";BRASILIA;Sim;Ausência de reação do condutor;2;Queda de ocupante de veículo;Com Vítimas Feridas;Pleno dia;Decrescente;Céu Claro;Dupla;"Reta;Em Obras";Sim  ;"1088400   ";Ônibus;M.BENZ/MASCA GRANVIA O;"2023      ";Condutor;Lesões Leves;"53   ";Masculino;"0 ";"1    ";"0    ";"0    ";-15.6387520;-47.7495990;SPRF-DF;DEL02-DF;UOP01-DEL02-DF 
608292;"1358871   ";2024-06-18;terça-feira;07:30:00;DF;"20   ";"13,3 ";BRASILIA;Sim;Ausência de reação do condutor;2;Queda de ocupante de veículo;Com Vítimas Feridas;Pleno dia;Decrescente;Céu Claro;Dupla;"Reta;Em Obras";Sim  ;"1088399   ";Motocicleta;HONDA/CB 300R;"2011      ";Condutor;Lesões Leves;"38   ";Masculino;"0 ";"1    ";"0    ";"0    ";-15.6387520;-47.7495990;SPRF-DF;DEL02-DF;UOP01-DEL02-DF 
608292;"1358872   ";2024-06-18;terça-feira;07:30:00;DF;"20   ";"13,3 ";BRASILIA;Sim;Ausência de reação do condutor;1;Colisão traseira;Com Vítimas Feridas;Pleno dia;Decrescente;Céu Claro;Dupla;"Reta;Em Obras";Sim  ;"1088400   ";Ônibus;M.BENZ/MASCA GRANVIA O;"2023      ";Condutor;Lesões Leves;"53   ";Masculino;"0 ";"1    ";"0    ";"0    ";-15.6387520;-47.7495990;SPRF-DF;DEL02-DF;UOP01-DEL02-DF 
608292;"1358871   ";2024-06-18;terça-feira;07:30:00;DF;"20   ";"13,3 ";BRASILIA;Sim;Ausência de reação do condutor;1;Colisão traseira;Com Vítimas Feridas;Pleno dia;Decrescente;Céu Claro;Dupla;"Reta;Em Obras";Sim  ;"1088399   ";Motocicleta;HONDA/CB 300R;"2011      ";Condutor;Lesões Leves;"38   ";Masculino;"0 ";"1    ";"0    ";"0    ";-15.6387520;-47.7495990;SPRF-DF;DEL02-DF;UOP01-DEL02-DF 
608336;"1358395   ";2024-03-14;quinta-feira;00:15:00;GO;"40   ";"25   ";LUZIANIA;Não;Demais falhas na via;2;Colisão com objeto;Com Vítimas Feridas;Plena Noite;Decrescente;Céu Claro;Simples;Interseção de Vias;Não  ;"1088007   ";Automóvel;CITROEN/C3 XTR 14 FLEX;"2009      ";Condutor;Lesões Leves;"45   ";Masculino;"0 ";"1    ";"0    ";"0    ";-16.2527510;-47.9004530;SPRF-DF;DEL01-DF;UOP01-DEL01-DF 
608336;"1358395   ";2024-03-14;quinta-feira;00:15:00;GO;"40   ";"25   ";LUZIANIA;Sim;Deficiência do Sistema de Iluminação/Sinalização;2;Colisão com objeto;Com Vítimas Feridas;Plena Noite;Decrescente;Céu Claro;Simples;Interseção de Vias;Não  ;"1088007   ";Automóvel;CITROEN/C3 XTR 14 FLEX;"2009      ";Condutor;Lesões Leves;"45   ";Masculino;"0 ";"1    ";"0    ";"0    ";-16.2527510;-47.9004530;SPRF-DF;DEL01-DF;UOP01-DEL01-DF 
608336;"1358395   ";2024-03-14;quinta-feira;00:15:00;GO;"40   ";"25   ";LUZIANIA;Não;Demais falhas na via;1;Saída de leito carroçável;Com Vítimas Feridas;Plena Noite;Decrescente;Céu Claro;Simples;Interseção de Vias;Não  ;"1088007   ";Automóvel;CITROEN/C3 XTR 14 FLEX;"2009      ";Condutor;Lesões Leves;"45   ";Masculino;"0 ";"1    ";"0    ";"0    ";-16.2527510;-47.9004530;SPRF-DF;DEL01-DF;UOP01-DEL01-DF 
608336;"1358395   ";2024-03-14;quinta-feira;00:15:00;GO;"40   ";"25   ";LUZIANIA;Sim;Deficiência do Sistema de Iluminação/Sinalização;1;Saída de leito carroçável;Com Vítimas Feridas;Plena Noite;Decrescente;Céu Claro;Simples;Interseção de Vias;Não  ;"1088007   ";Automóvel;CITROEN/C3 XTR 14 FLEX;"2009      ";Condutor;Lesões Leves;"45   ";Masculino;"0 ";"1    ";"0    ";"0    ";-16.2527510;-47.9004530;SPRF-DF;DEL01-DF;UOP01-DEL01-DF 
608344;"1358473   ";2024-06-18;terça-feira;12:40:00;GO;"60   ";"73   ";ABADIANIA;Não;Reação tardia ou ineficiente do condutor;1;Capotamento;Com Vítimas Feridas;Pleno dia;Crescente;Céu Claro;Dupla;Reta;Não  ;"1088072   ";Caminhonete;FIAT/FIORINO ENDURANCE;"2020      ";Condutor;Lesões Leves;"24   ";Masculino;"0 ";"1    ";"0    ";"0    ";-16.2706000;-48.7699000;SPRF-GO;DEL02-GO;UOP01-DEL02-GO 
608344;"1358473   ";2024-06-18;terça-feira;12:40:00;GO;"60   ";"73   ";ABADIANIA;Não;Carga excessiva e/ou mal acondicionada;1;Capotamento;Com Vítimas Feridas;Pleno dia;Crescente;Céu Claro;Dupla;Reta;Não  ;"1088072   ";Caminhonete;FIAT/FIORINO ENDURANCE;"2020      ";Condutor;Lesões Leves;"24   ";Masculino;"0 ";"1    ";"0    ";"0    ";-16.2706000;-48.7699000;SPRF-GO;DEL02-GO;UOP01-DEL02-GO 
608344;"1358473   ";2024-06-18;terça-feira;12:40:00;GO;"60   ";"73   ";ABADIANIA;Não;Velocidade Incompatível;1;Capotamento;Com Vítimas Feridas;Pleno dia;Crescente;Céu Claro;Dupla;Reta;Não  ;"1088072   ";Caminhonete;FIAT/FIORINO ENDURANCE;"2020      ";Condutor;Lesões Leves;"24   ";Masculino;"0 ";"1    ";"0    ";"0    ";-16.2706000;-48.7699000;SPRF-GO;DEL02-GO;UOP01-DEL02-GO 
608344;"1358473   ";2024-06-18;terça-feira;12:40:00;GO;"60   ";"73   ";ABADIANIA;Sim;Manobra de mudança de faixa;1;Capotamento;Com Vítimas Feridas;Pleno dia;Crescente;Céu Claro;Dupla;Reta;Não  ;"1088072   ";Caminhonete;FIAT/FIORINO ENDURANCE;"2020      ";Condutor;Lesões Leves;"24   ";Masculino;"0 ";"1    ";"0    ";"0    ";-16.2706000;-48.7699000;SPRF-GO;DEL02-GO;UOP01-DEL02-GO 
608366;"1358502   ";2024-06-18;terça-feira;14:01:00;DF;"70   ";"12   ";BRASILIA;Sim;Manobra de mudança de faixa;1;Colisão lateral mesmo sentido;Com Vítimas Feridas;Pleno dia;Decrescente;Céu Claro;Dupla;Reta;Sim  ;"1088088   ";Motocicleta;HONDA/CG 160 START;"2019      ";Condutor;Lesões Leves;"50   ";Masculino;"0 ";"1    ";"0    ";"0    ";-15.7922430;-48.1585430;SPRF-DF;DEL03-DF;UOP02-DEL03-DF 
608366;"1358515   ";2024-06-18;terça-feira;14:01:00;DF;"70   ";"12   ";BRASILIA;Sim;Manobra de mudança de faixa;1;Colisão lateral mesmo sentido;Com Vítimas Feridas;Pleno dia;Decrescente;Céu Claro;Dupla;Reta;Sim  ;"1088089   ";Caminhonete;FIAT/STRADA TREK CE FLEX;"2009      ";Condutor;Ileso;"28   ";Masculino;"1 ";"0    ";"0    ";"0    ";-15.7922430;-48.1585430;SPRF-DF;DEL03-DF;UOP02-DEL03-DF 
608366;"1358643   ";2024-06-18;terça-feira;14:01:00;DF;"70   ";"12   ";BRASILIA;Sim;Manobra de mudança de faixa;1;Colisão lateral mesmo sentido;Com Vítimas Feridas;Pleno dia;Decrescente;Céu Claro;Dupla;Reta;Sim  ;"1088089   ";Caminhonete;FIAT/STRADA TREK CE FLEX;"2009      ";Passageiro;Ileso;"53   ";Masculino;"1 ";"0    ";"0    ";"0    ";-15.7922430;-48.1585430;SPRF-DF;DEL03-DF;UOP02-DEL03-DF 
608366;"1358504   ";2024-06-18;terça-feira;14:01:00;DF;"70   ";"12   ";BRASILIA;Sim;Manobra de mudança de faixa;1;Colisão lateral mesmo sentido;Com Vítimas Feridas;Pleno dia;Decrescente;Céu Claro;Dupla;Reta;Sim  ;"1088090   ";Automóvel;VW/POLO MA;"2023      ";Condutor;Ileso;"38   ";Masculino;"1 ";"0    ";"0    ";"0    ";-15.7922430;-48.1585430;SPRF-DF;DEL03-DF;UOP02-DEL03-DF 
608366;"1360745   ";2024-06-18;terça-feira;14:01:00;DF;"70   ";"12   ";BRASILIA;Sim;Manobra de mudança de faixa;1;Colisão lateral mesmo sentido;Com Vítimas Feridas;Pleno dia;Decrescente;Céu Claro;Dupla;Reta;Sim  ;"1088374   ";Automóvel;Não Informado/Não Informado;"0         ";Condutor;Não Informado;"0    ";Não Informado;"0 ";"0    ";"0    ";"0    ";-15.7922430;-48.1585430;SPRF-DF;DEL03-DF;UOP02-DEL03-DF 
608366;"1358502   ";2024-06-18;terça-feira;14:01:00;DF;"70   ";"12   ";BRASILIA;Sim;Manobra de mudança de faixa;3;Queda de ocupante de veículo;Com Vítimas Feridas;Pleno dia;Decrescente;Céu Claro;Dupla;Reta;Sim  ;"1088088   ";Motocicleta;HONDA/CG 160 START;"2019      ";Condutor;Lesões Leves;"50   ";Masculino;"0 ";"1    ";"0    ";"0    ";-15.7922430;-48.1585430;SPRF-DF;DEL03-DF;UOP02-DEL03-DF 
608366;"1358515   ";2024-06-18;terça-feira;14:01:00;DF;"70   ";"12   ";BRASILIA;Sim;Manobra de mudança de faixa;3;Queda de ocupante de veículo;Com Vítimas Feridas;Pleno dia;Decrescente;Céu Claro;Dupla;Reta;Sim  ;"1088089   ";Caminhonete;FIAT/STRADA TREK CE FLEX;"2009      ";Condutor;Ileso;"28   ";Masculino;"1 ";"0    ";"0    ";"0    ";-15.7922430;-48.1585430;SPRF-DF;DEL03-DF;UOP02-DEL03-DF 
608366;"1358643   ";2024-06-18;terça-feira;14:01:00;DF;"70   ";"12   ";BRASILIA;Sim;Manobra de mudança de faixa;3;Queda de ocupante de veículo;Com Vítimas Feridas;Pleno dia;Decrescente;Céu Claro;Dupla;Reta;Sim  ;"1088089   ";Caminhonete;FIAT/STRADA TREK CE FLEX;"2009      ";Passageiro;Ileso;"53   ";Masculino;"1 ";"0    ";"0    ";"0    ";-15.7922430;-48.1585430;SPRF-DF;DEL03-DF;UOP02-DEL03-DF 
608366;"1358504   ";2024-06-18;terça-feira;14:01:00;DF;"70   ";"12   ";BRASILIA;Sim;Manobra de mudança de faixa;3;Queda de ocupante de veículo;Com Vítimas Feridas;Pleno dia;Decrescente;Céu Claro;Dupla;Reta;Sim  ;"1088090   ";Automóvel;VW/POLO MA;"2023      ";Condutor;Ileso;"38   ";Masculino;"1 ";"0    ";"0    ";"0    ";-15.7922430;-48.1585430;SPRF-DF;DEL03-DF;UOP02-DEL03-DF 
608366;"1360745   ";2024-06-18;terça-feira;14:01:00;DF;"70   ";"12   ";BRASILIA;Sim;Manobra de mudança de faixa;3;Queda de ocupante de veículo;Com Vítimas Feridas;Pleno dia;Decrescente;Céu Claro;Dupla;Reta;Sim  ;"1088374   ";Automóvel;Não Informado/Não Informado;"0         ";Condutor;Não Informado;"0    ";Não Informado;"0 ";"0    ";"0    ";"0    ";-15.7922430;-48.1585430;SPRF-DF;DEL03-DF;UOP02-DEL03-DF 
608366;"1358502   ";2024-06-18;terça-feira;14:01:00;DF;"70   ";"12   ";BRASILIA;Sim;Manobra de mudança de faixa;2;Colisão traseira;Com Vítimas Feridas;Pleno dia;Decrescente;Céu Claro;Dupla;Reta;Sim  ;"1088088   ";Motocicleta;HONDA/CG 160 START;"2019      ";Condutor;Lesões Leves;"50   ";Masculino;"0 ";"1    ";"0    ";"0    ";-15.7922430;-48.1585430;SPRF-DF;DEL03-DF;UOP02-DEL03-DF 
608366;"1358515   ";2024-06-18;terça-feira;14:01:00;DF;"70   ";"12   ";BRASILIA;Sim;Manobra de mudança de faixa;2;Colisão traseira;Com Vítimas Feridas;Pleno dia;Decrescente;Céu Claro;Dupla;Reta;Sim  ;"1088089   ";Caminhonete;FIAT/STRADA TREK CE FLEX;"2009      ";Condutor;Ileso;"28   ";Masculino;"1 ";"0    ";"0    ";"0    ";-15.7922430;-48.1585430;SPRF-DF;DEL03-DF;UOP02-DEL03-DF 
608366;"1358643   ";2024-06-18;terça-feira;14:01:00;DF;"70   ";"12   ";BRASILIA;Sim;Manobra de mudança de faixa;2;Colisão traseira;Com Vítimas Feridas;Pleno dia;Decrescente;Céu Claro;Dupla;Reta;Sim  ;"1088089   ";Caminhonete;FIAT/STRADA TREK CE FLEX;"2009      ";Passageiro;Ileso;"53   ";Masculino;"1 ";"0    ";"0    ";"0    ";-15.7922430;-48.1585430;SPRF-DF;DEL03-DF;UOP02-DEL03-DF 