id;pesid;data_inversa;dia_semana;horario;uf;br;km;municipio;causa_principal;causa_acidente;ordem_tipo_acidente;tipo_acidente;classificacao_acidente;fase_dia;sentido_via;condicao_metereologica;tipo_pista;tracado_via;uso_solo;id_veiculo;tipo_veiculo;marca;ano_fabricacao_veiculo;tipo_envolvido;estado_fisico;idade;sexo;ilesos;feridos_leves;feridos_graves;mortos;latitude;longitude;regional;delegacia;uop
608366;"1358504   ";2024-06-18;terça-feira;14:01:00;DF;"70   ";"12   ";BRASILIA;Sim;Manobra de mudança de faixa;2;Colisão traseira;Com Vítimas Feridas;Pleno dia;Decrescente;Céu Claro;Dupla;Reta;Sim  ;"1088090   ";Automóvel;VW/POLO MA;"2023      ";Condutor;Ileso;"38   ";Masculino;"1 ";"0    ";"0    ";"0    ";-15.7922430;-48.1585430;SPRF-DF;DEL03-DF;UOP02-DEL03-DF 
608366;"1360745   ";2024-06-18;terça-feira;14:01:00;DF;"70   ";"12   ";BRASILIA;Sim;Manobra de mudança de faixa;2;Colisão traseira;Com Vítimas Feridas;Pleno dia;Decrescente;Céu Claro;Dupla;Reta;Sim  ;"1088374   ";Automóvel;Não Informado/Não Informado;"0         ";Condutor;Não Informado;"0    ";Não Informado;"0 ";"0    ";"0    ";"0    ";-15.7922430;-48.1585430;SPRF-DF;DEL03-DF;UOP02-DEL03-DF 
608367;"1358744   ";2024-06-18;terça-feira;13:30:00;DF;"20   ";"19,6 ";BRASILIA;Não;Reação tardia ou ineficiente do condutor;4;Saída de leito carroçável;Com Vítimas Feridas;Pleno dia;Crescente;Céu Claro;Dupla;"Retorno Regulamentado;Reta;Interseção de Vias;Declive";Sim  ;"1088298   ";Motocicleta;HONDA/CG 160 FAN ESDI;"2017      ";Condutor;Lesões Leves;"22   ";Feminino;"0 ";"1    ";"0    ";"0    ";-15.6121750;-47.7009280;SPRF-DF;DEL02-DF;UOP01-DEL02-DF 
608367;"1358746   ";2024-06-18;terça-feira;13:30:00;DF;"20   ";"19,6 ";BRASILIA;Não;Reação tardia ou ineficiente do condutor;4;Saída de leito carroçável;Com Vítimas Feridas;Pleno dia;Crescente;Céu Claro;Dupla;"Retorno Regulamentado;Reta;Interseção de Vias;Declive";Sim  ;"1088299   ";Caminhonete;GM/MONTANA ENGESIG FURG;"2010      ";Condutor;Ileso;"67   ";Masculino;"1 ";"0    ";"0    ";"0    ";-15.6121750;-47.7009280;SPRF-DF;DEL02-DF;UOP01-DEL02-DF 
608367;"1358752   ";2024-06-18;terça-feira;13:30:00;DF;"20   ";"19,6 ";BRASILIA;Não;Reação tardia ou ineficiente do condutor;4;Saída de leito carroçável;Com Vítimas Feridas;Pleno dia;Crescente;Céu Claro;Dupla;"Retorno Regulamentado;Reta;Interseção de Vias;Declive";Sim  ;"1088299   ";Caminhonete;GM/MONTANA ENGESIG FURG;"2010      ";Passageiro;Ileso;"18   ";Masculino;"1 ";"0    ";"0    ";"0    ";-15.6121750;-47.7009280;SPRF-DF;DEL02-DF;UOP01-DEL02-DF 
608367;"1358744   ";2024-06-18;terça-feira;13:30:00;DF;"20   ";"19,6 ";BRASILIA;Sim;Acessar a via sem observar a presença dos outros veículos;4;Saída de leito carroçável;Com Vítimas Feridas;Pleno dia;Crescente;Céu Claro;Dupla;"Retorno Regulamentado;Reta;Interseção de Vias;Declive";Sim  ;"1088298   ";Motocicleta;HONDA/CG 160 FAN ESDI;"2017      ";Condutor;Lesões Leves;"22   ";Feminino;"0 ";"1    ";"0    ";"0    ";-15.6121750;-47.7009280;SPRF-DF;DEL02-DF;UOP01-DEL02-DF 
608367;"1358746   ";2024-06-18;terça-feira;13:30:00;DF;"20   ";"19,6 ";BRASILIA;Sim;Acessar a via sem observar a presença dos outros veículos;4;Saída de leito carroçável;Com Vítimas Feridas;Pleno dia;Crescente;Céu Claro;Dupla;"Retorno Regulamentado;Reta;Interseção de Vias;Declive";Sim  ;"1088299   ";Caminhonete;GM/MONTANA ENGESIG FURG;"2010      ";Condutor;Ileso;"67   ";Masculino;"1 ";"0    ";"0    ";"0    ";-15.6121750;-47.7009280;SPRF-DF;DEL02-DF;UOP01-DEL02-DF 
608367;"1358752   ";2024-06-18;terça-feira;13:30:00;DF;"20   ";"19,6 ";BRASILIA;Sim;Acessar a via sem observar a presença dos outros veículos;4;Saída de leito carroçável;Com Vítimas Feridas;Pleno dia;Crescente;Céu Claro;Dupla;"Retorno Regulamentado;Reta;Interseção de Vias;Declive";Sim  ;"1088299   ";Caminhonete;GM/MONTANA ENGESIG FURG;"2010      ";Passageiro;Ileso;"18   ";Masculino;"1 ";"0    ";"0    ";"0    ";-15.6121750;-47.7009280;SPRF-DF;DEL02-DF;UOP01-DEL02-DF 
608367;"1358744   ";2024-06-18;terça-feira;13:30:00;DF;"20   ";"19,6 ";BRASILIA;Não;Reação tardia ou ineficiente do condutor;3;Queda de ocupante de veículo;Com Vítimas Feridas;Pleno dia;Crescente;Céu Claro;Dupla;"Retorno Regulamentado;Reta;Interseção de Vias;Declive";Sim  ;"1088298   ";Motocicleta;HONDA/CG 160 FAN ESDI;"2017      ";Condutor;Lesões Leves;"22   ";Feminino;"0 ";"1    ";"0    ";"0    ";-15.6121750;-47.7009280;SPRF-DF;DEL02-DF;UOP01-DEL02-DF 
608367;"1358746   ";2024-06-18;terça-feira;13:30:00;DF;"20   ";"19,6 ";BRASILIA;Não;Reação tardia ou ineficiente do condutor;3;Queda de ocupante de veículo;Com Vítimas Feridas;Pleno dia;Crescente;Céu Claro;Dupla;"Retorno Regulamentado;Reta;Interseção de Vias;Declive";Sim  ;"1088299   ";Caminhonete;GM/MONTANA ENGESIG FURG;"2010      ";Condutor;Ileso;"67   ";Masculino;"1 ";"0    ";"0    ";"0    ";-15.6121750;-47.7009280;SPRF-DF;DEL02-DF;UOP01-DEL02-DF 
608367;"1358752   ";2024-06-18;terça-feira;13:30:00;DF;"20   ";"19,6 ";BRASILIA;Não;Reação tardia ou ineficiente do condutor;3;Queda de ocupante de veículo;Com Vítimas Feridas;Pleno dia;Crescente;Céu Claro;Dupla;"Retorno Regulamentado;Reta;Interseção de Vias;Declive";Sim  ;"1088299   ";Caminhonete;GM/MONTANA ENGESIG FURG;"2010      ";Passageiro;Ileso;"18   ";Masculino;"1 ";"0    ";"0    ";"0    ";-15.6121750;-47.7009280;SPRF-DF;DEL02-DF;UOP01-DEL02-DF 
608367;"1358744   ";2024-06-18;terça-feira;13:30:00;DF;"20   ";"19,6 ";BRASILIA;Sim;Acessar a via sem observar a presença dos outros veículos;3;Queda de ocupante de veículo;Com Vítimas Feridas;Pleno dia;Crescente;Céu Claro;Dupla;"Retorno Regulamentado;Reta;Interseção de Vias;Declive";Sim  ;"1088298   ";Motocicleta;HONDA/CG 160 FAN ESDI;"2017      ";Condutor;Lesões Leves;"22   ";Feminino;"0 ";"1    ";"0    ";"0    ";-15.6121750;-47.7009280;SPRF-DF;DEL02-DF;UOP01-DEL02-DF 
608367;"1358746   ";2024-06-18;terça-feira;13:30:00;DF;"20   ";"19,6 ";BRASILIA;Sim;Acessar a via sem observar a presença dos outros veículos;3;Queda de ocupante de veículo;Com Vítimas Feridas;Pleno dia;Crescente;Céu Claro;Dupla;"Retorno Regulamentado;Reta;Interseção de Vias;Declive";Sim  ;"1088299   ";Caminhonete;GM/MONTANA ENGESIG FURG;"2010      ";Condutor;Ileso;"67   ";Masculino;"1 ";"0    ";"0    ";"0    ";-15.6121750;-47.7009280;SPRF-DF;DEL02-DF;UOP01-DEL02-DF 
608367;"1358752   ";2024-06-18;terça-feira;13:30:00;DF;"20   ";"19,6 ";BRASILIA;Sim;Acessar a via sem observar a presença dos outros veículos;3;Queda de ocupante de veículo;Com Vítimas Feridas;Pleno dia;Crescente;Céu Claro;Dupla;"Retorno Regulamentado;Reta;Interseção de Vias;Declive";Sim  ;"1088299   ";Caminhonete;GM/MONTANA ENGESIG FURG;"2010      ";Passageiro;Ileso;"18   ";Masculino;"1 ";"0    ";"0    ";"0    ";-15.6121750;-47.7009280;SPRF-DF;DEL02-DF;UOP01-DEL02-DF 
608367;"1358744   ";2024-06-18;terça-feira;13:30:00;DF;"20   ";"19,6 ";BRASILIA;Não;Reação tardia ou ineficiente do condutor;2;Tombamento;Com Vítimas Feridas;Pleno dia;Crescente;Céu Claro;Dupla;"Retorno Regulamentado;Reta;Interseção de Vias;Declive";Sim  ;"1088298   ";Motocicleta;HONDA/CG 160 FAN ESDI;"2017      ";Condutor;Lesões Leves;"22   ";Feminino;"0 ";"1    ";"0    ";"0    ";-15.6121750;-47.7009280;SPRF-DF;DEL02-DF;UOP01-DEL02-DF 
608367;"1358746   ";2024-06-18;terça-feira;13:30:00;DF;"20   ";"19,6 ";BRASILIA;Não;Reação tardia ou ineficiente do condutor;2;Tombamento;Com Vítimas Feridas;Pleno dia;Crescente;Céu Claro;Dupla;"Retorno Regulamentado;Reta;Interseção de Vias;Declive";Sim  ;"1088299   ";Caminhonete;GM/MONTANA ENGESIG FURG;"2010      ";Condutor;Ileso;"67   ";Masculino;"1 ";"0    ";"0    ";"0    ";-15.6121750;-47.7009280;SPRF-DF;DEL02-DF;UOP01-DEL02-DF 
608367;"1358752   ";2024-06-18;terça-feira;13:30:00;DF;"20   ";"19,6 ";BRASILIA;Não;Reação tardia ou ineficiente do condutor;2;Tombamento;Com Vítimas Feridas;Pleno dia;Crescente;Céu Claro;Dupla;"Retorno Regulamentado;Reta;Interseção de Vias;Declive";Sim  ;"1088299   ";Caminhonete;GM/MONTANA ENGESIG FURG;"2010      ";Passageiro;Ileso;"18   ";Masculino;"1 ";"0    ";"0    ";"0    ";-15.6121750;-47.7009280;SPRF-DF;DEL02-DF;UOP01-DEL02-DF 
608367;"1358744   ";2024-06-18;terça-feira;13:30:00;DF;"20   ";"19,6 ";BRASILIA;Sim;Acessar a via sem observar a presença dos outros veículos;2;Tombamento;Com Vítimas Feridas;Pleno dia;Crescente;Céu Claro;Dupla;"Retorno Regulamentado;Reta;Interseção de Vias;Declive";Sim  ;"1088298   ";Motocicleta;HONDA/CG 160 FAN ESDI;"2017      ";Condutor;Lesões Leves;"22   ";Feminino;"0 ";"1    ";"0    ";"0    ";-15.6121750;-47.7009280;SPRF-DF;DEL02-DF;UOP01-DEL02-DF 
608367;"1358746   ";2024-06-18;terça-feira;13:30:00;DF;"20   ";"19,6 ";BRASILIA;Sim;Acessar a via sem observar a presença dos outros veículos;2;Tombamento;Com Vítimas Feridas;Pleno dia;Crescente;Céu Claro;Dupla;"Retorno Regulamentado;Reta;Interseção de Vias;Declive";Sim  ;"1088299   ";Caminhonete;GM/MONTANA ENGESIG FURG;"2010      ";Condutor;Ileso;"67   ";Masculino;"1 ";"0    ";"0    ";"0    ";-15.6121750;-47.7009280;SPRF-DF;DEL02-DF;UOP01-DEL02-DF 
608367;"1358752   ";2024-06-18;terça-feira;13:30:00;DF;"20   ";"19,6 ";BRASILIA;Sim;Acessar a via sem observar a presença dos outros veículos;2;Tombamento;Com Vítimas Feridas;Pleno dia;Crescente;Céu Claro;Dupla;"Retorno Regulamentado;Reta;Interseção de Vias;Declive";Sim  ;"1088299   ";Caminhonete;GM/MONTANA ENGESIG FURG;"2010      ";Passageiro;Ileso;"18   ";Masculino;"1 ";"0    ";"0    ";"0    ";-15.6121750;-47.7009280;SPRF-DF;DEL02-DF;UOP01-DEL02-DF 
608367;"1358744   ";2024-06-18;terça-feira;13:30:00;DF;"20   ";"19,6 ";BRASILIA;Não;Reação tardia ou ineficiente do condutor;1;Colisão lateral mesmo sentido;Com Vítimas Feridas;Pleno dia;Crescente;Céu Claro;Dupla;"Retorno Regulamentado;Reta;Interseção de Vias;Declive";Sim  ;"1088298   ";Motocicleta;HONDA/CG 160 FAN ESDI;"2017      ";Condutor;Lesões Leves;"22   ";Feminino;"0 ";"1    ";"0    ";"0    ";-15.6121750;-47.7009280;SPRF-DF;DEL02-DF;UOP01-DEL02-DF 
608367;"1358746   ";2024-06-18;terça-feira;13:30:00;DF;"20   ";"19,6 ";BRASILIA;Não;Reação tardia ou ineficiente do condutor;1;Colisão lateral mesmo sentido;Com Vítimas Feridas;Pleno dia;Crescente;Céu Claro;Dupla;"Retorno Regulamentado;Reta;Interseção de Vias;Declive";Sim  ;"1088299   ";Caminhonete;GM/MONTANA ENGESIG FURG;"2010      ";Condutor;Ileso;"67   ";Masculino;"1 ";"0    ";"0    ";"0    ";-15.6121750;-47.7009280;SPRF-DF;DEL02-DF;UOP01-DEL02-DF 
608367;"1358752   ";2024-06-18;terça-feira;13:30:00;DF;"20   ";"19,6 ";BRASILIA;Não;Reação tardia ou ineficiente do condutor;1;Colisão lateral mesmo sentido;Com Vítimas Feridas;Pleno dia;Crescente;Céu Claro;Dupla;"Retorno Regulamentado;Reta;Interseção de Vias;Declive";Sim  ;"1088299   ";Caminhonete;GM/MONTANA ENGESIG FURG;"2010      ";Passageiro;Ileso;"18   ";Masculino;"1 ";"0    ";"0    ";"0    ";-15.6121750;-47.7009280;SPRF-DF;DEL02-DF;UOP01-DEL02-DF 
608367;"1358744   ";2024-06-18;terça-feira;13:30:00;DF;"20   ";"19,6 ";BRASILIA;Sim;Acessar a via sem observar a presença dos outros veículos;1;Colisão lateral mesmo sentido;Com Vítimas Feridas;Pleno dia;Crescente;Céu Claro;Dupla;"Retorno Regulamentado;Reta;Interseção de Vias;Declive";Sim  ;"1088298   ";Motocicleta;HONDA/CG 160 FAN ESDI;"2017      ";Condutor;Lesões Leves;"22   ";Feminino;"0 ";"1    ";"0    ";"0    ";-15.6121750;-47.7009280;SPRF-DF;DEL02-DF;UOP01-DEL02-DF 
608367;"1358746   ";2024-06-18;terça-feira;13:30:00;DF;"20   ";"19,6 ";BRASILIA;Sim;Acessar a via sem observar a presença dos outros veículos;1;Colisão lateral mesmo sentido;Com Vítimas Feridas;Pleno dia;Crescente;Céu Claro;Dupla;"Retorno Regulamentado;Reta;Interseção de Vias;Declive";Sim  ;"1088299   ";Caminhonete;GM/MONTANA ENGESIG FURG;"2010      ";Condutor;Ileso;"67   ";Masculino;"1 ";"0    ";"0    ";"0    ";-15.6121750;-47.7009280;SPRF-DF;DEL02-DF;UOP01-DEL02-DF 
608367;"1358752   ";2024-06-18;terça-feira;13:30:00;DF;"20   ";"19,6 ";BRASILIA;Sim;Acessar a via sem observar a presença dos outros veículos;1;Colisão lateral mesmo sentido;Com Vítimas Feridas;Pleno dia;Crescente;Céu Claro;Dupla;"Retorno Regulamentado;Reta;Interseção de Vias;Declive";Sim  ;"1088299   ";Caminhonete;GM/MONTANA ENGESIG FURG;"2010      ";Passageiro;Ileso;"18   ";Masculino;"1 ";"0    ";"0    ";"0    ";-15.6121750;-47.7009280;SPRF-DF;DEL02-DF;UOP01-DEL02-DF 
608405;"1358577   ";2024-06-18;terça-feira;10:00:00;GO;"153  ";"400,6";PIRENOPOLIS;Sim;Acessar a via sem observar a presença dos outros veículos;3;Queda de ocupante de veículo;Com Vítimas Fatais;Pleno dia;Decrescente;Céu Claro;Simples;"Interseção de Vias;Reta";Não  ;"1088155   ";Automóvel;HYUNDAI/HB20 1.0M 1.0 M;"2013      ";Condutor;Ileso;"26   ";Masculino;"1 ";"0    ";"0    ";"0    ";-16.0295280;-49.0939140;SPRF-GO;DEL02-GO;UOP02-DEL02-GO 
608405;"1359444   ";2024-06-18;terça-feira;10:00:00;GO;"153  ";"400,6";PIRENOPOLIS;Sim;Acessar a via sem observar a presença dos outros veículos;3;Queda de ocupante de veículo;Com Vítimas Fatais;Pleno dia;Decrescente;Céu Claro;Simples;"Interseção de Vias;Reta";Não  ;"1088155   ";Automóvel;HYUNDAI/HB20 1.0M 1.0 M;"2013      ";Passageiro;Ileso;"6    ";Masculino;"1 ";"0    ";"0    ";"0    ";-16.0295280;-49.0939140;SPRF-GO;DEL02-GO;UOP02-DEL02-GO 
608405;"1359441   ";2024-06-18;terça-feira;10:00:00;GO;"153  ";"400,6";PIRENOPOLIS;Sim;Acessar a via sem observar a presença dos outros veículos;3;Queda de ocupante de veículo;Com Vítimas Fatais;Pleno dia;Decrescente;Céu Claro;Simples;"Interseção de Vias;Reta";Não  ;"1088155   ";Automóvel;HYUNDAI/HB20 1.0M 1.0 M;"2013      ";Passageiro;Ileso;"44   ";Masculino;"1 ";"0    ";"0    ";"0    ";-16.0295280;-49.0939140;SPRF-GO;DEL02-GO;UOP02-DEL02-GO 
608405;"1359443   ";2024-06-18;terça-feira;10:00:00;GO;"153  ";"400,6";PIRENOPOLIS;Sim;Acessar a via sem observar a presença dos outros veículos;3;Queda de ocupante de veículo;Com Vítimas Fatais;Pleno dia;Decrescente;Céu Claro;Simples;"Interseção de Vias;Reta";Não  ;"1088155   ";Automóvel;HYUNDAI/HB20 1.0M 1.0 M;"2013      ";Passageiro;Ileso;"23   ";Masculino;"1 ";"0    ";"0    ";"0    ";-16.0295280;-49.0939140;SPRF-GO;DEL02-GO;UOP02-DEL02-GO 
608405;"1358580   ";2024-06-18;terça-feira;10:00:00;GO;"153  ";"400,6";PIRENOPOLIS;Sim;Acessar a via sem observar a presença dos outros veículos;3;Queda de ocupante de veículo;Com Vítimas Fatais;Pleno dia;Decrescente;Céu Claro;Simples;"Interseção de Vias;Reta";Não  ;"1088156   ";Motocicleta;HONDA/CG 125 TITAN KSE;"2004      ";Condutor;Óbito;"48   ";Masculino;"0 ";"0    ";"0    ";"1    ";-16.0295280;-49.0939140;SPRF-GO;DEL02-GO;UOP02-DEL02-GO 
608405;"0         ";2024-06-18;terça-feira;10:00:00;GO;"153  ";"400,6";PIRENOPOLIS;Sim;Acessar a via sem observar a presença dos outros veículos;3;Queda de ocupante de veículo;Com Vítimas Fatais;Pleno dia;Decrescente;Céu Claro;Simples;"Interseção de Vias;Reta";Não  ;"1088169   ";Reboque;R/PRESIDENTE TRA CARGA 1;"2006      ";"0";"0";"0    ";"0";"0 ";"0    ";"0    ";"0    ";-16.0295280;-49.0939140;SPRF-GO;DEL02-GO;UOP02-DEL02-GO 
608405;"1358577   ";2024-06-18;terça-feira;10:00:00;GO;"153  ";"400,6";PIRENOPOLIS;Sim;Acessar a via sem observar a presença dos outros veículos;2;Tombamento;Com Vítimas Fatais;Pleno dia;Decrescente;Céu Claro;Simples;"Interseção de Vias;Reta";Não  ;"1088155   ";Automóvel;HYUNDAI/HB20 1.0M 1.0 M;"2013      ";Condutor;Ileso;"26   ";Masculino;"1 ";"0    ";"0    ";"0    ";-16.0295280;-49.0939140;SPRF-GO;DEL02-GO;UOP02-DEL02-GO 
608405;"1359444   ";2024-06-18;terça-feira;10:00:00;GO;"153  ";"400,6";PIRENOPOLIS;Sim;Acessar a via sem observar a presença dos outros veículos;2;Tombamento;Com Vítimas Fatais;Pleno dia;Decrescente;Céu Claro;Simples;"Interseção de Vias;Reta";Não  ;"1088155   ";Automóvel;HYUNDAI/HB20 1.0M 1.0 M;"2013      ";Passageiro;Ileso;"6    ";Masculino;"1 ";"0    ";"0    ";"0    ";-16.0295280;-49.0939140;SPRF-GO;DEL02-GO;UOP02-DEL02-GO 
608405;"1359441   ";2024-06-18;terça-feira;10:00:00;GO;"153  ";"400,6";PIRENOPOLIS;Sim;Acessar a via sem observar a presença dos outros veículos;2;Tombamento;Com Vítimas Fatais;Pleno dia;Decrescente;Céu Claro;Simples;"Interseção de Vias;Reta";Não  ;"1088155   ";Automóvel;HYUNDAI/HB20 1.0M 1.0 M;"2013      ";Passageiro;Ileso;"44   ";Masculino;"1 ";"0    ";"0    ";"0    ";-16.0295280;-49.0939140;SPRF-GO;DEL02-GO;UOP02-DEL02-GO 
608405;"1359443   ";2024-06-18;terça-feira;10:00:00;GO;"153  ";"400,6";PIRENOPOLIS;Sim;Acessar a via sem observar a presença dos outros veículos;2;Tombamento;Com Vítimas Fatais;Pleno dia;Decrescente;Céu Claro;Simples;"Interseção de Vias;Reta";Não  ;"1088155   ";Automóvel;HYUNDAI/HB20 1.0M 1.0 M;"2013      ";Passageiro;Ileso;"23   ";Masculino;"1 ";"0    ";"0    ";"0    ";-16.0295280;-49.0939140;SPRF-GO;DEL02-GO;UOP02-DEL02-GO 
608405;"1358580   ";2024-06-18;terça-feira;10:00:00;GO;"153  ";"400,6";PIRENOPOLIS;Sim;Acessar a via sem observar a presença dos outros veículos;2;Tombamento;Com Vítimas Fatais;Pleno dia;Decrescente;Céu Claro;Simples;"Interseção de Vias;Reta";Não  ;"1088156   ";Motocicleta;HONDA/CG 125 TITAN KSE;"2004      ";Condutor;Óbito;"48   ";Masculino;"0 ";"0    ";"0    ";"1    ";-16.0295280;-49.0939140;SPRF-GO;DEL02-GO;UOP02-DEL02-GO 
608405;"0         ";2024-06-18;terça-feira;10:00:00;GO;"153  ";"400,6";PIRENOPOLIS;Sim;Acessar a via sem observar a presença dos outros veículos;2;Tombamento;Com Vítimas Fatais;Pleno dia;Decrescente;Céu Claro;Simples;"Interseção de Vias;Reta";Não  ;"1088169   ";Reboque;R/PRESIDENTE TRA CARGA 1;"2006      ";"0";"0";"0    ";"0";"0 ";"0    ";"0    ";"0    ";-16.0295280;-49.0939140;SPRF-GO;DEL02-GO;UOP02-DEL02-GO 
608405;"1358577   ";2024-06-18;terça-feira;10:00:00;GO;"153  ";"400,6";PIRENOPOLIS;Sim;Acessar a via sem observar a presença dos outros veículos;1;Colisão frontal;Com Vítimas Fatais;Pleno dia;Decrescente;Céu Claro;Simples;"Interseção de Vias;Reta";Não  ;"1088155   ";Automóvel;HYUNDAI/HB20 1.0M 1.0 M;"2013      ";Condutor;Ileso;"26   ";Masculino;"1 ";"0    ";"0    ";"0    ";-16.0295280;-49.0939140;SPRF-GO;DEL02-GO;UOP02-DEL02-GO 
608405;"1359444   ";2024-06-18;terça-feira;10:00:00;GO;"153  ";"400,6";PIRENOPOLIS;Sim;Acessar a via sem observar a presença dos outros veículos;1;Colisão frontal;Com Vítimas Fatais;Pleno dia;Decrescente;Céu Claro;Simples;"Interseção de Vias;Reta";Não  ;"1088155   ";Automóvel;HYUNDAI/HB20 1.0M 1.0 M;"2013      ";Passageiro;Ileso;"6    ";Masculino;"1 ";"0    ";"0    ";"0    ";-16.0295280;-49.0939140;SPRF-GO;DEL02-GO;UOP02-DEL02-GO 
608405;"1359441   ";2024-06-18;terça-feira;10:00:00;GO;"153  ";"400,6";PIRENOPOLIS;Sim;Acessar a via sem observar a presença dos outros veículos;1;Colisão frontal;Com Vítimas Fatais;Pleno dia;Decrescente;Céu Claro;Simples;"Interseção de Vias;Reta";Não  ;"1088155   ";Automóvel;HYUNDAI/HB20 1.0M 1.0 M;"2013      ";Passageiro;Ileso;"44   ";Masculino;"1 ";"0    ";"0    ";"0    ";-16.0295280;-49.0939140;SPRF-GO;DEL02-GO;UOP02-DEL02-GO 
608405;"1359443   ";2024-06-18;terça-feira;10:00:00;GO;"153  ";"400,6";PIRENOPOLIS;Sim;Acessar a via sem observar a presença dos outros veículos;1;Colisão frontal;Com Vítimas Fatais;Pleno dia;Decrescente;Céu Claro;Simples;"Interseção de Vias;Reta";Não  ;"1088155   ";Automóvel;HYUNDAI/HB20 1.0M 1.0 M;"2013      ";Passageiro;Ileso;"23   ";Masculino;"1 ";"0    ";"0    ";"0    ";-16.0295280;-49.0939140;SPRF-GO;DEL02-GO;UOP02-DEL02-GO 
608405;"1358580   ";2024-06-18;terça-feira;10:00:00;GO;"153  ";"400,6";PIRENOPOLIS;Sim;Acessar a via sem observar a presença dos outros veículos;1;Colisão frontal;Com Vítimas Fatais;Pleno dia;Decrescente;Céu Claro;Simples;"Interseção de Vias;Reta";Não  ;"1088156   ";Motocicleta;HONDA/CG 125 TITAN KSE;"2004      ";Condutor;Óbito;"48   ";Masculino;"0 ";"0    ";"0    ";"1    ";-16.0295280;-49.0939140;SPRF-GO;DEL02-GO;UOP02-DEL02-GO 
608405;"0         ";2024-06-18;terça-feira;10:00:00;GO;"153  ";"400,6";PIRENOPOLIS;Sim;Acessar a via sem observar a presença dos outros veículos;1;Colisão frontal;Com Vítimas Fatais;Pleno dia;Decrescente;Céu Claro;Simples;"Interseção de Vias;Reta";Não  ;"1088169   ";Reboque;R/PRESIDENTE TRA CARGA 1;"2006      ";"0";"0";"0    ";"0";"0 ";"0    ";"0    ";"0    ";-16.0295280;-49.0939140;SPRF-GO;DEL02-GO;UOP02-DEL02-GO 
608424;"1358662   ";2024-06-18;terça-feira;18:35:00;GO;"20   ";"175,8";ALVORADA DO NORTE;Sim;Reação tardia ou ineficiente do condutor;2;Saída de leito carroçável;Com Vítimas Feridas;Plena Noite;Decrescente;Céu Claro;Dupla;Retorno Regulamentado;Não  ;"1088235   ";Automóvel;VW/GOL 1.6;"2012      ";Condutor;Lesões Leves;"53   ";Feminino;"0 ";"1    ";"0    ";"0    ";-14.4638470;-46.4801790;SPRF-DF;DEL02-DF;UOP03-DEL02-DF 
608424;"1358666   ";2024-06-18;terça-feira;18:35:00;GO;"20   ";"175,8";ALVORADA DO NORTE;Sim;Reação tardia ou ineficiente do condutor;2;Saída de leito carroçável;Com Vítimas Feridas;Plena Noite;Decrescente;Céu Claro;Dupla;Retorno Regulamentado;Não  ;"1088235   ";Automóvel;VW/GOL 1.6;"2012      ";Passageiro;Lesões Leves;"21   ";Feminino;"0 ";"1    ";"0    ";"0    ";-14.4638470;-46.4801790;SPRF-DF;DEL02-DF;UOP03-DEL02-DF 
608424;"1358667   ";2024-06-18;terça-feira;18:35:00;GO;"20   ";"175,8";ALVORADA DO NORTE;Sim;Reação tardia ou ineficiente do condutor;2;Saída de leito carroçável;Com Vítimas Feridas;Plena Noite;Decrescente;Céu Claro;Dupla;Retorno Regulamentado;Não  ;"1088236   ";Caminhão-trator;VOLVO/FH 540 6X4T;"2022      ";Condutor;Ileso;"43   ";Masculino;"1 ";"0    ";"0    ";"0    ";-14.4638470;-46.4801790;SPRF-DF;DEL02-DF;UOP03-DEL02-DF 
608424;"0         ";2024-06-18;terça-feira;18:35:00;GO;"20   ";"175,8";ALVORADA DO NORTE;Sim;Reação tardia ou ineficiente do condutor;2;Saída de leito carroçável;Com Vítimas Feridas;Plena Noite;Decrescente;Céu Claro;Dupla;Retorno Regulamentado;Não  ;"1090271   ";Semireboque;SR/NOMA SRAT3E SRCAT;"2018      ";"0";"0";"0    ";"0";"0 ";"0    ";"0    ";"0    ";-14.4638470;-46.4801790;SPRF-DF;DEL02-DF;UOP03-DEL02-DF 
608424;"0         ";2024-06-18;terça-feira;18:35:00;GO;"20   ";"175,8";ALVORADA DO NORTE;Sim;Reação tardia ou ineficiente do condutor;2;Saída de leito carroçável;Com Vítimas Feridas;Plena Noite;Decrescente;Céu Claro;Dupla;Retorno Regulamentado;Não  ;"1090272   ";Semireboque;SR/NOMA SRAD3E SRCAD;"2018      ";"0";"0";"0    ";"0";"0 ";"0    ";"0    ";"0    ";-14.4638470;-46.4801790;SPRF-DF;DEL02-DF;UOP03-DEL02-DF 