id;pesid;data_inversa;dia_semana;horario;uf;br;km;municipio;causa_principal;causa_acidente;ordem_tipo_acidente;tipo_acidente;classificacao_acidente;fase_dia;sentido_via;condicao_metereologica;tipo_pista;tracado_via;uso_solo;id_veiculo;tipo_veiculo;marca;ano_fabricacao_veiculo;tipo_envolvido;estado_fisico;idade;sexo;ilesos;feridos_leves;feridos_graves;mortos;latitude;longitude;regional;delegacia;uop
608424;"1358662   ";2024-06-18;terça-feira;18:35:00;GO;"20   ";"175,8";ALVORADA DO NORTE;Sim;Reação tardia ou ineficiente do condutor;1;Colisão lateral mesmo sentido;Com Vítimas Feridas;Plena Noite;Decrescente;Céu Claro;Dupla;Retorno Regulamentado;Não  ;"1088235   ";Automóvel;VW/GOL 1.6;"2012      ";Condutor;Lesões Leves;"53   ";Feminino;"0 ";"1    ";"0    ";"0    ";-14.4638470;-46.4801790;SPRF-DF;DEL02-DF;UOP03-DEL02-DF 
608424;"1358666   ";2024-06-18;terça-feira;18:35:00;GO;"20   ";"175,8";ALVORADA DO NORTE;Sim;Reação tardia ou ineficiente do condutor;1;Colisão lateral mesmo sentido;Com Vítimas Feridas;Plena Noite;Decrescente;Céu Claro;Dupla;Retorno Regulamentado;Não  ;"1088235   ";Automóvel;VW/GOL 1.6;"2012      ";Passageiro;Lesões Leves;"21   ";Feminino;"0 ";"1    ";"0    ";"0    ";-14.4638470;-46.4801790;SPRF-DF;DEL02-DF;UOP03-DEL02-DF 
608424;"1358667   ";2024-06-18;terça-feira;18:35:00;GO;"20   ";"175,8";ALVORADA DO NORTE;Sim;Reação tardia ou ineficiente do condutor;1;Colisão lateral mesmo sentido;Com Vítimas Feridas;Plena Noite;Decrescente;Céu Claro;Dupla;Retorno Regulamentado;Não  ;"1088236   ";Caminhão-trator;VOLVO/FH 540 6X4T;"2022      ";Condutor;Ileso;"43   ";Masculino;"1 ";"0    ";"0    ";"0    ";-14.4638470;-46.4801790;SPRF-DF;DEL02-DF;UOP03-DEL02-DF 
608424;"0         ";2024-06-18;terça-feira;18:35:00;GO;"20   ";"175,8";ALVORADA DO NORTE;Sim;Reação tardia ou ineficiente do condutor;1;Colisão lateral mesmo sentido;Com Vítimas Feridas;Plena Noite;Decrescente;Céu Claro;Dupla;Retorno Regulamentado;Não  ;"1090271   ";Semireboque;SR/NOMA SRAT3E SRCAT;"2018      ";"0";"0";"0    ";"0";"0 ";"0    ";"0    ";"0    ";-14.4638470;-46.4801790;SPRF-DF;DEL02-DF;UOP03-DEL02-DF 
608424;"0         ";2024-06-18;terça-feira;18:35:00;GO;"20   ";"175,8";ALVORADA DO NORTE;Sim;Reação tardia ou ineficiente do condutor;1;Colisão lateral mesmo sentido;Com Vítimas Feridas;Plena Noite;Decrescente;Céu Claro;Dupla;Retorno Regulamentado;Não  ;"1090272   ";Semireboque;SR/NOMA SRAD3E SRCAD;"2018      ";"0";"0";"0    ";"0";"0 ";"0    ";"0    ";"0    ";-14.4638470;-46.4801790;SPRF-DF;DEL02-DF;UOP03-DEL02-DF 
608446;"1358905   ";2024-06-18;terça-feira;19:07:00;DF;"20   ";"4,5  ";BRASILIA;Sim;Manobra de mudança de faixa;2;Queda de ocupante de veículo;Com Vítimas Feridas;Plena Noite;Crescente;Céu Claro;Dupla;Reta;Sim  ;"1088428   ";Motocicleta;HONDA/CG 160 CARGO;"2023      ";Condutor;Lesões Leves;"23   ";Masculino;"0 ";"1    ";"0    ";"0    ";-15.6754840;-47.8237610;SPRF-DF;DEL02-DF;UOP01-DEL02-DF 
608446;"1358906   ";2024-06-18;terça-feira;19:07:00;DF;"20   ";"4,5  ";BRASILIA;Sim;Manobra de mudança de faixa;2;Queda de ocupante de veículo;Com Vítimas Feridas;Plena Noite;Crescente;Céu Claro;Dupla;Reta;Sim  ;"1088428   ";Motocicleta;HONDA/CG 160 CARGO;"2023      ";Passageiro;Lesões Leves;"19   ";Feminino;"0 ";"1    ";"0    ";"0    ";-15.6754840;-47.8237610;SPRF-DF;DEL02-DF;UOP01-DEL02-DF 
608446;"1358907   ";2024-06-18;terça-feira;19:07:00;DF;"20   ";"4,5  ";BRASILIA;Sim;Manobra de mudança de faixa;2;Queda de ocupante de veículo;Com Vítimas Feridas;Plena Noite;Crescente;Céu Claro;Dupla;Reta;Sim  ;"1088429   ";Caminhonete;FIAT/DOBLO CARGO 1.4;"2015      ";Condutor;Ileso;"22   ";Masculino;"1 ";"0    ";"0    ";"0    ";-15.6754840;-47.8237610;SPRF-DF;DEL02-DF;UOP01-DEL02-DF 
608446;"1358905   ";2024-06-18;terça-feira;19:07:00;DF;"20   ";"4,5  ";BRASILIA;Sim;Manobra de mudança de faixa;1;Colisão lateral mesmo sentido;Com Vítimas Feridas;Plena Noite;Crescente;Céu Claro;Dupla;Reta;Sim  ;"1088428   ";Motocicleta;HONDA/CG 160 CARGO;"2023      ";Condutor;Lesões Leves;"23   ";Masculino;"0 ";"1    ";"0    ";"0    ";-15.6754840;-47.8237610;SPRF-DF;DEL02-DF;UOP01-DEL02-DF 
608446;"1358906   ";2024-06-18;terça-feira;19:07:00;DF;"20   ";"4,5  ";BRASILIA;Sim;Manobra de mudança de faixa;1;Colisão lateral mesmo sentido;Com Vítimas Feridas;Plena Noite;Crescente;Céu Claro;Dupla;Reta;Sim  ;"1088428   ";Motocicleta;HONDA/CG 160 CARGO;"2023      ";Passageiro;Lesões Leves;"19   ";Feminino;"0 ";"1    ";"0    ";"0    ";-15.6754840;-47.8237610;SPRF-DF;DEL02-DF;UOP01-DEL02-DF 
608446;"1358907   ";2024-06-18;terça-feira;19:07:00;DF;"20   ";"4,5  ";BRASILIA;Sim;Manobra de mudança de faixa;1;Colisão lateral mesmo sentido;Com Vítimas Feridas;Plena Noite;Crescente;Céu Claro;Dupla;Reta;Sim  ;"1088429   ";Caminhonete;FIAT/DOBLO CARGO 1.4;"2015      ";Condutor;Ileso;"22   ";Masculino;"1 ";"0    ";"0    ";"0    ";-15.6754840;-47.8237610;SPRF-DF;DEL02-DF;UOP01-DEL02-DF 
608490;"1358862   ";2024-06-18;terça-feira;23:30:00;GO;"80   ";"7    ";PADRE BERNARDO;Não;Condutor Dormindo;1;Colisão lateral sentido oposto;Sem Vítimas;Plena Noite;Crescente;Ignorado;Simples;Curva;Não  ;"1088393   ";Caminhão;Não Informado/Não Informado;"0         ";Condutor;Não Informado;"0    ";Não Informado;"0 ";"0    ";"0    ";"0    ";-15.2035026;-48.2672196;SPRF-DF;DEL03-DF;UOP02-DEL03-DF 
608490;"1358863   ";2024-06-18;terça-feira;23:30:00;GO;"80   ";"7    ";PADRE BERNARDO;Não;Condutor Dormindo;1;Colisão lateral sentido oposto;Sem Vítimas;Plena Noite;Crescente;Ignorado;Simples;Curva;Não  ;"1088394   ";Camioneta;FIAT/DOBLO ELX;"2003      ";Condutor;Não Informado;"0    ";Não Informado;"0 ";"0    ";"0    ";"0    ";-15.2035026;-48.2672196;SPRF-DF;DEL03-DF;UOP02-DEL03-DF 
608490;"1358862   ";2024-06-18;terça-feira;23:30:00;GO;"80   ";"7    ";PADRE BERNARDO;Sim;Transitar na contramão;1;Colisão lateral sentido oposto;Sem Vítimas;Plena Noite;Crescente;Ignorado;Simples;Curva;Não  ;"1088393   ";Caminhão;Não Informado/Não Informado;"0         ";Condutor;Não Informado;"0    ";Não Informado;"0 ";"0    ";"0    ";"0    ";-15.2035026;-48.2672196;SPRF-DF;DEL03-DF;UOP02-DEL03-DF 
608490;"1358863   ";2024-06-18;terça-feira;23:30:00;GO;"80   ";"7    ";PADRE BERNARDO;Sim;Transitar na contramão;1;Colisão lateral sentido oposto;Sem Vítimas;Plena Noite;Crescente;Ignorado;Simples;Curva;Não  ;"1088394   ";Camioneta;FIAT/DOBLO ELX;"2003      ";Condutor;Não Informado;"0    ";Não Informado;"0 ";"0    ";"0    ";"0    ";-15.2035026;-48.2672196;SPRF-DF;DEL03-DF;UOP02-DEL03-DF 
608495;"1358917   ";2024-06-19;quarta-feira;05:45:00;GO;"40   ";"42,1 ";LUZIANIA;Não;Declive acentuado;2;Capotamento;Com Vítimas Fatais;Amanhecer;Crescente;Céu Claro;Simples;"Curva;Declive";Não  ;"1088444   ";Caminhão-trator;VOLVO/FH 440 6X2T;"2007      ";Condutor;Óbito;"25   ";Masculino;"0 ";"0    ";"0    ";"1    ";-16.3678020;-47.8269720;SPRF-DF;DEL01-DF;UOP02-DEL01-DF 
608495;"0         ";2024-06-19;quarta-feira;05:45:00;GO;"40   ";"42,1 ";LUZIANIA;Não;Declive acentuado;2;Capotamento;Com Vítimas Fatais;Amanhecer;Crescente;Céu Claro;Simples;"Curva;Declive";Não  ;"1088446   ";Semireboque;SR/METALESP SILOCAR BD22;"2010      ";"0";"0";"0    ";"0";"0 ";"0    ";"0    ";"0    ";-16.3678020;-47.8269720;SPRF-DF;DEL01-DF;UOP02-DEL01-DF 
608495;"0         ";2024-06-19;quarta-feira;05:45:00;GO;"40   ";"42,1 ";LUZIANIA;Não;Declive acentuado;2;Capotamento;Com Vítimas Fatais;Amanhecer;Crescente;Céu Claro;Simples;"Curva;Declive";Não  ;"1089803   ";Semireboque;SR/METALESP SILOCAR BT22;"2010      ";"0";"0";"0    ";"0";"0 ";"0    ";"0    ";"0    ";-16.3678020;-47.8269720;SPRF-DF;DEL01-DF;UOP02-DEL01-DF 
608495;"1358917   ";2024-06-19;quarta-feira;05:45:00;GO;"40   ";"42,1 ";LUZIANIA;Sim;Condutor Dormindo;2;Capotamento;Com Vítimas Fatais;Amanhecer;Crescente;Céu Claro;Simples;"Curva;Declive";Não  ;"1088444   ";Caminhão-trator;VOLVO/FH 440 6X2T;"2007      ";Condutor;Óbito;"25   ";Masculino;"0 ";"0    ";"0    ";"1    ";-16.3678020;-47.8269720;SPRF-DF;DEL01-DF;UOP02-DEL01-DF 
608495;"0         ";2024-06-19;quarta-feira;05:45:00;GO;"40   ";"42,1 ";LUZIANIA;Sim;Condutor Dormindo;2;Capotamento;Com Vítimas Fatais;Amanhecer;Crescente;Céu Claro;Simples;"Curva;Declive";Não  ;"1088446   ";Semireboque;SR/METALESP SILOCAR BD22;"2010      ";"0";"0";"0    ";"0";"0 ";"0    ";"0    ";"0    ";-16.3678020;-47.8269720;SPRF-DF;DEL01-DF;UOP02-DEL01-DF 
608495;"0         ";2024-06-19;quarta-feira;05:45:00;GO;"40   ";"42,1 ";LUZIANIA;Sim;Condutor Dormindo;2;Capotamento;Com Vítimas Fatais;Amanhecer;Crescente;Céu Claro;Simples;"Curva;Declive";Não  ;"1089803   ";Semireboque;SR/METALESP SILOCAR BT22;"2010      ";"0";"0";"0    ";"0";"0 ";"0    ";"0    ";"0    ";-16.3678020;-47.8269720;SPRF-DF;DEL01-DF;UOP02-DEL01-DF 
608495;"1358917   ";2024-06-19;quarta-feira;05:45:00;GO;"40   ";"42,1 ";LUZIANIA;Não;Declive acentuado;1;Saída de leito carroçável;Com Vítimas Fatais;Amanhecer;Crescente;Céu Claro;Simples;"Curva;Declive";Não  ;"1088444   ";Caminhão-trator;VOLVO/FH 440 6X2T;"2007      ";Condutor;Óbito;"25   ";Masculino;"0 ";"0    ";"0    ";"1    ";-16.3678020;-47.8269720;SPRF-DF;DEL01-DF;UOP02-DEL01-DF 
608495;"0         ";2024-06-19;quarta-feira;05:45:00;GO;"40   ";"42,1 ";LUZIANIA;Não;Declive acentuado;1;Saída de leito carroçável;Com Vítimas Fatais;Amanhecer;Crescente;Céu Claro;Simples;"Curva;Declive";Não  ;"1088446   ";Semireboque;SR/METALESP SILOCAR BD22;"2010      ";"0";"0";"0    ";"0";"0 ";"0    ";"0    ";"0    ";-16.3678020;-47.8269720;SPRF-DF;DEL01-DF;UOP02-DEL01-DF 
608495;"0         ";2024-06-19;quarta-feira;05:45:00;GO;"40   ";"42,1 ";LUZIANIA;Não;Declive acentuado;1;Saída de leito carroçável;Com Vítimas Fatais;Amanhecer;Crescente;Céu Claro;Simples;"Curva;Declive";Não  ;"1089803   ";Semireboque;SR/METALESP SILOCAR BT22;"2010      ";"0";"0";"0    ";"0";"0 ";"0    ";"0    ";"0    ";-16.3678020;-47.8269720;SPRF-DF;DEL01-DF;UOP02-DEL01-DF 
608495;"1358917   ";2024-06-19;quarta-feira;05:45:00;GO;"40   ";"42,1 ";LUZIANIA;Sim;Condutor Dormindo;1;Saída de leito carroçável;Com Vítimas Fatais;Amanhecer;Crescente;Céu Claro;Simples;"Curva;Declive";Não  ;"1088444   ";Caminhão-trator;VOLVO/FH 440 6X2T;"2007      ";Condutor;Óbito;"25   ";Masculino;"0 ";"0    ";"0    ";"1    ";-16.3678020;-47.8269720;SPRF-DF;DEL01-DF;UOP02-DEL01-DF 
608495;"0         ";2024-06-19;quarta-feira;05:45:00;GO;"40   ";"42,1 ";LUZIANIA;Sim;Condutor Dormindo;1;Saída de leito carroçável;Com Vítimas Fatais;Amanhecer;Crescente;Céu Claro;Simples;"Curva;Declive";Não  ;"1088446   ";Semireboque;SR/METALESP SILOCAR BD22;"2010      ";"0";"0";"0    ";"0";"0 ";"0    ";"0    ";"0    ";-16.3678020;-47.8269720;SPRF-DF;DEL01-DF;UOP02-DEL01-DF 
608495;"0         ";2024-06-19;quarta-feira;05:45:00;GO;"40   ";"42,1 ";LUZIANIA;Sim;Condutor Dormindo;1;Saída de leito carroçável;Com Vítimas Fatais;Amanhecer;Crescente;Céu Claro;Simples;"Curva;Declive";Não  ;"1089803   ";Semireboque;SR/METALESP SILOCAR BT22;"2010      ";"0";"0";"0    ";"0";"0 ";"0    ";"0    ";"0    ";-16.3678020;-47.8269720;SPRF-DF;DEL01-DF;UOP02-DEL01-DF 
608509;"1358849   ";2024-06-19;quarta-feira;07:30:00;GO;"40   ";"2    ";VALPARAISO DE GOIAS;Sim;Acessar a via sem observar a presença dos outros veículos;2;Queda de ocupante de veículo;Com Vítimas Feridas;Pleno dia;Crescente;Céu Claro;Dupla;"Retorno Regulamentado;Reta";Sim  ;"1088375   ";Motocicleta;HONDA/CB 250F TWISTER;"2015      ";Condutor;Lesões Leves;"29   ";Masculino;"0 ";"1    ";"0    ";"0    ";-16.0671290;-47.9842350;SPRF-DF;DEL01-DF;UOP01-DEL01-DF 
608509;"1359529   ";2024-06-19;quarta-feira;07:30:00;GO;"40   ";"2    ";VALPARAISO DE GOIAS;Sim;Acessar a via sem observar a presença dos outros veículos;2;Queda de ocupante de veículo;Com Vítimas Feridas;Pleno dia;Crescente;Céu Claro;Dupla;"Retorno Regulamentado;Reta";Sim  ;"1088879   ";Automóvel;Não Informado/Não Informado;"0         ";Condutor;Ileso;"0    ";Ignorado;"1 ";"0    ";"0    ";"0    ";-16.0671290;-47.9842350;SPRF-DF;DEL01-DF;UOP01-DEL01-DF 
608509;"1358849   ";2024-06-19;quarta-feira;07:30:00;GO;"40   ";"2    ";VALPARAISO DE GOIAS;Sim;Acessar a via sem observar a presença dos outros veículos;1;Colisão lateral sentido oposto;Com Vítimas Feridas;Pleno dia;Crescente;Céu Claro;Dupla;"Retorno Regulamentado;Reta";Sim  ;"1088375   ";Motocicleta;HONDA/CB 250F TWISTER;"2015      ";Condutor;Lesões Leves;"29   ";Masculino;"0 ";"1    ";"0    ";"0    ";-16.0671290;-47.9842350;SPRF-DF;DEL01-DF;UOP01-DEL01-DF 
608509;"1359529   ";2024-06-19;quarta-feira;07:30:00;GO;"40   ";"2    ";VALPARAISO DE GOIAS;Sim;Acessar a via sem observar a presença dos outros veículos;1;Colisão lateral sentido oposto;Com Vítimas Feridas;Pleno dia;Crescente;Céu Claro;Dupla;"Retorno Regulamentado;Reta";Sim  ;"1088879   ";Automóvel;Não Informado/Não Informado;"0         ";Condutor;Ileso;"0    ";Ignorado;"1 ";"0    ";"0    ";"0    ";-16.0671290;-47.9842350;SPRF-DF;DEL01-DF;UOP01-DEL01-DF 
608529;"1359074   ";2024-06-19;quarta-feira;08:40:00;DF;"20   ";"4    ";BRASILIA;Sim;Reação tardia ou ineficiente do condutor;1;Engavetamento;Com Vítimas Feridas;Pleno dia;Decrescente;Céu Claro;Dupla;Reta;Sim  ;"1088531   ";Automóvel;HYUNDAI/HB20 10M COMFORT;"2022      ";Condutor;Lesões Leves;"41   ";Feminino;"0 ";"1    ";"0    ";"0    ";-15.6754840;-47.8237610;SPRF-DF;DEL02-DF;UOP01-DEL02-DF 
608529;"1359076   ";2024-06-19;quarta-feira;08:40:00;DF;"20   ";"4    ";BRASILIA;Sim;Reação tardia ou ineficiente do condutor;1;Engavetamento;Com Vítimas Feridas;Pleno dia;Decrescente;Céu Claro;Dupla;Reta;Sim  ;"1088535   ";Automóvel;HONDA/CITY EX CVT;"2016      ";Condutor;Ileso;"49   ";Masculino;"1 ";"0    ";"0    ";"0    ";-15.6754840;-47.8237610;SPRF-DF;DEL02-DF;UOP01-DEL02-DF 
608529;"1359075   ";2024-06-19;quarta-feira;08:40:00;DF;"20   ";"4    ";BRASILIA;Sim;Reação tardia ou ineficiente do condutor;1;Engavetamento;Com Vítimas Feridas;Pleno dia;Decrescente;Céu Claro;Dupla;Reta;Sim  ;"1088533   ";Caminhonete;I/VW AMAROK V6 HIGH AC4;"2018      ";Condutor;Ileso;"64   ";Masculino;"1 ";"0    ";"0    ";"0    ";-15.6754840;-47.8237610;SPRF-DF;DEL02-DF;UOP01-DEL02-DF 
608599;"1359154   ";2024-06-19;quarta-feira;16:22:00;DF;"60   ";"13   ";BRASILIA;Não;Estacionar ou parar em local proibido;1;Colisão com objeto;Sem Vítimas;Pleno dia;Crescente;Céu Claro;Múltipla;Reta;Sim  ;"1088610   ";Caminhão;FORD/F4000 G;"2001      ";Condutor;Ileso;"48   ";Masculino;"1 ";"0    ";"0    ";"0    ";-15.9288200;-48.1677720;SPRF-DF;DEL03-DF;UOP01-DEL03-DF 
608599;"1359154   ";2024-06-19;quarta-feira;16:22:00;DF;"60   ";"13   ";BRASILIA;Sim;Ausência de reação do condutor;1;Colisão com objeto;Sem Vítimas;Pleno dia;Crescente;Céu Claro;Múltipla;Reta;Sim  ;"1088610   ";Caminhão;FORD/F4000 G;"2001      ";Condutor;Ileso;"48   ";Masculino;"1 ";"0    ";"0    ";"0    ";-15.9288200;-48.1677720;SPRF-DF;DEL03-DF;UOP01-DEL03-DF 
608616;"1359143   ";2024-06-19;quarta-feira;17:30:00;DF;"20   ";"4,2  ";BRASILIA;Sim;Ausência de reação do condutor;1;Engavetamento;Sem Vítimas;Pleno dia;Crescente;Céu Claro;Dupla;"Declive;Reta";Não  ;"1088602   ";Automóvel;PEUGEOT/207HB XLINE;"2010      ";Condutor;Ileso;"26   ";Masculino;"1 ";"0    ";"0    ";"0    ";-15.6754840;-47.8237610;SPRF-DF;DEL02-DF;UOP01-DEL02-DF 
608616;"1359147   ";2024-06-19;quarta-feira;17:30:00;DF;"20   ";"4,2  ";BRASILIA;Sim;Ausência de reação do condutor;1;Engavetamento;Sem Vítimas;Pleno dia;Crescente;Céu Claro;Dupla;"Declive;Reta";Não  ;"1088603   ";Automóvel;FORD/FIESTA FLEX;"2007      ";Condutor;Ileso;"41   ";Masculino;"1 ";"0    ";"0    ";"0    ";-15.6754840;-47.8237610;SPRF-DF;DEL02-DF;UOP01-DEL02-DF 
608616;"1359151   ";2024-06-19;quarta-feira;17:30:00;DF;"20   ";"4,2  ";BRASILIA;Sim;Ausência de reação do condutor;1;Engavetamento;Sem Vítimas;Pleno dia;Crescente;Céu Claro;Dupla;"Declive;Reta";Não  ;"1088604   ";Automóvel;RENAULT/SANDERO EXP1016V;"2012      ";Condutor;Ileso;"32   ";Masculino;"1 ";"0    ";"0    ";"0    ";-15.6754840;-47.8237610;SPRF-DF;DEL02-DF;UOP01-DEL02-DF 
608621;"1359196   ";2024-06-19;quarta-feira;16:55:00;DF;"20   ";"10,1 ";BRASILIA;Não;Mal súbito do condutor;1;Colisão com objeto;Com Vítimas Feridas;Pleno dia;Decrescente;Céu Claro;Dupla;Reta;Sim  ;"1088643   ";Automóvel;VW/POLO MCA;"2018      ";Condutor;Ileso;"23   ";Masculino;"1 ";"0    ";"0    ";"0    ";-15.6502430;-47.7738720;SPRF-DF;DEL02-DF;UOP01-DEL02-DF 
608621;"1359197   ";2024-06-19;quarta-feira;16:55:00;DF;"20   ";"10,1 ";BRASILIA;Não;Mal súbito do condutor;1;Colisão com objeto;Com Vítimas Feridas;Pleno dia;Decrescente;Céu Claro;Dupla;Reta;Sim  ;"1088643   ";Automóvel;VW/POLO MCA;"2018      ";Passageiro;Lesões Leves;"24   ";Feminino;"0 ";"1    ";"0    ";"0    ";-15.6502430;-47.7738720;SPRF-DF;DEL02-DF;UOP01-DEL02-DF 
608621;"1359196   ";2024-06-19;quarta-feira;16:55:00;DF;"20   ";"10,1 ";BRASILIA;Sim;Ausência de reação do condutor;1;Colisão com objeto;Com Vítimas Feridas;Pleno dia;Decrescente;Céu Claro;Dupla;Reta;Sim  ;"1088643   ";Automóvel;VW/POLO MCA;"2018      ";Condutor;Ileso;"23   ";Masculino;"1 ";"0    ";"0    ";"0    ";-15.6502430;-47.7738720;SPRF-DF;DEL02-DF;UOP01-DEL02-DF 
608621;"1359197   ";2024-06-19;quarta-feira;16:55:00;DF;"20   ";"10,1 ";BRASILIA;Sim;Ausência de reação do condutor;1;Colisão com objeto;Com Vítimas Feridas;Pleno dia;Decrescente;Céu Claro;Dupla;Reta;Sim  ;"1088643   ";Automóvel;VW/POLO MCA;"2018      ";Passageiro;Lesões Leves;"24   ";Feminino;"0 ";"1    ";"0    ";"0    ";-15.6502430;-47.7738720;SPRF-DF;DEL02-DF;UOP01-DEL02-DF 
608633;"1359172   ";2024-06-15;sábado;14:00:00;DF;"40   ";"3,8  ";BRASILIA;Sim;Transitar no Acostamento;5;Capotamento;Com Vítimas Feridas;Pleno dia;Crescente;Sol;Dupla;Reta;Sim  ;"1088629   ";Automóvel;FORD/KA GL;"2002      ";Condutor;Ileso;"37   ";Masculino;"1 ";"0    ";"0    ";"0    ";-16.0031450;-47.9839440;SPRF-DF;DEL01-DF;UOP01-DEL01-DF 
608633;"1359173   ";2024-06-15;sábado;14:00:00;DF;"40   ";"3,8  ";BRASILIA;Sim;Transitar no Acostamento;5;Capotamento;Com Vítimas Feridas;Pleno dia;Crescente;Sol;Dupla;Reta;Sim  ;"1088630   ";Automóvel;FIAT/MOBI LIKE;"2019      ";Condutor;Ileso;"54   ";Feminino;"1 ";"0    ";"0    ";"0    ";-16.0031450;-47.9839440;SPRF-DF;DEL01-DF;UOP01-DEL01-DF 
608633;"1359174   ";2024-06-15;sábado;14:00:00;DF;"40   ";"3,8  ";BRASILIA;Sim;Transitar no Acostamento;5;Capotamento;Com Vítimas Feridas;Pleno dia;Crescente;Sol;Dupla;Reta;Sim  ;"1088631   ";Automóvel;FIAT/SIENA FIRE FLEX;"2008      ";Condutor;Lesões Leves;"49   ";Masculino;"0 ";"1    ";"0    ";"0    ";-16.0031450;-47.9839440;SPRF-DF;DEL01-DF;UOP01-DEL01-DF 
608633;"1359175   ";2024-06-15;sábado;14:00:00;DF;"40   ";"3,8  ";BRASILIA;Sim;Transitar no Acostamento;5;Capotamento;Com Vítimas Feridas;Pleno dia;Crescente;Sol;Dupla;Reta;Sim  ;"1088632   ";Motocicleta;HONDA/CG 160 FAN;"2022      ";Condutor;Ileso;"42   ";Masculino;"1 ";"0    ";"0    ";"0    ";-16.0031450;-47.9839440;SPRF-DF;DEL01-DF;UOP01-DEL01-DF 
608633;"1359172   ";2024-06-15;sábado;14:00:00;DF;"40   ";"3,8  ";BRASILIA;Sim;Transitar no Acostamento;4;Saída de leito carroçável;Com Vítimas Feridas;Pleno dia;Crescente;Sol;Dupla;Reta;Sim  ;"1088629   ";Automóvel;FORD/KA GL;"2002      ";Condutor;Ileso;"37   ";Masculino;"1 ";"0    ";"0    ";"0    ";-16.0031450;-47.9839440;SPRF-DF;DEL01-DF;UOP01-DEL01-DF 
608633;"1359173   ";2024-06-15;sábado;14:00:00;DF;"40   ";"3,8  ";BRASILIA;Sim;Transitar no Acostamento;4;Saída de leito carroçável;Com Vítimas Feridas;Pleno dia;Crescente;Sol;Dupla;Reta;Sim  ;"1088630   ";Automóvel;FIAT/MOBI LIKE;"2019      ";Condutor;Ileso;"54   ";Feminino;"1 ";"0    ";"0    ";"0    ";-16.0031450;-47.9839440;SPRF-DF;DEL01-DF;UOP01-DEL01-DF 
608633;"1359174   ";2024-06-15;sábado;14:00:00;DF;"40   ";"3,8  ";BRASILIA;Sim;Transitar no Acostamento;4;Saída de leito carroçável;Com Vítimas Feridas;Pleno dia;Crescente;Sol;Dupla;Reta;Sim  ;"1088631   ";Automóvel;FIAT/SIENA FIRE FLEX;"2008      ";Condutor;Lesões Leves;"49   ";Masculino;"0 ";"1    ";"0    ";"0    ";-16.0031450;-47.9839440;SPRF-DF;DEL01-DF;UOP01-DEL01-DF 
608633;"1359175   ";2024-06-15;sábado;14:00:00;DF;"40   ";"3,8  ";BRASILIA;Sim;Transitar no Acostamento;4;Saída de leito carroçável;Com Vítimas Feridas;Pleno dia;Crescente;Sol;Dupla;Reta;Sim  ;"1088632   ";Motocicleta;HONDA/CG 160 FAN;"2022      ";Condutor;Ileso;"42   ";Masculino;"1 ";"0    ";"0    ";"0    ";-16.0031450;-47.9839440;SPRF-DF;DEL01-DF;UOP01-DEL01-DF 
608633;"1359172   ";2024-06-15;sábado;14:00:00;DF;"40   ";"3,8  ";BRASILIA;Sim;Transitar no Acostamento;3;Colisão com objeto;Com Vítimas Feridas;Pleno dia;Crescente;Sol;Dupla;Reta;Sim  ;"1088629   ";Automóvel;FORD/KA GL;"2002      ";Condutor;Ileso;"37   ";Masculino;"1 ";"0    ";"0    ";"0    ";-16.0031450;-47.9839440;SPRF-DF;DEL01-DF;UOP01-DEL01-DF 
608633;"1359173   ";2024-06-15;sábado;14:00:00;DF;"40   ";"3,8  ";BRASILIA;Sim;Transitar no Acostamento;3;Colisão com objeto;Com Vítimas Feridas;Pleno dia;Crescente;Sol;Dupla;Reta;Sim  ;"1088630   ";Automóvel;FIAT/MOBI LIKE;"2019      ";Condutor;Ileso;"54   ";Feminino;"1 ";"0    ";"0    ";"0    ";-16.0031450;-47.9839440;SPRF-DF;DEL01-DF;UOP01-DEL01-DF 
608633;"1359174   ";2024-06-15;sábado;14:00:00;DF;"40   ";"3,8  ";BRASILIA;Sim;Transitar no Acostamento;3;Colisão com objeto;Com Vítimas Feridas;Pleno dia;Crescente;Sol;Dupla;Reta;Sim  ;"1088631   ";Automóvel;FIAT/SIENA FIRE FLEX;"2008      ";Condutor;Lesões Leves;"49   ";Masculino;"0 ";"1    ";"0    ";"0    ";-16.0031450;-47.9839440;SPRF-DF;DEL01-DF;UOP01-DEL01-DF 
608633;"1359175   ";2024-06-15;sábado;14:00:00;DF;"40   ";"3,8  ";BRASILIA;Sim;Transitar no Acostamento;3;Colisão com objeto;Com Vítimas Feridas;Pleno dia;Crescente;Sol;Dupla;Reta;Sim  ;"1088632   ";Motocicleta;HONDA/CG 160 FAN;"2022      ";Condutor;Ileso;"42   ";Masculino;"1 ";"0    ";"0    ";"0    ";-16.0031450;-47.9839440;SPRF-DF;DEL01-DF;UOP01-DEL01-DF 
608633;"1359172   ";2024-06-15;sábado;14:00:00;DF;"40   ";"3,8  ";BRASILIA;Sim;Transitar no Acostamento;2;Colisão lateral mesmo sentido;Com Vítimas Feridas;Pleno dia;Crescente;Sol;Dupla;Reta;Sim  ;"1088629   ";Automóvel;FORD/KA GL;"2002      ";Condutor;Ileso;"37   ";Masculino;"1 ";"0    ";"0    ";"0    ";-16.0031450;-47.9839440;SPRF-DF;DEL01-DF;UOP01-DEL01-DF 