id;pesid;data_inversa;dia_semana;horario;uf;br;km;municipio;causa_principal;causa_acidente;ordem_tipo_acidente;tipo_acidente;classificacao_acidente;fase_dia;sentido_via;condicao_metereologica;tipo_pista;tracado_via;uso_solo;id_veiculo;tipo_veiculo;marca;ano_fabricacao_veiculo;tipo_envolvido;estado_fisico;idade;sexo;ilesos;feridos_leves;feridos_graves;mortos;latitude;longitude;regional;delegacia;uop
608633;"1359173   ";2024-06-15;sábado;14:00:00;DF;"40   ";"3,8  ";BRASILIA;Sim;Transitar no Acostamento;2;Colisão lateral mesmo sentido;Com Vítimas Feridas;Pleno dia;Crescente;Sol;Dupla;Reta;Sim  ;"1088630   ";Automóvel;FIAT/MOBI LIKE;"2019      ";Condutor;Ileso;"54   ";Feminino;"1 ";"0    ";"0    ";"0    ";-16.0031450;-47.9839440;SPRF-DF;DEL01-DF;UOP01-DEL01-DF 
608633;"1359174   ";2024-06-15;sábado;14:00:00;DF;"40   ";"3,8  ";BRASILIA;Sim;Transitar no Acostamento;2;Colisão lateral mesmo sentido;Com Vítimas Feridas;Pleno dia;Crescente;Sol;Dupla;Reta;Sim  ;"1088631   ";Automóvel;FIAT/SIENA FIRE FLEX;"2008      ";Condutor;Lesões Leves;"49   ";Masculino;"0 ";"1    ";"0    ";"0    ";-16.0031450;-47.9839440;SPRF-DF;DEL01-DF;UOP01-DEL01-DF 
608633;"1359175   ";2024-06-15;sábado;14:00:00;DF;"40   ";"3,8  ";BRASILIA;Sim;Transitar no Acostamento;2;Colisão lateral mesmo sentido;Com Vítimas Feridas;Pleno dia;Crescente;Sol;Dupla;Reta;Sim  ;"1088632   ";Motocicleta;HONDA/CG 160 FAN;"2022      ";Condutor;Ileso;"42   ";Masculino;"1 ";"0    ";"0    ";"0    ";-16.0031450;-47.9839440;SPRF-DF;DEL01-DF;UOP01-DEL01-DF 
608633;"1359172   ";2024-06-15;sábado;14:00:00;DF;"40   ";"3,8  ";BRASILIA;Sim;Transitar no Acostamento;1;Colisão lateral mesmo sentido;Com Vítimas Feridas;Pleno dia;Crescente;Sol;Dupla;Reta;Sim  ;"1088629   ";Automóvel;FORD/KA GL;"2002      ";Condutor;Ileso;"37   ";Masculino;"1 ";"0    ";"0    ";"0    ";-16.0031450;-47.9839440;SPRF-DF;DEL01-DF;UOP01-DEL01-DF 
608633;"1359173   ";2024-06-15;sábado;14:00:00;DF;"40   ";"3,8  ";BRASILIA;Sim;Transitar no Acostamento;1;Colisão lateral mesmo sentido;Com Vítimas Feridas;Pleno dia;Crescente;Sol;Dupla;Reta;Sim  ;"1088630   ";Automóvel;FIAT/MOBI LIKE;"2019      ";Condutor;Ileso;"54   ";Feminino;"1 ";"0    ";"0    ";"0    ";-16.0031450;-47.9839440;SPRF-DF;DEL01-DF;UOP01-DEL01-DF 
608633;"1359174   ";2024-06-15;sábado;14:00:00;DF;"40   ";"3,8  ";BRASILIA;Sim;Transitar no Acostamento;1;Colisão lateral mesmo sentido;Com Vítimas Feridas;Pleno dia;Crescente;Sol;Dupla;Reta;Sim  ;"1088631   ";Automóvel;FIAT/SIENA FIRE FLEX;"2008      ";Condutor;Lesões Leves;"49   ";Masculino;"0 ";"1    ";"0    ";"0    ";-16.0031450;-47.9839440;SPRF-DF;DEL01-DF;UOP01-DEL01-DF 
608633;"1359175   ";2024-06-15;sábado;14:00:00;DF;"40   ";"3,8  ";BRASILIA;Sim;Transitar no Acostamento;1;Colisão lateral mesmo sentido;Com Vítimas Feridas;Pleno dia;Crescente;Sol;Dupla;Reta;Sim  ;"1088632   ";Motocicleta;HONDA/CG 160 FAN;"2022      ";Condutor;Ileso;"42   ";Masculino;"1 ";"0    ";"0    ";"0    ";-16.0031450;-47.9839440;SPRF-DF;DEL01-DF;UOP01-DEL01-DF 
608652;"0         ";2024-06-19;quarta-feira;19:50:00;DF;"60   ";"27   ";BRASILIA;Sim;Carga excessiva e/ou mal acondicionada;1;Tombamento;Com Vítimas Feridas;Plena Noite;Crescente;Céu Claro;Dupla;Reta;Não  ;"1088799   ";Semireboque;SR/TRUCKGALEGO3EVTAV 3E;"2022      ";"0";"0";"0    ";"0";"0 ";"0    ";"0    ";"0    ";-16.0122220;-48.2476620;SPRF-DF;DEL03-DF;UOP01-DEL03-DF 
608652;"1359375   ";2024-06-19;quarta-feira;19:50:00;DF;"60   ";"27   ";BRASILIA;Sim;Carga excessiva e/ou mal acondicionada;1;Tombamento;Com Vítimas Feridas;Plena Noite;Crescente;Céu Claro;Dupla;Reta;Não  ;"1088796   ";Caminhão-trator;VOLVO/FH 460 6X2T;"2022      ";Condutor;Lesões Leves;"47   ";Masculino;"0 ";"1    ";"0    ";"0    ";-16.0122220;-48.2476620;SPRF-DF;DEL03-DF;UOP01-DEL03-DF 
608652;"1359377   ";2024-06-19;quarta-feira;19:50:00;DF;"60   ";"27   ";BRASILIA;Sim;Carga excessiva e/ou mal acondicionada;1;Tombamento;Com Vítimas Feridas;Plena Noite;Crescente;Céu Claro;Dupla;Reta;Não  ;"1088796   ";Caminhão-trator;VOLVO/FH 460 6X2T;"2022      ";Passageiro;Lesões Graves;"34   ";Masculino;"0 ";"0    ";"1    ";"0    ";-16.0122220;-48.2476620;SPRF-DF;DEL03-DF;UOP01-DEL03-DF 
608696;"1359390   ";2024-06-19;quarta-feira;15:20:00;GO;"40   ";"15   ";LUZIANIA;Sim;Transitar na contramão;1;Colisão transversal;Com Vítimas Feridas;Pleno dia;Decrescente;Céu Claro;Dupla;Reta;Sim  ;"1088812   ";Motocicleta;IMP/YAMAHA CRYPTON T105E;"0         ";Condutor;Lesões Graves;"22   ";Masculino;"0 ";"0    ";"1    ";"0    ";-16.1671000;-47.9301610;SPRF-DF;DEL01-DF;UOP01-DEL01-DF 
608696;"1362337   ";2024-06-19;quarta-feira;15:20:00;GO;"40   ";"15   ";LUZIANIA;Sim;Transitar na contramão;1;Colisão transversal;Com Vítimas Feridas;Pleno dia;Decrescente;Céu Claro;Dupla;Reta;Sim  ;"1088813   ";Automóvel;Não Informado/Não Informado;"0         ";Condutor;Não Informado;"0    ";Não Informado;"0 ";"0    ";"0    ";"0    ";-16.1671000;-47.9301610;SPRF-DF;DEL01-DF;UOP01-DEL01-DF 
608699;"1360537   ";2024-06-20;quinta-feira;06:20:00;DF;"20   ";"7,9  ";BRASILIA;Sim;Manobra de mudança de faixa;1;Engavetamento;Com Vítimas Feridas;Pleno dia;Decrescente;Céu Claro;Dupla;"Reta;Declive";Sim  ;"1089698   ";Automóvel;FORD/KA SE 1.5 SD B;"2016      ";Condutor;Ileso;"28   ";Masculino;"1 ";"0    ";"0    ";"0    ";-15.6622080;-47.7998660;SPRF-DF;DEL02-DF;UOP01-DEL02-DF 
608699;"1360539   ";2024-06-20;quinta-feira;06:20:00;DF;"20   ";"7,9  ";BRASILIA;Sim;Manobra de mudança de faixa;1;Engavetamento;Com Vítimas Feridas;Pleno dia;Decrescente;Céu Claro;Dupla;"Reta;Declive";Sim  ;"1089699   ";Automóvel;FIAT/UNO MILLE FIRE FLEX;"2006      ";Condutor;Ileso;"48   ";Masculino;"1 ";"0    ";"0    ";"0    ";-15.6622080;-47.7998660;SPRF-DF;DEL02-DF;UOP01-DEL02-DF 
608699;"1360548   ";2024-06-20;quinta-feira;06:20:00;DF;"20   ";"7,9  ";BRASILIA;Sim;Manobra de mudança de faixa;1;Engavetamento;Com Vítimas Feridas;Pleno dia;Decrescente;Céu Claro;Dupla;"Reta;Declive";Sim  ;"1089700   ";Automóvel;I/GM CLASSIC SPIRIT;"2008      ";Passageiro;Lesões Leves;"35   ";Feminino;"0 ";"1    ";"0    ";"0    ";-15.6622080;-47.7998660;SPRF-DF;DEL02-DF;UOP01-DEL02-DF 
608699;"1360544   ";2024-06-20;quinta-feira;06:20:00;DF;"20   ";"7,9  ";BRASILIA;Sim;Manobra de mudança de faixa;1;Engavetamento;Com Vítimas Feridas;Pleno dia;Decrescente;Céu Claro;Dupla;"Reta;Declive";Sim  ;"1089700   ";Automóvel;I/GM CLASSIC SPIRIT;"2008      ";Condutor;Ileso;"41   ";Masculino;"1 ";"0    ";"0    ";"0    ";-15.6622080;-47.7998660;SPRF-DF;DEL02-DF;UOP01-DEL02-DF 
608699;"1360533   ";2024-06-20;quinta-feira;06:20:00;DF;"20   ";"7,9  ";BRASILIA;Sim;Manobra de mudança de faixa;1;Engavetamento;Com Vítimas Feridas;Pleno dia;Decrescente;Céu Claro;Dupla;"Reta;Declive";Sim  ;"1089702   ";Caminhão;Não Informado/Não Informado;"0         ";Condutor;Não Informado;"0    ";Não Informado;"0 ";"0    ";"0    ";"0    ";-15.6622080;-47.7998660;SPRF-DF;DEL02-DF;UOP01-DEL02-DF 
608795;"1359723   ";2024-06-20;quinta-feira;14:00:00;GO;"20   ";"21   ";FORMOSA;Não;Reação tardia ou ineficiente do condutor;1;Tombamento;Com Vítimas Feridas;Pleno dia;Crescente;Céu Claro;Simples;"Curva;Interseção de Vias";Não  ;"1089054   ";Caminhão;VW/30.330 CRC 8X2;"2021      ";Passageiro;Lesões Leves;"29   ";Masculino;"0 ";"1    ";"0    ";"0    ";-15.5484050;-47.1693840;SPRF-DF;DEL02-DF;UOP02-DEL02-DF 
608795;"1359722   ";2024-06-20;quinta-feira;14:00:00;GO;"20   ";"21   ";FORMOSA;Não;Reação tardia ou ineficiente do condutor;1;Tombamento;Com Vítimas Feridas;Pleno dia;Crescente;Céu Claro;Simples;"Curva;Interseção de Vias";Não  ;"1089054   ";Caminhão;VW/30.330 CRC 8X2;"2021      ";Condutor;Lesões Leves;"42   ";Masculino;"0 ";"1    ";"0    ";"0    ";-15.5484050;-47.1693840;SPRF-DF;DEL02-DF;UOP02-DEL02-DF 
608795;"1359723   ";2024-06-20;quinta-feira;14:00:00;GO;"20   ";"21   ";FORMOSA;Não;Curva acentuada;1;Tombamento;Com Vítimas Feridas;Pleno dia;Crescente;Céu Claro;Simples;"Curva;Interseção de Vias";Não  ;"1089054   ";Caminhão;VW/30.330 CRC 8X2;"2021      ";Passageiro;Lesões Leves;"29   ";Masculino;"0 ";"1    ";"0    ";"0    ";-15.5484050;-47.1693840;SPRF-DF;DEL02-DF;UOP02-DEL02-DF 
608795;"1359722   ";2024-06-20;quinta-feira;14:00:00;GO;"20   ";"21   ";FORMOSA;Não;Curva acentuada;1;Tombamento;Com Vítimas Feridas;Pleno dia;Crescente;Céu Claro;Simples;"Curva;Interseção de Vias";Não  ;"1089054   ";Caminhão;VW/30.330 CRC 8X2;"2021      ";Condutor;Lesões Leves;"42   ";Masculino;"0 ";"1    ";"0    ";"0    ";-15.5484050;-47.1693840;SPRF-DF;DEL02-DF;UOP02-DEL02-DF 
608795;"1359723   ";2024-06-20;quinta-feira;14:00:00;GO;"20   ";"21   ";FORMOSA;Não;Condutor usando celular;1;Tombamento;Com Vítimas Feridas;Pleno dia;Crescente;Céu Claro;Simples;"Curva;Interseção de Vias";Não  ;"1089054   ";Caminhão;VW/30.330 CRC 8X2;"2021      ";Passageiro;Lesões Leves;"29   ";Masculino;"0 ";"1    ";"0    ";"0    ";-15.5484050;-47.1693840;SPRF-DF;DEL02-DF;UOP02-DEL02-DF 
608795;"1359722   ";2024-06-20;quinta-feira;14:00:00;GO;"20   ";"21   ";FORMOSA;Não;Condutor usando celular;1;Tombamento;Com Vítimas Feridas;Pleno dia;Crescente;Céu Claro;Simples;"Curva;Interseção de Vias";Não  ;"1089054   ";Caminhão;VW/30.330 CRC 8X2;"2021      ";Condutor;Lesões Leves;"42   ";Masculino;"0 ";"1    ";"0    ";"0    ";-15.5484050;-47.1693840;SPRF-DF;DEL02-DF;UOP02-DEL02-DF 
608795;"1359723   ";2024-06-20;quinta-feira;14:00:00;GO;"20   ";"21   ";FORMOSA;Não;Carga excessiva e/ou mal acondicionada;1;Tombamento;Com Vítimas Feridas;Pleno dia;Crescente;Céu Claro;Simples;"Curva;Interseção de Vias";Não  ;"1089054   ";Caminhão;VW/30.330 CRC 8X2;"2021      ";Passageiro;Lesões Leves;"29   ";Masculino;"0 ";"1    ";"0    ";"0    ";-15.5484050;-47.1693840;SPRF-DF;DEL02-DF;UOP02-DEL02-DF 
608795;"1359722   ";2024-06-20;quinta-feira;14:00:00;GO;"20   ";"21   ";FORMOSA;Não;Carga excessiva e/ou mal acondicionada;1;Tombamento;Com Vítimas Feridas;Pleno dia;Crescente;Céu Claro;Simples;"Curva;Interseção de Vias";Não  ;"1089054   ";Caminhão;VW/30.330 CRC 8X2;"2021      ";Condutor;Lesões Leves;"42   ";Masculino;"0 ";"1    ";"0    ";"0    ";-15.5484050;-47.1693840;SPRF-DF;DEL02-DF;UOP02-DEL02-DF 
608795;"1359723   ";2024-06-20;quinta-feira;14:00:00;GO;"20   ";"21   ";FORMOSA;Sim;Velocidade Incompatível;1;Tombamento;Com Vítimas Feridas;Pleno dia;Crescente;Céu Claro;Simples;"Curva;Interseção de Vias";Não  ;"1089054   ";Caminhão;VW/30.330 CRC 8X2;"2021      ";Passageiro;Lesões Leves;"29   ";Masculino;"0 ";"1    ";"0    ";"0    ";-15.5484050;-47.1693840;SPRF-DF;DEL02-DF;UOP02-DEL02-DF 
608795;"1359722   ";2024-06-20;quinta-feira;14:00:00;GO;"20   ";"21   ";FORMOSA;Sim;Velocidade Incompatível;1;Tombamento;Com Vítimas Feridas;Pleno dia;Crescente;Céu Claro;Simples;"Curva;Interseção de Vias";Não  ;"1089054   ";Caminhão;VW/30.330 CRC 8X2;"2021      ";Condutor;Lesões Leves;"42   ";Masculino;"0 ";"1    ";"0    ";"0    ";-15.5484050;-47.1693840;SPRF-DF;DEL02-DF;UOP02-DEL02-DF 
608818;"1359822   ";2024-06-20;quinta-feira;18:00:00;GO;"40   ";"68,2 ";CRISTALINA;Sim;Transitar na contramão;1;Colisão frontal;Com Vítimas Fatais;Anoitecer;Crescente;Céu Claro;Simples;"Declive;Ponte;Reta";Não  ;"1089121   ";Automóvel;I/RENAULT SYMBOL PR1616V;"2009      ";Passageiro;Óbito;"38   ";Feminino;"0 ";"0    ";"0    ";"1    ";-16.5900080;-47.7789550;SPRF-DF;DEL01-DF;UOP02-DEL01-DF 
608818;"1359819   ";2024-06-20;quinta-feira;18:00:00;GO;"40   ";"68,2 ";CRISTALINA;Sim;Transitar na contramão;1;Colisão frontal;Com Vítimas Fatais;Anoitecer;Crescente;Céu Claro;Simples;"Declive;Ponte;Reta";Não  ;"1089121   ";Automóvel;I/RENAULT SYMBOL PR1616V;"2009      ";Condutor;Óbito;"65   ";Masculino;"0 ";"0    ";"0    ";"1    ";-16.5900080;-47.7789550;SPRF-DF;DEL01-DF;UOP02-DEL01-DF 
608818;"1359823   ";2024-06-20;quinta-feira;18:00:00;GO;"40   ";"68,2 ";CRISTALINA;Sim;Transitar na contramão;1;Colisão frontal;Com Vítimas Fatais;Anoitecer;Crescente;Céu Claro;Simples;"Declive;Ponte;Reta";Não  ;"1089121   ";Automóvel;I/RENAULT SYMBOL PR1616V;"2009      ";Passageiro;Óbito;"20   ";Masculino;"0 ";"0    ";"0    ";"1    ";-16.5900080;-47.7789550;SPRF-DF;DEL01-DF;UOP02-DEL01-DF 
608818;"1359821   ";2024-06-20;quinta-feira;18:00:00;GO;"40   ";"68,2 ";CRISTALINA;Sim;Transitar na contramão;1;Colisão frontal;Com Vítimas Fatais;Anoitecer;Crescente;Céu Claro;Simples;"Declive;Ponte;Reta";Não  ;"1089121   ";Automóvel;I/RENAULT SYMBOL PR1616V;"2009      ";Passageiro;Óbito;"31   ";Feminino;"0 ";"0    ";"0    ";"1    ";-16.5900080;-47.7789550;SPRF-DF;DEL01-DF;UOP02-DEL01-DF 
608818;"1359818   ";2024-06-20;quinta-feira;18:00:00;GO;"40   ";"68,2 ";CRISTALINA;Sim;Transitar na contramão;1;Colisão frontal;Com Vítimas Fatais;Anoitecer;Crescente;Céu Claro;Simples;"Declive;Ponte;Reta";Não  ;"1089122   ";Caminhão;VW/24.280 CRM 6X2;"2021      ";Condutor;Ileso;"33   ";Masculino;"1 ";"0    ";"0    ";"0    ";-16.5900080;-47.7789550;SPRF-DF;DEL01-DF;UOP02-DEL01-DF 
608839;"1361761   ";2024-06-20;quinta-feira;19:15:00;DF;"70   ";"10   ";BRASILIA;Sim;Entrada inopinada do pedestre;3;Queda de ocupante de veículo;Com Vítimas Feridas;Plena Noite;Crescente;Céu Claro;Dupla;Reta;Sim  ;"1090606   ";Motocicleta;YAMAHA/YS150 FAZER SED;"2014      ";Condutor;Ileso;"27   ";Masculino;"1 ";"0    ";"0    ";"0    ";-15.7881106;-48.1439639;SPRF-DF;DEL03-DF;UOP02-DEL03-DF 
608839;"1361762   ";2024-06-20;quinta-feira;19:15:00;DF;"70   ";"10   ";BRASILIA;Sim;Entrada inopinada do pedestre;3;Queda de ocupante de veículo;Com Vítimas Feridas;Plena Noite;Crescente;Céu Claro;Dupla;Reta;Sim  ;"1090606   ";Motocicleta;YAMAHA/YS150 FAZER SED;"2014      ";Passageiro;Ileso;"24   ";Feminino;"1 ";"0    ";"0    ";"0    ";-15.7881106;-48.1439639;SPRF-DF;DEL03-DF;UOP02-DEL03-DF 
608839;"1361764   ";2024-06-20;quinta-feira;19:15:00;DF;"70   ";"10   ";BRASILIA;Sim;Entrada inopinada do pedestre;3;Queda de ocupante de veículo;Com Vítimas Feridas;Plena Noite;Crescente;Céu Claro;Dupla;Reta;Sim  ;"0         ";"0";NA/NA;"0         ";Pedestre;Lesões Graves;"36   ";Masculino;"0 ";"0    ";"1    ";"0    ";-15.7881106;-48.1439639;SPRF-DF;DEL03-DF;UOP02-DEL03-DF 
608839;"1361761   ";2024-06-20;quinta-feira;19:15:00;DF;"70   ";"10   ";BRASILIA;Não;Trafegar com motocicleta (ou similar) entre as faixas;3;Queda de ocupante de veículo;Com Vítimas Feridas;Plena Noite;Crescente;Céu Claro;Dupla;Reta;Sim  ;"1090606   ";Motocicleta;YAMAHA/YS150 FAZER SED;"2014      ";Condutor;Ileso;"27   ";Masculino;"1 ";"0    ";"0    ";"0    ";-15.7881106;-48.1439639;SPRF-DF;DEL03-DF;UOP02-DEL03-DF 
608839;"1361762   ";2024-06-20;quinta-feira;19:15:00;DF;"70   ";"10   ";BRASILIA;Não;Trafegar com motocicleta (ou similar) entre as faixas;3;Queda de ocupante de veículo;Com Vítimas Feridas;Plena Noite;Crescente;Céu Claro;Dupla;Reta;Sim  ;"1090606   ";Motocicleta;YAMAHA/YS150 FAZER SED;"2014      ";Passageiro;Ileso;"24   ";Feminino;"1 ";"0    ";"0    ";"0    ";-15.7881106;-48.1439639;SPRF-DF;DEL03-DF;UOP02-DEL03-DF 
608839;"1361764   ";2024-06-20;quinta-feira;19:15:00;DF;"70   ";"10   ";BRASILIA;Não;Trafegar com motocicleta (ou similar) entre as faixas;3;Queda de ocupante de veículo;Com Vítimas Feridas;Plena Noite;Crescente;Céu Claro;Dupla;Reta;Sim  ;"0         ";"0";NA/NA;"0         ";Pedestre;Lesões Graves;"36   ";Masculino;"0 ";"0    ";"1    ";"0    ";-15.7881106;-48.1439639;SPRF-DF;DEL03-DF;UOP02-DEL03-DF 
608839;"1361761   ";2024-06-20;quinta-feira;19:15:00;DF;"70   ";"10   ";BRASILIA;Não;Pedestre - Ingestão de álcool/ substâncias psicoativas;3;Queda de ocupante de veículo;Com Vítimas Feridas;Plena Noite;Crescente;Céu Claro;Dupla;Reta;Sim  ;"1090606   ";Motocicleta;YAMAHA/YS150 FAZER SED;"2014      ";Condutor;Ileso;"27   ";Masculino;"1 ";"0    ";"0    ";"0    ";-15.7881106;-48.1439639;SPRF-DF;DEL03-DF;UOP02-DEL03-DF 
608839;"1361762   ";2024-06-20;quinta-feira;19:15:00;DF;"70   ";"10   ";BRASILIA;Não;Pedestre - Ingestão de álcool/ substâncias psicoativas;3;Queda de ocupante de veículo;Com Vítimas Feridas;Plena Noite;Crescente;Céu Claro;Dupla;Reta;Sim  ;"1090606   ";Motocicleta;YAMAHA/YS150 FAZER SED;"2014      ";Passageiro;Ileso;"24   ";Feminino;"1 ";"0    ";"0    ";"0    ";-15.7881106;-48.1439639;SPRF-DF;DEL03-DF;UOP02-DEL03-DF 
608839;"1361764   ";2024-06-20;quinta-feira;19:15:00;DF;"70   ";"10   ";BRASILIA;Não;Pedestre - Ingestão de álcool/ substâncias psicoativas;3;Queda de ocupante de veículo;Com Vítimas Feridas;Plena Noite;Crescente;Céu Claro;Dupla;Reta;Sim  ;"0         ";"0";NA/NA;"0         ";Pedestre;Lesões Graves;"36   ";Masculino;"0 ";"0    ";"1    ";"0    ";-15.7881106;-48.1439639;SPRF-DF;DEL03-DF;UOP02-DEL03-DF 
608839;"1361761   ";2024-06-20;quinta-feira;19:15:00;DF;"70   ";"10   ";BRASILIA;Não;Pedestre cruzava a pista fora da faixa;3;Queda de ocupante de veículo;Com Vítimas Feridas;Plena Noite;Crescente;Céu Claro;Dupla;Reta;Sim  ;"1090606   ";Motocicleta;YAMAHA/YS150 FAZER SED;"2014      ";Condutor;Ileso;"27   ";Masculino;"1 ";"0    ";"0    ";"0    ";-15.7881106;-48.1439639;SPRF-DF;DEL03-DF;UOP02-DEL03-DF 
608839;"1361762   ";2024-06-20;quinta-feira;19:15:00;DF;"70   ";"10   ";BRASILIA;Não;Pedestre cruzava a pista fora da faixa;3;Queda de ocupante de veículo;Com Vítimas Feridas;Plena Noite;Crescente;Céu Claro;Dupla;Reta;Sim  ;"1090606   ";Motocicleta;YAMAHA/YS150 FAZER SED;"2014      ";Passageiro;Ileso;"24   ";Feminino;"1 ";"0    ";"0    ";"0    ";-15.7881106;-48.1439639;SPRF-DF;DEL03-DF;UOP02-DEL03-DF 
608839;"1361764   ";2024-06-20;quinta-feira;19:15:00;DF;"70   ";"10   ";BRASILIA;Não;Pedestre cruzava a pista fora da faixa;3;Queda de ocupante de veículo;Com Vítimas Feridas;Plena Noite;Crescente;Céu Claro;Dupla;Reta;Sim  ;"0         ";"0";NA/NA;"0         ";Pedestre;Lesões Graves;"36   ";Masculino;"0 ";"0    ";"1    ";"0    ";-15.7881106;-48.1439639;SPRF-DF;DEL03-DF;UOP02-DEL03-DF 
608839;"1361761   ";2024-06-20;quinta-feira;19:15:00;DF;"70   ";"10   ";BRASILIA;Não;Ausência de reação do condutor;3;Queda de ocupante de veículo;Com Vítimas Feridas;Plena Noite;Crescente;Céu Claro;Dupla;Reta;Sim  ;"1090606   ";Motocicleta;YAMAHA/YS150 FAZER SED;"2014      ";Condutor;Ileso;"27   ";Masculino;"1 ";"0    ";"0    ";"0    ";-15.7881106;-48.1439639;SPRF-DF;DEL03-DF;UOP02-DEL03-DF 
608839;"1361762   ";2024-06-20;quinta-feira;19:15:00;DF;"70   ";"10   ";BRASILIA;Não;Ausência de reação do condutor;3;Queda de ocupante de veículo;Com Vítimas Feridas;Plena Noite;Crescente;Céu Claro;Dupla;Reta;Sim  ;"1090606   ";Motocicleta;YAMAHA/YS150 FAZER SED;"2014      ";Passageiro;Ileso;"24   ";Feminino;"1 ";"0    ";"0    ";"0    ";-15.7881106;-48.1439639;SPRF-DF;DEL03-DF;UOP02-DEL03-DF 
608839;"1361764   ";2024-06-20;quinta-feira;19:15:00;DF;"70   ";"10   ";BRASILIA;Não;Ausência de reação do condutor;3;Queda de ocupante de veículo;Com Vítimas Feridas;Plena Noite;Crescente;Céu Claro;Dupla;Reta;Sim  ;"0         ";"0";NA/NA;"0         ";Pedestre;Lesões Graves;"36   ";Masculino;"0 ";"0    ";"1    ";"0    ";-15.7881106;-48.1439639;SPRF-DF;DEL03-DF;UOP02-DEL03-DF 
608839;"1361761   ";2024-06-20;quinta-feira;19:15:00;DF;"70   ";"10   ";BRASILIA;Sim;Entrada inopinada do pedestre;2;Capotamento;Com Vítimas Feridas;Plena Noite;Crescente;Céu Claro;Dupla;Reta;Sim  ;"1090606   ";Motocicleta;YAMAHA/YS150 FAZER SED;"2014      ";Condutor;Ileso;"27   ";Masculino;"1 ";"0    ";"0    ";"0    ";-15.7881106;-48.1439639;SPRF-DF;DEL03-DF;UOP02-DEL03-DF 
608839;"1361762   ";2024-06-20;quinta-feira;19:15:00;DF;"70   ";"10   ";BRASILIA;Sim;Entrada inopinada do pedestre;2;Capotamento;Com Vítimas Feridas;Plena Noite;Crescente;Céu Claro;Dupla;Reta;Sim  ;"1090606   ";Motocicleta;YAMAHA/YS150 FAZER SED;"2014      ";Passageiro;Ileso;"24   ";Feminino;"1 ";"0    ";"0    ";"0    ";-15.7881106;-48.1439639;SPRF-DF;DEL03-DF;UOP02-DEL03-DF 
608839;"1361764   ";2024-06-20;quinta-feira;19:15:00;DF;"70   ";"10   ";BRASILIA;Sim;Entrada inopinada do pedestre;2;Capotamento;Com Vítimas Feridas;Plena Noite;Crescente;Céu Claro;Dupla;Reta;Sim  ;"0         ";"0";NA/NA;"0         ";Pedestre;Lesões Graves;"36   ";Masculino;"0 ";"0    ";"1    ";"0    ";-15.7881106;-48.1439639;SPRF-DF;DEL03-DF;UOP02-DEL03-DF 
608839;"1361761   ";2024-06-20;quinta-feira;19:15:00;DF;"70   ";"10   ";BRASILIA;Não;Trafegar com motocicleta (ou similar) entre as faixas;2;Capotamento;Com Vítimas Feridas;Plena Noite;Crescente;Céu Claro;Dupla;Reta;Sim  ;"1090606   ";Motocicleta;YAMAHA/YS150 FAZER SED;"2014      ";Condutor;Ileso;"27   ";Masculino;"1 ";"0    ";"0    ";"0    ";-15.7881106;-48.1439639;SPRF-DF;DEL03-DF;UOP02-DEL03-DF 
608839;"1361762   ";2024-06-20;quinta-feira;19:15:00;DF;"70   ";"10   ";BRASILIA;Não;Trafegar com motocicleta (ou similar) entre as faixas;2;Capotamento;Com Vítimas Feridas;Plena Noite;Crescente;Céu Claro;Dupla;Reta;Sim  ;"1090606   ";Motocicleta;YAMAHA/YS150 FAZER SED;"2014      ";Passageiro;Ileso;"24   ";Feminino;"1 ";"0    ";"0    ";"0    ";-15.7881106;-48.1439639;SPRF-DF;DEL03-DF;UOP02-DEL03-DF 
608839;"1361764   ";2024-06-20;quinta-feira;19:15:00;DF;"70   ";"10   ";BRASILIA;Não;Trafegar com motocicleta (ou similar) entre as faixas;2;Capotamento;Com Vítimas Feridas;Plena Noite;Crescente;Céu Claro;Dupla;Reta;Sim  ;"0         ";"0";NA/NA;"0         ";Pedestre;Lesões Graves;"36   ";Masculino;"0 ";"0    ";"1    ";"0    ";-15.7881106;-48.1439639;SPRF-DF;DEL03-DF;UOP02-DEL03-DF 
608839;"1361761   ";2024-06-20;quinta-feira;19:15:00;DF;"70   ";"10   ";BRASILIA;Não;Pedestre - Ingestão de álcool/ substâncias psicoativas;2;Capotamento;Com Vítimas Feridas;Plena Noite;Crescente;Céu Claro;Dupla;Reta;Sim  ;"1090606   ";Motocicleta;YAMAHA/YS150 FAZER SED;"2014      ";Condutor;Ileso;"27   ";Masculino;"1 ";"0    ";"0    ";"0    ";-15.7881106;-48.1439639;SPRF-DF;DEL03-DF;UOP02-DEL03-DF 
608839;"1361762   ";2024-06-20;quinta-feira;19:15:00;DF;"70   ";"10   ";BRASILIA;Não;Pedestre - Ingestão de álcool/ substâncias psicoativas;2;Capotamento;Com Vítimas Feridas;Plena Noite;Crescente;Céu Claro;Dupla;Reta;Sim  ;"1090606   ";Motocicleta;YAMAHA/YS150 FAZER SED;"2014      ";Passageiro;Ileso;"24   ";Feminino;"1 ";"0    ";"0    ";"0    ";-15.7881106;-48.1439639;SPRF-DF;DEL03-DF;UOP02-DEL03-DF 
608839;"1361764   ";2024-06-20;quinta-feira;19:15:00;DF;"70   ";"10   ";BRASILIA;Não;Pedestre - Ingestão de álcool/ substâncias psicoativas;2;Capotamento;Com Vítimas Feridas;Plena Noite;Crescente;Céu Claro;Dupla;Reta;Sim  ;"0         ";"0";NA/NA;"0         ";Pedestre;Lesões Graves;"36   ";Masculino;"0 ";"0    ";"1    ";"0    ";-15.7881106;-48.1439639;SPRF-DF;DEL03-DF;UOP02-DEL03-DF 