id;pesid;data_inversa;dia_semana;horario;uf;br;km;municipio;causa_principal;causa_acidente;ordem_tipo_acidente;tipo_acidente;classificacao_acidente;fase_dia;sentido_via;condicao_metereologica;tipo_pista;tracado_via;uso_solo;id_veiculo;tipo_veiculo;marca;ano_fabricacao_veiculo;tipo_envolvido;estado_fisico;idade;sexo;ilesos;feridos_leves;feridos_graves;mortos;latitude;longitude;regional;delegacia;uop
608839;"1361761   ";2024-06-20;quinta-feira;19:15:00;DF;"70   ";"10   ";BRASILIA;Não;Pedestre cruzava a pista fora da faixa;2;Capotamento;Com Vítimas Feridas;Plena Noite;Crescente;Céu Claro;Dupla;Reta;Sim  ;"1090606   ";Motocicleta;YAMAHA/YS150 FAZER SED;"2014      ";Condutor;Ileso;"27   ";Masculino;"1 ";"0    ";"0    ";"0    ";-15.7881106;-48.1439639;SPRF-DF;DEL03-DF;UOP02-DEL03-DF 
608839;"1361762   ";2024-06-20;quinta-feira;19:15:00;DF;"70   ";"10   ";BRASILIA;Não;Pedestre cruzava a pista fora da faixa;2;Capotamento;Com Vítimas Feridas;Plena Noite;Crescente;Céu Claro;Dupla;Reta;Sim  ;"1090606   ";Motocicleta;YAMAHA/YS150 FAZER SED;"2014      ";Passageiro;Ileso;"24   ";Feminino;"1 ";"0    ";"0    ";"0    ";-15.7881106;-48.1439639;SPRF-DF;DEL03-DF;UOP02-DEL03-DF 
608839;"1361764   ";2024-06-20;quinta-feira;19:15:00;DF;"70   ";"10   ";BRASILIA;Não;Pedestre cruzava a pista fora da faixa;2;Capotamento;Com Vítimas Feridas;Plena Noite;Crescente;Céu Claro;Dupla;Reta;Sim  ;"0         ";"0";NA/NA;"0         ";Pedestre;Lesões Graves;"36   ";Masculino;"0 ";"0    ";"1    ";"0    ";-15.7881106;-48.1439639;SPRF-DF;DEL03-DF;UOP02-DEL03-DF 
608839;"1361761   ";2024-06-20;quinta-feira;19:15:00;DF;"70   ";"10   ";BRASILIA;Não;Ausência de reação do condutor;2;Capotamento;Com Vítimas Feridas;Plena Noite;Crescente;Céu Claro;Dupla;Reta;Sim  ;"1090606   ";Motocicleta;YAMAHA/YS150 FAZER SED;"2014      ";Condutor;Ileso;"27   ";Masculino;"1 ";"0    ";"0    ";"0    ";-15.7881106;-48.1439639;SPRF-DF;DEL03-DF;UOP02-DEL03-DF 
608839;"1361762   ";2024-06-20;quinta-feira;19:15:00;DF;"70   ";"10   ";BRASILIA;Não;Ausência de reação do condutor;2;Capotamento;Com Vítimas Feridas;Plena Noite;Crescente;Céu Claro;Dupla;Reta;Sim  ;"1090606   ";Motocicleta;YAMAHA/YS150 FAZER SED;"2014      ";Passageiro;Ileso;"24   ";Feminino;"1 ";"0    ";"0    ";"0    ";-15.7881106;-48.1439639;SPRF-DF;DEL03-DF;UOP02-DEL03-DF 
608839;"1361764   ";2024-06-20;quinta-feira;19:15:00;DF;"70   ";"10   ";BRASILIA;Não;Ausência de reação do condutor;2;Capotamento;Com Vítimas Feridas;Plena Noite;Crescente;Céu Claro;Dupla;Reta;Sim  ;"0         ";"0";NA/NA;"0         ";Pedestre;Lesões Graves;"36   ";Masculino;"0 ";"0    ";"1    ";"0    ";-15.7881106;-48.1439639;SPRF-DF;DEL03-DF;UOP02-DEL03-DF 
608839;"1361761   ";2024-06-20;quinta-feira;19:15:00;DF;"70   ";"10   ";BRASILIA;Sim;Entrada inopinada do pedestre;1;Atropelamento de Pedestre;Com Vítimas Feridas;Plena Noite;Crescente;Céu Claro;Dupla;Reta;Sim  ;"1090606   ";Motocicleta;YAMAHA/YS150 FAZER SED;"2014      ";Condutor;Ileso;"27   ";Masculino;"1 ";"0    ";"0    ";"0    ";-15.7881106;-48.1439639;SPRF-DF;DEL03-DF;UOP02-DEL03-DF 
608839;"1361762   ";2024-06-20;quinta-feira;19:15:00;DF;"70   ";"10   ";BRASILIA;Sim;Entrada inopinada do pedestre;1;Atropelamento de Pedestre;Com Vítimas Feridas;Plena Noite;Crescente;Céu Claro;Dupla;Reta;Sim  ;"1090606   ";Motocicleta;YAMAHA/YS150 FAZER SED;"2014      ";Passageiro;Ileso;"24   ";Feminino;"1 ";"0    ";"0    ";"0    ";-15.7881106;-48.1439639;SPRF-DF;DEL03-DF;UOP02-DEL03-DF 
608839;"1361764   ";2024-06-20;quinta-feira;19:15:00;DF;"70   ";"10   ";BRASILIA;Sim;Entrada inopinada do pedestre;1;Atropelamento de Pedestre;Com Vítimas Feridas;Plena Noite;Crescente;Céu Claro;Dupla;Reta;Sim  ;"0         ";"0";NA/NA;"0         ";Pedestre;Lesões Graves;"36   ";Masculino;"0 ";"0    ";"1    ";"0    ";-15.7881106;-48.1439639;SPRF-DF;DEL03-DF;UOP02-DEL03-DF 
608839;"1361761   ";2024-06-20;quinta-feira;19:15:00;DF;"70   ";"10   ";BRASILIA;Não;Trafegar com motocicleta (ou similar) entre as faixas;1;Atropelamento de Pedestre;Com Vítimas Feridas;Plena Noite;Crescente;Céu Claro;Dupla;Reta;Sim  ;"1090606   ";Motocicleta;YAMAHA/YS150 FAZER SED;"2014      ";Condutor;Ileso;"27   ";Masculino;"1 ";"0    ";"0    ";"0    ";-15.7881106;-48.1439639;SPRF-DF;DEL03-DF;UOP02-DEL03-DF 
608839;"1361762   ";2024-06-20;quinta-feira;19:15:00;DF;"70   ";"10   ";BRASILIA;Não;Trafegar com motocicleta (ou similar) entre as faixas;1;Atropelamento de Pedestre;Com Vítimas Feridas;Plena Noite;Crescente;Céu Claro;Dupla;Reta;Sim  ;"1090606   ";Motocicleta;YAMAHA/YS150 FAZER SED;"2014      ";Passageiro;Ileso;"24   ";Feminino;"1 ";"0    ";"0    ";"0    ";-15.7881106;-48.1439639;SPRF-DF;DEL03-DF;UOP02-DEL03-DF 
608839;"1361764   ";2024-06-20;quinta-feira;19:15:00;DF;"70   ";"10   ";BRASILIA;Não;Trafegar com motocicleta (ou similar) entre as faixas;1;Atropelamento de Pedestre;Com Vítimas Feridas;Plena Noite;Crescente;Céu Claro;Dupla;Reta;Sim  ;"0         ";"0";NA/NA;"0         ";Pedestre;Lesões Graves;"36   ";Masculino;"0 ";"0    ";"1    ";"0    ";-15.7881106;-48.1439639;SPRF-DF;DEL03-DF;UOP02-DEL03-DF 
608839;"1361761   ";2024-06-20;quinta-feira;19:15:00;DF;"70   ";"10   ";BRASILIA;Não;Pedestre - Ingestão de álcool/ substâncias psicoativas;1;Atropelamento de Pedestre;Com Vítimas Feridas;Plena Noite;Crescente;Céu Claro;Dupla;Reta;Sim  ;"1090606   ";Motocicleta;YAMAHA/YS150 FAZER SED;"2014      ";Condutor;Ileso;"27   ";Masculino;"1 ";"0    ";"0    ";"0    ";-15.7881106;-48.1439639;SPRF-DF;DEL03-DF;UOP02-DEL03-DF 
608839;"1361762   ";2024-06-20;quinta-feira;19:15:00;DF;"70   ";"10   ";BRASILIA;Não;Pedestre - Ingestão de álcool/ substâncias psicoativas;1;Atropelamento de Pedestre;Com Vítimas Feridas;Plena Noite;Crescente;Céu Claro;Dupla;Reta;Sim  ;"1090606   ";Motocicleta;YAMAHA/YS150 FAZER SED;"2014      ";Passageiro;Ileso;"24   ";Feminino;"1 ";"0    ";"0    ";"0    ";-15.7881106;-48.1439639;SPRF-DF;DEL03-DF;UOP02-DEL03-DF 
608839;"1361764   ";2024-06-20;quinta-feira;19:15:00;DF;"70   ";"10   ";BRASILIA;Não;Pedestre - Ingestão de álcool/ substâncias psicoativas;1;Atropelamento de Pedestre;Com Vítimas Feridas;Plena Noite;Crescente;Céu Claro;Dupla;Reta;Sim  ;"0         ";"0";NA/NA;"0         ";Pedestre;Lesões Graves;"36   ";Masculino;"0 ";"0    ";"1    ";"0    ";-15.7881106;-48.1439639;SPRF-DF;DEL03-DF;UOP02-DEL03-DF 
608839;"1361761   ";2024-06-20;quinta-feira;19:15:00;DF;"70   ";"10   ";BRASILIA;Não;Pedestre cruzava a pista fora da faixa;1;Atropelamento de Pedestre;Com Vítimas Feridas;Plena Noite;Crescente;Céu Claro;Dupla;Reta;Sim  ;"1090606   ";Motocicleta;YAMAHA/YS150 FAZER SED;"2014      ";Condutor;Ileso;"27   ";Masculino;"1 ";"0    ";"0    ";"0    ";-15.7881106;-48.1439639;SPRF-DF;DEL03-DF;UOP02-DEL03-DF 
608839;"1361762   ";2024-06-20;quinta-feira;19:15:00;DF;"70   ";"10   ";BRASILIA;Não;Pedestre cruzava a pista fora da faixa;1;Atropelamento de Pedestre;Com Vítimas Feridas;Plena Noite;Crescente;Céu Claro;Dupla;Reta;Sim  ;"1090606   ";Motocicleta;YAMAHA/YS150 FAZER SED;"2014      ";Passageiro;Ileso;"24   ";Feminino;"1 ";"0    ";"0    ";"0    ";-15.7881106;-48.1439639;SPRF-DF;DEL03-DF;UOP02-DEL03-DF 
608839;"1361764   ";2024-06-20;quinta-feira;19:15:00;DF;"70   ";"10   ";BRASILIA;Não;Pedestre cruzava a pista fora da faixa;1;Atropelamento de Pedestre;Com Vítimas Feridas;Plena Noite;Crescente;Céu Claro;Dupla;Reta;Sim  ;"0         ";"0";NA/NA;"0         ";Pedestre;Lesões Graves;"36   ";Masculino;"0 ";"0    ";"1    ";"0    ";-15.7881106;-48.1439639;SPRF-DF;DEL03-DF;UOP02-DEL03-DF 
608839;"1361761   ";2024-06-20;quinta-feira;19:15:00;DF;"70   ";"10   ";BRASILIA;Não;Ausência de reação do condutor;1;Atropelamento de Pedestre;Com Vítimas Feridas;Plena Noite;Crescente;Céu Claro;Dupla;Reta;Sim  ;"1090606   ";Motocicleta;YAMAHA/YS150 FAZER SED;"2014      ";Condutor;Ileso;"27   ";Masculino;"1 ";"0    ";"0    ";"0    ";-15.7881106;-48.1439639;SPRF-DF;DEL03-DF;UOP02-DEL03-DF 
608839;"1361762   ";2024-06-20;quinta-feira;19:15:00;DF;"70   ";"10   ";BRASILIA;Não;Ausência de reação do condutor;1;Atropelamento de Pedestre;Com Vítimas Feridas;Plena Noite;Crescente;Céu Claro;Dupla;Reta;Sim  ;"1090606   ";Motocicleta;YAMAHA/YS150 FAZER SED;"2014      ";Passageiro;Ileso;"24   ";Feminino;"1 ";"0    ";"0    ";"0    ";-15.7881106;-48.1439639;SPRF-DF;DEL03-DF;UOP02-DEL03-DF 
608839;"1361764   ";2024-06-20;quinta-feira;19:15:00;DF;"70   ";"10   ";BRASILIA;Não;Ausência de reação do condutor;1;Atropelamento de Pedestre;Com Vítimas Feridas;Plena Noite;Crescente;Céu Claro;Dupla;Reta;Sim  ;"0         ";"0";NA/NA;"0         ";Pedestre;Lesões Graves;"36   ";Masculino;"0 ";"0    ";"1    ";"0    ";-15.7881106;-48.1439639;SPRF-DF;DEL03-DF;UOP02-DEL03-DF 
608882;"1359851   ";2024-06-21;sexta-feira;01:00:00;GO;"40   ";"80   ";CRISTALINA;Não;Deficiência do Sistema de Iluminação/Sinalização;1;Colisão traseira;Com Vítimas Feridas;Plena Noite;Crescente;Céu Claro;Dupla;Reta;Não  ;"1089151   ";Caminhão;SCANIA/P 310 MASTER;"2012      ";Condutor;Lesões Leves;"70   ";Masculino;"0 ";"1    ";"0    ";"0    ";-16.6694640;-47.7133910;SPRF-DF;DEL01-DF;UOP02-DEL01-DF 
608882;"1359852   ";2024-06-21;sexta-feira;01:00:00;GO;"40   ";"80   ";CRISTALINA;Não;Deficiência do Sistema de Iluminação/Sinalização;1;Colisão traseira;Com Vítimas Feridas;Plena Noite;Crescente;Céu Claro;Dupla;Reta;Não  ;"1089152   ";Caminhão;M.BENZ/L 1113;"1982      ";Condutor;Lesões Leves;"39   ";Masculino;"0 ";"1    ";"0    ";"0    ";-16.6694640;-47.7133910;SPRF-DF;DEL01-DF;UOP02-DEL01-DF 
608882;"1359851   ";2024-06-21;sexta-feira;01:00:00;GO;"40   ";"80   ";CRISTALINA;Sim;Reação tardia ou ineficiente do condutor;1;Colisão traseira;Com Vítimas Feridas;Plena Noite;Crescente;Céu Claro;Dupla;Reta;Não  ;"1089151   ";Caminhão;SCANIA/P 310 MASTER;"2012      ";Condutor;Lesões Leves;"70   ";Masculino;"0 ";"1    ";"0    ";"0    ";-16.6694640;-47.7133910;SPRF-DF;DEL01-DF;UOP02-DEL01-DF 
608882;"1359852   ";2024-06-21;sexta-feira;01:00:00;GO;"40   ";"80   ";CRISTALINA;Sim;Reação tardia ou ineficiente do condutor;1;Colisão traseira;Com Vítimas Feridas;Plena Noite;Crescente;Céu Claro;Dupla;Reta;Não  ;"1089152   ";Caminhão;M.BENZ/L 1113;"1982      ";Condutor;Lesões Leves;"39   ";Masculino;"0 ";"1    ";"0    ";"0    ";-16.6694640;-47.7133910;SPRF-DF;DEL01-DF;UOP02-DEL01-DF 
608896;"1359862   ";2024-06-21;sexta-feira;04:00:00;DF;"60   ";"28,4 ";BRASILIA;Não;Reação tardia ou ineficiente do condutor;1;Saída de leito carroçável;Sem Vítimas;Plena Noite;Crescente;Ignorado;Dupla;Declive;Não  ;"1089161   ";Automóvel;FIAT/ARGO 1.0;"2021      ";Condutor;Não Informado;"0    ";Não Informado;"0 ";"0    ";"0    ";"0    ";-16.0206380;-48.2508320;SPRF-DF;DEL03-DF;UOP01-DEL03-DF 
608896;"1359862   ";2024-06-21;sexta-feira;04:00:00;DF;"60   ";"28,4 ";BRASILIA;Sim;Ingestão de álcool pelo condutor;1;Saída de leito carroçável;Sem Vítimas;Plena Noite;Crescente;Ignorado;Dupla;Declive;Não  ;"1089161   ";Automóvel;FIAT/ARGO 1.0;"2021      ";Condutor;Não Informado;"0    ";Não Informado;"0 ";"0    ";"0    ";"0    ";-16.0206380;-48.2508320;SPRF-DF;DEL03-DF;UOP01-DEL03-DF 
608915;"1360382   ";2024-06-21;sexta-feira;07:10:00;GO;"70   ";"1    ";AGUAS LINDAS DE GOIAS;Sim;Reação tardia ou ineficiente do condutor;2;Queda de ocupante de veículo;Com Vítimas Feridas;Pleno dia;Decrescente;Sol;Múltipla;Reta;Sim  ;"1089584   ";Motocicleta;HONDA/CG 160 FAN;"2024      ";Condutor;Lesões Leves;"20   ";Masculino;"0 ";"1    ";"0    ";"0    ";-15.7617730;-48.2368693;SPRF-DF;DEL03-DF;UOP02-DEL03-DF 
608915;"1360380   ";2024-06-21;sexta-feira;07:10:00;GO;"70   ";"1    ";AGUAS LINDAS DE GOIAS;Sim;Reação tardia ou ineficiente do condutor;2;Queda de ocupante de veículo;Com Vítimas Feridas;Pleno dia;Decrescente;Sol;Múltipla;Reta;Sim  ;"1089583   ";Automóvel;FIAT/PALIO FIRE FLEX;"2007      ";Condutor;Ileso;"27   ";Masculino;"1 ";"0    ";"0    ";"0    ";-15.7617730;-48.2368693;SPRF-DF;DEL03-DF;UOP02-DEL03-DF 
608915;"1363874   ";2024-06-21;sexta-feira;07:10:00;GO;"70   ";"1    ";AGUAS LINDAS DE GOIAS;Sim;Reação tardia ou ineficiente do condutor;2;Queda de ocupante de veículo;Com Vítimas Feridas;Pleno dia;Decrescente;Sol;Múltipla;Reta;Sim  ;"1089583   ";Automóvel;FIAT/PALIO FIRE FLEX;"2007      ";Passageiro;Ileso;"26   ";Feminino;"1 ";"0    ";"0    ";"0    ";-15.7617730;-48.2368693;SPRF-DF;DEL03-DF;UOP02-DEL03-DF 
608915;"1360382   ";2024-06-21;sexta-feira;07:10:00;GO;"70   ";"1    ";AGUAS LINDAS DE GOIAS;Sim;Reação tardia ou ineficiente do condutor;1;Colisão traseira;Com Vítimas Feridas;Pleno dia;Decrescente;Sol;Múltipla;Reta;Sim  ;"1089584   ";Motocicleta;HONDA/CG 160 FAN;"2024      ";Condutor;Lesões Leves;"20   ";Masculino;"0 ";"1    ";"0    ";"0    ";-15.7617730;-48.2368693;SPRF-DF;DEL03-DF;UOP02-DEL03-DF 
608915;"1360380   ";2024-06-21;sexta-feira;07:10:00;GO;"70   ";"1    ";AGUAS LINDAS DE GOIAS;Sim;Reação tardia ou ineficiente do condutor;1;Colisão traseira;Com Vítimas Feridas;Pleno dia;Decrescente;Sol;Múltipla;Reta;Sim  ;"1089583   ";Automóvel;FIAT/PALIO FIRE FLEX;"2007      ";Condutor;Ileso;"27   ";Masculino;"1 ";"0    ";"0    ";"0    ";-15.7617730;-48.2368693;SPRF-DF;DEL03-DF;UOP02-DEL03-DF 
608915;"1363874   ";2024-06-21;sexta-feira;07:10:00;GO;"70   ";"1    ";AGUAS LINDAS DE GOIAS;Sim;Reação tardia ou ineficiente do condutor;1;Colisão traseira;Com Vítimas Feridas;Pleno dia;Decrescente;Sol;Múltipla;Reta;Sim  ;"1089583   ";Automóvel;FIAT/PALIO FIRE FLEX;"2007      ";Passageiro;Ileso;"26   ";Feminino;"1 ";"0    ";"0    ";"0    ";-15.7617730;-48.2368693;SPRF-DF;DEL03-DF;UOP02-DEL03-DF 
608928;"1361778   ";2024-06-21;sexta-feira;08:00:00;DF;"70   ";"15   ";BRASILIA;Sim;Manobra de mudança de faixa;5;Tombamento;Com Vítimas Feridas;Pleno dia;Decrescente;Céu Claro;Dupla;Reta;Sim  ;"1090618   ";Motocicleta;HONDA/CG 160 TITAN;"2018      ";Condutor;Lesões Graves;"32   ";Masculino;"0 ";"0    ";"1    ";"0    ";-15.7988880;-48.1850430;SPRF-DF;DEL03-DF;UOP02-DEL03-DF 
608928;"1361775   ";2024-06-21;sexta-feira;08:00:00;DF;"70   ";"15   ";BRASILIA;Sim;Manobra de mudança de faixa;5;Tombamento;Com Vítimas Feridas;Pleno dia;Decrescente;Céu Claro;Dupla;Reta;Sim  ;"1090615   ";Ônibus;Não Informado/Não Informado;"0         ";Condutor;Não Informado;"0    ";Não Informado;"0 ";"0    ";"0    ";"0    ";-15.7988880;-48.1850430;SPRF-DF;DEL03-DF;UOP02-DEL03-DF 
608928;"1361774   ";2024-06-21;sexta-feira;08:00:00;DF;"70   ";"15   ";BRASILIA;Sim;Manobra de mudança de faixa;5;Tombamento;Com Vítimas Feridas;Pleno dia;Decrescente;Céu Claro;Dupla;Reta;Sim  ;"1090616   ";Automóvel;FIAT/SIENA ATTRACTIV 1.4;"2013      ";Condutor;Ileso;"34   ";Masculino;"1 ";"0    ";"0    ";"0    ";-15.7988880;-48.1850430;SPRF-DF;DEL03-DF;UOP02-DEL03-DF 
608928;"1361776   ";2024-06-21;sexta-feira;08:00:00;DF;"70   ";"15   ";BRASILIA;Sim;Manobra de mudança de faixa;5;Tombamento;Com Vítimas Feridas;Pleno dia;Decrescente;Céu Claro;Dupla;Reta;Sim  ;"1090620   ";Automóvel;CHEVROLET/PRISMA 1.4L LT;"2012      ";Condutor;Ileso;"35   ";Feminino;"1 ";"0    ";"0    ";"0    ";-15.7988880;-48.1850430;SPRF-DF;DEL03-DF;UOP02-DEL03-DF 
608928;"1361778   ";2024-06-21;sexta-feira;08:00:00;DF;"70   ";"15   ";BRASILIA;Sim;Manobra de mudança de faixa;4;Queda de ocupante de veículo;Com Vítimas Feridas;Pleno dia;Decrescente;Céu Claro;Dupla;Reta;Sim  ;"1090618   ";Motocicleta;HONDA/CG 160 TITAN;"2018      ";Condutor;Lesões Graves;"32   ";Masculino;"0 ";"0    ";"1    ";"0    ";-15.7988880;-48.1850430;SPRF-DF;DEL03-DF;UOP02-DEL03-DF 
608928;"1361775   ";2024-06-21;sexta-feira;08:00:00;DF;"70   ";"15   ";BRASILIA;Sim;Manobra de mudança de faixa;4;Queda de ocupante de veículo;Com Vítimas Feridas;Pleno dia;Decrescente;Céu Claro;Dupla;Reta;Sim  ;"1090615   ";Ônibus;Não Informado/Não Informado;"0         ";Condutor;Não Informado;"0    ";Não Informado;"0 ";"0    ";"0    ";"0    ";-15.7988880;-48.1850430;SPRF-DF;DEL03-DF;UOP02-DEL03-DF 
608928;"1361774   ";2024-06-21;sexta-feira;08:00:00;DF;"70   ";"15   ";BRASILIA;Sim;Manobra de mudança de faixa;4;Queda de ocupante de veículo;Com Vítimas Feridas;Pleno dia;Decrescente;Céu Claro;Dupla;Reta;Sim  ;"1090616   ";Automóvel;FIAT/SIENA ATTRACTIV 1.4;"2013      ";Condutor;Ileso;"34   ";Masculino;"1 ";"0    ";"0    ";"0    ";-15.7988880;-48.1850430;SPRF-DF;DEL03-DF;UOP02-DEL03-DF 
608928;"1361776   ";2024-06-21;sexta-feira;08:00:00;DF;"70   ";"15   ";BRASILIA;Sim;Manobra de mudança de faixa;4;Queda de ocupante de veículo;Com Vítimas Feridas;Pleno dia;Decrescente;Céu Claro;Dupla;Reta;Sim  ;"1090620   ";Automóvel;CHEVROLET/PRISMA 1.4L LT;"2012      ";Condutor;Ileso;"35   ";Feminino;"1 ";"0    ";"0    ";"0    ";-15.7988880;-48.1850430;SPRF-DF;DEL03-DF;UOP02-DEL03-DF 
608928;"1361778   ";2024-06-21;sexta-feira;08:00:00;DF;"70   ";"15   ";BRASILIA;Sim;Manobra de mudança de faixa;3;Colisão lateral mesmo sentido;Com Vítimas Feridas;Pleno dia;Decrescente;Céu Claro;Dupla;Reta;Sim  ;"1090618   ";Motocicleta;HONDA/CG 160 TITAN;"2018      ";Condutor;Lesões Graves;"32   ";Masculino;"0 ";"0    ";"1    ";"0    ";-15.7988880;-48.1850430;SPRF-DF;DEL03-DF;UOP02-DEL03-DF 
608928;"1361775   ";2024-06-21;sexta-feira;08:00:00;DF;"70   ";"15   ";BRASILIA;Sim;Manobra de mudança de faixa;3;Colisão lateral mesmo sentido;Com Vítimas Feridas;Pleno dia;Decrescente;Céu Claro;Dupla;Reta;Sim  ;"1090615   ";Ônibus;Não Informado/Não Informado;"0         ";Condutor;Não Informado;"0    ";Não Informado;"0 ";"0    ";"0    ";"0    ";-15.7988880;-48.1850430;SPRF-DF;DEL03-DF;UOP02-DEL03-DF 
608928;"1361774   ";2024-06-21;sexta-feira;08:00:00;DF;"70   ";"15   ";BRASILIA;Sim;Manobra de mudança de faixa;3;Colisão lateral mesmo sentido;Com Vítimas Feridas;Pleno dia;Decrescente;Céu Claro;Dupla;Reta;Sim  ;"1090616   ";Automóvel;FIAT/SIENA ATTRACTIV 1.4;"2013      ";Condutor;Ileso;"34   ";Masculino;"1 ";"0    ";"0    ";"0    ";-15.7988880;-48.1850430;SPRF-DF;DEL03-DF;UOP02-DEL03-DF 
608928;"1361776   ";2024-06-21;sexta-feira;08:00:00;DF;"70   ";"15   ";BRASILIA;Sim;Manobra de mudança de faixa;3;Colisão lateral mesmo sentido;Com Vítimas Feridas;Pleno dia;Decrescente;Céu Claro;Dupla;Reta;Sim  ;"1090620   ";Automóvel;CHEVROLET/PRISMA 1.4L LT;"2012      ";Condutor;Ileso;"35   ";Feminino;"1 ";"0    ";"0    ";"0    ";-15.7988880;-48.1850430;SPRF-DF;DEL03-DF;UOP02-DEL03-DF 
608928;"1361778   ";2024-06-21;sexta-feira;08:00:00;DF;"70   ";"15   ";BRASILIA;Sim;Manobra de mudança de faixa;2;Colisão lateral mesmo sentido;Com Vítimas Feridas;Pleno dia;Decrescente;Céu Claro;Dupla;Reta;Sim  ;"1090618   ";Motocicleta;HONDA/CG 160 TITAN;"2018      ";Condutor;Lesões Graves;"32   ";Masculino;"0 ";"0    ";"1    ";"0    ";-15.7988880;-48.1850430;SPRF-DF;DEL03-DF;UOP02-DEL03-DF 
608928;"1361775   ";2024-06-21;sexta-feira;08:00:00;DF;"70   ";"15   ";BRASILIA;Sim;Manobra de mudança de faixa;2;Colisão lateral mesmo sentido;Com Vítimas Feridas;Pleno dia;Decrescente;Céu Claro;Dupla;Reta;Sim  ;"1090615   ";Ônibus;Não Informado/Não Informado;"0         ";Condutor;Não Informado;"0    ";Não Informado;"0 ";"0    ";"0    ";"0    ";-15.7988880;-48.1850430;SPRF-DF;DEL03-DF;UOP02-DEL03-DF 
608928;"1361774   ";2024-06-21;sexta-feira;08:00:00;DF;"70   ";"15   ";BRASILIA;Sim;Manobra de mudança de faixa;2;Colisão lateral mesmo sentido;Com Vítimas Feridas;Pleno dia;Decrescente;Céu Claro;Dupla;Reta;Sim  ;"1090616   ";Automóvel;FIAT/SIENA ATTRACTIV 1.4;"2013      ";Condutor;Ileso;"34   ";Masculino;"1 ";"0    ";"0    ";"0    ";-15.7988880;-48.1850430;SPRF-DF;DEL03-DF;UOP02-DEL03-DF 
608928;"1361776   ";2024-06-21;sexta-feira;08:00:00;DF;"70   ";"15   ";BRASILIA;Sim;Manobra de mudança de faixa;2;Colisão lateral mesmo sentido;Com Vítimas Feridas;Pleno dia;Decrescente;Céu Claro;Dupla;Reta;Sim  ;"1090620   ";Automóvel;CHEVROLET/PRISMA 1.4L LT;"2012      ";Condutor;Ileso;"35   ";Feminino;"1 ";"0    ";"0    ";"0    ";-15.7988880;-48.1850430;SPRF-DF;DEL03-DF;UOP02-DEL03-DF 
608928;"1361778   ";2024-06-21;sexta-feira;08:00:00;DF;"70   ";"15   ";BRASILIA;Sim;Manobra de mudança de faixa;1;Colisão traseira;Com Vítimas Feridas;Pleno dia;Decrescente;Céu Claro;Dupla;Reta;Sim  ;"1090618   ";Motocicleta;HONDA/CG 160 TITAN;"2018      ";Condutor;Lesões Graves;"32   ";Masculino;"0 ";"0    ";"1    ";"0    ";-15.7988880;-48.1850430;SPRF-DF;DEL03-DF;UOP02-DEL03-DF 
608928;"1361775   ";2024-06-21;sexta-feira;08:00:00;DF;"70   ";"15   ";BRASILIA;Sim;Manobra de mudança de faixa;1;Colisão traseira;Com Vítimas Feridas;Pleno dia;Decrescente;Céu Claro;Dupla;Reta;Sim  ;"1090615   ";Ônibus;Não Informado/Não Informado;"0         ";Condutor;Não Informado;"0    ";Não Informado;"0 ";"0    ";"0    ";"0    ";-15.7988880;-48.1850430;SPRF-DF;DEL03-DF;UOP02-DEL03-DF 
608928;"1361774   ";2024-06-21;sexta-feira;08:00:00;DF;"70   ";"15   ";BRASILIA;Sim;Manobra de mudança de faixa;1;Colisão traseira;Com Vítimas Feridas;Pleno dia;Decrescente;Céu Claro;Dupla;Reta;Sim  ;"1090616   ";Automóvel;FIAT/SIENA ATTRACTIV 1.4;"2013      ";Condutor;Ileso;"34   ";Masculino;"1 ";"0    ";"0    ";"0    ";-15.7988880;-48.1850430;SPRF-DF;DEL03-DF;UOP02-DEL03-DF 
608928;"1361776   ";2024-06-21;sexta-feira;08:00:00;DF;"70   ";"15   ";BRASILIA;Sim;Manobra de mudança de faixa;1;Colisão traseira;Com Vítimas Feridas;Pleno dia;Decrescente;Céu Claro;Dupla;Reta;Sim  ;"1090620   ";Automóvel;CHEVROLET/PRISMA 1.4L LT;"2012      ";Condutor;Ileso;"35   ";Feminino;"1 ";"0    ";"0    ";"0    ";-15.7988880;-48.1850430;SPRF-DF;DEL03-DF;UOP02-DEL03-DF 
608950;"0         ";2024-05-01;quarta-feira;02:30:00;GO;"50   ";"105  ";CRISTALINA;Sim;Animais na Pista;1;Tombamento;Com Vítimas Feridas;Plena Noite;Decrescente;Céu Claro;Dupla;Reta;Não  ;"1089254   ";Semireboque;SR/PALMEIRA SRBI 3E;"2010      ";"0";"0";"0    ";"0";"0 ";"0    ";"0    ";"0    ";-16.9309000;-47.7117000;SPRF-DF;DEL01-DF;UOP02-DEL01-DF 
608950;"1359977   ";2024-05-01;quarta-feira;02:30:00;GO;"50   ";"105  ";CRISTALINA;Sim;Animais na Pista;1;Tombamento;Com Vítimas Feridas;Plena Noite;Decrescente;Céu Claro;Dupla;Reta;Não  ;"1089253   ";Caminhão-trator;SCANIA/P 360 A4X2;"2014      ";Condutor;Lesões Leves;"40   ";Masculino;"0 ";"1    ";"0    ";"0    ";-16.9309000;-47.7117000;SPRF-DF;DEL01-DF;UOP02-DEL01-DF 