id;pesid;data_inversa;dia_semana;horario;uf;br;km;municipio;causa_principal;causa_acidente;ordem_tipo_acidente;tipo_acidente;classificacao_acidente;fase_dia;sentido_via;condicao_metereologica;tipo_pista;tracado_via;uso_solo;id_veiculo;tipo_veiculo;marca;ano_fabricacao_veiculo;tipo_envolvido;estado_fisico;idade;sexo;ilesos;feridos_leves;feridos_graves;mortos;latitude;longitude;regional;delegacia;uop
609307;"1360984   ";2024-06-22;sábado;15:30:00;GO;"414  ";"338  ";COCALZINHO DE GOIAS;Não;Velocidade Incompatível;1;Colisão traseira;Com Vítimas Feridas;Pleno dia;Decrescente;Céu Claro;Simples;"Curva;Aclive";Não  ;"1089998   ";Automóvel;CITROEN/C3 EXCL 14 FLEX;"2011      ";Condutor;Lesões Graves;"53   ";Masculino;"0 ";"0    ";"1    ";"0    ";-15.5329370;-48.6245920;SPRF-GO;DEL02-GO;UOP01-DEL02-GO 
609307;"1361791   ";2024-06-22;sábado;15:30:00;GO;"414  ";"338  ";COCALZINHO DE GOIAS;Não;Velocidade Incompatível;1;Colisão traseira;Com Vítimas Feridas;Pleno dia;Decrescente;Céu Claro;Simples;"Curva;Aclive";Não  ;"1090575   ";Caminhão;Não Informado/Não Informado;"0         ";Condutor;Não Informado;"0    ";Não Informado;"0 ";"0    ";"0    ";"0    ";-15.5329370;-48.6245920;SPRF-GO;DEL02-GO;UOP01-DEL02-GO 
609307;"1360985   ";2024-06-22;sábado;15:30:00;GO;"414  ";"338  ";COCALZINHO DE GOIAS;Não;Ultrapassagem Indevida;1;Colisão traseira;Com Vítimas Feridas;Pleno dia;Decrescente;Céu Claro;Simples;"Curva;Aclive";Não  ;"1089998   ";Automóvel;CITROEN/C3 EXCL 14 FLEX;"2011      ";Passageiro;Lesões Leves;"28   ";Masculino;"0 ";"1    ";"0    ";"0    ";-15.5329370;-48.6245920;SPRF-GO;DEL02-GO;UOP01-DEL02-GO 
609307;"1360984   ";2024-06-22;sábado;15:30:00;GO;"414  ";"338  ";COCALZINHO DE GOIAS;Não;Ultrapassagem Indevida;1;Colisão traseira;Com Vítimas Feridas;Pleno dia;Decrescente;Céu Claro;Simples;"Curva;Aclive";Não  ;"1089998   ";Automóvel;CITROEN/C3 EXCL 14 FLEX;"2011      ";Condutor;Lesões Graves;"53   ";Masculino;"0 ";"0    ";"1    ";"0    ";-15.5329370;-48.6245920;SPRF-GO;DEL02-GO;UOP01-DEL02-GO 
609307;"1361791   ";2024-06-22;sábado;15:30:00;GO;"414  ";"338  ";COCALZINHO DE GOIAS;Não;Ultrapassagem Indevida;1;Colisão traseira;Com Vítimas Feridas;Pleno dia;Decrescente;Céu Claro;Simples;"Curva;Aclive";Não  ;"1090575   ";Caminhão;Não Informado/Não Informado;"0         ";Condutor;Não Informado;"0    ";Não Informado;"0 ";"0    ";"0    ";"0    ";-15.5329370;-48.6245920;SPRF-GO;DEL02-GO;UOP01-DEL02-GO 
609307;"1360985   ";2024-06-22;sábado;15:30:00;GO;"414  ";"338  ";COCALZINHO DE GOIAS;Sim;Ingestão de álcool pelo condutor;1;Colisão traseira;Com Vítimas Feridas;Pleno dia;Decrescente;Céu Claro;Simples;"Curva;Aclive";Não  ;"1089998   ";Automóvel;CITROEN/C3 EXCL 14 FLEX;"2011      ";Passageiro;Lesões Leves;"28   ";Masculino;"0 ";"1    ";"0    ";"0    ";-15.5329370;-48.6245920;SPRF-GO;DEL02-GO;UOP01-DEL02-GO 
609307;"1360984   ";2024-06-22;sábado;15:30:00;GO;"414  ";"338  ";COCALZINHO DE GOIAS;Sim;Ingestão de álcool pelo condutor;1;Colisão traseira;Com Vítimas Feridas;Pleno dia;Decrescente;Céu Claro;Simples;"Curva;Aclive";Não  ;"1089998   ";Automóvel;CITROEN/C3 EXCL 14 FLEX;"2011      ";Condutor;Lesões Graves;"53   ";Masculino;"0 ";"0    ";"1    ";"0    ";-15.5329370;-48.6245920;SPRF-GO;DEL02-GO;UOP01-DEL02-GO 
609307;"1361791   ";2024-06-22;sábado;15:30:00;GO;"414  ";"338  ";COCALZINHO DE GOIAS;Sim;Ingestão de álcool pelo condutor;1;Colisão traseira;Com Vítimas Feridas;Pleno dia;Decrescente;Céu Claro;Simples;"Curva;Aclive";Não  ;"1090575   ";Caminhão;Não Informado/Não Informado;"0         ";Condutor;Não Informado;"0    ";Não Informado;"0 ";"0    ";"0    ";"0    ";-15.5329370;-48.6245920;SPRF-GO;DEL02-GO;UOP01-DEL02-GO 
609315;"1361021   ";2024-06-22;sábado;19:05:00;DF;"70   ";"17   ";BRASILIA;Não;Ingestão de álcool pelo condutor;2;Capotamento;Sem Vítimas;Plena Noite;Crescente;Céu Claro;Dupla;"Reta;Declive";Sim  ;"1090031   ";Automóvel;I/FIAT SIENA FIRE FLEX;"2009      ";Condutor;Ileso;"37   ";Feminino;"1 ";"0    ";"0    ";"0    ";-15.7941330;-48.2020950;SPRF-DF;DEL03-DF;UOP02-DEL03-DF 
609315;"1361023   ";2024-06-22;sábado;19:05:00;DF;"70   ";"17   ";BRASILIA;Não;Ingestão de álcool pelo condutor;2;Capotamento;Sem Vítimas;Plena Noite;Crescente;Céu Claro;Dupla;"Reta;Declive";Sim  ;"1090029   ";Automóvel;FIAT/UNO S IE;"1993      ";Condutor;Ileso;"30   ";Masculino;"1 ";"0    ";"0    ";"0    ";-15.7941330;-48.2020950;SPRF-DF;DEL03-DF;UOP02-DEL03-DF 
609315;"1361021   ";2024-06-22;sábado;19:05:00;DF;"70   ";"17   ";BRASILIA;Sim;Manobra de mudança de faixa;2;Capotamento;Sem Vítimas;Plena Noite;Crescente;Céu Claro;Dupla;"Reta;Declive";Sim  ;"1090031   ";Automóvel;I/FIAT SIENA FIRE FLEX;"2009      ";Condutor;Ileso;"37   ";Feminino;"1 ";"0    ";"0    ";"0    ";-15.7941330;-48.2020950;SPRF-DF;DEL03-DF;UOP02-DEL03-DF 
609315;"1361023   ";2024-06-22;sábado;19:05:00;DF;"70   ";"17   ";BRASILIA;Sim;Manobra de mudança de faixa;2;Capotamento;Sem Vítimas;Plena Noite;Crescente;Céu Claro;Dupla;"Reta;Declive";Sim  ;"1090029   ";Automóvel;FIAT/UNO S IE;"1993      ";Condutor;Ileso;"30   ";Masculino;"1 ";"0    ";"0    ";"0    ";-15.7941330;-48.2020950;SPRF-DF;DEL03-DF;UOP02-DEL03-DF 
609315;"1361021   ";2024-06-22;sábado;19:05:00;DF;"70   ";"17   ";BRASILIA;Não;Ingestão de álcool pelo condutor;1;Colisão lateral mesmo sentido;Sem Vítimas;Plena Noite;Crescente;Céu Claro;Dupla;"Reta;Declive";Sim  ;"1090031   ";Automóvel;I/FIAT SIENA FIRE FLEX;"2009      ";Condutor;Ileso;"37   ";Feminino;"1 ";"0    ";"0    ";"0    ";-15.7941330;-48.2020950;SPRF-DF;DEL03-DF;UOP02-DEL03-DF 
609315;"1361023   ";2024-06-22;sábado;19:05:00;DF;"70   ";"17   ";BRASILIA;Não;Ingestão de álcool pelo condutor;1;Colisão lateral mesmo sentido;Sem Vítimas;Plena Noite;Crescente;Céu Claro;Dupla;"Reta;Declive";Sim  ;"1090029   ";Automóvel;FIAT/UNO S IE;"1993      ";Condutor;Ileso;"30   ";Masculino;"1 ";"0    ";"0    ";"0    ";-15.7941330;-48.2020950;SPRF-DF;DEL03-DF;UOP02-DEL03-DF 
609315;"1361021   ";2024-06-22;sábado;19:05:00;DF;"70   ";"17   ";BRASILIA;Sim;Manobra de mudança de faixa;1;Colisão lateral mesmo sentido;Sem Vítimas;Plena Noite;Crescente;Céu Claro;Dupla;"Reta;Declive";Sim  ;"1090031   ";Automóvel;I/FIAT SIENA FIRE FLEX;"2009      ";Condutor;Ileso;"37   ";Feminino;"1 ";"0    ";"0    ";"0    ";-15.7941330;-48.2020950;SPRF-DF;DEL03-DF;UOP02-DEL03-DF 
609315;"1361023   ";2024-06-22;sábado;19:05:00;DF;"70   ";"17   ";BRASILIA;Sim;Manobra de mudança de faixa;1;Colisão lateral mesmo sentido;Sem Vítimas;Plena Noite;Crescente;Céu Claro;Dupla;"Reta;Declive";Sim  ;"1090029   ";Automóvel;FIAT/UNO S IE;"1993      ";Condutor;Ileso;"30   ";Masculino;"1 ";"0    ";"0    ";"0    ";-15.7941330;-48.2020950;SPRF-DF;DEL03-DF;UOP02-DEL03-DF 
609336;"1361102   ";2024-06-22;sábado;21:20:00;DF;"70   ";"1,8  ";BRASILIA;Sim;Reação tardia ou ineficiente do condutor;2;Queda de ocupante de veículo;Com Vítimas Feridas;Plena Noite;Crescente;Céu Claro;Dupla;Reta;Não  ;"1090116   ";Motocicleta;YAMAHA/FZ25 FAZER;"2022      ";Condutor;Lesões Leves;"25   ";Feminino;"0 ";"1    ";"0    ";"0    ";-15.7952640;-48.0638010;SPRF-DF;DEL03-DF;UOP02-DEL03-DF 
609336;"1361104   ";2024-06-22;sábado;21:20:00;DF;"70   ";"1,8  ";BRASILIA;Sim;Reação tardia ou ineficiente do condutor;2;Queda de ocupante de veículo;Com Vítimas Feridas;Plena Noite;Crescente;Céu Claro;Dupla;Reta;Não  ;"1090116   ";Motocicleta;YAMAHA/FZ25 FAZER;"2022      ";Passageiro;Lesões Graves;"0    ";Feminino;"0 ";"0    ";"1    ";"0    ";-15.7952640;-48.0638010;SPRF-DF;DEL03-DF;UOP02-DEL03-DF 
609336;"1361102   ";2024-06-22;sábado;21:20:00;DF;"70   ";"1,8  ";BRASILIA;Sim;Reação tardia ou ineficiente do condutor;1;Saída de leito carroçável;Com Vítimas Feridas;Plena Noite;Crescente;Céu Claro;Dupla;Reta;Não  ;"1090116   ";Motocicleta;YAMAHA/FZ25 FAZER;"2022      ";Condutor;Lesões Leves;"25   ";Feminino;"0 ";"1    ";"0    ";"0    ";-15.7952640;-48.0638010;SPRF-DF;DEL03-DF;UOP02-DEL03-DF 
609336;"1361104   ";2024-06-22;sábado;21:20:00;DF;"70   ";"1,8  ";BRASILIA;Sim;Reação tardia ou ineficiente do condutor;1;Saída de leito carroçável;Com Vítimas Feridas;Plena Noite;Crescente;Céu Claro;Dupla;Reta;Não  ;"1090116   ";Motocicleta;YAMAHA/FZ25 FAZER;"2022      ";Passageiro;Lesões Graves;"0    ";Feminino;"0 ";"0    ";"1    ";"0    ";-15.7952640;-48.0638010;SPRF-DF;DEL03-DF;UOP02-DEL03-DF 
609343;"1360959   ";2024-06-23;domingo;00:30:00;DF;"20   ";"48,8 ";BRASILIA;Sim;Ausência de reação do condutor;2;Capotamento;Com Vítimas Feridas;Plena Noite;Crescente;Céu Claro;Dupla;Reta;Não  ;"1089985   ";Camioneta;I/KIA SPORTAGE EX2 OFFG4;"2014      ";Condutor;Lesões Leves;"35   ";Feminino;"0 ";"1    ";"0    ";"0    ";-15.5827230;-47.4403950;SPRF-DF;DEL02-DF;UOP01-DEL02-DF 
609343;"1364925   ";2024-06-23;domingo;00:30:00;DF;"20   ";"48,8 ";BRASILIA;Sim;Ausência de reação do condutor;2;Capotamento;Com Vítimas Feridas;Plena Noite;Crescente;Céu Claro;Dupla;Reta;Não  ;"1089985   ";Camioneta;I/KIA SPORTAGE EX2 OFFG4;"2014      ";Passageiro;Ileso;"43   ";Masculino;"1 ";"0    ";"0    ";"0    ";-15.5827230;-47.4403950;SPRF-DF;DEL02-DF;UOP01-DEL02-DF 
609343;"1360959   ";2024-06-23;domingo;00:30:00;DF;"20   ";"48,8 ";BRASILIA;Sim;Ausência de reação do condutor;1;Saída de leito carroçável;Com Vítimas Feridas;Plena Noite;Crescente;Céu Claro;Dupla;Reta;Não  ;"1089985   ";Camioneta;I/KIA SPORTAGE EX2 OFFG4;"2014      ";Condutor;Lesões Leves;"35   ";Feminino;"0 ";"1    ";"0    ";"0    ";-15.5827230;-47.4403950;SPRF-DF;DEL02-DF;UOP01-DEL02-DF 
609343;"1364925   ";2024-06-23;domingo;00:30:00;DF;"20   ";"48,8 ";BRASILIA;Sim;Ausência de reação do condutor;1;Saída de leito carroçável;Com Vítimas Feridas;Plena Noite;Crescente;Céu Claro;Dupla;Reta;Não  ;"1089985   ";Camioneta;I/KIA SPORTAGE EX2 OFFG4;"2014      ";Passageiro;Ileso;"43   ";Masculino;"1 ";"0    ";"0    ";"0    ";-15.5827230;-47.4403950;SPRF-DF;DEL02-DF;UOP01-DEL02-DF 
609352;"1360988   ";2024-06-23;domingo;01:45:00;GO;"60   ";"64,7 ";ABADIANIA;Sim;Velocidade Incompatível;2;Colisão com objeto;Sem Vítimas;Plena Noite;Crescente;Céu Claro;Dupla;Reta;Não  ;"1090000   ";Automóvel;VW/GOL 1.0 GIV;"2012      ";Condutor;Não Informado;"0    ";Não Informado;"0 ";"0    ";"0    ";"0    ";-16.2010840;-48.7372780;SPRF-GO;DEL02-GO;UOP01-DEL02-GO 
609352;"1360988   ";2024-06-23;domingo;01:45:00;GO;"60   ";"64,7 ";ABADIANIA;Sim;Velocidade Incompatível;1;Saída de leito carroçável;Sem Vítimas;Plena Noite;Crescente;Céu Claro;Dupla;Reta;Não  ;"1090000   ";Automóvel;VW/GOL 1.0 GIV;"2012      ";Condutor;Não Informado;"0    ";Não Informado;"0 ";"0    ";"0    ";"0    ";-16.2010840;-48.7372780;SPRF-GO;DEL02-GO;UOP01-DEL02-GO 
609416;"1361149   ";2024-06-22;sábado;21:00:00;GO;"153  ";"400,9";PIRENOPOLIS;Sim;Ingestão de álcool pelo condutor;1;Colisão frontal;Com Vítimas Feridas;Plena Noite;Decrescente;Céu Claro;Simples;"Reta;Declive;Interseção de Vias";Não  ;"1090151   ";Automóvel;FIAT/SIENA ESSENCE 1.6;"2012      ";Condutor;Lesões Leves;"45   ";Masculino;"0 ";"1    ";"0    ";"0    ";-16.0295280;-49.0939140;SPRF-GO;DEL02-GO;UOP02-DEL02-GO 
609416;"1361152   ";2024-06-22;sábado;21:00:00;GO;"153  ";"400,9";PIRENOPOLIS;Sim;Ingestão de álcool pelo condutor;1;Colisão frontal;Com Vítimas Feridas;Plena Noite;Decrescente;Céu Claro;Simples;"Reta;Declive;Interseção de Vias";Não  ;"1090152   ";Caminhão;M.BENZ/LK 1113;"1984      ";Condutor;Ileso;"37   ";Masculino;"1 ";"0    ";"0    ";"0    ";-16.0295280;-49.0939140;SPRF-GO;DEL02-GO;UOP02-DEL02-GO 
609446;"1361266   ";2024-06-23;domingo;09:00:00;GO;"60   ";"47,5 ";ABADIANIA;Sim;Manobra de mudança de faixa;3;Queda de ocupante de veículo;Com Vítimas Feridas;Pleno dia;Decrescente;Céu Claro;Dupla;Curva;Não  ;"1090245   ";Motocicleta;YAMAHA/XTZ250 LANDER;"2023      ";Passageiro;Lesões Graves;"54   ";Feminino;"0 ";"0    ";"1    ";"0    ";-16.1464000;-48.6047000;SPRF-GO;DEL02-GO;UOP01-DEL02-GO 
609446;"1361265   ";2024-06-23;domingo;09:00:00;GO;"60   ";"47,5 ";ABADIANIA;Sim;Manobra de mudança de faixa;3;Queda de ocupante de veículo;Com Vítimas Feridas;Pleno dia;Decrescente;Céu Claro;Dupla;Curva;Não  ;"1090245   ";Motocicleta;YAMAHA/XTZ250 LANDER;"2023      ";Condutor;Lesões Graves;"55   ";Masculino;"0 ";"0    ";"1    ";"0    ";-16.1464000;-48.6047000;SPRF-GO;DEL02-GO;UOP01-DEL02-GO 
609446;"1361267   ";2024-06-23;domingo;09:00:00;GO;"60   ";"47,5 ";ABADIANIA;Sim;Manobra de mudança de faixa;3;Queda de ocupante de veículo;Com Vítimas Feridas;Pleno dia;Decrescente;Céu Claro;Dupla;Curva;Não  ;"1090246   ";Automóvel;FIAT/SIENA ATTRACTIV 1.4;"2017      ";Condutor;Ileso;"76   ";Masculino;"1 ";"0    ";"0    ";"0    ";-16.1464000;-48.6047000;SPRF-GO;DEL02-GO;UOP01-DEL02-GO 
609446;"1361266   ";2024-06-23;domingo;09:00:00;GO;"60   ";"47,5 ";ABADIANIA;Sim;Manobra de mudança de faixa;2;Tombamento;Com Vítimas Feridas;Pleno dia;Decrescente;Céu Claro;Dupla;Curva;Não  ;"1090245   ";Motocicleta;YAMAHA/XTZ250 LANDER;"2023      ";Passageiro;Lesões Graves;"54   ";Feminino;"0 ";"0    ";"1    ";"0    ";-16.1464000;-48.6047000;SPRF-GO;DEL02-GO;UOP01-DEL02-GO 
609446;"1361265   ";2024-06-23;domingo;09:00:00;GO;"60   ";"47,5 ";ABADIANIA;Sim;Manobra de mudança de faixa;2;Tombamento;Com Vítimas Feridas;Pleno dia;Decrescente;Céu Claro;Dupla;Curva;Não  ;"1090245   ";Motocicleta;YAMAHA/XTZ250 LANDER;"2023      ";Condutor;Lesões Graves;"55   ";Masculino;"0 ";"0    ";"1    ";"0    ";-16.1464000;-48.6047000;SPRF-GO;DEL02-GO;UOP01-DEL02-GO 
609446;"1361267   ";2024-06-23;domingo;09:00:00;GO;"60   ";"47,5 ";ABADIANIA;Sim;Manobra de mudança de faixa;2;Tombamento;Com Vítimas Feridas;Pleno dia;Decrescente;Céu Claro;Dupla;Curva;Não  ;"1090246   ";Automóvel;FIAT/SIENA ATTRACTIV 1.4;"2017      ";Condutor;Ileso;"76   ";Masculino;"1 ";"0    ";"0    ";"0    ";-16.1464000;-48.6047000;SPRF-GO;DEL02-GO;UOP01-DEL02-GO 
609446;"1361266   ";2024-06-23;domingo;09:00:00;GO;"60   ";"47,5 ";ABADIANIA;Sim;Manobra de mudança de faixa;1;Colisão lateral mesmo sentido;Com Vítimas Feridas;Pleno dia;Decrescente;Céu Claro;Dupla;Curva;Não  ;"1090245   ";Motocicleta;YAMAHA/XTZ250 LANDER;"2023      ";Passageiro;Lesões Graves;"54   ";Feminino;"0 ";"0    ";"1    ";"0    ";-16.1464000;-48.6047000;SPRF-GO;DEL02-GO;UOP01-DEL02-GO 
609446;"1361265   ";2024-06-23;domingo;09:00:00;GO;"60   ";"47,5 ";ABADIANIA;Sim;Manobra de mudança de faixa;1;Colisão lateral mesmo sentido;Com Vítimas Feridas;Pleno dia;Decrescente;Céu Claro;Dupla;Curva;Não  ;"1090245   ";Motocicleta;YAMAHA/XTZ250 LANDER;"2023      ";Condutor;Lesões Graves;"55   ";Masculino;"0 ";"0    ";"1    ";"0    ";-16.1464000;-48.6047000;SPRF-GO;DEL02-GO;UOP01-DEL02-GO 
609446;"1361267   ";2024-06-23;domingo;09:00:00;GO;"60   ";"47,5 ";ABADIANIA;Sim;Manobra de mudança de faixa;1;Colisão lateral mesmo sentido;Com Vítimas Feridas;Pleno dia;Decrescente;Céu Claro;Dupla;Curva;Não  ;"1090246   ";Automóvel;FIAT/SIENA ATTRACTIV 1.4;"2017      ";Condutor;Ileso;"76   ";Masculino;"1 ";"0    ";"0    ";"0    ";-16.1464000;-48.6047000;SPRF-GO;DEL02-GO;UOP01-DEL02-GO 
609472;"1361224   ";2024-06-23;domingo;09:16:00;DF;"60   ";"11,5 ";BRASILIA;Sim;Reação tardia ou ineficiente do condutor;2;Queda de ocupante de veículo;Com Vítimas Feridas;Pleno dia;Crescente;Céu Claro;Dupla;Curva;Não  ;"1090213   ";Motocicleta;KASINSKI/MIRAGE 250;"2012      ";Passageiro;Lesões Leves;"42   ";Feminino;"0 ";"1    ";"0    ";"0    ";-15.9160110;-48.1641110;SPRF-DF;DEL03-DF;UOP01-DEL03-DF 
609472;"1361223   ";2024-06-23;domingo;09:16:00;DF;"60   ";"11,5 ";BRASILIA;Sim;Reação tardia ou ineficiente do condutor;2;Queda de ocupante de veículo;Com Vítimas Feridas;Pleno dia;Crescente;Céu Claro;Dupla;Curva;Não  ;"1090213   ";Motocicleta;KASINSKI/MIRAGE 250;"2012      ";Condutor;Lesões Leves;"39   ";Masculino;"0 ";"1    ";"0    ";"0    ";-15.9160110;-48.1641110;SPRF-DF;DEL03-DF;UOP01-DEL03-DF 
609472;"1361224   ";2024-06-23;domingo;09:16:00;DF;"60   ";"11,5 ";BRASILIA;Sim;Reação tardia ou ineficiente do condutor;1;Tombamento;Com Vítimas Feridas;Pleno dia;Crescente;Céu Claro;Dupla;Curva;Não  ;"1090213   ";Motocicleta;KASINSKI/MIRAGE 250;"2012      ";Passageiro;Lesões Leves;"42   ";Feminino;"0 ";"1    ";"0    ";"0    ";-15.9160110;-48.1641110;SPRF-DF;DEL03-DF;UOP01-DEL03-DF 
609472;"1361223   ";2024-06-23;domingo;09:16:00;DF;"60   ";"11,5 ";BRASILIA;Sim;Reação tardia ou ineficiente do condutor;1;Tombamento;Com Vítimas Feridas;Pleno dia;Crescente;Céu Claro;Dupla;Curva;Não  ;"1090213   ";Motocicleta;KASINSKI/MIRAGE 250;"2012      ";Condutor;Lesões Leves;"39   ";Masculino;"0 ";"1    ";"0    ";"0    ";-15.9160110;-48.1641110;SPRF-DF;DEL03-DF;UOP01-DEL03-DF 
609485;"1361305   ";2024-06-23;domingo;12:30:00;DF;"60   ";"31   ";BRASILIA;Não;Avarias e/ou desgaste excessivo no pneu;2;Queda de ocupante de veículo;Com Vítimas Feridas;Pleno dia;Decrescente;Céu Claro;Dupla;"Aclive;Reta";Não  ;"1090279   ";Motocicleta;HONDA/CG 125 FAN KS;"2011      ";Condutor;Lesões Graves;"29   ";Masculino;"0 ";"0    ";"1    ";"0    ";-16.0385400;-48.2559550;SPRF-DF;DEL03-DF;UOP01-DEL03-DF 
609485;"1361305   ";2024-06-23;domingo;12:30:00;DF;"60   ";"31   ";BRASILIA;Sim;Reação tardia ou ineficiente do condutor;2;Queda de ocupante de veículo;Com Vítimas Feridas;Pleno dia;Decrescente;Céu Claro;Dupla;"Aclive;Reta";Não  ;"1090279   ";Motocicleta;HONDA/CG 125 FAN KS;"2011      ";Condutor;Lesões Graves;"29   ";Masculino;"0 ";"0    ";"1    ";"0    ";-16.0385400;-48.2559550;SPRF-DF;DEL03-DF;UOP01-DEL03-DF 
609485;"1361305   ";2024-06-23;domingo;12:30:00;DF;"60   ";"31   ";BRASILIA;Não;Avarias e/ou desgaste excessivo no pneu;1;Tombamento;Com Vítimas Feridas;Pleno dia;Decrescente;Céu Claro;Dupla;"Aclive;Reta";Não  ;"1090279   ";Motocicleta;HONDA/CG 125 FAN KS;"2011      ";Condutor;Lesões Graves;"29   ";Masculino;"0 ";"0    ";"1    ";"0    ";-16.0385400;-48.2559550;SPRF-DF;DEL03-DF;UOP01-DEL03-DF 
609485;"1361305   ";2024-06-23;domingo;12:30:00;DF;"60   ";"31   ";BRASILIA;Sim;Reação tardia ou ineficiente do condutor;1;Tombamento;Com Vítimas Feridas;Pleno dia;Decrescente;Céu Claro;Dupla;"Aclive;Reta";Não  ;"1090279   ";Motocicleta;HONDA/CG 125 FAN KS;"2011      ";Condutor;Lesões Graves;"29   ";Masculino;"0 ";"0    ";"1    ";"0    ";-16.0385400;-48.2559550;SPRF-DF;DEL03-DF;UOP01-DEL03-DF 
609513;"1363218   ";2024-06-23;domingo;15:44:00;GO;"40   ";"15   ";LUZIANIA;Sim;Pedestre - Ingestão de álcool/ substâncias psicoativas;1;Atropelamento de Pedestre;Com Vítimas Feridas;Pleno dia;Crescente;Céu Claro;Dupla;Reta;Sim  ;"1091811   ";Automóvel;RENAULT/CLIO RN 1.6 16V;"2000      ";Condutor;Ileso;"49   ";Masculino;"1 ";"0    ";"0    ";"0    ";-16.1671000;-47.9301610;SPRF-DF;DEL01-DF;UOP01-DEL01-DF 
609513;"1363220   ";2024-06-23;domingo;15:44:00;GO;"40   ";"15   ";LUZIANIA;Sim;Pedestre - Ingestão de álcool/ substâncias psicoativas;1;Atropelamento de Pedestre;Com Vítimas Feridas;Pleno dia;Crescente;Céu Claro;Dupla;Reta;Sim  ;"0         ";"0";NA/NA;"0         ";Pedestre;Lesões Leves;"43   ";Masculino;"0 ";"1    ";"0    ";"0    ";-16.1671000;-47.9301610;SPRF-DF;DEL01-DF;UOP01-DEL01-DF 
609570;"1361534   ";2024-06-23;domingo;20:20:00;GO;"40   ";"14,3 ";LUZIANIA;Sim;Reação tardia ou ineficiente do condutor;1;Capotamento;Com Vítimas Feridas;Plena Noite;Decrescente;Céu Claro;Dupla;"Declive;Reta";Não  ;"1090444   ";Caminhonete;FIAT/STRADA WORKING CD;"2013      ";Condutor;Ileso;"23   ";Masculino;"1 ";"0    ";"0    ";"0    ";-16.1587530;-47.9331360;SPRF-DF;DEL01-DF;UOP01-DEL01-DF 
609570;"1361536   ";2024-06-23;domingo;20:20:00;GO;"40   ";"14,3 ";LUZIANIA;Sim;Reação tardia ou ineficiente do condutor;1;Capotamento;Com Vítimas Feridas;Plena Noite;Decrescente;Céu Claro;Dupla;"Declive;Reta";Não  ;"1090444   ";Caminhonete;FIAT/STRADA WORKING CD;"2013      ";Passageiro;Lesões Leves;"22   ";Feminino;"0 ";"1    ";"0    ";"0    ";-16.1587530;-47.9331360;SPRF-DF;DEL01-DF;UOP01-DEL01-DF 
609570;"1361534   ";2024-06-23;domingo;20:20:00;GO;"40   ";"14,3 ";LUZIANIA;Não;Manobra de mudança de faixa;1;Capotamento;Com Vítimas Feridas;Plena Noite;Decrescente;Céu Claro;Dupla;"Declive;Reta";Não  ;"1090444   ";Caminhonete;FIAT/STRADA WORKING CD;"2013      ";Condutor;Ileso;"23   ";Masculino;"1 ";"0    ";"0    ";"0    ";-16.1587530;-47.9331360;SPRF-DF;DEL01-DF;UOP01-DEL01-DF 
609570;"1361536   ";2024-06-23;domingo;20:20:00;GO;"40   ";"14,3 ";LUZIANIA;Não;Manobra de mudança de faixa;1;Capotamento;Com Vítimas Feridas;Plena Noite;Decrescente;Céu Claro;Dupla;"Declive;Reta";Não  ;"1090444   ";Caminhonete;FIAT/STRADA WORKING CD;"2013      ";Passageiro;Lesões Leves;"22   ";Feminino;"0 ";"1    ";"0    ";"0    ";-16.1587530;-47.9331360;SPRF-DF;DEL01-DF;UOP01-DEL01-DF 
609570;"1361534   ";2024-06-23;domingo;20:20:00;GO;"40   ";"14,3 ";LUZIANIA;Não;Velocidade Incompatível;1;Capotamento;Com Vítimas Feridas;Plena Noite;Decrescente;Céu Claro;Dupla;"Declive;Reta";Não  ;"1090444   ";Caminhonete;FIAT/STRADA WORKING CD;"2013      ";Condutor;Ileso;"23   ";Masculino;"1 ";"0    ";"0    ";"0    ";-16.1587530;-47.9331360;SPRF-DF;DEL01-DF;UOP01-DEL01-DF 
609570;"1361536   ";2024-06-23;domingo;20:20:00;GO;"40   ";"14,3 ";LUZIANIA;Não;Velocidade Incompatível;1;Capotamento;Com Vítimas Feridas;Plena Noite;Decrescente;Céu Claro;Dupla;"Declive;Reta";Não  ;"1090444   ";Caminhonete;FIAT/STRADA WORKING CD;"2013      ";Passageiro;Lesões Leves;"22   ";Feminino;"0 ";"1    ";"0    ";"0    ";-16.1587530;-47.9331360;SPRF-DF;DEL01-DF;UOP01-DEL01-DF 
609570;"1361534   ";2024-06-23;domingo;20:20:00;GO;"40   ";"14,3 ";LUZIANIA;Não;Ingestão de álcool pelo condutor;1;Capotamento;Com Vítimas Feridas;Plena Noite;Decrescente;Céu Claro;Dupla;"Declive;Reta";Não  ;"1090444   ";Caminhonete;FIAT/STRADA WORKING CD;"2013      ";Condutor;Ileso;"23   ";Masculino;"1 ";"0    ";"0    ";"0    ";-16.1587530;-47.9331360;SPRF-DF;DEL01-DF;UOP01-DEL01-DF 
609570;"1361536   ";2024-06-23;domingo;20:20:00;GO;"40   ";"14,3 ";LUZIANIA;Não;Ingestão de álcool pelo condutor;1;Capotamento;Com Vítimas Feridas;Plena Noite;Decrescente;Céu Claro;Dupla;"Declive;Reta";Não  ;"1090444   ";Caminhonete;FIAT/STRADA WORKING CD;"2013      ";Passageiro;Lesões Leves;"22   ";Feminino;"0 ";"1    ";"0    ";"0    ";-16.1587530;-47.9331360;SPRF-DF;DEL01-DF;UOP01-DEL01-DF 