id;pesid;data_inversa;dia_semana;horario;uf;br;km;municipio;causa_principal;causa_acidente;ordem_tipo_acidente;tipo_acidente;classificacao_acidente;fase_dia;sentido_via;condicao_metereologica;tipo_pista;tracado_via;uso_solo;id_veiculo;tipo_veiculo;marca;ano_fabricacao_veiculo;tipo_envolvido;estado_fisico;idade;sexo;ilesos;feridos_leves;feridos_graves;mortos;latitude;longitude;regional;delegacia;uop
609597;"1361598   ";2024-06-23;domingo;21:45:00;GO;"80   ";"44   ";PADRE BERNARDO;Sim;Entrada inopinada do pedestre;1;Atropelamento de Pedestre;Com Vítimas Fatais;Plena Noite;Crescente;Céu Claro;Simples;Reta;Não  ;"1090485   ";Caminhão-trator;VOLVO/FH12 420 6X4T;"2004      ";Condutor;Ileso;"70   ";Masculino;"1 ";"0    ";"0    ";"0    ";-15.1850100;-48.2844720;SPRF-DF;DEL03-DF;UOP02-DEL03-DF 
609597;"0         ";2024-06-23;domingo;21:45:00;GO;"80   ";"44   ";PADRE BERNARDO;Sim;Entrada inopinada do pedestre;1;Atropelamento de Pedestre;Com Vítimas Fatais;Plena Noite;Crescente;Céu Claro;Simples;Reta;Não  ;"1091994   ";Semireboque;SR/GUERRA AG GR;"2010      ";"0";"0";"0    ";"0";"0 ";"0    ";"0    ";"0    ";-15.1850100;-48.2844720;SPRF-DF;DEL03-DF;UOP02-DEL03-DF 
609597;"1361600   ";2024-06-23;domingo;21:45:00;GO;"80   ";"44   ";PADRE BERNARDO;Sim;Entrada inopinada do pedestre;1;Atropelamento de Pedestre;Com Vítimas Fatais;Plena Noite;Crescente;Céu Claro;Simples;Reta;Não  ;"0         ";"0";NA/NA;"0         ";Pedestre;Óbito;"39   ";Masculino;"0 ";"0    ";"0    ";"1    ";-15.1850100;-48.2844720;SPRF-DF;DEL03-DF;UOP02-DEL03-DF 
609597;"1361598   ";2024-06-23;domingo;21:45:00;GO;"80   ";"44   ";PADRE BERNARDO;Não;Ausência de reação do condutor;1;Atropelamento de Pedestre;Com Vítimas Fatais;Plena Noite;Crescente;Céu Claro;Simples;Reta;Não  ;"1090485   ";Caminhão-trator;VOLVO/FH12 420 6X4T;"2004      ";Condutor;Ileso;"70   ";Masculino;"1 ";"0    ";"0    ";"0    ";-15.1850100;-48.2844720;SPRF-DF;DEL03-DF;UOP02-DEL03-DF 
609597;"0         ";2024-06-23;domingo;21:45:00;GO;"80   ";"44   ";PADRE BERNARDO;Não;Ausência de reação do condutor;1;Atropelamento de Pedestre;Com Vítimas Fatais;Plena Noite;Crescente;Céu Claro;Simples;Reta;Não  ;"1091994   ";Semireboque;SR/GUERRA AG GR;"2010      ";"0";"0";"0    ";"0";"0 ";"0    ";"0    ";"0    ";-15.1850100;-48.2844720;SPRF-DF;DEL03-DF;UOP02-DEL03-DF 
609597;"1361600   ";2024-06-23;domingo;21:45:00;GO;"80   ";"44   ";PADRE BERNARDO;Não;Ausência de reação do condutor;1;Atropelamento de Pedestre;Com Vítimas Fatais;Plena Noite;Crescente;Céu Claro;Simples;Reta;Não  ;"0         ";"0";NA/NA;"0         ";Pedestre;Óbito;"39   ";Masculino;"0 ";"0    ";"0    ";"1    ";-15.1850100;-48.2844720;SPRF-DF;DEL03-DF;UOP02-DEL03-DF 
609644;"1361681   ";2024-06-24;segunda-feira;05:30:00;GO;"70   ";"14   ";AGUAS LINDAS DE GOIAS;Não;Reação tardia ou ineficiente do condutor;2;Saída de leito carroçável;Com Vítimas Feridas;Amanhecer;Crescente;Céu Claro;Múltipla;Reta;Sim  ;"1090538   ";Automóvel;FIAT/PALIO FIRE FLEX;"2007      ";Condutor;Lesões Leves;"21   ";Masculino;"0 ";"1    ";"0    ";"0    ";-15.7511797;-48.3251492;SPRF-DF;DEL03-DF;UOP02-DEL03-DF 
609644;"1361682   ";2024-06-24;segunda-feira;05:30:00;GO;"70   ";"14   ";AGUAS LINDAS DE GOIAS;Não;Reação tardia ou ineficiente do condutor;2;Saída de leito carroçável;Com Vítimas Feridas;Amanhecer;Crescente;Céu Claro;Múltipla;Reta;Sim  ;"1090538   ";Automóvel;FIAT/PALIO FIRE FLEX;"2007      ";Passageiro;Lesões Leves;"39   ";Masculino;"0 ";"1    ";"0    ";"0    ";-15.7511797;-48.3251492;SPRF-DF;DEL03-DF;UOP02-DEL03-DF 
609644;"1361684   ";2024-06-24;segunda-feira;05:30:00;GO;"70   ";"14   ";AGUAS LINDAS DE GOIAS;Não;Reação tardia ou ineficiente do condutor;2;Saída de leito carroçável;Com Vítimas Feridas;Amanhecer;Crescente;Céu Claro;Múltipla;Reta;Sim  ;"1090538   ";Automóvel;FIAT/PALIO FIRE FLEX;"2007      ";Passageiro;Lesões Leves;"50   ";Feminino;"0 ";"1    ";"0    ";"0    ";-15.7511797;-48.3251492;SPRF-DF;DEL03-DF;UOP02-DEL03-DF 
609644;"1361681   ";2024-06-24;segunda-feira;05:30:00;GO;"70   ";"14   ";AGUAS LINDAS DE GOIAS;Sim;Animais na Pista;2;Saída de leito carroçável;Com Vítimas Feridas;Amanhecer;Crescente;Céu Claro;Múltipla;Reta;Sim  ;"1090538   ";Automóvel;FIAT/PALIO FIRE FLEX;"2007      ";Condutor;Lesões Leves;"21   ";Masculino;"0 ";"1    ";"0    ";"0    ";-15.7511797;-48.3251492;SPRF-DF;DEL03-DF;UOP02-DEL03-DF 
609644;"1361682   ";2024-06-24;segunda-feira;05:30:00;GO;"70   ";"14   ";AGUAS LINDAS DE GOIAS;Sim;Animais na Pista;2;Saída de leito carroçável;Com Vítimas Feridas;Amanhecer;Crescente;Céu Claro;Múltipla;Reta;Sim  ;"1090538   ";Automóvel;FIAT/PALIO FIRE FLEX;"2007      ";Passageiro;Lesões Leves;"39   ";Masculino;"0 ";"1    ";"0    ";"0    ";-15.7511797;-48.3251492;SPRF-DF;DEL03-DF;UOP02-DEL03-DF 
609644;"1361684   ";2024-06-24;segunda-feira;05:30:00;GO;"70   ";"14   ";AGUAS LINDAS DE GOIAS;Sim;Animais na Pista;2;Saída de leito carroçável;Com Vítimas Feridas;Amanhecer;Crescente;Céu Claro;Múltipla;Reta;Sim  ;"1090538   ";Automóvel;FIAT/PALIO FIRE FLEX;"2007      ";Passageiro;Lesões Leves;"50   ";Feminino;"0 ";"1    ";"0    ";"0    ";-15.7511797;-48.3251492;SPRF-DF;DEL03-DF;UOP02-DEL03-DF 
609644;"1361681   ";2024-06-24;segunda-feira;05:30:00;GO;"70   ";"14   ";AGUAS LINDAS DE GOIAS;Não;Reação tardia ou ineficiente do condutor;1;Atropelamento de Animal;Com Vítimas Feridas;Amanhecer;Crescente;Céu Claro;Múltipla;Reta;Sim  ;"1090538   ";Automóvel;FIAT/PALIO FIRE FLEX;"2007      ";Condutor;Lesões Leves;"21   ";Masculino;"0 ";"1    ";"0    ";"0    ";-15.7511797;-48.3251492;SPRF-DF;DEL03-DF;UOP02-DEL03-DF 
609644;"1361682   ";2024-06-24;segunda-feira;05:30:00;GO;"70   ";"14   ";AGUAS LINDAS DE GOIAS;Não;Reação tardia ou ineficiente do condutor;1;Atropelamento de Animal;Com Vítimas Feridas;Amanhecer;Crescente;Céu Claro;Múltipla;Reta;Sim  ;"1090538   ";Automóvel;FIAT/PALIO FIRE FLEX;"2007      ";Passageiro;Lesões Leves;"39   ";Masculino;"0 ";"1    ";"0    ";"0    ";-15.7511797;-48.3251492;SPRF-DF;DEL03-DF;UOP02-DEL03-DF 
609644;"1361684   ";2024-06-24;segunda-feira;05:30:00;GO;"70   ";"14   ";AGUAS LINDAS DE GOIAS;Não;Reação tardia ou ineficiente do condutor;1;Atropelamento de Animal;Com Vítimas Feridas;Amanhecer;Crescente;Céu Claro;Múltipla;Reta;Sim  ;"1090538   ";Automóvel;FIAT/PALIO FIRE FLEX;"2007      ";Passageiro;Lesões Leves;"50   ";Feminino;"0 ";"1    ";"0    ";"0    ";-15.7511797;-48.3251492;SPRF-DF;DEL03-DF;UOP02-DEL03-DF 
609644;"1361681   ";2024-06-24;segunda-feira;05:30:00;GO;"70   ";"14   ";AGUAS LINDAS DE GOIAS;Sim;Animais na Pista;1;Atropelamento de Animal;Com Vítimas Feridas;Amanhecer;Crescente;Céu Claro;Múltipla;Reta;Sim  ;"1090538   ";Automóvel;FIAT/PALIO FIRE FLEX;"2007      ";Condutor;Lesões Leves;"21   ";Masculino;"0 ";"1    ";"0    ";"0    ";-15.7511797;-48.3251492;SPRF-DF;DEL03-DF;UOP02-DEL03-DF 
609644;"1361682   ";2024-06-24;segunda-feira;05:30:00;GO;"70   ";"14   ";AGUAS LINDAS DE GOIAS;Sim;Animais na Pista;1;Atropelamento de Animal;Com Vítimas Feridas;Amanhecer;Crescente;Céu Claro;Múltipla;Reta;Sim  ;"1090538   ";Automóvel;FIAT/PALIO FIRE FLEX;"2007      ";Passageiro;Lesões Leves;"39   ";Masculino;"0 ";"1    ";"0    ";"0    ";-15.7511797;-48.3251492;SPRF-DF;DEL03-DF;UOP02-DEL03-DF 
609644;"1361684   ";2024-06-24;segunda-feira;05:30:00;GO;"70   ";"14   ";AGUAS LINDAS DE GOIAS;Sim;Animais na Pista;1;Atropelamento de Animal;Com Vítimas Feridas;Amanhecer;Crescente;Céu Claro;Múltipla;Reta;Sim  ;"1090538   ";Automóvel;FIAT/PALIO FIRE FLEX;"2007      ";Passageiro;Lesões Leves;"50   ";Feminino;"0 ";"1    ";"0    ";"0    ";-15.7511797;-48.3251492;SPRF-DF;DEL03-DF;UOP02-DEL03-DF 
609677;"1361771   ";2024-06-24;segunda-feira;05:50:00;GO;"251  ";"26,5 ";CRISTALINA;Não;Iluminação deficiente;2;Queda de ocupante de veículo;Com Vítimas Fatais;Amanhecer;Decrescente;Céu Claro;Simples;Reta;Sim  ;"1090621   ";Automóvel;FORD/FIESTA HA 1.6L SE A;"2013      ";Condutor;Ileso;"36   ";Masculino;"1 ";"0    ";"0    ";"0    ";-16.1061034;-47.4947764;SPRF-DF;DEL01-DF;UOP01-DEL01-DF 
609677;"1363313   ";2024-06-24;segunda-feira;05:50:00;GO;"251  ";"26,5 ";CRISTALINA;Não;Iluminação deficiente;2;Queda de ocupante de veículo;Com Vítimas Fatais;Amanhecer;Decrescente;Céu Claro;Simples;Reta;Sim  ;"1091867   ";Bicicleta;Não Informado/Não Informado;"0         ";Condutor;Óbito;"52   ";Masculino;"0 ";"0    ";"0    ";"1    ";-16.1061034;-47.4947764;SPRF-DF;DEL01-DF;UOP01-DEL01-DF 
609677;"1361771   ";2024-06-24;segunda-feira;05:50:00;GO;"251  ";"26,5 ";CRISTALINA;Não;Ausência de reação do condutor;2;Queda de ocupante de veículo;Com Vítimas Fatais;Amanhecer;Decrescente;Céu Claro;Simples;Reta;Sim  ;"1090621   ";Automóvel;FORD/FIESTA HA 1.6L SE A;"2013      ";Condutor;Ileso;"36   ";Masculino;"1 ";"0    ";"0    ";"0    ";-16.1061034;-47.4947764;SPRF-DF;DEL01-DF;UOP01-DEL01-DF 
609677;"1363313   ";2024-06-24;segunda-feira;05:50:00;GO;"251  ";"26,5 ";CRISTALINA;Não;Ausência de reação do condutor;2;Queda de ocupante de veículo;Com Vítimas Fatais;Amanhecer;Decrescente;Céu Claro;Simples;Reta;Sim  ;"1091867   ";Bicicleta;Não Informado/Não Informado;"0         ";Condutor;Óbito;"52   ";Masculino;"0 ";"0    ";"0    ";"1    ";-16.1061034;-47.4947764;SPRF-DF;DEL01-DF;UOP01-DEL01-DF 
609677;"1361771   ";2024-06-24;segunda-feira;05:50:00;GO;"251  ";"26,5 ";CRISTALINA;Sim;Entrada inopinada do pedestre;2;Queda de ocupante de veículo;Com Vítimas Fatais;Amanhecer;Decrescente;Céu Claro;Simples;Reta;Sim  ;"1090621   ";Automóvel;FORD/FIESTA HA 1.6L SE A;"2013      ";Condutor;Ileso;"36   ";Masculino;"1 ";"0    ";"0    ";"0    ";-16.1061034;-47.4947764;SPRF-DF;DEL01-DF;UOP01-DEL01-DF 
609677;"1363313   ";2024-06-24;segunda-feira;05:50:00;GO;"251  ";"26,5 ";CRISTALINA;Sim;Entrada inopinada do pedestre;2;Queda de ocupante de veículo;Com Vítimas Fatais;Amanhecer;Decrescente;Céu Claro;Simples;Reta;Sim  ;"1091867   ";Bicicleta;Não Informado/Não Informado;"0         ";Condutor;Óbito;"52   ";Masculino;"0 ";"0    ";"0    ";"1    ";-16.1061034;-47.4947764;SPRF-DF;DEL01-DF;UOP01-DEL01-DF 
609677;"1361771   ";2024-06-24;segunda-feira;05:50:00;GO;"251  ";"26,5 ";CRISTALINA;Não;Iluminação deficiente;1;Colisão transversal;Com Vítimas Fatais;Amanhecer;Decrescente;Céu Claro;Simples;Reta;Sim  ;"1090621   ";Automóvel;FORD/FIESTA HA 1.6L SE A;"2013      ";Condutor;Ileso;"36   ";Masculino;"1 ";"0    ";"0    ";"0    ";-16.1061034;-47.4947764;SPRF-DF;DEL01-DF;UOP01-DEL01-DF 
609677;"1363313   ";2024-06-24;segunda-feira;05:50:00;GO;"251  ";"26,5 ";CRISTALINA;Não;Iluminação deficiente;1;Colisão transversal;Com Vítimas Fatais;Amanhecer;Decrescente;Céu Claro;Simples;Reta;Sim  ;"1091867   ";Bicicleta;Não Informado/Não Informado;"0         ";Condutor;Óbito;"52   ";Masculino;"0 ";"0    ";"0    ";"1    ";-16.1061034;-47.4947764;SPRF-DF;DEL01-DF;UOP01-DEL01-DF 
609677;"1361771   ";2024-06-24;segunda-feira;05:50:00;GO;"251  ";"26,5 ";CRISTALINA;Não;Ausência de reação do condutor;1;Colisão transversal;Com Vítimas Fatais;Amanhecer;Decrescente;Céu Claro;Simples;Reta;Sim  ;"1090621   ";Automóvel;FORD/FIESTA HA 1.6L SE A;"2013      ";Condutor;Ileso;"36   ";Masculino;"1 ";"0    ";"0    ";"0    ";-16.1061034;-47.4947764;SPRF-DF;DEL01-DF;UOP01-DEL01-DF 
609677;"1363313   ";2024-06-24;segunda-feira;05:50:00;GO;"251  ";"26,5 ";CRISTALINA;Não;Ausência de reação do condutor;1;Colisão transversal;Com Vítimas Fatais;Amanhecer;Decrescente;Céu Claro;Simples;Reta;Sim  ;"1091867   ";Bicicleta;Não Informado/Não Informado;"0         ";Condutor;Óbito;"52   ";Masculino;"0 ";"0    ";"0    ";"1    ";-16.1061034;-47.4947764;SPRF-DF;DEL01-DF;UOP01-DEL01-DF 
609677;"1361771   ";2024-06-24;segunda-feira;05:50:00;GO;"251  ";"26,5 ";CRISTALINA;Sim;Entrada inopinada do pedestre;1;Colisão transversal;Com Vítimas Fatais;Amanhecer;Decrescente;Céu Claro;Simples;Reta;Sim  ;"1090621   ";Automóvel;FORD/FIESTA HA 1.6L SE A;"2013      ";Condutor;Ileso;"36   ";Masculino;"1 ";"0    ";"0    ";"0    ";-16.1061034;-47.4947764;SPRF-DF;DEL01-DF;UOP01-DEL01-DF 
609677;"1363313   ";2024-06-24;segunda-feira;05:50:00;GO;"251  ";"26,5 ";CRISTALINA;Sim;Entrada inopinada do pedestre;1;Colisão transversal;Com Vítimas Fatais;Amanhecer;Decrescente;Céu Claro;Simples;Reta;Sim  ;"1091867   ";Bicicleta;Não Informado/Não Informado;"0         ";Condutor;Óbito;"52   ";Masculino;"0 ";"0    ";"0    ";"1    ";-16.1061034;-47.4947764;SPRF-DF;DEL01-DF;UOP01-DEL01-DF 
609759;"1362197   ";2024-06-24;segunda-feira;17:30:00;GO;"40   ";"20   ";LUZIANIA;Sim;Reação tardia ou ineficiente do condutor;1;Colisão com objeto;Com Vítimas Feridas;Pleno dia;Decrescente;Céu Claro;Dupla;Reta;Sim  ;"1090970   ";Automóvel;GM/CORSA GL;"1998      ";Condutor;Lesões Leves;"26   ";Feminino;"0 ";"1    ";"0    ";"0    ";-16.2184900;-47.9154780;SPRF-DF;DEL01-DF;UOP01-DEL01-DF 
609827;"1362227   ";2024-06-24;segunda-feira;19:45:00;GO;"80   ";"2    ";PADRE BERNARDO;Não;Falta de elemento de contenção que evite a saída do leito carroçável;1;Saída de leito carroçável;Com Vítimas Feridas;Plena Noite;Crescente;Céu Claro;Simples;Reta;Não  ;"1090992   ";Motocicleta;HONDA/CG150 START;"2016      ";Condutor;Lesões Graves;"50   ";Masculino;"0 ";"0    ";"1    ";"0    ";-15.5025050;-48.2113200;SPRF-DF;DEL03-DF;UOP02-DEL03-DF 
609827;"1365733   ";2024-06-24;segunda-feira;19:45:00;GO;"80   ";"2    ";PADRE BERNARDO;Não;Falta de elemento de contenção que evite a saída do leito carroçável;1;Saída de leito carroçável;Com Vítimas Feridas;Plena Noite;Crescente;Céu Claro;Simples;Reta;Não  ;"1090992   ";Motocicleta;HONDA/CG150 START;"2016      ";Passageiro;Lesões Graves;"44   ";Feminino;"0 ";"0    ";"1    ";"0    ";-15.5025050;-48.2113200;SPRF-DF;DEL03-DF;UOP02-DEL03-DF 
609827;"1362227   ";2024-06-24;segunda-feira;19:45:00;GO;"80   ";"2    ";PADRE BERNARDO;Sim;Ausência de reação do condutor;1;Saída de leito carroçável;Com Vítimas Feridas;Plena Noite;Crescente;Céu Claro;Simples;Reta;Não  ;"1090992   ";Motocicleta;HONDA/CG150 START;"2016      ";Condutor;Lesões Graves;"50   ";Masculino;"0 ";"0    ";"1    ";"0    ";-15.5025050;-48.2113200;SPRF-DF;DEL03-DF;UOP02-DEL03-DF 
609827;"1365733   ";2024-06-24;segunda-feira;19:45:00;GO;"80   ";"2    ";PADRE BERNARDO;Sim;Ausência de reação do condutor;1;Saída de leito carroçável;Com Vítimas Feridas;Plena Noite;Crescente;Céu Claro;Simples;Reta;Não  ;"1090992   ";Motocicleta;HONDA/CG150 START;"2016      ";Passageiro;Lesões Graves;"44   ";Feminino;"0 ";"0    ";"1    ";"0    ";-15.5025050;-48.2113200;SPRF-DF;DEL03-DF;UOP02-DEL03-DF 
609850;"1362184   ";2024-06-25;terça-feira;01:00:00;GO;"40   ";"3    ";VALPARAISO DE GOIAS;Sim;Ausência de reação do condutor;1;Colisão com objeto;Com Vítimas Feridas;Plena Noite;Decrescente;Céu Claro;Dupla;"Aclive;Reta";Sim  ;"1090958   ";Automóvel;FIAT/PALIO ATTRACTIV 1.0;"2014      ";Condutor;Lesões Leves;"30   ";Masculino;"0 ";"1    ";"0    ";"0    ";-16.0760810;-47.9856710;SPRF-DF;DEL01-DF;UOP01-DEL01-DF 
609872;"1363323   ";2024-06-25;terça-feira;07:15:00;DF;"70   ";"17   ";BRASILIA;Sim;Ausência de reação do condutor;3;Capotamento;Com Vítimas Feridas;Pleno dia;Crescente;Céu Claro;Simples;Reta;Sim  ;"1091878   ";Automóvel;FIAT/UNO MILLE WAY ECON;"2011      ";Condutor;Lesões Graves;"32   ";Feminino;"0 ";"0    ";"1    ";"0    ";-15.7941330;-48.2020950;SPRF-DF;DEL03-DF;UOP02-DEL03-DF 
609872;"1365134   ";2024-06-25;terça-feira;07:15:00;DF;"70   ";"17   ";BRASILIA;Sim;Ausência de reação do condutor;3;Capotamento;Com Vítimas Feridas;Pleno dia;Crescente;Céu Claro;Simples;Reta;Sim  ;"0         ";"0";NA/NA;"0         ";Testemunha;Não Informado;"0    ";Não Informado;"0 ";"0    ";"0    ";"0    ";-15.7941330;-48.2020950;SPRF-DF;DEL03-DF;UOP02-DEL03-DF 
609872;"1365133   ";2024-06-25;terça-feira;07:15:00;DF;"70   ";"17   ";BRASILIA;Sim;Ausência de reação do condutor;3;Capotamento;Com Vítimas Feridas;Pleno dia;Crescente;Céu Claro;Simples;Reta;Sim  ;"0         ";"0";NA/NA;"0         ";Testemunha;Não Informado;"0    ";Não Informado;"0 ";"0    ";"0    ";"0    ";-15.7941330;-48.2020950;SPRF-DF;DEL03-DF;UOP02-DEL03-DF 
609872;"1363323   ";2024-06-25;terça-feira;07:15:00;DF;"70   ";"17   ";BRASILIA;Sim;Ausência de reação do condutor;2;Colisão com objeto;Com Vítimas Feridas;Pleno dia;Crescente;Céu Claro;Simples;Reta;Sim  ;"1091878   ";Automóvel;FIAT/UNO MILLE WAY ECON;"2011      ";Condutor;Lesões Graves;"32   ";Feminino;"0 ";"0    ";"1    ";"0    ";-15.7941330;-48.2020950;SPRF-DF;DEL03-DF;UOP02-DEL03-DF 
609872;"1365134   ";2024-06-25;terça-feira;07:15:00;DF;"70   ";"17   ";BRASILIA;Sim;Ausência de reação do condutor;2;Colisão com objeto;Com Vítimas Feridas;Pleno dia;Crescente;Céu Claro;Simples;Reta;Sim  ;"0         ";"0";NA/NA;"0         ";Testemunha;Não Informado;"0    ";Não Informado;"0 ";"0    ";"0    ";"0    ";-15.7941330;-48.2020950;SPRF-DF;DEL03-DF;UOP02-DEL03-DF 
609872;"1365133   ";2024-06-25;terça-feira;07:15:00;DF;"70   ";"17   ";BRASILIA;Sim;Ausência de reação do condutor;2;Colisão com objeto;Com Vítimas Feridas;Pleno dia;Crescente;Céu Claro;Simples;Reta;Sim  ;"0         ";"0";NA/NA;"0         ";Testemunha;Não Informado;"0    ";Não Informado;"0 ";"0    ";"0    ";"0    ";-15.7941330;-48.2020950;SPRF-DF;DEL03-DF;UOP02-DEL03-DF 
609872;"1363323   ";2024-06-25;terça-feira;07:15:00;DF;"70   ";"17   ";BRASILIA;Sim;Ausência de reação do condutor;1;Saída de leito carroçável;Com Vítimas Feridas;Pleno dia;Crescente;Céu Claro;Simples;Reta;Sim  ;"1091878   ";Automóvel;FIAT/UNO MILLE WAY ECON;"2011      ";Condutor;Lesões Graves;"32   ";Feminino;"0 ";"0    ";"1    ";"0    ";-15.7941330;-48.2020950;SPRF-DF;DEL03-DF;UOP02-DEL03-DF 
609872;"1365134   ";2024-06-25;terça-feira;07:15:00;DF;"70   ";"17   ";BRASILIA;Sim;Ausência de reação do condutor;1;Saída de leito carroçável;Com Vítimas Feridas;Pleno dia;Crescente;Céu Claro;Simples;Reta;Sim  ;"0         ";"0";NA/NA;"0         ";Testemunha;Não Informado;"0    ";Não Informado;"0 ";"0    ";"0    ";"0    ";-15.7941330;-48.2020950;SPRF-DF;DEL03-DF;UOP02-DEL03-DF 
609872;"1365133   ";2024-06-25;terça-feira;07:15:00;DF;"70   ";"17   ";BRASILIA;Sim;Ausência de reação do condutor;1;Saída de leito carroçável;Com Vítimas Feridas;Pleno dia;Crescente;Céu Claro;Simples;Reta;Sim  ;"0         ";"0";NA/NA;"0         ";Testemunha;Não Informado;"0    ";Não Informado;"0 ";"0    ";"0    ";"0    ";-15.7941330;-48.2020950;SPRF-DF;DEL03-DF;UOP02-DEL03-DF 
609892;"1362296   ";2024-06-25;terça-feira;08:25:00;GO;"40   ";"4    ";VALPARAISO DE GOIAS;Não;Reação tardia ou ineficiente do condutor;3;Queda de ocupante de veículo;Com Vítimas Feridas;Pleno dia;Crescente;Céu Claro;Dupla;Reta;Sim  ;"1091052   ";Automóvel;VW/CROSSFOX GII;"2010      ";Condutor;Ileso;"52   ";Masculino;"1 ";"0    ";"0    ";"0    ";-16.0878021;-47.9853362;SPRF-DF;DEL01-DF;UOP01-DEL01-DF 
610810;"1364490   ";2024-06-29;sábado;13:47:00;GO;"40   ";"2    ";VALPARAISO DE GOIAS;Não;Velocidade Incompatível;2;Colisão traseira;Com Vítimas Feridas;Pleno dia;Decrescente;Céu Claro;Dupla;Reta;Sim  ;"1092869   ";Automóvel;NISSAN/VERSA 16 UNIQUE;"2015      ";Condutor;Ileso;"38   ";Masculino;"1 ";"0    ";"0    ";"0    ";-16.0671290;-47.9842350;SPRF-DF;DEL01-DF;UOP01-DEL01-DF 
609892;"1362297   ";2024-06-25;terça-feira;08:25:00;GO;"40   ";"4    ";VALPARAISO DE GOIAS;Não;Reação tardia ou ineficiente do condutor;3;Queda de ocupante de veículo;Com Vítimas Feridas;Pleno dia;Crescente;Céu Claro;Dupla;Reta;Sim  ;"1091053   ";Automóvel;VW/UP MOVE MCV;"2018      ";Condutor;Ileso;"73   ";Masculino;"1 ";"0    ";"0    ";"0    ";-16.0878021;-47.9853362;SPRF-DF;DEL01-DF;UOP01-DEL01-DF 
609892;"1362298   ";2024-06-25;terça-feira;08:25:00;GO;"40   ";"4    ";VALPARAISO DE GOIAS;Não;Reação tardia ou ineficiente do condutor;3;Queda de ocupante de veículo;Com Vítimas Feridas;Pleno dia;Crescente;Céu Claro;Dupla;Reta;Sim  ;"1091054   ";Motocicleta;HONDA/CB 250F TWISTER;"2018      ";Condutor;Lesões Leves;"25   ";Masculino;"0 ";"1    ";"0    ";"0    ";-16.0878021;-47.9853362;SPRF-DF;DEL01-DF;UOP01-DEL01-DF 
609892;"1362296   ";2024-06-25;terça-feira;08:25:00;GO;"40   ";"4    ";VALPARAISO DE GOIAS;Não;Condutor deixou de manter distância do veículo da frente;3;Queda de ocupante de veículo;Com Vítimas Feridas;Pleno dia;Crescente;Céu Claro;Dupla;Reta;Sim  ;"1091052   ";Automóvel;VW/CROSSFOX GII;"2010      ";Condutor;Ileso;"52   ";Masculino;"1 ";"0    ";"0    ";"0    ";-16.0878021;-47.9853362;SPRF-DF;DEL01-DF;UOP01-DEL01-DF 
609892;"1362297   ";2024-06-25;terça-feira;08:25:00;GO;"40   ";"4    ";VALPARAISO DE GOIAS;Não;Condutor deixou de manter distância do veículo da frente;3;Queda de ocupante de veículo;Com Vítimas Feridas;Pleno dia;Crescente;Céu Claro;Dupla;Reta;Sim  ;"1091053   ";Automóvel;VW/UP MOVE MCV;"2018      ";Condutor;Ileso;"73   ";Masculino;"1 ";"0    ";"0    ";"0    ";-16.0878021;-47.9853362;SPRF-DF;DEL01-DF;UOP01-DEL01-DF 
609892;"1362298   ";2024-06-25;terça-feira;08:25:00;GO;"40   ";"4    ";VALPARAISO DE GOIAS;Não;Condutor deixou de manter distância do veículo da frente;3;Queda de ocupante de veículo;Com Vítimas Feridas;Pleno dia;Crescente;Céu Claro;Dupla;Reta;Sim  ;"1091054   ";Motocicleta;HONDA/CB 250F TWISTER;"2018      ";Condutor;Lesões Leves;"25   ";Masculino;"0 ";"1    ";"0    ";"0    ";-16.0878021;-47.9853362;SPRF-DF;DEL01-DF;UOP01-DEL01-DF 
609892;"1362296   ";2024-06-25;terça-feira;08:25:00;GO;"40   ";"4    ";VALPARAISO DE GOIAS;Não;Velocidade Incompatível;3;Queda de ocupante de veículo;Com Vítimas Feridas;Pleno dia;Crescente;Céu Claro;Dupla;Reta;Sim  ;"1091052   ";Automóvel;VW/CROSSFOX GII;"2010      ";Condutor;Ileso;"52   ";Masculino;"1 ";"0    ";"0    ";"0    ";-16.0878021;-47.9853362;SPRF-DF;DEL01-DF;UOP01-DEL01-DF 
609892;"1362297   ";2024-06-25;terça-feira;08:25:00;GO;"40   ";"4    ";VALPARAISO DE GOIAS;Não;Velocidade Incompatível;3;Queda de ocupante de veículo;Com Vítimas Feridas;Pleno dia;Crescente;Céu Claro;Dupla;Reta;Sim  ;"1091053   ";Automóvel;VW/UP MOVE MCV;"2018      ";Condutor;Ileso;"73   ";Masculino;"1 ";"0    ";"0    ";"0    ";-16.0878021;-47.9853362;SPRF-DF;DEL01-DF;UOP01-DEL01-DF 
609892;"1362298   ";2024-06-25;terça-feira;08:25:00;GO;"40   ";"4    ";VALPARAISO DE GOIAS;Não;Velocidade Incompatível;3;Queda de ocupante de veículo;Com Vítimas Feridas;Pleno dia;Crescente;Céu Claro;Dupla;Reta;Sim  ;"1091054   ";Motocicleta;HONDA/CB 250F TWISTER;"2018      ";Condutor;Lesões Leves;"25   ";Masculino;"0 ";"1    ";"0    ";"0    ";-16.0878021;-47.9853362;SPRF-DF;DEL01-DF;UOP01-DEL01-DF 