id;pesid;data_inversa;dia_semana;horario;uf;br;km;municipio;causa_principal;causa_acidente;ordem_tipo_acidente;tipo_acidente;classificacao_acidente;fase_dia;sentido_via;condicao_metereologica;tipo_pista;tracado_via;uso_solo;id_veiculo;tipo_veiculo;marca;ano_fabricacao_veiculo;tipo_envolvido;estado_fisico;idade;sexo;ilesos;feridos_leves;feridos_graves;mortos;latitude;longitude;regional;delegacia;uop
609892;"1362296   ";2024-06-25;terça-feira;08:25:00;GO;"40   ";"4    ";VALPARAISO DE GOIAS;Sim;Ausência de reação do condutor;3;Queda de ocupante de veículo;Com Vítimas Feridas;Pleno dia;Crescente;Céu Claro;Dupla;Reta;Sim  ;"1091052   ";Automóvel;VW/CROSSFOX GII;"2010      ";Condutor;Ileso;"52   ";Masculino;"1 ";"0    ";"0    ";"0    ";-16.0878021;-47.9853362;SPRF-DF;DEL01-DF;UOP01-DEL01-DF 
609892;"1362297   ";2024-06-25;terça-feira;08:25:00;GO;"40   ";"4    ";VALPARAISO DE GOIAS;Sim;Ausência de reação do condutor;3;Queda de ocupante de veículo;Com Vítimas Feridas;Pleno dia;Crescente;Céu Claro;Dupla;Reta;Sim  ;"1091053   ";Automóvel;VW/UP MOVE MCV;"2018      ";Condutor;Ileso;"73   ";Masculino;"1 ";"0    ";"0    ";"0    ";-16.0878021;-47.9853362;SPRF-DF;DEL01-DF;UOP01-DEL01-DF 
609892;"1362298   ";2024-06-25;terça-feira;08:25:00;GO;"40   ";"4    ";VALPARAISO DE GOIAS;Sim;Ausência de reação do condutor;3;Queda de ocupante de veículo;Com Vítimas Feridas;Pleno dia;Crescente;Céu Claro;Dupla;Reta;Sim  ;"1091054   ";Motocicleta;HONDA/CB 250F TWISTER;"2018      ";Condutor;Lesões Leves;"25   ";Masculino;"0 ";"1    ";"0    ";"0    ";-16.0878021;-47.9853362;SPRF-DF;DEL01-DF;UOP01-DEL01-DF 
609892;"1362296   ";2024-06-25;terça-feira;08:25:00;GO;"40   ";"4    ";VALPARAISO DE GOIAS;Não;Reação tardia ou ineficiente do condutor;2;Tombamento;Com Vítimas Feridas;Pleno dia;Crescente;Céu Claro;Dupla;Reta;Sim  ;"1091052   ";Automóvel;VW/CROSSFOX GII;"2010      ";Condutor;Ileso;"52   ";Masculino;"1 ";"0    ";"0    ";"0    ";-16.0878021;-47.9853362;SPRF-DF;DEL01-DF;UOP01-DEL01-DF 
609892;"1362297   ";2024-06-25;terça-feira;08:25:00;GO;"40   ";"4    ";VALPARAISO DE GOIAS;Não;Reação tardia ou ineficiente do condutor;2;Tombamento;Com Vítimas Feridas;Pleno dia;Crescente;Céu Claro;Dupla;Reta;Sim  ;"1091053   ";Automóvel;VW/UP MOVE MCV;"2018      ";Condutor;Ileso;"73   ";Masculino;"1 ";"0    ";"0    ";"0    ";-16.0878021;-47.9853362;SPRF-DF;DEL01-DF;UOP01-DEL01-DF 
609892;"1362298   ";2024-06-25;terça-feira;08:25:00;GO;"40   ";"4    ";VALPARAISO DE GOIAS;Não;Reação tardia ou ineficiente do condutor;2;Tombamento;Com Vítimas Feridas;Pleno dia;Crescente;Céu Claro;Dupla;Reta;Sim  ;"1091054   ";Motocicleta;HONDA/CB 250F TWISTER;"2018      ";Condutor;Lesões Leves;"25   ";Masculino;"0 ";"1    ";"0    ";"0    ";-16.0878021;-47.9853362;SPRF-DF;DEL01-DF;UOP01-DEL01-DF 
609892;"1362296   ";2024-06-25;terça-feira;08:25:00;GO;"40   ";"4    ";VALPARAISO DE GOIAS;Não;Condutor deixou de manter distância do veículo da frente;2;Tombamento;Com Vítimas Feridas;Pleno dia;Crescente;Céu Claro;Dupla;Reta;Sim  ;"1091052   ";Automóvel;VW/CROSSFOX GII;"2010      ";Condutor;Ileso;"52   ";Masculino;"1 ";"0    ";"0    ";"0    ";-16.0878021;-47.9853362;SPRF-DF;DEL01-DF;UOP01-DEL01-DF 
609892;"1362297   ";2024-06-25;terça-feira;08:25:00;GO;"40   ";"4    ";VALPARAISO DE GOIAS;Não;Condutor deixou de manter distância do veículo da frente;2;Tombamento;Com Vítimas Feridas;Pleno dia;Crescente;Céu Claro;Dupla;Reta;Sim  ;"1091053   ";Automóvel;VW/UP MOVE MCV;"2018      ";Condutor;Ileso;"73   ";Masculino;"1 ";"0    ";"0    ";"0    ";-16.0878021;-47.9853362;SPRF-DF;DEL01-DF;UOP01-DEL01-DF 
609892;"1362298   ";2024-06-25;terça-feira;08:25:00;GO;"40   ";"4    ";VALPARAISO DE GOIAS;Não;Condutor deixou de manter distância do veículo da frente;2;Tombamento;Com Vítimas Feridas;Pleno dia;Crescente;Céu Claro;Dupla;Reta;Sim  ;"1091054   ";Motocicleta;HONDA/CB 250F TWISTER;"2018      ";Condutor;Lesões Leves;"25   ";Masculino;"0 ";"1    ";"0    ";"0    ";-16.0878021;-47.9853362;SPRF-DF;DEL01-DF;UOP01-DEL01-DF 
609892;"1362296   ";2024-06-25;terça-feira;08:25:00;GO;"40   ";"4    ";VALPARAISO DE GOIAS;Não;Velocidade Incompatível;2;Tombamento;Com Vítimas Feridas;Pleno dia;Crescente;Céu Claro;Dupla;Reta;Sim  ;"1091052   ";Automóvel;VW/CROSSFOX GII;"2010      ";Condutor;Ileso;"52   ";Masculino;"1 ";"0    ";"0    ";"0    ";-16.0878021;-47.9853362;SPRF-DF;DEL01-DF;UOP01-DEL01-DF 
609892;"1362297   ";2024-06-25;terça-feira;08:25:00;GO;"40   ";"4    ";VALPARAISO DE GOIAS;Não;Velocidade Incompatível;2;Tombamento;Com Vítimas Feridas;Pleno dia;Crescente;Céu Claro;Dupla;Reta;Sim  ;"1091053   ";Automóvel;VW/UP MOVE MCV;"2018      ";Condutor;Ileso;"73   ";Masculino;"1 ";"0    ";"0    ";"0    ";-16.0878021;-47.9853362;SPRF-DF;DEL01-DF;UOP01-DEL01-DF 
609892;"1362298   ";2024-06-25;terça-feira;08:25:00;GO;"40   ";"4    ";VALPARAISO DE GOIAS;Não;Velocidade Incompatível;2;Tombamento;Com Vítimas Feridas;Pleno dia;Crescente;Céu Claro;Dupla;Reta;Sim  ;"1091054   ";Motocicleta;HONDA/CB 250F TWISTER;"2018      ";Condutor;Lesões Leves;"25   ";Masculino;"0 ";"1    ";"0    ";"0    ";-16.0878021;-47.9853362;SPRF-DF;DEL01-DF;UOP01-DEL01-DF 
609892;"1362296   ";2024-06-25;terça-feira;08:25:00;GO;"40   ";"4    ";VALPARAISO DE GOIAS;Sim;Ausência de reação do condutor;2;Tombamento;Com Vítimas Feridas;Pleno dia;Crescente;Céu Claro;Dupla;Reta;Sim  ;"1091052   ";Automóvel;VW/CROSSFOX GII;"2010      ";Condutor;Ileso;"52   ";Masculino;"1 ";"0    ";"0    ";"0    ";-16.0878021;-47.9853362;SPRF-DF;DEL01-DF;UOP01-DEL01-DF 
609892;"1362297   ";2024-06-25;terça-feira;08:25:00;GO;"40   ";"4    ";VALPARAISO DE GOIAS;Sim;Ausência de reação do condutor;2;Tombamento;Com Vítimas Feridas;Pleno dia;Crescente;Céu Claro;Dupla;Reta;Sim  ;"1091053   ";Automóvel;VW/UP MOVE MCV;"2018      ";Condutor;Ileso;"73   ";Masculino;"1 ";"0    ";"0    ";"0    ";-16.0878021;-47.9853362;SPRF-DF;DEL01-DF;UOP01-DEL01-DF 
609892;"1362298   ";2024-06-25;terça-feira;08:25:00;GO;"40   ";"4    ";VALPARAISO DE GOIAS;Sim;Ausência de reação do condutor;2;Tombamento;Com Vítimas Feridas;Pleno dia;Crescente;Céu Claro;Dupla;Reta;Sim  ;"1091054   ";Motocicleta;HONDA/CB 250F TWISTER;"2018      ";Condutor;Lesões Leves;"25   ";Masculino;"0 ";"1    ";"0    ";"0    ";-16.0878021;-47.9853362;SPRF-DF;DEL01-DF;UOP01-DEL01-DF 
609892;"1362296   ";2024-06-25;terça-feira;08:25:00;GO;"40   ";"4    ";VALPARAISO DE GOIAS;Não;Reação tardia ou ineficiente do condutor;1;Engavetamento;Com Vítimas Feridas;Pleno dia;Crescente;Céu Claro;Dupla;Reta;Sim  ;"1091052   ";Automóvel;VW/CROSSFOX GII;"2010      ";Condutor;Ileso;"52   ";Masculino;"1 ";"0    ";"0    ";"0    ";-16.0878021;-47.9853362;SPRF-DF;DEL01-DF;UOP01-DEL01-DF 
609892;"1362297   ";2024-06-25;terça-feira;08:25:00;GO;"40   ";"4    ";VALPARAISO DE GOIAS;Não;Reação tardia ou ineficiente do condutor;1;Engavetamento;Com Vítimas Feridas;Pleno dia;Crescente;Céu Claro;Dupla;Reta;Sim  ;"1091053   ";Automóvel;VW/UP MOVE MCV;"2018      ";Condutor;Ileso;"73   ";Masculino;"1 ";"0    ";"0    ";"0    ";-16.0878021;-47.9853362;SPRF-DF;DEL01-DF;UOP01-DEL01-DF 
609892;"1362298   ";2024-06-25;terça-feira;08:25:00;GO;"40   ";"4    ";VALPARAISO DE GOIAS;Não;Reação tardia ou ineficiente do condutor;1;Engavetamento;Com Vítimas Feridas;Pleno dia;Crescente;Céu Claro;Dupla;Reta;Sim  ;"1091054   ";Motocicleta;HONDA/CB 250F TWISTER;"2018      ";Condutor;Lesões Leves;"25   ";Masculino;"0 ";"1    ";"0    ";"0    ";-16.0878021;-47.9853362;SPRF-DF;DEL01-DF;UOP01-DEL01-DF 
609892;"1362296   ";2024-06-25;terça-feira;08:25:00;GO;"40   ";"4    ";VALPARAISO DE GOIAS;Não;Condutor deixou de manter distância do veículo da frente;1;Engavetamento;Com Vítimas Feridas;Pleno dia;Crescente;Céu Claro;Dupla;Reta;Sim  ;"1091052   ";Automóvel;VW/CROSSFOX GII;"2010      ";Condutor;Ileso;"52   ";Masculino;"1 ";"0    ";"0    ";"0    ";-16.0878021;-47.9853362;SPRF-DF;DEL01-DF;UOP01-DEL01-DF 
609892;"1362297   ";2024-06-25;terça-feira;08:25:00;GO;"40   ";"4    ";VALPARAISO DE GOIAS;Não;Condutor deixou de manter distância do veículo da frente;1;Engavetamento;Com Vítimas Feridas;Pleno dia;Crescente;Céu Claro;Dupla;Reta;Sim  ;"1091053   ";Automóvel;VW/UP MOVE MCV;"2018      ";Condutor;Ileso;"73   ";Masculino;"1 ";"0    ";"0    ";"0    ";-16.0878021;-47.9853362;SPRF-DF;DEL01-DF;UOP01-DEL01-DF 
609892;"1362298   ";2024-06-25;terça-feira;08:25:00;GO;"40   ";"4    ";VALPARAISO DE GOIAS;Não;Condutor deixou de manter distância do veículo da frente;1;Engavetamento;Com Vítimas Feridas;Pleno dia;Crescente;Céu Claro;Dupla;Reta;Sim  ;"1091054   ";Motocicleta;HONDA/CB 250F TWISTER;"2018      ";Condutor;Lesões Leves;"25   ";Masculino;"0 ";"1    ";"0    ";"0    ";-16.0878021;-47.9853362;SPRF-DF;DEL01-DF;UOP01-DEL01-DF 
609892;"1362296   ";2024-06-25;terça-feira;08:25:00;GO;"40   ";"4    ";VALPARAISO DE GOIAS;Não;Velocidade Incompatível;1;Engavetamento;Com Vítimas Feridas;Pleno dia;Crescente;Céu Claro;Dupla;Reta;Sim  ;"1091052   ";Automóvel;VW/CROSSFOX GII;"2010      ";Condutor;Ileso;"52   ";Masculino;"1 ";"0    ";"0    ";"0    ";-16.0878021;-47.9853362;SPRF-DF;DEL01-DF;UOP01-DEL01-DF 
609892;"1362297   ";2024-06-25;terça-feira;08:25:00;GO;"40   ";"4    ";VALPARAISO DE GOIAS;Não;Velocidade Incompatível;1;Engavetamento;Com Vítimas Feridas;Pleno dia;Crescente;Céu Claro;Dupla;Reta;Sim  ;"1091053   ";Automóvel;VW/UP MOVE MCV;"2018      ";Condutor;Ileso;"73   ";Masculino;"1 ";"0    ";"0    ";"0    ";-16.0878021;-47.9853362;SPRF-DF;DEL01-DF;UOP01-DEL01-DF 
609892;"1362298   ";2024-06-25;terça-feira;08:25:00;GO;"40   ";"4    ";VALPARAISO DE GOIAS;Não;Velocidade Incompatível;1;Engavetamento;Com Vítimas Feridas;Pleno dia;Crescente;Céu Claro;Dupla;Reta;Sim  ;"1091054   ";Motocicleta;HONDA/CB 250F TWISTER;"2018      ";Condutor;Lesões Leves;"25   ";Masculino;"0 ";"1    ";"0    ";"0    ";-16.0878021;-47.9853362;SPRF-DF;DEL01-DF;UOP01-DEL01-DF 
609892;"1362296   ";2024-06-25;terça-feira;08:25:00;GO;"40   ";"4    ";VALPARAISO DE GOIAS;Sim;Ausência de reação do condutor;1;Engavetamento;Com Vítimas Feridas;Pleno dia;Crescente;Céu Claro;Dupla;Reta;Sim  ;"1091052   ";Automóvel;VW/CROSSFOX GII;"2010      ";Condutor;Ileso;"52   ";Masculino;"1 ";"0    ";"0    ";"0    ";-16.0878021;-47.9853362;SPRF-DF;DEL01-DF;UOP01-DEL01-DF 
609892;"1362297   ";2024-06-25;terça-feira;08:25:00;GO;"40   ";"4    ";VALPARAISO DE GOIAS;Sim;Ausência de reação do condutor;1;Engavetamento;Com Vítimas Feridas;Pleno dia;Crescente;Céu Claro;Dupla;Reta;Sim  ;"1091053   ";Automóvel;VW/UP MOVE MCV;"2018      ";Condutor;Ileso;"73   ";Masculino;"1 ";"0    ";"0    ";"0    ";-16.0878021;-47.9853362;SPRF-DF;DEL01-DF;UOP01-DEL01-DF 
609892;"1362298   ";2024-06-25;terça-feira;08:25:00;GO;"40   ";"4    ";VALPARAISO DE GOIAS;Sim;Ausência de reação do condutor;1;Engavetamento;Com Vítimas Feridas;Pleno dia;Crescente;Céu Claro;Dupla;Reta;Sim  ;"1091054   ";Motocicleta;HONDA/CB 250F TWISTER;"2018      ";Condutor;Lesões Leves;"25   ";Masculino;"0 ";"1    ";"0    ";"0    ";-16.0878021;-47.9853362;SPRF-DF;DEL01-DF;UOP01-DEL01-DF 
609960;"1362485   ";2024-06-25;terça-feira;15:10:00;GO;"60   ";"23,5 ";ALEXANIA;Sim;Ausência de reação do condutor;2;Colisão com objeto;Com Vítimas Feridas;Pleno dia;Crescente;Céu Claro;Dupla;Reta;Não  ;"1091205   ";Automóvel;VW/FOX TL MCV;"2017      ";Condutor;Lesões Leves;"72   ";Feminino;"0 ";"1    ";"0    ";"0    ";-16.0963000;-48.5202000;SPRF-DF;DEL03-DF;UOP01-DEL03-DF 
609960;"1362485   ";2024-06-25;terça-feira;15:10:00;GO;"60   ";"23,5 ";ALEXANIA;Sim;Ausência de reação do condutor;1;Saída de leito carroçável;Com Vítimas Feridas;Pleno dia;Crescente;Céu Claro;Dupla;Reta;Não  ;"1091205   ";Automóvel;VW/FOX TL MCV;"2017      ";Condutor;Lesões Leves;"72   ";Feminino;"0 ";"1    ";"0    ";"0    ";-16.0963000;-48.5202000;SPRF-DF;DEL03-DF;UOP01-DEL03-DF 
609976;"1362730   ";2024-06-25;terça-feira;16:50:00;GO;"40   ";"22   ";LUZIANIA;Sim;Acessar a via sem observar a presença dos outros veículos;1;Colisão transversal;Com Vítimas Feridas;Pleno dia;Crescente;Céu Claro;Dupla;Reta;Sim  ;"1091399   ";Motocicleta;YAMAHA/FACTOR YBR125 E;"2010      ";Condutor;Lesões Leves;"71   ";Masculino;"0 ";"1    ";"0    ";"0    ";-16.2274840;-47.9141090;SPRF-DF;DEL01-DF;UOP01-DEL01-DF 
609976;"1362729   ";2024-06-25;terça-feira;16:50:00;GO;"40   ";"22   ";LUZIANIA;Sim;Acessar a via sem observar a presença dos outros veículos;1;Colisão transversal;Com Vítimas Feridas;Pleno dia;Crescente;Céu Claro;Dupla;Reta;Sim  ;"1091398   ";Caminhão;VW/11.180 DRC 4X2;"2018      ";Condutor;Ileso;"43   ";Masculino;"1 ";"0    ";"0    ";"0    ";-16.2274840;-47.9141090;SPRF-DF;DEL01-DF;UOP01-DEL01-DF 
609987;"1362535   ";2024-06-25;terça-feira;17:50:00;GO;"40   ";"2    ";VALPARAISO DE GOIAS;Sim;Trafegar com motocicleta (ou similar) entre as faixas;1;Colisão lateral mesmo sentido;Com Vítimas Feridas;Pleno dia;Decrescente;Céu Claro;Dupla;Reta;Sim  ;"1091240   ";Motoneta;HONDA/ELITE 125;"2019      ";Condutor;Lesões Leves;"29   ";Masculino;"0 ";"1    ";"0    ";"0    ";-16.0671290;-47.9842350;SPRF-DF;DEL01-DF;UOP01-DEL01-DF 
609987;"1364474   ";2024-06-25;terça-feira;17:50:00;GO;"40   ";"2    ";VALPARAISO DE GOIAS;Sim;Trafegar com motocicleta (ou similar) entre as faixas;1;Colisão lateral mesmo sentido;Com Vítimas Feridas;Pleno dia;Decrescente;Céu Claro;Dupla;Reta;Sim  ;"1092856   ";Caminhão;Não Informado/Não Informado;"0         ";Condutor;Não Informado;"0    ";Não Informado;"0 ";"0    ";"0    ";"0    ";-16.0671290;-47.9842350;SPRF-DF;DEL01-DF;UOP01-DEL01-DF 
610011;"1362553   ";2024-06-25;terça-feira;19:05:00;DF;"251  ";"34,4 ";BRASILIA;Sim;Entrada inopinada do pedestre;3;Tombamento;Com Vítimas Feridas;Plena Noite;Decrescente;Céu Claro;Simples;Reta;Sim  ;"1091256   ";Motocicleta;HONDA/CG 150 TITAN KS;"2006      ";Condutor;Lesões Leves;"29   ";Masculino;"0 ";"1    ";"0    ";"0    ";-15.9383010;-47.7597990;SPRF-DF;DEL01-DF;UOP01-DEL01-DF 
610011;"1362554   ";2024-06-25;terça-feira;19:05:00;DF;"251  ";"34,4 ";BRASILIA;Sim;Entrada inopinada do pedestre;3;Tombamento;Com Vítimas Feridas;Plena Noite;Decrescente;Céu Claro;Simples;Reta;Sim  ;"1091256   ";Motocicleta;HONDA/CG 150 TITAN KS;"2006      ";Passageiro;Lesões Leves;"18   ";Feminino;"0 ";"1    ";"0    ";"0    ";-15.9383010;-47.7597990;SPRF-DF;DEL01-DF;UOP01-DEL01-DF 
610011;"1362555   ";2024-06-25;terça-feira;19:05:00;DF;"251  ";"34,4 ";BRASILIA;Sim;Entrada inopinada do pedestre;3;Tombamento;Com Vítimas Feridas;Plena Noite;Decrescente;Céu Claro;Simples;Reta;Sim  ;"0         ";"0";NA/NA;"0         ";Pedestre;Lesões Leves;"0    ";Masculino;"0 ";"1    ";"0    ";"0    ";-15.9383010;-47.7597990;SPRF-DF;DEL01-DF;UOP01-DEL01-DF 
610011;"1362553   ";2024-06-25;terça-feira;19:05:00;DF;"251  ";"34,4 ";BRASILIA;Sim;Entrada inopinada do pedestre;2;Queda de ocupante de veículo;Com Vítimas Feridas;Plena Noite;Decrescente;Céu Claro;Simples;Reta;Sim  ;"1091256   ";Motocicleta;HONDA/CG 150 TITAN KS;"2006      ";Condutor;Lesões Leves;"29   ";Masculino;"0 ";"1    ";"0    ";"0    ";-15.9383010;-47.7597990;SPRF-DF;DEL01-DF;UOP01-DEL01-DF 
610011;"1362554   ";2024-06-25;terça-feira;19:05:00;DF;"251  ";"34,4 ";BRASILIA;Sim;Entrada inopinada do pedestre;2;Queda de ocupante de veículo;Com Vítimas Feridas;Plena Noite;Decrescente;Céu Claro;Simples;Reta;Sim  ;"1091256   ";Motocicleta;HONDA/CG 150 TITAN KS;"2006      ";Passageiro;Lesões Leves;"18   ";Feminino;"0 ";"1    ";"0    ";"0    ";-15.9383010;-47.7597990;SPRF-DF;DEL01-DF;UOP01-DEL01-DF 
610011;"1362555   ";2024-06-25;terça-feira;19:05:00;DF;"251  ";"34,4 ";BRASILIA;Sim;Entrada inopinada do pedestre;2;Queda de ocupante de veículo;Com Vítimas Feridas;Plena Noite;Decrescente;Céu Claro;Simples;Reta;Sim  ;"0         ";"0";NA/NA;"0         ";Pedestre;Lesões Leves;"0    ";Masculino;"0 ";"1    ";"0    ";"0    ";-15.9383010;-47.7597990;SPRF-DF;DEL01-DF;UOP01-DEL01-DF 
610011;"1362553   ";2024-06-25;terça-feira;19:05:00;DF;"251  ";"34,4 ";BRASILIA;Sim;Entrada inopinada do pedestre;1;Atropelamento de Pedestre;Com Vítimas Feridas;Plena Noite;Decrescente;Céu Claro;Simples;Reta;Sim  ;"1091256   ";Motocicleta;HONDA/CG 150 TITAN KS;"2006      ";Condutor;Lesões Leves;"29   ";Masculino;"0 ";"1    ";"0    ";"0    ";-15.9383010;-47.7597990;SPRF-DF;DEL01-DF;UOP01-DEL01-DF 
610011;"1362554   ";2024-06-25;terça-feira;19:05:00;DF;"251  ";"34,4 ";BRASILIA;Sim;Entrada inopinada do pedestre;1;Atropelamento de Pedestre;Com Vítimas Feridas;Plena Noite;Decrescente;Céu Claro;Simples;Reta;Sim  ;"1091256   ";Motocicleta;HONDA/CG 150 TITAN KS;"2006      ";Passageiro;Lesões Leves;"18   ";Feminino;"0 ";"1    ";"0    ";"0    ";-15.9383010;-47.7597990;SPRF-DF;DEL01-DF;UOP01-DEL01-DF 
610011;"1362555   ";2024-06-25;terça-feira;19:05:00;DF;"251  ";"34,4 ";BRASILIA;Sim;Entrada inopinada do pedestre;1;Atropelamento de Pedestre;Com Vítimas Feridas;Plena Noite;Decrescente;Céu Claro;Simples;Reta;Sim  ;"0         ";"0";NA/NA;"0         ";Pedestre;Lesões Leves;"0    ";Masculino;"0 ";"1    ";"0    ";"0    ";-15.9383010;-47.7597990;SPRF-DF;DEL01-DF;UOP01-DEL01-DF 
610114;"1362778   ";2024-06-26;quarta-feira;07:50:00;DF;"40   ";"3    ";BRASILIA;Sim;Condutor deixou de manter distância do veículo da frente;1;Colisão traseira;Com Vítimas Feridas;Pleno dia;Crescente;Céu Claro;Dupla;Reta;Sim  ;"1091435   ";Caminhonete;RENAULT/OROCH PRO 16;"2023      ";Condutor;Ileso;"56   ";Masculino;"1 ";"0    ";"0    ";"0    ";-16.0031450;-47.9839440;SPRF-DF;DEL01-DF;UOP01-DEL01-DF 
610114;"1362777   ";2024-06-26;quarta-feira;07:50:00;DF;"40   ";"3    ";BRASILIA;Sim;Condutor deixou de manter distância do veículo da frente;1;Colisão traseira;Com Vítimas Feridas;Pleno dia;Crescente;Céu Claro;Dupla;Reta;Sim  ;"1091433   ";Automóvel;FORD/FIESTA FLEX;"2009      ";Condutor;Lesões Leves;"32   ";Feminino;"0 ";"1    ";"0    ";"0    ";-16.0031450;-47.9839440;SPRF-DF;DEL01-DF;UOP01-DEL01-DF 
610121;"1362795   ";2024-06-26;quarta-feira;06:10:00;GO;"80   ";"132  ";VILA PROPICIO;Não;Deficiência do Sistema de Iluminação/Sinalização;2;Capotamento;Com Vítimas Feridas;Amanhecer;Decrescente;Céu Claro;Simples;"Retorno Regulamentado;Interseção de Vias";Não  ;"1091442   ";Automóvel;VW/GOL 1.0L MC4;"2019      ";Condutor;Ileso;"63   ";Masculino;"1 ";"0    ";"0    ";"0    ";-15.2088750;-48.6973120;SPRF-GO;DEL07-GO;UOP02-DEL07-GO 
610121;"1362798   ";2024-06-26;quarta-feira;06:10:00;GO;"80   ";"132  ";VILA PROPICIO;Não;Deficiência do Sistema de Iluminação/Sinalização;2;Capotamento;Com Vítimas Feridas;Amanhecer;Decrescente;Céu Claro;Simples;"Retorno Regulamentado;Interseção de Vias";Não  ;"1091442   ";Automóvel;VW/GOL 1.0L MC4;"2019      ";Passageiro;Lesões Leves;"86   ";Feminino;"0 ";"1    ";"0    ";"0    ";-15.2088750;-48.6973120;SPRF-GO;DEL07-GO;UOP02-DEL07-GO 
610121;"1362796   ";2024-06-26;quarta-feira;06:10:00;GO;"80   ";"132  ";VILA PROPICIO;Não;Deficiência do Sistema de Iluminação/Sinalização;2;Capotamento;Com Vítimas Feridas;Amanhecer;Decrescente;Céu Claro;Simples;"Retorno Regulamentado;Interseção de Vias";Não  ;"1091442   ";Automóvel;VW/GOL 1.0L MC4;"2019      ";Passageiro;Lesões Leves;"58   ";Feminino;"0 ";"1    ";"0    ";"0    ";-15.2088750;-48.6973120;SPRF-GO;DEL07-GO;UOP02-DEL07-GO 
610121;"1362797   ";2024-06-26;quarta-feira;06:10:00;GO;"80   ";"132  ";VILA PROPICIO;Não;Deficiência do Sistema de Iluminação/Sinalização;2;Capotamento;Com Vítimas Feridas;Amanhecer;Decrescente;Céu Claro;Simples;"Retorno Regulamentado;Interseção de Vias";Não  ;"1091442   ";Automóvel;VW/GOL 1.0L MC4;"2019      ";Passageiro;Lesões Leves;"58   ";Feminino;"0 ";"1    ";"0    ";"0    ";-15.2088750;-48.6973120;SPRF-GO;DEL07-GO;UOP02-DEL07-GO 
610121;"1362795   ";2024-06-26;quarta-feira;06:10:00;GO;"80   ";"132  ";VILA PROPICIO;Sim;Reação tardia ou ineficiente do condutor;2;Capotamento;Com Vítimas Feridas;Amanhecer;Decrescente;Céu Claro;Simples;"Retorno Regulamentado;Interseção de Vias";Não  ;"1091442   ";Automóvel;VW/GOL 1.0L MC4;"2019      ";Condutor;Ileso;"63   ";Masculino;"1 ";"0    ";"0    ";"0    ";-15.2088750;-48.6973120;SPRF-GO;DEL07-GO;UOP02-DEL07-GO 
610121;"1362798   ";2024-06-26;quarta-feira;06:10:00;GO;"80   ";"132  ";VILA PROPICIO;Sim;Reação tardia ou ineficiente do condutor;2;Capotamento;Com Vítimas Feridas;Amanhecer;Decrescente;Céu Claro;Simples;"Retorno Regulamentado;Interseção de Vias";Não  ;"1091442   ";Automóvel;VW/GOL 1.0L MC4;"2019      ";Passageiro;Lesões Leves;"86   ";Feminino;"0 ";"1    ";"0    ";"0    ";-15.2088750;-48.6973120;SPRF-GO;DEL07-GO;UOP02-DEL07-GO 
610121;"1362796   ";2024-06-26;quarta-feira;06:10:00;GO;"80   ";"132  ";VILA PROPICIO;Sim;Reação tardia ou ineficiente do condutor;2;Capotamento;Com Vítimas Feridas;Amanhecer;Decrescente;Céu Claro;Simples;"Retorno Regulamentado;Interseção de Vias";Não  ;"1091442   ";Automóvel;VW/GOL 1.0L MC4;"2019      ";Passageiro;Lesões Leves;"58   ";Feminino;"0 ";"1    ";"0    ";"0    ";-15.2088750;-48.6973120;SPRF-GO;DEL07-GO;UOP02-DEL07-GO 
610121;"1362797   ";2024-06-26;quarta-feira;06:10:00;GO;"80   ";"132  ";VILA PROPICIO;Sim;Reação tardia ou ineficiente do condutor;2;Capotamento;Com Vítimas Feridas;Amanhecer;Decrescente;Céu Claro;Simples;"Retorno Regulamentado;Interseção de Vias";Não  ;"1091442   ";Automóvel;VW/GOL 1.0L MC4;"2019      ";Passageiro;Lesões Leves;"58   ";Feminino;"0 ";"1    ";"0    ";"0    ";-15.2088750;-48.6973120;SPRF-GO;DEL07-GO;UOP02-DEL07-GO 
610121;"1362795   ";2024-06-26;quarta-feira;06:10:00;GO;"80   ";"132  ";VILA PROPICIO;Não;Deficiência do Sistema de Iluminação/Sinalização;1;Saída de leito carroçável;Com Vítimas Feridas;Amanhecer;Decrescente;Céu Claro;Simples;"Retorno Regulamentado;Interseção de Vias";Não  ;"1091442   ";Automóvel;VW/GOL 1.0L MC4;"2019      ";Condutor;Ileso;"63   ";Masculino;"1 ";"0    ";"0    ";"0    ";-15.2088750;-48.6973120;SPRF-GO;DEL07-GO;UOP02-DEL07-GO 
610121;"1362798   ";2024-06-26;quarta-feira;06:10:00;GO;"80   ";"132  ";VILA PROPICIO;Não;Deficiência do Sistema de Iluminação/Sinalização;1;Saída de leito carroçável;Com Vítimas Feridas;Amanhecer;Decrescente;Céu Claro;Simples;"Retorno Regulamentado;Interseção de Vias";Não  ;"1091442   ";Automóvel;VW/GOL 1.0L MC4;"2019      ";Passageiro;Lesões Leves;"86   ";Feminino;"0 ";"1    ";"0    ";"0    ";-15.2088750;-48.6973120;SPRF-GO;DEL07-GO;UOP02-DEL07-GO 