id;pesid;data_inversa;dia_semana;horario;uf;br;km;municipio;causa_principal;causa_acidente;ordem_tipo_acidente;tipo_acidente;classificacao_acidente;fase_dia;sentido_via;condicao_metereologica;tipo_pista;tracado_via;uso_solo;id_veiculo;tipo_veiculo;marca;ano_fabricacao_veiculo;tipo_envolvido;estado_fisico;idade;sexo;ilesos;feridos_leves;feridos_graves;mortos;latitude;longitude;regional;delegacia;uop
610121;"1362796   ";2024-06-26;quarta-feira;06:10:00;GO;"80   ";"132  ";VILA PROPICIO;Não;Deficiência do Sistema de Iluminação/Sinalização;1;Saída de leito carroçável;Com Vítimas Feridas;Amanhecer;Decrescente;Céu Claro;Simples;"Retorno Regulamentado;Interseção de Vias";Não  ;"1091442   ";Automóvel;VW/GOL 1.0L MC4;"2019      ";Passageiro;Lesões Leves;"58   ";Feminino;"0 ";"1    ";"0    ";"0    ";-15.2088750;-48.6973120;SPRF-GO;DEL07-GO;UOP02-DEL07-GO 
610121;"1362797   ";2024-06-26;quarta-feira;06:10:00;GO;"80   ";"132  ";VILA PROPICIO;Não;Deficiência do Sistema de Iluminação/Sinalização;1;Saída de leito carroçável;Com Vítimas Feridas;Amanhecer;Decrescente;Céu Claro;Simples;"Retorno Regulamentado;Interseção de Vias";Não  ;"1091442   ";Automóvel;VW/GOL 1.0L MC4;"2019      ";Passageiro;Lesões Leves;"58   ";Feminino;"0 ";"1    ";"0    ";"0    ";-15.2088750;-48.6973120;SPRF-GO;DEL07-GO;UOP02-DEL07-GO 
610121;"1362795   ";2024-06-26;quarta-feira;06:10:00;GO;"80   ";"132  ";VILA PROPICIO;Sim;Reação tardia ou ineficiente do condutor;1;Saída de leito carroçável;Com Vítimas Feridas;Amanhecer;Decrescente;Céu Claro;Simples;"Retorno Regulamentado;Interseção de Vias";Não  ;"1091442   ";Automóvel;VW/GOL 1.0L MC4;"2019      ";Condutor;Ileso;"63   ";Masculino;"1 ";"0    ";"0    ";"0    ";-15.2088750;-48.6973120;SPRF-GO;DEL07-GO;UOP02-DEL07-GO 
610121;"1362798   ";2024-06-26;quarta-feira;06:10:00;GO;"80   ";"132  ";VILA PROPICIO;Sim;Reação tardia ou ineficiente do condutor;1;Saída de leito carroçável;Com Vítimas Feridas;Amanhecer;Decrescente;Céu Claro;Simples;"Retorno Regulamentado;Interseção de Vias";Não  ;"1091442   ";Automóvel;VW/GOL 1.0L MC4;"2019      ";Passageiro;Lesões Leves;"86   ";Feminino;"0 ";"1    ";"0    ";"0    ";-15.2088750;-48.6973120;SPRF-GO;DEL07-GO;UOP02-DEL07-GO 
610121;"1362796   ";2024-06-26;quarta-feira;06:10:00;GO;"80   ";"132  ";VILA PROPICIO;Sim;Reação tardia ou ineficiente do condutor;1;Saída de leito carroçável;Com Vítimas Feridas;Amanhecer;Decrescente;Céu Claro;Simples;"Retorno Regulamentado;Interseção de Vias";Não  ;"1091442   ";Automóvel;VW/GOL 1.0L MC4;"2019      ";Passageiro;Lesões Leves;"58   ";Feminino;"0 ";"1    ";"0    ";"0    ";-15.2088750;-48.6973120;SPRF-GO;DEL07-GO;UOP02-DEL07-GO 
610121;"1362797   ";2024-06-26;quarta-feira;06:10:00;GO;"80   ";"132  ";VILA PROPICIO;Sim;Reação tardia ou ineficiente do condutor;1;Saída de leito carroçável;Com Vítimas Feridas;Amanhecer;Decrescente;Céu Claro;Simples;"Retorno Regulamentado;Interseção de Vias";Não  ;"1091442   ";Automóvel;VW/GOL 1.0L MC4;"2019      ";Passageiro;Lesões Leves;"58   ";Feminino;"0 ";"1    ";"0    ";"0    ";-15.2088750;-48.6973120;SPRF-GO;DEL07-GO;UOP02-DEL07-GO 
610139;"1363041   ";2024-06-26;quarta-feira;10:20:00;DF;"60   ";"2,3  ";BRASILIA;Sim;Acessar a via sem observar a presença dos outros veículos;2;Saída de leito carroçável;Com Vítimas Feridas;Pleno dia;Crescente;Céu Claro;Dupla;"Retorno Regulamentado;Reta";Sim  ;"1091651   ";Automóvel;FIAT/PALIO FIRE WAY;"2015      ";Passageiro;Lesões Leves;"58   ";Masculino;"0 ";"1    ";"0    ";"0    ";-15.8882738;-48.0805814;SPRF-DF;DEL03-DF;UOP01-DEL03-DF 
610139;"1363040   ";2024-06-26;quarta-feira;10:20:00;DF;"60   ";"2,3  ";BRASILIA;Sim;Acessar a via sem observar a presença dos outros veículos;2;Saída de leito carroçável;Com Vítimas Feridas;Pleno dia;Crescente;Céu Claro;Dupla;"Retorno Regulamentado;Reta";Sim  ;"1091651   ";Automóvel;FIAT/PALIO FIRE WAY;"2015      ";Condutor;Lesões Leves;"55   ";Feminino;"0 ";"1    ";"0    ";"0    ";-15.8882738;-48.0805814;SPRF-DF;DEL03-DF;UOP01-DEL03-DF 
610139;"1363042   ";2024-06-26;quarta-feira;10:20:00;DF;"60   ";"2,3  ";BRASILIA;Sim;Acessar a via sem observar a presença dos outros veículos;2;Saída de leito carroçável;Com Vítimas Feridas;Pleno dia;Crescente;Céu Claro;Dupla;"Retorno Regulamentado;Reta";Sim  ;"1091653   ";Automóvel;VW/UP MOVE MDV;"2017      ";Condutor;Ileso;"48   ";Masculino;"1 ";"0    ";"0    ";"0    ";-15.8882738;-48.0805814;SPRF-DF;DEL03-DF;UOP01-DEL03-DF 
610139;"1363043   ";2024-06-26;quarta-feira;10:20:00;DF;"60   ";"2,3  ";BRASILIA;Sim;Acessar a via sem observar a presença dos outros veículos;2;Saída de leito carroçável;Com Vítimas Feridas;Pleno dia;Crescente;Céu Claro;Dupla;"Retorno Regulamentado;Reta";Sim  ;"1091656   ";Utilitário;BMW/X1 SDRIVE20I M SPORT;"2022      ";Condutor;Ileso;"29   ";Masculino;"1 ";"0    ";"0    ";"0    ";-15.8882738;-48.0805814;SPRF-DF;DEL03-DF;UOP01-DEL03-DF 
610139;"1363182   ";2024-06-26;quarta-feira;10:20:00;DF;"60   ";"2,3  ";BRASILIA;Sim;Acessar a via sem observar a presença dos outros veículos;2;Saída de leito carroçável;Com Vítimas Feridas;Pleno dia;Crescente;Céu Claro;Dupla;"Retorno Regulamentado;Reta";Sim  ;"1091656   ";Utilitário;BMW/X1 SDRIVE20I M SPORT;"2022      ";Passageiro;Ileso;"35   ";Masculino;"1 ";"0    ";"0    ";"0    ";-15.8882738;-48.0805814;SPRF-DF;DEL03-DF;UOP01-DEL03-DF 
610139;"1363183   ";2024-06-26;quarta-feira;10:20:00;DF;"60   ";"2,3  ";BRASILIA;Sim;Acessar a via sem observar a presença dos outros veículos;2;Saída de leito carroçável;Com Vítimas Feridas;Pleno dia;Crescente;Céu Claro;Dupla;"Retorno Regulamentado;Reta";Sim  ;"1091656   ";Utilitário;BMW/X1 SDRIVE20I M SPORT;"2022      ";Passageiro;Ileso;"41   ";Masculino;"1 ";"0    ";"0    ";"0    ";-15.8882738;-48.0805814;SPRF-DF;DEL03-DF;UOP01-DEL03-DF 
610139;"1363184   ";2024-06-26;quarta-feira;10:20:00;DF;"60   ";"2,3  ";BRASILIA;Sim;Acessar a via sem observar a presença dos outros veículos;2;Saída de leito carroçável;Com Vítimas Feridas;Pleno dia;Crescente;Céu Claro;Dupla;"Retorno Regulamentado;Reta";Sim  ;"1091656   ";Utilitário;BMW/X1 SDRIVE20I M SPORT;"2022      ";Passageiro;Ileso;"58   ";Masculino;"1 ";"0    ";"0    ";"0    ";-15.8882738;-48.0805814;SPRF-DF;DEL03-DF;UOP01-DEL03-DF 
610925;"1364777   ";2024-06-29;sábado;22:25:00;GO;"40   ";"90,6 ";CRISTALINA;Não;Transitar na contramão;3;Tombamento;Com Vítimas Feridas;Plena Noite;Decrescente;Céu Claro;Simples;"Reta;Declive";Não  ;"1093050   ";Ônibus;M.BENZ/BUSSCAR VBUSS DD;"2023      ";Passageiro;Ileso;"64   ";Masculino;"1 ";"0    ";"0    ";"0    ";-16.7238080;-47.6436270;SPRF-DF;DEL01-DF;UOP02-DEL01-DF 
610139;"1363041   ";2024-06-26;quarta-feira;10:20:00;DF;"60   ";"2,3  ";BRASILIA;Sim;Acessar a via sem observar a presença dos outros veículos;1;Colisão transversal;Com Vítimas Feridas;Pleno dia;Crescente;Céu Claro;Dupla;"Retorno Regulamentado;Reta";Sim  ;"1091651   ";Automóvel;FIAT/PALIO FIRE WAY;"2015      ";Passageiro;Lesões Leves;"58   ";Masculino;"0 ";"1    ";"0    ";"0    ";-15.8882738;-48.0805814;SPRF-DF;DEL03-DF;UOP01-DEL03-DF 
610139;"1363040   ";2024-06-26;quarta-feira;10:20:00;DF;"60   ";"2,3  ";BRASILIA;Sim;Acessar a via sem observar a presença dos outros veículos;1;Colisão transversal;Com Vítimas Feridas;Pleno dia;Crescente;Céu Claro;Dupla;"Retorno Regulamentado;Reta";Sim  ;"1091651   ";Automóvel;FIAT/PALIO FIRE WAY;"2015      ";Condutor;Lesões Leves;"55   ";Feminino;"0 ";"1    ";"0    ";"0    ";-15.8882738;-48.0805814;SPRF-DF;DEL03-DF;UOP01-DEL03-DF 
610139;"1363042   ";2024-06-26;quarta-feira;10:20:00;DF;"60   ";"2,3  ";BRASILIA;Sim;Acessar a via sem observar a presença dos outros veículos;1;Colisão transversal;Com Vítimas Feridas;Pleno dia;Crescente;Céu Claro;Dupla;"Retorno Regulamentado;Reta";Sim  ;"1091653   ";Automóvel;VW/UP MOVE MDV;"2017      ";Condutor;Ileso;"48   ";Masculino;"1 ";"0    ";"0    ";"0    ";-15.8882738;-48.0805814;SPRF-DF;DEL03-DF;UOP01-DEL03-DF 
610139;"1363043   ";2024-06-26;quarta-feira;10:20:00;DF;"60   ";"2,3  ";BRASILIA;Sim;Acessar a via sem observar a presença dos outros veículos;1;Colisão transversal;Com Vítimas Feridas;Pleno dia;Crescente;Céu Claro;Dupla;"Retorno Regulamentado;Reta";Sim  ;"1091656   ";Utilitário;BMW/X1 SDRIVE20I M SPORT;"2022      ";Condutor;Ileso;"29   ";Masculino;"1 ";"0    ";"0    ";"0    ";-15.8882738;-48.0805814;SPRF-DF;DEL03-DF;UOP01-DEL03-DF 
610139;"1363182   ";2024-06-26;quarta-feira;10:20:00;DF;"60   ";"2,3  ";BRASILIA;Sim;Acessar a via sem observar a presença dos outros veículos;1;Colisão transversal;Com Vítimas Feridas;Pleno dia;Crescente;Céu Claro;Dupla;"Retorno Regulamentado;Reta";Sim  ;"1091656   ";Utilitário;BMW/X1 SDRIVE20I M SPORT;"2022      ";Passageiro;Ileso;"35   ";Masculino;"1 ";"0    ";"0    ";"0    ";-15.8882738;-48.0805814;SPRF-DF;DEL03-DF;UOP01-DEL03-DF 
610139;"1363183   ";2024-06-26;quarta-feira;10:20:00;DF;"60   ";"2,3  ";BRASILIA;Sim;Acessar a via sem observar a presença dos outros veículos;1;Colisão transversal;Com Vítimas Feridas;Pleno dia;Crescente;Céu Claro;Dupla;"Retorno Regulamentado;Reta";Sim  ;"1091656   ";Utilitário;BMW/X1 SDRIVE20I M SPORT;"2022      ";Passageiro;Ileso;"41   ";Masculino;"1 ";"0    ";"0    ";"0    ";-15.8882738;-48.0805814;SPRF-DF;DEL03-DF;UOP01-DEL03-DF 
610139;"1363184   ";2024-06-26;quarta-feira;10:20:00;DF;"60   ";"2,3  ";BRASILIA;Sim;Acessar a via sem observar a presença dos outros veículos;1;Colisão transversal;Com Vítimas Feridas;Pleno dia;Crescente;Céu Claro;Dupla;"Retorno Regulamentado;Reta";Sim  ;"1091656   ";Utilitário;BMW/X1 SDRIVE20I M SPORT;"2022      ";Passageiro;Ileso;"58   ";Masculino;"1 ";"0    ";"0    ";"0    ";-15.8882738;-48.0805814;SPRF-DF;DEL03-DF;UOP01-DEL03-DF 
610172;"1363138   ";2024-06-26;quarta-feira;13:00:00;DF;"70   ";"7    ";BRASILIA;Sim;Acessar a via sem observar a presença dos outros veículos;2;Queda de ocupante de veículo;Com Vítimas Feridas;Pleno dia;Decrescente;Céu Claro;Dupla;"Reta;Interseção de Vias";Sim  ;"1091737   ";Caminhonete;I/FORD RANGER XL 13P;"2008      ";Condutor;Ileso;"54   ";Feminino;"1 ";"0    ";"0    ";"0    ";-15.7876010;-48.1144290;SPRF-DF;DEL03-DF;UOP02-DEL03-DF 
610172;"1363140   ";2024-06-26;quarta-feira;13:00:00;DF;"70   ";"7    ";BRASILIA;Sim;Acessar a via sem observar a presença dos outros veículos;2;Queda de ocupante de veículo;Com Vítimas Feridas;Pleno dia;Decrescente;Céu Claro;Dupla;"Reta;Interseção de Vias";Sim  ;"1091737   ";Caminhonete;I/FORD RANGER XL 13P;"2008      ";Passageiro;Ileso;"45   ";Feminino;"1 ";"0    ";"0    ";"0    ";-15.7876010;-48.1144290;SPRF-DF;DEL03-DF;UOP02-DEL03-DF 
610172;"1363136   ";2024-06-26;quarta-feira;13:00:00;DF;"70   ";"7    ";BRASILIA;Sim;Acessar a via sem observar a presença dos outros veículos;2;Queda de ocupante de veículo;Com Vítimas Feridas;Pleno dia;Decrescente;Céu Claro;Dupla;"Reta;Interseção de Vias";Sim  ;"1091738   ";Motoneta;YAMAHA/NMAX 160;"2021      ";Condutor;Lesões Leves;"33   ";Feminino;"0 ";"1    ";"0    ";"0    ";-15.7876010;-48.1144290;SPRF-DF;DEL03-DF;UOP02-DEL03-DF 
610172;"1363138   ";2024-06-26;quarta-feira;13:00:00;DF;"70   ";"7    ";BRASILIA;Sim;Acessar a via sem observar a presença dos outros veículos;1;Colisão traseira;Com Vítimas Feridas;Pleno dia;Decrescente;Céu Claro;Dupla;"Reta;Interseção de Vias";Sim  ;"1091737   ";Caminhonete;I/FORD RANGER XL 13P;"2008      ";Condutor;Ileso;"54   ";Feminino;"1 ";"0    ";"0    ";"0    ";-15.7876010;-48.1144290;SPRF-DF;DEL03-DF;UOP02-DEL03-DF 
610172;"1363140   ";2024-06-26;quarta-feira;13:00:00;DF;"70   ";"7    ";BRASILIA;Sim;Acessar a via sem observar a presença dos outros veículos;1;Colisão traseira;Com Vítimas Feridas;Pleno dia;Decrescente;Céu Claro;Dupla;"Reta;Interseção de Vias";Sim  ;"1091737   ";Caminhonete;I/FORD RANGER XL 13P;"2008      ";Passageiro;Ileso;"45   ";Feminino;"1 ";"0    ";"0    ";"0    ";-15.7876010;-48.1144290;SPRF-DF;DEL03-DF;UOP02-DEL03-DF 
610172;"1363136   ";2024-06-26;quarta-feira;13:00:00;DF;"70   ";"7    ";BRASILIA;Sim;Acessar a via sem observar a presença dos outros veículos;1;Colisão traseira;Com Vítimas Feridas;Pleno dia;Decrescente;Céu Claro;Dupla;"Reta;Interseção de Vias";Sim  ;"1091738   ";Motoneta;YAMAHA/NMAX 160;"2021      ";Condutor;Lesões Leves;"33   ";Feminino;"0 ";"1    ";"0    ";"0    ";-15.7876010;-48.1144290;SPRF-DF;DEL03-DF;UOP02-DEL03-DF 
610194;"1363126   ";2024-06-26;quarta-feira;15:47:00;DF;"60   ";"4    ";BRASILIA;Sim;Transitar no Acostamento;2;Queda de ocupante de veículo;Com Vítimas Feridas;Pleno dia;Decrescente;Céu Claro;Dupla;"Reta;Aclive";Sim  ;"1091728   ";Motocicleta;HONDA/CB250F TWISTER C S;"2020      ";Condutor;Lesões Leves;"29   ";Masculino;"0 ";"1    ";"0    ";"0    ";-15.8927210;-48.0957410;SPRF-DF;DEL03-DF;UOP01-DEL03-DF 
610194;"1363127   ";2024-06-26;quarta-feira;15:47:00;DF;"60   ";"4    ";BRASILIA;Sim;Transitar no Acostamento;2;Queda de ocupante de veículo;Com Vítimas Feridas;Pleno dia;Decrescente;Céu Claro;Dupla;"Reta;Aclive";Sim  ;"1091729   ";Automóvel;FORD/KA SE 1.0 SD C;"2018      ";Condutor;Ileso;"49   ";Masculino;"1 ";"0    ";"0    ";"0    ";-15.8927210;-48.0957410;SPRF-DF;DEL03-DF;UOP01-DEL03-DF 
610194;"1363126   ";2024-06-26;quarta-feira;15:47:00;DF;"60   ";"4    ";BRASILIA;Sim;Transitar no Acostamento;1;Colisão transversal;Com Vítimas Feridas;Pleno dia;Decrescente;Céu Claro;Dupla;"Reta;Aclive";Sim  ;"1091728   ";Motocicleta;HONDA/CB250F TWISTER C S;"2020      ";Condutor;Lesões Leves;"29   ";Masculino;"0 ";"1    ";"0    ";"0    ";-15.8927210;-48.0957410;SPRF-DF;DEL03-DF;UOP01-DEL03-DF 
610194;"1363127   ";2024-06-26;quarta-feira;15:47:00;DF;"60   ";"4    ";BRASILIA;Sim;Transitar no Acostamento;1;Colisão transversal;Com Vítimas Feridas;Pleno dia;Decrescente;Céu Claro;Dupla;"Reta;Aclive";Sim  ;"1091729   ";Automóvel;FORD/KA SE 1.0 SD C;"2018      ";Condutor;Ileso;"49   ";Masculino;"1 ";"0    ";"0    ";"0    ";-15.8927210;-48.0957410;SPRF-DF;DEL03-DF;UOP01-DEL03-DF 
610297;"1363216   ";2024-06-27;quinta-feira;05:15:00;DF;"60   ";"28,8 ";BRASILIA;Sim;Animais na Pista;1;Atropelamento de Animal;Sem Vítimas;Pleno dia;Crescente;Céu Claro;Dupla;Reta;Não  ;"1091809   ";Automóvel;CHEV/ONIX 10MT LT3;"2020      ";Condutor;Ileso;"42   ";Masculino;"1 ";"0    ";"0    ";"0    ";-16.0206380;-48.2508320;SPRF-DF;DEL03-DF;UOP01-DEL03-DF 
610335;"1363608   ";2024-06-27;quinta-feira;08:00:00;GO;"40   ";"2,5  ";VALPARAISO DE GOIAS;Sim;Reação tardia ou ineficiente do condutor;1;Engavetamento;Com Vítimas Feridas;Pleno dia;Decrescente;Céu Claro;Dupla;Reta;Sim  ;"1092103   ";Automóvel;I/PEUGEOT 208 LIKE MT;"2022      ";Condutor;Ileso;"50   ";Masculino;"1 ";"0    ";"0    ";"0    ";-16.0671290;-47.9842350;SPRF-DF;DEL01-DF;UOP01-DEL01-DF 
610335;"1364895   ";2024-06-27;quinta-feira;08:00:00;GO;"40   ";"2,5  ";VALPARAISO DE GOIAS;Sim;Reação tardia ou ineficiente do condutor;1;Engavetamento;Com Vítimas Feridas;Pleno dia;Decrescente;Céu Claro;Dupla;Reta;Sim  ;"1093155   ";Automóvel;RENAULT/KWID OUTSID 10MT;"2019      ";Condutor;Ileso;"67   ";Masculino;"1 ";"0    ";"0    ";"0    ";-16.0671290;-47.9842350;SPRF-DF;DEL01-DF;UOP01-DEL01-DF 
610335;"1364904   ";2024-06-27;quinta-feira;08:00:00;GO;"40   ";"2,5  ";VALPARAISO DE GOIAS;Sim;Reação tardia ou ineficiente do condutor;1;Engavetamento;Com Vítimas Feridas;Pleno dia;Decrescente;Céu Claro;Dupla;Reta;Sim  ;"1093164   ";Automóvel;GM/ASTRA SEDAN ELEGANCE;"2004      ";Condutor;Ileso;"47   ";Masculino;"1 ";"0    ";"0    ";"0    ";-16.0671290;-47.9842350;SPRF-DF;DEL01-DF;UOP01-DEL01-DF 
610335;"1364902   ";2024-06-27;quinta-feira;08:00:00;GO;"40   ";"2,5  ";VALPARAISO DE GOIAS;Sim;Reação tardia ou ineficiente do condutor;1;Engavetamento;Com Vítimas Feridas;Pleno dia;Decrescente;Céu Claro;Dupla;Reta;Sim  ;"1093161   ";Motocicleta;YAMAHA/MT07;"2015      ";Condutor;Ileso;"25   ";Masculino;"1 ";"0    ";"0    ";"0    ";-16.0671290;-47.9842350;SPRF-DF;DEL01-DF;UOP01-DEL01-DF 
610335;"1364900   ";2024-06-27;quinta-feira;08:00:00;GO;"40   ";"2,5  ";VALPARAISO DE GOIAS;Sim;Reação tardia ou ineficiente do condutor;1;Engavetamento;Com Vítimas Feridas;Pleno dia;Decrescente;Céu Claro;Dupla;Reta;Sim  ;"1093159   ";Motocicleta;HONDA/CG 160 FAN;"2018      ";Condutor;Lesões Leves;"28   ";Feminino;"0 ";"1    ";"0    ";"0    ";-16.0671290;-47.9842350;SPRF-DF;DEL01-DF;UOP01-DEL01-DF 
610410;"1363441   ";2024-06-22;sábado;12:50:00;GO;"70   ";"2,9  ";AGUAS LINDAS DE GOIAS;Sim;Acessar a via sem observar a presença dos outros veículos;4;Queda de ocupante de veículo;Sem Vítimas;Pleno dia;Decrescente;Céu Claro;Dupla;Curva;Sim  ;"1091990   ";Motocicleta;HONDA/CG 125 FAN KS;"2011      ";Condutor;Ileso;"35   ";Masculino;"1 ";"0    ";"0    ";"0    ";-15.7670210;-48.2299450;SPRF-DF;DEL03-DF;UOP02-DEL03-DF 
610410;"1363442   ";2024-06-22;sábado;12:50:00;GO;"70   ";"2,9  ";AGUAS LINDAS DE GOIAS;Sim;Acessar a via sem observar a presença dos outros veículos;4;Queda de ocupante de veículo;Sem Vítimas;Pleno dia;Decrescente;Céu Claro;Dupla;Curva;Sim  ;"1091991   ";Automóvel;CHEVROLET/PRISMA 1.4L LT;"2011      ";Condutor;Ileso;"53   ";Masculino;"1 ";"0    ";"0    ";"0    ";-15.7670210;-48.2299450;SPRF-DF;DEL03-DF;UOP02-DEL03-DF 
610410;"1363443   ";2024-06-22;sábado;12:50:00;GO;"70   ";"2,9  ";AGUAS LINDAS DE GOIAS;Sim;Acessar a via sem observar a presença dos outros veículos;4;Queda de ocupante de veículo;Sem Vítimas;Pleno dia;Decrescente;Céu Claro;Dupla;Curva;Sim  ;"1091992   ";Automóvel;Não Informado/Não Informado;"0         ";Condutor;Não Informado;"0    ";Não Informado;"0 ";"0    ";"0    ";"0    ";-15.7670210;-48.2299450;SPRF-DF;DEL03-DF;UOP02-DEL03-DF 
610410;"1363441   ";2024-06-22;sábado;12:50:00;GO;"70   ";"2,9  ";AGUAS LINDAS DE GOIAS;Não;Velocidade Incompatível;4;Queda de ocupante de veículo;Sem Vítimas;Pleno dia;Decrescente;Céu Claro;Dupla;Curva;Sim  ;"1091990   ";Motocicleta;HONDA/CG 125 FAN KS;"2011      ";Condutor;Ileso;"35   ";Masculino;"1 ";"0    ";"0    ";"0    ";-15.7670210;-48.2299450;SPRF-DF;DEL03-DF;UOP02-DEL03-DF 
610410;"1363442   ";2024-06-22;sábado;12:50:00;GO;"70   ";"2,9  ";AGUAS LINDAS DE GOIAS;Não;Velocidade Incompatível;4;Queda de ocupante de veículo;Sem Vítimas;Pleno dia;Decrescente;Céu Claro;Dupla;Curva;Sim  ;"1091991   ";Automóvel;CHEVROLET/PRISMA 1.4L LT;"2011      ";Condutor;Ileso;"53   ";Masculino;"1 ";"0    ";"0    ";"0    ";-15.7670210;-48.2299450;SPRF-DF;DEL03-DF;UOP02-DEL03-DF 
610410;"1363443   ";2024-06-22;sábado;12:50:00;GO;"70   ";"2,9  ";AGUAS LINDAS DE GOIAS;Não;Velocidade Incompatível;4;Queda de ocupante de veículo;Sem Vítimas;Pleno dia;Decrescente;Céu Claro;Dupla;Curva;Sim  ;"1091992   ";Automóvel;Não Informado/Não Informado;"0         ";Condutor;Não Informado;"0    ";Não Informado;"0 ";"0    ";"0    ";"0    ";-15.7670210;-48.2299450;SPRF-DF;DEL03-DF;UOP02-DEL03-DF 
610410;"1363441   ";2024-06-22;sábado;12:50:00;GO;"70   ";"2,9  ";AGUAS LINDAS DE GOIAS;Sim;Acessar a via sem observar a presença dos outros veículos;3;Colisão com objeto;Sem Vítimas;Pleno dia;Decrescente;Céu Claro;Dupla;Curva;Sim  ;"1091990   ";Motocicleta;HONDA/CG 125 FAN KS;"2011      ";Condutor;Ileso;"35   ";Masculino;"1 ";"0    ";"0    ";"0    ";-15.7670210;-48.2299450;SPRF-DF;DEL03-DF;UOP02-DEL03-DF 
610410;"1363442   ";2024-06-22;sábado;12:50:00;GO;"70   ";"2,9  ";AGUAS LINDAS DE GOIAS;Sim;Acessar a via sem observar a presença dos outros veículos;3;Colisão com objeto;Sem Vítimas;Pleno dia;Decrescente;Céu Claro;Dupla;Curva;Sim  ;"1091991   ";Automóvel;CHEVROLET/PRISMA 1.4L LT;"2011      ";Condutor;Ileso;"53   ";Masculino;"1 ";"0    ";"0    ";"0    ";-15.7670210;-48.2299450;SPRF-DF;DEL03-DF;UOP02-DEL03-DF 
610410;"1363443   ";2024-06-22;sábado;12:50:00;GO;"70   ";"2,9  ";AGUAS LINDAS DE GOIAS;Sim;Acessar a via sem observar a presença dos outros veículos;3;Colisão com objeto;Sem Vítimas;Pleno dia;Decrescente;Céu Claro;Dupla;Curva;Sim  ;"1091992   ";Automóvel;Não Informado/Não Informado;"0         ";Condutor;Não Informado;"0    ";Não Informado;"0 ";"0    ";"0    ";"0    ";-15.7670210;-48.2299450;SPRF-DF;DEL03-DF;UOP02-DEL03-DF 
610410;"1363441   ";2024-06-22;sábado;12:50:00;GO;"70   ";"2,9  ";AGUAS LINDAS DE GOIAS;Não;Velocidade Incompatível;3;Colisão com objeto;Sem Vítimas;Pleno dia;Decrescente;Céu Claro;Dupla;Curva;Sim  ;"1091990   ";Motocicleta;HONDA/CG 125 FAN KS;"2011      ";Condutor;Ileso;"35   ";Masculino;"1 ";"0    ";"0    ";"0    ";-15.7670210;-48.2299450;SPRF-DF;DEL03-DF;UOP02-DEL03-DF 
610410;"1363442   ";2024-06-22;sábado;12:50:00;GO;"70   ";"2,9  ";AGUAS LINDAS DE GOIAS;Não;Velocidade Incompatível;3;Colisão com objeto;Sem Vítimas;Pleno dia;Decrescente;Céu Claro;Dupla;Curva;Sim  ;"1091991   ";Automóvel;CHEVROLET/PRISMA 1.4L LT;"2011      ";Condutor;Ileso;"53   ";Masculino;"1 ";"0    ";"0    ";"0    ";-15.7670210;-48.2299450;SPRF-DF;DEL03-DF;UOP02-DEL03-DF 
610410;"1363443   ";2024-06-22;sábado;12:50:00;GO;"70   ";"2,9  ";AGUAS LINDAS DE GOIAS;Não;Velocidade Incompatível;3;Colisão com objeto;Sem Vítimas;Pleno dia;Decrescente;Céu Claro;Dupla;Curva;Sim  ;"1091992   ";Automóvel;Não Informado/Não Informado;"0         ";Condutor;Não Informado;"0    ";Não Informado;"0 ";"0    ";"0    ";"0    ";-15.7670210;-48.2299450;SPRF-DF;DEL03-DF;UOP02-DEL03-DF 
610410;"1363441   ";2024-06-22;sábado;12:50:00;GO;"70   ";"2,9  ";AGUAS LINDAS DE GOIAS;Sim;Acessar a via sem observar a presença dos outros veículos;2;Saída de leito carroçável;Sem Vítimas;Pleno dia;Decrescente;Céu Claro;Dupla;Curva;Sim  ;"1091990   ";Motocicleta;HONDA/CG 125 FAN KS;"2011      ";Condutor;Ileso;"35   ";Masculino;"1 ";"0    ";"0    ";"0    ";-15.7670210;-48.2299450;SPRF-DF;DEL03-DF;UOP02-DEL03-DF 
610410;"1363442   ";2024-06-22;sábado;12:50:00;GO;"70   ";"2,9  ";AGUAS LINDAS DE GOIAS;Sim;Acessar a via sem observar a presença dos outros veículos;2;Saída de leito carroçável;Sem Vítimas;Pleno dia;Decrescente;Céu Claro;Dupla;Curva;Sim  ;"1091991   ";Automóvel;CHEVROLET/PRISMA 1.4L LT;"2011      ";Condutor;Ileso;"53   ";Masculino;"1 ";"0    ";"0    ";"0    ";-15.7670210;-48.2299450;SPRF-DF;DEL03-DF;UOP02-DEL03-DF 
610410;"1363443   ";2024-06-22;sábado;12:50:00;GO;"70   ";"2,9  ";AGUAS LINDAS DE GOIAS;Sim;Acessar a via sem observar a presença dos outros veículos;2;Saída de leito carroçável;Sem Vítimas;Pleno dia;Decrescente;Céu Claro;Dupla;Curva;Sim  ;"1091992   ";Automóvel;Não Informado/Não Informado;"0         ";Condutor;Não Informado;"0    ";Não Informado;"0 ";"0    ";"0    ";"0    ";-15.7670210;-48.2299450;SPRF-DF;DEL03-DF;UOP02-DEL03-DF 