id;pesid;data_inversa;dia_semana;horario;uf;br;km;municipio;causa_principal;causa_acidente;ordem_tipo_acidente;tipo_acidente;classificacao_acidente;fase_dia;sentido_via;condicao_metereologica;tipo_pista;tracado_via;uso_solo;id_veiculo;tipo_veiculo;marca;ano_fabricacao_veiculo;tipo_envolvido;estado_fisico;idade;sexo;ilesos;feridos_leves;feridos_graves;mortos;latitude;longitude;regional;delegacia;uop
610701;"1364420   ";2024-06-28;sexta-feira;22:30:00;DF;"70   ";"11   ";BRASILIA;Não;Ingestão de álcool pelo condutor;1;Colisão traseira;Com Vítimas Feridas;Plena Noite;Decrescente;Céu Claro;Múltipla;Reta;Sim  ;"1092801   ";Motocicleta;HONDA/CG 150 TITAN ES;"2007      ";Condutor;Lesões Leves;"47   ";Masculino;"0 ";"1    ";"0    ";"0    ";-15.7897620;-48.1487270;SPRF-DF;DEL03-DF;UOP02-DEL03-DF 
610757;"1365521   ";2024-06-29;sábado;08:15:00;DF;"70   ";"3    ";BRASILIA;Sim;Ausência de reação do condutor;1;Colisão lateral mesmo sentido;Com Vítimas Feridas;Pleno dia;Decrescente;Céu Claro;Dupla;Reta;Sim  ;"1093665   ";Motocicleta;HONDA/CG 160 FAN;"2023      ";Condutor;Lesões Leves;"45   ";Masculino;"0 ";"1    ";"0    ";"0    ";-15.8024530;-48.0803870;SPRF-DF;DEL03-DF;UOP02-DEL03-DF 
610757;"1370886   ";2024-06-29;sábado;08:15:00;DF;"70   ";"3    ";BRASILIA;Sim;Ausência de reação do condutor;1;Colisão lateral mesmo sentido;Com Vítimas Feridas;Pleno dia;Decrescente;Céu Claro;Dupla;Reta;Sim  ;"1093665   ";Motocicleta;HONDA/CG 160 FAN;"2023      ";Passageiro;Lesões Leves;"43   ";Feminino;"0 ";"1    ";"0    ";"0    ";-15.8024530;-48.0803870;SPRF-DF;DEL03-DF;UOP02-DEL03-DF 
610757;"1365541   ";2024-06-29;sábado;08:15:00;DF;"70   ";"3    ";BRASILIA;Sim;Ausência de reação do condutor;1;Colisão lateral mesmo sentido;Com Vítimas Feridas;Pleno dia;Decrescente;Céu Claro;Dupla;Reta;Sim  ;"1093685   ";Automóvel;RENAULT/KWID ZEN 10MT;"2019      ";Condutor;Ileso;"34   ";Masculino;"1 ";"0    ";"0    ";"0    ";-15.8024530;-48.0803870;SPRF-DF;DEL03-DF;UOP02-DEL03-DF 
610757;"1365546   ";2024-06-29;sábado;08:15:00;DF;"70   ";"3    ";BRASILIA;Sim;Ausência de reação do condutor;1;Colisão lateral mesmo sentido;Com Vítimas Feridas;Pleno dia;Decrescente;Céu Claro;Dupla;Reta;Sim  ;"1093656   ";Motocicleta;HONDA/CG 160 FAN;"2024      ";Condutor;Lesões Leves;"26   ";Masculino;"0 ";"1    ";"0    ";"0    ";-15.8024530;-48.0803870;SPRF-DF;DEL03-DF;UOP02-DEL03-DF 
610757;"1365539   ";2024-06-29;sábado;08:15:00;DF;"70   ";"3    ";BRASILIA;Sim;Ausência de reação do condutor;1;Colisão lateral mesmo sentido;Com Vítimas Feridas;Pleno dia;Decrescente;Céu Claro;Dupla;Reta;Sim  ;"1093663   ";Automóvel;RENAULT/LOGAN EXP 16;"2009      ";Condutor;Ileso;"51   ";Masculino;"1 ";"0    ";"0    ";"0    ";-15.8024530;-48.0803870;SPRF-DF;DEL03-DF;UOP02-DEL03-DF 
610757;"1365544   ";2024-06-29;sábado;08:15:00;DF;"70   ";"3    ";BRASILIA;Sim;Ausência de reação do condutor;1;Colisão lateral mesmo sentido;Com Vítimas Feridas;Pleno dia;Decrescente;Céu Claro;Dupla;Reta;Sim  ;"1093687   ";Automóvel;CHEVROLET/CLASSIC LS;"2010      ";Condutor;Ileso;"38   ";Feminino;"1 ";"0    ";"0    ";"0    ";-15.8024530;-48.0803870;SPRF-DF;DEL03-DF;UOP02-DEL03-DF 
610757;"1365545   ";2024-06-29;sábado;08:15:00;DF;"70   ";"3    ";BRASILIA;Sim;Ausência de reação do condutor;1;Colisão lateral mesmo sentido;Com Vítimas Feridas;Pleno dia;Decrescente;Céu Claro;Dupla;Reta;Sim  ;"1093689   ";Automóvel;CHEV/ONIX PLUS 10TMT LT1;"2019      ";Condutor;Ileso;"47   ";Masculino;"1 ";"0    ";"0    ";"0    ";-15.8024530;-48.0803870;SPRF-DF;DEL03-DF;UOP02-DEL03-DF 
610757;"1365542   ";2024-06-29;sábado;08:15:00;DF;"70   ";"3    ";BRASILIA;Sim;Ausência de reação do condutor;1;Colisão lateral mesmo sentido;Com Vítimas Feridas;Pleno dia;Decrescente;Céu Claro;Dupla;Reta;Sim  ;"1093686   ";Automóvel;FIAT/PALIO FIRE WAY;"2016      ";Condutor;Ileso;"24   ";Masculino;"1 ";"0    ";"0    ";"0    ";-15.8024530;-48.0803870;SPRF-DF;DEL03-DF;UOP02-DEL03-DF 
610810;"1364488   ";2024-06-29;sábado;13:47:00;GO;"40   ";"2    ";VALPARAISO DE GOIAS;Não;Velocidade Incompatível;3;Queda de ocupante de veículo;Com Vítimas Feridas;Pleno dia;Decrescente;Céu Claro;Dupla;Reta;Sim  ;"1092868   ";Motocicleta;HONDA/CG 160 FAN;"2023      ";Condutor;Lesões Leves;"24   ";Masculino;"0 ";"1    ";"0    ";"0    ";-16.0671290;-47.9842350;SPRF-DF;DEL01-DF;UOP01-DEL01-DF 
610810;"1364489   ";2024-06-29;sábado;13:47:00;GO;"40   ";"2    ";VALPARAISO DE GOIAS;Não;Velocidade Incompatível;3;Queda de ocupante de veículo;Com Vítimas Feridas;Pleno dia;Decrescente;Céu Claro;Dupla;Reta;Sim  ;"1092868   ";Motocicleta;HONDA/CG 160 FAN;"2023      ";Passageiro;Lesões Leves;"19   ";Masculino;"0 ";"1    ";"0    ";"0    ";-16.0671290;-47.9842350;SPRF-DF;DEL01-DF;UOP01-DEL01-DF 
610810;"1364490   ";2024-06-29;sábado;13:47:00;GO;"40   ";"2    ";VALPARAISO DE GOIAS;Não;Velocidade Incompatível;3;Queda de ocupante de veículo;Com Vítimas Feridas;Pleno dia;Decrescente;Céu Claro;Dupla;Reta;Sim  ;"1092869   ";Automóvel;NISSAN/VERSA 16 UNIQUE;"2015      ";Condutor;Ileso;"38   ";Masculino;"1 ";"0    ";"0    ";"0    ";-16.0671290;-47.9842350;SPRF-DF;DEL01-DF;UOP01-DEL01-DF 
610810;"1364491   ";2024-06-29;sábado;13:47:00;GO;"40   ";"2    ";VALPARAISO DE GOIAS;Não;Velocidade Incompatível;3;Queda de ocupante de veículo;Com Vítimas Feridas;Pleno dia;Decrescente;Céu Claro;Dupla;Reta;Sim  ;"1092870   ";Automóvel;I/CITROEN C4L A THP EXCL;"2013      ";Condutor;Ileso;"25   ";Masculino;"1 ";"0    ";"0    ";"0    ";-16.0671290;-47.9842350;SPRF-DF;DEL01-DF;UOP01-DEL01-DF 
610810;"1364488   ";2024-06-29;sábado;13:47:00;GO;"40   ";"2    ";VALPARAISO DE GOIAS;Sim;Trafegar com motocicleta (ou similar) entre as faixas;3;Queda de ocupante de veículo;Com Vítimas Feridas;Pleno dia;Decrescente;Céu Claro;Dupla;Reta;Sim  ;"1092868   ";Motocicleta;HONDA/CG 160 FAN;"2023      ";Condutor;Lesões Leves;"24   ";Masculino;"0 ";"1    ";"0    ";"0    ";-16.0671290;-47.9842350;SPRF-DF;DEL01-DF;UOP01-DEL01-DF 
610810;"1364489   ";2024-06-29;sábado;13:47:00;GO;"40   ";"2    ";VALPARAISO DE GOIAS;Sim;Trafegar com motocicleta (ou similar) entre as faixas;3;Queda de ocupante de veículo;Com Vítimas Feridas;Pleno dia;Decrescente;Céu Claro;Dupla;Reta;Sim  ;"1092868   ";Motocicleta;HONDA/CG 160 FAN;"2023      ";Passageiro;Lesões Leves;"19   ";Masculino;"0 ";"1    ";"0    ";"0    ";-16.0671290;-47.9842350;SPRF-DF;DEL01-DF;UOP01-DEL01-DF 
610810;"1364490   ";2024-06-29;sábado;13:47:00;GO;"40   ";"2    ";VALPARAISO DE GOIAS;Sim;Trafegar com motocicleta (ou similar) entre as faixas;3;Queda de ocupante de veículo;Com Vítimas Feridas;Pleno dia;Decrescente;Céu Claro;Dupla;Reta;Sim  ;"1092869   ";Automóvel;NISSAN/VERSA 16 UNIQUE;"2015      ";Condutor;Ileso;"38   ";Masculino;"1 ";"0    ";"0    ";"0    ";-16.0671290;-47.9842350;SPRF-DF;DEL01-DF;UOP01-DEL01-DF 
610810;"1364491   ";2024-06-29;sábado;13:47:00;GO;"40   ";"2    ";VALPARAISO DE GOIAS;Sim;Trafegar com motocicleta (ou similar) entre as faixas;3;Queda de ocupante de veículo;Com Vítimas Feridas;Pleno dia;Decrescente;Céu Claro;Dupla;Reta;Sim  ;"1092870   ";Automóvel;I/CITROEN C4L A THP EXCL;"2013      ";Condutor;Ileso;"25   ";Masculino;"1 ";"0    ";"0    ";"0    ";-16.0671290;-47.9842350;SPRF-DF;DEL01-DF;UOP01-DEL01-DF 
610810;"1364488   ";2024-06-29;sábado;13:47:00;GO;"40   ";"2    ";VALPARAISO DE GOIAS;Não;Velocidade Incompatível;1;Colisão traseira;Com Vítimas Feridas;Pleno dia;Decrescente;Céu Claro;Dupla;Reta;Sim  ;"1092868   ";Motocicleta;HONDA/CG 160 FAN;"2023      ";Condutor;Lesões Leves;"24   ";Masculino;"0 ";"1    ";"0    ";"0    ";-16.0671290;-47.9842350;SPRF-DF;DEL01-DF;UOP01-DEL01-DF 
610810;"1364489   ";2024-06-29;sábado;13:47:00;GO;"40   ";"2    ";VALPARAISO DE GOIAS;Não;Velocidade Incompatível;1;Colisão traseira;Com Vítimas Feridas;Pleno dia;Decrescente;Céu Claro;Dupla;Reta;Sim  ;"1092868   ";Motocicleta;HONDA/CG 160 FAN;"2023      ";Passageiro;Lesões Leves;"19   ";Masculino;"0 ";"1    ";"0    ";"0    ";-16.0671290;-47.9842350;SPRF-DF;DEL01-DF;UOP01-DEL01-DF 
610810;"1364490   ";2024-06-29;sábado;13:47:00;GO;"40   ";"2    ";VALPARAISO DE GOIAS;Não;Velocidade Incompatível;1;Colisão traseira;Com Vítimas Feridas;Pleno dia;Decrescente;Céu Claro;Dupla;Reta;Sim  ;"1092869   ";Automóvel;NISSAN/VERSA 16 UNIQUE;"2015      ";Condutor;Ileso;"38   ";Masculino;"1 ";"0    ";"0    ";"0    ";-16.0671290;-47.9842350;SPRF-DF;DEL01-DF;UOP01-DEL01-DF 
610810;"1364491   ";2024-06-29;sábado;13:47:00;GO;"40   ";"2    ";VALPARAISO DE GOIAS;Não;Velocidade Incompatível;1;Colisão traseira;Com Vítimas Feridas;Pleno dia;Decrescente;Céu Claro;Dupla;Reta;Sim  ;"1092870   ";Automóvel;I/CITROEN C4L A THP EXCL;"2013      ";Condutor;Ileso;"25   ";Masculino;"1 ";"0    ";"0    ";"0    ";-16.0671290;-47.9842350;SPRF-DF;DEL01-DF;UOP01-DEL01-DF 
610810;"1364488   ";2024-06-29;sábado;13:47:00;GO;"40   ";"2    ";VALPARAISO DE GOIAS;Sim;Trafegar com motocicleta (ou similar) entre as faixas;1;Colisão traseira;Com Vítimas Feridas;Pleno dia;Decrescente;Céu Claro;Dupla;Reta;Sim  ;"1092868   ";Motocicleta;HONDA/CG 160 FAN;"2023      ";Condutor;Lesões Leves;"24   ";Masculino;"0 ";"1    ";"0    ";"0    ";-16.0671290;-47.9842350;SPRF-DF;DEL01-DF;UOP01-DEL01-DF 
610810;"1364489   ";2024-06-29;sábado;13:47:00;GO;"40   ";"2    ";VALPARAISO DE GOIAS;Sim;Trafegar com motocicleta (ou similar) entre as faixas;1;Colisão traseira;Com Vítimas Feridas;Pleno dia;Decrescente;Céu Claro;Dupla;Reta;Sim  ;"1092868   ";Motocicleta;HONDA/CG 160 FAN;"2023      ";Passageiro;Lesões Leves;"19   ";Masculino;"0 ";"1    ";"0    ";"0    ";-16.0671290;-47.9842350;SPRF-DF;DEL01-DF;UOP01-DEL01-DF 
610810;"1364490   ";2024-06-29;sábado;13:47:00;GO;"40   ";"2    ";VALPARAISO DE GOIAS;Sim;Trafegar com motocicleta (ou similar) entre as faixas;1;Colisão traseira;Com Vítimas Feridas;Pleno dia;Decrescente;Céu Claro;Dupla;Reta;Sim  ;"1092869   ";Automóvel;NISSAN/VERSA 16 UNIQUE;"2015      ";Condutor;Ileso;"38   ";Masculino;"1 ";"0    ";"0    ";"0    ";-16.0671290;-47.9842350;SPRF-DF;DEL01-DF;UOP01-DEL01-DF 
610810;"1364491   ";2024-06-29;sábado;13:47:00;GO;"40   ";"2    ";VALPARAISO DE GOIAS;Sim;Trafegar com motocicleta (ou similar) entre as faixas;1;Colisão traseira;Com Vítimas Feridas;Pleno dia;Decrescente;Céu Claro;Dupla;Reta;Sim  ;"1092870   ";Automóvel;I/CITROEN C4L A THP EXCL;"2013      ";Condutor;Ileso;"25   ";Masculino;"1 ";"0    ";"0    ";"0    ";-16.0671290;-47.9842350;SPRF-DF;DEL01-DF;UOP01-DEL01-DF 
610810;"1364488   ";2024-06-29;sábado;13:47:00;GO;"40   ";"2    ";VALPARAISO DE GOIAS;Não;Velocidade Incompatível;2;Colisão traseira;Com Vítimas Feridas;Pleno dia;Decrescente;Céu Claro;Dupla;Reta;Sim  ;"1092868   ";Motocicleta;HONDA/CG 160 FAN;"2023      ";Condutor;Lesões Leves;"24   ";Masculino;"0 ";"1    ";"0    ";"0    ";-16.0671290;-47.9842350;SPRF-DF;DEL01-DF;UOP01-DEL01-DF 
610810;"1364489   ";2024-06-29;sábado;13:47:00;GO;"40   ";"2    ";VALPARAISO DE GOIAS;Não;Velocidade Incompatível;2;Colisão traseira;Com Vítimas Feridas;Pleno dia;Decrescente;Céu Claro;Dupla;Reta;Sim  ;"1092868   ";Motocicleta;HONDA/CG 160 FAN;"2023      ";Passageiro;Lesões Leves;"19   ";Masculino;"0 ";"1    ";"0    ";"0    ";-16.0671290;-47.9842350;SPRF-DF;DEL01-DF;UOP01-DEL01-DF 
610810;"1364491   ";2024-06-29;sábado;13:47:00;GO;"40   ";"2    ";VALPARAISO DE GOIAS;Não;Velocidade Incompatível;2;Colisão traseira;Com Vítimas Feridas;Pleno dia;Decrescente;Céu Claro;Dupla;Reta;Sim  ;"1092870   ";Automóvel;I/CITROEN C4L A THP EXCL;"2013      ";Condutor;Ileso;"25   ";Masculino;"1 ";"0    ";"0    ";"0    ";-16.0671290;-47.9842350;SPRF-DF;DEL01-DF;UOP01-DEL01-DF 
610810;"1364488   ";2024-06-29;sábado;13:47:00;GO;"40   ";"2    ";VALPARAISO DE GOIAS;Sim;Trafegar com motocicleta (ou similar) entre as faixas;2;Colisão traseira;Com Vítimas Feridas;Pleno dia;Decrescente;Céu Claro;Dupla;Reta;Sim  ;"1092868   ";Motocicleta;HONDA/CG 160 FAN;"2023      ";Condutor;Lesões Leves;"24   ";Masculino;"0 ";"1    ";"0    ";"0    ";-16.0671290;-47.9842350;SPRF-DF;DEL01-DF;UOP01-DEL01-DF 
610810;"1364489   ";2024-06-29;sábado;13:47:00;GO;"40   ";"2    ";VALPARAISO DE GOIAS;Sim;Trafegar com motocicleta (ou similar) entre as faixas;2;Colisão traseira;Com Vítimas Feridas;Pleno dia;Decrescente;Céu Claro;Dupla;Reta;Sim  ;"1092868   ";Motocicleta;HONDA/CG 160 FAN;"2023      ";Passageiro;Lesões Leves;"19   ";Masculino;"0 ";"1    ";"0    ";"0    ";-16.0671290;-47.9842350;SPRF-DF;DEL01-DF;UOP01-DEL01-DF 
610810;"1364490   ";2024-06-29;sábado;13:47:00;GO;"40   ";"2    ";VALPARAISO DE GOIAS;Sim;Trafegar com motocicleta (ou similar) entre as faixas;2;Colisão traseira;Com Vítimas Feridas;Pleno dia;Decrescente;Céu Claro;Dupla;Reta;Sim  ;"1092869   ";Automóvel;NISSAN/VERSA 16 UNIQUE;"2015      ";Condutor;Ileso;"38   ";Masculino;"1 ";"0    ";"0    ";"0    ";-16.0671290;-47.9842350;SPRF-DF;DEL01-DF;UOP01-DEL01-DF 
610810;"1364491   ";2024-06-29;sábado;13:47:00;GO;"40   ";"2    ";VALPARAISO DE GOIAS;Sim;Trafegar com motocicleta (ou similar) entre as faixas;2;Colisão traseira;Com Vítimas Feridas;Pleno dia;Decrescente;Céu Claro;Dupla;Reta;Sim  ;"1092870   ";Automóvel;I/CITROEN C4L A THP EXCL;"2013      ";Condutor;Ileso;"25   ";Masculino;"1 ";"0    ";"0    ";"0    ";-16.0671290;-47.9842350;SPRF-DF;DEL01-DF;UOP01-DEL01-DF 
610886;"1364871   ";2024-06-29;sábado;19:10:00;DF;"80   ";"12,1 ";BRASILIA;Sim;Acessar a via sem observar a presença dos outros veículos;2;Tombamento;Com Vítimas Feridas;Plena Noite;Decrescente;Nublado;Simples;"Interseção de Vias;Aclive;Reta";Não  ;"1093141   ";Automóvel;FIAT/UNO MILLE ECONOMY;"2009      ";Condutor;Ileso;"60   ";Masculino;"1 ";"0    ";"0    ";"0    ";-15.7308490;-48.1873550;SPRF-DF;DEL03-DF;UOP02-DEL03-DF 
610886;"1364874   ";2024-06-29;sábado;19:10:00;DF;"80   ";"12,1 ";BRASILIA;Sim;Acessar a via sem observar a presença dos outros veículos;2;Tombamento;Com Vítimas Feridas;Plena Noite;Decrescente;Nublado;Simples;"Interseção de Vias;Aclive;Reta";Não  ;"1093142   ";Motocicleta;HONDA/CG 150 TITAN ESD;"2013      ";Passageiro;Lesões Leves;"0    ";Masculino;"0 ";"1    ";"0    ";"0    ";-15.7308490;-48.1873550;SPRF-DF;DEL03-DF;UOP02-DEL03-DF 
610886;"1364872   ";2024-06-29;sábado;19:10:00;DF;"80   ";"12,1 ";BRASILIA;Sim;Acessar a via sem observar a presença dos outros veículos;2;Tombamento;Com Vítimas Feridas;Plena Noite;Decrescente;Nublado;Simples;"Interseção de Vias;Aclive;Reta";Não  ;"1093142   ";Motocicleta;HONDA/CG 150 TITAN ESD;"2013      ";Condutor;Lesões Leves;"37   ";Masculino;"0 ";"1    ";"0    ";"0    ";-15.7308490;-48.1873550;SPRF-DF;DEL03-DF;UOP02-DEL03-DF 
610886;"1364871   ";2024-06-29;sábado;19:10:00;DF;"80   ";"12,1 ";BRASILIA;Sim;Acessar a via sem observar a presença dos outros veículos;1;Queda de ocupante de veículo;Com Vítimas Feridas;Plena Noite;Decrescente;Nublado;Simples;"Interseção de Vias;Aclive;Reta";Não  ;"1093141   ";Automóvel;FIAT/UNO MILLE ECONOMY;"2009      ";Condutor;Ileso;"60   ";Masculino;"1 ";"0    ";"0    ";"0    ";-15.7308490;-48.1873550;SPRF-DF;DEL03-DF;UOP02-DEL03-DF 
610886;"1364874   ";2024-06-29;sábado;19:10:00;DF;"80   ";"12,1 ";BRASILIA;Sim;Acessar a via sem observar a presença dos outros veículos;1;Queda de ocupante de veículo;Com Vítimas Feridas;Plena Noite;Decrescente;Nublado;Simples;"Interseção de Vias;Aclive;Reta";Não  ;"1093142   ";Motocicleta;HONDA/CG 150 TITAN ESD;"2013      ";Passageiro;Lesões Leves;"0    ";Masculino;"0 ";"1    ";"0    ";"0    ";-15.7308490;-48.1873550;SPRF-DF;DEL03-DF;UOP02-DEL03-DF 
610886;"1364872   ";2024-06-29;sábado;19:10:00;DF;"80   ";"12,1 ";BRASILIA;Sim;Acessar a via sem observar a presença dos outros veículos;1;Queda de ocupante de veículo;Com Vítimas Feridas;Plena Noite;Decrescente;Nublado;Simples;"Interseção de Vias;Aclive;Reta";Não  ;"1093142   ";Motocicleta;HONDA/CG 150 TITAN ESD;"2013      ";Condutor;Lesões Leves;"37   ";Masculino;"0 ";"1    ";"0    ";"0    ";-15.7308490;-48.1873550;SPRF-DF;DEL03-DF;UOP02-DEL03-DF 
610925;"1364740   ";2024-06-29;sábado;22:25:00;GO;"40   ";"90,6 ";CRISTALINA;Não;Transitar na contramão;3;Tombamento;Com Vítimas Feridas;Plena Noite;Decrescente;Céu Claro;Simples;"Reta;Declive";Não  ;"1093049   ";Automóvel;I/NISSAN SENTRA 20S FLEX;"2009      ";Condutor;Lesões Leves;"43   ";Masculino;"0 ";"1    ";"0    ";"0    ";-16.7238080;-47.6436270;SPRF-DF;DEL01-DF;UOP02-DEL01-DF 
610925;"1364741   ";2024-06-29;sábado;22:25:00;GO;"40   ";"90,6 ";CRISTALINA;Não;Transitar na contramão;3;Tombamento;Com Vítimas Feridas;Plena Noite;Decrescente;Céu Claro;Simples;"Reta;Declive";Não  ;"1093050   ";Ônibus;M.BENZ/BUSSCAR VBUSS DD;"2023      ";Condutor;Ileso;"49   ";Masculino;"1 ";"0    ";"0    ";"0    ";-16.7238080;-47.6436270;SPRF-DF;DEL01-DF;UOP02-DEL01-DF 
610925;"1364768   ";2024-06-29;sábado;22:25:00;GO;"40   ";"90,6 ";CRISTALINA;Não;Transitar na contramão;3;Tombamento;Com Vítimas Feridas;Plena Noite;Decrescente;Céu Claro;Simples;"Reta;Declive";Não  ;"1093050   ";Ônibus;M.BENZ/BUSSCAR VBUSS DD;"2023      ";Passageiro;Ileso;"48   ";Feminino;"1 ";"0    ";"0    ";"0    ";-16.7238080;-47.6436270;SPRF-DF;DEL01-DF;UOP02-DEL01-DF 
610925;"1364769   ";2024-06-29;sábado;22:25:00;GO;"40   ";"90,6 ";CRISTALINA;Não;Transitar na contramão;3;Tombamento;Com Vítimas Feridas;Plena Noite;Decrescente;Céu Claro;Simples;"Reta;Declive";Não  ;"1093050   ";Ônibus;M.BENZ/BUSSCAR VBUSS DD;"2023      ";Passageiro;Ileso;"45   ";Masculino;"1 ";"0    ";"0    ";"0    ";-16.7238080;-47.6436270;SPRF-DF;DEL01-DF;UOP02-DEL01-DF 
610925;"1364770   ";2024-06-29;sábado;22:25:00;GO;"40   ";"90,6 ";CRISTALINA;Não;Transitar na contramão;3;Tombamento;Com Vítimas Feridas;Plena Noite;Decrescente;Céu Claro;Simples;"Reta;Declive";Não  ;"1093050   ";Ônibus;M.BENZ/BUSSCAR VBUSS DD;"2023      ";Passageiro;Ileso;"23   ";Masculino;"1 ";"0    ";"0    ";"0    ";-16.7238080;-47.6436270;SPRF-DF;DEL01-DF;UOP02-DEL01-DF 
610925;"1364771   ";2024-06-29;sábado;22:25:00;GO;"40   ";"90,6 ";CRISTALINA;Não;Transitar na contramão;3;Tombamento;Com Vítimas Feridas;Plena Noite;Decrescente;Céu Claro;Simples;"Reta;Declive";Não  ;"1093050   ";Ônibus;M.BENZ/BUSSCAR VBUSS DD;"2023      ";Passageiro;Ileso;"31   ";Masculino;"1 ";"0    ";"0    ";"0    ";-16.7238080;-47.6436270;SPRF-DF;DEL01-DF;UOP02-DEL01-DF 
610925;"1364772   ";2024-06-29;sábado;22:25:00;GO;"40   ";"90,6 ";CRISTALINA;Não;Transitar na contramão;3;Tombamento;Com Vítimas Feridas;Plena Noite;Decrescente;Céu Claro;Simples;"Reta;Declive";Não  ;"1093050   ";Ônibus;M.BENZ/BUSSCAR VBUSS DD;"2023      ";Passageiro;Ileso;"3    ";Masculino;"1 ";"0    ";"0    ";"0    ";-16.7238080;-47.6436270;SPRF-DF;DEL01-DF;UOP02-DEL01-DF 
610925;"1364773   ";2024-06-29;sábado;22:25:00;GO;"40   ";"90,6 ";CRISTALINA;Não;Transitar na contramão;3;Tombamento;Com Vítimas Feridas;Plena Noite;Decrescente;Céu Claro;Simples;"Reta;Declive";Não  ;"1093050   ";Ônibus;M.BENZ/BUSSCAR VBUSS DD;"2023      ";Passageiro;Ileso;"44   ";Masculino;"1 ";"0    ";"0    ";"0    ";-16.7238080;-47.6436270;SPRF-DF;DEL01-DF;UOP02-DEL01-DF 
610925;"1364781   ";2024-06-29;sábado;22:25:00;GO;"40   ";"90,6 ";CRISTALINA;Não;Transitar na contramão;3;Tombamento;Com Vítimas Feridas;Plena Noite;Decrescente;Céu Claro;Simples;"Reta;Declive";Não  ;"1093050   ";Ônibus;M.BENZ/BUSSCAR VBUSS DD;"2023      ";Passageiro;Ileso;"18   ";Masculino;"1 ";"0    ";"0    ";"0    ";-16.7238080;-47.6436270;SPRF-DF;DEL01-DF;UOP02-DEL01-DF 
610925;"1364784   ";2024-06-29;sábado;22:25:00;GO;"40   ";"90,6 ";CRISTALINA;Não;Transitar na contramão;3;Tombamento;Com Vítimas Feridas;Plena Noite;Decrescente;Céu Claro;Simples;"Reta;Declive";Não  ;"1093050   ";Ônibus;M.BENZ/BUSSCAR VBUSS DD;"2023      ";Passageiro;Ileso;"34   ";Masculino;"1 ";"0    ";"0    ";"0    ";-16.7238080;-47.6436270;SPRF-DF;DEL01-DF;UOP02-DEL01-DF 
610925;"1364787   ";2024-06-29;sábado;22:25:00;GO;"40   ";"90,6 ";CRISTALINA;Não;Transitar na contramão;3;Tombamento;Com Vítimas Feridas;Plena Noite;Decrescente;Céu Claro;Simples;"Reta;Declive";Não  ;"1093050   ";Ônibus;M.BENZ/BUSSCAR VBUSS DD;"2023      ";Passageiro;Ileso;"2    ";Feminino;"1 ";"0    ";"0    ";"0    ";-16.7238080;-47.6436270;SPRF-DF;DEL01-DF;UOP02-DEL01-DF 
610925;"1364788   ";2024-06-29;sábado;22:25:00;GO;"40   ";"90,6 ";CRISTALINA;Não;Transitar na contramão;3;Tombamento;Com Vítimas Feridas;Plena Noite;Decrescente;Céu Claro;Simples;"Reta;Declive";Não  ;"1093050   ";Ônibus;M.BENZ/BUSSCAR VBUSS DD;"2023      ";Passageiro;Ileso;"34   ";Feminino;"1 ";"0    ";"0    ";"0    ";-16.7238080;-47.6436270;SPRF-DF;DEL01-DF;UOP02-DEL01-DF 
610925;"1364789   ";2024-06-29;sábado;22:25:00;GO;"40   ";"90,6 ";CRISTALINA;Não;Transitar na contramão;3;Tombamento;Com Vítimas Feridas;Plena Noite;Decrescente;Céu Claro;Simples;"Reta;Declive";Não  ;"1093050   ";Ônibus;M.BENZ/BUSSCAR VBUSS DD;"2023      ";Passageiro;Ileso;"44   ";Feminino;"1 ";"0    ";"0    ";"0    ";-16.7238080;-47.6436270;SPRF-DF;DEL01-DF;UOP02-DEL01-DF 
610925;"1364791   ";2024-06-29;sábado;22:25:00;GO;"40   ";"90,6 ";CRISTALINA;Não;Transitar na contramão;3;Tombamento;Com Vítimas Feridas;Plena Noite;Decrescente;Céu Claro;Simples;"Reta;Declive";Não  ;"1093050   ";Ônibus;M.BENZ/BUSSCAR VBUSS DD;"2023      ";Passageiro;Ileso;"30   ";Masculino;"1 ";"0    ";"0    ";"0    ";-16.7238080;-47.6436270;SPRF-DF;DEL01-DF;UOP02-DEL01-DF 
610925;"1364792   ";2024-06-29;sábado;22:25:00;GO;"40   ";"90,6 ";CRISTALINA;Não;Transitar na contramão;3;Tombamento;Com Vítimas Feridas;Plena Noite;Decrescente;Céu Claro;Simples;"Reta;Declive";Não  ;"1093050   ";Ônibus;M.BENZ/BUSSCAR VBUSS DD;"2023      ";Passageiro;Ileso;"41   ";Masculino;"1 ";"0    ";"0    ";"0    ";-16.7238080;-47.6436270;SPRF-DF;DEL01-DF;UOP02-DEL01-DF 
610925;"1364793   ";2024-06-29;sábado;22:25:00;GO;"40   ";"90,6 ";CRISTALINA;Não;Transitar na contramão;3;Tombamento;Com Vítimas Feridas;Plena Noite;Decrescente;Céu Claro;Simples;"Reta;Declive";Não  ;"1093050   ";Ônibus;M.BENZ/BUSSCAR VBUSS DD;"2023      ";Passageiro;Ileso;"29   ";Masculino;"1 ";"0    ";"0    ";"0    ";-16.7238080;-47.6436270;SPRF-DF;DEL01-DF;UOP02-DEL01-DF 
610925;"1364797   ";2024-06-29;sábado;22:25:00;GO;"40   ";"90,6 ";CRISTALINA;Não;Transitar na contramão;3;Tombamento;Com Vítimas Feridas;Plena Noite;Decrescente;Céu Claro;Simples;"Reta;Declive";Não  ;"1093050   ";Ônibus;M.BENZ/BUSSCAR VBUSS DD;"2023      ";Passageiro;Ileso;"54   ";Masculino;"1 ";"0    ";"0    ";"0    ";-16.7238080;-47.6436270;SPRF-DF;DEL01-DF;UOP02-DEL01-DF 