id;pesid;data_inversa;dia_semana;horario;uf;br;km;municipio;causa_principal;causa_acidente;ordem_tipo_acidente;tipo_acidente;classificacao_acidente;fase_dia;sentido_via;condicao_metereologica;tipo_pista;tracado_via;uso_solo;id_veiculo;tipo_veiculo;marca;ano_fabricacao_veiculo;tipo_envolvido;estado_fisico;idade;sexo;ilesos;feridos_leves;feridos_graves;mortos;latitude;longitude;regional;delegacia;uop
610925;"1364802   ";2024-06-29;sábado;22:25:00;GO;"40   ";"90,6 ";CRISTALINA;Não;Transitar na contramão;2;Saída de leito carroçável;Com Vítimas Feridas;Plena Noite;Decrescente;Céu Claro;Simples;"Reta;Declive";Não  ;"1093050   ";Ônibus;M.BENZ/BUSSCAR VBUSS DD;"2023      ";Passageiro;Ileso;"31   ";Feminino;"1 ";"0    ";"0    ";"0    ";-16.7238080;-47.6436270;SPRF-DF;DEL01-DF;UOP02-DEL01-DF 
610925;"1364803   ";2024-06-29;sábado;22:25:00;GO;"40   ";"90,6 ";CRISTALINA;Não;Transitar na contramão;2;Saída de leito carroçável;Com Vítimas Feridas;Plena Noite;Decrescente;Céu Claro;Simples;"Reta;Declive";Não  ;"1093050   ";Ônibus;M.BENZ/BUSSCAR VBUSS DD;"2023      ";Passageiro;Ileso;"31   ";Masculino;"1 ";"0    ";"0    ";"0    ";-16.7238080;-47.6436270;SPRF-DF;DEL01-DF;UOP02-DEL01-DF 
610925;"1364804   ";2024-06-29;sábado;22:25:00;GO;"40   ";"90,6 ";CRISTALINA;Não;Transitar na contramão;2;Saída de leito carroçável;Com Vítimas Feridas;Plena Noite;Decrescente;Céu Claro;Simples;"Reta;Declive";Não  ;"1093050   ";Ônibus;M.BENZ/BUSSCAR VBUSS DD;"2023      ";Passageiro;Ileso;"19   ";Feminino;"1 ";"0    ";"0    ";"0    ";-16.7238080;-47.6436270;SPRF-DF;DEL01-DF;UOP02-DEL01-DF 
610925;"1367326   ";2024-06-29;sábado;22:25:00;GO;"40   ";"90,6 ";CRISTALINA;Não;Transitar na contramão;2;Saída de leito carroçável;Com Vítimas Feridas;Plena Noite;Decrescente;Céu Claro;Simples;"Reta;Declive";Não  ;"0         ";"0";NA/NA;"0         ";Testemunha;Não Informado;"0    ";Não Informado;"0 ";"0    ";"0    ";"0    ";-16.7238080;-47.6436270;SPRF-DF;DEL01-DF;UOP02-DEL01-DF 
610925;"1367329   ";2024-06-29;sábado;22:25:00;GO;"40   ";"90,6 ";CRISTALINA;Não;Transitar na contramão;2;Saída de leito carroçável;Com Vítimas Feridas;Plena Noite;Decrescente;Céu Claro;Simples;"Reta;Declive";Não  ;"0         ";"0";NA/NA;"0         ";Testemunha;Não Informado;"0    ";Não Informado;"0 ";"0    ";"0    ";"0    ";-16.7238080;-47.6436270;SPRF-DF;DEL01-DF;UOP02-DEL01-DF 
610925;"1364740   ";2024-06-29;sábado;22:25:00;GO;"40   ";"90,6 ";CRISTALINA;Sim;Suicídio (presumido);2;Saída de leito carroçável;Com Vítimas Feridas;Plena Noite;Decrescente;Céu Claro;Simples;"Reta;Declive";Não  ;"1093049   ";Automóvel;I/NISSAN SENTRA 20S FLEX;"2009      ";Condutor;Lesões Leves;"43   ";Masculino;"0 ";"1    ";"0    ";"0    ";-16.7238080;-47.6436270;SPRF-DF;DEL01-DF;UOP02-DEL01-DF 
610925;"1364741   ";2024-06-29;sábado;22:25:00;GO;"40   ";"90,6 ";CRISTALINA;Sim;Suicídio (presumido);2;Saída de leito carroçável;Com Vítimas Feridas;Plena Noite;Decrescente;Céu Claro;Simples;"Reta;Declive";Não  ;"1093050   ";Ônibus;M.BENZ/BUSSCAR VBUSS DD;"2023      ";Condutor;Ileso;"49   ";Masculino;"1 ";"0    ";"0    ";"0    ";-16.7238080;-47.6436270;SPRF-DF;DEL01-DF;UOP02-DEL01-DF 
610925;"1364768   ";2024-06-29;sábado;22:25:00;GO;"40   ";"90,6 ";CRISTALINA;Sim;Suicídio (presumido);2;Saída de leito carroçável;Com Vítimas Feridas;Plena Noite;Decrescente;Céu Claro;Simples;"Reta;Declive";Não  ;"1093050   ";Ônibus;M.BENZ/BUSSCAR VBUSS DD;"2023      ";Passageiro;Ileso;"48   ";Feminino;"1 ";"0    ";"0    ";"0    ";-16.7238080;-47.6436270;SPRF-DF;DEL01-DF;UOP02-DEL01-DF 
610925;"1364769   ";2024-06-29;sábado;22:25:00;GO;"40   ";"90,6 ";CRISTALINA;Sim;Suicídio (presumido);2;Saída de leito carroçável;Com Vítimas Feridas;Plena Noite;Decrescente;Céu Claro;Simples;"Reta;Declive";Não  ;"1093050   ";Ônibus;M.BENZ/BUSSCAR VBUSS DD;"2023      ";Passageiro;Ileso;"45   ";Masculino;"1 ";"0    ";"0    ";"0    ";-16.7238080;-47.6436270;SPRF-DF;DEL01-DF;UOP02-DEL01-DF 
610925;"1364770   ";2024-06-29;sábado;22:25:00;GO;"40   ";"90,6 ";CRISTALINA;Sim;Suicídio (presumido);2;Saída de leito carroçável;Com Vítimas Feridas;Plena Noite;Decrescente;Céu Claro;Simples;"Reta;Declive";Não  ;"1093050   ";Ônibus;M.BENZ/BUSSCAR VBUSS DD;"2023      ";Passageiro;Ileso;"23   ";Masculino;"1 ";"0    ";"0    ";"0    ";-16.7238080;-47.6436270;SPRF-DF;DEL01-DF;UOP02-DEL01-DF 
610925;"1364771   ";2024-06-29;sábado;22:25:00;GO;"40   ";"90,6 ";CRISTALINA;Sim;Suicídio (presumido);2;Saída de leito carroçável;Com Vítimas Feridas;Plena Noite;Decrescente;Céu Claro;Simples;"Reta;Declive";Não  ;"1093050   ";Ônibus;M.BENZ/BUSSCAR VBUSS DD;"2023      ";Passageiro;Ileso;"31   ";Masculino;"1 ";"0    ";"0    ";"0    ";-16.7238080;-47.6436270;SPRF-DF;DEL01-DF;UOP02-DEL01-DF 
610925;"1364772   ";2024-06-29;sábado;22:25:00;GO;"40   ";"90,6 ";CRISTALINA;Sim;Suicídio (presumido);2;Saída de leito carroçável;Com Vítimas Feridas;Plena Noite;Decrescente;Céu Claro;Simples;"Reta;Declive";Não  ;"1093050   ";Ônibus;M.BENZ/BUSSCAR VBUSS DD;"2023      ";Passageiro;Ileso;"3    ";Masculino;"1 ";"0    ";"0    ";"0    ";-16.7238080;-47.6436270;SPRF-DF;DEL01-DF;UOP02-DEL01-DF 
610925;"1364773   ";2024-06-29;sábado;22:25:00;GO;"40   ";"90,6 ";CRISTALINA;Sim;Suicídio (presumido);2;Saída de leito carroçável;Com Vítimas Feridas;Plena Noite;Decrescente;Céu Claro;Simples;"Reta;Declive";Não  ;"1093050   ";Ônibus;M.BENZ/BUSSCAR VBUSS DD;"2023      ";Passageiro;Ileso;"44   ";Masculino;"1 ";"0    ";"0    ";"0    ";-16.7238080;-47.6436270;SPRF-DF;DEL01-DF;UOP02-DEL01-DF 
610925;"1364777   ";2024-06-29;sábado;22:25:00;GO;"40   ";"90,6 ";CRISTALINA;Sim;Suicídio (presumido);2;Saída de leito carroçável;Com Vítimas Feridas;Plena Noite;Decrescente;Céu Claro;Simples;"Reta;Declive";Não  ;"1093050   ";Ônibus;M.BENZ/BUSSCAR VBUSS DD;"2023      ";Passageiro;Ileso;"64   ";Masculino;"1 ";"0    ";"0    ";"0    ";-16.7238080;-47.6436270;SPRF-DF;DEL01-DF;UOP02-DEL01-DF 
610925;"1364779   ";2024-06-29;sábado;22:25:00;GO;"40   ";"90,6 ";CRISTALINA;Sim;Suicídio (presumido);2;Saída de leito carroçável;Com Vítimas Feridas;Plena Noite;Decrescente;Céu Claro;Simples;"Reta;Declive";Não  ;"1093050   ";Ônibus;M.BENZ/BUSSCAR VBUSS DD;"2023      ";Passageiro;Ileso;"60   ";Feminino;"1 ";"0    ";"0    ";"0    ";-16.7238080;-47.6436270;SPRF-DF;DEL01-DF;UOP02-DEL01-DF 
610925;"1364781   ";2024-06-29;sábado;22:25:00;GO;"40   ";"90,6 ";CRISTALINA;Sim;Suicídio (presumido);2;Saída de leito carroçável;Com Vítimas Feridas;Plena Noite;Decrescente;Céu Claro;Simples;"Reta;Declive";Não  ;"1093050   ";Ônibus;M.BENZ/BUSSCAR VBUSS DD;"2023      ";Passageiro;Ileso;"18   ";Masculino;"1 ";"0    ";"0    ";"0    ";-16.7238080;-47.6436270;SPRF-DF;DEL01-DF;UOP02-DEL01-DF 
610925;"1364784   ";2024-06-29;sábado;22:25:00;GO;"40   ";"90,6 ";CRISTALINA;Sim;Suicídio (presumido);2;Saída de leito carroçável;Com Vítimas Feridas;Plena Noite;Decrescente;Céu Claro;Simples;"Reta;Declive";Não  ;"1093050   ";Ônibus;M.BENZ/BUSSCAR VBUSS DD;"2023      ";Passageiro;Ileso;"34   ";Masculino;"1 ";"0    ";"0    ";"0    ";-16.7238080;-47.6436270;SPRF-DF;DEL01-DF;UOP02-DEL01-DF 
610925;"1364787   ";2024-06-29;sábado;22:25:00;GO;"40   ";"90,6 ";CRISTALINA;Sim;Suicídio (presumido);2;Saída de leito carroçável;Com Vítimas Feridas;Plena Noite;Decrescente;Céu Claro;Simples;"Reta;Declive";Não  ;"1093050   ";Ônibus;M.BENZ/BUSSCAR VBUSS DD;"2023      ";Passageiro;Ileso;"2    ";Feminino;"1 ";"0    ";"0    ";"0    ";-16.7238080;-47.6436270;SPRF-DF;DEL01-DF;UOP02-DEL01-DF 
610925;"1364788   ";2024-06-29;sábado;22:25:00;GO;"40   ";"90,6 ";CRISTALINA;Sim;Suicídio (presumido);2;Saída de leito carroçável;Com Vítimas Feridas;Plena Noite;Decrescente;Céu Claro;Simples;"Reta;Declive";Não  ;"1093050   ";Ônibus;M.BENZ/BUSSCAR VBUSS DD;"2023      ";Passageiro;Ileso;"34   ";Feminino;"1 ";"0    ";"0    ";"0    ";-16.7238080;-47.6436270;SPRF-DF;DEL01-DF;UOP02-DEL01-DF 
610925;"1364789   ";2024-06-29;sábado;22:25:00;GO;"40   ";"90,6 ";CRISTALINA;Sim;Suicídio (presumido);2;Saída de leito carroçável;Com Vítimas Feridas;Plena Noite;Decrescente;Céu Claro;Simples;"Reta;Declive";Não  ;"1093050   ";Ônibus;M.BENZ/BUSSCAR VBUSS DD;"2023      ";Passageiro;Ileso;"44   ";Feminino;"1 ";"0    ";"0    ";"0    ";-16.7238080;-47.6436270;SPRF-DF;DEL01-DF;UOP02-DEL01-DF 
610925;"1364791   ";2024-06-29;sábado;22:25:00;GO;"40   ";"90,6 ";CRISTALINA;Sim;Suicídio (presumido);2;Saída de leito carroçável;Com Vítimas Feridas;Plena Noite;Decrescente;Céu Claro;Simples;"Reta;Declive";Não  ;"1093050   ";Ônibus;M.BENZ/BUSSCAR VBUSS DD;"2023      ";Passageiro;Ileso;"30   ";Masculino;"1 ";"0    ";"0    ";"0    ";-16.7238080;-47.6436270;SPRF-DF;DEL01-DF;UOP02-DEL01-DF 
610925;"1364792   ";2024-06-29;sábado;22:25:00;GO;"40   ";"90,6 ";CRISTALINA;Sim;Suicídio (presumido);2;Saída de leito carroçável;Com Vítimas Feridas;Plena Noite;Decrescente;Céu Claro;Simples;"Reta;Declive";Não  ;"1093050   ";Ônibus;M.BENZ/BUSSCAR VBUSS DD;"2023      ";Passageiro;Ileso;"41   ";Masculino;"1 ";"0    ";"0    ";"0    ";-16.7238080;-47.6436270;SPRF-DF;DEL01-DF;UOP02-DEL01-DF 
610925;"1364793   ";2024-06-29;sábado;22:25:00;GO;"40   ";"90,6 ";CRISTALINA;Sim;Suicídio (presumido);2;Saída de leito carroçável;Com Vítimas Feridas;Plena Noite;Decrescente;Céu Claro;Simples;"Reta;Declive";Não  ;"1093050   ";Ônibus;M.BENZ/BUSSCAR VBUSS DD;"2023      ";Passageiro;Ileso;"29   ";Masculino;"1 ";"0    ";"0    ";"0    ";-16.7238080;-47.6436270;SPRF-DF;DEL01-DF;UOP02-DEL01-DF 
610925;"1364797   ";2024-06-29;sábado;22:25:00;GO;"40   ";"90,6 ";CRISTALINA;Sim;Suicídio (presumido);2;Saída de leito carroçável;Com Vítimas Feridas;Plena Noite;Decrescente;Céu Claro;Simples;"Reta;Declive";Não  ;"1093050   ";Ônibus;M.BENZ/BUSSCAR VBUSS DD;"2023      ";Passageiro;Ileso;"54   ";Masculino;"1 ";"0    ";"0    ";"0    ";-16.7238080;-47.6436270;SPRF-DF;DEL01-DF;UOP02-DEL01-DF 
610925;"1364798   ";2024-06-29;sábado;22:25:00;GO;"40   ";"90,6 ";CRISTALINA;Sim;Suicídio (presumido);2;Saída de leito carroçável;Com Vítimas Feridas;Plena Noite;Decrescente;Céu Claro;Simples;"Reta;Declive";Não  ;"1093050   ";Ônibus;M.BENZ/BUSSCAR VBUSS DD;"2023      ";Passageiro;Ileso;"61   ";Feminino;"1 ";"0    ";"0    ";"0    ";-16.7238080;-47.6436270;SPRF-DF;DEL01-DF;UOP02-DEL01-DF 
610925;"1364799   ";2024-06-29;sábado;22:25:00;GO;"40   ";"90,6 ";CRISTALINA;Sim;Suicídio (presumido);2;Saída de leito carroçável;Com Vítimas Feridas;Plena Noite;Decrescente;Céu Claro;Simples;"Reta;Declive";Não  ;"1093050   ";Ônibus;M.BENZ/BUSSCAR VBUSS DD;"2023      ";Passageiro;Ileso;"36   ";Masculino;"1 ";"0    ";"0    ";"0    ";-16.7238080;-47.6436270;SPRF-DF;DEL01-DF;UOP02-DEL01-DF 
610925;"1364801   ";2024-06-29;sábado;22:25:00;GO;"40   ";"90,6 ";CRISTALINA;Sim;Suicídio (presumido);2;Saída de leito carroçável;Com Vítimas Feridas;Plena Noite;Decrescente;Céu Claro;Simples;"Reta;Declive";Não  ;"1093050   ";Ônibus;M.BENZ/BUSSCAR VBUSS DD;"2023      ";Passageiro;Ileso;"35   ";Masculino;"1 ";"0    ";"0    ";"0    ";-16.7238080;-47.6436270;SPRF-DF;DEL01-DF;UOP02-DEL01-DF 
610925;"1364802   ";2024-06-29;sábado;22:25:00;GO;"40   ";"90,6 ";CRISTALINA;Sim;Suicídio (presumido);2;Saída de leito carroçável;Com Vítimas Feridas;Plena Noite;Decrescente;Céu Claro;Simples;"Reta;Declive";Não  ;"1093050   ";Ônibus;M.BENZ/BUSSCAR VBUSS DD;"2023      ";Passageiro;Ileso;"31   ";Feminino;"1 ";"0    ";"0    ";"0    ";-16.7238080;-47.6436270;SPRF-DF;DEL01-DF;UOP02-DEL01-DF 
610925;"1364803   ";2024-06-29;sábado;22:25:00;GO;"40   ";"90,6 ";CRISTALINA;Sim;Suicídio (presumido);2;Saída de leito carroçável;Com Vítimas Feridas;Plena Noite;Decrescente;Céu Claro;Simples;"Reta;Declive";Não  ;"1093050   ";Ônibus;M.BENZ/BUSSCAR VBUSS DD;"2023      ";Passageiro;Ileso;"31   ";Masculino;"1 ";"0    ";"0    ";"0    ";-16.7238080;-47.6436270;SPRF-DF;DEL01-DF;UOP02-DEL01-DF 
610925;"1364804   ";2024-06-29;sábado;22:25:00;GO;"40   ";"90,6 ";CRISTALINA;Sim;Suicídio (presumido);2;Saída de leito carroçável;Com Vítimas Feridas;Plena Noite;Decrescente;Céu Claro;Simples;"Reta;Declive";Não  ;"1093050   ";Ônibus;M.BENZ/BUSSCAR VBUSS DD;"2023      ";Passageiro;Ileso;"19   ";Feminino;"1 ";"0    ";"0    ";"0    ";-16.7238080;-47.6436270;SPRF-DF;DEL01-DF;UOP02-DEL01-DF 
610925;"1367326   ";2024-06-29;sábado;22:25:00;GO;"40   ";"90,6 ";CRISTALINA;Sim;Suicídio (presumido);2;Saída de leito carroçável;Com Vítimas Feridas;Plena Noite;Decrescente;Céu Claro;Simples;"Reta;Declive";Não  ;"0         ";"0";NA/NA;"0         ";Testemunha;Não Informado;"0    ";Não Informado;"0 ";"0    ";"0    ";"0    ";-16.7238080;-47.6436270;SPRF-DF;DEL01-DF;UOP02-DEL01-DF 
610925;"1367329   ";2024-06-29;sábado;22:25:00;GO;"40   ";"90,6 ";CRISTALINA;Sim;Suicídio (presumido);2;Saída de leito carroçável;Com Vítimas Feridas;Plena Noite;Decrescente;Céu Claro;Simples;"Reta;Declive";Não  ;"0         ";"0";NA/NA;"0         ";Testemunha;Não Informado;"0    ";Não Informado;"0 ";"0    ";"0    ";"0    ";-16.7238080;-47.6436270;SPRF-DF;DEL01-DF;UOP02-DEL01-DF 
610925;"1364740   ";2024-06-29;sábado;22:25:00;GO;"40   ";"90,6 ";CRISTALINA;Não;Transitar na contramão;1;Colisão lateral sentido oposto;Com Vítimas Feridas;Plena Noite;Decrescente;Céu Claro;Simples;"Reta;Declive";Não  ;"1093049   ";Automóvel;I/NISSAN SENTRA 20S FLEX;"2009      ";Condutor;Lesões Leves;"43   ";Masculino;"0 ";"1    ";"0    ";"0    ";-16.7238080;-47.6436270;SPRF-DF;DEL01-DF;UOP02-DEL01-DF 
610925;"1364741   ";2024-06-29;sábado;22:25:00;GO;"40   ";"90,6 ";CRISTALINA;Não;Transitar na contramão;1;Colisão lateral sentido oposto;Com Vítimas Feridas;Plena Noite;Decrescente;Céu Claro;Simples;"Reta;Declive";Não  ;"1093050   ";Ônibus;M.BENZ/BUSSCAR VBUSS DD;"2023      ";Condutor;Ileso;"49   ";Masculino;"1 ";"0    ";"0    ";"0    ";-16.7238080;-47.6436270;SPRF-DF;DEL01-DF;UOP02-DEL01-DF 
610925;"1364768   ";2024-06-29;sábado;22:25:00;GO;"40   ";"90,6 ";CRISTALINA;Não;Transitar na contramão;1;Colisão lateral sentido oposto;Com Vítimas Feridas;Plena Noite;Decrescente;Céu Claro;Simples;"Reta;Declive";Não  ;"1093050   ";Ônibus;M.BENZ/BUSSCAR VBUSS DD;"2023      ";Passageiro;Ileso;"48   ";Feminino;"1 ";"0    ";"0    ";"0    ";-16.7238080;-47.6436270;SPRF-DF;DEL01-DF;UOP02-DEL01-DF 
610925;"1364769   ";2024-06-29;sábado;22:25:00;GO;"40   ";"90,6 ";CRISTALINA;Não;Transitar na contramão;1;Colisão lateral sentido oposto;Com Vítimas Feridas;Plena Noite;Decrescente;Céu Claro;Simples;"Reta;Declive";Não  ;"1093050   ";Ônibus;M.BENZ/BUSSCAR VBUSS DD;"2023      ";Passageiro;Ileso;"45   ";Masculino;"1 ";"0    ";"0    ";"0    ";-16.7238080;-47.6436270;SPRF-DF;DEL01-DF;UOP02-DEL01-DF 
610925;"1364770   ";2024-06-29;sábado;22:25:00;GO;"40   ";"90,6 ";CRISTALINA;Não;Transitar na contramão;1;Colisão lateral sentido oposto;Com Vítimas Feridas;Plena Noite;Decrescente;Céu Claro;Simples;"Reta;Declive";Não  ;"1093050   ";Ônibus;M.BENZ/BUSSCAR VBUSS DD;"2023      ";Passageiro;Ileso;"23   ";Masculino;"1 ";"0    ";"0    ";"0    ";-16.7238080;-47.6436270;SPRF-DF;DEL01-DF;UOP02-DEL01-DF 
610925;"1364771   ";2024-06-29;sábado;22:25:00;GO;"40   ";"90,6 ";CRISTALINA;Não;Transitar na contramão;1;Colisão lateral sentido oposto;Com Vítimas Feridas;Plena Noite;Decrescente;Céu Claro;Simples;"Reta;Declive";Não  ;"1093050   ";Ônibus;M.BENZ/BUSSCAR VBUSS DD;"2023      ";Passageiro;Ileso;"31   ";Masculino;"1 ";"0    ";"0    ";"0    ";-16.7238080;-47.6436270;SPRF-DF;DEL01-DF;UOP02-DEL01-DF 
610925;"1364772   ";2024-06-29;sábado;22:25:00;GO;"40   ";"90,6 ";CRISTALINA;Não;Transitar na contramão;1;Colisão lateral sentido oposto;Com Vítimas Feridas;Plena Noite;Decrescente;Céu Claro;Simples;"Reta;Declive";Não  ;"1093050   ";Ônibus;M.BENZ/BUSSCAR VBUSS DD;"2023      ";Passageiro;Ileso;"3    ";Masculino;"1 ";"0    ";"0    ";"0    ";-16.7238080;-47.6436270;SPRF-DF;DEL01-DF;UOP02-DEL01-DF 
610925;"1364773   ";2024-06-29;sábado;22:25:00;GO;"40   ";"90,6 ";CRISTALINA;Não;Transitar na contramão;1;Colisão lateral sentido oposto;Com Vítimas Feridas;Plena Noite;Decrescente;Céu Claro;Simples;"Reta;Declive";Não  ;"1093050   ";Ônibus;M.BENZ/BUSSCAR VBUSS DD;"2023      ";Passageiro;Ileso;"44   ";Masculino;"1 ";"0    ";"0    ";"0    ";-16.7238080;-47.6436270;SPRF-DF;DEL01-DF;UOP02-DEL01-DF 
610925;"1364777   ";2024-06-29;sábado;22:25:00;GO;"40   ";"90,6 ";CRISTALINA;Não;Transitar na contramão;1;Colisão lateral sentido oposto;Com Vítimas Feridas;Plena Noite;Decrescente;Céu Claro;Simples;"Reta;Declive";Não  ;"1093050   ";Ônibus;M.BENZ/BUSSCAR VBUSS DD;"2023      ";Passageiro;Ileso;"64   ";Masculino;"1 ";"0    ";"0    ";"0    ";-16.7238080;-47.6436270;SPRF-DF;DEL01-DF;UOP02-DEL01-DF 
610925;"1364779   ";2024-06-29;sábado;22:25:00;GO;"40   ";"90,6 ";CRISTALINA;Não;Transitar na contramão;1;Colisão lateral sentido oposto;Com Vítimas Feridas;Plena Noite;Decrescente;Céu Claro;Simples;"Reta;Declive";Não  ;"1093050   ";Ônibus;M.BENZ/BUSSCAR VBUSS DD;"2023      ";Passageiro;Ileso;"60   ";Feminino;"1 ";"0    ";"0    ";"0    ";-16.7238080;-47.6436270;SPRF-DF;DEL01-DF;UOP02-DEL01-DF 
610925;"1364781   ";2024-06-29;sábado;22:25:00;GO;"40   ";"90,6 ";CRISTALINA;Não;Transitar na contramão;1;Colisão lateral sentido oposto;Com Vítimas Feridas;Plena Noite;Decrescente;Céu Claro;Simples;"Reta;Declive";Não  ;"1093050   ";Ônibus;M.BENZ/BUSSCAR VBUSS DD;"2023      ";Passageiro;Ileso;"18   ";Masculino;"1 ";"0    ";"0    ";"0    ";-16.7238080;-47.6436270;SPRF-DF;DEL01-DF;UOP02-DEL01-DF 
610925;"1364784   ";2024-06-29;sábado;22:25:00;GO;"40   ";"90,6 ";CRISTALINA;Não;Transitar na contramão;1;Colisão lateral sentido oposto;Com Vítimas Feridas;Plena Noite;Decrescente;Céu Claro;Simples;"Reta;Declive";Não  ;"1093050   ";Ônibus;M.BENZ/BUSSCAR VBUSS DD;"2023      ";Passageiro;Ileso;"34   ";Masculino;"1 ";"0    ";"0    ";"0    ";-16.7238080;-47.6436270;SPRF-DF;DEL01-DF;UOP02-DEL01-DF 
610925;"1364787   ";2024-06-29;sábado;22:25:00;GO;"40   ";"90,6 ";CRISTALINA;Não;Transitar na contramão;1;Colisão lateral sentido oposto;Com Vítimas Feridas;Plena Noite;Decrescente;Céu Claro;Simples;"Reta;Declive";Não  ;"1093050   ";Ônibus;M.BENZ/BUSSCAR VBUSS DD;"2023      ";Passageiro;Ileso;"2    ";Feminino;"1 ";"0    ";"0    ";"0    ";-16.7238080;-47.6436270;SPRF-DF;DEL01-DF;UOP02-DEL01-DF 
610925;"1364788   ";2024-06-29;sábado;22:25:00;GO;"40   ";"90,6 ";CRISTALINA;Não;Transitar na contramão;1;Colisão lateral sentido oposto;Com Vítimas Feridas;Plena Noite;Decrescente;Céu Claro;Simples;"Reta;Declive";Não  ;"1093050   ";Ônibus;M.BENZ/BUSSCAR VBUSS DD;"2023      ";Passageiro;Ileso;"34   ";Feminino;"1 ";"0    ";"0    ";"0    ";-16.7238080;-47.6436270;SPRF-DF;DEL01-DF;UOP02-DEL01-DF 
610925;"1364789   ";2024-06-29;sábado;22:25:00;GO;"40   ";"90,6 ";CRISTALINA;Não;Transitar na contramão;1;Colisão lateral sentido oposto;Com Vítimas Feridas;Plena Noite;Decrescente;Céu Claro;Simples;"Reta;Declive";Não  ;"1093050   ";Ônibus;M.BENZ/BUSSCAR VBUSS DD;"2023      ";Passageiro;Ileso;"44   ";Feminino;"1 ";"0    ";"0    ";"0    ";-16.7238080;-47.6436270;SPRF-DF;DEL01-DF;UOP02-DEL01-DF 
610925;"1364791   ";2024-06-29;sábado;22:25:00;GO;"40   ";"90,6 ";CRISTALINA;Não;Transitar na contramão;1;Colisão lateral sentido oposto;Com Vítimas Feridas;Plena Noite;Decrescente;Céu Claro;Simples;"Reta;Declive";Não  ;"1093050   ";Ônibus;M.BENZ/BUSSCAR VBUSS DD;"2023      ";Passageiro;Ileso;"30   ";Masculino;"1 ";"0    ";"0    ";"0    ";-16.7238080;-47.6436270;SPRF-DF;DEL01-DF;UOP02-DEL01-DF 
610925;"1364792   ";2024-06-29;sábado;22:25:00;GO;"40   ";"90,6 ";CRISTALINA;Não;Transitar na contramão;1;Colisão lateral sentido oposto;Com Vítimas Feridas;Plena Noite;Decrescente;Céu Claro;Simples;"Reta;Declive";Não  ;"1093050   ";Ônibus;M.BENZ/BUSSCAR VBUSS DD;"2023      ";Passageiro;Ileso;"41   ";Masculino;"1 ";"0    ";"0    ";"0    ";-16.7238080;-47.6436270;SPRF-DF;DEL01-DF;UOP02-DEL01-DF 
610925;"1364793   ";2024-06-29;sábado;22:25:00;GO;"40   ";"90,6 ";CRISTALINA;Não;Transitar na contramão;1;Colisão lateral sentido oposto;Com Vítimas Feridas;Plena Noite;Decrescente;Céu Claro;Simples;"Reta;Declive";Não  ;"1093050   ";Ônibus;M.BENZ/BUSSCAR VBUSS DD;"2023      ";Passageiro;Ileso;"29   ";Masculino;"1 ";"0    ";"0    ";"0    ";-16.7238080;-47.6436270;SPRF-DF;DEL01-DF;UOP02-DEL01-DF 
610925;"1364797   ";2024-06-29;sábado;22:25:00;GO;"40   ";"90,6 ";CRISTALINA;Não;Transitar na contramão;1;Colisão lateral sentido oposto;Com Vítimas Feridas;Plena Noite;Decrescente;Céu Claro;Simples;"Reta;Declive";Não  ;"1093050   ";Ônibus;M.BENZ/BUSSCAR VBUSS DD;"2023      ";Passageiro;Ileso;"54   ";Masculino;"1 ";"0    ";"0    ";"0    ";-16.7238080;-47.6436270;SPRF-DF;DEL01-DF;UOP02-DEL01-DF 
610925;"1364798   ";2024-06-29;sábado;22:25:00;GO;"40   ";"90,6 ";CRISTALINA;Não;Transitar na contramão;1;Colisão lateral sentido oposto;Com Vítimas Feridas;Plena Noite;Decrescente;Céu Claro;Simples;"Reta;Declive";Não  ;"1093050   ";Ônibus;M.BENZ/BUSSCAR VBUSS DD;"2023      ";Passageiro;Ileso;"61   ";Feminino;"1 ";"0    ";"0    ";"0    ";-16.7238080;-47.6436270;SPRF-DF;DEL01-DF;UOP02-DEL01-DF 
610925;"1364799   ";2024-06-29;sábado;22:25:00;GO;"40   ";"90,6 ";CRISTALINA;Não;Transitar na contramão;1;Colisão lateral sentido oposto;Com Vítimas Feridas;Plena Noite;Decrescente;Céu Claro;Simples;"Reta;Declive";Não  ;"1093050   ";Ônibus;M.BENZ/BUSSCAR VBUSS DD;"2023      ";Passageiro;Ileso;"36   ";Masculino;"1 ";"0    ";"0    ";"0    ";-16.7238080;-47.6436270;SPRF-DF;DEL01-DF;UOP02-DEL01-DF 
610925;"1364801   ";2024-06-29;sábado;22:25:00;GO;"40   ";"90,6 ";CRISTALINA;Não;Transitar na contramão;1;Colisão lateral sentido oposto;Com Vítimas Feridas;Plena Noite;Decrescente;Céu Claro;Simples;"Reta;Declive";Não  ;"1093050   ";Ônibus;M.BENZ/BUSSCAR VBUSS DD;"2023      ";Passageiro;Ileso;"35   ";Masculino;"1 ";"0    ";"0    ";"0    ";-16.7238080;-47.6436270;SPRF-DF;DEL01-DF;UOP02-DEL01-DF 
610925;"1364802   ";2024-06-29;sábado;22:25:00;GO;"40   ";"90,6 ";CRISTALINA;Não;Transitar na contramão;1;Colisão lateral sentido oposto;Com Vítimas Feridas;Plena Noite;Decrescente;Céu Claro;Simples;"Reta;Declive";Não  ;"1093050   ";Ônibus;M.BENZ/BUSSCAR VBUSS DD;"2023      ";Passageiro;Ileso;"31   ";Feminino;"1 ";"0    ";"0    ";"0    ";-16.7238080;-47.6436270;SPRF-DF;DEL01-DF;UOP02-DEL01-DF 