id;pesid;data_inversa;dia_semana;horario;uf;br;km;municipio;causa_principal;causa_acidente;ordem_tipo_acidente;tipo_acidente;classificacao_acidente;fase_dia;sentido_via;condicao_metereologica;tipo_pista;tracado_via;uso_solo;id_veiculo;tipo_veiculo;marca;ano_fabricacao_veiculo;tipo_envolvido;estado_fisico;idade;sexo;ilesos;feridos_leves;feridos_graves;mortos;latitude;longitude;regional;delegacia;uop
610925;"1364803   ";2024-06-29;sábado;22:25:00;GO;"40   ";"90,6 ";CRISTALINA;Não;Transitar na contramão;1;Colisão lateral sentido oposto;Com Vítimas Feridas;Plena Noite;Decrescente;Céu Claro;Simples;"Reta;Declive";Não  ;"1093050   ";Ônibus;M.BENZ/BUSSCAR VBUSS DD;"2023      ";Passageiro;Ileso;"31   ";Masculino;"1 ";"0    ";"0    ";"0    ";-16.7238080;-47.6436270;SPRF-DF;DEL01-DF;UOP02-DEL01-DF 
610925;"1364804   ";2024-06-29;sábado;22:25:00;GO;"40   ";"90,6 ";CRISTALINA;Não;Transitar na contramão;1;Colisão lateral sentido oposto;Com Vítimas Feridas;Plena Noite;Decrescente;Céu Claro;Simples;"Reta;Declive";Não  ;"1093050   ";Ônibus;M.BENZ/BUSSCAR VBUSS DD;"2023      ";Passageiro;Ileso;"19   ";Feminino;"1 ";"0    ";"0    ";"0    ";-16.7238080;-47.6436270;SPRF-DF;DEL01-DF;UOP02-DEL01-DF 
610925;"1367326   ";2024-06-29;sábado;22:25:00;GO;"40   ";"90,6 ";CRISTALINA;Não;Transitar na contramão;1;Colisão lateral sentido oposto;Com Vítimas Feridas;Plena Noite;Decrescente;Céu Claro;Simples;"Reta;Declive";Não  ;"0         ";"0";NA/NA;"0         ";Testemunha;Não Informado;"0    ";Não Informado;"0 ";"0    ";"0    ";"0    ";-16.7238080;-47.6436270;SPRF-DF;DEL01-DF;UOP02-DEL01-DF 
610925;"1367329   ";2024-06-29;sábado;22:25:00;GO;"40   ";"90,6 ";CRISTALINA;Não;Transitar na contramão;1;Colisão lateral sentido oposto;Com Vítimas Feridas;Plena Noite;Decrescente;Céu Claro;Simples;"Reta;Declive";Não  ;"0         ";"0";NA/NA;"0         ";Testemunha;Não Informado;"0    ";Não Informado;"0 ";"0    ";"0    ";"0    ";-16.7238080;-47.6436270;SPRF-DF;DEL01-DF;UOP02-DEL01-DF 
610925;"1364740   ";2024-06-29;sábado;22:25:00;GO;"40   ";"90,6 ";CRISTALINA;Sim;Suicídio (presumido);1;Colisão lateral sentido oposto;Com Vítimas Feridas;Plena Noite;Decrescente;Céu Claro;Simples;"Reta;Declive";Não  ;"1093049   ";Automóvel;I/NISSAN SENTRA 20S FLEX;"2009      ";Condutor;Lesões Leves;"43   ";Masculino;"0 ";"1    ";"0    ";"0    ";-16.7238080;-47.6436270;SPRF-DF;DEL01-DF;UOP02-DEL01-DF 
610925;"1364741   ";2024-06-29;sábado;22:25:00;GO;"40   ";"90,6 ";CRISTALINA;Sim;Suicídio (presumido);1;Colisão lateral sentido oposto;Com Vítimas Feridas;Plena Noite;Decrescente;Céu Claro;Simples;"Reta;Declive";Não  ;"1093050   ";Ônibus;M.BENZ/BUSSCAR VBUSS DD;"2023      ";Condutor;Ileso;"49   ";Masculino;"1 ";"0    ";"0    ";"0    ";-16.7238080;-47.6436270;SPRF-DF;DEL01-DF;UOP02-DEL01-DF 
610925;"1364768   ";2024-06-29;sábado;22:25:00;GO;"40   ";"90,6 ";CRISTALINA;Sim;Suicídio (presumido);1;Colisão lateral sentido oposto;Com Vítimas Feridas;Plena Noite;Decrescente;Céu Claro;Simples;"Reta;Declive";Não  ;"1093050   ";Ônibus;M.BENZ/BUSSCAR VBUSS DD;"2023      ";Passageiro;Ileso;"48   ";Feminino;"1 ";"0    ";"0    ";"0    ";-16.7238080;-47.6436270;SPRF-DF;DEL01-DF;UOP02-DEL01-DF 
610925;"1364769   ";2024-06-29;sábado;22:25:00;GO;"40   ";"90,6 ";CRISTALINA;Sim;Suicídio (presumido);1;Colisão lateral sentido oposto;Com Vítimas Feridas;Plena Noite;Decrescente;Céu Claro;Simples;"Reta;Declive";Não  ;"1093050   ";Ônibus;M.BENZ/BUSSCAR VBUSS DD;"2023      ";Passageiro;Ileso;"45   ";Masculino;"1 ";"0    ";"0    ";"0    ";-16.7238080;-47.6436270;SPRF-DF;DEL01-DF;UOP02-DEL01-DF 
610925;"1364770   ";2024-06-29;sábado;22:25:00;GO;"40   ";"90,6 ";CRISTALINA;Sim;Suicídio (presumido);1;Colisão lateral sentido oposto;Com Vítimas Feridas;Plena Noite;Decrescente;Céu Claro;Simples;"Reta;Declive";Não  ;"1093050   ";Ônibus;M.BENZ/BUSSCAR VBUSS DD;"2023      ";Passageiro;Ileso;"23   ";Masculino;"1 ";"0    ";"0    ";"0    ";-16.7238080;-47.6436270;SPRF-DF;DEL01-DF;UOP02-DEL01-DF 
610925;"1364771   ";2024-06-29;sábado;22:25:00;GO;"40   ";"90,6 ";CRISTALINA;Sim;Suicídio (presumido);1;Colisão lateral sentido oposto;Com Vítimas Feridas;Plena Noite;Decrescente;Céu Claro;Simples;"Reta;Declive";Não  ;"1093050   ";Ônibus;M.BENZ/BUSSCAR VBUSS DD;"2023      ";Passageiro;Ileso;"31   ";Masculino;"1 ";"0    ";"0    ";"0    ";-16.7238080;-47.6436270;SPRF-DF;DEL01-DF;UOP02-DEL01-DF 
610925;"1364772   ";2024-06-29;sábado;22:25:00;GO;"40   ";"90,6 ";CRISTALINA;Sim;Suicídio (presumido);1;Colisão lateral sentido oposto;Com Vítimas Feridas;Plena Noite;Decrescente;Céu Claro;Simples;"Reta;Declive";Não  ;"1093050   ";Ônibus;M.BENZ/BUSSCAR VBUSS DD;"2023      ";Passageiro;Ileso;"3    ";Masculino;"1 ";"0    ";"0    ";"0    ";-16.7238080;-47.6436270;SPRF-DF;DEL01-DF;UOP02-DEL01-DF 
610925;"1364773   ";2024-06-29;sábado;22:25:00;GO;"40   ";"90,6 ";CRISTALINA;Sim;Suicídio (presumido);1;Colisão lateral sentido oposto;Com Vítimas Feridas;Plena Noite;Decrescente;Céu Claro;Simples;"Reta;Declive";Não  ;"1093050   ";Ônibus;M.BENZ/BUSSCAR VBUSS DD;"2023      ";Passageiro;Ileso;"44   ";Masculino;"1 ";"0    ";"0    ";"0    ";-16.7238080;-47.6436270;SPRF-DF;DEL01-DF;UOP02-DEL01-DF 
610925;"1364777   ";2024-06-29;sábado;22:25:00;GO;"40   ";"90,6 ";CRISTALINA;Sim;Suicídio (presumido);1;Colisão lateral sentido oposto;Com Vítimas Feridas;Plena Noite;Decrescente;Céu Claro;Simples;"Reta;Declive";Não  ;"1093050   ";Ônibus;M.BENZ/BUSSCAR VBUSS DD;"2023      ";Passageiro;Ileso;"64   ";Masculino;"1 ";"0    ";"0    ";"0    ";-16.7238080;-47.6436270;SPRF-DF;DEL01-DF;UOP02-DEL01-DF 
610925;"1364779   ";2024-06-29;sábado;22:25:00;GO;"40   ";"90,6 ";CRISTALINA;Sim;Suicídio (presumido);1;Colisão lateral sentido oposto;Com Vítimas Feridas;Plena Noite;Decrescente;Céu Claro;Simples;"Reta;Declive";Não  ;"1093050   ";Ônibus;M.BENZ/BUSSCAR VBUSS DD;"2023      ";Passageiro;Ileso;"60   ";Feminino;"1 ";"0    ";"0    ";"0    ";-16.7238080;-47.6436270;SPRF-DF;DEL01-DF;UOP02-DEL01-DF 
610925;"1364781   ";2024-06-29;sábado;22:25:00;GO;"40   ";"90,6 ";CRISTALINA;Sim;Suicídio (presumido);1;Colisão lateral sentido oposto;Com Vítimas Feridas;Plena Noite;Decrescente;Céu Claro;Simples;"Reta;Declive";Não  ;"1093050   ";Ônibus;M.BENZ/BUSSCAR VBUSS DD;"2023      ";Passageiro;Ileso;"18   ";Masculino;"1 ";"0    ";"0    ";"0    ";-16.7238080;-47.6436270;SPRF-DF;DEL01-DF;UOP02-DEL01-DF 
610925;"1364784   ";2024-06-29;sábado;22:25:00;GO;"40   ";"90,6 ";CRISTALINA;Sim;Suicídio (presumido);1;Colisão lateral sentido oposto;Com Vítimas Feridas;Plena Noite;Decrescente;Céu Claro;Simples;"Reta;Declive";Não  ;"1093050   ";Ônibus;M.BENZ/BUSSCAR VBUSS DD;"2023      ";Passageiro;Ileso;"34   ";Masculino;"1 ";"0    ";"0    ";"0    ";-16.7238080;-47.6436270;SPRF-DF;DEL01-DF;UOP02-DEL01-DF 
610925;"1364787   ";2024-06-29;sábado;22:25:00;GO;"40   ";"90,6 ";CRISTALINA;Sim;Suicídio (presumido);1;Colisão lateral sentido oposto;Com Vítimas Feridas;Plena Noite;Decrescente;Céu Claro;Simples;"Reta;Declive";Não  ;"1093050   ";Ônibus;M.BENZ/BUSSCAR VBUSS DD;"2023      ";Passageiro;Ileso;"2    ";Feminino;"1 ";"0    ";"0    ";"0    ";-16.7238080;-47.6436270;SPRF-DF;DEL01-DF;UOP02-DEL01-DF 
610925;"1364788   ";2024-06-29;sábado;22:25:00;GO;"40   ";"90,6 ";CRISTALINA;Sim;Suicídio (presumido);1;Colisão lateral sentido oposto;Com Vítimas Feridas;Plena Noite;Decrescente;Céu Claro;Simples;"Reta;Declive";Não  ;"1093050   ";Ônibus;M.BENZ/BUSSCAR VBUSS DD;"2023      ";Passageiro;Ileso;"34   ";Feminino;"1 ";"0    ";"0    ";"0    ";-16.7238080;-47.6436270;SPRF-DF;DEL01-DF;UOP02-DEL01-DF 
610925;"1364789   ";2024-06-29;sábado;22:25:00;GO;"40   ";"90,6 ";CRISTALINA;Sim;Suicídio (presumido);1;Colisão lateral sentido oposto;Com Vítimas Feridas;Plena Noite;Decrescente;Céu Claro;Simples;"Reta;Declive";Não  ;"1093050   ";Ônibus;M.BENZ/BUSSCAR VBUSS DD;"2023      ";Passageiro;Ileso;"44   ";Feminino;"1 ";"0    ";"0    ";"0    ";-16.7238080;-47.6436270;SPRF-DF;DEL01-DF;UOP02-DEL01-DF 
610925;"1364791   ";2024-06-29;sábado;22:25:00;GO;"40   ";"90,6 ";CRISTALINA;Sim;Suicídio (presumido);1;Colisão lateral sentido oposto;Com Vítimas Feridas;Plena Noite;Decrescente;Céu Claro;Simples;"Reta;Declive";Não  ;"1093050   ";Ônibus;M.BENZ/BUSSCAR VBUSS DD;"2023      ";Passageiro;Ileso;"30   ";Masculino;"1 ";"0    ";"0    ";"0    ";-16.7238080;-47.6436270;SPRF-DF;DEL01-DF;UOP02-DEL01-DF 
610925;"1364792   ";2024-06-29;sábado;22:25:00;GO;"40   ";"90,6 ";CRISTALINA;Sim;Suicídio (presumido);1;Colisão lateral sentido oposto;Com Vítimas Feridas;Plena Noite;Decrescente;Céu Claro;Simples;"Reta;Declive";Não  ;"1093050   ";Ônibus;M.BENZ/BUSSCAR VBUSS DD;"2023      ";Passageiro;Ileso;"41   ";Masculino;"1 ";"0    ";"0    ";"0    ";-16.7238080;-47.6436270;SPRF-DF;DEL01-DF;UOP02-DEL01-DF 
610925;"1364793   ";2024-06-29;sábado;22:25:00;GO;"40   ";"90,6 ";CRISTALINA;Sim;Suicídio (presumido);1;Colisão lateral sentido oposto;Com Vítimas Feridas;Plena Noite;Decrescente;Céu Claro;Simples;"Reta;Declive";Não  ;"1093050   ";Ônibus;M.BENZ/BUSSCAR VBUSS DD;"2023      ";Passageiro;Ileso;"29   ";Masculino;"1 ";"0    ";"0    ";"0    ";-16.7238080;-47.6436270;SPRF-DF;DEL01-DF;UOP02-DEL01-DF 
610925;"1364797   ";2024-06-29;sábado;22:25:00;GO;"40   ";"90,6 ";CRISTALINA;Sim;Suicídio (presumido);1;Colisão lateral sentido oposto;Com Vítimas Feridas;Plena Noite;Decrescente;Céu Claro;Simples;"Reta;Declive";Não  ;"1093050   ";Ônibus;M.BENZ/BUSSCAR VBUSS DD;"2023      ";Passageiro;Ileso;"54   ";Masculino;"1 ";"0    ";"0    ";"0    ";-16.7238080;-47.6436270;SPRF-DF;DEL01-DF;UOP02-DEL01-DF 
610925;"1364798   ";2024-06-29;sábado;22:25:00;GO;"40   ";"90,6 ";CRISTALINA;Sim;Suicídio (presumido);1;Colisão lateral sentido oposto;Com Vítimas Feridas;Plena Noite;Decrescente;Céu Claro;Simples;"Reta;Declive";Não  ;"1093050   ";Ônibus;M.BENZ/BUSSCAR VBUSS DD;"2023      ";Passageiro;Ileso;"61   ";Feminino;"1 ";"0    ";"0    ";"0    ";-16.7238080;-47.6436270;SPRF-DF;DEL01-DF;UOP02-DEL01-DF 
610925;"1364799   ";2024-06-29;sábado;22:25:00;GO;"40   ";"90,6 ";CRISTALINA;Sim;Suicídio (presumido);1;Colisão lateral sentido oposto;Com Vítimas Feridas;Plena Noite;Decrescente;Céu Claro;Simples;"Reta;Declive";Não  ;"1093050   ";Ônibus;M.BENZ/BUSSCAR VBUSS DD;"2023      ";Passageiro;Ileso;"36   ";Masculino;"1 ";"0    ";"0    ";"0    ";-16.7238080;-47.6436270;SPRF-DF;DEL01-DF;UOP02-DEL01-DF 
610925;"1364801   ";2024-06-29;sábado;22:25:00;GO;"40   ";"90,6 ";CRISTALINA;Sim;Suicídio (presumido);1;Colisão lateral sentido oposto;Com Vítimas Feridas;Plena Noite;Decrescente;Céu Claro;Simples;"Reta;Declive";Não  ;"1093050   ";Ônibus;M.BENZ/BUSSCAR VBUSS DD;"2023      ";Passageiro;Ileso;"35   ";Masculino;"1 ";"0    ";"0    ";"0    ";-16.7238080;-47.6436270;SPRF-DF;DEL01-DF;UOP02-DEL01-DF 
610925;"1364802   ";2024-06-29;sábado;22:25:00;GO;"40   ";"90,6 ";CRISTALINA;Sim;Suicídio (presumido);1;Colisão lateral sentido oposto;Com Vítimas Feridas;Plena Noite;Decrescente;Céu Claro;Simples;"Reta;Declive";Não  ;"1093050   ";Ônibus;M.BENZ/BUSSCAR VBUSS DD;"2023      ";Passageiro;Ileso;"31   ";Feminino;"1 ";"0    ";"0    ";"0    ";-16.7238080;-47.6436270;SPRF-DF;DEL01-DF;UOP02-DEL01-DF 
610925;"1364803   ";2024-06-29;sábado;22:25:00;GO;"40   ";"90,6 ";CRISTALINA;Sim;Suicídio (presumido);1;Colisão lateral sentido oposto;Com Vítimas Feridas;Plena Noite;Decrescente;Céu Claro;Simples;"Reta;Declive";Não  ;"1093050   ";Ônibus;M.BENZ/BUSSCAR VBUSS DD;"2023      ";Passageiro;Ileso;"31   ";Masculino;"1 ";"0    ";"0    ";"0    ";-16.7238080;-47.6436270;SPRF-DF;DEL01-DF;UOP02-DEL01-DF 
610925;"1364804   ";2024-06-29;sábado;22:25:00;GO;"40   ";"90,6 ";CRISTALINA;Sim;Suicídio (presumido);1;Colisão lateral sentido oposto;Com Vítimas Feridas;Plena Noite;Decrescente;Céu Claro;Simples;"Reta;Declive";Não  ;"1093050   ";Ônibus;M.BENZ/BUSSCAR VBUSS DD;"2023      ";Passageiro;Ileso;"19   ";Feminino;"1 ";"0    ";"0    ";"0    ";-16.7238080;-47.6436270;SPRF-DF;DEL01-DF;UOP02-DEL01-DF 
610925;"1367326   ";2024-06-29;sábado;22:25:00;GO;"40   ";"90,6 ";CRISTALINA;Sim;Suicídio (presumido);1;Colisão lateral sentido oposto;Com Vítimas Feridas;Plena Noite;Decrescente;Céu Claro;Simples;"Reta;Declive";Não  ;"0         ";"0";NA/NA;"0         ";Testemunha;Não Informado;"0    ";Não Informado;"0 ";"0    ";"0    ";"0    ";-16.7238080;-47.6436270;SPRF-DF;DEL01-DF;UOP02-DEL01-DF 
610925;"1367329   ";2024-06-29;sábado;22:25:00;GO;"40   ";"90,6 ";CRISTALINA;Sim;Suicídio (presumido);1;Colisão lateral sentido oposto;Com Vítimas Feridas;Plena Noite;Decrescente;Céu Claro;Simples;"Reta;Declive";Não  ;"0         ";"0";NA/NA;"0         ";Testemunha;Não Informado;"0    ";Não Informado;"0 ";"0    ";"0    ";"0    ";-16.7238080;-47.6436270;SPRF-DF;DEL01-DF;UOP02-DEL01-DF 
610990;"1364931   ";2024-06-30;domingo;07:08:00;GO;"20   ";"22   ";FORMOSA;Sim;Condutor deixou de manter distância do veículo da frente;1;Colisão traseira;Sem Vítimas;Anoitecer;Crescente;Céu Claro;Simples;"Aclive;Reta";Não  ;"1093186   ";Automóvel;CHEV/ONIX PLUS 10TAT LTZ;"2023      ";Condutor;Ileso;"38   ";Masculino;"1 ";"0    ";"0    ";"0    ";-15.5456560;-47.1605000;SPRF-DF;DEL02-DF;UOP02-DEL02-DF 
610990;"1364929   ";2024-06-30;domingo;07:08:00;GO;"20   ";"22   ";FORMOSA;Sim;Condutor deixou de manter distância do veículo da frente;1;Colisão traseira;Sem Vítimas;Anoitecer;Crescente;Céu Claro;Simples;"Aclive;Reta";Não  ;"1093187   ";Caminhão;VW/23.250 E;"2004      ";Condutor;Ileso;"23   ";Masculino;"1 ";"0    ";"0    ";"0    ";-15.5456560;-47.1605000;SPRF-DF;DEL02-DF;UOP02-DEL02-DF 
611000;"1365151   ";2024-06-30;domingo;07:00:00;GO;"80   ";"36,6 ";PADRE BERNARDO;Não;Condutor Dormindo;4;Queda de ocupante de veículo;Com Vítimas Fatais;Pleno dia;Decrescente;Céu Claro;Simples;Retorno Regulamentado;Não  ;"1093369   ";Motocicleta;HONDA/CG 160 FAN;"2023      ";Condutor;Óbito;"21   ";Masculino;"0 ";"0    ";"0    ";"1    ";-15.2542370;-48.2674030;SPRF-DF;DEL03-DF;UOP02-DEL03-DF 
611000;"1365151   ";2024-06-30;domingo;07:00:00;GO;"80   ";"36,6 ";PADRE BERNARDO;Não;Velocidade Incompatível;4;Queda de ocupante de veículo;Com Vítimas Fatais;Pleno dia;Decrescente;Céu Claro;Simples;Retorno Regulamentado;Não  ;"1093369   ";Motocicleta;HONDA/CG 160 FAN;"2023      ";Condutor;Óbito;"21   ";Masculino;"0 ";"0    ";"0    ";"1    ";-15.2542370;-48.2674030;SPRF-DF;DEL03-DF;UOP02-DEL03-DF 
611000;"1365151   ";2024-06-30;domingo;07:00:00;GO;"80   ";"36,6 ";PADRE BERNARDO;Sim;Ausência de reação do condutor;4;Queda de ocupante de veículo;Com Vítimas Fatais;Pleno dia;Decrescente;Céu Claro;Simples;Retorno Regulamentado;Não  ;"1093369   ";Motocicleta;HONDA/CG 160 FAN;"2023      ";Condutor;Óbito;"21   ";Masculino;"0 ";"0    ";"0    ";"1    ";-15.2542370;-48.2674030;SPRF-DF;DEL03-DF;UOP02-DEL03-DF 
611000;"1365151   ";2024-06-30;domingo;07:00:00;GO;"80   ";"36,6 ";PADRE BERNARDO;Não;Condutor Dormindo;3;Tombamento;Com Vítimas Fatais;Pleno dia;Decrescente;Céu Claro;Simples;Retorno Regulamentado;Não  ;"1093369   ";Motocicleta;HONDA/CG 160 FAN;"2023      ";Condutor;Óbito;"21   ";Masculino;"0 ";"0    ";"0    ";"1    ";-15.2542370;-48.2674030;SPRF-DF;DEL03-DF;UOP02-DEL03-DF 
611000;"1365151   ";2024-06-30;domingo;07:00:00;GO;"80   ";"36,6 ";PADRE BERNARDO;Não;Velocidade Incompatível;3;Tombamento;Com Vítimas Fatais;Pleno dia;Decrescente;Céu Claro;Simples;Retorno Regulamentado;Não  ;"1093369   ";Motocicleta;HONDA/CG 160 FAN;"2023      ";Condutor;Óbito;"21   ";Masculino;"0 ";"0    ";"0    ";"1    ";-15.2542370;-48.2674030;SPRF-DF;DEL03-DF;UOP02-DEL03-DF 
611000;"1365151   ";2024-06-30;domingo;07:00:00;GO;"80   ";"36,6 ";PADRE BERNARDO;Sim;Ausência de reação do condutor;3;Tombamento;Com Vítimas Fatais;Pleno dia;Decrescente;Céu Claro;Simples;Retorno Regulamentado;Não  ;"1093369   ";Motocicleta;HONDA/CG 160 FAN;"2023      ";Condutor;Óbito;"21   ";Masculino;"0 ";"0    ";"0    ";"1    ";-15.2542370;-48.2674030;SPRF-DF;DEL03-DF;UOP02-DEL03-DF 
611000;"1365151   ";2024-06-30;domingo;07:00:00;GO;"80   ";"36,6 ";PADRE BERNARDO;Não;Condutor Dormindo;2;Colisão com objeto;Com Vítimas Fatais;Pleno dia;Decrescente;Céu Claro;Simples;Retorno Regulamentado;Não  ;"1093369   ";Motocicleta;HONDA/CG 160 FAN;"2023      ";Condutor;Óbito;"21   ";Masculino;"0 ";"0    ";"0    ";"1    ";-15.2542370;-48.2674030;SPRF-DF;DEL03-DF;UOP02-DEL03-DF 
611000;"1365151   ";2024-06-30;domingo;07:00:00;GO;"80   ";"36,6 ";PADRE BERNARDO;Não;Velocidade Incompatível;2;Colisão com objeto;Com Vítimas Fatais;Pleno dia;Decrescente;Céu Claro;Simples;Retorno Regulamentado;Não  ;"1093369   ";Motocicleta;HONDA/CG 160 FAN;"2023      ";Condutor;Óbito;"21   ";Masculino;"0 ";"0    ";"0    ";"1    ";-15.2542370;-48.2674030;SPRF-DF;DEL03-DF;UOP02-DEL03-DF 
611000;"1365151   ";2024-06-30;domingo;07:00:00;GO;"80   ";"36,6 ";PADRE BERNARDO;Sim;Ausência de reação do condutor;2;Colisão com objeto;Com Vítimas Fatais;Pleno dia;Decrescente;Céu Claro;Simples;Retorno Regulamentado;Não  ;"1093369   ";Motocicleta;HONDA/CG 160 FAN;"2023      ";Condutor;Óbito;"21   ";Masculino;"0 ";"0    ";"0    ";"1    ";-15.2542370;-48.2674030;SPRF-DF;DEL03-DF;UOP02-DEL03-DF 
611000;"1365151   ";2024-06-30;domingo;07:00:00;GO;"80   ";"36,6 ";PADRE BERNARDO;Não;Condutor Dormindo;1;Saída de leito carroçável;Com Vítimas Fatais;Pleno dia;Decrescente;Céu Claro;Simples;Retorno Regulamentado;Não  ;"1093369   ";Motocicleta;HONDA/CG 160 FAN;"2023      ";Condutor;Óbito;"21   ";Masculino;"0 ";"0    ";"0    ";"1    ";-15.2542370;-48.2674030;SPRF-DF;DEL03-DF;UOP02-DEL03-DF 
611000;"1365151   ";2024-06-30;domingo;07:00:00;GO;"80   ";"36,6 ";PADRE BERNARDO;Não;Velocidade Incompatível;1;Saída de leito carroçável;Com Vítimas Fatais;Pleno dia;Decrescente;Céu Claro;Simples;Retorno Regulamentado;Não  ;"1093369   ";Motocicleta;HONDA/CG 160 FAN;"2023      ";Condutor;Óbito;"21   ";Masculino;"0 ";"0    ";"0    ";"1    ";-15.2542370;-48.2674030;SPRF-DF;DEL03-DF;UOP02-DEL03-DF 
611000;"1365151   ";2024-06-30;domingo;07:00:00;GO;"80   ";"36,6 ";PADRE BERNARDO;Sim;Ausência de reação do condutor;1;Saída de leito carroçável;Com Vítimas Fatais;Pleno dia;Decrescente;Céu Claro;Simples;Retorno Regulamentado;Não  ;"1093369   ";Motocicleta;HONDA/CG 160 FAN;"2023      ";Condutor;Óbito;"21   ";Masculino;"0 ";"0    ";"0    ";"1    ";-15.2542370;-48.2674030;SPRF-DF;DEL03-DF;UOP02-DEL03-DF 
611014;"0         ";2024-06-30;domingo;07:05:00;GO;"40   ";"95   ";CRISTALINA;Sim;Acessar a via sem observar a presença dos outros veículos;1;Colisão lateral mesmo sentido;Sem Vítimas;Pleno dia;Crescente;Céu Claro;Simples;Reta;Sim  ;"1093227   ";Semireboque;SR/LIBRELATO CACAENCR 3E;"2019      ";"0";"0";"0    ";"0";"0 ";"0    ";"0    ";"0    ";-16.7505550;-47.6075490;SPRF-DF;DEL01-DF;UOP02-DEL01-DF 
611014;"0         ";2024-06-30;domingo;07:05:00;GO;"40   ";"95   ";CRISTALINA;Sim;Acessar a via sem observar a presença dos outros veículos;1;Colisão lateral mesmo sentido;Sem Vítimas;Pleno dia;Crescente;Céu Claro;Simples;Reta;Sim  ;"1093228   ";Semireboque;SR/RANDON SR FG;"2013      ";"0";"0";"0    ";"0";"0 ";"0    ";"0    ";"0    ";-16.7505550;-47.6075490;SPRF-DF;DEL01-DF;UOP02-DEL01-DF 
611014;"1364961   ";2024-06-30;domingo;07:05:00;GO;"40   ";"95   ";CRISTALINA;Sim;Acessar a via sem observar a presença dos outros veículos;1;Colisão lateral mesmo sentido;Sem Vítimas;Pleno dia;Crescente;Céu Claro;Simples;Reta;Sim  ;"1093226   ";Caminhão-trator;SCANIA/R450 A6X2;"2021      ";Condutor;Ileso;"47   ";Masculino;"1 ";"0    ";"0    ";"0    ";-16.7505550;-47.6075490;SPRF-DF;DEL01-DF;UOP02-DEL01-DF 
611014;"1364960   ";2024-06-30;domingo;07:05:00;GO;"40   ";"95   ";CRISTALINA;Sim;Acessar a via sem observar a presença dos outros veículos;1;Colisão lateral mesmo sentido;Sem Vítimas;Pleno dia;Crescente;Céu Claro;Simples;Reta;Sim  ;"1093225   ";Caminhão-trator;SCANIA/R440 A8X2 4;"2018      ";Condutor;Ileso;"39   ";Masculino;"1 ";"0    ";"0    ";"0    ";-16.7505550;-47.6075490;SPRF-DF;DEL01-DF;UOP02-DEL01-DF 
611045;"1365011   ";2024-06-30;domingo;13:40:00;DF;"70   ";"11   ";BRASILIA;Sim;Ausência de reação do condutor;2;Capotamento;Com Vítimas Feridas;Pleno dia;Crescente;Céu Claro;Dupla;Reta;Sim  ;"1093264   ";Automóvel;I/CHERY QQ3 1.1;"2011      ";Condutor;Lesões Leves;"41   ";Masculino;"0 ";"1    ";"0    ";"0    ";-15.7897620;-48.1487270;SPRF-DF;DEL03-DF;UOP02-DEL03-DF 
611045;"1365011   ";2024-06-30;domingo;13:40:00;DF;"70   ";"11   ";BRASILIA;Sim;Ausência de reação do condutor;1;Saída de leito carroçável;Com Vítimas Feridas;Pleno dia;Crescente;Céu Claro;Dupla;Reta;Sim  ;"1093264   ";Automóvel;I/CHERY QQ3 1.1;"2011      ";Condutor;Lesões Leves;"41   ";Masculino;"0 ";"1    ";"0    ";"0    ";-15.7897620;-48.1487270;SPRF-DF;DEL03-DF;UOP02-DEL03-DF 
611102;"1365128   ";2024-06-30;domingo;16:50:00;GO;"40   ";"49,3 ";LUZIANIA;Sim;Ultrapassagem Indevida;2;Capotamento;Com Vítimas Feridas;Pleno dia;Crescente;Sol;Simples;"Declive;Reta";Não  ;"1093350   ";Caminhonete;FIAT/STRADA ADVENTURE CD;"2013      ";Passageiro;Lesões Leves;"48   ";Feminino;"0 ";"1    ";"0    ";"0    ";-16.4339450;-47.8151780;SPRF-DF;DEL01-DF;UOP02-DEL01-DF 
611102;"1365124   ";2024-06-30;domingo;16:50:00;GO;"40   ";"49,3 ";LUZIANIA;Sim;Ultrapassagem Indevida;2;Capotamento;Com Vítimas Feridas;Pleno dia;Crescente;Sol;Simples;"Declive;Reta";Não  ;"1093350   ";Caminhonete;FIAT/STRADA ADVENTURE CD;"2013      ";Condutor;Ileso;"54   ";Masculino;"1 ";"0    ";"0    ";"0    ";-16.4339450;-47.8151780;SPRF-DF;DEL01-DF;UOP02-DEL01-DF 
611102;"1365128   ";2024-06-30;domingo;16:50:00;GO;"40   ";"49,3 ";LUZIANIA;Sim;Ultrapassagem Indevida;1;Saída de leito carroçável;Com Vítimas Feridas;Pleno dia;Crescente;Sol;Simples;"Declive;Reta";Não  ;"1093350   ";Caminhonete;FIAT/STRADA ADVENTURE CD;"2013      ";Passageiro;Lesões Leves;"48   ";Feminino;"0 ";"1    ";"0    ";"0    ";-16.4339450;-47.8151780;SPRF-DF;DEL01-DF;UOP02-DEL01-DF 
611102;"1365124   ";2024-06-30;domingo;16:50:00;GO;"40   ";"49,3 ";LUZIANIA;Sim;Ultrapassagem Indevida;1;Saída de leito carroçável;Com Vítimas Feridas;Pleno dia;Crescente;Sol;Simples;"Declive;Reta";Não  ;"1093350   ";Caminhonete;FIAT/STRADA ADVENTURE CD;"2013      ";Condutor;Ileso;"54   ";Masculino;"1 ";"0    ";"0    ";"0    ";-16.4339450;-47.8151780;SPRF-DF;DEL01-DF;UOP02-DEL01-DF 
611116;"1365220   ";2024-06-30;domingo;19:00:00;GO;"414  ";"377  ";COCALZINHO DE GOIAS;Não;Reação tardia ou ineficiente do condutor;2;Colisão com objeto;Com Vítimas Feridas;Plena Noite;Crescente;Céu Claro;Simples;Reta;Não  ;"1093436   ";Automóvel;TOYOTA/COROLLA XEI20FLEX;"2014      ";Passageiro;Lesões Leves;"24   ";Masculino;"0 ";"1    ";"0    ";"0    ";-15.8012697;-48.7787148;SPRF-GO;DEL02-GO;UOP01-DEL02-GO 