id;pesid;data_inversa;dia_semana;horario;uf;br;km;municipio;causa_principal;causa_acidente;ordem_tipo_acidente;tipo_acidente;classificacao_acidente;fase_dia;sentido_via;condicao_metereologica;tipo_pista;tracado_via;uso_solo;id_veiculo;tipo_veiculo;marca;ano_fabricacao_veiculo;tipo_envolvido;estado_fisico;idade;sexo;ilesos;feridos_leves;feridos_graves;mortos;latitude;longitude;regional;delegacia;uop
611116;"1365218   ";2024-06-30;domingo;19:00:00;GO;"414  ";"377  ";COCALZINHO DE GOIAS;Não;Reação tardia ou ineficiente do condutor;2;Colisão com objeto;Com Vítimas Feridas;Plena Noite;Crescente;Céu Claro;Simples;Reta;Não  ;"1093436   ";Automóvel;TOYOTA/COROLLA XEI20FLEX;"2014      ";Condutor;Ileso;"29   ";Masculino;"1 ";"0    ";"0    ";"0    ";-15.8012697;-48.7787148;SPRF-GO;DEL02-GO;UOP01-DEL02-GO 
611116;"1365220   ";2024-06-30;domingo;19:00:00;GO;"414  ";"377  ";COCALZINHO DE GOIAS;Sim;Velocidade Incompatível;2;Colisão com objeto;Com Vítimas Feridas;Plena Noite;Crescente;Céu Claro;Simples;Reta;Não  ;"1093436   ";Automóvel;TOYOTA/COROLLA XEI20FLEX;"2014      ";Passageiro;Lesões Leves;"24   ";Masculino;"0 ";"1    ";"0    ";"0    ";-15.8012697;-48.7787148;SPRF-GO;DEL02-GO;UOP01-DEL02-GO 
611116;"1365218   ";2024-06-30;domingo;19:00:00;GO;"414  ";"377  ";COCALZINHO DE GOIAS;Sim;Velocidade Incompatível;2;Colisão com objeto;Com Vítimas Feridas;Plena Noite;Crescente;Céu Claro;Simples;Reta;Não  ;"1093436   ";Automóvel;TOYOTA/COROLLA XEI20FLEX;"2014      ";Condutor;Ileso;"29   ";Masculino;"1 ";"0    ";"0    ";"0    ";-15.8012697;-48.7787148;SPRF-GO;DEL02-GO;UOP01-DEL02-GO 
611116;"1365220   ";2024-06-30;domingo;19:00:00;GO;"414  ";"377  ";COCALZINHO DE GOIAS;Não;Reação tardia ou ineficiente do condutor;1;Saída de leito carroçável;Com Vítimas Feridas;Plena Noite;Crescente;Céu Claro;Simples;Reta;Não  ;"1093436   ";Automóvel;TOYOTA/COROLLA XEI20FLEX;"2014      ";Passageiro;Lesões Leves;"24   ";Masculino;"0 ";"1    ";"0    ";"0    ";-15.8012697;-48.7787148;SPRF-GO;DEL02-GO;UOP01-DEL02-GO 
611116;"1365218   ";2024-06-30;domingo;19:00:00;GO;"414  ";"377  ";COCALZINHO DE GOIAS;Não;Reação tardia ou ineficiente do condutor;1;Saída de leito carroçável;Com Vítimas Feridas;Plena Noite;Crescente;Céu Claro;Simples;Reta;Não  ;"1093436   ";Automóvel;TOYOTA/COROLLA XEI20FLEX;"2014      ";Condutor;Ileso;"29   ";Masculino;"1 ";"0    ";"0    ";"0    ";-15.8012697;-48.7787148;SPRF-GO;DEL02-GO;UOP01-DEL02-GO 
611116;"1365220   ";2024-06-30;domingo;19:00:00;GO;"414  ";"377  ";COCALZINHO DE GOIAS;Sim;Velocidade Incompatível;1;Saída de leito carroçável;Com Vítimas Feridas;Plena Noite;Crescente;Céu Claro;Simples;Reta;Não  ;"1093436   ";Automóvel;TOYOTA/COROLLA XEI20FLEX;"2014      ";Passageiro;Lesões Leves;"24   ";Masculino;"0 ";"1    ";"0    ";"0    ";-15.8012697;-48.7787148;SPRF-GO;DEL02-GO;UOP01-DEL02-GO 
611116;"1365218   ";2024-06-30;domingo;19:00:00;GO;"414  ";"377  ";COCALZINHO DE GOIAS;Sim;Velocidade Incompatível;1;Saída de leito carroçável;Com Vítimas Feridas;Plena Noite;Crescente;Céu Claro;Simples;Reta;Não  ;"1093436   ";Automóvel;TOYOTA/COROLLA XEI20FLEX;"2014      ";Condutor;Ileso;"29   ";Masculino;"1 ";"0    ";"0    ";"0    ";-15.8012697;-48.7787148;SPRF-GO;DEL02-GO;UOP01-DEL02-GO 
611126;"1370441   ";2024-06-30;domingo;19:10:00;DF;"251  ";"33   ";BRASILIA;Sim;Ausência de reação do condutor;1;Colisão frontal;Com Vítimas Feridas;Plena Noite;Decrescente;Céu Claro;Simples;Aclive;Sim  ;"1093528   ";Camioneta;I/HYUNDAI TUCSON GL 20L;"2008      ";Condutor;Ileso;"20   ";Masculino;"1 ";"0    ";"0    ";"0    ";-15.9376790;-47.7488780;SPRF-DF;DEL01-DF;UOP01-DEL01-DF 
611126;"1365337   ";2024-06-30;domingo;19:10:00;DF;"251  ";"33   ";BRASILIA;Sim;Ausência de reação do condutor;1;Colisão frontal;Com Vítimas Feridas;Plena Noite;Decrescente;Céu Claro;Simples;Aclive;Sim  ;"1093527   ";Automóvel;FORD/KA GL IMAGE;"1999      ";Condutor;Ileso;"36   ";Feminino;"1 ";"0    ";"0    ";"0    ";-15.9376790;-47.7488780;SPRF-DF;DEL01-DF;UOP01-DEL01-DF 
611126;"1370447   ";2024-06-30;domingo;19:10:00;DF;"251  ";"33   ";BRASILIA;Sim;Ausência de reação do condutor;1;Colisão frontal;Com Vítimas Feridas;Plena Noite;Decrescente;Céu Claro;Simples;Aclive;Sim  ;"1093529   ";Motocicleta;HONDA/CG 160;"2019      ";Condutor;Lesões Graves;"22   ";Masculino;"0 ";"0    ";"1    ";"0    ";-15.9376790;-47.7488780;SPRF-DF;DEL01-DF;UOP01-DEL01-DF 
611130;"1365185   ";2024-06-30;domingo;19:50:00;DF;"20   ";"18,5 ";BRASILIA;Sim;Acessar a via sem observar a presença dos outros veículos;1;Colisão traseira;Com Vítimas Feridas;Plena Noite;Crescente;Céu Claro;Múltipla;Reta;Sim  ;"1093406   ";Automóvel;FIAT/PALIO FIRE ECONOMY;"2013      ";Condutor;Lesões Leves;"52   ";Feminino;"0 ";"1    ";"0    ";"0    ";-15.6169010;-47.7089270;SPRF-DF;DEL02-DF;UOP01-DEL02-DF 
611130;"1365187   ";2024-06-30;domingo;19:50:00;DF;"20   ";"18,5 ";BRASILIA;Sim;Acessar a via sem observar a presença dos outros veículos;1;Colisão traseira;Com Vítimas Feridas;Plena Noite;Crescente;Céu Claro;Múltipla;Reta;Sim  ;"1093408   ";Automóvel;I/CHEV SONIC LTZ NB AT;"2012      ";Condutor;Ileso;"42   ";Masculino;"1 ";"0    ";"0    ";"0    ";-15.6169010;-47.7089270;SPRF-DF;DEL02-DF;UOP01-DEL02-DF 
611163;"1365377   ";2024-06-30;domingo;21:50:00;DF;"70   ";"10   ";BRASILIA;Não;Ingestão de álcool pelo condutor;1;Colisão traseira;Com Vítimas Feridas;Plena Noite;Crescente;Céu Claro;Dupla;Reta;Não  ;"1093554   ";Automóvel;CHEVROLET/ONIX 10MT JOYE;"2019      ";Condutor;Ileso;"46   ";Masculino;"1 ";"0    ";"0    ";"0    ";-15.7870660;-48.1407090;SPRF-DF;DEL03-DF;UOP02-DEL03-DF 
611163;"1365373   ";2024-06-30;domingo;21:50:00;DF;"70   ";"10   ";BRASILIA;Não;Ingestão de álcool pelo condutor;1;Colisão traseira;Com Vítimas Feridas;Plena Noite;Crescente;Céu Claro;Dupla;Reta;Não  ;"1093553   ";Automóvel;VW/GOL 1.0;"2000      ";Condutor;Lesões Leves;"44   ";Masculino;"0 ";"1    ";"0    ";"0    ";-15.7870660;-48.1407090;SPRF-DF;DEL03-DF;UOP02-DEL03-DF 
611163;"1365376   ";2024-06-30;domingo;21:50:00;DF;"70   ";"10   ";BRASILIA;Não;Ingestão de álcool pelo condutor;1;Colisão traseira;Com Vítimas Feridas;Plena Noite;Crescente;Céu Claro;Dupla;Reta;Não  ;"1093553   ";Automóvel;VW/GOL 1.0;"2000      ";Passageiro;Lesões Graves;"0    ";Feminino;"0 ";"0    ";"1    ";"0    ";-15.7870660;-48.1407090;SPRF-DF;DEL03-DF;UOP02-DEL03-DF 
611163;"1365370   ";2024-06-30;domingo;21:50:00;DF;"70   ";"10   ";BRASILIA;Não;Ingestão de álcool pelo condutor;1;Colisão traseira;Com Vítimas Feridas;Plena Noite;Crescente;Céu Claro;Dupla;Reta;Não  ;"1093553   ";Automóvel;VW/GOL 1.0;"2000      ";Passageiro;Lesões Graves;"52   ";Feminino;"0 ";"0    ";"1    ";"0    ";-15.7870660;-48.1407090;SPRF-DF;DEL03-DF;UOP02-DEL03-DF 
611163;"1365377   ";2024-06-30;domingo;21:50:00;DF;"70   ";"10   ";BRASILIA;Sim;Ausência de reação do condutor;1;Colisão traseira;Com Vítimas Feridas;Plena Noite;Crescente;Céu Claro;Dupla;Reta;Não  ;"1093554   ";Automóvel;CHEVROLET/ONIX 10MT JOYE;"2019      ";Condutor;Ileso;"46   ";Masculino;"1 ";"0    ";"0    ";"0    ";-15.7870660;-48.1407090;SPRF-DF;DEL03-DF;UOP02-DEL03-DF 
611163;"1365373   ";2024-06-30;domingo;21:50:00;DF;"70   ";"10   ";BRASILIA;Sim;Ausência de reação do condutor;1;Colisão traseira;Com Vítimas Feridas;Plena Noite;Crescente;Céu Claro;Dupla;Reta;Não  ;"1093553   ";Automóvel;VW/GOL 1.0;"2000      ";Condutor;Lesões Leves;"44   ";Masculino;"0 ";"1    ";"0    ";"0    ";-15.7870660;-48.1407090;SPRF-DF;DEL03-DF;UOP02-DEL03-DF 
611163;"1365376   ";2024-06-30;domingo;21:50:00;DF;"70   ";"10   ";BRASILIA;Sim;Ausência de reação do condutor;1;Colisão traseira;Com Vítimas Feridas;Plena Noite;Crescente;Céu Claro;Dupla;Reta;Não  ;"1093553   ";Automóvel;VW/GOL 1.0;"2000      ";Passageiro;Lesões Graves;"0    ";Feminino;"0 ";"0    ";"1    ";"0    ";-15.7870660;-48.1407090;SPRF-DF;DEL03-DF;UOP02-DEL03-DF 
611163;"1365370   ";2024-06-30;domingo;21:50:00;DF;"70   ";"10   ";BRASILIA;Sim;Ausência de reação do condutor;1;Colisão traseira;Com Vítimas Feridas;Plena Noite;Crescente;Céu Claro;Dupla;Reta;Não  ;"1093553   ";Automóvel;VW/GOL 1.0;"2000      ";Passageiro;Lesões Graves;"52   ";Feminino;"0 ";"0    ";"1    ";"0    ";-15.7870660;-48.1407090;SPRF-DF;DEL03-DF;UOP02-DEL03-DF 
611163;"1365377   ";2024-06-30;domingo;21:50:00;DF;"70   ";"10   ";BRASILIA;Não;Transitar no Acostamento;1;Colisão traseira;Com Vítimas Feridas;Plena Noite;Crescente;Céu Claro;Dupla;Reta;Não  ;"1093554   ";Automóvel;CHEVROLET/ONIX 10MT JOYE;"2019      ";Condutor;Ileso;"46   ";Masculino;"1 ";"0    ";"0    ";"0    ";-15.7870660;-48.1407090;SPRF-DF;DEL03-DF;UOP02-DEL03-DF 
611163;"1365373   ";2024-06-30;domingo;21:50:00;DF;"70   ";"10   ";BRASILIA;Não;Transitar no Acostamento;1;Colisão traseira;Com Vítimas Feridas;Plena Noite;Crescente;Céu Claro;Dupla;Reta;Não  ;"1093553   ";Automóvel;VW/GOL 1.0;"2000      ";Condutor;Lesões Leves;"44   ";Masculino;"0 ";"1    ";"0    ";"0    ";-15.7870660;-48.1407090;SPRF-DF;DEL03-DF;UOP02-DEL03-DF 
611163;"1365376   ";2024-06-30;domingo;21:50:00;DF;"70   ";"10   ";BRASILIA;Não;Transitar no Acostamento;1;Colisão traseira;Com Vítimas Feridas;Plena Noite;Crescente;Céu Claro;Dupla;Reta;Não  ;"1093553   ";Automóvel;VW/GOL 1.0;"2000      ";Passageiro;Lesões Graves;"0    ";Feminino;"0 ";"0    ";"1    ";"0    ";-15.7870660;-48.1407090;SPRF-DF;DEL03-DF;UOP02-DEL03-DF 
611163;"1365370   ";2024-06-30;domingo;21:50:00;DF;"70   ";"10   ";BRASILIA;Não;Transitar no Acostamento;1;Colisão traseira;Com Vítimas Feridas;Plena Noite;Crescente;Céu Claro;Dupla;Reta;Não  ;"1093553   ";Automóvel;VW/GOL 1.0;"2000      ";Passageiro;Lesões Graves;"52   ";Feminino;"0 ";"0    ";"1    ";"0    ";-15.7870660;-48.1407090;SPRF-DF;DEL03-DF;UOP02-DEL03-DF 
611189;"1365549   ";2024-07-01;segunda-feira;05:00:00;GO;"70   ";"3,7  ";AGUAS LINDAS DE GOIAS;Sim;Ausência de reação do condutor;1;Saída de leito carroçável;Com Vítimas Feridas;Plena Noite;Crescente;Céu Claro;Dupla;"Reta;Aclive";Sim  ;"1093707   ";Automóvel;VW/GOL 1.0;"2010      ";Condutor;Não Informado;"0    ";Não Informado;"0 ";"0    ";"0    ";"0    ";-15.7617730;-48.2368693;SPRF-DF;DEL03-DF;UOP02-DEL03-DF 
611189;"1365550   ";2024-07-01;segunda-feira;05:00:00;GO;"70   ";"3,7  ";AGUAS LINDAS DE GOIAS;Sim;Ausência de reação do condutor;1;Saída de leito carroçável;Com Vítimas Feridas;Plena Noite;Crescente;Céu Claro;Dupla;"Reta;Aclive";Sim  ;"1093707   ";Automóvel;VW/GOL 1.0;"2010      ";Passageiro;Lesões Leves;"85   ";Feminino;"0 ";"1    ";"0    ";"0    ";-15.7617730;-48.2368693;SPRF-DF;DEL03-DF;UOP02-DEL03-DF 
611189;"1365549   ";2024-07-01;segunda-feira;05:00:00;GO;"70   ";"3,7  ";AGUAS LINDAS DE GOIAS;Sim;Ausência de reação do condutor;2;Capotamento;Com Vítimas Feridas;Plena Noite;Crescente;Céu Claro;Dupla;"Reta;Aclive";Sim  ;"1093707   ";Automóvel;VW/GOL 1.0;"2010      ";Condutor;Não Informado;"0    ";Não Informado;"0 ";"0    ";"0    ";"0    ";-15.7617730;-48.2368693;SPRF-DF;DEL03-DF;UOP02-DEL03-DF 
611189;"1365550   ";2024-07-01;segunda-feira;05:00:00;GO;"70   ";"3,7  ";AGUAS LINDAS DE GOIAS;Sim;Ausência de reação do condutor;2;Capotamento;Com Vítimas Feridas;Plena Noite;Crescente;Céu Claro;Dupla;"Reta;Aclive";Sim  ;"1093707   ";Automóvel;VW/GOL 1.0;"2010      ";Passageiro;Lesões Leves;"85   ";Feminino;"0 ";"1    ";"0    ";"0    ";-15.7617730;-48.2368693;SPRF-DF;DEL03-DF;UOP02-DEL03-DF 
611253;"1365445   ";2024-06-23;domingo;09:13:00;DF;"70   ";"0    ";BRASILIA;Sim;Ausência de reação do condutor;2;Colisão com objeto;Com Vítimas Feridas;Pleno dia;Crescente;Céu Claro;Dupla;"Aclive;Reta";Sim  ;"1093627   ";Ônibus;M.BENZ/COMIL SVELTO U;"2014      ";Condutor;Ileso;"30   ";Masculino;"1 ";"0    ";"0    ";"0    ";-15.7923520;-48.0545090;SPRF-DF;DEL03-DF;UOP02-DEL03-DF 
611253;"1365446   ";2024-06-23;domingo;09:13:00;DF;"70   ";"0    ";BRASILIA;Sim;Ausência de reação do condutor;2;Colisão com objeto;Com Vítimas Feridas;Pleno dia;Crescente;Céu Claro;Dupla;"Aclive;Reta";Sim  ;"1093628   ";Automóvel;FIAT/PALIO ED;"1997      ";Condutor;Lesões Leves;"21   ";Feminino;"0 ";"1    ";"0    ";"0    ";-15.7923520;-48.0545090;SPRF-DF;DEL03-DF;UOP02-DEL03-DF 
611253;"1365445   ";2024-06-23;domingo;09:13:00;DF;"70   ";"0    ";BRASILIA;Sim;Ausência de reação do condutor;1;Colisão traseira;Com Vítimas Feridas;Pleno dia;Crescente;Céu Claro;Dupla;"Aclive;Reta";Sim  ;"1093627   ";Ônibus;M.BENZ/COMIL SVELTO U;"2014      ";Condutor;Ileso;"30   ";Masculino;"1 ";"0    ";"0    ";"0    ";-15.7923520;-48.0545090;SPRF-DF;DEL03-DF;UOP02-DEL03-DF 
611253;"1365446   ";2024-06-23;domingo;09:13:00;DF;"70   ";"0    ";BRASILIA;Sim;Ausência de reação do condutor;1;Colisão traseira;Com Vítimas Feridas;Pleno dia;Crescente;Céu Claro;Dupla;"Aclive;Reta";Sim  ;"1093628   ";Automóvel;FIAT/PALIO ED;"1997      ";Condutor;Lesões Leves;"21   ";Feminino;"0 ";"1    ";"0    ";"0    ";-15.7923520;-48.0545090;SPRF-DF;DEL03-DF;UOP02-DEL03-DF 
611282;"1365650   ";2024-07-01;segunda-feira;14:20:00;DF;"20   ";"16   ";BRASILIA;Sim;Demais falhas mecânicas ou elétricas;1;Colisão traseira;Com Vítimas Feridas;Pleno dia;Decrescente;Sol;Dupla;"Aclive;Reta";Sim  ;"1093764   ";Utilitário;MMC/PAJERO TR4 FLEX HP;"2010      ";Condutor;Ileso;"52   ";Masculino;"1 ";"0    ";"0    ";"0    ";-15.6256750;-47.7251590;SPRF-DF;DEL02-DF;UOP01-DEL02-DF 
611282;"1365647   ";2024-07-01;segunda-feira;14:20:00;DF;"20   ";"16   ";BRASILIA;Sim;Demais falhas mecânicas ou elétricas;1;Colisão traseira;Com Vítimas Feridas;Pleno dia;Decrescente;Sol;Dupla;"Aclive;Reta";Sim  ;"1093762   ";Motoneta;YAMAHA/FLUO 125;"2023      ";Condutor;Lesões Leves;"38   ";Masculino;"0 ";"1    ";"0    ";"0    ";-15.6256750;-47.7251590;SPRF-DF;DEL02-DF;UOP01-DEL02-DF 
611390;"1365911   ";2024-07-01;segunda-feira;23:20:00;GO;"20   ";"39,1 ";FORMOSA;Não;Reação tardia ou ineficiente do condutor;2;Capotamento;Com Vítimas Feridas;Plena Noite;Crescente;Céu Claro;Simples;"Reta;Declive";Não  ;"1093955   ";Automóvel;GM/CELTA;"2002      ";Condutor;Lesões Graves;"23   ";Masculino;"0 ";"0    ";"1    ";"0    ";-15.4194370;-47.0989990;SPRF-DF;DEL02-DF;UOP02-DEL02-DF 
611390;"1365911   ";2024-07-01;segunda-feira;23:20:00;GO;"20   ";"39,1 ";FORMOSA;Não;Faróis desregulados;2;Capotamento;Com Vítimas Feridas;Plena Noite;Crescente;Céu Claro;Simples;"Reta;Declive";Não  ;"1093955   ";Automóvel;GM/CELTA;"2002      ";Condutor;Lesões Graves;"23   ";Masculino;"0 ";"0    ";"1    ";"0    ";-15.4194370;-47.0989990;SPRF-DF;DEL02-DF;UOP02-DEL02-DF 
611390;"1365911   ";2024-07-01;segunda-feira;23:20:00;GO;"20   ";"39,1 ";FORMOSA;Não;Deficiência do Sistema de Iluminação/Sinalização;2;Capotamento;Com Vítimas Feridas;Plena Noite;Crescente;Céu Claro;Simples;"Reta;Declive";Não  ;"1093955   ";Automóvel;GM/CELTA;"2002      ";Condutor;Lesões Graves;"23   ";Masculino;"0 ";"0    ";"1    ";"0    ";-15.4194370;-47.0989990;SPRF-DF;DEL02-DF;UOP02-DEL02-DF 
611390;"1365911   ";2024-07-01;segunda-feira;23:20:00;GO;"20   ";"39,1 ";FORMOSA;Sim;Objeto estático sobre o leito carroçável;2;Capotamento;Com Vítimas Feridas;Plena Noite;Crescente;Céu Claro;Simples;"Reta;Declive";Não  ;"1093955   ";Automóvel;GM/CELTA;"2002      ";Condutor;Lesões Graves;"23   ";Masculino;"0 ";"0    ";"1    ";"0    ";-15.4194370;-47.0989990;SPRF-DF;DEL02-DF;UOP02-DEL02-DF 
611390;"1365911   ";2024-07-01;segunda-feira;23:20:00;GO;"20   ";"39,1 ";FORMOSA;Não;Reação tardia ou ineficiente do condutor;1;Saída de leito carroçável;Com Vítimas Feridas;Plena Noite;Crescente;Céu Claro;Simples;"Reta;Declive";Não  ;"1093955   ";Automóvel;GM/CELTA;"2002      ";Condutor;Lesões Graves;"23   ";Masculino;"0 ";"0    ";"1    ";"0    ";-15.4194370;-47.0989990;SPRF-DF;DEL02-DF;UOP02-DEL02-DF 
611390;"1365911   ";2024-07-01;segunda-feira;23:20:00;GO;"20   ";"39,1 ";FORMOSA;Não;Faróis desregulados;1;Saída de leito carroçável;Com Vítimas Feridas;Plena Noite;Crescente;Céu Claro;Simples;"Reta;Declive";Não  ;"1093955   ";Automóvel;GM/CELTA;"2002      ";Condutor;Lesões Graves;"23   ";Masculino;"0 ";"0    ";"1    ";"0    ";-15.4194370;-47.0989990;SPRF-DF;DEL02-DF;UOP02-DEL02-DF 
611390;"1365911   ";2024-07-01;segunda-feira;23:20:00;GO;"20   ";"39,1 ";FORMOSA;Não;Deficiência do Sistema de Iluminação/Sinalização;1;Saída de leito carroçável;Com Vítimas Feridas;Plena Noite;Crescente;Céu Claro;Simples;"Reta;Declive";Não  ;"1093955   ";Automóvel;GM/CELTA;"2002      ";Condutor;Lesões Graves;"23   ";Masculino;"0 ";"0    ";"1    ";"0    ";-15.4194370;-47.0989990;SPRF-DF;DEL02-DF;UOP02-DEL02-DF 
611390;"1365911   ";2024-07-01;segunda-feira;23:20:00;GO;"20   ";"39,1 ";FORMOSA;Sim;Objeto estático sobre o leito carroçável;1;Saída de leito carroçável;Com Vítimas Feridas;Plena Noite;Crescente;Céu Claro;Simples;"Reta;Declive";Não  ;"1093955   ";Automóvel;GM/CELTA;"2002      ";Condutor;Lesões Graves;"23   ";Masculino;"0 ";"0    ";"1    ";"0    ";-15.4194370;-47.0989990;SPRF-DF;DEL02-DF;UOP02-DEL02-DF 
611420;"1365904   ";2024-07-02;terça-feira;06:30:00;GO;"70   ";"1,2  ";AGUAS LINDAS DE GOIAS;Não;Condutor deixou de manter distância do veículo da frente;1;Colisão traseira;Com Vítimas Feridas;Pleno dia;Crescente;Céu Claro;Dupla;Reta;Não  ;"1093949   ";Automóvel;I/GM CLASSIC LIFE;"2007      ";Condutor;Ileso;"47   ";Masculino;"1 ";"0    ";"0    ";"0    ";-15.7757935;-48.2325900;SPRF-DF;DEL03-DF;UOP02-DEL03-DF 
611420;"1365905   ";2024-07-02;terça-feira;06:30:00;GO;"70   ";"1,2  ";AGUAS LINDAS DE GOIAS;Não;Condutor deixou de manter distância do veículo da frente;1;Colisão traseira;Com Vítimas Feridas;Pleno dia;Crescente;Céu Claro;Dupla;Reta;Não  ;"1093950   ";Motocicleta;HONDA/CG 160 FAN;"2020      ";Condutor;Lesões Leves;"33   ";Masculino;"0 ";"1    ";"0    ";"0    ";-15.7757935;-48.2325900;SPRF-DF;DEL03-DF;UOP02-DEL03-DF 
611538;"1366345   ";2024-07-02;terça-feira;17:15:00;GO;"60   ";"11,1 ";SANTO ANTONIO DO DESCOBERTO;Sim;Velocidade Incompatível;1;Colisão traseira;Com Vítimas Feridas;Anoitecer;Crescente;Céu Claro;Dupla;Reta;Sim  ;"1094257   ";Automóvel;HONDA/WR-V EX CVT;"2020      ";Condutor;Ileso;"46   ";Feminino;"1 ";"0    ";"0    ";"0    ";-16.1183886;-48.3240509;SPRF-DF;DEL03-DF;UOP01-DEL03-DF 
611420;"1365906   ";2024-07-02;terça-feira;06:30:00;GO;"70   ";"1,2  ";AGUAS LINDAS DE GOIAS;Não;Condutor deixou de manter distância do veículo da frente;1;Colisão traseira;Com Vítimas Feridas;Pleno dia;Crescente;Céu Claro;Dupla;Reta;Não  ;"1093950   ";Motocicleta;HONDA/CG 160 FAN;"2020      ";Passageiro;Lesões Leves;"32   ";Feminino;"0 ";"1    ";"0    ";"0    ";-15.7757935;-48.2325900;SPRF-DF;DEL03-DF;UOP02-DEL03-DF 
611420;"1365904   ";2024-07-02;terça-feira;06:30:00;GO;"70   ";"1,2  ";AGUAS LINDAS DE GOIAS;Sim;Ausência de reação do condutor;1;Colisão traseira;Com Vítimas Feridas;Pleno dia;Crescente;Céu Claro;Dupla;Reta;Não  ;"1093949   ";Automóvel;I/GM CLASSIC LIFE;"2007      ";Condutor;Ileso;"47   ";Masculino;"1 ";"0    ";"0    ";"0    ";-15.7757935;-48.2325900;SPRF-DF;DEL03-DF;UOP02-DEL03-DF 
611420;"1365905   ";2024-07-02;terça-feira;06:30:00;GO;"70   ";"1,2  ";AGUAS LINDAS DE GOIAS;Sim;Ausência de reação do condutor;1;Colisão traseira;Com Vítimas Feridas;Pleno dia;Crescente;Céu Claro;Dupla;Reta;Não  ;"1093950   ";Motocicleta;HONDA/CG 160 FAN;"2020      ";Condutor;Lesões Leves;"33   ";Masculino;"0 ";"1    ";"0    ";"0    ";-15.7757935;-48.2325900;SPRF-DF;DEL03-DF;UOP02-DEL03-DF 
611420;"1365906   ";2024-07-02;terça-feira;06:30:00;GO;"70   ";"1,2  ";AGUAS LINDAS DE GOIAS;Sim;Ausência de reação do condutor;1;Colisão traseira;Com Vítimas Feridas;Pleno dia;Crescente;Céu Claro;Dupla;Reta;Não  ;"1093950   ";Motocicleta;HONDA/CG 160 FAN;"2020      ";Passageiro;Lesões Leves;"32   ";Feminino;"0 ";"1    ";"0    ";"0    ";-15.7757935;-48.2325900;SPRF-DF;DEL03-DF;UOP02-DEL03-DF 
611510;"1366330   ";2024-07-02;terça-feira;15:00:00;GO;"40   ";"4    ";VALPARAISO DE GOIAS;Não;Trafegar com motocicleta (ou similar) entre as faixas;2;Queda de ocupante de veículo;Com Vítimas Feridas;Pleno dia;Crescente;Céu Claro;Dupla;Reta;Sim  ;"1094250   ";Motocicleta;HONDA/CB250F TWISTER CBS;"2019      ";Condutor;Lesões Leves;"26   ";Masculino;"0 ";"1    ";"0    ";"0    ";-16.0852410;-47.9867520;SPRF-DF;DEL01-DF;UOP01-DEL01-DF 
611510;"1366363   ";2024-07-02;terça-feira;15:00:00;GO;"40   ";"4    ";VALPARAISO DE GOIAS;Não;Trafegar com motocicleta (ou similar) entre as faixas;2;Queda de ocupante de veículo;Com Vítimas Feridas;Pleno dia;Crescente;Céu Claro;Dupla;Reta;Sim  ;"1094280   ";Automóvel;Não Informado/Não Informado;"0         ";Condutor;Não Informado;"0    ";Não Informado;"0 ";"0    ";"0    ";"0    ";-16.0852410;-47.9867520;SPRF-DF;DEL01-DF;UOP01-DEL01-DF 
611510;"1366330   ";2024-07-02;terça-feira;15:00:00;GO;"40   ";"4    ";VALPARAISO DE GOIAS;Sim;Ausência de reação do condutor;2;Queda de ocupante de veículo;Com Vítimas Feridas;Pleno dia;Crescente;Céu Claro;Dupla;Reta;Sim  ;"1094250   ";Motocicleta;HONDA/CB250F TWISTER CBS;"2019      ";Condutor;Lesões Leves;"26   ";Masculino;"0 ";"1    ";"0    ";"0    ";-16.0852410;-47.9867520;SPRF-DF;DEL01-DF;UOP01-DEL01-DF 
611510;"1366363   ";2024-07-02;terça-feira;15:00:00;GO;"40   ";"4    ";VALPARAISO DE GOIAS;Sim;Ausência de reação do condutor;2;Queda de ocupante de veículo;Com Vítimas Feridas;Pleno dia;Crescente;Céu Claro;Dupla;Reta;Sim  ;"1094280   ";Automóvel;Não Informado/Não Informado;"0         ";Condutor;Não Informado;"0    ";Não Informado;"0 ";"0    ";"0    ";"0    ";-16.0852410;-47.9867520;SPRF-DF;DEL01-DF;UOP01-DEL01-DF 
611510;"1366330   ";2024-07-02;terça-feira;15:00:00;GO;"40   ";"4    ";VALPARAISO DE GOIAS;Não;Trafegar com motocicleta (ou similar) entre as faixas;1;Colisão lateral mesmo sentido;Com Vítimas Feridas;Pleno dia;Crescente;Céu Claro;Dupla;Reta;Sim  ;"1094250   ";Motocicleta;HONDA/CB250F TWISTER CBS;"2019      ";Condutor;Lesões Leves;"26   ";Masculino;"0 ";"1    ";"0    ";"0    ";-16.0852410;-47.9867520;SPRF-DF;DEL01-DF;UOP01-DEL01-DF 
611510;"1366363   ";2024-07-02;terça-feira;15:00:00;GO;"40   ";"4    ";VALPARAISO DE GOIAS;Não;Trafegar com motocicleta (ou similar) entre as faixas;1;Colisão lateral mesmo sentido;Com Vítimas Feridas;Pleno dia;Crescente;Céu Claro;Dupla;Reta;Sim  ;"1094280   ";Automóvel;Não Informado/Não Informado;"0         ";Condutor;Não Informado;"0    ";Não Informado;"0 ";"0    ";"0    ";"0    ";-16.0852410;-47.9867520;SPRF-DF;DEL01-DF;UOP01-DEL01-DF 