id;pesid;data_inversa;dia_semana;horario;uf;br;km;municipio;causa_principal;causa_acidente;ordem_tipo_acidente;tipo_acidente;classificacao_acidente;fase_dia;sentido_via;condicao_metereologica;tipo_pista;tracado_via;uso_solo;id_veiculo;tipo_veiculo;marca;ano_fabricacao_veiculo;tipo_envolvido;estado_fisico;idade;sexo;ilesos;feridos_leves;feridos_graves;mortos;latitude;longitude;regional;delegacia;uop
611510;"1366330   ";2024-07-02;terça-feira;15:00:00;GO;"40   ";"4    ";VALPARAISO DE GOIAS;Sim;Ausência de reação do condutor;1;Colisão lateral mesmo sentido;Com Vítimas Feridas;Pleno dia;Crescente;Céu Claro;Dupla;Reta;Sim  ;"1094250   ";Motocicleta;HONDA/CB250F TWISTER CBS;"2019      ";Condutor;Lesões Leves;"26   ";Masculino;"0 ";"1    ";"0    ";"0    ";-16.0852410;-47.9867520;SPRF-DF;DEL01-DF;UOP01-DEL01-DF 
611510;"1366363   ";2024-07-02;terça-feira;15:00:00;GO;"40   ";"4    ";VALPARAISO DE GOIAS;Sim;Ausência de reação do condutor;1;Colisão lateral mesmo sentido;Com Vítimas Feridas;Pleno dia;Crescente;Céu Claro;Dupla;Reta;Sim  ;"1094280   ";Automóvel;Não Informado/Não Informado;"0         ";Condutor;Não Informado;"0    ";Não Informado;"0 ";"0    ";"0    ";"0    ";-16.0852410;-47.9867520;SPRF-DF;DEL01-DF;UOP01-DEL01-DF 
611538;"1366343   ";2024-07-02;terça-feira;17:15:00;GO;"60   ";"11,1 ";SANTO ANTONIO DO DESCOBERTO;Não;Manobra de mudança de faixa;1;Colisão traseira;Com Vítimas Feridas;Anoitecer;Crescente;Céu Claro;Dupla;Reta;Sim  ;"1094256   ";Caminhonete;I/FORD RANGER LTD 13P;"2009      ";Condutor;Lesões Leves;"69   ";Masculino;"0 ";"1    ";"0    ";"0    ";-16.1183886;-48.3240509;SPRF-DF;DEL03-DF;UOP01-DEL03-DF 
611538;"1366345   ";2024-07-02;terça-feira;17:15:00;GO;"60   ";"11,1 ";SANTO ANTONIO DO DESCOBERTO;Não;Manobra de mudança de faixa;1;Colisão traseira;Com Vítimas Feridas;Anoitecer;Crescente;Céu Claro;Dupla;Reta;Sim  ;"1094257   ";Automóvel;HONDA/WR-V EX CVT;"2020      ";Condutor;Ileso;"46   ";Feminino;"1 ";"0    ";"0    ";"0    ";-16.1183886;-48.3240509;SPRF-DF;DEL03-DF;UOP01-DEL03-DF 
611538;"1366347   ";2024-07-02;terça-feira;17:15:00;GO;"60   ";"11,1 ";SANTO ANTONIO DO DESCOBERTO;Não;Manobra de mudança de faixa;1;Colisão traseira;Com Vítimas Feridas;Anoitecer;Crescente;Céu Claro;Dupla;Reta;Sim  ;"1094258   ";Caminhão-trator;SCANIA/R450 A6X2;"2021      ";Condutor;Ileso;"44   ";Masculino;"1 ";"0    ";"0    ";"0    ";-16.1183886;-48.3240509;SPRF-DF;DEL03-DF;UOP01-DEL03-DF 
611538;"1366343   ";2024-07-02;terça-feira;17:15:00;GO;"60   ";"11,1 ";SANTO ANTONIO DO DESCOBERTO;Não;Ausência de reação do condutor;1;Colisão traseira;Com Vítimas Feridas;Anoitecer;Crescente;Céu Claro;Dupla;Reta;Sim  ;"1094256   ";Caminhonete;I/FORD RANGER LTD 13P;"2009      ";Condutor;Lesões Leves;"69   ";Masculino;"0 ";"1    ";"0    ";"0    ";-16.1183886;-48.3240509;SPRF-DF;DEL03-DF;UOP01-DEL03-DF 
611538;"1366345   ";2024-07-02;terça-feira;17:15:00;GO;"60   ";"11,1 ";SANTO ANTONIO DO DESCOBERTO;Não;Ausência de reação do condutor;1;Colisão traseira;Com Vítimas Feridas;Anoitecer;Crescente;Céu Claro;Dupla;Reta;Sim  ;"1094257   ";Automóvel;HONDA/WR-V EX CVT;"2020      ";Condutor;Ileso;"46   ";Feminino;"1 ";"0    ";"0    ";"0    ";-16.1183886;-48.3240509;SPRF-DF;DEL03-DF;UOP01-DEL03-DF 
611538;"1366347   ";2024-07-02;terça-feira;17:15:00;GO;"60   ";"11,1 ";SANTO ANTONIO DO DESCOBERTO;Não;Ausência de reação do condutor;1;Colisão traseira;Com Vítimas Feridas;Anoitecer;Crescente;Céu Claro;Dupla;Reta;Sim  ;"1094258   ";Caminhão-trator;SCANIA/R450 A6X2;"2021      ";Condutor;Ileso;"44   ";Masculino;"1 ";"0    ";"0    ";"0    ";-16.1183886;-48.3240509;SPRF-DF;DEL03-DF;UOP01-DEL03-DF 
611538;"1366343   ";2024-07-02;terça-feira;17:15:00;GO;"60   ";"11,1 ";SANTO ANTONIO DO DESCOBERTO;Sim;Velocidade Incompatível;1;Colisão traseira;Com Vítimas Feridas;Anoitecer;Crescente;Céu Claro;Dupla;Reta;Sim  ;"1094256   ";Caminhonete;I/FORD RANGER LTD 13P;"2009      ";Condutor;Lesões Leves;"69   ";Masculino;"0 ";"1    ";"0    ";"0    ";-16.1183886;-48.3240509;SPRF-DF;DEL03-DF;UOP01-DEL03-DF 
611538;"1366347   ";2024-07-02;terça-feira;17:15:00;GO;"60   ";"11,1 ";SANTO ANTONIO DO DESCOBERTO;Sim;Velocidade Incompatível;1;Colisão traseira;Com Vítimas Feridas;Anoitecer;Crescente;Céu Claro;Dupla;Reta;Sim  ;"1094258   ";Caminhão-trator;SCANIA/R450 A6X2;"2021      ";Condutor;Ileso;"44   ";Masculino;"1 ";"0    ";"0    ";"0    ";-16.1183886;-48.3240509;SPRF-DF;DEL03-DF;UOP01-DEL03-DF 
611542;"1366255   ";2024-07-02;terça-feira;09:20:00;GO;"414  ";"234  ";NIQUELANDIA;Não;Transitar no Acostamento;2;Derramamento de carga;Com Vítimas Feridas;Pleno dia;Decrescente;Céu Claro;Simples;Reta;Não  ;"1094187   ";Caminhão-trator;M.BENZ/AXOR 2644S6X4;"2020      ";Condutor;Lesões Leves;"35   ";Masculino;"0 ";"1    ";"0    ";"0    ";-14.6867111;-48.5964198;SPRF-GO;DEL07-GO;UOP02-DEL07-GO 
611542;"0         ";2024-07-02;terça-feira;09:20:00;GO;"414  ";"234  ";NIQUELANDIA;Não;Transitar no Acostamento;2;Derramamento de carga;Com Vítimas Feridas;Pleno dia;Decrescente;Céu Claro;Simples;Reta;Não  ;"1094189   ";Semireboque;REB/ROSSETTI SRBA ST3.25;"2021      ";"0";"0";"0    ";"0";"0 ";"0    ";"0    ";"0    ";-14.6867111;-48.5964198;SPRF-GO;DEL07-GO;UOP02-DEL07-GO 
611542;"1366255   ";2024-07-02;terça-feira;09:20:00;GO;"414  ";"234  ";NIQUELANDIA;Não;Reação tardia ou ineficiente do condutor;2;Derramamento de carga;Com Vítimas Feridas;Pleno dia;Decrescente;Céu Claro;Simples;Reta;Não  ;"1094187   ";Caminhão-trator;M.BENZ/AXOR 2644S6X4;"2020      ";Condutor;Lesões Leves;"35   ";Masculino;"0 ";"1    ";"0    ";"0    ";-14.6867111;-48.5964198;SPRF-GO;DEL07-GO;UOP02-DEL07-GO 
611542;"0         ";2024-07-02;terça-feira;09:20:00;GO;"414  ";"234  ";NIQUELANDIA;Não;Reação tardia ou ineficiente do condutor;2;Derramamento de carga;Com Vítimas Feridas;Pleno dia;Decrescente;Céu Claro;Simples;Reta;Não  ;"1094189   ";Semireboque;REB/ROSSETTI SRBA ST3.25;"2021      ";"0";"0";"0    ";"0";"0 ";"0    ";"0    ";"0    ";-14.6867111;-48.5964198;SPRF-GO;DEL07-GO;UOP02-DEL07-GO 
611542;"1366255   ";2024-07-02;terça-feira;09:20:00;GO;"414  ";"234  ";NIQUELANDIA;Não;Avarias e/ou desgaste excessivo no pneu;2;Derramamento de carga;Com Vítimas Feridas;Pleno dia;Decrescente;Céu Claro;Simples;Reta;Não  ;"1094187   ";Caminhão-trator;M.BENZ/AXOR 2644S6X4;"2020      ";Condutor;Lesões Leves;"35   ";Masculino;"0 ";"1    ";"0    ";"0    ";-14.6867111;-48.5964198;SPRF-GO;DEL07-GO;UOP02-DEL07-GO 
611542;"0         ";2024-07-02;terça-feira;09:20:00;GO;"414  ";"234  ";NIQUELANDIA;Não;Avarias e/ou desgaste excessivo no pneu;2;Derramamento de carga;Com Vítimas Feridas;Pleno dia;Decrescente;Céu Claro;Simples;Reta;Não  ;"1094189   ";Semireboque;REB/ROSSETTI SRBA ST3.25;"2021      ";"0";"0";"0    ";"0";"0 ";"0    ";"0    ";"0    ";-14.6867111;-48.5964198;SPRF-GO;DEL07-GO;UOP02-DEL07-GO 
611542;"1366255   ";2024-07-02;terça-feira;09:20:00;GO;"414  ";"234  ";NIQUELANDIA;Sim;Condutor Dormindo;2;Derramamento de carga;Com Vítimas Feridas;Pleno dia;Decrescente;Céu Claro;Simples;Reta;Não  ;"1094187   ";Caminhão-trator;M.BENZ/AXOR 2644S6X4;"2020      ";Condutor;Lesões Leves;"35   ";Masculino;"0 ";"1    ";"0    ";"0    ";-14.6867111;-48.5964198;SPRF-GO;DEL07-GO;UOP02-DEL07-GO 
611542;"0         ";2024-07-02;terça-feira;09:20:00;GO;"414  ";"234  ";NIQUELANDIA;Sim;Condutor Dormindo;2;Derramamento de carga;Com Vítimas Feridas;Pleno dia;Decrescente;Céu Claro;Simples;Reta;Não  ;"1094189   ";Semireboque;REB/ROSSETTI SRBA ST3.25;"2021      ";"0";"0";"0    ";"0";"0 ";"0    ";"0    ";"0    ";-14.6867111;-48.5964198;SPRF-GO;DEL07-GO;UOP02-DEL07-GO 
611542;"1366255   ";2024-07-02;terça-feira;09:20:00;GO;"414  ";"234  ";NIQUELANDIA;Não;Transitar no Acostamento;1;Tombamento;Com Vítimas Feridas;Pleno dia;Decrescente;Céu Claro;Simples;Reta;Não  ;"1094187   ";Caminhão-trator;M.BENZ/AXOR 2644S6X4;"2020      ";Condutor;Lesões Leves;"35   ";Masculino;"0 ";"1    ";"0    ";"0    ";-14.6867111;-48.5964198;SPRF-GO;DEL07-GO;UOP02-DEL07-GO 
611542;"0         ";2024-07-02;terça-feira;09:20:00;GO;"414  ";"234  ";NIQUELANDIA;Não;Transitar no Acostamento;1;Tombamento;Com Vítimas Feridas;Pleno dia;Decrescente;Céu Claro;Simples;Reta;Não  ;"1094189   ";Semireboque;REB/ROSSETTI SRBA ST3.25;"2021      ";"0";"0";"0    ";"0";"0 ";"0    ";"0    ";"0    ";-14.6867111;-48.5964198;SPRF-GO;DEL07-GO;UOP02-DEL07-GO 
611542;"1366255   ";2024-07-02;terça-feira;09:20:00;GO;"414  ";"234  ";NIQUELANDIA;Não;Reação tardia ou ineficiente do condutor;1;Tombamento;Com Vítimas Feridas;Pleno dia;Decrescente;Céu Claro;Simples;Reta;Não  ;"1094187   ";Caminhão-trator;M.BENZ/AXOR 2644S6X4;"2020      ";Condutor;Lesões Leves;"35   ";Masculino;"0 ";"1    ";"0    ";"0    ";-14.6867111;-48.5964198;SPRF-GO;DEL07-GO;UOP02-DEL07-GO 
611542;"0         ";2024-07-02;terça-feira;09:20:00;GO;"414  ";"234  ";NIQUELANDIA;Não;Reação tardia ou ineficiente do condutor;1;Tombamento;Com Vítimas Feridas;Pleno dia;Decrescente;Céu Claro;Simples;Reta;Não  ;"1094189   ";Semireboque;REB/ROSSETTI SRBA ST3.25;"2021      ";"0";"0";"0    ";"0";"0 ";"0    ";"0    ";"0    ";-14.6867111;-48.5964198;SPRF-GO;DEL07-GO;UOP02-DEL07-GO 
611542;"1366255   ";2024-07-02;terça-feira;09:20:00;GO;"414  ";"234  ";NIQUELANDIA;Não;Avarias e/ou desgaste excessivo no pneu;1;Tombamento;Com Vítimas Feridas;Pleno dia;Decrescente;Céu Claro;Simples;Reta;Não  ;"1094187   ";Caminhão-trator;M.BENZ/AXOR 2644S6X4;"2020      ";Condutor;Lesões Leves;"35   ";Masculino;"0 ";"1    ";"0    ";"0    ";-14.6867111;-48.5964198;SPRF-GO;DEL07-GO;UOP02-DEL07-GO 
611542;"0         ";2024-07-02;terça-feira;09:20:00;GO;"414  ";"234  ";NIQUELANDIA;Não;Avarias e/ou desgaste excessivo no pneu;1;Tombamento;Com Vítimas Feridas;Pleno dia;Decrescente;Céu Claro;Simples;Reta;Não  ;"1094189   ";Semireboque;REB/ROSSETTI SRBA ST3.25;"2021      ";"0";"0";"0    ";"0";"0 ";"0    ";"0    ";"0    ";-14.6867111;-48.5964198;SPRF-GO;DEL07-GO;UOP02-DEL07-GO 
611542;"1366255   ";2024-07-02;terça-feira;09:20:00;GO;"414  ";"234  ";NIQUELANDIA;Sim;Condutor Dormindo;1;Tombamento;Com Vítimas Feridas;Pleno dia;Decrescente;Céu Claro;Simples;Reta;Não  ;"1094187   ";Caminhão-trator;M.BENZ/AXOR 2644S6X4;"2020      ";Condutor;Lesões Leves;"35   ";Masculino;"0 ";"1    ";"0    ";"0    ";-14.6867111;-48.5964198;SPRF-GO;DEL07-GO;UOP02-DEL07-GO 
611542;"0         ";2024-07-02;terça-feira;09:20:00;GO;"414  ";"234  ";NIQUELANDIA;Sim;Condutor Dormindo;1;Tombamento;Com Vítimas Feridas;Pleno dia;Decrescente;Céu Claro;Simples;Reta;Não  ;"1094189   ";Semireboque;REB/ROSSETTI SRBA ST3.25;"2021      ";"0";"0";"0    ";"0";"0 ";"0    ";"0    ";"0    ";-14.6867111;-48.5964198;SPRF-GO;DEL07-GO;UOP02-DEL07-GO 
611580;"1366568   ";2024-07-02;terça-feira;19:10:00;GO;"70   ";"32,2 ";COCALZINHO DE GOIAS;Sim;Ingestão de álcool pelo condutor;1;Saída de leito carroçável;Com Vítimas Feridas;Plena Noite;Decrescente;Céu Claro;Simples;Curva;Não  ;"1094447   ";Automóvel;FIAT/UNO MILLE;"1992      ";Condutor;Não Informado;"0    ";Não Informado;"0 ";"0    ";"0    ";"0    ";-15.7748802;-48.4685328;SPRF-DF;DEL03-DF;UOP02-DEL03-DF 
611580;"1366571   ";2024-07-02;terça-feira;19:10:00;GO;"70   ";"32,2 ";COCALZINHO DE GOIAS;Sim;Ingestão de álcool pelo condutor;1;Saída de leito carroçável;Com Vítimas Feridas;Plena Noite;Decrescente;Céu Claro;Simples;Curva;Não  ;"1094447   ";Automóvel;FIAT/UNO MILLE;"1992      ";Passageiro;Lesões Leves;"14   ";Feminino;"0 ";"1    ";"0    ";"0    ";-15.7748802;-48.4685328;SPRF-DF;DEL03-DF;UOP02-DEL03-DF 
611674;"1366624   ";2024-07-03;quarta-feira;08:20:00;DF;"20   ";"3,9  ";BRASILIA;Sim;Reação tardia ou ineficiente do condutor;1;Colisão traseira;Com Vítimas Feridas;Pleno dia;Decrescente;Céu Claro;Dupla;Reta;Não  ;"1094524   ";Motocicleta;HONDA/CG 160 FAN;"2023      ";Condutor;Lesões Leves;"23   ";Masculino;"0 ";"1    ";"0    ";"0    ";-15.6798510;-47.8322110;SPRF-DF;DEL02-DF;UOP01-DEL02-DF 
611674;"1366622   ";2024-07-03;quarta-feira;08:20:00;DF;"20   ";"3,9  ";BRASILIA;Sim;Reação tardia ou ineficiente do condutor;1;Colisão traseira;Com Vítimas Feridas;Pleno dia;Decrescente;Céu Claro;Dupla;Reta;Não  ;"1094523   ";Automóvel;I/FIAT SIENA EL FLEX;"2010      ";Condutor;Ileso;"38   ";Feminino;"1 ";"0    ";"0    ";"0    ";-15.6798510;-47.8322110;SPRF-DF;DEL02-DF;UOP01-DEL02-DF 
611679;"1366600   ";2024-06-17;segunda-feira;05:40:00;GO;"40   ";"18   ";LUZIANIA;Sim;Demais falhas mecânicas ou elétricas;1;Incêndio;Sem Vítimas;Pleno dia;Decrescente;Céu Claro;Dupla;Reta;Não  ;"1094503   ";Automóvel;GM/ZAFIRA COMFORT;"2004      ";Condutor;Ileso;"36   ";Masculino;"1 ";"0    ";"0    ";"0    ";-16.1934900;-47.9255750;SPRF-DF;DEL01-DF;UOP01-DEL01-DF 
611817;"1366956   ";2024-05-16;quinta-feira;07:05:00;DF;"20   ";"15   ";BRASILIA;Sim;Trafegar com motocicleta (ou similar) entre as faixas;1;Queda de ocupante de veículo;Com Vítimas Feridas;Pleno dia;Decrescente;Céu Claro;Dupla;Reta;Sim  ;"1094790   ";Motocicleta;HONDA/CG 160 FAN;"2023      ";Condutor;Lesões Leves;"23   ";Masculino;"0 ";"1    ";"0    ";"0    ";-15.6301890;-47.7332880;SPRF-DF;DEL02-DF;UOP01-DEL02-DF 
611817;"1366955   ";2024-05-16;quinta-feira;07:05:00;DF;"20   ";"15   ";BRASILIA;Sim;Trafegar com motocicleta (ou similar) entre as faixas;1;Queda de ocupante de veículo;Com Vítimas Feridas;Pleno dia;Decrescente;Céu Claro;Dupla;Reta;Sim  ;"1094790   ";Motocicleta;HONDA/CG 160 FAN;"2023      ";Passageiro;Lesões Graves;"23   ";Feminino;"0 ";"0    ";"1    ";"0    ";-15.6301890;-47.7332880;SPRF-DF;DEL02-DF;UOP01-DEL02-DF 
611864;"1370255   ";2024-07-04;quinta-feira;02:30:00;GO;"40   ";"44,7 ";LUZIANIA;Sim;Transtornos Mentais (exceto suicidio);1;Atropelamento de Pedestre;Com Vítimas Fatais;Plena Noite;Crescente;Ignorado;Simples;Reta;Não  ;"1094953   ";Caminhão;Não Informado/Não Informado;"0         ";Condutor;Não Informado;"0    ";Não Informado;"0 ";"0    ";"0    ";"0    ";-16.3931430;-47.8248690;SPRF-DF;DEL01-DF;UOP02-DEL01-DF 
611864;"1367130   ";2024-07-04;quinta-feira;02:30:00;GO;"40   ";"44,7 ";LUZIANIA;Sim;Transtornos Mentais (exceto suicidio);1;Atropelamento de Pedestre;Com Vítimas Fatais;Plena Noite;Crescente;Ignorado;Simples;Reta;Não  ;"0         ";"0";NA/NA;"0         ";Pedestre;Óbito;"0    ";Masculino;"0 ";"0    ";"0    ";"1    ";-16.3931430;-47.8248690;SPRF-DF;DEL01-DF;UOP02-DEL01-DF 
611871;"1367335   ";2024-07-04;quinta-feira;06:45:00;GO;"60   ";"37   ";ALEXANIA;Não;Ausência de reação do condutor;2;Saída de leito carroçável;Com Vítimas Feridas;Pleno dia;Decrescente;Céu Claro;Dupla;"Declive;Curva";Não  ;"1095131   ";Caminhão-trator;VOLVO/FM 370 4X2T;"2014      ";Condutor;Lesões Leves;"37   ";Masculino;"0 ";"1    ";"0    ";"0    ";-16.1147000;-48.5387000;SPRF-DF;DEL03-DF;UOP01-DEL03-DF 
611871;"0         ";2024-07-04;quinta-feira;06:45:00;GO;"60   ";"37   ";ALEXANIA;Não;Ausência de reação do condutor;2;Saída de leito carroçável;Com Vítimas Feridas;Pleno dia;Decrescente;Céu Claro;Dupla;"Declive;Curva";Não  ;"1095134   ";Semireboque;SR/RANDON SR TQ;"2014      ";"0";"0";"0    ";"0";"0 ";"0    ";"0    ";"0    ";-16.1147000;-48.5387000;SPRF-DF;DEL03-DF;UOP01-DEL03-DF 
611871;"1369256   ";2024-07-04;quinta-feira;06:45:00;GO;"60   ";"37   ";ALEXANIA;Não;Ausência de reação do condutor;2;Saída de leito carroçável;Com Vítimas Feridas;Pleno dia;Decrescente;Céu Claro;Dupla;"Declive;Curva";Não  ;"0         ";"0";NA/NA;"0         ";Testemunha;Não Informado;"0    ";Não Informado;"0 ";"0    ";"0    ";"0    ";-16.1147000;-48.5387000;SPRF-DF;DEL03-DF;UOP01-DEL03-DF 
611871;"1369255   ";2024-07-04;quinta-feira;06:45:00;GO;"60   ";"37   ";ALEXANIA;Não;Ausência de reação do condutor;2;Saída de leito carroçável;Com Vítimas Feridas;Pleno dia;Decrescente;Céu Claro;Dupla;"Declive;Curva";Não  ;"0         ";"0";NA/NA;"0         ";Testemunha;Não Informado;"0    ";Não Informado;"0 ";"0    ";"0    ";"0    ";-16.1147000;-48.5387000;SPRF-DF;DEL03-DF;UOP01-DEL03-DF 
611871;"1367335   ";2024-07-04;quinta-feira;06:45:00;GO;"60   ";"37   ";ALEXANIA;Sim;Condutor Dormindo;2;Saída de leito carroçável;Com Vítimas Feridas;Pleno dia;Decrescente;Céu Claro;Dupla;"Declive;Curva";Não  ;"1095131   ";Caminhão-trator;VOLVO/FM 370 4X2T;"2014      ";Condutor;Lesões Leves;"37   ";Masculino;"0 ";"1    ";"0    ";"0    ";-16.1147000;-48.5387000;SPRF-DF;DEL03-DF;UOP01-DEL03-DF 
611871;"0         ";2024-07-04;quinta-feira;06:45:00;GO;"60   ";"37   ";ALEXANIA;Sim;Condutor Dormindo;2;Saída de leito carroçável;Com Vítimas Feridas;Pleno dia;Decrescente;Céu Claro;Dupla;"Declive;Curva";Não  ;"1095134   ";Semireboque;SR/RANDON SR TQ;"2014      ";"0";"0";"0    ";"0";"0 ";"0    ";"0    ";"0    ";-16.1147000;-48.5387000;SPRF-DF;DEL03-DF;UOP01-DEL03-DF 
611871;"1369256   ";2024-07-04;quinta-feira;06:45:00;GO;"60   ";"37   ";ALEXANIA;Sim;Condutor Dormindo;2;Saída de leito carroçável;Com Vítimas Feridas;Pleno dia;Decrescente;Céu Claro;Dupla;"Declive;Curva";Não  ;"0         ";"0";NA/NA;"0         ";Testemunha;Não Informado;"0    ";Não Informado;"0 ";"0    ";"0    ";"0    ";-16.1147000;-48.5387000;SPRF-DF;DEL03-DF;UOP01-DEL03-DF 
611871;"1369255   ";2024-07-04;quinta-feira;06:45:00;GO;"60   ";"37   ";ALEXANIA;Sim;Condutor Dormindo;2;Saída de leito carroçável;Com Vítimas Feridas;Pleno dia;Decrescente;Céu Claro;Dupla;"Declive;Curva";Não  ;"0         ";"0";NA/NA;"0         ";Testemunha;Não Informado;"0    ";Não Informado;"0 ";"0    ";"0    ";"0    ";-16.1147000;-48.5387000;SPRF-DF;DEL03-DF;UOP01-DEL03-DF 
611871;"1367335   ";2024-07-04;quinta-feira;06:45:00;GO;"60   ";"37   ";ALEXANIA;Não;Ausência de reação do condutor;1;Colisão com objeto;Com Vítimas Feridas;Pleno dia;Decrescente;Céu Claro;Dupla;"Declive;Curva";Não  ;"1095131   ";Caminhão-trator;VOLVO/FM 370 4X2T;"2014      ";Condutor;Lesões Leves;"37   ";Masculino;"0 ";"1    ";"0    ";"0    ";-16.1147000;-48.5387000;SPRF-DF;DEL03-DF;UOP01-DEL03-DF 
611871;"0         ";2024-07-04;quinta-feira;06:45:00;GO;"60   ";"37   ";ALEXANIA;Não;Ausência de reação do condutor;1;Colisão com objeto;Com Vítimas Feridas;Pleno dia;Decrescente;Céu Claro;Dupla;"Declive;Curva";Não  ;"1095134   ";Semireboque;SR/RANDON SR TQ;"2014      ";"0";"0";"0    ";"0";"0 ";"0    ";"0    ";"0    ";-16.1147000;-48.5387000;SPRF-DF;DEL03-DF;UOP01-DEL03-DF 
611871;"1369256   ";2024-07-04;quinta-feira;06:45:00;GO;"60   ";"37   ";ALEXANIA;Não;Ausência de reação do condutor;1;Colisão com objeto;Com Vítimas Feridas;Pleno dia;Decrescente;Céu Claro;Dupla;"Declive;Curva";Não  ;"0         ";"0";NA/NA;"0         ";Testemunha;Não Informado;"0    ";Não Informado;"0 ";"0    ";"0    ";"0    ";-16.1147000;-48.5387000;SPRF-DF;DEL03-DF;UOP01-DEL03-DF 
611871;"1369255   ";2024-07-04;quinta-feira;06:45:00;GO;"60   ";"37   ";ALEXANIA;Não;Ausência de reação do condutor;1;Colisão com objeto;Com Vítimas Feridas;Pleno dia;Decrescente;Céu Claro;Dupla;"Declive;Curva";Não  ;"0         ";"0";NA/NA;"0         ";Testemunha;Não Informado;"0    ";Não Informado;"0 ";"0    ";"0    ";"0    ";-16.1147000;-48.5387000;SPRF-DF;DEL03-DF;UOP01-DEL03-DF 
611871;"1367335   ";2024-07-04;quinta-feira;06:45:00;GO;"60   ";"37   ";ALEXANIA;Sim;Condutor Dormindo;1;Colisão com objeto;Com Vítimas Feridas;Pleno dia;Decrescente;Céu Claro;Dupla;"Declive;Curva";Não  ;"1095131   ";Caminhão-trator;VOLVO/FM 370 4X2T;"2014      ";Condutor;Lesões Leves;"37   ";Masculino;"0 ";"1    ";"0    ";"0    ";-16.1147000;-48.5387000;SPRF-DF;DEL03-DF;UOP01-DEL03-DF 
611871;"0         ";2024-07-04;quinta-feira;06:45:00;GO;"60   ";"37   ";ALEXANIA;Sim;Condutor Dormindo;1;Colisão com objeto;Com Vítimas Feridas;Pleno dia;Decrescente;Céu Claro;Dupla;"Declive;Curva";Não  ;"1095134   ";Semireboque;SR/RANDON SR TQ;"2014      ";"0";"0";"0    ";"0";"0 ";"0    ";"0    ";"0    ";-16.1147000;-48.5387000;SPRF-DF;DEL03-DF;UOP01-DEL03-DF 
611871;"1369256   ";2024-07-04;quinta-feira;06:45:00;GO;"60   ";"37   ";ALEXANIA;Sim;Condutor Dormindo;1;Colisão com objeto;Com Vítimas Feridas;Pleno dia;Decrescente;Céu Claro;Dupla;"Declive;Curva";Não  ;"0         ";"0";NA/NA;"0         ";Testemunha;Não Informado;"0    ";Não Informado;"0 ";"0    ";"0    ";"0    ";-16.1147000;-48.5387000;SPRF-DF;DEL03-DF;UOP01-DEL03-DF 
611871;"1369255   ";2024-07-04;quinta-feira;06:45:00;GO;"60   ";"37   ";ALEXANIA;Sim;Condutor Dormindo;1;Colisão com objeto;Com Vítimas Feridas;Pleno dia;Decrescente;Céu Claro;Dupla;"Declive;Curva";Não  ;"0         ";"0";NA/NA;"0         ";Testemunha;Não Informado;"0    ";Não Informado;"0 ";"0    ";"0    ";"0    ";-16.1147000;-48.5387000;SPRF-DF;DEL03-DF;UOP01-DEL03-DF 
611939;"1367637   ";2024-07-04;quinta-feira;11:46:00;GO;"40   ";"8    ";LUZIANIA;Sim;Ausência de reação do condutor;1;Atropelamento de Pedestre;Com Vítimas Feridas;Pleno dia;Crescente;Céu Claro;Dupla;Reta;Sim  ;"1095386   ";Caminhonete;FIAT/FIORINO CIRILO AMB;"2010      ";Condutor;Ileso;"30   ";Masculino;"1 ";"0    ";"0    ";"0    ";-16.1161580;-47.9676100;SPRF-DF;DEL01-DF;UOP01-DEL01-DF 
611939;"1367639   ";2024-07-04;quinta-feira;11:46:00;GO;"40   ";"8    ";LUZIANIA;Sim;Ausência de reação do condutor;1;Atropelamento de Pedestre;Com Vítimas Feridas;Pleno dia;Crescente;Céu Claro;Dupla;Reta;Sim  ;"0         ";"0";NA/NA;"0         ";Pedestre;Lesões Leves;"71   ";Feminino;"0 ";"1    ";"0    ";"0    ";-16.1161580;-47.9676100;SPRF-DF;DEL01-DF;UOP01-DEL01-DF 
611998;"1367469   ";2024-07-04;quinta-feira;17:00:00;GO;"70   ";"1    ";AGUAS LINDAS DE GOIAS;Não;Carga excessiva e/ou mal acondicionada;1;Saída de leito carroçável;Com Vítimas Feridas;Pleno dia;Decrescente;Céu Claro;Dupla;"Reta;Declive";Não  ;"1095235   ";Automóvel;VW/NOVO VOYAGE 1.6 CITY;"2013      ";Passageiro;Ileso;"38   ";Masculino;"1 ";"0    ";"0    ";"0    ";-15.7757935;-48.2325900;SPRF-DF;DEL03-DF;UOP02-DEL03-DF 
611998;"1367464   ";2024-07-04;quinta-feira;17:00:00;GO;"70   ";"1    ";AGUAS LINDAS DE GOIAS;Não;Carga excessiva e/ou mal acondicionada;1;Saída de leito carroçável;Com Vítimas Feridas;Pleno dia;Decrescente;Céu Claro;Dupla;"Reta;Declive";Não  ;"1095235   ";Automóvel;VW/NOVO VOYAGE 1.6 CITY;"2013      ";Condutor;Lesões Leves;"36   ";Feminino;"0 ";"1    ";"0    ";"0    ";-15.7757935;-48.2325900;SPRF-DF;DEL03-DF;UOP02-DEL03-DF 