id;pesid;data_inversa;dia_semana;horario;uf;br;km;municipio;causa_principal;causa_acidente;ordem_tipo_acidente;tipo_acidente;classificacao_acidente;fase_dia;sentido_via;condicao_metereologica;tipo_pista;tracado_via;uso_solo;id_veiculo;tipo_veiculo;marca;ano_fabricacao_veiculo;tipo_envolvido;estado_fisico;idade;sexo;ilesos;feridos_leves;feridos_graves;mortos;latitude;longitude;regional;delegacia;uop
611998;"0         ";2024-07-04;quinta-feira;17:00:00;GO;"70   ";"1    ";AGUAS LINDAS DE GOIAS;Não;Carga excessiva e/ou mal acondicionada;1;Saída de leito carroçável;Com Vítimas Feridas;Pleno dia;Decrescente;Céu Claro;Dupla;"Reta;Declive";Não  ;"1095240   ";Reboque;R/DIVINO SANTAFE AB 500;"2011      ";"0";"0";"0    ";"0";"0 ";"0    ";"0    ";"0    ";-15.7757935;-48.2325900;SPRF-DF;DEL03-DF;UOP02-DEL03-DF 
611998;"1367469   ";2024-07-04;quinta-feira;17:00:00;GO;"70   ";"1    ";AGUAS LINDAS DE GOIAS;Sim;Avarias e/ou desgaste excessivo no pneu;1;Saída de leito carroçável;Com Vítimas Feridas;Pleno dia;Decrescente;Céu Claro;Dupla;"Reta;Declive";Não  ;"1095235   ";Automóvel;VW/NOVO VOYAGE 1.6 CITY;"2013      ";Passageiro;Ileso;"38   ";Masculino;"1 ";"0    ";"0    ";"0    ";-15.7757935;-48.2325900;SPRF-DF;DEL03-DF;UOP02-DEL03-DF 
611998;"1367464   ";2024-07-04;quinta-feira;17:00:00;GO;"70   ";"1    ";AGUAS LINDAS DE GOIAS;Sim;Avarias e/ou desgaste excessivo no pneu;1;Saída de leito carroçável;Com Vítimas Feridas;Pleno dia;Decrescente;Céu Claro;Dupla;"Reta;Declive";Não  ;"1095235   ";Automóvel;VW/NOVO VOYAGE 1.6 CITY;"2013      ";Condutor;Lesões Leves;"36   ";Feminino;"0 ";"1    ";"0    ";"0    ";-15.7757935;-48.2325900;SPRF-DF;DEL03-DF;UOP02-DEL03-DF 
611998;"0         ";2024-07-04;quinta-feira;17:00:00;GO;"70   ";"1    ";AGUAS LINDAS DE GOIAS;Sim;Avarias e/ou desgaste excessivo no pneu;1;Saída de leito carroçável;Com Vítimas Feridas;Pleno dia;Decrescente;Céu Claro;Dupla;"Reta;Declive";Não  ;"1095240   ";Reboque;R/DIVINO SANTAFE AB 500;"2011      ";"0";"0";"0    ";"0";"0 ";"0    ";"0    ";"0    ";-15.7757935;-48.2325900;SPRF-DF;DEL03-DF;UOP02-DEL03-DF 
612014;"1369895   ";2024-07-04;quinta-feira;17:10:00;DF;"20   ";"5,6  ";BRASILIA;Sim;Ausência de reação do condutor;1;Engavetamento;Com Vítimas Feridas;Anoitecer;Crescente;Céu Claro;Dupla;Declive;Sim  ;"1097096   ";Caminhonete;FIAT/STRADA FREEDOM CD13;"2023      ";Condutor;Ileso;"49   ";Masculino;"1 ";"0    ";"0    ";"0    ";-15.6705460;-47.8160440;SPRF-DF;DEL02-DF;UOP01-DEL02-DF 
612014;"1369892   ";2024-07-04;quinta-feira;17:10:00;DF;"20   ";"5,6  ";BRASILIA;Sim;Ausência de reação do condutor;1;Engavetamento;Com Vítimas Feridas;Anoitecer;Crescente;Céu Claro;Dupla;Declive;Sim  ;"1097090   ";Caminhonete;FIAT/TORO ENDURANCE ATD4;"2020      ";Condutor;Ileso;"62   ";Masculino;"1 ";"0    ";"0    ";"0    ";-15.6705460;-47.8160440;SPRF-DF;DEL02-DF;UOP01-DEL02-DF 
612014;"1369893   ";2024-07-04;quinta-feira;17:10:00;DF;"20   ";"5,6  ";BRASILIA;Sim;Ausência de reação do condutor;1;Engavetamento;Com Vítimas Feridas;Anoitecer;Crescente;Céu Claro;Dupla;Declive;Sim  ;"1097090   ";Caminhonete;FIAT/TORO ENDURANCE ATD4;"2020      ";Passageiro;Lesões Leves;"61   ";Feminino;"0 ";"1    ";"0    ";"0    ";-15.6705460;-47.8160440;SPRF-DF;DEL02-DF;UOP01-DEL02-DF 
612014;"1369894   ";2024-07-04;quinta-feira;17:10:00;DF;"20   ";"5,6  ";BRASILIA;Sim;Ausência de reação do condutor;1;Engavetamento;Com Vítimas Feridas;Anoitecer;Crescente;Céu Claro;Dupla;Declive;Sim  ;"1097092   ";Automóvel;TOYOTA/ETIOS SD XS 15 MT;"2017      ";Condutor;Ileso;"27   ";Feminino;"1 ";"0    ";"0    ";"0    ";-15.6705460;-47.8160440;SPRF-DF;DEL02-DF;UOP01-DEL02-DF 
612017;"1367648   ";2024-07-04;quinta-feira;18:54:00;GO;"40   ";"15   ";LUZIANIA;Não;Ausência de reação do condutor;1;Colisão traseira;Com Vítimas Feridas;Plena Noite;Crescente;Céu Claro;Dupla;Reta;Sim  ;"1095394   ";Camioneta;RENAULT/DUSTER INTP MT;"2024      ";Condutor;Ileso;"24   ";Masculino;"1 ";"0    ";"0    ";"0    ";-16.1671000;-47.9301610;SPRF-DF;DEL01-DF;UOP01-DEL01-DF 
612017;"1370500   ";2024-07-04;quinta-feira;18:54:00;GO;"40   ";"15   ";LUZIANIA;Não;Ausência de reação do condutor;1;Colisão traseira;Com Vítimas Feridas;Plena Noite;Crescente;Céu Claro;Dupla;Reta;Sim  ;"1095394   ";Camioneta;RENAULT/DUSTER INTP MT;"2024      ";Passageiro;Ileso;"24   ";Masculino;"1 ";"0    ";"0    ";"0    ";-16.1671000;-47.9301610;SPRF-DF;DEL01-DF;UOP01-DEL01-DF 
612017;"1370390   ";2024-07-04;quinta-feira;18:54:00;GO;"40   ";"15   ";LUZIANIA;Não;Ausência de reação do condutor;1;Colisão traseira;Com Vítimas Feridas;Plena Noite;Crescente;Céu Claro;Dupla;Reta;Sim  ;"1097501   ";Motocicleta;HONDA/CG 160 TITAN;"2022      ";Condutor;Lesões Leves;"31   ";Masculino;"0 ";"1    ";"0    ";"0    ";-16.1671000;-47.9301610;SPRF-DF;DEL01-DF;UOP01-DEL01-DF 
612017;"1367648   ";2024-07-04;quinta-feira;18:54:00;GO;"40   ";"15   ";LUZIANIA;Sim;Condutor deixou de manter distância do veículo da frente;1;Colisão traseira;Com Vítimas Feridas;Plena Noite;Crescente;Céu Claro;Dupla;Reta;Sim  ;"1095394   ";Camioneta;RENAULT/DUSTER INTP MT;"2024      ";Condutor;Ileso;"24   ";Masculino;"1 ";"0    ";"0    ";"0    ";-16.1671000;-47.9301610;SPRF-DF;DEL01-DF;UOP01-DEL01-DF 
612017;"1370500   ";2024-07-04;quinta-feira;18:54:00;GO;"40   ";"15   ";LUZIANIA;Sim;Condutor deixou de manter distância do veículo da frente;1;Colisão traseira;Com Vítimas Feridas;Plena Noite;Crescente;Céu Claro;Dupla;Reta;Sim  ;"1095394   ";Camioneta;RENAULT/DUSTER INTP MT;"2024      ";Passageiro;Ileso;"24   ";Masculino;"1 ";"0    ";"0    ";"0    ";-16.1671000;-47.9301610;SPRF-DF;DEL01-DF;UOP01-DEL01-DF 
612017;"1370390   ";2024-07-04;quinta-feira;18:54:00;GO;"40   ";"15   ";LUZIANIA;Sim;Condutor deixou de manter distância do veículo da frente;1;Colisão traseira;Com Vítimas Feridas;Plena Noite;Crescente;Céu Claro;Dupla;Reta;Sim  ;"1097501   ";Motocicleta;HONDA/CG 160 TITAN;"2022      ";Condutor;Lesões Leves;"31   ";Masculino;"0 ";"1    ";"0    ";"0    ";-16.1671000;-47.9301610;SPRF-DF;DEL01-DF;UOP01-DEL01-DF 
612051;"1367596   ";2024-07-04;quinta-feira;21:46:00;DF;"20   ";"10   ";BRASILIA;Sim;Manobra de mudança de faixa;2;Saída de leito carroçável;Sem Vítimas;Plena Noite;Crescente;Céu Claro;Múltipla;Reta;Sim  ;"1095346   ";Automóvel;I/FIAT CRONOS DRIVE 1.3;"2023      ";Condutor;Ileso;"46   ";Masculino;"1 ";"0    ";"0    ";"0    ";-15.6502430;-47.7738720;SPRF-DF;DEL02-DF;UOP01-DEL02-DF 
612051;"1367598   ";2024-07-04;quinta-feira;21:46:00;DF;"20   ";"10   ";BRASILIA;Sim;Manobra de mudança de faixa;2;Saída de leito carroçável;Sem Vítimas;Plena Noite;Crescente;Céu Claro;Múltipla;Reta;Sim  ;"1095348   ";Caminhonete;FIAT/STRADA WORKING;"2014      ";Condutor;Ileso;"60   ";Masculino;"1 ";"0    ";"0    ";"0    ";-15.6502430;-47.7738720;SPRF-DF;DEL02-DF;UOP01-DEL02-DF 
612051;"1367596   ";2024-07-04;quinta-feira;21:46:00;DF;"20   ";"10   ";BRASILIA;Sim;Manobra de mudança de faixa;1;Colisão lateral mesmo sentido;Sem Vítimas;Plena Noite;Crescente;Céu Claro;Múltipla;Reta;Sim  ;"1095346   ";Automóvel;I/FIAT CRONOS DRIVE 1.3;"2023      ";Condutor;Ileso;"46   ";Masculino;"1 ";"0    ";"0    ";"0    ";-15.6502430;-47.7738720;SPRF-DF;DEL02-DF;UOP01-DEL02-DF 
612051;"1367598   ";2024-07-04;quinta-feira;21:46:00;DF;"20   ";"10   ";BRASILIA;Sim;Manobra de mudança de faixa;1;Colisão lateral mesmo sentido;Sem Vítimas;Plena Noite;Crescente;Céu Claro;Múltipla;Reta;Sim  ;"1095348   ";Caminhonete;FIAT/STRADA WORKING;"2014      ";Condutor;Ileso;"60   ";Masculino;"1 ";"0    ";"0    ";"0    ";-15.6502430;-47.7738720;SPRF-DF;DEL02-DF;UOP01-DEL02-DF 
612056;"1367645   ";2024-07-04;quinta-feira;22:30:00;DF;"40   ";"5,5  ";BRASILIA;Não;Velocidade Incompatível;3;Tombamento;Com Vítimas Feridas;Plena Noite;Crescente;Céu Claro;Dupla;Reta;Sim  ;"1095391   ";Automóvel;VW/NOVO GOL 1.6;"2013      ";Condutor;Ileso;"29   ";Masculino;"1 ";"0    ";"0    ";"0    ";-16.0261806;-47.9795051;SPRF-DF;DEL01-DF;UOP01-DEL01-DF 
612056;"1367644   ";2024-07-04;quinta-feira;22:30:00;DF;"40   ";"5,5  ";BRASILIA;Não;Velocidade Incompatível;3;Tombamento;Com Vítimas Feridas;Plena Noite;Crescente;Céu Claro;Dupla;Reta;Sim  ;"1095392   ";Motocicleta;HONDA/CG 160 FAN;"2022      ";Condutor;Lesões Leves;"38   ";Masculino;"0 ";"1    ";"0    ";"0    ";-16.0261806;-47.9795051;SPRF-DF;DEL01-DF;UOP01-DEL01-DF 
612056;"1367645   ";2024-07-04;quinta-feira;22:30:00;DF;"40   ";"5,5  ";BRASILIA;Sim;Manobra de mudança de faixa;3;Tombamento;Com Vítimas Feridas;Plena Noite;Crescente;Céu Claro;Dupla;Reta;Sim  ;"1095391   ";Automóvel;VW/NOVO GOL 1.6;"2013      ";Condutor;Ileso;"29   ";Masculino;"1 ";"0    ";"0    ";"0    ";-16.0261806;-47.9795051;SPRF-DF;DEL01-DF;UOP01-DEL01-DF 
612056;"1367644   ";2024-07-04;quinta-feira;22:30:00;DF;"40   ";"5,5  ";BRASILIA;Sim;Manobra de mudança de faixa;3;Tombamento;Com Vítimas Feridas;Plena Noite;Crescente;Céu Claro;Dupla;Reta;Sim  ;"1095392   ";Motocicleta;HONDA/CG 160 FAN;"2022      ";Condutor;Lesões Leves;"38   ";Masculino;"0 ";"1    ";"0    ";"0    ";-16.0261806;-47.9795051;SPRF-DF;DEL01-DF;UOP01-DEL01-DF 
612056;"1367645   ";2024-07-04;quinta-feira;22:30:00;DF;"40   ";"5,5  ";BRASILIA;Não;Velocidade Incompatível;2;Queda de ocupante de veículo;Com Vítimas Feridas;Plena Noite;Crescente;Céu Claro;Dupla;Reta;Sim  ;"1095391   ";Automóvel;VW/NOVO GOL 1.6;"2013      ";Condutor;Ileso;"29   ";Masculino;"1 ";"0    ";"0    ";"0    ";-16.0261806;-47.9795051;SPRF-DF;DEL01-DF;UOP01-DEL01-DF 
612056;"1367644   ";2024-07-04;quinta-feira;22:30:00;DF;"40   ";"5,5  ";BRASILIA;Não;Velocidade Incompatível;2;Queda de ocupante de veículo;Com Vítimas Feridas;Plena Noite;Crescente;Céu Claro;Dupla;Reta;Sim  ;"1095392   ";Motocicleta;HONDA/CG 160 FAN;"2022      ";Condutor;Lesões Leves;"38   ";Masculino;"0 ";"1    ";"0    ";"0    ";-16.0261806;-47.9795051;SPRF-DF;DEL01-DF;UOP01-DEL01-DF 
612056;"1367645   ";2024-07-04;quinta-feira;22:30:00;DF;"40   ";"5,5  ";BRASILIA;Sim;Manobra de mudança de faixa;2;Queda de ocupante de veículo;Com Vítimas Feridas;Plena Noite;Crescente;Céu Claro;Dupla;Reta;Sim  ;"1095391   ";Automóvel;VW/NOVO GOL 1.6;"2013      ";Condutor;Ileso;"29   ";Masculino;"1 ";"0    ";"0    ";"0    ";-16.0261806;-47.9795051;SPRF-DF;DEL01-DF;UOP01-DEL01-DF 
612056;"1367644   ";2024-07-04;quinta-feira;22:30:00;DF;"40   ";"5,5  ";BRASILIA;Sim;Manobra de mudança de faixa;2;Queda de ocupante de veículo;Com Vítimas Feridas;Plena Noite;Crescente;Céu Claro;Dupla;Reta;Sim  ;"1095392   ";Motocicleta;HONDA/CG 160 FAN;"2022      ";Condutor;Lesões Leves;"38   ";Masculino;"0 ";"1    ";"0    ";"0    ";-16.0261806;-47.9795051;SPRF-DF;DEL01-DF;UOP01-DEL01-DF 
612056;"1367645   ";2024-07-04;quinta-feira;22:30:00;DF;"40   ";"5,5  ";BRASILIA;Não;Velocidade Incompatível;1;Colisão lateral mesmo sentido;Com Vítimas Feridas;Plena Noite;Crescente;Céu Claro;Dupla;Reta;Sim  ;"1095391   ";Automóvel;VW/NOVO GOL 1.6;"2013      ";Condutor;Ileso;"29   ";Masculino;"1 ";"0    ";"0    ";"0    ";-16.0261806;-47.9795051;SPRF-DF;DEL01-DF;UOP01-DEL01-DF 
612056;"1367644   ";2024-07-04;quinta-feira;22:30:00;DF;"40   ";"5,5  ";BRASILIA;Não;Velocidade Incompatível;1;Colisão lateral mesmo sentido;Com Vítimas Feridas;Plena Noite;Crescente;Céu Claro;Dupla;Reta;Sim  ;"1095392   ";Motocicleta;HONDA/CG 160 FAN;"2022      ";Condutor;Lesões Leves;"38   ";Masculino;"0 ";"1    ";"0    ";"0    ";-16.0261806;-47.9795051;SPRF-DF;DEL01-DF;UOP01-DEL01-DF 
612056;"1367645   ";2024-07-04;quinta-feira;22:30:00;DF;"40   ";"5,5  ";BRASILIA;Sim;Manobra de mudança de faixa;1;Colisão lateral mesmo sentido;Com Vítimas Feridas;Plena Noite;Crescente;Céu Claro;Dupla;Reta;Sim  ;"1095391   ";Automóvel;VW/NOVO GOL 1.6;"2013      ";Condutor;Ileso;"29   ";Masculino;"1 ";"0    ";"0    ";"0    ";-16.0261806;-47.9795051;SPRF-DF;DEL01-DF;UOP01-DEL01-DF 
612056;"1367644   ";2024-07-04;quinta-feira;22:30:00;DF;"40   ";"5,5  ";BRASILIA;Sim;Manobra de mudança de faixa;1;Colisão lateral mesmo sentido;Com Vítimas Feridas;Plena Noite;Crescente;Céu Claro;Dupla;Reta;Sim  ;"1095392   ";Motocicleta;HONDA/CG 160 FAN;"2022      ";Condutor;Lesões Leves;"38   ";Masculino;"0 ";"1    ";"0    ";"0    ";-16.0261806;-47.9795051;SPRF-DF;DEL01-DF;UOP01-DEL01-DF 
612078;"1367643   ";2024-07-05;sexta-feira;05:58:00;GO;"40   ";"1    ";VALPARAISO DE GOIAS;Sim;Acessar a via sem observar a presença dos outros veículos;1;Atropelamento de Pedestre;Com Vítimas Feridas;Amanhecer;Crescente;Céu Claro;Dupla;Reta;Sim  ;"1095390   ";Automóvel;FIAT/SIENA ATTRACTIV 1.4;"2018      ";Condutor;Ileso;"48   ";Masculino;"1 ";"0    ";"0    ";"0    ";-16.0582450;-47.9828250;SPRF-DF;DEL01-DF;UOP01-DEL01-DF 
612078;"1376995   ";2024-07-05;sexta-feira;05:58:00;GO;"40   ";"1    ";VALPARAISO DE GOIAS;Sim;Acessar a via sem observar a presença dos outros veículos;1;Atropelamento de Pedestre;Com Vítimas Feridas;Amanhecer;Crescente;Céu Claro;Dupla;Reta;Sim  ;"0         ";"0";NA/NA;"0         ";Pedestre;Lesões Leves;"31   ";Masculino;"0 ";"1    ";"0    ";"0    ";-16.0582450;-47.9828250;SPRF-DF;DEL01-DF;UOP01-DEL01-DF 
612150;"1367867   ";2024-07-05;sexta-feira;11:07:00;GO;"40   ";"24,8 ";LUZIANIA;Não;Velocidade Incompatível;2;Queda de ocupante de veículo;Com Vítimas Fatais;Pleno dia;Crescente;Céu Claro;Simples;Reta;Sim  ;"1095576   ";Automóvel;VW/GOLF 1.6 SPORTLINE;"2009      ";Condutor;Ileso;"56   ";Masculino;"1 ";"0    ";"0    ";"0    ";-16.2504953;-47.9022419;SPRF-DF;DEL01-DF;UOP01-DEL01-DF 
612150;"1367865   ";2024-07-05;sexta-feira;11:07:00;GO;"40   ";"24,8 ";LUZIANIA;Não;Velocidade Incompatível;2;Queda de ocupante de veículo;Com Vítimas Fatais;Pleno dia;Crescente;Céu Claro;Simples;Reta;Sim  ;"1095577   ";Motocicleta;KASINSKI/MIRAGE 150 50;"2012      ";Condutor;Óbito;"55   ";Masculino;"0 ";"0    ";"0    ";"1    ";-16.2504953;-47.9022419;SPRF-DF;DEL01-DF;UOP01-DEL01-DF 
612150;"1367867   ";2024-07-05;sexta-feira;11:07:00;GO;"40   ";"24,8 ";LUZIANIA;Não;Acesso irregular;2;Queda de ocupante de veículo;Com Vítimas Fatais;Pleno dia;Crescente;Céu Claro;Simples;Reta;Sim  ;"1095576   ";Automóvel;VW/GOLF 1.6 SPORTLINE;"2009      ";Condutor;Ileso;"56   ";Masculino;"1 ";"0    ";"0    ";"0    ";-16.2504953;-47.9022419;SPRF-DF;DEL01-DF;UOP01-DEL01-DF 
612150;"1367865   ";2024-07-05;sexta-feira;11:07:00;GO;"40   ";"24,8 ";LUZIANIA;Não;Acesso irregular;2;Queda de ocupante de veículo;Com Vítimas Fatais;Pleno dia;Crescente;Céu Claro;Simples;Reta;Sim  ;"1095577   ";Motocicleta;KASINSKI/MIRAGE 150 50;"2012      ";Condutor;Óbito;"55   ";Masculino;"0 ";"0    ";"0    ";"1    ";-16.2504953;-47.9022419;SPRF-DF;DEL01-DF;UOP01-DEL01-DF 
612150;"1367867   ";2024-07-05;sexta-feira;11:07:00;GO;"40   ";"24,8 ";LUZIANIA;Sim;Acessar a via sem observar a presença dos outros veículos;2;Queda de ocupante de veículo;Com Vítimas Fatais;Pleno dia;Crescente;Céu Claro;Simples;Reta;Sim  ;"1095576   ";Automóvel;VW/GOLF 1.6 SPORTLINE;"2009      ";Condutor;Ileso;"56   ";Masculino;"1 ";"0    ";"0    ";"0    ";-16.2504953;-47.9022419;SPRF-DF;DEL01-DF;UOP01-DEL01-DF 
612150;"1367865   ";2024-07-05;sexta-feira;11:07:00;GO;"40   ";"24,8 ";LUZIANIA;Sim;Acessar a via sem observar a presença dos outros veículos;2;Queda de ocupante de veículo;Com Vítimas Fatais;Pleno dia;Crescente;Céu Claro;Simples;Reta;Sim  ;"1095577   ";Motocicleta;KASINSKI/MIRAGE 150 50;"2012      ";Condutor;Óbito;"55   ";Masculino;"0 ";"0    ";"0    ";"1    ";-16.2504953;-47.9022419;SPRF-DF;DEL01-DF;UOP01-DEL01-DF 
612150;"1367867   ";2024-07-05;sexta-feira;11:07:00;GO;"40   ";"24,8 ";LUZIANIA;Não;Velocidade Incompatível;1;Colisão transversal;Com Vítimas Fatais;Pleno dia;Crescente;Céu Claro;Simples;Reta;Sim  ;"1095576   ";Automóvel;VW/GOLF 1.6 SPORTLINE;"2009      ";Condutor;Ileso;"56   ";Masculino;"1 ";"0    ";"0    ";"0    ";-16.2504953;-47.9022419;SPRF-DF;DEL01-DF;UOP01-DEL01-DF 
612150;"1367865   ";2024-07-05;sexta-feira;11:07:00;GO;"40   ";"24,8 ";LUZIANIA;Não;Velocidade Incompatível;1;Colisão transversal;Com Vítimas Fatais;Pleno dia;Crescente;Céu Claro;Simples;Reta;Sim  ;"1095577   ";Motocicleta;KASINSKI/MIRAGE 150 50;"2012      ";Condutor;Óbito;"55   ";Masculino;"0 ";"0    ";"0    ";"1    ";-16.2504953;-47.9022419;SPRF-DF;DEL01-DF;UOP01-DEL01-DF 
612150;"1367867   ";2024-07-05;sexta-feira;11:07:00;GO;"40   ";"24,8 ";LUZIANIA;Não;Acesso irregular;1;Colisão transversal;Com Vítimas Fatais;Pleno dia;Crescente;Céu Claro;Simples;Reta;Sim  ;"1095576   ";Automóvel;VW/GOLF 1.6 SPORTLINE;"2009      ";Condutor;Ileso;"56   ";Masculino;"1 ";"0    ";"0    ";"0    ";-16.2504953;-47.9022419;SPRF-DF;DEL01-DF;UOP01-DEL01-DF 
612150;"1367865   ";2024-07-05;sexta-feira;11:07:00;GO;"40   ";"24,8 ";LUZIANIA;Não;Acesso irregular;1;Colisão transversal;Com Vítimas Fatais;Pleno dia;Crescente;Céu Claro;Simples;Reta;Sim  ;"1095577   ";Motocicleta;KASINSKI/MIRAGE 150 50;"2012      ";Condutor;Óbito;"55   ";Masculino;"0 ";"0    ";"0    ";"1    ";-16.2504953;-47.9022419;SPRF-DF;DEL01-DF;UOP01-DEL01-DF 
612150;"1367867   ";2024-07-05;sexta-feira;11:07:00;GO;"40   ";"24,8 ";LUZIANIA;Sim;Acessar a via sem observar a presença dos outros veículos;1;Colisão transversal;Com Vítimas Fatais;Pleno dia;Crescente;Céu Claro;Simples;Reta;Sim  ;"1095576   ";Automóvel;VW/GOLF 1.6 SPORTLINE;"2009      ";Condutor;Ileso;"56   ";Masculino;"1 ";"0    ";"0    ";"0    ";-16.2504953;-47.9022419;SPRF-DF;DEL01-DF;UOP01-DEL01-DF 
612150;"1367865   ";2024-07-05;sexta-feira;11:07:00;GO;"40   ";"24,8 ";LUZIANIA;Sim;Acessar a via sem observar a presença dos outros veículos;1;Colisão transversal;Com Vítimas Fatais;Pleno dia;Crescente;Céu Claro;Simples;Reta;Sim  ;"1095577   ";Motocicleta;KASINSKI/MIRAGE 150 50;"2012      ";Condutor;Óbito;"55   ";Masculino;"0 ";"0    ";"0    ";"1    ";-16.2504953;-47.9022419;SPRF-DF;DEL01-DF;UOP01-DEL01-DF 
612192;"1368352   ";2024-07-05;sexta-feira;14:55:00;DF;"251  ";"41   ";BRASILIA;Sim;Conversão proibida;1;Colisão traseira;Com Vítimas Feridas;Pleno dia;Crescente;Céu Claro;Simples;Reta;Sim  ;"1095934   ";Automóvel;I/CHEVROLET AGILE LTZ;"2012      ";Condutor;Ileso;"36   ";Masculino;"1 ";"0    ";"0    ";"0    ";-15.9337540;-47.8170890;SPRF-DF;DEL01-DF;UOP01-DEL01-DF 
612192;"1368353   ";2024-07-05;sexta-feira;14:55:00;DF;"251  ";"41   ";BRASILIA;Sim;Conversão proibida;1;Colisão traseira;Com Vítimas Feridas;Pleno dia;Crescente;Céu Claro;Simples;Reta;Sim  ;"1095935   ";Motocicleta;HONDA/CG 160 START;"2018      ";Condutor;Lesões Graves;"23   ";Masculino;"0 ";"0    ";"1    ";"0    ";-15.9337540;-47.8170890;SPRF-DF;DEL01-DF;UOP01-DEL01-DF 
612247;"1368198   ";2024-07-05;sexta-feira;18:19:00;DF;"40   ";"7,7  ";BRASILIA;Não;Pedestre cruzava a pista fora da faixa;1;Atropelamento de Pedestre;Com Vítimas Feridas;Plena Noite;Crescente;Céu Claro;Dupla;Reta;Sim  ;"1095791   ";Camioneta;VW/KOMBI;"2010      ";Condutor;Ileso;"23   ";Masculino;"1 ";"0    ";"0    ";"0    ";-16.0448958;-47.9807603;SPRF-DF;DEL01-DF;UOP01-DEL01-DF 
612247;"1370206   ";2024-07-05;sexta-feira;18:19:00;DF;"40   ";"7,7  ";BRASILIA;Não;Pedestre cruzava a pista fora da faixa;1;Atropelamento de Pedestre;Com Vítimas Feridas;Plena Noite;Crescente;Céu Claro;Dupla;Reta;Sim  ;"0         ";"0";NA/NA;"0         ";Testemunha;Não Informado;"0    ";Não Informado;"0 ";"0    ";"0    ";"0    ";-16.0448958;-47.9807603;SPRF-DF;DEL01-DF;UOP01-DEL01-DF 
612247;"1370314   ";2024-07-05;sexta-feira;18:19:00;DF;"40   ";"7,7  ";BRASILIA;Não;Pedestre cruzava a pista fora da faixa;1;Atropelamento de Pedestre;Com Vítimas Feridas;Plena Noite;Crescente;Céu Claro;Dupla;Reta;Sim  ;"0         ";"0";NA/NA;"0         ";Testemunha;Não Informado;"0    ";Não Informado;"0 ";"0    ";"0    ";"0    ";-16.0448958;-47.9807603;SPRF-DF;DEL01-DF;UOP01-DEL01-DF 
612247;"1368199   ";2024-07-05;sexta-feira;18:19:00;DF;"40   ";"7,7  ";BRASILIA;Não;Pedestre cruzava a pista fora da faixa;1;Atropelamento de Pedestre;Com Vítimas Feridas;Plena Noite;Crescente;Céu Claro;Dupla;Reta;Sim  ;"0         ";"0";NA/NA;"0         ";Pedestre;Lesões Graves;"35   ";Masculino;"0 ";"0    ";"1    ";"0    ";-16.0448958;-47.9807603;SPRF-DF;DEL01-DF;UOP01-DEL01-DF 
612247;"1368198   ";2024-07-05;sexta-feira;18:19:00;DF;"40   ";"7,7  ";BRASILIA;Sim;Transitar no Acostamento;1;Atropelamento de Pedestre;Com Vítimas Feridas;Plena Noite;Crescente;Céu Claro;Dupla;Reta;Sim  ;"1095791   ";Camioneta;VW/KOMBI;"2010      ";Condutor;Ileso;"23   ";Masculino;"1 ";"0    ";"0    ";"0    ";-16.0448958;-47.9807603;SPRF-DF;DEL01-DF;UOP01-DEL01-DF 
612247;"1370206   ";2024-07-05;sexta-feira;18:19:00;DF;"40   ";"7,7  ";BRASILIA;Sim;Transitar no Acostamento;1;Atropelamento de Pedestre;Com Vítimas Feridas;Plena Noite;Crescente;Céu Claro;Dupla;Reta;Sim  ;"0         ";"0";NA/NA;"0         ";Testemunha;Não Informado;"0    ";Não Informado;"0 ";"0    ";"0    ";"0    ";-16.0448958;-47.9807603;SPRF-DF;DEL01-DF;UOP01-DEL01-DF 
612247;"1370314   ";2024-07-05;sexta-feira;18:19:00;DF;"40   ";"7,7  ";BRASILIA;Sim;Transitar no Acostamento;1;Atropelamento de Pedestre;Com Vítimas Feridas;Plena Noite;Crescente;Céu Claro;Dupla;Reta;Sim  ;"0         ";"0";NA/NA;"0         ";Testemunha;Não Informado;"0    ";Não Informado;"0 ";"0    ";"0    ";"0    ";-16.0448958;-47.9807603;SPRF-DF;DEL01-DF;UOP01-DEL01-DF 
612247;"1368199   ";2024-07-05;sexta-feira;18:19:00;DF;"40   ";"7,7  ";BRASILIA;Sim;Transitar no Acostamento;1;Atropelamento de Pedestre;Com Vítimas Feridas;Plena Noite;Crescente;Céu Claro;Dupla;Reta;Sim  ;"0         ";"0";NA/NA;"0         ";Pedestre;Lesões Graves;"35   ";Masculino;"0 ";"0    ";"1    ";"0    ";-16.0448958;-47.9807603;SPRF-DF;DEL01-DF;UOP01-DEL01-DF 
612247;"1368198   ";2024-07-05;sexta-feira;18:19:00;DF;"40   ";"7,7  ";BRASILIA;Não;Reação tardia ou ineficiente do condutor;1;Atropelamento de Pedestre;Com Vítimas Feridas;Plena Noite;Crescente;Céu Claro;Dupla;Reta;Sim  ;"1095791   ";Camioneta;VW/KOMBI;"2010      ";Condutor;Ileso;"23   ";Masculino;"1 ";"0    ";"0    ";"0    ";-16.0448958;-47.9807603;SPRF-DF;DEL01-DF;UOP01-DEL01-DF 
612247;"1370206   ";2024-07-05;sexta-feira;18:19:00;DF;"40   ";"7,7  ";BRASILIA;Não;Reação tardia ou ineficiente do condutor;1;Atropelamento de Pedestre;Com Vítimas Feridas;Plena Noite;Crescente;Céu Claro;Dupla;Reta;Sim  ;"0         ";"0";NA/NA;"0         ";Testemunha;Não Informado;"0    ";Não Informado;"0 ";"0    ";"0    ";"0    ";-16.0448958;-47.9807603;SPRF-DF;DEL01-DF;UOP01-DEL01-DF 