id;pesid;data_inversa;dia_semana;horario;uf;br;km;municipio;causa_principal;causa_acidente;ordem_tipo_acidente;tipo_acidente;classificacao_acidente;fase_dia;sentido_via;condicao_metereologica;tipo_pista;tracado_via;uso_solo;id_veiculo;tipo_veiculo;marca;ano_fabricacao_veiculo;tipo_envolvido;estado_fisico;idade;sexo;ilesos;feridos_leves;feridos_graves;mortos;latitude;longitude;regional;delegacia;uop
612826;"1369666   ";2024-07-07;domingo;19:20:00;DF;"60   ";"2    ";BRASILIA;Sim;Ingestão de álcool pelo condutor;1;Colisão lateral mesmo sentido;Sem Vítimas;Pleno dia;Decrescente;Céu Claro;Dupla;Reta;Sim  ;"1096915   ";Automóvel;M.BENZ/CLC 200 K;"2009      ";Condutor;Ileso;"40   ";Masculino;"1 ";"0    ";"0    ";"0    ";-15.8873830;-48.0779880;SPRF-DF;DEL03-DF;UOP01-DEL03-DF 
612826;"1371197   ";2024-07-07;domingo;19:20:00;DF;"60   ";"2    ";BRASILIA;Sim;Ingestão de álcool pelo condutor;1;Colisão lateral mesmo sentido;Sem Vítimas;Pleno dia;Decrescente;Céu Claro;Dupla;Reta;Sim  ;"1096915   ";Automóvel;M.BENZ/CLC 200 K;"2009      ";Passageiro;Ileso;"27   ";Feminino;"1 ";"0    ";"0    ";"0    ";-15.8873830;-48.0779880;SPRF-DF;DEL03-DF;UOP01-DEL03-DF 
612826;"1371201   ";2024-07-07;domingo;19:20:00;DF;"60   ";"2    ";BRASILIA;Sim;Ingestão de álcool pelo condutor;1;Colisão lateral mesmo sentido;Sem Vítimas;Pleno dia;Decrescente;Céu Claro;Dupla;Reta;Sim  ;"1096915   ";Automóvel;M.BENZ/CLC 200 K;"2009      ";Passageiro;Ileso;"5    ";Feminino;"1 ";"0    ";"0    ";"0    ";-15.8873830;-48.0779880;SPRF-DF;DEL03-DF;UOP01-DEL03-DF 
612826;"1371203   ";2024-07-07;domingo;19:20:00;DF;"60   ";"2    ";BRASILIA;Sim;Ingestão de álcool pelo condutor;1;Colisão lateral mesmo sentido;Sem Vítimas;Pleno dia;Decrescente;Céu Claro;Dupla;Reta;Sim  ;"1096915   ";Automóvel;M.BENZ/CLC 200 K;"2009      ";Passageiro;Ileso;"57   ";Feminino;"1 ";"0    ";"0    ";"0    ";-15.8873830;-48.0779880;SPRF-DF;DEL03-DF;UOP01-DEL03-DF 
612826;"1371205   ";2024-07-07;domingo;19:20:00;DF;"60   ";"2    ";BRASILIA;Sim;Ingestão de álcool pelo condutor;1;Colisão lateral mesmo sentido;Sem Vítimas;Pleno dia;Decrescente;Céu Claro;Dupla;Reta;Sim  ;"1096915   ";Automóvel;M.BENZ/CLC 200 K;"2009      ";Passageiro;Ileso;"32   ";Feminino;"1 ";"0    ";"0    ";"0    ";-15.8873830;-48.0779880;SPRF-DF;DEL03-DF;UOP01-DEL03-DF 
612826;"1371200   ";2024-07-07;domingo;19:20:00;DF;"60   ";"2    ";BRASILIA;Sim;Ingestão de álcool pelo condutor;1;Colisão lateral mesmo sentido;Sem Vítimas;Pleno dia;Decrescente;Céu Claro;Dupla;Reta;Sim  ;"1096915   ";Automóvel;M.BENZ/CLC 200 K;"2009      ";Passageiro;Ileso;"7    ";Masculino;"1 ";"0    ";"0    ";"0    ";-15.8873830;-48.0779880;SPRF-DF;DEL03-DF;UOP01-DEL03-DF 
612826;"1371202   ";2024-07-07;domingo;19:20:00;DF;"60   ";"2    ";BRASILIA;Sim;Ingestão de álcool pelo condutor;1;Colisão lateral mesmo sentido;Sem Vítimas;Pleno dia;Decrescente;Céu Claro;Dupla;Reta;Sim  ;"1096915   ";Automóvel;M.BENZ/CLC 200 K;"2009      ";Passageiro;Ileso;"43   ";Masculino;"1 ";"0    ";"0    ";"0    ";-15.8873830;-48.0779880;SPRF-DF;DEL03-DF;UOP01-DEL03-DF 
612826;"1369668   ";2024-07-07;domingo;19:20:00;DF;"60   ";"2    ";BRASILIA;Sim;Ingestão de álcool pelo condutor;1;Colisão lateral mesmo sentido;Sem Vítimas;Pleno dia;Decrescente;Céu Claro;Dupla;Reta;Sim  ;"1096916   ";Ônibus;M.BENZ/INDUSCAR APACHE U;"2022      ";Condutor;Ileso;"29   ";Masculino;"1 ";"0    ";"0    ";"0    ";-15.8873830;-48.0779880;SPRF-DF;DEL03-DF;UOP01-DEL03-DF 
612955;"1369814   ";2024-07-08;segunda-feira;08:05:00;DF;"60   ";"5    ";BRASILIA;Não;Afundamento ou ondulação no pavimento;1;Queda de ocupante de veículo;Com Vítimas Feridas;Pleno dia;Crescente;Céu Claro;Dupla;Reta;Sim  ;"1097052   ";Motocicleta;HONDA/CB 300R;"2009      ";Condutor;Lesões Leves;"26   ";Masculino;"0 ";"1    ";"0    ";"0    ";-15.8954380;-48.1047710;SPRF-DF;DEL03-DF;UOP01-DEL03-DF 
612955;"1369814   ";2024-07-08;segunda-feira;08:05:00;DF;"60   ";"5    ";BRASILIA;Sim;Ausência de reação do condutor;1;Queda de ocupante de veículo;Com Vítimas Feridas;Pleno dia;Crescente;Céu Claro;Dupla;Reta;Sim  ;"1097052   ";Motocicleta;HONDA/CB 300R;"2009      ";Condutor;Lesões Leves;"26   ";Masculino;"0 ";"1    ";"0    ";"0    ";-15.8954380;-48.1047710;SPRF-DF;DEL03-DF;UOP01-DEL03-DF 
613050;"1370175   ";2024-07-08;segunda-feira;15:10:00;DF;"20   ";"24,9 ";BRASILIA;Sim;Reação tardia ou ineficiente do condutor;2;Tombamento;Com Vítimas Feridas;Pleno dia;Crescente;Céu Claro;Dupla;Curva;Sim  ;"1097337   ";Micro-ônibus;FIAT/DUCATO MINIBUS;"2010      ";Condutor;Ileso;"25   ";Masculino;"1 ";"0    ";"0    ";"0    ";-15.5948310;-47.6586150;SPRF-DF;DEL02-DF;UOP01-DEL02-DF 
613050;"1370355   ";2024-07-08;segunda-feira;15:10:00;DF;"20   ";"24,9 ";BRASILIA;Sim;Reação tardia ou ineficiente do condutor;2;Tombamento;Com Vítimas Feridas;Pleno dia;Crescente;Céu Claro;Dupla;Curva;Sim  ;"1097337   ";Micro-ônibus;FIAT/DUCATO MINIBUS;"2010      ";Passageiro;Lesões Leves;"20   ";Masculino;"0 ";"1    ";"0    ";"0    ";-15.5948310;-47.6586150;SPRF-DF;DEL02-DF;UOP01-DEL02-DF 
613050;"1370357   ";2024-07-08;segunda-feira;15:10:00;DF;"20   ";"24,9 ";BRASILIA;Sim;Reação tardia ou ineficiente do condutor;2;Tombamento;Com Vítimas Feridas;Pleno dia;Crescente;Céu Claro;Dupla;Curva;Sim  ;"1097337   ";Micro-ônibus;FIAT/DUCATO MINIBUS;"2010      ";Passageiro;Lesões Leves;"29   ";Masculino;"0 ";"1    ";"0    ";"0    ";-15.5948310;-47.6586150;SPRF-DF;DEL02-DF;UOP01-DEL02-DF 
613050;"1370175   ";2024-07-08;segunda-feira;15:10:00;DF;"20   ";"24,9 ";BRASILIA;Sim;Reação tardia ou ineficiente do condutor;1;Saída de leito carroçável;Com Vítimas Feridas;Pleno dia;Crescente;Céu Claro;Dupla;Curva;Sim  ;"1097337   ";Micro-ônibus;FIAT/DUCATO MINIBUS;"2010      ";Condutor;Ileso;"25   ";Masculino;"1 ";"0    ";"0    ";"0    ";-15.5948310;-47.6586150;SPRF-DF;DEL02-DF;UOP01-DEL02-DF 
613050;"1370355   ";2024-07-08;segunda-feira;15:10:00;DF;"20   ";"24,9 ";BRASILIA;Sim;Reação tardia ou ineficiente do condutor;1;Saída de leito carroçável;Com Vítimas Feridas;Pleno dia;Crescente;Céu Claro;Dupla;Curva;Sim  ;"1097337   ";Micro-ônibus;FIAT/DUCATO MINIBUS;"2010      ";Passageiro;Lesões Leves;"20   ";Masculino;"0 ";"1    ";"0    ";"0    ";-15.5948310;-47.6586150;SPRF-DF;DEL02-DF;UOP01-DEL02-DF 
613050;"1370357   ";2024-07-08;segunda-feira;15:10:00;DF;"20   ";"24,9 ";BRASILIA;Sim;Reação tardia ou ineficiente do condutor;1;Saída de leito carroçável;Com Vítimas Feridas;Pleno dia;Crescente;Céu Claro;Dupla;Curva;Sim  ;"1097337   ";Micro-ônibus;FIAT/DUCATO MINIBUS;"2010      ";Passageiro;Lesões Leves;"29   ";Masculino;"0 ";"1    ";"0    ";"0    ";-15.5948310;-47.6586150;SPRF-DF;DEL02-DF;UOP01-DEL02-DF 
613064;"1370085   ";2024-07-08;segunda-feira;17:16:00;DF;"20   ";"11   ";BRASILIA;Sim;Condutor deixou de manter distância do veículo da frente;1;Engavetamento;Com Vítimas Feridas;Pleno dia;Decrescente;Sol;Múltipla;Em Obras;Sim  ;"1097255   ";Caminhonete;FIAT/STRADA HD WK CD E;"2019      ";Condutor;Ileso;"59   ";Masculino;"1 ";"0    ";"0    ";"0    ";-15.6465400;-47.7664220;SPRF-DF;DEL02-DF;UOP01-DEL02-DF 
613064;"1370086   ";2024-07-08;segunda-feira;17:16:00;DF;"20   ";"11   ";BRASILIA;Sim;Condutor deixou de manter distância do veículo da frente;1;Engavetamento;Com Vítimas Feridas;Pleno dia;Decrescente;Sol;Múltipla;Em Obras;Sim  ;"1097257   ";Automóvel;NISSAN/VERSA 16 SV;"2018      ";Condutor;Lesões Leves;"48   ";Feminino;"0 ";"1    ";"0    ";"0    ";-15.6465400;-47.7664220;SPRF-DF;DEL02-DF;UOP01-DEL02-DF 
613064;"1370084   ";2024-07-08;segunda-feira;17:16:00;DF;"20   ";"11   ";BRASILIA;Sim;Condutor deixou de manter distância do veículo da frente;1;Engavetamento;Com Vítimas Feridas;Pleno dia;Decrescente;Sol;Múltipla;Em Obras;Sim  ;"1097254   ";Automóvel;VW/VIRTUS AF;"2018      ";Condutor;Ileso;"69   ";Feminino;"1 ";"0    ";"0    ";"0    ";-15.6465400;-47.7664220;SPRF-DF;DEL02-DF;UOP01-DEL02-DF 
613071;"1370310   ";2024-07-08;segunda-feira;17:12:00;GO;"60   ";"18,7 ";ALEXANIA;Sim;Problema na suspensão;1;Saída de leito carroçável;Sem Vítimas;Pleno dia;Decrescente;Céu Claro;Dupla;"Declive;Curva";Não  ;"1097438   ";Automóvel;VW/GOL 1000;"1995      ";Condutor;Ileso;"31   ";Masculino;"1 ";"0    ";"0    ";"0    ";-16.1140730;-48.3890400;SPRF-DF;DEL03-DF;UOP01-DEL03-DF 
613077;"1370189   ";2024-07-08;segunda-feira;17:45:00;GO;"70   ";"20   ";COCALZINHO DE GOIAS;Sim;Ausência de reação do condutor;1;Capotamento;Com Vítimas Feridas;Pleno dia;Crescente;Céu Claro;Simples;"Declive;Reta";Não  ;"1097358   ";Automóvel;CHEVROLET/CLASSIC LS;"2012      ";Condutor;Lesões Leves;"33   ";Masculino;"0 ";"1    ";"0    ";"0    ";-15.7424290;-48.3750943;SPRF-DF;DEL03-DF;UOP02-DEL03-DF 
613102;"1372159   ";2024-07-08;segunda-feira;19:10:00;GO;"20   ";"86,1 ";VILA BOA;Sim;Desrespeitar a preferência no cruzamento;2;Saída de leito carroçável;Sem Vítimas;Plena Noite;Decrescente;Céu Claro;Simples;Reta;Não  ;"1097410   ";Automóvel;TOYOTA/COROLLA SEG18FLEX;"2008      ";Passageiro;Ileso;"50   ";Feminino;"1 ";"0    ";"0    ";"0    ";-15.0492480;-47.0664597;SPRF-DF;DEL02-DF;UOP02-DEL02-DF 
613102;"1370265   ";2024-07-08;segunda-feira;19:10:00;GO;"20   ";"86,1 ";VILA BOA;Sim;Desrespeitar a preferência no cruzamento;2;Saída de leito carroçável;Sem Vítimas;Plena Noite;Decrescente;Céu Claro;Simples;Reta;Não  ;"1097410   ";Automóvel;TOYOTA/COROLLA SEG18FLEX;"2008      ";Condutor;Ileso;"53   ";Masculino;"1 ";"0    ";"0    ";"0    ";-15.0492480;-47.0664597;SPRF-DF;DEL02-DF;UOP02-DEL02-DF 
613102;"1372158   ";2024-07-08;segunda-feira;19:10:00;GO;"20   ";"86,1 ";VILA BOA;Sim;Desrespeitar a preferência no cruzamento;2;Saída de leito carroçável;Sem Vítimas;Plena Noite;Decrescente;Céu Claro;Simples;Reta;Não  ;"1097411   ";Automóvel;CHEV/SPIN 18L AT PREMIER;"2019      ";Passageiro;Ileso;"45   ";Feminino;"1 ";"0    ";"0    ";"0    ";-15.0492480;-47.0664597;SPRF-DF;DEL02-DF;UOP02-DEL02-DF 
613102;"1370266   ";2024-07-08;segunda-feira;19:10:00;GO;"20   ";"86,1 ";VILA BOA;Sim;Desrespeitar a preferência no cruzamento;2;Saída de leito carroçável;Sem Vítimas;Plena Noite;Decrescente;Céu Claro;Simples;Reta;Não  ;"1097411   ";Automóvel;CHEV/SPIN 18L AT PREMIER;"2019      ";Condutor;Ileso;"46   ";Masculino;"1 ";"0    ";"0    ";"0    ";-15.0492480;-47.0664597;SPRF-DF;DEL02-DF;UOP02-DEL02-DF 
613102;"1372159   ";2024-07-08;segunda-feira;19:10:00;GO;"20   ";"86,1 ";VILA BOA;Sim;Desrespeitar a preferência no cruzamento;1;Colisão transversal;Sem Vítimas;Plena Noite;Decrescente;Céu Claro;Simples;Reta;Não  ;"1097410   ";Automóvel;TOYOTA/COROLLA SEG18FLEX;"2008      ";Passageiro;Ileso;"50   ";Feminino;"1 ";"0    ";"0    ";"0    ";-15.0492480;-47.0664597;SPRF-DF;DEL02-DF;UOP02-DEL02-DF 
613102;"1370265   ";2024-07-08;segunda-feira;19:10:00;GO;"20   ";"86,1 ";VILA BOA;Sim;Desrespeitar a preferência no cruzamento;1;Colisão transversal;Sem Vítimas;Plena Noite;Decrescente;Céu Claro;Simples;Reta;Não  ;"1097410   ";Automóvel;TOYOTA/COROLLA SEG18FLEX;"2008      ";Condutor;Ileso;"53   ";Masculino;"1 ";"0    ";"0    ";"0    ";-15.0492480;-47.0664597;SPRF-DF;DEL02-DF;UOP02-DEL02-DF 
613544;"1371321   ";2024-07-10;quarta-feira;19:20:00;GO;"40   ";"9    ";LUZIANIA;Não;Entrada inopinada do pedestre;2;Queda de ocupante de veículo;Com Vítimas Feridas;Pleno dia;Decrescente;Céu Claro;Dupla;Reta;Sim  ;"0         ";"0";NA/NA;"0         ";Pedestre;Não Informado;"0    ";Não Informado;"0 ";"0    ";"0    ";"0    ";-16.1267230;-47.9605150;SPRF-DF;DEL01-DF;UOP01-DEL01-DF 
613102;"1372158   ";2024-07-08;segunda-feira;19:10:00;GO;"20   ";"86,1 ";VILA BOA;Sim;Desrespeitar a preferência no cruzamento;1;Colisão transversal;Sem Vítimas;Plena Noite;Decrescente;Céu Claro;Simples;Reta;Não  ;"1097411   ";Automóvel;CHEV/SPIN 18L AT PREMIER;"2019      ";Passageiro;Ileso;"45   ";Feminino;"1 ";"0    ";"0    ";"0    ";-15.0492480;-47.0664597;SPRF-DF;DEL02-DF;UOP02-DEL02-DF 
613102;"1370266   ";2024-07-08;segunda-feira;19:10:00;GO;"20   ";"86,1 ";VILA BOA;Sim;Desrespeitar a preferência no cruzamento;1;Colisão transversal;Sem Vítimas;Plena Noite;Decrescente;Céu Claro;Simples;Reta;Não  ;"1097411   ";Automóvel;CHEV/SPIN 18L AT PREMIER;"2019      ";Condutor;Ileso;"46   ";Masculino;"1 ";"0    ";"0    ";"0    ";-15.0492480;-47.0664597;SPRF-DF;DEL02-DF;UOP02-DEL02-DF 
613162;"1370351   ";2024-07-09;terça-feira;04:30:00;GO;"80   ";"2,5  ";PADRE BERNARDO;Sim;Reação tardia ou ineficiente do condutor;1;Saída de leito carroçável;Com Vítimas Feridas;Plena Noite;Crescente;Céu Claro;Dupla;"Declive;Reta";Não  ;"1097477   ";Automóvel;HONDA/CIVIC LXS;"2013      ";Condutor;Lesões Leves;"78   ";Masculino;"0 ";"1    ";"0    ";"0    ";-15.5025050;-48.2113200;SPRF-DF;DEL03-DF;UOP02-DEL03-DF 
613162;"1370353   ";2024-07-09;terça-feira;04:30:00;GO;"80   ";"2,5  ";PADRE BERNARDO;Sim;Reação tardia ou ineficiente do condutor;1;Saída de leito carroçável;Com Vítimas Feridas;Plena Noite;Crescente;Céu Claro;Dupla;"Declive;Reta";Não  ;"1097477   ";Automóvel;HONDA/CIVIC LXS;"2013      ";Passageiro;Lesões Leves;"69   ";Feminino;"0 ";"1    ";"0    ";"0    ";-15.5025050;-48.2113200;SPRF-DF;DEL03-DF;UOP02-DEL03-DF 
613162;"1370354   ";2024-07-09;terça-feira;04:30:00;GO;"80   ";"2,5  ";PADRE BERNARDO;Sim;Reação tardia ou ineficiente do condutor;1;Saída de leito carroçável;Com Vítimas Feridas;Plena Noite;Crescente;Céu Claro;Dupla;"Declive;Reta";Não  ;"1097477   ";Automóvel;HONDA/CIVIC LXS;"2013      ";Passageiro;Lesões Leves;"48   ";Feminino;"0 ";"1    ";"0    ";"0    ";-15.5025050;-48.2113200;SPRF-DF;DEL03-DF;UOP02-DEL03-DF 
613162;"1370352   ";2024-07-09;terça-feira;04:30:00;GO;"80   ";"2,5  ";PADRE BERNARDO;Sim;Reação tardia ou ineficiente do condutor;1;Saída de leito carroçável;Com Vítimas Feridas;Plena Noite;Crescente;Céu Claro;Dupla;"Declive;Reta";Não  ;"1097477   ";Automóvel;HONDA/CIVIC LXS;"2013      ";Passageiro;Lesões Leves;"0    ";Feminino;"0 ";"1    ";"0    ";"0    ";-15.5025050;-48.2113200;SPRF-DF;DEL03-DF;UOP02-DEL03-DF 
613200;"1370587   ";2024-07-09;terça-feira;09:30:00;GO;"40   ";"22,1 ";LUZIANIA;Não;Velocidade Incompatível;2;Saída de leito carroçável;Com Vítimas Feridas;Pleno dia;Decrescente;Sol;Dupla;Reta;Sim  ;"1097629   ";Automóvel;VW/T CROSS SENSE TSI;"2022      ";Condutor;Lesões Graves;"71   ";Feminino;"0 ";"0    ";"1    ";"0    ";-16.2324480;-47.9126710;SPRF-DF;DEL01-DF;UOP01-DEL01-DF 
613200;"1370592   ";2024-07-09;terça-feira;09:30:00;GO;"40   ";"22,1 ";LUZIANIA;Não;Velocidade Incompatível;2;Saída de leito carroçável;Com Vítimas Feridas;Pleno dia;Decrescente;Sol;Dupla;Reta;Sim  ;"1097629   ";Automóvel;VW/T CROSS SENSE TSI;"2022      ";Passageiro;Lesões Graves;"57   ";Feminino;"0 ";"0    ";"1    ";"0    ";-16.2324480;-47.9126710;SPRF-DF;DEL01-DF;UOP01-DEL01-DF 
613200;"1370578   ";2024-07-09;terça-feira;09:30:00;GO;"40   ";"22,1 ";LUZIANIA;Não;Velocidade Incompatível;2;Saída de leito carroçável;Com Vítimas Feridas;Pleno dia;Decrescente;Sol;Dupla;Reta;Sim  ;"1097628   ";Utilitário;I/TOYOTA HILUX SWSRXA4RD;"2024      ";Condutor;Ileso;"38   ";Masculino;"1 ";"0    ";"0    ";"0    ";-16.2324480;-47.9126710;SPRF-DF;DEL01-DF;UOP01-DEL01-DF 
613200;"1370587   ";2024-07-09;terça-feira;09:30:00;GO;"40   ";"22,1 ";LUZIANIA;Sim;Acessar a via sem observar a presença dos outros veículos;2;Saída de leito carroçável;Com Vítimas Feridas;Pleno dia;Decrescente;Sol;Dupla;Reta;Sim  ;"1097629   ";Automóvel;VW/T CROSS SENSE TSI;"2022      ";Condutor;Lesões Graves;"71   ";Feminino;"0 ";"0    ";"1    ";"0    ";-16.2324480;-47.9126710;SPRF-DF;DEL01-DF;UOP01-DEL01-DF 
613200;"1370592   ";2024-07-09;terça-feira;09:30:00;GO;"40   ";"22,1 ";LUZIANIA;Sim;Acessar a via sem observar a presença dos outros veículos;2;Saída de leito carroçável;Com Vítimas Feridas;Pleno dia;Decrescente;Sol;Dupla;Reta;Sim  ;"1097629   ";Automóvel;VW/T CROSS SENSE TSI;"2022      ";Passageiro;Lesões Graves;"57   ";Feminino;"0 ";"0    ";"1    ";"0    ";-16.2324480;-47.9126710;SPRF-DF;DEL01-DF;UOP01-DEL01-DF 
613200;"1370578   ";2024-07-09;terça-feira;09:30:00;GO;"40   ";"22,1 ";LUZIANIA;Sim;Acessar a via sem observar a presença dos outros veículos;2;Saída de leito carroçável;Com Vítimas Feridas;Pleno dia;Decrescente;Sol;Dupla;Reta;Sim  ;"1097628   ";Utilitário;I/TOYOTA HILUX SWSRXA4RD;"2024      ";Condutor;Ileso;"38   ";Masculino;"1 ";"0    ";"0    ";"0    ";-16.2324480;-47.9126710;SPRF-DF;DEL01-DF;UOP01-DEL01-DF 
613200;"1370587   ";2024-07-09;terça-feira;09:30:00;GO;"40   ";"22,1 ";LUZIANIA;Não;Velocidade Incompatível;1;Colisão transversal;Com Vítimas Feridas;Pleno dia;Decrescente;Sol;Dupla;Reta;Sim  ;"1097629   ";Automóvel;VW/T CROSS SENSE TSI;"2022      ";Condutor;Lesões Graves;"71   ";Feminino;"0 ";"0    ";"1    ";"0    ";-16.2324480;-47.9126710;SPRF-DF;DEL01-DF;UOP01-DEL01-DF 
613200;"1370592   ";2024-07-09;terça-feira;09:30:00;GO;"40   ";"22,1 ";LUZIANIA;Não;Velocidade Incompatível;1;Colisão transversal;Com Vítimas Feridas;Pleno dia;Decrescente;Sol;Dupla;Reta;Sim  ;"1097629   ";Automóvel;VW/T CROSS SENSE TSI;"2022      ";Passageiro;Lesões Graves;"57   ";Feminino;"0 ";"0    ";"1    ";"0    ";-16.2324480;-47.9126710;SPRF-DF;DEL01-DF;UOP01-DEL01-DF 
613200;"1370578   ";2024-07-09;terça-feira;09:30:00;GO;"40   ";"22,1 ";LUZIANIA;Não;Velocidade Incompatível;1;Colisão transversal;Com Vítimas Feridas;Pleno dia;Decrescente;Sol;Dupla;Reta;Sim  ;"1097628   ";Utilitário;I/TOYOTA HILUX SWSRXA4RD;"2024      ";Condutor;Ileso;"38   ";Masculino;"1 ";"0    ";"0    ";"0    ";-16.2324480;-47.9126710;SPRF-DF;DEL01-DF;UOP01-DEL01-DF 
613200;"1370587   ";2024-07-09;terça-feira;09:30:00;GO;"40   ";"22,1 ";LUZIANIA;Sim;Acessar a via sem observar a presença dos outros veículos;1;Colisão transversal;Com Vítimas Feridas;Pleno dia;Decrescente;Sol;Dupla;Reta;Sim  ;"1097629   ";Automóvel;VW/T CROSS SENSE TSI;"2022      ";Condutor;Lesões Graves;"71   ";Feminino;"0 ";"0    ";"1    ";"0    ";-16.2324480;-47.9126710;SPRF-DF;DEL01-DF;UOP01-DEL01-DF 
613200;"1370592   ";2024-07-09;terça-feira;09:30:00;GO;"40   ";"22,1 ";LUZIANIA;Sim;Acessar a via sem observar a presença dos outros veículos;1;Colisão transversal;Com Vítimas Feridas;Pleno dia;Decrescente;Sol;Dupla;Reta;Sim  ;"1097629   ";Automóvel;VW/T CROSS SENSE TSI;"2022      ";Passageiro;Lesões Graves;"57   ";Feminino;"0 ";"0    ";"1    ";"0    ";-16.2324480;-47.9126710;SPRF-DF;DEL01-DF;UOP01-DEL01-DF 
613200;"1370578   ";2024-07-09;terça-feira;09:30:00;GO;"40   ";"22,1 ";LUZIANIA;Sim;Acessar a via sem observar a presença dos outros veículos;1;Colisão transversal;Com Vítimas Feridas;Pleno dia;Decrescente;Sol;Dupla;Reta;Sim  ;"1097628   ";Utilitário;I/TOYOTA HILUX SWSRXA4RD;"2024      ";Condutor;Ileso;"38   ";Masculino;"1 ";"0    ";"0    ";"0    ";-16.2324480;-47.9126710;SPRF-DF;DEL01-DF;UOP01-DEL01-DF 
613222;"1370627   ";2024-07-09;terça-feira;11:50:00;GO;"20   ";"83,6 ";VILA BOA;Não;Transitar na contramão;2;Saída de leito carroçável;Com Vítimas Feridas;Pleno dia;Decrescente;Céu Claro;Simples;Reta;Não  ;"1097668   ";Automóvel;RENAULT/MEGANEGT DYN 16;"2011      ";Condutor;Ileso;"32   ";Masculino;"1 ";"0    ";"0    ";"0    ";-15.0713450;-47.0848770;SPRF-DF;DEL02-DF;UOP02-DEL02-DF 
613222;"1372550   ";2024-07-09;terça-feira;11:50:00;GO;"20   ";"83,6 ";VILA BOA;Não;Transitar na contramão;2;Saída de leito carroçável;Com Vítimas Feridas;Pleno dia;Decrescente;Céu Claro;Simples;Reta;Não  ;"1097668   ";Automóvel;RENAULT/MEGANEGT DYN 16;"2011      ";Passageiro;Ileso;"35   ";Masculino;"1 ";"0    ";"0    ";"0    ";-15.0713450;-47.0848770;SPRF-DF;DEL02-DF;UOP02-DEL02-DF 
613222;"1370626   ";2024-07-09;terça-feira;11:50:00;GO;"20   ";"83,6 ";VILA BOA;Não;Transitar na contramão;2;Saída de leito carroçável;Com Vítimas Feridas;Pleno dia;Decrescente;Céu Claro;Simples;Reta;Não  ;"1097667   ";Automóvel;CHEV/ONIX PLUS 10TAT NB;"2019      ";Condutor;Lesões Leves;"73   ";Masculino;"0 ";"1    ";"0    ";"0    ";-15.0713450;-47.0848770;SPRF-DF;DEL02-DF;UOP02-DEL02-DF 
613222;"1370627   ";2024-07-09;terça-feira;11:50:00;GO;"20   ";"83,6 ";VILA BOA;Não;Reação tardia ou ineficiente do condutor;2;Saída de leito carroçável;Com Vítimas Feridas;Pleno dia;Decrescente;Céu Claro;Simples;Reta;Não  ;"1097668   ";Automóvel;RENAULT/MEGANEGT DYN 16;"2011      ";Condutor;Ileso;"32   ";Masculino;"1 ";"0    ";"0    ";"0    ";-15.0713450;-47.0848770;SPRF-DF;DEL02-DF;UOP02-DEL02-DF 
613222;"1372550   ";2024-07-09;terça-feira;11:50:00;GO;"20   ";"83,6 ";VILA BOA;Não;Reação tardia ou ineficiente do condutor;2;Saída de leito carroçável;Com Vítimas Feridas;Pleno dia;Decrescente;Céu Claro;Simples;Reta;Não  ;"1097668   ";Automóvel;RENAULT/MEGANEGT DYN 16;"2011      ";Passageiro;Ileso;"35   ";Masculino;"1 ";"0    ";"0    ";"0    ";-15.0713450;-47.0848770;SPRF-DF;DEL02-DF;UOP02-DEL02-DF 
613222;"1370626   ";2024-07-09;terça-feira;11:50:00;GO;"20   ";"83,6 ";VILA BOA;Não;Reação tardia ou ineficiente do condutor;2;Saída de leito carroçável;Com Vítimas Feridas;Pleno dia;Decrescente;Céu Claro;Simples;Reta;Não  ;"1097667   ";Automóvel;CHEV/ONIX PLUS 10TAT NB;"2019      ";Condutor;Lesões Leves;"73   ";Masculino;"0 ";"1    ";"0    ";"0    ";-15.0713450;-47.0848770;SPRF-DF;DEL02-DF;UOP02-DEL02-DF 
613222;"1370627   ";2024-07-09;terça-feira;11:50:00;GO;"20   ";"83,6 ";VILA BOA;Sim;Conversão proibida;2;Saída de leito carroçável;Com Vítimas Feridas;Pleno dia;Decrescente;Céu Claro;Simples;Reta;Não  ;"1097668   ";Automóvel;RENAULT/MEGANEGT DYN 16;"2011      ";Condutor;Ileso;"32   ";Masculino;"1 ";"0    ";"0    ";"0    ";-15.0713450;-47.0848770;SPRF-DF;DEL02-DF;UOP02-DEL02-DF 
613222;"1372550   ";2024-07-09;terça-feira;11:50:00;GO;"20   ";"83,6 ";VILA BOA;Sim;Conversão proibida;2;Saída de leito carroçável;Com Vítimas Feridas;Pleno dia;Decrescente;Céu Claro;Simples;Reta;Não  ;"1097668   ";Automóvel;RENAULT/MEGANEGT DYN 16;"2011      ";Passageiro;Ileso;"35   ";Masculino;"1 ";"0    ";"0    ";"0    ";-15.0713450;-47.0848770;SPRF-DF;DEL02-DF;UOP02-DEL02-DF 
613222;"1370626   ";2024-07-09;terça-feira;11:50:00;GO;"20   ";"83,6 ";VILA BOA;Sim;Conversão proibida;2;Saída de leito carroçável;Com Vítimas Feridas;Pleno dia;Decrescente;Céu Claro;Simples;Reta;Não  ;"1097667   ";Automóvel;CHEV/ONIX PLUS 10TAT NB;"2019      ";Condutor;Lesões Leves;"73   ";Masculino;"0 ";"1    ";"0    ";"0    ";-15.0713450;-47.0848770;SPRF-DF;DEL02-DF;UOP02-DEL02-DF 