id;pesid;data_inversa;dia_semana;horario;uf;br;km;municipio;causa_principal;causa_acidente;ordem_tipo_acidente;tipo_acidente;classificacao_acidente;fase_dia;sentido_via;condicao_metereologica;tipo_pista;tracado_via;uso_solo;id_veiculo;tipo_veiculo;marca;ano_fabricacao_veiculo;tipo_envolvido;estado_fisico;idade;sexo;ilesos;feridos_leves;feridos_graves;mortos;latitude;longitude;regional;delegacia;uop
613544;"1371322   ";2024-07-10;quarta-feira;19:20:00;GO;"40   ";"9    ";LUZIANIA;Não;Transitar na contramão;2;Queda de ocupante de veículo;Com Vítimas Feridas;Pleno dia;Decrescente;Céu Claro;Dupla;Reta;Sim  ;"0         ";"0";NA/NA;"0         ";Pedestre;Não Informado;"0    ";Não Informado;"0 ";"0    ";"0    ";"0    ";-16.1267230;-47.9605150;SPRF-DF;DEL01-DF;UOP01-DEL01-DF 
613544;"1371321   ";2024-07-10;quarta-feira;19:20:00;GO;"40   ";"9    ";LUZIANIA;Não;Transitar na contramão;2;Queda de ocupante de veículo;Com Vítimas Feridas;Pleno dia;Decrescente;Céu Claro;Dupla;Reta;Sim  ;"0         ";"0";NA/NA;"0         ";Pedestre;Não Informado;"0    ";Não Informado;"0 ";"0    ";"0    ";"0    ";-16.1267230;-47.9605150;SPRF-DF;DEL01-DF;UOP01-DEL01-DF 
613544;"1371320   ";2024-07-10;quarta-feira;19:20:00;GO;"40   ";"9    ";LUZIANIA;Sim;Pedestre cruzava a pista fora da faixa;2;Queda de ocupante de veículo;Com Vítimas Feridas;Pleno dia;Decrescente;Céu Claro;Dupla;Reta;Sim  ;"1098198   ";Bicicleta;Não Informado/Não Informado;"0         ";Condutor;Lesões Leves;"31   ";Masculino;"0 ";"1    ";"0    ";"0    ";-16.1267230;-47.9605150;SPRF-DF;DEL01-DF;UOP01-DEL01-DF 
613544;"1371322   ";2024-07-10;quarta-feira;19:20:00;GO;"40   ";"9    ";LUZIANIA;Sim;Pedestre cruzava a pista fora da faixa;2;Queda de ocupante de veículo;Com Vítimas Feridas;Pleno dia;Decrescente;Céu Claro;Dupla;Reta;Sim  ;"0         ";"0";NA/NA;"0         ";Pedestre;Não Informado;"0    ";Não Informado;"0 ";"0    ";"0    ";"0    ";-16.1267230;-47.9605150;SPRF-DF;DEL01-DF;UOP01-DEL01-DF 
613544;"1371321   ";2024-07-10;quarta-feira;19:20:00;GO;"40   ";"9    ";LUZIANIA;Sim;Pedestre cruzava a pista fora da faixa;2;Queda de ocupante de veículo;Com Vítimas Feridas;Pleno dia;Decrescente;Céu Claro;Dupla;Reta;Sim  ;"0         ";"0";NA/NA;"0         ";Pedestre;Não Informado;"0    ";Não Informado;"0 ";"0    ";"0    ";"0    ";-16.1267230;-47.9605150;SPRF-DF;DEL01-DF;UOP01-DEL01-DF 
613544;"1371320   ";2024-07-10;quarta-feira;19:20:00;GO;"40   ";"9    ";LUZIANIA;Não;Ingestão de álcool pelo condutor;1;Atropelamento de Pedestre;Com Vítimas Feridas;Pleno dia;Decrescente;Céu Claro;Dupla;Reta;Sim  ;"1098198   ";Bicicleta;Não Informado/Não Informado;"0         ";Condutor;Lesões Leves;"31   ";Masculino;"0 ";"1    ";"0    ";"0    ";-16.1267230;-47.9605150;SPRF-DF;DEL01-DF;UOP01-DEL01-DF 
613544;"1371322   ";2024-07-10;quarta-feira;19:20:00;GO;"40   ";"9    ";LUZIANIA;Não;Ingestão de álcool pelo condutor;1;Atropelamento de Pedestre;Com Vítimas Feridas;Pleno dia;Decrescente;Céu Claro;Dupla;Reta;Sim  ;"0         ";"0";NA/NA;"0         ";Pedestre;Não Informado;"0    ";Não Informado;"0 ";"0    ";"0    ";"0    ";-16.1267230;-47.9605150;SPRF-DF;DEL01-DF;UOP01-DEL01-DF 
613544;"1371321   ";2024-07-10;quarta-feira;19:20:00;GO;"40   ";"9    ";LUZIANIA;Não;Ingestão de álcool pelo condutor;1;Atropelamento de Pedestre;Com Vítimas Feridas;Pleno dia;Decrescente;Céu Claro;Dupla;Reta;Sim  ;"0         ";"0";NA/NA;"0         ";Pedestre;Não Informado;"0    ";Não Informado;"0 ";"0    ";"0    ";"0    ";-16.1267230;-47.9605150;SPRF-DF;DEL01-DF;UOP01-DEL01-DF 
613544;"1371320   ";2024-07-10;quarta-feira;19:20:00;GO;"40   ";"9    ";LUZIANIA;Não;Entrada inopinada do pedestre;1;Atropelamento de Pedestre;Com Vítimas Feridas;Pleno dia;Decrescente;Céu Claro;Dupla;Reta;Sim  ;"1098198   ";Bicicleta;Não Informado/Não Informado;"0         ";Condutor;Lesões Leves;"31   ";Masculino;"0 ";"1    ";"0    ";"0    ";-16.1267230;-47.9605150;SPRF-DF;DEL01-DF;UOP01-DEL01-DF 
613544;"1371322   ";2024-07-10;quarta-feira;19:20:00;GO;"40   ";"9    ";LUZIANIA;Não;Entrada inopinada do pedestre;1;Atropelamento de Pedestre;Com Vítimas Feridas;Pleno dia;Decrescente;Céu Claro;Dupla;Reta;Sim  ;"0         ";"0";NA/NA;"0         ";Pedestre;Não Informado;"0    ";Não Informado;"0 ";"0    ";"0    ";"0    ";-16.1267230;-47.9605150;SPRF-DF;DEL01-DF;UOP01-DEL01-DF 
613544;"1371321   ";2024-07-10;quarta-feira;19:20:00;GO;"40   ";"9    ";LUZIANIA;Não;Entrada inopinada do pedestre;1;Atropelamento de Pedestre;Com Vítimas Feridas;Pleno dia;Decrescente;Céu Claro;Dupla;Reta;Sim  ;"0         ";"0";NA/NA;"0         ";Pedestre;Não Informado;"0    ";Não Informado;"0 ";"0    ";"0    ";"0    ";-16.1267230;-47.9605150;SPRF-DF;DEL01-DF;UOP01-DEL01-DF 
613544;"1371320   ";2024-07-10;quarta-feira;19:20:00;GO;"40   ";"9    ";LUZIANIA;Não;Ausência de reação do condutor;1;Atropelamento de Pedestre;Com Vítimas Feridas;Pleno dia;Decrescente;Céu Claro;Dupla;Reta;Sim  ;"1098198   ";Bicicleta;Não Informado/Não Informado;"0         ";Condutor;Lesões Leves;"31   ";Masculino;"0 ";"1    ";"0    ";"0    ";-16.1267230;-47.9605150;SPRF-DF;DEL01-DF;UOP01-DEL01-DF 
613544;"1371322   ";2024-07-10;quarta-feira;19:20:00;GO;"40   ";"9    ";LUZIANIA;Não;Ausência de reação do condutor;1;Atropelamento de Pedestre;Com Vítimas Feridas;Pleno dia;Decrescente;Céu Claro;Dupla;Reta;Sim  ;"0         ";"0";NA/NA;"0         ";Pedestre;Não Informado;"0    ";Não Informado;"0 ";"0    ";"0    ";"0    ";-16.1267230;-47.9605150;SPRF-DF;DEL01-DF;UOP01-DEL01-DF 
613544;"1371321   ";2024-07-10;quarta-feira;19:20:00;GO;"40   ";"9    ";LUZIANIA;Não;Ausência de reação do condutor;1;Atropelamento de Pedestre;Com Vítimas Feridas;Pleno dia;Decrescente;Céu Claro;Dupla;Reta;Sim  ;"0         ";"0";NA/NA;"0         ";Pedestre;Não Informado;"0    ";Não Informado;"0 ";"0    ";"0    ";"0    ";-16.1267230;-47.9605150;SPRF-DF;DEL01-DF;UOP01-DEL01-DF 
613544;"1371320   ";2024-07-10;quarta-feira;19:20:00;GO;"40   ";"9    ";LUZIANIA;Não;Transitar na contramão;1;Atropelamento de Pedestre;Com Vítimas Feridas;Pleno dia;Decrescente;Céu Claro;Dupla;Reta;Sim  ;"1098198   ";Bicicleta;Não Informado/Não Informado;"0         ";Condutor;Lesões Leves;"31   ";Masculino;"0 ";"1    ";"0    ";"0    ";-16.1267230;-47.9605150;SPRF-DF;DEL01-DF;UOP01-DEL01-DF 
613544;"1371322   ";2024-07-10;quarta-feira;19:20:00;GO;"40   ";"9    ";LUZIANIA;Não;Transitar na contramão;1;Atropelamento de Pedestre;Com Vítimas Feridas;Pleno dia;Decrescente;Céu Claro;Dupla;Reta;Sim  ;"0         ";"0";NA/NA;"0         ";Pedestre;Não Informado;"0    ";Não Informado;"0 ";"0    ";"0    ";"0    ";-16.1267230;-47.9605150;SPRF-DF;DEL01-DF;UOP01-DEL01-DF 
613544;"1371321   ";2024-07-10;quarta-feira;19:20:00;GO;"40   ";"9    ";LUZIANIA;Não;Transitar na contramão;1;Atropelamento de Pedestre;Com Vítimas Feridas;Pleno dia;Decrescente;Céu Claro;Dupla;Reta;Sim  ;"0         ";"0";NA/NA;"0         ";Pedestre;Não Informado;"0    ";Não Informado;"0 ";"0    ";"0    ";"0    ";-16.1267230;-47.9605150;SPRF-DF;DEL01-DF;UOP01-DEL01-DF 
613544;"1371320   ";2024-07-10;quarta-feira;19:20:00;GO;"40   ";"9    ";LUZIANIA;Sim;Pedestre cruzava a pista fora da faixa;1;Atropelamento de Pedestre;Com Vítimas Feridas;Pleno dia;Decrescente;Céu Claro;Dupla;Reta;Sim  ;"1098198   ";Bicicleta;Não Informado/Não Informado;"0         ";Condutor;Lesões Leves;"31   ";Masculino;"0 ";"1    ";"0    ";"0    ";-16.1267230;-47.9605150;SPRF-DF;DEL01-DF;UOP01-DEL01-DF 
613544;"1371322   ";2024-07-10;quarta-feira;19:20:00;GO;"40   ";"9    ";LUZIANIA;Sim;Pedestre cruzava a pista fora da faixa;1;Atropelamento de Pedestre;Com Vítimas Feridas;Pleno dia;Decrescente;Céu Claro;Dupla;Reta;Sim  ;"0         ";"0";NA/NA;"0         ";Pedestre;Não Informado;"0    ";Não Informado;"0 ";"0    ";"0    ";"0    ";-16.1267230;-47.9605150;SPRF-DF;DEL01-DF;UOP01-DEL01-DF 
613544;"1371321   ";2024-07-10;quarta-feira;19:20:00;GO;"40   ";"9    ";LUZIANIA;Sim;Pedestre cruzava a pista fora da faixa;1;Atropelamento de Pedestre;Com Vítimas Feridas;Pleno dia;Decrescente;Céu Claro;Dupla;Reta;Sim  ;"0         ";"0";NA/NA;"0         ";Pedestre;Não Informado;"0    ";Não Informado;"0 ";"0    ";"0    ";"0    ";-16.1267230;-47.9605150;SPRF-DF;DEL01-DF;UOP01-DEL01-DF 
613590;"1371454   ";2024-07-11;quinta-feira;01:20:00;DF;"60   ";"2    ";BRASILIA;Sim;Manobra de mudança de faixa;1;Colisão traseira;Com Vítimas Feridas;Plena Noite;Crescente;Céu Claro;Dupla;"Retorno Regulamentado;Reta";Sim  ;"1098298   ";Motocicleta;YAMAHA/XTZ250 LANDER;"2020      ";Condutor;Lesões Leves;"31   ";Masculino;"0 ";"1    ";"0    ";"0    ";-15.8873830;-48.0779880;SPRF-DF;DEL03-DF;UOP01-DEL03-DF 
613590;"1371455   ";2024-07-11;quinta-feira;01:20:00;DF;"60   ";"2    ";BRASILIA;Sim;Manobra de mudança de faixa;1;Colisão traseira;Com Vítimas Feridas;Plena Noite;Crescente;Céu Claro;Dupla;"Retorno Regulamentado;Reta";Sim  ;"1098302   ";Automóvel;VW/GOL 1.6 POWER;"2010      ";Condutor;Ileso;"22   ";Masculino;"1 ";"0    ";"0    ";"0    ";-15.8873830;-48.0779880;SPRF-DF;DEL03-DF;UOP01-DEL03-DF 
613590;"1371456   ";2024-07-11;quinta-feira;01:20:00;DF;"60   ";"2    ";BRASILIA;Sim;Manobra de mudança de faixa;1;Colisão traseira;Com Vítimas Feridas;Plena Noite;Crescente;Céu Claro;Dupla;"Retorno Regulamentado;Reta";Sim  ;"1098303   ";Automóvel;FORD/KA SE 1.0 HA;"2015      ";Condutor;Ileso;"28   ";Masculino;"1 ";"0    ";"0    ";"0    ";-15.8873830;-48.0779880;SPRF-DF;DEL03-DF;UOP01-DEL03-DF 
613599;"1371479   ";2024-07-11;quinta-feira;05:45:00;DF;"40   ";"6,9  ";BRASILIA;Sim;Condutor Dormindo;3;Queda de ocupante de veículo;Com Vítimas Feridas;Amanhecer;Decrescente;Céu Claro;Dupla;Reta;Sim  ;"1098319   ";Motocicleta;YAMAHA/YBR150 FACTOR ED;"2024      ";Condutor;Lesões Leves;"41   ";Masculino;"0 ";"1    ";"0    ";"0    ";-16.0378280;-47.9791790;SPRF-DF;DEL01-DF;UOP01-DEL01-DF 
613599;"1371480   ";2024-07-11;quinta-feira;05:45:00;DF;"40   ";"6,9  ";BRASILIA;Sim;Condutor Dormindo;3;Queda de ocupante de veículo;Com Vítimas Feridas;Amanhecer;Decrescente;Céu Claro;Dupla;Reta;Sim  ;"1098319   ";Motocicleta;YAMAHA/YBR150 FACTOR ED;"2024      ";Passageiro;Lesões Leves;"26   ";Masculino;"0 ";"1    ";"0    ";"0    ";-16.0378280;-47.9791790;SPRF-DF;DEL01-DF;UOP01-DEL01-DF 
613599;"1371479   ";2024-07-11;quinta-feira;05:45:00;DF;"40   ";"6,9  ";BRASILIA;Sim;Condutor Dormindo;2;Tombamento;Com Vítimas Feridas;Amanhecer;Decrescente;Céu Claro;Dupla;Reta;Sim  ;"1098319   ";Motocicleta;YAMAHA/YBR150 FACTOR ED;"2024      ";Condutor;Lesões Leves;"41   ";Masculino;"0 ";"1    ";"0    ";"0    ";-16.0378280;-47.9791790;SPRF-DF;DEL01-DF;UOP01-DEL01-DF 
613599;"1371480   ";2024-07-11;quinta-feira;05:45:00;DF;"40   ";"6,9  ";BRASILIA;Sim;Condutor Dormindo;2;Tombamento;Com Vítimas Feridas;Amanhecer;Decrescente;Céu Claro;Dupla;Reta;Sim  ;"1098319   ";Motocicleta;YAMAHA/YBR150 FACTOR ED;"2024      ";Passageiro;Lesões Leves;"26   ";Masculino;"0 ";"1    ";"0    ";"0    ";-16.0378280;-47.9791790;SPRF-DF;DEL01-DF;UOP01-DEL01-DF 
613599;"1371479   ";2024-07-11;quinta-feira;05:45:00;DF;"40   ";"6,9  ";BRASILIA;Sim;Condutor Dormindo;1;Saída de leito carroçável;Com Vítimas Feridas;Amanhecer;Decrescente;Céu Claro;Dupla;Reta;Sim  ;"1098319   ";Motocicleta;YAMAHA/YBR150 FACTOR ED;"2024      ";Condutor;Lesões Leves;"41   ";Masculino;"0 ";"1    ";"0    ";"0    ";-16.0378280;-47.9791790;SPRF-DF;DEL01-DF;UOP01-DEL01-DF 
613599;"1371480   ";2024-07-11;quinta-feira;05:45:00;DF;"40   ";"6,9  ";BRASILIA;Sim;Condutor Dormindo;1;Saída de leito carroçável;Com Vítimas Feridas;Amanhecer;Decrescente;Céu Claro;Dupla;Reta;Sim  ;"1098319   ";Motocicleta;YAMAHA/YBR150 FACTOR ED;"2024      ";Passageiro;Lesões Leves;"26   ";Masculino;"0 ";"1    ";"0    ";"0    ";-16.0378280;-47.9791790;SPRF-DF;DEL01-DF;UOP01-DEL01-DF 
613609;"1371493   ";2024-07-11;quinta-feira;06:20:00;GO;"414  ";"427  ";ABADIANIA;Sim;Condutor deixou de manter distância do veículo da frente;4;Colisão traseira;Com Vítimas Feridas;Amanhecer;Crescente;Céu Claro;Simples;"Aclive;Curva";Não  ;"1098329   ";Motocicleta;HONDA/CG 125 TITAN;"1995      ";Condutor;Ileso;"57   ";Masculino;"1 ";"0    ";"0    ";"0    ";-16.1814760;-48.9021910;SPRF-GO;DEL02-GO;UOP01-DEL02-GO 
613609;"1371495   ";2024-07-11;quinta-feira;06:20:00;GO;"414  ";"427  ";ABADIANIA;Sim;Condutor deixou de manter distância do veículo da frente;4;Colisão traseira;Com Vítimas Feridas;Amanhecer;Crescente;Céu Claro;Simples;"Aclive;Curva";Não  ;"1098332   ";Automóvel;NISSAN/KICKS S DRCT CVT;"2018      ";Condutor;Ileso;"65   ";Feminino;"1 ";"0    ";"0    ";"0    ";-16.1814760;-48.9021910;SPRF-GO;DEL02-GO;UOP01-DEL02-GO 
613609;"1371494   ";2024-07-11;quinta-feira;06:20:00;GO;"414  ";"427  ";ABADIANIA;Sim;Condutor deixou de manter distância do veículo da frente;4;Colisão traseira;Com Vítimas Feridas;Amanhecer;Crescente;Céu Claro;Simples;"Aclive;Curva";Não  ;"1098331   ";Motocicleta;HONDA/CB250F TWISTER ABS;"2022      ";Condutor;Lesões Graves;"18   ";Masculino;"0 ";"0    ";"1    ";"0    ";-16.1814760;-48.9021910;SPRF-GO;DEL02-GO;UOP01-DEL02-GO 
613609;"1371493   ";2024-07-11;quinta-feira;06:20:00;GO;"414  ";"427  ";ABADIANIA;Sim;Condutor deixou de manter distância do veículo da frente;3;Queda de ocupante de veículo;Com Vítimas Feridas;Amanhecer;Crescente;Céu Claro;Simples;"Aclive;Curva";Não  ;"1098329   ";Motocicleta;HONDA/CG 125 TITAN;"1995      ";Condutor;Ileso;"57   ";Masculino;"1 ";"0    ";"0    ";"0    ";-16.1814760;-48.9021910;SPRF-GO;DEL02-GO;UOP01-DEL02-GO 
613609;"1371495   ";2024-07-11;quinta-feira;06:20:00;GO;"414  ";"427  ";ABADIANIA;Sim;Condutor deixou de manter distância do veículo da frente;3;Queda de ocupante de veículo;Com Vítimas Feridas;Amanhecer;Crescente;Céu Claro;Simples;"Aclive;Curva";Não  ;"1098332   ";Automóvel;NISSAN/KICKS S DRCT CVT;"2018      ";Condutor;Ileso;"65   ";Feminino;"1 ";"0    ";"0    ";"0    ";-16.1814760;-48.9021910;SPRF-GO;DEL02-GO;UOP01-DEL02-GO 
613609;"1371494   ";2024-07-11;quinta-feira;06:20:00;GO;"414  ";"427  ";ABADIANIA;Sim;Condutor deixou de manter distância do veículo da frente;3;Queda de ocupante de veículo;Com Vítimas Feridas;Amanhecer;Crescente;Céu Claro;Simples;"Aclive;Curva";Não  ;"1098331   ";Motocicleta;HONDA/CB250F TWISTER ABS;"2022      ";Condutor;Lesões Graves;"18   ";Masculino;"0 ";"0    ";"1    ";"0    ";-16.1814760;-48.9021910;SPRF-GO;DEL02-GO;UOP01-DEL02-GO 
613609;"1371493   ";2024-07-11;quinta-feira;06:20:00;GO;"414  ";"427  ";ABADIANIA;Sim;Condutor deixou de manter distância do veículo da frente;2;Tombamento;Com Vítimas Feridas;Amanhecer;Crescente;Céu Claro;Simples;"Aclive;Curva";Não  ;"1098329   ";Motocicleta;HONDA/CG 125 TITAN;"1995      ";Condutor;Ileso;"57   ";Masculino;"1 ";"0    ";"0    ";"0    ";-16.1814760;-48.9021910;SPRF-GO;DEL02-GO;UOP01-DEL02-GO 
613609;"1371495   ";2024-07-11;quinta-feira;06:20:00;GO;"414  ";"427  ";ABADIANIA;Sim;Condutor deixou de manter distância do veículo da frente;2;Tombamento;Com Vítimas Feridas;Amanhecer;Crescente;Céu Claro;Simples;"Aclive;Curva";Não  ;"1098332   ";Automóvel;NISSAN/KICKS S DRCT CVT;"2018      ";Condutor;Ileso;"65   ";Feminino;"1 ";"0    ";"0    ";"0    ";-16.1814760;-48.9021910;SPRF-GO;DEL02-GO;UOP01-DEL02-GO 
613609;"1371494   ";2024-07-11;quinta-feira;06:20:00;GO;"414  ";"427  ";ABADIANIA;Sim;Condutor deixou de manter distância do veículo da frente;2;Tombamento;Com Vítimas Feridas;Amanhecer;Crescente;Céu Claro;Simples;"Aclive;Curva";Não  ;"1098331   ";Motocicleta;HONDA/CB250F TWISTER ABS;"2022      ";Condutor;Lesões Graves;"18   ";Masculino;"0 ";"0    ";"1    ";"0    ";-16.1814760;-48.9021910;SPRF-GO;DEL02-GO;UOP01-DEL02-GO 
613609;"1371493   ";2024-07-11;quinta-feira;06:20:00;GO;"414  ";"427  ";ABADIANIA;Sim;Condutor deixou de manter distância do veículo da frente;1;Colisão traseira;Com Vítimas Feridas;Amanhecer;Crescente;Céu Claro;Simples;"Aclive;Curva";Não  ;"1098329   ";Motocicleta;HONDA/CG 125 TITAN;"1995      ";Condutor;Ileso;"57   ";Masculino;"1 ";"0    ";"0    ";"0    ";-16.1814760;-48.9021910;SPRF-GO;DEL02-GO;UOP01-DEL02-GO 
613609;"1371495   ";2024-07-11;quinta-feira;06:20:00;GO;"414  ";"427  ";ABADIANIA;Sim;Condutor deixou de manter distância do veículo da frente;1;Colisão traseira;Com Vítimas Feridas;Amanhecer;Crescente;Céu Claro;Simples;"Aclive;Curva";Não  ;"1098332   ";Automóvel;NISSAN/KICKS S DRCT CVT;"2018      ";Condutor;Ileso;"65   ";Feminino;"1 ";"0    ";"0    ";"0    ";-16.1814760;-48.9021910;SPRF-GO;DEL02-GO;UOP01-DEL02-GO 
613609;"1371494   ";2024-07-11;quinta-feira;06:20:00;GO;"414  ";"427  ";ABADIANIA;Sim;Condutor deixou de manter distância do veículo da frente;1;Colisão traseira;Com Vítimas Feridas;Amanhecer;Crescente;Céu Claro;Simples;"Aclive;Curva";Não  ;"1098331   ";Motocicleta;HONDA/CB250F TWISTER ABS;"2022      ";Condutor;Lesões Graves;"18   ";Masculino;"0 ";"0    ";"1    ";"0    ";-16.1814760;-48.9021910;SPRF-GO;DEL02-GO;UOP01-DEL02-GO 
613610;"1371558   ";2024-07-11;quinta-feira;06:20:00;DF;"40   ";"3    ";BRASILIA;Não;Velocidade Incompatível;2;Queda de ocupante de veículo;Com Vítimas Feridas;Amanhecer;Crescente;Céu Claro;Dupla;Viaduto;Sim  ;"1098392   ";Automóvel;FIAT/PALIO ATTRACTIV 1.4;"2012      ";Condutor;Ileso;"44   ";Masculino;"1 ";"0    ";"0    ";"0    ";-16.0022454;-47.9842365;SPRF-DF;DEL01-DF;UOP01-DEL01-DF 
613610;"1373163   ";2024-07-11;quinta-feira;06:20:00;DF;"40   ";"3    ";BRASILIA;Não;Velocidade Incompatível;2;Queda de ocupante de veículo;Com Vítimas Feridas;Amanhecer;Crescente;Céu Claro;Dupla;Viaduto;Sim  ;"1098392   ";Automóvel;FIAT/PALIO ATTRACTIV 1.4;"2012      ";Passageiro;Ileso;"31   ";Feminino;"1 ";"0    ";"0    ";"0    ";-16.0022454;-47.9842365;SPRF-DF;DEL01-DF;UOP01-DEL01-DF 
613610;"1373165   ";2024-07-11;quinta-feira;06:20:00;DF;"40   ";"3    ";BRASILIA;Não;Velocidade Incompatível;2;Queda de ocupante de veículo;Com Vítimas Feridas;Amanhecer;Crescente;Céu Claro;Dupla;Viaduto;Sim  ;"1098392   ";Automóvel;FIAT/PALIO ATTRACTIV 1.4;"2012      ";Passageiro;Ileso;"42   ";Feminino;"1 ";"0    ";"0    ";"0    ";-16.0022454;-47.9842365;SPRF-DF;DEL01-DF;UOP01-DEL01-DF 
613610;"1373166   ";2024-07-11;quinta-feira;06:20:00;DF;"40   ";"3    ";BRASILIA;Não;Velocidade Incompatível;2;Queda de ocupante de veículo;Com Vítimas Feridas;Amanhecer;Crescente;Céu Claro;Dupla;Viaduto;Sim  ;"1098392   ";Automóvel;FIAT/PALIO ATTRACTIV 1.4;"2012      ";Passageiro;Ileso;"57   ";Masculino;"1 ";"0    ";"0    ";"0    ";-16.0022454;-47.9842365;SPRF-DF;DEL01-DF;UOP01-DEL01-DF 
613610;"1373171   ";2024-07-11;quinta-feira;06:20:00;DF;"40   ";"3    ";BRASILIA;Não;Velocidade Incompatível;2;Queda de ocupante de veículo;Com Vítimas Feridas;Amanhecer;Crescente;Céu Claro;Dupla;Viaduto;Sim  ;"1099684   ";Motocicleta;HONDA/CB 300R;"2015      ";Condutor;Lesões Leves;"30   ";Masculino;"0 ";"1    ";"0    ";"0    ";-16.0022454;-47.9842365;SPRF-DF;DEL01-DF;UOP01-DEL01-DF 
613610;"1371558   ";2024-07-11;quinta-feira;06:20:00;DF;"40   ";"3    ";BRASILIA;Não;Ausência de reação do condutor;2;Queda de ocupante de veículo;Com Vítimas Feridas;Amanhecer;Crescente;Céu Claro;Dupla;Viaduto;Sim  ;"1098392   ";Automóvel;FIAT/PALIO ATTRACTIV 1.4;"2012      ";Condutor;Ileso;"44   ";Masculino;"1 ";"0    ";"0    ";"0    ";-16.0022454;-47.9842365;SPRF-DF;DEL01-DF;UOP01-DEL01-DF 
613610;"1373163   ";2024-07-11;quinta-feira;06:20:00;DF;"40   ";"3    ";BRASILIA;Não;Ausência de reação do condutor;2;Queda de ocupante de veículo;Com Vítimas Feridas;Amanhecer;Crescente;Céu Claro;Dupla;Viaduto;Sim  ;"1098392   ";Automóvel;FIAT/PALIO ATTRACTIV 1.4;"2012      ";Passageiro;Ileso;"31   ";Feminino;"1 ";"0    ";"0    ";"0    ";-16.0022454;-47.9842365;SPRF-DF;DEL01-DF;UOP01-DEL01-DF 
613610;"1373165   ";2024-07-11;quinta-feira;06:20:00;DF;"40   ";"3    ";BRASILIA;Não;Ausência de reação do condutor;2;Queda de ocupante de veículo;Com Vítimas Feridas;Amanhecer;Crescente;Céu Claro;Dupla;Viaduto;Sim  ;"1098392   ";Automóvel;FIAT/PALIO ATTRACTIV 1.4;"2012      ";Passageiro;Ileso;"42   ";Feminino;"1 ";"0    ";"0    ";"0    ";-16.0022454;-47.9842365;SPRF-DF;DEL01-DF;UOP01-DEL01-DF 
613610;"1373166   ";2024-07-11;quinta-feira;06:20:00;DF;"40   ";"3    ";BRASILIA;Não;Ausência de reação do condutor;2;Queda de ocupante de veículo;Com Vítimas Feridas;Amanhecer;Crescente;Céu Claro;Dupla;Viaduto;Sim  ;"1098392   ";Automóvel;FIAT/PALIO ATTRACTIV 1.4;"2012      ";Passageiro;Ileso;"57   ";Masculino;"1 ";"0    ";"0    ";"0    ";-16.0022454;-47.9842365;SPRF-DF;DEL01-DF;UOP01-DEL01-DF 
613610;"1373171   ";2024-07-11;quinta-feira;06:20:00;DF;"40   ";"3    ";BRASILIA;Não;Ausência de reação do condutor;2;Queda de ocupante de veículo;Com Vítimas Feridas;Amanhecer;Crescente;Céu Claro;Dupla;Viaduto;Sim  ;"1099684   ";Motocicleta;HONDA/CB 300R;"2015      ";Condutor;Lesões Leves;"30   ";Masculino;"0 ";"1    ";"0    ";"0    ";-16.0022454;-47.9842365;SPRF-DF;DEL01-DF;UOP01-DEL01-DF 
613610;"1371558   ";2024-07-11;quinta-feira;06:20:00;DF;"40   ";"3    ";BRASILIA;Sim;Condutor deixou de manter distância do veículo da frente;2;Queda de ocupante de veículo;Com Vítimas Feridas;Amanhecer;Crescente;Céu Claro;Dupla;Viaduto;Sim  ;"1098392   ";Automóvel;FIAT/PALIO ATTRACTIV 1.4;"2012      ";Condutor;Ileso;"44   ";Masculino;"1 ";"0    ";"0    ";"0    ";-16.0022454;-47.9842365;SPRF-DF;DEL01-DF;UOP01-DEL01-DF 
613610;"1373163   ";2024-07-11;quinta-feira;06:20:00;DF;"40   ";"3    ";BRASILIA;Sim;Condutor deixou de manter distância do veículo da frente;2;Queda de ocupante de veículo;Com Vítimas Feridas;Amanhecer;Crescente;Céu Claro;Dupla;Viaduto;Sim  ;"1098392   ";Automóvel;FIAT/PALIO ATTRACTIV 1.4;"2012      ";Passageiro;Ileso;"31   ";Feminino;"1 ";"0    ";"0    ";"0    ";-16.0022454;-47.9842365;SPRF-DF;DEL01-DF;UOP01-DEL01-DF 
613610;"1373165   ";2024-07-11;quinta-feira;06:20:00;DF;"40   ";"3    ";BRASILIA;Sim;Condutor deixou de manter distância do veículo da frente;2;Queda de ocupante de veículo;Com Vítimas Feridas;Amanhecer;Crescente;Céu Claro;Dupla;Viaduto;Sim  ;"1098392   ";Automóvel;FIAT/PALIO ATTRACTIV 1.4;"2012      ";Passageiro;Ileso;"42   ";Feminino;"1 ";"0    ";"0    ";"0    ";-16.0022454;-47.9842365;SPRF-DF;DEL01-DF;UOP01-DEL01-DF 
613610;"1373166   ";2024-07-11;quinta-feira;06:20:00;DF;"40   ";"3    ";BRASILIA;Sim;Condutor deixou de manter distância do veículo da frente;2;Queda de ocupante de veículo;Com Vítimas Feridas;Amanhecer;Crescente;Céu Claro;Dupla;Viaduto;Sim  ;"1098392   ";Automóvel;FIAT/PALIO ATTRACTIV 1.4;"2012      ";Passageiro;Ileso;"57   ";Masculino;"1 ";"0    ";"0    ";"0    ";-16.0022454;-47.9842365;SPRF-DF;DEL01-DF;UOP01-DEL01-DF 