id;pesid;data_inversa;dia_semana;horario;uf;br;km;municipio;causa_principal;causa_acidente;ordem_tipo_acidente;tipo_acidente;classificacao_acidente;fase_dia;sentido_via;condicao_metereologica;tipo_pista;tracado_via;uso_solo;id_veiculo;tipo_veiculo;marca;ano_fabricacao_veiculo;tipo_envolvido;estado_fisico;idade;sexo;ilesos;feridos_leves;feridos_graves;mortos;latitude;longitude;regional;delegacia;uop
613688;"1371618   ";2024-07-11;quinta-feira;12:20:00;GO;"20   ";"10   ";FORMOSA;Não;Reação tardia ou ineficiente do condutor;1;Colisão transversal;Com Vítimas Feridas;Pleno dia;Decrescente;Céu Claro;Simples;"Rotatória;Retorno Regulamentado;Reta;Interseção de Vias";Sim  ;"1098454   ";Automóvel;VW/GOL 1.0;"2003      ";Condutor;Lesões Leves;"34   ";Masculino;"0 ";"1    ";"0    ";"0    ";-15.5584470;-47.2661900;SPRF-DF;DEL02-DF;UOP02-DEL02-DF 
613688;"1371619   ";2024-07-11;quinta-feira;12:20:00;GO;"20   ";"10   ";FORMOSA;Não;Reação tardia ou ineficiente do condutor;1;Colisão transversal;Com Vítimas Feridas;Pleno dia;Decrescente;Céu Claro;Simples;"Rotatória;Retorno Regulamentado;Reta;Interseção de Vias";Sim  ;"1098457   ";Caminhonete;FIAT/STRADA WORKING;"2002      ";Condutor;Ileso;"53   ";Masculino;"1 ";"0    ";"0    ";"0    ";-15.5584470;-47.2661900;SPRF-DF;DEL02-DF;UOP02-DEL02-DF 
613688;"1371618   ";2024-07-11;quinta-feira;12:20:00;GO;"20   ";"10   ";FORMOSA;Não;Desrespeitar a preferência no cruzamento;1;Colisão transversal;Com Vítimas Feridas;Pleno dia;Decrescente;Céu Claro;Simples;"Rotatória;Retorno Regulamentado;Reta;Interseção de Vias";Sim  ;"1098454   ";Automóvel;VW/GOL 1.0;"2003      ";Condutor;Lesões Leves;"34   ";Masculino;"0 ";"1    ";"0    ";"0    ";-15.5584470;-47.2661900;SPRF-DF;DEL02-DF;UOP02-DEL02-DF 
613688;"1371619   ";2024-07-11;quinta-feira;12:20:00;GO;"20   ";"10   ";FORMOSA;Não;Desrespeitar a preferência no cruzamento;1;Colisão transversal;Com Vítimas Feridas;Pleno dia;Decrescente;Céu Claro;Simples;"Rotatória;Retorno Regulamentado;Reta;Interseção de Vias";Sim  ;"1098457   ";Caminhonete;FIAT/STRADA WORKING;"2002      ";Condutor;Ileso;"53   ";Masculino;"1 ";"0    ";"0    ";"0    ";-15.5584470;-47.2661900;SPRF-DF;DEL02-DF;UOP02-DEL02-DF 
613688;"1371618   ";2024-07-11;quinta-feira;12:20:00;GO;"20   ";"10   ";FORMOSA;Sim;Acessar a via sem observar a presença dos outros veículos;1;Colisão transversal;Com Vítimas Feridas;Pleno dia;Decrescente;Céu Claro;Simples;"Rotatória;Retorno Regulamentado;Reta;Interseção de Vias";Sim  ;"1098454   ";Automóvel;VW/GOL 1.0;"2003      ";Condutor;Lesões Leves;"34   ";Masculino;"0 ";"1    ";"0    ";"0    ";-15.5584470;-47.2661900;SPRF-DF;DEL02-DF;UOP02-DEL02-DF 
613688;"1371619   ";2024-07-11;quinta-feira;12:20:00;GO;"20   ";"10   ";FORMOSA;Sim;Acessar a via sem observar a presença dos outros veículos;1;Colisão transversal;Com Vítimas Feridas;Pleno dia;Decrescente;Céu Claro;Simples;"Rotatória;Retorno Regulamentado;Reta;Interseção de Vias";Sim  ;"1098457   ";Caminhonete;FIAT/STRADA WORKING;"2002      ";Condutor;Ileso;"53   ";Masculino;"1 ";"0    ";"0    ";"0    ";-15.5584470;-47.2661900;SPRF-DF;DEL02-DF;UOP02-DEL02-DF 
613713;"1371997   ";2024-07-11;quinta-feira;13:40:00;GO;"70   ";"8    ";AGUAS LINDAS DE GOIAS;Não;Pedestre cruzava a pista fora da faixa;1;Atropelamento de Pedestre;Com Vítimas Feridas;Pleno dia;Crescente;Céu Claro;Dupla;Reta;Sim  ;"1098777   ";Automóvel;FIAT/PALIO FIRE FLEX;"2008      ";Condutor;Ileso;"28   ";Masculino;"1 ";"0    ";"0    ";"0    ";-15.7373368;-48.2740747;SPRF-DF;DEL03-DF;UOP02-DEL03-DF 
613713;"1373130   ";2024-07-11;quinta-feira;13:40:00;GO;"70   ";"8    ";AGUAS LINDAS DE GOIAS;Não;Pedestre cruzava a pista fora da faixa;1;Atropelamento de Pedestre;Com Vítimas Feridas;Pleno dia;Crescente;Céu Claro;Dupla;Reta;Sim  ;"0         ";"0";NA/NA;"0         ";Testemunha;Não Informado;"0    ";Não Informado;"0 ";"0    ";"0    ";"0    ";-15.7373368;-48.2740747;SPRF-DF;DEL03-DF;UOP02-DEL03-DF 
613713;"1373132   ";2024-07-11;quinta-feira;13:40:00;GO;"70   ";"8    ";AGUAS LINDAS DE GOIAS;Não;Pedestre cruzava a pista fora da faixa;1;Atropelamento de Pedestre;Com Vítimas Feridas;Pleno dia;Crescente;Céu Claro;Dupla;Reta;Sim  ;"0         ";"0";NA/NA;"0         ";Testemunha;Não Informado;"0    ";Não Informado;"0 ";"0    ";"0    ";"0    ";-15.7373368;-48.2740747;SPRF-DF;DEL03-DF;UOP02-DEL03-DF 
613713;"1373129   ";2024-07-11;quinta-feira;13:40:00;GO;"70   ";"8    ";AGUAS LINDAS DE GOIAS;Não;Pedestre cruzava a pista fora da faixa;1;Atropelamento de Pedestre;Com Vítimas Feridas;Pleno dia;Crescente;Céu Claro;Dupla;Reta;Sim  ;"0         ";"0";NA/NA;"0         ";Pedestre;Lesões Graves;"68   ";Masculino;"0 ";"0    ";"1    ";"0    ";-15.7373368;-48.2740747;SPRF-DF;DEL03-DF;UOP02-DEL03-DF 
613713;"1371997   ";2024-07-11;quinta-feira;13:40:00;GO;"70   ";"8    ";AGUAS LINDAS DE GOIAS;Não;Pedestre - Ingestão de álcool/ substâncias psicoativas;1;Atropelamento de Pedestre;Com Vítimas Feridas;Pleno dia;Crescente;Céu Claro;Dupla;Reta;Sim  ;"1098777   ";Automóvel;FIAT/PALIO FIRE FLEX;"2008      ";Condutor;Ileso;"28   ";Masculino;"1 ";"0    ";"0    ";"0    ";-15.7373368;-48.2740747;SPRF-DF;DEL03-DF;UOP02-DEL03-DF 
613713;"1373130   ";2024-07-11;quinta-feira;13:40:00;GO;"70   ";"8    ";AGUAS LINDAS DE GOIAS;Não;Pedestre - Ingestão de álcool/ substâncias psicoativas;1;Atropelamento de Pedestre;Com Vítimas Feridas;Pleno dia;Crescente;Céu Claro;Dupla;Reta;Sim  ;"0         ";"0";NA/NA;"0         ";Testemunha;Não Informado;"0    ";Não Informado;"0 ";"0    ";"0    ";"0    ";-15.7373368;-48.2740747;SPRF-DF;DEL03-DF;UOP02-DEL03-DF 
613713;"1373132   ";2024-07-11;quinta-feira;13:40:00;GO;"70   ";"8    ";AGUAS LINDAS DE GOIAS;Não;Pedestre - Ingestão de álcool/ substâncias psicoativas;1;Atropelamento de Pedestre;Com Vítimas Feridas;Pleno dia;Crescente;Céu Claro;Dupla;Reta;Sim  ;"0         ";"0";NA/NA;"0         ";Testemunha;Não Informado;"0    ";Não Informado;"0 ";"0    ";"0    ";"0    ";-15.7373368;-48.2740747;SPRF-DF;DEL03-DF;UOP02-DEL03-DF 
613713;"1373129   ";2024-07-11;quinta-feira;13:40:00;GO;"70   ";"8    ";AGUAS LINDAS DE GOIAS;Não;Pedestre - Ingestão de álcool/ substâncias psicoativas;1;Atropelamento de Pedestre;Com Vítimas Feridas;Pleno dia;Crescente;Céu Claro;Dupla;Reta;Sim  ;"0         ";"0";NA/NA;"0         ";Pedestre;Lesões Graves;"68   ";Masculino;"0 ";"0    ";"1    ";"0    ";-15.7373368;-48.2740747;SPRF-DF;DEL03-DF;UOP02-DEL03-DF 
613713;"1371997   ";2024-07-11;quinta-feira;13:40:00;GO;"70   ";"8    ";AGUAS LINDAS DE GOIAS;Não;Área urbana sem a presença de local apropriado para a travessia de pedestres;1;Atropelamento de Pedestre;Com Vítimas Feridas;Pleno dia;Crescente;Céu Claro;Dupla;Reta;Sim  ;"1098777   ";Automóvel;FIAT/PALIO FIRE FLEX;"2008      ";Condutor;Ileso;"28   ";Masculino;"1 ";"0    ";"0    ";"0    ";-15.7373368;-48.2740747;SPRF-DF;DEL03-DF;UOP02-DEL03-DF 
613713;"1373130   ";2024-07-11;quinta-feira;13:40:00;GO;"70   ";"8    ";AGUAS LINDAS DE GOIAS;Não;Área urbana sem a presença de local apropriado para a travessia de pedestres;1;Atropelamento de Pedestre;Com Vítimas Feridas;Pleno dia;Crescente;Céu Claro;Dupla;Reta;Sim  ;"0         ";"0";NA/NA;"0         ";Testemunha;Não Informado;"0    ";Não Informado;"0 ";"0    ";"0    ";"0    ";-15.7373368;-48.2740747;SPRF-DF;DEL03-DF;UOP02-DEL03-DF 
613713;"1373132   ";2024-07-11;quinta-feira;13:40:00;GO;"70   ";"8    ";AGUAS LINDAS DE GOIAS;Não;Área urbana sem a presença de local apropriado para a travessia de pedestres;1;Atropelamento de Pedestre;Com Vítimas Feridas;Pleno dia;Crescente;Céu Claro;Dupla;Reta;Sim  ;"0         ";"0";NA/NA;"0         ";Testemunha;Não Informado;"0    ";Não Informado;"0 ";"0    ";"0    ";"0    ";-15.7373368;-48.2740747;SPRF-DF;DEL03-DF;UOP02-DEL03-DF 
613713;"1373129   ";2024-07-11;quinta-feira;13:40:00;GO;"70   ";"8    ";AGUAS LINDAS DE GOIAS;Não;Área urbana sem a presença de local apropriado para a travessia de pedestres;1;Atropelamento de Pedestre;Com Vítimas Feridas;Pleno dia;Crescente;Céu Claro;Dupla;Reta;Sim  ;"0         ";"0";NA/NA;"0         ";Pedestre;Lesões Graves;"68   ";Masculino;"0 ";"0    ";"1    ";"0    ";-15.7373368;-48.2740747;SPRF-DF;DEL03-DF;UOP02-DEL03-DF 
613713;"1371997   ";2024-07-11;quinta-feira;13:40:00;GO;"70   ";"8    ";AGUAS LINDAS DE GOIAS;Sim;Entrada inopinada do pedestre;1;Atropelamento de Pedestre;Com Vítimas Feridas;Pleno dia;Crescente;Céu Claro;Dupla;Reta;Sim  ;"1098777   ";Automóvel;FIAT/PALIO FIRE FLEX;"2008      ";Condutor;Ileso;"28   ";Masculino;"1 ";"0    ";"0    ";"0    ";-15.7373368;-48.2740747;SPRF-DF;DEL03-DF;UOP02-DEL03-DF 
613713;"1373130   ";2024-07-11;quinta-feira;13:40:00;GO;"70   ";"8    ";AGUAS LINDAS DE GOIAS;Sim;Entrada inopinada do pedestre;1;Atropelamento de Pedestre;Com Vítimas Feridas;Pleno dia;Crescente;Céu Claro;Dupla;Reta;Sim  ;"0         ";"0";NA/NA;"0         ";Testemunha;Não Informado;"0    ";Não Informado;"0 ";"0    ";"0    ";"0    ";-15.7373368;-48.2740747;SPRF-DF;DEL03-DF;UOP02-DEL03-DF 
613713;"1373132   ";2024-07-11;quinta-feira;13:40:00;GO;"70   ";"8    ";AGUAS LINDAS DE GOIAS;Sim;Entrada inopinada do pedestre;1;Atropelamento de Pedestre;Com Vítimas Feridas;Pleno dia;Crescente;Céu Claro;Dupla;Reta;Sim  ;"0         ";"0";NA/NA;"0         ";Testemunha;Não Informado;"0    ";Não Informado;"0 ";"0    ";"0    ";"0    ";-15.7373368;-48.2740747;SPRF-DF;DEL03-DF;UOP02-DEL03-DF 
614143;"1372860   ";2024-07-13;sábado;12:18:00;DF;"251  ";"47,1 ";BRASILIA;Não;Reação tardia ou ineficiente do condutor;3;Capotamento;Com Vítimas Feridas;Pleno dia;Crescente;Céu Claro;Simples;Reta;Sim  ;"1099471   ";Automóvel;FIAT/MOBI LIKE;"2022      ";Condutor;Lesões Leves;"24   ";Feminino;"0 ";"1    ";"0    ";"0    ";-15.9481130;-47.8452350;SPRF-DF;DEL01-DF;UOP01-DEL01-DF 
613713;"1373129   ";2024-07-11;quinta-feira;13:40:00;GO;"70   ";"8    ";AGUAS LINDAS DE GOIAS;Sim;Entrada inopinada do pedestre;1;Atropelamento de Pedestre;Com Vítimas Feridas;Pleno dia;Crescente;Céu Claro;Dupla;Reta;Sim  ;"0         ";"0";NA/NA;"0         ";Pedestre;Lesões Graves;"68   ";Masculino;"0 ";"0    ";"1    ";"0    ";-15.7373368;-48.2740747;SPRF-DF;DEL03-DF;UOP02-DEL03-DF 
613746;"1371880   ";2024-07-11;quinta-feira;16:52:00;DF;"20   ";"5    ";BRASILIA;Sim;Ausência de reação do condutor;2;Colisão com objeto;Com Vítimas Feridas;Pleno dia;Crescente;Céu Claro;Dupla;"Declive;Ponte";Sim  ;"1098653   ";Automóvel;GM/KADETT GLS;"1998      ";Passageiro;Lesões Leves;"18   ";Feminino;"0 ";"1    ";"0    ";"0    ";-15.6705460;-47.8160440;SPRF-DF;DEL02-DF;UOP01-DEL02-DF 
613746;"1371879   ";2024-07-11;quinta-feira;16:52:00;DF;"20   ";"5    ";BRASILIA;Sim;Ausência de reação do condutor;2;Colisão com objeto;Com Vítimas Feridas;Pleno dia;Crescente;Céu Claro;Dupla;"Declive;Ponte";Sim  ;"1098653   ";Automóvel;GM/KADETT GLS;"1998      ";Condutor;Lesões Leves;"61   ";Feminino;"0 ";"1    ";"0    ";"0    ";-15.6705460;-47.8160440;SPRF-DF;DEL02-DF;UOP01-DEL02-DF 
613746;"1371881   ";2024-07-11;quinta-feira;16:52:00;DF;"20   ";"5    ";BRASILIA;Sim;Ausência de reação do condutor;2;Colisão com objeto;Com Vítimas Feridas;Pleno dia;Crescente;Céu Claro;Dupla;"Declive;Ponte";Sim  ;"1098654   ";Automóvel;HONDA/CIVIC LXS FLEX;"2008      ";Condutor;Ileso;"26   ";Masculino;"1 ";"0    ";"0    ";"0    ";-15.6705460;-47.8160440;SPRF-DF;DEL02-DF;UOP01-DEL02-DF 
613746;"1371882   ";2024-07-11;quinta-feira;16:52:00;DF;"20   ";"5    ";BRASILIA;Sim;Ausência de reação do condutor;2;Colisão com objeto;Com Vítimas Feridas;Pleno dia;Crescente;Céu Claro;Dupla;"Declive;Ponte";Sim  ;"1098655   ";Motocicleta;HONDA/CG 150 TITAN EX;"2014      ";Condutor;Ileso;"34   ";Masculino;"1 ";"0    ";"0    ";"0    ";-15.6705460;-47.8160440;SPRF-DF;DEL02-DF;UOP01-DEL02-DF 
613746;"1371880   ";2024-07-11;quinta-feira;16:52:00;DF;"20   ";"5    ";BRASILIA;Sim;Ausência de reação do condutor;1;Colisão traseira;Com Vítimas Feridas;Pleno dia;Crescente;Céu Claro;Dupla;"Declive;Ponte";Sim  ;"1098653   ";Automóvel;GM/KADETT GLS;"1998      ";Passageiro;Lesões Leves;"18   ";Feminino;"0 ";"1    ";"0    ";"0    ";-15.6705460;-47.8160440;SPRF-DF;DEL02-DF;UOP01-DEL02-DF 
613746;"1371879   ";2024-07-11;quinta-feira;16:52:00;DF;"20   ";"5    ";BRASILIA;Sim;Ausência de reação do condutor;1;Colisão traseira;Com Vítimas Feridas;Pleno dia;Crescente;Céu Claro;Dupla;"Declive;Ponte";Sim  ;"1098653   ";Automóvel;GM/KADETT GLS;"1998      ";Condutor;Lesões Leves;"61   ";Feminino;"0 ";"1    ";"0    ";"0    ";-15.6705460;-47.8160440;SPRF-DF;DEL02-DF;UOP01-DEL02-DF 
613746;"1371881   ";2024-07-11;quinta-feira;16:52:00;DF;"20   ";"5    ";BRASILIA;Sim;Ausência de reação do condutor;1;Colisão traseira;Com Vítimas Feridas;Pleno dia;Crescente;Céu Claro;Dupla;"Declive;Ponte";Sim  ;"1098654   ";Automóvel;HONDA/CIVIC LXS FLEX;"2008      ";Condutor;Ileso;"26   ";Masculino;"1 ";"0    ";"0    ";"0    ";-15.6705460;-47.8160440;SPRF-DF;DEL02-DF;UOP01-DEL02-DF 
613746;"1371882   ";2024-07-11;quinta-feira;16:52:00;DF;"20   ";"5    ";BRASILIA;Sim;Ausência de reação do condutor;1;Colisão traseira;Com Vítimas Feridas;Pleno dia;Crescente;Céu Claro;Dupla;"Declive;Ponte";Sim  ;"1098655   ";Motocicleta;HONDA/CG 150 TITAN EX;"2014      ";Condutor;Ileso;"34   ";Masculino;"1 ";"0    ";"0    ";"0    ";-15.6705460;-47.8160440;SPRF-DF;DEL02-DF;UOP01-DEL02-DF 
613778;"1371908   ";2024-07-11;quinta-feira;19:00:00;GO;"60   ";"62   ";ABADIANIA;Não;Entrada inopinada do pedestre;2;Eventos atípicos;Com Vítimas Fatais;Plena Noite;Decrescente;Céu Claro;Dupla;Reta;Sim  ;"1098695   ";Automóvel;VW/POLO MCA;"2020      ";Condutor;Ileso;"41   ";Masculino;"1 ";"0    ";"0    ";"0    ";-16.1899600;-48.7233800;SPRF-GO;DEL02-GO;UOP01-DEL02-GO 
613778;"1372593   ";2024-07-11;quinta-feira;19:00:00;GO;"60   ";"62   ";ABADIANIA;Não;Entrada inopinada do pedestre;2;Eventos atípicos;Com Vítimas Fatais;Plena Noite;Decrescente;Céu Claro;Dupla;Reta;Sim  ;"1098695   ";Automóvel;VW/POLO MCA;"2020      ";Passageiro;Ileso;"37   ";Feminino;"1 ";"0    ";"0    ";"0    ";-16.1899600;-48.7233800;SPRF-GO;DEL02-GO;UOP01-DEL02-GO 
613778;"1374363   ";2024-07-11;quinta-feira;19:00:00;GO;"60   ";"62   ";ABADIANIA;Não;Entrada inopinada do pedestre;2;Eventos atípicos;Com Vítimas Fatais;Plena Noite;Decrescente;Céu Claro;Dupla;Reta;Sim  ;"1100613   ";Outros;Não Informado/Não Informado;"0         ";Condutor;Não Informado;"0    ";Não Informado;"0 ";"0    ";"0    ";"0    ";-16.1899600;-48.7233800;SPRF-GO;DEL02-GO;UOP01-DEL02-GO 
613778;"1374360   ";2024-07-11;quinta-feira;19:00:00;GO;"60   ";"62   ";ABADIANIA;Não;Entrada inopinada do pedestre;2;Eventos atípicos;Com Vítimas Fatais;Plena Noite;Decrescente;Céu Claro;Dupla;Reta;Sim  ;"0         ";"0";NA/NA;"0         ";Pedestre;Óbito;"56   ";Masculino;"0 ";"0    ";"0    ";"1    ";-16.1899600;-48.7233800;SPRF-GO;DEL02-GO;UOP01-DEL02-GO 
613778;"1371908   ";2024-07-11;quinta-feira;19:00:00;GO;"60   ";"62   ";ABADIANIA;Não;Suicídio (presumido);2;Eventos atípicos;Com Vítimas Fatais;Plena Noite;Decrescente;Céu Claro;Dupla;Reta;Sim  ;"1098695   ";Automóvel;VW/POLO MCA;"2020      ";Condutor;Ileso;"41   ";Masculino;"1 ";"0    ";"0    ";"0    ";-16.1899600;-48.7233800;SPRF-GO;DEL02-GO;UOP01-DEL02-GO 
613778;"1372593   ";2024-07-11;quinta-feira;19:00:00;GO;"60   ";"62   ";ABADIANIA;Não;Suicídio (presumido);2;Eventos atípicos;Com Vítimas Fatais;Plena Noite;Decrescente;Céu Claro;Dupla;Reta;Sim  ;"1098695   ";Automóvel;VW/POLO MCA;"2020      ";Passageiro;Ileso;"37   ";Feminino;"1 ";"0    ";"0    ";"0    ";-16.1899600;-48.7233800;SPRF-GO;DEL02-GO;UOP01-DEL02-GO 
613778;"1374363   ";2024-07-11;quinta-feira;19:00:00;GO;"60   ";"62   ";ABADIANIA;Não;Suicídio (presumido);2;Eventos atípicos;Com Vítimas Fatais;Plena Noite;Decrescente;Céu Claro;Dupla;Reta;Sim  ;"1100613   ";Outros;Não Informado/Não Informado;"0         ";Condutor;Não Informado;"0    ";Não Informado;"0 ";"0    ";"0    ";"0    ";-16.1899600;-48.7233800;SPRF-GO;DEL02-GO;UOP01-DEL02-GO 
613778;"1374360   ";2024-07-11;quinta-feira;19:00:00;GO;"60   ";"62   ";ABADIANIA;Não;Suicídio (presumido);2;Eventos atípicos;Com Vítimas Fatais;Plena Noite;Decrescente;Céu Claro;Dupla;Reta;Sim  ;"0         ";"0";NA/NA;"0         ";Pedestre;Óbito;"56   ";Masculino;"0 ";"0    ";"0    ";"1    ";-16.1899600;-48.7233800;SPRF-GO;DEL02-GO;UOP01-DEL02-GO 
613778;"1371908   ";2024-07-11;quinta-feira;19:00:00;GO;"60   ";"62   ";ABADIANIA;Não;Pedestre - Ingestão de álcool/ substâncias psicoativas;2;Eventos atípicos;Com Vítimas Fatais;Plena Noite;Decrescente;Céu Claro;Dupla;Reta;Sim  ;"1098695   ";Automóvel;VW/POLO MCA;"2020      ";Condutor;Ileso;"41   ";Masculino;"1 ";"0    ";"0    ";"0    ";-16.1899600;-48.7233800;SPRF-GO;DEL02-GO;UOP01-DEL02-GO 
613778;"1372593   ";2024-07-11;quinta-feira;19:00:00;GO;"60   ";"62   ";ABADIANIA;Não;Pedestre - Ingestão de álcool/ substâncias psicoativas;2;Eventos atípicos;Com Vítimas Fatais;Plena Noite;Decrescente;Céu Claro;Dupla;Reta;Sim  ;"1098695   ";Automóvel;VW/POLO MCA;"2020      ";Passageiro;Ileso;"37   ";Feminino;"1 ";"0    ";"0    ";"0    ";-16.1899600;-48.7233800;SPRF-GO;DEL02-GO;UOP01-DEL02-GO 
613778;"1374363   ";2024-07-11;quinta-feira;19:00:00;GO;"60   ";"62   ";ABADIANIA;Não;Pedestre - Ingestão de álcool/ substâncias psicoativas;2;Eventos atípicos;Com Vítimas Fatais;Plena Noite;Decrescente;Céu Claro;Dupla;Reta;Sim  ;"1100613   ";Outros;Não Informado/Não Informado;"0         ";Condutor;Não Informado;"0    ";Não Informado;"0 ";"0    ";"0    ";"0    ";-16.1899600;-48.7233800;SPRF-GO;DEL02-GO;UOP01-DEL02-GO 
613778;"1374360   ";2024-07-11;quinta-feira;19:00:00;GO;"60   ";"62   ";ABADIANIA;Não;Pedestre - Ingestão de álcool/ substâncias psicoativas;2;Eventos atípicos;Com Vítimas Fatais;Plena Noite;Decrescente;Céu Claro;Dupla;Reta;Sim  ;"0         ";"0";NA/NA;"0         ";Pedestre;Óbito;"56   ";Masculino;"0 ";"0    ";"0    ";"1    ";-16.1899600;-48.7233800;SPRF-GO;DEL02-GO;UOP01-DEL02-GO 
613778;"1371908   ";2024-07-11;quinta-feira;19:00:00;GO;"60   ";"62   ";ABADIANIA;Sim;Pedestre andava na pista;2;Eventos atípicos;Com Vítimas Fatais;Plena Noite;Decrescente;Céu Claro;Dupla;Reta;Sim  ;"1098695   ";Automóvel;VW/POLO MCA;"2020      ";Condutor;Ileso;"41   ";Masculino;"1 ";"0    ";"0    ";"0    ";-16.1899600;-48.7233800;SPRF-GO;DEL02-GO;UOP01-DEL02-GO 
613778;"1372593   ";2024-07-11;quinta-feira;19:00:00;GO;"60   ";"62   ";ABADIANIA;Sim;Pedestre andava na pista;2;Eventos atípicos;Com Vítimas Fatais;Plena Noite;Decrescente;Céu Claro;Dupla;Reta;Sim  ;"1098695   ";Automóvel;VW/POLO MCA;"2020      ";Passageiro;Ileso;"37   ";Feminino;"1 ";"0    ";"0    ";"0    ";-16.1899600;-48.7233800;SPRF-GO;DEL02-GO;UOP01-DEL02-GO 
613778;"1374363   ";2024-07-11;quinta-feira;19:00:00;GO;"60   ";"62   ";ABADIANIA;Sim;Pedestre andava na pista;2;Eventos atípicos;Com Vítimas Fatais;Plena Noite;Decrescente;Céu Claro;Dupla;Reta;Sim  ;"1100613   ";Outros;Não Informado/Não Informado;"0         ";Condutor;Não Informado;"0    ";Não Informado;"0 ";"0    ";"0    ";"0    ";-16.1899600;-48.7233800;SPRF-GO;DEL02-GO;UOP01-DEL02-GO 
613778;"1374360   ";2024-07-11;quinta-feira;19:00:00;GO;"60   ";"62   ";ABADIANIA;Sim;Pedestre andava na pista;2;Eventos atípicos;Com Vítimas Fatais;Plena Noite;Decrescente;Céu Claro;Dupla;Reta;Sim  ;"0         ";"0";NA/NA;"0         ";Pedestre;Óbito;"56   ";Masculino;"0 ";"0    ";"0    ";"1    ";-16.1899600;-48.7233800;SPRF-GO;DEL02-GO;UOP01-DEL02-GO 
613778;"1371908   ";2024-07-11;quinta-feira;19:00:00;GO;"60   ";"62   ";ABADIANIA;Não;Entrada inopinada do pedestre;1;Atropelamento de Pedestre;Com Vítimas Fatais;Plena Noite;Decrescente;Céu Claro;Dupla;Reta;Sim  ;"1098695   ";Automóvel;VW/POLO MCA;"2020      ";Condutor;Ileso;"41   ";Masculino;"1 ";"0    ";"0    ";"0    ";-16.1899600;-48.7233800;SPRF-GO;DEL02-GO;UOP01-DEL02-GO 
613778;"1372593   ";2024-07-11;quinta-feira;19:00:00;GO;"60   ";"62   ";ABADIANIA;Não;Entrada inopinada do pedestre;1;Atropelamento de Pedestre;Com Vítimas Fatais;Plena Noite;Decrescente;Céu Claro;Dupla;Reta;Sim  ;"1098695   ";Automóvel;VW/POLO MCA;"2020      ";Passageiro;Ileso;"37   ";Feminino;"1 ";"0    ";"0    ";"0    ";-16.1899600;-48.7233800;SPRF-GO;DEL02-GO;UOP01-DEL02-GO 
613778;"1374363   ";2024-07-11;quinta-feira;19:00:00;GO;"60   ";"62   ";ABADIANIA;Não;Entrada inopinada do pedestre;1;Atropelamento de Pedestre;Com Vítimas Fatais;Plena Noite;Decrescente;Céu Claro;Dupla;Reta;Sim  ;"1100613   ";Outros;Não Informado/Não Informado;"0         ";Condutor;Não Informado;"0    ";Não Informado;"0 ";"0    ";"0    ";"0    ";-16.1899600;-48.7233800;SPRF-GO;DEL02-GO;UOP01-DEL02-GO 
613778;"1374360   ";2024-07-11;quinta-feira;19:00:00;GO;"60   ";"62   ";ABADIANIA;Não;Entrada inopinada do pedestre;1;Atropelamento de Pedestre;Com Vítimas Fatais;Plena Noite;Decrescente;Céu Claro;Dupla;Reta;Sim  ;"0         ";"0";NA/NA;"0         ";Pedestre;Óbito;"56   ";Masculino;"0 ";"0    ";"0    ";"1    ";-16.1899600;-48.7233800;SPRF-GO;DEL02-GO;UOP01-DEL02-GO 
613778;"1371908   ";2024-07-11;quinta-feira;19:00:00;GO;"60   ";"62   ";ABADIANIA;Não;Suicídio (presumido);1;Atropelamento de Pedestre;Com Vítimas Fatais;Plena Noite;Decrescente;Céu Claro;Dupla;Reta;Sim  ;"1098695   ";Automóvel;VW/POLO MCA;"2020      ";Condutor;Ileso;"41   ";Masculino;"1 ";"0    ";"0    ";"0    ";-16.1899600;-48.7233800;SPRF-GO;DEL02-GO;UOP01-DEL02-GO 
613778;"1372593   ";2024-07-11;quinta-feira;19:00:00;GO;"60   ";"62   ";ABADIANIA;Não;Suicídio (presumido);1;Atropelamento de Pedestre;Com Vítimas Fatais;Plena Noite;Decrescente;Céu Claro;Dupla;Reta;Sim  ;"1098695   ";Automóvel;VW/POLO MCA;"2020      ";Passageiro;Ileso;"37   ";Feminino;"1 ";"0    ";"0    ";"0    ";-16.1899600;-48.7233800;SPRF-GO;DEL02-GO;UOP01-DEL02-GO 
613778;"1374363   ";2024-07-11;quinta-feira;19:00:00;GO;"60   ";"62   ";ABADIANIA;Não;Suicídio (presumido);1;Atropelamento de Pedestre;Com Vítimas Fatais;Plena Noite;Decrescente;Céu Claro;Dupla;Reta;Sim  ;"1100613   ";Outros;Não Informado/Não Informado;"0         ";Condutor;Não Informado;"0    ";Não Informado;"0 ";"0    ";"0    ";"0    ";-16.1899600;-48.7233800;SPRF-GO;DEL02-GO;UOP01-DEL02-GO 
613778;"1374360   ";2024-07-11;quinta-feira;19:00:00;GO;"60   ";"62   ";ABADIANIA;Não;Suicídio (presumido);1;Atropelamento de Pedestre;Com Vítimas Fatais;Plena Noite;Decrescente;Céu Claro;Dupla;Reta;Sim  ;"0         ";"0";NA/NA;"0         ";Pedestre;Óbito;"56   ";Masculino;"0 ";"0    ";"0    ";"1    ";-16.1899600;-48.7233800;SPRF-GO;DEL02-GO;UOP01-DEL02-GO 