id;pesid;data_inversa;dia_semana;horario;uf;br;km;municipio;causa_principal;causa_acidente;ordem_tipo_acidente;tipo_acidente;classificacao_acidente;fase_dia;sentido_via;condicao_metereologica;tipo_pista;tracado_via;uso_solo;id_veiculo;tipo_veiculo;marca;ano_fabricacao_veiculo;tipo_envolvido;estado_fisico;idade;sexo;ilesos;feridos_leves;feridos_graves;mortos;latitude;longitude;regional;delegacia;uop
614633;"1373942   ";2024-07-15;segunda-feira;13:10:00;DF;"251  ";"51   ";BRASILIA;Não;Reação tardia ou ineficiente do condutor;1;Colisão traseira;Sem Vítimas;Pleno dia;Decrescente;Céu Claro;Simples;Reta;Sim  ;"1100269   ";Caminhão;VW/17.220 EURO3 WORKER;"2007      ";Condutor;Ileso;"48   ";Masculino;"1 ";"0    ";"0    ";"0    ";-15.9337540;-47.8170890;SPRF-DF;DEL01-DF;UOP01-DEL01-DF 
614633;"1373938   ";2024-07-15;segunda-feira;13:10:00;DF;"251  ";"51   ";BRASILIA;Não;Sinalização mal posicionada;1;Colisão traseira;Sem Vítimas;Pleno dia;Decrescente;Céu Claro;Simples;Reta;Sim  ;"1100265   ";Caminhão-trator;VW/25.370 CLM T 6X2;"2008      ";Condutor;Ileso;"64   ";Masculino;"1 ";"0    ";"0    ";"0    ";-15.9337540;-47.8170890;SPRF-DF;DEL01-DF;UOP01-DEL01-DF 
614633;"1373939   ";2024-07-15;segunda-feira;13:10:00;DF;"251  ";"51   ";BRASILIA;Não;Sinalização mal posicionada;1;Colisão traseira;Sem Vítimas;Pleno dia;Decrescente;Céu Claro;Simples;Reta;Sim  ;"1100266   ";Automóvel;FIAT/PUNTO ATTRACTIVE;"2012      ";Condutor;Ileso;"55   ";Masculino;"1 ";"0    ";"0    ";"0    ";-15.9337540;-47.8170890;SPRF-DF;DEL01-DF;UOP01-DEL01-DF 
614633;"1373940   ";2024-07-15;segunda-feira;13:10:00;DF;"251  ";"51   ";BRASILIA;Não;Sinalização mal posicionada;1;Colisão traseira;Sem Vítimas;Pleno dia;Decrescente;Céu Claro;Simples;Reta;Sim  ;"1100267   ";Caminhão;M.BENZ/L 2013;"1976      ";Condutor;Ileso;"41   ";Masculino;"1 ";"0    ";"0    ";"0    ";-15.9337540;-47.8170890;SPRF-DF;DEL01-DF;UOP01-DEL01-DF 
614633;"1373941   ";2024-07-15;segunda-feira;13:10:00;DF;"251  ";"51   ";BRASILIA;Não;Sinalização mal posicionada;1;Colisão traseira;Sem Vítimas;Pleno dia;Decrescente;Céu Claro;Simples;Reta;Sim  ;"1100268   ";Caminhonete;I/TOYOTA HILUX CDSRXA4FD;"2023      ";Condutor;Ileso;"30   ";Masculino;"1 ";"0    ";"0    ";"0    ";-15.9337540;-47.8170890;SPRF-DF;DEL01-DF;UOP01-DEL01-DF 
614633;"1373942   ";2024-07-15;segunda-feira;13:10:00;DF;"251  ";"51   ";BRASILIA;Não;Sinalização mal posicionada;1;Colisão traseira;Sem Vítimas;Pleno dia;Decrescente;Céu Claro;Simples;Reta;Sim  ;"1100269   ";Caminhão;VW/17.220 EURO3 WORKER;"2007      ";Condutor;Ileso;"48   ";Masculino;"1 ";"0    ";"0    ";"0    ";-15.9337540;-47.8170890;SPRF-DF;DEL01-DF;UOP01-DEL01-DF 
614633;"1373938   ";2024-07-15;segunda-feira;13:10:00;DF;"251  ";"51   ";BRASILIA;Sim;Fumaça;1;Colisão traseira;Sem Vítimas;Pleno dia;Decrescente;Céu Claro;Simples;Reta;Sim  ;"1100265   ";Caminhão-trator;VW/25.370 CLM T 6X2;"2008      ";Condutor;Ileso;"64   ";Masculino;"1 ";"0    ";"0    ";"0    ";-15.9337540;-47.8170890;SPRF-DF;DEL01-DF;UOP01-DEL01-DF 
614633;"1373939   ";2024-07-15;segunda-feira;13:10:00;DF;"251  ";"51   ";BRASILIA;Sim;Fumaça;1;Colisão traseira;Sem Vítimas;Pleno dia;Decrescente;Céu Claro;Simples;Reta;Sim  ;"1100266   ";Automóvel;FIAT/PUNTO ATTRACTIVE;"2012      ";Condutor;Ileso;"55   ";Masculino;"1 ";"0    ";"0    ";"0    ";-15.9337540;-47.8170890;SPRF-DF;DEL01-DF;UOP01-DEL01-DF 
614633;"1373940   ";2024-07-15;segunda-feira;13:10:00;DF;"251  ";"51   ";BRASILIA;Sim;Fumaça;1;Colisão traseira;Sem Vítimas;Pleno dia;Decrescente;Céu Claro;Simples;Reta;Sim  ;"1100267   ";Caminhão;M.BENZ/L 2013;"1976      ";Condutor;Ileso;"41   ";Masculino;"1 ";"0    ";"0    ";"0    ";-15.9337540;-47.8170890;SPRF-DF;DEL01-DF;UOP01-DEL01-DF 
614633;"1373941   ";2024-07-15;segunda-feira;13:10:00;DF;"251  ";"51   ";BRASILIA;Sim;Fumaça;1;Colisão traseira;Sem Vítimas;Pleno dia;Decrescente;Céu Claro;Simples;Reta;Sim  ;"1100268   ";Caminhonete;I/TOYOTA HILUX CDSRXA4FD;"2023      ";Condutor;Ileso;"30   ";Masculino;"1 ";"0    ";"0    ";"0    ";-15.9337540;-47.8170890;SPRF-DF;DEL01-DF;UOP01-DEL01-DF 
614633;"1373942   ";2024-07-15;segunda-feira;13:10:00;DF;"251  ";"51   ";BRASILIA;Sim;Fumaça;1;Colisão traseira;Sem Vítimas;Pleno dia;Decrescente;Céu Claro;Simples;Reta;Sim  ;"1100269   ";Caminhão;VW/17.220 EURO3 WORKER;"2007      ";Condutor;Ileso;"48   ";Masculino;"1 ";"0    ";"0    ";"0    ";-15.9337540;-47.8170890;SPRF-DF;DEL01-DF;UOP01-DEL01-DF 
614659;"1373964   ";2024-07-15;segunda-feira;16:30:00;DF;"70   ";"14   ";BRASILIA;Sim;Reação tardia ou ineficiente do condutor;1;Colisão transversal;Com Vítimas Feridas;Pleno dia;Decrescente;Céu Claro;Dupla;"Interseção de Vias;Rotatória;Curva";Não  ;"1100300   ";Motocicleta;HONDA/CG 160 FAN ESDI;"2017      ";Condutor;Lesões Leves;"29   ";Feminino;"0 ";"1    ";"0    ";"0    ";-15.7973120;-48.1760560;SPRF-DF;DEL03-DF;UOP02-DEL03-DF 
614659;"1373962   ";2024-07-15;segunda-feira;16:30:00;DF;"70   ";"14   ";BRASILIA;Sim;Reação tardia ou ineficiente do condutor;1;Colisão transversal;Com Vítimas Feridas;Pleno dia;Decrescente;Céu Claro;Dupla;"Interseção de Vias;Rotatória;Curva";Não  ;"1100299   ";Automóvel;GM/CLASSIC LIFE;"2008      ";Condutor;Ileso;"50   ";Masculino;"1 ";"0    ";"0    ";"0    ";-15.7973120;-48.1760560;SPRF-DF;DEL03-DF;UOP02-DEL03-DF 
614671;"0         ";2024-07-15;segunda-feira;16:25:00;GO;"40   ";"1    ";VALPARAISO DE GOIAS;Não;Reação tardia ou ineficiente do condutor;1;Colisão traseira;Com Vítimas Feridas;Pleno dia;Crescente;Céu Claro;Dupla;Reta;Sim  ;"1100409   ";Semireboque;SR/FACCHINI SRF CF;"2018      ";"0";"0";"0    ";"0";"0 ";"0    ";"0    ";"0    ";-16.0582450;-47.9828250;SPRF-DF;DEL01-DF;UOP01-DEL01-DF 
614671;"1374114   ";2024-07-15;segunda-feira;16:25:00;GO;"40   ";"1    ";VALPARAISO DE GOIAS;Não;Reação tardia ou ineficiente do condutor;1;Colisão traseira;Com Vítimas Feridas;Pleno dia;Crescente;Céu Claro;Dupla;Reta;Sim  ;"1100404   ";Caminhão-trator;VOLVO/FH 440 4X2T;"2011      ";Condutor;Ileso;"45   ";Masculino;"1 ";"0    ";"0    ";"0    ";-16.0582450;-47.9828250;SPRF-DF;DEL01-DF;UOP01-DEL01-DF 
614671;"1376309   ";2024-07-15;segunda-feira;16:25:00;GO;"40   ";"1    ";VALPARAISO DE GOIAS;Não;Reação tardia ou ineficiente do condutor;1;Colisão traseira;Com Vítimas Feridas;Pleno dia;Crescente;Céu Claro;Dupla;Reta;Sim  ;"1102187   ";Ônibus;VW/INDUSCAR APACHE U;"2011      ";Condutor;Ileso;"28   ";Masculino;"1 ";"0    ";"0    ";"0    ";-16.0582450;-47.9828250;SPRF-DF;DEL01-DF;UOP01-DEL01-DF 
614671;"1376319   ";2024-07-15;segunda-feira;16:25:00;GO;"40   ";"1    ";VALPARAISO DE GOIAS;Não;Reação tardia ou ineficiente do condutor;1;Colisão traseira;Com Vítimas Feridas;Pleno dia;Crescente;Céu Claro;Dupla;Reta;Sim  ;"1102187   ";Ônibus;VW/INDUSCAR APACHE U;"2011      ";Passageiro;Lesões Leves;"62   ";Feminino;"0 ";"1    ";"0    ";"0    ";-16.0582450;-47.9828250;SPRF-DF;DEL01-DF;UOP01-DEL01-DF 
614671;"1376317   ";2024-07-15;segunda-feira;16:25:00;GO;"40   ";"1    ";VALPARAISO DE GOIAS;Não;Reação tardia ou ineficiente do condutor;1;Colisão traseira;Com Vítimas Feridas;Pleno dia;Crescente;Céu Claro;Dupla;Reta;Sim  ;"1102187   ";Ônibus;VW/INDUSCAR APACHE U;"2011      ";Passageiro;Lesões Leves;"60   ";Feminino;"0 ";"1    ";"0    ";"0    ";-16.0582450;-47.9828250;SPRF-DF;DEL01-DF;UOP01-DEL01-DF 
614671;"1376312   ";2024-07-15;segunda-feira;16:25:00;GO;"40   ";"1    ";VALPARAISO DE GOIAS;Não;Reação tardia ou ineficiente do condutor;1;Colisão traseira;Com Vítimas Feridas;Pleno dia;Crescente;Céu Claro;Dupla;Reta;Sim  ;"1102187   ";Ônibus;VW/INDUSCAR APACHE U;"2011      ";Passageiro;Lesões Leves;"44   ";Feminino;"0 ";"1    ";"0    ";"0    ";-16.0582450;-47.9828250;SPRF-DF;DEL01-DF;UOP01-DEL01-DF 
614671;"1376313   ";2024-07-15;segunda-feira;16:25:00;GO;"40   ";"1    ";VALPARAISO DE GOIAS;Não;Reação tardia ou ineficiente do condutor;1;Colisão traseira;Com Vítimas Feridas;Pleno dia;Crescente;Céu Claro;Dupla;Reta;Sim  ;"1102187   ";Ônibus;VW/INDUSCAR APACHE U;"2011      ";Passageiro;Lesões Leves;"47   ";Feminino;"0 ";"1    ";"0    ";"0    ";-16.0582450;-47.9828250;SPRF-DF;DEL01-DF;UOP01-DEL01-DF 
614671;"1376310   ";2024-07-15;segunda-feira;16:25:00;GO;"40   ";"1    ";VALPARAISO DE GOIAS;Não;Reação tardia ou ineficiente do condutor;1;Colisão traseira;Com Vítimas Feridas;Pleno dia;Crescente;Céu Claro;Dupla;Reta;Sim  ;"1102187   ";Ônibus;VW/INDUSCAR APACHE U;"2011      ";Passageiro;Lesões Leves;"71   ";Feminino;"0 ";"1    ";"0    ";"0    ";-16.0582450;-47.9828250;SPRF-DF;DEL01-DF;UOP01-DEL01-DF 
614671;"1376311   ";2024-07-15;segunda-feira;16:25:00;GO;"40   ";"1    ";VALPARAISO DE GOIAS;Não;Reação tardia ou ineficiente do condutor;1;Colisão traseira;Com Vítimas Feridas;Pleno dia;Crescente;Céu Claro;Dupla;Reta;Sim  ;"1102187   ";Ônibus;VW/INDUSCAR APACHE U;"2011      ";Passageiro;Lesões Leves;"44   ";Feminino;"0 ";"1    ";"0    ";"0    ";-16.0582450;-47.9828250;SPRF-DF;DEL01-DF;UOP01-DEL01-DF 
614671;"0         ";2024-07-15;segunda-feira;16:25:00;GO;"40   ";"1    ";VALPARAISO DE GOIAS;Sim;Frear bruscamente;1;Colisão traseira;Com Vítimas Feridas;Pleno dia;Crescente;Céu Claro;Dupla;Reta;Sim  ;"1100409   ";Semireboque;SR/FACCHINI SRF CF;"2018      ";"0";"0";"0    ";"0";"0 ";"0    ";"0    ";"0    ";-16.0582450;-47.9828250;SPRF-DF;DEL01-DF;UOP01-DEL01-DF 
614671;"1374114   ";2024-07-15;segunda-feira;16:25:00;GO;"40   ";"1    ";VALPARAISO DE GOIAS;Sim;Frear bruscamente;1;Colisão traseira;Com Vítimas Feridas;Pleno dia;Crescente;Céu Claro;Dupla;Reta;Sim  ;"1100404   ";Caminhão-trator;VOLVO/FH 440 4X2T;"2011      ";Condutor;Ileso;"45   ";Masculino;"1 ";"0    ";"0    ";"0    ";-16.0582450;-47.9828250;SPRF-DF;DEL01-DF;UOP01-DEL01-DF 
614671;"1376309   ";2024-07-15;segunda-feira;16:25:00;GO;"40   ";"1    ";VALPARAISO DE GOIAS;Sim;Frear bruscamente;1;Colisão traseira;Com Vítimas Feridas;Pleno dia;Crescente;Céu Claro;Dupla;Reta;Sim  ;"1102187   ";Ônibus;VW/INDUSCAR APACHE U;"2011      ";Condutor;Ileso;"28   ";Masculino;"1 ";"0    ";"0    ";"0    ";-16.0582450;-47.9828250;SPRF-DF;DEL01-DF;UOP01-DEL01-DF 
614671;"1376319   ";2024-07-15;segunda-feira;16:25:00;GO;"40   ";"1    ";VALPARAISO DE GOIAS;Sim;Frear bruscamente;1;Colisão traseira;Com Vítimas Feridas;Pleno dia;Crescente;Céu Claro;Dupla;Reta;Sim  ;"1102187   ";Ônibus;VW/INDUSCAR APACHE U;"2011      ";Passageiro;Lesões Leves;"62   ";Feminino;"0 ";"1    ";"0    ";"0    ";-16.0582450;-47.9828250;SPRF-DF;DEL01-DF;UOP01-DEL01-DF 
614671;"1376317   ";2024-07-15;segunda-feira;16:25:00;GO;"40   ";"1    ";VALPARAISO DE GOIAS;Sim;Frear bruscamente;1;Colisão traseira;Com Vítimas Feridas;Pleno dia;Crescente;Céu Claro;Dupla;Reta;Sim  ;"1102187   ";Ônibus;VW/INDUSCAR APACHE U;"2011      ";Passageiro;Lesões Leves;"60   ";Feminino;"0 ";"1    ";"0    ";"0    ";-16.0582450;-47.9828250;SPRF-DF;DEL01-DF;UOP01-DEL01-DF 
614671;"1376312   ";2024-07-15;segunda-feira;16:25:00;GO;"40   ";"1    ";VALPARAISO DE GOIAS;Sim;Frear bruscamente;1;Colisão traseira;Com Vítimas Feridas;Pleno dia;Crescente;Céu Claro;Dupla;Reta;Sim  ;"1102187   ";Ônibus;VW/INDUSCAR APACHE U;"2011      ";Passageiro;Lesões Leves;"44   ";Feminino;"0 ";"1    ";"0    ";"0    ";-16.0582450;-47.9828250;SPRF-DF;DEL01-DF;UOP01-DEL01-DF 
614671;"1376313   ";2024-07-15;segunda-feira;16:25:00;GO;"40   ";"1    ";VALPARAISO DE GOIAS;Sim;Frear bruscamente;1;Colisão traseira;Com Vítimas Feridas;Pleno dia;Crescente;Céu Claro;Dupla;Reta;Sim  ;"1102187   ";Ônibus;VW/INDUSCAR APACHE U;"2011      ";Passageiro;Lesões Leves;"47   ";Feminino;"0 ";"1    ";"0    ";"0    ";-16.0582450;-47.9828250;SPRF-DF;DEL01-DF;UOP01-DEL01-DF 
614671;"1376310   ";2024-07-15;segunda-feira;16:25:00;GO;"40   ";"1    ";VALPARAISO DE GOIAS;Sim;Frear bruscamente;1;Colisão traseira;Com Vítimas Feridas;Pleno dia;Crescente;Céu Claro;Dupla;Reta;Sim  ;"1102187   ";Ônibus;VW/INDUSCAR APACHE U;"2011      ";Passageiro;Lesões Leves;"71   ";Feminino;"0 ";"1    ";"0    ";"0    ";-16.0582450;-47.9828250;SPRF-DF;DEL01-DF;UOP01-DEL01-DF 
614671;"1376311   ";2024-07-15;segunda-feira;16:25:00;GO;"40   ";"1    ";VALPARAISO DE GOIAS;Sim;Frear bruscamente;1;Colisão traseira;Com Vítimas Feridas;Pleno dia;Crescente;Céu Claro;Dupla;Reta;Sim  ;"1102187   ";Ônibus;VW/INDUSCAR APACHE U;"2011      ";Passageiro;Lesões Leves;"44   ";Feminino;"0 ";"1    ";"0    ";"0    ";-16.0582450;-47.9828250;SPRF-DF;DEL01-DF;UOP01-DEL01-DF 
614672;"1373971   ";2024-07-15;segunda-feira;16:19:00;DF;"60   ";"3    ";BRASILIA;Não;Velocidade Incompatível;2;Capotamento;Com Vítimas Feridas;Pleno dia;Decrescente;Céu Claro;Dupla;Reta;Sim  ;"1100306   ";Caminhonete;VW/KOMBI FURGAO;"2012      ";Passageiro;Lesões Leves;"32   ";Feminino;"0 ";"1    ";"0    ";"0    ";-15.8905210;-48.0868640;SPRF-DF;DEL03-DF;UOP01-DEL03-DF 
614672;"1373968   ";2024-07-15;segunda-feira;16:19:00;DF;"60   ";"3    ";BRASILIA;Não;Velocidade Incompatível;2;Capotamento;Com Vítimas Feridas;Pleno dia;Decrescente;Céu Claro;Dupla;Reta;Sim  ;"1100306   ";Caminhonete;VW/KOMBI FURGAO;"2012      ";Condutor;Lesões Leves;"31   ";Masculino;"0 ";"1    ";"0    ";"0    ";-15.8905210;-48.0868640;SPRF-DF;DEL03-DF;UOP01-DEL03-DF 
614672;"1373971   ";2024-07-15;segunda-feira;16:19:00;DF;"60   ";"3    ";BRASILIA;Não;Manobra de mudança de faixa;2;Capotamento;Com Vítimas Feridas;Pleno dia;Decrescente;Céu Claro;Dupla;Reta;Sim  ;"1100306   ";Caminhonete;VW/KOMBI FURGAO;"2012      ";Passageiro;Lesões Leves;"32   ";Feminino;"0 ";"1    ";"0    ";"0    ";-15.8905210;-48.0868640;SPRF-DF;DEL03-DF;UOP01-DEL03-DF 
614672;"1373968   ";2024-07-15;segunda-feira;16:19:00;DF;"60   ";"3    ";BRASILIA;Não;Manobra de mudança de faixa;2;Capotamento;Com Vítimas Feridas;Pleno dia;Decrescente;Céu Claro;Dupla;Reta;Sim  ;"1100306   ";Caminhonete;VW/KOMBI FURGAO;"2012      ";Condutor;Lesões Leves;"31   ";Masculino;"0 ";"1    ";"0    ";"0    ";-15.8905210;-48.0868640;SPRF-DF;DEL03-DF;UOP01-DEL03-DF 
614672;"1373971   ";2024-07-15;segunda-feira;16:19:00;DF;"60   ";"3    ";BRASILIA;Não;Condutor usando celular;2;Capotamento;Com Vítimas Feridas;Pleno dia;Decrescente;Céu Claro;Dupla;Reta;Sim  ;"1100306   ";Caminhonete;VW/KOMBI FURGAO;"2012      ";Passageiro;Lesões Leves;"32   ";Feminino;"0 ";"1    ";"0    ";"0    ";-15.8905210;-48.0868640;SPRF-DF;DEL03-DF;UOP01-DEL03-DF 
614672;"1373968   ";2024-07-15;segunda-feira;16:19:00;DF;"60   ";"3    ";BRASILIA;Não;Condutor usando celular;2;Capotamento;Com Vítimas Feridas;Pleno dia;Decrescente;Céu Claro;Dupla;Reta;Sim  ;"1100306   ";Caminhonete;VW/KOMBI FURGAO;"2012      ";Condutor;Lesões Leves;"31   ";Masculino;"0 ";"1    ";"0    ";"0    ";-15.8905210;-48.0868640;SPRF-DF;DEL03-DF;UOP01-DEL03-DF 
614672;"1373971   ";2024-07-15;segunda-feira;16:19:00;DF;"60   ";"3    ";BRASILIA;Não;Condutor deixou de manter distância do veículo da frente;2;Capotamento;Com Vítimas Feridas;Pleno dia;Decrescente;Céu Claro;Dupla;Reta;Sim  ;"1100306   ";Caminhonete;VW/KOMBI FURGAO;"2012      ";Passageiro;Lesões Leves;"32   ";Feminino;"0 ";"1    ";"0    ";"0    ";-15.8905210;-48.0868640;SPRF-DF;DEL03-DF;UOP01-DEL03-DF 
614672;"1373968   ";2024-07-15;segunda-feira;16:19:00;DF;"60   ";"3    ";BRASILIA;Não;Condutor deixou de manter distância do veículo da frente;2;Capotamento;Com Vítimas Feridas;Pleno dia;Decrescente;Céu Claro;Dupla;Reta;Sim  ;"1100306   ";Caminhonete;VW/KOMBI FURGAO;"2012      ";Condutor;Lesões Leves;"31   ";Masculino;"0 ";"1    ";"0    ";"0    ";-15.8905210;-48.0868640;SPRF-DF;DEL03-DF;UOP01-DEL03-DF 
614672;"1373971   ";2024-07-15;segunda-feira;16:19:00;DF;"60   ";"3    ";BRASILIA;Não;Ausência de reação do condutor;2;Capotamento;Com Vítimas Feridas;Pleno dia;Decrescente;Céu Claro;Dupla;Reta;Sim  ;"1100306   ";Caminhonete;VW/KOMBI FURGAO;"2012      ";Passageiro;Lesões Leves;"32   ";Feminino;"0 ";"1    ";"0    ";"0    ";-15.8905210;-48.0868640;SPRF-DF;DEL03-DF;UOP01-DEL03-DF 
614672;"1373968   ";2024-07-15;segunda-feira;16:19:00;DF;"60   ";"3    ";BRASILIA;Não;Ausência de reação do condutor;2;Capotamento;Com Vítimas Feridas;Pleno dia;Decrescente;Céu Claro;Dupla;Reta;Sim  ;"1100306   ";Caminhonete;VW/KOMBI FURGAO;"2012      ";Condutor;Lesões Leves;"31   ";Masculino;"0 ";"1    ";"0    ";"0    ";-15.8905210;-48.0868640;SPRF-DF;DEL03-DF;UOP01-DEL03-DF 
614672;"1373971   ";2024-07-15;segunda-feira;16:19:00;DF;"60   ";"3    ";BRASILIA;Sim;Avarias e/ou desgaste excessivo no pneu;2;Capotamento;Com Vítimas Feridas;Pleno dia;Decrescente;Céu Claro;Dupla;Reta;Sim  ;"1100306   ";Caminhonete;VW/KOMBI FURGAO;"2012      ";Passageiro;Lesões Leves;"32   ";Feminino;"0 ";"1    ";"0    ";"0    ";-15.8905210;-48.0868640;SPRF-DF;DEL03-DF;UOP01-DEL03-DF 
614672;"1373968   ";2024-07-15;segunda-feira;16:19:00;DF;"60   ";"3    ";BRASILIA;Sim;Avarias e/ou desgaste excessivo no pneu;2;Capotamento;Com Vítimas Feridas;Pleno dia;Decrescente;Céu Claro;Dupla;Reta;Sim  ;"1100306   ";Caminhonete;VW/KOMBI FURGAO;"2012      ";Condutor;Lesões Leves;"31   ";Masculino;"0 ";"1    ";"0    ";"0    ";-15.8905210;-48.0868640;SPRF-DF;DEL03-DF;UOP01-DEL03-DF 
614672;"1373971   ";2024-07-15;segunda-feira;16:19:00;DF;"60   ";"3    ";BRASILIA;Não;Velocidade Incompatível;1;Saída de leito carroçável;Com Vítimas Feridas;Pleno dia;Decrescente;Céu Claro;Dupla;Reta;Sim  ;"1100306   ";Caminhonete;VW/KOMBI FURGAO;"2012      ";Passageiro;Lesões Leves;"32   ";Feminino;"0 ";"1    ";"0    ";"0    ";-15.8905210;-48.0868640;SPRF-DF;DEL03-DF;UOP01-DEL03-DF 
614672;"1373968   ";2024-07-15;segunda-feira;16:19:00;DF;"60   ";"3    ";BRASILIA;Não;Velocidade Incompatível;1;Saída de leito carroçável;Com Vítimas Feridas;Pleno dia;Decrescente;Céu Claro;Dupla;Reta;Sim  ;"1100306   ";Caminhonete;VW/KOMBI FURGAO;"2012      ";Condutor;Lesões Leves;"31   ";Masculino;"0 ";"1    ";"0    ";"0    ";-15.8905210;-48.0868640;SPRF-DF;DEL03-DF;UOP01-DEL03-DF 
614672;"1373971   ";2024-07-15;segunda-feira;16:19:00;DF;"60   ";"3    ";BRASILIA;Não;Manobra de mudança de faixa;1;Saída de leito carroçável;Com Vítimas Feridas;Pleno dia;Decrescente;Céu Claro;Dupla;Reta;Sim  ;"1100306   ";Caminhonete;VW/KOMBI FURGAO;"2012      ";Passageiro;Lesões Leves;"32   ";Feminino;"0 ";"1    ";"0    ";"0    ";-15.8905210;-48.0868640;SPRF-DF;DEL03-DF;UOP01-DEL03-DF 
614672;"1373968   ";2024-07-15;segunda-feira;16:19:00;DF;"60   ";"3    ";BRASILIA;Não;Manobra de mudança de faixa;1;Saída de leito carroçável;Com Vítimas Feridas;Pleno dia;Decrescente;Céu Claro;Dupla;Reta;Sim  ;"1100306   ";Caminhonete;VW/KOMBI FURGAO;"2012      ";Condutor;Lesões Leves;"31   ";Masculino;"0 ";"1    ";"0    ";"0    ";-15.8905210;-48.0868640;SPRF-DF;DEL03-DF;UOP01-DEL03-DF 
614672;"1373971   ";2024-07-15;segunda-feira;16:19:00;DF;"60   ";"3    ";BRASILIA;Não;Condutor usando celular;1;Saída de leito carroçável;Com Vítimas Feridas;Pleno dia;Decrescente;Céu Claro;Dupla;Reta;Sim  ;"1100306   ";Caminhonete;VW/KOMBI FURGAO;"2012      ";Passageiro;Lesões Leves;"32   ";Feminino;"0 ";"1    ";"0    ";"0    ";-15.8905210;-48.0868640;SPRF-DF;DEL03-DF;UOP01-DEL03-DF 
614672;"1373968   ";2024-07-15;segunda-feira;16:19:00;DF;"60   ";"3    ";BRASILIA;Não;Condutor usando celular;1;Saída de leito carroçável;Com Vítimas Feridas;Pleno dia;Decrescente;Céu Claro;Dupla;Reta;Sim  ;"1100306   ";Caminhonete;VW/KOMBI FURGAO;"2012      ";Condutor;Lesões Leves;"31   ";Masculino;"0 ";"1    ";"0    ";"0    ";-15.8905210;-48.0868640;SPRF-DF;DEL03-DF;UOP01-DEL03-DF 
614672;"1373971   ";2024-07-15;segunda-feira;16:19:00;DF;"60   ";"3    ";BRASILIA;Não;Condutor deixou de manter distância do veículo da frente;1;Saída de leito carroçável;Com Vítimas Feridas;Pleno dia;Decrescente;Céu Claro;Dupla;Reta;Sim  ;"1100306   ";Caminhonete;VW/KOMBI FURGAO;"2012      ";Passageiro;Lesões Leves;"32   ";Feminino;"0 ";"1    ";"0    ";"0    ";-15.8905210;-48.0868640;SPRF-DF;DEL03-DF;UOP01-DEL03-DF 
614672;"1373968   ";2024-07-15;segunda-feira;16:19:00;DF;"60   ";"3    ";BRASILIA;Não;Condutor deixou de manter distância do veículo da frente;1;Saída de leito carroçável;Com Vítimas Feridas;Pleno dia;Decrescente;Céu Claro;Dupla;Reta;Sim  ;"1100306   ";Caminhonete;VW/KOMBI FURGAO;"2012      ";Condutor;Lesões Leves;"31   ";Masculino;"0 ";"1    ";"0    ";"0    ";-15.8905210;-48.0868640;SPRF-DF;DEL03-DF;UOP01-DEL03-DF 
614672;"1373971   ";2024-07-15;segunda-feira;16:19:00;DF;"60   ";"3    ";BRASILIA;Não;Ausência de reação do condutor;1;Saída de leito carroçável;Com Vítimas Feridas;Pleno dia;Decrescente;Céu Claro;Dupla;Reta;Sim  ;"1100306   ";Caminhonete;VW/KOMBI FURGAO;"2012      ";Passageiro;Lesões Leves;"32   ";Feminino;"0 ";"1    ";"0    ";"0    ";-15.8905210;-48.0868640;SPRF-DF;DEL03-DF;UOP01-DEL03-DF 
614672;"1373968   ";2024-07-15;segunda-feira;16:19:00;DF;"60   ";"3    ";BRASILIA;Não;Ausência de reação do condutor;1;Saída de leito carroçável;Com Vítimas Feridas;Pleno dia;Decrescente;Céu Claro;Dupla;Reta;Sim  ;"1100306   ";Caminhonete;VW/KOMBI FURGAO;"2012      ";Condutor;Lesões Leves;"31   ";Masculino;"0 ";"1    ";"0    ";"0    ";-15.8905210;-48.0868640;SPRF-DF;DEL03-DF;UOP01-DEL03-DF 
614672;"1373971   ";2024-07-15;segunda-feira;16:19:00;DF;"60   ";"3    ";BRASILIA;Sim;Avarias e/ou desgaste excessivo no pneu;1;Saída de leito carroçável;Com Vítimas Feridas;Pleno dia;Decrescente;Céu Claro;Dupla;Reta;Sim  ;"1100306   ";Caminhonete;VW/KOMBI FURGAO;"2012      ";Passageiro;Lesões Leves;"32   ";Feminino;"0 ";"1    ";"0    ";"0    ";-15.8905210;-48.0868640;SPRF-DF;DEL03-DF;UOP01-DEL03-DF 
614672;"1373968   ";2024-07-15;segunda-feira;16:19:00;DF;"60   ";"3    ";BRASILIA;Sim;Avarias e/ou desgaste excessivo no pneu;1;Saída de leito carroçável;Com Vítimas Feridas;Pleno dia;Decrescente;Céu Claro;Dupla;Reta;Sim  ;"1100306   ";Caminhonete;VW/KOMBI FURGAO;"2012      ";Condutor;Lesões Leves;"31   ";Masculino;"0 ";"1    ";"0    ";"0    ";-15.8905210;-48.0868640;SPRF-DF;DEL03-DF;UOP01-DEL03-DF 
614680;"1374135   ";2024-07-15;segunda-feira;18:05:00;DF;"70   ";"8    ";BRASILIA;Não;Desrespeitar a preferência no cruzamento;2;Tombamento;Com Vítimas Feridas;Anoitecer;Crescente;Céu Claro;Dupla;"Interseção de Vias;Reta";Sim  ;"1100427   ";Automóvel;FIAT/ARGO 1.0;"2018      ";Condutor;Ileso;"69   ";Feminino;"1 ";"0    ";"0    ";"0    ";-15.7855533;-48.1203640;SPRF-DF;DEL03-DF;UOP02-DEL03-DF 