id;pesid;data_inversa;dia_semana;horario;uf;br;km;municipio;causa_principal;causa_acidente;ordem_tipo_acidente;tipo_acidente;classificacao_acidente;fase_dia;sentido_via;condicao_metereologica;tipo_pista;tracado_via;uso_solo;id_veiculo;tipo_veiculo;marca;ano_fabricacao_veiculo;tipo_envolvido;estado_fisico;idade;sexo;ilesos;feridos_leves;feridos_graves;mortos;latitude;longitude;regional;delegacia;uop
614902;"1374654   ";2024-07-16;terça-feira;20:30:00;GO;"40   ";"5,3  ";VALPARAISO DE GOIAS;Não;Condutor deixou de manter distância do veículo da frente;1;Colisão lateral mesmo sentido;Sem Vítimas;Plena Noite;Decrescente;Céu Claro;Dupla;Reta;Não  ;"1100833   ";Automóvel;GM/CORSA WIND;"1995      ";Condutor;Ileso;"52   ";Masculino;"1 ";"0    ";"0    ";"0    ";-16.0931340;-47.9822360;SPRF-DF;DEL01-DF;UOP01-DEL01-DF 
614902;"1374656   ";2024-07-16;terça-feira;20:30:00;GO;"40   ";"5,3  ";VALPARAISO DE GOIAS;Não;Condutor deixou de manter distância do veículo da frente;1;Colisão lateral mesmo sentido;Sem Vítimas;Plena Noite;Decrescente;Céu Claro;Dupla;Reta;Não  ;"1100835   ";Automóvel;I/PEUGEOT 207HB XR;"2011      ";Condutor;Ileso;"26   ";Masculino;"1 ";"0    ";"0    ";"0    ";-16.0931340;-47.9822360;SPRF-DF;DEL01-DF;UOP01-DEL01-DF 
614902;"1374654   ";2024-07-16;terça-feira;20:30:00;GO;"40   ";"5,3  ";VALPARAISO DE GOIAS;Não;Velocidade Incompatível;1;Colisão lateral mesmo sentido;Sem Vítimas;Plena Noite;Decrescente;Céu Claro;Dupla;Reta;Não  ;"1100833   ";Automóvel;GM/CORSA WIND;"1995      ";Condutor;Ileso;"52   ";Masculino;"1 ";"0    ";"0    ";"0    ";-16.0931340;-47.9822360;SPRF-DF;DEL01-DF;UOP01-DEL01-DF 
614902;"1374656   ";2024-07-16;terça-feira;20:30:00;GO;"40   ";"5,3  ";VALPARAISO DE GOIAS;Não;Velocidade Incompatível;1;Colisão lateral mesmo sentido;Sem Vítimas;Plena Noite;Decrescente;Céu Claro;Dupla;Reta;Não  ;"1100835   ";Automóvel;I/PEUGEOT 207HB XR;"2011      ";Condutor;Ileso;"26   ";Masculino;"1 ";"0    ";"0    ";"0    ";-16.0931340;-47.9822360;SPRF-DF;DEL01-DF;UOP01-DEL01-DF 
614902;"1374654   ";2024-07-16;terça-feira;20:30:00;GO;"40   ";"5,3  ";VALPARAISO DE GOIAS;Sim;Ingestão de álcool pelo condutor;1;Colisão lateral mesmo sentido;Sem Vítimas;Plena Noite;Decrescente;Céu Claro;Dupla;Reta;Não  ;"1100833   ";Automóvel;GM/CORSA WIND;"1995      ";Condutor;Ileso;"52   ";Masculino;"1 ";"0    ";"0    ";"0    ";-16.0931340;-47.9822360;SPRF-DF;DEL01-DF;UOP01-DEL01-DF 
614902;"1374656   ";2024-07-16;terça-feira;20:30:00;GO;"40   ";"5,3  ";VALPARAISO DE GOIAS;Sim;Ingestão de álcool pelo condutor;1;Colisão lateral mesmo sentido;Sem Vítimas;Plena Noite;Decrescente;Céu Claro;Dupla;Reta;Não  ;"1100835   ";Automóvel;I/PEUGEOT 207HB XR;"2011      ";Condutor;Ileso;"26   ";Masculino;"1 ";"0    ";"0    ";"0    ";-16.0931340;-47.9822360;SPRF-DF;DEL01-DF;UOP01-DEL01-DF 
614934;"1374695   ";2024-07-17;quarta-feira;00:30:00;DF;"70   ";"7,4  ";BRASILIA;Não;Iluminação deficiente;2;Queda de ocupante de veículo;Com Vítimas Feridas;Plena Noite;Crescente;Céu Claro;Dupla;"Declive;Reta";Sim  ;"1100866   ";Bicicleta;Não Informado/Não Informado;"0         ";Condutor;Lesões Leves;"33   ";Masculino;"0 ";"1    ";"0    ";"0    ";-15.7876010;-48.1144290;SPRF-DF;DEL03-DF;UOP02-DEL03-DF 
614934;"1374696   ";2024-07-17;quarta-feira;00:30:00;DF;"70   ";"7,4  ";BRASILIA;Não;Iluminação deficiente;2;Queda de ocupante de veículo;Com Vítimas Feridas;Plena Noite;Crescente;Céu Claro;Dupla;"Declive;Reta";Sim  ;"1100867   ";Motocicleta;HONDA/CB250F TWISTER ABS;"2021      ";Condutor;Lesões Leves;"24   ";Masculino;"0 ";"1    ";"0    ";"0    ";-15.7876010;-48.1144290;SPRF-DF;DEL03-DF;UOP02-DEL03-DF 
614934;"1374695   ";2024-07-17;quarta-feira;00:30:00;DF;"70   ";"7,4  ";BRASILIA;Sim;Acessar a via sem observar a presença dos outros veículos;2;Queda de ocupante de veículo;Com Vítimas Feridas;Plena Noite;Crescente;Céu Claro;Dupla;"Declive;Reta";Sim  ;"1100866   ";Bicicleta;Não Informado/Não Informado;"0         ";Condutor;Lesões Leves;"33   ";Masculino;"0 ";"1    ";"0    ";"0    ";-15.7876010;-48.1144290;SPRF-DF;DEL03-DF;UOP02-DEL03-DF 
614934;"1374696   ";2024-07-17;quarta-feira;00:30:00;DF;"70   ";"7,4  ";BRASILIA;Sim;Acessar a via sem observar a presença dos outros veículos;2;Queda de ocupante de veículo;Com Vítimas Feridas;Plena Noite;Crescente;Céu Claro;Dupla;"Declive;Reta";Sim  ;"1100867   ";Motocicleta;HONDA/CB250F TWISTER ABS;"2021      ";Condutor;Lesões Leves;"24   ";Masculino;"0 ";"1    ";"0    ";"0    ";-15.7876010;-48.1144290;SPRF-DF;DEL03-DF;UOP02-DEL03-DF 
614934;"1374695   ";2024-07-17;quarta-feira;00:30:00;DF;"70   ";"7,4  ";BRASILIA;Não;Iluminação deficiente;1;Colisão transversal;Com Vítimas Feridas;Plena Noite;Crescente;Céu Claro;Dupla;"Declive;Reta";Sim  ;"1100866   ";Bicicleta;Não Informado/Não Informado;"0         ";Condutor;Lesões Leves;"33   ";Masculino;"0 ";"1    ";"0    ";"0    ";-15.7876010;-48.1144290;SPRF-DF;DEL03-DF;UOP02-DEL03-DF 
614934;"1374696   ";2024-07-17;quarta-feira;00:30:00;DF;"70   ";"7,4  ";BRASILIA;Não;Iluminação deficiente;1;Colisão transversal;Com Vítimas Feridas;Plena Noite;Crescente;Céu Claro;Dupla;"Declive;Reta";Sim  ;"1100867   ";Motocicleta;HONDA/CB250F TWISTER ABS;"2021      ";Condutor;Lesões Leves;"24   ";Masculino;"0 ";"1    ";"0    ";"0    ";-15.7876010;-48.1144290;SPRF-DF;DEL03-DF;UOP02-DEL03-DF 
614934;"1374695   ";2024-07-17;quarta-feira;00:30:00;DF;"70   ";"7,4  ";BRASILIA;Sim;Acessar a via sem observar a presença dos outros veículos;1;Colisão transversal;Com Vítimas Feridas;Plena Noite;Crescente;Céu Claro;Dupla;"Declive;Reta";Sim  ;"1100866   ";Bicicleta;Não Informado/Não Informado;"0         ";Condutor;Lesões Leves;"33   ";Masculino;"0 ";"1    ";"0    ";"0    ";-15.7876010;-48.1144290;SPRF-DF;DEL03-DF;UOP02-DEL03-DF 
614934;"1374696   ";2024-07-17;quarta-feira;00:30:00;DF;"70   ";"7,4  ";BRASILIA;Sim;Acessar a via sem observar a presença dos outros veículos;1;Colisão transversal;Com Vítimas Feridas;Plena Noite;Crescente;Céu Claro;Dupla;"Declive;Reta";Sim  ;"1100867   ";Motocicleta;HONDA/CB250F TWISTER ABS;"2021      ";Condutor;Lesões Leves;"24   ";Masculino;"0 ";"1    ";"0    ";"0    ";-15.7876010;-48.1144290;SPRF-DF;DEL03-DF;UOP02-DEL03-DF 
614941;"1374752   ";2024-07-17;quarta-feira;01:00:00;GO;"40   ";"7,9  ";LUZIANIA;Não;Ausência de reação do condutor;2;Queda de ocupante de veículo;Com Vítimas Feridas;Plena Noite;Crescente;Céu Claro;Dupla;Reta;Não  ;"1100906   ";Motocicleta;YAMAHA/FAZER YS250;"2011      ";Condutor;Lesões Leves;"0    ";Masculino;"0 ";"1    ";"0    ";"0    ";-16.1084820;-47.9725240;SPRF-DF;DEL01-DF;UOP01-DEL01-DF 
614941;"1377750   ";2024-07-17;quarta-feira;01:00:00;GO;"40   ";"7,9  ";LUZIANIA;Não;Ausência de reação do condutor;2;Queda de ocupante de veículo;Com Vítimas Feridas;Plena Noite;Crescente;Céu Claro;Dupla;Reta;Não  ;"1103236   ";Automóvel;Não Informado/Não Informado;"0         ";Condutor;Não Informado;"0    ";Não Informado;"0 ";"0    ";"0    ";"0    ";-16.1084820;-47.9725240;SPRF-DF;DEL01-DF;UOP01-DEL01-DF 
614941;"1374752   ";2024-07-17;quarta-feira;01:00:00;GO;"40   ";"7,9  ";LUZIANIA;Sim;Condutor deixou de manter distância do veículo da frente;2;Queda de ocupante de veículo;Com Vítimas Feridas;Plena Noite;Crescente;Céu Claro;Dupla;Reta;Não  ;"1100906   ";Motocicleta;YAMAHA/FAZER YS250;"2011      ";Condutor;Lesões Leves;"0    ";Masculino;"0 ";"1    ";"0    ";"0    ";-16.1084820;-47.9725240;SPRF-DF;DEL01-DF;UOP01-DEL01-DF 
614941;"1377750   ";2024-07-17;quarta-feira;01:00:00;GO;"40   ";"7,9  ";LUZIANIA;Sim;Condutor deixou de manter distância do veículo da frente;2;Queda de ocupante de veículo;Com Vítimas Feridas;Plena Noite;Crescente;Céu Claro;Dupla;Reta;Não  ;"1103236   ";Automóvel;Não Informado/Não Informado;"0         ";Condutor;Não Informado;"0    ";Não Informado;"0 ";"0    ";"0    ";"0    ";-16.1084820;-47.9725240;SPRF-DF;DEL01-DF;UOP01-DEL01-DF 
614941;"1374752   ";2024-07-17;quarta-feira;01:00:00;GO;"40   ";"7,9  ";LUZIANIA;Não;Ausência de reação do condutor;1;Colisão traseira;Com Vítimas Feridas;Plena Noite;Crescente;Céu Claro;Dupla;Reta;Não  ;"1100906   ";Motocicleta;YAMAHA/FAZER YS250;"2011      ";Condutor;Lesões Leves;"0    ";Masculino;"0 ";"1    ";"0    ";"0    ";-16.1084820;-47.9725240;SPRF-DF;DEL01-DF;UOP01-DEL01-DF 
614941;"1377750   ";2024-07-17;quarta-feira;01:00:00;GO;"40   ";"7,9  ";LUZIANIA;Não;Ausência de reação do condutor;1;Colisão traseira;Com Vítimas Feridas;Plena Noite;Crescente;Céu Claro;Dupla;Reta;Não  ;"1103236   ";Automóvel;Não Informado/Não Informado;"0         ";Condutor;Não Informado;"0    ";Não Informado;"0 ";"0    ";"0    ";"0    ";-16.1084820;-47.9725240;SPRF-DF;DEL01-DF;UOP01-DEL01-DF 
614941;"1374752   ";2024-07-17;quarta-feira;01:00:00;GO;"40   ";"7,9  ";LUZIANIA;Sim;Condutor deixou de manter distância do veículo da frente;1;Colisão traseira;Com Vítimas Feridas;Plena Noite;Crescente;Céu Claro;Dupla;Reta;Não  ;"1100906   ";Motocicleta;YAMAHA/FAZER YS250;"2011      ";Condutor;Lesões Leves;"0    ";Masculino;"0 ";"1    ";"0    ";"0    ";-16.1084820;-47.9725240;SPRF-DF;DEL01-DF;UOP01-DEL01-DF 
614941;"1377750   ";2024-07-17;quarta-feira;01:00:00;GO;"40   ";"7,9  ";LUZIANIA;Sim;Condutor deixou de manter distância do veículo da frente;1;Colisão traseira;Com Vítimas Feridas;Plena Noite;Crescente;Céu Claro;Dupla;Reta;Não  ;"1103236   ";Automóvel;Não Informado/Não Informado;"0         ";Condutor;Não Informado;"0    ";Não Informado;"0 ";"0    ";"0    ";"0    ";-16.1084820;-47.9725240;SPRF-DF;DEL01-DF;UOP01-DEL01-DF 
614967;"1374757   ";2024-06-07;sexta-feira;14:03:00;GO;"40   ";"9,5  ";LUZIANIA;Sim;Pedestre cruzava a pista fora da faixa;1;Atropelamento de Pedestre;Com Vítimas Feridas;Pleno dia;Decrescente;Céu Claro;Dupla;Reta;Sim  ;"1100911   ";Motocicleta;Não Informado/Não Informado;"0         ";Condutor;Não Informado;"0    ";Não Informado;"0 ";"0    ";"0    ";"0    ";-16.1238977;-47.9609871;SPRF-DF;DEL01-DF;UOP01-DEL01-DF 
614967;"1374758   ";2024-06-07;sexta-feira;14:03:00;GO;"40   ";"9,5  ";LUZIANIA;Sim;Pedestre cruzava a pista fora da faixa;1;Atropelamento de Pedestre;Com Vítimas Feridas;Pleno dia;Decrescente;Céu Claro;Dupla;Reta;Sim  ;"0         ";"0";NA/NA;"0         ";Pedestre;Lesões Graves;"0    ";Feminino;"0 ";"0    ";"1    ";"0    ";-16.1238977;-47.9609871;SPRF-DF;DEL01-DF;UOP01-DEL01-DF 
614967;"1374757   ";2024-06-07;sexta-feira;14:03:00;GO;"40   ";"9,5  ";LUZIANIA;Não;Velocidade Incompatível;1;Atropelamento de Pedestre;Com Vítimas Feridas;Pleno dia;Decrescente;Céu Claro;Dupla;Reta;Sim  ;"1100911   ";Motocicleta;Não Informado/Não Informado;"0         ";Condutor;Não Informado;"0    ";Não Informado;"0 ";"0    ";"0    ";"0    ";-16.1238977;-47.9609871;SPRF-DF;DEL01-DF;UOP01-DEL01-DF 
614967;"1374758   ";2024-06-07;sexta-feira;14:03:00;GO;"40   ";"9,5  ";LUZIANIA;Não;Velocidade Incompatível;1;Atropelamento de Pedestre;Com Vítimas Feridas;Pleno dia;Decrescente;Céu Claro;Dupla;Reta;Sim  ;"0         ";"0";NA/NA;"0         ";Pedestre;Lesões Graves;"0    ";Feminino;"0 ";"0    ";"1    ";"0    ";-16.1238977;-47.9609871;SPRF-DF;DEL01-DF;UOP01-DEL01-DF 
615020;"1374951   ";2024-07-17;quarta-feira;14:00:00;DF;"20   ";"19   ";BRASILIA;Sim;Ausência de reação do condutor;3;Tombamento;Com Vítimas Feridas;Pleno dia;Decrescente;Céu Claro;Dupla;Reta;Não  ;"1101063   ";Automóvel;FORD/KA SE 1.0 HA;"2015      ";Condutor;Lesões Leves;"38   ";Masculino;"0 ";"1    ";"0    ";"0    ";-15.6122030;-47.7007980;SPRF-DF;DEL02-DF;UOP01-DEL02-DF 
615020;"1374951   ";2024-07-17;quarta-feira;14:00:00;DF;"20   ";"19   ";BRASILIA;Sim;Ausência de reação do condutor;2;Colisão com objeto;Com Vítimas Feridas;Pleno dia;Decrescente;Céu Claro;Dupla;Reta;Não  ;"1101063   ";Automóvel;FORD/KA SE 1.0 HA;"2015      ";Condutor;Lesões Leves;"38   ";Masculino;"0 ";"1    ";"0    ";"0    ";-15.6122030;-47.7007980;SPRF-DF;DEL02-DF;UOP01-DEL02-DF 
615020;"1374951   ";2024-07-17;quarta-feira;14:00:00;DF;"20   ";"19   ";BRASILIA;Sim;Ausência de reação do condutor;1;Saída de leito carroçável;Com Vítimas Feridas;Pleno dia;Decrescente;Céu Claro;Dupla;Reta;Não  ;"1101063   ";Automóvel;FORD/KA SE 1.0 HA;"2015      ";Condutor;Lesões Leves;"38   ";Masculino;"0 ";"1    ";"0    ";"0    ";-15.6122030;-47.7007980;SPRF-DF;DEL02-DF;UOP01-DEL02-DF 
615026;"1374899   ";2024-07-17;quarta-feira;10:00:00;GO;"50   ";"98   ";CRISTALINA;Sim;Manobra de mudança de faixa;1;Tombamento;Com Vítimas Feridas;Pleno dia;Crescente;Céu Claro;Dupla;Reta;Sim  ;"1101031   ";Motocicleta;HONDA/CG 125 TITAN ES;"2003      ";Condutor;Lesões Leves;"69   ";Masculino;"0 ";"1    ";"0    ";"0    ";-16.7655907;-47.6155722;SPRF-DF;DEL01-DF;UOP02-DEL01-DF 
615028;"1375064   ";2024-07-17;quarta-feira;14:15:00;DF;"20   ";"4    ";BRASILIA;Sim;Condutor deixou de manter distância do veículo da frente;1;Colisão traseira;Com Vítimas Feridas;Pleno dia;Decrescente;Sol;Dupla;"Aclive;Reta";Sim  ;"1101157   ";Caminhão;FORD/CARGO 1721;"2003      ";Condutor;Ileso;"62   ";Masculino;"1 ";"0    ";"0    ";"0    ";-15.6754840;-47.8237610;SPRF-DF;DEL02-DF;UOP01-DEL02-DF 
615028;"1375066   ";2024-07-17;quarta-feira;14:15:00;DF;"20   ";"4    ";BRASILIA;Sim;Condutor deixou de manter distância do veículo da frente;1;Colisão traseira;Com Vítimas Feridas;Pleno dia;Decrescente;Sol;Dupla;"Aclive;Reta";Sim  ;"1101160   ";Caminhonete;VW/SAVEIRO 1.6;"2008      ";Condutor;Lesões Graves;"58   ";Masculino;"0 ";"0    ";"1    ";"0    ";-15.6754840;-47.8237610;SPRF-DF;DEL02-DF;UOP01-DEL02-DF 
615028;"1375068   ";2024-07-17;quarta-feira;14:15:00;DF;"20   ";"4    ";BRASILIA;Sim;Condutor deixou de manter distância do veículo da frente;1;Colisão traseira;Com Vítimas Feridas;Pleno dia;Decrescente;Sol;Dupla;"Aclive;Reta";Sim  ;"1101164   ";Automóvel;HYUNDAI/HB20S 1.6A COMF;"2013      ";Condutor;Ileso;"31   ";Feminino;"1 ";"0    ";"0    ";"0    ";-15.6754840;-47.8237610;SPRF-DF;DEL02-DF;UOP01-DEL02-DF 
615040;"1374915   ";2024-07-10;quarta-feira;12:50:00;DF;"20   ";"21   ";BRASILIA;Sim;Manobra de mudança de faixa;1;Colisão traseira;Sem Vítimas;Pleno dia;Decrescente;Céu Claro;Dupla;"Declive;Reta";Sim  ;"1101049   ";Ônibus;MBENZ/MPOLO PARADISO LD;"2022      ";Condutor;Ileso;"52   ";Masculino;"1 ";"0    ";"0    ";"0    ";-15.5952970;-47.6679120;SPRF-DF;DEL02-DF;UOP01-DEL02-DF 
615040;"1374916   ";2024-07-10;quarta-feira;12:50:00;DF;"20   ";"21   ";BRASILIA;Sim;Manobra de mudança de faixa;1;Colisão traseira;Sem Vítimas;Pleno dia;Decrescente;Céu Claro;Dupla;"Declive;Reta";Sim  ;"1101050   ";Automóvel;I/VW SPACEFOX COMFORT;"2007      ";Condutor;Ileso;"18   ";Masculino;"1 ";"0    ";"0    ";"0    ";-15.5952970;-47.6679120;SPRF-DF;DEL02-DF;UOP01-DEL02-DF 
615040;"1374922   ";2024-07-10;quarta-feira;12:50:00;DF;"20   ";"21   ";BRASILIA;Sim;Manobra de mudança de faixa;1;Colisão traseira;Sem Vítimas;Pleno dia;Decrescente;Céu Claro;Dupla;"Declive;Reta";Sim  ;"1101050   ";Automóvel;I/VW SPACEFOX COMFORT;"2007      ";Passageiro;Ileso;"36   ";Masculino;"1 ";"0    ";"0    ";"0    ";-15.5952970;-47.6679120;SPRF-DF;DEL02-DF;UOP01-DEL02-DF 
615060;"1375105   ";2024-07-17;quarta-feira;14:35:00;DF;"60   ";"6,7  ";BRASILIA;Sim;Reação tardia ou ineficiente do condutor;2;Colisão com objeto;Com Vítimas Feridas;Pleno dia;Crescente;Céu Claro;Dupla;"Aclive;Reta";Sim  ;"1101196   ";Caminhonete;FIAT/FIORINO RONTAN AMB;"2012      ";Condutor;Lesões Leves;"20   ";Masculino;"0 ";"1    ";"0    ";"0    ";-15.8979390;-48.1130560;SPRF-DF;DEL03-DF;UOP01-DEL03-DF 
615060;"1375105   ";2024-07-17;quarta-feira;14:35:00;DF;"60   ";"6,7  ";BRASILIA;Sim;Reação tardia ou ineficiente do condutor;1;Saída de leito carroçável;Com Vítimas Feridas;Pleno dia;Crescente;Céu Claro;Dupla;"Aclive;Reta";Sim  ;"1101196   ";Caminhonete;FIAT/FIORINO RONTAN AMB;"2012      ";Condutor;Lesões Leves;"20   ";Masculino;"0 ";"1    ";"0    ";"0    ";-15.8979390;-48.1130560;SPRF-DF;DEL03-DF;UOP01-DEL03-DF 
615153;"1375298   ";2024-07-18;quinta-feira;06:00:00;GO;"60   ";"72,9 ";ABADIANIA;Sim;Condutor Dormindo;2;Colisão com objeto;Com Vítimas Fatais;Amanhecer;Crescente;Céu Claro;Dupla;"Declive;Reta";Não  ;"1101383   ";Caminhão-trator;SCANIA/R 440 A6X2;"2014      ";Condutor;Óbito;"36   ";Masculino;"0 ";"0    ";"0    ";"1    ";-16.2706000;-48.7699000;SPRF-GO;DEL02-GO;UOP01-DEL02-GO 
615153;"0         ";2024-07-18;quinta-feira;06:00:00;GO;"60   ";"72,9 ";ABADIANIA;Sim;Condutor Dormindo;2;Colisão com objeto;Com Vítimas Fatais;Amanhecer;Crescente;Céu Claro;Dupla;"Declive;Reta";Não  ;"1101387   ";Semireboque;SR/DAMBROZ EA113E;"1997      ";"0";"0";"0    ";"0";"0 ";"0    ";"0    ";"0    ";-16.2706000;-48.7699000;SPRF-GO;DEL02-GO;UOP01-DEL02-GO 
615153;"1375298   ";2024-07-18;quinta-feira;06:00:00;GO;"60   ";"72,9 ";ABADIANIA;Sim;Condutor Dormindo;1;Tombamento;Com Vítimas Fatais;Amanhecer;Crescente;Céu Claro;Dupla;"Declive;Reta";Não  ;"1101383   ";Caminhão-trator;SCANIA/R 440 A6X2;"2014      ";Condutor;Óbito;"36   ";Masculino;"0 ";"0    ";"0    ";"1    ";-16.2706000;-48.7699000;SPRF-GO;DEL02-GO;UOP01-DEL02-GO 
615153;"0         ";2024-07-18;quinta-feira;06:00:00;GO;"60   ";"72,9 ";ABADIANIA;Sim;Condutor Dormindo;1;Tombamento;Com Vítimas Fatais;Amanhecer;Crescente;Céu Claro;Dupla;"Declive;Reta";Não  ;"1101387   ";Semireboque;SR/DAMBROZ EA113E;"1997      ";"0";"0";"0    ";"0";"0 ";"0    ";"0    ";"0    ";-16.2706000;-48.7699000;SPRF-GO;DEL02-GO;UOP01-DEL02-GO 
615235;"1375373   ";2024-07-14;domingo;20:15:00;GO;"80   ";"387  ";VILA PROPICIO;Sim;Ingestão de álcool pelo condutor;2;Colisão traseira;Sem Vítimas;Plena Noite;Crescente;Céu Claro;Simples;Reta;Não  ;"1101444   ";Caminhonete;FIAT/STRADA WORKING CD;"2010      ";Condutor;Ileso;"44   ";Masculino;"1 ";"0    ";"0    ";"0    ";-15.2156198;-48.6543274;SPRF-GO;DEL07-GO;UOP01-DEL07-GO 
615235;"1380710   ";2024-07-14;domingo;20:15:00;GO;"80   ";"387  ";VILA PROPICIO;Sim;Ingestão de álcool pelo condutor;2;Colisão traseira;Sem Vítimas;Plena Noite;Crescente;Céu Claro;Simples;Reta;Não  ;"1105562   ";Caminhonete;FIAT/STRADA FREEDOM CD13;"2023      ";Condutor;Ileso;"33   ";Feminino;"1 ";"0    ";"0    ";"0    ";-15.2156198;-48.6543274;SPRF-GO;DEL07-GO;UOP01-DEL07-GO 
615235;"1375373   ";2024-07-14;domingo;20:15:00;GO;"80   ";"387  ";VILA PROPICIO;Sim;Ingestão de álcool pelo condutor;1;Colisão frontal;Sem Vítimas;Plena Noite;Crescente;Céu Claro;Simples;Reta;Não  ;"1101444   ";Caminhonete;FIAT/STRADA WORKING CD;"2010      ";Condutor;Ileso;"44   ";Masculino;"1 ";"0    ";"0    ";"0    ";-15.2156198;-48.6543274;SPRF-GO;DEL07-GO;UOP01-DEL07-GO 
615235;"1380710   ";2024-07-14;domingo;20:15:00;GO;"80   ";"387  ";VILA PROPICIO;Sim;Ingestão de álcool pelo condutor;1;Colisão frontal;Sem Vítimas;Plena Noite;Crescente;Céu Claro;Simples;Reta;Não  ;"1105562   ";Caminhonete;FIAT/STRADA FREEDOM CD13;"2023      ";Condutor;Ileso;"33   ";Feminino;"1 ";"0    ";"0    ";"0    ";-15.2156198;-48.6543274;SPRF-GO;DEL07-GO;UOP01-DEL07-GO 
615247;"1375461   ";2024-07-18;quinta-feira;13:40:00;GO;"40   ";"16   ";LUZIANIA;Não;Mal súbito do condutor;2;Saída de leito carroçável;Com Vítimas Feridas;Pleno dia;Crescente;Céu Claro;Dupla;"Declive;Reta";Sim  ;"1101516   ";Automóvel;VW/FOX 1.6 PRIME GII;"2013      ";Condutor;Lesões Graves;"24   ";Masculino;"0 ";"0    ";"1    ";"0    ";-16.1804280;-47.9288000;SPRF-DF;DEL01-DF;UOP01-DEL01-DF 
615247;"1375461   ";2024-07-18;quinta-feira;13:40:00;GO;"40   ";"16   ";LUZIANIA;Não;Condutor usando celular;2;Saída de leito carroçável;Com Vítimas Feridas;Pleno dia;Crescente;Céu Claro;Dupla;"Declive;Reta";Sim  ;"1101516   ";Automóvel;VW/FOX 1.6 PRIME GII;"2013      ";Condutor;Lesões Graves;"24   ";Masculino;"0 ";"0    ";"1    ";"0    ";-16.1804280;-47.9288000;SPRF-DF;DEL01-DF;UOP01-DEL01-DF 
615247;"1375461   ";2024-07-18;quinta-feira;13:40:00;GO;"40   ";"16   ";LUZIANIA;Sim;Velocidade Incompatível;2;Saída de leito carroçável;Com Vítimas Feridas;Pleno dia;Crescente;Céu Claro;Dupla;"Declive;Reta";Sim  ;"1101516   ";Automóvel;VW/FOX 1.6 PRIME GII;"2013      ";Condutor;Lesões Graves;"24   ";Masculino;"0 ";"0    ";"1    ";"0    ";-16.1804280;-47.9288000;SPRF-DF;DEL01-DF;UOP01-DEL01-DF 
615247;"1375461   ";2024-07-18;quinta-feira;13:40:00;GO;"40   ";"16   ";LUZIANIA;Não;Mal súbito do condutor;1;Colisão com objeto;Com Vítimas Feridas;Pleno dia;Crescente;Céu Claro;Dupla;"Declive;Reta";Sim  ;"1101516   ";Automóvel;VW/FOX 1.6 PRIME GII;"2013      ";Condutor;Lesões Graves;"24   ";Masculino;"0 ";"0    ";"1    ";"0    ";-16.1804280;-47.9288000;SPRF-DF;DEL01-DF;UOP01-DEL01-DF 
615247;"1375461   ";2024-07-18;quinta-feira;13:40:00;GO;"40   ";"16   ";LUZIANIA;Não;Condutor usando celular;1;Colisão com objeto;Com Vítimas Feridas;Pleno dia;Crescente;Céu Claro;Dupla;"Declive;Reta";Sim  ;"1101516   ";Automóvel;VW/FOX 1.6 PRIME GII;"2013      ";Condutor;Lesões Graves;"24   ";Masculino;"0 ";"0    ";"1    ";"0    ";-16.1804280;-47.9288000;SPRF-DF;DEL01-DF;UOP01-DEL01-DF 
615247;"1375461   ";2024-07-18;quinta-feira;13:40:00;GO;"40   ";"16   ";LUZIANIA;Sim;Velocidade Incompatível;1;Colisão com objeto;Com Vítimas Feridas;Pleno dia;Crescente;Céu Claro;Dupla;"Declive;Reta";Sim  ;"1101516   ";Automóvel;VW/FOX 1.6 PRIME GII;"2013      ";Condutor;Lesões Graves;"24   ";Masculino;"0 ";"0    ";"1    ";"0    ";-16.1804280;-47.9288000;SPRF-DF;DEL01-DF;UOP01-DEL01-DF 
615247;"1375461   ";2024-07-18;quinta-feira;13:40:00;GO;"40   ";"16   ";LUZIANIA;Não;Mal súbito do condutor;3;Capotamento;Com Vítimas Feridas;Pleno dia;Crescente;Céu Claro;Dupla;"Declive;Reta";Sim  ;"1101516   ";Automóvel;VW/FOX 1.6 PRIME GII;"2013      ";Condutor;Lesões Graves;"24   ";Masculino;"0 ";"0    ";"1    ";"0    ";-16.1804280;-47.9288000;SPRF-DF;DEL01-DF;UOP01-DEL01-DF 
615247;"1375461   ";2024-07-18;quinta-feira;13:40:00;GO;"40   ";"16   ";LUZIANIA;Não;Condutor usando celular;3;Capotamento;Com Vítimas Feridas;Pleno dia;Crescente;Céu Claro;Dupla;"Declive;Reta";Sim  ;"1101516   ";Automóvel;VW/FOX 1.6 PRIME GII;"2013      ";Condutor;Lesões Graves;"24   ";Masculino;"0 ";"0    ";"1    ";"0    ";-16.1804280;-47.9288000;SPRF-DF;DEL01-DF;UOP01-DEL01-DF 
615247;"1375461   ";2024-07-18;quinta-feira;13:40:00;GO;"40   ";"16   ";LUZIANIA;Sim;Velocidade Incompatível;3;Capotamento;Com Vítimas Feridas;Pleno dia;Crescente;Céu Claro;Dupla;"Declive;Reta";Sim  ;"1101516   ";Automóvel;VW/FOX 1.6 PRIME GII;"2013      ";Condutor;Lesões Graves;"24   ";Masculino;"0 ";"0    ";"1    ";"0    ";-16.1804280;-47.9288000;SPRF-DF;DEL01-DF;UOP01-DEL01-DF 