id;pesid;data_inversa;dia_semana;horario;uf;br;km;municipio;causa_principal;causa_acidente;ordem_tipo_acidente;tipo_acidente;classificacao_acidente;fase_dia;sentido_via;condicao_metereologica;tipo_pista;tracado_via;uso_solo;id_veiculo;tipo_veiculo;marca;ano_fabricacao_veiculo;tipo_envolvido;estado_fisico;idade;sexo;ilesos;feridos_leves;feridos_graves;mortos;latitude;longitude;regional;delegacia;uop
615268;"1375872   ";2024-07-18;quinta-feira;16:20:00;GO;"70   ";"2    ";AGUAS LINDAS DE GOIAS;Não;Reação tardia ou ineficiente do condutor;1;Queda de ocupante de veículo;Com Vítimas Feridas;Pleno dia;Crescente;Céu Claro;Múltipla;Reta;Sim  ;"1101817   ";Motocicleta;KAWASAKI/NINJA ZX-6R;"2019      ";Condutor;Lesões Leves;"39   ";Masculino;"0 ";"1    ";"0    ";"0    ";-15.7670210;-48.2299450;SPRF-DF;DEL03-DF;UOP02-DEL03-DF 
615268;"1375872   ";2024-07-18;quinta-feira;16:20:00;GO;"70   ";"2    ";AGUAS LINDAS DE GOIAS;Sim;Demais falhas mecânicas ou elétricas;1;Queda de ocupante de veículo;Com Vítimas Feridas;Pleno dia;Crescente;Céu Claro;Múltipla;Reta;Sim  ;"1101817   ";Motocicleta;KAWASAKI/NINJA ZX-6R;"2019      ";Condutor;Lesões Leves;"39   ";Masculino;"0 ";"1    ";"0    ";"0    ";-15.7670210;-48.2299450;SPRF-DF;DEL03-DF;UOP02-DEL03-DF 
615310;"1375608   ";2024-07-18;quinta-feira;18:25:00;GO;"20   ";"182,7";SIMOLANDIA;Sim;Reação tardia ou ineficiente do condutor;1;Saída de leito carroçável;Sem Vítimas;Anoitecer;Decrescente;Céu Claro;Simples;"Declive;Reta";Não  ;"1101597   ";Automóvel;FIAT/UNO MILLE FIRE FLEX;"2008      ";Passageiro;Ileso;"24   ";Masculino;"1 ";"0    ";"0    ";"0    ";-14.4638470;-46.4801790;SPRF-DF;DEL02-DF;UOP03-DEL02-DF 
615310;"1375609   ";2024-07-18;quinta-feira;18:25:00;GO;"20   ";"182,7";SIMOLANDIA;Sim;Reação tardia ou ineficiente do condutor;1;Saída de leito carroçável;Sem Vítimas;Anoitecer;Decrescente;Céu Claro;Simples;"Declive;Reta";Não  ;"1101597   ";Automóvel;FIAT/UNO MILLE FIRE FLEX;"2008      ";Condutor;Não Informado;"0    ";Não Informado;"0 ";"0    ";"0    ";"0    ";-14.4638470;-46.4801790;SPRF-DF;DEL02-DF;UOP03-DEL02-DF 
615313;"1375650   ";2024-07-18;quinta-feira;18:10:00;GO;"60   ";"47   ";ABADIANIA;Sim;Avarias e/ou desgaste excessivo no pneu;2;Queda de ocupante de veículo;Com Vítimas Feridas;Anoitecer;Crescente;Céu Claro;Dupla;"Aclive;Reta";Não  ;"1101633   ";Motocicleta;HONDA/CG 160 START;"2024      ";Condutor;Ileso;"33   ";Masculino;"1 ";"0    ";"0    ";"0    ";-16.1464000;-48.6047000;SPRF-GO;DEL02-GO;UOP01-DEL02-GO 
615313;"1375652   ";2024-07-18;quinta-feira;18:10:00;GO;"60   ";"47   ";ABADIANIA;Sim;Avarias e/ou desgaste excessivo no pneu;2;Queda de ocupante de veículo;Com Vítimas Feridas;Anoitecer;Crescente;Céu Claro;Dupla;"Aclive;Reta";Não  ;"1101633   ";Motocicleta;HONDA/CG 160 START;"2024      ";Passageiro;Lesões Graves;"29   ";Feminino;"0 ";"0    ";"1    ";"0    ";-16.1464000;-48.6047000;SPRF-GO;DEL02-GO;UOP01-DEL02-GO 
615313;"1375650   ";2024-07-18;quinta-feira;18:10:00;GO;"60   ";"47   ";ABADIANIA;Sim;Avarias e/ou desgaste excessivo no pneu;1;Tombamento;Com Vítimas Feridas;Anoitecer;Crescente;Céu Claro;Dupla;"Aclive;Reta";Não  ;"1101633   ";Motocicleta;HONDA/CG 160 START;"2024      ";Condutor;Ileso;"33   ";Masculino;"1 ";"0    ";"0    ";"0    ";-16.1464000;-48.6047000;SPRF-GO;DEL02-GO;UOP01-DEL02-GO 
615313;"1375652   ";2024-07-18;quinta-feira;18:10:00;GO;"60   ";"47   ";ABADIANIA;Sim;Avarias e/ou desgaste excessivo no pneu;1;Tombamento;Com Vítimas Feridas;Anoitecer;Crescente;Céu Claro;Dupla;"Aclive;Reta";Não  ;"1101633   ";Motocicleta;HONDA/CG 160 START;"2024      ";Passageiro;Lesões Graves;"29   ";Feminino;"0 ";"0    ";"1    ";"0    ";-16.1464000;-48.6047000;SPRF-GO;DEL02-GO;UOP01-DEL02-GO 
615316;"1375649   ";2024-07-18;quinta-feira;19:20:00;DF;"70   ";"19   ";BRASILIA;Não;Acessar a via sem observar a presença dos outros veículos;2;Queda de ocupante de veículo;Com Vítimas Feridas;Plena Noite;Crescente;Céu Claro;Dupla;"Retorno Regulamentado;Reta";Sim  ;"1101623   ";Motocicleta;YAMAHA/YBR125I FACTOR ED;"2018      ";Condutor;Lesões Leves;"30   ";Masculino;"0 ";"1    ";"0    ";"0    ";-15.7888680;-48.2202420;SPRF-DF;DEL03-DF;UOP02-DEL03-DF 
615316;"1375651   ";2024-07-18;quinta-feira;19:20:00;DF;"70   ";"19   ";BRASILIA;Não;Acessar a via sem observar a presença dos outros veículos;2;Queda de ocupante de veículo;Com Vítimas Feridas;Plena Noite;Crescente;Céu Claro;Dupla;"Retorno Regulamentado;Reta";Sim  ;"1101622   ";Caminhonete;FIAT/TORO RANCH AT9 D4;"2020      ";Condutor;Ileso;"62   ";Masculino;"1 ";"0    ";"0    ";"0    ";-15.7888680;-48.2202420;SPRF-DF;DEL03-DF;UOP02-DEL03-DF 
615316;"1375649   ";2024-07-18;quinta-feira;19:20:00;DF;"70   ";"19   ";BRASILIA;Sim;Trafegar com motocicleta (ou similar) entre as faixas;2;Queda de ocupante de veículo;Com Vítimas Feridas;Plena Noite;Crescente;Céu Claro;Dupla;"Retorno Regulamentado;Reta";Sim  ;"1101623   ";Motocicleta;YAMAHA/YBR125I FACTOR ED;"2018      ";Condutor;Lesões Leves;"30   ";Masculino;"0 ";"1    ";"0    ";"0    ";-15.7888680;-48.2202420;SPRF-DF;DEL03-DF;UOP02-DEL03-DF 
615316;"1375651   ";2024-07-18;quinta-feira;19:20:00;DF;"70   ";"19   ";BRASILIA;Sim;Trafegar com motocicleta (ou similar) entre as faixas;2;Queda de ocupante de veículo;Com Vítimas Feridas;Plena Noite;Crescente;Céu Claro;Dupla;"Retorno Regulamentado;Reta";Sim  ;"1101622   ";Caminhonete;FIAT/TORO RANCH AT9 D4;"2020      ";Condutor;Ileso;"62   ";Masculino;"1 ";"0    ";"0    ";"0    ";-15.7888680;-48.2202420;SPRF-DF;DEL03-DF;UOP02-DEL03-DF 
615316;"1375649   ";2024-07-18;quinta-feira;19:20:00;DF;"70   ";"19   ";BRASILIA;Não;Acessar a via sem observar a presença dos outros veículos;1;Colisão transversal;Com Vítimas Feridas;Plena Noite;Crescente;Céu Claro;Dupla;"Retorno Regulamentado;Reta";Sim  ;"1101623   ";Motocicleta;YAMAHA/YBR125I FACTOR ED;"2018      ";Condutor;Lesões Leves;"30   ";Masculino;"0 ";"1    ";"0    ";"0    ";-15.7888680;-48.2202420;SPRF-DF;DEL03-DF;UOP02-DEL03-DF 
615316;"1375651   ";2024-07-18;quinta-feira;19:20:00;DF;"70   ";"19   ";BRASILIA;Não;Acessar a via sem observar a presença dos outros veículos;1;Colisão transversal;Com Vítimas Feridas;Plena Noite;Crescente;Céu Claro;Dupla;"Retorno Regulamentado;Reta";Sim  ;"1101622   ";Caminhonete;FIAT/TORO RANCH AT9 D4;"2020      ";Condutor;Ileso;"62   ";Masculino;"1 ";"0    ";"0    ";"0    ";-15.7888680;-48.2202420;SPRF-DF;DEL03-DF;UOP02-DEL03-DF 
615316;"1375649   ";2024-07-18;quinta-feira;19:20:00;DF;"70   ";"19   ";BRASILIA;Sim;Trafegar com motocicleta (ou similar) entre as faixas;1;Colisão transversal;Com Vítimas Feridas;Plena Noite;Crescente;Céu Claro;Dupla;"Retorno Regulamentado;Reta";Sim  ;"1101623   ";Motocicleta;YAMAHA/YBR125I FACTOR ED;"2018      ";Condutor;Lesões Leves;"30   ";Masculino;"0 ";"1    ";"0    ";"0    ";-15.7888680;-48.2202420;SPRF-DF;DEL03-DF;UOP02-DEL03-DF 
615316;"1375651   ";2024-07-18;quinta-feira;19:20:00;DF;"70   ";"19   ";BRASILIA;Sim;Trafegar com motocicleta (ou similar) entre as faixas;1;Colisão transversal;Com Vítimas Feridas;Plena Noite;Crescente;Céu Claro;Dupla;"Retorno Regulamentado;Reta";Sim  ;"1101622   ";Caminhonete;FIAT/TORO RANCH AT9 D4;"2020      ";Condutor;Ileso;"62   ";Masculino;"1 ";"0    ";"0    ";"0    ";-15.7888680;-48.2202420;SPRF-DF;DEL03-DF;UOP02-DEL03-DF 
615335;"1375706   ";2024-07-18;quinta-feira;20:30:00;GO;"70   ";"22   ";COCALZINHO DE GOIAS;Não;Retorno proibido;1;Colisão transversal;Com Vítimas Feridas;Plena Noite;Crescente;Céu Claro;Simples;Reta;Não  ;"1101671   ";Motocicleta;HONDA/CG 150 TITAN ES;"2007      ";Condutor;Ileso;"56   ";Masculino;"1 ";"0    ";"0    ";"0    ";-15.7377710;-48.3927634;SPRF-DF;DEL03-DF;UOP02-DEL03-DF 
615335;"1375708   ";2024-07-18;quinta-feira;20:30:00;GO;"70   ";"22   ";COCALZINHO DE GOIAS;Não;Retorno proibido;1;Colisão transversal;Com Vítimas Feridas;Plena Noite;Crescente;Céu Claro;Simples;Reta;Não  ;"1101672   ";Motocicleta;YAMAHA/YS150 FAZER ED;"2014      ";Condutor;Lesões Leves;"21   ";Masculino;"0 ";"1    ";"0    ";"0    ";-15.7377710;-48.3927634;SPRF-DF;DEL03-DF;UOP02-DEL03-DF 
615335;"1375706   ";2024-07-18;quinta-feira;20:30:00;GO;"70   ";"22   ";COCALZINHO DE GOIAS;Sim;Acessar a via sem observar a presença dos outros veículos;1;Colisão transversal;Com Vítimas Feridas;Plena Noite;Crescente;Céu Claro;Simples;Reta;Não  ;"1101671   ";Motocicleta;HONDA/CG 150 TITAN ES;"2007      ";Condutor;Ileso;"56   ";Masculino;"1 ";"0    ";"0    ";"0    ";-15.7377710;-48.3927634;SPRF-DF;DEL03-DF;UOP02-DEL03-DF 
615335;"1375708   ";2024-07-18;quinta-feira;20:30:00;GO;"70   ";"22   ";COCALZINHO DE GOIAS;Sim;Acessar a via sem observar a presença dos outros veículos;1;Colisão transversal;Com Vítimas Feridas;Plena Noite;Crescente;Céu Claro;Simples;Reta;Não  ;"1101672   ";Motocicleta;YAMAHA/YS150 FAZER ED;"2014      ";Condutor;Lesões Leves;"21   ";Masculino;"0 ";"1    ";"0    ";"0    ";-15.7377710;-48.3927634;SPRF-DF;DEL03-DF;UOP02-DEL03-DF 
615343;"1375737   ";2024-07-18;quinta-feira;21:15:00;GO;"40   ";"11   ";LUZIANIA;Sim;Animais na Pista;3;Queda de ocupante de veículo;Com Vítimas Feridas;Plena Noite;Decrescente;Céu Claro;Dupla;Reta;Sim  ;"1101697   ";Motocicleta;HONDA/CG 160 FAN;"2018      ";Passageiro;Lesões Leves;"34   ";Masculino;"0 ";"1    ";"0    ";"0    ";-16.1383360;-47.9516440;SPRF-DF;DEL01-DF;UOP01-DEL01-DF 
615343;"1375736   ";2024-07-18;quinta-feira;21:15:00;GO;"40   ";"11   ";LUZIANIA;Sim;Animais na Pista;3;Queda de ocupante de veículo;Com Vítimas Feridas;Plena Noite;Decrescente;Céu Claro;Dupla;Reta;Sim  ;"1101697   ";Motocicleta;HONDA/CG 160 FAN;"2018      ";Condutor;Lesões Leves;"27   ";Masculino;"0 ";"1    ";"0    ";"0    ";-16.1383360;-47.9516440;SPRF-DF;DEL01-DF;UOP01-DEL01-DF 
615343;"1375737   ";2024-07-18;quinta-feira;21:15:00;GO;"40   ";"11   ";LUZIANIA;Sim;Animais na Pista;2;Tombamento;Com Vítimas Feridas;Plena Noite;Decrescente;Céu Claro;Dupla;Reta;Sim  ;"1101697   ";Motocicleta;HONDA/CG 160 FAN;"2018      ";Passageiro;Lesões Leves;"34   ";Masculino;"0 ";"1    ";"0    ";"0    ";-16.1383360;-47.9516440;SPRF-DF;DEL01-DF;UOP01-DEL01-DF 
615343;"1375736   ";2024-07-18;quinta-feira;21:15:00;GO;"40   ";"11   ";LUZIANIA;Sim;Animais na Pista;2;Tombamento;Com Vítimas Feridas;Plena Noite;Decrescente;Céu Claro;Dupla;Reta;Sim  ;"1101697   ";Motocicleta;HONDA/CG 160 FAN;"2018      ";Condutor;Lesões Leves;"27   ";Masculino;"0 ";"1    ";"0    ";"0    ";-16.1383360;-47.9516440;SPRF-DF;DEL01-DF;UOP01-DEL01-DF 
615343;"1375737   ";2024-07-18;quinta-feira;21:15:00;GO;"40   ";"11   ";LUZIANIA;Sim;Animais na Pista;1;Colisão com objeto;Com Vítimas Feridas;Plena Noite;Decrescente;Céu Claro;Dupla;Reta;Sim  ;"1101697   ";Motocicleta;HONDA/CG 160 FAN;"2018      ";Passageiro;Lesões Leves;"34   ";Masculino;"0 ";"1    ";"0    ";"0    ";-16.1383360;-47.9516440;SPRF-DF;DEL01-DF;UOP01-DEL01-DF 
615343;"1375736   ";2024-07-18;quinta-feira;21:15:00;GO;"40   ";"11   ";LUZIANIA;Sim;Animais na Pista;1;Colisão com objeto;Com Vítimas Feridas;Plena Noite;Decrescente;Céu Claro;Dupla;Reta;Sim  ;"1101697   ";Motocicleta;HONDA/CG 160 FAN;"2018      ";Condutor;Lesões Leves;"27   ";Masculino;"0 ";"1    ";"0    ";"0    ";-16.1383360;-47.9516440;SPRF-DF;DEL01-DF;UOP01-DEL01-DF 
615372;"1375833   ";2024-07-19;sexta-feira;03:00:00;GO;"20   ";"36   ";FORMOSA;Não;Demais falhas na via;2;Capotamento;Com Vítimas Feridas;Plena Noite;Decrescente;Céu Claro;Simples;"Reta;Declive;Em Obras";Não  ;"1101781   ";Automóvel;FIAT/UNO MILLE ECONOMY;"2008      ";Condutor;Ileso;"51   ";Masculino;"1 ";"0    ";"0    ";"0    ";-15.4464990;-47.0973280;SPRF-DF;DEL02-DF;UOP02-DEL02-DF 
615372;"1376140   ";2024-07-19;sexta-feira;03:00:00;GO;"20   ";"36   ";FORMOSA;Não;Demais falhas na via;2;Capotamento;Com Vítimas Feridas;Plena Noite;Decrescente;Céu Claro;Simples;"Reta;Declive;Em Obras";Não  ;"1101781   ";Automóvel;FIAT/UNO MILLE ECONOMY;"2008      ";Passageiro;Ileso;"46   ";Feminino;"1 ";"0    ";"0    ";"0    ";-15.4464990;-47.0973280;SPRF-DF;DEL02-DF;UOP02-DEL02-DF 
615372;"1376141   ";2024-07-19;sexta-feira;03:00:00;GO;"20   ";"36   ";FORMOSA;Não;Demais falhas na via;2;Capotamento;Com Vítimas Feridas;Plena Noite;Decrescente;Céu Claro;Simples;"Reta;Declive;Em Obras";Não  ;"1101781   ";Automóvel;FIAT/UNO MILLE ECONOMY;"2008      ";Passageiro;Lesões Leves;"26   ";Masculino;"0 ";"1    ";"0    ";"0    ";-15.4464990;-47.0973280;SPRF-DF;DEL02-DF;UOP02-DEL02-DF 
615372;"1375833   ";2024-07-19;sexta-feira;03:00:00;GO;"20   ";"36   ";FORMOSA;Não;Acostamento em desnível;2;Capotamento;Com Vítimas Feridas;Plena Noite;Decrescente;Céu Claro;Simples;"Reta;Declive;Em Obras";Não  ;"1101781   ";Automóvel;FIAT/UNO MILLE ECONOMY;"2008      ";Condutor;Ileso;"51   ";Masculino;"1 ";"0    ";"0    ";"0    ";-15.4464990;-47.0973280;SPRF-DF;DEL02-DF;UOP02-DEL02-DF 
615372;"1376140   ";2024-07-19;sexta-feira;03:00:00;GO;"20   ";"36   ";FORMOSA;Não;Acostamento em desnível;2;Capotamento;Com Vítimas Feridas;Plena Noite;Decrescente;Céu Claro;Simples;"Reta;Declive;Em Obras";Não  ;"1101781   ";Automóvel;FIAT/UNO MILLE ECONOMY;"2008      ";Passageiro;Ileso;"46   ";Feminino;"1 ";"0    ";"0    ";"0    ";-15.4464990;-47.0973280;SPRF-DF;DEL02-DF;UOP02-DEL02-DF 
615372;"1376141   ";2024-07-19;sexta-feira;03:00:00;GO;"20   ";"36   ";FORMOSA;Não;Acostamento em desnível;2;Capotamento;Com Vítimas Feridas;Plena Noite;Decrescente;Céu Claro;Simples;"Reta;Declive;Em Obras";Não  ;"1101781   ";Automóvel;FIAT/UNO MILLE ECONOMY;"2008      ";Passageiro;Lesões Leves;"26   ";Masculino;"0 ";"1    ";"0    ";"0    ";-15.4464990;-47.0973280;SPRF-DF;DEL02-DF;UOP02-DEL02-DF 
615372;"1375833   ";2024-07-19;sexta-feira;03:00:00;GO;"20   ";"36   ";FORMOSA;Sim;Reação tardia ou ineficiente do condutor;2;Capotamento;Com Vítimas Feridas;Plena Noite;Decrescente;Céu Claro;Simples;"Reta;Declive;Em Obras";Não  ;"1101781   ";Automóvel;FIAT/UNO MILLE ECONOMY;"2008      ";Condutor;Ileso;"51   ";Masculino;"1 ";"0    ";"0    ";"0    ";-15.4464990;-47.0973280;SPRF-DF;DEL02-DF;UOP02-DEL02-DF 
615372;"1376140   ";2024-07-19;sexta-feira;03:00:00;GO;"20   ";"36   ";FORMOSA;Sim;Reação tardia ou ineficiente do condutor;2;Capotamento;Com Vítimas Feridas;Plena Noite;Decrescente;Céu Claro;Simples;"Reta;Declive;Em Obras";Não  ;"1101781   ";Automóvel;FIAT/UNO MILLE ECONOMY;"2008      ";Passageiro;Ileso;"46   ";Feminino;"1 ";"0    ";"0    ";"0    ";-15.4464990;-47.0973280;SPRF-DF;DEL02-DF;UOP02-DEL02-DF 
615372;"1376141   ";2024-07-19;sexta-feira;03:00:00;GO;"20   ";"36   ";FORMOSA;Sim;Reação tardia ou ineficiente do condutor;2;Capotamento;Com Vítimas Feridas;Plena Noite;Decrescente;Céu Claro;Simples;"Reta;Declive;Em Obras";Não  ;"1101781   ";Automóvel;FIAT/UNO MILLE ECONOMY;"2008      ";Passageiro;Lesões Leves;"26   ";Masculino;"0 ";"1    ";"0    ";"0    ";-15.4464990;-47.0973280;SPRF-DF;DEL02-DF;UOP02-DEL02-DF 
615372;"1375833   ";2024-07-19;sexta-feira;03:00:00;GO;"20   ";"36   ";FORMOSA;Não;Demais falhas na via;1;Saída de leito carroçável;Com Vítimas Feridas;Plena Noite;Decrescente;Céu Claro;Simples;"Reta;Declive;Em Obras";Não  ;"1101781   ";Automóvel;FIAT/UNO MILLE ECONOMY;"2008      ";Condutor;Ileso;"51   ";Masculino;"1 ";"0    ";"0    ";"0    ";-15.4464990;-47.0973280;SPRF-DF;DEL02-DF;UOP02-DEL02-DF 
615372;"1376140   ";2024-07-19;sexta-feira;03:00:00;GO;"20   ";"36   ";FORMOSA;Não;Demais falhas na via;1;Saída de leito carroçável;Com Vítimas Feridas;Plena Noite;Decrescente;Céu Claro;Simples;"Reta;Declive;Em Obras";Não  ;"1101781   ";Automóvel;FIAT/UNO MILLE ECONOMY;"2008      ";Passageiro;Ileso;"46   ";Feminino;"1 ";"0    ";"0    ";"0    ";-15.4464990;-47.0973280;SPRF-DF;DEL02-DF;UOP02-DEL02-DF 
615372;"1376141   ";2024-07-19;sexta-feira;03:00:00;GO;"20   ";"36   ";FORMOSA;Não;Demais falhas na via;1;Saída de leito carroçável;Com Vítimas Feridas;Plena Noite;Decrescente;Céu Claro;Simples;"Reta;Declive;Em Obras";Não  ;"1101781   ";Automóvel;FIAT/UNO MILLE ECONOMY;"2008      ";Passageiro;Lesões Leves;"26   ";Masculino;"0 ";"1    ";"0    ";"0    ";-15.4464990;-47.0973280;SPRF-DF;DEL02-DF;UOP02-DEL02-DF 
615372;"1375833   ";2024-07-19;sexta-feira;03:00:00;GO;"20   ";"36   ";FORMOSA;Não;Acostamento em desnível;1;Saída de leito carroçável;Com Vítimas Feridas;Plena Noite;Decrescente;Céu Claro;Simples;"Reta;Declive;Em Obras";Não  ;"1101781   ";Automóvel;FIAT/UNO MILLE ECONOMY;"2008      ";Condutor;Ileso;"51   ";Masculino;"1 ";"0    ";"0    ";"0    ";-15.4464990;-47.0973280;SPRF-DF;DEL02-DF;UOP02-DEL02-DF 
615372;"1376140   ";2024-07-19;sexta-feira;03:00:00;GO;"20   ";"36   ";FORMOSA;Não;Acostamento em desnível;1;Saída de leito carroçável;Com Vítimas Feridas;Plena Noite;Decrescente;Céu Claro;Simples;"Reta;Declive;Em Obras";Não  ;"1101781   ";Automóvel;FIAT/UNO MILLE ECONOMY;"2008      ";Passageiro;Ileso;"46   ";Feminino;"1 ";"0    ";"0    ";"0    ";-15.4464990;-47.0973280;SPRF-DF;DEL02-DF;UOP02-DEL02-DF 
615372;"1376141   ";2024-07-19;sexta-feira;03:00:00;GO;"20   ";"36   ";FORMOSA;Não;Acostamento em desnível;1;Saída de leito carroçável;Com Vítimas Feridas;Plena Noite;Decrescente;Céu Claro;Simples;"Reta;Declive;Em Obras";Não  ;"1101781   ";Automóvel;FIAT/UNO MILLE ECONOMY;"2008      ";Passageiro;Lesões Leves;"26   ";Masculino;"0 ";"1    ";"0    ";"0    ";-15.4464990;-47.0973280;SPRF-DF;DEL02-DF;UOP02-DEL02-DF 
615372;"1375833   ";2024-07-19;sexta-feira;03:00:00;GO;"20   ";"36   ";FORMOSA;Sim;Reação tardia ou ineficiente do condutor;1;Saída de leito carroçável;Com Vítimas Feridas;Plena Noite;Decrescente;Céu Claro;Simples;"Reta;Declive;Em Obras";Não  ;"1101781   ";Automóvel;FIAT/UNO MILLE ECONOMY;"2008      ";Condutor;Ileso;"51   ";Masculino;"1 ";"0    ";"0    ";"0    ";-15.4464990;-47.0973280;SPRF-DF;DEL02-DF;UOP02-DEL02-DF 
615372;"1376140   ";2024-07-19;sexta-feira;03:00:00;GO;"20   ";"36   ";FORMOSA;Sim;Reação tardia ou ineficiente do condutor;1;Saída de leito carroçável;Com Vítimas Feridas;Plena Noite;Decrescente;Céu Claro;Simples;"Reta;Declive;Em Obras";Não  ;"1101781   ";Automóvel;FIAT/UNO MILLE ECONOMY;"2008      ";Passageiro;Ileso;"46   ";Feminino;"1 ";"0    ";"0    ";"0    ";-15.4464990;-47.0973280;SPRF-DF;DEL02-DF;UOP02-DEL02-DF 
615372;"1376141   ";2024-07-19;sexta-feira;03:00:00;GO;"20   ";"36   ";FORMOSA;Sim;Reação tardia ou ineficiente do condutor;1;Saída de leito carroçável;Com Vítimas Feridas;Plena Noite;Decrescente;Céu Claro;Simples;"Reta;Declive;Em Obras";Não  ;"1101781   ";Automóvel;FIAT/UNO MILLE ECONOMY;"2008      ";Passageiro;Lesões Leves;"26   ";Masculino;"0 ";"1    ";"0    ";"0    ";-15.4464990;-47.0973280;SPRF-DF;DEL02-DF;UOP02-DEL02-DF 
615390;"1375821   ";2024-07-19;sexta-feira;06:40:00;GO;"40   ";"2,2  ";VALPARAISO DE GOIAS;Sim;Manobra de mudança de faixa;3;Queda de ocupante de veículo;Com Vítimas Feridas;Pleno dia;Decrescente;Sol;Dupla;"Retorno Regulamentado;Reta";Sim  ;"1101770   ";Motocicleta;YAMAHA/CROSSER Z ABS;"2023      ";Condutor;Lesões Leves;"30   ";Masculino;"0 ";"1    ";"0    ";"0    ";-16.0671290;-47.9842350;SPRF-DF;DEL01-DF;UOP01-DEL01-DF 
615390;"1375823   ";2024-07-19;sexta-feira;06:40:00;GO;"40   ";"2,2  ";VALPARAISO DE GOIAS;Sim;Manobra de mudança de faixa;3;Queda de ocupante de veículo;Com Vítimas Feridas;Pleno dia;Decrescente;Sol;Dupla;"Retorno Regulamentado;Reta";Sim  ;"1101772   ";Automóvel;FIAT/PALIO FIRE FLEX;"2006      ";Condutor;Ileso;"58   ";Masculino;"1 ";"0    ";"0    ";"0    ";-16.0671290;-47.9842350;SPRF-DF;DEL01-DF;UOP01-DEL01-DF 
615390;"1375821   ";2024-07-19;sexta-feira;06:40:00;GO;"40   ";"2,2  ";VALPARAISO DE GOIAS;Sim;Manobra de mudança de faixa;2;Tombamento;Com Vítimas Feridas;Pleno dia;Decrescente;Sol;Dupla;"Retorno Regulamentado;Reta";Sim  ;"1101770   ";Motocicleta;YAMAHA/CROSSER Z ABS;"2023      ";Condutor;Lesões Leves;"30   ";Masculino;"0 ";"1    ";"0    ";"0    ";-16.0671290;-47.9842350;SPRF-DF;DEL01-DF;UOP01-DEL01-DF 
615390;"1375823   ";2024-07-19;sexta-feira;06:40:00;GO;"40   ";"2,2  ";VALPARAISO DE GOIAS;Sim;Manobra de mudança de faixa;2;Tombamento;Com Vítimas Feridas;Pleno dia;Decrescente;Sol;Dupla;"Retorno Regulamentado;Reta";Sim  ;"1101772   ";Automóvel;FIAT/PALIO FIRE FLEX;"2006      ";Condutor;Ileso;"58   ";Masculino;"1 ";"0    ";"0    ";"0    ";-16.0671290;-47.9842350;SPRF-DF;DEL01-DF;UOP01-DEL01-DF 
615390;"1375821   ";2024-07-19;sexta-feira;06:40:00;GO;"40   ";"2,2  ";VALPARAISO DE GOIAS;Sim;Manobra de mudança de faixa;1;Colisão lateral mesmo sentido;Com Vítimas Feridas;Pleno dia;Decrescente;Sol;Dupla;"Retorno Regulamentado;Reta";Sim  ;"1101770   ";Motocicleta;YAMAHA/CROSSER Z ABS;"2023      ";Condutor;Lesões Leves;"30   ";Masculino;"0 ";"1    ";"0    ";"0    ";-16.0671290;-47.9842350;SPRF-DF;DEL01-DF;UOP01-DEL01-DF 
615390;"1375823   ";2024-07-19;sexta-feira;06:40:00;GO;"40   ";"2,2  ";VALPARAISO DE GOIAS;Sim;Manobra de mudança de faixa;1;Colisão lateral mesmo sentido;Com Vítimas Feridas;Pleno dia;Decrescente;Sol;Dupla;"Retorno Regulamentado;Reta";Sim  ;"1101772   ";Automóvel;FIAT/PALIO FIRE FLEX;"2006      ";Condutor;Ileso;"58   ";Masculino;"1 ";"0    ";"0    ";"0    ";-16.0671290;-47.9842350;SPRF-DF;DEL01-DF;UOP01-DEL01-DF 
615414;"1376108   ";2024-07-19;sexta-feira;07:40:00;GO;"40   ";"49,8 ";LUZIANIA;Não;Suicídio (presumido);2;Incêndio;Com Vítimas Fatais;Pleno dia;Crescente;Céu Claro;Simples;"Curva;Aclive";Não  ;"1102031   ";Caminhão-trator;DAF/CF85 FTS 410A;"2017      ";Condutor;Ileso;"66   ";Masculino;"1 ";"0    ";"0    ";"0    ";-16.4339450;-47.8151780;SPRF-DF;DEL01-DF;UOP02-DEL01-DF 
615414;"1376105   ";2024-07-19;sexta-feira;07:40:00;GO;"40   ";"49,8 ";LUZIANIA;Não;Suicídio (presumido);2;Incêndio;Com Vítimas Fatais;Pleno dia;Crescente;Céu Claro;Simples;"Curva;Aclive";Não  ;"1102029   ";Automóvel;HYUNDAI/HB20X 1.6A PREMI;"2018      ";Condutor;Óbito;"0    ";Ignorado;"0 ";"0    ";"0    ";"1    ";-16.4339450;-47.8151780;SPRF-DF;DEL01-DF;UOP02-DEL01-DF 
615414;"0         ";2024-07-19;sexta-feira;07:40:00;GO;"40   ";"49,8 ";LUZIANIA;Não;Suicídio (presumido);2;Incêndio;Com Vítimas Fatais;Pleno dia;Crescente;Céu Claro;Simples;"Curva;Aclive";Não  ;"1102032   ";Semireboque;SR/RODOTECNICA SRT TQ2;"2003      ";"0";"0";"0    ";"0";"0 ";"0    ";"0    ";"0    ";-16.4339450;-47.8151780;SPRF-DF;DEL01-DF;UOP02-DEL01-DF 