id;pesid;data_inversa;dia_semana;horario;uf;br;km;municipio;causa_principal;causa_acidente;ordem_tipo_acidente;tipo_acidente;classificacao_acidente;fase_dia;sentido_via;condicao_metereologica;tipo_pista;tracado_via;uso_solo;id_veiculo;tipo_veiculo;marca;ano_fabricacao_veiculo;tipo_envolvido;estado_fisico;idade;sexo;ilesos;feridos_leves;feridos_graves;mortos;latitude;longitude;regional;delegacia;uop
615414;"0         ";2024-07-19;sexta-feira;07:40:00;GO;"40   ";"49,8 ";LUZIANIA;Não;Suicídio (presumido);2;Incêndio;Com Vítimas Fatais;Pleno dia;Crescente;Céu Claro;Simples;"Curva;Aclive";Não  ;"1102033   ";Semireboque;SR/RODOTECNICA SRT TQ2;"2003      ";"0";"0";"0    ";"0";"0 ";"0    ";"0    ";"0    ";-16.4339450;-47.8151780;SPRF-DF;DEL01-DF;UOP02-DEL01-DF 
615414;"1376108   ";2024-07-19;sexta-feira;07:40:00;GO;"40   ";"49,8 ";LUZIANIA;Sim;Ultrapassagem Indevida;2;Incêndio;Com Vítimas Fatais;Pleno dia;Crescente;Céu Claro;Simples;"Curva;Aclive";Não  ;"1102031   ";Caminhão-trator;DAF/CF85 FTS 410A;"2017      ";Condutor;Ileso;"66   ";Masculino;"1 ";"0    ";"0    ";"0    ";-16.4339450;-47.8151780;SPRF-DF;DEL01-DF;UOP02-DEL01-DF 
615414;"1376105   ";2024-07-19;sexta-feira;07:40:00;GO;"40   ";"49,8 ";LUZIANIA;Sim;Ultrapassagem Indevida;2;Incêndio;Com Vítimas Fatais;Pleno dia;Crescente;Céu Claro;Simples;"Curva;Aclive";Não  ;"1102029   ";Automóvel;HYUNDAI/HB20X 1.6A PREMI;"2018      ";Condutor;Óbito;"0    ";Ignorado;"0 ";"0    ";"0    ";"1    ";-16.4339450;-47.8151780;SPRF-DF;DEL01-DF;UOP02-DEL01-DF 
615414;"0         ";2024-07-19;sexta-feira;07:40:00;GO;"40   ";"49,8 ";LUZIANIA;Sim;Ultrapassagem Indevida;2;Incêndio;Com Vítimas Fatais;Pleno dia;Crescente;Céu Claro;Simples;"Curva;Aclive";Não  ;"1102032   ";Semireboque;SR/RODOTECNICA SRT TQ2;"2003      ";"0";"0";"0    ";"0";"0 ";"0    ";"0    ";"0    ";-16.4339450;-47.8151780;SPRF-DF;DEL01-DF;UOP02-DEL01-DF 
615414;"0         ";2024-07-19;sexta-feira;07:40:00;GO;"40   ";"49,8 ";LUZIANIA;Sim;Ultrapassagem Indevida;2;Incêndio;Com Vítimas Fatais;Pleno dia;Crescente;Céu Claro;Simples;"Curva;Aclive";Não  ;"1102033   ";Semireboque;SR/RODOTECNICA SRT TQ2;"2003      ";"0";"0";"0    ";"0";"0 ";"0    ";"0    ";"0    ";-16.4339450;-47.8151780;SPRF-DF;DEL01-DF;UOP02-DEL01-DF 
615414;"1376108   ";2024-07-19;sexta-feira;07:40:00;GO;"40   ";"49,8 ";LUZIANIA;Não;Suicídio (presumido);1;Colisão frontal;Com Vítimas Fatais;Pleno dia;Crescente;Céu Claro;Simples;"Curva;Aclive";Não  ;"1102031   ";Caminhão-trator;DAF/CF85 FTS 410A;"2017      ";Condutor;Ileso;"66   ";Masculino;"1 ";"0    ";"0    ";"0    ";-16.4339450;-47.8151780;SPRF-DF;DEL01-DF;UOP02-DEL01-DF 
615414;"1376105   ";2024-07-19;sexta-feira;07:40:00;GO;"40   ";"49,8 ";LUZIANIA;Não;Suicídio (presumido);1;Colisão frontal;Com Vítimas Fatais;Pleno dia;Crescente;Céu Claro;Simples;"Curva;Aclive";Não  ;"1102029   ";Automóvel;HYUNDAI/HB20X 1.6A PREMI;"2018      ";Condutor;Óbito;"0    ";Ignorado;"0 ";"0    ";"0    ";"1    ";-16.4339450;-47.8151780;SPRF-DF;DEL01-DF;UOP02-DEL01-DF 
615414;"0         ";2024-07-19;sexta-feira;07:40:00;GO;"40   ";"49,8 ";LUZIANIA;Não;Suicídio (presumido);1;Colisão frontal;Com Vítimas Fatais;Pleno dia;Crescente;Céu Claro;Simples;"Curva;Aclive";Não  ;"1102032   ";Semireboque;SR/RODOTECNICA SRT TQ2;"2003      ";"0";"0";"0    ";"0";"0 ";"0    ";"0    ";"0    ";-16.4339450;-47.8151780;SPRF-DF;DEL01-DF;UOP02-DEL01-DF 
615414;"0         ";2024-07-19;sexta-feira;07:40:00;GO;"40   ";"49,8 ";LUZIANIA;Não;Suicídio (presumido);1;Colisão frontal;Com Vítimas Fatais;Pleno dia;Crescente;Céu Claro;Simples;"Curva;Aclive";Não  ;"1102033   ";Semireboque;SR/RODOTECNICA SRT TQ2;"2003      ";"0";"0";"0    ";"0";"0 ";"0    ";"0    ";"0    ";-16.4339450;-47.8151780;SPRF-DF;DEL01-DF;UOP02-DEL01-DF 
615414;"1376108   ";2024-07-19;sexta-feira;07:40:00;GO;"40   ";"49,8 ";LUZIANIA;Sim;Ultrapassagem Indevida;1;Colisão frontal;Com Vítimas Fatais;Pleno dia;Crescente;Céu Claro;Simples;"Curva;Aclive";Não  ;"1102031   ";Caminhão-trator;DAF/CF85 FTS 410A;"2017      ";Condutor;Ileso;"66   ";Masculino;"1 ";"0    ";"0    ";"0    ";-16.4339450;-47.8151780;SPRF-DF;DEL01-DF;UOP02-DEL01-DF 
615414;"1376105   ";2024-07-19;sexta-feira;07:40:00;GO;"40   ";"49,8 ";LUZIANIA;Sim;Ultrapassagem Indevida;1;Colisão frontal;Com Vítimas Fatais;Pleno dia;Crescente;Céu Claro;Simples;"Curva;Aclive";Não  ;"1102029   ";Automóvel;HYUNDAI/HB20X 1.6A PREMI;"2018      ";Condutor;Óbito;"0    ";Ignorado;"0 ";"0    ";"0    ";"1    ";-16.4339450;-47.8151780;SPRF-DF;DEL01-DF;UOP02-DEL01-DF 
615414;"0         ";2024-07-19;sexta-feira;07:40:00;GO;"40   ";"49,8 ";LUZIANIA;Sim;Ultrapassagem Indevida;1;Colisão frontal;Com Vítimas Fatais;Pleno dia;Crescente;Céu Claro;Simples;"Curva;Aclive";Não  ;"1102032   ";Semireboque;SR/RODOTECNICA SRT TQ2;"2003      ";"0";"0";"0    ";"0";"0 ";"0    ";"0    ";"0    ";-16.4339450;-47.8151780;SPRF-DF;DEL01-DF;UOP02-DEL01-DF 
615414;"0         ";2024-07-19;sexta-feira;07:40:00;GO;"40   ";"49,8 ";LUZIANIA;Sim;Ultrapassagem Indevida;1;Colisão frontal;Com Vítimas Fatais;Pleno dia;Crescente;Céu Claro;Simples;"Curva;Aclive";Não  ;"1102033   ";Semireboque;SR/RODOTECNICA SRT TQ2;"2003      ";"0";"0";"0    ";"0";"0 ";"0    ";"0    ";"0    ";-16.4339450;-47.8151780;SPRF-DF;DEL01-DF;UOP02-DEL01-DF 
615511;"1376119   ";2024-07-19;sexta-feira;16:20:00;GO;"40   ";"50,4 ";LUZIANIA;Sim;Reação tardia ou ineficiente do condutor;1;Saída de leito carroçável;Com Vítimas Feridas;Pleno dia;Decrescente;Céu Claro;Simples;Reta;Não  ;"1102045   ";Automóvel;FIAT/SIENA 6 MARCHAS;"1999      ";Condutor;Lesões Leves;"74   ";Masculino;"0 ";"1    ";"0    ";"0    ";-16.4425190;-47.8130130;SPRF-DF;DEL01-DF;UOP02-DEL01-DF 
615518;"1376175   ";2024-07-19;sexta-feira;17:20:00;GO;"60   ";"6    ";SANTO ANTONIO DO DESCOBERTO;Sim;Demais falhas mecânicas ou elétricas;2;Capotamento;Com Vítimas Feridas;Anoitecer;Decrescente;Céu Claro;Dupla;Reta;Não  ;"1102091   ";Automóvel;CHEVROLET/CLASSIC LS;"2010      ";Passageiro;Lesões Leves;"52   ";Masculino;"0 ";"1    ";"0    ";"0    ";-16.0991560;-48.2858570;SPRF-DF;DEL03-DF;UOP01-DEL03-DF 
615518;"1376172   ";2024-07-19;sexta-feira;17:20:00;GO;"60   ";"6    ";SANTO ANTONIO DO DESCOBERTO;Sim;Demais falhas mecânicas ou elétricas;2;Capotamento;Com Vítimas Feridas;Anoitecer;Decrescente;Céu Claro;Dupla;Reta;Não  ;"1102091   ";Automóvel;CHEVROLET/CLASSIC LS;"2010      ";Condutor;Lesões Leves;"64   ";Masculino;"0 ";"1    ";"0    ";"0    ";-16.0991560;-48.2858570;SPRF-DF;DEL03-DF;UOP01-DEL03-DF 
615518;"1376178   ";2024-07-19;sexta-feira;17:20:00;GO;"60   ";"6    ";SANTO ANTONIO DO DESCOBERTO;Sim;Demais falhas mecânicas ou elétricas;2;Capotamento;Com Vítimas Feridas;Anoitecer;Decrescente;Céu Claro;Dupla;Reta;Não  ;"1102091   ";Automóvel;CHEVROLET/CLASSIC LS;"2010      ";Passageiro;Lesões Leves;"27   ";Masculino;"0 ";"1    ";"0    ";"0    ";-16.0991560;-48.2858570;SPRF-DF;DEL03-DF;UOP01-DEL03-DF 
615518;"1376175   ";2024-07-19;sexta-feira;17:20:00;GO;"60   ";"6    ";SANTO ANTONIO DO DESCOBERTO;Sim;Demais falhas mecânicas ou elétricas;1;Saída de leito carroçável;Com Vítimas Feridas;Anoitecer;Decrescente;Céu Claro;Dupla;Reta;Não  ;"1102091   ";Automóvel;CHEVROLET/CLASSIC LS;"2010      ";Passageiro;Lesões Leves;"52   ";Masculino;"0 ";"1    ";"0    ";"0    ";-16.0991560;-48.2858570;SPRF-DF;DEL03-DF;UOP01-DEL03-DF 
615518;"1376172   ";2024-07-19;sexta-feira;17:20:00;GO;"60   ";"6    ";SANTO ANTONIO DO DESCOBERTO;Sim;Demais falhas mecânicas ou elétricas;1;Saída de leito carroçável;Com Vítimas Feridas;Anoitecer;Decrescente;Céu Claro;Dupla;Reta;Não  ;"1102091   ";Automóvel;CHEVROLET/CLASSIC LS;"2010      ";Condutor;Lesões Leves;"64   ";Masculino;"0 ";"1    ";"0    ";"0    ";-16.0991560;-48.2858570;SPRF-DF;DEL03-DF;UOP01-DEL03-DF 
615518;"1376178   ";2024-07-19;sexta-feira;17:20:00;GO;"60   ";"6    ";SANTO ANTONIO DO DESCOBERTO;Sim;Demais falhas mecânicas ou elétricas;1;Saída de leito carroçável;Com Vítimas Feridas;Anoitecer;Decrescente;Céu Claro;Dupla;Reta;Não  ;"1102091   ";Automóvel;CHEVROLET/CLASSIC LS;"2010      ";Passageiro;Lesões Leves;"27   ";Masculino;"0 ";"1    ";"0    ";"0    ";-16.0991560;-48.2858570;SPRF-DF;DEL03-DF;UOP01-DEL03-DF 
615545;"1376478   ";2024-07-19;sexta-feira;19:00:00;DF;"70   ";"10   ";BRASILIA;Sim;Manobra de mudança de faixa;1;Colisão lateral mesmo sentido;Com Vítimas Feridas;Pleno dia;Crescente;Céu Claro;Dupla;Reta;Sim  ;"1102330   ";Automóvel;VW/UP TAKE MA;"2014      ";Condutor;Ileso;"34   ";Masculino;"1 ";"0    ";"0    ";"0    ";-15.7870660;-48.1407090;SPRF-DF;DEL03-DF;UOP02-DEL03-DF 
615545;"1379282   ";2024-07-19;sexta-feira;19:00:00;DF;"70   ";"10   ";BRASILIA;Sim;Manobra de mudança de faixa;1;Colisão lateral mesmo sentido;Com Vítimas Feridas;Pleno dia;Crescente;Céu Claro;Dupla;Reta;Sim  ;"1102331   ";Motocicleta;HONDA/CB300F TWISTER CBS;"2023      ";Condutor;Lesões Leves;"24   ";Masculino;"0 ";"1    ";"0    ";"0    ";-15.7870660;-48.1407090;SPRF-DF;DEL03-DF;UOP02-DEL03-DF 
615650;"1376447   ";2024-07-20;sábado;07:18:00;DF;"80   ";"22   ";BRASILIA;Não;Desrespeitar a preferência no cruzamento;1;Colisão transversal;Com Vítimas Feridas;Pleno dia;Crescente;Céu Claro;Simples;"Reta;Interseção de Vias";Sim  ;"1102317   ";Automóvel;VW/GOL 1.0;"2009      ";Condutor;Ileso;"21   ";Masculino;"1 ";"0    ";"0    ";"0    ";-15.6478920;-48.2017560;SPRF-DF;DEL03-DF;UOP02-DEL03-DF 
615650;"1376448   ";2024-07-20;sábado;07:18:00;DF;"80   ";"22   ";BRASILIA;Não;Desrespeitar a preferência no cruzamento;1;Colisão transversal;Com Vítimas Feridas;Pleno dia;Crescente;Céu Claro;Simples;"Reta;Interseção de Vias";Sim  ;"1102317   ";Automóvel;VW/GOL 1.0;"2009      ";Passageiro;Lesões Leves;"22   ";Feminino;"0 ";"1    ";"0    ";"0    ";-15.6478920;-48.2017560;SPRF-DF;DEL03-DF;UOP02-DEL03-DF 
615650;"1376449   ";2024-07-20;sábado;07:18:00;DF;"80   ";"22   ";BRASILIA;Não;Desrespeitar a preferência no cruzamento;1;Colisão transversal;Com Vítimas Feridas;Pleno dia;Crescente;Céu Claro;Simples;"Reta;Interseção de Vias";Sim  ;"1102318   ";Automóvel;FORD/KA FLEX;"2008      ";Condutor;Ileso;"54   ";Masculino;"1 ";"0    ";"0    ";"0    ";-15.6478920;-48.2017560;SPRF-DF;DEL03-DF;UOP02-DEL03-DF 
615650;"1376450   ";2024-07-20;sábado;07:18:00;DF;"80   ";"22   ";BRASILIA;Não;Desrespeitar a preferência no cruzamento;1;Colisão transversal;Com Vítimas Feridas;Pleno dia;Crescente;Céu Claro;Simples;"Reta;Interseção de Vias";Sim  ;"1102318   ";Automóvel;FORD/KA FLEX;"2008      ";Passageiro;Ileso;"49   ";Feminino;"1 ";"0    ";"0    ";"0    ";-15.6478920;-48.2017560;SPRF-DF;DEL03-DF;UOP02-DEL03-DF 
615650;"1376447   ";2024-07-20;sábado;07:18:00;DF;"80   ";"22   ";BRASILIA;Não;Condutor deixou de manter distância do veículo da frente;1;Colisão transversal;Com Vítimas Feridas;Pleno dia;Crescente;Céu Claro;Simples;"Reta;Interseção de Vias";Sim  ;"1102317   ";Automóvel;VW/GOL 1.0;"2009      ";Condutor;Ileso;"21   ";Masculino;"1 ";"0    ";"0    ";"0    ";-15.6478920;-48.2017560;SPRF-DF;DEL03-DF;UOP02-DEL03-DF 
615650;"1376448   ";2024-07-20;sábado;07:18:00;DF;"80   ";"22   ";BRASILIA;Não;Condutor deixou de manter distância do veículo da frente;1;Colisão transversal;Com Vítimas Feridas;Pleno dia;Crescente;Céu Claro;Simples;"Reta;Interseção de Vias";Sim  ;"1102317   ";Automóvel;VW/GOL 1.0;"2009      ";Passageiro;Lesões Leves;"22   ";Feminino;"0 ";"1    ";"0    ";"0    ";-15.6478920;-48.2017560;SPRF-DF;DEL03-DF;UOP02-DEL03-DF 
615650;"1376449   ";2024-07-20;sábado;07:18:00;DF;"80   ";"22   ";BRASILIA;Não;Condutor deixou de manter distância do veículo da frente;1;Colisão transversal;Com Vítimas Feridas;Pleno dia;Crescente;Céu Claro;Simples;"Reta;Interseção de Vias";Sim  ;"1102318   ";Automóvel;FORD/KA FLEX;"2008      ";Condutor;Ileso;"54   ";Masculino;"1 ";"0    ";"0    ";"0    ";-15.6478920;-48.2017560;SPRF-DF;DEL03-DF;UOP02-DEL03-DF 
615650;"1376450   ";2024-07-20;sábado;07:18:00;DF;"80   ";"22   ";BRASILIA;Não;Condutor deixou de manter distância do veículo da frente;1;Colisão transversal;Com Vítimas Feridas;Pleno dia;Crescente;Céu Claro;Simples;"Reta;Interseção de Vias";Sim  ;"1102318   ";Automóvel;FORD/KA FLEX;"2008      ";Passageiro;Ileso;"49   ";Feminino;"1 ";"0    ";"0    ";"0    ";-15.6478920;-48.2017560;SPRF-DF;DEL03-DF;UOP02-DEL03-DF 
615650;"1376447   ";2024-07-20;sábado;07:18:00;DF;"80   ";"22   ";BRASILIA;Não;Acesso irregular;1;Colisão transversal;Com Vítimas Feridas;Pleno dia;Crescente;Céu Claro;Simples;"Reta;Interseção de Vias";Sim  ;"1102317   ";Automóvel;VW/GOL 1.0;"2009      ";Condutor;Ileso;"21   ";Masculino;"1 ";"0    ";"0    ";"0    ";-15.6478920;-48.2017560;SPRF-DF;DEL03-DF;UOP02-DEL03-DF 
615650;"1376448   ";2024-07-20;sábado;07:18:00;DF;"80   ";"22   ";BRASILIA;Não;Acesso irregular;1;Colisão transversal;Com Vítimas Feridas;Pleno dia;Crescente;Céu Claro;Simples;"Reta;Interseção de Vias";Sim  ;"1102317   ";Automóvel;VW/GOL 1.0;"2009      ";Passageiro;Lesões Leves;"22   ";Feminino;"0 ";"1    ";"0    ";"0    ";-15.6478920;-48.2017560;SPRF-DF;DEL03-DF;UOP02-DEL03-DF 
615650;"1376449   ";2024-07-20;sábado;07:18:00;DF;"80   ";"22   ";BRASILIA;Não;Acesso irregular;1;Colisão transversal;Com Vítimas Feridas;Pleno dia;Crescente;Céu Claro;Simples;"Reta;Interseção de Vias";Sim  ;"1102318   ";Automóvel;FORD/KA FLEX;"2008      ";Condutor;Ileso;"54   ";Masculino;"1 ";"0    ";"0    ";"0    ";-15.6478920;-48.2017560;SPRF-DF;DEL03-DF;UOP02-DEL03-DF 
615650;"1376450   ";2024-07-20;sábado;07:18:00;DF;"80   ";"22   ";BRASILIA;Não;Acesso irregular;1;Colisão transversal;Com Vítimas Feridas;Pleno dia;Crescente;Céu Claro;Simples;"Reta;Interseção de Vias";Sim  ;"1102318   ";Automóvel;FORD/KA FLEX;"2008      ";Passageiro;Ileso;"49   ";Feminino;"1 ";"0    ";"0    ";"0    ";-15.6478920;-48.2017560;SPRF-DF;DEL03-DF;UOP02-DEL03-DF 
615650;"1376447   ";2024-07-20;sábado;07:18:00;DF;"80   ";"22   ";BRASILIA;Sim;Velocidade Incompatível;1;Colisão transversal;Com Vítimas Feridas;Pleno dia;Crescente;Céu Claro;Simples;"Reta;Interseção de Vias";Sim  ;"1102317   ";Automóvel;VW/GOL 1.0;"2009      ";Condutor;Ileso;"21   ";Masculino;"1 ";"0    ";"0    ";"0    ";-15.6478920;-48.2017560;SPRF-DF;DEL03-DF;UOP02-DEL03-DF 
615650;"1376448   ";2024-07-20;sábado;07:18:00;DF;"80   ";"22   ";BRASILIA;Sim;Velocidade Incompatível;1;Colisão transversal;Com Vítimas Feridas;Pleno dia;Crescente;Céu Claro;Simples;"Reta;Interseção de Vias";Sim  ;"1102317   ";Automóvel;VW/GOL 1.0;"2009      ";Passageiro;Lesões Leves;"22   ";Feminino;"0 ";"1    ";"0    ";"0    ";-15.6478920;-48.2017560;SPRF-DF;DEL03-DF;UOP02-DEL03-DF 
616161;"0         ";2024-07-22;segunda-feira;11:00:00;GO;"414  ";"356  ";COCALZINHO DE GOIAS;Sim;Condutor Dormindo;1;Colisão frontal;Com Vítimas Feridas;Pleno dia;Crescente;Céu Claro;Simples;Reta;Não  ;"1103493   ";Semireboque;SR/PASTRE SRBA 2E;"2010      ";"0";"0";"0    ";"0";"0 ";"0    ";"0    ";"0    ";-15.6719039;-48.7015121;SPRF-GO;DEL02-GO;UOP01-DEL02-GO 
615650;"1376449   ";2024-07-20;sábado;07:18:00;DF;"80   ";"22   ";BRASILIA;Sim;Velocidade Incompatível;1;Colisão transversal;Com Vítimas Feridas;Pleno dia;Crescente;Céu Claro;Simples;"Reta;Interseção de Vias";Sim  ;"1102318   ";Automóvel;FORD/KA FLEX;"2008      ";Condutor;Ileso;"54   ";Masculino;"1 ";"0    ";"0    ";"0    ";-15.6478920;-48.2017560;SPRF-DF;DEL03-DF;UOP02-DEL03-DF 
615650;"1376450   ";2024-07-20;sábado;07:18:00;DF;"80   ";"22   ";BRASILIA;Sim;Velocidade Incompatível;1;Colisão transversal;Com Vítimas Feridas;Pleno dia;Crescente;Céu Claro;Simples;"Reta;Interseção de Vias";Sim  ;"1102318   ";Automóvel;FORD/KA FLEX;"2008      ";Passageiro;Ileso;"49   ";Feminino;"1 ";"0    ";"0    ";"0    ";-15.6478920;-48.2017560;SPRF-DF;DEL03-DF;UOP02-DEL03-DF 
615682;"1376554   ";2024-07-20;sábado;10:52:00;GO;"40   ";"13   ";LUZIANIA;Sim;Reação tardia ou ineficiente do condutor;2;Queda de ocupante de veículo;Com Vítimas Feridas;Pleno dia;Decrescente;Céu Claro;Dupla;"Ponte;Reta";Sim  ;"1102377   ";Motocicleta;HONDA/CG 160 TITAN;"2023      ";Condutor;Lesões Leves;"19   ";Masculino;"0 ";"1    ";"0    ";"0    ";-16.1518320;-47.9391620;SPRF-DF;DEL01-DF;UOP01-DEL01-DF 
615682;"1376554   ";2024-07-20;sábado;10:52:00;GO;"40   ";"13   ";LUZIANIA;Não;Demais falhas na via;2;Queda de ocupante de veículo;Com Vítimas Feridas;Pleno dia;Decrescente;Céu Claro;Dupla;"Ponte;Reta";Sim  ;"1102377   ";Motocicleta;HONDA/CG 160 TITAN;"2023      ";Condutor;Lesões Leves;"19   ";Masculino;"0 ";"1    ";"0    ";"0    ";-16.1518320;-47.9391620;SPRF-DF;DEL01-DF;UOP01-DEL01-DF 
615682;"1376554   ";2024-07-20;sábado;10:52:00;GO;"40   ";"13   ";LUZIANIA;Sim;Reação tardia ou ineficiente do condutor;1;Tombamento;Com Vítimas Feridas;Pleno dia;Decrescente;Céu Claro;Dupla;"Ponte;Reta";Sim  ;"1102377   ";Motocicleta;HONDA/CG 160 TITAN;"2023      ";Condutor;Lesões Leves;"19   ";Masculino;"0 ";"1    ";"0    ";"0    ";-16.1518320;-47.9391620;SPRF-DF;DEL01-DF;UOP01-DEL01-DF 
615682;"1376554   ";2024-07-20;sábado;10:52:00;GO;"40   ";"13   ";LUZIANIA;Não;Demais falhas na via;1;Tombamento;Com Vítimas Feridas;Pleno dia;Decrescente;Céu Claro;Dupla;"Ponte;Reta";Sim  ;"1102377   ";Motocicleta;HONDA/CG 160 TITAN;"2023      ";Condutor;Lesões Leves;"19   ";Masculino;"0 ";"1    ";"0    ";"0    ";-16.1518320;-47.9391620;SPRF-DF;DEL01-DF;UOP01-DEL01-DF 
615701;"1376595   ";2024-07-20;sábado;12:39:00;GO;"20   ";"30,9 ";FORMOSA;Sim;Condutor deixou de manter distância do veículo da frente;1;Colisão traseira;Com Vítimas Feridas;Pleno dia;Decrescente;Céu Claro;Dupla;Reta;Sim  ;"1102409   ";Automóvel;I/FIAT CRONOS DRIVE 1.0;"2023      ";Condutor;Ileso;"60   ";Masculino;"1 ";"0    ";"0    ";"0    ";-15.4981560;-47.1098140;SPRF-DF;DEL02-DF;UOP02-DEL02-DF 
615701;"1376791   ";2024-07-20;sábado;12:39:00;GO;"20   ";"30,9 ";FORMOSA;Sim;Condutor deixou de manter distância do veículo da frente;1;Colisão traseira;Com Vítimas Feridas;Pleno dia;Decrescente;Céu Claro;Dupla;Reta;Sim  ;"1102409   ";Automóvel;I/FIAT CRONOS DRIVE 1.0;"2023      ";Passageiro;Ileso;"58   ";Feminino;"1 ";"0    ";"0    ";"0    ";-15.4981560;-47.1098140;SPRF-DF;DEL02-DF;UOP02-DEL02-DF 
615701;"1376792   ";2024-07-20;sábado;12:39:00;GO;"20   ";"30,9 ";FORMOSA;Sim;Condutor deixou de manter distância do veículo da frente;1;Colisão traseira;Com Vítimas Feridas;Pleno dia;Decrescente;Céu Claro;Dupla;Reta;Sim  ;"1102409   ";Automóvel;I/FIAT CRONOS DRIVE 1.0;"2023      ";Passageiro;Ileso;"58   ";Feminino;"1 ";"0    ";"0    ";"0    ";-15.4981560;-47.1098140;SPRF-DF;DEL02-DF;UOP02-DEL02-DF 
615701;"1376597   ";2024-07-20;sábado;12:39:00;GO;"20   ";"30,9 ";FORMOSA;Sim;Condutor deixou de manter distância do veículo da frente;1;Colisão traseira;Com Vítimas Feridas;Pleno dia;Decrescente;Céu Claro;Dupla;Reta;Sim  ;"1102411   ";Automóvel;VW/NOVO GOL TL MCV;"2016      ";Condutor;Ileso;"34   ";Masculino;"1 ";"0    ";"0    ";"0    ";-15.4981560;-47.1098140;SPRF-DF;DEL02-DF;UOP02-DEL02-DF 
615701;"1376793   ";2024-07-20;sábado;12:39:00;GO;"20   ";"30,9 ";FORMOSA;Sim;Condutor deixou de manter distância do veículo da frente;1;Colisão traseira;Com Vítimas Feridas;Pleno dia;Decrescente;Céu Claro;Dupla;Reta;Sim  ;"1102411   ";Automóvel;VW/NOVO GOL TL MCV;"2016      ";Passageiro;Ileso;"31   ";Feminino;"1 ";"0    ";"0    ";"0    ";-15.4981560;-47.1098140;SPRF-DF;DEL02-DF;UOP02-DEL02-DF 
615701;"1376795   ";2024-07-20;sábado;12:39:00;GO;"20   ";"30,9 ";FORMOSA;Sim;Condutor deixou de manter distância do veículo da frente;1;Colisão traseira;Com Vítimas Feridas;Pleno dia;Decrescente;Céu Claro;Dupla;Reta;Sim  ;"1102411   ";Automóvel;VW/NOVO GOL TL MCV;"2016      ";Passageiro;Ileso;"2    ";Feminino;"1 ";"0    ";"0    ";"0    ";-15.4981560;-47.1098140;SPRF-DF;DEL02-DF;UOP02-DEL02-DF 
615701;"1376801   ";2024-07-20;sábado;12:39:00;GO;"20   ";"30,9 ";FORMOSA;Sim;Condutor deixou de manter distância do veículo da frente;1;Colisão traseira;Com Vítimas Feridas;Pleno dia;Decrescente;Céu Claro;Dupla;Reta;Sim  ;"1102411   ";Automóvel;VW/NOVO GOL TL MCV;"2016      ";Passageiro;Lesões Leves;"7    ";Feminino;"0 ";"1    ";"0    ";"0    ";-15.4981560;-47.1098140;SPRF-DF;DEL02-DF;UOP02-DEL02-DF 
615721;"1376740   ";2024-07-20;sábado;14:30:00;GO;"60   ";"16,8 ";ALEXANIA;Sim;Reação tardia ou ineficiente do condutor;2;Capotamento;Com Vítimas Feridas;Pleno dia;Crescente;Céu Claro;Dupla;"Curva;Aclive";Não  ;"1102520   ";Automóvel;PEUGEOT/208 GRIFFE;"2013      ";Condutor;Lesões Leves;"41   ";Masculino;"0 ";"1    ";"0    ";"0    ";-16.1177280;-48.3736710;SPRF-DF;DEL03-DF;UOP01-DEL03-DF 
615721;"1376740   ";2024-07-20;sábado;14:30:00;GO;"60   ";"16,8 ";ALEXANIA;Sim;Reação tardia ou ineficiente do condutor;1;Saída de leito carroçável;Com Vítimas Feridas;Pleno dia;Crescente;Céu Claro;Dupla;"Curva;Aclive";Não  ;"1102520   ";Automóvel;PEUGEOT/208 GRIFFE;"2013      ";Condutor;Lesões Leves;"41   ";Masculino;"0 ";"1    ";"0    ";"0    ";-16.1177280;-48.3736710;SPRF-DF;DEL03-DF;UOP01-DEL03-DF 
615807;"1376968   ";2024-07-20;sábado;22:23:00;GO;"40   ";"15   ";LUZIANIA;Sim;Retorno proibido;1;Colisão transversal;Com Vítimas Feridas;Plena Noite;Crescente;Céu Claro;Dupla;Reta;Sim  ;"1102693   ";Automóvel;GM/KADETT SL EFI;"1992      ";Condutor;Ileso;"38   ";Masculino;"1 ";"0    ";"0    ";"0    ";-16.1671000;-47.9301610;SPRF-DF;DEL01-DF;UOP01-DEL01-DF 
615807;"1376963   ";2024-07-20;sábado;22:23:00;GO;"40   ";"15   ";LUZIANIA;Sim;Retorno proibido;1;Colisão transversal;Com Vítimas Feridas;Plena Noite;Crescente;Céu Claro;Dupla;Reta;Sim  ;"1102692   ";Automóvel;I/FIAT SIENA ELX FLEX;"2009      ";Condutor;Lesões Leves;"53   ";Feminino;"0 ";"1    ";"0    ";"0    ";-16.1671000;-47.9301610;SPRF-DF;DEL01-DF;UOP01-DEL01-DF 
615811;"1376842   ";2024-07-20;sábado;21:50:00;DF;"20   ";"38   ";BRASILIA;Sim;Demais falhas mecânicas ou elétricas;1;Queda de ocupante de veículo;Com Vítimas Feridas;Plena Noite;Crescente;Nublado;Dupla;Declive;Não  ;"1102603   ";Motocicleta;HONDA/CG 160 FAN;"2022      ";Condutor;Lesões Leves;"21   ";Masculino;"0 ";"1    ";"0    ";"0    ";-15.5816340;-47.5313070;SPRF-DF;DEL02-DF;UOP01-DEL02-DF 
615833;"1376883   ";2024-07-20;sábado;21:45:00;GO;"40   ";"20   ";LUZIANIA;Não;Reação tardia ou ineficiente do condutor;1;Colisão traseira;Com Vítimas Feridas;Plena Noite;Decrescente;Céu Claro;Dupla;Reta;Sim  ;"1102622   ";Automóvel;FIAT/UNO MILLE ELECTRONI;"1993      ";Condutor;Ileso;"28   ";Masculino;"1 ";"0    ";"0    ";"0    ";-16.2184900;-47.9154780;SPRF-DF;DEL01-DF;UOP01-DEL01-DF 