id;pesid;data_inversa;dia_semana;horario;uf;br;km;municipio;causa_principal;causa_acidente;ordem_tipo_acidente;tipo_acidente;classificacao_acidente;fase_dia;sentido_via;condicao_metereologica;tipo_pista;tracado_via;uso_solo;id_veiculo;tipo_veiculo;marca;ano_fabricacao_veiculo;tipo_envolvido;estado_fisico;idade;sexo;ilesos;feridos_leves;feridos_graves;mortos;latitude;longitude;regional;delegacia;uop
616161;"0         ";2024-07-22;segunda-feira;11:00:00;GO;"414  ";"356  ";COCALZINHO DE GOIAS;Sim;Condutor Dormindo;2;Saída de leito carroçável;Com Vítimas Feridas;Pleno dia;Crescente;Céu Claro;Simples;Reta;Não  ;"1103493   ";Semireboque;SR/PASTRE SRBA 2E;"2010      ";"0";"0";"0    ";"0";"0 ";"0    ";"0    ";"0    ";-15.6719039;-48.7015121;SPRF-GO;DEL02-GO;UOP01-DEL02-GO 
616161;"1378114   ";2024-07-22;segunda-feira;11:00:00;GO;"414  ";"356  ";COCALZINHO DE GOIAS;Sim;Condutor Dormindo;2;Saída de leito carroçável;Com Vítimas Feridas;Pleno dia;Crescente;Céu Claro;Simples;Reta;Não  ;"1103491   ";Caminhão-trator;SCANIA/G 400 A6X2;"2013      ";Condutor;Lesões Leves;"68   ";Masculino;"0 ";"1    ";"0    ";"0    ";-15.6719039;-48.7015121;SPRF-GO;DEL02-GO;UOP01-DEL02-GO 
616161;"1378116   ";2024-07-22;segunda-feira;11:00:00;GO;"414  ";"356  ";COCALZINHO DE GOIAS;Sim;Condutor Dormindo;2;Saída de leito carroçável;Com Vítimas Feridas;Pleno dia;Crescente;Céu Claro;Simples;Reta;Não  ;"1103490   ";Automóvel;VW/GOL 1.0;"2009      ";Passageiro;Ileso;"22   ";Masculino;"1 ";"0    ";"0    ";"0    ";-15.6719039;-48.7015121;SPRF-GO;DEL02-GO;UOP01-DEL02-GO 
616161;"1378117   ";2024-07-22;segunda-feira;11:00:00;GO;"414  ";"356  ";COCALZINHO DE GOIAS;Sim;Condutor Dormindo;2;Saída de leito carroçável;Com Vítimas Feridas;Pleno dia;Crescente;Céu Claro;Simples;Reta;Não  ;"1103490   ";Automóvel;VW/GOL 1.0;"2009      ";Passageiro;Ileso;"23   ";Masculino;"1 ";"0    ";"0    ";"0    ";-15.6719039;-48.7015121;SPRF-GO;DEL02-GO;UOP01-DEL02-GO 
616161;"1378113   ";2024-07-22;segunda-feira;11:00:00;GO;"414  ";"356  ";COCALZINHO DE GOIAS;Sim;Condutor Dormindo;2;Saída de leito carroçável;Com Vítimas Feridas;Pleno dia;Crescente;Céu Claro;Simples;Reta;Não  ;"1103490   ";Automóvel;VW/GOL 1.0;"2009      ";Condutor;Lesões Leves;"39   ";Masculino;"0 ";"1    ";"0    ";"0    ";-15.6719039;-48.7015121;SPRF-GO;DEL02-GO;UOP01-DEL02-GO 
616161;"0         ";2024-07-22;segunda-feira;11:00:00;GO;"414  ";"356  ";COCALZINHO DE GOIAS;Sim;Condutor Dormindo;2;Saída de leito carroçável;Com Vítimas Feridas;Pleno dia;Crescente;Céu Claro;Simples;Reta;Não  ;"1103518   ";Semireboque;SR/PASTRE SRBA 2EDT;"2010      ";"0";"0";"0    ";"0";"0 ";"0    ";"0    ";"0    ";-15.6719039;-48.7015121;SPRF-GO;DEL02-GO;UOP01-DEL02-GO 
616161;"1378114   ";2024-07-22;segunda-feira;11:00:00;GO;"414  ";"356  ";COCALZINHO DE GOIAS;Sim;Condutor Dormindo;1;Colisão frontal;Com Vítimas Feridas;Pleno dia;Crescente;Céu Claro;Simples;Reta;Não  ;"1103491   ";Caminhão-trator;SCANIA/G 400 A6X2;"2013      ";Condutor;Lesões Leves;"68   ";Masculino;"0 ";"1    ";"0    ";"0    ";-15.6719039;-48.7015121;SPRF-GO;DEL02-GO;UOP01-DEL02-GO 
616161;"1378116   ";2024-07-22;segunda-feira;11:00:00;GO;"414  ";"356  ";COCALZINHO DE GOIAS;Sim;Condutor Dormindo;1;Colisão frontal;Com Vítimas Feridas;Pleno dia;Crescente;Céu Claro;Simples;Reta;Não  ;"1103490   ";Automóvel;VW/GOL 1.0;"2009      ";Passageiro;Ileso;"22   ";Masculino;"1 ";"0    ";"0    ";"0    ";-15.6719039;-48.7015121;SPRF-GO;DEL02-GO;UOP01-DEL02-GO 
616161;"1378117   ";2024-07-22;segunda-feira;11:00:00;GO;"414  ";"356  ";COCALZINHO DE GOIAS;Sim;Condutor Dormindo;1;Colisão frontal;Com Vítimas Feridas;Pleno dia;Crescente;Céu Claro;Simples;Reta;Não  ;"1103490   ";Automóvel;VW/GOL 1.0;"2009      ";Passageiro;Ileso;"23   ";Masculino;"1 ";"0    ";"0    ";"0    ";-15.6719039;-48.7015121;SPRF-GO;DEL02-GO;UOP01-DEL02-GO 
616161;"1378113   ";2024-07-22;segunda-feira;11:00:00;GO;"414  ";"356  ";COCALZINHO DE GOIAS;Sim;Condutor Dormindo;1;Colisão frontal;Com Vítimas Feridas;Pleno dia;Crescente;Céu Claro;Simples;Reta;Não  ;"1103490   ";Automóvel;VW/GOL 1.0;"2009      ";Condutor;Lesões Leves;"39   ";Masculino;"0 ";"1    ";"0    ";"0    ";-15.6719039;-48.7015121;SPRF-GO;DEL02-GO;UOP01-DEL02-GO 
616161;"0         ";2024-07-22;segunda-feira;11:00:00;GO;"414  ";"356  ";COCALZINHO DE GOIAS;Sim;Condutor Dormindo;1;Colisão frontal;Com Vítimas Feridas;Pleno dia;Crescente;Céu Claro;Simples;Reta;Não  ;"1103518   ";Semireboque;SR/PASTRE SRBA 2EDT;"2010      ";"0";"0";"0    ";"0";"0 ";"0    ";"0    ";"0    ";-15.6719039;-48.7015121;SPRF-GO;DEL02-GO;UOP01-DEL02-GO 
616180;"1377821   ";2024-07-22;segunda-feira;13:20:00;DF;"20   ";"30,8 ";BRASILIA;Sim;Reação tardia ou ineficiente do condutor;2;Capotamento;Com Vítimas Feridas;Pleno dia;Decrescente;Céu Claro;Dupla;Reta;Não  ;"1103293   ";Automóvel;TOYOTA/ETIOS SD PLT15 AT;"2016      ";Condutor;Lesões Graves;"70   ";Masculino;"0 ";"0    ";"1    ";"0    ";-15.5925310;-47.5949360;SPRF-DF;DEL02-DF;UOP01-DEL02-DF 
616180;"1377821   ";2024-07-22;segunda-feira;13:20:00;DF;"20   ";"30,8 ";BRASILIA;Sim;Reação tardia ou ineficiente do condutor;1;Saída de leito carroçável;Com Vítimas Feridas;Pleno dia;Decrescente;Céu Claro;Dupla;Reta;Não  ;"1103293   ";Automóvel;TOYOTA/ETIOS SD PLT15 AT;"2016      ";Condutor;Lesões Graves;"70   ";Masculino;"0 ";"0    ";"1    ";"0    ";-15.5925310;-47.5949360;SPRF-DF;DEL02-DF;UOP01-DEL02-DF 
616213;"1378032   ";2024-07-22;segunda-feira;17:18:00;DF;"70   ";"6    ";BRASILIA;Não;Ausência de reação do condutor;1;Colisão traseira;Sem Vítimas;Anoitecer;Crescente;Céu Claro;Dupla;Reta;Sim  ;"1103441   ";Automóvel;GM/CLASSIC LIFE;"2009      ";Passageiro;Ileso;"25   ";Masculino;"1 ";"0    ";"0    ";"0    ";-15.7912420;-48.1057590;SPRF-DF;DEL03-DF;UOP02-DEL03-DF 
616213;"1378028   ";2024-07-22;segunda-feira;17:18:00;DF;"70   ";"6    ";BRASILIA;Não;Ausência de reação do condutor;1;Colisão traseira;Sem Vítimas;Anoitecer;Crescente;Céu Claro;Dupla;Reta;Sim  ;"1103441   ";Automóvel;GM/CLASSIC LIFE;"2009      ";Condutor;Ileso;"35   ";Masculino;"1 ";"0    ";"0    ";"0    ";-15.7912420;-48.1057590;SPRF-DF;DEL03-DF;UOP02-DEL03-DF 
616213;"1378027   ";2024-07-22;segunda-feira;17:18:00;DF;"70   ";"6    ";BRASILIA;Não;Ausência de reação do condutor;1;Colisão traseira;Sem Vítimas;Anoitecer;Crescente;Céu Claro;Dupla;Reta;Sim  ;"1103440   ";Motocicleta;YAMAHA/YBR 125E;"2006      ";Condutor;Ileso;"33   ";Masculino;"1 ";"0    ";"0    ";"0    ";-15.7912420;-48.1057590;SPRF-DF;DEL03-DF;UOP02-DEL03-DF 
616213;"1378032   ";2024-07-22;segunda-feira;17:18:00;DF;"70   ";"6    ";BRASILIA;Sim;Condutor deixou de manter distância do veículo da frente;1;Colisão traseira;Sem Vítimas;Anoitecer;Crescente;Céu Claro;Dupla;Reta;Sim  ;"1103441   ";Automóvel;GM/CLASSIC LIFE;"2009      ";Passageiro;Ileso;"25   ";Masculino;"1 ";"0    ";"0    ";"0    ";-15.7912420;-48.1057590;SPRF-DF;DEL03-DF;UOP02-DEL03-DF 
616213;"1378028   ";2024-07-22;segunda-feira;17:18:00;DF;"70   ";"6    ";BRASILIA;Sim;Condutor deixou de manter distância do veículo da frente;1;Colisão traseira;Sem Vítimas;Anoitecer;Crescente;Céu Claro;Dupla;Reta;Sim  ;"1103441   ";Automóvel;GM/CLASSIC LIFE;"2009      ";Condutor;Ileso;"35   ";Masculino;"1 ";"0    ";"0    ";"0    ";-15.7912420;-48.1057590;SPRF-DF;DEL03-DF;UOP02-DEL03-DF 
616213;"1378027   ";2024-07-22;segunda-feira;17:18:00;DF;"70   ";"6    ";BRASILIA;Sim;Condutor deixou de manter distância do veículo da frente;1;Colisão traseira;Sem Vítimas;Anoitecer;Crescente;Céu Claro;Dupla;Reta;Sim  ;"1103440   ";Motocicleta;YAMAHA/YBR 125E;"2006      ";Condutor;Ileso;"33   ";Masculino;"1 ";"0    ";"0    ";"0    ";-15.7912420;-48.1057590;SPRF-DF;DEL03-DF;UOP02-DEL03-DF 
616218;"1378065   ";2024-07-22;segunda-feira;16:25:00;GO;"20   ";"151  ";ALVORADA DO NORTE;Sim;Ultrapassagem Indevida;1;Colisão lateral sentido oposto;Com Vítimas Feridas;Pleno dia;Decrescente;Céu Claro;Simples;Reta;Não  ;"1103462   ";Automóvel;VW/GOL 1.0 GIV;"2011      ";Condutor;Lesões Leves;"55   ";Masculino;"0 ";"1    ";"0    ";"0    ";-14.6708300;-46.6456570;SPRF-DF;DEL02-DF;UOP03-DEL02-DF 
616218;"1378067   ";2024-07-22;segunda-feira;16:25:00;GO;"20   ";"151  ";ALVORADA DO NORTE;Sim;Ultrapassagem Indevida;1;Colisão lateral sentido oposto;Com Vítimas Feridas;Pleno dia;Decrescente;Céu Claro;Simples;Reta;Não  ;"1103462   ";Automóvel;VW/GOL 1.0 GIV;"2011      ";Passageiro;Lesões Leves;"58   ";Feminino;"0 ";"1    ";"0    ";"0    ";-14.6708300;-46.6456570;SPRF-DF;DEL02-DF;UOP03-DEL02-DF 
616218;"1378061   ";2024-07-22;segunda-feira;16:25:00;GO;"20   ";"151  ";ALVORADA DO NORTE;Sim;Ultrapassagem Indevida;1;Colisão lateral sentido oposto;Com Vítimas Feridas;Pleno dia;Decrescente;Céu Claro;Simples;Reta;Não  ;"1103461   ";Automóvel;PEUGEOT/207HB XR;"2011      ";Condutor;Lesões Leves;"35   ";Masculino;"0 ";"1    ";"0    ";"0    ";-14.6708300;-46.6456570;SPRF-DF;DEL02-DF;UOP03-DEL02-DF 
616239;"1378066   ";2024-07-22;segunda-feira;18:39:00;DF;"70   ";"9    ";BRASILIA;Não;Trafegar com motocicleta (ou similar) entre as faixas;2;Queda de ocupante de veículo;Com Vítimas Feridas;Plena Noite;Crescente;Céu Claro;Dupla;Reta;Sim  ;"1103464   ";Motocicleta;YAMAHA/XTZ250 LANDER;"2023      ";Condutor;Ileso;"36   ";Masculino;"1 ";"0    ";"0    ";"0    ";-15.7846150;-48.1320230;SPRF-DF;DEL03-DF;UOP02-DEL03-DF 
616239;"1378062   ";2024-07-22;segunda-feira;18:39:00;DF;"70   ";"9    ";BRASILIA;Não;Trafegar com motocicleta (ou similar) entre as faixas;2;Queda de ocupante de veículo;Com Vítimas Feridas;Plena Noite;Crescente;Céu Claro;Dupla;Reta;Sim  ;"1103464   ";Motocicleta;YAMAHA/XTZ250 LANDER;"2023      ";Passageiro;Lesões Leves;"34   ";Feminino;"0 ";"1    ";"0    ";"0    ";-15.7846150;-48.1320230;SPRF-DF;DEL03-DF;UOP02-DEL03-DF 
616239;"1378064   ";2024-07-22;segunda-feira;18:39:00;DF;"70   ";"9    ";BRASILIA;Não;Trafegar com motocicleta (ou similar) entre as faixas;2;Queda de ocupante de veículo;Com Vítimas Feridas;Plena Noite;Crescente;Céu Claro;Dupla;Reta;Sim  ;"1103463   ";Automóvel;RENAULT/SANDERO EXP 16HP;"2014      ";Condutor;Ileso;"22   ";Feminino;"1 ";"0    ";"0    ";"0    ";-15.7846150;-48.1320230;SPRF-DF;DEL03-DF;UOP02-DEL03-DF 
616239;"1378066   ";2024-07-22;segunda-feira;18:39:00;DF;"70   ";"9    ";BRASILIA;Não;Ausência de reação do condutor;2;Queda de ocupante de veículo;Com Vítimas Feridas;Plena Noite;Crescente;Céu Claro;Dupla;Reta;Sim  ;"1103464   ";Motocicleta;YAMAHA/XTZ250 LANDER;"2023      ";Condutor;Ileso;"36   ";Masculino;"1 ";"0    ";"0    ";"0    ";-15.7846150;-48.1320230;SPRF-DF;DEL03-DF;UOP02-DEL03-DF 
616239;"1378062   ";2024-07-22;segunda-feira;18:39:00;DF;"70   ";"9    ";BRASILIA;Não;Ausência de reação do condutor;2;Queda de ocupante de veículo;Com Vítimas Feridas;Plena Noite;Crescente;Céu Claro;Dupla;Reta;Sim  ;"1103464   ";Motocicleta;YAMAHA/XTZ250 LANDER;"2023      ";Passageiro;Lesões Leves;"34   ";Feminino;"0 ";"1    ";"0    ";"0    ";-15.7846150;-48.1320230;SPRF-DF;DEL03-DF;UOP02-DEL03-DF 
616239;"1378064   ";2024-07-22;segunda-feira;18:39:00;DF;"70   ";"9    ";BRASILIA;Não;Ausência de reação do condutor;2;Queda de ocupante de veículo;Com Vítimas Feridas;Plena Noite;Crescente;Céu Claro;Dupla;Reta;Sim  ;"1103463   ";Automóvel;RENAULT/SANDERO EXP 16HP;"2014      ";Condutor;Ileso;"22   ";Feminino;"1 ";"0    ";"0    ";"0    ";-15.7846150;-48.1320230;SPRF-DF;DEL03-DF;UOP02-DEL03-DF 
616239;"1378066   ";2024-07-22;segunda-feira;18:39:00;DF;"70   ";"9    ";BRASILIA;Sim;Manobra de mudança de faixa;2;Queda de ocupante de veículo;Com Vítimas Feridas;Plena Noite;Crescente;Céu Claro;Dupla;Reta;Sim  ;"1103464   ";Motocicleta;YAMAHA/XTZ250 LANDER;"2023      ";Condutor;Ileso;"36   ";Masculino;"1 ";"0    ";"0    ";"0    ";-15.7846150;-48.1320230;SPRF-DF;DEL03-DF;UOP02-DEL03-DF 
616239;"1378062   ";2024-07-22;segunda-feira;18:39:00;DF;"70   ";"9    ";BRASILIA;Sim;Manobra de mudança de faixa;2;Queda de ocupante de veículo;Com Vítimas Feridas;Plena Noite;Crescente;Céu Claro;Dupla;Reta;Sim  ;"1103464   ";Motocicleta;YAMAHA/XTZ250 LANDER;"2023      ";Passageiro;Lesões Leves;"34   ";Feminino;"0 ";"1    ";"0    ";"0    ";-15.7846150;-48.1320230;SPRF-DF;DEL03-DF;UOP02-DEL03-DF 
616239;"1378064   ";2024-07-22;segunda-feira;18:39:00;DF;"70   ";"9    ";BRASILIA;Sim;Manobra de mudança de faixa;2;Queda de ocupante de veículo;Com Vítimas Feridas;Plena Noite;Crescente;Céu Claro;Dupla;Reta;Sim  ;"1103463   ";Automóvel;RENAULT/SANDERO EXP 16HP;"2014      ";Condutor;Ileso;"22   ";Feminino;"1 ";"0    ";"0    ";"0    ";-15.7846150;-48.1320230;SPRF-DF;DEL03-DF;UOP02-DEL03-DF 
616239;"1378066   ";2024-07-22;segunda-feira;18:39:00;DF;"70   ";"9    ";BRASILIA;Não;Trafegar com motocicleta (ou similar) entre as faixas;1;Colisão transversal;Com Vítimas Feridas;Plena Noite;Crescente;Céu Claro;Dupla;Reta;Sim  ;"1103464   ";Motocicleta;YAMAHA/XTZ250 LANDER;"2023      ";Condutor;Ileso;"36   ";Masculino;"1 ";"0    ";"0    ";"0    ";-15.7846150;-48.1320230;SPRF-DF;DEL03-DF;UOP02-DEL03-DF 
616239;"1378062   ";2024-07-22;segunda-feira;18:39:00;DF;"70   ";"9    ";BRASILIA;Não;Trafegar com motocicleta (ou similar) entre as faixas;1;Colisão transversal;Com Vítimas Feridas;Plena Noite;Crescente;Céu Claro;Dupla;Reta;Sim  ;"1103464   ";Motocicleta;YAMAHA/XTZ250 LANDER;"2023      ";Passageiro;Lesões Leves;"34   ";Feminino;"0 ";"1    ";"0    ";"0    ";-15.7846150;-48.1320230;SPRF-DF;DEL03-DF;UOP02-DEL03-DF 
616239;"1378064   ";2024-07-22;segunda-feira;18:39:00;DF;"70   ";"9    ";BRASILIA;Não;Trafegar com motocicleta (ou similar) entre as faixas;1;Colisão transversal;Com Vítimas Feridas;Plena Noite;Crescente;Céu Claro;Dupla;Reta;Sim  ;"1103463   ";Automóvel;RENAULT/SANDERO EXP 16HP;"2014      ";Condutor;Ileso;"22   ";Feminino;"1 ";"0    ";"0    ";"0    ";-15.7846150;-48.1320230;SPRF-DF;DEL03-DF;UOP02-DEL03-DF 
616239;"1378066   ";2024-07-22;segunda-feira;18:39:00;DF;"70   ";"9    ";BRASILIA;Não;Ausência de reação do condutor;1;Colisão transversal;Com Vítimas Feridas;Plena Noite;Crescente;Céu Claro;Dupla;Reta;Sim  ;"1103464   ";Motocicleta;YAMAHA/XTZ250 LANDER;"2023      ";Condutor;Ileso;"36   ";Masculino;"1 ";"0    ";"0    ";"0    ";-15.7846150;-48.1320230;SPRF-DF;DEL03-DF;UOP02-DEL03-DF 
616239;"1378062   ";2024-07-22;segunda-feira;18:39:00;DF;"70   ";"9    ";BRASILIA;Não;Ausência de reação do condutor;1;Colisão transversal;Com Vítimas Feridas;Plena Noite;Crescente;Céu Claro;Dupla;Reta;Sim  ;"1103464   ";Motocicleta;YAMAHA/XTZ250 LANDER;"2023      ";Passageiro;Lesões Leves;"34   ";Feminino;"0 ";"1    ";"0    ";"0    ";-15.7846150;-48.1320230;SPRF-DF;DEL03-DF;UOP02-DEL03-DF 
616239;"1378064   ";2024-07-22;segunda-feira;18:39:00;DF;"70   ";"9    ";BRASILIA;Não;Ausência de reação do condutor;1;Colisão transversal;Com Vítimas Feridas;Plena Noite;Crescente;Céu Claro;Dupla;Reta;Sim  ;"1103463   ";Automóvel;RENAULT/SANDERO EXP 16HP;"2014      ";Condutor;Ileso;"22   ";Feminino;"1 ";"0    ";"0    ";"0    ";-15.7846150;-48.1320230;SPRF-DF;DEL03-DF;UOP02-DEL03-DF 
616239;"1378066   ";2024-07-22;segunda-feira;18:39:00;DF;"70   ";"9    ";BRASILIA;Sim;Manobra de mudança de faixa;1;Colisão transversal;Com Vítimas Feridas;Plena Noite;Crescente;Céu Claro;Dupla;Reta;Sim  ;"1103464   ";Motocicleta;YAMAHA/XTZ250 LANDER;"2023      ";Condutor;Ileso;"36   ";Masculino;"1 ";"0    ";"0    ";"0    ";-15.7846150;-48.1320230;SPRF-DF;DEL03-DF;UOP02-DEL03-DF 
616239;"1378062   ";2024-07-22;segunda-feira;18:39:00;DF;"70   ";"9    ";BRASILIA;Sim;Manobra de mudança de faixa;1;Colisão transversal;Com Vítimas Feridas;Plena Noite;Crescente;Céu Claro;Dupla;Reta;Sim  ;"1103464   ";Motocicleta;YAMAHA/XTZ250 LANDER;"2023      ";Passageiro;Lesões Leves;"34   ";Feminino;"0 ";"1    ";"0    ";"0    ";-15.7846150;-48.1320230;SPRF-DF;DEL03-DF;UOP02-DEL03-DF 
616239;"1378064   ";2024-07-22;segunda-feira;18:39:00;DF;"70   ";"9    ";BRASILIA;Sim;Manobra de mudança de faixa;1;Colisão transversal;Com Vítimas Feridas;Plena Noite;Crescente;Céu Claro;Dupla;Reta;Sim  ;"1103463   ";Automóvel;RENAULT/SANDERO EXP 16HP;"2014      ";Condutor;Ileso;"22   ";Feminino;"1 ";"0    ";"0    ";"0    ";-15.7846150;-48.1320230;SPRF-DF;DEL03-DF;UOP02-DEL03-DF 
616245;"1378204   ";2024-07-22;segunda-feira;17:30:00;DF;"251  ";"49   ";BRASILIA;Sim;Condutor deixou de manter distância do veículo da frente;1;Capotamento;Com Vítimas Feridas;Pleno dia;Crescente;Céu Claro;Simples;Reta;Sim  ;"1103553   ";Automóvel;RENAULT/SANDERO AUTH 10;"2017      ";Passageiro;Lesões Graves;"25   ";Masculino;"0 ";"0    ";"1    ";"0    ";-15.9481130;-47.8452350;SPRF-DF;DEL01-DF;UOP01-DEL01-DF 
616245;"1378203   ";2024-07-22;segunda-feira;17:30:00;DF;"251  ";"49   ";BRASILIA;Sim;Condutor deixou de manter distância do veículo da frente;1;Capotamento;Com Vítimas Feridas;Pleno dia;Crescente;Céu Claro;Simples;Reta;Sim  ;"1103553   ";Automóvel;RENAULT/SANDERO AUTH 10;"2017      ";Condutor;Lesões Graves;"28   ";Masculino;"0 ";"0    ";"1    ";"0    ";-15.9481130;-47.8452350;SPRF-DF;DEL01-DF;UOP01-DEL01-DF 
616245;"1378200   ";2024-07-22;segunda-feira;17:30:00;DF;"251  ";"49   ";BRASILIA;Sim;Condutor deixou de manter distância do veículo da frente;1;Capotamento;Com Vítimas Feridas;Pleno dia;Crescente;Céu Claro;Simples;Reta;Sim  ;"1103552   ";Caminhonete;I/CHANGAN CHANA SC13D;"2010      ";Passageiro;Ileso;"25   ";Masculino;"1 ";"0    ";"0    ";"0    ";-15.9481130;-47.8452350;SPRF-DF;DEL01-DF;UOP01-DEL01-DF 
616245;"1378198   ";2024-07-22;segunda-feira;17:30:00;DF;"251  ";"49   ";BRASILIA;Sim;Condutor deixou de manter distância do veículo da frente;1;Capotamento;Com Vítimas Feridas;Pleno dia;Crescente;Céu Claro;Simples;Reta;Sim  ;"1103552   ";Caminhonete;I/CHANGAN CHANA SC13D;"2010      ";Condutor;Ileso;"28   ";Masculino;"1 ";"0    ";"0    ";"0    ";-15.9481130;-47.8452350;SPRF-DF;DEL01-DF;UOP01-DEL01-DF 
616245;"1378199   ";2024-07-22;segunda-feira;17:30:00;DF;"251  ";"49   ";BRASILIA;Sim;Condutor deixou de manter distância do veículo da frente;1;Capotamento;Com Vítimas Feridas;Pleno dia;Crescente;Céu Claro;Simples;Reta;Sim  ;"1103552   ";Caminhonete;I/CHANGAN CHANA SC13D;"2010      ";Passageiro;Ileso;"24   ";Masculino;"1 ";"0    ";"0    ";"0    ";-15.9481130;-47.8452350;SPRF-DF;DEL01-DF;UOP01-DEL01-DF 
616280;"1378144   ";2024-07-22;segunda-feira;14:00:00;GO;"414  ";"317,5";VILA PROPICIO;Sim;Demais falhas mecânicas ou elétricas;1;Incêndio;Sem Vítimas;Pleno dia;Decrescente;Céu Claro;Simples;Reta;Não  ;"1103515   ";Caminhonete;I/TOYOTA HILUX 4X4 CD;"1994      ";Condutor;Ileso;"61   ";Masculino;"1 ";"0    ";"0    ";"0    ";-15.3552970;-48.6465680;SPRF-GO;DEL02-GO;UOP01-DEL02-GO 
616299;"1378529   ";2024-07-23;terça-feira;07:06:00;DF;"70   ";"13   ";BRASILIA;Sim;Trafegar com motocicleta (ou similar) entre as faixas;1;Tombamento;Com Vítimas Feridas;Pleno dia;Decrescente;Céu Claro;Dupla;Reta;Não  ;"1103811   ";Motocicleta;HONDA/CG 160 FAN;"2024      ";Condutor;Lesões Leves;"21   ";Masculino;"0 ";"1    ";"0    ";"0    ";-15.7945580;-48.1665840;SPRF-DF;DEL03-DF;UOP02-DEL03-DF 
616299;"1378529   ";2024-07-23;terça-feira;07:06:00;DF;"70   ";"13   ";BRASILIA;Sim;Trafegar com motocicleta (ou similar) entre as faixas;2;Queda de ocupante de veículo;Com Vítimas Feridas;Pleno dia;Decrescente;Céu Claro;Dupla;Reta;Não  ;"1103811   ";Motocicleta;HONDA/CG 160 FAN;"2024      ";Condutor;Lesões Leves;"21   ";Masculino;"0 ";"1    ";"0    ";"0    ";-15.7945580;-48.1665840;SPRF-DF;DEL03-DF;UOP02-DEL03-DF 
616322;"1378969   ";2024-07-23;terça-feira;08:30:00;GO;"70   ";"1    ";AGUAS LINDAS DE GOIAS;Sim;Condutor deixou de manter distância do veículo da frente;1;Engavetamento;Com Vítimas Feridas;Pleno dia;Crescente;Céu Claro;Dupla;"Curva;Declive";Sim  ;"1104175   ";Automóvel;TOYOTA/COROLLA XLI16VVT;"2007      ";Condutor;Lesões Leves;"75   ";Masculino;"0 ";"1    ";"0    ";"0    ";-15.7757935;-48.2325900;SPRF-DF;DEL03-DF;UOP02-DEL03-DF 
616322;"1378968   ";2024-07-23;terça-feira;08:30:00;GO;"70   ";"1    ";AGUAS LINDAS DE GOIAS;Sim;Condutor deixou de manter distância do veículo da frente;1;Engavetamento;Com Vítimas Feridas;Pleno dia;Crescente;Céu Claro;Dupla;"Curva;Declive";Sim  ;"1104174   ";Automóvel;VW/NOVO GOL TL MCV;"2017      ";Condutor;Ileso;"24   ";Masculino;"1 ";"0    ";"0    ";"0    ";-15.7757935;-48.2325900;SPRF-DF;DEL03-DF;UOP02-DEL03-DF 
616322;"1378967   ";2024-07-23;terça-feira;08:30:00;GO;"70   ";"1    ";AGUAS LINDAS DE GOIAS;Sim;Condutor deixou de manter distância do veículo da frente;1;Engavetamento;Com Vítimas Feridas;Pleno dia;Crescente;Céu Claro;Dupla;"Curva;Declive";Sim  ;"1104173   ";Automóvel;CHEV/ONIX PLUS 10TAT LTZ;"2023      ";Condutor;Ileso;"30   ";Masculino;"1 ";"0    ";"0    ";"0    ";-15.7757935;-48.2325900;SPRF-DF;DEL03-DF;UOP02-DEL03-DF 
616345;"1378315   ";2024-07-23;terça-feira;11:40:00;GO;"414  ";"412  ";ABADIANIA;Sim;Condutor deixou de manter distância do veículo da frente;1;Colisão traseira;Com Vítimas Feridas;Pleno dia;Decrescente;Céu Claro;Simples;Reta;Não  ;"1103645   ";Caminhonete;HYUNDAI/HR HDB;"2011      ";Condutor;Ileso;"39   ";Masculino;"1 ";"0    ";"0    ";"0    ";-16.0765481;-48.8526224;SPRF-GO;DEL02-GO;UOP01-DEL02-GO 
616345;"1378316   ";2024-07-23;terça-feira;11:40:00;GO;"414  ";"412  ";ABADIANIA;Sim;Condutor deixou de manter distância do veículo da frente;1;Colisão traseira;Com Vítimas Feridas;Pleno dia;Decrescente;Céu Claro;Simples;Reta;Não  ;"1103645   ";Caminhonete;HYUNDAI/HR HDB;"2011      ";Passageiro;Lesões Leves;"22   ";Masculino;"0 ";"1    ";"0    ";"0    ";-16.0765481;-48.8526224;SPRF-GO;DEL02-GO;UOP01-DEL02-GO 
616345;"1378317   ";2024-07-23;terça-feira;11:40:00;GO;"414  ";"412  ";ABADIANIA;Sim;Condutor deixou de manter distância do veículo da frente;1;Colisão traseira;Com Vítimas Feridas;Pleno dia;Decrescente;Céu Claro;Simples;Reta;Não  ;"1103646   ";Automóvel;Não Informado/Não Informado;"0         ";Condutor;Não Informado;"0    ";Não Informado;"0 ";"0    ";"0    ";"0    ";-16.0765481;-48.8526224;SPRF-GO;DEL02-GO;UOP01-DEL02-GO 
616402;"1378429   ";2024-03-18;segunda-feira;06:59:00;GO;"60   ";"20   ";ALEXANIA;Não;Reação tardia ou ineficiente do condutor;1;Colisão traseira;Com Vítimas Feridas;Pleno dia;Crescente;Céu Claro;Dupla;"Aclive;Reta";Sim  ;"1103729   ";Caminhão;M.BENZ/ATEGO 2426;"2014      ";Condutor;Ileso;"43   ";Masculino;"1 ";"0    ";"0    ";"0    ";-16.0967139;-48.5201255;SPRF-DF;DEL03-DF;UOP01-DEL03-DF 