id;pesid;data_inversa;dia_semana;horario;uf;br;km;municipio;causa_principal;causa_acidente;ordem_tipo_acidente;tipo_acidente;classificacao_acidente;fase_dia;sentido_via;condicao_metereologica;tipo_pista;tracado_via;uso_solo;id_veiculo;tipo_veiculo;marca;ano_fabricacao_veiculo;tipo_envolvido;estado_fisico;idade;sexo;ilesos;feridos_leves;feridos_graves;mortos;latitude;longitude;regional;delegacia;uop
616402;"1378428   ";2024-03-18;segunda-feira;06:59:00;GO;"60   ";"20   ";ALEXANIA;Não;Reação tardia ou ineficiente do condutor;1;Colisão traseira;Com Vítimas Feridas;Pleno dia;Crescente;Céu Claro;Dupla;"Aclive;Reta";Sim  ;"1103728   ";Automóvel;FIAT/PALIO ED;"1997      ";Condutor;Lesões Leves;"38   ";Masculino;"0 ";"1    ";"0    ";"0    ";-16.0967139;-48.5201255;SPRF-DF;DEL03-DF;UOP01-DEL03-DF 
616402;"1378429   ";2024-03-18;segunda-feira;06:59:00;GO;"60   ";"20   ";ALEXANIA;Sim;Ausência de reação do condutor;1;Colisão traseira;Com Vítimas Feridas;Pleno dia;Crescente;Céu Claro;Dupla;"Aclive;Reta";Sim  ;"1103729   ";Caminhão;M.BENZ/ATEGO 2426;"2014      ";Condutor;Ileso;"43   ";Masculino;"1 ";"0    ";"0    ";"0    ";-16.0967139;-48.5201255;SPRF-DF;DEL03-DF;UOP01-DEL03-DF 
616402;"1378428   ";2024-03-18;segunda-feira;06:59:00;GO;"60   ";"20   ";ALEXANIA;Sim;Ausência de reação do condutor;1;Colisão traseira;Com Vítimas Feridas;Pleno dia;Crescente;Céu Claro;Dupla;"Aclive;Reta";Sim  ;"1103728   ";Automóvel;FIAT/PALIO ED;"1997      ";Condutor;Lesões Leves;"38   ";Masculino;"0 ";"1    ";"0    ";"0    ";-16.0967139;-48.5201255;SPRF-DF;DEL03-DF;UOP01-DEL03-DF 
616405;"1378509   ";2024-07-23;terça-feira;17:08:00;DF;"60   ";"2    ";BRASILIA;Sim;Manobra de mudança de faixa;1;Queda de ocupante de veículo;Com Vítimas Feridas;Pleno dia;Crescente;Céu Claro;Dupla;Reta;Sim  ;"1103791   ";Motocicleta;HONDA/CG 160 TITAN;"2023      ";Passageiro;Lesões Leves;"19   ";Feminino;"0 ";"1    ";"0    ";"0    ";-15.8873830;-48.0779880;SPRF-DF;DEL03-DF;UOP01-DEL03-DF 
616405;"1378506   ";2024-07-23;terça-feira;17:08:00;DF;"60   ";"2    ";BRASILIA;Sim;Manobra de mudança de faixa;1;Queda de ocupante de veículo;Com Vítimas Feridas;Pleno dia;Crescente;Céu Claro;Dupla;Reta;Sim  ;"1103791   ";Motocicleta;HONDA/CG 160 TITAN;"2023      ";Condutor;Lesões Leves;"20   ";Masculino;"0 ";"1    ";"0    ";"0    ";-15.8873830;-48.0779880;SPRF-DF;DEL03-DF;UOP01-DEL03-DF 
616504;"1378719   ";2024-07-24;quarta-feira;07:00:00;DF;"70   ";"7,2  ";BRASILIA;Sim;Ausência de reação do condutor;2;Queda de ocupante de veículo;Com Vítimas Feridas;Pleno dia;Decrescente;Céu Claro;Dupla;Reta;Sim  ;"1103975   ";Motocicleta;HONDA/CB 250F TWISTER;"2016      ";Condutor;Lesões Leves;"35   ";Masculino;"0 ";"1    ";"0    ";"0    ";-15.7876010;-48.1144290;SPRF-DF;DEL03-DF;UOP02-DEL03-DF 
616504;"1378719   ";2024-07-24;quarta-feira;07:00:00;DF;"70   ";"7,2  ";BRASILIA;Sim;Ausência de reação do condutor;1;Tombamento;Com Vítimas Feridas;Pleno dia;Decrescente;Céu Claro;Dupla;Reta;Sim  ;"1103975   ";Motocicleta;HONDA/CB 250F TWISTER;"2016      ";Condutor;Lesões Leves;"35   ";Masculino;"0 ";"1    ";"0    ";"0    ";-15.7876010;-48.1144290;SPRF-DF;DEL03-DF;UOP02-DEL03-DF 
616533;"1380541   ";2024-07-24;quarta-feira;09:17:00;GO;"70   ";"12   ";AGUAS LINDAS DE GOIAS;Não;Condutor deixou de manter distância do veículo da frente;1;Colisão traseira;Com Vítimas Feridas;Pleno dia;Crescente;Céu Claro;Múltipla;Reta;Não  ;"1105449   ";Automóvel;RENAULT/SANDERO AUTH 10;"2018      ";Condutor;Lesões Leves;"37   ";Masculino;"0 ";"1    ";"0    ";"0    ";-15.7403708;-48.3103523;SPRF-DF;DEL03-DF;UOP02-DEL03-DF 
616533;"1380539   ";2024-07-24;quarta-feira;09:17:00;GO;"70   ";"12   ";AGUAS LINDAS DE GOIAS;Não;Condutor deixou de manter distância do veículo da frente;1;Colisão traseira;Com Vítimas Feridas;Pleno dia;Crescente;Céu Claro;Múltipla;Reta;Não  ;"1105448   ";Caminhão;M.BENZ/ACCELO 1017 CE;"2023      ";Condutor;Ileso;"44   ";Masculino;"1 ";"0    ";"0    ";"0    ";-15.7403708;-48.3103523;SPRF-DF;DEL03-DF;UOP02-DEL03-DF 
616533;"1380541   ";2024-07-24;quarta-feira;09:17:00;GO;"70   ";"12   ";AGUAS LINDAS DE GOIAS;Sim;Reação tardia ou ineficiente do condutor;1;Colisão traseira;Com Vítimas Feridas;Pleno dia;Crescente;Céu Claro;Múltipla;Reta;Não  ;"1105449   ";Automóvel;RENAULT/SANDERO AUTH 10;"2018      ";Condutor;Lesões Leves;"37   ";Masculino;"0 ";"1    ";"0    ";"0    ";-15.7403708;-48.3103523;SPRF-DF;DEL03-DF;UOP02-DEL03-DF 
616533;"1380539   ";2024-07-24;quarta-feira;09:17:00;GO;"70   ";"12   ";AGUAS LINDAS DE GOIAS;Sim;Reação tardia ou ineficiente do condutor;1;Colisão traseira;Com Vítimas Feridas;Pleno dia;Crescente;Céu Claro;Múltipla;Reta;Não  ;"1105448   ";Caminhão;M.BENZ/ACCELO 1017 CE;"2023      ";Condutor;Ileso;"44   ";Masculino;"1 ";"0    ";"0    ";"0    ";-15.7403708;-48.3103523;SPRF-DF;DEL03-DF;UOP02-DEL03-DF 
616565;"1378909   ";2024-07-24;quarta-feira;13:28:00;DF;"60   ";"7,4  ";BRASILIA;Não;Reação tardia ou ineficiente do condutor;2;Queda de ocupante de veículo;Com Vítimas Feridas;Pleno dia;Decrescente;Céu Claro;Dupla;Reta;Sim  ;"1104106   ";Motocicleta;HONDA/CG 160 FAN;"2024      ";Condutor;Lesões Leves;"25   ";Masculino;"0 ";"1    ";"0    ";"0    ";-15.9012370;-48.1223340;SPRF-DF;DEL03-DF;UOP01-DEL03-DF 
616565;"1378912   ";2024-07-24;quarta-feira;13:28:00;DF;"60   ";"7,4  ";BRASILIA;Não;Reação tardia ou ineficiente do condutor;2;Queda de ocupante de veículo;Com Vítimas Feridas;Pleno dia;Decrescente;Céu Claro;Dupla;Reta;Sim  ;"1104110   ";Caminhonete;FIAT/TORO VOLCANO AT D4;"2018      ";Passageiro;Ileso;"55   ";Feminino;"1 ";"0    ";"0    ";"0    ";-15.9012370;-48.1223340;SPRF-DF;DEL03-DF;UOP01-DEL03-DF 
616565;"1378910   ";2024-07-24;quarta-feira;13:28:00;DF;"60   ";"7,4  ";BRASILIA;Não;Reação tardia ou ineficiente do condutor;2;Queda de ocupante de veículo;Com Vítimas Feridas;Pleno dia;Decrescente;Céu Claro;Dupla;Reta;Sim  ;"1104110   ";Caminhonete;FIAT/TORO VOLCANO AT D4;"2018      ";Condutor;Ileso;"50   ";Masculino;"1 ";"0    ";"0    ";"0    ";-15.9012370;-48.1223340;SPRF-DF;DEL03-DF;UOP01-DEL03-DF 
616565;"1378913   ";2024-07-24;quarta-feira;13:28:00;DF;"60   ";"7,4  ";BRASILIA;Não;Reação tardia ou ineficiente do condutor;2;Queda de ocupante de veículo;Com Vítimas Feridas;Pleno dia;Decrescente;Céu Claro;Dupla;Reta;Sim  ;"1104110   ";Caminhonete;FIAT/TORO VOLCANO AT D4;"2018      ";Passageiro;Ileso;"13   ";Feminino;"1 ";"0    ";"0    ";"0    ";-15.9012370;-48.1223340;SPRF-DF;DEL03-DF;UOP01-DEL03-DF 
616565;"1378909   ";2024-07-24;quarta-feira;13:28:00;DF;"60   ";"7,4  ";BRASILIA;Sim;Acessar a via sem observar a presença dos outros veículos;2;Queda de ocupante de veículo;Com Vítimas Feridas;Pleno dia;Decrescente;Céu Claro;Dupla;Reta;Sim  ;"1104106   ";Motocicleta;HONDA/CG 160 FAN;"2024      ";Condutor;Lesões Leves;"25   ";Masculino;"0 ";"1    ";"0    ";"0    ";-15.9012370;-48.1223340;SPRF-DF;DEL03-DF;UOP01-DEL03-DF 
616565;"1378912   ";2024-07-24;quarta-feira;13:28:00;DF;"60   ";"7,4  ";BRASILIA;Sim;Acessar a via sem observar a presença dos outros veículos;2;Queda de ocupante de veículo;Com Vítimas Feridas;Pleno dia;Decrescente;Céu Claro;Dupla;Reta;Sim  ;"1104110   ";Caminhonete;FIAT/TORO VOLCANO AT D4;"2018      ";Passageiro;Ileso;"55   ";Feminino;"1 ";"0    ";"0    ";"0    ";-15.9012370;-48.1223340;SPRF-DF;DEL03-DF;UOP01-DEL03-DF 
616565;"1378910   ";2024-07-24;quarta-feira;13:28:00;DF;"60   ";"7,4  ";BRASILIA;Sim;Acessar a via sem observar a presença dos outros veículos;2;Queda de ocupante de veículo;Com Vítimas Feridas;Pleno dia;Decrescente;Céu Claro;Dupla;Reta;Sim  ;"1104110   ";Caminhonete;FIAT/TORO VOLCANO AT D4;"2018      ";Condutor;Ileso;"50   ";Masculino;"1 ";"0    ";"0    ";"0    ";-15.9012370;-48.1223340;SPRF-DF;DEL03-DF;UOP01-DEL03-DF 
616565;"1378913   ";2024-07-24;quarta-feira;13:28:00;DF;"60   ";"7,4  ";BRASILIA;Sim;Acessar a via sem observar a presença dos outros veículos;2;Queda de ocupante de veículo;Com Vítimas Feridas;Pleno dia;Decrescente;Céu Claro;Dupla;Reta;Sim  ;"1104110   ";Caminhonete;FIAT/TORO VOLCANO AT D4;"2018      ";Passageiro;Ileso;"13   ";Feminino;"1 ";"0    ";"0    ";"0    ";-15.9012370;-48.1223340;SPRF-DF;DEL03-DF;UOP01-DEL03-DF 
616565;"1378909   ";2024-07-24;quarta-feira;13:28:00;DF;"60   ";"7,4  ";BRASILIA;Não;Reação tardia ou ineficiente do condutor;1;Colisão lateral mesmo sentido;Com Vítimas Feridas;Pleno dia;Decrescente;Céu Claro;Dupla;Reta;Sim  ;"1104106   ";Motocicleta;HONDA/CG 160 FAN;"2024      ";Condutor;Lesões Leves;"25   ";Masculino;"0 ";"1    ";"0    ";"0    ";-15.9012370;-48.1223340;SPRF-DF;DEL03-DF;UOP01-DEL03-DF 
616565;"1378912   ";2024-07-24;quarta-feira;13:28:00;DF;"60   ";"7,4  ";BRASILIA;Não;Reação tardia ou ineficiente do condutor;1;Colisão lateral mesmo sentido;Com Vítimas Feridas;Pleno dia;Decrescente;Céu Claro;Dupla;Reta;Sim  ;"1104110   ";Caminhonete;FIAT/TORO VOLCANO AT D4;"2018      ";Passageiro;Ileso;"55   ";Feminino;"1 ";"0    ";"0    ";"0    ";-15.9012370;-48.1223340;SPRF-DF;DEL03-DF;UOP01-DEL03-DF 
616565;"1378910   ";2024-07-24;quarta-feira;13:28:00;DF;"60   ";"7,4  ";BRASILIA;Não;Reação tardia ou ineficiente do condutor;1;Colisão lateral mesmo sentido;Com Vítimas Feridas;Pleno dia;Decrescente;Céu Claro;Dupla;Reta;Sim  ;"1104110   ";Caminhonete;FIAT/TORO VOLCANO AT D4;"2018      ";Condutor;Ileso;"50   ";Masculino;"1 ";"0    ";"0    ";"0    ";-15.9012370;-48.1223340;SPRF-DF;DEL03-DF;UOP01-DEL03-DF 
616565;"1378913   ";2024-07-24;quarta-feira;13:28:00;DF;"60   ";"7,4  ";BRASILIA;Não;Reação tardia ou ineficiente do condutor;1;Colisão lateral mesmo sentido;Com Vítimas Feridas;Pleno dia;Decrescente;Céu Claro;Dupla;Reta;Sim  ;"1104110   ";Caminhonete;FIAT/TORO VOLCANO AT D4;"2018      ";Passageiro;Ileso;"13   ";Feminino;"1 ";"0    ";"0    ";"0    ";-15.9012370;-48.1223340;SPRF-DF;DEL03-DF;UOP01-DEL03-DF 
616565;"1378909   ";2024-07-24;quarta-feira;13:28:00;DF;"60   ";"7,4  ";BRASILIA;Sim;Acessar a via sem observar a presença dos outros veículos;1;Colisão lateral mesmo sentido;Com Vítimas Feridas;Pleno dia;Decrescente;Céu Claro;Dupla;Reta;Sim  ;"1104106   ";Motocicleta;HONDA/CG 160 FAN;"2024      ";Condutor;Lesões Leves;"25   ";Masculino;"0 ";"1    ";"0    ";"0    ";-15.9012370;-48.1223340;SPRF-DF;DEL03-DF;UOP01-DEL03-DF 
616565;"1378912   ";2024-07-24;quarta-feira;13:28:00;DF;"60   ";"7,4  ";BRASILIA;Sim;Acessar a via sem observar a presença dos outros veículos;1;Colisão lateral mesmo sentido;Com Vítimas Feridas;Pleno dia;Decrescente;Céu Claro;Dupla;Reta;Sim  ;"1104110   ";Caminhonete;FIAT/TORO VOLCANO AT D4;"2018      ";Passageiro;Ileso;"55   ";Feminino;"1 ";"0    ";"0    ";"0    ";-15.9012370;-48.1223340;SPRF-DF;DEL03-DF;UOP01-DEL03-DF 
616565;"1378910   ";2024-07-24;quarta-feira;13:28:00;DF;"60   ";"7,4  ";BRASILIA;Sim;Acessar a via sem observar a presença dos outros veículos;1;Colisão lateral mesmo sentido;Com Vítimas Feridas;Pleno dia;Decrescente;Céu Claro;Dupla;Reta;Sim  ;"1104110   ";Caminhonete;FIAT/TORO VOLCANO AT D4;"2018      ";Condutor;Ileso;"50   ";Masculino;"1 ";"0    ";"0    ";"0    ";-15.9012370;-48.1223340;SPRF-DF;DEL03-DF;UOP01-DEL03-DF 
616565;"1378913   ";2024-07-24;quarta-feira;13:28:00;DF;"60   ";"7,4  ";BRASILIA;Sim;Acessar a via sem observar a presença dos outros veículos;1;Colisão lateral mesmo sentido;Com Vítimas Feridas;Pleno dia;Decrescente;Céu Claro;Dupla;Reta;Sim  ;"1104110   ";Caminhonete;FIAT/TORO VOLCANO AT D4;"2018      ";Passageiro;Ileso;"13   ";Feminino;"1 ";"0    ";"0    ";"0    ";-15.9012370;-48.1223340;SPRF-DF;DEL03-DF;UOP01-DEL03-DF 
616595;"1378988   ";2024-07-24;quarta-feira;16:20:00;GO;"70   ";"11   ";AGUAS LINDAS DE GOIAS;Sim;Ingestão de álcool pelo condutor;2;Saída de leito carroçável;Com Vítimas Feridas;Pleno dia;Crescente;Céu Claro;Dupla;Reta;Sim  ;"1104194   ";Automóvel;FIAT/PALIO EX;"2000      ";Passageiro;Lesões Leves;"25   ";Masculino;"0 ";"1    ";"0    ";"0    ";-15.7387761;-48.3012429;SPRF-DF;DEL03-DF;UOP02-DEL03-DF 
616595;"1378985   ";2024-07-24;quarta-feira;16:20:00;GO;"70   ";"11   ";AGUAS LINDAS DE GOIAS;Sim;Ingestão de álcool pelo condutor;2;Saída de leito carroçável;Com Vítimas Feridas;Pleno dia;Crescente;Céu Claro;Dupla;Reta;Sim  ;"1104194   ";Automóvel;FIAT/PALIO EX;"2000      ";Condutor;Lesões Leves;"30   ";Masculino;"0 ";"1    ";"0    ";"0    ";-15.7387761;-48.3012429;SPRF-DF;DEL03-DF;UOP02-DEL03-DF 
616595;"1378988   ";2024-07-24;quarta-feira;16:20:00;GO;"70   ";"11   ";AGUAS LINDAS DE GOIAS;Sim;Ingestão de álcool pelo condutor;1;Capotamento;Com Vítimas Feridas;Pleno dia;Crescente;Céu Claro;Dupla;Reta;Sim  ;"1104194   ";Automóvel;FIAT/PALIO EX;"2000      ";Passageiro;Lesões Leves;"25   ";Masculino;"0 ";"1    ";"0    ";"0    ";-15.7387761;-48.3012429;SPRF-DF;DEL03-DF;UOP02-DEL03-DF 
616595;"1378985   ";2024-07-24;quarta-feira;16:20:00;GO;"70   ";"11   ";AGUAS LINDAS DE GOIAS;Sim;Ingestão de álcool pelo condutor;1;Capotamento;Com Vítimas Feridas;Pleno dia;Crescente;Céu Claro;Dupla;Reta;Sim  ;"1104194   ";Automóvel;FIAT/PALIO EX;"2000      ";Condutor;Lesões Leves;"30   ";Masculino;"0 ";"1    ";"0    ";"0    ";-15.7387761;-48.3012429;SPRF-DF;DEL03-DF;UOP02-DEL03-DF 
616649;"1379152   ";2024-07-24;quarta-feira;20:20:00;GO;"60   ";"25   ";ALEXANIA;Não;Ingestão de álcool pelo condutor;3;Saída de leito carroçável;Sem Vítimas;Plena Noite;Crescente;Céu Claro;Dupla;"Aclive;Reta";Não  ;"1104338   ";Automóvel;I/HYUNDAI SONATA GLS;"2010      ";Condutor;Ileso;"32   ";Masculino;"1 ";"0    ";"0    ";"0    ";-16.0963000;-48.5202000;SPRF-DF;DEL03-DF;UOP01-DEL03-DF 
616649;"1379166   ";2024-07-24;quarta-feira;20:20:00;GO;"60   ";"25   ";ALEXANIA;Não;Ingestão de álcool pelo condutor;3;Saída de leito carroçável;Sem Vítimas;Plena Noite;Crescente;Céu Claro;Dupla;"Aclive;Reta";Não  ;"1104330   ";Automóvel;VW/UP CONNECT TSI MD;"2019      ";Passageiro;Ileso;"27   ";Masculino;"1 ";"0    ";"0    ";"0    ";-16.0963000;-48.5202000;SPRF-DF;DEL03-DF;UOP01-DEL03-DF 
616649;"1379165   ";2024-07-24;quarta-feira;20:20:00;GO;"60   ";"25   ";ALEXANIA;Não;Ingestão de álcool pelo condutor;3;Saída de leito carroçável;Sem Vítimas;Plena Noite;Crescente;Céu Claro;Dupla;"Aclive;Reta";Não  ;"1104330   ";Automóvel;VW/UP CONNECT TSI MD;"2019      ";Condutor;Ileso;"44   ";Masculino;"1 ";"0    ";"0    ";"0    ";-16.0963000;-48.5202000;SPRF-DF;DEL03-DF;UOP01-DEL03-DF 
616649;"1379152   ";2024-07-24;quarta-feira;20:20:00;GO;"60   ";"25   ";ALEXANIA;Sim;Reação tardia ou ineficiente do condutor;3;Saída de leito carroçável;Sem Vítimas;Plena Noite;Crescente;Céu Claro;Dupla;"Aclive;Reta";Não  ;"1104338   ";Automóvel;I/HYUNDAI SONATA GLS;"2010      ";Condutor;Ileso;"32   ";Masculino;"1 ";"0    ";"0    ";"0    ";-16.0963000;-48.5202000;SPRF-DF;DEL03-DF;UOP01-DEL03-DF 
616649;"1379166   ";2024-07-24;quarta-feira;20:20:00;GO;"60   ";"25   ";ALEXANIA;Sim;Reação tardia ou ineficiente do condutor;3;Saída de leito carroçável;Sem Vítimas;Plena Noite;Crescente;Céu Claro;Dupla;"Aclive;Reta";Não  ;"1104330   ";Automóvel;VW/UP CONNECT TSI MD;"2019      ";Passageiro;Ileso;"27   ";Masculino;"1 ";"0    ";"0    ";"0    ";-16.0963000;-48.5202000;SPRF-DF;DEL03-DF;UOP01-DEL03-DF 
616649;"1379165   ";2024-07-24;quarta-feira;20:20:00;GO;"60   ";"25   ";ALEXANIA;Sim;Reação tardia ou ineficiente do condutor;3;Saída de leito carroçável;Sem Vítimas;Plena Noite;Crescente;Céu Claro;Dupla;"Aclive;Reta";Não  ;"1104330   ";Automóvel;VW/UP CONNECT TSI MD;"2019      ";Condutor;Ileso;"44   ";Masculino;"1 ";"0    ";"0    ";"0    ";-16.0963000;-48.5202000;SPRF-DF;DEL03-DF;UOP01-DEL03-DF 
616649;"1379152   ";2024-07-24;quarta-feira;20:20:00;GO;"60   ";"25   ";ALEXANIA;Não;Ingestão de álcool pelo condutor;2;Capotamento;Sem Vítimas;Plena Noite;Crescente;Céu Claro;Dupla;"Aclive;Reta";Não  ;"1104338   ";Automóvel;I/HYUNDAI SONATA GLS;"2010      ";Condutor;Ileso;"32   ";Masculino;"1 ";"0    ";"0    ";"0    ";-16.0963000;-48.5202000;SPRF-DF;DEL03-DF;UOP01-DEL03-DF 
616649;"1379166   ";2024-07-24;quarta-feira;20:20:00;GO;"60   ";"25   ";ALEXANIA;Não;Ingestão de álcool pelo condutor;2;Capotamento;Sem Vítimas;Plena Noite;Crescente;Céu Claro;Dupla;"Aclive;Reta";Não  ;"1104330   ";Automóvel;VW/UP CONNECT TSI MD;"2019      ";Passageiro;Ileso;"27   ";Masculino;"1 ";"0    ";"0    ";"0    ";-16.0963000;-48.5202000;SPRF-DF;DEL03-DF;UOP01-DEL03-DF 
616649;"1379165   ";2024-07-24;quarta-feira;20:20:00;GO;"60   ";"25   ";ALEXANIA;Não;Ingestão de álcool pelo condutor;2;Capotamento;Sem Vítimas;Plena Noite;Crescente;Céu Claro;Dupla;"Aclive;Reta";Não  ;"1104330   ";Automóvel;VW/UP CONNECT TSI MD;"2019      ";Condutor;Ileso;"44   ";Masculino;"1 ";"0    ";"0    ";"0    ";-16.0963000;-48.5202000;SPRF-DF;DEL03-DF;UOP01-DEL03-DF 
616649;"1379152   ";2024-07-24;quarta-feira;20:20:00;GO;"60   ";"25   ";ALEXANIA;Sim;Reação tardia ou ineficiente do condutor;2;Capotamento;Sem Vítimas;Plena Noite;Crescente;Céu Claro;Dupla;"Aclive;Reta";Não  ;"1104338   ";Automóvel;I/HYUNDAI SONATA GLS;"2010      ";Condutor;Ileso;"32   ";Masculino;"1 ";"0    ";"0    ";"0    ";-16.0963000;-48.5202000;SPRF-DF;DEL03-DF;UOP01-DEL03-DF 
616649;"1379166   ";2024-07-24;quarta-feira;20:20:00;GO;"60   ";"25   ";ALEXANIA;Sim;Reação tardia ou ineficiente do condutor;2;Capotamento;Sem Vítimas;Plena Noite;Crescente;Céu Claro;Dupla;"Aclive;Reta";Não  ;"1104330   ";Automóvel;VW/UP CONNECT TSI MD;"2019      ";Passageiro;Ileso;"27   ";Masculino;"1 ";"0    ";"0    ";"0    ";-16.0963000;-48.5202000;SPRF-DF;DEL03-DF;UOP01-DEL03-DF 
616649;"1379165   ";2024-07-24;quarta-feira;20:20:00;GO;"60   ";"25   ";ALEXANIA;Sim;Reação tardia ou ineficiente do condutor;2;Capotamento;Sem Vítimas;Plena Noite;Crescente;Céu Claro;Dupla;"Aclive;Reta";Não  ;"1104330   ";Automóvel;VW/UP CONNECT TSI MD;"2019      ";Condutor;Ileso;"44   ";Masculino;"1 ";"0    ";"0    ";"0    ";-16.0963000;-48.5202000;SPRF-DF;DEL03-DF;UOP01-DEL03-DF 
616649;"1379152   ";2024-07-24;quarta-feira;20:20:00;GO;"60   ";"25   ";ALEXANIA;Não;Ingestão de álcool pelo condutor;1;Colisão traseira;Sem Vítimas;Plena Noite;Crescente;Céu Claro;Dupla;"Aclive;Reta";Não  ;"1104338   ";Automóvel;I/HYUNDAI SONATA GLS;"2010      ";Condutor;Ileso;"32   ";Masculino;"1 ";"0    ";"0    ";"0    ";-16.0963000;-48.5202000;SPRF-DF;DEL03-DF;UOP01-DEL03-DF 
616649;"1379166   ";2024-07-24;quarta-feira;20:20:00;GO;"60   ";"25   ";ALEXANIA;Não;Ingestão de álcool pelo condutor;1;Colisão traseira;Sem Vítimas;Plena Noite;Crescente;Céu Claro;Dupla;"Aclive;Reta";Não  ;"1104330   ";Automóvel;VW/UP CONNECT TSI MD;"2019      ";Passageiro;Ileso;"27   ";Masculino;"1 ";"0    ";"0    ";"0    ";-16.0963000;-48.5202000;SPRF-DF;DEL03-DF;UOP01-DEL03-DF 
616649;"1379165   ";2024-07-24;quarta-feira;20:20:00;GO;"60   ";"25   ";ALEXANIA;Não;Ingestão de álcool pelo condutor;1;Colisão traseira;Sem Vítimas;Plena Noite;Crescente;Céu Claro;Dupla;"Aclive;Reta";Não  ;"1104330   ";Automóvel;VW/UP CONNECT TSI MD;"2019      ";Condutor;Ileso;"44   ";Masculino;"1 ";"0    ";"0    ";"0    ";-16.0963000;-48.5202000;SPRF-DF;DEL03-DF;UOP01-DEL03-DF 
616649;"1379152   ";2024-07-24;quarta-feira;20:20:00;GO;"60   ";"25   ";ALEXANIA;Sim;Reação tardia ou ineficiente do condutor;1;Colisão traseira;Sem Vítimas;Plena Noite;Crescente;Céu Claro;Dupla;"Aclive;Reta";Não  ;"1104338   ";Automóvel;I/HYUNDAI SONATA GLS;"2010      ";Condutor;Ileso;"32   ";Masculino;"1 ";"0    ";"0    ";"0    ";-16.0963000;-48.5202000;SPRF-DF;DEL03-DF;UOP01-DEL03-DF 
616649;"1379166   ";2024-07-24;quarta-feira;20:20:00;GO;"60   ";"25   ";ALEXANIA;Sim;Reação tardia ou ineficiente do condutor;1;Colisão traseira;Sem Vítimas;Plena Noite;Crescente;Céu Claro;Dupla;"Aclive;Reta";Não  ;"1104330   ";Automóvel;VW/UP CONNECT TSI MD;"2019      ";Passageiro;Ileso;"27   ";Masculino;"1 ";"0    ";"0    ";"0    ";-16.0963000;-48.5202000;SPRF-DF;DEL03-DF;UOP01-DEL03-DF 
616649;"1379165   ";2024-07-24;quarta-feira;20:20:00;GO;"60   ";"25   ";ALEXANIA;Sim;Reação tardia ou ineficiente do condutor;1;Colisão traseira;Sem Vítimas;Plena Noite;Crescente;Céu Claro;Dupla;"Aclive;Reta";Não  ;"1104330   ";Automóvel;VW/UP CONNECT TSI MD;"2019      ";Condutor;Ileso;"44   ";Masculino;"1 ";"0    ";"0    ";"0    ";-16.0963000;-48.5202000;SPRF-DF;DEL03-DF;UOP01-DEL03-DF 
616677;"1379225   ";2024-07-25;quinta-feira;00:50:00;DF;"20   ";"35   ";BRASILIA;Sim;Animais na Pista;1;Atropelamento de Animal;Com Vítimas Feridas;Plena Noite;Crescente;Céu Claro;Dupla;Reta;Não  ;"1104400   ";Motocicleta;HONDA/CB250F TWISTER CBS;"2021      ";Condutor;Lesões Leves;"29   ";Masculino;"0 ";"1    ";"0    ";"0    ";-15.5821460;-47.5591620;SPRF-DF;DEL02-DF;UOP01-DEL02-DF 
616680;"1379233   ";2024-07-25;quinta-feira;01:20:00;GO;"414  ";"373,5";COCALZINHO DE GOIAS;Não;Velocidade Incompatível;2;Saída de leito carroçável;Com Vítimas Feridas;Plena Noite;Decrescente;Céu Claro;Dupla;Reta;Sim  ;"1104408   ";Automóvel;I/FORD FIESTA SD 1.6LSEA;"2015      ";Condutor;Lesões Graves;"36   ";Masculino;"0 ";"0    ";"1    ";"0    ";-15.7754060;-48.7638580;SPRF-GO;DEL02-GO;UOP01-DEL02-GO 
616680;"1379234   ";2024-07-25;quinta-feira;01:20:00;GO;"414  ";"373,5";COCALZINHO DE GOIAS;Não;Velocidade Incompatível;2;Saída de leito carroçável;Com Vítimas Feridas;Plena Noite;Decrescente;Céu Claro;Dupla;Reta;Sim  ;"1104408   ";Automóvel;I/FORD FIESTA SD 1.6LSEA;"2015      ";Passageiro;Lesões Graves;"37   ";Masculino;"0 ";"0    ";"1    ";"0    ";-15.7754060;-48.7638580;SPRF-GO;DEL02-GO;UOP01-DEL02-GO 
616680;"1379233   ";2024-07-25;quinta-feira;01:20:00;GO;"414  ";"373,5";COCALZINHO DE GOIAS;Sim;Ingestão de álcool pelo condutor;2;Saída de leito carroçável;Com Vítimas Feridas;Plena Noite;Decrescente;Céu Claro;Dupla;Reta;Sim  ;"1104408   ";Automóvel;I/FORD FIESTA SD 1.6LSEA;"2015      ";Condutor;Lesões Graves;"36   ";Masculino;"0 ";"0    ";"1    ";"0    ";-15.7754060;-48.7638580;SPRF-GO;DEL02-GO;UOP01-DEL02-GO 
616680;"1379234   ";2024-07-25;quinta-feira;01:20:00;GO;"414  ";"373,5";COCALZINHO DE GOIAS;Sim;Ingestão de álcool pelo condutor;2;Saída de leito carroçável;Com Vítimas Feridas;Plena Noite;Decrescente;Céu Claro;Dupla;Reta;Sim  ;"1104408   ";Automóvel;I/FORD FIESTA SD 1.6LSEA;"2015      ";Passageiro;Lesões Graves;"37   ";Masculino;"0 ";"0    ";"1    ";"0    ";-15.7754060;-48.7638580;SPRF-GO;DEL02-GO;UOP01-DEL02-GO 