id;pesid;data_inversa;dia_semana;horario;uf;br;km;municipio;causa_principal;causa_acidente;ordem_tipo_acidente;tipo_acidente;classificacao_acidente;fase_dia;sentido_via;condicao_metereologica;tipo_pista;tracado_via;uso_solo;id_veiculo;tipo_veiculo;marca;ano_fabricacao_veiculo;tipo_envolvido;estado_fisico;idade;sexo;ilesos;feridos_leves;feridos_graves;mortos;latitude;longitude;regional;delegacia;uop
616965;"1379994   ";2024-07-26;sexta-feira;10:29:00;GO;"60   ";"3    ";SANTO ANTONIO DO DESCOBERTO;Sim;Avarias e/ou desgaste excessivo no pneu;2;Queda de ocupante de veículo;Com Vítimas Feridas;Pleno dia;Decrescente;Céu Claro;Dupla;Curva;Não  ;"1104997   ";Motocicleta;HONDA/CB600F HORNET;"2011      ";Condutor;Lesões Leves;"37   ";Masculino;"0 ";"1    ";"0    ";"0    ";-16.0771060;-48.2673850;SPRF-DF;DEL03-DF;UOP01-DEL03-DF 
616965;"1379995   ";2024-07-26;sexta-feira;10:29:00;GO;"60   ";"3    ";SANTO ANTONIO DO DESCOBERTO;Sim;Avarias e/ou desgaste excessivo no pneu;1;Saída de leito carroçável;Com Vítimas Feridas;Pleno dia;Decrescente;Céu Claro;Dupla;Curva;Não  ;"1104997   ";Motocicleta;HONDA/CB600F HORNET;"2011      ";Passageiro;Lesões Leves;"36   ";Feminino;"0 ";"1    ";"0    ";"0    ";-16.0771060;-48.2673850;SPRF-DF;DEL03-DF;UOP01-DEL03-DF 
616965;"1379994   ";2024-07-26;sexta-feira;10:29:00;GO;"60   ";"3    ";SANTO ANTONIO DO DESCOBERTO;Sim;Avarias e/ou desgaste excessivo no pneu;1;Saída de leito carroçável;Com Vítimas Feridas;Pleno dia;Decrescente;Céu Claro;Dupla;Curva;Não  ;"1104997   ";Motocicleta;HONDA/CB600F HORNET;"2011      ";Condutor;Lesões Leves;"37   ";Masculino;"0 ";"1    ";"0    ";"0    ";-16.0771060;-48.2673850;SPRF-DF;DEL03-DF;UOP01-DEL03-DF 
617009;"1380424   ";2024-07-26;sexta-feira;14:29:00;GO;"40   ";"10   ";LUZIANIA;Sim;Acessar a via sem observar a presença dos outros veículos;1;Colisão lateral mesmo sentido;Sem Vítimas;Pleno dia;Decrescente;Céu Claro;Dupla;Reta;Sim  ;"1105355   ";Caminhonete;I/RENAULT KGOO EXPRESS16;"2015      ";Condutor;Ileso;"36   ";Masculino;"1 ";"0    ";"0    ";"0    ";-16.1312850;-47.9579230;SPRF-DF;DEL01-DF;UOP01-DEL01-DF 
617009;"1380429   ";2024-07-26;sexta-feira;14:29:00;GO;"40   ";"10   ";LUZIANIA;Sim;Acessar a via sem observar a presença dos outros veículos;1;Colisão lateral mesmo sentido;Sem Vítimas;Pleno dia;Decrescente;Céu Claro;Dupla;Reta;Sim  ;"1105359   ";Automóvel;FIAT/PALIO EX;"2000      ";Condutor;Ileso;"51   ";Masculino;"1 ";"0    ";"0    ";"0    ";-16.1312850;-47.9579230;SPRF-DF;DEL01-DF;UOP01-DEL01-DF 
617038;"1382881   ";2024-07-26;sexta-feira;17:00:00;DF;"70   ";"19   ";BRASILIA;Não;Curva acentuada;1;Saída de leito carroçável;Com Vítimas Feridas;Pleno dia;Crescente;Céu Claro;Dupla;"Aclive;Curva";Sim  ;"1107176   ";Motocicleta;YAMAHA/YZF R3 ABS;"2024      ";Condutor;Lesões Graves;"27   ";Masculino;"0 ";"0    ";"1    ";"0    ";-15.7888680;-48.2202420;SPRF-DF;DEL03-DF;UOP02-DEL03-DF 
617038;"1382881   ";2024-07-26;sexta-feira;17:00:00;DF;"70   ";"19   ";BRASILIA;Sim;Reação tardia ou ineficiente do condutor;1;Saída de leito carroçável;Com Vítimas Feridas;Pleno dia;Crescente;Céu Claro;Dupla;"Aclive;Curva";Sim  ;"1107176   ";Motocicleta;YAMAHA/YZF R3 ABS;"2024      ";Condutor;Lesões Graves;"27   ";Masculino;"0 ";"0    ";"1    ";"0    ";-15.7888680;-48.2202420;SPRF-DF;DEL03-DF;UOP02-DEL03-DF 
617038;"1382881   ";2024-07-26;sexta-feira;17:00:00;DF;"70   ";"19   ";BRASILIA;Não;Curva acentuada;3;Colisão com objeto;Com Vítimas Feridas;Pleno dia;Crescente;Céu Claro;Dupla;"Aclive;Curva";Sim  ;"1107176   ";Motocicleta;YAMAHA/YZF R3 ABS;"2024      ";Condutor;Lesões Graves;"27   ";Masculino;"0 ";"0    ";"1    ";"0    ";-15.7888680;-48.2202420;SPRF-DF;DEL03-DF;UOP02-DEL03-DF 
617038;"1382881   ";2024-07-26;sexta-feira;17:00:00;DF;"70   ";"19   ";BRASILIA;Sim;Reação tardia ou ineficiente do condutor;3;Colisão com objeto;Com Vítimas Feridas;Pleno dia;Crescente;Céu Claro;Dupla;"Aclive;Curva";Sim  ;"1107176   ";Motocicleta;YAMAHA/YZF R3 ABS;"2024      ";Condutor;Lesões Graves;"27   ";Masculino;"0 ";"0    ";"1    ";"0    ";-15.7888680;-48.2202420;SPRF-DF;DEL03-DF;UOP02-DEL03-DF 
617038;"1382881   ";2024-07-26;sexta-feira;17:00:00;DF;"70   ";"19   ";BRASILIA;Não;Curva acentuada;2;Queda de ocupante de veículo;Com Vítimas Feridas;Pleno dia;Crescente;Céu Claro;Dupla;"Aclive;Curva";Sim  ;"1107176   ";Motocicleta;YAMAHA/YZF R3 ABS;"2024      ";Condutor;Lesões Graves;"27   ";Masculino;"0 ";"0    ";"1    ";"0    ";-15.7888680;-48.2202420;SPRF-DF;DEL03-DF;UOP02-DEL03-DF 
617038;"1382881   ";2024-07-26;sexta-feira;17:00:00;DF;"70   ";"19   ";BRASILIA;Sim;Reação tardia ou ineficiente do condutor;2;Queda de ocupante de veículo;Com Vítimas Feridas;Pleno dia;Crescente;Céu Claro;Dupla;"Aclive;Curva";Sim  ;"1107176   ";Motocicleta;YAMAHA/YZF R3 ABS;"2024      ";Condutor;Lesões Graves;"27   ";Masculino;"0 ";"0    ";"1    ";"0    ";-15.7888680;-48.2202420;SPRF-DF;DEL03-DF;UOP02-DEL03-DF 
617039;"1380174   ";2024-07-26;sexta-feira;16:00:00;DF;"20   ";"3,9  ";BRASILIA;Não;Frear bruscamente;2;Capotamento;Com Vítimas Feridas;Pleno dia;Crescente;Céu Claro;Dupla;"Reta;Declive";Não  ;"1105154   ";Automóvel;RENAULT/LOGAN EXPR 16 M;"2014      ";Condutor;Lesões Leves;"52   ";Masculino;"0 ";"1    ";"0    ";"0    ";-15.6798510;-47.8322110;SPRF-DF;DEL02-DF;UOP01-DEL02-DF 
617039;"1380174   ";2024-07-26;sexta-feira;16:00:00;DF;"20   ";"3,9  ";BRASILIA;Não;Falta de elemento de contenção que evite a saída do leito carroçável;2;Capotamento;Com Vítimas Feridas;Pleno dia;Crescente;Céu Claro;Dupla;"Reta;Declive";Não  ;"1105154   ";Automóvel;RENAULT/LOGAN EXPR 16 M;"2014      ";Condutor;Lesões Leves;"52   ";Masculino;"0 ";"1    ";"0    ";"0    ";-15.6798510;-47.8322110;SPRF-DF;DEL02-DF;UOP01-DEL02-DF 
617039;"1380174   ";2024-07-26;sexta-feira;16:00:00;DF;"20   ";"3,9  ";BRASILIA;Não;Velocidade Incompatível;2;Capotamento;Com Vítimas Feridas;Pleno dia;Crescente;Céu Claro;Dupla;"Reta;Declive";Não  ;"1105154   ";Automóvel;RENAULT/LOGAN EXPR 16 M;"2014      ";Condutor;Lesões Leves;"52   ";Masculino;"0 ";"1    ";"0    ";"0    ";-15.6798510;-47.8322110;SPRF-DF;DEL02-DF;UOP01-DEL02-DF 
617039;"1380174   ";2024-07-26;sexta-feira;16:00:00;DF;"20   ";"3,9  ";BRASILIA;Sim;Manobra de mudança de faixa;2;Capotamento;Com Vítimas Feridas;Pleno dia;Crescente;Céu Claro;Dupla;"Reta;Declive";Não  ;"1105154   ";Automóvel;RENAULT/LOGAN EXPR 16 M;"2014      ";Condutor;Lesões Leves;"52   ";Masculino;"0 ";"1    ";"0    ";"0    ";-15.6798510;-47.8322110;SPRF-DF;DEL02-DF;UOP01-DEL02-DF 
617039;"1380174   ";2024-07-26;sexta-feira;16:00:00;DF;"20   ";"3,9  ";BRASILIA;Não;Frear bruscamente;1;Saída de leito carroçável;Com Vítimas Feridas;Pleno dia;Crescente;Céu Claro;Dupla;"Reta;Declive";Não  ;"1105154   ";Automóvel;RENAULT/LOGAN EXPR 16 M;"2014      ";Condutor;Lesões Leves;"52   ";Masculino;"0 ";"1    ";"0    ";"0    ";-15.6798510;-47.8322110;SPRF-DF;DEL02-DF;UOP01-DEL02-DF 
617039;"1380174   ";2024-07-26;sexta-feira;16:00:00;DF;"20   ";"3,9  ";BRASILIA;Não;Falta de elemento de contenção que evite a saída do leito carroçável;1;Saída de leito carroçável;Com Vítimas Feridas;Pleno dia;Crescente;Céu Claro;Dupla;"Reta;Declive";Não  ;"1105154   ";Automóvel;RENAULT/LOGAN EXPR 16 M;"2014      ";Condutor;Lesões Leves;"52   ";Masculino;"0 ";"1    ";"0    ";"0    ";-15.6798510;-47.8322110;SPRF-DF;DEL02-DF;UOP01-DEL02-DF 
617039;"1380174   ";2024-07-26;sexta-feira;16:00:00;DF;"20   ";"3,9  ";BRASILIA;Não;Velocidade Incompatível;1;Saída de leito carroçável;Com Vítimas Feridas;Pleno dia;Crescente;Céu Claro;Dupla;"Reta;Declive";Não  ;"1105154   ";Automóvel;RENAULT/LOGAN EXPR 16 M;"2014      ";Condutor;Lesões Leves;"52   ";Masculino;"0 ";"1    ";"0    ";"0    ";-15.6798510;-47.8322110;SPRF-DF;DEL02-DF;UOP01-DEL02-DF 
617039;"1380174   ";2024-07-26;sexta-feira;16:00:00;DF;"20   ";"3,9  ";BRASILIA;Sim;Manobra de mudança de faixa;1;Saída de leito carroçável;Com Vítimas Feridas;Pleno dia;Crescente;Céu Claro;Dupla;"Reta;Declive";Não  ;"1105154   ";Automóvel;RENAULT/LOGAN EXPR 16 M;"2014      ";Condutor;Lesões Leves;"52   ";Masculino;"0 ";"1    ";"0    ";"0    ";-15.6798510;-47.8322110;SPRF-DF;DEL02-DF;UOP01-DEL02-DF 
617044;"1380326   ";2024-07-26;sexta-feira;16:00:00;GO;"40   ";"144  ";CRISTALINA;Não;Ingestão de álcool pelo condutor;3;Queda de ocupante de veículo;Com Vítimas Feridas;Pleno dia;Crescente;Céu Claro;Simples;"Reta;Declive";Não  ;"1105268   ";Caminhonete;FIAT/STRADA WORKING CE;"2013      ";Condutor;Ileso;"60   ";Masculino;"1 ";"0    ";"0    ";"0    ";-16.9797430;-47.2560780;SPRF-DF;DEL01-DF;UOP02-DEL01-DF 
617044;"1380327   ";2024-07-26;sexta-feira;16:00:00;GO;"40   ";"144  ";CRISTALINA;Não;Ingestão de álcool pelo condutor;3;Queda de ocupante de veículo;Com Vítimas Feridas;Pleno dia;Crescente;Céu Claro;Simples;"Reta;Declive";Não  ;"1105269   ";Motocicleta;BMW/S1000 RR;"2022      ";Condutor;Lesões Graves;"37   ";Masculino;"0 ";"0    ";"1    ";"0    ";-16.9797430;-47.2560780;SPRF-DF;DEL01-DF;UOP02-DEL01-DF 
617044;"1380328   ";2024-07-26;sexta-feira;16:00:00;GO;"40   ";"144  ";CRISTALINA;Não;Ingestão de álcool pelo condutor;3;Queda de ocupante de veículo;Com Vítimas Feridas;Pleno dia;Crescente;Céu Claro;Simples;"Reta;Declive";Não  ;"1105269   ";Motocicleta;BMW/S1000 RR;"2022      ";Passageiro;Lesões Graves;"29   ";Feminino;"0 ";"0    ";"1    ";"0    ";-16.9797430;-47.2560780;SPRF-DF;DEL01-DF;UOP02-DEL01-DF 
617044;"1380326   ";2024-07-26;sexta-feira;16:00:00;GO;"40   ";"144  ";CRISTALINA;Sim;Acessar a via sem observar a presença dos outros veículos;3;Queda de ocupante de veículo;Com Vítimas Feridas;Pleno dia;Crescente;Céu Claro;Simples;"Reta;Declive";Não  ;"1105268   ";Caminhonete;FIAT/STRADA WORKING CE;"2013      ";Condutor;Ileso;"60   ";Masculino;"1 ";"0    ";"0    ";"0    ";-16.9797430;-47.2560780;SPRF-DF;DEL01-DF;UOP02-DEL01-DF 
617044;"1380327   ";2024-07-26;sexta-feira;16:00:00;GO;"40   ";"144  ";CRISTALINA;Sim;Acessar a via sem observar a presença dos outros veículos;3;Queda de ocupante de veículo;Com Vítimas Feridas;Pleno dia;Crescente;Céu Claro;Simples;"Reta;Declive";Não  ;"1105269   ";Motocicleta;BMW/S1000 RR;"2022      ";Condutor;Lesões Graves;"37   ";Masculino;"0 ";"0    ";"1    ";"0    ";-16.9797430;-47.2560780;SPRF-DF;DEL01-DF;UOP02-DEL01-DF 
617044;"1380328   ";2024-07-26;sexta-feira;16:00:00;GO;"40   ";"144  ";CRISTALINA;Sim;Acessar a via sem observar a presença dos outros veículos;3;Queda de ocupante de veículo;Com Vítimas Feridas;Pleno dia;Crescente;Céu Claro;Simples;"Reta;Declive";Não  ;"1105269   ";Motocicleta;BMW/S1000 RR;"2022      ";Passageiro;Lesões Graves;"29   ";Feminino;"0 ";"0    ";"1    ";"0    ";-16.9797430;-47.2560780;SPRF-DF;DEL01-DF;UOP02-DEL01-DF 
617044;"1380326   ";2024-07-26;sexta-feira;16:00:00;GO;"40   ";"144  ";CRISTALINA;Não;Ingestão de álcool pelo condutor;2;Tombamento;Com Vítimas Feridas;Pleno dia;Crescente;Céu Claro;Simples;"Reta;Declive";Não  ;"1105268   ";Caminhonete;FIAT/STRADA WORKING CE;"2013      ";Condutor;Ileso;"60   ";Masculino;"1 ";"0    ";"0    ";"0    ";-16.9797430;-47.2560780;SPRF-DF;DEL01-DF;UOP02-DEL01-DF 
617044;"1380327   ";2024-07-26;sexta-feira;16:00:00;GO;"40   ";"144  ";CRISTALINA;Não;Ingestão de álcool pelo condutor;2;Tombamento;Com Vítimas Feridas;Pleno dia;Crescente;Céu Claro;Simples;"Reta;Declive";Não  ;"1105269   ";Motocicleta;BMW/S1000 RR;"2022      ";Condutor;Lesões Graves;"37   ";Masculino;"0 ";"0    ";"1    ";"0    ";-16.9797430;-47.2560780;SPRF-DF;DEL01-DF;UOP02-DEL01-DF 
617044;"1380328   ";2024-07-26;sexta-feira;16:00:00;GO;"40   ";"144  ";CRISTALINA;Não;Ingestão de álcool pelo condutor;2;Tombamento;Com Vítimas Feridas;Pleno dia;Crescente;Céu Claro;Simples;"Reta;Declive";Não  ;"1105269   ";Motocicleta;BMW/S1000 RR;"2022      ";Passageiro;Lesões Graves;"29   ";Feminino;"0 ";"0    ";"1    ";"0    ";-16.9797430;-47.2560780;SPRF-DF;DEL01-DF;UOP02-DEL01-DF 
617044;"1380326   ";2024-07-26;sexta-feira;16:00:00;GO;"40   ";"144  ";CRISTALINA;Sim;Acessar a via sem observar a presença dos outros veículos;2;Tombamento;Com Vítimas Feridas;Pleno dia;Crescente;Céu Claro;Simples;"Reta;Declive";Não  ;"1105268   ";Caminhonete;FIAT/STRADA WORKING CE;"2013      ";Condutor;Ileso;"60   ";Masculino;"1 ";"0    ";"0    ";"0    ";-16.9797430;-47.2560780;SPRF-DF;DEL01-DF;UOP02-DEL01-DF 
617044;"1380327   ";2024-07-26;sexta-feira;16:00:00;GO;"40   ";"144  ";CRISTALINA;Sim;Acessar a via sem observar a presença dos outros veículos;2;Tombamento;Com Vítimas Feridas;Pleno dia;Crescente;Céu Claro;Simples;"Reta;Declive";Não  ;"1105269   ";Motocicleta;BMW/S1000 RR;"2022      ";Condutor;Lesões Graves;"37   ";Masculino;"0 ";"0    ";"1    ";"0    ";-16.9797430;-47.2560780;SPRF-DF;DEL01-DF;UOP02-DEL01-DF 
617044;"1380328   ";2024-07-26;sexta-feira;16:00:00;GO;"40   ";"144  ";CRISTALINA;Sim;Acessar a via sem observar a presença dos outros veículos;2;Tombamento;Com Vítimas Feridas;Pleno dia;Crescente;Céu Claro;Simples;"Reta;Declive";Não  ;"1105269   ";Motocicleta;BMW/S1000 RR;"2022      ";Passageiro;Lesões Graves;"29   ";Feminino;"0 ";"0    ";"1    ";"0    ";-16.9797430;-47.2560780;SPRF-DF;DEL01-DF;UOP02-DEL01-DF 
617044;"1380326   ";2024-07-26;sexta-feira;16:00:00;GO;"40   ";"144  ";CRISTALINA;Não;Ingestão de álcool pelo condutor;1;Colisão transversal;Com Vítimas Feridas;Pleno dia;Crescente;Céu Claro;Simples;"Reta;Declive";Não  ;"1105268   ";Caminhonete;FIAT/STRADA WORKING CE;"2013      ";Condutor;Ileso;"60   ";Masculino;"1 ";"0    ";"0    ";"0    ";-16.9797430;-47.2560780;SPRF-DF;DEL01-DF;UOP02-DEL01-DF 
617044;"1380327   ";2024-07-26;sexta-feira;16:00:00;GO;"40   ";"144  ";CRISTALINA;Não;Ingestão de álcool pelo condutor;1;Colisão transversal;Com Vítimas Feridas;Pleno dia;Crescente;Céu Claro;Simples;"Reta;Declive";Não  ;"1105269   ";Motocicleta;BMW/S1000 RR;"2022      ";Condutor;Lesões Graves;"37   ";Masculino;"0 ";"0    ";"1    ";"0    ";-16.9797430;-47.2560780;SPRF-DF;DEL01-DF;UOP02-DEL01-DF 
617044;"1380328   ";2024-07-26;sexta-feira;16:00:00;GO;"40   ";"144  ";CRISTALINA;Não;Ingestão de álcool pelo condutor;1;Colisão transversal;Com Vítimas Feridas;Pleno dia;Crescente;Céu Claro;Simples;"Reta;Declive";Não  ;"1105269   ";Motocicleta;BMW/S1000 RR;"2022      ";Passageiro;Lesões Graves;"29   ";Feminino;"0 ";"0    ";"1    ";"0    ";-16.9797430;-47.2560780;SPRF-DF;DEL01-DF;UOP02-DEL01-DF 
617044;"1380326   ";2024-07-26;sexta-feira;16:00:00;GO;"40   ";"144  ";CRISTALINA;Sim;Acessar a via sem observar a presença dos outros veículos;1;Colisão transversal;Com Vítimas Feridas;Pleno dia;Crescente;Céu Claro;Simples;"Reta;Declive";Não  ;"1105268   ";Caminhonete;FIAT/STRADA WORKING CE;"2013      ";Condutor;Ileso;"60   ";Masculino;"1 ";"0    ";"0    ";"0    ";-16.9797430;-47.2560780;SPRF-DF;DEL01-DF;UOP02-DEL01-DF 
617044;"1380327   ";2024-07-26;sexta-feira;16:00:00;GO;"40   ";"144  ";CRISTALINA;Sim;Acessar a via sem observar a presença dos outros veículos;1;Colisão transversal;Com Vítimas Feridas;Pleno dia;Crescente;Céu Claro;Simples;"Reta;Declive";Não  ;"1105269   ";Motocicleta;BMW/S1000 RR;"2022      ";Condutor;Lesões Graves;"37   ";Masculino;"0 ";"0    ";"1    ";"0    ";-16.9797430;-47.2560780;SPRF-DF;DEL01-DF;UOP02-DEL01-DF 
617044;"1380328   ";2024-07-26;sexta-feira;16:00:00;GO;"40   ";"144  ";CRISTALINA;Sim;Acessar a via sem observar a presença dos outros veículos;1;Colisão transversal;Com Vítimas Feridas;Pleno dia;Crescente;Céu Claro;Simples;"Reta;Declive";Não  ;"1105269   ";Motocicleta;BMW/S1000 RR;"2022      ";Passageiro;Lesões Graves;"29   ";Feminino;"0 ";"0    ";"1    ";"0    ";-16.9797430;-47.2560780;SPRF-DF;DEL01-DF;UOP02-DEL01-DF 
617063;"1382315   ";2024-07-26;sexta-feira;18:45:00;GO;"40   ";"6    ";VALPARAISO DE GOIAS;Sim;Reação tardia ou ineficiente do condutor;1;Queda de ocupante de veículo;Com Vítimas Feridas;Plena Noite;Decrescente;Céu Claro;Dupla;Reta;Sim  ;"1106764   ";Motocicleta;HONDA/CG 125 FAN ES;"2010      ";Condutor;Lesões Leves;"23   ";Feminino;"0 ";"1    ";"0    ";"0    ";-16.1008140;-47.9773510;SPRF-DF;DEL01-DF;UOP01-DEL01-DF 
617063;"1382317   ";2024-07-26;sexta-feira;18:45:00;GO;"40   ";"6    ";VALPARAISO DE GOIAS;Sim;Reação tardia ou ineficiente do condutor;1;Queda de ocupante de veículo;Com Vítimas Feridas;Plena Noite;Decrescente;Céu Claro;Dupla;Reta;Sim  ;"1106764   ";Motocicleta;HONDA/CG 125 FAN ES;"2010      ";Passageiro;Ileso;"23   ";Feminino;"1 ";"0    ";"0    ";"0    ";-16.1008140;-47.9773510;SPRF-DF;DEL01-DF;UOP01-DEL01-DF 
617064;"1380298   ";2024-07-26;sexta-feira;18:20:00;DF;"20   ";"55   ";BRASILIA;Sim;Reação tardia ou ineficiente do condutor;1;Colisão traseira;Sem Vítimas;Plena Noite;Decrescente;Céu Claro;Dupla;Reta;Não  ;"1105249   ";Camioneta;I/KIA SOUL EX 1.6 FF MT;"2011      ";Condutor;Ileso;"34   ";Feminino;"1 ";"0    ";"0    ";"0    ";-15.5799660;-47.3758160;SPRF-DF;DEL02-DF;UOP01-DEL02-DF 
617064;"1380299   ";2024-07-26;sexta-feira;18:20:00;DF;"20   ";"55   ";BRASILIA;Sim;Reação tardia ou ineficiente do condutor;1;Colisão traseira;Sem Vítimas;Plena Noite;Decrescente;Céu Claro;Dupla;Reta;Não  ;"1105250   ";Caminhonete;FIAT/STRADA ENDURANCE CS;"2023      ";Condutor;Ileso;"25   ";Masculino;"1 ";"0    ";"0    ";"0    ";-15.5799660;-47.3758160;SPRF-DF;DEL02-DF;UOP01-DEL02-DF 
617134;"0         ";2024-07-27;sábado;02:30:00;GO;"20   ";"102  ";VILA BOA;Não;Ingestão de álcool pelo condutor;5;Capotamento;Com Vítimas Fatais;Plena Noite;Crescente;Céu Claro;Simples;"Aclive;Reta";Não  ;"1108541   ";Semireboque;SR/TRUCKVAN CA 4ED;"2024      ";"0";"0";"0    ";"0";"0 ";"0    ";"0    ";"0    ";-14.9342520;-46.9792940;SPRF-DF;DEL02-DF;UOP02-DEL02-DF 
617134;"1380555   ";2024-07-27;sábado;02:30:00;GO;"20   ";"102  ";VILA BOA;Não;Ingestão de álcool pelo condutor;5;Capotamento;Com Vítimas Fatais;Plena Noite;Crescente;Céu Claro;Simples;"Aclive;Reta";Não  ;"1105463   ";Caminhão-trator;DAF/XF FTS 480;"2023      ";Condutor;Lesões Graves;"26   ";Masculino;"0 ";"0    ";"1    ";"0    ";-14.9342520;-46.9792940;SPRF-DF;DEL02-DF;UOP02-DEL02-DF 
617134;"1381733   ";2024-07-27;sábado;02:30:00;GO;"20   ";"102  ";VILA BOA;Não;Ingestão de álcool pelo condutor;5;Capotamento;Com Vítimas Fatais;Plena Noite;Crescente;Céu Claro;Simples;"Aclive;Reta";Não  ;"1106299   ";Automóvel;VW/PARATI PATRULH. 1.6;"2009      ";Passageiro;Lesões Leves;"45   ";Feminino;"0 ";"1    ";"0    ";"0    ";-14.9342520;-46.9792940;SPRF-DF;DEL02-DF;UOP02-DEL02-DF 
617134;"1381728   ";2024-07-27;sábado;02:30:00;GO;"20   ";"102  ";VILA BOA;Não;Ingestão de álcool pelo condutor;5;Capotamento;Com Vítimas Fatais;Plena Noite;Crescente;Céu Claro;Simples;"Aclive;Reta";Não  ;"1106299   ";Automóvel;VW/PARATI PATRULH. 1.6;"2009      ";Passageiro;Lesões Leves;"51   ";Feminino;"0 ";"1    ";"0    ";"0    ";-14.9342520;-46.9792940;SPRF-DF;DEL02-DF;UOP02-DEL02-DF 
617134;"1381723   ";2024-07-27;sábado;02:30:00;GO;"20   ";"102  ";VILA BOA;Não;Ingestão de álcool pelo condutor;5;Capotamento;Com Vítimas Fatais;Plena Noite;Crescente;Céu Claro;Simples;"Aclive;Reta";Não  ;"1106299   ";Automóvel;VW/PARATI PATRULH. 1.6;"2009      ";Condutor;Ileso;"47   ";Masculino;"1 ";"0    ";"0    ";"0    ";-14.9342520;-46.9792940;SPRF-DF;DEL02-DF;UOP02-DEL02-DF 
617134;"1381721   ";2024-07-27;sábado;02:30:00;GO;"20   ";"102  ";VILA BOA;Não;Ingestão de álcool pelo condutor;5;Capotamento;Com Vítimas Fatais;Plena Noite;Crescente;Céu Claro;Simples;"Aclive;Reta";Não  ;"1106295   ";Caminhonete;MMC/TRITON SPORT HPE S;"2019      ";Condutor;Óbito;"42   ";Masculino;"0 ";"0    ";"0    ";"1    ";-14.9342520;-46.9792940;SPRF-DF;DEL02-DF;UOP02-DEL02-DF 
617134;"0         ";2024-07-27;sábado;02:30:00;GO;"20   ";"102  ";VILA BOA;Sim;Reação tardia ou ineficiente do condutor;5;Capotamento;Com Vítimas Fatais;Plena Noite;Crescente;Céu Claro;Simples;"Aclive;Reta";Não  ;"1108541   ";Semireboque;SR/TRUCKVAN CA 4ED;"2024      ";"0";"0";"0    ";"0";"0 ";"0    ";"0    ";"0    ";-14.9342520;-46.9792940;SPRF-DF;DEL02-DF;UOP02-DEL02-DF 
617134;"1380555   ";2024-07-27;sábado;02:30:00;GO;"20   ";"102  ";VILA BOA;Sim;Reação tardia ou ineficiente do condutor;5;Capotamento;Com Vítimas Fatais;Plena Noite;Crescente;Céu Claro;Simples;"Aclive;Reta";Não  ;"1105463   ";Caminhão-trator;DAF/XF FTS 480;"2023      ";Condutor;Lesões Graves;"26   ";Masculino;"0 ";"0    ";"1    ";"0    ";-14.9342520;-46.9792940;SPRF-DF;DEL02-DF;UOP02-DEL02-DF 
617134;"1381733   ";2024-07-27;sábado;02:30:00;GO;"20   ";"102  ";VILA BOA;Sim;Reação tardia ou ineficiente do condutor;5;Capotamento;Com Vítimas Fatais;Plena Noite;Crescente;Céu Claro;Simples;"Aclive;Reta";Não  ;"1106299   ";Automóvel;VW/PARATI PATRULH. 1.6;"2009      ";Passageiro;Lesões Leves;"45   ";Feminino;"0 ";"1    ";"0    ";"0    ";-14.9342520;-46.9792940;SPRF-DF;DEL02-DF;UOP02-DEL02-DF 
617134;"1381728   ";2024-07-27;sábado;02:30:00;GO;"20   ";"102  ";VILA BOA;Sim;Reação tardia ou ineficiente do condutor;5;Capotamento;Com Vítimas Fatais;Plena Noite;Crescente;Céu Claro;Simples;"Aclive;Reta";Não  ;"1106299   ";Automóvel;VW/PARATI PATRULH. 1.6;"2009      ";Passageiro;Lesões Leves;"51   ";Feminino;"0 ";"1    ";"0    ";"0    ";-14.9342520;-46.9792940;SPRF-DF;DEL02-DF;UOP02-DEL02-DF 
617134;"1381723   ";2024-07-27;sábado;02:30:00;GO;"20   ";"102  ";VILA BOA;Sim;Reação tardia ou ineficiente do condutor;5;Capotamento;Com Vítimas Fatais;Plena Noite;Crescente;Céu Claro;Simples;"Aclive;Reta";Não  ;"1106299   ";Automóvel;VW/PARATI PATRULH. 1.6;"2009      ";Condutor;Ileso;"47   ";Masculino;"1 ";"0    ";"0    ";"0    ";-14.9342520;-46.9792940;SPRF-DF;DEL02-DF;UOP02-DEL02-DF 
617134;"1381721   ";2024-07-27;sábado;02:30:00;GO;"20   ";"102  ";VILA BOA;Sim;Reação tardia ou ineficiente do condutor;5;Capotamento;Com Vítimas Fatais;Plena Noite;Crescente;Céu Claro;Simples;"Aclive;Reta";Não  ;"1106295   ";Caminhonete;MMC/TRITON SPORT HPE S;"2019      ";Condutor;Óbito;"42   ";Masculino;"0 ";"0    ";"0    ";"1    ";-14.9342520;-46.9792940;SPRF-DF;DEL02-DF;UOP02-DEL02-DF 
617134;"0         ";2024-07-27;sábado;02:30:00;GO;"20   ";"102  ";VILA BOA;Não;Condutor Dormindo;5;Capotamento;Com Vítimas Fatais;Plena Noite;Crescente;Céu Claro;Simples;"Aclive;Reta";Não  ;"1108541   ";Semireboque;SR/TRUCKVAN CA 4ED;"2024      ";"0";"0";"0    ";"0";"0 ";"0    ";"0    ";"0    ";-14.9342520;-46.9792940;SPRF-DF;DEL02-DF;UOP02-DEL02-DF 