id;pesid;data_inversa;dia_semana;horario;uf;br;km;municipio;causa_principal;causa_acidente;ordem_tipo_acidente;tipo_acidente;classificacao_acidente;fase_dia;sentido_via;condicao_metereologica;tipo_pista;tracado_via;uso_solo;id_veiculo;tipo_veiculo;marca;ano_fabricacao_veiculo;tipo_envolvido;estado_fisico;idade;sexo;ilesos;feridos_leves;feridos_graves;mortos;latitude;longitude;regional;delegacia;uop
617134;"1380555   ";2024-07-27;sábado;02:30:00;GO;"20   ";"102  ";VILA BOA;Não;Condutor Dormindo;5;Capotamento;Com Vítimas Fatais;Plena Noite;Crescente;Céu Claro;Simples;"Aclive;Reta";Não  ;"1105463   ";Caminhão-trator;DAF/XF FTS 480;"2023      ";Condutor;Lesões Graves;"26   ";Masculino;"0 ";"0    ";"1    ";"0    ";-14.9342520;-46.9792940;SPRF-DF;DEL02-DF;UOP02-DEL02-DF 
617134;"1381733   ";2024-07-27;sábado;02:30:00;GO;"20   ";"102  ";VILA BOA;Não;Condutor Dormindo;5;Capotamento;Com Vítimas Fatais;Plena Noite;Crescente;Céu Claro;Simples;"Aclive;Reta";Não  ;"1106299   ";Automóvel;VW/PARATI PATRULH. 1.6;"2009      ";Passageiro;Lesões Leves;"45   ";Feminino;"0 ";"1    ";"0    ";"0    ";-14.9342520;-46.9792940;SPRF-DF;DEL02-DF;UOP02-DEL02-DF 
617134;"1381728   ";2024-07-27;sábado;02:30:00;GO;"20   ";"102  ";VILA BOA;Não;Condutor Dormindo;5;Capotamento;Com Vítimas Fatais;Plena Noite;Crescente;Céu Claro;Simples;"Aclive;Reta";Não  ;"1106299   ";Automóvel;VW/PARATI PATRULH. 1.6;"2009      ";Passageiro;Lesões Leves;"51   ";Feminino;"0 ";"1    ";"0    ";"0    ";-14.9342520;-46.9792940;SPRF-DF;DEL02-DF;UOP02-DEL02-DF 
617134;"1381723   ";2024-07-27;sábado;02:30:00;GO;"20   ";"102  ";VILA BOA;Não;Condutor Dormindo;5;Capotamento;Com Vítimas Fatais;Plena Noite;Crescente;Céu Claro;Simples;"Aclive;Reta";Não  ;"1106299   ";Automóvel;VW/PARATI PATRULH. 1.6;"2009      ";Condutor;Ileso;"47   ";Masculino;"1 ";"0    ";"0    ";"0    ";-14.9342520;-46.9792940;SPRF-DF;DEL02-DF;UOP02-DEL02-DF 
617134;"1381721   ";2024-07-27;sábado;02:30:00;GO;"20   ";"102  ";VILA BOA;Não;Condutor Dormindo;5;Capotamento;Com Vítimas Fatais;Plena Noite;Crescente;Céu Claro;Simples;"Aclive;Reta";Não  ;"1106295   ";Caminhonete;MMC/TRITON SPORT HPE S;"2019      ";Condutor;Óbito;"42   ";Masculino;"0 ";"0    ";"0    ";"1    ";-14.9342520;-46.9792940;SPRF-DF;DEL02-DF;UOP02-DEL02-DF 
617134;"0         ";2024-07-27;sábado;02:30:00;GO;"20   ";"102  ";VILA BOA;Não;Ultrapassagem Indevida;5;Capotamento;Com Vítimas Fatais;Plena Noite;Crescente;Céu Claro;Simples;"Aclive;Reta";Não  ;"1108541   ";Semireboque;SR/TRUCKVAN CA 4ED;"2024      ";"0";"0";"0    ";"0";"0 ";"0    ";"0    ";"0    ";-14.9342520;-46.9792940;SPRF-DF;DEL02-DF;UOP02-DEL02-DF 
617134;"1380555   ";2024-07-27;sábado;02:30:00;GO;"20   ";"102  ";VILA BOA;Não;Ultrapassagem Indevida;5;Capotamento;Com Vítimas Fatais;Plena Noite;Crescente;Céu Claro;Simples;"Aclive;Reta";Não  ;"1105463   ";Caminhão-trator;DAF/XF FTS 480;"2023      ";Condutor;Lesões Graves;"26   ";Masculino;"0 ";"0    ";"1    ";"0    ";-14.9342520;-46.9792940;SPRF-DF;DEL02-DF;UOP02-DEL02-DF 
617134;"1381733   ";2024-07-27;sábado;02:30:00;GO;"20   ";"102  ";VILA BOA;Não;Ultrapassagem Indevida;5;Capotamento;Com Vítimas Fatais;Plena Noite;Crescente;Céu Claro;Simples;"Aclive;Reta";Não  ;"1106299   ";Automóvel;VW/PARATI PATRULH. 1.6;"2009      ";Passageiro;Lesões Leves;"45   ";Feminino;"0 ";"1    ";"0    ";"0    ";-14.9342520;-46.9792940;SPRF-DF;DEL02-DF;UOP02-DEL02-DF 
617134;"1381728   ";2024-07-27;sábado;02:30:00;GO;"20   ";"102  ";VILA BOA;Não;Ultrapassagem Indevida;5;Capotamento;Com Vítimas Fatais;Plena Noite;Crescente;Céu Claro;Simples;"Aclive;Reta";Não  ;"1106299   ";Automóvel;VW/PARATI PATRULH. 1.6;"2009      ";Passageiro;Lesões Leves;"51   ";Feminino;"0 ";"1    ";"0    ";"0    ";-14.9342520;-46.9792940;SPRF-DF;DEL02-DF;UOP02-DEL02-DF 
617134;"1381723   ";2024-07-27;sábado;02:30:00;GO;"20   ";"102  ";VILA BOA;Não;Ultrapassagem Indevida;5;Capotamento;Com Vítimas Fatais;Plena Noite;Crescente;Céu Claro;Simples;"Aclive;Reta";Não  ;"1106299   ";Automóvel;VW/PARATI PATRULH. 1.6;"2009      ";Condutor;Ileso;"47   ";Masculino;"1 ";"0    ";"0    ";"0    ";-14.9342520;-46.9792940;SPRF-DF;DEL02-DF;UOP02-DEL02-DF 
617134;"1381721   ";2024-07-27;sábado;02:30:00;GO;"20   ";"102  ";VILA BOA;Não;Ultrapassagem Indevida;5;Capotamento;Com Vítimas Fatais;Plena Noite;Crescente;Céu Claro;Simples;"Aclive;Reta";Não  ;"1106295   ";Caminhonete;MMC/TRITON SPORT HPE S;"2019      ";Condutor;Óbito;"42   ";Masculino;"0 ";"0    ";"0    ";"1    ";-14.9342520;-46.9792940;SPRF-DF;DEL02-DF;UOP02-DEL02-DF 
617134;"0         ";2024-07-27;sábado;02:30:00;GO;"20   ";"102  ";VILA BOA;Não;Ingestão de álcool pelo condutor;4;Saída de leito carroçável;Com Vítimas Fatais;Plena Noite;Crescente;Céu Claro;Simples;"Aclive;Reta";Não  ;"1108541   ";Semireboque;SR/TRUCKVAN CA 4ED;"2024      ";"0";"0";"0    ";"0";"0 ";"0    ";"0    ";"0    ";-14.9342520;-46.9792940;SPRF-DF;DEL02-DF;UOP02-DEL02-DF 
617134;"1380555   ";2024-07-27;sábado;02:30:00;GO;"20   ";"102  ";VILA BOA;Não;Ingestão de álcool pelo condutor;4;Saída de leito carroçável;Com Vítimas Fatais;Plena Noite;Crescente;Céu Claro;Simples;"Aclive;Reta";Não  ;"1105463   ";Caminhão-trator;DAF/XF FTS 480;"2023      ";Condutor;Lesões Graves;"26   ";Masculino;"0 ";"0    ";"1    ";"0    ";-14.9342520;-46.9792940;SPRF-DF;DEL02-DF;UOP02-DEL02-DF 
617134;"1381733   ";2024-07-27;sábado;02:30:00;GO;"20   ";"102  ";VILA BOA;Não;Ingestão de álcool pelo condutor;4;Saída de leito carroçável;Com Vítimas Fatais;Plena Noite;Crescente;Céu Claro;Simples;"Aclive;Reta";Não  ;"1106299   ";Automóvel;VW/PARATI PATRULH. 1.6;"2009      ";Passageiro;Lesões Leves;"45   ";Feminino;"0 ";"1    ";"0    ";"0    ";-14.9342520;-46.9792940;SPRF-DF;DEL02-DF;UOP02-DEL02-DF 
617134;"1381728   ";2024-07-27;sábado;02:30:00;GO;"20   ";"102  ";VILA BOA;Não;Ingestão de álcool pelo condutor;4;Saída de leito carroçável;Com Vítimas Fatais;Plena Noite;Crescente;Céu Claro;Simples;"Aclive;Reta";Não  ;"1106299   ";Automóvel;VW/PARATI PATRULH. 1.6;"2009      ";Passageiro;Lesões Leves;"51   ";Feminino;"0 ";"1    ";"0    ";"0    ";-14.9342520;-46.9792940;SPRF-DF;DEL02-DF;UOP02-DEL02-DF 
617134;"1381723   ";2024-07-27;sábado;02:30:00;GO;"20   ";"102  ";VILA BOA;Não;Ingestão de álcool pelo condutor;4;Saída de leito carroçável;Com Vítimas Fatais;Plena Noite;Crescente;Céu Claro;Simples;"Aclive;Reta";Não  ;"1106299   ";Automóvel;VW/PARATI PATRULH. 1.6;"2009      ";Condutor;Ileso;"47   ";Masculino;"1 ";"0    ";"0    ";"0    ";-14.9342520;-46.9792940;SPRF-DF;DEL02-DF;UOP02-DEL02-DF 
617134;"1381721   ";2024-07-27;sábado;02:30:00;GO;"20   ";"102  ";VILA BOA;Não;Ingestão de álcool pelo condutor;4;Saída de leito carroçável;Com Vítimas Fatais;Plena Noite;Crescente;Céu Claro;Simples;"Aclive;Reta";Não  ;"1106295   ";Caminhonete;MMC/TRITON SPORT HPE S;"2019      ";Condutor;Óbito;"42   ";Masculino;"0 ";"0    ";"0    ";"1    ";-14.9342520;-46.9792940;SPRF-DF;DEL02-DF;UOP02-DEL02-DF 
617134;"0         ";2024-07-27;sábado;02:30:00;GO;"20   ";"102  ";VILA BOA;Sim;Reação tardia ou ineficiente do condutor;4;Saída de leito carroçável;Com Vítimas Fatais;Plena Noite;Crescente;Céu Claro;Simples;"Aclive;Reta";Não  ;"1108541   ";Semireboque;SR/TRUCKVAN CA 4ED;"2024      ";"0";"0";"0    ";"0";"0 ";"0    ";"0    ";"0    ";-14.9342520;-46.9792940;SPRF-DF;DEL02-DF;UOP02-DEL02-DF 
617134;"1380555   ";2024-07-27;sábado;02:30:00;GO;"20   ";"102  ";VILA BOA;Sim;Reação tardia ou ineficiente do condutor;4;Saída de leito carroçável;Com Vítimas Fatais;Plena Noite;Crescente;Céu Claro;Simples;"Aclive;Reta";Não  ;"1105463   ";Caminhão-trator;DAF/XF FTS 480;"2023      ";Condutor;Lesões Graves;"26   ";Masculino;"0 ";"0    ";"1    ";"0    ";-14.9342520;-46.9792940;SPRF-DF;DEL02-DF;UOP02-DEL02-DF 
617134;"1381733   ";2024-07-27;sábado;02:30:00;GO;"20   ";"102  ";VILA BOA;Sim;Reação tardia ou ineficiente do condutor;4;Saída de leito carroçável;Com Vítimas Fatais;Plena Noite;Crescente;Céu Claro;Simples;"Aclive;Reta";Não  ;"1106299   ";Automóvel;VW/PARATI PATRULH. 1.6;"2009      ";Passageiro;Lesões Leves;"45   ";Feminino;"0 ";"1    ";"0    ";"0    ";-14.9342520;-46.9792940;SPRF-DF;DEL02-DF;UOP02-DEL02-DF 
617134;"1381728   ";2024-07-27;sábado;02:30:00;GO;"20   ";"102  ";VILA BOA;Sim;Reação tardia ou ineficiente do condutor;4;Saída de leito carroçável;Com Vítimas Fatais;Plena Noite;Crescente;Céu Claro;Simples;"Aclive;Reta";Não  ;"1106299   ";Automóvel;VW/PARATI PATRULH. 1.6;"2009      ";Passageiro;Lesões Leves;"51   ";Feminino;"0 ";"1    ";"0    ";"0    ";-14.9342520;-46.9792940;SPRF-DF;DEL02-DF;UOP02-DEL02-DF 
617134;"1381723   ";2024-07-27;sábado;02:30:00;GO;"20   ";"102  ";VILA BOA;Sim;Reação tardia ou ineficiente do condutor;4;Saída de leito carroçável;Com Vítimas Fatais;Plena Noite;Crescente;Céu Claro;Simples;"Aclive;Reta";Não  ;"1106299   ";Automóvel;VW/PARATI PATRULH. 1.6;"2009      ";Condutor;Ileso;"47   ";Masculino;"1 ";"0    ";"0    ";"0    ";-14.9342520;-46.9792940;SPRF-DF;DEL02-DF;UOP02-DEL02-DF 
617134;"1381721   ";2024-07-27;sábado;02:30:00;GO;"20   ";"102  ";VILA BOA;Sim;Reação tardia ou ineficiente do condutor;4;Saída de leito carroçável;Com Vítimas Fatais;Plena Noite;Crescente;Céu Claro;Simples;"Aclive;Reta";Não  ;"1106295   ";Caminhonete;MMC/TRITON SPORT HPE S;"2019      ";Condutor;Óbito;"42   ";Masculino;"0 ";"0    ";"0    ";"1    ";-14.9342520;-46.9792940;SPRF-DF;DEL02-DF;UOP02-DEL02-DF 
617134;"0         ";2024-07-27;sábado;02:30:00;GO;"20   ";"102  ";VILA BOA;Não;Condutor Dormindo;4;Saída de leito carroçável;Com Vítimas Fatais;Plena Noite;Crescente;Céu Claro;Simples;"Aclive;Reta";Não  ;"1108541   ";Semireboque;SR/TRUCKVAN CA 4ED;"2024      ";"0";"0";"0    ";"0";"0 ";"0    ";"0    ";"0    ";-14.9342520;-46.9792940;SPRF-DF;DEL02-DF;UOP02-DEL02-DF 
617134;"1380555   ";2024-07-27;sábado;02:30:00;GO;"20   ";"102  ";VILA BOA;Não;Condutor Dormindo;4;Saída de leito carroçável;Com Vítimas Fatais;Plena Noite;Crescente;Céu Claro;Simples;"Aclive;Reta";Não  ;"1105463   ";Caminhão-trator;DAF/XF FTS 480;"2023      ";Condutor;Lesões Graves;"26   ";Masculino;"0 ";"0    ";"1    ";"0    ";-14.9342520;-46.9792940;SPRF-DF;DEL02-DF;UOP02-DEL02-DF 
617134;"1381733   ";2024-07-27;sábado;02:30:00;GO;"20   ";"102  ";VILA BOA;Não;Condutor Dormindo;4;Saída de leito carroçável;Com Vítimas Fatais;Plena Noite;Crescente;Céu Claro;Simples;"Aclive;Reta";Não  ;"1106299   ";Automóvel;VW/PARATI PATRULH. 1.6;"2009      ";Passageiro;Lesões Leves;"45   ";Feminino;"0 ";"1    ";"0    ";"0    ";-14.9342520;-46.9792940;SPRF-DF;DEL02-DF;UOP02-DEL02-DF 
617134;"1381728   ";2024-07-27;sábado;02:30:00;GO;"20   ";"102  ";VILA BOA;Não;Condutor Dormindo;4;Saída de leito carroçável;Com Vítimas Fatais;Plena Noite;Crescente;Céu Claro;Simples;"Aclive;Reta";Não  ;"1106299   ";Automóvel;VW/PARATI PATRULH. 1.6;"2009      ";Passageiro;Lesões Leves;"51   ";Feminino;"0 ";"1    ";"0    ";"0    ";-14.9342520;-46.9792940;SPRF-DF;DEL02-DF;UOP02-DEL02-DF 
617134;"1381723   ";2024-07-27;sábado;02:30:00;GO;"20   ";"102  ";VILA BOA;Não;Condutor Dormindo;4;Saída de leito carroçável;Com Vítimas Fatais;Plena Noite;Crescente;Céu Claro;Simples;"Aclive;Reta";Não  ;"1106299   ";Automóvel;VW/PARATI PATRULH. 1.6;"2009      ";Condutor;Ileso;"47   ";Masculino;"1 ";"0    ";"0    ";"0    ";-14.9342520;-46.9792940;SPRF-DF;DEL02-DF;UOP02-DEL02-DF 
617134;"1381721   ";2024-07-27;sábado;02:30:00;GO;"20   ";"102  ";VILA BOA;Não;Condutor Dormindo;4;Saída de leito carroçável;Com Vítimas Fatais;Plena Noite;Crescente;Céu Claro;Simples;"Aclive;Reta";Não  ;"1106295   ";Caminhonete;MMC/TRITON SPORT HPE S;"2019      ";Condutor;Óbito;"42   ";Masculino;"0 ";"0    ";"0    ";"1    ";-14.9342520;-46.9792940;SPRF-DF;DEL02-DF;UOP02-DEL02-DF 
617134;"0         ";2024-07-27;sábado;02:30:00;GO;"20   ";"102  ";VILA BOA;Não;Ultrapassagem Indevida;4;Saída de leito carroçável;Com Vítimas Fatais;Plena Noite;Crescente;Céu Claro;Simples;"Aclive;Reta";Não  ;"1108541   ";Semireboque;SR/TRUCKVAN CA 4ED;"2024      ";"0";"0";"0    ";"0";"0 ";"0    ";"0    ";"0    ";-14.9342520;-46.9792940;SPRF-DF;DEL02-DF;UOP02-DEL02-DF 
617134;"1380555   ";2024-07-27;sábado;02:30:00;GO;"20   ";"102  ";VILA BOA;Não;Ultrapassagem Indevida;4;Saída de leito carroçável;Com Vítimas Fatais;Plena Noite;Crescente;Céu Claro;Simples;"Aclive;Reta";Não  ;"1105463   ";Caminhão-trator;DAF/XF FTS 480;"2023      ";Condutor;Lesões Graves;"26   ";Masculino;"0 ";"0    ";"1    ";"0    ";-14.9342520;-46.9792940;SPRF-DF;DEL02-DF;UOP02-DEL02-DF 
617134;"1381733   ";2024-07-27;sábado;02:30:00;GO;"20   ";"102  ";VILA BOA;Não;Ultrapassagem Indevida;4;Saída de leito carroçável;Com Vítimas Fatais;Plena Noite;Crescente;Céu Claro;Simples;"Aclive;Reta";Não  ;"1106299   ";Automóvel;VW/PARATI PATRULH. 1.6;"2009      ";Passageiro;Lesões Leves;"45   ";Feminino;"0 ";"1    ";"0    ";"0    ";-14.9342520;-46.9792940;SPRF-DF;DEL02-DF;UOP02-DEL02-DF 
617134;"1381728   ";2024-07-27;sábado;02:30:00;GO;"20   ";"102  ";VILA BOA;Não;Ultrapassagem Indevida;4;Saída de leito carroçável;Com Vítimas Fatais;Plena Noite;Crescente;Céu Claro;Simples;"Aclive;Reta";Não  ;"1106299   ";Automóvel;VW/PARATI PATRULH. 1.6;"2009      ";Passageiro;Lesões Leves;"51   ";Feminino;"0 ";"1    ";"0    ";"0    ";-14.9342520;-46.9792940;SPRF-DF;DEL02-DF;UOP02-DEL02-DF 
617134;"1381723   ";2024-07-27;sábado;02:30:00;GO;"20   ";"102  ";VILA BOA;Não;Ultrapassagem Indevida;4;Saída de leito carroçável;Com Vítimas Fatais;Plena Noite;Crescente;Céu Claro;Simples;"Aclive;Reta";Não  ;"1106299   ";Automóvel;VW/PARATI PATRULH. 1.6;"2009      ";Condutor;Ileso;"47   ";Masculino;"1 ";"0    ";"0    ";"0    ";-14.9342520;-46.9792940;SPRF-DF;DEL02-DF;UOP02-DEL02-DF 
617134;"1381721   ";2024-07-27;sábado;02:30:00;GO;"20   ";"102  ";VILA BOA;Não;Ultrapassagem Indevida;4;Saída de leito carroçável;Com Vítimas Fatais;Plena Noite;Crescente;Céu Claro;Simples;"Aclive;Reta";Não  ;"1106295   ";Caminhonete;MMC/TRITON SPORT HPE S;"2019      ";Condutor;Óbito;"42   ";Masculino;"0 ";"0    ";"0    ";"1    ";-14.9342520;-46.9792940;SPRF-DF;DEL02-DF;UOP02-DEL02-DF 
617134;"0         ";2024-07-27;sábado;02:30:00;GO;"20   ";"102  ";VILA BOA;Não;Ingestão de álcool pelo condutor;3;Tombamento;Com Vítimas Fatais;Plena Noite;Crescente;Céu Claro;Simples;"Aclive;Reta";Não  ;"1108541   ";Semireboque;SR/TRUCKVAN CA 4ED;"2024      ";"0";"0";"0    ";"0";"0 ";"0    ";"0    ";"0    ";-14.9342520;-46.9792940;SPRF-DF;DEL02-DF;UOP02-DEL02-DF 
617134;"1380555   ";2024-07-27;sábado;02:30:00;GO;"20   ";"102  ";VILA BOA;Não;Ingestão de álcool pelo condutor;3;Tombamento;Com Vítimas Fatais;Plena Noite;Crescente;Céu Claro;Simples;"Aclive;Reta";Não  ;"1105463   ";Caminhão-trator;DAF/XF FTS 480;"2023      ";Condutor;Lesões Graves;"26   ";Masculino;"0 ";"0    ";"1    ";"0    ";-14.9342520;-46.9792940;SPRF-DF;DEL02-DF;UOP02-DEL02-DF 
617134;"1381733   ";2024-07-27;sábado;02:30:00;GO;"20   ";"102  ";VILA BOA;Não;Ingestão de álcool pelo condutor;3;Tombamento;Com Vítimas Fatais;Plena Noite;Crescente;Céu Claro;Simples;"Aclive;Reta";Não  ;"1106299   ";Automóvel;VW/PARATI PATRULH. 1.6;"2009      ";Passageiro;Lesões Leves;"45   ";Feminino;"0 ";"1    ";"0    ";"0    ";-14.9342520;-46.9792940;SPRF-DF;DEL02-DF;UOP02-DEL02-DF 
617134;"1381728   ";2024-07-27;sábado;02:30:00;GO;"20   ";"102  ";VILA BOA;Não;Ingestão de álcool pelo condutor;3;Tombamento;Com Vítimas Fatais;Plena Noite;Crescente;Céu Claro;Simples;"Aclive;Reta";Não  ;"1106299   ";Automóvel;VW/PARATI PATRULH. 1.6;"2009      ";Passageiro;Lesões Leves;"51   ";Feminino;"0 ";"1    ";"0    ";"0    ";-14.9342520;-46.9792940;SPRF-DF;DEL02-DF;UOP02-DEL02-DF 
617134;"1381723   ";2024-07-27;sábado;02:30:00;GO;"20   ";"102  ";VILA BOA;Não;Ingestão de álcool pelo condutor;3;Tombamento;Com Vítimas Fatais;Plena Noite;Crescente;Céu Claro;Simples;"Aclive;Reta";Não  ;"1106299   ";Automóvel;VW/PARATI PATRULH. 1.6;"2009      ";Condutor;Ileso;"47   ";Masculino;"1 ";"0    ";"0    ";"0    ";-14.9342520;-46.9792940;SPRF-DF;DEL02-DF;UOP02-DEL02-DF 
617134;"1381721   ";2024-07-27;sábado;02:30:00;GO;"20   ";"102  ";VILA BOA;Não;Ingestão de álcool pelo condutor;3;Tombamento;Com Vítimas Fatais;Plena Noite;Crescente;Céu Claro;Simples;"Aclive;Reta";Não  ;"1106295   ";Caminhonete;MMC/TRITON SPORT HPE S;"2019      ";Condutor;Óbito;"42   ";Masculino;"0 ";"0    ";"0    ";"1    ";-14.9342520;-46.9792940;SPRF-DF;DEL02-DF;UOP02-DEL02-DF 
617134;"0         ";2024-07-27;sábado;02:30:00;GO;"20   ";"102  ";VILA BOA;Sim;Reação tardia ou ineficiente do condutor;3;Tombamento;Com Vítimas Fatais;Plena Noite;Crescente;Céu Claro;Simples;"Aclive;Reta";Não  ;"1108541   ";Semireboque;SR/TRUCKVAN CA 4ED;"2024      ";"0";"0";"0    ";"0";"0 ";"0    ";"0    ";"0    ";-14.9342520;-46.9792940;SPRF-DF;DEL02-DF;UOP02-DEL02-DF 
617134;"1380555   ";2024-07-27;sábado;02:30:00;GO;"20   ";"102  ";VILA BOA;Sim;Reação tardia ou ineficiente do condutor;3;Tombamento;Com Vítimas Fatais;Plena Noite;Crescente;Céu Claro;Simples;"Aclive;Reta";Não  ;"1105463   ";Caminhão-trator;DAF/XF FTS 480;"2023      ";Condutor;Lesões Graves;"26   ";Masculino;"0 ";"0    ";"1    ";"0    ";-14.9342520;-46.9792940;SPRF-DF;DEL02-DF;UOP02-DEL02-DF 
617134;"1381733   ";2024-07-27;sábado;02:30:00;GO;"20   ";"102  ";VILA BOA;Sim;Reação tardia ou ineficiente do condutor;3;Tombamento;Com Vítimas Fatais;Plena Noite;Crescente;Céu Claro;Simples;"Aclive;Reta";Não  ;"1106299   ";Automóvel;VW/PARATI PATRULH. 1.6;"2009      ";Passageiro;Lesões Leves;"45   ";Feminino;"0 ";"1    ";"0    ";"0    ";-14.9342520;-46.9792940;SPRF-DF;DEL02-DF;UOP02-DEL02-DF 
617134;"1381728   ";2024-07-27;sábado;02:30:00;GO;"20   ";"102  ";VILA BOA;Sim;Reação tardia ou ineficiente do condutor;3;Tombamento;Com Vítimas Fatais;Plena Noite;Crescente;Céu Claro;Simples;"Aclive;Reta";Não  ;"1106299   ";Automóvel;VW/PARATI PATRULH. 1.6;"2009      ";Passageiro;Lesões Leves;"51   ";Feminino;"0 ";"1    ";"0    ";"0    ";-14.9342520;-46.9792940;SPRF-DF;DEL02-DF;UOP02-DEL02-DF 
617134;"1381723   ";2024-07-27;sábado;02:30:00;GO;"20   ";"102  ";VILA BOA;Sim;Reação tardia ou ineficiente do condutor;3;Tombamento;Com Vítimas Fatais;Plena Noite;Crescente;Céu Claro;Simples;"Aclive;Reta";Não  ;"1106299   ";Automóvel;VW/PARATI PATRULH. 1.6;"2009      ";Condutor;Ileso;"47   ";Masculino;"1 ";"0    ";"0    ";"0    ";-14.9342520;-46.9792940;SPRF-DF;DEL02-DF;UOP02-DEL02-DF 
617134;"1381721   ";2024-07-27;sábado;02:30:00;GO;"20   ";"102  ";VILA BOA;Sim;Reação tardia ou ineficiente do condutor;3;Tombamento;Com Vítimas Fatais;Plena Noite;Crescente;Céu Claro;Simples;"Aclive;Reta";Não  ;"1106295   ";Caminhonete;MMC/TRITON SPORT HPE S;"2019      ";Condutor;Óbito;"42   ";Masculino;"0 ";"0    ";"0    ";"1    ";-14.9342520;-46.9792940;SPRF-DF;DEL02-DF;UOP02-DEL02-DF 
617134;"0         ";2024-07-27;sábado;02:30:00;GO;"20   ";"102  ";VILA BOA;Não;Condutor Dormindo;3;Tombamento;Com Vítimas Fatais;Plena Noite;Crescente;Céu Claro;Simples;"Aclive;Reta";Não  ;"1108541   ";Semireboque;SR/TRUCKVAN CA 4ED;"2024      ";"0";"0";"0    ";"0";"0 ";"0    ";"0    ";"0    ";-14.9342520;-46.9792940;SPRF-DF;DEL02-DF;UOP02-DEL02-DF 
617134;"1380555   ";2024-07-27;sábado;02:30:00;GO;"20   ";"102  ";VILA BOA;Não;Condutor Dormindo;3;Tombamento;Com Vítimas Fatais;Plena Noite;Crescente;Céu Claro;Simples;"Aclive;Reta";Não  ;"1105463   ";Caminhão-trator;DAF/XF FTS 480;"2023      ";Condutor;Lesões Graves;"26   ";Masculino;"0 ";"0    ";"1    ";"0    ";-14.9342520;-46.9792940;SPRF-DF;DEL02-DF;UOP02-DEL02-DF 
617134;"1381733   ";2024-07-27;sábado;02:30:00;GO;"20   ";"102  ";VILA BOA;Não;Condutor Dormindo;3;Tombamento;Com Vítimas Fatais;Plena Noite;Crescente;Céu Claro;Simples;"Aclive;Reta";Não  ;"1106299   ";Automóvel;VW/PARATI PATRULH. 1.6;"2009      ";Passageiro;Lesões Leves;"45   ";Feminino;"0 ";"1    ";"0    ";"0    ";-14.9342520;-46.9792940;SPRF-DF;DEL02-DF;UOP02-DEL02-DF 
617134;"1381728   ";2024-07-27;sábado;02:30:00;GO;"20   ";"102  ";VILA BOA;Não;Condutor Dormindo;3;Tombamento;Com Vítimas Fatais;Plena Noite;Crescente;Céu Claro;Simples;"Aclive;Reta";Não  ;"1106299   ";Automóvel;VW/PARATI PATRULH. 1.6;"2009      ";Passageiro;Lesões Leves;"51   ";Feminino;"0 ";"1    ";"0    ";"0    ";-14.9342520;-46.9792940;SPRF-DF;DEL02-DF;UOP02-DEL02-DF 
617134;"1381723   ";2024-07-27;sábado;02:30:00;GO;"20   ";"102  ";VILA BOA;Não;Condutor Dormindo;3;Tombamento;Com Vítimas Fatais;Plena Noite;Crescente;Céu Claro;Simples;"Aclive;Reta";Não  ;"1106299   ";Automóvel;VW/PARATI PATRULH. 1.6;"2009      ";Condutor;Ileso;"47   ";Masculino;"1 ";"0    ";"0    ";"0    ";-14.9342520;-46.9792940;SPRF-DF;DEL02-DF;UOP02-DEL02-DF 
617134;"1381721   ";2024-07-27;sábado;02:30:00;GO;"20   ";"102  ";VILA BOA;Não;Condutor Dormindo;3;Tombamento;Com Vítimas Fatais;Plena Noite;Crescente;Céu Claro;Simples;"Aclive;Reta";Não  ;"1106295   ";Caminhonete;MMC/TRITON SPORT HPE S;"2019      ";Condutor;Óbito;"42   ";Masculino;"0 ";"0    ";"0    ";"1    ";-14.9342520;-46.9792940;SPRF-DF;DEL02-DF;UOP02-DEL02-DF 
617134;"0         ";2024-07-27;sábado;02:30:00;GO;"20   ";"102  ";VILA BOA;Não;Ultrapassagem Indevida;3;Tombamento;Com Vítimas Fatais;Plena Noite;Crescente;Céu Claro;Simples;"Aclive;Reta";Não  ;"1108541   ";Semireboque;SR/TRUCKVAN CA 4ED;"2024      ";"0";"0";"0    ";"0";"0 ";"0    ";"0    ";"0    ";-14.9342520;-46.9792940;SPRF-DF;DEL02-DF;UOP02-DEL02-DF 
617134;"1380555   ";2024-07-27;sábado;02:30:00;GO;"20   ";"102  ";VILA BOA;Não;Ultrapassagem Indevida;3;Tombamento;Com Vítimas Fatais;Plena Noite;Crescente;Céu Claro;Simples;"Aclive;Reta";Não  ;"1105463   ";Caminhão-trator;DAF/XF FTS 480;"2023      ";Condutor;Lesões Graves;"26   ";Masculino;"0 ";"0    ";"1    ";"0    ";-14.9342520;-46.9792940;SPRF-DF;DEL02-DF;UOP02-DEL02-DF 
617134;"1381733   ";2024-07-27;sábado;02:30:00;GO;"20   ";"102  ";VILA BOA;Não;Ultrapassagem Indevida;3;Tombamento;Com Vítimas Fatais;Plena Noite;Crescente;Céu Claro;Simples;"Aclive;Reta";Não  ;"1106299   ";Automóvel;VW/PARATI PATRULH. 1.6;"2009      ";Passageiro;Lesões Leves;"45   ";Feminino;"0 ";"1    ";"0    ";"0    ";-14.9342520;-46.9792940;SPRF-DF;DEL02-DF;UOP02-DEL02-DF 
617134;"1381728   ";2024-07-27;sábado;02:30:00;GO;"20   ";"102  ";VILA BOA;Não;Ultrapassagem Indevida;3;Tombamento;Com Vítimas Fatais;Plena Noite;Crescente;Céu Claro;Simples;"Aclive;Reta";Não  ;"1106299   ";Automóvel;VW/PARATI PATRULH. 1.6;"2009      ";Passageiro;Lesões Leves;"51   ";Feminino;"0 ";"1    ";"0    ";"0    ";-14.9342520;-46.9792940;SPRF-DF;DEL02-DF;UOP02-DEL02-DF 