id;pesid;data_inversa;dia_semana;horario;uf;br;km;municipio;causa_principal;causa_acidente;ordem_tipo_acidente;tipo_acidente;classificacao_acidente;fase_dia;sentido_via;condicao_metereologica;tipo_pista;tracado_via;uso_solo;id_veiculo;tipo_veiculo;marca;ano_fabricacao_veiculo;tipo_envolvido;estado_fisico;idade;sexo;ilesos;feridos_leves;feridos_graves;mortos;latitude;longitude;regional;delegacia;uop
617494;"1381399   ";2024-07-28;domingo;18:04:00;GO;"60   ";"19,8 ";ALEXANIA;Sim;Reação tardia ou ineficiente do condutor;1;Colisão traseira;Sem Vítimas;Anoitecer;Crescente;Céu Claro;Dupla;"Aclive;Reta";Não  ;"1106047   ";Automóvel;NISSAN/KICKS ACTIVE CVT;"2023      ";Passageiro;Ileso;"1    ";Masculino;"1 ";"0    ";"0    ";"0    ";-16.0963000;-48.5202000;SPRF-DF;DEL03-DF;UOP01-DEL03-DF 
617494;"1381397   ";2024-07-28;domingo;18:04:00;GO;"60   ";"19,8 ";ALEXANIA;Sim;Reação tardia ou ineficiente do condutor;1;Colisão traseira;Sem Vítimas;Anoitecer;Crescente;Céu Claro;Dupla;"Aclive;Reta";Não  ;"1106047   ";Automóvel;NISSAN/KICKS ACTIVE CVT;"2023      ";Passageiro;Ileso;"40   ";Feminino;"1 ";"0    ";"0    ";"0    ";-16.0963000;-48.5202000;SPRF-DF;DEL03-DF;UOP01-DEL03-DF 
617494;"1381396   ";2024-07-28;domingo;18:04:00;GO;"60   ";"19,8 ";ALEXANIA;Sim;Reação tardia ou ineficiente do condutor;1;Colisão traseira;Sem Vítimas;Anoitecer;Crescente;Céu Claro;Dupla;"Aclive;Reta";Não  ;"1106047   ";Automóvel;NISSAN/KICKS ACTIVE CVT;"2023      ";Condutor;Ileso;"41   ";Masculino;"1 ";"0    ";"0    ";"0    ";-16.0963000;-48.5202000;SPRF-DF;DEL03-DF;UOP01-DEL03-DF 
617502;"1381442   ";2024-07-28;domingo;19:40:00;GO;"40   ";"7    ";VALPARAISO DE GOIAS;Não;Ausência de reação do condutor;3;Capotamento;Com Vítimas Feridas;Plena Noite;Decrescente;Céu Claro;Dupla;Reta;Sim  ;"1106071   ";Motocicleta;YAMAHA/YBR150 FACTOR ED;"2019      ";Passageiro;Lesões Leves;"46   ";Masculino;"0 ";"1    ";"0    ";"0    ";-16.1084820;-47.9725240;SPRF-DF;DEL01-DF;UOP01-DEL01-DF 
617502;"1381440   ";2024-07-28;domingo;19:40:00;GO;"40   ";"7    ";VALPARAISO DE GOIAS;Não;Ausência de reação do condutor;3;Capotamento;Com Vítimas Feridas;Plena Noite;Decrescente;Céu Claro;Dupla;Reta;Sim  ;"1106071   ";Motocicleta;YAMAHA/YBR150 FACTOR ED;"2019      ";Condutor;Lesões Leves;"22   ";Masculino;"0 ";"1    ";"0    ";"0    ";-16.1084820;-47.9725240;SPRF-DF;DEL01-DF;UOP01-DEL01-DF 
617502;"1381465   ";2024-07-28;domingo;19:40:00;GO;"40   ";"7    ";VALPARAISO DE GOIAS;Não;Ausência de reação do condutor;3;Capotamento;Com Vítimas Feridas;Plena Noite;Decrescente;Céu Claro;Dupla;Reta;Sim  ;"1106072   ";Automóvel;Não Informado/Não Informado;"0         ";Condutor;Não Informado;"0    ";Não Informado;"0 ";"0    ";"0    ";"0    ";-16.1084820;-47.9725240;SPRF-DF;DEL01-DF;UOP01-DEL01-DF 
617502;"1381442   ";2024-07-28;domingo;19:40:00;GO;"40   ";"7    ";VALPARAISO DE GOIAS;Não;Trafegar com motocicleta (ou similar) entre as faixas;3;Capotamento;Com Vítimas Feridas;Plena Noite;Decrescente;Céu Claro;Dupla;Reta;Sim  ;"1106071   ";Motocicleta;YAMAHA/YBR150 FACTOR ED;"2019      ";Passageiro;Lesões Leves;"46   ";Masculino;"0 ";"1    ";"0    ";"0    ";-16.1084820;-47.9725240;SPRF-DF;DEL01-DF;UOP01-DEL01-DF 
617502;"1381440   ";2024-07-28;domingo;19:40:00;GO;"40   ";"7    ";VALPARAISO DE GOIAS;Não;Trafegar com motocicleta (ou similar) entre as faixas;3;Capotamento;Com Vítimas Feridas;Plena Noite;Decrescente;Céu Claro;Dupla;Reta;Sim  ;"1106071   ";Motocicleta;YAMAHA/YBR150 FACTOR ED;"2019      ";Condutor;Lesões Leves;"22   ";Masculino;"0 ";"1    ";"0    ";"0    ";-16.1084820;-47.9725240;SPRF-DF;DEL01-DF;UOP01-DEL01-DF 
617502;"1381465   ";2024-07-28;domingo;19:40:00;GO;"40   ";"7    ";VALPARAISO DE GOIAS;Não;Trafegar com motocicleta (ou similar) entre as faixas;3;Capotamento;Com Vítimas Feridas;Plena Noite;Decrescente;Céu Claro;Dupla;Reta;Sim  ;"1106072   ";Automóvel;Não Informado/Não Informado;"0         ";Condutor;Não Informado;"0    ";Não Informado;"0 ";"0    ";"0    ";"0    ";-16.1084820;-47.9725240;SPRF-DF;DEL01-DF;UOP01-DEL01-DF 
617502;"1381442   ";2024-07-28;domingo;19:40:00;GO;"40   ";"7    ";VALPARAISO DE GOIAS;Sim;Acessar a via sem observar a presença dos outros veículos;3;Capotamento;Com Vítimas Feridas;Plena Noite;Decrescente;Céu Claro;Dupla;Reta;Sim  ;"1106071   ";Motocicleta;YAMAHA/YBR150 FACTOR ED;"2019      ";Passageiro;Lesões Leves;"46   ";Masculino;"0 ";"1    ";"0    ";"0    ";-16.1084820;-47.9725240;SPRF-DF;DEL01-DF;UOP01-DEL01-DF 
617502;"1381440   ";2024-07-28;domingo;19:40:00;GO;"40   ";"7    ";VALPARAISO DE GOIAS;Sim;Acessar a via sem observar a presença dos outros veículos;3;Capotamento;Com Vítimas Feridas;Plena Noite;Decrescente;Céu Claro;Dupla;Reta;Sim  ;"1106071   ";Motocicleta;YAMAHA/YBR150 FACTOR ED;"2019      ";Condutor;Lesões Leves;"22   ";Masculino;"0 ";"1    ";"0    ";"0    ";-16.1084820;-47.9725240;SPRF-DF;DEL01-DF;UOP01-DEL01-DF 
617502;"1381465   ";2024-07-28;domingo;19:40:00;GO;"40   ";"7    ";VALPARAISO DE GOIAS;Sim;Acessar a via sem observar a presença dos outros veículos;3;Capotamento;Com Vítimas Feridas;Plena Noite;Decrescente;Céu Claro;Dupla;Reta;Sim  ;"1106072   ";Automóvel;Não Informado/Não Informado;"0         ";Condutor;Não Informado;"0    ";Não Informado;"0 ";"0    ";"0    ";"0    ";-16.1084820;-47.9725240;SPRF-DF;DEL01-DF;UOP01-DEL01-DF 
617502;"1381442   ";2024-07-28;domingo;19:40:00;GO;"40   ";"7    ";VALPARAISO DE GOIAS;Não;Ausência de reação do condutor;2;Queda de ocupante de veículo;Com Vítimas Feridas;Plena Noite;Decrescente;Céu Claro;Dupla;Reta;Sim  ;"1106071   ";Motocicleta;YAMAHA/YBR150 FACTOR ED;"2019      ";Passageiro;Lesões Leves;"46   ";Masculino;"0 ";"1    ";"0    ";"0    ";-16.1084820;-47.9725240;SPRF-DF;DEL01-DF;UOP01-DEL01-DF 
617919;"0         ";2024-07-30;terça-feira;16:20:00;GO;"20   ";"11   ";FORMOSA;Não;Condutor usando celular;2;Saída de leito carroçável;Com Vítimas Feridas;Pleno dia;Crescente;Céu Claro;Simples;Reta;Não  ;"1108017   ";Semireboque;SR/RHODOSS TQ2 CTT;"2018      ";"0";"0";"0    ";"0";"0 ";"0    ";"0    ";"0    ";-15.5620110;-47.2577780;SPRF-DF;DEL02-DF;UOP02-DEL02-DF 
617502;"1381440   ";2024-07-28;domingo;19:40:00;GO;"40   ";"7    ";VALPARAISO DE GOIAS;Não;Ausência de reação do condutor;2;Queda de ocupante de veículo;Com Vítimas Feridas;Plena Noite;Decrescente;Céu Claro;Dupla;Reta;Sim  ;"1106071   ";Motocicleta;YAMAHA/YBR150 FACTOR ED;"2019      ";Condutor;Lesões Leves;"22   ";Masculino;"0 ";"1    ";"0    ";"0    ";-16.1084820;-47.9725240;SPRF-DF;DEL01-DF;UOP01-DEL01-DF 
617502;"1381465   ";2024-07-28;domingo;19:40:00;GO;"40   ";"7    ";VALPARAISO DE GOIAS;Não;Ausência de reação do condutor;2;Queda de ocupante de veículo;Com Vítimas Feridas;Plena Noite;Decrescente;Céu Claro;Dupla;Reta;Sim  ;"1106072   ";Automóvel;Não Informado/Não Informado;"0         ";Condutor;Não Informado;"0    ";Não Informado;"0 ";"0    ";"0    ";"0    ";-16.1084820;-47.9725240;SPRF-DF;DEL01-DF;UOP01-DEL01-DF 
617502;"1381442   ";2024-07-28;domingo;19:40:00;GO;"40   ";"7    ";VALPARAISO DE GOIAS;Não;Trafegar com motocicleta (ou similar) entre as faixas;2;Queda de ocupante de veículo;Com Vítimas Feridas;Plena Noite;Decrescente;Céu Claro;Dupla;Reta;Sim  ;"1106071   ";Motocicleta;YAMAHA/YBR150 FACTOR ED;"2019      ";Passageiro;Lesões Leves;"46   ";Masculino;"0 ";"1    ";"0    ";"0    ";-16.1084820;-47.9725240;SPRF-DF;DEL01-DF;UOP01-DEL01-DF 
617502;"1381440   ";2024-07-28;domingo;19:40:00;GO;"40   ";"7    ";VALPARAISO DE GOIAS;Não;Trafegar com motocicleta (ou similar) entre as faixas;2;Queda de ocupante de veículo;Com Vítimas Feridas;Plena Noite;Decrescente;Céu Claro;Dupla;Reta;Sim  ;"1106071   ";Motocicleta;YAMAHA/YBR150 FACTOR ED;"2019      ";Condutor;Lesões Leves;"22   ";Masculino;"0 ";"1    ";"0    ";"0    ";-16.1084820;-47.9725240;SPRF-DF;DEL01-DF;UOP01-DEL01-DF 
617502;"1381465   ";2024-07-28;domingo;19:40:00;GO;"40   ";"7    ";VALPARAISO DE GOIAS;Não;Trafegar com motocicleta (ou similar) entre as faixas;2;Queda de ocupante de veículo;Com Vítimas Feridas;Plena Noite;Decrescente;Céu Claro;Dupla;Reta;Sim  ;"1106072   ";Automóvel;Não Informado/Não Informado;"0         ";Condutor;Não Informado;"0    ";Não Informado;"0 ";"0    ";"0    ";"0    ";-16.1084820;-47.9725240;SPRF-DF;DEL01-DF;UOP01-DEL01-DF 
617502;"1381442   ";2024-07-28;domingo;19:40:00;GO;"40   ";"7    ";VALPARAISO DE GOIAS;Sim;Acessar a via sem observar a presença dos outros veículos;2;Queda de ocupante de veículo;Com Vítimas Feridas;Plena Noite;Decrescente;Céu Claro;Dupla;Reta;Sim  ;"1106071   ";Motocicleta;YAMAHA/YBR150 FACTOR ED;"2019      ";Passageiro;Lesões Leves;"46   ";Masculino;"0 ";"1    ";"0    ";"0    ";-16.1084820;-47.9725240;SPRF-DF;DEL01-DF;UOP01-DEL01-DF 
617502;"1381440   ";2024-07-28;domingo;19:40:00;GO;"40   ";"7    ";VALPARAISO DE GOIAS;Sim;Acessar a via sem observar a presença dos outros veículos;2;Queda de ocupante de veículo;Com Vítimas Feridas;Plena Noite;Decrescente;Céu Claro;Dupla;Reta;Sim  ;"1106071   ";Motocicleta;YAMAHA/YBR150 FACTOR ED;"2019      ";Condutor;Lesões Leves;"22   ";Masculino;"0 ";"1    ";"0    ";"0    ";-16.1084820;-47.9725240;SPRF-DF;DEL01-DF;UOP01-DEL01-DF 
617502;"1381465   ";2024-07-28;domingo;19:40:00;GO;"40   ";"7    ";VALPARAISO DE GOIAS;Sim;Acessar a via sem observar a presença dos outros veículos;2;Queda de ocupante de veículo;Com Vítimas Feridas;Plena Noite;Decrescente;Céu Claro;Dupla;Reta;Sim  ;"1106072   ";Automóvel;Não Informado/Não Informado;"0         ";Condutor;Não Informado;"0    ";Não Informado;"0 ";"0    ";"0    ";"0    ";-16.1084820;-47.9725240;SPRF-DF;DEL01-DF;UOP01-DEL01-DF 
617502;"1381442   ";2024-07-28;domingo;19:40:00;GO;"40   ";"7    ";VALPARAISO DE GOIAS;Não;Ausência de reação do condutor;1;Colisão transversal;Com Vítimas Feridas;Plena Noite;Decrescente;Céu Claro;Dupla;Reta;Sim  ;"1106071   ";Motocicleta;YAMAHA/YBR150 FACTOR ED;"2019      ";Passageiro;Lesões Leves;"46   ";Masculino;"0 ";"1    ";"0    ";"0    ";-16.1084820;-47.9725240;SPRF-DF;DEL01-DF;UOP01-DEL01-DF 
617502;"1381440   ";2024-07-28;domingo;19:40:00;GO;"40   ";"7    ";VALPARAISO DE GOIAS;Não;Ausência de reação do condutor;1;Colisão transversal;Com Vítimas Feridas;Plena Noite;Decrescente;Céu Claro;Dupla;Reta;Sim  ;"1106071   ";Motocicleta;YAMAHA/YBR150 FACTOR ED;"2019      ";Condutor;Lesões Leves;"22   ";Masculino;"0 ";"1    ";"0    ";"0    ";-16.1084820;-47.9725240;SPRF-DF;DEL01-DF;UOP01-DEL01-DF 
617502;"1381465   ";2024-07-28;domingo;19:40:00;GO;"40   ";"7    ";VALPARAISO DE GOIAS;Não;Ausência de reação do condutor;1;Colisão transversal;Com Vítimas Feridas;Plena Noite;Decrescente;Céu Claro;Dupla;Reta;Sim  ;"1106072   ";Automóvel;Não Informado/Não Informado;"0         ";Condutor;Não Informado;"0    ";Não Informado;"0 ";"0    ";"0    ";"0    ";-16.1084820;-47.9725240;SPRF-DF;DEL01-DF;UOP01-DEL01-DF 
617502;"1381442   ";2024-07-28;domingo;19:40:00;GO;"40   ";"7    ";VALPARAISO DE GOIAS;Não;Trafegar com motocicleta (ou similar) entre as faixas;1;Colisão transversal;Com Vítimas Feridas;Plena Noite;Decrescente;Céu Claro;Dupla;Reta;Sim  ;"1106071   ";Motocicleta;YAMAHA/YBR150 FACTOR ED;"2019      ";Passageiro;Lesões Leves;"46   ";Masculino;"0 ";"1    ";"0    ";"0    ";-16.1084820;-47.9725240;SPRF-DF;DEL01-DF;UOP01-DEL01-DF 
617502;"1381440   ";2024-07-28;domingo;19:40:00;GO;"40   ";"7    ";VALPARAISO DE GOIAS;Não;Trafegar com motocicleta (ou similar) entre as faixas;1;Colisão transversal;Com Vítimas Feridas;Plena Noite;Decrescente;Céu Claro;Dupla;Reta;Sim  ;"1106071   ";Motocicleta;YAMAHA/YBR150 FACTOR ED;"2019      ";Condutor;Lesões Leves;"22   ";Masculino;"0 ";"1    ";"0    ";"0    ";-16.1084820;-47.9725240;SPRF-DF;DEL01-DF;UOP01-DEL01-DF 
617502;"1381465   ";2024-07-28;domingo;19:40:00;GO;"40   ";"7    ";VALPARAISO DE GOIAS;Não;Trafegar com motocicleta (ou similar) entre as faixas;1;Colisão transversal;Com Vítimas Feridas;Plena Noite;Decrescente;Céu Claro;Dupla;Reta;Sim  ;"1106072   ";Automóvel;Não Informado/Não Informado;"0         ";Condutor;Não Informado;"0    ";Não Informado;"0 ";"0    ";"0    ";"0    ";-16.1084820;-47.9725240;SPRF-DF;DEL01-DF;UOP01-DEL01-DF 
617502;"1381442   ";2024-07-28;domingo;19:40:00;GO;"40   ";"7    ";VALPARAISO DE GOIAS;Sim;Acessar a via sem observar a presença dos outros veículos;1;Colisão transversal;Com Vítimas Feridas;Plena Noite;Decrescente;Céu Claro;Dupla;Reta;Sim  ;"1106071   ";Motocicleta;YAMAHA/YBR150 FACTOR ED;"2019      ";Passageiro;Lesões Leves;"46   ";Masculino;"0 ";"1    ";"0    ";"0    ";-16.1084820;-47.9725240;SPRF-DF;DEL01-DF;UOP01-DEL01-DF 
617502;"1381440   ";2024-07-28;domingo;19:40:00;GO;"40   ";"7    ";VALPARAISO DE GOIAS;Sim;Acessar a via sem observar a presença dos outros veículos;1;Colisão transversal;Com Vítimas Feridas;Plena Noite;Decrescente;Céu Claro;Dupla;Reta;Sim  ;"1106071   ";Motocicleta;YAMAHA/YBR150 FACTOR ED;"2019      ";Condutor;Lesões Leves;"22   ";Masculino;"0 ";"1    ";"0    ";"0    ";-16.1084820;-47.9725240;SPRF-DF;DEL01-DF;UOP01-DEL01-DF 
617502;"1381465   ";2024-07-28;domingo;19:40:00;GO;"40   ";"7    ";VALPARAISO DE GOIAS;Sim;Acessar a via sem observar a presença dos outros veículos;1;Colisão transversal;Com Vítimas Feridas;Plena Noite;Decrescente;Céu Claro;Dupla;Reta;Sim  ;"1106072   ";Automóvel;Não Informado/Não Informado;"0         ";Condutor;Não Informado;"0    ";Não Informado;"0 ";"0    ";"0    ";"0    ";-16.1084820;-47.9725240;SPRF-DF;DEL01-DF;UOP01-DEL01-DF 
617510;"1381508   ";2024-07-28;domingo;20:00:00;GO;"414  ";"396,1";CORUMBA DE GOIAS;Não;Avarias e/ou desgaste excessivo no pneu;3;Capotamento;Com Vítimas Feridas;Plena Noite;Crescente;Céu Claro;Simples;Curva;Não  ;"1106131   ";Automóvel;FIAT/UNO MILLE FIRE;"2001      ";Condutor;Lesões Graves;"18   ";Masculino;"0 ";"0    ";"1    ";"0    ";-15.9462981;-48.8040312;SPRF-GO;DEL02-GO;UOP01-DEL02-GO 
617510;"1381508   ";2024-07-28;domingo;20:00:00;GO;"414  ";"396,1";CORUMBA DE GOIAS;Sim;Ingestão de álcool pelo condutor;3;Capotamento;Com Vítimas Feridas;Plena Noite;Crescente;Céu Claro;Simples;Curva;Não  ;"1106131   ";Automóvel;FIAT/UNO MILLE FIRE;"2001      ";Condutor;Lesões Graves;"18   ";Masculino;"0 ";"0    ";"1    ";"0    ";-15.9462981;-48.8040312;SPRF-GO;DEL02-GO;UOP01-DEL02-GO 
617510;"1381508   ";2024-07-28;domingo;20:00:00;GO;"414  ";"396,1";CORUMBA DE GOIAS;Não;Avarias e/ou desgaste excessivo no pneu;2;Colisão com objeto;Com Vítimas Feridas;Plena Noite;Crescente;Céu Claro;Simples;Curva;Não  ;"1106131   ";Automóvel;FIAT/UNO MILLE FIRE;"2001      ";Condutor;Lesões Graves;"18   ";Masculino;"0 ";"0    ";"1    ";"0    ";-15.9462981;-48.8040312;SPRF-GO;DEL02-GO;UOP01-DEL02-GO 
617510;"1381508   ";2024-07-28;domingo;20:00:00;GO;"414  ";"396,1";CORUMBA DE GOIAS;Sim;Ingestão de álcool pelo condutor;2;Colisão com objeto;Com Vítimas Feridas;Plena Noite;Crescente;Céu Claro;Simples;Curva;Não  ;"1106131   ";Automóvel;FIAT/UNO MILLE FIRE;"2001      ";Condutor;Lesões Graves;"18   ";Masculino;"0 ";"0    ";"1    ";"0    ";-15.9462981;-48.8040312;SPRF-GO;DEL02-GO;UOP01-DEL02-GO 
617510;"1381508   ";2024-07-28;domingo;20:00:00;GO;"414  ";"396,1";CORUMBA DE GOIAS;Não;Avarias e/ou desgaste excessivo no pneu;1;Saída de leito carroçável;Com Vítimas Feridas;Plena Noite;Crescente;Céu Claro;Simples;Curva;Não  ;"1106131   ";Automóvel;FIAT/UNO MILLE FIRE;"2001      ";Condutor;Lesões Graves;"18   ";Masculino;"0 ";"0    ";"1    ";"0    ";-15.9462981;-48.8040312;SPRF-GO;DEL02-GO;UOP01-DEL02-GO 
617510;"1381508   ";2024-07-28;domingo;20:00:00;GO;"414  ";"396,1";CORUMBA DE GOIAS;Sim;Ingestão de álcool pelo condutor;1;Saída de leito carroçável;Com Vítimas Feridas;Plena Noite;Crescente;Céu Claro;Simples;Curva;Não  ;"1106131   ";Automóvel;FIAT/UNO MILLE FIRE;"2001      ";Condutor;Lesões Graves;"18   ";Masculino;"0 ";"0    ";"1    ";"0    ";-15.9462981;-48.8040312;SPRF-GO;DEL02-GO;UOP01-DEL02-GO 
617519;"1381429   ";2024-07-28;domingo;20:15:00;DF;"251  ";"31,4 ";BRASILIA;Sim;Conversão proibida;1;Colisão traseira;Sem Vítimas;Plena Noite;Decrescente;Céu Claro;Simples;Reta;Sim  ;"1106066   ";Automóvel;GM/CELTA 4P SPIRIT;"2010      ";Condutor;Ileso;"41   ";Masculino;"1 ";"0    ";"0    ";"0    ";-15.9433980;-47.7289240;SPRF-DF;DEL01-DF;UOP01-DEL01-DF 
617519;"1381431   ";2024-07-28;domingo;20:15:00;DF;"251  ";"31,4 ";BRASILIA;Sim;Conversão proibida;1;Colisão traseira;Sem Vítimas;Plena Noite;Decrescente;Céu Claro;Simples;Reta;Sim  ;"1106068   ";Utilitário;CHEV/TRAILBLAZER LT D4A;"2018      ";Condutor;Ileso;"42   ";Masculino;"1 ";"0    ";"0    ";"0    ";-15.9433980;-47.7289240;SPRF-DF;DEL01-DF;UOP01-DEL01-DF 
617549;"1381495   ";2024-07-28;domingo;20:30:00;GO;"251  ";"33,8 ";CRISTALINA;Não;Reação tardia ou ineficiente do condutor;1;Colisão traseira;Sem Vítimas;Plena Noite;Decrescente;Céu Claro;Simples;Reta;Sim  ;"1106126   ";Automóvel;GM/CORSA CLASSIC;"2002      ";Condutor;Ileso;"39   ";Masculino;"1 ";"0    ";"0    ";"0    ";-16.0653860;-47.5322040;SPRF-DF;DEL01-DF;UOP01-DEL01-DF 
617549;"1383127   ";2024-07-28;domingo;20:30:00;GO;"251  ";"33,8 ";CRISTALINA;Não;Reação tardia ou ineficiente do condutor;1;Colisão traseira;Sem Vítimas;Plena Noite;Decrescente;Céu Claro;Simples;Reta;Sim  ;"1106126   ";Automóvel;GM/CORSA CLASSIC;"2002      ";Passageiro;Ileso;"5    ";Feminino;"1 ";"0    ";"0    ";"0    ";-16.0653860;-47.5322040;SPRF-DF;DEL01-DF;UOP01-DEL01-DF 
617549;"1381496   ";2024-07-28;domingo;20:30:00;GO;"251  ";"33,8 ";CRISTALINA;Não;Reação tardia ou ineficiente do condutor;1;Colisão traseira;Sem Vítimas;Plena Noite;Decrescente;Céu Claro;Simples;Reta;Sim  ;"1106127   ";Caminhão;VW/24.250 CNC 6X2;"2009      ";Condutor;Ileso;"21   ";Masculino;"1 ";"0    ";"0    ";"0    ";-16.0653860;-47.5322040;SPRF-DF;DEL01-DF;UOP01-DEL01-DF 
617549;"1381495   ";2024-07-28;domingo;20:30:00;GO;"251  ";"33,8 ";CRISTALINA;Sim;Ingestão de álcool pelo condutor;1;Colisão traseira;Sem Vítimas;Plena Noite;Decrescente;Céu Claro;Simples;Reta;Sim  ;"1106126   ";Automóvel;GM/CORSA CLASSIC;"2002      ";Condutor;Ileso;"39   ";Masculino;"1 ";"0    ";"0    ";"0    ";-16.0653860;-47.5322040;SPRF-DF;DEL01-DF;UOP01-DEL01-DF 
617549;"1383127   ";2024-07-28;domingo;20:30:00;GO;"251  ";"33,8 ";CRISTALINA;Sim;Ingestão de álcool pelo condutor;1;Colisão traseira;Sem Vítimas;Plena Noite;Decrescente;Céu Claro;Simples;Reta;Sim  ;"1106126   ";Automóvel;GM/CORSA CLASSIC;"2002      ";Passageiro;Ileso;"5    ";Feminino;"1 ";"0    ";"0    ";"0    ";-16.0653860;-47.5322040;SPRF-DF;DEL01-DF;UOP01-DEL01-DF 
617549;"1381496   ";2024-07-28;domingo;20:30:00;GO;"251  ";"33,8 ";CRISTALINA;Sim;Ingestão de álcool pelo condutor;1;Colisão traseira;Sem Vítimas;Plena Noite;Decrescente;Céu Claro;Simples;Reta;Sim  ;"1106127   ";Caminhão;VW/24.250 CNC 6X2;"2009      ";Condutor;Ileso;"21   ";Masculino;"1 ";"0    ";"0    ";"0    ";-16.0653860;-47.5322040;SPRF-DF;DEL01-DF;UOP01-DEL01-DF 
617550;"1381521   ";2024-07-28;domingo;18:20:00;GO;"251  ";"31,5 ";CRISTALINA;Sim;Acessar a via sem observar a presença dos outros veículos;2;Queda de ocupante de veículo;Com Vítimas Feridas;Anoitecer;Decrescente;Céu Claro;Simples;Reta;Não  ;"1106142   ";Motocicleta;HONDA/CG 125 TITAN KS;"2003      ";Condutor;Lesões Graves;"29   ";Masculino;"0 ";"0    ";"1    ";"0    ";-16.0754777;-47.5286978;SPRF-DF;DEL01-DF;UOP01-DEL01-DF 
617550;"1381521   ";2024-07-28;domingo;18:20:00;GO;"251  ";"31,5 ";CRISTALINA;Sim;Acessar a via sem observar a presença dos outros veículos;1;Colisão lateral mesmo sentido;Com Vítimas Feridas;Anoitecer;Decrescente;Céu Claro;Simples;Reta;Não  ;"1106142   ";Motocicleta;HONDA/CG 125 TITAN KS;"2003      ";Condutor;Lesões Graves;"29   ";Masculino;"0 ";"0    ";"1    ";"0    ";-16.0754777;-47.5286978;SPRF-DF;DEL01-DF;UOP01-DEL01-DF 
617560;"1381482   ";2024-07-28;domingo;22:00:00;DF;"70   ";"5    ";BRASILIA;Não;Ingestão de álcool pelo condutor;2;Colisão com objeto;Sem Vítimas;Plena Noite;Crescente;Vento;Dupla;"Reta;Declive";Sim  ;"1106113   ";Automóvel;RENAULT/SCENIC AUT 1616V;"2005      ";Condutor;Não Informado;"0    ";Não Informado;"0 ";"0    ";"0    ";"0    ";-15.7946560;-48.0967790;SPRF-DF;DEL03-DF;UOP02-DEL03-DF 
617560;"1381482   ";2024-07-28;domingo;22:00:00;DF;"70   ";"5    ";BRASILIA;Sim;Condutor Dormindo;2;Colisão com objeto;Sem Vítimas;Plena Noite;Crescente;Vento;Dupla;"Reta;Declive";Sim  ;"1106113   ";Automóvel;RENAULT/SCENIC AUT 1616V;"2005      ";Condutor;Não Informado;"0    ";Não Informado;"0 ";"0    ";"0    ";"0    ";-15.7946560;-48.0967790;SPRF-DF;DEL03-DF;UOP02-DEL03-DF 
617560;"1381482   ";2024-07-28;domingo;22:00:00;DF;"70   ";"5    ";BRASILIA;Não;Ingestão de álcool pelo condutor;1;Saída de leito carroçável;Sem Vítimas;Plena Noite;Crescente;Vento;Dupla;"Reta;Declive";Sim  ;"1106113   ";Automóvel;RENAULT/SCENIC AUT 1616V;"2005      ";Condutor;Não Informado;"0    ";Não Informado;"0 ";"0    ";"0    ";"0    ";-15.7946560;-48.0967790;SPRF-DF;DEL03-DF;UOP02-DEL03-DF 
617560;"1381482   ";2024-07-28;domingo;22:00:00;DF;"70   ";"5    ";BRASILIA;Sim;Condutor Dormindo;1;Saída de leito carroçável;Sem Vítimas;Plena Noite;Crescente;Vento;Dupla;"Reta;Declive";Sim  ;"1106113   ";Automóvel;RENAULT/SCENIC AUT 1616V;"2005      ";Condutor;Não Informado;"0    ";Não Informado;"0 ";"0    ";"0    ";"0    ";-15.7946560;-48.0967790;SPRF-DF;DEL03-DF;UOP02-DEL03-DF 
617598;"1381806   ";2024-07-29;segunda-feira;07:12:00;DF;"20   ";"3,2  ";BRASILIA;Sim;Demais falhas mecânicas ou elétricas;1;Capotamento;Sem Vítimas;Amanhecer;Crescente;Céu Claro;Múltipla;"Declive;Reta";Sim  ;"1106376   ";Automóvel;IMP/GM CORSA GL W;"1998      ";Condutor;Ileso;"25   ";Masculino;"1 ";"0    ";"0    ";"0    ";-15.6798510;-47.8322110;SPRF-DF;DEL02-DF;UOP01-DEL02-DF 
617634;"1381784   ";2024-07-29;segunda-feira;08:00:00;GO;"60   ";"25   ";ALEXANIA;Não;Condutor deixou de manter distância do veículo da frente;1;Colisão traseira;Com Vítimas Feridas;Pleno dia;Decrescente;Céu Claro;Dupla;Aclive;Não  ;"1106341   ";Automóvel;HYUNDAI/HB20 10M COMFORT;"2024      ";Passageiro;Ileso;"28   ";Masculino;"1 ";"0    ";"0    ";"0    ";-16.0963000;-48.5202000;SPRF-DF;DEL03-DF;UOP01-DEL03-DF 
617634;"1381782   ";2024-07-29;segunda-feira;08:00:00;GO;"60   ";"25   ";ALEXANIA;Não;Condutor deixou de manter distância do veículo da frente;1;Colisão traseira;Com Vítimas Feridas;Pleno dia;Decrescente;Céu Claro;Dupla;Aclive;Não  ;"1106341   ";Automóvel;HYUNDAI/HB20 10M COMFORT;"2024      ";Condutor;Lesões Leves;"22   ";Masculino;"0 ";"1    ";"0    ";"0    ";-16.0963000;-48.5202000;SPRF-DF;DEL03-DF;UOP01-DEL03-DF 