id;pesid;data_inversa;dia_semana;horario;uf;br;km;municipio;causa_principal;causa_acidente;ordem_tipo_acidente;tipo_acidente;classificacao_acidente;fase_dia;sentido_via;condicao_metereologica;tipo_pista;tracado_via;uso_solo;id_veiculo;tipo_veiculo;marca;ano_fabricacao_veiculo;tipo_envolvido;estado_fisico;idade;sexo;ilesos;feridos_leves;feridos_graves;mortos;latitude;longitude;regional;delegacia;uop
617634;"1384428   ";2024-07-29;segunda-feira;08:00:00;GO;"60   ";"25   ";ALEXANIA;Não;Condutor deixou de manter distância do veículo da frente;1;Colisão traseira;Com Vítimas Feridas;Pleno dia;Decrescente;Céu Claro;Dupla;Aclive;Não  ;"1106391   ";Caminhão;Não Informado/Não Informado;"0         ";Condutor;Não Informado;"0    ";Não Informado;"0 ";"0    ";"0    ";"0    ";-16.0963000;-48.5202000;SPRF-DF;DEL03-DF;UOP01-DEL03-DF 
617634;"1381784   ";2024-07-29;segunda-feira;08:00:00;GO;"60   ";"25   ";ALEXANIA;Sim;Ausência de reação do condutor;1;Colisão traseira;Com Vítimas Feridas;Pleno dia;Decrescente;Céu Claro;Dupla;Aclive;Não  ;"1106341   ";Automóvel;HYUNDAI/HB20 10M COMFORT;"2024      ";Passageiro;Ileso;"28   ";Masculino;"1 ";"0    ";"0    ";"0    ";-16.0963000;-48.5202000;SPRF-DF;DEL03-DF;UOP01-DEL03-DF 
617634;"1381782   ";2024-07-29;segunda-feira;08:00:00;GO;"60   ";"25   ";ALEXANIA;Sim;Ausência de reação do condutor;1;Colisão traseira;Com Vítimas Feridas;Pleno dia;Decrescente;Céu Claro;Dupla;Aclive;Não  ;"1106341   ";Automóvel;HYUNDAI/HB20 10M COMFORT;"2024      ";Condutor;Lesões Leves;"22   ";Masculino;"0 ";"1    ";"0    ";"0    ";-16.0963000;-48.5202000;SPRF-DF;DEL03-DF;UOP01-DEL03-DF 
617634;"1384428   ";2024-07-29;segunda-feira;08:00:00;GO;"60   ";"25   ";ALEXANIA;Sim;Ausência de reação do condutor;1;Colisão traseira;Com Vítimas Feridas;Pleno dia;Decrescente;Céu Claro;Dupla;Aclive;Não  ;"1106391   ";Caminhão;Não Informado/Não Informado;"0         ";Condutor;Não Informado;"0    ";Não Informado;"0 ";"0    ";"0    ";"0    ";-16.0963000;-48.5202000;SPRF-DF;DEL03-DF;UOP01-DEL03-DF 
617729;"1381957   ";2024-07-29;segunda-feira;17:25:00;DF;"70   ";"6,7  ";BRASILIA;Sim;Ausência de reação do condutor;1;Atropelamento de Animal;Com Vítimas Feridas;Pleno dia;Crescente;Céu Claro;Dupla;Reta;Sim  ;"1106495   ";Motocicleta;HONDA/CG 160 TITAN;"2022      ";Condutor;Lesões Leves;"51   ";Feminino;"0 ";"1    ";"0    ";"0    ";-15.7912420;-48.1057590;SPRF-DF;DEL03-DF;UOP02-DEL03-DF 
617732;"1382198   ";2024-07-29;segunda-feira;17:55:00;DF;"40   ";"0,8  ";BRASILIA;Não;Manobra de mudança de faixa;1;Colisão lateral mesmo sentido;Com Vítimas Feridas;Anoitecer;Crescente;Céu Claro;Dupla;Reta;Não  ;"1106661   ";Motoneta;YAMAHA/NEO 125;"2022      ";Condutor;Lesões Leves;"31   ";Masculino;"0 ";"1    ";"0    ";"0    ";-15.9768970;-47.9901290;SPRF-DF;DEL01-DF;UOP01-DEL01-DF 
617732;"1383977   ";2024-07-29;segunda-feira;17:55:00;DF;"40   ";"0,8  ";BRASILIA;Não;Manobra de mudança de faixa;1;Colisão lateral mesmo sentido;Com Vítimas Feridas;Anoitecer;Crescente;Céu Claro;Dupla;Reta;Não  ;"1108112   ";Automóvel;GM/MONZA SL;"1989      ";Condutor;Ileso;"35   ";Masculino;"1 ";"0    ";"0    ";"0    ";-15.9768970;-47.9901290;SPRF-DF;DEL01-DF;UOP01-DEL01-DF 
617732;"1382198   ";2024-07-29;segunda-feira;17:55:00;DF;"40   ";"0,8  ";BRASILIA;Sim;Trafegar com motocicleta (ou similar) entre as faixas;1;Colisão lateral mesmo sentido;Com Vítimas Feridas;Anoitecer;Crescente;Céu Claro;Dupla;Reta;Não  ;"1106661   ";Motoneta;YAMAHA/NEO 125;"2022      ";Condutor;Lesões Leves;"31   ";Masculino;"0 ";"1    ";"0    ";"0    ";-15.9768970;-47.9901290;SPRF-DF;DEL01-DF;UOP01-DEL01-DF 
617732;"1383977   ";2024-07-29;segunda-feira;17:55:00;DF;"40   ";"0,8  ";BRASILIA;Sim;Trafegar com motocicleta (ou similar) entre as faixas;1;Colisão lateral mesmo sentido;Com Vítimas Feridas;Anoitecer;Crescente;Céu Claro;Dupla;Reta;Não  ;"1108112   ";Automóvel;GM/MONZA SL;"1989      ";Condutor;Ileso;"35   ";Masculino;"1 ";"0    ";"0    ";"0    ";-15.9768970;-47.9901290;SPRF-DF;DEL01-DF;UOP01-DEL01-DF 
617759;"1382081   ";2024-07-29;segunda-feira;19:20:00;GO;"60   ";"46,3 ";ALEXANIA;Sim;Manobra de mudança de faixa;2;Colisão com objeto;Com Vítimas Feridas;Plena Noite;Crescente;Céu Claro;Dupla;"Aclive;Curva";Sim  ;"1106598   ";Automóvel;TOYOTA/ETIOS HB XS 15 AT;"2017      ";Condutor;Lesões Leves;"85   ";Masculino;"0 ";"1    ";"0    ";"0    ";-16.1417000;-48.5988000;SPRF-GO;DEL02-GO;UOP01-DEL02-GO 
617759;"1382081   ";2024-07-29;segunda-feira;19:20:00;GO;"60   ";"46,3 ";ALEXANIA;Sim;Manobra de mudança de faixa;1;Saída de leito carroçável;Com Vítimas Feridas;Plena Noite;Crescente;Céu Claro;Dupla;"Aclive;Curva";Sim  ;"1106598   ";Automóvel;TOYOTA/ETIOS HB XS 15 AT;"2017      ";Condutor;Lesões Leves;"85   ";Masculino;"0 ";"1    ";"0    ";"0    ";-16.1417000;-48.5988000;SPRF-GO;DEL02-GO;UOP01-DEL02-GO 
617811;"1382235   ";2024-07-30;terça-feira;06:24:00;DF;"40   ";"7    ";BRASILIA;Sim;Acumulo de óleo sobre o pavimento;1;Queda de ocupante de veículo;Com Vítimas Feridas;Amanhecer;Decrescente;Céu Claro;Dupla;Reta;Sim  ;"1106700   ";Motocicleta;HONDA/CG 160 FAN;"2024      ";Condutor;Ileso;"34   ";Masculino;"1 ";"0    ";"0    ";"0    ";-16.0386660;-47.9796910;SPRF-DF;DEL01-DF;UOP01-DEL01-DF 
617811;"1386160   ";2024-07-30;terça-feira;06:24:00;DF;"40   ";"7    ";BRASILIA;Sim;Acumulo de óleo sobre o pavimento;1;Queda de ocupante de veículo;Com Vítimas Feridas;Amanhecer;Decrescente;Céu Claro;Dupla;Reta;Sim  ;"1106700   ";Motocicleta;HONDA/CG 160 FAN;"2024      ";Passageiro;Lesões Leves;"38   ";Feminino;"0 ";"1    ";"0    ";"0    ";-16.0386660;-47.9796910;SPRF-DF;DEL01-DF;UOP01-DEL01-DF 
617828;"1382216   ";2024-07-30;terça-feira;07:30:00;GO;"40   ";"7,2  ";LUZIANIA;Sim;Manobra de mudança de faixa;1;Colisão lateral mesmo sentido;Sem Vítimas;Pleno dia;Decrescente;Céu Claro;Dupla;Reta;Sim  ;"1106676   ";Motocicleta;HONDA/CG 125 FAN ES;"2010      ";Condutor;Ileso;"24   ";Masculino;"1 ";"0    ";"0    ";"0    ";-16.1084820;-47.9725240;SPRF-DF;DEL01-DF;UOP01-DEL01-DF 
617846;"1382403   ";2024-07-30;terça-feira;08:45:00;DF;"40   ";"6    ";BRASILIA;Sim;Manobra de mudança de faixa;4;Saída de leito carroçável;Com Vítimas Feridas;Pleno dia;Decrescente;Céu Claro;Dupla;Reta;Sim  ;"1106837   ";Motocicleta;HONDA/CB600F HORNET;"2011      ";Condutor;Lesões Leves;"53   ";Masculino;"0 ";"1    ";"0    ";"0    ";-16.0386660;-47.9796910;SPRF-DF;DEL01-DF;UOP01-DEL01-DF 
617846;"1382402   ";2024-07-30;terça-feira;08:45:00;DF;"40   ";"6    ";BRASILIA;Sim;Manobra de mudança de faixa;4;Saída de leito carroçável;Com Vítimas Feridas;Pleno dia;Decrescente;Céu Claro;Dupla;Reta;Sim  ;"1106836   ";Automóvel;FIAT/ARGO DRIVE 1.0;"2021      ";Condutor;Ileso;"41   ";Feminino;"1 ";"0    ";"0    ";"0    ";-16.0386660;-47.9796910;SPRF-DF;DEL01-DF;UOP01-DEL01-DF 
617846;"1382403   ";2024-07-30;terça-feira;08:45:00;DF;"40   ";"6    ";BRASILIA;Sim;Manobra de mudança de faixa;3;Queda de ocupante de veículo;Com Vítimas Feridas;Pleno dia;Decrescente;Céu Claro;Dupla;Reta;Sim  ;"1106837   ";Motocicleta;HONDA/CB600F HORNET;"2011      ";Condutor;Lesões Leves;"53   ";Masculino;"0 ";"1    ";"0    ";"0    ";-16.0386660;-47.9796910;SPRF-DF;DEL01-DF;UOP01-DEL01-DF 
617846;"1382402   ";2024-07-30;terça-feira;08:45:00;DF;"40   ";"6    ";BRASILIA;Sim;Manobra de mudança de faixa;3;Queda de ocupante de veículo;Com Vítimas Feridas;Pleno dia;Decrescente;Céu Claro;Dupla;Reta;Sim  ;"1106836   ";Automóvel;FIAT/ARGO DRIVE 1.0;"2021      ";Condutor;Ileso;"41   ";Feminino;"1 ";"0    ";"0    ";"0    ";-16.0386660;-47.9796910;SPRF-DF;DEL01-DF;UOP01-DEL01-DF 
617846;"1382403   ";2024-07-30;terça-feira;08:45:00;DF;"40   ";"6    ";BRASILIA;Sim;Manobra de mudança de faixa;2;Tombamento;Com Vítimas Feridas;Pleno dia;Decrescente;Céu Claro;Dupla;Reta;Sim  ;"1106837   ";Motocicleta;HONDA/CB600F HORNET;"2011      ";Condutor;Lesões Leves;"53   ";Masculino;"0 ";"1    ";"0    ";"0    ";-16.0386660;-47.9796910;SPRF-DF;DEL01-DF;UOP01-DEL01-DF 
617846;"1382402   ";2024-07-30;terça-feira;08:45:00;DF;"40   ";"6    ";BRASILIA;Sim;Manobra de mudança de faixa;2;Tombamento;Com Vítimas Feridas;Pleno dia;Decrescente;Céu Claro;Dupla;Reta;Sim  ;"1106836   ";Automóvel;FIAT/ARGO DRIVE 1.0;"2021      ";Condutor;Ileso;"41   ";Feminino;"1 ";"0    ";"0    ";"0    ";-16.0386660;-47.9796910;SPRF-DF;DEL01-DF;UOP01-DEL01-DF 
617846;"1382403   ";2024-07-30;terça-feira;08:45:00;DF;"40   ";"6    ";BRASILIA;Sim;Manobra de mudança de faixa;1;Colisão lateral mesmo sentido;Com Vítimas Feridas;Pleno dia;Decrescente;Céu Claro;Dupla;Reta;Sim  ;"1106837   ";Motocicleta;HONDA/CB600F HORNET;"2011      ";Condutor;Lesões Leves;"53   ";Masculino;"0 ";"1    ";"0    ";"0    ";-16.0386660;-47.9796910;SPRF-DF;DEL01-DF;UOP01-DEL01-DF 
617846;"1382402   ";2024-07-30;terça-feira;08:45:00;DF;"40   ";"6    ";BRASILIA;Sim;Manobra de mudança de faixa;1;Colisão lateral mesmo sentido;Com Vítimas Feridas;Pleno dia;Decrescente;Céu Claro;Dupla;Reta;Sim  ;"1106836   ";Automóvel;FIAT/ARGO DRIVE 1.0;"2021      ";Condutor;Ileso;"41   ";Feminino;"1 ";"0    ";"0    ";"0    ";-16.0386660;-47.9796910;SPRF-DF;DEL01-DF;UOP01-DEL01-DF 
617919;"1382478   ";2024-07-30;terça-feira;16:20:00;GO;"20   ";"11   ";FORMOSA;Não;Ausência de reação do condutor;2;Saída de leito carroçável;Com Vítimas Feridas;Pleno dia;Crescente;Céu Claro;Simples;Reta;Não  ;"1106895   ";Caminhonete;FIAT/STRADA WORKING;"2012      ";Condutor;Lesões Leves;"27   ";Masculino;"0 ";"1    ";"0    ";"0    ";-15.5620110;-47.2577780;SPRF-DF;DEL02-DF;UOP02-DEL02-DF 
617919;"1382476   ";2024-07-30;terça-feira;16:20:00;GO;"20   ";"11   ";FORMOSA;Não;Ausência de reação do condutor;2;Saída de leito carroçável;Com Vítimas Feridas;Pleno dia;Crescente;Céu Claro;Simples;Reta;Não  ;"1106893   ";Caminhão-trator;DAF/XF FTS 480 SSC;"2023      ";Condutor;Ileso;"46   ";Masculino;"1 ";"0    ";"0    ";"0    ";-15.5620110;-47.2577780;SPRF-DF;DEL02-DF;UOP02-DEL02-DF 
617919;"0         ";2024-07-30;terça-feira;16:20:00;GO;"20   ";"11   ";FORMOSA;Não;Ausência de reação do condutor;2;Saída de leito carroçável;Com Vítimas Feridas;Pleno dia;Crescente;Céu Claro;Simples;Reta;Não  ;"1108019   ";Semireboque;SR/RHODOSS TQ2 CTT;"2018      ";"0";"0";"0    ";"0";"0 ";"0    ";"0    ";"0    ";-15.5620110;-47.2577780;SPRF-DF;DEL02-DF;UOP02-DEL02-DF 
617919;"0         ";2024-07-30;terça-feira;16:20:00;GO;"20   ";"11   ";FORMOSA;Não;Ausência de reação do condutor;2;Saída de leito carroçável;Com Vítimas Feridas;Pleno dia;Crescente;Céu Claro;Simples;Reta;Não  ;"1108017   ";Semireboque;SR/RHODOSS TQ2 CTT;"2018      ";"0";"0";"0    ";"0";"0 ";"0    ";"0    ";"0    ";-15.5620110;-47.2577780;SPRF-DF;DEL02-DF;UOP02-DEL02-DF 
617919;"1382478   ";2024-07-30;terça-feira;16:20:00;GO;"20   ";"11   ";FORMOSA;Não;Condutor Dormindo;2;Saída de leito carroçável;Com Vítimas Feridas;Pleno dia;Crescente;Céu Claro;Simples;Reta;Não  ;"1106895   ";Caminhonete;FIAT/STRADA WORKING;"2012      ";Condutor;Lesões Leves;"27   ";Masculino;"0 ";"1    ";"0    ";"0    ";-15.5620110;-47.2577780;SPRF-DF;DEL02-DF;UOP02-DEL02-DF 
617919;"1382476   ";2024-07-30;terça-feira;16:20:00;GO;"20   ";"11   ";FORMOSA;Não;Condutor Dormindo;2;Saída de leito carroçável;Com Vítimas Feridas;Pleno dia;Crescente;Céu Claro;Simples;Reta;Não  ;"1106893   ";Caminhão-trator;DAF/XF FTS 480 SSC;"2023      ";Condutor;Ileso;"46   ";Masculino;"1 ";"0    ";"0    ";"0    ";-15.5620110;-47.2577780;SPRF-DF;DEL02-DF;UOP02-DEL02-DF 
617919;"0         ";2024-07-30;terça-feira;16:20:00;GO;"20   ";"11   ";FORMOSA;Não;Condutor Dormindo;2;Saída de leito carroçável;Com Vítimas Feridas;Pleno dia;Crescente;Céu Claro;Simples;Reta;Não  ;"1108019   ";Semireboque;SR/RHODOSS TQ2 CTT;"2018      ";"0";"0";"0    ";"0";"0 ";"0    ";"0    ";"0    ";-15.5620110;-47.2577780;SPRF-DF;DEL02-DF;UOP02-DEL02-DF 
617919;"0         ";2024-07-30;terça-feira;16:20:00;GO;"20   ";"11   ";FORMOSA;Não;Condutor Dormindo;2;Saída de leito carroçável;Com Vítimas Feridas;Pleno dia;Crescente;Céu Claro;Simples;Reta;Não  ;"1108017   ";Semireboque;SR/RHODOSS TQ2 CTT;"2018      ";"0";"0";"0    ";"0";"0 ";"0    ";"0    ";"0    ";-15.5620110;-47.2577780;SPRF-DF;DEL02-DF;UOP02-DEL02-DF 
617919;"1382478   ";2024-07-30;terça-feira;16:20:00;GO;"20   ";"11   ";FORMOSA;Sim;Mal súbito do condutor;2;Saída de leito carroçável;Com Vítimas Feridas;Pleno dia;Crescente;Céu Claro;Simples;Reta;Não  ;"1106895   ";Caminhonete;FIAT/STRADA WORKING;"2012      ";Condutor;Lesões Leves;"27   ";Masculino;"0 ";"1    ";"0    ";"0    ";-15.5620110;-47.2577780;SPRF-DF;DEL02-DF;UOP02-DEL02-DF 
617919;"1382476   ";2024-07-30;terça-feira;16:20:00;GO;"20   ";"11   ";FORMOSA;Sim;Mal súbito do condutor;2;Saída de leito carroçável;Com Vítimas Feridas;Pleno dia;Crescente;Céu Claro;Simples;Reta;Não  ;"1106893   ";Caminhão-trator;DAF/XF FTS 480 SSC;"2023      ";Condutor;Ileso;"46   ";Masculino;"1 ";"0    ";"0    ";"0    ";-15.5620110;-47.2577780;SPRF-DF;DEL02-DF;UOP02-DEL02-DF 
617919;"0         ";2024-07-30;terça-feira;16:20:00;GO;"20   ";"11   ";FORMOSA;Sim;Mal súbito do condutor;2;Saída de leito carroçável;Com Vítimas Feridas;Pleno dia;Crescente;Céu Claro;Simples;Reta;Não  ;"1108019   ";Semireboque;SR/RHODOSS TQ2 CTT;"2018      ";"0";"0";"0    ";"0";"0 ";"0    ";"0    ";"0    ";-15.5620110;-47.2577780;SPRF-DF;DEL02-DF;UOP02-DEL02-DF 
617919;"0         ";2024-07-30;terça-feira;16:20:00;GO;"20   ";"11   ";FORMOSA;Sim;Mal súbito do condutor;2;Saída de leito carroçável;Com Vítimas Feridas;Pleno dia;Crescente;Céu Claro;Simples;Reta;Não  ;"1108017   ";Semireboque;SR/RHODOSS TQ2 CTT;"2018      ";"0";"0";"0    ";"0";"0 ";"0    ";"0    ";"0    ";-15.5620110;-47.2577780;SPRF-DF;DEL02-DF;UOP02-DEL02-DF 
617919;"1382478   ";2024-07-30;terça-feira;16:20:00;GO;"20   ";"11   ";FORMOSA;Não;Condutor usando celular;2;Saída de leito carroçável;Com Vítimas Feridas;Pleno dia;Crescente;Céu Claro;Simples;Reta;Não  ;"1106895   ";Caminhonete;FIAT/STRADA WORKING;"2012      ";Condutor;Lesões Leves;"27   ";Masculino;"0 ";"1    ";"0    ";"0    ";-15.5620110;-47.2577780;SPRF-DF;DEL02-DF;UOP02-DEL02-DF 
617919;"1382476   ";2024-07-30;terça-feira;16:20:00;GO;"20   ";"11   ";FORMOSA;Não;Condutor usando celular;2;Saída de leito carroçável;Com Vítimas Feridas;Pleno dia;Crescente;Céu Claro;Simples;Reta;Não  ;"1106893   ";Caminhão-trator;DAF/XF FTS 480 SSC;"2023      ";Condutor;Ileso;"46   ";Masculino;"1 ";"0    ";"0    ";"0    ";-15.5620110;-47.2577780;SPRF-DF;DEL02-DF;UOP02-DEL02-DF 
617919;"0         ";2024-07-30;terça-feira;16:20:00;GO;"20   ";"11   ";FORMOSA;Não;Condutor usando celular;2;Saída de leito carroçável;Com Vítimas Feridas;Pleno dia;Crescente;Céu Claro;Simples;Reta;Não  ;"1108019   ";Semireboque;SR/RHODOSS TQ2 CTT;"2018      ";"0";"0";"0    ";"0";"0 ";"0    ";"0    ";"0    ";-15.5620110;-47.2577780;SPRF-DF;DEL02-DF;UOP02-DEL02-DF 
617919;"1382478   ";2024-07-30;terça-feira;16:20:00;GO;"20   ";"11   ";FORMOSA;Não;Ausência de reação do condutor;1;Colisão frontal;Com Vítimas Feridas;Pleno dia;Crescente;Céu Claro;Simples;Reta;Não  ;"1106895   ";Caminhonete;FIAT/STRADA WORKING;"2012      ";Condutor;Lesões Leves;"27   ";Masculino;"0 ";"1    ";"0    ";"0    ";-15.5620110;-47.2577780;SPRF-DF;DEL02-DF;UOP02-DEL02-DF 
617919;"1382476   ";2024-07-30;terça-feira;16:20:00;GO;"20   ";"11   ";FORMOSA;Não;Ausência de reação do condutor;1;Colisão frontal;Com Vítimas Feridas;Pleno dia;Crescente;Céu Claro;Simples;Reta;Não  ;"1106893   ";Caminhão-trator;DAF/XF FTS 480 SSC;"2023      ";Condutor;Ileso;"46   ";Masculino;"1 ";"0    ";"0    ";"0    ";-15.5620110;-47.2577780;SPRF-DF;DEL02-DF;UOP02-DEL02-DF 
617919;"0         ";2024-07-30;terça-feira;16:20:00;GO;"20   ";"11   ";FORMOSA;Não;Ausência de reação do condutor;1;Colisão frontal;Com Vítimas Feridas;Pleno dia;Crescente;Céu Claro;Simples;Reta;Não  ;"1108019   ";Semireboque;SR/RHODOSS TQ2 CTT;"2018      ";"0";"0";"0    ";"0";"0 ";"0    ";"0    ";"0    ";-15.5620110;-47.2577780;SPRF-DF;DEL02-DF;UOP02-DEL02-DF 
617919;"0         ";2024-07-30;terça-feira;16:20:00;GO;"20   ";"11   ";FORMOSA;Não;Ausência de reação do condutor;1;Colisão frontal;Com Vítimas Feridas;Pleno dia;Crescente;Céu Claro;Simples;Reta;Não  ;"1108017   ";Semireboque;SR/RHODOSS TQ2 CTT;"2018      ";"0";"0";"0    ";"0";"0 ";"0    ";"0    ";"0    ";-15.5620110;-47.2577780;SPRF-DF;DEL02-DF;UOP02-DEL02-DF 
617919;"1382478   ";2024-07-30;terça-feira;16:20:00;GO;"20   ";"11   ";FORMOSA;Não;Condutor Dormindo;1;Colisão frontal;Com Vítimas Feridas;Pleno dia;Crescente;Céu Claro;Simples;Reta;Não  ;"1106895   ";Caminhonete;FIAT/STRADA WORKING;"2012      ";Condutor;Lesões Leves;"27   ";Masculino;"0 ";"1    ";"0    ";"0    ";-15.5620110;-47.2577780;SPRF-DF;DEL02-DF;UOP02-DEL02-DF 
617919;"1382476   ";2024-07-30;terça-feira;16:20:00;GO;"20   ";"11   ";FORMOSA;Não;Condutor Dormindo;1;Colisão frontal;Com Vítimas Feridas;Pleno dia;Crescente;Céu Claro;Simples;Reta;Não  ;"1106893   ";Caminhão-trator;DAF/XF FTS 480 SSC;"2023      ";Condutor;Ileso;"46   ";Masculino;"1 ";"0    ";"0    ";"0    ";-15.5620110;-47.2577780;SPRF-DF;DEL02-DF;UOP02-DEL02-DF 
617919;"0         ";2024-07-30;terça-feira;16:20:00;GO;"20   ";"11   ";FORMOSA;Não;Condutor Dormindo;1;Colisão frontal;Com Vítimas Feridas;Pleno dia;Crescente;Céu Claro;Simples;Reta;Não  ;"1108019   ";Semireboque;SR/RHODOSS TQ2 CTT;"2018      ";"0";"0";"0    ";"0";"0 ";"0    ";"0    ";"0    ";-15.5620110;-47.2577780;SPRF-DF;DEL02-DF;UOP02-DEL02-DF 
617919;"0         ";2024-07-30;terça-feira;16:20:00;GO;"20   ";"11   ";FORMOSA;Não;Condutor Dormindo;1;Colisão frontal;Com Vítimas Feridas;Pleno dia;Crescente;Céu Claro;Simples;Reta;Não  ;"1108017   ";Semireboque;SR/RHODOSS TQ2 CTT;"2018      ";"0";"0";"0    ";"0";"0 ";"0    ";"0    ";"0    ";-15.5620110;-47.2577780;SPRF-DF;DEL02-DF;UOP02-DEL02-DF 
617919;"1382478   ";2024-07-30;terça-feira;16:20:00;GO;"20   ";"11   ";FORMOSA;Sim;Mal súbito do condutor;1;Colisão frontal;Com Vítimas Feridas;Pleno dia;Crescente;Céu Claro;Simples;Reta;Não  ;"1106895   ";Caminhonete;FIAT/STRADA WORKING;"2012      ";Condutor;Lesões Leves;"27   ";Masculino;"0 ";"1    ";"0    ";"0    ";-15.5620110;-47.2577780;SPRF-DF;DEL02-DF;UOP02-DEL02-DF 
617919;"1382476   ";2024-07-30;terça-feira;16:20:00;GO;"20   ";"11   ";FORMOSA;Sim;Mal súbito do condutor;1;Colisão frontal;Com Vítimas Feridas;Pleno dia;Crescente;Céu Claro;Simples;Reta;Não  ;"1106893   ";Caminhão-trator;DAF/XF FTS 480 SSC;"2023      ";Condutor;Ileso;"46   ";Masculino;"1 ";"0    ";"0    ";"0    ";-15.5620110;-47.2577780;SPRF-DF;DEL02-DF;UOP02-DEL02-DF 
617919;"0         ";2024-07-30;terça-feira;16:20:00;GO;"20   ";"11   ";FORMOSA;Sim;Mal súbito do condutor;1;Colisão frontal;Com Vítimas Feridas;Pleno dia;Crescente;Céu Claro;Simples;Reta;Não  ;"1108019   ";Semireboque;SR/RHODOSS TQ2 CTT;"2018      ";"0";"0";"0    ";"0";"0 ";"0    ";"0    ";"0    ";-15.5620110;-47.2577780;SPRF-DF;DEL02-DF;UOP02-DEL02-DF 
617919;"0         ";2024-07-30;terça-feira;16:20:00;GO;"20   ";"11   ";FORMOSA;Sim;Mal súbito do condutor;1;Colisão frontal;Com Vítimas Feridas;Pleno dia;Crescente;Céu Claro;Simples;Reta;Não  ;"1108017   ";Semireboque;SR/RHODOSS TQ2 CTT;"2018      ";"0";"0";"0    ";"0";"0 ";"0    ";"0    ";"0    ";-15.5620110;-47.2577780;SPRF-DF;DEL02-DF;UOP02-DEL02-DF 
617919;"1382478   ";2024-07-30;terça-feira;16:20:00;GO;"20   ";"11   ";FORMOSA;Não;Condutor usando celular;1;Colisão frontal;Com Vítimas Feridas;Pleno dia;Crescente;Céu Claro;Simples;Reta;Não  ;"1106895   ";Caminhonete;FIAT/STRADA WORKING;"2012      ";Condutor;Lesões Leves;"27   ";Masculino;"0 ";"1    ";"0    ";"0    ";-15.5620110;-47.2577780;SPRF-DF;DEL02-DF;UOP02-DEL02-DF 
617919;"1382476   ";2024-07-30;terça-feira;16:20:00;GO;"20   ";"11   ";FORMOSA;Não;Condutor usando celular;1;Colisão frontal;Com Vítimas Feridas;Pleno dia;Crescente;Céu Claro;Simples;Reta;Não  ;"1106893   ";Caminhão-trator;DAF/XF FTS 480 SSC;"2023      ";Condutor;Ileso;"46   ";Masculino;"1 ";"0    ";"0    ";"0    ";-15.5620110;-47.2577780;SPRF-DF;DEL02-DF;UOP02-DEL02-DF 
617919;"0         ";2024-07-30;terça-feira;16:20:00;GO;"20   ";"11   ";FORMOSA;Não;Condutor usando celular;1;Colisão frontal;Com Vítimas Feridas;Pleno dia;Crescente;Céu Claro;Simples;Reta;Não  ;"1108019   ";Semireboque;SR/RHODOSS TQ2 CTT;"2018      ";"0";"0";"0    ";"0";"0 ";"0    ";"0    ";"0    ";-15.5620110;-47.2577780;SPRF-DF;DEL02-DF;UOP02-DEL02-DF 
617919;"0         ";2024-07-30;terça-feira;16:20:00;GO;"20   ";"11   ";FORMOSA;Não;Condutor usando celular;1;Colisão frontal;Com Vítimas Feridas;Pleno dia;Crescente;Céu Claro;Simples;Reta;Não  ;"1108017   ";Semireboque;SR/RHODOSS TQ2 CTT;"2018      ";"0";"0";"0    ";"0";"0 ";"0    ";"0    ";"0    ";-15.5620110;-47.2577780;SPRF-DF;DEL02-DF;UOP02-DEL02-DF 
617923;"1382650   ";2024-07-30;terça-feira;17:27:00;GO;"40   ";"7,1  ";LUZIANIA;Sim;Acessar a via sem observar a presença dos outros veículos;1;Colisão lateral mesmo sentido;Com Vítimas Feridas;Pleno dia;Decrescente;Céu Claro;Dupla;Reta;Sim  ;"1107012   ";Automóvel;Não Informado/Não Informado;"0         ";Condutor;Ileso;"0    ";Ignorado;"1 ";"0    ";"0    ";"0    ";-16.1084820;-47.9725240;SPRF-DF;DEL01-DF;UOP01-DEL01-DF 
617923;"1382648   ";2024-07-30;terça-feira;17:27:00;GO;"40   ";"7,1  ";LUZIANIA;Sim;Acessar a via sem observar a presença dos outros veículos;1;Colisão lateral mesmo sentido;Com Vítimas Feridas;Pleno dia;Decrescente;Céu Claro;Dupla;Reta;Sim  ;"1107013   ";Motocicleta;Não Informado/Não Informado;"0         ";Condutor;Lesões Leves;"39   ";Masculino;"0 ";"1    ";"0    ";"0    ";-16.1084820;-47.9725240;SPRF-DF;DEL01-DF;UOP01-DEL01-DF 
617996;"1382842   ";2024-07-31;quarta-feira;07:00:00;DF;"20   ";"11,5 ";BRASILIA;Não;Reação tardia ou ineficiente do condutor;3;Queda de ocupante de veículo;Com Vítimas Feridas;Pleno dia;Crescente;Céu Claro;Dupla;"Reta;Declive;Em Obras";Sim  ;"1107154   ";Automóvel;TOYOTA/ETIOS HB X;"2015      ";Condutor;Ileso;"27   ";Feminino;"1 ";"0    ";"0    ";"0    ";-15.6465400;-47.7664220;SPRF-DF;DEL02-DF;UOP01-DEL02-DF 