id;pesid;data_inversa;dia_semana;horario;uf;br;km;municipio;causa_principal;causa_acidente;ordem_tipo_acidente;tipo_acidente;classificacao_acidente;fase_dia;sentido_via;condicao_metereologica;tipo_pista;tracado_via;uso_solo;id_veiculo;tipo_veiculo;marca;ano_fabricacao_veiculo;tipo_envolvido;estado_fisico;idade;sexo;ilesos;feridos_leves;feridos_graves;mortos;latitude;longitude;regional;delegacia;uop
617996;"1382844   ";2024-07-31;quarta-feira;07:00:00;DF;"20   ";"11,5 ";BRASILIA;Não;Reação tardia ou ineficiente do condutor;3;Queda de ocupante de veículo;Com Vítimas Feridas;Pleno dia;Crescente;Céu Claro;Dupla;"Reta;Declive;Em Obras";Sim  ;"1107155   ";Motocicleta;HONDA/CG 160 START;"2024      ";Condutor;Lesões Leves;"21   ";Masculino;"0 ";"1    ";"0    ";"0    ";-15.6465400;-47.7664220;SPRF-DF;DEL02-DF;UOP01-DEL02-DF 
617996;"1382842   ";2024-07-31;quarta-feira;07:00:00;DF;"20   ";"11,5 ";BRASILIA;Sim;Manobra de mudança de faixa;3;Queda de ocupante de veículo;Com Vítimas Feridas;Pleno dia;Crescente;Céu Claro;Dupla;"Reta;Declive;Em Obras";Sim  ;"1107154   ";Automóvel;TOYOTA/ETIOS HB X;"2015      ";Condutor;Ileso;"27   ";Feminino;"1 ";"0    ";"0    ";"0    ";-15.6465400;-47.7664220;SPRF-DF;DEL02-DF;UOP01-DEL02-DF 
617996;"1382844   ";2024-07-31;quarta-feira;07:00:00;DF;"20   ";"11,5 ";BRASILIA;Sim;Manobra de mudança de faixa;3;Queda de ocupante de veículo;Com Vítimas Feridas;Pleno dia;Crescente;Céu Claro;Dupla;"Reta;Declive;Em Obras";Sim  ;"1107155   ";Motocicleta;HONDA/CG 160 START;"2024      ";Condutor;Lesões Leves;"21   ";Masculino;"0 ";"1    ";"0    ";"0    ";-15.6465400;-47.7664220;SPRF-DF;DEL02-DF;UOP01-DEL02-DF 
617996;"1382842   ";2024-07-31;quarta-feira;07:00:00;DF;"20   ";"11,5 ";BRASILIA;Não;Reação tardia ou ineficiente do condutor;2;Tombamento;Com Vítimas Feridas;Pleno dia;Crescente;Céu Claro;Dupla;"Reta;Declive;Em Obras";Sim  ;"1107154   ";Automóvel;TOYOTA/ETIOS HB X;"2015      ";Condutor;Ileso;"27   ";Feminino;"1 ";"0    ";"0    ";"0    ";-15.6465400;-47.7664220;SPRF-DF;DEL02-DF;UOP01-DEL02-DF 
617996;"1382844   ";2024-07-31;quarta-feira;07:00:00;DF;"20   ";"11,5 ";BRASILIA;Não;Reação tardia ou ineficiente do condutor;2;Tombamento;Com Vítimas Feridas;Pleno dia;Crescente;Céu Claro;Dupla;"Reta;Declive;Em Obras";Sim  ;"1107155   ";Motocicleta;HONDA/CG 160 START;"2024      ";Condutor;Lesões Leves;"21   ";Masculino;"0 ";"1    ";"0    ";"0    ";-15.6465400;-47.7664220;SPRF-DF;DEL02-DF;UOP01-DEL02-DF 
617996;"1382842   ";2024-07-31;quarta-feira;07:00:00;DF;"20   ";"11,5 ";BRASILIA;Sim;Manobra de mudança de faixa;2;Tombamento;Com Vítimas Feridas;Pleno dia;Crescente;Céu Claro;Dupla;"Reta;Declive;Em Obras";Sim  ;"1107154   ";Automóvel;TOYOTA/ETIOS HB X;"2015      ";Condutor;Ileso;"27   ";Feminino;"1 ";"0    ";"0    ";"0    ";-15.6465400;-47.7664220;SPRF-DF;DEL02-DF;UOP01-DEL02-DF 
617996;"1382844   ";2024-07-31;quarta-feira;07:00:00;DF;"20   ";"11,5 ";BRASILIA;Sim;Manobra de mudança de faixa;2;Tombamento;Com Vítimas Feridas;Pleno dia;Crescente;Céu Claro;Dupla;"Reta;Declive;Em Obras";Sim  ;"1107155   ";Motocicleta;HONDA/CG 160 START;"2024      ";Condutor;Lesões Leves;"21   ";Masculino;"0 ";"1    ";"0    ";"0    ";-15.6465400;-47.7664220;SPRF-DF;DEL02-DF;UOP01-DEL02-DF 
617996;"1382842   ";2024-07-31;quarta-feira;07:00:00;DF;"20   ";"11,5 ";BRASILIA;Não;Reação tardia ou ineficiente do condutor;1;Colisão lateral mesmo sentido;Com Vítimas Feridas;Pleno dia;Crescente;Céu Claro;Dupla;"Reta;Declive;Em Obras";Sim  ;"1107154   ";Automóvel;TOYOTA/ETIOS HB X;"2015      ";Condutor;Ileso;"27   ";Feminino;"1 ";"0    ";"0    ";"0    ";-15.6465400;-47.7664220;SPRF-DF;DEL02-DF;UOP01-DEL02-DF 
617996;"1382844   ";2024-07-31;quarta-feira;07:00:00;DF;"20   ";"11,5 ";BRASILIA;Não;Reação tardia ou ineficiente do condutor;1;Colisão lateral mesmo sentido;Com Vítimas Feridas;Pleno dia;Crescente;Céu Claro;Dupla;"Reta;Declive;Em Obras";Sim  ;"1107155   ";Motocicleta;HONDA/CG 160 START;"2024      ";Condutor;Lesões Leves;"21   ";Masculino;"0 ";"1    ";"0    ";"0    ";-15.6465400;-47.7664220;SPRF-DF;DEL02-DF;UOP01-DEL02-DF 
617996;"1382842   ";2024-07-31;quarta-feira;07:00:00;DF;"20   ";"11,5 ";BRASILIA;Sim;Manobra de mudança de faixa;1;Colisão lateral mesmo sentido;Com Vítimas Feridas;Pleno dia;Crescente;Céu Claro;Dupla;"Reta;Declive;Em Obras";Sim  ;"1107154   ";Automóvel;TOYOTA/ETIOS HB X;"2015      ";Condutor;Ileso;"27   ";Feminino;"1 ";"0    ";"0    ";"0    ";-15.6465400;-47.7664220;SPRF-DF;DEL02-DF;UOP01-DEL02-DF 
617996;"1382844   ";2024-07-31;quarta-feira;07:00:00;DF;"20   ";"11,5 ";BRASILIA;Sim;Manobra de mudança de faixa;1;Colisão lateral mesmo sentido;Com Vítimas Feridas;Pleno dia;Crescente;Céu Claro;Dupla;"Reta;Declive;Em Obras";Sim  ;"1107155   ";Motocicleta;HONDA/CG 160 START;"2024      ";Condutor;Lesões Leves;"21   ";Masculino;"0 ";"1    ";"0    ";"0    ";-15.6465400;-47.7664220;SPRF-DF;DEL02-DF;UOP01-DEL02-DF 
618022;"1382723   ";2024-06-09;domingo;15:53:00;GO;"20   ";"3    ";FORMOSA;Sim;Acesso irregular;2;Queda de ocupante de veículo;Com Vítimas Feridas;Pleno dia;Decrescente;Céu Claro;Simples;"Reta;Declive";Sim  ;"1107061   ";Automóvel;I/CITROEN C4L LIVE AUT;"2019      ";Condutor;Ileso;"37   ";Masculino;"1 ";"0    ";"0    ";"0    ";-15.5674870;-47.3203090;SPRF-DF;DEL02-DF;UOP02-DEL02-DF 
618022;"1382724   ";2024-06-09;domingo;15:53:00;GO;"20   ";"3    ";FORMOSA;Sim;Acesso irregular;2;Queda de ocupante de veículo;Com Vítimas Feridas;Pleno dia;Decrescente;Céu Claro;Simples;"Reta;Declive";Sim  ;"1107062   ";Bicicleta;Não Informado/Não Informado;"0         ";Condutor;Lesões Graves;"55   ";Masculino;"0 ";"0    ";"1    ";"0    ";-15.5674870;-47.3203090;SPRF-DF;DEL02-DF;UOP02-DEL02-DF 
618022;"1382723   ";2024-06-09;domingo;15:53:00;GO;"20   ";"3    ";FORMOSA;Sim;Acesso irregular;1;Colisão transversal;Com Vítimas Feridas;Pleno dia;Decrescente;Céu Claro;Simples;"Reta;Declive";Sim  ;"1107061   ";Automóvel;I/CITROEN C4L LIVE AUT;"2019      ";Condutor;Ileso;"37   ";Masculino;"1 ";"0    ";"0    ";"0    ";-15.5674870;-47.3203090;SPRF-DF;DEL02-DF;UOP02-DEL02-DF 
618022;"1382724   ";2024-06-09;domingo;15:53:00;GO;"20   ";"3    ";FORMOSA;Sim;Acesso irregular;1;Colisão transversal;Com Vítimas Feridas;Pleno dia;Decrescente;Céu Claro;Simples;"Reta;Declive";Sim  ;"1107062   ";Bicicleta;Não Informado/Não Informado;"0         ";Condutor;Lesões Graves;"55   ";Masculino;"0 ";"0    ";"1    ";"0    ";-15.5674870;-47.3203090;SPRF-DF;DEL02-DF;UOP02-DEL02-DF 
618142;"1383856   ";2024-07-31;quarta-feira;19:32:00;GO;"40   ";"4    ";VALPARAISO DE GOIAS;Sim;Manobra de mudança de faixa;2;Queda de ocupante de veículo;Com Vítimas Feridas;Plena Noite;Crescente;Céu Claro;Dupla;Reta;Não  ;"1108000   ";Automóvel;Não Informado/Não Informado;"0         ";Condutor;Ileso;"0    ";Masculino;"1 ";"0    ";"0    ";"0    ";-16.0852410;-47.9867520;SPRF-DF;DEL01-DF;UOP01-DEL01-DF 
618142;"1383855   ";2024-07-31;quarta-feira;19:32:00;GO;"40   ";"4    ";VALPARAISO DE GOIAS;Sim;Manobra de mudança de faixa;2;Queda de ocupante de veículo;Com Vítimas Feridas;Plena Noite;Crescente;Céu Claro;Dupla;Reta;Não  ;"1107999   ";Motocicleta;HONDA/CG 160 TITAN;"2023      ";Condutor;Lesões Graves;"34   ";Masculino;"0 ";"0    ";"1    ";"0    ";-16.0852410;-47.9867520;SPRF-DF;DEL01-DF;UOP01-DEL01-DF 
618142;"1383856   ";2024-07-31;quarta-feira;19:32:00;GO;"40   ";"4    ";VALPARAISO DE GOIAS;Sim;Manobra de mudança de faixa;1;Colisão lateral mesmo sentido;Com Vítimas Feridas;Plena Noite;Crescente;Céu Claro;Dupla;Reta;Não  ;"1108000   ";Automóvel;Não Informado/Não Informado;"0         ";Condutor;Ileso;"0    ";Masculino;"1 ";"0    ";"0    ";"0    ";-16.0852410;-47.9867520;SPRF-DF;DEL01-DF;UOP01-DEL01-DF 
618142;"1383855   ";2024-07-31;quarta-feira;19:32:00;GO;"40   ";"4    ";VALPARAISO DE GOIAS;Sim;Manobra de mudança de faixa;1;Colisão lateral mesmo sentido;Com Vítimas Feridas;Plena Noite;Crescente;Céu Claro;Dupla;Reta;Não  ;"1107999   ";Motocicleta;HONDA/CG 160 TITAN;"2023      ";Condutor;Lesões Graves;"34   ";Masculino;"0 ";"0    ";"1    ";"0    ";-16.0852410;-47.9867520;SPRF-DF;DEL01-DF;UOP01-DEL01-DF 
618148;"1383114   ";2024-07-31;quarta-feira;20:36:00;GO;"60   ";"1    ";SANTO ANTONIO DO DESCOBERTO;Não;Reação tardia ou ineficiente do condutor;2;Capotamento;Com Vítimas Feridas;Plena Noite;Crescente;Céu Claro;Dupla;"Declive;Curva";Não  ;"1107355   ";Automóvel;FIAT/UNO ATTRACTIVE 1.0;"2020      ";Passageiro;Lesões Leves;"30   ";Feminino;"0 ";"1    ";"0    ";"0    ";-16.0683457;-48.2640637;SPRF-DF;DEL03-DF;UOP01-DEL03-DF 
618148;"1383113   ";2024-07-31;quarta-feira;20:36:00;GO;"60   ";"1    ";SANTO ANTONIO DO DESCOBERTO;Não;Reação tardia ou ineficiente do condutor;2;Capotamento;Com Vítimas Feridas;Plena Noite;Crescente;Céu Claro;Dupla;"Declive;Curva";Não  ;"1107355   ";Automóvel;FIAT/UNO ATTRACTIVE 1.0;"2020      ";Passageiro;Lesões Leves;"19   ";Feminino;"0 ";"1    ";"0    ";"0    ";-16.0683457;-48.2640637;SPRF-DF;DEL03-DF;UOP01-DEL03-DF 
618148;"1383111   ";2024-07-31;quarta-feira;20:36:00;GO;"60   ";"1    ";SANTO ANTONIO DO DESCOBERTO;Não;Reação tardia ou ineficiente do condutor;2;Capotamento;Com Vítimas Feridas;Plena Noite;Crescente;Céu Claro;Dupla;"Declive;Curva";Não  ;"1107355   ";Automóvel;FIAT/UNO ATTRACTIVE 1.0;"2020      ";Condutor;Ileso;"43   ";Masculino;"1 ";"0    ";"0    ";"0    ";-16.0683457;-48.2640637;SPRF-DF;DEL03-DF;UOP01-DEL03-DF 
618148;"1383114   ";2024-07-31;quarta-feira;20:36:00;GO;"60   ";"1    ";SANTO ANTONIO DO DESCOBERTO;Sim;Ausência de reação do condutor;2;Capotamento;Com Vítimas Feridas;Plena Noite;Crescente;Céu Claro;Dupla;"Declive;Curva";Não  ;"1107355   ";Automóvel;FIAT/UNO ATTRACTIVE 1.0;"2020      ";Passageiro;Lesões Leves;"30   ";Feminino;"0 ";"1    ";"0    ";"0    ";-16.0683457;-48.2640637;SPRF-DF;DEL03-DF;UOP01-DEL03-DF 
618148;"1383113   ";2024-07-31;quarta-feira;20:36:00;GO;"60   ";"1    ";SANTO ANTONIO DO DESCOBERTO;Sim;Ausência de reação do condutor;2;Capotamento;Com Vítimas Feridas;Plena Noite;Crescente;Céu Claro;Dupla;"Declive;Curva";Não  ;"1107355   ";Automóvel;FIAT/UNO ATTRACTIVE 1.0;"2020      ";Passageiro;Lesões Leves;"19   ";Feminino;"0 ";"1    ";"0    ";"0    ";-16.0683457;-48.2640637;SPRF-DF;DEL03-DF;UOP01-DEL03-DF 
618148;"1383111   ";2024-07-31;quarta-feira;20:36:00;GO;"60   ";"1    ";SANTO ANTONIO DO DESCOBERTO;Sim;Ausência de reação do condutor;2;Capotamento;Com Vítimas Feridas;Plena Noite;Crescente;Céu Claro;Dupla;"Declive;Curva";Não  ;"1107355   ";Automóvel;FIAT/UNO ATTRACTIVE 1.0;"2020      ";Condutor;Ileso;"43   ";Masculino;"1 ";"0    ";"0    ";"0    ";-16.0683457;-48.2640637;SPRF-DF;DEL03-DF;UOP01-DEL03-DF 
618148;"1383114   ";2024-07-31;quarta-feira;20:36:00;GO;"60   ";"1    ";SANTO ANTONIO DO DESCOBERTO;Não;Reação tardia ou ineficiente do condutor;1;Saída de leito carroçável;Com Vítimas Feridas;Plena Noite;Crescente;Céu Claro;Dupla;"Declive;Curva";Não  ;"1107355   ";Automóvel;FIAT/UNO ATTRACTIVE 1.0;"2020      ";Passageiro;Lesões Leves;"30   ";Feminino;"0 ";"1    ";"0    ";"0    ";-16.0683457;-48.2640637;SPRF-DF;DEL03-DF;UOP01-DEL03-DF 
618148;"1383113   ";2024-07-31;quarta-feira;20:36:00;GO;"60   ";"1    ";SANTO ANTONIO DO DESCOBERTO;Não;Reação tardia ou ineficiente do condutor;1;Saída de leito carroçável;Com Vítimas Feridas;Plena Noite;Crescente;Céu Claro;Dupla;"Declive;Curva";Não  ;"1107355   ";Automóvel;FIAT/UNO ATTRACTIVE 1.0;"2020      ";Passageiro;Lesões Leves;"19   ";Feminino;"0 ";"1    ";"0    ";"0    ";-16.0683457;-48.2640637;SPRF-DF;DEL03-DF;UOP01-DEL03-DF 
618148;"1383111   ";2024-07-31;quarta-feira;20:36:00;GO;"60   ";"1    ";SANTO ANTONIO DO DESCOBERTO;Não;Reação tardia ou ineficiente do condutor;1;Saída de leito carroçável;Com Vítimas Feridas;Plena Noite;Crescente;Céu Claro;Dupla;"Declive;Curva";Não  ;"1107355   ";Automóvel;FIAT/UNO ATTRACTIVE 1.0;"2020      ";Condutor;Ileso;"43   ";Masculino;"1 ";"0    ";"0    ";"0    ";-16.0683457;-48.2640637;SPRF-DF;DEL03-DF;UOP01-DEL03-DF 
618148;"1383114   ";2024-07-31;quarta-feira;20:36:00;GO;"60   ";"1    ";SANTO ANTONIO DO DESCOBERTO;Sim;Ausência de reação do condutor;1;Saída de leito carroçável;Com Vítimas Feridas;Plena Noite;Crescente;Céu Claro;Dupla;"Declive;Curva";Não  ;"1107355   ";Automóvel;FIAT/UNO ATTRACTIVE 1.0;"2020      ";Passageiro;Lesões Leves;"30   ";Feminino;"0 ";"1    ";"0    ";"0    ";-16.0683457;-48.2640637;SPRF-DF;DEL03-DF;UOP01-DEL03-DF 
618148;"1383113   ";2024-07-31;quarta-feira;20:36:00;GO;"60   ";"1    ";SANTO ANTONIO DO DESCOBERTO;Sim;Ausência de reação do condutor;1;Saída de leito carroçável;Com Vítimas Feridas;Plena Noite;Crescente;Céu Claro;Dupla;"Declive;Curva";Não  ;"1107355   ";Automóvel;FIAT/UNO ATTRACTIVE 1.0;"2020      ";Passageiro;Lesões Leves;"19   ";Feminino;"0 ";"1    ";"0    ";"0    ";-16.0683457;-48.2640637;SPRF-DF;DEL03-DF;UOP01-DEL03-DF 
618148;"1383111   ";2024-07-31;quarta-feira;20:36:00;GO;"60   ";"1    ";SANTO ANTONIO DO DESCOBERTO;Sim;Ausência de reação do condutor;1;Saída de leito carroçável;Com Vítimas Feridas;Plena Noite;Crescente;Céu Claro;Dupla;"Declive;Curva";Não  ;"1107355   ";Automóvel;FIAT/UNO ATTRACTIVE 1.0;"2020      ";Condutor;Ileso;"43   ";Masculino;"1 ";"0    ";"0    ";"0    ";-16.0683457;-48.2640637;SPRF-DF;DEL03-DF;UOP01-DEL03-DF 
618155;"1383255   ";2024-07-31;quarta-feira;20:55:00;DF;"80   ";"12   ";BRASILIA;Não;Velocidade Incompatível;3;Queda de ocupante de veículo;Com Vítimas Fatais;Plena Noite;Decrescente;Céu Claro;Simples;"Reta;Declive";Não  ;"1107479   ";Automóvel;VW/UP CONNECT TSI MD;"0         ";Condutor;Não Informado;"0    ";Não Informado;"0 ";"0    ";"0    ";"0    ";-15.7308490;-48.1873550;SPRF-DF;DEL03-DF;UOP02-DEL03-DF 
618155;"1383257   ";2024-07-31;quarta-feira;20:55:00;DF;"80   ";"12   ";BRASILIA;Não;Velocidade Incompatível;3;Queda de ocupante de veículo;Com Vítimas Fatais;Plena Noite;Decrescente;Céu Claro;Simples;"Reta;Declive";Não  ;"1107483   ";Bicicleta;Não Informado/Não Informado;"0         ";Condutor;Óbito;"20   ";Masculino;"0 ";"0    ";"0    ";"1    ";-15.7308490;-48.1873550;SPRF-DF;DEL03-DF;UOP02-DEL03-DF 
618155;"1383255   ";2024-07-31;quarta-feira;20:55:00;DF;"80   ";"12   ";BRASILIA;Não;Reação tardia ou ineficiente do condutor;3;Queda de ocupante de veículo;Com Vítimas Fatais;Plena Noite;Decrescente;Céu Claro;Simples;"Reta;Declive";Não  ;"1107479   ";Automóvel;VW/UP CONNECT TSI MD;"0         ";Condutor;Não Informado;"0    ";Não Informado;"0 ";"0    ";"0    ";"0    ";-15.7308490;-48.1873550;SPRF-DF;DEL03-DF;UOP02-DEL03-DF 
618155;"1383257   ";2024-07-31;quarta-feira;20:55:00;DF;"80   ";"12   ";BRASILIA;Não;Reação tardia ou ineficiente do condutor;3;Queda de ocupante de veículo;Com Vítimas Fatais;Plena Noite;Decrescente;Céu Claro;Simples;"Reta;Declive";Não  ;"1107483   ";Bicicleta;Não Informado/Não Informado;"0         ";Condutor;Óbito;"20   ";Masculino;"0 ";"0    ";"0    ";"1    ";-15.7308490;-48.1873550;SPRF-DF;DEL03-DF;UOP02-DEL03-DF 
618155;"1383255   ";2024-07-31;quarta-feira;20:55:00;DF;"80   ";"12   ";BRASILIA;Não;Ausência de reação do condutor;3;Queda de ocupante de veículo;Com Vítimas Fatais;Plena Noite;Decrescente;Céu Claro;Simples;"Reta;Declive";Não  ;"1107479   ";Automóvel;VW/UP CONNECT TSI MD;"0         ";Condutor;Não Informado;"0    ";Não Informado;"0 ";"0    ";"0    ";"0    ";-15.7308490;-48.1873550;SPRF-DF;DEL03-DF;UOP02-DEL03-DF 
618155;"1383257   ";2024-07-31;quarta-feira;20:55:00;DF;"80   ";"12   ";BRASILIA;Não;Ausência de reação do condutor;3;Queda de ocupante de veículo;Com Vítimas Fatais;Plena Noite;Decrescente;Céu Claro;Simples;"Reta;Declive";Não  ;"1107483   ";Bicicleta;Não Informado/Não Informado;"0         ";Condutor;Óbito;"20   ";Masculino;"0 ";"0    ";"0    ";"1    ";-15.7308490;-48.1873550;SPRF-DF;DEL03-DF;UOP02-DEL03-DF 
618155;"1383255   ";2024-07-31;quarta-feira;20:55:00;DF;"80   ";"12   ";BRASILIA;Sim;Transitar no Acostamento;3;Queda de ocupante de veículo;Com Vítimas Fatais;Plena Noite;Decrescente;Céu Claro;Simples;"Reta;Declive";Não  ;"1107479   ";Automóvel;VW/UP CONNECT TSI MD;"0         ";Condutor;Não Informado;"0    ";Não Informado;"0 ";"0    ";"0    ";"0    ";-15.7308490;-48.1873550;SPRF-DF;DEL03-DF;UOP02-DEL03-DF 
618155;"1383257   ";2024-07-31;quarta-feira;20:55:00;DF;"80   ";"12   ";BRASILIA;Sim;Transitar no Acostamento;3;Queda de ocupante de veículo;Com Vítimas Fatais;Plena Noite;Decrescente;Céu Claro;Simples;"Reta;Declive";Não  ;"1107483   ";Bicicleta;Não Informado/Não Informado;"0         ";Condutor;Óbito;"20   ";Masculino;"0 ";"0    ";"0    ";"1    ";-15.7308490;-48.1873550;SPRF-DF;DEL03-DF;UOP02-DEL03-DF 
618155;"1383255   ";2024-07-31;quarta-feira;20:55:00;DF;"80   ";"12   ";BRASILIA;Não;Velocidade Incompatível;2;Saída de leito carroçável;Com Vítimas Fatais;Plena Noite;Decrescente;Céu Claro;Simples;"Reta;Declive";Não  ;"1107479   ";Automóvel;VW/UP CONNECT TSI MD;"0         ";Condutor;Não Informado;"0    ";Não Informado;"0 ";"0    ";"0    ";"0    ";-15.7308490;-48.1873550;SPRF-DF;DEL03-DF;UOP02-DEL03-DF 
618155;"1383257   ";2024-07-31;quarta-feira;20:55:00;DF;"80   ";"12   ";BRASILIA;Não;Velocidade Incompatível;2;Saída de leito carroçável;Com Vítimas Fatais;Plena Noite;Decrescente;Céu Claro;Simples;"Reta;Declive";Não  ;"1107483   ";Bicicleta;Não Informado/Não Informado;"0         ";Condutor;Óbito;"20   ";Masculino;"0 ";"0    ";"0    ";"1    ";-15.7308490;-48.1873550;SPRF-DF;DEL03-DF;UOP02-DEL03-DF 
618155;"1383255   ";2024-07-31;quarta-feira;20:55:00;DF;"80   ";"12   ";BRASILIA;Não;Reação tardia ou ineficiente do condutor;2;Saída de leito carroçável;Com Vítimas Fatais;Plena Noite;Decrescente;Céu Claro;Simples;"Reta;Declive";Não  ;"1107479   ";Automóvel;VW/UP CONNECT TSI MD;"0         ";Condutor;Não Informado;"0    ";Não Informado;"0 ";"0    ";"0    ";"0    ";-15.7308490;-48.1873550;SPRF-DF;DEL03-DF;UOP02-DEL03-DF 
618155;"1383257   ";2024-07-31;quarta-feira;20:55:00;DF;"80   ";"12   ";BRASILIA;Não;Reação tardia ou ineficiente do condutor;2;Saída de leito carroçável;Com Vítimas Fatais;Plena Noite;Decrescente;Céu Claro;Simples;"Reta;Declive";Não  ;"1107483   ";Bicicleta;Não Informado/Não Informado;"0         ";Condutor;Óbito;"20   ";Masculino;"0 ";"0    ";"0    ";"1    ";-15.7308490;-48.1873550;SPRF-DF;DEL03-DF;UOP02-DEL03-DF 
618155;"1383255   ";2024-07-31;quarta-feira;20:55:00;DF;"80   ";"12   ";BRASILIA;Não;Ausência de reação do condutor;2;Saída de leito carroçável;Com Vítimas Fatais;Plena Noite;Decrescente;Céu Claro;Simples;"Reta;Declive";Não  ;"1107479   ";Automóvel;VW/UP CONNECT TSI MD;"0         ";Condutor;Não Informado;"0    ";Não Informado;"0 ";"0    ";"0    ";"0    ";-15.7308490;-48.1873550;SPRF-DF;DEL03-DF;UOP02-DEL03-DF 
618155;"1383257   ";2024-07-31;quarta-feira;20:55:00;DF;"80   ";"12   ";BRASILIA;Não;Ausência de reação do condutor;2;Saída de leito carroçável;Com Vítimas Fatais;Plena Noite;Decrescente;Céu Claro;Simples;"Reta;Declive";Não  ;"1107483   ";Bicicleta;Não Informado/Não Informado;"0         ";Condutor;Óbito;"20   ";Masculino;"0 ";"0    ";"0    ";"1    ";-15.7308490;-48.1873550;SPRF-DF;DEL03-DF;UOP02-DEL03-DF 
618155;"1383255   ";2024-07-31;quarta-feira;20:55:00;DF;"80   ";"12   ";BRASILIA;Sim;Transitar no Acostamento;2;Saída de leito carroçável;Com Vítimas Fatais;Plena Noite;Decrescente;Céu Claro;Simples;"Reta;Declive";Não  ;"1107479   ";Automóvel;VW/UP CONNECT TSI MD;"0         ";Condutor;Não Informado;"0    ";Não Informado;"0 ";"0    ";"0    ";"0    ";-15.7308490;-48.1873550;SPRF-DF;DEL03-DF;UOP02-DEL03-DF 
618155;"1383257   ";2024-07-31;quarta-feira;20:55:00;DF;"80   ";"12   ";BRASILIA;Sim;Transitar no Acostamento;2;Saída de leito carroçável;Com Vítimas Fatais;Plena Noite;Decrescente;Céu Claro;Simples;"Reta;Declive";Não  ;"1107483   ";Bicicleta;Não Informado/Não Informado;"0         ";Condutor;Óbito;"20   ";Masculino;"0 ";"0    ";"0    ";"1    ";-15.7308490;-48.1873550;SPRF-DF;DEL03-DF;UOP02-DEL03-DF 
618155;"1383255   ";2024-07-31;quarta-feira;20:55:00;DF;"80   ";"12   ";BRASILIA;Não;Velocidade Incompatível;1;Colisão traseira;Com Vítimas Fatais;Plena Noite;Decrescente;Céu Claro;Simples;"Reta;Declive";Não  ;"1107479   ";Automóvel;VW/UP CONNECT TSI MD;"0         ";Condutor;Não Informado;"0    ";Não Informado;"0 ";"0    ";"0    ";"0    ";-15.7308490;-48.1873550;SPRF-DF;DEL03-DF;UOP02-DEL03-DF 
618155;"1383257   ";2024-07-31;quarta-feira;20:55:00;DF;"80   ";"12   ";BRASILIA;Não;Velocidade Incompatível;1;Colisão traseira;Com Vítimas Fatais;Plena Noite;Decrescente;Céu Claro;Simples;"Reta;Declive";Não  ;"1107483   ";Bicicleta;Não Informado/Não Informado;"0         ";Condutor;Óbito;"20   ";Masculino;"0 ";"0    ";"0    ";"1    ";-15.7308490;-48.1873550;SPRF-DF;DEL03-DF;UOP02-DEL03-DF 
618155;"1383255   ";2024-07-31;quarta-feira;20:55:00;DF;"80   ";"12   ";BRASILIA;Não;Reação tardia ou ineficiente do condutor;1;Colisão traseira;Com Vítimas Fatais;Plena Noite;Decrescente;Céu Claro;Simples;"Reta;Declive";Não  ;"1107479   ";Automóvel;VW/UP CONNECT TSI MD;"0         ";Condutor;Não Informado;"0    ";Não Informado;"0 ";"0    ";"0    ";"0    ";-15.7308490;-48.1873550;SPRF-DF;DEL03-DF;UOP02-DEL03-DF 
618155;"1383257   ";2024-07-31;quarta-feira;20:55:00;DF;"80   ";"12   ";BRASILIA;Não;Reação tardia ou ineficiente do condutor;1;Colisão traseira;Com Vítimas Fatais;Plena Noite;Decrescente;Céu Claro;Simples;"Reta;Declive";Não  ;"1107483   ";Bicicleta;Não Informado/Não Informado;"0         ";Condutor;Óbito;"20   ";Masculino;"0 ";"0    ";"0    ";"1    ";-15.7308490;-48.1873550;SPRF-DF;DEL03-DF;UOP02-DEL03-DF 
618155;"1383255   ";2024-07-31;quarta-feira;20:55:00;DF;"80   ";"12   ";BRASILIA;Não;Ausência de reação do condutor;1;Colisão traseira;Com Vítimas Fatais;Plena Noite;Decrescente;Céu Claro;Simples;"Reta;Declive";Não  ;"1107479   ";Automóvel;VW/UP CONNECT TSI MD;"0         ";Condutor;Não Informado;"0    ";Não Informado;"0 ";"0    ";"0    ";"0    ";-15.7308490;-48.1873550;SPRF-DF;DEL03-DF;UOP02-DEL03-DF 
618155;"1383257   ";2024-07-31;quarta-feira;20:55:00;DF;"80   ";"12   ";BRASILIA;Não;Ausência de reação do condutor;1;Colisão traseira;Com Vítimas Fatais;Plena Noite;Decrescente;Céu Claro;Simples;"Reta;Declive";Não  ;"1107483   ";Bicicleta;Não Informado/Não Informado;"0         ";Condutor;Óbito;"20   ";Masculino;"0 ";"0    ";"0    ";"1    ";-15.7308490;-48.1873550;SPRF-DF;DEL03-DF;UOP02-DEL03-DF 