id;pesid;data_inversa;dia_semana;horario;uf;br;km;municipio;causa_principal;causa_acidente;ordem_tipo_acidente;tipo_acidente;classificacao_acidente;fase_dia;sentido_via;condicao_metereologica;tipo_pista;tracado_via;uso_solo;id_veiculo;tipo_veiculo;marca;ano_fabricacao_veiculo;tipo_envolvido;estado_fisico;idade;sexo;ilesos;feridos_leves;feridos_graves;mortos;latitude;longitude;regional;delegacia;uop
618155;"1383255   ";2024-07-31;quarta-feira;20:55:00;DF;"80   ";"12   ";BRASILIA;Sim;Transitar no Acostamento;1;Colisão traseira;Com Vítimas Fatais;Plena Noite;Decrescente;Céu Claro;Simples;"Reta;Declive";Não  ;"1107479   ";Automóvel;VW/UP CONNECT TSI MD;"0         ";Condutor;Não Informado;"0    ";Não Informado;"0 ";"0    ";"0    ";"0    ";-15.7308490;-48.1873550;SPRF-DF;DEL03-DF;UOP02-DEL03-DF 
618155;"1383257   ";2024-07-31;quarta-feira;20:55:00;DF;"80   ";"12   ";BRASILIA;Sim;Transitar no Acostamento;1;Colisão traseira;Com Vítimas Fatais;Plena Noite;Decrescente;Céu Claro;Simples;"Reta;Declive";Não  ;"1107483   ";Bicicleta;Não Informado/Não Informado;"0         ";Condutor;Óbito;"20   ";Masculino;"0 ";"0    ";"0    ";"1    ";-15.7308490;-48.1873550;SPRF-DF;DEL03-DF;UOP02-DEL03-DF 
618201;"1383343   ";2024-08-01;quinta-feira;06:00:00;GO;"70   ";"3    ";AGUAS LINDAS DE GOIAS;Não;Manobra de mudança de faixa;3;Queda de ocupante de veículo;Com Vítimas Feridas;Amanhecer;Decrescente;Céu Claro;Dupla;Reta;Sim  ;"1107497   ";Motocicleta;HONDA/CG150 TITAN MIX KS;"2010      ";Condutor;Lesões Leves;"37   ";Masculino;"0 ";"1    ";"0    ";"0    ";-15.7617730;-48.2368693;SPRF-DF;DEL03-DF;UOP02-DEL03-DF 
618201;"1383346   ";2024-08-01;quinta-feira;06:00:00;GO;"70   ";"3    ";AGUAS LINDAS DE GOIAS;Não;Manobra de mudança de faixa;3;Queda de ocupante de veículo;Com Vítimas Feridas;Amanhecer;Decrescente;Céu Claro;Dupla;Reta;Sim  ;"1107497   ";Motocicleta;HONDA/CG150 TITAN MIX KS;"2010      ";Passageiro;Lesões Leves;"19   ";Feminino;"0 ";"1    ";"0    ";"0    ";-15.7617730;-48.2368693;SPRF-DF;DEL03-DF;UOP02-DEL03-DF 
618201;"1383342   ";2024-08-01;quinta-feira;06:00:00;GO;"70   ";"3    ";AGUAS LINDAS DE GOIAS;Não;Manobra de mudança de faixa;3;Queda de ocupante de veículo;Com Vítimas Feridas;Amanhecer;Decrescente;Céu Claro;Dupla;Reta;Sim  ;"1107496   ";Automóvel;HONDA/CIVIC LX;"2005      ";Condutor;Ileso;"59   ";Masculino;"1 ";"0    ";"0    ";"0    ";-15.7617730;-48.2368693;SPRF-DF;DEL03-DF;UOP02-DEL03-DF 
618201;"1383339   ";2024-08-01;quinta-feira;06:00:00;GO;"70   ";"3    ";AGUAS LINDAS DE GOIAS;Não;Manobra de mudança de faixa;3;Queda de ocupante de veículo;Com Vítimas Feridas;Amanhecer;Decrescente;Céu Claro;Dupla;Reta;Sim  ;"1107490   ";Automóvel;VW/SANTANA 2.0;"2002      ";Condutor;Ileso;"55   ";Masculino;"1 ";"0    ";"0    ";"0    ";-15.7617730;-48.2368693;SPRF-DF;DEL03-DF;UOP02-DEL03-DF 
618201;"1383337   ";2024-08-01;quinta-feira;06:00:00;GO;"70   ";"3    ";AGUAS LINDAS DE GOIAS;Não;Manobra de mudança de faixa;3;Queda de ocupante de veículo;Com Vítimas Feridas;Amanhecer;Decrescente;Céu Claro;Dupla;Reta;Sim  ;"1107489   ";Automóvel;FIAT/PALIO YOUNG;"2000      ";Passageiro;Ileso;"55   ";Feminino;"1 ";"0    ";"0    ";"0    ";-15.7617730;-48.2368693;SPRF-DF;DEL03-DF;UOP02-DEL03-DF 
618201;"1383336   ";2024-08-01;quinta-feira;06:00:00;GO;"70   ";"3    ";AGUAS LINDAS DE GOIAS;Não;Manobra de mudança de faixa;3;Queda de ocupante de veículo;Com Vítimas Feridas;Amanhecer;Decrescente;Céu Claro;Dupla;Reta;Sim  ;"1107489   ";Automóvel;FIAT/PALIO YOUNG;"2000      ";Condutor;Ileso;"48   ";Masculino;"1 ";"0    ";"0    ";"0    ";-15.7617730;-48.2368693;SPRF-DF;DEL03-DF;UOP02-DEL03-DF 
618201;"1383343   ";2024-08-01;quinta-feira;06:00:00;GO;"70   ";"3    ";AGUAS LINDAS DE GOIAS;Não;Condutor deixou de manter distância do veículo da frente;3;Queda de ocupante de veículo;Com Vítimas Feridas;Amanhecer;Decrescente;Céu Claro;Dupla;Reta;Sim  ;"1107497   ";Motocicleta;HONDA/CG150 TITAN MIX KS;"2010      ";Condutor;Lesões Leves;"37   ";Masculino;"0 ";"1    ";"0    ";"0    ";-15.7617730;-48.2368693;SPRF-DF;DEL03-DF;UOP02-DEL03-DF 
618201;"1383346   ";2024-08-01;quinta-feira;06:00:00;GO;"70   ";"3    ";AGUAS LINDAS DE GOIAS;Não;Condutor deixou de manter distância do veículo da frente;3;Queda de ocupante de veículo;Com Vítimas Feridas;Amanhecer;Decrescente;Céu Claro;Dupla;Reta;Sim  ;"1107497   ";Motocicleta;HONDA/CG150 TITAN MIX KS;"2010      ";Passageiro;Lesões Leves;"19   ";Feminino;"0 ";"1    ";"0    ";"0    ";-15.7617730;-48.2368693;SPRF-DF;DEL03-DF;UOP02-DEL03-DF 
618201;"1383342   ";2024-08-01;quinta-feira;06:00:00;GO;"70   ";"3    ";AGUAS LINDAS DE GOIAS;Não;Condutor deixou de manter distância do veículo da frente;3;Queda de ocupante de veículo;Com Vítimas Feridas;Amanhecer;Decrescente;Céu Claro;Dupla;Reta;Sim  ;"1107496   ";Automóvel;HONDA/CIVIC LX;"2005      ";Condutor;Ileso;"59   ";Masculino;"1 ";"0    ";"0    ";"0    ";-15.7617730;-48.2368693;SPRF-DF;DEL03-DF;UOP02-DEL03-DF 
618201;"1383339   ";2024-08-01;quinta-feira;06:00:00;GO;"70   ";"3    ";AGUAS LINDAS DE GOIAS;Não;Condutor deixou de manter distância do veículo da frente;3;Queda de ocupante de veículo;Com Vítimas Feridas;Amanhecer;Decrescente;Céu Claro;Dupla;Reta;Sim  ;"1107490   ";Automóvel;VW/SANTANA 2.0;"2002      ";Condutor;Ileso;"55   ";Masculino;"1 ";"0    ";"0    ";"0    ";-15.7617730;-48.2368693;SPRF-DF;DEL03-DF;UOP02-DEL03-DF 
618201;"1383337   ";2024-08-01;quinta-feira;06:00:00;GO;"70   ";"3    ";AGUAS LINDAS DE GOIAS;Não;Condutor deixou de manter distância do veículo da frente;3;Queda de ocupante de veículo;Com Vítimas Feridas;Amanhecer;Decrescente;Céu Claro;Dupla;Reta;Sim  ;"1107489   ";Automóvel;FIAT/PALIO YOUNG;"2000      ";Passageiro;Ileso;"55   ";Feminino;"1 ";"0    ";"0    ";"0    ";-15.7617730;-48.2368693;SPRF-DF;DEL03-DF;UOP02-DEL03-DF 
618201;"1383336   ";2024-08-01;quinta-feira;06:00:00;GO;"70   ";"3    ";AGUAS LINDAS DE GOIAS;Não;Condutor deixou de manter distância do veículo da frente;3;Queda de ocupante de veículo;Com Vítimas Feridas;Amanhecer;Decrescente;Céu Claro;Dupla;Reta;Sim  ;"1107489   ";Automóvel;FIAT/PALIO YOUNG;"2000      ";Condutor;Ileso;"48   ";Masculino;"1 ";"0    ";"0    ";"0    ";-15.7617730;-48.2368693;SPRF-DF;DEL03-DF;UOP02-DEL03-DF 
618201;"1383343   ";2024-08-01;quinta-feira;06:00:00;GO;"70   ";"3    ";AGUAS LINDAS DE GOIAS;Sim;Reação tardia ou ineficiente do condutor;3;Queda de ocupante de veículo;Com Vítimas Feridas;Amanhecer;Decrescente;Céu Claro;Dupla;Reta;Sim  ;"1107497   ";Motocicleta;HONDA/CG150 TITAN MIX KS;"2010      ";Condutor;Lesões Leves;"37   ";Masculino;"0 ";"1    ";"0    ";"0    ";-15.7617730;-48.2368693;SPRF-DF;DEL03-DF;UOP02-DEL03-DF 
618201;"1383346   ";2024-08-01;quinta-feira;06:00:00;GO;"70   ";"3    ";AGUAS LINDAS DE GOIAS;Sim;Reação tardia ou ineficiente do condutor;3;Queda de ocupante de veículo;Com Vítimas Feridas;Amanhecer;Decrescente;Céu Claro;Dupla;Reta;Sim  ;"1107497   ";Motocicleta;HONDA/CG150 TITAN MIX KS;"2010      ";Passageiro;Lesões Leves;"19   ";Feminino;"0 ";"1    ";"0    ";"0    ";-15.7617730;-48.2368693;SPRF-DF;DEL03-DF;UOP02-DEL03-DF 
618201;"1383342   ";2024-08-01;quinta-feira;06:00:00;GO;"70   ";"3    ";AGUAS LINDAS DE GOIAS;Sim;Reação tardia ou ineficiente do condutor;3;Queda de ocupante de veículo;Com Vítimas Feridas;Amanhecer;Decrescente;Céu Claro;Dupla;Reta;Sim  ;"1107496   ";Automóvel;HONDA/CIVIC LX;"2005      ";Condutor;Ileso;"59   ";Masculino;"1 ";"0    ";"0    ";"0    ";-15.7617730;-48.2368693;SPRF-DF;DEL03-DF;UOP02-DEL03-DF 
618201;"1383339   ";2024-08-01;quinta-feira;06:00:00;GO;"70   ";"3    ";AGUAS LINDAS DE GOIAS;Sim;Reação tardia ou ineficiente do condutor;3;Queda de ocupante de veículo;Com Vítimas Feridas;Amanhecer;Decrescente;Céu Claro;Dupla;Reta;Sim  ;"1107490   ";Automóvel;VW/SANTANA 2.0;"2002      ";Condutor;Ileso;"55   ";Masculino;"1 ";"0    ";"0    ";"0    ";-15.7617730;-48.2368693;SPRF-DF;DEL03-DF;UOP02-DEL03-DF 
618201;"1383337   ";2024-08-01;quinta-feira;06:00:00;GO;"70   ";"3    ";AGUAS LINDAS DE GOIAS;Sim;Reação tardia ou ineficiente do condutor;3;Queda de ocupante de veículo;Com Vítimas Feridas;Amanhecer;Decrescente;Céu Claro;Dupla;Reta;Sim  ;"1107489   ";Automóvel;FIAT/PALIO YOUNG;"2000      ";Passageiro;Ileso;"55   ";Feminino;"1 ";"0    ";"0    ";"0    ";-15.7617730;-48.2368693;SPRF-DF;DEL03-DF;UOP02-DEL03-DF 
618201;"1383336   ";2024-08-01;quinta-feira;06:00:00;GO;"70   ";"3    ";AGUAS LINDAS DE GOIAS;Sim;Reação tardia ou ineficiente do condutor;3;Queda de ocupante de veículo;Com Vítimas Feridas;Amanhecer;Decrescente;Céu Claro;Dupla;Reta;Sim  ;"1107489   ";Automóvel;FIAT/PALIO YOUNG;"2000      ";Condutor;Ileso;"48   ";Masculino;"1 ";"0    ";"0    ";"0    ";-15.7617730;-48.2368693;SPRF-DF;DEL03-DF;UOP02-DEL03-DF 
618201;"1383343   ";2024-08-01;quinta-feira;06:00:00;GO;"70   ";"3    ";AGUAS LINDAS DE GOIAS;Não;Manobra de mudança de faixa;2;Colisão traseira;Com Vítimas Feridas;Amanhecer;Decrescente;Céu Claro;Dupla;Reta;Sim  ;"1107497   ";Motocicleta;HONDA/CG150 TITAN MIX KS;"2010      ";Condutor;Lesões Leves;"37   ";Masculino;"0 ";"1    ";"0    ";"0    ";-15.7617730;-48.2368693;SPRF-DF;DEL03-DF;UOP02-DEL03-DF 
618201;"1383346   ";2024-08-01;quinta-feira;06:00:00;GO;"70   ";"3    ";AGUAS LINDAS DE GOIAS;Não;Manobra de mudança de faixa;2;Colisão traseira;Com Vítimas Feridas;Amanhecer;Decrescente;Céu Claro;Dupla;Reta;Sim  ;"1107497   ";Motocicleta;HONDA/CG150 TITAN MIX KS;"2010      ";Passageiro;Lesões Leves;"19   ";Feminino;"0 ";"1    ";"0    ";"0    ";-15.7617730;-48.2368693;SPRF-DF;DEL03-DF;UOP02-DEL03-DF 
618201;"1383342   ";2024-08-01;quinta-feira;06:00:00;GO;"70   ";"3    ";AGUAS LINDAS DE GOIAS;Não;Manobra de mudança de faixa;2;Colisão traseira;Com Vítimas Feridas;Amanhecer;Decrescente;Céu Claro;Dupla;Reta;Sim  ;"1107496   ";Automóvel;HONDA/CIVIC LX;"2005      ";Condutor;Ileso;"59   ";Masculino;"1 ";"0    ";"0    ";"0    ";-15.7617730;-48.2368693;SPRF-DF;DEL03-DF;UOP02-DEL03-DF 
618201;"1383339   ";2024-08-01;quinta-feira;06:00:00;GO;"70   ";"3    ";AGUAS LINDAS DE GOIAS;Não;Manobra de mudança de faixa;2;Colisão traseira;Com Vítimas Feridas;Amanhecer;Decrescente;Céu Claro;Dupla;Reta;Sim  ;"1107490   ";Automóvel;VW/SANTANA 2.0;"2002      ";Condutor;Ileso;"55   ";Masculino;"1 ";"0    ";"0    ";"0    ";-15.7617730;-48.2368693;SPRF-DF;DEL03-DF;UOP02-DEL03-DF 
618201;"1383337   ";2024-08-01;quinta-feira;06:00:00;GO;"70   ";"3    ";AGUAS LINDAS DE GOIAS;Não;Manobra de mudança de faixa;2;Colisão traseira;Com Vítimas Feridas;Amanhecer;Decrescente;Céu Claro;Dupla;Reta;Sim  ;"1107489   ";Automóvel;FIAT/PALIO YOUNG;"2000      ";Passageiro;Ileso;"55   ";Feminino;"1 ";"0    ";"0    ";"0    ";-15.7617730;-48.2368693;SPRF-DF;DEL03-DF;UOP02-DEL03-DF 
618201;"1383336   ";2024-08-01;quinta-feira;06:00:00;GO;"70   ";"3    ";AGUAS LINDAS DE GOIAS;Não;Manobra de mudança de faixa;2;Colisão traseira;Com Vítimas Feridas;Amanhecer;Decrescente;Céu Claro;Dupla;Reta;Sim  ;"1107489   ";Automóvel;FIAT/PALIO YOUNG;"2000      ";Condutor;Ileso;"48   ";Masculino;"1 ";"0    ";"0    ";"0    ";-15.7617730;-48.2368693;SPRF-DF;DEL03-DF;UOP02-DEL03-DF 
618201;"1383343   ";2024-08-01;quinta-feira;06:00:00;GO;"70   ";"3    ";AGUAS LINDAS DE GOIAS;Não;Condutor deixou de manter distância do veículo da frente;2;Colisão traseira;Com Vítimas Feridas;Amanhecer;Decrescente;Céu Claro;Dupla;Reta;Sim  ;"1107497   ";Motocicleta;HONDA/CG150 TITAN MIX KS;"2010      ";Condutor;Lesões Leves;"37   ";Masculino;"0 ";"1    ";"0    ";"0    ";-15.7617730;-48.2368693;SPRF-DF;DEL03-DF;UOP02-DEL03-DF 
618201;"1383346   ";2024-08-01;quinta-feira;06:00:00;GO;"70   ";"3    ";AGUAS LINDAS DE GOIAS;Não;Condutor deixou de manter distância do veículo da frente;2;Colisão traseira;Com Vítimas Feridas;Amanhecer;Decrescente;Céu Claro;Dupla;Reta;Sim  ;"1107497   ";Motocicleta;HONDA/CG150 TITAN MIX KS;"2010      ";Passageiro;Lesões Leves;"19   ";Feminino;"0 ";"1    ";"0    ";"0    ";-15.7617730;-48.2368693;SPRF-DF;DEL03-DF;UOP02-DEL03-DF 
618201;"1383342   ";2024-08-01;quinta-feira;06:00:00;GO;"70   ";"3    ";AGUAS LINDAS DE GOIAS;Não;Condutor deixou de manter distância do veículo da frente;2;Colisão traseira;Com Vítimas Feridas;Amanhecer;Decrescente;Céu Claro;Dupla;Reta;Sim  ;"1107496   ";Automóvel;HONDA/CIVIC LX;"2005      ";Condutor;Ileso;"59   ";Masculino;"1 ";"0    ";"0    ";"0    ";-15.7617730;-48.2368693;SPRF-DF;DEL03-DF;UOP02-DEL03-DF 
618201;"1383339   ";2024-08-01;quinta-feira;06:00:00;GO;"70   ";"3    ";AGUAS LINDAS DE GOIAS;Não;Condutor deixou de manter distância do veículo da frente;2;Colisão traseira;Com Vítimas Feridas;Amanhecer;Decrescente;Céu Claro;Dupla;Reta;Sim  ;"1107490   ";Automóvel;VW/SANTANA 2.0;"2002      ";Condutor;Ileso;"55   ";Masculino;"1 ";"0    ";"0    ";"0    ";-15.7617730;-48.2368693;SPRF-DF;DEL03-DF;UOP02-DEL03-DF 
618201;"1383337   ";2024-08-01;quinta-feira;06:00:00;GO;"70   ";"3    ";AGUAS LINDAS DE GOIAS;Não;Condutor deixou de manter distância do veículo da frente;2;Colisão traseira;Com Vítimas Feridas;Amanhecer;Decrescente;Céu Claro;Dupla;Reta;Sim  ;"1107489   ";Automóvel;FIAT/PALIO YOUNG;"2000      ";Passageiro;Ileso;"55   ";Feminino;"1 ";"0    ";"0    ";"0    ";-15.7617730;-48.2368693;SPRF-DF;DEL03-DF;UOP02-DEL03-DF 
618201;"1383336   ";2024-08-01;quinta-feira;06:00:00;GO;"70   ";"3    ";AGUAS LINDAS DE GOIAS;Não;Condutor deixou de manter distância do veículo da frente;2;Colisão traseira;Com Vítimas Feridas;Amanhecer;Decrescente;Céu Claro;Dupla;Reta;Sim  ;"1107489   ";Automóvel;FIAT/PALIO YOUNG;"2000      ";Condutor;Ileso;"48   ";Masculino;"1 ";"0    ";"0    ";"0    ";-15.7617730;-48.2368693;SPRF-DF;DEL03-DF;UOP02-DEL03-DF 
618201;"1383343   ";2024-08-01;quinta-feira;06:00:00;GO;"70   ";"3    ";AGUAS LINDAS DE GOIAS;Sim;Reação tardia ou ineficiente do condutor;2;Colisão traseira;Com Vítimas Feridas;Amanhecer;Decrescente;Céu Claro;Dupla;Reta;Sim  ;"1107497   ";Motocicleta;HONDA/CG150 TITAN MIX KS;"2010      ";Condutor;Lesões Leves;"37   ";Masculino;"0 ";"1    ";"0    ";"0    ";-15.7617730;-48.2368693;SPRF-DF;DEL03-DF;UOP02-DEL03-DF 
618201;"1383346   ";2024-08-01;quinta-feira;06:00:00;GO;"70   ";"3    ";AGUAS LINDAS DE GOIAS;Sim;Reação tardia ou ineficiente do condutor;2;Colisão traseira;Com Vítimas Feridas;Amanhecer;Decrescente;Céu Claro;Dupla;Reta;Sim  ;"1107497   ";Motocicleta;HONDA/CG150 TITAN MIX KS;"2010      ";Passageiro;Lesões Leves;"19   ";Feminino;"0 ";"1    ";"0    ";"0    ";-15.7617730;-48.2368693;SPRF-DF;DEL03-DF;UOP02-DEL03-DF 
618201;"1383342   ";2024-08-01;quinta-feira;06:00:00;GO;"70   ";"3    ";AGUAS LINDAS DE GOIAS;Sim;Reação tardia ou ineficiente do condutor;2;Colisão traseira;Com Vítimas Feridas;Amanhecer;Decrescente;Céu Claro;Dupla;Reta;Sim  ;"1107496   ";Automóvel;HONDA/CIVIC LX;"2005      ";Condutor;Ileso;"59   ";Masculino;"1 ";"0    ";"0    ";"0    ";-15.7617730;-48.2368693;SPRF-DF;DEL03-DF;UOP02-DEL03-DF 
618201;"1383339   ";2024-08-01;quinta-feira;06:00:00;GO;"70   ";"3    ";AGUAS LINDAS DE GOIAS;Sim;Reação tardia ou ineficiente do condutor;2;Colisão traseira;Com Vítimas Feridas;Amanhecer;Decrescente;Céu Claro;Dupla;Reta;Sim  ;"1107490   ";Automóvel;VW/SANTANA 2.0;"2002      ";Condutor;Ileso;"55   ";Masculino;"1 ";"0    ";"0    ";"0    ";-15.7617730;-48.2368693;SPRF-DF;DEL03-DF;UOP02-DEL03-DF 
618201;"1383337   ";2024-08-01;quinta-feira;06:00:00;GO;"70   ";"3    ";AGUAS LINDAS DE GOIAS;Sim;Reação tardia ou ineficiente do condutor;2;Colisão traseira;Com Vítimas Feridas;Amanhecer;Decrescente;Céu Claro;Dupla;Reta;Sim  ;"1107489   ";Automóvel;FIAT/PALIO YOUNG;"2000      ";Passageiro;Ileso;"55   ";Feminino;"1 ";"0    ";"0    ";"0    ";-15.7617730;-48.2368693;SPRF-DF;DEL03-DF;UOP02-DEL03-DF 
618201;"1383336   ";2024-08-01;quinta-feira;06:00:00;GO;"70   ";"3    ";AGUAS LINDAS DE GOIAS;Sim;Reação tardia ou ineficiente do condutor;2;Colisão traseira;Com Vítimas Feridas;Amanhecer;Decrescente;Céu Claro;Dupla;Reta;Sim  ;"1107489   ";Automóvel;FIAT/PALIO YOUNG;"2000      ";Condutor;Ileso;"48   ";Masculino;"1 ";"0    ";"0    ";"0    ";-15.7617730;-48.2368693;SPRF-DF;DEL03-DF;UOP02-DEL03-DF 
618201;"1383343   ";2024-08-01;quinta-feira;06:00:00;GO;"70   ";"3    ";AGUAS LINDAS DE GOIAS;Não;Manobra de mudança de faixa;1;Colisão traseira;Com Vítimas Feridas;Amanhecer;Decrescente;Céu Claro;Dupla;Reta;Sim  ;"1107497   ";Motocicleta;HONDA/CG150 TITAN MIX KS;"2010      ";Condutor;Lesões Leves;"37   ";Masculino;"0 ";"1    ";"0    ";"0    ";-15.7617730;-48.2368693;SPRF-DF;DEL03-DF;UOP02-DEL03-DF 
618201;"1383346   ";2024-08-01;quinta-feira;06:00:00;GO;"70   ";"3    ";AGUAS LINDAS DE GOIAS;Não;Manobra de mudança de faixa;1;Colisão traseira;Com Vítimas Feridas;Amanhecer;Decrescente;Céu Claro;Dupla;Reta;Sim  ;"1107497   ";Motocicleta;HONDA/CG150 TITAN MIX KS;"2010      ";Passageiro;Lesões Leves;"19   ";Feminino;"0 ";"1    ";"0    ";"0    ";-15.7617730;-48.2368693;SPRF-DF;DEL03-DF;UOP02-DEL03-DF 
618201;"1383342   ";2024-08-01;quinta-feira;06:00:00;GO;"70   ";"3    ";AGUAS LINDAS DE GOIAS;Não;Manobra de mudança de faixa;1;Colisão traseira;Com Vítimas Feridas;Amanhecer;Decrescente;Céu Claro;Dupla;Reta;Sim  ;"1107496   ";Automóvel;HONDA/CIVIC LX;"2005      ";Condutor;Ileso;"59   ";Masculino;"1 ";"0    ";"0    ";"0    ";-15.7617730;-48.2368693;SPRF-DF;DEL03-DF;UOP02-DEL03-DF 
618201;"1383339   ";2024-08-01;quinta-feira;06:00:00;GO;"70   ";"3    ";AGUAS LINDAS DE GOIAS;Não;Manobra de mudança de faixa;1;Colisão traseira;Com Vítimas Feridas;Amanhecer;Decrescente;Céu Claro;Dupla;Reta;Sim  ;"1107490   ";Automóvel;VW/SANTANA 2.0;"2002      ";Condutor;Ileso;"55   ";Masculino;"1 ";"0    ";"0    ";"0    ";-15.7617730;-48.2368693;SPRF-DF;DEL03-DF;UOP02-DEL03-DF 
618201;"1383337   ";2024-08-01;quinta-feira;06:00:00;GO;"70   ";"3    ";AGUAS LINDAS DE GOIAS;Não;Manobra de mudança de faixa;1;Colisão traseira;Com Vítimas Feridas;Amanhecer;Decrescente;Céu Claro;Dupla;Reta;Sim  ;"1107489   ";Automóvel;FIAT/PALIO YOUNG;"2000      ";Passageiro;Ileso;"55   ";Feminino;"1 ";"0    ";"0    ";"0    ";-15.7617730;-48.2368693;SPRF-DF;DEL03-DF;UOP02-DEL03-DF 
618201;"1383336   ";2024-08-01;quinta-feira;06:00:00;GO;"70   ";"3    ";AGUAS LINDAS DE GOIAS;Não;Manobra de mudança de faixa;1;Colisão traseira;Com Vítimas Feridas;Amanhecer;Decrescente;Céu Claro;Dupla;Reta;Sim  ;"1107489   ";Automóvel;FIAT/PALIO YOUNG;"2000      ";Condutor;Ileso;"48   ";Masculino;"1 ";"0    ";"0    ";"0    ";-15.7617730;-48.2368693;SPRF-DF;DEL03-DF;UOP02-DEL03-DF 
618201;"1383343   ";2024-08-01;quinta-feira;06:00:00;GO;"70   ";"3    ";AGUAS LINDAS DE GOIAS;Não;Condutor deixou de manter distância do veículo da frente;1;Colisão traseira;Com Vítimas Feridas;Amanhecer;Decrescente;Céu Claro;Dupla;Reta;Sim  ;"1107497   ";Motocicleta;HONDA/CG150 TITAN MIX KS;"2010      ";Condutor;Lesões Leves;"37   ";Masculino;"0 ";"1    ";"0    ";"0    ";-15.7617730;-48.2368693;SPRF-DF;DEL03-DF;UOP02-DEL03-DF 
618201;"1383346   ";2024-08-01;quinta-feira;06:00:00;GO;"70   ";"3    ";AGUAS LINDAS DE GOIAS;Não;Condutor deixou de manter distância do veículo da frente;1;Colisão traseira;Com Vítimas Feridas;Amanhecer;Decrescente;Céu Claro;Dupla;Reta;Sim  ;"1107497   ";Motocicleta;HONDA/CG150 TITAN MIX KS;"2010      ";Passageiro;Lesões Leves;"19   ";Feminino;"0 ";"1    ";"0    ";"0    ";-15.7617730;-48.2368693;SPRF-DF;DEL03-DF;UOP02-DEL03-DF 
618201;"1383342   ";2024-08-01;quinta-feira;06:00:00;GO;"70   ";"3    ";AGUAS LINDAS DE GOIAS;Não;Condutor deixou de manter distância do veículo da frente;1;Colisão traseira;Com Vítimas Feridas;Amanhecer;Decrescente;Céu Claro;Dupla;Reta;Sim  ;"1107496   ";Automóvel;HONDA/CIVIC LX;"2005      ";Condutor;Ileso;"59   ";Masculino;"1 ";"0    ";"0    ";"0    ";-15.7617730;-48.2368693;SPRF-DF;DEL03-DF;UOP02-DEL03-DF 
618201;"1383339   ";2024-08-01;quinta-feira;06:00:00;GO;"70   ";"3    ";AGUAS LINDAS DE GOIAS;Não;Condutor deixou de manter distância do veículo da frente;1;Colisão traseira;Com Vítimas Feridas;Amanhecer;Decrescente;Céu Claro;Dupla;Reta;Sim  ;"1107490   ";Automóvel;VW/SANTANA 2.0;"2002      ";Condutor;Ileso;"55   ";Masculino;"1 ";"0    ";"0    ";"0    ";-15.7617730;-48.2368693;SPRF-DF;DEL03-DF;UOP02-DEL03-DF 
618201;"1383337   ";2024-08-01;quinta-feira;06:00:00;GO;"70   ";"3    ";AGUAS LINDAS DE GOIAS;Não;Condutor deixou de manter distância do veículo da frente;1;Colisão traseira;Com Vítimas Feridas;Amanhecer;Decrescente;Céu Claro;Dupla;Reta;Sim  ;"1107489   ";Automóvel;FIAT/PALIO YOUNG;"2000      ";Passageiro;Ileso;"55   ";Feminino;"1 ";"0    ";"0    ";"0    ";-15.7617730;-48.2368693;SPRF-DF;DEL03-DF;UOP02-DEL03-DF 
618201;"1383336   ";2024-08-01;quinta-feira;06:00:00;GO;"70   ";"3    ";AGUAS LINDAS DE GOIAS;Não;Condutor deixou de manter distância do veículo da frente;1;Colisão traseira;Com Vítimas Feridas;Amanhecer;Decrescente;Céu Claro;Dupla;Reta;Sim  ;"1107489   ";Automóvel;FIAT/PALIO YOUNG;"2000      ";Condutor;Ileso;"48   ";Masculino;"1 ";"0    ";"0    ";"0    ";-15.7617730;-48.2368693;SPRF-DF;DEL03-DF;UOP02-DEL03-DF 
618201;"1383343   ";2024-08-01;quinta-feira;06:00:00;GO;"70   ";"3    ";AGUAS LINDAS DE GOIAS;Sim;Reação tardia ou ineficiente do condutor;1;Colisão traseira;Com Vítimas Feridas;Amanhecer;Decrescente;Céu Claro;Dupla;Reta;Sim  ;"1107497   ";Motocicleta;HONDA/CG150 TITAN MIX KS;"2010      ";Condutor;Lesões Leves;"37   ";Masculino;"0 ";"1    ";"0    ";"0    ";-15.7617730;-48.2368693;SPRF-DF;DEL03-DF;UOP02-DEL03-DF 
618201;"1383346   ";2024-08-01;quinta-feira;06:00:00;GO;"70   ";"3    ";AGUAS LINDAS DE GOIAS;Sim;Reação tardia ou ineficiente do condutor;1;Colisão traseira;Com Vítimas Feridas;Amanhecer;Decrescente;Céu Claro;Dupla;Reta;Sim  ;"1107497   ";Motocicleta;HONDA/CG150 TITAN MIX KS;"2010      ";Passageiro;Lesões Leves;"19   ";Feminino;"0 ";"1    ";"0    ";"0    ";-15.7617730;-48.2368693;SPRF-DF;DEL03-DF;UOP02-DEL03-DF 
618201;"1383342   ";2024-08-01;quinta-feira;06:00:00;GO;"70   ";"3    ";AGUAS LINDAS DE GOIAS;Sim;Reação tardia ou ineficiente do condutor;1;Colisão traseira;Com Vítimas Feridas;Amanhecer;Decrescente;Céu Claro;Dupla;Reta;Sim  ;"1107496   ";Automóvel;HONDA/CIVIC LX;"2005      ";Condutor;Ileso;"59   ";Masculino;"1 ";"0    ";"0    ";"0    ";-15.7617730;-48.2368693;SPRF-DF;DEL03-DF;UOP02-DEL03-DF 