id;pesid;data_inversa;dia_semana;horario;uf;br;km;municipio;causa_principal;causa_acidente;ordem_tipo_acidente;tipo_acidente;classificacao_acidente;fase_dia;sentido_via;condicao_metereologica;tipo_pista;tracado_via;uso_solo;id_veiculo;tipo_veiculo;marca;ano_fabricacao_veiculo;tipo_envolvido;estado_fisico;idade;sexo;ilesos;feridos_leves;feridos_graves;mortos;latitude;longitude;regional;delegacia;uop
618215;"1387404   ";2024-08-01;quinta-feira;07:51:00;GO;"70   ";"0    ";AGUAS LINDAS DE GOIAS;Não;Velocidade Incompatível;3;Tombamento;Com Vítimas Feridas;Pleno dia;Decrescente;Sol;Dupla;"Declive;Reta";Não  ;"1107510   ";Automóvel;GM/CORSA SEDAN PREMIUM;"2009      ";Passageiro;Ileso;"44   ";Masculino;"1 ";"0    ";"0    ";"0    ";-15.7835430;-48.2326000;SPRF-DF;DEL03-DF;UOP02-DEL03-DF 
618215;"1387402   ";2024-08-01;quinta-feira;07:51:00;GO;"70   ";"0    ";AGUAS LINDAS DE GOIAS;Não;Velocidade Incompatível;3;Tombamento;Com Vítimas Feridas;Pleno dia;Decrescente;Sol;Dupla;"Declive;Reta";Não  ;"1107510   ";Automóvel;GM/CORSA SEDAN PREMIUM;"2009      ";Condutor;Ileso;"36   ";Masculino;"1 ";"0    ";"0    ";"0    ";-15.7835430;-48.2326000;SPRF-DF;DEL03-DF;UOP02-DEL03-DF 
618215;"1387401   ";2024-08-01;quinta-feira;07:51:00;GO;"70   ";"0    ";AGUAS LINDAS DE GOIAS;Não;Velocidade Incompatível;3;Tombamento;Com Vítimas Feridas;Pleno dia;Decrescente;Sol;Dupla;"Declive;Reta";Não  ;"1107509   ";Automóvel;FIAT/PALIO ATTRACTIV 1.0;"2013      ";Passageiro;Ileso;"24   ";Feminino;"1 ";"0    ";"0    ";"0    ";-15.7835430;-48.2326000;SPRF-DF;DEL03-DF;UOP02-DEL03-DF 
618215;"1387398   ";2024-08-01;quinta-feira;07:51:00;GO;"70   ";"0    ";AGUAS LINDAS DE GOIAS;Não;Velocidade Incompatível;3;Tombamento;Com Vítimas Feridas;Pleno dia;Decrescente;Sol;Dupla;"Declive;Reta";Não  ;"1107509   ";Automóvel;FIAT/PALIO ATTRACTIV 1.0;"2013      ";Condutor;Ileso;"28   ";Masculino;"1 ";"0    ";"0    ";"0    ";-15.7835430;-48.2326000;SPRF-DF;DEL03-DF;UOP02-DEL03-DF 
618215;"1387396   ";2024-08-01;quinta-feira;07:51:00;GO;"70   ";"0    ";AGUAS LINDAS DE GOIAS;Não;Velocidade Incompatível;3;Tombamento;Com Vítimas Feridas;Pleno dia;Decrescente;Sol;Dupla;"Declive;Reta";Não  ;"1107508   ";Caminhonete;NISSAN/FRONTIER 4X4 SE;"2007      ";Passageiro;Lesões Leves;"54   ";Feminino;"0 ";"1    ";"0    ";"0    ";-15.7835430;-48.2326000;SPRF-DF;DEL03-DF;UOP02-DEL03-DF 
618215;"1387393   ";2024-08-01;quinta-feira;07:51:00;GO;"70   ";"0    ";AGUAS LINDAS DE GOIAS;Não;Velocidade Incompatível;3;Tombamento;Com Vítimas Feridas;Pleno dia;Decrescente;Sol;Dupla;"Declive;Reta";Não  ;"1107508   ";Caminhonete;NISSAN/FRONTIER 4X4 SE;"2007      ";Condutor;Lesões Leves;"48   ";Masculino;"0 ";"1    ";"0    ";"0    ";-15.7835430;-48.2326000;SPRF-DF;DEL03-DF;UOP02-DEL03-DF 
618215;"1387390   ";2024-08-01;quinta-feira;07:51:00;GO;"70   ";"0    ";AGUAS LINDAS DE GOIAS;Não;Velocidade Incompatível;3;Tombamento;Com Vítimas Feridas;Pleno dia;Decrescente;Sol;Dupla;"Declive;Reta";Não  ;"1107507   ";Automóvel;RENAULT/SANDERO AUTH 10;"2017      ";Condutor;Ileso;"44   ";Masculino;"1 ";"0    ";"0    ";"0    ";-15.7835430;-48.2326000;SPRF-DF;DEL03-DF;UOP02-DEL03-DF 
618215;"1387389   ";2024-08-01;quinta-feira;07:51:00;GO;"70   ";"0    ";AGUAS LINDAS DE GOIAS;Não;Velocidade Incompatível;3;Tombamento;Com Vítimas Feridas;Pleno dia;Decrescente;Sol;Dupla;"Declive;Reta";Não  ;"1107506   ";Camioneta;FORD/ECOSPORT XLT1.6FLEX;"2008      ";Condutor;Ileso;"47   ";Masculino;"1 ";"0    ";"0    ";"0    ";-15.7835430;-48.2326000;SPRF-DF;DEL03-DF;UOP02-DEL03-DF 
618215;"1383276   ";2024-08-01;quinta-feira;07:51:00;GO;"70   ";"0    ";AGUAS LINDAS DE GOIAS;Não;Velocidade Incompatível;3;Tombamento;Com Vítimas Feridas;Pleno dia;Decrescente;Sol;Dupla;"Declive;Reta";Não  ;"1107505   ";Caminhão;VW/13.180;"2004      ";Condutor;Lesões Leves;"57   ";Masculino;"0 ";"1    ";"0    ";"0    ";-15.7835430;-48.2326000;SPRF-DF;DEL03-DF;UOP02-DEL03-DF 
618215;"1387404   ";2024-08-01;quinta-feira;07:51:00;GO;"70   ";"0    ";AGUAS LINDAS DE GOIAS;Sim;Problema com o freio;3;Tombamento;Com Vítimas Feridas;Pleno dia;Decrescente;Sol;Dupla;"Declive;Reta";Não  ;"1107510   ";Automóvel;GM/CORSA SEDAN PREMIUM;"2009      ";Passageiro;Ileso;"44   ";Masculino;"1 ";"0    ";"0    ";"0    ";-15.7835430;-48.2326000;SPRF-DF;DEL03-DF;UOP02-DEL03-DF 
618215;"1387402   ";2024-08-01;quinta-feira;07:51:00;GO;"70   ";"0    ";AGUAS LINDAS DE GOIAS;Sim;Problema com o freio;3;Tombamento;Com Vítimas Feridas;Pleno dia;Decrescente;Sol;Dupla;"Declive;Reta";Não  ;"1107510   ";Automóvel;GM/CORSA SEDAN PREMIUM;"2009      ";Condutor;Ileso;"36   ";Masculino;"1 ";"0    ";"0    ";"0    ";-15.7835430;-48.2326000;SPRF-DF;DEL03-DF;UOP02-DEL03-DF 
618215;"1387401   ";2024-08-01;quinta-feira;07:51:00;GO;"70   ";"0    ";AGUAS LINDAS DE GOIAS;Sim;Problema com o freio;3;Tombamento;Com Vítimas Feridas;Pleno dia;Decrescente;Sol;Dupla;"Declive;Reta";Não  ;"1107509   ";Automóvel;FIAT/PALIO ATTRACTIV 1.0;"2013      ";Passageiro;Ileso;"24   ";Feminino;"1 ";"0    ";"0    ";"0    ";-15.7835430;-48.2326000;SPRF-DF;DEL03-DF;UOP02-DEL03-DF 
618215;"1387398   ";2024-08-01;quinta-feira;07:51:00;GO;"70   ";"0    ";AGUAS LINDAS DE GOIAS;Sim;Problema com o freio;3;Tombamento;Com Vítimas Feridas;Pleno dia;Decrescente;Sol;Dupla;"Declive;Reta";Não  ;"1107509   ";Automóvel;FIAT/PALIO ATTRACTIV 1.0;"2013      ";Condutor;Ileso;"28   ";Masculino;"1 ";"0    ";"0    ";"0    ";-15.7835430;-48.2326000;SPRF-DF;DEL03-DF;UOP02-DEL03-DF 
618215;"1387396   ";2024-08-01;quinta-feira;07:51:00;GO;"70   ";"0    ";AGUAS LINDAS DE GOIAS;Sim;Problema com o freio;3;Tombamento;Com Vítimas Feridas;Pleno dia;Decrescente;Sol;Dupla;"Declive;Reta";Não  ;"1107508   ";Caminhonete;NISSAN/FRONTIER 4X4 SE;"2007      ";Passageiro;Lesões Leves;"54   ";Feminino;"0 ";"1    ";"0    ";"0    ";-15.7835430;-48.2326000;SPRF-DF;DEL03-DF;UOP02-DEL03-DF 
618215;"1387393   ";2024-08-01;quinta-feira;07:51:00;GO;"70   ";"0    ";AGUAS LINDAS DE GOIAS;Sim;Problema com o freio;3;Tombamento;Com Vítimas Feridas;Pleno dia;Decrescente;Sol;Dupla;"Declive;Reta";Não  ;"1107508   ";Caminhonete;NISSAN/FRONTIER 4X4 SE;"2007      ";Condutor;Lesões Leves;"48   ";Masculino;"0 ";"1    ";"0    ";"0    ";-15.7835430;-48.2326000;SPRF-DF;DEL03-DF;UOP02-DEL03-DF 
618215;"1387390   ";2024-08-01;quinta-feira;07:51:00;GO;"70   ";"0    ";AGUAS LINDAS DE GOIAS;Sim;Problema com o freio;3;Tombamento;Com Vítimas Feridas;Pleno dia;Decrescente;Sol;Dupla;"Declive;Reta";Não  ;"1107507   ";Automóvel;RENAULT/SANDERO AUTH 10;"2017      ";Condutor;Ileso;"44   ";Masculino;"1 ";"0    ";"0    ";"0    ";-15.7835430;-48.2326000;SPRF-DF;DEL03-DF;UOP02-DEL03-DF 
618215;"1387389   ";2024-08-01;quinta-feira;07:51:00;GO;"70   ";"0    ";AGUAS LINDAS DE GOIAS;Sim;Problema com o freio;3;Tombamento;Com Vítimas Feridas;Pleno dia;Decrescente;Sol;Dupla;"Declive;Reta";Não  ;"1107506   ";Camioneta;FORD/ECOSPORT XLT1.6FLEX;"2008      ";Condutor;Ileso;"47   ";Masculino;"1 ";"0    ";"0    ";"0    ";-15.7835430;-48.2326000;SPRF-DF;DEL03-DF;UOP02-DEL03-DF 
618215;"1383276   ";2024-08-01;quinta-feira;07:51:00;GO;"70   ";"0    ";AGUAS LINDAS DE GOIAS;Sim;Problema com o freio;3;Tombamento;Com Vítimas Feridas;Pleno dia;Decrescente;Sol;Dupla;"Declive;Reta";Não  ;"1107505   ";Caminhão;VW/13.180;"2004      ";Condutor;Lesões Leves;"57   ";Masculino;"0 ";"1    ";"0    ";"0    ";-15.7835430;-48.2326000;SPRF-DF;DEL03-DF;UOP02-DEL03-DF 
618215;"1387404   ";2024-08-01;quinta-feira;07:51:00;GO;"70   ";"0    ";AGUAS LINDAS DE GOIAS;Não;Reação tardia ou ineficiente do condutor;1;Colisão traseira;Com Vítimas Feridas;Pleno dia;Decrescente;Sol;Dupla;"Declive;Reta";Não  ;"1107510   ";Automóvel;GM/CORSA SEDAN PREMIUM;"2009      ";Passageiro;Ileso;"44   ";Masculino;"1 ";"0    ";"0    ";"0    ";-15.7835430;-48.2326000;SPRF-DF;DEL03-DF;UOP02-DEL03-DF 
618215;"1387402   ";2024-08-01;quinta-feira;07:51:00;GO;"70   ";"0    ";AGUAS LINDAS DE GOIAS;Não;Reação tardia ou ineficiente do condutor;1;Colisão traseira;Com Vítimas Feridas;Pleno dia;Decrescente;Sol;Dupla;"Declive;Reta";Não  ;"1107510   ";Automóvel;GM/CORSA SEDAN PREMIUM;"2009      ";Condutor;Ileso;"36   ";Masculino;"1 ";"0    ";"0    ";"0    ";-15.7835430;-48.2326000;SPRF-DF;DEL03-DF;UOP02-DEL03-DF 
618215;"1387401   ";2024-08-01;quinta-feira;07:51:00;GO;"70   ";"0    ";AGUAS LINDAS DE GOIAS;Não;Reação tardia ou ineficiente do condutor;1;Colisão traseira;Com Vítimas Feridas;Pleno dia;Decrescente;Sol;Dupla;"Declive;Reta";Não  ;"1107509   ";Automóvel;FIAT/PALIO ATTRACTIV 1.0;"2013      ";Passageiro;Ileso;"24   ";Feminino;"1 ";"0    ";"0    ";"0    ";-15.7835430;-48.2326000;SPRF-DF;DEL03-DF;UOP02-DEL03-DF 
618215;"1387398   ";2024-08-01;quinta-feira;07:51:00;GO;"70   ";"0    ";AGUAS LINDAS DE GOIAS;Não;Reação tardia ou ineficiente do condutor;1;Colisão traseira;Com Vítimas Feridas;Pleno dia;Decrescente;Sol;Dupla;"Declive;Reta";Não  ;"1107509   ";Automóvel;FIAT/PALIO ATTRACTIV 1.0;"2013      ";Condutor;Ileso;"28   ";Masculino;"1 ";"0    ";"0    ";"0    ";-15.7835430;-48.2326000;SPRF-DF;DEL03-DF;UOP02-DEL03-DF 
618215;"1387396   ";2024-08-01;quinta-feira;07:51:00;GO;"70   ";"0    ";AGUAS LINDAS DE GOIAS;Não;Reação tardia ou ineficiente do condutor;1;Colisão traseira;Com Vítimas Feridas;Pleno dia;Decrescente;Sol;Dupla;"Declive;Reta";Não  ;"1107508   ";Caminhonete;NISSAN/FRONTIER 4X4 SE;"2007      ";Passageiro;Lesões Leves;"54   ";Feminino;"0 ";"1    ";"0    ";"0    ";-15.7835430;-48.2326000;SPRF-DF;DEL03-DF;UOP02-DEL03-DF 
618215;"1387393   ";2024-08-01;quinta-feira;07:51:00;GO;"70   ";"0    ";AGUAS LINDAS DE GOIAS;Não;Reação tardia ou ineficiente do condutor;1;Colisão traseira;Com Vítimas Feridas;Pleno dia;Decrescente;Sol;Dupla;"Declive;Reta";Não  ;"1107508   ";Caminhonete;NISSAN/FRONTIER 4X4 SE;"2007      ";Condutor;Lesões Leves;"48   ";Masculino;"0 ";"1    ";"0    ";"0    ";-15.7835430;-48.2326000;SPRF-DF;DEL03-DF;UOP02-DEL03-DF 
618215;"1387390   ";2024-08-01;quinta-feira;07:51:00;GO;"70   ";"0    ";AGUAS LINDAS DE GOIAS;Não;Reação tardia ou ineficiente do condutor;1;Colisão traseira;Com Vítimas Feridas;Pleno dia;Decrescente;Sol;Dupla;"Declive;Reta";Não  ;"1107507   ";Automóvel;RENAULT/SANDERO AUTH 10;"2017      ";Condutor;Ileso;"44   ";Masculino;"1 ";"0    ";"0    ";"0    ";-15.7835430;-48.2326000;SPRF-DF;DEL03-DF;UOP02-DEL03-DF 
618215;"1387389   ";2024-08-01;quinta-feira;07:51:00;GO;"70   ";"0    ";AGUAS LINDAS DE GOIAS;Não;Reação tardia ou ineficiente do condutor;1;Colisão traseira;Com Vítimas Feridas;Pleno dia;Decrescente;Sol;Dupla;"Declive;Reta";Não  ;"1107506   ";Camioneta;FORD/ECOSPORT XLT1.6FLEX;"2008      ";Condutor;Ileso;"47   ";Masculino;"1 ";"0    ";"0    ";"0    ";-15.7835430;-48.2326000;SPRF-DF;DEL03-DF;UOP02-DEL03-DF 
618215;"1383276   ";2024-08-01;quinta-feira;07:51:00;GO;"70   ";"0    ";AGUAS LINDAS DE GOIAS;Não;Reação tardia ou ineficiente do condutor;1;Colisão traseira;Com Vítimas Feridas;Pleno dia;Decrescente;Sol;Dupla;"Declive;Reta";Não  ;"1107505   ";Caminhão;VW/13.180;"2004      ";Condutor;Lesões Leves;"57   ";Masculino;"0 ";"1    ";"0    ";"0    ";-15.7835430;-48.2326000;SPRF-DF;DEL03-DF;UOP02-DEL03-DF 
618215;"1387404   ";2024-08-01;quinta-feira;07:51:00;GO;"70   ";"0    ";AGUAS LINDAS DE GOIAS;Não;Velocidade Incompatível;1;Colisão traseira;Com Vítimas Feridas;Pleno dia;Decrescente;Sol;Dupla;"Declive;Reta";Não  ;"1107510   ";Automóvel;GM/CORSA SEDAN PREMIUM;"2009      ";Passageiro;Ileso;"44   ";Masculino;"1 ";"0    ";"0    ";"0    ";-15.7835430;-48.2326000;SPRF-DF;DEL03-DF;UOP02-DEL03-DF 
618215;"1387402   ";2024-08-01;quinta-feira;07:51:00;GO;"70   ";"0    ";AGUAS LINDAS DE GOIAS;Não;Velocidade Incompatível;1;Colisão traseira;Com Vítimas Feridas;Pleno dia;Decrescente;Sol;Dupla;"Declive;Reta";Não  ;"1107510   ";Automóvel;GM/CORSA SEDAN PREMIUM;"2009      ";Condutor;Ileso;"36   ";Masculino;"1 ";"0    ";"0    ";"0    ";-15.7835430;-48.2326000;SPRF-DF;DEL03-DF;UOP02-DEL03-DF 
618215;"1387401   ";2024-08-01;quinta-feira;07:51:00;GO;"70   ";"0    ";AGUAS LINDAS DE GOIAS;Não;Velocidade Incompatível;1;Colisão traseira;Com Vítimas Feridas;Pleno dia;Decrescente;Sol;Dupla;"Declive;Reta";Não  ;"1107509   ";Automóvel;FIAT/PALIO ATTRACTIV 1.0;"2013      ";Passageiro;Ileso;"24   ";Feminino;"1 ";"0    ";"0    ";"0    ";-15.7835430;-48.2326000;SPRF-DF;DEL03-DF;UOP02-DEL03-DF 
618215;"1387398   ";2024-08-01;quinta-feira;07:51:00;GO;"70   ";"0    ";AGUAS LINDAS DE GOIAS;Não;Velocidade Incompatível;1;Colisão traseira;Com Vítimas Feridas;Pleno dia;Decrescente;Sol;Dupla;"Declive;Reta";Não  ;"1107509   ";Automóvel;FIAT/PALIO ATTRACTIV 1.0;"2013      ";Condutor;Ileso;"28   ";Masculino;"1 ";"0    ";"0    ";"0    ";-15.7835430;-48.2326000;SPRF-DF;DEL03-DF;UOP02-DEL03-DF 
618215;"1387396   ";2024-08-01;quinta-feira;07:51:00;GO;"70   ";"0    ";AGUAS LINDAS DE GOIAS;Não;Velocidade Incompatível;1;Colisão traseira;Com Vítimas Feridas;Pleno dia;Decrescente;Sol;Dupla;"Declive;Reta";Não  ;"1107508   ";Caminhonete;NISSAN/FRONTIER 4X4 SE;"2007      ";Passageiro;Lesões Leves;"54   ";Feminino;"0 ";"1    ";"0    ";"0    ";-15.7835430;-48.2326000;SPRF-DF;DEL03-DF;UOP02-DEL03-DF 
618215;"1387393   ";2024-08-01;quinta-feira;07:51:00;GO;"70   ";"0    ";AGUAS LINDAS DE GOIAS;Não;Velocidade Incompatível;1;Colisão traseira;Com Vítimas Feridas;Pleno dia;Decrescente;Sol;Dupla;"Declive;Reta";Não  ;"1107508   ";Caminhonete;NISSAN/FRONTIER 4X4 SE;"2007      ";Condutor;Lesões Leves;"48   ";Masculino;"0 ";"1    ";"0    ";"0    ";-15.7835430;-48.2326000;SPRF-DF;DEL03-DF;UOP02-DEL03-DF 
618215;"1387390   ";2024-08-01;quinta-feira;07:51:00;GO;"70   ";"0    ";AGUAS LINDAS DE GOIAS;Não;Velocidade Incompatível;1;Colisão traseira;Com Vítimas Feridas;Pleno dia;Decrescente;Sol;Dupla;"Declive;Reta";Não  ;"1107507   ";Automóvel;RENAULT/SANDERO AUTH 10;"2017      ";Condutor;Ileso;"44   ";Masculino;"1 ";"0    ";"0    ";"0    ";-15.7835430;-48.2326000;SPRF-DF;DEL03-DF;UOP02-DEL03-DF 
618215;"1387389   ";2024-08-01;quinta-feira;07:51:00;GO;"70   ";"0    ";AGUAS LINDAS DE GOIAS;Não;Velocidade Incompatível;1;Colisão traseira;Com Vítimas Feridas;Pleno dia;Decrescente;Sol;Dupla;"Declive;Reta";Não  ;"1107506   ";Camioneta;FORD/ECOSPORT XLT1.6FLEX;"2008      ";Condutor;Ileso;"47   ";Masculino;"1 ";"0    ";"0    ";"0    ";-15.7835430;-48.2326000;SPRF-DF;DEL03-DF;UOP02-DEL03-DF 
618215;"1383276   ";2024-08-01;quinta-feira;07:51:00;GO;"70   ";"0    ";AGUAS LINDAS DE GOIAS;Não;Velocidade Incompatível;1;Colisão traseira;Com Vítimas Feridas;Pleno dia;Decrescente;Sol;Dupla;"Declive;Reta";Não  ;"1107505   ";Caminhão;VW/13.180;"2004      ";Condutor;Lesões Leves;"57   ";Masculino;"0 ";"1    ";"0    ";"0    ";-15.7835430;-48.2326000;SPRF-DF;DEL03-DF;UOP02-DEL03-DF 
618215;"1387404   ";2024-08-01;quinta-feira;07:51:00;GO;"70   ";"0    ";AGUAS LINDAS DE GOIAS;Sim;Problema com o freio;1;Colisão traseira;Com Vítimas Feridas;Pleno dia;Decrescente;Sol;Dupla;"Declive;Reta";Não  ;"1107510   ";Automóvel;GM/CORSA SEDAN PREMIUM;"2009      ";Passageiro;Ileso;"44   ";Masculino;"1 ";"0    ";"0    ";"0    ";-15.7835430;-48.2326000;SPRF-DF;DEL03-DF;UOP02-DEL03-DF 
618215;"1387402   ";2024-08-01;quinta-feira;07:51:00;GO;"70   ";"0    ";AGUAS LINDAS DE GOIAS;Sim;Problema com o freio;1;Colisão traseira;Com Vítimas Feridas;Pleno dia;Decrescente;Sol;Dupla;"Declive;Reta";Não  ;"1107510   ";Automóvel;GM/CORSA SEDAN PREMIUM;"2009      ";Condutor;Ileso;"36   ";Masculino;"1 ";"0    ";"0    ";"0    ";-15.7835430;-48.2326000;SPRF-DF;DEL03-DF;UOP02-DEL03-DF 
618215;"1387401   ";2024-08-01;quinta-feira;07:51:00;GO;"70   ";"0    ";AGUAS LINDAS DE GOIAS;Sim;Problema com o freio;1;Colisão traseira;Com Vítimas Feridas;Pleno dia;Decrescente;Sol;Dupla;"Declive;Reta";Não  ;"1107509   ";Automóvel;FIAT/PALIO ATTRACTIV 1.0;"2013      ";Passageiro;Ileso;"24   ";Feminino;"1 ";"0    ";"0    ";"0    ";-15.7835430;-48.2326000;SPRF-DF;DEL03-DF;UOP02-DEL03-DF 
618215;"1387398   ";2024-08-01;quinta-feira;07:51:00;GO;"70   ";"0    ";AGUAS LINDAS DE GOIAS;Sim;Problema com o freio;1;Colisão traseira;Com Vítimas Feridas;Pleno dia;Decrescente;Sol;Dupla;"Declive;Reta";Não  ;"1107509   ";Automóvel;FIAT/PALIO ATTRACTIV 1.0;"2013      ";Condutor;Ileso;"28   ";Masculino;"1 ";"0    ";"0    ";"0    ";-15.7835430;-48.2326000;SPRF-DF;DEL03-DF;UOP02-DEL03-DF 
618215;"1387396   ";2024-08-01;quinta-feira;07:51:00;GO;"70   ";"0    ";AGUAS LINDAS DE GOIAS;Sim;Problema com o freio;1;Colisão traseira;Com Vítimas Feridas;Pleno dia;Decrescente;Sol;Dupla;"Declive;Reta";Não  ;"1107508   ";Caminhonete;NISSAN/FRONTIER 4X4 SE;"2007      ";Passageiro;Lesões Leves;"54   ";Feminino;"0 ";"1    ";"0    ";"0    ";-15.7835430;-48.2326000;SPRF-DF;DEL03-DF;UOP02-DEL03-DF 
618215;"1387393   ";2024-08-01;quinta-feira;07:51:00;GO;"70   ";"0    ";AGUAS LINDAS DE GOIAS;Sim;Problema com o freio;1;Colisão traseira;Com Vítimas Feridas;Pleno dia;Decrescente;Sol;Dupla;"Declive;Reta";Não  ;"1107508   ";Caminhonete;NISSAN/FRONTIER 4X4 SE;"2007      ";Condutor;Lesões Leves;"48   ";Masculino;"0 ";"1    ";"0    ";"0    ";-15.7835430;-48.2326000;SPRF-DF;DEL03-DF;UOP02-DEL03-DF 
618215;"1387390   ";2024-08-01;quinta-feira;07:51:00;GO;"70   ";"0    ";AGUAS LINDAS DE GOIAS;Sim;Problema com o freio;1;Colisão traseira;Com Vítimas Feridas;Pleno dia;Decrescente;Sol;Dupla;"Declive;Reta";Não  ;"1107507   ";Automóvel;RENAULT/SANDERO AUTH 10;"2017      ";Condutor;Ileso;"44   ";Masculino;"1 ";"0    ";"0    ";"0    ";-15.7835430;-48.2326000;SPRF-DF;DEL03-DF;UOP02-DEL03-DF 
618215;"1387389   ";2024-08-01;quinta-feira;07:51:00;GO;"70   ";"0    ";AGUAS LINDAS DE GOIAS;Sim;Problema com o freio;1;Colisão traseira;Com Vítimas Feridas;Pleno dia;Decrescente;Sol;Dupla;"Declive;Reta";Não  ;"1107506   ";Camioneta;FORD/ECOSPORT XLT1.6FLEX;"2008      ";Condutor;Ileso;"47   ";Masculino;"1 ";"0    ";"0    ";"0    ";-15.7835430;-48.2326000;SPRF-DF;DEL03-DF;UOP02-DEL03-DF 
618215;"1383276   ";2024-08-01;quinta-feira;07:51:00;GO;"70   ";"0    ";AGUAS LINDAS DE GOIAS;Sim;Problema com o freio;1;Colisão traseira;Com Vítimas Feridas;Pleno dia;Decrescente;Sol;Dupla;"Declive;Reta";Não  ;"1107505   ";Caminhão;VW/13.180;"2004      ";Condutor;Lesões Leves;"57   ";Masculino;"0 ";"1    ";"0    ";"0    ";-15.7835430;-48.2326000;SPRF-DF;DEL03-DF;UOP02-DEL03-DF 
618215;"1387404   ";2024-08-01;quinta-feira;07:51:00;GO;"70   ";"0    ";AGUAS LINDAS DE GOIAS;Não;Reação tardia ou ineficiente do condutor;2;Colisão lateral mesmo sentido;Com Vítimas Feridas;Pleno dia;Decrescente;Sol;Dupla;"Declive;Reta";Não  ;"1107510   ";Automóvel;GM/CORSA SEDAN PREMIUM;"2009      ";Passageiro;Ileso;"44   ";Masculino;"1 ";"0    ";"0    ";"0    ";-15.7835430;-48.2326000;SPRF-DF;DEL03-DF;UOP02-DEL03-DF 
618215;"1387402   ";2024-08-01;quinta-feira;07:51:00;GO;"70   ";"0    ";AGUAS LINDAS DE GOIAS;Não;Reação tardia ou ineficiente do condutor;2;Colisão lateral mesmo sentido;Com Vítimas Feridas;Pleno dia;Decrescente;Sol;Dupla;"Declive;Reta";Não  ;"1107510   ";Automóvel;GM/CORSA SEDAN PREMIUM;"2009      ";Condutor;Ileso;"36   ";Masculino;"1 ";"0    ";"0    ";"0    ";-15.7835430;-48.2326000;SPRF-DF;DEL03-DF;UOP02-DEL03-DF 
618215;"1387401   ";2024-08-01;quinta-feira;07:51:00;GO;"70   ";"0    ";AGUAS LINDAS DE GOIAS;Não;Reação tardia ou ineficiente do condutor;2;Colisão lateral mesmo sentido;Com Vítimas Feridas;Pleno dia;Decrescente;Sol;Dupla;"Declive;Reta";Não  ;"1107509   ";Automóvel;FIAT/PALIO ATTRACTIV 1.0;"2013      ";Passageiro;Ileso;"24   ";Feminino;"1 ";"0    ";"0    ";"0    ";-15.7835430;-48.2326000;SPRF-DF;DEL03-DF;UOP02-DEL03-DF 
618215;"1387398   ";2024-08-01;quinta-feira;07:51:00;GO;"70   ";"0    ";AGUAS LINDAS DE GOIAS;Não;Reação tardia ou ineficiente do condutor;2;Colisão lateral mesmo sentido;Com Vítimas Feridas;Pleno dia;Decrescente;Sol;Dupla;"Declive;Reta";Não  ;"1107509   ";Automóvel;FIAT/PALIO ATTRACTIV 1.0;"2013      ";Condutor;Ileso;"28   ";Masculino;"1 ";"0    ";"0    ";"0    ";-15.7835430;-48.2326000;SPRF-DF;DEL03-DF;UOP02-DEL03-DF 
618215;"1387396   ";2024-08-01;quinta-feira;07:51:00;GO;"70   ";"0    ";AGUAS LINDAS DE GOIAS;Não;Reação tardia ou ineficiente do condutor;2;Colisão lateral mesmo sentido;Com Vítimas Feridas;Pleno dia;Decrescente;Sol;Dupla;"Declive;Reta";Não  ;"1107508   ";Caminhonete;NISSAN/FRONTIER 4X4 SE;"2007      ";Passageiro;Lesões Leves;"54   ";Feminino;"0 ";"1    ";"0    ";"0    ";-15.7835430;-48.2326000;SPRF-DF;DEL03-DF;UOP02-DEL03-DF 
618215;"1387393   ";2024-08-01;quinta-feira;07:51:00;GO;"70   ";"0    ";AGUAS LINDAS DE GOIAS;Não;Reação tardia ou ineficiente do condutor;2;Colisão lateral mesmo sentido;Com Vítimas Feridas;Pleno dia;Decrescente;Sol;Dupla;"Declive;Reta";Não  ;"1107508   ";Caminhonete;NISSAN/FRONTIER 4X4 SE;"2007      ";Condutor;Lesões Leves;"48   ";Masculino;"0 ";"1    ";"0    ";"0    ";-15.7835430;-48.2326000;SPRF-DF;DEL03-DF;UOP02-DEL03-DF 
618215;"1387390   ";2024-08-01;quinta-feira;07:51:00;GO;"70   ";"0    ";AGUAS LINDAS DE GOIAS;Não;Reação tardia ou ineficiente do condutor;2;Colisão lateral mesmo sentido;Com Vítimas Feridas;Pleno dia;Decrescente;Sol;Dupla;"Declive;Reta";Não  ;"1107507   ";Automóvel;RENAULT/SANDERO AUTH 10;"2017      ";Condutor;Ileso;"44   ";Masculino;"1 ";"0    ";"0    ";"0    ";-15.7835430;-48.2326000;SPRF-DF;DEL03-DF;UOP02-DEL03-DF 
618215;"1387389   ";2024-08-01;quinta-feira;07:51:00;GO;"70   ";"0    ";AGUAS LINDAS DE GOIAS;Não;Reação tardia ou ineficiente do condutor;2;Colisão lateral mesmo sentido;Com Vítimas Feridas;Pleno dia;Decrescente;Sol;Dupla;"Declive;Reta";Não  ;"1107506   ";Camioneta;FORD/ECOSPORT XLT1.6FLEX;"2008      ";Condutor;Ileso;"47   ";Masculino;"1 ";"0    ";"0    ";"0    ";-15.7835430;-48.2326000;SPRF-DF;DEL03-DF;UOP02-DEL03-DF 
618215;"1383276   ";2024-08-01;quinta-feira;07:51:00;GO;"70   ";"0    ";AGUAS LINDAS DE GOIAS;Não;Reação tardia ou ineficiente do condutor;2;Colisão lateral mesmo sentido;Com Vítimas Feridas;Pleno dia;Decrescente;Sol;Dupla;"Declive;Reta";Não  ;"1107505   ";Caminhão;VW/13.180;"2004      ";Condutor;Lesões Leves;"57   ";Masculino;"0 ";"1    ";"0    ";"0    ";-15.7835430;-48.2326000;SPRF-DF;DEL03-DF;UOP02-DEL03-DF 
618215;"1387404   ";2024-08-01;quinta-feira;07:51:00;GO;"70   ";"0    ";AGUAS LINDAS DE GOIAS;Não;Velocidade Incompatível;2;Colisão lateral mesmo sentido;Com Vítimas Feridas;Pleno dia;Decrescente;Sol;Dupla;"Declive;Reta";Não  ;"1107510   ";Automóvel;GM/CORSA SEDAN PREMIUM;"2009      ";Passageiro;Ileso;"44   ";Masculino;"1 ";"0    ";"0    ";"0    ";-15.7835430;-48.2326000;SPRF-DF;DEL03-DF;UOP02-DEL03-DF 