id;pesid;data_inversa;dia_semana;horario;uf;br;km;municipio;causa_principal;causa_acidente;ordem_tipo_acidente;tipo_acidente;classificacao_acidente;fase_dia;sentido_via;condicao_metereologica;tipo_pista;tracado_via;uso_solo;id_veiculo;tipo_veiculo;marca;ano_fabricacao_veiculo;tipo_envolvido;estado_fisico;idade;sexo;ilesos;feridos_leves;feridos_graves;mortos;latitude;longitude;regional;delegacia;uop
619577;"1386623   ";2024-08-07;quarta-feira;05:30:00;GO;"70   ";"2    ";AGUAS LINDAS DE GOIAS;Sim;Manobra de mudança de faixa;3;Colisão lateral mesmo sentido;Com Vítimas Feridas;Amanhecer;Decrescente;Céu Claro;Múltipla;Declive;Não  ;"1110195   ";Automóvel;GM/CORSA WIND;"1995      ";Condutor;Lesões Leves;"46   ";Masculino;"0 ";"1    ";"0    ";"0    ";-15.7670210;-48.2299450;SPRF-DF;DEL03-DF;UOP02-DEL03-DF 
619577;"1386625   ";2024-08-07;quarta-feira;05:30:00;GO;"70   ";"2    ";AGUAS LINDAS DE GOIAS;Sim;Manobra de mudança de faixa;3;Colisão lateral mesmo sentido;Com Vítimas Feridas;Amanhecer;Decrescente;Céu Claro;Múltipla;Declive;Não  ;"1110197   ";Ônibus;M.BENZ/INDUSCAR APACHE U;"2016      ";Condutor;Ileso;"47   ";Masculino;"1 ";"0    ";"0    ";"0    ";-15.7670210;-48.2299450;SPRF-DF;DEL03-DF;UOP02-DEL03-DF 
619577;"1386624   ";2024-08-07;quarta-feira;05:30:00;GO;"70   ";"2    ";AGUAS LINDAS DE GOIAS;Não;Reação tardia ou ineficiente do condutor;2;Queda de ocupante de veículo;Com Vítimas Feridas;Amanhecer;Decrescente;Céu Claro;Múltipla;Declive;Não  ;"1110196   ";Motocicleta;HONDA/CB300F TWISTER ABS;"2024      ";Condutor;Lesões Leves;"20   ";Masculino;"0 ";"1    ";"0    ";"0    ";-15.7670210;-48.2299450;SPRF-DF;DEL03-DF;UOP02-DEL03-DF 
619577;"1386623   ";2024-08-07;quarta-feira;05:30:00;GO;"70   ";"2    ";AGUAS LINDAS DE GOIAS;Não;Reação tardia ou ineficiente do condutor;2;Queda de ocupante de veículo;Com Vítimas Feridas;Amanhecer;Decrescente;Céu Claro;Múltipla;Declive;Não  ;"1110195   ";Automóvel;GM/CORSA WIND;"1995      ";Condutor;Lesões Leves;"46   ";Masculino;"0 ";"1    ";"0    ";"0    ";-15.7670210;-48.2299450;SPRF-DF;DEL03-DF;UOP02-DEL03-DF 
619577;"1386625   ";2024-08-07;quarta-feira;05:30:00;GO;"70   ";"2    ";AGUAS LINDAS DE GOIAS;Não;Reação tardia ou ineficiente do condutor;2;Queda de ocupante de veículo;Com Vítimas Feridas;Amanhecer;Decrescente;Céu Claro;Múltipla;Declive;Não  ;"1110197   ";Ônibus;M.BENZ/INDUSCAR APACHE U;"2016      ";Condutor;Ileso;"47   ";Masculino;"1 ";"0    ";"0    ";"0    ";-15.7670210;-48.2299450;SPRF-DF;DEL03-DF;UOP02-DEL03-DF 
619577;"1386624   ";2024-08-07;quarta-feira;05:30:00;GO;"70   ";"2    ";AGUAS LINDAS DE GOIAS;Não;Trafegar com motocicleta (ou similar) entre as faixas;2;Queda de ocupante de veículo;Com Vítimas Feridas;Amanhecer;Decrescente;Céu Claro;Múltipla;Declive;Não  ;"1110196   ";Motocicleta;HONDA/CB300F TWISTER ABS;"2024      ";Condutor;Lesões Leves;"20   ";Masculino;"0 ";"1    ";"0    ";"0    ";-15.7670210;-48.2299450;SPRF-DF;DEL03-DF;UOP02-DEL03-DF 
619577;"1386623   ";2024-08-07;quarta-feira;05:30:00;GO;"70   ";"2    ";AGUAS LINDAS DE GOIAS;Não;Trafegar com motocicleta (ou similar) entre as faixas;2;Queda de ocupante de veículo;Com Vítimas Feridas;Amanhecer;Decrescente;Céu Claro;Múltipla;Declive;Não  ;"1110195   ";Automóvel;GM/CORSA WIND;"1995      ";Condutor;Lesões Leves;"46   ";Masculino;"0 ";"1    ";"0    ";"0    ";-15.7670210;-48.2299450;SPRF-DF;DEL03-DF;UOP02-DEL03-DF 
619577;"1386625   ";2024-08-07;quarta-feira;05:30:00;GO;"70   ";"2    ";AGUAS LINDAS DE GOIAS;Não;Trafegar com motocicleta (ou similar) entre as faixas;2;Queda de ocupante de veículo;Com Vítimas Feridas;Amanhecer;Decrescente;Céu Claro;Múltipla;Declive;Não  ;"1110197   ";Ônibus;M.BENZ/INDUSCAR APACHE U;"2016      ";Condutor;Ileso;"47   ";Masculino;"1 ";"0    ";"0    ";"0    ";-15.7670210;-48.2299450;SPRF-DF;DEL03-DF;UOP02-DEL03-DF 
619577;"1386624   ";2024-08-07;quarta-feira;05:30:00;GO;"70   ";"2    ";AGUAS LINDAS DE GOIAS;Sim;Manobra de mudança de faixa;2;Queda de ocupante de veículo;Com Vítimas Feridas;Amanhecer;Decrescente;Céu Claro;Múltipla;Declive;Não  ;"1110196   ";Motocicleta;HONDA/CB300F TWISTER ABS;"2024      ";Condutor;Lesões Leves;"20   ";Masculino;"0 ";"1    ";"0    ";"0    ";-15.7670210;-48.2299450;SPRF-DF;DEL03-DF;UOP02-DEL03-DF 
619577;"1386623   ";2024-08-07;quarta-feira;05:30:00;GO;"70   ";"2    ";AGUAS LINDAS DE GOIAS;Sim;Manobra de mudança de faixa;2;Queda de ocupante de veículo;Com Vítimas Feridas;Amanhecer;Decrescente;Céu Claro;Múltipla;Declive;Não  ;"1110195   ";Automóvel;GM/CORSA WIND;"1995      ";Condutor;Lesões Leves;"46   ";Masculino;"0 ";"1    ";"0    ";"0    ";-15.7670210;-48.2299450;SPRF-DF;DEL03-DF;UOP02-DEL03-DF 
619577;"1386625   ";2024-08-07;quarta-feira;05:30:00;GO;"70   ";"2    ";AGUAS LINDAS DE GOIAS;Sim;Manobra de mudança de faixa;2;Queda de ocupante de veículo;Com Vítimas Feridas;Amanhecer;Decrescente;Céu Claro;Múltipla;Declive;Não  ;"1110197   ";Ônibus;M.BENZ/INDUSCAR APACHE U;"2016      ";Condutor;Ileso;"47   ";Masculino;"1 ";"0    ";"0    ";"0    ";-15.7670210;-48.2299450;SPRF-DF;DEL03-DF;UOP02-DEL03-DF 
619577;"1386624   ";2024-08-07;quarta-feira;05:30:00;GO;"70   ";"2    ";AGUAS LINDAS DE GOIAS;Não;Reação tardia ou ineficiente do condutor;1;Colisão lateral mesmo sentido;Com Vítimas Feridas;Amanhecer;Decrescente;Céu Claro;Múltipla;Declive;Não  ;"1110196   ";Motocicleta;HONDA/CB300F TWISTER ABS;"2024      ";Condutor;Lesões Leves;"20   ";Masculino;"0 ";"1    ";"0    ";"0    ";-15.7670210;-48.2299450;SPRF-DF;DEL03-DF;UOP02-DEL03-DF 
619577;"1386623   ";2024-08-07;quarta-feira;05:30:00;GO;"70   ";"2    ";AGUAS LINDAS DE GOIAS;Não;Reação tardia ou ineficiente do condutor;1;Colisão lateral mesmo sentido;Com Vítimas Feridas;Amanhecer;Decrescente;Céu Claro;Múltipla;Declive;Não  ;"1110195   ";Automóvel;GM/CORSA WIND;"1995      ";Condutor;Lesões Leves;"46   ";Masculino;"0 ";"1    ";"0    ";"0    ";-15.7670210;-48.2299450;SPRF-DF;DEL03-DF;UOP02-DEL03-DF 
619577;"1386625   ";2024-08-07;quarta-feira;05:30:00;GO;"70   ";"2    ";AGUAS LINDAS DE GOIAS;Não;Reação tardia ou ineficiente do condutor;1;Colisão lateral mesmo sentido;Com Vítimas Feridas;Amanhecer;Decrescente;Céu Claro;Múltipla;Declive;Não  ;"1110197   ";Ônibus;M.BENZ/INDUSCAR APACHE U;"2016      ";Condutor;Ileso;"47   ";Masculino;"1 ";"0    ";"0    ";"0    ";-15.7670210;-48.2299450;SPRF-DF;DEL03-DF;UOP02-DEL03-DF 
619577;"1386624   ";2024-08-07;quarta-feira;05:30:00;GO;"70   ";"2    ";AGUAS LINDAS DE GOIAS;Não;Trafegar com motocicleta (ou similar) entre as faixas;1;Colisão lateral mesmo sentido;Com Vítimas Feridas;Amanhecer;Decrescente;Céu Claro;Múltipla;Declive;Não  ;"1110196   ";Motocicleta;HONDA/CB300F TWISTER ABS;"2024      ";Condutor;Lesões Leves;"20   ";Masculino;"0 ";"1    ";"0    ";"0    ";-15.7670210;-48.2299450;SPRF-DF;DEL03-DF;UOP02-DEL03-DF 
619577;"1386623   ";2024-08-07;quarta-feira;05:30:00;GO;"70   ";"2    ";AGUAS LINDAS DE GOIAS;Não;Trafegar com motocicleta (ou similar) entre as faixas;1;Colisão lateral mesmo sentido;Com Vítimas Feridas;Amanhecer;Decrescente;Céu Claro;Múltipla;Declive;Não  ;"1110195   ";Automóvel;GM/CORSA WIND;"1995      ";Condutor;Lesões Leves;"46   ";Masculino;"0 ";"1    ";"0    ";"0    ";-15.7670210;-48.2299450;SPRF-DF;DEL03-DF;UOP02-DEL03-DF 
619577;"1386625   ";2024-08-07;quarta-feira;05:30:00;GO;"70   ";"2    ";AGUAS LINDAS DE GOIAS;Não;Trafegar com motocicleta (ou similar) entre as faixas;1;Colisão lateral mesmo sentido;Com Vítimas Feridas;Amanhecer;Decrescente;Céu Claro;Múltipla;Declive;Não  ;"1110197   ";Ônibus;M.BENZ/INDUSCAR APACHE U;"2016      ";Condutor;Ileso;"47   ";Masculino;"1 ";"0    ";"0    ";"0    ";-15.7670210;-48.2299450;SPRF-DF;DEL03-DF;UOP02-DEL03-DF 
619577;"1386624   ";2024-08-07;quarta-feira;05:30:00;GO;"70   ";"2    ";AGUAS LINDAS DE GOIAS;Sim;Manobra de mudança de faixa;1;Colisão lateral mesmo sentido;Com Vítimas Feridas;Amanhecer;Decrescente;Céu Claro;Múltipla;Declive;Não  ;"1110196   ";Motocicleta;HONDA/CB300F TWISTER ABS;"2024      ";Condutor;Lesões Leves;"20   ";Masculino;"0 ";"1    ";"0    ";"0    ";-15.7670210;-48.2299450;SPRF-DF;DEL03-DF;UOP02-DEL03-DF 
619577;"1386623   ";2024-08-07;quarta-feira;05:30:00;GO;"70   ";"2    ";AGUAS LINDAS DE GOIAS;Sim;Manobra de mudança de faixa;1;Colisão lateral mesmo sentido;Com Vítimas Feridas;Amanhecer;Decrescente;Céu Claro;Múltipla;Declive;Não  ;"1110195   ";Automóvel;GM/CORSA WIND;"1995      ";Condutor;Lesões Leves;"46   ";Masculino;"0 ";"1    ";"0    ";"0    ";-15.7670210;-48.2299450;SPRF-DF;DEL03-DF;UOP02-DEL03-DF 
619577;"1386625   ";2024-08-07;quarta-feira;05:30:00;GO;"70   ";"2    ";AGUAS LINDAS DE GOIAS;Sim;Manobra de mudança de faixa;1;Colisão lateral mesmo sentido;Com Vítimas Feridas;Amanhecer;Decrescente;Céu Claro;Múltipla;Declive;Não  ;"1110197   ";Ônibus;M.BENZ/INDUSCAR APACHE U;"2016      ";Condutor;Ileso;"47   ";Masculino;"1 ";"0    ";"0    ";"0    ";-15.7670210;-48.2299450;SPRF-DF;DEL03-DF;UOP02-DEL03-DF 
619598;"1386749   ";2024-08-07;quarta-feira;07:45:00;DF;"20   ";"16,5 ";BRASILIA;Não;Demais Fenômenos da natureza;3;Queda de ocupante de veículo;Com Vítimas Feridas;Pleno dia;Crescente;Céu Claro;Dupla;Declive;Não  ;"1110301   ";Motocicleta;YAMAHA/FZ25 FAZER;"2022      ";Condutor;Lesões Leves;"31   ";Masculino;"0 ";"1    ";"0    ";"0    ";-15.6236580;-47.7210080;SPRF-DF;DEL02-DF;UOP01-DEL02-DF 
619598;"1386747   ";2024-08-07;quarta-feira;07:45:00;DF;"20   ";"16,5 ";BRASILIA;Não;Demais Fenômenos da natureza;3;Queda de ocupante de veículo;Com Vítimas Feridas;Pleno dia;Crescente;Céu Claro;Dupla;Declive;Não  ;"1110303   ";Automóvel;IMP/BMW 328I CD21;"1996      ";Condutor;Ileso;"57   ";Masculino;"1 ";"0    ";"0    ";"0    ";-15.6236580;-47.7210080;SPRF-DF;DEL02-DF;UOP01-DEL02-DF 
619598;"1386749   ";2024-08-07;quarta-feira;07:45:00;DF;"20   ";"16,5 ";BRASILIA;Não;Reação tardia ou ineficiente do condutor;3;Queda de ocupante de veículo;Com Vítimas Feridas;Pleno dia;Crescente;Céu Claro;Dupla;Declive;Não  ;"1110301   ";Motocicleta;YAMAHA/FZ25 FAZER;"2022      ";Condutor;Lesões Leves;"31   ";Masculino;"0 ";"1    ";"0    ";"0    ";-15.6236580;-47.7210080;SPRF-DF;DEL02-DF;UOP01-DEL02-DF 
619598;"1386747   ";2024-08-07;quarta-feira;07:45:00;DF;"20   ";"16,5 ";BRASILIA;Não;Reação tardia ou ineficiente do condutor;3;Queda de ocupante de veículo;Com Vítimas Feridas;Pleno dia;Crescente;Céu Claro;Dupla;Declive;Não  ;"1110303   ";Automóvel;IMP/BMW 328I CD21;"1996      ";Condutor;Ileso;"57   ";Masculino;"1 ";"0    ";"0    ";"0    ";-15.6236580;-47.7210080;SPRF-DF;DEL02-DF;UOP01-DEL02-DF 
619598;"1386749   ";2024-08-07;quarta-feira;07:45:00;DF;"20   ";"16,5 ";BRASILIA;Sim;Condutor deixou de manter distância do veículo da frente;3;Queda de ocupante de veículo;Com Vítimas Feridas;Pleno dia;Crescente;Céu Claro;Dupla;Declive;Não  ;"1110301   ";Motocicleta;YAMAHA/FZ25 FAZER;"2022      ";Condutor;Lesões Leves;"31   ";Masculino;"0 ";"1    ";"0    ";"0    ";-15.6236580;-47.7210080;SPRF-DF;DEL02-DF;UOP01-DEL02-DF 
619598;"1386747   ";2024-08-07;quarta-feira;07:45:00;DF;"20   ";"16,5 ";BRASILIA;Sim;Condutor deixou de manter distância do veículo da frente;3;Queda de ocupante de veículo;Com Vítimas Feridas;Pleno dia;Crescente;Céu Claro;Dupla;Declive;Não  ;"1110303   ";Automóvel;IMP/BMW 328I CD21;"1996      ";Condutor;Ileso;"57   ";Masculino;"1 ";"0    ";"0    ";"0    ";-15.6236580;-47.7210080;SPRF-DF;DEL02-DF;UOP01-DEL02-DF 
619598;"1386749   ";2024-08-07;quarta-feira;07:45:00;DF;"20   ";"16,5 ";BRASILIA;Não;Demais Fenômenos da natureza;2;Tombamento;Com Vítimas Feridas;Pleno dia;Crescente;Céu Claro;Dupla;Declive;Não  ;"1110301   ";Motocicleta;YAMAHA/FZ25 FAZER;"2022      ";Condutor;Lesões Leves;"31   ";Masculino;"0 ";"1    ";"0    ";"0    ";-15.6236580;-47.7210080;SPRF-DF;DEL02-DF;UOP01-DEL02-DF 
619598;"1386747   ";2024-08-07;quarta-feira;07:45:00;DF;"20   ";"16,5 ";BRASILIA;Não;Demais Fenômenos da natureza;2;Tombamento;Com Vítimas Feridas;Pleno dia;Crescente;Céu Claro;Dupla;Declive;Não  ;"1110303   ";Automóvel;IMP/BMW 328I CD21;"1996      ";Condutor;Ileso;"57   ";Masculino;"1 ";"0    ";"0    ";"0    ";-15.6236580;-47.7210080;SPRF-DF;DEL02-DF;UOP01-DEL02-DF 
619598;"1386749   ";2024-08-07;quarta-feira;07:45:00;DF;"20   ";"16,5 ";BRASILIA;Não;Reação tardia ou ineficiente do condutor;2;Tombamento;Com Vítimas Feridas;Pleno dia;Crescente;Céu Claro;Dupla;Declive;Não  ;"1110301   ";Motocicleta;YAMAHA/FZ25 FAZER;"2022      ";Condutor;Lesões Leves;"31   ";Masculino;"0 ";"1    ";"0    ";"0    ";-15.6236580;-47.7210080;SPRF-DF;DEL02-DF;UOP01-DEL02-DF 
619598;"1386747   ";2024-08-07;quarta-feira;07:45:00;DF;"20   ";"16,5 ";BRASILIA;Não;Reação tardia ou ineficiente do condutor;2;Tombamento;Com Vítimas Feridas;Pleno dia;Crescente;Céu Claro;Dupla;Declive;Não  ;"1110303   ";Automóvel;IMP/BMW 328I CD21;"1996      ";Condutor;Ileso;"57   ";Masculino;"1 ";"0    ";"0    ";"0    ";-15.6236580;-47.7210080;SPRF-DF;DEL02-DF;UOP01-DEL02-DF 
619598;"1386749   ";2024-08-07;quarta-feira;07:45:00;DF;"20   ";"16,5 ";BRASILIA;Sim;Condutor deixou de manter distância do veículo da frente;2;Tombamento;Com Vítimas Feridas;Pleno dia;Crescente;Céu Claro;Dupla;Declive;Não  ;"1110301   ";Motocicleta;YAMAHA/FZ25 FAZER;"2022      ";Condutor;Lesões Leves;"31   ";Masculino;"0 ";"1    ";"0    ";"0    ";-15.6236580;-47.7210080;SPRF-DF;DEL02-DF;UOP01-DEL02-DF 
619598;"1386747   ";2024-08-07;quarta-feira;07:45:00;DF;"20   ";"16,5 ";BRASILIA;Sim;Condutor deixou de manter distância do veículo da frente;2;Tombamento;Com Vítimas Feridas;Pleno dia;Crescente;Céu Claro;Dupla;Declive;Não  ;"1110303   ";Automóvel;IMP/BMW 328I CD21;"1996      ";Condutor;Ileso;"57   ";Masculino;"1 ";"0    ";"0    ";"0    ";-15.6236580;-47.7210080;SPRF-DF;DEL02-DF;UOP01-DEL02-DF 
619598;"1386749   ";2024-08-07;quarta-feira;07:45:00;DF;"20   ";"16,5 ";BRASILIA;Não;Demais Fenômenos da natureza;1;Colisão traseira;Com Vítimas Feridas;Pleno dia;Crescente;Céu Claro;Dupla;Declive;Não  ;"1110301   ";Motocicleta;YAMAHA/FZ25 FAZER;"2022      ";Condutor;Lesões Leves;"31   ";Masculino;"0 ";"1    ";"0    ";"0    ";-15.6236580;-47.7210080;SPRF-DF;DEL02-DF;UOP01-DEL02-DF 
619598;"1386747   ";2024-08-07;quarta-feira;07:45:00;DF;"20   ";"16,5 ";BRASILIA;Não;Demais Fenômenos da natureza;1;Colisão traseira;Com Vítimas Feridas;Pleno dia;Crescente;Céu Claro;Dupla;Declive;Não  ;"1110303   ";Automóvel;IMP/BMW 328I CD21;"1996      ";Condutor;Ileso;"57   ";Masculino;"1 ";"0    ";"0    ";"0    ";-15.6236580;-47.7210080;SPRF-DF;DEL02-DF;UOP01-DEL02-DF 
619598;"1386749   ";2024-08-07;quarta-feira;07:45:00;DF;"20   ";"16,5 ";BRASILIA;Não;Reação tardia ou ineficiente do condutor;1;Colisão traseira;Com Vítimas Feridas;Pleno dia;Crescente;Céu Claro;Dupla;Declive;Não  ;"1110301   ";Motocicleta;YAMAHA/FZ25 FAZER;"2022      ";Condutor;Lesões Leves;"31   ";Masculino;"0 ";"1    ";"0    ";"0    ";-15.6236580;-47.7210080;SPRF-DF;DEL02-DF;UOP01-DEL02-DF 
619598;"1386747   ";2024-08-07;quarta-feira;07:45:00;DF;"20   ";"16,5 ";BRASILIA;Não;Reação tardia ou ineficiente do condutor;1;Colisão traseira;Com Vítimas Feridas;Pleno dia;Crescente;Céu Claro;Dupla;Declive;Não  ;"1110303   ";Automóvel;IMP/BMW 328I CD21;"1996      ";Condutor;Ileso;"57   ";Masculino;"1 ";"0    ";"0    ";"0    ";-15.6236580;-47.7210080;SPRF-DF;DEL02-DF;UOP01-DEL02-DF 
619598;"1386749   ";2024-08-07;quarta-feira;07:45:00;DF;"20   ";"16,5 ";BRASILIA;Sim;Condutor deixou de manter distância do veículo da frente;1;Colisão traseira;Com Vítimas Feridas;Pleno dia;Crescente;Céu Claro;Dupla;Declive;Não  ;"1110301   ";Motocicleta;YAMAHA/FZ25 FAZER;"2022      ";Condutor;Lesões Leves;"31   ";Masculino;"0 ";"1    ";"0    ";"0    ";-15.6236580;-47.7210080;SPRF-DF;DEL02-DF;UOP01-DEL02-DF 
619598;"1386747   ";2024-08-07;quarta-feira;07:45:00;DF;"20   ";"16,5 ";BRASILIA;Sim;Condutor deixou de manter distância do veículo da frente;1;Colisão traseira;Com Vítimas Feridas;Pleno dia;Crescente;Céu Claro;Dupla;Declive;Não  ;"1110303   ";Automóvel;IMP/BMW 328I CD21;"1996      ";Condutor;Ileso;"57   ";Masculino;"1 ";"0    ";"0    ";"0    ";-15.6236580;-47.7210080;SPRF-DF;DEL02-DF;UOP01-DEL02-DF 
619672;"1386857   ";2024-08-07;quarta-feira;14:40:00;GO;"20   ";"190,9";SIMOLANDIA;Sim;Velocidade Incompatível;1;Colisão com objeto;Com Vítimas Feridas;Pleno dia;Decrescente;Sol;Simples;"Declive;Reta";Não  ;"1110397   ";Automóvel;RENAULT/SANDERO EXPR 10;"2018      ";Condutor;Lesões Graves;"31   ";Feminino;"0 ";"0    ";"1    ";"0    ";-14.3994160;-46.4503670;SPRF-DF;DEL02-DF;UOP03-DEL02-DF 
619672;"1386871   ";2024-08-07;quarta-feira;14:40:00;GO;"20   ";"190,9";SIMOLANDIA;Sim;Velocidade Incompatível;1;Colisão com objeto;Com Vítimas Feridas;Pleno dia;Decrescente;Sol;Simples;"Declive;Reta";Não  ;"0         ";"0";NA/NA;"0         ";Testemunha;Não Informado;"0    ";Não Informado;"0 ";"0    ";"0    ";"0    ";-14.3994160;-46.4503670;SPRF-DF;DEL02-DF;UOP03-DEL02-DF 
619711;"1386920   ";2024-08-07;quarta-feira;18:00:00;GO;"20   ";"34   ";FORMOSA;Não;Reação tardia ou ineficiente do condutor;2;Capotamento;Com Vítimas Feridas;Plena Noite;Crescente;Céu Claro;Simples;"Reta;Em Obras";Não  ;"1110444   ";Automóvel;FIAT/SIENA ATTRACTIV 1.4;"2015      ";Passageiro;Lesões Leves;"84   ";Masculino;"0 ";"1    ";"0    ";"0    ";-15.4642660;-47.0993230;SPRF-DF;DEL02-DF;UOP02-DEL02-DF 
619711;"1386919   ";2024-08-07;quarta-feira;18:00:00;GO;"20   ";"34   ";FORMOSA;Não;Reação tardia ou ineficiente do condutor;2;Capotamento;Com Vítimas Feridas;Plena Noite;Crescente;Céu Claro;Simples;"Reta;Em Obras";Não  ;"1110444   ";Automóvel;FIAT/SIENA ATTRACTIV 1.4;"2015      ";Condutor;Ileso;"51   ";Feminino;"1 ";"0    ";"0    ";"0    ";-15.4642660;-47.0993230;SPRF-DF;DEL02-DF;UOP02-DEL02-DF 
619711;"1386920   ";2024-08-07;quarta-feira;18:00:00;GO;"20   ";"34   ";FORMOSA;Sim;Ingestão de álcool pelo condutor;2;Capotamento;Com Vítimas Feridas;Plena Noite;Crescente;Céu Claro;Simples;"Reta;Em Obras";Não  ;"1110444   ";Automóvel;FIAT/SIENA ATTRACTIV 1.4;"2015      ";Passageiro;Lesões Leves;"84   ";Masculino;"0 ";"1    ";"0    ";"0    ";-15.4642660;-47.0993230;SPRF-DF;DEL02-DF;UOP02-DEL02-DF 
619711;"1386919   ";2024-08-07;quarta-feira;18:00:00;GO;"20   ";"34   ";FORMOSA;Sim;Ingestão de álcool pelo condutor;2;Capotamento;Com Vítimas Feridas;Plena Noite;Crescente;Céu Claro;Simples;"Reta;Em Obras";Não  ;"1110444   ";Automóvel;FIAT/SIENA ATTRACTIV 1.4;"2015      ";Condutor;Ileso;"51   ";Feminino;"1 ";"0    ";"0    ";"0    ";-15.4642660;-47.0993230;SPRF-DF;DEL02-DF;UOP02-DEL02-DF 
619711;"1386920   ";2024-08-07;quarta-feira;18:00:00;GO;"20   ";"34   ";FORMOSA;Não;Reação tardia ou ineficiente do condutor;1;Saída de leito carroçável;Com Vítimas Feridas;Plena Noite;Crescente;Céu Claro;Simples;"Reta;Em Obras";Não  ;"1110444   ";Automóvel;FIAT/SIENA ATTRACTIV 1.4;"2015      ";Passageiro;Lesões Leves;"84   ";Masculino;"0 ";"1    ";"0    ";"0    ";-15.4642660;-47.0993230;SPRF-DF;DEL02-DF;UOP02-DEL02-DF 
619711;"1386919   ";2024-08-07;quarta-feira;18:00:00;GO;"20   ";"34   ";FORMOSA;Não;Reação tardia ou ineficiente do condutor;1;Saída de leito carroçável;Com Vítimas Feridas;Plena Noite;Crescente;Céu Claro;Simples;"Reta;Em Obras";Não  ;"1110444   ";Automóvel;FIAT/SIENA ATTRACTIV 1.4;"2015      ";Condutor;Ileso;"51   ";Feminino;"1 ";"0    ";"0    ";"0    ";-15.4642660;-47.0993230;SPRF-DF;DEL02-DF;UOP02-DEL02-DF 
619711;"1386920   ";2024-08-07;quarta-feira;18:00:00;GO;"20   ";"34   ";FORMOSA;Sim;Ingestão de álcool pelo condutor;1;Saída de leito carroçável;Com Vítimas Feridas;Plena Noite;Crescente;Céu Claro;Simples;"Reta;Em Obras";Não  ;"1110444   ";Automóvel;FIAT/SIENA ATTRACTIV 1.4;"2015      ";Passageiro;Lesões Leves;"84   ";Masculino;"0 ";"1    ";"0    ";"0    ";-15.4642660;-47.0993230;SPRF-DF;DEL02-DF;UOP02-DEL02-DF 
619711;"1386919   ";2024-08-07;quarta-feira;18:00:00;GO;"20   ";"34   ";FORMOSA;Sim;Ingestão de álcool pelo condutor;1;Saída de leito carroçável;Com Vítimas Feridas;Plena Noite;Crescente;Céu Claro;Simples;"Reta;Em Obras";Não  ;"1110444   ";Automóvel;FIAT/SIENA ATTRACTIV 1.4;"2015      ";Condutor;Ileso;"51   ";Feminino;"1 ";"0    ";"0    ";"0    ";-15.4642660;-47.0993230;SPRF-DF;DEL02-DF;UOP02-DEL02-DF 
619802;"1387103   ";2024-08-08;quinta-feira;06:40:00;DF;"40   ";"0,7  ";BRASILIA;Sim;Manobra de mudança de faixa;1;Queda de ocupante de veículo;Com Vítimas Feridas;Pleno dia;Decrescente;Céu Claro;Dupla;Reta;Sim  ;"1110608   ";Automóvel;HYUNDAI/HB20S10TA VISION;"2022      ";Condutor;Ileso;"45   ";Masculino;"1 ";"0    ";"0    ";"0    ";-15.9768970;-47.9901290;SPRF-DF;DEL01-DF;UOP01-DEL01-DF 
619802;"1387102   ";2024-08-08;quinta-feira;06:40:00;DF;"40   ";"0,7  ";BRASILIA;Sim;Manobra de mudança de faixa;1;Queda de ocupante de veículo;Com Vítimas Feridas;Pleno dia;Decrescente;Céu Claro;Dupla;Reta;Sim  ;"1110607   ";Motocicleta;HONDA/CG 160 TITAN;"2022      ";Condutor;Lesões Leves;"0    ";Masculino;"0 ";"1    ";"0    ";"0    ";-15.9768970;-47.9901290;SPRF-DF;DEL01-DF;UOP01-DEL01-DF 
619882;"1387304   ";2024-08-08;quinta-feira;15:19:00;GO;"251  ";"11   ";CRISTALINA;Sim;Reação tardia ou ineficiente do condutor;1;Saída de leito carroçável;Com Vítimas Feridas;Pleno dia;Decrescente;Céu Claro;Simples;Reta;Não  ;"1110781   ";Automóvel;TOYOTA/YARIS SD XLS15 AT;"2019      ";Condutor;Lesões Leves;"70   ";Masculino;"0 ";"1    ";"0    ";"0    ";-16.2091470;-47.4213904;SPRF-DF;DEL01-DF;UOP01-DEL01-DF 
619892;"1387305   ";2024-08-08;quinta-feira;17:44:00;DF;"70   ";"16   ";BRASILIA;Sim;Pedestre cruzava a pista fora da faixa;1;Atropelamento de Pedestre;Com Vítimas Feridas;Anoitecer;Crescente;Céu Claro;Dupla;Reta;Não  ;"1110782   ";Motocicleta;HONDA/CG 150 TITAN EX;"2011      ";Condutor;Ileso;"40   ";Masculino;"1 ";"0    ";"0    ";"0    ";-15.7961440;-48.1942250;SPRF-DF;DEL03-DF;UOP02-DEL03-DF 
619892;"1387306   ";2024-08-08;quinta-feira;17:44:00;DF;"70   ";"16   ";BRASILIA;Sim;Pedestre cruzava a pista fora da faixa;1;Atropelamento de Pedestre;Com Vítimas Feridas;Anoitecer;Crescente;Céu Claro;Dupla;Reta;Não  ;"0         ";"0";NA/NA;"0         ";Pedestre;Lesões Leves;"43   ";Feminino;"0 ";"1    ";"0    ";"0    ";-15.7961440;-48.1942250;SPRF-DF;DEL03-DF;UOP02-DEL03-DF 