id;pesid;data_inversa;dia_semana;horario;uf;br;km;municipio;causa_principal;causa_acidente;ordem_tipo_acidente;tipo_acidente;classificacao_acidente;fase_dia;sentido_via;condicao_metereologica;tipo_pista;tracado_via;uso_solo;id_veiculo;tipo_veiculo;marca;ano_fabricacao_veiculo;tipo_envolvido;estado_fisico;idade;sexo;ilesos;feridos_leves;feridos_graves;mortos;latitude;longitude;regional;delegacia;uop
620242;"1389863   ";2024-08-10;sábado;04:21:00;DF;"20   ";"39   ";BRASILIA;Sim;Ausência de reação do condutor;2;Saída de leito carroçável;Sem Vítimas;Anoitecer;Crescente;Céu Claro;Dupla;Declive;Não  ;"1112740   ";Automóvel;HYUNDAI/HB20S 1.0M COMF;"2015      ";Condutor;Não Informado;"0    ";Não Informado;"0 ";"0    ";"0    ";"0    ";-15.5818640;-47.5219730;SPRF-DF;DEL02-DF;UOP01-DEL02-DF 
620242;"1389863   ";2024-08-10;sábado;04:21:00;DF;"20   ";"39   ";BRASILIA;Sim;Ausência de reação do condutor;1;Capotamento;Sem Vítimas;Anoitecer;Crescente;Céu Claro;Dupla;Declive;Não  ;"1112740   ";Automóvel;HYUNDAI/HB20S 1.0M COMF;"2015      ";Condutor;Não Informado;"0    ";Não Informado;"0 ";"0    ";"0    ";"0    ";-15.5818640;-47.5219730;SPRF-DF;DEL02-DF;UOP01-DEL02-DF 
620250;"1388355   ";2024-08-10;sábado;06:00:00;GO;"20   ";"177  ";ALVORADA DO NORTE;Sim;Acessar a via sem observar a presença dos outros veículos;1;Colisão lateral mesmo sentido;Sem Vítimas;Pleno dia;Decrescente;Céu Claro;Simples;Reta;Sim  ;"1111641   ";Caminhonete;CHEV/MONTANA T;"2024      ";Passageiro;Ileso;"27   ";Masculino;"1 ";"0    ";"0    ";"0    ";-14.4986080;-46.5101590;SPRF-DF;DEL02-DF;UOP03-DEL02-DF 
620250;"1388354   ";2024-08-10;sábado;06:00:00;GO;"20   ";"177  ";ALVORADA DO NORTE;Sim;Acessar a via sem observar a presença dos outros veículos;1;Colisão lateral mesmo sentido;Sem Vítimas;Pleno dia;Decrescente;Céu Claro;Simples;Reta;Sim  ;"1111641   ";Caminhonete;CHEV/MONTANA T;"2024      ";Condutor;Ileso;"18   ";Masculino;"1 ";"0    ";"0    ";"0    ";-14.4986080;-46.5101590;SPRF-DF;DEL02-DF;UOP03-DEL02-DF 
620250;"1388353   ";2024-08-10;sábado;06:00:00;GO;"20   ";"177  ";ALVORADA DO NORTE;Sim;Acessar a via sem observar a presença dos outros veículos;1;Colisão lateral mesmo sentido;Sem Vítimas;Pleno dia;Decrescente;Céu Claro;Simples;Reta;Sim  ;"1111640   ";Utilitário;MMC/PAJERO DAKAR D;"2013      ";Condutor;Ileso;"61   ";Masculino;"1 ";"0    ";"0    ";"0    ";-14.4986080;-46.5101590;SPRF-DF;DEL02-DF;UOP03-DEL02-DF 
620272;"1388179   ";2024-08-10;sábado;07:20:00;DF;"60   ";"5,4  ";BRASILIA;Não;Ausência de reação do condutor;3;Colisão com objeto;Com Vítimas Feridas;Pleno dia;Crescente;Céu Claro;Dupla;"Reta;Declive";Sim  ;"1111495   ";Caminhão-trator;SCANIA/R124 GA4X2NZ 360;"1998      ";Condutor;Lesões Graves;"63   ";Masculino;"0 ";"0    ";"1    ";"0    ";-15.8968380;-48.1091100;SPRF-DF;DEL03-DF;UOP01-DEL03-DF 
620272;"0         ";2024-08-10;sábado;07:20:00;DF;"60   ";"5,4  ";BRASILIA;Não;Ausência de reação do condutor;3;Colisão com objeto;Com Vítimas Feridas;Pleno dia;Crescente;Céu Claro;Dupla;"Reta;Declive";Sim  ;"1111496   ";Semireboque;REB/RANDON SR GR TR;"1993      ";"0";"0";"0    ";"0";"0 ";"0    ";"0    ";"0    ";-15.8968380;-48.1091100;SPRF-DF;DEL03-DF;UOP01-DEL03-DF 
620272;"1388179   ";2024-08-10;sábado;07:20:00;DF;"60   ";"5,4  ";BRASILIA;Sim;Falta de elemento de contenção que evite a saída do leito carroçável;3;Colisão com objeto;Com Vítimas Feridas;Pleno dia;Crescente;Céu Claro;Dupla;"Reta;Declive";Sim  ;"1111495   ";Caminhão-trator;SCANIA/R124 GA4X2NZ 360;"1998      ";Condutor;Lesões Graves;"63   ";Masculino;"0 ";"0    ";"1    ";"0    ";-15.8968380;-48.1091100;SPRF-DF;DEL03-DF;UOP01-DEL03-DF 
620272;"0         ";2024-08-10;sábado;07:20:00;DF;"60   ";"5,4  ";BRASILIA;Sim;Falta de elemento de contenção que evite a saída do leito carroçável;3;Colisão com objeto;Com Vítimas Feridas;Pleno dia;Crescente;Céu Claro;Dupla;"Reta;Declive";Sim  ;"1111496   ";Semireboque;REB/RANDON SR GR TR;"1993      ";"0";"0";"0    ";"0";"0 ";"0    ";"0    ";"0    ";-15.8968380;-48.1091100;SPRF-DF;DEL03-DF;UOP01-DEL03-DF 
620272;"1388179   ";2024-08-10;sábado;07:20:00;DF;"60   ";"5,4  ";BRASILIA;Não;Ausência de reação do condutor;2;Colisão com objeto;Com Vítimas Feridas;Pleno dia;Crescente;Céu Claro;Dupla;"Reta;Declive";Sim  ;"1111495   ";Caminhão-trator;SCANIA/R124 GA4X2NZ 360;"1998      ";Condutor;Lesões Graves;"63   ";Masculino;"0 ";"0    ";"1    ";"0    ";-15.8968380;-48.1091100;SPRF-DF;DEL03-DF;UOP01-DEL03-DF 
620272;"0         ";2024-08-10;sábado;07:20:00;DF;"60   ";"5,4  ";BRASILIA;Não;Ausência de reação do condutor;2;Colisão com objeto;Com Vítimas Feridas;Pleno dia;Crescente;Céu Claro;Dupla;"Reta;Declive";Sim  ;"1111496   ";Semireboque;REB/RANDON SR GR TR;"1993      ";"0";"0";"0    ";"0";"0 ";"0    ";"0    ";"0    ";-15.8968380;-48.1091100;SPRF-DF;DEL03-DF;UOP01-DEL03-DF 
620272;"1388179   ";2024-08-10;sábado;07:20:00;DF;"60   ";"5,4  ";BRASILIA;Sim;Falta de elemento de contenção que evite a saída do leito carroçável;2;Colisão com objeto;Com Vítimas Feridas;Pleno dia;Crescente;Céu Claro;Dupla;"Reta;Declive";Sim  ;"1111495   ";Caminhão-trator;SCANIA/R124 GA4X2NZ 360;"1998      ";Condutor;Lesões Graves;"63   ";Masculino;"0 ";"0    ";"1    ";"0    ";-15.8968380;-48.1091100;SPRF-DF;DEL03-DF;UOP01-DEL03-DF 
620272;"0         ";2024-08-10;sábado;07:20:00;DF;"60   ";"5,4  ";BRASILIA;Sim;Falta de elemento de contenção que evite a saída do leito carroçável;2;Colisão com objeto;Com Vítimas Feridas;Pleno dia;Crescente;Céu Claro;Dupla;"Reta;Declive";Sim  ;"1111496   ";Semireboque;REB/RANDON SR GR TR;"1993      ";"0";"0";"0    ";"0";"0 ";"0    ";"0    ";"0    ";-15.8968380;-48.1091100;SPRF-DF;DEL03-DF;UOP01-DEL03-DF 
620272;"1388179   ";2024-08-10;sábado;07:20:00;DF;"60   ";"5,4  ";BRASILIA;Não;Ausência de reação do condutor;1;Saída de leito carroçável;Com Vítimas Feridas;Pleno dia;Crescente;Céu Claro;Dupla;"Reta;Declive";Sim  ;"1111495   ";Caminhão-trator;SCANIA/R124 GA4X2NZ 360;"1998      ";Condutor;Lesões Graves;"63   ";Masculino;"0 ";"0    ";"1    ";"0    ";-15.8968380;-48.1091100;SPRF-DF;DEL03-DF;UOP01-DEL03-DF 
620272;"0         ";2024-08-10;sábado;07:20:00;DF;"60   ";"5,4  ";BRASILIA;Não;Ausência de reação do condutor;1;Saída de leito carroçável;Com Vítimas Feridas;Pleno dia;Crescente;Céu Claro;Dupla;"Reta;Declive";Sim  ;"1111496   ";Semireboque;REB/RANDON SR GR TR;"1993      ";"0";"0";"0    ";"0";"0 ";"0    ";"0    ";"0    ";-15.8968380;-48.1091100;SPRF-DF;DEL03-DF;UOP01-DEL03-DF 
620272;"1388179   ";2024-08-10;sábado;07:20:00;DF;"60   ";"5,4  ";BRASILIA;Sim;Falta de elemento de contenção que evite a saída do leito carroçável;1;Saída de leito carroçável;Com Vítimas Feridas;Pleno dia;Crescente;Céu Claro;Dupla;"Reta;Declive";Sim  ;"1111495   ";Caminhão-trator;SCANIA/R124 GA4X2NZ 360;"1998      ";Condutor;Lesões Graves;"63   ";Masculino;"0 ";"0    ";"1    ";"0    ";-15.8968380;-48.1091100;SPRF-DF;DEL03-DF;UOP01-DEL03-DF 
620272;"0         ";2024-08-10;sábado;07:20:00;DF;"60   ";"5,4  ";BRASILIA;Sim;Falta de elemento de contenção que evite a saída do leito carroçável;1;Saída de leito carroçável;Com Vítimas Feridas;Pleno dia;Crescente;Céu Claro;Dupla;"Reta;Declive";Sim  ;"1111496   ";Semireboque;REB/RANDON SR GR TR;"1993      ";"0";"0";"0    ";"0";"0 ";"0    ";"0    ";"0    ";-15.8968380;-48.1091100;SPRF-DF;DEL03-DF;UOP01-DEL03-DF 
620286;"1388322   ";2024-08-10;sábado;08:10:00;DF;"20   ";"9    ";BRASILIA;Sim;Reação tardia ou ineficiente do condutor;1;Saída de leito carroçável;Com Vítimas Feridas;Pleno dia;Decrescente;Sol;Dupla;"Reta;Em Obras";Sim  ;"1111617   ";Motocicleta;HONDA/CB 250F TWISTER;"2016      ";Condutor;Lesões Leves;"32   ";Masculino;"0 ";"1    ";"0    ";"0    ";-15.6546710;-47.7829170;SPRF-DF;DEL02-DF;UOP01-DEL02-DF 
620286;"1388321   ";2024-08-10;sábado;08:10:00;DF;"20   ";"9    ";BRASILIA;Sim;Reação tardia ou ineficiente do condutor;1;Saída de leito carroçável;Com Vítimas Feridas;Pleno dia;Decrescente;Sol;Dupla;"Reta;Em Obras";Sim  ;"1111616   ";Ônibus;M.BENZ/INDUSCAR APACHE U;"2009      ";Condutor;Ileso;"42   ";Masculino;"1 ";"0    ";"0    ";"0    ";-15.6546710;-47.7829170;SPRF-DF;DEL02-DF;UOP01-DEL02-DF 
620326;"1388278   ";2024-08-10;sábado;12:00:00;DF;"70   ";"4,7  ";BRASILIA;Não;Ausência de reação do condutor;1;Colisão lateral mesmo sentido;Com Vítimas Feridas;Pleno dia;Decrescente;Céu Claro;Dupla;Reta;Sim  ;"1111580   ";Automóvel;HONDA/FIT DX FLEX;"2011      ";Passageiro;Lesões Leves;"11   ";Feminino;"0 ";"1    ";"0    ";"0    ";-15.7981150;-48.0893170;SPRF-DF;DEL03-DF;UOP02-DEL03-DF 
620326;"1388277   ";2024-08-10;sábado;12:00:00;DF;"70   ";"4,7  ";BRASILIA;Não;Ausência de reação do condutor;1;Colisão lateral mesmo sentido;Com Vítimas Feridas;Pleno dia;Decrescente;Céu Claro;Dupla;Reta;Sim  ;"1111580   ";Automóvel;HONDA/FIT DX FLEX;"2011      ";Condutor;Ileso;"25   ";Masculino;"1 ";"0    ";"0    ";"0    ";-15.7981150;-48.0893170;SPRF-DF;DEL03-DF;UOP02-DEL03-DF 
620326;"1388276   ";2024-08-10;sábado;12:00:00;DF;"70   ";"4,7  ";BRASILIA;Não;Ausência de reação do condutor;1;Colisão lateral mesmo sentido;Com Vítimas Feridas;Pleno dia;Decrescente;Céu Claro;Dupla;Reta;Sim  ;"1111579   ";Automóvel;VW/GOL SPECIAL MB;"2015      ";Passageiro;Ileso;"38   ";Masculino;"1 ";"0    ";"0    ";"0    ";-15.7981150;-48.0893170;SPRF-DF;DEL03-DF;UOP02-DEL03-DF 
620326;"1388275   ";2024-08-10;sábado;12:00:00;DF;"70   ";"4,7  ";BRASILIA;Não;Ausência de reação do condutor;1;Colisão lateral mesmo sentido;Com Vítimas Feridas;Pleno dia;Decrescente;Céu Claro;Dupla;Reta;Sim  ;"1111579   ";Automóvel;VW/GOL SPECIAL MB;"2015      ";Passageiro;Lesões Leves;"3    ";Feminino;"0 ";"1    ";"0    ";"0    ";-15.7981150;-48.0893170;SPRF-DF;DEL03-DF;UOP02-DEL03-DF 
620326;"1388274   ";2024-08-10;sábado;12:00:00;DF;"70   ";"4,7  ";BRASILIA;Não;Ausência de reação do condutor;1;Colisão lateral mesmo sentido;Com Vítimas Feridas;Pleno dia;Decrescente;Céu Claro;Dupla;Reta;Sim  ;"1111579   ";Automóvel;VW/GOL SPECIAL MB;"2015      ";Condutor;Ileso;"47   ";Masculino;"1 ";"0    ";"0    ";"0    ";-15.7981150;-48.0893170;SPRF-DF;DEL03-DF;UOP02-DEL03-DF 
620326;"1388278   ";2024-08-10;sábado;12:00:00;DF;"70   ";"4,7  ";BRASILIA;Sim;Manobra de mudança de faixa;1;Colisão lateral mesmo sentido;Com Vítimas Feridas;Pleno dia;Decrescente;Céu Claro;Dupla;Reta;Sim  ;"1111580   ";Automóvel;HONDA/FIT DX FLEX;"2011      ";Passageiro;Lesões Leves;"11   ";Feminino;"0 ";"1    ";"0    ";"0    ";-15.7981150;-48.0893170;SPRF-DF;DEL03-DF;UOP02-DEL03-DF 
620326;"1388277   ";2024-08-10;sábado;12:00:00;DF;"70   ";"4,7  ";BRASILIA;Sim;Manobra de mudança de faixa;1;Colisão lateral mesmo sentido;Com Vítimas Feridas;Pleno dia;Decrescente;Céu Claro;Dupla;Reta;Sim  ;"1111580   ";Automóvel;HONDA/FIT DX FLEX;"2011      ";Condutor;Ileso;"25   ";Masculino;"1 ";"0    ";"0    ";"0    ";-15.7981150;-48.0893170;SPRF-DF;DEL03-DF;UOP02-DEL03-DF 
620326;"1388276   ";2024-08-10;sábado;12:00:00;DF;"70   ";"4,7  ";BRASILIA;Sim;Manobra de mudança de faixa;1;Colisão lateral mesmo sentido;Com Vítimas Feridas;Pleno dia;Decrescente;Céu Claro;Dupla;Reta;Sim  ;"1111579   ";Automóvel;VW/GOL SPECIAL MB;"2015      ";Passageiro;Ileso;"38   ";Masculino;"1 ";"0    ";"0    ";"0    ";-15.7981150;-48.0893170;SPRF-DF;DEL03-DF;UOP02-DEL03-DF 
620326;"1388275   ";2024-08-10;sábado;12:00:00;DF;"70   ";"4,7  ";BRASILIA;Sim;Manobra de mudança de faixa;1;Colisão lateral mesmo sentido;Com Vítimas Feridas;Pleno dia;Decrescente;Céu Claro;Dupla;Reta;Sim  ;"1111579   ";Automóvel;VW/GOL SPECIAL MB;"2015      ";Passageiro;Lesões Leves;"3    ";Feminino;"0 ";"1    ";"0    ";"0    ";-15.7981150;-48.0893170;SPRF-DF;DEL03-DF;UOP02-DEL03-DF 
620326;"1388274   ";2024-08-10;sábado;12:00:00;DF;"70   ";"4,7  ";BRASILIA;Sim;Manobra de mudança de faixa;1;Colisão lateral mesmo sentido;Com Vítimas Feridas;Pleno dia;Decrescente;Céu Claro;Dupla;Reta;Sim  ;"1111579   ";Automóvel;VW/GOL SPECIAL MB;"2015      ";Condutor;Ileso;"47   ";Masculino;"1 ";"0    ";"0    ";"0    ";-15.7981150;-48.0893170;SPRF-DF;DEL03-DF;UOP02-DEL03-DF 
620330;"1388293   ";2024-08-10;sábado;12:33:00;GO;"40   ";"5,3  ";VALPARAISO DE GOIAS;Não;Velocidade Incompatível;2;Queda de ocupante de veículo;Com Vítimas Feridas;Pleno dia;Crescente;Céu Claro;Dupla;Reta;Sim  ;"1111590   ";Motocicleta;HONDA/CG 160 FAN;"2024      ";Condutor;Lesões Leves;"22   ";Masculino;"0 ";"1    ";"0    ";"0    ";-16.0931340;-47.9822360;SPRF-DF;DEL01-DF;UOP01-DEL01-DF 
620330;"1388288   ";2024-08-10;sábado;12:33:00;GO;"40   ";"5,3  ";VALPARAISO DE GOIAS;Não;Velocidade Incompatível;2;Queda de ocupante de veículo;Com Vítimas Feridas;Pleno dia;Crescente;Céu Claro;Dupla;Reta;Sim  ;"1111586   ";Automóvel;VW/GOL 1.0L MC5;"2021      ";Condutor;Ileso;"45   ";Masculino;"1 ";"0    ";"0    ";"0    ";-16.0931340;-47.9822360;SPRF-DF;DEL01-DF;UOP01-DEL01-DF 
620330;"1388293   ";2024-08-10;sábado;12:33:00;GO;"40   ";"5,3  ";VALPARAISO DE GOIAS;Não;Condutor deixou de manter distância do veículo da frente;2;Queda de ocupante de veículo;Com Vítimas Feridas;Pleno dia;Crescente;Céu Claro;Dupla;Reta;Sim  ;"1111590   ";Motocicleta;HONDA/CG 160 FAN;"2024      ";Condutor;Lesões Leves;"22   ";Masculino;"0 ";"1    ";"0    ";"0    ";-16.0931340;-47.9822360;SPRF-DF;DEL01-DF;UOP01-DEL01-DF 
620330;"1388288   ";2024-08-10;sábado;12:33:00;GO;"40   ";"5,3  ";VALPARAISO DE GOIAS;Não;Condutor deixou de manter distância do veículo da frente;2;Queda de ocupante de veículo;Com Vítimas Feridas;Pleno dia;Crescente;Céu Claro;Dupla;Reta;Sim  ;"1111586   ";Automóvel;VW/GOL 1.0L MC5;"2021      ";Condutor;Ileso;"45   ";Masculino;"1 ";"0    ";"0    ";"0    ";-16.0931340;-47.9822360;SPRF-DF;DEL01-DF;UOP01-DEL01-DF 
620330;"1388293   ";2024-08-10;sábado;12:33:00;GO;"40   ";"5,3  ";VALPARAISO DE GOIAS;Sim;Reação tardia ou ineficiente do condutor;2;Queda de ocupante de veículo;Com Vítimas Feridas;Pleno dia;Crescente;Céu Claro;Dupla;Reta;Sim  ;"1111590   ";Motocicleta;HONDA/CG 160 FAN;"2024      ";Condutor;Lesões Leves;"22   ";Masculino;"0 ";"1    ";"0    ";"0    ";-16.0931340;-47.9822360;SPRF-DF;DEL01-DF;UOP01-DEL01-DF 
620330;"1388288   ";2024-08-10;sábado;12:33:00;GO;"40   ";"5,3  ";VALPARAISO DE GOIAS;Sim;Reação tardia ou ineficiente do condutor;2;Queda de ocupante de veículo;Com Vítimas Feridas;Pleno dia;Crescente;Céu Claro;Dupla;Reta;Sim  ;"1111586   ";Automóvel;VW/GOL 1.0L MC5;"2021      ";Condutor;Ileso;"45   ";Masculino;"1 ";"0    ";"0    ";"0    ";-16.0931340;-47.9822360;SPRF-DF;DEL01-DF;UOP01-DEL01-DF 
620330;"1388293   ";2024-08-10;sábado;12:33:00;GO;"40   ";"5,3  ";VALPARAISO DE GOIAS;Não;Velocidade Incompatível;1;Colisão traseira;Com Vítimas Feridas;Pleno dia;Crescente;Céu Claro;Dupla;Reta;Sim  ;"1111590   ";Motocicleta;HONDA/CG 160 FAN;"2024      ";Condutor;Lesões Leves;"22   ";Masculino;"0 ";"1    ";"0    ";"0    ";-16.0931340;-47.9822360;SPRF-DF;DEL01-DF;UOP01-DEL01-DF 
620330;"1388288   ";2024-08-10;sábado;12:33:00;GO;"40   ";"5,3  ";VALPARAISO DE GOIAS;Não;Velocidade Incompatível;1;Colisão traseira;Com Vítimas Feridas;Pleno dia;Crescente;Céu Claro;Dupla;Reta;Sim  ;"1111586   ";Automóvel;VW/GOL 1.0L MC5;"2021      ";Condutor;Ileso;"45   ";Masculino;"1 ";"0    ";"0    ";"0    ";-16.0931340;-47.9822360;SPRF-DF;DEL01-DF;UOP01-DEL01-DF 
620330;"1388293   ";2024-08-10;sábado;12:33:00;GO;"40   ";"5,3  ";VALPARAISO DE GOIAS;Não;Condutor deixou de manter distância do veículo da frente;1;Colisão traseira;Com Vítimas Feridas;Pleno dia;Crescente;Céu Claro;Dupla;Reta;Sim  ;"1111590   ";Motocicleta;HONDA/CG 160 FAN;"2024      ";Condutor;Lesões Leves;"22   ";Masculino;"0 ";"1    ";"0    ";"0    ";-16.0931340;-47.9822360;SPRF-DF;DEL01-DF;UOP01-DEL01-DF 
620330;"1388288   ";2024-08-10;sábado;12:33:00;GO;"40   ";"5,3  ";VALPARAISO DE GOIAS;Não;Condutor deixou de manter distância do veículo da frente;1;Colisão traseira;Com Vítimas Feridas;Pleno dia;Crescente;Céu Claro;Dupla;Reta;Sim  ;"1111586   ";Automóvel;VW/GOL 1.0L MC5;"2021      ";Condutor;Ileso;"45   ";Masculino;"1 ";"0    ";"0    ";"0    ";-16.0931340;-47.9822360;SPRF-DF;DEL01-DF;UOP01-DEL01-DF 
620330;"1388293   ";2024-08-10;sábado;12:33:00;GO;"40   ";"5,3  ";VALPARAISO DE GOIAS;Sim;Reação tardia ou ineficiente do condutor;1;Colisão traseira;Com Vítimas Feridas;Pleno dia;Crescente;Céu Claro;Dupla;Reta;Sim  ;"1111590   ";Motocicleta;HONDA/CG 160 FAN;"2024      ";Condutor;Lesões Leves;"22   ";Masculino;"0 ";"1    ";"0    ";"0    ";-16.0931340;-47.9822360;SPRF-DF;DEL01-DF;UOP01-DEL01-DF 
620330;"1388288   ";2024-08-10;sábado;12:33:00;GO;"40   ";"5,3  ";VALPARAISO DE GOIAS;Sim;Reação tardia ou ineficiente do condutor;1;Colisão traseira;Com Vítimas Feridas;Pleno dia;Crescente;Céu Claro;Dupla;Reta;Sim  ;"1111586   ";Automóvel;VW/GOL 1.0L MC5;"2021      ";Condutor;Ileso;"45   ";Masculino;"1 ";"0    ";"0    ";"0    ";-16.0931340;-47.9822360;SPRF-DF;DEL01-DF;UOP01-DEL01-DF 
620352;"1388542   ";2024-08-10;sábado;13:33:00;GO;"50   ";"114  ";CRISTALINA;Não;Condutor Dormindo;2;Saída de leito carroçável;Com Vítimas Feridas;Pleno dia;Crescente;Sol;Dupla;Reta;Não  ;"1111811   ";Caminhão;DAF/CF FAC 310;"2023      ";Condutor;Lesões Leves;"36   ";Masculino;"0 ";"1    ";"0    ";"0    ";-16.9309000;-47.7117000;SPRF-DF;DEL01-DF;UOP02-DEL01-DF 
620352;"1388542   ";2024-08-10;sábado;13:33:00;GO;"50   ";"114  ";CRISTALINA;Sim;Ausência de reação do condutor;2;Saída de leito carroçável;Com Vítimas Feridas;Pleno dia;Crescente;Sol;Dupla;Reta;Não  ;"1111811   ";Caminhão;DAF/CF FAC 310;"2023      ";Condutor;Lesões Leves;"36   ";Masculino;"0 ";"1    ";"0    ";"0    ";-16.9309000;-47.7117000;SPRF-DF;DEL01-DF;UOP02-DEL01-DF 
620352;"1388542   ";2024-08-10;sábado;13:33:00;GO;"50   ";"114  ";CRISTALINA;Não;Condutor Dormindo;1;Tombamento;Com Vítimas Feridas;Pleno dia;Crescente;Sol;Dupla;Reta;Não  ;"1111811   ";Caminhão;DAF/CF FAC 310;"2023      ";Condutor;Lesões Leves;"36   ";Masculino;"0 ";"1    ";"0    ";"0    ";-16.9309000;-47.7117000;SPRF-DF;DEL01-DF;UOP02-DEL01-DF 
620352;"1388542   ";2024-08-10;sábado;13:33:00;GO;"50   ";"114  ";CRISTALINA;Sim;Ausência de reação do condutor;1;Tombamento;Com Vítimas Feridas;Pleno dia;Crescente;Sol;Dupla;Reta;Não  ;"1111811   ";Caminhão;DAF/CF FAC 310;"2023      ";Condutor;Lesões Leves;"36   ";Masculino;"0 ";"1    ";"0    ";"0    ";-16.9309000;-47.7117000;SPRF-DF;DEL01-DF;UOP02-DEL01-DF 
620353;"1388459   ";2024-08-10;sábado;14:49:00;GO;"40   ";"132  ";CRISTALINA;Sim;Velocidade Incompatível;3;Capotamento;Com Vítimas Fatais;Pleno dia;Crescente;Céu Claro;Dupla;"Reta;Declive";Não  ;"1111746   ";Automóvel;I/RENAULT SYMBOL EXPR 16;"2009      ";Condutor;Óbito;"57   ";Masculino;"0 ";"0    ";"0    ";"1    ";-16.9254740;-47.3428700;SPRF-DF;DEL01-DF;UOP02-DEL01-DF 
620353;"1388459   ";2024-08-10;sábado;14:49:00;GO;"40   ";"132  ";CRISTALINA;Sim;Velocidade Incompatível;2;Colisão com objeto;Com Vítimas Fatais;Pleno dia;Crescente;Céu Claro;Dupla;"Reta;Declive";Não  ;"1111746   ";Automóvel;I/RENAULT SYMBOL EXPR 16;"2009      ";Condutor;Óbito;"57   ";Masculino;"0 ";"0    ";"0    ";"1    ";-16.9254740;-47.3428700;SPRF-DF;DEL01-DF;UOP02-DEL01-DF 
620353;"1388459   ";2024-08-10;sábado;14:49:00;GO;"40   ";"132  ";CRISTALINA;Sim;Velocidade Incompatível;1;Saída de leito carroçável;Com Vítimas Fatais;Pleno dia;Crescente;Céu Claro;Dupla;"Reta;Declive";Não  ;"1111746   ";Automóvel;I/RENAULT SYMBOL EXPR 16;"2009      ";Condutor;Óbito;"57   ";Masculino;"0 ";"0    ";"0    ";"1    ";-16.9254740;-47.3428700;SPRF-DF;DEL01-DF;UOP02-DEL01-DF 
620393;"1388526   ";2024-08-10;sábado;18:20:00;DF;"20   ";"4    ";BRASILIA;Não;Frear bruscamente;2;Saída de leito carroçável;Com Vítimas Feridas;Plena Noite;Decrescente;Céu Claro;Dupla;"Retorno Regulamentado;Reta";Sim  ;"1111799   ";Automóvel;VW/FOX 1.6 PLUS;"2008      ";Passageiro;Ileso;"24   ";Feminino;"1 ";"0    ";"0    ";"0    ";-15.6675235;-47.8115666;SPRF-DF;DEL02-DF;UOP01-DEL02-DF 
620393;"1388528   ";2024-08-10;sábado;18:20:00;DF;"20   ";"4    ";BRASILIA;Não;Frear bruscamente;2;Saída de leito carroçável;Com Vítimas Feridas;Plena Noite;Decrescente;Céu Claro;Dupla;"Retorno Regulamentado;Reta";Sim  ;"1111799   ";Automóvel;VW/FOX 1.6 PLUS;"2008      ";Passageiro;Lesões Graves;"58   ";Feminino;"0 ";"0    ";"1    ";"0    ";-15.6675235;-47.8115666;SPRF-DF;DEL02-DF;UOP01-DEL02-DF 
620393;"1388524   ";2024-08-10;sábado;18:20:00;DF;"20   ";"4    ";BRASILIA;Não;Frear bruscamente;2;Saída de leito carroçável;Com Vítimas Feridas;Plena Noite;Decrescente;Céu Claro;Dupla;"Retorno Regulamentado;Reta";Sim  ;"1111799   ";Automóvel;VW/FOX 1.6 PLUS;"2008      ";Passageiro;Ileso;"53   ";Feminino;"1 ";"0    ";"0    ";"0    ";-15.6675235;-47.8115666;SPRF-DF;DEL02-DF;UOP01-DEL02-DF 
620393;"1388522   ";2024-08-10;sábado;18:20:00;DF;"20   ";"4    ";BRASILIA;Não;Frear bruscamente;2;Saída de leito carroçável;Com Vítimas Feridas;Plena Noite;Decrescente;Céu Claro;Dupla;"Retorno Regulamentado;Reta";Sim  ;"1111799   ";Automóvel;VW/FOX 1.6 PLUS;"2008      ";Passageiro;Ileso;"75   ";Feminino;"1 ";"0    ";"0    ";"0    ";-15.6675235;-47.8115666;SPRF-DF;DEL02-DF;UOP01-DEL02-DF 
620393;"1388517   ";2024-08-10;sábado;18:20:00;DF;"20   ";"4    ";BRASILIA;Não;Frear bruscamente;2;Saída de leito carroçável;Com Vítimas Feridas;Plena Noite;Decrescente;Céu Claro;Dupla;"Retorno Regulamentado;Reta";Sim  ;"1111799   ";Automóvel;VW/FOX 1.6 PLUS;"2008      ";Condutor;Ileso;"52   ";Masculino;"1 ";"0    ";"0    ";"0    ";-15.6675235;-47.8115666;SPRF-DF;DEL02-DF;UOP01-DEL02-DF 
620393;"1388521   ";2024-08-10;sábado;18:20:00;DF;"20   ";"4    ";BRASILIA;Não;Frear bruscamente;2;Saída de leito carroçável;Com Vítimas Feridas;Plena Noite;Decrescente;Céu Claro;Dupla;"Retorno Regulamentado;Reta";Sim  ;"1111797   ";Automóvel;PEUGEOT/208 ACTIVE;"2013      ";Passageiro;Lesões Leves;"46   ";Feminino;"0 ";"1    ";"0    ";"0    ";-15.6675235;-47.8115666;SPRF-DF;DEL02-DF;UOP01-DEL02-DF 
620393;"1388514   ";2024-08-10;sábado;18:20:00;DF;"20   ";"4    ";BRASILIA;Não;Frear bruscamente;2;Saída de leito carroçável;Com Vítimas Feridas;Plena Noite;Decrescente;Céu Claro;Dupla;"Retorno Regulamentado;Reta";Sim  ;"1111797   ";Automóvel;PEUGEOT/208 ACTIVE;"2013      ";Condutor;Ileso;"27   ";Feminino;"1 ";"0    ";"0    ";"0    ";-15.6675235;-47.8115666;SPRF-DF;DEL02-DF;UOP01-DEL02-DF 