id;pesid;data_inversa;dia_semana;horario;uf;br;km;municipio;causa_principal;causa_acidente;ordem_tipo_acidente;tipo_acidente;classificacao_acidente;fase_dia;sentido_via;condicao_metereologica;tipo_pista;tracado_via;uso_solo;id_veiculo;tipo_veiculo;marca;ano_fabricacao_veiculo;tipo_envolvido;estado_fisico;idade;sexo;ilesos;feridos_leves;feridos_graves;mortos;latitude;longitude;regional;delegacia;uop
620393;"1388526   ";2024-08-10;sábado;18:20:00;DF;"20   ";"4    ";BRASILIA;Sim;Reação tardia ou ineficiente do condutor;2;Saída de leito carroçável;Com Vítimas Feridas;Plena Noite;Decrescente;Céu Claro;Dupla;"Retorno Regulamentado;Reta";Sim  ;"1111799   ";Automóvel;VW/FOX 1.6 PLUS;"2008      ";Passageiro;Ileso;"24   ";Feminino;"1 ";"0    ";"0    ";"0    ";-15.6675235;-47.8115666;SPRF-DF;DEL02-DF;UOP01-DEL02-DF 
620393;"1388528   ";2024-08-10;sábado;18:20:00;DF;"20   ";"4    ";BRASILIA;Sim;Reação tardia ou ineficiente do condutor;2;Saída de leito carroçável;Com Vítimas Feridas;Plena Noite;Decrescente;Céu Claro;Dupla;"Retorno Regulamentado;Reta";Sim  ;"1111799   ";Automóvel;VW/FOX 1.6 PLUS;"2008      ";Passageiro;Lesões Graves;"58   ";Feminino;"0 ";"0    ";"1    ";"0    ";-15.6675235;-47.8115666;SPRF-DF;DEL02-DF;UOP01-DEL02-DF 
620393;"1388524   ";2024-08-10;sábado;18:20:00;DF;"20   ";"4    ";BRASILIA;Sim;Reação tardia ou ineficiente do condutor;2;Saída de leito carroçável;Com Vítimas Feridas;Plena Noite;Decrescente;Céu Claro;Dupla;"Retorno Regulamentado;Reta";Sim  ;"1111799   ";Automóvel;VW/FOX 1.6 PLUS;"2008      ";Passageiro;Ileso;"53   ";Feminino;"1 ";"0    ";"0    ";"0    ";-15.6675235;-47.8115666;SPRF-DF;DEL02-DF;UOP01-DEL02-DF 
620393;"1388522   ";2024-08-10;sábado;18:20:00;DF;"20   ";"4    ";BRASILIA;Sim;Reação tardia ou ineficiente do condutor;2;Saída de leito carroçável;Com Vítimas Feridas;Plena Noite;Decrescente;Céu Claro;Dupla;"Retorno Regulamentado;Reta";Sim  ;"1111799   ";Automóvel;VW/FOX 1.6 PLUS;"2008      ";Passageiro;Ileso;"75   ";Feminino;"1 ";"0    ";"0    ";"0    ";-15.6675235;-47.8115666;SPRF-DF;DEL02-DF;UOP01-DEL02-DF 
620393;"1388517   ";2024-08-10;sábado;18:20:00;DF;"20   ";"4    ";BRASILIA;Sim;Reação tardia ou ineficiente do condutor;2;Saída de leito carroçável;Com Vítimas Feridas;Plena Noite;Decrescente;Céu Claro;Dupla;"Retorno Regulamentado;Reta";Sim  ;"1111799   ";Automóvel;VW/FOX 1.6 PLUS;"2008      ";Condutor;Ileso;"52   ";Masculino;"1 ";"0    ";"0    ";"0    ";-15.6675235;-47.8115666;SPRF-DF;DEL02-DF;UOP01-DEL02-DF 
620393;"1388521   ";2024-08-10;sábado;18:20:00;DF;"20   ";"4    ";BRASILIA;Sim;Reação tardia ou ineficiente do condutor;2;Saída de leito carroçável;Com Vítimas Feridas;Plena Noite;Decrescente;Céu Claro;Dupla;"Retorno Regulamentado;Reta";Sim  ;"1111797   ";Automóvel;PEUGEOT/208 ACTIVE;"2013      ";Passageiro;Lesões Leves;"46   ";Feminino;"0 ";"1    ";"0    ";"0    ";-15.6675235;-47.8115666;SPRF-DF;DEL02-DF;UOP01-DEL02-DF 
620393;"1388514   ";2024-08-10;sábado;18:20:00;DF;"20   ";"4    ";BRASILIA;Sim;Reação tardia ou ineficiente do condutor;2;Saída de leito carroçável;Com Vítimas Feridas;Plena Noite;Decrescente;Céu Claro;Dupla;"Retorno Regulamentado;Reta";Sim  ;"1111797   ";Automóvel;PEUGEOT/208 ACTIVE;"2013      ";Condutor;Ileso;"27   ";Feminino;"1 ";"0    ";"0    ";"0    ";-15.6675235;-47.8115666;SPRF-DF;DEL02-DF;UOP01-DEL02-DF 
620393;"1388526   ";2024-08-10;sábado;18:20:00;DF;"20   ";"4    ";BRASILIA;Não;Frear bruscamente;1;Colisão transversal;Com Vítimas Feridas;Plena Noite;Decrescente;Céu Claro;Dupla;"Retorno Regulamentado;Reta";Sim  ;"1111799   ";Automóvel;VW/FOX 1.6 PLUS;"2008      ";Passageiro;Ileso;"24   ";Feminino;"1 ";"0    ";"0    ";"0    ";-15.6675235;-47.8115666;SPRF-DF;DEL02-DF;UOP01-DEL02-DF 
620393;"1388528   ";2024-08-10;sábado;18:20:00;DF;"20   ";"4    ";BRASILIA;Não;Frear bruscamente;1;Colisão transversal;Com Vítimas Feridas;Plena Noite;Decrescente;Céu Claro;Dupla;"Retorno Regulamentado;Reta";Sim  ;"1111799   ";Automóvel;VW/FOX 1.6 PLUS;"2008      ";Passageiro;Lesões Graves;"58   ";Feminino;"0 ";"0    ";"1    ";"0    ";-15.6675235;-47.8115666;SPRF-DF;DEL02-DF;UOP01-DEL02-DF 
620393;"1388524   ";2024-08-10;sábado;18:20:00;DF;"20   ";"4    ";BRASILIA;Não;Frear bruscamente;1;Colisão transversal;Com Vítimas Feridas;Plena Noite;Decrescente;Céu Claro;Dupla;"Retorno Regulamentado;Reta";Sim  ;"1111799   ";Automóvel;VW/FOX 1.6 PLUS;"2008      ";Passageiro;Ileso;"53   ";Feminino;"1 ";"0    ";"0    ";"0    ";-15.6675235;-47.8115666;SPRF-DF;DEL02-DF;UOP01-DEL02-DF 
620393;"1388522   ";2024-08-10;sábado;18:20:00;DF;"20   ";"4    ";BRASILIA;Não;Frear bruscamente;1;Colisão transversal;Com Vítimas Feridas;Plena Noite;Decrescente;Céu Claro;Dupla;"Retorno Regulamentado;Reta";Sim  ;"1111799   ";Automóvel;VW/FOX 1.6 PLUS;"2008      ";Passageiro;Ileso;"75   ";Feminino;"1 ";"0    ";"0    ";"0    ";-15.6675235;-47.8115666;SPRF-DF;DEL02-DF;UOP01-DEL02-DF 
620393;"1388517   ";2024-08-10;sábado;18:20:00;DF;"20   ";"4    ";BRASILIA;Não;Frear bruscamente;1;Colisão transversal;Com Vítimas Feridas;Plena Noite;Decrescente;Céu Claro;Dupla;"Retorno Regulamentado;Reta";Sim  ;"1111799   ";Automóvel;VW/FOX 1.6 PLUS;"2008      ";Condutor;Ileso;"52   ";Masculino;"1 ";"0    ";"0    ";"0    ";-15.6675235;-47.8115666;SPRF-DF;DEL02-DF;UOP01-DEL02-DF 
620393;"1388521   ";2024-08-10;sábado;18:20:00;DF;"20   ";"4    ";BRASILIA;Não;Frear bruscamente;1;Colisão transversal;Com Vítimas Feridas;Plena Noite;Decrescente;Céu Claro;Dupla;"Retorno Regulamentado;Reta";Sim  ;"1111797   ";Automóvel;PEUGEOT/208 ACTIVE;"2013      ";Passageiro;Lesões Leves;"46   ";Feminino;"0 ";"1    ";"0    ";"0    ";-15.6675235;-47.8115666;SPRF-DF;DEL02-DF;UOP01-DEL02-DF 
620393;"1388514   ";2024-08-10;sábado;18:20:00;DF;"20   ";"4    ";BRASILIA;Não;Frear bruscamente;1;Colisão transversal;Com Vítimas Feridas;Plena Noite;Decrescente;Céu Claro;Dupla;"Retorno Regulamentado;Reta";Sim  ;"1111797   ";Automóvel;PEUGEOT/208 ACTIVE;"2013      ";Condutor;Ileso;"27   ";Feminino;"1 ";"0    ";"0    ";"0    ";-15.6675235;-47.8115666;SPRF-DF;DEL02-DF;UOP01-DEL02-DF 
620393;"1388526   ";2024-08-10;sábado;18:20:00;DF;"20   ";"4    ";BRASILIA;Sim;Reação tardia ou ineficiente do condutor;1;Colisão transversal;Com Vítimas Feridas;Plena Noite;Decrescente;Céu Claro;Dupla;"Retorno Regulamentado;Reta";Sim  ;"1111799   ";Automóvel;VW/FOX 1.6 PLUS;"2008      ";Passageiro;Ileso;"24   ";Feminino;"1 ";"0    ";"0    ";"0    ";-15.6675235;-47.8115666;SPRF-DF;DEL02-DF;UOP01-DEL02-DF 
620393;"1388528   ";2024-08-10;sábado;18:20:00;DF;"20   ";"4    ";BRASILIA;Sim;Reação tardia ou ineficiente do condutor;1;Colisão transversal;Com Vítimas Feridas;Plena Noite;Decrescente;Céu Claro;Dupla;"Retorno Regulamentado;Reta";Sim  ;"1111799   ";Automóvel;VW/FOX 1.6 PLUS;"2008      ";Passageiro;Lesões Graves;"58   ";Feminino;"0 ";"0    ";"1    ";"0    ";-15.6675235;-47.8115666;SPRF-DF;DEL02-DF;UOP01-DEL02-DF 
620393;"1388524   ";2024-08-10;sábado;18:20:00;DF;"20   ";"4    ";BRASILIA;Sim;Reação tardia ou ineficiente do condutor;1;Colisão transversal;Com Vítimas Feridas;Plena Noite;Decrescente;Céu Claro;Dupla;"Retorno Regulamentado;Reta";Sim  ;"1111799   ";Automóvel;VW/FOX 1.6 PLUS;"2008      ";Passageiro;Ileso;"53   ";Feminino;"1 ";"0    ";"0    ";"0    ";-15.6675235;-47.8115666;SPRF-DF;DEL02-DF;UOP01-DEL02-DF 
620393;"1388522   ";2024-08-10;sábado;18:20:00;DF;"20   ";"4    ";BRASILIA;Sim;Reação tardia ou ineficiente do condutor;1;Colisão transversal;Com Vítimas Feridas;Plena Noite;Decrescente;Céu Claro;Dupla;"Retorno Regulamentado;Reta";Sim  ;"1111799   ";Automóvel;VW/FOX 1.6 PLUS;"2008      ";Passageiro;Ileso;"75   ";Feminino;"1 ";"0    ";"0    ";"0    ";-15.6675235;-47.8115666;SPRF-DF;DEL02-DF;UOP01-DEL02-DF 
620393;"1388517   ";2024-08-10;sábado;18:20:00;DF;"20   ";"4    ";BRASILIA;Sim;Reação tardia ou ineficiente do condutor;1;Colisão transversal;Com Vítimas Feridas;Plena Noite;Decrescente;Céu Claro;Dupla;"Retorno Regulamentado;Reta";Sim  ;"1111799   ";Automóvel;VW/FOX 1.6 PLUS;"2008      ";Condutor;Ileso;"52   ";Masculino;"1 ";"0    ";"0    ";"0    ";-15.6675235;-47.8115666;SPRF-DF;DEL02-DF;UOP01-DEL02-DF 
620393;"1388521   ";2024-08-10;sábado;18:20:00;DF;"20   ";"4    ";BRASILIA;Sim;Reação tardia ou ineficiente do condutor;1;Colisão transversal;Com Vítimas Feridas;Plena Noite;Decrescente;Céu Claro;Dupla;"Retorno Regulamentado;Reta";Sim  ;"1111797   ";Automóvel;PEUGEOT/208 ACTIVE;"2013      ";Passageiro;Lesões Leves;"46   ";Feminino;"0 ";"1    ";"0    ";"0    ";-15.6675235;-47.8115666;SPRF-DF;DEL02-DF;UOP01-DEL02-DF 
620393;"1388514   ";2024-08-10;sábado;18:20:00;DF;"20   ";"4    ";BRASILIA;Sim;Reação tardia ou ineficiente do condutor;1;Colisão transversal;Com Vítimas Feridas;Plena Noite;Decrescente;Céu Claro;Dupla;"Retorno Regulamentado;Reta";Sim  ;"1111797   ";Automóvel;PEUGEOT/208 ACTIVE;"2013      ";Condutor;Ileso;"27   ";Feminino;"1 ";"0    ";"0    ";"0    ";-15.6675235;-47.8115666;SPRF-DF;DEL02-DF;UOP01-DEL02-DF 
620439;"1388579   ";2024-08-10;sábado;21:40:00;GO;"40   ";"1,6  ";VALPARAISO DE GOIAS;Sim;Reação tardia ou ineficiente do condutor;1;Colisão traseira;Sem Vítimas;Plena Noite;Decrescente;Céu Claro;Dupla;Reta;Sim  ;"1111840   ";Automóvel;HYUNDAI/HB20 1.0M COMFOR;"2015      ";Passageiro;Ileso;"51   ";Masculino;"1 ";"0    ";"0    ";"0    ";-16.0582450;-47.9828250;SPRF-DF;DEL01-DF;UOP01-DEL01-DF 
620439;"1388578   ";2024-08-10;sábado;21:40:00;GO;"40   ";"1,6  ";VALPARAISO DE GOIAS;Sim;Reação tardia ou ineficiente do condutor;1;Colisão traseira;Sem Vítimas;Plena Noite;Decrescente;Céu Claro;Dupla;Reta;Sim  ;"1111840   ";Automóvel;HYUNDAI/HB20 1.0M COMFOR;"2015      ";Condutor;Ileso;"41   ";Masculino;"1 ";"0    ";"0    ";"0    ";-16.0582450;-47.9828250;SPRF-DF;DEL01-DF;UOP01-DEL01-DF 
620439;"1388576   ";2024-08-10;sábado;21:40:00;GO;"40   ";"1,6  ";VALPARAISO DE GOIAS;Sim;Reação tardia ou ineficiente do condutor;1;Colisão traseira;Sem Vítimas;Plena Noite;Decrescente;Céu Claro;Dupla;Reta;Sim  ;"1111839   ";Caminhão;FORD/CARGO 815 E;"2007      ";Condutor;Ileso;"55   ";Masculino;"1 ";"0    ";"0    ";"0    ";-16.0582450;-47.9828250;SPRF-DF;DEL01-DF;UOP01-DEL01-DF 
620541;"1389340   ";2024-08-11;domingo;12:13:00;GO;"70   ";"2    ";AGUAS LINDAS DE GOIAS;Não;Ausência de reação do condutor;1;Colisão com objeto;Com Vítimas Feridas;Pleno dia;Decrescente;Céu Claro;Dupla;Reta;Sim  ;"1112331   ";Automóvel;HONDA/CIVIC LXS FLEX;"2008      ";Condutor;Lesões Leves;"25   ";Masculino;"0 ";"1    ";"0    ";"0    ";-15.7670210;-48.2299450;SPRF-DF;DEL03-DF;UOP02-DEL03-DF 
620541;"1389340   ";2024-08-11;domingo;12:13:00;GO;"70   ";"2    ";AGUAS LINDAS DE GOIAS;Sim;Velocidade Incompatível;1;Colisão com objeto;Com Vítimas Feridas;Pleno dia;Decrescente;Céu Claro;Dupla;Reta;Sim  ;"1112331   ";Automóvel;HONDA/CIVIC LXS FLEX;"2008      ";Condutor;Lesões Leves;"25   ";Masculino;"0 ";"1    ";"0    ";"0    ";-15.7670210;-48.2299450;SPRF-DF;DEL03-DF;UOP02-DEL03-DF 
620576;"1388950   ";2024-08-11;domingo;17:50:00;DF;"70   ";"15   ";BRASILIA;Sim;Ausência de reação do condutor;4;Saída de leito carroçável;Com Vítimas Feridas;Anoitecer;Crescente;Céu Claro;Dupla;Reta;Sim  ;"1112077   ";Automóvel;Não Informado/Não Informado;"0         ";Condutor;Não Informado;"0    ";Não Informado;"0 ";"0    ";"0    ";"0    ";-15.7988880;-48.1850430;SPRF-DF;DEL03-DF;UOP02-DEL03-DF 
620576;"1388949   ";2024-08-11;domingo;17:50:00;DF;"70   ";"15   ";BRASILIA;Sim;Ausência de reação do condutor;4;Saída de leito carroçável;Com Vítimas Feridas;Anoitecer;Crescente;Céu Claro;Dupla;Reta;Sim  ;"1112076   ";Motocicleta;HONDA/CG 150 TITAN ESD;"2008      ";Condutor;Lesões Leves;"29   ";Masculino;"0 ";"1    ";"0    ";"0    ";-15.7988880;-48.1850430;SPRF-DF;DEL03-DF;UOP02-DEL03-DF 
620576;"1388950   ";2024-08-11;domingo;17:50:00;DF;"70   ";"15   ";BRASILIA;Sim;Ausência de reação do condutor;3;Queda de ocupante de veículo;Com Vítimas Feridas;Anoitecer;Crescente;Céu Claro;Dupla;Reta;Sim  ;"1112077   ";Automóvel;Não Informado/Não Informado;"0         ";Condutor;Não Informado;"0    ";Não Informado;"0 ";"0    ";"0    ";"0    ";-15.7988880;-48.1850430;SPRF-DF;DEL03-DF;UOP02-DEL03-DF 
620576;"1388949   ";2024-08-11;domingo;17:50:00;DF;"70   ";"15   ";BRASILIA;Sim;Ausência de reação do condutor;3;Queda de ocupante de veículo;Com Vítimas Feridas;Anoitecer;Crescente;Céu Claro;Dupla;Reta;Sim  ;"1112076   ";Motocicleta;HONDA/CG 150 TITAN ESD;"2008      ";Condutor;Lesões Leves;"29   ";Masculino;"0 ";"1    ";"0    ";"0    ";-15.7988880;-48.1850430;SPRF-DF;DEL03-DF;UOP02-DEL03-DF 
620576;"1388950   ";2024-08-11;domingo;17:50:00;DF;"70   ";"15   ";BRASILIA;Sim;Ausência de reação do condutor;2;Capotamento;Com Vítimas Feridas;Anoitecer;Crescente;Céu Claro;Dupla;Reta;Sim  ;"1112077   ";Automóvel;Não Informado/Não Informado;"0         ";Condutor;Não Informado;"0    ";Não Informado;"0 ";"0    ";"0    ";"0    ";-15.7988880;-48.1850430;SPRF-DF;DEL03-DF;UOP02-DEL03-DF 
620576;"1388949   ";2024-08-11;domingo;17:50:00;DF;"70   ";"15   ";BRASILIA;Sim;Ausência de reação do condutor;2;Capotamento;Com Vítimas Feridas;Anoitecer;Crescente;Céu Claro;Dupla;Reta;Sim  ;"1112076   ";Motocicleta;HONDA/CG 150 TITAN ESD;"2008      ";Condutor;Lesões Leves;"29   ";Masculino;"0 ";"1    ";"0    ";"0    ";-15.7988880;-48.1850430;SPRF-DF;DEL03-DF;UOP02-DEL03-DF 
620576;"1388950   ";2024-08-11;domingo;17:50:00;DF;"70   ";"15   ";BRASILIA;Sim;Ausência de reação do condutor;1;Colisão traseira;Com Vítimas Feridas;Anoitecer;Crescente;Céu Claro;Dupla;Reta;Sim  ;"1112077   ";Automóvel;Não Informado/Não Informado;"0         ";Condutor;Não Informado;"0    ";Não Informado;"0 ";"0    ";"0    ";"0    ";-15.7988880;-48.1850430;SPRF-DF;DEL03-DF;UOP02-DEL03-DF 
620576;"1388949   ";2024-08-11;domingo;17:50:00;DF;"70   ";"15   ";BRASILIA;Sim;Ausência de reação do condutor;1;Colisão traseira;Com Vítimas Feridas;Anoitecer;Crescente;Céu Claro;Dupla;Reta;Sim  ;"1112076   ";Motocicleta;HONDA/CG 150 TITAN ESD;"2008      ";Condutor;Lesões Leves;"29   ";Masculino;"0 ";"1    ";"0    ";"0    ";-15.7988880;-48.1850430;SPRF-DF;DEL03-DF;UOP02-DEL03-DF 
620603;"1395315   ";2024-08-11;domingo;18:00:00;DF;"80   ";"32,2 ";BRASILIA;Não;Restrição de visibilidade em curvas verticais;4;Saída de leito carroçável;Com Vítimas Fatais;Plena Noite;Crescente;Céu Claro;Simples;Curva;Não  ;"1112183   ";Automóvel;FIAT/PALIO FIRE ECONOMY;"2009      ";Passageiro;Lesões Leves;"3    ";Masculino;"0 ";"1    ";"0    ";"0    ";-15.5740780;-48.1918490;SPRF-DF;DEL03-DF;UOP02-DEL03-DF 
620603;"1395314   ";2024-08-11;domingo;18:00:00;DF;"80   ";"32,2 ";BRASILIA;Não;Restrição de visibilidade em curvas verticais;4;Saída de leito carroçável;Com Vítimas Fatais;Plena Noite;Crescente;Céu Claro;Simples;Curva;Não  ;"1112183   ";Automóvel;FIAT/PALIO FIRE ECONOMY;"2009      ";Passageiro;Lesões Leves;"6    ";Feminino;"0 ";"1    ";"0    ";"0    ";-15.5740780;-48.1918490;SPRF-DF;DEL03-DF;UOP02-DEL03-DF 
620603;"1395313   ";2024-08-11;domingo;18:00:00;DF;"80   ";"32,2 ";BRASILIA;Não;Restrição de visibilidade em curvas verticais;4;Saída de leito carroçável;Com Vítimas Fatais;Plena Noite;Crescente;Céu Claro;Simples;Curva;Não  ;"1112183   ";Automóvel;FIAT/PALIO FIRE ECONOMY;"2009      ";Passageiro;Lesões Leves;"31   ";Feminino;"0 ";"1    ";"0    ";"0    ";-15.5740780;-48.1918490;SPRF-DF;DEL03-DF;UOP02-DEL03-DF 
620603;"1389116   ";2024-08-11;domingo;18:00:00;DF;"80   ";"32,2 ";BRASILIA;Não;Restrição de visibilidade em curvas verticais;4;Saída de leito carroçável;Com Vítimas Fatais;Plena Noite;Crescente;Céu Claro;Simples;Curva;Não  ;"1112183   ";Automóvel;FIAT/PALIO FIRE ECONOMY;"2009      ";Condutor;Lesões Leves;"59   ";Masculino;"0 ";"1    ";"0    ";"0    ";-15.5740780;-48.1918490;SPRF-DF;DEL03-DF;UOP02-DEL03-DF 
620603;"1389114   ";2024-08-11;domingo;18:00:00;DF;"80   ";"32,2 ";BRASILIA;Não;Restrição de visibilidade em curvas verticais;4;Saída de leito carroçável;Com Vítimas Fatais;Plena Noite;Crescente;Céu Claro;Simples;Curva;Não  ;"1112182   ";Motocicleta;HONDA/CG 125 TITAN KS;"2000      ";Condutor;Óbito;"56   ";Masculino;"0 ";"0    ";"0    ";"1    ";-15.5740780;-48.1918490;SPRF-DF;DEL03-DF;UOP02-DEL03-DF 
620603;"1395315   ";2024-08-11;domingo;18:00:00;DF;"80   ";"32,2 ";BRASILIA;Sim;Ultrapassagem Indevida;4;Saída de leito carroçável;Com Vítimas Fatais;Plena Noite;Crescente;Céu Claro;Simples;Curva;Não  ;"1112183   ";Automóvel;FIAT/PALIO FIRE ECONOMY;"2009      ";Passageiro;Lesões Leves;"3    ";Masculino;"0 ";"1    ";"0    ";"0    ";-15.5740780;-48.1918490;SPRF-DF;DEL03-DF;UOP02-DEL03-DF 
620603;"1395314   ";2024-08-11;domingo;18:00:00;DF;"80   ";"32,2 ";BRASILIA;Sim;Ultrapassagem Indevida;4;Saída de leito carroçável;Com Vítimas Fatais;Plena Noite;Crescente;Céu Claro;Simples;Curva;Não  ;"1112183   ";Automóvel;FIAT/PALIO FIRE ECONOMY;"2009      ";Passageiro;Lesões Leves;"6    ";Feminino;"0 ";"1    ";"0    ";"0    ";-15.5740780;-48.1918490;SPRF-DF;DEL03-DF;UOP02-DEL03-DF 
620603;"1395313   ";2024-08-11;domingo;18:00:00;DF;"80   ";"32,2 ";BRASILIA;Sim;Ultrapassagem Indevida;4;Saída de leito carroçável;Com Vítimas Fatais;Plena Noite;Crescente;Céu Claro;Simples;Curva;Não  ;"1112183   ";Automóvel;FIAT/PALIO FIRE ECONOMY;"2009      ";Passageiro;Lesões Leves;"31   ";Feminino;"0 ";"1    ";"0    ";"0    ";-15.5740780;-48.1918490;SPRF-DF;DEL03-DF;UOP02-DEL03-DF 
620603;"1389116   ";2024-08-11;domingo;18:00:00;DF;"80   ";"32,2 ";BRASILIA;Sim;Ultrapassagem Indevida;4;Saída de leito carroçável;Com Vítimas Fatais;Plena Noite;Crescente;Céu Claro;Simples;Curva;Não  ;"1112183   ";Automóvel;FIAT/PALIO FIRE ECONOMY;"2009      ";Condutor;Lesões Leves;"59   ";Masculino;"0 ";"1    ";"0    ";"0    ";-15.5740780;-48.1918490;SPRF-DF;DEL03-DF;UOP02-DEL03-DF 
620603;"1389114   ";2024-08-11;domingo;18:00:00;DF;"80   ";"32,2 ";BRASILIA;Sim;Ultrapassagem Indevida;4;Saída de leito carroçável;Com Vítimas Fatais;Plena Noite;Crescente;Céu Claro;Simples;Curva;Não  ;"1112182   ";Motocicleta;HONDA/CG 125 TITAN KS;"2000      ";Condutor;Óbito;"56   ";Masculino;"0 ";"0    ";"0    ";"1    ";-15.5740780;-48.1918490;SPRF-DF;DEL03-DF;UOP02-DEL03-DF 
620603;"1395315   ";2024-08-11;domingo;18:00:00;DF;"80   ";"32,2 ";BRASILIA;Não;Restrição de visibilidade em curvas verticais;3;Queda de ocupante de veículo;Com Vítimas Fatais;Plena Noite;Crescente;Céu Claro;Simples;Curva;Não  ;"1112183   ";Automóvel;FIAT/PALIO FIRE ECONOMY;"2009      ";Passageiro;Lesões Leves;"3    ";Masculino;"0 ";"1    ";"0    ";"0    ";-15.5740780;-48.1918490;SPRF-DF;DEL03-DF;UOP02-DEL03-DF 
620603;"1395314   ";2024-08-11;domingo;18:00:00;DF;"80   ";"32,2 ";BRASILIA;Não;Restrição de visibilidade em curvas verticais;3;Queda de ocupante de veículo;Com Vítimas Fatais;Plena Noite;Crescente;Céu Claro;Simples;Curva;Não  ;"1112183   ";Automóvel;FIAT/PALIO FIRE ECONOMY;"2009      ";Passageiro;Lesões Leves;"6    ";Feminino;"0 ";"1    ";"0    ";"0    ";-15.5740780;-48.1918490;SPRF-DF;DEL03-DF;UOP02-DEL03-DF 
620603;"1395313   ";2024-08-11;domingo;18:00:00;DF;"80   ";"32,2 ";BRASILIA;Não;Restrição de visibilidade em curvas verticais;3;Queda de ocupante de veículo;Com Vítimas Fatais;Plena Noite;Crescente;Céu Claro;Simples;Curva;Não  ;"1112183   ";Automóvel;FIAT/PALIO FIRE ECONOMY;"2009      ";Passageiro;Lesões Leves;"31   ";Feminino;"0 ";"1    ";"0    ";"0    ";-15.5740780;-48.1918490;SPRF-DF;DEL03-DF;UOP02-DEL03-DF 
620603;"1389116   ";2024-08-11;domingo;18:00:00;DF;"80   ";"32,2 ";BRASILIA;Não;Restrição de visibilidade em curvas verticais;3;Queda de ocupante de veículo;Com Vítimas Fatais;Plena Noite;Crescente;Céu Claro;Simples;Curva;Não  ;"1112183   ";Automóvel;FIAT/PALIO FIRE ECONOMY;"2009      ";Condutor;Lesões Leves;"59   ";Masculino;"0 ";"1    ";"0    ";"0    ";-15.5740780;-48.1918490;SPRF-DF;DEL03-DF;UOP02-DEL03-DF 
620603;"1389114   ";2024-08-11;domingo;18:00:00;DF;"80   ";"32,2 ";BRASILIA;Não;Restrição de visibilidade em curvas verticais;3;Queda de ocupante de veículo;Com Vítimas Fatais;Plena Noite;Crescente;Céu Claro;Simples;Curva;Não  ;"1112182   ";Motocicleta;HONDA/CG 125 TITAN KS;"2000      ";Condutor;Óbito;"56   ";Masculino;"0 ";"0    ";"0    ";"1    ";-15.5740780;-48.1918490;SPRF-DF;DEL03-DF;UOP02-DEL03-DF 
620603;"1395315   ";2024-08-11;domingo;18:00:00;DF;"80   ";"32,2 ";BRASILIA;Sim;Ultrapassagem Indevida;3;Queda de ocupante de veículo;Com Vítimas Fatais;Plena Noite;Crescente;Céu Claro;Simples;Curva;Não  ;"1112183   ";Automóvel;FIAT/PALIO FIRE ECONOMY;"2009      ";Passageiro;Lesões Leves;"3    ";Masculino;"0 ";"1    ";"0    ";"0    ";-15.5740780;-48.1918490;SPRF-DF;DEL03-DF;UOP02-DEL03-DF 
620603;"1395314   ";2024-08-11;domingo;18:00:00;DF;"80   ";"32,2 ";BRASILIA;Sim;Ultrapassagem Indevida;3;Queda de ocupante de veículo;Com Vítimas Fatais;Plena Noite;Crescente;Céu Claro;Simples;Curva;Não  ;"1112183   ";Automóvel;FIAT/PALIO FIRE ECONOMY;"2009      ";Passageiro;Lesões Leves;"6    ";Feminino;"0 ";"1    ";"0    ";"0    ";-15.5740780;-48.1918490;SPRF-DF;DEL03-DF;UOP02-DEL03-DF 
620603;"1395313   ";2024-08-11;domingo;18:00:00;DF;"80   ";"32,2 ";BRASILIA;Sim;Ultrapassagem Indevida;3;Queda de ocupante de veículo;Com Vítimas Fatais;Plena Noite;Crescente;Céu Claro;Simples;Curva;Não  ;"1112183   ";Automóvel;FIAT/PALIO FIRE ECONOMY;"2009      ";Passageiro;Lesões Leves;"31   ";Feminino;"0 ";"1    ";"0    ";"0    ";-15.5740780;-48.1918490;SPRF-DF;DEL03-DF;UOP02-DEL03-DF 
620603;"1389116   ";2024-08-11;domingo;18:00:00;DF;"80   ";"32,2 ";BRASILIA;Sim;Ultrapassagem Indevida;3;Queda de ocupante de veículo;Com Vítimas Fatais;Plena Noite;Crescente;Céu Claro;Simples;Curva;Não  ;"1112183   ";Automóvel;FIAT/PALIO FIRE ECONOMY;"2009      ";Condutor;Lesões Leves;"59   ";Masculino;"0 ";"1    ";"0    ";"0    ";-15.5740780;-48.1918490;SPRF-DF;DEL03-DF;UOP02-DEL03-DF 
620603;"1389114   ";2024-08-11;domingo;18:00:00;DF;"80   ";"32,2 ";BRASILIA;Sim;Ultrapassagem Indevida;3;Queda de ocupante de veículo;Com Vítimas Fatais;Plena Noite;Crescente;Céu Claro;Simples;Curva;Não  ;"1112182   ";Motocicleta;HONDA/CG 125 TITAN KS;"2000      ";Condutor;Óbito;"56   ";Masculino;"0 ";"0    ";"0    ";"1    ";-15.5740780;-48.1918490;SPRF-DF;DEL03-DF;UOP02-DEL03-DF 