id;pesid;data_inversa;dia_semana;horario;uf;br;km;municipio;causa_principal;causa_acidente;ordem_tipo_acidente;tipo_acidente;classificacao_acidente;fase_dia;sentido_via;condicao_metereologica;tipo_pista;tracado_via;uso_solo;id_veiculo;tipo_veiculo;marca;ano_fabricacao_veiculo;tipo_envolvido;estado_fisico;idade;sexo;ilesos;feridos_leves;feridos_graves;mortos;latitude;longitude;regional;delegacia;uop
620603;"1395315   ";2024-08-11;domingo;18:00:00;DF;"80   ";"32,2 ";BRASILIA;Não;Restrição de visibilidade em curvas verticais;2;Tombamento;Com Vítimas Fatais;Plena Noite;Crescente;Céu Claro;Simples;Curva;Não  ;"1112183   ";Automóvel;FIAT/PALIO FIRE ECONOMY;"2009      ";Passageiro;Lesões Leves;"3    ";Masculino;"0 ";"1    ";"0    ";"0    ";-15.5740780;-48.1918490;SPRF-DF;DEL03-DF;UOP02-DEL03-DF 
620603;"1395314   ";2024-08-11;domingo;18:00:00;DF;"80   ";"32,2 ";BRASILIA;Não;Restrição de visibilidade em curvas verticais;2;Tombamento;Com Vítimas Fatais;Plena Noite;Crescente;Céu Claro;Simples;Curva;Não  ;"1112183   ";Automóvel;FIAT/PALIO FIRE ECONOMY;"2009      ";Passageiro;Lesões Leves;"6    ";Feminino;"0 ";"1    ";"0    ";"0    ";-15.5740780;-48.1918490;SPRF-DF;DEL03-DF;UOP02-DEL03-DF 
620603;"1395313   ";2024-08-11;domingo;18:00:00;DF;"80   ";"32,2 ";BRASILIA;Não;Restrição de visibilidade em curvas verticais;2;Tombamento;Com Vítimas Fatais;Plena Noite;Crescente;Céu Claro;Simples;Curva;Não  ;"1112183   ";Automóvel;FIAT/PALIO FIRE ECONOMY;"2009      ";Passageiro;Lesões Leves;"31   ";Feminino;"0 ";"1    ";"0    ";"0    ";-15.5740780;-48.1918490;SPRF-DF;DEL03-DF;UOP02-DEL03-DF 
620603;"1389116   ";2024-08-11;domingo;18:00:00;DF;"80   ";"32,2 ";BRASILIA;Não;Restrição de visibilidade em curvas verticais;2;Tombamento;Com Vítimas Fatais;Plena Noite;Crescente;Céu Claro;Simples;Curva;Não  ;"1112183   ";Automóvel;FIAT/PALIO FIRE ECONOMY;"2009      ";Condutor;Lesões Leves;"59   ";Masculino;"0 ";"1    ";"0    ";"0    ";-15.5740780;-48.1918490;SPRF-DF;DEL03-DF;UOP02-DEL03-DF 
620603;"1389114   ";2024-08-11;domingo;18:00:00;DF;"80   ";"32,2 ";BRASILIA;Não;Restrição de visibilidade em curvas verticais;2;Tombamento;Com Vítimas Fatais;Plena Noite;Crescente;Céu Claro;Simples;Curva;Não  ;"1112182   ";Motocicleta;HONDA/CG 125 TITAN KS;"2000      ";Condutor;Óbito;"56   ";Masculino;"0 ";"0    ";"0    ";"1    ";-15.5740780;-48.1918490;SPRF-DF;DEL03-DF;UOP02-DEL03-DF 
620603;"1395315   ";2024-08-11;domingo;18:00:00;DF;"80   ";"32,2 ";BRASILIA;Sim;Ultrapassagem Indevida;2;Tombamento;Com Vítimas Fatais;Plena Noite;Crescente;Céu Claro;Simples;Curva;Não  ;"1112183   ";Automóvel;FIAT/PALIO FIRE ECONOMY;"2009      ";Passageiro;Lesões Leves;"3    ";Masculino;"0 ";"1    ";"0    ";"0    ";-15.5740780;-48.1918490;SPRF-DF;DEL03-DF;UOP02-DEL03-DF 
620603;"1395314   ";2024-08-11;domingo;18:00:00;DF;"80   ";"32,2 ";BRASILIA;Sim;Ultrapassagem Indevida;2;Tombamento;Com Vítimas Fatais;Plena Noite;Crescente;Céu Claro;Simples;Curva;Não  ;"1112183   ";Automóvel;FIAT/PALIO FIRE ECONOMY;"2009      ";Passageiro;Lesões Leves;"6    ";Feminino;"0 ";"1    ";"0    ";"0    ";-15.5740780;-48.1918490;SPRF-DF;DEL03-DF;UOP02-DEL03-DF 
620603;"1395313   ";2024-08-11;domingo;18:00:00;DF;"80   ";"32,2 ";BRASILIA;Sim;Ultrapassagem Indevida;2;Tombamento;Com Vítimas Fatais;Plena Noite;Crescente;Céu Claro;Simples;Curva;Não  ;"1112183   ";Automóvel;FIAT/PALIO FIRE ECONOMY;"2009      ";Passageiro;Lesões Leves;"31   ";Feminino;"0 ";"1    ";"0    ";"0    ";-15.5740780;-48.1918490;SPRF-DF;DEL03-DF;UOP02-DEL03-DF 
620603;"1389116   ";2024-08-11;domingo;18:00:00;DF;"80   ";"32,2 ";BRASILIA;Sim;Ultrapassagem Indevida;2;Tombamento;Com Vítimas Fatais;Plena Noite;Crescente;Céu Claro;Simples;Curva;Não  ;"1112183   ";Automóvel;FIAT/PALIO FIRE ECONOMY;"2009      ";Condutor;Lesões Leves;"59   ";Masculino;"0 ";"1    ";"0    ";"0    ";-15.5740780;-48.1918490;SPRF-DF;DEL03-DF;UOP02-DEL03-DF 
620603;"1389114   ";2024-08-11;domingo;18:00:00;DF;"80   ";"32,2 ";BRASILIA;Sim;Ultrapassagem Indevida;2;Tombamento;Com Vítimas Fatais;Plena Noite;Crescente;Céu Claro;Simples;Curva;Não  ;"1112182   ";Motocicleta;HONDA/CG 125 TITAN KS;"2000      ";Condutor;Óbito;"56   ";Masculino;"0 ";"0    ";"0    ";"1    ";-15.5740780;-48.1918490;SPRF-DF;DEL03-DF;UOP02-DEL03-DF 
620603;"1395315   ";2024-08-11;domingo;18:00:00;DF;"80   ";"32,2 ";BRASILIA;Não;Restrição de visibilidade em curvas verticais;1;Colisão frontal;Com Vítimas Fatais;Plena Noite;Crescente;Céu Claro;Simples;Curva;Não  ;"1112183   ";Automóvel;FIAT/PALIO FIRE ECONOMY;"2009      ";Passageiro;Lesões Leves;"3    ";Masculino;"0 ";"1    ";"0    ";"0    ";-15.5740780;-48.1918490;SPRF-DF;DEL03-DF;UOP02-DEL03-DF 
620603;"1395314   ";2024-08-11;domingo;18:00:00;DF;"80   ";"32,2 ";BRASILIA;Não;Restrição de visibilidade em curvas verticais;1;Colisão frontal;Com Vítimas Fatais;Plena Noite;Crescente;Céu Claro;Simples;Curva;Não  ;"1112183   ";Automóvel;FIAT/PALIO FIRE ECONOMY;"2009      ";Passageiro;Lesões Leves;"6    ";Feminino;"0 ";"1    ";"0    ";"0    ";-15.5740780;-48.1918490;SPRF-DF;DEL03-DF;UOP02-DEL03-DF 
620603;"1395313   ";2024-08-11;domingo;18:00:00;DF;"80   ";"32,2 ";BRASILIA;Não;Restrição de visibilidade em curvas verticais;1;Colisão frontal;Com Vítimas Fatais;Plena Noite;Crescente;Céu Claro;Simples;Curva;Não  ;"1112183   ";Automóvel;FIAT/PALIO FIRE ECONOMY;"2009      ";Passageiro;Lesões Leves;"31   ";Feminino;"0 ";"1    ";"0    ";"0    ";-15.5740780;-48.1918490;SPRF-DF;DEL03-DF;UOP02-DEL03-DF 
620603;"1389116   ";2024-08-11;domingo;18:00:00;DF;"80   ";"32,2 ";BRASILIA;Não;Restrição de visibilidade em curvas verticais;1;Colisão frontal;Com Vítimas Fatais;Plena Noite;Crescente;Céu Claro;Simples;Curva;Não  ;"1112183   ";Automóvel;FIAT/PALIO FIRE ECONOMY;"2009      ";Condutor;Lesões Leves;"59   ";Masculino;"0 ";"1    ";"0    ";"0    ";-15.5740780;-48.1918490;SPRF-DF;DEL03-DF;UOP02-DEL03-DF 
620603;"1389114   ";2024-08-11;domingo;18:00:00;DF;"80   ";"32,2 ";BRASILIA;Não;Restrição de visibilidade em curvas verticais;1;Colisão frontal;Com Vítimas Fatais;Plena Noite;Crescente;Céu Claro;Simples;Curva;Não  ;"1112182   ";Motocicleta;HONDA/CG 125 TITAN KS;"2000      ";Condutor;Óbito;"56   ";Masculino;"0 ";"0    ";"0    ";"1    ";-15.5740780;-48.1918490;SPRF-DF;DEL03-DF;UOP02-DEL03-DF 
620603;"1395315   ";2024-08-11;domingo;18:00:00;DF;"80   ";"32,2 ";BRASILIA;Sim;Ultrapassagem Indevida;1;Colisão frontal;Com Vítimas Fatais;Plena Noite;Crescente;Céu Claro;Simples;Curva;Não  ;"1112183   ";Automóvel;FIAT/PALIO FIRE ECONOMY;"2009      ";Passageiro;Lesões Leves;"3    ";Masculino;"0 ";"1    ";"0    ";"0    ";-15.5740780;-48.1918490;SPRF-DF;DEL03-DF;UOP02-DEL03-DF 
620603;"1395314   ";2024-08-11;domingo;18:00:00;DF;"80   ";"32,2 ";BRASILIA;Sim;Ultrapassagem Indevida;1;Colisão frontal;Com Vítimas Fatais;Plena Noite;Crescente;Céu Claro;Simples;Curva;Não  ;"1112183   ";Automóvel;FIAT/PALIO FIRE ECONOMY;"2009      ";Passageiro;Lesões Leves;"6    ";Feminino;"0 ";"1    ";"0    ";"0    ";-15.5740780;-48.1918490;SPRF-DF;DEL03-DF;UOP02-DEL03-DF 
620603;"1395313   ";2024-08-11;domingo;18:00:00;DF;"80   ";"32,2 ";BRASILIA;Sim;Ultrapassagem Indevida;1;Colisão frontal;Com Vítimas Fatais;Plena Noite;Crescente;Céu Claro;Simples;Curva;Não  ;"1112183   ";Automóvel;FIAT/PALIO FIRE ECONOMY;"2009      ";Passageiro;Lesões Leves;"31   ";Feminino;"0 ";"1    ";"0    ";"0    ";-15.5740780;-48.1918490;SPRF-DF;DEL03-DF;UOP02-DEL03-DF 
620603;"1389116   ";2024-08-11;domingo;18:00:00;DF;"80   ";"32,2 ";BRASILIA;Sim;Ultrapassagem Indevida;1;Colisão frontal;Com Vítimas Fatais;Plena Noite;Crescente;Céu Claro;Simples;Curva;Não  ;"1112183   ";Automóvel;FIAT/PALIO FIRE ECONOMY;"2009      ";Condutor;Lesões Leves;"59   ";Masculino;"0 ";"1    ";"0    ";"0    ";-15.5740780;-48.1918490;SPRF-DF;DEL03-DF;UOP02-DEL03-DF 
620603;"1389114   ";2024-08-11;domingo;18:00:00;DF;"80   ";"32,2 ";BRASILIA;Sim;Ultrapassagem Indevida;1;Colisão frontal;Com Vítimas Fatais;Plena Noite;Crescente;Céu Claro;Simples;Curva;Não  ;"1112182   ";Motocicleta;HONDA/CG 125 TITAN KS;"2000      ";Condutor;Óbito;"56   ";Masculino;"0 ";"0    ";"0    ";"1    ";-15.5740780;-48.1918490;SPRF-DF;DEL03-DF;UOP02-DEL03-DF 
620611;"1389262   ";2024-08-11;domingo;19:40:00;GO;"414  ";"304,9";VILA PROPICIO;Sim;Manobra de mudança de faixa;1;Colisão traseira;Com Vítimas Feridas;Plena Noite;Crescente;Céu Claro;Simples;Reta;Não  ;"1112280   ";Caminhonete;Não Informado/Não Informado;"0         ";Condutor;Não Informado;"0    ";Não Informado;"0 ";"0    ";"0    ";"0    ";-15.2009170;-48.7018581;SPRF-GO;DEL02-GO;UOP01-DEL02-GO 
620611;"1389261   ";2024-08-11;domingo;19:40:00;GO;"414  ";"304,9";VILA PROPICIO;Sim;Manobra de mudança de faixa;1;Colisão traseira;Com Vítimas Feridas;Plena Noite;Crescente;Céu Claro;Simples;Reta;Não  ;"1112277   ";Motocicleta;HONDA/CG 125 TITAN ES;"2002      ";Condutor;Lesões Graves;"39   ";Feminino;"0 ";"0    ";"1    ";"0    ";-15.2009170;-48.7018581;SPRF-GO;DEL02-GO;UOP01-DEL02-GO 
620728;"1389482   ";2024-08-12;segunda-feira;06:50:00;DF;"20   ";"3,9  ";BRASILIA;Sim;Condutor Dormindo;4;Capotamento;Com Vítimas Feridas;Amanhecer;Crescente;Céu Claro;Dupla;"Declive;Reta";Sim  ;"1112432   ";Automóvel;NISSAN/MARCH 10S;"2016      ";Condutor;Ileso;"43   ";Masculino;"1 ";"0    ";"0    ";"0    ";-15.6798510;-47.8322110;SPRF-DF;DEL02-DF;UOP01-DEL02-DF 
620728;"1389485   ";2024-08-12;segunda-feira;06:50:00;DF;"20   ";"3,9  ";BRASILIA;Sim;Condutor Dormindo;4;Capotamento;Com Vítimas Feridas;Amanhecer;Crescente;Céu Claro;Dupla;"Declive;Reta";Sim  ;"1112432   ";Automóvel;NISSAN/MARCH 10S;"2016      ";Passageiro;Ileso;"21   ";Masculino;"1 ";"0    ";"0    ";"0    ";-15.6798510;-47.8322110;SPRF-DF;DEL02-DF;UOP01-DEL02-DF 
620728;"1389477   ";2024-08-12;segunda-feira;06:50:00;DF;"20   ";"3,9  ";BRASILIA;Sim;Condutor Dormindo;4;Capotamento;Com Vítimas Feridas;Amanhecer;Crescente;Céu Claro;Dupla;"Declive;Reta";Sim  ;"1112429   ";Automóvel;TOYOTA/ETIOS SD XLS15 AT;"2017      ";Passageiro;Ileso;"75   ";Masculino;"1 ";"0    ";"0    ";"0    ";-15.6798510;-47.8322110;SPRF-DF;DEL02-DF;UOP01-DEL02-DF 
620728;"1389472   ";2024-08-12;segunda-feira;06:50:00;DF;"20   ";"3,9  ";BRASILIA;Sim;Condutor Dormindo;4;Capotamento;Com Vítimas Feridas;Amanhecer;Crescente;Céu Claro;Dupla;"Declive;Reta";Sim  ;"1112429   ";Automóvel;TOYOTA/ETIOS SD XLS15 AT;"2017      ";Passageiro;Lesões Leves;"64   ";Feminino;"0 ";"1    ";"0    ";"0    ";-15.6798510;-47.8322110;SPRF-DF;DEL02-DF;UOP01-DEL02-DF 
620728;"1389469   ";2024-08-12;segunda-feira;06:50:00;DF;"20   ";"3,9  ";BRASILIA;Sim;Condutor Dormindo;4;Capotamento;Com Vítimas Feridas;Amanhecer;Crescente;Céu Claro;Dupla;"Declive;Reta";Sim  ;"1112429   ";Automóvel;TOYOTA/ETIOS SD XLS15 AT;"2017      ";Condutor;Ileso;"29   ";Masculino;"1 ";"0    ";"0    ";"0    ";-15.6798510;-47.8322110;SPRF-DF;DEL02-DF;UOP01-DEL02-DF 
620728;"1389482   ";2024-08-12;segunda-feira;06:50:00;DF;"20   ";"3,9  ";BRASILIA;Sim;Condutor Dormindo;3;Colisão com objeto;Com Vítimas Feridas;Amanhecer;Crescente;Céu Claro;Dupla;"Declive;Reta";Sim  ;"1112432   ";Automóvel;NISSAN/MARCH 10S;"2016      ";Condutor;Ileso;"43   ";Masculino;"1 ";"0    ";"0    ";"0    ";-15.6798510;-47.8322110;SPRF-DF;DEL02-DF;UOP01-DEL02-DF 
620728;"1389485   ";2024-08-12;segunda-feira;06:50:00;DF;"20   ";"3,9  ";BRASILIA;Sim;Condutor Dormindo;3;Colisão com objeto;Com Vítimas Feridas;Amanhecer;Crescente;Céu Claro;Dupla;"Declive;Reta";Sim  ;"1112432   ";Automóvel;NISSAN/MARCH 10S;"2016      ";Passageiro;Ileso;"21   ";Masculino;"1 ";"0    ";"0    ";"0    ";-15.6798510;-47.8322110;SPRF-DF;DEL02-DF;UOP01-DEL02-DF 
620728;"1389477   ";2024-08-12;segunda-feira;06:50:00;DF;"20   ";"3,9  ";BRASILIA;Sim;Condutor Dormindo;3;Colisão com objeto;Com Vítimas Feridas;Amanhecer;Crescente;Céu Claro;Dupla;"Declive;Reta";Sim  ;"1112429   ";Automóvel;TOYOTA/ETIOS SD XLS15 AT;"2017      ";Passageiro;Ileso;"75   ";Masculino;"1 ";"0    ";"0    ";"0    ";-15.6798510;-47.8322110;SPRF-DF;DEL02-DF;UOP01-DEL02-DF 
620728;"1389472   ";2024-08-12;segunda-feira;06:50:00;DF;"20   ";"3,9  ";BRASILIA;Sim;Condutor Dormindo;3;Colisão com objeto;Com Vítimas Feridas;Amanhecer;Crescente;Céu Claro;Dupla;"Declive;Reta";Sim  ;"1112429   ";Automóvel;TOYOTA/ETIOS SD XLS15 AT;"2017      ";Passageiro;Lesões Leves;"64   ";Feminino;"0 ";"1    ";"0    ";"0    ";-15.6798510;-47.8322110;SPRF-DF;DEL02-DF;UOP01-DEL02-DF 
620728;"1389469   ";2024-08-12;segunda-feira;06:50:00;DF;"20   ";"3,9  ";BRASILIA;Sim;Condutor Dormindo;3;Colisão com objeto;Com Vítimas Feridas;Amanhecer;Crescente;Céu Claro;Dupla;"Declive;Reta";Sim  ;"1112429   ";Automóvel;TOYOTA/ETIOS SD XLS15 AT;"2017      ";Condutor;Ileso;"29   ";Masculino;"1 ";"0    ";"0    ";"0    ";-15.6798510;-47.8322110;SPRF-DF;DEL02-DF;UOP01-DEL02-DF 
620728;"1389482   ";2024-08-12;segunda-feira;06:50:00;DF;"20   ";"3,9  ";BRASILIA;Sim;Condutor Dormindo;2;Saída de leito carroçável;Com Vítimas Feridas;Amanhecer;Crescente;Céu Claro;Dupla;"Declive;Reta";Sim  ;"1112432   ";Automóvel;NISSAN/MARCH 10S;"2016      ";Condutor;Ileso;"43   ";Masculino;"1 ";"0    ";"0    ";"0    ";-15.6798510;-47.8322110;SPRF-DF;DEL02-DF;UOP01-DEL02-DF 
620728;"1389485   ";2024-08-12;segunda-feira;06:50:00;DF;"20   ";"3,9  ";BRASILIA;Sim;Condutor Dormindo;2;Saída de leito carroçável;Com Vítimas Feridas;Amanhecer;Crescente;Céu Claro;Dupla;"Declive;Reta";Sim  ;"1112432   ";Automóvel;NISSAN/MARCH 10S;"2016      ";Passageiro;Ileso;"21   ";Masculino;"1 ";"0    ";"0    ";"0    ";-15.6798510;-47.8322110;SPRF-DF;DEL02-DF;UOP01-DEL02-DF 
620728;"1389477   ";2024-08-12;segunda-feira;06:50:00;DF;"20   ";"3,9  ";BRASILIA;Sim;Condutor Dormindo;2;Saída de leito carroçável;Com Vítimas Feridas;Amanhecer;Crescente;Céu Claro;Dupla;"Declive;Reta";Sim  ;"1112429   ";Automóvel;TOYOTA/ETIOS SD XLS15 AT;"2017      ";Passageiro;Ileso;"75   ";Masculino;"1 ";"0    ";"0    ";"0    ";-15.6798510;-47.8322110;SPRF-DF;DEL02-DF;UOP01-DEL02-DF 
620728;"1389472   ";2024-08-12;segunda-feira;06:50:00;DF;"20   ";"3,9  ";BRASILIA;Sim;Condutor Dormindo;2;Saída de leito carroçável;Com Vítimas Feridas;Amanhecer;Crescente;Céu Claro;Dupla;"Declive;Reta";Sim  ;"1112429   ";Automóvel;TOYOTA/ETIOS SD XLS15 AT;"2017      ";Passageiro;Lesões Leves;"64   ";Feminino;"0 ";"1    ";"0    ";"0    ";-15.6798510;-47.8322110;SPRF-DF;DEL02-DF;UOP01-DEL02-DF 
620728;"1389469   ";2024-08-12;segunda-feira;06:50:00;DF;"20   ";"3,9  ";BRASILIA;Sim;Condutor Dormindo;2;Saída de leito carroçável;Com Vítimas Feridas;Amanhecer;Crescente;Céu Claro;Dupla;"Declive;Reta";Sim  ;"1112429   ";Automóvel;TOYOTA/ETIOS SD XLS15 AT;"2017      ";Condutor;Ileso;"29   ";Masculino;"1 ";"0    ";"0    ";"0    ";-15.6798510;-47.8322110;SPRF-DF;DEL02-DF;UOP01-DEL02-DF 
620728;"1389482   ";2024-08-12;segunda-feira;06:50:00;DF;"20   ";"3,9  ";BRASILIA;Sim;Condutor Dormindo;1;Colisão traseira;Com Vítimas Feridas;Amanhecer;Crescente;Céu Claro;Dupla;"Declive;Reta";Sim  ;"1112432   ";Automóvel;NISSAN/MARCH 10S;"2016      ";Condutor;Ileso;"43   ";Masculino;"1 ";"0    ";"0    ";"0    ";-15.6798510;-47.8322110;SPRF-DF;DEL02-DF;UOP01-DEL02-DF 
620728;"1389485   ";2024-08-12;segunda-feira;06:50:00;DF;"20   ";"3,9  ";BRASILIA;Sim;Condutor Dormindo;1;Colisão traseira;Com Vítimas Feridas;Amanhecer;Crescente;Céu Claro;Dupla;"Declive;Reta";Sim  ;"1112432   ";Automóvel;NISSAN/MARCH 10S;"2016      ";Passageiro;Ileso;"21   ";Masculino;"1 ";"0    ";"0    ";"0    ";-15.6798510;-47.8322110;SPRF-DF;DEL02-DF;UOP01-DEL02-DF 
620728;"1389477   ";2024-08-12;segunda-feira;06:50:00;DF;"20   ";"3,9  ";BRASILIA;Sim;Condutor Dormindo;1;Colisão traseira;Com Vítimas Feridas;Amanhecer;Crescente;Céu Claro;Dupla;"Declive;Reta";Sim  ;"1112429   ";Automóvel;TOYOTA/ETIOS SD XLS15 AT;"2017      ";Passageiro;Ileso;"75   ";Masculino;"1 ";"0    ";"0    ";"0    ";-15.6798510;-47.8322110;SPRF-DF;DEL02-DF;UOP01-DEL02-DF 
620728;"1389472   ";2024-08-12;segunda-feira;06:50:00;DF;"20   ";"3,9  ";BRASILIA;Sim;Condutor Dormindo;1;Colisão traseira;Com Vítimas Feridas;Amanhecer;Crescente;Céu Claro;Dupla;"Declive;Reta";Sim  ;"1112429   ";Automóvel;TOYOTA/ETIOS SD XLS15 AT;"2017      ";Passageiro;Lesões Leves;"64   ";Feminino;"0 ";"1    ";"0    ";"0    ";-15.6798510;-47.8322110;SPRF-DF;DEL02-DF;UOP01-DEL02-DF 
620728;"1389469   ";2024-08-12;segunda-feira;06:50:00;DF;"20   ";"3,9  ";BRASILIA;Sim;Condutor Dormindo;1;Colisão traseira;Com Vítimas Feridas;Amanhecer;Crescente;Céu Claro;Dupla;"Declive;Reta";Sim  ;"1112429   ";Automóvel;TOYOTA/ETIOS SD XLS15 AT;"2017      ";Condutor;Ileso;"29   ";Masculino;"1 ";"0    ";"0    ";"0    ";-15.6798510;-47.8322110;SPRF-DF;DEL02-DF;UOP01-DEL02-DF 
620729;"1389903   ";2024-08-12;segunda-feira;07:30:00;GO;"20   ";"29,2 ";FORMOSA;Sim;Velocidade Incompatível;2;Capotamento;Com Vítimas Feridas;Pleno dia;Crescente;Céu Claro;Simples;Declive;Não  ;"1112319   ";Automóvel;HYUNDAI/HB20S 1.6M COMF;"2017      ";Passageiro;Ileso;"4    ";Feminino;"1 ";"0    ";"0    ";"0    ";-15.5057770;-47.1147580;SPRF-DF;DEL02-DF;UOP02-DEL02-DF 
620729;"1389902   ";2024-08-12;segunda-feira;07:30:00;GO;"20   ";"29,2 ";FORMOSA;Sim;Velocidade Incompatível;2;Capotamento;Com Vítimas Feridas;Pleno dia;Crescente;Céu Claro;Simples;Declive;Não  ;"1112319   ";Automóvel;HYUNDAI/HB20S 1.6M COMF;"2017      ";Passageiro;Lesões Leves;"36   ";Feminino;"0 ";"1    ";"0    ";"0    ";-15.5057770;-47.1147580;SPRF-DF;DEL02-DF;UOP02-DEL02-DF 
620729;"1389317   ";2024-08-12;segunda-feira;07:30:00;GO;"20   ";"29,2 ";FORMOSA;Sim;Velocidade Incompatível;2;Capotamento;Com Vítimas Feridas;Pleno dia;Crescente;Céu Claro;Simples;Declive;Não  ;"1112319   ";Automóvel;HYUNDAI/HB20S 1.6M COMF;"2017      ";Condutor;Ileso;"43   ";Feminino;"1 ";"0    ";"0    ";"0    ";-15.5057770;-47.1147580;SPRF-DF;DEL02-DF;UOP02-DEL02-DF 
620729;"1389903   ";2024-08-12;segunda-feira;07:30:00;GO;"20   ";"29,2 ";FORMOSA;Sim;Velocidade Incompatível;1;Saída de leito carroçável;Com Vítimas Feridas;Pleno dia;Crescente;Céu Claro;Simples;Declive;Não  ;"1112319   ";Automóvel;HYUNDAI/HB20S 1.6M COMF;"2017      ";Passageiro;Ileso;"4    ";Feminino;"1 ";"0    ";"0    ";"0    ";-15.5057770;-47.1147580;SPRF-DF;DEL02-DF;UOP02-DEL02-DF 
620729;"1389902   ";2024-08-12;segunda-feira;07:30:00;GO;"20   ";"29,2 ";FORMOSA;Sim;Velocidade Incompatível;1;Saída de leito carroçável;Com Vítimas Feridas;Pleno dia;Crescente;Céu Claro;Simples;Declive;Não  ;"1112319   ";Automóvel;HYUNDAI/HB20S 1.6M COMF;"2017      ";Passageiro;Lesões Leves;"36   ";Feminino;"0 ";"1    ";"0    ";"0    ";-15.5057770;-47.1147580;SPRF-DF;DEL02-DF;UOP02-DEL02-DF 
620729;"1389317   ";2024-08-12;segunda-feira;07:30:00;GO;"20   ";"29,2 ";FORMOSA;Sim;Velocidade Incompatível;1;Saída de leito carroçável;Com Vítimas Feridas;Pleno dia;Crescente;Céu Claro;Simples;Declive;Não  ;"1112319   ";Automóvel;HYUNDAI/HB20S 1.6M COMF;"2017      ";Condutor;Ileso;"43   ";Feminino;"1 ";"0    ";"0    ";"0    ";-15.5057770;-47.1147580;SPRF-DF;DEL02-DF;UOP02-DEL02-DF 
620731;"1390369   ";2024-08-12;segunda-feira;08:15:00;DF;"60   ";"4,4  ";BRASILIA;Não;Frear bruscamente;1;Colisão traseira;Com Vítimas Feridas;Pleno dia;Decrescente;Céu Claro;Dupla;Reta;Sim  ;"1112334   ";Ônibus;M.BENZ/INDUSCAR APACHE U;"2012      ";Passageiro;Lesões Leves;"20   ";Feminino;"0 ";"1    ";"0    ";"0    ";-15.8927210;-48.0957410;SPRF-DF;DEL03-DF;UOP01-DEL03-DF 
620731;"1390094   ";2024-08-12;segunda-feira;08:15:00;DF;"60   ";"4,4  ";BRASILIA;Não;Frear bruscamente;1;Colisão traseira;Com Vítimas Feridas;Pleno dia;Decrescente;Céu Claro;Dupla;Reta;Sim  ;"1112334   ";Ônibus;M.BENZ/INDUSCAR APACHE U;"2012      ";Passageiro;Lesões Leves;"20   ";Feminino;"0 ";"1    ";"0    ";"0    ";-15.8927210;-48.0957410;SPRF-DF;DEL03-DF;UOP01-DEL03-DF 
620731;"1390093   ";2024-08-12;segunda-feira;08:15:00;DF;"60   ";"4,4  ";BRASILIA;Não;Frear bruscamente;1;Colisão traseira;Com Vítimas Feridas;Pleno dia;Decrescente;Céu Claro;Dupla;Reta;Sim  ;"1112334   ";Ônibus;M.BENZ/INDUSCAR APACHE U;"2012      ";Passageiro;Lesões Leves;"36   ";Feminino;"0 ";"1    ";"0    ";"0    ";-15.8927210;-48.0957410;SPRF-DF;DEL03-DF;UOP01-DEL03-DF 
620731;"1389343   ";2024-08-12;segunda-feira;08:15:00;DF;"60   ";"4,4  ";BRASILIA;Não;Frear bruscamente;1;Colisão traseira;Com Vítimas Feridas;Pleno dia;Decrescente;Céu Claro;Dupla;Reta;Sim  ;"1112334   ";Ônibus;M.BENZ/INDUSCAR APACHE U;"2012      ";Condutor;Ileso;"40   ";Masculino;"1 ";"0    ";"0    ";"0    ";-15.8927210;-48.0957410;SPRF-DF;DEL03-DF;UOP01-DEL03-DF 
620731;"1389342   ";2024-08-12;segunda-feira;08:15:00;DF;"60   ";"4,4  ";BRASILIA;Não;Frear bruscamente;1;Colisão traseira;Com Vítimas Feridas;Pleno dia;Decrescente;Céu Claro;Dupla;Reta;Sim  ;"1112332   ";Ônibus;M.BENZ/INDUSCAR APACHE U;"2011      ";Condutor;Ileso;"52   ";Masculino;"1 ";"0    ";"0    ";"0    ";-15.8927210;-48.0957410;SPRF-DF;DEL03-DF;UOP01-DEL03-DF 
620731;"1390369   ";2024-08-12;segunda-feira;08:15:00;DF;"60   ";"4,4  ";BRASILIA;Não;Condutor deixou de manter distância do veículo da frente;1;Colisão traseira;Com Vítimas Feridas;Pleno dia;Decrescente;Céu Claro;Dupla;Reta;Sim  ;"1112334   ";Ônibus;M.BENZ/INDUSCAR APACHE U;"2012      ";Passageiro;Lesões Leves;"20   ";Feminino;"0 ";"1    ";"0    ";"0    ";-15.8927210;-48.0957410;SPRF-DF;DEL03-DF;UOP01-DEL03-DF 
620731;"1390094   ";2024-08-12;segunda-feira;08:15:00;DF;"60   ";"4,4  ";BRASILIA;Não;Condutor deixou de manter distância do veículo da frente;1;Colisão traseira;Com Vítimas Feridas;Pleno dia;Decrescente;Céu Claro;Dupla;Reta;Sim  ;"1112334   ";Ônibus;M.BENZ/INDUSCAR APACHE U;"2012      ";Passageiro;Lesões Leves;"20   ";Feminino;"0 ";"1    ";"0    ";"0    ";-15.8927210;-48.0957410;SPRF-DF;DEL03-DF;UOP01-DEL03-DF 
620731;"1390093   ";2024-08-12;segunda-feira;08:15:00;DF;"60   ";"4,4  ";BRASILIA;Não;Condutor deixou de manter distância do veículo da frente;1;Colisão traseira;Com Vítimas Feridas;Pleno dia;Decrescente;Céu Claro;Dupla;Reta;Sim  ;"1112334   ";Ônibus;M.BENZ/INDUSCAR APACHE U;"2012      ";Passageiro;Lesões Leves;"36   ";Feminino;"0 ";"1    ";"0    ";"0    ";-15.8927210;-48.0957410;SPRF-DF;DEL03-DF;UOP01-DEL03-DF 
620731;"1389343   ";2024-08-12;segunda-feira;08:15:00;DF;"60   ";"4,4  ";BRASILIA;Não;Condutor deixou de manter distância do veículo da frente;1;Colisão traseira;Com Vítimas Feridas;Pleno dia;Decrescente;Céu Claro;Dupla;Reta;Sim  ;"1112334   ";Ônibus;M.BENZ/INDUSCAR APACHE U;"2012      ";Condutor;Ileso;"40   ";Masculino;"1 ";"0    ";"0    ";"0    ";-15.8927210;-48.0957410;SPRF-DF;DEL03-DF;UOP01-DEL03-DF 