id;pesid;data_inversa;dia_semana;horario;uf;br;km;municipio;causa_principal;causa_acidente;ordem_tipo_acidente;tipo_acidente;classificacao_acidente;fase_dia;sentido_via;condicao_metereologica;tipo_pista;tracado_via;uso_solo;id_veiculo;tipo_veiculo;marca;ano_fabricacao_veiculo;tipo_envolvido;estado_fisico;idade;sexo;ilesos;feridos_leves;feridos_graves;mortos;latitude;longitude;regional;delegacia;uop
620731;"1389342   ";2024-08-12;segunda-feira;08:15:00;DF;"60   ";"4,4  ";BRASILIA;Não;Condutor deixou de manter distância do veículo da frente;1;Colisão traseira;Com Vítimas Feridas;Pleno dia;Decrescente;Céu Claro;Dupla;Reta;Sim  ;"1112332   ";Ônibus;M.BENZ/INDUSCAR APACHE U;"2011      ";Condutor;Ileso;"52   ";Masculino;"1 ";"0    ";"0    ";"0    ";-15.8927210;-48.0957410;SPRF-DF;DEL03-DF;UOP01-DEL03-DF 
620731;"1390369   ";2024-08-12;segunda-feira;08:15:00;DF;"60   ";"4,4  ";BRASILIA;Sim;Reação tardia ou ineficiente do condutor;1;Colisão traseira;Com Vítimas Feridas;Pleno dia;Decrescente;Céu Claro;Dupla;Reta;Sim  ;"1112334   ";Ônibus;M.BENZ/INDUSCAR APACHE U;"2012      ";Passageiro;Lesões Leves;"20   ";Feminino;"0 ";"1    ";"0    ";"0    ";-15.8927210;-48.0957410;SPRF-DF;DEL03-DF;UOP01-DEL03-DF 
620731;"1390094   ";2024-08-12;segunda-feira;08:15:00;DF;"60   ";"4,4  ";BRASILIA;Sim;Reação tardia ou ineficiente do condutor;1;Colisão traseira;Com Vítimas Feridas;Pleno dia;Decrescente;Céu Claro;Dupla;Reta;Sim  ;"1112334   ";Ônibus;M.BENZ/INDUSCAR APACHE U;"2012      ";Passageiro;Lesões Leves;"20   ";Feminino;"0 ";"1    ";"0    ";"0    ";-15.8927210;-48.0957410;SPRF-DF;DEL03-DF;UOP01-DEL03-DF 
620731;"1390093   ";2024-08-12;segunda-feira;08:15:00;DF;"60   ";"4,4  ";BRASILIA;Sim;Reação tardia ou ineficiente do condutor;1;Colisão traseira;Com Vítimas Feridas;Pleno dia;Decrescente;Céu Claro;Dupla;Reta;Sim  ;"1112334   ";Ônibus;M.BENZ/INDUSCAR APACHE U;"2012      ";Passageiro;Lesões Leves;"36   ";Feminino;"0 ";"1    ";"0    ";"0    ";-15.8927210;-48.0957410;SPRF-DF;DEL03-DF;UOP01-DEL03-DF 
620731;"1389343   ";2024-08-12;segunda-feira;08:15:00;DF;"60   ";"4,4  ";BRASILIA;Sim;Reação tardia ou ineficiente do condutor;1;Colisão traseira;Com Vítimas Feridas;Pleno dia;Decrescente;Céu Claro;Dupla;Reta;Sim  ;"1112334   ";Ônibus;M.BENZ/INDUSCAR APACHE U;"2012      ";Condutor;Ileso;"40   ";Masculino;"1 ";"0    ";"0    ";"0    ";-15.8927210;-48.0957410;SPRF-DF;DEL03-DF;UOP01-DEL03-DF 
620731;"1389342   ";2024-08-12;segunda-feira;08:15:00;DF;"60   ";"4,4  ";BRASILIA;Sim;Reação tardia ou ineficiente do condutor;1;Colisão traseira;Com Vítimas Feridas;Pleno dia;Decrescente;Céu Claro;Dupla;Reta;Sim  ;"1112332   ";Ônibus;M.BENZ/INDUSCAR APACHE U;"2011      ";Condutor;Ileso;"52   ";Masculino;"1 ";"0    ";"0    ";"0    ";-15.8927210;-48.0957410;SPRF-DF;DEL03-DF;UOP01-DEL03-DF 
620743;"1389436   ";2024-08-12;segunda-feira;08:35:00;DF;"60   ";"5,8  ";BRASILIA;Não;Reação tardia ou ineficiente do condutor;2;Saída de leito carroçável;Com Vítimas Feridas;Pleno dia;Decrescente;Céu Claro;Dupla;Reta;Sim  ;"1112404   ";Caminhão;VW/11.180 DRC 4X2;"2021      ";Condutor;Lesões Leves;"48   ";Masculino;"0 ";"1    ";"0    ";"0    ";-15.8954380;-48.1047710;SPRF-DF;DEL03-DF;UOP01-DEL03-DF 
620743;"1389435   ";2024-08-12;segunda-feira;08:35:00;DF;"60   ";"5,8  ";BRASILIA;Não;Reação tardia ou ineficiente do condutor;2;Saída de leito carroçável;Com Vítimas Feridas;Pleno dia;Decrescente;Céu Claro;Dupla;Reta;Sim  ;"1112401   ";Automóvel;FIAT/UNO MILLE WAY ECON;"2010      ";Passageiro;Lesões Leves;"50   ";Masculino;"0 ";"1    ";"0    ";"0    ";-15.8954380;-48.1047710;SPRF-DF;DEL03-DF;UOP01-DEL03-DF 
620743;"1389434   ";2024-08-12;segunda-feira;08:35:00;DF;"60   ";"5,8  ";BRASILIA;Não;Reação tardia ou ineficiente do condutor;2;Saída de leito carroçável;Com Vítimas Feridas;Pleno dia;Decrescente;Céu Claro;Dupla;Reta;Sim  ;"1112401   ";Automóvel;FIAT/UNO MILLE WAY ECON;"2010      ";Condutor;Lesões Leves;"36   ";Masculino;"0 ";"1    ";"0    ";"0    ";-15.8954380;-48.1047710;SPRF-DF;DEL03-DF;UOP01-DEL03-DF 
620743;"1389429   ";2024-08-12;segunda-feira;08:35:00;DF;"60   ";"5,8  ";BRASILIA;Não;Reação tardia ou ineficiente do condutor;2;Saída de leito carroçável;Com Vítimas Feridas;Pleno dia;Decrescente;Céu Claro;Dupla;Reta;Sim  ;"1112396   ";Caminhonete;MMC/L200 4X4 GLS;"2002      ";Condutor;Ileso;"62   ";Feminino;"1 ";"0    ";"0    ";"0    ";-15.8954380;-48.1047710;SPRF-DF;DEL03-DF;UOP01-DEL03-DF 
620743;"1389436   ";2024-08-12;segunda-feira;08:35:00;DF;"60   ";"5,8  ";BRASILIA;Sim;Velocidade Incompatível;2;Saída de leito carroçável;Com Vítimas Feridas;Pleno dia;Decrescente;Céu Claro;Dupla;Reta;Sim  ;"1112404   ";Caminhão;VW/11.180 DRC 4X2;"2021      ";Condutor;Lesões Leves;"48   ";Masculino;"0 ";"1    ";"0    ";"0    ";-15.8954380;-48.1047710;SPRF-DF;DEL03-DF;UOP01-DEL03-DF 
620743;"1389435   ";2024-08-12;segunda-feira;08:35:00;DF;"60   ";"5,8  ";BRASILIA;Sim;Velocidade Incompatível;2;Saída de leito carroçável;Com Vítimas Feridas;Pleno dia;Decrescente;Céu Claro;Dupla;Reta;Sim  ;"1112401   ";Automóvel;FIAT/UNO MILLE WAY ECON;"2010      ";Passageiro;Lesões Leves;"50   ";Masculino;"0 ";"1    ";"0    ";"0    ";-15.8954380;-48.1047710;SPRF-DF;DEL03-DF;UOP01-DEL03-DF 
620743;"1389434   ";2024-08-12;segunda-feira;08:35:00;DF;"60   ";"5,8  ";BRASILIA;Sim;Velocidade Incompatível;2;Saída de leito carroçável;Com Vítimas Feridas;Pleno dia;Decrescente;Céu Claro;Dupla;Reta;Sim  ;"1112401   ";Automóvel;FIAT/UNO MILLE WAY ECON;"2010      ";Condutor;Lesões Leves;"36   ";Masculino;"0 ";"1    ";"0    ";"0    ";-15.8954380;-48.1047710;SPRF-DF;DEL03-DF;UOP01-DEL03-DF 
620743;"1389429   ";2024-08-12;segunda-feira;08:35:00;DF;"60   ";"5,8  ";BRASILIA;Sim;Velocidade Incompatível;2;Saída de leito carroçável;Com Vítimas Feridas;Pleno dia;Decrescente;Céu Claro;Dupla;Reta;Sim  ;"1112396   ";Caminhonete;MMC/L200 4X4 GLS;"2002      ";Condutor;Ileso;"62   ";Feminino;"1 ";"0    ";"0    ";"0    ";-15.8954380;-48.1047710;SPRF-DF;DEL03-DF;UOP01-DEL03-DF 
620743;"1389436   ";2024-08-12;segunda-feira;08:35:00;DF;"60   ";"5,8  ";BRASILIA;Não;Reação tardia ou ineficiente do condutor;1;Engavetamento;Com Vítimas Feridas;Pleno dia;Decrescente;Céu Claro;Dupla;Reta;Sim  ;"1112404   ";Caminhão;VW/11.180 DRC 4X2;"2021      ";Condutor;Lesões Leves;"48   ";Masculino;"0 ";"1    ";"0    ";"0    ";-15.8954380;-48.1047710;SPRF-DF;DEL03-DF;UOP01-DEL03-DF 
620743;"1389435   ";2024-08-12;segunda-feira;08:35:00;DF;"60   ";"5,8  ";BRASILIA;Não;Reação tardia ou ineficiente do condutor;1;Engavetamento;Com Vítimas Feridas;Pleno dia;Decrescente;Céu Claro;Dupla;Reta;Sim  ;"1112401   ";Automóvel;FIAT/UNO MILLE WAY ECON;"2010      ";Passageiro;Lesões Leves;"50   ";Masculino;"0 ";"1    ";"0    ";"0    ";-15.8954380;-48.1047710;SPRF-DF;DEL03-DF;UOP01-DEL03-DF 
620743;"1389434   ";2024-08-12;segunda-feira;08:35:00;DF;"60   ";"5,8  ";BRASILIA;Não;Reação tardia ou ineficiente do condutor;1;Engavetamento;Com Vítimas Feridas;Pleno dia;Decrescente;Céu Claro;Dupla;Reta;Sim  ;"1112401   ";Automóvel;FIAT/UNO MILLE WAY ECON;"2010      ";Condutor;Lesões Leves;"36   ";Masculino;"0 ";"1    ";"0    ";"0    ";-15.8954380;-48.1047710;SPRF-DF;DEL03-DF;UOP01-DEL03-DF 
620743;"1389429   ";2024-08-12;segunda-feira;08:35:00;DF;"60   ";"5,8  ";BRASILIA;Não;Reação tardia ou ineficiente do condutor;1;Engavetamento;Com Vítimas Feridas;Pleno dia;Decrescente;Céu Claro;Dupla;Reta;Sim  ;"1112396   ";Caminhonete;MMC/L200 4X4 GLS;"2002      ";Condutor;Ileso;"62   ";Feminino;"1 ";"0    ";"0    ";"0    ";-15.8954380;-48.1047710;SPRF-DF;DEL03-DF;UOP01-DEL03-DF 
620743;"1389436   ";2024-08-12;segunda-feira;08:35:00;DF;"60   ";"5,8  ";BRASILIA;Sim;Velocidade Incompatível;1;Engavetamento;Com Vítimas Feridas;Pleno dia;Decrescente;Céu Claro;Dupla;Reta;Sim  ;"1112404   ";Caminhão;VW/11.180 DRC 4X2;"2021      ";Condutor;Lesões Leves;"48   ";Masculino;"0 ";"1    ";"0    ";"0    ";-15.8954380;-48.1047710;SPRF-DF;DEL03-DF;UOP01-DEL03-DF 
620743;"1389435   ";2024-08-12;segunda-feira;08:35:00;DF;"60   ";"5,8  ";BRASILIA;Sim;Velocidade Incompatível;1;Engavetamento;Com Vítimas Feridas;Pleno dia;Decrescente;Céu Claro;Dupla;Reta;Sim  ;"1112401   ";Automóvel;FIAT/UNO MILLE WAY ECON;"2010      ";Passageiro;Lesões Leves;"50   ";Masculino;"0 ";"1    ";"0    ";"0    ";-15.8954380;-48.1047710;SPRF-DF;DEL03-DF;UOP01-DEL03-DF 
620743;"1389434   ";2024-08-12;segunda-feira;08:35:00;DF;"60   ";"5,8  ";BRASILIA;Sim;Velocidade Incompatível;1;Engavetamento;Com Vítimas Feridas;Pleno dia;Decrescente;Céu Claro;Dupla;Reta;Sim  ;"1112401   ";Automóvel;FIAT/UNO MILLE WAY ECON;"2010      ";Condutor;Lesões Leves;"36   ";Masculino;"0 ";"1    ";"0    ";"0    ";-15.8954380;-48.1047710;SPRF-DF;DEL03-DF;UOP01-DEL03-DF 
620743;"1389429   ";2024-08-12;segunda-feira;08:35:00;DF;"60   ";"5,8  ";BRASILIA;Sim;Velocidade Incompatível;1;Engavetamento;Com Vítimas Feridas;Pleno dia;Decrescente;Céu Claro;Dupla;Reta;Sim  ;"1112396   ";Caminhonete;MMC/L200 4X4 GLS;"2002      ";Condutor;Ileso;"62   ";Feminino;"1 ";"0    ";"0    ";"0    ";-15.8954380;-48.1047710;SPRF-DF;DEL03-DF;UOP01-DEL03-DF 
620844;"1389670   ";2024-07-18;quinta-feira;05:30:00;GO;"414  ";"387  ";CORUMBA DE GOIAS;Sim;Velocidade Incompatível;3;Colisão com objeto;Com Vítimas Feridas;Amanhecer;Crescente;Céu Claro;Simples;Curva;Não  ;"1112574   ";Caminhão-trator;VW/28.460 METEOR 6X2;"2021      ";Condutor;Lesões Leves;"32   ";Masculino;"0 ";"1    ";"0    ";"0    ";-15.8767920;-48.7852630;SPRF-GO;DEL02-GO;UOP01-DEL02-GO 
620844;"0         ";2024-07-18;quinta-feira;05:30:00;GO;"414  ";"387  ";CORUMBA DE GOIAS;Sim;Velocidade Incompatível;3;Colisão com objeto;Com Vítimas Feridas;Amanhecer;Crescente;Céu Claro;Simples;Curva;Não  ;"1112576   ";Semireboque;SR/RANDON SR CA;"2010      ";"0";"0";"0    ";"0";"0 ";"0    ";"0    ";"0    ";-15.8767920;-48.7852630;SPRF-GO;DEL02-GO;UOP01-DEL02-GO 
620844;"0         ";2024-07-18;quinta-feira;05:30:00;GO;"414  ";"387  ";CORUMBA DE GOIAS;Sim;Velocidade Incompatível;3;Colisão com objeto;Com Vítimas Feridas;Amanhecer;Crescente;Céu Claro;Simples;Curva;Não  ;"1112575   ";Semireboque;SR/RANDON SR CA;"2010      ";"0";"0";"0    ";"0";"0 ";"0    ";"0    ";"0    ";-15.8767920;-48.7852630;SPRF-GO;DEL02-GO;UOP01-DEL02-GO 
620844;"1389670   ";2024-07-18;quinta-feira;05:30:00;GO;"414  ";"387  ";CORUMBA DE GOIAS;Sim;Velocidade Incompatível;2;Derramamento de carga;Com Vítimas Feridas;Amanhecer;Crescente;Céu Claro;Simples;Curva;Não  ;"1112574   ";Caminhão-trator;VW/28.460 METEOR 6X2;"2021      ";Condutor;Lesões Leves;"32   ";Masculino;"0 ";"1    ";"0    ";"0    ";-15.8767920;-48.7852630;SPRF-GO;DEL02-GO;UOP01-DEL02-GO 
620844;"0         ";2024-07-18;quinta-feira;05:30:00;GO;"414  ";"387  ";CORUMBA DE GOIAS;Sim;Velocidade Incompatível;2;Derramamento de carga;Com Vítimas Feridas;Amanhecer;Crescente;Céu Claro;Simples;Curva;Não  ;"1112576   ";Semireboque;SR/RANDON SR CA;"2010      ";"0";"0";"0    ";"0";"0 ";"0    ";"0    ";"0    ";-15.8767920;-48.7852630;SPRF-GO;DEL02-GO;UOP01-DEL02-GO 
620844;"0         ";2024-07-18;quinta-feira;05:30:00;GO;"414  ";"387  ";CORUMBA DE GOIAS;Sim;Velocidade Incompatível;2;Derramamento de carga;Com Vítimas Feridas;Amanhecer;Crescente;Céu Claro;Simples;Curva;Não  ;"1112575   ";Semireboque;SR/RANDON SR CA;"2010      ";"0";"0";"0    ";"0";"0 ";"0    ";"0    ";"0    ";-15.8767920;-48.7852630;SPRF-GO;DEL02-GO;UOP01-DEL02-GO 
620844;"1389670   ";2024-07-18;quinta-feira;05:30:00;GO;"414  ";"387  ";CORUMBA DE GOIAS;Sim;Velocidade Incompatível;1;Tombamento;Com Vítimas Feridas;Amanhecer;Crescente;Céu Claro;Simples;Curva;Não  ;"1112574   ";Caminhão-trator;VW/28.460 METEOR 6X2;"2021      ";Condutor;Lesões Leves;"32   ";Masculino;"0 ";"1    ";"0    ";"0    ";-15.8767920;-48.7852630;SPRF-GO;DEL02-GO;UOP01-DEL02-GO 
620844;"0         ";2024-07-18;quinta-feira;05:30:00;GO;"414  ";"387  ";CORUMBA DE GOIAS;Sim;Velocidade Incompatível;1;Tombamento;Com Vítimas Feridas;Amanhecer;Crescente;Céu Claro;Simples;Curva;Não  ;"1112576   ";Semireboque;SR/RANDON SR CA;"2010      ";"0";"0";"0    ";"0";"0 ";"0    ";"0    ";"0    ";-15.8767920;-48.7852630;SPRF-GO;DEL02-GO;UOP01-DEL02-GO 
620844;"0         ";2024-07-18;quinta-feira;05:30:00;GO;"414  ";"387  ";CORUMBA DE GOIAS;Sim;Velocidade Incompatível;1;Tombamento;Com Vítimas Feridas;Amanhecer;Crescente;Céu Claro;Simples;Curva;Não  ;"1112575   ";Semireboque;SR/RANDON SR CA;"2010      ";"0";"0";"0    ";"0";"0 ";"0    ";"0    ";"0    ";-15.8767920;-48.7852630;SPRF-GO;DEL02-GO;UOP01-DEL02-GO 
620868;"1389859   ";2024-08-12;segunda-feira;20:40:00;DF;"80   ";"7    ";BRASILIA;Sim;Demais falhas mecânicas ou elétricas;1;Incêndio;Sem Vítimas;Plena Noite;Decrescente;Céu Claro;Dupla;Reta;Não  ;"1112737   ";Automóvel;RENAULT/SANDERO AUTH 10;"2018      ";Condutor;Ileso;"21   ";Masculino;"1 ";"0    ";"0    ";"0    ";-15.7313150;-48.1392670;SPRF-DF;DEL03-DF;UOP02-DEL03-DF 
620875;"1389885   ";2024-08-12;segunda-feira;22:20:00;DF;"80   ";"9,8  ";BRASILIA;Sim;Pista Escorregadia;2;Queda de ocupante de veículo;Com Vítimas Feridas;Plena Noite;Crescente;Céu Claro;Dupla;Rotatória;Sim  ;"1112751   ";Motocicleta;HONDA/CG 160 FAN;"2021      ";Condutor;Lesões Graves;"31   ";Feminino;"0 ";"0    ";"1    ";"0    ";-15.7310640;-48.1593930;SPRF-DF;DEL03-DF;UOP02-DEL03-DF 
620875;"1389885   ";2024-08-12;segunda-feira;22:20:00;DF;"80   ";"9,8  ";BRASILIA;Sim;Pista Escorregadia;1;Tombamento;Com Vítimas Feridas;Plena Noite;Crescente;Céu Claro;Dupla;Rotatória;Sim  ;"1112751   ";Motocicleta;HONDA/CG 160 FAN;"2021      ";Condutor;Lesões Graves;"31   ";Feminino;"0 ";"0    ";"1    ";"0    ";-15.7310640;-48.1593930;SPRF-DF;DEL03-DF;UOP02-DEL03-DF 
620885;"1389884   ";2024-08-12;segunda-feira;23:55:00;DF;"70   ";"16   ";BRASILIA;Não;Ausência de reação do condutor;2;Tombamento;Com Vítimas Feridas;Plena Noite;Crescente;Nublado;Dupla;Rotatória;Não  ;"1112750   ";Motocicleta;HONDA/CG 160 FAN;"2018      ";Passageiro;Lesões Leves;"37   ";Feminino;"0 ";"1    ";"0    ";"0    ";-15.7953714;-48.1957126;SPRF-DF;DEL03-DF;UOP02-DEL03-DF 
620885;"1389883   ";2024-08-12;segunda-feira;23:55:00;DF;"70   ";"16   ";BRASILIA;Não;Ausência de reação do condutor;2;Tombamento;Com Vítimas Feridas;Plena Noite;Crescente;Nublado;Dupla;Rotatória;Não  ;"1112750   ";Motocicleta;HONDA/CG 160 FAN;"2018      ";Condutor;Lesões Leves;"42   ";Masculino;"0 ";"1    ";"0    ";"0    ";-15.7953714;-48.1957126;SPRF-DF;DEL03-DF;UOP02-DEL03-DF 
620885;"1389884   ";2024-08-12;segunda-feira;23:55:00;DF;"70   ";"16   ";BRASILIA;Sim;Condutor Dormindo;2;Tombamento;Com Vítimas Feridas;Plena Noite;Crescente;Nublado;Dupla;Rotatória;Não  ;"1112750   ";Motocicleta;HONDA/CG 160 FAN;"2018      ";Passageiro;Lesões Leves;"37   ";Feminino;"0 ";"1    ";"0    ";"0    ";-15.7953714;-48.1957126;SPRF-DF;DEL03-DF;UOP02-DEL03-DF 
620885;"1389883   ";2024-08-12;segunda-feira;23:55:00;DF;"70   ";"16   ";BRASILIA;Sim;Condutor Dormindo;2;Tombamento;Com Vítimas Feridas;Plena Noite;Crescente;Nublado;Dupla;Rotatória;Não  ;"1112750   ";Motocicleta;HONDA/CG 160 FAN;"2018      ";Condutor;Lesões Leves;"42   ";Masculino;"0 ";"1    ";"0    ";"0    ";-15.7953714;-48.1957126;SPRF-DF;DEL03-DF;UOP02-DEL03-DF 
620885;"1389884   ";2024-08-12;segunda-feira;23:55:00;DF;"70   ";"16   ";BRASILIA;Não;Ausência de reação do condutor;1;Queda de ocupante de veículo;Com Vítimas Feridas;Plena Noite;Crescente;Nublado;Dupla;Rotatória;Não  ;"1112750   ";Motocicleta;HONDA/CG 160 FAN;"2018      ";Passageiro;Lesões Leves;"37   ";Feminino;"0 ";"1    ";"0    ";"0    ";-15.7953714;-48.1957126;SPRF-DF;DEL03-DF;UOP02-DEL03-DF 
620885;"1389883   ";2024-08-12;segunda-feira;23:55:00;DF;"70   ";"16   ";BRASILIA;Não;Ausência de reação do condutor;1;Queda de ocupante de veículo;Com Vítimas Feridas;Plena Noite;Crescente;Nublado;Dupla;Rotatória;Não  ;"1112750   ";Motocicleta;HONDA/CG 160 FAN;"2018      ";Condutor;Lesões Leves;"42   ";Masculino;"0 ";"1    ";"0    ";"0    ";-15.7953714;-48.1957126;SPRF-DF;DEL03-DF;UOP02-DEL03-DF 
620885;"1389884   ";2024-08-12;segunda-feira;23:55:00;DF;"70   ";"16   ";BRASILIA;Sim;Condutor Dormindo;1;Queda de ocupante de veículo;Com Vítimas Feridas;Plena Noite;Crescente;Nublado;Dupla;Rotatória;Não  ;"1112750   ";Motocicleta;HONDA/CG 160 FAN;"2018      ";Passageiro;Lesões Leves;"37   ";Feminino;"0 ";"1    ";"0    ";"0    ";-15.7953714;-48.1957126;SPRF-DF;DEL03-DF;UOP02-DEL03-DF 
620885;"1389883   ";2024-08-12;segunda-feira;23:55:00;DF;"70   ";"16   ";BRASILIA;Sim;Condutor Dormindo;1;Queda de ocupante de veículo;Com Vítimas Feridas;Plena Noite;Crescente;Nublado;Dupla;Rotatória;Não  ;"1112750   ";Motocicleta;HONDA/CG 160 FAN;"2018      ";Condutor;Lesões Leves;"42   ";Masculino;"0 ";"1    ";"0    ";"0    ";-15.7953714;-48.1957126;SPRF-DF;DEL03-DF;UOP02-DEL03-DF 
620890;"1389858   ";2024-08-13;terça-feira;01:00:00;GO;"414  ";"425  ";ABADIANIA;Sim;Condutor Dormindo;2;Incêndio;Sem Vítimas;Plena Noite;Crescente;Céu Claro;Simples;Reta;Não  ;"1112735   ";Automóvel;FIAT/PALIO EX;"2002      ";Condutor;Ileso;"25   ";Masculino;"1 ";"0    ";"0    ";"0    ";-16.1656687;-48.8944693;SPRF-GO;DEL02-GO;UOP01-DEL02-GO 
620890;"1389858   ";2024-08-13;terça-feira;01:00:00;GO;"414  ";"425  ";ABADIANIA;Sim;Condutor Dormindo;1;Saída de leito carroçável;Sem Vítimas;Plena Noite;Crescente;Céu Claro;Simples;Reta;Não  ;"1112735   ";Automóvel;FIAT/PALIO EX;"2002      ";Condutor;Ileso;"25   ";Masculino;"1 ";"0    ";"0    ";"0    ";-16.1656687;-48.8944693;SPRF-GO;DEL02-GO;UOP01-DEL02-GO 
620894;"1389861   ";2024-08-12;segunda-feira;21:45:00;GO;"20   ";"72,3 ";FORMOSA;Sim;Reação tardia ou ineficiente do condutor;2;Capotamento;Com Vítimas Feridas;Plena Noite;Crescente;Céu Claro;Simples;Interseção de Vias;Não  ;"1112736   ";Caminhonete;RENAULT/MASTER FUR L1H1;"2013      ";Condutor;Ileso;"47   ";Masculino;"1 ";"0    ";"0    ";"0    ";-15.1508054;-47.1364403;SPRF-DF;DEL02-DF;UOP02-DEL02-DF 
620894;"1389874   ";2024-08-12;segunda-feira;21:45:00;GO;"20   ";"72,3 ";FORMOSA;Sim;Reação tardia ou ineficiente do condutor;2;Capotamento;Com Vítimas Feridas;Plena Noite;Crescente;Céu Claro;Simples;Interseção de Vias;Não  ;"1112736   ";Caminhonete;RENAULT/MASTER FUR L1H1;"2013      ";Passageiro;Ileso;"9    ";Feminino;"1 ";"0    ";"0    ";"0    ";-15.1508054;-47.1364403;SPRF-DF;DEL02-DF;UOP02-DEL02-DF 
620894;"1389877   ";2024-08-12;segunda-feira;21:45:00;GO;"20   ";"72,3 ";FORMOSA;Sim;Reação tardia ou ineficiente do condutor;2;Capotamento;Com Vítimas Feridas;Plena Noite;Crescente;Céu Claro;Simples;Interseção de Vias;Não  ;"1112736   ";Caminhonete;RENAULT/MASTER FUR L1H1;"2013      ";Passageiro;Ileso;"53   ";Masculino;"1 ";"0    ";"0    ";"0    ";-15.1508054;-47.1364403;SPRF-DF;DEL02-DF;UOP02-DEL02-DF 
620894;"1389879   ";2024-08-12;segunda-feira;21:45:00;GO;"20   ";"72,3 ";FORMOSA;Sim;Reação tardia ou ineficiente do condutor;2;Capotamento;Com Vítimas Feridas;Plena Noite;Crescente;Céu Claro;Simples;Interseção de Vias;Não  ;"1112736   ";Caminhonete;RENAULT/MASTER FUR L1H1;"2013      ";Passageiro;Ileso;"43   ";Masculino;"1 ";"0    ";"0    ";"0    ";-15.1508054;-47.1364403;SPRF-DF;DEL02-DF;UOP02-DEL02-DF 
620894;"1389878   ";2024-08-12;segunda-feira;21:45:00;GO;"20   ";"72,3 ";FORMOSA;Sim;Reação tardia ou ineficiente do condutor;2;Capotamento;Com Vítimas Feridas;Plena Noite;Crescente;Céu Claro;Simples;Interseção de Vias;Não  ;"1112736   ";Caminhonete;RENAULT/MASTER FUR L1H1;"2013      ";Passageiro;Lesões Leves;"50   ";Feminino;"0 ";"1    ";"0    ";"0    ";-15.1508054;-47.1364403;SPRF-DF;DEL02-DF;UOP02-DEL02-DF 
620894;"1389873   ";2024-08-12;segunda-feira;21:45:00;GO;"20   ";"72,3 ";FORMOSA;Sim;Reação tardia ou ineficiente do condutor;2;Capotamento;Com Vítimas Feridas;Plena Noite;Crescente;Céu Claro;Simples;Interseção de Vias;Não  ;"1112736   ";Caminhonete;RENAULT/MASTER FUR L1H1;"2013      ";Passageiro;Ileso;"22   ";Feminino;"1 ";"0    ";"0    ";"0    ";-15.1508054;-47.1364403;SPRF-DF;DEL02-DF;UOP02-DEL02-DF 
620894;"1389872   ";2024-08-12;segunda-feira;21:45:00;GO;"20   ";"72,3 ";FORMOSA;Sim;Reação tardia ou ineficiente do condutor;2;Capotamento;Com Vítimas Feridas;Plena Noite;Crescente;Céu Claro;Simples;Interseção de Vias;Não  ;"1112736   ";Caminhonete;RENAULT/MASTER FUR L1H1;"2013      ";Passageiro;Lesões Leves;"22   ";Feminino;"0 ";"1    ";"0    ";"0    ";-15.1508054;-47.1364403;SPRF-DF;DEL02-DF;UOP02-DEL02-DF 
620894;"1389868   ";2024-08-12;segunda-feira;21:45:00;GO;"20   ";"72,3 ";FORMOSA;Sim;Reação tardia ou ineficiente do condutor;2;Capotamento;Com Vítimas Feridas;Plena Noite;Crescente;Céu Claro;Simples;Interseção de Vias;Não  ;"1112736   ";Caminhonete;RENAULT/MASTER FUR L1H1;"2013      ";Passageiro;Ileso;"6    ";Masculino;"1 ";"0    ";"0    ";"0    ";-15.1508054;-47.1364403;SPRF-DF;DEL02-DF;UOP02-DEL02-DF 
620894;"1389866   ";2024-08-12;segunda-feira;21:45:00;GO;"20   ";"72,3 ";FORMOSA;Sim;Reação tardia ou ineficiente do condutor;2;Capotamento;Com Vítimas Feridas;Plena Noite;Crescente;Céu Claro;Simples;Interseção de Vias;Não  ;"1112736   ";Caminhonete;RENAULT/MASTER FUR L1H1;"2013      ";Passageiro;Lesões Leves;"6    ";Feminino;"0 ";"1    ";"0    ";"0    ";-15.1508054;-47.1364403;SPRF-DF;DEL02-DF;UOP02-DEL02-DF 
620894;"1389865   ";2024-08-12;segunda-feira;21:45:00;GO;"20   ";"72,3 ";FORMOSA;Sim;Reação tardia ou ineficiente do condutor;2;Capotamento;Com Vítimas Feridas;Plena Noite;Crescente;Céu Claro;Simples;Interseção de Vias;Não  ;"1112736   ";Caminhonete;RENAULT/MASTER FUR L1H1;"2013      ";Passageiro;Lesões Leves;"30   ";Feminino;"0 ";"1    ";"0    ";"0    ";-15.1508054;-47.1364403;SPRF-DF;DEL02-DF;UOP02-DEL02-DF 
620894;"1389864   ";2024-08-12;segunda-feira;21:45:00;GO;"20   ";"72,3 ";FORMOSA;Sim;Reação tardia ou ineficiente do condutor;2;Capotamento;Com Vítimas Feridas;Plena Noite;Crescente;Céu Claro;Simples;Interseção de Vias;Não  ;"1112736   ";Caminhonete;RENAULT/MASTER FUR L1H1;"2013      ";Passageiro;Ileso;"48   ";Feminino;"1 ";"0    ";"0    ";"0    ";-15.1508054;-47.1364403;SPRF-DF;DEL02-DF;UOP02-DEL02-DF 