id;pesid;data_inversa;dia_semana;horario;uf;br;km;municipio;causa_principal;causa_acidente;ordem_tipo_acidente;tipo_acidente;classificacao_acidente;fase_dia;sentido_via;condicao_metereologica;tipo_pista;tracado_via;uso_solo;id_veiculo;tipo_veiculo;marca;ano_fabricacao_veiculo;tipo_envolvido;estado_fisico;idade;sexo;ilesos;feridos_leves;feridos_graves;mortos;latitude;longitude;regional;delegacia;uop
621514;"1391430   ";2024-08-16;sexta-feira;08:10:00;GO;"60   ";"52   ";ALEXANIA;Sim;Avarias e/ou desgaste excessivo no pneu;2;Capotamento;Com Vítimas Feridas;Pleno dia;Crescente;Céu Claro;Dupla;Reta;Não  ;"1114038   ";Automóvel;RENAULT/LOGAN AUTH 1016V;"2013      ";Passageiro;Ileso;"37   ";Masculino;"1 ";"0    ";"0    ";"0    ";-16.1702000;-48.6402000;SPRF-GO;DEL02-GO;UOP01-DEL02-GO 
621514;"1391428   ";2024-08-16;sexta-feira;08:10:00;GO;"60   ";"52   ";ALEXANIA;Sim;Avarias e/ou desgaste excessivo no pneu;2;Capotamento;Com Vítimas Feridas;Pleno dia;Crescente;Céu Claro;Dupla;Reta;Não  ;"1114038   ";Automóvel;RENAULT/LOGAN AUTH 1016V;"2013      ";Passageiro;Ileso;"32   ";Masculino;"1 ";"0    ";"0    ";"0    ";-16.1702000;-48.6402000;SPRF-GO;DEL02-GO;UOP01-DEL02-GO 
621514;"1391427   ";2024-08-16;sexta-feira;08:10:00;GO;"60   ";"52   ";ALEXANIA;Sim;Avarias e/ou desgaste excessivo no pneu;2;Capotamento;Com Vítimas Feridas;Pleno dia;Crescente;Céu Claro;Dupla;Reta;Não  ;"1114038   ";Automóvel;RENAULT/LOGAN AUTH 1016V;"2013      ";Passageiro;Lesões Leves;"53   ";Feminino;"0 ";"1    ";"0    ";"0    ";-16.1702000;-48.6402000;SPRF-GO;DEL02-GO;UOP01-DEL02-GO 
621514;"1391424   ";2024-08-16;sexta-feira;08:10:00;GO;"60   ";"52   ";ALEXANIA;Sim;Avarias e/ou desgaste excessivo no pneu;2;Capotamento;Com Vítimas Feridas;Pleno dia;Crescente;Céu Claro;Dupla;Reta;Não  ;"1114038   ";Automóvel;RENAULT/LOGAN AUTH 1016V;"2013      ";Condutor;Ileso;"50   ";Masculino;"1 ";"0    ";"0    ";"0    ";-16.1702000;-48.6402000;SPRF-GO;DEL02-GO;UOP01-DEL02-GO 
621514;"1391430   ";2024-08-16;sexta-feira;08:10:00;GO;"60   ";"52   ";ALEXANIA;Sim;Avarias e/ou desgaste excessivo no pneu;1;Saída de leito carroçável;Com Vítimas Feridas;Pleno dia;Crescente;Céu Claro;Dupla;Reta;Não  ;"1114038   ";Automóvel;RENAULT/LOGAN AUTH 1016V;"2013      ";Passageiro;Ileso;"37   ";Masculino;"1 ";"0    ";"0    ";"0    ";-16.1702000;-48.6402000;SPRF-GO;DEL02-GO;UOP01-DEL02-GO 
621514;"1391428   ";2024-08-16;sexta-feira;08:10:00;GO;"60   ";"52   ";ALEXANIA;Sim;Avarias e/ou desgaste excessivo no pneu;1;Saída de leito carroçável;Com Vítimas Feridas;Pleno dia;Crescente;Céu Claro;Dupla;Reta;Não  ;"1114038   ";Automóvel;RENAULT/LOGAN AUTH 1016V;"2013      ";Passageiro;Ileso;"32   ";Masculino;"1 ";"0    ";"0    ";"0    ";-16.1702000;-48.6402000;SPRF-GO;DEL02-GO;UOP01-DEL02-GO 
621514;"1391427   ";2024-08-16;sexta-feira;08:10:00;GO;"60   ";"52   ";ALEXANIA;Sim;Avarias e/ou desgaste excessivo no pneu;1;Saída de leito carroçável;Com Vítimas Feridas;Pleno dia;Crescente;Céu Claro;Dupla;Reta;Não  ;"1114038   ";Automóvel;RENAULT/LOGAN AUTH 1016V;"2013      ";Passageiro;Lesões Leves;"53   ";Feminino;"0 ";"1    ";"0    ";"0    ";-16.1702000;-48.6402000;SPRF-GO;DEL02-GO;UOP01-DEL02-GO 
621514;"1391424   ";2024-08-16;sexta-feira;08:10:00;GO;"60   ";"52   ";ALEXANIA;Sim;Avarias e/ou desgaste excessivo no pneu;1;Saída de leito carroçável;Com Vítimas Feridas;Pleno dia;Crescente;Céu Claro;Dupla;Reta;Não  ;"1114038   ";Automóvel;RENAULT/LOGAN AUTH 1016V;"2013      ";Condutor;Ileso;"50   ";Masculino;"1 ";"0    ";"0    ";"0    ";-16.1702000;-48.6402000;SPRF-GO;DEL02-GO;UOP01-DEL02-GO 
621536;"1391580   ";2024-08-16;sexta-feira;10:20:00;DF;"70   ";"2,4  ";BRASILIA;Não;Ausência de reação do condutor;1;Colisão traseira;Com Vítimas Feridas;Pleno dia;Decrescente;Céu Claro;Dupla;Reta;Sim  ;"1114150   ";Motocicleta;HONDA/CG 160 FAN;"2024      ";Condutor;Lesões Leves;"29   ";Masculino;"0 ";"1    ";"0    ";"0    ";-15.7980480;-48.0732350;SPRF-DF;DEL03-DF;UOP02-DEL03-DF 
621536;"1391579   ";2024-08-16;sexta-feira;10:20:00;DF;"70   ";"2,4  ";BRASILIA;Não;Ausência de reação do condutor;1;Colisão traseira;Com Vítimas Feridas;Pleno dia;Decrescente;Céu Claro;Dupla;Reta;Sim  ;"1114149   ";Utilitário;CHEV/TRAILBLAZER LTZ D4A;"2016      ";Condutor;Ileso;"43   ";Masculino;"1 ";"0    ";"0    ";"0    ";-15.7980480;-48.0732350;SPRF-DF;DEL03-DF;UOP02-DEL03-DF 
621536;"1391580   ";2024-08-16;sexta-feira;10:20:00;DF;"70   ";"2,4  ";BRASILIA;Sim;Frear bruscamente;1;Colisão traseira;Com Vítimas Feridas;Pleno dia;Decrescente;Céu Claro;Dupla;Reta;Sim  ;"1114150   ";Motocicleta;HONDA/CG 160 FAN;"2024      ";Condutor;Lesões Leves;"29   ";Masculino;"0 ";"1    ";"0    ";"0    ";-15.7980480;-48.0732350;SPRF-DF;DEL03-DF;UOP02-DEL03-DF 
621536;"1391579   ";2024-08-16;sexta-feira;10:20:00;DF;"70   ";"2,4  ";BRASILIA;Sim;Frear bruscamente;1;Colisão traseira;Com Vítimas Feridas;Pleno dia;Decrescente;Céu Claro;Dupla;Reta;Sim  ;"1114149   ";Utilitário;CHEV/TRAILBLAZER LTZ D4A;"2016      ";Condutor;Ileso;"43   ";Masculino;"1 ";"0    ";"0    ";"0    ";-15.7980480;-48.0732350;SPRF-DF;DEL03-DF;UOP02-DEL03-DF 
621544;"1392289   ";2024-08-16;sexta-feira;11:00:00;GO;"251  ";"27,5 ";CRISTALINA;Sim;Transitar na contramão;1;Colisão lateral sentido oposto;Com Vítimas Feridas;Pleno dia;Crescente;Céu Claro;Simples;Reta;Sim  ;"1114710   ";Automóvel;GM/CORSA CLASSIC;"2003      ";Condutor;Ileso;"70   ";Masculino;"1 ";"0    ";"0    ";"0    ";-16.1001238;-47.5017182;SPRF-DF;DEL01-DF;UOP01-DEL01-DF 
621544;"1392287   ";2024-08-16;sexta-feira;11:00:00;GO;"251  ";"27,5 ";CRISTALINA;Sim;Transitar na contramão;1;Colisão lateral sentido oposto;Com Vítimas Feridas;Pleno dia;Crescente;Céu Claro;Simples;Reta;Sim  ;"1114709   ";Motocicleta;HONDA/CG 160 FAN;"2024      ";Condutor;Lesões Leves;"29   ";Masculino;"0 ";"1    ";"0    ";"0    ";-16.1001238;-47.5017182;SPRF-DF;DEL01-DF;UOP01-DEL01-DF 
621608;"1391733   ";2024-08-16;sexta-feira;18:25:00;DF;"70   ";"11   ";BRASILIA;Não;Velocidade Incompatível;1;Atropelamento de Pedestre;Com Vítimas Feridas;Plena Noite;Crescente;Nublado;Dupla;Reta;Sim  ;"1114281   ";Automóvel;FIAT/IDEA ESSENCE 1.6 DL;"2011      ";Condutor;Ileso;"26   ";Masculino;"1 ";"0    ";"0    ";"0    ";-15.7897620;-48.1487270;SPRF-DF;DEL03-DF;UOP02-DEL03-DF 
621608;"1391734   ";2024-08-16;sexta-feira;18:25:00;DF;"70   ";"11   ";BRASILIA;Não;Velocidade Incompatível;1;Atropelamento de Pedestre;Com Vítimas Feridas;Plena Noite;Crescente;Nublado;Dupla;Reta;Sim  ;"0         ";"0";NA/NA;"0         ";Pedestre;Lesões Leves;"31   ";Feminino;"0 ";"1    ";"0    ";"0    ";-15.7897620;-48.1487270;SPRF-DF;DEL03-DF;UOP02-DEL03-DF 
621608;"1391733   ";2024-08-16;sexta-feira;18:25:00;DF;"70   ";"11   ";BRASILIA;Sim;Transitar no Acostamento;1;Atropelamento de Pedestre;Com Vítimas Feridas;Plena Noite;Crescente;Nublado;Dupla;Reta;Sim  ;"1114281   ";Automóvel;FIAT/IDEA ESSENCE 1.6 DL;"2011      ";Condutor;Ileso;"26   ";Masculino;"1 ";"0    ";"0    ";"0    ";-15.7897620;-48.1487270;SPRF-DF;DEL03-DF;UOP02-DEL03-DF 
621608;"1391734   ";2024-08-16;sexta-feira;18:25:00;DF;"70   ";"11   ";BRASILIA;Sim;Transitar no Acostamento;1;Atropelamento de Pedestre;Com Vítimas Feridas;Plena Noite;Crescente;Nublado;Dupla;Reta;Sim  ;"0         ";"0";NA/NA;"0         ";Pedestre;Lesões Leves;"31   ";Feminino;"0 ";"1    ";"0    ";"0    ";-15.7897620;-48.1487270;SPRF-DF;DEL03-DF;UOP02-DEL03-DF 
621617;"1391681   ";2024-08-16;sexta-feira;19:10:00;GO;"40   ";"5    ";VALPARAISO DE GOIAS;Sim;Ausência de reação do condutor;1;Queda de ocupante de veículo;Com Vítimas Feridas;Plena Noite;Decrescente;Céu Claro;Dupla;Reta;Sim  ;"1114233   ";Motocicleta;YAMAHA/YBR125I FACTOR ED;"2021      ";Condutor;Lesões Leves;"40   ";Feminino;"0 ";"1    ";"0    ";"0    ";-16.0931340;-47.9822360;SPRF-DF;DEL01-DF;UOP01-DEL01-DF 
621645;"1391939   ";2024-08-16;sexta-feira;19:40:00;GO;"70   ";"9    ";AGUAS LINDAS DE GOIAS;Não;Pedestre - Ingestão de álcool/ substâncias psicoativas;1;Atropelamento de Pedestre;Com Vítimas Fatais;Plena Noite;Decrescente;Céu Claro;Dupla;"Reta;Declive";Sim  ;"1114439   ";Automóvel;CHEVROLET/ONIX 10MT JOYE;"2018      ";Condutor;Ileso;"47   ";Masculino;"1 ";"0    ";"0    ";"0    ";-15.7357673;-48.2828805;SPRF-DF;DEL03-DF;UOP02-DEL03-DF 
621645;"1391940   ";2024-08-16;sexta-feira;19:40:00;GO;"70   ";"9    ";AGUAS LINDAS DE GOIAS;Não;Pedestre - Ingestão de álcool/ substâncias psicoativas;1;Atropelamento de Pedestre;Com Vítimas Fatais;Plena Noite;Decrescente;Céu Claro;Dupla;"Reta;Declive";Sim  ;"0         ";"0";NA/NA;"0         ";Pedestre;Óbito;"53   ";Masculino;"0 ";"0    ";"0    ";"1    ";-15.7357673;-48.2828805;SPRF-DF;DEL03-DF;UOP02-DEL03-DF 
621645;"1391939   ";2024-08-16;sexta-feira;19:40:00;GO;"70   ";"9    ";AGUAS LINDAS DE GOIAS;Sim;Pedestre cruzava a pista fora da faixa;1;Atropelamento de Pedestre;Com Vítimas Fatais;Plena Noite;Decrescente;Céu Claro;Dupla;"Reta;Declive";Sim  ;"1114439   ";Automóvel;CHEVROLET/ONIX 10MT JOYE;"2018      ";Condutor;Ileso;"47   ";Masculino;"1 ";"0    ";"0    ";"0    ";-15.7357673;-48.2828805;SPRF-DF;DEL03-DF;UOP02-DEL03-DF 
621645;"1391940   ";2024-08-16;sexta-feira;19:40:00;GO;"70   ";"9    ";AGUAS LINDAS DE GOIAS;Sim;Pedestre cruzava a pista fora da faixa;1;Atropelamento de Pedestre;Com Vítimas Fatais;Plena Noite;Decrescente;Céu Claro;Dupla;"Reta;Declive";Sim  ;"0         ";"0";NA/NA;"0         ";Pedestre;Óbito;"53   ";Masculino;"0 ";"0    ";"0    ";"1    ";-15.7357673;-48.2828805;SPRF-DF;DEL03-DF;UOP02-DEL03-DF 
621761;"1392114   ";2024-08-17;sábado;08:40:00;DF;"20   ";"10,8 ";BRASILIA;Não;Acostamento em desnível;2;Tombamento;Com Vítimas Feridas;Pleno dia;Decrescente;Céu Claro;Dupla;"Em Obras;Declive";Sim  ;"1114562   ";Motocicleta;HONDA/CG 160 TITAN;"2019      ";Condutor;Lesões Leves;"29   ";Masculino;"0 ";"1    ";"0    ";"0    ";-15.6502430;-47.7738720;SPRF-DF;DEL02-DF;UOP01-DEL02-DF 
621761;"1392114   ";2024-08-17;sábado;08:40:00;DF;"20   ";"10,8 ";BRASILIA;Não;Acumulo de areia ou detritos sobre o pavimento;2;Tombamento;Com Vítimas Feridas;Pleno dia;Decrescente;Céu Claro;Dupla;"Em Obras;Declive";Sim  ;"1114562   ";Motocicleta;HONDA/CG 160 TITAN;"2019      ";Condutor;Lesões Leves;"29   ";Masculino;"0 ";"1    ";"0    ";"0    ";-15.6502430;-47.7738720;SPRF-DF;DEL02-DF;UOP01-DEL02-DF 
621761;"1392114   ";2024-08-17;sábado;08:40:00;DF;"20   ";"10,8 ";BRASILIA;Sim;Ausência de reação do condutor;2;Tombamento;Com Vítimas Feridas;Pleno dia;Decrescente;Céu Claro;Dupla;"Em Obras;Declive";Sim  ;"1114562   ";Motocicleta;HONDA/CG 160 TITAN;"2019      ";Condutor;Lesões Leves;"29   ";Masculino;"0 ";"1    ";"0    ";"0    ";-15.6502430;-47.7738720;SPRF-DF;DEL02-DF;UOP01-DEL02-DF 
621761;"1392114   ";2024-08-17;sábado;08:40:00;DF;"20   ";"10,8 ";BRASILIA;Não;Acostamento em desnível;1;Saída de leito carroçável;Com Vítimas Feridas;Pleno dia;Decrescente;Céu Claro;Dupla;"Em Obras;Declive";Sim  ;"1114562   ";Motocicleta;HONDA/CG 160 TITAN;"2019      ";Condutor;Lesões Leves;"29   ";Masculino;"0 ";"1    ";"0    ";"0    ";-15.6502430;-47.7738720;SPRF-DF;DEL02-DF;UOP01-DEL02-DF 
621761;"1392114   ";2024-08-17;sábado;08:40:00;DF;"20   ";"10,8 ";BRASILIA;Não;Acumulo de areia ou detritos sobre o pavimento;1;Saída de leito carroçável;Com Vítimas Feridas;Pleno dia;Decrescente;Céu Claro;Dupla;"Em Obras;Declive";Sim  ;"1114562   ";Motocicleta;HONDA/CG 160 TITAN;"2019      ";Condutor;Lesões Leves;"29   ";Masculino;"0 ";"1    ";"0    ";"0    ";-15.6502430;-47.7738720;SPRF-DF;DEL02-DF;UOP01-DEL02-DF 
621761;"1392114   ";2024-08-17;sábado;08:40:00;DF;"20   ";"10,8 ";BRASILIA;Sim;Ausência de reação do condutor;1;Saída de leito carroçável;Com Vítimas Feridas;Pleno dia;Decrescente;Céu Claro;Dupla;"Em Obras;Declive";Sim  ;"1114562   ";Motocicleta;HONDA/CG 160 TITAN;"2019      ";Condutor;Lesões Leves;"29   ";Masculino;"0 ";"1    ";"0    ";"0    ";-15.6502430;-47.7738720;SPRF-DF;DEL02-DF;UOP01-DEL02-DF 
621769;"1392075   ";2024-08-17;sábado;09:23:00;DF;"60   ";"25,2 ";BRASILIA;Não;Demais falhas mecânicas ou elétricas;2;Queda de ocupante de veículo;Com Vítimas Feridas;Pleno dia;Crescente;Céu Claro;Dupla;Reta;Não  ;"1114549   ";Triciclo;ATMAN/FALCON 01;"2020      ";Condutor;Lesões Leves;"49   ";Masculino;"0 ";"1    ";"0    ";"0    ";-16.0026880;-48.2447950;SPRF-DF;DEL03-DF;UOP01-DEL03-DF 
621769;"1392075   ";2024-08-17;sábado;09:23:00;DF;"60   ";"25,2 ";BRASILIA;Sim;Reação tardia ou ineficiente do condutor;2;Queda de ocupante de veículo;Com Vítimas Feridas;Pleno dia;Crescente;Céu Claro;Dupla;Reta;Não  ;"1114549   ";Triciclo;ATMAN/FALCON 01;"2020      ";Condutor;Lesões Leves;"49   ";Masculino;"0 ";"1    ";"0    ";"0    ";-16.0026880;-48.2447950;SPRF-DF;DEL03-DF;UOP01-DEL03-DF 
621769;"1392075   ";2024-08-17;sábado;09:23:00;DF;"60   ";"25,2 ";BRASILIA;Não;Demais falhas mecânicas ou elétricas;1;Saída de leito carroçável;Com Vítimas Feridas;Pleno dia;Crescente;Céu Claro;Dupla;Reta;Não  ;"1114549   ";Triciclo;ATMAN/FALCON 01;"2020      ";Condutor;Lesões Leves;"49   ";Masculino;"0 ";"1    ";"0    ";"0    ";-16.0026880;-48.2447950;SPRF-DF;DEL03-DF;UOP01-DEL03-DF 
621769;"1392075   ";2024-08-17;sábado;09:23:00;DF;"60   ";"25,2 ";BRASILIA;Sim;Reação tardia ou ineficiente do condutor;1;Saída de leito carroçável;Com Vítimas Feridas;Pleno dia;Crescente;Céu Claro;Dupla;Reta;Não  ;"1114549   ";Triciclo;ATMAN/FALCON 01;"2020      ";Condutor;Lesões Leves;"49   ";Masculino;"0 ";"1    ";"0    ";"0    ";-16.0026880;-48.2447950;SPRF-DF;DEL03-DF;UOP01-DEL03-DF 
621780;"1392141   ";2024-08-17;sábado;10:30:00;DF;"70   ";"10   ";BRASILIA;Não;Ausência de sinalização;3;Queda de ocupante de veículo;Com Vítimas Feridas;Pleno dia;Decrescente;Céu Claro;Dupla;Reta;Sim  ;"1114514   ";Automóvel;FIAT/PUNTO ESSENCE 1.6;"2011      ";Condutor;Ileso;"50   ";Masculino;"1 ";"0    ";"0    ";"0    ";-15.7870660;-48.1407090;SPRF-DF;DEL03-DF;UOP02-DEL03-DF 
621780;"1392143   ";2024-08-17;sábado;10:30:00;DF;"70   ";"10   ";BRASILIA;Não;Ausência de sinalização;3;Queda de ocupante de veículo;Com Vítimas Feridas;Pleno dia;Decrescente;Céu Claro;Dupla;Reta;Sim  ;"1114513   ";Motocicleta;HONDA/CB 250F TWISTER;"2016      ";Condutor;Lesões Leves;"19   ";Masculino;"0 ";"1    ";"0    ";"0    ";-15.7870660;-48.1407090;SPRF-DF;DEL03-DF;UOP02-DEL03-DF 
621780;"1392141   ";2024-08-17;sábado;10:30:00;DF;"70   ";"10   ";BRASILIA;Sim;Acessar a via sem observar a presença dos outros veículos;3;Queda de ocupante de veículo;Com Vítimas Feridas;Pleno dia;Decrescente;Céu Claro;Dupla;Reta;Sim  ;"1114514   ";Automóvel;FIAT/PUNTO ESSENCE 1.6;"2011      ";Condutor;Ileso;"50   ";Masculino;"1 ";"0    ";"0    ";"0    ";-15.7870660;-48.1407090;SPRF-DF;DEL03-DF;UOP02-DEL03-DF 
621780;"1392143   ";2024-08-17;sábado;10:30:00;DF;"70   ";"10   ";BRASILIA;Sim;Acessar a via sem observar a presença dos outros veículos;3;Queda de ocupante de veículo;Com Vítimas Feridas;Pleno dia;Decrescente;Céu Claro;Dupla;Reta;Sim  ;"1114513   ";Motocicleta;HONDA/CB 250F TWISTER;"2016      ";Condutor;Lesões Leves;"19   ";Masculino;"0 ";"1    ";"0    ";"0    ";-15.7870660;-48.1407090;SPRF-DF;DEL03-DF;UOP02-DEL03-DF 
621780;"1392141   ";2024-08-17;sábado;10:30:00;DF;"70   ";"10   ";BRASILIA;Não;Ausência de sinalização;2;Tombamento;Com Vítimas Feridas;Pleno dia;Decrescente;Céu Claro;Dupla;Reta;Sim  ;"1114514   ";Automóvel;FIAT/PUNTO ESSENCE 1.6;"2011      ";Condutor;Ileso;"50   ";Masculino;"1 ";"0    ";"0    ";"0    ";-15.7870660;-48.1407090;SPRF-DF;DEL03-DF;UOP02-DEL03-DF 
621780;"1392143   ";2024-08-17;sábado;10:30:00;DF;"70   ";"10   ";BRASILIA;Não;Ausência de sinalização;2;Tombamento;Com Vítimas Feridas;Pleno dia;Decrescente;Céu Claro;Dupla;Reta;Sim  ;"1114513   ";Motocicleta;HONDA/CB 250F TWISTER;"2016      ";Condutor;Lesões Leves;"19   ";Masculino;"0 ";"1    ";"0    ";"0    ";-15.7870660;-48.1407090;SPRF-DF;DEL03-DF;UOP02-DEL03-DF 
621780;"1392141   ";2024-08-17;sábado;10:30:00;DF;"70   ";"10   ";BRASILIA;Sim;Acessar a via sem observar a presença dos outros veículos;2;Tombamento;Com Vítimas Feridas;Pleno dia;Decrescente;Céu Claro;Dupla;Reta;Sim  ;"1114514   ";Automóvel;FIAT/PUNTO ESSENCE 1.6;"2011      ";Condutor;Ileso;"50   ";Masculino;"1 ";"0    ";"0    ";"0    ";-15.7870660;-48.1407090;SPRF-DF;DEL03-DF;UOP02-DEL03-DF 
621780;"1392143   ";2024-08-17;sábado;10:30:00;DF;"70   ";"10   ";BRASILIA;Sim;Acessar a via sem observar a presença dos outros veículos;2;Tombamento;Com Vítimas Feridas;Pleno dia;Decrescente;Céu Claro;Dupla;Reta;Sim  ;"1114513   ";Motocicleta;HONDA/CB 250F TWISTER;"2016      ";Condutor;Lesões Leves;"19   ";Masculino;"0 ";"1    ";"0    ";"0    ";-15.7870660;-48.1407090;SPRF-DF;DEL03-DF;UOP02-DEL03-DF 
621780;"1392141   ";2024-08-17;sábado;10:30:00;DF;"70   ";"10   ";BRASILIA;Não;Ausência de sinalização;1;Colisão lateral mesmo sentido;Com Vítimas Feridas;Pleno dia;Decrescente;Céu Claro;Dupla;Reta;Sim  ;"1114514   ";Automóvel;FIAT/PUNTO ESSENCE 1.6;"2011      ";Condutor;Ileso;"50   ";Masculino;"1 ";"0    ";"0    ";"0    ";-15.7870660;-48.1407090;SPRF-DF;DEL03-DF;UOP02-DEL03-DF 
621780;"1392143   ";2024-08-17;sábado;10:30:00;DF;"70   ";"10   ";BRASILIA;Não;Ausência de sinalização;1;Colisão lateral mesmo sentido;Com Vítimas Feridas;Pleno dia;Decrescente;Céu Claro;Dupla;Reta;Sim  ;"1114513   ";Motocicleta;HONDA/CB 250F TWISTER;"2016      ";Condutor;Lesões Leves;"19   ";Masculino;"0 ";"1    ";"0    ";"0    ";-15.7870660;-48.1407090;SPRF-DF;DEL03-DF;UOP02-DEL03-DF 
621780;"1392141   ";2024-08-17;sábado;10:30:00;DF;"70   ";"10   ";BRASILIA;Sim;Acessar a via sem observar a presença dos outros veículos;1;Colisão lateral mesmo sentido;Com Vítimas Feridas;Pleno dia;Decrescente;Céu Claro;Dupla;Reta;Sim  ;"1114514   ";Automóvel;FIAT/PUNTO ESSENCE 1.6;"2011      ";Condutor;Ileso;"50   ";Masculino;"1 ";"0    ";"0    ";"0    ";-15.7870660;-48.1407090;SPRF-DF;DEL03-DF;UOP02-DEL03-DF 
621780;"1392143   ";2024-08-17;sábado;10:30:00;DF;"70   ";"10   ";BRASILIA;Sim;Acessar a via sem observar a presença dos outros veículos;1;Colisão lateral mesmo sentido;Com Vítimas Feridas;Pleno dia;Decrescente;Céu Claro;Dupla;Reta;Sim  ;"1114513   ";Motocicleta;HONDA/CB 250F TWISTER;"2016      ";Condutor;Lesões Leves;"19   ";Masculino;"0 ";"1    ";"0    ";"0    ";-15.7870660;-48.1407090;SPRF-DF;DEL03-DF;UOP02-DEL03-DF 
621804;"1392218   ";2024-08-17;sábado;12:33:00;DF;"20   ";"15   ";BRASILIA;Não;Velocidade Incompatível;2;Colisão com objeto;Sem Vítimas;Pleno dia;Decrescente;Céu Claro;Dupla;Reta;Não  ;"1114651   ";Automóvel;VW/VOYAGE 1.6 COMFORTL;"2011      ";Condutor;Ileso;"31   ";Feminino;"1 ";"0    ";"0    ";"0    ";-15.6301890;-47.7332880;SPRF-DF;DEL02-DF;UOP01-DEL02-DF 
621804;"1392218   ";2024-08-17;sábado;12:33:00;DF;"20   ";"15   ";BRASILIA;Não;Ausência de reação do condutor;2;Colisão com objeto;Sem Vítimas;Pleno dia;Decrescente;Céu Claro;Dupla;Reta;Não  ;"1114651   ";Automóvel;VW/VOYAGE 1.6 COMFORTL;"2011      ";Condutor;Ileso;"31   ";Feminino;"1 ";"0    ";"0    ";"0    ";-15.6301890;-47.7332880;SPRF-DF;DEL02-DF;UOP01-DEL02-DF 
621804;"1392218   ";2024-08-17;sábado;12:33:00;DF;"20   ";"15   ";BRASILIA;Sim;Falta de elemento de contenção que evite a saída do leito carroçável;2;Colisão com objeto;Sem Vítimas;Pleno dia;Decrescente;Céu Claro;Dupla;Reta;Não  ;"1114651   ";Automóvel;VW/VOYAGE 1.6 COMFORTL;"2011      ";Condutor;Ileso;"31   ";Feminino;"1 ";"0    ";"0    ";"0    ";-15.6301890;-47.7332880;SPRF-DF;DEL02-DF;UOP01-DEL02-DF 
621804;"1392218   ";2024-08-17;sábado;12:33:00;DF;"20   ";"15   ";BRASILIA;Não;Velocidade Incompatível;1;Saída de leito carroçável;Sem Vítimas;Pleno dia;Decrescente;Céu Claro;Dupla;Reta;Não  ;"1114651   ";Automóvel;VW/VOYAGE 1.6 COMFORTL;"2011      ";Condutor;Ileso;"31   ";Feminino;"1 ";"0    ";"0    ";"0    ";-15.6301890;-47.7332880;SPRF-DF;DEL02-DF;UOP01-DEL02-DF 
621804;"1392218   ";2024-08-17;sábado;12:33:00;DF;"20   ";"15   ";BRASILIA;Não;Ausência de reação do condutor;1;Saída de leito carroçável;Sem Vítimas;Pleno dia;Decrescente;Céu Claro;Dupla;Reta;Não  ;"1114651   ";Automóvel;VW/VOYAGE 1.6 COMFORTL;"2011      ";Condutor;Ileso;"31   ";Feminino;"1 ";"0    ";"0    ";"0    ";-15.6301890;-47.7332880;SPRF-DF;DEL02-DF;UOP01-DEL02-DF 
621804;"1392218   ";2024-08-17;sábado;12:33:00;DF;"20   ";"15   ";BRASILIA;Sim;Falta de elemento de contenção que evite a saída do leito carroçável;1;Saída de leito carroçável;Sem Vítimas;Pleno dia;Decrescente;Céu Claro;Dupla;Reta;Não  ;"1114651   ";Automóvel;VW/VOYAGE 1.6 COMFORTL;"2011      ";Condutor;Ileso;"31   ";Feminino;"1 ";"0    ";"0    ";"0    ";-15.6301890;-47.7332880;SPRF-DF;DEL02-DF;UOP01-DEL02-DF 
621842;"1392376   ";2024-08-17;sábado;15:56:00;GO;"40   ";"15   ";LUZIANIA;Sim;Pedestre cruzava a pista fora da faixa;1;Atropelamento de Pedestre;Com Vítimas Fatais;Pleno dia;Decrescente;Céu Claro;Dupla;Reta;Sim  ;"1114791   ";Automóvel;VW/NIVUS HL TSI;"2022      ";Condutor;Ileso;"31   ";Feminino;"1 ";"0    ";"0    ";"0    ";-16.1671000;-47.9301610;SPRF-DF;DEL01-DF;UOP01-DEL01-DF 
621842;"1392377   ";2024-08-17;sábado;15:56:00;GO;"40   ";"15   ";LUZIANIA;Sim;Pedestre cruzava a pista fora da faixa;1;Atropelamento de Pedestre;Com Vítimas Fatais;Pleno dia;Decrescente;Céu Claro;Dupla;Reta;Sim  ;"0         ";"0";NA/NA;"0         ";Pedestre;Óbito;"35   ";Masculino;"0 ";"0    ";"0    ";"1    ";-16.1671000;-47.9301610;SPRF-DF;DEL01-DF;UOP01-DEL01-DF 
621853;"1392329   ";2024-08-17;sábado;16:00:00;GO;"70   ";"3,5  ";AGUAS LINDAS DE GOIAS;Sim;Condutor deixou de manter distância do veículo da frente;2;Queda de ocupante de veículo;Com Vítimas Feridas;Pleno dia;Crescente;Céu Claro;Dupla;Reta;Sim  ;"1114749   ";Caminhão;FORD/CARGO 2628 E;"2011      ";Condutor;Ileso;"39   ";Masculino;"1 ";"0    ";"0    ";"0    ";-15.7617730;-48.2368693;SPRF-DF;DEL03-DF;UOP02-DEL03-DF 
621853;"1392328   ";2024-08-17;sábado;16:00:00;GO;"70   ";"3,5  ";AGUAS LINDAS DE GOIAS;Sim;Condutor deixou de manter distância do veículo da frente;2;Queda de ocupante de veículo;Com Vítimas Feridas;Pleno dia;Crescente;Céu Claro;Dupla;Reta;Sim  ;"1114747   ";Motocicleta;HONDA/POP 110I;"2022      ";Condutor;Lesões Leves;"23   ";Masculino;"0 ";"1    ";"0    ";"0    ";-15.7617730;-48.2368693;SPRF-DF;DEL03-DF;UOP02-DEL03-DF 