id;pesid;data_inversa;dia_semana;horario;uf;br;km;municipio;causa_principal;causa_acidente;ordem_tipo_acidente;tipo_acidente;classificacao_acidente;fase_dia;sentido_via;condicao_metereologica;tipo_pista;tracado_via;uso_solo;id_veiculo;tipo_veiculo;marca;ano_fabricacao_veiculo;tipo_envolvido;estado_fisico;idade;sexo;ilesos;feridos_leves;feridos_graves;mortos;latitude;longitude;regional;delegacia;uop
622269;"1393350   ";2024-08-19;segunda-feira;09:20:00;GO;"40   ";"3    ";VALPARAISO DE GOIAS;Sim;Manobra de mudança de faixa;1;Colisão lateral mesmo sentido;Sem Vítimas;Pleno dia;Crescente;Céu Claro;Dupla;Reta;Sim  ;"1115446   ";Ônibus;M.BENZ/MPOLO TORINO U;"2022      ";Condutor;Ileso;"57   ";Masculino;"1 ";"0    ";"0    ";"0    ";-16.0760810;-47.9856710;SPRF-DF;DEL01-DF;UOP01-DEL01-DF 
622269;"1393352   ";2024-08-19;segunda-feira;09:20:00;GO;"40   ";"3    ";VALPARAISO DE GOIAS;Sim;Manobra de mudança de faixa;1;Colisão lateral mesmo sentido;Sem Vítimas;Pleno dia;Crescente;Céu Claro;Dupla;Reta;Sim  ;"1115454   ";Automóvel;VW/POLO MA;"2023      ";Condutor;Ileso;"51   ";Feminino;"1 ";"0    ";"0    ";"0    ";-16.0760810;-47.9856710;SPRF-DF;DEL01-DF;UOP01-DEL01-DF 
622313;"1393626   ";2024-08-19;segunda-feira;13:40:00;DF;"60   ";"5,7  ";BRASILIA;Sim;Entrada inopinada do pedestre;1;Atropelamento de Pedestre;Com Vítimas Feridas;Pleno dia;Crescente;Céu Claro;Dupla;"Reta;Aclive";Sim  ;"1115668   ";Automóvel;CHEV/ONIX 10MT HB;"2024      ";Condutor;Ileso;"41   ";Masculino;"1 ";"0    ";"0    ";"0    ";-15.8954380;-48.1047710;SPRF-DF;DEL03-DF;UOP01-DEL03-DF 
622313;"1393629   ";2024-08-19;segunda-feira;13:40:00;DF;"60   ";"5,7  ";BRASILIA;Sim;Entrada inopinada do pedestre;1;Atropelamento de Pedestre;Com Vítimas Feridas;Pleno dia;Crescente;Céu Claro;Dupla;"Reta;Aclive";Sim  ;"0         ";"0";NA/NA;"0         ";Pedestre;Lesões Graves;"38   ";Masculino;"0 ";"0    ";"1    ";"0    ";-15.8954380;-48.1047710;SPRF-DF;DEL03-DF;UOP01-DEL03-DF 
622336;"1393463   ";2024-06-02;domingo;17:53:00;GO;"40   ";"34   ";LUZIANIA;Sim;Ausência de reação do condutor;1;Queda de ocupante de veículo;Com Vítimas Feridas;Anoitecer;Crescente;Ignorado;Dupla;Reta;Não  ;"1115549   ";Automóvel;Não Informado/Não Informado;"0         ";Condutor;Ileso;"0    ";Ignorado;"1 ";"0    ";"0    ";"0    ";-16.3077040;-47.8432070;SPRF-DF;DEL01-DF;UOP01-DEL01-DF 
622336;"1393454   ";2024-06-02;domingo;17:53:00;GO;"40   ";"34   ";LUZIANIA;Sim;Ausência de reação do condutor;1;Queda de ocupante de veículo;Com Vítimas Feridas;Anoitecer;Crescente;Ignorado;Dupla;Reta;Não  ;"1115537   ";Motocicleta;YAMAHA/XT 660R;"2011      ";Condutor;Lesões Graves;"0    ";Masculino;"0 ";"0    ";"1    ";"0    ";-16.3077040;-47.8432070;SPRF-DF;DEL01-DF;UOP01-DEL01-DF 
622351;"1393628   ";2024-08-19;segunda-feira;16:00:00;GO;"50   ";"104  ";CRISTALINA;Sim;Condutor Dormindo;1;Colisão traseira;Com Vítimas Feridas;Pleno dia;Crescente;Céu Claro;Dupla;Reta;Sim  ;"1115672   ";Caminhão;VW/15.180 CNM;"2011      ";Condutor;Lesões Leves;"43   ";Masculino;"0 ";"1    ";"0    ";"0    ";-16.9309000;-47.7117000;SPRF-DF;DEL01-DF;UOP02-DEL01-DF 
622351;"1393627   ";2024-08-19;segunda-feira;16:00:00;GO;"50   ";"104  ";CRISTALINA;Sim;Condutor Dormindo;1;Colisão traseira;Com Vítimas Feridas;Pleno dia;Crescente;Céu Claro;Dupla;Reta;Sim  ;"1115671   ";Caminhão-trator;M.BENZ/AXOR 2036 S;"2021      ";Condutor;Ileso;"41   ";Feminino;"1 ";"0    ";"0    ";"0    ";-16.9309000;-47.7117000;SPRF-DF;DEL01-DF;UOP02-DEL01-DF 
622351;"0         ";2024-08-19;segunda-feira;16:00:00;GO;"50   ";"104  ";CRISTALINA;Sim;Condutor Dormindo;1;Colisão traseira;Com Vítimas Feridas;Pleno dia;Crescente;Céu Claro;Dupla;Reta;Sim  ;"1118508   ";Semireboque;SR/RODOFORTSA SRFG SI 3E;"2012      ";"0";"0";"0    ";"0";"0 ";"0    ";"0    ";"0    ";-16.9309000;-47.7117000;SPRF-DF;DEL01-DF;UOP02-DEL01-DF 
622385;"1395171   ";2024-08-19;segunda-feira;19:50:00;DF;"70   ";"11   ";BRASILIA;Sim;Ingestão de álcool pelo condutor;2;Colisão traseira;Com Vítimas Feridas;Pleno dia;Crescente;Céu Claro;Dupla;Reta;Sim  ;"1116954   ";Automóvel;FORD/KA SE 1.0 HA;"2015      ";Condutor;Ileso;"50   ";Masculino;"1 ";"0    ";"0    ";"0    ";-15.7897620;-48.1487270;SPRF-DF;DEL03-DF;UOP02-DEL03-DF 
622385;"1395167   ";2024-08-19;segunda-feira;19:50:00;DF;"70   ";"11   ";BRASILIA;Sim;Ingestão de álcool pelo condutor;2;Colisão traseira;Com Vítimas Feridas;Pleno dia;Crescente;Céu Claro;Dupla;Reta;Sim  ;"1116952   ";Automóvel;VW/GOL 1.0 GIV;"2008      ";Condutor;Ileso;"41   ";Masculino;"1 ";"0    ";"0    ";"0    ";-15.7897620;-48.1487270;SPRF-DF;DEL03-DF;UOP02-DEL03-DF 
622385;"1395175   ";2024-08-19;segunda-feira;19:50:00;DF;"70   ";"11   ";BRASILIA;Sim;Ingestão de álcool pelo condutor;2;Colisão traseira;Com Vítimas Feridas;Pleno dia;Crescente;Céu Claro;Dupla;Reta;Sim  ;"1116953   ";Automóvel;IMP/FIAT PALIO EX;"1998      ";Passageiro;Lesões Leves;"11   ";Masculino;"0 ";"1    ";"0    ";"0    ";-15.7897620;-48.1487270;SPRF-DF;DEL03-DF;UOP02-DEL03-DF 
622385;"1395169   ";2024-08-19;segunda-feira;19:50:00;DF;"70   ";"11   ";BRASILIA;Sim;Ingestão de álcool pelo condutor;2;Colisão traseira;Com Vítimas Feridas;Pleno dia;Crescente;Céu Claro;Dupla;Reta;Sim  ;"1116953   ";Automóvel;IMP/FIAT PALIO EX;"1998      ";Condutor;Ileso;"43   ";Masculino;"1 ";"0    ";"0    ";"0    ";-15.7897620;-48.1487270;SPRF-DF;DEL03-DF;UOP02-DEL03-DF 
622385;"1395174   ";2024-08-19;segunda-feira;19:50:00;DF;"70   ";"11   ";BRASILIA;Sim;Ingestão de álcool pelo condutor;2;Colisão traseira;Com Vítimas Feridas;Pleno dia;Crescente;Céu Claro;Dupla;Reta;Sim  ;"1116953   ";Automóvel;IMP/FIAT PALIO EX;"1998      ";Passageiro;Ileso;"44   ";Feminino;"1 ";"0    ";"0    ";"0    ";-15.7897620;-48.1487270;SPRF-DF;DEL03-DF;UOP02-DEL03-DF 
622385;"1395171   ";2024-08-19;segunda-feira;19:50:00;DF;"70   ";"11   ";BRASILIA;Sim;Ingestão de álcool pelo condutor;1;Colisão traseira;Com Vítimas Feridas;Pleno dia;Crescente;Céu Claro;Dupla;Reta;Sim  ;"1116954   ";Automóvel;FORD/KA SE 1.0 HA;"2015      ";Condutor;Ileso;"50   ";Masculino;"1 ";"0    ";"0    ";"0    ";-15.7897620;-48.1487270;SPRF-DF;DEL03-DF;UOP02-DEL03-DF 
622385;"1395167   ";2024-08-19;segunda-feira;19:50:00;DF;"70   ";"11   ";BRASILIA;Sim;Ingestão de álcool pelo condutor;1;Colisão traseira;Com Vítimas Feridas;Pleno dia;Crescente;Céu Claro;Dupla;Reta;Sim  ;"1116952   ";Automóvel;VW/GOL 1.0 GIV;"2008      ";Condutor;Ileso;"41   ";Masculino;"1 ";"0    ";"0    ";"0    ";-15.7897620;-48.1487270;SPRF-DF;DEL03-DF;UOP02-DEL03-DF 
622385;"1395175   ";2024-08-19;segunda-feira;19:50:00;DF;"70   ";"11   ";BRASILIA;Sim;Ingestão de álcool pelo condutor;1;Colisão traseira;Com Vítimas Feridas;Pleno dia;Crescente;Céu Claro;Dupla;Reta;Sim  ;"1116953   ";Automóvel;IMP/FIAT PALIO EX;"1998      ";Passageiro;Lesões Leves;"11   ";Masculino;"0 ";"1    ";"0    ";"0    ";-15.7897620;-48.1487270;SPRF-DF;DEL03-DF;UOP02-DEL03-DF 
622385;"1395169   ";2024-08-19;segunda-feira;19:50:00;DF;"70   ";"11   ";BRASILIA;Sim;Ingestão de álcool pelo condutor;1;Colisão traseira;Com Vítimas Feridas;Pleno dia;Crescente;Céu Claro;Dupla;Reta;Sim  ;"1116953   ";Automóvel;IMP/FIAT PALIO EX;"1998      ";Condutor;Ileso;"43   ";Masculino;"1 ";"0    ";"0    ";"0    ";-15.7897620;-48.1487270;SPRF-DF;DEL03-DF;UOP02-DEL03-DF 
622385;"1395174   ";2024-08-19;segunda-feira;19:50:00;DF;"70   ";"11   ";BRASILIA;Sim;Ingestão de álcool pelo condutor;1;Colisão traseira;Com Vítimas Feridas;Pleno dia;Crescente;Céu Claro;Dupla;Reta;Sim  ;"1116953   ";Automóvel;IMP/FIAT PALIO EX;"1998      ";Passageiro;Ileso;"44   ";Feminino;"1 ";"0    ";"0    ";"0    ";-15.7897620;-48.1487270;SPRF-DF;DEL03-DF;UOP02-DEL03-DF 
622403;"1397166   ";2024-08-19;segunda-feira;21:41:00;GO;"40   ";"11   ";VALPARAISO DE GOIAS;Sim;Pedestre - Ingestão de álcool/ substâncias psicoativas;1;Atropelamento de Pedestre;Com Vítimas Feridas;Plena Noite;Decrescente;Céu Claro;Dupla;Reta;Sim  ;"1115675   ";Automóvel;FIAT/WEEKEND ADVENTURE;"0         ";Condutor;Não Informado;"0    ";Não Informado;"0 ";"0    ";"0    ";"0    ";-16.1383360;-47.9516440;SPRF-DF;DEL01-DF;UOP01-DEL01-DF 
622403;"1393632   ";2024-08-19;segunda-feira;21:41:00;GO;"40   ";"11   ";VALPARAISO DE GOIAS;Sim;Pedestre - Ingestão de álcool/ substâncias psicoativas;1;Atropelamento de Pedestre;Com Vítimas Feridas;Plena Noite;Decrescente;Céu Claro;Dupla;Reta;Sim  ;"0         ";"0";NA/NA;"0         ";Pedestre;Lesões Leves;"35   ";Masculino;"0 ";"1    ";"0    ";"0    ";-16.1383360;-47.9516440;SPRF-DF;DEL01-DF;UOP01-DEL01-DF 
622418;"1397271   ";2024-08-19;segunda-feira;22:50:00;DF;"70   ";"11   ";BRASILIA;Não;Falta de elemento de contenção que evite a saída do leito carroçável;2;Capotamento;Com Vítimas Feridas;Plena Noite;Decrescente;Céu Claro;Dupla;Reta;Sim  ;"1115760   ";Automóvel;I/CHERY QQ3 1.1;"2011      ";Passageiro;Lesões Leves;"0    ";Feminino;"0 ";"1    ";"0    ";"0    ";-15.7897620;-48.1487270;SPRF-DF;DEL03-DF;UOP02-DEL03-DF 
622418;"1393728   ";2024-08-19;segunda-feira;22:50:00;DF;"70   ";"11   ";BRASILIA;Não;Falta de elemento de contenção que evite a saída do leito carroçável;2;Capotamento;Com Vítimas Feridas;Plena Noite;Decrescente;Céu Claro;Dupla;Reta;Sim  ;"1115760   ";Automóvel;I/CHERY QQ3 1.1;"2011      ";Condutor;Lesões Leves;"44   ";Masculino;"0 ";"1    ";"0    ";"0    ";-15.7897620;-48.1487270;SPRF-DF;DEL03-DF;UOP02-DEL03-DF 
622418;"1397271   ";2024-08-19;segunda-feira;22:50:00;DF;"70   ";"11   ";BRASILIA;Não;Iluminação deficiente;2;Capotamento;Com Vítimas Feridas;Plena Noite;Decrescente;Céu Claro;Dupla;Reta;Sim  ;"1115760   ";Automóvel;I/CHERY QQ3 1.1;"2011      ";Passageiro;Lesões Leves;"0    ";Feminino;"0 ";"1    ";"0    ";"0    ";-15.7897620;-48.1487270;SPRF-DF;DEL03-DF;UOP02-DEL03-DF 
622418;"1393728   ";2024-08-19;segunda-feira;22:50:00;DF;"70   ";"11   ";BRASILIA;Não;Iluminação deficiente;2;Capotamento;Com Vítimas Feridas;Plena Noite;Decrescente;Céu Claro;Dupla;Reta;Sim  ;"1115760   ";Automóvel;I/CHERY QQ3 1.1;"2011      ";Condutor;Lesões Leves;"44   ";Masculino;"0 ";"1    ";"0    ";"0    ";-15.7897620;-48.1487270;SPRF-DF;DEL03-DF;UOP02-DEL03-DF 
622418;"1397271   ";2024-08-19;segunda-feira;22:50:00;DF;"70   ";"11   ";BRASILIA;Não;Ingestão de álcool pelo condutor;2;Capotamento;Com Vítimas Feridas;Plena Noite;Decrescente;Céu Claro;Dupla;Reta;Sim  ;"1115760   ";Automóvel;I/CHERY QQ3 1.1;"2011      ";Passageiro;Lesões Leves;"0    ";Feminino;"0 ";"1    ";"0    ";"0    ";-15.7897620;-48.1487270;SPRF-DF;DEL03-DF;UOP02-DEL03-DF 
622418;"1393728   ";2024-08-19;segunda-feira;22:50:00;DF;"70   ";"11   ";BRASILIA;Não;Ingestão de álcool pelo condutor;2;Capotamento;Com Vítimas Feridas;Plena Noite;Decrescente;Céu Claro;Dupla;Reta;Sim  ;"1115760   ";Automóvel;I/CHERY QQ3 1.1;"2011      ";Condutor;Lesões Leves;"44   ";Masculino;"0 ";"1    ";"0    ";"0    ";-15.7897620;-48.1487270;SPRF-DF;DEL03-DF;UOP02-DEL03-DF 
622418;"1397271   ";2024-08-19;segunda-feira;22:50:00;DF;"70   ";"11   ";BRASILIA;Sim;Ausência de reação do condutor;2;Capotamento;Com Vítimas Feridas;Plena Noite;Decrescente;Céu Claro;Dupla;Reta;Sim  ;"1115760   ";Automóvel;I/CHERY QQ3 1.1;"2011      ";Passageiro;Lesões Leves;"0    ";Feminino;"0 ";"1    ";"0    ";"0    ";-15.7897620;-48.1487270;SPRF-DF;DEL03-DF;UOP02-DEL03-DF 
622418;"1393728   ";2024-08-19;segunda-feira;22:50:00;DF;"70   ";"11   ";BRASILIA;Sim;Ausência de reação do condutor;2;Capotamento;Com Vítimas Feridas;Plena Noite;Decrescente;Céu Claro;Dupla;Reta;Sim  ;"1115760   ";Automóvel;I/CHERY QQ3 1.1;"2011      ";Condutor;Lesões Leves;"44   ";Masculino;"0 ";"1    ";"0    ";"0    ";-15.7897620;-48.1487270;SPRF-DF;DEL03-DF;UOP02-DEL03-DF 
622418;"1397271   ";2024-08-19;segunda-feira;22:50:00;DF;"70   ";"11   ";BRASILIA;Não;Falta de elemento de contenção que evite a saída do leito carroçável;1;Saída de leito carroçável;Com Vítimas Feridas;Plena Noite;Decrescente;Céu Claro;Dupla;Reta;Sim  ;"1115760   ";Automóvel;I/CHERY QQ3 1.1;"2011      ";Passageiro;Lesões Leves;"0    ";Feminino;"0 ";"1    ";"0    ";"0    ";-15.7897620;-48.1487270;SPRF-DF;DEL03-DF;UOP02-DEL03-DF 
622418;"1393728   ";2024-08-19;segunda-feira;22:50:00;DF;"70   ";"11   ";BRASILIA;Não;Falta de elemento de contenção que evite a saída do leito carroçável;1;Saída de leito carroçável;Com Vítimas Feridas;Plena Noite;Decrescente;Céu Claro;Dupla;Reta;Sim  ;"1115760   ";Automóvel;I/CHERY QQ3 1.1;"2011      ";Condutor;Lesões Leves;"44   ";Masculino;"0 ";"1    ";"0    ";"0    ";-15.7897620;-48.1487270;SPRF-DF;DEL03-DF;UOP02-DEL03-DF 
622418;"1397271   ";2024-08-19;segunda-feira;22:50:00;DF;"70   ";"11   ";BRASILIA;Não;Iluminação deficiente;1;Saída de leito carroçável;Com Vítimas Feridas;Plena Noite;Decrescente;Céu Claro;Dupla;Reta;Sim  ;"1115760   ";Automóvel;I/CHERY QQ3 1.1;"2011      ";Passageiro;Lesões Leves;"0    ";Feminino;"0 ";"1    ";"0    ";"0    ";-15.7897620;-48.1487270;SPRF-DF;DEL03-DF;UOP02-DEL03-DF 
622418;"1393728   ";2024-08-19;segunda-feira;22:50:00;DF;"70   ";"11   ";BRASILIA;Não;Iluminação deficiente;1;Saída de leito carroçável;Com Vítimas Feridas;Plena Noite;Decrescente;Céu Claro;Dupla;Reta;Sim  ;"1115760   ";Automóvel;I/CHERY QQ3 1.1;"2011      ";Condutor;Lesões Leves;"44   ";Masculino;"0 ";"1    ";"0    ";"0    ";-15.7897620;-48.1487270;SPRF-DF;DEL03-DF;UOP02-DEL03-DF 
622418;"1397271   ";2024-08-19;segunda-feira;22:50:00;DF;"70   ";"11   ";BRASILIA;Não;Ingestão de álcool pelo condutor;1;Saída de leito carroçável;Com Vítimas Feridas;Plena Noite;Decrescente;Céu Claro;Dupla;Reta;Sim  ;"1115760   ";Automóvel;I/CHERY QQ3 1.1;"2011      ";Passageiro;Lesões Leves;"0    ";Feminino;"0 ";"1    ";"0    ";"0    ";-15.7897620;-48.1487270;SPRF-DF;DEL03-DF;UOP02-DEL03-DF 
622418;"1393728   ";2024-08-19;segunda-feira;22:50:00;DF;"70   ";"11   ";BRASILIA;Não;Ingestão de álcool pelo condutor;1;Saída de leito carroçável;Com Vítimas Feridas;Plena Noite;Decrescente;Céu Claro;Dupla;Reta;Sim  ;"1115760   ";Automóvel;I/CHERY QQ3 1.1;"2011      ";Condutor;Lesões Leves;"44   ";Masculino;"0 ";"1    ";"0    ";"0    ";-15.7897620;-48.1487270;SPRF-DF;DEL03-DF;UOP02-DEL03-DF 
622418;"1397271   ";2024-08-19;segunda-feira;22:50:00;DF;"70   ";"11   ";BRASILIA;Sim;Ausência de reação do condutor;1;Saída de leito carroçável;Com Vítimas Feridas;Plena Noite;Decrescente;Céu Claro;Dupla;Reta;Sim  ;"1115760   ";Automóvel;I/CHERY QQ3 1.1;"2011      ";Passageiro;Lesões Leves;"0    ";Feminino;"0 ";"1    ";"0    ";"0    ";-15.7897620;-48.1487270;SPRF-DF;DEL03-DF;UOP02-DEL03-DF 
622418;"1393728   ";2024-08-19;segunda-feira;22:50:00;DF;"70   ";"11   ";BRASILIA;Sim;Ausência de reação do condutor;1;Saída de leito carroçável;Com Vítimas Feridas;Plena Noite;Decrescente;Céu Claro;Dupla;Reta;Sim  ;"1115760   ";Automóvel;I/CHERY QQ3 1.1;"2011      ";Condutor;Lesões Leves;"44   ";Masculino;"0 ";"1    ";"0    ";"0    ";-15.7897620;-48.1487270;SPRF-DF;DEL03-DF;UOP02-DEL03-DF 
622440;"1393707   ";2024-08-20;terça-feira;06:20:00;DF;"70   ";"9    ";BRASILIA;Sim;Ausência de reação do condutor;1;Colisão traseira;Com Vítimas Feridas;Pleno dia;Crescente;Céu Claro;Dupla;Reta;Sim  ;"1115738   ";Motocicleta;HONDA/NXR150 BROS ESD;"2012      ";Passageiro;Lesões Leves;"23   ";Feminino;"0 ";"1    ";"0    ";"0    ";-15.7846150;-48.1320230;SPRF-DF;DEL03-DF;UOP02-DEL03-DF 
622440;"1393705   ";2024-08-20;terça-feira;06:20:00;DF;"70   ";"9    ";BRASILIA;Sim;Ausência de reação do condutor;1;Colisão traseira;Com Vítimas Feridas;Pleno dia;Crescente;Céu Claro;Dupla;Reta;Sim  ;"1115738   ";Motocicleta;HONDA/NXR150 BROS ESD;"2012      ";Condutor;Ileso;"30   ";Masculino;"1 ";"0    ";"0    ";"0    ";-15.7846150;-48.1320230;SPRF-DF;DEL03-DF;UOP02-DEL03-DF 
622440;"1393703   ";2024-08-20;terça-feira;06:20:00;DF;"70   ";"9    ";BRASILIA;Sim;Ausência de reação do condutor;1;Colisão traseira;Com Vítimas Feridas;Pleno dia;Crescente;Céu Claro;Dupla;Reta;Sim  ;"1115737   ";Automóvel;CHEVROLET/CLASSIC LS;"2012      ";Condutor;Ileso;"52   ";Masculino;"1 ";"0    ";"0    ";"0    ";-15.7846150;-48.1320230;SPRF-DF;DEL03-DF;UOP02-DEL03-DF 
622478;"1393833   ";2024-08-20;terça-feira;09:15:00;DF;"70   ";"1,6  ";BRASILIA;Não;Condutor deixou de manter distância do veículo da frente;1;Colisão traseira;Sem Vítimas;Pleno dia;Decrescente;Céu Claro;Dupla;Reta;Sim  ;"1115849   ";Automóvel;I/HYUNDAI I30 2.0;"2010      ";Condutor;Ileso;"63   ";Masculino;"1 ";"0    ";"0    ";"0    ";-15.7952640;-48.0638010;SPRF-DF;DEL03-DF;UOP02-DEL03-DF 
622478;"1393832   ";2024-08-20;terça-feira;09:15:00;DF;"70   ";"1,6  ";BRASILIA;Não;Condutor deixou de manter distância do veículo da frente;1;Colisão traseira;Sem Vítimas;Pleno dia;Decrescente;Céu Claro;Dupla;Reta;Sim  ;"1115848   ";Ônibus;MBENZ/OF1418 NEOBUS SPEC;"2010      ";Condutor;Ileso;"29   ";Masculino;"1 ";"0    ";"0    ";"0    ";-15.7952640;-48.0638010;SPRF-DF;DEL03-DF;UOP02-DEL03-DF 
622478;"1393833   ";2024-08-20;terça-feira;09:15:00;DF;"70   ";"1,6  ";BRASILIA;Sim;Velocidade Incompatível;1;Colisão traseira;Sem Vítimas;Pleno dia;Decrescente;Céu Claro;Dupla;Reta;Sim  ;"1115849   ";Automóvel;I/HYUNDAI I30 2.0;"2010      ";Condutor;Ileso;"63   ";Masculino;"1 ";"0    ";"0    ";"0    ";-15.7952640;-48.0638010;SPRF-DF;DEL03-DF;UOP02-DEL03-DF 
622478;"1393832   ";2024-08-20;terça-feira;09:15:00;DF;"70   ";"1,6  ";BRASILIA;Sim;Velocidade Incompatível;1;Colisão traseira;Sem Vítimas;Pleno dia;Decrescente;Céu Claro;Dupla;Reta;Sim  ;"1115848   ";Ônibus;MBENZ/OF1418 NEOBUS SPEC;"2010      ";Condutor;Ileso;"29   ";Masculino;"1 ";"0    ";"0    ";"0    ";-15.7952640;-48.0638010;SPRF-DF;DEL03-DF;UOP02-DEL03-DF 
622499;"0         ";2024-08-20;terça-feira;12:20:00;GO;"20   ";"2,8  ";FORMOSA;Sim;Pedestre andava na pista;1;Atropelamento de Pedestre;Com Vítimas Feridas;Pleno dia;Crescente;Céu Claro;Simples;"Aclive;Reta";Sim  ;"1116962   ";Semireboque;REB/RANDON SR GR TR;"1990      ";"0";"0";"0    ";"0";"0 ";"0    ";"0    ";"0    ";-15.5738700;-47.3274880;SPRF-DF;DEL02-DF;UOP02-DEL02-DF 
622499;"1393874   ";2024-08-20;terça-feira;12:20:00;GO;"20   ";"2,8  ";FORMOSA;Sim;Pedestre andava na pista;1;Atropelamento de Pedestre;Com Vítimas Feridas;Pleno dia;Crescente;Céu Claro;Simples;"Aclive;Reta";Sim  ;"1115886   ";Caminhão-trator;SCANIA/T112 HW 4X2;"1990      ";Condutor;Ileso;"77   ";Masculino;"1 ";"0    ";"0    ";"0    ";-15.5738700;-47.3274880;SPRF-DF;DEL02-DF;UOP02-DEL02-DF 
622499;"1393875   ";2024-08-20;terça-feira;12:20:00;GO;"20   ";"2,8  ";FORMOSA;Sim;Pedestre andava na pista;1;Atropelamento de Pedestre;Com Vítimas Feridas;Pleno dia;Crescente;Céu Claro;Simples;"Aclive;Reta";Sim  ;"0         ";"0";NA/NA;"0         ";Pedestre;Lesões Graves;"70   ";Masculino;"0 ";"0    ";"1    ";"0    ";-15.5738700;-47.3274880;SPRF-DF;DEL02-DF;UOP02-DEL02-DF 
622499;"0         ";2024-08-20;terça-feira;12:20:00;GO;"20   ";"2,8  ";FORMOSA;Não;Reação tardia ou ineficiente do condutor;1;Atropelamento de Pedestre;Com Vítimas Feridas;Pleno dia;Crescente;Céu Claro;Simples;"Aclive;Reta";Sim  ;"1116962   ";Semireboque;REB/RANDON SR GR TR;"1990      ";"0";"0";"0    ";"0";"0 ";"0    ";"0    ";"0    ";-15.5738700;-47.3274880;SPRF-DF;DEL02-DF;UOP02-DEL02-DF 
622499;"1393874   ";2024-08-20;terça-feira;12:20:00;GO;"20   ";"2,8  ";FORMOSA;Não;Reação tardia ou ineficiente do condutor;1;Atropelamento de Pedestre;Com Vítimas Feridas;Pleno dia;Crescente;Céu Claro;Simples;"Aclive;Reta";Sim  ;"1115886   ";Caminhão-trator;SCANIA/T112 HW 4X2;"1990      ";Condutor;Ileso;"77   ";Masculino;"1 ";"0    ";"0    ";"0    ";-15.5738700;-47.3274880;SPRF-DF;DEL02-DF;UOP02-DEL02-DF 
622499;"1393875   ";2024-08-20;terça-feira;12:20:00;GO;"20   ";"2,8  ";FORMOSA;Não;Reação tardia ou ineficiente do condutor;1;Atropelamento de Pedestre;Com Vítimas Feridas;Pleno dia;Crescente;Céu Claro;Simples;"Aclive;Reta";Sim  ;"0         ";"0";NA/NA;"0         ";Pedestre;Lesões Graves;"70   ";Masculino;"0 ";"0    ";"1    ";"0    ";-15.5738700;-47.3274880;SPRF-DF;DEL02-DF;UOP02-DEL02-DF 
622499;"0         ";2024-08-20;terça-feira;12:20:00;GO;"20   ";"2,8  ";FORMOSA;Não;Condutor usando celular;1;Atropelamento de Pedestre;Com Vítimas Feridas;Pleno dia;Crescente;Céu Claro;Simples;"Aclive;Reta";Sim  ;"1116962   ";Semireboque;REB/RANDON SR GR TR;"1990      ";"0";"0";"0    ";"0";"0 ";"0    ";"0    ";"0    ";-15.5738700;-47.3274880;SPRF-DF;DEL02-DF;UOP02-DEL02-DF 
622499;"1393874   ";2024-08-20;terça-feira;12:20:00;GO;"20   ";"2,8  ";FORMOSA;Não;Condutor usando celular;1;Atropelamento de Pedestre;Com Vítimas Feridas;Pleno dia;Crescente;Céu Claro;Simples;"Aclive;Reta";Sim  ;"1115886   ";Caminhão-trator;SCANIA/T112 HW 4X2;"1990      ";Condutor;Ileso;"77   ";Masculino;"1 ";"0    ";"0    ";"0    ";-15.5738700;-47.3274880;SPRF-DF;DEL02-DF;UOP02-DEL02-DF 
622499;"1393875   ";2024-08-20;terça-feira;12:20:00;GO;"20   ";"2,8  ";FORMOSA;Não;Condutor usando celular;1;Atropelamento de Pedestre;Com Vítimas Feridas;Pleno dia;Crescente;Céu Claro;Simples;"Aclive;Reta";Sim  ;"0         ";"0";NA/NA;"0         ";Pedestre;Lesões Graves;"70   ";Masculino;"0 ";"0    ";"1    ";"0    ";-15.5738700;-47.3274880;SPRF-DF;DEL02-DF;UOP02-DEL02-DF 
622499;"0         ";2024-08-20;terça-feira;12:20:00;GO;"20   ";"2,8  ";FORMOSA;Não;Área urbana sem a presença de local apropriado para a travessia de pedestres;1;Atropelamento de Pedestre;Com Vítimas Feridas;Pleno dia;Crescente;Céu Claro;Simples;"Aclive;Reta";Sim  ;"1116962   ";Semireboque;REB/RANDON SR GR TR;"1990      ";"0";"0";"0    ";"0";"0 ";"0    ";"0    ";"0    ";-15.5738700;-47.3274880;SPRF-DF;DEL02-DF;UOP02-DEL02-DF 
622499;"1393874   ";2024-08-20;terça-feira;12:20:00;GO;"20   ";"2,8  ";FORMOSA;Não;Área urbana sem a presença de local apropriado para a travessia de pedestres;1;Atropelamento de Pedestre;Com Vítimas Feridas;Pleno dia;Crescente;Céu Claro;Simples;"Aclive;Reta";Sim  ;"1115886   ";Caminhão-trator;SCANIA/T112 HW 4X2;"1990      ";Condutor;Ileso;"77   ";Masculino;"1 ";"0    ";"0    ";"0    ";-15.5738700;-47.3274880;SPRF-DF;DEL02-DF;UOP02-DEL02-DF 
622499;"1393875   ";2024-08-20;terça-feira;12:20:00;GO;"20   ";"2,8  ";FORMOSA;Não;Área urbana sem a presença de local apropriado para a travessia de pedestres;1;Atropelamento de Pedestre;Com Vítimas Feridas;Pleno dia;Crescente;Céu Claro;Simples;"Aclive;Reta";Sim  ;"0         ";"0";NA/NA;"0         ";Pedestre;Lesões Graves;"70   ";Masculino;"0 ";"0    ";"1    ";"0    ";-15.5738700;-47.3274880;SPRF-DF;DEL02-DF;UOP02-DEL02-DF 