id;pesid;data_inversa;dia_semana;horario;uf;br;km;municipio;causa_principal;causa_acidente;ordem_tipo_acidente;tipo_acidente;classificacao_acidente;fase_dia;sentido_via;condicao_metereologica;tipo_pista;tracado_via;uso_solo;id_veiculo;tipo_veiculo;marca;ano_fabricacao_veiculo;tipo_envolvido;estado_fisico;idade;sexo;ilesos;feridos_leves;feridos_graves;mortos;latitude;longitude;regional;delegacia;uop
622499;"0         ";2024-08-20;terça-feira;12:20:00;GO;"20   ";"2,8  ";FORMOSA;Não;Pedestre - Ingestão de álcool/ substâncias psicoativas;1;Atropelamento de Pedestre;Com Vítimas Feridas;Pleno dia;Crescente;Céu Claro;Simples;"Aclive;Reta";Sim  ;"1116962   ";Semireboque;REB/RANDON SR GR TR;"1990      ";"0";"0";"0    ";"0";"0 ";"0    ";"0    ";"0    ";-15.5738700;-47.3274880;SPRF-DF;DEL02-DF;UOP02-DEL02-DF 
622499;"1393874   ";2024-08-20;terça-feira;12:20:00;GO;"20   ";"2,8  ";FORMOSA;Não;Pedestre - Ingestão de álcool/ substâncias psicoativas;1;Atropelamento de Pedestre;Com Vítimas Feridas;Pleno dia;Crescente;Céu Claro;Simples;"Aclive;Reta";Sim  ;"1115886   ";Caminhão-trator;SCANIA/T112 HW 4X2;"1990      ";Condutor;Ileso;"77   ";Masculino;"1 ";"0    ";"0    ";"0    ";-15.5738700;-47.3274880;SPRF-DF;DEL02-DF;UOP02-DEL02-DF 
622499;"1393875   ";2024-08-20;terça-feira;12:20:00;GO;"20   ";"2,8  ";FORMOSA;Não;Pedestre - Ingestão de álcool/ substâncias psicoativas;1;Atropelamento de Pedestre;Com Vítimas Feridas;Pleno dia;Crescente;Céu Claro;Simples;"Aclive;Reta";Sim  ;"0         ";"0";NA/NA;"0         ";Pedestre;Lesões Graves;"70   ";Masculino;"0 ";"0    ";"1    ";"0    ";-15.5738700;-47.3274880;SPRF-DF;DEL02-DF;UOP02-DEL02-DF 
622507;"1393838   ";2024-07-16;terça-feira;06:30:00;DF;"70   ";"11   ";BRASILIA;Sim;Acessar a via sem observar a presença dos outros veículos;1;Colisão traseira;Sem Vítimas;Pleno dia;Decrescente;Céu Claro;Múltipla;Reta;Não  ;"1115853   ";Motocicleta;HONDA/CG 160 FAN;"2022      ";Condutor;Ileso;"26   ";Masculino;"1 ";"0    ";"0    ";"0    ";-15.7897620;-48.1487270;SPRF-DF;DEL03-DF;UOP02-DEL03-DF 
622507;"1393837   ";2024-07-16;terça-feira;06:30:00;DF;"70   ";"11   ";BRASILIA;Sim;Acessar a via sem observar a presença dos outros veículos;1;Colisão traseira;Sem Vítimas;Pleno dia;Decrescente;Céu Claro;Múltipla;Reta;Não  ;"1115852   ";Automóvel;FIAT/UNO MILLE WAY ECON;"2009      ";Condutor;Ileso;"44   ";Masculino;"1 ";"0    ";"0    ";"0    ";-15.7897620;-48.1487270;SPRF-DF;DEL03-DF;UOP02-DEL03-DF 
622524;"1393924   ";2024-08-20;terça-feira;15:40:00;DF;"40   ";"0,6  ";BRASILIA;Não;Manobra de mudança de faixa;1;Colisão traseira;Com Vítimas Feridas;Pleno dia;Crescente;Sol;Dupla;Reta;Sim  ;"1115926   ";Automóvel;CHEVROLET/ONIX 10MT JOYE;"2019      ";Condutor;Ileso;"39   ";Masculino;"1 ";"0    ";"0    ";"0    ";-15.9818901;-47.9888692;SPRF-DF;DEL01-DF;UOP01-DEL01-DF 
622524;"1393922   ";2024-08-20;terça-feira;15:40:00;DF;"40   ";"0,6  ";BRASILIA;Não;Manobra de mudança de faixa;1;Colisão traseira;Com Vítimas Feridas;Pleno dia;Crescente;Sol;Dupla;Reta;Sim  ;"1115925   ";Motocicleta;BMW/G310 R;"2020      ";Condutor;Lesões Leves;"30   ";Masculino;"0 ";"1    ";"0    ";"0    ";-15.9818901;-47.9888692;SPRF-DF;DEL01-DF;UOP01-DEL01-DF 
622524;"1393924   ";2024-08-20;terça-feira;15:40:00;DF;"40   ";"0,6  ";BRASILIA;Sim;Trafegar com motocicleta (ou similar) entre as faixas;1;Colisão traseira;Com Vítimas Feridas;Pleno dia;Crescente;Sol;Dupla;Reta;Sim  ;"1115926   ";Automóvel;CHEVROLET/ONIX 10MT JOYE;"2019      ";Condutor;Ileso;"39   ";Masculino;"1 ";"0    ";"0    ";"0    ";-15.9818901;-47.9888692;SPRF-DF;DEL01-DF;UOP01-DEL01-DF 
622524;"1393922   ";2024-08-20;terça-feira;15:40:00;DF;"40   ";"0,6  ";BRASILIA;Sim;Trafegar com motocicleta (ou similar) entre as faixas;1;Colisão traseira;Com Vítimas Feridas;Pleno dia;Crescente;Sol;Dupla;Reta;Sim  ;"1115925   ";Motocicleta;BMW/G310 R;"2020      ";Condutor;Lesões Leves;"30   ";Masculino;"0 ";"1    ";"0    ";"0    ";-15.9818901;-47.9888692;SPRF-DF;DEL01-DF;UOP01-DEL01-DF 
622524;"1393924   ";2024-08-20;terça-feira;15:40:00;DF;"40   ";"0,6  ";BRASILIA;Não;Manobra de mudança de faixa;3;Tombamento;Com Vítimas Feridas;Pleno dia;Crescente;Sol;Dupla;Reta;Sim  ;"1115926   ";Automóvel;CHEVROLET/ONIX 10MT JOYE;"2019      ";Condutor;Ileso;"39   ";Masculino;"1 ";"0    ";"0    ";"0    ";-15.9818901;-47.9888692;SPRF-DF;DEL01-DF;UOP01-DEL01-DF 
622524;"1393922   ";2024-08-20;terça-feira;15:40:00;DF;"40   ";"0,6  ";BRASILIA;Não;Manobra de mudança de faixa;3;Tombamento;Com Vítimas Feridas;Pleno dia;Crescente;Sol;Dupla;Reta;Sim  ;"1115925   ";Motocicleta;BMW/G310 R;"2020      ";Condutor;Lesões Leves;"30   ";Masculino;"0 ";"1    ";"0    ";"0    ";-15.9818901;-47.9888692;SPRF-DF;DEL01-DF;UOP01-DEL01-DF 
622524;"1393924   ";2024-08-20;terça-feira;15:40:00;DF;"40   ";"0,6  ";BRASILIA;Sim;Trafegar com motocicleta (ou similar) entre as faixas;3;Tombamento;Com Vítimas Feridas;Pleno dia;Crescente;Sol;Dupla;Reta;Sim  ;"1115926   ";Automóvel;CHEVROLET/ONIX 10MT JOYE;"2019      ";Condutor;Ileso;"39   ";Masculino;"1 ";"0    ";"0    ";"0    ";-15.9818901;-47.9888692;SPRF-DF;DEL01-DF;UOP01-DEL01-DF 
622524;"1393922   ";2024-08-20;terça-feira;15:40:00;DF;"40   ";"0,6  ";BRASILIA;Sim;Trafegar com motocicleta (ou similar) entre as faixas;3;Tombamento;Com Vítimas Feridas;Pleno dia;Crescente;Sol;Dupla;Reta;Sim  ;"1115925   ";Motocicleta;BMW/G310 R;"2020      ";Condutor;Lesões Leves;"30   ";Masculino;"0 ";"1    ";"0    ";"0    ";-15.9818901;-47.9888692;SPRF-DF;DEL01-DF;UOP01-DEL01-DF 
622524;"1393924   ";2024-08-20;terça-feira;15:40:00;DF;"40   ";"0,6  ";BRASILIA;Não;Manobra de mudança de faixa;2;Queda de ocupante de veículo;Com Vítimas Feridas;Pleno dia;Crescente;Sol;Dupla;Reta;Sim  ;"1115926   ";Automóvel;CHEVROLET/ONIX 10MT JOYE;"2019      ";Condutor;Ileso;"39   ";Masculino;"1 ";"0    ";"0    ";"0    ";-15.9818901;-47.9888692;SPRF-DF;DEL01-DF;UOP01-DEL01-DF 
622524;"1393922   ";2024-08-20;terça-feira;15:40:00;DF;"40   ";"0,6  ";BRASILIA;Não;Manobra de mudança de faixa;2;Queda de ocupante de veículo;Com Vítimas Feridas;Pleno dia;Crescente;Sol;Dupla;Reta;Sim  ;"1115925   ";Motocicleta;BMW/G310 R;"2020      ";Condutor;Lesões Leves;"30   ";Masculino;"0 ";"1    ";"0    ";"0    ";-15.9818901;-47.9888692;SPRF-DF;DEL01-DF;UOP01-DEL01-DF 
622524;"1393924   ";2024-08-20;terça-feira;15:40:00;DF;"40   ";"0,6  ";BRASILIA;Sim;Trafegar com motocicleta (ou similar) entre as faixas;2;Queda de ocupante de veículo;Com Vítimas Feridas;Pleno dia;Crescente;Sol;Dupla;Reta;Sim  ;"1115926   ";Automóvel;CHEVROLET/ONIX 10MT JOYE;"2019      ";Condutor;Ileso;"39   ";Masculino;"1 ";"0    ";"0    ";"0    ";-15.9818901;-47.9888692;SPRF-DF;DEL01-DF;UOP01-DEL01-DF 
622524;"1393922   ";2024-08-20;terça-feira;15:40:00;DF;"40   ";"0,6  ";BRASILIA;Sim;Trafegar com motocicleta (ou similar) entre as faixas;2;Queda de ocupante de veículo;Com Vítimas Feridas;Pleno dia;Crescente;Sol;Dupla;Reta;Sim  ;"1115925   ";Motocicleta;BMW/G310 R;"2020      ";Condutor;Lesões Leves;"30   ";Masculino;"0 ";"1    ";"0    ";"0    ";-15.9818901;-47.9888692;SPRF-DF;DEL01-DF;UOP01-DEL01-DF 
622546;"1393998   ";2024-08-20;terça-feira;14:16:00;GO;"80   ";"132  ";BARRO ALTO;Sim;Reação tardia ou ineficiente do condutor;3;Capotamento;Com Vítimas Feridas;Pleno dia;Decrescente;Céu Claro;Dupla;Curva;Sim  ;"1115938   ";Automóvel;TOYOTA/COROLLA GLI18 CVT;"2016      ";Passageiro;Lesões Leves;"7    ";Feminino;"0 ";"1    ";"0    ";"0    ";-14.9872395;-48.9248657;SPRF-GO;DEL07-GO;UOP02-DEL07-GO 
622546;"1393997   ";2024-08-20;terça-feira;14:16:00;GO;"80   ";"132  ";BARRO ALTO;Sim;Reação tardia ou ineficiente do condutor;3;Capotamento;Com Vítimas Feridas;Pleno dia;Decrescente;Céu Claro;Dupla;Curva;Sim  ;"1115938   ";Automóvel;TOYOTA/COROLLA GLI18 CVT;"2016      ";Passageiro;Lesões Leves;"52   ";Masculino;"0 ";"1    ";"0    ";"0    ";-14.9872395;-48.9248657;SPRF-GO;DEL07-GO;UOP02-DEL07-GO 
622546;"1393995   ";2024-08-20;terça-feira;14:16:00;GO;"80   ";"132  ";BARRO ALTO;Sim;Reação tardia ou ineficiente do condutor;3;Capotamento;Com Vítimas Feridas;Pleno dia;Decrescente;Céu Claro;Dupla;Curva;Sim  ;"1115938   ";Automóvel;TOYOTA/COROLLA GLI18 CVT;"2016      ";Passageiro;Lesões Leves;"9    ";Feminino;"0 ";"1    ";"0    ";"0    ";-14.9872395;-48.9248657;SPRF-GO;DEL07-GO;UOP02-DEL07-GO 
622546;"1393994   ";2024-08-20;terça-feira;14:16:00;GO;"80   ";"132  ";BARRO ALTO;Sim;Reação tardia ou ineficiente do condutor;3;Capotamento;Com Vítimas Feridas;Pleno dia;Decrescente;Céu Claro;Dupla;Curva;Sim  ;"1115938   ";Automóvel;TOYOTA/COROLLA GLI18 CVT;"2016      ";Passageiro;Lesões Graves;"65   ";Feminino;"0 ";"0    ";"1    ";"0    ";-14.9872395;-48.9248657;SPRF-GO;DEL07-GO;UOP02-DEL07-GO 
622546;"1393943   ";2024-08-20;terça-feira;14:16:00;GO;"80   ";"132  ";BARRO ALTO;Sim;Reação tardia ou ineficiente do condutor;3;Capotamento;Com Vítimas Feridas;Pleno dia;Decrescente;Céu Claro;Dupla;Curva;Sim  ;"1115938   ";Automóvel;TOYOTA/COROLLA GLI18 CVT;"2016      ";Condutor;Lesões Leves;"42   ";Feminino;"0 ";"1    ";"0    ";"0    ";-14.9872395;-48.9248657;SPRF-GO;DEL07-GO;UOP02-DEL07-GO 
622546;"1393998   ";2024-08-20;terça-feira;14:16:00;GO;"80   ";"132  ";BARRO ALTO;Sim;Reação tardia ou ineficiente do condutor;2;Saída de leito carroçável;Com Vítimas Feridas;Pleno dia;Decrescente;Céu Claro;Dupla;Curva;Sim  ;"1115938   ";Automóvel;TOYOTA/COROLLA GLI18 CVT;"2016      ";Passageiro;Lesões Leves;"7    ";Feminino;"0 ";"1    ";"0    ";"0    ";-14.9872395;-48.9248657;SPRF-GO;DEL07-GO;UOP02-DEL07-GO 
622546;"1393997   ";2024-08-20;terça-feira;14:16:00;GO;"80   ";"132  ";BARRO ALTO;Sim;Reação tardia ou ineficiente do condutor;2;Saída de leito carroçável;Com Vítimas Feridas;Pleno dia;Decrescente;Céu Claro;Dupla;Curva;Sim  ;"1115938   ";Automóvel;TOYOTA/COROLLA GLI18 CVT;"2016      ";Passageiro;Lesões Leves;"52   ";Masculino;"0 ";"1    ";"0    ";"0    ";-14.9872395;-48.9248657;SPRF-GO;DEL07-GO;UOP02-DEL07-GO 
622546;"1393995   ";2024-08-20;terça-feira;14:16:00;GO;"80   ";"132  ";BARRO ALTO;Sim;Reação tardia ou ineficiente do condutor;2;Saída de leito carroçável;Com Vítimas Feridas;Pleno dia;Decrescente;Céu Claro;Dupla;Curva;Sim  ;"1115938   ";Automóvel;TOYOTA/COROLLA GLI18 CVT;"2016      ";Passageiro;Lesões Leves;"9    ";Feminino;"0 ";"1    ";"0    ";"0    ";-14.9872395;-48.9248657;SPRF-GO;DEL07-GO;UOP02-DEL07-GO 
622546;"1393994   ";2024-08-20;terça-feira;14:16:00;GO;"80   ";"132  ";BARRO ALTO;Sim;Reação tardia ou ineficiente do condutor;2;Saída de leito carroçável;Com Vítimas Feridas;Pleno dia;Decrescente;Céu Claro;Dupla;Curva;Sim  ;"1115938   ";Automóvel;TOYOTA/COROLLA GLI18 CVT;"2016      ";Passageiro;Lesões Graves;"65   ";Feminino;"0 ";"0    ";"1    ";"0    ";-14.9872395;-48.9248657;SPRF-GO;DEL07-GO;UOP02-DEL07-GO 
622546;"1393943   ";2024-08-20;terça-feira;14:16:00;GO;"80   ";"132  ";BARRO ALTO;Sim;Reação tardia ou ineficiente do condutor;2;Saída de leito carroçável;Com Vítimas Feridas;Pleno dia;Decrescente;Céu Claro;Dupla;Curva;Sim  ;"1115938   ";Automóvel;TOYOTA/COROLLA GLI18 CVT;"2016      ";Condutor;Lesões Leves;"42   ";Feminino;"0 ";"1    ";"0    ";"0    ";-14.9872395;-48.9248657;SPRF-GO;DEL07-GO;UOP02-DEL07-GO 
622546;"1393998   ";2024-08-20;terça-feira;14:16:00;GO;"80   ";"132  ";BARRO ALTO;Sim;Reação tardia ou ineficiente do condutor;1;Colisão com objeto;Com Vítimas Feridas;Pleno dia;Decrescente;Céu Claro;Dupla;Curva;Sim  ;"1115938   ";Automóvel;TOYOTA/COROLLA GLI18 CVT;"2016      ";Passageiro;Lesões Leves;"7    ";Feminino;"0 ";"1    ";"0    ";"0    ";-14.9872395;-48.9248657;SPRF-GO;DEL07-GO;UOP02-DEL07-GO 
622546;"1393997   ";2024-08-20;terça-feira;14:16:00;GO;"80   ";"132  ";BARRO ALTO;Sim;Reação tardia ou ineficiente do condutor;1;Colisão com objeto;Com Vítimas Feridas;Pleno dia;Decrescente;Céu Claro;Dupla;Curva;Sim  ;"1115938   ";Automóvel;TOYOTA/COROLLA GLI18 CVT;"2016      ";Passageiro;Lesões Leves;"52   ";Masculino;"0 ";"1    ";"0    ";"0    ";-14.9872395;-48.9248657;SPRF-GO;DEL07-GO;UOP02-DEL07-GO 
622546;"1393995   ";2024-08-20;terça-feira;14:16:00;GO;"80   ";"132  ";BARRO ALTO;Sim;Reação tardia ou ineficiente do condutor;1;Colisão com objeto;Com Vítimas Feridas;Pleno dia;Decrescente;Céu Claro;Dupla;Curva;Sim  ;"1115938   ";Automóvel;TOYOTA/COROLLA GLI18 CVT;"2016      ";Passageiro;Lesões Leves;"9    ";Feminino;"0 ";"1    ";"0    ";"0    ";-14.9872395;-48.9248657;SPRF-GO;DEL07-GO;UOP02-DEL07-GO 
622546;"1393994   ";2024-08-20;terça-feira;14:16:00;GO;"80   ";"132  ";BARRO ALTO;Sim;Reação tardia ou ineficiente do condutor;1;Colisão com objeto;Com Vítimas Feridas;Pleno dia;Decrescente;Céu Claro;Dupla;Curva;Sim  ;"1115938   ";Automóvel;TOYOTA/COROLLA GLI18 CVT;"2016      ";Passageiro;Lesões Graves;"65   ";Feminino;"0 ";"0    ";"1    ";"0    ";-14.9872395;-48.9248657;SPRF-GO;DEL07-GO;UOP02-DEL07-GO 
622546;"1393943   ";2024-08-20;terça-feira;14:16:00;GO;"80   ";"132  ";BARRO ALTO;Sim;Reação tardia ou ineficiente do condutor;1;Colisão com objeto;Com Vítimas Feridas;Pleno dia;Decrescente;Céu Claro;Dupla;Curva;Sim  ;"1115938   ";Automóvel;TOYOTA/COROLLA GLI18 CVT;"2016      ";Condutor;Lesões Leves;"42   ";Feminino;"0 ";"1    ";"0    ";"0    ";-14.9872395;-48.9248657;SPRF-GO;DEL07-GO;UOP02-DEL07-GO 
622596;"1394126   ";2024-08-20;terça-feira;21:50:00;DF;"20   ";"8    ";BRASILIA;Sim;Ausência de reação do condutor;1;Saída de leito carroçável;Com Vítimas Feridas;Plena Noite;Crescente;Céu Claro;Dupla;"Reta;Aclive";Sim  ;"1116077   ";Automóvel;FIAT/UNO MILLE WAY ECON;"2009      ";Condutor;Lesões Leves;"49   ";Masculino;"0 ";"1    ";"0    ";"0    ";-15.6583860;-47.7915340;SPRF-DF;DEL02-DF;UOP01-DEL02-DF 
622596;"1394126   ";2024-08-20;terça-feira;21:50:00;DF;"20   ";"8    ";BRASILIA;Sim;Ausência de reação do condutor;2;Capotamento;Com Vítimas Feridas;Plena Noite;Crescente;Céu Claro;Dupla;"Reta;Aclive";Sim  ;"1116077   ";Automóvel;FIAT/UNO MILLE WAY ECON;"2009      ";Condutor;Lesões Leves;"49   ";Masculino;"0 ";"1    ";"0    ";"0    ";-15.6583860;-47.7915340;SPRF-DF;DEL02-DF;UOP01-DEL02-DF 
622666;"1394262   ";2024-07-20;sábado;09:50:00;DF;"20   ";"14   ";BRASILIA;Sim;Reação tardia ou ineficiente do condutor;1;Colisão lateral mesmo sentido;Com Vítimas Feridas;Pleno dia;Crescente;Céu Claro;Dupla;Reta;Não  ;"1116209   ";Caminhonete;MMC/TRITON SPORT HPE;"0         ";Condutor;Não Informado;"0    ";Não Informado;"0 ";"0    ";"0    ";"0    ";-15.6349380;-47.7412410;SPRF-DF;DEL02-DF;UOP01-DEL02-DF 
622666;"1394260   ";2024-07-20;sábado;09:50:00;DF;"20   ";"14   ";BRASILIA;Sim;Reação tardia ou ineficiente do condutor;1;Colisão lateral mesmo sentido;Com Vítimas Feridas;Pleno dia;Crescente;Céu Claro;Dupla;Reta;Não  ;"1116208   ";Automóvel;FIAT/UNO WAY 1.4;"2012      ";Passageiro;Lesões Leves;"25   ";Feminino;"0 ";"1    ";"0    ";"0    ";-15.6349380;-47.7412410;SPRF-DF;DEL02-DF;UOP01-DEL02-DF 
622666;"1394259   ";2024-07-20;sábado;09:50:00;DF;"20   ";"14   ";BRASILIA;Sim;Reação tardia ou ineficiente do condutor;1;Colisão lateral mesmo sentido;Com Vítimas Feridas;Pleno dia;Crescente;Céu Claro;Dupla;Reta;Não  ;"1116208   ";Automóvel;FIAT/UNO WAY 1.4;"2012      ";Condutor;Ileso;"24   ";Feminino;"1 ";"0    ";"0    ";"0    ";-15.6349380;-47.7412410;SPRF-DF;DEL02-DF;UOP01-DEL02-DF 
622715;"1394384   ";2024-08-15;quinta-feira;16:40:00;GO;"60   ";"58,9 ";ABADIANIA;Sim;Manobra de mudança de faixa;1;Colisão traseira;Com Vítimas Feridas;Pleno dia;Crescente;Céu Claro;Dupla;Retorno Regulamentado;Não  ;"1116313   ";Automóvel;I/RENAULT FLUENCE DYN20A;"2011      ";Condutor;Ileso;"62   ";Masculino;"1 ";"0    ";"0    ";"0    ";-16.1871830;-48.6858550;SPRF-GO;DEL02-GO;UOP01-DEL02-GO 
622715;"1394383   ";2024-08-15;quinta-feira;16:40:00;GO;"60   ";"58,9 ";ABADIANIA;Sim;Manobra de mudança de faixa;1;Colisão traseira;Com Vítimas Feridas;Pleno dia;Crescente;Céu Claro;Dupla;Retorno Regulamentado;Não  ;"1116312   ";Automóvel;FORD/FIESTA FLEX;"2009      ";Condutor;Lesões Graves;"20   ";Masculino;"0 ";"0    ";"1    ";"0    ";-16.1871830;-48.6858550;SPRF-GO;DEL02-GO;UOP01-DEL02-GO 
622715;"1394384   ";2024-08-15;quinta-feira;16:40:00;GO;"60   ";"58,9 ";ABADIANIA;Não;Velocidade Incompatível;1;Colisão traseira;Com Vítimas Feridas;Pleno dia;Crescente;Céu Claro;Dupla;Retorno Regulamentado;Não  ;"1116313   ";Automóvel;I/RENAULT FLUENCE DYN20A;"2011      ";Condutor;Ileso;"62   ";Masculino;"1 ";"0    ";"0    ";"0    ";-16.1871830;-48.6858550;SPRF-GO;DEL02-GO;UOP01-DEL02-GO 
622715;"1394383   ";2024-08-15;quinta-feira;16:40:00;GO;"60   ";"58,9 ";ABADIANIA;Não;Velocidade Incompatível;1;Colisão traseira;Com Vítimas Feridas;Pleno dia;Crescente;Céu Claro;Dupla;Retorno Regulamentado;Não  ;"1116312   ";Automóvel;FORD/FIESTA FLEX;"2009      ";Condutor;Lesões Graves;"20   ";Masculino;"0 ";"0    ";"1    ";"0    ";-16.1871830;-48.6858550;SPRF-GO;DEL02-GO;UOP01-DEL02-GO 
622789;"1394688   ";2024-08-22;quinta-feira;01:15:00;DF;"70   ";"2,3  ";BRASILIA;Não;Ausência de reação do condutor;3;Capotamento;Com Vítimas Feridas;Plena Noite;Crescente;Céu Claro;Dupla;Reta;Sim  ;"1116540   ";Automóvel;FIAT/BRAVO ABSOLUTE DUAL;"2012      ";Condutor;Lesões Leves;"21   ";Masculino;"0 ";"1    ";"0    ";"0    ";-15.8024530;-48.0803870;SPRF-DF;DEL03-DF;UOP02-DEL03-DF 
622789;"1394688   ";2024-08-22;quinta-feira;01:15:00;DF;"70   ";"2,3  ";BRASILIA;Sim;Condutor Dormindo;3;Capotamento;Com Vítimas Feridas;Plena Noite;Crescente;Céu Claro;Dupla;Reta;Sim  ;"1116540   ";Automóvel;FIAT/BRAVO ABSOLUTE DUAL;"2012      ";Condutor;Lesões Leves;"21   ";Masculino;"0 ";"1    ";"0    ";"0    ";-15.8024530;-48.0803870;SPRF-DF;DEL03-DF;UOP02-DEL03-DF 
622789;"1394688   ";2024-08-22;quinta-feira;01:15:00;DF;"70   ";"2,3  ";BRASILIA;Não;Ausência de reação do condutor;2;Saída de leito carroçável;Com Vítimas Feridas;Plena Noite;Crescente;Céu Claro;Dupla;Reta;Sim  ;"1116540   ";Automóvel;FIAT/BRAVO ABSOLUTE DUAL;"2012      ";Condutor;Lesões Leves;"21   ";Masculino;"0 ";"1    ";"0    ";"0    ";-15.8024530;-48.0803870;SPRF-DF;DEL03-DF;UOP02-DEL03-DF 
622789;"1394688   ";2024-08-22;quinta-feira;01:15:00;DF;"70   ";"2,3  ";BRASILIA;Sim;Condutor Dormindo;2;Saída de leito carroçável;Com Vítimas Feridas;Plena Noite;Crescente;Céu Claro;Dupla;Reta;Sim  ;"1116540   ";Automóvel;FIAT/BRAVO ABSOLUTE DUAL;"2012      ";Condutor;Lesões Leves;"21   ";Masculino;"0 ";"1    ";"0    ";"0    ";-15.8024530;-48.0803870;SPRF-DF;DEL03-DF;UOP02-DEL03-DF 
622789;"1394688   ";2024-08-22;quinta-feira;01:15:00;DF;"70   ";"2,3  ";BRASILIA;Não;Ausência de reação do condutor;4;Colisão com objeto;Com Vítimas Feridas;Plena Noite;Crescente;Céu Claro;Dupla;Reta;Sim  ;"1116540   ";Automóvel;FIAT/BRAVO ABSOLUTE DUAL;"2012      ";Condutor;Lesões Leves;"21   ";Masculino;"0 ";"1    ";"0    ";"0    ";-15.8024530;-48.0803870;SPRF-DF;DEL03-DF;UOP02-DEL03-DF 
622789;"1394688   ";2024-08-22;quinta-feira;01:15:00;DF;"70   ";"2,3  ";BRASILIA;Sim;Condutor Dormindo;4;Colisão com objeto;Com Vítimas Feridas;Plena Noite;Crescente;Céu Claro;Dupla;Reta;Sim  ;"1116540   ";Automóvel;FIAT/BRAVO ABSOLUTE DUAL;"2012      ";Condutor;Lesões Leves;"21   ";Masculino;"0 ";"1    ";"0    ";"0    ";-15.8024530;-48.0803870;SPRF-DF;DEL03-DF;UOP02-DEL03-DF 
622789;"1394688   ";2024-08-22;quinta-feira;01:15:00;DF;"70   ";"2,3  ";BRASILIA;Não;Ausência de reação do condutor;1;Colisão com objeto;Com Vítimas Feridas;Plena Noite;Crescente;Céu Claro;Dupla;Reta;Sim  ;"1116540   ";Automóvel;FIAT/BRAVO ABSOLUTE DUAL;"2012      ";Condutor;Lesões Leves;"21   ";Masculino;"0 ";"1    ";"0    ";"0    ";-15.8024530;-48.0803870;SPRF-DF;DEL03-DF;UOP02-DEL03-DF 
622789;"1394688   ";2024-08-22;quinta-feira;01:15:00;DF;"70   ";"2,3  ";BRASILIA;Sim;Condutor Dormindo;1;Colisão com objeto;Com Vítimas Feridas;Plena Noite;Crescente;Céu Claro;Dupla;Reta;Sim  ;"1116540   ";Automóvel;FIAT/BRAVO ABSOLUTE DUAL;"2012      ";Condutor;Lesões Leves;"21   ";Masculino;"0 ";"1    ";"0    ";"0    ";-15.8024530;-48.0803870;SPRF-DF;DEL03-DF;UOP02-DEL03-DF 
622807;"1398395   ";2024-08-22;quinta-feira;06:50:00;GO;"414  ";"372,9";COCALZINHO DE GOIAS;Sim;Estacionar ou parar em local proibido;2;Saída de leito carroçável;Com Vítimas Feridas;Pleno dia;Decrescente;Céu Claro;Dupla;Reta;Não  ;"1116528   ";Micro-ônibus;I/M.BENZ 313 CDI FFBM 28;"2011      ";Passageiro;Lesões Leves;"51   ";Masculino;"0 ";"1    ";"0    ";"0    ";-15.7867166;-48.7703327;SPRF-GO;DEL02-GO;UOP01-DEL02-GO 
622807;"1398158   ";2024-08-22;quinta-feira;06:50:00;GO;"414  ";"372,9";COCALZINHO DE GOIAS;Sim;Estacionar ou parar em local proibido;2;Saída de leito carroçável;Com Vítimas Feridas;Pleno dia;Decrescente;Céu Claro;Dupla;Reta;Não  ;"1116528   ";Micro-ônibus;I/M.BENZ 313 CDI FFBM 28;"2011      ";Passageiro;Lesões Leves;"31   ";Feminino;"0 ";"1    ";"0    ";"0    ";-15.7867166;-48.7703327;SPRF-GO;DEL02-GO;UOP01-DEL02-GO 
622807;"1398157   ";2024-08-22;quinta-feira;06:50:00;GO;"414  ";"372,9";COCALZINHO DE GOIAS;Sim;Estacionar ou parar em local proibido;2;Saída de leito carroçável;Com Vítimas Feridas;Pleno dia;Decrescente;Céu Claro;Dupla;Reta;Não  ;"1116528   ";Micro-ônibus;I/M.BENZ 313 CDI FFBM 28;"2011      ";Passageiro;Lesões Leves;"35   ";Feminino;"0 ";"1    ";"0    ";"0    ";-15.7867166;-48.7703327;SPRF-GO;DEL02-GO;UOP01-DEL02-GO 
622807;"1398154   ";2024-08-22;quinta-feira;06:50:00;GO;"414  ";"372,9";COCALZINHO DE GOIAS;Sim;Estacionar ou parar em local proibido;2;Saída de leito carroçável;Com Vítimas Feridas;Pleno dia;Decrescente;Céu Claro;Dupla;Reta;Não  ;"1116528   ";Micro-ônibus;I/M.BENZ 313 CDI FFBM 28;"2011      ";Passageiro;Lesões Leves;"22   ";Feminino;"0 ";"1    ";"0    ";"0    ";-15.7867166;-48.7703327;SPRF-GO;DEL02-GO;UOP01-DEL02-GO 
622807;"1398152   ";2024-08-22;quinta-feira;06:50:00;GO;"414  ";"372,9";COCALZINHO DE GOIAS;Sim;Estacionar ou parar em local proibido;2;Saída de leito carroçável;Com Vítimas Feridas;Pleno dia;Decrescente;Céu Claro;Dupla;Reta;Não  ;"1116528   ";Micro-ônibus;I/M.BENZ 313 CDI FFBM 28;"2011      ";Passageiro;Lesões Leves;"41   ";Feminino;"0 ";"1    ";"0    ";"0    ";-15.7867166;-48.7703327;SPRF-GO;DEL02-GO;UOP01-DEL02-GO 