id;pesid;data_inversa;dia_semana;horario;uf;br;km;municipio;causa_principal;causa_acidente;ordem_tipo_acidente;tipo_acidente;classificacao_acidente;fase_dia;sentido_via;condicao_metereologica;tipo_pista;tracado_via;uso_solo;id_veiculo;tipo_veiculo;marca;ano_fabricacao_veiculo;tipo_envolvido;estado_fisico;idade;sexo;ilesos;feridos_leves;feridos_graves;mortos;latitude;longitude;regional;delegacia;uop
623529;"1396585   ";2024-08-25;domingo;11:05:00;GO;"414  ";"387,5";CORUMBA DE GOIAS;Sim;Velocidade Incompatível;2;Colisão frontal;Com Vítimas Fatais;Pleno dia;Crescente;Céu Claro;Simples;Curva;Não  ;"1118099   ";Motocicleta;BMW/S1000 RR;"2024      ";Condutor;Lesões Leves;"40   ";Masculino;"0 ";"1    ";"0    ";"0    ";-15.8809300;-48.7906800;SPRF-GO;DEL02-GO;UOP01-DEL02-GO 
623529;"1396584   ";2024-08-25;domingo;11:05:00;GO;"414  ";"387,5";CORUMBA DE GOIAS;Sim;Velocidade Incompatível;2;Colisão frontal;Com Vítimas Fatais;Pleno dia;Crescente;Céu Claro;Simples;Curva;Não  ;"1118098   ";Motocicleta;JTA-SUZUKI/GSX-S1000 AZ;"2019      ";Condutor;Lesões Leves;"22   ";Masculino;"0 ";"1    ";"0    ";"0    ";-15.8809300;-48.7906800;SPRF-GO;DEL02-GO;UOP01-DEL02-GO 
623529;"1396583   ";2024-08-25;domingo;11:05:00;GO;"414  ";"387,5";CORUMBA DE GOIAS;Sim;Velocidade Incompatível;2;Colisão frontal;Com Vítimas Fatais;Pleno dia;Crescente;Céu Claro;Simples;Curva;Não  ;"1118096   ";Motocicleta;KAWASAKI/NINJA 400;"2021      ";Condutor;Óbito;"20   ";Masculino;"0 ";"0    ";"0    ";"1    ";-15.8809300;-48.7906800;SPRF-GO;DEL02-GO;UOP01-DEL02-GO 
623540;"1396380   ";2024-08-25;domingo;12:50:00;GO;"60   ";"11   ";SANTO ANTONIO DO DESCOBERTO;Não;Manobra de mudança de faixa;2;Tombamento;Com Vítimas Feridas;Pleno dia;Crescente;Nublado;Dupla;"Declive;Reta";Não  ;"1117956   ";Automóvel;FORD/FIESTA CLX;"1996      ";Passageiro;Lesões Leves;"19   ";Feminino;"0 ";"1    ";"0    ";"0    ";-16.1140450;-48.3290300;SPRF-DF;DEL03-DF;UOP01-DEL03-DF 
623540;"1396375   ";2024-08-25;domingo;12:50:00;GO;"60   ";"11   ";SANTO ANTONIO DO DESCOBERTO;Não;Manobra de mudança de faixa;2;Tombamento;Com Vítimas Feridas;Pleno dia;Crescente;Nublado;Dupla;"Declive;Reta";Não  ;"1117956   ";Automóvel;FORD/FIESTA CLX;"1996      ";Condutor;Ileso;"21   ";Masculino;"1 ";"0    ";"0    ";"0    ";-16.1140450;-48.3290300;SPRF-DF;DEL03-DF;UOP01-DEL03-DF 
623540;"1396379   ";2024-08-25;domingo;12:50:00;GO;"60   ";"11   ";SANTO ANTONIO DO DESCOBERTO;Não;Manobra de mudança de faixa;2;Tombamento;Com Vítimas Feridas;Pleno dia;Crescente;Nublado;Dupla;"Declive;Reta";Não  ;"1117955   ";Automóvel;I/FORD FIESTA SE HA;"2012      ";Passageiro;Ileso;"6    ";Feminino;"1 ";"0    ";"0    ";"0    ";-16.1140450;-48.3290300;SPRF-DF;DEL03-DF;UOP01-DEL03-DF 
623540;"1396377   ";2024-08-25;domingo;12:50:00;GO;"60   ";"11   ";SANTO ANTONIO DO DESCOBERTO;Não;Manobra de mudança de faixa;2;Tombamento;Com Vítimas Feridas;Pleno dia;Crescente;Nublado;Dupla;"Declive;Reta";Não  ;"1117955   ";Automóvel;I/FORD FIESTA SE HA;"2012      ";Passageiro;Ileso;"58   ";Masculino;"1 ";"0    ";"0    ";"0    ";-16.1140450;-48.3290300;SPRF-DF;DEL03-DF;UOP01-DEL03-DF 
623540;"1396373   ";2024-08-25;domingo;12:50:00;GO;"60   ";"11   ";SANTO ANTONIO DO DESCOBERTO;Não;Manobra de mudança de faixa;2;Tombamento;Com Vítimas Feridas;Pleno dia;Crescente;Nublado;Dupla;"Declive;Reta";Não  ;"1117955   ";Automóvel;I/FORD FIESTA SE HA;"2012      ";Condutor;Ileso;"54   ";Feminino;"1 ";"0    ";"0    ";"0    ";-16.1140450;-48.3290300;SPRF-DF;DEL03-DF;UOP01-DEL03-DF 
623540;"1396380   ";2024-08-25;domingo;12:50:00;GO;"60   ";"11   ";SANTO ANTONIO DO DESCOBERTO;Sim;Reação tardia ou ineficiente do condutor;2;Tombamento;Com Vítimas Feridas;Pleno dia;Crescente;Nublado;Dupla;"Declive;Reta";Não  ;"1117956   ";Automóvel;FORD/FIESTA CLX;"1996      ";Passageiro;Lesões Leves;"19   ";Feminino;"0 ";"1    ";"0    ";"0    ";-16.1140450;-48.3290300;SPRF-DF;DEL03-DF;UOP01-DEL03-DF 
623540;"1396375   ";2024-08-25;domingo;12:50:00;GO;"60   ";"11   ";SANTO ANTONIO DO DESCOBERTO;Sim;Reação tardia ou ineficiente do condutor;2;Tombamento;Com Vítimas Feridas;Pleno dia;Crescente;Nublado;Dupla;"Declive;Reta";Não  ;"1117956   ";Automóvel;FORD/FIESTA CLX;"1996      ";Condutor;Ileso;"21   ";Masculino;"1 ";"0    ";"0    ";"0    ";-16.1140450;-48.3290300;SPRF-DF;DEL03-DF;UOP01-DEL03-DF 
623540;"1396379   ";2024-08-25;domingo;12:50:00;GO;"60   ";"11   ";SANTO ANTONIO DO DESCOBERTO;Sim;Reação tardia ou ineficiente do condutor;2;Tombamento;Com Vítimas Feridas;Pleno dia;Crescente;Nublado;Dupla;"Declive;Reta";Não  ;"1117955   ";Automóvel;I/FORD FIESTA SE HA;"2012      ";Passageiro;Ileso;"6    ";Feminino;"1 ";"0    ";"0    ";"0    ";-16.1140450;-48.3290300;SPRF-DF;DEL03-DF;UOP01-DEL03-DF 
623540;"1396377   ";2024-08-25;domingo;12:50:00;GO;"60   ";"11   ";SANTO ANTONIO DO DESCOBERTO;Sim;Reação tardia ou ineficiente do condutor;2;Tombamento;Com Vítimas Feridas;Pleno dia;Crescente;Nublado;Dupla;"Declive;Reta";Não  ;"1117955   ";Automóvel;I/FORD FIESTA SE HA;"2012      ";Passageiro;Ileso;"58   ";Masculino;"1 ";"0    ";"0    ";"0    ";-16.1140450;-48.3290300;SPRF-DF;DEL03-DF;UOP01-DEL03-DF 
623540;"1396373   ";2024-08-25;domingo;12:50:00;GO;"60   ";"11   ";SANTO ANTONIO DO DESCOBERTO;Sim;Reação tardia ou ineficiente do condutor;2;Tombamento;Com Vítimas Feridas;Pleno dia;Crescente;Nublado;Dupla;"Declive;Reta";Não  ;"1117955   ";Automóvel;I/FORD FIESTA SE HA;"2012      ";Condutor;Ileso;"54   ";Feminino;"1 ";"0    ";"0    ";"0    ";-16.1140450;-48.3290300;SPRF-DF;DEL03-DF;UOP01-DEL03-DF 
623540;"1396380   ";2024-08-25;domingo;12:50:00;GO;"60   ";"11   ";SANTO ANTONIO DO DESCOBERTO;Não;Manobra de mudança de faixa;1;Colisão transversal;Com Vítimas Feridas;Pleno dia;Crescente;Nublado;Dupla;"Declive;Reta";Não  ;"1117956   ";Automóvel;FORD/FIESTA CLX;"1996      ";Passageiro;Lesões Leves;"19   ";Feminino;"0 ";"1    ";"0    ";"0    ";-16.1140450;-48.3290300;SPRF-DF;DEL03-DF;UOP01-DEL03-DF 
623540;"1396375   ";2024-08-25;domingo;12:50:00;GO;"60   ";"11   ";SANTO ANTONIO DO DESCOBERTO;Não;Manobra de mudança de faixa;1;Colisão transversal;Com Vítimas Feridas;Pleno dia;Crescente;Nublado;Dupla;"Declive;Reta";Não  ;"1117956   ";Automóvel;FORD/FIESTA CLX;"1996      ";Condutor;Ileso;"21   ";Masculino;"1 ";"0    ";"0    ";"0    ";-16.1140450;-48.3290300;SPRF-DF;DEL03-DF;UOP01-DEL03-DF 
623540;"1396379   ";2024-08-25;domingo;12:50:00;GO;"60   ";"11   ";SANTO ANTONIO DO DESCOBERTO;Não;Manobra de mudança de faixa;1;Colisão transversal;Com Vítimas Feridas;Pleno dia;Crescente;Nublado;Dupla;"Declive;Reta";Não  ;"1117955   ";Automóvel;I/FORD FIESTA SE HA;"2012      ";Passageiro;Ileso;"6    ";Feminino;"1 ";"0    ";"0    ";"0    ";-16.1140450;-48.3290300;SPRF-DF;DEL03-DF;UOP01-DEL03-DF 
623540;"1396377   ";2024-08-25;domingo;12:50:00;GO;"60   ";"11   ";SANTO ANTONIO DO DESCOBERTO;Não;Manobra de mudança de faixa;1;Colisão transversal;Com Vítimas Feridas;Pleno dia;Crescente;Nublado;Dupla;"Declive;Reta";Não  ;"1117955   ";Automóvel;I/FORD FIESTA SE HA;"2012      ";Passageiro;Ileso;"58   ";Masculino;"1 ";"0    ";"0    ";"0    ";-16.1140450;-48.3290300;SPRF-DF;DEL03-DF;UOP01-DEL03-DF 
623540;"1396373   ";2024-08-25;domingo;12:50:00;GO;"60   ";"11   ";SANTO ANTONIO DO DESCOBERTO;Não;Manobra de mudança de faixa;1;Colisão transversal;Com Vítimas Feridas;Pleno dia;Crescente;Nublado;Dupla;"Declive;Reta";Não  ;"1117955   ";Automóvel;I/FORD FIESTA SE HA;"2012      ";Condutor;Ileso;"54   ";Feminino;"1 ";"0    ";"0    ";"0    ";-16.1140450;-48.3290300;SPRF-DF;DEL03-DF;UOP01-DEL03-DF 
623540;"1396380   ";2024-08-25;domingo;12:50:00;GO;"60   ";"11   ";SANTO ANTONIO DO DESCOBERTO;Sim;Reação tardia ou ineficiente do condutor;1;Colisão transversal;Com Vítimas Feridas;Pleno dia;Crescente;Nublado;Dupla;"Declive;Reta";Não  ;"1117956   ";Automóvel;FORD/FIESTA CLX;"1996      ";Passageiro;Lesões Leves;"19   ";Feminino;"0 ";"1    ";"0    ";"0    ";-16.1140450;-48.3290300;SPRF-DF;DEL03-DF;UOP01-DEL03-DF 
623540;"1396375   ";2024-08-25;domingo;12:50:00;GO;"60   ";"11   ";SANTO ANTONIO DO DESCOBERTO;Sim;Reação tardia ou ineficiente do condutor;1;Colisão transversal;Com Vítimas Feridas;Pleno dia;Crescente;Nublado;Dupla;"Declive;Reta";Não  ;"1117956   ";Automóvel;FORD/FIESTA CLX;"1996      ";Condutor;Ileso;"21   ";Masculino;"1 ";"0    ";"0    ";"0    ";-16.1140450;-48.3290300;SPRF-DF;DEL03-DF;UOP01-DEL03-DF 
623540;"1396379   ";2024-08-25;domingo;12:50:00;GO;"60   ";"11   ";SANTO ANTONIO DO DESCOBERTO;Sim;Reação tardia ou ineficiente do condutor;1;Colisão transversal;Com Vítimas Feridas;Pleno dia;Crescente;Nublado;Dupla;"Declive;Reta";Não  ;"1117955   ";Automóvel;I/FORD FIESTA SE HA;"2012      ";Passageiro;Ileso;"6    ";Feminino;"1 ";"0    ";"0    ";"0    ";-16.1140450;-48.3290300;SPRF-DF;DEL03-DF;UOP01-DEL03-DF 
623540;"1396377   ";2024-08-25;domingo;12:50:00;GO;"60   ";"11   ";SANTO ANTONIO DO DESCOBERTO;Sim;Reação tardia ou ineficiente do condutor;1;Colisão transversal;Com Vítimas Feridas;Pleno dia;Crescente;Nublado;Dupla;"Declive;Reta";Não  ;"1117955   ";Automóvel;I/FORD FIESTA SE HA;"2012      ";Passageiro;Ileso;"58   ";Masculino;"1 ";"0    ";"0    ";"0    ";-16.1140450;-48.3290300;SPRF-DF;DEL03-DF;UOP01-DEL03-DF 
623540;"1396373   ";2024-08-25;domingo;12:50:00;GO;"60   ";"11   ";SANTO ANTONIO DO DESCOBERTO;Sim;Reação tardia ou ineficiente do condutor;1;Colisão transversal;Com Vítimas Feridas;Pleno dia;Crescente;Nublado;Dupla;"Declive;Reta";Não  ;"1117955   ";Automóvel;I/FORD FIESTA SE HA;"2012      ";Condutor;Ileso;"54   ";Feminino;"1 ";"0    ";"0    ";"0    ";-16.1140450;-48.3290300;SPRF-DF;DEL03-DF;UOP01-DEL03-DF 
623575;"1396360   ";2024-08-25;domingo;16:25:00;DF;"20   ";"0    ";BRASILIA;Sim;Demais falhas mecânicas ou elétricas;1;Colisão traseira;Com Vítimas Feridas;Pleno dia;Crescente;Céu Claro;Dupla;Curva;Sim  ;"1117938   ";Automóvel;I/FORD FUSION;"2007      ";Condutor;Ileso;"41   ";Masculino;"1 ";"0    ";"0    ";"0    ";-15.6881450;-47.8587970;SPRF-DF;DEL02-DF;UOP01-DEL02-DF 
623575;"1396357   ";2024-08-25;domingo;16:25:00;DF;"20   ";"0    ";BRASILIA;Sim;Demais falhas mecânicas ou elétricas;1;Colisão traseira;Com Vítimas Feridas;Pleno dia;Crescente;Céu Claro;Dupla;Curva;Sim  ;"1117934   ";Automóvel;HONDA/FIT LX FLEX;"2009      ";Condutor;Lesões Leves;"53   ";Feminino;"0 ";"1    ";"0    ";"0    ";-15.6881450;-47.8587970;SPRF-DF;DEL02-DF;UOP01-DEL02-DF 
623590;"1396421   ";2024-08-25;domingo;18:43:00;GO;"40   ";"15,7 ";LUZIANIA;Não;Velocidade Incompatível;1;Saída de leito carroçável;Sem Vítimas;Plena Noite;Decrescente;Céu Claro;Dupla;"Declive;Reta";Sim  ;"1117992   ";Automóvel;RENAULT/SANDERO EXP 16;"2009      ";Condutor;Não Informado;"0    ";Não Informado;"0 ";"0    ";"0    ";"0    ";-16.1785780;-47.9291020;SPRF-DF;DEL01-DF;UOP01-DEL01-DF 
623590;"1396421   ";2024-08-25;domingo;18:43:00;GO;"40   ";"15,7 ";LUZIANIA;Sim;Reação tardia ou ineficiente do condutor;1;Saída de leito carroçável;Sem Vítimas;Plena Noite;Decrescente;Céu Claro;Dupla;"Declive;Reta";Sim  ;"1117992   ";Automóvel;RENAULT/SANDERO EXP 16;"2009      ";Condutor;Não Informado;"0    ";Não Informado;"0 ";"0    ";"0    ";"0    ";-16.1785780;-47.9291020;SPRF-DF;DEL01-DF;UOP01-DEL01-DF 
623591;"1396768   ";2024-08-25;domingo;18:49:00;GO;"40   ";"25   ";LUZIANIA;Sim;Ausência de reação do condutor;1;Saída de leito carroçável;Sem Vítimas;Plena Noite;Decrescente;Nevoeiro/Neblina;Simples;Reta;Não  ;"1118009   ";Automóvel;VW/FUSCA 1300;"1980      ";Passageiro;Ileso;"0    ";Feminino;"1 ";"0    ";"0    ";"0    ";-16.2527510;-47.9004530;SPRF-DF;DEL01-DF;UOP01-DEL01-DF 
623591;"1396748   ";2024-08-25;domingo;18:49:00;GO;"40   ";"25   ";LUZIANIA;Sim;Ausência de reação do condutor;1;Saída de leito carroçável;Sem Vítimas;Plena Noite;Decrescente;Nevoeiro/Neblina;Simples;Reta;Não  ;"1118009   ";Automóvel;VW/FUSCA 1300;"1980      ";Passageiro;Ileso;"62   ";Feminino;"1 ";"0    ";"0    ";"0    ";-16.2527510;-47.9004530;SPRF-DF;DEL01-DF;UOP01-DEL01-DF 
623591;"1396747   ";2024-08-25;domingo;18:49:00;GO;"40   ";"25   ";LUZIANIA;Sim;Ausência de reação do condutor;1;Saída de leito carroçável;Sem Vítimas;Plena Noite;Decrescente;Nevoeiro/Neblina;Simples;Reta;Não  ;"1118009   ";Automóvel;VW/FUSCA 1300;"1980      ";Passageiro;Ileso;"15   ";Feminino;"1 ";"0    ";"0    ";"0    ";-16.2527510;-47.9004530;SPRF-DF;DEL01-DF;UOP01-DEL01-DF 
623591;"1396446   ";2024-08-25;domingo;18:49:00;GO;"40   ";"25   ";LUZIANIA;Sim;Ausência de reação do condutor;1;Saída de leito carroçável;Sem Vítimas;Plena Noite;Decrescente;Nevoeiro/Neblina;Simples;Reta;Não  ;"1118009   ";Automóvel;VW/FUSCA 1300;"1980      ";Condutor;Ileso;"58   ";Masculino;"1 ";"0    ";"0    ";"0    ";-16.2527510;-47.9004530;SPRF-DF;DEL01-DF;UOP01-DEL01-DF 
623622;"1396601   ";2024-08-25;domingo;19:30:00;GO;"414  ";"310,5";VILA PROPICIO;Sim;Ingestão de álcool pelo condutor;1;Saída de leito carroçável;Com Vítimas Feridas;Plena Noite;Crescente;Céu Claro;Simples;Reta;Não  ;"1118117   ";Automóvel;PEUGEOT/206 SOLEIL 16;"2003      ";Condutor;Lesões Leves;"47   ";Masculino;"0 ";"1    ";"0    ";"0    ";-15.3001510;-48.6717790;SPRF-GO;DEL02-GO;UOP01-DEL02-GO 
623626;"1396599   ";2024-08-25;domingo;20:20:00;GO;"70   ";"7    ";AGUAS LINDAS DE GOIAS;Não;Demais falhas mecânicas ou elétricas;1;Saída de leito carroçável;Com Vítimas Feridas;Plena Noite;Crescente;Granizo;Dupla;"Curva;Declive";Sim  ;"1118115   ";Automóvel;I/HYUNDAI I30 2.0;"2009      ";Passageiro;Lesões Leves;"27   ";Feminino;"0 ";"1    ";"0    ";"0    ";-15.7437553;-48.2677971;SPRF-DF;DEL03-DF;UOP02-DEL03-DF 
623626;"1396598   ";2024-08-25;domingo;20:20:00;GO;"70   ";"7    ";AGUAS LINDAS DE GOIAS;Não;Demais falhas mecânicas ou elétricas;1;Saída de leito carroçável;Com Vítimas Feridas;Plena Noite;Crescente;Granizo;Dupla;"Curva;Declive";Sim  ;"1118115   ";Automóvel;I/HYUNDAI I30 2.0;"2009      ";Passageiro;Lesões Leves;"27   ";Feminino;"0 ";"1    ";"0    ";"0    ";-15.7437553;-48.2677971;SPRF-DF;DEL03-DF;UOP02-DEL03-DF 
623626;"1396597   ";2024-08-25;domingo;20:20:00;GO;"70   ";"7    ";AGUAS LINDAS DE GOIAS;Não;Demais falhas mecânicas ou elétricas;1;Saída de leito carroçável;Com Vítimas Feridas;Plena Noite;Crescente;Granizo;Dupla;"Curva;Declive";Sim  ;"1118115   ";Automóvel;I/HYUNDAI I30 2.0;"2009      ";Condutor;Ileso;"32   ";Masculino;"1 ";"0    ";"0    ";"0    ";-15.7437553;-48.2677971;SPRF-DF;DEL03-DF;UOP02-DEL03-DF 
623626;"1396599   ";2024-08-25;domingo;20:20:00;GO;"70   ";"7    ";AGUAS LINDAS DE GOIAS;Não;Velocidade Incompatível;1;Saída de leito carroçável;Com Vítimas Feridas;Plena Noite;Crescente;Granizo;Dupla;"Curva;Declive";Sim  ;"1118115   ";Automóvel;I/HYUNDAI I30 2.0;"2009      ";Passageiro;Lesões Leves;"27   ";Feminino;"0 ";"1    ";"0    ";"0    ";-15.7437553;-48.2677971;SPRF-DF;DEL03-DF;UOP02-DEL03-DF 
623626;"1396598   ";2024-08-25;domingo;20:20:00;GO;"70   ";"7    ";AGUAS LINDAS DE GOIAS;Não;Velocidade Incompatível;1;Saída de leito carroçável;Com Vítimas Feridas;Plena Noite;Crescente;Granizo;Dupla;"Curva;Declive";Sim  ;"1118115   ";Automóvel;I/HYUNDAI I30 2.0;"2009      ";Passageiro;Lesões Leves;"27   ";Feminino;"0 ";"1    ";"0    ";"0    ";-15.7437553;-48.2677971;SPRF-DF;DEL03-DF;UOP02-DEL03-DF 
623626;"1396597   ";2024-08-25;domingo;20:20:00;GO;"70   ";"7    ";AGUAS LINDAS DE GOIAS;Não;Velocidade Incompatível;1;Saída de leito carroçável;Com Vítimas Feridas;Plena Noite;Crescente;Granizo;Dupla;"Curva;Declive";Sim  ;"1118115   ";Automóvel;I/HYUNDAI I30 2.0;"2009      ";Condutor;Ileso;"32   ";Masculino;"1 ";"0    ";"0    ";"0    ";-15.7437553;-48.2677971;SPRF-DF;DEL03-DF;UOP02-DEL03-DF 
623626;"1396599   ";2024-08-25;domingo;20:20:00;GO;"70   ";"7    ";AGUAS LINDAS DE GOIAS;Sim;Ingestão de álcool pelo condutor;1;Saída de leito carroçável;Com Vítimas Feridas;Plena Noite;Crescente;Granizo;Dupla;"Curva;Declive";Sim  ;"1118115   ";Automóvel;I/HYUNDAI I30 2.0;"2009      ";Passageiro;Lesões Leves;"27   ";Feminino;"0 ";"1    ";"0    ";"0    ";-15.7437553;-48.2677971;SPRF-DF;DEL03-DF;UOP02-DEL03-DF 
623626;"1396598   ";2024-08-25;domingo;20:20:00;GO;"70   ";"7    ";AGUAS LINDAS DE GOIAS;Sim;Ingestão de álcool pelo condutor;1;Saída de leito carroçável;Com Vítimas Feridas;Plena Noite;Crescente;Granizo;Dupla;"Curva;Declive";Sim  ;"1118115   ";Automóvel;I/HYUNDAI I30 2.0;"2009      ";Passageiro;Lesões Leves;"27   ";Feminino;"0 ";"1    ";"0    ";"0    ";-15.7437553;-48.2677971;SPRF-DF;DEL03-DF;UOP02-DEL03-DF 
623626;"1396597   ";2024-08-25;domingo;20:20:00;GO;"70   ";"7    ";AGUAS LINDAS DE GOIAS;Sim;Ingestão de álcool pelo condutor;1;Saída de leito carroçável;Com Vítimas Feridas;Plena Noite;Crescente;Granizo;Dupla;"Curva;Declive";Sim  ;"1118115   ";Automóvel;I/HYUNDAI I30 2.0;"2009      ";Condutor;Ileso;"32   ";Masculino;"1 ";"0    ";"0    ";"0    ";-15.7437553;-48.2677971;SPRF-DF;DEL03-DF;UOP02-DEL03-DF 
623626;"1396599   ";2024-08-25;domingo;20:20:00;GO;"70   ";"7    ";AGUAS LINDAS DE GOIAS;Não;Demais falhas mecânicas ou elétricas;2;Capotamento;Com Vítimas Feridas;Plena Noite;Crescente;Granizo;Dupla;"Curva;Declive";Sim  ;"1118115   ";Automóvel;I/HYUNDAI I30 2.0;"2009      ";Passageiro;Lesões Leves;"27   ";Feminino;"0 ";"1    ";"0    ";"0    ";-15.7437553;-48.2677971;SPRF-DF;DEL03-DF;UOP02-DEL03-DF 
623626;"1396598   ";2024-08-25;domingo;20:20:00;GO;"70   ";"7    ";AGUAS LINDAS DE GOIAS;Não;Demais falhas mecânicas ou elétricas;2;Capotamento;Com Vítimas Feridas;Plena Noite;Crescente;Granizo;Dupla;"Curva;Declive";Sim  ;"1118115   ";Automóvel;I/HYUNDAI I30 2.0;"2009      ";Passageiro;Lesões Leves;"27   ";Feminino;"0 ";"1    ";"0    ";"0    ";-15.7437553;-48.2677971;SPRF-DF;DEL03-DF;UOP02-DEL03-DF 
623626;"1396597   ";2024-08-25;domingo;20:20:00;GO;"70   ";"7    ";AGUAS LINDAS DE GOIAS;Não;Demais falhas mecânicas ou elétricas;2;Capotamento;Com Vítimas Feridas;Plena Noite;Crescente;Granizo;Dupla;"Curva;Declive";Sim  ;"1118115   ";Automóvel;I/HYUNDAI I30 2.0;"2009      ";Condutor;Ileso;"32   ";Masculino;"1 ";"0    ";"0    ";"0    ";-15.7437553;-48.2677971;SPRF-DF;DEL03-DF;UOP02-DEL03-DF 
623626;"1396599   ";2024-08-25;domingo;20:20:00;GO;"70   ";"7    ";AGUAS LINDAS DE GOIAS;Não;Velocidade Incompatível;2;Capotamento;Com Vítimas Feridas;Plena Noite;Crescente;Granizo;Dupla;"Curva;Declive";Sim  ;"1118115   ";Automóvel;I/HYUNDAI I30 2.0;"2009      ";Passageiro;Lesões Leves;"27   ";Feminino;"0 ";"1    ";"0    ";"0    ";-15.7437553;-48.2677971;SPRF-DF;DEL03-DF;UOP02-DEL03-DF 
623626;"1396598   ";2024-08-25;domingo;20:20:00;GO;"70   ";"7    ";AGUAS LINDAS DE GOIAS;Não;Velocidade Incompatível;2;Capotamento;Com Vítimas Feridas;Plena Noite;Crescente;Granizo;Dupla;"Curva;Declive";Sim  ;"1118115   ";Automóvel;I/HYUNDAI I30 2.0;"2009      ";Passageiro;Lesões Leves;"27   ";Feminino;"0 ";"1    ";"0    ";"0    ";-15.7437553;-48.2677971;SPRF-DF;DEL03-DF;UOP02-DEL03-DF 
623626;"1396597   ";2024-08-25;domingo;20:20:00;GO;"70   ";"7    ";AGUAS LINDAS DE GOIAS;Não;Velocidade Incompatível;2;Capotamento;Com Vítimas Feridas;Plena Noite;Crescente;Granizo;Dupla;"Curva;Declive";Sim  ;"1118115   ";Automóvel;I/HYUNDAI I30 2.0;"2009      ";Condutor;Ileso;"32   ";Masculino;"1 ";"0    ";"0    ";"0    ";-15.7437553;-48.2677971;SPRF-DF;DEL03-DF;UOP02-DEL03-DF 
623626;"1396599   ";2024-08-25;domingo;20:20:00;GO;"70   ";"7    ";AGUAS LINDAS DE GOIAS;Sim;Ingestão de álcool pelo condutor;2;Capotamento;Com Vítimas Feridas;Plena Noite;Crescente;Granizo;Dupla;"Curva;Declive";Sim  ;"1118115   ";Automóvel;I/HYUNDAI I30 2.0;"2009      ";Passageiro;Lesões Leves;"27   ";Feminino;"0 ";"1    ";"0    ";"0    ";-15.7437553;-48.2677971;SPRF-DF;DEL03-DF;UOP02-DEL03-DF 
623626;"1396598   ";2024-08-25;domingo;20:20:00;GO;"70   ";"7    ";AGUAS LINDAS DE GOIAS;Sim;Ingestão de álcool pelo condutor;2;Capotamento;Com Vítimas Feridas;Plena Noite;Crescente;Granizo;Dupla;"Curva;Declive";Sim  ;"1118115   ";Automóvel;I/HYUNDAI I30 2.0;"2009      ";Passageiro;Lesões Leves;"27   ";Feminino;"0 ";"1    ";"0    ";"0    ";-15.7437553;-48.2677971;SPRF-DF;DEL03-DF;UOP02-DEL03-DF 
623626;"1396597   ";2024-08-25;domingo;20:20:00;GO;"70   ";"7    ";AGUAS LINDAS DE GOIAS;Sim;Ingestão de álcool pelo condutor;2;Capotamento;Com Vítimas Feridas;Plena Noite;Crescente;Granizo;Dupla;"Curva;Declive";Sim  ;"1118115   ";Automóvel;I/HYUNDAI I30 2.0;"2009      ";Condutor;Ileso;"32   ";Masculino;"1 ";"0    ";"0    ";"0    ";-15.7437553;-48.2677971;SPRF-DF;DEL03-DF;UOP02-DEL03-DF 
623631;"1398145   ";2024-08-25;domingo;17:30:00;GO;"80   ";"99   ";VILA PROPICIO;Não;Ingestão de álcool pelo condutor;2;Saída de leito carroçável;Sem Vítimas;Plena Noite;Crescente;Céu Claro;Simples;Reta;Não  ;"1119335   ";Automóvel;FIAT/PALIO FIRE FLEX;"2008      ";Passageiro;Ileso;"57   ";Masculino;"1 ";"0    ";"0    ";"0    ";-15.2088750;-48.6973120;SPRF-GO;DEL07-GO;UOP02-DEL07-GO 
623631;"1398144   ";2024-08-25;domingo;17:30:00;GO;"80   ";"99   ";VILA PROPICIO;Não;Ingestão de álcool pelo condutor;2;Saída de leito carroçável;Sem Vítimas;Plena Noite;Crescente;Céu Claro;Simples;Reta;Não  ;"1119335   ";Automóvel;FIAT/PALIO FIRE FLEX;"2008      ";Condutor;Ileso;"79   ";Masculino;"1 ";"0    ";"0    ";"0    ";-15.2088750;-48.6973120;SPRF-GO;DEL07-GO;UOP02-DEL07-GO 
623631;"1396432   ";2024-08-25;domingo;17:30:00;GO;"80   ";"99   ";VILA PROPICIO;Não;Ingestão de álcool pelo condutor;2;Saída de leito carroçável;Sem Vítimas;Plena Noite;Crescente;Céu Claro;Simples;Reta;Não  ;"1117995   ";Automóvel;HYUNDAI/HB20 1.0M UNIQUE;"2019      ";Passageiro;Ileso;"2    ";Feminino;"1 ";"0    ";"0    ";"0    ";-15.2088750;-48.6973120;SPRF-GO;DEL07-GO;UOP02-DEL07-GO 
623631;"1396431   ";2024-08-25;domingo;17:30:00;GO;"80   ";"99   ";VILA PROPICIO;Não;Ingestão de álcool pelo condutor;2;Saída de leito carroçável;Sem Vítimas;Plena Noite;Crescente;Céu Claro;Simples;Reta;Não  ;"1117995   ";Automóvel;HYUNDAI/HB20 1.0M UNIQUE;"2019      ";Passageiro;Ileso;"22   ";Masculino;"1 ";"0    ";"0    ";"0    ";-15.2088750;-48.6973120;SPRF-GO;DEL07-GO;UOP02-DEL07-GO 
623631;"1396429   ";2024-08-25;domingo;17:30:00;GO;"80   ";"99   ";VILA PROPICIO;Não;Ingestão de álcool pelo condutor;2;Saída de leito carroçável;Sem Vítimas;Plena Noite;Crescente;Céu Claro;Simples;Reta;Não  ;"1117995   ";Automóvel;HYUNDAI/HB20 1.0M UNIQUE;"2019      ";Passageiro;Ileso;"23   ";Feminino;"1 ";"0    ";"0    ";"0    ";-15.2088750;-48.6973120;SPRF-GO;DEL07-GO;UOP02-DEL07-GO 