id;pesid;data_inversa;dia_semana;horario;uf;br;km;municipio;causa_principal;causa_acidente;ordem_tipo_acidente;tipo_acidente;classificacao_acidente;fase_dia;sentido_via;condicao_metereologica;tipo_pista;tracado_via;uso_solo;id_veiculo;tipo_veiculo;marca;ano_fabricacao_veiculo;tipo_envolvido;estado_fisico;idade;sexo;ilesos;feridos_leves;feridos_graves;mortos;latitude;longitude;regional;delegacia;uop
624361;"1398445   ";2024-08-29;quinta-feira;15:50:00;DF;"60   ";"3    ";BRASILIA;Não;Manobra de mudança de faixa;3;Saída de leito carroçável;Com Vítimas Feridas;Pleno dia;Decrescente;Céu Claro;Dupla;Reta;Sim  ;"1119524   ";Automóvel;Não Informado/Não Informado;"0         ";Condutor;Não Informado;"0    ";Não Informado;"0 ";"0    ";"0    ";"0    ";-15.8905210;-48.0868640;SPRF-DF;DEL03-DF;UOP01-DEL03-DF 
624361;"1398387   ";2024-08-29;quinta-feira;15:50:00;DF;"60   ";"3    ";BRASILIA;Não;Manobra de mudança de faixa;3;Saída de leito carroçável;Com Vítimas Feridas;Pleno dia;Decrescente;Céu Claro;Dupla;Reta;Sim  ;"1119512   ";Motocicleta;HONDA/CG 125 FAN ES;"2011      ";Condutor;Lesões Leves;"21   ";Masculino;"0 ";"1    ";"0    ";"0    ";-15.8905210;-48.0868640;SPRF-DF;DEL03-DF;UOP01-DEL03-DF 
624361;"1398451   ";2024-08-29;quinta-feira;15:50:00;DF;"60   ";"3    ";BRASILIA;Não;Manobra de mudança de faixa;3;Saída de leito carroçável;Com Vítimas Feridas;Pleno dia;Decrescente;Céu Claro;Dupla;Reta;Sim  ;"0         ";"0";NA/NA;"0         ";Testemunha;Não Informado;"0    ";Não Informado;"0 ";"0    ";"0    ";"0    ";-15.8905210;-48.0868640;SPRF-DF;DEL03-DF;UOP01-DEL03-DF 
624361;"1398445   ";2024-08-29;quinta-feira;15:50:00;DF;"60   ";"3    ";BRASILIA;Não;Reação tardia ou ineficiente do condutor;3;Saída de leito carroçável;Com Vítimas Feridas;Pleno dia;Decrescente;Céu Claro;Dupla;Reta;Sim  ;"1119524   ";Automóvel;Não Informado/Não Informado;"0         ";Condutor;Não Informado;"0    ";Não Informado;"0 ";"0    ";"0    ";"0    ";-15.8905210;-48.0868640;SPRF-DF;DEL03-DF;UOP01-DEL03-DF 
624361;"1398387   ";2024-08-29;quinta-feira;15:50:00;DF;"60   ";"3    ";BRASILIA;Não;Reação tardia ou ineficiente do condutor;3;Saída de leito carroçável;Com Vítimas Feridas;Pleno dia;Decrescente;Céu Claro;Dupla;Reta;Sim  ;"1119512   ";Motocicleta;HONDA/CG 125 FAN ES;"2011      ";Condutor;Lesões Leves;"21   ";Masculino;"0 ";"1    ";"0    ";"0    ";-15.8905210;-48.0868640;SPRF-DF;DEL03-DF;UOP01-DEL03-DF 
624361;"1398451   ";2024-08-29;quinta-feira;15:50:00;DF;"60   ";"3    ";BRASILIA;Não;Reação tardia ou ineficiente do condutor;3;Saída de leito carroçável;Com Vítimas Feridas;Pleno dia;Decrescente;Céu Claro;Dupla;Reta;Sim  ;"0         ";"0";NA/NA;"0         ";Testemunha;Não Informado;"0    ";Não Informado;"0 ";"0    ";"0    ";"0    ";-15.8905210;-48.0868640;SPRF-DF;DEL03-DF;UOP01-DEL03-DF 
624361;"1398445   ";2024-08-29;quinta-feira;15:50:00;DF;"60   ";"3    ";BRASILIA;Sim;Condutor deixou de manter distância do veículo da frente;3;Saída de leito carroçável;Com Vítimas Feridas;Pleno dia;Decrescente;Céu Claro;Dupla;Reta;Sim  ;"1119524   ";Automóvel;Não Informado/Não Informado;"0         ";Condutor;Não Informado;"0    ";Não Informado;"0 ";"0    ";"0    ";"0    ";-15.8905210;-48.0868640;SPRF-DF;DEL03-DF;UOP01-DEL03-DF 
624361;"1398387   ";2024-08-29;quinta-feira;15:50:00;DF;"60   ";"3    ";BRASILIA;Sim;Condutor deixou de manter distância do veículo da frente;3;Saída de leito carroçável;Com Vítimas Feridas;Pleno dia;Decrescente;Céu Claro;Dupla;Reta;Sim  ;"1119512   ";Motocicleta;HONDA/CG 125 FAN ES;"2011      ";Condutor;Lesões Leves;"21   ";Masculino;"0 ";"1    ";"0    ";"0    ";-15.8905210;-48.0868640;SPRF-DF;DEL03-DF;UOP01-DEL03-DF 
624361;"1398451   ";2024-08-29;quinta-feira;15:50:00;DF;"60   ";"3    ";BRASILIA;Sim;Condutor deixou de manter distância do veículo da frente;3;Saída de leito carroçável;Com Vítimas Feridas;Pleno dia;Decrescente;Céu Claro;Dupla;Reta;Sim  ;"0         ";"0";NA/NA;"0         ";Testemunha;Não Informado;"0    ";Não Informado;"0 ";"0    ";"0    ";"0    ";-15.8905210;-48.0868640;SPRF-DF;DEL03-DF;UOP01-DEL03-DF 
624361;"1398445   ";2024-08-29;quinta-feira;15:50:00;DF;"60   ";"3    ";BRASILIA;Não;Manobra de mudança de faixa;2;Queda de ocupante de veículo;Com Vítimas Feridas;Pleno dia;Decrescente;Céu Claro;Dupla;Reta;Sim  ;"1119524   ";Automóvel;Não Informado/Não Informado;"0         ";Condutor;Não Informado;"0    ";Não Informado;"0 ";"0    ";"0    ";"0    ";-15.8905210;-48.0868640;SPRF-DF;DEL03-DF;UOP01-DEL03-DF 
624361;"1398387   ";2024-08-29;quinta-feira;15:50:00;DF;"60   ";"3    ";BRASILIA;Não;Manobra de mudança de faixa;2;Queda de ocupante de veículo;Com Vítimas Feridas;Pleno dia;Decrescente;Céu Claro;Dupla;Reta;Sim  ;"1119512   ";Motocicleta;HONDA/CG 125 FAN ES;"2011      ";Condutor;Lesões Leves;"21   ";Masculino;"0 ";"1    ";"0    ";"0    ";-15.8905210;-48.0868640;SPRF-DF;DEL03-DF;UOP01-DEL03-DF 
624361;"1398451   ";2024-08-29;quinta-feira;15:50:00;DF;"60   ";"3    ";BRASILIA;Não;Manobra de mudança de faixa;2;Queda de ocupante de veículo;Com Vítimas Feridas;Pleno dia;Decrescente;Céu Claro;Dupla;Reta;Sim  ;"0         ";"0";NA/NA;"0         ";Testemunha;Não Informado;"0    ";Não Informado;"0 ";"0    ";"0    ";"0    ";-15.8905210;-48.0868640;SPRF-DF;DEL03-DF;UOP01-DEL03-DF 
624361;"1398445   ";2024-08-29;quinta-feira;15:50:00;DF;"60   ";"3    ";BRASILIA;Não;Reação tardia ou ineficiente do condutor;2;Queda de ocupante de veículo;Com Vítimas Feridas;Pleno dia;Decrescente;Céu Claro;Dupla;Reta;Sim  ;"1119524   ";Automóvel;Não Informado/Não Informado;"0         ";Condutor;Não Informado;"0    ";Não Informado;"0 ";"0    ";"0    ";"0    ";-15.8905210;-48.0868640;SPRF-DF;DEL03-DF;UOP01-DEL03-DF 
624361;"1398387   ";2024-08-29;quinta-feira;15:50:00;DF;"60   ";"3    ";BRASILIA;Não;Reação tardia ou ineficiente do condutor;2;Queda de ocupante de veículo;Com Vítimas Feridas;Pleno dia;Decrescente;Céu Claro;Dupla;Reta;Sim  ;"1119512   ";Motocicleta;HONDA/CG 125 FAN ES;"2011      ";Condutor;Lesões Leves;"21   ";Masculino;"0 ";"1    ";"0    ";"0    ";-15.8905210;-48.0868640;SPRF-DF;DEL03-DF;UOP01-DEL03-DF 
624361;"1398451   ";2024-08-29;quinta-feira;15:50:00;DF;"60   ";"3    ";BRASILIA;Não;Reação tardia ou ineficiente do condutor;2;Queda de ocupante de veículo;Com Vítimas Feridas;Pleno dia;Decrescente;Céu Claro;Dupla;Reta;Sim  ;"0         ";"0";NA/NA;"0         ";Testemunha;Não Informado;"0    ";Não Informado;"0 ";"0    ";"0    ";"0    ";-15.8905210;-48.0868640;SPRF-DF;DEL03-DF;UOP01-DEL03-DF 
624361;"1398445   ";2024-08-29;quinta-feira;15:50:00;DF;"60   ";"3    ";BRASILIA;Sim;Condutor deixou de manter distância do veículo da frente;2;Queda de ocupante de veículo;Com Vítimas Feridas;Pleno dia;Decrescente;Céu Claro;Dupla;Reta;Sim  ;"1119524   ";Automóvel;Não Informado/Não Informado;"0         ";Condutor;Não Informado;"0    ";Não Informado;"0 ";"0    ";"0    ";"0    ";-15.8905210;-48.0868640;SPRF-DF;DEL03-DF;UOP01-DEL03-DF 
624361;"1398387   ";2024-08-29;quinta-feira;15:50:00;DF;"60   ";"3    ";BRASILIA;Sim;Condutor deixou de manter distância do veículo da frente;2;Queda de ocupante de veículo;Com Vítimas Feridas;Pleno dia;Decrescente;Céu Claro;Dupla;Reta;Sim  ;"1119512   ";Motocicleta;HONDA/CG 125 FAN ES;"2011      ";Condutor;Lesões Leves;"21   ";Masculino;"0 ";"1    ";"0    ";"0    ";-15.8905210;-48.0868640;SPRF-DF;DEL03-DF;UOP01-DEL03-DF 
624361;"1398451   ";2024-08-29;quinta-feira;15:50:00;DF;"60   ";"3    ";BRASILIA;Sim;Condutor deixou de manter distância do veículo da frente;2;Queda de ocupante de veículo;Com Vítimas Feridas;Pleno dia;Decrescente;Céu Claro;Dupla;Reta;Sim  ;"0         ";"0";NA/NA;"0         ";Testemunha;Não Informado;"0    ";Não Informado;"0 ";"0    ";"0    ";"0    ";-15.8905210;-48.0868640;SPRF-DF;DEL03-DF;UOP01-DEL03-DF 
624361;"1398445   ";2024-08-29;quinta-feira;15:50:00;DF;"60   ";"3    ";BRASILIA;Não;Manobra de mudança de faixa;1;Colisão lateral mesmo sentido;Com Vítimas Feridas;Pleno dia;Decrescente;Céu Claro;Dupla;Reta;Sim  ;"1119524   ";Automóvel;Não Informado/Não Informado;"0         ";Condutor;Não Informado;"0    ";Não Informado;"0 ";"0    ";"0    ";"0    ";-15.8905210;-48.0868640;SPRF-DF;DEL03-DF;UOP01-DEL03-DF 
624361;"1398387   ";2024-08-29;quinta-feira;15:50:00;DF;"60   ";"3    ";BRASILIA;Não;Manobra de mudança de faixa;1;Colisão lateral mesmo sentido;Com Vítimas Feridas;Pleno dia;Decrescente;Céu Claro;Dupla;Reta;Sim  ;"1119512   ";Motocicleta;HONDA/CG 125 FAN ES;"2011      ";Condutor;Lesões Leves;"21   ";Masculino;"0 ";"1    ";"0    ";"0    ";-15.8905210;-48.0868640;SPRF-DF;DEL03-DF;UOP01-DEL03-DF 
624361;"1398451   ";2024-08-29;quinta-feira;15:50:00;DF;"60   ";"3    ";BRASILIA;Não;Manobra de mudança de faixa;1;Colisão lateral mesmo sentido;Com Vítimas Feridas;Pleno dia;Decrescente;Céu Claro;Dupla;Reta;Sim  ;"0         ";"0";NA/NA;"0         ";Testemunha;Não Informado;"0    ";Não Informado;"0 ";"0    ";"0    ";"0    ";-15.8905210;-48.0868640;SPRF-DF;DEL03-DF;UOP01-DEL03-DF 
624361;"1398445   ";2024-08-29;quinta-feira;15:50:00;DF;"60   ";"3    ";BRASILIA;Não;Reação tardia ou ineficiente do condutor;1;Colisão lateral mesmo sentido;Com Vítimas Feridas;Pleno dia;Decrescente;Céu Claro;Dupla;Reta;Sim  ;"1119524   ";Automóvel;Não Informado/Não Informado;"0         ";Condutor;Não Informado;"0    ";Não Informado;"0 ";"0    ";"0    ";"0    ";-15.8905210;-48.0868640;SPRF-DF;DEL03-DF;UOP01-DEL03-DF 
624361;"1398387   ";2024-08-29;quinta-feira;15:50:00;DF;"60   ";"3    ";BRASILIA;Não;Reação tardia ou ineficiente do condutor;1;Colisão lateral mesmo sentido;Com Vítimas Feridas;Pleno dia;Decrescente;Céu Claro;Dupla;Reta;Sim  ;"1119512   ";Motocicleta;HONDA/CG 125 FAN ES;"2011      ";Condutor;Lesões Leves;"21   ";Masculino;"0 ";"1    ";"0    ";"0    ";-15.8905210;-48.0868640;SPRF-DF;DEL03-DF;UOP01-DEL03-DF 
624361;"1398451   ";2024-08-29;quinta-feira;15:50:00;DF;"60   ";"3    ";BRASILIA;Não;Reação tardia ou ineficiente do condutor;1;Colisão lateral mesmo sentido;Com Vítimas Feridas;Pleno dia;Decrescente;Céu Claro;Dupla;Reta;Sim  ;"0         ";"0";NA/NA;"0         ";Testemunha;Não Informado;"0    ";Não Informado;"0 ";"0    ";"0    ";"0    ";-15.8905210;-48.0868640;SPRF-DF;DEL03-DF;UOP01-DEL03-DF 
624361;"1398445   ";2024-08-29;quinta-feira;15:50:00;DF;"60   ";"3    ";BRASILIA;Sim;Condutor deixou de manter distância do veículo da frente;1;Colisão lateral mesmo sentido;Com Vítimas Feridas;Pleno dia;Decrescente;Céu Claro;Dupla;Reta;Sim  ;"1119524   ";Automóvel;Não Informado/Não Informado;"0         ";Condutor;Não Informado;"0    ";Não Informado;"0 ";"0    ";"0    ";"0    ";-15.8905210;-48.0868640;SPRF-DF;DEL03-DF;UOP01-DEL03-DF 
624361;"1398387   ";2024-08-29;quinta-feira;15:50:00;DF;"60   ";"3    ";BRASILIA;Sim;Condutor deixou de manter distância do veículo da frente;1;Colisão lateral mesmo sentido;Com Vítimas Feridas;Pleno dia;Decrescente;Céu Claro;Dupla;Reta;Sim  ;"1119512   ";Motocicleta;HONDA/CG 125 FAN ES;"2011      ";Condutor;Lesões Leves;"21   ";Masculino;"0 ";"1    ";"0    ";"0    ";-15.8905210;-48.0868640;SPRF-DF;DEL03-DF;UOP01-DEL03-DF 
624361;"1398451   ";2024-08-29;quinta-feira;15:50:00;DF;"60   ";"3    ";BRASILIA;Sim;Condutor deixou de manter distância do veículo da frente;1;Colisão lateral mesmo sentido;Com Vítimas Feridas;Pleno dia;Decrescente;Céu Claro;Dupla;Reta;Sim  ;"0         ";"0";NA/NA;"0         ";Testemunha;Não Informado;"0    ";Não Informado;"0 ";"0    ";"0    ";"0    ";-15.8905210;-48.0868640;SPRF-DF;DEL03-DF;UOP01-DEL03-DF 
624375;"1398391   ";2024-08-29;quinta-feira;17:25:00;GO;"20   ";"8    ";FORMOSA;Não;Condutor deixou de manter distância do veículo da frente;1;Colisão traseira;Com Vítimas Feridas;Pleno dia;Decrescente;Céu Claro;Simples;Reta;Não  ;"1119513   ";Caminhonete;I/FORD RANGER XLT CD2 25;"2013      ";Condutor;Ileso;"30   ";Masculino;"1 ";"0    ";"0    ";"0    ";-15.5511530;-47.2832530;SPRF-DF;DEL02-DF;UOP02-DEL02-DF 
624375;"1398393   ";2024-08-29;quinta-feira;17:25:00;GO;"20   ";"8    ";FORMOSA;Não;Condutor deixou de manter distância do veículo da frente;1;Colisão traseira;Com Vítimas Feridas;Pleno dia;Decrescente;Céu Claro;Simples;Reta;Não  ;"1119511   ";Caminhonete;FIAT/STRADA ENDURAN CS13;"2023      ";Condutor;Lesões Leves;"47   ";Masculino;"0 ";"1    ";"0    ";"0    ";-15.5511530;-47.2832530;SPRF-DF;DEL02-DF;UOP02-DEL02-DF 
624375;"1398396   ";2024-08-29;quinta-feira;17:25:00;GO;"20   ";"8    ";FORMOSA;Não;Condutor deixou de manter distância do veículo da frente;1;Colisão traseira;Com Vítimas Feridas;Pleno dia;Decrescente;Céu Claro;Simples;Reta;Não  ;"1119510   ";Caminhonete;I/FIAT TITANO VOLCANO;"2024      ";Condutor;Ileso;"45   ";Masculino;"1 ";"0    ";"0    ";"0    ";-15.5511530;-47.2832530;SPRF-DF;DEL02-DF;UOP02-DEL02-DF 
624375;"1398391   ";2024-08-29;quinta-feira;17:25:00;GO;"20   ";"8    ";FORMOSA;Sim;Reação tardia ou ineficiente do condutor;1;Colisão traseira;Com Vítimas Feridas;Pleno dia;Decrescente;Céu Claro;Simples;Reta;Não  ;"1119513   ";Caminhonete;I/FORD RANGER XLT CD2 25;"2013      ";Condutor;Ileso;"30   ";Masculino;"1 ";"0    ";"0    ";"0    ";-15.5511530;-47.2832530;SPRF-DF;DEL02-DF;UOP02-DEL02-DF 
624375;"1398393   ";2024-08-29;quinta-feira;17:25:00;GO;"20   ";"8    ";FORMOSA;Sim;Reação tardia ou ineficiente do condutor;1;Colisão traseira;Com Vítimas Feridas;Pleno dia;Decrescente;Céu Claro;Simples;Reta;Não  ;"1119511   ";Caminhonete;FIAT/STRADA ENDURAN CS13;"2023      ";Condutor;Lesões Leves;"47   ";Masculino;"0 ";"1    ";"0    ";"0    ";-15.5511530;-47.2832530;SPRF-DF;DEL02-DF;UOP02-DEL02-DF 
624375;"1398396   ";2024-08-29;quinta-feira;17:25:00;GO;"20   ";"8    ";FORMOSA;Sim;Reação tardia ou ineficiente do condutor;1;Colisão traseira;Com Vítimas Feridas;Pleno dia;Decrescente;Céu Claro;Simples;Reta;Não  ;"1119510   ";Caminhonete;I/FIAT TITANO VOLCANO;"2024      ";Condutor;Ileso;"45   ";Masculino;"1 ";"0    ";"0    ";"0    ";-15.5511530;-47.2832530;SPRF-DF;DEL02-DF;UOP02-DEL02-DF 
624406;"1398564   ";2024-08-29;quinta-feira;19:00:00;DF;"40   ";"2    ";BRASILIA;Sim;Trafegar com motocicleta (ou similar) entre as faixas;1;Colisão lateral mesmo sentido;Com Vítimas Feridas;Plena Noite;Crescente;Céu Claro;Dupla;Reta;Sim  ;"1119648   ";Automóvel;FORD/FIESTA FLEX;"2012      ";Condutor;Ileso;"39   ";Masculino;"1 ";"0    ";"0    ";"0    ";-15.9943500;-47.9859470;SPRF-DF;DEL01-DF;UOP01-DEL01-DF 
624406;"1398563   ";2024-08-29;quinta-feira;19:00:00;DF;"40   ";"2    ";BRASILIA;Sim;Trafegar com motocicleta (ou similar) entre as faixas;1;Colisão lateral mesmo sentido;Com Vítimas Feridas;Plena Noite;Crescente;Céu Claro;Dupla;Reta;Sim  ;"1119647   ";Motocicleta;HONDA/CG 160 TITAN EX;"2015      ";Condutor;Lesões Leves;"36   ";Feminino;"0 ";"1    ";"0    ";"0    ";-15.9943500;-47.9859470;SPRF-DF;DEL01-DF;UOP01-DEL01-DF 
624420;"1398462   ";2024-08-29;quinta-feira;19:20:00;DF;"20   ";"1,8  ";BRASILIA;Sim;Acessar a via sem observar a presença dos outros veículos;1;Colisão lateral mesmo sentido;Com Vítimas Feridas;Plena Noite;Decrescente;Céu Claro;Múltipla;Reta;Sim  ;"1119567   ";Motocicleta;HONDA/CG 160 FAN;"2019      ";Condutor;Lesões Leves;"33   ";Masculino;"0 ";"1    ";"0    ";"0    ";-15.6858140;-47.8498380;SPRF-DF;DEL02-DF;UOP01-DEL02-DF 
624420;"1398465   ";2024-08-29;quinta-feira;19:20:00;DF;"20   ";"1,8  ";BRASILIA;Sim;Acessar a via sem observar a presença dos outros veículos;1;Colisão lateral mesmo sentido;Com Vítimas Feridas;Plena Noite;Decrescente;Céu Claro;Múltipla;Reta;Sim  ;"1119568   ";Automóvel;FIAT/UNO WAY 1.0;"2012      ";Passageiro;Ileso;"36   ";Feminino;"1 ";"0    ";"0    ";"0    ";-15.6858140;-47.8498380;SPRF-DF;DEL02-DF;UOP01-DEL02-DF 
624420;"1398463   ";2024-08-29;quinta-feira;19:20:00;DF;"20   ";"1,8  ";BRASILIA;Sim;Acessar a via sem observar a presença dos outros veículos;1;Colisão lateral mesmo sentido;Com Vítimas Feridas;Plena Noite;Decrescente;Céu Claro;Múltipla;Reta;Sim  ;"1119568   ";Automóvel;FIAT/UNO WAY 1.0;"2012      ";Condutor;Ileso;"56   ";Feminino;"1 ";"0    ";"0    ";"0    ";-15.6858140;-47.8498380;SPRF-DF;DEL02-DF;UOP01-DEL02-DF 
624420;"1398464   ";2024-08-29;quinta-feira;19:20:00;DF;"20   ";"1,8  ";BRASILIA;Sim;Acessar a via sem observar a presença dos outros veículos;1;Colisão lateral mesmo sentido;Com Vítimas Feridas;Plena Noite;Decrescente;Céu Claro;Múltipla;Reta;Sim  ;"1119568   ";Automóvel;FIAT/UNO WAY 1.0;"2012      ";Passageiro;Ileso;"23   ";Masculino;"1 ";"0    ";"0    ";"0    ";-15.6858140;-47.8498380;SPRF-DF;DEL02-DF;UOP01-DEL02-DF 
624420;"1400317   ";2024-08-29;quinta-feira;19:20:00;DF;"20   ";"1,8  ";BRASILIA;Sim;Acessar a via sem observar a presença dos outros veículos;1;Colisão lateral mesmo sentido;Com Vítimas Feridas;Plena Noite;Decrescente;Céu Claro;Múltipla;Reta;Sim  ;"0         ";"0";NA/NA;"0         ";Testemunha;Não Informado;"0    ";Não Informado;"0 ";"0    ";"0    ";"0    ";-15.6858140;-47.8498380;SPRF-DF;DEL02-DF;UOP01-DEL02-DF 
624421;"1398499   ";2024-08-29;quinta-feira;19:45:00;GO;"40   ";"12   ";LUZIANIA;Não;Ausência de reação do condutor;3;Queda de ocupante de veículo;Com Vítimas Feridas;Plena Noite;Crescente;Céu Claro;Dupla;Reta;Sim  ;"1119592   ";Automóvel;GM/CORSA SUPER;"1996      ";Condutor;Ileso;"38   ";Masculino;"1 ";"0    ";"0    ";"0    ";-16.1451230;-47.9453820;SPRF-DF;DEL01-DF;UOP01-DEL01-DF 
624421;"1398498   ";2024-08-29;quinta-feira;19:45:00;GO;"40   ";"12   ";LUZIANIA;Não;Ausência de reação do condutor;3;Queda de ocupante de veículo;Com Vítimas Feridas;Plena Noite;Crescente;Céu Claro;Dupla;Reta;Sim  ;"1119591   ";Motocicleta;YAMAHA/YZF R15 ABS;"2024      ";Condutor;Lesões Leves;"22   ";Masculino;"0 ";"1    ";"0    ";"0    ";-16.1451230;-47.9453820;SPRF-DF;DEL01-DF;UOP01-DEL01-DF 
624421;"1398499   ";2024-08-29;quinta-feira;19:45:00;GO;"40   ";"12   ";LUZIANIA;Sim;Velocidade Incompatível;3;Queda de ocupante de veículo;Com Vítimas Feridas;Plena Noite;Crescente;Céu Claro;Dupla;Reta;Sim  ;"1119592   ";Automóvel;GM/CORSA SUPER;"1996      ";Condutor;Ileso;"38   ";Masculino;"1 ";"0    ";"0    ";"0    ";-16.1451230;-47.9453820;SPRF-DF;DEL01-DF;UOP01-DEL01-DF 
624421;"1398498   ";2024-08-29;quinta-feira;19:45:00;GO;"40   ";"12   ";LUZIANIA;Sim;Velocidade Incompatível;3;Queda de ocupante de veículo;Com Vítimas Feridas;Plena Noite;Crescente;Céu Claro;Dupla;Reta;Sim  ;"1119591   ";Motocicleta;YAMAHA/YZF R15 ABS;"2024      ";Condutor;Lesões Leves;"22   ";Masculino;"0 ";"1    ";"0    ";"0    ";-16.1451230;-47.9453820;SPRF-DF;DEL01-DF;UOP01-DEL01-DF 
624421;"1398499   ";2024-08-29;quinta-feira;19:45:00;GO;"40   ";"12   ";LUZIANIA;Não;Ausência de reação do condutor;2;Tombamento;Com Vítimas Feridas;Plena Noite;Crescente;Céu Claro;Dupla;Reta;Sim  ;"1119592   ";Automóvel;GM/CORSA SUPER;"1996      ";Condutor;Ileso;"38   ";Masculino;"1 ";"0    ";"0    ";"0    ";-16.1451230;-47.9453820;SPRF-DF;DEL01-DF;UOP01-DEL01-DF 
624421;"1398498   ";2024-08-29;quinta-feira;19:45:00;GO;"40   ";"12   ";LUZIANIA;Não;Ausência de reação do condutor;2;Tombamento;Com Vítimas Feridas;Plena Noite;Crescente;Céu Claro;Dupla;Reta;Sim  ;"1119591   ";Motocicleta;YAMAHA/YZF R15 ABS;"2024      ";Condutor;Lesões Leves;"22   ";Masculino;"0 ";"1    ";"0    ";"0    ";-16.1451230;-47.9453820;SPRF-DF;DEL01-DF;UOP01-DEL01-DF 
624421;"1398499   ";2024-08-29;quinta-feira;19:45:00;GO;"40   ";"12   ";LUZIANIA;Sim;Velocidade Incompatível;2;Tombamento;Com Vítimas Feridas;Plena Noite;Crescente;Céu Claro;Dupla;Reta;Sim  ;"1119592   ";Automóvel;GM/CORSA SUPER;"1996      ";Condutor;Ileso;"38   ";Masculino;"1 ";"0    ";"0    ";"0    ";-16.1451230;-47.9453820;SPRF-DF;DEL01-DF;UOP01-DEL01-DF 
624421;"1398498   ";2024-08-29;quinta-feira;19:45:00;GO;"40   ";"12   ";LUZIANIA;Sim;Velocidade Incompatível;2;Tombamento;Com Vítimas Feridas;Plena Noite;Crescente;Céu Claro;Dupla;Reta;Sim  ;"1119591   ";Motocicleta;YAMAHA/YZF R15 ABS;"2024      ";Condutor;Lesões Leves;"22   ";Masculino;"0 ";"1    ";"0    ";"0    ";-16.1451230;-47.9453820;SPRF-DF;DEL01-DF;UOP01-DEL01-DF 
624421;"1398499   ";2024-08-29;quinta-feira;19:45:00;GO;"40   ";"12   ";LUZIANIA;Não;Ausência de reação do condutor;1;Colisão traseira;Com Vítimas Feridas;Plena Noite;Crescente;Céu Claro;Dupla;Reta;Sim  ;"1119592   ";Automóvel;GM/CORSA SUPER;"1996      ";Condutor;Ileso;"38   ";Masculino;"1 ";"0    ";"0    ";"0    ";-16.1451230;-47.9453820;SPRF-DF;DEL01-DF;UOP01-DEL01-DF 
624421;"1398498   ";2024-08-29;quinta-feira;19:45:00;GO;"40   ";"12   ";LUZIANIA;Não;Ausência de reação do condutor;1;Colisão traseira;Com Vítimas Feridas;Plena Noite;Crescente;Céu Claro;Dupla;Reta;Sim  ;"1119591   ";Motocicleta;YAMAHA/YZF R15 ABS;"2024      ";Condutor;Lesões Leves;"22   ";Masculino;"0 ";"1    ";"0    ";"0    ";-16.1451230;-47.9453820;SPRF-DF;DEL01-DF;UOP01-DEL01-DF 
624421;"1398499   ";2024-08-29;quinta-feira;19:45:00;GO;"40   ";"12   ";LUZIANIA;Sim;Velocidade Incompatível;1;Colisão traseira;Com Vítimas Feridas;Plena Noite;Crescente;Céu Claro;Dupla;Reta;Sim  ;"1119592   ";Automóvel;GM/CORSA SUPER;"1996      ";Condutor;Ileso;"38   ";Masculino;"1 ";"0    ";"0    ";"0    ";-16.1451230;-47.9453820;SPRF-DF;DEL01-DF;UOP01-DEL01-DF 
624421;"1398498   ";2024-08-29;quinta-feira;19:45:00;GO;"40   ";"12   ";LUZIANIA;Sim;Velocidade Incompatível;1;Colisão traseira;Com Vítimas Feridas;Plena Noite;Crescente;Céu Claro;Dupla;Reta;Sim  ;"1119591   ";Motocicleta;YAMAHA/YZF R15 ABS;"2024      ";Condutor;Lesões Leves;"22   ";Masculino;"0 ";"1    ";"0    ";"0    ";-16.1451230;-47.9453820;SPRF-DF;DEL01-DF;UOP01-DEL01-DF 
624447;"1398556   ";2024-08-29;quinta-feira;23:00:00;DF;"70   ";"18   ";BRASILIA;Sim;Ingestão de álcool pelo condutor;2;Queda de ocupante de veículo;Com Vítimas Feridas;Plena Noite;Crescente;Vento;Dupla;"Reta;Retorno Regulamentado";Sim  ;"1119639   ";Motocicleta;HONDA/CG 160 TITAN;"2024      ";Condutor;Lesões Leves;"21   ";Masculino;"0 ";"1    ";"0    ";"0    ";-15.7910930;-48.2109600;SPRF-DF;DEL03-DF;UOP02-DEL03-DF 
624447;"1398555   ";2024-08-29;quinta-feira;23:00:00;DF;"70   ";"18   ";BRASILIA;Sim;Ingestão de álcool pelo condutor;2;Queda de ocupante de veículo;Com Vítimas Feridas;Plena Noite;Crescente;Vento;Dupla;"Reta;Retorno Regulamentado";Sim  ;"1119638   ";Automóvel;FORD/FIESTA GL;"2001      ";Condutor;Ileso;"43   ";Feminino;"1 ";"0    ";"0    ";"0    ";-15.7910930;-48.2109600;SPRF-DF;DEL03-DF;UOP02-DEL03-DF 