id;pesid;data_inversa;dia_semana;horario;uf;br;km;municipio;causa_principal;causa_acidente;ordem_tipo_acidente;tipo_acidente;classificacao_acidente;fase_dia;sentido_via;condicao_metereologica;tipo_pista;tracado_via;uso_solo;id_veiculo;tipo_veiculo;marca;ano_fabricacao_veiculo;tipo_envolvido;estado_fisico;idade;sexo;ilesos;feridos_leves;feridos_graves;mortos;latitude;longitude;regional;delegacia;uop
624447;"1398556   ";2024-08-29;quinta-feira;23:00:00;DF;"70   ";"18   ";BRASILIA;Não;Acessar a via sem observar a presença dos outros veículos;2;Queda de ocupante de veículo;Com Vítimas Feridas;Plena Noite;Crescente;Vento;Dupla;"Reta;Retorno Regulamentado";Sim  ;"1119639   ";Motocicleta;HONDA/CG 160 TITAN;"2024      ";Condutor;Lesões Leves;"21   ";Masculino;"0 ";"1    ";"0    ";"0    ";-15.7910930;-48.2109600;SPRF-DF;DEL03-DF;UOP02-DEL03-DF 
624447;"1398555   ";2024-08-29;quinta-feira;23:00:00;DF;"70   ";"18   ";BRASILIA;Não;Acessar a via sem observar a presença dos outros veículos;2;Queda de ocupante de veículo;Com Vítimas Feridas;Plena Noite;Crescente;Vento;Dupla;"Reta;Retorno Regulamentado";Sim  ;"1119638   ";Automóvel;FORD/FIESTA GL;"2001      ";Condutor;Ileso;"43   ";Feminino;"1 ";"0    ";"0    ";"0    ";-15.7910930;-48.2109600;SPRF-DF;DEL03-DF;UOP02-DEL03-DF 
624447;"1398556   ";2024-08-29;quinta-feira;23:00:00;DF;"70   ";"18   ";BRASILIA;Não;Manobra de mudança de faixa;2;Queda de ocupante de veículo;Com Vítimas Feridas;Plena Noite;Crescente;Vento;Dupla;"Reta;Retorno Regulamentado";Sim  ;"1119639   ";Motocicleta;HONDA/CG 160 TITAN;"2024      ";Condutor;Lesões Leves;"21   ";Masculino;"0 ";"1    ";"0    ";"0    ";-15.7910930;-48.2109600;SPRF-DF;DEL03-DF;UOP02-DEL03-DF 
624447;"1398555   ";2024-08-29;quinta-feira;23:00:00;DF;"70   ";"18   ";BRASILIA;Não;Manobra de mudança de faixa;2;Queda de ocupante de veículo;Com Vítimas Feridas;Plena Noite;Crescente;Vento;Dupla;"Reta;Retorno Regulamentado";Sim  ;"1119638   ";Automóvel;FORD/FIESTA GL;"2001      ";Condutor;Ileso;"43   ";Feminino;"1 ";"0    ";"0    ";"0    ";-15.7910930;-48.2109600;SPRF-DF;DEL03-DF;UOP02-DEL03-DF 
624447;"1398556   ";2024-08-29;quinta-feira;23:00:00;DF;"70   ";"18   ";BRASILIA;Sim;Ingestão de álcool pelo condutor;1;Colisão traseira;Com Vítimas Feridas;Plena Noite;Crescente;Vento;Dupla;"Reta;Retorno Regulamentado";Sim  ;"1119639   ";Motocicleta;HONDA/CG 160 TITAN;"2024      ";Condutor;Lesões Leves;"21   ";Masculino;"0 ";"1    ";"0    ";"0    ";-15.7910930;-48.2109600;SPRF-DF;DEL03-DF;UOP02-DEL03-DF 
624447;"1398555   ";2024-08-29;quinta-feira;23:00:00;DF;"70   ";"18   ";BRASILIA;Sim;Ingestão de álcool pelo condutor;1;Colisão traseira;Com Vítimas Feridas;Plena Noite;Crescente;Vento;Dupla;"Reta;Retorno Regulamentado";Sim  ;"1119638   ";Automóvel;FORD/FIESTA GL;"2001      ";Condutor;Ileso;"43   ";Feminino;"1 ";"0    ";"0    ";"0    ";-15.7910930;-48.2109600;SPRF-DF;DEL03-DF;UOP02-DEL03-DF 
624447;"1398556   ";2024-08-29;quinta-feira;23:00:00;DF;"70   ";"18   ";BRASILIA;Não;Acessar a via sem observar a presença dos outros veículos;1;Colisão traseira;Com Vítimas Feridas;Plena Noite;Crescente;Vento;Dupla;"Reta;Retorno Regulamentado";Sim  ;"1119639   ";Motocicleta;HONDA/CG 160 TITAN;"2024      ";Condutor;Lesões Leves;"21   ";Masculino;"0 ";"1    ";"0    ";"0    ";-15.7910930;-48.2109600;SPRF-DF;DEL03-DF;UOP02-DEL03-DF 
624447;"1398555   ";2024-08-29;quinta-feira;23:00:00;DF;"70   ";"18   ";BRASILIA;Não;Acessar a via sem observar a presença dos outros veículos;1;Colisão traseira;Com Vítimas Feridas;Plena Noite;Crescente;Vento;Dupla;"Reta;Retorno Regulamentado";Sim  ;"1119638   ";Automóvel;FORD/FIESTA GL;"2001      ";Condutor;Ileso;"43   ";Feminino;"1 ";"0    ";"0    ";"0    ";-15.7910930;-48.2109600;SPRF-DF;DEL03-DF;UOP02-DEL03-DF 
624447;"1398556   ";2024-08-29;quinta-feira;23:00:00;DF;"70   ";"18   ";BRASILIA;Não;Manobra de mudança de faixa;1;Colisão traseira;Com Vítimas Feridas;Plena Noite;Crescente;Vento;Dupla;"Reta;Retorno Regulamentado";Sim  ;"1119639   ";Motocicleta;HONDA/CG 160 TITAN;"2024      ";Condutor;Lesões Leves;"21   ";Masculino;"0 ";"1    ";"0    ";"0    ";-15.7910930;-48.2109600;SPRF-DF;DEL03-DF;UOP02-DEL03-DF 
624447;"1398555   ";2024-08-29;quinta-feira;23:00:00;DF;"70   ";"18   ";BRASILIA;Não;Manobra de mudança de faixa;1;Colisão traseira;Com Vítimas Feridas;Plena Noite;Crescente;Vento;Dupla;"Reta;Retorno Regulamentado";Sim  ;"1119638   ";Automóvel;FORD/FIESTA GL;"2001      ";Condutor;Ileso;"43   ";Feminino;"1 ";"0    ";"0    ";"0    ";-15.7910930;-48.2109600;SPRF-DF;DEL03-DF;UOP02-DEL03-DF 
624479;"1398695   ";2024-08-30;sexta-feira;07:15:00;DF;"20   ";"7,6  ";BRASILIA;Não;Condutor deixou de manter distância do veículo da frente;2;Queda de ocupante de veículo;Com Vítimas Feridas;Pleno dia;Crescente;Céu Claro;Dupla;Reta;Sim  ;"1119763   ";Caminhonete;I/NISSAN FRONTIER PLT;"2023      ";Condutor;Ileso;"44   ";Masculino;"1 ";"0    ";"0    ";"0    ";-15.6622080;-47.7998660;SPRF-DF;DEL02-DF;UOP01-DEL02-DF 
624479;"1398694   ";2024-08-30;sexta-feira;07:15:00;DF;"20   ";"7,6  ";BRASILIA;Não;Condutor deixou de manter distância do veículo da frente;2;Queda de ocupante de veículo;Com Vítimas Feridas;Pleno dia;Crescente;Céu Claro;Dupla;Reta;Sim  ;"1119762   ";Motocicleta;HONDA/CB250F TWISTER CBS;"2021      ";Passageiro;Lesões Leves;"20   ";Feminino;"0 ";"1    ";"0    ";"0    ";-15.6622080;-47.7998660;SPRF-DF;DEL02-DF;UOP01-DEL02-DF 
624479;"1398693   ";2024-08-30;sexta-feira;07:15:00;DF;"20   ";"7,6  ";BRASILIA;Não;Condutor deixou de manter distância do veículo da frente;2;Queda de ocupante de veículo;Com Vítimas Feridas;Pleno dia;Crescente;Céu Claro;Dupla;Reta;Sim  ;"1119762   ";Motocicleta;HONDA/CB250F TWISTER CBS;"2021      ";Condutor;Lesões Leves;"21   ";Masculino;"0 ";"1    ";"0    ";"0    ";-15.6622080;-47.7998660;SPRF-DF;DEL02-DF;UOP01-DEL02-DF 
624479;"1398695   ";2024-08-30;sexta-feira;07:15:00;DF;"20   ";"7,6  ";BRASILIA;Não;Ausência de reação do condutor;2;Queda de ocupante de veículo;Com Vítimas Feridas;Pleno dia;Crescente;Céu Claro;Dupla;Reta;Sim  ;"1119763   ";Caminhonete;I/NISSAN FRONTIER PLT;"2023      ";Condutor;Ileso;"44   ";Masculino;"1 ";"0    ";"0    ";"0    ";-15.6622080;-47.7998660;SPRF-DF;DEL02-DF;UOP01-DEL02-DF 
624479;"1398694   ";2024-08-30;sexta-feira;07:15:00;DF;"20   ";"7,6  ";BRASILIA;Não;Ausência de reação do condutor;2;Queda de ocupante de veículo;Com Vítimas Feridas;Pleno dia;Crescente;Céu Claro;Dupla;Reta;Sim  ;"1119762   ";Motocicleta;HONDA/CB250F TWISTER CBS;"2021      ";Passageiro;Lesões Leves;"20   ";Feminino;"0 ";"1    ";"0    ";"0    ";-15.6622080;-47.7998660;SPRF-DF;DEL02-DF;UOP01-DEL02-DF 
624479;"1398693   ";2024-08-30;sexta-feira;07:15:00;DF;"20   ";"7,6  ";BRASILIA;Não;Ausência de reação do condutor;2;Queda de ocupante de veículo;Com Vítimas Feridas;Pleno dia;Crescente;Céu Claro;Dupla;Reta;Sim  ;"1119762   ";Motocicleta;HONDA/CB250F TWISTER CBS;"2021      ";Condutor;Lesões Leves;"21   ";Masculino;"0 ";"1    ";"0    ";"0    ";-15.6622080;-47.7998660;SPRF-DF;DEL02-DF;UOP01-DEL02-DF 
624479;"1398695   ";2024-08-30;sexta-feira;07:15:00;DF;"20   ";"7,6  ";BRASILIA;Sim;Reação tardia ou ineficiente do condutor;2;Queda de ocupante de veículo;Com Vítimas Feridas;Pleno dia;Crescente;Céu Claro;Dupla;Reta;Sim  ;"1119763   ";Caminhonete;I/NISSAN FRONTIER PLT;"2023      ";Condutor;Ileso;"44   ";Masculino;"1 ";"0    ";"0    ";"0    ";-15.6622080;-47.7998660;SPRF-DF;DEL02-DF;UOP01-DEL02-DF 
624479;"1398694   ";2024-08-30;sexta-feira;07:15:00;DF;"20   ";"7,6  ";BRASILIA;Sim;Reação tardia ou ineficiente do condutor;2;Queda de ocupante de veículo;Com Vítimas Feridas;Pleno dia;Crescente;Céu Claro;Dupla;Reta;Sim  ;"1119762   ";Motocicleta;HONDA/CB250F TWISTER CBS;"2021      ";Passageiro;Lesões Leves;"20   ";Feminino;"0 ";"1    ";"0    ";"0    ";-15.6622080;-47.7998660;SPRF-DF;DEL02-DF;UOP01-DEL02-DF 
624479;"1398693   ";2024-08-30;sexta-feira;07:15:00;DF;"20   ";"7,6  ";BRASILIA;Sim;Reação tardia ou ineficiente do condutor;2;Queda de ocupante de veículo;Com Vítimas Feridas;Pleno dia;Crescente;Céu Claro;Dupla;Reta;Sim  ;"1119762   ";Motocicleta;HONDA/CB250F TWISTER CBS;"2021      ";Condutor;Lesões Leves;"21   ";Masculino;"0 ";"1    ";"0    ";"0    ";-15.6622080;-47.7998660;SPRF-DF;DEL02-DF;UOP01-DEL02-DF 
624479;"1398695   ";2024-08-30;sexta-feira;07:15:00;DF;"20   ";"7,6  ";BRASILIA;Não;Condutor deixou de manter distância do veículo da frente;1;Colisão traseira;Com Vítimas Feridas;Pleno dia;Crescente;Céu Claro;Dupla;Reta;Sim  ;"1119763   ";Caminhonete;I/NISSAN FRONTIER PLT;"2023      ";Condutor;Ileso;"44   ";Masculino;"1 ";"0    ";"0    ";"0    ";-15.6622080;-47.7998660;SPRF-DF;DEL02-DF;UOP01-DEL02-DF 
624479;"1398694   ";2024-08-30;sexta-feira;07:15:00;DF;"20   ";"7,6  ";BRASILIA;Não;Condutor deixou de manter distância do veículo da frente;1;Colisão traseira;Com Vítimas Feridas;Pleno dia;Crescente;Céu Claro;Dupla;Reta;Sim  ;"1119762   ";Motocicleta;HONDA/CB250F TWISTER CBS;"2021      ";Passageiro;Lesões Leves;"20   ";Feminino;"0 ";"1    ";"0    ";"0    ";-15.6622080;-47.7998660;SPRF-DF;DEL02-DF;UOP01-DEL02-DF 
624479;"1398693   ";2024-08-30;sexta-feira;07:15:00;DF;"20   ";"7,6  ";BRASILIA;Não;Condutor deixou de manter distância do veículo da frente;1;Colisão traseira;Com Vítimas Feridas;Pleno dia;Crescente;Céu Claro;Dupla;Reta;Sim  ;"1119762   ";Motocicleta;HONDA/CB250F TWISTER CBS;"2021      ";Condutor;Lesões Leves;"21   ";Masculino;"0 ";"1    ";"0    ";"0    ";-15.6622080;-47.7998660;SPRF-DF;DEL02-DF;UOP01-DEL02-DF 
624479;"1398695   ";2024-08-30;sexta-feira;07:15:00;DF;"20   ";"7,6  ";BRASILIA;Não;Ausência de reação do condutor;1;Colisão traseira;Com Vítimas Feridas;Pleno dia;Crescente;Céu Claro;Dupla;Reta;Sim  ;"1119763   ";Caminhonete;I/NISSAN FRONTIER PLT;"2023      ";Condutor;Ileso;"44   ";Masculino;"1 ";"0    ";"0    ";"0    ";-15.6622080;-47.7998660;SPRF-DF;DEL02-DF;UOP01-DEL02-DF 
624479;"1398694   ";2024-08-30;sexta-feira;07:15:00;DF;"20   ";"7,6  ";BRASILIA;Não;Ausência de reação do condutor;1;Colisão traseira;Com Vítimas Feridas;Pleno dia;Crescente;Céu Claro;Dupla;Reta;Sim  ;"1119762   ";Motocicleta;HONDA/CB250F TWISTER CBS;"2021      ";Passageiro;Lesões Leves;"20   ";Feminino;"0 ";"1    ";"0    ";"0    ";-15.6622080;-47.7998660;SPRF-DF;DEL02-DF;UOP01-DEL02-DF 
624479;"1398693   ";2024-08-30;sexta-feira;07:15:00;DF;"20   ";"7,6  ";BRASILIA;Não;Ausência de reação do condutor;1;Colisão traseira;Com Vítimas Feridas;Pleno dia;Crescente;Céu Claro;Dupla;Reta;Sim  ;"1119762   ";Motocicleta;HONDA/CB250F TWISTER CBS;"2021      ";Condutor;Lesões Leves;"21   ";Masculino;"0 ";"1    ";"0    ";"0    ";-15.6622080;-47.7998660;SPRF-DF;DEL02-DF;UOP01-DEL02-DF 
624479;"1398695   ";2024-08-30;sexta-feira;07:15:00;DF;"20   ";"7,6  ";BRASILIA;Sim;Reação tardia ou ineficiente do condutor;1;Colisão traseira;Com Vítimas Feridas;Pleno dia;Crescente;Céu Claro;Dupla;Reta;Sim  ;"1119763   ";Caminhonete;I/NISSAN FRONTIER PLT;"2023      ";Condutor;Ileso;"44   ";Masculino;"1 ";"0    ";"0    ";"0    ";-15.6622080;-47.7998660;SPRF-DF;DEL02-DF;UOP01-DEL02-DF 
624479;"1398694   ";2024-08-30;sexta-feira;07:15:00;DF;"20   ";"7,6  ";BRASILIA;Sim;Reação tardia ou ineficiente do condutor;1;Colisão traseira;Com Vítimas Feridas;Pleno dia;Crescente;Céu Claro;Dupla;Reta;Sim  ;"1119762   ";Motocicleta;HONDA/CB250F TWISTER CBS;"2021      ";Passageiro;Lesões Leves;"20   ";Feminino;"0 ";"1    ";"0    ";"0    ";-15.6622080;-47.7998660;SPRF-DF;DEL02-DF;UOP01-DEL02-DF 
624479;"1398693   ";2024-08-30;sexta-feira;07:15:00;DF;"20   ";"7,6  ";BRASILIA;Sim;Reação tardia ou ineficiente do condutor;1;Colisão traseira;Com Vítimas Feridas;Pleno dia;Crescente;Céu Claro;Dupla;Reta;Sim  ;"1119762   ";Motocicleta;HONDA/CB250F TWISTER CBS;"2021      ";Condutor;Lesões Leves;"21   ";Masculino;"0 ";"1    ";"0    ";"0    ";-15.6622080;-47.7998660;SPRF-DF;DEL02-DF;UOP01-DEL02-DF 
624529;"1398903   ";2024-08-30;sexta-feira;11:40:00;GO;"60   ";"43   ";ALEXANIA;Sim;Condutor deixou de manter distância do veículo da frente;1;Engavetamento;Sem Vítimas;Pleno dia;Crescente;Céu Claro;Múltipla;Reta;Não  ;"1119946   ";Automóvel;CHEVROLET/ONIX 1.4MT LT;"2014      ";Condutor;Ileso;"36   ";Masculino;"1 ";"0    ";"0    ";"0    ";-16.1164000;-48.5892000;SPRF-GO;DEL02-GO;UOP01-DEL02-GO 
624529;"1398901   ";2024-08-30;sexta-feira;11:40:00;GO;"60   ";"43   ";ALEXANIA;Sim;Condutor deixou de manter distância do veículo da frente;1;Engavetamento;Sem Vítimas;Pleno dia;Crescente;Céu Claro;Múltipla;Reta;Não  ;"1119945   ";Caminhonete;I/FORD RANGER XLSCD2A22;"2019      ";Condutor;Ileso;"42   ";Masculino;"1 ";"0    ";"0    ";"0    ";-16.1164000;-48.5892000;SPRF-GO;DEL02-GO;UOP01-DEL02-GO 
624529;"1398900   ";2024-08-30;sexta-feira;11:40:00;GO;"60   ";"43   ";ALEXANIA;Sim;Condutor deixou de manter distância do veículo da frente;1;Engavetamento;Sem Vítimas;Pleno dia;Crescente;Céu Claro;Múltipla;Reta;Não  ;"1119944   ";Caminhonete;FIAT/FIORINO HD WK E;"2017      ";Condutor;Ileso;"49   ";Masculino;"1 ";"0    ";"0    ";"0    ";-16.1164000;-48.5892000;SPRF-GO;DEL02-GO;UOP01-DEL02-GO 
624529;"1398899   ";2024-08-30;sexta-feira;11:40:00;GO;"60   ";"43   ";ALEXANIA;Sim;Condutor deixou de manter distância do veículo da frente;1;Engavetamento;Sem Vítimas;Pleno dia;Crescente;Céu Claro;Múltipla;Reta;Não  ;"1119943   ";Caminhão;VW/8.120;"2003      ";Condutor;Ileso;"42   ";Masculino;"1 ";"0    ";"0    ";"0    ";-16.1164000;-48.5892000;SPRF-GO;DEL02-GO;UOP01-DEL02-GO 
624533;"1398767   ";2024-08-30;sexta-feira;12:30:00;DF;"70   ";"5    ";BRASILIA;Sim;Reação tardia ou ineficiente do condutor;1;Saída de leito carroçável;Com Vítimas Feridas;Pleno dia;Crescente;Céu Claro;Dupla;Reta;Não  ;"1119842   ";Automóvel;FIAT/STILO FLEX;"2007      ";Passageiro;Lesões Leves;"19   ";Masculino;"0 ";"1    ";"0    ";"0    ";-15.7946560;-48.0967790;SPRF-DF;DEL03-DF;UOP02-DEL03-DF 
624533;"1398766   ";2024-08-30;sexta-feira;12:30:00;DF;"70   ";"5    ";BRASILIA;Sim;Reação tardia ou ineficiente do condutor;1;Saída de leito carroçável;Com Vítimas Feridas;Pleno dia;Crescente;Céu Claro;Dupla;Reta;Não  ;"1119842   ";Automóvel;FIAT/STILO FLEX;"2007      ";Passageiro;Lesões Leves;"25   ";Masculino;"0 ";"1    ";"0    ";"0    ";-15.7946560;-48.0967790;SPRF-DF;DEL03-DF;UOP02-DEL03-DF 
624533;"1398765   ";2024-08-30;sexta-feira;12:30:00;DF;"70   ";"5    ";BRASILIA;Sim;Reação tardia ou ineficiente do condutor;1;Saída de leito carroçável;Com Vítimas Feridas;Pleno dia;Crescente;Céu Claro;Dupla;Reta;Não  ;"1119842   ";Automóvel;FIAT/STILO FLEX;"2007      ";Condutor;Ileso;"19   ";Masculino;"1 ";"0    ";"0    ";"0    ";-15.7946560;-48.0967790;SPRF-DF;DEL03-DF;UOP02-DEL03-DF 
624533;"1398767   ";2024-08-30;sexta-feira;12:30:00;DF;"70   ";"5    ";BRASILIA;Sim;Reação tardia ou ineficiente do condutor;2;Colisão com objeto;Com Vítimas Feridas;Pleno dia;Crescente;Céu Claro;Dupla;Reta;Não  ;"1119842   ";Automóvel;FIAT/STILO FLEX;"2007      ";Passageiro;Lesões Leves;"19   ";Masculino;"0 ";"1    ";"0    ";"0    ";-15.7946560;-48.0967790;SPRF-DF;DEL03-DF;UOP02-DEL03-DF 
624533;"1398766   ";2024-08-30;sexta-feira;12:30:00;DF;"70   ";"5    ";BRASILIA;Sim;Reação tardia ou ineficiente do condutor;2;Colisão com objeto;Com Vítimas Feridas;Pleno dia;Crescente;Céu Claro;Dupla;Reta;Não  ;"1119842   ";Automóvel;FIAT/STILO FLEX;"2007      ";Passageiro;Lesões Leves;"25   ";Masculino;"0 ";"1    ";"0    ";"0    ";-15.7946560;-48.0967790;SPRF-DF;DEL03-DF;UOP02-DEL03-DF 
624533;"1398765   ";2024-08-30;sexta-feira;12:30:00;DF;"70   ";"5    ";BRASILIA;Sim;Reação tardia ou ineficiente do condutor;2;Colisão com objeto;Com Vítimas Feridas;Pleno dia;Crescente;Céu Claro;Dupla;Reta;Não  ;"1119842   ";Automóvel;FIAT/STILO FLEX;"2007      ";Condutor;Ileso;"19   ";Masculino;"1 ";"0    ";"0    ";"0    ";-15.7946560;-48.0967790;SPRF-DF;DEL03-DF;UOP02-DEL03-DF 
624563;"1398785   ";2024-08-30;sexta-feira;14:20:00;DF;"20   ";"15,3 ";BRASILIA;Sim;Demais falhas mecânicas ou elétricas;1;Eventos atípicos;Sem Vítimas;Pleno dia;Crescente;Céu Claro;Dupla;Reta;Não  ;"1119857   ";Automóvel;I/PEUGEOT 307 16 PRESENC;"2005      ";Condutor;Ileso;"40   ";Masculino;"1 ";"0    ";"0    ";"0    ";-15.6301890;-47.7332880;SPRF-DF;DEL02-DF;UOP01-DEL02-DF 
624688;"1399100   ";2024-08-30;sexta-feira;22:40:00;GO;"20   ";"23   ";FORMOSA;Sim;Ingestão de álcool pelo condutor;1;Queda de ocupante de veículo;Com Vítimas Feridas;Plena Noite;Decrescente;Céu Claro;Simples;Reta;Não  ;"1120104   ";Motocicleta;YAMAHA/FZ15 FAZER ABS;"2024      ";Condutor;Lesões Graves;"28   ";Masculino;"0 ";"0    ";"1    ";"0    ";-15.5429380;-47.1516270;SPRF-DF;DEL02-DF;UOP02-DEL02-DF 
624703;"1399263   ";2024-08-30;sexta-feira;22:00:00;GO;"80   ";"69   ";PADRE BERNARDO;Não;Reação tardia ou ineficiente do condutor;1;Colisão traseira;Com Vítimas Feridas;Plena Noite;Crescente;Céu Claro;Simples;Reta;Não  ;"1120259   ";Automóvel;VW/FOX 1.0;"2008      ";Condutor;Lesões Leves;"19   ";Feminino;"0 ";"1    ";"0    ";"0    ";-15.2103660;-48.4736930;SPRF-DF;DEL03-DF;UOP02-DEL03-DF 
624703;"1399267   ";2024-08-30;sexta-feira;22:00:00;GO;"80   ";"69   ";PADRE BERNARDO;Não;Reação tardia ou ineficiente do condutor;1;Colisão traseira;Com Vítimas Feridas;Plena Noite;Crescente;Céu Claro;Simples;Reta;Não  ;"1120254   ";Automóvel;I/FIAT SIENA EL FLEX;"2011      ";Passageiro;Lesões Leves;"35   ";Feminino;"0 ";"1    ";"0    ";"0    ";-15.2103660;-48.4736930;SPRF-DF;DEL03-DF;UOP02-DEL03-DF 
624703;"1399279   ";2024-08-30;sexta-feira;22:00:00;GO;"80   ";"69   ";PADRE BERNARDO;Não;Reação tardia ou ineficiente do condutor;1;Colisão traseira;Com Vítimas Feridas;Plena Noite;Crescente;Céu Claro;Simples;Reta;Não  ;"1120254   ";Automóvel;I/FIAT SIENA EL FLEX;"2011      ";Passageiro;Lesões Leves;"42   ";Masculino;"0 ";"1    ";"0    ";"0    ";-15.2103660;-48.4736930;SPRF-DF;DEL03-DF;UOP02-DEL03-DF 
624703;"1399271   ";2024-08-30;sexta-feira;22:00:00;GO;"80   ";"69   ";PADRE BERNARDO;Não;Reação tardia ou ineficiente do condutor;1;Colisão traseira;Com Vítimas Feridas;Plena Noite;Crescente;Céu Claro;Simples;Reta;Não  ;"1120254   ";Automóvel;I/FIAT SIENA EL FLEX;"2011      ";Passageiro;Lesões Leves;"16   ";Masculino;"0 ";"1    ";"0    ";"0    ";-15.2103660;-48.4736930;SPRF-DF;DEL03-DF;UOP02-DEL03-DF 
624703;"1399269   ";2024-08-30;sexta-feira;22:00:00;GO;"80   ";"69   ";PADRE BERNARDO;Não;Reação tardia ou ineficiente do condutor;1;Colisão traseira;Com Vítimas Feridas;Plena Noite;Crescente;Céu Claro;Simples;Reta;Não  ;"1120254   ";Automóvel;I/FIAT SIENA EL FLEX;"2011      ";Passageiro;Lesões Leves;"10   ";Feminino;"0 ";"1    ";"0    ";"0    ";-15.2103660;-48.4736930;SPRF-DF;DEL03-DF;UOP02-DEL03-DF 
624703;"1399262   ";2024-08-30;sexta-feira;22:00:00;GO;"80   ";"69   ";PADRE BERNARDO;Não;Reação tardia ou ineficiente do condutor;1;Colisão traseira;Com Vítimas Feridas;Plena Noite;Crescente;Céu Claro;Simples;Reta;Não  ;"1120254   ";Automóvel;I/FIAT SIENA EL FLEX;"2011      ";Condutor;Ileso;"38   ";Masculino;"1 ";"0    ";"0    ";"0    ";-15.2103660;-48.4736930;SPRF-DF;DEL03-DF;UOP02-DEL03-DF 
624703;"1399263   ";2024-08-30;sexta-feira;22:00:00;GO;"80   ";"69   ";PADRE BERNARDO;Sim;Ausência de reação do condutor;1;Colisão traseira;Com Vítimas Feridas;Plena Noite;Crescente;Céu Claro;Simples;Reta;Não  ;"1120259   ";Automóvel;VW/FOX 1.0;"2008      ";Condutor;Lesões Leves;"19   ";Feminino;"0 ";"1    ";"0    ";"0    ";-15.2103660;-48.4736930;SPRF-DF;DEL03-DF;UOP02-DEL03-DF 
624703;"1399267   ";2024-08-30;sexta-feira;22:00:00;GO;"80   ";"69   ";PADRE BERNARDO;Sim;Ausência de reação do condutor;1;Colisão traseira;Com Vítimas Feridas;Plena Noite;Crescente;Céu Claro;Simples;Reta;Não  ;"1120254   ";Automóvel;I/FIAT SIENA EL FLEX;"2011      ";Passageiro;Lesões Leves;"35   ";Feminino;"0 ";"1    ";"0    ";"0    ";-15.2103660;-48.4736930;SPRF-DF;DEL03-DF;UOP02-DEL03-DF 
624703;"1399279   ";2024-08-30;sexta-feira;22:00:00;GO;"80   ";"69   ";PADRE BERNARDO;Sim;Ausência de reação do condutor;1;Colisão traseira;Com Vítimas Feridas;Plena Noite;Crescente;Céu Claro;Simples;Reta;Não  ;"1120254   ";Automóvel;I/FIAT SIENA EL FLEX;"2011      ";Passageiro;Lesões Leves;"42   ";Masculino;"0 ";"1    ";"0    ";"0    ";-15.2103660;-48.4736930;SPRF-DF;DEL03-DF;UOP02-DEL03-DF 
624703;"1399271   ";2024-08-30;sexta-feira;22:00:00;GO;"80   ";"69   ";PADRE BERNARDO;Sim;Ausência de reação do condutor;1;Colisão traseira;Com Vítimas Feridas;Plena Noite;Crescente;Céu Claro;Simples;Reta;Não  ;"1120254   ";Automóvel;I/FIAT SIENA EL FLEX;"2011      ";Passageiro;Lesões Leves;"16   ";Masculino;"0 ";"1    ";"0    ";"0    ";-15.2103660;-48.4736930;SPRF-DF;DEL03-DF;UOP02-DEL03-DF 
624703;"1399269   ";2024-08-30;sexta-feira;22:00:00;GO;"80   ";"69   ";PADRE BERNARDO;Sim;Ausência de reação do condutor;1;Colisão traseira;Com Vítimas Feridas;Plena Noite;Crescente;Céu Claro;Simples;Reta;Não  ;"1120254   ";Automóvel;I/FIAT SIENA EL FLEX;"2011      ";Passageiro;Lesões Leves;"10   ";Feminino;"0 ";"1    ";"0    ";"0    ";-15.2103660;-48.4736930;SPRF-DF;DEL03-DF;UOP02-DEL03-DF 
624703;"1399262   ";2024-08-30;sexta-feira;22:00:00;GO;"80   ";"69   ";PADRE BERNARDO;Sim;Ausência de reação do condutor;1;Colisão traseira;Com Vítimas Feridas;Plena Noite;Crescente;Céu Claro;Simples;Reta;Não  ;"1120254   ";Automóvel;I/FIAT SIENA EL FLEX;"2011      ";Condutor;Ileso;"38   ";Masculino;"1 ";"0    ";"0    ";"0    ";-15.2103660;-48.4736930;SPRF-DF;DEL03-DF;UOP02-DEL03-DF 
624711;"1399226   ";2024-08-30;sexta-feira;23:42:00;GO;"251  ";"30   ";CRISTALINA;Sim;Transitar no Acostamento;1;Atropelamento de Pedestre;Com Vítimas Feridas;Plena Noite;Decrescente;Céu Claro;Simples;Reta;Sim  ;"1120222   ";Motocicleta;HONDA/CG 160 TITAN;"2024      ";Condutor;Lesões Leves;"21   ";Masculino;"0 ";"1    ";"0    ";"0    ";-16.0820873;-47.5226445;SPRF-DF;DEL01-DF;UOP01-DEL01-DF 
624711;"1399236   ";2024-08-30;sexta-feira;23:42:00;GO;"251  ";"30   ";CRISTALINA;Sim;Transitar no Acostamento;1;Atropelamento de Pedestre;Com Vítimas Feridas;Plena Noite;Decrescente;Céu Claro;Simples;Reta;Sim  ;"0         ";"0";NA/NA;"0         ";Pedestre;Lesões Leves;"20   ";Masculino;"0 ";"1    ";"0    ";"0    ";-16.0820873;-47.5226445;SPRF-DF;DEL01-DF;UOP01-DEL01-DF 