id;pesid;data_inversa;dia_semana;horario;uf;br;km;municipio;causa_principal;causa_acidente;ordem_tipo_acidente;tipo_acidente;classificacao_acidente;fase_dia;sentido_via;condicao_metereologica;tipo_pista;tracado_via;uso_solo;id_veiculo;tipo_veiculo;marca;ano_fabricacao_veiculo;tipo_envolvido;estado_fisico;idade;sexo;ilesos;feridos_leves;feridos_graves;mortos;latitude;longitude;regional;delegacia;uop
625040;"1399913   ";2024-09-01;domingo;09:30:00;GO;"60   ";"36,3 ";ALEXANIA;Sim;Reação tardia ou ineficiente do condutor;2;Tombamento;Com Vítimas Feridas;Pleno dia;Decrescente;Céu Claro;Dupla;"Curva;Aclive";Não  ;"1120781   ";Motocicleta;YAMAHA/XVS950A MIDN.STAR;"2014      ";Condutor;Lesões Leves;"64   ";Masculino;"0 ";"1    ";"0    ";"0    ";-16.1119000;-48.5299000;SPRF-DF;DEL03-DF;UOP01-DEL03-DF 
625040;"1399913   ";2024-09-01;domingo;09:30:00;GO;"60   ";"36,3 ";ALEXANIA;Sim;Reação tardia ou ineficiente do condutor;1;Colisão com objeto;Com Vítimas Feridas;Pleno dia;Decrescente;Céu Claro;Dupla;"Curva;Aclive";Não  ;"1120781   ";Motocicleta;YAMAHA/XVS950A MIDN.STAR;"2014      ";Condutor;Lesões Leves;"64   ";Masculino;"0 ";"1    ";"0    ";"0    ";-16.1119000;-48.5299000;SPRF-DF;DEL03-DF;UOP01-DEL03-DF 
625064;"1399895   ";2024-09-01;domingo;13:30:00;DF;"70   ";"11,6 ";BRASILIA;Sim;Ingestão de álcool pelo condutor;2;Capotamento;Sem Vítimas;Pleno dia;Decrescente;Céu Claro;Dupla;Reta;Sim  ;"1120766   ";Automóvel;HONDA/CITY EX FLEX;"2010      ";Condutor;Não Informado;"0    ";Não Informado;"0 ";"0    ";"0    ";"0    ";-15.7897620;-48.1487270;SPRF-DF;DEL03-DF;UOP02-DEL03-DF 
625064;"1399895   ";2024-09-01;domingo;13:30:00;DF;"70   ";"11,6 ";BRASILIA;Sim;Ingestão de álcool pelo condutor;1;Saída de leito carroçável;Sem Vítimas;Pleno dia;Decrescente;Céu Claro;Dupla;Reta;Sim  ;"1120766   ";Automóvel;HONDA/CITY EX FLEX;"2010      ";Condutor;Não Informado;"0    ";Não Informado;"0 ";"0    ";"0    ";"0    ";-15.7897620;-48.1487270;SPRF-DF;DEL03-DF;UOP02-DEL03-DF 
625104;"1400138   ";2024-09-01;domingo;17:17:00;GO;"40   ";"12   ";LUZIANIA;Sim;Ingestão de álcool pelo condutor;1;Colisão traseira;Com Vítimas Feridas;Pleno dia;Crescente;Céu Claro;Dupla;Reta;Sim  ;"1120968   ";Motocicleta;HONDA/CG 160 FAN;"2023      ";Condutor;Lesões Leves;"21   ";Masculino;"0 ";"1    ";"0    ";"0    ";-16.1451230;-47.9453820;SPRF-DF;DEL01-DF;UOP01-DEL01-DF 
625104;"1400136   ";2024-09-01;domingo;17:17:00;GO;"40   ";"12   ";LUZIANIA;Sim;Ingestão de álcool pelo condutor;1;Colisão traseira;Com Vítimas Feridas;Pleno dia;Crescente;Céu Claro;Dupla;Reta;Sim  ;"1120967   ";Motocicleta;HARLEY DAVIDSON/FLSTF;"2013      ";Condutor;Ileso;"56   ";Masculino;"1 ";"0    ";"0    ";"0    ";-16.1451230;-47.9453820;SPRF-DF;DEL01-DF;UOP01-DEL01-DF 
625293;"1400774   ";2024-09-02;segunda-feira;12:28:00;GO;"40   ";"10   ";LUZIANIA;Sim;Conversão proibida;2;Colisão traseira;Com Vítimas Feridas;Pleno dia;Crescente;Sol;Dupla;"Retorno Regulamentado;Reta";Sim  ;"1121465   ";Automóvel;HONDA/FIT LX FLEX;"2010      ";Condutor;Ileso;"36   ";Feminino;"1 ";"0    ";"0    ";"0    ";-16.1313150;-47.9578500;SPRF-DF;DEL01-DF;UOP01-DEL01-DF 
625293;"1400772   ";2024-09-02;segunda-feira;12:28:00;GO;"40   ";"10   ";LUZIANIA;Sim;Conversão proibida;2;Colisão traseira;Com Vítimas Feridas;Pleno dia;Crescente;Sol;Dupla;"Retorno Regulamentado;Reta";Sim  ;"1121464   ";Automóvel;FIAT/PALIO FIRE ECONOMY;"2011      ";Passageiro;Lesões Leves;"9    ";Feminino;"0 ";"1    ";"0    ";"0    ";-16.1313150;-47.9578500;SPRF-DF;DEL01-DF;UOP01-DEL01-DF 
625293;"1400768   ";2024-09-02;segunda-feira;12:28:00;GO;"40   ";"10   ";LUZIANIA;Sim;Conversão proibida;2;Colisão traseira;Com Vítimas Feridas;Pleno dia;Crescente;Sol;Dupla;"Retorno Regulamentado;Reta";Sim  ;"1121464   ";Automóvel;FIAT/PALIO FIRE ECONOMY;"2011      ";Condutor;Ileso;"35   ";Feminino;"1 ";"0    ";"0    ";"0    ";-16.1313150;-47.9578500;SPRF-DF;DEL01-DF;UOP01-DEL01-DF 
625293;"1400766   ";2024-09-02;segunda-feira;12:28:00;GO;"40   ";"10   ";LUZIANIA;Sim;Conversão proibida;2;Colisão traseira;Com Vítimas Feridas;Pleno dia;Crescente;Sol;Dupla;"Retorno Regulamentado;Reta";Sim  ;"1121463   ";Automóvel;GM/CORSA MILENIUM;"2001      ";Condutor;Ileso;"71   ";Masculino;"1 ";"0    ";"0    ";"0    ";-16.1313150;-47.9578500;SPRF-DF;DEL01-DF;UOP01-DEL01-DF 
625293;"1400774   ";2024-09-02;segunda-feira;12:28:00;GO;"40   ";"10   ";LUZIANIA;Sim;Conversão proibida;1;Colisão transversal;Com Vítimas Feridas;Pleno dia;Crescente;Sol;Dupla;"Retorno Regulamentado;Reta";Sim  ;"1121465   ";Automóvel;HONDA/FIT LX FLEX;"2010      ";Condutor;Ileso;"36   ";Feminino;"1 ";"0    ";"0    ";"0    ";-16.1313150;-47.9578500;SPRF-DF;DEL01-DF;UOP01-DEL01-DF 
625293;"1400772   ";2024-09-02;segunda-feira;12:28:00;GO;"40   ";"10   ";LUZIANIA;Sim;Conversão proibida;1;Colisão transversal;Com Vítimas Feridas;Pleno dia;Crescente;Sol;Dupla;"Retorno Regulamentado;Reta";Sim  ;"1121464   ";Automóvel;FIAT/PALIO FIRE ECONOMY;"2011      ";Passageiro;Lesões Leves;"9    ";Feminino;"0 ";"1    ";"0    ";"0    ";-16.1313150;-47.9578500;SPRF-DF;DEL01-DF;UOP01-DEL01-DF 
625293;"1400768   ";2024-09-02;segunda-feira;12:28:00;GO;"40   ";"10   ";LUZIANIA;Sim;Conversão proibida;1;Colisão transversal;Com Vítimas Feridas;Pleno dia;Crescente;Sol;Dupla;"Retorno Regulamentado;Reta";Sim  ;"1121464   ";Automóvel;FIAT/PALIO FIRE ECONOMY;"2011      ";Condutor;Ileso;"35   ";Feminino;"1 ";"0    ";"0    ";"0    ";-16.1313150;-47.9578500;SPRF-DF;DEL01-DF;UOP01-DEL01-DF 
625293;"1400766   ";2024-09-02;segunda-feira;12:28:00;GO;"40   ";"10   ";LUZIANIA;Sim;Conversão proibida;1;Colisão transversal;Com Vítimas Feridas;Pleno dia;Crescente;Sol;Dupla;"Retorno Regulamentado;Reta";Sim  ;"1121463   ";Automóvel;GM/CORSA MILENIUM;"2001      ";Condutor;Ileso;"71   ";Masculino;"1 ";"0    ";"0    ";"0    ";-16.1313150;-47.9578500;SPRF-DF;DEL01-DF;UOP01-DEL01-DF 
625311;"1400480   ";2024-08-30;sexta-feira;21:00:00;DF;"20   ";"20,7 ";BRASILIA;Sim;Ausência de reação do condutor;1;Colisão traseira;Sem Vítimas;Pleno dia;Decrescente;Céu Claro;Dupla;"Reta;Declive";Sim  ;"1121251   ";Automóvel;VW/FOX 1.0;"2005      ";Condutor;Ileso;"20   ";Feminino;"1 ";"0    ";"0    ";"0    ";-15.6042420;-47.6866670;SPRF-DF;DEL02-DF;UOP01-DEL02-DF 
625311;"1400479   ";2024-08-30;sexta-feira;21:00:00;DF;"20   ";"20,7 ";BRASILIA;Sim;Ausência de reação do condutor;1;Colisão traseira;Sem Vítimas;Pleno dia;Decrescente;Céu Claro;Dupla;"Reta;Declive";Sim  ;"1121251   ";Automóvel;VW/FOX 1.0;"2005      ";Passageiro;Ileso;"20   ";Feminino;"1 ";"0    ";"0    ";"0    ";-15.6042420;-47.6866670;SPRF-DF;DEL02-DF;UOP01-DEL02-DF 
625311;"1400481   ";2024-08-30;sexta-feira;21:00:00;DF;"20   ";"20,7 ";BRASILIA;Sim;Ausência de reação do condutor;1;Colisão traseira;Sem Vítimas;Pleno dia;Decrescente;Céu Claro;Dupla;"Reta;Declive";Sim  ;"1121250   ";Automóvel;I/FORD FOCUS 1.8L HA;"2003      ";Passageiro;Ileso;"28   ";Masculino;"1 ";"0    ";"0    ";"0    ";-15.6042420;-47.6866670;SPRF-DF;DEL02-DF;UOP01-DEL02-DF 
625311;"1400478   ";2024-08-30;sexta-feira;21:00:00;DF;"20   ";"20,7 ";BRASILIA;Sim;Ausência de reação do condutor;1;Colisão traseira;Sem Vítimas;Pleno dia;Decrescente;Céu Claro;Dupla;"Reta;Declive";Sim  ;"1121250   ";Automóvel;I/FORD FOCUS 1.8L HA;"2003      ";Condutor;Ileso;"39   ";Feminino;"1 ";"0    ";"0    ";"0    ";-15.6042420;-47.6866670;SPRF-DF;DEL02-DF;UOP01-DEL02-DF 
625311;"1400480   ";2024-08-30;sexta-feira;21:00:00;DF;"20   ";"20,7 ";BRASILIA;Não;Acessar a via sem observar a presença dos outros veículos;1;Colisão traseira;Sem Vítimas;Pleno dia;Decrescente;Céu Claro;Dupla;"Reta;Declive";Sim  ;"1121251   ";Automóvel;VW/FOX 1.0;"2005      ";Condutor;Ileso;"20   ";Feminino;"1 ";"0    ";"0    ";"0    ";-15.6042420;-47.6866670;SPRF-DF;DEL02-DF;UOP01-DEL02-DF 
625311;"1400479   ";2024-08-30;sexta-feira;21:00:00;DF;"20   ";"20,7 ";BRASILIA;Não;Acessar a via sem observar a presença dos outros veículos;1;Colisão traseira;Sem Vítimas;Pleno dia;Decrescente;Céu Claro;Dupla;"Reta;Declive";Sim  ;"1121251   ";Automóvel;VW/FOX 1.0;"2005      ";Passageiro;Ileso;"20   ";Feminino;"1 ";"0    ";"0    ";"0    ";-15.6042420;-47.6866670;SPRF-DF;DEL02-DF;UOP01-DEL02-DF 
625311;"1400481   ";2024-08-30;sexta-feira;21:00:00;DF;"20   ";"20,7 ";BRASILIA;Não;Acessar a via sem observar a presença dos outros veículos;1;Colisão traseira;Sem Vítimas;Pleno dia;Decrescente;Céu Claro;Dupla;"Reta;Declive";Sim  ;"1121250   ";Automóvel;I/FORD FOCUS 1.8L HA;"2003      ";Passageiro;Ileso;"28   ";Masculino;"1 ";"0    ";"0    ";"0    ";-15.6042420;-47.6866670;SPRF-DF;DEL02-DF;UOP01-DEL02-DF 
625311;"1400478   ";2024-08-30;sexta-feira;21:00:00;DF;"20   ";"20,7 ";BRASILIA;Não;Acessar a via sem observar a presença dos outros veículos;1;Colisão traseira;Sem Vítimas;Pleno dia;Decrescente;Céu Claro;Dupla;"Reta;Declive";Sim  ;"1121250   ";Automóvel;I/FORD FOCUS 1.8L HA;"2003      ";Condutor;Ileso;"39   ";Feminino;"1 ";"0    ";"0    ";"0    ";-15.6042420;-47.6866670;SPRF-DF;DEL02-DF;UOP01-DEL02-DF 
625407;"1400734   ";2024-09-02;segunda-feira;20:00:00;GO;"414  ";"373  ";COCALZINHO DE GOIAS;Sim;Ausência de reação do condutor;1;Colisão com objeto;Sem Vítimas;Plena Noite;Decrescente;Céu Claro;Dupla;Reta;Não  ;"1121440   ";Automóvel;GM/CELTA 3 PORTAS;"2003      ";Condutor;Não Informado;"0    ";Não Informado;"0 ";"0    ";"0    ";"0    ";-15.7960857;-48.7757386;SPRF-GO;DEL02-GO;UOP01-DEL02-GO 
625425;"1402664   ";2024-09-03;terça-feira;03:25:00;GO;"40   ";"7    ";VALPARAISO DE GOIAS;Não;Reação tardia ou ineficiente do condutor;1;Colisão transversal;Sem Vítimas;Plena Noite;Decrescente;Céu Claro;Dupla;Reta;Sim  ;"1122806   ";Micro-ônibus;RENAULT/MASTER MBUS L3H2;"2018      ";Passageiro;Ileso;"0    ";Masculino;"1 ";"0    ";"0    ";"0    ";-16.1084820;-47.9725240;SPRF-DF;DEL01-DF;UOP01-DEL01-DF 
625425;"1402390   ";2024-09-03;terça-feira;03:25:00;GO;"40   ";"7    ";VALPARAISO DE GOIAS;Não;Reação tardia ou ineficiente do condutor;1;Colisão transversal;Sem Vítimas;Plena Noite;Decrescente;Céu Claro;Dupla;Reta;Sim  ;"1122806   ";Micro-ônibus;RENAULT/MASTER MBUS L3H2;"2018      ";Condutor;Ileso;"33   ";Masculino;"1 ";"0    ";"0    ";"0    ";-16.1084820;-47.9725240;SPRF-DF;DEL01-DF;UOP01-DEL01-DF 
625425;"1400868   ";2024-09-03;terça-feira;03:25:00;GO;"40   ";"7    ";VALPARAISO DE GOIAS;Não;Reação tardia ou ineficiente do condutor;1;Colisão transversal;Sem Vítimas;Plena Noite;Decrescente;Céu Claro;Dupla;Reta;Sim  ;"1121560   ";Automóvel;FIAT/PALIO EX;"1998      ";Condutor;Ileso;"29   ";Feminino;"1 ";"0    ";"0    ";"0    ";-16.1084820;-47.9725240;SPRF-DF;DEL01-DF;UOP01-DEL01-DF 
625425;"1402664   ";2024-09-03;terça-feira;03:25:00;GO;"40   ";"7    ";VALPARAISO DE GOIAS;Não;Ingestão de álcool pelo condutor;1;Colisão transversal;Sem Vítimas;Plena Noite;Decrescente;Céu Claro;Dupla;Reta;Sim  ;"1122806   ";Micro-ônibus;RENAULT/MASTER MBUS L3H2;"2018      ";Passageiro;Ileso;"0    ";Masculino;"1 ";"0    ";"0    ";"0    ";-16.1084820;-47.9725240;SPRF-DF;DEL01-DF;UOP01-DEL01-DF 
625425;"1402390   ";2024-09-03;terça-feira;03:25:00;GO;"40   ";"7    ";VALPARAISO DE GOIAS;Não;Ingestão de álcool pelo condutor;1;Colisão transversal;Sem Vítimas;Plena Noite;Decrescente;Céu Claro;Dupla;Reta;Sim  ;"1122806   ";Micro-ônibus;RENAULT/MASTER MBUS L3H2;"2018      ";Condutor;Ileso;"33   ";Masculino;"1 ";"0    ";"0    ";"0    ";-16.1084820;-47.9725240;SPRF-DF;DEL01-DF;UOP01-DEL01-DF 
625425;"1400868   ";2024-09-03;terça-feira;03:25:00;GO;"40   ";"7    ";VALPARAISO DE GOIAS;Não;Ingestão de álcool pelo condutor;1;Colisão transversal;Sem Vítimas;Plena Noite;Decrescente;Céu Claro;Dupla;Reta;Sim  ;"1121560   ";Automóvel;FIAT/PALIO EX;"1998      ";Condutor;Ileso;"29   ";Feminino;"1 ";"0    ";"0    ";"0    ";-16.1084820;-47.9725240;SPRF-DF;DEL01-DF;UOP01-DEL01-DF 
625425;"1402664   ";2024-09-03;terça-feira;03:25:00;GO;"40   ";"7    ";VALPARAISO DE GOIAS;Sim;Acessar a via sem observar a presença dos outros veículos;1;Colisão transversal;Sem Vítimas;Plena Noite;Decrescente;Céu Claro;Dupla;Reta;Sim  ;"1122806   ";Micro-ônibus;RENAULT/MASTER MBUS L3H2;"2018      ";Passageiro;Ileso;"0    ";Masculino;"1 ";"0    ";"0    ";"0    ";-16.1084820;-47.9725240;SPRF-DF;DEL01-DF;UOP01-DEL01-DF 
625425;"1402390   ";2024-09-03;terça-feira;03:25:00;GO;"40   ";"7    ";VALPARAISO DE GOIAS;Sim;Acessar a via sem observar a presença dos outros veículos;1;Colisão transversal;Sem Vítimas;Plena Noite;Decrescente;Céu Claro;Dupla;Reta;Sim  ;"1122806   ";Micro-ônibus;RENAULT/MASTER MBUS L3H2;"2018      ";Condutor;Ileso;"33   ";Masculino;"1 ";"0    ";"0    ";"0    ";-16.1084820;-47.9725240;SPRF-DF;DEL01-DF;UOP01-DEL01-DF 
625425;"1400868   ";2024-09-03;terça-feira;03:25:00;GO;"40   ";"7    ";VALPARAISO DE GOIAS;Sim;Acessar a via sem observar a presença dos outros veículos;1;Colisão transversal;Sem Vítimas;Plena Noite;Decrescente;Céu Claro;Dupla;Reta;Sim  ;"1121560   ";Automóvel;FIAT/PALIO EX;"1998      ";Condutor;Ileso;"29   ";Feminino;"1 ";"0    ";"0    ";"0    ";-16.1084820;-47.9725240;SPRF-DF;DEL01-DF;UOP01-DEL01-DF 
625484;"1401275   ";2024-09-03;terça-feira;11:00:00;DF;"40   ";"4,9  ";BRASILIA;Sim;Ausência de reação do condutor;2;Tombamento;Com Vítimas Feridas;Pleno dia;Crescente;Céu Claro;Dupla;Reta;Não  ;"1121884   ";Automóvel;HYUNDAI/HB20 1.6M 1.6M;"2013      ";Passageiro;Lesões Leves;"65   ";Feminino;"0 ";"1    ";"0    ";"0    ";-16.0120330;-47.9821240;SPRF-DF;DEL01-DF;UOP01-DEL01-DF 
625484;"1401276   ";2024-09-03;terça-feira;11:00:00;DF;"40   ";"4,9  ";BRASILIA;Sim;Ausência de reação do condutor;2;Tombamento;Com Vítimas Feridas;Pleno dia;Crescente;Céu Claro;Dupla;Reta;Não  ;"1121884   ";Automóvel;HYUNDAI/HB20 1.6M 1.6M;"2013      ";Passageiro;Ileso;"0    ";Masculino;"1 ";"0    ";"0    ";"0    ";-16.0120330;-47.9821240;SPRF-DF;DEL01-DF;UOP01-DEL01-DF 
625484;"1401274   ";2024-09-03;terça-feira;11:00:00;DF;"40   ";"4,9  ";BRASILIA;Sim;Ausência de reação do condutor;2;Tombamento;Com Vítimas Feridas;Pleno dia;Crescente;Céu Claro;Dupla;Reta;Não  ;"1121884   ";Automóvel;HYUNDAI/HB20 1.6M 1.6M;"2013      ";Condutor;Lesões Leves;"35   ";Feminino;"0 ";"1    ";"0    ";"0    ";-16.0120330;-47.9821240;SPRF-DF;DEL01-DF;UOP01-DEL01-DF 
625484;"1401273   ";2024-09-03;terça-feira;11:00:00;DF;"40   ";"4,9  ";BRASILIA;Sim;Ausência de reação do condutor;2;Tombamento;Com Vítimas Feridas;Pleno dia;Crescente;Céu Claro;Dupla;Reta;Não  ;"1121883   ";Camioneta;RENAULT/DUSTER 16 D 4X2;"2013      ";Condutor;Lesões Leves;"65   ";Masculino;"0 ";"1    ";"0    ";"0    ";-16.0120330;-47.9821240;SPRF-DF;DEL01-DF;UOP01-DEL01-DF 
625484;"1401275   ";2024-09-03;terça-feira;11:00:00;DF;"40   ";"4,9  ";BRASILIA;Sim;Ausência de reação do condutor;1;Colisão traseira;Com Vítimas Feridas;Pleno dia;Crescente;Céu Claro;Dupla;Reta;Não  ;"1121884   ";Automóvel;HYUNDAI/HB20 1.6M 1.6M;"2013      ";Passageiro;Lesões Leves;"65   ";Feminino;"0 ";"1    ";"0    ";"0    ";-16.0120330;-47.9821240;SPRF-DF;DEL01-DF;UOP01-DEL01-DF 
625484;"1401276   ";2024-09-03;terça-feira;11:00:00;DF;"40   ";"4,9  ";BRASILIA;Sim;Ausência de reação do condutor;1;Colisão traseira;Com Vítimas Feridas;Pleno dia;Crescente;Céu Claro;Dupla;Reta;Não  ;"1121884   ";Automóvel;HYUNDAI/HB20 1.6M 1.6M;"2013      ";Passageiro;Ileso;"0    ";Masculino;"1 ";"0    ";"0    ";"0    ";-16.0120330;-47.9821240;SPRF-DF;DEL01-DF;UOP01-DEL01-DF 
625484;"1401274   ";2024-09-03;terça-feira;11:00:00;DF;"40   ";"4,9  ";BRASILIA;Sim;Ausência de reação do condutor;1;Colisão traseira;Com Vítimas Feridas;Pleno dia;Crescente;Céu Claro;Dupla;Reta;Não  ;"1121884   ";Automóvel;HYUNDAI/HB20 1.6M 1.6M;"2013      ";Condutor;Lesões Leves;"35   ";Feminino;"0 ";"1    ";"0    ";"0    ";-16.0120330;-47.9821240;SPRF-DF;DEL01-DF;UOP01-DEL01-DF 
625484;"1401273   ";2024-09-03;terça-feira;11:00:00;DF;"40   ";"4,9  ";BRASILIA;Sim;Ausência de reação do condutor;1;Colisão traseira;Com Vítimas Feridas;Pleno dia;Crescente;Céu Claro;Dupla;Reta;Não  ;"1121883   ";Camioneta;RENAULT/DUSTER 16 D 4X2;"2013      ";Condutor;Lesões Leves;"65   ";Masculino;"0 ";"1    ";"0    ";"0    ";-16.0120330;-47.9821240;SPRF-DF;DEL01-DF;UOP01-DEL01-DF 
625500;"1401210   ";2024-09-03;terça-feira;12:30:00;GO;"70   ";"8    ";AGUAS LINDAS DE GOIAS;Sim;Manobra de mudança de faixa;1;Colisão traseira;Com Vítimas Feridas;Pleno dia;Crescente;Céu Claro;Múltipla;Reta;Sim  ;"1121815   ";Motoneta;SUNDOWN/WEB 100;"2007      ";Condutor;Lesões Leves;"33   ";Masculino;"0 ";"1    ";"0    ";"0    ";-15.7373368;-48.2740747;SPRF-DF;DEL03-DF;UOP02-DEL03-DF 
625500;"1401209   ";2024-09-03;terça-feira;12:30:00;GO;"70   ";"8    ";AGUAS LINDAS DE GOIAS;Sim;Manobra de mudança de faixa;1;Colisão traseira;Com Vítimas Feridas;Pleno dia;Crescente;Céu Claro;Múltipla;Reta;Sim  ;"1121814   ";Automóvel;CHEV/PRISMA 1.4AT LTZ;"2015      ";Condutor;Ileso;"53   ";Masculino;"1 ";"0    ";"0    ";"0    ";-15.7373368;-48.2740747;SPRF-DF;DEL03-DF;UOP02-DEL03-DF 
625500;"1401217   ";2024-09-03;terça-feira;12:30:00;GO;"70   ";"8    ";AGUAS LINDAS DE GOIAS;Sim;Manobra de mudança de faixa;1;Colisão traseira;Com Vítimas Feridas;Pleno dia;Crescente;Céu Claro;Múltipla;Reta;Sim  ;"0         ";"0";NA/NA;"0         ";Testemunha;Não Informado;"0    ";Não Informado;"0 ";"0    ";"0    ";"0    ";-15.7373368;-48.2740747;SPRF-DF;DEL03-DF;UOP02-DEL03-DF 
625555;"1401070   ";2024-09-03;terça-feira;18:50:00;DF;"40   ";"7,2  ";BRASILIA;Não;Ausência de reação do condutor;2;Tombamento;Com Vítimas Feridas;Plena Noite;Decrescente;Céu Claro;Dupla;Reta;Sim  ;"1121703   ";Motoneta;HONDA/BIZ 125;"2021      ";Condutor;Lesões Leves;"43   ";Feminino;"0 ";"1    ";"0    ";"0    ";-16.0386660;-47.9796910;SPRF-DF;DEL01-DF;UOP01-DEL01-DF 
625555;"1401070   ";2024-09-03;terça-feira;18:50:00;DF;"40   ";"7,2  ";BRASILIA;Sim;Trafegar com motocicleta (ou similar) entre as faixas;2;Tombamento;Com Vítimas Feridas;Plena Noite;Decrescente;Céu Claro;Dupla;Reta;Sim  ;"1121703   ";Motoneta;HONDA/BIZ 125;"2021      ";Condutor;Lesões Leves;"43   ";Feminino;"0 ";"1    ";"0    ";"0    ";-16.0386660;-47.9796910;SPRF-DF;DEL01-DF;UOP01-DEL01-DF 
625555;"1401070   ";2024-09-03;terça-feira;18:50:00;DF;"40   ";"7,2  ";BRASILIA;Não;Ausência de reação do condutor;1;Queda de ocupante de veículo;Com Vítimas Feridas;Plena Noite;Decrescente;Céu Claro;Dupla;Reta;Sim  ;"1121703   ";Motoneta;HONDA/BIZ 125;"2021      ";Condutor;Lesões Leves;"43   ";Feminino;"0 ";"1    ";"0    ";"0    ";-16.0386660;-47.9796910;SPRF-DF;DEL01-DF;UOP01-DEL01-DF 
625555;"1401070   ";2024-09-03;terça-feira;18:50:00;DF;"40   ";"7,2  ";BRASILIA;Sim;Trafegar com motocicleta (ou similar) entre as faixas;1;Queda de ocupante de veículo;Com Vítimas Feridas;Plena Noite;Decrescente;Céu Claro;Dupla;Reta;Sim  ;"1121703   ";Motoneta;HONDA/BIZ 125;"2021      ";Condutor;Lesões Leves;"43   ";Feminino;"0 ";"1    ";"0    ";"0    ";-16.0386660;-47.9796910;SPRF-DF;DEL01-DF;UOP01-DEL01-DF 
625629;"1403095   ";2024-09-04;quarta-feira;05:37:00;GO;"40   ";"6    ";VALPARAISO DE GOIAS;Sim;Transitar no Acostamento;1;Atropelamento de Pedestre;Com Vítimas Feridas;Amanhecer;Crescente;Céu Claro;Simples;Reta;Sim  ;"1122371   ";Automóvel;Não Informado/Não Informado;"0         ";Condutor;Ileso;"0    ";Ignorado;"1 ";"0    ";"0    ";"0    ";-16.1008140;-47.9773510;SPRF-DF;DEL01-DF;UOP01-DEL01-DF 
625629;"1401911   ";2024-09-04;quarta-feira;05:37:00;GO;"40   ";"6    ";VALPARAISO DE GOIAS;Sim;Transitar no Acostamento;1;Atropelamento de Pedestre;Com Vítimas Feridas;Amanhecer;Crescente;Céu Claro;Simples;Reta;Sim  ;"0         ";"0";NA/NA;"0         ";Pedestre;Lesões Leves;"37   ";Masculino;"0 ";"1    ";"0    ";"0    ";-16.1008140;-47.9773510;SPRF-DF;DEL01-DF;UOP01-DEL01-DF 
625633;"1401716   ";2024-09-04;quarta-feira;06:55:00;GO;"40   ";"6,1  ";VALPARAISO DE GOIAS;Sim;Reação tardia ou ineficiente do condutor;1;Colisão traseira;Com Vítimas Feridas;Pleno dia;Decrescente;Céu Claro;Dupla;Reta;Sim  ;"1122202   ";Automóvel;TOYOTA/COROLLA XEI 20;"2022      ";Condutor;Ileso;"73   ";Masculino;"1 ";"0    ";"0    ";"0    ";-16.1008140;-47.9773510;SPRF-DF;DEL01-DF;UOP01-DEL01-DF 
625633;"1401714   ";2024-09-04;quarta-feira;06:55:00;GO;"40   ";"6,1  ";VALPARAISO DE GOIAS;Sim;Reação tardia ou ineficiente do condutor;1;Colisão traseira;Com Vítimas Feridas;Pleno dia;Decrescente;Céu Claro;Dupla;Reta;Sim  ;"1122201   ";Automóvel;HONDA/CIVIC LXR;"2014      ";Condutor;Ileso;"49   ";Masculino;"1 ";"0    ";"0    ";"0    ";-16.1008140;-47.9773510;SPRF-DF;DEL01-DF;UOP01-DEL01-DF 
625633;"1401713   ";2024-09-04;quarta-feira;06:55:00;GO;"40   ";"6,1  ";VALPARAISO DE GOIAS;Sim;Reação tardia ou ineficiente do condutor;1;Colisão traseira;Com Vítimas Feridas;Pleno dia;Decrescente;Céu Claro;Dupla;Reta;Sim  ;"1122200   ";Automóvel;RENAULT/SANDERO AUTH 10;"2017      ";Condutor;Ileso;"49   ";Masculino;"1 ";"0    ";"0    ";"0    ";-16.1008140;-47.9773510;SPRF-DF;DEL01-DF;UOP01-DEL01-DF 
625633;"1401711   ";2024-09-04;quarta-feira;06:55:00;GO;"40   ";"6,1  ";VALPARAISO DE GOIAS;Sim;Reação tardia ou ineficiente do condutor;1;Colisão traseira;Com Vítimas Feridas;Pleno dia;Decrescente;Céu Claro;Dupla;Reta;Sim  ;"1122199   ";Automóvel;FIAT/PALIO FIRE ECONOMY;"2012      ";Passageiro;Lesões Leves;"22   ";Feminino;"0 ";"1    ";"0    ";"0    ";-16.1008140;-47.9773510;SPRF-DF;DEL01-DF;UOP01-DEL01-DF 
625633;"1401709   ";2024-09-04;quarta-feira;06:55:00;GO;"40   ";"6,1  ";VALPARAISO DE GOIAS;Sim;Reação tardia ou ineficiente do condutor;1;Colisão traseira;Com Vítimas Feridas;Pleno dia;Decrescente;Céu Claro;Dupla;Reta;Sim  ;"1122199   ";Automóvel;FIAT/PALIO FIRE ECONOMY;"2012      ";Condutor;Ileso;"38   ";Masculino;"1 ";"0    ";"0    ";"0    ";-16.1008140;-47.9773510;SPRF-DF;DEL01-DF;UOP01-DEL01-DF 
625633;"1401702   ";2024-09-04;quarta-feira;06:55:00;GO;"40   ";"6,1  ";VALPARAISO DE GOIAS;Sim;Reação tardia ou ineficiente do condutor;1;Colisão traseira;Com Vítimas Feridas;Pleno dia;Decrescente;Céu Claro;Dupla;Reta;Sim  ;"1122198   ";Automóvel;GM/CORSA WIND;"2001      ";Condutor;Ileso;"40   ";Masculino;"1 ";"0    ";"0    ";"0    ";-16.1008140;-47.9773510;SPRF-DF;DEL01-DF;UOP01-DEL01-DF 
625634;"1402543   ";2024-09-04;quarta-feira;04:00:00;GO;"20   ";"117  ";FLORES DE GOIAS;Não;Velocidade Incompatível;2;Saída de leito carroçável;Com Vítimas Feridas;Amanhecer;Crescente;Céu Claro;Simples;Reta;Não  ;"1121933   ";Automóvel;FIAT/ARGO 1.0;"2023      ";Passageiro;Lesões Leves;"65   ";Feminino;"0 ";"1    ";"0    ";"0    ";-14.8804020;-46.8531720;SPRF-DF;DEL02-DF;UOP03-DEL02-DF 