id;pesid;data_inversa;dia_semana;horario;uf;br;km;municipio;causa_principal;causa_acidente;ordem_tipo_acidente;tipo_acidente;classificacao_acidente;fase_dia;sentido_via;condicao_metereologica;tipo_pista;tracado_via;uso_solo;id_veiculo;tipo_veiculo;marca;ano_fabricacao_veiculo;tipo_envolvido;estado_fisico;idade;sexo;ilesos;feridos_leves;feridos_graves;mortos;latitude;longitude;regional;delegacia;uop
626660;"1403669   ";2024-09-08;domingo;13:00:00;GO;"70   ";"7    ";AGUAS LINDAS DE GOIAS;Não;Velocidade Incompatível;2;Colisão traseira;Com Vítimas Feridas;Pleno dia;Crescente;Céu Claro;Múltipla;Reta;Sim  ;"1123817   ";Automóvel;HONDA/CIVIC LXS FLEX;"2009      ";Passageiro;Lesões Leves;"0    ";Feminino;"0 ";"1    ";"0    ";"0    ";-15.7437553;-48.2677971;SPRF-DF;DEL03-DF;UOP02-DEL03-DF 
626660;"1403667   ";2024-09-08;domingo;13:00:00;GO;"70   ";"7    ";AGUAS LINDAS DE GOIAS;Não;Velocidade Incompatível;2;Colisão traseira;Com Vítimas Feridas;Pleno dia;Crescente;Céu Claro;Múltipla;Reta;Sim  ;"1123817   ";Automóvel;HONDA/CIVIC LXS FLEX;"2009      ";Condutor;Ileso;"30   ";Masculino;"1 ";"0    ";"0    ";"0    ";-15.7437553;-48.2677971;SPRF-DF;DEL03-DF;UOP02-DEL03-DF 
626660;"1403668   ";2024-09-08;domingo;13:00:00;GO;"70   ";"7    ";AGUAS LINDAS DE GOIAS;Não;Velocidade Incompatível;1;Colisão transversal;Com Vítimas Feridas;Pleno dia;Crescente;Céu Claro;Múltipla;Reta;Sim  ;"1123816   ";Caminhão-trator;SCANIA/G 420 A6X4;"2011      ";Condutor;Ileso;"39   ";Masculino;"1 ";"0    ";"0    ";"0    ";-15.7437553;-48.2677971;SPRF-DF;DEL03-DF;UOP02-DEL03-DF 
626660;"0         ";2024-09-08;domingo;13:00:00;GO;"70   ";"7    ";AGUAS LINDAS DE GOIAS;Não;Velocidade Incompatível;1;Colisão transversal;Com Vítimas Feridas;Pleno dia;Crescente;Céu Claro;Múltipla;Reta;Sim  ;"1124145   ";Semireboque;SR/GUERRA AG GR;"2006      ";"0";"0";"0    ";"0";"0 ";"0    ";"0    ";"0    ";-15.7437553;-48.2677971;SPRF-DF;DEL03-DF;UOP02-DEL03-DF 
626660;"1403669   ";2024-09-08;domingo;13:00:00;GO;"70   ";"7    ";AGUAS LINDAS DE GOIAS;Não;Velocidade Incompatível;1;Colisão transversal;Com Vítimas Feridas;Pleno dia;Crescente;Céu Claro;Múltipla;Reta;Sim  ;"1123817   ";Automóvel;HONDA/CIVIC LXS FLEX;"2009      ";Passageiro;Lesões Leves;"0    ";Feminino;"0 ";"1    ";"0    ";"0    ";-15.7437553;-48.2677971;SPRF-DF;DEL03-DF;UOP02-DEL03-DF 
626660;"1403667   ";2024-09-08;domingo;13:00:00;GO;"70   ";"7    ";AGUAS LINDAS DE GOIAS;Não;Velocidade Incompatível;1;Colisão transversal;Com Vítimas Feridas;Pleno dia;Crescente;Céu Claro;Múltipla;Reta;Sim  ;"1123817   ";Automóvel;HONDA/CIVIC LXS FLEX;"2009      ";Condutor;Ileso;"30   ";Masculino;"1 ";"0    ";"0    ";"0    ";-15.7437553;-48.2677971;SPRF-DF;DEL03-DF;UOP02-DEL03-DF 
626660;"1403668   ";2024-09-08;domingo;13:00:00;GO;"70   ";"7    ";AGUAS LINDAS DE GOIAS;Sim;Manobra de mudança de faixa;3;Saída de leito carroçável;Com Vítimas Feridas;Pleno dia;Crescente;Céu Claro;Múltipla;Reta;Sim  ;"1123816   ";Caminhão-trator;SCANIA/G 420 A6X4;"2011      ";Condutor;Ileso;"39   ";Masculino;"1 ";"0    ";"0    ";"0    ";-15.7437553;-48.2677971;SPRF-DF;DEL03-DF;UOP02-DEL03-DF 
626660;"0         ";2024-09-08;domingo;13:00:00;GO;"70   ";"7    ";AGUAS LINDAS DE GOIAS;Sim;Manobra de mudança de faixa;3;Saída de leito carroçável;Com Vítimas Feridas;Pleno dia;Crescente;Céu Claro;Múltipla;Reta;Sim  ;"1124145   ";Semireboque;SR/GUERRA AG GR;"2006      ";"0";"0";"0    ";"0";"0 ";"0    ";"0    ";"0    ";-15.7437553;-48.2677971;SPRF-DF;DEL03-DF;UOP02-DEL03-DF 
626660;"1403669   ";2024-09-08;domingo;13:00:00;GO;"70   ";"7    ";AGUAS LINDAS DE GOIAS;Sim;Manobra de mudança de faixa;3;Saída de leito carroçável;Com Vítimas Feridas;Pleno dia;Crescente;Céu Claro;Múltipla;Reta;Sim  ;"1123817   ";Automóvel;HONDA/CIVIC LXS FLEX;"2009      ";Passageiro;Lesões Leves;"0    ";Feminino;"0 ";"1    ";"0    ";"0    ";-15.7437553;-48.2677971;SPRF-DF;DEL03-DF;UOP02-DEL03-DF 
626660;"1403667   ";2024-09-08;domingo;13:00:00;GO;"70   ";"7    ";AGUAS LINDAS DE GOIAS;Sim;Manobra de mudança de faixa;3;Saída de leito carroçável;Com Vítimas Feridas;Pleno dia;Crescente;Céu Claro;Múltipla;Reta;Sim  ;"1123817   ";Automóvel;HONDA/CIVIC LXS FLEX;"2009      ";Condutor;Ileso;"30   ";Masculino;"1 ";"0    ";"0    ";"0    ";-15.7437553;-48.2677971;SPRF-DF;DEL03-DF;UOP02-DEL03-DF 
626660;"1403668   ";2024-09-08;domingo;13:00:00;GO;"70   ";"7    ";AGUAS LINDAS DE GOIAS;Sim;Manobra de mudança de faixa;2;Colisão traseira;Com Vítimas Feridas;Pleno dia;Crescente;Céu Claro;Múltipla;Reta;Sim  ;"1123816   ";Caminhão-trator;SCANIA/G 420 A6X4;"2011      ";Condutor;Ileso;"39   ";Masculino;"1 ";"0    ";"0    ";"0    ";-15.7437553;-48.2677971;SPRF-DF;DEL03-DF;UOP02-DEL03-DF 
626660;"0         ";2024-09-08;domingo;13:00:00;GO;"70   ";"7    ";AGUAS LINDAS DE GOIAS;Sim;Manobra de mudança de faixa;2;Colisão traseira;Com Vítimas Feridas;Pleno dia;Crescente;Céu Claro;Múltipla;Reta;Sim  ;"1124145   ";Semireboque;SR/GUERRA AG GR;"2006      ";"0";"0";"0    ";"0";"0 ";"0    ";"0    ";"0    ";-15.7437553;-48.2677971;SPRF-DF;DEL03-DF;UOP02-DEL03-DF 
626660;"1403669   ";2024-09-08;domingo;13:00:00;GO;"70   ";"7    ";AGUAS LINDAS DE GOIAS;Sim;Manobra de mudança de faixa;2;Colisão traseira;Com Vítimas Feridas;Pleno dia;Crescente;Céu Claro;Múltipla;Reta;Sim  ;"1123817   ";Automóvel;HONDA/CIVIC LXS FLEX;"2009      ";Passageiro;Lesões Leves;"0    ";Feminino;"0 ";"1    ";"0    ";"0    ";-15.7437553;-48.2677971;SPRF-DF;DEL03-DF;UOP02-DEL03-DF 
626660;"1403667   ";2024-09-08;domingo;13:00:00;GO;"70   ";"7    ";AGUAS LINDAS DE GOIAS;Sim;Manobra de mudança de faixa;2;Colisão traseira;Com Vítimas Feridas;Pleno dia;Crescente;Céu Claro;Múltipla;Reta;Sim  ;"1123817   ";Automóvel;HONDA/CIVIC LXS FLEX;"2009      ";Condutor;Ileso;"30   ";Masculino;"1 ";"0    ";"0    ";"0    ";-15.7437553;-48.2677971;SPRF-DF;DEL03-DF;UOP02-DEL03-DF 
626660;"1403668   ";2024-09-08;domingo;13:00:00;GO;"70   ";"7    ";AGUAS LINDAS DE GOIAS;Sim;Manobra de mudança de faixa;1;Colisão transversal;Com Vítimas Feridas;Pleno dia;Crescente;Céu Claro;Múltipla;Reta;Sim  ;"1123816   ";Caminhão-trator;SCANIA/G 420 A6X4;"2011      ";Condutor;Ileso;"39   ";Masculino;"1 ";"0    ";"0    ";"0    ";-15.7437553;-48.2677971;SPRF-DF;DEL03-DF;UOP02-DEL03-DF 
626660;"0         ";2024-09-08;domingo;13:00:00;GO;"70   ";"7    ";AGUAS LINDAS DE GOIAS;Sim;Manobra de mudança de faixa;1;Colisão transversal;Com Vítimas Feridas;Pleno dia;Crescente;Céu Claro;Múltipla;Reta;Sim  ;"1124145   ";Semireboque;SR/GUERRA AG GR;"2006      ";"0";"0";"0    ";"0";"0 ";"0    ";"0    ";"0    ";-15.7437553;-48.2677971;SPRF-DF;DEL03-DF;UOP02-DEL03-DF 
626660;"1403669   ";2024-09-08;domingo;13:00:00;GO;"70   ";"7    ";AGUAS LINDAS DE GOIAS;Sim;Manobra de mudança de faixa;1;Colisão transversal;Com Vítimas Feridas;Pleno dia;Crescente;Céu Claro;Múltipla;Reta;Sim  ;"1123817   ";Automóvel;HONDA/CIVIC LXS FLEX;"2009      ";Passageiro;Lesões Leves;"0    ";Feminino;"0 ";"1    ";"0    ";"0    ";-15.7437553;-48.2677971;SPRF-DF;DEL03-DF;UOP02-DEL03-DF 
626660;"1403667   ";2024-09-08;domingo;13:00:00;GO;"70   ";"7    ";AGUAS LINDAS DE GOIAS;Sim;Manobra de mudança de faixa;1;Colisão transversal;Com Vítimas Feridas;Pleno dia;Crescente;Céu Claro;Múltipla;Reta;Sim  ;"1123817   ";Automóvel;HONDA/CIVIC LXS FLEX;"2009      ";Condutor;Ileso;"30   ";Masculino;"1 ";"0    ";"0    ";"0    ";-15.7437553;-48.2677971;SPRF-DF;DEL03-DF;UOP02-DEL03-DF 
626670;"1405297   ";2024-09-08;domingo;14:00:00;DF;"70   ";"6    ";BRASILIA;Não;Ingestão de álcool pelo condutor;2;Queda de ocupante de veículo;Com Vítimas Feridas;Pleno dia;Decrescente;Céu Claro;Dupla;Reta;Sim  ;"1125098   ";Motocicleta;YAMAHA/FZ25 FAZER;"2021      ";Condutor;Lesões Leves;"24   ";Masculino;"0 ";"1    ";"0    ";"0    ";-15.7876563;-48.1141055;SPRF-DF;DEL03-DF;UOP02-DEL03-DF 
626670;"1405295   ";2024-09-08;domingo;14:00:00;DF;"70   ";"6    ";BRASILIA;Não;Ingestão de álcool pelo condutor;2;Queda de ocupante de veículo;Com Vítimas Feridas;Pleno dia;Decrescente;Céu Claro;Dupla;Reta;Sim  ;"1125097   ";Camioneta;VW/KOMBI;"2000      ";Condutor;Ileso;"59   ";Masculino;"1 ";"0    ";"0    ";"0    ";-15.7876563;-48.1141055;SPRF-DF;DEL03-DF;UOP02-DEL03-DF 
626670;"1405297   ";2024-09-08;domingo;14:00:00;DF;"70   ";"6    ";BRASILIA;Não;Ingestão de álcool pelo condutor;1;Colisão transversal;Com Vítimas Feridas;Pleno dia;Decrescente;Céu Claro;Dupla;Reta;Sim  ;"1125098   ";Motocicleta;YAMAHA/FZ25 FAZER;"2021      ";Condutor;Lesões Leves;"24   ";Masculino;"0 ";"1    ";"0    ";"0    ";-15.7876563;-48.1141055;SPRF-DF;DEL03-DF;UOP02-DEL03-DF 
626670;"1405295   ";2024-09-08;domingo;14:00:00;DF;"70   ";"6    ";BRASILIA;Não;Ingestão de álcool pelo condutor;1;Colisão transversal;Com Vítimas Feridas;Pleno dia;Decrescente;Céu Claro;Dupla;Reta;Sim  ;"1125097   ";Camioneta;VW/KOMBI;"2000      ";Condutor;Ileso;"59   ";Masculino;"1 ";"0    ";"0    ";"0    ";-15.7876563;-48.1141055;SPRF-DF;DEL03-DF;UOP02-DEL03-DF 
626670;"1405297   ";2024-09-08;domingo;14:00:00;DF;"70   ";"6    ";BRASILIA;Sim;Acessar a via sem observar a presença dos outros veículos;2;Queda de ocupante de veículo;Com Vítimas Feridas;Pleno dia;Decrescente;Céu Claro;Dupla;Reta;Sim  ;"1125098   ";Motocicleta;YAMAHA/FZ25 FAZER;"2021      ";Condutor;Lesões Leves;"24   ";Masculino;"0 ";"1    ";"0    ";"0    ";-15.7876563;-48.1141055;SPRF-DF;DEL03-DF;UOP02-DEL03-DF 
626670;"1405295   ";2024-09-08;domingo;14:00:00;DF;"70   ";"6    ";BRASILIA;Sim;Acessar a via sem observar a presença dos outros veículos;2;Queda de ocupante de veículo;Com Vítimas Feridas;Pleno dia;Decrescente;Céu Claro;Dupla;Reta;Sim  ;"1125097   ";Camioneta;VW/KOMBI;"2000      ";Condutor;Ileso;"59   ";Masculino;"1 ";"0    ";"0    ";"0    ";-15.7876563;-48.1141055;SPRF-DF;DEL03-DF;UOP02-DEL03-DF 
626670;"1405297   ";2024-09-08;domingo;14:00:00;DF;"70   ";"6    ";BRASILIA;Sim;Acessar a via sem observar a presença dos outros veículos;1;Colisão transversal;Com Vítimas Feridas;Pleno dia;Decrescente;Céu Claro;Dupla;Reta;Sim  ;"1125098   ";Motocicleta;YAMAHA/FZ25 FAZER;"2021      ";Condutor;Lesões Leves;"24   ";Masculino;"0 ";"1    ";"0    ";"0    ";-15.7876563;-48.1141055;SPRF-DF;DEL03-DF;UOP02-DEL03-DF 
626670;"1405295   ";2024-09-08;domingo;14:00:00;DF;"70   ";"6    ";BRASILIA;Sim;Acessar a via sem observar a presença dos outros veículos;1;Colisão transversal;Com Vítimas Feridas;Pleno dia;Decrescente;Céu Claro;Dupla;Reta;Sim  ;"1125097   ";Camioneta;VW/KOMBI;"2000      ";Condutor;Ileso;"59   ";Masculino;"1 ";"0    ";"0    ";"0    ";-15.7876563;-48.1141055;SPRF-DF;DEL03-DF;UOP02-DEL03-DF 
626676;"1404099   ";2024-09-08;domingo;15:00:00;DF;"251  ";"15   ";BRASILIA;Sim;Ingestão de álcool pelo condutor;1;Colisão frontal;Com Vítimas Feridas;Pleno dia;Decrescente;Ignorado;Simples;Reta;Não  ;"1124123   ";Automóvel;HONDA/CIVIC LXS;"2013      ";Condutor;Ileso;"45   ";Masculino;"1 ";"0    ";"0    ";"0    ";-15.9390430;-47.6063610;SPRF-DF;DEL01-DF;UOP01-DEL01-DF 
626676;"1404098   ";2024-09-08;domingo;15:00:00;DF;"251  ";"15   ";BRASILIA;Sim;Ingestão de álcool pelo condutor;1;Colisão frontal;Com Vítimas Feridas;Pleno dia;Decrescente;Ignorado;Simples;Reta;Não  ;"1124122   ";Automóvel;HONDA/FIT EX CVT;"2015      ";Passageiro;Lesões Leves;"0    ";Masculino;"0 ";"1    ";"0    ";"0    ";-15.9390430;-47.6063610;SPRF-DF;DEL01-DF;UOP01-DEL01-DF 
626751;"1403824   ";2024-09-08;domingo;18:39:00;GO;"70   ";"1    ";AGUAS LINDAS DE GOIAS;Não;Reação tardia ou ineficiente do condutor;2;Queda de ocupante de veículo;Com Vítimas Feridas;Plena Noite;Decrescente;Céu Claro;Múltipla;Reta;Sim  ;"1123923   ";Motocicleta;YAMAHA/YS150 FAZER ED;"2014      ";Condutor;Lesões Leves;"30   ";Feminino;"0 ";"1    ";"0    ";"0    ";-15.7757935;-48.2325900;SPRF-DF;DEL03-DF;UOP02-DEL03-DF 
626751;"1403825   ";2024-09-08;domingo;18:39:00;GO;"70   ";"1    ";AGUAS LINDAS DE GOIAS;Não;Reação tardia ou ineficiente do condutor;2;Queda de ocupante de veículo;Com Vítimas Feridas;Plena Noite;Decrescente;Céu Claro;Múltipla;Reta;Sim  ;"1123926   ";Motocicleta;HONDA/CG 160 FAN;"2023      ";Condutor;Lesões Leves;"29   ";Masculino;"0 ";"1    ";"0    ";"0    ";-15.7757935;-48.2325900;SPRF-DF;DEL03-DF;UOP02-DEL03-DF 
626751;"1406198   ";2024-09-08;domingo;18:39:00;GO;"70   ";"1    ";AGUAS LINDAS DE GOIAS;Não;Reação tardia ou ineficiente do condutor;2;Queda de ocupante de veículo;Com Vítimas Feridas;Plena Noite;Decrescente;Céu Claro;Múltipla;Reta;Sim  ;"1123926   ";Motocicleta;HONDA/CG 160 FAN;"2023      ";Passageiro;Ileso;"30   ";Masculino;"1 ";"0    ";"0    ";"0    ";-15.7757935;-48.2325900;SPRF-DF;DEL03-DF;UOP02-DEL03-DF 
626751;"1403824   ";2024-09-08;domingo;18:39:00;GO;"70   ";"1    ";AGUAS LINDAS DE GOIAS;Não;Reação tardia ou ineficiente do condutor;1;Colisão traseira;Com Vítimas Feridas;Plena Noite;Decrescente;Céu Claro;Múltipla;Reta;Sim  ;"1123923   ";Motocicleta;YAMAHA/YS150 FAZER ED;"2014      ";Condutor;Lesões Leves;"30   ";Feminino;"0 ";"1    ";"0    ";"0    ";-15.7757935;-48.2325900;SPRF-DF;DEL03-DF;UOP02-DEL03-DF 
626751;"1403825   ";2024-09-08;domingo;18:39:00;GO;"70   ";"1    ";AGUAS LINDAS DE GOIAS;Não;Reação tardia ou ineficiente do condutor;1;Colisão traseira;Com Vítimas Feridas;Plena Noite;Decrescente;Céu Claro;Múltipla;Reta;Sim  ;"1123926   ";Motocicleta;HONDA/CG 160 FAN;"2023      ";Condutor;Lesões Leves;"29   ";Masculino;"0 ";"1    ";"0    ";"0    ";-15.7757935;-48.2325900;SPRF-DF;DEL03-DF;UOP02-DEL03-DF 
626751;"1406198   ";2024-09-08;domingo;18:39:00;GO;"70   ";"1    ";AGUAS LINDAS DE GOIAS;Não;Reação tardia ou ineficiente do condutor;1;Colisão traseira;Com Vítimas Feridas;Plena Noite;Decrescente;Céu Claro;Múltipla;Reta;Sim  ;"1123926   ";Motocicleta;HONDA/CG 160 FAN;"2023      ";Passageiro;Ileso;"30   ";Masculino;"1 ";"0    ";"0    ";"0    ";-15.7757935;-48.2325900;SPRF-DF;DEL03-DF;UOP02-DEL03-DF 
626751;"1403824   ";2024-09-08;domingo;18:39:00;GO;"70   ";"1    ";AGUAS LINDAS DE GOIAS;Não;Condutor deixou de manter distância do veículo da frente;2;Queda de ocupante de veículo;Com Vítimas Feridas;Plena Noite;Decrescente;Céu Claro;Múltipla;Reta;Sim  ;"1123923   ";Motocicleta;YAMAHA/YS150 FAZER ED;"2014      ";Condutor;Lesões Leves;"30   ";Feminino;"0 ";"1    ";"0    ";"0    ";-15.7757935;-48.2325900;SPRF-DF;DEL03-DF;UOP02-DEL03-DF 
626751;"1403825   ";2024-09-08;domingo;18:39:00;GO;"70   ";"1    ";AGUAS LINDAS DE GOIAS;Não;Condutor deixou de manter distância do veículo da frente;2;Queda de ocupante de veículo;Com Vítimas Feridas;Plena Noite;Decrescente;Céu Claro;Múltipla;Reta;Sim  ;"1123926   ";Motocicleta;HONDA/CG 160 FAN;"2023      ";Condutor;Lesões Leves;"29   ";Masculino;"0 ";"1    ";"0    ";"0    ";-15.7757935;-48.2325900;SPRF-DF;DEL03-DF;UOP02-DEL03-DF 
626751;"1406198   ";2024-09-08;domingo;18:39:00;GO;"70   ";"1    ";AGUAS LINDAS DE GOIAS;Não;Condutor deixou de manter distância do veículo da frente;2;Queda de ocupante de veículo;Com Vítimas Feridas;Plena Noite;Decrescente;Céu Claro;Múltipla;Reta;Sim  ;"1123926   ";Motocicleta;HONDA/CG 160 FAN;"2023      ";Passageiro;Ileso;"30   ";Masculino;"1 ";"0    ";"0    ";"0    ";-15.7757935;-48.2325900;SPRF-DF;DEL03-DF;UOP02-DEL03-DF 
626751;"1403824   ";2024-09-08;domingo;18:39:00;GO;"70   ";"1    ";AGUAS LINDAS DE GOIAS;Não;Condutor deixou de manter distância do veículo da frente;1;Colisão traseira;Com Vítimas Feridas;Plena Noite;Decrescente;Céu Claro;Múltipla;Reta;Sim  ;"1123923   ";Motocicleta;YAMAHA/YS150 FAZER ED;"2014      ";Condutor;Lesões Leves;"30   ";Feminino;"0 ";"1    ";"0    ";"0    ";-15.7757935;-48.2325900;SPRF-DF;DEL03-DF;UOP02-DEL03-DF 
626751;"1403825   ";2024-09-08;domingo;18:39:00;GO;"70   ";"1    ";AGUAS LINDAS DE GOIAS;Não;Condutor deixou de manter distância do veículo da frente;1;Colisão traseira;Com Vítimas Feridas;Plena Noite;Decrescente;Céu Claro;Múltipla;Reta;Sim  ;"1123926   ";Motocicleta;HONDA/CG 160 FAN;"2023      ";Condutor;Lesões Leves;"29   ";Masculino;"0 ";"1    ";"0    ";"0    ";-15.7757935;-48.2325900;SPRF-DF;DEL03-DF;UOP02-DEL03-DF 
626751;"1406198   ";2024-09-08;domingo;18:39:00;GO;"70   ";"1    ";AGUAS LINDAS DE GOIAS;Não;Condutor deixou de manter distância do veículo da frente;1;Colisão traseira;Com Vítimas Feridas;Plena Noite;Decrescente;Céu Claro;Múltipla;Reta;Sim  ;"1123926   ";Motocicleta;HONDA/CG 160 FAN;"2023      ";Passageiro;Ileso;"30   ";Masculino;"1 ";"0    ";"0    ";"0    ";-15.7757935;-48.2325900;SPRF-DF;DEL03-DF;UOP02-DEL03-DF 
626751;"1403824   ";2024-09-08;domingo;18:39:00;GO;"70   ";"1    ";AGUAS LINDAS DE GOIAS;Sim;Ingestão de álcool pelo condutor;2;Queda de ocupante de veículo;Com Vítimas Feridas;Plena Noite;Decrescente;Céu Claro;Múltipla;Reta;Sim  ;"1123923   ";Motocicleta;YAMAHA/YS150 FAZER ED;"2014      ";Condutor;Lesões Leves;"30   ";Feminino;"0 ";"1    ";"0    ";"0    ";-15.7757935;-48.2325900;SPRF-DF;DEL03-DF;UOP02-DEL03-DF 
626751;"1403825   ";2024-09-08;domingo;18:39:00;GO;"70   ";"1    ";AGUAS LINDAS DE GOIAS;Sim;Ingestão de álcool pelo condutor;2;Queda de ocupante de veículo;Com Vítimas Feridas;Plena Noite;Decrescente;Céu Claro;Múltipla;Reta;Sim  ;"1123926   ";Motocicleta;HONDA/CG 160 FAN;"2023      ";Condutor;Lesões Leves;"29   ";Masculino;"0 ";"1    ";"0    ";"0    ";-15.7757935;-48.2325900;SPRF-DF;DEL03-DF;UOP02-DEL03-DF 
626751;"1406198   ";2024-09-08;domingo;18:39:00;GO;"70   ";"1    ";AGUAS LINDAS DE GOIAS;Sim;Ingestão de álcool pelo condutor;2;Queda de ocupante de veículo;Com Vítimas Feridas;Plena Noite;Decrescente;Céu Claro;Múltipla;Reta;Sim  ;"1123926   ";Motocicleta;HONDA/CG 160 FAN;"2023      ";Passageiro;Ileso;"30   ";Masculino;"1 ";"0    ";"0    ";"0    ";-15.7757935;-48.2325900;SPRF-DF;DEL03-DF;UOP02-DEL03-DF 
626751;"1403824   ";2024-09-08;domingo;18:39:00;GO;"70   ";"1    ";AGUAS LINDAS DE GOIAS;Sim;Ingestão de álcool pelo condutor;1;Colisão traseira;Com Vítimas Feridas;Plena Noite;Decrescente;Céu Claro;Múltipla;Reta;Sim  ;"1123923   ";Motocicleta;YAMAHA/YS150 FAZER ED;"2014      ";Condutor;Lesões Leves;"30   ";Feminino;"0 ";"1    ";"0    ";"0    ";-15.7757935;-48.2325900;SPRF-DF;DEL03-DF;UOP02-DEL03-DF 
626751;"1403825   ";2024-09-08;domingo;18:39:00;GO;"70   ";"1    ";AGUAS LINDAS DE GOIAS;Sim;Ingestão de álcool pelo condutor;1;Colisão traseira;Com Vítimas Feridas;Plena Noite;Decrescente;Céu Claro;Múltipla;Reta;Sim  ;"1123926   ";Motocicleta;HONDA/CG 160 FAN;"2023      ";Condutor;Lesões Leves;"29   ";Masculino;"0 ";"1    ";"0    ";"0    ";-15.7757935;-48.2325900;SPRF-DF;DEL03-DF;UOP02-DEL03-DF 
626751;"1406198   ";2024-09-08;domingo;18:39:00;GO;"70   ";"1    ";AGUAS LINDAS DE GOIAS;Sim;Ingestão de álcool pelo condutor;1;Colisão traseira;Com Vítimas Feridas;Plena Noite;Decrescente;Céu Claro;Múltipla;Reta;Sim  ;"1123926   ";Motocicleta;HONDA/CG 160 FAN;"2023      ";Passageiro;Ileso;"30   ";Masculino;"1 ";"0    ";"0    ";"0    ";-15.7757935;-48.2325900;SPRF-DF;DEL03-DF;UOP02-DEL03-DF 
626755;"1403880   ";2024-09-08;domingo;13:00:00;GO;"80   ";"5    ";PADRE BERNARDO;Sim;Ingestão de álcool pelo condutor;1;Atropelamento de Pedestre;Com Vítimas Feridas;Pleno dia;Decrescente;Céu Claro;Simples;Reta;Não  ;"1123962   ";Automóvel;HYUNDAI/HB20 10M SENSE;"2023      ";Condutor;Ileso;"43   ";Feminino;"1 ";"0    ";"0    ";"0    ";-15.4878510;-48.2314760;SPRF-DF;DEL03-DF;UOP02-DEL03-DF 
626755;"1403889   ";2024-09-08;domingo;13:00:00;GO;"80   ";"5    ";PADRE BERNARDO;Sim;Ingestão de álcool pelo condutor;1;Atropelamento de Pedestre;Com Vítimas Feridas;Pleno dia;Decrescente;Céu Claro;Simples;Reta;Não  ;"0         ";"0";NA/NA;"0         ";Pedestre;Lesões Graves;"56   ";Masculino;"0 ";"0    ";"1    ";"0    ";-15.4878510;-48.2314760;SPRF-DF;DEL03-DF;UOP02-DEL03-DF 
626769;"1403918   ";2024-09-08;domingo;19:30:00;GO;"20   ";"38   ";FORMOSA;Sim;Ausência de reação do condutor;2;Capotamento;Sem Vítimas;Plena Noite;Decrescente;Céu Claro;Simples;Reta;Não  ;"1123988   ";Automóvel;FORD/KA FLEX;"2011      ";Condutor;Não Informado;"0    ";Não Informado;"0 ";"0    ";"0    ";"0    ";-15.4284200;-47.0987050;SPRF-DF;DEL02-DF;UOP02-DEL02-DF 
626769;"1403918   ";2024-09-08;domingo;19:30:00;GO;"20   ";"38   ";FORMOSA;Sim;Ausência de reação do condutor;1;Saída de leito carroçável;Sem Vítimas;Plena Noite;Decrescente;Céu Claro;Simples;Reta;Não  ;"1123988   ";Automóvel;FORD/KA FLEX;"2011      ";Condutor;Não Informado;"0    ";Não Informado;"0 ";"0    ";"0    ";"0    ";-15.4284200;-47.0987050;SPRF-DF;DEL02-DF;UOP02-DEL02-DF 
626868;"1404125   ";2024-09-09;segunda-feira;05:55:00;GO;"80   ";"139  ";BARRO ALTO;Sim;Condutor Dormindo;1;Colisão com objeto;Com Vítimas Feridas;Pleno dia;Crescente;Céu Claro;Simples;Curva;Não  ;"1124129   ";Caminhão-trator;VOLVO/FH 400 6X2T;"2007      ";Condutor;Lesões Graves;"26   ";Masculino;"0 ";"0    ";"1    ";"0    ";-14.9414678;-48.9413452;SPRF-GO;DEL07-GO;UOP02-DEL07-GO 
626868;"0         ";2024-09-09;segunda-feira;05:55:00;GO;"80   ";"139  ";BARRO ALTO;Sim;Condutor Dormindo;1;Colisão com objeto;Com Vítimas Feridas;Pleno dia;Crescente;Céu Claro;Simples;Curva;Não  ;"1124132   ";Semireboque;SE/RANDON SR SL;"2011      ";"0";"0";"0    ";"0";"0 ";"0    ";"0    ";"0    ";-14.9414678;-48.9413452;SPRF-GO;DEL07-GO;UOP02-DEL07-GO 
626868;"1404125   ";2024-09-09;segunda-feira;05:55:00;GO;"80   ";"139  ";BARRO ALTO;Sim;Condutor Dormindo;3;Saída de leito carroçável;Com Vítimas Feridas;Pleno dia;Crescente;Céu Claro;Simples;Curva;Não  ;"1124129   ";Caminhão-trator;VOLVO/FH 400 6X2T;"2007      ";Condutor;Lesões Graves;"26   ";Masculino;"0 ";"0    ";"1    ";"0    ";-14.9414678;-48.9413452;SPRF-GO;DEL07-GO;UOP02-DEL07-GO 
626868;"0         ";2024-09-09;segunda-feira;05:55:00;GO;"80   ";"139  ";BARRO ALTO;Sim;Condutor Dormindo;3;Saída de leito carroçável;Com Vítimas Feridas;Pleno dia;Crescente;Céu Claro;Simples;Curva;Não  ;"1124132   ";Semireboque;SE/RANDON SR SL;"2011      ";"0";"0";"0    ";"0";"0 ";"0    ";"0    ";"0    ";-14.9414678;-48.9413452;SPRF-GO;DEL07-GO;UOP02-DEL07-GO 
626868;"1404125   ";2024-09-09;segunda-feira;05:55:00;GO;"80   ";"139  ";BARRO ALTO;Sim;Condutor Dormindo;2;Tombamento;Com Vítimas Feridas;Pleno dia;Crescente;Céu Claro;Simples;Curva;Não  ;"1124129   ";Caminhão-trator;VOLVO/FH 400 6X2T;"2007      ";Condutor;Lesões Graves;"26   ";Masculino;"0 ";"0    ";"1    ";"0    ";-14.9414678;-48.9413452;SPRF-GO;DEL07-GO;UOP02-DEL07-GO 
626868;"0         ";2024-09-09;segunda-feira;05:55:00;GO;"80   ";"139  ";BARRO ALTO;Sim;Condutor Dormindo;2;Tombamento;Com Vítimas Feridas;Pleno dia;Crescente;Céu Claro;Simples;Curva;Não  ;"1124132   ";Semireboque;SE/RANDON SR SL;"2011      ";"0";"0";"0    ";"0";"0 ";"0    ";"0    ";"0    ";-14.9414678;-48.9413452;SPRF-GO;DEL07-GO;UOP02-DEL07-GO 