id;pesid;data_inversa;dia_semana;horario;uf;br;km;municipio;causa_principal;causa_acidente;ordem_tipo_acidente;tipo_acidente;classificacao_acidente;fase_dia;sentido_via;condicao_metereologica;tipo_pista;tracado_via;uso_solo;id_veiculo;tipo_veiculo;marca;ano_fabricacao_veiculo;tipo_envolvido;estado_fisico;idade;sexo;ilesos;feridos_leves;feridos_graves;mortos;latitude;longitude;regional;delegacia;uop
627230;"1405059   ";2024-09-10;terça-feira;23:30:00;DF;"70   ";"11   ";BRASILIA;Sim;Pedestre cruzava a pista fora da faixa;1;Atropelamento de Pedestre;Com Vítimas Feridas;Plena Noite;Crescente;Céu Claro;Dupla;Reta;Sim  ;"1124910   ";Automóvel;FIAT/UNO VIVACE 1.0;"2012      ";Condutor;Ileso;"66   ";Masculino;"1 ";"0    ";"0    ";"0    ";-15.7897620;-48.1487270;SPRF-DF;DEL03-DF;UOP02-DEL03-DF 
627230;"1405066   ";2024-09-10;terça-feira;23:30:00;DF;"70   ";"11   ";BRASILIA;Sim;Pedestre cruzava a pista fora da faixa;1;Atropelamento de Pedestre;Com Vítimas Feridas;Plena Noite;Crescente;Céu Claro;Dupla;Reta;Sim  ;"0         ";"0";NA/NA;"0         ";Pedestre;Lesões Graves;"31   ";Masculino;"0 ";"0    ";"1    ";"0    ";-15.7897620;-48.1487270;SPRF-DF;DEL03-DF;UOP02-DEL03-DF 
627245;"1405057   ";2024-07-16;terça-feira;21:30:00;GO;"20   ";"36,1 ";FORMOSA;Sim;Acostamento em desnível;1;Colisão frontal;Com Vítimas Feridas;Plena Noite;Crescente;Céu Claro;Simples;Reta;Não  ;"1124913   ";Caminhonete;RENAULT/MASTER FURGAO L3;"2022      ";Condutor;Ileso;"37   ";Masculino;"1 ";"0    ";"0    ";"0    ";-15.4464990;-47.0973280;SPRF-DF;DEL02-DF;UOP02-DEL02-DF 
627245;"1405058   ";2024-07-16;terça-feira;21:30:00;GO;"20   ";"36,1 ";FORMOSA;Sim;Acostamento em desnível;1;Colisão frontal;Com Vítimas Feridas;Plena Noite;Crescente;Céu Claro;Simples;Reta;Não  ;"1124912   ";Caminhonete;FIAT/STRADA ADVENT FLEX;"2010      ";Passageiro;Lesões Leves;"29   ";Feminino;"0 ";"1    ";"0    ";"0    ";-15.4464990;-47.0973280;SPRF-DF;DEL02-DF;UOP02-DEL02-DF 
627245;"1405056   ";2024-07-16;terça-feira;21:30:00;GO;"20   ";"36,1 ";FORMOSA;Sim;Acostamento em desnível;1;Colisão frontal;Com Vítimas Feridas;Plena Noite;Crescente;Céu Claro;Simples;Reta;Não  ;"1124912   ";Caminhonete;FIAT/STRADA ADVENT FLEX;"2010      ";Condutor;Lesões Graves;"33   ";Masculino;"0 ";"0    ";"1    ";"0    ";-15.4464990;-47.0973280;SPRF-DF;DEL02-DF;UOP02-DEL02-DF 
627284;"1405275   ";2024-09-11;quarta-feira;11:25:00;DF;"20   ";"17   ";BRASILIA;Sim;Condutor deixou de manter distância do veículo da frente;1;Colisão traseira;Com Vítimas Feridas;Pleno dia;Decrescente;Sol;Dupla;"Reta;Declive";Sim  ;"1125082   ";Caminhonete;CHEVROLET/MONTANA MNPAMB;"2020      ";Condutor;Lesões Leves;"41   ";Masculino;"0 ";"1    ";"0    ";"0    ";-15.6213740;-47.7169800;SPRF-DF;DEL02-DF;UOP01-DEL02-DF 
627295;"1405238   ";2024-09-11;quarta-feira;12:51:00;DF;"70   ";"13   ";BRASILIA;Sim;Acessar a via sem observar a presença dos outros veículos;1;Colisão transversal;Com Vítimas Feridas;Pleno dia;Crescente;Céu Claro;Dupla;Rotatória;Não  ;"1125045   ";Caminhão;M.BENZ/L 1621;"1996      ";Condutor;Ileso;"63   ";Masculino;"1 ";"0    ";"0    ";"0    ";-15.7962179;-48.1728816;SPRF-DF;DEL03-DF;UOP02-DEL03-DF 
627295;"1405235   ";2024-09-11;quarta-feira;12:51:00;DF;"70   ";"13   ";BRASILIA;Sim;Acessar a via sem observar a presença dos outros veículos;1;Colisão transversal;Com Vítimas Feridas;Pleno dia;Crescente;Céu Claro;Dupla;Rotatória;Não  ;"1125044   ";Motocicleta;HONDA/CG 160 CARGO;"2023      ";Condutor;Lesões Leves;"29   ";Masculino;"0 ";"1    ";"0    ";"0    ";-15.7962179;-48.1728816;SPRF-DF;DEL03-DF;UOP02-DEL03-DF 
627366;"1405488   ";2024-09-11;quarta-feira;17:30:00;DF;"20   ";"16   ";BRASILIA;Sim;Demais falhas mecânicas ou elétricas;2;Queda de ocupante de veículo;Com Vítimas Feridas;Anoitecer;Crescente;Céu Claro;Dupla;Reta;Sim  ;"1125271   ";Motocicleta;HONDA/CBX 250 TWISTER;"2005      ";Condutor;Lesões Leves;"30   ";Masculino;"0 ";"1    ";"0    ";"0    ";-15.6256750;-47.7251590;SPRF-DF;DEL02-DF;UOP01-DEL02-DF 
627366;"0         ";2024-09-11;quarta-feira;17:30:00;DF;"20   ";"16   ";BRASILIA;Sim;Demais falhas mecânicas ou elétricas;2;Queda de ocupante de veículo;Com Vítimas Feridas;Anoitecer;Crescente;Céu Claro;Dupla;Reta;Sim  ;"1125268   ";Reboque;R/FEDERAL CA;"2007      ";"0";"0";"0    ";"0";"0 ";"0    ";"0    ";"0    ";-15.6256750;-47.7251590;SPRF-DF;DEL02-DF;UOP01-DEL02-DF 
627366;"1405487   ";2024-09-11;quarta-feira;17:30:00;DF;"20   ";"16   ";BRASILIA;Sim;Demais falhas mecânicas ou elétricas;2;Queda de ocupante de veículo;Com Vítimas Feridas;Anoitecer;Crescente;Céu Claro;Dupla;Reta;Sim  ;"1125267   ";Automóvel;VW/GOL 1.6 POWER;"2004      ";Condutor;Ileso;"57   ";Masculino;"1 ";"0    ";"0    ";"0    ";-15.6256750;-47.7251590;SPRF-DF;DEL02-DF;UOP01-DEL02-DF 
627366;"1405488   ";2024-09-11;quarta-feira;17:30:00;DF;"20   ";"16   ";BRASILIA;Sim;Demais falhas mecânicas ou elétricas;1;Colisão lateral mesmo sentido;Com Vítimas Feridas;Anoitecer;Crescente;Céu Claro;Dupla;Reta;Sim  ;"1125271   ";Motocicleta;HONDA/CBX 250 TWISTER;"2005      ";Condutor;Lesões Leves;"30   ";Masculino;"0 ";"1    ";"0    ";"0    ";-15.6256750;-47.7251590;SPRF-DF;DEL02-DF;UOP01-DEL02-DF 
627366;"0         ";2024-09-11;quarta-feira;17:30:00;DF;"20   ";"16   ";BRASILIA;Sim;Demais falhas mecânicas ou elétricas;1;Colisão lateral mesmo sentido;Com Vítimas Feridas;Anoitecer;Crescente;Céu Claro;Dupla;Reta;Sim  ;"1125268   ";Reboque;R/FEDERAL CA;"2007      ";"0";"0";"0    ";"0";"0 ";"0    ";"0    ";"0    ";-15.6256750;-47.7251590;SPRF-DF;DEL02-DF;UOP01-DEL02-DF 
627366;"1405487   ";2024-09-11;quarta-feira;17:30:00;DF;"20   ";"16   ";BRASILIA;Sim;Demais falhas mecânicas ou elétricas;1;Colisão lateral mesmo sentido;Com Vítimas Feridas;Anoitecer;Crescente;Céu Claro;Dupla;Reta;Sim  ;"1125267   ";Automóvel;VW/GOL 1.6 POWER;"2004      ";Condutor;Ileso;"57   ";Masculino;"1 ";"0    ";"0    ";"0    ";-15.6256750;-47.7251590;SPRF-DF;DEL02-DF;UOP01-DEL02-DF 
627378;"1407652   ";2024-09-11;quarta-feira;17:50:00;DF;"20   ";"4,4  ";BRASILIA;Não;Ausência de reação do condutor;3;Queda de ocupante de veículo;Com Vítimas Feridas;Amanhecer;Crescente;Céu Claro;Múltipla;"Reta;Declive";Sim  ;"1126987   ";Motocicleta;HONDA/CG 160 FAN ESDI;"2017      ";Condutor;Lesões Leves;"41   ";Masculino;"0 ";"1    ";"0    ";"0    ";-15.6754840;-47.8237610;SPRF-DF;DEL02-DF;UOP01-DEL02-DF 
627378;"1407649   ";2024-09-11;quarta-feira;17:50:00;DF;"20   ";"4,4  ";BRASILIA;Não;Ausência de reação do condutor;3;Queda de ocupante de veículo;Com Vítimas Feridas;Amanhecer;Crescente;Céu Claro;Múltipla;"Reta;Declive";Sim  ;"1126986   ";Automóvel;FIAT/PALIO ELX FLEX;"2008      ";Condutor;Ileso;"24   ";Masculino;"1 ";"0    ";"0    ";"0    ";-15.6754840;-47.8237610;SPRF-DF;DEL02-DF;UOP01-DEL02-DF 
627378;"1407652   ";2024-09-11;quarta-feira;17:50:00;DF;"20   ";"4,4  ";BRASILIA;Não;Ausência de reação do condutor;2;Tombamento;Com Vítimas Feridas;Amanhecer;Crescente;Céu Claro;Múltipla;"Reta;Declive";Sim  ;"1126987   ";Motocicleta;HONDA/CG 160 FAN ESDI;"2017      ";Condutor;Lesões Leves;"41   ";Masculino;"0 ";"1    ";"0    ";"0    ";-15.6754840;-47.8237610;SPRF-DF;DEL02-DF;UOP01-DEL02-DF 
627378;"1407649   ";2024-09-11;quarta-feira;17:50:00;DF;"20   ";"4,4  ";BRASILIA;Não;Ausência de reação do condutor;2;Tombamento;Com Vítimas Feridas;Amanhecer;Crescente;Céu Claro;Múltipla;"Reta;Declive";Sim  ;"1126986   ";Automóvel;FIAT/PALIO ELX FLEX;"2008      ";Condutor;Ileso;"24   ";Masculino;"1 ";"0    ";"0    ";"0    ";-15.6754840;-47.8237610;SPRF-DF;DEL02-DF;UOP01-DEL02-DF 
627378;"1407652   ";2024-09-11;quarta-feira;17:50:00;DF;"20   ";"4,4  ";BRASILIA;Não;Ausência de reação do condutor;1;Colisão traseira;Com Vítimas Feridas;Amanhecer;Crescente;Céu Claro;Múltipla;"Reta;Declive";Sim  ;"1126987   ";Motocicleta;HONDA/CG 160 FAN ESDI;"2017      ";Condutor;Lesões Leves;"41   ";Masculino;"0 ";"1    ";"0    ";"0    ";-15.6754840;-47.8237610;SPRF-DF;DEL02-DF;UOP01-DEL02-DF 
627378;"1407649   ";2024-09-11;quarta-feira;17:50:00;DF;"20   ";"4,4  ";BRASILIA;Não;Ausência de reação do condutor;1;Colisão traseira;Com Vítimas Feridas;Amanhecer;Crescente;Céu Claro;Múltipla;"Reta;Declive";Sim  ;"1126986   ";Automóvel;FIAT/PALIO ELX FLEX;"2008      ";Condutor;Ileso;"24   ";Masculino;"1 ";"0    ";"0    ";"0    ";-15.6754840;-47.8237610;SPRF-DF;DEL02-DF;UOP01-DEL02-DF 
627378;"1407652   ";2024-09-11;quarta-feira;17:50:00;DF;"20   ";"4,4  ";BRASILIA;Sim;Ingestão de álcool pelo condutor;3;Queda de ocupante de veículo;Com Vítimas Feridas;Amanhecer;Crescente;Céu Claro;Múltipla;"Reta;Declive";Sim  ;"1126987   ";Motocicleta;HONDA/CG 160 FAN ESDI;"2017      ";Condutor;Lesões Leves;"41   ";Masculino;"0 ";"1    ";"0    ";"0    ";-15.6754840;-47.8237610;SPRF-DF;DEL02-DF;UOP01-DEL02-DF 
627378;"1407649   ";2024-09-11;quarta-feira;17:50:00;DF;"20   ";"4,4  ";BRASILIA;Sim;Ingestão de álcool pelo condutor;3;Queda de ocupante de veículo;Com Vítimas Feridas;Amanhecer;Crescente;Céu Claro;Múltipla;"Reta;Declive";Sim  ;"1126986   ";Automóvel;FIAT/PALIO ELX FLEX;"2008      ";Condutor;Ileso;"24   ";Masculino;"1 ";"0    ";"0    ";"0    ";-15.6754840;-47.8237610;SPRF-DF;DEL02-DF;UOP01-DEL02-DF 
627378;"1407652   ";2024-09-11;quarta-feira;17:50:00;DF;"20   ";"4,4  ";BRASILIA;Sim;Ingestão de álcool pelo condutor;2;Tombamento;Com Vítimas Feridas;Amanhecer;Crescente;Céu Claro;Múltipla;"Reta;Declive";Sim  ;"1126987   ";Motocicleta;HONDA/CG 160 FAN ESDI;"2017      ";Condutor;Lesões Leves;"41   ";Masculino;"0 ";"1    ";"0    ";"0    ";-15.6754840;-47.8237610;SPRF-DF;DEL02-DF;UOP01-DEL02-DF 
627378;"1407649   ";2024-09-11;quarta-feira;17:50:00;DF;"20   ";"4,4  ";BRASILIA;Sim;Ingestão de álcool pelo condutor;2;Tombamento;Com Vítimas Feridas;Amanhecer;Crescente;Céu Claro;Múltipla;"Reta;Declive";Sim  ;"1126986   ";Automóvel;FIAT/PALIO ELX FLEX;"2008      ";Condutor;Ileso;"24   ";Masculino;"1 ";"0    ";"0    ";"0    ";-15.6754840;-47.8237610;SPRF-DF;DEL02-DF;UOP01-DEL02-DF 
627378;"1407652   ";2024-09-11;quarta-feira;17:50:00;DF;"20   ";"4,4  ";BRASILIA;Sim;Ingestão de álcool pelo condutor;1;Colisão traseira;Com Vítimas Feridas;Amanhecer;Crescente;Céu Claro;Múltipla;"Reta;Declive";Sim  ;"1126987   ";Motocicleta;HONDA/CG 160 FAN ESDI;"2017      ";Condutor;Lesões Leves;"41   ";Masculino;"0 ";"1    ";"0    ";"0    ";-15.6754840;-47.8237610;SPRF-DF;DEL02-DF;UOP01-DEL02-DF 
627378;"1407649   ";2024-09-11;quarta-feira;17:50:00;DF;"20   ";"4,4  ";BRASILIA;Sim;Ingestão de álcool pelo condutor;1;Colisão traseira;Com Vítimas Feridas;Amanhecer;Crescente;Céu Claro;Múltipla;"Reta;Declive";Sim  ;"1126986   ";Automóvel;FIAT/PALIO ELX FLEX;"2008      ";Condutor;Ileso;"24   ";Masculino;"1 ";"0    ";"0    ";"0    ";-15.6754840;-47.8237610;SPRF-DF;DEL02-DF;UOP01-DEL02-DF 
627384;"1405433   ";2024-09-11;quarta-feira;18:00:00;DF;"70   ";"11,9 ";BRASILIA;Não;Ausência de reação do condutor;2;Colisão traseira;Com Vítimas Feridas;Plena Noite;Crescente;Céu Claro;Dupla;Reta;Sim  ;"1125231   ";Automóvel;FIAT/PALIO FIRE FLEX;"2007      ";Condutor;Lesões Leves;"21   ";Masculino;"0 ";"1    ";"0    ";"0    ";-15.7897620;-48.1487270;SPRF-DF;DEL03-DF;UOP02-DEL03-DF 
627384;"1405435   ";2024-09-11;quarta-feira;18:00:00;DF;"70   ";"11,9 ";BRASILIA;Não;Ausência de reação do condutor;2;Colisão traseira;Com Vítimas Feridas;Plena Noite;Crescente;Céu Claro;Dupla;Reta;Sim  ;"1125231   ";Automóvel;FIAT/PALIO FIRE FLEX;"2007      ";Passageiro;Ileso;"49   ";Feminino;"1 ";"0    ";"0    ";"0    ";-15.7897620;-48.1487270;SPRF-DF;DEL03-DF;UOP02-DEL03-DF 
627384;"1405430   ";2024-09-11;quarta-feira;18:00:00;DF;"70   ";"11,9 ";BRASILIA;Não;Ausência de reação do condutor;2;Colisão traseira;Com Vítimas Feridas;Plena Noite;Crescente;Céu Claro;Dupla;Reta;Sim  ;"1125230   ";Automóvel;FIAT/PUNTO ATTRACTIVE;"2016      ";Condutor;Ileso;"42   ";Feminino;"1 ";"0    ";"0    ";"0    ";-15.7897620;-48.1487270;SPRF-DF;DEL03-DF;UOP02-DEL03-DF 
627384;"1405429   ";2024-09-11;quarta-feira;18:00:00;DF;"70   ";"11,9 ";BRASILIA;Não;Ausência de reação do condutor;2;Colisão traseira;Com Vítimas Feridas;Plena Noite;Crescente;Céu Claro;Dupla;Reta;Sim  ;"1125228   ";Automóvel;HYUNDAI/HB20S10TA EVOLUT;"2021      ";Condutor;Ileso;"49   ";Masculino;"1 ";"0    ";"0    ";"0    ";-15.7897620;-48.1487270;SPRF-DF;DEL03-DF;UOP02-DEL03-DF 
627384;"1405428   ";2024-09-11;quarta-feira;18:00:00;DF;"70   ";"11,9 ";BRASILIA;Não;Ausência de reação do condutor;2;Colisão traseira;Com Vítimas Feridas;Plena Noite;Crescente;Céu Claro;Dupla;Reta;Sim  ;"1125227   ";Caminhão;SCANIA/P 310 B8X2;"2013      ";Condutor;Ileso;"51   ";Masculino;"1 ";"0    ";"0    ";"0    ";-15.7897620;-48.1487270;SPRF-DF;DEL03-DF;UOP02-DEL03-DF 
627384;"1405433   ";2024-09-11;quarta-feira;18:00:00;DF;"70   ";"11,9 ";BRASILIA;Não;Ausência de reação do condutor;1;Engavetamento;Com Vítimas Feridas;Plena Noite;Crescente;Céu Claro;Dupla;Reta;Sim  ;"1125231   ";Automóvel;FIAT/PALIO FIRE FLEX;"2007      ";Condutor;Lesões Leves;"21   ";Masculino;"0 ";"1    ";"0    ";"0    ";-15.7897620;-48.1487270;SPRF-DF;DEL03-DF;UOP02-DEL03-DF 
627384;"1405435   ";2024-09-11;quarta-feira;18:00:00;DF;"70   ";"11,9 ";BRASILIA;Não;Ausência de reação do condutor;1;Engavetamento;Com Vítimas Feridas;Plena Noite;Crescente;Céu Claro;Dupla;Reta;Sim  ;"1125231   ";Automóvel;FIAT/PALIO FIRE FLEX;"2007      ";Passageiro;Ileso;"49   ";Feminino;"1 ";"0    ";"0    ";"0    ";-15.7897620;-48.1487270;SPRF-DF;DEL03-DF;UOP02-DEL03-DF 
627384;"1405430   ";2024-09-11;quarta-feira;18:00:00;DF;"70   ";"11,9 ";BRASILIA;Não;Ausência de reação do condutor;1;Engavetamento;Com Vítimas Feridas;Plena Noite;Crescente;Céu Claro;Dupla;Reta;Sim  ;"1125230   ";Automóvel;FIAT/PUNTO ATTRACTIVE;"2016      ";Condutor;Ileso;"42   ";Feminino;"1 ";"0    ";"0    ";"0    ";-15.7897620;-48.1487270;SPRF-DF;DEL03-DF;UOP02-DEL03-DF 
627384;"1405429   ";2024-09-11;quarta-feira;18:00:00;DF;"70   ";"11,9 ";BRASILIA;Não;Ausência de reação do condutor;1;Engavetamento;Com Vítimas Feridas;Plena Noite;Crescente;Céu Claro;Dupla;Reta;Sim  ;"1125228   ";Automóvel;HYUNDAI/HB20S10TA EVOLUT;"2021      ";Condutor;Ileso;"49   ";Masculino;"1 ";"0    ";"0    ";"0    ";-15.7897620;-48.1487270;SPRF-DF;DEL03-DF;UOP02-DEL03-DF 
627384;"1405428   ";2024-09-11;quarta-feira;18:00:00;DF;"70   ";"11,9 ";BRASILIA;Não;Ausência de reação do condutor;1;Engavetamento;Com Vítimas Feridas;Plena Noite;Crescente;Céu Claro;Dupla;Reta;Sim  ;"1125227   ";Caminhão;SCANIA/P 310 B8X2;"2013      ";Condutor;Ileso;"51   ";Masculino;"1 ";"0    ";"0    ";"0    ";-15.7897620;-48.1487270;SPRF-DF;DEL03-DF;UOP02-DEL03-DF 
627384;"1405433   ";2024-09-11;quarta-feira;18:00:00;DF;"70   ";"11,9 ";BRASILIA;Sim;Condutor deixou de manter distância do veículo da frente;2;Colisão traseira;Com Vítimas Feridas;Plena Noite;Crescente;Céu Claro;Dupla;Reta;Sim  ;"1125231   ";Automóvel;FIAT/PALIO FIRE FLEX;"2007      ";Condutor;Lesões Leves;"21   ";Masculino;"0 ";"1    ";"0    ";"0    ";-15.7897620;-48.1487270;SPRF-DF;DEL03-DF;UOP02-DEL03-DF 
627384;"1405435   ";2024-09-11;quarta-feira;18:00:00;DF;"70   ";"11,9 ";BRASILIA;Sim;Condutor deixou de manter distância do veículo da frente;2;Colisão traseira;Com Vítimas Feridas;Plena Noite;Crescente;Céu Claro;Dupla;Reta;Sim  ;"1125231   ";Automóvel;FIAT/PALIO FIRE FLEX;"2007      ";Passageiro;Ileso;"49   ";Feminino;"1 ";"0    ";"0    ";"0    ";-15.7897620;-48.1487270;SPRF-DF;DEL03-DF;UOP02-DEL03-DF 
627384;"1405430   ";2024-09-11;quarta-feira;18:00:00;DF;"70   ";"11,9 ";BRASILIA;Sim;Condutor deixou de manter distância do veículo da frente;2;Colisão traseira;Com Vítimas Feridas;Plena Noite;Crescente;Céu Claro;Dupla;Reta;Sim  ;"1125230   ";Automóvel;FIAT/PUNTO ATTRACTIVE;"2016      ";Condutor;Ileso;"42   ";Feminino;"1 ";"0    ";"0    ";"0    ";-15.7897620;-48.1487270;SPRF-DF;DEL03-DF;UOP02-DEL03-DF 
627384;"1405429   ";2024-09-11;quarta-feira;18:00:00;DF;"70   ";"11,9 ";BRASILIA;Sim;Condutor deixou de manter distância do veículo da frente;2;Colisão traseira;Com Vítimas Feridas;Plena Noite;Crescente;Céu Claro;Dupla;Reta;Sim  ;"1125228   ";Automóvel;HYUNDAI/HB20S10TA EVOLUT;"2021      ";Condutor;Ileso;"49   ";Masculino;"1 ";"0    ";"0    ";"0    ";-15.7897620;-48.1487270;SPRF-DF;DEL03-DF;UOP02-DEL03-DF 
627384;"1405428   ";2024-09-11;quarta-feira;18:00:00;DF;"70   ";"11,9 ";BRASILIA;Sim;Condutor deixou de manter distância do veículo da frente;2;Colisão traseira;Com Vítimas Feridas;Plena Noite;Crescente;Céu Claro;Dupla;Reta;Sim  ;"1125227   ";Caminhão;SCANIA/P 310 B8X2;"2013      ";Condutor;Ileso;"51   ";Masculino;"1 ";"0    ";"0    ";"0    ";-15.7897620;-48.1487270;SPRF-DF;DEL03-DF;UOP02-DEL03-DF 
627384;"1405433   ";2024-09-11;quarta-feira;18:00:00;DF;"70   ";"11,9 ";BRASILIA;Sim;Condutor deixou de manter distância do veículo da frente;1;Engavetamento;Com Vítimas Feridas;Plena Noite;Crescente;Céu Claro;Dupla;Reta;Sim  ;"1125231   ";Automóvel;FIAT/PALIO FIRE FLEX;"2007      ";Condutor;Lesões Leves;"21   ";Masculino;"0 ";"1    ";"0    ";"0    ";-15.7897620;-48.1487270;SPRF-DF;DEL03-DF;UOP02-DEL03-DF 
627384;"1405435   ";2024-09-11;quarta-feira;18:00:00;DF;"70   ";"11,9 ";BRASILIA;Sim;Condutor deixou de manter distância do veículo da frente;1;Engavetamento;Com Vítimas Feridas;Plena Noite;Crescente;Céu Claro;Dupla;Reta;Sim  ;"1125231   ";Automóvel;FIAT/PALIO FIRE FLEX;"2007      ";Passageiro;Ileso;"49   ";Feminino;"1 ";"0    ";"0    ";"0    ";-15.7897620;-48.1487270;SPRF-DF;DEL03-DF;UOP02-DEL03-DF 
627384;"1405430   ";2024-09-11;quarta-feira;18:00:00;DF;"70   ";"11,9 ";BRASILIA;Sim;Condutor deixou de manter distância do veículo da frente;1;Engavetamento;Com Vítimas Feridas;Plena Noite;Crescente;Céu Claro;Dupla;Reta;Sim  ;"1125230   ";Automóvel;FIAT/PUNTO ATTRACTIVE;"2016      ";Condutor;Ileso;"42   ";Feminino;"1 ";"0    ";"0    ";"0    ";-15.7897620;-48.1487270;SPRF-DF;DEL03-DF;UOP02-DEL03-DF 
627384;"1405429   ";2024-09-11;quarta-feira;18:00:00;DF;"70   ";"11,9 ";BRASILIA;Sim;Condutor deixou de manter distância do veículo da frente;1;Engavetamento;Com Vítimas Feridas;Plena Noite;Crescente;Céu Claro;Dupla;Reta;Sim  ;"1125228   ";Automóvel;HYUNDAI/HB20S10TA EVOLUT;"2021      ";Condutor;Ileso;"49   ";Masculino;"1 ";"0    ";"0    ";"0    ";-15.7897620;-48.1487270;SPRF-DF;DEL03-DF;UOP02-DEL03-DF 
627384;"1405428   ";2024-09-11;quarta-feira;18:00:00;DF;"70   ";"11,9 ";BRASILIA;Sim;Condutor deixou de manter distância do veículo da frente;1;Engavetamento;Com Vítimas Feridas;Plena Noite;Crescente;Céu Claro;Dupla;Reta;Sim  ;"1125227   ";Caminhão;SCANIA/P 310 B8X2;"2013      ";Condutor;Ileso;"51   ";Masculino;"1 ";"0    ";"0    ";"0    ";-15.7897620;-48.1487270;SPRF-DF;DEL03-DF;UOP02-DEL03-DF 
627429;"1405547   ";2024-09-11;quarta-feira;20:20:00;GO;"414  ";"297  ";VILA PROPICIO;Não;Reação tardia ou ineficiente do condutor;4;Queda de ocupante de veículo;Com Vítimas Fatais;Plena Noite;Crescente;Céu Claro;Simples;Reta;Não  ;"1125320   ";Motocicleta;Não Informado/Não Informado;"0         ";Condutor;Óbito;"18   ";Masculino;"0 ";"0    ";"0    ";"1    ";-15.1786070;-48.7029350;SPRF-GO;DEL07-GO;UOP02-DEL07-GO 
627429;"1405546   ";2024-09-11;quarta-feira;20:20:00;GO;"414  ";"297  ";VILA PROPICIO;Não;Reação tardia ou ineficiente do condutor;4;Queda de ocupante de veículo;Com Vítimas Fatais;Plena Noite;Crescente;Céu Claro;Simples;Reta;Não  ;"1125319   ";Motocicleta;Não Informado/Não Informado;"0         ";Condutor;Lesões Graves;"22   ";Masculino;"0 ";"0    ";"1    ";"0    ";-15.1786070;-48.7029350;SPRF-GO;DEL07-GO;UOP02-DEL07-GO 
627429;"1405547   ";2024-09-11;quarta-feira;20:20:00;GO;"414  ";"297  ";VILA PROPICIO;Não;Reação tardia ou ineficiente do condutor;3;Tombamento;Com Vítimas Fatais;Plena Noite;Crescente;Céu Claro;Simples;Reta;Não  ;"1125320   ";Motocicleta;Não Informado/Não Informado;"0         ";Condutor;Óbito;"18   ";Masculino;"0 ";"0    ";"0    ";"1    ";-15.1786070;-48.7029350;SPRF-GO;DEL07-GO;UOP02-DEL07-GO 
627429;"1405546   ";2024-09-11;quarta-feira;20:20:00;GO;"414  ";"297  ";VILA PROPICIO;Não;Reação tardia ou ineficiente do condutor;3;Tombamento;Com Vítimas Fatais;Plena Noite;Crescente;Céu Claro;Simples;Reta;Não  ;"1125319   ";Motocicleta;Não Informado/Não Informado;"0         ";Condutor;Lesões Graves;"22   ";Masculino;"0 ";"0    ";"1    ";"0    ";-15.1786070;-48.7029350;SPRF-GO;DEL07-GO;UOP02-DEL07-GO 
627429;"1405547   ";2024-09-11;quarta-feira;20:20:00;GO;"414  ";"297  ";VILA PROPICIO;Não;Reação tardia ou ineficiente do condutor;2;Colisão com objeto;Com Vítimas Fatais;Plena Noite;Crescente;Céu Claro;Simples;Reta;Não  ;"1125320   ";Motocicleta;Não Informado/Não Informado;"0         ";Condutor;Óbito;"18   ";Masculino;"0 ";"0    ";"0    ";"1    ";-15.1786070;-48.7029350;SPRF-GO;DEL07-GO;UOP02-DEL07-GO 
627429;"1405546   ";2024-09-11;quarta-feira;20:20:00;GO;"414  ";"297  ";VILA PROPICIO;Não;Reação tardia ou ineficiente do condutor;2;Colisão com objeto;Com Vítimas Fatais;Plena Noite;Crescente;Céu Claro;Simples;Reta;Não  ;"1125319   ";Motocicleta;Não Informado/Não Informado;"0         ";Condutor;Lesões Graves;"22   ";Masculino;"0 ";"0    ";"1    ";"0    ";-15.1786070;-48.7029350;SPRF-GO;DEL07-GO;UOP02-DEL07-GO 
627429;"1405547   ";2024-09-11;quarta-feira;20:20:00;GO;"414  ";"297  ";VILA PROPICIO;Não;Reação tardia ou ineficiente do condutor;1;Saída de leito carroçável;Com Vítimas Fatais;Plena Noite;Crescente;Céu Claro;Simples;Reta;Não  ;"1125320   ";Motocicleta;Não Informado/Não Informado;"0         ";Condutor;Óbito;"18   ";Masculino;"0 ";"0    ";"0    ";"1    ";-15.1786070;-48.7029350;SPRF-GO;DEL07-GO;UOP02-DEL07-GO 
627429;"1405546   ";2024-09-11;quarta-feira;20:20:00;GO;"414  ";"297  ";VILA PROPICIO;Não;Reação tardia ou ineficiente do condutor;1;Saída de leito carroçável;Com Vítimas Fatais;Plena Noite;Crescente;Céu Claro;Simples;Reta;Não  ;"1125319   ";Motocicleta;Não Informado/Não Informado;"0         ";Condutor;Lesões Graves;"22   ";Masculino;"0 ";"0    ";"1    ";"0    ";-15.1786070;-48.7029350;SPRF-GO;DEL07-GO;UOP02-DEL07-GO 
627429;"1405547   ";2024-09-11;quarta-feira;20:20:00;GO;"414  ";"297  ";VILA PROPICIO;Não;Participar de racha;4;Queda de ocupante de veículo;Com Vítimas Fatais;Plena Noite;Crescente;Céu Claro;Simples;Reta;Não  ;"1125320   ";Motocicleta;Não Informado/Não Informado;"0         ";Condutor;Óbito;"18   ";Masculino;"0 ";"0    ";"0    ";"1    ";-15.1786070;-48.7029350;SPRF-GO;DEL07-GO;UOP02-DEL07-GO 