id;pesid;data_inversa;dia_semana;horario;uf;br;km;municipio;causa_principal;causa_acidente;ordem_tipo_acidente;tipo_acidente;classificacao_acidente;fase_dia;sentido_via;condicao_metereologica;tipo_pista;tracado_via;uso_solo;id_veiculo;tipo_veiculo;marca;ano_fabricacao_veiculo;tipo_envolvido;estado_fisico;idade;sexo;ilesos;feridos_leves;feridos_graves;mortos;latitude;longitude;regional;delegacia;uop
627429;"1405546   ";2024-09-11;quarta-feira;20:20:00;GO;"414  ";"297  ";VILA PROPICIO;Não;Participar de racha;4;Queda de ocupante de veículo;Com Vítimas Fatais;Plena Noite;Crescente;Céu Claro;Simples;Reta;Não  ;"1125319   ";Motocicleta;Não Informado/Não Informado;"0         ";Condutor;Lesões Graves;"22   ";Masculino;"0 ";"0    ";"1    ";"0    ";-15.1786070;-48.7029350;SPRF-GO;DEL07-GO;UOP02-DEL07-GO 
627429;"1405547   ";2024-09-11;quarta-feira;20:20:00;GO;"414  ";"297  ";VILA PROPICIO;Não;Participar de racha;3;Tombamento;Com Vítimas Fatais;Plena Noite;Crescente;Céu Claro;Simples;Reta;Não  ;"1125320   ";Motocicleta;Não Informado/Não Informado;"0         ";Condutor;Óbito;"18   ";Masculino;"0 ";"0    ";"0    ";"1    ";-15.1786070;-48.7029350;SPRF-GO;DEL07-GO;UOP02-DEL07-GO 
627429;"1405546   ";2024-09-11;quarta-feira;20:20:00;GO;"414  ";"297  ";VILA PROPICIO;Não;Participar de racha;3;Tombamento;Com Vítimas Fatais;Plena Noite;Crescente;Céu Claro;Simples;Reta;Não  ;"1125319   ";Motocicleta;Não Informado/Não Informado;"0         ";Condutor;Lesões Graves;"22   ";Masculino;"0 ";"0    ";"1    ";"0    ";-15.1786070;-48.7029350;SPRF-GO;DEL07-GO;UOP02-DEL07-GO 
627429;"1405547   ";2024-09-11;quarta-feira;20:20:00;GO;"414  ";"297  ";VILA PROPICIO;Não;Participar de racha;2;Colisão com objeto;Com Vítimas Fatais;Plena Noite;Crescente;Céu Claro;Simples;Reta;Não  ;"1125320   ";Motocicleta;Não Informado/Não Informado;"0         ";Condutor;Óbito;"18   ";Masculino;"0 ";"0    ";"0    ";"1    ";-15.1786070;-48.7029350;SPRF-GO;DEL07-GO;UOP02-DEL07-GO 
627429;"1405546   ";2024-09-11;quarta-feira;20:20:00;GO;"414  ";"297  ";VILA PROPICIO;Não;Participar de racha;2;Colisão com objeto;Com Vítimas Fatais;Plena Noite;Crescente;Céu Claro;Simples;Reta;Não  ;"1125319   ";Motocicleta;Não Informado/Não Informado;"0         ";Condutor;Lesões Graves;"22   ";Masculino;"0 ";"0    ";"1    ";"0    ";-15.1786070;-48.7029350;SPRF-GO;DEL07-GO;UOP02-DEL07-GO 
627429;"1405547   ";2024-09-11;quarta-feira;20:20:00;GO;"414  ";"297  ";VILA PROPICIO;Não;Participar de racha;1;Saída de leito carroçável;Com Vítimas Fatais;Plena Noite;Crescente;Céu Claro;Simples;Reta;Não  ;"1125320   ";Motocicleta;Não Informado/Não Informado;"0         ";Condutor;Óbito;"18   ";Masculino;"0 ";"0    ";"0    ";"1    ";-15.1786070;-48.7029350;SPRF-GO;DEL07-GO;UOP02-DEL07-GO 
627429;"1405546   ";2024-09-11;quarta-feira;20:20:00;GO;"414  ";"297  ";VILA PROPICIO;Não;Participar de racha;1;Saída de leito carroçável;Com Vítimas Fatais;Plena Noite;Crescente;Céu Claro;Simples;Reta;Não  ;"1125319   ";Motocicleta;Não Informado/Não Informado;"0         ";Condutor;Lesões Graves;"22   ";Masculino;"0 ";"0    ";"1    ";"0    ";-15.1786070;-48.7029350;SPRF-GO;DEL07-GO;UOP02-DEL07-GO 
627429;"1405547   ";2024-09-11;quarta-feira;20:20:00;GO;"414  ";"297  ";VILA PROPICIO;Sim;Velocidade Incompatível;4;Queda de ocupante de veículo;Com Vítimas Fatais;Plena Noite;Crescente;Céu Claro;Simples;Reta;Não  ;"1125320   ";Motocicleta;Não Informado/Não Informado;"0         ";Condutor;Óbito;"18   ";Masculino;"0 ";"0    ";"0    ";"1    ";-15.1786070;-48.7029350;SPRF-GO;DEL07-GO;UOP02-DEL07-GO 
627429;"1405546   ";2024-09-11;quarta-feira;20:20:00;GO;"414  ";"297  ";VILA PROPICIO;Sim;Velocidade Incompatível;4;Queda de ocupante de veículo;Com Vítimas Fatais;Plena Noite;Crescente;Céu Claro;Simples;Reta;Não  ;"1125319   ";Motocicleta;Não Informado/Não Informado;"0         ";Condutor;Lesões Graves;"22   ";Masculino;"0 ";"0    ";"1    ";"0    ";-15.1786070;-48.7029350;SPRF-GO;DEL07-GO;UOP02-DEL07-GO 
627429;"1405547   ";2024-09-11;quarta-feira;20:20:00;GO;"414  ";"297  ";VILA PROPICIO;Sim;Velocidade Incompatível;3;Tombamento;Com Vítimas Fatais;Plena Noite;Crescente;Céu Claro;Simples;Reta;Não  ;"1125320   ";Motocicleta;Não Informado/Não Informado;"0         ";Condutor;Óbito;"18   ";Masculino;"0 ";"0    ";"0    ";"1    ";-15.1786070;-48.7029350;SPRF-GO;DEL07-GO;UOP02-DEL07-GO 
627429;"1405546   ";2024-09-11;quarta-feira;20:20:00;GO;"414  ";"297  ";VILA PROPICIO;Sim;Velocidade Incompatível;3;Tombamento;Com Vítimas Fatais;Plena Noite;Crescente;Céu Claro;Simples;Reta;Não  ;"1125319   ";Motocicleta;Não Informado/Não Informado;"0         ";Condutor;Lesões Graves;"22   ";Masculino;"0 ";"0    ";"1    ";"0    ";-15.1786070;-48.7029350;SPRF-GO;DEL07-GO;UOP02-DEL07-GO 
627429;"1405547   ";2024-09-11;quarta-feira;20:20:00;GO;"414  ";"297  ";VILA PROPICIO;Sim;Velocidade Incompatível;2;Colisão com objeto;Com Vítimas Fatais;Plena Noite;Crescente;Céu Claro;Simples;Reta;Não  ;"1125320   ";Motocicleta;Não Informado/Não Informado;"0         ";Condutor;Óbito;"18   ";Masculino;"0 ";"0    ";"0    ";"1    ";-15.1786070;-48.7029350;SPRF-GO;DEL07-GO;UOP02-DEL07-GO 
627429;"1405546   ";2024-09-11;quarta-feira;20:20:00;GO;"414  ";"297  ";VILA PROPICIO;Sim;Velocidade Incompatível;2;Colisão com objeto;Com Vítimas Fatais;Plena Noite;Crescente;Céu Claro;Simples;Reta;Não  ;"1125319   ";Motocicleta;Não Informado/Não Informado;"0         ";Condutor;Lesões Graves;"22   ";Masculino;"0 ";"0    ";"1    ";"0    ";-15.1786070;-48.7029350;SPRF-GO;DEL07-GO;UOP02-DEL07-GO 
627429;"1405547   ";2024-09-11;quarta-feira;20:20:00;GO;"414  ";"297  ";VILA PROPICIO;Sim;Velocidade Incompatível;1;Saída de leito carroçável;Com Vítimas Fatais;Plena Noite;Crescente;Céu Claro;Simples;Reta;Não  ;"1125320   ";Motocicleta;Não Informado/Não Informado;"0         ";Condutor;Óbito;"18   ";Masculino;"0 ";"0    ";"0    ";"1    ";-15.1786070;-48.7029350;SPRF-GO;DEL07-GO;UOP02-DEL07-GO 
627429;"1405546   ";2024-09-11;quarta-feira;20:20:00;GO;"414  ";"297  ";VILA PROPICIO;Sim;Velocidade Incompatível;1;Saída de leito carroçável;Com Vítimas Fatais;Plena Noite;Crescente;Céu Claro;Simples;Reta;Não  ;"1125319   ";Motocicleta;Não Informado/Não Informado;"0         ";Condutor;Lesões Graves;"22   ";Masculino;"0 ";"0    ";"1    ";"0    ";-15.1786070;-48.7029350;SPRF-GO;DEL07-GO;UOP02-DEL07-GO 
627452;"1405571   ";2024-09-12;quinta-feira;07:10:00;GO;"40   ";"7    ";VALPARAISO DE GOIAS;Sim;Trafegar com motocicleta (ou similar) entre as faixas;2;Queda de ocupante de veículo;Com Vítimas Feridas;Pleno dia;Crescente;Céu Claro;Dupla;Reta;Sim  ;"1125345   ";Motocicleta;HONDA/CG 160 FAN;"2019      ";Condutor;Lesões Leves;"37   ";Masculino;"0 ";"1    ";"0    ";"0    ";-16.1084820;-47.9725240;SPRF-DF;DEL01-DF;UOP01-DEL01-DF 
627452;"1405571   ";2024-09-12;quinta-feira;07:10:00;GO;"40   ";"7    ";VALPARAISO DE GOIAS;Sim;Trafegar com motocicleta (ou similar) entre as faixas;1;Tombamento;Com Vítimas Feridas;Pleno dia;Crescente;Céu Claro;Dupla;Reta;Sim  ;"1125345   ";Motocicleta;HONDA/CG 160 FAN;"2019      ";Condutor;Lesões Leves;"37   ";Masculino;"0 ";"1    ";"0    ";"0    ";-16.1084820;-47.9725240;SPRF-DF;DEL01-DF;UOP01-DEL01-DF 
627473;"1405603   ";2024-07-07;domingo;00:30:00;GO;"40   ";"10   ";LUZIANIA;Sim;Acessar a via sem observar a presença dos outros veículos;2;Capotamento;Com Vítimas Feridas;Plena Noite;Crescente;Céu Claro;Dupla;Reta;Sim  ;"1125376   ";Automóvel;VW/T CROSS TSI;"2023      ";Condutor;Lesões Graves;"37   ";Masculino;"0 ";"0    ";"1    ";"0    ";-16.1312850;-47.9579230;SPRF-DF;DEL01-DF;UOP01-DEL01-DF 
627473;"1405602   ";2024-07-07;domingo;00:30:00;GO;"40   ";"10   ";LUZIANIA;Sim;Acessar a via sem observar a presença dos outros veículos;2;Capotamento;Com Vítimas Feridas;Plena Noite;Crescente;Céu Claro;Dupla;Reta;Sim  ;"1125375   ";Caminhonete;VW/SAVEIRO CS ST MB;"2015      ";Condutor;Lesões Graves;"46   ";Masculino;"0 ";"0    ";"1    ";"0    ";-16.1312850;-47.9579230;SPRF-DF;DEL01-DF;UOP01-DEL01-DF 
627473;"1405603   ";2024-07-07;domingo;00:30:00;GO;"40   ";"10   ";LUZIANIA;Sim;Acessar a via sem observar a presença dos outros veículos;1;Colisão traseira;Com Vítimas Feridas;Plena Noite;Crescente;Céu Claro;Dupla;Reta;Sim  ;"1125376   ";Automóvel;VW/T CROSS TSI;"2023      ";Condutor;Lesões Graves;"37   ";Masculino;"0 ";"0    ";"1    ";"0    ";-16.1312850;-47.9579230;SPRF-DF;DEL01-DF;UOP01-DEL01-DF 
627473;"1405602   ";2024-07-07;domingo;00:30:00;GO;"40   ";"10   ";LUZIANIA;Sim;Acessar a via sem observar a presença dos outros veículos;1;Colisão traseira;Com Vítimas Feridas;Plena Noite;Crescente;Céu Claro;Dupla;Reta;Sim  ;"1125375   ";Caminhonete;VW/SAVEIRO CS ST MB;"2015      ";Condutor;Lesões Graves;"46   ";Masculino;"0 ";"0    ";"1    ";"0    ";-16.1312850;-47.9579230;SPRF-DF;DEL01-DF;UOP01-DEL01-DF 
627482;"1405665   ";2024-09-12;quinta-feira;07:30:00;GO;"40   ";"27   ";LUZIANIA;Sim;Ausência de reação do condutor;1;Capotamento;Com Vítimas Fatais;Pleno dia;Crescente;Céu Claro;Dupla;Reta;Sim  ;"1125414   ";Automóvel;GM/CORSA SUPER;"2000      ";Condutor;Óbito;"33   ";Masculino;"0 ";"0    ";"0    ";"1    ";-16.2661850;-47.8882410;SPRF-DF;DEL01-DF;UOP01-DEL01-DF 
627567;"1406074   ";2024-09-12;quinta-feira;17:45:00;DF;"40   ";"7    ";BRASILIA;Sim;Transitar no Acostamento;1;Atropelamento de Pedestre;Com Vítimas Feridas;Anoitecer;Crescente;Céu Claro;Dupla;Reta;Sim  ;"1125691   ";Automóvel;RENAULT/LOGAN AUT 1016V;"2008      ";Condutor;Ileso;"27   ";Masculino;"1 ";"0    ";"0    ";"0    ";-16.0386660;-47.9796910;SPRF-DF;DEL01-DF;UOP01-DEL01-DF 
627567;"1406075   ";2024-09-12;quinta-feira;17:45:00;DF;"40   ";"7    ";BRASILIA;Sim;Transitar no Acostamento;1;Atropelamento de Pedestre;Com Vítimas Feridas;Anoitecer;Crescente;Céu Claro;Dupla;Reta;Sim  ;"0         ";"0";NA/NA;"0         ";Pedestre;Lesões Graves;"29   ";Feminino;"0 ";"0    ";"1    ";"0    ";-16.0386660;-47.9796910;SPRF-DF;DEL01-DF;UOP01-DEL01-DF 
627672;"1406265   ";2024-09-13;sexta-feira;06:30:00;DF;"40   ";"5    ";BRASILIA;Não;Velocidade Incompatível;3;Tombamento;Com Vítimas Feridas;Pleno dia;Decrescente;Céu Claro;Dupla;Reta;Sim  ;"1125887   ";Motocicleta;HONDA/CG 125 CARGO KS;"2010      ";Condutor;Lesões Leves;"33   ";Masculino;"0 ";"1    ";"0    ";"0    ";-16.0208803;-47.9803634;SPRF-DF;DEL01-DF;UOP01-DEL01-DF 
627672;"1406264   ";2024-09-13;sexta-feira;06:30:00;DF;"40   ";"5    ";BRASILIA;Não;Velocidade Incompatível;3;Tombamento;Com Vítimas Feridas;Pleno dia;Decrescente;Céu Claro;Dupla;Reta;Sim  ;"1125886   ";Automóvel;I/CHEV TRACKER T A LT;"2022      ";Condutor;Ileso;"36   ";Masculino;"1 ";"0    ";"0    ";"0    ";-16.0208803;-47.9803634;SPRF-DF;DEL01-DF;UOP01-DEL01-DF 
627672;"1406265   ";2024-09-13;sexta-feira;06:30:00;DF;"40   ";"5    ";BRASILIA;Não;Velocidade Incompatível;2;Queda de ocupante de veículo;Com Vítimas Feridas;Pleno dia;Decrescente;Céu Claro;Dupla;Reta;Sim  ;"1125887   ";Motocicleta;HONDA/CG 125 CARGO KS;"2010      ";Condutor;Lesões Leves;"33   ";Masculino;"0 ";"1    ";"0    ";"0    ";-16.0208803;-47.9803634;SPRF-DF;DEL01-DF;UOP01-DEL01-DF 
627672;"1406264   ";2024-09-13;sexta-feira;06:30:00;DF;"40   ";"5    ";BRASILIA;Não;Velocidade Incompatível;2;Queda de ocupante de veículo;Com Vítimas Feridas;Pleno dia;Decrescente;Céu Claro;Dupla;Reta;Sim  ;"1125886   ";Automóvel;I/CHEV TRACKER T A LT;"2022      ";Condutor;Ileso;"36   ";Masculino;"1 ";"0    ";"0    ";"0    ";-16.0208803;-47.9803634;SPRF-DF;DEL01-DF;UOP01-DEL01-DF 
627672;"1406265   ";2024-09-13;sexta-feira;06:30:00;DF;"40   ";"5    ";BRASILIA;Não;Velocidade Incompatível;1;Colisão traseira;Com Vítimas Feridas;Pleno dia;Decrescente;Céu Claro;Dupla;Reta;Sim  ;"1125887   ";Motocicleta;HONDA/CG 125 CARGO KS;"2010      ";Condutor;Lesões Leves;"33   ";Masculino;"0 ";"1    ";"0    ";"0    ";-16.0208803;-47.9803634;SPRF-DF;DEL01-DF;UOP01-DEL01-DF 
627672;"1406264   ";2024-09-13;sexta-feira;06:30:00;DF;"40   ";"5    ";BRASILIA;Não;Velocidade Incompatível;1;Colisão traseira;Com Vítimas Feridas;Pleno dia;Decrescente;Céu Claro;Dupla;Reta;Sim  ;"1125886   ";Automóvel;I/CHEV TRACKER T A LT;"2022      ";Condutor;Ileso;"36   ";Masculino;"1 ";"0    ";"0    ";"0    ";-16.0208803;-47.9803634;SPRF-DF;DEL01-DF;UOP01-DEL01-DF 
627672;"1406265   ";2024-09-13;sexta-feira;06:30:00;DF;"40   ";"5    ";BRASILIA;Sim;Condutor deixou de manter distância do veículo da frente;3;Tombamento;Com Vítimas Feridas;Pleno dia;Decrescente;Céu Claro;Dupla;Reta;Sim  ;"1125887   ";Motocicleta;HONDA/CG 125 CARGO KS;"2010      ";Condutor;Lesões Leves;"33   ";Masculino;"0 ";"1    ";"0    ";"0    ";-16.0208803;-47.9803634;SPRF-DF;DEL01-DF;UOP01-DEL01-DF 
627672;"1406264   ";2024-09-13;sexta-feira;06:30:00;DF;"40   ";"5    ";BRASILIA;Sim;Condutor deixou de manter distância do veículo da frente;3;Tombamento;Com Vítimas Feridas;Pleno dia;Decrescente;Céu Claro;Dupla;Reta;Sim  ;"1125886   ";Automóvel;I/CHEV TRACKER T A LT;"2022      ";Condutor;Ileso;"36   ";Masculino;"1 ";"0    ";"0    ";"0    ";-16.0208803;-47.9803634;SPRF-DF;DEL01-DF;UOP01-DEL01-DF 
627672;"1406265   ";2024-09-13;sexta-feira;06:30:00;DF;"40   ";"5    ";BRASILIA;Sim;Condutor deixou de manter distância do veículo da frente;2;Queda de ocupante de veículo;Com Vítimas Feridas;Pleno dia;Decrescente;Céu Claro;Dupla;Reta;Sim  ;"1125887   ";Motocicleta;HONDA/CG 125 CARGO KS;"2010      ";Condutor;Lesões Leves;"33   ";Masculino;"0 ";"1    ";"0    ";"0    ";-16.0208803;-47.9803634;SPRF-DF;DEL01-DF;UOP01-DEL01-DF 
627672;"1406264   ";2024-09-13;sexta-feira;06:30:00;DF;"40   ";"5    ";BRASILIA;Sim;Condutor deixou de manter distância do veículo da frente;2;Queda de ocupante de veículo;Com Vítimas Feridas;Pleno dia;Decrescente;Céu Claro;Dupla;Reta;Sim  ;"1125886   ";Automóvel;I/CHEV TRACKER T A LT;"2022      ";Condutor;Ileso;"36   ";Masculino;"1 ";"0    ";"0    ";"0    ";-16.0208803;-47.9803634;SPRF-DF;DEL01-DF;UOP01-DEL01-DF 
627672;"1406265   ";2024-09-13;sexta-feira;06:30:00;DF;"40   ";"5    ";BRASILIA;Sim;Condutor deixou de manter distância do veículo da frente;1;Colisão traseira;Com Vítimas Feridas;Pleno dia;Decrescente;Céu Claro;Dupla;Reta;Sim  ;"1125887   ";Motocicleta;HONDA/CG 125 CARGO KS;"2010      ";Condutor;Lesões Leves;"33   ";Masculino;"0 ";"1    ";"0    ";"0    ";-16.0208803;-47.9803634;SPRF-DF;DEL01-DF;UOP01-DEL01-DF 
627672;"1406264   ";2024-09-13;sexta-feira;06:30:00;DF;"40   ";"5    ";BRASILIA;Sim;Condutor deixou de manter distância do veículo da frente;1;Colisão traseira;Com Vítimas Feridas;Pleno dia;Decrescente;Céu Claro;Dupla;Reta;Sim  ;"1125886   ";Automóvel;I/CHEV TRACKER T A LT;"2022      ";Condutor;Ileso;"36   ";Masculino;"1 ";"0    ";"0    ";"0    ";-16.0208803;-47.9803634;SPRF-DF;DEL01-DF;UOP01-DEL01-DF 
627672;"1406265   ";2024-09-13;sexta-feira;06:30:00;DF;"40   ";"5    ";BRASILIA;Não;Trafegar com motocicleta (ou similar) entre as faixas;3;Tombamento;Com Vítimas Feridas;Pleno dia;Decrescente;Céu Claro;Dupla;Reta;Sim  ;"1125887   ";Motocicleta;HONDA/CG 125 CARGO KS;"2010      ";Condutor;Lesões Leves;"33   ";Masculino;"0 ";"1    ";"0    ";"0    ";-16.0208803;-47.9803634;SPRF-DF;DEL01-DF;UOP01-DEL01-DF 
627672;"1406264   ";2024-09-13;sexta-feira;06:30:00;DF;"40   ";"5    ";BRASILIA;Não;Trafegar com motocicleta (ou similar) entre as faixas;3;Tombamento;Com Vítimas Feridas;Pleno dia;Decrescente;Céu Claro;Dupla;Reta;Sim  ;"1125886   ";Automóvel;I/CHEV TRACKER T A LT;"2022      ";Condutor;Ileso;"36   ";Masculino;"1 ";"0    ";"0    ";"0    ";-16.0208803;-47.9803634;SPRF-DF;DEL01-DF;UOP01-DEL01-DF 
627672;"1406265   ";2024-09-13;sexta-feira;06:30:00;DF;"40   ";"5    ";BRASILIA;Não;Trafegar com motocicleta (ou similar) entre as faixas;2;Queda de ocupante de veículo;Com Vítimas Feridas;Pleno dia;Decrescente;Céu Claro;Dupla;Reta;Sim  ;"1125887   ";Motocicleta;HONDA/CG 125 CARGO KS;"2010      ";Condutor;Lesões Leves;"33   ";Masculino;"0 ";"1    ";"0    ";"0    ";-16.0208803;-47.9803634;SPRF-DF;DEL01-DF;UOP01-DEL01-DF 
627672;"1406264   ";2024-09-13;sexta-feira;06:30:00;DF;"40   ";"5    ";BRASILIA;Não;Trafegar com motocicleta (ou similar) entre as faixas;2;Queda de ocupante de veículo;Com Vítimas Feridas;Pleno dia;Decrescente;Céu Claro;Dupla;Reta;Sim  ;"1125886   ";Automóvel;I/CHEV TRACKER T A LT;"2022      ";Condutor;Ileso;"36   ";Masculino;"1 ";"0    ";"0    ";"0    ";-16.0208803;-47.9803634;SPRF-DF;DEL01-DF;UOP01-DEL01-DF 
627672;"1406265   ";2024-09-13;sexta-feira;06:30:00;DF;"40   ";"5    ";BRASILIA;Não;Trafegar com motocicleta (ou similar) entre as faixas;1;Colisão traseira;Com Vítimas Feridas;Pleno dia;Decrescente;Céu Claro;Dupla;Reta;Sim  ;"1125887   ";Motocicleta;HONDA/CG 125 CARGO KS;"2010      ";Condutor;Lesões Leves;"33   ";Masculino;"0 ";"1    ";"0    ";"0    ";-16.0208803;-47.9803634;SPRF-DF;DEL01-DF;UOP01-DEL01-DF 
627672;"1406264   ";2024-09-13;sexta-feira;06:30:00;DF;"40   ";"5    ";BRASILIA;Não;Trafegar com motocicleta (ou similar) entre as faixas;1;Colisão traseira;Com Vítimas Feridas;Pleno dia;Decrescente;Céu Claro;Dupla;Reta;Sim  ;"1125886   ";Automóvel;I/CHEV TRACKER T A LT;"2022      ";Condutor;Ileso;"36   ";Masculino;"1 ";"0    ";"0    ";"0    ";-16.0208803;-47.9803634;SPRF-DF;DEL01-DF;UOP01-DEL01-DF 
627672;"1406265   ";2024-09-13;sexta-feira;06:30:00;DF;"40   ";"5    ";BRASILIA;Não;Ausência de reação do condutor;3;Tombamento;Com Vítimas Feridas;Pleno dia;Decrescente;Céu Claro;Dupla;Reta;Sim  ;"1125887   ";Motocicleta;HONDA/CG 125 CARGO KS;"2010      ";Condutor;Lesões Leves;"33   ";Masculino;"0 ";"1    ";"0    ";"0    ";-16.0208803;-47.9803634;SPRF-DF;DEL01-DF;UOP01-DEL01-DF 
627672;"1406264   ";2024-09-13;sexta-feira;06:30:00;DF;"40   ";"5    ";BRASILIA;Não;Ausência de reação do condutor;3;Tombamento;Com Vítimas Feridas;Pleno dia;Decrescente;Céu Claro;Dupla;Reta;Sim  ;"1125886   ";Automóvel;I/CHEV TRACKER T A LT;"2022      ";Condutor;Ileso;"36   ";Masculino;"1 ";"0    ";"0    ";"0    ";-16.0208803;-47.9803634;SPRF-DF;DEL01-DF;UOP01-DEL01-DF 
627672;"1406265   ";2024-09-13;sexta-feira;06:30:00;DF;"40   ";"5    ";BRASILIA;Não;Ausência de reação do condutor;2;Queda de ocupante de veículo;Com Vítimas Feridas;Pleno dia;Decrescente;Céu Claro;Dupla;Reta;Sim  ;"1125887   ";Motocicleta;HONDA/CG 125 CARGO KS;"2010      ";Condutor;Lesões Leves;"33   ";Masculino;"0 ";"1    ";"0    ";"0    ";-16.0208803;-47.9803634;SPRF-DF;DEL01-DF;UOP01-DEL01-DF 
627672;"1406264   ";2024-09-13;sexta-feira;06:30:00;DF;"40   ";"5    ";BRASILIA;Não;Ausência de reação do condutor;2;Queda de ocupante de veículo;Com Vítimas Feridas;Pleno dia;Decrescente;Céu Claro;Dupla;Reta;Sim  ;"1125886   ";Automóvel;I/CHEV TRACKER T A LT;"2022      ";Condutor;Ileso;"36   ";Masculino;"1 ";"0    ";"0    ";"0    ";-16.0208803;-47.9803634;SPRF-DF;DEL01-DF;UOP01-DEL01-DF 
627672;"1406265   ";2024-09-13;sexta-feira;06:30:00;DF;"40   ";"5    ";BRASILIA;Não;Ausência de reação do condutor;1;Colisão traseira;Com Vítimas Feridas;Pleno dia;Decrescente;Céu Claro;Dupla;Reta;Sim  ;"1125887   ";Motocicleta;HONDA/CG 125 CARGO KS;"2010      ";Condutor;Lesões Leves;"33   ";Masculino;"0 ";"1    ";"0    ";"0    ";-16.0208803;-47.9803634;SPRF-DF;DEL01-DF;UOP01-DEL01-DF 
627672;"1406264   ";2024-09-13;sexta-feira;06:30:00;DF;"40   ";"5    ";BRASILIA;Não;Ausência de reação do condutor;1;Colisão traseira;Com Vítimas Feridas;Pleno dia;Decrescente;Céu Claro;Dupla;Reta;Sim  ;"1125886   ";Automóvel;I/CHEV TRACKER T A LT;"2022      ";Condutor;Ileso;"36   ";Masculino;"1 ";"0    ";"0    ";"0    ";-16.0208803;-47.9803634;SPRF-DF;DEL01-DF;UOP01-DEL01-DF 
627788;"1406580   ";2024-09-13;sexta-feira;16:30:00;GO;"40   ";"4,3  ";VALPARAISO DE GOIAS;Sim;Reação tardia ou ineficiente do condutor;2;Queda de ocupante de veículo;Com Vítimas Feridas;Pleno dia;Decrescente;Sol;Dupla;Reta;Sim  ;"1126152   ";Caminhonete;I/TOYOTA HILUX CD4X4 SRV;"2012      ";Condutor;Ileso;"57   ";Masculino;"1 ";"0    ";"0    ";"0    ";-16.0852410;-47.9867520;SPRF-DF;DEL01-DF;UOP01-DEL01-DF 
627788;"1406579   ";2024-09-13;sexta-feira;16:30:00;GO;"40   ";"4,3  ";VALPARAISO DE GOIAS;Sim;Reação tardia ou ineficiente do condutor;2;Queda de ocupante de veículo;Com Vítimas Feridas;Pleno dia;Decrescente;Sol;Dupla;Reta;Sim  ;"1126151   ";Motocicleta;HONDA/CB 250F TWISTER;"2016      ";Condutor;Lesões Leves;"67   ";Masculino;"0 ";"1    ";"0    ";"0    ";-16.0852410;-47.9867520;SPRF-DF;DEL01-DF;UOP01-DEL01-DF 
627788;"1406580   ";2024-09-13;sexta-feira;16:30:00;GO;"40   ";"4,3  ";VALPARAISO DE GOIAS;Sim;Reação tardia ou ineficiente do condutor;1;Colisão traseira;Com Vítimas Feridas;Pleno dia;Decrescente;Sol;Dupla;Reta;Sim  ;"1126152   ";Caminhonete;I/TOYOTA HILUX CD4X4 SRV;"2012      ";Condutor;Ileso;"57   ";Masculino;"1 ";"0    ";"0    ";"0    ";-16.0852410;-47.9867520;SPRF-DF;DEL01-DF;UOP01-DEL01-DF 
627788;"1406579   ";2024-09-13;sexta-feira;16:30:00;GO;"40   ";"4,3  ";VALPARAISO DE GOIAS;Sim;Reação tardia ou ineficiente do condutor;1;Colisão traseira;Com Vítimas Feridas;Pleno dia;Decrescente;Sol;Dupla;Reta;Sim  ;"1126151   ";Motocicleta;HONDA/CB 250F TWISTER;"2016      ";Condutor;Lesões Leves;"67   ";Masculino;"0 ";"1    ";"0    ";"0    ";-16.0852410;-47.9867520;SPRF-DF;DEL01-DF;UOP01-DEL01-DF 
627810;"1406520   ";2024-09-13;sexta-feira;18:15:00;DF;"20   ";"21,6 ";BRASILIA;Não;Velocidade Incompatível;2;Queda de ocupante de veículo;Com Vítimas Feridas;Anoitecer;Decrescente;Céu Claro;Dupla;"Interseção de Vias;Retorno Regulamentado";Sim  ;"1126084   ";Motocicleta;KAWASAKI/NINJA ZX-6R;"2022      ";Condutor;Lesões Leves;"30   ";Masculino;"0 ";"1    ";"0    ";"0    ";-15.6033840;-47.6846920;SPRF-DF;DEL02-DF;UOP01-DEL02-DF 
627810;"1406509   ";2024-09-13;sexta-feira;18:15:00;DF;"20   ";"21,6 ";BRASILIA;Não;Velocidade Incompatível;2;Queda de ocupante de veículo;Com Vítimas Feridas;Anoitecer;Decrescente;Céu Claro;Dupla;"Interseção de Vias;Retorno Regulamentado";Sim  ;"1126081   ";Caminhonete;GM/MONTANA CONQUEST;"2008      ";Condutor;Ileso;"68   ";Masculino;"1 ";"0    ";"0    ";"0    ";-15.6033840;-47.6846920;SPRF-DF;DEL02-DF;UOP01-DEL02-DF 