id;pesid;data_inversa;dia_semana;horario;uf;br;km;municipio;causa_principal;causa_acidente;ordem_tipo_acidente;tipo_acidente;classificacao_acidente;fase_dia;sentido_via;condicao_metereologica;tipo_pista;tracado_via;uso_solo;id_veiculo;tipo_veiculo;marca;ano_fabricacao_veiculo;tipo_envolvido;estado_fisico;idade;sexo;ilesos;feridos_leves;feridos_graves;mortos;latitude;longitude;regional;delegacia;uop
627810;"1406520   ";2024-09-13;sexta-feira;18:15:00;DF;"20   ";"21,6 ";BRASILIA;Não;Velocidade Incompatível;1;Colisão traseira;Com Vítimas Feridas;Anoitecer;Decrescente;Céu Claro;Dupla;"Interseção de Vias;Retorno Regulamentado";Sim  ;"1126084   ";Motocicleta;KAWASAKI/NINJA ZX-6R;"2022      ";Condutor;Lesões Leves;"30   ";Masculino;"0 ";"1    ";"0    ";"0    ";-15.6033840;-47.6846920;SPRF-DF;DEL02-DF;UOP01-DEL02-DF 
627810;"1406509   ";2024-09-13;sexta-feira;18:15:00;DF;"20   ";"21,6 ";BRASILIA;Não;Velocidade Incompatível;1;Colisão traseira;Com Vítimas Feridas;Anoitecer;Decrescente;Céu Claro;Dupla;"Interseção de Vias;Retorno Regulamentado";Sim  ;"1126081   ";Caminhonete;GM/MONTANA CONQUEST;"2008      ";Condutor;Ileso;"68   ";Masculino;"1 ";"0    ";"0    ";"0    ";-15.6033840;-47.6846920;SPRF-DF;DEL02-DF;UOP01-DEL02-DF 
627810;"1406520   ";2024-09-13;sexta-feira;18:15:00;DF;"20   ";"21,6 ";BRASILIA;Sim;Acessar a via sem observar a presença dos outros veículos;2;Queda de ocupante de veículo;Com Vítimas Feridas;Anoitecer;Decrescente;Céu Claro;Dupla;"Interseção de Vias;Retorno Regulamentado";Sim  ;"1126084   ";Motocicleta;KAWASAKI/NINJA ZX-6R;"2022      ";Condutor;Lesões Leves;"30   ";Masculino;"0 ";"1    ";"0    ";"0    ";-15.6033840;-47.6846920;SPRF-DF;DEL02-DF;UOP01-DEL02-DF 
627810;"1406509   ";2024-09-13;sexta-feira;18:15:00;DF;"20   ";"21,6 ";BRASILIA;Sim;Acessar a via sem observar a presença dos outros veículos;2;Queda de ocupante de veículo;Com Vítimas Feridas;Anoitecer;Decrescente;Céu Claro;Dupla;"Interseção de Vias;Retorno Regulamentado";Sim  ;"1126081   ";Caminhonete;GM/MONTANA CONQUEST;"2008      ";Condutor;Ileso;"68   ";Masculino;"1 ";"0    ";"0    ";"0    ";-15.6033840;-47.6846920;SPRF-DF;DEL02-DF;UOP01-DEL02-DF 
627810;"1406520   ";2024-09-13;sexta-feira;18:15:00;DF;"20   ";"21,6 ";BRASILIA;Sim;Acessar a via sem observar a presença dos outros veículos;1;Colisão traseira;Com Vítimas Feridas;Anoitecer;Decrescente;Céu Claro;Dupla;"Interseção de Vias;Retorno Regulamentado";Sim  ;"1126084   ";Motocicleta;KAWASAKI/NINJA ZX-6R;"2022      ";Condutor;Lesões Leves;"30   ";Masculino;"0 ";"1    ";"0    ";"0    ";-15.6033840;-47.6846920;SPRF-DF;DEL02-DF;UOP01-DEL02-DF 
627810;"1406509   ";2024-09-13;sexta-feira;18:15:00;DF;"20   ";"21,6 ";BRASILIA;Sim;Acessar a via sem observar a presença dos outros veículos;1;Colisão traseira;Com Vítimas Feridas;Anoitecer;Decrescente;Céu Claro;Dupla;"Interseção de Vias;Retorno Regulamentado";Sim  ;"1126081   ";Caminhonete;GM/MONTANA CONQUEST;"2008      ";Condutor;Ileso;"68   ";Masculino;"1 ";"0    ";"0    ";"0    ";-15.6033840;-47.6846920;SPRF-DF;DEL02-DF;UOP01-DEL02-DF 
627910;"1406700   ";2024-09-14;sábado;05:30:00;GO;"40   ";"9    ";LUZIANIA;Sim;Reação tardia ou ineficiente do condutor;1;Saída de leito carroçável;Com Vítimas Feridas;Amanhecer;Crescente;Céu Claro;Dupla;Reta;Sim  ;"1126255   ";Automóvel;RENAULT/SANDERO AUT1016V;"2008      ";Condutor;Lesões Leves;"28   ";Masculino;"0 ";"1    ";"0    ";"0    ";-16.1311580;-47.9577390;SPRF-DF;DEL01-DF;UOP01-DEL01-DF 
627910;"1406700   ";2024-09-14;sábado;05:30:00;GO;"40   ";"9    ";LUZIANIA;Sim;Reação tardia ou ineficiente do condutor;2;Capotamento;Com Vítimas Feridas;Amanhecer;Crescente;Céu Claro;Dupla;Reta;Sim  ;"1126255   ";Automóvel;RENAULT/SANDERO AUT1016V;"2008      ";Condutor;Lesões Leves;"28   ";Masculino;"0 ";"1    ";"0    ";"0    ";-16.1311580;-47.9577390;SPRF-DF;DEL01-DF;UOP01-DEL01-DF 
627962;"1407146   ";2024-09-14;sábado;10:10:00;GO;"60   ";"27,1 ";ALEXANIA;Sim;Avarias e/ou desgaste excessivo no pneu;1;Queda de ocupante de veículo;Com Vítimas Feridas;Pleno dia;Decrescente;Céu Claro;Dupla;"Reta;Aclive";Não  ;"1126595   ";Motocicleta;HONDA/CG 160 FAN;"2024      ";Condutor;Lesões Leves;"21   ";Masculino;"0 ";"1    ";"0    ";"0    ";-16.0963000;-48.5202000;SPRF-DF;DEL03-DF;UOP01-DEL03-DF 
627962;"1407147   ";2024-09-14;sábado;10:10:00;GO;"60   ";"27,1 ";ALEXANIA;Sim;Avarias e/ou desgaste excessivo no pneu;1;Queda de ocupante de veículo;Com Vítimas Feridas;Pleno dia;Decrescente;Céu Claro;Dupla;"Reta;Aclive";Não  ;"1126595   ";Motocicleta;HONDA/CG 160 FAN;"2024      ";Passageiro;Lesões Leves;"25   ";Feminino;"0 ";"1    ";"0    ";"0    ";-16.0963000;-48.5202000;SPRF-DF;DEL03-DF;UOP01-DEL03-DF 
627994;"1407152   ";2024-09-14;sábado;12:46:00;GO;"60   ";"0,1  ";SANTO ANTONIO DO DESCOBERTO;Sim;Demais falhas mecânicas ou elétricas;1;Incêndio;Sem Vítimas;Pleno dia;Decrescente;Céu Claro;Dupla;Reta;Sim  ;"1126604   ";Motocicleta;HONDA/CG 125 TITAN KS;"2000      ";Condutor;Não Informado;"0    ";Não Informado;"0 ";"0    ";"0    ";"0    ";-16.0531220;-48.2599770;SPRF-DF;DEL03-DF;UOP01-DEL03-DF 
628000;"1406968   ";2024-09-14;sábado;14:10:00;DF;"70   ";"9    ";BRASILIA;Sim;Ingestão de álcool pelo condutor;1;Colisão lateral mesmo sentido;Com Vítimas Feridas;Pleno dia;Decrescente;Céu Claro;Dupla;Reta;Sim  ;"1126452   ";Automóvel;HONDA/CIVIC LXS FLEX;"2009      ";Condutor;Ileso;"38   ";Masculino;"1 ";"0    ";"0    ";"0    ";-15.7846150;-48.1320230;SPRF-DF;DEL03-DF;UOP02-DEL03-DF 
628000;"1406967   ";2024-09-14;sábado;14:10:00;DF;"70   ";"9    ";BRASILIA;Sim;Ingestão de álcool pelo condutor;1;Colisão lateral mesmo sentido;Com Vítimas Feridas;Pleno dia;Decrescente;Céu Claro;Dupla;Reta;Sim  ;"1126451   ";Motocicleta;I/HONDA CBR 1000 RR;"2011      ";Condutor;Lesões Leves;"51   ";Masculino;"0 ";"1    ";"0    ";"0    ";-15.7846150;-48.1320230;SPRF-DF;DEL03-DF;UOP02-DEL03-DF 
628003;"1406901   ";2024-09-14;sábado;14:30:00;DF;"40   ";"6    ";BRASILIA;Não;Acumulo de óleo sobre o pavimento;1;Queda de ocupante de veículo;Com Vítimas Feridas;Pleno dia;Decrescente;Céu Claro;Dupla;Reta;Sim  ;"1126407   ";Motocicleta;HONDA/CB300F TWISTER ABS;"2024      ";Condutor;Lesões Leves;"42   ";Masculino;"0 ";"1    ";"0    ";"0    ";-16.0297410;-47.9788670;SPRF-DF;DEL01-DF;UOP01-DEL01-DF 
628003;"1406901   ";2024-09-14;sábado;14:30:00;DF;"40   ";"6    ";BRASILIA;Não;Acumulo de óleo sobre o pavimento;2;Tombamento;Com Vítimas Feridas;Pleno dia;Decrescente;Céu Claro;Dupla;Reta;Sim  ;"1126407   ";Motocicleta;HONDA/CB300F TWISTER ABS;"2024      ";Condutor;Lesões Leves;"42   ";Masculino;"0 ";"1    ";"0    ";"0    ";-16.0297410;-47.9788670;SPRF-DF;DEL01-DF;UOP01-DEL01-DF 
628003;"1406901   ";2024-09-14;sábado;14:30:00;DF;"40   ";"6    ";BRASILIA;Sim;Pista Escorregadia;1;Queda de ocupante de veículo;Com Vítimas Feridas;Pleno dia;Decrescente;Céu Claro;Dupla;Reta;Sim  ;"1126407   ";Motocicleta;HONDA/CB300F TWISTER ABS;"2024      ";Condutor;Lesões Leves;"42   ";Masculino;"0 ";"1    ";"0    ";"0    ";-16.0297410;-47.9788670;SPRF-DF;DEL01-DF;UOP01-DEL01-DF 
628003;"1406901   ";2024-09-14;sábado;14:30:00;DF;"40   ";"6    ";BRASILIA;Sim;Pista Escorregadia;2;Tombamento;Com Vítimas Feridas;Pleno dia;Decrescente;Céu Claro;Dupla;Reta;Sim  ;"1126407   ";Motocicleta;HONDA/CB300F TWISTER ABS;"2024      ";Condutor;Lesões Leves;"42   ";Masculino;"0 ";"1    ";"0    ";"0    ";-16.0297410;-47.9788670;SPRF-DF;DEL01-DF;UOP01-DEL01-DF 
628066;"1408646   ";2024-09-14;sábado;19:20:00;DF;"70   ";"11   ";BRASILIA;Sim;Pedestre andava na pista;1;Atropelamento de Pedestre;Com Vítimas Feridas;Pleno dia;Decrescente;Céu Claro;Dupla;Reta;Não  ;"1126501   ";Automóvel;Não Informado/Não Informado;"0         ";Condutor;Não Informado;"0    ";Não Informado;"0 ";"0    ";"0    ";"0    ";-15.7897620;-48.1487270;SPRF-DF;DEL03-DF;UOP02-DEL03-DF 
628066;"1407028   ";2024-09-14;sábado;19:20:00;DF;"70   ";"11   ";BRASILIA;Sim;Pedestre andava na pista;1;Atropelamento de Pedestre;Com Vítimas Feridas;Pleno dia;Decrescente;Céu Claro;Dupla;Reta;Não  ;"0         ";"0";NA/NA;"0         ";Pedestre;Lesões Leves;"43   ";Masculino;"0 ";"1    ";"0    ";"0    ";-15.7897620;-48.1487270;SPRF-DF;DEL03-DF;UOP02-DEL03-DF 
628113;"1407240   ";2024-09-14;sábado;20:15:00;GO;"80   ";"376  ";VILA PROPICIO;Não;Ausência de reação do condutor;1;Colisão lateral sentido oposto;Sem Vítimas;Plena Noite;Decrescente;Céu Claro;Simples;Reta;Não  ;"1126579   ";Caminhonete;I/TOYOTA HILUX CDSRVA4FD;"2022      ";Condutor;Ileso;"57   ";Masculino;"1 ";"0    ";"0    ";"0    ";-15.2088750;-48.6973120;SPRF-GO;DEL07-GO;UOP01-DEL07-GO 
628113;"1407132   ";2024-09-14;sábado;20:15:00;GO;"80   ";"376  ";VILA PROPICIO;Não;Ausência de reação do condutor;1;Colisão lateral sentido oposto;Sem Vítimas;Plena Noite;Decrescente;Céu Claro;Simples;Reta;Não  ;"1126565   ";Automóvel;VW/GOL 1.0;"2007      ";Condutor;Ileso;"64   ";Masculino;"1 ";"0    ";"0    ";"0    ";-15.2088750;-48.6973120;SPRF-GO;DEL07-GO;UOP01-DEL07-GO 
628113;"1407240   ";2024-09-14;sábado;20:15:00;GO;"80   ";"376  ";VILA PROPICIO;Sim;Ingestão de álcool pelo condutor;1;Colisão lateral sentido oposto;Sem Vítimas;Plena Noite;Decrescente;Céu Claro;Simples;Reta;Não  ;"1126579   ";Caminhonete;I/TOYOTA HILUX CDSRVA4FD;"2022      ";Condutor;Ileso;"57   ";Masculino;"1 ";"0    ";"0    ";"0    ";-15.2088750;-48.6973120;SPRF-GO;DEL07-GO;UOP01-DEL07-GO 
628113;"1407132   ";2024-09-14;sábado;20:15:00;GO;"80   ";"376  ";VILA PROPICIO;Sim;Ingestão de álcool pelo condutor;1;Colisão lateral sentido oposto;Sem Vítimas;Plena Noite;Decrescente;Céu Claro;Simples;Reta;Não  ;"1126565   ";Automóvel;VW/GOL 1.0;"2007      ";Condutor;Ileso;"64   ";Masculino;"1 ";"0    ";"0    ";"0    ";-15.2088750;-48.6973120;SPRF-GO;DEL07-GO;UOP01-DEL07-GO 
628140;"1407197   ";2024-09-15;domingo;00:20:00;GO;"50   ";"98   ";CRISTALINA;Sim;Ausência de reação do condutor;1;Tombamento;Com Vítimas Feridas;Plena Noite;Crescente;Céu Claro;Dupla;Reta;Sim  ;"1126639   ";Motocicleta;HONDA/CG 160 FAN;"2023      ";Condutor;Lesões Leves;"20   ";Masculino;"0 ";"1    ";"0    ";"0    ";-16.9309000;-47.7117000;SPRF-DF;DEL01-DF;UOP02-DEL01-DF 
628140;"1407197   ";2024-09-15;domingo;00:20:00;GO;"50   ";"98   ";CRISTALINA;Sim;Ausência de reação do condutor;2;Queda de ocupante de veículo;Com Vítimas Feridas;Plena Noite;Crescente;Céu Claro;Dupla;Reta;Sim  ;"1126639   ";Motocicleta;HONDA/CG 160 FAN;"2023      ";Condutor;Lesões Leves;"20   ";Masculino;"0 ";"1    ";"0    ";"0    ";-16.9309000;-47.7117000;SPRF-DF;DEL01-DF;UOP02-DEL01-DF 
628173;"1408935   ";2024-09-15;domingo;04:46:00;DF;"20   ";"51   ";BRASILIA;Sim;Demais falhas mecânicas ou elétricas;1;Incêndio;Sem Vítimas;Anoitecer;Crescente;Céu Claro;Dupla;Declive;Sim  ;"1128042   ";Caminhão-trator;VOLVO/FH 540 6X4T;"2019      ";Condutor;Ileso;"37   ";Masculino;"1 ";"0    ";"0    ";"0    ";-15.5807050;-47.4125900;SPRF-DF;DEL02-DF;UOP01-DEL02-DF 
628173;"0         ";2024-09-15;domingo;04:46:00;DF;"20   ";"51   ";BRASILIA;Sim;Demais falhas mecânicas ou elétricas;1;Incêndio;Sem Vítimas;Anoitecer;Crescente;Céu Claro;Dupla;Declive;Sim  ;"1128043   ";Semireboque;SR/RANDON TQ PP 03E;"2021      ";"0";"0";"0    ";"0";"0 ";"0    ";"0    ";"0    ";-15.5807050;-47.4125900;SPRF-DF;DEL02-DF;UOP01-DEL02-DF 
628182;"1407321   ";2024-09-15;domingo;05:15:00;GO;"60   ";"29,4 ";ALEXANIA;Sim;Objeto estático sobre o leito carroçável;2;Saída de leito carroçável;Com Vítimas Feridas;Amanhecer;Crescente;Céu Claro;Dupla;"Reta;Aclive";Não  ;"1126732   ";Utilitário;MMC/PAJERO DAKAR HPE D;"2014      ";Passageiro;Lesões Leves;"51   ";Feminino;"0 ";"1    ";"0    ";"0    ";-16.0979470;-48.4791080;SPRF-DF;DEL03-DF;UOP01-DEL03-DF 
628182;"1407320   ";2024-09-15;domingo;05:15:00;GO;"60   ";"29,4 ";ALEXANIA;Sim;Objeto estático sobre o leito carroçável;2;Saída de leito carroçável;Com Vítimas Feridas;Amanhecer;Crescente;Céu Claro;Dupla;"Reta;Aclive";Não  ;"1126732   ";Utilitário;MMC/PAJERO DAKAR HPE D;"2014      ";Condutor;Ileso;"54   ";Masculino;"1 ";"0    ";"0    ";"0    ";-16.0979470;-48.4791080;SPRF-DF;DEL03-DF;UOP01-DEL03-DF 
628182;"1407321   ";2024-09-15;domingo;05:15:00;GO;"60   ";"29,4 ";ALEXANIA;Sim;Objeto estático sobre o leito carroçável;1;Eventos atípicos;Com Vítimas Feridas;Amanhecer;Crescente;Céu Claro;Dupla;"Reta;Aclive";Não  ;"1126732   ";Utilitário;MMC/PAJERO DAKAR HPE D;"2014      ";Passageiro;Lesões Leves;"51   ";Feminino;"0 ";"1    ";"0    ";"0    ";-16.0979470;-48.4791080;SPRF-DF;DEL03-DF;UOP01-DEL03-DF 
628182;"1407320   ";2024-09-15;domingo;05:15:00;GO;"60   ";"29,4 ";ALEXANIA;Sim;Objeto estático sobre o leito carroçável;1;Eventos atípicos;Com Vítimas Feridas;Amanhecer;Crescente;Céu Claro;Dupla;"Reta;Aclive";Não  ;"1126732   ";Utilitário;MMC/PAJERO DAKAR HPE D;"2014      ";Condutor;Ileso;"54   ";Masculino;"1 ";"0    ";"0    ";"0    ";-16.0979470;-48.4791080;SPRF-DF;DEL03-DF;UOP01-DEL03-DF 
628188;"1407352   ";2024-09-15;domingo;06:25:00;DF;"20   ";"0    ";BRASILIA;Sim;Ausência de reação do condutor;1;Capotamento;Sem Vítimas;Pleno dia;Crescente;Sol;Dupla;Reta;Sim  ;"1126756   ";Automóvel;FORD/KA;"2007      ";Condutor;Não Informado;"0    ";Não Informado;"0 ";"0    ";"0    ";"0    ";-15.6881450;-47.8587970;SPRF-DF;DEL02-DF;UOP01-DEL02-DF 
628195;"1407311   ";2024-09-15;domingo;06:40:00;DF;"70   ";"5    ";BRASILIA;Sim;Ausência de reação do condutor;2;Capotamento;Com Vítimas Feridas;Pleno dia;Crescente;Céu Claro;Dupla;Reta;Sim  ;"1126725   ";Automóvel;GM/CELTA 4P LIFE;"2007      ";Passageiro;Lesões Leves;"33   ";Feminino;"0 ";"1    ";"0    ";"0    ";-15.7946560;-48.0967790;SPRF-DF;DEL03-DF;UOP02-DEL03-DF 
628195;"1407309   ";2024-09-15;domingo;06:40:00;DF;"70   ";"5    ";BRASILIA;Sim;Ausência de reação do condutor;2;Capotamento;Com Vítimas Feridas;Pleno dia;Crescente;Céu Claro;Dupla;Reta;Sim  ;"1126725   ";Automóvel;GM/CELTA 4P LIFE;"2007      ";Condutor;Ileso;"28   ";Masculino;"1 ";"0    ";"0    ";"0    ";-15.7946560;-48.0967790;SPRF-DF;DEL03-DF;UOP02-DEL03-DF 
628195;"1407311   ";2024-09-15;domingo;06:40:00;DF;"70   ";"5    ";BRASILIA;Sim;Ausência de reação do condutor;1;Saída de leito carroçável;Com Vítimas Feridas;Pleno dia;Crescente;Céu Claro;Dupla;Reta;Sim  ;"1126725   ";Automóvel;GM/CELTA 4P LIFE;"2007      ";Passageiro;Lesões Leves;"33   ";Feminino;"0 ";"1    ";"0    ";"0    ";-15.7946560;-48.0967790;SPRF-DF;DEL03-DF;UOP02-DEL03-DF 
628195;"1407309   ";2024-09-15;domingo;06:40:00;DF;"70   ";"5    ";BRASILIA;Sim;Ausência de reação do condutor;1;Saída de leito carroçável;Com Vítimas Feridas;Pleno dia;Crescente;Céu Claro;Dupla;Reta;Sim  ;"1126725   ";Automóvel;GM/CELTA 4P LIFE;"2007      ";Condutor;Ileso;"28   ";Masculino;"1 ";"0    ";"0    ";"0    ";-15.7946560;-48.0967790;SPRF-DF;DEL03-DF;UOP02-DEL03-DF 
628235;"1407466   ";2024-09-15;domingo;10:25:00;DF;"40   ";"4,6  ";BRASILIA;Sim;Reação tardia ou ineficiente do condutor;1;Colisão traseira;Com Vítimas Feridas;Pleno dia;Crescente;Céu Claro;Dupla;Reta;Não  ;"1126843   ";Motocicleta;HONDA/CG 160 FAN;"2022      ";Condutor;Lesões Graves;"27   ";Masculino;"0 ";"0    ";"1    ";"0    ";-16.0120330;-47.9821240;SPRF-DF;DEL01-DF;UOP01-DEL01-DF 
628235;"1407709   ";2024-09-15;domingo;10:25:00;DF;"40   ";"4,6  ";BRASILIA;Sim;Reação tardia ou ineficiente do condutor;1;Colisão traseira;Com Vítimas Feridas;Pleno dia;Crescente;Céu Claro;Dupla;Reta;Não  ;"1126842   ";Automóvel;VW/UP XTREME TSI MD;"2019      ";Passageiro;Ileso;"53   ";Feminino;"1 ";"0    ";"0    ";"0    ";-16.0120330;-47.9821240;SPRF-DF;DEL01-DF;UOP01-DEL01-DF 
628235;"1407465   ";2024-09-15;domingo;10:25:00;DF;"40   ";"4,6  ";BRASILIA;Sim;Reação tardia ou ineficiente do condutor;1;Colisão traseira;Com Vítimas Feridas;Pleno dia;Crescente;Céu Claro;Dupla;Reta;Não  ;"1126842   ";Automóvel;VW/UP XTREME TSI MD;"2019      ";Condutor;Ileso;"54   ";Masculino;"1 ";"0    ";"0    ";"0    ";-16.0120330;-47.9821240;SPRF-DF;DEL01-DF;UOP01-DEL01-DF 
628241;"1407396   ";2024-09-15;domingo;07:30:00;GO;"80   ";"3,8  ";PADRE BERNARDO;Sim;Velocidade Incompatível;1;Tombamento;Com Vítimas Feridas;Amanhecer;Crescente;Céu Claro;Simples;Reta;Não  ;"1126794   ";Caminhão-trator;VOLVO/FH 540 6X4T;"2014      ";Condutor;Lesões Leves;"35   ";Masculino;"0 ";"1    ";"0    ";"0    ";-15.5004700;-48.2202390;SPRF-DF;DEL03-DF;UOP02-DEL03-DF 
628241;"0         ";2024-09-15;domingo;07:30:00;GO;"80   ";"3,8  ";PADRE BERNARDO;Sim;Velocidade Incompatível;1;Tombamento;Com Vítimas Feridas;Amanhecer;Crescente;Céu Claro;Simples;Reta;Não  ;"1126797   ";Semireboque;SR/LIBRELATO SRCA 2E;"2020      ";"0";"0";"0    ";"0";"0 ";"0    ";"0    ";"0    ";-15.5004700;-48.2202390;SPRF-DF;DEL03-DF;UOP02-DEL03-DF 
628241;"0         ";2024-09-15;domingo;07:30:00;GO;"80   ";"3,8  ";PADRE BERNARDO;Sim;Velocidade Incompatível;1;Tombamento;Com Vítimas Feridas;Amanhecer;Crescente;Céu Claro;Simples;Reta;Não  ;"1126796   ";Semireboque;SR/LIBRELATO SRDL 2E;"2020      ";"0";"0";"0    ";"0";"0 ";"0    ";"0    ";"0    ";-15.5004700;-48.2202390;SPRF-DF;DEL03-DF;UOP02-DEL03-DF 
628241;"0         ";2024-09-15;domingo;07:30:00;GO;"80   ";"3,8  ";PADRE BERNARDO;Sim;Velocidade Incompatível;1;Tombamento;Com Vítimas Feridas;Amanhecer;Crescente;Céu Claro;Simples;Reta;Não  ;"1126795   ";Semireboque;SR/LIBRELATO SRCA 2E;"2020      ";"0";"0";"0    ";"0";"0 ";"0    ";"0    ";"0    ";-15.5004700;-48.2202390;SPRF-DF;DEL03-DF;UOP02-DEL03-DF 
628248;"1407477   ";2024-09-15;domingo;12:15:00;DF;"40   ";"1,6  ";BRASILIA;Sim;Trafegar com motocicleta (ou similar) entre as faixas;3;Queda de ocupante de veículo;Com Vítimas Feridas;Pleno dia;Crescente;Sol;Dupla;Reta;Sim  ;"1126852   ";Motocicleta;YAMAHA/XTZ150 CROSSER Z;"2021      ";Condutor;Lesões Leves;"22   ";Masculino;"0 ";"1    ";"0    ";"0    ";-15.9855320;-47.9877470;SPRF-DF;DEL01-DF;UOP01-DEL01-DF 
628248;"1407474   ";2024-09-15;domingo;12:15:00;DF;"40   ";"1,6  ";BRASILIA;Sim;Trafegar com motocicleta (ou similar) entre as faixas;3;Queda de ocupante de veículo;Com Vítimas Feridas;Pleno dia;Crescente;Sol;Dupla;Reta;Sim  ;"1126851   ";Automóvel;GM/MERIVA JOY;"2011      ";Condutor;Ileso;"39   ";Feminino;"1 ";"0    ";"0    ";"0    ";-15.9855320;-47.9877470;SPRF-DF;DEL01-DF;UOP01-DEL01-DF 
628248;"1410244   ";2024-09-15;domingo;12:15:00;DF;"40   ";"1,6  ";BRASILIA;Sim;Trafegar com motocicleta (ou similar) entre as faixas;3;Queda de ocupante de veículo;Com Vítimas Feridas;Pleno dia;Crescente;Sol;Dupla;Reta;Sim  ;"0         ";"0";NA/NA;"0         ";Testemunha;Não Informado;"0    ";Não Informado;"0 ";"0    ";"0    ";"0    ";-15.9855320;-47.9877470;SPRF-DF;DEL01-DF;UOP01-DEL01-DF 
628248;"1407477   ";2024-09-15;domingo;12:15:00;DF;"40   ";"1,6  ";BRASILIA;Sim;Trafegar com motocicleta (ou similar) entre as faixas;2;Tombamento;Com Vítimas Feridas;Pleno dia;Crescente;Sol;Dupla;Reta;Sim  ;"1126852   ";Motocicleta;YAMAHA/XTZ150 CROSSER Z;"2021      ";Condutor;Lesões Leves;"22   ";Masculino;"0 ";"1    ";"0    ";"0    ";-15.9855320;-47.9877470;SPRF-DF;DEL01-DF;UOP01-DEL01-DF 
628248;"1407474   ";2024-09-15;domingo;12:15:00;DF;"40   ";"1,6  ";BRASILIA;Sim;Trafegar com motocicleta (ou similar) entre as faixas;2;Tombamento;Com Vítimas Feridas;Pleno dia;Crescente;Sol;Dupla;Reta;Sim  ;"1126851   ";Automóvel;GM/MERIVA JOY;"2011      ";Condutor;Ileso;"39   ";Feminino;"1 ";"0    ";"0    ";"0    ";-15.9855320;-47.9877470;SPRF-DF;DEL01-DF;UOP01-DEL01-DF 
628248;"1410244   ";2024-09-15;domingo;12:15:00;DF;"40   ";"1,6  ";BRASILIA;Sim;Trafegar com motocicleta (ou similar) entre as faixas;2;Tombamento;Com Vítimas Feridas;Pleno dia;Crescente;Sol;Dupla;Reta;Sim  ;"0         ";"0";NA/NA;"0         ";Testemunha;Não Informado;"0    ";Não Informado;"0 ";"0    ";"0    ";"0    ";-15.9855320;-47.9877470;SPRF-DF;DEL01-DF;UOP01-DEL01-DF 
628248;"1407477   ";2024-09-15;domingo;12:15:00;DF;"40   ";"1,6  ";BRASILIA;Sim;Trafegar com motocicleta (ou similar) entre as faixas;1;Colisão traseira;Com Vítimas Feridas;Pleno dia;Crescente;Sol;Dupla;Reta;Sim  ;"1126852   ";Motocicleta;YAMAHA/XTZ150 CROSSER Z;"2021      ";Condutor;Lesões Leves;"22   ";Masculino;"0 ";"1    ";"0    ";"0    ";-15.9855320;-47.9877470;SPRF-DF;DEL01-DF;UOP01-DEL01-DF 
628248;"1407474   ";2024-09-15;domingo;12:15:00;DF;"40   ";"1,6  ";BRASILIA;Sim;Trafegar com motocicleta (ou similar) entre as faixas;1;Colisão traseira;Com Vítimas Feridas;Pleno dia;Crescente;Sol;Dupla;Reta;Sim  ;"1126851   ";Automóvel;GM/MERIVA JOY;"2011      ";Condutor;Ileso;"39   ";Feminino;"1 ";"0    ";"0    ";"0    ";-15.9855320;-47.9877470;SPRF-DF;DEL01-DF;UOP01-DEL01-DF 
628248;"1410244   ";2024-09-15;domingo;12:15:00;DF;"40   ";"1,6  ";BRASILIA;Sim;Trafegar com motocicleta (ou similar) entre as faixas;1;Colisão traseira;Com Vítimas Feridas;Pleno dia;Crescente;Sol;Dupla;Reta;Sim  ;"0         ";"0";NA/NA;"0         ";Testemunha;Não Informado;"0    ";Não Informado;"0 ";"0    ";"0    ";"0    ";-15.9855320;-47.9877470;SPRF-DF;DEL01-DF;UOP01-DEL01-DF 
628293;"1407885   ";2024-08-30;sexta-feira;13:55:00;GO;"50   ";"111  ";CRISTALINA;Sim;Manobra de mudança de faixa;1;Colisão lateral mesmo sentido;Com Vítimas Feridas;Pleno dia;Decrescente;Céu Claro;Dupla;Reta;Não  ;"1126884   ";Caminhão-trator;Não Informado/Não Informado;"0         ";Condutor;Não Informado;"0    ";Não Informado;"0 ";"0    ";"0    ";"0    ";-16.8680785;-47.6775742;SPRF-DF;DEL01-DF;UOP02-DEL01-DF 
628293;"1407516   ";2024-08-30;sexta-feira;13:55:00;GO;"50   ";"111  ";CRISTALINA;Sim;Manobra de mudança de faixa;1;Colisão lateral mesmo sentido;Com Vítimas Feridas;Pleno dia;Decrescente;Céu Claro;Dupla;Reta;Não  ;"1126887   ";Motocicleta;HONDA/CB 1000R;"2016      ";Condutor;Lesões Graves;"28   ";Masculino;"0 ";"0    ";"1    ";"0    ";-16.8680785;-47.6775742;SPRF-DF;DEL01-DF;UOP02-DEL01-DF 
628310;"1407922   ";2024-09-15;domingo;17:45:00;DF;"70   ";"19   ";BRASILIA;Sim;Ausência de reação do condutor;2;Capotamento;Com Vítimas Feridas;Pleno dia;Crescente;Céu Claro;Dupla;"Reta;Declive";Não  ;"1127197   ";Automóvel;RENAULT/SANDERO EXP1016V;"2010      ";Condutor;Lesões Leves;"26   ";Masculino;"0 ";"1    ";"0    ";"0    ";-15.7888680;-48.2202420;SPRF-DF;DEL03-DF;UOP02-DEL03-DF 
628310;"1407922   ";2024-09-15;domingo;17:45:00;DF;"70   ";"19   ";BRASILIA;Sim;Ausência de reação do condutor;1;Colisão com objeto;Com Vítimas Feridas;Pleno dia;Crescente;Céu Claro;Dupla;"Reta;Declive";Não  ;"1127197   ";Automóvel;RENAULT/SANDERO EXP1016V;"2010      ";Condutor;Lesões Leves;"26   ";Masculino;"0 ";"1    ";"0    ";"0    ";-15.7888680;-48.2202420;SPRF-DF;DEL03-DF;UOP02-DEL03-DF 