id;pesid;data_inversa;dia_semana;horario;uf;br;km;municipio;causa_principal;causa_acidente;ordem_tipo_acidente;tipo_acidente;classificacao_acidente;fase_dia;sentido_via;condicao_metereologica;tipo_pista;tracado_via;uso_solo;id_veiculo;tipo_veiculo;marca;ano_fabricacao_veiculo;tipo_envolvido;estado_fisico;idade;sexo;ilesos;feridos_leves;feridos_graves;mortos;latitude;longitude;regional;delegacia;uop
628403;"1407865   ";2024-09-15;domingo;23:30:00;GO;"40   ";"9    ";LUZIANIA;Sim;Animais na Pista;1;Atropelamento de Animal;Com Vítimas Feridas;Plena Noite;Crescente;Céu Claro;Dupla;Reta;Sim  ;"1127144   ";Automóvel;GM/CLASSIC SPIRIT;"2009      ";Passageiro;Lesões Leves;"25   ";Masculino;"0 ";"1    ";"0    ";"0    ";-16.1311580;-47.9577390;SPRF-DF;DEL01-DF;UOP01-DEL01-DF 
628403;"1407867   ";2024-09-15;domingo;23:30:00;GO;"40   ";"9    ";LUZIANIA;Sim;Animais na Pista;1;Atropelamento de Animal;Com Vítimas Feridas;Plena Noite;Crescente;Céu Claro;Dupla;Reta;Sim  ;"1127144   ";Automóvel;GM/CLASSIC SPIRIT;"2009      ";Passageiro;Lesões Leves;"24   ";Feminino;"0 ";"1    ";"0    ";"0    ";-16.1311580;-47.9577390;SPRF-DF;DEL01-DF;UOP01-DEL01-DF 
628403;"1407864   ";2024-09-15;domingo;23:30:00;GO;"40   ";"9    ";LUZIANIA;Sim;Animais na Pista;1;Atropelamento de Animal;Com Vítimas Feridas;Plena Noite;Crescente;Céu Claro;Dupla;Reta;Sim  ;"1127144   ";Automóvel;GM/CLASSIC SPIRIT;"2009      ";Condutor;Lesões Leves;"30   ";Masculino;"0 ";"1    ";"0    ";"0    ";-16.1311580;-47.9577390;SPRF-DF;DEL01-DF;UOP01-DEL01-DF 
628413;"1407880   ";2024-09-16;segunda-feira;00:10:00;DF;"20   ";"20   ";BRASILIA;Não;Reação tardia ou ineficiente do condutor;2;Capotamento;Sem Vítimas;Plena Noite;Crescente;Céu Claro;Dupla;"Reta;Aclive";Sim  ;"1127156   ";Automóvel;GM/CELTA 5 PORTAS SUPER;"2002      ";Condutor;Ileso;"35   ";Masculino;"1 ";"0    ";"0    ";"0    ";-15.6079050;-47.6927910;SPRF-DF;DEL02-DF;UOP01-DEL02-DF 
628413;"1407880   ";2024-09-16;segunda-feira;00:10:00;DF;"20   ";"20   ";BRASILIA;Não;Reação tardia ou ineficiente do condutor;1;Saída de leito carroçável;Sem Vítimas;Plena Noite;Crescente;Céu Claro;Dupla;"Reta;Aclive";Sim  ;"1127156   ";Automóvel;GM/CELTA 5 PORTAS SUPER;"2002      ";Condutor;Ileso;"35   ";Masculino;"1 ";"0    ";"0    ";"0    ";-15.6079050;-47.6927910;SPRF-DF;DEL02-DF;UOP01-DEL02-DF 
628413;"1407880   ";2024-09-16;segunda-feira;00:10:00;DF;"20   ";"20   ";BRASILIA;Sim;Ingestão de álcool pelo condutor;2;Capotamento;Sem Vítimas;Plena Noite;Crescente;Céu Claro;Dupla;"Reta;Aclive";Sim  ;"1127156   ";Automóvel;GM/CELTA 5 PORTAS SUPER;"2002      ";Condutor;Ileso;"35   ";Masculino;"1 ";"0    ";"0    ";"0    ";-15.6079050;-47.6927910;SPRF-DF;DEL02-DF;UOP01-DEL02-DF 
628413;"1407880   ";2024-09-16;segunda-feira;00:10:00;DF;"20   ";"20   ";BRASILIA;Sim;Ingestão de álcool pelo condutor;1;Saída de leito carroçável;Sem Vítimas;Plena Noite;Crescente;Céu Claro;Dupla;"Reta;Aclive";Sim  ;"1127156   ";Automóvel;GM/CELTA 5 PORTAS SUPER;"2002      ";Condutor;Ileso;"35   ";Masculino;"1 ";"0    ";"0    ";"0    ";-15.6079050;-47.6927910;SPRF-DF;DEL02-DF;UOP01-DEL02-DF 
628426;"1409490   ";2024-09-16;segunda-feira;02:15:00;DF;"60   ";"3,2  ";BRASILIA;Sim;Reação tardia ou ineficiente do condutor;2;Capotamento;Com Vítimas Feridas;Plena Noite;Decrescente;Céu Claro;Dupla;Reta;Não  ;"1127160   ";Micro-ônibus;I/M.BENZ313CDI SPRINTERM;"2007      ";Passageiro;Ileso;"18   ";Feminino;"1 ";"0    ";"0    ";"0    ";-15.8906170;-48.0870470;SPRF-DF;DEL03-DF;UOP01-DEL03-DF 
628426;"1409487   ";2024-09-16;segunda-feira;02:15:00;DF;"60   ";"3,2  ";BRASILIA;Sim;Reação tardia ou ineficiente do condutor;2;Capotamento;Com Vítimas Feridas;Plena Noite;Decrescente;Céu Claro;Dupla;Reta;Não  ;"1127160   ";Micro-ônibus;I/M.BENZ313CDI SPRINTERM;"2007      ";Passageiro;Lesões Leves;"18   ";Feminino;"0 ";"1    ";"0    ";"0    ";-15.8906170;-48.0870470;SPRF-DF;DEL03-DF;UOP01-DEL03-DF 
628426;"1409479   ";2024-09-16;segunda-feira;02:15:00;DF;"60   ";"3,2  ";BRASILIA;Sim;Reação tardia ou ineficiente do condutor;2;Capotamento;Com Vítimas Feridas;Plena Noite;Decrescente;Céu Claro;Dupla;Reta;Não  ;"1127160   ";Micro-ônibus;I/M.BENZ313CDI SPRINTERM;"2007      ";Passageiro;Lesões Leves;"40   ";Feminino;"0 ";"1    ";"0    ";"0    ";-15.8906170;-48.0870470;SPRF-DF;DEL03-DF;UOP01-DEL03-DF 
628426;"1407886   ";2024-09-16;segunda-feira;02:15:00;DF;"60   ";"3,2  ";BRASILIA;Sim;Reação tardia ou ineficiente do condutor;2;Capotamento;Com Vítimas Feridas;Plena Noite;Decrescente;Céu Claro;Dupla;Reta;Não  ;"1127160   ";Micro-ônibus;I/M.BENZ313CDI SPRINTERM;"2007      ";Condutor;Lesões Leves;"49   ";Masculino;"0 ";"1    ";"0    ";"0    ";-15.8906170;-48.0870470;SPRF-DF;DEL03-DF;UOP01-DEL03-DF 
628426;"1409490   ";2024-09-16;segunda-feira;02:15:00;DF;"60   ";"3,2  ";BRASILIA;Sim;Reação tardia ou ineficiente do condutor;1;Saída de leito carroçável;Com Vítimas Feridas;Plena Noite;Decrescente;Céu Claro;Dupla;Reta;Não  ;"1127160   ";Micro-ônibus;I/M.BENZ313CDI SPRINTERM;"2007      ";Passageiro;Ileso;"18   ";Feminino;"1 ";"0    ";"0    ";"0    ";-15.8906170;-48.0870470;SPRF-DF;DEL03-DF;UOP01-DEL03-DF 
628426;"1409487   ";2024-09-16;segunda-feira;02:15:00;DF;"60   ";"3,2  ";BRASILIA;Sim;Reação tardia ou ineficiente do condutor;1;Saída de leito carroçável;Com Vítimas Feridas;Plena Noite;Decrescente;Céu Claro;Dupla;Reta;Não  ;"1127160   ";Micro-ônibus;I/M.BENZ313CDI SPRINTERM;"2007      ";Passageiro;Lesões Leves;"18   ";Feminino;"0 ";"1    ";"0    ";"0    ";-15.8906170;-48.0870470;SPRF-DF;DEL03-DF;UOP01-DEL03-DF 
628426;"1409479   ";2024-09-16;segunda-feira;02:15:00;DF;"60   ";"3,2  ";BRASILIA;Sim;Reação tardia ou ineficiente do condutor;1;Saída de leito carroçável;Com Vítimas Feridas;Plena Noite;Decrescente;Céu Claro;Dupla;Reta;Não  ;"1127160   ";Micro-ônibus;I/M.BENZ313CDI SPRINTERM;"2007      ";Passageiro;Lesões Leves;"40   ";Feminino;"0 ";"1    ";"0    ";"0    ";-15.8906170;-48.0870470;SPRF-DF;DEL03-DF;UOP01-DEL03-DF 
628426;"1407886   ";2024-09-16;segunda-feira;02:15:00;DF;"60   ";"3,2  ";BRASILIA;Sim;Reação tardia ou ineficiente do condutor;1;Saída de leito carroçável;Com Vítimas Feridas;Plena Noite;Decrescente;Céu Claro;Dupla;Reta;Não  ;"1127160   ";Micro-ônibus;I/M.BENZ313CDI SPRINTERM;"2007      ";Condutor;Lesões Leves;"49   ";Masculino;"0 ";"1    ";"0    ";"0    ";-15.8906170;-48.0870470;SPRF-DF;DEL03-DF;UOP01-DEL03-DF 
628477;"1409843   ";2024-09-16;segunda-feira;07:40:00;DF;"70   ";"8    ";BRASILIA;Não;Trafegar com motocicleta (ou similar) entre as faixas;1;Colisão transversal;Com Vítimas Feridas;Pleno dia;Decrescente;Céu Claro;Simples;Reta;Sim  ;"1127296   ";Motocicleta;HONDA/CG 125 FAN ES;"2010      ";Condutor;Lesões Leves;"0    ";Masculino;"0 ";"1    ";"0    ";"0    ";-15.7849660;-48.1221080;SPRF-DF;DEL03-DF;UOP02-DEL03-DF 
628477;"1408033   ";2024-09-16;segunda-feira;07:40:00;DF;"70   ";"8    ";BRASILIA;Não;Trafegar com motocicleta (ou similar) entre as faixas;1;Colisão transversal;Com Vítimas Feridas;Pleno dia;Decrescente;Céu Claro;Simples;Reta;Sim  ;"1127297   ";Bicicleta;Não Informado/Não Informado;"0         ";Condutor;Lesões Graves;"81   ";Masculino;"0 ";"0    ";"1    ";"0    ";-15.7849660;-48.1221080;SPRF-DF;DEL03-DF;UOP02-DEL03-DF 
628477;"1409846   ";2024-09-16;segunda-feira;07:40:00;DF;"70   ";"8    ";BRASILIA;Não;Trafegar com motocicleta (ou similar) entre as faixas;1;Colisão transversal;Com Vítimas Feridas;Pleno dia;Decrescente;Céu Claro;Simples;Reta;Sim  ;"1128700   ";Automóvel;VW/GOL 1.0;"2010      ";Condutor;Ileso;"37   ";Masculino;"1 ";"0    ";"0    ";"0    ";-15.7849660;-48.1221080;SPRF-DF;DEL03-DF;UOP02-DEL03-DF 
628477;"1409843   ";2024-09-16;segunda-feira;07:40:00;DF;"70   ";"8    ";BRASILIA;Sim;Pedestre cruzava a pista fora da faixa;1;Colisão transversal;Com Vítimas Feridas;Pleno dia;Decrescente;Céu Claro;Simples;Reta;Sim  ;"1127296   ";Motocicleta;HONDA/CG 125 FAN ES;"2010      ";Condutor;Lesões Leves;"0    ";Masculino;"0 ";"1    ";"0    ";"0    ";-15.7849660;-48.1221080;SPRF-DF;DEL03-DF;UOP02-DEL03-DF 
628477;"1408033   ";2024-09-16;segunda-feira;07:40:00;DF;"70   ";"8    ";BRASILIA;Sim;Pedestre cruzava a pista fora da faixa;1;Colisão transversal;Com Vítimas Feridas;Pleno dia;Decrescente;Céu Claro;Simples;Reta;Sim  ;"1127297   ";Bicicleta;Não Informado/Não Informado;"0         ";Condutor;Lesões Graves;"81   ";Masculino;"0 ";"0    ";"1    ";"0    ";-15.7849660;-48.1221080;SPRF-DF;DEL03-DF;UOP02-DEL03-DF 
628477;"1409846   ";2024-09-16;segunda-feira;07:40:00;DF;"70   ";"8    ";BRASILIA;Sim;Pedestre cruzava a pista fora da faixa;1;Colisão transversal;Com Vítimas Feridas;Pleno dia;Decrescente;Céu Claro;Simples;Reta;Sim  ;"1128700   ";Automóvel;VW/GOL 1.0;"2010      ";Condutor;Ileso;"37   ";Masculino;"1 ";"0    ";"0    ";"0    ";-15.7849660;-48.1221080;SPRF-DF;DEL03-DF;UOP02-DEL03-DF 
628599;"1410086   ";2024-09-16;segunda-feira;17:30:00;DF;"70   ";"10   ";BRASILIA;Sim;Entrada inopinada do pedestre;1;Atropelamento de Pedestre;Com Vítimas Feridas;Anoitecer;Crescente;Céu Claro;Dupla;Reta;Sim  ;"1128897   ";Automóvel;VW/GOL 1.0;"2006      ";Condutor;Ileso;"57   ";Masculino;"1 ";"0    ";"0    ";"0    ";-15.7870660;-48.1407090;SPRF-DF;DEL03-DF;UOP02-DEL03-DF 
628599;"1410087   ";2024-09-16;segunda-feira;17:30:00;DF;"70   ";"10   ";BRASILIA;Sim;Entrada inopinada do pedestre;1;Atropelamento de Pedestre;Com Vítimas Feridas;Anoitecer;Crescente;Céu Claro;Dupla;Reta;Sim  ;"0         ";"0";NA/NA;"0         ";Pedestre;Lesões Leves;"39   ";Masculino;"0 ";"1    ";"0    ";"0    ";-15.7870660;-48.1407090;SPRF-DF;DEL03-DF;UOP02-DEL03-DF 
628610;"1408321   ";2024-09-16;segunda-feira;19:46:00;DF;"40   ";"3    ";BRASILIA;Não;Área urbana sem a presença de local apropriado para a travessia de pedestres;1;Atropelamento de Pedestre;Com Vítimas Feridas;Plena Noite;Crescente;Céu Claro;Dupla;Reta;Sim  ;"1127531   ";Automóvel;FORD/KA GL;"1999      ";Condutor;Ileso;"35   ";Feminino;"1 ";"0    ";"0    ";"0    ";-16.0120330;-47.9821240;SPRF-DF;DEL01-DF;UOP01-DEL01-DF 
628610;"1408323   ";2024-09-16;segunda-feira;19:46:00;DF;"40   ";"3    ";BRASILIA;Não;Área urbana sem a presença de local apropriado para a travessia de pedestres;1;Atropelamento de Pedestre;Com Vítimas Feridas;Plena Noite;Crescente;Céu Claro;Dupla;Reta;Sim  ;"0         ";"0";NA/NA;"0         ";Pedestre;Lesões Graves;"19   ";Masculino;"0 ";"0    ";"1    ";"0    ";-16.0120330;-47.9821240;SPRF-DF;DEL01-DF;UOP01-DEL01-DF 
628610;"1408321   ";2024-09-16;segunda-feira;19:46:00;DF;"40   ";"3    ";BRASILIA;Não;Pedestre cruzava a pista fora da faixa;1;Atropelamento de Pedestre;Com Vítimas Feridas;Plena Noite;Crescente;Céu Claro;Dupla;Reta;Sim  ;"1127531   ";Automóvel;FORD/KA GL;"1999      ";Condutor;Ileso;"35   ";Feminino;"1 ";"0    ";"0    ";"0    ";-16.0120330;-47.9821240;SPRF-DF;DEL01-DF;UOP01-DEL01-DF 
628610;"1408323   ";2024-09-16;segunda-feira;19:46:00;DF;"40   ";"3    ";BRASILIA;Não;Pedestre cruzava a pista fora da faixa;1;Atropelamento de Pedestre;Com Vítimas Feridas;Plena Noite;Crescente;Céu Claro;Dupla;Reta;Sim  ;"0         ";"0";NA/NA;"0         ";Pedestre;Lesões Graves;"19   ";Masculino;"0 ";"0    ";"1    ";"0    ";-16.0120330;-47.9821240;SPRF-DF;DEL01-DF;UOP01-DEL01-DF 
628610;"1408321   ";2024-09-16;segunda-feira;19:46:00;DF;"40   ";"3    ";BRASILIA;Não;Velocidade Incompatível;1;Atropelamento de Pedestre;Com Vítimas Feridas;Plena Noite;Crescente;Céu Claro;Dupla;Reta;Sim  ;"1127531   ";Automóvel;FORD/KA GL;"1999      ";Condutor;Ileso;"35   ";Feminino;"1 ";"0    ";"0    ";"0    ";-16.0120330;-47.9821240;SPRF-DF;DEL01-DF;UOP01-DEL01-DF 
628610;"1408323   ";2024-09-16;segunda-feira;19:46:00;DF;"40   ";"3    ";BRASILIA;Não;Velocidade Incompatível;1;Atropelamento de Pedestre;Com Vítimas Feridas;Plena Noite;Crescente;Céu Claro;Dupla;Reta;Sim  ;"0         ";"0";NA/NA;"0         ";Pedestre;Lesões Graves;"19   ";Masculino;"0 ";"0    ";"1    ";"0    ";-16.0120330;-47.9821240;SPRF-DF;DEL01-DF;UOP01-DEL01-DF 
628610;"1408321   ";2024-09-16;segunda-feira;19:46:00;DF;"40   ";"3    ";BRASILIA;Sim;Transitar no Acostamento;1;Atropelamento de Pedestre;Com Vítimas Feridas;Plena Noite;Crescente;Céu Claro;Dupla;Reta;Sim  ;"1127531   ";Automóvel;FORD/KA GL;"1999      ";Condutor;Ileso;"35   ";Feminino;"1 ";"0    ";"0    ";"0    ";-16.0120330;-47.9821240;SPRF-DF;DEL01-DF;UOP01-DEL01-DF 
628610;"1408323   ";2024-09-16;segunda-feira;19:46:00;DF;"40   ";"3    ";BRASILIA;Sim;Transitar no Acostamento;1;Atropelamento de Pedestre;Com Vítimas Feridas;Plena Noite;Crescente;Céu Claro;Dupla;Reta;Sim  ;"0         ";"0";NA/NA;"0         ";Pedestre;Lesões Graves;"19   ";Masculino;"0 ";"0    ";"1    ";"0    ";-16.0120330;-47.9821240;SPRF-DF;DEL01-DF;UOP01-DEL01-DF 
628620;"1408392   ";2024-09-16;segunda-feira;20:25:00;GO;"60   ";"12,4 ";ALEXANIA;Sim;Reação tardia ou ineficiente do condutor;1;Colisão traseira;Com Vítimas Feridas;Plena Noite;Decrescente;Céu Claro;Dupla;Reta;Sim  ;"1127592   ";Automóvel;VW/GOL 1.0L MC4;"2020      ";Condutor;Lesões Leves;"74   ";Masculino;"0 ";"1    ";"0    ";"0    ";-16.0941680;-48.5172120;SPRF-DF;DEL03-DF;UOP01-DEL03-DF 
628620;"1408391   ";2024-09-16;segunda-feira;20:25:00;GO;"60   ";"12,4 ";ALEXANIA;Sim;Reação tardia ou ineficiente do condutor;1;Colisão traseira;Com Vítimas Feridas;Plena Noite;Decrescente;Céu Claro;Dupla;Reta;Sim  ;"1127591   ";Caminhão;M.BENZ/L 1620;"1998      ";Condutor;Ileso;"62   ";Masculino;"1 ";"0    ";"0    ";"0    ";-16.0941680;-48.5172120;SPRF-DF;DEL03-DF;UOP01-DEL03-DF 
628654;"1408572   ";2024-09-17;terça-feira;07:20:00;DF;"60   ";"9,4  ";BRASILIA;Sim;Acessar a via sem observar a presença dos outros veículos;3;Queda de ocupante de veículo;Com Vítimas Feridas;Pleno dia;Crescente;Céu Claro;Dupla;"Reta;Viaduto;Declive";Sim  ;"1127729   ";Motocicleta;HONDA/CG 160 TITAN;"2022      ";Condutor;Lesões Leves;"35   ";Masculino;"0 ";"1    ";"0    ";"0    ";-15.9062930;-48.1399650;SPRF-DF;DEL03-DF;UOP01-DEL03-DF 
628654;"1408571   ";2024-09-17;terça-feira;07:20:00;DF;"60   ";"9,4  ";BRASILIA;Sim;Acessar a via sem observar a presença dos outros veículos;3;Queda de ocupante de veículo;Com Vítimas Feridas;Pleno dia;Crescente;Céu Claro;Dupla;"Reta;Viaduto;Declive";Sim  ;"1127728   ";Automóvel;FIAT/MOBI TREKKING 1.0MT;"2023      ";Condutor;Ileso;"27   ";Masculino;"1 ";"0    ";"0    ";"0    ";-15.9062930;-48.1399650;SPRF-DF;DEL03-DF;UOP01-DEL03-DF 
628654;"1408572   ";2024-09-17;terça-feira;07:20:00;DF;"60   ";"9,4  ";BRASILIA;Sim;Acessar a via sem observar a presença dos outros veículos;2;Tombamento;Com Vítimas Feridas;Pleno dia;Crescente;Céu Claro;Dupla;"Reta;Viaduto;Declive";Sim  ;"1127729   ";Motocicleta;HONDA/CG 160 TITAN;"2022      ";Condutor;Lesões Leves;"35   ";Masculino;"0 ";"1    ";"0    ";"0    ";-15.9062930;-48.1399650;SPRF-DF;DEL03-DF;UOP01-DEL03-DF 
628654;"1408571   ";2024-09-17;terça-feira;07:20:00;DF;"60   ";"9,4  ";BRASILIA;Sim;Acessar a via sem observar a presença dos outros veículos;2;Tombamento;Com Vítimas Feridas;Pleno dia;Crescente;Céu Claro;Dupla;"Reta;Viaduto;Declive";Sim  ;"1127728   ";Automóvel;FIAT/MOBI TREKKING 1.0MT;"2023      ";Condutor;Ileso;"27   ";Masculino;"1 ";"0    ";"0    ";"0    ";-15.9062930;-48.1399650;SPRF-DF;DEL03-DF;UOP01-DEL03-DF 
628654;"1408572   ";2024-09-17;terça-feira;07:20:00;DF;"60   ";"9,4  ";BRASILIA;Sim;Acessar a via sem observar a presença dos outros veículos;1;Colisão traseira;Com Vítimas Feridas;Pleno dia;Crescente;Céu Claro;Dupla;"Reta;Viaduto;Declive";Sim  ;"1127729   ";Motocicleta;HONDA/CG 160 TITAN;"2022      ";Condutor;Lesões Leves;"35   ";Masculino;"0 ";"1    ";"0    ";"0    ";-15.9062930;-48.1399650;SPRF-DF;DEL03-DF;UOP01-DEL03-DF 
628654;"1408571   ";2024-09-17;terça-feira;07:20:00;DF;"60   ";"9,4  ";BRASILIA;Sim;Acessar a via sem observar a presença dos outros veículos;1;Colisão traseira;Com Vítimas Feridas;Pleno dia;Crescente;Céu Claro;Dupla;"Reta;Viaduto;Declive";Sim  ;"1127728   ";Automóvel;FIAT/MOBI TREKKING 1.0MT;"2023      ";Condutor;Ileso;"27   ";Masculino;"1 ";"0    ";"0    ";"0    ";-15.9062930;-48.1399650;SPRF-DF;DEL03-DF;UOP01-DEL03-DF 
628742;"1408634   ";2024-09-17;terça-feira;08:30:00;DF;"60   ";"9,5  ";BRASILIA;Não;Frear bruscamente;1;Engavetamento;Com Vítimas Feridas;Pleno dia;Decrescente;Céu Claro;Dupla;"Reta;Desvio Temporário;Declive";Sim  ;"1127775   ";Caminhonete;FIAT/FIORINO FLEX;"2007      ";Condutor;Ileso;"54   ";Masculino;"1 ";"0    ";"0    ";"0    ";-15.9062930;-48.1399650;SPRF-DF;DEL03-DF;UOP01-DEL03-DF 
628742;"1408638   ";2024-09-17;terça-feira;08:30:00;DF;"60   ";"9,5  ";BRASILIA;Não;Frear bruscamente;1;Engavetamento;Com Vítimas Feridas;Pleno dia;Decrescente;Céu Claro;Dupla;"Reta;Desvio Temporário;Declive";Sim  ;"1127773   ";Automóvel;I/FIAT SIENA EL 1.0 FLEX;"2013      ";Passageiro;Lesões Leves;"21   ";Feminino;"0 ";"1    ";"0    ";"0    ";-15.9062930;-48.1399650;SPRF-DF;DEL03-DF;UOP01-DEL03-DF 
628742;"1408632   ";2024-09-17;terça-feira;08:30:00;DF;"60   ";"9,5  ";BRASILIA;Não;Frear bruscamente;1;Engavetamento;Com Vítimas Feridas;Pleno dia;Decrescente;Céu Claro;Dupla;"Reta;Desvio Temporário;Declive";Sim  ;"1127773   ";Automóvel;I/FIAT SIENA EL 1.0 FLEX;"2013      ";Condutor;Ileso;"59   ";Masculino;"1 ";"0    ";"0    ";"0    ";-15.9062930;-48.1399650;SPRF-DF;DEL03-DF;UOP01-DEL03-DF 
628742;"1408630   ";2024-09-17;terça-feira;08:30:00;DF;"60   ";"9,5  ";BRASILIA;Não;Frear bruscamente;1;Engavetamento;Com Vítimas Feridas;Pleno dia;Decrescente;Céu Claro;Dupla;"Reta;Desvio Temporário;Declive";Sim  ;"1127772   ";Automóvel;GM/CLASSIC LIFE;"2009      ";Condutor;Ileso;"31   ";Feminino;"1 ";"0    ";"0    ";"0    ";-15.9062930;-48.1399650;SPRF-DF;DEL03-DF;UOP01-DEL03-DF 
628742;"1408634   ";2024-09-17;terça-feira;08:30:00;DF;"60   ";"9,5  ";BRASILIA;Não;Velocidade Incompatível;1;Engavetamento;Com Vítimas Feridas;Pleno dia;Decrescente;Céu Claro;Dupla;"Reta;Desvio Temporário;Declive";Sim  ;"1127775   ";Caminhonete;FIAT/FIORINO FLEX;"2007      ";Condutor;Ileso;"54   ";Masculino;"1 ";"0    ";"0    ";"0    ";-15.9062930;-48.1399650;SPRF-DF;DEL03-DF;UOP01-DEL03-DF 
628742;"1408638   ";2024-09-17;terça-feira;08:30:00;DF;"60   ";"9,5  ";BRASILIA;Não;Velocidade Incompatível;1;Engavetamento;Com Vítimas Feridas;Pleno dia;Decrescente;Céu Claro;Dupla;"Reta;Desvio Temporário;Declive";Sim  ;"1127773   ";Automóvel;I/FIAT SIENA EL 1.0 FLEX;"2013      ";Passageiro;Lesões Leves;"21   ";Feminino;"0 ";"1    ";"0    ";"0    ";-15.9062930;-48.1399650;SPRF-DF;DEL03-DF;UOP01-DEL03-DF 
628742;"1408632   ";2024-09-17;terça-feira;08:30:00;DF;"60   ";"9,5  ";BRASILIA;Não;Velocidade Incompatível;1;Engavetamento;Com Vítimas Feridas;Pleno dia;Decrescente;Céu Claro;Dupla;"Reta;Desvio Temporário;Declive";Sim  ;"1127773   ";Automóvel;I/FIAT SIENA EL 1.0 FLEX;"2013      ";Condutor;Ileso;"59   ";Masculino;"1 ";"0    ";"0    ";"0    ";-15.9062930;-48.1399650;SPRF-DF;DEL03-DF;UOP01-DEL03-DF 
628742;"1408630   ";2024-09-17;terça-feira;08:30:00;DF;"60   ";"9,5  ";BRASILIA;Não;Velocidade Incompatível;1;Engavetamento;Com Vítimas Feridas;Pleno dia;Decrescente;Céu Claro;Dupla;"Reta;Desvio Temporário;Declive";Sim  ;"1127772   ";Automóvel;GM/CLASSIC LIFE;"2009      ";Condutor;Ileso;"31   ";Feminino;"1 ";"0    ";"0    ";"0    ";-15.9062930;-48.1399650;SPRF-DF;DEL03-DF;UOP01-DEL03-DF 
628742;"1408634   ";2024-09-17;terça-feira;08:30:00;DF;"60   ";"9,5  ";BRASILIA;Não;Declive acentuado;1;Engavetamento;Com Vítimas Feridas;Pleno dia;Decrescente;Céu Claro;Dupla;"Reta;Desvio Temporário;Declive";Sim  ;"1127775   ";Caminhonete;FIAT/FIORINO FLEX;"2007      ";Condutor;Ileso;"54   ";Masculino;"1 ";"0    ";"0    ";"0    ";-15.9062930;-48.1399650;SPRF-DF;DEL03-DF;UOP01-DEL03-DF 
628742;"1408638   ";2024-09-17;terça-feira;08:30:00;DF;"60   ";"9,5  ";BRASILIA;Não;Declive acentuado;1;Engavetamento;Com Vítimas Feridas;Pleno dia;Decrescente;Céu Claro;Dupla;"Reta;Desvio Temporário;Declive";Sim  ;"1127773   ";Automóvel;I/FIAT SIENA EL 1.0 FLEX;"2013      ";Passageiro;Lesões Leves;"21   ";Feminino;"0 ";"1    ";"0    ";"0    ";-15.9062930;-48.1399650;SPRF-DF;DEL03-DF;UOP01-DEL03-DF 
628742;"1408632   ";2024-09-17;terça-feira;08:30:00;DF;"60   ";"9,5  ";BRASILIA;Não;Declive acentuado;1;Engavetamento;Com Vítimas Feridas;Pleno dia;Decrescente;Céu Claro;Dupla;"Reta;Desvio Temporário;Declive";Sim  ;"1127773   ";Automóvel;I/FIAT SIENA EL 1.0 FLEX;"2013      ";Condutor;Ileso;"59   ";Masculino;"1 ";"0    ";"0    ";"0    ";-15.9062930;-48.1399650;SPRF-DF;DEL03-DF;UOP01-DEL03-DF 
628742;"1408630   ";2024-09-17;terça-feira;08:30:00;DF;"60   ";"9,5  ";BRASILIA;Não;Declive acentuado;1;Engavetamento;Com Vítimas Feridas;Pleno dia;Decrescente;Céu Claro;Dupla;"Reta;Desvio Temporário;Declive";Sim  ;"1127772   ";Automóvel;GM/CLASSIC LIFE;"2009      ";Condutor;Ileso;"31   ";Feminino;"1 ";"0    ";"0    ";"0    ";-15.9062930;-48.1399650;SPRF-DF;DEL03-DF;UOP01-DEL03-DF 
628742;"1408634   ";2024-09-17;terça-feira;08:30:00;DF;"60   ";"9,5  ";BRASILIA;Não;Desvio temporário;1;Engavetamento;Com Vítimas Feridas;Pleno dia;Decrescente;Céu Claro;Dupla;"Reta;Desvio Temporário;Declive";Sim  ;"1127775   ";Caminhonete;FIAT/FIORINO FLEX;"2007      ";Condutor;Ileso;"54   ";Masculino;"1 ";"0    ";"0    ";"0    ";-15.9062930;-48.1399650;SPRF-DF;DEL03-DF;UOP01-DEL03-DF 
628742;"1408638   ";2024-09-17;terça-feira;08:30:00;DF;"60   ";"9,5  ";BRASILIA;Não;Desvio temporário;1;Engavetamento;Com Vítimas Feridas;Pleno dia;Decrescente;Céu Claro;Dupla;"Reta;Desvio Temporário;Declive";Sim  ;"1127773   ";Automóvel;I/FIAT SIENA EL 1.0 FLEX;"2013      ";Passageiro;Lesões Leves;"21   ";Feminino;"0 ";"1    ";"0    ";"0    ";-15.9062930;-48.1399650;SPRF-DF;DEL03-DF;UOP01-DEL03-DF 
628742;"1408632   ";2024-09-17;terça-feira;08:30:00;DF;"60   ";"9,5  ";BRASILIA;Não;Desvio temporário;1;Engavetamento;Com Vítimas Feridas;Pleno dia;Decrescente;Céu Claro;Dupla;"Reta;Desvio Temporário;Declive";Sim  ;"1127773   ";Automóvel;I/FIAT SIENA EL 1.0 FLEX;"2013      ";Condutor;Ileso;"59   ";Masculino;"1 ";"0    ";"0    ";"0    ";-15.9062930;-48.1399650;SPRF-DF;DEL03-DF;UOP01-DEL03-DF 