id;pesid;data_inversa;dia_semana;horario;uf;br;km;municipio;causa_principal;causa_acidente;ordem_tipo_acidente;tipo_acidente;classificacao_acidente;fase_dia;sentido_via;condicao_metereologica;tipo_pista;tracado_via;uso_solo;id_veiculo;tipo_veiculo;marca;ano_fabricacao_veiculo;tipo_envolvido;estado_fisico;idade;sexo;ilesos;feridos_leves;feridos_graves;mortos;latitude;longitude;regional;delegacia;uop
628742;"1408630   ";2024-09-17;terça-feira;08:30:00;DF;"60   ";"9,5  ";BRASILIA;Não;Desvio temporário;1;Engavetamento;Com Vítimas Feridas;Pleno dia;Decrescente;Céu Claro;Dupla;"Reta;Desvio Temporário;Declive";Sim  ;"1127772   ";Automóvel;GM/CLASSIC LIFE;"2009      ";Condutor;Ileso;"31   ";Feminino;"1 ";"0    ";"0    ";"0    ";-15.9062930;-48.1399650;SPRF-DF;DEL03-DF;UOP01-DEL03-DF 
628742;"1408634   ";2024-09-17;terça-feira;08:30:00;DF;"60   ";"9,5  ";BRASILIA;Sim;Reação tardia ou ineficiente do condutor;1;Engavetamento;Com Vítimas Feridas;Pleno dia;Decrescente;Céu Claro;Dupla;"Reta;Desvio Temporário;Declive";Sim  ;"1127775   ";Caminhonete;FIAT/FIORINO FLEX;"2007      ";Condutor;Ileso;"54   ";Masculino;"1 ";"0    ";"0    ";"0    ";-15.9062930;-48.1399650;SPRF-DF;DEL03-DF;UOP01-DEL03-DF 
628742;"1408638   ";2024-09-17;terça-feira;08:30:00;DF;"60   ";"9,5  ";BRASILIA;Sim;Reação tardia ou ineficiente do condutor;1;Engavetamento;Com Vítimas Feridas;Pleno dia;Decrescente;Céu Claro;Dupla;"Reta;Desvio Temporário;Declive";Sim  ;"1127773   ";Automóvel;I/FIAT SIENA EL 1.0 FLEX;"2013      ";Passageiro;Lesões Leves;"21   ";Feminino;"0 ";"1    ";"0    ";"0    ";-15.9062930;-48.1399650;SPRF-DF;DEL03-DF;UOP01-DEL03-DF 
628742;"1408632   ";2024-09-17;terça-feira;08:30:00;DF;"60   ";"9,5  ";BRASILIA;Sim;Reação tardia ou ineficiente do condutor;1;Engavetamento;Com Vítimas Feridas;Pleno dia;Decrescente;Céu Claro;Dupla;"Reta;Desvio Temporário;Declive";Sim  ;"1127773   ";Automóvel;I/FIAT SIENA EL 1.0 FLEX;"2013      ";Condutor;Ileso;"59   ";Masculino;"1 ";"0    ";"0    ";"0    ";-15.9062930;-48.1399650;SPRF-DF;DEL03-DF;UOP01-DEL03-DF 
628742;"1408630   ";2024-09-17;terça-feira;08:30:00;DF;"60   ";"9,5  ";BRASILIA;Sim;Reação tardia ou ineficiente do condutor;1;Engavetamento;Com Vítimas Feridas;Pleno dia;Decrescente;Céu Claro;Dupla;"Reta;Desvio Temporário;Declive";Sim  ;"1127772   ";Automóvel;GM/CLASSIC LIFE;"2009      ";Condutor;Ileso;"31   ";Feminino;"1 ";"0    ";"0    ";"0    ";-15.9062930;-48.1399650;SPRF-DF;DEL03-DF;UOP01-DEL03-DF 
628854;"1408941   ";2024-09-18;quarta-feira;06:45:00;DF;"20   ";"17   ";BRASILIA;Sim;Trafegar com motocicleta (ou similar) entre as faixas;1;Colisão lateral mesmo sentido;Com Vítimas Feridas;Pleno dia;Decrescente;Céu Claro;Dupla;Reta;Sim  ;"1128052   ";Motocicleta;HONDA/CG 125 FAN ES;"2010      ";Condutor;Ileso;"31   ";Masculino;"1 ";"0    ";"0    ";"0    ";-15.6213740;-47.7169800;SPRF-DF;DEL02-DF;UOP01-DEL02-DF 
628854;"1408945   ";2024-09-18;quarta-feira;06:45:00;DF;"20   ";"17   ";BRASILIA;Sim;Trafegar com motocicleta (ou similar) entre as faixas;1;Colisão lateral mesmo sentido;Com Vítimas Feridas;Pleno dia;Decrescente;Céu Claro;Dupla;Reta;Sim  ;"1128053   ";Motocicleta;HONDA/CB300F TWISTER CBS;"0         ";Passageiro;Ileso;"22   ";Masculino;"1 ";"0    ";"0    ";"0    ";-15.6213740;-47.7169800;SPRF-DF;DEL02-DF;UOP01-DEL02-DF 
628854;"1408943   ";2024-09-18;quarta-feira;06:45:00;DF;"20   ";"17   ";BRASILIA;Sim;Trafegar com motocicleta (ou similar) entre as faixas;1;Colisão lateral mesmo sentido;Com Vítimas Feridas;Pleno dia;Decrescente;Céu Claro;Dupla;Reta;Sim  ;"1128053   ";Motocicleta;HONDA/CB300F TWISTER CBS;"0         ";Condutor;Lesões Leves;"24   ";Masculino;"0 ";"1    ";"0    ";"0    ";-15.6213740;-47.7169800;SPRF-DF;DEL02-DF;UOP01-DEL02-DF 
628859;"1408952   ";2024-09-18;quarta-feira;07:47:00;DF;"40   ";"0    ";BRASILIA;Sim;Pedestre andava na pista;3;Queda de ocupante de veículo;Com Vítimas Feridas;Pleno dia;Crescente;Céu Claro;Dupla;Reta;Sim  ;"1128059   ";Automóvel;CITROEN/C3 GLX 14 FLEX;"2006      ";Condutor;Ileso;"33   ";Feminino;"1 ";"0    ";"0    ";"0    ";-15.9768970;-47.9901290;SPRF-DF;DEL01-DF;UOP01-DEL01-DF 
628859;"1408951   ";2024-09-18;quarta-feira;07:47:00;DF;"40   ";"0    ";BRASILIA;Sim;Pedestre andava na pista;3;Queda de ocupante de veículo;Com Vítimas Feridas;Pleno dia;Crescente;Céu Claro;Dupla;Reta;Sim  ;"1128058   ";Motocicleta;YAMAHA/MT07;"2015      ";Condutor;Lesões Leves;"25   ";Masculino;"0 ";"1    ";"0    ";"0    ";-15.9768970;-47.9901290;SPRF-DF;DEL01-DF;UOP01-DEL01-DF 
628859;"1408953   ";2024-09-18;quarta-feira;07:47:00;DF;"40   ";"0    ";BRASILIA;Sim;Pedestre andava na pista;3;Queda de ocupante de veículo;Com Vítimas Feridas;Pleno dia;Crescente;Céu Claro;Dupla;Reta;Sim  ;"0         ";"0";NA/NA;"0         ";Pedestre;Lesões Leves;"37   ";Feminino;"0 ";"1    ";"0    ";"0    ";-15.9768970;-47.9901290;SPRF-DF;DEL01-DF;UOP01-DEL01-DF 
628859;"1408952   ";2024-09-18;quarta-feira;07:47:00;DF;"40   ";"0    ";BRASILIA;Sim;Pedestre andava na pista;2;Colisão lateral mesmo sentido;Com Vítimas Feridas;Pleno dia;Crescente;Céu Claro;Dupla;Reta;Sim  ;"1128059   ";Automóvel;CITROEN/C3 GLX 14 FLEX;"2006      ";Condutor;Ileso;"33   ";Feminino;"1 ";"0    ";"0    ";"0    ";-15.9768970;-47.9901290;SPRF-DF;DEL01-DF;UOP01-DEL01-DF 
628859;"1408951   ";2024-09-18;quarta-feira;07:47:00;DF;"40   ";"0    ";BRASILIA;Sim;Pedestre andava na pista;2;Colisão lateral mesmo sentido;Com Vítimas Feridas;Pleno dia;Crescente;Céu Claro;Dupla;Reta;Sim  ;"1128058   ";Motocicleta;YAMAHA/MT07;"2015      ";Condutor;Lesões Leves;"25   ";Masculino;"0 ";"1    ";"0    ";"0    ";-15.9768970;-47.9901290;SPRF-DF;DEL01-DF;UOP01-DEL01-DF 
628859;"1408953   ";2024-09-18;quarta-feira;07:47:00;DF;"40   ";"0    ";BRASILIA;Sim;Pedestre andava na pista;2;Colisão lateral mesmo sentido;Com Vítimas Feridas;Pleno dia;Crescente;Céu Claro;Dupla;Reta;Sim  ;"0         ";"0";NA/NA;"0         ";Pedestre;Lesões Leves;"37   ";Feminino;"0 ";"1    ";"0    ";"0    ";-15.9768970;-47.9901290;SPRF-DF;DEL01-DF;UOP01-DEL01-DF 
628859;"1408952   ";2024-09-18;quarta-feira;07:47:00;DF;"40   ";"0    ";BRASILIA;Sim;Pedestre andava na pista;1;Atropelamento de Pedestre;Com Vítimas Feridas;Pleno dia;Crescente;Céu Claro;Dupla;Reta;Sim  ;"1128059   ";Automóvel;CITROEN/C3 GLX 14 FLEX;"2006      ";Condutor;Ileso;"33   ";Feminino;"1 ";"0    ";"0    ";"0    ";-15.9768970;-47.9901290;SPRF-DF;DEL01-DF;UOP01-DEL01-DF 
628859;"1408951   ";2024-09-18;quarta-feira;07:47:00;DF;"40   ";"0    ";BRASILIA;Sim;Pedestre andava na pista;1;Atropelamento de Pedestre;Com Vítimas Feridas;Pleno dia;Crescente;Céu Claro;Dupla;Reta;Sim  ;"1128058   ";Motocicleta;YAMAHA/MT07;"2015      ";Condutor;Lesões Leves;"25   ";Masculino;"0 ";"1    ";"0    ";"0    ";-15.9768970;-47.9901290;SPRF-DF;DEL01-DF;UOP01-DEL01-DF 
628859;"1408953   ";2024-09-18;quarta-feira;07:47:00;DF;"40   ";"0    ";BRASILIA;Sim;Pedestre andava na pista;1;Atropelamento de Pedestre;Com Vítimas Feridas;Pleno dia;Crescente;Céu Claro;Dupla;Reta;Sim  ;"0         ";"0";NA/NA;"0         ";Pedestre;Lesões Leves;"37   ";Feminino;"0 ";"1    ";"0    ";"0    ";-15.9768970;-47.9901290;SPRF-DF;DEL01-DF;UOP01-DEL01-DF 
628882;"1408963   ";2024-09-18;quarta-feira;08:40:00;DF;"70   ";"8    ";BRASILIA;Não;Velocidade Incompatível;2;Tombamento;Com Vítimas Feridas;Pleno dia;Decrescente;Céu Claro;Dupla;Reta;Sim  ;"1128066   ";Ciclomotor;I/HAOJIAN AVELLOZ AZ1;"2023      ";Condutor;Lesões Leves;"43   ";Feminino;"0 ";"1    ";"0    ";"0    ";-15.7849660;-48.1221080;SPRF-DF;DEL03-DF;UOP02-DEL03-DF 
628882;"1408962   ";2024-09-18;quarta-feira;08:40:00;DF;"70   ";"8    ";BRASILIA;Não;Velocidade Incompatível;2;Tombamento;Com Vítimas Feridas;Pleno dia;Decrescente;Céu Claro;Dupla;Reta;Sim  ;"1128065   ";Automóvel;FIAT/SIENA ATTRACT 1.0;"2019      ";Condutor;Ileso;"57   ";Masculino;"1 ";"0    ";"0    ";"0    ";-15.7849660;-48.1221080;SPRF-DF;DEL03-DF;UOP02-DEL03-DF 
628882;"1408963   ";2024-09-18;quarta-feira;08:40:00;DF;"70   ";"8    ";BRASILIA;Não;Velocidade Incompatível;1;Colisão lateral mesmo sentido;Com Vítimas Feridas;Pleno dia;Decrescente;Céu Claro;Dupla;Reta;Sim  ;"1128066   ";Ciclomotor;I/HAOJIAN AVELLOZ AZ1;"2023      ";Condutor;Lesões Leves;"43   ";Feminino;"0 ";"1    ";"0    ";"0    ";-15.7849660;-48.1221080;SPRF-DF;DEL03-DF;UOP02-DEL03-DF 
628882;"1408962   ";2024-09-18;quarta-feira;08:40:00;DF;"70   ";"8    ";BRASILIA;Não;Velocidade Incompatível;1;Colisão lateral mesmo sentido;Com Vítimas Feridas;Pleno dia;Decrescente;Céu Claro;Dupla;Reta;Sim  ;"1128065   ";Automóvel;FIAT/SIENA ATTRACT 1.0;"2019      ";Condutor;Ileso;"57   ";Masculino;"1 ";"0    ";"0    ";"0    ";-15.7849660;-48.1221080;SPRF-DF;DEL03-DF;UOP02-DEL03-DF 
628882;"1408963   ";2024-09-18;quarta-feira;08:40:00;DF;"70   ";"8    ";BRASILIA;Sim;Condutor deixou de manter distância do veículo da frente;2;Tombamento;Com Vítimas Feridas;Pleno dia;Decrescente;Céu Claro;Dupla;Reta;Sim  ;"1128066   ";Ciclomotor;I/HAOJIAN AVELLOZ AZ1;"2023      ";Condutor;Lesões Leves;"43   ";Feminino;"0 ";"1    ";"0    ";"0    ";-15.7849660;-48.1221080;SPRF-DF;DEL03-DF;UOP02-DEL03-DF 
628882;"1408962   ";2024-09-18;quarta-feira;08:40:00;DF;"70   ";"8    ";BRASILIA;Sim;Condutor deixou de manter distância do veículo da frente;2;Tombamento;Com Vítimas Feridas;Pleno dia;Decrescente;Céu Claro;Dupla;Reta;Sim  ;"1128065   ";Automóvel;FIAT/SIENA ATTRACT 1.0;"2019      ";Condutor;Ileso;"57   ";Masculino;"1 ";"0    ";"0    ";"0    ";-15.7849660;-48.1221080;SPRF-DF;DEL03-DF;UOP02-DEL03-DF 
628882;"1408963   ";2024-09-18;quarta-feira;08:40:00;DF;"70   ";"8    ";BRASILIA;Sim;Condutor deixou de manter distância do veículo da frente;1;Colisão lateral mesmo sentido;Com Vítimas Feridas;Pleno dia;Decrescente;Céu Claro;Dupla;Reta;Sim  ;"1128066   ";Ciclomotor;I/HAOJIAN AVELLOZ AZ1;"2023      ";Condutor;Lesões Leves;"43   ";Feminino;"0 ";"1    ";"0    ";"0    ";-15.7849660;-48.1221080;SPRF-DF;DEL03-DF;UOP02-DEL03-DF 
628882;"1408962   ";2024-09-18;quarta-feira;08:40:00;DF;"70   ";"8    ";BRASILIA;Sim;Condutor deixou de manter distância do veículo da frente;1;Colisão lateral mesmo sentido;Com Vítimas Feridas;Pleno dia;Decrescente;Céu Claro;Dupla;Reta;Sim  ;"1128065   ";Automóvel;FIAT/SIENA ATTRACT 1.0;"2019      ";Condutor;Ileso;"57   ";Masculino;"1 ";"0    ";"0    ";"0    ";-15.7849660;-48.1221080;SPRF-DF;DEL03-DF;UOP02-DEL03-DF 
628914;"1409140   ";2024-09-18;quarta-feira;11:20:00;DF;"60   ";"30,8 ";BRASILIA;Sim;Ausência de reação do condutor;1;Colisão traseira;Com Vítimas Feridas;Pleno dia;Crescente;Céu Claro;Dupla;"Aclive;Reta";Sim  ;"1128187   ";Caminhão;M.BENZ/L 1621;"1995      ";Condutor;Ileso;"60   ";Masculino;"1 ";"0    ";"0    ";"0    ";-16.0385400;-48.2559550;SPRF-DF;DEL03-DF;UOP01-DEL03-DF 
628914;"1409138   ";2024-09-18;quarta-feira;11:20:00;DF;"60   ";"30,8 ";BRASILIA;Sim;Ausência de reação do condutor;1;Colisão traseira;Com Vítimas Feridas;Pleno dia;Crescente;Céu Claro;Dupla;"Aclive;Reta";Sim  ;"1128186   ";Automóvel;CHEV/ONIX JOY BLACK;"2021      ";Condutor;Lesões Leves;"29   ";Feminino;"0 ";"1    ";"0    ";"0    ";-16.0385400;-48.2559550;SPRF-DF;DEL03-DF;UOP01-DEL03-DF 
628922;"1409111   ";2024-09-18;quarta-feira;12:30:00;DF;"70   ";"6    ";BRASILIA;Não;Transitar na contramão;2;Queda de ocupante de veículo;Com Vítimas Feridas;Pleno dia;Crescente;Céu Claro;Dupla;Reta;Sim  ;"1128166   ";Motocicleta;HONDA/CG 160 START;"2023      ";Condutor;Lesões Graves;"38   ";Masculino;"0 ";"0    ";"1    ";"0    ";-15.7912420;-48.1057590;SPRF-DF;DEL03-DF;UOP02-DEL03-DF 
628922;"1409110   ";2024-09-18;quarta-feira;12:30:00;DF;"70   ";"6    ";BRASILIA;Não;Transitar na contramão;2;Queda de ocupante de veículo;Com Vítimas Feridas;Pleno dia;Crescente;Céu Claro;Dupla;Reta;Sim  ;"1128165   ";Caminhão;VW/5.150 DRC 4X2;"2012      ";Condutor;Ileso;"22   ";Masculino;"1 ";"0    ";"0    ";"0    ";-15.7912420;-48.1057590;SPRF-DF;DEL03-DF;UOP02-DEL03-DF 
628922;"1409111   ";2024-09-18;quarta-feira;12:30:00;DF;"70   ";"6    ";BRASILIA;Não;Transitar na contramão;1;Colisão frontal;Com Vítimas Feridas;Pleno dia;Crescente;Céu Claro;Dupla;Reta;Sim  ;"1128166   ";Motocicleta;HONDA/CG 160 START;"2023      ";Condutor;Lesões Graves;"38   ";Masculino;"0 ";"0    ";"1    ";"0    ";-15.7912420;-48.1057590;SPRF-DF;DEL03-DF;UOP02-DEL03-DF 
628922;"1409110   ";2024-09-18;quarta-feira;12:30:00;DF;"70   ";"6    ";BRASILIA;Não;Transitar na contramão;1;Colisão frontal;Com Vítimas Feridas;Pleno dia;Crescente;Céu Claro;Dupla;Reta;Sim  ;"1128165   ";Caminhão;VW/5.150 DRC 4X2;"2012      ";Condutor;Ileso;"22   ";Masculino;"1 ";"0    ";"0    ";"0    ";-15.7912420;-48.1057590;SPRF-DF;DEL03-DF;UOP02-DEL03-DF 
628922;"1409111   ";2024-09-18;quarta-feira;12:30:00;DF;"70   ";"6    ";BRASILIA;Sim;Ausência de sinalização;2;Queda de ocupante de veículo;Com Vítimas Feridas;Pleno dia;Crescente;Céu Claro;Dupla;Reta;Sim  ;"1128166   ";Motocicleta;HONDA/CG 160 START;"2023      ";Condutor;Lesões Graves;"38   ";Masculino;"0 ";"0    ";"1    ";"0    ";-15.7912420;-48.1057590;SPRF-DF;DEL03-DF;UOP02-DEL03-DF 
628922;"1409110   ";2024-09-18;quarta-feira;12:30:00;DF;"70   ";"6    ";BRASILIA;Sim;Ausência de sinalização;2;Queda de ocupante de veículo;Com Vítimas Feridas;Pleno dia;Crescente;Céu Claro;Dupla;Reta;Sim  ;"1128165   ";Caminhão;VW/5.150 DRC 4X2;"2012      ";Condutor;Ileso;"22   ";Masculino;"1 ";"0    ";"0    ";"0    ";-15.7912420;-48.1057590;SPRF-DF;DEL03-DF;UOP02-DEL03-DF 
628922;"1409111   ";2024-09-18;quarta-feira;12:30:00;DF;"70   ";"6    ";BRASILIA;Sim;Ausência de sinalização;1;Colisão frontal;Com Vítimas Feridas;Pleno dia;Crescente;Céu Claro;Dupla;Reta;Sim  ;"1128166   ";Motocicleta;HONDA/CG 160 START;"2023      ";Condutor;Lesões Graves;"38   ";Masculino;"0 ";"0    ";"1    ";"0    ";-15.7912420;-48.1057590;SPRF-DF;DEL03-DF;UOP02-DEL03-DF 
628922;"1409110   ";2024-09-18;quarta-feira;12:30:00;DF;"70   ";"6    ";BRASILIA;Sim;Ausência de sinalização;1;Colisão frontal;Com Vítimas Feridas;Pleno dia;Crescente;Céu Claro;Dupla;Reta;Sim  ;"1128165   ";Caminhão;VW/5.150 DRC 4X2;"2012      ";Condutor;Ileso;"22   ";Masculino;"1 ";"0    ";"0    ";"0    ";-15.7912420;-48.1057590;SPRF-DF;DEL03-DF;UOP02-DEL03-DF 
628929;"1409343   ";2024-09-18;quarta-feira;14:00:00;DF;"251  ";"45   ";BRASILIA;Sim;Reação tardia ou ineficiente do condutor;1;Colisão traseira;Com Vítimas Feridas;Pleno dia;Decrescente;Céu Claro;Simples;"Em Obras;Reta";Sim  ;"1128357   ";Caminhão;M.BENZ/L 1620;"1997      ";Condutor;Ileso;"64   ";Feminino;"1 ";"0    ";"0    ";"0    ";-15.9481130;-47.8452350;SPRF-DF;DEL01-DF;UOP01-DEL01-DF 
628929;"1409345   ";2024-09-18;quarta-feira;14:00:00;DF;"251  ";"45   ";BRASILIA;Sim;Reação tardia ou ineficiente do condutor;1;Colisão traseira;Com Vítimas Feridas;Pleno dia;Decrescente;Céu Claro;Simples;"Em Obras;Reta";Sim  ;"1128358   ";Caminhão;VW/24.260 CRM 6X2;"2022      ";Passageiro;Lesões Leves;"40   ";Masculino;"0 ";"1    ";"0    ";"0    ";-15.9481130;-47.8452350;SPRF-DF;DEL01-DF;UOP01-DEL01-DF 
628929;"1409350   ";2024-09-18;quarta-feira;14:00:00;DF;"251  ";"45   ";BRASILIA;Sim;Reação tardia ou ineficiente do condutor;1;Colisão traseira;Com Vítimas Feridas;Pleno dia;Decrescente;Céu Claro;Simples;"Em Obras;Reta";Sim  ;"1128358   ";Caminhão;VW/24.260 CRM 6X2;"2022      ";Passageiro;Lesões Graves;"28   ";Masculino;"0 ";"0    ";"1    ";"0    ";-15.9481130;-47.8452350;SPRF-DF;DEL01-DF;UOP01-DEL01-DF 
628929;"1409344   ";2024-09-18;quarta-feira;14:00:00;DF;"251  ";"45   ";BRASILIA;Sim;Reação tardia ou ineficiente do condutor;1;Colisão traseira;Com Vítimas Feridas;Pleno dia;Decrescente;Céu Claro;Simples;"Em Obras;Reta";Sim  ;"1128358   ";Caminhão;VW/24.260 CRM 6X2;"2022      ";Condutor;Ileso;"39   ";Masculino;"1 ";"0    ";"0    ";"0    ";-15.9481130;-47.8452350;SPRF-DF;DEL01-DF;UOP01-DEL01-DF 
628949;"1409131   ";2024-09-18;quarta-feira;16:00:00;DF;"20   ";"17   ";BRASILIA;Sim;Reação tardia ou ineficiente do condutor;1;Saída de leito carroçável;Com Vítimas Feridas;Pleno dia;Crescente;Céu Claro;Dupla;"Reta;Aclive";Sim  ;"1128185   ";Automóvel;RENAULT/SANDERO EXP 16;"2008      ";Condutor;Lesões Leves;"57   ";Masculino;"0 ";"1    ";"0    ";"0    ";-15.6213740;-47.7169800;SPRF-DF;DEL02-DF;UOP01-DEL02-DF 
629066;"1411148   ";2024-09-19;quinta-feira;07:14:00;GO;"40   ";"6    ";VALPARAISO DE GOIAS;Sim;Pedestre cruzava a pista fora da faixa;3;Queda de ocupante de veículo;Com Vítimas Feridas;Pleno dia;Decrescente;Céu Claro;Dupla;Reta;Sim  ;"1129707   ";Motocicleta;YAMAHA/XTZ250 LANDER;"2021      ";Condutor;Ileso;"47   ";Masculino;"1 ";"0    ";"0    ";"0    ";-16.1008140;-47.9773510;SPRF-DF;DEL01-DF;UOP01-DEL01-DF 
629066;"1411246   ";2024-09-19;quinta-feira;07:14:00;GO;"40   ";"6    ";VALPARAISO DE GOIAS;Sim;Pedestre cruzava a pista fora da faixa;3;Queda de ocupante de veículo;Com Vítimas Feridas;Pleno dia;Decrescente;Céu Claro;Dupla;Reta;Sim  ;"0         ";"0";NA/NA;"0         ";Pedestre;Lesões Leves;"61   ";Feminino;"0 ";"1    ";"0    ";"0    ";-16.1008140;-47.9773510;SPRF-DF;DEL01-DF;UOP01-DEL01-DF 
629066;"1411148   ";2024-09-19;quinta-feira;07:14:00;GO;"40   ";"6    ";VALPARAISO DE GOIAS;Sim;Pedestre cruzava a pista fora da faixa;2;Tombamento;Com Vítimas Feridas;Pleno dia;Decrescente;Céu Claro;Dupla;Reta;Sim  ;"1129707   ";Motocicleta;YAMAHA/XTZ250 LANDER;"2021      ";Condutor;Ileso;"47   ";Masculino;"1 ";"0    ";"0    ";"0    ";-16.1008140;-47.9773510;SPRF-DF;DEL01-DF;UOP01-DEL01-DF 
629066;"1411246   ";2024-09-19;quinta-feira;07:14:00;GO;"40   ";"6    ";VALPARAISO DE GOIAS;Sim;Pedestre cruzava a pista fora da faixa;2;Tombamento;Com Vítimas Feridas;Pleno dia;Decrescente;Céu Claro;Dupla;Reta;Sim  ;"0         ";"0";NA/NA;"0         ";Pedestre;Lesões Leves;"61   ";Feminino;"0 ";"1    ";"0    ";"0    ";-16.1008140;-47.9773510;SPRF-DF;DEL01-DF;UOP01-DEL01-DF 
629066;"1411148   ";2024-09-19;quinta-feira;07:14:00;GO;"40   ";"6    ";VALPARAISO DE GOIAS;Sim;Pedestre cruzava a pista fora da faixa;1;Atropelamento de Pedestre;Com Vítimas Feridas;Pleno dia;Decrescente;Céu Claro;Dupla;Reta;Sim  ;"1129707   ";Motocicleta;YAMAHA/XTZ250 LANDER;"2021      ";Condutor;Ileso;"47   ";Masculino;"1 ";"0    ";"0    ";"0    ";-16.1008140;-47.9773510;SPRF-DF;DEL01-DF;UOP01-DEL01-DF 
629066;"1411246   ";2024-09-19;quinta-feira;07:14:00;GO;"40   ";"6    ";VALPARAISO DE GOIAS;Sim;Pedestre cruzava a pista fora da faixa;1;Atropelamento de Pedestre;Com Vítimas Feridas;Pleno dia;Decrescente;Céu Claro;Dupla;Reta;Sim  ;"0         ";"0";NA/NA;"0         ";Pedestre;Lesões Leves;"61   ";Feminino;"0 ";"1    ";"0    ";"0    ";-16.1008140;-47.9773510;SPRF-DF;DEL01-DF;UOP01-DEL01-DF 
629066;"1411148   ";2024-09-19;quinta-feira;07:14:00;GO;"40   ";"6    ";VALPARAISO DE GOIAS;Não;Reação tardia ou ineficiente do condutor;3;Queda de ocupante de veículo;Com Vítimas Feridas;Pleno dia;Decrescente;Céu Claro;Dupla;Reta;Sim  ;"1129707   ";Motocicleta;YAMAHA/XTZ250 LANDER;"2021      ";Condutor;Ileso;"47   ";Masculino;"1 ";"0    ";"0    ";"0    ";-16.1008140;-47.9773510;SPRF-DF;DEL01-DF;UOP01-DEL01-DF 
629066;"1411246   ";2024-09-19;quinta-feira;07:14:00;GO;"40   ";"6    ";VALPARAISO DE GOIAS;Não;Reação tardia ou ineficiente do condutor;3;Queda de ocupante de veículo;Com Vítimas Feridas;Pleno dia;Decrescente;Céu Claro;Dupla;Reta;Sim  ;"0         ";"0";NA/NA;"0         ";Pedestre;Lesões Leves;"61   ";Feminino;"0 ";"1    ";"0    ";"0    ";-16.1008140;-47.9773510;SPRF-DF;DEL01-DF;UOP01-DEL01-DF 
629066;"1411148   ";2024-09-19;quinta-feira;07:14:00;GO;"40   ";"6    ";VALPARAISO DE GOIAS;Não;Reação tardia ou ineficiente do condutor;2;Tombamento;Com Vítimas Feridas;Pleno dia;Decrescente;Céu Claro;Dupla;Reta;Sim  ;"1129707   ";Motocicleta;YAMAHA/XTZ250 LANDER;"2021      ";Condutor;Ileso;"47   ";Masculino;"1 ";"0    ";"0    ";"0    ";-16.1008140;-47.9773510;SPRF-DF;DEL01-DF;UOP01-DEL01-DF 
629066;"1411246   ";2024-09-19;quinta-feira;07:14:00;GO;"40   ";"6    ";VALPARAISO DE GOIAS;Não;Reação tardia ou ineficiente do condutor;2;Tombamento;Com Vítimas Feridas;Pleno dia;Decrescente;Céu Claro;Dupla;Reta;Sim  ;"0         ";"0";NA/NA;"0         ";Pedestre;Lesões Leves;"61   ";Feminino;"0 ";"1    ";"0    ";"0    ";-16.1008140;-47.9773510;SPRF-DF;DEL01-DF;UOP01-DEL01-DF 
629066;"1411148   ";2024-09-19;quinta-feira;07:14:00;GO;"40   ";"6    ";VALPARAISO DE GOIAS;Não;Reação tardia ou ineficiente do condutor;1;Atropelamento de Pedestre;Com Vítimas Feridas;Pleno dia;Decrescente;Céu Claro;Dupla;Reta;Sim  ;"1129707   ";Motocicleta;YAMAHA/XTZ250 LANDER;"2021      ";Condutor;Ileso;"47   ";Masculino;"1 ";"0    ";"0    ";"0    ";-16.1008140;-47.9773510;SPRF-DF;DEL01-DF;UOP01-DEL01-DF 
629066;"1411246   ";2024-09-19;quinta-feira;07:14:00;GO;"40   ";"6    ";VALPARAISO DE GOIAS;Não;Reação tardia ou ineficiente do condutor;1;Atropelamento de Pedestre;Com Vítimas Feridas;Pleno dia;Decrescente;Céu Claro;Dupla;Reta;Sim  ;"0         ";"0";NA/NA;"0         ";Pedestre;Lesões Leves;"61   ";Feminino;"0 ";"1    ";"0    ";"0    ";-16.1008140;-47.9773510;SPRF-DF;DEL01-DF;UOP01-DEL01-DF 
629066;"1411148   ";2024-09-19;quinta-feira;07:14:00;GO;"40   ";"6    ";VALPARAISO DE GOIAS;Não;Área urbana sem a presença de local apropriado para a travessia de pedestres;3;Queda de ocupante de veículo;Com Vítimas Feridas;Pleno dia;Decrescente;Céu Claro;Dupla;Reta;Sim  ;"1129707   ";Motocicleta;YAMAHA/XTZ250 LANDER;"2021      ";Condutor;Ileso;"47   ";Masculino;"1 ";"0    ";"0    ";"0    ";-16.1008140;-47.9773510;SPRF-DF;DEL01-DF;UOP01-DEL01-DF 
629066;"1411246   ";2024-09-19;quinta-feira;07:14:00;GO;"40   ";"6    ";VALPARAISO DE GOIAS;Não;Área urbana sem a presença de local apropriado para a travessia de pedestres;3;Queda de ocupante de veículo;Com Vítimas Feridas;Pleno dia;Decrescente;Céu Claro;Dupla;Reta;Sim  ;"0         ";"0";NA/NA;"0         ";Pedestre;Lesões Leves;"61   ";Feminino;"0 ";"1    ";"0    ";"0    ";-16.1008140;-47.9773510;SPRF-DF;DEL01-DF;UOP01-DEL01-DF 
629066;"1411148   ";2024-09-19;quinta-feira;07:14:00;GO;"40   ";"6    ";VALPARAISO DE GOIAS;Não;Área urbana sem a presença de local apropriado para a travessia de pedestres;2;Tombamento;Com Vítimas Feridas;Pleno dia;Decrescente;Céu Claro;Dupla;Reta;Sim  ;"1129707   ";Motocicleta;YAMAHA/XTZ250 LANDER;"2021      ";Condutor;Ileso;"47   ";Masculino;"1 ";"0    ";"0    ";"0    ";-16.1008140;-47.9773510;SPRF-DF;DEL01-DF;UOP01-DEL01-DF 