id;pesid;data_inversa;dia_semana;horario;uf;br;km;municipio;causa_principal;causa_acidente;ordem_tipo_acidente;tipo_acidente;classificacao_acidente;fase_dia;sentido_via;condicao_metereologica;tipo_pista;tracado_via;uso_solo;id_veiculo;tipo_veiculo;marca;ano_fabricacao_veiculo;tipo_envolvido;estado_fisico;idade;sexo;ilesos;feridos_leves;feridos_graves;mortos;latitude;longitude;regional;delegacia;uop
629304;"1410138   ";2024-09-20;sexta-feira;06:00:00;DF;"20   ";"21   ";BRASILIA;Não;Reação tardia ou ineficiente do condutor;2;Tombamento;Com Vítimas Feridas;Amanhecer;Decrescente;Céu Claro;Dupla;"Interseção de Vias;Reta;Retorno Regulamentado";Sim  ;"1128940   ";Automóvel;CHEV/PRISMA 1.4MT LT;"2013      ";Passageiro;Ileso;"56   ";Masculino;"1 ";"0    ";"0    ";"0    ";-15.6033840;-47.6846920;SPRF-DF;DEL02-DF;UOP01-DEL02-DF 
629304;"1410137   ";2024-09-20;sexta-feira;06:00:00;DF;"20   ";"21   ";BRASILIA;Não;Reação tardia ou ineficiente do condutor;2;Tombamento;Com Vítimas Feridas;Amanhecer;Decrescente;Céu Claro;Dupla;"Interseção de Vias;Reta;Retorno Regulamentado";Sim  ;"1128940   ";Automóvel;CHEV/PRISMA 1.4MT LT;"2013      ";Condutor;Ileso;"61   ";Feminino;"1 ";"0    ";"0    ";"0    ";-15.6033840;-47.6846920;SPRF-DF;DEL02-DF;UOP01-DEL02-DF 
629304;"1410140   ";2024-09-20;sexta-feira;06:00:00;DF;"20   ";"21   ";BRASILIA;Não;Reação tardia ou ineficiente do condutor;1;Colisão traseira;Com Vítimas Feridas;Amanhecer;Decrescente;Céu Claro;Dupla;"Interseção de Vias;Reta;Retorno Regulamentado";Sim  ;"1128941   ";Motocicleta;HONDA/CG 160 TITAN;"2018      ";Passageiro;Lesões Graves;"22   ";Masculino;"0 ";"0    ";"1    ";"0    ";-15.6033840;-47.6846920;SPRF-DF;DEL02-DF;UOP01-DEL02-DF 
629304;"1410139   ";2024-09-20;sexta-feira;06:00:00;DF;"20   ";"21   ";BRASILIA;Não;Reação tardia ou ineficiente do condutor;1;Colisão traseira;Com Vítimas Feridas;Amanhecer;Decrescente;Céu Claro;Dupla;"Interseção de Vias;Reta;Retorno Regulamentado";Sim  ;"1128941   ";Motocicleta;HONDA/CG 160 TITAN;"2018      ";Condutor;Lesões Leves;"25   ";Masculino;"0 ";"1    ";"0    ";"0    ";-15.6033840;-47.6846920;SPRF-DF;DEL02-DF;UOP01-DEL02-DF 
629304;"1410138   ";2024-09-20;sexta-feira;06:00:00;DF;"20   ";"21   ";BRASILIA;Não;Reação tardia ou ineficiente do condutor;1;Colisão traseira;Com Vítimas Feridas;Amanhecer;Decrescente;Céu Claro;Dupla;"Interseção de Vias;Reta;Retorno Regulamentado";Sim  ;"1128940   ";Automóvel;CHEV/PRISMA 1.4MT LT;"2013      ";Passageiro;Ileso;"56   ";Masculino;"1 ";"0    ";"0    ";"0    ";-15.6033840;-47.6846920;SPRF-DF;DEL02-DF;UOP01-DEL02-DF 
629304;"1410137   ";2024-09-20;sexta-feira;06:00:00;DF;"20   ";"21   ";BRASILIA;Não;Reação tardia ou ineficiente do condutor;1;Colisão traseira;Com Vítimas Feridas;Amanhecer;Decrescente;Céu Claro;Dupla;"Interseção de Vias;Reta;Retorno Regulamentado";Sim  ;"1128940   ";Automóvel;CHEV/PRISMA 1.4MT LT;"2013      ";Condutor;Ileso;"61   ";Feminino;"1 ";"0    ";"0    ";"0    ";-15.6033840;-47.6846920;SPRF-DF;DEL02-DF;UOP01-DEL02-DF 
629304;"1410140   ";2024-09-20;sexta-feira;06:00:00;DF;"20   ";"21   ";BRASILIA;Sim;Acessar a via sem observar a presença dos outros veículos;3;Queda de ocupante de veículo;Com Vítimas Feridas;Amanhecer;Decrescente;Céu Claro;Dupla;"Interseção de Vias;Reta;Retorno Regulamentado";Sim  ;"1128941   ";Motocicleta;HONDA/CG 160 TITAN;"2018      ";Passageiro;Lesões Graves;"22   ";Masculino;"0 ";"0    ";"1    ";"0    ";-15.6033840;-47.6846920;SPRF-DF;DEL02-DF;UOP01-DEL02-DF 
629304;"1410139   ";2024-09-20;sexta-feira;06:00:00;DF;"20   ";"21   ";BRASILIA;Sim;Acessar a via sem observar a presença dos outros veículos;3;Queda de ocupante de veículo;Com Vítimas Feridas;Amanhecer;Decrescente;Céu Claro;Dupla;"Interseção de Vias;Reta;Retorno Regulamentado";Sim  ;"1128941   ";Motocicleta;HONDA/CG 160 TITAN;"2018      ";Condutor;Lesões Leves;"25   ";Masculino;"0 ";"1    ";"0    ";"0    ";-15.6033840;-47.6846920;SPRF-DF;DEL02-DF;UOP01-DEL02-DF 
629304;"1410138   ";2024-09-20;sexta-feira;06:00:00;DF;"20   ";"21   ";BRASILIA;Sim;Acessar a via sem observar a presença dos outros veículos;3;Queda de ocupante de veículo;Com Vítimas Feridas;Amanhecer;Decrescente;Céu Claro;Dupla;"Interseção de Vias;Reta;Retorno Regulamentado";Sim  ;"1128940   ";Automóvel;CHEV/PRISMA 1.4MT LT;"2013      ";Passageiro;Ileso;"56   ";Masculino;"1 ";"0    ";"0    ";"0    ";-15.6033840;-47.6846920;SPRF-DF;DEL02-DF;UOP01-DEL02-DF 
629304;"1410137   ";2024-09-20;sexta-feira;06:00:00;DF;"20   ";"21   ";BRASILIA;Sim;Acessar a via sem observar a presença dos outros veículos;3;Queda de ocupante de veículo;Com Vítimas Feridas;Amanhecer;Decrescente;Céu Claro;Dupla;"Interseção de Vias;Reta;Retorno Regulamentado";Sim  ;"1128940   ";Automóvel;CHEV/PRISMA 1.4MT LT;"2013      ";Condutor;Ileso;"61   ";Feminino;"1 ";"0    ";"0    ";"0    ";-15.6033840;-47.6846920;SPRF-DF;DEL02-DF;UOP01-DEL02-DF 
629304;"1410140   ";2024-09-20;sexta-feira;06:00:00;DF;"20   ";"21   ";BRASILIA;Sim;Acessar a via sem observar a presença dos outros veículos;2;Tombamento;Com Vítimas Feridas;Amanhecer;Decrescente;Céu Claro;Dupla;"Interseção de Vias;Reta;Retorno Regulamentado";Sim  ;"1128941   ";Motocicleta;HONDA/CG 160 TITAN;"2018      ";Passageiro;Lesões Graves;"22   ";Masculino;"0 ";"0    ";"1    ";"0    ";-15.6033840;-47.6846920;SPRF-DF;DEL02-DF;UOP01-DEL02-DF 
629304;"1410139   ";2024-09-20;sexta-feira;06:00:00;DF;"20   ";"21   ";BRASILIA;Sim;Acessar a via sem observar a presença dos outros veículos;2;Tombamento;Com Vítimas Feridas;Amanhecer;Decrescente;Céu Claro;Dupla;"Interseção de Vias;Reta;Retorno Regulamentado";Sim  ;"1128941   ";Motocicleta;HONDA/CG 160 TITAN;"2018      ";Condutor;Lesões Leves;"25   ";Masculino;"0 ";"1    ";"0    ";"0    ";-15.6033840;-47.6846920;SPRF-DF;DEL02-DF;UOP01-DEL02-DF 
629304;"1410138   ";2024-09-20;sexta-feira;06:00:00;DF;"20   ";"21   ";BRASILIA;Sim;Acessar a via sem observar a presença dos outros veículos;2;Tombamento;Com Vítimas Feridas;Amanhecer;Decrescente;Céu Claro;Dupla;"Interseção de Vias;Reta;Retorno Regulamentado";Sim  ;"1128940   ";Automóvel;CHEV/PRISMA 1.4MT LT;"2013      ";Passageiro;Ileso;"56   ";Masculino;"1 ";"0    ";"0    ";"0    ";-15.6033840;-47.6846920;SPRF-DF;DEL02-DF;UOP01-DEL02-DF 
629304;"1410137   ";2024-09-20;sexta-feira;06:00:00;DF;"20   ";"21   ";BRASILIA;Sim;Acessar a via sem observar a presença dos outros veículos;2;Tombamento;Com Vítimas Feridas;Amanhecer;Decrescente;Céu Claro;Dupla;"Interseção de Vias;Reta;Retorno Regulamentado";Sim  ;"1128940   ";Automóvel;CHEV/PRISMA 1.4MT LT;"2013      ";Condutor;Ileso;"61   ";Feminino;"1 ";"0    ";"0    ";"0    ";-15.6033840;-47.6846920;SPRF-DF;DEL02-DF;UOP01-DEL02-DF 
629304;"1410140   ";2024-09-20;sexta-feira;06:00:00;DF;"20   ";"21   ";BRASILIA;Sim;Acessar a via sem observar a presença dos outros veículos;1;Colisão traseira;Com Vítimas Feridas;Amanhecer;Decrescente;Céu Claro;Dupla;"Interseção de Vias;Reta;Retorno Regulamentado";Sim  ;"1128941   ";Motocicleta;HONDA/CG 160 TITAN;"2018      ";Passageiro;Lesões Graves;"22   ";Masculino;"0 ";"0    ";"1    ";"0    ";-15.6033840;-47.6846920;SPRF-DF;DEL02-DF;UOP01-DEL02-DF 
629304;"1410139   ";2024-09-20;sexta-feira;06:00:00;DF;"20   ";"21   ";BRASILIA;Sim;Acessar a via sem observar a presença dos outros veículos;1;Colisão traseira;Com Vítimas Feridas;Amanhecer;Decrescente;Céu Claro;Dupla;"Interseção de Vias;Reta;Retorno Regulamentado";Sim  ;"1128941   ";Motocicleta;HONDA/CG 160 TITAN;"2018      ";Condutor;Lesões Leves;"25   ";Masculino;"0 ";"1    ";"0    ";"0    ";-15.6033840;-47.6846920;SPRF-DF;DEL02-DF;UOP01-DEL02-DF 
629304;"1410138   ";2024-09-20;sexta-feira;06:00:00;DF;"20   ";"21   ";BRASILIA;Sim;Acessar a via sem observar a presença dos outros veículos;1;Colisão traseira;Com Vítimas Feridas;Amanhecer;Decrescente;Céu Claro;Dupla;"Interseção de Vias;Reta;Retorno Regulamentado";Sim  ;"1128940   ";Automóvel;CHEV/PRISMA 1.4MT LT;"2013      ";Passageiro;Ileso;"56   ";Masculino;"1 ";"0    ";"0    ";"0    ";-15.6033840;-47.6846920;SPRF-DF;DEL02-DF;UOP01-DEL02-DF 
629304;"1410137   ";2024-09-20;sexta-feira;06:00:00;DF;"20   ";"21   ";BRASILIA;Sim;Acessar a via sem observar a presença dos outros veículos;1;Colisão traseira;Com Vítimas Feridas;Amanhecer;Decrescente;Céu Claro;Dupla;"Interseção de Vias;Reta;Retorno Regulamentado";Sim  ;"1128940   ";Automóvel;CHEV/PRISMA 1.4MT LT;"2013      ";Condutor;Ileso;"61   ";Feminino;"1 ";"0    ";"0    ";"0    ";-15.6033840;-47.6846920;SPRF-DF;DEL02-DF;UOP01-DEL02-DF 
629389;"1410240   ";2024-09-20;sexta-feira;15:45:00;DF;"20   ";"25,4 ";BRASILIA;Não;Reação tardia ou ineficiente do condutor;1;Saída de leito carroçável;Com Vítimas Feridas;Pleno dia;Crescente;Céu Claro;Dupla;Curva;Não  ;"1129004   ";Automóvel;TOYOTA/COROLLA XEI18FLEX;"2009      ";Passageiro;Ileso;"18   ";Masculino;"1 ";"0    ";"0    ";"0    ";-15.5956030;-47.6497150;SPRF-DF;DEL02-DF;UOP01-DEL02-DF 
629389;"1410239   ";2024-09-20;sexta-feira;15:45:00;DF;"20   ";"25,4 ";BRASILIA;Não;Reação tardia ou ineficiente do condutor;1;Saída de leito carroçável;Com Vítimas Feridas;Pleno dia;Crescente;Céu Claro;Dupla;Curva;Não  ;"1129004   ";Automóvel;TOYOTA/COROLLA XEI18FLEX;"2009      ";Passageiro;Ileso;"14   ";Masculino;"1 ";"0    ";"0    ";"0    ";-15.5956030;-47.6497150;SPRF-DF;DEL02-DF;UOP01-DEL02-DF 
629389;"1410228   ";2024-09-20;sexta-feira;15:45:00;DF;"20   ";"25,4 ";BRASILIA;Não;Reação tardia ou ineficiente do condutor;1;Saída de leito carroçável;Com Vítimas Feridas;Pleno dia;Crescente;Céu Claro;Dupla;Curva;Não  ;"1129004   ";Automóvel;TOYOTA/COROLLA XEI18FLEX;"2009      ";Condutor;Lesões Leves;"48   ";Masculino;"0 ";"1    ";"0    ";"0    ";-15.5956030;-47.6497150;SPRF-DF;DEL02-DF;UOP01-DEL02-DF 
629389;"1410240   ";2024-09-20;sexta-feira;15:45:00;DF;"20   ";"25,4 ";BRASILIA;Sim;Velocidade Incompatível;1;Saída de leito carroçável;Com Vítimas Feridas;Pleno dia;Crescente;Céu Claro;Dupla;Curva;Não  ;"1129004   ";Automóvel;TOYOTA/COROLLA XEI18FLEX;"2009      ";Passageiro;Ileso;"18   ";Masculino;"1 ";"0    ";"0    ";"0    ";-15.5956030;-47.6497150;SPRF-DF;DEL02-DF;UOP01-DEL02-DF 
629389;"1410239   ";2024-09-20;sexta-feira;15:45:00;DF;"20   ";"25,4 ";BRASILIA;Sim;Velocidade Incompatível;1;Saída de leito carroçável;Com Vítimas Feridas;Pleno dia;Crescente;Céu Claro;Dupla;Curva;Não  ;"1129004   ";Automóvel;TOYOTA/COROLLA XEI18FLEX;"2009      ";Passageiro;Ileso;"14   ";Masculino;"1 ";"0    ";"0    ";"0    ";-15.5956030;-47.6497150;SPRF-DF;DEL02-DF;UOP01-DEL02-DF 
629389;"1410228   ";2024-09-20;sexta-feira;15:45:00;DF;"20   ";"25,4 ";BRASILIA;Sim;Velocidade Incompatível;1;Saída de leito carroçável;Com Vítimas Feridas;Pleno dia;Crescente;Céu Claro;Dupla;Curva;Não  ;"1129004   ";Automóvel;TOYOTA/COROLLA XEI18FLEX;"2009      ";Condutor;Lesões Leves;"48   ";Masculino;"0 ";"1    ";"0    ";"0    ";-15.5956030;-47.6497150;SPRF-DF;DEL02-DF;UOP01-DEL02-DF 
629413;"1410488   ";2024-09-20;sexta-feira;16:30:00;DF;"60   ";"3    ";BRASILIA;Não;Velocidade Incompatível;1;Colisão lateral mesmo sentido;Sem Vítimas;Pleno dia;Crescente;Céu Claro;Dupla;Reta;Sim  ;"1129207   ";Automóvel;CHEV/PRISMA 1.0MT LT;"2014      ";Condutor;Ileso;"31   ";Feminino;"1 ";"0    ";"0    ";"0    ";-15.8905210;-48.0868640;SPRF-DF;DEL03-DF;UOP01-DEL03-DF 
629413;"1410487   ";2024-09-20;sexta-feira;16:30:00;DF;"60   ";"3    ";BRASILIA;Não;Velocidade Incompatível;1;Colisão lateral mesmo sentido;Sem Vítimas;Pleno dia;Crescente;Céu Claro;Dupla;Reta;Sim  ;"1129206   ";Caminhão;M.BENZ/L 1313;"1980      ";Condutor;Ileso;"39   ";Masculino;"1 ";"0    ";"0    ";"0    ";-15.8905210;-48.0868640;SPRF-DF;DEL03-DF;UOP01-DEL03-DF 
629413;"1410488   ";2024-09-20;sexta-feira;16:30:00;DF;"60   ";"3    ";BRASILIA;Não;Reação tardia ou ineficiente do condutor;1;Colisão lateral mesmo sentido;Sem Vítimas;Pleno dia;Crescente;Céu Claro;Dupla;Reta;Sim  ;"1129207   ";Automóvel;CHEV/PRISMA 1.0MT LT;"2014      ";Condutor;Ileso;"31   ";Feminino;"1 ";"0    ";"0    ";"0    ";-15.8905210;-48.0868640;SPRF-DF;DEL03-DF;UOP01-DEL03-DF 
629413;"1410487   ";2024-09-20;sexta-feira;16:30:00;DF;"60   ";"3    ";BRASILIA;Não;Reação tardia ou ineficiente do condutor;1;Colisão lateral mesmo sentido;Sem Vítimas;Pleno dia;Crescente;Céu Claro;Dupla;Reta;Sim  ;"1129206   ";Caminhão;M.BENZ/L 1313;"1980      ";Condutor;Ileso;"39   ";Masculino;"1 ";"0    ";"0    ";"0    ";-15.8905210;-48.0868640;SPRF-DF;DEL03-DF;UOP01-DEL03-DF 
629413;"1410488   ";2024-09-20;sexta-feira;16:30:00;DF;"60   ";"3    ";BRASILIA;Não;Ausência de reação do condutor;1;Colisão lateral mesmo sentido;Sem Vítimas;Pleno dia;Crescente;Céu Claro;Dupla;Reta;Sim  ;"1129207   ";Automóvel;CHEV/PRISMA 1.0MT LT;"2014      ";Condutor;Ileso;"31   ";Feminino;"1 ";"0    ";"0    ";"0    ";-15.8905210;-48.0868640;SPRF-DF;DEL03-DF;UOP01-DEL03-DF 
629413;"1410487   ";2024-09-20;sexta-feira;16:30:00;DF;"60   ";"3    ";BRASILIA;Não;Ausência de reação do condutor;1;Colisão lateral mesmo sentido;Sem Vítimas;Pleno dia;Crescente;Céu Claro;Dupla;Reta;Sim  ;"1129206   ";Caminhão;M.BENZ/L 1313;"1980      ";Condutor;Ileso;"39   ";Masculino;"1 ";"0    ";"0    ";"0    ";-15.8905210;-48.0868640;SPRF-DF;DEL03-DF;UOP01-DEL03-DF 
629413;"1410488   ";2024-09-20;sexta-feira;16:30:00;DF;"60   ";"3    ";BRASILIA;Não;Ingestão de álcool pelo condutor;1;Colisão lateral mesmo sentido;Sem Vítimas;Pleno dia;Crescente;Céu Claro;Dupla;Reta;Sim  ;"1129207   ";Automóvel;CHEV/PRISMA 1.0MT LT;"2014      ";Condutor;Ileso;"31   ";Feminino;"1 ";"0    ";"0    ";"0    ";-15.8905210;-48.0868640;SPRF-DF;DEL03-DF;UOP01-DEL03-DF 
629413;"1410487   ";2024-09-20;sexta-feira;16:30:00;DF;"60   ";"3    ";BRASILIA;Não;Ingestão de álcool pelo condutor;1;Colisão lateral mesmo sentido;Sem Vítimas;Pleno dia;Crescente;Céu Claro;Dupla;Reta;Sim  ;"1129206   ";Caminhão;M.BENZ/L 1313;"1980      ";Condutor;Ileso;"39   ";Masculino;"1 ";"0    ";"0    ";"0    ";-15.8905210;-48.0868640;SPRF-DF;DEL03-DF;UOP01-DEL03-DF 
629413;"1410488   ";2024-09-20;sexta-feira;16:30:00;DF;"60   ";"3    ";BRASILIA;Sim;Manobra de mudança de faixa;1;Colisão lateral mesmo sentido;Sem Vítimas;Pleno dia;Crescente;Céu Claro;Dupla;Reta;Sim  ;"1129207   ";Automóvel;CHEV/PRISMA 1.0MT LT;"2014      ";Condutor;Ileso;"31   ";Feminino;"1 ";"0    ";"0    ";"0    ";-15.8905210;-48.0868640;SPRF-DF;DEL03-DF;UOP01-DEL03-DF 
629413;"1410487   ";2024-09-20;sexta-feira;16:30:00;DF;"60   ";"3    ";BRASILIA;Sim;Manobra de mudança de faixa;1;Colisão lateral mesmo sentido;Sem Vítimas;Pleno dia;Crescente;Céu Claro;Dupla;Reta;Sim  ;"1129206   ";Caminhão;M.BENZ/L 1313;"1980      ";Condutor;Ileso;"39   ";Masculino;"1 ";"0    ";"0    ";"0    ";-15.8905210;-48.0868640;SPRF-DF;DEL03-DF;UOP01-DEL03-DF 
629446;"1410427   ";2024-09-20;sexta-feira;19:30:00;DF;"60   ";"7,3  ";BRASILIA;Não;Reação tardia ou ineficiente do condutor;3;Capotamento;Sem Vítimas;Plena Noite;Decrescente;Céu Claro;Dupla;"Reta;Retorno Regulamentado";Sim  ;"1129160   ";Automóvel;FORD/KA SE 1.0 HA;"2015      ";Condutor;Ileso;"42   ";Masculino;"1 ";"0    ";"0    ";"0    ";-15.9023220;-48.1262250;SPRF-DF;DEL03-DF;UOP01-DEL03-DF 
629446;"1410426   ";2024-09-20;sexta-feira;19:30:00;DF;"60   ";"7,3  ";BRASILIA;Não;Reação tardia ou ineficiente do condutor;3;Capotamento;Sem Vítimas;Plena Noite;Decrescente;Céu Claro;Dupla;"Reta;Retorno Regulamentado";Sim  ;"1129159   ";Automóvel;CHEVROLET/ONIX 1.4AT LTZ;"2013      ";Condutor;Ileso;"28   ";Feminino;"1 ";"0    ";"0    ";"0    ";-15.9023220;-48.1262250;SPRF-DF;DEL03-DF;UOP01-DEL03-DF 
629446;"1410427   ";2024-09-20;sexta-feira;19:30:00;DF;"60   ";"7,3  ";BRASILIA;Não;Reação tardia ou ineficiente do condutor;2;Saída de leito carroçável;Sem Vítimas;Plena Noite;Decrescente;Céu Claro;Dupla;"Reta;Retorno Regulamentado";Sim  ;"1129160   ";Automóvel;FORD/KA SE 1.0 HA;"2015      ";Condutor;Ileso;"42   ";Masculino;"1 ";"0    ";"0    ";"0    ";-15.9023220;-48.1262250;SPRF-DF;DEL03-DF;UOP01-DEL03-DF 
629446;"1410426   ";2024-09-20;sexta-feira;19:30:00;DF;"60   ";"7,3  ";BRASILIA;Não;Reação tardia ou ineficiente do condutor;2;Saída de leito carroçável;Sem Vítimas;Plena Noite;Decrescente;Céu Claro;Dupla;"Reta;Retorno Regulamentado";Sim  ;"1129159   ";Automóvel;CHEVROLET/ONIX 1.4AT LTZ;"2013      ";Condutor;Ileso;"28   ";Feminino;"1 ";"0    ";"0    ";"0    ";-15.9023220;-48.1262250;SPRF-DF;DEL03-DF;UOP01-DEL03-DF 
629446;"1410427   ";2024-09-20;sexta-feira;19:30:00;DF;"60   ";"7,3  ";BRASILIA;Não;Reação tardia ou ineficiente do condutor;1;Colisão traseira;Sem Vítimas;Plena Noite;Decrescente;Céu Claro;Dupla;"Reta;Retorno Regulamentado";Sim  ;"1129160   ";Automóvel;FORD/KA SE 1.0 HA;"2015      ";Condutor;Ileso;"42   ";Masculino;"1 ";"0    ";"0    ";"0    ";-15.9023220;-48.1262250;SPRF-DF;DEL03-DF;UOP01-DEL03-DF 
629446;"1410426   ";2024-09-20;sexta-feira;19:30:00;DF;"60   ";"7,3  ";BRASILIA;Não;Reação tardia ou ineficiente do condutor;1;Colisão traseira;Sem Vítimas;Plena Noite;Decrescente;Céu Claro;Dupla;"Reta;Retorno Regulamentado";Sim  ;"1129159   ";Automóvel;CHEVROLET/ONIX 1.4AT LTZ;"2013      ";Condutor;Ileso;"28   ";Feminino;"1 ";"0    ";"0    ";"0    ";-15.9023220;-48.1262250;SPRF-DF;DEL03-DF;UOP01-DEL03-DF 
629446;"1410427   ";2024-09-20;sexta-feira;19:30:00;DF;"60   ";"7,3  ";BRASILIA;Não;Ingestão de álcool pelo condutor;3;Capotamento;Sem Vítimas;Plena Noite;Decrescente;Céu Claro;Dupla;"Reta;Retorno Regulamentado";Sim  ;"1129160   ";Automóvel;FORD/KA SE 1.0 HA;"2015      ";Condutor;Ileso;"42   ";Masculino;"1 ";"0    ";"0    ";"0    ";-15.9023220;-48.1262250;SPRF-DF;DEL03-DF;UOP01-DEL03-DF 
629446;"1410426   ";2024-09-20;sexta-feira;19:30:00;DF;"60   ";"7,3  ";BRASILIA;Não;Ingestão de álcool pelo condutor;3;Capotamento;Sem Vítimas;Plena Noite;Decrescente;Céu Claro;Dupla;"Reta;Retorno Regulamentado";Sim  ;"1129159   ";Automóvel;CHEVROLET/ONIX 1.4AT LTZ;"2013      ";Condutor;Ileso;"28   ";Feminino;"1 ";"0    ";"0    ";"0    ";-15.9023220;-48.1262250;SPRF-DF;DEL03-DF;UOP01-DEL03-DF 
629446;"1410427   ";2024-09-20;sexta-feira;19:30:00;DF;"60   ";"7,3  ";BRASILIA;Não;Ingestão de álcool pelo condutor;2;Saída de leito carroçável;Sem Vítimas;Plena Noite;Decrescente;Céu Claro;Dupla;"Reta;Retorno Regulamentado";Sim  ;"1129160   ";Automóvel;FORD/KA SE 1.0 HA;"2015      ";Condutor;Ileso;"42   ";Masculino;"1 ";"0    ";"0    ";"0    ";-15.9023220;-48.1262250;SPRF-DF;DEL03-DF;UOP01-DEL03-DF 
629446;"1410426   ";2024-09-20;sexta-feira;19:30:00;DF;"60   ";"7,3  ";BRASILIA;Não;Ingestão de álcool pelo condutor;2;Saída de leito carroçável;Sem Vítimas;Plena Noite;Decrescente;Céu Claro;Dupla;"Reta;Retorno Regulamentado";Sim  ;"1129159   ";Automóvel;CHEVROLET/ONIX 1.4AT LTZ;"2013      ";Condutor;Ileso;"28   ";Feminino;"1 ";"0    ";"0    ";"0    ";-15.9023220;-48.1262250;SPRF-DF;DEL03-DF;UOP01-DEL03-DF 
629446;"1410427   ";2024-09-20;sexta-feira;19:30:00;DF;"60   ";"7,3  ";BRASILIA;Não;Ingestão de álcool pelo condutor;1;Colisão traseira;Sem Vítimas;Plena Noite;Decrescente;Céu Claro;Dupla;"Reta;Retorno Regulamentado";Sim  ;"1129160   ";Automóvel;FORD/KA SE 1.0 HA;"2015      ";Condutor;Ileso;"42   ";Masculino;"1 ";"0    ";"0    ";"0    ";-15.9023220;-48.1262250;SPRF-DF;DEL03-DF;UOP01-DEL03-DF 
629446;"1410426   ";2024-09-20;sexta-feira;19:30:00;DF;"60   ";"7,3  ";BRASILIA;Não;Ingestão de álcool pelo condutor;1;Colisão traseira;Sem Vítimas;Plena Noite;Decrescente;Céu Claro;Dupla;"Reta;Retorno Regulamentado";Sim  ;"1129159   ";Automóvel;CHEVROLET/ONIX 1.4AT LTZ;"2013      ";Condutor;Ileso;"28   ";Feminino;"1 ";"0    ";"0    ";"0    ";-15.9023220;-48.1262250;SPRF-DF;DEL03-DF;UOP01-DEL03-DF 
629446;"1410427   ";2024-09-20;sexta-feira;19:30:00;DF;"60   ";"7,3  ";BRASILIA;Sim;Velocidade Incompatível;3;Capotamento;Sem Vítimas;Plena Noite;Decrescente;Céu Claro;Dupla;"Reta;Retorno Regulamentado";Sim  ;"1129160   ";Automóvel;FORD/KA SE 1.0 HA;"2015      ";Condutor;Ileso;"42   ";Masculino;"1 ";"0    ";"0    ";"0    ";-15.9023220;-48.1262250;SPRF-DF;DEL03-DF;UOP01-DEL03-DF 
629446;"1410426   ";2024-09-20;sexta-feira;19:30:00;DF;"60   ";"7,3  ";BRASILIA;Sim;Velocidade Incompatível;3;Capotamento;Sem Vítimas;Plena Noite;Decrescente;Céu Claro;Dupla;"Reta;Retorno Regulamentado";Sim  ;"1129159   ";Automóvel;CHEVROLET/ONIX 1.4AT LTZ;"2013      ";Condutor;Ileso;"28   ";Feminino;"1 ";"0    ";"0    ";"0    ";-15.9023220;-48.1262250;SPRF-DF;DEL03-DF;UOP01-DEL03-DF 
629446;"1410427   ";2024-09-20;sexta-feira;19:30:00;DF;"60   ";"7,3  ";BRASILIA;Sim;Velocidade Incompatível;2;Saída de leito carroçável;Sem Vítimas;Plena Noite;Decrescente;Céu Claro;Dupla;"Reta;Retorno Regulamentado";Sim  ;"1129160   ";Automóvel;FORD/KA SE 1.0 HA;"2015      ";Condutor;Ileso;"42   ";Masculino;"1 ";"0    ";"0    ";"0    ";-15.9023220;-48.1262250;SPRF-DF;DEL03-DF;UOP01-DEL03-DF 
629446;"1410426   ";2024-09-20;sexta-feira;19:30:00;DF;"60   ";"7,3  ";BRASILIA;Sim;Velocidade Incompatível;2;Saída de leito carroçável;Sem Vítimas;Plena Noite;Decrescente;Céu Claro;Dupla;"Reta;Retorno Regulamentado";Sim  ;"1129159   ";Automóvel;CHEVROLET/ONIX 1.4AT LTZ;"2013      ";Condutor;Ileso;"28   ";Feminino;"1 ";"0    ";"0    ";"0    ";-15.9023220;-48.1262250;SPRF-DF;DEL03-DF;UOP01-DEL03-DF 
629446;"1410427   ";2024-09-20;sexta-feira;19:30:00;DF;"60   ";"7,3  ";BRASILIA;Sim;Velocidade Incompatível;1;Colisão traseira;Sem Vítimas;Plena Noite;Decrescente;Céu Claro;Dupla;"Reta;Retorno Regulamentado";Sim  ;"1129160   ";Automóvel;FORD/KA SE 1.0 HA;"2015      ";Condutor;Ileso;"42   ";Masculino;"1 ";"0    ";"0    ";"0    ";-15.9023220;-48.1262250;SPRF-DF;DEL03-DF;UOP01-DEL03-DF 
629446;"1410426   ";2024-09-20;sexta-feira;19:30:00;DF;"60   ";"7,3  ";BRASILIA;Sim;Velocidade Incompatível;1;Colisão traseira;Sem Vítimas;Plena Noite;Decrescente;Céu Claro;Dupla;"Reta;Retorno Regulamentado";Sim  ;"1129159   ";Automóvel;CHEVROLET/ONIX 1.4AT LTZ;"2013      ";Condutor;Ileso;"28   ";Feminino;"1 ";"0    ";"0    ";"0    ";-15.9023220;-48.1262250;SPRF-DF;DEL03-DF;UOP01-DEL03-DF 
629522;"1411394   ";2024-09-21;sábado;05:50:00;DF;"251  ";"35   ";BRASILIA;Sim;Ausência de reação do condutor;1;Colisão traseira;Com Vítimas Feridas;Amanhecer;Decrescente;Céu Claro;Simples;"Aclive;Reta";Não  ;"1129836   ";Automóvel;FIAT/UNO MILLE WAY ECON;"2012      ";Passageiro;Lesões Leves;"48   ";Feminino;"0 ";"1    ";"0    ";"0    ";-15.9407310;-47.7700150;SPRF-DF;DEL01-DF;UOP01-DEL01-DF 