id;pesid;data_inversa;dia_semana;horario;uf;br;km;municipio;causa_principal;causa_acidente;ordem_tipo_acidente;tipo_acidente;classificacao_acidente;fase_dia;sentido_via;condicao_metereologica;tipo_pista;tracado_via;uso_solo;id_veiculo;tipo_veiculo;marca;ano_fabricacao_veiculo;tipo_envolvido;estado_fisico;idade;sexo;ilesos;feridos_leves;feridos_graves;mortos;latitude;longitude;regional;delegacia;uop
629522;"1411389   ";2024-09-21;sábado;05:50:00;DF;"251  ";"35   ";BRASILIA;Sim;Ausência de reação do condutor;1;Colisão traseira;Com Vítimas Feridas;Amanhecer;Decrescente;Céu Claro;Simples;"Aclive;Reta";Não  ;"1129836   ";Automóvel;FIAT/UNO MILLE WAY ECON;"2012      ";Condutor;Lesões Leves;"50   ";Masculino;"0 ";"1    ";"0    ";"0    ";-15.9407310;-47.7700150;SPRF-DF;DEL01-DF;UOP01-DEL01-DF 
629522;"1411388   ";2024-09-21;sábado;05:50:00;DF;"251  ";"35   ";BRASILIA;Sim;Ausência de reação do condutor;1;Colisão traseira;Com Vítimas Feridas;Amanhecer;Decrescente;Céu Claro;Simples;"Aclive;Reta";Não  ;"1129833   ";Automóvel;I/FIAT CRONOS DRIVE 1.3;"2022      ";Condutor;Ileso;"24   ";Masculino;"1 ";"0    ";"0    ";"0    ";-15.9407310;-47.7700150;SPRF-DF;DEL01-DF;UOP01-DEL01-DF 
629579;"1410626   ";2024-09-21;sábado;12:30:00;DF;"20   ";"1,2  ";BRASILIA;Não;Reação tardia ou ineficiente do condutor;2;Capotamento;Com Vítimas Feridas;Pleno dia;Crescente;Céu Claro;Dupla;Reta;Sim  ;"1129340   ";Automóvel;I/FIAT SIENA EL FLEX;"2011      ";Passageiro;Lesões Leves;"0    ";Feminino;"0 ";"1    ";"0    ";"0    ";-15.6858140;-47.8498380;SPRF-DF;DEL02-DF;UOP01-DEL02-DF 
629579;"1410629   ";2024-09-21;sábado;12:30:00;DF;"20   ";"1,2  ";BRASILIA;Não;Reação tardia ou ineficiente do condutor;2;Capotamento;Com Vítimas Feridas;Pleno dia;Crescente;Céu Claro;Dupla;Reta;Sim  ;"1129340   ";Automóvel;I/FIAT SIENA EL FLEX;"2011      ";Passageiro;Lesões Leves;"0    ";Feminino;"0 ";"1    ";"0    ";"0    ";-15.6858140;-47.8498380;SPRF-DF;DEL02-DF;UOP01-DEL02-DF 
629579;"1410623   ";2024-09-21;sábado;12:30:00;DF;"20   ";"1,2  ";BRASILIA;Não;Reação tardia ou ineficiente do condutor;2;Capotamento;Com Vítimas Feridas;Pleno dia;Crescente;Céu Claro;Dupla;Reta;Sim  ;"1129340   ";Automóvel;I/FIAT SIENA EL FLEX;"2011      ";Passageiro;Lesões Leves;"0    ";Feminino;"0 ";"1    ";"0    ";"0    ";-15.6858140;-47.8498380;SPRF-DF;DEL02-DF;UOP01-DEL02-DF 
629579;"1410621   ";2024-09-21;sábado;12:30:00;DF;"20   ";"1,2  ";BRASILIA;Não;Reação tardia ou ineficiente do condutor;2;Capotamento;Com Vítimas Feridas;Pleno dia;Crescente;Céu Claro;Dupla;Reta;Sim  ;"1129340   ";Automóvel;I/FIAT SIENA EL FLEX;"2011      ";Condutor;Lesões Leves;"53   ";Masculino;"0 ";"1    ";"0    ";"0    ";-15.6858140;-47.8498380;SPRF-DF;DEL02-DF;UOP01-DEL02-DF 
629579;"1410626   ";2024-09-21;sábado;12:30:00;DF;"20   ";"1,2  ";BRASILIA;Não;Reação tardia ou ineficiente do condutor;1;Saída de leito carroçável;Com Vítimas Feridas;Pleno dia;Crescente;Céu Claro;Dupla;Reta;Sim  ;"1129340   ";Automóvel;I/FIAT SIENA EL FLEX;"2011      ";Passageiro;Lesões Leves;"0    ";Feminino;"0 ";"1    ";"0    ";"0    ";-15.6858140;-47.8498380;SPRF-DF;DEL02-DF;UOP01-DEL02-DF 
629579;"1410629   ";2024-09-21;sábado;12:30:00;DF;"20   ";"1,2  ";BRASILIA;Não;Reação tardia ou ineficiente do condutor;1;Saída de leito carroçável;Com Vítimas Feridas;Pleno dia;Crescente;Céu Claro;Dupla;Reta;Sim  ;"1129340   ";Automóvel;I/FIAT SIENA EL FLEX;"2011      ";Passageiro;Lesões Leves;"0    ";Feminino;"0 ";"1    ";"0    ";"0    ";-15.6858140;-47.8498380;SPRF-DF;DEL02-DF;UOP01-DEL02-DF 
629579;"1410623   ";2024-09-21;sábado;12:30:00;DF;"20   ";"1,2  ";BRASILIA;Não;Reação tardia ou ineficiente do condutor;1;Saída de leito carroçável;Com Vítimas Feridas;Pleno dia;Crescente;Céu Claro;Dupla;Reta;Sim  ;"1129340   ";Automóvel;I/FIAT SIENA EL FLEX;"2011      ";Passageiro;Lesões Leves;"0    ";Feminino;"0 ";"1    ";"0    ";"0    ";-15.6858140;-47.8498380;SPRF-DF;DEL02-DF;UOP01-DEL02-DF 
629579;"1410621   ";2024-09-21;sábado;12:30:00;DF;"20   ";"1,2  ";BRASILIA;Não;Reação tardia ou ineficiente do condutor;1;Saída de leito carroçável;Com Vítimas Feridas;Pleno dia;Crescente;Céu Claro;Dupla;Reta;Sim  ;"1129340   ";Automóvel;I/FIAT SIENA EL FLEX;"2011      ";Condutor;Lesões Leves;"53   ";Masculino;"0 ";"1    ";"0    ";"0    ";-15.6858140;-47.8498380;SPRF-DF;DEL02-DF;UOP01-DEL02-DF 
629579;"1410626   ";2024-09-21;sábado;12:30:00;DF;"20   ";"1,2  ";BRASILIA;Sim;Condutor deixou de manter distância do veículo da frente;2;Capotamento;Com Vítimas Feridas;Pleno dia;Crescente;Céu Claro;Dupla;Reta;Sim  ;"1129340   ";Automóvel;I/FIAT SIENA EL FLEX;"2011      ";Passageiro;Lesões Leves;"0    ";Feminino;"0 ";"1    ";"0    ";"0    ";-15.6858140;-47.8498380;SPRF-DF;DEL02-DF;UOP01-DEL02-DF 
629579;"1410629   ";2024-09-21;sábado;12:30:00;DF;"20   ";"1,2  ";BRASILIA;Sim;Condutor deixou de manter distância do veículo da frente;2;Capotamento;Com Vítimas Feridas;Pleno dia;Crescente;Céu Claro;Dupla;Reta;Sim  ;"1129340   ";Automóvel;I/FIAT SIENA EL FLEX;"2011      ";Passageiro;Lesões Leves;"0    ";Feminino;"0 ";"1    ";"0    ";"0    ";-15.6858140;-47.8498380;SPRF-DF;DEL02-DF;UOP01-DEL02-DF 
629579;"1410623   ";2024-09-21;sábado;12:30:00;DF;"20   ";"1,2  ";BRASILIA;Sim;Condutor deixou de manter distância do veículo da frente;2;Capotamento;Com Vítimas Feridas;Pleno dia;Crescente;Céu Claro;Dupla;Reta;Sim  ;"1129340   ";Automóvel;I/FIAT SIENA EL FLEX;"2011      ";Passageiro;Lesões Leves;"0    ";Feminino;"0 ";"1    ";"0    ";"0    ";-15.6858140;-47.8498380;SPRF-DF;DEL02-DF;UOP01-DEL02-DF 
629579;"1410621   ";2024-09-21;sábado;12:30:00;DF;"20   ";"1,2  ";BRASILIA;Sim;Condutor deixou de manter distância do veículo da frente;2;Capotamento;Com Vítimas Feridas;Pleno dia;Crescente;Céu Claro;Dupla;Reta;Sim  ;"1129340   ";Automóvel;I/FIAT SIENA EL FLEX;"2011      ";Condutor;Lesões Leves;"53   ";Masculino;"0 ";"1    ";"0    ";"0    ";-15.6858140;-47.8498380;SPRF-DF;DEL02-DF;UOP01-DEL02-DF 
629579;"1410626   ";2024-09-21;sábado;12:30:00;DF;"20   ";"1,2  ";BRASILIA;Sim;Condutor deixou de manter distância do veículo da frente;1;Saída de leito carroçável;Com Vítimas Feridas;Pleno dia;Crescente;Céu Claro;Dupla;Reta;Sim  ;"1129340   ";Automóvel;I/FIAT SIENA EL FLEX;"2011      ";Passageiro;Lesões Leves;"0    ";Feminino;"0 ";"1    ";"0    ";"0    ";-15.6858140;-47.8498380;SPRF-DF;DEL02-DF;UOP01-DEL02-DF 
629579;"1410629   ";2024-09-21;sábado;12:30:00;DF;"20   ";"1,2  ";BRASILIA;Sim;Condutor deixou de manter distância do veículo da frente;1;Saída de leito carroçável;Com Vítimas Feridas;Pleno dia;Crescente;Céu Claro;Dupla;Reta;Sim  ;"1129340   ";Automóvel;I/FIAT SIENA EL FLEX;"2011      ";Passageiro;Lesões Leves;"0    ";Feminino;"0 ";"1    ";"0    ";"0    ";-15.6858140;-47.8498380;SPRF-DF;DEL02-DF;UOP01-DEL02-DF 
629579;"1410623   ";2024-09-21;sábado;12:30:00;DF;"20   ";"1,2  ";BRASILIA;Sim;Condutor deixou de manter distância do veículo da frente;1;Saída de leito carroçável;Com Vítimas Feridas;Pleno dia;Crescente;Céu Claro;Dupla;Reta;Sim  ;"1129340   ";Automóvel;I/FIAT SIENA EL FLEX;"2011      ";Passageiro;Lesões Leves;"0    ";Feminino;"0 ";"1    ";"0    ";"0    ";-15.6858140;-47.8498380;SPRF-DF;DEL02-DF;UOP01-DEL02-DF 
629579;"1410621   ";2024-09-21;sábado;12:30:00;DF;"20   ";"1,2  ";BRASILIA;Sim;Condutor deixou de manter distância do veículo da frente;1;Saída de leito carroçável;Com Vítimas Feridas;Pleno dia;Crescente;Céu Claro;Dupla;Reta;Sim  ;"1129340   ";Automóvel;I/FIAT SIENA EL FLEX;"2011      ";Condutor;Lesões Leves;"53   ";Masculino;"0 ";"1    ";"0    ";"0    ";-15.6858140;-47.8498380;SPRF-DF;DEL02-DF;UOP01-DEL02-DF 
629669;"1415516   ";2024-09-21;sábado;19:00:00;DF;"80   ";"14   ";BRASILIA;Não;Ausência de reação do condutor;3;Queda de ocupante de veículo;Com Vítimas Feridas;Plena Noite;Crescente;Céu Claro;Simples;Reta;Não  ;"1133095   ";Automóvel;Não Informado/Não Informado;"0         ";Condutor;Não Informado;"0    ";Não Informado;"0 ";"0    ";"0    ";"0    ";-15.7190340;-48.1966860;SPRF-DF;DEL03-DF;UOP02-DEL03-DF 
629669;"1411054   ";2024-09-21;sábado;19:00:00;DF;"80   ";"14   ";BRASILIA;Não;Ausência de reação do condutor;3;Queda de ocupante de veículo;Com Vítimas Feridas;Plena Noite;Crescente;Céu Claro;Simples;Reta;Não  ;"1129643   ";Motocicleta;HONDA/CG 125 TITAN;"1997      ";Condutor;Lesões Graves;"33   ";Masculino;"0 ";"0    ";"1    ";"0    ";-15.7190340;-48.1966860;SPRF-DF;DEL03-DF;UOP02-DEL03-DF 
629669;"1411057   ";2024-09-21;sábado;19:00:00;DF;"80   ";"14   ";BRASILIA;Não;Ausência de reação do condutor;3;Queda de ocupante de veículo;Com Vítimas Feridas;Plena Noite;Crescente;Céu Claro;Simples;Reta;Não  ;"1129643   ";Motocicleta;HONDA/CG 125 TITAN;"1997      ";Passageiro;Lesões Leves;"47   ";Masculino;"0 ";"1    ";"0    ";"0    ";-15.7190340;-48.1966860;SPRF-DF;DEL03-DF;UOP02-DEL03-DF 
629669;"1415516   ";2024-09-21;sábado;19:00:00;DF;"80   ";"14   ";BRASILIA;Não;Ausência de reação do condutor;2;Tombamento;Com Vítimas Feridas;Plena Noite;Crescente;Céu Claro;Simples;Reta;Não  ;"1133095   ";Automóvel;Não Informado/Não Informado;"0         ";Condutor;Não Informado;"0    ";Não Informado;"0 ";"0    ";"0    ";"0    ";-15.7190340;-48.1966860;SPRF-DF;DEL03-DF;UOP02-DEL03-DF 
629669;"1411054   ";2024-09-21;sábado;19:00:00;DF;"80   ";"14   ";BRASILIA;Não;Ausência de reação do condutor;2;Tombamento;Com Vítimas Feridas;Plena Noite;Crescente;Céu Claro;Simples;Reta;Não  ;"1129643   ";Motocicleta;HONDA/CG 125 TITAN;"1997      ";Condutor;Lesões Graves;"33   ";Masculino;"0 ";"0    ";"1    ";"0    ";-15.7190340;-48.1966860;SPRF-DF;DEL03-DF;UOP02-DEL03-DF 
629669;"1411057   ";2024-09-21;sábado;19:00:00;DF;"80   ";"14   ";BRASILIA;Não;Ausência de reação do condutor;2;Tombamento;Com Vítimas Feridas;Plena Noite;Crescente;Céu Claro;Simples;Reta;Não  ;"1129643   ";Motocicleta;HONDA/CG 125 TITAN;"1997      ";Passageiro;Lesões Leves;"47   ";Masculino;"0 ";"1    ";"0    ";"0    ";-15.7190340;-48.1966860;SPRF-DF;DEL03-DF;UOP02-DEL03-DF 
629669;"1415516   ";2024-09-21;sábado;19:00:00;DF;"80   ";"14   ";BRASILIA;Não;Ausência de reação do condutor;1;Colisão lateral sentido oposto;Com Vítimas Feridas;Plena Noite;Crescente;Céu Claro;Simples;Reta;Não  ;"1133095   ";Automóvel;Não Informado/Não Informado;"0         ";Condutor;Não Informado;"0    ";Não Informado;"0 ";"0    ";"0    ";"0    ";-15.7190340;-48.1966860;SPRF-DF;DEL03-DF;UOP02-DEL03-DF 
629669;"1411054   ";2024-09-21;sábado;19:00:00;DF;"80   ";"14   ";BRASILIA;Não;Ausência de reação do condutor;1;Colisão lateral sentido oposto;Com Vítimas Feridas;Plena Noite;Crescente;Céu Claro;Simples;Reta;Não  ;"1129643   ";Motocicleta;HONDA/CG 125 TITAN;"1997      ";Condutor;Lesões Graves;"33   ";Masculino;"0 ";"0    ";"1    ";"0    ";-15.7190340;-48.1966860;SPRF-DF;DEL03-DF;UOP02-DEL03-DF 
629669;"1411057   ";2024-09-21;sábado;19:00:00;DF;"80   ";"14   ";BRASILIA;Não;Ausência de reação do condutor;1;Colisão lateral sentido oposto;Com Vítimas Feridas;Plena Noite;Crescente;Céu Claro;Simples;Reta;Não  ;"1129643   ";Motocicleta;HONDA/CG 125 TITAN;"1997      ";Passageiro;Lesões Leves;"47   ";Masculino;"0 ";"1    ";"0    ";"0    ";-15.7190340;-48.1966860;SPRF-DF;DEL03-DF;UOP02-DEL03-DF 
629669;"1415516   ";2024-09-21;sábado;19:00:00;DF;"80   ";"14   ";BRASILIA;Sim;Ultrapassagem Indevida;3;Queda de ocupante de veículo;Com Vítimas Feridas;Plena Noite;Crescente;Céu Claro;Simples;Reta;Não  ;"1133095   ";Automóvel;Não Informado/Não Informado;"0         ";Condutor;Não Informado;"0    ";Não Informado;"0 ";"0    ";"0    ";"0    ";-15.7190340;-48.1966860;SPRF-DF;DEL03-DF;UOP02-DEL03-DF 
629669;"1411054   ";2024-09-21;sábado;19:00:00;DF;"80   ";"14   ";BRASILIA;Sim;Ultrapassagem Indevida;3;Queda de ocupante de veículo;Com Vítimas Feridas;Plena Noite;Crescente;Céu Claro;Simples;Reta;Não  ;"1129643   ";Motocicleta;HONDA/CG 125 TITAN;"1997      ";Condutor;Lesões Graves;"33   ";Masculino;"0 ";"0    ";"1    ";"0    ";-15.7190340;-48.1966860;SPRF-DF;DEL03-DF;UOP02-DEL03-DF 
629669;"1411057   ";2024-09-21;sábado;19:00:00;DF;"80   ";"14   ";BRASILIA;Sim;Ultrapassagem Indevida;3;Queda de ocupante de veículo;Com Vítimas Feridas;Plena Noite;Crescente;Céu Claro;Simples;Reta;Não  ;"1129643   ";Motocicleta;HONDA/CG 125 TITAN;"1997      ";Passageiro;Lesões Leves;"47   ";Masculino;"0 ";"1    ";"0    ";"0    ";-15.7190340;-48.1966860;SPRF-DF;DEL03-DF;UOP02-DEL03-DF 
629669;"1415516   ";2024-09-21;sábado;19:00:00;DF;"80   ";"14   ";BRASILIA;Sim;Ultrapassagem Indevida;2;Tombamento;Com Vítimas Feridas;Plena Noite;Crescente;Céu Claro;Simples;Reta;Não  ;"1133095   ";Automóvel;Não Informado/Não Informado;"0         ";Condutor;Não Informado;"0    ";Não Informado;"0 ";"0    ";"0    ";"0    ";-15.7190340;-48.1966860;SPRF-DF;DEL03-DF;UOP02-DEL03-DF 
629669;"1411054   ";2024-09-21;sábado;19:00:00;DF;"80   ";"14   ";BRASILIA;Sim;Ultrapassagem Indevida;2;Tombamento;Com Vítimas Feridas;Plena Noite;Crescente;Céu Claro;Simples;Reta;Não  ;"1129643   ";Motocicleta;HONDA/CG 125 TITAN;"1997      ";Condutor;Lesões Graves;"33   ";Masculino;"0 ";"0    ";"1    ";"0    ";-15.7190340;-48.1966860;SPRF-DF;DEL03-DF;UOP02-DEL03-DF 
629669;"1411057   ";2024-09-21;sábado;19:00:00;DF;"80   ";"14   ";BRASILIA;Sim;Ultrapassagem Indevida;2;Tombamento;Com Vítimas Feridas;Plena Noite;Crescente;Céu Claro;Simples;Reta;Não  ;"1129643   ";Motocicleta;HONDA/CG 125 TITAN;"1997      ";Passageiro;Lesões Leves;"47   ";Masculino;"0 ";"1    ";"0    ";"0    ";-15.7190340;-48.1966860;SPRF-DF;DEL03-DF;UOP02-DEL03-DF 
629669;"1415516   ";2024-09-21;sábado;19:00:00;DF;"80   ";"14   ";BRASILIA;Sim;Ultrapassagem Indevida;1;Colisão lateral sentido oposto;Com Vítimas Feridas;Plena Noite;Crescente;Céu Claro;Simples;Reta;Não  ;"1133095   ";Automóvel;Não Informado/Não Informado;"0         ";Condutor;Não Informado;"0    ";Não Informado;"0 ";"0    ";"0    ";"0    ";-15.7190340;-48.1966860;SPRF-DF;DEL03-DF;UOP02-DEL03-DF 
629669;"1411054   ";2024-09-21;sábado;19:00:00;DF;"80   ";"14   ";BRASILIA;Sim;Ultrapassagem Indevida;1;Colisão lateral sentido oposto;Com Vítimas Feridas;Plena Noite;Crescente;Céu Claro;Simples;Reta;Não  ;"1129643   ";Motocicleta;HONDA/CG 125 TITAN;"1997      ";Condutor;Lesões Graves;"33   ";Masculino;"0 ";"0    ";"1    ";"0    ";-15.7190340;-48.1966860;SPRF-DF;DEL03-DF;UOP02-DEL03-DF 
629669;"1411057   ";2024-09-21;sábado;19:00:00;DF;"80   ";"14   ";BRASILIA;Sim;Ultrapassagem Indevida;1;Colisão lateral sentido oposto;Com Vítimas Feridas;Plena Noite;Crescente;Céu Claro;Simples;Reta;Não  ;"1129643   ";Motocicleta;HONDA/CG 125 TITAN;"1997      ";Passageiro;Lesões Leves;"47   ";Masculino;"0 ";"1    ";"0    ";"0    ";-15.7190340;-48.1966860;SPRF-DF;DEL03-DF;UOP02-DEL03-DF 
629688;"1410998   ";2024-09-21;sábado;21:20:00;DF;"60   ";"4,5  ";BRASILIA;Não;Ausência de reação do condutor;3;Saída de leito carroçável;Com Vítimas Feridas;Plena Noite;Decrescente;Céu Claro;Dupla;Reta;Sim  ;"1129605   ";Caminhonete;VW/NOVA SAVEIRO RB MBVS;"2019      ";Condutor;Ileso;"38   ";Masculino;"1 ";"0    ";"0    ";"0    ";-15.8927210;-48.0957410;SPRF-DF;DEL03-DF;UOP01-DEL03-DF 
629688;"1410993   ";2024-09-21;sábado;21:20:00;DF;"60   ";"4,5  ";BRASILIA;Não;Ausência de reação do condutor;3;Saída de leito carroçável;Com Vítimas Feridas;Plena Noite;Decrescente;Céu Claro;Dupla;Reta;Sim  ;"1129604   ";Automóvel;I/RENAULT CLIO AUT1616VS;"2008      ";Condutor;Lesões Leves;"33   ";Masculino;"0 ";"1    ";"0    ";"0    ";-15.8927210;-48.0957410;SPRF-DF;DEL03-DF;UOP01-DEL03-DF 
629688;"1410997   ";2024-09-21;sábado;21:20:00;DF;"60   ";"4,5  ";BRASILIA;Não;Ausência de reação do condutor;3;Saída de leito carroçável;Com Vítimas Feridas;Plena Noite;Decrescente;Céu Claro;Dupla;Reta;Sim  ;"1129604   ";Automóvel;I/RENAULT CLIO AUT1616VS;"2008      ";Passageiro;Ileso;"0    ";Masculino;"1 ";"0    ";"0    ";"0    ";-15.8927210;-48.0957410;SPRF-DF;DEL03-DF;UOP01-DEL03-DF 
629688;"1410995   ";2024-09-21;sábado;21:20:00;DF;"60   ";"4,5  ";BRASILIA;Não;Ausência de reação do condutor;3;Saída de leito carroçável;Com Vítimas Feridas;Plena Noite;Decrescente;Céu Claro;Dupla;Reta;Sim  ;"1129604   ";Automóvel;I/RENAULT CLIO AUT1616VS;"2008      ";Passageiro;Ileso;"11   ";Feminino;"1 ";"0    ";"0    ";"0    ";-15.8927210;-48.0957410;SPRF-DF;DEL03-DF;UOP01-DEL03-DF 
629688;"1410994   ";2024-09-21;sábado;21:20:00;DF;"60   ";"4,5  ";BRASILIA;Não;Ausência de reação do condutor;3;Saída de leito carroçável;Com Vítimas Feridas;Plena Noite;Decrescente;Céu Claro;Dupla;Reta;Sim  ;"1129604   ";Automóvel;I/RENAULT CLIO AUT1616VS;"2008      ";Passageiro;Ileso;"33   ";Feminino;"1 ";"0    ";"0    ";"0    ";-15.8927210;-48.0957410;SPRF-DF;DEL03-DF;UOP01-DEL03-DF 
629688;"1410992   ";2024-09-21;sábado;21:20:00;DF;"60   ";"4,5  ";BRASILIA;Não;Ausência de reação do condutor;3;Saída de leito carroçável;Com Vítimas Feridas;Plena Noite;Decrescente;Céu Claro;Dupla;Reta;Sim  ;"1129603   ";Automóvel;VW/GOL 1.0 CITY;"2003      ";Condutor;Ileso;"36   ";Masculino;"1 ";"0    ";"0    ";"0    ";-15.8927210;-48.0957410;SPRF-DF;DEL03-DF;UOP01-DEL03-DF 
629688;"1411006   ";2024-09-21;sábado;21:20:00;DF;"60   ";"4,5  ";BRASILIA;Não;Ausência de reação do condutor;3;Saída de leito carroçável;Com Vítimas Feridas;Plena Noite;Decrescente;Céu Claro;Dupla;Reta;Sim  ;"0         ";"0";NA/NA;"0         ";Testemunha;Não Informado;"0    ";Não Informado;"0 ";"0    ";"0    ";"0    ";-15.8927210;-48.0957410;SPRF-DF;DEL03-DF;UOP01-DEL03-DF 
629688;"1410998   ";2024-09-21;sábado;21:20:00;DF;"60   ";"4,5  ";BRASILIA;Não;Ausência de reação do condutor;2;Atropelamento de Pedestre;Com Vítimas Feridas;Plena Noite;Decrescente;Céu Claro;Dupla;Reta;Sim  ;"1129605   ";Caminhonete;VW/NOVA SAVEIRO RB MBVS;"2019      ";Condutor;Ileso;"38   ";Masculino;"1 ";"0    ";"0    ";"0    ";-15.8927210;-48.0957410;SPRF-DF;DEL03-DF;UOP01-DEL03-DF 
629688;"1410993   ";2024-09-21;sábado;21:20:00;DF;"60   ";"4,5  ";BRASILIA;Não;Ausência de reação do condutor;2;Atropelamento de Pedestre;Com Vítimas Feridas;Plena Noite;Decrescente;Céu Claro;Dupla;Reta;Sim  ;"1129604   ";Automóvel;I/RENAULT CLIO AUT1616VS;"2008      ";Condutor;Lesões Leves;"33   ";Masculino;"0 ";"1    ";"0    ";"0    ";-15.8927210;-48.0957410;SPRF-DF;DEL03-DF;UOP01-DEL03-DF 
629688;"1410997   ";2024-09-21;sábado;21:20:00;DF;"60   ";"4,5  ";BRASILIA;Não;Ausência de reação do condutor;2;Atropelamento de Pedestre;Com Vítimas Feridas;Plena Noite;Decrescente;Céu Claro;Dupla;Reta;Sim  ;"1129604   ";Automóvel;I/RENAULT CLIO AUT1616VS;"2008      ";Passageiro;Ileso;"0    ";Masculino;"1 ";"0    ";"0    ";"0    ";-15.8927210;-48.0957410;SPRF-DF;DEL03-DF;UOP01-DEL03-DF 
629688;"1410995   ";2024-09-21;sábado;21:20:00;DF;"60   ";"4,5  ";BRASILIA;Não;Ausência de reação do condutor;2;Atropelamento de Pedestre;Com Vítimas Feridas;Plena Noite;Decrescente;Céu Claro;Dupla;Reta;Sim  ;"1129604   ";Automóvel;I/RENAULT CLIO AUT1616VS;"2008      ";Passageiro;Ileso;"11   ";Feminino;"1 ";"0    ";"0    ";"0    ";-15.8927210;-48.0957410;SPRF-DF;DEL03-DF;UOP01-DEL03-DF 
629688;"1410994   ";2024-09-21;sábado;21:20:00;DF;"60   ";"4,5  ";BRASILIA;Não;Ausência de reação do condutor;2;Atropelamento de Pedestre;Com Vítimas Feridas;Plena Noite;Decrescente;Céu Claro;Dupla;Reta;Sim  ;"1129604   ";Automóvel;I/RENAULT CLIO AUT1616VS;"2008      ";Passageiro;Ileso;"33   ";Feminino;"1 ";"0    ";"0    ";"0    ";-15.8927210;-48.0957410;SPRF-DF;DEL03-DF;UOP01-DEL03-DF 
629688;"1410992   ";2024-09-21;sábado;21:20:00;DF;"60   ";"4,5  ";BRASILIA;Não;Ausência de reação do condutor;2;Atropelamento de Pedestre;Com Vítimas Feridas;Plena Noite;Decrescente;Céu Claro;Dupla;Reta;Sim  ;"1129603   ";Automóvel;VW/GOL 1.0 CITY;"2003      ";Condutor;Ileso;"36   ";Masculino;"1 ";"0    ";"0    ";"0    ";-15.8927210;-48.0957410;SPRF-DF;DEL03-DF;UOP01-DEL03-DF 
629688;"1411006   ";2024-09-21;sábado;21:20:00;DF;"60   ";"4,5  ";BRASILIA;Não;Ausência de reação do condutor;2;Atropelamento de Pedestre;Com Vítimas Feridas;Plena Noite;Decrescente;Céu Claro;Dupla;Reta;Sim  ;"0         ";"0";NA/NA;"0         ";Testemunha;Não Informado;"0    ";Não Informado;"0 ";"0    ";"0    ";"0    ";-15.8927210;-48.0957410;SPRF-DF;DEL03-DF;UOP01-DEL03-DF 
629688;"1410998   ";2024-09-21;sábado;21:20:00;DF;"60   ";"4,5  ";BRASILIA;Não;Ausência de reação do condutor;1;Colisão traseira;Com Vítimas Feridas;Plena Noite;Decrescente;Céu Claro;Dupla;Reta;Sim  ;"1129605   ";Caminhonete;VW/NOVA SAVEIRO RB MBVS;"2019      ";Condutor;Ileso;"38   ";Masculino;"1 ";"0    ";"0    ";"0    ";-15.8927210;-48.0957410;SPRF-DF;DEL03-DF;UOP01-DEL03-DF 
629688;"1410993   ";2024-09-21;sábado;21:20:00;DF;"60   ";"4,5  ";BRASILIA;Não;Ausência de reação do condutor;1;Colisão traseira;Com Vítimas Feridas;Plena Noite;Decrescente;Céu Claro;Dupla;Reta;Sim  ;"1129604   ";Automóvel;I/RENAULT CLIO AUT1616VS;"2008      ";Condutor;Lesões Leves;"33   ";Masculino;"0 ";"1    ";"0    ";"0    ";-15.8927210;-48.0957410;SPRF-DF;DEL03-DF;UOP01-DEL03-DF 
629688;"1410997   ";2024-09-21;sábado;21:20:00;DF;"60   ";"4,5  ";BRASILIA;Não;Ausência de reação do condutor;1;Colisão traseira;Com Vítimas Feridas;Plena Noite;Decrescente;Céu Claro;Dupla;Reta;Sim  ;"1129604   ";Automóvel;I/RENAULT CLIO AUT1616VS;"2008      ";Passageiro;Ileso;"0    ";Masculino;"1 ";"0    ";"0    ";"0    ";-15.8927210;-48.0957410;SPRF-DF;DEL03-DF;UOP01-DEL03-DF 
629688;"1410995   ";2024-09-21;sábado;21:20:00;DF;"60   ";"4,5  ";BRASILIA;Não;Ausência de reação do condutor;1;Colisão traseira;Com Vítimas Feridas;Plena Noite;Decrescente;Céu Claro;Dupla;Reta;Sim  ;"1129604   ";Automóvel;I/RENAULT CLIO AUT1616VS;"2008      ";Passageiro;Ileso;"11   ";Feminino;"1 ";"0    ";"0    ";"0    ";-15.8927210;-48.0957410;SPRF-DF;DEL03-DF;UOP01-DEL03-DF 
629688;"1410994   ";2024-09-21;sábado;21:20:00;DF;"60   ";"4,5  ";BRASILIA;Não;Ausência de reação do condutor;1;Colisão traseira;Com Vítimas Feridas;Plena Noite;Decrescente;Céu Claro;Dupla;Reta;Sim  ;"1129604   ";Automóvel;I/RENAULT CLIO AUT1616VS;"2008      ";Passageiro;Ileso;"33   ";Feminino;"1 ";"0    ";"0    ";"0    ";-15.8927210;-48.0957410;SPRF-DF;DEL03-DF;UOP01-DEL03-DF 
629688;"1410992   ";2024-09-21;sábado;21:20:00;DF;"60   ";"4,5  ";BRASILIA;Não;Ausência de reação do condutor;1;Colisão traseira;Com Vítimas Feridas;Plena Noite;Decrescente;Céu Claro;Dupla;Reta;Sim  ;"1129603   ";Automóvel;VW/GOL 1.0 CITY;"2003      ";Condutor;Ileso;"36   ";Masculino;"1 ";"0    ";"0    ";"0    ";-15.8927210;-48.0957410;SPRF-DF;DEL03-DF;UOP01-DEL03-DF 