id;pesid;data_inversa;dia_semana;horario;uf;br;km;municipio;causa_principal;causa_acidente;ordem_tipo_acidente;tipo_acidente;classificacao_acidente;fase_dia;sentido_via;condicao_metereologica;tipo_pista;tracado_via;uso_solo;id_veiculo;tipo_veiculo;marca;ano_fabricacao_veiculo;tipo_envolvido;estado_fisico;idade;sexo;ilesos;feridos_leves;feridos_graves;mortos;latitude;longitude;regional;delegacia;uop
629688;"1411006   ";2024-09-21;sábado;21:20:00;DF;"60   ";"4,5  ";BRASILIA;Não;Ausência de reação do condutor;1;Colisão traseira;Com Vítimas Feridas;Plena Noite;Decrescente;Céu Claro;Dupla;Reta;Sim  ;"0         ";"0";NA/NA;"0         ";Testemunha;Não Informado;"0    ";Não Informado;"0 ";"0    ";"0    ";"0    ";-15.8927210;-48.0957410;SPRF-DF;DEL03-DF;UOP01-DEL03-DF 
629688;"1410998   ";2024-09-21;sábado;21:20:00;DF;"60   ";"4,5  ";BRASILIA;Sim;Ingestão de álcool pelo condutor;3;Saída de leito carroçável;Com Vítimas Feridas;Plena Noite;Decrescente;Céu Claro;Dupla;Reta;Sim  ;"1129605   ";Caminhonete;VW/NOVA SAVEIRO RB MBVS;"2019      ";Condutor;Ileso;"38   ";Masculino;"1 ";"0    ";"0    ";"0    ";-15.8927210;-48.0957410;SPRF-DF;DEL03-DF;UOP01-DEL03-DF 
629688;"1410993   ";2024-09-21;sábado;21:20:00;DF;"60   ";"4,5  ";BRASILIA;Sim;Ingestão de álcool pelo condutor;3;Saída de leito carroçável;Com Vítimas Feridas;Plena Noite;Decrescente;Céu Claro;Dupla;Reta;Sim  ;"1129604   ";Automóvel;I/RENAULT CLIO AUT1616VS;"2008      ";Condutor;Lesões Leves;"33   ";Masculino;"0 ";"1    ";"0    ";"0    ";-15.8927210;-48.0957410;SPRF-DF;DEL03-DF;UOP01-DEL03-DF 
629688;"1410997   ";2024-09-21;sábado;21:20:00;DF;"60   ";"4,5  ";BRASILIA;Sim;Ingestão de álcool pelo condutor;3;Saída de leito carroçável;Com Vítimas Feridas;Plena Noite;Decrescente;Céu Claro;Dupla;Reta;Sim  ;"1129604   ";Automóvel;I/RENAULT CLIO AUT1616VS;"2008      ";Passageiro;Ileso;"0    ";Masculino;"1 ";"0    ";"0    ";"0    ";-15.8927210;-48.0957410;SPRF-DF;DEL03-DF;UOP01-DEL03-DF 
629688;"1410995   ";2024-09-21;sábado;21:20:00;DF;"60   ";"4,5  ";BRASILIA;Sim;Ingestão de álcool pelo condutor;3;Saída de leito carroçável;Com Vítimas Feridas;Plena Noite;Decrescente;Céu Claro;Dupla;Reta;Sim  ;"1129604   ";Automóvel;I/RENAULT CLIO AUT1616VS;"2008      ";Passageiro;Ileso;"11   ";Feminino;"1 ";"0    ";"0    ";"0    ";-15.8927210;-48.0957410;SPRF-DF;DEL03-DF;UOP01-DEL03-DF 
629688;"1410994   ";2024-09-21;sábado;21:20:00;DF;"60   ";"4,5  ";BRASILIA;Sim;Ingestão de álcool pelo condutor;3;Saída de leito carroçável;Com Vítimas Feridas;Plena Noite;Decrescente;Céu Claro;Dupla;Reta;Sim  ;"1129604   ";Automóvel;I/RENAULT CLIO AUT1616VS;"2008      ";Passageiro;Ileso;"33   ";Feminino;"1 ";"0    ";"0    ";"0    ";-15.8927210;-48.0957410;SPRF-DF;DEL03-DF;UOP01-DEL03-DF 
629688;"1410992   ";2024-09-21;sábado;21:20:00;DF;"60   ";"4,5  ";BRASILIA;Sim;Ingestão de álcool pelo condutor;3;Saída de leito carroçável;Com Vítimas Feridas;Plena Noite;Decrescente;Céu Claro;Dupla;Reta;Sim  ;"1129603   ";Automóvel;VW/GOL 1.0 CITY;"2003      ";Condutor;Ileso;"36   ";Masculino;"1 ";"0    ";"0    ";"0    ";-15.8927210;-48.0957410;SPRF-DF;DEL03-DF;UOP01-DEL03-DF 
629688;"1411006   ";2024-09-21;sábado;21:20:00;DF;"60   ";"4,5  ";BRASILIA;Sim;Ingestão de álcool pelo condutor;3;Saída de leito carroçável;Com Vítimas Feridas;Plena Noite;Decrescente;Céu Claro;Dupla;Reta;Sim  ;"0         ";"0";NA/NA;"0         ";Testemunha;Não Informado;"0    ";Não Informado;"0 ";"0    ";"0    ";"0    ";-15.8927210;-48.0957410;SPRF-DF;DEL03-DF;UOP01-DEL03-DF 
629688;"1410998   ";2024-09-21;sábado;21:20:00;DF;"60   ";"4,5  ";BRASILIA;Sim;Ingestão de álcool pelo condutor;2;Atropelamento de Pedestre;Com Vítimas Feridas;Plena Noite;Decrescente;Céu Claro;Dupla;Reta;Sim  ;"1129605   ";Caminhonete;VW/NOVA SAVEIRO RB MBVS;"2019      ";Condutor;Ileso;"38   ";Masculino;"1 ";"0    ";"0    ";"0    ";-15.8927210;-48.0957410;SPRF-DF;DEL03-DF;UOP01-DEL03-DF 
629688;"1410993   ";2024-09-21;sábado;21:20:00;DF;"60   ";"4,5  ";BRASILIA;Sim;Ingestão de álcool pelo condutor;2;Atropelamento de Pedestre;Com Vítimas Feridas;Plena Noite;Decrescente;Céu Claro;Dupla;Reta;Sim  ;"1129604   ";Automóvel;I/RENAULT CLIO AUT1616VS;"2008      ";Condutor;Lesões Leves;"33   ";Masculino;"0 ";"1    ";"0    ";"0    ";-15.8927210;-48.0957410;SPRF-DF;DEL03-DF;UOP01-DEL03-DF 
629688;"1410997   ";2024-09-21;sábado;21:20:00;DF;"60   ";"4,5  ";BRASILIA;Sim;Ingestão de álcool pelo condutor;2;Atropelamento de Pedestre;Com Vítimas Feridas;Plena Noite;Decrescente;Céu Claro;Dupla;Reta;Sim  ;"1129604   ";Automóvel;I/RENAULT CLIO AUT1616VS;"2008      ";Passageiro;Ileso;"0    ";Masculino;"1 ";"0    ";"0    ";"0    ";-15.8927210;-48.0957410;SPRF-DF;DEL03-DF;UOP01-DEL03-DF 
629688;"1410995   ";2024-09-21;sábado;21:20:00;DF;"60   ";"4,5  ";BRASILIA;Sim;Ingestão de álcool pelo condutor;2;Atropelamento de Pedestre;Com Vítimas Feridas;Plena Noite;Decrescente;Céu Claro;Dupla;Reta;Sim  ;"1129604   ";Automóvel;I/RENAULT CLIO AUT1616VS;"2008      ";Passageiro;Ileso;"11   ";Feminino;"1 ";"0    ";"0    ";"0    ";-15.8927210;-48.0957410;SPRF-DF;DEL03-DF;UOP01-DEL03-DF 
629688;"1410994   ";2024-09-21;sábado;21:20:00;DF;"60   ";"4,5  ";BRASILIA;Sim;Ingestão de álcool pelo condutor;2;Atropelamento de Pedestre;Com Vítimas Feridas;Plena Noite;Decrescente;Céu Claro;Dupla;Reta;Sim  ;"1129604   ";Automóvel;I/RENAULT CLIO AUT1616VS;"2008      ";Passageiro;Ileso;"33   ";Feminino;"1 ";"0    ";"0    ";"0    ";-15.8927210;-48.0957410;SPRF-DF;DEL03-DF;UOP01-DEL03-DF 
629688;"1410992   ";2024-09-21;sábado;21:20:00;DF;"60   ";"4,5  ";BRASILIA;Sim;Ingestão de álcool pelo condutor;2;Atropelamento de Pedestre;Com Vítimas Feridas;Plena Noite;Decrescente;Céu Claro;Dupla;Reta;Sim  ;"1129603   ";Automóvel;VW/GOL 1.0 CITY;"2003      ";Condutor;Ileso;"36   ";Masculino;"1 ";"0    ";"0    ";"0    ";-15.8927210;-48.0957410;SPRF-DF;DEL03-DF;UOP01-DEL03-DF 
629688;"1411006   ";2024-09-21;sábado;21:20:00;DF;"60   ";"4,5  ";BRASILIA;Sim;Ingestão de álcool pelo condutor;2;Atropelamento de Pedestre;Com Vítimas Feridas;Plena Noite;Decrescente;Céu Claro;Dupla;Reta;Sim  ;"0         ";"0";NA/NA;"0         ";Testemunha;Não Informado;"0    ";Não Informado;"0 ";"0    ";"0    ";"0    ";-15.8927210;-48.0957410;SPRF-DF;DEL03-DF;UOP01-DEL03-DF 
629688;"1410998   ";2024-09-21;sábado;21:20:00;DF;"60   ";"4,5  ";BRASILIA;Sim;Ingestão de álcool pelo condutor;1;Colisão traseira;Com Vítimas Feridas;Plena Noite;Decrescente;Céu Claro;Dupla;Reta;Sim  ;"1129605   ";Caminhonete;VW/NOVA SAVEIRO RB MBVS;"2019      ";Condutor;Ileso;"38   ";Masculino;"1 ";"0    ";"0    ";"0    ";-15.8927210;-48.0957410;SPRF-DF;DEL03-DF;UOP01-DEL03-DF 
629688;"1410993   ";2024-09-21;sábado;21:20:00;DF;"60   ";"4,5  ";BRASILIA;Sim;Ingestão de álcool pelo condutor;1;Colisão traseira;Com Vítimas Feridas;Plena Noite;Decrescente;Céu Claro;Dupla;Reta;Sim  ;"1129604   ";Automóvel;I/RENAULT CLIO AUT1616VS;"2008      ";Condutor;Lesões Leves;"33   ";Masculino;"0 ";"1    ";"0    ";"0    ";-15.8927210;-48.0957410;SPRF-DF;DEL03-DF;UOP01-DEL03-DF 
629688;"1410997   ";2024-09-21;sábado;21:20:00;DF;"60   ";"4,5  ";BRASILIA;Sim;Ingestão de álcool pelo condutor;1;Colisão traseira;Com Vítimas Feridas;Plena Noite;Decrescente;Céu Claro;Dupla;Reta;Sim  ;"1129604   ";Automóvel;I/RENAULT CLIO AUT1616VS;"2008      ";Passageiro;Ileso;"0    ";Masculino;"1 ";"0    ";"0    ";"0    ";-15.8927210;-48.0957410;SPRF-DF;DEL03-DF;UOP01-DEL03-DF 
629688;"1410995   ";2024-09-21;sábado;21:20:00;DF;"60   ";"4,5  ";BRASILIA;Sim;Ingestão de álcool pelo condutor;1;Colisão traseira;Com Vítimas Feridas;Plena Noite;Decrescente;Céu Claro;Dupla;Reta;Sim  ;"1129604   ";Automóvel;I/RENAULT CLIO AUT1616VS;"2008      ";Passageiro;Ileso;"11   ";Feminino;"1 ";"0    ";"0    ";"0    ";-15.8927210;-48.0957410;SPRF-DF;DEL03-DF;UOP01-DEL03-DF 
629688;"1410994   ";2024-09-21;sábado;21:20:00;DF;"60   ";"4,5  ";BRASILIA;Sim;Ingestão de álcool pelo condutor;1;Colisão traseira;Com Vítimas Feridas;Plena Noite;Decrescente;Céu Claro;Dupla;Reta;Sim  ;"1129604   ";Automóvel;I/RENAULT CLIO AUT1616VS;"2008      ";Passageiro;Ileso;"33   ";Feminino;"1 ";"0    ";"0    ";"0    ";-15.8927210;-48.0957410;SPRF-DF;DEL03-DF;UOP01-DEL03-DF 
629688;"1410992   ";2024-09-21;sábado;21:20:00;DF;"60   ";"4,5  ";BRASILIA;Sim;Ingestão de álcool pelo condutor;1;Colisão traseira;Com Vítimas Feridas;Plena Noite;Decrescente;Céu Claro;Dupla;Reta;Sim  ;"1129603   ";Automóvel;VW/GOL 1.0 CITY;"2003      ";Condutor;Ileso;"36   ";Masculino;"1 ";"0    ";"0    ";"0    ";-15.8927210;-48.0957410;SPRF-DF;DEL03-DF;UOP01-DEL03-DF 
629688;"1411006   ";2024-09-21;sábado;21:20:00;DF;"60   ";"4,5  ";BRASILIA;Sim;Ingestão de álcool pelo condutor;1;Colisão traseira;Com Vítimas Feridas;Plena Noite;Decrescente;Céu Claro;Dupla;Reta;Sim  ;"0         ";"0";NA/NA;"0         ";Testemunha;Não Informado;"0    ";Não Informado;"0 ";"0    ";"0    ";"0    ";-15.8927210;-48.0957410;SPRF-DF;DEL03-DF;UOP01-DEL03-DF 
629695;"1411106   ";2024-09-21;sábado;20:00:00;DF;"80   ";"3    ";BRASILIA;Sim;Ingestão de álcool pelo condutor;1;Colisão transversal;Com Vítimas Feridas;Plena Noite;Decrescente;Nublado;Simples;"Interseção de Vias;Reta";Sim  ;"1129671   ";Caminhão-trator;DAF/XF105 FTT 510A;"2020      ";Condutor;Ileso;"51   ";Masculino;"1 ";"0    ";"0    ";"0    ";-15.7315440;-48.1027490;SPRF-DF;DEL03-DF;UOP02-DEL03-DF 
629695;"1411105   ";2024-09-21;sábado;20:00:00;DF;"80   ";"3    ";BRASILIA;Sim;Ingestão de álcool pelo condutor;1;Colisão transversal;Com Vítimas Feridas;Plena Noite;Decrescente;Nublado;Simples;"Interseção de Vias;Reta";Sim  ;"1129667   ";Automóvel;CITROEN/C4CACTUS FEEL AT;"2022      ";Condutor;Lesões Leves;"40   ";Masculino;"0 ";"1    ";"0    ";"0    ";-15.7315440;-48.1027490;SPRF-DF;DEL03-DF;UOP02-DEL03-DF 
629695;"0         ";2024-09-21;sábado;20:00:00;DF;"80   ";"3    ";BRASILIA;Sim;Ingestão de álcool pelo condutor;1;Colisão transversal;Com Vítimas Feridas;Plena Noite;Decrescente;Nublado;Simples;"Interseção de Vias;Reta";Sim  ;"1129673   ";Semireboque;SR/RANDON SR CA;"2004      ";"0";"0";"0    ";"0";"0 ";"0    ";"0    ";"0    ";-15.7315440;-48.1027490;SPRF-DF;DEL03-DF;UOP02-DEL03-DF 
629695;"0         ";2024-09-21;sábado;20:00:00;DF;"80   ";"3    ";BRASILIA;Sim;Ingestão de álcool pelo condutor;1;Colisão transversal;Com Vítimas Feridas;Plena Noite;Decrescente;Nublado;Simples;"Interseção de Vias;Reta";Sim  ;"1129672   ";Semireboque;SR/RANDON SR CA;"2004      ";"0";"0";"0    ";"0";"0 ";"0    ";"0    ";"0    ";-15.7315440;-48.1027490;SPRF-DF;DEL03-DF;UOP02-DEL03-DF 
629718;"1410965   ";2024-09-21;sábado;23:10:00;GO;"20   ";"20   ";FORMOSA;Sim;Ultrapassagem Indevida;1;Colisão frontal;Com Vítimas Feridas;Plena Noite;Crescente;Céu Claro;Simples;Reta;Sim  ;"1129590   ";Caminhonete;VW/NOVA SAVEIRO PLANCARF;"2018      ";Condutor;Ileso;"52   ";Masculino;"1 ";"0    ";"0    ";"0    ";-15.5511520;-47.1783640;SPRF-DF;DEL02-DF;UOP02-DEL02-DF 
629718;"1410966   ";2024-09-21;sábado;23:10:00;GO;"20   ";"20   ";FORMOSA;Sim;Ultrapassagem Indevida;1;Colisão frontal;Com Vítimas Feridas;Plena Noite;Crescente;Céu Claro;Simples;Reta;Sim  ;"1129590   ";Caminhonete;VW/NOVA SAVEIRO PLANCARF;"2018      ";Passageiro;Ileso;"57   ";Masculino;"1 ";"0    ";"0    ";"0    ";-15.5511520;-47.1783640;SPRF-DF;DEL02-DF;UOP02-DEL02-DF 
629718;"1410960   ";2024-09-21;sábado;23:10:00;GO;"20   ";"20   ";FORMOSA;Sim;Ultrapassagem Indevida;1;Colisão frontal;Com Vítimas Feridas;Plena Noite;Crescente;Céu Claro;Simples;Reta;Sim  ;"1129584   ";Automóvel;FIAT/PALIO FIRE ECONOMY;"2009      ";Condutor;Lesões Leves;"35   ";Masculino;"0 ";"1    ";"0    ";"0    ";-15.5511520;-47.1783640;SPRF-DF;DEL02-DF;UOP02-DEL02-DF 
629760;"1412580   ";2024-09-22;domingo;06:09:00;DF;"20   ";"5    ";BRASILIA;Sim;Condutor Dormindo;1;Saída de leito carroçável;Com Vítimas Feridas;Pleno dia;Decrescente;Céu Claro;Dupla;Declive;Sim  ;"1130785   ";Caminhonete;FIAT/STRADA ADVENT FLEX;"2015      ";Condutor;Lesões Leves;"24   ";Masculino;"0 ";"1    ";"0    ";"0    ";-15.6705460;-47.8160440;SPRF-DF;DEL02-DF;UOP01-DEL02-DF 
629805;"1411171   ";2024-09-22;domingo;09:48:00;DF;"60   ";"4,3  ";BRASILIA;Sim;Reação tardia ou ineficiente do condutor;1;Saída de leito carroçável;Sem Vítimas;Pleno dia;Decrescente;Céu Claro;Dupla;Reta;Sim  ;"1129727   ";Automóvel;VW/GOL 1.0;"2009      ";Condutor;Ileso;"23   ";Masculino;"1 ";"0    ";"0    ";"0    ";-15.8927210;-48.0957410;SPRF-DF;DEL03-DF;UOP01-DEL03-DF 
629808;"1411358   ";2024-09-22;domingo;10:30:00;DF;"251  ";"57   ";BRASILIA;Não;Reação tardia ou ineficiente do condutor;2;Colisão com objeto;Com Vítimas Feridas;Pleno dia;Decrescente;Céu Claro;Simples;Reta;Sim  ;"1129806   ";Automóvel;HONDA/CIVIC LXL;"2012      ";Condutor;Ileso;"85   ";Masculino;"1 ";"0    ";"0    ";"0    ";-15.9481130;-47.8452350;SPRF-DF;DEL01-DF;UOP01-DEL01-DF 
629808;"1411359   ";2024-09-22;domingo;10:30:00;DF;"251  ";"57   ";BRASILIA;Não;Reação tardia ou ineficiente do condutor;2;Colisão com objeto;Com Vítimas Feridas;Pleno dia;Decrescente;Céu Claro;Simples;Reta;Sim  ;"1129807   ";Automóvel;I/CITROEN C4 20EXCA5P F;"2010      ";Condutor;Lesões Leves;"63   ";Feminino;"0 ";"1    ";"0    ";"0    ";-15.9481130;-47.8452350;SPRF-DF;DEL01-DF;UOP01-DEL01-DF 
629808;"1411358   ";2024-09-22;domingo;10:30:00;DF;"251  ";"57   ";BRASILIA;Não;Reação tardia ou ineficiente do condutor;1;Colisão lateral mesmo sentido;Com Vítimas Feridas;Pleno dia;Decrescente;Céu Claro;Simples;Reta;Sim  ;"1129806   ";Automóvel;HONDA/CIVIC LXL;"2012      ";Condutor;Ileso;"85   ";Masculino;"1 ";"0    ";"0    ";"0    ";-15.9481130;-47.8452350;SPRF-DF;DEL01-DF;UOP01-DEL01-DF 
629808;"1411359   ";2024-09-22;domingo;10:30:00;DF;"251  ";"57   ";BRASILIA;Não;Reação tardia ou ineficiente do condutor;1;Colisão lateral mesmo sentido;Com Vítimas Feridas;Pleno dia;Decrescente;Céu Claro;Simples;Reta;Sim  ;"1129807   ";Automóvel;I/CITROEN C4 20EXCA5P F;"2010      ";Condutor;Lesões Leves;"63   ";Feminino;"0 ";"1    ";"0    ";"0    ";-15.9481130;-47.8452350;SPRF-DF;DEL01-DF;UOP01-DEL01-DF 
629808;"1411358   ";2024-09-22;domingo;10:30:00;DF;"251  ";"57   ";BRASILIA;Sim;Acessar a via sem observar a presença dos outros veículos;2;Colisão com objeto;Com Vítimas Feridas;Pleno dia;Decrescente;Céu Claro;Simples;Reta;Sim  ;"1129806   ";Automóvel;HONDA/CIVIC LXL;"2012      ";Condutor;Ileso;"85   ";Masculino;"1 ";"0    ";"0    ";"0    ";-15.9481130;-47.8452350;SPRF-DF;DEL01-DF;UOP01-DEL01-DF 
629808;"1411359   ";2024-09-22;domingo;10:30:00;DF;"251  ";"57   ";BRASILIA;Sim;Acessar a via sem observar a presença dos outros veículos;2;Colisão com objeto;Com Vítimas Feridas;Pleno dia;Decrescente;Céu Claro;Simples;Reta;Sim  ;"1129807   ";Automóvel;I/CITROEN C4 20EXCA5P F;"2010      ";Condutor;Lesões Leves;"63   ";Feminino;"0 ";"1    ";"0    ";"0    ";-15.9481130;-47.8452350;SPRF-DF;DEL01-DF;UOP01-DEL01-DF 
629808;"1411358   ";2024-09-22;domingo;10:30:00;DF;"251  ";"57   ";BRASILIA;Sim;Acessar a via sem observar a presença dos outros veículos;1;Colisão lateral mesmo sentido;Com Vítimas Feridas;Pleno dia;Decrescente;Céu Claro;Simples;Reta;Sim  ;"1129806   ";Automóvel;HONDA/CIVIC LXL;"2012      ";Condutor;Ileso;"85   ";Masculino;"1 ";"0    ";"0    ";"0    ";-15.9481130;-47.8452350;SPRF-DF;DEL01-DF;UOP01-DEL01-DF 
629808;"1411359   ";2024-09-22;domingo;10:30:00;DF;"251  ";"57   ";BRASILIA;Sim;Acessar a via sem observar a presença dos outros veículos;1;Colisão lateral mesmo sentido;Com Vítimas Feridas;Pleno dia;Decrescente;Céu Claro;Simples;Reta;Sim  ;"1129807   ";Automóvel;I/CITROEN C4 20EXCA5P F;"2010      ";Condutor;Lesões Leves;"63   ";Feminino;"0 ";"1    ";"0    ";"0    ";-15.9481130;-47.8452350;SPRF-DF;DEL01-DF;UOP01-DEL01-DF 
629818;"0         ";2024-09-22;domingo;10:30:00;GO;"20   ";"58,9 ";FORMOSA;Não;Reação tardia ou ineficiente do condutor;5;Derramamento de carga;Com Vítimas Fatais;Pleno dia;Crescente;Céu Claro;Simples;"Em Obras;Declive;Curva";Não  ;"1131599   ";Semireboque;SR/FACCHINI SRF CF;"2008      ";"0";"0";"0    ";"0";"0 ";"0    ";"0    ";"0    ";-15.2633690;-47.1604800;SPRF-DF;DEL02-DF;UOP02-DEL02-DF 
629818;"1412377   ";2024-09-22;domingo;10:30:00;GO;"20   ";"58,9 ";FORMOSA;Não;Reação tardia ou ineficiente do condutor;5;Derramamento de carga;Com Vítimas Fatais;Pleno dia;Crescente;Céu Claro;Simples;"Em Obras;Declive;Curva";Não  ;"1129829   ";Automóvel;I/RENAULT CLIO EXP1016VH;"2015      ";Passageiro;Óbito;"29   ";Masculino;"0 ";"0    ";"0    ";"1    ";-15.2633690;-47.1604800;SPRF-DF;DEL02-DF;UOP02-DEL02-DF 
629818;"1411384   ";2024-09-22;domingo;10:30:00;GO;"20   ";"58,9 ";FORMOSA;Não;Reação tardia ou ineficiente do condutor;5;Derramamento de carga;Com Vítimas Fatais;Pleno dia;Crescente;Céu Claro;Simples;"Em Obras;Declive;Curva";Não  ;"1129829   ";Automóvel;I/RENAULT CLIO EXP1016VH;"2015      ";Condutor;Lesões Leves;"51   ";Masculino;"0 ";"1    ";"0    ";"0    ";-15.2633690;-47.1604800;SPRF-DF;DEL02-DF;UOP02-DEL02-DF 
629818;"1412378   ";2024-09-22;domingo;10:30:00;GO;"20   ";"58,9 ";FORMOSA;Não;Reação tardia ou ineficiente do condutor;5;Derramamento de carga;Com Vítimas Fatais;Pleno dia;Crescente;Céu Claro;Simples;"Em Obras;Declive;Curva";Não  ;"1130567   ";Caminhão-trator;IVECO/STRALISHD 570S38TN;"2008      ";Condutor;Óbito;"47   ";Masculino;"0 ";"0    ";"0    ";"1    ";-15.2633690;-47.1604800;SPRF-DF;DEL02-DF;UOP02-DEL02-DF 
629818;"0         ";2024-09-22;domingo;10:30:00;GO;"20   ";"58,9 ";FORMOSA;Não;Reação tardia ou ineficiente do condutor;4;Capotamento;Com Vítimas Fatais;Pleno dia;Crescente;Céu Claro;Simples;"Em Obras;Declive;Curva";Não  ;"1131599   ";Semireboque;SR/FACCHINI SRF CF;"2008      ";"0";"0";"0    ";"0";"0 ";"0    ";"0    ";"0    ";-15.2633690;-47.1604800;SPRF-DF;DEL02-DF;UOP02-DEL02-DF 
629818;"1412377   ";2024-09-22;domingo;10:30:00;GO;"20   ";"58,9 ";FORMOSA;Não;Reação tardia ou ineficiente do condutor;4;Capotamento;Com Vítimas Fatais;Pleno dia;Crescente;Céu Claro;Simples;"Em Obras;Declive;Curva";Não  ;"1129829   ";Automóvel;I/RENAULT CLIO EXP1016VH;"2015      ";Passageiro;Óbito;"29   ";Masculino;"0 ";"0    ";"0    ";"1    ";-15.2633690;-47.1604800;SPRF-DF;DEL02-DF;UOP02-DEL02-DF 
629818;"1411384   ";2024-09-22;domingo;10:30:00;GO;"20   ";"58,9 ";FORMOSA;Não;Reação tardia ou ineficiente do condutor;4;Capotamento;Com Vítimas Fatais;Pleno dia;Crescente;Céu Claro;Simples;"Em Obras;Declive;Curva";Não  ;"1129829   ";Automóvel;I/RENAULT CLIO EXP1016VH;"2015      ";Condutor;Lesões Leves;"51   ";Masculino;"0 ";"1    ";"0    ";"0    ";-15.2633690;-47.1604800;SPRF-DF;DEL02-DF;UOP02-DEL02-DF 
629818;"1412378   ";2024-09-22;domingo;10:30:00;GO;"20   ";"58,9 ";FORMOSA;Não;Reação tardia ou ineficiente do condutor;4;Capotamento;Com Vítimas Fatais;Pleno dia;Crescente;Céu Claro;Simples;"Em Obras;Declive;Curva";Não  ;"1130567   ";Caminhão-trator;IVECO/STRALISHD 570S38TN;"2008      ";Condutor;Óbito;"47   ";Masculino;"0 ";"0    ";"0    ";"1    ";-15.2633690;-47.1604800;SPRF-DF;DEL02-DF;UOP02-DEL02-DF 
629818;"0         ";2024-09-22;domingo;10:30:00;GO;"20   ";"58,9 ";FORMOSA;Não;Reação tardia ou ineficiente do condutor;3;Colisão com objeto;Com Vítimas Fatais;Pleno dia;Crescente;Céu Claro;Simples;"Em Obras;Declive;Curva";Não  ;"1131599   ";Semireboque;SR/FACCHINI SRF CF;"2008      ";"0";"0";"0    ";"0";"0 ";"0    ";"0    ";"0    ";-15.2633690;-47.1604800;SPRF-DF;DEL02-DF;UOP02-DEL02-DF 
629818;"1412377   ";2024-09-22;domingo;10:30:00;GO;"20   ";"58,9 ";FORMOSA;Não;Reação tardia ou ineficiente do condutor;3;Colisão com objeto;Com Vítimas Fatais;Pleno dia;Crescente;Céu Claro;Simples;"Em Obras;Declive;Curva";Não  ;"1129829   ";Automóvel;I/RENAULT CLIO EXP1016VH;"2015      ";Passageiro;Óbito;"29   ";Masculino;"0 ";"0    ";"0    ";"1    ";-15.2633690;-47.1604800;SPRF-DF;DEL02-DF;UOP02-DEL02-DF 
629818;"1411384   ";2024-09-22;domingo;10:30:00;GO;"20   ";"58,9 ";FORMOSA;Não;Reação tardia ou ineficiente do condutor;3;Colisão com objeto;Com Vítimas Fatais;Pleno dia;Crescente;Céu Claro;Simples;"Em Obras;Declive;Curva";Não  ;"1129829   ";Automóvel;I/RENAULT CLIO EXP1016VH;"2015      ";Condutor;Lesões Leves;"51   ";Masculino;"0 ";"1    ";"0    ";"0    ";-15.2633690;-47.1604800;SPRF-DF;DEL02-DF;UOP02-DEL02-DF 
629818;"1412378   ";2024-09-22;domingo;10:30:00;GO;"20   ";"58,9 ";FORMOSA;Não;Reação tardia ou ineficiente do condutor;3;Colisão com objeto;Com Vítimas Fatais;Pleno dia;Crescente;Céu Claro;Simples;"Em Obras;Declive;Curva";Não  ;"1130567   ";Caminhão-trator;IVECO/STRALISHD 570S38TN;"2008      ";Condutor;Óbito;"47   ";Masculino;"0 ";"0    ";"0    ";"1    ";-15.2633690;-47.1604800;SPRF-DF;DEL02-DF;UOP02-DEL02-DF 
629818;"0         ";2024-09-22;domingo;10:30:00;GO;"20   ";"58,9 ";FORMOSA;Não;Reação tardia ou ineficiente do condutor;2;Saída de leito carroçável;Com Vítimas Fatais;Pleno dia;Crescente;Céu Claro;Simples;"Em Obras;Declive;Curva";Não  ;"1131599   ";Semireboque;SR/FACCHINI SRF CF;"2008      ";"0";"0";"0    ";"0";"0 ";"0    ";"0    ";"0    ";-15.2633690;-47.1604800;SPRF-DF;DEL02-DF;UOP02-DEL02-DF 
629818;"1412377   ";2024-09-22;domingo;10:30:00;GO;"20   ";"58,9 ";FORMOSA;Não;Reação tardia ou ineficiente do condutor;2;Saída de leito carroçável;Com Vítimas Fatais;Pleno dia;Crescente;Céu Claro;Simples;"Em Obras;Declive;Curva";Não  ;"1129829   ";Automóvel;I/RENAULT CLIO EXP1016VH;"2015      ";Passageiro;Óbito;"29   ";Masculino;"0 ";"0    ";"0    ";"1    ";-15.2633690;-47.1604800;SPRF-DF;DEL02-DF;UOP02-DEL02-DF 
629818;"1411384   ";2024-09-22;domingo;10:30:00;GO;"20   ";"58,9 ";FORMOSA;Não;Reação tardia ou ineficiente do condutor;2;Saída de leito carroçável;Com Vítimas Fatais;Pleno dia;Crescente;Céu Claro;Simples;"Em Obras;Declive;Curva";Não  ;"1129829   ";Automóvel;I/RENAULT CLIO EXP1016VH;"2015      ";Condutor;Lesões Leves;"51   ";Masculino;"0 ";"1    ";"0    ";"0    ";-15.2633690;-47.1604800;SPRF-DF;DEL02-DF;UOP02-DEL02-DF 
629818;"1412378   ";2024-09-22;domingo;10:30:00;GO;"20   ";"58,9 ";FORMOSA;Não;Reação tardia ou ineficiente do condutor;2;Saída de leito carroçável;Com Vítimas Fatais;Pleno dia;Crescente;Céu Claro;Simples;"Em Obras;Declive;Curva";Não  ;"1130567   ";Caminhão-trator;IVECO/STRALISHD 570S38TN;"2008      ";Condutor;Óbito;"47   ";Masculino;"0 ";"0    ";"0    ";"1    ";-15.2633690;-47.1604800;SPRF-DF;DEL02-DF;UOP02-DEL02-DF 