id;pesid;data_inversa;dia_semana;horario;uf;br;km;municipio;causa_principal;causa_acidente;ordem_tipo_acidente;tipo_acidente;classificacao_acidente;fase_dia;sentido_via;condicao_metereologica;tipo_pista;tracado_via;uso_solo;id_veiculo;tipo_veiculo;marca;ano_fabricacao_veiculo;tipo_envolvido;estado_fisico;idade;sexo;ilesos;feridos_leves;feridos_graves;mortos;latitude;longitude;regional;delegacia;uop
629818;"0         ";2024-09-22;domingo;10:30:00;GO;"20   ";"58,9 ";FORMOSA;Não;Reação tardia ou ineficiente do condutor;1;Colisão lateral sentido oposto;Com Vítimas Fatais;Pleno dia;Crescente;Céu Claro;Simples;"Em Obras;Declive;Curva";Não  ;"1131599   ";Semireboque;SR/FACCHINI SRF CF;"2008      ";"0";"0";"0    ";"0";"0 ";"0    ";"0    ";"0    ";-15.2633690;-47.1604800;SPRF-DF;DEL02-DF;UOP02-DEL02-DF 
629818;"1412377   ";2024-09-22;domingo;10:30:00;GO;"20   ";"58,9 ";FORMOSA;Não;Reação tardia ou ineficiente do condutor;1;Colisão lateral sentido oposto;Com Vítimas Fatais;Pleno dia;Crescente;Céu Claro;Simples;"Em Obras;Declive;Curva";Não  ;"1129829   ";Automóvel;I/RENAULT CLIO EXP1016VH;"2015      ";Passageiro;Óbito;"29   ";Masculino;"0 ";"0    ";"0    ";"1    ";-15.2633690;-47.1604800;SPRF-DF;DEL02-DF;UOP02-DEL02-DF 
629818;"1411384   ";2024-09-22;domingo;10:30:00;GO;"20   ";"58,9 ";FORMOSA;Não;Reação tardia ou ineficiente do condutor;1;Colisão lateral sentido oposto;Com Vítimas Fatais;Pleno dia;Crescente;Céu Claro;Simples;"Em Obras;Declive;Curva";Não  ;"1129829   ";Automóvel;I/RENAULT CLIO EXP1016VH;"2015      ";Condutor;Lesões Leves;"51   ";Masculino;"0 ";"1    ";"0    ";"0    ";-15.2633690;-47.1604800;SPRF-DF;DEL02-DF;UOP02-DEL02-DF 
629818;"1412378   ";2024-09-22;domingo;10:30:00;GO;"20   ";"58,9 ";FORMOSA;Não;Reação tardia ou ineficiente do condutor;1;Colisão lateral sentido oposto;Com Vítimas Fatais;Pleno dia;Crescente;Céu Claro;Simples;"Em Obras;Declive;Curva";Não  ;"1130567   ";Caminhão-trator;IVECO/STRALISHD 570S38TN;"2008      ";Condutor;Óbito;"47   ";Masculino;"0 ";"0    ";"0    ";"1    ";-15.2633690;-47.1604800;SPRF-DF;DEL02-DF;UOP02-DEL02-DF 
629818;"0         ";2024-09-22;domingo;10:30:00;GO;"20   ";"58,9 ";FORMOSA;Não;Demais falhas mecânicas ou elétricas;5;Derramamento de carga;Com Vítimas Fatais;Pleno dia;Crescente;Céu Claro;Simples;"Em Obras;Declive;Curva";Não  ;"1131599   ";Semireboque;SR/FACCHINI SRF CF;"2008      ";"0";"0";"0    ";"0";"0 ";"0    ";"0    ";"0    ";-15.2633690;-47.1604800;SPRF-DF;DEL02-DF;UOP02-DEL02-DF 
629818;"1412377   ";2024-09-22;domingo;10:30:00;GO;"20   ";"58,9 ";FORMOSA;Não;Demais falhas mecânicas ou elétricas;5;Derramamento de carga;Com Vítimas Fatais;Pleno dia;Crescente;Céu Claro;Simples;"Em Obras;Declive;Curva";Não  ;"1129829   ";Automóvel;I/RENAULT CLIO EXP1016VH;"2015      ";Passageiro;Óbito;"29   ";Masculino;"0 ";"0    ";"0    ";"1    ";-15.2633690;-47.1604800;SPRF-DF;DEL02-DF;UOP02-DEL02-DF 
629818;"1411384   ";2024-09-22;domingo;10:30:00;GO;"20   ";"58,9 ";FORMOSA;Não;Demais falhas mecânicas ou elétricas;5;Derramamento de carga;Com Vítimas Fatais;Pleno dia;Crescente;Céu Claro;Simples;"Em Obras;Declive;Curva";Não  ;"1129829   ";Automóvel;I/RENAULT CLIO EXP1016VH;"2015      ";Condutor;Lesões Leves;"51   ";Masculino;"0 ";"1    ";"0    ";"0    ";-15.2633690;-47.1604800;SPRF-DF;DEL02-DF;UOP02-DEL02-DF 
629818;"1412378   ";2024-09-22;domingo;10:30:00;GO;"20   ";"58,9 ";FORMOSA;Não;Demais falhas mecânicas ou elétricas;5;Derramamento de carga;Com Vítimas Fatais;Pleno dia;Crescente;Céu Claro;Simples;"Em Obras;Declive;Curva";Não  ;"1130567   ";Caminhão-trator;IVECO/STRALISHD 570S38TN;"2008      ";Condutor;Óbito;"47   ";Masculino;"0 ";"0    ";"0    ";"1    ";-15.2633690;-47.1604800;SPRF-DF;DEL02-DF;UOP02-DEL02-DF 
629818;"0         ";2024-09-22;domingo;10:30:00;GO;"20   ";"58,9 ";FORMOSA;Não;Demais falhas mecânicas ou elétricas;4;Capotamento;Com Vítimas Fatais;Pleno dia;Crescente;Céu Claro;Simples;"Em Obras;Declive;Curva";Não  ;"1131599   ";Semireboque;SR/FACCHINI SRF CF;"2008      ";"0";"0";"0    ";"0";"0 ";"0    ";"0    ";"0    ";-15.2633690;-47.1604800;SPRF-DF;DEL02-DF;UOP02-DEL02-DF 
629818;"1412377   ";2024-09-22;domingo;10:30:00;GO;"20   ";"58,9 ";FORMOSA;Não;Demais falhas mecânicas ou elétricas;4;Capotamento;Com Vítimas Fatais;Pleno dia;Crescente;Céu Claro;Simples;"Em Obras;Declive;Curva";Não  ;"1129829   ";Automóvel;I/RENAULT CLIO EXP1016VH;"2015      ";Passageiro;Óbito;"29   ";Masculino;"0 ";"0    ";"0    ";"1    ";-15.2633690;-47.1604800;SPRF-DF;DEL02-DF;UOP02-DEL02-DF 
629818;"1411384   ";2024-09-22;domingo;10:30:00;GO;"20   ";"58,9 ";FORMOSA;Não;Demais falhas mecânicas ou elétricas;4;Capotamento;Com Vítimas Fatais;Pleno dia;Crescente;Céu Claro;Simples;"Em Obras;Declive;Curva";Não  ;"1129829   ";Automóvel;I/RENAULT CLIO EXP1016VH;"2015      ";Condutor;Lesões Leves;"51   ";Masculino;"0 ";"1    ";"0    ";"0    ";-15.2633690;-47.1604800;SPRF-DF;DEL02-DF;UOP02-DEL02-DF 
629818;"1412378   ";2024-09-22;domingo;10:30:00;GO;"20   ";"58,9 ";FORMOSA;Não;Demais falhas mecânicas ou elétricas;4;Capotamento;Com Vítimas Fatais;Pleno dia;Crescente;Céu Claro;Simples;"Em Obras;Declive;Curva";Não  ;"1130567   ";Caminhão-trator;IVECO/STRALISHD 570S38TN;"2008      ";Condutor;Óbito;"47   ";Masculino;"0 ";"0    ";"0    ";"1    ";-15.2633690;-47.1604800;SPRF-DF;DEL02-DF;UOP02-DEL02-DF 
629818;"0         ";2024-09-22;domingo;10:30:00;GO;"20   ";"58,9 ";FORMOSA;Não;Demais falhas mecânicas ou elétricas;3;Colisão com objeto;Com Vítimas Fatais;Pleno dia;Crescente;Céu Claro;Simples;"Em Obras;Declive;Curva";Não  ;"1131599   ";Semireboque;SR/FACCHINI SRF CF;"2008      ";"0";"0";"0    ";"0";"0 ";"0    ";"0    ";"0    ";-15.2633690;-47.1604800;SPRF-DF;DEL02-DF;UOP02-DEL02-DF 
629818;"1412377   ";2024-09-22;domingo;10:30:00;GO;"20   ";"58,9 ";FORMOSA;Não;Demais falhas mecânicas ou elétricas;3;Colisão com objeto;Com Vítimas Fatais;Pleno dia;Crescente;Céu Claro;Simples;"Em Obras;Declive;Curva";Não  ;"1129829   ";Automóvel;I/RENAULT CLIO EXP1016VH;"2015      ";Passageiro;Óbito;"29   ";Masculino;"0 ";"0    ";"0    ";"1    ";-15.2633690;-47.1604800;SPRF-DF;DEL02-DF;UOP02-DEL02-DF 
629818;"1411384   ";2024-09-22;domingo;10:30:00;GO;"20   ";"58,9 ";FORMOSA;Não;Demais falhas mecânicas ou elétricas;3;Colisão com objeto;Com Vítimas Fatais;Pleno dia;Crescente;Céu Claro;Simples;"Em Obras;Declive;Curva";Não  ;"1129829   ";Automóvel;I/RENAULT CLIO EXP1016VH;"2015      ";Condutor;Lesões Leves;"51   ";Masculino;"0 ";"1    ";"0    ";"0    ";-15.2633690;-47.1604800;SPRF-DF;DEL02-DF;UOP02-DEL02-DF 
629818;"1412378   ";2024-09-22;domingo;10:30:00;GO;"20   ";"58,9 ";FORMOSA;Não;Demais falhas mecânicas ou elétricas;3;Colisão com objeto;Com Vítimas Fatais;Pleno dia;Crescente;Céu Claro;Simples;"Em Obras;Declive;Curva";Não  ;"1130567   ";Caminhão-trator;IVECO/STRALISHD 570S38TN;"2008      ";Condutor;Óbito;"47   ";Masculino;"0 ";"0    ";"0    ";"1    ";-15.2633690;-47.1604800;SPRF-DF;DEL02-DF;UOP02-DEL02-DF 
629818;"0         ";2024-09-22;domingo;10:30:00;GO;"20   ";"58,9 ";FORMOSA;Não;Demais falhas mecânicas ou elétricas;2;Saída de leito carroçável;Com Vítimas Fatais;Pleno dia;Crescente;Céu Claro;Simples;"Em Obras;Declive;Curva";Não  ;"1131599   ";Semireboque;SR/FACCHINI SRF CF;"2008      ";"0";"0";"0    ";"0";"0 ";"0    ";"0    ";"0    ";-15.2633690;-47.1604800;SPRF-DF;DEL02-DF;UOP02-DEL02-DF 
629818;"1412377   ";2024-09-22;domingo;10:30:00;GO;"20   ";"58,9 ";FORMOSA;Não;Demais falhas mecânicas ou elétricas;2;Saída de leito carroçável;Com Vítimas Fatais;Pleno dia;Crescente;Céu Claro;Simples;"Em Obras;Declive;Curva";Não  ;"1129829   ";Automóvel;I/RENAULT CLIO EXP1016VH;"2015      ";Passageiro;Óbito;"29   ";Masculino;"0 ";"0    ";"0    ";"1    ";-15.2633690;-47.1604800;SPRF-DF;DEL02-DF;UOP02-DEL02-DF 
629818;"1411384   ";2024-09-22;domingo;10:30:00;GO;"20   ";"58,9 ";FORMOSA;Não;Demais falhas mecânicas ou elétricas;2;Saída de leito carroçável;Com Vítimas Fatais;Pleno dia;Crescente;Céu Claro;Simples;"Em Obras;Declive;Curva";Não  ;"1129829   ";Automóvel;I/RENAULT CLIO EXP1016VH;"2015      ";Condutor;Lesões Leves;"51   ";Masculino;"0 ";"1    ";"0    ";"0    ";-15.2633690;-47.1604800;SPRF-DF;DEL02-DF;UOP02-DEL02-DF 
629818;"1412378   ";2024-09-22;domingo;10:30:00;GO;"20   ";"58,9 ";FORMOSA;Não;Demais falhas mecânicas ou elétricas;2;Saída de leito carroçável;Com Vítimas Fatais;Pleno dia;Crescente;Céu Claro;Simples;"Em Obras;Declive;Curva";Não  ;"1130567   ";Caminhão-trator;IVECO/STRALISHD 570S38TN;"2008      ";Condutor;Óbito;"47   ";Masculino;"0 ";"0    ";"0    ";"1    ";-15.2633690;-47.1604800;SPRF-DF;DEL02-DF;UOP02-DEL02-DF 
629818;"0         ";2024-09-22;domingo;10:30:00;GO;"20   ";"58,9 ";FORMOSA;Não;Demais falhas mecânicas ou elétricas;1;Colisão lateral sentido oposto;Com Vítimas Fatais;Pleno dia;Crescente;Céu Claro;Simples;"Em Obras;Declive;Curva";Não  ;"1131599   ";Semireboque;SR/FACCHINI SRF CF;"2008      ";"0";"0";"0    ";"0";"0 ";"0    ";"0    ";"0    ";-15.2633690;-47.1604800;SPRF-DF;DEL02-DF;UOP02-DEL02-DF 
629818;"1412377   ";2024-09-22;domingo;10:30:00;GO;"20   ";"58,9 ";FORMOSA;Não;Demais falhas mecânicas ou elétricas;1;Colisão lateral sentido oposto;Com Vítimas Fatais;Pleno dia;Crescente;Céu Claro;Simples;"Em Obras;Declive;Curva";Não  ;"1129829   ";Automóvel;I/RENAULT CLIO EXP1016VH;"2015      ";Passageiro;Óbito;"29   ";Masculino;"0 ";"0    ";"0    ";"1    ";-15.2633690;-47.1604800;SPRF-DF;DEL02-DF;UOP02-DEL02-DF 
629818;"1411384   ";2024-09-22;domingo;10:30:00;GO;"20   ";"58,9 ";FORMOSA;Não;Demais falhas mecânicas ou elétricas;1;Colisão lateral sentido oposto;Com Vítimas Fatais;Pleno dia;Crescente;Céu Claro;Simples;"Em Obras;Declive;Curva";Não  ;"1129829   ";Automóvel;I/RENAULT CLIO EXP1016VH;"2015      ";Condutor;Lesões Leves;"51   ";Masculino;"0 ";"1    ";"0    ";"0    ";-15.2633690;-47.1604800;SPRF-DF;DEL02-DF;UOP02-DEL02-DF 
629818;"1412378   ";2024-09-22;domingo;10:30:00;GO;"20   ";"58,9 ";FORMOSA;Não;Demais falhas mecânicas ou elétricas;1;Colisão lateral sentido oposto;Com Vítimas Fatais;Pleno dia;Crescente;Céu Claro;Simples;"Em Obras;Declive;Curva";Não  ;"1130567   ";Caminhão-trator;IVECO/STRALISHD 570S38TN;"2008      ";Condutor;Óbito;"47   ";Masculino;"0 ";"0    ";"0    ";"1    ";-15.2633690;-47.1604800;SPRF-DF;DEL02-DF;UOP02-DEL02-DF 
629818;"0         ";2024-09-22;domingo;10:30:00;GO;"20   ";"58,9 ";FORMOSA;Não;Condutor Dormindo;5;Derramamento de carga;Com Vítimas Fatais;Pleno dia;Crescente;Céu Claro;Simples;"Em Obras;Declive;Curva";Não  ;"1131599   ";Semireboque;SR/FACCHINI SRF CF;"2008      ";"0";"0";"0    ";"0";"0 ";"0    ";"0    ";"0    ";-15.2633690;-47.1604800;SPRF-DF;DEL02-DF;UOP02-DEL02-DF 
629818;"1412377   ";2024-09-22;domingo;10:30:00;GO;"20   ";"58,9 ";FORMOSA;Não;Condutor Dormindo;5;Derramamento de carga;Com Vítimas Fatais;Pleno dia;Crescente;Céu Claro;Simples;"Em Obras;Declive;Curva";Não  ;"1129829   ";Automóvel;I/RENAULT CLIO EXP1016VH;"2015      ";Passageiro;Óbito;"29   ";Masculino;"0 ";"0    ";"0    ";"1    ";-15.2633690;-47.1604800;SPRF-DF;DEL02-DF;UOP02-DEL02-DF 
629818;"1411384   ";2024-09-22;domingo;10:30:00;GO;"20   ";"58,9 ";FORMOSA;Não;Condutor Dormindo;5;Derramamento de carga;Com Vítimas Fatais;Pleno dia;Crescente;Céu Claro;Simples;"Em Obras;Declive;Curva";Não  ;"1129829   ";Automóvel;I/RENAULT CLIO EXP1016VH;"2015      ";Condutor;Lesões Leves;"51   ";Masculino;"0 ";"1    ";"0    ";"0    ";-15.2633690;-47.1604800;SPRF-DF;DEL02-DF;UOP02-DEL02-DF 
629818;"1412378   ";2024-09-22;domingo;10:30:00;GO;"20   ";"58,9 ";FORMOSA;Não;Condutor Dormindo;5;Derramamento de carga;Com Vítimas Fatais;Pleno dia;Crescente;Céu Claro;Simples;"Em Obras;Declive;Curva";Não  ;"1130567   ";Caminhão-trator;IVECO/STRALISHD 570S38TN;"2008      ";Condutor;Óbito;"47   ";Masculino;"0 ";"0    ";"0    ";"1    ";-15.2633690;-47.1604800;SPRF-DF;DEL02-DF;UOP02-DEL02-DF 
629818;"0         ";2024-09-22;domingo;10:30:00;GO;"20   ";"58,9 ";FORMOSA;Não;Condutor Dormindo;4;Capotamento;Com Vítimas Fatais;Pleno dia;Crescente;Céu Claro;Simples;"Em Obras;Declive;Curva";Não  ;"1131599   ";Semireboque;SR/FACCHINI SRF CF;"2008      ";"0";"0";"0    ";"0";"0 ";"0    ";"0    ";"0    ";-15.2633690;-47.1604800;SPRF-DF;DEL02-DF;UOP02-DEL02-DF 
629818;"1412377   ";2024-09-22;domingo;10:30:00;GO;"20   ";"58,9 ";FORMOSA;Não;Condutor Dormindo;4;Capotamento;Com Vítimas Fatais;Pleno dia;Crescente;Céu Claro;Simples;"Em Obras;Declive;Curva";Não  ;"1129829   ";Automóvel;I/RENAULT CLIO EXP1016VH;"2015      ";Passageiro;Óbito;"29   ";Masculino;"0 ";"0    ";"0    ";"1    ";-15.2633690;-47.1604800;SPRF-DF;DEL02-DF;UOP02-DEL02-DF 
629818;"1411384   ";2024-09-22;domingo;10:30:00;GO;"20   ";"58,9 ";FORMOSA;Não;Condutor Dormindo;4;Capotamento;Com Vítimas Fatais;Pleno dia;Crescente;Céu Claro;Simples;"Em Obras;Declive;Curva";Não  ;"1129829   ";Automóvel;I/RENAULT CLIO EXP1016VH;"2015      ";Condutor;Lesões Leves;"51   ";Masculino;"0 ";"1    ";"0    ";"0    ";-15.2633690;-47.1604800;SPRF-DF;DEL02-DF;UOP02-DEL02-DF 
629818;"1412378   ";2024-09-22;domingo;10:30:00;GO;"20   ";"58,9 ";FORMOSA;Não;Condutor Dormindo;4;Capotamento;Com Vítimas Fatais;Pleno dia;Crescente;Céu Claro;Simples;"Em Obras;Declive;Curva";Não  ;"1130567   ";Caminhão-trator;IVECO/STRALISHD 570S38TN;"2008      ";Condutor;Óbito;"47   ";Masculino;"0 ";"0    ";"0    ";"1    ";-15.2633690;-47.1604800;SPRF-DF;DEL02-DF;UOP02-DEL02-DF 
629818;"0         ";2024-09-22;domingo;10:30:00;GO;"20   ";"58,9 ";FORMOSA;Não;Condutor Dormindo;3;Colisão com objeto;Com Vítimas Fatais;Pleno dia;Crescente;Céu Claro;Simples;"Em Obras;Declive;Curva";Não  ;"1131599   ";Semireboque;SR/FACCHINI SRF CF;"2008      ";"0";"0";"0    ";"0";"0 ";"0    ";"0    ";"0    ";-15.2633690;-47.1604800;SPRF-DF;DEL02-DF;UOP02-DEL02-DF 
629818;"1412377   ";2024-09-22;domingo;10:30:00;GO;"20   ";"58,9 ";FORMOSA;Não;Condutor Dormindo;3;Colisão com objeto;Com Vítimas Fatais;Pleno dia;Crescente;Céu Claro;Simples;"Em Obras;Declive;Curva";Não  ;"1129829   ";Automóvel;I/RENAULT CLIO EXP1016VH;"2015      ";Passageiro;Óbito;"29   ";Masculino;"0 ";"0    ";"0    ";"1    ";-15.2633690;-47.1604800;SPRF-DF;DEL02-DF;UOP02-DEL02-DF 
629818;"1411384   ";2024-09-22;domingo;10:30:00;GO;"20   ";"58,9 ";FORMOSA;Não;Condutor Dormindo;3;Colisão com objeto;Com Vítimas Fatais;Pleno dia;Crescente;Céu Claro;Simples;"Em Obras;Declive;Curva";Não  ;"1129829   ";Automóvel;I/RENAULT CLIO EXP1016VH;"2015      ";Condutor;Lesões Leves;"51   ";Masculino;"0 ";"1    ";"0    ";"0    ";-15.2633690;-47.1604800;SPRF-DF;DEL02-DF;UOP02-DEL02-DF 
629818;"1412378   ";2024-09-22;domingo;10:30:00;GO;"20   ";"58,9 ";FORMOSA;Não;Condutor Dormindo;3;Colisão com objeto;Com Vítimas Fatais;Pleno dia;Crescente;Céu Claro;Simples;"Em Obras;Declive;Curva";Não  ;"1130567   ";Caminhão-trator;IVECO/STRALISHD 570S38TN;"2008      ";Condutor;Óbito;"47   ";Masculino;"0 ";"0    ";"0    ";"1    ";-15.2633690;-47.1604800;SPRF-DF;DEL02-DF;UOP02-DEL02-DF 
629818;"0         ";2024-09-22;domingo;10:30:00;GO;"20   ";"58,9 ";FORMOSA;Não;Condutor Dormindo;2;Saída de leito carroçável;Com Vítimas Fatais;Pleno dia;Crescente;Céu Claro;Simples;"Em Obras;Declive;Curva";Não  ;"1131599   ";Semireboque;SR/FACCHINI SRF CF;"2008      ";"0";"0";"0    ";"0";"0 ";"0    ";"0    ";"0    ";-15.2633690;-47.1604800;SPRF-DF;DEL02-DF;UOP02-DEL02-DF 
629818;"1412377   ";2024-09-22;domingo;10:30:00;GO;"20   ";"58,9 ";FORMOSA;Não;Condutor Dormindo;2;Saída de leito carroçável;Com Vítimas Fatais;Pleno dia;Crescente;Céu Claro;Simples;"Em Obras;Declive;Curva";Não  ;"1129829   ";Automóvel;I/RENAULT CLIO EXP1016VH;"2015      ";Passageiro;Óbito;"29   ";Masculino;"0 ";"0    ";"0    ";"1    ";-15.2633690;-47.1604800;SPRF-DF;DEL02-DF;UOP02-DEL02-DF 
629818;"1411384   ";2024-09-22;domingo;10:30:00;GO;"20   ";"58,9 ";FORMOSA;Não;Condutor Dormindo;2;Saída de leito carroçável;Com Vítimas Fatais;Pleno dia;Crescente;Céu Claro;Simples;"Em Obras;Declive;Curva";Não  ;"1129829   ";Automóvel;I/RENAULT CLIO EXP1016VH;"2015      ";Condutor;Lesões Leves;"51   ";Masculino;"0 ";"1    ";"0    ";"0    ";-15.2633690;-47.1604800;SPRF-DF;DEL02-DF;UOP02-DEL02-DF 
629818;"1412378   ";2024-09-22;domingo;10:30:00;GO;"20   ";"58,9 ";FORMOSA;Não;Condutor Dormindo;2;Saída de leito carroçável;Com Vítimas Fatais;Pleno dia;Crescente;Céu Claro;Simples;"Em Obras;Declive;Curva";Não  ;"1130567   ";Caminhão-trator;IVECO/STRALISHD 570S38TN;"2008      ";Condutor;Óbito;"47   ";Masculino;"0 ";"0    ";"0    ";"1    ";-15.2633690;-47.1604800;SPRF-DF;DEL02-DF;UOP02-DEL02-DF 
629818;"0         ";2024-09-22;domingo;10:30:00;GO;"20   ";"58,9 ";FORMOSA;Não;Condutor Dormindo;1;Colisão lateral sentido oposto;Com Vítimas Fatais;Pleno dia;Crescente;Céu Claro;Simples;"Em Obras;Declive;Curva";Não  ;"1131599   ";Semireboque;SR/FACCHINI SRF CF;"2008      ";"0";"0";"0    ";"0";"0 ";"0    ";"0    ";"0    ";-15.2633690;-47.1604800;SPRF-DF;DEL02-DF;UOP02-DEL02-DF 
629818;"1412377   ";2024-09-22;domingo;10:30:00;GO;"20   ";"58,9 ";FORMOSA;Não;Condutor Dormindo;1;Colisão lateral sentido oposto;Com Vítimas Fatais;Pleno dia;Crescente;Céu Claro;Simples;"Em Obras;Declive;Curva";Não  ;"1129829   ";Automóvel;I/RENAULT CLIO EXP1016VH;"2015      ";Passageiro;Óbito;"29   ";Masculino;"0 ";"0    ";"0    ";"1    ";-15.2633690;-47.1604800;SPRF-DF;DEL02-DF;UOP02-DEL02-DF 
629818;"1411384   ";2024-09-22;domingo;10:30:00;GO;"20   ";"58,9 ";FORMOSA;Não;Condutor Dormindo;1;Colisão lateral sentido oposto;Com Vítimas Fatais;Pleno dia;Crescente;Céu Claro;Simples;"Em Obras;Declive;Curva";Não  ;"1129829   ";Automóvel;I/RENAULT CLIO EXP1016VH;"2015      ";Condutor;Lesões Leves;"51   ";Masculino;"0 ";"1    ";"0    ";"0    ";-15.2633690;-47.1604800;SPRF-DF;DEL02-DF;UOP02-DEL02-DF 
629818;"1412378   ";2024-09-22;domingo;10:30:00;GO;"20   ";"58,9 ";FORMOSA;Não;Condutor Dormindo;1;Colisão lateral sentido oposto;Com Vítimas Fatais;Pleno dia;Crescente;Céu Claro;Simples;"Em Obras;Declive;Curva";Não  ;"1130567   ";Caminhão-trator;IVECO/STRALISHD 570S38TN;"2008      ";Condutor;Óbito;"47   ";Masculino;"0 ";"0    ";"0    ";"1    ";-15.2633690;-47.1604800;SPRF-DF;DEL02-DF;UOP02-DEL02-DF 
629818;"0         ";2024-09-22;domingo;10:30:00;GO;"20   ";"58,9 ";FORMOSA;Não;Ausência de sinalização;5;Derramamento de carga;Com Vítimas Fatais;Pleno dia;Crescente;Céu Claro;Simples;"Em Obras;Declive;Curva";Não  ;"1131599   ";Semireboque;SR/FACCHINI SRF CF;"2008      ";"0";"0";"0    ";"0";"0 ";"0    ";"0    ";"0    ";-15.2633690;-47.1604800;SPRF-DF;DEL02-DF;UOP02-DEL02-DF 
629818;"1412377   ";2024-09-22;domingo;10:30:00;GO;"20   ";"58,9 ";FORMOSA;Não;Ausência de sinalização;5;Derramamento de carga;Com Vítimas Fatais;Pleno dia;Crescente;Céu Claro;Simples;"Em Obras;Declive;Curva";Não  ;"1129829   ";Automóvel;I/RENAULT CLIO EXP1016VH;"2015      ";Passageiro;Óbito;"29   ";Masculino;"0 ";"0    ";"0    ";"1    ";-15.2633690;-47.1604800;SPRF-DF;DEL02-DF;UOP02-DEL02-DF 
629818;"1411384   ";2024-09-22;domingo;10:30:00;GO;"20   ";"58,9 ";FORMOSA;Não;Ausência de sinalização;5;Derramamento de carga;Com Vítimas Fatais;Pleno dia;Crescente;Céu Claro;Simples;"Em Obras;Declive;Curva";Não  ;"1129829   ";Automóvel;I/RENAULT CLIO EXP1016VH;"2015      ";Condutor;Lesões Leves;"51   ";Masculino;"0 ";"1    ";"0    ";"0    ";-15.2633690;-47.1604800;SPRF-DF;DEL02-DF;UOP02-DEL02-DF 
629818;"1412378   ";2024-09-22;domingo;10:30:00;GO;"20   ";"58,9 ";FORMOSA;Não;Ausência de sinalização;5;Derramamento de carga;Com Vítimas Fatais;Pleno dia;Crescente;Céu Claro;Simples;"Em Obras;Declive;Curva";Não  ;"1130567   ";Caminhão-trator;IVECO/STRALISHD 570S38TN;"2008      ";Condutor;Óbito;"47   ";Masculino;"0 ";"0    ";"0    ";"1    ";-15.2633690;-47.1604800;SPRF-DF;DEL02-DF;UOP02-DEL02-DF 
629818;"0         ";2024-09-22;domingo;10:30:00;GO;"20   ";"58,9 ";FORMOSA;Não;Ausência de sinalização;4;Capotamento;Com Vítimas Fatais;Pleno dia;Crescente;Céu Claro;Simples;"Em Obras;Declive;Curva";Não  ;"1131599   ";Semireboque;SR/FACCHINI SRF CF;"2008      ";"0";"0";"0    ";"0";"0 ";"0    ";"0    ";"0    ";-15.2633690;-47.1604800;SPRF-DF;DEL02-DF;UOP02-DEL02-DF 
629818;"1412377   ";2024-09-22;domingo;10:30:00;GO;"20   ";"58,9 ";FORMOSA;Não;Ausência de sinalização;4;Capotamento;Com Vítimas Fatais;Pleno dia;Crescente;Céu Claro;Simples;"Em Obras;Declive;Curva";Não  ;"1129829   ";Automóvel;I/RENAULT CLIO EXP1016VH;"2015      ";Passageiro;Óbito;"29   ";Masculino;"0 ";"0    ";"0    ";"1    ";-15.2633690;-47.1604800;SPRF-DF;DEL02-DF;UOP02-DEL02-DF 
629818;"1411384   ";2024-09-22;domingo;10:30:00;GO;"20   ";"58,9 ";FORMOSA;Não;Ausência de sinalização;4;Capotamento;Com Vítimas Fatais;Pleno dia;Crescente;Céu Claro;Simples;"Em Obras;Declive;Curva";Não  ;"1129829   ";Automóvel;I/RENAULT CLIO EXP1016VH;"2015      ";Condutor;Lesões Leves;"51   ";Masculino;"0 ";"1    ";"0    ";"0    ";-15.2633690;-47.1604800;SPRF-DF;DEL02-DF;UOP02-DEL02-DF 
629818;"1412378   ";2024-09-22;domingo;10:30:00;GO;"20   ";"58,9 ";FORMOSA;Não;Ausência de sinalização;4;Capotamento;Com Vítimas Fatais;Pleno dia;Crescente;Céu Claro;Simples;"Em Obras;Declive;Curva";Não  ;"1130567   ";Caminhão-trator;IVECO/STRALISHD 570S38TN;"2008      ";Condutor;Óbito;"47   ";Masculino;"0 ";"0    ";"0    ";"1    ";-15.2633690;-47.1604800;SPRF-DF;DEL02-DF;UOP02-DEL02-DF 
629818;"0         ";2024-09-22;domingo;10:30:00;GO;"20   ";"58,9 ";FORMOSA;Não;Ausência de sinalização;3;Colisão com objeto;Com Vítimas Fatais;Pleno dia;Crescente;Céu Claro;Simples;"Em Obras;Declive;Curva";Não  ;"1131599   ";Semireboque;SR/FACCHINI SRF CF;"2008      ";"0";"0";"0    ";"0";"0 ";"0    ";"0    ";"0    ";-15.2633690;-47.1604800;SPRF-DF;DEL02-DF;UOP02-DEL02-DF 
629818;"1412377   ";2024-09-22;domingo;10:30:00;GO;"20   ";"58,9 ";FORMOSA;Não;Ausência de sinalização;3;Colisão com objeto;Com Vítimas Fatais;Pleno dia;Crescente;Céu Claro;Simples;"Em Obras;Declive;Curva";Não  ;"1129829   ";Automóvel;I/RENAULT CLIO EXP1016VH;"2015      ";Passageiro;Óbito;"29   ";Masculino;"0 ";"0    ";"0    ";"1    ";-15.2633690;-47.1604800;SPRF-DF;DEL02-DF;UOP02-DEL02-DF 