id;pesid;data_inversa;dia_semana;horario;uf;br;km;municipio;causa_principal;causa_acidente;ordem_tipo_acidente;tipo_acidente;classificacao_acidente;fase_dia;sentido_via;condicao_metereologica;tipo_pista;tracado_via;uso_solo;id_veiculo;tipo_veiculo;marca;ano_fabricacao_veiculo;tipo_envolvido;estado_fisico;idade;sexo;ilesos;feridos_leves;feridos_graves;mortos;latitude;longitude;regional;delegacia;uop
629818;"1411384   ";2024-09-22;domingo;10:30:00;GO;"20   ";"58,9 ";FORMOSA;Não;Ausência de sinalização;3;Colisão com objeto;Com Vítimas Fatais;Pleno dia;Crescente;Céu Claro;Simples;"Em Obras;Declive;Curva";Não  ;"1129829   ";Automóvel;I/RENAULT CLIO EXP1016VH;"2015      ";Condutor;Lesões Leves;"51   ";Masculino;"0 ";"1    ";"0    ";"0    ";-15.2633690;-47.1604800;SPRF-DF;DEL02-DF;UOP02-DEL02-DF 
629818;"1412378   ";2024-09-22;domingo;10:30:00;GO;"20   ";"58,9 ";FORMOSA;Não;Ausência de sinalização;3;Colisão com objeto;Com Vítimas Fatais;Pleno dia;Crescente;Céu Claro;Simples;"Em Obras;Declive;Curva";Não  ;"1130567   ";Caminhão-trator;IVECO/STRALISHD 570S38TN;"2008      ";Condutor;Óbito;"47   ";Masculino;"0 ";"0    ";"0    ";"1    ";-15.2633690;-47.1604800;SPRF-DF;DEL02-DF;UOP02-DEL02-DF 
629818;"0         ";2024-09-22;domingo;10:30:00;GO;"20   ";"58,9 ";FORMOSA;Não;Ausência de sinalização;2;Saída de leito carroçável;Com Vítimas Fatais;Pleno dia;Crescente;Céu Claro;Simples;"Em Obras;Declive;Curva";Não  ;"1131599   ";Semireboque;SR/FACCHINI SRF CF;"2008      ";"0";"0";"0    ";"0";"0 ";"0    ";"0    ";"0    ";-15.2633690;-47.1604800;SPRF-DF;DEL02-DF;UOP02-DEL02-DF 
629818;"1412377   ";2024-09-22;domingo;10:30:00;GO;"20   ";"58,9 ";FORMOSA;Não;Ausência de sinalização;2;Saída de leito carroçável;Com Vítimas Fatais;Pleno dia;Crescente;Céu Claro;Simples;"Em Obras;Declive;Curva";Não  ;"1129829   ";Automóvel;I/RENAULT CLIO EXP1016VH;"2015      ";Passageiro;Óbito;"29   ";Masculino;"0 ";"0    ";"0    ";"1    ";-15.2633690;-47.1604800;SPRF-DF;DEL02-DF;UOP02-DEL02-DF 
629818;"1411384   ";2024-09-22;domingo;10:30:00;GO;"20   ";"58,9 ";FORMOSA;Não;Ausência de sinalização;2;Saída de leito carroçável;Com Vítimas Fatais;Pleno dia;Crescente;Céu Claro;Simples;"Em Obras;Declive;Curva";Não  ;"1129829   ";Automóvel;I/RENAULT CLIO EXP1016VH;"2015      ";Condutor;Lesões Leves;"51   ";Masculino;"0 ";"1    ";"0    ";"0    ";-15.2633690;-47.1604800;SPRF-DF;DEL02-DF;UOP02-DEL02-DF 
629818;"1412378   ";2024-09-22;domingo;10:30:00;GO;"20   ";"58,9 ";FORMOSA;Não;Ausência de sinalização;2;Saída de leito carroçável;Com Vítimas Fatais;Pleno dia;Crescente;Céu Claro;Simples;"Em Obras;Declive;Curva";Não  ;"1130567   ";Caminhão-trator;IVECO/STRALISHD 570S38TN;"2008      ";Condutor;Óbito;"47   ";Masculino;"0 ";"0    ";"0    ";"1    ";-15.2633690;-47.1604800;SPRF-DF;DEL02-DF;UOP02-DEL02-DF 
629818;"0         ";2024-09-22;domingo;10:30:00;GO;"20   ";"58,9 ";FORMOSA;Não;Ausência de sinalização;1;Colisão lateral sentido oposto;Com Vítimas Fatais;Pleno dia;Crescente;Céu Claro;Simples;"Em Obras;Declive;Curva";Não  ;"1131599   ";Semireboque;SR/FACCHINI SRF CF;"2008      ";"0";"0";"0    ";"0";"0 ";"0    ";"0    ";"0    ";-15.2633690;-47.1604800;SPRF-DF;DEL02-DF;UOP02-DEL02-DF 
629818;"1412377   ";2024-09-22;domingo;10:30:00;GO;"20   ";"58,9 ";FORMOSA;Não;Ausência de sinalização;1;Colisão lateral sentido oposto;Com Vítimas Fatais;Pleno dia;Crescente;Céu Claro;Simples;"Em Obras;Declive;Curva";Não  ;"1129829   ";Automóvel;I/RENAULT CLIO EXP1016VH;"2015      ";Passageiro;Óbito;"29   ";Masculino;"0 ";"0    ";"0    ";"1    ";-15.2633690;-47.1604800;SPRF-DF;DEL02-DF;UOP02-DEL02-DF 
629818;"1411384   ";2024-09-22;domingo;10:30:00;GO;"20   ";"58,9 ";FORMOSA;Não;Ausência de sinalização;1;Colisão lateral sentido oposto;Com Vítimas Fatais;Pleno dia;Crescente;Céu Claro;Simples;"Em Obras;Declive;Curva";Não  ;"1129829   ";Automóvel;I/RENAULT CLIO EXP1016VH;"2015      ";Condutor;Lesões Leves;"51   ";Masculino;"0 ";"1    ";"0    ";"0    ";-15.2633690;-47.1604800;SPRF-DF;DEL02-DF;UOP02-DEL02-DF 
629818;"1412378   ";2024-09-22;domingo;10:30:00;GO;"20   ";"58,9 ";FORMOSA;Não;Ausência de sinalização;1;Colisão lateral sentido oposto;Com Vítimas Fatais;Pleno dia;Crescente;Céu Claro;Simples;"Em Obras;Declive;Curva";Não  ;"1130567   ";Caminhão-trator;IVECO/STRALISHD 570S38TN;"2008      ";Condutor;Óbito;"47   ";Masculino;"0 ";"0    ";"0    ";"1    ";-15.2633690;-47.1604800;SPRF-DF;DEL02-DF;UOP02-DEL02-DF 
629818;"0         ";2024-09-22;domingo;10:30:00;GO;"20   ";"58,9 ";FORMOSA;Sim;Ausência de reação do condutor;5;Derramamento de carga;Com Vítimas Fatais;Pleno dia;Crescente;Céu Claro;Simples;"Em Obras;Declive;Curva";Não  ;"1131599   ";Semireboque;SR/FACCHINI SRF CF;"2008      ";"0";"0";"0    ";"0";"0 ";"0    ";"0    ";"0    ";-15.2633690;-47.1604800;SPRF-DF;DEL02-DF;UOP02-DEL02-DF 
629818;"1412377   ";2024-09-22;domingo;10:30:00;GO;"20   ";"58,9 ";FORMOSA;Sim;Ausência de reação do condutor;5;Derramamento de carga;Com Vítimas Fatais;Pleno dia;Crescente;Céu Claro;Simples;"Em Obras;Declive;Curva";Não  ;"1129829   ";Automóvel;I/RENAULT CLIO EXP1016VH;"2015      ";Passageiro;Óbito;"29   ";Masculino;"0 ";"0    ";"0    ";"1    ";-15.2633690;-47.1604800;SPRF-DF;DEL02-DF;UOP02-DEL02-DF 
629818;"1411384   ";2024-09-22;domingo;10:30:00;GO;"20   ";"58,9 ";FORMOSA;Sim;Ausência de reação do condutor;5;Derramamento de carga;Com Vítimas Fatais;Pleno dia;Crescente;Céu Claro;Simples;"Em Obras;Declive;Curva";Não  ;"1129829   ";Automóvel;I/RENAULT CLIO EXP1016VH;"2015      ";Condutor;Lesões Leves;"51   ";Masculino;"0 ";"1    ";"0    ";"0    ";-15.2633690;-47.1604800;SPRF-DF;DEL02-DF;UOP02-DEL02-DF 
629818;"1412378   ";2024-09-22;domingo;10:30:00;GO;"20   ";"58,9 ";FORMOSA;Sim;Ausência de reação do condutor;5;Derramamento de carga;Com Vítimas Fatais;Pleno dia;Crescente;Céu Claro;Simples;"Em Obras;Declive;Curva";Não  ;"1130567   ";Caminhão-trator;IVECO/STRALISHD 570S38TN;"2008      ";Condutor;Óbito;"47   ";Masculino;"0 ";"0    ";"0    ";"1    ";-15.2633690;-47.1604800;SPRF-DF;DEL02-DF;UOP02-DEL02-DF 
629818;"0         ";2024-09-22;domingo;10:30:00;GO;"20   ";"58,9 ";FORMOSA;Sim;Ausência de reação do condutor;4;Capotamento;Com Vítimas Fatais;Pleno dia;Crescente;Céu Claro;Simples;"Em Obras;Declive;Curva";Não  ;"1131599   ";Semireboque;SR/FACCHINI SRF CF;"2008      ";"0";"0";"0    ";"0";"0 ";"0    ";"0    ";"0    ";-15.2633690;-47.1604800;SPRF-DF;DEL02-DF;UOP02-DEL02-DF 
629818;"1412377   ";2024-09-22;domingo;10:30:00;GO;"20   ";"58,9 ";FORMOSA;Sim;Ausência de reação do condutor;4;Capotamento;Com Vítimas Fatais;Pleno dia;Crescente;Céu Claro;Simples;"Em Obras;Declive;Curva";Não  ;"1129829   ";Automóvel;I/RENAULT CLIO EXP1016VH;"2015      ";Passageiro;Óbito;"29   ";Masculino;"0 ";"0    ";"0    ";"1    ";-15.2633690;-47.1604800;SPRF-DF;DEL02-DF;UOP02-DEL02-DF 
629818;"1411384   ";2024-09-22;domingo;10:30:00;GO;"20   ";"58,9 ";FORMOSA;Sim;Ausência de reação do condutor;4;Capotamento;Com Vítimas Fatais;Pleno dia;Crescente;Céu Claro;Simples;"Em Obras;Declive;Curva";Não  ;"1129829   ";Automóvel;I/RENAULT CLIO EXP1016VH;"2015      ";Condutor;Lesões Leves;"51   ";Masculino;"0 ";"1    ";"0    ";"0    ";-15.2633690;-47.1604800;SPRF-DF;DEL02-DF;UOP02-DEL02-DF 
629818;"1412378   ";2024-09-22;domingo;10:30:00;GO;"20   ";"58,9 ";FORMOSA;Sim;Ausência de reação do condutor;4;Capotamento;Com Vítimas Fatais;Pleno dia;Crescente;Céu Claro;Simples;"Em Obras;Declive;Curva";Não  ;"1130567   ";Caminhão-trator;IVECO/STRALISHD 570S38TN;"2008      ";Condutor;Óbito;"47   ";Masculino;"0 ";"0    ";"0    ";"1    ";-15.2633690;-47.1604800;SPRF-DF;DEL02-DF;UOP02-DEL02-DF 
629818;"0         ";2024-09-22;domingo;10:30:00;GO;"20   ";"58,9 ";FORMOSA;Sim;Ausência de reação do condutor;3;Colisão com objeto;Com Vítimas Fatais;Pleno dia;Crescente;Céu Claro;Simples;"Em Obras;Declive;Curva";Não  ;"1131599   ";Semireboque;SR/FACCHINI SRF CF;"2008      ";"0";"0";"0    ";"0";"0 ";"0    ";"0    ";"0    ";-15.2633690;-47.1604800;SPRF-DF;DEL02-DF;UOP02-DEL02-DF 
629818;"1412377   ";2024-09-22;domingo;10:30:00;GO;"20   ";"58,9 ";FORMOSA;Sim;Ausência de reação do condutor;3;Colisão com objeto;Com Vítimas Fatais;Pleno dia;Crescente;Céu Claro;Simples;"Em Obras;Declive;Curva";Não  ;"1129829   ";Automóvel;I/RENAULT CLIO EXP1016VH;"2015      ";Passageiro;Óbito;"29   ";Masculino;"0 ";"0    ";"0    ";"1    ";-15.2633690;-47.1604800;SPRF-DF;DEL02-DF;UOP02-DEL02-DF 
629818;"1411384   ";2024-09-22;domingo;10:30:00;GO;"20   ";"58,9 ";FORMOSA;Sim;Ausência de reação do condutor;3;Colisão com objeto;Com Vítimas Fatais;Pleno dia;Crescente;Céu Claro;Simples;"Em Obras;Declive;Curva";Não  ;"1129829   ";Automóvel;I/RENAULT CLIO EXP1016VH;"2015      ";Condutor;Lesões Leves;"51   ";Masculino;"0 ";"1    ";"0    ";"0    ";-15.2633690;-47.1604800;SPRF-DF;DEL02-DF;UOP02-DEL02-DF 
629818;"1412378   ";2024-09-22;domingo;10:30:00;GO;"20   ";"58,9 ";FORMOSA;Sim;Ausência de reação do condutor;3;Colisão com objeto;Com Vítimas Fatais;Pleno dia;Crescente;Céu Claro;Simples;"Em Obras;Declive;Curva";Não  ;"1130567   ";Caminhão-trator;IVECO/STRALISHD 570S38TN;"2008      ";Condutor;Óbito;"47   ";Masculino;"0 ";"0    ";"0    ";"1    ";-15.2633690;-47.1604800;SPRF-DF;DEL02-DF;UOP02-DEL02-DF 
629818;"0         ";2024-09-22;domingo;10:30:00;GO;"20   ";"58,9 ";FORMOSA;Sim;Ausência de reação do condutor;2;Saída de leito carroçável;Com Vítimas Fatais;Pleno dia;Crescente;Céu Claro;Simples;"Em Obras;Declive;Curva";Não  ;"1131599   ";Semireboque;SR/FACCHINI SRF CF;"2008      ";"0";"0";"0    ";"0";"0 ";"0    ";"0    ";"0    ";-15.2633690;-47.1604800;SPRF-DF;DEL02-DF;UOP02-DEL02-DF 
629818;"1412377   ";2024-09-22;domingo;10:30:00;GO;"20   ";"58,9 ";FORMOSA;Sim;Ausência de reação do condutor;2;Saída de leito carroçável;Com Vítimas Fatais;Pleno dia;Crescente;Céu Claro;Simples;"Em Obras;Declive;Curva";Não  ;"1129829   ";Automóvel;I/RENAULT CLIO EXP1016VH;"2015      ";Passageiro;Óbito;"29   ";Masculino;"0 ";"0    ";"0    ";"1    ";-15.2633690;-47.1604800;SPRF-DF;DEL02-DF;UOP02-DEL02-DF 
629818;"1411384   ";2024-09-22;domingo;10:30:00;GO;"20   ";"58,9 ";FORMOSA;Sim;Ausência de reação do condutor;2;Saída de leito carroçável;Com Vítimas Fatais;Pleno dia;Crescente;Céu Claro;Simples;"Em Obras;Declive;Curva";Não  ;"1129829   ";Automóvel;I/RENAULT CLIO EXP1016VH;"2015      ";Condutor;Lesões Leves;"51   ";Masculino;"0 ";"1    ";"0    ";"0    ";-15.2633690;-47.1604800;SPRF-DF;DEL02-DF;UOP02-DEL02-DF 
629818;"1412378   ";2024-09-22;domingo;10:30:00;GO;"20   ";"58,9 ";FORMOSA;Sim;Ausência de reação do condutor;2;Saída de leito carroçável;Com Vítimas Fatais;Pleno dia;Crescente;Céu Claro;Simples;"Em Obras;Declive;Curva";Não  ;"1130567   ";Caminhão-trator;IVECO/STRALISHD 570S38TN;"2008      ";Condutor;Óbito;"47   ";Masculino;"0 ";"0    ";"0    ";"1    ";-15.2633690;-47.1604800;SPRF-DF;DEL02-DF;UOP02-DEL02-DF 
629818;"0         ";2024-09-22;domingo;10:30:00;GO;"20   ";"58,9 ";FORMOSA;Sim;Ausência de reação do condutor;1;Colisão lateral sentido oposto;Com Vítimas Fatais;Pleno dia;Crescente;Céu Claro;Simples;"Em Obras;Declive;Curva";Não  ;"1131599   ";Semireboque;SR/FACCHINI SRF CF;"2008      ";"0";"0";"0    ";"0";"0 ";"0    ";"0    ";"0    ";-15.2633690;-47.1604800;SPRF-DF;DEL02-DF;UOP02-DEL02-DF 
629818;"1412377   ";2024-09-22;domingo;10:30:00;GO;"20   ";"58,9 ";FORMOSA;Sim;Ausência de reação do condutor;1;Colisão lateral sentido oposto;Com Vítimas Fatais;Pleno dia;Crescente;Céu Claro;Simples;"Em Obras;Declive;Curva";Não  ;"1129829   ";Automóvel;I/RENAULT CLIO EXP1016VH;"2015      ";Passageiro;Óbito;"29   ";Masculino;"0 ";"0    ";"0    ";"1    ";-15.2633690;-47.1604800;SPRF-DF;DEL02-DF;UOP02-DEL02-DF 
629818;"1411384   ";2024-09-22;domingo;10:30:00;GO;"20   ";"58,9 ";FORMOSA;Sim;Ausência de reação do condutor;1;Colisão lateral sentido oposto;Com Vítimas Fatais;Pleno dia;Crescente;Céu Claro;Simples;"Em Obras;Declive;Curva";Não  ;"1129829   ";Automóvel;I/RENAULT CLIO EXP1016VH;"2015      ";Condutor;Lesões Leves;"51   ";Masculino;"0 ";"1    ";"0    ";"0    ";-15.2633690;-47.1604800;SPRF-DF;DEL02-DF;UOP02-DEL02-DF 
629818;"1412378   ";2024-09-22;domingo;10:30:00;GO;"20   ";"58,9 ";FORMOSA;Sim;Ausência de reação do condutor;1;Colisão lateral sentido oposto;Com Vítimas Fatais;Pleno dia;Crescente;Céu Claro;Simples;"Em Obras;Declive;Curva";Não  ;"1130567   ";Caminhão-trator;IVECO/STRALISHD 570S38TN;"2008      ";Condutor;Óbito;"47   ";Masculino;"0 ";"0    ";"0    ";"1    ";-15.2633690;-47.1604800;SPRF-DF;DEL02-DF;UOP02-DEL02-DF 
629863;"1411439   ";2024-09-22;domingo;15:57:00;DF;"80   ";"21   ";BRASILIA;Sim;Acessar a via sem observar a presença dos outros veículos;1;Colisão transversal;Com Vítimas Feridas;Pleno dia;Decrescente;Céu Claro;Simples;Reta;Não  ;"1129877   ";Caminhão;VW/9.160 DRC 4X2;"2012      ";Condutor;Ileso;"60   ";Masculino;"1 ";"0    ";"0    ";"0    ";-15.6582990;-48.2028200;SPRF-DF;DEL03-DF;UOP02-DEL03-DF 
629863;"1411441   ";2024-09-22;domingo;15:57:00;DF;"80   ";"21   ";BRASILIA;Sim;Acessar a via sem observar a presença dos outros veículos;1;Colisão transversal;Com Vítimas Feridas;Pleno dia;Decrescente;Céu Claro;Simples;Reta;Não  ;"1129882   ";Automóvel;VW/VIRTUS MF;"2018      ";Passageiro;Ileso;"30   ";Feminino;"1 ";"0    ";"0    ";"0    ";-15.6582990;-48.2028200;SPRF-DF;DEL03-DF;UOP02-DEL03-DF 
629863;"1411444   ";2024-09-22;domingo;15:57:00;DF;"80   ";"21   ";BRASILIA;Sim;Acessar a via sem observar a presença dos outros veículos;1;Colisão transversal;Com Vítimas Feridas;Pleno dia;Decrescente;Céu Claro;Simples;Reta;Não  ;"1129882   ";Automóvel;VW/VIRTUS MF;"2018      ";Passageiro;Lesões Graves;"30   ";Masculino;"0 ";"0    ";"1    ";"0    ";-15.6582990;-48.2028200;SPRF-DF;DEL03-DF;UOP02-DEL03-DF 
629863;"1411440   ";2024-09-22;domingo;15:57:00;DF;"80   ";"21   ";BRASILIA;Sim;Acessar a via sem observar a presença dos outros veículos;1;Colisão transversal;Com Vítimas Feridas;Pleno dia;Decrescente;Céu Claro;Simples;Reta;Não  ;"1129882   ";Automóvel;VW/VIRTUS MF;"2018      ";Condutor;Lesões Leves;"30   ";Feminino;"0 ";"1    ";"0    ";"0    ";-15.6582990;-48.2028200;SPRF-DF;DEL03-DF;UOP02-DEL03-DF 
629910;"1411488   ";2024-09-22;domingo;19:15:00;GO;"40   ";"80,4 ";CRISTALINA;Não;Velocidade Incompatível;3;Tombamento;Com Vítimas Feridas;Plena Noite;Decrescente;Céu Claro;Dupla;Reta;Não  ;"1129911   ";Automóvel;VW/GOL HL MC S;"2015      ";Condutor;Lesões Leves;"31   ";Masculino;"0 ";"1    ";"0    ";"0    ";-16.6694640;-47.7133910;SPRF-DF;DEL01-DF;UOP02-DEL01-DF 
629910;"1411488   ";2024-09-22;domingo;19:15:00;GO;"40   ";"80,4 ";CRISTALINA;Não;Velocidade Incompatível;2;Saída de leito carroçável;Com Vítimas Feridas;Plena Noite;Decrescente;Céu Claro;Dupla;Reta;Não  ;"1129911   ";Automóvel;VW/GOL HL MC S;"2015      ";Condutor;Lesões Leves;"31   ";Masculino;"0 ";"1    ";"0    ";"0    ";-16.6694640;-47.7133910;SPRF-DF;DEL01-DF;UOP02-DEL01-DF 
629910;"1411488   ";2024-09-22;domingo;19:15:00;GO;"40   ";"80,4 ";CRISTALINA;Não;Velocidade Incompatível;1;Atropelamento de Animal;Com Vítimas Feridas;Plena Noite;Decrescente;Céu Claro;Dupla;Reta;Não  ;"1129911   ";Automóvel;VW/GOL HL MC S;"2015      ";Condutor;Lesões Leves;"31   ";Masculino;"0 ";"1    ";"0    ";"0    ";-16.6694640;-47.7133910;SPRF-DF;DEL01-DF;UOP02-DEL01-DF 
629910;"1411488   ";2024-09-22;domingo;19:15:00;GO;"40   ";"80,4 ";CRISTALINA;Não;Reação tardia ou ineficiente do condutor;3;Tombamento;Com Vítimas Feridas;Plena Noite;Decrescente;Céu Claro;Dupla;Reta;Não  ;"1129911   ";Automóvel;VW/GOL HL MC S;"2015      ";Condutor;Lesões Leves;"31   ";Masculino;"0 ";"1    ";"0    ";"0    ";-16.6694640;-47.7133910;SPRF-DF;DEL01-DF;UOP02-DEL01-DF 
629910;"1411488   ";2024-09-22;domingo;19:15:00;GO;"40   ";"80,4 ";CRISTALINA;Não;Reação tardia ou ineficiente do condutor;2;Saída de leito carroçável;Com Vítimas Feridas;Plena Noite;Decrescente;Céu Claro;Dupla;Reta;Não  ;"1129911   ";Automóvel;VW/GOL HL MC S;"2015      ";Condutor;Lesões Leves;"31   ";Masculino;"0 ";"1    ";"0    ";"0    ";-16.6694640;-47.7133910;SPRF-DF;DEL01-DF;UOP02-DEL01-DF 
629910;"1411488   ";2024-09-22;domingo;19:15:00;GO;"40   ";"80,4 ";CRISTALINA;Não;Reação tardia ou ineficiente do condutor;1;Atropelamento de Animal;Com Vítimas Feridas;Plena Noite;Decrescente;Céu Claro;Dupla;Reta;Não  ;"1129911   ";Automóvel;VW/GOL HL MC S;"2015      ";Condutor;Lesões Leves;"31   ";Masculino;"0 ";"1    ";"0    ";"0    ";-16.6694640;-47.7133910;SPRF-DF;DEL01-DF;UOP02-DEL01-DF 
629910;"1411488   ";2024-09-22;domingo;19:15:00;GO;"40   ";"80,4 ";CRISTALINA;Sim;Animais na Pista;3;Tombamento;Com Vítimas Feridas;Plena Noite;Decrescente;Céu Claro;Dupla;Reta;Não  ;"1129911   ";Automóvel;VW/GOL HL MC S;"2015      ";Condutor;Lesões Leves;"31   ";Masculino;"0 ";"1    ";"0    ";"0    ";-16.6694640;-47.7133910;SPRF-DF;DEL01-DF;UOP02-DEL01-DF 
629910;"1411488   ";2024-09-22;domingo;19:15:00;GO;"40   ";"80,4 ";CRISTALINA;Sim;Animais na Pista;2;Saída de leito carroçável;Com Vítimas Feridas;Plena Noite;Decrescente;Céu Claro;Dupla;Reta;Não  ;"1129911   ";Automóvel;VW/GOL HL MC S;"2015      ";Condutor;Lesões Leves;"31   ";Masculino;"0 ";"1    ";"0    ";"0    ";-16.6694640;-47.7133910;SPRF-DF;DEL01-DF;UOP02-DEL01-DF 
629910;"1411488   ";2024-09-22;domingo;19:15:00;GO;"40   ";"80,4 ";CRISTALINA;Sim;Animais na Pista;1;Atropelamento de Animal;Com Vítimas Feridas;Plena Noite;Decrescente;Céu Claro;Dupla;Reta;Não  ;"1129911   ";Automóvel;VW/GOL HL MC S;"2015      ";Condutor;Lesões Leves;"31   ";Masculino;"0 ";"1    ";"0    ";"0    ";-16.6694640;-47.7133910;SPRF-DF;DEL01-DF;UOP02-DEL01-DF 
629913;"1413146   ";2024-09-22;domingo;18:28:00;DF;"20   ";"15,4 ";BRASILIA;Sim;Velocidade Incompatível;2;Colisão com objeto;Com Vítimas Feridas;Anoitecer;Decrescente;Céu Claro;Dupla;Reta;Não  ;"1129947   ";Automóvel;FIAT/PREMIO CSL;"1991      ";Passageiro;Ileso;"3    ";Masculino;"1 ";"0    ";"0    ";"0    ";-15.6301890;-47.7332880;SPRF-DF;DEL02-DF;UOP01-DEL02-DF 
629913;"1413143   ";2024-09-22;domingo;18:28:00;DF;"20   ";"15,4 ";BRASILIA;Sim;Velocidade Incompatível;2;Colisão com objeto;Com Vítimas Feridas;Anoitecer;Decrescente;Céu Claro;Dupla;Reta;Não  ;"1129947   ";Automóvel;FIAT/PREMIO CSL;"1991      ";Passageiro;Ileso;"9    ";Masculino;"1 ";"0    ";"0    ";"0    ";-15.6301890;-47.7332880;SPRF-DF;DEL02-DF;UOP01-DEL02-DF 
629913;"1411538   ";2024-09-22;domingo;18:28:00;DF;"20   ";"15,4 ";BRASILIA;Sim;Velocidade Incompatível;2;Colisão com objeto;Com Vítimas Feridas;Anoitecer;Decrescente;Céu Claro;Dupla;Reta;Não  ;"1129947   ";Automóvel;FIAT/PREMIO CSL;"1991      ";Passageiro;Ileso;"57   ";Feminino;"1 ";"0    ";"0    ";"0    ";-15.6301890;-47.7332880;SPRF-DF;DEL02-DF;UOP01-DEL02-DF 
629913;"1411537   ";2024-09-22;domingo;18:28:00;DF;"20   ";"15,4 ";BRASILIA;Sim;Velocidade Incompatível;2;Colisão com objeto;Com Vítimas Feridas;Anoitecer;Decrescente;Céu Claro;Dupla;Reta;Não  ;"1129947   ";Automóvel;FIAT/PREMIO CSL;"1991      ";Passageiro;Lesões Leves;"65   ";Masculino;"0 ";"1    ";"0    ";"0    ";-15.6301890;-47.7332880;SPRF-DF;DEL02-DF;UOP01-DEL02-DF 
629913;"1411536   ";2024-09-22;domingo;18:28:00;DF;"20   ";"15,4 ";BRASILIA;Sim;Velocidade Incompatível;2;Colisão com objeto;Com Vítimas Feridas;Anoitecer;Decrescente;Céu Claro;Dupla;Reta;Não  ;"1129947   ";Automóvel;FIAT/PREMIO CSL;"1991      ";Condutor;Ileso;"24   ";Masculino;"1 ";"0    ";"0    ";"0    ";-15.6301890;-47.7332880;SPRF-DF;DEL02-DF;UOP01-DEL02-DF 
629913;"1413146   ";2024-09-22;domingo;18:28:00;DF;"20   ";"15,4 ";BRASILIA;Sim;Velocidade Incompatível;1;Saída de leito carroçável;Com Vítimas Feridas;Anoitecer;Decrescente;Céu Claro;Dupla;Reta;Não  ;"1129947   ";Automóvel;FIAT/PREMIO CSL;"1991      ";Passageiro;Ileso;"3    ";Masculino;"1 ";"0    ";"0    ";"0    ";-15.6301890;-47.7332880;SPRF-DF;DEL02-DF;UOP01-DEL02-DF 
629913;"1413143   ";2024-09-22;domingo;18:28:00;DF;"20   ";"15,4 ";BRASILIA;Sim;Velocidade Incompatível;1;Saída de leito carroçável;Com Vítimas Feridas;Anoitecer;Decrescente;Céu Claro;Dupla;Reta;Não  ;"1129947   ";Automóvel;FIAT/PREMIO CSL;"1991      ";Passageiro;Ileso;"9    ";Masculino;"1 ";"0    ";"0    ";"0    ";-15.6301890;-47.7332880;SPRF-DF;DEL02-DF;UOP01-DEL02-DF 
629913;"1411538   ";2024-09-22;domingo;18:28:00;DF;"20   ";"15,4 ";BRASILIA;Sim;Velocidade Incompatível;1;Saída de leito carroçável;Com Vítimas Feridas;Anoitecer;Decrescente;Céu Claro;Dupla;Reta;Não  ;"1129947   ";Automóvel;FIAT/PREMIO CSL;"1991      ";Passageiro;Ileso;"57   ";Feminino;"1 ";"0    ";"0    ";"0    ";-15.6301890;-47.7332880;SPRF-DF;DEL02-DF;UOP01-DEL02-DF 
629913;"1411537   ";2024-09-22;domingo;18:28:00;DF;"20   ";"15,4 ";BRASILIA;Sim;Velocidade Incompatível;1;Saída de leito carroçável;Com Vítimas Feridas;Anoitecer;Decrescente;Céu Claro;Dupla;Reta;Não  ;"1129947   ";Automóvel;FIAT/PREMIO CSL;"1991      ";Passageiro;Lesões Leves;"65   ";Masculino;"0 ";"1    ";"0    ";"0    ";-15.6301890;-47.7332880;SPRF-DF;DEL02-DF;UOP01-DEL02-DF 
629913;"1411536   ";2024-09-22;domingo;18:28:00;DF;"20   ";"15,4 ";BRASILIA;Sim;Velocidade Incompatível;1;Saída de leito carroçável;Com Vítimas Feridas;Anoitecer;Decrescente;Céu Claro;Dupla;Reta;Não  ;"1129947   ";Automóvel;FIAT/PREMIO CSL;"1991      ";Condutor;Ileso;"24   ";Masculino;"1 ";"0    ";"0    ";"0    ";-15.6301890;-47.7332880;SPRF-DF;DEL02-DF;UOP01-DEL02-DF 
629917;"1411654   ";2024-09-22;domingo;18:45:00;DF;"70   ";"10   ";BRASILIA;Sim;Acessar a via sem observar a presença dos outros veículos;2;Saída de leito carroçável;Com Vítimas Feridas;Plena Noite;Decrescente;Céu Claro;Dupla;Reta;Não  ;"1130033   ";Automóvel;GM/CHEVETTE DL;"1991      ";Passageiro;Ileso;"49   ";Feminino;"1 ";"0    ";"0    ";"0    ";-15.7870660;-48.1407090;SPRF-DF;DEL03-DF;UOP02-DEL03-DF 
629917;"1411652   ";2024-09-22;domingo;18:45:00;DF;"70   ";"10   ";BRASILIA;Sim;Acessar a via sem observar a presença dos outros veículos;2;Saída de leito carroçável;Com Vítimas Feridas;Plena Noite;Decrescente;Céu Claro;Dupla;Reta;Não  ;"1130033   ";Automóvel;GM/CHEVETTE DL;"1991      ";Passageiro;Ileso;"21   ";Masculino;"1 ";"0    ";"0    ";"0    ";-15.7870660;-48.1407090;SPRF-DF;DEL03-DF;UOP02-DEL03-DF 
629917;"1411655   ";2024-09-22;domingo;18:45:00;DF;"70   ";"10   ";BRASILIA;Sim;Acessar a via sem observar a presença dos outros veículos;2;Saída de leito carroçável;Com Vítimas Feridas;Plena Noite;Decrescente;Céu Claro;Dupla;Reta;Não  ;"1130033   ";Automóvel;GM/CHEVETTE DL;"1991      ";Passageiro;Ileso;"33   ";Masculino;"1 ";"0    ";"0    ";"0    ";-15.7870660;-48.1407090;SPRF-DF;DEL03-DF;UOP02-DEL03-DF 