id;pesid;data_inversa;dia_semana;horario;uf;br;km;municipio;causa_principal;causa_acidente;ordem_tipo_acidente;tipo_acidente;classificacao_acidente;fase_dia;sentido_via;condicao_metereologica;tipo_pista;tracado_via;uso_solo;id_veiculo;tipo_veiculo;marca;ano_fabricacao_veiculo;tipo_envolvido;estado_fisico;idade;sexo;ilesos;feridos_leves;feridos_graves;mortos;latitude;longitude;regional;delegacia;uop
629917;"1411653   ";2024-09-22;domingo;18:45:00;DF;"70   ";"10   ";BRASILIA;Sim;Acessar a via sem observar a presença dos outros veículos;2;Saída de leito carroçável;Com Vítimas Feridas;Plena Noite;Decrescente;Céu Claro;Dupla;Reta;Não  ;"1130033   ";Automóvel;GM/CHEVETTE DL;"1991      ";Condutor;Ileso;"24   ";Masculino;"1 ";"0    ";"0    ";"0    ";-15.7870660;-48.1407090;SPRF-DF;DEL03-DF;UOP02-DEL03-DF 
629917;"1411650   ";2024-09-22;domingo;18:45:00;DF;"70   ";"10   ";BRASILIA;Sim;Acessar a via sem observar a presença dos outros veículos;2;Saída de leito carroçável;Com Vítimas Feridas;Plena Noite;Decrescente;Céu Claro;Dupla;Reta;Não  ;"1130032   ";Automóvel;CHEV/PRISMA 1.4MT LT;"2014      ";Passageiro;Lesões Leves;"21   ";Feminino;"0 ";"1    ";"0    ";"0    ";-15.7870660;-48.1407090;SPRF-DF;DEL03-DF;UOP02-DEL03-DF 
629917;"1411649   ";2024-09-22;domingo;18:45:00;DF;"70   ";"10   ";BRASILIA;Sim;Acessar a via sem observar a presença dos outros veículos;2;Saída de leito carroçável;Com Vítimas Feridas;Plena Noite;Decrescente;Céu Claro;Dupla;Reta;Não  ;"1130032   ";Automóvel;CHEV/PRISMA 1.4MT LT;"2014      ";Condutor;Ileso;"43   ";Masculino;"1 ";"0    ";"0    ";"0    ";-15.7870660;-48.1407090;SPRF-DF;DEL03-DF;UOP02-DEL03-DF 
629917;"1411654   ";2024-09-22;domingo;18:45:00;DF;"70   ";"10   ";BRASILIA;Sim;Acessar a via sem observar a presença dos outros veículos;1;Colisão traseira;Com Vítimas Feridas;Plena Noite;Decrescente;Céu Claro;Dupla;Reta;Não  ;"1130033   ";Automóvel;GM/CHEVETTE DL;"1991      ";Passageiro;Ileso;"49   ";Feminino;"1 ";"0    ";"0    ";"0    ";-15.7870660;-48.1407090;SPRF-DF;DEL03-DF;UOP02-DEL03-DF 
629917;"1411652   ";2024-09-22;domingo;18:45:00;DF;"70   ";"10   ";BRASILIA;Sim;Acessar a via sem observar a presença dos outros veículos;1;Colisão traseira;Com Vítimas Feridas;Plena Noite;Decrescente;Céu Claro;Dupla;Reta;Não  ;"1130033   ";Automóvel;GM/CHEVETTE DL;"1991      ";Passageiro;Ileso;"21   ";Masculino;"1 ";"0    ";"0    ";"0    ";-15.7870660;-48.1407090;SPRF-DF;DEL03-DF;UOP02-DEL03-DF 
629917;"1411655   ";2024-09-22;domingo;18:45:00;DF;"70   ";"10   ";BRASILIA;Sim;Acessar a via sem observar a presença dos outros veículos;1;Colisão traseira;Com Vítimas Feridas;Plena Noite;Decrescente;Céu Claro;Dupla;Reta;Não  ;"1130033   ";Automóvel;GM/CHEVETTE DL;"1991      ";Passageiro;Ileso;"33   ";Masculino;"1 ";"0    ";"0    ";"0    ";-15.7870660;-48.1407090;SPRF-DF;DEL03-DF;UOP02-DEL03-DF 
629917;"1411653   ";2024-09-22;domingo;18:45:00;DF;"70   ";"10   ";BRASILIA;Sim;Acessar a via sem observar a presença dos outros veículos;1;Colisão traseira;Com Vítimas Feridas;Plena Noite;Decrescente;Céu Claro;Dupla;Reta;Não  ;"1130033   ";Automóvel;GM/CHEVETTE DL;"1991      ";Condutor;Ileso;"24   ";Masculino;"1 ";"0    ";"0    ";"0    ";-15.7870660;-48.1407090;SPRF-DF;DEL03-DF;UOP02-DEL03-DF 
629917;"1411650   ";2024-09-22;domingo;18:45:00;DF;"70   ";"10   ";BRASILIA;Sim;Acessar a via sem observar a presença dos outros veículos;1;Colisão traseira;Com Vítimas Feridas;Plena Noite;Decrescente;Céu Claro;Dupla;Reta;Não  ;"1130032   ";Automóvel;CHEV/PRISMA 1.4MT LT;"2014      ";Passageiro;Lesões Leves;"21   ";Feminino;"0 ";"1    ";"0    ";"0    ";-15.7870660;-48.1407090;SPRF-DF;DEL03-DF;UOP02-DEL03-DF 
629917;"1411649   ";2024-09-22;domingo;18:45:00;DF;"70   ";"10   ";BRASILIA;Sim;Acessar a via sem observar a presença dos outros veículos;1;Colisão traseira;Com Vítimas Feridas;Plena Noite;Decrescente;Céu Claro;Dupla;Reta;Não  ;"1130032   ";Automóvel;CHEV/PRISMA 1.4MT LT;"2014      ";Condutor;Ileso;"43   ";Masculino;"1 ";"0    ";"0    ";"0    ";-15.7870660;-48.1407090;SPRF-DF;DEL03-DF;UOP02-DEL03-DF 
629950;"1412508   ";2024-09-22;domingo;20:19:00;DF;"20   ";"9,5  ";BRASILIA;Sim;Ingestão de álcool pelo condutor;1;Colisão lateral mesmo sentido;Sem Vítimas;Plena Noite;Crescente;Céu Claro;Dupla;"Reta;Aclive";Sim  ;"1130692   ";Automóvel;VW/NOVO GOL TL MBV;"2016      ";Passageiro;Ileso;"26   ";Feminino;"1 ";"0    ";"0    ";"0    ";-15.6518623;-47.7772021;SPRF-DF;DEL02-DF;UOP01-DEL02-DF 
629950;"1412507   ";2024-09-22;domingo;20:19:00;DF;"20   ";"9,5  ";BRASILIA;Sim;Ingestão de álcool pelo condutor;1;Colisão lateral mesmo sentido;Sem Vítimas;Plena Noite;Crescente;Céu Claro;Dupla;"Reta;Aclive";Sim  ;"1130692   ";Automóvel;VW/NOVO GOL TL MBV;"2016      ";Passageiro;Ileso;"42   ";Feminino;"1 ";"0    ";"0    ";"0    ";-15.6518623;-47.7772021;SPRF-DF;DEL02-DF;UOP01-DEL02-DF 
629950;"1412505   ";2024-09-22;domingo;20:19:00;DF;"20   ";"9,5  ";BRASILIA;Sim;Ingestão de álcool pelo condutor;1;Colisão lateral mesmo sentido;Sem Vítimas;Plena Noite;Crescente;Céu Claro;Dupla;"Reta;Aclive";Sim  ;"1130692   ";Automóvel;VW/NOVO GOL TL MBV;"2016      ";Passageiro;Ileso;"17   ";Feminino;"1 ";"0    ";"0    ";"0    ";-15.6518623;-47.7772021;SPRF-DF;DEL02-DF;UOP01-DEL02-DF 
629950;"1412503   ";2024-09-22;domingo;20:19:00;DF;"20   ";"9,5  ";BRASILIA;Sim;Ingestão de álcool pelo condutor;1;Colisão lateral mesmo sentido;Sem Vítimas;Plena Noite;Crescente;Céu Claro;Dupla;"Reta;Aclive";Sim  ;"1130692   ";Automóvel;VW/NOVO GOL TL MBV;"2016      ";Passageiro;Ileso;"20   ";Masculino;"1 ";"0    ";"0    ";"0    ";-15.6518623;-47.7772021;SPRF-DF;DEL02-DF;UOP01-DEL02-DF 
629950;"1412489   ";2024-09-22;domingo;20:19:00;DF;"20   ";"9,5  ";BRASILIA;Sim;Ingestão de álcool pelo condutor;1;Colisão lateral mesmo sentido;Sem Vítimas;Plena Noite;Crescente;Céu Claro;Dupla;"Reta;Aclive";Sim  ;"1130692   ";Automóvel;VW/NOVO GOL TL MBV;"2016      ";Condutor;Ileso;"33   ";Masculino;"1 ";"0    ";"0    ";"0    ";-15.6518623;-47.7772021;SPRF-DF;DEL02-DF;UOP01-DEL02-DF 
629950;"1412491   ";2024-09-22;domingo;20:19:00;DF;"20   ";"9,5  ";BRASILIA;Sim;Ingestão de álcool pelo condutor;1;Colisão lateral mesmo sentido;Sem Vítimas;Plena Noite;Crescente;Céu Claro;Dupla;"Reta;Aclive";Sim  ;"1130690   ";Automóvel;VW/GOL;"1983      ";Condutor;Ileso;"43   ";Masculino;"1 ";"0    ";"0    ";"0    ";-15.6518623;-47.7772021;SPRF-DF;DEL02-DF;UOP01-DEL02-DF 
629953;"1411648   ";2024-09-22;domingo;20:50:00;GO;"70   ";"11   ";AGUAS LINDAS DE GOIAS;Sim;Ausência de reação do condutor;1;Colisão frontal;Sem Vítimas;Plena Noite;Crescente;Céu Claro;Dupla;"Reta;Declive";Sim  ;"1130031   ";Caminhonete;FIAT/STRADA ENDURAN CS13;"2024      ";Condutor;Ileso;"53   ";Masculino;"1 ";"0    ";"0    ";"0    ";-15.7387761;-48.3012429;SPRF-DF;DEL03-DF;UOP02-DEL03-DF 
629953;"1411647   ";2024-09-22;domingo;20:50:00;GO;"70   ";"11   ";AGUAS LINDAS DE GOIAS;Sim;Ausência de reação do condutor;1;Colisão frontal;Sem Vítimas;Plena Noite;Crescente;Céu Claro;Dupla;"Reta;Declive";Sim  ;"1130030   ";Automóvel;I/KIA CERATO EX3 1.6MTNB;"2010      ";Condutor;Ileso;"34   ";Feminino;"1 ";"0    ";"0    ";"0    ";-15.7387761;-48.3012429;SPRF-DF;DEL03-DF;UOP02-DEL03-DF 
629968;"1411607   ";2024-09-22;domingo;22:59:00;DF;"70   ";"4    ";BRASILIA;Sim;Pedestre andava na pista;2;Saída de leito carroçável;Com Vítimas Feridas;Plena Noite;Crescente;Céu Claro;Dupla;Reta;Sim  ;"1130009   ";Automóvel;GM/CLASSIC SPIRIT;"2008      ";Condutor;Não Informado;"0    ";Não Informado;"0 ";"0    ";"0    ";"0    ";-15.7981150;-48.0893170;SPRF-DF;DEL03-DF;UOP02-DEL03-DF 
629968;"1411606   ";2024-09-22;domingo;22:59:00;DF;"70   ";"4    ";BRASILIA;Sim;Pedestre andava na pista;2;Saída de leito carroçável;Com Vítimas Feridas;Plena Noite;Crescente;Céu Claro;Dupla;Reta;Sim  ;"1130007   ";Automóvel;CHEV/ONIX 10TAT LT1;"2022      ";Condutor;Ileso;"35   ";Masculino;"1 ";"0    ";"0    ";"0    ";-15.7981150;-48.0893170;SPRF-DF;DEL03-DF;UOP02-DEL03-DF 
629968;"1411608   ";2024-09-22;domingo;22:59:00;DF;"70   ";"4    ";BRASILIA;Sim;Pedestre andava na pista;2;Saída de leito carroçável;Com Vítimas Feridas;Plena Noite;Crescente;Céu Claro;Dupla;Reta;Sim  ;"0         ";"0";NA/NA;"0         ";Pedestre;Lesões Graves;"0    ";Masculino;"0 ";"0    ";"1    ";"0    ";-15.7981150;-48.0893170;SPRF-DF;DEL03-DF;UOP02-DEL03-DF 
629968;"1411607   ";2024-09-22;domingo;22:59:00;DF;"70   ";"4    ";BRASILIA;Sim;Pedestre andava na pista;1;Atropelamento de Pedestre;Com Vítimas Feridas;Plena Noite;Crescente;Céu Claro;Dupla;Reta;Sim  ;"1130009   ";Automóvel;GM/CLASSIC SPIRIT;"2008      ";Condutor;Não Informado;"0    ";Não Informado;"0 ";"0    ";"0    ";"0    ";-15.7981150;-48.0893170;SPRF-DF;DEL03-DF;UOP02-DEL03-DF 
629968;"1411606   ";2024-09-22;domingo;22:59:00;DF;"70   ";"4    ";BRASILIA;Sim;Pedestre andava na pista;1;Atropelamento de Pedestre;Com Vítimas Feridas;Plena Noite;Crescente;Céu Claro;Dupla;Reta;Sim  ;"1130007   ";Automóvel;CHEV/ONIX 10TAT LT1;"2022      ";Condutor;Ileso;"35   ";Masculino;"1 ";"0    ";"0    ";"0    ";-15.7981150;-48.0893170;SPRF-DF;DEL03-DF;UOP02-DEL03-DF 
629968;"1411608   ";2024-09-22;domingo;22:59:00;DF;"70   ";"4    ";BRASILIA;Sim;Pedestre andava na pista;1;Atropelamento de Pedestre;Com Vítimas Feridas;Plena Noite;Crescente;Céu Claro;Dupla;Reta;Sim  ;"0         ";"0";NA/NA;"0         ";Pedestre;Lesões Graves;"0    ";Masculino;"0 ";"0    ";"1    ";"0    ";-15.7981150;-48.0893170;SPRF-DF;DEL03-DF;UOP02-DEL03-DF 
629970;"1411603   ";2024-09-22;domingo;15:10:00;GO;"414  ";"247  ";NIQUELANDIA;Não;Condutor usando celular;2;Capotamento;Com Vítimas Fatais;Pleno dia;Crescente;Céu Claro;Simples;"Reta;Declive";Não  ;"1130001   ";Camioneta;I/MMC OUTLANDER 3.0 V6;"2011      ";Passageiro;Lesões Graves;"28   ";Masculino;"0 ";"0    ";"1    ";"0    ";-14.7973521;-48.6330446;SPRF-GO;DEL07-GO;UOP02-DEL07-GO 
629970;"1411602   ";2024-09-22;domingo;15:10:00;GO;"414  ";"247  ";NIQUELANDIA;Não;Condutor usando celular;2;Capotamento;Com Vítimas Fatais;Pleno dia;Crescente;Céu Claro;Simples;"Reta;Declive";Não  ;"1130001   ";Camioneta;I/MMC OUTLANDER 3.0 V6;"2011      ";Condutor;Lesões Graves;"35   ";Masculino;"0 ";"0    ";"1    ";"0    ";-14.7973521;-48.6330446;SPRF-GO;DEL07-GO;UOP02-DEL07-GO 
629970;"1411601   ";2024-09-22;domingo;15:10:00;GO;"414  ";"247  ";NIQUELANDIA;Não;Condutor usando celular;2;Capotamento;Com Vítimas Fatais;Pleno dia;Crescente;Céu Claro;Simples;"Reta;Declive";Não  ;"1130000   ";Caminhonete;VW/NOVA SAVEIRO RB MBVS;"2019      ";Condutor;Óbito;"45   ";Masculino;"0 ";"0    ";"0    ";"1    ";-14.7973521;-48.6330446;SPRF-GO;DEL07-GO;UOP02-DEL07-GO 
629970;"1411603   ";2024-09-22;domingo;15:10:00;GO;"414  ";"247  ";NIQUELANDIA;Não;Condutor usando celular;1;Colisão frontal;Com Vítimas Fatais;Pleno dia;Crescente;Céu Claro;Simples;"Reta;Declive";Não  ;"1130001   ";Camioneta;I/MMC OUTLANDER 3.0 V6;"2011      ";Passageiro;Lesões Graves;"28   ";Masculino;"0 ";"0    ";"1    ";"0    ";-14.7973521;-48.6330446;SPRF-GO;DEL07-GO;UOP02-DEL07-GO 
629970;"1411602   ";2024-09-22;domingo;15:10:00;GO;"414  ";"247  ";NIQUELANDIA;Não;Condutor usando celular;1;Colisão frontal;Com Vítimas Fatais;Pleno dia;Crescente;Céu Claro;Simples;"Reta;Declive";Não  ;"1130001   ";Camioneta;I/MMC OUTLANDER 3.0 V6;"2011      ";Condutor;Lesões Graves;"35   ";Masculino;"0 ";"0    ";"1    ";"0    ";-14.7973521;-48.6330446;SPRF-GO;DEL07-GO;UOP02-DEL07-GO 
629970;"1411601   ";2024-09-22;domingo;15:10:00;GO;"414  ";"247  ";NIQUELANDIA;Não;Condutor usando celular;1;Colisão frontal;Com Vítimas Fatais;Pleno dia;Crescente;Céu Claro;Simples;"Reta;Declive";Não  ;"1130000   ";Caminhonete;VW/NOVA SAVEIRO RB MBVS;"2019      ";Condutor;Óbito;"45   ";Masculino;"0 ";"0    ";"0    ";"1    ";-14.7973521;-48.6330446;SPRF-GO;DEL07-GO;UOP02-DEL07-GO 
629970;"1411603   ";2024-09-22;domingo;15:10:00;GO;"414  ";"247  ";NIQUELANDIA;Sim;Transitar na contramão;2;Capotamento;Com Vítimas Fatais;Pleno dia;Crescente;Céu Claro;Simples;"Reta;Declive";Não  ;"1130001   ";Camioneta;I/MMC OUTLANDER 3.0 V6;"2011      ";Passageiro;Lesões Graves;"28   ";Masculino;"0 ";"0    ";"1    ";"0    ";-14.7973521;-48.6330446;SPRF-GO;DEL07-GO;UOP02-DEL07-GO 
629970;"1411602   ";2024-09-22;domingo;15:10:00;GO;"414  ";"247  ";NIQUELANDIA;Sim;Transitar na contramão;2;Capotamento;Com Vítimas Fatais;Pleno dia;Crescente;Céu Claro;Simples;"Reta;Declive";Não  ;"1130001   ";Camioneta;I/MMC OUTLANDER 3.0 V6;"2011      ";Condutor;Lesões Graves;"35   ";Masculino;"0 ";"0    ";"1    ";"0    ";-14.7973521;-48.6330446;SPRF-GO;DEL07-GO;UOP02-DEL07-GO 
629970;"1411601   ";2024-09-22;domingo;15:10:00;GO;"414  ";"247  ";NIQUELANDIA;Sim;Transitar na contramão;2;Capotamento;Com Vítimas Fatais;Pleno dia;Crescente;Céu Claro;Simples;"Reta;Declive";Não  ;"1130000   ";Caminhonete;VW/NOVA SAVEIRO RB MBVS;"2019      ";Condutor;Óbito;"45   ";Masculino;"0 ";"0    ";"0    ";"1    ";-14.7973521;-48.6330446;SPRF-GO;DEL07-GO;UOP02-DEL07-GO 
629970;"1411603   ";2024-09-22;domingo;15:10:00;GO;"414  ";"247  ";NIQUELANDIA;Sim;Transitar na contramão;1;Colisão frontal;Com Vítimas Fatais;Pleno dia;Crescente;Céu Claro;Simples;"Reta;Declive";Não  ;"1130001   ";Camioneta;I/MMC OUTLANDER 3.0 V6;"2011      ";Passageiro;Lesões Graves;"28   ";Masculino;"0 ";"0    ";"1    ";"0    ";-14.7973521;-48.6330446;SPRF-GO;DEL07-GO;UOP02-DEL07-GO 
629970;"1411602   ";2024-09-22;domingo;15:10:00;GO;"414  ";"247  ";NIQUELANDIA;Sim;Transitar na contramão;1;Colisão frontal;Com Vítimas Fatais;Pleno dia;Crescente;Céu Claro;Simples;"Reta;Declive";Não  ;"1130001   ";Camioneta;I/MMC OUTLANDER 3.0 V6;"2011      ";Condutor;Lesões Graves;"35   ";Masculino;"0 ";"0    ";"1    ";"0    ";-14.7973521;-48.6330446;SPRF-GO;DEL07-GO;UOP02-DEL07-GO 
629970;"1411601   ";2024-09-22;domingo;15:10:00;GO;"414  ";"247  ";NIQUELANDIA;Sim;Transitar na contramão;1;Colisão frontal;Com Vítimas Fatais;Pleno dia;Crescente;Céu Claro;Simples;"Reta;Declive";Não  ;"1130000   ";Caminhonete;VW/NOVA SAVEIRO RB MBVS;"2019      ";Condutor;Óbito;"45   ";Masculino;"0 ";"0    ";"0    ";"1    ";-14.7973521;-48.6330446;SPRF-GO;DEL07-GO;UOP02-DEL07-GO 
629970;"1411603   ";2024-09-22;domingo;15:10:00;GO;"414  ";"247  ";NIQUELANDIA;Não;Condutor Dormindo;2;Capotamento;Com Vítimas Fatais;Pleno dia;Crescente;Céu Claro;Simples;"Reta;Declive";Não  ;"1130001   ";Camioneta;I/MMC OUTLANDER 3.0 V6;"2011      ";Passageiro;Lesões Graves;"28   ";Masculino;"0 ";"0    ";"1    ";"0    ";-14.7973521;-48.6330446;SPRF-GO;DEL07-GO;UOP02-DEL07-GO 
629970;"1411602   ";2024-09-22;domingo;15:10:00;GO;"414  ";"247  ";NIQUELANDIA;Não;Condutor Dormindo;2;Capotamento;Com Vítimas Fatais;Pleno dia;Crescente;Céu Claro;Simples;"Reta;Declive";Não  ;"1130001   ";Camioneta;I/MMC OUTLANDER 3.0 V6;"2011      ";Condutor;Lesões Graves;"35   ";Masculino;"0 ";"0    ";"1    ";"0    ";-14.7973521;-48.6330446;SPRF-GO;DEL07-GO;UOP02-DEL07-GO 
629970;"1411601   ";2024-09-22;domingo;15:10:00;GO;"414  ";"247  ";NIQUELANDIA;Não;Condutor Dormindo;2;Capotamento;Com Vítimas Fatais;Pleno dia;Crescente;Céu Claro;Simples;"Reta;Declive";Não  ;"1130000   ";Caminhonete;VW/NOVA SAVEIRO RB MBVS;"2019      ";Condutor;Óbito;"45   ";Masculino;"0 ";"0    ";"0    ";"1    ";-14.7973521;-48.6330446;SPRF-GO;DEL07-GO;UOP02-DEL07-GO 
629970;"1411603   ";2024-09-22;domingo;15:10:00;GO;"414  ";"247  ";NIQUELANDIA;Não;Condutor Dormindo;1;Colisão frontal;Com Vítimas Fatais;Pleno dia;Crescente;Céu Claro;Simples;"Reta;Declive";Não  ;"1130001   ";Camioneta;I/MMC OUTLANDER 3.0 V6;"2011      ";Passageiro;Lesões Graves;"28   ";Masculino;"0 ";"0    ";"1    ";"0    ";-14.7973521;-48.6330446;SPRF-GO;DEL07-GO;UOP02-DEL07-GO 
629970;"1411602   ";2024-09-22;domingo;15:10:00;GO;"414  ";"247  ";NIQUELANDIA;Não;Condutor Dormindo;1;Colisão frontal;Com Vítimas Fatais;Pleno dia;Crescente;Céu Claro;Simples;"Reta;Declive";Não  ;"1130001   ";Camioneta;I/MMC OUTLANDER 3.0 V6;"2011      ";Condutor;Lesões Graves;"35   ";Masculino;"0 ";"0    ";"1    ";"0    ";-14.7973521;-48.6330446;SPRF-GO;DEL07-GO;UOP02-DEL07-GO 
629970;"1411601   ";2024-09-22;domingo;15:10:00;GO;"414  ";"247  ";NIQUELANDIA;Não;Condutor Dormindo;1;Colisão frontal;Com Vítimas Fatais;Pleno dia;Crescente;Céu Claro;Simples;"Reta;Declive";Não  ;"1130000   ";Caminhonete;VW/NOVA SAVEIRO RB MBVS;"2019      ";Condutor;Óbito;"45   ";Masculino;"0 ";"0    ";"0    ";"1    ";-14.7973521;-48.6330446;SPRF-GO;DEL07-GO;UOP02-DEL07-GO 
630068;"1411865   ";2024-09-20;sexta-feira;15:00:00;GO;"80   ";"63,9 ";PADRE BERNARDO;Sim;Demais falhas mecânicas ou elétricas;1;Incêndio;Sem Vítimas;Pleno dia;Crescente;Céu Claro;Simples;Reta;Não  ;"1130189   ";Automóvel;FIAT/PALIO ELX;"1999      ";Condutor;Não Informado;"0    ";Não Informado;"0 ";"0    ";"0    ";"0    ";-15.1817020;-48.4278740;SPRF-DF;DEL03-DF;UOP02-DEL03-DF 
629989;"1411667   ";2024-09-22;domingo;22:10:00;GO;"80   ";"154,4";VILA PROPICIO;Não;Reação tardia ou ineficiente do condutor;1;Colisão com objeto;Com Vítimas Feridas;Plena Noite;Crescente;Céu Claro;Simples;Reta;Não  ;"1130046   ";Caminhonete;MMC/L200 SPORT 4X4 GLS;"2002      ";Condutor;Lesões Leves;"27   ";Masculino;"0 ";"1    ";"0    ";"0    ";-15.2036931;-48.7511444;SPRF-GO;DEL07-GO;UOP02-DEL07-GO 
629989;"1411667   ";2024-09-22;domingo;22:10:00;GO;"80   ";"154,4";VILA PROPICIO;Sim;Ingestão de álcool pelo condutor;1;Colisão com objeto;Com Vítimas Feridas;Plena Noite;Crescente;Céu Claro;Simples;Reta;Não  ;"1130046   ";Caminhonete;MMC/L200 SPORT 4X4 GLS;"2002      ";Condutor;Lesões Leves;"27   ";Masculino;"0 ";"1    ";"0    ";"0    ";-15.2036931;-48.7511444;SPRF-GO;DEL07-GO;UOP02-DEL07-GO 
630000;"1411828   ";2024-09-23;segunda-feira;07:15:00;DF;"20   ";"10   ";BRASILIA;Sim;Condutor deixou de manter distância do veículo da frente;1;Tombamento;Com Vítimas Feridas;Pleno dia;Decrescente;Sol;Dupla;"Reta;Em Obras";Sim  ;"1130169   ";Motocicleta;HONDA/CB250F TWISTER CBS;"2022      ";Passageiro;Lesões Leves;"41   ";Feminino;"0 ";"1    ";"0    ";"0    ";-15.6502430;-47.7738720;SPRF-DF;DEL02-DF;UOP01-DEL02-DF 
630000;"1411827   ";2024-09-23;segunda-feira;07:15:00;DF;"20   ";"10   ";BRASILIA;Sim;Condutor deixou de manter distância do veículo da frente;1;Tombamento;Com Vítimas Feridas;Pleno dia;Decrescente;Sol;Dupla;"Reta;Em Obras";Sim  ;"1130169   ";Motocicleta;HONDA/CB250F TWISTER CBS;"2022      ";Condutor;Ileso;"37   ";Masculino;"1 ";"0    ";"0    ";"0    ";-15.6502430;-47.7738720;SPRF-DF;DEL02-DF;UOP01-DEL02-DF 
630051;"1412014   ";2024-09-23;segunda-feira;11:10:00;GO;"80   ";"127,3";BARRO ALTO;Não;Velocidade Incompatível;1;Colisão traseira;Com Vítimas Feridas;Pleno dia;Decrescente;Céu Claro;Simples;"Reta;Em Obras";Não  ;"1130311   ";Caminhão;FORD/CARGO 815 N;"2011      ";Passageiro;Lesões Leves;"30   ";Masculino;"0 ";"1    ";"0    ";"0    ";-15.0132513;-48.9001465;SPRF-GO;DEL07-GO;UOP02-DEL07-GO 
630051;"1412010   ";2024-09-23;segunda-feira;11:10:00;GO;"80   ";"127,3";BARRO ALTO;Não;Velocidade Incompatível;1;Colisão traseira;Com Vítimas Feridas;Pleno dia;Decrescente;Céu Claro;Simples;"Reta;Em Obras";Não  ;"1130311   ";Caminhão;FORD/CARGO 815 N;"2011      ";Condutor;Lesões Graves;"33   ";Masculino;"0 ";"0    ";"1    ";"0    ";-15.0132513;-48.9001465;SPRF-GO;DEL07-GO;UOP02-DEL07-GO 
630051;"0         ";2024-09-23;segunda-feira;11:10:00;GO;"80   ";"127,3";BARRO ALTO;Não;Velocidade Incompatível;1;Colisão traseira;Com Vítimas Feridas;Pleno dia;Decrescente;Céu Claro;Simples;"Reta;Em Obras";Não  ;"1130317   ";Semireboque;SR/FACCHINI SRF RT;"2018      ";"0";"0";"0    ";"0";"0 ";"0    ";"0    ";"0    ";-15.0132513;-48.9001465;SPRF-GO;DEL07-GO;UOP02-DEL07-GO 
630051;"0         ";2024-09-23;segunda-feira;11:10:00;GO;"80   ";"127,3";BARRO ALTO;Não;Velocidade Incompatível;1;Colisão traseira;Com Vítimas Feridas;Pleno dia;Decrescente;Céu Claro;Simples;"Reta;Em Obras";Não  ;"1130316   ";Semireboque;SR/FACCHINI SRF RT;"2018      ";"0";"0";"0    ";"0";"0 ";"0    ";"0    ";"0    ";-15.0132513;-48.9001465;SPRF-GO;DEL07-GO;UOP02-DEL07-GO 
630051;"1412011   ";2024-09-23;segunda-feira;11:10:00;GO;"80   ";"127,3";BARRO ALTO;Não;Velocidade Incompatível;1;Colisão traseira;Com Vítimas Feridas;Pleno dia;Decrescente;Céu Claro;Simples;"Reta;Em Obras";Não  ;"1130312   ";Caminhão-trator;DAF/XF FTT 530;"2022      ";Condutor;Ileso;"47   ";Masculino;"1 ";"0    ";"0    ";"0    ";-15.0132513;-48.9001465;SPRF-GO;DEL07-GO;UOP02-DEL07-GO 
630051;"1412014   ";2024-09-23;segunda-feira;11:10:00;GO;"80   ";"127,3";BARRO ALTO;Sim;Reação tardia ou ineficiente do condutor;1;Colisão traseira;Com Vítimas Feridas;Pleno dia;Decrescente;Céu Claro;Simples;"Reta;Em Obras";Não  ;"1130311   ";Caminhão;FORD/CARGO 815 N;"2011      ";Passageiro;Lesões Leves;"30   ";Masculino;"0 ";"1    ";"0    ";"0    ";-15.0132513;-48.9001465;SPRF-GO;DEL07-GO;UOP02-DEL07-GO 
630051;"1412010   ";2024-09-23;segunda-feira;11:10:00;GO;"80   ";"127,3";BARRO ALTO;Sim;Reação tardia ou ineficiente do condutor;1;Colisão traseira;Com Vítimas Feridas;Pleno dia;Decrescente;Céu Claro;Simples;"Reta;Em Obras";Não  ;"1130311   ";Caminhão;FORD/CARGO 815 N;"2011      ";Condutor;Lesões Graves;"33   ";Masculino;"0 ";"0    ";"1    ";"0    ";-15.0132513;-48.9001465;SPRF-GO;DEL07-GO;UOP02-DEL07-GO 
630051;"0         ";2024-09-23;segunda-feira;11:10:00;GO;"80   ";"127,3";BARRO ALTO;Sim;Reação tardia ou ineficiente do condutor;1;Colisão traseira;Com Vítimas Feridas;Pleno dia;Decrescente;Céu Claro;Simples;"Reta;Em Obras";Não  ;"1130317   ";Semireboque;SR/FACCHINI SRF RT;"2018      ";"0";"0";"0    ";"0";"0 ";"0    ";"0    ";"0    ";-15.0132513;-48.9001465;SPRF-GO;DEL07-GO;UOP02-DEL07-GO 
630051;"0         ";2024-09-23;segunda-feira;11:10:00;GO;"80   ";"127,3";BARRO ALTO;Sim;Reação tardia ou ineficiente do condutor;1;Colisão traseira;Com Vítimas Feridas;Pleno dia;Decrescente;Céu Claro;Simples;"Reta;Em Obras";Não  ;"1130316   ";Semireboque;SR/FACCHINI SRF RT;"2018      ";"0";"0";"0    ";"0";"0 ";"0    ";"0    ";"0    ";-15.0132513;-48.9001465;SPRF-GO;DEL07-GO;UOP02-DEL07-GO 