id;pesid;data_inversa;dia_semana;horario;uf;br;km;municipio;causa_principal;causa_acidente;ordem_tipo_acidente;tipo_acidente;classificacao_acidente;fase_dia;sentido_via;condicao_metereologica;tipo_pista;tracado_via;uso_solo;id_veiculo;tipo_veiculo;marca;ano_fabricacao_veiculo;tipo_envolvido;estado_fisico;idade;sexo;ilesos;feridos_leves;feridos_graves;mortos;latitude;longitude;regional;delegacia;uop
630546;"1413096   ";2024-09-25;quarta-feira;21:35:00;GO;"40   ";"10   ";LUZIANIA;Não;Acessar a via sem observar a presença dos outros veículos;1;Colisão transversal;Com Vítimas Feridas;Plena Noite;Crescente;Céu Claro;Dupla;Reta;Sim  ;"1131205   ";Automóvel;FORD/KA SE 1.0 HA C;"2018      ";Condutor;Lesões Leves;"33   ";Masculino;"0 ";"1    ";"0    ";"0    ";-16.1312850;-47.9579230;SPRF-DF;DEL01-DF;UOP01-DEL01-DF 
630546;"1413093   ";2024-09-25;quarta-feira;21:35:00;GO;"40   ";"10   ";LUZIANIA;Não;Acessar a via sem observar a presença dos outros veículos;1;Colisão transversal;Com Vítimas Feridas;Plena Noite;Crescente;Céu Claro;Dupla;Reta;Sim  ;"1131203   ";Automóvel;CITROEN/C3 GLX 14 FLEX;"2009      ";Condutor;Lesões Leves;"44   ";Feminino;"0 ";"1    ";"0    ";"0    ";-16.1312850;-47.9579230;SPRF-DF;DEL01-DF;UOP01-DEL01-DF 
630546;"1413098   ";2024-09-25;quarta-feira;21:35:00;GO;"40   ";"10   ";LUZIANIA;Sim;Manobra de mudança de faixa;2;Saída de leito carroçável;Com Vítimas Feridas;Plena Noite;Crescente;Céu Claro;Dupla;Reta;Sim  ;"1131205   ";Automóvel;FORD/KA SE 1.0 HA C;"2018      ";Passageiro;Lesões Leves;"31   ";Feminino;"0 ";"1    ";"0    ";"0    ";-16.1312850;-47.9579230;SPRF-DF;DEL01-DF;UOP01-DEL01-DF 
630546;"1413096   ";2024-09-25;quarta-feira;21:35:00;GO;"40   ";"10   ";LUZIANIA;Sim;Manobra de mudança de faixa;2;Saída de leito carroçável;Com Vítimas Feridas;Plena Noite;Crescente;Céu Claro;Dupla;Reta;Sim  ;"1131205   ";Automóvel;FORD/KA SE 1.0 HA C;"2018      ";Condutor;Lesões Leves;"33   ";Masculino;"0 ";"1    ";"0    ";"0    ";-16.1312850;-47.9579230;SPRF-DF;DEL01-DF;UOP01-DEL01-DF 
630546;"1413093   ";2024-09-25;quarta-feira;21:35:00;GO;"40   ";"10   ";LUZIANIA;Sim;Manobra de mudança de faixa;2;Saída de leito carroçável;Com Vítimas Feridas;Plena Noite;Crescente;Céu Claro;Dupla;Reta;Sim  ;"1131203   ";Automóvel;CITROEN/C3 GLX 14 FLEX;"2009      ";Condutor;Lesões Leves;"44   ";Feminino;"0 ";"1    ";"0    ";"0    ";-16.1312850;-47.9579230;SPRF-DF;DEL01-DF;UOP01-DEL01-DF 
630546;"1413098   ";2024-09-25;quarta-feira;21:35:00;GO;"40   ";"10   ";LUZIANIA;Sim;Manobra de mudança de faixa;1;Colisão transversal;Com Vítimas Feridas;Plena Noite;Crescente;Céu Claro;Dupla;Reta;Sim  ;"1131205   ";Automóvel;FORD/KA SE 1.0 HA C;"2018      ";Passageiro;Lesões Leves;"31   ";Feminino;"0 ";"1    ";"0    ";"0    ";-16.1312850;-47.9579230;SPRF-DF;DEL01-DF;UOP01-DEL01-DF 
630546;"1413096   ";2024-09-25;quarta-feira;21:35:00;GO;"40   ";"10   ";LUZIANIA;Sim;Manobra de mudança de faixa;1;Colisão transversal;Com Vítimas Feridas;Plena Noite;Crescente;Céu Claro;Dupla;Reta;Sim  ;"1131205   ";Automóvel;FORD/KA SE 1.0 HA C;"2018      ";Condutor;Lesões Leves;"33   ";Masculino;"0 ";"1    ";"0    ";"0    ";-16.1312850;-47.9579230;SPRF-DF;DEL01-DF;UOP01-DEL01-DF 
630546;"1413093   ";2024-09-25;quarta-feira;21:35:00;GO;"40   ";"10   ";LUZIANIA;Sim;Manobra de mudança de faixa;1;Colisão transversal;Com Vítimas Feridas;Plena Noite;Crescente;Céu Claro;Dupla;Reta;Sim  ;"1131203   ";Automóvel;CITROEN/C3 GLX 14 FLEX;"2009      ";Condutor;Lesões Leves;"44   ";Feminino;"0 ";"1    ";"0    ";"0    ";-16.1312850;-47.9579230;SPRF-DF;DEL01-DF;UOP01-DEL01-DF 
630584;"1414533   ";2024-09-26;quinta-feira;07:30:00;DF;"40   ";"6,8  ";BRASILIA;Sim;Condutor deixou de manter distância do veículo da frente;1;Colisão traseira;Com Vítimas Feridas;Pleno dia;Decrescente;Céu Claro;Dupla;Reta;Sim  ;"1132383   ";Automóvel;FIAT/PALIO FIRE;"2002      ";Condutor;Ileso;"33   ";Masculino;"1 ";"0    ";"0    ";"0    ";-16.0297410;-47.9788670;SPRF-DF;DEL01-DF;UOP01-DEL01-DF 
630584;"1414531   ";2024-09-26;quinta-feira;07:30:00;DF;"40   ";"6,8  ";BRASILIA;Sim;Condutor deixou de manter distância do veículo da frente;1;Colisão traseira;Com Vítimas Feridas;Pleno dia;Decrescente;Céu Claro;Dupla;Reta;Sim  ;"1132382   ";Motocicleta;HONDA/CG 160 START;"2021      ";Condutor;Lesões Leves;"25   ";Masculino;"0 ";"1    ";"0    ";"0    ";-16.0297410;-47.9788670;SPRF-DF;DEL01-DF;UOP01-DEL01-DF 
630607;"1413281   ";2024-09-26;quinta-feira;10:26:00;DF;"70   ";"15   ";BRASILIA;Sim;Ausência de reação do condutor;1;Colisão com objeto;Sem Vítimas;Pleno dia;Decrescente;Céu Claro;Dupla;Reta;Sim  ;"1131383   ";Automóvel;Não Informado/Não Informado;"0         ";Condutor;Não Informado;"0    ";Não Informado;"0 ";"0    ";"0    ";"0    ";-15.7988880;-48.1850430;SPRF-DF;DEL03-DF;UOP02-DEL03-DF 
630617;"0         ";2024-09-26;quinta-feira;09:40:00;GO;"80   ";"69   ";PADRE BERNARDO;Não;Velocidade Incompatível;4;Capotamento;Com Vítimas Feridas;Pleno dia;Decrescente;Céu Claro;Simples;"Reta;Aclive";Não  ;"1138888   ";Semireboque;SR/NOMA SRAT3E SRCAT;"2013      ";"0";"0";"0    ";"0";"0 ";"0    ";"0    ";"0    ";-15.2103660;-48.4736930;SPRF-DF;DEL03-DF;UOP02-DEL03-DF 
630617;"0         ";2024-09-26;quinta-feira;09:40:00;GO;"80   ";"69   ";PADRE BERNARDO;Não;Velocidade Incompatível;4;Capotamento;Com Vítimas Feridas;Pleno dia;Decrescente;Céu Claro;Simples;"Reta;Aclive";Não  ;"1138885   ";Semireboque;SR/NOMA SRAD3E SRCAD;"2013      ";"0";"0";"0    ";"0";"0 ";"0    ";"0    ";"0    ";-15.2103660;-48.4736930;SPRF-DF;DEL03-DF;UOP02-DEL03-DF 
630617;"1422699   ";2024-09-26;quinta-feira;09:40:00;GO;"80   ";"69   ";PADRE BERNARDO;Não;Velocidade Incompatível;4;Capotamento;Com Vítimas Feridas;Pleno dia;Decrescente;Céu Claro;Simples;"Reta;Aclive";Não  ;"1138878   ";Caminhão-trator;Não Informado/Não Informado;"0         ";Condutor;Não Informado;"0    ";Não Informado;"0 ";"0    ";"0    ";"0    ";-15.2103660;-48.4736930;SPRF-DF;DEL03-DF;UOP02-DEL03-DF 
630617;"1413636   ";2024-09-26;quinta-feira;09:40:00;GO;"80   ";"69   ";PADRE BERNARDO;Não;Velocidade Incompatível;4;Capotamento;Com Vítimas Feridas;Pleno dia;Decrescente;Céu Claro;Simples;"Reta;Aclive";Não  ;"1131694   ";Caminhonete;I/TOYOTA HILUX CDSRXA4FD;"2023      ";Condutor;Lesões Graves;"48   ";Masculino;"0 ";"0    ";"1    ";"0    ";-15.2103660;-48.4736930;SPRF-DF;DEL03-DF;UOP02-DEL03-DF 
630617;"1413638   ";2024-09-26;quinta-feira;09:40:00;GO;"80   ";"69   ";PADRE BERNARDO;Não;Velocidade Incompatível;4;Capotamento;Com Vítimas Feridas;Pleno dia;Decrescente;Céu Claro;Simples;"Reta;Aclive";Não  ;"1131694   ";Caminhonete;I/TOYOTA HILUX CDSRXA4FD;"2023      ";Passageiro;Lesões Graves;"45   ";Masculino;"0 ";"0    ";"1    ";"0    ";-15.2103660;-48.4736930;SPRF-DF;DEL03-DF;UOP02-DEL03-DF 
630617;"1413639   ";2024-09-26;quinta-feira;09:40:00;GO;"80   ";"69   ";PADRE BERNARDO;Não;Velocidade Incompatível;4;Capotamento;Com Vítimas Feridas;Pleno dia;Decrescente;Céu Claro;Simples;"Reta;Aclive";Não  ;"1131694   ";Caminhonete;I/TOYOTA HILUX CDSRXA4FD;"2023      ";Passageiro;Lesões Graves;"43   ";Masculino;"0 ";"0    ";"1    ";"0    ";-15.2103660;-48.4736930;SPRF-DF;DEL03-DF;UOP02-DEL03-DF 
630617;"0         ";2024-09-26;quinta-feira;09:40:00;GO;"80   ";"69   ";PADRE BERNARDO;Não;Velocidade Incompatível;3;Saída de leito carroçável;Com Vítimas Feridas;Pleno dia;Decrescente;Céu Claro;Simples;"Reta;Aclive";Não  ;"1138888   ";Semireboque;SR/NOMA SRAT3E SRCAT;"2013      ";"0";"0";"0    ";"0";"0 ";"0    ";"0    ";"0    ";-15.2103660;-48.4736930;SPRF-DF;DEL03-DF;UOP02-DEL03-DF 
630617;"0         ";2024-09-26;quinta-feira;09:40:00;GO;"80   ";"69   ";PADRE BERNARDO;Não;Velocidade Incompatível;3;Saída de leito carroçável;Com Vítimas Feridas;Pleno dia;Decrescente;Céu Claro;Simples;"Reta;Aclive";Não  ;"1138885   ";Semireboque;SR/NOMA SRAD3E SRCAD;"2013      ";"0";"0";"0    ";"0";"0 ";"0    ";"0    ";"0    ";-15.2103660;-48.4736930;SPRF-DF;DEL03-DF;UOP02-DEL03-DF 
630617;"1422699   ";2024-09-26;quinta-feira;09:40:00;GO;"80   ";"69   ";PADRE BERNARDO;Não;Velocidade Incompatível;3;Saída de leito carroçável;Com Vítimas Feridas;Pleno dia;Decrescente;Céu Claro;Simples;"Reta;Aclive";Não  ;"1138878   ";Caminhão-trator;Não Informado/Não Informado;"0         ";Condutor;Não Informado;"0    ";Não Informado;"0 ";"0    ";"0    ";"0    ";-15.2103660;-48.4736930;SPRF-DF;DEL03-DF;UOP02-DEL03-DF 
630617;"1413636   ";2024-09-26;quinta-feira;09:40:00;GO;"80   ";"69   ";PADRE BERNARDO;Não;Velocidade Incompatível;3;Saída de leito carroçável;Com Vítimas Feridas;Pleno dia;Decrescente;Céu Claro;Simples;"Reta;Aclive";Não  ;"1131694   ";Caminhonete;I/TOYOTA HILUX CDSRXA4FD;"2023      ";Condutor;Lesões Graves;"48   ";Masculino;"0 ";"0    ";"1    ";"0    ";-15.2103660;-48.4736930;SPRF-DF;DEL03-DF;UOP02-DEL03-DF 
630617;"1413638   ";2024-09-26;quinta-feira;09:40:00;GO;"80   ";"69   ";PADRE BERNARDO;Não;Velocidade Incompatível;3;Saída de leito carroçável;Com Vítimas Feridas;Pleno dia;Decrescente;Céu Claro;Simples;"Reta;Aclive";Não  ;"1131694   ";Caminhonete;I/TOYOTA HILUX CDSRXA4FD;"2023      ";Passageiro;Lesões Graves;"45   ";Masculino;"0 ";"0    ";"1    ";"0    ";-15.2103660;-48.4736930;SPRF-DF;DEL03-DF;UOP02-DEL03-DF 
630617;"1413639   ";2024-09-26;quinta-feira;09:40:00;GO;"80   ";"69   ";PADRE BERNARDO;Não;Velocidade Incompatível;3;Saída de leito carroçável;Com Vítimas Feridas;Pleno dia;Decrescente;Céu Claro;Simples;"Reta;Aclive";Não  ;"1131694   ";Caminhonete;I/TOYOTA HILUX CDSRXA4FD;"2023      ";Passageiro;Lesões Graves;"43   ";Masculino;"0 ";"0    ";"1    ";"0    ";-15.2103660;-48.4736930;SPRF-DF;DEL03-DF;UOP02-DEL03-DF 
630617;"0         ";2024-09-26;quinta-feira;09:40:00;GO;"80   ";"69   ";PADRE BERNARDO;Não;Velocidade Incompatível;2;Tombamento;Com Vítimas Feridas;Pleno dia;Decrescente;Céu Claro;Simples;"Reta;Aclive";Não  ;"1138888   ";Semireboque;SR/NOMA SRAT3E SRCAT;"2013      ";"0";"0";"0    ";"0";"0 ";"0    ";"0    ";"0    ";-15.2103660;-48.4736930;SPRF-DF;DEL03-DF;UOP02-DEL03-DF 
630617;"0         ";2024-09-26;quinta-feira;09:40:00;GO;"80   ";"69   ";PADRE BERNARDO;Não;Velocidade Incompatível;2;Tombamento;Com Vítimas Feridas;Pleno dia;Decrescente;Céu Claro;Simples;"Reta;Aclive";Não  ;"1138885   ";Semireboque;SR/NOMA SRAD3E SRCAD;"2013      ";"0";"0";"0    ";"0";"0 ";"0    ";"0    ";"0    ";-15.2103660;-48.4736930;SPRF-DF;DEL03-DF;UOP02-DEL03-DF 
630617;"1422699   ";2024-09-26;quinta-feira;09:40:00;GO;"80   ";"69   ";PADRE BERNARDO;Não;Velocidade Incompatível;2;Tombamento;Com Vítimas Feridas;Pleno dia;Decrescente;Céu Claro;Simples;"Reta;Aclive";Não  ;"1138878   ";Caminhão-trator;Não Informado/Não Informado;"0         ";Condutor;Não Informado;"0    ";Não Informado;"0 ";"0    ";"0    ";"0    ";-15.2103660;-48.4736930;SPRF-DF;DEL03-DF;UOP02-DEL03-DF 
630617;"1413636   ";2024-09-26;quinta-feira;09:40:00;GO;"80   ";"69   ";PADRE BERNARDO;Não;Velocidade Incompatível;2;Tombamento;Com Vítimas Feridas;Pleno dia;Decrescente;Céu Claro;Simples;"Reta;Aclive";Não  ;"1131694   ";Caminhonete;I/TOYOTA HILUX CDSRXA4FD;"2023      ";Condutor;Lesões Graves;"48   ";Masculino;"0 ";"0    ";"1    ";"0    ";-15.2103660;-48.4736930;SPRF-DF;DEL03-DF;UOP02-DEL03-DF 
630617;"1413638   ";2024-09-26;quinta-feira;09:40:00;GO;"80   ";"69   ";PADRE BERNARDO;Não;Velocidade Incompatível;2;Tombamento;Com Vítimas Feridas;Pleno dia;Decrescente;Céu Claro;Simples;"Reta;Aclive";Não  ;"1131694   ";Caminhonete;I/TOYOTA HILUX CDSRXA4FD;"2023      ";Passageiro;Lesões Graves;"45   ";Masculino;"0 ";"0    ";"1    ";"0    ";-15.2103660;-48.4736930;SPRF-DF;DEL03-DF;UOP02-DEL03-DF 
630617;"1413639   ";2024-09-26;quinta-feira;09:40:00;GO;"80   ";"69   ";PADRE BERNARDO;Não;Velocidade Incompatível;2;Tombamento;Com Vítimas Feridas;Pleno dia;Decrescente;Céu Claro;Simples;"Reta;Aclive";Não  ;"1131694   ";Caminhonete;I/TOYOTA HILUX CDSRXA4FD;"2023      ";Passageiro;Lesões Graves;"43   ";Masculino;"0 ";"0    ";"1    ";"0    ";-15.2103660;-48.4736930;SPRF-DF;DEL03-DF;UOP02-DEL03-DF 
630617;"0         ";2024-09-26;quinta-feira;09:40:00;GO;"80   ";"69   ";PADRE BERNARDO;Não;Velocidade Incompatível;1;Colisão lateral sentido oposto;Com Vítimas Feridas;Pleno dia;Decrescente;Céu Claro;Simples;"Reta;Aclive";Não  ;"1138888   ";Semireboque;SR/NOMA SRAT3E SRCAT;"2013      ";"0";"0";"0    ";"0";"0 ";"0    ";"0    ";"0    ";-15.2103660;-48.4736930;SPRF-DF;DEL03-DF;UOP02-DEL03-DF 
630617;"0         ";2024-09-26;quinta-feira;09:40:00;GO;"80   ";"69   ";PADRE BERNARDO;Não;Velocidade Incompatível;1;Colisão lateral sentido oposto;Com Vítimas Feridas;Pleno dia;Decrescente;Céu Claro;Simples;"Reta;Aclive";Não  ;"1138885   ";Semireboque;SR/NOMA SRAD3E SRCAD;"2013      ";"0";"0";"0    ";"0";"0 ";"0    ";"0    ";"0    ";-15.2103660;-48.4736930;SPRF-DF;DEL03-DF;UOP02-DEL03-DF 
630617;"1422699   ";2024-09-26;quinta-feira;09:40:00;GO;"80   ";"69   ";PADRE BERNARDO;Não;Velocidade Incompatível;1;Colisão lateral sentido oposto;Com Vítimas Feridas;Pleno dia;Decrescente;Céu Claro;Simples;"Reta;Aclive";Não  ;"1138878   ";Caminhão-trator;Não Informado/Não Informado;"0         ";Condutor;Não Informado;"0    ";Não Informado;"0 ";"0    ";"0    ";"0    ";-15.2103660;-48.4736930;SPRF-DF;DEL03-DF;UOP02-DEL03-DF 
630617;"1413636   ";2024-09-26;quinta-feira;09:40:00;GO;"80   ";"69   ";PADRE BERNARDO;Não;Velocidade Incompatível;1;Colisão lateral sentido oposto;Com Vítimas Feridas;Pleno dia;Decrescente;Céu Claro;Simples;"Reta;Aclive";Não  ;"1131694   ";Caminhonete;I/TOYOTA HILUX CDSRXA4FD;"2023      ";Condutor;Lesões Graves;"48   ";Masculino;"0 ";"0    ";"1    ";"0    ";-15.2103660;-48.4736930;SPRF-DF;DEL03-DF;UOP02-DEL03-DF 
630617;"1413638   ";2024-09-26;quinta-feira;09:40:00;GO;"80   ";"69   ";PADRE BERNARDO;Não;Velocidade Incompatível;1;Colisão lateral sentido oposto;Com Vítimas Feridas;Pleno dia;Decrescente;Céu Claro;Simples;"Reta;Aclive";Não  ;"1131694   ";Caminhonete;I/TOYOTA HILUX CDSRXA4FD;"2023      ";Passageiro;Lesões Graves;"45   ";Masculino;"0 ";"0    ";"1    ";"0    ";-15.2103660;-48.4736930;SPRF-DF;DEL03-DF;UOP02-DEL03-DF 
630617;"1413639   ";2024-09-26;quinta-feira;09:40:00;GO;"80   ";"69   ";PADRE BERNARDO;Não;Velocidade Incompatível;1;Colisão lateral sentido oposto;Com Vítimas Feridas;Pleno dia;Decrescente;Céu Claro;Simples;"Reta;Aclive";Não  ;"1131694   ";Caminhonete;I/TOYOTA HILUX CDSRXA4FD;"2023      ";Passageiro;Lesões Graves;"43   ";Masculino;"0 ";"0    ";"1    ";"0    ";-15.2103660;-48.4736930;SPRF-DF;DEL03-DF;UOP02-DEL03-DF 
630617;"0         ";2024-09-26;quinta-feira;09:40:00;GO;"80   ";"69   ";PADRE BERNARDO;Sim;Transitar na contramão;4;Capotamento;Com Vítimas Feridas;Pleno dia;Decrescente;Céu Claro;Simples;"Reta;Aclive";Não  ;"1138888   ";Semireboque;SR/NOMA SRAT3E SRCAT;"2013      ";"0";"0";"0    ";"0";"0 ";"0    ";"0    ";"0    ";-15.2103660;-48.4736930;SPRF-DF;DEL03-DF;UOP02-DEL03-DF 
630617;"0         ";2024-09-26;quinta-feira;09:40:00;GO;"80   ";"69   ";PADRE BERNARDO;Sim;Transitar na contramão;4;Capotamento;Com Vítimas Feridas;Pleno dia;Decrescente;Céu Claro;Simples;"Reta;Aclive";Não  ;"1138885   ";Semireboque;SR/NOMA SRAD3E SRCAD;"2013      ";"0";"0";"0    ";"0";"0 ";"0    ";"0    ";"0    ";-15.2103660;-48.4736930;SPRF-DF;DEL03-DF;UOP02-DEL03-DF 
630617;"1422699   ";2024-09-26;quinta-feira;09:40:00;GO;"80   ";"69   ";PADRE BERNARDO;Sim;Transitar na contramão;4;Capotamento;Com Vítimas Feridas;Pleno dia;Decrescente;Céu Claro;Simples;"Reta;Aclive";Não  ;"1138878   ";Caminhão-trator;Não Informado/Não Informado;"0         ";Condutor;Não Informado;"0    ";Não Informado;"0 ";"0    ";"0    ";"0    ";-15.2103660;-48.4736930;SPRF-DF;DEL03-DF;UOP02-DEL03-DF 
630617;"1413636   ";2024-09-26;quinta-feira;09:40:00;GO;"80   ";"69   ";PADRE BERNARDO;Sim;Transitar na contramão;4;Capotamento;Com Vítimas Feridas;Pleno dia;Decrescente;Céu Claro;Simples;"Reta;Aclive";Não  ;"1131694   ";Caminhonete;I/TOYOTA HILUX CDSRXA4FD;"2023      ";Condutor;Lesões Graves;"48   ";Masculino;"0 ";"0    ";"1    ";"0    ";-15.2103660;-48.4736930;SPRF-DF;DEL03-DF;UOP02-DEL03-DF 
630617;"1413638   ";2024-09-26;quinta-feira;09:40:00;GO;"80   ";"69   ";PADRE BERNARDO;Sim;Transitar na contramão;4;Capotamento;Com Vítimas Feridas;Pleno dia;Decrescente;Céu Claro;Simples;"Reta;Aclive";Não  ;"1131694   ";Caminhonete;I/TOYOTA HILUX CDSRXA4FD;"2023      ";Passageiro;Lesões Graves;"45   ";Masculino;"0 ";"0    ";"1    ";"0    ";-15.2103660;-48.4736930;SPRF-DF;DEL03-DF;UOP02-DEL03-DF 
630617;"1413639   ";2024-09-26;quinta-feira;09:40:00;GO;"80   ";"69   ";PADRE BERNARDO;Sim;Transitar na contramão;4;Capotamento;Com Vítimas Feridas;Pleno dia;Decrescente;Céu Claro;Simples;"Reta;Aclive";Não  ;"1131694   ";Caminhonete;I/TOYOTA HILUX CDSRXA4FD;"2023      ";Passageiro;Lesões Graves;"43   ";Masculino;"0 ";"0    ";"1    ";"0    ";-15.2103660;-48.4736930;SPRF-DF;DEL03-DF;UOP02-DEL03-DF 
630617;"0         ";2024-09-26;quinta-feira;09:40:00;GO;"80   ";"69   ";PADRE BERNARDO;Sim;Transitar na contramão;3;Saída de leito carroçável;Com Vítimas Feridas;Pleno dia;Decrescente;Céu Claro;Simples;"Reta;Aclive";Não  ;"1138888   ";Semireboque;SR/NOMA SRAT3E SRCAT;"2013      ";"0";"0";"0    ";"0";"0 ";"0    ";"0    ";"0    ";-15.2103660;-48.4736930;SPRF-DF;DEL03-DF;UOP02-DEL03-DF 
630617;"0         ";2024-09-26;quinta-feira;09:40:00;GO;"80   ";"69   ";PADRE BERNARDO;Sim;Transitar na contramão;3;Saída de leito carroçável;Com Vítimas Feridas;Pleno dia;Decrescente;Céu Claro;Simples;"Reta;Aclive";Não  ;"1138885   ";Semireboque;SR/NOMA SRAD3E SRCAD;"2013      ";"0";"0";"0    ";"0";"0 ";"0    ";"0    ";"0    ";-15.2103660;-48.4736930;SPRF-DF;DEL03-DF;UOP02-DEL03-DF 
630617;"1422699   ";2024-09-26;quinta-feira;09:40:00;GO;"80   ";"69   ";PADRE BERNARDO;Sim;Transitar na contramão;3;Saída de leito carroçável;Com Vítimas Feridas;Pleno dia;Decrescente;Céu Claro;Simples;"Reta;Aclive";Não  ;"1138878   ";Caminhão-trator;Não Informado/Não Informado;"0         ";Condutor;Não Informado;"0    ";Não Informado;"0 ";"0    ";"0    ";"0    ";-15.2103660;-48.4736930;SPRF-DF;DEL03-DF;UOP02-DEL03-DF 
630617;"1413636   ";2024-09-26;quinta-feira;09:40:00;GO;"80   ";"69   ";PADRE BERNARDO;Sim;Transitar na contramão;3;Saída de leito carroçável;Com Vítimas Feridas;Pleno dia;Decrescente;Céu Claro;Simples;"Reta;Aclive";Não  ;"1131694   ";Caminhonete;I/TOYOTA HILUX CDSRXA4FD;"2023      ";Condutor;Lesões Graves;"48   ";Masculino;"0 ";"0    ";"1    ";"0    ";-15.2103660;-48.4736930;SPRF-DF;DEL03-DF;UOP02-DEL03-DF 
630617;"1413638   ";2024-09-26;quinta-feira;09:40:00;GO;"80   ";"69   ";PADRE BERNARDO;Sim;Transitar na contramão;3;Saída de leito carroçável;Com Vítimas Feridas;Pleno dia;Decrescente;Céu Claro;Simples;"Reta;Aclive";Não  ;"1131694   ";Caminhonete;I/TOYOTA HILUX CDSRXA4FD;"2023      ";Passageiro;Lesões Graves;"45   ";Masculino;"0 ";"0    ";"1    ";"0    ";-15.2103660;-48.4736930;SPRF-DF;DEL03-DF;UOP02-DEL03-DF 
630617;"1413639   ";2024-09-26;quinta-feira;09:40:00;GO;"80   ";"69   ";PADRE BERNARDO;Sim;Transitar na contramão;3;Saída de leito carroçável;Com Vítimas Feridas;Pleno dia;Decrescente;Céu Claro;Simples;"Reta;Aclive";Não  ;"1131694   ";Caminhonete;I/TOYOTA HILUX CDSRXA4FD;"2023      ";Passageiro;Lesões Graves;"43   ";Masculino;"0 ";"0    ";"1    ";"0    ";-15.2103660;-48.4736930;SPRF-DF;DEL03-DF;UOP02-DEL03-DF 
630617;"0         ";2024-09-26;quinta-feira;09:40:00;GO;"80   ";"69   ";PADRE BERNARDO;Sim;Transitar na contramão;2;Tombamento;Com Vítimas Feridas;Pleno dia;Decrescente;Céu Claro;Simples;"Reta;Aclive";Não  ;"1138888   ";Semireboque;SR/NOMA SRAT3E SRCAT;"2013      ";"0";"0";"0    ";"0";"0 ";"0    ";"0    ";"0    ";-15.2103660;-48.4736930;SPRF-DF;DEL03-DF;UOP02-DEL03-DF 
630617;"0         ";2024-09-26;quinta-feira;09:40:00;GO;"80   ";"69   ";PADRE BERNARDO;Sim;Transitar na contramão;2;Tombamento;Com Vítimas Feridas;Pleno dia;Decrescente;Céu Claro;Simples;"Reta;Aclive";Não  ;"1138885   ";Semireboque;SR/NOMA SRAD3E SRCAD;"2013      ";"0";"0";"0    ";"0";"0 ";"0    ";"0    ";"0    ";-15.2103660;-48.4736930;SPRF-DF;DEL03-DF;UOP02-DEL03-DF 
631135;"1414507   ";2024-09-28;sábado;13:15:00;DF;"80   ";"5,3  ";BRASILIA;Sim;Ultrapassagem Indevida;4;Queda de ocupante de veículo;Com Vítimas Feridas;Pleno dia;Crescente;Céu Claro;Simples;Reta;Não  ;"1132363   ";Automóvel;FIAT/ARGO DRIVE 1.0;"2021      ";Condutor;Ileso;"32   ";Feminino;"1 ";"0    ";"0    ";"0    ";-15.7296020;-48.1213040;SPRF-DF;DEL03-DF;UOP02-DEL03-DF 
630617;"1422699   ";2024-09-26;quinta-feira;09:40:00;GO;"80   ";"69   ";PADRE BERNARDO;Sim;Transitar na contramão;2;Tombamento;Com Vítimas Feridas;Pleno dia;Decrescente;Céu Claro;Simples;"Reta;Aclive";Não  ;"1138878   ";Caminhão-trator;Não Informado/Não Informado;"0         ";Condutor;Não Informado;"0    ";Não Informado;"0 ";"0    ";"0    ";"0    ";-15.2103660;-48.4736930;SPRF-DF;DEL03-DF;UOP02-DEL03-DF 
630617;"1413636   ";2024-09-26;quinta-feira;09:40:00;GO;"80   ";"69   ";PADRE BERNARDO;Sim;Transitar na contramão;2;Tombamento;Com Vítimas Feridas;Pleno dia;Decrescente;Céu Claro;Simples;"Reta;Aclive";Não  ;"1131694   ";Caminhonete;I/TOYOTA HILUX CDSRXA4FD;"2023      ";Condutor;Lesões Graves;"48   ";Masculino;"0 ";"0    ";"1    ";"0    ";-15.2103660;-48.4736930;SPRF-DF;DEL03-DF;UOP02-DEL03-DF 
630617;"1413638   ";2024-09-26;quinta-feira;09:40:00;GO;"80   ";"69   ";PADRE BERNARDO;Sim;Transitar na contramão;2;Tombamento;Com Vítimas Feridas;Pleno dia;Decrescente;Céu Claro;Simples;"Reta;Aclive";Não  ;"1131694   ";Caminhonete;I/TOYOTA HILUX CDSRXA4FD;"2023      ";Passageiro;Lesões Graves;"45   ";Masculino;"0 ";"0    ";"1    ";"0    ";-15.2103660;-48.4736930;SPRF-DF;DEL03-DF;UOP02-DEL03-DF 
630617;"1413639   ";2024-09-26;quinta-feira;09:40:00;GO;"80   ";"69   ";PADRE BERNARDO;Sim;Transitar na contramão;2;Tombamento;Com Vítimas Feridas;Pleno dia;Decrescente;Céu Claro;Simples;"Reta;Aclive";Não  ;"1131694   ";Caminhonete;I/TOYOTA HILUX CDSRXA4FD;"2023      ";Passageiro;Lesões Graves;"43   ";Masculino;"0 ";"0    ";"1    ";"0    ";-15.2103660;-48.4736930;SPRF-DF;DEL03-DF;UOP02-DEL03-DF 