id;pesid;data_inversa;dia_semana;horario;uf;br;km;municipio;causa_principal;causa_acidente;ordem_tipo_acidente;tipo_acidente;classificacao_acidente;fase_dia;sentido_via;condicao_metereologica;tipo_pista;tracado_via;uso_solo;id_veiculo;tipo_veiculo;marca;ano_fabricacao_veiculo;tipo_envolvido;estado_fisico;idade;sexo;ilesos;feridos_leves;feridos_graves;mortos;latitude;longitude;regional;delegacia;uop
630908;"1413900   ";2024-08-06;terça-feira;17:50:00;GO;"40   ";"5    ";VALPARAISO DE GOIAS;Sim;Entrada inopinada do pedestre;2;Colisão traseira;Com Vítimas Feridas;Plena Noite;Crescente;Céu Claro;Dupla;Reta;Sim  ;"1131908   ";Motocicleta;HONDA/CB 500F;"2014      ";Condutor;Lesões Leves;"53   ";Masculino;"0 ";"1    ";"0    ";"0    ";-16.0931340;-47.9822360;SPRF-DF;DEL01-DF;UOP01-DEL01-DF 
630908;"1413899   ";2024-08-06;terça-feira;17:50:00;GO;"40   ";"5    ";VALPARAISO DE GOIAS;Sim;Entrada inopinada do pedestre;2;Colisão traseira;Com Vítimas Feridas;Plena Noite;Crescente;Céu Claro;Dupla;Reta;Sim  ;"1131907   ";Automóvel;I/PEUGEOT 208 STYLE T200;"2024      ";Condutor;Ileso;"41   ";Masculino;"1 ";"0    ";"0    ";"0    ";-16.0931340;-47.9822360;SPRF-DF;DEL01-DF;UOP01-DEL01-DF 
630908;"1413898   ";2024-08-06;terça-feira;17:50:00;GO;"40   ";"5    ";VALPARAISO DE GOIAS;Sim;Entrada inopinada do pedestre;2;Colisão traseira;Com Vítimas Feridas;Plena Noite;Crescente;Céu Claro;Dupla;Reta;Sim  ;"1131907   ";Automóvel;I/PEUGEOT 208 STYLE T200;"2024      ";Passageiro;Ileso;"38   ";Feminino;"1 ";"0    ";"0    ";"0    ";-16.0931340;-47.9822360;SPRF-DF;DEL01-DF;UOP01-DEL01-DF 
630908;"1413897   ";2024-08-06;terça-feira;17:50:00;GO;"40   ";"5    ";VALPARAISO DE GOIAS;Sim;Entrada inopinada do pedestre;2;Colisão traseira;Com Vítimas Feridas;Plena Noite;Crescente;Céu Claro;Dupla;Reta;Sim  ;"1131907   ";Automóvel;I/PEUGEOT 208 STYLE T200;"2024      ";Passageiro;Ileso;"17   ";Masculino;"1 ";"0    ";"0    ";"0    ";-16.0931340;-47.9822360;SPRF-DF;DEL01-DF;UOP01-DEL01-DF 
630908;"1413896   ";2024-08-06;terça-feira;17:50:00;GO;"40   ";"5    ";VALPARAISO DE GOIAS;Sim;Entrada inopinada do pedestre;2;Colisão traseira;Com Vítimas Feridas;Plena Noite;Crescente;Céu Claro;Dupla;Reta;Sim  ;"1131907   ";Automóvel;I/PEUGEOT 208 STYLE T200;"2024      ";Passageiro;Ileso;"10   ";Masculino;"1 ";"0    ";"0    ";"0    ";-16.0931340;-47.9822360;SPRF-DF;DEL01-DF;UOP01-DEL01-DF 
630908;"1413895   ";2024-08-06;terça-feira;17:50:00;GO;"40   ";"5    ";VALPARAISO DE GOIAS;Sim;Entrada inopinada do pedestre;2;Colisão traseira;Com Vítimas Feridas;Plena Noite;Crescente;Céu Claro;Dupla;Reta;Sim  ;"0         ";"0";NA/NA;"0         ";Pedestre;Lesões Leves;"71   ";Masculino;"0 ";"1    ";"0    ";"0    ";-16.0931340;-47.9822360;SPRF-DF;DEL01-DF;UOP01-DEL01-DF 
630908;"1413900   ";2024-08-06;terça-feira;17:50:00;GO;"40   ";"5    ";VALPARAISO DE GOIAS;Sim;Entrada inopinada do pedestre;1;Atropelamento de Pedestre;Com Vítimas Feridas;Plena Noite;Crescente;Céu Claro;Dupla;Reta;Sim  ;"1131908   ";Motocicleta;HONDA/CB 500F;"2014      ";Condutor;Lesões Leves;"53   ";Masculino;"0 ";"1    ";"0    ";"0    ";-16.0931340;-47.9822360;SPRF-DF;DEL01-DF;UOP01-DEL01-DF 
630908;"1413899   ";2024-08-06;terça-feira;17:50:00;GO;"40   ";"5    ";VALPARAISO DE GOIAS;Sim;Entrada inopinada do pedestre;1;Atropelamento de Pedestre;Com Vítimas Feridas;Plena Noite;Crescente;Céu Claro;Dupla;Reta;Sim  ;"1131907   ";Automóvel;I/PEUGEOT 208 STYLE T200;"2024      ";Condutor;Ileso;"41   ";Masculino;"1 ";"0    ";"0    ";"0    ";-16.0931340;-47.9822360;SPRF-DF;DEL01-DF;UOP01-DEL01-DF 
630908;"1413898   ";2024-08-06;terça-feira;17:50:00;GO;"40   ";"5    ";VALPARAISO DE GOIAS;Sim;Entrada inopinada do pedestre;1;Atropelamento de Pedestre;Com Vítimas Feridas;Plena Noite;Crescente;Céu Claro;Dupla;Reta;Sim  ;"1131907   ";Automóvel;I/PEUGEOT 208 STYLE T200;"2024      ";Passageiro;Ileso;"38   ";Feminino;"1 ";"0    ";"0    ";"0    ";-16.0931340;-47.9822360;SPRF-DF;DEL01-DF;UOP01-DEL01-DF 
630908;"1413897   ";2024-08-06;terça-feira;17:50:00;GO;"40   ";"5    ";VALPARAISO DE GOIAS;Sim;Entrada inopinada do pedestre;1;Atropelamento de Pedestre;Com Vítimas Feridas;Plena Noite;Crescente;Céu Claro;Dupla;Reta;Sim  ;"1131907   ";Automóvel;I/PEUGEOT 208 STYLE T200;"2024      ";Passageiro;Ileso;"17   ";Masculino;"1 ";"0    ";"0    ";"0    ";-16.0931340;-47.9822360;SPRF-DF;DEL01-DF;UOP01-DEL01-DF 
630908;"1413896   ";2024-08-06;terça-feira;17:50:00;GO;"40   ";"5    ";VALPARAISO DE GOIAS;Sim;Entrada inopinada do pedestre;1;Atropelamento de Pedestre;Com Vítimas Feridas;Plena Noite;Crescente;Céu Claro;Dupla;Reta;Sim  ;"1131907   ";Automóvel;I/PEUGEOT 208 STYLE T200;"2024      ";Passageiro;Ileso;"10   ";Masculino;"1 ";"0    ";"0    ";"0    ";-16.0931340;-47.9822360;SPRF-DF;DEL01-DF;UOP01-DEL01-DF 
630908;"1413895   ";2024-08-06;terça-feira;17:50:00;GO;"40   ";"5    ";VALPARAISO DE GOIAS;Sim;Entrada inopinada do pedestre;1;Atropelamento de Pedestre;Com Vítimas Feridas;Plena Noite;Crescente;Céu Claro;Dupla;Reta;Sim  ;"0         ";"0";NA/NA;"0         ";Pedestre;Lesões Leves;"71   ";Masculino;"0 ";"1    ";"0    ";"0    ";-16.0931340;-47.9822360;SPRF-DF;DEL01-DF;UOP01-DEL01-DF 
630908;"1413900   ";2024-08-06;terça-feira;17:50:00;GO;"40   ";"5    ";VALPARAISO DE GOIAS;Não;Ausência de reação do condutor;3;Queda de ocupante de veículo;Com Vítimas Feridas;Plena Noite;Crescente;Céu Claro;Dupla;Reta;Sim  ;"1131908   ";Motocicleta;HONDA/CB 500F;"2014      ";Condutor;Lesões Leves;"53   ";Masculino;"0 ";"1    ";"0    ";"0    ";-16.0931340;-47.9822360;SPRF-DF;DEL01-DF;UOP01-DEL01-DF 
630908;"1413899   ";2024-08-06;terça-feira;17:50:00;GO;"40   ";"5    ";VALPARAISO DE GOIAS;Não;Ausência de reação do condutor;3;Queda de ocupante de veículo;Com Vítimas Feridas;Plena Noite;Crescente;Céu Claro;Dupla;Reta;Sim  ;"1131907   ";Automóvel;I/PEUGEOT 208 STYLE T200;"2024      ";Condutor;Ileso;"41   ";Masculino;"1 ";"0    ";"0    ";"0    ";-16.0931340;-47.9822360;SPRF-DF;DEL01-DF;UOP01-DEL01-DF 
630908;"1413898   ";2024-08-06;terça-feira;17:50:00;GO;"40   ";"5    ";VALPARAISO DE GOIAS;Não;Ausência de reação do condutor;3;Queda de ocupante de veículo;Com Vítimas Feridas;Plena Noite;Crescente;Céu Claro;Dupla;Reta;Sim  ;"1131907   ";Automóvel;I/PEUGEOT 208 STYLE T200;"2024      ";Passageiro;Ileso;"38   ";Feminino;"1 ";"0    ";"0    ";"0    ";-16.0931340;-47.9822360;SPRF-DF;DEL01-DF;UOP01-DEL01-DF 
630908;"1413897   ";2024-08-06;terça-feira;17:50:00;GO;"40   ";"5    ";VALPARAISO DE GOIAS;Não;Ausência de reação do condutor;3;Queda de ocupante de veículo;Com Vítimas Feridas;Plena Noite;Crescente;Céu Claro;Dupla;Reta;Sim  ;"1131907   ";Automóvel;I/PEUGEOT 208 STYLE T200;"2024      ";Passageiro;Ileso;"17   ";Masculino;"1 ";"0    ";"0    ";"0    ";-16.0931340;-47.9822360;SPRF-DF;DEL01-DF;UOP01-DEL01-DF 
630908;"1413896   ";2024-08-06;terça-feira;17:50:00;GO;"40   ";"5    ";VALPARAISO DE GOIAS;Não;Ausência de reação do condutor;3;Queda de ocupante de veículo;Com Vítimas Feridas;Plena Noite;Crescente;Céu Claro;Dupla;Reta;Sim  ;"1131907   ";Automóvel;I/PEUGEOT 208 STYLE T200;"2024      ";Passageiro;Ileso;"10   ";Masculino;"1 ";"0    ";"0    ";"0    ";-16.0931340;-47.9822360;SPRF-DF;DEL01-DF;UOP01-DEL01-DF 
630908;"1413895   ";2024-08-06;terça-feira;17:50:00;GO;"40   ";"5    ";VALPARAISO DE GOIAS;Não;Ausência de reação do condutor;3;Queda de ocupante de veículo;Com Vítimas Feridas;Plena Noite;Crescente;Céu Claro;Dupla;Reta;Sim  ;"0         ";"0";NA/NA;"0         ";Pedestre;Lesões Leves;"71   ";Masculino;"0 ";"1    ";"0    ";"0    ";-16.0931340;-47.9822360;SPRF-DF;DEL01-DF;UOP01-DEL01-DF 
630908;"1413900   ";2024-08-06;terça-feira;17:50:00;GO;"40   ";"5    ";VALPARAISO DE GOIAS;Não;Ausência de reação do condutor;2;Colisão traseira;Com Vítimas Feridas;Plena Noite;Crescente;Céu Claro;Dupla;Reta;Sim  ;"1131908   ";Motocicleta;HONDA/CB 500F;"2014      ";Condutor;Lesões Leves;"53   ";Masculino;"0 ";"1    ";"0    ";"0    ";-16.0931340;-47.9822360;SPRF-DF;DEL01-DF;UOP01-DEL01-DF 
630908;"1413899   ";2024-08-06;terça-feira;17:50:00;GO;"40   ";"5    ";VALPARAISO DE GOIAS;Não;Ausência de reação do condutor;2;Colisão traseira;Com Vítimas Feridas;Plena Noite;Crescente;Céu Claro;Dupla;Reta;Sim  ;"1131907   ";Automóvel;I/PEUGEOT 208 STYLE T200;"2024      ";Condutor;Ileso;"41   ";Masculino;"1 ";"0    ";"0    ";"0    ";-16.0931340;-47.9822360;SPRF-DF;DEL01-DF;UOP01-DEL01-DF 
630908;"1413898   ";2024-08-06;terça-feira;17:50:00;GO;"40   ";"5    ";VALPARAISO DE GOIAS;Não;Ausência de reação do condutor;2;Colisão traseira;Com Vítimas Feridas;Plena Noite;Crescente;Céu Claro;Dupla;Reta;Sim  ;"1131907   ";Automóvel;I/PEUGEOT 208 STYLE T200;"2024      ";Passageiro;Ileso;"38   ";Feminino;"1 ";"0    ";"0    ";"0    ";-16.0931340;-47.9822360;SPRF-DF;DEL01-DF;UOP01-DEL01-DF 
630908;"1413897   ";2024-08-06;terça-feira;17:50:00;GO;"40   ";"5    ";VALPARAISO DE GOIAS;Não;Ausência de reação do condutor;2;Colisão traseira;Com Vítimas Feridas;Plena Noite;Crescente;Céu Claro;Dupla;Reta;Sim  ;"1131907   ";Automóvel;I/PEUGEOT 208 STYLE T200;"2024      ";Passageiro;Ileso;"17   ";Masculino;"1 ";"0    ";"0    ";"0    ";-16.0931340;-47.9822360;SPRF-DF;DEL01-DF;UOP01-DEL01-DF 
630908;"1413896   ";2024-08-06;terça-feira;17:50:00;GO;"40   ";"5    ";VALPARAISO DE GOIAS;Não;Ausência de reação do condutor;2;Colisão traseira;Com Vítimas Feridas;Plena Noite;Crescente;Céu Claro;Dupla;Reta;Sim  ;"1131907   ";Automóvel;I/PEUGEOT 208 STYLE T200;"2024      ";Passageiro;Ileso;"10   ";Masculino;"1 ";"0    ";"0    ";"0    ";-16.0931340;-47.9822360;SPRF-DF;DEL01-DF;UOP01-DEL01-DF 
630908;"1413895   ";2024-08-06;terça-feira;17:50:00;GO;"40   ";"5    ";VALPARAISO DE GOIAS;Não;Ausência de reação do condutor;2;Colisão traseira;Com Vítimas Feridas;Plena Noite;Crescente;Céu Claro;Dupla;Reta;Sim  ;"0         ";"0";NA/NA;"0         ";Pedestre;Lesões Leves;"71   ";Masculino;"0 ";"1    ";"0    ";"0    ";-16.0931340;-47.9822360;SPRF-DF;DEL01-DF;UOP01-DEL01-DF 
630908;"1413900   ";2024-08-06;terça-feira;17:50:00;GO;"40   ";"5    ";VALPARAISO DE GOIAS;Não;Ausência de reação do condutor;1;Atropelamento de Pedestre;Com Vítimas Feridas;Plena Noite;Crescente;Céu Claro;Dupla;Reta;Sim  ;"1131908   ";Motocicleta;HONDA/CB 500F;"2014      ";Condutor;Lesões Leves;"53   ";Masculino;"0 ";"1    ";"0    ";"0    ";-16.0931340;-47.9822360;SPRF-DF;DEL01-DF;UOP01-DEL01-DF 
630908;"1413899   ";2024-08-06;terça-feira;17:50:00;GO;"40   ";"5    ";VALPARAISO DE GOIAS;Não;Ausência de reação do condutor;1;Atropelamento de Pedestre;Com Vítimas Feridas;Plena Noite;Crescente;Céu Claro;Dupla;Reta;Sim  ;"1131907   ";Automóvel;I/PEUGEOT 208 STYLE T200;"2024      ";Condutor;Ileso;"41   ";Masculino;"1 ";"0    ";"0    ";"0    ";-16.0931340;-47.9822360;SPRF-DF;DEL01-DF;UOP01-DEL01-DF 
630908;"1413898   ";2024-08-06;terça-feira;17:50:00;GO;"40   ";"5    ";VALPARAISO DE GOIAS;Não;Ausência de reação do condutor;1;Atropelamento de Pedestre;Com Vítimas Feridas;Plena Noite;Crescente;Céu Claro;Dupla;Reta;Sim  ;"1131907   ";Automóvel;I/PEUGEOT 208 STYLE T200;"2024      ";Passageiro;Ileso;"38   ";Feminino;"1 ";"0    ";"0    ";"0    ";-16.0931340;-47.9822360;SPRF-DF;DEL01-DF;UOP01-DEL01-DF 
630908;"1413897   ";2024-08-06;terça-feira;17:50:00;GO;"40   ";"5    ";VALPARAISO DE GOIAS;Não;Ausência de reação do condutor;1;Atropelamento de Pedestre;Com Vítimas Feridas;Plena Noite;Crescente;Céu Claro;Dupla;Reta;Sim  ;"1131907   ";Automóvel;I/PEUGEOT 208 STYLE T200;"2024      ";Passageiro;Ileso;"17   ";Masculino;"1 ";"0    ";"0    ";"0    ";-16.0931340;-47.9822360;SPRF-DF;DEL01-DF;UOP01-DEL01-DF 
630908;"1413896   ";2024-08-06;terça-feira;17:50:00;GO;"40   ";"5    ";VALPARAISO DE GOIAS;Não;Ausência de reação do condutor;1;Atropelamento de Pedestre;Com Vítimas Feridas;Plena Noite;Crescente;Céu Claro;Dupla;Reta;Sim  ;"1131907   ";Automóvel;I/PEUGEOT 208 STYLE T200;"2024      ";Passageiro;Ileso;"10   ";Masculino;"1 ";"0    ";"0    ";"0    ";-16.0931340;-47.9822360;SPRF-DF;DEL01-DF;UOP01-DEL01-DF 
630908;"1413895   ";2024-08-06;terça-feira;17:50:00;GO;"40   ";"5    ";VALPARAISO DE GOIAS;Não;Ausência de reação do condutor;1;Atropelamento de Pedestre;Com Vítimas Feridas;Plena Noite;Crescente;Céu Claro;Dupla;Reta;Sim  ;"0         ";"0";NA/NA;"0         ";Pedestre;Lesões Leves;"71   ";Masculino;"0 ";"1    ";"0    ";"0    ";-16.0931340;-47.9822360;SPRF-DF;DEL01-DF;UOP01-DEL01-DF 
630908;"1413900   ";2024-08-06;terça-feira;17:50:00;GO;"40   ";"5    ";VALPARAISO DE GOIAS;Não;Área urbana sem a presença de local apropriado para a travessia de pedestres;3;Queda de ocupante de veículo;Com Vítimas Feridas;Plena Noite;Crescente;Céu Claro;Dupla;Reta;Sim  ;"1131908   ";Motocicleta;HONDA/CB 500F;"2014      ";Condutor;Lesões Leves;"53   ";Masculino;"0 ";"1    ";"0    ";"0    ";-16.0931340;-47.9822360;SPRF-DF;DEL01-DF;UOP01-DEL01-DF 
630908;"1413899   ";2024-08-06;terça-feira;17:50:00;GO;"40   ";"5    ";VALPARAISO DE GOIAS;Não;Área urbana sem a presença de local apropriado para a travessia de pedestres;3;Queda de ocupante de veículo;Com Vítimas Feridas;Plena Noite;Crescente;Céu Claro;Dupla;Reta;Sim  ;"1131907   ";Automóvel;I/PEUGEOT 208 STYLE T200;"2024      ";Condutor;Ileso;"41   ";Masculino;"1 ";"0    ";"0    ";"0    ";-16.0931340;-47.9822360;SPRF-DF;DEL01-DF;UOP01-DEL01-DF 
630908;"1413898   ";2024-08-06;terça-feira;17:50:00;GO;"40   ";"5    ";VALPARAISO DE GOIAS;Não;Área urbana sem a presença de local apropriado para a travessia de pedestres;3;Queda de ocupante de veículo;Com Vítimas Feridas;Plena Noite;Crescente;Céu Claro;Dupla;Reta;Sim  ;"1131907   ";Automóvel;I/PEUGEOT 208 STYLE T200;"2024      ";Passageiro;Ileso;"38   ";Feminino;"1 ";"0    ";"0    ";"0    ";-16.0931340;-47.9822360;SPRF-DF;DEL01-DF;UOP01-DEL01-DF 
630908;"1413897   ";2024-08-06;terça-feira;17:50:00;GO;"40   ";"5    ";VALPARAISO DE GOIAS;Não;Área urbana sem a presença de local apropriado para a travessia de pedestres;3;Queda de ocupante de veículo;Com Vítimas Feridas;Plena Noite;Crescente;Céu Claro;Dupla;Reta;Sim  ;"1131907   ";Automóvel;I/PEUGEOT 208 STYLE T200;"2024      ";Passageiro;Ileso;"17   ";Masculino;"1 ";"0    ";"0    ";"0    ";-16.0931340;-47.9822360;SPRF-DF;DEL01-DF;UOP01-DEL01-DF 
630908;"1413896   ";2024-08-06;terça-feira;17:50:00;GO;"40   ";"5    ";VALPARAISO DE GOIAS;Não;Área urbana sem a presença de local apropriado para a travessia de pedestres;3;Queda de ocupante de veículo;Com Vítimas Feridas;Plena Noite;Crescente;Céu Claro;Dupla;Reta;Sim  ;"1131907   ";Automóvel;I/PEUGEOT 208 STYLE T200;"2024      ";Passageiro;Ileso;"10   ";Masculino;"1 ";"0    ";"0    ";"0    ";-16.0931340;-47.9822360;SPRF-DF;DEL01-DF;UOP01-DEL01-DF 
630908;"1413895   ";2024-08-06;terça-feira;17:50:00;GO;"40   ";"5    ";VALPARAISO DE GOIAS;Não;Área urbana sem a presença de local apropriado para a travessia de pedestres;3;Queda de ocupante de veículo;Com Vítimas Feridas;Plena Noite;Crescente;Céu Claro;Dupla;Reta;Sim  ;"0         ";"0";NA/NA;"0         ";Pedestre;Lesões Leves;"71   ";Masculino;"0 ";"1    ";"0    ";"0    ";-16.0931340;-47.9822360;SPRF-DF;DEL01-DF;UOP01-DEL01-DF 
630908;"1413900   ";2024-08-06;terça-feira;17:50:00;GO;"40   ";"5    ";VALPARAISO DE GOIAS;Não;Área urbana sem a presença de local apropriado para a travessia de pedestres;2;Colisão traseira;Com Vítimas Feridas;Plena Noite;Crescente;Céu Claro;Dupla;Reta;Sim  ;"1131908   ";Motocicleta;HONDA/CB 500F;"2014      ";Condutor;Lesões Leves;"53   ";Masculino;"0 ";"1    ";"0    ";"0    ";-16.0931340;-47.9822360;SPRF-DF;DEL01-DF;UOP01-DEL01-DF 
631135;"1414507   ";2024-09-28;sábado;13:15:00;DF;"80   ";"5,3  ";BRASILIA;Sim;Ultrapassagem Indevida;1;Colisão lateral mesmo sentido;Com Vítimas Feridas;Pleno dia;Crescente;Céu Claro;Simples;Reta;Não  ;"1132363   ";Automóvel;FIAT/ARGO DRIVE 1.0;"2021      ";Condutor;Ileso;"32   ";Feminino;"1 ";"0    ";"0    ";"0    ";-15.7296020;-48.1213040;SPRF-DF;DEL03-DF;UOP02-DEL03-DF 
630908;"1413899   ";2024-08-06;terça-feira;17:50:00;GO;"40   ";"5    ";VALPARAISO DE GOIAS;Não;Área urbana sem a presença de local apropriado para a travessia de pedestres;2;Colisão traseira;Com Vítimas Feridas;Plena Noite;Crescente;Céu Claro;Dupla;Reta;Sim  ;"1131907   ";Automóvel;I/PEUGEOT 208 STYLE T200;"2024      ";Condutor;Ileso;"41   ";Masculino;"1 ";"0    ";"0    ";"0    ";-16.0931340;-47.9822360;SPRF-DF;DEL01-DF;UOP01-DEL01-DF 
630908;"1413898   ";2024-08-06;terça-feira;17:50:00;GO;"40   ";"5    ";VALPARAISO DE GOIAS;Não;Área urbana sem a presença de local apropriado para a travessia de pedestres;2;Colisão traseira;Com Vítimas Feridas;Plena Noite;Crescente;Céu Claro;Dupla;Reta;Sim  ;"1131907   ";Automóvel;I/PEUGEOT 208 STYLE T200;"2024      ";Passageiro;Ileso;"38   ";Feminino;"1 ";"0    ";"0    ";"0    ";-16.0931340;-47.9822360;SPRF-DF;DEL01-DF;UOP01-DEL01-DF 
630908;"1413897   ";2024-08-06;terça-feira;17:50:00;GO;"40   ";"5    ";VALPARAISO DE GOIAS;Não;Área urbana sem a presença de local apropriado para a travessia de pedestres;2;Colisão traseira;Com Vítimas Feridas;Plena Noite;Crescente;Céu Claro;Dupla;Reta;Sim  ;"1131907   ";Automóvel;I/PEUGEOT 208 STYLE T200;"2024      ";Passageiro;Ileso;"17   ";Masculino;"1 ";"0    ";"0    ";"0    ";-16.0931340;-47.9822360;SPRF-DF;DEL01-DF;UOP01-DEL01-DF 
630908;"1413896   ";2024-08-06;terça-feira;17:50:00;GO;"40   ";"5    ";VALPARAISO DE GOIAS;Não;Área urbana sem a presença de local apropriado para a travessia de pedestres;2;Colisão traseira;Com Vítimas Feridas;Plena Noite;Crescente;Céu Claro;Dupla;Reta;Sim  ;"1131907   ";Automóvel;I/PEUGEOT 208 STYLE T200;"2024      ";Passageiro;Ileso;"10   ";Masculino;"1 ";"0    ";"0    ";"0    ";-16.0931340;-47.9822360;SPRF-DF;DEL01-DF;UOP01-DEL01-DF 
630908;"1413895   ";2024-08-06;terça-feira;17:50:00;GO;"40   ";"5    ";VALPARAISO DE GOIAS;Não;Área urbana sem a presença de local apropriado para a travessia de pedestres;2;Colisão traseira;Com Vítimas Feridas;Plena Noite;Crescente;Céu Claro;Dupla;Reta;Sim  ;"0         ";"0";NA/NA;"0         ";Pedestre;Lesões Leves;"71   ";Masculino;"0 ";"1    ";"0    ";"0    ";-16.0931340;-47.9822360;SPRF-DF;DEL01-DF;UOP01-DEL01-DF 
630908;"1413900   ";2024-08-06;terça-feira;17:50:00;GO;"40   ";"5    ";VALPARAISO DE GOIAS;Não;Área urbana sem a presença de local apropriado para a travessia de pedestres;1;Atropelamento de Pedestre;Com Vítimas Feridas;Plena Noite;Crescente;Céu Claro;Dupla;Reta;Sim  ;"1131908   ";Motocicleta;HONDA/CB 500F;"2014      ";Condutor;Lesões Leves;"53   ";Masculino;"0 ";"1    ";"0    ";"0    ";-16.0931340;-47.9822360;SPRF-DF;DEL01-DF;UOP01-DEL01-DF 
630908;"1413899   ";2024-08-06;terça-feira;17:50:00;GO;"40   ";"5    ";VALPARAISO DE GOIAS;Não;Área urbana sem a presença de local apropriado para a travessia de pedestres;1;Atropelamento de Pedestre;Com Vítimas Feridas;Plena Noite;Crescente;Céu Claro;Dupla;Reta;Sim  ;"1131907   ";Automóvel;I/PEUGEOT 208 STYLE T200;"2024      ";Condutor;Ileso;"41   ";Masculino;"1 ";"0    ";"0    ";"0    ";-16.0931340;-47.9822360;SPRF-DF;DEL01-DF;UOP01-DEL01-DF 
630908;"1413898   ";2024-08-06;terça-feira;17:50:00;GO;"40   ";"5    ";VALPARAISO DE GOIAS;Não;Área urbana sem a presença de local apropriado para a travessia de pedestres;1;Atropelamento de Pedestre;Com Vítimas Feridas;Plena Noite;Crescente;Céu Claro;Dupla;Reta;Sim  ;"1131907   ";Automóvel;I/PEUGEOT 208 STYLE T200;"2024      ";Passageiro;Ileso;"38   ";Feminino;"1 ";"0    ";"0    ";"0    ";-16.0931340;-47.9822360;SPRF-DF;DEL01-DF;UOP01-DEL01-DF 
630908;"1413897   ";2024-08-06;terça-feira;17:50:00;GO;"40   ";"5    ";VALPARAISO DE GOIAS;Não;Área urbana sem a presença de local apropriado para a travessia de pedestres;1;Atropelamento de Pedestre;Com Vítimas Feridas;Plena Noite;Crescente;Céu Claro;Dupla;Reta;Sim  ;"1131907   ";Automóvel;I/PEUGEOT 208 STYLE T200;"2024      ";Passageiro;Ileso;"17   ";Masculino;"1 ";"0    ";"0    ";"0    ";-16.0931340;-47.9822360;SPRF-DF;DEL01-DF;UOP01-DEL01-DF 
630908;"1413896   ";2024-08-06;terça-feira;17:50:00;GO;"40   ";"5    ";VALPARAISO DE GOIAS;Não;Área urbana sem a presença de local apropriado para a travessia de pedestres;1;Atropelamento de Pedestre;Com Vítimas Feridas;Plena Noite;Crescente;Céu Claro;Dupla;Reta;Sim  ;"1131907   ";Automóvel;I/PEUGEOT 208 STYLE T200;"2024      ";Passageiro;Ileso;"10   ";Masculino;"1 ";"0    ";"0    ";"0    ";-16.0931340;-47.9822360;SPRF-DF;DEL01-DF;UOP01-DEL01-DF 
630908;"1413895   ";2024-08-06;terça-feira;17:50:00;GO;"40   ";"5    ";VALPARAISO DE GOIAS;Não;Área urbana sem a presença de local apropriado para a travessia de pedestres;1;Atropelamento de Pedestre;Com Vítimas Feridas;Plena Noite;Crescente;Céu Claro;Dupla;Reta;Sim  ;"0         ";"0";NA/NA;"0         ";Pedestre;Lesões Leves;"71   ";Masculino;"0 ";"1    ";"0    ";"0    ";-16.0931340;-47.9822360;SPRF-DF;DEL01-DF;UOP01-DEL01-DF 
630983;"1422868   ";2024-09-27;sexta-feira;21:24:00;GO;"20   ";"10   ";FORMOSA;Sim;Ultrapassagem Indevida;1;Colisão lateral sentido oposto;Com Vítimas Feridas;Plena Noite;Crescente;Céu Claro;Simples;"Reta;Declive";Sim  ;"1137162   ";Caminhão-trator;IVECO/STRALIS 600S44T;"2020      ";Condutor;Ileso;"67   ";Masculino;"1 ";"0    ";"0    ";"0    ";-15.5584470;-47.2661900;SPRF-DF;DEL02-DF;UOP02-DEL02-DF 
630983;"1414217   ";2024-09-27;sexta-feira;21:24:00;GO;"20   ";"10   ";FORMOSA;Sim;Ultrapassagem Indevida;1;Colisão lateral sentido oposto;Com Vítimas Feridas;Plena Noite;Crescente;Céu Claro;Simples;"Reta;Declive";Sim  ;"1132139   ";Caminhonete;I/PEUGEOT EXPERT CARGO;"2022      ";Condutor;Ileso;"64   ";Masculino;"1 ";"0    ";"0    ";"0    ";-15.5584470;-47.2661900;SPRF-DF;DEL02-DF;UOP02-DEL02-DF 
630983;"1414216   ";2024-09-27;sexta-feira;21:24:00;GO;"20   ";"10   ";FORMOSA;Sim;Ultrapassagem Indevida;1;Colisão lateral sentido oposto;Com Vítimas Feridas;Plena Noite;Crescente;Céu Claro;Simples;"Reta;Declive";Sim  ;"1132134   ";Automóvel;GM/CELTA 4P SPIRIT;"2004      ";Condutor;Lesões Leves;"43   ";Masculino;"0 ";"1    ";"0    ";"0    ";-15.5584470;-47.2661900;SPRF-DF;DEL02-DF;UOP02-DEL02-DF 