id;pesid;data_inversa;dia_semana;horario;uf;br;km;municipio;causa_principal;causa_acidente;ordem_tipo_acidente;tipo_acidente;classificacao_acidente;fase_dia;sentido_via;condicao_metereologica;tipo_pista;tracado_via;uso_solo;id_veiculo;tipo_veiculo;marca;ano_fabricacao_veiculo;tipo_envolvido;estado_fisico;idade;sexo;ilesos;feridos_leves;feridos_graves;mortos;latitude;longitude;regional;delegacia;uop
631598;"1415599   ";2024-09-01;domingo;21:00:00;DF;"60   ";"22,3 ";BRASILIA;Sim;Reação tardia ou ineficiente do condutor;2;Capotamento;Com Vítimas Fatais;Plena Noite;Crescente;Céu Claro;Dupla;Curva;Não  ;"1133171   ";Automóvel;GM/ASTRA SEDAN ADVANTAGE;"2006      ";Condutor;Óbito;"57   ";Masculino;"0 ";"0    ";"0    ";"1    ";-15.9841060;-48.2153780;SPRF-DF;DEL03-DF;UOP01-DEL03-DF 
631598;"1415598   ";2024-09-01;domingo;21:00:00;DF;"60   ";"22,3 ";BRASILIA;Sim;Reação tardia ou ineficiente do condutor;2;Capotamento;Com Vítimas Fatais;Plena Noite;Crescente;Céu Claro;Dupla;Curva;Não  ;"1133171   ";Automóvel;GM/ASTRA SEDAN ADVANTAGE;"2006      ";Passageiro;Lesões Leves;"24   ";Masculino;"0 ";"1    ";"0    ";"0    ";-15.9841060;-48.2153780;SPRF-DF;DEL03-DF;UOP01-DEL03-DF 
631598;"1415599   ";2024-09-01;domingo;21:00:00;DF;"60   ";"22,3 ";BRASILIA;Sim;Reação tardia ou ineficiente do condutor;1;Saída de leito carroçável;Com Vítimas Fatais;Plena Noite;Crescente;Céu Claro;Dupla;Curva;Não  ;"1133171   ";Automóvel;GM/ASTRA SEDAN ADVANTAGE;"2006      ";Condutor;Óbito;"57   ";Masculino;"0 ";"0    ";"0    ";"1    ";-15.9841060;-48.2153780;SPRF-DF;DEL03-DF;UOP01-DEL03-DF 
631598;"1415598   ";2024-09-01;domingo;21:00:00;DF;"60   ";"22,3 ";BRASILIA;Sim;Reação tardia ou ineficiente do condutor;1;Saída de leito carroçável;Com Vítimas Fatais;Plena Noite;Crescente;Céu Claro;Dupla;Curva;Não  ;"1133171   ";Automóvel;GM/ASTRA SEDAN ADVANTAGE;"2006      ";Passageiro;Lesões Leves;"24   ";Masculino;"0 ";"1    ";"0    ";"0    ";-15.9841060;-48.2153780;SPRF-DF;DEL03-DF;UOP01-DEL03-DF 
631598;"1415599   ";2024-09-01;domingo;21:00:00;DF;"60   ";"22,3 ";BRASILIA;Não;Velocidade Incompatível;2;Capotamento;Com Vítimas Fatais;Plena Noite;Crescente;Céu Claro;Dupla;Curva;Não  ;"1133171   ";Automóvel;GM/ASTRA SEDAN ADVANTAGE;"2006      ";Condutor;Óbito;"57   ";Masculino;"0 ";"0    ";"0    ";"1    ";-15.9841060;-48.2153780;SPRF-DF;DEL03-DF;UOP01-DEL03-DF 
631598;"1415598   ";2024-09-01;domingo;21:00:00;DF;"60   ";"22,3 ";BRASILIA;Não;Velocidade Incompatível;2;Capotamento;Com Vítimas Fatais;Plena Noite;Crescente;Céu Claro;Dupla;Curva;Não  ;"1133171   ";Automóvel;GM/ASTRA SEDAN ADVANTAGE;"2006      ";Passageiro;Lesões Leves;"24   ";Masculino;"0 ";"1    ";"0    ";"0    ";-15.9841060;-48.2153780;SPRF-DF;DEL03-DF;UOP01-DEL03-DF 
631598;"1415599   ";2024-09-01;domingo;21:00:00;DF;"60   ";"22,3 ";BRASILIA;Não;Velocidade Incompatível;1;Saída de leito carroçável;Com Vítimas Fatais;Plena Noite;Crescente;Céu Claro;Dupla;Curva;Não  ;"1133171   ";Automóvel;GM/ASTRA SEDAN ADVANTAGE;"2006      ";Condutor;Óbito;"57   ";Masculino;"0 ";"0    ";"0    ";"1    ";-15.9841060;-48.2153780;SPRF-DF;DEL03-DF;UOP01-DEL03-DF 
631598;"1415598   ";2024-09-01;domingo;21:00:00;DF;"60   ";"22,3 ";BRASILIA;Não;Velocidade Incompatível;1;Saída de leito carroçável;Com Vítimas Fatais;Plena Noite;Crescente;Céu Claro;Dupla;Curva;Não  ;"1133171   ";Automóvel;GM/ASTRA SEDAN ADVANTAGE;"2006      ";Passageiro;Lesões Leves;"24   ";Masculino;"0 ";"1    ";"0    ";"0    ";-15.9841060;-48.2153780;SPRF-DF;DEL03-DF;UOP01-DEL03-DF 
631613;"1415663   ";2024-06-09;domingo;05:06:00;GO;"40   ";"1    ";VALPARAISO DE GOIAS;Não;Condutor deixou de manter distância do veículo da frente;1;Colisão traseira;Com Vítimas Feridas;Plena Noite;Decrescente;Céu Claro;Dupla;Reta;Sim  ;"1133199   ";Automóvel;FORD/KA SE 1.0 SD C;"2018      ";Condutor;Ileso;"48   ";Masculino;"1 ";"0    ";"0    ";"0    ";-16.0582450;-47.9828250;SPRF-DF;DEL01-DF;UOP01-DEL01-DF 
631613;"1415634   ";2024-06-09;domingo;05:06:00;GO;"40   ";"1    ";VALPARAISO DE GOIAS;Não;Condutor deixou de manter distância do veículo da frente;1;Colisão traseira;Com Vítimas Feridas;Plena Noite;Decrescente;Céu Claro;Dupla;Reta;Sim  ;"1133199   ";Automóvel;FORD/KA SE 1.0 SD C;"2018      ";Passageiro;Ileso;"21   ";Masculino;"1 ";"0    ";"0    ";"0    ";-16.0582450;-47.9828250;SPRF-DF;DEL01-DF;UOP01-DEL01-DF 
631613;"1415633   ";2024-06-09;domingo;05:06:00;GO;"40   ";"1    ";VALPARAISO DE GOIAS;Não;Condutor deixou de manter distância do veículo da frente;1;Colisão traseira;Com Vítimas Feridas;Plena Noite;Decrescente;Céu Claro;Dupla;Reta;Sim  ;"1133199   ";Automóvel;FORD/KA SE 1.0 SD C;"2018      ";Passageiro;Ileso;"21   ";Feminino;"1 ";"0    ";"0    ";"0    ";-16.0582450;-47.9828250;SPRF-DF;DEL01-DF;UOP01-DEL01-DF 
631613;"1415632   ";2024-06-09;domingo;05:06:00;GO;"40   ";"1    ";VALPARAISO DE GOIAS;Não;Condutor deixou de manter distância do veículo da frente;1;Colisão traseira;Com Vítimas Feridas;Plena Noite;Decrescente;Céu Claro;Dupla;Reta;Sim  ;"1133198   ";Automóvel;VW/GOLF 1.6 SPORTLINE;"2008      ";Condutor;Lesões Leves;"35   ";Masculino;"0 ";"1    ";"0    ";"0    ";-16.0582450;-47.9828250;SPRF-DF;DEL01-DF;UOP01-DEL01-DF 
631613;"1415631   ";2024-06-09;domingo;05:06:00;GO;"40   ";"1    ";VALPARAISO DE GOIAS;Não;Condutor deixou de manter distância do veículo da frente;1;Colisão traseira;Com Vítimas Feridas;Plena Noite;Decrescente;Céu Claro;Dupla;Reta;Sim  ;"1133198   ";Automóvel;VW/GOLF 1.6 SPORTLINE;"2008      ";Passageiro;Lesões Leves;"20   ";Masculino;"0 ";"1    ";"0    ";"0    ";-16.0582450;-47.9828250;SPRF-DF;DEL01-DF;UOP01-DEL01-DF 
631613;"1415663   ";2024-06-09;domingo;05:06:00;GO;"40   ";"1    ";VALPARAISO DE GOIAS;Não;Ausência de reação do condutor;1;Colisão traseira;Com Vítimas Feridas;Plena Noite;Decrescente;Céu Claro;Dupla;Reta;Sim  ;"1133199   ";Automóvel;FORD/KA SE 1.0 SD C;"2018      ";Condutor;Ileso;"48   ";Masculino;"1 ";"0    ";"0    ";"0    ";-16.0582450;-47.9828250;SPRF-DF;DEL01-DF;UOP01-DEL01-DF 
631613;"1415634   ";2024-06-09;domingo;05:06:00;GO;"40   ";"1    ";VALPARAISO DE GOIAS;Não;Ausência de reação do condutor;1;Colisão traseira;Com Vítimas Feridas;Plena Noite;Decrescente;Céu Claro;Dupla;Reta;Sim  ;"1133199   ";Automóvel;FORD/KA SE 1.0 SD C;"2018      ";Passageiro;Ileso;"21   ";Masculino;"1 ";"0    ";"0    ";"0    ";-16.0582450;-47.9828250;SPRF-DF;DEL01-DF;UOP01-DEL01-DF 
631613;"1415633   ";2024-06-09;domingo;05:06:00;GO;"40   ";"1    ";VALPARAISO DE GOIAS;Não;Ausência de reação do condutor;1;Colisão traseira;Com Vítimas Feridas;Plena Noite;Decrescente;Céu Claro;Dupla;Reta;Sim  ;"1133199   ";Automóvel;FORD/KA SE 1.0 SD C;"2018      ";Passageiro;Ileso;"21   ";Feminino;"1 ";"0    ";"0    ";"0    ";-16.0582450;-47.9828250;SPRF-DF;DEL01-DF;UOP01-DEL01-DF 
631613;"1415632   ";2024-06-09;domingo;05:06:00;GO;"40   ";"1    ";VALPARAISO DE GOIAS;Não;Ausência de reação do condutor;1;Colisão traseira;Com Vítimas Feridas;Plena Noite;Decrescente;Céu Claro;Dupla;Reta;Sim  ;"1133198   ";Automóvel;VW/GOLF 1.6 SPORTLINE;"2008      ";Condutor;Lesões Leves;"35   ";Masculino;"0 ";"1    ";"0    ";"0    ";-16.0582450;-47.9828250;SPRF-DF;DEL01-DF;UOP01-DEL01-DF 
631613;"1415631   ";2024-06-09;domingo;05:06:00;GO;"40   ";"1    ";VALPARAISO DE GOIAS;Não;Ausência de reação do condutor;1;Colisão traseira;Com Vítimas Feridas;Plena Noite;Decrescente;Céu Claro;Dupla;Reta;Sim  ;"1133198   ";Automóvel;VW/GOLF 1.6 SPORTLINE;"2008      ";Passageiro;Lesões Leves;"20   ";Masculino;"0 ";"1    ";"0    ";"0    ";-16.0582450;-47.9828250;SPRF-DF;DEL01-DF;UOP01-DEL01-DF 
631613;"1415663   ";2024-06-09;domingo;05:06:00;GO;"40   ";"1    ";VALPARAISO DE GOIAS;Sim;Velocidade Incompatível;1;Colisão traseira;Com Vítimas Feridas;Plena Noite;Decrescente;Céu Claro;Dupla;Reta;Sim  ;"1133199   ";Automóvel;FORD/KA SE 1.0 SD C;"2018      ";Condutor;Ileso;"48   ";Masculino;"1 ";"0    ";"0    ";"0    ";-16.0582450;-47.9828250;SPRF-DF;DEL01-DF;UOP01-DEL01-DF 
631613;"1415634   ";2024-06-09;domingo;05:06:00;GO;"40   ";"1    ";VALPARAISO DE GOIAS;Sim;Velocidade Incompatível;1;Colisão traseira;Com Vítimas Feridas;Plena Noite;Decrescente;Céu Claro;Dupla;Reta;Sim  ;"1133199   ";Automóvel;FORD/KA SE 1.0 SD C;"2018      ";Passageiro;Ileso;"21   ";Masculino;"1 ";"0    ";"0    ";"0    ";-16.0582450;-47.9828250;SPRF-DF;DEL01-DF;UOP01-DEL01-DF 
631613;"1415633   ";2024-06-09;domingo;05:06:00;GO;"40   ";"1    ";VALPARAISO DE GOIAS;Sim;Velocidade Incompatível;1;Colisão traseira;Com Vítimas Feridas;Plena Noite;Decrescente;Céu Claro;Dupla;Reta;Sim  ;"1133199   ";Automóvel;FORD/KA SE 1.0 SD C;"2018      ";Passageiro;Ileso;"21   ";Feminino;"1 ";"0    ";"0    ";"0    ";-16.0582450;-47.9828250;SPRF-DF;DEL01-DF;UOP01-DEL01-DF 
631613;"1415632   ";2024-06-09;domingo;05:06:00;GO;"40   ";"1    ";VALPARAISO DE GOIAS;Sim;Velocidade Incompatível;1;Colisão traseira;Com Vítimas Feridas;Plena Noite;Decrescente;Céu Claro;Dupla;Reta;Sim  ;"1133198   ";Automóvel;VW/GOLF 1.6 SPORTLINE;"2008      ";Condutor;Lesões Leves;"35   ";Masculino;"0 ";"1    ";"0    ";"0    ";-16.0582450;-47.9828250;SPRF-DF;DEL01-DF;UOP01-DEL01-DF 
631613;"1415631   ";2024-06-09;domingo;05:06:00;GO;"40   ";"1    ";VALPARAISO DE GOIAS;Sim;Velocidade Incompatível;1;Colisão traseira;Com Vítimas Feridas;Plena Noite;Decrescente;Céu Claro;Dupla;Reta;Sim  ;"1133198   ";Automóvel;VW/GOLF 1.6 SPORTLINE;"2008      ";Passageiro;Lesões Leves;"20   ";Masculino;"0 ";"1    ";"0    ";"0    ";-16.0582450;-47.9828250;SPRF-DF;DEL01-DF;UOP01-DEL01-DF 
631617;"1415725   ";2024-09-30;segunda-feira;13:05:00;DF;"20   ";"17   ";BRASILIA;Sim;Ausência de reação do condutor;2;Colisão com objeto;Com Vítimas Feridas;Pleno dia;Decrescente;Céu Claro;Dupla;"Reta;Declive";Não  ;"1133280   ";Automóvel;HYUNDAI/HB20 10M LIMITED;"2022      ";Condutor;Lesões Leves;"54   ";Feminino;"0 ";"1    ";"0    ";"0    ";-15.6213740;-47.7169800;SPRF-DF;DEL02-DF;UOP01-DEL02-DF 
631617;"1415725   ";2024-09-30;segunda-feira;13:05:00;DF;"20   ";"17   ";BRASILIA;Sim;Ausência de reação do condutor;1;Saída de leito carroçável;Com Vítimas Feridas;Pleno dia;Decrescente;Céu Claro;Dupla;"Reta;Declive";Não  ;"1133280   ";Automóvel;HYUNDAI/HB20 10M LIMITED;"2022      ";Condutor;Lesões Leves;"54   ";Feminino;"0 ";"1    ";"0    ";"0    ";-15.6213740;-47.7169800;SPRF-DF;DEL02-DF;UOP01-DEL02-DF 
631620;"1415651   ";2024-08-08;quinta-feira;17:00:00;GO;"60   ";"26   ";ALEXANIA;Sim;Acessar a via sem observar a presença dos outros veículos;2;Queda de ocupante de veículo;Sem Vítimas;Pleno dia;Crescente;Céu Claro;Dupla;Reta;Sim  ;"1133214   ";Motocicleta;Não Informado/Não Informado;"0         ";Condutor;Não Informado;"0    ";Não Informado;"0 ";"0    ";"0    ";"0    ";-16.0986154;-48.4758496;SPRF-DF;DEL03-DF;UOP01-DEL03-DF 
631620;"1415651   ";2024-08-08;quinta-feira;17:00:00;GO;"60   ";"26   ";ALEXANIA;Sim;Acessar a via sem observar a presença dos outros veículos;1;Colisão com objeto;Sem Vítimas;Pleno dia;Crescente;Céu Claro;Dupla;Reta;Sim  ;"1133214   ";Motocicleta;Não Informado/Não Informado;"0         ";Condutor;Não Informado;"0    ";Não Informado;"0 ";"0    ";"0    ";"0    ";-16.0986154;-48.4758496;SPRF-DF;DEL03-DF;UOP01-DEL03-DF 
631630;"0         ";2024-09-30;segunda-feira;11:40:00;DF;"20   ";"11,4 ";BRASILIA;Não;Reação tardia ou ineficiente do condutor;1;Colisão traseira;Com Vítimas Feridas;Pleno dia;Decrescente;Céu Claro;Dupla;Reta;Sim  ;"1133300   ";Semireboque;SR/LENCOIS SRL SRPCT;"2010      ";"0";"0";"0    ";"0";"0 ";"0    ";"0    ";"0    ";-15.6448020;-47.7626300;SPRF-DF;DEL02-DF;UOP01-DEL02-DF 
631630;"1415739   ";2024-09-30;segunda-feira;11:40:00;DF;"20   ";"11,4 ";BRASILIA;Não;Reação tardia ou ineficiente do condutor;1;Colisão traseira;Com Vítimas Feridas;Pleno dia;Decrescente;Céu Claro;Dupla;Reta;Sim  ;"1133299   ";Caminhão-trator;VW/19.320 CLC TT;"2010      ";Passageiro;Ileso;"64   ";Masculino;"1 ";"0    ";"0    ";"0    ";-15.6448020;-47.7626300;SPRF-DF;DEL02-DF;UOP01-DEL02-DF 
631630;"1415738   ";2024-09-30;segunda-feira;11:40:00;DF;"20   ";"11,4 ";BRASILIA;Não;Reação tardia ou ineficiente do condutor;1;Colisão traseira;Com Vítimas Feridas;Pleno dia;Decrescente;Céu Claro;Dupla;Reta;Sim  ;"1133299   ";Caminhão-trator;VW/19.320 CLC TT;"2010      ";Condutor;Ileso;"61   ";Masculino;"1 ";"0    ";"0    ";"0    ";-15.6448020;-47.7626300;SPRF-DF;DEL02-DF;UOP01-DEL02-DF 
631630;"1415737   ";2024-09-30;segunda-feira;11:40:00;DF;"20   ";"11,4 ";BRASILIA;Não;Reação tardia ou ineficiente do condutor;1;Colisão traseira;Com Vítimas Feridas;Pleno dia;Decrescente;Céu Claro;Dupla;Reta;Sim  ;"1133295   ";Utilitário;JEEP/RENEGADE THAWK AT D;"2021      ";Condutor;Lesões Leves;"40   ";Feminino;"0 ";"1    ";"0    ";"0    ";-15.6448020;-47.7626300;SPRF-DF;DEL02-DF;UOP01-DEL02-DF 
631630;"0         ";2024-09-30;segunda-feira;11:40:00;DF;"20   ";"11,4 ";BRASILIA;Sim;Manobra de mudança de faixa;1;Colisão traseira;Com Vítimas Feridas;Pleno dia;Decrescente;Céu Claro;Dupla;Reta;Sim  ;"1133300   ";Semireboque;SR/LENCOIS SRL SRPCT;"2010      ";"0";"0";"0    ";"0";"0 ";"0    ";"0    ";"0    ";-15.6448020;-47.7626300;SPRF-DF;DEL02-DF;UOP01-DEL02-DF 
631630;"1415739   ";2024-09-30;segunda-feira;11:40:00;DF;"20   ";"11,4 ";BRASILIA;Sim;Manobra de mudança de faixa;1;Colisão traseira;Com Vítimas Feridas;Pleno dia;Decrescente;Céu Claro;Dupla;Reta;Sim  ;"1133299   ";Caminhão-trator;VW/19.320 CLC TT;"2010      ";Passageiro;Ileso;"64   ";Masculino;"1 ";"0    ";"0    ";"0    ";-15.6448020;-47.7626300;SPRF-DF;DEL02-DF;UOP01-DEL02-DF 
631630;"1415738   ";2024-09-30;segunda-feira;11:40:00;DF;"20   ";"11,4 ";BRASILIA;Sim;Manobra de mudança de faixa;1;Colisão traseira;Com Vítimas Feridas;Pleno dia;Decrescente;Céu Claro;Dupla;Reta;Sim  ;"1133299   ";Caminhão-trator;VW/19.320 CLC TT;"2010      ";Condutor;Ileso;"61   ";Masculino;"1 ";"0    ";"0    ";"0    ";-15.6448020;-47.7626300;SPRF-DF;DEL02-DF;UOP01-DEL02-DF 
631630;"1415737   ";2024-09-30;segunda-feira;11:40:00;DF;"20   ";"11,4 ";BRASILIA;Sim;Manobra de mudança de faixa;1;Colisão traseira;Com Vítimas Feridas;Pleno dia;Decrescente;Céu Claro;Dupla;Reta;Sim  ;"1133295   ";Utilitário;JEEP/RENEGADE THAWK AT D;"2021      ";Condutor;Lesões Leves;"40   ";Feminino;"0 ";"1    ";"0    ";"0    ";-15.6448020;-47.7626300;SPRF-DF;DEL02-DF;UOP01-DEL02-DF 
631703;"1415922   ";2024-09-30;segunda-feira;19:55:00;GO;"40   ";"7    ";VALPARAISO DE GOIAS;Sim;Ingestão de álcool pelo condutor;1;Atropelamento de Pedestre;Com Vítimas Feridas;Plena Noite;Decrescente;Céu Claro;Dupla;Reta;Sim  ;"1133440   ";Automóvel;VW/GOL 1.0;"2011      ";Condutor;Ileso;"65   ";Masculino;"1 ";"0    ";"0    ";"0    ";-16.1084820;-47.9725240;SPRF-DF;DEL01-DF;UOP01-DEL01-DF 
631703;"1415924   ";2024-09-30;segunda-feira;19:55:00;GO;"40   ";"7    ";VALPARAISO DE GOIAS;Sim;Ingestão de álcool pelo condutor;1;Atropelamento de Pedestre;Com Vítimas Feridas;Plena Noite;Decrescente;Céu Claro;Dupla;Reta;Sim  ;"0         ";"0";NA/NA;"0         ";Pedestre;Lesões Leves;"25   ";Masculino;"0 ";"1    ";"0    ";"0    ";-16.1084820;-47.9725240;SPRF-DF;DEL01-DF;UOP01-DEL01-DF 
631725;"1415985   ";2024-09-30;segunda-feira;20:16:00;DF;"80   ";"34   ";BRASILIA;Não;Ingestão de álcool pelo condutor;1;Atropelamento de Animal;Com Vítimas Fatais;Plena Noite;Crescente;Céu Claro;Simples;Aclive;Não  ;"1133497   ";Caminhão;VW/10.160 DRC 4X2;"2013      ";Condutor;Ileso;"54   ";Masculino;"1 ";"0    ";"0    ";"0    ";-15.5584770;-48.1959190;SPRF-DF;DEL03-DF;UOP02-DEL03-DF 
631725;"1415986   ";2024-09-30;segunda-feira;20:16:00;DF;"80   ";"34   ";BRASILIA;Não;Ingestão de álcool pelo condutor;1;Atropelamento de Animal;Com Vítimas Fatais;Plena Noite;Crescente;Céu Claro;Simples;Aclive;Não  ;"0         ";"0";NA/NA;"0         ";Cavaleiro;Óbito;"56   ";Masculino;"0 ";"0    ";"0    ";"1    ";-15.5584770;-48.1959190;SPRF-DF;DEL03-DF;UOP02-DEL03-DF 
631725;"1415985   ";2024-09-30;segunda-feira;20:16:00;DF;"80   ";"34   ";BRASILIA;Sim;Acessar a via sem observar a presença dos outros veículos;1;Atropelamento de Animal;Com Vítimas Fatais;Plena Noite;Crescente;Céu Claro;Simples;Aclive;Não  ;"1133497   ";Caminhão;VW/10.160 DRC 4X2;"2013      ";Condutor;Ileso;"54   ";Masculino;"1 ";"0    ";"0    ";"0    ";-15.5584770;-48.1959190;SPRF-DF;DEL03-DF;UOP02-DEL03-DF 
631725;"1415986   ";2024-09-30;segunda-feira;20:16:00;DF;"80   ";"34   ";BRASILIA;Sim;Acessar a via sem observar a presença dos outros veículos;1;Atropelamento de Animal;Com Vítimas Fatais;Plena Noite;Crescente;Céu Claro;Simples;Aclive;Não  ;"0         ";"0";NA/NA;"0         ";Cavaleiro;Óbito;"56   ";Masculino;"0 ";"0    ";"0    ";"1    ";-15.5584770;-48.1959190;SPRF-DF;DEL03-DF;UOP02-DEL03-DF 
631725;"1415985   ";2024-09-30;segunda-feira;20:16:00;DF;"80   ";"34   ";BRASILIA;Não;Iluminação deficiente;1;Atropelamento de Animal;Com Vítimas Fatais;Plena Noite;Crescente;Céu Claro;Simples;Aclive;Não  ;"1133497   ";Caminhão;VW/10.160 DRC 4X2;"2013      ";Condutor;Ileso;"54   ";Masculino;"1 ";"0    ";"0    ";"0    ";-15.5584770;-48.1959190;SPRF-DF;DEL03-DF;UOP02-DEL03-DF 
631725;"1415986   ";2024-09-30;segunda-feira;20:16:00;DF;"80   ";"34   ";BRASILIA;Não;Iluminação deficiente;1;Atropelamento de Animal;Com Vítimas Fatais;Plena Noite;Crescente;Céu Claro;Simples;Aclive;Não  ;"0         ";"0";NA/NA;"0         ";Cavaleiro;Óbito;"56   ";Masculino;"0 ";"0    ";"0    ";"1    ";-15.5584770;-48.1959190;SPRF-DF;DEL03-DF;UOP02-DEL03-DF 
631788;"1416074   ";2024-09-15;domingo;20:00:00;GO;"20   ";"15,9 ";FORMOSA;Sim;Acessar a via sem observar a presença dos outros veículos;1;Colisão transversal;Com Vítimas Feridas;Plena Noite;Decrescente;Céu Claro;Simples;Reta;Não  ;"1133576   ";Camioneta;MMC/PAJERO TR4;"2004      ";Condutor;Lesões Leves;"46   ";Masculino;"0 ";"1    ";"0    ";"0    ";-15.5623040;-47.2147536;SPRF-DF;DEL02-DF;UOP02-DEL02-DF 
631788;"1416073   ";2024-09-15;domingo;20:00:00;GO;"20   ";"15,9 ";FORMOSA;Sim;Acessar a via sem observar a presença dos outros veículos;1;Colisão transversal;Com Vítimas Feridas;Plena Noite;Decrescente;Céu Claro;Simples;Reta;Não  ;"1133576   ";Camioneta;MMC/PAJERO TR4;"2004      ";Passageiro;Ileso;"16   ";Masculino;"1 ";"0    ";"0    ";"0    ";-15.5623040;-47.2147536;SPRF-DF;DEL02-DF;UOP02-DEL02-DF 
631788;"1416072   ";2024-09-15;domingo;20:00:00;GO;"20   ";"15,9 ";FORMOSA;Sim;Acessar a via sem observar a presença dos outros veículos;1;Colisão transversal;Com Vítimas Feridas;Plena Noite;Decrescente;Céu Claro;Simples;Reta;Não  ;"1133576   ";Camioneta;MMC/PAJERO TR4;"2004      ";Passageiro;Lesões Leves;"41   ";Masculino;"0 ";"1    ";"0    ";"0    ";-15.5623040;-47.2147536;SPRF-DF;DEL02-DF;UOP02-DEL02-DF 
631788;"0         ";2024-09-15;domingo;20:00:00;GO;"20   ";"15,9 ";FORMOSA;Sim;Acessar a via sem observar a presença dos outros veículos;1;Colisão transversal;Com Vítimas Feridas;Plena Noite;Decrescente;Céu Claro;Simples;Reta;Não  ;"1133577   ";Semireboque;SR/GUERRA AG GR;"2012      ";"0";"0";"0    ";"0";"0 ";"0    ";"0    ";"0    ";-15.5623040;-47.2147536;SPRF-DF;DEL02-DF;UOP02-DEL02-DF 
631788;"1416071   ";2024-09-15;domingo;20:00:00;GO;"20   ";"15,9 ";FORMOSA;Sim;Acessar a via sem observar a presença dos outros veículos;1;Colisão transversal;Com Vítimas Feridas;Plena Noite;Decrescente;Céu Claro;Simples;Reta;Não  ;"1133575   ";Caminhão-trator;SCANIA/R 440 A6X2;"2016      ";Condutor;Ileso;"83   ";Masculino;"1 ";"0    ";"0    ";"0    ";-15.5623040;-47.2147536;SPRF-DF;DEL02-DF;UOP02-DEL02-DF 
631788;"1416074   ";2024-09-15;domingo;20:00:00;GO;"20   ";"15,9 ";FORMOSA;Não;Ingestão de álcool pelo condutor;1;Colisão transversal;Com Vítimas Feridas;Plena Noite;Decrescente;Céu Claro;Simples;Reta;Não  ;"1133576   ";Camioneta;MMC/PAJERO TR4;"2004      ";Condutor;Lesões Leves;"46   ";Masculino;"0 ";"1    ";"0    ";"0    ";-15.5623040;-47.2147536;SPRF-DF;DEL02-DF;UOP02-DEL02-DF 
631788;"1416073   ";2024-09-15;domingo;20:00:00;GO;"20   ";"15,9 ";FORMOSA;Não;Ingestão de álcool pelo condutor;1;Colisão transversal;Com Vítimas Feridas;Plena Noite;Decrescente;Céu Claro;Simples;Reta;Não  ;"1133576   ";Camioneta;MMC/PAJERO TR4;"2004      ";Passageiro;Ileso;"16   ";Masculino;"1 ";"0    ";"0    ";"0    ";-15.5623040;-47.2147536;SPRF-DF;DEL02-DF;UOP02-DEL02-DF 
631788;"1416072   ";2024-09-15;domingo;20:00:00;GO;"20   ";"15,9 ";FORMOSA;Não;Ingestão de álcool pelo condutor;1;Colisão transversal;Com Vítimas Feridas;Plena Noite;Decrescente;Céu Claro;Simples;Reta;Não  ;"1133576   ";Camioneta;MMC/PAJERO TR4;"2004      ";Passageiro;Lesões Leves;"41   ";Masculino;"0 ";"1    ";"0    ";"0    ";-15.5623040;-47.2147536;SPRF-DF;DEL02-DF;UOP02-DEL02-DF 
631788;"0         ";2024-09-15;domingo;20:00:00;GO;"20   ";"15,9 ";FORMOSA;Não;Ingestão de álcool pelo condutor;1;Colisão transversal;Com Vítimas Feridas;Plena Noite;Decrescente;Céu Claro;Simples;Reta;Não  ;"1133577   ";Semireboque;SR/GUERRA AG GR;"2012      ";"0";"0";"0    ";"0";"0 ";"0    ";"0    ";"0    ";-15.5623040;-47.2147536;SPRF-DF;DEL02-DF;UOP02-DEL02-DF 
631788;"1416071   ";2024-09-15;domingo;20:00:00;GO;"20   ";"15,9 ";FORMOSA;Não;Ingestão de álcool pelo condutor;1;Colisão transversal;Com Vítimas Feridas;Plena Noite;Decrescente;Céu Claro;Simples;Reta;Não  ;"1133575   ";Caminhão-trator;SCANIA/R 440 A6X2;"2016      ";Condutor;Ileso;"83   ";Masculino;"1 ";"0    ";"0    ";"0    ";-15.5623040;-47.2147536;SPRF-DF;DEL02-DF;UOP02-DEL02-DF 
631788;"1416074   ";2024-09-15;domingo;20:00:00;GO;"20   ";"15,9 ";FORMOSA;Não;Velocidade Incompatível;1;Colisão transversal;Com Vítimas Feridas;Plena Noite;Decrescente;Céu Claro;Simples;Reta;Não  ;"1133576   ";Camioneta;MMC/PAJERO TR4;"2004      ";Condutor;Lesões Leves;"46   ";Masculino;"0 ";"1    ";"0    ";"0    ";-15.5623040;-47.2147536;SPRF-DF;DEL02-DF;UOP02-DEL02-DF 
631788;"1416073   ";2024-09-15;domingo;20:00:00;GO;"20   ";"15,9 ";FORMOSA;Não;Velocidade Incompatível;1;Colisão transversal;Com Vítimas Feridas;Plena Noite;Decrescente;Céu Claro;Simples;Reta;Não  ;"1133576   ";Camioneta;MMC/PAJERO TR4;"2004      ";Passageiro;Ileso;"16   ";Masculino;"1 ";"0    ";"0    ";"0    ";-15.5623040;-47.2147536;SPRF-DF;DEL02-DF;UOP02-DEL02-DF 
631788;"1416072   ";2024-09-15;domingo;20:00:00;GO;"20   ";"15,9 ";FORMOSA;Não;Velocidade Incompatível;1;Colisão transversal;Com Vítimas Feridas;Plena Noite;Decrescente;Céu Claro;Simples;Reta;Não  ;"1133576   ";Camioneta;MMC/PAJERO TR4;"2004      ";Passageiro;Lesões Leves;"41   ";Masculino;"0 ";"1    ";"0    ";"0    ";-15.5623040;-47.2147536;SPRF-DF;DEL02-DF;UOP02-DEL02-DF 