id;pesid;data_inversa;dia_semana;horario;uf;br;km;municipio;causa_principal;causa_acidente;ordem_tipo_acidente;tipo_acidente;classificacao_acidente;fase_dia;sentido_via;condicao_metereologica;tipo_pista;tracado_via;uso_solo;id_veiculo;tipo_veiculo;marca;ano_fabricacao_veiculo;tipo_envolvido;estado_fisico;idade;sexo;ilesos;feridos_leves;feridos_graves;mortos;latitude;longitude;regional;delegacia;uop
631989;"1416546   ";2024-10-02;quarta-feira;07:50:00;DF;"40   ";"5,4  ";BRASILIA;Sim;Manobra de mudança de faixa;2;Colisão traseira;Com Vítimas Feridas;Pleno dia;Decrescente;Sol;Dupla;Reta;Sim  ;"1133954   ";Automóvel;VW/VOYAGE MPI;"2022      ";Condutor;Ileso;"32   ";Masculino;"1 ";"0    ";"0    ";"0    ";-16.0209030;-47.9805410;SPRF-DF;DEL01-DF;UOP01-DEL01-DF 
631989;"1416545   ";2024-10-02;quarta-feira;07:50:00;DF;"40   ";"5,4  ";BRASILIA;Sim;Manobra de mudança de faixa;2;Colisão traseira;Com Vítimas Feridas;Pleno dia;Decrescente;Sol;Dupla;Reta;Sim  ;"1133952   ";Automóvel;TOYOTA/COROLLA ALTIS20FX;"2012      ";Condutor;Ileso;"31   ";Masculino;"1 ";"0    ";"0    ";"0    ";-16.0209030;-47.9805410;SPRF-DF;DEL01-DF;UOP01-DEL01-DF 
631989;"1416550   ";2024-10-02;quarta-feira;07:50:00;DF;"40   ";"5,4  ";BRASILIA;Sim;Manobra de mudança de faixa;2;Colisão traseira;Com Vítimas Feridas;Pleno dia;Decrescente;Sol;Dupla;Reta;Sim  ;"1133952   ";Automóvel;TOYOTA/COROLLA ALTIS20FX;"2012      ";Passageiro;Ileso;"29   ";Masculino;"1 ";"0    ";"0    ";"0    ";-16.0209030;-47.9805410;SPRF-DF;DEL01-DF;UOP01-DEL01-DF 
631994;"1416594   ";2024-10-02;quarta-feira;08:00:00;DF;"20   ";"54   ";BRASILIA;Sim;Reação tardia ou ineficiente do condutor;2;Capotamento;Com Vítimas Feridas;Pleno dia;Crescente;Céu Claro;Dupla;Curva;Não  ;"1133995   ";Automóvel;VW/FOX 1.0;"2007      ";Condutor;Lesões Leves;"20   ";Masculino;"0 ";"1    ";"0    ";"0    ";-15.5781540;-47.3848610;SPRF-DF;DEL02-DF;UOP01-DEL02-DF 
631994;"1416594   ";2024-10-02;quarta-feira;08:00:00;DF;"20   ";"54   ";BRASILIA;Sim;Reação tardia ou ineficiente do condutor;1;Saída de leito carroçável;Com Vítimas Feridas;Pleno dia;Crescente;Céu Claro;Dupla;Curva;Não  ;"1133995   ";Automóvel;VW/FOX 1.0;"2007      ";Condutor;Lesões Leves;"20   ";Masculino;"0 ";"1    ";"0    ";"0    ";-15.5781540;-47.3848610;SPRF-DF;DEL02-DF;UOP01-DEL02-DF 
632062;"1416871   ";2024-10-02;quarta-feira;14:00:00;DF;"20   ";"6    ";BRASILIA;Sim;Reação tardia ou ineficiente do condutor;1;Colisão com objeto;Com Vítimas Feridas;Pleno dia;Decrescente;Céu Claro;Simples;"Reta;Declive";Sim  ;"1134251   ";Automóvel;FIAT/UNO MILLE WAY ECON;"2011      ";Condutor;Lesões Leves;"30   ";Masculino;"0 ";"1    ";"0    ";"0    ";-15.6658880;-47.8083080;SPRF-DF;DEL02-DF;UOP01-DEL02-DF 
632062;"1418760   ";2024-10-02;quarta-feira;14:00:00;DF;"20   ";"6    ";BRASILIA;Sim;Reação tardia ou ineficiente do condutor;1;Colisão com objeto;Com Vítimas Feridas;Pleno dia;Decrescente;Céu Claro;Simples;"Reta;Declive";Sim  ;"1134251   ";Automóvel;FIAT/UNO MILLE WAY ECON;"2011      ";Passageiro;Lesões Leves;"20   ";Masculino;"0 ";"1    ";"0    ";"0    ";-15.6658880;-47.8083080;SPRF-DF;DEL02-DF;UOP01-DEL02-DF 
632073;"1416740   ";2024-08-14;quarta-feira;07:30:00;GO;"70   ";"1    ";AGUAS LINDAS DE GOIAS;Sim;Demais falhas mecânicas ou elétricas;1;Colisão lateral mesmo sentido;Com Vítimas Feridas;Pleno dia;Decrescente;Céu Claro;Dupla;Curva;Sim  ;"1134124   ";Motocicleta;HONDA/CG 125 FAN;"0         ";Condutor;Lesões Leves;"22   ";Masculino;"0 ";"1    ";"0    ";"0    ";-15.7757935;-48.2325900;SPRF-DF;DEL03-DF;UOP02-DEL03-DF 
632073;"1416741   ";2024-08-14;quarta-feira;07:30:00;GO;"70   ";"1    ";AGUAS LINDAS DE GOIAS;Sim;Demais falhas mecânicas ou elétricas;1;Colisão lateral mesmo sentido;Com Vítimas Feridas;Pleno dia;Decrescente;Céu Claro;Dupla;Curva;Sim  ;"1134125   ";Motocicleta;HONDA/CB250F TWISTER ABS;"0         ";Condutor;Lesões Graves;"26   ";Masculino;"0 ";"0    ";"1    ";"0    ";-15.7757935;-48.2325900;SPRF-DF;DEL03-DF;UOP02-DEL03-DF 
632080;"1418785   ";2024-10-02;quarta-feira;15:43:00;GO;"40   ";"2    ";VALPARAISO DE GOIAS;Sim;Frear bruscamente;1;Colisão traseira;Com Vítimas Feridas;Pleno dia;Crescente;Céu Claro;Dupla;Reta;Sim  ;"1135785   ";Motocicleta;HONDA/CG 160 START;"2024      ";Condutor;Lesões Leves;"20   ";Masculino;"0 ";"1    ";"0    ";"0    ";-16.0671290;-47.9842350;SPRF-DF;DEL01-DF;UOP01-DEL01-DF 
632080;"1418783   ";2024-10-02;quarta-feira;15:43:00;GO;"40   ";"2    ";VALPARAISO DE GOIAS;Sim;Frear bruscamente;1;Colisão traseira;Com Vítimas Feridas;Pleno dia;Crescente;Céu Claro;Dupla;Reta;Sim  ;"1135784   ";Camioneta;RENAULT/DUSTER 16 D CVT;"2019      ";Condutor;Ileso;"57   ";Masculino;"1 ";"0    ";"0    ";"0    ";-16.0671290;-47.9842350;SPRF-DF;DEL01-DF;UOP01-DEL01-DF 
632120;"1416980   ";2024-07-15;segunda-feira;18:20:00;GO;"20   ";"16   ";FORMOSA;Não;Acessar a via sem observar a presença dos outros veículos;1;Colisão frontal;Com Vítimas Feridas;Pleno dia;Decrescente;Céu Claro;Simples;Reta;Não  ;"1134221   ";Automóvel;Não Informado/Não Informado;"0         ";Condutor;Não Informado;"0    ";Não Informado;"0 ";"0    ";"0    ";"0    ";-15.5624700;-47.2150340;SPRF-DF;DEL02-DF;UOP02-DEL02-DF 
632120;"0         ";2024-07-15;segunda-feira;18:20:00;GO;"20   ";"16   ";FORMOSA;Não;Acessar a via sem observar a presença dos outros veículos;1;Colisão frontal;Com Vítimas Feridas;Pleno dia;Decrescente;Céu Claro;Simples;Reta;Não  ;"1134218   ";Semireboque;SR/GUERRA AG GR;"2013      ";"0";"0";"0    ";"0";"0 ";"0    ";"0    ";"0    ";-15.5624700;-47.2150340;SPRF-DF;DEL02-DF;UOP02-DEL02-DF 
632120;"0         ";2024-07-15;segunda-feira;18:20:00;GO;"20   ";"16   ";FORMOSA;Não;Acessar a via sem observar a presença dos outros veículos;1;Colisão frontal;Com Vítimas Feridas;Pleno dia;Decrescente;Céu Claro;Simples;Reta;Não  ;"1134217   ";Reboque;R/GUERRA AG DL;"2013      ";"0";"0";"0    ";"0";"0 ";"0    ";"0    ";"0    ";-15.5624700;-47.2150340;SPRF-DF;DEL02-DF;UOP02-DEL02-DF 
632120;"0         ";2024-07-15;segunda-feira;18:20:00;GO;"20   ";"16   ";FORMOSA;Não;Acessar a via sem observar a presença dos outros veículos;1;Colisão frontal;Com Vítimas Feridas;Pleno dia;Decrescente;Céu Claro;Simples;Reta;Não  ;"1134216   ";Semireboque;SR/GUERRA AG GR;"2013      ";"0";"0";"0    ";"0";"0 ";"0    ";"0    ";"0    ";-15.5624700;-47.2150340;SPRF-DF;DEL02-DF;UOP02-DEL02-DF 
632120;"0         ";2024-07-15;segunda-feira;18:20:00;GO;"20   ";"16   ";FORMOSA;Não;Acessar a via sem observar a presença dos outros veículos;1;Colisão frontal;Com Vítimas Feridas;Pleno dia;Decrescente;Céu Claro;Simples;Reta;Não  ;"1134215   ";Semireboque;SR/RANDON SR BA RTD2E;"2022      ";"0";"0";"0    ";"0";"0 ";"0    ";"0    ";"0    ";-15.5624700;-47.2150340;SPRF-DF;DEL02-DF;UOP02-DEL02-DF 
632120;"0         ";2024-07-15;segunda-feira;18:20:00;GO;"20   ";"16   ";FORMOSA;Não;Acessar a via sem observar a presença dos outros veículos;1;Colisão frontal;Com Vítimas Feridas;Pleno dia;Decrescente;Céu Claro;Simples;Reta;Não  ;"1134214   ";Reboque;R/RANDON RE DL 2E;"2022      ";"0";"0";"0    ";"0";"0 ";"0    ";"0    ";"0    ";-15.5624700;-47.2150340;SPRF-DF;DEL02-DF;UOP02-DEL02-DF 
632120;"0         ";2024-07-15;segunda-feira;18:20:00;GO;"20   ";"16   ";FORMOSA;Não;Acessar a via sem observar a presença dos outros veículos;1;Colisão frontal;Com Vítimas Feridas;Pleno dia;Decrescente;Céu Claro;Simples;Reta;Não  ;"1134213   ";Semireboque;R/RANDON SR BA;"2022      ";"0";"0";"0    ";"0";"0 ";"0    ";"0    ";"0    ";-15.5624700;-47.2150340;SPRF-DF;DEL02-DF;UOP02-DEL02-DF 
632120;"1416836   ";2024-07-15;segunda-feira;18:20:00;GO;"20   ";"16   ";FORMOSA;Não;Acessar a via sem observar a presença dos outros veículos;1;Colisão frontal;Com Vítimas Feridas;Pleno dia;Decrescente;Céu Claro;Simples;Reta;Não  ;"1134212   ";Caminhão-trator;SCANIA/R 440 A6X4;"2015      ";Condutor;Lesões Graves;"58   ";Masculino;"0 ";"0    ";"1    ";"0    ";-15.5624700;-47.2150340;SPRF-DF;DEL02-DF;UOP02-DEL02-DF 
632120;"1416835   ";2024-07-15;segunda-feira;18:20:00;GO;"20   ";"16   ";FORMOSA;Não;Acessar a via sem observar a presença dos outros veículos;1;Colisão frontal;Com Vítimas Feridas;Pleno dia;Decrescente;Céu Claro;Simples;Reta;Não  ;"1134211   ";Caminhão-trator;VOLVO/FH 540 6X4T;"2019      ";Condutor;Lesões Graves;"48   ";Masculino;"0 ";"0    ";"1    ";"0    ";-15.5624700;-47.2150340;SPRF-DF;DEL02-DF;UOP02-DEL02-DF 
632120;"1416980   ";2024-07-15;segunda-feira;18:20:00;GO;"20   ";"16   ";FORMOSA;Não;Transitar na contramão;1;Colisão frontal;Com Vítimas Feridas;Pleno dia;Decrescente;Céu Claro;Simples;Reta;Não  ;"1134221   ";Automóvel;Não Informado/Não Informado;"0         ";Condutor;Não Informado;"0    ";Não Informado;"0 ";"0    ";"0    ";"0    ";-15.5624700;-47.2150340;SPRF-DF;DEL02-DF;UOP02-DEL02-DF 
632120;"0         ";2024-07-15;segunda-feira;18:20:00;GO;"20   ";"16   ";FORMOSA;Não;Transitar na contramão;1;Colisão frontal;Com Vítimas Feridas;Pleno dia;Decrescente;Céu Claro;Simples;Reta;Não  ;"1134218   ";Semireboque;SR/GUERRA AG GR;"2013      ";"0";"0";"0    ";"0";"0 ";"0    ";"0    ";"0    ";-15.5624700;-47.2150340;SPRF-DF;DEL02-DF;UOP02-DEL02-DF 
632120;"0         ";2024-07-15;segunda-feira;18:20:00;GO;"20   ";"16   ";FORMOSA;Não;Transitar na contramão;1;Colisão frontal;Com Vítimas Feridas;Pleno dia;Decrescente;Céu Claro;Simples;Reta;Não  ;"1134217   ";Reboque;R/GUERRA AG DL;"2013      ";"0";"0";"0    ";"0";"0 ";"0    ";"0    ";"0    ";-15.5624700;-47.2150340;SPRF-DF;DEL02-DF;UOP02-DEL02-DF 
632120;"0         ";2024-07-15;segunda-feira;18:20:00;GO;"20   ";"16   ";FORMOSA;Não;Transitar na contramão;1;Colisão frontal;Com Vítimas Feridas;Pleno dia;Decrescente;Céu Claro;Simples;Reta;Não  ;"1134216   ";Semireboque;SR/GUERRA AG GR;"2013      ";"0";"0";"0    ";"0";"0 ";"0    ";"0    ";"0    ";-15.5624700;-47.2150340;SPRF-DF;DEL02-DF;UOP02-DEL02-DF 
632120;"0         ";2024-07-15;segunda-feira;18:20:00;GO;"20   ";"16   ";FORMOSA;Não;Transitar na contramão;1;Colisão frontal;Com Vítimas Feridas;Pleno dia;Decrescente;Céu Claro;Simples;Reta;Não  ;"1134215   ";Semireboque;SR/RANDON SR BA RTD2E;"2022      ";"0";"0";"0    ";"0";"0 ";"0    ";"0    ";"0    ";-15.5624700;-47.2150340;SPRF-DF;DEL02-DF;UOP02-DEL02-DF 
632120;"0         ";2024-07-15;segunda-feira;18:20:00;GO;"20   ";"16   ";FORMOSA;Não;Transitar na contramão;1;Colisão frontal;Com Vítimas Feridas;Pleno dia;Decrescente;Céu Claro;Simples;Reta;Não  ;"1134214   ";Reboque;R/RANDON RE DL 2E;"2022      ";"0";"0";"0    ";"0";"0 ";"0    ";"0    ";"0    ";-15.5624700;-47.2150340;SPRF-DF;DEL02-DF;UOP02-DEL02-DF 
632120;"0         ";2024-07-15;segunda-feira;18:20:00;GO;"20   ";"16   ";FORMOSA;Não;Transitar na contramão;1;Colisão frontal;Com Vítimas Feridas;Pleno dia;Decrescente;Céu Claro;Simples;Reta;Não  ;"1134213   ";Semireboque;R/RANDON SR BA;"2022      ";"0";"0";"0    ";"0";"0 ";"0    ";"0    ";"0    ";-15.5624700;-47.2150340;SPRF-DF;DEL02-DF;UOP02-DEL02-DF 
632120;"1416836   ";2024-07-15;segunda-feira;18:20:00;GO;"20   ";"16   ";FORMOSA;Não;Transitar na contramão;1;Colisão frontal;Com Vítimas Feridas;Pleno dia;Decrescente;Céu Claro;Simples;Reta;Não  ;"1134212   ";Caminhão-trator;SCANIA/R 440 A6X4;"2015      ";Condutor;Lesões Graves;"58   ";Masculino;"0 ";"0    ";"1    ";"0    ";-15.5624700;-47.2150340;SPRF-DF;DEL02-DF;UOP02-DEL02-DF 
632120;"1416835   ";2024-07-15;segunda-feira;18:20:00;GO;"20   ";"16   ";FORMOSA;Não;Transitar na contramão;1;Colisão frontal;Com Vítimas Feridas;Pleno dia;Decrescente;Céu Claro;Simples;Reta;Não  ;"1134211   ";Caminhão-trator;VOLVO/FH 540 6X4T;"2019      ";Condutor;Lesões Graves;"48   ";Masculino;"0 ";"0    ";"1    ";"0    ";-15.5624700;-47.2150340;SPRF-DF;DEL02-DF;UOP02-DEL02-DF 
632120;"1416980   ";2024-07-15;segunda-feira;18:20:00;GO;"20   ";"16   ";FORMOSA;Sim;Reação tardia ou ineficiente do condutor;1;Colisão frontal;Com Vítimas Feridas;Pleno dia;Decrescente;Céu Claro;Simples;Reta;Não  ;"1134221   ";Automóvel;Não Informado/Não Informado;"0         ";Condutor;Não Informado;"0    ";Não Informado;"0 ";"0    ";"0    ";"0    ";-15.5624700;-47.2150340;SPRF-DF;DEL02-DF;UOP02-DEL02-DF 
632120;"0         ";2024-07-15;segunda-feira;18:20:00;GO;"20   ";"16   ";FORMOSA;Sim;Reação tardia ou ineficiente do condutor;1;Colisão frontal;Com Vítimas Feridas;Pleno dia;Decrescente;Céu Claro;Simples;Reta;Não  ;"1134218   ";Semireboque;SR/GUERRA AG GR;"2013      ";"0";"0";"0    ";"0";"0 ";"0    ";"0    ";"0    ";-15.5624700;-47.2150340;SPRF-DF;DEL02-DF;UOP02-DEL02-DF 
632120;"0         ";2024-07-15;segunda-feira;18:20:00;GO;"20   ";"16   ";FORMOSA;Sim;Reação tardia ou ineficiente do condutor;1;Colisão frontal;Com Vítimas Feridas;Pleno dia;Decrescente;Céu Claro;Simples;Reta;Não  ;"1134217   ";Reboque;R/GUERRA AG DL;"2013      ";"0";"0";"0    ";"0";"0 ";"0    ";"0    ";"0    ";-15.5624700;-47.2150340;SPRF-DF;DEL02-DF;UOP02-DEL02-DF 
632120;"0         ";2024-07-15;segunda-feira;18:20:00;GO;"20   ";"16   ";FORMOSA;Sim;Reação tardia ou ineficiente do condutor;1;Colisão frontal;Com Vítimas Feridas;Pleno dia;Decrescente;Céu Claro;Simples;Reta;Não  ;"1134216   ";Semireboque;SR/GUERRA AG GR;"2013      ";"0";"0";"0    ";"0";"0 ";"0    ";"0    ";"0    ";-15.5624700;-47.2150340;SPRF-DF;DEL02-DF;UOP02-DEL02-DF 
632120;"0         ";2024-07-15;segunda-feira;18:20:00;GO;"20   ";"16   ";FORMOSA;Sim;Reação tardia ou ineficiente do condutor;1;Colisão frontal;Com Vítimas Feridas;Pleno dia;Decrescente;Céu Claro;Simples;Reta;Não  ;"1134215   ";Semireboque;SR/RANDON SR BA RTD2E;"2022      ";"0";"0";"0    ";"0";"0 ";"0    ";"0    ";"0    ";-15.5624700;-47.2150340;SPRF-DF;DEL02-DF;UOP02-DEL02-DF 
632120;"0         ";2024-07-15;segunda-feira;18:20:00;GO;"20   ";"16   ";FORMOSA;Sim;Reação tardia ou ineficiente do condutor;1;Colisão frontal;Com Vítimas Feridas;Pleno dia;Decrescente;Céu Claro;Simples;Reta;Não  ;"1134214   ";Reboque;R/RANDON RE DL 2E;"2022      ";"0";"0";"0    ";"0";"0 ";"0    ";"0    ";"0    ";-15.5624700;-47.2150340;SPRF-DF;DEL02-DF;UOP02-DEL02-DF 
632120;"0         ";2024-07-15;segunda-feira;18:20:00;GO;"20   ";"16   ";FORMOSA;Sim;Reação tardia ou ineficiente do condutor;1;Colisão frontal;Com Vítimas Feridas;Pleno dia;Decrescente;Céu Claro;Simples;Reta;Não  ;"1134213   ";Semireboque;R/RANDON SR BA;"2022      ";"0";"0";"0    ";"0";"0 ";"0    ";"0    ";"0    ";-15.5624700;-47.2150340;SPRF-DF;DEL02-DF;UOP02-DEL02-DF 
632120;"1416836   ";2024-07-15;segunda-feira;18:20:00;GO;"20   ";"16   ";FORMOSA;Sim;Reação tardia ou ineficiente do condutor;1;Colisão frontal;Com Vítimas Feridas;Pleno dia;Decrescente;Céu Claro;Simples;Reta;Não  ;"1134212   ";Caminhão-trator;SCANIA/R 440 A6X4;"2015      ";Condutor;Lesões Graves;"58   ";Masculino;"0 ";"0    ";"1    ";"0    ";-15.5624700;-47.2150340;SPRF-DF;DEL02-DF;UOP02-DEL02-DF 
632120;"1416835   ";2024-07-15;segunda-feira;18:20:00;GO;"20   ";"16   ";FORMOSA;Sim;Reação tardia ou ineficiente do condutor;1;Colisão frontal;Com Vítimas Feridas;Pleno dia;Decrescente;Céu Claro;Simples;Reta;Não  ;"1134211   ";Caminhão-trator;VOLVO/FH 540 6X4T;"2019      ";Condutor;Lesões Graves;"48   ";Masculino;"0 ";"0    ";"1    ";"0    ";-15.5624700;-47.2150340;SPRF-DF;DEL02-DF;UOP02-DEL02-DF 
632133;"1416960   ";2024-10-02;quarta-feira;18:30:00;DF;"40   ";"3,8  ";BRASILIA;Sim;Transitar no Acostamento;1;Atropelamento de Pedestre;Com Vítimas Feridas;Plena Noite;Crescente;Céu Claro;Dupla;Reta;Sim  ;"1134313   ";Automóvel;PEUGEOT/206 14 PRESENC;"2005      ";Condutor;Ileso;"42   ";Masculino;"1 ";"0    ";"0    ";"0    ";-16.0247988;-47.9798806;SPRF-DF;DEL01-DF;UOP01-DEL01-DF 
632133;"1416964   ";2024-10-02;quarta-feira;18:30:00;DF;"40   ";"3,8  ";BRASILIA;Sim;Transitar no Acostamento;1;Atropelamento de Pedestre;Com Vítimas Feridas;Plena Noite;Crescente;Céu Claro;Dupla;Reta;Sim  ;"0         ";"0";NA/NA;"0         ";Testemunha;Não Informado;"0    ";Não Informado;"0 ";"0    ";"0    ";"0    ";-16.0247988;-47.9798806;SPRF-DF;DEL01-DF;UOP01-DEL01-DF 
632133;"1416963   ";2024-10-02;quarta-feira;18:30:00;DF;"40   ";"3,8  ";BRASILIA;Sim;Transitar no Acostamento;1;Atropelamento de Pedestre;Com Vítimas Feridas;Plena Noite;Crescente;Céu Claro;Dupla;Reta;Sim  ;"0         ";"0";NA/NA;"0         ";Testemunha;Não Informado;"0    ";Não Informado;"0 ";"0    ";"0    ";"0    ";-16.0247988;-47.9798806;SPRF-DF;DEL01-DF;UOP01-DEL01-DF 
632133;"1416961   ";2024-10-02;quarta-feira;18:30:00;DF;"40   ";"3,8  ";BRASILIA;Sim;Transitar no Acostamento;1;Atropelamento de Pedestre;Com Vítimas Feridas;Plena Noite;Crescente;Céu Claro;Dupla;Reta;Sim  ;"0         ";"0";NA/NA;"0         ";Pedestre;Lesões Graves;"54   ";Feminino;"0 ";"0    ";"1    ";"0    ";-16.0247988;-47.9798806;SPRF-DF;DEL01-DF;UOP01-DEL01-DF 
632145;"1417069   ";2024-10-02;quarta-feira;19:30:00;GO;"40   ";"14   ";LUZIANIA;Sim;Ausência de reação do condutor;2;Tombamento;Com Vítimas Feridas;Plena Noite;Decrescente;Céu Claro;Dupla;Reta;Sim  ;"1134403   ";Motocicleta;HONDA/CB 300R;"2015      ";Condutor;Lesões Leves;"37   ";Masculino;"0 ";"1    ";"0    ";"0    ";-16.1709480;-47.9297330;SPRF-DF;DEL01-DF;UOP01-DEL01-DF 
632145;"1417069   ";2024-10-02;quarta-feira;19:30:00;GO;"40   ";"14   ";LUZIANIA;Sim;Ausência de reação do condutor;1;Saída de leito carroçável;Com Vítimas Feridas;Plena Noite;Decrescente;Céu Claro;Dupla;Reta;Sim  ;"1134403   ";Motocicleta;HONDA/CB 300R;"2015      ";Condutor;Lesões Leves;"37   ";Masculino;"0 ";"1    ";"0    ";"0    ";-16.1709480;-47.9297330;SPRF-DF;DEL01-DF;UOP01-DEL01-DF 
632173;"1417090   ";2024-10-02;quarta-feira;20:00:00;GO;"80   ";"64   ";PADRE BERNARDO;Sim;Iluminação deficiente;2;Saída de leito carroçável;Com Vítimas Feridas;Plena Noite;Decrescente;Céu Claro;Simples;"Reta;Declive";Não  ;"1134421   ";Automóvel;I/RENAULT CLIO EXP1016VH;"2014      ";Condutor;Ileso;"24   ";Masculino;"1 ";"0    ";"0    ";"0    ";-15.1881760;-48.4342250;SPRF-DF;DEL03-DF;UOP02-DEL03-DF 
632173;"1417091   ";2024-10-02;quarta-feira;20:00:00;GO;"80   ";"64   ";PADRE BERNARDO;Sim;Iluminação deficiente;2;Saída de leito carroçável;Com Vítimas Feridas;Plena Noite;Decrescente;Céu Claro;Simples;"Reta;Declive";Não  ;"1134422   ";Motoneta;SUNDOWN/WEB 100 EVO;"2006      ";Condutor;Lesões Leves;"34   ";Masculino;"0 ";"1    ";"0    ";"0    ";-15.1881760;-48.4342250;SPRF-DF;DEL03-DF;UOP02-DEL03-DF 
632173;"1417090   ";2024-10-02;quarta-feira;20:00:00;GO;"80   ";"64   ";PADRE BERNARDO;Sim;Iluminação deficiente;1;Colisão traseira;Com Vítimas Feridas;Plena Noite;Decrescente;Céu Claro;Simples;"Reta;Declive";Não  ;"1134421   ";Automóvel;I/RENAULT CLIO EXP1016VH;"2014      ";Condutor;Ileso;"24   ";Masculino;"1 ";"0    ";"0    ";"0    ";-15.1881760;-48.4342250;SPRF-DF;DEL03-DF;UOP02-DEL03-DF 
632173;"1417091   ";2024-10-02;quarta-feira;20:00:00;GO;"80   ";"64   ";PADRE BERNARDO;Sim;Iluminação deficiente;1;Colisão traseira;Com Vítimas Feridas;Plena Noite;Decrescente;Céu Claro;Simples;"Reta;Declive";Não  ;"1134422   ";Motoneta;SUNDOWN/WEB 100 EVO;"2006      ";Condutor;Lesões Leves;"34   ";Masculino;"0 ";"1    ";"0    ";"0    ";-15.1881760;-48.4342250;SPRF-DF;DEL03-DF;UOP02-DEL03-DF 
632203;"1420256   ";2024-10-03;quinta-feira;07:50:00;GO;"40   ";"18   ";LUZIANIA;Sim;Ausência de sinalização;1;Colisão lateral mesmo sentido;Sem Vítimas;Pleno dia;Crescente;Céu Claro;Dupla;Reta;Sim  ;"1134747   ";Automóvel;I/RENAULT FLUENCE DYN20M;"2013      ";Passageiro;Ileso;"53   ";Masculino;"1 ";"0    ";"0    ";"0    ";-16.1934900;-47.9255750;SPRF-DF;DEL01-DF;UOP01-DEL01-DF 
632203;"1417504   ";2024-10-03;quinta-feira;07:50:00;GO;"40   ";"18   ";LUZIANIA;Sim;Ausência de sinalização;1;Colisão lateral mesmo sentido;Sem Vítimas;Pleno dia;Crescente;Céu Claro;Dupla;Reta;Sim  ;"1134747   ";Automóvel;I/RENAULT FLUENCE DYN20M;"2013      ";Condutor;Ileso;"56   ";Masculino;"1 ";"0    ";"0    ";"0    ";-16.1934900;-47.9255750;SPRF-DF;DEL01-DF;UOP01-DEL01-DF 
632203;"1420252   ";2024-10-03;quinta-feira;07:50:00;GO;"40   ";"18   ";LUZIANIA;Sim;Ausência de sinalização;1;Colisão lateral mesmo sentido;Sem Vítimas;Pleno dia;Crescente;Céu Claro;Dupla;Reta;Sim  ;"1136924   ";Caminhão;VW/11.180 DRC 4X2;"2019      ";Condutor;Ileso;"39   ";Masculino;"1 ";"0    ";"0    ";"0    ";-16.1934900;-47.9255750;SPRF-DF;DEL01-DF;UOP01-DEL01-DF 
632285;"1417589   ";2024-10-03;quinta-feira;14:15:00;GO;"70   ";"9    ";AGUAS LINDAS DE GOIAS;Não;Condutor deixou de manter distância do veículo da frente;1;Colisão traseira;Com Vítimas Feridas;Pleno dia;Crescente;Céu Claro;Dupla;Reta;Sim  ;"1134810   ";Automóvel;FIAT/FASTBACK AUDACE;"2023      ";Condutor;Lesões Leves;"46   ";Masculino;"0 ";"1    ";"0    ";"0    ";-15.7357673;-48.2828805;SPRF-DF;DEL03-DF;UOP02-DEL03-DF 
632285;"1417591   ";2024-10-03;quinta-feira;14:15:00;GO;"70   ";"9    ";AGUAS LINDAS DE GOIAS;Não;Condutor deixou de manter distância do veículo da frente;1;Colisão traseira;Com Vítimas Feridas;Pleno dia;Crescente;Céu Claro;Dupla;Reta;Sim  ;"1134811   ";Automóvel;HYUNDAI/HB20S 10M VISION;"2021      ";Condutor;Lesões Leves;"72   ";Masculino;"0 ";"1    ";"0    ";"0    ";-15.7357673;-48.2828805;SPRF-DF;DEL03-DF;UOP02-DEL03-DF 
632285;"1417589   ";2024-10-03;quinta-feira;14:15:00;GO;"70   ";"9    ";AGUAS LINDAS DE GOIAS;Sim;Ausência de reação do condutor;1;Colisão traseira;Com Vítimas Feridas;Pleno dia;Crescente;Céu Claro;Dupla;Reta;Sim  ;"1134810   ";Automóvel;FIAT/FASTBACK AUDACE;"2023      ";Condutor;Lesões Leves;"46   ";Masculino;"0 ";"1    ";"0    ";"0    ";-15.7357673;-48.2828805;SPRF-DF;DEL03-DF;UOP02-DEL03-DF 
632285;"1417591   ";2024-10-03;quinta-feira;14:15:00;GO;"70   ";"9    ";AGUAS LINDAS DE GOIAS;Sim;Ausência de reação do condutor;1;Colisão traseira;Com Vítimas Feridas;Pleno dia;Crescente;Céu Claro;Dupla;Reta;Sim  ;"1134811   ";Automóvel;HYUNDAI/HB20S 10M VISION;"2021      ";Condutor;Lesões Leves;"72   ";Masculino;"0 ";"1    ";"0    ";"0    ";-15.7357673;-48.2828805;SPRF-DF;DEL03-DF;UOP02-DEL03-DF 
632300;"0         ";2024-06-12;quarta-feira;13:40:00;GO;"80   ";"137,7";BARRO ALTO;Sim;Transitar na contramão;3;Capotamento;Com Vítimas Fatais;Pleno dia;Decrescente;Céu Claro;Simples;"Curva;Aclive";Não  ;"1134578   ";Semireboque;SR/RANDON SR FG CG 3E;"2020      ";"0";"0";"0    ";"0";"0 ";"0    ";"0    ";"0    ";-14.9351651;-48.9478684;SPRF-GO;DEL07-GO;UOP02-DEL07-GO 