id;pesid;data_inversa;dia_semana;horario;uf;br;km;municipio;causa_principal;causa_acidente;ordem_tipo_acidente;tipo_acidente;classificacao_acidente;fase_dia;sentido_via;condicao_metereologica;tipo_pista;tracado_via;uso_solo;id_veiculo;tipo_veiculo;marca;ano_fabricacao_veiculo;tipo_envolvido;estado_fisico;idade;sexo;ilesos;feridos_leves;feridos_graves;mortos;latitude;longitude;regional;delegacia;uop
632300;"1417259   ";2024-06-12;quarta-feira;13:40:00;GO;"80   ";"137,7";BARRO ALTO;Sim;Transitar na contramão;3;Capotamento;Com Vítimas Fatais;Pleno dia;Decrescente;Céu Claro;Simples;"Curva;Aclive";Não  ;"1134577   ";Caminhão-trator;VOLVO/FH 460 4X2T;"2013      ";Condutor;Ileso;"50   ";Masculino;"1 ";"0    ";"0    ";"0    ";-14.9351651;-48.9478684;SPRF-GO;DEL07-GO;UOP02-DEL07-GO 
632300;"1417260   ";2024-06-12;quarta-feira;13:40:00;GO;"80   ";"137,7";BARRO ALTO;Sim;Transitar na contramão;3;Capotamento;Com Vítimas Fatais;Pleno dia;Decrescente;Céu Claro;Simples;"Curva;Aclive";Não  ;"1134576   ";Camioneta;RENAULT/DUSTER 16 E 4X2;"2016      ";Condutor;Óbito;"45   ";Masculino;"0 ";"0    ";"0    ";"1    ";-14.9351651;-48.9478684;SPRF-GO;DEL07-GO;UOP02-DEL07-GO 
632300;"1417258   ";2024-06-12;quarta-feira;13:40:00;GO;"80   ";"137,7";BARRO ALTO;Sim;Transitar na contramão;3;Capotamento;Com Vítimas Fatais;Pleno dia;Decrescente;Céu Claro;Simples;"Curva;Aclive";Não  ;"1134576   ";Camioneta;RENAULT/DUSTER 16 E 4X2;"2016      ";Passageiro;Óbito;"49   ";Feminino;"0 ";"0    ";"0    ";"1    ";-14.9351651;-48.9478684;SPRF-GO;DEL07-GO;UOP02-DEL07-GO 
632300;"1417257   ";2024-06-12;quarta-feira;13:40:00;GO;"80   ";"137,7";BARRO ALTO;Sim;Transitar na contramão;3;Capotamento;Com Vítimas Fatais;Pleno dia;Decrescente;Céu Claro;Simples;"Curva;Aclive";Não  ;"1134576   ";Camioneta;RENAULT/DUSTER 16 E 4X2;"2016      ";Passageiro;Óbito;"70   ";Feminino;"0 ";"0    ";"0    ";"1    ";-14.9351651;-48.9478684;SPRF-GO;DEL07-GO;UOP02-DEL07-GO 
632300;"0         ";2024-06-12;quarta-feira;13:40:00;GO;"80   ";"137,7";BARRO ALTO;Sim;Transitar na contramão;2;Saída de leito carroçável;Com Vítimas Fatais;Pleno dia;Decrescente;Céu Claro;Simples;"Curva;Aclive";Não  ;"1134578   ";Semireboque;SR/RANDON SR FG CG 3E;"2020      ";"0";"0";"0    ";"0";"0 ";"0    ";"0    ";"0    ";-14.9351651;-48.9478684;SPRF-GO;DEL07-GO;UOP02-DEL07-GO 
632300;"1417259   ";2024-06-12;quarta-feira;13:40:00;GO;"80   ";"137,7";BARRO ALTO;Sim;Transitar na contramão;2;Saída de leito carroçável;Com Vítimas Fatais;Pleno dia;Decrescente;Céu Claro;Simples;"Curva;Aclive";Não  ;"1134577   ";Caminhão-trator;VOLVO/FH 460 4X2T;"2013      ";Condutor;Ileso;"50   ";Masculino;"1 ";"0    ";"0    ";"0    ";-14.9351651;-48.9478684;SPRF-GO;DEL07-GO;UOP02-DEL07-GO 
632300;"1417260   ";2024-06-12;quarta-feira;13:40:00;GO;"80   ";"137,7";BARRO ALTO;Sim;Transitar na contramão;2;Saída de leito carroçável;Com Vítimas Fatais;Pleno dia;Decrescente;Céu Claro;Simples;"Curva;Aclive";Não  ;"1134576   ";Camioneta;RENAULT/DUSTER 16 E 4X2;"2016      ";Condutor;Óbito;"45   ";Masculino;"0 ";"0    ";"0    ";"1    ";-14.9351651;-48.9478684;SPRF-GO;DEL07-GO;UOP02-DEL07-GO 
632300;"1417258   ";2024-06-12;quarta-feira;13:40:00;GO;"80   ";"137,7";BARRO ALTO;Sim;Transitar na contramão;2;Saída de leito carroçável;Com Vítimas Fatais;Pleno dia;Decrescente;Céu Claro;Simples;"Curva;Aclive";Não  ;"1134576   ";Camioneta;RENAULT/DUSTER 16 E 4X2;"2016      ";Passageiro;Óbito;"49   ";Feminino;"0 ";"0    ";"0    ";"1    ";-14.9351651;-48.9478684;SPRF-GO;DEL07-GO;UOP02-DEL07-GO 
632300;"1417257   ";2024-06-12;quarta-feira;13:40:00;GO;"80   ";"137,7";BARRO ALTO;Sim;Transitar na contramão;2;Saída de leito carroçável;Com Vítimas Fatais;Pleno dia;Decrescente;Céu Claro;Simples;"Curva;Aclive";Não  ;"1134576   ";Camioneta;RENAULT/DUSTER 16 E 4X2;"2016      ";Passageiro;Óbito;"70   ";Feminino;"0 ";"0    ";"0    ";"1    ";-14.9351651;-48.9478684;SPRF-GO;DEL07-GO;UOP02-DEL07-GO 
632300;"0         ";2024-06-12;quarta-feira;13:40:00;GO;"80   ";"137,7";BARRO ALTO;Sim;Transitar na contramão;1;Colisão frontal;Com Vítimas Fatais;Pleno dia;Decrescente;Céu Claro;Simples;"Curva;Aclive";Não  ;"1134578   ";Semireboque;SR/RANDON SR FG CG 3E;"2020      ";"0";"0";"0    ";"0";"0 ";"0    ";"0    ";"0    ";-14.9351651;-48.9478684;SPRF-GO;DEL07-GO;UOP02-DEL07-GO 
632300;"1417259   ";2024-06-12;quarta-feira;13:40:00;GO;"80   ";"137,7";BARRO ALTO;Sim;Transitar na contramão;1;Colisão frontal;Com Vítimas Fatais;Pleno dia;Decrescente;Céu Claro;Simples;"Curva;Aclive";Não  ;"1134577   ";Caminhão-trator;VOLVO/FH 460 4X2T;"2013      ";Condutor;Ileso;"50   ";Masculino;"1 ";"0    ";"0    ";"0    ";-14.9351651;-48.9478684;SPRF-GO;DEL07-GO;UOP02-DEL07-GO 
632300;"1417260   ";2024-06-12;quarta-feira;13:40:00;GO;"80   ";"137,7";BARRO ALTO;Sim;Transitar na contramão;1;Colisão frontal;Com Vítimas Fatais;Pleno dia;Decrescente;Céu Claro;Simples;"Curva;Aclive";Não  ;"1134576   ";Camioneta;RENAULT/DUSTER 16 E 4X2;"2016      ";Condutor;Óbito;"45   ";Masculino;"0 ";"0    ";"0    ";"1    ";-14.9351651;-48.9478684;SPRF-GO;DEL07-GO;UOP02-DEL07-GO 
632300;"1417258   ";2024-06-12;quarta-feira;13:40:00;GO;"80   ";"137,7";BARRO ALTO;Sim;Transitar na contramão;1;Colisão frontal;Com Vítimas Fatais;Pleno dia;Decrescente;Céu Claro;Simples;"Curva;Aclive";Não  ;"1134576   ";Camioneta;RENAULT/DUSTER 16 E 4X2;"2016      ";Passageiro;Óbito;"49   ";Feminino;"0 ";"0    ";"0    ";"1    ";-14.9351651;-48.9478684;SPRF-GO;DEL07-GO;UOP02-DEL07-GO 
632300;"1417257   ";2024-06-12;quarta-feira;13:40:00;GO;"80   ";"137,7";BARRO ALTO;Sim;Transitar na contramão;1;Colisão frontal;Com Vítimas Fatais;Pleno dia;Decrescente;Céu Claro;Simples;"Curva;Aclive";Não  ;"1134576   ";Camioneta;RENAULT/DUSTER 16 E 4X2;"2016      ";Passageiro;Óbito;"70   ";Feminino;"0 ";"0    ";"0    ";"1    ";-14.9351651;-48.9478684;SPRF-GO;DEL07-GO;UOP02-DEL07-GO 
632300;"0         ";2024-06-12;quarta-feira;13:40:00;GO;"80   ";"137,7";BARRO ALTO;Não;Reação tardia ou ineficiente do condutor;3;Capotamento;Com Vítimas Fatais;Pleno dia;Decrescente;Céu Claro;Simples;"Curva;Aclive";Não  ;"1134578   ";Semireboque;SR/RANDON SR FG CG 3E;"2020      ";"0";"0";"0    ";"0";"0 ";"0    ";"0    ";"0    ";-14.9351651;-48.9478684;SPRF-GO;DEL07-GO;UOP02-DEL07-GO 
632300;"1417259   ";2024-06-12;quarta-feira;13:40:00;GO;"80   ";"137,7";BARRO ALTO;Não;Reação tardia ou ineficiente do condutor;3;Capotamento;Com Vítimas Fatais;Pleno dia;Decrescente;Céu Claro;Simples;"Curva;Aclive";Não  ;"1134577   ";Caminhão-trator;VOLVO/FH 460 4X2T;"2013      ";Condutor;Ileso;"50   ";Masculino;"1 ";"0    ";"0    ";"0    ";-14.9351651;-48.9478684;SPRF-GO;DEL07-GO;UOP02-DEL07-GO 
632300;"1417260   ";2024-06-12;quarta-feira;13:40:00;GO;"80   ";"137,7";BARRO ALTO;Não;Reação tardia ou ineficiente do condutor;3;Capotamento;Com Vítimas Fatais;Pleno dia;Decrescente;Céu Claro;Simples;"Curva;Aclive";Não  ;"1134576   ";Camioneta;RENAULT/DUSTER 16 E 4X2;"2016      ";Condutor;Óbito;"45   ";Masculino;"0 ";"0    ";"0    ";"1    ";-14.9351651;-48.9478684;SPRF-GO;DEL07-GO;UOP02-DEL07-GO 
632300;"1417258   ";2024-06-12;quarta-feira;13:40:00;GO;"80   ";"137,7";BARRO ALTO;Não;Reação tardia ou ineficiente do condutor;3;Capotamento;Com Vítimas Fatais;Pleno dia;Decrescente;Céu Claro;Simples;"Curva;Aclive";Não  ;"1134576   ";Camioneta;RENAULT/DUSTER 16 E 4X2;"2016      ";Passageiro;Óbito;"49   ";Feminino;"0 ";"0    ";"0    ";"1    ";-14.9351651;-48.9478684;SPRF-GO;DEL07-GO;UOP02-DEL07-GO 
632300;"1417257   ";2024-06-12;quarta-feira;13:40:00;GO;"80   ";"137,7";BARRO ALTO;Não;Reação tardia ou ineficiente do condutor;3;Capotamento;Com Vítimas Fatais;Pleno dia;Decrescente;Céu Claro;Simples;"Curva;Aclive";Não  ;"1134576   ";Camioneta;RENAULT/DUSTER 16 E 4X2;"2016      ";Passageiro;Óbito;"70   ";Feminino;"0 ";"0    ";"0    ";"1    ";-14.9351651;-48.9478684;SPRF-GO;DEL07-GO;UOP02-DEL07-GO 
632300;"0         ";2024-06-12;quarta-feira;13:40:00;GO;"80   ";"137,7";BARRO ALTO;Não;Reação tardia ou ineficiente do condutor;2;Saída de leito carroçável;Com Vítimas Fatais;Pleno dia;Decrescente;Céu Claro;Simples;"Curva;Aclive";Não  ;"1134578   ";Semireboque;SR/RANDON SR FG CG 3E;"2020      ";"0";"0";"0    ";"0";"0 ";"0    ";"0    ";"0    ";-14.9351651;-48.9478684;SPRF-GO;DEL07-GO;UOP02-DEL07-GO 
632300;"1417259   ";2024-06-12;quarta-feira;13:40:00;GO;"80   ";"137,7";BARRO ALTO;Não;Reação tardia ou ineficiente do condutor;2;Saída de leito carroçável;Com Vítimas Fatais;Pleno dia;Decrescente;Céu Claro;Simples;"Curva;Aclive";Não  ;"1134577   ";Caminhão-trator;VOLVO/FH 460 4X2T;"2013      ";Condutor;Ileso;"50   ";Masculino;"1 ";"0    ";"0    ";"0    ";-14.9351651;-48.9478684;SPRF-GO;DEL07-GO;UOP02-DEL07-GO 
632300;"1417260   ";2024-06-12;quarta-feira;13:40:00;GO;"80   ";"137,7";BARRO ALTO;Não;Reação tardia ou ineficiente do condutor;2;Saída de leito carroçável;Com Vítimas Fatais;Pleno dia;Decrescente;Céu Claro;Simples;"Curva;Aclive";Não  ;"1134576   ";Camioneta;RENAULT/DUSTER 16 E 4X2;"2016      ";Condutor;Óbito;"45   ";Masculino;"0 ";"0    ";"0    ";"1    ";-14.9351651;-48.9478684;SPRF-GO;DEL07-GO;UOP02-DEL07-GO 
632300;"1417258   ";2024-06-12;quarta-feira;13:40:00;GO;"80   ";"137,7";BARRO ALTO;Não;Reação tardia ou ineficiente do condutor;2;Saída de leito carroçável;Com Vítimas Fatais;Pleno dia;Decrescente;Céu Claro;Simples;"Curva;Aclive";Não  ;"1134576   ";Camioneta;RENAULT/DUSTER 16 E 4X2;"2016      ";Passageiro;Óbito;"49   ";Feminino;"0 ";"0    ";"0    ";"1    ";-14.9351651;-48.9478684;SPRF-GO;DEL07-GO;UOP02-DEL07-GO 
632300;"1417257   ";2024-06-12;quarta-feira;13:40:00;GO;"80   ";"137,7";BARRO ALTO;Não;Reação tardia ou ineficiente do condutor;2;Saída de leito carroçável;Com Vítimas Fatais;Pleno dia;Decrescente;Céu Claro;Simples;"Curva;Aclive";Não  ;"1134576   ";Camioneta;RENAULT/DUSTER 16 E 4X2;"2016      ";Passageiro;Óbito;"70   ";Feminino;"0 ";"0    ";"0    ";"1    ";-14.9351651;-48.9478684;SPRF-GO;DEL07-GO;UOP02-DEL07-GO 
632300;"0         ";2024-06-12;quarta-feira;13:40:00;GO;"80   ";"137,7";BARRO ALTO;Não;Reação tardia ou ineficiente do condutor;1;Colisão frontal;Com Vítimas Fatais;Pleno dia;Decrescente;Céu Claro;Simples;"Curva;Aclive";Não  ;"1134578   ";Semireboque;SR/RANDON SR FG CG 3E;"2020      ";"0";"0";"0    ";"0";"0 ";"0    ";"0    ";"0    ";-14.9351651;-48.9478684;SPRF-GO;DEL07-GO;UOP02-DEL07-GO 
633136;"1419292   ";2024-10-06;domingo;22:40:00;GO;"251  ";"18   ";CRISTALINA;Sim;Transitar na contramão;1;Colisão frontal;Com Vítimas Fatais;Plena Noite;Crescente;Céu Claro;Simples;Reta;Não  ;"1136164   ";Automóvel;VW/GOL PLUS;"1986      ";Condutor;Óbito;"62   ";Masculino;"0 ";"0    ";"0    ";"1    ";-16.1751329;-47.4727748;SPRF-DF;DEL01-DF;UOP01-DEL01-DF 
632300;"1417259   ";2024-06-12;quarta-feira;13:40:00;GO;"80   ";"137,7";BARRO ALTO;Não;Reação tardia ou ineficiente do condutor;1;Colisão frontal;Com Vítimas Fatais;Pleno dia;Decrescente;Céu Claro;Simples;"Curva;Aclive";Não  ;"1134577   ";Caminhão-trator;VOLVO/FH 460 4X2T;"2013      ";Condutor;Ileso;"50   ";Masculino;"1 ";"0    ";"0    ";"0    ";-14.9351651;-48.9478684;SPRF-GO;DEL07-GO;UOP02-DEL07-GO 
632300;"1417260   ";2024-06-12;quarta-feira;13:40:00;GO;"80   ";"137,7";BARRO ALTO;Não;Reação tardia ou ineficiente do condutor;1;Colisão frontal;Com Vítimas Fatais;Pleno dia;Decrescente;Céu Claro;Simples;"Curva;Aclive";Não  ;"1134576   ";Camioneta;RENAULT/DUSTER 16 E 4X2;"2016      ";Condutor;Óbito;"45   ";Masculino;"0 ";"0    ";"0    ";"1    ";-14.9351651;-48.9478684;SPRF-GO;DEL07-GO;UOP02-DEL07-GO 
632300;"1417258   ";2024-06-12;quarta-feira;13:40:00;GO;"80   ";"137,7";BARRO ALTO;Não;Reação tardia ou ineficiente do condutor;1;Colisão frontal;Com Vítimas Fatais;Pleno dia;Decrescente;Céu Claro;Simples;"Curva;Aclive";Não  ;"1134576   ";Camioneta;RENAULT/DUSTER 16 E 4X2;"2016      ";Passageiro;Óbito;"49   ";Feminino;"0 ";"0    ";"0    ";"1    ";-14.9351651;-48.9478684;SPRF-GO;DEL07-GO;UOP02-DEL07-GO 
632300;"1417257   ";2024-06-12;quarta-feira;13:40:00;GO;"80   ";"137,7";BARRO ALTO;Não;Reação tardia ou ineficiente do condutor;1;Colisão frontal;Com Vítimas Fatais;Pleno dia;Decrescente;Céu Claro;Simples;"Curva;Aclive";Não  ;"1134576   ";Camioneta;RENAULT/DUSTER 16 E 4X2;"2016      ";Passageiro;Óbito;"70   ";Feminino;"0 ";"0    ";"0    ";"1    ";-14.9351651;-48.9478684;SPRF-GO;DEL07-GO;UOP02-DEL07-GO 
632300;"0         ";2024-06-12;quarta-feira;13:40:00;GO;"80   ";"137,7";BARRO ALTO;Não;Velocidade Incompatível;3;Capotamento;Com Vítimas Fatais;Pleno dia;Decrescente;Céu Claro;Simples;"Curva;Aclive";Não  ;"1134578   ";Semireboque;SR/RANDON SR FG CG 3E;"2020      ";"0";"0";"0    ";"0";"0 ";"0    ";"0    ";"0    ";-14.9351651;-48.9478684;SPRF-GO;DEL07-GO;UOP02-DEL07-GO 
632300;"1417259   ";2024-06-12;quarta-feira;13:40:00;GO;"80   ";"137,7";BARRO ALTO;Não;Velocidade Incompatível;3;Capotamento;Com Vítimas Fatais;Pleno dia;Decrescente;Céu Claro;Simples;"Curva;Aclive";Não  ;"1134577   ";Caminhão-trator;VOLVO/FH 460 4X2T;"2013      ";Condutor;Ileso;"50   ";Masculino;"1 ";"0    ";"0    ";"0    ";-14.9351651;-48.9478684;SPRF-GO;DEL07-GO;UOP02-DEL07-GO 
632300;"1417260   ";2024-06-12;quarta-feira;13:40:00;GO;"80   ";"137,7";BARRO ALTO;Não;Velocidade Incompatível;3;Capotamento;Com Vítimas Fatais;Pleno dia;Decrescente;Céu Claro;Simples;"Curva;Aclive";Não  ;"1134576   ";Camioneta;RENAULT/DUSTER 16 E 4X2;"2016      ";Condutor;Óbito;"45   ";Masculino;"0 ";"0    ";"0    ";"1    ";-14.9351651;-48.9478684;SPRF-GO;DEL07-GO;UOP02-DEL07-GO 
632300;"1417258   ";2024-06-12;quarta-feira;13:40:00;GO;"80   ";"137,7";BARRO ALTO;Não;Velocidade Incompatível;3;Capotamento;Com Vítimas Fatais;Pleno dia;Decrescente;Céu Claro;Simples;"Curva;Aclive";Não  ;"1134576   ";Camioneta;RENAULT/DUSTER 16 E 4X2;"2016      ";Passageiro;Óbito;"49   ";Feminino;"0 ";"0    ";"0    ";"1    ";-14.9351651;-48.9478684;SPRF-GO;DEL07-GO;UOP02-DEL07-GO 
632300;"1417257   ";2024-06-12;quarta-feira;13:40:00;GO;"80   ";"137,7";BARRO ALTO;Não;Velocidade Incompatível;3;Capotamento;Com Vítimas Fatais;Pleno dia;Decrescente;Céu Claro;Simples;"Curva;Aclive";Não  ;"1134576   ";Camioneta;RENAULT/DUSTER 16 E 4X2;"2016      ";Passageiro;Óbito;"70   ";Feminino;"0 ";"0    ";"0    ";"1    ";-14.9351651;-48.9478684;SPRF-GO;DEL07-GO;UOP02-DEL07-GO 
632300;"0         ";2024-06-12;quarta-feira;13:40:00;GO;"80   ";"137,7";BARRO ALTO;Não;Velocidade Incompatível;2;Saída de leito carroçável;Com Vítimas Fatais;Pleno dia;Decrescente;Céu Claro;Simples;"Curva;Aclive";Não  ;"1134578   ";Semireboque;SR/RANDON SR FG CG 3E;"2020      ";"0";"0";"0    ";"0";"0 ";"0    ";"0    ";"0    ";-14.9351651;-48.9478684;SPRF-GO;DEL07-GO;UOP02-DEL07-GO 
632300;"1417259   ";2024-06-12;quarta-feira;13:40:00;GO;"80   ";"137,7";BARRO ALTO;Não;Velocidade Incompatível;2;Saída de leito carroçável;Com Vítimas Fatais;Pleno dia;Decrescente;Céu Claro;Simples;"Curva;Aclive";Não  ;"1134577   ";Caminhão-trator;VOLVO/FH 460 4X2T;"2013      ";Condutor;Ileso;"50   ";Masculino;"1 ";"0    ";"0    ";"0    ";-14.9351651;-48.9478684;SPRF-GO;DEL07-GO;UOP02-DEL07-GO 
632300;"1417260   ";2024-06-12;quarta-feira;13:40:00;GO;"80   ";"137,7";BARRO ALTO;Não;Velocidade Incompatível;2;Saída de leito carroçável;Com Vítimas Fatais;Pleno dia;Decrescente;Céu Claro;Simples;"Curva;Aclive";Não  ;"1134576   ";Camioneta;RENAULT/DUSTER 16 E 4X2;"2016      ";Condutor;Óbito;"45   ";Masculino;"0 ";"0    ";"0    ";"1    ";-14.9351651;-48.9478684;SPRF-GO;DEL07-GO;UOP02-DEL07-GO 
632300;"1417258   ";2024-06-12;quarta-feira;13:40:00;GO;"80   ";"137,7";BARRO ALTO;Não;Velocidade Incompatível;2;Saída de leito carroçável;Com Vítimas Fatais;Pleno dia;Decrescente;Céu Claro;Simples;"Curva;Aclive";Não  ;"1134576   ";Camioneta;RENAULT/DUSTER 16 E 4X2;"2016      ";Passageiro;Óbito;"49   ";Feminino;"0 ";"0    ";"0    ";"1    ";-14.9351651;-48.9478684;SPRF-GO;DEL07-GO;UOP02-DEL07-GO 
632300;"1417257   ";2024-06-12;quarta-feira;13:40:00;GO;"80   ";"137,7";BARRO ALTO;Não;Velocidade Incompatível;2;Saída de leito carroçável;Com Vítimas Fatais;Pleno dia;Decrescente;Céu Claro;Simples;"Curva;Aclive";Não  ;"1134576   ";Camioneta;RENAULT/DUSTER 16 E 4X2;"2016      ";Passageiro;Óbito;"70   ";Feminino;"0 ";"0    ";"0    ";"1    ";-14.9351651;-48.9478684;SPRF-GO;DEL07-GO;UOP02-DEL07-GO 
632300;"0         ";2024-06-12;quarta-feira;13:40:00;GO;"80   ";"137,7";BARRO ALTO;Não;Velocidade Incompatível;1;Colisão frontal;Com Vítimas Fatais;Pleno dia;Decrescente;Céu Claro;Simples;"Curva;Aclive";Não  ;"1134578   ";Semireboque;SR/RANDON SR FG CG 3E;"2020      ";"0";"0";"0    ";"0";"0 ";"0    ";"0    ";"0    ";-14.9351651;-48.9478684;SPRF-GO;DEL07-GO;UOP02-DEL07-GO 
632300;"1417259   ";2024-06-12;quarta-feira;13:40:00;GO;"80   ";"137,7";BARRO ALTO;Não;Velocidade Incompatível;1;Colisão frontal;Com Vítimas Fatais;Pleno dia;Decrescente;Céu Claro;Simples;"Curva;Aclive";Não  ;"1134577   ";Caminhão-trator;VOLVO/FH 460 4X2T;"2013      ";Condutor;Ileso;"50   ";Masculino;"1 ";"0    ";"0    ";"0    ";-14.9351651;-48.9478684;SPRF-GO;DEL07-GO;UOP02-DEL07-GO 
632300;"1417260   ";2024-06-12;quarta-feira;13:40:00;GO;"80   ";"137,7";BARRO ALTO;Não;Velocidade Incompatível;1;Colisão frontal;Com Vítimas Fatais;Pleno dia;Decrescente;Céu Claro;Simples;"Curva;Aclive";Não  ;"1134576   ";Camioneta;RENAULT/DUSTER 16 E 4X2;"2016      ";Condutor;Óbito;"45   ";Masculino;"0 ";"0    ";"0    ";"1    ";-14.9351651;-48.9478684;SPRF-GO;DEL07-GO;UOP02-DEL07-GO 
632300;"1417258   ";2024-06-12;quarta-feira;13:40:00;GO;"80   ";"137,7";BARRO ALTO;Não;Velocidade Incompatível;1;Colisão frontal;Com Vítimas Fatais;Pleno dia;Decrescente;Céu Claro;Simples;"Curva;Aclive";Não  ;"1134576   ";Camioneta;RENAULT/DUSTER 16 E 4X2;"2016      ";Passageiro;Óbito;"49   ";Feminino;"0 ";"0    ";"0    ";"1    ";-14.9351651;-48.9478684;SPRF-GO;DEL07-GO;UOP02-DEL07-GO 
632300;"1417257   ";2024-06-12;quarta-feira;13:40:00;GO;"80   ";"137,7";BARRO ALTO;Não;Velocidade Incompatível;1;Colisão frontal;Com Vítimas Fatais;Pleno dia;Decrescente;Céu Claro;Simples;"Curva;Aclive";Não  ;"1134576   ";Camioneta;RENAULT/DUSTER 16 E 4X2;"2016      ";Passageiro;Óbito;"70   ";Feminino;"0 ";"0    ";"0    ";"1    ";-14.9351651;-48.9478684;SPRF-GO;DEL07-GO;UOP02-DEL07-GO 
632300;"0         ";2024-06-12;quarta-feira;13:40:00;GO;"80   ";"137,7";BARRO ALTO;Não;Ultrapassagem Indevida;3;Capotamento;Com Vítimas Fatais;Pleno dia;Decrescente;Céu Claro;Simples;"Curva;Aclive";Não  ;"1134578   ";Semireboque;SR/RANDON SR FG CG 3E;"2020      ";"0";"0";"0    ";"0";"0 ";"0    ";"0    ";"0    ";-14.9351651;-48.9478684;SPRF-GO;DEL07-GO;UOP02-DEL07-GO 
632300;"1417259   ";2024-06-12;quarta-feira;13:40:00;GO;"80   ";"137,7";BARRO ALTO;Não;Ultrapassagem Indevida;3;Capotamento;Com Vítimas Fatais;Pleno dia;Decrescente;Céu Claro;Simples;"Curva;Aclive";Não  ;"1134577   ";Caminhão-trator;VOLVO/FH 460 4X2T;"2013      ";Condutor;Ileso;"50   ";Masculino;"1 ";"0    ";"0    ";"0    ";-14.9351651;-48.9478684;SPRF-GO;DEL07-GO;UOP02-DEL07-GO 
632300;"1417260   ";2024-06-12;quarta-feira;13:40:00;GO;"80   ";"137,7";BARRO ALTO;Não;Ultrapassagem Indevida;3;Capotamento;Com Vítimas Fatais;Pleno dia;Decrescente;Céu Claro;Simples;"Curva;Aclive";Não  ;"1134576   ";Camioneta;RENAULT/DUSTER 16 E 4X2;"2016      ";Condutor;Óbito;"45   ";Masculino;"0 ";"0    ";"0    ";"1    ";-14.9351651;-48.9478684;SPRF-GO;DEL07-GO;UOP02-DEL07-GO 
632300;"1417258   ";2024-06-12;quarta-feira;13:40:00;GO;"80   ";"137,7";BARRO ALTO;Não;Ultrapassagem Indevida;3;Capotamento;Com Vítimas Fatais;Pleno dia;Decrescente;Céu Claro;Simples;"Curva;Aclive";Não  ;"1134576   ";Camioneta;RENAULT/DUSTER 16 E 4X2;"2016      ";Passageiro;Óbito;"49   ";Feminino;"0 ";"0    ";"0    ";"1    ";-14.9351651;-48.9478684;SPRF-GO;DEL07-GO;UOP02-DEL07-GO 
632300;"1417257   ";2024-06-12;quarta-feira;13:40:00;GO;"80   ";"137,7";BARRO ALTO;Não;Ultrapassagem Indevida;3;Capotamento;Com Vítimas Fatais;Pleno dia;Decrescente;Céu Claro;Simples;"Curva;Aclive";Não  ;"1134576   ";Camioneta;RENAULT/DUSTER 16 E 4X2;"2016      ";Passageiro;Óbito;"70   ";Feminino;"0 ";"0    ";"0    ";"1    ";-14.9351651;-48.9478684;SPRF-GO;DEL07-GO;UOP02-DEL07-GO 
632300;"0         ";2024-06-12;quarta-feira;13:40:00;GO;"80   ";"137,7";BARRO ALTO;Não;Ultrapassagem Indevida;2;Saída de leito carroçável;Com Vítimas Fatais;Pleno dia;Decrescente;Céu Claro;Simples;"Curva;Aclive";Não  ;"1134578   ";Semireboque;SR/RANDON SR FG CG 3E;"2020      ";"0";"0";"0    ";"0";"0 ";"0    ";"0    ";"0    ";-14.9351651;-48.9478684;SPRF-GO;DEL07-GO;UOP02-DEL07-GO 
632300;"1417259   ";2024-06-12;quarta-feira;13:40:00;GO;"80   ";"137,7";BARRO ALTO;Não;Ultrapassagem Indevida;2;Saída de leito carroçável;Com Vítimas Fatais;Pleno dia;Decrescente;Céu Claro;Simples;"Curva;Aclive";Não  ;"1134577   ";Caminhão-trator;VOLVO/FH 460 4X2T;"2013      ";Condutor;Ileso;"50   ";Masculino;"1 ";"0    ";"0    ";"0    ";-14.9351651;-48.9478684;SPRF-GO;DEL07-GO;UOP02-DEL07-GO 
632300;"1417260   ";2024-06-12;quarta-feira;13:40:00;GO;"80   ";"137,7";BARRO ALTO;Não;Ultrapassagem Indevida;2;Saída de leito carroçável;Com Vítimas Fatais;Pleno dia;Decrescente;Céu Claro;Simples;"Curva;Aclive";Não  ;"1134576   ";Camioneta;RENAULT/DUSTER 16 E 4X2;"2016      ";Condutor;Óbito;"45   ";Masculino;"0 ";"0    ";"0    ";"1    ";-14.9351651;-48.9478684;SPRF-GO;DEL07-GO;UOP02-DEL07-GO 
632300;"1417258   ";2024-06-12;quarta-feira;13:40:00;GO;"80   ";"137,7";BARRO ALTO;Não;Ultrapassagem Indevida;2;Saída de leito carroçável;Com Vítimas Fatais;Pleno dia;Decrescente;Céu Claro;Simples;"Curva;Aclive";Não  ;"1134576   ";Camioneta;RENAULT/DUSTER 16 E 4X2;"2016      ";Passageiro;Óbito;"49   ";Feminino;"0 ";"0    ";"0    ";"1    ";-14.9351651;-48.9478684;SPRF-GO;DEL07-GO;UOP02-DEL07-GO 
632300;"1417257   ";2024-06-12;quarta-feira;13:40:00;GO;"80   ";"137,7";BARRO ALTO;Não;Ultrapassagem Indevida;2;Saída de leito carroçável;Com Vítimas Fatais;Pleno dia;Decrescente;Céu Claro;Simples;"Curva;Aclive";Não  ;"1134576   ";Camioneta;RENAULT/DUSTER 16 E 4X2;"2016      ";Passageiro;Óbito;"70   ";Feminino;"0 ";"0    ";"0    ";"1    ";-14.9351651;-48.9478684;SPRF-GO;DEL07-GO;UOP02-DEL07-GO 