id;pesid;data_inversa;dia_semana;horario;uf;br;km;municipio;causa_principal;causa_acidente;ordem_tipo_acidente;tipo_acidente;classificacao_acidente;fase_dia;sentido_via;condicao_metereologica;tipo_pista;tracado_via;uso_solo;id_veiculo;tipo_veiculo;marca;ano_fabricacao_veiculo;tipo_envolvido;estado_fisico;idade;sexo;ilesos;feridos_leves;feridos_graves;mortos;latitude;longitude;regional;delegacia;uop
632588;"1418135   ";2024-10-04;sexta-feira;21:10:00;DF;"20   ";"36   ";BRASILIA;Sim;Acessar a via sem observar a presença dos outros veículos;1;Colisão transversal;Com Vítimas Feridas;Plena Noite;Crescente;Céu Claro;Múltipla;Reta;Não  ;"1135285   ";Automóvel;CHEVROLET/ONIX 1.4AT LTZ;"2017      ";Condutor;Ileso;"26   ";Masculino;"1 ";"0    ";"0    ";"0    ";-15.5819230;-47.5498810;SPRF-DF;DEL02-DF;UOP01-DEL02-DF 
632614;"1418156   ";2024-10-04;sexta-feira;22:00:00;DF;"20   ";"25   ";BRASILIA;Sim;Velocidade Incompatível;1;Colisão com objeto;Com Vítimas Feridas;Plena Noite;Decrescente;Céu Claro;Dupla;"Curva;Aclive";Sim  ;"1135315   ";Automóvel;RENAULT/LOGAN EXPR 10;"2018      ";Condutor;Lesões Leves;"23   ";Feminino;"0 ";"1    ";"0    ";"0    ";-15.5956030;-47.6497150;SPRF-DF;DEL02-DF;UOP01-DEL02-DF 
632693;"1418196   ";2024-10-05;sábado;08:19:00;DF;"20   ";"3,2  ";BRASILIA;Sim;Reação tardia ou ineficiente do condutor;2;Capotamento;Com Vítimas Feridas;Pleno dia;Crescente;Céu Claro;Múltipla;"Declive;Reta";Sim  ;"1135345   ";Automóvel;FORD/FIESTA SEDAN1.6FLEX;"2011      ";Condutor;Lesões Leves;"61   ";Masculino;"0 ";"1    ";"0    ";"0    ";-15.6798510;-47.8322110;SPRF-DF;DEL02-DF;UOP01-DEL02-DF 
632693;"1418196   ";2024-10-05;sábado;08:19:00;DF;"20   ";"3,2  ";BRASILIA;Sim;Reação tardia ou ineficiente do condutor;1;Saída de leito carroçável;Com Vítimas Feridas;Pleno dia;Crescente;Céu Claro;Múltipla;"Declive;Reta";Sim  ;"1135345   ";Automóvel;FORD/FIESTA SEDAN1.6FLEX;"2011      ";Condutor;Lesões Leves;"61   ";Masculino;"0 ";"1    ";"0    ";"0    ";-15.6798510;-47.8322110;SPRF-DF;DEL02-DF;UOP01-DEL02-DF 
632714;"1418347   ";2024-10-05;sábado;11:00:00;GO;"414  ";"324  ";COCALZINHO DE GOIAS;Não;Velocidade Incompatível;2;Capotamento;Com Vítimas Feridas;Pleno dia;Crescente;Céu Claro;Simples;Reta;Não  ;"1135453   ";Automóvel;GM/VECTRA SEDAN ELITE;"2009      ";Condutor;Lesões Graves;"44   ";Masculino;"0 ";"0    ";"1    ";"0    ";-15.4095440;-48.6280180;SPRF-GO;DEL02-GO;UOP01-DEL02-GO 
632714;"1418347   ";2024-10-05;sábado;11:00:00;GO;"414  ";"324  ";COCALZINHO DE GOIAS;Não;Velocidade Incompatível;1;Saída de leito carroçável;Com Vítimas Feridas;Pleno dia;Crescente;Céu Claro;Simples;Reta;Não  ;"1135453   ";Automóvel;GM/VECTRA SEDAN ELITE;"2009      ";Condutor;Lesões Graves;"44   ";Masculino;"0 ";"0    ";"1    ";"0    ";-15.4095440;-48.6280180;SPRF-GO;DEL02-GO;UOP01-DEL02-GO 
632714;"1418347   ";2024-10-05;sábado;11:00:00;GO;"414  ";"324  ";COCALZINHO DE GOIAS;Sim;Ingestão de álcool pelo condutor;2;Capotamento;Com Vítimas Feridas;Pleno dia;Crescente;Céu Claro;Simples;Reta;Não  ;"1135453   ";Automóvel;GM/VECTRA SEDAN ELITE;"2009      ";Condutor;Lesões Graves;"44   ";Masculino;"0 ";"0    ";"1    ";"0    ";-15.4095440;-48.6280180;SPRF-GO;DEL02-GO;UOP01-DEL02-GO 
632714;"1418347   ";2024-10-05;sábado;11:00:00;GO;"414  ";"324  ";COCALZINHO DE GOIAS;Sim;Ingestão de álcool pelo condutor;1;Saída de leito carroçável;Com Vítimas Feridas;Pleno dia;Crescente;Céu Claro;Simples;Reta;Não  ;"1135453   ";Automóvel;GM/VECTRA SEDAN ELITE;"2009      ";Condutor;Lesões Graves;"44   ";Masculino;"0 ";"0    ";"1    ";"0    ";-15.4095440;-48.6280180;SPRF-GO;DEL02-GO;UOP01-DEL02-GO 
632775;"1418566   ";2024-10-05;sábado;17:35:00;GO;"60   ";"62,6 ";ABADIANIA;Sim;Condutor Dormindo;1;Colisão com objeto;Com Vítimas Fatais;Anoitecer;Crescente;Céu Claro;Dupla;Reta;Sim  ;"1135622   ";Automóvel;FIAT/UNO MILLE FIRE FLEX;"2005      ";Condutor;Óbito;"41   ";Masculino;"0 ";"0    ";"0    ";"1    ";-16.1865000;-48.6872000;SPRF-GO;DEL02-GO;UOP01-DEL02-GO 
632797;"1418502   ";2024-10-05;sábado;19:00:00;DF;"20   ";"15   ";BRASILIA;Não;Avarias e/ou desgaste excessivo no pneu;2;Colisão com objeto;Sem Vítimas;Plena Noite;Crescente;Céu Claro;Dupla;Reta;Sim  ;"1135579   ";Automóvel;VW/POLO SEDAN 1.6;"2012      ";Condutor;Ileso;"37   ";Masculino;"1 ";"0    ";"0    ";"0    ";-15.6301890;-47.7332880;SPRF-DF;DEL02-DF;UOP01-DEL02-DF 
632797;"1418499   ";2024-10-05;sábado;19:00:00;DF;"20   ";"15   ";BRASILIA;Não;Avarias e/ou desgaste excessivo no pneu;2;Colisão com objeto;Sem Vítimas;Plena Noite;Crescente;Céu Claro;Dupla;Reta;Sim  ;"1135578   ";Automóvel;FIAT/PALIO FIRE FLEX;"2005      ";Condutor;Ileso;"38   ";Masculino;"1 ";"0    ";"0    ";"0    ";-15.6301890;-47.7332880;SPRF-DF;DEL02-DF;UOP01-DEL02-DF 
632797;"1418502   ";2024-10-05;sábado;19:00:00;DF;"20   ";"15   ";BRASILIA;Não;Avarias e/ou desgaste excessivo no pneu;1;Colisão traseira;Sem Vítimas;Plena Noite;Crescente;Céu Claro;Dupla;Reta;Sim  ;"1135579   ";Automóvel;VW/POLO SEDAN 1.6;"2012      ";Condutor;Ileso;"37   ";Masculino;"1 ";"0    ";"0    ";"0    ";-15.6301890;-47.7332880;SPRF-DF;DEL02-DF;UOP01-DEL02-DF 
632797;"1418499   ";2024-10-05;sábado;19:00:00;DF;"20   ";"15   ";BRASILIA;Não;Avarias e/ou desgaste excessivo no pneu;1;Colisão traseira;Sem Vítimas;Plena Noite;Crescente;Céu Claro;Dupla;Reta;Sim  ;"1135578   ";Automóvel;FIAT/PALIO FIRE FLEX;"2005      ";Condutor;Ileso;"38   ";Masculino;"1 ";"0    ";"0    ";"0    ";-15.6301890;-47.7332880;SPRF-DF;DEL02-DF;UOP01-DEL02-DF 
632797;"1418502   ";2024-10-05;sábado;19:00:00;DF;"20   ";"15   ";BRASILIA;Não;Condutor deixou de manter distância do veículo da frente;2;Colisão com objeto;Sem Vítimas;Plena Noite;Crescente;Céu Claro;Dupla;Reta;Sim  ;"1135579   ";Automóvel;VW/POLO SEDAN 1.6;"2012      ";Condutor;Ileso;"37   ";Masculino;"1 ";"0    ";"0    ";"0    ";-15.6301890;-47.7332880;SPRF-DF;DEL02-DF;UOP01-DEL02-DF 
632797;"1418499   ";2024-10-05;sábado;19:00:00;DF;"20   ";"15   ";BRASILIA;Não;Condutor deixou de manter distância do veículo da frente;2;Colisão com objeto;Sem Vítimas;Plena Noite;Crescente;Céu Claro;Dupla;Reta;Sim  ;"1135578   ";Automóvel;FIAT/PALIO FIRE FLEX;"2005      ";Condutor;Ileso;"38   ";Masculino;"1 ";"0    ";"0    ";"0    ";-15.6301890;-47.7332880;SPRF-DF;DEL02-DF;UOP01-DEL02-DF 
632797;"1418502   ";2024-10-05;sábado;19:00:00;DF;"20   ";"15   ";BRASILIA;Não;Condutor deixou de manter distância do veículo da frente;1;Colisão traseira;Sem Vítimas;Plena Noite;Crescente;Céu Claro;Dupla;Reta;Sim  ;"1135579   ";Automóvel;VW/POLO SEDAN 1.6;"2012      ";Condutor;Ileso;"37   ";Masculino;"1 ";"0    ";"0    ";"0    ";-15.6301890;-47.7332880;SPRF-DF;DEL02-DF;UOP01-DEL02-DF 
632797;"1418499   ";2024-10-05;sábado;19:00:00;DF;"20   ";"15   ";BRASILIA;Não;Condutor deixou de manter distância do veículo da frente;1;Colisão traseira;Sem Vítimas;Plena Noite;Crescente;Céu Claro;Dupla;Reta;Sim  ;"1135578   ";Automóvel;FIAT/PALIO FIRE FLEX;"2005      ";Condutor;Ileso;"38   ";Masculino;"1 ";"0    ";"0    ";"0    ";-15.6301890;-47.7332880;SPRF-DF;DEL02-DF;UOP01-DEL02-DF 
632797;"1418502   ";2024-10-05;sábado;19:00:00;DF;"20   ";"15   ";BRASILIA;Sim;Reação tardia ou ineficiente do condutor;2;Colisão com objeto;Sem Vítimas;Plena Noite;Crescente;Céu Claro;Dupla;Reta;Sim  ;"1135579   ";Automóvel;VW/POLO SEDAN 1.6;"2012      ";Condutor;Ileso;"37   ";Masculino;"1 ";"0    ";"0    ";"0    ";-15.6301890;-47.7332880;SPRF-DF;DEL02-DF;UOP01-DEL02-DF 
632797;"1418499   ";2024-10-05;sábado;19:00:00;DF;"20   ";"15   ";BRASILIA;Sim;Reação tardia ou ineficiente do condutor;2;Colisão com objeto;Sem Vítimas;Plena Noite;Crescente;Céu Claro;Dupla;Reta;Sim  ;"1135578   ";Automóvel;FIAT/PALIO FIRE FLEX;"2005      ";Condutor;Ileso;"38   ";Masculino;"1 ";"0    ";"0    ";"0    ";-15.6301890;-47.7332880;SPRF-DF;DEL02-DF;UOP01-DEL02-DF 
632797;"1418502   ";2024-10-05;sábado;19:00:00;DF;"20   ";"15   ";BRASILIA;Sim;Reação tardia ou ineficiente do condutor;1;Colisão traseira;Sem Vítimas;Plena Noite;Crescente;Céu Claro;Dupla;Reta;Sim  ;"1135579   ";Automóvel;VW/POLO SEDAN 1.6;"2012      ";Condutor;Ileso;"37   ";Masculino;"1 ";"0    ";"0    ";"0    ";-15.6301890;-47.7332880;SPRF-DF;DEL02-DF;UOP01-DEL02-DF 
632797;"1418499   ";2024-10-05;sábado;19:00:00;DF;"20   ";"15   ";BRASILIA;Sim;Reação tardia ou ineficiente do condutor;1;Colisão traseira;Sem Vítimas;Plena Noite;Crescente;Céu Claro;Dupla;Reta;Sim  ;"1135578   ";Automóvel;FIAT/PALIO FIRE FLEX;"2005      ";Condutor;Ileso;"38   ";Masculino;"1 ";"0    ";"0    ";"0    ";-15.6301890;-47.7332880;SPRF-DF;DEL02-DF;UOP01-DEL02-DF 
632797;"1418502   ";2024-10-05;sábado;19:00:00;DF;"20   ";"15   ";BRASILIA;Não;Ingestão de álcool pelo condutor;2;Colisão com objeto;Sem Vítimas;Plena Noite;Crescente;Céu Claro;Dupla;Reta;Sim  ;"1135579   ";Automóvel;VW/POLO SEDAN 1.6;"2012      ";Condutor;Ileso;"37   ";Masculino;"1 ";"0    ";"0    ";"0    ";-15.6301890;-47.7332880;SPRF-DF;DEL02-DF;UOP01-DEL02-DF 
632797;"1418499   ";2024-10-05;sábado;19:00:00;DF;"20   ";"15   ";BRASILIA;Não;Ingestão de álcool pelo condutor;2;Colisão com objeto;Sem Vítimas;Plena Noite;Crescente;Céu Claro;Dupla;Reta;Sim  ;"1135578   ";Automóvel;FIAT/PALIO FIRE FLEX;"2005      ";Condutor;Ileso;"38   ";Masculino;"1 ";"0    ";"0    ";"0    ";-15.6301890;-47.7332880;SPRF-DF;DEL02-DF;UOP01-DEL02-DF 
632797;"1418502   ";2024-10-05;sábado;19:00:00;DF;"20   ";"15   ";BRASILIA;Não;Ingestão de álcool pelo condutor;1;Colisão traseira;Sem Vítimas;Plena Noite;Crescente;Céu Claro;Dupla;Reta;Sim  ;"1135579   ";Automóvel;VW/POLO SEDAN 1.6;"2012      ";Condutor;Ileso;"37   ";Masculino;"1 ";"0    ";"0    ";"0    ";-15.6301890;-47.7332880;SPRF-DF;DEL02-DF;UOP01-DEL02-DF 
632797;"1418499   ";2024-10-05;sábado;19:00:00;DF;"20   ";"15   ";BRASILIA;Não;Ingestão de álcool pelo condutor;1;Colisão traseira;Sem Vítimas;Plena Noite;Crescente;Céu Claro;Dupla;Reta;Sim  ;"1135578   ";Automóvel;FIAT/PALIO FIRE FLEX;"2005      ";Condutor;Ileso;"38   ";Masculino;"1 ";"0    ";"0    ";"0    ";-15.6301890;-47.7332880;SPRF-DF;DEL02-DF;UOP01-DEL02-DF 
632848;"1418613   ";2024-10-05;sábado;21:50:00;GO;"50   ";"105,5";CRISTALINA;Sim;Reação tardia ou ineficiente do condutor;2;Capotamento;Com Vítimas Feridas;Plena Noite;Crescente;Céu Claro;Dupla;"Reta;Retorno Regulamentado";Não  ;"1135651   ";Automóvel;GM/CORSA SEDAN;"2004      ";Passageiro;Lesões Leves;"38   ";Masculino;"0 ";"1    ";"0    ";"0    ";-16.8142100;-47.6674330;SPRF-DF;DEL01-DF;UOP02-DEL01-DF 
632848;"1418612   ";2024-10-05;sábado;21:50:00;GO;"50   ";"105,5";CRISTALINA;Sim;Reação tardia ou ineficiente do condutor;2;Capotamento;Com Vítimas Feridas;Plena Noite;Crescente;Céu Claro;Dupla;"Reta;Retorno Regulamentado";Não  ;"1135651   ";Automóvel;GM/CORSA SEDAN;"2004      ";Condutor;Ileso;"29   ";Masculino;"1 ";"0    ";"0    ";"0    ";-16.8142100;-47.6674330;SPRF-DF;DEL01-DF;UOP02-DEL01-DF 
632848;"1418613   ";2024-10-05;sábado;21:50:00;GO;"50   ";"105,5";CRISTALINA;Sim;Reação tardia ou ineficiente do condutor;1;Saída de leito carroçável;Com Vítimas Feridas;Plena Noite;Crescente;Céu Claro;Dupla;"Reta;Retorno Regulamentado";Não  ;"1135651   ";Automóvel;GM/CORSA SEDAN;"2004      ";Passageiro;Lesões Leves;"38   ";Masculino;"0 ";"1    ";"0    ";"0    ";-16.8142100;-47.6674330;SPRF-DF;DEL01-DF;UOP02-DEL01-DF 
632848;"1418612   ";2024-10-05;sábado;21:50:00;GO;"50   ";"105,5";CRISTALINA;Sim;Reação tardia ou ineficiente do condutor;1;Saída de leito carroçável;Com Vítimas Feridas;Plena Noite;Crescente;Céu Claro;Dupla;"Reta;Retorno Regulamentado";Não  ;"1135651   ";Automóvel;GM/CORSA SEDAN;"2004      ";Condutor;Ileso;"29   ";Masculino;"1 ";"0    ";"0    ";"0    ";-16.8142100;-47.6674330;SPRF-DF;DEL01-DF;UOP02-DEL01-DF 
632866;"1418655   ";2024-10-05;sábado;23:40:00;DF;"60   ";"4,2  ";BRASILIA;Não;Ingestão de álcool pelo condutor;1;Saída de leito carroçável;Com Vítimas Feridas;Plena Noite;Crescente;Céu Claro;Dupla;"Reta;Declive;Em Obras";Sim  ;"1135686   ";Camioneta;RENAULT/DUSTER 20 D 4X2A;"2012      ";Condutor;Lesões Leves;"41   ";Masculino;"0 ";"1    ";"0    ";"0    ";-15.8933070;-48.0965390;SPRF-DF;DEL03-DF;UOP01-DEL03-DF 
632866;"1418655   ";2024-10-05;sábado;23:40:00;DF;"60   ";"4,2  ";BRASILIA;Sim;Ausência de reação do condutor;1;Saída de leito carroçável;Com Vítimas Feridas;Plena Noite;Crescente;Céu Claro;Dupla;"Reta;Declive;Em Obras";Sim  ;"1135686   ";Camioneta;RENAULT/DUSTER 20 D 4X2A;"2012      ";Condutor;Lesões Leves;"41   ";Masculino;"0 ";"1    ";"0    ";"0    ";-15.8933070;-48.0965390;SPRF-DF;DEL03-DF;UOP01-DEL03-DF 
632964;"1418888   ";2024-10-06;domingo;10:30:00;DF;"70   ";"16,3 ";BRASILIA;Não;Reação tardia ou ineficiente do condutor;2;Saída de leito carroçável;Com Vítimas Feridas;Pleno dia;Crescente;Céu Claro;Dupla;"Reta;Declive";Sim  ;"1135844   ";Automóvel;FIAT/MOBI LIKE;"2020      ";Condutor;Lesões Leves;"26   ";Masculino;"0 ";"1    ";"0    ";"0    ";-15.7961440;-48.1942250;SPRF-DF;DEL03-DF;UOP02-DEL03-DF 
632964;"1418892   ";2024-10-06;domingo;10:30:00;DF;"70   ";"16,3 ";BRASILIA;Não;Reação tardia ou ineficiente do condutor;2;Saída de leito carroçável;Com Vítimas Feridas;Pleno dia;Crescente;Céu Claro;Dupla;"Reta;Declive";Sim  ;"1135844   ";Automóvel;FIAT/MOBI LIKE;"2020      ";Passageiro;Lesões Leves;"21   ";Feminino;"0 ";"1    ";"0    ";"0    ";-15.7961440;-48.1942250;SPRF-DF;DEL03-DF;UOP02-DEL03-DF 
632964;"1418891   ";2024-10-06;domingo;10:30:00;DF;"70   ";"16,3 ";BRASILIA;Não;Reação tardia ou ineficiente do condutor;2;Saída de leito carroçável;Com Vítimas Feridas;Pleno dia;Crescente;Céu Claro;Dupla;"Reta;Declive";Sim  ;"1135844   ";Automóvel;FIAT/MOBI LIKE;"2020      ";Passageiro;Lesões Leves;"18   ";Masculino;"0 ";"1    ";"0    ";"0    ";-15.7961440;-48.1942250;SPRF-DF;DEL03-DF;UOP02-DEL03-DF 
632964;"1418888   ";2024-10-06;domingo;10:30:00;DF;"70   ";"16,3 ";BRASILIA;Não;Reação tardia ou ineficiente do condutor;1;Capotamento;Com Vítimas Feridas;Pleno dia;Crescente;Céu Claro;Dupla;"Reta;Declive";Sim  ;"1135844   ";Automóvel;FIAT/MOBI LIKE;"2020      ";Condutor;Lesões Leves;"26   ";Masculino;"0 ";"1    ";"0    ";"0    ";-15.7961440;-48.1942250;SPRF-DF;DEL03-DF;UOP02-DEL03-DF 
632964;"1418892   ";2024-10-06;domingo;10:30:00;DF;"70   ";"16,3 ";BRASILIA;Não;Reação tardia ou ineficiente do condutor;1;Capotamento;Com Vítimas Feridas;Pleno dia;Crescente;Céu Claro;Dupla;"Reta;Declive";Sim  ;"1135844   ";Automóvel;FIAT/MOBI LIKE;"2020      ";Passageiro;Lesões Leves;"21   ";Feminino;"0 ";"1    ";"0    ";"0    ";-15.7961440;-48.1942250;SPRF-DF;DEL03-DF;UOP02-DEL03-DF 
632964;"1418891   ";2024-10-06;domingo;10:30:00;DF;"70   ";"16,3 ";BRASILIA;Não;Reação tardia ou ineficiente do condutor;1;Capotamento;Com Vítimas Feridas;Pleno dia;Crescente;Céu Claro;Dupla;"Reta;Declive";Sim  ;"1135844   ";Automóvel;FIAT/MOBI LIKE;"2020      ";Passageiro;Lesões Leves;"18   ";Masculino;"0 ";"1    ";"0    ";"0    ";-15.7961440;-48.1942250;SPRF-DF;DEL03-DF;UOP02-DEL03-DF 
632964;"1418888   ";2024-10-06;domingo;10:30:00;DF;"70   ";"16,3 ";BRASILIA;Sim;Ultrapassagem Indevida;2;Saída de leito carroçável;Com Vítimas Feridas;Pleno dia;Crescente;Céu Claro;Dupla;"Reta;Declive";Sim  ;"1135844   ";Automóvel;FIAT/MOBI LIKE;"2020      ";Condutor;Lesões Leves;"26   ";Masculino;"0 ";"1    ";"0    ";"0    ";-15.7961440;-48.1942250;SPRF-DF;DEL03-DF;UOP02-DEL03-DF 
632964;"1418892   ";2024-10-06;domingo;10:30:00;DF;"70   ";"16,3 ";BRASILIA;Sim;Ultrapassagem Indevida;2;Saída de leito carroçável;Com Vítimas Feridas;Pleno dia;Crescente;Céu Claro;Dupla;"Reta;Declive";Sim  ;"1135844   ";Automóvel;FIAT/MOBI LIKE;"2020      ";Passageiro;Lesões Leves;"21   ";Feminino;"0 ";"1    ";"0    ";"0    ";-15.7961440;-48.1942250;SPRF-DF;DEL03-DF;UOP02-DEL03-DF 
632964;"1418891   ";2024-10-06;domingo;10:30:00;DF;"70   ";"16,3 ";BRASILIA;Sim;Ultrapassagem Indevida;2;Saída de leito carroçável;Com Vítimas Feridas;Pleno dia;Crescente;Céu Claro;Dupla;"Reta;Declive";Sim  ;"1135844   ";Automóvel;FIAT/MOBI LIKE;"2020      ";Passageiro;Lesões Leves;"18   ";Masculino;"0 ";"1    ";"0    ";"0    ";-15.7961440;-48.1942250;SPRF-DF;DEL03-DF;UOP02-DEL03-DF 
632964;"1418888   ";2024-10-06;domingo;10:30:00;DF;"70   ";"16,3 ";BRASILIA;Sim;Ultrapassagem Indevida;1;Capotamento;Com Vítimas Feridas;Pleno dia;Crescente;Céu Claro;Dupla;"Reta;Declive";Sim  ;"1135844   ";Automóvel;FIAT/MOBI LIKE;"2020      ";Condutor;Lesões Leves;"26   ";Masculino;"0 ";"1    ";"0    ";"0    ";-15.7961440;-48.1942250;SPRF-DF;DEL03-DF;UOP02-DEL03-DF 
632964;"1418892   ";2024-10-06;domingo;10:30:00;DF;"70   ";"16,3 ";BRASILIA;Sim;Ultrapassagem Indevida;1;Capotamento;Com Vítimas Feridas;Pleno dia;Crescente;Céu Claro;Dupla;"Reta;Declive";Sim  ;"1135844   ";Automóvel;FIAT/MOBI LIKE;"2020      ";Passageiro;Lesões Leves;"21   ";Feminino;"0 ";"1    ";"0    ";"0    ";-15.7961440;-48.1942250;SPRF-DF;DEL03-DF;UOP02-DEL03-DF 
632964;"1418891   ";2024-10-06;domingo;10:30:00;DF;"70   ";"16,3 ";BRASILIA;Sim;Ultrapassagem Indevida;1;Capotamento;Com Vítimas Feridas;Pleno dia;Crescente;Céu Claro;Dupla;"Reta;Declive";Sim  ;"1135844   ";Automóvel;FIAT/MOBI LIKE;"2020      ";Passageiro;Lesões Leves;"18   ";Masculino;"0 ";"1    ";"0    ";"0    ";-15.7961440;-48.1942250;SPRF-DF;DEL03-DF;UOP02-DEL03-DF 
632968;"1419273   ";2024-10-06;domingo;10:28:00;GO;"153  ";"409,8";PIRENOPOLIS;Sim;Manobra de mudança de faixa;1;Colisão lateral sentido oposto;Com Vítimas Feridas;Pleno dia;Crescente;Céu Claro;Simples;"Aclive;Reta";Não  ;"1136146   ";Caminhão-trator;IVECO/STRALIS 490S38T;"2010      ";Condutor;Ileso;"48   ";Masculino;"1 ";"0    ";"0    ";"0    ";-16.1118065;-49.0313209;SPRF-GO;DEL02-GO;UOP02-DEL02-GO 
632968;"0         ";2024-10-06;domingo;10:28:00;GO;"153  ";"409,8";PIRENOPOLIS;Sim;Manobra de mudança de faixa;1;Colisão lateral sentido oposto;Com Vítimas Feridas;Pleno dia;Crescente;Céu Claro;Simples;"Aclive;Reta";Não  ;"1136145   ";Reboque;R/BEDEU RBA 501;"2019      ";"0";"0";"0    ";"0";"0 ";"0    ";"0    ";"0    ";-16.1118065;-49.0313209;SPRF-GO;DEL02-GO;UOP02-DEL02-GO 
632968;"1423601   ";2024-10-06;domingo;10:28:00;GO;"153  ";"409,8";PIRENOPOLIS;Sim;Manobra de mudança de faixa;1;Colisão lateral sentido oposto;Com Vítimas Feridas;Pleno dia;Crescente;Céu Claro;Simples;"Aclive;Reta";Não  ;"1136144   ";Caminhonete;FIAT/TORO FREEDOM MT D;"2016      ";Passageiro;Lesões Leves;"31   ";Feminino;"0 ";"1    ";"0    ";"0    ";-16.1118065;-49.0313209;SPRF-GO;DEL02-GO;UOP02-DEL02-GO 
632968;"1419271   ";2024-10-06;domingo;10:28:00;GO;"153  ";"409,8";PIRENOPOLIS;Sim;Manobra de mudança de faixa;1;Colisão lateral sentido oposto;Com Vítimas Feridas;Pleno dia;Crescente;Céu Claro;Simples;"Aclive;Reta";Não  ;"1136144   ";Caminhonete;FIAT/TORO FREEDOM MT D;"2016      ";Condutor;Ileso;"46   ";Masculino;"1 ";"0    ";"0    ";"0    ";-16.1118065;-49.0313209;SPRF-GO;DEL02-GO;UOP02-DEL02-GO 
632968;"0         ";2024-10-06;domingo;10:28:00;GO;"153  ";"409,8";PIRENOPOLIS;Sim;Manobra de mudança de faixa;1;Colisão lateral sentido oposto;Com Vítimas Feridas;Pleno dia;Crescente;Céu Claro;Simples;"Aclive;Reta";Não  ;"1136147   ";Semireboque;SR/RANDON SR FG CG 3E;"2023      ";"0";"0";"0    ";"0";"0 ";"0    ";"0    ";"0    ";-16.1118065;-49.0313209;SPRF-GO;DEL02-GO;UOP02-DEL02-GO 
632993;"1418933   ";2024-10-06;domingo;12:10:00;DF;"80   ";"26   ";BRASILIA;Não;Ausência de reação do condutor;2;Tombamento;Com Vítimas Feridas;Pleno dia;Crescente;Céu Claro;Simples;Curva;Não  ;"1135883   ";Automóvel;GM/PRISMA JOY;"2009      ";Condutor;Lesões Leves;"34   ";Masculino;"0 ";"1    ";"0    ";"0    ";-15.6122590;-48.1980440;SPRF-DF;DEL03-DF;UOP02-DEL03-DF 
632993;"1418933   ";2024-10-06;domingo;12:10:00;DF;"80   ";"26   ";BRASILIA;Não;Ausência de reação do condutor;1;Colisão com objeto;Com Vítimas Feridas;Pleno dia;Crescente;Céu Claro;Simples;Curva;Não  ;"1135883   ";Automóvel;GM/PRISMA JOY;"2009      ";Condutor;Lesões Leves;"34   ";Masculino;"0 ";"1    ";"0    ";"0    ";-15.6122590;-48.1980440;SPRF-DF;DEL03-DF;UOP02-DEL03-DF 
632993;"1418933   ";2024-10-06;domingo;12:10:00;DF;"80   ";"26   ";BRASILIA;Sim;Curva acentuada;2;Tombamento;Com Vítimas Feridas;Pleno dia;Crescente;Céu Claro;Simples;Curva;Não  ;"1135883   ";Automóvel;GM/PRISMA JOY;"2009      ";Condutor;Lesões Leves;"34   ";Masculino;"0 ";"1    ";"0    ";"0    ";-15.6122590;-48.1980440;SPRF-DF;DEL03-DF;UOP02-DEL03-DF 
632993;"1418933   ";2024-10-06;domingo;12:10:00;DF;"80   ";"26   ";BRASILIA;Sim;Curva acentuada;1;Colisão com objeto;Com Vítimas Feridas;Pleno dia;Crescente;Céu Claro;Simples;Curva;Não  ;"1135883   ";Automóvel;GM/PRISMA JOY;"2009      ";Condutor;Lesões Leves;"34   ";Masculino;"0 ";"1    ";"0    ";"0    ";-15.6122590;-48.1980440;SPRF-DF;DEL03-DF;UOP02-DEL03-DF 
633007;"1418928   ";2024-10-06;domingo;14:15:00;GO;"40   ";"96   ";CRISTALINA;Não;Retorno proibido;1;Colisão transversal;Sem Vítimas;Pleno dia;Crescente;Céu Claro;Simples;"Reta;Aclive";Sim  ;"1135879   ";Automóvel;VW/SANTANA CL 1800 I;"1995      ";Condutor;Não Informado;"0    ";Não Informado;"0 ";"0    ";"0    ";"0    ";-16.7576800;-47.6016130;SPRF-DF;DEL01-DF;UOP02-DEL01-DF 
633007;"1418927   ";2024-10-06;domingo;14:15:00;GO;"40   ";"96   ";CRISTALINA;Não;Retorno proibido;1;Colisão transversal;Sem Vítimas;Pleno dia;Crescente;Céu Claro;Simples;"Reta;Aclive";Sim  ;"1135877   ";Camioneta;JEEP/COMPASS LONG TF;"2021      ";Condutor;Ileso;"59   ";Feminino;"1 ";"0    ";"0    ";"0    ";-16.7576800;-47.6016130;SPRF-DF;DEL01-DF;UOP02-DEL01-DF 
633007;"1418928   ";2024-10-06;domingo;14:15:00;GO;"40   ";"96   ";CRISTALINA;Sim;Ingestão de álcool pelo condutor;1;Colisão transversal;Sem Vítimas;Pleno dia;Crescente;Céu Claro;Simples;"Reta;Aclive";Sim  ;"1135879   ";Automóvel;VW/SANTANA CL 1800 I;"1995      ";Condutor;Não Informado;"0    ";Não Informado;"0 ";"0    ";"0    ";"0    ";-16.7576800;-47.6016130;SPRF-DF;DEL01-DF;UOP02-DEL01-DF 
633007;"1418927   ";2024-10-06;domingo;14:15:00;GO;"40   ";"96   ";CRISTALINA;Sim;Ingestão de álcool pelo condutor;1;Colisão transversal;Sem Vítimas;Pleno dia;Crescente;Céu Claro;Simples;"Reta;Aclive";Sim  ;"1135877   ";Camioneta;JEEP/COMPASS LONG TF;"2021      ";Condutor;Ileso;"59   ";Feminino;"1 ";"0    ";"0    ";"0    ";-16.7576800;-47.6016130;SPRF-DF;DEL01-DF;UOP02-DEL01-DF 
633136;"1421149   ";2024-10-06;domingo;22:40:00;GO;"251  ";"18   ";CRISTALINA;Sim;Transitar na contramão;1;Colisão frontal;Com Vítimas Fatais;Plena Noite;Crescente;Céu Claro;Simples;Reta;Não  ;"1137651   ";Automóvel;HYUNDAI/HB20 1.0M 1.0 M;"2012      ";Passageiro;Lesões Leves;"3    ";Masculino;"0 ";"1    ";"0    ";"0    ";-16.1751329;-47.4727748;SPRF-DF;DEL01-DF;UOP01-DEL01-DF 