id;pesid;data_inversa;dia_semana;horario;uf;br;km;municipio;causa_principal;causa_acidente;ordem_tipo_acidente;tipo_acidente;classificacao_acidente;fase_dia;sentido_via;condicao_metereologica;tipo_pista;tracado_via;uso_solo;id_veiculo;tipo_veiculo;marca;ano_fabricacao_veiculo;tipo_envolvido;estado_fisico;idade;sexo;ilesos;feridos_leves;feridos_graves;mortos;latitude;longitude;regional;delegacia;uop
633053;"1419042   ";2024-10-06;domingo;16:00:00;DF;"20   ";"35   ";BRASILIA;Sim;Acessar a via sem observar a presença dos outros veículos;1;Colisão lateral mesmo sentido;Com Vítimas Feridas;Pleno dia;Crescente;Céu Claro;Dupla;"Retorno Regulamentado;Curva";Não  ;"1135951   ";Automóvel;RENAULT/LOGAN EXP 16;"2007      ";Passageiro;Lesões Leves;"31   ";Feminino;"0 ";"1    ";"0    ";"0    ";-15.5821460;-47.5591620;SPRF-DF;DEL02-DF;UOP01-DEL02-DF 
633053;"1419040   ";2024-10-06;domingo;16:00:00;DF;"20   ";"35   ";BRASILIA;Sim;Acessar a via sem observar a presença dos outros veículos;1;Colisão lateral mesmo sentido;Com Vítimas Feridas;Pleno dia;Crescente;Céu Claro;Dupla;"Retorno Regulamentado;Curva";Não  ;"1135951   ";Automóvel;RENAULT/LOGAN EXP 16;"2007      ";Condutor;Ileso;"52   ";Masculino;"1 ";"0    ";"0    ";"0    ";-15.5821460;-47.5591620;SPRF-DF;DEL02-DF;UOP01-DEL02-DF 
633053;"1419041   ";2024-10-06;domingo;16:00:00;DF;"20   ";"35   ";BRASILIA;Sim;Acessar a via sem observar a presença dos outros veículos;1;Colisão lateral mesmo sentido;Com Vítimas Feridas;Pleno dia;Crescente;Céu Claro;Dupla;"Retorno Regulamentado;Curva";Não  ;"1135952   ";Caminhonete;FIAT/TORO VOLC AT9 4X4;"2021      ";Condutor;Ileso;"37   ";Feminino;"1 ";"0    ";"0    ";"0    ";-15.5821460;-47.5591620;SPRF-DF;DEL02-DF;UOP01-DEL02-DF 
633132;"1419190   ";2024-10-06;domingo;23:45:00;DF;"60   ";"15,4 ";BRASILIA;Não;Condutor Dormindo;4;Queda de ocupante de veículo;Com Vítimas Feridas;Plena Noite;Decrescente;Céu Claro;Dupla;"Reta;Aclive";Não  ;"1136070   ";Motocicleta;YAMAHA/FAZER YS250;"2011      ";Condutor;Lesões Leves;"41   ";Masculino;"0 ";"1    ";"0    ";"0    ";-15.9436190;-48.1721150;SPRF-DF;DEL03-DF;UOP01-DEL03-DF 
633132;"1419190   ";2024-10-06;domingo;23:45:00;DF;"60   ";"15,4 ";BRASILIA;Não;Condutor Dormindo;3;Tombamento;Com Vítimas Feridas;Plena Noite;Decrescente;Céu Claro;Dupla;"Reta;Aclive";Não  ;"1136070   ";Motocicleta;YAMAHA/FAZER YS250;"2011      ";Condutor;Lesões Leves;"41   ";Masculino;"0 ";"1    ";"0    ";"0    ";-15.9436190;-48.1721150;SPRF-DF;DEL03-DF;UOP01-DEL03-DF 
633132;"1419190   ";2024-10-06;domingo;23:45:00;DF;"60   ";"15,4 ";BRASILIA;Não;Condutor Dormindo;2;Colisão com objeto;Com Vítimas Feridas;Plena Noite;Decrescente;Céu Claro;Dupla;"Reta;Aclive";Não  ;"1136070   ";Motocicleta;YAMAHA/FAZER YS250;"2011      ";Condutor;Lesões Leves;"41   ";Masculino;"0 ";"1    ";"0    ";"0    ";-15.9436190;-48.1721150;SPRF-DF;DEL03-DF;UOP01-DEL03-DF 
633132;"1419190   ";2024-10-06;domingo;23:45:00;DF;"60   ";"15,4 ";BRASILIA;Não;Condutor Dormindo;1;Saída de leito carroçável;Com Vítimas Feridas;Plena Noite;Decrescente;Céu Claro;Dupla;"Reta;Aclive";Não  ;"1136070   ";Motocicleta;YAMAHA/FAZER YS250;"2011      ";Condutor;Lesões Leves;"41   ";Masculino;"0 ";"1    ";"0    ";"0    ";-15.9436190;-48.1721150;SPRF-DF;DEL03-DF;UOP01-DEL03-DF 
633132;"1419190   ";2024-10-06;domingo;23:45:00;DF;"60   ";"15,4 ";BRASILIA;Não;Ausência de reação do condutor;4;Queda de ocupante de veículo;Com Vítimas Feridas;Plena Noite;Decrescente;Céu Claro;Dupla;"Reta;Aclive";Não  ;"1136070   ";Motocicleta;YAMAHA/FAZER YS250;"2011      ";Condutor;Lesões Leves;"41   ";Masculino;"0 ";"1    ";"0    ";"0    ";-15.9436190;-48.1721150;SPRF-DF;DEL03-DF;UOP01-DEL03-DF 
633132;"1419190   ";2024-10-06;domingo;23:45:00;DF;"60   ";"15,4 ";BRASILIA;Não;Ausência de reação do condutor;3;Tombamento;Com Vítimas Feridas;Plena Noite;Decrescente;Céu Claro;Dupla;"Reta;Aclive";Não  ;"1136070   ";Motocicleta;YAMAHA/FAZER YS250;"2011      ";Condutor;Lesões Leves;"41   ";Masculino;"0 ";"1    ";"0    ";"0    ";-15.9436190;-48.1721150;SPRF-DF;DEL03-DF;UOP01-DEL03-DF 
633132;"1419190   ";2024-10-06;domingo;23:45:00;DF;"60   ";"15,4 ";BRASILIA;Não;Ausência de reação do condutor;2;Colisão com objeto;Com Vítimas Feridas;Plena Noite;Decrescente;Céu Claro;Dupla;"Reta;Aclive";Não  ;"1136070   ";Motocicleta;YAMAHA/FAZER YS250;"2011      ";Condutor;Lesões Leves;"41   ";Masculino;"0 ";"1    ";"0    ";"0    ";-15.9436190;-48.1721150;SPRF-DF;DEL03-DF;UOP01-DEL03-DF 
633132;"1419190   ";2024-10-06;domingo;23:45:00;DF;"60   ";"15,4 ";BRASILIA;Não;Ausência de reação do condutor;1;Saída de leito carroçável;Com Vítimas Feridas;Plena Noite;Decrescente;Céu Claro;Dupla;"Reta;Aclive";Não  ;"1136070   ";Motocicleta;YAMAHA/FAZER YS250;"2011      ";Condutor;Lesões Leves;"41   ";Masculino;"0 ";"1    ";"0    ";"0    ";-15.9436190;-48.1721150;SPRF-DF;DEL03-DF;UOP01-DEL03-DF 
633132;"1419190   ";2024-10-06;domingo;23:45:00;DF;"60   ";"15,4 ";BRASILIA;Sim;Ingestão de álcool pelo condutor;4;Queda de ocupante de veículo;Com Vítimas Feridas;Plena Noite;Decrescente;Céu Claro;Dupla;"Reta;Aclive";Não  ;"1136070   ";Motocicleta;YAMAHA/FAZER YS250;"2011      ";Condutor;Lesões Leves;"41   ";Masculino;"0 ";"1    ";"0    ";"0    ";-15.9436190;-48.1721150;SPRF-DF;DEL03-DF;UOP01-DEL03-DF 
633132;"1419190   ";2024-10-06;domingo;23:45:00;DF;"60   ";"15,4 ";BRASILIA;Sim;Ingestão de álcool pelo condutor;3;Tombamento;Com Vítimas Feridas;Plena Noite;Decrescente;Céu Claro;Dupla;"Reta;Aclive";Não  ;"1136070   ";Motocicleta;YAMAHA/FAZER YS250;"2011      ";Condutor;Lesões Leves;"41   ";Masculino;"0 ";"1    ";"0    ";"0    ";-15.9436190;-48.1721150;SPRF-DF;DEL03-DF;UOP01-DEL03-DF 
633132;"1419190   ";2024-10-06;domingo;23:45:00;DF;"60   ";"15,4 ";BRASILIA;Sim;Ingestão de álcool pelo condutor;2;Colisão com objeto;Com Vítimas Feridas;Plena Noite;Decrescente;Céu Claro;Dupla;"Reta;Aclive";Não  ;"1136070   ";Motocicleta;YAMAHA/FAZER YS250;"2011      ";Condutor;Lesões Leves;"41   ";Masculino;"0 ";"1    ";"0    ";"0    ";-15.9436190;-48.1721150;SPRF-DF;DEL03-DF;UOP01-DEL03-DF 
633132;"1419190   ";2024-10-06;domingo;23:45:00;DF;"60   ";"15,4 ";BRASILIA;Sim;Ingestão de álcool pelo condutor;1;Saída de leito carroçável;Com Vítimas Feridas;Plena Noite;Decrescente;Céu Claro;Dupla;"Reta;Aclive";Não  ;"1136070   ";Motocicleta;YAMAHA/FAZER YS250;"2011      ";Condutor;Lesões Leves;"41   ";Masculino;"0 ";"1    ";"0    ";"0    ";-15.9436190;-48.1721150;SPRF-DF;DEL03-DF;UOP01-DEL03-DF 
633136;"1419292   ";2024-10-06;domingo;22:40:00;GO;"251  ";"18   ";CRISTALINA;Não;Condutor Dormindo;1;Colisão frontal;Com Vítimas Fatais;Plena Noite;Crescente;Céu Claro;Simples;Reta;Não  ;"1136164   ";Automóvel;VW/GOL PLUS;"1986      ";Condutor;Óbito;"62   ";Masculino;"0 ";"0    ";"0    ";"1    ";-16.1751329;-47.4727748;SPRF-DF;DEL01-DF;UOP01-DEL01-DF 
633136;"1421150   ";2024-10-06;domingo;22:40:00;GO;"251  ";"18   ";CRISTALINA;Não;Condutor Dormindo;1;Colisão frontal;Com Vítimas Fatais;Plena Noite;Crescente;Céu Claro;Simples;Reta;Não  ;"1137651   ";Automóvel;HYUNDAI/HB20 1.0M 1.0 M;"2012      ";Passageiro;Lesões Leves;"12   ";Feminino;"0 ";"1    ";"0    ";"0    ";-16.1751329;-47.4727748;SPRF-DF;DEL01-DF;UOP01-DEL01-DF 
633136;"1421149   ";2024-10-06;domingo;22:40:00;GO;"251  ";"18   ";CRISTALINA;Não;Condutor Dormindo;1;Colisão frontal;Com Vítimas Fatais;Plena Noite;Crescente;Céu Claro;Simples;Reta;Não  ;"1137651   ";Automóvel;HYUNDAI/HB20 1.0M 1.0 M;"2012      ";Passageiro;Lesões Leves;"3    ";Masculino;"0 ";"1    ";"0    ";"0    ";-16.1751329;-47.4727748;SPRF-DF;DEL01-DF;UOP01-DEL01-DF 
633136;"1421146   ";2024-10-06;domingo;22:40:00;GO;"251  ";"18   ";CRISTALINA;Não;Condutor Dormindo;1;Colisão frontal;Com Vítimas Fatais;Plena Noite;Crescente;Céu Claro;Simples;Reta;Não  ;"1137651   ";Automóvel;HYUNDAI/HB20 1.0M 1.0 M;"2012      ";Passageiro;Lesões Leves;"34   ";Feminino;"0 ";"1    ";"0    ";"0    ";-16.1751329;-47.4727748;SPRF-DF;DEL01-DF;UOP01-DEL01-DF 
633136;"1421145   ";2024-10-06;domingo;22:40:00;GO;"251  ";"18   ";CRISTALINA;Não;Condutor Dormindo;1;Colisão frontal;Com Vítimas Fatais;Plena Noite;Crescente;Céu Claro;Simples;Reta;Não  ;"1137651   ";Automóvel;HYUNDAI/HB20 1.0M 1.0 M;"2012      ";Condutor;Ileso;"33   ";Masculino;"1 ";"0    ";"0    ";"0    ";-16.1751329;-47.4727748;SPRF-DF;DEL01-DF;UOP01-DEL01-DF 
633136;"1421146   ";2024-10-06;domingo;22:40:00;GO;"251  ";"18   ";CRISTALINA;Sim;Transitar na contramão;1;Colisão frontal;Com Vítimas Fatais;Plena Noite;Crescente;Céu Claro;Simples;Reta;Não  ;"1137651   ";Automóvel;HYUNDAI/HB20 1.0M 1.0 M;"2012      ";Passageiro;Lesões Leves;"34   ";Feminino;"0 ";"1    ";"0    ";"0    ";-16.1751329;-47.4727748;SPRF-DF;DEL01-DF;UOP01-DEL01-DF 
633136;"1421145   ";2024-10-06;domingo;22:40:00;GO;"251  ";"18   ";CRISTALINA;Sim;Transitar na contramão;1;Colisão frontal;Com Vítimas Fatais;Plena Noite;Crescente;Céu Claro;Simples;Reta;Não  ;"1137651   ";Automóvel;HYUNDAI/HB20 1.0M 1.0 M;"2012      ";Condutor;Ileso;"33   ";Masculino;"1 ";"0    ";"0    ";"0    ";-16.1751329;-47.4727748;SPRF-DF;DEL01-DF;UOP01-DEL01-DF 
633136;"1419292   ";2024-10-06;domingo;22:40:00;GO;"251  ";"18   ";CRISTALINA;Não;Reação tardia ou ineficiente do condutor;1;Colisão frontal;Com Vítimas Fatais;Plena Noite;Crescente;Céu Claro;Simples;Reta;Não  ;"1136164   ";Automóvel;VW/GOL PLUS;"1986      ";Condutor;Óbito;"62   ";Masculino;"0 ";"0    ";"0    ";"1    ";-16.1751329;-47.4727748;SPRF-DF;DEL01-DF;UOP01-DEL01-DF 
633136;"1421150   ";2024-10-06;domingo;22:40:00;GO;"251  ";"18   ";CRISTALINA;Não;Reação tardia ou ineficiente do condutor;1;Colisão frontal;Com Vítimas Fatais;Plena Noite;Crescente;Céu Claro;Simples;Reta;Não  ;"1137651   ";Automóvel;HYUNDAI/HB20 1.0M 1.0 M;"2012      ";Passageiro;Lesões Leves;"12   ";Feminino;"0 ";"1    ";"0    ";"0    ";-16.1751329;-47.4727748;SPRF-DF;DEL01-DF;UOP01-DEL01-DF 
633136;"1421149   ";2024-10-06;domingo;22:40:00;GO;"251  ";"18   ";CRISTALINA;Não;Reação tardia ou ineficiente do condutor;1;Colisão frontal;Com Vítimas Fatais;Plena Noite;Crescente;Céu Claro;Simples;Reta;Não  ;"1137651   ";Automóvel;HYUNDAI/HB20 1.0M 1.0 M;"2012      ";Passageiro;Lesões Leves;"3    ";Masculino;"0 ";"1    ";"0    ";"0    ";-16.1751329;-47.4727748;SPRF-DF;DEL01-DF;UOP01-DEL01-DF 
633136;"1421146   ";2024-10-06;domingo;22:40:00;GO;"251  ";"18   ";CRISTALINA;Não;Reação tardia ou ineficiente do condutor;1;Colisão frontal;Com Vítimas Fatais;Plena Noite;Crescente;Céu Claro;Simples;Reta;Não  ;"1137651   ";Automóvel;HYUNDAI/HB20 1.0M 1.0 M;"2012      ";Passageiro;Lesões Leves;"34   ";Feminino;"0 ";"1    ";"0    ";"0    ";-16.1751329;-47.4727748;SPRF-DF;DEL01-DF;UOP01-DEL01-DF 
633136;"1421145   ";2024-10-06;domingo;22:40:00;GO;"251  ";"18   ";CRISTALINA;Não;Reação tardia ou ineficiente do condutor;1;Colisão frontal;Com Vítimas Fatais;Plena Noite;Crescente;Céu Claro;Simples;Reta;Não  ;"1137651   ";Automóvel;HYUNDAI/HB20 1.0M 1.0 M;"2012      ";Condutor;Ileso;"33   ";Masculino;"1 ";"0    ";"0    ";"0    ";-16.1751329;-47.4727748;SPRF-DF;DEL01-DF;UOP01-DEL01-DF 
633163;"1419277   ";2024-10-07;segunda-feira;01:38:00;GO;"20   ";"90   ";VILA BOA;Não;Velocidade Incompatível;2;Queda de ocupante de veículo;Com Vítimas Feridas;Plena Noite;Crescente;Céu Claro;Simples;Reta;Sim  ;"1136154   ";Motocicleta;KASINSKI/MIRAGE 150 50;"2011      ";Condutor;Lesões Leves;"39   ";Masculino;"0 ";"1    ";"0    ";"0    ";-15.0202600;-47.0464170;SPRF-DF;DEL02-DF;UOP02-DEL02-DF 
633163;"1419277   ";2024-10-07;segunda-feira;01:38:00;GO;"20   ";"90   ";VILA BOA;Não;Velocidade Incompatível;1;Saída de leito carroçável;Com Vítimas Feridas;Plena Noite;Crescente;Céu Claro;Simples;Reta;Sim  ;"1136154   ";Motocicleta;KASINSKI/MIRAGE 150 50;"2011      ";Condutor;Lesões Leves;"39   ";Masculino;"0 ";"1    ";"0    ";"0    ";-15.0202600;-47.0464170;SPRF-DF;DEL02-DF;UOP02-DEL02-DF 
633163;"1419277   ";2024-10-07;segunda-feira;01:38:00;GO;"20   ";"90   ";VILA BOA;Não;Mal súbito do condutor;2;Queda de ocupante de veículo;Com Vítimas Feridas;Plena Noite;Crescente;Céu Claro;Simples;Reta;Sim  ;"1136154   ";Motocicleta;KASINSKI/MIRAGE 150 50;"2011      ";Condutor;Lesões Leves;"39   ";Masculino;"0 ";"1    ";"0    ";"0    ";-15.0202600;-47.0464170;SPRF-DF;DEL02-DF;UOP02-DEL02-DF 
633163;"1419277   ";2024-10-07;segunda-feira;01:38:00;GO;"20   ";"90   ";VILA BOA;Não;Mal súbito do condutor;1;Saída de leito carroçável;Com Vítimas Feridas;Plena Noite;Crescente;Céu Claro;Simples;Reta;Sim  ;"1136154   ";Motocicleta;KASINSKI/MIRAGE 150 50;"2011      ";Condutor;Lesões Leves;"39   ";Masculino;"0 ";"1    ";"0    ";"0    ";-15.0202600;-47.0464170;SPRF-DF;DEL02-DF;UOP02-DEL02-DF 
633163;"1419277   ";2024-10-07;segunda-feira;01:38:00;GO;"20   ";"90   ";VILA BOA;Não;Reação tardia ou ineficiente do condutor;2;Queda de ocupante de veículo;Com Vítimas Feridas;Plena Noite;Crescente;Céu Claro;Simples;Reta;Sim  ;"1136154   ";Motocicleta;KASINSKI/MIRAGE 150 50;"2011      ";Condutor;Lesões Leves;"39   ";Masculino;"0 ";"1    ";"0    ";"0    ";-15.0202600;-47.0464170;SPRF-DF;DEL02-DF;UOP02-DEL02-DF 
633163;"1419277   ";2024-10-07;segunda-feira;01:38:00;GO;"20   ";"90   ";VILA BOA;Não;Reação tardia ou ineficiente do condutor;1;Saída de leito carroçável;Com Vítimas Feridas;Plena Noite;Crescente;Céu Claro;Simples;Reta;Sim  ;"1136154   ";Motocicleta;KASINSKI/MIRAGE 150 50;"2011      ";Condutor;Lesões Leves;"39   ";Masculino;"0 ";"1    ";"0    ";"0    ";-15.0202600;-47.0464170;SPRF-DF;DEL02-DF;UOP02-DEL02-DF 
633163;"1419277   ";2024-10-07;segunda-feira;01:38:00;GO;"20   ";"90   ";VILA BOA;Sim;Ausência de reação do condutor;2;Queda de ocupante de veículo;Com Vítimas Feridas;Plena Noite;Crescente;Céu Claro;Simples;Reta;Sim  ;"1136154   ";Motocicleta;KASINSKI/MIRAGE 150 50;"2011      ";Condutor;Lesões Leves;"39   ";Masculino;"0 ";"1    ";"0    ";"0    ";-15.0202600;-47.0464170;SPRF-DF;DEL02-DF;UOP02-DEL02-DF 
633163;"1419277   ";2024-10-07;segunda-feira;01:38:00;GO;"20   ";"90   ";VILA BOA;Sim;Ausência de reação do condutor;1;Saída de leito carroçável;Com Vítimas Feridas;Plena Noite;Crescente;Céu Claro;Simples;Reta;Sim  ;"1136154   ";Motocicleta;KASINSKI/MIRAGE 150 50;"2011      ";Condutor;Lesões Leves;"39   ";Masculino;"0 ";"1    ";"0    ";"0    ";-15.0202600;-47.0464170;SPRF-DF;DEL02-DF;UOP02-DEL02-DF 
633167;"1419306   ";2024-10-07;segunda-feira;04:20:00;GO;"60   ";"33,5 ";ALEXANIA;Não;Ausência de reação do condutor;2;Tombamento;Com Vítimas Feridas;Plena Noite;Crescente;Céu Claro;Dupla;"Reta;Aclive";Não  ;"1136178   ";Motocicleta;HONDA/CB 300R;"2011      ";Condutor;Lesões Graves;"28   ";Masculino;"0 ";"0    ";"1    ";"0    ";-16.0963000;-48.5202000;SPRF-DF;DEL03-DF;UOP01-DEL03-DF 
633167;"1419306   ";2024-10-07;segunda-feira;04:20:00;GO;"60   ";"33,5 ";ALEXANIA;Não;Ausência de reação do condutor;1;Queda de ocupante de veículo;Com Vítimas Feridas;Plena Noite;Crescente;Céu Claro;Dupla;"Reta;Aclive";Não  ;"1136178   ";Motocicleta;HONDA/CB 300R;"2011      ";Condutor;Lesões Graves;"28   ";Masculino;"0 ";"0    ";"1    ";"0    ";-16.0963000;-48.5202000;SPRF-DF;DEL03-DF;UOP01-DEL03-DF 
633167;"1419306   ";2024-10-07;segunda-feira;04:20:00;GO;"60   ";"33,5 ";ALEXANIA;Não;Ingestão de álcool pelo condutor;2;Tombamento;Com Vítimas Feridas;Plena Noite;Crescente;Céu Claro;Dupla;"Reta;Aclive";Não  ;"1136178   ";Motocicleta;HONDA/CB 300R;"2011      ";Condutor;Lesões Graves;"28   ";Masculino;"0 ";"0    ";"1    ";"0    ";-16.0963000;-48.5202000;SPRF-DF;DEL03-DF;UOP01-DEL03-DF 
633167;"1419306   ";2024-10-07;segunda-feira;04:20:00;GO;"60   ";"33,5 ";ALEXANIA;Não;Ingestão de álcool pelo condutor;1;Queda de ocupante de veículo;Com Vítimas Feridas;Plena Noite;Crescente;Céu Claro;Dupla;"Reta;Aclive";Não  ;"1136178   ";Motocicleta;HONDA/CB 300R;"2011      ";Condutor;Lesões Graves;"28   ";Masculino;"0 ";"0    ";"1    ";"0    ";-16.0963000;-48.5202000;SPRF-DF;DEL03-DF;UOP01-DEL03-DF 
633167;"1419306   ";2024-10-07;segunda-feira;04:20:00;GO;"60   ";"33,5 ";ALEXANIA;Sim;Condutor Dormindo;2;Tombamento;Com Vítimas Feridas;Plena Noite;Crescente;Céu Claro;Dupla;"Reta;Aclive";Não  ;"1136178   ";Motocicleta;HONDA/CB 300R;"2011      ";Condutor;Lesões Graves;"28   ";Masculino;"0 ";"0    ";"1    ";"0    ";-16.0963000;-48.5202000;SPRF-DF;DEL03-DF;UOP01-DEL03-DF 
633167;"1419306   ";2024-10-07;segunda-feira;04:20:00;GO;"60   ";"33,5 ";ALEXANIA;Sim;Condutor Dormindo;1;Queda de ocupante de veículo;Com Vítimas Feridas;Plena Noite;Crescente;Céu Claro;Dupla;"Reta;Aclive";Não  ;"1136178   ";Motocicleta;HONDA/CB 300R;"2011      ";Condutor;Lesões Graves;"28   ";Masculino;"0 ";"0    ";"1    ";"0    ";-16.0963000;-48.5202000;SPRF-DF;DEL03-DF;UOP01-DEL03-DF 
633178;"1419359   ";2024-10-07;segunda-feira;07:10:00;DF;"70   ";"7    ";BRASILIA;Não;Trafegar com motocicleta (ou similar) entre as faixas;3;Colisão traseira;Com Vítimas Feridas;Pleno dia;Crescente;Céu Claro;Múltipla;Reta;Sim  ;"1136221   ";Caminhonete;VW/SAVEIRO 1.8;"2001      ";Condutor;Ileso;"22   ";Feminino;"1 ";"0    ";"0    ";"0    ";-15.7876010;-48.1144290;SPRF-DF;DEL03-DF;UOP02-DEL03-DF 
633178;"1419355   ";2024-10-07;segunda-feira;07:10:00;DF;"70   ";"7    ";BRASILIA;Não;Trafegar com motocicleta (ou similar) entre as faixas;3;Colisão traseira;Com Vítimas Feridas;Pleno dia;Crescente;Céu Claro;Múltipla;Reta;Sim  ;"1136219   ";Motocicleta;RE/ROYAL HUNTER 350;"2023      ";Condutor;Lesões Leves;"22   ";Masculino;"0 ";"1    ";"0    ";"0    ";-15.7876010;-48.1144290;SPRF-DF;DEL03-DF;UOP02-DEL03-DF 
633178;"1419353   ";2024-10-07;segunda-feira;07:10:00;DF;"70   ";"7    ";BRASILIA;Não;Trafegar com motocicleta (ou similar) entre as faixas;3;Colisão traseira;Com Vítimas Feridas;Pleno dia;Crescente;Céu Claro;Múltipla;Reta;Sim  ;"1136214   ";Automóvel;VW/POLO TRACK MA;"2024      ";Condutor;Lesões Leves;"40   ";Masculino;"0 ";"1    ";"0    ";"0    ";-15.7876010;-48.1144290;SPRF-DF;DEL03-DF;UOP02-DEL03-DF 
633178;"1419359   ";2024-10-07;segunda-feira;07:10:00;DF;"70   ";"7    ";BRASILIA;Não;Trafegar com motocicleta (ou similar) entre as faixas;2;Queda de ocupante de veículo;Com Vítimas Feridas;Pleno dia;Crescente;Céu Claro;Múltipla;Reta;Sim  ;"1136221   ";Caminhonete;VW/SAVEIRO 1.8;"2001      ";Condutor;Ileso;"22   ";Feminino;"1 ";"0    ";"0    ";"0    ";-15.7876010;-48.1144290;SPRF-DF;DEL03-DF;UOP02-DEL03-DF 
633178;"1419355   ";2024-10-07;segunda-feira;07:10:00;DF;"70   ";"7    ";BRASILIA;Não;Trafegar com motocicleta (ou similar) entre as faixas;2;Queda de ocupante de veículo;Com Vítimas Feridas;Pleno dia;Crescente;Céu Claro;Múltipla;Reta;Sim  ;"1136219   ";Motocicleta;RE/ROYAL HUNTER 350;"2023      ";Condutor;Lesões Leves;"22   ";Masculino;"0 ";"1    ";"0    ";"0    ";-15.7876010;-48.1144290;SPRF-DF;DEL03-DF;UOP02-DEL03-DF 
633178;"1419353   ";2024-10-07;segunda-feira;07:10:00;DF;"70   ";"7    ";BRASILIA;Não;Trafegar com motocicleta (ou similar) entre as faixas;2;Queda de ocupante de veículo;Com Vítimas Feridas;Pleno dia;Crescente;Céu Claro;Múltipla;Reta;Sim  ;"1136214   ";Automóvel;VW/POLO TRACK MA;"2024      ";Condutor;Lesões Leves;"40   ";Masculino;"0 ";"1    ";"0    ";"0    ";-15.7876010;-48.1144290;SPRF-DF;DEL03-DF;UOP02-DEL03-DF 
633178;"1419359   ";2024-10-07;segunda-feira;07:10:00;DF;"70   ";"7    ";BRASILIA;Não;Trafegar com motocicleta (ou similar) entre as faixas;1;Colisão lateral mesmo sentido;Com Vítimas Feridas;Pleno dia;Crescente;Céu Claro;Múltipla;Reta;Sim  ;"1136221   ";Caminhonete;VW/SAVEIRO 1.8;"2001      ";Condutor;Ileso;"22   ";Feminino;"1 ";"0    ";"0    ";"0    ";-15.7876010;-48.1144290;SPRF-DF;DEL03-DF;UOP02-DEL03-DF 
633178;"1419355   ";2024-10-07;segunda-feira;07:10:00;DF;"70   ";"7    ";BRASILIA;Não;Trafegar com motocicleta (ou similar) entre as faixas;1;Colisão lateral mesmo sentido;Com Vítimas Feridas;Pleno dia;Crescente;Céu Claro;Múltipla;Reta;Sim  ;"1136219   ";Motocicleta;RE/ROYAL HUNTER 350;"2023      ";Condutor;Lesões Leves;"22   ";Masculino;"0 ";"1    ";"0    ";"0    ";-15.7876010;-48.1144290;SPRF-DF;DEL03-DF;UOP02-DEL03-DF 
633178;"1419353   ";2024-10-07;segunda-feira;07:10:00;DF;"70   ";"7    ";BRASILIA;Não;Trafegar com motocicleta (ou similar) entre as faixas;1;Colisão lateral mesmo sentido;Com Vítimas Feridas;Pleno dia;Crescente;Céu Claro;Múltipla;Reta;Sim  ;"1136214   ";Automóvel;VW/POLO TRACK MA;"2024      ";Condutor;Lesões Leves;"40   ";Masculino;"0 ";"1    ";"0    ";"0    ";-15.7876010;-48.1144290;SPRF-DF;DEL03-DF;UOP02-DEL03-DF 
633178;"1419359   ";2024-10-07;segunda-feira;07:10:00;DF;"70   ";"7    ";BRASILIA;Sim;Manobra de mudança de faixa;3;Colisão traseira;Com Vítimas Feridas;Pleno dia;Crescente;Céu Claro;Múltipla;Reta;Sim  ;"1136221   ";Caminhonete;VW/SAVEIRO 1.8;"2001      ";Condutor;Ileso;"22   ";Feminino;"1 ";"0    ";"0    ";"0    ";-15.7876010;-48.1144290;SPRF-DF;DEL03-DF;UOP02-DEL03-DF 
633178;"1419355   ";2024-10-07;segunda-feira;07:10:00;DF;"70   ";"7    ";BRASILIA;Sim;Manobra de mudança de faixa;3;Colisão traseira;Com Vítimas Feridas;Pleno dia;Crescente;Céu Claro;Múltipla;Reta;Sim  ;"1136219   ";Motocicleta;RE/ROYAL HUNTER 350;"2023      ";Condutor;Lesões Leves;"22   ";Masculino;"0 ";"1    ";"0    ";"0    ";-15.7876010;-48.1144290;SPRF-DF;DEL03-DF;UOP02-DEL03-DF 
633178;"1419353   ";2024-10-07;segunda-feira;07:10:00;DF;"70   ";"7    ";BRASILIA;Sim;Manobra de mudança de faixa;3;Colisão traseira;Com Vítimas Feridas;Pleno dia;Crescente;Céu Claro;Múltipla;Reta;Sim  ;"1136214   ";Automóvel;VW/POLO TRACK MA;"2024      ";Condutor;Lesões Leves;"40   ";Masculino;"0 ";"1    ";"0    ";"0    ";-15.7876010;-48.1144290;SPRF-DF;DEL03-DF;UOP02-DEL03-DF 
633178;"1419359   ";2024-10-07;segunda-feira;07:10:00;DF;"70   ";"7    ";BRASILIA;Sim;Manobra de mudança de faixa;2;Queda de ocupante de veículo;Com Vítimas Feridas;Pleno dia;Crescente;Céu Claro;Múltipla;Reta;Sim  ;"1136221   ";Caminhonete;VW/SAVEIRO 1.8;"2001      ";Condutor;Ileso;"22   ";Feminino;"1 ";"0    ";"0    ";"0    ";-15.7876010;-48.1144290;SPRF-DF;DEL03-DF;UOP02-DEL03-DF 