id;pesid;data_inversa;dia_semana;horario;uf;br;km;municipio;causa_principal;causa_acidente;ordem_tipo_acidente;tipo_acidente;classificacao_acidente;fase_dia;sentido_via;condicao_metereologica;tipo_pista;tracado_via;uso_solo;id_veiculo;tipo_veiculo;marca;ano_fabricacao_veiculo;tipo_envolvido;estado_fisico;idade;sexo;ilesos;feridos_leves;feridos_graves;mortos;latitude;longitude;regional;delegacia;uop
633178;"1419355   ";2024-10-07;segunda-feira;07:10:00;DF;"70   ";"7    ";BRASILIA;Sim;Manobra de mudança de faixa;2;Queda de ocupante de veículo;Com Vítimas Feridas;Pleno dia;Crescente;Céu Claro;Múltipla;Reta;Sim  ;"1136219   ";Motocicleta;RE/ROYAL HUNTER 350;"2023      ";Condutor;Lesões Leves;"22   ";Masculino;"0 ";"1    ";"0    ";"0    ";-15.7876010;-48.1144290;SPRF-DF;DEL03-DF;UOP02-DEL03-DF 
633178;"1419353   ";2024-10-07;segunda-feira;07:10:00;DF;"70   ";"7    ";BRASILIA;Sim;Manobra de mudança de faixa;2;Queda de ocupante de veículo;Com Vítimas Feridas;Pleno dia;Crescente;Céu Claro;Múltipla;Reta;Sim  ;"1136214   ";Automóvel;VW/POLO TRACK MA;"2024      ";Condutor;Lesões Leves;"40   ";Masculino;"0 ";"1    ";"0    ";"0    ";-15.7876010;-48.1144290;SPRF-DF;DEL03-DF;UOP02-DEL03-DF 
633178;"1419359   ";2024-10-07;segunda-feira;07:10:00;DF;"70   ";"7    ";BRASILIA;Sim;Manobra de mudança de faixa;1;Colisão lateral mesmo sentido;Com Vítimas Feridas;Pleno dia;Crescente;Céu Claro;Múltipla;Reta;Sim  ;"1136221   ";Caminhonete;VW/SAVEIRO 1.8;"2001      ";Condutor;Ileso;"22   ";Feminino;"1 ";"0    ";"0    ";"0    ";-15.7876010;-48.1144290;SPRF-DF;DEL03-DF;UOP02-DEL03-DF 
633178;"1419355   ";2024-10-07;segunda-feira;07:10:00;DF;"70   ";"7    ";BRASILIA;Sim;Manobra de mudança de faixa;1;Colisão lateral mesmo sentido;Com Vítimas Feridas;Pleno dia;Crescente;Céu Claro;Múltipla;Reta;Sim  ;"1136219   ";Motocicleta;RE/ROYAL HUNTER 350;"2023      ";Condutor;Lesões Leves;"22   ";Masculino;"0 ";"1    ";"0    ";"0    ";-15.7876010;-48.1144290;SPRF-DF;DEL03-DF;UOP02-DEL03-DF 
633178;"1419353   ";2024-10-07;segunda-feira;07:10:00;DF;"70   ";"7    ";BRASILIA;Sim;Manobra de mudança de faixa;1;Colisão lateral mesmo sentido;Com Vítimas Feridas;Pleno dia;Crescente;Céu Claro;Múltipla;Reta;Sim  ;"1136214   ";Automóvel;VW/POLO TRACK MA;"2024      ";Condutor;Lesões Leves;"40   ";Masculino;"0 ";"1    ";"0    ";"0    ";-15.7876010;-48.1144290;SPRF-DF;DEL03-DF;UOP02-DEL03-DF 
633179;"1419287   ";2024-10-07;segunda-feira;00:10:00;GO;"414  ";"401  ";CORUMBA DE GOIAS;Sim;Ausência de reação do condutor;2;Colisão com objeto;Com Vítimas Feridas;Plena Noite;Crescente;Céu Claro;Simples;Reta;Não  ;"1136161   ";Automóvel;HONDA/CIVIC LXR;"2013      ";Condutor;Lesões Leves;"36   ";Masculino;"0 ";"1    ";"0    ";"0    ";-15.9844799;-48.8290864;SPRF-GO;DEL02-GO;UOP01-DEL02-GO 
633179;"1419287   ";2024-10-07;segunda-feira;00:10:00;GO;"414  ";"401  ";CORUMBA DE GOIAS;Sim;Ausência de reação do condutor;1;Saída de leito carroçável;Com Vítimas Feridas;Plena Noite;Crescente;Céu Claro;Simples;Reta;Não  ;"1136161   ";Automóvel;HONDA/CIVIC LXR;"2013      ";Condutor;Lesões Leves;"36   ";Masculino;"0 ";"1    ";"0    ";"0    ";-15.9844799;-48.8290864;SPRF-GO;DEL02-GO;UOP01-DEL02-GO 
633182;"1419345   ";2024-10-07;segunda-feira;08:05:00;GO;"20   ";"32,4 ";FORMOSA;Sim;Ausência de reação do condutor;1;Capotamento;Com Vítimas Feridas;Pleno dia;Crescente;Céu Claro;Simples;"Reta;Em Obras;Aclive";Não  ;"1136211   ";Automóvel;VW/CROSSFOX GII;"2014      ";Passageiro;Ileso;"55   ";Masculino;"1 ";"0    ";"0    ";"0    ";-15.4821590;-47.1017570;SPRF-DF;DEL02-DF;UOP02-DEL02-DF 
633182;"1419346   ";2024-10-07;segunda-feira;08:05:00;GO;"20   ";"32,4 ";FORMOSA;Sim;Ausência de reação do condutor;1;Capotamento;Com Vítimas Feridas;Pleno dia;Crescente;Céu Claro;Simples;"Reta;Em Obras;Aclive";Não  ;"1136211   ";Automóvel;VW/CROSSFOX GII;"2014      ";Passageiro;Lesões Leves;"60   ";Feminino;"0 ";"1    ";"0    ";"0    ";-15.4821590;-47.1017570;SPRF-DF;DEL02-DF;UOP02-DEL02-DF 
633182;"1419343   ";2024-10-07;segunda-feira;08:05:00;GO;"20   ";"32,4 ";FORMOSA;Sim;Ausência de reação do condutor;1;Capotamento;Com Vítimas Feridas;Pleno dia;Crescente;Céu Claro;Simples;"Reta;Em Obras;Aclive";Não  ;"1136211   ";Automóvel;VW/CROSSFOX GII;"2014      ";Condutor;Lesões Leves;"55   ";Masculino;"0 ";"1    ";"0    ";"0    ";-15.4821590;-47.1017570;SPRF-DF;DEL02-DF;UOP02-DEL02-DF 
633182;"1419344   ";2024-10-07;segunda-feira;08:05:00;GO;"20   ";"32,4 ";FORMOSA;Sim;Ausência de reação do condutor;1;Capotamento;Com Vítimas Feridas;Pleno dia;Crescente;Céu Claro;Simples;"Reta;Em Obras;Aclive";Não  ;"1136211   ";Automóvel;VW/CROSSFOX GII;"2014      ";Passageiro;Lesões Leves;"60   ";Feminino;"0 ";"1    ";"0    ";"0    ";-15.4821590;-47.1017570;SPRF-DF;DEL02-DF;UOP02-DEL02-DF 
633182;"1421826   ";2024-10-07;segunda-feira;08:05:00;GO;"20   ";"32,4 ";FORMOSA;Sim;Ausência de reação do condutor;1;Capotamento;Com Vítimas Feridas;Pleno dia;Crescente;Céu Claro;Simples;"Reta;Em Obras;Aclive";Não  ;"0         ";"0";NA/NA;"0         ";Testemunha;Não Informado;"0    ";Não Informado;"0 ";"0    ";"0    ";"0    ";-15.4821590;-47.1017570;SPRF-DF;DEL02-DF;UOP02-DEL02-DF 
633233;"1419531   ";2024-10-07;segunda-feira;10:30:00;DF;"20   ";"3,9  ";BRASILIA;Sim;Condutor deixou de manter distância do veículo da frente;1;Engavetamento;Sem Vítimas;Pleno dia;Decrescente;Céu Claro;Dupla;Reta;Sim  ;"1136366   ";Camioneta;JEEP/COMPASS LONG TF;"2021      ";Condutor;Ileso;"48   ";Feminino;"1 ";"0    ";"0    ";"0    ";-15.6798510;-47.8322110;SPRF-DF;DEL02-DF;UOP01-DEL02-DF 
633233;"1419529   ";2024-10-07;segunda-feira;10:30:00;DF;"20   ";"3,9  ";BRASILIA;Sim;Condutor deixou de manter distância do veículo da frente;1;Engavetamento;Sem Vítimas;Pleno dia;Decrescente;Céu Claro;Dupla;Reta;Sim  ;"1136365   ";Caminhonete;MMC/L200 TRITON SPO GL;"2022      ";Condutor;Ileso;"74   ";Masculino;"1 ";"0    ";"0    ";"0    ";-15.6798510;-47.8322110;SPRF-DF;DEL02-DF;UOP01-DEL02-DF 
633233;"1419525   ";2024-10-07;segunda-feira;10:30:00;DF;"20   ";"3,9  ";BRASILIA;Sim;Condutor deixou de manter distância do veículo da frente;1;Engavetamento;Sem Vítimas;Pleno dia;Decrescente;Céu Claro;Dupla;Reta;Sim  ;"1136369   ";Caminhonete;FIAT/STRADA FREEDOM CD13;"2023      ";Condutor;Ileso;"28   ";Masculino;"1 ";"0    ";"0    ";"0    ";-15.6798510;-47.8322110;SPRF-DF;DEL02-DF;UOP01-DEL02-DF 
633278;"1419780   ";2024-10-07;segunda-feira;15:15:00;DF;"40   ";"2,8  ";BRASILIA;Sim;Reação tardia ou ineficiente do condutor;3;Queda de ocupante de veículo;Com Vítimas Feridas;Pleno dia;Crescente;Céu Claro;Dupla;Reta;Não  ;"1136571   ";Motocicleta;KAWASAKI/NINJA 250R;"2010      ";Condutor;Lesões Leves;"64   ";Masculino;"0 ";"1    ";"0    ";"0    ";-16.0031450;-47.9839440;SPRF-DF;DEL01-DF;UOP01-DEL01-DF 
633278;"1419781   ";2024-10-07;segunda-feira;15:15:00;DF;"40   ";"2,8  ";BRASILIA;Sim;Reação tardia ou ineficiente do condutor;3;Queda de ocupante de veículo;Com Vítimas Feridas;Pleno dia;Crescente;Céu Claro;Dupla;Reta;Não  ;"1136570   ";Automóvel;PEUGEOT/206 SW14 PRES FX;"2006      ";Condutor;Ileso;"36   ";Masculino;"1 ";"0    ";"0    ";"0    ";-16.0031450;-47.9839440;SPRF-DF;DEL01-DF;UOP01-DEL01-DF 
633278;"1419782   ";2024-10-07;segunda-feira;15:15:00;DF;"40   ";"2,8  ";BRASILIA;Sim;Reação tardia ou ineficiente do condutor;3;Queda de ocupante de veículo;Com Vítimas Feridas;Pleno dia;Crescente;Céu Claro;Dupla;Reta;Não  ;"1136569   ";Automóvel;CHEV/ONIX 10MT LT2;"2024      ";Condutor;Ileso;"45   ";Masculino;"1 ";"0    ";"0    ";"0    ";-16.0031450;-47.9839440;SPRF-DF;DEL01-DF;UOP01-DEL01-DF 
633278;"1419780   ";2024-10-07;segunda-feira;15:15:00;DF;"40   ";"2,8  ";BRASILIA;Sim;Reação tardia ou ineficiente do condutor;2;Tombamento;Com Vítimas Feridas;Pleno dia;Crescente;Céu Claro;Dupla;Reta;Não  ;"1136571   ";Motocicleta;KAWASAKI/NINJA 250R;"2010      ";Condutor;Lesões Leves;"64   ";Masculino;"0 ";"1    ";"0    ";"0    ";-16.0031450;-47.9839440;SPRF-DF;DEL01-DF;UOP01-DEL01-DF 
633278;"1419781   ";2024-10-07;segunda-feira;15:15:00;DF;"40   ";"2,8  ";BRASILIA;Sim;Reação tardia ou ineficiente do condutor;2;Tombamento;Com Vítimas Feridas;Pleno dia;Crescente;Céu Claro;Dupla;Reta;Não  ;"1136570   ";Automóvel;PEUGEOT/206 SW14 PRES FX;"2006      ";Condutor;Ileso;"36   ";Masculino;"1 ";"0    ";"0    ";"0    ";-16.0031450;-47.9839440;SPRF-DF;DEL01-DF;UOP01-DEL01-DF 
633278;"1419782   ";2024-10-07;segunda-feira;15:15:00;DF;"40   ";"2,8  ";BRASILIA;Sim;Reação tardia ou ineficiente do condutor;2;Tombamento;Com Vítimas Feridas;Pleno dia;Crescente;Céu Claro;Dupla;Reta;Não  ;"1136569   ";Automóvel;CHEV/ONIX 10MT LT2;"2024      ";Condutor;Ileso;"45   ";Masculino;"1 ";"0    ";"0    ";"0    ";-16.0031450;-47.9839440;SPRF-DF;DEL01-DF;UOP01-DEL01-DF 
633278;"1419780   ";2024-10-07;segunda-feira;15:15:00;DF;"40   ";"2,8  ";BRASILIA;Sim;Reação tardia ou ineficiente do condutor;1;Colisão traseira;Com Vítimas Feridas;Pleno dia;Crescente;Céu Claro;Dupla;Reta;Não  ;"1136571   ";Motocicleta;KAWASAKI/NINJA 250R;"2010      ";Condutor;Lesões Leves;"64   ";Masculino;"0 ";"1    ";"0    ";"0    ";-16.0031450;-47.9839440;SPRF-DF;DEL01-DF;UOP01-DEL01-DF 
633278;"1419781   ";2024-10-07;segunda-feira;15:15:00;DF;"40   ";"2,8  ";BRASILIA;Sim;Reação tardia ou ineficiente do condutor;1;Colisão traseira;Com Vítimas Feridas;Pleno dia;Crescente;Céu Claro;Dupla;Reta;Não  ;"1136570   ";Automóvel;PEUGEOT/206 SW14 PRES FX;"2006      ";Condutor;Ileso;"36   ";Masculino;"1 ";"0    ";"0    ";"0    ";-16.0031450;-47.9839440;SPRF-DF;DEL01-DF;UOP01-DEL01-DF 
633278;"1419782   ";2024-10-07;segunda-feira;15:15:00;DF;"40   ";"2,8  ";BRASILIA;Sim;Reação tardia ou ineficiente do condutor;1;Colisão traseira;Com Vítimas Feridas;Pleno dia;Crescente;Céu Claro;Dupla;Reta;Não  ;"1136569   ";Automóvel;CHEV/ONIX 10MT LT2;"2024      ";Condutor;Ileso;"45   ";Masculino;"1 ";"0    ";"0    ";"0    ";-16.0031450;-47.9839440;SPRF-DF;DEL01-DF;UOP01-DEL01-DF 
633322;"1419633   ";2024-10-07;segunda-feira;18:30:00;DF;"20   ";"1,7  ";BRASILIA;Não;Velocidade Incompatível;1;Colisão traseira;Com Vítimas Feridas;Anoitecer;Crescente;Céu Claro;Múltipla;"Reta;Declive";Não  ;"1136451   ";Caminhão;RENAULT/MASTER PL2 MNP A;"2024      ";Condutor;Ileso;"66   ";Masculino;"1 ";"0    ";"0    ";"0    ";-15.6858140;-47.8498380;SPRF-DF;DEL02-DF;UOP01-DEL02-DF 
633322;"1419635   ";2024-10-07;segunda-feira;18:30:00;DF;"20   ";"1,7  ";BRASILIA;Não;Velocidade Incompatível;1;Colisão traseira;Com Vítimas Feridas;Anoitecer;Crescente;Céu Claro;Múltipla;"Reta;Declive";Não  ;"1136451   ";Caminhão;RENAULT/MASTER PL2 MNP A;"2024      ";Passageiro;Lesões Leves;"41   ";Feminino;"0 ";"1    ";"0    ";"0    ";-15.6858140;-47.8498380;SPRF-DF;DEL02-DF;UOP01-DEL02-DF 
633322;"1419636   ";2024-10-07;segunda-feira;18:30:00;DF;"20   ";"1,7  ";BRASILIA;Não;Velocidade Incompatível;1;Colisão traseira;Com Vítimas Feridas;Anoitecer;Crescente;Céu Claro;Múltipla;"Reta;Declive";Não  ;"1136451   ";Caminhão;RENAULT/MASTER PL2 MNP A;"2024      ";Passageiro;Ileso;"58   ";Feminino;"1 ";"0    ";"0    ";"0    ";-15.6858140;-47.8498380;SPRF-DF;DEL02-DF;UOP01-DEL02-DF 
633322;"1419638   ";2024-10-07;segunda-feira;18:30:00;DF;"20   ";"1,7  ";BRASILIA;Não;Velocidade Incompatível;1;Colisão traseira;Com Vítimas Feridas;Anoitecer;Crescente;Céu Claro;Múltipla;"Reta;Declive";Não  ;"1136451   ";Caminhão;RENAULT/MASTER PL2 MNP A;"2024      ";Passageiro;Lesões Leves;"67   ";Masculino;"0 ";"1    ";"0    ";"0    ";-15.6858140;-47.8498380;SPRF-DF;DEL02-DF;UOP01-DEL02-DF 
633322;"1419637   ";2024-10-07;segunda-feira;18:30:00;DF;"20   ";"1,7  ";BRASILIA;Não;Velocidade Incompatível;1;Colisão traseira;Com Vítimas Feridas;Anoitecer;Crescente;Céu Claro;Múltipla;"Reta;Declive";Não  ;"1136451   ";Caminhão;RENAULT/MASTER PL2 MNP A;"2024      ";Passageiro;Ileso;"53   ";Feminino;"1 ";"0    ";"0    ";"0    ";-15.6858140;-47.8498380;SPRF-DF;DEL02-DF;UOP01-DEL02-DF 
633322;"1419632   ";2024-10-07;segunda-feira;18:30:00;DF;"20   ";"1,7  ";BRASILIA;Não;Velocidade Incompatível;1;Colisão traseira;Com Vítimas Feridas;Anoitecer;Crescente;Céu Claro;Múltipla;"Reta;Declive";Não  ;"1136450   ";Automóvel;RENAULT/SANDERO DYNA 16;"2016      ";Condutor;Ileso;"55   ";Masculino;"1 ";"0    ";"0    ";"0    ";-15.6858140;-47.8498380;SPRF-DF;DEL02-DF;UOP01-DEL02-DF 
633322;"1419633   ";2024-10-07;segunda-feira;18:30:00;DF;"20   ";"1,7  ";BRASILIA;Não;Reação tardia ou ineficiente do condutor;1;Colisão traseira;Com Vítimas Feridas;Anoitecer;Crescente;Céu Claro;Múltipla;"Reta;Declive";Não  ;"1136451   ";Caminhão;RENAULT/MASTER PL2 MNP A;"2024      ";Condutor;Ileso;"66   ";Masculino;"1 ";"0    ";"0    ";"0    ";-15.6858140;-47.8498380;SPRF-DF;DEL02-DF;UOP01-DEL02-DF 
633322;"1419635   ";2024-10-07;segunda-feira;18:30:00;DF;"20   ";"1,7  ";BRASILIA;Não;Reação tardia ou ineficiente do condutor;1;Colisão traseira;Com Vítimas Feridas;Anoitecer;Crescente;Céu Claro;Múltipla;"Reta;Declive";Não  ;"1136451   ";Caminhão;RENAULT/MASTER PL2 MNP A;"2024      ";Passageiro;Lesões Leves;"41   ";Feminino;"0 ";"1    ";"0    ";"0    ";-15.6858140;-47.8498380;SPRF-DF;DEL02-DF;UOP01-DEL02-DF 
633322;"1419636   ";2024-10-07;segunda-feira;18:30:00;DF;"20   ";"1,7  ";BRASILIA;Não;Reação tardia ou ineficiente do condutor;1;Colisão traseira;Com Vítimas Feridas;Anoitecer;Crescente;Céu Claro;Múltipla;"Reta;Declive";Não  ;"1136451   ";Caminhão;RENAULT/MASTER PL2 MNP A;"2024      ";Passageiro;Ileso;"58   ";Feminino;"1 ";"0    ";"0    ";"0    ";-15.6858140;-47.8498380;SPRF-DF;DEL02-DF;UOP01-DEL02-DF 
633322;"1419638   ";2024-10-07;segunda-feira;18:30:00;DF;"20   ";"1,7  ";BRASILIA;Não;Reação tardia ou ineficiente do condutor;1;Colisão traseira;Com Vítimas Feridas;Anoitecer;Crescente;Céu Claro;Múltipla;"Reta;Declive";Não  ;"1136451   ";Caminhão;RENAULT/MASTER PL2 MNP A;"2024      ";Passageiro;Lesões Leves;"67   ";Masculino;"0 ";"1    ";"0    ";"0    ";-15.6858140;-47.8498380;SPRF-DF;DEL02-DF;UOP01-DEL02-DF 
633322;"1419637   ";2024-10-07;segunda-feira;18:30:00;DF;"20   ";"1,7  ";BRASILIA;Não;Reação tardia ou ineficiente do condutor;1;Colisão traseira;Com Vítimas Feridas;Anoitecer;Crescente;Céu Claro;Múltipla;"Reta;Declive";Não  ;"1136451   ";Caminhão;RENAULT/MASTER PL2 MNP A;"2024      ";Passageiro;Ileso;"53   ";Feminino;"1 ";"0    ";"0    ";"0    ";-15.6858140;-47.8498380;SPRF-DF;DEL02-DF;UOP01-DEL02-DF 
633322;"1419632   ";2024-10-07;segunda-feira;18:30:00;DF;"20   ";"1,7  ";BRASILIA;Não;Reação tardia ou ineficiente do condutor;1;Colisão traseira;Com Vítimas Feridas;Anoitecer;Crescente;Céu Claro;Múltipla;"Reta;Declive";Não  ;"1136450   ";Automóvel;RENAULT/SANDERO DYNA 16;"2016      ";Condutor;Ileso;"55   ";Masculino;"1 ";"0    ";"0    ";"0    ";-15.6858140;-47.8498380;SPRF-DF;DEL02-DF;UOP01-DEL02-DF 
633322;"1419633   ";2024-10-07;segunda-feira;18:30:00;DF;"20   ";"1,7  ";BRASILIA;Não;Demais falhas na via;1;Colisão traseira;Com Vítimas Feridas;Anoitecer;Crescente;Céu Claro;Múltipla;"Reta;Declive";Não  ;"1136451   ";Caminhão;RENAULT/MASTER PL2 MNP A;"2024      ";Condutor;Ileso;"66   ";Masculino;"1 ";"0    ";"0    ";"0    ";-15.6858140;-47.8498380;SPRF-DF;DEL02-DF;UOP01-DEL02-DF 
633322;"1419635   ";2024-10-07;segunda-feira;18:30:00;DF;"20   ";"1,7  ";BRASILIA;Não;Demais falhas na via;1;Colisão traseira;Com Vítimas Feridas;Anoitecer;Crescente;Céu Claro;Múltipla;"Reta;Declive";Não  ;"1136451   ";Caminhão;RENAULT/MASTER PL2 MNP A;"2024      ";Passageiro;Lesões Leves;"41   ";Feminino;"0 ";"1    ";"0    ";"0    ";-15.6858140;-47.8498380;SPRF-DF;DEL02-DF;UOP01-DEL02-DF 
633322;"1419636   ";2024-10-07;segunda-feira;18:30:00;DF;"20   ";"1,7  ";BRASILIA;Não;Demais falhas na via;1;Colisão traseira;Com Vítimas Feridas;Anoitecer;Crescente;Céu Claro;Múltipla;"Reta;Declive";Não  ;"1136451   ";Caminhão;RENAULT/MASTER PL2 MNP A;"2024      ";Passageiro;Ileso;"58   ";Feminino;"1 ";"0    ";"0    ";"0    ";-15.6858140;-47.8498380;SPRF-DF;DEL02-DF;UOP01-DEL02-DF 
633322;"1419638   ";2024-10-07;segunda-feira;18:30:00;DF;"20   ";"1,7  ";BRASILIA;Não;Demais falhas na via;1;Colisão traseira;Com Vítimas Feridas;Anoitecer;Crescente;Céu Claro;Múltipla;"Reta;Declive";Não  ;"1136451   ";Caminhão;RENAULT/MASTER PL2 MNP A;"2024      ";Passageiro;Lesões Leves;"67   ";Masculino;"0 ";"1    ";"0    ";"0    ";-15.6858140;-47.8498380;SPRF-DF;DEL02-DF;UOP01-DEL02-DF 
633322;"1419637   ";2024-10-07;segunda-feira;18:30:00;DF;"20   ";"1,7  ";BRASILIA;Não;Demais falhas na via;1;Colisão traseira;Com Vítimas Feridas;Anoitecer;Crescente;Céu Claro;Múltipla;"Reta;Declive";Não  ;"1136451   ";Caminhão;RENAULT/MASTER PL2 MNP A;"2024      ";Passageiro;Ileso;"53   ";Feminino;"1 ";"0    ";"0    ";"0    ";-15.6858140;-47.8498380;SPRF-DF;DEL02-DF;UOP01-DEL02-DF 
633322;"1419632   ";2024-10-07;segunda-feira;18:30:00;DF;"20   ";"1,7  ";BRASILIA;Não;Demais falhas na via;1;Colisão traseira;Com Vítimas Feridas;Anoitecer;Crescente;Céu Claro;Múltipla;"Reta;Declive";Não  ;"1136450   ";Automóvel;RENAULT/SANDERO DYNA 16;"2016      ";Condutor;Ileso;"55   ";Masculino;"1 ";"0    ";"0    ";"0    ";-15.6858140;-47.8498380;SPRF-DF;DEL02-DF;UOP01-DEL02-DF 
633322;"1419633   ";2024-10-07;segunda-feira;18:30:00;DF;"20   ";"1,7  ";BRASILIA;Não;Acesso irregular;1;Colisão traseira;Com Vítimas Feridas;Anoitecer;Crescente;Céu Claro;Múltipla;"Reta;Declive";Não  ;"1136451   ";Caminhão;RENAULT/MASTER PL2 MNP A;"2024      ";Condutor;Ileso;"66   ";Masculino;"1 ";"0    ";"0    ";"0    ";-15.6858140;-47.8498380;SPRF-DF;DEL02-DF;UOP01-DEL02-DF 
633322;"1419635   ";2024-10-07;segunda-feira;18:30:00;DF;"20   ";"1,7  ";BRASILIA;Não;Acesso irregular;1;Colisão traseira;Com Vítimas Feridas;Anoitecer;Crescente;Céu Claro;Múltipla;"Reta;Declive";Não  ;"1136451   ";Caminhão;RENAULT/MASTER PL2 MNP A;"2024      ";Passageiro;Lesões Leves;"41   ";Feminino;"0 ";"1    ";"0    ";"0    ";-15.6858140;-47.8498380;SPRF-DF;DEL02-DF;UOP01-DEL02-DF 
633322;"1419636   ";2024-10-07;segunda-feira;18:30:00;DF;"20   ";"1,7  ";BRASILIA;Não;Acesso irregular;1;Colisão traseira;Com Vítimas Feridas;Anoitecer;Crescente;Céu Claro;Múltipla;"Reta;Declive";Não  ;"1136451   ";Caminhão;RENAULT/MASTER PL2 MNP A;"2024      ";Passageiro;Ileso;"58   ";Feminino;"1 ";"0    ";"0    ";"0    ";-15.6858140;-47.8498380;SPRF-DF;DEL02-DF;UOP01-DEL02-DF 
633322;"1419638   ";2024-10-07;segunda-feira;18:30:00;DF;"20   ";"1,7  ";BRASILIA;Não;Acesso irregular;1;Colisão traseira;Com Vítimas Feridas;Anoitecer;Crescente;Céu Claro;Múltipla;"Reta;Declive";Não  ;"1136451   ";Caminhão;RENAULT/MASTER PL2 MNP A;"2024      ";Passageiro;Lesões Leves;"67   ";Masculino;"0 ";"1    ";"0    ";"0    ";-15.6858140;-47.8498380;SPRF-DF;DEL02-DF;UOP01-DEL02-DF 
633322;"1419637   ";2024-10-07;segunda-feira;18:30:00;DF;"20   ";"1,7  ";BRASILIA;Não;Acesso irregular;1;Colisão traseira;Com Vítimas Feridas;Anoitecer;Crescente;Céu Claro;Múltipla;"Reta;Declive";Não  ;"1136451   ";Caminhão;RENAULT/MASTER PL2 MNP A;"2024      ";Passageiro;Ileso;"53   ";Feminino;"1 ";"0    ";"0    ";"0    ";-15.6858140;-47.8498380;SPRF-DF;DEL02-DF;UOP01-DEL02-DF 
633322;"1419632   ";2024-10-07;segunda-feira;18:30:00;DF;"20   ";"1,7  ";BRASILIA;Não;Acesso irregular;1;Colisão traseira;Com Vítimas Feridas;Anoitecer;Crescente;Céu Claro;Múltipla;"Reta;Declive";Não  ;"1136450   ";Automóvel;RENAULT/SANDERO DYNA 16;"2016      ";Condutor;Ileso;"55   ";Masculino;"1 ";"0    ";"0    ";"0    ";-15.6858140;-47.8498380;SPRF-DF;DEL02-DF;UOP01-DEL02-DF 
633322;"1419633   ";2024-10-07;segunda-feira;18:30:00;DF;"20   ";"1,7  ";BRASILIA;Sim;Transitar no Acostamento;1;Colisão traseira;Com Vítimas Feridas;Anoitecer;Crescente;Céu Claro;Múltipla;"Reta;Declive";Não  ;"1136451   ";Caminhão;RENAULT/MASTER PL2 MNP A;"2024      ";Condutor;Ileso;"66   ";Masculino;"1 ";"0    ";"0    ";"0    ";-15.6858140;-47.8498380;SPRF-DF;DEL02-DF;UOP01-DEL02-DF 
633322;"1419635   ";2024-10-07;segunda-feira;18:30:00;DF;"20   ";"1,7  ";BRASILIA;Sim;Transitar no Acostamento;1;Colisão traseira;Com Vítimas Feridas;Anoitecer;Crescente;Céu Claro;Múltipla;"Reta;Declive";Não  ;"1136451   ";Caminhão;RENAULT/MASTER PL2 MNP A;"2024      ";Passageiro;Lesões Leves;"41   ";Feminino;"0 ";"1    ";"0    ";"0    ";-15.6858140;-47.8498380;SPRF-DF;DEL02-DF;UOP01-DEL02-DF 
633322;"1419636   ";2024-10-07;segunda-feira;18:30:00;DF;"20   ";"1,7  ";BRASILIA;Sim;Transitar no Acostamento;1;Colisão traseira;Com Vítimas Feridas;Anoitecer;Crescente;Céu Claro;Múltipla;"Reta;Declive";Não  ;"1136451   ";Caminhão;RENAULT/MASTER PL2 MNP A;"2024      ";Passageiro;Ileso;"58   ";Feminino;"1 ";"0    ";"0    ";"0    ";-15.6858140;-47.8498380;SPRF-DF;DEL02-DF;UOP01-DEL02-DF 
633322;"1419638   ";2024-10-07;segunda-feira;18:30:00;DF;"20   ";"1,7  ";BRASILIA;Sim;Transitar no Acostamento;1;Colisão traseira;Com Vítimas Feridas;Anoitecer;Crescente;Céu Claro;Múltipla;"Reta;Declive";Não  ;"1136451   ";Caminhão;RENAULT/MASTER PL2 MNP A;"2024      ";Passageiro;Lesões Leves;"67   ";Masculino;"0 ";"1    ";"0    ";"0    ";-15.6858140;-47.8498380;SPRF-DF;DEL02-DF;UOP01-DEL02-DF 
633322;"1419637   ";2024-10-07;segunda-feira;18:30:00;DF;"20   ";"1,7  ";BRASILIA;Sim;Transitar no Acostamento;1;Colisão traseira;Com Vítimas Feridas;Anoitecer;Crescente;Céu Claro;Múltipla;"Reta;Declive";Não  ;"1136451   ";Caminhão;RENAULT/MASTER PL2 MNP A;"2024      ";Passageiro;Ileso;"53   ";Feminino;"1 ";"0    ";"0    ";"0    ";-15.6858140;-47.8498380;SPRF-DF;DEL02-DF;UOP01-DEL02-DF 
633322;"1419632   ";2024-10-07;segunda-feira;18:30:00;DF;"20   ";"1,7  ";BRASILIA;Sim;Transitar no Acostamento;1;Colisão traseira;Com Vítimas Feridas;Anoitecer;Crescente;Céu Claro;Múltipla;"Reta;Declive";Não  ;"1136450   ";Automóvel;RENAULT/SANDERO DYNA 16;"2016      ";Condutor;Ileso;"55   ";Masculino;"1 ";"0    ";"0    ";"0    ";-15.6858140;-47.8498380;SPRF-DF;DEL02-DF;UOP01-DEL02-DF 
633379;"1419843   ";2024-10-08;terça-feira;07:20:00;DF;"40   ";"0,5  ";BRASILIA;Sim;Manobra de mudança de faixa;2;Queda de ocupante de veículo;Com Vítimas Feridas;Pleno dia;Decrescente;Céu Claro;Dupla;Reta;Sim  ;"1136618   ";Automóvel;CHEV/PRISMA 1.4MT LT;"2013      ";Condutor;Ileso;"37   ";Feminino;"1 ";"0    ";"0    ";"0    ";-15.9768970;-47.9901290;SPRF-DF;DEL01-DF;UOP01-DEL01-DF 
633379;"1421685   ";2024-10-08;terça-feira;07:20:00;DF;"40   ";"0,5  ";BRASILIA;Sim;Manobra de mudança de faixa;2;Queda de ocupante de veículo;Com Vítimas Feridas;Pleno dia;Decrescente;Céu Claro;Dupla;Reta;Sim  ;"1138091   ";Motocicleta;HONDA/CG 160 TITAN;"2019      ";Condutor;Lesões Graves;"45   ";Masculino;"0 ";"0    ";"1    ";"0    ";-15.9768970;-47.9901290;SPRF-DF;DEL01-DF;UOP01-DEL01-DF 