id;pesid;data_inversa;dia_semana;horario;uf;br;km;municipio;causa_principal;causa_acidente;ordem_tipo_acidente;tipo_acidente;classificacao_acidente;fase_dia;sentido_via;condicao_metereologica;tipo_pista;tracado_via;uso_solo;id_veiculo;tipo_veiculo;marca;ano_fabricacao_veiculo;tipo_envolvido;estado_fisico;idade;sexo;ilesos;feridos_leves;feridos_graves;mortos;latitude;longitude;regional;delegacia;uop
634162;"1427131   ";2024-10-11;sexta-feira;15:25:00;DF;"40   ";"6,8  ";BRASILIA;Não;Condutor deixou de manter distância do veículo da frente;1;Colisão traseira;Sem Vítimas;Pleno dia;Crescente;Nublado;Dupla;Reta;Não  ;"1138115   ";Camioneta;FORD/ECOSPORT XL 1.6FLEX;"2007      ";Passageiro;Ileso;"1    ";Feminino;"1 ";"0    ";"0    ";"0    ";-16.0297410;-47.9788670;SPRF-DF;DEL01-DF;UOP01-DEL01-DF 
634162;"1421724   ";2024-10-11;sexta-feira;15:25:00;DF;"40   ";"6,8  ";BRASILIA;Não;Condutor deixou de manter distância do veículo da frente;1;Colisão traseira;Sem Vítimas;Pleno dia;Crescente;Nublado;Dupla;Reta;Não  ;"1138115   ";Camioneta;FORD/ECOSPORT XL 1.6FLEX;"2007      ";Condutor;Ileso;"29   ";Feminino;"1 ";"0    ";"0    ";"0    ";-16.0297410;-47.9788670;SPRF-DF;DEL01-DF;UOP01-DEL01-DF 
634162;"1421726   ";2024-10-11;sexta-feira;15:25:00;DF;"40   ";"6,8  ";BRASILIA;Sim;Reação tardia ou ineficiente do condutor;1;Colisão traseira;Sem Vítimas;Pleno dia;Crescente;Nublado;Dupla;Reta;Não  ;"1138117   ";Ônibus;M.BENZ/INDUSCAR APACHE U;"2021      ";Condutor;Ileso;"39   ";Masculino;"1 ";"0    ";"0    ";"0    ";-16.0297410;-47.9788670;SPRF-DF;DEL01-DF;UOP01-DEL01-DF 
634162;"1427145   ";2024-10-11;sexta-feira;15:25:00;DF;"40   ";"6,8  ";BRASILIA;Sim;Reação tardia ou ineficiente do condutor;1;Colisão traseira;Sem Vítimas;Pleno dia;Crescente;Nublado;Dupla;Reta;Não  ;"1138115   ";Camioneta;FORD/ECOSPORT XL 1.6FLEX;"2007      ";Passageiro;Ileso;"14   ";Masculino;"1 ";"0    ";"0    ";"0    ";-16.0297410;-47.9788670;SPRF-DF;DEL01-DF;UOP01-DEL01-DF 
634162;"1427135   ";2024-10-11;sexta-feira;15:25:00;DF;"40   ";"6,8  ";BRASILIA;Sim;Reação tardia ou ineficiente do condutor;1;Colisão traseira;Sem Vítimas;Pleno dia;Crescente;Nublado;Dupla;Reta;Não  ;"1138115   ";Camioneta;FORD/ECOSPORT XL 1.6FLEX;"2007      ";Passageiro;Ileso;"53   ";Feminino;"1 ";"0    ";"0    ";"0    ";-16.0297410;-47.9788670;SPRF-DF;DEL01-DF;UOP01-DEL01-DF 
634162;"1427131   ";2024-10-11;sexta-feira;15:25:00;DF;"40   ";"6,8  ";BRASILIA;Sim;Reação tardia ou ineficiente do condutor;1;Colisão traseira;Sem Vítimas;Pleno dia;Crescente;Nublado;Dupla;Reta;Não  ;"1138115   ";Camioneta;FORD/ECOSPORT XL 1.6FLEX;"2007      ";Passageiro;Ileso;"1    ";Feminino;"1 ";"0    ";"0    ";"0    ";-16.0297410;-47.9788670;SPRF-DF;DEL01-DF;UOP01-DEL01-DF 
634162;"1421724   ";2024-10-11;sexta-feira;15:25:00;DF;"40   ";"6,8  ";BRASILIA;Sim;Reação tardia ou ineficiente do condutor;1;Colisão traseira;Sem Vítimas;Pleno dia;Crescente;Nublado;Dupla;Reta;Não  ;"1138115   ";Camioneta;FORD/ECOSPORT XL 1.6FLEX;"2007      ";Condutor;Ileso;"29   ";Feminino;"1 ";"0    ";"0    ";"0    ";-16.0297410;-47.9788670;SPRF-DF;DEL01-DF;UOP01-DEL01-DF 
634245;"1431651   ";2024-10-11;sexta-feira;18:00:00;DF;"20   ";"0    ";BRASILIA;Sim;Chuva;1;Queda de ocupante de veículo;Com Vítimas Feridas;Plena Noite;Crescente;Chuva;Dupla;Reta;Sim  ;"1145785   ";Automóvel;Não Informado/Não Informado;"0         ";Condutor;Ileso;"0    ";Masculino;"1 ";"0    ";"0    ";"0    ";-15.6881450;-47.8587970;SPRF-DF;DEL02-DF;UOP01-DEL02-DF 
634245;"1428925   ";2024-10-11;sexta-feira;18:00:00;DF;"20   ";"0    ";BRASILIA;Sim;Chuva;1;Queda de ocupante de veículo;Com Vítimas Feridas;Plena Noite;Crescente;Chuva;Dupla;Reta;Sim  ;"1143637   ";Motocicleta;HONDA/CG 160 FAN;"2024      ";Condutor;Lesões Graves;"26   ";Masculino;"0 ";"0    ";"1    ";"0    ";-15.6881450;-47.8587970;SPRF-DF;DEL02-DF;UOP01-DEL02-DF 
634245;"1422121   ";2024-10-11;sexta-feira;18:00:00;DF;"20   ";"0    ";BRASILIA;Sim;Chuva;1;Queda de ocupante de veículo;Com Vítimas Feridas;Plena Noite;Crescente;Chuva;Dupla;Reta;Sim  ;"1138432   ";Automóvel;RENAULT/KWID ZEN 10MT;"2021      ";Condutor;Ileso;"47   ";Feminino;"1 ";"0    ";"0    ";"0    ";-15.6881450;-47.8587970;SPRF-DF;DEL02-DF;UOP01-DEL02-DF 
634258;"1422029   ";2024-10-11;sexta-feira;22:20:00;DF;"251  ";"59,2 ";BRASILIA;Não;Reação tardia ou ineficiente do condutor;3;Colisão transversal;Com Vítimas Feridas;Plena Noite;Crescente;Nublado;Simples;Reta;Não  ;"1138348   ";Motocicleta;SUNDOWN/HUNTER 90;"2006      ";Condutor;Lesões Leves;"25   ";Masculino;"0 ";"1    ";"0    ";"0    ";-15.9481130;-47.8452350;SPRF-DF;DEL01-DF;UOP01-DEL01-DF 
634258;"1422031   ";2024-10-11;sexta-feira;22:20:00;DF;"251  ";"59,2 ";BRASILIA;Não;Reação tardia ou ineficiente do condutor;3;Colisão transversal;Com Vítimas Feridas;Plena Noite;Crescente;Nublado;Simples;Reta;Não  ;"1138348   ";Motocicleta;SUNDOWN/HUNTER 90;"2006      ";Passageiro;Lesões Leves;"27   ";Feminino;"0 ";"1    ";"0    ";"0    ";-15.9481130;-47.8452350;SPRF-DF;DEL01-DF;UOP01-DEL01-DF 
634258;"1422032   ";2024-10-11;sexta-feira;22:20:00;DF;"251  ";"59,2 ";BRASILIA;Não;Reação tardia ou ineficiente do condutor;3;Colisão transversal;Com Vítimas Feridas;Plena Noite;Crescente;Nublado;Simples;Reta;Não  ;"1138349   ";Automóvel;IMP/VW GOL MI;"1998      ";Condutor;Ileso;"39   ";Masculino;"1 ";"0    ";"0    ";"0    ";-15.9481130;-47.8452350;SPRF-DF;DEL01-DF;UOP01-DEL01-DF 
634258;"1422028   ";2024-10-11;sexta-feira;22:20:00;DF;"251  ";"59,2 ";BRASILIA;Não;Reação tardia ou ineficiente do condutor;3;Colisão transversal;Com Vítimas Feridas;Plena Noite;Crescente;Nublado;Simples;Reta;Não  ;"1138347   ";Automóvel;HONDA/FIT LX;"2005      ";Condutor;Ileso;"35   ";Masculino;"1 ";"0    ";"0    ";"0    ";-15.9481130;-47.8452350;SPRF-DF;DEL01-DF;UOP01-DEL01-DF 
634258;"1422029   ";2024-10-11;sexta-feira;22:20:00;DF;"251  ";"59,2 ";BRASILIA;Não;Reação tardia ou ineficiente do condutor;2;Queda de ocupante de veículo;Com Vítimas Feridas;Plena Noite;Crescente;Nublado;Simples;Reta;Não  ;"1138348   ";Motocicleta;SUNDOWN/HUNTER 90;"2006      ";Condutor;Lesões Leves;"25   ";Masculino;"0 ";"1    ";"0    ";"0    ";-15.9481130;-47.8452350;SPRF-DF;DEL01-DF;UOP01-DEL01-DF 
634258;"1422031   ";2024-10-11;sexta-feira;22:20:00;DF;"251  ";"59,2 ";BRASILIA;Não;Reação tardia ou ineficiente do condutor;2;Queda de ocupante de veículo;Com Vítimas Feridas;Plena Noite;Crescente;Nublado;Simples;Reta;Não  ;"1138348   ";Motocicleta;SUNDOWN/HUNTER 90;"2006      ";Passageiro;Lesões Leves;"27   ";Feminino;"0 ";"1    ";"0    ";"0    ";-15.9481130;-47.8452350;SPRF-DF;DEL01-DF;UOP01-DEL01-DF 
634258;"1422032   ";2024-10-11;sexta-feira;22:20:00;DF;"251  ";"59,2 ";BRASILIA;Não;Reação tardia ou ineficiente do condutor;2;Queda de ocupante de veículo;Com Vítimas Feridas;Plena Noite;Crescente;Nublado;Simples;Reta;Não  ;"1138349   ";Automóvel;IMP/VW GOL MI;"1998      ";Condutor;Ileso;"39   ";Masculino;"1 ";"0    ";"0    ";"0    ";-15.9481130;-47.8452350;SPRF-DF;DEL01-DF;UOP01-DEL01-DF 
634258;"1422028   ";2024-10-11;sexta-feira;22:20:00;DF;"251  ";"59,2 ";BRASILIA;Não;Reação tardia ou ineficiente do condutor;2;Queda de ocupante de veículo;Com Vítimas Feridas;Plena Noite;Crescente;Nublado;Simples;Reta;Não  ;"1138347   ";Automóvel;HONDA/FIT LX;"2005      ";Condutor;Ileso;"35   ";Masculino;"1 ";"0    ";"0    ";"0    ";-15.9481130;-47.8452350;SPRF-DF;DEL01-DF;UOP01-DEL01-DF 
634258;"1422029   ";2024-10-11;sexta-feira;22:20:00;DF;"251  ";"59,2 ";BRASILIA;Não;Reação tardia ou ineficiente do condutor;1;Colisão traseira;Com Vítimas Feridas;Plena Noite;Crescente;Nublado;Simples;Reta;Não  ;"1138348   ";Motocicleta;SUNDOWN/HUNTER 90;"2006      ";Condutor;Lesões Leves;"25   ";Masculino;"0 ";"1    ";"0    ";"0    ";-15.9481130;-47.8452350;SPRF-DF;DEL01-DF;UOP01-DEL01-DF 
634258;"1422031   ";2024-10-11;sexta-feira;22:20:00;DF;"251  ";"59,2 ";BRASILIA;Não;Reação tardia ou ineficiente do condutor;1;Colisão traseira;Com Vítimas Feridas;Plena Noite;Crescente;Nublado;Simples;Reta;Não  ;"1138348   ";Motocicleta;SUNDOWN/HUNTER 90;"2006      ";Passageiro;Lesões Leves;"27   ";Feminino;"0 ";"1    ";"0    ";"0    ";-15.9481130;-47.8452350;SPRF-DF;DEL01-DF;UOP01-DEL01-DF 
634258;"1422032   ";2024-10-11;sexta-feira;22:20:00;DF;"251  ";"59,2 ";BRASILIA;Não;Reação tardia ou ineficiente do condutor;1;Colisão traseira;Com Vítimas Feridas;Plena Noite;Crescente;Nublado;Simples;Reta;Não  ;"1138349   ";Automóvel;IMP/VW GOL MI;"1998      ";Condutor;Ileso;"39   ";Masculino;"1 ";"0    ";"0    ";"0    ";-15.9481130;-47.8452350;SPRF-DF;DEL01-DF;UOP01-DEL01-DF 
634258;"1422028   ";2024-10-11;sexta-feira;22:20:00;DF;"251  ";"59,2 ";BRASILIA;Não;Reação tardia ou ineficiente do condutor;1;Colisão traseira;Com Vítimas Feridas;Plena Noite;Crescente;Nublado;Simples;Reta;Não  ;"1138347   ";Automóvel;HONDA/FIT LX;"2005      ";Condutor;Ileso;"35   ";Masculino;"1 ";"0    ";"0    ";"0    ";-15.9481130;-47.8452350;SPRF-DF;DEL01-DF;UOP01-DEL01-DF 
634258;"1422029   ";2024-10-11;sexta-feira;22:20:00;DF;"251  ";"59,2 ";BRASILIA;Sim;Deficiência do Sistema de Iluminação/Sinalização;3;Colisão transversal;Com Vítimas Feridas;Plena Noite;Crescente;Nublado;Simples;Reta;Não  ;"1138348   ";Motocicleta;SUNDOWN/HUNTER 90;"2006      ";Condutor;Lesões Leves;"25   ";Masculino;"0 ";"1    ";"0    ";"0    ";-15.9481130;-47.8452350;SPRF-DF;DEL01-DF;UOP01-DEL01-DF 
634258;"1422031   ";2024-10-11;sexta-feira;22:20:00;DF;"251  ";"59,2 ";BRASILIA;Sim;Deficiência do Sistema de Iluminação/Sinalização;3;Colisão transversal;Com Vítimas Feridas;Plena Noite;Crescente;Nublado;Simples;Reta;Não  ;"1138348   ";Motocicleta;SUNDOWN/HUNTER 90;"2006      ";Passageiro;Lesões Leves;"27   ";Feminino;"0 ";"1    ";"0    ";"0    ";-15.9481130;-47.8452350;SPRF-DF;DEL01-DF;UOP01-DEL01-DF 
634258;"1422032   ";2024-10-11;sexta-feira;22:20:00;DF;"251  ";"59,2 ";BRASILIA;Sim;Deficiência do Sistema de Iluminação/Sinalização;3;Colisão transversal;Com Vítimas Feridas;Plena Noite;Crescente;Nublado;Simples;Reta;Não  ;"1138349   ";Automóvel;IMP/VW GOL MI;"1998      ";Condutor;Ileso;"39   ";Masculino;"1 ";"0    ";"0    ";"0    ";-15.9481130;-47.8452350;SPRF-DF;DEL01-DF;UOP01-DEL01-DF 
634258;"1422028   ";2024-10-11;sexta-feira;22:20:00;DF;"251  ";"59,2 ";BRASILIA;Sim;Deficiência do Sistema de Iluminação/Sinalização;3;Colisão transversal;Com Vítimas Feridas;Plena Noite;Crescente;Nublado;Simples;Reta;Não  ;"1138347   ";Automóvel;HONDA/FIT LX;"2005      ";Condutor;Ileso;"35   ";Masculino;"1 ";"0    ";"0    ";"0    ";-15.9481130;-47.8452350;SPRF-DF;DEL01-DF;UOP01-DEL01-DF 
634258;"1422029   ";2024-10-11;sexta-feira;22:20:00;DF;"251  ";"59,2 ";BRASILIA;Sim;Deficiência do Sistema de Iluminação/Sinalização;2;Queda de ocupante de veículo;Com Vítimas Feridas;Plena Noite;Crescente;Nublado;Simples;Reta;Não  ;"1138348   ";Motocicleta;SUNDOWN/HUNTER 90;"2006      ";Condutor;Lesões Leves;"25   ";Masculino;"0 ";"1    ";"0    ";"0    ";-15.9481130;-47.8452350;SPRF-DF;DEL01-DF;UOP01-DEL01-DF 
634258;"1422031   ";2024-10-11;sexta-feira;22:20:00;DF;"251  ";"59,2 ";BRASILIA;Sim;Deficiência do Sistema de Iluminação/Sinalização;2;Queda de ocupante de veículo;Com Vítimas Feridas;Plena Noite;Crescente;Nublado;Simples;Reta;Não  ;"1138348   ";Motocicleta;SUNDOWN/HUNTER 90;"2006      ";Passageiro;Lesões Leves;"27   ";Feminino;"0 ";"1    ";"0    ";"0    ";-15.9481130;-47.8452350;SPRF-DF;DEL01-DF;UOP01-DEL01-DF 
634258;"1422032   ";2024-10-11;sexta-feira;22:20:00;DF;"251  ";"59,2 ";BRASILIA;Sim;Deficiência do Sistema de Iluminação/Sinalização;2;Queda de ocupante de veículo;Com Vítimas Feridas;Plena Noite;Crescente;Nublado;Simples;Reta;Não  ;"1138349   ";Automóvel;IMP/VW GOL MI;"1998      ";Condutor;Ileso;"39   ";Masculino;"1 ";"0    ";"0    ";"0    ";-15.9481130;-47.8452350;SPRF-DF;DEL01-DF;UOP01-DEL01-DF 
634258;"1422028   ";2024-10-11;sexta-feira;22:20:00;DF;"251  ";"59,2 ";BRASILIA;Sim;Deficiência do Sistema de Iluminação/Sinalização;2;Queda de ocupante de veículo;Com Vítimas Feridas;Plena Noite;Crescente;Nublado;Simples;Reta;Não  ;"1138347   ";Automóvel;HONDA/FIT LX;"2005      ";Condutor;Ileso;"35   ";Masculino;"1 ";"0    ";"0    ";"0    ";-15.9481130;-47.8452350;SPRF-DF;DEL01-DF;UOP01-DEL01-DF 
634258;"1422029   ";2024-10-11;sexta-feira;22:20:00;DF;"251  ";"59,2 ";BRASILIA;Sim;Deficiência do Sistema de Iluminação/Sinalização;1;Colisão traseira;Com Vítimas Feridas;Plena Noite;Crescente;Nublado;Simples;Reta;Não  ;"1138348   ";Motocicleta;SUNDOWN/HUNTER 90;"2006      ";Condutor;Lesões Leves;"25   ";Masculino;"0 ";"1    ";"0    ";"0    ";-15.9481130;-47.8452350;SPRF-DF;DEL01-DF;UOP01-DEL01-DF 
634258;"1422031   ";2024-10-11;sexta-feira;22:20:00;DF;"251  ";"59,2 ";BRASILIA;Sim;Deficiência do Sistema de Iluminação/Sinalização;1;Colisão traseira;Com Vítimas Feridas;Plena Noite;Crescente;Nublado;Simples;Reta;Não  ;"1138348   ";Motocicleta;SUNDOWN/HUNTER 90;"2006      ";Passageiro;Lesões Leves;"27   ";Feminino;"0 ";"1    ";"0    ";"0    ";-15.9481130;-47.8452350;SPRF-DF;DEL01-DF;UOP01-DEL01-DF 
634258;"1422032   ";2024-10-11;sexta-feira;22:20:00;DF;"251  ";"59,2 ";BRASILIA;Sim;Deficiência do Sistema de Iluminação/Sinalização;1;Colisão traseira;Com Vítimas Feridas;Plena Noite;Crescente;Nublado;Simples;Reta;Não  ;"1138349   ";Automóvel;IMP/VW GOL MI;"1998      ";Condutor;Ileso;"39   ";Masculino;"1 ";"0    ";"0    ";"0    ";-15.9481130;-47.8452350;SPRF-DF;DEL01-DF;UOP01-DEL01-DF 
634258;"1422028   ";2024-10-11;sexta-feira;22:20:00;DF;"251  ";"59,2 ";BRASILIA;Sim;Deficiência do Sistema de Iluminação/Sinalização;1;Colisão traseira;Com Vítimas Feridas;Plena Noite;Crescente;Nublado;Simples;Reta;Não  ;"1138347   ";Automóvel;HONDA/FIT LX;"2005      ";Condutor;Ileso;"35   ";Masculino;"1 ";"0    ";"0    ";"0    ";-15.9481130;-47.8452350;SPRF-DF;DEL01-DF;UOP01-DEL01-DF 
634288;"1423389   ";2024-10-11;sexta-feira;21:30:00;GO;"80   ";"112  ";VILA PROPICIO;Sim;Demais falhas mecânicas ou elétricas;1;Incêndio;Sem Vítimas;Plena Noite;Decrescente;Céu Claro;Simples;Reta;Não  ;"1138297   ";Automóvel;VW/FOX 1.6 PLUS;"2008      ";Passageiro;Ileso;"21   ";Feminino;"1 ";"0    ";"0    ";"0    ";-15.2088750;-48.6973120;SPRF-GO;DEL07-GO;UOP02-DEL07-GO 
634288;"1423388   ";2024-10-11;sexta-feira;21:30:00;GO;"80   ";"112  ";VILA PROPICIO;Sim;Demais falhas mecânicas ou elétricas;1;Incêndio;Sem Vítimas;Plena Noite;Decrescente;Céu Claro;Simples;Reta;Não  ;"1138297   ";Automóvel;VW/FOX 1.6 PLUS;"2008      ";Condutor;Ileso;"45   ";Masculino;"1 ";"0    ";"0    ";"0    ";-15.2088750;-48.6973120;SPRF-GO;DEL07-GO;UOP02-DEL07-GO 
634385;"1422239   ";2024-10-12;sábado;10:09:00;DF;"80   ";"14,1 ";BRASILIA;Sim;Ausência de reação do condutor;1;Queda de ocupante de veículo;Com Vítimas Feridas;Pleno dia;Decrescente;Céu Claro;Simples;Reta;Não  ;"1138516   ";Motocicleta;HONDA/CG 125 FAN KS;"2015      ";Condutor;Lesões Leves;"36   ";Masculino;"0 ";"1    ";"0    ";"0    ";-15.7190340;-48.1966860;SPRF-DF;DEL03-DF;UOP02-DEL03-DF 
634407;"1422433   ";2024-10-12;sábado;12:20:00;GO;"60   ";"16,1 ";ALEXANIA;Sim;Acessar a via sem observar a presença dos outros veículos;1;Colisão traseira;Com Vítimas Feridas;Pleno dia;Decrescente;Céu Claro;Dupla;Reta;Não  ;"1138687   ";Motocicleta;DUCATI/MONSTER 797;"2019      ";Condutor;Lesões Graves;"30   ";Masculino;"0 ";"0    ";"1    ";"0    ";-16.1140870;-48.3685130;SPRF-DF;DEL03-DF;UOP01-DEL03-DF 
634407;"1422432   ";2024-10-12;sábado;12:20:00;GO;"60   ";"16,1 ";ALEXANIA;Sim;Acessar a via sem observar a presença dos outros veículos;1;Colisão traseira;Com Vítimas Feridas;Pleno dia;Decrescente;Céu Claro;Dupla;Reta;Não  ;"1138686   ";Automóvel;FIAT/SIENA 1.4;"2021      ";Condutor;Ileso;"79   ";Masculino;"1 ";"0    ";"0    ";"0    ";-16.1140870;-48.3685130;SPRF-DF;DEL03-DF;UOP01-DEL03-DF 
634435;"1422299   ";2024-10-12;sábado;15:00:00;GO;"60   ";"66   ";ABADIANIA;Sim;Pista Escorregadia;2;Capotamento;Com Vítimas Feridas;Pleno dia;Decrescente;Chuva;Dupla;Reta;Não  ;"1138565   ";Automóvel;HONDA/CIVIC LXS;"2012      ";Condutor;Lesões Leves;"36   ";Masculino;"0 ";"1    ";"0    ";"0    ";-16.2138000;-48.7457000;SPRF-GO;DEL02-GO;UOP01-DEL02-GO 
634435;"1422299   ";2024-10-12;sábado;15:00:00;GO;"60   ";"66   ";ABADIANIA;Sim;Pista Escorregadia;1;Saída de leito carroçável;Com Vítimas Feridas;Pleno dia;Decrescente;Chuva;Dupla;Reta;Não  ;"1138565   ";Automóvel;HONDA/CIVIC LXS;"2012      ";Condutor;Lesões Leves;"36   ";Masculino;"0 ";"1    ";"0    ";"0    ";-16.2138000;-48.7457000;SPRF-GO;DEL02-GO;UOP01-DEL02-GO 
634435;"1422299   ";2024-10-12;sábado;15:00:00;GO;"60   ";"66   ";ABADIANIA;Não;Velocidade Incompatível;2;Capotamento;Com Vítimas Feridas;Pleno dia;Decrescente;Chuva;Dupla;Reta;Não  ;"1138565   ";Automóvel;HONDA/CIVIC LXS;"2012      ";Condutor;Lesões Leves;"36   ";Masculino;"0 ";"1    ";"0    ";"0    ";-16.2138000;-48.7457000;SPRF-GO;DEL02-GO;UOP01-DEL02-GO 
634435;"1422299   ";2024-10-12;sábado;15:00:00;GO;"60   ";"66   ";ABADIANIA;Não;Velocidade Incompatível;1;Saída de leito carroçável;Com Vítimas Feridas;Pleno dia;Decrescente;Chuva;Dupla;Reta;Não  ;"1138565   ";Automóvel;HONDA/CIVIC LXS;"2012      ";Condutor;Lesões Leves;"36   ";Masculino;"0 ";"1    ";"0    ";"0    ";-16.2138000;-48.7457000;SPRF-GO;DEL02-GO;UOP01-DEL02-GO 
634447;"1422681   ";2024-10-12;sábado;16:04:00;DF;"70   ";"19,6 ";BRASILIA;Não;Avarias e/ou desgaste excessivo no pneu;2;Atropelamento de Pedestre;Com Vítimas Feridas;Pleno dia;Decrescente;Chuva;Múltipla;Declive;Não  ;"1138875   ";Automóvel;PEUGEOT/208 ALLURE MT;"2017      ";Condutor;Lesões Leves;"29   ";Masculino;"0 ";"1    ";"0    ";"0    ";-15.7888680;-48.2202420;SPRF-DF;DEL03-DF;UOP02-DEL03-DF 
634447;"1422679   ";2024-10-12;sábado;16:04:00;DF;"70   ";"19,6 ";BRASILIA;Não;Avarias e/ou desgaste excessivo no pneu;2;Atropelamento de Pedestre;Com Vítimas Feridas;Pleno dia;Decrescente;Chuva;Múltipla;Declive;Não  ;"1138874   ";Automóvel;CHEVROLET/ONIX 1.4MT LT;"2016      ";Condutor;Lesões Graves;"24   ";Masculino;"0 ";"0    ";"1    ";"0    ";-15.7888680;-48.2202420;SPRF-DF;DEL03-DF;UOP02-DEL03-DF 
634447;"1422681   ";2024-10-12;sábado;16:04:00;DF;"70   ";"19,6 ";BRASILIA;Não;Avarias e/ou desgaste excessivo no pneu;1;Colisão transversal;Com Vítimas Feridas;Pleno dia;Decrescente;Chuva;Múltipla;Declive;Não  ;"1138875   ";Automóvel;PEUGEOT/208 ALLURE MT;"2017      ";Condutor;Lesões Leves;"29   ";Masculino;"0 ";"1    ";"0    ";"0    ";-15.7888680;-48.2202420;SPRF-DF;DEL03-DF;UOP02-DEL03-DF 
634447;"1422679   ";2024-10-12;sábado;16:04:00;DF;"70   ";"19,6 ";BRASILIA;Não;Avarias e/ou desgaste excessivo no pneu;1;Colisão transversal;Com Vítimas Feridas;Pleno dia;Decrescente;Chuva;Múltipla;Declive;Não  ;"1138874   ";Automóvel;CHEVROLET/ONIX 1.4MT LT;"2016      ";Condutor;Lesões Graves;"24   ";Masculino;"0 ";"0    ";"1    ";"0    ";-15.7888680;-48.2202420;SPRF-DF;DEL03-DF;UOP02-DEL03-DF 
634447;"1422681   ";2024-10-12;sábado;16:04:00;DF;"70   ";"19,6 ";BRASILIA;Não;Estacionar ou parar em local proibido;2;Atropelamento de Pedestre;Com Vítimas Feridas;Pleno dia;Decrescente;Chuva;Múltipla;Declive;Não  ;"1138875   ";Automóvel;PEUGEOT/208 ALLURE MT;"2017      ";Condutor;Lesões Leves;"29   ";Masculino;"0 ";"1    ";"0    ";"0    ";-15.7888680;-48.2202420;SPRF-DF;DEL03-DF;UOP02-DEL03-DF 
634447;"1422679   ";2024-10-12;sábado;16:04:00;DF;"70   ";"19,6 ";BRASILIA;Não;Estacionar ou parar em local proibido;2;Atropelamento de Pedestre;Com Vítimas Feridas;Pleno dia;Decrescente;Chuva;Múltipla;Declive;Não  ;"1138874   ";Automóvel;CHEVROLET/ONIX 1.4MT LT;"2016      ";Condutor;Lesões Graves;"24   ";Masculino;"0 ";"0    ";"1    ";"0    ";-15.7888680;-48.2202420;SPRF-DF;DEL03-DF;UOP02-DEL03-DF 
634447;"1422681   ";2024-10-12;sábado;16:04:00;DF;"70   ";"19,6 ";BRASILIA;Não;Estacionar ou parar em local proibido;1;Colisão transversal;Com Vítimas Feridas;Pleno dia;Decrescente;Chuva;Múltipla;Declive;Não  ;"1138875   ";Automóvel;PEUGEOT/208 ALLURE MT;"2017      ";Condutor;Lesões Leves;"29   ";Masculino;"0 ";"1    ";"0    ";"0    ";-15.7888680;-48.2202420;SPRF-DF;DEL03-DF;UOP02-DEL03-DF 
634447;"1422679   ";2024-10-12;sábado;16:04:00;DF;"70   ";"19,6 ";BRASILIA;Não;Estacionar ou parar em local proibido;1;Colisão transversal;Com Vítimas Feridas;Pleno dia;Decrescente;Chuva;Múltipla;Declive;Não  ;"1138874   ";Automóvel;CHEVROLET/ONIX 1.4MT LT;"2016      ";Condutor;Lesões Graves;"24   ";Masculino;"0 ";"0    ";"1    ";"0    ";-15.7888680;-48.2202420;SPRF-DF;DEL03-DF;UOP02-DEL03-DF 
634447;"1422681   ";2024-10-12;sábado;16:04:00;DF;"70   ";"19,6 ";BRASILIA;Não;Velocidade Incompatível;2;Atropelamento de Pedestre;Com Vítimas Feridas;Pleno dia;Decrescente;Chuva;Múltipla;Declive;Não  ;"1138875   ";Automóvel;PEUGEOT/208 ALLURE MT;"2017      ";Condutor;Lesões Leves;"29   ";Masculino;"0 ";"1    ";"0    ";"0    ";-15.7888680;-48.2202420;SPRF-DF;DEL03-DF;UOP02-DEL03-DF 
634447;"1422679   ";2024-10-12;sábado;16:04:00;DF;"70   ";"19,6 ";BRASILIA;Não;Velocidade Incompatível;2;Atropelamento de Pedestre;Com Vítimas Feridas;Pleno dia;Decrescente;Chuva;Múltipla;Declive;Não  ;"1138874   ";Automóvel;CHEVROLET/ONIX 1.4MT LT;"2016      ";Condutor;Lesões Graves;"24   ";Masculino;"0 ";"0    ";"1    ";"0    ";-15.7888680;-48.2202420;SPRF-DF;DEL03-DF;UOP02-DEL03-DF 
634447;"1422681   ";2024-10-12;sábado;16:04:00;DF;"70   ";"19,6 ";BRASILIA;Não;Velocidade Incompatível;1;Colisão transversal;Com Vítimas Feridas;Pleno dia;Decrescente;Chuva;Múltipla;Declive;Não  ;"1138875   ";Automóvel;PEUGEOT/208 ALLURE MT;"2017      ";Condutor;Lesões Leves;"29   ";Masculino;"0 ";"1    ";"0    ";"0    ";-15.7888680;-48.2202420;SPRF-DF;DEL03-DF;UOP02-DEL03-DF 
634447;"1422679   ";2024-10-12;sábado;16:04:00;DF;"70   ";"19,6 ";BRASILIA;Não;Velocidade Incompatível;1;Colisão transversal;Com Vítimas Feridas;Pleno dia;Decrescente;Chuva;Múltipla;Declive;Não  ;"1138874   ";Automóvel;CHEVROLET/ONIX 1.4MT LT;"2016      ";Condutor;Lesões Graves;"24   ";Masculino;"0 ";"0    ";"1    ";"0    ";-15.7888680;-48.2202420;SPRF-DF;DEL03-DF;UOP02-DEL03-DF 
634447;"1422681   ";2024-10-12;sábado;16:04:00;DF;"70   ";"19,6 ";BRASILIA;Sim;Pista Escorregadia;2;Atropelamento de Pedestre;Com Vítimas Feridas;Pleno dia;Decrescente;Chuva;Múltipla;Declive;Não  ;"1138875   ";Automóvel;PEUGEOT/208 ALLURE MT;"2017      ";Condutor;Lesões Leves;"29   ";Masculino;"0 ";"1    ";"0    ";"0    ";-15.7888680;-48.2202420;SPRF-DF;DEL03-DF;UOP02-DEL03-DF 