id;pesid;data_inversa;dia_semana;horario;uf;br;km;municipio;causa_principal;causa_acidente;ordem_tipo_acidente;tipo_acidente;classificacao_acidente;fase_dia;sentido_via;condicao_metereologica;tipo_pista;tracado_via;uso_solo;id_veiculo;tipo_veiculo;marca;ano_fabricacao_veiculo;tipo_envolvido;estado_fisico;idade;sexo;ilesos;feridos_leves;feridos_graves;mortos;latitude;longitude;regional;delegacia;uop
634657;"1422912   ";2024-10-13;domingo;17:30:00;GO;"20   ";"3,5  ";FORMOSA;Não;Acesso irregular;1;Colisão lateral sentido oposto;Sem Vítimas;Pleno dia;Crescente;Céu Claro;Dupla;Retorno Regulamentado;Sim  ;"1139022   ";Automóvel;CHEV/SPIN 18L AT PREMIER;"0         ";Condutor;Não Informado;"0    ";Não Informado;"0 ";"0    ";"0    ";"0    ";-15.5674870;-47.3203090;SPRF-DF;DEL02-DF;UOP02-DEL02-DF 
634657;"1422911   ";2024-10-13;domingo;17:30:00;GO;"20   ";"3,5  ";FORMOSA;Não;Acesso irregular;1;Colisão lateral sentido oposto;Sem Vítimas;Pleno dia;Crescente;Céu Claro;Dupla;Retorno Regulamentado;Sim  ;"1139021   ";Automóvel;VW/GOL SPECIAL;"2002      ";Condutor;Ileso;"47   ";Masculino;"1 ";"0    ";"0    ";"0    ";-15.5674870;-47.3203090;SPRF-DF;DEL02-DF;UOP02-DEL02-DF 
634657;"1422912   ";2024-10-13;domingo;17:30:00;GO;"20   ";"3,5  ";FORMOSA;Sim;Transitar na contramão;1;Colisão lateral sentido oposto;Sem Vítimas;Pleno dia;Crescente;Céu Claro;Dupla;Retorno Regulamentado;Sim  ;"1139022   ";Automóvel;CHEV/SPIN 18L AT PREMIER;"0         ";Condutor;Não Informado;"0    ";Não Informado;"0 ";"0    ";"0    ";"0    ";-15.5674870;-47.3203090;SPRF-DF;DEL02-DF;UOP02-DEL02-DF 
634657;"1422911   ";2024-10-13;domingo;17:30:00;GO;"20   ";"3,5  ";FORMOSA;Sim;Transitar na contramão;1;Colisão lateral sentido oposto;Sem Vítimas;Pleno dia;Crescente;Céu Claro;Dupla;Retorno Regulamentado;Sim  ;"1139021   ";Automóvel;VW/GOL SPECIAL;"2002      ";Condutor;Ileso;"47   ";Masculino;"1 ";"0    ";"0    ";"0    ";-15.5674870;-47.3203090;SPRF-DF;DEL02-DF;UOP02-DEL02-DF 
634782;"1423267   ";2024-10-14;segunda-feira;01:47:00;DF;"20   ";"4,5  ";BRASILIA;Não;Reação tardia ou ineficiente do condutor;1;Saída de leito carroçável;Sem Vítimas;Plena Noite;Crescente;Céu Claro;Dupla;"Reta;Declive";Sim  ;"1139255   ";Automóvel;FIAT/PALIO EL;"1997      ";Passageiro;Ileso;"42   ";Masculino;"1 ";"0    ";"0    ";"0    ";-15.6754840;-47.8237610;SPRF-DF;DEL02-DF;UOP01-DEL02-DF 
634782;"1423266   ";2024-10-14;segunda-feira;01:47:00;DF;"20   ";"4,5  ";BRASILIA;Não;Reação tardia ou ineficiente do condutor;1;Saída de leito carroçável;Sem Vítimas;Plena Noite;Crescente;Céu Claro;Dupla;"Reta;Declive";Sim  ;"1139255   ";Automóvel;FIAT/PALIO EL;"1997      ";Condutor;Não Informado;"0    ";Não Informado;"0 ";"0    ";"0    ";"0    ";-15.6754840;-47.8237610;SPRF-DF;DEL02-DF;UOP01-DEL02-DF 
634782;"1423267   ";2024-10-14;segunda-feira;01:47:00;DF;"20   ";"4,5  ";BRASILIA;Sim;Ingestão de álcool pelo condutor;1;Saída de leito carroçável;Sem Vítimas;Plena Noite;Crescente;Céu Claro;Dupla;"Reta;Declive";Sim  ;"1139255   ";Automóvel;FIAT/PALIO EL;"1997      ";Passageiro;Ileso;"42   ";Masculino;"1 ";"0    ";"0    ";"0    ";-15.6754840;-47.8237610;SPRF-DF;DEL02-DF;UOP01-DEL02-DF 
634782;"1423266   ";2024-10-14;segunda-feira;01:47:00;DF;"20   ";"4,5  ";BRASILIA;Sim;Ingestão de álcool pelo condutor;1;Saída de leito carroçável;Sem Vítimas;Plena Noite;Crescente;Céu Claro;Dupla;"Reta;Declive";Sim  ;"1139255   ";Automóvel;FIAT/PALIO EL;"1997      ";Condutor;Não Informado;"0    ";Não Informado;"0 ";"0    ";"0    ";"0    ";-15.6754840;-47.8237610;SPRF-DF;DEL02-DF;UOP01-DEL02-DF 
634804;"1424143   ";2024-10-14;segunda-feira;06:45:00;DF;"70   ";"5    ";BRASILIA;Sim;Manobra de mudança de faixa;2;Queda de ocupante de veículo;Com Vítimas Feridas;Pleno dia;Decrescente;Céu Claro;Múltipla;Reta;Não  ;"1139889   ";Motocicleta;HONDA/CG 150 TITAN ESD;"2008      ";Condutor;Lesões Leves;"44   ";Masculino;"0 ";"1    ";"0    ";"0    ";-15.7946560;-48.0967790;SPRF-DF;DEL03-DF;UOP02-DEL03-DF 
634804;"1424142   ";2024-10-14;segunda-feira;06:45:00;DF;"70   ";"5    ";BRASILIA;Sim;Manobra de mudança de faixa;2;Queda de ocupante de veículo;Com Vítimas Feridas;Pleno dia;Decrescente;Céu Claro;Múltipla;Reta;Não  ;"1139888   ";Automóvel;FIAT/PUNTO ATTRACTIVE;"2011      ";Condutor;Ileso;"47   ";Masculino;"1 ";"0    ";"0    ";"0    ";-15.7946560;-48.0967790;SPRF-DF;DEL03-DF;UOP02-DEL03-DF 
634804;"1424143   ";2024-10-14;segunda-feira;06:45:00;DF;"70   ";"5    ";BRASILIA;Sim;Manobra de mudança de faixa;1;Colisão lateral mesmo sentido;Com Vítimas Feridas;Pleno dia;Decrescente;Céu Claro;Múltipla;Reta;Não  ;"1139889   ";Motocicleta;HONDA/CG 150 TITAN ESD;"2008      ";Condutor;Lesões Leves;"44   ";Masculino;"0 ";"1    ";"0    ";"0    ";-15.7946560;-48.0967790;SPRF-DF;DEL03-DF;UOP02-DEL03-DF 
634804;"1424142   ";2024-10-14;segunda-feira;06:45:00;DF;"70   ";"5    ";BRASILIA;Sim;Manobra de mudança de faixa;1;Colisão lateral mesmo sentido;Com Vítimas Feridas;Pleno dia;Decrescente;Céu Claro;Múltipla;Reta;Não  ;"1139888   ";Automóvel;FIAT/PUNTO ATTRACTIVE;"2011      ";Condutor;Ileso;"47   ";Masculino;"1 ";"0    ";"0    ";"0    ";-15.7946560;-48.0967790;SPRF-DF;DEL03-DF;UOP02-DEL03-DF 
634829;"0         ";2024-10-14;segunda-feira;08:30:00;DF;"70   ";"12   ";BRASILIA;Sim;Manobra de mudança de faixa;2;Queda de ocupante de veículo;Com Vítimas Feridas;Pleno dia;Decrescente;Céu Claro;Múltipla;Reta;Sim  ;"1140468   ";Semireboque;SR/FACCHINI SRF LOED;"2011      ";"0";"0";"0    ";"0";"0 ";"0    ";"0    ";"0    ";-15.7922430;-48.1585430;SPRF-DF;DEL03-DF;UOP02-DEL03-DF 
634829;"1423384   ";2024-10-14;segunda-feira;08:30:00;DF;"70   ";"12   ";BRASILIA;Sim;Manobra de mudança de faixa;2;Queda de ocupante de veículo;Com Vítimas Feridas;Pleno dia;Decrescente;Céu Claro;Múltipla;Reta;Sim  ;"1139344   ";Caminhão-trator;M.BENZ/AXOR 2544 S;"2011      ";Condutor;Ileso;"55   ";Masculino;"1 ";"0    ";"0    ";"0    ";-15.7922430;-48.1585430;SPRF-DF;DEL03-DF;UOP02-DEL03-DF 
634829;"1423383   ";2024-10-14;segunda-feira;08:30:00;DF;"70   ";"12   ";BRASILIA;Sim;Manobra de mudança de faixa;2;Queda de ocupante de veículo;Com Vítimas Feridas;Pleno dia;Decrescente;Céu Claro;Múltipla;Reta;Sim  ;"1139341   ";Motocicleta;HONDA/CG150 FAN ESDI;"2015      ";Condutor;Lesões Leves;"32   ";Masculino;"0 ";"1    ";"0    ";"0    ";-15.7922430;-48.1585430;SPRF-DF;DEL03-DF;UOP02-DEL03-DF 
634829;"0         ";2024-10-14;segunda-feira;08:30:00;DF;"70   ";"12   ";BRASILIA;Sim;Manobra de mudança de faixa;1;Colisão lateral mesmo sentido;Com Vítimas Feridas;Pleno dia;Decrescente;Céu Claro;Múltipla;Reta;Sim  ;"1140468   ";Semireboque;SR/FACCHINI SRF LOED;"2011      ";"0";"0";"0    ";"0";"0 ";"0    ";"0    ";"0    ";-15.7922430;-48.1585430;SPRF-DF;DEL03-DF;UOP02-DEL03-DF 
634829;"1423384   ";2024-10-14;segunda-feira;08:30:00;DF;"70   ";"12   ";BRASILIA;Sim;Manobra de mudança de faixa;1;Colisão lateral mesmo sentido;Com Vítimas Feridas;Pleno dia;Decrescente;Céu Claro;Múltipla;Reta;Sim  ;"1139344   ";Caminhão-trator;M.BENZ/AXOR 2544 S;"2011      ";Condutor;Ileso;"55   ";Masculino;"1 ";"0    ";"0    ";"0    ";-15.7922430;-48.1585430;SPRF-DF;DEL03-DF;UOP02-DEL03-DF 
634829;"1423383   ";2024-10-14;segunda-feira;08:30:00;DF;"70   ";"12   ";BRASILIA;Sim;Manobra de mudança de faixa;1;Colisão lateral mesmo sentido;Com Vítimas Feridas;Pleno dia;Decrescente;Céu Claro;Múltipla;Reta;Sim  ;"1139341   ";Motocicleta;HONDA/CG150 FAN ESDI;"2015      ";Condutor;Lesões Leves;"32   ";Masculino;"0 ";"1    ";"0    ";"0    ";-15.7922430;-48.1585430;SPRF-DF;DEL03-DF;UOP02-DEL03-DF 
634829;"0         ";2024-10-14;segunda-feira;08:30:00;DF;"70   ";"12   ";BRASILIA;Não;Reação tardia ou ineficiente do condutor;2;Queda de ocupante de veículo;Com Vítimas Feridas;Pleno dia;Decrescente;Céu Claro;Múltipla;Reta;Sim  ;"1140468   ";Semireboque;SR/FACCHINI SRF LOED;"2011      ";"0";"0";"0    ";"0";"0 ";"0    ";"0    ";"0    ";-15.7922430;-48.1585430;SPRF-DF;DEL03-DF;UOP02-DEL03-DF 
634829;"1423384   ";2024-10-14;segunda-feira;08:30:00;DF;"70   ";"12   ";BRASILIA;Não;Reação tardia ou ineficiente do condutor;2;Queda de ocupante de veículo;Com Vítimas Feridas;Pleno dia;Decrescente;Céu Claro;Múltipla;Reta;Sim  ;"1139344   ";Caminhão-trator;M.BENZ/AXOR 2544 S;"2011      ";Condutor;Ileso;"55   ";Masculino;"1 ";"0    ";"0    ";"0    ";-15.7922430;-48.1585430;SPRF-DF;DEL03-DF;UOP02-DEL03-DF 
634829;"1423383   ";2024-10-14;segunda-feira;08:30:00;DF;"70   ";"12   ";BRASILIA;Não;Reação tardia ou ineficiente do condutor;2;Queda de ocupante de veículo;Com Vítimas Feridas;Pleno dia;Decrescente;Céu Claro;Múltipla;Reta;Sim  ;"1139341   ";Motocicleta;HONDA/CG150 FAN ESDI;"2015      ";Condutor;Lesões Leves;"32   ";Masculino;"0 ";"1    ";"0    ";"0    ";-15.7922430;-48.1585430;SPRF-DF;DEL03-DF;UOP02-DEL03-DF 
634829;"0         ";2024-10-14;segunda-feira;08:30:00;DF;"70   ";"12   ";BRASILIA;Não;Reação tardia ou ineficiente do condutor;1;Colisão lateral mesmo sentido;Com Vítimas Feridas;Pleno dia;Decrescente;Céu Claro;Múltipla;Reta;Sim  ;"1140468   ";Semireboque;SR/FACCHINI SRF LOED;"2011      ";"0";"0";"0    ";"0";"0 ";"0    ";"0    ";"0    ";-15.7922430;-48.1585430;SPRF-DF;DEL03-DF;UOP02-DEL03-DF 
634829;"1423384   ";2024-10-14;segunda-feira;08:30:00;DF;"70   ";"12   ";BRASILIA;Não;Reação tardia ou ineficiente do condutor;1;Colisão lateral mesmo sentido;Com Vítimas Feridas;Pleno dia;Decrescente;Céu Claro;Múltipla;Reta;Sim  ;"1139344   ";Caminhão-trator;M.BENZ/AXOR 2544 S;"2011      ";Condutor;Ileso;"55   ";Masculino;"1 ";"0    ";"0    ";"0    ";-15.7922430;-48.1585430;SPRF-DF;DEL03-DF;UOP02-DEL03-DF 
634829;"1423383   ";2024-10-14;segunda-feira;08:30:00;DF;"70   ";"12   ";BRASILIA;Não;Reação tardia ou ineficiente do condutor;1;Colisão lateral mesmo sentido;Com Vítimas Feridas;Pleno dia;Decrescente;Céu Claro;Múltipla;Reta;Sim  ;"1139341   ";Motocicleta;HONDA/CG150 FAN ESDI;"2015      ";Condutor;Lesões Leves;"32   ";Masculino;"0 ";"1    ";"0    ";"0    ";-15.7922430;-48.1585430;SPRF-DF;DEL03-DF;UOP02-DEL03-DF 
634829;"0         ";2024-10-14;segunda-feira;08:30:00;DF;"70   ";"12   ";BRASILIA;Não;Ausência de reação do condutor;2;Queda de ocupante de veículo;Com Vítimas Feridas;Pleno dia;Decrescente;Céu Claro;Múltipla;Reta;Sim  ;"1140468   ";Semireboque;SR/FACCHINI SRF LOED;"2011      ";"0";"0";"0    ";"0";"0 ";"0    ";"0    ";"0    ";-15.7922430;-48.1585430;SPRF-DF;DEL03-DF;UOP02-DEL03-DF 
634829;"1423384   ";2024-10-14;segunda-feira;08:30:00;DF;"70   ";"12   ";BRASILIA;Não;Ausência de reação do condutor;2;Queda de ocupante de veículo;Com Vítimas Feridas;Pleno dia;Decrescente;Céu Claro;Múltipla;Reta;Sim  ;"1139344   ";Caminhão-trator;M.BENZ/AXOR 2544 S;"2011      ";Condutor;Ileso;"55   ";Masculino;"1 ";"0    ";"0    ";"0    ";-15.7922430;-48.1585430;SPRF-DF;DEL03-DF;UOP02-DEL03-DF 
634829;"1423383   ";2024-10-14;segunda-feira;08:30:00;DF;"70   ";"12   ";BRASILIA;Não;Ausência de reação do condutor;2;Queda de ocupante de veículo;Com Vítimas Feridas;Pleno dia;Decrescente;Céu Claro;Múltipla;Reta;Sim  ;"1139341   ";Motocicleta;HONDA/CG150 FAN ESDI;"2015      ";Condutor;Lesões Leves;"32   ";Masculino;"0 ";"1    ";"0    ";"0    ";-15.7922430;-48.1585430;SPRF-DF;DEL03-DF;UOP02-DEL03-DF 
634829;"0         ";2024-10-14;segunda-feira;08:30:00;DF;"70   ";"12   ";BRASILIA;Não;Ausência de reação do condutor;1;Colisão lateral mesmo sentido;Com Vítimas Feridas;Pleno dia;Decrescente;Céu Claro;Múltipla;Reta;Sim  ;"1140468   ";Semireboque;SR/FACCHINI SRF LOED;"2011      ";"0";"0";"0    ";"0";"0 ";"0    ";"0    ";"0    ";-15.7922430;-48.1585430;SPRF-DF;DEL03-DF;UOP02-DEL03-DF 
635332;"1424873   ";2024-10-16;quarta-feira;15:25:00;DF;"60   ";"8,2  ";BRASILIA;Não;Pista Escorregadia;1;Saída de leito carroçável;Sem Vítimas;Pleno dia;Crescente;Garoa/Chuvisco;Dupla;Reta;Sim  ;"1140487   ";Ônibus;MBENZ/MPOLO PARADISO LD;"2016      ";Passageiro;Ileso;"21   ";Feminino;"1 ";"0    ";"0    ";"0    ";-15.9032400;-48.1306950;SPRF-DF;DEL03-DF;UOP01-DEL03-DF 
634829;"1423384   ";2024-10-14;segunda-feira;08:30:00;DF;"70   ";"12   ";BRASILIA;Não;Ausência de reação do condutor;1;Colisão lateral mesmo sentido;Com Vítimas Feridas;Pleno dia;Decrescente;Céu Claro;Múltipla;Reta;Sim  ;"1139344   ";Caminhão-trator;M.BENZ/AXOR 2544 S;"2011      ";Condutor;Ileso;"55   ";Masculino;"1 ";"0    ";"0    ";"0    ";-15.7922430;-48.1585430;SPRF-DF;DEL03-DF;UOP02-DEL03-DF 
634829;"1423383   ";2024-10-14;segunda-feira;08:30:00;DF;"70   ";"12   ";BRASILIA;Não;Ausência de reação do condutor;1;Colisão lateral mesmo sentido;Com Vítimas Feridas;Pleno dia;Decrescente;Céu Claro;Múltipla;Reta;Sim  ;"1139341   ";Motocicleta;HONDA/CG150 FAN ESDI;"2015      ";Condutor;Lesões Leves;"32   ";Masculino;"0 ";"1    ";"0    ";"0    ";-15.7922430;-48.1585430;SPRF-DF;DEL03-DF;UOP02-DEL03-DF 
634970;"1423789   ";2024-10-14;segunda-feira;20:45:00;GO;"70   ";"17,2 ";AGUAS LINDAS DE GOIAS;Sim;Ingestão de álcool pelo condutor;2;Saída de leito carroçável;Com Vítimas Feridas;Plena Noite;Crescente;Chuva;Simples;"Ponte;Reta";Não  ;"1139647   ";Automóvel;VW/GOL 1.0;"2008      ";Condutor;Lesões Leves;"23   ";Masculino;"0 ";"1    ";"0    ";"0    ";-15.7506067;-48.3498496;SPRF-DF;DEL03-DF;UOP02-DEL03-DF 
634970;"1423791   ";2024-10-14;segunda-feira;20:45:00;GO;"70   ";"17,2 ";AGUAS LINDAS DE GOIAS;Sim;Ingestão de álcool pelo condutor;2;Saída de leito carroçável;Com Vítimas Feridas;Plena Noite;Crescente;Chuva;Simples;"Ponte;Reta";Não  ;"1139645   ";Automóvel;VW/FOX 1.6 PRIME GII;"2012      ";Condutor;Ileso;"48   ";Feminino;"1 ";"0    ";"0    ";"0    ";-15.7506067;-48.3498496;SPRF-DF;DEL03-DF;UOP02-DEL03-DF 
634970;"1423789   ";2024-10-14;segunda-feira;20:45:00;GO;"70   ";"17,2 ";AGUAS LINDAS DE GOIAS;Sim;Ingestão de álcool pelo condutor;1;Colisão traseira;Com Vítimas Feridas;Plena Noite;Crescente;Chuva;Simples;"Ponte;Reta";Não  ;"1139647   ";Automóvel;VW/GOL 1.0;"2008      ";Condutor;Lesões Leves;"23   ";Masculino;"0 ";"1    ";"0    ";"0    ";-15.7506067;-48.3498496;SPRF-DF;DEL03-DF;UOP02-DEL03-DF 
634970;"1423791   ";2024-10-14;segunda-feira;20:45:00;GO;"70   ";"17,2 ";AGUAS LINDAS DE GOIAS;Sim;Ingestão de álcool pelo condutor;1;Colisão traseira;Com Vítimas Feridas;Plena Noite;Crescente;Chuva;Simples;"Ponte;Reta";Não  ;"1139645   ";Automóvel;VW/FOX 1.6 PRIME GII;"2012      ";Condutor;Ileso;"48   ";Feminino;"1 ";"0    ";"0    ";"0    ";-15.7506067;-48.3498496;SPRF-DF;DEL03-DF;UOP02-DEL03-DF 
634983;"1428062   ";2024-10-15;terça-feira;00:15:00;DF;"251  ";"13   ";BRASILIA;Sim;Iluminação deficiente;1;Saída de leito carroçável;Com Vítimas Feridas;Plena Noite;Crescente;Garoa/Chuvisco;Simples;Rotatória;Não  ;"1139694   ";Motocicleta;HONDA/CB 250F TWISTER;"2018      ";Passageiro;Lesões Leves;"19   ";Feminino;"0 ";"1    ";"0    ";"0    ";-15.9544150;-47.5968060;SPRF-DF;DEL01-DF;UOP01-DEL01-DF 
634983;"1423859   ";2024-10-15;terça-feira;00:15:00;DF;"251  ";"13   ";BRASILIA;Sim;Iluminação deficiente;1;Saída de leito carroçável;Com Vítimas Feridas;Plena Noite;Crescente;Garoa/Chuvisco;Simples;Rotatória;Não  ;"1139694   ";Motocicleta;HONDA/CB 250F TWISTER;"2018      ";Condutor;Lesões Leves;"19   ";Masculino;"0 ";"1    ";"0    ";"0    ";-15.9544150;-47.5968060;SPRF-DF;DEL01-DF;UOP01-DEL01-DF 
635106;"1426672   ";2024-10-15;terça-feira;14:54:00;DF;"20   ";"5    ";BRASILIA;Sim;Acumulo de óleo sobre o pavimento;1;Colisão com objeto;Com Vítimas Feridas;Pleno dia;Crescente;Chuva;Dupla;Curva;Sim  ;"1141920   ";Caminhonete;VW/NOVA SAVEIRO RB MBVD;"2021      ";Passageiro;Lesões Leves;"27   ";Masculino;"0 ";"1    ";"0    ";"0    ";-15.6705460;-47.8160440;SPRF-DF;DEL02-DF;UOP01-DEL02-DF 
635106;"1426668   ";2024-10-15;terça-feira;14:54:00;DF;"20   ";"5    ";BRASILIA;Sim;Acumulo de óleo sobre o pavimento;1;Colisão com objeto;Com Vítimas Feridas;Pleno dia;Crescente;Chuva;Dupla;Curva;Sim  ;"1141920   ";Caminhonete;VW/NOVA SAVEIRO RB MBVD;"2021      ";Condutor;Ileso;"26   ";Masculino;"1 ";"0    ";"0    ";"0    ";-15.6705460;-47.8160440;SPRF-DF;DEL02-DF;UOP01-DEL02-DF 
635162;"1424416   ";2024-10-15;terça-feira;20:00:00;GO;"40   ";"2,9  ";VALPARAISO DE GOIAS;Sim;Acessar a via sem observar a presença dos outros veículos;3;Queda de ocupante de veículo;Com Vítimas Feridas;Plena Noite;Decrescente;Nublado;Dupla;Reta;Sim  ;"1140108   ";Motocicleta;HONDA/CB250F TWISTER CBS;"2021      ";Passageiro;Lesões Leves;"22   ";Masculino;"0 ";"1    ";"0    ";"0    ";-16.0741972;-47.9851484;SPRF-DF;DEL01-DF;UOP01-DEL01-DF 
635162;"1424414   ";2024-10-15;terça-feira;20:00:00;GO;"40   ";"2,9  ";VALPARAISO DE GOIAS;Sim;Acessar a via sem observar a presença dos outros veículos;3;Queda de ocupante de veículo;Com Vítimas Feridas;Plena Noite;Decrescente;Nublado;Dupla;Reta;Sim  ;"1140108   ";Motocicleta;HONDA/CB250F TWISTER CBS;"2021      ";Condutor;Lesões Leves;"31   ";Masculino;"0 ";"1    ";"0    ";"0    ";-16.0741972;-47.9851484;SPRF-DF;DEL01-DF;UOP01-DEL01-DF 
635162;"1424413   ";2024-10-15;terça-feira;20:00:00;GO;"40   ";"2,9  ";VALPARAISO DE GOIAS;Sim;Acessar a via sem observar a presença dos outros veículos;3;Queda de ocupante de veículo;Com Vítimas Feridas;Plena Noite;Decrescente;Nublado;Dupla;Reta;Sim  ;"1140106   ";Motocicleta;HONDA/CB250F TWISTER ABS;"2022      ";Passageiro;Lesões Leves;"46   ";Feminino;"0 ";"1    ";"0    ";"0    ";-16.0741972;-47.9851484;SPRF-DF;DEL01-DF;UOP01-DEL01-DF 
635162;"1424412   ";2024-10-15;terça-feira;20:00:00;GO;"40   ";"2,9  ";VALPARAISO DE GOIAS;Sim;Acessar a via sem observar a presença dos outros veículos;3;Queda de ocupante de veículo;Com Vítimas Feridas;Plena Noite;Decrescente;Nublado;Dupla;Reta;Sim  ;"1140106   ";Motocicleta;HONDA/CB250F TWISTER ABS;"2022      ";Condutor;Lesões Leves;"63   ";Masculino;"0 ";"1    ";"0    ";"0    ";-16.0741972;-47.9851484;SPRF-DF;DEL01-DF;UOP01-DEL01-DF 
635162;"1424416   ";2024-10-15;terça-feira;20:00:00;GO;"40   ";"2,9  ";VALPARAISO DE GOIAS;Sim;Acessar a via sem observar a presença dos outros veículos;2;Tombamento;Com Vítimas Feridas;Plena Noite;Decrescente;Nublado;Dupla;Reta;Sim  ;"1140108   ";Motocicleta;HONDA/CB250F TWISTER CBS;"2021      ";Passageiro;Lesões Leves;"22   ";Masculino;"0 ";"1    ";"0    ";"0    ";-16.0741972;-47.9851484;SPRF-DF;DEL01-DF;UOP01-DEL01-DF 
635162;"1424414   ";2024-10-15;terça-feira;20:00:00;GO;"40   ";"2,9  ";VALPARAISO DE GOIAS;Sim;Acessar a via sem observar a presença dos outros veículos;2;Tombamento;Com Vítimas Feridas;Plena Noite;Decrescente;Nublado;Dupla;Reta;Sim  ;"1140108   ";Motocicleta;HONDA/CB250F TWISTER CBS;"2021      ";Condutor;Lesões Leves;"31   ";Masculino;"0 ";"1    ";"0    ";"0    ";-16.0741972;-47.9851484;SPRF-DF;DEL01-DF;UOP01-DEL01-DF 
635162;"1424413   ";2024-10-15;terça-feira;20:00:00;GO;"40   ";"2,9  ";VALPARAISO DE GOIAS;Sim;Acessar a via sem observar a presença dos outros veículos;2;Tombamento;Com Vítimas Feridas;Plena Noite;Decrescente;Nublado;Dupla;Reta;Sim  ;"1140106   ";Motocicleta;HONDA/CB250F TWISTER ABS;"2022      ";Passageiro;Lesões Leves;"46   ";Feminino;"0 ";"1    ";"0    ";"0    ";-16.0741972;-47.9851484;SPRF-DF;DEL01-DF;UOP01-DEL01-DF 
635162;"1424412   ";2024-10-15;terça-feira;20:00:00;GO;"40   ";"2,9  ";VALPARAISO DE GOIAS;Sim;Acessar a via sem observar a presença dos outros veículos;2;Tombamento;Com Vítimas Feridas;Plena Noite;Decrescente;Nublado;Dupla;Reta;Sim  ;"1140106   ";Motocicleta;HONDA/CB250F TWISTER ABS;"2022      ";Condutor;Lesões Leves;"63   ";Masculino;"0 ";"1    ";"0    ";"0    ";-16.0741972;-47.9851484;SPRF-DF;DEL01-DF;UOP01-DEL01-DF 
635162;"1424416   ";2024-10-15;terça-feira;20:00:00;GO;"40   ";"2,9  ";VALPARAISO DE GOIAS;Sim;Acessar a via sem observar a presença dos outros veículos;1;Colisão lateral mesmo sentido;Com Vítimas Feridas;Plena Noite;Decrescente;Nublado;Dupla;Reta;Sim  ;"1140108   ";Motocicleta;HONDA/CB250F TWISTER CBS;"2021      ";Passageiro;Lesões Leves;"22   ";Masculino;"0 ";"1    ";"0    ";"0    ";-16.0741972;-47.9851484;SPRF-DF;DEL01-DF;UOP01-DEL01-DF 
635162;"1424414   ";2024-10-15;terça-feira;20:00:00;GO;"40   ";"2,9  ";VALPARAISO DE GOIAS;Sim;Acessar a via sem observar a presença dos outros veículos;1;Colisão lateral mesmo sentido;Com Vítimas Feridas;Plena Noite;Decrescente;Nublado;Dupla;Reta;Sim  ;"1140108   ";Motocicleta;HONDA/CB250F TWISTER CBS;"2021      ";Condutor;Lesões Leves;"31   ";Masculino;"0 ";"1    ";"0    ";"0    ";-16.0741972;-47.9851484;SPRF-DF;DEL01-DF;UOP01-DEL01-DF 
635162;"1424413   ";2024-10-15;terça-feira;20:00:00;GO;"40   ";"2,9  ";VALPARAISO DE GOIAS;Sim;Acessar a via sem observar a presença dos outros veículos;1;Colisão lateral mesmo sentido;Com Vítimas Feridas;Plena Noite;Decrescente;Nublado;Dupla;Reta;Sim  ;"1140106   ";Motocicleta;HONDA/CB250F TWISTER ABS;"2022      ";Passageiro;Lesões Leves;"46   ";Feminino;"0 ";"1    ";"0    ";"0    ";-16.0741972;-47.9851484;SPRF-DF;DEL01-DF;UOP01-DEL01-DF 
635162;"1424412   ";2024-10-15;terça-feira;20:00:00;GO;"40   ";"2,9  ";VALPARAISO DE GOIAS;Sim;Acessar a via sem observar a presença dos outros veículos;1;Colisão lateral mesmo sentido;Com Vítimas Feridas;Plena Noite;Decrescente;Nublado;Dupla;Reta;Sim  ;"1140106   ";Motocicleta;HONDA/CB250F TWISTER ABS;"2022      ";Condutor;Lesões Leves;"63   ";Masculino;"0 ";"1    ";"0    ";"0    ";-16.0741972;-47.9851484;SPRF-DF;DEL01-DF;UOP01-DEL01-DF 
635302;"1424651   ";2024-10-16;quarta-feira;14:00:00;DF;"20   ";"13,5 ";BRASILIA;Sim;Condutor Dormindo;3;Capotamento;Com Vítimas Feridas;Pleno dia;Crescente;Nublado;Dupla;Reta;Sim  ;"1140322   ";Automóvel;FORD/FIESTA SEDAN1.6FLEX;"2010      ";Condutor;Ileso;"53   ";Masculino;"1 ";"0    ";"0    ";"0    ";-15.6387520;-47.7495990;SPRF-DF;DEL02-DF;UOP01-DEL02-DF 
635302;"1424650   ";2024-10-16;quarta-feira;14:00:00;DF;"20   ";"13,5 ";BRASILIA;Sim;Condutor Dormindo;3;Capotamento;Com Vítimas Feridas;Pleno dia;Crescente;Nublado;Dupla;Reta;Sim  ;"1140321   ";Automóvel;FORD/FIESTA 1.6 FLEX;"2009      ";Condutor;Lesões Leves;"48   ";Masculino;"0 ";"1    ";"0    ";"0    ";-15.6387520;-47.7495990;SPRF-DF;DEL02-DF;UOP01-DEL02-DF 
635302;"1424652   ";2024-10-16;quarta-feira;14:00:00;DF;"20   ";"13,5 ";BRASILIA;Sim;Condutor Dormindo;3;Capotamento;Com Vítimas Feridas;Pleno dia;Crescente;Nublado;Dupla;Reta;Sim  ;"1140321   ";Automóvel;FORD/FIESTA 1.6 FLEX;"2009      ";Passageiro;Lesões Leves;"51   ";Feminino;"0 ";"1    ";"0    ";"0    ";-15.6387520;-47.7495990;SPRF-DF;DEL02-DF;UOP01-DEL02-DF 