id;pesid;data_inversa;dia_semana;horario;uf;br;km;municipio;causa_principal;causa_acidente;ordem_tipo_acidente;tipo_acidente;classificacao_acidente;fase_dia;sentido_via;condicao_metereologica;tipo_pista;tracado_via;uso_solo;id_veiculo;tipo_veiculo;marca;ano_fabricacao_veiculo;tipo_envolvido;estado_fisico;idade;sexo;ilesos;feridos_leves;feridos_graves;mortos;latitude;longitude;regional;delegacia;uop
635302;"1424651   ";2024-10-16;quarta-feira;14:00:00;DF;"20   ";"13,5 ";BRASILIA;Sim;Condutor Dormindo;2;Saída de leito carroçável;Com Vítimas Feridas;Pleno dia;Crescente;Nublado;Dupla;Reta;Sim  ;"1140322   ";Automóvel;FORD/FIESTA SEDAN1.6FLEX;"2010      ";Condutor;Ileso;"53   ";Masculino;"1 ";"0    ";"0    ";"0    ";-15.6387520;-47.7495990;SPRF-DF;DEL02-DF;UOP01-DEL02-DF 
635302;"1424650   ";2024-10-16;quarta-feira;14:00:00;DF;"20   ";"13,5 ";BRASILIA;Sim;Condutor Dormindo;2;Saída de leito carroçável;Com Vítimas Feridas;Pleno dia;Crescente;Nublado;Dupla;Reta;Sim  ;"1140321   ";Automóvel;FORD/FIESTA 1.6 FLEX;"2009      ";Condutor;Lesões Leves;"48   ";Masculino;"0 ";"1    ";"0    ";"0    ";-15.6387520;-47.7495990;SPRF-DF;DEL02-DF;UOP01-DEL02-DF 
635302;"1424652   ";2024-10-16;quarta-feira;14:00:00;DF;"20   ";"13,5 ";BRASILIA;Sim;Condutor Dormindo;2;Saída de leito carroçável;Com Vítimas Feridas;Pleno dia;Crescente;Nublado;Dupla;Reta;Sim  ;"1140321   ";Automóvel;FORD/FIESTA 1.6 FLEX;"2009      ";Passageiro;Lesões Leves;"51   ";Feminino;"0 ";"1    ";"0    ";"0    ";-15.6387520;-47.7495990;SPRF-DF;DEL02-DF;UOP01-DEL02-DF 
635302;"1424651   ";2024-10-16;quarta-feira;14:00:00;DF;"20   ";"13,5 ";BRASILIA;Sim;Condutor Dormindo;1;Colisão lateral mesmo sentido;Com Vítimas Feridas;Pleno dia;Crescente;Nublado;Dupla;Reta;Sim  ;"1140322   ";Automóvel;FORD/FIESTA SEDAN1.6FLEX;"2010      ";Condutor;Ileso;"53   ";Masculino;"1 ";"0    ";"0    ";"0    ";-15.6387520;-47.7495990;SPRF-DF;DEL02-DF;UOP01-DEL02-DF 
635302;"1424650   ";2024-10-16;quarta-feira;14:00:00;DF;"20   ";"13,5 ";BRASILIA;Sim;Condutor Dormindo;1;Colisão lateral mesmo sentido;Com Vítimas Feridas;Pleno dia;Crescente;Nublado;Dupla;Reta;Sim  ;"1140321   ";Automóvel;FORD/FIESTA 1.6 FLEX;"2009      ";Condutor;Lesões Leves;"48   ";Masculino;"0 ";"1    ";"0    ";"0    ";-15.6387520;-47.7495990;SPRF-DF;DEL02-DF;UOP01-DEL02-DF 
635302;"1424652   ";2024-10-16;quarta-feira;14:00:00;DF;"20   ";"13,5 ";BRASILIA;Sim;Condutor Dormindo;1;Colisão lateral mesmo sentido;Com Vítimas Feridas;Pleno dia;Crescente;Nublado;Dupla;Reta;Sim  ;"1140321   ";Automóvel;FORD/FIESTA 1.6 FLEX;"2009      ";Passageiro;Lesões Leves;"51   ";Feminino;"0 ";"1    ";"0    ";"0    ";-15.6387520;-47.7495990;SPRF-DF;DEL02-DF;UOP01-DEL02-DF 
635312;"1424765   ";2024-10-16;quarta-feira;12:41:00;GO;"40   ";"12,5 ";LUZIANIA;Não;Pista Escorregadia;1;Colisão traseira;Sem Vítimas;Pleno dia;Decrescente;Chuva;Dupla;"Reta;Retorno Regulamentado";Sim  ;"1140383   ";Automóvel;GM/CORSA HATCH;"2002      ";Condutor;Não Informado;"0    ";Não Informado;"0 ";"0    ";"0    ";"0    ";-16.1451230;-47.9453820;SPRF-DF;DEL01-DF;UOP01-DEL01-DF 
635312;"1424764   ";2024-10-16;quarta-feira;12:41:00;GO;"40   ";"12,5 ";LUZIANIA;Não;Pista Escorregadia;1;Colisão traseira;Sem Vítimas;Pleno dia;Decrescente;Chuva;Dupla;"Reta;Retorno Regulamentado";Sim  ;"1140382   ";Micro-ônibus;I/FIAT DUCATO ENGESIGMIC;"2018      ";Condutor;Ileso;"59   ";Masculino;"1 ";"0    ";"0    ";"0    ";-16.1451230;-47.9453820;SPRF-DF;DEL01-DF;UOP01-DEL01-DF 
635312;"1424765   ";2024-10-16;quarta-feira;12:41:00;GO;"40   ";"12,5 ";LUZIANIA;Não;Ausência de reação do condutor;1;Colisão traseira;Sem Vítimas;Pleno dia;Decrescente;Chuva;Dupla;"Reta;Retorno Regulamentado";Sim  ;"1140383   ";Automóvel;GM/CORSA HATCH;"2002      ";Condutor;Não Informado;"0    ";Não Informado;"0 ";"0    ";"0    ";"0    ";-16.1451230;-47.9453820;SPRF-DF;DEL01-DF;UOP01-DEL01-DF 
635312;"1424764   ";2024-10-16;quarta-feira;12:41:00;GO;"40   ";"12,5 ";LUZIANIA;Não;Ausência de reação do condutor;1;Colisão traseira;Sem Vítimas;Pleno dia;Decrescente;Chuva;Dupla;"Reta;Retorno Regulamentado";Sim  ;"1140382   ";Micro-ônibus;I/FIAT DUCATO ENGESIGMIC;"2018      ";Condutor;Ileso;"59   ";Masculino;"1 ";"0    ";"0    ";"0    ";-16.1451230;-47.9453820;SPRF-DF;DEL01-DF;UOP01-DEL01-DF 
635312;"1424765   ";2024-10-16;quarta-feira;12:41:00;GO;"40   ";"12,5 ";LUZIANIA;Sim;Acessar a via sem observar a presença dos outros veículos;1;Colisão traseira;Sem Vítimas;Pleno dia;Decrescente;Chuva;Dupla;"Reta;Retorno Regulamentado";Sim  ;"1140383   ";Automóvel;GM/CORSA HATCH;"2002      ";Condutor;Não Informado;"0    ";Não Informado;"0 ";"0    ";"0    ";"0    ";-16.1451230;-47.9453820;SPRF-DF;DEL01-DF;UOP01-DEL01-DF 
635312;"1424764   ";2024-10-16;quarta-feira;12:41:00;GO;"40   ";"12,5 ";LUZIANIA;Sim;Acessar a via sem observar a presença dos outros veículos;1;Colisão traseira;Sem Vítimas;Pleno dia;Decrescente;Chuva;Dupla;"Reta;Retorno Regulamentado";Sim  ;"1140382   ";Micro-ônibus;I/FIAT DUCATO ENGESIGMIC;"2018      ";Condutor;Ileso;"59   ";Masculino;"1 ";"0    ";"0    ";"0    ";-16.1451230;-47.9453820;SPRF-DF;DEL01-DF;UOP01-DEL01-DF 
635316;"1424926   ";2024-10-16;quarta-feira;15:20:00;DF;"60   ";"7,9  ";BRASILIA;Sim;Acumulo de óleo sobre o pavimento;2;Colisão com objeto;Sem Vítimas;Pleno dia;Crescente;Chuva;Dupla;"Reta;Declive";Sim  ;"1140524   ";Caminhão-trator;SCANIA/R 440 A6X2;"2013      ";Condutor;Ileso;"52   ";Masculino;"1 ";"0    ";"0    ";"0    ";-15.9012370;-48.1223340;SPRF-DF;DEL03-DF;UOP01-DEL03-DF 
635316;"0         ";2024-10-16;quarta-feira;15:20:00;DF;"60   ";"7,9  ";BRASILIA;Sim;Acumulo de óleo sobre o pavimento;2;Colisão com objeto;Sem Vítimas;Pleno dia;Crescente;Chuva;Dupla;"Reta;Declive";Sim  ;"1140525   ";Semireboque;SR/RECRUSUL SRFM;"1999      ";"0";"0";"0    ";"0";"0 ";"0    ";"0    ";"0    ";-15.9012370;-48.1223340;SPRF-DF;DEL03-DF;UOP01-DEL03-DF 
635316;"1424926   ";2024-10-16;quarta-feira;15:20:00;DF;"60   ";"7,9  ";BRASILIA;Sim;Acumulo de óleo sobre o pavimento;1;Saída de leito carroçável;Sem Vítimas;Pleno dia;Crescente;Chuva;Dupla;"Reta;Declive";Sim  ;"1140524   ";Caminhão-trator;SCANIA/R 440 A6X2;"2013      ";Condutor;Ileso;"52   ";Masculino;"1 ";"0    ";"0    ";"0    ";-15.9012370;-48.1223340;SPRF-DF;DEL03-DF;UOP01-DEL03-DF 
635316;"0         ";2024-10-16;quarta-feira;15:20:00;DF;"60   ";"7,9  ";BRASILIA;Sim;Acumulo de óleo sobre o pavimento;1;Saída de leito carroçável;Sem Vítimas;Pleno dia;Crescente;Chuva;Dupla;"Reta;Declive";Sim  ;"1140525   ";Semireboque;SR/RECRUSUL SRFM;"1999      ";"0";"0";"0    ";"0";"0 ";"0    ";"0    ";"0    ";-15.9012370;-48.1223340;SPRF-DF;DEL03-DF;UOP01-DEL03-DF 
635320;"1424800   ";2024-10-16;quarta-feira;15:30:00;DF;"80   ";"14,1 ";BRASILIA;Sim;Ausência de reação do condutor;2;Colisão com objeto;Sem Vítimas;Pleno dia;Decrescente;Chuva;Simples;"Reta;Declive";Não  ;"1140427   ";Caminhão;M.BENZ/709;"1995      ";Passageiro;Ileso;"37   ";Masculino;"1 ";"0    ";"0    ";"0    ";-15.7190340;-48.1966860;SPRF-DF;DEL03-DF;UOP02-DEL03-DF 
635320;"1424801   ";2024-10-16;quarta-feira;15:30:00;DF;"80   ";"14,1 ";BRASILIA;Sim;Ausência de reação do condutor;2;Colisão com objeto;Sem Vítimas;Pleno dia;Decrescente;Chuva;Simples;"Reta;Declive";Não  ;"1140427   ";Caminhão;M.BENZ/709;"1995      ";Passageiro;Ileso;"39   ";Masculino;"1 ";"0    ";"0    ";"0    ";-15.7190340;-48.1966860;SPRF-DF;DEL03-DF;UOP02-DEL03-DF 
635320;"1424797   ";2024-10-16;quarta-feira;15:30:00;DF;"80   ";"14,1 ";BRASILIA;Sim;Ausência de reação do condutor;2;Colisão com objeto;Sem Vítimas;Pleno dia;Decrescente;Chuva;Simples;"Reta;Declive";Não  ;"1140427   ";Caminhão;M.BENZ/709;"1995      ";Condutor;Ileso;"40   ";Masculino;"1 ";"0    ";"0    ";"0    ";-15.7190340;-48.1966860;SPRF-DF;DEL03-DF;UOP02-DEL03-DF 
635320;"1424800   ";2024-10-16;quarta-feira;15:30:00;DF;"80   ";"14,1 ";BRASILIA;Sim;Ausência de reação do condutor;1;Saída de leito carroçável;Sem Vítimas;Pleno dia;Decrescente;Chuva;Simples;"Reta;Declive";Não  ;"1140427   ";Caminhão;M.BENZ/709;"1995      ";Passageiro;Ileso;"37   ";Masculino;"1 ";"0    ";"0    ";"0    ";-15.7190340;-48.1966860;SPRF-DF;DEL03-DF;UOP02-DEL03-DF 
635320;"1424801   ";2024-10-16;quarta-feira;15:30:00;DF;"80   ";"14,1 ";BRASILIA;Sim;Ausência de reação do condutor;1;Saída de leito carroçável;Sem Vítimas;Pleno dia;Decrescente;Chuva;Simples;"Reta;Declive";Não  ;"1140427   ";Caminhão;M.BENZ/709;"1995      ";Passageiro;Ileso;"39   ";Masculino;"1 ";"0    ";"0    ";"0    ";-15.7190340;-48.1966860;SPRF-DF;DEL03-DF;UOP02-DEL03-DF 
635320;"1424797   ";2024-10-16;quarta-feira;15:30:00;DF;"80   ";"14,1 ";BRASILIA;Sim;Ausência de reação do condutor;1;Saída de leito carroçável;Sem Vítimas;Pleno dia;Decrescente;Chuva;Simples;"Reta;Declive";Não  ;"1140427   ";Caminhão;M.BENZ/709;"1995      ";Condutor;Ileso;"40   ";Masculino;"1 ";"0    ";"0    ";"0    ";-15.7190340;-48.1966860;SPRF-DF;DEL03-DF;UOP02-DEL03-DF 
635332;"1424868   ";2024-10-16;quarta-feira;15:25:00;DF;"60   ";"8,2  ";BRASILIA;Não;Pista Escorregadia;2;Colisão com objeto;Sem Vítimas;Pleno dia;Crescente;Garoa/Chuvisco;Dupla;Reta;Sim  ;"1140487   ";Ônibus;MBENZ/MPOLO PARADISO LD;"2016      ";Passageiro;Ileso;"35   ";Masculino;"1 ";"0    ";"0    ";"0    ";-15.9032400;-48.1306950;SPRF-DF;DEL03-DF;UOP01-DEL03-DF 
635332;"1424869   ";2024-10-16;quarta-feira;15:25:00;DF;"60   ";"8,2  ";BRASILIA;Não;Pista Escorregadia;2;Colisão com objeto;Sem Vítimas;Pleno dia;Crescente;Garoa/Chuvisco;Dupla;Reta;Sim  ;"1140487   ";Ônibus;MBENZ/MPOLO PARADISO LD;"2016      ";Passageiro;Ileso;"35   ";Feminino;"1 ";"0    ";"0    ";"0    ";-15.9032400;-48.1306950;SPRF-DF;DEL03-DF;UOP01-DEL03-DF 
635332;"1424870   ";2024-10-16;quarta-feira;15:25:00;DF;"60   ";"8,2  ";BRASILIA;Não;Pista Escorregadia;2;Colisão com objeto;Sem Vítimas;Pleno dia;Crescente;Garoa/Chuvisco;Dupla;Reta;Sim  ;"1140487   ";Ônibus;MBENZ/MPOLO PARADISO LD;"2016      ";Passageiro;Ileso;"28   ";Feminino;"1 ";"0    ";"0    ";"0    ";-15.9032400;-48.1306950;SPRF-DF;DEL03-DF;UOP01-DEL03-DF 
635332;"1424871   ";2024-10-16;quarta-feira;15:25:00;DF;"60   ";"8,2  ";BRASILIA;Não;Pista Escorregadia;2;Colisão com objeto;Sem Vítimas;Pleno dia;Crescente;Garoa/Chuvisco;Dupla;Reta;Sim  ;"1140487   ";Ônibus;MBENZ/MPOLO PARADISO LD;"2016      ";Passageiro;Ileso;"24   ";Masculino;"1 ";"0    ";"0    ";"0    ";-15.9032400;-48.1306950;SPRF-DF;DEL03-DF;UOP01-DEL03-DF 
635332;"1424872   ";2024-10-16;quarta-feira;15:25:00;DF;"60   ";"8,2  ";BRASILIA;Não;Pista Escorregadia;2;Colisão com objeto;Sem Vítimas;Pleno dia;Crescente;Garoa/Chuvisco;Dupla;Reta;Sim  ;"1140487   ";Ônibus;MBENZ/MPOLO PARADISO LD;"2016      ";Passageiro;Ileso;"24   ";Masculino;"1 ";"0    ";"0    ";"0    ";-15.9032400;-48.1306950;SPRF-DF;DEL03-DF;UOP01-DEL03-DF 
635332;"1424873   ";2024-10-16;quarta-feira;15:25:00;DF;"60   ";"8,2  ";BRASILIA;Não;Pista Escorregadia;2;Colisão com objeto;Sem Vítimas;Pleno dia;Crescente;Garoa/Chuvisco;Dupla;Reta;Sim  ;"1140487   ";Ônibus;MBENZ/MPOLO PARADISO LD;"2016      ";Passageiro;Ileso;"21   ";Feminino;"1 ";"0    ";"0    ";"0    ";-15.9032400;-48.1306950;SPRF-DF;DEL03-DF;UOP01-DEL03-DF 
635332;"1424874   ";2024-10-16;quarta-feira;15:25:00;DF;"60   ";"8,2  ";BRASILIA;Não;Pista Escorregadia;2;Colisão com objeto;Sem Vítimas;Pleno dia;Crescente;Garoa/Chuvisco;Dupla;Reta;Sim  ;"1140487   ";Ônibus;MBENZ/MPOLO PARADISO LD;"2016      ";Passageiro;Ileso;"29   ";Feminino;"1 ";"0    ";"0    ";"0    ";-15.9032400;-48.1306950;SPRF-DF;DEL03-DF;UOP01-DEL03-DF 
635332;"1424867   ";2024-10-16;quarta-feira;15:25:00;DF;"60   ";"8,2  ";BRASILIA;Não;Pista Escorregadia;2;Colisão com objeto;Sem Vítimas;Pleno dia;Crescente;Garoa/Chuvisco;Dupla;Reta;Sim  ;"1140487   ";Ônibus;MBENZ/MPOLO PARADISO LD;"2016      ";Condutor;Ileso;"54   ";Masculino;"1 ";"0    ";"0    ";"0    ";-15.9032400;-48.1306950;SPRF-DF;DEL03-DF;UOP01-DEL03-DF 
635332;"1424868   ";2024-10-16;quarta-feira;15:25:00;DF;"60   ";"8,2  ";BRASILIA;Não;Pista Escorregadia;1;Saída de leito carroçável;Sem Vítimas;Pleno dia;Crescente;Garoa/Chuvisco;Dupla;Reta;Sim  ;"1140487   ";Ônibus;MBENZ/MPOLO PARADISO LD;"2016      ";Passageiro;Ileso;"35   ";Masculino;"1 ";"0    ";"0    ";"0    ";-15.9032400;-48.1306950;SPRF-DF;DEL03-DF;UOP01-DEL03-DF 
635332;"1424869   ";2024-10-16;quarta-feira;15:25:00;DF;"60   ";"8,2  ";BRASILIA;Não;Pista Escorregadia;1;Saída de leito carroçável;Sem Vítimas;Pleno dia;Crescente;Garoa/Chuvisco;Dupla;Reta;Sim  ;"1140487   ";Ônibus;MBENZ/MPOLO PARADISO LD;"2016      ";Passageiro;Ileso;"35   ";Feminino;"1 ";"0    ";"0    ";"0    ";-15.9032400;-48.1306950;SPRF-DF;DEL03-DF;UOP01-DEL03-DF 
635332;"1424870   ";2024-10-16;quarta-feira;15:25:00;DF;"60   ";"8,2  ";BRASILIA;Não;Pista Escorregadia;1;Saída de leito carroçável;Sem Vítimas;Pleno dia;Crescente;Garoa/Chuvisco;Dupla;Reta;Sim  ;"1140487   ";Ônibus;MBENZ/MPOLO PARADISO LD;"2016      ";Passageiro;Ileso;"28   ";Feminino;"1 ";"0    ";"0    ";"0    ";-15.9032400;-48.1306950;SPRF-DF;DEL03-DF;UOP01-DEL03-DF 
635332;"1424871   ";2024-10-16;quarta-feira;15:25:00;DF;"60   ";"8,2  ";BRASILIA;Não;Pista Escorregadia;1;Saída de leito carroçável;Sem Vítimas;Pleno dia;Crescente;Garoa/Chuvisco;Dupla;Reta;Sim  ;"1140487   ";Ônibus;MBENZ/MPOLO PARADISO LD;"2016      ";Passageiro;Ileso;"24   ";Masculino;"1 ";"0    ";"0    ";"0    ";-15.9032400;-48.1306950;SPRF-DF;DEL03-DF;UOP01-DEL03-DF 
635332;"1424872   ";2024-10-16;quarta-feira;15:25:00;DF;"60   ";"8,2  ";BRASILIA;Não;Pista Escorregadia;1;Saída de leito carroçável;Sem Vítimas;Pleno dia;Crescente;Garoa/Chuvisco;Dupla;Reta;Sim  ;"1140487   ";Ônibus;MBENZ/MPOLO PARADISO LD;"2016      ";Passageiro;Ileso;"24   ";Masculino;"1 ";"0    ";"0    ";"0    ";-15.9032400;-48.1306950;SPRF-DF;DEL03-DF;UOP01-DEL03-DF 
635332;"1424874   ";2024-10-16;quarta-feira;15:25:00;DF;"60   ";"8,2  ";BRASILIA;Não;Pista Escorregadia;1;Saída de leito carroçável;Sem Vítimas;Pleno dia;Crescente;Garoa/Chuvisco;Dupla;Reta;Sim  ;"1140487   ";Ônibus;MBENZ/MPOLO PARADISO LD;"2016      ";Passageiro;Ileso;"29   ";Feminino;"1 ";"0    ";"0    ";"0    ";-15.9032400;-48.1306950;SPRF-DF;DEL03-DF;UOP01-DEL03-DF 
635332;"1424867   ";2024-10-16;quarta-feira;15:25:00;DF;"60   ";"8,2  ";BRASILIA;Não;Pista Escorregadia;1;Saída de leito carroçável;Sem Vítimas;Pleno dia;Crescente;Garoa/Chuvisco;Dupla;Reta;Sim  ;"1140487   ";Ônibus;MBENZ/MPOLO PARADISO LD;"2016      ";Condutor;Ileso;"54   ";Masculino;"1 ";"0    ";"0    ";"0    ";-15.9032400;-48.1306950;SPRF-DF;DEL03-DF;UOP01-DEL03-DF 
635332;"1424868   ";2024-10-16;quarta-feira;15:25:00;DF;"60   ";"8,2  ";BRASILIA;Sim;Acumulo de óleo sobre o pavimento;2;Colisão com objeto;Sem Vítimas;Pleno dia;Crescente;Garoa/Chuvisco;Dupla;Reta;Sim  ;"1140487   ";Ônibus;MBENZ/MPOLO PARADISO LD;"2016      ";Passageiro;Ileso;"35   ";Masculino;"1 ";"0    ";"0    ";"0    ";-15.9032400;-48.1306950;SPRF-DF;DEL03-DF;UOP01-DEL03-DF 
635332;"1424869   ";2024-10-16;quarta-feira;15:25:00;DF;"60   ";"8,2  ";BRASILIA;Sim;Acumulo de óleo sobre o pavimento;2;Colisão com objeto;Sem Vítimas;Pleno dia;Crescente;Garoa/Chuvisco;Dupla;Reta;Sim  ;"1140487   ";Ônibus;MBENZ/MPOLO PARADISO LD;"2016      ";Passageiro;Ileso;"35   ";Feminino;"1 ";"0    ";"0    ";"0    ";-15.9032400;-48.1306950;SPRF-DF;DEL03-DF;UOP01-DEL03-DF 
635332;"1424870   ";2024-10-16;quarta-feira;15:25:00;DF;"60   ";"8,2  ";BRASILIA;Sim;Acumulo de óleo sobre o pavimento;2;Colisão com objeto;Sem Vítimas;Pleno dia;Crescente;Garoa/Chuvisco;Dupla;Reta;Sim  ;"1140487   ";Ônibus;MBENZ/MPOLO PARADISO LD;"2016      ";Passageiro;Ileso;"28   ";Feminino;"1 ";"0    ";"0    ";"0    ";-15.9032400;-48.1306950;SPRF-DF;DEL03-DF;UOP01-DEL03-DF 
635332;"1424871   ";2024-10-16;quarta-feira;15:25:00;DF;"60   ";"8,2  ";BRASILIA;Sim;Acumulo de óleo sobre o pavimento;2;Colisão com objeto;Sem Vítimas;Pleno dia;Crescente;Garoa/Chuvisco;Dupla;Reta;Sim  ;"1140487   ";Ônibus;MBENZ/MPOLO PARADISO LD;"2016      ";Passageiro;Ileso;"24   ";Masculino;"1 ";"0    ";"0    ";"0    ";-15.9032400;-48.1306950;SPRF-DF;DEL03-DF;UOP01-DEL03-DF 
635332;"1424872   ";2024-10-16;quarta-feira;15:25:00;DF;"60   ";"8,2  ";BRASILIA;Sim;Acumulo de óleo sobre o pavimento;2;Colisão com objeto;Sem Vítimas;Pleno dia;Crescente;Garoa/Chuvisco;Dupla;Reta;Sim  ;"1140487   ";Ônibus;MBENZ/MPOLO PARADISO LD;"2016      ";Passageiro;Ileso;"24   ";Masculino;"1 ";"0    ";"0    ";"0    ";-15.9032400;-48.1306950;SPRF-DF;DEL03-DF;UOP01-DEL03-DF 
635332;"1424873   ";2024-10-16;quarta-feira;15:25:00;DF;"60   ";"8,2  ";BRASILIA;Sim;Acumulo de óleo sobre o pavimento;2;Colisão com objeto;Sem Vítimas;Pleno dia;Crescente;Garoa/Chuvisco;Dupla;Reta;Sim  ;"1140487   ";Ônibus;MBENZ/MPOLO PARADISO LD;"2016      ";Passageiro;Ileso;"21   ";Feminino;"1 ";"0    ";"0    ";"0    ";-15.9032400;-48.1306950;SPRF-DF;DEL03-DF;UOP01-DEL03-DF 
635332;"1424874   ";2024-10-16;quarta-feira;15:25:00;DF;"60   ";"8,2  ";BRASILIA;Sim;Acumulo de óleo sobre o pavimento;2;Colisão com objeto;Sem Vítimas;Pleno dia;Crescente;Garoa/Chuvisco;Dupla;Reta;Sim  ;"1140487   ";Ônibus;MBENZ/MPOLO PARADISO LD;"2016      ";Passageiro;Ileso;"29   ";Feminino;"1 ";"0    ";"0    ";"0    ";-15.9032400;-48.1306950;SPRF-DF;DEL03-DF;UOP01-DEL03-DF 
635332;"1424867   ";2024-10-16;quarta-feira;15:25:00;DF;"60   ";"8,2  ";BRASILIA;Sim;Acumulo de óleo sobre o pavimento;2;Colisão com objeto;Sem Vítimas;Pleno dia;Crescente;Garoa/Chuvisco;Dupla;Reta;Sim  ;"1140487   ";Ônibus;MBENZ/MPOLO PARADISO LD;"2016      ";Condutor;Ileso;"54   ";Masculino;"1 ";"0    ";"0    ";"0    ";-15.9032400;-48.1306950;SPRF-DF;DEL03-DF;UOP01-DEL03-DF 
635332;"1424868   ";2024-10-16;quarta-feira;15:25:00;DF;"60   ";"8,2  ";BRASILIA;Sim;Acumulo de óleo sobre o pavimento;1;Saída de leito carroçável;Sem Vítimas;Pleno dia;Crescente;Garoa/Chuvisco;Dupla;Reta;Sim  ;"1140487   ";Ônibus;MBENZ/MPOLO PARADISO LD;"2016      ";Passageiro;Ileso;"35   ";Masculino;"1 ";"0    ";"0    ";"0    ";-15.9032400;-48.1306950;SPRF-DF;DEL03-DF;UOP01-DEL03-DF 
635332;"1424869   ";2024-10-16;quarta-feira;15:25:00;DF;"60   ";"8,2  ";BRASILIA;Sim;Acumulo de óleo sobre o pavimento;1;Saída de leito carroçável;Sem Vítimas;Pleno dia;Crescente;Garoa/Chuvisco;Dupla;Reta;Sim  ;"1140487   ";Ônibus;MBENZ/MPOLO PARADISO LD;"2016      ";Passageiro;Ileso;"35   ";Feminino;"1 ";"0    ";"0    ";"0    ";-15.9032400;-48.1306950;SPRF-DF;DEL03-DF;UOP01-DEL03-DF 
635332;"1424870   ";2024-10-16;quarta-feira;15:25:00;DF;"60   ";"8,2  ";BRASILIA;Sim;Acumulo de óleo sobre o pavimento;1;Saída de leito carroçável;Sem Vítimas;Pleno dia;Crescente;Garoa/Chuvisco;Dupla;Reta;Sim  ;"1140487   ";Ônibus;MBENZ/MPOLO PARADISO LD;"2016      ";Passageiro;Ileso;"28   ";Feminino;"1 ";"0    ";"0    ";"0    ";-15.9032400;-48.1306950;SPRF-DF;DEL03-DF;UOP01-DEL03-DF 
635332;"1424871   ";2024-10-16;quarta-feira;15:25:00;DF;"60   ";"8,2  ";BRASILIA;Sim;Acumulo de óleo sobre o pavimento;1;Saída de leito carroçável;Sem Vítimas;Pleno dia;Crescente;Garoa/Chuvisco;Dupla;Reta;Sim  ;"1140487   ";Ônibus;MBENZ/MPOLO PARADISO LD;"2016      ";Passageiro;Ileso;"24   ";Masculino;"1 ";"0    ";"0    ";"0    ";-15.9032400;-48.1306950;SPRF-DF;DEL03-DF;UOP01-DEL03-DF 
635332;"1424872   ";2024-10-16;quarta-feira;15:25:00;DF;"60   ";"8,2  ";BRASILIA;Sim;Acumulo de óleo sobre o pavimento;1;Saída de leito carroçável;Sem Vítimas;Pleno dia;Crescente;Garoa/Chuvisco;Dupla;Reta;Sim  ;"1140487   ";Ônibus;MBENZ/MPOLO PARADISO LD;"2016      ";Passageiro;Ileso;"24   ";Masculino;"1 ";"0    ";"0    ";"0    ";-15.9032400;-48.1306950;SPRF-DF;DEL03-DF;UOP01-DEL03-DF 
635332;"1424873   ";2024-10-16;quarta-feira;15:25:00;DF;"60   ";"8,2  ";BRASILIA;Sim;Acumulo de óleo sobre o pavimento;1;Saída de leito carroçável;Sem Vítimas;Pleno dia;Crescente;Garoa/Chuvisco;Dupla;Reta;Sim  ;"1140487   ";Ônibus;MBENZ/MPOLO PARADISO LD;"2016      ";Passageiro;Ileso;"21   ";Feminino;"1 ";"0    ";"0    ";"0    ";-15.9032400;-48.1306950;SPRF-DF;DEL03-DF;UOP01-DEL03-DF 
635332;"1424874   ";2024-10-16;quarta-feira;15:25:00;DF;"60   ";"8,2  ";BRASILIA;Sim;Acumulo de óleo sobre o pavimento;1;Saída de leito carroçável;Sem Vítimas;Pleno dia;Crescente;Garoa/Chuvisco;Dupla;Reta;Sim  ;"1140487   ";Ônibus;MBENZ/MPOLO PARADISO LD;"2016      ";Passageiro;Ileso;"29   ";Feminino;"1 ";"0    ";"0    ";"0    ";-15.9032400;-48.1306950;SPRF-DF;DEL03-DF;UOP01-DEL03-DF 
635332;"1424867   ";2024-10-16;quarta-feira;15:25:00;DF;"60   ";"8,2  ";BRASILIA;Sim;Acumulo de óleo sobre o pavimento;1;Saída de leito carroçável;Sem Vítimas;Pleno dia;Crescente;Garoa/Chuvisco;Dupla;Reta;Sim  ;"1140487   ";Ônibus;MBENZ/MPOLO PARADISO LD;"2016      ";Condutor;Ileso;"54   ";Masculino;"1 ";"0    ";"0    ";"0    ";-15.9032400;-48.1306950;SPRF-DF;DEL03-DF;UOP01-DEL03-DF 
635336;"1424775   ";2024-10-16;quarta-feira;16:40:00;DF;"20   ";"24   ";BRASILIA;Sim;Acumulo de água sobre o pavimento;2;Colisão com objeto;Sem Vítimas;Anoitecer;Crescente;Chuva;Dupla;Curva;Não  ;"1140414   ";Caminhonete;I/FORD RANGER XLSCD4A22C;"2019      ";Condutor;Ileso;"30   ";Masculino;"1 ";"0    ";"0    ";"0    ";-15.5948310;-47.6586150;SPRF-DF;DEL02-DF;UOP01-DEL02-DF 
635336;"1424775   ";2024-10-16;quarta-feira;16:40:00;DF;"20   ";"24   ";BRASILIA;Sim;Acumulo de água sobre o pavimento;1;Saída de leito carroçável;Sem Vítimas;Anoitecer;Crescente;Chuva;Dupla;Curva;Não  ;"1140414   ";Caminhonete;I/FORD RANGER XLSCD4A22C;"2019      ";Condutor;Ileso;"30   ";Masculino;"1 ";"0    ";"0    ";"0    ";-15.5948310;-47.6586150;SPRF-DF;DEL02-DF;UOP01-DEL02-DF 
635411;"1425006   ";2024-10-17;quinta-feira;07:30:00;DF;"60   ";"6,7  ";BRASILIA;Sim;Reação tardia ou ineficiente do condutor;2;Queda de ocupante de veículo;Com Vítimas Feridas;Pleno dia;Crescente;Sol;Dupla;Reta;Sim  ;"1140602   ";Motocicleta;HONDA/CG150 TITAN MIX EX;"2009      ";Condutor;Lesões Leves;"32   ";Masculino;"0 ";"1    ";"0    ";"0    ";-15.8979390;-48.1130560;SPRF-DF;DEL03-DF;UOP01-DEL03-DF 
635411;"1425006   ";2024-10-17;quinta-feira;07:30:00;DF;"60   ";"6,7  ";BRASILIA;Sim;Reação tardia ou ineficiente do condutor;1;Atropelamento de Animal;Com Vítimas Feridas;Pleno dia;Crescente;Sol;Dupla;Reta;Sim  ;"1140602   ";Motocicleta;HONDA/CG150 TITAN MIX EX;"2009      ";Condutor;Lesões Leves;"32   ";Masculino;"0 ";"1    ";"0    ";"0    ";-15.8979390;-48.1130560;SPRF-DF;DEL03-DF;UOP01-DEL03-DF 