id;pesid;data_inversa;dia_semana;horario;uf;br;km;municipio;causa_principal;causa_acidente;ordem_tipo_acidente;tipo_acidente;classificacao_acidente;fase_dia;sentido_via;condicao_metereologica;tipo_pista;tracado_via;uso_solo;id_veiculo;tipo_veiculo;marca;ano_fabricacao_veiculo;tipo_envolvido;estado_fisico;idade;sexo;ilesos;feridos_leves;feridos_graves;mortos;latitude;longitude;regional;delegacia;uop
636566;"1427768   ";2024-10-21;segunda-feira;20:05:00;GO;"50   ";"101,9";CRISTALINA;Não;Demais Fenômenos da natureza;1;Colisão frontal;Com Vítimas Fatais;Plena Noite;Decrescente;Chuva;Dupla;Reta;Não  ;"1142723   ";Bicicleta;Não Informado/Não Informado;"0         ";Condutor;Óbito;"30   ";Masculino;"0 ";"0    ";"0    ";"1    ";-16.7910655;-47.6411820;SPRF-DF;DEL01-DF;UOP02-DEL01-DF 
636566;"1434145   ";2024-10-21;segunda-feira;20:05:00;GO;"50   ";"101,9";CRISTALINA;Não;Ausência de reação do condutor;3;Queda de ocupante de veículo;Com Vítimas Fatais;Plena Noite;Decrescente;Chuva;Dupla;Reta;Não  ;"1142724   ";Outros;Não Informado/Não Informado;"0         ";Condutor;Não Informado;"0    ";Não Informado;"0 ";"0    ";"0    ";"0    ";-16.7910655;-47.6411820;SPRF-DF;DEL01-DF;UOP02-DEL01-DF 
636566;"1427768   ";2024-10-21;segunda-feira;20:05:00;GO;"50   ";"101,9";CRISTALINA;Não;Ausência de reação do condutor;3;Queda de ocupante de veículo;Com Vítimas Fatais;Plena Noite;Decrescente;Chuva;Dupla;Reta;Não  ;"1142723   ";Bicicleta;Não Informado/Não Informado;"0         ";Condutor;Óbito;"30   ";Masculino;"0 ";"0    ";"0    ";"1    ";-16.7910655;-47.6411820;SPRF-DF;DEL01-DF;UOP02-DEL01-DF 
636566;"1434145   ";2024-10-21;segunda-feira;20:05:00;GO;"50   ";"101,9";CRISTALINA;Não;Ausência de reação do condutor;2;Atropelamento de Pedestre;Com Vítimas Fatais;Plena Noite;Decrescente;Chuva;Dupla;Reta;Não  ;"1142724   ";Outros;Não Informado/Não Informado;"0         ";Condutor;Não Informado;"0    ";Não Informado;"0 ";"0    ";"0    ";"0    ";-16.7910655;-47.6411820;SPRF-DF;DEL01-DF;UOP02-DEL01-DF 
636566;"1427768   ";2024-10-21;segunda-feira;20:05:00;GO;"50   ";"101,9";CRISTALINA;Não;Ausência de reação do condutor;2;Atropelamento de Pedestre;Com Vítimas Fatais;Plena Noite;Decrescente;Chuva;Dupla;Reta;Não  ;"1142723   ";Bicicleta;Não Informado/Não Informado;"0         ";Condutor;Óbito;"30   ";Masculino;"0 ";"0    ";"0    ";"1    ";-16.7910655;-47.6411820;SPRF-DF;DEL01-DF;UOP02-DEL01-DF 
636566;"1434145   ";2024-10-21;segunda-feira;20:05:00;GO;"50   ";"101,9";CRISTALINA;Não;Ausência de reação do condutor;1;Colisão frontal;Com Vítimas Fatais;Plena Noite;Decrescente;Chuva;Dupla;Reta;Não  ;"1142724   ";Outros;Não Informado/Não Informado;"0         ";Condutor;Não Informado;"0    ";Não Informado;"0 ";"0    ";"0    ";"0    ";-16.7910655;-47.6411820;SPRF-DF;DEL01-DF;UOP02-DEL01-DF 
636566;"1427768   ";2024-10-21;segunda-feira;20:05:00;GO;"50   ";"101,9";CRISTALINA;Não;Ausência de reação do condutor;1;Colisão frontal;Com Vítimas Fatais;Plena Noite;Decrescente;Chuva;Dupla;Reta;Não  ;"1142723   ";Bicicleta;Não Informado/Não Informado;"0         ";Condutor;Óbito;"30   ";Masculino;"0 ";"0    ";"0    ";"1    ";-16.7910655;-47.6411820;SPRF-DF;DEL01-DF;UOP02-DEL01-DF 
636566;"1434145   ";2024-10-21;segunda-feira;20:05:00;GO;"50   ";"101,9";CRISTALINA;Não;Acessar a via sem observar a presença dos outros veículos;3;Queda de ocupante de veículo;Com Vítimas Fatais;Plena Noite;Decrescente;Chuva;Dupla;Reta;Não  ;"1142724   ";Outros;Não Informado/Não Informado;"0         ";Condutor;Não Informado;"0    ";Não Informado;"0 ";"0    ";"0    ";"0    ";-16.7910655;-47.6411820;SPRF-DF;DEL01-DF;UOP02-DEL01-DF 
636566;"1427768   ";2024-10-21;segunda-feira;20:05:00;GO;"50   ";"101,9";CRISTALINA;Não;Acessar a via sem observar a presença dos outros veículos;3;Queda de ocupante de veículo;Com Vítimas Fatais;Plena Noite;Decrescente;Chuva;Dupla;Reta;Não  ;"1142723   ";Bicicleta;Não Informado/Não Informado;"0         ";Condutor;Óbito;"30   ";Masculino;"0 ";"0    ";"0    ";"1    ";-16.7910655;-47.6411820;SPRF-DF;DEL01-DF;UOP02-DEL01-DF 
636566;"1434145   ";2024-10-21;segunda-feira;20:05:00;GO;"50   ";"101,9";CRISTALINA;Não;Acessar a via sem observar a presença dos outros veículos;2;Atropelamento de Pedestre;Com Vítimas Fatais;Plena Noite;Decrescente;Chuva;Dupla;Reta;Não  ;"1142724   ";Outros;Não Informado/Não Informado;"0         ";Condutor;Não Informado;"0    ";Não Informado;"0 ";"0    ";"0    ";"0    ";-16.7910655;-47.6411820;SPRF-DF;DEL01-DF;UOP02-DEL01-DF 
636566;"1427768   ";2024-10-21;segunda-feira;20:05:00;GO;"50   ";"101,9";CRISTALINA;Não;Acessar a via sem observar a presença dos outros veículos;2;Atropelamento de Pedestre;Com Vítimas Fatais;Plena Noite;Decrescente;Chuva;Dupla;Reta;Não  ;"1142723   ";Bicicleta;Não Informado/Não Informado;"0         ";Condutor;Óbito;"30   ";Masculino;"0 ";"0    ";"0    ";"1    ";-16.7910655;-47.6411820;SPRF-DF;DEL01-DF;UOP02-DEL01-DF 
636566;"1434145   ";2024-10-21;segunda-feira;20:05:00;GO;"50   ";"101,9";CRISTALINA;Não;Acessar a via sem observar a presença dos outros veículos;1;Colisão frontal;Com Vítimas Fatais;Plena Noite;Decrescente;Chuva;Dupla;Reta;Não  ;"1142724   ";Outros;Não Informado/Não Informado;"0         ";Condutor;Não Informado;"0    ";Não Informado;"0 ";"0    ";"0    ";"0    ";-16.7910655;-47.6411820;SPRF-DF;DEL01-DF;UOP02-DEL01-DF 
636566;"1427768   ";2024-10-21;segunda-feira;20:05:00;GO;"50   ";"101,9";CRISTALINA;Não;Acessar a via sem observar a presença dos outros veículos;1;Colisão frontal;Com Vítimas Fatais;Plena Noite;Decrescente;Chuva;Dupla;Reta;Não  ;"1142723   ";Bicicleta;Não Informado/Não Informado;"0         ";Condutor;Óbito;"30   ";Masculino;"0 ";"0    ";"0    ";"1    ";-16.7910655;-47.6411820;SPRF-DF;DEL01-DF;UOP02-DEL01-DF 
636566;"1434145   ";2024-10-21;segunda-feira;20:05:00;GO;"50   ";"101,9";CRISTALINA;Sim;Chuva;3;Queda de ocupante de veículo;Com Vítimas Fatais;Plena Noite;Decrescente;Chuva;Dupla;Reta;Não  ;"1142724   ";Outros;Não Informado/Não Informado;"0         ";Condutor;Não Informado;"0    ";Não Informado;"0 ";"0    ";"0    ";"0    ";-16.7910655;-47.6411820;SPRF-DF;DEL01-DF;UOP02-DEL01-DF 
636566;"1427768   ";2024-10-21;segunda-feira;20:05:00;GO;"50   ";"101,9";CRISTALINA;Sim;Chuva;3;Queda de ocupante de veículo;Com Vítimas Fatais;Plena Noite;Decrescente;Chuva;Dupla;Reta;Não  ;"1142723   ";Bicicleta;Não Informado/Não Informado;"0         ";Condutor;Óbito;"30   ";Masculino;"0 ";"0    ";"0    ";"1    ";-16.7910655;-47.6411820;SPRF-DF;DEL01-DF;UOP02-DEL01-DF 
636566;"1434145   ";2024-10-21;segunda-feira;20:05:00;GO;"50   ";"101,9";CRISTALINA;Sim;Chuva;2;Atropelamento de Pedestre;Com Vítimas Fatais;Plena Noite;Decrescente;Chuva;Dupla;Reta;Não  ;"1142724   ";Outros;Não Informado/Não Informado;"0         ";Condutor;Não Informado;"0    ";Não Informado;"0 ";"0    ";"0    ";"0    ";-16.7910655;-47.6411820;SPRF-DF;DEL01-DF;UOP02-DEL01-DF 
636566;"1427768   ";2024-10-21;segunda-feira;20:05:00;GO;"50   ";"101,9";CRISTALINA;Sim;Chuva;2;Atropelamento de Pedestre;Com Vítimas Fatais;Plena Noite;Decrescente;Chuva;Dupla;Reta;Não  ;"1142723   ";Bicicleta;Não Informado/Não Informado;"0         ";Condutor;Óbito;"30   ";Masculino;"0 ";"0    ";"0    ";"1    ";-16.7910655;-47.6411820;SPRF-DF;DEL01-DF;UOP02-DEL01-DF 
636566;"1434145   ";2024-10-21;segunda-feira;20:05:00;GO;"50   ";"101,9";CRISTALINA;Sim;Chuva;1;Colisão frontal;Com Vítimas Fatais;Plena Noite;Decrescente;Chuva;Dupla;Reta;Não  ;"1142724   ";Outros;Não Informado/Não Informado;"0         ";Condutor;Não Informado;"0    ";Não Informado;"0 ";"0    ";"0    ";"0    ";-16.7910655;-47.6411820;SPRF-DF;DEL01-DF;UOP02-DEL01-DF 
636566;"1427768   ";2024-10-21;segunda-feira;20:05:00;GO;"50   ";"101,9";CRISTALINA;Sim;Chuva;1;Colisão frontal;Com Vítimas Fatais;Plena Noite;Decrescente;Chuva;Dupla;Reta;Não  ;"1142723   ";Bicicleta;Não Informado/Não Informado;"0         ";Condutor;Óbito;"30   ";Masculino;"0 ";"0    ";"0    ";"1    ";-16.7910655;-47.6411820;SPRF-DF;DEL01-DF;UOP02-DEL01-DF 
636606;"1427849   ";2024-10-11;sexta-feira;03:15:00;DF;"20   ";"6,6  ";BRASILIA;Sim;Ingestão de álcool pelo condutor;1;Tombamento;Sem Vítimas;Plena Noite;Decrescente;Céu Claro;Dupla;Reta;Sim  ;"1142789   ";Caminhonete;I/TOYOTA HILUX CD4X2 SRV;"2008      ";Passageiro;Ileso;"43   ";Masculino;"1 ";"0    ";"0    ";"0    ";-15.6658880;-47.8083080;SPRF-DF;DEL02-DF;UOP01-DEL02-DF 
636606;"1427848   ";2024-10-11;sexta-feira;03:15:00;DF;"20   ";"6,6  ";BRASILIA;Sim;Ingestão de álcool pelo condutor;1;Tombamento;Sem Vítimas;Plena Noite;Decrescente;Céu Claro;Dupla;Reta;Sim  ;"1142789   ";Caminhonete;I/TOYOTA HILUX CD4X2 SRV;"2008      ";Passageiro;Ileso;"0    ";Feminino;"1 ";"0    ";"0    ";"0    ";-15.6658880;-47.8083080;SPRF-DF;DEL02-DF;UOP01-DEL02-DF 
636606;"1427847   ";2024-10-11;sexta-feira;03:15:00;DF;"20   ";"6,6  ";BRASILIA;Sim;Ingestão de álcool pelo condutor;1;Tombamento;Sem Vítimas;Plena Noite;Decrescente;Céu Claro;Dupla;Reta;Sim  ;"1142789   ";Caminhonete;I/TOYOTA HILUX CD4X2 SRV;"2008      ";Condutor;Ileso;"41   ";Masculino;"1 ";"0    ";"0    ";"0    ";-15.6658880;-47.8083080;SPRF-DF;DEL02-DF;UOP01-DEL02-DF 
636616;"1428198   ";2024-10-22;terça-feira;09:18:00;DF;"20   ";"12   ";BRASILIA;Sim;Reação tardia ou ineficiente do condutor;2;Colisão com objeto;Com Vítimas Feridas;Pleno dia;Decrescente;Céu Claro;Dupla;Reta;Sim  ;"1143052   ";Motocicleta;HONDA/CG 160 FAN;"2020      ";Condutor;Lesões Graves;"36   ";Masculino;"0 ";"0    ";"1    ";"0    ";-15.6428120;-47.7577860;SPRF-DF;DEL02-DF;UOP01-DEL02-DF 
636616;"1428198   ";2024-10-22;terça-feira;09:18:00;DF;"20   ";"12   ";BRASILIA;Sim;Reação tardia ou ineficiente do condutor;1;Queda de ocupante de veículo;Com Vítimas Feridas;Pleno dia;Decrescente;Céu Claro;Dupla;Reta;Sim  ;"1143052   ";Motocicleta;HONDA/CG 160 FAN;"2020      ";Condutor;Lesões Graves;"36   ";Masculino;"0 ";"0    ";"1    ";"0    ";-15.6428120;-47.7577860;SPRF-DF;DEL02-DF;UOP01-DEL02-DF 
636709;"1428128   ";2024-10-04;sexta-feira;07:00:00;GO;"414  ";"417  ";ABADIANIA;Sim;Ausência de reação do condutor;2;Queda de ocupante de veículo;Com Vítimas Feridas;Pleno dia;Crescente;Sol;Simples;Reta;Não  ;"1143003   ";Motocicleta;HONDA/CG 125 FAN;"0         ";Passageiro;Lesões Leves;"29   ";Feminino;"0 ";"1    ";"0    ";"0    ";-16.1079138;-48.8741361;SPRF-GO;DEL02-GO;UOP01-DEL02-GO 
636709;"1428126   ";2024-10-04;sexta-feira;07:00:00;GO;"414  ";"417  ";ABADIANIA;Sim;Ausência de reação do condutor;2;Queda de ocupante de veículo;Com Vítimas Feridas;Pleno dia;Crescente;Sol;Simples;Reta;Não  ;"1143003   ";Motocicleta;HONDA/CG 125 FAN;"0         ";Condutor;Ileso;"37   ";Masculino;"1 ";"0    ";"0    ";"0    ";-16.1079138;-48.8741361;SPRF-GO;DEL02-GO;UOP01-DEL02-GO 
636709;"1428127   ";2024-10-04;sexta-feira;07:00:00;GO;"414  ";"417  ";ABADIANIA;Sim;Ausência de reação do condutor;2;Queda de ocupante de veículo;Com Vítimas Feridas;Pleno dia;Crescente;Sol;Simples;Reta;Não  ;"1143004   ";Camioneta;VW/KOMBI;"2011      ";Condutor;Ileso;"58   ";Masculino;"1 ";"0    ";"0    ";"0    ";-16.1079138;-48.8741361;SPRF-GO;DEL02-GO;UOP01-DEL02-GO 
636709;"1428128   ";2024-10-04;sexta-feira;07:00:00;GO;"414  ";"417  ";ABADIANIA;Sim;Ausência de reação do condutor;1;Colisão traseira;Com Vítimas Feridas;Pleno dia;Crescente;Sol;Simples;Reta;Não  ;"1143003   ";Motocicleta;HONDA/CG 125 FAN;"0         ";Passageiro;Lesões Leves;"29   ";Feminino;"0 ";"1    ";"0    ";"0    ";-16.1079138;-48.8741361;SPRF-GO;DEL02-GO;UOP01-DEL02-GO 
636709;"1428126   ";2024-10-04;sexta-feira;07:00:00;GO;"414  ";"417  ";ABADIANIA;Sim;Ausência de reação do condutor;1;Colisão traseira;Com Vítimas Feridas;Pleno dia;Crescente;Sol;Simples;Reta;Não  ;"1143003   ";Motocicleta;HONDA/CG 125 FAN;"0         ";Condutor;Ileso;"37   ";Masculino;"1 ";"0    ";"0    ";"0    ";-16.1079138;-48.8741361;SPRF-GO;DEL02-GO;UOP01-DEL02-GO 
636709;"1428127   ";2024-10-04;sexta-feira;07:00:00;GO;"414  ";"417  ";ABADIANIA;Sim;Ausência de reação do condutor;1;Colisão traseira;Com Vítimas Feridas;Pleno dia;Crescente;Sol;Simples;Reta;Não  ;"1143004   ";Camioneta;VW/KOMBI;"2011      ";Condutor;Ileso;"58   ";Masculino;"1 ";"0    ";"0    ";"0    ";-16.1079138;-48.8741361;SPRF-GO;DEL02-GO;UOP01-DEL02-GO 
636718;"1428396   ";2024-10-22;terça-feira;16:40:00;GO;"414  ";"388  ";CORUMBA DE GOIAS;Sim;Reação tardia ou ineficiente do condutor;1;Colisão com objeto;Sem Vítimas;Pleno dia;Crescente;Chuva;Simples;Curva;Não  ;"1143189   ";Caminhão-trator;M.BENZ/LS 1929;"1985      ";Condutor;Ileso;"47   ";Masculino;"1 ";"0    ";"0    ";"0    ";-15.8857582;-48.7966126;SPRF-GO;DEL02-GO;UOP01-DEL02-GO 
636718;"0         ";2024-10-22;terça-feira;16:40:00;GO;"414  ";"388  ";CORUMBA DE GOIAS;Sim;Reação tardia ou ineficiente do condutor;1;Colisão com objeto;Sem Vítimas;Pleno dia;Crescente;Chuva;Simples;Curva;Não  ;"1143190   ";Semireboque;SR/GUERRA AG GR;"2009      ";"0";"0";"0    ";"0";"0 ";"0    ";"0    ";"0    ";-15.8857582;-48.7966126;SPRF-GO;DEL02-GO;UOP01-DEL02-GO 
636751;"1428443   ";2024-10-22;terça-feira;20:20:00;GO;"60   ";"0,1  ";SANTO ANTONIO DO DESCOBERTO;Não;Falta de elemento de contenção que evite a saída do leito carroçável;3;Capotamento;Com Vítimas Feridas;Plena Noite;Crescente;Chuva;Dupla;"Reta;Aclive";Não  ;"1143239   ";Automóvel;GM/PRISMA MAXX;"2008      ";Condutor;Lesões Leves;"73   ";Masculino;"0 ";"1    ";"0    ";"0    ";-16.0537850;-48.2604080;SPRF-DF;DEL03-DF;UOP01-DEL03-DF 
636751;"1428443   ";2024-10-22;terça-feira;20:20:00;GO;"60   ";"0,1  ";SANTO ANTONIO DO DESCOBERTO;Não;Falta de elemento de contenção que evite a saída do leito carroçável;2;Colisão com objeto;Com Vítimas Feridas;Plena Noite;Crescente;Chuva;Dupla;"Reta;Aclive";Não  ;"1143239   ";Automóvel;GM/PRISMA MAXX;"2008      ";Condutor;Lesões Leves;"73   ";Masculino;"0 ";"1    ";"0    ";"0    ";-16.0537850;-48.2604080;SPRF-DF;DEL03-DF;UOP01-DEL03-DF 
636751;"1428443   ";2024-10-22;terça-feira;20:20:00;GO;"60   ";"0,1  ";SANTO ANTONIO DO DESCOBERTO;Não;Falta de elemento de contenção que evite a saída do leito carroçável;1;Saída de leito carroçável;Com Vítimas Feridas;Plena Noite;Crescente;Chuva;Dupla;"Reta;Aclive";Não  ;"1143239   ";Automóvel;GM/PRISMA MAXX;"2008      ";Condutor;Lesões Leves;"73   ";Masculino;"0 ";"1    ";"0    ";"0    ";-16.0537850;-48.2604080;SPRF-DF;DEL03-DF;UOP01-DEL03-DF 
636751;"1428443   ";2024-10-22;terça-feira;20:20:00;GO;"60   ";"0,1  ";SANTO ANTONIO DO DESCOBERTO;Não;Avarias e/ou desgaste excessivo no pneu;3;Capotamento;Com Vítimas Feridas;Plena Noite;Crescente;Chuva;Dupla;"Reta;Aclive";Não  ;"1143239   ";Automóvel;GM/PRISMA MAXX;"2008      ";Condutor;Lesões Leves;"73   ";Masculino;"0 ";"1    ";"0    ";"0    ";-16.0537850;-48.2604080;SPRF-DF;DEL03-DF;UOP01-DEL03-DF 
636751;"1428443   ";2024-10-22;terça-feira;20:20:00;GO;"60   ";"0,1  ";SANTO ANTONIO DO DESCOBERTO;Não;Avarias e/ou desgaste excessivo no pneu;2;Colisão com objeto;Com Vítimas Feridas;Plena Noite;Crescente;Chuva;Dupla;"Reta;Aclive";Não  ;"1143239   ";Automóvel;GM/PRISMA MAXX;"2008      ";Condutor;Lesões Leves;"73   ";Masculino;"0 ";"1    ";"0    ";"0    ";-16.0537850;-48.2604080;SPRF-DF;DEL03-DF;UOP01-DEL03-DF 
636751;"1428443   ";2024-10-22;terça-feira;20:20:00;GO;"60   ";"0,1  ";SANTO ANTONIO DO DESCOBERTO;Não;Avarias e/ou desgaste excessivo no pneu;1;Saída de leito carroçável;Com Vítimas Feridas;Plena Noite;Crescente;Chuva;Dupla;"Reta;Aclive";Não  ;"1143239   ";Automóvel;GM/PRISMA MAXX;"2008      ";Condutor;Lesões Leves;"73   ";Masculino;"0 ";"1    ";"0    ";"0    ";-16.0537850;-48.2604080;SPRF-DF;DEL03-DF;UOP01-DEL03-DF 
636751;"1428443   ";2024-10-22;terça-feira;20:20:00;GO;"60   ";"0,1  ";SANTO ANTONIO DO DESCOBERTO;Não;Chuva;3;Capotamento;Com Vítimas Feridas;Plena Noite;Crescente;Chuva;Dupla;"Reta;Aclive";Não  ;"1143239   ";Automóvel;GM/PRISMA MAXX;"2008      ";Condutor;Lesões Leves;"73   ";Masculino;"0 ";"1    ";"0    ";"0    ";-16.0537850;-48.2604080;SPRF-DF;DEL03-DF;UOP01-DEL03-DF 
636751;"1428443   ";2024-10-22;terça-feira;20:20:00;GO;"60   ";"0,1  ";SANTO ANTONIO DO DESCOBERTO;Não;Chuva;2;Colisão com objeto;Com Vítimas Feridas;Plena Noite;Crescente;Chuva;Dupla;"Reta;Aclive";Não  ;"1143239   ";Automóvel;GM/PRISMA MAXX;"2008      ";Condutor;Lesões Leves;"73   ";Masculino;"0 ";"1    ";"0    ";"0    ";-16.0537850;-48.2604080;SPRF-DF;DEL03-DF;UOP01-DEL03-DF 
636751;"1428443   ";2024-10-22;terça-feira;20:20:00;GO;"60   ";"0,1  ";SANTO ANTONIO DO DESCOBERTO;Não;Chuva;1;Saída de leito carroçável;Com Vítimas Feridas;Plena Noite;Crescente;Chuva;Dupla;"Reta;Aclive";Não  ;"1143239   ";Automóvel;GM/PRISMA MAXX;"2008      ";Condutor;Lesões Leves;"73   ";Masculino;"0 ";"1    ";"0    ";"0    ";-16.0537850;-48.2604080;SPRF-DF;DEL03-DF;UOP01-DEL03-DF 
636751;"1428443   ";2024-10-22;terça-feira;20:20:00;GO;"60   ";"0,1  ";SANTO ANTONIO DO DESCOBERTO;Sim;Acumulo de água sobre o pavimento;3;Capotamento;Com Vítimas Feridas;Plena Noite;Crescente;Chuva;Dupla;"Reta;Aclive";Não  ;"1143239   ";Automóvel;GM/PRISMA MAXX;"2008      ";Condutor;Lesões Leves;"73   ";Masculino;"0 ";"1    ";"0    ";"0    ";-16.0537850;-48.2604080;SPRF-DF;DEL03-DF;UOP01-DEL03-DF 
636751;"1428443   ";2024-10-22;terça-feira;20:20:00;GO;"60   ";"0,1  ";SANTO ANTONIO DO DESCOBERTO;Sim;Acumulo de água sobre o pavimento;2;Colisão com objeto;Com Vítimas Feridas;Plena Noite;Crescente;Chuva;Dupla;"Reta;Aclive";Não  ;"1143239   ";Automóvel;GM/PRISMA MAXX;"2008      ";Condutor;Lesões Leves;"73   ";Masculino;"0 ";"1    ";"0    ";"0    ";-16.0537850;-48.2604080;SPRF-DF;DEL03-DF;UOP01-DEL03-DF 
636751;"1428443   ";2024-10-22;terça-feira;20:20:00;GO;"60   ";"0,1  ";SANTO ANTONIO DO DESCOBERTO;Sim;Acumulo de água sobre o pavimento;1;Saída de leito carroçável;Com Vítimas Feridas;Plena Noite;Crescente;Chuva;Dupla;"Reta;Aclive";Não  ;"1143239   ";Automóvel;GM/PRISMA MAXX;"2008      ";Condutor;Lesões Leves;"73   ";Masculino;"0 ";"1    ";"0    ";"0    ";-16.0537850;-48.2604080;SPRF-DF;DEL03-DF;UOP01-DEL03-DF 
636768;"1428400   ";2024-10-22;terça-feira;22:15:00;DF;"60   ";"28,3 ";BRASILIA;Não;Pista Escorregadia;2;Capotamento;Com Vítimas Feridas;Pleno dia;Decrescente;Nublado;Dupla;"Curva;Aclive";Não  ;"1143193   ";Caminhonete;I/TOYOTA HILUX CDSRXA4FD;"2016      ";Passageiro;Lesões Leves;"57   ";Feminino;"0 ";"1    ";"0    ";"0    ";-16.0206380;-48.2508320;SPRF-DF;DEL03-DF;UOP01-DEL03-DF 
636768;"1428398   ";2024-10-22;terça-feira;22:15:00;DF;"60   ";"28,3 ";BRASILIA;Não;Pista Escorregadia;2;Capotamento;Com Vítimas Feridas;Pleno dia;Decrescente;Nublado;Dupla;"Curva;Aclive";Não  ;"1143193   ";Caminhonete;I/TOYOTA HILUX CDSRXA4FD;"2016      ";Condutor;Ileso;"31   ";Masculino;"1 ";"0    ";"0    ";"0    ";-16.0206380;-48.2508320;SPRF-DF;DEL03-DF;UOP01-DEL03-DF 
636768;"1428400   ";2024-10-22;terça-feira;22:15:00;DF;"60   ";"28,3 ";BRASILIA;Não;Pista Escorregadia;1;Colisão com objeto;Com Vítimas Feridas;Pleno dia;Decrescente;Nublado;Dupla;"Curva;Aclive";Não  ;"1143193   ";Caminhonete;I/TOYOTA HILUX CDSRXA4FD;"2016      ";Passageiro;Lesões Leves;"57   ";Feminino;"0 ";"1    ";"0    ";"0    ";-16.0206380;-48.2508320;SPRF-DF;DEL03-DF;UOP01-DEL03-DF 
636768;"1428398   ";2024-10-22;terça-feira;22:15:00;DF;"60   ";"28,3 ";BRASILIA;Não;Pista Escorregadia;1;Colisão com objeto;Com Vítimas Feridas;Pleno dia;Decrescente;Nublado;Dupla;"Curva;Aclive";Não  ;"1143193   ";Caminhonete;I/TOYOTA HILUX CDSRXA4FD;"2016      ";Condutor;Ileso;"31   ";Masculino;"1 ";"0    ";"0    ";"0    ";-16.0206380;-48.2508320;SPRF-DF;DEL03-DF;UOP01-DEL03-DF 
636768;"1428400   ";2024-10-22;terça-feira;22:15:00;DF;"60   ";"28,3 ";BRASILIA;Sim;Velocidade Incompatível;2;Capotamento;Com Vítimas Feridas;Pleno dia;Decrescente;Nublado;Dupla;"Curva;Aclive";Não  ;"1143193   ";Caminhonete;I/TOYOTA HILUX CDSRXA4FD;"2016      ";Passageiro;Lesões Leves;"57   ";Feminino;"0 ";"1    ";"0    ";"0    ";-16.0206380;-48.2508320;SPRF-DF;DEL03-DF;UOP01-DEL03-DF 
636768;"1428398   ";2024-10-22;terça-feira;22:15:00;DF;"60   ";"28,3 ";BRASILIA;Sim;Velocidade Incompatível;2;Capotamento;Com Vítimas Feridas;Pleno dia;Decrescente;Nublado;Dupla;"Curva;Aclive";Não  ;"1143193   ";Caminhonete;I/TOYOTA HILUX CDSRXA4FD;"2016      ";Condutor;Ileso;"31   ";Masculino;"1 ";"0    ";"0    ";"0    ";-16.0206380;-48.2508320;SPRF-DF;DEL03-DF;UOP01-DEL03-DF 
636768;"1428400   ";2024-10-22;terça-feira;22:15:00;DF;"60   ";"28,3 ";BRASILIA;Sim;Velocidade Incompatível;1;Colisão com objeto;Com Vítimas Feridas;Pleno dia;Decrescente;Nublado;Dupla;"Curva;Aclive";Não  ;"1143193   ";Caminhonete;I/TOYOTA HILUX CDSRXA4FD;"2016      ";Passageiro;Lesões Leves;"57   ";Feminino;"0 ";"1    ";"0    ";"0    ";-16.0206380;-48.2508320;SPRF-DF;DEL03-DF;UOP01-DEL03-DF 
636768;"1428398   ";2024-10-22;terça-feira;22:15:00;DF;"60   ";"28,3 ";BRASILIA;Sim;Velocidade Incompatível;1;Colisão com objeto;Com Vítimas Feridas;Pleno dia;Decrescente;Nublado;Dupla;"Curva;Aclive";Não  ;"1143193   ";Caminhonete;I/TOYOTA HILUX CDSRXA4FD;"2016      ";Condutor;Ileso;"31   ";Masculino;"1 ";"0    ";"0    ";"0    ";-16.0206380;-48.2508320;SPRF-DF;DEL03-DF;UOP01-DEL03-DF 
636792;"1428442   ";2024-10-23;quarta-feira;06:00:00;DF;"40   ";"5    ";BRASILIA;Não;Trafegar com motocicleta (ou similar) entre as faixas;2;Queda de ocupante de veículo;Com Vítimas Feridas;Amanhecer;Decrescente;Céu Claro;Dupla;Reta;Sim  ;"1143238   ";Automóvel;Não Informado/Não Informado;"0         ";Condutor;Não Informado;"0    ";Não Informado;"0 ";"0    ";"0    ";"0    ";-16.0209030;-47.9805410;SPRF-DF;DEL01-DF;UOP01-DEL01-DF 
636792;"1428441   ";2024-10-23;quarta-feira;06:00:00;DF;"40   ";"5    ";BRASILIA;Não;Trafegar com motocicleta (ou similar) entre as faixas;2;Queda de ocupante de veículo;Com Vítimas Feridas;Amanhecer;Decrescente;Céu Claro;Dupla;Reta;Sim  ;"1143237   ";Motocicleta;HONDA/CG 160 TITAN;"2022      ";Condutor;Lesões Leves;"23   ";Masculino;"0 ";"1    ";"0    ";"0    ";-16.0209030;-47.9805410;SPRF-DF;DEL01-DF;UOP01-DEL01-DF 
636792;"1428442   ";2024-10-23;quarta-feira;06:00:00;DF;"40   ";"5    ";BRASILIA;Não;Trafegar com motocicleta (ou similar) entre as faixas;1;Colisão traseira;Com Vítimas Feridas;Amanhecer;Decrescente;Céu Claro;Dupla;Reta;Sim  ;"1143238   ";Automóvel;Não Informado/Não Informado;"0         ";Condutor;Não Informado;"0    ";Não Informado;"0 ";"0    ";"0    ";"0    ";-16.0209030;-47.9805410;SPRF-DF;DEL01-DF;UOP01-DEL01-DF 