id;pesid;data_inversa;dia_semana;horario;uf;br;km;municipio;causa_principal;causa_acidente;ordem_tipo_acidente;tipo_acidente;classificacao_acidente;fase_dia;sentido_via;condicao_metereologica;tipo_pista;tracado_via;uso_solo;id_veiculo;tipo_veiculo;marca;ano_fabricacao_veiculo;tipo_envolvido;estado_fisico;idade;sexo;ilesos;feridos_leves;feridos_graves;mortos;latitude;longitude;regional;delegacia;uop
636792;"1428441   ";2024-10-23;quarta-feira;06:00:00;DF;"40   ";"5    ";BRASILIA;Não;Trafegar com motocicleta (ou similar) entre as faixas;1;Colisão traseira;Com Vítimas Feridas;Amanhecer;Decrescente;Céu Claro;Dupla;Reta;Sim  ;"1143237   ";Motocicleta;HONDA/CG 160 TITAN;"2022      ";Condutor;Lesões Leves;"23   ";Masculino;"0 ";"1    ";"0    ";"0    ";-16.0209030;-47.9805410;SPRF-DF;DEL01-DF;UOP01-DEL01-DF 
636792;"1428442   ";2024-10-23;quarta-feira;06:00:00;DF;"40   ";"5    ";BRASILIA;Sim;Condutor deixou de manter distância do veículo da frente;2;Queda de ocupante de veículo;Com Vítimas Feridas;Amanhecer;Decrescente;Céu Claro;Dupla;Reta;Sim  ;"1143238   ";Automóvel;Não Informado/Não Informado;"0         ";Condutor;Não Informado;"0    ";Não Informado;"0 ";"0    ";"0    ";"0    ";-16.0209030;-47.9805410;SPRF-DF;DEL01-DF;UOP01-DEL01-DF 
636792;"1428441   ";2024-10-23;quarta-feira;06:00:00;DF;"40   ";"5    ";BRASILIA;Sim;Condutor deixou de manter distância do veículo da frente;2;Queda de ocupante de veículo;Com Vítimas Feridas;Amanhecer;Decrescente;Céu Claro;Dupla;Reta;Sim  ;"1143237   ";Motocicleta;HONDA/CG 160 TITAN;"2022      ";Condutor;Lesões Leves;"23   ";Masculino;"0 ";"1    ";"0    ";"0    ";-16.0209030;-47.9805410;SPRF-DF;DEL01-DF;UOP01-DEL01-DF 
636792;"1428442   ";2024-10-23;quarta-feira;06:00:00;DF;"40   ";"5    ";BRASILIA;Sim;Condutor deixou de manter distância do veículo da frente;1;Colisão traseira;Com Vítimas Feridas;Amanhecer;Decrescente;Céu Claro;Dupla;Reta;Sim  ;"1143238   ";Automóvel;Não Informado/Não Informado;"0         ";Condutor;Não Informado;"0    ";Não Informado;"0 ";"0    ";"0    ";"0    ";-16.0209030;-47.9805410;SPRF-DF;DEL01-DF;UOP01-DEL01-DF 
636792;"1428441   ";2024-10-23;quarta-feira;06:00:00;DF;"40   ";"5    ";BRASILIA;Sim;Condutor deixou de manter distância do veículo da frente;1;Colisão traseira;Com Vítimas Feridas;Amanhecer;Decrescente;Céu Claro;Dupla;Reta;Sim  ;"1143237   ";Motocicleta;HONDA/CG 160 TITAN;"2022      ";Condutor;Lesões Leves;"23   ";Masculino;"0 ";"1    ";"0    ";"0    ";-16.0209030;-47.9805410;SPRF-DF;DEL01-DF;UOP01-DEL01-DF 
636894;"1428803   ";2024-10-23;quarta-feira;16:00:00;DF;"70   ";"14   ";BRASILIA;Sim;Reação tardia ou ineficiente do condutor;2;Capotamento;Com Vítimas Feridas;Pleno dia;Decrescente;Nublado;Dupla;Reta;Não  ;"1143533   ";Automóvel;VW/GOL 16V PLUS;"2001      ";Condutor;Lesões Leves;"53   ";Feminino;"0 ";"1    ";"0    ";"0    ";-15.7973120;-48.1760560;SPRF-DF;DEL03-DF;UOP02-DEL03-DF 
636894;"1428795   ";2024-10-23;quarta-feira;16:00:00;DF;"70   ";"14   ";BRASILIA;Sim;Reação tardia ou ineficiente do condutor;2;Capotamento;Com Vítimas Feridas;Pleno dia;Decrescente;Nublado;Dupla;Reta;Não  ;"1143531   ";Automóvel;PEUGEOT/208 SPORT MT;"2016      ";Condutor;Lesões Leves;"46   ";Feminino;"0 ";"1    ";"0    ";"0    ";-15.7973120;-48.1760560;SPRF-DF;DEL03-DF;UOP02-DEL03-DF 
636894;"1428803   ";2024-10-23;quarta-feira;16:00:00;DF;"70   ";"14   ";BRASILIA;Sim;Reação tardia ou ineficiente do condutor;1;Colisão traseira;Com Vítimas Feridas;Pleno dia;Decrescente;Nublado;Dupla;Reta;Não  ;"1143533   ";Automóvel;VW/GOL 16V PLUS;"2001      ";Condutor;Lesões Leves;"53   ";Feminino;"0 ";"1    ";"0    ";"0    ";-15.7973120;-48.1760560;SPRF-DF;DEL03-DF;UOP02-DEL03-DF 
636894;"1428795   ";2024-10-23;quarta-feira;16:00:00;DF;"70   ";"14   ";BRASILIA;Sim;Reação tardia ou ineficiente do condutor;1;Colisão traseira;Com Vítimas Feridas;Pleno dia;Decrescente;Nublado;Dupla;Reta;Não  ;"1143531   ";Automóvel;PEUGEOT/208 SPORT MT;"2016      ";Condutor;Lesões Leves;"46   ";Feminino;"0 ";"1    ";"0    ";"0    ";-15.7973120;-48.1760560;SPRF-DF;DEL03-DF;UOP02-DEL03-DF 
636951;"1430642   ";2024-10-23;quarta-feira;15:40:00;GO;"80   ";"117  ";BARRO ALTO;Sim;Ausência de reação do condutor;1;Colisão lateral sentido oposto;Com Vítimas Feridas;Pleno dia;Crescente;Céu Claro;Simples;Reta;Não  ;"1145013   ";Caminhão;Não Informado/Não Informado;"0         ";Condutor;Não Informado;"0    ";Não Informado;"0 ";"0    ";"0    ";"0    ";-15.0906874;-48.8568878;SPRF-GO;DEL07-GO;UOP02-DEL07-GO 
636951;"1428833   ";2024-10-23;quarta-feira;15:40:00;GO;"80   ";"117  ";BARRO ALTO;Sim;Ausência de reação do condutor;1;Colisão lateral sentido oposto;Com Vítimas Feridas;Pleno dia;Crescente;Céu Claro;Simples;Reta;Não  ;"1143555   ";Caminhão-trator;VOLVO/FH 460 6X2T;"2024      ";Condutor;Lesões Leves;"40   ";Masculino;"0 ";"1    ";"0    ";"0    ";-15.0906874;-48.8568878;SPRF-GO;DEL07-GO;UOP02-DEL07-GO 
636951;"1428809   ";2024-10-23;quarta-feira;15:40:00;GO;"80   ";"117  ";BARRO ALTO;Sim;Ausência de reação do condutor;1;Colisão lateral sentido oposto;Com Vítimas Feridas;Pleno dia;Crescente;Céu Claro;Simples;Reta;Não  ;"1143537   ";Caminhão-trator;SCANIA/G 420 A6X4;"2011      ";Condutor;Lesões Leves;"37   ";Masculino;"0 ";"1    ";"0    ";"0    ";-15.0906874;-48.8568878;SPRF-GO;DEL07-GO;UOP02-DEL07-GO 
636951;"0         ";2024-10-23;quarta-feira;15:40:00;GO;"80   ";"117  ";BARRO ALTO;Sim;Ausência de reação do condutor;1;Colisão lateral sentido oposto;Com Vítimas Feridas;Pleno dia;Crescente;Céu Claro;Simples;Reta;Não  ;"1143556   ";Semireboque;SR/RODODREAMS CEG 01;"2010      ";"0";"0";"0    ";"0";"0 ";"0    ";"0    ";"0    ";-15.0906874;-48.8568878;SPRF-GO;DEL07-GO;UOP02-DEL07-GO 
636951;"0         ";2024-10-23;quarta-feira;15:40:00;GO;"80   ";"117  ";BARRO ALTO;Sim;Ausência de reação do condutor;1;Colisão lateral sentido oposto;Com Vítimas Feridas;Pleno dia;Crescente;Céu Claro;Simples;Reta;Não  ;"1143539   ";Semireboque;R/RANDON SR BA;"2010      ";"0";"0";"0    ";"0";"0 ";"0    ";"0    ";"0    ";-15.0906874;-48.8568878;SPRF-GO;DEL07-GO;UOP02-DEL07-GO 
636951;"0         ";2024-10-23;quarta-feira;15:40:00;GO;"80   ";"117  ";BARRO ALTO;Sim;Ausência de reação do condutor;1;Colisão lateral sentido oposto;Com Vítimas Feridas;Pleno dia;Crescente;Céu Claro;Simples;Reta;Não  ;"1143538   ";Semireboque;R/RANDON SR BA;"2010      ";"0";"0";"0    ";"0";"0 ";"0    ";"0    ";"0    ";-15.0906874;-48.8568878;SPRF-GO;DEL07-GO;UOP02-DEL07-GO 
636963;"1428920   ";2024-10-23;quarta-feira;21:38:00;DF;"20   ";"47   ";BRASILIA;Sim;Velocidade Incompatível;1;Saída de leito carroçável;Com Vítimas Feridas;Plena Noite;Crescente;Céu Claro;Dupla;Curva;Não  ;"1143634   ";Automóvel;VW/UP MPI MC;"2019      ";Condutor;Lesões Graves;"23   ";Feminino;"0 ";"0    ";"1    ";"0    ";-15.5833450;-47.4497380;SPRF-DF;DEL02-DF;UOP01-DEL02-DF 
636967;"1429532   ";2024-10-23;quarta-feira;22:40:00;GO;"60   ";"50   ";ABADIANIA;Sim;Acessar a via sem observar a presença dos outros veículos;1;Colisão transversal;Com Vítimas Feridas;Plena Noite;Decrescente;Céu Claro;Dupla;Declive;Não  ;"1144121   ";Automóvel;RENAULT/CAPTUR LIFE 16 A;"2019      ";Condutor;Lesões Leves;"60   ";Masculino;"0 ";"1    ";"0    ";"0    ";-16.1625000;-48.6240000;SPRF-GO;DEL02-GO;UOP01-DEL02-GO 
636967;"1429531   ";2024-10-23;quarta-feira;22:40:00;GO;"60   ";"50   ";ABADIANIA;Sim;Acessar a via sem observar a presença dos outros veículos;1;Colisão transversal;Com Vítimas Feridas;Plena Noite;Decrescente;Céu Claro;Dupla;Declive;Não  ;"1144120   ";Automóvel;HONDA/CIVIC EXS;"2012      ";Condutor;Ileso;"30   ";Masculino;"1 ";"0    ";"0    ";"0    ";-16.1625000;-48.6240000;SPRF-GO;DEL02-GO;UOP01-DEL02-GO 
637128;"1429369   ";2024-10-24;quinta-feira;17:45:00;DF;"70   ";"8    ";BRASILIA;Não;Trafegar com motocicleta (ou similar) entre as faixas;2;Queda de ocupante de veículo;Com Vítimas Feridas;Anoitecer;Crescente;Céu Claro;Dupla;"Declive;Reta";Sim  ;"1143987   ";Motocicleta;YAMAHA/YS150 FAZER ED;"2014      ";Condutor;Lesões Graves;"33   ";Masculino;"0 ";"0    ";"1    ";"0    ";-15.7849660;-48.1221080;SPRF-DF;DEL03-DF;UOP02-DEL03-DF 
637128;"1429367   ";2024-10-24;quinta-feira;17:45:00;DF;"70   ";"8    ";BRASILIA;Não;Trafegar com motocicleta (ou similar) entre as faixas;2;Queda de ocupante de veículo;Com Vítimas Feridas;Anoitecer;Crescente;Céu Claro;Dupla;"Declive;Reta";Sim  ;"1143986   ";Automóvel;FIAT/UNO MILLE FIRE;"2001      ";Condutor;Ileso;"61   ";Masculino;"1 ";"0    ";"0    ";"0    ";-15.7849660;-48.1221080;SPRF-DF;DEL03-DF;UOP02-DEL03-DF 
637128;"1429369   ";2024-10-24;quinta-feira;17:45:00;DF;"70   ";"8    ";BRASILIA;Não;Trafegar com motocicleta (ou similar) entre as faixas;1;Colisão traseira;Com Vítimas Feridas;Anoitecer;Crescente;Céu Claro;Dupla;"Declive;Reta";Sim  ;"1143987   ";Motocicleta;YAMAHA/YS150 FAZER ED;"2014      ";Condutor;Lesões Graves;"33   ";Masculino;"0 ";"0    ";"1    ";"0    ";-15.7849660;-48.1221080;SPRF-DF;DEL03-DF;UOP02-DEL03-DF 
637128;"1429367   ";2024-10-24;quinta-feira;17:45:00;DF;"70   ";"8    ";BRASILIA;Não;Trafegar com motocicleta (ou similar) entre as faixas;1;Colisão traseira;Com Vítimas Feridas;Anoitecer;Crescente;Céu Claro;Dupla;"Declive;Reta";Sim  ;"1143986   ";Automóvel;FIAT/UNO MILLE FIRE;"2001      ";Condutor;Ileso;"61   ";Masculino;"1 ";"0    ";"0    ";"0    ";-15.7849660;-48.1221080;SPRF-DF;DEL03-DF;UOP02-DEL03-DF 
637128;"1429369   ";2024-10-24;quinta-feira;17:45:00;DF;"70   ";"8    ";BRASILIA;Sim;Ausência de reação do condutor;2;Queda de ocupante de veículo;Com Vítimas Feridas;Anoitecer;Crescente;Céu Claro;Dupla;"Declive;Reta";Sim  ;"1143987   ";Motocicleta;YAMAHA/YS150 FAZER ED;"2014      ";Condutor;Lesões Graves;"33   ";Masculino;"0 ";"0    ";"1    ";"0    ";-15.7849660;-48.1221080;SPRF-DF;DEL03-DF;UOP02-DEL03-DF 
637128;"1429367   ";2024-10-24;quinta-feira;17:45:00;DF;"70   ";"8    ";BRASILIA;Sim;Ausência de reação do condutor;2;Queda de ocupante de veículo;Com Vítimas Feridas;Anoitecer;Crescente;Céu Claro;Dupla;"Declive;Reta";Sim  ;"1143986   ";Automóvel;FIAT/UNO MILLE FIRE;"2001      ";Condutor;Ileso;"61   ";Masculino;"1 ";"0    ";"0    ";"0    ";-15.7849660;-48.1221080;SPRF-DF;DEL03-DF;UOP02-DEL03-DF 
637128;"1429369   ";2024-10-24;quinta-feira;17:45:00;DF;"70   ";"8    ";BRASILIA;Sim;Ausência de reação do condutor;1;Colisão traseira;Com Vítimas Feridas;Anoitecer;Crescente;Céu Claro;Dupla;"Declive;Reta";Sim  ;"1143987   ";Motocicleta;YAMAHA/YS150 FAZER ED;"2014      ";Condutor;Lesões Graves;"33   ";Masculino;"0 ";"0    ";"1    ";"0    ";-15.7849660;-48.1221080;SPRF-DF;DEL03-DF;UOP02-DEL03-DF 
637128;"1429367   ";2024-10-24;quinta-feira;17:45:00;DF;"70   ";"8    ";BRASILIA;Sim;Ausência de reação do condutor;1;Colisão traseira;Com Vítimas Feridas;Anoitecer;Crescente;Céu Claro;Dupla;"Declive;Reta";Sim  ;"1143986   ";Automóvel;FIAT/UNO MILLE FIRE;"2001      ";Condutor;Ileso;"61   ";Masculino;"1 ";"0    ";"0    ";"0    ";-15.7849660;-48.1221080;SPRF-DF;DEL03-DF;UOP02-DEL03-DF 
637131;"1429215   ";2024-10-24;quinta-feira;17:42:00;DF;"60   ";"8,7  ";BRASILIA;Sim;Demais falhas mecânicas ou elétricas;1;Queda de ocupante de veículo;Com Vítimas Feridas;Pleno dia;Crescente;Nublado;Dupla;"Reta;Declive";Sim  ;"1143875   ";Motocicleta;HONDA/CG 160 START;"2024      ";Passageiro;Lesões Leves;"41   ";Feminino;"0 ";"1    ";"0    ";"0    ";-15.9032400;-48.1306950;SPRF-DF;DEL03-DF;UOP01-DEL03-DF 
637131;"1429214   ";2024-10-24;quinta-feira;17:42:00;DF;"60   ";"8,7  ";BRASILIA;Sim;Demais falhas mecânicas ou elétricas;1;Queda de ocupante de veículo;Com Vítimas Feridas;Pleno dia;Crescente;Nublado;Dupla;"Reta;Declive";Sim  ;"1143875   ";Motocicleta;HONDA/CG 160 START;"2024      ";Condutor;Lesões Leves;"33   ";Masculino;"0 ";"1    ";"0    ";"0    ";-15.9032400;-48.1306950;SPRF-DF;DEL03-DF;UOP01-DEL03-DF 
637160;"1429474   ";2024-10-24;quinta-feira;19:30:00;GO;"70   ";"30,3 ";COCALZINHO DE GOIAS;Sim;Animais na Pista;1;Atropelamento de Animal;Com Vítimas Feridas;Pleno dia;Crescente;Nublado;Simples;"Reta;Declive";Não  ;"1144081   ";Automóvel;I/FIAT CRONOS 1.3;"2022      ";Passageiro;Lesões Leves;"71   ";Masculino;"0 ";"1    ";"0    ";"0    ";-15.7674192;-48.4515997;SPRF-DF;DEL03-DF;UOP02-DEL03-DF 
637160;"1429473   ";2024-10-24;quinta-feira;19:30:00;GO;"70   ";"30,3 ";COCALZINHO DE GOIAS;Sim;Animais na Pista;1;Atropelamento de Animal;Com Vítimas Feridas;Pleno dia;Crescente;Nublado;Simples;"Reta;Declive";Não  ;"1144081   ";Automóvel;I/FIAT CRONOS 1.3;"2022      ";Condutor;Ileso;"38   ";Feminino;"1 ";"0    ";"0    ";"0    ";-15.7674192;-48.4515997;SPRF-DF;DEL03-DF;UOP02-DEL03-DF 
637199;"0         ";2024-10-25;sexta-feira;01:23:00;GO;"60   ";"16,6 ";ALEXANIA;Sim;Problema com o freio;1;Incêndio;Com Vítimas Feridas;Plena Noite;Crescente;Garoa/Chuvisco;Dupla;"Reta;Aclive";Não  ;"1144052   ";Semireboque;SR/IBIPORA SR4E CA;"2023      ";"0";"0";"0    ";"0";"0 ";"0    ";"0    ";"0    ";-16.0941680;-48.5172120;SPRF-DF;DEL03-DF;UOP01-DEL03-DF 
637199;"1429446   ";2024-10-25;sexta-feira;01:23:00;GO;"60   ";"16,6 ";ALEXANIA;Sim;Problema com o freio;1;Incêndio;Com Vítimas Feridas;Plena Noite;Crescente;Garoa/Chuvisco;Dupla;"Reta;Aclive";Não  ;"1144043   ";Caminhão-trator;VOLVO/FH 460 6X4T;"2017      ";Condutor;Lesões Leves;"31   ";Masculino;"0 ";"1    ";"0    ";"0    ";-16.0941680;-48.5172120;SPRF-DF;DEL03-DF;UOP01-DEL03-DF 
637223;"1429481   ";2024-10-25;sexta-feira;06:40:00;GO;"70   ";"5    ";AGUAS LINDAS DE GOIAS;Sim;Trafegar com motocicleta (ou similar) entre as faixas;2;Saída de leito carroçável;Com Vítimas Feridas;Pleno dia;Decrescente;Chuva;Dupla;Reta;Sim  ;"1144085   ";Motocicleta;HONDA/CG 160 TITAN;"2018      ";Condutor;Lesões Graves;"20   ";Masculino;"0 ";"0    ";"1    ";"0    ";-15.7568368;-48.2546473;SPRF-DF;DEL03-DF;UOP02-DEL03-DF 
637223;"1429478   ";2024-10-25;sexta-feira;06:40:00;GO;"70   ";"5    ";AGUAS LINDAS DE GOIAS;Sim;Trafegar com motocicleta (ou similar) entre as faixas;2;Saída de leito carroçável;Com Vítimas Feridas;Pleno dia;Decrescente;Chuva;Dupla;Reta;Sim  ;"1144083   ";Automóvel;FIAT/ARGO DRIVE 1.0;"2020      ";Condutor;Ileso;"37   ";Masculino;"1 ";"0    ";"0    ";"0    ";-15.7568368;-48.2546473;SPRF-DF;DEL03-DF;UOP02-DEL03-DF 
637223;"1429481   ";2024-10-25;sexta-feira;06:40:00;GO;"70   ";"5    ";AGUAS LINDAS DE GOIAS;Sim;Trafegar com motocicleta (ou similar) entre as faixas;1;Colisão traseira;Com Vítimas Feridas;Pleno dia;Decrescente;Chuva;Dupla;Reta;Sim  ;"1144085   ";Motocicleta;HONDA/CG 160 TITAN;"2018      ";Condutor;Lesões Graves;"20   ";Masculino;"0 ";"0    ";"1    ";"0    ";-15.7568368;-48.2546473;SPRF-DF;DEL03-DF;UOP02-DEL03-DF 
637223;"1429478   ";2024-10-25;sexta-feira;06:40:00;GO;"70   ";"5    ";AGUAS LINDAS DE GOIAS;Sim;Trafegar com motocicleta (ou similar) entre as faixas;1;Colisão traseira;Com Vítimas Feridas;Pleno dia;Decrescente;Chuva;Dupla;Reta;Sim  ;"1144083   ";Automóvel;FIAT/ARGO DRIVE 1.0;"2020      ";Condutor;Ileso;"37   ";Masculino;"1 ";"0    ";"0    ";"0    ";-15.7568368;-48.2546473;SPRF-DF;DEL03-DF;UOP02-DEL03-DF 
637231;"1429469   ";2024-10-25;sexta-feira;07:39:00;DF;"20   ";"18,9 ";BRASILIA;Sim;Manobra de mudança de faixa;2;Queda de ocupante de veículo;Com Vítimas Feridas;Pleno dia;Decrescente;Céu Claro;Múltipla;Reta;Não  ;"1144075   ";Motocicleta;HONDA/CG 160 START;"2019      ";Condutor;Lesões Leves;"33   ";Feminino;"0 ";"1    ";"0    ";"0    ";-15.6169010;-47.7089270;SPRF-DF;DEL02-DF;UOP01-DEL02-DF 
637231;"1429468   ";2024-10-25;sexta-feira;07:39:00;DF;"20   ";"18,9 ";BRASILIA;Sim;Manobra de mudança de faixa;2;Queda de ocupante de veículo;Com Vítimas Feridas;Pleno dia;Decrescente;Céu Claro;Múltipla;Reta;Não  ;"1144074   ";Automóvel;HONDA/FIT EX FLEX;"2010      ";Condutor;Ileso;"27   ";Feminino;"1 ";"0    ";"0    ";"0    ";-15.6169010;-47.7089270;SPRF-DF;DEL02-DF;UOP01-DEL02-DF 
637231;"1429469   ";2024-10-25;sexta-feira;07:39:00;DF;"20   ";"18,9 ";BRASILIA;Sim;Manobra de mudança de faixa;1;Colisão lateral mesmo sentido;Com Vítimas Feridas;Pleno dia;Decrescente;Céu Claro;Múltipla;Reta;Não  ;"1144075   ";Motocicleta;HONDA/CG 160 START;"2019      ";Condutor;Lesões Leves;"33   ";Feminino;"0 ";"1    ";"0    ";"0    ";-15.6169010;-47.7089270;SPRF-DF;DEL02-DF;UOP01-DEL02-DF 
637231;"1429468   ";2024-10-25;sexta-feira;07:39:00;DF;"20   ";"18,9 ";BRASILIA;Sim;Manobra de mudança de faixa;1;Colisão lateral mesmo sentido;Com Vítimas Feridas;Pleno dia;Decrescente;Céu Claro;Múltipla;Reta;Não  ;"1144074   ";Automóvel;HONDA/FIT EX FLEX;"2010      ";Condutor;Ileso;"27   ";Feminino;"1 ";"0    ";"0    ";"0    ";-15.6169010;-47.7089270;SPRF-DF;DEL02-DF;UOP01-DEL02-DF 
637250;"1430413   ";2024-10-25;sexta-feira;07:57:00;DF;"20   ";"11   ";BRASILIA;Sim;Condutor deixou de manter distância do veículo da frente;2;Queda de ocupante de veículo;Com Vítimas Feridas;Pleno dia;Crescente;Chuva;Dupla;"Declive;Reta";Sim  ;"1144824   ";Automóvel;RENAULT/SANDERO AUT1016V;"2010      ";Condutor;Ileso;"49   ";Masculino;"1 ";"0    ";"0    ";"0    ";-15.6465400;-47.7664220;SPRF-DF;DEL02-DF;UOP01-DEL02-DF 
637250;"1430412   ";2024-10-25;sexta-feira;07:57:00;DF;"20   ";"11   ";BRASILIA;Sim;Condutor deixou de manter distância do veículo da frente;2;Queda de ocupante de veículo;Com Vítimas Feridas;Pleno dia;Crescente;Chuva;Dupla;"Declive;Reta";Sim  ;"1144823   ";Motocicleta;HONDA/CG 125 FAN ES;"2014      ";Condutor;Lesões Leves;"26   ";Masculino;"0 ";"1    ";"0    ";"0    ";-15.6465400;-47.7664220;SPRF-DF;DEL02-DF;UOP01-DEL02-DF 
637250;"1430413   ";2024-10-25;sexta-feira;07:57:00;DF;"20   ";"11   ";BRASILIA;Sim;Condutor deixou de manter distância do veículo da frente;1;Colisão traseira;Com Vítimas Feridas;Pleno dia;Crescente;Chuva;Dupla;"Declive;Reta";Sim  ;"1144824   ";Automóvel;RENAULT/SANDERO AUT1016V;"2010      ";Condutor;Ileso;"49   ";Masculino;"1 ";"0    ";"0    ";"0    ";-15.6465400;-47.7664220;SPRF-DF;DEL02-DF;UOP01-DEL02-DF 
637250;"1430412   ";2024-10-25;sexta-feira;07:57:00;DF;"20   ";"11   ";BRASILIA;Sim;Condutor deixou de manter distância do veículo da frente;1;Colisão traseira;Com Vítimas Feridas;Pleno dia;Crescente;Chuva;Dupla;"Declive;Reta";Sim  ;"1144823   ";Motocicleta;HONDA/CG 125 FAN ES;"2014      ";Condutor;Lesões Leves;"26   ";Masculino;"0 ";"1    ";"0    ";"0    ";-15.6465400;-47.7664220;SPRF-DF;DEL02-DF;UOP01-DEL02-DF 
637264;"1432267   ";2024-10-25;sexta-feira;10:35:00;DF;"70   ";"19   ";BRASILIA;Não;Falta de elemento de contenção que evite a saída do leito carroçável;2;Saída de leito carroçável;Com Vítimas Feridas;Pleno dia;Crescente;Chuva;Dupla;Declive;Sim  ;"1144232   ";Caminhão;Não Informado/Não Informado;"0         ";Condutor;Não Informado;"0    ";Não Informado;"0 ";"0    ";"0    ";"0    ";-15.7888680;-48.2202420;SPRF-DF;DEL03-DF;UOP02-DEL03-DF 
637264;"1429673   ";2024-10-25;sexta-feira;10:35:00;DF;"70   ";"19   ";BRASILIA;Não;Falta de elemento de contenção que evite a saída do leito carroçável;2;Saída de leito carroçável;Com Vítimas Feridas;Pleno dia;Crescente;Chuva;Dupla;Declive;Sim  ;"0         ";"0";NA/NA;"0         ";Pedestre;Lesões Leves;"54   ";Masculino;"0 ";"1    ";"0    ";"0    ";-15.7888680;-48.2202420;SPRF-DF;DEL03-DF;UOP02-DEL03-DF 
637264;"1429672   ";2024-10-25;sexta-feira;10:35:00;DF;"70   ";"19   ";BRASILIA;Não;Falta de elemento de contenção que evite a saída do leito carroçável;2;Saída de leito carroçável;Com Vítimas Feridas;Pleno dia;Crescente;Chuva;Dupla;Declive;Sim  ;"0         ";"0";NA/NA;"0         ";Pedestre;Lesões Graves;"27   ";Masculino;"0 ";"0    ";"1    ";"0    ";-15.7888680;-48.2202420;SPRF-DF;DEL03-DF;UOP02-DEL03-DF 
637264;"1429671   ";2024-10-25;sexta-feira;10:35:00;DF;"70   ";"19   ";BRASILIA;Não;Falta de elemento de contenção que evite a saída do leito carroçável;2;Saída de leito carroçável;Com Vítimas Feridas;Pleno dia;Crescente;Chuva;Dupla;Declive;Sim  ;"0         ";"0";NA/NA;"0         ";Pedestre;Lesões Graves;"21   ";Feminino;"0 ";"0    ";"1    ";"0    ";-15.7888680;-48.2202420;SPRF-DF;DEL03-DF;UOP02-DEL03-DF 
637264;"1429669   ";2024-10-25;sexta-feira;10:35:00;DF;"70   ";"19   ";BRASILIA;Não;Falta de elemento de contenção que evite a saída do leito carroçável;2;Saída de leito carroçável;Com Vítimas Feridas;Pleno dia;Crescente;Chuva;Dupla;Declive;Sim  ;"0         ";"0";NA/NA;"0         ";Pedestre;Lesões Graves;"51   ";Masculino;"0 ";"0    ";"1    ";"0    ";-15.7888680;-48.2202420;SPRF-DF;DEL03-DF;UOP02-DEL03-DF 
637264;"1432267   ";2024-10-25;sexta-feira;10:35:00;DF;"70   ";"19   ";BRASILIA;Não;Falta de elemento de contenção que evite a saída do leito carroçável;1;Atropelamento de Pedestre;Com Vítimas Feridas;Pleno dia;Crescente;Chuva;Dupla;Declive;Sim  ;"1144232   ";Caminhão;Não Informado/Não Informado;"0         ";Condutor;Não Informado;"0    ";Não Informado;"0 ";"0    ";"0    ";"0    ";-15.7888680;-48.2202420;SPRF-DF;DEL03-DF;UOP02-DEL03-DF 
637264;"1429673   ";2024-10-25;sexta-feira;10:35:00;DF;"70   ";"19   ";BRASILIA;Não;Falta de elemento de contenção que evite a saída do leito carroçável;1;Atropelamento de Pedestre;Com Vítimas Feridas;Pleno dia;Crescente;Chuva;Dupla;Declive;Sim  ;"0         ";"0";NA/NA;"0         ";Pedestre;Lesões Leves;"54   ";Masculino;"0 ";"1    ";"0    ";"0    ";-15.7888680;-48.2202420;SPRF-DF;DEL03-DF;UOP02-DEL03-DF 
637264;"1429672   ";2024-10-25;sexta-feira;10:35:00;DF;"70   ";"19   ";BRASILIA;Não;Falta de elemento de contenção que evite a saída do leito carroçável;1;Atropelamento de Pedestre;Com Vítimas Feridas;Pleno dia;Crescente;Chuva;Dupla;Declive;Sim  ;"0         ";"0";NA/NA;"0         ";Pedestre;Lesões Graves;"27   ";Masculino;"0 ";"0    ";"1    ";"0    ";-15.7888680;-48.2202420;SPRF-DF;DEL03-DF;UOP02-DEL03-DF 
637264;"1429671   ";2024-10-25;sexta-feira;10:35:00;DF;"70   ";"19   ";BRASILIA;Não;Falta de elemento de contenção que evite a saída do leito carroçável;1;Atropelamento de Pedestre;Com Vítimas Feridas;Pleno dia;Crescente;Chuva;Dupla;Declive;Sim  ;"0         ";"0";NA/NA;"0         ";Pedestre;Lesões Graves;"21   ";Feminino;"0 ";"0    ";"1    ";"0    ";-15.7888680;-48.2202420;SPRF-DF;DEL03-DF;UOP02-DEL03-DF 