id;pesid;data_inversa;dia_semana;horario;uf;br;km;municipio;causa_principal;causa_acidente;ordem_tipo_acidente;tipo_acidente;classificacao_acidente;fase_dia;sentido_via;condicao_metereologica;tipo_pista;tracado_via;uso_solo;id_veiculo;tipo_veiculo;marca;ano_fabricacao_veiculo;tipo_envolvido;estado_fisico;idade;sexo;ilesos;feridos_leves;feridos_graves;mortos;latitude;longitude;regional;delegacia;uop
637264;"1429669   ";2024-10-25;sexta-feira;10:35:00;DF;"70   ";"19   ";BRASILIA;Não;Falta de elemento de contenção que evite a saída do leito carroçável;1;Atropelamento de Pedestre;Com Vítimas Feridas;Pleno dia;Crescente;Chuva;Dupla;Declive;Sim  ;"0         ";"0";NA/NA;"0         ";Pedestre;Lesões Graves;"51   ";Masculino;"0 ";"0    ";"1    ";"0    ";-15.7888680;-48.2202420;SPRF-DF;DEL03-DF;UOP02-DEL03-DF 
637264;"1432267   ";2024-10-25;sexta-feira;10:35:00;DF;"70   ";"19   ";BRASILIA;Não;Curva acentuada;2;Saída de leito carroçável;Com Vítimas Feridas;Pleno dia;Crescente;Chuva;Dupla;Declive;Sim  ;"1144232   ";Caminhão;Não Informado/Não Informado;"0         ";Condutor;Não Informado;"0    ";Não Informado;"0 ";"0    ";"0    ";"0    ";-15.7888680;-48.2202420;SPRF-DF;DEL03-DF;UOP02-DEL03-DF 
637264;"1429673   ";2024-10-25;sexta-feira;10:35:00;DF;"70   ";"19   ";BRASILIA;Não;Curva acentuada;2;Saída de leito carroçável;Com Vítimas Feridas;Pleno dia;Crescente;Chuva;Dupla;Declive;Sim  ;"0         ";"0";NA/NA;"0         ";Pedestre;Lesões Leves;"54   ";Masculino;"0 ";"1    ";"0    ";"0    ";-15.7888680;-48.2202420;SPRF-DF;DEL03-DF;UOP02-DEL03-DF 
637264;"1429672   ";2024-10-25;sexta-feira;10:35:00;DF;"70   ";"19   ";BRASILIA;Não;Curva acentuada;2;Saída de leito carroçável;Com Vítimas Feridas;Pleno dia;Crescente;Chuva;Dupla;Declive;Sim  ;"0         ";"0";NA/NA;"0         ";Pedestre;Lesões Graves;"27   ";Masculino;"0 ";"0    ";"1    ";"0    ";-15.7888680;-48.2202420;SPRF-DF;DEL03-DF;UOP02-DEL03-DF 
637264;"1429671   ";2024-10-25;sexta-feira;10:35:00;DF;"70   ";"19   ";BRASILIA;Não;Curva acentuada;2;Saída de leito carroçável;Com Vítimas Feridas;Pleno dia;Crescente;Chuva;Dupla;Declive;Sim  ;"0         ";"0";NA/NA;"0         ";Pedestre;Lesões Graves;"21   ";Feminino;"0 ";"0    ";"1    ";"0    ";-15.7888680;-48.2202420;SPRF-DF;DEL03-DF;UOP02-DEL03-DF 
637264;"1429669   ";2024-10-25;sexta-feira;10:35:00;DF;"70   ";"19   ";BRASILIA;Não;Curva acentuada;2;Saída de leito carroçável;Com Vítimas Feridas;Pleno dia;Crescente;Chuva;Dupla;Declive;Sim  ;"0         ";"0";NA/NA;"0         ";Pedestre;Lesões Graves;"51   ";Masculino;"0 ";"0    ";"1    ";"0    ";-15.7888680;-48.2202420;SPRF-DF;DEL03-DF;UOP02-DEL03-DF 
637264;"1432267   ";2024-10-25;sexta-feira;10:35:00;DF;"70   ";"19   ";BRASILIA;Não;Curva acentuada;1;Atropelamento de Pedestre;Com Vítimas Feridas;Pleno dia;Crescente;Chuva;Dupla;Declive;Sim  ;"1144232   ";Caminhão;Não Informado/Não Informado;"0         ";Condutor;Não Informado;"0    ";Não Informado;"0 ";"0    ";"0    ";"0    ";-15.7888680;-48.2202420;SPRF-DF;DEL03-DF;UOP02-DEL03-DF 
637264;"1429673   ";2024-10-25;sexta-feira;10:35:00;DF;"70   ";"19   ";BRASILIA;Não;Curva acentuada;1;Atropelamento de Pedestre;Com Vítimas Feridas;Pleno dia;Crescente;Chuva;Dupla;Declive;Sim  ;"0         ";"0";NA/NA;"0         ";Pedestre;Lesões Leves;"54   ";Masculino;"0 ";"1    ";"0    ";"0    ";-15.7888680;-48.2202420;SPRF-DF;DEL03-DF;UOP02-DEL03-DF 
637264;"1429672   ";2024-10-25;sexta-feira;10:35:00;DF;"70   ";"19   ";BRASILIA;Não;Curva acentuada;1;Atropelamento de Pedestre;Com Vítimas Feridas;Pleno dia;Crescente;Chuva;Dupla;Declive;Sim  ;"0         ";"0";NA/NA;"0         ";Pedestre;Lesões Graves;"27   ";Masculino;"0 ";"0    ";"1    ";"0    ";-15.7888680;-48.2202420;SPRF-DF;DEL03-DF;UOP02-DEL03-DF 
637264;"1429671   ";2024-10-25;sexta-feira;10:35:00;DF;"70   ";"19   ";BRASILIA;Não;Curva acentuada;1;Atropelamento de Pedestre;Com Vítimas Feridas;Pleno dia;Crescente;Chuva;Dupla;Declive;Sim  ;"0         ";"0";NA/NA;"0         ";Pedestre;Lesões Graves;"21   ";Feminino;"0 ";"0    ";"1    ";"0    ";-15.7888680;-48.2202420;SPRF-DF;DEL03-DF;UOP02-DEL03-DF 
637264;"1429669   ";2024-10-25;sexta-feira;10:35:00;DF;"70   ";"19   ";BRASILIA;Não;Curva acentuada;1;Atropelamento de Pedestre;Com Vítimas Feridas;Pleno dia;Crescente;Chuva;Dupla;Declive;Sim  ;"0         ";"0";NA/NA;"0         ";Pedestre;Lesões Graves;"51   ";Masculino;"0 ";"0    ";"1    ";"0    ";-15.7888680;-48.2202420;SPRF-DF;DEL03-DF;UOP02-DEL03-DF 
637264;"1432267   ";2024-10-25;sexta-feira;10:35:00;DF;"70   ";"19   ";BRASILIA;Não;Chuva;2;Saída de leito carroçável;Com Vítimas Feridas;Pleno dia;Crescente;Chuva;Dupla;Declive;Sim  ;"1144232   ";Caminhão;Não Informado/Não Informado;"0         ";Condutor;Não Informado;"0    ";Não Informado;"0 ";"0    ";"0    ";"0    ";-15.7888680;-48.2202420;SPRF-DF;DEL03-DF;UOP02-DEL03-DF 
637264;"1429673   ";2024-10-25;sexta-feira;10:35:00;DF;"70   ";"19   ";BRASILIA;Não;Chuva;2;Saída de leito carroçável;Com Vítimas Feridas;Pleno dia;Crescente;Chuva;Dupla;Declive;Sim  ;"0         ";"0";NA/NA;"0         ";Pedestre;Lesões Leves;"54   ";Masculino;"0 ";"1    ";"0    ";"0    ";-15.7888680;-48.2202420;SPRF-DF;DEL03-DF;UOP02-DEL03-DF 
637264;"1429672   ";2024-10-25;sexta-feira;10:35:00;DF;"70   ";"19   ";BRASILIA;Não;Chuva;2;Saída de leito carroçável;Com Vítimas Feridas;Pleno dia;Crescente;Chuva;Dupla;Declive;Sim  ;"0         ";"0";NA/NA;"0         ";Pedestre;Lesões Graves;"27   ";Masculino;"0 ";"0    ";"1    ";"0    ";-15.7888680;-48.2202420;SPRF-DF;DEL03-DF;UOP02-DEL03-DF 
637264;"1429671   ";2024-10-25;sexta-feira;10:35:00;DF;"70   ";"19   ";BRASILIA;Não;Chuva;2;Saída de leito carroçável;Com Vítimas Feridas;Pleno dia;Crescente;Chuva;Dupla;Declive;Sim  ;"0         ";"0";NA/NA;"0         ";Pedestre;Lesões Graves;"21   ";Feminino;"0 ";"0    ";"1    ";"0    ";-15.7888680;-48.2202420;SPRF-DF;DEL03-DF;UOP02-DEL03-DF 
637264;"1429669   ";2024-10-25;sexta-feira;10:35:00;DF;"70   ";"19   ";BRASILIA;Não;Chuva;2;Saída de leito carroçável;Com Vítimas Feridas;Pleno dia;Crescente;Chuva;Dupla;Declive;Sim  ;"0         ";"0";NA/NA;"0         ";Pedestre;Lesões Graves;"51   ";Masculino;"0 ";"0    ";"1    ";"0    ";-15.7888680;-48.2202420;SPRF-DF;DEL03-DF;UOP02-DEL03-DF 
637264;"1432267   ";2024-10-25;sexta-feira;10:35:00;DF;"70   ";"19   ";BRASILIA;Não;Chuva;1;Atropelamento de Pedestre;Com Vítimas Feridas;Pleno dia;Crescente;Chuva;Dupla;Declive;Sim  ;"1144232   ";Caminhão;Não Informado/Não Informado;"0         ";Condutor;Não Informado;"0    ";Não Informado;"0 ";"0    ";"0    ";"0    ";-15.7888680;-48.2202420;SPRF-DF;DEL03-DF;UOP02-DEL03-DF 
637264;"1429673   ";2024-10-25;sexta-feira;10:35:00;DF;"70   ";"19   ";BRASILIA;Não;Chuva;1;Atropelamento de Pedestre;Com Vítimas Feridas;Pleno dia;Crescente;Chuva;Dupla;Declive;Sim  ;"0         ";"0";NA/NA;"0         ";Pedestre;Lesões Leves;"54   ";Masculino;"0 ";"1    ";"0    ";"0    ";-15.7888680;-48.2202420;SPRF-DF;DEL03-DF;UOP02-DEL03-DF 
637264;"1429672   ";2024-10-25;sexta-feira;10:35:00;DF;"70   ";"19   ";BRASILIA;Não;Chuva;1;Atropelamento de Pedestre;Com Vítimas Feridas;Pleno dia;Crescente;Chuva;Dupla;Declive;Sim  ;"0         ";"0";NA/NA;"0         ";Pedestre;Lesões Graves;"27   ";Masculino;"0 ";"0    ";"1    ";"0    ";-15.7888680;-48.2202420;SPRF-DF;DEL03-DF;UOP02-DEL03-DF 
637264;"1429671   ";2024-10-25;sexta-feira;10:35:00;DF;"70   ";"19   ";BRASILIA;Não;Chuva;1;Atropelamento de Pedestre;Com Vítimas Feridas;Pleno dia;Crescente;Chuva;Dupla;Declive;Sim  ;"0         ";"0";NA/NA;"0         ";Pedestre;Lesões Graves;"21   ";Feminino;"0 ";"0    ";"1    ";"0    ";-15.7888680;-48.2202420;SPRF-DF;DEL03-DF;UOP02-DEL03-DF 
637264;"1432267   ";2024-10-25;sexta-feira;10:35:00;DF;"70   ";"19   ";BRASILIA;Sim;Reação tardia ou ineficiente do condutor;2;Saída de leito carroçável;Com Vítimas Feridas;Pleno dia;Crescente;Chuva;Dupla;Declive;Sim  ;"1144232   ";Caminhão;Não Informado/Não Informado;"0         ";Condutor;Não Informado;"0    ";Não Informado;"0 ";"0    ";"0    ";"0    ";-15.7888680;-48.2202420;SPRF-DF;DEL03-DF;UOP02-DEL03-DF 
637264;"1429673   ";2024-10-25;sexta-feira;10:35:00;DF;"70   ";"19   ";BRASILIA;Sim;Reação tardia ou ineficiente do condutor;2;Saída de leito carroçável;Com Vítimas Feridas;Pleno dia;Crescente;Chuva;Dupla;Declive;Sim  ;"0         ";"0";NA/NA;"0         ";Pedestre;Lesões Leves;"54   ";Masculino;"0 ";"1    ";"0    ";"0    ";-15.7888680;-48.2202420;SPRF-DF;DEL03-DF;UOP02-DEL03-DF 
637264;"1429672   ";2024-10-25;sexta-feira;10:35:00;DF;"70   ";"19   ";BRASILIA;Sim;Reação tardia ou ineficiente do condutor;2;Saída de leito carroçável;Com Vítimas Feridas;Pleno dia;Crescente;Chuva;Dupla;Declive;Sim  ;"0         ";"0";NA/NA;"0         ";Pedestre;Lesões Graves;"27   ";Masculino;"0 ";"0    ";"1    ";"0    ";-15.7888680;-48.2202420;SPRF-DF;DEL03-DF;UOP02-DEL03-DF 
637264;"1429671   ";2024-10-25;sexta-feira;10:35:00;DF;"70   ";"19   ";BRASILIA;Sim;Reação tardia ou ineficiente do condutor;2;Saída de leito carroçável;Com Vítimas Feridas;Pleno dia;Crescente;Chuva;Dupla;Declive;Sim  ;"0         ";"0";NA/NA;"0         ";Pedestre;Lesões Graves;"21   ";Feminino;"0 ";"0    ";"1    ";"0    ";-15.7888680;-48.2202420;SPRF-DF;DEL03-DF;UOP02-DEL03-DF 
637264;"1429669   ";2024-10-25;sexta-feira;10:35:00;DF;"70   ";"19   ";BRASILIA;Sim;Reação tardia ou ineficiente do condutor;2;Saída de leito carroçável;Com Vítimas Feridas;Pleno dia;Crescente;Chuva;Dupla;Declive;Sim  ;"0         ";"0";NA/NA;"0         ";Pedestre;Lesões Graves;"51   ";Masculino;"0 ";"0    ";"1    ";"0    ";-15.7888680;-48.2202420;SPRF-DF;DEL03-DF;UOP02-DEL03-DF 
637264;"1432267   ";2024-10-25;sexta-feira;10:35:00;DF;"70   ";"19   ";BRASILIA;Sim;Reação tardia ou ineficiente do condutor;1;Atropelamento de Pedestre;Com Vítimas Feridas;Pleno dia;Crescente;Chuva;Dupla;Declive;Sim  ;"1144232   ";Caminhão;Não Informado/Não Informado;"0         ";Condutor;Não Informado;"0    ";Não Informado;"0 ";"0    ";"0    ";"0    ";-15.7888680;-48.2202420;SPRF-DF;DEL03-DF;UOP02-DEL03-DF 
637264;"1429673   ";2024-10-25;sexta-feira;10:35:00;DF;"70   ";"19   ";BRASILIA;Sim;Reação tardia ou ineficiente do condutor;1;Atropelamento de Pedestre;Com Vítimas Feridas;Pleno dia;Crescente;Chuva;Dupla;Declive;Sim  ;"0         ";"0";NA/NA;"0         ";Pedestre;Lesões Leves;"54   ";Masculino;"0 ";"1    ";"0    ";"0    ";-15.7888680;-48.2202420;SPRF-DF;DEL03-DF;UOP02-DEL03-DF 
637264;"1429672   ";2024-10-25;sexta-feira;10:35:00;DF;"70   ";"19   ";BRASILIA;Sim;Reação tardia ou ineficiente do condutor;1;Atropelamento de Pedestre;Com Vítimas Feridas;Pleno dia;Crescente;Chuva;Dupla;Declive;Sim  ;"0         ";"0";NA/NA;"0         ";Pedestre;Lesões Graves;"27   ";Masculino;"0 ";"0    ";"1    ";"0    ";-15.7888680;-48.2202420;SPRF-DF;DEL03-DF;UOP02-DEL03-DF 
637264;"1429671   ";2024-10-25;sexta-feira;10:35:00;DF;"70   ";"19   ";BRASILIA;Sim;Reação tardia ou ineficiente do condutor;1;Atropelamento de Pedestre;Com Vítimas Feridas;Pleno dia;Crescente;Chuva;Dupla;Declive;Sim  ;"0         ";"0";NA/NA;"0         ";Pedestre;Lesões Graves;"21   ";Feminino;"0 ";"0    ";"1    ";"0    ";-15.7888680;-48.2202420;SPRF-DF;DEL03-DF;UOP02-DEL03-DF 
637264;"1429669   ";2024-10-25;sexta-feira;10:35:00;DF;"70   ";"19   ";BRASILIA;Sim;Reação tardia ou ineficiente do condutor;1;Atropelamento de Pedestre;Com Vítimas Feridas;Pleno dia;Crescente;Chuva;Dupla;Declive;Sim  ;"0         ";"0";NA/NA;"0         ";Pedestre;Lesões Graves;"51   ";Masculino;"0 ";"0    ";"1    ";"0    ";-15.7888680;-48.2202420;SPRF-DF;DEL03-DF;UOP02-DEL03-DF 
637318;"1429764   ";2024-10-25;sexta-feira;14:57:00;GO;"40   ";"39,8 ";LUZIANIA;Sim;Reação tardia ou ineficiente do condutor;2;Capotamento;Com Vítimas Feridas;Pleno dia;Decrescente;Nublado;Dupla;"Curva;Aclive";Não  ;"1144296   ";Caminhonete;VW/SAVEIRO GL 1.8;"1996      ";Condutor;Lesões Leves;"60   ";Masculino;"0 ";"1    ";"0    ";"0    ";-16.3517120;-47.8334430;SPRF-DF;DEL01-DF;UOP02-DEL01-DF 
637318;"1429764   ";2024-10-25;sexta-feira;14:57:00;GO;"40   ";"39,8 ";LUZIANIA;Sim;Reação tardia ou ineficiente do condutor;1;Saída de leito carroçável;Com Vítimas Feridas;Pleno dia;Decrescente;Nublado;Dupla;"Curva;Aclive";Não  ;"1144296   ";Caminhonete;VW/SAVEIRO GL 1.8;"1996      ";Condutor;Lesões Leves;"60   ";Masculino;"0 ";"1    ";"0    ";"0    ";-16.3517120;-47.8334430;SPRF-DF;DEL01-DF;UOP02-DEL01-DF 
637358;"1429888   ";2024-10-25;sexta-feira;17:50:00;GO;"40   ";"9,8  ";LUZIANIA;Não;Reação tardia ou ineficiente do condutor;3;Queda de ocupante de veículo;Com Vítimas Feridas;Plena Noite;Crescente;Nublado;Dupla;Reta;Sim  ;"1144365   ";Motocicleta;HONDA/CG 160 TITAN;"2019      ";Condutor;Ileso;"46   ";Masculino;"1 ";"0    ";"0    ";"0    ";-16.1312850;-47.9579230;SPRF-DF;DEL01-DF;UOP01-DEL01-DF 
637358;"1429883   ";2024-10-25;sexta-feira;17:50:00;GO;"40   ";"9,8  ";LUZIANIA;Não;Reação tardia ou ineficiente do condutor;3;Queda de ocupante de veículo;Com Vítimas Feridas;Plena Noite;Crescente;Nublado;Dupla;Reta;Sim  ;"1144362   ";Motocicleta;HONDA/CG 160 START;"2023      ";Condutor;Lesões Leves;"24   ";Masculino;"0 ";"1    ";"0    ";"0    ";-16.1312850;-47.9579230;SPRF-DF;DEL01-DF;UOP01-DEL01-DF 
637358;"1429888   ";2024-10-25;sexta-feira;17:50:00;GO;"40   ";"9,8  ";LUZIANIA;Não;Reação tardia ou ineficiente do condutor;2;Tombamento;Com Vítimas Feridas;Plena Noite;Crescente;Nublado;Dupla;Reta;Sim  ;"1144365   ";Motocicleta;HONDA/CG 160 TITAN;"2019      ";Condutor;Ileso;"46   ";Masculino;"1 ";"0    ";"0    ";"0    ";-16.1312850;-47.9579230;SPRF-DF;DEL01-DF;UOP01-DEL01-DF 
637358;"1429883   ";2024-10-25;sexta-feira;17:50:00;GO;"40   ";"9,8  ";LUZIANIA;Não;Reação tardia ou ineficiente do condutor;2;Tombamento;Com Vítimas Feridas;Plena Noite;Crescente;Nublado;Dupla;Reta;Sim  ;"1144362   ";Motocicleta;HONDA/CG 160 START;"2023      ";Condutor;Lesões Leves;"24   ";Masculino;"0 ";"1    ";"0    ";"0    ";-16.1312850;-47.9579230;SPRF-DF;DEL01-DF;UOP01-DEL01-DF 
637358;"1429888   ";2024-10-25;sexta-feira;17:50:00;GO;"40   ";"9,8  ";LUZIANIA;Não;Reação tardia ou ineficiente do condutor;1;Colisão transversal;Com Vítimas Feridas;Plena Noite;Crescente;Nublado;Dupla;Reta;Sim  ;"1144365   ";Motocicleta;HONDA/CG 160 TITAN;"2019      ";Condutor;Ileso;"46   ";Masculino;"1 ";"0    ";"0    ";"0    ";-16.1312850;-47.9579230;SPRF-DF;DEL01-DF;UOP01-DEL01-DF 
637358;"1429883   ";2024-10-25;sexta-feira;17:50:00;GO;"40   ";"9,8  ";LUZIANIA;Não;Reação tardia ou ineficiente do condutor;1;Colisão transversal;Com Vítimas Feridas;Plena Noite;Crescente;Nublado;Dupla;Reta;Sim  ;"1144362   ";Motocicleta;HONDA/CG 160 START;"2023      ";Condutor;Lesões Leves;"24   ";Masculino;"0 ";"1    ";"0    ";"0    ";-16.1312850;-47.9579230;SPRF-DF;DEL01-DF;UOP01-DEL01-DF 
637358;"1429888   ";2024-10-25;sexta-feira;17:50:00;GO;"40   ";"9,8  ";LUZIANIA;Não;Trafegar com motocicleta (ou similar) entre as faixas;3;Queda de ocupante de veículo;Com Vítimas Feridas;Plena Noite;Crescente;Nublado;Dupla;Reta;Sim  ;"1144365   ";Motocicleta;HONDA/CG 160 TITAN;"2019      ";Condutor;Ileso;"46   ";Masculino;"1 ";"0    ";"0    ";"0    ";-16.1312850;-47.9579230;SPRF-DF;DEL01-DF;UOP01-DEL01-DF 
637358;"1429883   ";2024-10-25;sexta-feira;17:50:00;GO;"40   ";"9,8  ";LUZIANIA;Não;Trafegar com motocicleta (ou similar) entre as faixas;3;Queda de ocupante de veículo;Com Vítimas Feridas;Plena Noite;Crescente;Nublado;Dupla;Reta;Sim  ;"1144362   ";Motocicleta;HONDA/CG 160 START;"2023      ";Condutor;Lesões Leves;"24   ";Masculino;"0 ";"1    ";"0    ";"0    ";-16.1312850;-47.9579230;SPRF-DF;DEL01-DF;UOP01-DEL01-DF 
637358;"1429888   ";2024-10-25;sexta-feira;17:50:00;GO;"40   ";"9,8  ";LUZIANIA;Não;Trafegar com motocicleta (ou similar) entre as faixas;2;Tombamento;Com Vítimas Feridas;Plena Noite;Crescente;Nublado;Dupla;Reta;Sim  ;"1144365   ";Motocicleta;HONDA/CG 160 TITAN;"2019      ";Condutor;Ileso;"46   ";Masculino;"1 ";"0    ";"0    ";"0    ";-16.1312850;-47.9579230;SPRF-DF;DEL01-DF;UOP01-DEL01-DF 
637358;"1429883   ";2024-10-25;sexta-feira;17:50:00;GO;"40   ";"9,8  ";LUZIANIA;Não;Trafegar com motocicleta (ou similar) entre as faixas;2;Tombamento;Com Vítimas Feridas;Plena Noite;Crescente;Nublado;Dupla;Reta;Sim  ;"1144362   ";Motocicleta;HONDA/CG 160 START;"2023      ";Condutor;Lesões Leves;"24   ";Masculino;"0 ";"1    ";"0    ";"0    ";-16.1312850;-47.9579230;SPRF-DF;DEL01-DF;UOP01-DEL01-DF 
637358;"1429888   ";2024-10-25;sexta-feira;17:50:00;GO;"40   ";"9,8  ";LUZIANIA;Não;Trafegar com motocicleta (ou similar) entre as faixas;1;Colisão transversal;Com Vítimas Feridas;Plena Noite;Crescente;Nublado;Dupla;Reta;Sim  ;"1144365   ";Motocicleta;HONDA/CG 160 TITAN;"2019      ";Condutor;Ileso;"46   ";Masculino;"1 ";"0    ";"0    ";"0    ";-16.1312850;-47.9579230;SPRF-DF;DEL01-DF;UOP01-DEL01-DF 
637358;"1429883   ";2024-10-25;sexta-feira;17:50:00;GO;"40   ";"9,8  ";LUZIANIA;Não;Trafegar com motocicleta (ou similar) entre as faixas;1;Colisão transversal;Com Vítimas Feridas;Plena Noite;Crescente;Nublado;Dupla;Reta;Sim  ;"1144362   ";Motocicleta;HONDA/CG 160 START;"2023      ";Condutor;Lesões Leves;"24   ";Masculino;"0 ";"1    ";"0    ";"0    ";-16.1312850;-47.9579230;SPRF-DF;DEL01-DF;UOP01-DEL01-DF 
637358;"1429888   ";2024-10-25;sexta-feira;17:50:00;GO;"40   ";"9,8  ";LUZIANIA;Não;Velocidade Incompatível;3;Queda de ocupante de veículo;Com Vítimas Feridas;Plena Noite;Crescente;Nublado;Dupla;Reta;Sim  ;"1144365   ";Motocicleta;HONDA/CG 160 TITAN;"2019      ";Condutor;Ileso;"46   ";Masculino;"1 ";"0    ";"0    ";"0    ";-16.1312850;-47.9579230;SPRF-DF;DEL01-DF;UOP01-DEL01-DF 
637358;"1429883   ";2024-10-25;sexta-feira;17:50:00;GO;"40   ";"9,8  ";LUZIANIA;Não;Velocidade Incompatível;3;Queda de ocupante de veículo;Com Vítimas Feridas;Plena Noite;Crescente;Nublado;Dupla;Reta;Sim  ;"1144362   ";Motocicleta;HONDA/CG 160 START;"2023      ";Condutor;Lesões Leves;"24   ";Masculino;"0 ";"1    ";"0    ";"0    ";-16.1312850;-47.9579230;SPRF-DF;DEL01-DF;UOP01-DEL01-DF 
637358;"1429888   ";2024-10-25;sexta-feira;17:50:00;GO;"40   ";"9,8  ";LUZIANIA;Não;Velocidade Incompatível;2;Tombamento;Com Vítimas Feridas;Plena Noite;Crescente;Nublado;Dupla;Reta;Sim  ;"1144365   ";Motocicleta;HONDA/CG 160 TITAN;"2019      ";Condutor;Ileso;"46   ";Masculino;"1 ";"0    ";"0    ";"0    ";-16.1312850;-47.9579230;SPRF-DF;DEL01-DF;UOP01-DEL01-DF 
637358;"1429883   ";2024-10-25;sexta-feira;17:50:00;GO;"40   ";"9,8  ";LUZIANIA;Não;Velocidade Incompatível;2;Tombamento;Com Vítimas Feridas;Plena Noite;Crescente;Nublado;Dupla;Reta;Sim  ;"1144362   ";Motocicleta;HONDA/CG 160 START;"2023      ";Condutor;Lesões Leves;"24   ";Masculino;"0 ";"1    ";"0    ";"0    ";-16.1312850;-47.9579230;SPRF-DF;DEL01-DF;UOP01-DEL01-DF 
637358;"1429888   ";2024-10-25;sexta-feira;17:50:00;GO;"40   ";"9,8  ";LUZIANIA;Não;Velocidade Incompatível;1;Colisão transversal;Com Vítimas Feridas;Plena Noite;Crescente;Nublado;Dupla;Reta;Sim  ;"1144365   ";Motocicleta;HONDA/CG 160 TITAN;"2019      ";Condutor;Ileso;"46   ";Masculino;"1 ";"0    ";"0    ";"0    ";-16.1312850;-47.9579230;SPRF-DF;DEL01-DF;UOP01-DEL01-DF 
637358;"1429883   ";2024-10-25;sexta-feira;17:50:00;GO;"40   ";"9,8  ";LUZIANIA;Não;Velocidade Incompatível;1;Colisão transversal;Com Vítimas Feridas;Plena Noite;Crescente;Nublado;Dupla;Reta;Sim  ;"1144362   ";Motocicleta;HONDA/CG 160 START;"2023      ";Condutor;Lesões Leves;"24   ";Masculino;"0 ";"1    ";"0    ";"0    ";-16.1312850;-47.9579230;SPRF-DF;DEL01-DF;UOP01-DEL01-DF 
637358;"1429888   ";2024-10-25;sexta-feira;17:50:00;GO;"40   ";"9,8  ";LUZIANIA;Sim;Acessar a via sem observar a presença dos outros veículos;3;Queda de ocupante de veículo;Com Vítimas Feridas;Plena Noite;Crescente;Nublado;Dupla;Reta;Sim  ;"1144365   ";Motocicleta;HONDA/CG 160 TITAN;"2019      ";Condutor;Ileso;"46   ";Masculino;"1 ";"0    ";"0    ";"0    ";-16.1312850;-47.9579230;SPRF-DF;DEL01-DF;UOP01-DEL01-DF 
637358;"1429883   ";2024-10-25;sexta-feira;17:50:00;GO;"40   ";"9,8  ";LUZIANIA;Sim;Acessar a via sem observar a presença dos outros veículos;3;Queda de ocupante de veículo;Com Vítimas Feridas;Plena Noite;Crescente;Nublado;Dupla;Reta;Sim  ;"1144362   ";Motocicleta;HONDA/CG 160 START;"2023      ";Condutor;Lesões Leves;"24   ";Masculino;"0 ";"1    ";"0    ";"0    ";-16.1312850;-47.9579230;SPRF-DF;DEL01-DF;UOP01-DEL01-DF 
637358;"1429888   ";2024-10-25;sexta-feira;17:50:00;GO;"40   ";"9,8  ";LUZIANIA;Sim;Acessar a via sem observar a presença dos outros veículos;2;Tombamento;Com Vítimas Feridas;Plena Noite;Crescente;Nublado;Dupla;Reta;Sim  ;"1144365   ";Motocicleta;HONDA/CG 160 TITAN;"2019      ";Condutor;Ileso;"46   ";Masculino;"1 ";"0    ";"0    ";"0    ";-16.1312850;-47.9579230;SPRF-DF;DEL01-DF;UOP01-DEL01-DF 
637358;"1429883   ";2024-10-25;sexta-feira;17:50:00;GO;"40   ";"9,8  ";LUZIANIA;Sim;Acessar a via sem observar a presença dos outros veículos;2;Tombamento;Com Vítimas Feridas;Plena Noite;Crescente;Nublado;Dupla;Reta;Sim  ;"1144362   ";Motocicleta;HONDA/CG 160 START;"2023      ";Condutor;Lesões Leves;"24   ";Masculino;"0 ";"1    ";"0    ";"0    ";-16.1312850;-47.9579230;SPRF-DF;DEL01-DF;UOP01-DEL01-DF 
637358;"1429888   ";2024-10-25;sexta-feira;17:50:00;GO;"40   ";"9,8  ";LUZIANIA;Sim;Acessar a via sem observar a presença dos outros veículos;1;Colisão transversal;Com Vítimas Feridas;Plena Noite;Crescente;Nublado;Dupla;Reta;Sim  ;"1144365   ";Motocicleta;HONDA/CG 160 TITAN;"2019      ";Condutor;Ileso;"46   ";Masculino;"1 ";"0    ";"0    ";"0    ";-16.1312850;-47.9579230;SPRF-DF;DEL01-DF;UOP01-DEL01-DF 
637358;"1429883   ";2024-10-25;sexta-feira;17:50:00;GO;"40   ";"9,8  ";LUZIANIA;Sim;Acessar a via sem observar a presença dos outros veículos;1;Colisão transversal;Com Vítimas Feridas;Plena Noite;Crescente;Nublado;Dupla;Reta;Sim  ;"1144362   ";Motocicleta;HONDA/CG 160 START;"2023      ";Condutor;Lesões Leves;"24   ";Masculino;"0 ";"1    ";"0    ";"0    ";-16.1312850;-47.9579230;SPRF-DF;DEL01-DF;UOP01-DEL01-DF 
637366;"1430057   ";2024-10-25;sexta-feira;18:25:00;DF;"40   ";"3    ";BRASILIA;Sim;Reação tardia ou ineficiente do condutor;1;Colisão traseira;Com Vítimas Feridas;Anoitecer;Crescente;Céu Claro;Dupla;Reta;Sim  ;"1144530   ";Motocicleta;JTZ/DR160;"2023      ";Condutor;Lesões Leves;"21   ";Masculino;"0 ";"1    ";"0    ";"0    ";-16.0077628;-47.9832065;SPRF-DF;DEL01-DF;UOP01-DEL01-DF 