id;pesid;data_inversa;dia_semana;horario;uf;br;km;municipio;causa_principal;causa_acidente;ordem_tipo_acidente;tipo_acidente;classificacao_acidente;fase_dia;sentido_via;condicao_metereologica;tipo_pista;tracado_via;uso_solo;id_veiculo;tipo_veiculo;marca;ano_fabricacao_veiculo;tipo_envolvido;estado_fisico;idade;sexo;ilesos;feridos_leves;feridos_graves;mortos;latitude;longitude;regional;delegacia;uop
637366;"1430056   ";2024-10-25;sexta-feira;18:25:00;DF;"40   ";"3    ";BRASILIA;Sim;Reação tardia ou ineficiente do condutor;1;Colisão traseira;Com Vítimas Feridas;Anoitecer;Crescente;Céu Claro;Dupla;Reta;Sim  ;"1144529   ";Automóvel;I/PEUGEOT 207 3P;"2010      ";Condutor;Ileso;"45   ";Masculino;"1 ";"0    ";"0    ";"0    ";-16.0077628;-47.9832065;SPRF-DF;DEL01-DF;UOP01-DEL01-DF 
637399;"1430103   ";2024-10-25;sexta-feira;18:58:00;GO;"70   ";"23   ";COCALZINHO DE GOIAS;Sim;Reação tardia ou ineficiente do condutor;1;Colisão lateral mesmo sentido;Com Vítimas Feridas;Anoitecer;Crescente;Garoa/Chuvisco;Dupla;"Retorno Regulamentado;Reta";Sim  ;"1144579   ";Automóvel;FIAT/PALIO FIRE ECONOMY;"2010      ";Condutor;Ileso;"46   ";Feminino;"1 ";"0    ";"0    ";"0    ";-15.7366224;-48.4022206;SPRF-DF;DEL03-DF;UOP02-DEL03-DF 
637399;"1431907   ";2024-10-25;sexta-feira;18:58:00;GO;"70   ";"23   ";COCALZINHO DE GOIAS;Sim;Reação tardia ou ineficiente do condutor;1;Colisão lateral mesmo sentido;Com Vítimas Feridas;Anoitecer;Crescente;Garoa/Chuvisco;Dupla;"Retorno Regulamentado;Reta";Sim  ;"1146000   ";Motocicleta;HONDA/CBX 250 TWISTER;"2008      ";Condutor;Lesões Graves;"41   ";Masculino;"0 ";"0    ";"1    ";"0    ";-15.7366224;-48.4022206;SPRF-DF;DEL03-DF;UOP02-DEL03-DF 
637443;"1430055   ";2024-10-26;sábado;00:40:00;GO;"40   ";"136  ";CRISTALINA;Sim;Condutor Dormindo;2;Tombamento;Sem Vítimas;Plena Noite;Crescente;Céu Claro;Dupla;"Ponte;Reta;Aclive";Não  ;"1144519   ";Caminhão-trator;M.BENZ/AXOR 2036 S;"2020      ";Condutor;Ileso;"28   ";Masculino;"1 ";"0    ";"0    ";"0    ";-16.9433330;-47.3123080;SPRF-DF;DEL01-DF;UOP02-DEL01-DF 
637443;"0         ";2024-10-26;sábado;00:40:00;GO;"40   ";"136  ";CRISTALINA;Sim;Condutor Dormindo;2;Tombamento;Sem Vítimas;Plena Noite;Crescente;Céu Claro;Dupla;"Ponte;Reta;Aclive";Não  ;"1144526   ";Semireboque;SR/SAO PEDRO SRFB 3E;"2021      ";"0";"0";"0    ";"0";"0 ";"0    ";"0    ";"0    ";-16.9433330;-47.3123080;SPRF-DF;DEL01-DF;UOP02-DEL01-DF 
637443;"1430055   ";2024-10-26;sábado;00:40:00;GO;"40   ";"136  ";CRISTALINA;Sim;Condutor Dormindo;1;Colisão com objeto;Sem Vítimas;Plena Noite;Crescente;Céu Claro;Dupla;"Ponte;Reta;Aclive";Não  ;"1144519   ";Caminhão-trator;M.BENZ/AXOR 2036 S;"2020      ";Condutor;Ileso;"28   ";Masculino;"1 ";"0    ";"0    ";"0    ";-16.9433330;-47.3123080;SPRF-DF;DEL01-DF;UOP02-DEL01-DF 
637443;"0         ";2024-10-26;sábado;00:40:00;GO;"40   ";"136  ";CRISTALINA;Sim;Condutor Dormindo;1;Colisão com objeto;Sem Vítimas;Plena Noite;Crescente;Céu Claro;Dupla;"Ponte;Reta;Aclive";Não  ;"1144526   ";Semireboque;SR/SAO PEDRO SRFB 3E;"2021      ";"0";"0";"0    ";"0";"0 ";"0    ";"0    ";"0    ";-16.9433330;-47.3123080;SPRF-DF;DEL01-DF;UOP02-DEL01-DF 
637504;"1430140   ";2024-10-26;sábado;09:20:00;GO;"40   ";"1    ";VALPARAISO DE GOIAS;Não;Entrada inopinada do pedestre;4;Queda de ocupante de veículo;Com Vítimas Feridas;Pleno dia;Decrescente;Céu Claro;Dupla;"Reta;Interseção de Vias";Sim  ;"1144618   ";Motocicleta;HONDA/CBX 250 TWISTER;"2001      ";Condutor;Ileso;"32   ";Masculino;"1 ";"0    ";"0    ";"0    ";-16.0582450;-47.9828250;SPRF-DF;DEL01-DF;UOP01-DEL01-DF 
637504;"1430139   ";2024-10-26;sábado;09:20:00;GO;"40   ";"1    ";VALPARAISO DE GOIAS;Não;Entrada inopinada do pedestre;4;Queda de ocupante de veículo;Com Vítimas Feridas;Pleno dia;Decrescente;Céu Claro;Dupla;"Reta;Interseção de Vias";Sim  ;"1144617   ";Automóvel;PEUGEOT/206 14 SENSAT FX;"2008      ";Condutor;Ileso;"54   ";Masculino;"1 ";"0    ";"0    ";"0    ";-16.0582450;-47.9828250;SPRF-DF;DEL01-DF;UOP01-DEL01-DF 
637504;"1430141   ";2024-10-26;sábado;09:20:00;GO;"40   ";"1    ";VALPARAISO DE GOIAS;Não;Entrada inopinada do pedestre;4;Queda de ocupante de veículo;Com Vítimas Feridas;Pleno dia;Decrescente;Céu Claro;Dupla;"Reta;Interseção de Vias";Sim  ;"0         ";"0";NA/NA;"0         ";Pedestre;Lesões Leves;"64   ";Feminino;"0 ";"1    ";"0    ";"0    ";-16.0582450;-47.9828250;SPRF-DF;DEL01-DF;UOP01-DEL01-DF 
637504;"1430140   ";2024-10-26;sábado;09:20:00;GO;"40   ";"1    ";VALPARAISO DE GOIAS;Não;Entrada inopinada do pedestre;3;Tombamento;Com Vítimas Feridas;Pleno dia;Decrescente;Céu Claro;Dupla;"Reta;Interseção de Vias";Sim  ;"1144618   ";Motocicleta;HONDA/CBX 250 TWISTER;"2001      ";Condutor;Ileso;"32   ";Masculino;"1 ";"0    ";"0    ";"0    ";-16.0582450;-47.9828250;SPRF-DF;DEL01-DF;UOP01-DEL01-DF 
637504;"1430139   ";2024-10-26;sábado;09:20:00;GO;"40   ";"1    ";VALPARAISO DE GOIAS;Não;Entrada inopinada do pedestre;3;Tombamento;Com Vítimas Feridas;Pleno dia;Decrescente;Céu Claro;Dupla;"Reta;Interseção de Vias";Sim  ;"1144617   ";Automóvel;PEUGEOT/206 14 SENSAT FX;"2008      ";Condutor;Ileso;"54   ";Masculino;"1 ";"0    ";"0    ";"0    ";-16.0582450;-47.9828250;SPRF-DF;DEL01-DF;UOP01-DEL01-DF 
637504;"1430141   ";2024-10-26;sábado;09:20:00;GO;"40   ";"1    ";VALPARAISO DE GOIAS;Não;Entrada inopinada do pedestre;3;Tombamento;Com Vítimas Feridas;Pleno dia;Decrescente;Céu Claro;Dupla;"Reta;Interseção de Vias";Sim  ;"0         ";"0";NA/NA;"0         ";Pedestre;Lesões Leves;"64   ";Feminino;"0 ";"1    ";"0    ";"0    ";-16.0582450;-47.9828250;SPRF-DF;DEL01-DF;UOP01-DEL01-DF 
637504;"1430140   ";2024-10-26;sábado;09:20:00;GO;"40   ";"1    ";VALPARAISO DE GOIAS;Não;Entrada inopinada do pedestre;2;Atropelamento de Pedestre;Com Vítimas Feridas;Pleno dia;Decrescente;Céu Claro;Dupla;"Reta;Interseção de Vias";Sim  ;"1144618   ";Motocicleta;HONDA/CBX 250 TWISTER;"2001      ";Condutor;Ileso;"32   ";Masculino;"1 ";"0    ";"0    ";"0    ";-16.0582450;-47.9828250;SPRF-DF;DEL01-DF;UOP01-DEL01-DF 
637504;"1430139   ";2024-10-26;sábado;09:20:00;GO;"40   ";"1    ";VALPARAISO DE GOIAS;Não;Entrada inopinada do pedestre;2;Atropelamento de Pedestre;Com Vítimas Feridas;Pleno dia;Decrescente;Céu Claro;Dupla;"Reta;Interseção de Vias";Sim  ;"1144617   ";Automóvel;PEUGEOT/206 14 SENSAT FX;"2008      ";Condutor;Ileso;"54   ";Masculino;"1 ";"0    ";"0    ";"0    ";-16.0582450;-47.9828250;SPRF-DF;DEL01-DF;UOP01-DEL01-DF 
637504;"1430141   ";2024-10-26;sábado;09:20:00;GO;"40   ";"1    ";VALPARAISO DE GOIAS;Não;Entrada inopinada do pedestre;2;Atropelamento de Pedestre;Com Vítimas Feridas;Pleno dia;Decrescente;Céu Claro;Dupla;"Reta;Interseção de Vias";Sim  ;"0         ";"0";NA/NA;"0         ";Pedestre;Lesões Leves;"64   ";Feminino;"0 ";"1    ";"0    ";"0    ";-16.0582450;-47.9828250;SPRF-DF;DEL01-DF;UOP01-DEL01-DF 
637504;"1430140   ";2024-10-26;sábado;09:20:00;GO;"40   ";"1    ";VALPARAISO DE GOIAS;Não;Entrada inopinada do pedestre;1;Colisão lateral mesmo sentido;Com Vítimas Feridas;Pleno dia;Decrescente;Céu Claro;Dupla;"Reta;Interseção de Vias";Sim  ;"1144618   ";Motocicleta;HONDA/CBX 250 TWISTER;"2001      ";Condutor;Ileso;"32   ";Masculino;"1 ";"0    ";"0    ";"0    ";-16.0582450;-47.9828250;SPRF-DF;DEL01-DF;UOP01-DEL01-DF 
637504;"1430139   ";2024-10-26;sábado;09:20:00;GO;"40   ";"1    ";VALPARAISO DE GOIAS;Não;Entrada inopinada do pedestre;1;Colisão lateral mesmo sentido;Com Vítimas Feridas;Pleno dia;Decrescente;Céu Claro;Dupla;"Reta;Interseção de Vias";Sim  ;"1144617   ";Automóvel;PEUGEOT/206 14 SENSAT FX;"2008      ";Condutor;Ileso;"54   ";Masculino;"1 ";"0    ";"0    ";"0    ";-16.0582450;-47.9828250;SPRF-DF;DEL01-DF;UOP01-DEL01-DF 
637504;"1430141   ";2024-10-26;sábado;09:20:00;GO;"40   ";"1    ";VALPARAISO DE GOIAS;Não;Entrada inopinada do pedestre;1;Colisão lateral mesmo sentido;Com Vítimas Feridas;Pleno dia;Decrescente;Céu Claro;Dupla;"Reta;Interseção de Vias";Sim  ;"0         ";"0";NA/NA;"0         ";Pedestre;Lesões Leves;"64   ";Feminino;"0 ";"1    ";"0    ";"0    ";-16.0582450;-47.9828250;SPRF-DF;DEL01-DF;UOP01-DEL01-DF 
637504;"1430140   ";2024-10-26;sábado;09:20:00;GO;"40   ";"1    ";VALPARAISO DE GOIAS;Não;Velocidade Incompatível;4;Queda de ocupante de veículo;Com Vítimas Feridas;Pleno dia;Decrescente;Céu Claro;Dupla;"Reta;Interseção de Vias";Sim  ;"1144618   ";Motocicleta;HONDA/CBX 250 TWISTER;"2001      ";Condutor;Ileso;"32   ";Masculino;"1 ";"0    ";"0    ";"0    ";-16.0582450;-47.9828250;SPRF-DF;DEL01-DF;UOP01-DEL01-DF 
637504;"1430139   ";2024-10-26;sábado;09:20:00;GO;"40   ";"1    ";VALPARAISO DE GOIAS;Não;Velocidade Incompatível;4;Queda de ocupante de veículo;Com Vítimas Feridas;Pleno dia;Decrescente;Céu Claro;Dupla;"Reta;Interseção de Vias";Sim  ;"1144617   ";Automóvel;PEUGEOT/206 14 SENSAT FX;"2008      ";Condutor;Ileso;"54   ";Masculino;"1 ";"0    ";"0    ";"0    ";-16.0582450;-47.9828250;SPRF-DF;DEL01-DF;UOP01-DEL01-DF 
637504;"1430141   ";2024-10-26;sábado;09:20:00;GO;"40   ";"1    ";VALPARAISO DE GOIAS;Não;Velocidade Incompatível;4;Queda de ocupante de veículo;Com Vítimas Feridas;Pleno dia;Decrescente;Céu Claro;Dupla;"Reta;Interseção de Vias";Sim  ;"0         ";"0";NA/NA;"0         ";Pedestre;Lesões Leves;"64   ";Feminino;"0 ";"1    ";"0    ";"0    ";-16.0582450;-47.9828250;SPRF-DF;DEL01-DF;UOP01-DEL01-DF 
637504;"1430140   ";2024-10-26;sábado;09:20:00;GO;"40   ";"1    ";VALPARAISO DE GOIAS;Não;Velocidade Incompatível;3;Tombamento;Com Vítimas Feridas;Pleno dia;Decrescente;Céu Claro;Dupla;"Reta;Interseção de Vias";Sim  ;"1144618   ";Motocicleta;HONDA/CBX 250 TWISTER;"2001      ";Condutor;Ileso;"32   ";Masculino;"1 ";"0    ";"0    ";"0    ";-16.0582450;-47.9828250;SPRF-DF;DEL01-DF;UOP01-DEL01-DF 
637504;"1430139   ";2024-10-26;sábado;09:20:00;GO;"40   ";"1    ";VALPARAISO DE GOIAS;Não;Velocidade Incompatível;3;Tombamento;Com Vítimas Feridas;Pleno dia;Decrescente;Céu Claro;Dupla;"Reta;Interseção de Vias";Sim  ;"1144617   ";Automóvel;PEUGEOT/206 14 SENSAT FX;"2008      ";Condutor;Ileso;"54   ";Masculino;"1 ";"0    ";"0    ";"0    ";-16.0582450;-47.9828250;SPRF-DF;DEL01-DF;UOP01-DEL01-DF 
637504;"1430141   ";2024-10-26;sábado;09:20:00;GO;"40   ";"1    ";VALPARAISO DE GOIAS;Não;Velocidade Incompatível;3;Tombamento;Com Vítimas Feridas;Pleno dia;Decrescente;Céu Claro;Dupla;"Reta;Interseção de Vias";Sim  ;"0         ";"0";NA/NA;"0         ";Pedestre;Lesões Leves;"64   ";Feminino;"0 ";"1    ";"0    ";"0    ";-16.0582450;-47.9828250;SPRF-DF;DEL01-DF;UOP01-DEL01-DF 
637504;"1430140   ";2024-10-26;sábado;09:20:00;GO;"40   ";"1    ";VALPARAISO DE GOIAS;Não;Velocidade Incompatível;2;Atropelamento de Pedestre;Com Vítimas Feridas;Pleno dia;Decrescente;Céu Claro;Dupla;"Reta;Interseção de Vias";Sim  ;"1144618   ";Motocicleta;HONDA/CBX 250 TWISTER;"2001      ";Condutor;Ileso;"32   ";Masculino;"1 ";"0    ";"0    ";"0    ";-16.0582450;-47.9828250;SPRF-DF;DEL01-DF;UOP01-DEL01-DF 
637504;"1430139   ";2024-10-26;sábado;09:20:00;GO;"40   ";"1    ";VALPARAISO DE GOIAS;Não;Velocidade Incompatível;2;Atropelamento de Pedestre;Com Vítimas Feridas;Pleno dia;Decrescente;Céu Claro;Dupla;"Reta;Interseção de Vias";Sim  ;"1144617   ";Automóvel;PEUGEOT/206 14 SENSAT FX;"2008      ";Condutor;Ileso;"54   ";Masculino;"1 ";"0    ";"0    ";"0    ";-16.0582450;-47.9828250;SPRF-DF;DEL01-DF;UOP01-DEL01-DF 
637504;"1430141   ";2024-10-26;sábado;09:20:00;GO;"40   ";"1    ";VALPARAISO DE GOIAS;Não;Velocidade Incompatível;2;Atropelamento de Pedestre;Com Vítimas Feridas;Pleno dia;Decrescente;Céu Claro;Dupla;"Reta;Interseção de Vias";Sim  ;"0         ";"0";NA/NA;"0         ";Pedestre;Lesões Leves;"64   ";Feminino;"0 ";"1    ";"0    ";"0    ";-16.0582450;-47.9828250;SPRF-DF;DEL01-DF;UOP01-DEL01-DF 
637504;"1430140   ";2024-10-26;sábado;09:20:00;GO;"40   ";"1    ";VALPARAISO DE GOIAS;Não;Velocidade Incompatível;1;Colisão lateral mesmo sentido;Com Vítimas Feridas;Pleno dia;Decrescente;Céu Claro;Dupla;"Reta;Interseção de Vias";Sim  ;"1144618   ";Motocicleta;HONDA/CBX 250 TWISTER;"2001      ";Condutor;Ileso;"32   ";Masculino;"1 ";"0    ";"0    ";"0    ";-16.0582450;-47.9828250;SPRF-DF;DEL01-DF;UOP01-DEL01-DF 
637504;"1430139   ";2024-10-26;sábado;09:20:00;GO;"40   ";"1    ";VALPARAISO DE GOIAS;Não;Velocidade Incompatível;1;Colisão lateral mesmo sentido;Com Vítimas Feridas;Pleno dia;Decrescente;Céu Claro;Dupla;"Reta;Interseção de Vias";Sim  ;"1144617   ";Automóvel;PEUGEOT/206 14 SENSAT FX;"2008      ";Condutor;Ileso;"54   ";Masculino;"1 ";"0    ";"0    ";"0    ";-16.0582450;-47.9828250;SPRF-DF;DEL01-DF;UOP01-DEL01-DF 
637504;"1430141   ";2024-10-26;sábado;09:20:00;GO;"40   ";"1    ";VALPARAISO DE GOIAS;Não;Velocidade Incompatível;1;Colisão lateral mesmo sentido;Com Vítimas Feridas;Pleno dia;Decrescente;Céu Claro;Dupla;"Reta;Interseção de Vias";Sim  ;"0         ";"0";NA/NA;"0         ";Pedestre;Lesões Leves;"64   ";Feminino;"0 ";"1    ";"0    ";"0    ";-16.0582450;-47.9828250;SPRF-DF;DEL01-DF;UOP01-DEL01-DF 
637504;"1430140   ";2024-10-26;sábado;09:20:00;GO;"40   ";"1    ";VALPARAISO DE GOIAS;Não;Trafegar com motocicleta (ou similar) entre as faixas;4;Queda de ocupante de veículo;Com Vítimas Feridas;Pleno dia;Decrescente;Céu Claro;Dupla;"Reta;Interseção de Vias";Sim  ;"1144618   ";Motocicleta;HONDA/CBX 250 TWISTER;"2001      ";Condutor;Ileso;"32   ";Masculino;"1 ";"0    ";"0    ";"0    ";-16.0582450;-47.9828250;SPRF-DF;DEL01-DF;UOP01-DEL01-DF 
637504;"1430139   ";2024-10-26;sábado;09:20:00;GO;"40   ";"1    ";VALPARAISO DE GOIAS;Não;Trafegar com motocicleta (ou similar) entre as faixas;4;Queda de ocupante de veículo;Com Vítimas Feridas;Pleno dia;Decrescente;Céu Claro;Dupla;"Reta;Interseção de Vias";Sim  ;"1144617   ";Automóvel;PEUGEOT/206 14 SENSAT FX;"2008      ";Condutor;Ileso;"54   ";Masculino;"1 ";"0    ";"0    ";"0    ";-16.0582450;-47.9828250;SPRF-DF;DEL01-DF;UOP01-DEL01-DF 
637504;"1430141   ";2024-10-26;sábado;09:20:00;GO;"40   ";"1    ";VALPARAISO DE GOIAS;Não;Trafegar com motocicleta (ou similar) entre as faixas;4;Queda de ocupante de veículo;Com Vítimas Feridas;Pleno dia;Decrescente;Céu Claro;Dupla;"Reta;Interseção de Vias";Sim  ;"0         ";"0";NA/NA;"0         ";Pedestre;Lesões Leves;"64   ";Feminino;"0 ";"1    ";"0    ";"0    ";-16.0582450;-47.9828250;SPRF-DF;DEL01-DF;UOP01-DEL01-DF 
637504;"1430140   ";2024-10-26;sábado;09:20:00;GO;"40   ";"1    ";VALPARAISO DE GOIAS;Não;Trafegar com motocicleta (ou similar) entre as faixas;3;Tombamento;Com Vítimas Feridas;Pleno dia;Decrescente;Céu Claro;Dupla;"Reta;Interseção de Vias";Sim  ;"1144618   ";Motocicleta;HONDA/CBX 250 TWISTER;"2001      ";Condutor;Ileso;"32   ";Masculino;"1 ";"0    ";"0    ";"0    ";-16.0582450;-47.9828250;SPRF-DF;DEL01-DF;UOP01-DEL01-DF 
637504;"1430139   ";2024-10-26;sábado;09:20:00;GO;"40   ";"1    ";VALPARAISO DE GOIAS;Não;Trafegar com motocicleta (ou similar) entre as faixas;3;Tombamento;Com Vítimas Feridas;Pleno dia;Decrescente;Céu Claro;Dupla;"Reta;Interseção de Vias";Sim  ;"1144617   ";Automóvel;PEUGEOT/206 14 SENSAT FX;"2008      ";Condutor;Ileso;"54   ";Masculino;"1 ";"0    ";"0    ";"0    ";-16.0582450;-47.9828250;SPRF-DF;DEL01-DF;UOP01-DEL01-DF 
637504;"1430141   ";2024-10-26;sábado;09:20:00;GO;"40   ";"1    ";VALPARAISO DE GOIAS;Não;Trafegar com motocicleta (ou similar) entre as faixas;3;Tombamento;Com Vítimas Feridas;Pleno dia;Decrescente;Céu Claro;Dupla;"Reta;Interseção de Vias";Sim  ;"0         ";"0";NA/NA;"0         ";Pedestre;Lesões Leves;"64   ";Feminino;"0 ";"1    ";"0    ";"0    ";-16.0582450;-47.9828250;SPRF-DF;DEL01-DF;UOP01-DEL01-DF 
637504;"1430140   ";2024-10-26;sábado;09:20:00;GO;"40   ";"1    ";VALPARAISO DE GOIAS;Não;Trafegar com motocicleta (ou similar) entre as faixas;2;Atropelamento de Pedestre;Com Vítimas Feridas;Pleno dia;Decrescente;Céu Claro;Dupla;"Reta;Interseção de Vias";Sim  ;"1144618   ";Motocicleta;HONDA/CBX 250 TWISTER;"2001      ";Condutor;Ileso;"32   ";Masculino;"1 ";"0    ";"0    ";"0    ";-16.0582450;-47.9828250;SPRF-DF;DEL01-DF;UOP01-DEL01-DF 
637504;"1430139   ";2024-10-26;sábado;09:20:00;GO;"40   ";"1    ";VALPARAISO DE GOIAS;Não;Trafegar com motocicleta (ou similar) entre as faixas;2;Atropelamento de Pedestre;Com Vítimas Feridas;Pleno dia;Decrescente;Céu Claro;Dupla;"Reta;Interseção de Vias";Sim  ;"1144617   ";Automóvel;PEUGEOT/206 14 SENSAT FX;"2008      ";Condutor;Ileso;"54   ";Masculino;"1 ";"0    ";"0    ";"0    ";-16.0582450;-47.9828250;SPRF-DF;DEL01-DF;UOP01-DEL01-DF 
637504;"1430141   ";2024-10-26;sábado;09:20:00;GO;"40   ";"1    ";VALPARAISO DE GOIAS;Não;Trafegar com motocicleta (ou similar) entre as faixas;2;Atropelamento de Pedestre;Com Vítimas Feridas;Pleno dia;Decrescente;Céu Claro;Dupla;"Reta;Interseção de Vias";Sim  ;"0         ";"0";NA/NA;"0         ";Pedestre;Lesões Leves;"64   ";Feminino;"0 ";"1    ";"0    ";"0    ";-16.0582450;-47.9828250;SPRF-DF;DEL01-DF;UOP01-DEL01-DF 
637504;"1430140   ";2024-10-26;sábado;09:20:00;GO;"40   ";"1    ";VALPARAISO DE GOIAS;Não;Trafegar com motocicleta (ou similar) entre as faixas;1;Colisão lateral mesmo sentido;Com Vítimas Feridas;Pleno dia;Decrescente;Céu Claro;Dupla;"Reta;Interseção de Vias";Sim  ;"1144618   ";Motocicleta;HONDA/CBX 250 TWISTER;"2001      ";Condutor;Ileso;"32   ";Masculino;"1 ";"0    ";"0    ";"0    ";-16.0582450;-47.9828250;SPRF-DF;DEL01-DF;UOP01-DEL01-DF 
637504;"1430139   ";2024-10-26;sábado;09:20:00;GO;"40   ";"1    ";VALPARAISO DE GOIAS;Não;Trafegar com motocicleta (ou similar) entre as faixas;1;Colisão lateral mesmo sentido;Com Vítimas Feridas;Pleno dia;Decrescente;Céu Claro;Dupla;"Reta;Interseção de Vias";Sim  ;"1144617   ";Automóvel;PEUGEOT/206 14 SENSAT FX;"2008      ";Condutor;Ileso;"54   ";Masculino;"1 ";"0    ";"0    ";"0    ";-16.0582450;-47.9828250;SPRF-DF;DEL01-DF;UOP01-DEL01-DF 
637504;"1430141   ";2024-10-26;sábado;09:20:00;GO;"40   ";"1    ";VALPARAISO DE GOIAS;Não;Trafegar com motocicleta (ou similar) entre as faixas;1;Colisão lateral mesmo sentido;Com Vítimas Feridas;Pleno dia;Decrescente;Céu Claro;Dupla;"Reta;Interseção de Vias";Sim  ;"0         ";"0";NA/NA;"0         ";Pedestre;Lesões Leves;"64   ";Feminino;"0 ";"1    ";"0    ";"0    ";-16.0582450;-47.9828250;SPRF-DF;DEL01-DF;UOP01-DEL01-DF 
637504;"1430140   ";2024-10-26;sábado;09:20:00;GO;"40   ";"1    ";VALPARAISO DE GOIAS;Sim;Pedestre cruzava a pista fora da faixa;4;Queda de ocupante de veículo;Com Vítimas Feridas;Pleno dia;Decrescente;Céu Claro;Dupla;"Reta;Interseção de Vias";Sim  ;"1144618   ";Motocicleta;HONDA/CBX 250 TWISTER;"2001      ";Condutor;Ileso;"32   ";Masculino;"1 ";"0    ";"0    ";"0    ";-16.0582450;-47.9828250;SPRF-DF;DEL01-DF;UOP01-DEL01-DF 
637504;"1430139   ";2024-10-26;sábado;09:20:00;GO;"40   ";"1    ";VALPARAISO DE GOIAS;Sim;Pedestre cruzava a pista fora da faixa;4;Queda de ocupante de veículo;Com Vítimas Feridas;Pleno dia;Decrescente;Céu Claro;Dupla;"Reta;Interseção de Vias";Sim  ;"1144617   ";Automóvel;PEUGEOT/206 14 SENSAT FX;"2008      ";Condutor;Ileso;"54   ";Masculino;"1 ";"0    ";"0    ";"0    ";-16.0582450;-47.9828250;SPRF-DF;DEL01-DF;UOP01-DEL01-DF 
637504;"1430141   ";2024-10-26;sábado;09:20:00;GO;"40   ";"1    ";VALPARAISO DE GOIAS;Sim;Pedestre cruzava a pista fora da faixa;4;Queda de ocupante de veículo;Com Vítimas Feridas;Pleno dia;Decrescente;Céu Claro;Dupla;"Reta;Interseção de Vias";Sim  ;"0         ";"0";NA/NA;"0         ";Pedestre;Lesões Leves;"64   ";Feminino;"0 ";"1    ";"0    ";"0    ";-16.0582450;-47.9828250;SPRF-DF;DEL01-DF;UOP01-DEL01-DF 
637504;"1430140   ";2024-10-26;sábado;09:20:00;GO;"40   ";"1    ";VALPARAISO DE GOIAS;Sim;Pedestre cruzava a pista fora da faixa;3;Tombamento;Com Vítimas Feridas;Pleno dia;Decrescente;Céu Claro;Dupla;"Reta;Interseção de Vias";Sim  ;"1144618   ";Motocicleta;HONDA/CBX 250 TWISTER;"2001      ";Condutor;Ileso;"32   ";Masculino;"1 ";"0    ";"0    ";"0    ";-16.0582450;-47.9828250;SPRF-DF;DEL01-DF;UOP01-DEL01-DF 
637504;"1430139   ";2024-10-26;sábado;09:20:00;GO;"40   ";"1    ";VALPARAISO DE GOIAS;Sim;Pedestre cruzava a pista fora da faixa;3;Tombamento;Com Vítimas Feridas;Pleno dia;Decrescente;Céu Claro;Dupla;"Reta;Interseção de Vias";Sim  ;"1144617   ";Automóvel;PEUGEOT/206 14 SENSAT FX;"2008      ";Condutor;Ileso;"54   ";Masculino;"1 ";"0    ";"0    ";"0    ";-16.0582450;-47.9828250;SPRF-DF;DEL01-DF;UOP01-DEL01-DF 
637504;"1430141   ";2024-10-26;sábado;09:20:00;GO;"40   ";"1    ";VALPARAISO DE GOIAS;Sim;Pedestre cruzava a pista fora da faixa;3;Tombamento;Com Vítimas Feridas;Pleno dia;Decrescente;Céu Claro;Dupla;"Reta;Interseção de Vias";Sim  ;"0         ";"0";NA/NA;"0         ";Pedestre;Lesões Leves;"64   ";Feminino;"0 ";"1    ";"0    ";"0    ";-16.0582450;-47.9828250;SPRF-DF;DEL01-DF;UOP01-DEL01-DF 
637504;"1430140   ";2024-10-26;sábado;09:20:00;GO;"40   ";"1    ";VALPARAISO DE GOIAS;Sim;Pedestre cruzava a pista fora da faixa;2;Atropelamento de Pedestre;Com Vítimas Feridas;Pleno dia;Decrescente;Céu Claro;Dupla;"Reta;Interseção de Vias";Sim  ;"1144618   ";Motocicleta;HONDA/CBX 250 TWISTER;"2001      ";Condutor;Ileso;"32   ";Masculino;"1 ";"0    ";"0    ";"0    ";-16.0582450;-47.9828250;SPRF-DF;DEL01-DF;UOP01-DEL01-DF 
637504;"1430139   ";2024-10-26;sábado;09:20:00;GO;"40   ";"1    ";VALPARAISO DE GOIAS;Sim;Pedestre cruzava a pista fora da faixa;2;Atropelamento de Pedestre;Com Vítimas Feridas;Pleno dia;Decrescente;Céu Claro;Dupla;"Reta;Interseção de Vias";Sim  ;"1144617   ";Automóvel;PEUGEOT/206 14 SENSAT FX;"2008      ";Condutor;Ileso;"54   ";Masculino;"1 ";"0    ";"0    ";"0    ";-16.0582450;-47.9828250;SPRF-DF;DEL01-DF;UOP01-DEL01-DF 
637504;"1430141   ";2024-10-26;sábado;09:20:00;GO;"40   ";"1    ";VALPARAISO DE GOIAS;Sim;Pedestre cruzava a pista fora da faixa;2;Atropelamento de Pedestre;Com Vítimas Feridas;Pleno dia;Decrescente;Céu Claro;Dupla;"Reta;Interseção de Vias";Sim  ;"0         ";"0";NA/NA;"0         ";Pedestre;Lesões Leves;"64   ";Feminino;"0 ";"1    ";"0    ";"0    ";-16.0582450;-47.9828250;SPRF-DF;DEL01-DF;UOP01-DEL01-DF 
637504;"1430140   ";2024-10-26;sábado;09:20:00;GO;"40   ";"1    ";VALPARAISO DE GOIAS;Sim;Pedestre cruzava a pista fora da faixa;1;Colisão lateral mesmo sentido;Com Vítimas Feridas;Pleno dia;Decrescente;Céu Claro;Dupla;"Reta;Interseção de Vias";Sim  ;"1144618   ";Motocicleta;HONDA/CBX 250 TWISTER;"2001      ";Condutor;Ileso;"32   ";Masculino;"1 ";"0    ";"0    ";"0    ";-16.0582450;-47.9828250;SPRF-DF;DEL01-DF;UOP01-DEL01-DF 