id;pesid;data_inversa;dia_semana;horario;uf;br;km;municipio;causa_principal;causa_acidente;ordem_tipo_acidente;tipo_acidente;classificacao_acidente;fase_dia;sentido_via;condicao_metereologica;tipo_pista;tracado_via;uso_solo;id_veiculo;tipo_veiculo;marca;ano_fabricacao_veiculo;tipo_envolvido;estado_fisico;idade;sexo;ilesos;feridos_leves;feridos_graves;mortos;latitude;longitude;regional;delegacia;uop
637673;"1430537   ";2024-10-27;domingo;01:20:00;DF;"20   ";"17   ";BRASILIA;Sim;Velocidade Incompatível;1;Capotamento;Com Vítimas Feridas;Plena Noite;Crescente;Chuva;Dupla;Reta;Não  ;"1144926   ";Caminhão;I/M.BENZ 415 ALLTECH AMB;"2017      ";Condutor;Ileso;"25   ";Masculino;"1 ";"0    ";"0    ";"0    ";-15.6213740;-47.7169800;SPRF-DF;DEL02-DF;UOP01-DEL02-DF 
637673;"1430542   ";2024-10-27;domingo;01:20:00;DF;"20   ";"17   ";BRASILIA;Sim;Velocidade Incompatível;1;Capotamento;Com Vítimas Feridas;Plena Noite;Crescente;Chuva;Dupla;Reta;Não  ;"1144922   ";Motocicleta;HONDA/CG 160 START;"2018      ";Condutor;Lesões Leves;"34   ";Masculino;"0 ";"1    ";"0    ";"0    ";-15.6213740;-47.7169800;SPRF-DF;DEL02-DF;UOP01-DEL02-DF 
637673;"1430540   ";2024-10-27;domingo;01:20:00;DF;"20   ";"17   ";BRASILIA;Sim;Velocidade Incompatível;1;Capotamento;Com Vítimas Feridas;Plena Noite;Crescente;Chuva;Dupla;Reta;Não  ;"1144919   ";Automóvel;I/RENAULT CLIO EXP1016VH;"2015      ";Condutor;Lesões Leves;"34   ";Masculino;"0 ";"1    ";"0    ";"0    ";-15.6213740;-47.7169800;SPRF-DF;DEL02-DF;UOP01-DEL02-DF 
637689;"1432500   ";2024-10-27;domingo;02:30:00;DF;"70   ";"18   ";BRASILIA;Não;Ingestão de álcool pelo condutor;1;Colisão traseira;Sem Vítimas;Plena Noite;Crescente;Nublado;Dupla;"Aclive;Reta";Sim  ;"1146479   ";Caminhonete;CHEVROLET/S10 LT DD4A;"2014      ";Condutor;Ileso;"52   ";Masculino;"1 ";"0    ";"0    ";"0    ";-15.7910930;-48.2109600;SPRF-DF;DEL03-DF;UOP02-DEL03-DF 
637689;"1432502   ";2024-10-27;domingo;02:30:00;DF;"70   ";"18   ";BRASILIA;Não;Ingestão de álcool pelo condutor;1;Colisão traseira;Sem Vítimas;Plena Noite;Crescente;Nublado;Dupla;"Aclive;Reta";Sim  ;"1146480   ";Automóvel;FIAT/PALIO FIRE;"2015      ";Condutor;Ileso;"33   ";Masculino;"1 ";"0    ";"0    ";"0    ";-15.7910930;-48.2109600;SPRF-DF;DEL03-DF;UOP02-DEL03-DF 
637689;"1432500   ";2024-10-27;domingo;02:30:00;DF;"70   ";"18   ";BRASILIA;Sim;Ausência de reação do condutor;1;Colisão traseira;Sem Vítimas;Plena Noite;Crescente;Nublado;Dupla;"Aclive;Reta";Sim  ;"1146479   ";Caminhonete;CHEVROLET/S10 LT DD4A;"2014      ";Condutor;Ileso;"52   ";Masculino;"1 ";"0    ";"0    ";"0    ";-15.7910930;-48.2109600;SPRF-DF;DEL03-DF;UOP02-DEL03-DF 
637689;"1432502   ";2024-10-27;domingo;02:30:00;DF;"70   ";"18   ";BRASILIA;Sim;Ausência de reação do condutor;1;Colisão traseira;Sem Vítimas;Plena Noite;Crescente;Nublado;Dupla;"Aclive;Reta";Sim  ;"1146480   ";Automóvel;FIAT/PALIO FIRE;"2015      ";Condutor;Ileso;"33   ";Masculino;"1 ";"0    ";"0    ";"0    ";-15.7910930;-48.2109600;SPRF-DF;DEL03-DF;UOP02-DEL03-DF 
637750;"1431144   ";2024-10-27;domingo;07:30:00;GO;"20   ";"143  ";ALVORADA DO NORTE;Não;Avarias e/ou desgaste excessivo no pneu;2;Colisão com objeto;Com Vítimas Feridas;Pleno dia;Crescente;Chuva;Simples;Reta;Não  ;"1145099   ";Automóvel;VW/GOL 1.0;"2006      ";Passageiro;Lesões Leves;"29   ";Masculino;"0 ";"1    ";"0    ";"0    ";-14.7535790;-46.6597410;SPRF-DF;DEL02-DF;UOP03-DEL02-DF 
637750;"1430794   ";2024-10-27;domingo;07:30:00;GO;"20   ";"143  ";ALVORADA DO NORTE;Não;Avarias e/ou desgaste excessivo no pneu;2;Colisão com objeto;Com Vítimas Feridas;Pleno dia;Crescente;Chuva;Simples;Reta;Não  ;"1145099   ";Automóvel;VW/GOL 1.0;"2006      ";Condutor;Ileso;"26   ";Masculino;"1 ";"0    ";"0    ";"0    ";-14.7535790;-46.6597410;SPRF-DF;DEL02-DF;UOP03-DEL02-DF 
637750;"1431144   ";2024-10-27;domingo;07:30:00;GO;"20   ";"143  ";ALVORADA DO NORTE;Não;Avarias e/ou desgaste excessivo no pneu;1;Saída de leito carroçável;Com Vítimas Feridas;Pleno dia;Crescente;Chuva;Simples;Reta;Não  ;"1145099   ";Automóvel;VW/GOL 1.0;"2006      ";Passageiro;Lesões Leves;"29   ";Masculino;"0 ";"1    ";"0    ";"0    ";-14.7535790;-46.6597410;SPRF-DF;DEL02-DF;UOP03-DEL02-DF 
637750;"1430794   ";2024-10-27;domingo;07:30:00;GO;"20   ";"143  ";ALVORADA DO NORTE;Não;Avarias e/ou desgaste excessivo no pneu;1;Saída de leito carroçável;Com Vítimas Feridas;Pleno dia;Crescente;Chuva;Simples;Reta;Não  ;"1145099   ";Automóvel;VW/GOL 1.0;"2006      ";Condutor;Ileso;"26   ";Masculino;"1 ";"0    ";"0    ";"0    ";-14.7535790;-46.6597410;SPRF-DF;DEL02-DF;UOP03-DEL02-DF 
637750;"1431144   ";2024-10-27;domingo;07:30:00;GO;"20   ";"143  ";ALVORADA DO NORTE;Não;Velocidade Incompatível;2;Colisão com objeto;Com Vítimas Feridas;Pleno dia;Crescente;Chuva;Simples;Reta;Não  ;"1145099   ";Automóvel;VW/GOL 1.0;"2006      ";Passageiro;Lesões Leves;"29   ";Masculino;"0 ";"1    ";"0    ";"0    ";-14.7535790;-46.6597410;SPRF-DF;DEL02-DF;UOP03-DEL02-DF 
637750;"1430794   ";2024-10-27;domingo;07:30:00;GO;"20   ";"143  ";ALVORADA DO NORTE;Não;Velocidade Incompatível;2;Colisão com objeto;Com Vítimas Feridas;Pleno dia;Crescente;Chuva;Simples;Reta;Não  ;"1145099   ";Automóvel;VW/GOL 1.0;"2006      ";Condutor;Ileso;"26   ";Masculino;"1 ";"0    ";"0    ";"0    ";-14.7535790;-46.6597410;SPRF-DF;DEL02-DF;UOP03-DEL02-DF 
637750;"1431144   ";2024-10-27;domingo;07:30:00;GO;"20   ";"143  ";ALVORADA DO NORTE;Não;Velocidade Incompatível;1;Saída de leito carroçável;Com Vítimas Feridas;Pleno dia;Crescente;Chuva;Simples;Reta;Não  ;"1145099   ";Automóvel;VW/GOL 1.0;"2006      ";Passageiro;Lesões Leves;"29   ";Masculino;"0 ";"1    ";"0    ";"0    ";-14.7535790;-46.6597410;SPRF-DF;DEL02-DF;UOP03-DEL02-DF 
637750;"1430794   ";2024-10-27;domingo;07:30:00;GO;"20   ";"143  ";ALVORADA DO NORTE;Não;Velocidade Incompatível;1;Saída de leito carroçável;Com Vítimas Feridas;Pleno dia;Crescente;Chuva;Simples;Reta;Não  ;"1145099   ";Automóvel;VW/GOL 1.0;"2006      ";Condutor;Ileso;"26   ";Masculino;"1 ";"0    ";"0    ";"0    ";-14.7535790;-46.6597410;SPRF-DF;DEL02-DF;UOP03-DEL02-DF 
637750;"1431144   ";2024-10-27;domingo;07:30:00;GO;"20   ";"143  ";ALVORADA DO NORTE;Sim;Chuva;2;Colisão com objeto;Com Vítimas Feridas;Pleno dia;Crescente;Chuva;Simples;Reta;Não  ;"1145099   ";Automóvel;VW/GOL 1.0;"2006      ";Passageiro;Lesões Leves;"29   ";Masculino;"0 ";"1    ";"0    ";"0    ";-14.7535790;-46.6597410;SPRF-DF;DEL02-DF;UOP03-DEL02-DF 
637750;"1430794   ";2024-10-27;domingo;07:30:00;GO;"20   ";"143  ";ALVORADA DO NORTE;Sim;Chuva;2;Colisão com objeto;Com Vítimas Feridas;Pleno dia;Crescente;Chuva;Simples;Reta;Não  ;"1145099   ";Automóvel;VW/GOL 1.0;"2006      ";Condutor;Ileso;"26   ";Masculino;"1 ";"0    ";"0    ";"0    ";-14.7535790;-46.6597410;SPRF-DF;DEL02-DF;UOP03-DEL02-DF 
637750;"1431144   ";2024-10-27;domingo;07:30:00;GO;"20   ";"143  ";ALVORADA DO NORTE;Sim;Chuva;1;Saída de leito carroçável;Com Vítimas Feridas;Pleno dia;Crescente;Chuva;Simples;Reta;Não  ;"1145099   ";Automóvel;VW/GOL 1.0;"2006      ";Passageiro;Lesões Leves;"29   ";Masculino;"0 ";"1    ";"0    ";"0    ";-14.7535790;-46.6597410;SPRF-DF;DEL02-DF;UOP03-DEL02-DF 
637750;"1430794   ";2024-10-27;domingo;07:30:00;GO;"20   ";"143  ";ALVORADA DO NORTE;Sim;Chuva;1;Saída de leito carroçável;Com Vítimas Feridas;Pleno dia;Crescente;Chuva;Simples;Reta;Não  ;"1145099   ";Automóvel;VW/GOL 1.0;"2006      ";Condutor;Ileso;"26   ";Masculino;"1 ";"0    ";"0    ";"0    ";-14.7535790;-46.6597410;SPRF-DF;DEL02-DF;UOP03-DEL02-DF 
637801;"1430783   ";2024-10-27;domingo;16:40:00;GO;"60   ";"11,5 ";ALEXANIA;Sim;Velocidade Incompatível;3;Saída de leito carroçável;Com Vítimas Feridas;Pleno dia;Crescente;Céu Claro;Dupla;Curva;Não  ;"1145091   ";Motocicleta;DAFRA/NEXT 250;"2012      ";Condutor;Lesões Leves;"34   ";Masculino;"0 ";"1    ";"0    ";"0    ";-16.0941680;-48.5172120;SPRF-DF;DEL03-DF;UOP01-DEL03-DF 
637801;"1430783   ";2024-10-27;domingo;16:40:00;GO;"60   ";"11,5 ";ALEXANIA;Sim;Velocidade Incompatível;2;Queda de ocupante de veículo;Com Vítimas Feridas;Pleno dia;Crescente;Céu Claro;Dupla;Curva;Não  ;"1145091   ";Motocicleta;DAFRA/NEXT 250;"2012      ";Condutor;Lesões Leves;"34   ";Masculino;"0 ";"1    ";"0    ";"0    ";-16.0941680;-48.5172120;SPRF-DF;DEL03-DF;UOP01-DEL03-DF 
637801;"1430783   ";2024-10-27;domingo;16:40:00;GO;"60   ";"11,5 ";ALEXANIA;Sim;Velocidade Incompatível;1;Tombamento;Com Vítimas Feridas;Pleno dia;Crescente;Céu Claro;Dupla;Curva;Não  ;"1145091   ";Motocicleta;DAFRA/NEXT 250;"2012      ";Condutor;Lesões Leves;"34   ";Masculino;"0 ";"1    ";"0    ";"0    ";-16.0941680;-48.5172120;SPRF-DF;DEL03-DF;UOP01-DEL03-DF 
637803;"1430793   ";2024-10-27;domingo;15:20:00;GO;"20   ";"118  ";FLORES DE GOIAS;Sim;Condutor deixou de manter distância do veículo da frente;1;Colisão traseira;Com Vítimas Feridas;Pleno dia;Crescente;Nublado;Simples;Reta;Não  ;"1145098   ";Automóvel;CHEVROLET/ONIX 1.0MT LT;"2019      ";Passageiro;Lesões Leves;"76   ";Feminino;"0 ";"1    ";"0    ";"0    ";-14.8771730;-46.8447110;SPRF-DF;DEL02-DF;UOP03-DEL02-DF 
637803;"1430795   ";2024-10-27;domingo;15:20:00;GO;"20   ";"118  ";FLORES DE GOIAS;Sim;Condutor deixou de manter distância do veículo da frente;1;Colisão traseira;Com Vítimas Feridas;Pleno dia;Crescente;Nublado;Simples;Reta;Não  ;"1145098   ";Automóvel;CHEVROLET/ONIX 1.0MT LT;"2019      ";Passageiro;Lesões Leves;"10   ";Masculino;"0 ";"1    ";"0    ";"0    ";-14.8771730;-46.8447110;SPRF-DF;DEL02-DF;UOP03-DEL02-DF 
637803;"1430792   ";2024-10-27;domingo;15:20:00;GO;"20   ";"118  ";FLORES DE GOIAS;Sim;Condutor deixou de manter distância do veículo da frente;1;Colisão traseira;Com Vítimas Feridas;Pleno dia;Crescente;Nublado;Simples;Reta;Não  ;"1145098   ";Automóvel;CHEVROLET/ONIX 1.0MT LT;"2019      ";Condutor;Ileso;"48   ";Feminino;"1 ";"0    ";"0    ";"0    ";-14.8771730;-46.8447110;SPRF-DF;DEL02-DF;UOP03-DEL02-DF 
637803;"1430791   ";2024-10-27;domingo;15:20:00;GO;"20   ";"118  ";FLORES DE GOIAS;Sim;Condutor deixou de manter distância do veículo da frente;1;Colisão traseira;Com Vítimas Feridas;Pleno dia;Crescente;Nublado;Simples;Reta;Não  ;"1145097   ";Caminhão;VOLVO/VM 290 6X2 R;"2023      ";Condutor;Ileso;"47   ";Masculino;"1 ";"0    ";"0    ";"0    ";-14.8771730;-46.8447110;SPRF-DF;DEL02-DF;UOP03-DEL02-DF 
637862;"1430919   ";2024-10-20;domingo;16:45:00;GO;"40   ";"7    ";VALPARAISO DE GOIAS;Não;Ausência de reação do condutor;1;Colisão traseira;Com Vítimas Fatais;Pleno dia;Crescente;Céu Claro;Dupla;Reta;Não  ;"1145190   ";Motocicleta;HARLEY DAVIDSON/XL883N;"2014      ";Condutor;Óbito;"50   ";Masculino;"0 ";"0    ";"0    ";"1    ";-16.1084820;-47.9725240;SPRF-DF;DEL01-DF;UOP01-DEL01-DF 
637862;"1430918   ";2024-10-20;domingo;16:45:00;GO;"40   ";"7    ";VALPARAISO DE GOIAS;Não;Ausência de reação do condutor;1;Colisão traseira;Com Vítimas Fatais;Pleno dia;Crescente;Céu Claro;Dupla;Reta;Não  ;"1145189   ";Automóvel;CHEVROLET/CRUZE LT NB;"2012      ";Condutor;Ileso;"49   ";Masculino;"1 ";"0    ";"0    ";"0    ";-16.1084820;-47.9725240;SPRF-DF;DEL01-DF;UOP01-DEL01-DF 
637862;"1430917   ";2024-10-20;domingo;16:45:00;GO;"40   ";"7    ";VALPARAISO DE GOIAS;Não;Ausência de reação do condutor;1;Colisão traseira;Com Vítimas Fatais;Pleno dia;Crescente;Céu Claro;Dupla;Reta;Não  ;"0         ";"0";NA/NA;"0         ";Testemunha;Não Informado;"0    ";Não Informado;"0 ";"0    ";"0    ";"0    ";-16.1084820;-47.9725240;SPRF-DF;DEL01-DF;UOP01-DEL01-DF 
637862;"1430919   ";2024-10-20;domingo;16:45:00;GO;"40   ";"7    ";VALPARAISO DE GOIAS;Sim;Condutor deixou de manter distância do veículo da frente;1;Colisão traseira;Com Vítimas Fatais;Pleno dia;Crescente;Céu Claro;Dupla;Reta;Não  ;"1145190   ";Motocicleta;HARLEY DAVIDSON/XL883N;"2014      ";Condutor;Óbito;"50   ";Masculino;"0 ";"0    ";"0    ";"1    ";-16.1084820;-47.9725240;SPRF-DF;DEL01-DF;UOP01-DEL01-DF 
637862;"1430918   ";2024-10-20;domingo;16:45:00;GO;"40   ";"7    ";VALPARAISO DE GOIAS;Sim;Condutor deixou de manter distância do veículo da frente;1;Colisão traseira;Com Vítimas Fatais;Pleno dia;Crescente;Céu Claro;Dupla;Reta;Não  ;"1145189   ";Automóvel;CHEVROLET/CRUZE LT NB;"2012      ";Condutor;Ileso;"49   ";Masculino;"1 ";"0    ";"0    ";"0    ";-16.1084820;-47.9725240;SPRF-DF;DEL01-DF;UOP01-DEL01-DF 
637862;"1430917   ";2024-10-20;domingo;16:45:00;GO;"40   ";"7    ";VALPARAISO DE GOIAS;Sim;Condutor deixou de manter distância do veículo da frente;1;Colisão traseira;Com Vítimas Fatais;Pleno dia;Crescente;Céu Claro;Dupla;Reta;Não  ;"0         ";"0";NA/NA;"0         ";Testemunha;Não Informado;"0    ";Não Informado;"0 ";"0    ";"0    ";"0    ";-16.1084820;-47.9725240;SPRF-DF;DEL01-DF;UOP01-DEL01-DF 
637939;"1431089   ";2024-10-28;segunda-feira;05:50:00;DF;"20   ";"3,8  ";BRASILIA;Sim;Ausência de reação do condutor;1;Saída de leito carroçável;Sem Vítimas;Amanhecer;Crescente;Nublado;Dupla;Declive;Sim  ;"1145330   ";Automóvel;CHEVROLET/CRUZE LTZ HB;"2014      ";Condutor;Não Informado;"0    ";Não Informado;"0 ";"0    ";"0    ";"0    ";-15.6798510;-47.8322110;SPRF-DF;DEL02-DF;UOP01-DEL02-DF 
637947;"1431129   ";2024-10-28;segunda-feira;06:00:00;GO;"60   ";"7,9  ";SANTO ANTONIO DO DESCOBERTO;Sim;Demais falhas mecânicas ou elétricas;2;Queda de ocupante de veículo;Com Vítimas Feridas;Pleno dia;Crescente;Céu Claro;Dupla;Reta;Não  ;"1145364   ";Motocicleta;HONDA/CG 160 FAN;"2023      ";Passageiro;Lesões Leves;"20   ";Masculino;"0 ";"1    ";"0    ";"0    ";-16.1075790;-48.2985430;SPRF-DF;DEL03-DF;UOP01-DEL03-DF 
637947;"1431128   ";2024-10-28;segunda-feira;06:00:00;GO;"60   ";"7,9  ";SANTO ANTONIO DO DESCOBERTO;Sim;Demais falhas mecânicas ou elétricas;2;Queda de ocupante de veículo;Com Vítimas Feridas;Pleno dia;Crescente;Céu Claro;Dupla;Reta;Não  ;"1145364   ";Motocicleta;HONDA/CG 160 FAN;"2023      ";Condutor;Ileso;"45   ";Masculino;"1 ";"0    ";"0    ";"0    ";-16.1075790;-48.2985430;SPRF-DF;DEL03-DF;UOP01-DEL03-DF 
637947;"1431129   ";2024-10-28;segunda-feira;06:00:00;GO;"60   ";"7,9  ";SANTO ANTONIO DO DESCOBERTO;Sim;Demais falhas mecânicas ou elétricas;1;Tombamento;Com Vítimas Feridas;Pleno dia;Crescente;Céu Claro;Dupla;Reta;Não  ;"1145364   ";Motocicleta;HONDA/CG 160 FAN;"2023      ";Passageiro;Lesões Leves;"20   ";Masculino;"0 ";"1    ";"0    ";"0    ";-16.1075790;-48.2985430;SPRF-DF;DEL03-DF;UOP01-DEL03-DF 
637947;"1431128   ";2024-10-28;segunda-feira;06:00:00;GO;"60   ";"7,9  ";SANTO ANTONIO DO DESCOBERTO;Sim;Demais falhas mecânicas ou elétricas;1;Tombamento;Com Vítimas Feridas;Pleno dia;Crescente;Céu Claro;Dupla;Reta;Não  ;"1145364   ";Motocicleta;HONDA/CG 160 FAN;"2023      ";Condutor;Ileso;"45   ";Masculino;"1 ";"0    ";"0    ";"0    ";-16.1075790;-48.2985430;SPRF-DF;DEL03-DF;UOP01-DEL03-DF 
637977;"1433480   ";2024-10-28;segunda-feira;07:15:00;GO;"50   ";"114  ";CRISTALINA;Não;Reação tardia ou ineficiente do condutor;2;Saída de leito carroçável;Com Vítimas Feridas;Pleno dia;Crescente;Chuva;Dupla;Reta;Não  ;"1147292   ";Automóvel;CHEVROLET/PRISMA 1.4L LT;"2012      ";Condutor;Ileso;"64   ";Masculino;"1 ";"0    ";"0    ";"0    ";-16.9309000;-47.7117000;SPRF-DF;DEL01-DF;UOP02-DEL01-DF 
637977;"1433483   ";2024-10-28;segunda-feira;07:15:00;GO;"50   ";"114  ";CRISTALINA;Não;Reação tardia ou ineficiente do condutor;2;Saída de leito carroçável;Com Vítimas Feridas;Pleno dia;Crescente;Chuva;Dupla;Reta;Não  ;"1147292   ";Automóvel;CHEVROLET/PRISMA 1.4L LT;"2012      ";Passageiro;Lesões Leves;"60   ";Feminino;"0 ";"1    ";"0    ";"0    ";-16.9309000;-47.7117000;SPRF-DF;DEL01-DF;UOP02-DEL01-DF 
637977;"1431577   ";2024-10-28;segunda-feira;07:15:00;GO;"50   ";"114  ";CRISTALINA;Não;Reação tardia ou ineficiente do condutor;2;Saída de leito carroçável;Com Vítimas Feridas;Pleno dia;Crescente;Chuva;Dupla;Reta;Não  ;"1145731   ";Caminhonete;CHEVROLET/S10 LT DD4;"2012      ";Condutor;Ileso;"38   ";Feminino;"1 ";"0    ";"0    ";"0    ";-16.9309000;-47.7117000;SPRF-DF;DEL01-DF;UOP02-DEL01-DF 
637977;"1433480   ";2024-10-28;segunda-feira;07:15:00;GO;"50   ";"114  ";CRISTALINA;Não;Reação tardia ou ineficiente do condutor;1;Colisão lateral sentido oposto;Com Vítimas Feridas;Pleno dia;Crescente;Chuva;Dupla;Reta;Não  ;"1147292   ";Automóvel;CHEVROLET/PRISMA 1.4L LT;"2012      ";Condutor;Ileso;"64   ";Masculino;"1 ";"0    ";"0    ";"0    ";-16.9309000;-47.7117000;SPRF-DF;DEL01-DF;UOP02-DEL01-DF 
637977;"1433483   ";2024-10-28;segunda-feira;07:15:00;GO;"50   ";"114  ";CRISTALINA;Não;Reação tardia ou ineficiente do condutor;1;Colisão lateral sentido oposto;Com Vítimas Feridas;Pleno dia;Crescente;Chuva;Dupla;Reta;Não  ;"1147292   ";Automóvel;CHEVROLET/PRISMA 1.4L LT;"2012      ";Passageiro;Lesões Leves;"60   ";Feminino;"0 ";"1    ";"0    ";"0    ";-16.9309000;-47.7117000;SPRF-DF;DEL01-DF;UOP02-DEL01-DF 
637977;"1431577   ";2024-10-28;segunda-feira;07:15:00;GO;"50   ";"114  ";CRISTALINA;Não;Reação tardia ou ineficiente do condutor;1;Colisão lateral sentido oposto;Com Vítimas Feridas;Pleno dia;Crescente;Chuva;Dupla;Reta;Não  ;"1145731   ";Caminhonete;CHEVROLET/S10 LT DD4;"2012      ";Condutor;Ileso;"38   ";Feminino;"1 ";"0    ";"0    ";"0    ";-16.9309000;-47.7117000;SPRF-DF;DEL01-DF;UOP02-DEL01-DF 
637977;"1433480   ";2024-10-28;segunda-feira;07:15:00;GO;"50   ";"114  ";CRISTALINA;Sim;Chuva;2;Saída de leito carroçável;Com Vítimas Feridas;Pleno dia;Crescente;Chuva;Dupla;Reta;Não  ;"1147292   ";Automóvel;CHEVROLET/PRISMA 1.4L LT;"2012      ";Condutor;Ileso;"64   ";Masculino;"1 ";"0    ";"0    ";"0    ";-16.9309000;-47.7117000;SPRF-DF;DEL01-DF;UOP02-DEL01-DF 
637977;"1433483   ";2024-10-28;segunda-feira;07:15:00;GO;"50   ";"114  ";CRISTALINA;Sim;Chuva;2;Saída de leito carroçável;Com Vítimas Feridas;Pleno dia;Crescente;Chuva;Dupla;Reta;Não  ;"1147292   ";Automóvel;CHEVROLET/PRISMA 1.4L LT;"2012      ";Passageiro;Lesões Leves;"60   ";Feminino;"0 ";"1    ";"0    ";"0    ";-16.9309000;-47.7117000;SPRF-DF;DEL01-DF;UOP02-DEL01-DF 
637977;"1431577   ";2024-10-28;segunda-feira;07:15:00;GO;"50   ";"114  ";CRISTALINA;Sim;Chuva;2;Saída de leito carroçável;Com Vítimas Feridas;Pleno dia;Crescente;Chuva;Dupla;Reta;Não  ;"1145731   ";Caminhonete;CHEVROLET/S10 LT DD4;"2012      ";Condutor;Ileso;"38   ";Feminino;"1 ";"0    ";"0    ";"0    ";-16.9309000;-47.7117000;SPRF-DF;DEL01-DF;UOP02-DEL01-DF 
637977;"1433480   ";2024-10-28;segunda-feira;07:15:00;GO;"50   ";"114  ";CRISTALINA;Sim;Chuva;1;Colisão lateral sentido oposto;Com Vítimas Feridas;Pleno dia;Crescente;Chuva;Dupla;Reta;Não  ;"1147292   ";Automóvel;CHEVROLET/PRISMA 1.4L LT;"2012      ";Condutor;Ileso;"64   ";Masculino;"1 ";"0    ";"0    ";"0    ";-16.9309000;-47.7117000;SPRF-DF;DEL01-DF;UOP02-DEL01-DF 
637977;"1433483   ";2024-10-28;segunda-feira;07:15:00;GO;"50   ";"114  ";CRISTALINA;Sim;Chuva;1;Colisão lateral sentido oposto;Com Vítimas Feridas;Pleno dia;Crescente;Chuva;Dupla;Reta;Não  ;"1147292   ";Automóvel;CHEVROLET/PRISMA 1.4L LT;"2012      ";Passageiro;Lesões Leves;"60   ";Feminino;"0 ";"1    ";"0    ";"0    ";-16.9309000;-47.7117000;SPRF-DF;DEL01-DF;UOP02-DEL01-DF 
637977;"1431577   ";2024-10-28;segunda-feira;07:15:00;GO;"50   ";"114  ";CRISTALINA;Sim;Chuva;1;Colisão lateral sentido oposto;Com Vítimas Feridas;Pleno dia;Crescente;Chuva;Dupla;Reta;Não  ;"1145731   ";Caminhonete;CHEVROLET/S10 LT DD4;"2012      ";Condutor;Ileso;"38   ";Feminino;"1 ";"0    ";"0    ";"0    ";-16.9309000;-47.7117000;SPRF-DF;DEL01-DF;UOP02-DEL01-DF 
638076;"1431472   ";2024-10-28;segunda-feira;20:00:00;GO;"40   ";"6    ";VALPARAISO DE GOIAS;Sim;Manobra de mudança de faixa;2;Queda de ocupante de veículo;Com Vítimas Feridas;Plena Noite;Crescente;Céu Claro;Dupla;Reta;Sim  ;"1145638   ";Motocicleta;YAMAHA/FZ25 FAZER;"2023      ";Condutor;Lesões Leves;"35   ";Masculino;"0 ";"1    ";"0    ";"0    ";-16.1008140;-47.9773510;SPRF-DF;DEL01-DF;UOP01-DEL01-DF 
638076;"1431470   ";2024-10-28;segunda-feira;20:00:00;GO;"40   ";"6    ";VALPARAISO DE GOIAS;Sim;Manobra de mudança de faixa;2;Queda de ocupante de veículo;Com Vítimas Feridas;Plena Noite;Crescente;Céu Claro;Dupla;Reta;Sim  ;"1145637   ";Automóvel;FORD/KA FLEX;"2009      ";Condutor;Ileso;"26   ";Masculino;"1 ";"0    ";"0    ";"0    ";-16.1008140;-47.9773510;SPRF-DF;DEL01-DF;UOP01-DEL01-DF 
638076;"1431472   ";2024-10-28;segunda-feira;20:00:00;GO;"40   ";"6    ";VALPARAISO DE GOIAS;Sim;Manobra de mudança de faixa;1;Colisão traseira;Com Vítimas Feridas;Plena Noite;Crescente;Céu Claro;Dupla;Reta;Sim  ;"1145638   ";Motocicleta;YAMAHA/FZ25 FAZER;"2023      ";Condutor;Lesões Leves;"35   ";Masculino;"0 ";"1    ";"0    ";"0    ";-16.1008140;-47.9773510;SPRF-DF;DEL01-DF;UOP01-DEL01-DF 
638076;"1431470   ";2024-10-28;segunda-feira;20:00:00;GO;"40   ";"6    ";VALPARAISO DE GOIAS;Sim;Manobra de mudança de faixa;1;Colisão traseira;Com Vítimas Feridas;Plena Noite;Crescente;Céu Claro;Dupla;Reta;Sim  ;"1145637   ";Automóvel;FORD/KA FLEX;"2009      ";Condutor;Ileso;"26   ";Masculino;"1 ";"0    ";"0    ";"0    ";-16.1008140;-47.9773510;SPRF-DF;DEL01-DF;UOP01-DEL01-DF 
638076;"1431472   ";2024-10-28;segunda-feira;20:00:00;GO;"40   ";"6    ";VALPARAISO DE GOIAS;Não;Ausência de reação do condutor;2;Queda de ocupante de veículo;Com Vítimas Feridas;Plena Noite;Crescente;Céu Claro;Dupla;Reta;Sim  ;"1145638   ";Motocicleta;YAMAHA/FZ25 FAZER;"2023      ";Condutor;Lesões Leves;"35   ";Masculino;"0 ";"1    ";"0    ";"0    ";-16.1008140;-47.9773510;SPRF-DF;DEL01-DF;UOP01-DEL01-DF 
638076;"1431470   ";2024-10-28;segunda-feira;20:00:00;GO;"40   ";"6    ";VALPARAISO DE GOIAS;Não;Ausência de reação do condutor;2;Queda de ocupante de veículo;Com Vítimas Feridas;Plena Noite;Crescente;Céu Claro;Dupla;Reta;Sim  ;"1145637   ";Automóvel;FORD/KA FLEX;"2009      ";Condutor;Ileso;"26   ";Masculino;"1 ";"0    ";"0    ";"0    ";-16.1008140;-47.9773510;SPRF-DF;DEL01-DF;UOP01-DEL01-DF 
638076;"1431472   ";2024-10-28;segunda-feira;20:00:00;GO;"40   ";"6    ";VALPARAISO DE GOIAS;Não;Ausência de reação do condutor;1;Colisão traseira;Com Vítimas Feridas;Plena Noite;Crescente;Céu Claro;Dupla;Reta;Sim  ;"1145638   ";Motocicleta;YAMAHA/FZ25 FAZER;"2023      ";Condutor;Lesões Leves;"35   ";Masculino;"0 ";"1    ";"0    ";"0    ";-16.1008140;-47.9773510;SPRF-DF;DEL01-DF;UOP01-DEL01-DF 
638076;"1431470   ";2024-10-28;segunda-feira;20:00:00;GO;"40   ";"6    ";VALPARAISO DE GOIAS;Não;Ausência de reação do condutor;1;Colisão traseira;Com Vítimas Feridas;Plena Noite;Crescente;Céu Claro;Dupla;Reta;Sim  ;"1145637   ";Automóvel;FORD/KA FLEX;"2009      ";Condutor;Ileso;"26   ";Masculino;"1 ";"0    ";"0    ";"0    ";-16.1008140;-47.9773510;SPRF-DF;DEL01-DF;UOP01-DEL01-DF 