id;pesid;data_inversa;dia_semana;horario;uf;br;km;municipio;causa_principal;causa_acidente;ordem_tipo_acidente;tipo_acidente;classificacao_acidente;fase_dia;sentido_via;condicao_metereologica;tipo_pista;tracado_via;uso_solo;id_veiculo;tipo_veiculo;marca;ano_fabricacao_veiculo;tipo_envolvido;estado_fisico;idade;sexo;ilesos;feridos_leves;feridos_graves;mortos;latitude;longitude;regional;delegacia;uop
638104;"1431593   ";2024-10-28;segunda-feira;20:55:00;GO;"60   ";"30   ";ALEXANIA;Não;Pista Escorregadia;2;Capotamento;Com Vítimas Feridas;Plena Noite;Decrescente;Chuva;Simples;"Reta;Declive";Sim  ;"1145747   ";Automóvel;HYUNDAI/HB20 10M SENSE;"2021      ";Condutor;Lesões Leves;"34   ";Masculino;"0 ";"1    ";"0    ";"0    ";-16.0963000;-48.5202000;SPRF-DF;DEL03-DF;UOP01-DEL03-DF 
638104;"1431593   ";2024-10-28;segunda-feira;20:55:00;GO;"60   ";"30   ";ALEXANIA;Não;Pista Escorregadia;1;Saída de leito carroçável;Com Vítimas Feridas;Plena Noite;Decrescente;Chuva;Simples;"Reta;Declive";Sim  ;"1145747   ";Automóvel;HYUNDAI/HB20 10M SENSE;"2021      ";Condutor;Lesões Leves;"34   ";Masculino;"0 ";"1    ";"0    ";"0    ";-16.0963000;-48.5202000;SPRF-DF;DEL03-DF;UOP01-DEL03-DF 
638104;"1431593   ";2024-10-28;segunda-feira;20:55:00;GO;"60   ";"30   ";ALEXANIA;Não;Chuva;2;Capotamento;Com Vítimas Feridas;Plena Noite;Decrescente;Chuva;Simples;"Reta;Declive";Sim  ;"1145747   ";Automóvel;HYUNDAI/HB20 10M SENSE;"2021      ";Condutor;Lesões Leves;"34   ";Masculino;"0 ";"1    ";"0    ";"0    ";-16.0963000;-48.5202000;SPRF-DF;DEL03-DF;UOP01-DEL03-DF 
638104;"1431593   ";2024-10-28;segunda-feira;20:55:00;GO;"60   ";"30   ";ALEXANIA;Não;Chuva;1;Saída de leito carroçável;Com Vítimas Feridas;Plena Noite;Decrescente;Chuva;Simples;"Reta;Declive";Sim  ;"1145747   ";Automóvel;HYUNDAI/HB20 10M SENSE;"2021      ";Condutor;Lesões Leves;"34   ";Masculino;"0 ";"1    ";"0    ";"0    ";-16.0963000;-48.5202000;SPRF-DF;DEL03-DF;UOP01-DEL03-DF 
638104;"1431593   ";2024-10-28;segunda-feira;20:55:00;GO;"60   ";"30   ";ALEXANIA;Sim;Reação tardia ou ineficiente do condutor;2;Capotamento;Com Vítimas Feridas;Plena Noite;Decrescente;Chuva;Simples;"Reta;Declive";Sim  ;"1145747   ";Automóvel;HYUNDAI/HB20 10M SENSE;"2021      ";Condutor;Lesões Leves;"34   ";Masculino;"0 ";"1    ";"0    ";"0    ";-16.0963000;-48.5202000;SPRF-DF;DEL03-DF;UOP01-DEL03-DF 
638104;"1431593   ";2024-10-28;segunda-feira;20:55:00;GO;"60   ";"30   ";ALEXANIA;Sim;Reação tardia ou ineficiente do condutor;1;Saída de leito carroçável;Com Vítimas Feridas;Plena Noite;Decrescente;Chuva;Simples;"Reta;Declive";Sim  ;"1145747   ";Automóvel;HYUNDAI/HB20 10M SENSE;"2021      ";Condutor;Lesões Leves;"34   ";Masculino;"0 ";"1    ";"0    ";"0    ";-16.0963000;-48.5202000;SPRF-DF;DEL03-DF;UOP01-DEL03-DF 
638280;"1432013   ";2024-10-29;terça-feira;21:14:00;GO;"20   ";"172  ";ALVORADA DO NORTE;Sim;Ausência de reação do condutor;1;Colisão lateral sentido oposto;Com Vítimas Feridas;Plena Noite;Decrescente;Garoa/Chuvisco;Simples;Reta;Não  ;"1146084   ";Caminhão;I/M.BENZ 516CDISPRINTERC;"2021      ";Passageiro;Ileso;"45   ";Masculino;"1 ";"0    ";"0    ";"0    ";-14.5333330;-46.5401950;SPRF-DF;DEL02-DF;UOP03-DEL02-DF 
638280;"1432012   ";2024-10-29;terça-feira;21:14:00;GO;"20   ";"172  ";ALVORADA DO NORTE;Sim;Ausência de reação do condutor;1;Colisão lateral sentido oposto;Com Vítimas Feridas;Plena Noite;Decrescente;Garoa/Chuvisco;Simples;Reta;Não  ;"1146084   ";Caminhão;I/M.BENZ 516CDISPRINTERC;"2021      ";Condutor;Ileso;"57   ";Masculino;"1 ";"0    ";"0    ";"0    ";-14.5333330;-46.5401950;SPRF-DF;DEL02-DF;UOP03-DEL02-DF 
638280;"1432011   ";2024-10-29;terça-feira;21:14:00;GO;"20   ";"172  ";ALVORADA DO NORTE;Sim;Ausência de reação do condutor;1;Colisão lateral sentido oposto;Com Vítimas Feridas;Plena Noite;Decrescente;Garoa/Chuvisco;Simples;Reta;Não  ;"1146082   ";Automóvel;VW/GOL CL;"1991      ";Condutor;Lesões Leves;"63   ";Masculino;"0 ";"1    ";"0    ";"0    ";-14.5333330;-46.5401950;SPRF-DF;DEL02-DF;UOP03-DEL02-DF 
638288;"1432018   ";2024-10-03;quinta-feira;16:43:00;DF;"60   ";"4    ";BRASILIA;Sim;Reação tardia ou ineficiente do condutor;2;Queda de ocupante de veículo;Com Vítimas Feridas;Pleno dia;Crescente;Céu Claro;Dupla;Reta;Sim  ;"1146092   ";Motocicleta;HONDA/CB250F TWISTER CBS;"2019      ";Condutor;Lesões Leves;"40   ";Masculino;"0 ";"1    ";"0    ";"0    ";-15.8927210;-48.0957410;SPRF-DF;DEL03-DF;UOP01-DEL03-DF 
638288;"1432019   ";2024-10-03;quinta-feira;16:43:00;DF;"60   ";"4    ";BRASILIA;Sim;Reação tardia ou ineficiente do condutor;2;Queda de ocupante de veículo;Com Vítimas Feridas;Pleno dia;Crescente;Céu Claro;Dupla;Reta;Sim  ;"1146091   ";Automóvel;FORD/KA GL;"2005      ";Passageiro;Ileso;"35   ";Feminino;"1 ";"0    ";"0    ";"0    ";-15.8927210;-48.0957410;SPRF-DF;DEL03-DF;UOP01-DEL03-DF 
638288;"1432017   ";2024-10-03;quinta-feira;16:43:00;DF;"60   ";"4    ";BRASILIA;Sim;Reação tardia ou ineficiente do condutor;2;Queda de ocupante de veículo;Com Vítimas Feridas;Pleno dia;Crescente;Céu Claro;Dupla;Reta;Sim  ;"1146091   ";Automóvel;FORD/KA GL;"2005      ";Condutor;Ileso;"40   ";Masculino;"1 ";"0    ";"0    ";"0    ";-15.8927210;-48.0957410;SPRF-DF;DEL03-DF;UOP01-DEL03-DF 
638288;"1432018   ";2024-10-03;quinta-feira;16:43:00;DF;"60   ";"4    ";BRASILIA;Sim;Reação tardia ou ineficiente do condutor;1;Colisão lateral mesmo sentido;Com Vítimas Feridas;Pleno dia;Crescente;Céu Claro;Dupla;Reta;Sim  ;"1146092   ";Motocicleta;HONDA/CB250F TWISTER CBS;"2019      ";Condutor;Lesões Leves;"40   ";Masculino;"0 ";"1    ";"0    ";"0    ";-15.8927210;-48.0957410;SPRF-DF;DEL03-DF;UOP01-DEL03-DF 
638288;"1432019   ";2024-10-03;quinta-feira;16:43:00;DF;"60   ";"4    ";BRASILIA;Sim;Reação tardia ou ineficiente do condutor;1;Colisão lateral mesmo sentido;Com Vítimas Feridas;Pleno dia;Crescente;Céu Claro;Dupla;Reta;Sim  ;"1146091   ";Automóvel;FORD/KA GL;"2005      ";Passageiro;Ileso;"35   ";Feminino;"1 ";"0    ";"0    ";"0    ";-15.8927210;-48.0957410;SPRF-DF;DEL03-DF;UOP01-DEL03-DF 
638288;"1432017   ";2024-10-03;quinta-feira;16:43:00;DF;"60   ";"4    ";BRASILIA;Sim;Reação tardia ou ineficiente do condutor;1;Colisão lateral mesmo sentido;Com Vítimas Feridas;Pleno dia;Crescente;Céu Claro;Dupla;Reta;Sim  ;"1146091   ";Automóvel;FORD/KA GL;"2005      ";Condutor;Ileso;"40   ";Masculino;"1 ";"0    ";"0    ";"0    ";-15.8927210;-48.0957410;SPRF-DF;DEL03-DF;UOP01-DEL03-DF 
638304;"1432089   ";2024-10-30;quarta-feira;00:15:00;GO;"40   ";"24   ";LUZIANIA;Sim;Ingestão de álcool pelo condutor;1;Colisão transversal;Com Vítimas Feridas;Anoitecer;Crescente;Chuva;Dupla;"Reta;Rotatória";Sim  ;"1146147   ";Automóvel;I/PEUGEOT 307 20S A FELI;"2007      ";Condutor;Lesões Graves;"52   ";Masculino;"0 ";"0    ";"1    ";"0    ";-16.2442650;-47.9073220;SPRF-DF;DEL01-DF;UOP01-DEL01-DF 
638304;"0         ";2024-10-30;quarta-feira;00:15:00;GO;"40   ";"24   ";LUZIANIA;Sim;Ingestão de álcool pelo condutor;1;Colisão transversal;Com Vítimas Feridas;Anoitecer;Crescente;Chuva;Dupla;"Reta;Rotatória";Sim  ;"1147153   ";Semireboque;SR/RODODREAMS CEG 01;"2014      ";"0";"0";"0    ";"0";"0 ";"0    ";"0    ";"0    ";-16.2442650;-47.9073220;SPRF-DF;DEL01-DF;UOP01-DEL01-DF 
638304;"1432088   ";2024-10-30;quarta-feira;00:15:00;GO;"40   ";"24   ";LUZIANIA;Sim;Ingestão de álcool pelo condutor;1;Colisão transversal;Com Vítimas Feridas;Anoitecer;Crescente;Chuva;Dupla;"Reta;Rotatória";Sim  ;"1146146   ";Caminhão-trator;SCANIA/R 440 A6X2;"2018      ";Condutor;Ileso;"35   ";Masculino;"1 ";"0    ";"0    ";"0    ";-16.2442650;-47.9073220;SPRF-DF;DEL01-DF;UOP01-DEL01-DF 
638308;"1432072   ";2024-10-30;quarta-feira;00:45:00;GO;"60   ";"72   ";ABADIANIA;Sim;Reação tardia ou ineficiente do condutor;2;Capotamento;Sem Vítimas;Plena Noite;Crescente;Chuva;Dupla;"Curva;Declive";Não  ;"1146136   ";Caminhonete;I/TOYOTA HILUX CD4X4 SRV;"2010      ";Condutor;Não Informado;"0    ";Não Informado;"0 ";"0    ";"0    ";"0    ";-16.2636000;-48.7640000;SPRF-GO;DEL02-GO;UOP01-DEL02-GO 
638308;"1432072   ";2024-10-30;quarta-feira;00:45:00;GO;"60   ";"72   ";ABADIANIA;Sim;Reação tardia ou ineficiente do condutor;1;Saída de leito carroçável;Sem Vítimas;Plena Noite;Crescente;Chuva;Dupla;"Curva;Declive";Não  ;"1146136   ";Caminhonete;I/TOYOTA HILUX CD4X4 SRV;"2010      ";Condutor;Não Informado;"0    ";Não Informado;"0 ";"0    ";"0    ";"0    ";-16.2636000;-48.7640000;SPRF-GO;DEL02-GO;UOP01-DEL02-GO 
638308;"1432072   ";2024-10-30;quarta-feira;00:45:00;GO;"60   ";"72   ";ABADIANIA;Não;Chuva;2;Capotamento;Sem Vítimas;Plena Noite;Crescente;Chuva;Dupla;"Curva;Declive";Não  ;"1146136   ";Caminhonete;I/TOYOTA HILUX CD4X4 SRV;"2010      ";Condutor;Não Informado;"0    ";Não Informado;"0 ";"0    ";"0    ";"0    ";-16.2636000;-48.7640000;SPRF-GO;DEL02-GO;UOP01-DEL02-GO 
638308;"1432072   ";2024-10-30;quarta-feira;00:45:00;GO;"60   ";"72   ";ABADIANIA;Não;Chuva;1;Saída de leito carroçável;Sem Vítimas;Plena Noite;Crescente;Chuva;Dupla;"Curva;Declive";Não  ;"1146136   ";Caminhonete;I/TOYOTA HILUX CD4X4 SRV;"2010      ";Condutor;Não Informado;"0    ";Não Informado;"0 ";"0    ";"0    ";"0    ";-16.2636000;-48.7640000;SPRF-GO;DEL02-GO;UOP01-DEL02-GO 
638345;"1432271   ";2024-10-30;quarta-feira;07:55:00;GO;"40   ";"27   ";LUZIANIA;Sim;Animais na Pista;1;Atropelamento de Animal;Sem Vítimas;Pleno dia;Decrescente;Nublado;Dupla;Interseção de Vias;Não  ;"1146296   ";Utilitário;CHEV/TRAILBLAZER LT D4A;"2023      ";Passageiro;Ileso;"60   ";Masculino;"1 ";"0    ";"0    ";"0    ";-16.2661850;-47.8882410;SPRF-DF;DEL01-DF;UOP01-DEL01-DF 
638345;"1432265   ";2024-10-30;quarta-feira;07:55:00;GO;"40   ";"27   ";LUZIANIA;Sim;Animais na Pista;1;Atropelamento de Animal;Sem Vítimas;Pleno dia;Decrescente;Nublado;Dupla;Interseção de Vias;Não  ;"1146296   ";Utilitário;CHEV/TRAILBLAZER LT D4A;"2023      ";Passageiro;Ileso;"42   ";Masculino;"1 ";"0    ";"0    ";"0    ";-16.2661850;-47.8882410;SPRF-DF;DEL01-DF;UOP01-DEL01-DF 
638345;"1432262   ";2024-10-30;quarta-feira;07:55:00;GO;"40   ";"27   ";LUZIANIA;Sim;Animais na Pista;1;Atropelamento de Animal;Sem Vítimas;Pleno dia;Decrescente;Nublado;Dupla;Interseção de Vias;Não  ;"1146296   ";Utilitário;CHEV/TRAILBLAZER LT D4A;"2023      ";Condutor;Ileso;"42   ";Masculino;"1 ";"0    ";"0    ";"0    ";-16.2661850;-47.8882410;SPRF-DF;DEL01-DF;UOP01-DEL01-DF 
638394;"1432390   ";2024-10-30;quarta-feira;13:58:00;DF;"20   ";"21   ";BRASILIA;Sim;Manobra de mudança de faixa;1;Tombamento;Com Vítimas Feridas;Pleno dia;Decrescente;Céu Claro;Dupla;Curva;Sim  ;"1146418   ";Caminhão;VW/15.180 CNM;"2011      ";Condutor;Lesões Leves;"51   ";Masculino;"0 ";"1    ";"0    ";"0    ";-15.6033840;-47.6846920;SPRF-DF;DEL02-DF;UOP01-DEL02-DF 
638394;"1432798   ";2024-10-30;quarta-feira;13:58:00;DF;"20   ";"21   ";BRASILIA;Sim;Manobra de mudança de faixa;1;Tombamento;Com Vítimas Feridas;Pleno dia;Decrescente;Céu Claro;Dupla;Curva;Sim  ;"1146418   ";Caminhão;VW/15.180 CNM;"2011      ";Passageiro;Ileso;"33   ";Masculino;"1 ";"0    ";"0    ";"0    ";-15.6033840;-47.6846920;SPRF-DF;DEL02-DF;UOP01-DEL02-DF 
638420;"1432349   ";2024-10-30;quarta-feira;16:15:00;GO;"40   ";"40,2 ";LUZIANIA;Sim;Chuva;1;Tombamento;Com Vítimas Feridas;Pleno dia;Decrescente;Chuva;Simples;"Reta;Aclive";Não  ;"1146382   ";Caminhonete;I/KIA UK2500 HD SC;"2021      ";Condutor;Lesões Graves;"52   ";Masculino;"0 ";"0    ";"1    ";"0    ";-16.3602870;-47.8304870;SPRF-DF;DEL01-DF;UOP02-DEL01-DF 
638437;"0         ";2024-10-30;quarta-feira;17:40:00;GO;"20   ";"183  ";SIMOLANDIA;Sim;Demais falhas mecânicas ou elétricas;1;Tombamento;Sem Vítimas;Anoitecer;Crescente;Chuva;Dupla;Curva;Não  ;"1146421   ";Semireboque;SR/GUERRA AG GR;"2004      ";"0";"0";"0    ";"0";"0 ";"0    ";"0    ";"0    ";-14.4569290;-46.4741630;SPRF-DF;DEL02-DF;UOP03-DEL02-DF 
638437;"1432391   ";2024-10-30;quarta-feira;17:40:00;GO;"20   ";"183  ";SIMOLANDIA;Sim;Demais falhas mecânicas ou elétricas;1;Tombamento;Sem Vítimas;Anoitecer;Crescente;Chuva;Dupla;Curva;Não  ;"1146420   ";Caminhão-trator;SCANIA/R 440 A6X4;"2014      ";Condutor;Ileso;"50   ";Masculino;"1 ";"0    ";"0    ";"0    ";-14.4569290;-46.4741630;SPRF-DF;DEL02-DF;UOP03-DEL02-DF 
638437;"0         ";2024-10-30;quarta-feira;17:40:00;GO;"20   ";"183  ";SIMOLANDIA;Sim;Demais falhas mecânicas ou elétricas;1;Tombamento;Sem Vítimas;Anoitecer;Crescente;Chuva;Dupla;Curva;Não  ;"1146424   ";Semireboque;SR/GUERRA AG GR;"2004      ";"0";"0";"0    ";"0";"0 ";"0    ";"0    ";"0    ";-14.4569290;-46.4741630;SPRF-DF;DEL02-DF;UOP03-DEL02-DF 
638437;"0         ";2024-10-30;quarta-feira;17:40:00;GO;"20   ";"183  ";SIMOLANDIA;Sim;Demais falhas mecânicas ou elétricas;1;Tombamento;Sem Vítimas;Anoitecer;Crescente;Chuva;Dupla;Curva;Não  ;"1146422   ";Semireboque;R/GUERRA AG DL;"2004      ";"0";"0";"0    ";"0";"0 ";"0    ";"0    ";"0    ";-14.4569290;-46.4741630;SPRF-DF;DEL02-DF;UOP03-DEL02-DF 
638492;"1432570   ";2024-10-30;quarta-feira;23:45:00;DF;"40   ";"2    ";BRASILIA;Sim;Velocidade Incompatível;1;Capotamento;Sem Vítimas;Plena Noite;Decrescente;Céu Claro;Dupla;Reta;Sim  ;"1146552   ";Automóvel;GM/CELTA 3 PORTAS;"2003      ";Condutor;Ileso;"21   ";Masculino;"1 ";"0    ";"0    ";"0    ";-15.9943500;-47.9859470;SPRF-DF;DEL01-DF;UOP01-DEL01-DF 
638495;"1432581   ";2024-10-31;quinta-feira;00:00:00;GO;"60   ";"56   ";ABADIANIA;Sim;Ausência de reação do condutor;2;Colisão com objeto;Com Vítimas Feridas;Plena Noite;Decrescente;Nublado;Dupla;Declive;Não  ;"1146559   ";Automóvel;VW/GOL 1.6 POWER;"2010      ";Passageiro;Lesões Leves;"1    ";Masculino;"0 ";"1    ";"0    ";"0    ";-16.1894000;-48.6700000;SPRF-GO;DEL02-GO;UOP01-DEL02-GO 
638495;"1432580   ";2024-10-31;quinta-feira;00:00:00;GO;"60   ";"56   ";ABADIANIA;Sim;Ausência de reação do condutor;2;Colisão com objeto;Com Vítimas Feridas;Plena Noite;Decrescente;Nublado;Dupla;Declive;Não  ;"1146559   ";Automóvel;VW/GOL 1.6 POWER;"2010      ";Condutor;Lesões Graves;"32   ";Feminino;"0 ";"0    ";"1    ";"0    ";-16.1894000;-48.6700000;SPRF-GO;DEL02-GO;UOP01-DEL02-GO 
638495;"1432581   ";2024-10-31;quinta-feira;00:00:00;GO;"60   ";"56   ";ABADIANIA;Sim;Ausência de reação do condutor;1;Saída de leito carroçável;Com Vítimas Feridas;Plena Noite;Decrescente;Nublado;Dupla;Declive;Não  ;"1146559   ";Automóvel;VW/GOL 1.6 POWER;"2010      ";Passageiro;Lesões Leves;"1    ";Masculino;"0 ";"1    ";"0    ";"0    ";-16.1894000;-48.6700000;SPRF-GO;DEL02-GO;UOP01-DEL02-GO 
638495;"1432580   ";2024-10-31;quinta-feira;00:00:00;GO;"60   ";"56   ";ABADIANIA;Sim;Ausência de reação do condutor;1;Saída de leito carroçável;Com Vítimas Feridas;Plena Noite;Decrescente;Nublado;Dupla;Declive;Não  ;"1146559   ";Automóvel;VW/GOL 1.6 POWER;"2010      ";Condutor;Lesões Graves;"32   ";Feminino;"0 ";"0    ";"1    ";"0    ";-16.1894000;-48.6700000;SPRF-GO;DEL02-GO;UOP01-DEL02-GO 
638598;"1432880   ";2024-10-31;quinta-feira;14:15:00;GO;"414  ";"373  ";COCALZINHO DE GOIAS;Sim;Acesso irregular;1;Colisão transversal;Com Vítimas Feridas;Pleno dia;Decrescente;Céu Claro;Dupla;Reta;Sim  ;"1146797   ";Automóvel;FIAT/WEEKEND ADVENTURE;"2014      ";Passageiro;Lesões Leves;"82   ";Feminino;"0 ";"1    ";"0    ";"0    ";-15.7960857;-48.7757386;SPRF-GO;DEL02-GO;UOP01-DEL02-GO 
638598;"1432879   ";2024-10-31;quinta-feira;14:15:00;GO;"414  ";"373  ";COCALZINHO DE GOIAS;Sim;Acesso irregular;1;Colisão transversal;Com Vítimas Feridas;Pleno dia;Decrescente;Céu Claro;Dupla;Reta;Sim  ;"1146797   ";Automóvel;FIAT/WEEKEND ADVENTURE;"2014      ";Condutor;Ileso;"62   ";Masculino;"1 ";"0    ";"0    ";"0    ";-15.7960857;-48.7757386;SPRF-GO;DEL02-GO;UOP01-DEL02-GO 
638598;"1432877   ";2024-10-31;quinta-feira;14:15:00;GO;"414  ";"373  ";COCALZINHO DE GOIAS;Sim;Acesso irregular;1;Colisão transversal;Com Vítimas Feridas;Pleno dia;Decrescente;Céu Claro;Dupla;Reta;Sim  ;"1146796   ";Caminhão-trator;VW/25.420 CTC 6X2;"2020      ";Condutor;Ileso;"44   ";Masculino;"1 ";"0    ";"0    ";"0    ";-15.7960857;-48.7757386;SPRF-GO;DEL02-GO;UOP01-DEL02-GO 
638598;"0         ";2024-10-31;quinta-feira;14:15:00;GO;"414  ";"373  ";COCALZINHO DE GOIAS;Sim;Acesso irregular;1;Colisão transversal;Com Vítimas Feridas;Pleno dia;Decrescente;Céu Claro;Dupla;Reta;Sim  ;"1148340   ";Semireboque;SR/LIBRELATO SRCD 2E;"2012      ";"0";"0";"0    ";"0";"0 ";"0    ";"0    ";"0    ";-15.7960857;-48.7757386;SPRF-GO;DEL02-GO;UOP01-DEL02-GO 
638598;"0         ";2024-10-31;quinta-feira;14:15:00;GO;"414  ";"373  ";COCALZINHO DE GOIAS;Sim;Acesso irregular;1;Colisão transversal;Com Vítimas Feridas;Pleno dia;Decrescente;Céu Claro;Dupla;Reta;Sim  ;"1148319   ";Semireboque;SR/LIBRELATO SRCT 2E;"2012      ";"0";"0";"0    ";"0";"0 ";"0    ";"0    ";"0    ";-15.7960857;-48.7757386;SPRF-GO;DEL02-GO;UOP01-DEL02-GO 
638626;"1432989   ";2024-10-31;quinta-feira;17:32:00;GO;"40   ";"2,1  ";VALPARAISO DE GOIAS;Sim;Trafegar com motocicleta (ou similar) entre as faixas;1;Colisão traseira;Com Vítimas Feridas;Pleno dia;Crescente;Nublado;Dupla;Reta;Sim  ;"1146893   ";Automóvel;FIAT/PALIO ATTRACTIV 1.0;"2015      ";Condutor;Ileso;"35   ";Masculino;"1 ";"0    ";"0    ";"0    ";-16.0681971;-47.9844725;SPRF-DF;DEL01-DF;UOP01-DEL01-DF 
638626;"1432987   ";2024-10-31;quinta-feira;17:32:00;GO;"40   ";"2,1  ";VALPARAISO DE GOIAS;Sim;Trafegar com motocicleta (ou similar) entre as faixas;1;Colisão traseira;Com Vítimas Feridas;Pleno dia;Crescente;Nublado;Dupla;Reta;Sim  ;"1146892   ";Motocicleta;HONDA/CG 125 FAN KS;"2010      ";Condutor;Lesões Leves;"21   ";Masculino;"0 ";"1    ";"0    ";"0    ";-16.0681971;-47.9844725;SPRF-DF;DEL01-DF;UOP01-DEL01-DF 
638626;"1432988   ";2024-10-31;quinta-feira;17:32:00;GO;"40   ";"2,1  ";VALPARAISO DE GOIAS;Sim;Trafegar com motocicleta (ou similar) entre as faixas;1;Colisão traseira;Com Vítimas Feridas;Pleno dia;Crescente;Nublado;Dupla;Reta;Sim  ;"1146892   ";Motocicleta;HONDA/CG 125 FAN KS;"2010      ";Passageiro;Lesões Leves;"27   ";Masculino;"0 ";"1    ";"0    ";"0    ";-16.0681971;-47.9844725;SPRF-DF;DEL01-DF;UOP01-DEL01-DF 
638627;"1432900   ";2024-10-31;quinta-feira;16:54:00;DF;"20   ";"57,4 ";BRASILIA;Sim;Velocidade Incompatível;2;Capotamento;Sem Vítimas;Pleno dia;Decrescente;Garoa/Chuvisco;Dupla;Curva;Não  ;"1146814   ";Automóvel;FIAT/MOBI LIKE;"2021      ";Condutor;Ileso;"29   ";Masculino;"1 ";"0    ";"0    ";"0    ";-15.5830270;-47.3670810;SPRF-DF;DEL02-DF;UOP01-DEL02-DF 
638627;"1432900   ";2024-10-31;quinta-feira;16:54:00;DF;"20   ";"57,4 ";BRASILIA;Sim;Velocidade Incompatível;1;Saída de leito carroçável;Sem Vítimas;Pleno dia;Decrescente;Garoa/Chuvisco;Dupla;Curva;Não  ;"1146814   ";Automóvel;FIAT/MOBI LIKE;"2021      ";Condutor;Ileso;"29   ";Masculino;"1 ";"0    ";"0    ";"0    ";-15.5830270;-47.3670810;SPRF-DF;DEL02-DF;UOP01-DEL02-DF 
638641;"1432925   ";2024-10-31;quinta-feira;17:35:00;GO;"40   ";"13   ";LUZIANIA;Sim;Acessar a via sem observar a presença dos outros veículos;2;Queda de ocupante de veículo;Com Vítimas Feridas;Anoitecer;Decrescente;Céu Claro;Dupla;"Reta;Interseção de Vias;Retorno Regulamentado";Sim  ;"1146833   ";Motocicleta;HONDA/CG 160 FAN;"2022      ";Passageiro;Lesões Leves;"25   ";Feminino;"0 ";"1    ";"0    ";"0    ";-16.1502216;-47.9403073;SPRF-DF;DEL01-DF;UOP01-DEL01-DF 
638641;"1432924   ";2024-10-31;quinta-feira;17:35:00;GO;"40   ";"13   ";LUZIANIA;Sim;Acessar a via sem observar a presença dos outros veículos;2;Queda de ocupante de veículo;Com Vítimas Feridas;Anoitecer;Decrescente;Céu Claro;Dupla;"Reta;Interseção de Vias;Retorno Regulamentado";Sim  ;"1146833   ";Motocicleta;HONDA/CG 160 FAN;"2022      ";Condutor;Lesões Leves;"23   ";Masculino;"0 ";"1    ";"0    ";"0    ";-16.1502216;-47.9403073;SPRF-DF;DEL01-DF;UOP01-DEL01-DF 
638641;"1432928   ";2024-10-31;quinta-feira;17:35:00;GO;"40   ";"13   ";LUZIANIA;Sim;Acessar a via sem observar a presença dos outros veículos;2;Queda de ocupante de veículo;Com Vítimas Feridas;Anoitecer;Decrescente;Céu Claro;Dupla;"Reta;Interseção de Vias;Retorno Regulamentado";Sim  ;"1146834   ";Automóvel;FIAT/UNO MILLE WAY ECON;"2012      ";Condutor;Ileso;"64   ";Masculino;"1 ";"0    ";"0    ";"0    ";-16.1502216;-47.9403073;SPRF-DF;DEL01-DF;UOP01-DEL01-DF 
638641;"1432925   ";2024-10-31;quinta-feira;17:35:00;GO;"40   ";"13   ";LUZIANIA;Sim;Acessar a via sem observar a presença dos outros veículos;1;Colisão lateral mesmo sentido;Com Vítimas Feridas;Anoitecer;Decrescente;Céu Claro;Dupla;"Reta;Interseção de Vias;Retorno Regulamentado";Sim  ;"1146833   ";Motocicleta;HONDA/CG 160 FAN;"2022      ";Passageiro;Lesões Leves;"25   ";Feminino;"0 ";"1    ";"0    ";"0    ";-16.1502216;-47.9403073;SPRF-DF;DEL01-DF;UOP01-DEL01-DF 
638641;"1432924   ";2024-10-31;quinta-feira;17:35:00;GO;"40   ";"13   ";LUZIANIA;Sim;Acessar a via sem observar a presença dos outros veículos;1;Colisão lateral mesmo sentido;Com Vítimas Feridas;Anoitecer;Decrescente;Céu Claro;Dupla;"Reta;Interseção de Vias;Retorno Regulamentado";Sim  ;"1146833   ";Motocicleta;HONDA/CG 160 FAN;"2022      ";Condutor;Lesões Leves;"23   ";Masculino;"0 ";"1    ";"0    ";"0    ";-16.1502216;-47.9403073;SPRF-DF;DEL01-DF;UOP01-DEL01-DF 
638641;"1432928   ";2024-10-31;quinta-feira;17:35:00;GO;"40   ";"13   ";LUZIANIA;Sim;Acessar a via sem observar a presença dos outros veículos;1;Colisão lateral mesmo sentido;Com Vítimas Feridas;Anoitecer;Decrescente;Céu Claro;Dupla;"Reta;Interseção de Vias;Retorno Regulamentado";Sim  ;"1146834   ";Automóvel;FIAT/UNO MILLE WAY ECON;"2012      ";Condutor;Ileso;"64   ";Masculino;"1 ";"0    ";"0    ";"0    ";-16.1502216;-47.9403073;SPRF-DF;DEL01-DF;UOP01-DEL01-DF 
638642;"1432919   ";2024-10-31;quinta-feira;18:10:00;GO;"40   ";"1,6  ";VALPARAISO DE GOIAS;Não;Manobra de mudança de faixa;1;Colisão lateral mesmo sentido;Com Vítimas Feridas;Anoitecer;Crescente;Nublado;Dupla;Reta;Sim  ;"1146824   ";Automóvel;VW/POLO MF;"2018      ";Condutor;Ileso;"28   ";Masculino;"1 ";"0    ";"0    ";"0    ";-16.0582450;-47.9828250;SPRF-DF;DEL01-DF;UOP01-DEL01-DF 