id;pesid;data_inversa;dia_semana;horario;uf;br;km;municipio;causa_principal;causa_acidente;ordem_tipo_acidente;tipo_acidente;classificacao_acidente;fase_dia;sentido_via;condicao_metereologica;tipo_pista;tracado_via;uso_solo;id_veiculo;tipo_veiculo;marca;ano_fabricacao_veiculo;tipo_envolvido;estado_fisico;idade;sexo;ilesos;feridos_leves;feridos_graves;mortos;latitude;longitude;regional;delegacia;uop
639541;"1434992   ";2024-11-04;segunda-feira;14:49:00;DF;"70   ";"19   ";BRASILIA;Não;Reação tardia ou ineficiente do condutor;2;Saída de leito carroçável;Com Vítimas Feridas;Pleno dia;Crescente;Céu Claro;Dupla;Curva;Não  ;"1148458   ";Motocicleta;YAMAHA/YBR150 FACTOR ED;"2023      ";Passageiro;Lesões Leves;"29   ";Feminino;"0 ";"1    ";"0    ";"0    ";-15.7888680;-48.2202420;SPRF-DF;DEL03-DF;UOP02-DEL03-DF 
639541;"1434984   ";2024-11-04;segunda-feira;14:49:00;DF;"70   ";"19   ";BRASILIA;Não;Reação tardia ou ineficiente do condutor;2;Saída de leito carroçável;Com Vítimas Feridas;Pleno dia;Crescente;Céu Claro;Dupla;Curva;Não  ;"1148458   ";Motocicleta;YAMAHA/YBR150 FACTOR ED;"2023      ";Condutor;Lesões Leves;"32   ";Masculino;"0 ";"1    ";"0    ";"0    ";-15.7888680;-48.2202420;SPRF-DF;DEL03-DF;UOP02-DEL03-DF 
639541;"1434992   ";2024-11-04;segunda-feira;14:49:00;DF;"70   ";"19   ";BRASILIA;Não;Reação tardia ou ineficiente do condutor;1;Colisão com objeto;Com Vítimas Feridas;Pleno dia;Crescente;Céu Claro;Dupla;Curva;Não  ;"1148458   ";Motocicleta;YAMAHA/YBR150 FACTOR ED;"2023      ";Passageiro;Lesões Leves;"29   ";Feminino;"0 ";"1    ";"0    ";"0    ";-15.7888680;-48.2202420;SPRF-DF;DEL03-DF;UOP02-DEL03-DF 
639541;"1434984   ";2024-11-04;segunda-feira;14:49:00;DF;"70   ";"19   ";BRASILIA;Não;Reação tardia ou ineficiente do condutor;1;Colisão com objeto;Com Vítimas Feridas;Pleno dia;Crescente;Céu Claro;Dupla;Curva;Não  ;"1148458   ";Motocicleta;YAMAHA/YBR150 FACTOR ED;"2023      ";Condutor;Lesões Leves;"32   ";Masculino;"0 ";"1    ";"0    ";"0    ";-15.7888680;-48.2202420;SPRF-DF;DEL03-DF;UOP02-DEL03-DF 
639541;"1434992   ";2024-11-04;segunda-feira;14:49:00;DF;"70   ";"19   ";BRASILIA;Não;Reação tardia ou ineficiente do condutor;4;Queda de ocupante de veículo;Com Vítimas Feridas;Pleno dia;Crescente;Céu Claro;Dupla;Curva;Não  ;"1148458   ";Motocicleta;YAMAHA/YBR150 FACTOR ED;"2023      ";Passageiro;Lesões Leves;"29   ";Feminino;"0 ";"1    ";"0    ";"0    ";-15.7888680;-48.2202420;SPRF-DF;DEL03-DF;UOP02-DEL03-DF 
639541;"1434984   ";2024-11-04;segunda-feira;14:49:00;DF;"70   ";"19   ";BRASILIA;Não;Reação tardia ou ineficiente do condutor;4;Queda de ocupante de veículo;Com Vítimas Feridas;Pleno dia;Crescente;Céu Claro;Dupla;Curva;Não  ;"1148458   ";Motocicleta;YAMAHA/YBR150 FACTOR ED;"2023      ";Condutor;Lesões Leves;"32   ";Masculino;"0 ";"1    ";"0    ";"0    ";-15.7888680;-48.2202420;SPRF-DF;DEL03-DF;UOP02-DEL03-DF 
639541;"1434992   ";2024-11-04;segunda-feira;14:49:00;DF;"70   ";"19   ";BRASILIA;Sim;Curva acentuada;3;Tombamento;Com Vítimas Feridas;Pleno dia;Crescente;Céu Claro;Dupla;Curva;Não  ;"1148458   ";Motocicleta;YAMAHA/YBR150 FACTOR ED;"2023      ";Passageiro;Lesões Leves;"29   ";Feminino;"0 ";"1    ";"0    ";"0    ";-15.7888680;-48.2202420;SPRF-DF;DEL03-DF;UOP02-DEL03-DF 
639541;"1434984   ";2024-11-04;segunda-feira;14:49:00;DF;"70   ";"19   ";BRASILIA;Sim;Curva acentuada;3;Tombamento;Com Vítimas Feridas;Pleno dia;Crescente;Céu Claro;Dupla;Curva;Não  ;"1148458   ";Motocicleta;YAMAHA/YBR150 FACTOR ED;"2023      ";Condutor;Lesões Leves;"32   ";Masculino;"0 ";"1    ";"0    ";"0    ";-15.7888680;-48.2202420;SPRF-DF;DEL03-DF;UOP02-DEL03-DF 
639541;"1434992   ";2024-11-04;segunda-feira;14:49:00;DF;"70   ";"19   ";BRASILIA;Sim;Curva acentuada;2;Saída de leito carroçável;Com Vítimas Feridas;Pleno dia;Crescente;Céu Claro;Dupla;Curva;Não  ;"1148458   ";Motocicleta;YAMAHA/YBR150 FACTOR ED;"2023      ";Passageiro;Lesões Leves;"29   ";Feminino;"0 ";"1    ";"0    ";"0    ";-15.7888680;-48.2202420;SPRF-DF;DEL03-DF;UOP02-DEL03-DF 
639541;"1434984   ";2024-11-04;segunda-feira;14:49:00;DF;"70   ";"19   ";BRASILIA;Sim;Curva acentuada;2;Saída de leito carroçável;Com Vítimas Feridas;Pleno dia;Crescente;Céu Claro;Dupla;Curva;Não  ;"1148458   ";Motocicleta;YAMAHA/YBR150 FACTOR ED;"2023      ";Condutor;Lesões Leves;"32   ";Masculino;"0 ";"1    ";"0    ";"0    ";-15.7888680;-48.2202420;SPRF-DF;DEL03-DF;UOP02-DEL03-DF 
639541;"1434992   ";2024-11-04;segunda-feira;14:49:00;DF;"70   ";"19   ";BRASILIA;Sim;Curva acentuada;1;Colisão com objeto;Com Vítimas Feridas;Pleno dia;Crescente;Céu Claro;Dupla;Curva;Não  ;"1148458   ";Motocicleta;YAMAHA/YBR150 FACTOR ED;"2023      ";Passageiro;Lesões Leves;"29   ";Feminino;"0 ";"1    ";"0    ";"0    ";-15.7888680;-48.2202420;SPRF-DF;DEL03-DF;UOP02-DEL03-DF 
639541;"1434984   ";2024-11-04;segunda-feira;14:49:00;DF;"70   ";"19   ";BRASILIA;Sim;Curva acentuada;1;Colisão com objeto;Com Vítimas Feridas;Pleno dia;Crescente;Céu Claro;Dupla;Curva;Não  ;"1148458   ";Motocicleta;YAMAHA/YBR150 FACTOR ED;"2023      ";Condutor;Lesões Leves;"32   ";Masculino;"0 ";"1    ";"0    ";"0    ";-15.7888680;-48.2202420;SPRF-DF;DEL03-DF;UOP02-DEL03-DF 
639541;"1434992   ";2024-11-04;segunda-feira;14:49:00;DF;"70   ";"19   ";BRASILIA;Sim;Curva acentuada;4;Queda de ocupante de veículo;Com Vítimas Feridas;Pleno dia;Crescente;Céu Claro;Dupla;Curva;Não  ;"1148458   ";Motocicleta;YAMAHA/YBR150 FACTOR ED;"2023      ";Passageiro;Lesões Leves;"29   ";Feminino;"0 ";"1    ";"0    ";"0    ";-15.7888680;-48.2202420;SPRF-DF;DEL03-DF;UOP02-DEL03-DF 
639541;"1434984   ";2024-11-04;segunda-feira;14:49:00;DF;"70   ";"19   ";BRASILIA;Sim;Curva acentuada;4;Queda de ocupante de veículo;Com Vítimas Feridas;Pleno dia;Crescente;Céu Claro;Dupla;Curva;Não  ;"1148458   ";Motocicleta;YAMAHA/YBR150 FACTOR ED;"2023      ";Condutor;Lesões Leves;"32   ";Masculino;"0 ";"1    ";"0    ";"0    ";-15.7888680;-48.2202420;SPRF-DF;DEL03-DF;UOP02-DEL03-DF 
639579;"1435089   ";2024-11-04;segunda-feira;15:50:00;DF;"20   ";"53   ";BRASILIA;Sim;Avarias e/ou desgaste excessivo no pneu;1;Tombamento;Com Vítimas Feridas;Pleno dia;Decrescente;Céu Claro;Dupla;Reta;Não  ;"1148540   ";Caminhonete;Não Informado/Não Informado;"0         ";Passageiro;Lesões Leves;"29   ";Masculino;"0 ";"1    ";"0    ";"0    ";-15.5791700;-47.3940280;SPRF-DF;DEL02-DF;UOP01-DEL02-DF 
639579;"1435088   ";2024-11-04;segunda-feira;15:50:00;DF;"20   ";"53   ";BRASILIA;Sim;Avarias e/ou desgaste excessivo no pneu;1;Tombamento;Com Vítimas Feridas;Pleno dia;Decrescente;Céu Claro;Dupla;Reta;Não  ;"1148540   ";Caminhonete;Não Informado/Não Informado;"0         ";Condutor;Lesões Leves;"20   ";Masculino;"0 ";"1    ";"0    ";"0    ";-15.5791700;-47.3940280;SPRF-DF;DEL02-DF;UOP01-DEL02-DF 
639651;"1435217   ";2024-11-04;segunda-feira;23:40:00;GO;"60   ";"46   ";ALEXANIA;Sim;Chuva;2;Capotamento;Com Vítimas Feridas;Plena Noite;Crescente;Chuva;Dupla;"Curva;Declive";Não  ;"1148640   ";Automóvel;VW/GOL 1.0;"2007      ";Passageiro;Lesões Leves;"19   ";Masculino;"0 ";"1    ";"0    ";"0    ";-16.1417000;-48.5988000;SPRF-GO;DEL02-GO;UOP01-DEL02-GO 
639651;"1435216   ";2024-11-04;segunda-feira;23:40:00;GO;"60   ";"46   ";ALEXANIA;Sim;Chuva;2;Capotamento;Com Vítimas Feridas;Plena Noite;Crescente;Chuva;Dupla;"Curva;Declive";Não  ;"1148640   ";Automóvel;VW/GOL 1.0;"2007      ";Passageiro;Ileso;"18   ";Masculino;"1 ";"0    ";"0    ";"0    ";-16.1417000;-48.5988000;SPRF-GO;DEL02-GO;UOP01-DEL02-GO 
639651;"1435215   ";2024-11-04;segunda-feira;23:40:00;GO;"60   ";"46   ";ALEXANIA;Sim;Chuva;2;Capotamento;Com Vítimas Feridas;Plena Noite;Crescente;Chuva;Dupla;"Curva;Declive";Não  ;"1148640   ";Automóvel;VW/GOL 1.0;"2007      ";Condutor;Ileso;"19   ";Masculino;"1 ";"0    ";"0    ";"0    ";-16.1417000;-48.5988000;SPRF-GO;DEL02-GO;UOP01-DEL02-GO 
639651;"1435217   ";2024-11-04;segunda-feira;23:40:00;GO;"60   ";"46   ";ALEXANIA;Sim;Chuva;1;Saída de leito carroçável;Com Vítimas Feridas;Plena Noite;Crescente;Chuva;Dupla;"Curva;Declive";Não  ;"1148640   ";Automóvel;VW/GOL 1.0;"2007      ";Passageiro;Lesões Leves;"19   ";Masculino;"0 ";"1    ";"0    ";"0    ";-16.1417000;-48.5988000;SPRF-GO;DEL02-GO;UOP01-DEL02-GO 
639651;"1435216   ";2024-11-04;segunda-feira;23:40:00;GO;"60   ";"46   ";ALEXANIA;Sim;Chuva;1;Saída de leito carroçável;Com Vítimas Feridas;Plena Noite;Crescente;Chuva;Dupla;"Curva;Declive";Não  ;"1148640   ";Automóvel;VW/GOL 1.0;"2007      ";Passageiro;Ileso;"18   ";Masculino;"1 ";"0    ";"0    ";"0    ";-16.1417000;-48.5988000;SPRF-GO;DEL02-GO;UOP01-DEL02-GO 
639651;"1435215   ";2024-11-04;segunda-feira;23:40:00;GO;"60   ";"46   ";ALEXANIA;Sim;Chuva;1;Saída de leito carroçável;Com Vítimas Feridas;Plena Noite;Crescente;Chuva;Dupla;"Curva;Declive";Não  ;"1148640   ";Automóvel;VW/GOL 1.0;"2007      ";Condutor;Ileso;"19   ";Masculino;"1 ";"0    ";"0    ";"0    ";-16.1417000;-48.5988000;SPRF-GO;DEL02-GO;UOP01-DEL02-GO 
639671;"1435314   ";2024-11-05;terça-feira;07:15:00;GO;"60   ";"25,9 ";ALEXANIA;Sim;Chuva;3;Capotamento;Com Vítimas Feridas;Pleno dia;Crescente;Chuva;Dupla;"Declive;Reta";Não  ;"1148724   ";Automóvel;VW/GOL SPECIAL;"2002      ";Condutor;Lesões Leves;"23   ";Feminino;"0 ";"1    ";"0    ";"0    ";-16.0963000;-48.5202000;SPRF-DF;DEL03-DF;UOP01-DEL03-DF 
639671;"1435314   ";2024-11-05;terça-feira;07:15:00;GO;"60   ";"25,9 ";ALEXANIA;Sim;Chuva;2;Colisão com objeto;Com Vítimas Feridas;Pleno dia;Crescente;Chuva;Dupla;"Declive;Reta";Não  ;"1148724   ";Automóvel;VW/GOL SPECIAL;"2002      ";Condutor;Lesões Leves;"23   ";Feminino;"0 ";"1    ";"0    ";"0    ";-16.0963000;-48.5202000;SPRF-DF;DEL03-DF;UOP01-DEL03-DF 
639671;"1435314   ";2024-11-05;terça-feira;07:15:00;GO;"60   ";"25,9 ";ALEXANIA;Sim;Chuva;1;Saída de leito carroçável;Com Vítimas Feridas;Pleno dia;Crescente;Chuva;Dupla;"Declive;Reta";Não  ;"1148724   ";Automóvel;VW/GOL SPECIAL;"2002      ";Condutor;Lesões Leves;"23   ";Feminino;"0 ";"1    ";"0    ";"0    ";-16.0963000;-48.5202000;SPRF-DF;DEL03-DF;UOP01-DEL03-DF 
639680;"1435349   ";2024-11-05;terça-feira;05:00:00;GO;"20   ";"42,5 ";FORMOSA;Não;Iluminação deficiente;1;Capotamento;Com Vítimas Feridas;Plena Noite;Decrescente;Chuva;Simples;"Declive;Reta";Não  ;"1148752   ";Automóvel;FIAT/SIENA 1.4;"2021      ";Passageiro;Ileso;"31   ";Feminino;"1 ";"0    ";"0    ";"0    ";-15.3923400;-47.1000060;SPRF-DF;DEL02-DF;UOP02-DEL02-DF 
639680;"1435348   ";2024-11-05;terça-feira;05:00:00;GO;"20   ";"42,5 ";FORMOSA;Não;Iluminação deficiente;1;Capotamento;Com Vítimas Feridas;Plena Noite;Decrescente;Chuva;Simples;"Declive;Reta";Não  ;"1148752   ";Automóvel;FIAT/SIENA 1.4;"2021      ";Passageiro;Lesões Leves;"38   ";Feminino;"0 ";"1    ";"0    ";"0    ";-15.3923400;-47.1000060;SPRF-DF;DEL02-DF;UOP02-DEL02-DF 
639680;"1435347   ";2024-11-05;terça-feira;05:00:00;GO;"20   ";"42,5 ";FORMOSA;Não;Iluminação deficiente;1;Capotamento;Com Vítimas Feridas;Plena Noite;Decrescente;Chuva;Simples;"Declive;Reta";Não  ;"1148752   ";Automóvel;FIAT/SIENA 1.4;"2021      ";Passageiro;Ileso;"42   ";Masculino;"1 ";"0    ";"0    ";"0    ";-15.3923400;-47.1000060;SPRF-DF;DEL02-DF;UOP02-DEL02-DF 
639680;"1435346   ";2024-11-05;terça-feira;05:00:00;GO;"20   ";"42,5 ";FORMOSA;Não;Iluminação deficiente;1;Capotamento;Com Vítimas Feridas;Plena Noite;Decrescente;Chuva;Simples;"Declive;Reta";Não  ;"1148752   ";Automóvel;FIAT/SIENA 1.4;"2021      ";Passageiro;Lesões Leves;"61   ";Feminino;"0 ";"1    ";"0    ";"0    ";-15.3923400;-47.1000060;SPRF-DF;DEL02-DF;UOP02-DEL02-DF 
639680;"1435345   ";2024-11-05;terça-feira;05:00:00;GO;"20   ";"42,5 ";FORMOSA;Não;Iluminação deficiente;1;Capotamento;Com Vítimas Feridas;Plena Noite;Decrescente;Chuva;Simples;"Declive;Reta";Não  ;"1148752   ";Automóvel;FIAT/SIENA 1.4;"2021      ";Condutor;Ileso;"36   ";Masculino;"1 ";"0    ";"0    ";"0    ";-15.3923400;-47.1000060;SPRF-DF;DEL02-DF;UOP02-DEL02-DF 
639680;"1435349   ";2024-11-05;terça-feira;05:00:00;GO;"20   ";"42,5 ";FORMOSA;Não;Falta de acostamento;1;Capotamento;Com Vítimas Feridas;Plena Noite;Decrescente;Chuva;Simples;"Declive;Reta";Não  ;"1148752   ";Automóvel;FIAT/SIENA 1.4;"2021      ";Passageiro;Ileso;"31   ";Feminino;"1 ";"0    ";"0    ";"0    ";-15.3923400;-47.1000060;SPRF-DF;DEL02-DF;UOP02-DEL02-DF 
639680;"1435348   ";2024-11-05;terça-feira;05:00:00;GO;"20   ";"42,5 ";FORMOSA;Não;Falta de acostamento;1;Capotamento;Com Vítimas Feridas;Plena Noite;Decrescente;Chuva;Simples;"Declive;Reta";Não  ;"1148752   ";Automóvel;FIAT/SIENA 1.4;"2021      ";Passageiro;Lesões Leves;"38   ";Feminino;"0 ";"1    ";"0    ";"0    ";-15.3923400;-47.1000060;SPRF-DF;DEL02-DF;UOP02-DEL02-DF 
639680;"1435347   ";2024-11-05;terça-feira;05:00:00;GO;"20   ";"42,5 ";FORMOSA;Não;Falta de acostamento;1;Capotamento;Com Vítimas Feridas;Plena Noite;Decrescente;Chuva;Simples;"Declive;Reta";Não  ;"1148752   ";Automóvel;FIAT/SIENA 1.4;"2021      ";Passageiro;Ileso;"42   ";Masculino;"1 ";"0    ";"0    ";"0    ";-15.3923400;-47.1000060;SPRF-DF;DEL02-DF;UOP02-DEL02-DF 
639680;"1435346   ";2024-11-05;terça-feira;05:00:00;GO;"20   ";"42,5 ";FORMOSA;Não;Falta de acostamento;1;Capotamento;Com Vítimas Feridas;Plena Noite;Decrescente;Chuva;Simples;"Declive;Reta";Não  ;"1148752   ";Automóvel;FIAT/SIENA 1.4;"2021      ";Passageiro;Lesões Leves;"61   ";Feminino;"0 ";"1    ";"0    ";"0    ";-15.3923400;-47.1000060;SPRF-DF;DEL02-DF;UOP02-DEL02-DF 
639680;"1435345   ";2024-11-05;terça-feira;05:00:00;GO;"20   ";"42,5 ";FORMOSA;Não;Falta de acostamento;1;Capotamento;Com Vítimas Feridas;Plena Noite;Decrescente;Chuva;Simples;"Declive;Reta";Não  ;"1148752   ";Automóvel;FIAT/SIENA 1.4;"2021      ";Condutor;Ileso;"36   ";Masculino;"1 ";"0    ";"0    ";"0    ";-15.3923400;-47.1000060;SPRF-DF;DEL02-DF;UOP02-DEL02-DF 
639680;"1435349   ";2024-11-05;terça-feira;05:00:00;GO;"20   ";"42,5 ";FORMOSA;Não;Acumulo de água sobre o pavimento;1;Capotamento;Com Vítimas Feridas;Plena Noite;Decrescente;Chuva;Simples;"Declive;Reta";Não  ;"1148752   ";Automóvel;FIAT/SIENA 1.4;"2021      ";Passageiro;Ileso;"31   ";Feminino;"1 ";"0    ";"0    ";"0    ";-15.3923400;-47.1000060;SPRF-DF;DEL02-DF;UOP02-DEL02-DF 
639680;"1435348   ";2024-11-05;terça-feira;05:00:00;GO;"20   ";"42,5 ";FORMOSA;Não;Acumulo de água sobre o pavimento;1;Capotamento;Com Vítimas Feridas;Plena Noite;Decrescente;Chuva;Simples;"Declive;Reta";Não  ;"1148752   ";Automóvel;FIAT/SIENA 1.4;"2021      ";Passageiro;Lesões Leves;"38   ";Feminino;"0 ";"1    ";"0    ";"0    ";-15.3923400;-47.1000060;SPRF-DF;DEL02-DF;UOP02-DEL02-DF 
639680;"1435347   ";2024-11-05;terça-feira;05:00:00;GO;"20   ";"42,5 ";FORMOSA;Não;Acumulo de água sobre o pavimento;1;Capotamento;Com Vítimas Feridas;Plena Noite;Decrescente;Chuva;Simples;"Declive;Reta";Não  ;"1148752   ";Automóvel;FIAT/SIENA 1.4;"2021      ";Passageiro;Ileso;"42   ";Masculino;"1 ";"0    ";"0    ";"0    ";-15.3923400;-47.1000060;SPRF-DF;DEL02-DF;UOP02-DEL02-DF 
639680;"1435346   ";2024-11-05;terça-feira;05:00:00;GO;"20   ";"42,5 ";FORMOSA;Não;Acumulo de água sobre o pavimento;1;Capotamento;Com Vítimas Feridas;Plena Noite;Decrescente;Chuva;Simples;"Declive;Reta";Não  ;"1148752   ";Automóvel;FIAT/SIENA 1.4;"2021      ";Passageiro;Lesões Leves;"61   ";Feminino;"0 ";"1    ";"0    ";"0    ";-15.3923400;-47.1000060;SPRF-DF;DEL02-DF;UOP02-DEL02-DF 
639680;"1435345   ";2024-11-05;terça-feira;05:00:00;GO;"20   ";"42,5 ";FORMOSA;Não;Acumulo de água sobre o pavimento;1;Capotamento;Com Vítimas Feridas;Plena Noite;Decrescente;Chuva;Simples;"Declive;Reta";Não  ;"1148752   ";Automóvel;FIAT/SIENA 1.4;"2021      ";Condutor;Ileso;"36   ";Masculino;"1 ";"0    ";"0    ";"0    ";-15.3923400;-47.1000060;SPRF-DF;DEL02-DF;UOP02-DEL02-DF 
639680;"1435349   ";2024-11-05;terça-feira;05:00:00;GO;"20   ";"42,5 ";FORMOSA;Não;Chuva;1;Capotamento;Com Vítimas Feridas;Plena Noite;Decrescente;Chuva;Simples;"Declive;Reta";Não  ;"1148752   ";Automóvel;FIAT/SIENA 1.4;"2021      ";Passageiro;Ileso;"31   ";Feminino;"1 ";"0    ";"0    ";"0    ";-15.3923400;-47.1000060;SPRF-DF;DEL02-DF;UOP02-DEL02-DF 
639680;"1435348   ";2024-11-05;terça-feira;05:00:00;GO;"20   ";"42,5 ";FORMOSA;Não;Chuva;1;Capotamento;Com Vítimas Feridas;Plena Noite;Decrescente;Chuva;Simples;"Declive;Reta";Não  ;"1148752   ";Automóvel;FIAT/SIENA 1.4;"2021      ";Passageiro;Lesões Leves;"38   ";Feminino;"0 ";"1    ";"0    ";"0    ";-15.3923400;-47.1000060;SPRF-DF;DEL02-DF;UOP02-DEL02-DF 
639680;"1435347   ";2024-11-05;terça-feira;05:00:00;GO;"20   ";"42,5 ";FORMOSA;Não;Chuva;1;Capotamento;Com Vítimas Feridas;Plena Noite;Decrescente;Chuva;Simples;"Declive;Reta";Não  ;"1148752   ";Automóvel;FIAT/SIENA 1.4;"2021      ";Passageiro;Ileso;"42   ";Masculino;"1 ";"0    ";"0    ";"0    ";-15.3923400;-47.1000060;SPRF-DF;DEL02-DF;UOP02-DEL02-DF 
639680;"1435346   ";2024-11-05;terça-feira;05:00:00;GO;"20   ";"42,5 ";FORMOSA;Não;Chuva;1;Capotamento;Com Vítimas Feridas;Plena Noite;Decrescente;Chuva;Simples;"Declive;Reta";Não  ;"1148752   ";Automóvel;FIAT/SIENA 1.4;"2021      ";Passageiro;Lesões Leves;"61   ";Feminino;"0 ";"1    ";"0    ";"0    ";-15.3923400;-47.1000060;SPRF-DF;DEL02-DF;UOP02-DEL02-DF 
639680;"1435345   ";2024-11-05;terça-feira;05:00:00;GO;"20   ";"42,5 ";FORMOSA;Não;Chuva;1;Capotamento;Com Vítimas Feridas;Plena Noite;Decrescente;Chuva;Simples;"Declive;Reta";Não  ;"1148752   ";Automóvel;FIAT/SIENA 1.4;"2021      ";Condutor;Ileso;"36   ";Masculino;"1 ";"0    ";"0    ";"0    ";-15.3923400;-47.1000060;SPRF-DF;DEL02-DF;UOP02-DEL02-DF 
639680;"1435349   ";2024-11-05;terça-feira;05:00:00;GO;"20   ";"42,5 ";FORMOSA;Sim;Reação tardia ou ineficiente do condutor;1;Capotamento;Com Vítimas Feridas;Plena Noite;Decrescente;Chuva;Simples;"Declive;Reta";Não  ;"1148752   ";Automóvel;FIAT/SIENA 1.4;"2021      ";Passageiro;Ileso;"31   ";Feminino;"1 ";"0    ";"0    ";"0    ";-15.3923400;-47.1000060;SPRF-DF;DEL02-DF;UOP02-DEL02-DF 
639680;"1435348   ";2024-11-05;terça-feira;05:00:00;GO;"20   ";"42,5 ";FORMOSA;Sim;Reação tardia ou ineficiente do condutor;1;Capotamento;Com Vítimas Feridas;Plena Noite;Decrescente;Chuva;Simples;"Declive;Reta";Não  ;"1148752   ";Automóvel;FIAT/SIENA 1.4;"2021      ";Passageiro;Lesões Leves;"38   ";Feminino;"0 ";"1    ";"0    ";"0    ";-15.3923400;-47.1000060;SPRF-DF;DEL02-DF;UOP02-DEL02-DF 
639680;"1435347   ";2024-11-05;terça-feira;05:00:00;GO;"20   ";"42,5 ";FORMOSA;Sim;Reação tardia ou ineficiente do condutor;1;Capotamento;Com Vítimas Feridas;Plena Noite;Decrescente;Chuva;Simples;"Declive;Reta";Não  ;"1148752   ";Automóvel;FIAT/SIENA 1.4;"2021      ";Passageiro;Ileso;"42   ";Masculino;"1 ";"0    ";"0    ";"0    ";-15.3923400;-47.1000060;SPRF-DF;DEL02-DF;UOP02-DEL02-DF 
639680;"1435346   ";2024-11-05;terça-feira;05:00:00;GO;"20   ";"42,5 ";FORMOSA;Sim;Reação tardia ou ineficiente do condutor;1;Capotamento;Com Vítimas Feridas;Plena Noite;Decrescente;Chuva;Simples;"Declive;Reta";Não  ;"1148752   ";Automóvel;FIAT/SIENA 1.4;"2021      ";Passageiro;Lesões Leves;"61   ";Feminino;"0 ";"1    ";"0    ";"0    ";-15.3923400;-47.1000060;SPRF-DF;DEL02-DF;UOP02-DEL02-DF 
639680;"1435345   ";2024-11-05;terça-feira;05:00:00;GO;"20   ";"42,5 ";FORMOSA;Sim;Reação tardia ou ineficiente do condutor;1;Capotamento;Com Vítimas Feridas;Plena Noite;Decrescente;Chuva;Simples;"Declive;Reta";Não  ;"1148752   ";Automóvel;FIAT/SIENA 1.4;"2021      ";Condutor;Ileso;"36   ";Masculino;"1 ";"0    ";"0    ";"0    ";-15.3923400;-47.1000060;SPRF-DF;DEL02-DF;UOP02-DEL02-DF 
639685;"0         ";2024-11-05;terça-feira;07:10:00;GO;"20   ";"120,8";FLORES DE GOIAS;Sim;Acessar a via sem observar a presença dos outros veículos;1;Colisão transversal;Com Vítimas Feridas;Pleno dia;Crescente;Garoa/Chuvisco;Simples;Reta;Não  ;"1149316   ";Semireboque;SR/NOMA SR3E27 CG;"2019      ";"0";"0";"0    ";"0";"0 ";"0    ";"0    ";"0    ";-14.8706680;-46.8270910;SPRF-DF;DEL02-DF;UOP03-DEL02-DF 
639685;"1436306   ";2024-11-05;terça-feira;07:10:00;GO;"20   ";"120,8";FLORES DE GOIAS;Sim;Acessar a via sem observar a presença dos outros veículos;1;Colisão transversal;Com Vítimas Feridas;Pleno dia;Crescente;Garoa/Chuvisco;Simples;Reta;Não  ;"1149313   ";Caminhão-trator;VW/29.530 MTM 6X4;"2024      ";Condutor;Ileso;"62   ";Masculino;"1 ";"0    ";"0    ";"0    ";-14.8706680;-46.8270910;SPRF-DF;DEL02-DF;UOP03-DEL02-DF 
639685;"1436302   ";2024-11-05;terça-feira;07:10:00;GO;"20   ";"120,8";FLORES DE GOIAS;Sim;Acessar a via sem observar a presença dos outros veículos;1;Colisão transversal;Com Vítimas Feridas;Pleno dia;Crescente;Garoa/Chuvisco;Simples;Reta;Não  ;"1149309   ";Ônibus;MBENZ/BUSSCAR EL BUSS R;"2008      ";Passageiro;Lesões Leves;"0    ";Masculino;"0 ";"1    ";"0    ";"0    ";-14.8706680;-46.8270910;SPRF-DF;DEL02-DF;UOP03-DEL02-DF 
639685;"1436303   ";2024-11-05;terça-feira;07:10:00;GO;"20   ";"120,8";FLORES DE GOIAS;Sim;Acessar a via sem observar a presença dos outros veículos;1;Colisão transversal;Com Vítimas Feridas;Pleno dia;Crescente;Garoa/Chuvisco;Simples;Reta;Não  ;"1149309   ";Ônibus;MBENZ/BUSSCAR EL BUSS R;"2008      ";Passageiro;Lesões Leves;"39   ";Feminino;"0 ";"1    ";"0    ";"0    ";-14.8706680;-46.8270910;SPRF-DF;DEL02-DF;UOP03-DEL02-DF 
639685;"1436300   ";2024-11-05;terça-feira;07:10:00;GO;"20   ";"120,8";FLORES DE GOIAS;Sim;Acessar a via sem observar a presença dos outros veículos;1;Colisão transversal;Com Vítimas Feridas;Pleno dia;Crescente;Garoa/Chuvisco;Simples;Reta;Não  ;"1149309   ";Ônibus;MBENZ/BUSSCAR EL BUSS R;"2008      ";Passageiro;Lesões Leves;"37   ";Feminino;"0 ";"1    ";"0    ";"0    ";-14.8706680;-46.8270910;SPRF-DF;DEL02-DF;UOP03-DEL02-DF 
639685;"1436295   ";2024-11-05;terça-feira;07:10:00;GO;"20   ";"120,8";FLORES DE GOIAS;Sim;Acessar a via sem observar a presença dos outros veículos;1;Colisão transversal;Com Vítimas Feridas;Pleno dia;Crescente;Garoa/Chuvisco;Simples;Reta;Não  ;"1149309   ";Ônibus;MBENZ/BUSSCAR EL BUSS R;"2008      ";Passageiro;Lesões Leves;"49   ";Feminino;"0 ";"1    ";"0    ";"0    ";-14.8706680;-46.8270910;SPRF-DF;DEL02-DF;UOP03-DEL02-DF 
639685;"1436293   ";2024-11-05;terça-feira;07:10:00;GO;"20   ";"120,8";FLORES DE GOIAS;Sim;Acessar a via sem observar a presença dos outros veículos;1;Colisão transversal;Com Vítimas Feridas;Pleno dia;Crescente;Garoa/Chuvisco;Simples;Reta;Não  ;"1149309   ";Ônibus;MBENZ/BUSSCAR EL BUSS R;"2008      ";Passageiro;Lesões Leves;"23   ";Masculino;"0 ";"1    ";"0    ";"0    ";-14.8706680;-46.8270910;SPRF-DF;DEL02-DF;UOP03-DEL02-DF 