id;pesid;data_inversa;dia_semana;horario;uf;br;km;municipio;causa_principal;causa_acidente;ordem_tipo_acidente;tipo_acidente;classificacao_acidente;fase_dia;sentido_via;condicao_metereologica;tipo_pista;tracado_via;uso_solo;id_veiculo;tipo_veiculo;marca;ano_fabricacao_veiculo;tipo_envolvido;estado_fisico;idade;sexo;ilesos;feridos_leves;feridos_graves;mortos;latitude;longitude;regional;delegacia;uop
639797;"1435659   ";2024-11-05;terça-feira;18:29:00;DF;"70   ";"15,8 ";BRASILIA;Não;Acessar a via sem observar a presença dos outros veículos;4;Atropelamento de Pedestre;Com Vítimas Fatais;Anoitecer;Crescente;Nublado;Dupla;Rotatória;Não  ;"1149025   ";Motocicleta;HONDA/XRE 190;"2022      ";Passageiro;Lesões Graves;"43   ";Feminino;"0 ";"0    ";"1    ";"0    ";-15.7954310;-48.1967600;SPRF-DF;DEL03-DF;UOP02-DEL03-DF 
639797;"1435658   ";2024-11-05;terça-feira;18:29:00;DF;"70   ";"15,8 ";BRASILIA;Não;Acessar a via sem observar a presença dos outros veículos;4;Atropelamento de Pedestre;Com Vítimas Fatais;Anoitecer;Crescente;Nublado;Dupla;Rotatória;Não  ;"1149025   ";Motocicleta;HONDA/XRE 190;"2022      ";Condutor;Óbito;"36   ";Masculino;"0 ";"0    ";"0    ";"1    ";-15.7954310;-48.1967600;SPRF-DF;DEL03-DF;UOP02-DEL03-DF 
639797;"1435660   ";2024-11-05;terça-feira;18:29:00;DF;"70   ";"15,8 ";BRASILIA;Não;Acessar a via sem observar a presença dos outros veículos;4;Atropelamento de Pedestre;Com Vítimas Fatais;Anoitecer;Crescente;Nublado;Dupla;Rotatória;Não  ;"1149026   ";Caminhão;FORD/CARGO 1317F;"2002      ";Condutor;Ileso;"40   ";Masculino;"1 ";"0    ";"0    ";"0    ";-15.7954310;-48.1967600;SPRF-DF;DEL03-DF;UOP02-DEL03-DF 
639797;"1435659   ";2024-11-05;terça-feira;18:29:00;DF;"70   ";"15,8 ";BRASILIA;Não;Acessar a via sem observar a presença dos outros veículos;3;Queda de ocupante de veículo;Com Vítimas Fatais;Anoitecer;Crescente;Nublado;Dupla;Rotatória;Não  ;"1149025   ";Motocicleta;HONDA/XRE 190;"2022      ";Passageiro;Lesões Graves;"43   ";Feminino;"0 ";"0    ";"1    ";"0    ";-15.7954310;-48.1967600;SPRF-DF;DEL03-DF;UOP02-DEL03-DF 
639797;"1435658   ";2024-11-05;terça-feira;18:29:00;DF;"70   ";"15,8 ";BRASILIA;Não;Acessar a via sem observar a presença dos outros veículos;3;Queda de ocupante de veículo;Com Vítimas Fatais;Anoitecer;Crescente;Nublado;Dupla;Rotatória;Não  ;"1149025   ";Motocicleta;HONDA/XRE 190;"2022      ";Condutor;Óbito;"36   ";Masculino;"0 ";"0    ";"0    ";"1    ";-15.7954310;-48.1967600;SPRF-DF;DEL03-DF;UOP02-DEL03-DF 
639797;"1435660   ";2024-11-05;terça-feira;18:29:00;DF;"70   ";"15,8 ";BRASILIA;Não;Acessar a via sem observar a presença dos outros veículos;3;Queda de ocupante de veículo;Com Vítimas Fatais;Anoitecer;Crescente;Nublado;Dupla;Rotatória;Não  ;"1149026   ";Caminhão;FORD/CARGO 1317F;"2002      ";Condutor;Ileso;"40   ";Masculino;"1 ";"0    ";"0    ";"0    ";-15.7954310;-48.1967600;SPRF-DF;DEL03-DF;UOP02-DEL03-DF 
639797;"1435659   ";2024-11-05;terça-feira;18:29:00;DF;"70   ";"15,8 ";BRASILIA;Não;Acessar a via sem observar a presença dos outros veículos;2;Tombamento;Com Vítimas Fatais;Anoitecer;Crescente;Nublado;Dupla;Rotatória;Não  ;"1149025   ";Motocicleta;HONDA/XRE 190;"2022      ";Passageiro;Lesões Graves;"43   ";Feminino;"0 ";"0    ";"1    ";"0    ";-15.7954310;-48.1967600;SPRF-DF;DEL03-DF;UOP02-DEL03-DF 
639797;"1435658   ";2024-11-05;terça-feira;18:29:00;DF;"70   ";"15,8 ";BRASILIA;Não;Acessar a via sem observar a presença dos outros veículos;2;Tombamento;Com Vítimas Fatais;Anoitecer;Crescente;Nublado;Dupla;Rotatória;Não  ;"1149025   ";Motocicleta;HONDA/XRE 190;"2022      ";Condutor;Óbito;"36   ";Masculino;"0 ";"0    ";"0    ";"1    ";-15.7954310;-48.1967600;SPRF-DF;DEL03-DF;UOP02-DEL03-DF 
639797;"1435660   ";2024-11-05;terça-feira;18:29:00;DF;"70   ";"15,8 ";BRASILIA;Não;Acessar a via sem observar a presença dos outros veículos;2;Tombamento;Com Vítimas Fatais;Anoitecer;Crescente;Nublado;Dupla;Rotatória;Não  ;"1149026   ";Caminhão;FORD/CARGO 1317F;"2002      ";Condutor;Ileso;"40   ";Masculino;"1 ";"0    ";"0    ";"0    ";-15.7954310;-48.1967600;SPRF-DF;DEL03-DF;UOP02-DEL03-DF 
639797;"1435659   ";2024-11-05;terça-feira;18:29:00;DF;"70   ";"15,8 ";BRASILIA;Não;Acessar a via sem observar a presença dos outros veículos;1;Colisão lateral mesmo sentido;Com Vítimas Fatais;Anoitecer;Crescente;Nublado;Dupla;Rotatória;Não  ;"1149025   ";Motocicleta;HONDA/XRE 190;"2022      ";Passageiro;Lesões Graves;"43   ";Feminino;"0 ";"0    ";"1    ";"0    ";-15.7954310;-48.1967600;SPRF-DF;DEL03-DF;UOP02-DEL03-DF 
639797;"1435658   ";2024-11-05;terça-feira;18:29:00;DF;"70   ";"15,8 ";BRASILIA;Não;Acessar a via sem observar a presença dos outros veículos;1;Colisão lateral mesmo sentido;Com Vítimas Fatais;Anoitecer;Crescente;Nublado;Dupla;Rotatória;Não  ;"1149025   ";Motocicleta;HONDA/XRE 190;"2022      ";Condutor;Óbito;"36   ";Masculino;"0 ";"0    ";"0    ";"1    ";-15.7954310;-48.1967600;SPRF-DF;DEL03-DF;UOP02-DEL03-DF 
639797;"1435660   ";2024-11-05;terça-feira;18:29:00;DF;"70   ";"15,8 ";BRASILIA;Não;Acessar a via sem observar a presença dos outros veículos;1;Colisão lateral mesmo sentido;Com Vítimas Fatais;Anoitecer;Crescente;Nublado;Dupla;Rotatória;Não  ;"1149026   ";Caminhão;FORD/CARGO 1317F;"2002      ";Condutor;Ileso;"40   ";Masculino;"1 ";"0    ";"0    ";"0    ";-15.7954310;-48.1967600;SPRF-DF;DEL03-DF;UOP02-DEL03-DF 
639797;"1435659   ";2024-11-05;terça-feira;18:29:00;DF;"70   ";"15,8 ";BRASILIA;Não;Reação tardia ou ineficiente do condutor;4;Atropelamento de Pedestre;Com Vítimas Fatais;Anoitecer;Crescente;Nublado;Dupla;Rotatória;Não  ;"1149025   ";Motocicleta;HONDA/XRE 190;"2022      ";Passageiro;Lesões Graves;"43   ";Feminino;"0 ";"0    ";"1    ";"0    ";-15.7954310;-48.1967600;SPRF-DF;DEL03-DF;UOP02-DEL03-DF 
639797;"1435658   ";2024-11-05;terça-feira;18:29:00;DF;"70   ";"15,8 ";BRASILIA;Não;Reação tardia ou ineficiente do condutor;4;Atropelamento de Pedestre;Com Vítimas Fatais;Anoitecer;Crescente;Nublado;Dupla;Rotatória;Não  ;"1149025   ";Motocicleta;HONDA/XRE 190;"2022      ";Condutor;Óbito;"36   ";Masculino;"0 ";"0    ";"0    ";"1    ";-15.7954310;-48.1967600;SPRF-DF;DEL03-DF;UOP02-DEL03-DF 
639797;"1435660   ";2024-11-05;terça-feira;18:29:00;DF;"70   ";"15,8 ";BRASILIA;Não;Reação tardia ou ineficiente do condutor;4;Atropelamento de Pedestre;Com Vítimas Fatais;Anoitecer;Crescente;Nublado;Dupla;Rotatória;Não  ;"1149026   ";Caminhão;FORD/CARGO 1317F;"2002      ";Condutor;Ileso;"40   ";Masculino;"1 ";"0    ";"0    ";"0    ";-15.7954310;-48.1967600;SPRF-DF;DEL03-DF;UOP02-DEL03-DF 
639797;"1435659   ";2024-11-05;terça-feira;18:29:00;DF;"70   ";"15,8 ";BRASILIA;Não;Reação tardia ou ineficiente do condutor;3;Queda de ocupante de veículo;Com Vítimas Fatais;Anoitecer;Crescente;Nublado;Dupla;Rotatória;Não  ;"1149025   ";Motocicleta;HONDA/XRE 190;"2022      ";Passageiro;Lesões Graves;"43   ";Feminino;"0 ";"0    ";"1    ";"0    ";-15.7954310;-48.1967600;SPRF-DF;DEL03-DF;UOP02-DEL03-DF 
639797;"1435658   ";2024-11-05;terça-feira;18:29:00;DF;"70   ";"15,8 ";BRASILIA;Não;Reação tardia ou ineficiente do condutor;3;Queda de ocupante de veículo;Com Vítimas Fatais;Anoitecer;Crescente;Nublado;Dupla;Rotatória;Não  ;"1149025   ";Motocicleta;HONDA/XRE 190;"2022      ";Condutor;Óbito;"36   ";Masculino;"0 ";"0    ";"0    ";"1    ";-15.7954310;-48.1967600;SPRF-DF;DEL03-DF;UOP02-DEL03-DF 
639797;"1435660   ";2024-11-05;terça-feira;18:29:00;DF;"70   ";"15,8 ";BRASILIA;Não;Reação tardia ou ineficiente do condutor;3;Queda de ocupante de veículo;Com Vítimas Fatais;Anoitecer;Crescente;Nublado;Dupla;Rotatória;Não  ;"1149026   ";Caminhão;FORD/CARGO 1317F;"2002      ";Condutor;Ileso;"40   ";Masculino;"1 ";"0    ";"0    ";"0    ";-15.7954310;-48.1967600;SPRF-DF;DEL03-DF;UOP02-DEL03-DF 
639797;"1435659   ";2024-11-05;terça-feira;18:29:00;DF;"70   ";"15,8 ";BRASILIA;Não;Reação tardia ou ineficiente do condutor;2;Tombamento;Com Vítimas Fatais;Anoitecer;Crescente;Nublado;Dupla;Rotatória;Não  ;"1149025   ";Motocicleta;HONDA/XRE 190;"2022      ";Passageiro;Lesões Graves;"43   ";Feminino;"0 ";"0    ";"1    ";"0    ";-15.7954310;-48.1967600;SPRF-DF;DEL03-DF;UOP02-DEL03-DF 
639797;"1435658   ";2024-11-05;terça-feira;18:29:00;DF;"70   ";"15,8 ";BRASILIA;Não;Reação tardia ou ineficiente do condutor;2;Tombamento;Com Vítimas Fatais;Anoitecer;Crescente;Nublado;Dupla;Rotatória;Não  ;"1149025   ";Motocicleta;HONDA/XRE 190;"2022      ";Condutor;Óbito;"36   ";Masculino;"0 ";"0    ";"0    ";"1    ";-15.7954310;-48.1967600;SPRF-DF;DEL03-DF;UOP02-DEL03-DF 
639797;"1435660   ";2024-11-05;terça-feira;18:29:00;DF;"70   ";"15,8 ";BRASILIA;Não;Reação tardia ou ineficiente do condutor;2;Tombamento;Com Vítimas Fatais;Anoitecer;Crescente;Nublado;Dupla;Rotatória;Não  ;"1149026   ";Caminhão;FORD/CARGO 1317F;"2002      ";Condutor;Ileso;"40   ";Masculino;"1 ";"0    ";"0    ";"0    ";-15.7954310;-48.1967600;SPRF-DF;DEL03-DF;UOP02-DEL03-DF 
639797;"1435659   ";2024-11-05;terça-feira;18:29:00;DF;"70   ";"15,8 ";BRASILIA;Não;Reação tardia ou ineficiente do condutor;1;Colisão lateral mesmo sentido;Com Vítimas Fatais;Anoitecer;Crescente;Nublado;Dupla;Rotatória;Não  ;"1149025   ";Motocicleta;HONDA/XRE 190;"2022      ";Passageiro;Lesões Graves;"43   ";Feminino;"0 ";"0    ";"1    ";"0    ";-15.7954310;-48.1967600;SPRF-DF;DEL03-DF;UOP02-DEL03-DF 
639797;"1435658   ";2024-11-05;terça-feira;18:29:00;DF;"70   ";"15,8 ";BRASILIA;Não;Reação tardia ou ineficiente do condutor;1;Colisão lateral mesmo sentido;Com Vítimas Fatais;Anoitecer;Crescente;Nublado;Dupla;Rotatória;Não  ;"1149025   ";Motocicleta;HONDA/XRE 190;"2022      ";Condutor;Óbito;"36   ";Masculino;"0 ";"0    ";"0    ";"1    ";-15.7954310;-48.1967600;SPRF-DF;DEL03-DF;UOP02-DEL03-DF 
639797;"1435660   ";2024-11-05;terça-feira;18:29:00;DF;"70   ";"15,8 ";BRASILIA;Não;Reação tardia ou ineficiente do condutor;1;Colisão lateral mesmo sentido;Com Vítimas Fatais;Anoitecer;Crescente;Nublado;Dupla;Rotatória;Não  ;"1149026   ";Caminhão;FORD/CARGO 1317F;"2002      ";Condutor;Ileso;"40   ";Masculino;"1 ";"0    ";"0    ";"0    ";-15.7954310;-48.1967600;SPRF-DF;DEL03-DF;UOP02-DEL03-DF 
639797;"1435659   ";2024-11-05;terça-feira;18:29:00;DF;"70   ";"15,8 ";BRASILIA;Sim;Trafegar com motocicleta (ou similar) entre as faixas;4;Atropelamento de Pedestre;Com Vítimas Fatais;Anoitecer;Crescente;Nublado;Dupla;Rotatória;Não  ;"1149025   ";Motocicleta;HONDA/XRE 190;"2022      ";Passageiro;Lesões Graves;"43   ";Feminino;"0 ";"0    ";"1    ";"0    ";-15.7954310;-48.1967600;SPRF-DF;DEL03-DF;UOP02-DEL03-DF 
639797;"1435658   ";2024-11-05;terça-feira;18:29:00;DF;"70   ";"15,8 ";BRASILIA;Sim;Trafegar com motocicleta (ou similar) entre as faixas;4;Atropelamento de Pedestre;Com Vítimas Fatais;Anoitecer;Crescente;Nublado;Dupla;Rotatória;Não  ;"1149025   ";Motocicleta;HONDA/XRE 190;"2022      ";Condutor;Óbito;"36   ";Masculino;"0 ";"0    ";"0    ";"1    ";-15.7954310;-48.1967600;SPRF-DF;DEL03-DF;UOP02-DEL03-DF 
639797;"1435660   ";2024-11-05;terça-feira;18:29:00;DF;"70   ";"15,8 ";BRASILIA;Sim;Trafegar com motocicleta (ou similar) entre as faixas;4;Atropelamento de Pedestre;Com Vítimas Fatais;Anoitecer;Crescente;Nublado;Dupla;Rotatória;Não  ;"1149026   ";Caminhão;FORD/CARGO 1317F;"2002      ";Condutor;Ileso;"40   ";Masculino;"1 ";"0    ";"0    ";"0    ";-15.7954310;-48.1967600;SPRF-DF;DEL03-DF;UOP02-DEL03-DF 
639797;"1435659   ";2024-11-05;terça-feira;18:29:00;DF;"70   ";"15,8 ";BRASILIA;Sim;Trafegar com motocicleta (ou similar) entre as faixas;3;Queda de ocupante de veículo;Com Vítimas Fatais;Anoitecer;Crescente;Nublado;Dupla;Rotatória;Não  ;"1149025   ";Motocicleta;HONDA/XRE 190;"2022      ";Passageiro;Lesões Graves;"43   ";Feminino;"0 ";"0    ";"1    ";"0    ";-15.7954310;-48.1967600;SPRF-DF;DEL03-DF;UOP02-DEL03-DF 
639797;"1435658   ";2024-11-05;terça-feira;18:29:00;DF;"70   ";"15,8 ";BRASILIA;Sim;Trafegar com motocicleta (ou similar) entre as faixas;3;Queda de ocupante de veículo;Com Vítimas Fatais;Anoitecer;Crescente;Nublado;Dupla;Rotatória;Não  ;"1149025   ";Motocicleta;HONDA/XRE 190;"2022      ";Condutor;Óbito;"36   ";Masculino;"0 ";"0    ";"0    ";"1    ";-15.7954310;-48.1967600;SPRF-DF;DEL03-DF;UOP02-DEL03-DF 
639797;"1435660   ";2024-11-05;terça-feira;18:29:00;DF;"70   ";"15,8 ";BRASILIA;Sim;Trafegar com motocicleta (ou similar) entre as faixas;3;Queda de ocupante de veículo;Com Vítimas Fatais;Anoitecer;Crescente;Nublado;Dupla;Rotatória;Não  ;"1149026   ";Caminhão;FORD/CARGO 1317F;"2002      ";Condutor;Ileso;"40   ";Masculino;"1 ";"0    ";"0    ";"0    ";-15.7954310;-48.1967600;SPRF-DF;DEL03-DF;UOP02-DEL03-DF 
639797;"1435659   ";2024-11-05;terça-feira;18:29:00;DF;"70   ";"15,8 ";BRASILIA;Sim;Trafegar com motocicleta (ou similar) entre as faixas;2;Tombamento;Com Vítimas Fatais;Anoitecer;Crescente;Nublado;Dupla;Rotatória;Não  ;"1149025   ";Motocicleta;HONDA/XRE 190;"2022      ";Passageiro;Lesões Graves;"43   ";Feminino;"0 ";"0    ";"1    ";"0    ";-15.7954310;-48.1967600;SPRF-DF;DEL03-DF;UOP02-DEL03-DF 
639797;"1435658   ";2024-11-05;terça-feira;18:29:00;DF;"70   ";"15,8 ";BRASILIA;Sim;Trafegar com motocicleta (ou similar) entre as faixas;2;Tombamento;Com Vítimas Fatais;Anoitecer;Crescente;Nublado;Dupla;Rotatória;Não  ;"1149025   ";Motocicleta;HONDA/XRE 190;"2022      ";Condutor;Óbito;"36   ";Masculino;"0 ";"0    ";"0    ";"1    ";-15.7954310;-48.1967600;SPRF-DF;DEL03-DF;UOP02-DEL03-DF 
639797;"1435660   ";2024-11-05;terça-feira;18:29:00;DF;"70   ";"15,8 ";BRASILIA;Sim;Trafegar com motocicleta (ou similar) entre as faixas;2;Tombamento;Com Vítimas Fatais;Anoitecer;Crescente;Nublado;Dupla;Rotatória;Não  ;"1149026   ";Caminhão;FORD/CARGO 1317F;"2002      ";Condutor;Ileso;"40   ";Masculino;"1 ";"0    ";"0    ";"0    ";-15.7954310;-48.1967600;SPRF-DF;DEL03-DF;UOP02-DEL03-DF 
639797;"1435659   ";2024-11-05;terça-feira;18:29:00;DF;"70   ";"15,8 ";BRASILIA;Sim;Trafegar com motocicleta (ou similar) entre as faixas;1;Colisão lateral mesmo sentido;Com Vítimas Fatais;Anoitecer;Crescente;Nublado;Dupla;Rotatória;Não  ;"1149025   ";Motocicleta;HONDA/XRE 190;"2022      ";Passageiro;Lesões Graves;"43   ";Feminino;"0 ";"0    ";"1    ";"0    ";-15.7954310;-48.1967600;SPRF-DF;DEL03-DF;UOP02-DEL03-DF 
639797;"1435658   ";2024-11-05;terça-feira;18:29:00;DF;"70   ";"15,8 ";BRASILIA;Sim;Trafegar com motocicleta (ou similar) entre as faixas;1;Colisão lateral mesmo sentido;Com Vítimas Fatais;Anoitecer;Crescente;Nublado;Dupla;Rotatória;Não  ;"1149025   ";Motocicleta;HONDA/XRE 190;"2022      ";Condutor;Óbito;"36   ";Masculino;"0 ";"0    ";"0    ";"1    ";-15.7954310;-48.1967600;SPRF-DF;DEL03-DF;UOP02-DEL03-DF 
639797;"1435660   ";2024-11-05;terça-feira;18:29:00;DF;"70   ";"15,8 ";BRASILIA;Sim;Trafegar com motocicleta (ou similar) entre as faixas;1;Colisão lateral mesmo sentido;Com Vítimas Fatais;Anoitecer;Crescente;Nublado;Dupla;Rotatória;Não  ;"1149026   ";Caminhão;FORD/CARGO 1317F;"2002      ";Condutor;Ileso;"40   ";Masculino;"1 ";"0    ";"0    ";"0    ";-15.7954310;-48.1967600;SPRF-DF;DEL03-DF;UOP02-DEL03-DF 
639843;"1435677   ";2024-11-05;terça-feira;19:30:00;DF;"60   ";"5,8  ";BRASILIA;Sim;Acesso irregular;1;Colisão traseira;Com Vítimas Feridas;Plena Noite;Crescente;Nublado;Dupla;Reta;Sim  ;"1149038   ";Automóvel;VW/NOVO GOL TL MCV;"2016      ";Condutor;Lesões Leves;"30   ";Masculino;"0 ";"1    ";"0    ";"0    ";-15.8954380;-48.1047710;SPRF-DF;DEL03-DF;UOP01-DEL03-DF 
639904;"1435916   ";2024-11-06;quarta-feira;10:20:00;DF;"60   ";"6,1  ";BRASILIA;Sim;Reação tardia ou ineficiente do condutor;2;Colisão com objeto;Com Vítimas Feridas;Pleno dia;Crescente;Nublado;Dupla;Reta;Sim  ;"1149231   ";Automóvel;VW/NOVO GOL 1.6;"2012      ";Condutor;Lesões Leves;"36   ";Feminino;"0 ";"1    ";"0    ";"0    ";-15.8988340;-48.1159320;SPRF-DF;DEL03-DF;UOP01-DEL03-DF 
639904;"1435993   ";2024-11-06;quarta-feira;10:20:00;DF;"60   ";"6,1  ";BRASILIA;Sim;Reação tardia ou ineficiente do condutor;2;Colisão com objeto;Com Vítimas Feridas;Pleno dia;Crescente;Nublado;Dupla;Reta;Sim  ;"0         ";"0";NA/NA;"0         ";Testemunha;Não Informado;"0    ";Não Informado;"0 ";"0    ";"0    ";"0    ";-15.8988340;-48.1159320;SPRF-DF;DEL03-DF;UOP01-DEL03-DF 
639904;"1435916   ";2024-11-06;quarta-feira;10:20:00;DF;"60   ";"6,1  ";BRASILIA;Sim;Reação tardia ou ineficiente do condutor;1;Saída de leito carroçável;Com Vítimas Feridas;Pleno dia;Crescente;Nublado;Dupla;Reta;Sim  ;"1149231   ";Automóvel;VW/NOVO GOL 1.6;"2012      ";Condutor;Lesões Leves;"36   ";Feminino;"0 ";"1    ";"0    ";"0    ";-15.8988340;-48.1159320;SPRF-DF;DEL03-DF;UOP01-DEL03-DF 
639904;"1435993   ";2024-11-06;quarta-feira;10:20:00;DF;"60   ";"6,1  ";BRASILIA;Sim;Reação tardia ou ineficiente do condutor;1;Saída de leito carroçável;Com Vítimas Feridas;Pleno dia;Crescente;Nublado;Dupla;Reta;Sim  ;"0         ";"0";NA/NA;"0         ";Testemunha;Não Informado;"0    ";Não Informado;"0 ";"0    ";"0    ";"0    ";-15.8988340;-48.1159320;SPRF-DF;DEL03-DF;UOP01-DEL03-DF 
639966;"1436106   ";2024-11-06;quarta-feira;16:00:00;DF;"20   ";"4,2  ";BRASILIA;Sim;Trafegar com motocicleta (ou similar) entre as faixas;1;Colisão lateral mesmo sentido;Com Vítimas Feridas;Pleno dia;Decrescente;Nublado;Dupla;"Reta;Aclive";Sim  ;"1149369   ";Camioneta;I/MMC PAJERO GLS;"2001      ";Condutor;Ileso;"72   ";Masculino;"1 ";"0    ";"0    ";"0    ";-15.6754840;-47.8237610;SPRF-DF;DEL02-DF;UOP01-DEL02-DF 
639966;"1436101   ";2024-11-06;quarta-feira;16:00:00;DF;"20   ";"4,2  ";BRASILIA;Sim;Trafegar com motocicleta (ou similar) entre as faixas;1;Colisão lateral mesmo sentido;Com Vítimas Feridas;Pleno dia;Decrescente;Nublado;Dupla;"Reta;Aclive";Sim  ;"1149368   ";Automóvel;CHEV/ONIX PLUS 10MT LT2;"2020      ";Condutor;Ileso;"29   ";Masculino;"1 ";"0    ";"0    ";"0    ";-15.6754840;-47.8237610;SPRF-DF;DEL02-DF;UOP01-DEL02-DF 
639966;"1436100   ";2024-11-06;quarta-feira;16:00:00;DF;"20   ";"4,2  ";BRASILIA;Sim;Trafegar com motocicleta (ou similar) entre as faixas;1;Colisão lateral mesmo sentido;Com Vítimas Feridas;Pleno dia;Decrescente;Nublado;Dupla;"Reta;Aclive";Sim  ;"1149366   ";Motocicleta;HONDA/CG 160 FAN;"2024      ";Condutor;Lesões Leves;"27   ";Masculino;"0 ";"1    ";"0    ";"0    ";-15.6754840;-47.8237610;SPRF-DF;DEL02-DF;UOP01-DEL02-DF 
639993;"1436110   ";2024-11-06;quarta-feira;18:00:00;DF;"20   ";"5    ";BRASILIA;Sim;Manobra de mudança de faixa;1;Colisão lateral mesmo sentido;Com Vítimas Feridas;Plena Noite;Crescente;Nublado;Dupla;"Declive;Reta";Sim  ;"1149380   ";Automóvel;CHEVROLET/ONIX 10MT JOYE;"2017      ";Condutor;Ileso;"60   ";Masculino;"1 ";"0    ";"0    ";"0    ";-15.6705460;-47.8160440;SPRF-DF;DEL02-DF;UOP01-DEL02-DF 
639993;"1436109   ";2024-11-06;quarta-feira;18:00:00;DF;"20   ";"5    ";BRASILIA;Sim;Manobra de mudança de faixa;1;Colisão lateral mesmo sentido;Com Vítimas Feridas;Plena Noite;Crescente;Nublado;Dupla;"Declive;Reta";Sim  ;"1149379   ";Motocicleta;HONDA/CG 125I FAN;"2016      ";Passageiro;Lesões Leves;"21   ";Masculino;"0 ";"1    ";"0    ";"0    ";-15.6705460;-47.8160440;SPRF-DF;DEL02-DF;UOP01-DEL02-DF 
639993;"1436108   ";2024-11-06;quarta-feira;18:00:00;DF;"20   ";"5    ";BRASILIA;Sim;Manobra de mudança de faixa;1;Colisão lateral mesmo sentido;Com Vítimas Feridas;Plena Noite;Crescente;Nublado;Dupla;"Declive;Reta";Sim  ;"1149379   ";Motocicleta;HONDA/CG 125I FAN;"2016      ";Condutor;Lesões Leves;"19   ";Masculino;"0 ";"1    ";"0    ";"0    ";-15.6705460;-47.8160440;SPRF-DF;DEL02-DF;UOP01-DEL02-DF 
640010;"0         ";2024-11-06;quarta-feira;19:40:00;GO;"40   ";"137,2";CRISTALINA;Sim;Transitar na contramão;1;Colisão frontal;Com Vítimas Fatais;Plena Noite;Crescente;Nublado;Simples;"Curva;Aclive";Não  ;"1149441   ";Semireboque;SR/LIBRELATO CACAENCR 3E;"2019      ";"0";"0";"0    ";"0";"0 ";"0    ";"0    ";"0    ";-16.9504030;-47.3066030;SPRF-DF;DEL01-DF;UOP02-DEL01-DF 
640010;"1436175   ";2024-11-06;quarta-feira;19:40:00;GO;"40   ";"137,2";CRISTALINA;Sim;Transitar na contramão;1;Colisão frontal;Com Vítimas Fatais;Plena Noite;Crescente;Nublado;Simples;"Curva;Aclive";Não  ;"1149439   ";Caminhão-trator;VOLVO/FH 440 6X2T;"2010      ";Condutor;Ileso;"47   ";Masculino;"1 ";"0    ";"0    ";"0    ";-16.9504030;-47.3066030;SPRF-DF;DEL01-DF;UOP02-DEL01-DF 
640010;"1436174   ";2024-11-06;quarta-feira;19:40:00;GO;"40   ";"137,2";CRISTALINA;Sim;Transitar na contramão;1;Colisão frontal;Com Vítimas Fatais;Plena Noite;Crescente;Nublado;Simples;"Curva;Aclive";Não  ;"1149438   ";Automóvel;GM/CELTA 4P LIFE;"2005      ";Condutor;Óbito;"54   ";Masculino;"0 ";"0    ";"0    ";"1    ";-16.9504030;-47.3066030;SPRF-DF;DEL01-DF;UOP02-DEL01-DF 
640018;"1436169   ";2024-11-06;quarta-feira;20:15:00;DF;"40   ";"1,4  ";BRASILIA;Não;Trafegar com motocicleta (ou similar) entre as faixas;1;Queda de ocupante de veículo;Com Vítimas Feridas;Plena Noite;Crescente;Chuva;Dupla;Reta;Sim  ;"1149434   ";Motocicleta;HONDA/CG 125I FAN;"2017      ";Condutor;Lesões Leves;"33   ";Masculino;"0 ";"1    ";"0    ";"0    ";-15.9855320;-47.9877470;SPRF-DF;DEL01-DF;UOP01-DEL01-DF 
640018;"1436169   ";2024-11-06;quarta-feira;20:15:00;DF;"40   ";"1,4  ";BRASILIA;Sim;Chuva;1;Queda de ocupante de veículo;Com Vítimas Feridas;Plena Noite;Crescente;Chuva;Dupla;Reta;Sim  ;"1149434   ";Motocicleta;HONDA/CG 125I FAN;"2017      ";Condutor;Lesões Leves;"33   ";Masculino;"0 ";"1    ";"0    ";"0    ";-15.9855320;-47.9877470;SPRF-DF;DEL01-DF;UOP01-DEL01-DF 
640033;"1436162   ";2024-11-06;quarta-feira;22:30:00;GO;"414  ";"352  ";COCALZINHO DE GOIAS;Sim;Condutor Dormindo;2;Capotamento;Com Vítimas Feridas;Plena Noite;Crescente;Nublado;Simples;Reta;Não  ;"1149428   ";Automóvel;CITROEN/C3 90M TENDANCE;"2015      ";Condutor;Lesões Graves;"28   ";Masculino;"0 ";"0    ";"1    ";"0    ";-15.6474699;-48.6794961;SPRF-GO;DEL02-GO;UOP01-DEL02-GO 
640033;"1436162   ";2024-11-06;quarta-feira;22:30:00;GO;"414  ";"352  ";COCALZINHO DE GOIAS;Sim;Condutor Dormindo;1;Saída de leito carroçável;Com Vítimas Feridas;Plena Noite;Crescente;Nublado;Simples;Reta;Não  ;"1149428   ";Automóvel;CITROEN/C3 90M TENDANCE;"2015      ";Condutor;Lesões Graves;"28   ";Masculino;"0 ";"0    ";"1    ";"0    ";-15.6474699;-48.6794961;SPRF-GO;DEL02-GO;UOP01-DEL02-GO 
640048;"1436158   ";2024-11-06;quarta-feira;22:00:00;GO;"80   ";"137  ";BARRO ALTO;Sim;Ultrapassagem Indevida;1;Colisão frontal;Com Vítimas Feridas;Plena Noite;Decrescente;Nublado;Simples;"Curva;Aclive";Não  ;"1149427   ";Automóvel;VW/GOL 1.0;"2009      ";Condutor;Lesões Leves;"21   ";Masculino;"0 ";"1    ";"0    ";"0    ";-14.9405314;-48.9395714;SPRF-GO;DEL07-GO;UOP02-DEL07-GO 