id;pesid;data_inversa;dia_semana;horario;uf;br;km;municipio;causa_principal;causa_acidente;ordem_tipo_acidente;tipo_acidente;classificacao_acidente;fase_dia;sentido_via;condicao_metereologica;tipo_pista;tracado_via;uso_solo;id_veiculo;tipo_veiculo;marca;ano_fabricacao_veiculo;tipo_envolvido;estado_fisico;idade;sexo;ilesos;feridos_leves;feridos_graves;mortos;latitude;longitude;regional;delegacia;uop
640453;"1437037   ";2024-11-08;sexta-feira;18:00:00;GO;"20   ";"0,7  ";FORMOSA;Sim;Reação tardia ou ineficiente do condutor;2;Queda de ocupante de veículo;Com Vítimas Feridas;Pleno dia;Crescente;Nublado;Simples;Aclive;Não  ;"1150143   ";Motocicleta;HONDA/CG 125 FAN KS;"2012      ";Condutor;Lesões Leves;"43   ";Masculino;"0 ";"1    ";"0    ";"0    ";-15.5817440;-47.3432410;SPRF-DF;DEL02-DF;UOP02-DEL02-DF 
640453;"1437038   ";2024-11-08;sexta-feira;18:00:00;GO;"20   ";"0,7  ";FORMOSA;Sim;Reação tardia ou ineficiente do condutor;1;Colisão traseira;Com Vítimas Feridas;Pleno dia;Crescente;Nublado;Simples;Aclive;Não  ;"1150144   ";Caminhonete;GM/CHEVROLET D20 CUSTOM S;"1988      ";Condutor;Ileso;"61   ";Masculino;"1 ";"0    ";"0    ";"0    ";-15.5817440;-47.3432410;SPRF-DF;DEL02-DF;UOP02-DEL02-DF 
640453;"1437037   ";2024-11-08;sexta-feira;18:00:00;GO;"20   ";"0,7  ";FORMOSA;Sim;Reação tardia ou ineficiente do condutor;1;Colisão traseira;Com Vítimas Feridas;Pleno dia;Crescente;Nublado;Simples;Aclive;Não  ;"1150143   ";Motocicleta;HONDA/CG 125 FAN KS;"2012      ";Condutor;Lesões Leves;"43   ";Masculino;"0 ";"1    ";"0    ";"0    ";-15.5817440;-47.3432410;SPRF-DF;DEL02-DF;UOP02-DEL02-DF 
640454;"0         ";2024-11-08;sexta-feira;17:00:00;GO;"60   ";"39,5 ";ALEXANIA;Sim;Reação tardia ou ineficiente do condutor;3;Colisão com objeto;Com Vítimas Feridas;Pleno dia;Crescente;Sol;Dupla;"Curva;Aclive";Não  ;"1151436   ";Reboque;SR/NOMA SR2E18RT2 CG;"2016      ";"0";"0";"0    ";"0";"0 ";"0    ";"0    ";"0    ";-16.1143000;-48.5569000;SPRF-DF;DEL03-DF;UOP01-DEL03-DF 
640454;"1438718   ";2024-11-08;sexta-feira;17:00:00;GO;"60   ";"39,5 ";ALEXANIA;Sim;Reação tardia ou ineficiente do condutor;3;Colisão com objeto;Com Vítimas Feridas;Pleno dia;Crescente;Sol;Dupla;"Curva;Aclive";Não  ;"1150322   ";Caminhão-trator;VOLVO/FH 500 6X4T;"2014      ";Passageiro;Ileso;"40   ";Feminino;"1 ";"0    ";"0    ";"0    ";-16.1143000;-48.5569000;SPRF-DF;DEL03-DF;UOP01-DEL03-DF 
640454;"1438716   ";2024-11-08;sexta-feira;17:00:00;GO;"60   ";"39,5 ";ALEXANIA;Sim;Reação tardia ou ineficiente do condutor;3;Colisão com objeto;Com Vítimas Feridas;Pleno dia;Crescente;Sol;Dupla;"Curva;Aclive";Não  ;"1150322   ";Caminhão-trator;VOLVO/FH 500 6X4T;"2014      ";Condutor;Ileso;"62   ";Masculino;"1 ";"0    ";"0    ";"0    ";-16.1143000;-48.5569000;SPRF-DF;DEL03-DF;UOP01-DEL03-DF 
640454;"0         ";2024-11-08;sexta-feira;17:00:00;GO;"60   ";"39,5 ";ALEXANIA;Sim;Reação tardia ou ineficiente do condutor;3;Colisão com objeto;Com Vítimas Feridas;Pleno dia;Crescente;Sol;Dupla;"Curva;Aclive";Não  ;"1151421   ";Semireboque;R/NOMA DOLLIE 2E;"2016      ";"0";"0";"0    ";"0";"0 ";"0    ";"0    ";"0    ";-16.1143000;-48.5569000;SPRF-DF;DEL03-DF;UOP01-DEL03-DF 
640454;"1437245   ";2024-11-08;sexta-feira;17:00:00;GO;"60   ";"39,5 ";ALEXANIA;Sim;Reação tardia ou ineficiente do condutor;3;Colisão com objeto;Com Vítimas Feridas;Pleno dia;Crescente;Sol;Dupla;"Curva;Aclive";Não  ;"1150321   ";Utilitário;CAOACHERY/TIGGO 5X T;"2019      ";Condutor;Lesões Leves;"42   ";Masculino;"0 ";"1    ";"0    ";"0    ";-16.1143000;-48.5569000;SPRF-DF;DEL03-DF;UOP01-DEL03-DF 
640454;"1437247   ";2024-11-08;sexta-feira;17:00:00;GO;"60   ";"39,5 ";ALEXANIA;Sim;Reação tardia ou ineficiente do condutor;3;Colisão com objeto;Com Vítimas Feridas;Pleno dia;Crescente;Sol;Dupla;"Curva;Aclive";Não  ;"1150321   ";Utilitário;CAOACHERY/TIGGO 5X T;"2019      ";Passageiro;Ileso;"7    ";Masculino;"1 ";"0    ";"0    ";"0    ";-16.1143000;-48.5569000;SPRF-DF;DEL03-DF;UOP01-DEL03-DF 
640454;"1437246   ";2024-11-08;sexta-feira;17:00:00;GO;"60   ";"39,5 ";ALEXANIA;Sim;Reação tardia ou ineficiente do condutor;3;Colisão com objeto;Com Vítimas Feridas;Pleno dia;Crescente;Sol;Dupla;"Curva;Aclive";Não  ;"1150321   ";Utilitário;CAOACHERY/TIGGO 5X T;"2019      ";Passageiro;Lesões Leves;"4    ";Masculino;"0 ";"1    ";"0    ";"0    ";-16.1143000;-48.5569000;SPRF-DF;DEL03-DF;UOP01-DEL03-DF 
640454;"0         ";2024-11-08;sexta-feira;17:00:00;GO;"60   ";"39,5 ";ALEXANIA;Sim;Reação tardia ou ineficiente do condutor;2;Saída de leito carroçável;Com Vítimas Feridas;Pleno dia;Crescente;Sol;Dupla;"Curva;Aclive";Não  ;"1151436   ";Reboque;SR/NOMA SR2E18RT2 CG;"2016      ";"0";"0";"0    ";"0";"0 ";"0    ";"0    ";"0    ";-16.1143000;-48.5569000;SPRF-DF;DEL03-DF;UOP01-DEL03-DF 
640454;"1438718   ";2024-11-08;sexta-feira;17:00:00;GO;"60   ";"39,5 ";ALEXANIA;Sim;Reação tardia ou ineficiente do condutor;2;Saída de leito carroçável;Com Vítimas Feridas;Pleno dia;Crescente;Sol;Dupla;"Curva;Aclive";Não  ;"1150322   ";Caminhão-trator;VOLVO/FH 500 6X4T;"2014      ";Passageiro;Ileso;"40   ";Feminino;"1 ";"0    ";"0    ";"0    ";-16.1143000;-48.5569000;SPRF-DF;DEL03-DF;UOP01-DEL03-DF 
640454;"1438716   ";2024-11-08;sexta-feira;17:00:00;GO;"60   ";"39,5 ";ALEXANIA;Sim;Reação tardia ou ineficiente do condutor;2;Saída de leito carroçável;Com Vítimas Feridas;Pleno dia;Crescente;Sol;Dupla;"Curva;Aclive";Não  ;"1150322   ";Caminhão-trator;VOLVO/FH 500 6X4T;"2014      ";Condutor;Ileso;"62   ";Masculino;"1 ";"0    ";"0    ";"0    ";-16.1143000;-48.5569000;SPRF-DF;DEL03-DF;UOP01-DEL03-DF 
640454;"0         ";2024-11-08;sexta-feira;17:00:00;GO;"60   ";"39,5 ";ALEXANIA;Sim;Reação tardia ou ineficiente do condutor;2;Saída de leito carroçável;Com Vítimas Feridas;Pleno dia;Crescente;Sol;Dupla;"Curva;Aclive";Não  ;"1151421   ";Semireboque;R/NOMA DOLLIE 2E;"2016      ";"0";"0";"0    ";"0";"0 ";"0    ";"0    ";"0    ";-16.1143000;-48.5569000;SPRF-DF;DEL03-DF;UOP01-DEL03-DF 
640454;"1437245   ";2024-11-08;sexta-feira;17:00:00;GO;"60   ";"39,5 ";ALEXANIA;Sim;Reação tardia ou ineficiente do condutor;2;Saída de leito carroçável;Com Vítimas Feridas;Pleno dia;Crescente;Sol;Dupla;"Curva;Aclive";Não  ;"1150321   ";Utilitário;CAOACHERY/TIGGO 5X T;"2019      ";Condutor;Lesões Leves;"42   ";Masculino;"0 ";"1    ";"0    ";"0    ";-16.1143000;-48.5569000;SPRF-DF;DEL03-DF;UOP01-DEL03-DF 
640454;"1437247   ";2024-11-08;sexta-feira;17:00:00;GO;"60   ";"39,5 ";ALEXANIA;Sim;Reação tardia ou ineficiente do condutor;2;Saída de leito carroçável;Com Vítimas Feridas;Pleno dia;Crescente;Sol;Dupla;"Curva;Aclive";Não  ;"1150321   ";Utilitário;CAOACHERY/TIGGO 5X T;"2019      ";Passageiro;Ileso;"7    ";Masculino;"1 ";"0    ";"0    ";"0    ";-16.1143000;-48.5569000;SPRF-DF;DEL03-DF;UOP01-DEL03-DF 
640454;"1437246   ";2024-11-08;sexta-feira;17:00:00;GO;"60   ";"39,5 ";ALEXANIA;Sim;Reação tardia ou ineficiente do condutor;2;Saída de leito carroçável;Com Vítimas Feridas;Pleno dia;Crescente;Sol;Dupla;"Curva;Aclive";Não  ;"1150321   ";Utilitário;CAOACHERY/TIGGO 5X T;"2019      ";Passageiro;Lesões Leves;"4    ";Masculino;"0 ";"1    ";"0    ";"0    ";-16.1143000;-48.5569000;SPRF-DF;DEL03-DF;UOP01-DEL03-DF 
640454;"0         ";2024-11-08;sexta-feira;17:00:00;GO;"60   ";"39,5 ";ALEXANIA;Sim;Reação tardia ou ineficiente do condutor;1;Colisão lateral mesmo sentido;Com Vítimas Feridas;Pleno dia;Crescente;Sol;Dupla;"Curva;Aclive";Não  ;"1151436   ";Reboque;SR/NOMA SR2E18RT2 CG;"2016      ";"0";"0";"0    ";"0";"0 ";"0    ";"0    ";"0    ";-16.1143000;-48.5569000;SPRF-DF;DEL03-DF;UOP01-DEL03-DF 
640454;"1438718   ";2024-11-08;sexta-feira;17:00:00;GO;"60   ";"39,5 ";ALEXANIA;Sim;Reação tardia ou ineficiente do condutor;1;Colisão lateral mesmo sentido;Com Vítimas Feridas;Pleno dia;Crescente;Sol;Dupla;"Curva;Aclive";Não  ;"1150322   ";Caminhão-trator;VOLVO/FH 500 6X4T;"2014      ";Passageiro;Ileso;"40   ";Feminino;"1 ";"0    ";"0    ";"0    ";-16.1143000;-48.5569000;SPRF-DF;DEL03-DF;UOP01-DEL03-DF 
640454;"1438716   ";2024-11-08;sexta-feira;17:00:00;GO;"60   ";"39,5 ";ALEXANIA;Sim;Reação tardia ou ineficiente do condutor;1;Colisão lateral mesmo sentido;Com Vítimas Feridas;Pleno dia;Crescente;Sol;Dupla;"Curva;Aclive";Não  ;"1150322   ";Caminhão-trator;VOLVO/FH 500 6X4T;"2014      ";Condutor;Ileso;"62   ";Masculino;"1 ";"0    ";"0    ";"0    ";-16.1143000;-48.5569000;SPRF-DF;DEL03-DF;UOP01-DEL03-DF 
640454;"0         ";2024-11-08;sexta-feira;17:00:00;GO;"60   ";"39,5 ";ALEXANIA;Sim;Reação tardia ou ineficiente do condutor;1;Colisão lateral mesmo sentido;Com Vítimas Feridas;Pleno dia;Crescente;Sol;Dupla;"Curva;Aclive";Não  ;"1151421   ";Semireboque;R/NOMA DOLLIE 2E;"2016      ";"0";"0";"0    ";"0";"0 ";"0    ";"0    ";"0    ";-16.1143000;-48.5569000;SPRF-DF;DEL03-DF;UOP01-DEL03-DF 
640454;"1437245   ";2024-11-08;sexta-feira;17:00:00;GO;"60   ";"39,5 ";ALEXANIA;Sim;Reação tardia ou ineficiente do condutor;1;Colisão lateral mesmo sentido;Com Vítimas Feridas;Pleno dia;Crescente;Sol;Dupla;"Curva;Aclive";Não  ;"1150321   ";Utilitário;CAOACHERY/TIGGO 5X T;"2019      ";Condutor;Lesões Leves;"42   ";Masculino;"0 ";"1    ";"0    ";"0    ";-16.1143000;-48.5569000;SPRF-DF;DEL03-DF;UOP01-DEL03-DF 
640454;"1437247   ";2024-11-08;sexta-feira;17:00:00;GO;"60   ";"39,5 ";ALEXANIA;Sim;Reação tardia ou ineficiente do condutor;1;Colisão lateral mesmo sentido;Com Vítimas Feridas;Pleno dia;Crescente;Sol;Dupla;"Curva;Aclive";Não  ;"1150321   ";Utilitário;CAOACHERY/TIGGO 5X T;"2019      ";Passageiro;Ileso;"7    ";Masculino;"1 ";"0    ";"0    ";"0    ";-16.1143000;-48.5569000;SPRF-DF;DEL03-DF;UOP01-DEL03-DF 
640454;"1437246   ";2024-11-08;sexta-feira;17:00:00;GO;"60   ";"39,5 ";ALEXANIA;Sim;Reação tardia ou ineficiente do condutor;1;Colisão lateral mesmo sentido;Com Vítimas Feridas;Pleno dia;Crescente;Sol;Dupla;"Curva;Aclive";Não  ;"1150321   ";Utilitário;CAOACHERY/TIGGO 5X T;"2019      ";Passageiro;Lesões Leves;"4    ";Masculino;"0 ";"1    ";"0    ";"0    ";-16.1143000;-48.5569000;SPRF-DF;DEL03-DF;UOP01-DEL03-DF 
640508;"1437229   ";2024-11-08;sexta-feira;20:00:00;GO;"414  ";"322  ";COCALZINHO DE GOIAS;Sim;Ausência de reação do condutor;1;Colisão traseira;Sem Vítimas;Plena Noite;Crescente;Céu Claro;Simples;Em Obras;Não  ;"1150307   ";Automóvel;FORD/FIESTA 1.6 FLEX;"2012      ";Condutor;Ileso;"59   ";Masculino;"1 ";"0    ";"0    ";"0    ";-15.5809930;-48.6286620;SPRF-GO;DEL02-GO;UOP01-DEL02-GO 
640508;"1437228   ";2024-11-08;sexta-feira;20:00:00;GO;"414  ";"322  ";COCALZINHO DE GOIAS;Sim;Ausência de reação do condutor;1;Colisão traseira;Sem Vítimas;Plena Noite;Crescente;Céu Claro;Simples;Em Obras;Não  ;"1150306   ";Automóvel;Não Informado/Não Informado;"0         ";Condutor;Não Informado;"0    ";Não Informado;"0 ";"0    ";"0    ";"0    ";-15.5809930;-48.6286620;SPRF-GO;DEL02-GO;UOP01-DEL02-GO 
640575;"1437442   ";2024-11-09;sábado;07:30:00;DF;"20   ";"48   ";BRASILIA;Sim;Velocidade Incompatível;2;Capotamento;Com Vítimas Feridas;Pleno dia;Crescente;Céu Claro;Dupla;Declive;Não  ;"1150458   ";Caminhão-trator;SCANIA/R 440 A6X2;"2017      ";Condutor;Ileso;"51   ";Masculino;"1 ";"0    ";"0    ";"0    ";-15.5827230;-47.4403950;SPRF-DF;DEL02-DF;UOP01-DEL02-DF 
640575;"1437433   ";2024-11-09;sábado;07:30:00;DF;"20   ";"48   ";BRASILIA;Sim;Velocidade Incompatível;2;Capotamento;Com Vítimas Feridas;Pleno dia;Crescente;Céu Claro;Dupla;Declive;Não  ;"1150456   ";Automóvel;GM/CORSA HATCH MAXX;"2011      ";Passageiro;Lesões Graves;"29   ";Feminino;"0 ";"0    ";"1    ";"0    ";-15.5827230;-47.4403950;SPRF-DF;DEL02-DF;UOP01-DEL02-DF 
640575;"1437432   ";2024-11-09;sábado;07:30:00;DF;"20   ";"48   ";BRASILIA;Sim;Velocidade Incompatível;2;Capotamento;Com Vítimas Feridas;Pleno dia;Crescente;Céu Claro;Dupla;Declive;Não  ;"1150456   ";Automóvel;GM/CORSA HATCH MAXX;"2011      ";Condutor;Lesões Graves;"39   ";Feminino;"0 ";"0    ";"1    ";"0    ";-15.5827230;-47.4403950;SPRF-DF;DEL02-DF;UOP01-DEL02-DF 
640575;"0         ";2024-11-09;sábado;07:30:00;DF;"20   ";"48   ";BRASILIA;Sim;Velocidade Incompatível;2;Capotamento;Com Vítimas Feridas;Pleno dia;Crescente;Céu Claro;Dupla;Declive;Não  ;"1150459   ";Semireboque;SR/IBIPORA SR3E FRIG;"2017      ";"0";"0";"0    ";"0";"0 ";"0    ";"0    ";"0    ";-15.5827230;-47.4403950;SPRF-DF;DEL02-DF;UOP01-DEL02-DF 
640575;"1437442   ";2024-11-09;sábado;07:30:00;DF;"20   ";"48   ";BRASILIA;Sim;Velocidade Incompatível;1;Colisão lateral mesmo sentido;Com Vítimas Feridas;Pleno dia;Crescente;Céu Claro;Dupla;Declive;Não  ;"1150458   ";Caminhão-trator;SCANIA/R 440 A6X2;"2017      ";Condutor;Ileso;"51   ";Masculino;"1 ";"0    ";"0    ";"0    ";-15.5827230;-47.4403950;SPRF-DF;DEL02-DF;UOP01-DEL02-DF 
640575;"1437433   ";2024-11-09;sábado;07:30:00;DF;"20   ";"48   ";BRASILIA;Sim;Velocidade Incompatível;1;Colisão lateral mesmo sentido;Com Vítimas Feridas;Pleno dia;Crescente;Céu Claro;Dupla;Declive;Não  ;"1150456   ";Automóvel;GM/CORSA HATCH MAXX;"2011      ";Passageiro;Lesões Graves;"29   ";Feminino;"0 ";"0    ";"1    ";"0    ";-15.5827230;-47.4403950;SPRF-DF;DEL02-DF;UOP01-DEL02-DF 
640575;"1437432   ";2024-11-09;sábado;07:30:00;DF;"20   ";"48   ";BRASILIA;Sim;Velocidade Incompatível;1;Colisão lateral mesmo sentido;Com Vítimas Feridas;Pleno dia;Crescente;Céu Claro;Dupla;Declive;Não  ;"1150456   ";Automóvel;GM/CORSA HATCH MAXX;"2011      ";Condutor;Lesões Graves;"39   ";Feminino;"0 ";"0    ";"1    ";"0    ";-15.5827230;-47.4403950;SPRF-DF;DEL02-DF;UOP01-DEL02-DF 
640575;"0         ";2024-11-09;sábado;07:30:00;DF;"20   ";"48   ";BRASILIA;Sim;Velocidade Incompatível;1;Colisão lateral mesmo sentido;Com Vítimas Feridas;Pleno dia;Crescente;Céu Claro;Dupla;Declive;Não  ;"1150459   ";Semireboque;SR/IBIPORA SR3E FRIG;"2017      ";"0";"0";"0    ";"0";"0 ";"0    ";"0    ";"0    ";-15.5827230;-47.4403950;SPRF-DF;DEL02-DF;UOP01-DEL02-DF 
640612;"1440128   ";2024-11-09;sábado;11:50:00;GO;"60   ";"25,7 ";ALEXANIA;Sim;Reação tardia ou ineficiente do condutor;1;Saída de leito carroçável;Com Vítimas Feridas;Pleno dia;Crescente;Nublado;Dupla;"Curva;Declive";Não  ;"1150735   ";Automóvel;FIAT/PALIO WK TREKK 1.6;"2014      ";Passageiro;Lesões Leves;"49   ";Feminino;"0 ";"1    ";"0    ";"0    ";-16.0963000;-48.5202000;SPRF-DF;DEL03-DF;UOP01-DEL03-DF 
640612;"1437820   ";2024-11-09;sábado;11:50:00;GO;"60   ";"25,7 ";ALEXANIA;Sim;Reação tardia ou ineficiente do condutor;1;Saída de leito carroçável;Com Vítimas Feridas;Pleno dia;Crescente;Nublado;Dupla;"Curva;Declive";Não  ;"1150735   ";Automóvel;FIAT/PALIO WK TREKK 1.6;"2014      ";Condutor;Ileso;"51   ";Masculino;"1 ";"0    ";"0    ";"0    ";-16.0963000;-48.5202000;SPRF-DF;DEL03-DF;UOP01-DEL03-DF 
640631;"1437540   ";2024-11-09;sábado;06:30:00;GO;"414  ";"394  ";CORUMBA DE GOIAS;Não;Avarias e/ou desgaste excessivo no pneu;1;Colisão com objeto;Sem Vítimas;Amanhecer;Decrescente;Céu Claro;Simples;Reta;Sim  ;"1150543   ";Caminhonete;FIAT/STRADA HD WK CE E;"2019      ";Condutor;Não Informado;"0    ";Não Informado;"0 ";"0    ";"0    ";"0    ";-15.9279331;-48.8053844;SPRF-GO;DEL02-GO;UOP01-DEL02-GO 
640631;"1437540   ";2024-11-09;sábado;06:30:00;GO;"414  ";"394  ";CORUMBA DE GOIAS;Sim;Reação tardia ou ineficiente do condutor;1;Colisão com objeto;Sem Vítimas;Amanhecer;Decrescente;Céu Claro;Simples;Reta;Sim  ;"1150543   ";Caminhonete;FIAT/STRADA HD WK CE E;"2019      ";Condutor;Não Informado;"0    ";Não Informado;"0 ";"0    ";"0    ";"0    ";-15.9279331;-48.8053844;SPRF-GO;DEL02-GO;UOP01-DEL02-GO 
640704;"1437963   ";2024-11-09;sábado;19:50:00;DF;"80   ";"15,5 ";BRASILIA;Não;Ingestão de álcool pelo condutor;1;Colisão frontal;Com Vítimas Fatais;Plena Noite;Crescente;Nublado;Simples;"Reta;Aclive";Não  ;"1150851   ";Automóvel;VW/GOL 16V SPORT;"2002      ";Condutor;Lesões Leves;"43   ";Masculino;"0 ";"1    ";"0    ";"0    ";-15.7100130;-48.1994860;SPRF-DF;DEL03-DF;UOP02-DEL03-DF 
640704;"1437961   ";2024-11-09;sábado;19:50:00;DF;"80   ";"15,5 ";BRASILIA;Não;Ingestão de álcool pelo condutor;1;Colisão frontal;Com Vítimas Fatais;Plena Noite;Crescente;Nublado;Simples;"Reta;Aclive";Não  ;"1150850   ";Automóvel;GM/PRISMA MAXX;"2010      ";Passageiro;Óbito;"26   ";Feminino;"0 ";"0    ";"0    ";"1    ";-15.7100130;-48.1994860;SPRF-DF;DEL03-DF;UOP02-DEL03-DF 
640704;"1437959   ";2024-11-09;sábado;19:50:00;DF;"80   ";"15,5 ";BRASILIA;Não;Ingestão de álcool pelo condutor;1;Colisão frontal;Com Vítimas Fatais;Plena Noite;Crescente;Nublado;Simples;"Reta;Aclive";Não  ;"1150850   ";Automóvel;GM/PRISMA MAXX;"2010      ";Condutor;Lesões Leves;"24   ";Masculino;"0 ";"1    ";"0    ";"0    ";-15.7100130;-48.1994860;SPRF-DF;DEL03-DF;UOP02-DEL03-DF 
640704;"1437963   ";2024-11-09;sábado;19:50:00;DF;"80   ";"15,5 ";BRASILIA;Sim;Transitar na contramão;1;Colisão frontal;Com Vítimas Fatais;Plena Noite;Crescente;Nublado;Simples;"Reta;Aclive";Não  ;"1150851   ";Automóvel;VW/GOL 16V SPORT;"2002      ";Condutor;Lesões Leves;"43   ";Masculino;"0 ";"1    ";"0    ";"0    ";-15.7100130;-48.1994860;SPRF-DF;DEL03-DF;UOP02-DEL03-DF 
640704;"1437961   ";2024-11-09;sábado;19:50:00;DF;"80   ";"15,5 ";BRASILIA;Sim;Transitar na contramão;1;Colisão frontal;Com Vítimas Fatais;Plena Noite;Crescente;Nublado;Simples;"Reta;Aclive";Não  ;"1150850   ";Automóvel;GM/PRISMA MAXX;"2010      ";Passageiro;Óbito;"26   ";Feminino;"0 ";"0    ";"0    ";"1    ";-15.7100130;-48.1994860;SPRF-DF;DEL03-DF;UOP02-DEL03-DF 
640704;"1437959   ";2024-11-09;sábado;19:50:00;DF;"80   ";"15,5 ";BRASILIA;Sim;Transitar na contramão;1;Colisão frontal;Com Vítimas Fatais;Plena Noite;Crescente;Nublado;Simples;"Reta;Aclive";Não  ;"1150850   ";Automóvel;GM/PRISMA MAXX;"2010      ";Condutor;Lesões Leves;"24   ";Masculino;"0 ";"1    ";"0    ";"0    ";-15.7100130;-48.1994860;SPRF-DF;DEL03-DF;UOP02-DEL03-DF 
640744;"1437845   ";2024-11-09;sábado;23:47:00;GO;"50   ";"108,8";CRISTALINA;Sim;Ausência de reação do condutor;2;Tombamento;Sem Vítimas;Plena Noite;Crescente;Céu Claro;Dupla;Reta;Não  ;"1150761   ";Motocicleta;YAMAHA/YBR 125K;"2004      ";Condutor;Ileso;"0    ";Ignorado;"1 ";"0    ";"0    ";"0    ";-16.9309000;-47.7117000;SPRF-DF;DEL01-DF;UOP02-DEL01-DF 
640744;"1437845   ";2024-11-09;sábado;23:47:00;GO;"50   ";"108,8";CRISTALINA;Sim;Ausência de reação do condutor;1;Queda de ocupante de veículo;Sem Vítimas;Plena Noite;Crescente;Céu Claro;Dupla;Reta;Não  ;"1150761   ";Motocicleta;YAMAHA/YBR 125K;"2004      ";Condutor;Ileso;"0    ";Ignorado;"1 ";"0    ";"0    ";"0    ";-16.9309000;-47.7117000;SPRF-DF;DEL01-DF;UOP02-DEL01-DF 
640768;"1437976   ";2024-11-10;domingo;02:20:00;DF;"80   ";"13,3 ";BRASILIA;Sim;Ingestão de álcool pelo condutor;2;Queda de ocupante de veículo;Com Vítimas Feridas;Plena Noite;Crescente;Céu Claro;Simples;Reta;Não  ;"1150867   ";Motocicleta;HONDA/NXR160 BROS ESDD;"2017      ";Condutor;Lesões Leves;"42   ";Masculino;"0 ";"1    ";"0    ";"0    ";-15.7280340;-48.1937680;SPRF-DF;DEL03-DF;UOP02-DEL03-DF 
640768;"1437976   ";2024-11-10;domingo;02:20:00;DF;"80   ";"13,3 ";BRASILIA;Sim;Ingestão de álcool pelo condutor;1;Saída de leito carroçável;Com Vítimas Feridas;Plena Noite;Crescente;Céu Claro;Simples;Reta;Não  ;"1150867   ";Motocicleta;HONDA/NXR160 BROS ESDD;"2017      ";Condutor;Lesões Leves;"42   ";Masculino;"0 ";"1    ";"0    ";"0    ";-15.7280340;-48.1937680;SPRF-DF;DEL03-DF;UOP02-DEL03-DF 
640778;"1437909   ";2024-11-10;domingo;04:30:00;GO;"20   ";"6    ";FORMOSA;Não;Ingestão de álcool pelo condutor;2;Tombamento;Com Vítimas Feridas;Plena Noite;Crescente;Nublado;Simples;Curva;Não  ;"1150812   ";Automóvel;GM/CELTA;"2002      ";Condutor;Lesões Leves;"43   ";Feminino;"0 ";"1    ";"0    ";"0    ";-15.5492100;-47.3002280;SPRF-DF;DEL02-DF;UOP02-DEL02-DF 
640778;"1437909   ";2024-11-10;domingo;04:30:00;GO;"20   ";"6    ";FORMOSA;Não;Ingestão de álcool pelo condutor;1;Saída de leito carroçável;Com Vítimas Feridas;Plena Noite;Crescente;Nublado;Simples;Curva;Não  ;"1150812   ";Automóvel;GM/CELTA;"2002      ";Condutor;Lesões Leves;"43   ";Feminino;"0 ";"1    ";"0    ";"0    ";-15.5492100;-47.3002280;SPRF-DF;DEL02-DF;UOP02-DEL02-DF 
640778;"1437909   ";2024-11-10;domingo;04:30:00;GO;"20   ";"6    ";FORMOSA;Sim;Ausência de reação do condutor;2;Tombamento;Com Vítimas Feridas;Plena Noite;Crescente;Nublado;Simples;Curva;Não  ;"1150812   ";Automóvel;GM/CELTA;"2002      ";Condutor;Lesões Leves;"43   ";Feminino;"0 ";"1    ";"0    ";"0    ";-15.5492100;-47.3002280;SPRF-DF;DEL02-DF;UOP02-DEL02-DF 
640778;"1437909   ";2024-11-10;domingo;04:30:00;GO;"20   ";"6    ";FORMOSA;Sim;Ausência de reação do condutor;1;Saída de leito carroçável;Com Vítimas Feridas;Plena Noite;Crescente;Nublado;Simples;Curva;Não  ;"1150812   ";Automóvel;GM/CELTA;"2002      ";Condutor;Lesões Leves;"43   ";Feminino;"0 ";"1    ";"0    ";"0    ";-15.5492100;-47.3002280;SPRF-DF;DEL02-DF;UOP02-DEL02-DF 
640850;"1438052   ";2024-11-10;domingo;12:40:00;DF;"20   ";"57   ";BRASILIA;Sim;Velocidade Incompatível;2;Capotamento;Sem Vítimas;Pleno dia;Crescente;Nublado;Dupla;Curva;Não  ;"1150925   ";Automóvel;HONDA/CIVIC LXS FLEX;"2009      ";Condutor;Não Informado;"0    ";Não Informado;"0 ";"0    ";"0    ";"0    ";-15.5830270;-47.3670810;SPRF-DF;DEL02-DF;UOP01-DEL02-DF 
640850;"1438052   ";2024-11-10;domingo;12:40:00;DF;"20   ";"57   ";BRASILIA;Sim;Velocidade Incompatível;1;Saída de leito carroçável;Sem Vítimas;Pleno dia;Crescente;Nublado;Dupla;Curva;Não  ;"1150925   ";Automóvel;HONDA/CIVIC LXS FLEX;"2009      ";Condutor;Não Informado;"0    ";Não Informado;"0 ";"0    ";"0    ";"0    ";-15.5830270;-47.3670810;SPRF-DF;DEL02-DF;UOP01-DEL02-DF 
640888;"1438166   ";2024-11-10;domingo;16:36:00;DF;"20   ";"10,9 ";BRASILIA;Sim;Entrada inopinada do pedestre;1;Atropelamento de Pedestre;Com Vítimas Feridas;Pleno dia;Crescente;Nublado;Múltipla;"Reta;Aclive";Sim  ;"1151026   ";Automóvel;VW/GOL MI;"1998      ";Condutor;Ileso;"24   ";Masculino;"1 ";"0    ";"0    ";"0    ";-15.6502430;-47.7738720;SPRF-DF;DEL02-DF;UOP01-DEL02-DF 
640888;"1438175   ";2024-11-10;domingo;16:36:00;DF;"20   ";"10,9 ";BRASILIA;Sim;Entrada inopinada do pedestre;1;Atropelamento de Pedestre;Com Vítimas Feridas;Pleno dia;Crescente;Nublado;Múltipla;"Reta;Aclive";Sim  ;"0         ";"0";NA/NA;"0         ";Pedestre;Lesões Leves;"42   ";Feminino;"0 ";"1    ";"0    ";"0    ";-15.6502430;-47.7738720;SPRF-DF;DEL02-DF;UOP01-DEL02-DF 