id;pesid;data_inversa;dia_semana;horario;uf;br;km;municipio;causa_principal;causa_acidente;ordem_tipo_acidente;tipo_acidente;classificacao_acidente;fase_dia;sentido_via;condicao_metereologica;tipo_pista;tracado_via;uso_solo;id_veiculo;tipo_veiculo;marca;ano_fabricacao_veiculo;tipo_envolvido;estado_fisico;idade;sexo;ilesos;feridos_leves;feridos_graves;mortos;latitude;longitude;regional;delegacia;uop
640888;"1438167   ";2024-11-10;domingo;16:36:00;DF;"20   ";"10,9 ";BRASILIA;Sim;Entrada inopinada do pedestre;1;Atropelamento de Pedestre;Com Vítimas Feridas;Pleno dia;Crescente;Nublado;Múltipla;"Reta;Aclive";Sim  ;"0         ";"0";NA/NA;"0         ";Pedestre;Lesões Graves;"47   ";Masculino;"0 ";"0    ";"1    ";"0    ";-15.6502430;-47.7738720;SPRF-DF;DEL02-DF;UOP01-DEL02-DF 
640890;"1438256   ";2024-11-10;domingo;16:50:00;GO;"70   ";"9    ";AGUAS LINDAS DE GOIAS;Sim;Ausência de reação do condutor;1;Colisão traseira;Com Vítimas Feridas;Pleno dia;Decrescente;Sol;Dupla;Reta;Sim  ;"1151012   ";Ciclomotor;I/HAOJIAN AVELLOZ AZ1;"2023      ";Passageiro;Lesões Leves;"43   ";Feminino;"0 ";"1    ";"0    ";"0    ";-15.7357673;-48.2828805;SPRF-DF;DEL03-DF;UOP02-DEL03-DF 
640890;"1438254   ";2024-11-10;domingo;16:50:00;GO;"70   ";"9    ";AGUAS LINDAS DE GOIAS;Sim;Ausência de reação do condutor;1;Colisão traseira;Com Vítimas Feridas;Pleno dia;Decrescente;Sol;Dupla;Reta;Sim  ;"1151012   ";Ciclomotor;I/HAOJIAN AVELLOZ AZ1;"2023      ";Condutor;Lesões Leves;"57   ";Masculino;"0 ";"1    ";"0    ";"0    ";-15.7357673;-48.2828805;SPRF-DF;DEL03-DF;UOP02-DEL03-DF 
640890;"1438252   ";2024-11-10;domingo;16:50:00;GO;"70   ";"9    ";AGUAS LINDAS DE GOIAS;Sim;Ausência de reação do condutor;1;Colisão traseira;Com Vítimas Feridas;Pleno dia;Decrescente;Sol;Dupla;Reta;Sim  ;"1151010   ";Motocicleta;YAMAHA/FZ25 FAZER;"2024      ";Condutor;Lesões Leves;"30   ";Masculino;"0 ";"1    ";"0    ";"0    ";-15.7357673;-48.2828805;SPRF-DF;DEL03-DF;UOP02-DEL03-DF 
640944;"1438347   ";2024-11-10;domingo;19:50:00;DF;"20   ";"16   ";BRASILIA;Sim;Chuva;1;Colisão traseira;Com Vítimas Feridas;Plena Noite;Crescente;Chuva;Dupla;"Declive;Reta";Sim  ;"1151144   ";Automóvel;CITROEN/C3 XTR 14 FLEX;"2007      ";Condutor;Ileso;"42   ";Masculino;"1 ";"0    ";"0    ";"0    ";-15.6256750;-47.7251590;SPRF-DF;DEL02-DF;UOP01-DEL02-DF 
640944;"1438353   ";2024-11-10;domingo;19:50:00;DF;"20   ";"16   ";BRASILIA;Sim;Chuva;1;Colisão traseira;Com Vítimas Feridas;Plena Noite;Crescente;Chuva;Dupla;"Declive;Reta";Sim  ;"1151147   ";Automóvel;VW/FOX 1.0 GII;"2011      ";Condutor;Ileso;"50   ";Masculino;"1 ";"0    ";"0    ";"0    ";-15.6256750;-47.7251590;SPRF-DF;DEL02-DF;UOP01-DEL02-DF 
640944;"1438351   ";2024-11-10;domingo;19:50:00;DF;"20   ";"16   ";BRASILIA;Sim;Chuva;1;Colisão traseira;Com Vítimas Feridas;Plena Noite;Crescente;Chuva;Dupla;"Declive;Reta";Sim  ;"1151146   ";Automóvel;AUDI/A3 1.8T;"2005      ";Passageiro;Lesões Leves;"34   ";Feminino;"0 ";"1    ";"0    ";"0    ";-15.6256750;-47.7251590;SPRF-DF;DEL02-DF;UOP01-DEL02-DF 
640944;"1438349   ";2024-11-10;domingo;19:50:00;DF;"20   ";"16   ";BRASILIA;Sim;Chuva;1;Colisão traseira;Com Vítimas Feridas;Plena Noite;Crescente;Chuva;Dupla;"Declive;Reta";Sim  ;"1151146   ";Automóvel;AUDI/A3 1.8T;"2005      ";Passageiro;Lesões Leves;"22   ";Masculino;"0 ";"1    ";"0    ";"0    ";-15.6256750;-47.7251590;SPRF-DF;DEL02-DF;UOP01-DEL02-DF 
640944;"1438348   ";2024-11-10;domingo;19:50:00;DF;"20   ";"16   ";BRASILIA;Sim;Chuva;1;Colisão traseira;Com Vítimas Feridas;Plena Noite;Crescente;Chuva;Dupla;"Declive;Reta";Sim  ;"1151146   ";Automóvel;AUDI/A3 1.8T;"2005      ";Condutor;Ileso;"29   ";Masculino;"1 ";"0    ";"0    ";"0    ";-15.6256750;-47.7251590;SPRF-DF;DEL02-DF;UOP01-DEL02-DF 
640998;"1438489   ";2024-11-10;domingo;22:20:00;DF;"70   ";"17   ";BRASILIA;Sim;Manobra de mudança de faixa;1;Colisão traseira;Sem Vítimas;Plena Noite;Crescente;Nublado;Dupla;Reta;Sim  ;"1151251   ";Automóvel;VW/GOL 1.0;"2007      ";Condutor;Ileso;"66   ";Masculino;"1 ";"0    ";"0    ";"0    ";-15.7941330;-48.2020950;SPRF-DF;DEL03-DF;UOP02-DEL03-DF 
640998;"1438490   ";2024-11-10;domingo;22:20:00;DF;"70   ";"17   ";BRASILIA;Sim;Manobra de mudança de faixa;1;Colisão traseira;Sem Vítimas;Plena Noite;Crescente;Nublado;Dupla;Reta;Sim  ;"1151252   ";Automóvel;I/CHEV CLASSIC 1.0LS ADV;"2014      ";Condutor;Ileso;"48   ";Masculino;"1 ";"0    ";"0    ";"0    ";-15.7941330;-48.2020950;SPRF-DF;DEL03-DF;UOP02-DEL03-DF 
641019;"1438439   ";2024-11-10;domingo;23:40:00;GO;"40   ";"87   ";CRISTALINA;Não;Reação tardia ou ineficiente do condutor;2;Eventos atípicos;Sem Vítimas;Plena Noite;Decrescente;Céu Claro;Simples;"Desvio Temporário;Reta";Não  ;"1151218   ";Automóvel;FORD/KA SE 1.5 HA B;"2018      ";Condutor;Ileso;"24   ";Masculino;"1 ";"0    ";"0    ";"0    ";-16.7132170;-47.6700470;SPRF-DF;DEL01-DF;UOP02-DEL01-DF 
641019;"1438439   ";2024-11-10;domingo;23:40:00;GO;"40   ";"87   ";CRISTALINA;Não;Reação tardia ou ineficiente do condutor;1;Colisão com objeto;Sem Vítimas;Plena Noite;Decrescente;Céu Claro;Simples;"Desvio Temporário;Reta";Não  ;"1151218   ";Automóvel;FORD/KA SE 1.5 HA B;"2018      ";Condutor;Ileso;"24   ";Masculino;"1 ";"0    ";"0    ";"0    ";-16.7132170;-47.6700470;SPRF-DF;DEL01-DF;UOP02-DEL01-DF 
641019;"1438439   ";2024-11-10;domingo;23:40:00;GO;"40   ";"87   ";CRISTALINA;Não;Manobra de mudança de faixa;2;Eventos atípicos;Sem Vítimas;Plena Noite;Decrescente;Céu Claro;Simples;"Desvio Temporário;Reta";Não  ;"1151218   ";Automóvel;FORD/KA SE 1.5 HA B;"2018      ";Condutor;Ileso;"24   ";Masculino;"1 ";"0    ";"0    ";"0    ";-16.7132170;-47.6700470;SPRF-DF;DEL01-DF;UOP02-DEL01-DF 
641019;"1438439   ";2024-11-10;domingo;23:40:00;GO;"40   ";"87   ";CRISTALINA;Não;Manobra de mudança de faixa;1;Colisão com objeto;Sem Vítimas;Plena Noite;Decrescente;Céu Claro;Simples;"Desvio Temporário;Reta";Não  ;"1151218   ";Automóvel;FORD/KA SE 1.5 HA B;"2018      ";Condutor;Ileso;"24   ";Masculino;"1 ";"0    ";"0    ";"0    ";-16.7132170;-47.6700470;SPRF-DF;DEL01-DF;UOP02-DEL01-DF 
641019;"1438439   ";2024-11-10;domingo;23:40:00;GO;"40   ";"87   ";CRISTALINA;Não;Ausência de reação do condutor;2;Eventos atípicos;Sem Vítimas;Plena Noite;Decrescente;Céu Claro;Simples;"Desvio Temporário;Reta";Não  ;"1151218   ";Automóvel;FORD/KA SE 1.5 HA B;"2018      ";Condutor;Ileso;"24   ";Masculino;"1 ";"0    ";"0    ";"0    ";-16.7132170;-47.6700470;SPRF-DF;DEL01-DF;UOP02-DEL01-DF 
641019;"1438439   ";2024-11-10;domingo;23:40:00;GO;"40   ";"87   ";CRISTALINA;Não;Ausência de reação do condutor;1;Colisão com objeto;Sem Vítimas;Plena Noite;Decrescente;Céu Claro;Simples;"Desvio Temporário;Reta";Não  ;"1151218   ";Automóvel;FORD/KA SE 1.5 HA B;"2018      ";Condutor;Ileso;"24   ";Masculino;"1 ";"0    ";"0    ";"0    ";-16.7132170;-47.6700470;SPRF-DF;DEL01-DF;UOP02-DEL01-DF 
641019;"1438439   ";2024-11-10;domingo;23:40:00;GO;"40   ";"87   ";CRISTALINA;Não;Velocidade Incompatível;2;Eventos atípicos;Sem Vítimas;Plena Noite;Decrescente;Céu Claro;Simples;"Desvio Temporário;Reta";Não  ;"1151218   ";Automóvel;FORD/KA SE 1.5 HA B;"2018      ";Condutor;Ileso;"24   ";Masculino;"1 ";"0    ";"0    ";"0    ";-16.7132170;-47.6700470;SPRF-DF;DEL01-DF;UOP02-DEL01-DF 
641019;"1438439   ";2024-11-10;domingo;23:40:00;GO;"40   ";"87   ";CRISTALINA;Não;Velocidade Incompatível;1;Colisão com objeto;Sem Vítimas;Plena Noite;Decrescente;Céu Claro;Simples;"Desvio Temporário;Reta";Não  ;"1151218   ";Automóvel;FORD/KA SE 1.5 HA B;"2018      ";Condutor;Ileso;"24   ";Masculino;"1 ";"0    ";"0    ";"0    ";-16.7132170;-47.6700470;SPRF-DF;DEL01-DF;UOP02-DEL01-DF 
641019;"1438439   ";2024-11-10;domingo;23:40:00;GO;"40   ";"87   ";CRISTALINA;Sim;Ingestão de álcool pelo condutor;2;Eventos atípicos;Sem Vítimas;Plena Noite;Decrescente;Céu Claro;Simples;"Desvio Temporário;Reta";Não  ;"1151218   ";Automóvel;FORD/KA SE 1.5 HA B;"2018      ";Condutor;Ileso;"24   ";Masculino;"1 ";"0    ";"0    ";"0    ";-16.7132170;-47.6700470;SPRF-DF;DEL01-DF;UOP02-DEL01-DF 
641019;"1438439   ";2024-11-10;domingo;23:40:00;GO;"40   ";"87   ";CRISTALINA;Sim;Ingestão de álcool pelo condutor;1;Colisão com objeto;Sem Vítimas;Plena Noite;Decrescente;Céu Claro;Simples;"Desvio Temporário;Reta";Não  ;"1151218   ";Automóvel;FORD/KA SE 1.5 HA B;"2018      ";Condutor;Ileso;"24   ";Masculino;"1 ";"0    ";"0    ";"0    ";-16.7132170;-47.6700470;SPRF-DF;DEL01-DF;UOP02-DEL01-DF 
641094;"1438753   ";2024-11-11;segunda-feira;11:10:00;DF;"40   ";"5    ";BRASILIA;Sim;Ausência de reação do condutor;1;Colisão traseira;Com Vítimas Feridas;Pleno dia;Crescente;Nublado;Dupla;Reta;Não  ;"1151472   ";Motocicleta;HONDA/CG 150 FAN ESI;"2010      ";Condutor;Lesões Leves;"31   ";Masculino;"0 ";"1    ";"0    ";"0    ";-16.0209030;-47.9805410;SPRF-DF;DEL01-DF;UOP01-DEL01-DF 
641094;"1438752   ";2024-11-11;segunda-feira;11:10:00;DF;"40   ";"5    ";BRASILIA;Sim;Ausência de reação do condutor;1;Colisão traseira;Com Vítimas Feridas;Pleno dia;Crescente;Nublado;Dupla;Reta;Não  ;"1151471   ";Automóvel;HYUNDAI/HB20S 10M COMFOR;"2022      ";Condutor;Ileso;"30   ";Masculino;"1 ";"0    ";"0    ";"0    ";-16.0209030;-47.9805410;SPRF-DF;DEL01-DF;UOP01-DEL01-DF 
641195;"1438946   ";2024-11-11;segunda-feira;19:00:00;DF;"20   ";"4    ";BRASILIA;Não;Declive acentuado;3;Queda de ocupante de veículo;Com Vítimas Feridas;Anoitecer;Crescente;Nublado;Dupla;"Reta;Declive";Não  ;"1151608   ";Motocicleta;HONDA/CG 150 TITAN KS;"2007      ";Condutor;Lesões Leves;"35   ";Masculino;"0 ";"1    ";"0    ";"0    ";-15.6754840;-47.8237610;SPRF-DF;DEL02-DF;UOP01-DEL02-DF 
641195;"1438945   ";2024-11-11;segunda-feira;19:00:00;DF;"20   ";"4    ";BRASILIA;Não;Declive acentuado;3;Queda de ocupante de veículo;Com Vítimas Feridas;Anoitecer;Crescente;Nublado;Dupla;"Reta;Declive";Não  ;"1151607   ";Automóvel;CHEVROLET/CELTA 1.0L LT;"2013      ";Condutor;Ileso;"41   ";Masculino;"1 ";"0    ";"0    ";"0    ";-15.6754840;-47.8237610;SPRF-DF;DEL02-DF;UOP01-DEL02-DF 
641195;"1438946   ";2024-11-11;segunda-feira;19:00:00;DF;"20   ";"4    ";BRASILIA;Não;Declive acentuado;2;Tombamento;Com Vítimas Feridas;Anoitecer;Crescente;Nublado;Dupla;"Reta;Declive";Não  ;"1151608   ";Motocicleta;HONDA/CG 150 TITAN KS;"2007      ";Condutor;Lesões Leves;"35   ";Masculino;"0 ";"1    ";"0    ";"0    ";-15.6754840;-47.8237610;SPRF-DF;DEL02-DF;UOP01-DEL02-DF 
641195;"1438945   ";2024-11-11;segunda-feira;19:00:00;DF;"20   ";"4    ";BRASILIA;Não;Declive acentuado;2;Tombamento;Com Vítimas Feridas;Anoitecer;Crescente;Nublado;Dupla;"Reta;Declive";Não  ;"1151607   ";Automóvel;CHEVROLET/CELTA 1.0L LT;"2013      ";Condutor;Ileso;"41   ";Masculino;"1 ";"0    ";"0    ";"0    ";-15.6754840;-47.8237610;SPRF-DF;DEL02-DF;UOP01-DEL02-DF 
641195;"1438946   ";2024-11-11;segunda-feira;19:00:00;DF;"20   ";"4    ";BRASILIA;Não;Declive acentuado;1;Colisão lateral mesmo sentido;Com Vítimas Feridas;Anoitecer;Crescente;Nublado;Dupla;"Reta;Declive";Não  ;"1151608   ";Motocicleta;HONDA/CG 150 TITAN KS;"2007      ";Condutor;Lesões Leves;"35   ";Masculino;"0 ";"1    ";"0    ";"0    ";-15.6754840;-47.8237610;SPRF-DF;DEL02-DF;UOP01-DEL02-DF 
641195;"1438945   ";2024-11-11;segunda-feira;19:00:00;DF;"20   ";"4    ";BRASILIA;Não;Declive acentuado;1;Colisão lateral mesmo sentido;Com Vítimas Feridas;Anoitecer;Crescente;Nublado;Dupla;"Reta;Declive";Não  ;"1151607   ";Automóvel;CHEVROLET/CELTA 1.0L LT;"2013      ";Condutor;Ileso;"41   ";Masculino;"1 ";"0    ";"0    ";"0    ";-15.6754840;-47.8237610;SPRF-DF;DEL02-DF;UOP01-DEL02-DF 
641195;"1438946   ";2024-11-11;segunda-feira;19:00:00;DF;"20   ";"4    ";BRASILIA;Não;Velocidade Incompatível;3;Queda de ocupante de veículo;Com Vítimas Feridas;Anoitecer;Crescente;Nublado;Dupla;"Reta;Declive";Não  ;"1151608   ";Motocicleta;HONDA/CG 150 TITAN KS;"2007      ";Condutor;Lesões Leves;"35   ";Masculino;"0 ";"1    ";"0    ";"0    ";-15.6754840;-47.8237610;SPRF-DF;DEL02-DF;UOP01-DEL02-DF 
641195;"1438945   ";2024-11-11;segunda-feira;19:00:00;DF;"20   ";"4    ";BRASILIA;Não;Velocidade Incompatível;3;Queda de ocupante de veículo;Com Vítimas Feridas;Anoitecer;Crescente;Nublado;Dupla;"Reta;Declive";Não  ;"1151607   ";Automóvel;CHEVROLET/CELTA 1.0L LT;"2013      ";Condutor;Ileso;"41   ";Masculino;"1 ";"0    ";"0    ";"0    ";-15.6754840;-47.8237610;SPRF-DF;DEL02-DF;UOP01-DEL02-DF 
641195;"1438946   ";2024-11-11;segunda-feira;19:00:00;DF;"20   ";"4    ";BRASILIA;Não;Velocidade Incompatível;2;Tombamento;Com Vítimas Feridas;Anoitecer;Crescente;Nublado;Dupla;"Reta;Declive";Não  ;"1151608   ";Motocicleta;HONDA/CG 150 TITAN KS;"2007      ";Condutor;Lesões Leves;"35   ";Masculino;"0 ";"1    ";"0    ";"0    ";-15.6754840;-47.8237610;SPRF-DF;DEL02-DF;UOP01-DEL02-DF 
641195;"1438945   ";2024-11-11;segunda-feira;19:00:00;DF;"20   ";"4    ";BRASILIA;Não;Velocidade Incompatível;2;Tombamento;Com Vítimas Feridas;Anoitecer;Crescente;Nublado;Dupla;"Reta;Declive";Não  ;"1151607   ";Automóvel;CHEVROLET/CELTA 1.0L LT;"2013      ";Condutor;Ileso;"41   ";Masculino;"1 ";"0    ";"0    ";"0    ";-15.6754840;-47.8237610;SPRF-DF;DEL02-DF;UOP01-DEL02-DF 
641195;"1438946   ";2024-11-11;segunda-feira;19:00:00;DF;"20   ";"4    ";BRASILIA;Não;Velocidade Incompatível;1;Colisão lateral mesmo sentido;Com Vítimas Feridas;Anoitecer;Crescente;Nublado;Dupla;"Reta;Declive";Não  ;"1151608   ";Motocicleta;HONDA/CG 150 TITAN KS;"2007      ";Condutor;Lesões Leves;"35   ";Masculino;"0 ";"1    ";"0    ";"0    ";-15.6754840;-47.8237610;SPRF-DF;DEL02-DF;UOP01-DEL02-DF 
641195;"1438945   ";2024-11-11;segunda-feira;19:00:00;DF;"20   ";"4    ";BRASILIA;Não;Velocidade Incompatível;1;Colisão lateral mesmo sentido;Com Vítimas Feridas;Anoitecer;Crescente;Nublado;Dupla;"Reta;Declive";Não  ;"1151607   ";Automóvel;CHEVROLET/CELTA 1.0L LT;"2013      ";Condutor;Ileso;"41   ";Masculino;"1 ";"0    ";"0    ";"0    ";-15.6754840;-47.8237610;SPRF-DF;DEL02-DF;UOP01-DEL02-DF 
641195;"1438946   ";2024-11-11;segunda-feira;19:00:00;DF;"20   ";"4    ";BRASILIA;Sim;Trafegar com motocicleta (ou similar) entre as faixas;3;Queda de ocupante de veículo;Com Vítimas Feridas;Anoitecer;Crescente;Nublado;Dupla;"Reta;Declive";Não  ;"1151608   ";Motocicleta;HONDA/CG 150 TITAN KS;"2007      ";Condutor;Lesões Leves;"35   ";Masculino;"0 ";"1    ";"0    ";"0    ";-15.6754840;-47.8237610;SPRF-DF;DEL02-DF;UOP01-DEL02-DF 
641195;"1438945   ";2024-11-11;segunda-feira;19:00:00;DF;"20   ";"4    ";BRASILIA;Sim;Trafegar com motocicleta (ou similar) entre as faixas;3;Queda de ocupante de veículo;Com Vítimas Feridas;Anoitecer;Crescente;Nublado;Dupla;"Reta;Declive";Não  ;"1151607   ";Automóvel;CHEVROLET/CELTA 1.0L LT;"2013      ";Condutor;Ileso;"41   ";Masculino;"1 ";"0    ";"0    ";"0    ";-15.6754840;-47.8237610;SPRF-DF;DEL02-DF;UOP01-DEL02-DF 
641195;"1438946   ";2024-11-11;segunda-feira;19:00:00;DF;"20   ";"4    ";BRASILIA;Sim;Trafegar com motocicleta (ou similar) entre as faixas;2;Tombamento;Com Vítimas Feridas;Anoitecer;Crescente;Nublado;Dupla;"Reta;Declive";Não  ;"1151608   ";Motocicleta;HONDA/CG 150 TITAN KS;"2007      ";Condutor;Lesões Leves;"35   ";Masculino;"0 ";"1    ";"0    ";"0    ";-15.6754840;-47.8237610;SPRF-DF;DEL02-DF;UOP01-DEL02-DF 
641195;"1438945   ";2024-11-11;segunda-feira;19:00:00;DF;"20   ";"4    ";BRASILIA;Sim;Trafegar com motocicleta (ou similar) entre as faixas;2;Tombamento;Com Vítimas Feridas;Anoitecer;Crescente;Nublado;Dupla;"Reta;Declive";Não  ;"1151607   ";Automóvel;CHEVROLET/CELTA 1.0L LT;"2013      ";Condutor;Ileso;"41   ";Masculino;"1 ";"0    ";"0    ";"0    ";-15.6754840;-47.8237610;SPRF-DF;DEL02-DF;UOP01-DEL02-DF 
641195;"1438946   ";2024-11-11;segunda-feira;19:00:00;DF;"20   ";"4    ";BRASILIA;Sim;Trafegar com motocicleta (ou similar) entre as faixas;1;Colisão lateral mesmo sentido;Com Vítimas Feridas;Anoitecer;Crescente;Nublado;Dupla;"Reta;Declive";Não  ;"1151608   ";Motocicleta;HONDA/CG 150 TITAN KS;"2007      ";Condutor;Lesões Leves;"35   ";Masculino;"0 ";"1    ";"0    ";"0    ";-15.6754840;-47.8237610;SPRF-DF;DEL02-DF;UOP01-DEL02-DF 
641195;"1438945   ";2024-11-11;segunda-feira;19:00:00;DF;"20   ";"4    ";BRASILIA;Sim;Trafegar com motocicleta (ou similar) entre as faixas;1;Colisão lateral mesmo sentido;Com Vítimas Feridas;Anoitecer;Crescente;Nublado;Dupla;"Reta;Declive";Não  ;"1151607   ";Automóvel;CHEVROLET/CELTA 1.0L LT;"2013      ";Condutor;Ileso;"41   ";Masculino;"1 ";"0    ";"0    ";"0    ";-15.6754840;-47.8237610;SPRF-DF;DEL02-DF;UOP01-DEL02-DF 
641203;"1438976   ";2024-11-11;segunda-feira;20:15:00;GO;"60   ";"3    ";ALEXANIA;Sim;Ingestão de álcool pelo condutor;1;Capotamento;Com Vítimas Feridas;Plena Noite;Crescente;Nublado;Dupla;Reta;Sim  ;"1151625   ";Automóvel;I/CHEVROLET AGILE LT;"2011      ";Condutor;Lesões Leves;"52   ";Masculino;"0 ";"1    ";"0    ";"0    ";-16.0941680;-48.5172120;SPRF-DF;DEL03-DF;UOP01-DEL03-DF 
641214;"1438999   ";2024-11-11;segunda-feira;22:43:00;DF;"70   ";"7    ";BRASILIA;Não;Reação tardia ou ineficiente do condutor;1;Colisão lateral mesmo sentido;Com Vítimas Feridas;Plena Noite;Crescente;Garoa/Chuvisco;Dupla;Reta;Sim  ;"1151636   ";Automóvel;Não Informado/Não Informado;"0         ";Condutor;Não Informado;"0    ";Não Informado;"0 ";"0    ";"0    ";"0    ";-15.7876010;-48.1144290;SPRF-DF;DEL03-DF;UOP02-DEL03-DF 
641214;"1438995   ";2024-11-11;segunda-feira;22:43:00;DF;"70   ";"7    ";BRASILIA;Não;Reação tardia ou ineficiente do condutor;1;Colisão lateral mesmo sentido;Com Vítimas Feridas;Plena Noite;Crescente;Garoa/Chuvisco;Dupla;Reta;Sim  ;"1151637   ";Bicicleta;Não Informado/Não Informado;"0         ";Condutor;Lesões Leves;"20   ";Masculino;"0 ";"1    ";"0    ";"0    ";-15.7876010;-48.1144290;SPRF-DF;DEL03-DF;UOP02-DEL03-DF 
641214;"1438999   ";2024-11-11;segunda-feira;22:43:00;DF;"70   ";"7    ";BRASILIA;Sim;Iluminação deficiente;1;Colisão lateral mesmo sentido;Com Vítimas Feridas;Plena Noite;Crescente;Garoa/Chuvisco;Dupla;Reta;Sim  ;"1151636   ";Automóvel;Não Informado/Não Informado;"0         ";Condutor;Não Informado;"0    ";Não Informado;"0 ";"0    ";"0    ";"0    ";-15.7876010;-48.1144290;SPRF-DF;DEL03-DF;UOP02-DEL03-DF 
641214;"1438995   ";2024-11-11;segunda-feira;22:43:00;DF;"70   ";"7    ";BRASILIA;Sim;Iluminação deficiente;1;Colisão lateral mesmo sentido;Com Vítimas Feridas;Plena Noite;Crescente;Garoa/Chuvisco;Dupla;Reta;Sim  ;"1151637   ";Bicicleta;Não Informado/Não Informado;"0         ";Condutor;Lesões Leves;"20   ";Masculino;"0 ";"1    ";"0    ";"0    ";-15.7876010;-48.1144290;SPRF-DF;DEL03-DF;UOP02-DEL03-DF 
641243;"1439116   ";2024-11-12;terça-feira;07:01:00;DF;"70   ";"8    ";BRASILIA;Sim;Pedestre cruzava a pista fora da faixa;1;Atropelamento de Pedestre;Com Vítimas Feridas;Pleno dia;Crescente;Céu Claro;Múltipla;Reta;Sim  ;"1151743   ";Motocicleta;HONDA/CG 160 FAN;"2021      ";Condutor;Lesões Leves;"28   ";Masculino;"0 ";"1    ";"0    ";"0    ";-15.7849660;-48.1221080;SPRF-DF;DEL03-DF;UOP02-DEL03-DF 
641243;"1441049   ";2024-11-12;terça-feira;07:01:00;DF;"70   ";"8    ";BRASILIA;Sim;Pedestre cruzava a pista fora da faixa;1;Atropelamento de Pedestre;Com Vítimas Feridas;Pleno dia;Crescente;Céu Claro;Múltipla;Reta;Sim  ;"1153182   ";Bicicleta;Não Informado/Não Informado;"0         ";Condutor;Ileso;"41   ";Masculino;"1 ";"0    ";"0    ";"0    ";-15.7849660;-48.1221080;SPRF-DF;DEL03-DF;UOP02-DEL03-DF 
641243;"1439116   ";2024-11-12;terça-feira;07:01:00;DF;"70   ";"8    ";BRASILIA;Não;Ausência de reação do condutor;1;Atropelamento de Pedestre;Com Vítimas Feridas;Pleno dia;Crescente;Céu Claro;Múltipla;Reta;Sim  ;"1151743   ";Motocicleta;HONDA/CG 160 FAN;"2021      ";Condutor;Lesões Leves;"28   ";Masculino;"0 ";"1    ";"0    ";"0    ";-15.7849660;-48.1221080;SPRF-DF;DEL03-DF;UOP02-DEL03-DF 
641243;"1441049   ";2024-11-12;terça-feira;07:01:00;DF;"70   ";"8    ";BRASILIA;Não;Ausência de reação do condutor;1;Atropelamento de Pedestre;Com Vítimas Feridas;Pleno dia;Crescente;Céu Claro;Múltipla;Reta;Sim  ;"1153182   ";Bicicleta;Não Informado/Não Informado;"0         ";Condutor;Ileso;"41   ";Masculino;"1 ";"0    ";"0    ";"0    ";-15.7849660;-48.1221080;SPRF-DF;DEL03-DF;UOP02-DEL03-DF 
641243;"1439116   ";2024-11-12;terça-feira;07:01:00;DF;"70   ";"8    ";BRASILIA;Não;Área urbana sem a presença de local apropriado para a travessia de pedestres;1;Atropelamento de Pedestre;Com Vítimas Feridas;Pleno dia;Crescente;Céu Claro;Múltipla;Reta;Sim  ;"1151743   ";Motocicleta;HONDA/CG 160 FAN;"2021      ";Condutor;Lesões Leves;"28   ";Masculino;"0 ";"1    ";"0    ";"0    ";-15.7849660;-48.1221080;SPRF-DF;DEL03-DF;UOP02-DEL03-DF 
641243;"1441049   ";2024-11-12;terça-feira;07:01:00;DF;"70   ";"8    ";BRASILIA;Não;Área urbana sem a presença de local apropriado para a travessia de pedestres;1;Atropelamento de Pedestre;Com Vítimas Feridas;Pleno dia;Crescente;Céu Claro;Múltipla;Reta;Sim  ;"1153182   ";Bicicleta;Não Informado/Não Informado;"0         ";Condutor;Ileso;"41   ";Masculino;"1 ";"0    ";"0    ";"0    ";-15.7849660;-48.1221080;SPRF-DF;DEL03-DF;UOP02-DEL03-DF 
641258;"1439095   ";2024-11-12;terça-feira;07:59:00;GO;"70   ";"8    ";AGUAS LINDAS DE GOIAS;Sim;Acessar a via sem observar a presença dos outros veículos;1;Atropelamento de Pedestre;Com Vítimas Feridas;Pleno dia;Decrescente;Nublado;Múltipla;Reta;Não  ;"1151730   ";Automóvel;CHEVROLET/COBALT 1.4 LTZ;"2012      ";Condutor;Ileso;"36   ";Masculino;"1 ";"0    ";"0    ";"0    ";-15.7373368;-48.2740747;SPRF-DF;DEL03-DF;UOP02-DEL03-DF 
641258;"1439097   ";2024-11-12;terça-feira;07:59:00;GO;"70   ";"8    ";AGUAS LINDAS DE GOIAS;Sim;Acessar a via sem observar a presença dos outros veículos;1;Atropelamento de Pedestre;Com Vítimas Feridas;Pleno dia;Decrescente;Nublado;Múltipla;Reta;Não  ;"0         ";"0";NA/NA;"0         ";Pedestre;Lesões Leves;"58   ";Feminino;"0 ";"1    ";"0    ";"0    ";-15.7373368;-48.2740747;SPRF-DF;DEL03-DF;UOP02-DEL03-DF 
641369;"1439490   ";2024-11-12;terça-feira;17:35:00;GO;"60   ";"20,5 ";ALEXANIA;Não;Chuva;2;Capotamento;Com Vítimas Feridas;Plena Noite;Crescente;Chuva;Dupla;Curva;Sim  ;"1152014   ";Caminhonete;I/FORD RANGER LTD 13P;"2010      ";Condutor;Lesões Leves;"53   ";Masculino;"0 ";"1    ";"0    ";"0    ";-16.0963000;-48.5202000;SPRF-DF;DEL03-DF;UOP01-DEL03-DF 
641369;"1439490   ";2024-11-12;terça-feira;17:35:00;GO;"60   ";"20,5 ";ALEXANIA;Não;Chuva;1;Colisão com objeto;Com Vítimas Feridas;Plena Noite;Crescente;Chuva;Dupla;Curva;Sim  ;"1152014   ";Caminhonete;I/FORD RANGER LTD 13P;"2010      ";Condutor;Lesões Leves;"53   ";Masculino;"0 ";"1    ";"0    ";"0    ";-16.0963000;-48.5202000;SPRF-DF;DEL03-DF;UOP01-DEL03-DF 