id;pesid;data_inversa;dia_semana;horario;uf;br;km;municipio;causa_principal;causa_acidente;ordem_tipo_acidente;tipo_acidente;classificacao_acidente;fase_dia;sentido_via;condicao_metereologica;tipo_pista;tracado_via;uso_solo;id_veiculo;tipo_veiculo;marca;ano_fabricacao_veiculo;tipo_envolvido;estado_fisico;idade;sexo;ilesos;feridos_leves;feridos_graves;mortos;latitude;longitude;regional;delegacia;uop
641369;"1439490   ";2024-11-12;terça-feira;17:35:00;GO;"60   ";"20,5 ";ALEXANIA;Sim;Velocidade Incompatível;2;Capotamento;Com Vítimas Feridas;Plena Noite;Crescente;Chuva;Dupla;Curva;Sim  ;"1152014   ";Caminhonete;I/FORD RANGER LTD 13P;"2010      ";Condutor;Lesões Leves;"53   ";Masculino;"0 ";"1    ";"0    ";"0    ";-16.0963000;-48.5202000;SPRF-DF;DEL03-DF;UOP01-DEL03-DF 
641369;"1439490   ";2024-11-12;terça-feira;17:35:00;GO;"60   ";"20,5 ";ALEXANIA;Sim;Velocidade Incompatível;1;Colisão com objeto;Com Vítimas Feridas;Plena Noite;Crescente;Chuva;Dupla;Curva;Sim  ;"1152014   ";Caminhonete;I/FORD RANGER LTD 13P;"2010      ";Condutor;Lesões Leves;"53   ";Masculino;"0 ";"1    ";"0    ";"0    ";-16.0963000;-48.5202000;SPRF-DF;DEL03-DF;UOP01-DEL03-DF 
641480;"1439659   ";2024-11-13;quarta-feira;07:40:00;DF;"40   ";"7    ";BRASILIA;Sim;Reação tardia ou ineficiente do condutor;1;Colisão traseira;Com Vítimas Feridas;Pleno dia;Decrescente;Céu Claro;Dupla;Reta;Sim  ;"1152137   ";Motocicleta;HONDA/CG 160 TITAN;"2021      ";Condutor;Ileso;"30   ";Masculino;"1 ";"0    ";"0    ";"0    ";-16.0386660;-47.9796910;SPRF-DF;DEL01-DF;UOP01-DEL01-DF 
641480;"1439660   ";2024-11-13;quarta-feira;07:40:00;DF;"40   ";"7    ";BRASILIA;Sim;Reação tardia ou ineficiente do condutor;1;Colisão traseira;Com Vítimas Feridas;Pleno dia;Decrescente;Céu Claro;Dupla;Reta;Sim  ;"1152138   ";Motocicleta;HONDA/CG 125 FAN ES;"2011      ";Condutor;Lesões Leves;"38   ";Masculino;"0 ";"1    ";"0    ";"0    ";-16.0386660;-47.9796910;SPRF-DF;DEL01-DF;UOP01-DEL01-DF 
641488;"1440014   ";2024-11-13;quarta-feira;08:50:00;DF;"40   ";"6    ";BRASILIA;Sim;Ausência de reação do condutor;2;Colisão com objeto;Com Vítimas Feridas;Pleno dia;Crescente;Céu Claro;Dupla;Reta;Sim  ;"1152450   ";Automóvel;Não Informado/Não Informado;"0         ";Condutor;Não Informado;"0    ";Não Informado;"0 ";"0    ";"0    ";"0    ";-16.0297410;-47.9788670;SPRF-DF;DEL01-DF;UOP01-DEL01-DF 
641488;"1439734   ";2024-11-13;quarta-feira;08:50:00;DF;"40   ";"6    ";BRASILIA;Sim;Ausência de reação do condutor;2;Colisão com objeto;Com Vítimas Feridas;Pleno dia;Crescente;Céu Claro;Dupla;Reta;Sim  ;"1152203   ";Automóvel;GM/CLASSIC LIFE;"2008      ";Condutor;Lesões Leves;"26   ";Feminino;"0 ";"1    ";"0    ";"0    ";-16.0297410;-47.9788670;SPRF-DF;DEL01-DF;UOP01-DEL01-DF 
641488;"1440014   ";2024-11-13;quarta-feira;08:50:00;DF;"40   ";"6    ";BRASILIA;Sim;Ausência de reação do condutor;1;Saída de leito carroçável;Com Vítimas Feridas;Pleno dia;Crescente;Céu Claro;Dupla;Reta;Sim  ;"1152450   ";Automóvel;Não Informado/Não Informado;"0         ";Condutor;Não Informado;"0    ";Não Informado;"0 ";"0    ";"0    ";"0    ";-16.0297410;-47.9788670;SPRF-DF;DEL01-DF;UOP01-DEL01-DF 
641488;"1439734   ";2024-11-13;quarta-feira;08:50:00;DF;"40   ";"6    ";BRASILIA;Sim;Ausência de reação do condutor;1;Saída de leito carroçável;Com Vítimas Feridas;Pleno dia;Crescente;Céu Claro;Dupla;Reta;Sim  ;"1152203   ";Automóvel;GM/CLASSIC LIFE;"2008      ";Condutor;Lesões Leves;"26   ";Feminino;"0 ";"1    ";"0    ";"0    ";-16.0297410;-47.9788670;SPRF-DF;DEL01-DF;UOP01-DEL01-DF 
641533;"0         ";2024-11-13;quarta-feira;13:58:00;GO;"40   ";"0,6  ";VALPARAISO DE GOIAS;Não;Manobra de mudança de faixa;4;Atropelamento de Pedestre;Com Vítimas Fatais;Pleno dia;Decrescente;Nublado;Dupla;Reta;Sim  ;"1158880   ";Reboque;R/RANDON RE DL;"2020      ";"0";"0";"0    ";"0";"0 ";"0    ";"0    ";"0    ";-16.0582450;-47.9828250;SPRF-DF;DEL01-DF;UOP01-DEL01-DF 
641533;"1439960   ";2024-11-13;quarta-feira;13:58:00;GO;"40   ";"0,6  ";VALPARAISO DE GOIAS;Não;Manobra de mudança de faixa;4;Atropelamento de Pedestre;Com Vítimas Fatais;Pleno dia;Decrescente;Nublado;Dupla;Reta;Sim  ;"1152385   ";Caminhão-trator;DAF/XF FTT 530;"2022      ";Condutor;Ileso;"27   ";Masculino;"1 ";"0    ";"0    ";"0    ";-16.0582450;-47.9828250;SPRF-DF;DEL01-DF;UOP01-DEL01-DF 
641533;"1439957   ";2024-11-13;quarta-feira;13:58:00;GO;"40   ";"0,6  ";VALPARAISO DE GOIAS;Não;Manobra de mudança de faixa;4;Atropelamento de Pedestre;Com Vítimas Fatais;Pleno dia;Decrescente;Nublado;Dupla;Reta;Sim  ;"1152384   ";Motocicleta;HONDA/CG 160 FAN;"2019      ";Passageiro;Óbito;"27   ";Feminino;"0 ";"0    ";"0    ";"1    ";-16.0582450;-47.9828250;SPRF-DF;DEL01-DF;UOP01-DEL01-DF 
641533;"1439956   ";2024-11-13;quarta-feira;13:58:00;GO;"40   ";"0,6  ";VALPARAISO DE GOIAS;Não;Manobra de mudança de faixa;4;Atropelamento de Pedestre;Com Vítimas Fatais;Pleno dia;Decrescente;Nublado;Dupla;Reta;Sim  ;"1152384   ";Motocicleta;HONDA/CG 160 FAN;"2019      ";Condutor;Óbito;"34   ";Feminino;"0 ";"0    ";"0    ";"1    ";-16.0582450;-47.9828250;SPRF-DF;DEL01-DF;UOP01-DEL01-DF 
641533;"1439955   ";2024-11-13;quarta-feira;13:58:00;GO;"40   ";"0,6  ";VALPARAISO DE GOIAS;Não;Manobra de mudança de faixa;4;Atropelamento de Pedestre;Com Vítimas Fatais;Pleno dia;Decrescente;Nublado;Dupla;Reta;Sim  ;"1152383   ";Automóvel;VW/FOX CL MCV;"2016      ";Condutor;Ileso;"41   ";Masculino;"1 ";"0    ";"0    ";"0    ";-16.0582450;-47.9828250;SPRF-DF;DEL01-DF;UOP01-DEL01-DF 
641533;"0         ";2024-11-13;quarta-feira;13:58:00;GO;"40   ";"0,6  ";VALPARAISO DE GOIAS;Não;Manobra de mudança de faixa;4;Atropelamento de Pedestre;Com Vítimas Fatais;Pleno dia;Decrescente;Nublado;Dupla;Reta;Sim  ;"1152389   ";Semireboque;R/RANDON SR BA;"2020      ";"0";"0";"0    ";"0";"0 ";"0    ";"0    ";"0    ";-16.0582450;-47.9828250;SPRF-DF;DEL01-DF;UOP01-DEL01-DF 
641533;"0         ";2024-11-13;quarta-feira;13:58:00;GO;"40   ";"0,6  ";VALPARAISO DE GOIAS;Não;Manobra de mudança de faixa;4;Atropelamento de Pedestre;Com Vítimas Fatais;Pleno dia;Decrescente;Nublado;Dupla;Reta;Sim  ;"1152386   ";Semireboque;R/RANDON SR BA;"2020      ";"0";"0";"0    ";"0";"0 ";"0    ";"0    ";"0    ";-16.0582450;-47.9828250;SPRF-DF;DEL01-DF;UOP01-DEL01-DF 
641533;"0         ";2024-11-13;quarta-feira;13:58:00;GO;"40   ";"0,6  ";VALPARAISO DE GOIAS;Não;Manobra de mudança de faixa;3;Queda de ocupante de veículo;Com Vítimas Fatais;Pleno dia;Decrescente;Nublado;Dupla;Reta;Sim  ;"1158880   ";Reboque;R/RANDON RE DL;"2020      ";"0";"0";"0    ";"0";"0 ";"0    ";"0    ";"0    ";-16.0582450;-47.9828250;SPRF-DF;DEL01-DF;UOP01-DEL01-DF 
641533;"1439960   ";2024-11-13;quarta-feira;13:58:00;GO;"40   ";"0,6  ";VALPARAISO DE GOIAS;Não;Manobra de mudança de faixa;3;Queda de ocupante de veículo;Com Vítimas Fatais;Pleno dia;Decrescente;Nublado;Dupla;Reta;Sim  ;"1152385   ";Caminhão-trator;DAF/XF FTT 530;"2022      ";Condutor;Ileso;"27   ";Masculino;"1 ";"0    ";"0    ";"0    ";-16.0582450;-47.9828250;SPRF-DF;DEL01-DF;UOP01-DEL01-DF 
641533;"1439957   ";2024-11-13;quarta-feira;13:58:00;GO;"40   ";"0,6  ";VALPARAISO DE GOIAS;Não;Manobra de mudança de faixa;3;Queda de ocupante de veículo;Com Vítimas Fatais;Pleno dia;Decrescente;Nublado;Dupla;Reta;Sim  ;"1152384   ";Motocicleta;HONDA/CG 160 FAN;"2019      ";Passageiro;Óbito;"27   ";Feminino;"0 ";"0    ";"0    ";"1    ";-16.0582450;-47.9828250;SPRF-DF;DEL01-DF;UOP01-DEL01-DF 
641533;"1439956   ";2024-11-13;quarta-feira;13:58:00;GO;"40   ";"0,6  ";VALPARAISO DE GOIAS;Não;Manobra de mudança de faixa;3;Queda de ocupante de veículo;Com Vítimas Fatais;Pleno dia;Decrescente;Nublado;Dupla;Reta;Sim  ;"1152384   ";Motocicleta;HONDA/CG 160 FAN;"2019      ";Condutor;Óbito;"34   ";Feminino;"0 ";"0    ";"0    ";"1    ";-16.0582450;-47.9828250;SPRF-DF;DEL01-DF;UOP01-DEL01-DF 
641533;"1439955   ";2024-11-13;quarta-feira;13:58:00;GO;"40   ";"0,6  ";VALPARAISO DE GOIAS;Não;Manobra de mudança de faixa;3;Queda de ocupante de veículo;Com Vítimas Fatais;Pleno dia;Decrescente;Nublado;Dupla;Reta;Sim  ;"1152383   ";Automóvel;VW/FOX CL MCV;"2016      ";Condutor;Ileso;"41   ";Masculino;"1 ";"0    ";"0    ";"0    ";-16.0582450;-47.9828250;SPRF-DF;DEL01-DF;UOP01-DEL01-DF 
641533;"0         ";2024-11-13;quarta-feira;13:58:00;GO;"40   ";"0,6  ";VALPARAISO DE GOIAS;Não;Manobra de mudança de faixa;3;Queda de ocupante de veículo;Com Vítimas Fatais;Pleno dia;Decrescente;Nublado;Dupla;Reta;Sim  ;"1152389   ";Semireboque;R/RANDON SR BA;"2020      ";"0";"0";"0    ";"0";"0 ";"0    ";"0    ";"0    ";-16.0582450;-47.9828250;SPRF-DF;DEL01-DF;UOP01-DEL01-DF 
641533;"0         ";2024-11-13;quarta-feira;13:58:00;GO;"40   ";"0,6  ";VALPARAISO DE GOIAS;Não;Manobra de mudança de faixa;3;Queda de ocupante de veículo;Com Vítimas Fatais;Pleno dia;Decrescente;Nublado;Dupla;Reta;Sim  ;"1152386   ";Semireboque;R/RANDON SR BA;"2020      ";"0";"0";"0    ";"0";"0 ";"0    ";"0    ";"0    ";-16.0582450;-47.9828250;SPRF-DF;DEL01-DF;UOP01-DEL01-DF 
641533;"0         ";2024-11-13;quarta-feira;13:58:00;GO;"40   ";"0,6  ";VALPARAISO DE GOIAS;Não;Manobra de mudança de faixa;2;Tombamento;Com Vítimas Fatais;Pleno dia;Decrescente;Nublado;Dupla;Reta;Sim  ;"1158880   ";Reboque;R/RANDON RE DL;"2020      ";"0";"0";"0    ";"0";"0 ";"0    ";"0    ";"0    ";-16.0582450;-47.9828250;SPRF-DF;DEL01-DF;UOP01-DEL01-DF 
641533;"1439960   ";2024-11-13;quarta-feira;13:58:00;GO;"40   ";"0,6  ";VALPARAISO DE GOIAS;Não;Manobra de mudança de faixa;2;Tombamento;Com Vítimas Fatais;Pleno dia;Decrescente;Nublado;Dupla;Reta;Sim  ;"1152385   ";Caminhão-trator;DAF/XF FTT 530;"2022      ";Condutor;Ileso;"27   ";Masculino;"1 ";"0    ";"0    ";"0    ";-16.0582450;-47.9828250;SPRF-DF;DEL01-DF;UOP01-DEL01-DF 
641533;"1439957   ";2024-11-13;quarta-feira;13:58:00;GO;"40   ";"0,6  ";VALPARAISO DE GOIAS;Não;Manobra de mudança de faixa;2;Tombamento;Com Vítimas Fatais;Pleno dia;Decrescente;Nublado;Dupla;Reta;Sim  ;"1152384   ";Motocicleta;HONDA/CG 160 FAN;"2019      ";Passageiro;Óbito;"27   ";Feminino;"0 ";"0    ";"0    ";"1    ";-16.0582450;-47.9828250;SPRF-DF;DEL01-DF;UOP01-DEL01-DF 
641533;"1439956   ";2024-11-13;quarta-feira;13:58:00;GO;"40   ";"0,6  ";VALPARAISO DE GOIAS;Não;Manobra de mudança de faixa;2;Tombamento;Com Vítimas Fatais;Pleno dia;Decrescente;Nublado;Dupla;Reta;Sim  ;"1152384   ";Motocicleta;HONDA/CG 160 FAN;"2019      ";Condutor;Óbito;"34   ";Feminino;"0 ";"0    ";"0    ";"1    ";-16.0582450;-47.9828250;SPRF-DF;DEL01-DF;UOP01-DEL01-DF 
641533;"1439955   ";2024-11-13;quarta-feira;13:58:00;GO;"40   ";"0,6  ";VALPARAISO DE GOIAS;Não;Manobra de mudança de faixa;2;Tombamento;Com Vítimas Fatais;Pleno dia;Decrescente;Nublado;Dupla;Reta;Sim  ;"1152383   ";Automóvel;VW/FOX CL MCV;"2016      ";Condutor;Ileso;"41   ";Masculino;"1 ";"0    ";"0    ";"0    ";-16.0582450;-47.9828250;SPRF-DF;DEL01-DF;UOP01-DEL01-DF 
641533;"0         ";2024-11-13;quarta-feira;13:58:00;GO;"40   ";"0,6  ";VALPARAISO DE GOIAS;Não;Manobra de mudança de faixa;2;Tombamento;Com Vítimas Fatais;Pleno dia;Decrescente;Nublado;Dupla;Reta;Sim  ;"1152389   ";Semireboque;R/RANDON SR BA;"2020      ";"0";"0";"0    ";"0";"0 ";"0    ";"0    ";"0    ";-16.0582450;-47.9828250;SPRF-DF;DEL01-DF;UOP01-DEL01-DF 
641533;"0         ";2024-11-13;quarta-feira;13:58:00;GO;"40   ";"0,6  ";VALPARAISO DE GOIAS;Não;Manobra de mudança de faixa;2;Tombamento;Com Vítimas Fatais;Pleno dia;Decrescente;Nublado;Dupla;Reta;Sim  ;"1152386   ";Semireboque;R/RANDON SR BA;"2020      ";"0";"0";"0    ";"0";"0 ";"0    ";"0    ";"0    ";-16.0582450;-47.9828250;SPRF-DF;DEL01-DF;UOP01-DEL01-DF 
641533;"0         ";2024-11-13;quarta-feira;13:58:00;GO;"40   ";"0,6  ";VALPARAISO DE GOIAS;Não;Manobra de mudança de faixa;1;Colisão traseira;Com Vítimas Fatais;Pleno dia;Decrescente;Nublado;Dupla;Reta;Sim  ;"1158880   ";Reboque;R/RANDON RE DL;"2020      ";"0";"0";"0    ";"0";"0 ";"0    ";"0    ";"0    ";-16.0582450;-47.9828250;SPRF-DF;DEL01-DF;UOP01-DEL01-DF 
641533;"1439960   ";2024-11-13;quarta-feira;13:58:00;GO;"40   ";"0,6  ";VALPARAISO DE GOIAS;Não;Manobra de mudança de faixa;1;Colisão traseira;Com Vítimas Fatais;Pleno dia;Decrescente;Nublado;Dupla;Reta;Sim  ;"1152385   ";Caminhão-trator;DAF/XF FTT 530;"2022      ";Condutor;Ileso;"27   ";Masculino;"1 ";"0    ";"0    ";"0    ";-16.0582450;-47.9828250;SPRF-DF;DEL01-DF;UOP01-DEL01-DF 
641533;"1439957   ";2024-11-13;quarta-feira;13:58:00;GO;"40   ";"0,6  ";VALPARAISO DE GOIAS;Não;Manobra de mudança de faixa;1;Colisão traseira;Com Vítimas Fatais;Pleno dia;Decrescente;Nublado;Dupla;Reta;Sim  ;"1152384   ";Motocicleta;HONDA/CG 160 FAN;"2019      ";Passageiro;Óbito;"27   ";Feminino;"0 ";"0    ";"0    ";"1    ";-16.0582450;-47.9828250;SPRF-DF;DEL01-DF;UOP01-DEL01-DF 
641533;"1439956   ";2024-11-13;quarta-feira;13:58:00;GO;"40   ";"0,6  ";VALPARAISO DE GOIAS;Não;Manobra de mudança de faixa;1;Colisão traseira;Com Vítimas Fatais;Pleno dia;Decrescente;Nublado;Dupla;Reta;Sim  ;"1152384   ";Motocicleta;HONDA/CG 160 FAN;"2019      ";Condutor;Óbito;"34   ";Feminino;"0 ";"0    ";"0    ";"1    ";-16.0582450;-47.9828250;SPRF-DF;DEL01-DF;UOP01-DEL01-DF 
641533;"1439955   ";2024-11-13;quarta-feira;13:58:00;GO;"40   ";"0,6  ";VALPARAISO DE GOIAS;Não;Manobra de mudança de faixa;1;Colisão traseira;Com Vítimas Fatais;Pleno dia;Decrescente;Nublado;Dupla;Reta;Sim  ;"1152383   ";Automóvel;VW/FOX CL MCV;"2016      ";Condutor;Ileso;"41   ";Masculino;"1 ";"0    ";"0    ";"0    ";-16.0582450;-47.9828250;SPRF-DF;DEL01-DF;UOP01-DEL01-DF 
641533;"0         ";2024-11-13;quarta-feira;13:58:00;GO;"40   ";"0,6  ";VALPARAISO DE GOIAS;Não;Manobra de mudança de faixa;1;Colisão traseira;Com Vítimas Fatais;Pleno dia;Decrescente;Nublado;Dupla;Reta;Sim  ;"1152389   ";Semireboque;R/RANDON SR BA;"2020      ";"0";"0";"0    ";"0";"0 ";"0    ";"0    ";"0    ";-16.0582450;-47.9828250;SPRF-DF;DEL01-DF;UOP01-DEL01-DF 
641533;"0         ";2024-11-13;quarta-feira;13:58:00;GO;"40   ";"0,6  ";VALPARAISO DE GOIAS;Não;Manobra de mudança de faixa;1;Colisão traseira;Com Vítimas Fatais;Pleno dia;Decrescente;Nublado;Dupla;Reta;Sim  ;"1152386   ";Semireboque;R/RANDON SR BA;"2020      ";"0";"0";"0    ";"0";"0 ";"0    ";"0    ";"0    ";-16.0582450;-47.9828250;SPRF-DF;DEL01-DF;UOP01-DEL01-DF 
641533;"0         ";2024-11-13;quarta-feira;13:58:00;GO;"40   ";"0,6  ";VALPARAISO DE GOIAS;Sim;Condutor deixou de manter distância do veículo da frente;4;Atropelamento de Pedestre;Com Vítimas Fatais;Pleno dia;Decrescente;Nublado;Dupla;Reta;Sim  ;"1158880   ";Reboque;R/RANDON RE DL;"2020      ";"0";"0";"0    ";"0";"0 ";"0    ";"0    ";"0    ";-16.0582450;-47.9828250;SPRF-DF;DEL01-DF;UOP01-DEL01-DF 
641533;"1439960   ";2024-11-13;quarta-feira;13:58:00;GO;"40   ";"0,6  ";VALPARAISO DE GOIAS;Sim;Condutor deixou de manter distância do veículo da frente;4;Atropelamento de Pedestre;Com Vítimas Fatais;Pleno dia;Decrescente;Nublado;Dupla;Reta;Sim  ;"1152385   ";Caminhão-trator;DAF/XF FTT 530;"2022      ";Condutor;Ileso;"27   ";Masculino;"1 ";"0    ";"0    ";"0    ";-16.0582450;-47.9828250;SPRF-DF;DEL01-DF;UOP01-DEL01-DF 
641533;"1439957   ";2024-11-13;quarta-feira;13:58:00;GO;"40   ";"0,6  ";VALPARAISO DE GOIAS;Sim;Condutor deixou de manter distância do veículo da frente;4;Atropelamento de Pedestre;Com Vítimas Fatais;Pleno dia;Decrescente;Nublado;Dupla;Reta;Sim  ;"1152384   ";Motocicleta;HONDA/CG 160 FAN;"2019      ";Passageiro;Óbito;"27   ";Feminino;"0 ";"0    ";"0    ";"1    ";-16.0582450;-47.9828250;SPRF-DF;DEL01-DF;UOP01-DEL01-DF 
641533;"1439956   ";2024-11-13;quarta-feira;13:58:00;GO;"40   ";"0,6  ";VALPARAISO DE GOIAS;Sim;Condutor deixou de manter distância do veículo da frente;4;Atropelamento de Pedestre;Com Vítimas Fatais;Pleno dia;Decrescente;Nublado;Dupla;Reta;Sim  ;"1152384   ";Motocicleta;HONDA/CG 160 FAN;"2019      ";Condutor;Óbito;"34   ";Feminino;"0 ";"0    ";"0    ";"1    ";-16.0582450;-47.9828250;SPRF-DF;DEL01-DF;UOP01-DEL01-DF 
641533;"1439955   ";2024-11-13;quarta-feira;13:58:00;GO;"40   ";"0,6  ";VALPARAISO DE GOIAS;Sim;Condutor deixou de manter distância do veículo da frente;4;Atropelamento de Pedestre;Com Vítimas Fatais;Pleno dia;Decrescente;Nublado;Dupla;Reta;Sim  ;"1152383   ";Automóvel;VW/FOX CL MCV;"2016      ";Condutor;Ileso;"41   ";Masculino;"1 ";"0    ";"0    ";"0    ";-16.0582450;-47.9828250;SPRF-DF;DEL01-DF;UOP01-DEL01-DF 
641533;"0         ";2024-11-13;quarta-feira;13:58:00;GO;"40   ";"0,6  ";VALPARAISO DE GOIAS;Sim;Condutor deixou de manter distância do veículo da frente;4;Atropelamento de Pedestre;Com Vítimas Fatais;Pleno dia;Decrescente;Nublado;Dupla;Reta;Sim  ;"1152389   ";Semireboque;R/RANDON SR BA;"2020      ";"0";"0";"0    ";"0";"0 ";"0    ";"0    ";"0    ";-16.0582450;-47.9828250;SPRF-DF;DEL01-DF;UOP01-DEL01-DF 
641533;"0         ";2024-11-13;quarta-feira;13:58:00;GO;"40   ";"0,6  ";VALPARAISO DE GOIAS;Sim;Condutor deixou de manter distância do veículo da frente;4;Atropelamento de Pedestre;Com Vítimas Fatais;Pleno dia;Decrescente;Nublado;Dupla;Reta;Sim  ;"1152386   ";Semireboque;R/RANDON SR BA;"2020      ";"0";"0";"0    ";"0";"0 ";"0    ";"0    ";"0    ";-16.0582450;-47.9828250;SPRF-DF;DEL01-DF;UOP01-DEL01-DF 
641533;"0         ";2024-11-13;quarta-feira;13:58:00;GO;"40   ";"0,6  ";VALPARAISO DE GOIAS;Sim;Condutor deixou de manter distância do veículo da frente;3;Queda de ocupante de veículo;Com Vítimas Fatais;Pleno dia;Decrescente;Nublado;Dupla;Reta;Sim  ;"1158880   ";Reboque;R/RANDON RE DL;"2020      ";"0";"0";"0    ";"0";"0 ";"0    ";"0    ";"0    ";-16.0582450;-47.9828250;SPRF-DF;DEL01-DF;UOP01-DEL01-DF 
641533;"1439960   ";2024-11-13;quarta-feira;13:58:00;GO;"40   ";"0,6  ";VALPARAISO DE GOIAS;Sim;Condutor deixou de manter distância do veículo da frente;3;Queda de ocupante de veículo;Com Vítimas Fatais;Pleno dia;Decrescente;Nublado;Dupla;Reta;Sim  ;"1152385   ";Caminhão-trator;DAF/XF FTT 530;"2022      ";Condutor;Ileso;"27   ";Masculino;"1 ";"0    ";"0    ";"0    ";-16.0582450;-47.9828250;SPRF-DF;DEL01-DF;UOP01-DEL01-DF 
641533;"1439957   ";2024-11-13;quarta-feira;13:58:00;GO;"40   ";"0,6  ";VALPARAISO DE GOIAS;Sim;Condutor deixou de manter distância do veículo da frente;3;Queda de ocupante de veículo;Com Vítimas Fatais;Pleno dia;Decrescente;Nublado;Dupla;Reta;Sim  ;"1152384   ";Motocicleta;HONDA/CG 160 FAN;"2019      ";Passageiro;Óbito;"27   ";Feminino;"0 ";"0    ";"0    ";"1    ";-16.0582450;-47.9828250;SPRF-DF;DEL01-DF;UOP01-DEL01-DF 
641533;"1439956   ";2024-11-13;quarta-feira;13:58:00;GO;"40   ";"0,6  ";VALPARAISO DE GOIAS;Sim;Condutor deixou de manter distância do veículo da frente;3;Queda de ocupante de veículo;Com Vítimas Fatais;Pleno dia;Decrescente;Nublado;Dupla;Reta;Sim  ;"1152384   ";Motocicleta;HONDA/CG 160 FAN;"2019      ";Condutor;Óbito;"34   ";Feminino;"0 ";"0    ";"0    ";"1    ";-16.0582450;-47.9828250;SPRF-DF;DEL01-DF;UOP01-DEL01-DF 
641533;"1439955   ";2024-11-13;quarta-feira;13:58:00;GO;"40   ";"0,6  ";VALPARAISO DE GOIAS;Sim;Condutor deixou de manter distância do veículo da frente;3;Queda de ocupante de veículo;Com Vítimas Fatais;Pleno dia;Decrescente;Nublado;Dupla;Reta;Sim  ;"1152383   ";Automóvel;VW/FOX CL MCV;"2016      ";Condutor;Ileso;"41   ";Masculino;"1 ";"0    ";"0    ";"0    ";-16.0582450;-47.9828250;SPRF-DF;DEL01-DF;UOP01-DEL01-DF 
641533;"0         ";2024-11-13;quarta-feira;13:58:00;GO;"40   ";"0,6  ";VALPARAISO DE GOIAS;Sim;Condutor deixou de manter distância do veículo da frente;3;Queda de ocupante de veículo;Com Vítimas Fatais;Pleno dia;Decrescente;Nublado;Dupla;Reta;Sim  ;"1152389   ";Semireboque;R/RANDON SR BA;"2020      ";"0";"0";"0    ";"0";"0 ";"0    ";"0    ";"0    ";-16.0582450;-47.9828250;SPRF-DF;DEL01-DF;UOP01-DEL01-DF 
641533;"0         ";2024-11-13;quarta-feira;13:58:00;GO;"40   ";"0,6  ";VALPARAISO DE GOIAS;Sim;Condutor deixou de manter distância do veículo da frente;3;Queda de ocupante de veículo;Com Vítimas Fatais;Pleno dia;Decrescente;Nublado;Dupla;Reta;Sim  ;"1152386   ";Semireboque;R/RANDON SR BA;"2020      ";"0";"0";"0    ";"0";"0 ";"0    ";"0    ";"0    ";-16.0582450;-47.9828250;SPRF-DF;DEL01-DF;UOP01-DEL01-DF 
641533;"0         ";2024-11-13;quarta-feira;13:58:00;GO;"40   ";"0,6  ";VALPARAISO DE GOIAS;Sim;Condutor deixou de manter distância do veículo da frente;2;Tombamento;Com Vítimas Fatais;Pleno dia;Decrescente;Nublado;Dupla;Reta;Sim  ;"1158880   ";Reboque;R/RANDON RE DL;"2020      ";"0";"0";"0    ";"0";"0 ";"0    ";"0    ";"0    ";-16.0582450;-47.9828250;SPRF-DF;DEL01-DF;UOP01-DEL01-DF 
641533;"1439960   ";2024-11-13;quarta-feira;13:58:00;GO;"40   ";"0,6  ";VALPARAISO DE GOIAS;Sim;Condutor deixou de manter distância do veículo da frente;2;Tombamento;Com Vítimas Fatais;Pleno dia;Decrescente;Nublado;Dupla;Reta;Sim  ;"1152385   ";Caminhão-trator;DAF/XF FTT 530;"2022      ";Condutor;Ileso;"27   ";Masculino;"1 ";"0    ";"0    ";"0    ";-16.0582450;-47.9828250;SPRF-DF;DEL01-DF;UOP01-DEL01-DF 
641533;"1439957   ";2024-11-13;quarta-feira;13:58:00;GO;"40   ";"0,6  ";VALPARAISO DE GOIAS;Sim;Condutor deixou de manter distância do veículo da frente;2;Tombamento;Com Vítimas Fatais;Pleno dia;Decrescente;Nublado;Dupla;Reta;Sim  ;"1152384   ";Motocicleta;HONDA/CG 160 FAN;"2019      ";Passageiro;Óbito;"27   ";Feminino;"0 ";"0    ";"0    ";"1    ";-16.0582450;-47.9828250;SPRF-DF;DEL01-DF;UOP01-DEL01-DF 
641533;"1439956   ";2024-11-13;quarta-feira;13:58:00;GO;"40   ";"0,6  ";VALPARAISO DE GOIAS;Sim;Condutor deixou de manter distância do veículo da frente;2;Tombamento;Com Vítimas Fatais;Pleno dia;Decrescente;Nublado;Dupla;Reta;Sim  ;"1152384   ";Motocicleta;HONDA/CG 160 FAN;"2019      ";Condutor;Óbito;"34   ";Feminino;"0 ";"0    ";"0    ";"1    ";-16.0582450;-47.9828250;SPRF-DF;DEL01-DF;UOP01-DEL01-DF 
641533;"1439955   ";2024-11-13;quarta-feira;13:58:00;GO;"40   ";"0,6  ";VALPARAISO DE GOIAS;Sim;Condutor deixou de manter distância do veículo da frente;2;Tombamento;Com Vítimas Fatais;Pleno dia;Decrescente;Nublado;Dupla;Reta;Sim  ;"1152383   ";Automóvel;VW/FOX CL MCV;"2016      ";Condutor;Ileso;"41   ";Masculino;"1 ";"0    ";"0    ";"0    ";-16.0582450;-47.9828250;SPRF-DF;DEL01-DF;UOP01-DEL01-DF 