id;pesid;data_inversa;dia_semana;horario;uf;br;km;municipio;causa_principal;causa_acidente;ordem_tipo_acidente;tipo_acidente;classificacao_acidente;fase_dia;sentido_via;condicao_metereologica;tipo_pista;tracado_via;uso_solo;id_veiculo;tipo_veiculo;marca;ano_fabricacao_veiculo;tipo_envolvido;estado_fisico;idade;sexo;ilesos;feridos_leves;feridos_graves;mortos;latitude;longitude;regional;delegacia;uop
641533;"0         ";2024-11-13;quarta-feira;13:58:00;GO;"40   ";"0,6  ";VALPARAISO DE GOIAS;Sim;Condutor deixou de manter distância do veículo da frente;2;Tombamento;Com Vítimas Fatais;Pleno dia;Decrescente;Nublado;Dupla;Reta;Sim  ;"1152389   ";Semireboque;R/RANDON SR BA;"2020      ";"0";"0";"0    ";"0";"0 ";"0    ";"0    ";"0    ";-16.0582450;-47.9828250;SPRF-DF;DEL01-DF;UOP01-DEL01-DF 
641533;"0         ";2024-11-13;quarta-feira;13:58:00;GO;"40   ";"0,6  ";VALPARAISO DE GOIAS;Sim;Condutor deixou de manter distância do veículo da frente;2;Tombamento;Com Vítimas Fatais;Pleno dia;Decrescente;Nublado;Dupla;Reta;Sim  ;"1152386   ";Semireboque;R/RANDON SR BA;"2020      ";"0";"0";"0    ";"0";"0 ";"0    ";"0    ";"0    ";-16.0582450;-47.9828250;SPRF-DF;DEL01-DF;UOP01-DEL01-DF 
641533;"0         ";2024-11-13;quarta-feira;13:58:00;GO;"40   ";"0,6  ";VALPARAISO DE GOIAS;Sim;Condutor deixou de manter distância do veículo da frente;1;Colisão traseira;Com Vítimas Fatais;Pleno dia;Decrescente;Nublado;Dupla;Reta;Sim  ;"1158880   ";Reboque;R/RANDON RE DL;"2020      ";"0";"0";"0    ";"0";"0 ";"0    ";"0    ";"0    ";-16.0582450;-47.9828250;SPRF-DF;DEL01-DF;UOP01-DEL01-DF 
641533;"1439960   ";2024-11-13;quarta-feira;13:58:00;GO;"40   ";"0,6  ";VALPARAISO DE GOIAS;Sim;Condutor deixou de manter distância do veículo da frente;1;Colisão traseira;Com Vítimas Fatais;Pleno dia;Decrescente;Nublado;Dupla;Reta;Sim  ;"1152385   ";Caminhão-trator;DAF/XF FTT 530;"2022      ";Condutor;Ileso;"27   ";Masculino;"1 ";"0    ";"0    ";"0    ";-16.0582450;-47.9828250;SPRF-DF;DEL01-DF;UOP01-DEL01-DF 
641533;"1439957   ";2024-11-13;quarta-feira;13:58:00;GO;"40   ";"0,6  ";VALPARAISO DE GOIAS;Sim;Condutor deixou de manter distância do veículo da frente;1;Colisão traseira;Com Vítimas Fatais;Pleno dia;Decrescente;Nublado;Dupla;Reta;Sim  ;"1152384   ";Motocicleta;HONDA/CG 160 FAN;"2019      ";Passageiro;Óbito;"27   ";Feminino;"0 ";"0    ";"0    ";"1    ";-16.0582450;-47.9828250;SPRF-DF;DEL01-DF;UOP01-DEL01-DF 
641533;"1439956   ";2024-11-13;quarta-feira;13:58:00;GO;"40   ";"0,6  ";VALPARAISO DE GOIAS;Sim;Condutor deixou de manter distância do veículo da frente;1;Colisão traseira;Com Vítimas Fatais;Pleno dia;Decrescente;Nublado;Dupla;Reta;Sim  ;"1152384   ";Motocicleta;HONDA/CG 160 FAN;"2019      ";Condutor;Óbito;"34   ";Feminino;"0 ";"0    ";"0    ";"1    ";-16.0582450;-47.9828250;SPRF-DF;DEL01-DF;UOP01-DEL01-DF 
641533;"1439955   ";2024-11-13;quarta-feira;13:58:00;GO;"40   ";"0,6  ";VALPARAISO DE GOIAS;Sim;Condutor deixou de manter distância do veículo da frente;1;Colisão traseira;Com Vítimas Fatais;Pleno dia;Decrescente;Nublado;Dupla;Reta;Sim  ;"1152383   ";Automóvel;VW/FOX CL MCV;"2016      ";Condutor;Ileso;"41   ";Masculino;"1 ";"0    ";"0    ";"0    ";-16.0582450;-47.9828250;SPRF-DF;DEL01-DF;UOP01-DEL01-DF 
641533;"0         ";2024-11-13;quarta-feira;13:58:00;GO;"40   ";"0,6  ";VALPARAISO DE GOIAS;Sim;Condutor deixou de manter distância do veículo da frente;1;Colisão traseira;Com Vítimas Fatais;Pleno dia;Decrescente;Nublado;Dupla;Reta;Sim  ;"1152389   ";Semireboque;R/RANDON SR BA;"2020      ";"0";"0";"0    ";"0";"0 ";"0    ";"0    ";"0    ";-16.0582450;-47.9828250;SPRF-DF;DEL01-DF;UOP01-DEL01-DF 
641533;"0         ";2024-11-13;quarta-feira;13:58:00;GO;"40   ";"0,6  ";VALPARAISO DE GOIAS;Sim;Condutor deixou de manter distância do veículo da frente;1;Colisão traseira;Com Vítimas Fatais;Pleno dia;Decrescente;Nublado;Dupla;Reta;Sim  ;"1152386   ";Semireboque;R/RANDON SR BA;"2020      ";"0";"0";"0    ";"0";"0 ";"0    ";"0    ";"0    ";-16.0582450;-47.9828250;SPRF-DF;DEL01-DF;UOP01-DEL01-DF 
641559;"1439831   ";2024-11-02;sábado;06:40:00;DF;"40   ";"6    ";BRASILIA;Sim;Ausência de reação do condutor;2;Queda de ocupante de veículo;Com Vítimas Feridas;Amanhecer;Crescente;Céu Claro;Dupla;Reta;Sim  ;"1152286   ";Motoneta;YAMAHA/T115 CRYPTON K;"2013      ";Condutor;Lesões Leves;"36   ";Masculino;"0 ";"1    ";"0    ";"0    ";-16.0297410;-47.9788670;SPRF-DF;DEL01-DF;UOP01-DEL01-DF 
641559;"1439830   ";2024-11-02;sábado;06:40:00;DF;"40   ";"6    ";BRASILIA;Sim;Ausência de reação do condutor;2;Queda de ocupante de veículo;Com Vítimas Feridas;Amanhecer;Crescente;Céu Claro;Dupla;Reta;Sim  ;"1152285   ";Automóvel;HYUNDAI/HB20S 10M VISION;"2019      ";Condutor;Ileso;"25   ";Masculino;"1 ";"0    ";"0    ";"0    ";-16.0297410;-47.9788670;SPRF-DF;DEL01-DF;UOP01-DEL01-DF 
641559;"1439831   ";2024-11-02;sábado;06:40:00;DF;"40   ";"6    ";BRASILIA;Sim;Ausência de reação do condutor;1;Colisão lateral mesmo sentido;Com Vítimas Feridas;Amanhecer;Crescente;Céu Claro;Dupla;Reta;Sim  ;"1152286   ";Motoneta;YAMAHA/T115 CRYPTON K;"2013      ";Condutor;Lesões Leves;"36   ";Masculino;"0 ";"1    ";"0    ";"0    ";-16.0297410;-47.9788670;SPRF-DF;DEL01-DF;UOP01-DEL01-DF 
641559;"1439830   ";2024-11-02;sábado;06:40:00;DF;"40   ";"6    ";BRASILIA;Sim;Ausência de reação do condutor;1;Colisão lateral mesmo sentido;Com Vítimas Feridas;Amanhecer;Crescente;Céu Claro;Dupla;Reta;Sim  ;"1152285   ";Automóvel;HYUNDAI/HB20S 10M VISION;"2019      ";Condutor;Ileso;"25   ";Masculino;"1 ";"0    ";"0    ";"0    ";-16.0297410;-47.9788670;SPRF-DF;DEL01-DF;UOP01-DEL01-DF 
641615;"1440079   ";2024-11-13;quarta-feira;19:40:00;DF;"20   ";"10,3 ";BRASILIA;Não;Reação tardia ou ineficiente do condutor;4;Saída de leito carroçável;Com Vítimas Feridas;Plena Noite;Decrescente;Chuva;Dupla;"Reta;Interseção de Vias;Em Obras;Declive";Sim  ;"1152490   ";Caminhão;M.BENZ/1718;"2010      ";Passageiro;Ileso;"30   ";Feminino;"1 ";"0    ";"0    ";"0    ";-15.6502430;-47.7738720;SPRF-DF;DEL02-DF;UOP01-DEL02-DF 
641615;"1440077   ";2024-11-13;quarta-feira;19:40:00;DF;"20   ";"10,3 ";BRASILIA;Não;Reação tardia ou ineficiente do condutor;4;Saída de leito carroçável;Com Vítimas Feridas;Plena Noite;Decrescente;Chuva;Dupla;"Reta;Interseção de Vias;Em Obras;Declive";Sim  ;"1152490   ";Caminhão;M.BENZ/1718;"2010      ";Condutor;Ileso;"35   ";Masculino;"1 ";"0    ";"0    ";"0    ";-15.6502430;-47.7738720;SPRF-DF;DEL02-DF;UOP01-DEL02-DF 
641615;"1440075   ";2024-11-13;quarta-feira;19:40:00;DF;"20   ";"10,3 ";BRASILIA;Não;Reação tardia ou ineficiente do condutor;4;Saída de leito carroçável;Com Vítimas Feridas;Plena Noite;Decrescente;Chuva;Dupla;"Reta;Interseção de Vias;Em Obras;Declive";Sim  ;"1152488   ";Motocicleta;HONDA/CB 300R;"2010      ";Condutor;Lesões Leves;"31   ";Masculino;"0 ";"1    ";"0    ";"0    ";-15.6502430;-47.7738720;SPRF-DF;DEL02-DF;UOP01-DEL02-DF 
641615;"1440079   ";2024-11-13;quarta-feira;19:40:00;DF;"20   ";"10,3 ";BRASILIA;Não;Reação tardia ou ineficiente do condutor;3;Colisão traseira;Com Vítimas Feridas;Plena Noite;Decrescente;Chuva;Dupla;"Reta;Interseção de Vias;Em Obras;Declive";Sim  ;"1152490   ";Caminhão;M.BENZ/1718;"2010      ";Passageiro;Ileso;"30   ";Feminino;"1 ";"0    ";"0    ";"0    ";-15.6502430;-47.7738720;SPRF-DF;DEL02-DF;UOP01-DEL02-DF 
641615;"1440077   ";2024-11-13;quarta-feira;19:40:00;DF;"20   ";"10,3 ";BRASILIA;Não;Reação tardia ou ineficiente do condutor;3;Colisão traseira;Com Vítimas Feridas;Plena Noite;Decrescente;Chuva;Dupla;"Reta;Interseção de Vias;Em Obras;Declive";Sim  ;"1152490   ";Caminhão;M.BENZ/1718;"2010      ";Condutor;Ileso;"35   ";Masculino;"1 ";"0    ";"0    ";"0    ";-15.6502430;-47.7738720;SPRF-DF;DEL02-DF;UOP01-DEL02-DF 
641615;"1440075   ";2024-11-13;quarta-feira;19:40:00;DF;"20   ";"10,3 ";BRASILIA;Não;Reação tardia ou ineficiente do condutor;3;Colisão traseira;Com Vítimas Feridas;Plena Noite;Decrescente;Chuva;Dupla;"Reta;Interseção de Vias;Em Obras;Declive";Sim  ;"1152488   ";Motocicleta;HONDA/CB 300R;"2010      ";Condutor;Lesões Leves;"31   ";Masculino;"0 ";"1    ";"0    ";"0    ";-15.6502430;-47.7738720;SPRF-DF;DEL02-DF;UOP01-DEL02-DF 
641615;"1440079   ";2024-11-13;quarta-feira;19:40:00;DF;"20   ";"10,3 ";BRASILIA;Não;Reação tardia ou ineficiente do condutor;2;Queda de ocupante de veículo;Com Vítimas Feridas;Plena Noite;Decrescente;Chuva;Dupla;"Reta;Interseção de Vias;Em Obras;Declive";Sim  ;"1152490   ";Caminhão;M.BENZ/1718;"2010      ";Passageiro;Ileso;"30   ";Feminino;"1 ";"0    ";"0    ";"0    ";-15.6502430;-47.7738720;SPRF-DF;DEL02-DF;UOP01-DEL02-DF 
641615;"1440077   ";2024-11-13;quarta-feira;19:40:00;DF;"20   ";"10,3 ";BRASILIA;Não;Reação tardia ou ineficiente do condutor;2;Queda de ocupante de veículo;Com Vítimas Feridas;Plena Noite;Decrescente;Chuva;Dupla;"Reta;Interseção de Vias;Em Obras;Declive";Sim  ;"1152490   ";Caminhão;M.BENZ/1718;"2010      ";Condutor;Ileso;"35   ";Masculino;"1 ";"0    ";"0    ";"0    ";-15.6502430;-47.7738720;SPRF-DF;DEL02-DF;UOP01-DEL02-DF 
641615;"1440075   ";2024-11-13;quarta-feira;19:40:00;DF;"20   ";"10,3 ";BRASILIA;Não;Reação tardia ou ineficiente do condutor;2;Queda de ocupante de veículo;Com Vítimas Feridas;Plena Noite;Decrescente;Chuva;Dupla;"Reta;Interseção de Vias;Em Obras;Declive";Sim  ;"1152488   ";Motocicleta;HONDA/CB 300R;"2010      ";Condutor;Lesões Leves;"31   ";Masculino;"0 ";"1    ";"0    ";"0    ";-15.6502430;-47.7738720;SPRF-DF;DEL02-DF;UOP01-DEL02-DF 
641615;"1440079   ";2024-11-13;quarta-feira;19:40:00;DF;"20   ";"10,3 ";BRASILIA;Não;Reação tardia ou ineficiente do condutor;1;Tombamento;Com Vítimas Feridas;Plena Noite;Decrescente;Chuva;Dupla;"Reta;Interseção de Vias;Em Obras;Declive";Sim  ;"1152490   ";Caminhão;M.BENZ/1718;"2010      ";Passageiro;Ileso;"30   ";Feminino;"1 ";"0    ";"0    ";"0    ";-15.6502430;-47.7738720;SPRF-DF;DEL02-DF;UOP01-DEL02-DF 
641615;"1440077   ";2024-11-13;quarta-feira;19:40:00;DF;"20   ";"10,3 ";BRASILIA;Não;Reação tardia ou ineficiente do condutor;1;Tombamento;Com Vítimas Feridas;Plena Noite;Decrescente;Chuva;Dupla;"Reta;Interseção de Vias;Em Obras;Declive";Sim  ;"1152490   ";Caminhão;M.BENZ/1718;"2010      ";Condutor;Ileso;"35   ";Masculino;"1 ";"0    ";"0    ";"0    ";-15.6502430;-47.7738720;SPRF-DF;DEL02-DF;UOP01-DEL02-DF 
641615;"1440075   ";2024-11-13;quarta-feira;19:40:00;DF;"20   ";"10,3 ";BRASILIA;Não;Reação tardia ou ineficiente do condutor;1;Tombamento;Com Vítimas Feridas;Plena Noite;Decrescente;Chuva;Dupla;"Reta;Interseção de Vias;Em Obras;Declive";Sim  ;"1152488   ";Motocicleta;HONDA/CB 300R;"2010      ";Condutor;Lesões Leves;"31   ";Masculino;"0 ";"1    ";"0    ";"0    ";-15.6502430;-47.7738720;SPRF-DF;DEL02-DF;UOP01-DEL02-DF 
641615;"1440079   ";2024-11-13;quarta-feira;19:40:00;DF;"20   ";"10,3 ";BRASILIA;Não;Ausência de reação do condutor;4;Saída de leito carroçável;Com Vítimas Feridas;Plena Noite;Decrescente;Chuva;Dupla;"Reta;Interseção de Vias;Em Obras;Declive";Sim  ;"1152490   ";Caminhão;M.BENZ/1718;"2010      ";Passageiro;Ileso;"30   ";Feminino;"1 ";"0    ";"0    ";"0    ";-15.6502430;-47.7738720;SPRF-DF;DEL02-DF;UOP01-DEL02-DF 
641615;"1440077   ";2024-11-13;quarta-feira;19:40:00;DF;"20   ";"10,3 ";BRASILIA;Não;Ausência de reação do condutor;4;Saída de leito carroçável;Com Vítimas Feridas;Plena Noite;Decrescente;Chuva;Dupla;"Reta;Interseção de Vias;Em Obras;Declive";Sim  ;"1152490   ";Caminhão;M.BENZ/1718;"2010      ";Condutor;Ileso;"35   ";Masculino;"1 ";"0    ";"0    ";"0    ";-15.6502430;-47.7738720;SPRF-DF;DEL02-DF;UOP01-DEL02-DF 
641615;"1440075   ";2024-11-13;quarta-feira;19:40:00;DF;"20   ";"10,3 ";BRASILIA;Não;Ausência de reação do condutor;4;Saída de leito carroçável;Com Vítimas Feridas;Plena Noite;Decrescente;Chuva;Dupla;"Reta;Interseção de Vias;Em Obras;Declive";Sim  ;"1152488   ";Motocicleta;HONDA/CB 300R;"2010      ";Condutor;Lesões Leves;"31   ";Masculino;"0 ";"1    ";"0    ";"0    ";-15.6502430;-47.7738720;SPRF-DF;DEL02-DF;UOP01-DEL02-DF 
641615;"1440079   ";2024-11-13;quarta-feira;19:40:00;DF;"20   ";"10,3 ";BRASILIA;Não;Ausência de reação do condutor;3;Colisão traseira;Com Vítimas Feridas;Plena Noite;Decrescente;Chuva;Dupla;"Reta;Interseção de Vias;Em Obras;Declive";Sim  ;"1152490   ";Caminhão;M.BENZ/1718;"2010      ";Passageiro;Ileso;"30   ";Feminino;"1 ";"0    ";"0    ";"0    ";-15.6502430;-47.7738720;SPRF-DF;DEL02-DF;UOP01-DEL02-DF 
641615;"1440077   ";2024-11-13;quarta-feira;19:40:00;DF;"20   ";"10,3 ";BRASILIA;Não;Ausência de reação do condutor;3;Colisão traseira;Com Vítimas Feridas;Plena Noite;Decrescente;Chuva;Dupla;"Reta;Interseção de Vias;Em Obras;Declive";Sim  ;"1152490   ";Caminhão;M.BENZ/1718;"2010      ";Condutor;Ileso;"35   ";Masculino;"1 ";"0    ";"0    ";"0    ";-15.6502430;-47.7738720;SPRF-DF;DEL02-DF;UOP01-DEL02-DF 
641615;"1440075   ";2024-11-13;quarta-feira;19:40:00;DF;"20   ";"10,3 ";BRASILIA;Não;Ausência de reação do condutor;3;Colisão traseira;Com Vítimas Feridas;Plena Noite;Decrescente;Chuva;Dupla;"Reta;Interseção de Vias;Em Obras;Declive";Sim  ;"1152488   ";Motocicleta;HONDA/CB 300R;"2010      ";Condutor;Lesões Leves;"31   ";Masculino;"0 ";"1    ";"0    ";"0    ";-15.6502430;-47.7738720;SPRF-DF;DEL02-DF;UOP01-DEL02-DF 
641615;"1440079   ";2024-11-13;quarta-feira;19:40:00;DF;"20   ";"10,3 ";BRASILIA;Não;Ausência de reação do condutor;2;Queda de ocupante de veículo;Com Vítimas Feridas;Plena Noite;Decrescente;Chuva;Dupla;"Reta;Interseção de Vias;Em Obras;Declive";Sim  ;"1152490   ";Caminhão;M.BENZ/1718;"2010      ";Passageiro;Ileso;"30   ";Feminino;"1 ";"0    ";"0    ";"0    ";-15.6502430;-47.7738720;SPRF-DF;DEL02-DF;UOP01-DEL02-DF 
641615;"1440077   ";2024-11-13;quarta-feira;19:40:00;DF;"20   ";"10,3 ";BRASILIA;Não;Ausência de reação do condutor;2;Queda de ocupante de veículo;Com Vítimas Feridas;Plena Noite;Decrescente;Chuva;Dupla;"Reta;Interseção de Vias;Em Obras;Declive";Sim  ;"1152490   ";Caminhão;M.BENZ/1718;"2010      ";Condutor;Ileso;"35   ";Masculino;"1 ";"0    ";"0    ";"0    ";-15.6502430;-47.7738720;SPRF-DF;DEL02-DF;UOP01-DEL02-DF 
641615;"1440075   ";2024-11-13;quarta-feira;19:40:00;DF;"20   ";"10,3 ";BRASILIA;Não;Ausência de reação do condutor;2;Queda de ocupante de veículo;Com Vítimas Feridas;Plena Noite;Decrescente;Chuva;Dupla;"Reta;Interseção de Vias;Em Obras;Declive";Sim  ;"1152488   ";Motocicleta;HONDA/CB 300R;"2010      ";Condutor;Lesões Leves;"31   ";Masculino;"0 ";"1    ";"0    ";"0    ";-15.6502430;-47.7738720;SPRF-DF;DEL02-DF;UOP01-DEL02-DF 
641615;"1440079   ";2024-11-13;quarta-feira;19:40:00;DF;"20   ";"10,3 ";BRASILIA;Não;Ausência de reação do condutor;1;Tombamento;Com Vítimas Feridas;Plena Noite;Decrescente;Chuva;Dupla;"Reta;Interseção de Vias;Em Obras;Declive";Sim  ;"1152490   ";Caminhão;M.BENZ/1718;"2010      ";Passageiro;Ileso;"30   ";Feminino;"1 ";"0    ";"0    ";"0    ";-15.6502430;-47.7738720;SPRF-DF;DEL02-DF;UOP01-DEL02-DF 
641615;"1440077   ";2024-11-13;quarta-feira;19:40:00;DF;"20   ";"10,3 ";BRASILIA;Não;Ausência de reação do condutor;1;Tombamento;Com Vítimas Feridas;Plena Noite;Decrescente;Chuva;Dupla;"Reta;Interseção de Vias;Em Obras;Declive";Sim  ;"1152490   ";Caminhão;M.BENZ/1718;"2010      ";Condutor;Ileso;"35   ";Masculino;"1 ";"0    ";"0    ";"0    ";-15.6502430;-47.7738720;SPRF-DF;DEL02-DF;UOP01-DEL02-DF 
641615;"1440075   ";2024-11-13;quarta-feira;19:40:00;DF;"20   ";"10,3 ";BRASILIA;Não;Ausência de reação do condutor;1;Tombamento;Com Vítimas Feridas;Plena Noite;Decrescente;Chuva;Dupla;"Reta;Interseção de Vias;Em Obras;Declive";Sim  ;"1152488   ";Motocicleta;HONDA/CB 300R;"2010      ";Condutor;Lesões Leves;"31   ";Masculino;"0 ";"1    ";"0    ";"0    ";-15.6502430;-47.7738720;SPRF-DF;DEL02-DF;UOP01-DEL02-DF 
641615;"1440079   ";2024-11-13;quarta-feira;19:40:00;DF;"20   ";"10,3 ";BRASILIA;Não;Acumulo de água sobre o pavimento;4;Saída de leito carroçável;Com Vítimas Feridas;Plena Noite;Decrescente;Chuva;Dupla;"Reta;Interseção de Vias;Em Obras;Declive";Sim  ;"1152490   ";Caminhão;M.BENZ/1718;"2010      ";Passageiro;Ileso;"30   ";Feminino;"1 ";"0    ";"0    ";"0    ";-15.6502430;-47.7738720;SPRF-DF;DEL02-DF;UOP01-DEL02-DF 
641615;"1440077   ";2024-11-13;quarta-feira;19:40:00;DF;"20   ";"10,3 ";BRASILIA;Não;Acumulo de água sobre o pavimento;4;Saída de leito carroçável;Com Vítimas Feridas;Plena Noite;Decrescente;Chuva;Dupla;"Reta;Interseção de Vias;Em Obras;Declive";Sim  ;"1152490   ";Caminhão;M.BENZ/1718;"2010      ";Condutor;Ileso;"35   ";Masculino;"1 ";"0    ";"0    ";"0    ";-15.6502430;-47.7738720;SPRF-DF;DEL02-DF;UOP01-DEL02-DF 
641615;"1440075   ";2024-11-13;quarta-feira;19:40:00;DF;"20   ";"10,3 ";BRASILIA;Não;Acumulo de água sobre o pavimento;4;Saída de leito carroçável;Com Vítimas Feridas;Plena Noite;Decrescente;Chuva;Dupla;"Reta;Interseção de Vias;Em Obras;Declive";Sim  ;"1152488   ";Motocicleta;HONDA/CB 300R;"2010      ";Condutor;Lesões Leves;"31   ";Masculino;"0 ";"1    ";"0    ";"0    ";-15.6502430;-47.7738720;SPRF-DF;DEL02-DF;UOP01-DEL02-DF 
641615;"1440079   ";2024-11-13;quarta-feira;19:40:00;DF;"20   ";"10,3 ";BRASILIA;Não;Acumulo de água sobre o pavimento;3;Colisão traseira;Com Vítimas Feridas;Plena Noite;Decrescente;Chuva;Dupla;"Reta;Interseção de Vias;Em Obras;Declive";Sim  ;"1152490   ";Caminhão;M.BENZ/1718;"2010      ";Passageiro;Ileso;"30   ";Feminino;"1 ";"0    ";"0    ";"0    ";-15.6502430;-47.7738720;SPRF-DF;DEL02-DF;UOP01-DEL02-DF 
641615;"1440077   ";2024-11-13;quarta-feira;19:40:00;DF;"20   ";"10,3 ";BRASILIA;Não;Acumulo de água sobre o pavimento;3;Colisão traseira;Com Vítimas Feridas;Plena Noite;Decrescente;Chuva;Dupla;"Reta;Interseção de Vias;Em Obras;Declive";Sim  ;"1152490   ";Caminhão;M.BENZ/1718;"2010      ";Condutor;Ileso;"35   ";Masculino;"1 ";"0    ";"0    ";"0    ";-15.6502430;-47.7738720;SPRF-DF;DEL02-DF;UOP01-DEL02-DF 
641615;"1440075   ";2024-11-13;quarta-feira;19:40:00;DF;"20   ";"10,3 ";BRASILIA;Não;Acumulo de água sobre o pavimento;3;Colisão traseira;Com Vítimas Feridas;Plena Noite;Decrescente;Chuva;Dupla;"Reta;Interseção de Vias;Em Obras;Declive";Sim  ;"1152488   ";Motocicleta;HONDA/CB 300R;"2010      ";Condutor;Lesões Leves;"31   ";Masculino;"0 ";"1    ";"0    ";"0    ";-15.6502430;-47.7738720;SPRF-DF;DEL02-DF;UOP01-DEL02-DF 
641615;"1440079   ";2024-11-13;quarta-feira;19:40:00;DF;"20   ";"10,3 ";BRASILIA;Não;Acumulo de água sobre o pavimento;2;Queda de ocupante de veículo;Com Vítimas Feridas;Plena Noite;Decrescente;Chuva;Dupla;"Reta;Interseção de Vias;Em Obras;Declive";Sim  ;"1152490   ";Caminhão;M.BENZ/1718;"2010      ";Passageiro;Ileso;"30   ";Feminino;"1 ";"0    ";"0    ";"0    ";-15.6502430;-47.7738720;SPRF-DF;DEL02-DF;UOP01-DEL02-DF 
641615;"1440077   ";2024-11-13;quarta-feira;19:40:00;DF;"20   ";"10,3 ";BRASILIA;Não;Acumulo de água sobre o pavimento;2;Queda de ocupante de veículo;Com Vítimas Feridas;Plena Noite;Decrescente;Chuva;Dupla;"Reta;Interseção de Vias;Em Obras;Declive";Sim  ;"1152490   ";Caminhão;M.BENZ/1718;"2010      ";Condutor;Ileso;"35   ";Masculino;"1 ";"0    ";"0    ";"0    ";-15.6502430;-47.7738720;SPRF-DF;DEL02-DF;UOP01-DEL02-DF 
641615;"1440075   ";2024-11-13;quarta-feira;19:40:00;DF;"20   ";"10,3 ";BRASILIA;Não;Acumulo de água sobre o pavimento;2;Queda de ocupante de veículo;Com Vítimas Feridas;Plena Noite;Decrescente;Chuva;Dupla;"Reta;Interseção de Vias;Em Obras;Declive";Sim  ;"1152488   ";Motocicleta;HONDA/CB 300R;"2010      ";Condutor;Lesões Leves;"31   ";Masculino;"0 ";"1    ";"0    ";"0    ";-15.6502430;-47.7738720;SPRF-DF;DEL02-DF;UOP01-DEL02-DF 
641615;"1440079   ";2024-11-13;quarta-feira;19:40:00;DF;"20   ";"10,3 ";BRASILIA;Não;Acumulo de água sobre o pavimento;1;Tombamento;Com Vítimas Feridas;Plena Noite;Decrescente;Chuva;Dupla;"Reta;Interseção de Vias;Em Obras;Declive";Sim  ;"1152490   ";Caminhão;M.BENZ/1718;"2010      ";Passageiro;Ileso;"30   ";Feminino;"1 ";"0    ";"0    ";"0    ";-15.6502430;-47.7738720;SPRF-DF;DEL02-DF;UOP01-DEL02-DF 
641615;"1440077   ";2024-11-13;quarta-feira;19:40:00;DF;"20   ";"10,3 ";BRASILIA;Não;Acumulo de água sobre o pavimento;1;Tombamento;Com Vítimas Feridas;Plena Noite;Decrescente;Chuva;Dupla;"Reta;Interseção de Vias;Em Obras;Declive";Sim  ;"1152490   ";Caminhão;M.BENZ/1718;"2010      ";Condutor;Ileso;"35   ";Masculino;"1 ";"0    ";"0    ";"0    ";-15.6502430;-47.7738720;SPRF-DF;DEL02-DF;UOP01-DEL02-DF 
641615;"1440075   ";2024-11-13;quarta-feira;19:40:00;DF;"20   ";"10,3 ";BRASILIA;Não;Acumulo de água sobre o pavimento;1;Tombamento;Com Vítimas Feridas;Plena Noite;Decrescente;Chuva;Dupla;"Reta;Interseção de Vias;Em Obras;Declive";Sim  ;"1152488   ";Motocicleta;HONDA/CB 300R;"2010      ";Condutor;Lesões Leves;"31   ";Masculino;"0 ";"1    ";"0    ";"0    ";-15.6502430;-47.7738720;SPRF-DF;DEL02-DF;UOP01-DEL02-DF 
641615;"1440079   ";2024-11-13;quarta-feira;19:40:00;DF;"20   ";"10,3 ";BRASILIA;Sim;Acessar a via sem observar a presença dos outros veículos;4;Saída de leito carroçável;Com Vítimas Feridas;Plena Noite;Decrescente;Chuva;Dupla;"Reta;Interseção de Vias;Em Obras;Declive";Sim  ;"1152490   ";Caminhão;M.BENZ/1718;"2010      ";Passageiro;Ileso;"30   ";Feminino;"1 ";"0    ";"0    ";"0    ";-15.6502430;-47.7738720;SPRF-DF;DEL02-DF;UOP01-DEL02-DF 
641615;"1440077   ";2024-11-13;quarta-feira;19:40:00;DF;"20   ";"10,3 ";BRASILIA;Sim;Acessar a via sem observar a presença dos outros veículos;4;Saída de leito carroçável;Com Vítimas Feridas;Plena Noite;Decrescente;Chuva;Dupla;"Reta;Interseção de Vias;Em Obras;Declive";Sim  ;"1152490   ";Caminhão;M.BENZ/1718;"2010      ";Condutor;Ileso;"35   ";Masculino;"1 ";"0    ";"0    ";"0    ";-15.6502430;-47.7738720;SPRF-DF;DEL02-DF;UOP01-DEL02-DF 
641615;"1440075   ";2024-11-13;quarta-feira;19:40:00;DF;"20   ";"10,3 ";BRASILIA;Sim;Acessar a via sem observar a presença dos outros veículos;4;Saída de leito carroçável;Com Vítimas Feridas;Plena Noite;Decrescente;Chuva;Dupla;"Reta;Interseção de Vias;Em Obras;Declive";Sim  ;"1152488   ";Motocicleta;HONDA/CB 300R;"2010      ";Condutor;Lesões Leves;"31   ";Masculino;"0 ";"1    ";"0    ";"0    ";-15.6502430;-47.7738720;SPRF-DF;DEL02-DF;UOP01-DEL02-DF 
641615;"1440079   ";2024-11-13;quarta-feira;19:40:00;DF;"20   ";"10,3 ";BRASILIA;Sim;Acessar a via sem observar a presença dos outros veículos;3;Colisão traseira;Com Vítimas Feridas;Plena Noite;Decrescente;Chuva;Dupla;"Reta;Interseção de Vias;Em Obras;Declive";Sim  ;"1152490   ";Caminhão;M.BENZ/1718;"2010      ";Passageiro;Ileso;"30   ";Feminino;"1 ";"0    ";"0    ";"0    ";-15.6502430;-47.7738720;SPRF-DF;DEL02-DF;UOP01-DEL02-DF 