id;pesid;data_inversa;dia_semana;horario;uf;br;km;municipio;causa_principal;causa_acidente;ordem_tipo_acidente;tipo_acidente;classificacao_acidente;fase_dia;sentido_via;condicao_metereologica;tipo_pista;tracado_via;uso_solo;id_veiculo;tipo_veiculo;marca;ano_fabricacao_veiculo;tipo_envolvido;estado_fisico;idade;sexo;ilesos;feridos_leves;feridos_graves;mortos;latitude;longitude;regional;delegacia;uop
642342;"1442147   ";2024-11-16;sábado;19:35:00;GO;"40   ";"23   ";LUZIANIA;Não;Animais na Pista;3;Queda de ocupante de veículo;Com Vítimas Feridas;Plena Noite;Crescente;Nublado;Dupla;Reta;Não  ;"1154014   ";Automóvel;VW/VOYAGE 1.0;"2009      ";Condutor;Ileso;"44   ";Masculino;"1 ";"0    ";"0    ";"0    ";-16.2363910;-47.9121820;SPRF-DF;DEL01-DF;UOP01-DEL01-DF 
642342;"1442151   ";2024-11-16;sábado;19:35:00;GO;"40   ";"23   ";LUZIANIA;Não;Animais na Pista;3;Queda de ocupante de veículo;Com Vítimas Feridas;Plena Noite;Crescente;Nublado;Dupla;Reta;Não  ;"1154013   ";Motocicleta;HONDA/CG 160 FAN;"2018      ";Passageiro;Lesões Leves;"18   ";Feminino;"0 ";"1    ";"0    ";"0    ";-16.2363910;-47.9121820;SPRF-DF;DEL01-DF;UOP01-DEL01-DF 
642342;"1442146   ";2024-11-16;sábado;19:35:00;GO;"40   ";"23   ";LUZIANIA;Não;Animais na Pista;3;Queda de ocupante de veículo;Com Vítimas Feridas;Plena Noite;Crescente;Nublado;Dupla;Reta;Não  ;"1154013   ";Motocicleta;HONDA/CG 160 FAN;"2018      ";Condutor;Ileso;"41   ";Masculino;"1 ";"0    ";"0    ";"0    ";-16.2363910;-47.9121820;SPRF-DF;DEL01-DF;UOP01-DEL01-DF 
642342;"1442147   ";2024-11-16;sábado;19:35:00;GO;"40   ";"23   ";LUZIANIA;Não;Animais na Pista;2;Tombamento;Com Vítimas Feridas;Plena Noite;Crescente;Nublado;Dupla;Reta;Não  ;"1154014   ";Automóvel;VW/VOYAGE 1.0;"2009      ";Condutor;Ileso;"44   ";Masculino;"1 ";"0    ";"0    ";"0    ";-16.2363910;-47.9121820;SPRF-DF;DEL01-DF;UOP01-DEL01-DF 
642342;"1442151   ";2024-11-16;sábado;19:35:00;GO;"40   ";"23   ";LUZIANIA;Não;Animais na Pista;2;Tombamento;Com Vítimas Feridas;Plena Noite;Crescente;Nublado;Dupla;Reta;Não  ;"1154013   ";Motocicleta;HONDA/CG 160 FAN;"2018      ";Passageiro;Lesões Leves;"18   ";Feminino;"0 ";"1    ";"0    ";"0    ";-16.2363910;-47.9121820;SPRF-DF;DEL01-DF;UOP01-DEL01-DF 
642342;"1442146   ";2024-11-16;sábado;19:35:00;GO;"40   ";"23   ";LUZIANIA;Não;Animais na Pista;2;Tombamento;Com Vítimas Feridas;Plena Noite;Crescente;Nublado;Dupla;Reta;Não  ;"1154013   ";Motocicleta;HONDA/CG 160 FAN;"2018      ";Condutor;Ileso;"41   ";Masculino;"1 ";"0    ";"0    ";"0    ";-16.2363910;-47.9121820;SPRF-DF;DEL01-DF;UOP01-DEL01-DF 
642342;"1442147   ";2024-11-16;sábado;19:35:00;GO;"40   ";"23   ";LUZIANIA;Não;Animais na Pista;1;Colisão traseira;Com Vítimas Feridas;Plena Noite;Crescente;Nublado;Dupla;Reta;Não  ;"1154014   ";Automóvel;VW/VOYAGE 1.0;"2009      ";Condutor;Ileso;"44   ";Masculino;"1 ";"0    ";"0    ";"0    ";-16.2363910;-47.9121820;SPRF-DF;DEL01-DF;UOP01-DEL01-DF 
642342;"1442151   ";2024-11-16;sábado;19:35:00;GO;"40   ";"23   ";LUZIANIA;Não;Animais na Pista;1;Colisão traseira;Com Vítimas Feridas;Plena Noite;Crescente;Nublado;Dupla;Reta;Não  ;"1154013   ";Motocicleta;HONDA/CG 160 FAN;"2018      ";Passageiro;Lesões Leves;"18   ";Feminino;"0 ";"1    ";"0    ";"0    ";-16.2363910;-47.9121820;SPRF-DF;DEL01-DF;UOP01-DEL01-DF 
642342;"1442146   ";2024-11-16;sábado;19:35:00;GO;"40   ";"23   ";LUZIANIA;Não;Animais na Pista;1;Colisão traseira;Com Vítimas Feridas;Plena Noite;Crescente;Nublado;Dupla;Reta;Não  ;"1154013   ";Motocicleta;HONDA/CG 160 FAN;"2018      ";Condutor;Ileso;"41   ";Masculino;"1 ";"0    ";"0    ";"0    ";-16.2363910;-47.9121820;SPRF-DF;DEL01-DF;UOP01-DEL01-DF 
642342;"1442147   ";2024-11-16;sábado;19:35:00;GO;"40   ";"23   ";LUZIANIA;Sim;Reação tardia ou ineficiente do condutor;3;Queda de ocupante de veículo;Com Vítimas Feridas;Plena Noite;Crescente;Nublado;Dupla;Reta;Não  ;"1154014   ";Automóvel;VW/VOYAGE 1.0;"2009      ";Condutor;Ileso;"44   ";Masculino;"1 ";"0    ";"0    ";"0    ";-16.2363910;-47.9121820;SPRF-DF;DEL01-DF;UOP01-DEL01-DF 
642342;"1442151   ";2024-11-16;sábado;19:35:00;GO;"40   ";"23   ";LUZIANIA;Sim;Reação tardia ou ineficiente do condutor;3;Queda de ocupante de veículo;Com Vítimas Feridas;Plena Noite;Crescente;Nublado;Dupla;Reta;Não  ;"1154013   ";Motocicleta;HONDA/CG 160 FAN;"2018      ";Passageiro;Lesões Leves;"18   ";Feminino;"0 ";"1    ";"0    ";"0    ";-16.2363910;-47.9121820;SPRF-DF;DEL01-DF;UOP01-DEL01-DF 
642342;"1442146   ";2024-11-16;sábado;19:35:00;GO;"40   ";"23   ";LUZIANIA;Sim;Reação tardia ou ineficiente do condutor;3;Queda de ocupante de veículo;Com Vítimas Feridas;Plena Noite;Crescente;Nublado;Dupla;Reta;Não  ;"1154013   ";Motocicleta;HONDA/CG 160 FAN;"2018      ";Condutor;Ileso;"41   ";Masculino;"1 ";"0    ";"0    ";"0    ";-16.2363910;-47.9121820;SPRF-DF;DEL01-DF;UOP01-DEL01-DF 
642342;"1442147   ";2024-11-16;sábado;19:35:00;GO;"40   ";"23   ";LUZIANIA;Sim;Reação tardia ou ineficiente do condutor;2;Tombamento;Com Vítimas Feridas;Plena Noite;Crescente;Nublado;Dupla;Reta;Não  ;"1154014   ";Automóvel;VW/VOYAGE 1.0;"2009      ";Condutor;Ileso;"44   ";Masculino;"1 ";"0    ";"0    ";"0    ";-16.2363910;-47.9121820;SPRF-DF;DEL01-DF;UOP01-DEL01-DF 
642342;"1442151   ";2024-11-16;sábado;19:35:00;GO;"40   ";"23   ";LUZIANIA;Sim;Reação tardia ou ineficiente do condutor;2;Tombamento;Com Vítimas Feridas;Plena Noite;Crescente;Nublado;Dupla;Reta;Não  ;"1154013   ";Motocicleta;HONDA/CG 160 FAN;"2018      ";Passageiro;Lesões Leves;"18   ";Feminino;"0 ";"1    ";"0    ";"0    ";-16.2363910;-47.9121820;SPRF-DF;DEL01-DF;UOP01-DEL01-DF 
642342;"1442146   ";2024-11-16;sábado;19:35:00;GO;"40   ";"23   ";LUZIANIA;Sim;Reação tardia ou ineficiente do condutor;2;Tombamento;Com Vítimas Feridas;Plena Noite;Crescente;Nublado;Dupla;Reta;Não  ;"1154013   ";Motocicleta;HONDA/CG 160 FAN;"2018      ";Condutor;Ileso;"41   ";Masculino;"1 ";"0    ";"0    ";"0    ";-16.2363910;-47.9121820;SPRF-DF;DEL01-DF;UOP01-DEL01-DF 
642342;"1442147   ";2024-11-16;sábado;19:35:00;GO;"40   ";"23   ";LUZIANIA;Sim;Reação tardia ou ineficiente do condutor;1;Colisão traseira;Com Vítimas Feridas;Plena Noite;Crescente;Nublado;Dupla;Reta;Não  ;"1154014   ";Automóvel;VW/VOYAGE 1.0;"2009      ";Condutor;Ileso;"44   ";Masculino;"1 ";"0    ";"0    ";"0    ";-16.2363910;-47.9121820;SPRF-DF;DEL01-DF;UOP01-DEL01-DF 
642342;"1442151   ";2024-11-16;sábado;19:35:00;GO;"40   ";"23   ";LUZIANIA;Sim;Reação tardia ou ineficiente do condutor;1;Colisão traseira;Com Vítimas Feridas;Plena Noite;Crescente;Nublado;Dupla;Reta;Não  ;"1154013   ";Motocicleta;HONDA/CG 160 FAN;"2018      ";Passageiro;Lesões Leves;"18   ";Feminino;"0 ";"1    ";"0    ";"0    ";-16.2363910;-47.9121820;SPRF-DF;DEL01-DF;UOP01-DEL01-DF 
642342;"1442146   ";2024-11-16;sábado;19:35:00;GO;"40   ";"23   ";LUZIANIA;Sim;Reação tardia ou ineficiente do condutor;1;Colisão traseira;Com Vítimas Feridas;Plena Noite;Crescente;Nublado;Dupla;Reta;Não  ;"1154013   ";Motocicleta;HONDA/CG 160 FAN;"2018      ";Condutor;Ileso;"41   ";Masculino;"1 ";"0    ";"0    ";"0    ";-16.2363910;-47.9121820;SPRF-DF;DEL01-DF;UOP01-DEL01-DF 
642359;"1441949   ";2024-11-16;sábado;21:31:00;GO;"40   ";"7    ";VALPARAISO DE GOIAS;Não;Acumulo de água sobre o pavimento;1;Colisão com objeto;Com Vítimas Feridas;Plena Noite;Crescente;Chuva;Dupla;Reta;Sim  ;"1153883   ";Automóvel;GM/ZAFIRA COMFORT;"2011      ";Condutor;Lesões Leves;"48   ";Masculino;"0 ";"1    ";"0    ";"0    ";-16.1084820;-47.9725240;SPRF-DF;DEL01-DF;UOP01-DEL01-DF 
642359;"1441949   ";2024-11-16;sábado;21:31:00;GO;"40   ";"7    ";VALPARAISO DE GOIAS;Não;Chuva;1;Colisão com objeto;Com Vítimas Feridas;Plena Noite;Crescente;Chuva;Dupla;Reta;Sim  ;"1153883   ";Automóvel;GM/ZAFIRA COMFORT;"2011      ";Condutor;Lesões Leves;"48   ";Masculino;"0 ";"1    ";"0    ";"0    ";-16.1084820;-47.9725240;SPRF-DF;DEL01-DF;UOP01-DEL01-DF 
642359;"1441949   ";2024-11-16;sábado;21:31:00;GO;"40   ";"7    ";VALPARAISO DE GOIAS;Sim;Ausência de reação do condutor;1;Colisão com objeto;Com Vítimas Feridas;Plena Noite;Crescente;Chuva;Dupla;Reta;Sim  ;"1153883   ";Automóvel;GM/ZAFIRA COMFORT;"2011      ";Condutor;Lesões Leves;"48   ";Masculino;"0 ";"1    ";"0    ";"0    ";-16.1084820;-47.9725240;SPRF-DF;DEL01-DF;UOP01-DEL01-DF 
642467;"1442456   ";2024-11-17;domingo;11:50:00;DF;"251  ";"5,6  ";BRASILIA;Sim;Ausência de reação do condutor;2;Derramamento de carga;Com Vítimas Fatais;Pleno dia;Crescente;Nublado;Dupla;"Retorno Regulamentado;Curva";Não  ;"1154238   ";Caminhão;VW/24.260 CRM 6X2;"2022      ";Passageiro;Óbito;"56   ";Masculino;"0 ";"0    ";"0    ";"1    ";-16.0073320;-47.5520520;SPRF-DF;DEL01-DF;UOP01-DEL01-DF 
642467;"1442455   ";2024-11-17;domingo;11:50:00;DF;"251  ";"5,6  ";BRASILIA;Sim;Ausência de reação do condutor;2;Derramamento de carga;Com Vítimas Fatais;Pleno dia;Crescente;Nublado;Dupla;"Retorno Regulamentado;Curva";Não  ;"1154238   ";Caminhão;VW/24.260 CRM 6X2;"2022      ";Condutor;Lesões Graves;"44   ";Masculino;"0 ";"0    ";"1    ";"0    ";-16.0073320;-47.5520520;SPRF-DF;DEL01-DF;UOP01-DEL01-DF 
642467;"1444471   ";2024-11-17;domingo;11:50:00;DF;"251  ";"5,6  ";BRASILIA;Sim;Ausência de reação do condutor;2;Derramamento de carga;Com Vítimas Fatais;Pleno dia;Crescente;Nublado;Dupla;"Retorno Regulamentado;Curva";Não  ;"0         ";"0";NA/NA;"0         ";Testemunha;Não Informado;"0    ";Não Informado;"0 ";"0    ";"0    ";"0    ";-16.0073320;-47.5520520;SPRF-DF;DEL01-DF;UOP01-DEL01-DF 
642467;"1442456   ";2024-11-17;domingo;11:50:00;DF;"251  ";"5,6  ";BRASILIA;Sim;Ausência de reação do condutor;1;Tombamento;Com Vítimas Fatais;Pleno dia;Crescente;Nublado;Dupla;"Retorno Regulamentado;Curva";Não  ;"1154238   ";Caminhão;VW/24.260 CRM 6X2;"2022      ";Passageiro;Óbito;"56   ";Masculino;"0 ";"0    ";"0    ";"1    ";-16.0073320;-47.5520520;SPRF-DF;DEL01-DF;UOP01-DEL01-DF 
642467;"1442455   ";2024-11-17;domingo;11:50:00;DF;"251  ";"5,6  ";BRASILIA;Sim;Ausência de reação do condutor;1;Tombamento;Com Vítimas Fatais;Pleno dia;Crescente;Nublado;Dupla;"Retorno Regulamentado;Curva";Não  ;"1154238   ";Caminhão;VW/24.260 CRM 6X2;"2022      ";Condutor;Lesões Graves;"44   ";Masculino;"0 ";"0    ";"1    ";"0    ";-16.0073320;-47.5520520;SPRF-DF;DEL01-DF;UOP01-DEL01-DF 
642467;"1444471   ";2024-11-17;domingo;11:50:00;DF;"251  ";"5,6  ";BRASILIA;Sim;Ausência de reação do condutor;1;Tombamento;Com Vítimas Fatais;Pleno dia;Crescente;Nublado;Dupla;"Retorno Regulamentado;Curva";Não  ;"0         ";"0";NA/NA;"0         ";Testemunha;Não Informado;"0    ";Não Informado;"0 ";"0    ";"0    ";"0    ";-16.0073320;-47.5520520;SPRF-DF;DEL01-DF;UOP01-DEL01-DF 
642617;"1442612   ";2024-11-18;segunda-feira;02:25:00;GO;"70   ";"13   ";AGUAS LINDAS DE GOIAS;Sim;Ingestão de álcool pelo condutor;1;Capotamento;Sem Vítimas;Plena Noite;Decrescente;Garoa/Chuvisco;Múltipla;"Aclive;Reta";Sim  ;"1154363   ";Caminhonete;CHEVROLET/S10 LTZ FD2;"2014      ";Condutor;Não Informado;"0    ";Não Informado;"0 ";"0    ";"0    ";"0    ";-15.7448924;-48.3183276;SPRF-DF;DEL03-DF;UOP02-DEL03-DF 
642632;"1444258   ";2024-11-18;segunda-feira;06:10:00;DF;"40   ";"7,9  ";BRASILIA;Sim;Condutor deixou de manter distância do veículo da frente;3;Queda de ocupante de veículo;Com Vítimas Feridas;Pleno dia;Decrescente;Céu Claro;Dupla;Reta;Sim  ;"1155597   ";Motocicleta;YAMAHA/FACTOR YBR125 ED;"2010      ";Condutor;Lesões Leves;"19   ";Masculino;"0 ";"1    ";"0    ";"0    ";-16.0209030;-47.9805410;SPRF-DF;DEL01-DF;UOP01-DEL01-DF 
642632;"1444257   ";2024-11-18;segunda-feira;06:10:00;DF;"40   ";"7,9  ";BRASILIA;Sim;Condutor deixou de manter distância do veículo da frente;3;Queda de ocupante de veículo;Com Vítimas Feridas;Pleno dia;Decrescente;Céu Claro;Dupla;Reta;Sim  ;"1155596   ";Automóvel;FIAT/PALIO ATTRACTIV 1.0;"2015      ";Condutor;Ileso;"46   ";Masculino;"1 ";"0    ";"0    ";"0    ";-16.0209030;-47.9805410;SPRF-DF;DEL01-DF;UOP01-DEL01-DF 
642632;"1444258   ";2024-11-18;segunda-feira;06:10:00;DF;"40   ";"7,9  ";BRASILIA;Sim;Condutor deixou de manter distância do veículo da frente;2;Tombamento;Com Vítimas Feridas;Pleno dia;Decrescente;Céu Claro;Dupla;Reta;Sim  ;"1155597   ";Motocicleta;YAMAHA/FACTOR YBR125 ED;"2010      ";Condutor;Lesões Leves;"19   ";Masculino;"0 ";"1    ";"0    ";"0    ";-16.0209030;-47.9805410;SPRF-DF;DEL01-DF;UOP01-DEL01-DF 
642632;"1444257   ";2024-11-18;segunda-feira;06:10:00;DF;"40   ";"7,9  ";BRASILIA;Sim;Condutor deixou de manter distância do veículo da frente;2;Tombamento;Com Vítimas Feridas;Pleno dia;Decrescente;Céu Claro;Dupla;Reta;Sim  ;"1155596   ";Automóvel;FIAT/PALIO ATTRACTIV 1.0;"2015      ";Condutor;Ileso;"46   ";Masculino;"1 ";"0    ";"0    ";"0    ";-16.0209030;-47.9805410;SPRF-DF;DEL01-DF;UOP01-DEL01-DF 
642632;"1444258   ";2024-11-18;segunda-feira;06:10:00;DF;"40   ";"7,9  ";BRASILIA;Sim;Condutor deixou de manter distância do veículo da frente;1;Colisão traseira;Com Vítimas Feridas;Pleno dia;Decrescente;Céu Claro;Dupla;Reta;Sim  ;"1155597   ";Motocicleta;YAMAHA/FACTOR YBR125 ED;"2010      ";Condutor;Lesões Leves;"19   ";Masculino;"0 ";"1    ";"0    ";"0    ";-16.0209030;-47.9805410;SPRF-DF;DEL01-DF;UOP01-DEL01-DF 
642632;"1444257   ";2024-11-18;segunda-feira;06:10:00;DF;"40   ";"7,9  ";BRASILIA;Sim;Condutor deixou de manter distância do veículo da frente;1;Colisão traseira;Com Vítimas Feridas;Pleno dia;Decrescente;Céu Claro;Dupla;Reta;Sim  ;"1155596   ";Automóvel;FIAT/PALIO ATTRACTIV 1.0;"2015      ";Condutor;Ileso;"46   ";Masculino;"1 ";"0    ";"0    ";"0    ";-16.0209030;-47.9805410;SPRF-DF;DEL01-DF;UOP01-DEL01-DF 
642734;"1443117   ";2024-11-18;segunda-feira;16:12:00;DF;"40   ";"0,6  ";BRASILIA;Sim;Ausência de reação do condutor;1;Colisão traseira;Sem Vítimas;Pleno dia;Decrescente;Céu Claro;Dupla;Reta;Sim  ;"1154719   ";Camioneta;RENAULT/DUSTER 20 D 4X2A;"2017      ";Condutor;Ileso;"51   ";Masculino;"1 ";"0    ";"0    ";"0    ";-15.9822060;-47.9883456;SPRF-DF;DEL01-DF;UOP01-DEL01-DF 
642734;"1443115   ";2024-11-18;segunda-feira;16:12:00;DF;"40   ";"0,6  ";BRASILIA;Sim;Ausência de reação do condutor;1;Colisão traseira;Sem Vítimas;Pleno dia;Decrescente;Céu Claro;Dupla;Reta;Sim  ;"1154718   ";Automóvel;VW/NOVO FOX ROCK RIO MB;"2015      ";Condutor;Ileso;"34   ";Masculino;"1 ";"0    ";"0    ";"0    ";-15.9822060;-47.9883456;SPRF-DF;DEL01-DF;UOP01-DEL01-DF 
642734;"1443114   ";2024-11-18;segunda-feira;16:12:00;DF;"40   ";"0,6  ";BRASILIA;Sim;Ausência de reação do condutor;1;Colisão traseira;Sem Vítimas;Pleno dia;Decrescente;Céu Claro;Dupla;Reta;Sim  ;"1154717   ";Automóvel;FIAT/PUNTO TURBO T-JET;"2015      ";Condutor;Ileso;"34   ";Masculino;"1 ";"0    ";"0    ";"0    ";-15.9822060;-47.9883456;SPRF-DF;DEL01-DF;UOP01-DEL01-DF 
642734;"1443117   ";2024-11-18;segunda-feira;16:12:00;DF;"40   ";"0,6  ";BRASILIA;Sim;Ausência de reação do condutor;2;Colisão transversal;Sem Vítimas;Pleno dia;Decrescente;Céu Claro;Dupla;Reta;Sim  ;"1154719   ";Camioneta;RENAULT/DUSTER 20 D 4X2A;"2017      ";Condutor;Ileso;"51   ";Masculino;"1 ";"0    ";"0    ";"0    ";-15.9822060;-47.9883456;SPRF-DF;DEL01-DF;UOP01-DEL01-DF 
642734;"1443115   ";2024-11-18;segunda-feira;16:12:00;DF;"40   ";"0,6  ";BRASILIA;Sim;Ausência de reação do condutor;2;Colisão transversal;Sem Vítimas;Pleno dia;Decrescente;Céu Claro;Dupla;Reta;Sim  ;"1154718   ";Automóvel;VW/NOVO FOX ROCK RIO MB;"2015      ";Condutor;Ileso;"34   ";Masculino;"1 ";"0    ";"0    ";"0    ";-15.9822060;-47.9883456;SPRF-DF;DEL01-DF;UOP01-DEL01-DF 
642734;"1443114   ";2024-11-18;segunda-feira;16:12:00;DF;"40   ";"0,6  ";BRASILIA;Sim;Ausência de reação do condutor;2;Colisão transversal;Sem Vítimas;Pleno dia;Decrescente;Céu Claro;Dupla;Reta;Sim  ;"1154717   ";Automóvel;FIAT/PUNTO TURBO T-JET;"2015      ";Condutor;Ileso;"34   ";Masculino;"1 ";"0    ";"0    ";"0    ";-15.9822060;-47.9883456;SPRF-DF;DEL01-DF;UOP01-DEL01-DF 
642734;"1443117   ";2024-11-18;segunda-feira;16:12:00;DF;"40   ";"0,6  ";BRASILIA;Não;Condutor deixou de manter distância do veículo da frente;1;Colisão traseira;Sem Vítimas;Pleno dia;Decrescente;Céu Claro;Dupla;Reta;Sim  ;"1154719   ";Camioneta;RENAULT/DUSTER 20 D 4X2A;"2017      ";Condutor;Ileso;"51   ";Masculino;"1 ";"0    ";"0    ";"0    ";-15.9822060;-47.9883456;SPRF-DF;DEL01-DF;UOP01-DEL01-DF 
642734;"1443115   ";2024-11-18;segunda-feira;16:12:00;DF;"40   ";"0,6  ";BRASILIA;Não;Condutor deixou de manter distância do veículo da frente;1;Colisão traseira;Sem Vítimas;Pleno dia;Decrescente;Céu Claro;Dupla;Reta;Sim  ;"1154718   ";Automóvel;VW/NOVO FOX ROCK RIO MB;"2015      ";Condutor;Ileso;"34   ";Masculino;"1 ";"0    ";"0    ";"0    ";-15.9822060;-47.9883456;SPRF-DF;DEL01-DF;UOP01-DEL01-DF 
642734;"1443114   ";2024-11-18;segunda-feira;16:12:00;DF;"40   ";"0,6  ";BRASILIA;Não;Condutor deixou de manter distância do veículo da frente;1;Colisão traseira;Sem Vítimas;Pleno dia;Decrescente;Céu Claro;Dupla;Reta;Sim  ;"1154717   ";Automóvel;FIAT/PUNTO TURBO T-JET;"2015      ";Condutor;Ileso;"34   ";Masculino;"1 ";"0    ";"0    ";"0    ";-15.9822060;-47.9883456;SPRF-DF;DEL01-DF;UOP01-DEL01-DF 
642734;"1443117   ";2024-11-18;segunda-feira;16:12:00;DF;"40   ";"0,6  ";BRASILIA;Não;Condutor deixou de manter distância do veículo da frente;2;Colisão transversal;Sem Vítimas;Pleno dia;Decrescente;Céu Claro;Dupla;Reta;Sim  ;"1154719   ";Camioneta;RENAULT/DUSTER 20 D 4X2A;"2017      ";Condutor;Ileso;"51   ";Masculino;"1 ";"0    ";"0    ";"0    ";-15.9822060;-47.9883456;SPRF-DF;DEL01-DF;UOP01-DEL01-DF 
642734;"1443115   ";2024-11-18;segunda-feira;16:12:00;DF;"40   ";"0,6  ";BRASILIA;Não;Condutor deixou de manter distância do veículo da frente;2;Colisão transversal;Sem Vítimas;Pleno dia;Decrescente;Céu Claro;Dupla;Reta;Sim  ;"1154718   ";Automóvel;VW/NOVO FOX ROCK RIO MB;"2015      ";Condutor;Ileso;"34   ";Masculino;"1 ";"0    ";"0    ";"0    ";-15.9822060;-47.9883456;SPRF-DF;DEL01-DF;UOP01-DEL01-DF 
642734;"1443114   ";2024-11-18;segunda-feira;16:12:00;DF;"40   ";"0,6  ";BRASILIA;Não;Condutor deixou de manter distância do veículo da frente;2;Colisão transversal;Sem Vítimas;Pleno dia;Decrescente;Céu Claro;Dupla;Reta;Sim  ;"1154717   ";Automóvel;FIAT/PUNTO TURBO T-JET;"2015      ";Condutor;Ileso;"34   ";Masculino;"1 ";"0    ";"0    ";"0    ";-15.9822060;-47.9883456;SPRF-DF;DEL01-DF;UOP01-DEL01-DF 
642745;"1443095   ";2024-11-18;segunda-feira;17:20:00;DF;"70   ";"10   ";BRASILIA;Não;Reação tardia ou ineficiente do condutor;1;Atropelamento de Pedestre;Com Vítimas Feridas;Pleno dia;Crescente;Céu Claro;Dupla;Reta;Sim  ;"1154703   ";Automóvel;FORD/FIESTA;"2005      ";Condutor;Ileso;"21   ";Masculino;"1 ";"0    ";"0    ";"0    ";-15.7870660;-48.1407090;SPRF-DF;DEL03-DF;UOP02-DEL03-DF 
642745;"1443096   ";2024-11-18;segunda-feira;17:20:00;DF;"70   ";"10   ";BRASILIA;Não;Reação tardia ou ineficiente do condutor;1;Atropelamento de Pedestre;Com Vítimas Feridas;Pleno dia;Crescente;Céu Claro;Dupla;Reta;Sim  ;"0         ";"0";NA/NA;"0         ";Pedestre;Lesões Graves;"41   ";Masculino;"0 ";"0    ";"1    ";"0    ";-15.7870660;-48.1407090;SPRF-DF;DEL03-DF;UOP02-DEL03-DF 
642745;"1443095   ";2024-11-18;segunda-feira;17:20:00;DF;"70   ";"10   ";BRASILIA;Não;Ausência de reação do condutor;1;Atropelamento de Pedestre;Com Vítimas Feridas;Pleno dia;Crescente;Céu Claro;Dupla;Reta;Sim  ;"1154703   ";Automóvel;FORD/FIESTA;"2005      ";Condutor;Ileso;"21   ";Masculino;"1 ";"0    ";"0    ";"0    ";-15.7870660;-48.1407090;SPRF-DF;DEL03-DF;UOP02-DEL03-DF 
642745;"1443096   ";2024-11-18;segunda-feira;17:20:00;DF;"70   ";"10   ";BRASILIA;Não;Ausência de reação do condutor;1;Atropelamento de Pedestre;Com Vítimas Feridas;Pleno dia;Crescente;Céu Claro;Dupla;Reta;Sim  ;"0         ";"0";NA/NA;"0         ";Pedestre;Lesões Graves;"41   ";Masculino;"0 ";"0    ";"1    ";"0    ";-15.7870660;-48.1407090;SPRF-DF;DEL03-DF;UOP02-DEL03-DF 
642745;"1443095   ";2024-11-18;segunda-feira;17:20:00;DF;"70   ";"10   ";BRASILIA;Sim;Transitar no Acostamento;1;Atropelamento de Pedestre;Com Vítimas Feridas;Pleno dia;Crescente;Céu Claro;Dupla;Reta;Sim  ;"1154703   ";Automóvel;FORD/FIESTA;"2005      ";Condutor;Ileso;"21   ";Masculino;"1 ";"0    ";"0    ";"0    ";-15.7870660;-48.1407090;SPRF-DF;DEL03-DF;UOP02-DEL03-DF 
642745;"1443096   ";2024-11-18;segunda-feira;17:20:00;DF;"70   ";"10   ";BRASILIA;Sim;Transitar no Acostamento;1;Atropelamento de Pedestre;Com Vítimas Feridas;Pleno dia;Crescente;Céu Claro;Dupla;Reta;Sim  ;"0         ";"0";NA/NA;"0         ";Pedestre;Lesões Graves;"41   ";Masculino;"0 ";"0    ";"1    ";"0    ";-15.7870660;-48.1407090;SPRF-DF;DEL03-DF;UOP02-DEL03-DF 
642777;"1443072   ";2024-11-18;segunda-feira;18:48:00;GO;"40   ";"7    ";VALPARAISO DE GOIAS;Sim;Condutor deixou de manter distância do veículo da frente;3;Queda de ocupante de veículo;Com Vítimas Feridas;Plena Noite;Crescente;Céu Claro;Dupla;Reta;Sim  ;"1154684   ";Motocicleta;HONDA/CG 160 FAN;"2018      ";Condutor;Lesões Leves;"40   ";Masculino;"0 ";"1    ";"0    ";"0    ";-16.1084820;-47.9725240;SPRF-DF;DEL01-DF;UOP01-DEL01-DF 
642777;"1443071   ";2024-11-18;segunda-feira;18:48:00;GO;"40   ";"7    ";VALPARAISO DE GOIAS;Sim;Condutor deixou de manter distância do veículo da frente;3;Queda de ocupante de veículo;Com Vítimas Feridas;Plena Noite;Crescente;Céu Claro;Dupla;Reta;Sim  ;"1154683   ";Automóvel;FIAT/PALIO ELX;"2001      ";Condutor;Ileso;"57   ";Masculino;"1 ";"0    ";"0    ";"0    ";-16.1084820;-47.9725240;SPRF-DF;DEL01-DF;UOP01-DEL01-DF 
642777;"1443072   ";2024-11-18;segunda-feira;18:48:00;GO;"40   ";"7    ";VALPARAISO DE GOIAS;Sim;Condutor deixou de manter distância do veículo da frente;2;Tombamento;Com Vítimas Feridas;Plena Noite;Crescente;Céu Claro;Dupla;Reta;Sim  ;"1154684   ";Motocicleta;HONDA/CG 160 FAN;"2018      ";Condutor;Lesões Leves;"40   ";Masculino;"0 ";"1    ";"0    ";"0    ";-16.1084820;-47.9725240;SPRF-DF;DEL01-DF;UOP01-DEL01-DF 
642777;"1443071   ";2024-11-18;segunda-feira;18:48:00;GO;"40   ";"7    ";VALPARAISO DE GOIAS;Sim;Condutor deixou de manter distância do veículo da frente;2;Tombamento;Com Vítimas Feridas;Plena Noite;Crescente;Céu Claro;Dupla;Reta;Sim  ;"1154683   ";Automóvel;FIAT/PALIO ELX;"2001      ";Condutor;Ileso;"57   ";Masculino;"1 ";"0    ";"0    ";"0    ";-16.1084820;-47.9725240;SPRF-DF;DEL01-DF;UOP01-DEL01-DF 