id;pesid;data_inversa;dia_semana;horario;uf;br;km;municipio;causa_principal;causa_acidente;ordem_tipo_acidente;tipo_acidente;classificacao_acidente;fase_dia;sentido_via;condicao_metereologica;tipo_pista;tracado_via;uso_solo;id_veiculo;tipo_veiculo;marca;ano_fabricacao_veiculo;tipo_envolvido;estado_fisico;idade;sexo;ilesos;feridos_leves;feridos_graves;mortos;latitude;longitude;regional;delegacia;uop
643599;"1445128   ";2024-11-22;sexta-feira;19:50:00;DF;"251  ";"57   ";BRASILIA;Não;Iluminação deficiente;2;Tombamento;Com Vítimas Feridas;Plena Noite;Crescente;Nublado;Simples;Reta;Não  ;"1156312   ";Caminhão;M.BENZ/710;"1999      ";Passageiro;Ileso;"35   ";Masculino;"1 ";"0    ";"0    ";"0    ";-15.9780550;-47.9582400;SPRF-DF;DEL01-DF;UOP01-DEL01-DF 
643599;"1445074   ";2024-11-22;sexta-feira;19:50:00;DF;"251  ";"57   ";BRASILIA;Não;Iluminação deficiente;2;Tombamento;Com Vítimas Feridas;Plena Noite;Crescente;Nublado;Simples;Reta;Não  ;"1156312   ";Caminhão;M.BENZ/710;"1999      ";Condutor;Ileso;"59   ";Masculino;"1 ";"0    ";"0    ";"0    ";-15.9780550;-47.9582400;SPRF-DF;DEL01-DF;UOP01-DEL01-DF 
643599;"1445129   ";2024-11-22;sexta-feira;19:50:00;DF;"251  ";"57   ";BRASILIA;Não;Iluminação deficiente;1;Queda de ocupante de veículo;Com Vítimas Feridas;Plena Noite;Crescente;Nublado;Simples;Reta;Não  ;"1156314   ";Motocicleta;JTA/SUZUKI EN125 YES;"2007      ";Condutor;Lesões Graves;"24   ";Masculino;"0 ";"0    ";"1    ";"0    ";-15.9780550;-47.9582400;SPRF-DF;DEL01-DF;UOP01-DEL01-DF 
643599;"1445128   ";2024-11-22;sexta-feira;19:50:00;DF;"251  ";"57   ";BRASILIA;Não;Iluminação deficiente;1;Queda de ocupante de veículo;Com Vítimas Feridas;Plena Noite;Crescente;Nublado;Simples;Reta;Não  ;"1156312   ";Caminhão;M.BENZ/710;"1999      ";Passageiro;Ileso;"35   ";Masculino;"1 ";"0    ";"0    ";"0    ";-15.9780550;-47.9582400;SPRF-DF;DEL01-DF;UOP01-DEL01-DF 
643599;"1445074   ";2024-11-22;sexta-feira;19:50:00;DF;"251  ";"57   ";BRASILIA;Não;Iluminação deficiente;1;Queda de ocupante de veículo;Com Vítimas Feridas;Plena Noite;Crescente;Nublado;Simples;Reta;Não  ;"1156312   ";Caminhão;M.BENZ/710;"1999      ";Condutor;Ileso;"59   ";Masculino;"1 ";"0    ";"0    ";"0    ";-15.9780550;-47.9582400;SPRF-DF;DEL01-DF;UOP01-DEL01-DF 
643599;"1445129   ";2024-11-22;sexta-feira;19:50:00;DF;"251  ";"57   ";BRASILIA;Não;Condutor deixou de manter distância do veículo da frente;4;Incêndio;Com Vítimas Feridas;Plena Noite;Crescente;Nublado;Simples;Reta;Não  ;"1156314   ";Motocicleta;JTA/SUZUKI EN125 YES;"2007      ";Condutor;Lesões Graves;"24   ";Masculino;"0 ";"0    ";"1    ";"0    ";-15.9780550;-47.9582400;SPRF-DF;DEL01-DF;UOP01-DEL01-DF 
643599;"1445128   ";2024-11-22;sexta-feira;19:50:00;DF;"251  ";"57   ";BRASILIA;Não;Condutor deixou de manter distância do veículo da frente;4;Incêndio;Com Vítimas Feridas;Plena Noite;Crescente;Nublado;Simples;Reta;Não  ;"1156312   ";Caminhão;M.BENZ/710;"1999      ";Passageiro;Ileso;"35   ";Masculino;"1 ";"0    ";"0    ";"0    ";-15.9780550;-47.9582400;SPRF-DF;DEL01-DF;UOP01-DEL01-DF 
643599;"1445074   ";2024-11-22;sexta-feira;19:50:00;DF;"251  ";"57   ";BRASILIA;Não;Condutor deixou de manter distância do veículo da frente;4;Incêndio;Com Vítimas Feridas;Plena Noite;Crescente;Nublado;Simples;Reta;Não  ;"1156312   ";Caminhão;M.BENZ/710;"1999      ";Condutor;Ileso;"59   ";Masculino;"1 ";"0    ";"0    ";"0    ";-15.9780550;-47.9582400;SPRF-DF;DEL01-DF;UOP01-DEL01-DF 
643599;"1445129   ";2024-11-22;sexta-feira;19:50:00;DF;"251  ";"57   ";BRASILIA;Não;Condutor deixou de manter distância do veículo da frente;3;Colisão transversal;Com Vítimas Feridas;Plena Noite;Crescente;Nublado;Simples;Reta;Não  ;"1156314   ";Motocicleta;JTA/SUZUKI EN125 YES;"2007      ";Condutor;Lesões Graves;"24   ";Masculino;"0 ";"0    ";"1    ";"0    ";-15.9780550;-47.9582400;SPRF-DF;DEL01-DF;UOP01-DEL01-DF 
643599;"1445128   ";2024-11-22;sexta-feira;19:50:00;DF;"251  ";"57   ";BRASILIA;Não;Condutor deixou de manter distância do veículo da frente;3;Colisão transversal;Com Vítimas Feridas;Plena Noite;Crescente;Nublado;Simples;Reta;Não  ;"1156312   ";Caminhão;M.BENZ/710;"1999      ";Passageiro;Ileso;"35   ";Masculino;"1 ";"0    ";"0    ";"0    ";-15.9780550;-47.9582400;SPRF-DF;DEL01-DF;UOP01-DEL01-DF 
643599;"1445074   ";2024-11-22;sexta-feira;19:50:00;DF;"251  ";"57   ";BRASILIA;Não;Condutor deixou de manter distância do veículo da frente;3;Colisão transversal;Com Vítimas Feridas;Plena Noite;Crescente;Nublado;Simples;Reta;Não  ;"1156312   ";Caminhão;M.BENZ/710;"1999      ";Condutor;Ileso;"59   ";Masculino;"1 ";"0    ";"0    ";"0    ";-15.9780550;-47.9582400;SPRF-DF;DEL01-DF;UOP01-DEL01-DF 
643599;"1445129   ";2024-11-22;sexta-feira;19:50:00;DF;"251  ";"57   ";BRASILIA;Não;Condutor deixou de manter distância do veículo da frente;2;Tombamento;Com Vítimas Feridas;Plena Noite;Crescente;Nublado;Simples;Reta;Não  ;"1156314   ";Motocicleta;JTA/SUZUKI EN125 YES;"2007      ";Condutor;Lesões Graves;"24   ";Masculino;"0 ";"0    ";"1    ";"0    ";-15.9780550;-47.9582400;SPRF-DF;DEL01-DF;UOP01-DEL01-DF 
643599;"1445128   ";2024-11-22;sexta-feira;19:50:00;DF;"251  ";"57   ";BRASILIA;Não;Condutor deixou de manter distância do veículo da frente;2;Tombamento;Com Vítimas Feridas;Plena Noite;Crescente;Nublado;Simples;Reta;Não  ;"1156312   ";Caminhão;M.BENZ/710;"1999      ";Passageiro;Ileso;"35   ";Masculino;"1 ";"0    ";"0    ";"0    ";-15.9780550;-47.9582400;SPRF-DF;DEL01-DF;UOP01-DEL01-DF 
643599;"1445074   ";2024-11-22;sexta-feira;19:50:00;DF;"251  ";"57   ";BRASILIA;Não;Condutor deixou de manter distância do veículo da frente;2;Tombamento;Com Vítimas Feridas;Plena Noite;Crescente;Nublado;Simples;Reta;Não  ;"1156312   ";Caminhão;M.BENZ/710;"1999      ";Condutor;Ileso;"59   ";Masculino;"1 ";"0    ";"0    ";"0    ";-15.9780550;-47.9582400;SPRF-DF;DEL01-DF;UOP01-DEL01-DF 
643599;"1445129   ";2024-11-22;sexta-feira;19:50:00;DF;"251  ";"57   ";BRASILIA;Não;Condutor deixou de manter distância do veículo da frente;1;Queda de ocupante de veículo;Com Vítimas Feridas;Plena Noite;Crescente;Nublado;Simples;Reta;Não  ;"1156314   ";Motocicleta;JTA/SUZUKI EN125 YES;"2007      ";Condutor;Lesões Graves;"24   ";Masculino;"0 ";"0    ";"1    ";"0    ";-15.9780550;-47.9582400;SPRF-DF;DEL01-DF;UOP01-DEL01-DF 
643599;"1445128   ";2024-11-22;sexta-feira;19:50:00;DF;"251  ";"57   ";BRASILIA;Não;Condutor deixou de manter distância do veículo da frente;1;Queda de ocupante de veículo;Com Vítimas Feridas;Plena Noite;Crescente;Nublado;Simples;Reta;Não  ;"1156312   ";Caminhão;M.BENZ/710;"1999      ";Passageiro;Ileso;"35   ";Masculino;"1 ";"0    ";"0    ";"0    ";-15.9780550;-47.9582400;SPRF-DF;DEL01-DF;UOP01-DEL01-DF 
643599;"1445074   ";2024-11-22;sexta-feira;19:50:00;DF;"251  ";"57   ";BRASILIA;Não;Condutor deixou de manter distância do veículo da frente;1;Queda de ocupante de veículo;Com Vítimas Feridas;Plena Noite;Crescente;Nublado;Simples;Reta;Não  ;"1156312   ";Caminhão;M.BENZ/710;"1999      ";Condutor;Ileso;"59   ";Masculino;"1 ";"0    ";"0    ";"0    ";-15.9780550;-47.9582400;SPRF-DF;DEL01-DF;UOP01-DEL01-DF 
643599;"1445129   ";2024-11-22;sexta-feira;19:50:00;DF;"251  ";"57   ";BRASILIA;Sim;Reação tardia ou ineficiente do condutor;4;Incêndio;Com Vítimas Feridas;Plena Noite;Crescente;Nublado;Simples;Reta;Não  ;"1156314   ";Motocicleta;JTA/SUZUKI EN125 YES;"2007      ";Condutor;Lesões Graves;"24   ";Masculino;"0 ";"0    ";"1    ";"0    ";-15.9780550;-47.9582400;SPRF-DF;DEL01-DF;UOP01-DEL01-DF 
643599;"1445128   ";2024-11-22;sexta-feira;19:50:00;DF;"251  ";"57   ";BRASILIA;Sim;Reação tardia ou ineficiente do condutor;4;Incêndio;Com Vítimas Feridas;Plena Noite;Crescente;Nublado;Simples;Reta;Não  ;"1156312   ";Caminhão;M.BENZ/710;"1999      ";Passageiro;Ileso;"35   ";Masculino;"1 ";"0    ";"0    ";"0    ";-15.9780550;-47.9582400;SPRF-DF;DEL01-DF;UOP01-DEL01-DF 
643599;"1445074   ";2024-11-22;sexta-feira;19:50:00;DF;"251  ";"57   ";BRASILIA;Sim;Reação tardia ou ineficiente do condutor;4;Incêndio;Com Vítimas Feridas;Plena Noite;Crescente;Nublado;Simples;Reta;Não  ;"1156312   ";Caminhão;M.BENZ/710;"1999      ";Condutor;Ileso;"59   ";Masculino;"1 ";"0    ";"0    ";"0    ";-15.9780550;-47.9582400;SPRF-DF;DEL01-DF;UOP01-DEL01-DF 
643599;"1445129   ";2024-11-22;sexta-feira;19:50:00;DF;"251  ";"57   ";BRASILIA;Sim;Reação tardia ou ineficiente do condutor;3;Colisão transversal;Com Vítimas Feridas;Plena Noite;Crescente;Nublado;Simples;Reta;Não  ;"1156314   ";Motocicleta;JTA/SUZUKI EN125 YES;"2007      ";Condutor;Lesões Graves;"24   ";Masculino;"0 ";"0    ";"1    ";"0    ";-15.9780550;-47.9582400;SPRF-DF;DEL01-DF;UOP01-DEL01-DF 
643599;"1445128   ";2024-11-22;sexta-feira;19:50:00;DF;"251  ";"57   ";BRASILIA;Sim;Reação tardia ou ineficiente do condutor;3;Colisão transversal;Com Vítimas Feridas;Plena Noite;Crescente;Nublado;Simples;Reta;Não  ;"1156312   ";Caminhão;M.BENZ/710;"1999      ";Passageiro;Ileso;"35   ";Masculino;"1 ";"0    ";"0    ";"0    ";-15.9780550;-47.9582400;SPRF-DF;DEL01-DF;UOP01-DEL01-DF 
643599;"1445074   ";2024-11-22;sexta-feira;19:50:00;DF;"251  ";"57   ";BRASILIA;Sim;Reação tardia ou ineficiente do condutor;3;Colisão transversal;Com Vítimas Feridas;Plena Noite;Crescente;Nublado;Simples;Reta;Não  ;"1156312   ";Caminhão;M.BENZ/710;"1999      ";Condutor;Ileso;"59   ";Masculino;"1 ";"0    ";"0    ";"0    ";-15.9780550;-47.9582400;SPRF-DF;DEL01-DF;UOP01-DEL01-DF 
643599;"1445129   ";2024-11-22;sexta-feira;19:50:00;DF;"251  ";"57   ";BRASILIA;Sim;Reação tardia ou ineficiente do condutor;2;Tombamento;Com Vítimas Feridas;Plena Noite;Crescente;Nublado;Simples;Reta;Não  ;"1156314   ";Motocicleta;JTA/SUZUKI EN125 YES;"2007      ";Condutor;Lesões Graves;"24   ";Masculino;"0 ";"0    ";"1    ";"0    ";-15.9780550;-47.9582400;SPRF-DF;DEL01-DF;UOP01-DEL01-DF 
643599;"1445128   ";2024-11-22;sexta-feira;19:50:00;DF;"251  ";"57   ";BRASILIA;Sim;Reação tardia ou ineficiente do condutor;2;Tombamento;Com Vítimas Feridas;Plena Noite;Crescente;Nublado;Simples;Reta;Não  ;"1156312   ";Caminhão;M.BENZ/710;"1999      ";Passageiro;Ileso;"35   ";Masculino;"1 ";"0    ";"0    ";"0    ";-15.9780550;-47.9582400;SPRF-DF;DEL01-DF;UOP01-DEL01-DF 
643599;"1445074   ";2024-11-22;sexta-feira;19:50:00;DF;"251  ";"57   ";BRASILIA;Sim;Reação tardia ou ineficiente do condutor;2;Tombamento;Com Vítimas Feridas;Plena Noite;Crescente;Nublado;Simples;Reta;Não  ;"1156312   ";Caminhão;M.BENZ/710;"1999      ";Condutor;Ileso;"59   ";Masculino;"1 ";"0    ";"0    ";"0    ";-15.9780550;-47.9582400;SPRF-DF;DEL01-DF;UOP01-DEL01-DF 
643599;"1445129   ";2024-11-22;sexta-feira;19:50:00;DF;"251  ";"57   ";BRASILIA;Sim;Reação tardia ou ineficiente do condutor;1;Queda de ocupante de veículo;Com Vítimas Feridas;Plena Noite;Crescente;Nublado;Simples;Reta;Não  ;"1156314   ";Motocicleta;JTA/SUZUKI EN125 YES;"2007      ";Condutor;Lesões Graves;"24   ";Masculino;"0 ";"0    ";"1    ";"0    ";-15.9780550;-47.9582400;SPRF-DF;DEL01-DF;UOP01-DEL01-DF 
643599;"1445128   ";2024-11-22;sexta-feira;19:50:00;DF;"251  ";"57   ";BRASILIA;Sim;Reação tardia ou ineficiente do condutor;1;Queda de ocupante de veículo;Com Vítimas Feridas;Plena Noite;Crescente;Nublado;Simples;Reta;Não  ;"1156312   ";Caminhão;M.BENZ/710;"1999      ";Passageiro;Ileso;"35   ";Masculino;"1 ";"0    ";"0    ";"0    ";-15.9780550;-47.9582400;SPRF-DF;DEL01-DF;UOP01-DEL01-DF 
643599;"1445074   ";2024-11-22;sexta-feira;19:50:00;DF;"251  ";"57   ";BRASILIA;Sim;Reação tardia ou ineficiente do condutor;1;Queda de ocupante de veículo;Com Vítimas Feridas;Plena Noite;Crescente;Nublado;Simples;Reta;Não  ;"1156312   ";Caminhão;M.BENZ/710;"1999      ";Condutor;Ileso;"59   ";Masculino;"1 ";"0    ";"0    ";"0    ";-15.9780550;-47.9582400;SPRF-DF;DEL01-DF;UOP01-DEL01-DF 
643660;"1445217   ";2024-11-23;sábado;07:40:00;GO;"40   ";"16,8 ";LUZIANIA;Não;Animais na Pista;1;Saída de leito carroçável;Com Vítimas Fatais;Amanhecer;Decrescente;Céu Claro;Dupla;Declive;Sim  ;"1156450   ";Automóvel;FIAT/UNO ELECTRONIC;"1994      ";Condutor;Óbito;"27   ";Masculino;"0 ";"0    ";"0    ";"1    ";-16.1751760;-47.9296400;SPRF-DF;DEL01-DF;UOP01-DEL01-DF 
643660;"1445217   ";2024-11-23;sábado;07:40:00;GO;"40   ";"16,8 ";LUZIANIA;Sim;Condutor Dormindo;1;Saída de leito carroçável;Com Vítimas Fatais;Amanhecer;Decrescente;Céu Claro;Dupla;Declive;Sim  ;"1156450   ";Automóvel;FIAT/UNO ELECTRONIC;"1994      ";Condutor;Óbito;"27   ";Masculino;"0 ";"0    ";"0    ";"1    ";-16.1751760;-47.9296400;SPRF-DF;DEL01-DF;UOP01-DEL01-DF 
643704;"1445314   ";2024-11-23;sábado;12:40:00;GO;"20   ";"15   ";FORMOSA;Sim;Chuva;1;Tombamento;Com Vítimas Feridas;Pleno dia;Crescente;Chuva;Dupla;Rotatória;Não  ;"1156506   ";Utilitário;I/TOYOTA HILUX SWSRXA4FD;"2019      ";Passageiro;Lesões Leves;"65   ";Feminino;"0 ";"1    ";"0    ";"0    ";-15.5648070;-47.2226220;SPRF-DF;DEL02-DF;UOP02-DEL02-DF 
643704;"1445313   ";2024-11-23;sábado;12:40:00;GO;"20   ";"15   ";FORMOSA;Sim;Chuva;1;Tombamento;Com Vítimas Feridas;Pleno dia;Crescente;Chuva;Dupla;Rotatória;Não  ;"1156506   ";Utilitário;I/TOYOTA HILUX SWSRXA4FD;"2019      ";Passageiro;Lesões Leves;"81   ";Feminino;"0 ";"1    ";"0    ";"0    ";-15.5648070;-47.2226220;SPRF-DF;DEL02-DF;UOP02-DEL02-DF 
643704;"1445289   ";2024-11-23;sábado;12:40:00;GO;"20   ";"15   ";FORMOSA;Sim;Chuva;1;Tombamento;Com Vítimas Feridas;Pleno dia;Crescente;Chuva;Dupla;Rotatória;Não  ;"1156506   ";Utilitário;I/TOYOTA HILUX SWSRXA4FD;"2019      ";Condutor;Lesões Leves;"72   ";Masculino;"0 ";"1    ";"0    ";"0    ";-15.5648070;-47.2226220;SPRF-DF;DEL02-DF;UOP02-DEL02-DF 
643734;"1445439   ";2024-11-23;sábado;14:50:00;DF;"20   ";"17,9 ";BRASILIA;Sim;Velocidade Incompatível;2;Colisão com objeto;Com Vítimas Feridas;Pleno dia;Crescente;Nublado;Dupla;Reta;Não  ;"1156585   ";Automóvel;FIAT/SIENA FIRE FLEX;"2007      ";Passageiro;Lesões Leves;"24   ";Feminino;"0 ";"1    ";"0    ";"0    ";-15.6213740;-47.7169800;SPRF-DF;DEL02-DF;UOP01-DEL02-DF 
643734;"1445382   ";2024-11-23;sábado;14:50:00;DF;"20   ";"17,9 ";BRASILIA;Sim;Velocidade Incompatível;2;Colisão com objeto;Com Vítimas Feridas;Pleno dia;Crescente;Nublado;Dupla;Reta;Não  ;"1156585   ";Automóvel;FIAT/SIENA FIRE FLEX;"2007      ";Condutor;Ileso;"26   ";Masculino;"1 ";"0    ";"0    ";"0    ";-15.6213740;-47.7169800;SPRF-DF;DEL02-DF;UOP01-DEL02-DF 
643734;"1445439   ";2024-11-23;sábado;14:50:00;DF;"20   ";"17,9 ";BRASILIA;Sim;Velocidade Incompatível;1;Saída de leito carroçável;Com Vítimas Feridas;Pleno dia;Crescente;Nublado;Dupla;Reta;Não  ;"1156585   ";Automóvel;FIAT/SIENA FIRE FLEX;"2007      ";Passageiro;Lesões Leves;"24   ";Feminino;"0 ";"1    ";"0    ";"0    ";-15.6213740;-47.7169800;SPRF-DF;DEL02-DF;UOP01-DEL02-DF 
643734;"1445382   ";2024-11-23;sábado;14:50:00;DF;"20   ";"17,9 ";BRASILIA;Sim;Velocidade Incompatível;1;Saída de leito carroçável;Com Vítimas Feridas;Pleno dia;Crescente;Nublado;Dupla;Reta;Não  ;"1156585   ";Automóvel;FIAT/SIENA FIRE FLEX;"2007      ";Condutor;Ileso;"26   ";Masculino;"1 ";"0    ";"0    ";"0    ";-15.6213740;-47.7169800;SPRF-DF;DEL02-DF;UOP01-DEL02-DF 
643755;"1445429   ";2024-11-23;sábado;16:45:00;DF;"20   ";"5,6  ";BRASILIA;Não;Reação tardia ou ineficiente do condutor;2;Saída de leito carroçável;Com Vítimas Feridas;Pleno dia;Decrescente;Nublado;Dupla;Reta;Não  ;"1156627   ";Automóvel;I/FIAT CRONOS DRIVE 1.3;"2019      ";Passageiro;Lesões Leves;"67   ";Feminino;"0 ";"1    ";"0    ";"0    ";-15.6705460;-47.8160440;SPRF-DF;DEL02-DF;UOP01-DEL02-DF 
643755;"1445427   ";2024-11-23;sábado;16:45:00;DF;"20   ";"5,6  ";BRASILIA;Não;Reação tardia ou ineficiente do condutor;2;Saída de leito carroçável;Com Vítimas Feridas;Pleno dia;Decrescente;Nublado;Dupla;Reta;Não  ;"1156627   ";Automóvel;I/FIAT CRONOS DRIVE 1.3;"2019      ";Condutor;Ileso;"45   ";Masculino;"1 ";"0    ";"0    ";"0    ";-15.6705460;-47.8160440;SPRF-DF;DEL02-DF;UOP01-DEL02-DF 
643755;"1445429   ";2024-11-23;sábado;16:45:00;DF;"20   ";"5,6  ";BRASILIA;Não;Reação tardia ou ineficiente do condutor;1;Capotamento;Com Vítimas Feridas;Pleno dia;Decrescente;Nublado;Dupla;Reta;Não  ;"1156627   ";Automóvel;I/FIAT CRONOS DRIVE 1.3;"2019      ";Passageiro;Lesões Leves;"67   ";Feminino;"0 ";"1    ";"0    ";"0    ";-15.6705460;-47.8160440;SPRF-DF;DEL02-DF;UOP01-DEL02-DF 
643755;"1445427   ";2024-11-23;sábado;16:45:00;DF;"20   ";"5,6  ";BRASILIA;Não;Reação tardia ou ineficiente do condutor;1;Capotamento;Com Vítimas Feridas;Pleno dia;Decrescente;Nublado;Dupla;Reta;Não  ;"1156627   ";Automóvel;I/FIAT CRONOS DRIVE 1.3;"2019      ";Condutor;Ileso;"45   ";Masculino;"1 ";"0    ";"0    ";"0    ";-15.6705460;-47.8160440;SPRF-DF;DEL02-DF;UOP01-DEL02-DF 
643755;"1445429   ";2024-11-23;sábado;16:45:00;DF;"20   ";"5,6  ";BRASILIA;Não;Acumulo de óleo sobre o pavimento;2;Saída de leito carroçável;Com Vítimas Feridas;Pleno dia;Decrescente;Nublado;Dupla;Reta;Não  ;"1156627   ";Automóvel;I/FIAT CRONOS DRIVE 1.3;"2019      ";Passageiro;Lesões Leves;"67   ";Feminino;"0 ";"1    ";"0    ";"0    ";-15.6705460;-47.8160440;SPRF-DF;DEL02-DF;UOP01-DEL02-DF 
643755;"1445427   ";2024-11-23;sábado;16:45:00;DF;"20   ";"5,6  ";BRASILIA;Não;Acumulo de óleo sobre o pavimento;2;Saída de leito carroçável;Com Vítimas Feridas;Pleno dia;Decrescente;Nublado;Dupla;Reta;Não  ;"1156627   ";Automóvel;I/FIAT CRONOS DRIVE 1.3;"2019      ";Condutor;Ileso;"45   ";Masculino;"1 ";"0    ";"0    ";"0    ";-15.6705460;-47.8160440;SPRF-DF;DEL02-DF;UOP01-DEL02-DF 
643755;"1445429   ";2024-11-23;sábado;16:45:00;DF;"20   ";"5,6  ";BRASILIA;Não;Acumulo de óleo sobre o pavimento;1;Capotamento;Com Vítimas Feridas;Pleno dia;Decrescente;Nublado;Dupla;Reta;Não  ;"1156627   ";Automóvel;I/FIAT CRONOS DRIVE 1.3;"2019      ";Passageiro;Lesões Leves;"67   ";Feminino;"0 ";"1    ";"0    ";"0    ";-15.6705460;-47.8160440;SPRF-DF;DEL02-DF;UOP01-DEL02-DF 
643755;"1445427   ";2024-11-23;sábado;16:45:00;DF;"20   ";"5,6  ";BRASILIA;Não;Acumulo de óleo sobre o pavimento;1;Capotamento;Com Vítimas Feridas;Pleno dia;Decrescente;Nublado;Dupla;Reta;Não  ;"1156627   ";Automóvel;I/FIAT CRONOS DRIVE 1.3;"2019      ";Condutor;Ileso;"45   ";Masculino;"1 ";"0    ";"0    ";"0    ";-15.6705460;-47.8160440;SPRF-DF;DEL02-DF;UOP01-DEL02-DF 
643755;"1445429   ";2024-11-23;sábado;16:45:00;DF;"20   ";"5,6  ";BRASILIA;Sim;Pista Escorregadia;2;Saída de leito carroçável;Com Vítimas Feridas;Pleno dia;Decrescente;Nublado;Dupla;Reta;Não  ;"1156627   ";Automóvel;I/FIAT CRONOS DRIVE 1.3;"2019      ";Passageiro;Lesões Leves;"67   ";Feminino;"0 ";"1    ";"0    ";"0    ";-15.6705460;-47.8160440;SPRF-DF;DEL02-DF;UOP01-DEL02-DF 
643755;"1445427   ";2024-11-23;sábado;16:45:00;DF;"20   ";"5,6  ";BRASILIA;Sim;Pista Escorregadia;2;Saída de leito carroçável;Com Vítimas Feridas;Pleno dia;Decrescente;Nublado;Dupla;Reta;Não  ;"1156627   ";Automóvel;I/FIAT CRONOS DRIVE 1.3;"2019      ";Condutor;Ileso;"45   ";Masculino;"1 ";"0    ";"0    ";"0    ";-15.6705460;-47.8160440;SPRF-DF;DEL02-DF;UOP01-DEL02-DF 
643755;"1445429   ";2024-11-23;sábado;16:45:00;DF;"20   ";"5,6  ";BRASILIA;Sim;Pista Escorregadia;1;Capotamento;Com Vítimas Feridas;Pleno dia;Decrescente;Nublado;Dupla;Reta;Não  ;"1156627   ";Automóvel;I/FIAT CRONOS DRIVE 1.3;"2019      ";Passageiro;Lesões Leves;"67   ";Feminino;"0 ";"1    ";"0    ";"0    ";-15.6705460;-47.8160440;SPRF-DF;DEL02-DF;UOP01-DEL02-DF 
643755;"1445427   ";2024-11-23;sábado;16:45:00;DF;"20   ";"5,6  ";BRASILIA;Sim;Pista Escorregadia;1;Capotamento;Com Vítimas Feridas;Pleno dia;Decrescente;Nublado;Dupla;Reta;Não  ;"1156627   ";Automóvel;I/FIAT CRONOS DRIVE 1.3;"2019      ";Condutor;Ileso;"45   ";Masculino;"1 ";"0    ";"0    ";"0    ";-15.6705460;-47.8160440;SPRF-DF;DEL02-DF;UOP01-DEL02-DF 
643784;"1449605   ";2024-11-23;sábado;18:50:00;DF;"70   ";"15   ";BRASILIA;Sim;Ausência de reação do condutor;2;Capotamento;Sem Vítimas;Pleno dia;Crescente;Nublado;Dupla;Curva;Sim  ;"1159950   ";Automóvel;VW/NOVO VOYAGE 1.0;"2013      ";Condutor;Ileso;"41   ";Masculino;"1 ";"0    ";"0    ";"0    ";-15.7988880;-48.1850430;SPRF-DF;DEL03-DF;UOP02-DEL03-DF 
643784;"1449605   ";2024-11-23;sábado;18:50:00;DF;"70   ";"15   ";BRASILIA;Sim;Ausência de reação do condutor;1;Saída de leito carroçável;Sem Vítimas;Pleno dia;Crescente;Nublado;Dupla;Curva;Sim  ;"1159950   ";Automóvel;VW/NOVO VOYAGE 1.0;"2013      ";Condutor;Ileso;"41   ";Masculino;"1 ";"0    ";"0    ";"0    ";-15.7988880;-48.1850430;SPRF-DF;DEL03-DF;UOP02-DEL03-DF 
643787;"1445735   ";2024-11-23;sábado;19:00:00;GO;"20   ";"9    ";FORMOSA;Sim;Ingestão de álcool pelo condutor;2;Colisão frontal;Com Vítimas Feridas;Plena Noite;Crescente;Nublado;Simples;Reta;Não  ;"1156852   ";Automóvel;VW/POLO SEDAN 1.6;"2009      ";Passageiro;Ileso;"1    ";Feminino;"1 ";"0    ";"0    ";"0    ";-15.5547920;-47.2747690;SPRF-DF;DEL02-DF;UOP02-DEL02-DF 
643787;"1445722   ";2024-11-23;sábado;19:00:00;GO;"20   ";"9    ";FORMOSA;Sim;Ingestão de álcool pelo condutor;2;Colisão frontal;Com Vítimas Feridas;Plena Noite;Crescente;Nublado;Simples;Reta;Não  ;"1156852   ";Automóvel;VW/POLO SEDAN 1.6;"2009      ";Passageiro;Lesões Leves;"30   ";Feminino;"0 ";"1    ";"0    ";"0    ";-15.5547920;-47.2747690;SPRF-DF;DEL02-DF;UOP02-DEL02-DF 
643787;"1445721   ";2024-11-23;sábado;19:00:00;GO;"20   ";"9    ";FORMOSA;Sim;Ingestão de álcool pelo condutor;2;Colisão frontal;Com Vítimas Feridas;Plena Noite;Crescente;Nublado;Simples;Reta;Não  ;"1156852   ";Automóvel;VW/POLO SEDAN 1.6;"2009      ";Condutor;Lesões Leves;"33   ";Masculino;"0 ";"1    ";"0    ";"0    ";-15.5547920;-47.2747690;SPRF-DF;DEL02-DF;UOP02-DEL02-DF 
643787;"1445718   ";2024-11-23;sábado;19:00:00;GO;"20   ";"9    ";FORMOSA;Sim;Ingestão de álcool pelo condutor;2;Colisão frontal;Com Vítimas Feridas;Plena Noite;Crescente;Nublado;Simples;Reta;Não  ;"1156850   ";Automóvel;FIAT/PALIO FIRE ECONOMY;"2010      ";Passageiro;Lesões Graves;"58   ";Feminino;"0 ";"0    ";"1    ";"0    ";-15.5547920;-47.2747690;SPRF-DF;DEL02-DF;UOP02-DEL02-DF 
643787;"1445717   ";2024-11-23;sábado;19:00:00;GO;"20   ";"9    ";FORMOSA;Sim;Ingestão de álcool pelo condutor;2;Colisão frontal;Com Vítimas Feridas;Plena Noite;Crescente;Nublado;Simples;Reta;Não  ;"1156850   ";Automóvel;FIAT/PALIO FIRE ECONOMY;"2010      ";Condutor;Lesões Graves;"59   ";Masculino;"0 ";"0    ";"1    ";"0    ";-15.5547920;-47.2747690;SPRF-DF;DEL02-DF;UOP02-DEL02-DF 