id;pesid;data_inversa;dia_semana;horario;uf;br;km;municipio;causa_principal;causa_acidente;ordem_tipo_acidente;tipo_acidente;classificacao_acidente;fase_dia;sentido_via;condicao_metereologica;tipo_pista;tracado_via;uso_solo;id_veiculo;tipo_veiculo;marca;ano_fabricacao_veiculo;tipo_envolvido;estado_fisico;idade;sexo;ilesos;feridos_leves;feridos_graves;mortos;latitude;longitude;regional;delegacia;uop
644052;"1446239   ";2024-11-24;domingo;19:17:00;GO;"70   ";"2,3  ";AGUAS LINDAS DE GOIAS;Sim;Velocidade Incompatível;2;Capotamento;Com Vítimas Fatais;Plena Noite;Crescente;Nublado;Dupla;Curva;Não  ;"1157230   ";Automóvel;VW/UP TAKE MA;"2016      ";Condutor;Óbito;"29   ";Feminino;"0 ";"0    ";"0    ";"1    ";-15.7670210;-48.2299450;SPRF-DF;DEL03-DF;UOP02-DEL03-DF 
644052;"1446239   ";2024-11-24;domingo;19:17:00;GO;"70   ";"2,3  ";AGUAS LINDAS DE GOIAS;Sim;Velocidade Incompatível;1;Colisão com objeto;Com Vítimas Fatais;Plena Noite;Crescente;Nublado;Dupla;Curva;Não  ;"1157230   ";Automóvel;VW/UP TAKE MA;"2016      ";Condutor;Óbito;"29   ";Feminino;"0 ";"0    ";"0    ";"1    ";-15.7670210;-48.2299450;SPRF-DF;DEL03-DF;UOP02-DEL03-DF 
644057;"1446182   ";2024-11-24;domingo;22:17:00;GO;"60   ";"25   ";ALEXANIA;Não;Chuva;1;Saída de leito carroçável;Com Vítimas Feridas;Plena Noite;Decrescente;Chuva;Dupla;Reta;Sim  ;"1157124   ";Automóvel;FORD/KA;"1998      ";Passageiro;Lesões Leves;"71   ";Masculino;"0 ";"1    ";"0    ";"0    ";-16.1089800;-48.4482920;SPRF-DF;DEL03-DF;UOP01-DEL03-DF 
644057;"1446105   ";2024-11-24;domingo;22:17:00;GO;"60   ";"25   ";ALEXANIA;Não;Chuva;1;Saída de leito carroçável;Com Vítimas Feridas;Plena Noite;Decrescente;Chuva;Dupla;Reta;Sim  ;"1157124   ";Automóvel;FORD/KA;"1998      ";Condutor;Ileso;"65   ";Masculino;"1 ";"0    ";"0    ";"0    ";-16.1089800;-48.4482920;SPRF-DF;DEL03-DF;UOP01-DEL03-DF 
644057;"1446182   ";2024-11-24;domingo;22:17:00;GO;"60   ";"25   ";ALEXANIA;Sim;Acumulo de água sobre o pavimento;1;Saída de leito carroçável;Com Vítimas Feridas;Plena Noite;Decrescente;Chuva;Dupla;Reta;Sim  ;"1157124   ";Automóvel;FORD/KA;"1998      ";Passageiro;Lesões Leves;"71   ";Masculino;"0 ";"1    ";"0    ";"0    ";-16.1089800;-48.4482920;SPRF-DF;DEL03-DF;UOP01-DEL03-DF 
644057;"1446105   ";2024-11-24;domingo;22:17:00;GO;"60   ";"25   ";ALEXANIA;Sim;Acumulo de água sobre o pavimento;1;Saída de leito carroçável;Com Vítimas Feridas;Plena Noite;Decrescente;Chuva;Dupla;Reta;Sim  ;"1157124   ";Automóvel;FORD/KA;"1998      ";Condutor;Ileso;"65   ";Masculino;"1 ";"0    ";"0    ";"0    ";-16.1089800;-48.4482920;SPRF-DF;DEL03-DF;UOP01-DEL03-DF 
644060;"1446101   ";2024-11-24;domingo;22:51:00;GO;"40   ";"9    ";LUZIANIA;Sim;Ausência de reação do condutor;1;Colisão traseira;Com Vítimas Feridas;Plena Noite;Crescente;Garoa/Chuvisco;Dupla;Reta;Sim  ;"1157121   ";Motocicleta;HONDA/CG 160 FAN;"2020      ";Condutor;Lesões Leves;"20   ";Masculino;"0 ";"1    ";"0    ";"0    ";-16.1311580;-47.9577390;SPRF-DF;DEL01-DF;UOP01-DEL01-DF 
644060;"1446099   ";2024-11-24;domingo;22:51:00;GO;"40   ";"9    ";LUZIANIA;Sim;Ausência de reação do condutor;1;Colisão traseira;Com Vítimas Feridas;Plena Noite;Crescente;Garoa/Chuvisco;Dupla;Reta;Sim  ;"1157120   ";Automóvel;FORD/FIESTA FLEX;"2013      ";Condutor;Ileso;"23   ";Masculino;"1 ";"0    ";"0    ";"0    ";-16.1311580;-47.9577390;SPRF-DF;DEL01-DF;UOP01-DEL01-DF 
644067;"1447771   ";2024-11-24;domingo;22:46:00;DF;"70   ";"7    ";BRASILIA;Sim;Acesso irregular;3;Capotamento;Com Vítimas Feridas;Plena Noite;Crescente;Nublado;Dupla;Reta;Sim  ;"1157254   ";Automóvel;FIAT/MOBI LIKE;"2018      ";Passageiro;Lesões Leves;"23   ";Feminino;"0 ";"1    ";"0    ";"0    ";-15.7876010;-48.1144290;SPRF-DF;DEL03-DF;UOP02-DEL03-DF 
644067;"1447770   ";2024-11-24;domingo;22:46:00;DF;"70   ";"7    ";BRASILIA;Sim;Acesso irregular;3;Capotamento;Com Vítimas Feridas;Plena Noite;Crescente;Nublado;Dupla;Reta;Sim  ;"1157254   ";Automóvel;FIAT/MOBI LIKE;"2018      ";Passageiro;Lesões Leves;"22   ";Feminino;"0 ";"1    ";"0    ";"0    ";-15.7876010;-48.1144290;SPRF-DF;DEL03-DF;UOP02-DEL03-DF 
644067;"1446258   ";2024-11-24;domingo;22:46:00;DF;"70   ";"7    ";BRASILIA;Sim;Acesso irregular;3;Capotamento;Com Vítimas Feridas;Plena Noite;Crescente;Nublado;Dupla;Reta;Sim  ;"1157254   ";Automóvel;FIAT/MOBI LIKE;"2018      ";Condutor;Ileso;"25   ";Masculino;"1 ";"0    ";"0    ";"0    ";-15.7876010;-48.1144290;SPRF-DF;DEL03-DF;UOP02-DEL03-DF 
644067;"1447771   ";2024-11-24;domingo;22:46:00;DF;"70   ";"7    ";BRASILIA;Sim;Acesso irregular;2;Saída de leito carroçável;Com Vítimas Feridas;Plena Noite;Crescente;Nublado;Dupla;Reta;Sim  ;"1157254   ";Automóvel;FIAT/MOBI LIKE;"2018      ";Passageiro;Lesões Leves;"23   ";Feminino;"0 ";"1    ";"0    ";"0    ";-15.7876010;-48.1144290;SPRF-DF;DEL03-DF;UOP02-DEL03-DF 
644067;"1447770   ";2024-11-24;domingo;22:46:00;DF;"70   ";"7    ";BRASILIA;Sim;Acesso irregular;2;Saída de leito carroçável;Com Vítimas Feridas;Plena Noite;Crescente;Nublado;Dupla;Reta;Sim  ;"1157254   ";Automóvel;FIAT/MOBI LIKE;"2018      ";Passageiro;Lesões Leves;"22   ";Feminino;"0 ";"1    ";"0    ";"0    ";-15.7876010;-48.1144290;SPRF-DF;DEL03-DF;UOP02-DEL03-DF 
644067;"1446258   ";2024-11-24;domingo;22:46:00;DF;"70   ";"7    ";BRASILIA;Sim;Acesso irregular;2;Saída de leito carroçável;Com Vítimas Feridas;Plena Noite;Crescente;Nublado;Dupla;Reta;Sim  ;"1157254   ";Automóvel;FIAT/MOBI LIKE;"2018      ";Condutor;Ileso;"25   ";Masculino;"1 ";"0    ";"0    ";"0    ";-15.7876010;-48.1144290;SPRF-DF;DEL03-DF;UOP02-DEL03-DF 
644067;"1447771   ";2024-11-24;domingo;22:46:00;DF;"70   ";"7    ";BRASILIA;Sim;Acesso irregular;1;Colisão transversal;Com Vítimas Feridas;Plena Noite;Crescente;Nublado;Dupla;Reta;Sim  ;"1157254   ";Automóvel;FIAT/MOBI LIKE;"2018      ";Passageiro;Lesões Leves;"23   ";Feminino;"0 ";"1    ";"0    ";"0    ";-15.7876010;-48.1144290;SPRF-DF;DEL03-DF;UOP02-DEL03-DF 
644067;"1447770   ";2024-11-24;domingo;22:46:00;DF;"70   ";"7    ";BRASILIA;Sim;Acesso irregular;1;Colisão transversal;Com Vítimas Feridas;Plena Noite;Crescente;Nublado;Dupla;Reta;Sim  ;"1157254   ";Automóvel;FIAT/MOBI LIKE;"2018      ";Passageiro;Lesões Leves;"22   ";Feminino;"0 ";"1    ";"0    ";"0    ";-15.7876010;-48.1144290;SPRF-DF;DEL03-DF;UOP02-DEL03-DF 
644067;"1446258   ";2024-11-24;domingo;22:46:00;DF;"70   ";"7    ";BRASILIA;Sim;Acesso irregular;1;Colisão transversal;Com Vítimas Feridas;Plena Noite;Crescente;Nublado;Dupla;Reta;Sim  ;"1157254   ";Automóvel;FIAT/MOBI LIKE;"2018      ";Condutor;Ileso;"25   ";Masculino;"1 ";"0    ";"0    ";"0    ";-15.7876010;-48.1144290;SPRF-DF;DEL03-DF;UOP02-DEL03-DF 
644109;"1446329   ";2024-11-25;segunda-feira;07:20:00;GO;"40   ";"7    ";VALPARAISO DE GOIAS;Sim;Manobra de mudança de faixa;1;Colisão traseira;Com Vítimas Feridas;Pleno dia;Decrescente;Céu Claro;Dupla;Reta;Sim  ;"1157304   ";Motocicleta;HONDA/CG 125I FAN;"2016      ";Passageiro;Lesões Leves;"41   ";Feminino;"0 ";"1    ";"0    ";"0    ";-16.1084820;-47.9725240;SPRF-DF;DEL01-DF;UOP01-DEL01-DF 
644109;"1446328   ";2024-11-25;segunda-feira;07:20:00;GO;"40   ";"7    ";VALPARAISO DE GOIAS;Sim;Manobra de mudança de faixa;1;Colisão traseira;Com Vítimas Feridas;Pleno dia;Decrescente;Céu Claro;Dupla;Reta;Sim  ;"1157304   ";Motocicleta;HONDA/CG 125I FAN;"2016      ";Condutor;Lesões Leves;"32   ";Masculino;"0 ";"1    ";"0    ";"0    ";-16.1084820;-47.9725240;SPRF-DF;DEL01-DF;UOP01-DEL01-DF 
644109;"1446326   ";2024-11-25;segunda-feira;07:20:00;GO;"40   ";"7    ";VALPARAISO DE GOIAS;Sim;Manobra de mudança de faixa;1;Colisão traseira;Com Vítimas Feridas;Pleno dia;Decrescente;Céu Claro;Dupla;Reta;Sim  ;"1157301   ";Automóvel;FIAT/PALIO EX;"1998      ";Condutor;Ileso;"23   ";Masculino;"1 ";"0    ";"0    ";"0    ";-16.1084820;-47.9725240;SPRF-DF;DEL01-DF;UOP01-DEL01-DF 
644139;"1446360   ";2024-11-25;segunda-feira;09:37:00;GO;"40   ";"4    ";LUZIANIA;Não;Trafegar com motocicleta (ou similar) entre as faixas;1;Colisão lateral mesmo sentido;Com Vítimas Feridas;Pleno dia;Decrescente;Céu Claro;Dupla;Reta;Sim  ;"1157330   ";Motocicleta;HONDA/CG150 FAN ESDI;"2015      ";Condutor;Lesões Leves;"23   ";Masculino;"0 ";"1    ";"0    ";"0    ";-16.0896000;-47.9842100;SPRF-DF;DEL01-DF;UOP01-DEL01-DF 
644139;"1446359   ";2024-11-25;segunda-feira;09:37:00;GO;"40   ";"4    ";LUZIANIA;Não;Trafegar com motocicleta (ou similar) entre as faixas;1;Colisão lateral mesmo sentido;Com Vítimas Feridas;Pleno dia;Decrescente;Céu Claro;Dupla;Reta;Sim  ;"1157329   ";Motocicleta;HONDA/CG 160 FAN ESDI;"2016      ";Condutor;Ileso;"29   ";Masculino;"1 ";"0    ";"0    ";"0    ";-16.0896000;-47.9842100;SPRF-DF;DEL01-DF;UOP01-DEL01-DF 
644139;"1446360   ";2024-11-25;segunda-feira;09:37:00;GO;"40   ";"4    ";LUZIANIA;Sim;Carga excessiva e/ou mal acondicionada;1;Colisão lateral mesmo sentido;Com Vítimas Feridas;Pleno dia;Decrescente;Céu Claro;Dupla;Reta;Sim  ;"1157330   ";Motocicleta;HONDA/CG150 FAN ESDI;"2015      ";Condutor;Lesões Leves;"23   ";Masculino;"0 ";"1    ";"0    ";"0    ";-16.0896000;-47.9842100;SPRF-DF;DEL01-DF;UOP01-DEL01-DF 
644139;"1446359   ";2024-11-25;segunda-feira;09:37:00;GO;"40   ";"4    ";LUZIANIA;Sim;Carga excessiva e/ou mal acondicionada;1;Colisão lateral mesmo sentido;Com Vítimas Feridas;Pleno dia;Decrescente;Céu Claro;Dupla;Reta;Sim  ;"1157329   ";Motocicleta;HONDA/CG 160 FAN ESDI;"2016      ";Condutor;Ileso;"29   ";Masculino;"1 ";"0    ";"0    ";"0    ";-16.0896000;-47.9842100;SPRF-DF;DEL01-DF;UOP01-DEL01-DF 
644170;"1446447   ";2024-10-11;sexta-feira;17:40:00;GO;"40   ";"4    ";VALPARAISO DE GOIAS;Sim;Manobra de mudança de faixa;1;Queda de ocupante de veículo;Com Vítimas Feridas;Pleno dia;Crescente;Chuva;Dupla;Reta;Sim  ;"1157384   ";Automóvel;IMP/TOYOTA;"0         ";Condutor;Não Informado;"0    ";Não Informado;"0 ";"0    ";"0    ";"0    ";-16.0852410;-47.9867520;SPRF-DF;DEL01-DF;UOP01-DEL01-DF 
644170;"1446429   ";2024-10-11;sexta-feira;17:40:00;GO;"40   ";"4    ";VALPARAISO DE GOIAS;Sim;Manobra de mudança de faixa;1;Queda de ocupante de veículo;Com Vítimas Feridas;Pleno dia;Crescente;Chuva;Dupla;Reta;Sim  ;"1157369   ";Motocicleta;HONDA/CG 160 FAN;"2020      ";Condutor;Lesões Leves;"0    ";Feminino;"0 ";"1    ";"0    ";"0    ";-16.0852410;-47.9867520;SPRF-DF;DEL01-DF;UOP01-DEL01-DF 
644178;"1446409   ";2024-11-07;quinta-feira;21:30:00;GO;"50   ";"101,6";CRISTALINA;Sim;Ausência de reação do condutor;4;Colisão com objeto;Com Vítimas Feridas;Plena Noite;Decrescente;Chuva;Dupla;Reta;Não  ;"1157355   ";Automóvel;FIAT/PALIO EX;"2000      ";Condutor;Ileso;"22   ";Masculino;"1 ";"0    ";"0    ";"0    ";-16.7897385;-47.6396873;SPRF-DF;DEL01-DF;UOP02-DEL01-DF 
644178;"1446407   ";2024-11-07;quinta-feira;21:30:00;GO;"50   ";"101,6";CRISTALINA;Sim;Ausência de reação do condutor;4;Colisão com objeto;Com Vítimas Feridas;Plena Noite;Decrescente;Chuva;Dupla;Reta;Não  ;"1157355   ";Automóvel;FIAT/PALIO EX;"2000      ";Passageiro;Ileso;"18   ";Feminino;"1 ";"0    ";"0    ";"0    ";-16.7897385;-47.6396873;SPRF-DF;DEL01-DF;UOP02-DEL01-DF 
644178;"1446406   ";2024-11-07;quinta-feira;21:30:00;GO;"50   ";"101,6";CRISTALINA;Sim;Ausência de reação do condutor;4;Colisão com objeto;Com Vítimas Feridas;Plena Noite;Decrescente;Chuva;Dupla;Reta;Não  ;"1157355   ";Automóvel;FIAT/PALIO EX;"2000      ";Passageiro;Ileso;"14   ";Feminino;"1 ";"0    ";"0    ";"0    ";-16.7897385;-47.6396873;SPRF-DF;DEL01-DF;UOP02-DEL01-DF 
644178;"1446405   ";2024-11-07;quinta-feira;21:30:00;GO;"50   ";"101,6";CRISTALINA;Sim;Ausência de reação do condutor;4;Colisão com objeto;Com Vítimas Feridas;Plena Noite;Decrescente;Chuva;Dupla;Reta;Não  ;"1157355   ";Automóvel;FIAT/PALIO EX;"2000      ";Passageiro;Ileso;"0    ";Masculino;"1 ";"0    ";"0    ";"0    ";-16.7897385;-47.6396873;SPRF-DF;DEL01-DF;UOP02-DEL01-DF 
644178;"1446408   ";2024-11-07;quinta-feira;21:30:00;GO;"50   ";"101,6";CRISTALINA;Sim;Ausência de reação do condutor;4;Colisão com objeto;Com Vítimas Feridas;Plena Noite;Decrescente;Chuva;Dupla;Reta;Não  ;"1157356   ";Automóvel;VW/SANTANA CL;"1989      ";Condutor;Lesões Leves;"41   ";Masculino;"0 ";"1    ";"0    ";"0    ";-16.7897385;-47.6396873;SPRF-DF;DEL01-DF;UOP02-DEL01-DF 
644178;"1446409   ";2024-11-07;quinta-feira;21:30:00;GO;"50   ";"101,6";CRISTALINA;Sim;Ausência de reação do condutor;3;Colisão com objeto;Com Vítimas Feridas;Plena Noite;Decrescente;Chuva;Dupla;Reta;Não  ;"1157355   ";Automóvel;FIAT/PALIO EX;"2000      ";Condutor;Ileso;"22   ";Masculino;"1 ";"0    ";"0    ";"0    ";-16.7897385;-47.6396873;SPRF-DF;DEL01-DF;UOP02-DEL01-DF 
644178;"1446407   ";2024-11-07;quinta-feira;21:30:00;GO;"50   ";"101,6";CRISTALINA;Sim;Ausência de reação do condutor;3;Colisão com objeto;Com Vítimas Feridas;Plena Noite;Decrescente;Chuva;Dupla;Reta;Não  ;"1157355   ";Automóvel;FIAT/PALIO EX;"2000      ";Passageiro;Ileso;"18   ";Feminino;"1 ";"0    ";"0    ";"0    ";-16.7897385;-47.6396873;SPRF-DF;DEL01-DF;UOP02-DEL01-DF 
644178;"1446406   ";2024-11-07;quinta-feira;21:30:00;GO;"50   ";"101,6";CRISTALINA;Sim;Ausência de reação do condutor;3;Colisão com objeto;Com Vítimas Feridas;Plena Noite;Decrescente;Chuva;Dupla;Reta;Não  ;"1157355   ";Automóvel;FIAT/PALIO EX;"2000      ";Passageiro;Ileso;"14   ";Feminino;"1 ";"0    ";"0    ";"0    ";-16.7897385;-47.6396873;SPRF-DF;DEL01-DF;UOP02-DEL01-DF 
644178;"1446405   ";2024-11-07;quinta-feira;21:30:00;GO;"50   ";"101,6";CRISTALINA;Sim;Ausência de reação do condutor;3;Colisão com objeto;Com Vítimas Feridas;Plena Noite;Decrescente;Chuva;Dupla;Reta;Não  ;"1157355   ";Automóvel;FIAT/PALIO EX;"2000      ";Passageiro;Ileso;"0    ";Masculino;"1 ";"0    ";"0    ";"0    ";-16.7897385;-47.6396873;SPRF-DF;DEL01-DF;UOP02-DEL01-DF 
644178;"1446408   ";2024-11-07;quinta-feira;21:30:00;GO;"50   ";"101,6";CRISTALINA;Sim;Ausência de reação do condutor;3;Colisão com objeto;Com Vítimas Feridas;Plena Noite;Decrescente;Chuva;Dupla;Reta;Não  ;"1157356   ";Automóvel;VW/SANTANA CL;"1989      ";Condutor;Lesões Leves;"41   ";Masculino;"0 ";"1    ";"0    ";"0    ";-16.7897385;-47.6396873;SPRF-DF;DEL01-DF;UOP02-DEL01-DF 
644178;"1446409   ";2024-11-07;quinta-feira;21:30:00;GO;"50   ";"101,6";CRISTALINA;Sim;Ausência de reação do condutor;2;Saída de leito carroçável;Com Vítimas Feridas;Plena Noite;Decrescente;Chuva;Dupla;Reta;Não  ;"1157355   ";Automóvel;FIAT/PALIO EX;"2000      ";Condutor;Ileso;"22   ";Masculino;"1 ";"0    ";"0    ";"0    ";-16.7897385;-47.6396873;SPRF-DF;DEL01-DF;UOP02-DEL01-DF 
644178;"1446407   ";2024-11-07;quinta-feira;21:30:00;GO;"50   ";"101,6";CRISTALINA;Sim;Ausência de reação do condutor;2;Saída de leito carroçável;Com Vítimas Feridas;Plena Noite;Decrescente;Chuva;Dupla;Reta;Não  ;"1157355   ";Automóvel;FIAT/PALIO EX;"2000      ";Passageiro;Ileso;"18   ";Feminino;"1 ";"0    ";"0    ";"0    ";-16.7897385;-47.6396873;SPRF-DF;DEL01-DF;UOP02-DEL01-DF 
644178;"1446406   ";2024-11-07;quinta-feira;21:30:00;GO;"50   ";"101,6";CRISTALINA;Sim;Ausência de reação do condutor;2;Saída de leito carroçável;Com Vítimas Feridas;Plena Noite;Decrescente;Chuva;Dupla;Reta;Não  ;"1157355   ";Automóvel;FIAT/PALIO EX;"2000      ";Passageiro;Ileso;"14   ";Feminino;"1 ";"0    ";"0    ";"0    ";-16.7897385;-47.6396873;SPRF-DF;DEL01-DF;UOP02-DEL01-DF 
644178;"1446405   ";2024-11-07;quinta-feira;21:30:00;GO;"50   ";"101,6";CRISTALINA;Sim;Ausência de reação do condutor;2;Saída de leito carroçável;Com Vítimas Feridas;Plena Noite;Decrescente;Chuva;Dupla;Reta;Não  ;"1157355   ";Automóvel;FIAT/PALIO EX;"2000      ";Passageiro;Ileso;"0    ";Masculino;"1 ";"0    ";"0    ";"0    ";-16.7897385;-47.6396873;SPRF-DF;DEL01-DF;UOP02-DEL01-DF 
644178;"1446408   ";2024-11-07;quinta-feira;21:30:00;GO;"50   ";"101,6";CRISTALINA;Sim;Ausência de reação do condutor;2;Saída de leito carroçável;Com Vítimas Feridas;Plena Noite;Decrescente;Chuva;Dupla;Reta;Não  ;"1157356   ";Automóvel;VW/SANTANA CL;"1989      ";Condutor;Lesões Leves;"41   ";Masculino;"0 ";"1    ";"0    ";"0    ";-16.7897385;-47.6396873;SPRF-DF;DEL01-DF;UOP02-DEL01-DF 
644178;"1446409   ";2024-11-07;quinta-feira;21:30:00;GO;"50   ";"101,6";CRISTALINA;Sim;Ausência de reação do condutor;1;Colisão traseira;Com Vítimas Feridas;Plena Noite;Decrescente;Chuva;Dupla;Reta;Não  ;"1157355   ";Automóvel;FIAT/PALIO EX;"2000      ";Condutor;Ileso;"22   ";Masculino;"1 ";"0    ";"0    ";"0    ";-16.7897385;-47.6396873;SPRF-DF;DEL01-DF;UOP02-DEL01-DF 
644178;"1446407   ";2024-11-07;quinta-feira;21:30:00;GO;"50   ";"101,6";CRISTALINA;Sim;Ausência de reação do condutor;1;Colisão traseira;Com Vítimas Feridas;Plena Noite;Decrescente;Chuva;Dupla;Reta;Não  ;"1157355   ";Automóvel;FIAT/PALIO EX;"2000      ";Passageiro;Ileso;"18   ";Feminino;"1 ";"0    ";"0    ";"0    ";-16.7897385;-47.6396873;SPRF-DF;DEL01-DF;UOP02-DEL01-DF 
644178;"1446406   ";2024-11-07;quinta-feira;21:30:00;GO;"50   ";"101,6";CRISTALINA;Sim;Ausência de reação do condutor;1;Colisão traseira;Com Vítimas Feridas;Plena Noite;Decrescente;Chuva;Dupla;Reta;Não  ;"1157355   ";Automóvel;FIAT/PALIO EX;"2000      ";Passageiro;Ileso;"14   ";Feminino;"1 ";"0    ";"0    ";"0    ";-16.7897385;-47.6396873;SPRF-DF;DEL01-DF;UOP02-DEL01-DF 
644178;"1446405   ";2024-11-07;quinta-feira;21:30:00;GO;"50   ";"101,6";CRISTALINA;Sim;Ausência de reação do condutor;1;Colisão traseira;Com Vítimas Feridas;Plena Noite;Decrescente;Chuva;Dupla;Reta;Não  ;"1157355   ";Automóvel;FIAT/PALIO EX;"2000      ";Passageiro;Ileso;"0    ";Masculino;"1 ";"0    ";"0    ";"0    ";-16.7897385;-47.6396873;SPRF-DF;DEL01-DF;UOP02-DEL01-DF 
644178;"1446408   ";2024-11-07;quinta-feira;21:30:00;GO;"50   ";"101,6";CRISTALINA;Sim;Ausência de reação do condutor;1;Colisão traseira;Com Vítimas Feridas;Plena Noite;Decrescente;Chuva;Dupla;Reta;Não  ;"1157356   ";Automóvel;VW/SANTANA CL;"1989      ";Condutor;Lesões Leves;"41   ";Masculino;"0 ";"1    ";"0    ";"0    ";-16.7897385;-47.6396873;SPRF-DF;DEL01-DF;UOP02-DEL01-DF 
644414;"1446981   ";2024-11-26;terça-feira;16:00:00;GO;"40   ";"15   ";LUZIANIA;Sim;Condutor deixou de manter distância do veículo da frente;1;Colisão traseira;Com Vítimas Feridas;Pleno dia;Crescente;Sol;Dupla;Reta;Sim  ;"1157829   ";Motocicleta;HONDA/CG 160 FAN;"2022      ";Condutor;Lesões Leves;"26   ";Masculino;"0 ";"1    ";"0    ";"0    ";-16.1671000;-47.9301610;SPRF-DF;DEL01-DF;UOP01-DEL01-DF 
644414;"1446983   ";2024-11-26;terça-feira;16:00:00;GO;"40   ";"15   ";LUZIANIA;Sim;Condutor deixou de manter distância do veículo da frente;1;Colisão traseira;Com Vítimas Feridas;Pleno dia;Crescente;Sol;Dupla;Reta;Sim  ;"1157830   ";Automóvel;GM/PRISMA MAXX;"2010      ";Condutor;Ileso;"29   ";Masculino;"1 ";"0    ";"0    ";"0    ";-16.1671000;-47.9301610;SPRF-DF;DEL01-DF;UOP01-DEL01-DF 
644448;"1447007   ";2024-11-26;terça-feira;19:41:00;DF;"70   ";"17   ";BRASILIA;Não;Reação tardia ou ineficiente do condutor;2;Queda de ocupante de veículo;Com Vítimas Feridas;Plena Noite;Crescente;Céu Claro;Dupla;Reta;Não  ;"1157857   ";Automóvel;CHEVROLET/CRUZE LT NB;"2014      ";Condutor;Ileso;"43   ";Masculino;"1 ";"0    ";"0    ";"0    ";-15.7941330;-48.2020950;SPRF-DF;DEL03-DF;UOP02-DEL03-DF 
644448;"1447006   ";2024-11-26;terça-feira;19:41:00;DF;"70   ";"17   ";BRASILIA;Não;Reação tardia ou ineficiente do condutor;2;Queda de ocupante de veículo;Com Vítimas Feridas;Plena Noite;Crescente;Céu Claro;Dupla;Reta;Não  ;"1157856   ";Motocicleta;YAMAHA/YBR125I FACTOR ED;"2021      ";Condutor;Lesões Leves;"32   ";Masculino;"0 ";"1    ";"0    ";"0    ";-15.7941330;-48.2020950;SPRF-DF;DEL03-DF;UOP02-DEL03-DF 
644448;"1447007   ";2024-11-26;terça-feira;19:41:00;DF;"70   ";"17   ";BRASILIA;Não;Reação tardia ou ineficiente do condutor;1;Colisão traseira;Com Vítimas Feridas;Plena Noite;Crescente;Céu Claro;Dupla;Reta;Não  ;"1157857   ";Automóvel;CHEVROLET/CRUZE LT NB;"2014      ";Condutor;Ileso;"43   ";Masculino;"1 ";"0    ";"0    ";"0    ";-15.7941330;-48.2020950;SPRF-DF;DEL03-DF;UOP02-DEL03-DF 
644448;"1447006   ";2024-11-26;terça-feira;19:41:00;DF;"70   ";"17   ";BRASILIA;Não;Reação tardia ou ineficiente do condutor;1;Colisão traseira;Com Vítimas Feridas;Plena Noite;Crescente;Céu Claro;Dupla;Reta;Não  ;"1157856   ";Motocicleta;YAMAHA/YBR125I FACTOR ED;"2021      ";Condutor;Lesões Leves;"32   ";Masculino;"0 ";"1    ";"0    ";"0    ";-15.7941330;-48.2020950;SPRF-DF;DEL03-DF;UOP02-DEL03-DF 
644448;"1447007   ";2024-11-26;terça-feira;19:41:00;DF;"70   ";"17   ";BRASILIA;Não;Ausência de reação do condutor;2;Queda de ocupante de veículo;Com Vítimas Feridas;Plena Noite;Crescente;Céu Claro;Dupla;Reta;Não  ;"1157857   ";Automóvel;CHEVROLET/CRUZE LT NB;"2014      ";Condutor;Ileso;"43   ";Masculino;"1 ";"0    ";"0    ";"0    ";-15.7941330;-48.2020950;SPRF-DF;DEL03-DF;UOP02-DEL03-DF 
644448;"1447006   ";2024-11-26;terça-feira;19:41:00;DF;"70   ";"17   ";BRASILIA;Não;Ausência de reação do condutor;2;Queda de ocupante de veículo;Com Vítimas Feridas;Plena Noite;Crescente;Céu Claro;Dupla;Reta;Não  ;"1157856   ";Motocicleta;YAMAHA/YBR125I FACTOR ED;"2021      ";Condutor;Lesões Leves;"32   ";Masculino;"0 ";"1    ";"0    ";"0    ";-15.7941330;-48.2020950;SPRF-DF;DEL03-DF;UOP02-DEL03-DF 
644448;"1447007   ";2024-11-26;terça-feira;19:41:00;DF;"70   ";"17   ";BRASILIA;Não;Ausência de reação do condutor;1;Colisão traseira;Com Vítimas Feridas;Plena Noite;Crescente;Céu Claro;Dupla;Reta;Não  ;"1157857   ";Automóvel;CHEVROLET/CRUZE LT NB;"2014      ";Condutor;Ileso;"43   ";Masculino;"1 ";"0    ";"0    ";"0    ";-15.7941330;-48.2020950;SPRF-DF;DEL03-DF;UOP02-DEL03-DF 
644448;"1447006   ";2024-11-26;terça-feira;19:41:00;DF;"70   ";"17   ";BRASILIA;Não;Ausência de reação do condutor;1;Colisão traseira;Com Vítimas Feridas;Plena Noite;Crescente;Céu Claro;Dupla;Reta;Não  ;"1157856   ";Motocicleta;YAMAHA/YBR125I FACTOR ED;"2021      ";Condutor;Lesões Leves;"32   ";Masculino;"0 ";"1    ";"0    ";"0    ";-15.7941330;-48.2020950;SPRF-DF;DEL03-DF;UOP02-DEL03-DF 
644448;"1447007   ";2024-11-26;terça-feira;19:41:00;DF;"70   ";"17   ";BRASILIA;Sim;Condutor deixou de manter distância do veículo da frente;2;Queda de ocupante de veículo;Com Vítimas Feridas;Plena Noite;Crescente;Céu Claro;Dupla;Reta;Não  ;"1157857   ";Automóvel;CHEVROLET/CRUZE LT NB;"2014      ";Condutor;Ileso;"43   ";Masculino;"1 ";"0    ";"0    ";"0    ";-15.7941330;-48.2020950;SPRF-DF;DEL03-DF;UOP02-DEL03-DF 