id;pesid;data_inversa;dia_semana;horario;uf;br;km;municipio;causa_principal;causa_acidente;ordem_tipo_acidente;tipo_acidente;classificacao_acidente;fase_dia;sentido_via;condicao_metereologica;tipo_pista;tracado_via;uso_solo;id_veiculo;tipo_veiculo;marca;ano_fabricacao_veiculo;tipo_envolvido;estado_fisico;idade;sexo;ilesos;feridos_leves;feridos_graves;mortos;latitude;longitude;regional;delegacia;uop
644448;"1447006   ";2024-11-26;terça-feira;19:41:00;DF;"70   ";"17   ";BRASILIA;Sim;Condutor deixou de manter distância do veículo da frente;2;Queda de ocupante de veículo;Com Vítimas Feridas;Plena Noite;Crescente;Céu Claro;Dupla;Reta;Não  ;"1157856   ";Motocicleta;YAMAHA/YBR125I FACTOR ED;"2021      ";Condutor;Lesões Leves;"32   ";Masculino;"0 ";"1    ";"0    ";"0    ";-15.7941330;-48.2020950;SPRF-DF;DEL03-DF;UOP02-DEL03-DF 
644448;"1447007   ";2024-11-26;terça-feira;19:41:00;DF;"70   ";"17   ";BRASILIA;Sim;Condutor deixou de manter distância do veículo da frente;1;Colisão traseira;Com Vítimas Feridas;Plena Noite;Crescente;Céu Claro;Dupla;Reta;Não  ;"1157857   ";Automóvel;CHEVROLET/CRUZE LT NB;"2014      ";Condutor;Ileso;"43   ";Masculino;"1 ";"0    ";"0    ";"0    ";-15.7941330;-48.2020950;SPRF-DF;DEL03-DF;UOP02-DEL03-DF 
644448;"1447006   ";2024-11-26;terça-feira;19:41:00;DF;"70   ";"17   ";BRASILIA;Sim;Condutor deixou de manter distância do veículo da frente;1;Colisão traseira;Com Vítimas Feridas;Plena Noite;Crescente;Céu Claro;Dupla;Reta;Não  ;"1157856   ";Motocicleta;YAMAHA/YBR125I FACTOR ED;"2021      ";Condutor;Lesões Leves;"32   ";Masculino;"0 ";"1    ";"0    ";"0    ";-15.7941330;-48.2020950;SPRF-DF;DEL03-DF;UOP02-DEL03-DF 
644610;"1447513   ";2024-11-27;quarta-feira;14:30:00;GO;"20   ";"193,4";SIMOLANDIA;Sim;Velocidade Incompatível;1;Colisão traseira;Sem Vítimas;Pleno dia;Crescente;Céu Claro;Simples;"Aclive;Reta";Não  ;"1158304   ";Caminhão-trator;VOLVO/FH 400 6X2T;"2008      ";Condutor;Ileso;"48   ";Masculino;"1 ";"0    ";"0    ";"0    ";-14.3731220;-46.4439660;SPRF-DF;DEL02-DF;UOP03-DEL02-DF 
644610;"1447512   ";2024-11-27;quarta-feira;14:30:00;GO;"20   ";"193,4";SIMOLANDIA;Sim;Velocidade Incompatível;1;Colisão traseira;Sem Vítimas;Pleno dia;Crescente;Céu Claro;Simples;"Aclive;Reta";Não  ;"1158307   ";Caminhão-trator;M.BENZ/LS 1935;"1998      ";Condutor;Ileso;"57   ";Masculino;"1 ";"0    ";"0    ";"0    ";-14.3731220;-46.4439660;SPRF-DF;DEL02-DF;UOP03-DEL02-DF 
644610;"0         ";2024-11-27;quarta-feira;14:30:00;GO;"20   ";"193,4";SIMOLANDIA;Sim;Velocidade Incompatível;1;Colisão traseira;Sem Vítimas;Pleno dia;Crescente;Céu Claro;Simples;"Aclive;Reta";Não  ;"1158309   ";Semireboque;SR/RANDON SR CA;"1998      ";"0";"0";"0    ";"0";"0 ";"0    ";"0    ";"0    ";-14.3731220;-46.4439660;SPRF-DF;DEL02-DF;UOP03-DEL02-DF 
644610;"0         ";2024-11-27;quarta-feira;14:30:00;GO;"20   ";"193,4";SIMOLANDIA;Sim;Velocidade Incompatível;1;Colisão traseira;Sem Vítimas;Pleno dia;Crescente;Céu Claro;Simples;"Aclive;Reta";Não  ;"1158306   ";Semireboque;SR/RANDON SR CA;"2013      ";"0";"0";"0    ";"0";"0 ";"0    ";"0    ";"0    ";-14.3731220;-46.4439660;SPRF-DF;DEL02-DF;UOP03-DEL02-DF 
644714;"1447652   ";2024-11-27;quarta-feira;23:13:00;GO;"80   ";"24,7 ";PADRE BERNARDO;Não;Reação tardia ou ineficiente do condutor;2;Tombamento;Sem Vítimas;Plena Noite;Decrescente;Céu Claro;Simples;Reta;Não  ;"1158427   ";Caminhonete;FIAT/STRADA ENDURANCE CS;"2023      ";Condutor;Ileso;"22   ";Masculino;"1 ";"0    ";"0    ";"0    ";-15.6212100;-48.1989630;SPRF-DF;DEL03-DF;UOP02-DEL03-DF 
644714;"1447653   ";2024-11-27;quarta-feira;23:13:00;GO;"80   ";"24,7 ";PADRE BERNARDO;Não;Reação tardia ou ineficiente do condutor;2;Tombamento;Sem Vítimas;Plena Noite;Decrescente;Céu Claro;Simples;Reta;Não  ;"1158428   ";Automóvel;CITROEN/C3 AIRCROSS GLXM;"2014      ";Condutor;Ileso;"26   ";Feminino;"1 ";"0    ";"0    ";"0    ";-15.6212100;-48.1989630;SPRF-DF;DEL03-DF;UOP02-DEL03-DF 
644714;"1447654   ";2024-11-27;quarta-feira;23:13:00;GO;"80   ";"24,7 ";PADRE BERNARDO;Não;Reação tardia ou ineficiente do condutor;2;Tombamento;Sem Vítimas;Plena Noite;Decrescente;Céu Claro;Simples;Reta;Não  ;"0         ";"0";NA/NA;"0         ";Testemunha;Não Informado;"0    ";Não Informado;"0 ";"0    ";"0    ";"0    ";-15.6212100;-48.1989630;SPRF-DF;DEL03-DF;UOP02-DEL03-DF 
644714;"1447652   ";2024-11-27;quarta-feira;23:13:00;GO;"80   ";"24,7 ";PADRE BERNARDO;Não;Reação tardia ou ineficiente do condutor;1;Colisão traseira;Sem Vítimas;Plena Noite;Decrescente;Céu Claro;Simples;Reta;Não  ;"1158427   ";Caminhonete;FIAT/STRADA ENDURANCE CS;"2023      ";Condutor;Ileso;"22   ";Masculino;"1 ";"0    ";"0    ";"0    ";-15.6212100;-48.1989630;SPRF-DF;DEL03-DF;UOP02-DEL03-DF 
644714;"1447653   ";2024-11-27;quarta-feira;23:13:00;GO;"80   ";"24,7 ";PADRE BERNARDO;Não;Reação tardia ou ineficiente do condutor;1;Colisão traseira;Sem Vítimas;Plena Noite;Decrescente;Céu Claro;Simples;Reta;Não  ;"1158428   ";Automóvel;CITROEN/C3 AIRCROSS GLXM;"2014      ";Condutor;Ileso;"26   ";Feminino;"1 ";"0    ";"0    ";"0    ";-15.6212100;-48.1989630;SPRF-DF;DEL03-DF;UOP02-DEL03-DF 
644714;"1447654   ";2024-11-27;quarta-feira;23:13:00;GO;"80   ";"24,7 ";PADRE BERNARDO;Não;Reação tardia ou ineficiente do condutor;1;Colisão traseira;Sem Vítimas;Plena Noite;Decrescente;Céu Claro;Simples;Reta;Não  ;"0         ";"0";NA/NA;"0         ";Testemunha;Não Informado;"0    ";Não Informado;"0 ";"0    ";"0    ";"0    ";-15.6212100;-48.1989630;SPRF-DF;DEL03-DF;UOP02-DEL03-DF 
644714;"1447652   ";2024-11-27;quarta-feira;23:13:00;GO;"80   ";"24,7 ";PADRE BERNARDO;Não;Ingestão de álcool pelo condutor;2;Tombamento;Sem Vítimas;Plena Noite;Decrescente;Céu Claro;Simples;Reta;Não  ;"1158427   ";Caminhonete;FIAT/STRADA ENDURANCE CS;"2023      ";Condutor;Ileso;"22   ";Masculino;"1 ";"0    ";"0    ";"0    ";-15.6212100;-48.1989630;SPRF-DF;DEL03-DF;UOP02-DEL03-DF 
644714;"1447653   ";2024-11-27;quarta-feira;23:13:00;GO;"80   ";"24,7 ";PADRE BERNARDO;Não;Ingestão de álcool pelo condutor;2;Tombamento;Sem Vítimas;Plena Noite;Decrescente;Céu Claro;Simples;Reta;Não  ;"1158428   ";Automóvel;CITROEN/C3 AIRCROSS GLXM;"2014      ";Condutor;Ileso;"26   ";Feminino;"1 ";"0    ";"0    ";"0    ";-15.6212100;-48.1989630;SPRF-DF;DEL03-DF;UOP02-DEL03-DF 
644714;"1447654   ";2024-11-27;quarta-feira;23:13:00;GO;"80   ";"24,7 ";PADRE BERNARDO;Não;Ingestão de álcool pelo condutor;2;Tombamento;Sem Vítimas;Plena Noite;Decrescente;Céu Claro;Simples;Reta;Não  ;"0         ";"0";NA/NA;"0         ";Testemunha;Não Informado;"0    ";Não Informado;"0 ";"0    ";"0    ";"0    ";-15.6212100;-48.1989630;SPRF-DF;DEL03-DF;UOP02-DEL03-DF 
644714;"1447652   ";2024-11-27;quarta-feira;23:13:00;GO;"80   ";"24,7 ";PADRE BERNARDO;Não;Ingestão de álcool pelo condutor;1;Colisão traseira;Sem Vítimas;Plena Noite;Decrescente;Céu Claro;Simples;Reta;Não  ;"1158427   ";Caminhonete;FIAT/STRADA ENDURANCE CS;"2023      ";Condutor;Ileso;"22   ";Masculino;"1 ";"0    ";"0    ";"0    ";-15.6212100;-48.1989630;SPRF-DF;DEL03-DF;UOP02-DEL03-DF 
644714;"1447653   ";2024-11-27;quarta-feira;23:13:00;GO;"80   ";"24,7 ";PADRE BERNARDO;Não;Ingestão de álcool pelo condutor;1;Colisão traseira;Sem Vítimas;Plena Noite;Decrescente;Céu Claro;Simples;Reta;Não  ;"1158428   ";Automóvel;CITROEN/C3 AIRCROSS GLXM;"2014      ";Condutor;Ileso;"26   ";Feminino;"1 ";"0    ";"0    ";"0    ";-15.6212100;-48.1989630;SPRF-DF;DEL03-DF;UOP02-DEL03-DF 
644714;"1447654   ";2024-11-27;quarta-feira;23:13:00;GO;"80   ";"24,7 ";PADRE BERNARDO;Não;Ingestão de álcool pelo condutor;1;Colisão traseira;Sem Vítimas;Plena Noite;Decrescente;Céu Claro;Simples;Reta;Não  ;"0         ";"0";NA/NA;"0         ";Testemunha;Não Informado;"0    ";Não Informado;"0 ";"0    ";"0    ";"0    ";-15.6212100;-48.1989630;SPRF-DF;DEL03-DF;UOP02-DEL03-DF 
644714;"1447652   ";2024-11-27;quarta-feira;23:13:00;GO;"80   ";"24,7 ";PADRE BERNARDO;Sim;Velocidade Incompatível;2;Tombamento;Sem Vítimas;Plena Noite;Decrescente;Céu Claro;Simples;Reta;Não  ;"1158427   ";Caminhonete;FIAT/STRADA ENDURANCE CS;"2023      ";Condutor;Ileso;"22   ";Masculino;"1 ";"0    ";"0    ";"0    ";-15.6212100;-48.1989630;SPRF-DF;DEL03-DF;UOP02-DEL03-DF 
644714;"1447653   ";2024-11-27;quarta-feira;23:13:00;GO;"80   ";"24,7 ";PADRE BERNARDO;Sim;Velocidade Incompatível;2;Tombamento;Sem Vítimas;Plena Noite;Decrescente;Céu Claro;Simples;Reta;Não  ;"1158428   ";Automóvel;CITROEN/C3 AIRCROSS GLXM;"2014      ";Condutor;Ileso;"26   ";Feminino;"1 ";"0    ";"0    ";"0    ";-15.6212100;-48.1989630;SPRF-DF;DEL03-DF;UOP02-DEL03-DF 
644714;"1447654   ";2024-11-27;quarta-feira;23:13:00;GO;"80   ";"24,7 ";PADRE BERNARDO;Sim;Velocidade Incompatível;2;Tombamento;Sem Vítimas;Plena Noite;Decrescente;Céu Claro;Simples;Reta;Não  ;"0         ";"0";NA/NA;"0         ";Testemunha;Não Informado;"0    ";Não Informado;"0 ";"0    ";"0    ";"0    ";-15.6212100;-48.1989630;SPRF-DF;DEL03-DF;UOP02-DEL03-DF 
644714;"1447652   ";2024-11-27;quarta-feira;23:13:00;GO;"80   ";"24,7 ";PADRE BERNARDO;Sim;Velocidade Incompatível;1;Colisão traseira;Sem Vítimas;Plena Noite;Decrescente;Céu Claro;Simples;Reta;Não  ;"1158427   ";Caminhonete;FIAT/STRADA ENDURANCE CS;"2023      ";Condutor;Ileso;"22   ";Masculino;"1 ";"0    ";"0    ";"0    ";-15.6212100;-48.1989630;SPRF-DF;DEL03-DF;UOP02-DEL03-DF 
644714;"1447653   ";2024-11-27;quarta-feira;23:13:00;GO;"80   ";"24,7 ";PADRE BERNARDO;Sim;Velocidade Incompatível;1;Colisão traseira;Sem Vítimas;Plena Noite;Decrescente;Céu Claro;Simples;Reta;Não  ;"1158428   ";Automóvel;CITROEN/C3 AIRCROSS GLXM;"2014      ";Condutor;Ileso;"26   ";Feminino;"1 ";"0    ";"0    ";"0    ";-15.6212100;-48.1989630;SPRF-DF;DEL03-DF;UOP02-DEL03-DF 
644714;"1447654   ";2024-11-27;quarta-feira;23:13:00;GO;"80   ";"24,7 ";PADRE BERNARDO;Sim;Velocidade Incompatível;1;Colisão traseira;Sem Vítimas;Plena Noite;Decrescente;Céu Claro;Simples;Reta;Não  ;"0         ";"0";NA/NA;"0         ";Testemunha;Não Informado;"0    ";Não Informado;"0 ";"0    ";"0    ";"0    ";-15.6212100;-48.1989630;SPRF-DF;DEL03-DF;UOP02-DEL03-DF 
644726;"1447704   ";2024-11-28;quinta-feira;06:42:00;GO;"40   ";"8,2  ";VALPARAISO DE GOIAS;Não;Desrespeitar a preferência no cruzamento;3;Queda de ocupante de veículo;Com Vítimas Feridas;Pleno dia;Decrescente;Céu Claro;Dupla;"Reta;Viaduto";Sim  ;"1158459   ";Motocicleta;HONDA/XRE 190;"2021      ";Passageiro;Lesões Leves;"36   ";Feminino;"0 ";"1    ";"0    ";"0    ";-16.0494325;-47.9810715;SPRF-DF;DEL01-DF;UOP01-DEL01-DF 
644726;"1447702   ";2024-11-28;quinta-feira;06:42:00;GO;"40   ";"8,2  ";VALPARAISO DE GOIAS;Não;Desrespeitar a preferência no cruzamento;3;Queda de ocupante de veículo;Com Vítimas Feridas;Pleno dia;Decrescente;Céu Claro;Dupla;"Reta;Viaduto";Sim  ;"1158459   ";Motocicleta;HONDA/XRE 190;"2021      ";Condutor;Ileso;"37   ";Masculino;"1 ";"0    ";"0    ";"0    ";-16.0494325;-47.9810715;SPRF-DF;DEL01-DF;UOP01-DEL01-DF 
644726;"1447701   ";2024-11-28;quinta-feira;06:42:00;GO;"40   ";"8,2  ";VALPARAISO DE GOIAS;Não;Desrespeitar a preferência no cruzamento;3;Queda de ocupante de veículo;Com Vítimas Feridas;Pleno dia;Decrescente;Céu Claro;Dupla;"Reta;Viaduto";Sim  ;"1158458   ";Automóvel;VW/POLO HL AD;"2019      ";Condutor;Ileso;"29   ";Masculino;"1 ";"0    ";"0    ";"0    ";-16.0494325;-47.9810715;SPRF-DF;DEL01-DF;UOP01-DEL01-DF 
644726;"1447704   ";2024-11-28;quinta-feira;06:42:00;GO;"40   ";"8,2  ";VALPARAISO DE GOIAS;Não;Desrespeitar a preferência no cruzamento;2;Tombamento;Com Vítimas Feridas;Pleno dia;Decrescente;Céu Claro;Dupla;"Reta;Viaduto";Sim  ;"1158459   ";Motocicleta;HONDA/XRE 190;"2021      ";Passageiro;Lesões Leves;"36   ";Feminino;"0 ";"1    ";"0    ";"0    ";-16.0494325;-47.9810715;SPRF-DF;DEL01-DF;UOP01-DEL01-DF 
644726;"1447702   ";2024-11-28;quinta-feira;06:42:00;GO;"40   ";"8,2  ";VALPARAISO DE GOIAS;Não;Desrespeitar a preferência no cruzamento;2;Tombamento;Com Vítimas Feridas;Pleno dia;Decrescente;Céu Claro;Dupla;"Reta;Viaduto";Sim  ;"1158459   ";Motocicleta;HONDA/XRE 190;"2021      ";Condutor;Ileso;"37   ";Masculino;"1 ";"0    ";"0    ";"0    ";-16.0494325;-47.9810715;SPRF-DF;DEL01-DF;UOP01-DEL01-DF 
644726;"1447701   ";2024-11-28;quinta-feira;06:42:00;GO;"40   ";"8,2  ";VALPARAISO DE GOIAS;Não;Desrespeitar a preferência no cruzamento;2;Tombamento;Com Vítimas Feridas;Pleno dia;Decrescente;Céu Claro;Dupla;"Reta;Viaduto";Sim  ;"1158458   ";Automóvel;VW/POLO HL AD;"2019      ";Condutor;Ileso;"29   ";Masculino;"1 ";"0    ";"0    ";"0    ";-16.0494325;-47.9810715;SPRF-DF;DEL01-DF;UOP01-DEL01-DF 
644726;"1447704   ";2024-11-28;quinta-feira;06:42:00;GO;"40   ";"8,2  ";VALPARAISO DE GOIAS;Não;Desrespeitar a preferência no cruzamento;1;Colisão lateral mesmo sentido;Com Vítimas Feridas;Pleno dia;Decrescente;Céu Claro;Dupla;"Reta;Viaduto";Sim  ;"1158459   ";Motocicleta;HONDA/XRE 190;"2021      ";Passageiro;Lesões Leves;"36   ";Feminino;"0 ";"1    ";"0    ";"0    ";-16.0494325;-47.9810715;SPRF-DF;DEL01-DF;UOP01-DEL01-DF 
644726;"1447702   ";2024-11-28;quinta-feira;06:42:00;GO;"40   ";"8,2  ";VALPARAISO DE GOIAS;Não;Desrespeitar a preferência no cruzamento;1;Colisão lateral mesmo sentido;Com Vítimas Feridas;Pleno dia;Decrescente;Céu Claro;Dupla;"Reta;Viaduto";Sim  ;"1158459   ";Motocicleta;HONDA/XRE 190;"2021      ";Condutor;Ileso;"37   ";Masculino;"1 ";"0    ";"0    ";"0    ";-16.0494325;-47.9810715;SPRF-DF;DEL01-DF;UOP01-DEL01-DF 
644726;"1447701   ";2024-11-28;quinta-feira;06:42:00;GO;"40   ";"8,2  ";VALPARAISO DE GOIAS;Não;Desrespeitar a preferência no cruzamento;1;Colisão lateral mesmo sentido;Com Vítimas Feridas;Pleno dia;Decrescente;Céu Claro;Dupla;"Reta;Viaduto";Sim  ;"1158458   ";Automóvel;VW/POLO HL AD;"2019      ";Condutor;Ileso;"29   ";Masculino;"1 ";"0    ";"0    ";"0    ";-16.0494325;-47.9810715;SPRF-DF;DEL01-DF;UOP01-DEL01-DF 
644726;"1447704   ";2024-11-28;quinta-feira;06:42:00;GO;"40   ";"8,2  ";VALPARAISO DE GOIAS;Sim;Acessar a via sem observar a presença dos outros veículos;3;Queda de ocupante de veículo;Com Vítimas Feridas;Pleno dia;Decrescente;Céu Claro;Dupla;"Reta;Viaduto";Sim  ;"1158459   ";Motocicleta;HONDA/XRE 190;"2021      ";Passageiro;Lesões Leves;"36   ";Feminino;"0 ";"1    ";"0    ";"0    ";-16.0494325;-47.9810715;SPRF-DF;DEL01-DF;UOP01-DEL01-DF 
644726;"1447702   ";2024-11-28;quinta-feira;06:42:00;GO;"40   ";"8,2  ";VALPARAISO DE GOIAS;Sim;Acessar a via sem observar a presença dos outros veículos;3;Queda de ocupante de veículo;Com Vítimas Feridas;Pleno dia;Decrescente;Céu Claro;Dupla;"Reta;Viaduto";Sim  ;"1158459   ";Motocicleta;HONDA/XRE 190;"2021      ";Condutor;Ileso;"37   ";Masculino;"1 ";"0    ";"0    ";"0    ";-16.0494325;-47.9810715;SPRF-DF;DEL01-DF;UOP01-DEL01-DF 
644726;"1447701   ";2024-11-28;quinta-feira;06:42:00;GO;"40   ";"8,2  ";VALPARAISO DE GOIAS;Sim;Acessar a via sem observar a presença dos outros veículos;3;Queda de ocupante de veículo;Com Vítimas Feridas;Pleno dia;Decrescente;Céu Claro;Dupla;"Reta;Viaduto";Sim  ;"1158458   ";Automóvel;VW/POLO HL AD;"2019      ";Condutor;Ileso;"29   ";Masculino;"1 ";"0    ";"0    ";"0    ";-16.0494325;-47.9810715;SPRF-DF;DEL01-DF;UOP01-DEL01-DF 
644726;"1447704   ";2024-11-28;quinta-feira;06:42:00;GO;"40   ";"8,2  ";VALPARAISO DE GOIAS;Sim;Acessar a via sem observar a presença dos outros veículos;2;Tombamento;Com Vítimas Feridas;Pleno dia;Decrescente;Céu Claro;Dupla;"Reta;Viaduto";Sim  ;"1158459   ";Motocicleta;HONDA/XRE 190;"2021      ";Passageiro;Lesões Leves;"36   ";Feminino;"0 ";"1    ";"0    ";"0    ";-16.0494325;-47.9810715;SPRF-DF;DEL01-DF;UOP01-DEL01-DF 
644726;"1447702   ";2024-11-28;quinta-feira;06:42:00;GO;"40   ";"8,2  ";VALPARAISO DE GOIAS;Sim;Acessar a via sem observar a presença dos outros veículos;2;Tombamento;Com Vítimas Feridas;Pleno dia;Decrescente;Céu Claro;Dupla;"Reta;Viaduto";Sim  ;"1158459   ";Motocicleta;HONDA/XRE 190;"2021      ";Condutor;Ileso;"37   ";Masculino;"1 ";"0    ";"0    ";"0    ";-16.0494325;-47.9810715;SPRF-DF;DEL01-DF;UOP01-DEL01-DF 
644726;"1447701   ";2024-11-28;quinta-feira;06:42:00;GO;"40   ";"8,2  ";VALPARAISO DE GOIAS;Sim;Acessar a via sem observar a presença dos outros veículos;2;Tombamento;Com Vítimas Feridas;Pleno dia;Decrescente;Céu Claro;Dupla;"Reta;Viaduto";Sim  ;"1158458   ";Automóvel;VW/POLO HL AD;"2019      ";Condutor;Ileso;"29   ";Masculino;"1 ";"0    ";"0    ";"0    ";-16.0494325;-47.9810715;SPRF-DF;DEL01-DF;UOP01-DEL01-DF 
644726;"1447704   ";2024-11-28;quinta-feira;06:42:00;GO;"40   ";"8,2  ";VALPARAISO DE GOIAS;Sim;Acessar a via sem observar a presença dos outros veículos;1;Colisão lateral mesmo sentido;Com Vítimas Feridas;Pleno dia;Decrescente;Céu Claro;Dupla;"Reta;Viaduto";Sim  ;"1158459   ";Motocicleta;HONDA/XRE 190;"2021      ";Passageiro;Lesões Leves;"36   ";Feminino;"0 ";"1    ";"0    ";"0    ";-16.0494325;-47.9810715;SPRF-DF;DEL01-DF;UOP01-DEL01-DF 
644726;"1447702   ";2024-11-28;quinta-feira;06:42:00;GO;"40   ";"8,2  ";VALPARAISO DE GOIAS;Sim;Acessar a via sem observar a presença dos outros veículos;1;Colisão lateral mesmo sentido;Com Vítimas Feridas;Pleno dia;Decrescente;Céu Claro;Dupla;"Reta;Viaduto";Sim  ;"1158459   ";Motocicleta;HONDA/XRE 190;"2021      ";Condutor;Ileso;"37   ";Masculino;"1 ";"0    ";"0    ";"0    ";-16.0494325;-47.9810715;SPRF-DF;DEL01-DF;UOP01-DEL01-DF 
644726;"1447701   ";2024-11-28;quinta-feira;06:42:00;GO;"40   ";"8,2  ";VALPARAISO DE GOIAS;Sim;Acessar a via sem observar a presença dos outros veículos;1;Colisão lateral mesmo sentido;Com Vítimas Feridas;Pleno dia;Decrescente;Céu Claro;Dupla;"Reta;Viaduto";Sim  ;"1158458   ";Automóvel;VW/POLO HL AD;"2019      ";Condutor;Ileso;"29   ";Masculino;"1 ";"0    ";"0    ";"0    ";-16.0494325;-47.9810715;SPRF-DF;DEL01-DF;UOP01-DEL01-DF 
644767;"1447854   ";2024-11-28;quinta-feira;10:30:00;DF;"80   ";"18,7 ";BRASILIA;Não;Reação tardia ou ineficiente do condutor;2;Capotamento;Sem Vítimas;Pleno dia;Decrescente;Céu Claro;Dupla;"Reta;Interseção de Vias";Sim  ;"1158570   ";Automóvel;GM/CELTA 2P LIFE;"2007      ";Condutor;Ileso;"21   ";Masculino;"1 ";"0    ";"0    ";"0    ";-15.6776880;-48.2053050;SPRF-DF;DEL03-DF;UOP02-DEL03-DF 
644767;"1447857   ";2024-11-28;quinta-feira;10:30:00;DF;"80   ";"18,7 ";BRASILIA;Não;Reação tardia ou ineficiente do condutor;2;Capotamento;Sem Vítimas;Pleno dia;Decrescente;Céu Claro;Dupla;"Reta;Interseção de Vias";Sim  ;"1158568   ";Automóvel;FIAT/PALIO FIRE FLEX;"2007      ";Passageiro;Ileso;"2    ";Masculino;"1 ";"0    ";"0    ";"0    ";-15.6776880;-48.2053050;SPRF-DF;DEL03-DF;UOP02-DEL03-DF 
644767;"1447855   ";2024-11-28;quinta-feira;10:30:00;DF;"80   ";"18,7 ";BRASILIA;Não;Reação tardia ou ineficiente do condutor;2;Capotamento;Sem Vítimas;Pleno dia;Decrescente;Céu Claro;Dupla;"Reta;Interseção de Vias";Sim  ;"1158568   ";Automóvel;FIAT/PALIO FIRE FLEX;"2007      ";Passageiro;Ileso;"3    ";Masculino;"1 ";"0    ";"0    ";"0    ";-15.6776880;-48.2053050;SPRF-DF;DEL03-DF;UOP02-DEL03-DF 
644767;"1447851   ";2024-11-28;quinta-feira;10:30:00;DF;"80   ";"18,7 ";BRASILIA;Não;Reação tardia ou ineficiente do condutor;2;Capotamento;Sem Vítimas;Pleno dia;Decrescente;Céu Claro;Dupla;"Reta;Interseção de Vias";Sim  ;"1158568   ";Automóvel;FIAT/PALIO FIRE FLEX;"2007      ";Condutor;Ileso;"24   ";Feminino;"1 ";"0    ";"0    ";"0    ";-15.6776880;-48.2053050;SPRF-DF;DEL03-DF;UOP02-DEL03-DF 
644767;"1447854   ";2024-11-28;quinta-feira;10:30:00;DF;"80   ";"18,7 ";BRASILIA;Não;Reação tardia ou ineficiente do condutor;1;Colisão transversal;Sem Vítimas;Pleno dia;Decrescente;Céu Claro;Dupla;"Reta;Interseção de Vias";Sim  ;"1158570   ";Automóvel;GM/CELTA 2P LIFE;"2007      ";Condutor;Ileso;"21   ";Masculino;"1 ";"0    ";"0    ";"0    ";-15.6776880;-48.2053050;SPRF-DF;DEL03-DF;UOP02-DEL03-DF 
644767;"1447857   ";2024-11-28;quinta-feira;10:30:00;DF;"80   ";"18,7 ";BRASILIA;Não;Reação tardia ou ineficiente do condutor;1;Colisão transversal;Sem Vítimas;Pleno dia;Decrescente;Céu Claro;Dupla;"Reta;Interseção de Vias";Sim  ;"1158568   ";Automóvel;FIAT/PALIO FIRE FLEX;"2007      ";Passageiro;Ileso;"2    ";Masculino;"1 ";"0    ";"0    ";"0    ";-15.6776880;-48.2053050;SPRF-DF;DEL03-DF;UOP02-DEL03-DF 
644767;"1447855   ";2024-11-28;quinta-feira;10:30:00;DF;"80   ";"18,7 ";BRASILIA;Não;Reação tardia ou ineficiente do condutor;1;Colisão transversal;Sem Vítimas;Pleno dia;Decrescente;Céu Claro;Dupla;"Reta;Interseção de Vias";Sim  ;"1158568   ";Automóvel;FIAT/PALIO FIRE FLEX;"2007      ";Passageiro;Ileso;"3    ";Masculino;"1 ";"0    ";"0    ";"0    ";-15.6776880;-48.2053050;SPRF-DF;DEL03-DF;UOP02-DEL03-DF 
644767;"1447851   ";2024-11-28;quinta-feira;10:30:00;DF;"80   ";"18,7 ";BRASILIA;Não;Reação tardia ou ineficiente do condutor;1;Colisão transversal;Sem Vítimas;Pleno dia;Decrescente;Céu Claro;Dupla;"Reta;Interseção de Vias";Sim  ;"1158568   ";Automóvel;FIAT/PALIO FIRE FLEX;"2007      ";Condutor;Ileso;"24   ";Feminino;"1 ";"0    ";"0    ";"0    ";-15.6776880;-48.2053050;SPRF-DF;DEL03-DF;UOP02-DEL03-DF 
644767;"1447854   ";2024-11-28;quinta-feira;10:30:00;DF;"80   ";"18,7 ";BRASILIA;Sim;Acessar a via sem observar a presença dos outros veículos;2;Capotamento;Sem Vítimas;Pleno dia;Decrescente;Céu Claro;Dupla;"Reta;Interseção de Vias";Sim  ;"1158570   ";Automóvel;GM/CELTA 2P LIFE;"2007      ";Condutor;Ileso;"21   ";Masculino;"1 ";"0    ";"0    ";"0    ";-15.6776880;-48.2053050;SPRF-DF;DEL03-DF;UOP02-DEL03-DF 
644767;"1447857   ";2024-11-28;quinta-feira;10:30:00;DF;"80   ";"18,7 ";BRASILIA;Sim;Acessar a via sem observar a presença dos outros veículos;2;Capotamento;Sem Vítimas;Pleno dia;Decrescente;Céu Claro;Dupla;"Reta;Interseção de Vias";Sim  ;"1158568   ";Automóvel;FIAT/PALIO FIRE FLEX;"2007      ";Passageiro;Ileso;"2    ";Masculino;"1 ";"0    ";"0    ";"0    ";-15.6776880;-48.2053050;SPRF-DF;DEL03-DF;UOP02-DEL03-DF 
644767;"1447855   ";2024-11-28;quinta-feira;10:30:00;DF;"80   ";"18,7 ";BRASILIA;Sim;Acessar a via sem observar a presença dos outros veículos;2;Capotamento;Sem Vítimas;Pleno dia;Decrescente;Céu Claro;Dupla;"Reta;Interseção de Vias";Sim  ;"1158568   ";Automóvel;FIAT/PALIO FIRE FLEX;"2007      ";Passageiro;Ileso;"3    ";Masculino;"1 ";"0    ";"0    ";"0    ";-15.6776880;-48.2053050;SPRF-DF;DEL03-DF;UOP02-DEL03-DF 