id;pesid;data_inversa;dia_semana;horario;uf;br;km;municipio;causa_principal;causa_acidente;ordem_tipo_acidente;tipo_acidente;classificacao_acidente;fase_dia;sentido_via;condicao_metereologica;tipo_pista;tracado_via;uso_solo;id_veiculo;tipo_veiculo;marca;ano_fabricacao_veiculo;tipo_envolvido;estado_fisico;idade;sexo;ilesos;feridos_leves;feridos_graves;mortos;latitude;longitude;regional;delegacia;uop
644767;"1447851   ";2024-11-28;quinta-feira;10:30:00;DF;"80   ";"18,7 ";BRASILIA;Sim;Acessar a via sem observar a presença dos outros veículos;2;Capotamento;Sem Vítimas;Pleno dia;Decrescente;Céu Claro;Dupla;"Reta;Interseção de Vias";Sim  ;"1158568   ";Automóvel;FIAT/PALIO FIRE FLEX;"2007      ";Condutor;Ileso;"24   ";Feminino;"1 ";"0    ";"0    ";"0    ";-15.6776880;-48.2053050;SPRF-DF;DEL03-DF;UOP02-DEL03-DF 
644767;"1447854   ";2024-11-28;quinta-feira;10:30:00;DF;"80   ";"18,7 ";BRASILIA;Sim;Acessar a via sem observar a presença dos outros veículos;1;Colisão transversal;Sem Vítimas;Pleno dia;Decrescente;Céu Claro;Dupla;"Reta;Interseção de Vias";Sim  ;"1158570   ";Automóvel;GM/CELTA 2P LIFE;"2007      ";Condutor;Ileso;"21   ";Masculino;"1 ";"0    ";"0    ";"0    ";-15.6776880;-48.2053050;SPRF-DF;DEL03-DF;UOP02-DEL03-DF 
644767;"1447857   ";2024-11-28;quinta-feira;10:30:00;DF;"80   ";"18,7 ";BRASILIA;Sim;Acessar a via sem observar a presença dos outros veículos;1;Colisão transversal;Sem Vítimas;Pleno dia;Decrescente;Céu Claro;Dupla;"Reta;Interseção de Vias";Sim  ;"1158568   ";Automóvel;FIAT/PALIO FIRE FLEX;"2007      ";Passageiro;Ileso;"2    ";Masculino;"1 ";"0    ";"0    ";"0    ";-15.6776880;-48.2053050;SPRF-DF;DEL03-DF;UOP02-DEL03-DF 
644767;"1447855   ";2024-11-28;quinta-feira;10:30:00;DF;"80   ";"18,7 ";BRASILIA;Sim;Acessar a via sem observar a presença dos outros veículos;1;Colisão transversal;Sem Vítimas;Pleno dia;Decrescente;Céu Claro;Dupla;"Reta;Interseção de Vias";Sim  ;"1158568   ";Automóvel;FIAT/PALIO FIRE FLEX;"2007      ";Passageiro;Ileso;"3    ";Masculino;"1 ";"0    ";"0    ";"0    ";-15.6776880;-48.2053050;SPRF-DF;DEL03-DF;UOP02-DEL03-DF 
644767;"1447851   ";2024-11-28;quinta-feira;10:30:00;DF;"80   ";"18,7 ";BRASILIA;Sim;Acessar a via sem observar a presença dos outros veículos;1;Colisão transversal;Sem Vítimas;Pleno dia;Decrescente;Céu Claro;Dupla;"Reta;Interseção de Vias";Sim  ;"1158568   ";Automóvel;FIAT/PALIO FIRE FLEX;"2007      ";Condutor;Ileso;"24   ";Feminino;"1 ";"0    ";"0    ";"0    ";-15.6776880;-48.2053050;SPRF-DF;DEL03-DF;UOP02-DEL03-DF 
644774;"1448158   ";2024-11-28;quinta-feira;11:34:00;DF;"20   ";"18   ";BRASILIA;Sim;Problema com o freio;4;Colisão com objeto;Com Vítimas Feridas;Pleno dia;Crescente;Céu Claro;Dupla;Declive;Não  ;"1158788   ";Automóvel;FIAT/PALIO WK TREKK 1.6;"2013      ";Passageiro;Ileso;"63   ";Masculino;"1 ";"0    ";"0    ";"0    ";-15.6169010;-47.7089270;SPRF-DF;DEL02-DF;UOP01-DEL02-DF 
644774;"1448156   ";2024-11-28;quinta-feira;11:34:00;DF;"20   ";"18   ";BRASILIA;Sim;Problema com o freio;4;Colisão com objeto;Com Vítimas Feridas;Pleno dia;Crescente;Céu Claro;Dupla;Declive;Não  ;"1158788   ";Automóvel;FIAT/PALIO WK TREKK 1.6;"2013      ";Passageiro;Ileso;"25   ";Masculino;"1 ";"0    ";"0    ";"0    ";-15.6169010;-47.7089270;SPRF-DF;DEL02-DF;UOP01-DEL02-DF 
644774;"1448155   ";2024-11-28;quinta-feira;11:34:00;DF;"20   ";"18   ";BRASILIA;Sim;Problema com o freio;4;Colisão com objeto;Com Vítimas Feridas;Pleno dia;Crescente;Céu Claro;Dupla;Declive;Não  ;"1158788   ";Automóvel;FIAT/PALIO WK TREKK 1.6;"2013      ";Condutor;Lesões Leves;"60   ";Masculino;"0 ";"1    ";"0    ";"0    ";-15.6169010;-47.7089270;SPRF-DF;DEL02-DF;UOP01-DEL02-DF 
644774;"1448154   ";2024-11-28;quinta-feira;11:34:00;DF;"20   ";"18   ";BRASILIA;Sim;Problema com o freio;4;Colisão com objeto;Com Vítimas Feridas;Pleno dia;Crescente;Céu Claro;Dupla;Declive;Não  ;"1158787   ";Caminhão;VW/17.330 CRC 4X2;"2015      ";Passageiro;Ileso;"29   ";Masculino;"1 ";"0    ";"0    ";"0    ";-15.6169010;-47.7089270;SPRF-DF;DEL02-DF;UOP01-DEL02-DF 
644774;"1448153   ";2024-11-28;quinta-feira;11:34:00;DF;"20   ";"18   ";BRASILIA;Sim;Problema com o freio;4;Colisão com objeto;Com Vítimas Feridas;Pleno dia;Crescente;Céu Claro;Dupla;Declive;Não  ;"1158787   ";Caminhão;VW/17.330 CRC 4X2;"2015      ";Passageiro;Ileso;"27   ";Masculino;"1 ";"0    ";"0    ";"0    ";-15.6169010;-47.7089270;SPRF-DF;DEL02-DF;UOP01-DEL02-DF 
644774;"1448152   ";2024-11-28;quinta-feira;11:34:00;DF;"20   ";"18   ";BRASILIA;Sim;Problema com o freio;4;Colisão com objeto;Com Vítimas Feridas;Pleno dia;Crescente;Céu Claro;Dupla;Declive;Não  ;"1158787   ";Caminhão;VW/17.330 CRC 4X2;"2015      ";Condutor;Ileso;"41   ";Masculino;"1 ";"0    ";"0    ";"0    ";-15.6169010;-47.7089270;SPRF-DF;DEL02-DF;UOP01-DEL02-DF 
644774;"1448158   ";2024-11-28;quinta-feira;11:34:00;DF;"20   ";"18   ";BRASILIA;Sim;Problema com o freio;3;Saída de leito carroçável;Com Vítimas Feridas;Pleno dia;Crescente;Céu Claro;Dupla;Declive;Não  ;"1158788   ";Automóvel;FIAT/PALIO WK TREKK 1.6;"2013      ";Passageiro;Ileso;"63   ";Masculino;"1 ";"0    ";"0    ";"0    ";-15.6169010;-47.7089270;SPRF-DF;DEL02-DF;UOP01-DEL02-DF 
644774;"1448156   ";2024-11-28;quinta-feira;11:34:00;DF;"20   ";"18   ";BRASILIA;Sim;Problema com o freio;3;Saída de leito carroçável;Com Vítimas Feridas;Pleno dia;Crescente;Céu Claro;Dupla;Declive;Não  ;"1158788   ";Automóvel;FIAT/PALIO WK TREKK 1.6;"2013      ";Passageiro;Ileso;"25   ";Masculino;"1 ";"0    ";"0    ";"0    ";-15.6169010;-47.7089270;SPRF-DF;DEL02-DF;UOP01-DEL02-DF 
644774;"1448155   ";2024-11-28;quinta-feira;11:34:00;DF;"20   ";"18   ";BRASILIA;Sim;Problema com o freio;3;Saída de leito carroçável;Com Vítimas Feridas;Pleno dia;Crescente;Céu Claro;Dupla;Declive;Não  ;"1158788   ";Automóvel;FIAT/PALIO WK TREKK 1.6;"2013      ";Condutor;Lesões Leves;"60   ";Masculino;"0 ";"1    ";"0    ";"0    ";-15.6169010;-47.7089270;SPRF-DF;DEL02-DF;UOP01-DEL02-DF 
644774;"1448154   ";2024-11-28;quinta-feira;11:34:00;DF;"20   ";"18   ";BRASILIA;Sim;Problema com o freio;3;Saída de leito carroçável;Com Vítimas Feridas;Pleno dia;Crescente;Céu Claro;Dupla;Declive;Não  ;"1158787   ";Caminhão;VW/17.330 CRC 4X2;"2015      ";Passageiro;Ileso;"29   ";Masculino;"1 ";"0    ";"0    ";"0    ";-15.6169010;-47.7089270;SPRF-DF;DEL02-DF;UOP01-DEL02-DF 
644774;"1448153   ";2024-11-28;quinta-feira;11:34:00;DF;"20   ";"18   ";BRASILIA;Sim;Problema com o freio;3;Saída de leito carroçável;Com Vítimas Feridas;Pleno dia;Crescente;Céu Claro;Dupla;Declive;Não  ;"1158787   ";Caminhão;VW/17.330 CRC 4X2;"2015      ";Passageiro;Ileso;"27   ";Masculino;"1 ";"0    ";"0    ";"0    ";-15.6169010;-47.7089270;SPRF-DF;DEL02-DF;UOP01-DEL02-DF 
644774;"1448152   ";2024-11-28;quinta-feira;11:34:00;DF;"20   ";"18   ";BRASILIA;Sim;Problema com o freio;3;Saída de leito carroçável;Com Vítimas Feridas;Pleno dia;Crescente;Céu Claro;Dupla;Declive;Não  ;"1158787   ";Caminhão;VW/17.330 CRC 4X2;"2015      ";Condutor;Ileso;"41   ";Masculino;"1 ";"0    ";"0    ";"0    ";-15.6169010;-47.7089270;SPRF-DF;DEL02-DF;UOP01-DEL02-DF 
644774;"1448158   ";2024-11-28;quinta-feira;11:34:00;DF;"20   ";"18   ";BRASILIA;Sim;Problema com o freio;2;Colisão lateral mesmo sentido;Com Vítimas Feridas;Pleno dia;Crescente;Céu Claro;Dupla;Declive;Não  ;"1158788   ";Automóvel;FIAT/PALIO WK TREKK 1.6;"2013      ";Passageiro;Ileso;"63   ";Masculino;"1 ";"0    ";"0    ";"0    ";-15.6169010;-47.7089270;SPRF-DF;DEL02-DF;UOP01-DEL02-DF 
644774;"1448156   ";2024-11-28;quinta-feira;11:34:00;DF;"20   ";"18   ";BRASILIA;Sim;Problema com o freio;2;Colisão lateral mesmo sentido;Com Vítimas Feridas;Pleno dia;Crescente;Céu Claro;Dupla;Declive;Não  ;"1158788   ";Automóvel;FIAT/PALIO WK TREKK 1.6;"2013      ";Passageiro;Ileso;"25   ";Masculino;"1 ";"0    ";"0    ";"0    ";-15.6169010;-47.7089270;SPRF-DF;DEL02-DF;UOP01-DEL02-DF 
644774;"1448155   ";2024-11-28;quinta-feira;11:34:00;DF;"20   ";"18   ";BRASILIA;Sim;Problema com o freio;2;Colisão lateral mesmo sentido;Com Vítimas Feridas;Pleno dia;Crescente;Céu Claro;Dupla;Declive;Não  ;"1158788   ";Automóvel;FIAT/PALIO WK TREKK 1.6;"2013      ";Condutor;Lesões Leves;"60   ";Masculino;"0 ";"1    ";"0    ";"0    ";-15.6169010;-47.7089270;SPRF-DF;DEL02-DF;UOP01-DEL02-DF 
644774;"1448154   ";2024-11-28;quinta-feira;11:34:00;DF;"20   ";"18   ";BRASILIA;Sim;Problema com o freio;2;Colisão lateral mesmo sentido;Com Vítimas Feridas;Pleno dia;Crescente;Céu Claro;Dupla;Declive;Não  ;"1158787   ";Caminhão;VW/17.330 CRC 4X2;"2015      ";Passageiro;Ileso;"29   ";Masculino;"1 ";"0    ";"0    ";"0    ";-15.6169010;-47.7089270;SPRF-DF;DEL02-DF;UOP01-DEL02-DF 
644774;"1448153   ";2024-11-28;quinta-feira;11:34:00;DF;"20   ";"18   ";BRASILIA;Sim;Problema com o freio;2;Colisão lateral mesmo sentido;Com Vítimas Feridas;Pleno dia;Crescente;Céu Claro;Dupla;Declive;Não  ;"1158787   ";Caminhão;VW/17.330 CRC 4X2;"2015      ";Passageiro;Ileso;"27   ";Masculino;"1 ";"0    ";"0    ";"0    ";-15.6169010;-47.7089270;SPRF-DF;DEL02-DF;UOP01-DEL02-DF 
644774;"1448152   ";2024-11-28;quinta-feira;11:34:00;DF;"20   ";"18   ";BRASILIA;Sim;Problema com o freio;2;Colisão lateral mesmo sentido;Com Vítimas Feridas;Pleno dia;Crescente;Céu Claro;Dupla;Declive;Não  ;"1158787   ";Caminhão;VW/17.330 CRC 4X2;"2015      ";Condutor;Ileso;"41   ";Masculino;"1 ";"0    ";"0    ";"0    ";-15.6169010;-47.7089270;SPRF-DF;DEL02-DF;UOP01-DEL02-DF 
644774;"1448158   ";2024-11-28;quinta-feira;11:34:00;DF;"20   ";"18   ";BRASILIA;Sim;Problema com o freio;1;Colisão traseira;Com Vítimas Feridas;Pleno dia;Crescente;Céu Claro;Dupla;Declive;Não  ;"1158788   ";Automóvel;FIAT/PALIO WK TREKK 1.6;"2013      ";Passageiro;Ileso;"63   ";Masculino;"1 ";"0    ";"0    ";"0    ";-15.6169010;-47.7089270;SPRF-DF;DEL02-DF;UOP01-DEL02-DF 
644774;"1448156   ";2024-11-28;quinta-feira;11:34:00;DF;"20   ";"18   ";BRASILIA;Sim;Problema com o freio;1;Colisão traseira;Com Vítimas Feridas;Pleno dia;Crescente;Céu Claro;Dupla;Declive;Não  ;"1158788   ";Automóvel;FIAT/PALIO WK TREKK 1.6;"2013      ";Passageiro;Ileso;"25   ";Masculino;"1 ";"0    ";"0    ";"0    ";-15.6169010;-47.7089270;SPRF-DF;DEL02-DF;UOP01-DEL02-DF 
644774;"1448155   ";2024-11-28;quinta-feira;11:34:00;DF;"20   ";"18   ";BRASILIA;Sim;Problema com o freio;1;Colisão traseira;Com Vítimas Feridas;Pleno dia;Crescente;Céu Claro;Dupla;Declive;Não  ;"1158788   ";Automóvel;FIAT/PALIO WK TREKK 1.6;"2013      ";Condutor;Lesões Leves;"60   ";Masculino;"0 ";"1    ";"0    ";"0    ";-15.6169010;-47.7089270;SPRF-DF;DEL02-DF;UOP01-DEL02-DF 
644774;"1448154   ";2024-11-28;quinta-feira;11:34:00;DF;"20   ";"18   ";BRASILIA;Sim;Problema com o freio;1;Colisão traseira;Com Vítimas Feridas;Pleno dia;Crescente;Céu Claro;Dupla;Declive;Não  ;"1158787   ";Caminhão;VW/17.330 CRC 4X2;"2015      ";Passageiro;Ileso;"29   ";Masculino;"1 ";"0    ";"0    ";"0    ";-15.6169010;-47.7089270;SPRF-DF;DEL02-DF;UOP01-DEL02-DF 
644774;"1448153   ";2024-11-28;quinta-feira;11:34:00;DF;"20   ";"18   ";BRASILIA;Sim;Problema com o freio;1;Colisão traseira;Com Vítimas Feridas;Pleno dia;Crescente;Céu Claro;Dupla;Declive;Não  ;"1158787   ";Caminhão;VW/17.330 CRC 4X2;"2015      ";Passageiro;Ileso;"27   ";Masculino;"1 ";"0    ";"0    ";"0    ";-15.6169010;-47.7089270;SPRF-DF;DEL02-DF;UOP01-DEL02-DF 
644774;"1448152   ";2024-11-28;quinta-feira;11:34:00;DF;"20   ";"18   ";BRASILIA;Sim;Problema com o freio;1;Colisão traseira;Com Vítimas Feridas;Pleno dia;Crescente;Céu Claro;Dupla;Declive;Não  ;"1158787   ";Caminhão;VW/17.330 CRC 4X2;"2015      ";Condutor;Ileso;"41   ";Masculino;"1 ";"0    ";"0    ";"0    ";-15.6169010;-47.7089270;SPRF-DF;DEL02-DF;UOP01-DEL02-DF 
644794;"1448097   ";2024-11-28;quinta-feira;13:35:00;DF;"20   ";"0    ";BRASILIA;Não;Condutor deixou de manter distância do veículo da frente;1;Colisão lateral mesmo sentido;Com Vítimas Feridas;Pleno dia;Crescente;Céu Claro;Múltipla;Reta;Sim  ;"1158741   ";Automóvel;TOYOTA/ETIOS SD XLS;"2012      ";Condutor;Ileso;"72   ";Masculino;"1 ";"0    ";"0    ";"0    ";-15.6881450;-47.8587970;SPRF-DF;DEL02-DF;UOP01-DEL02-DF 
644794;"1448095   ";2024-11-28;quinta-feira;13:35:00;DF;"20   ";"0    ";BRASILIA;Não;Condutor deixou de manter distância do veículo da frente;1;Colisão lateral mesmo sentido;Com Vítimas Feridas;Pleno dia;Crescente;Céu Claro;Múltipla;Reta;Sim  ;"1158736   ";Automóvel;HONDA/FIT EX FLEX;"2012      ";Condutor;Lesões Leves;"23   ";Feminino;"0 ";"1    ";"0    ";"0    ";-15.6881450;-47.8587970;SPRF-DF;DEL02-DF;UOP01-DEL02-DF 
644794;"1448097   ";2024-11-28;quinta-feira;13:35:00;DF;"20   ";"0    ";BRASILIA;Sim;Reação tardia ou ineficiente do condutor;1;Colisão lateral mesmo sentido;Com Vítimas Feridas;Pleno dia;Crescente;Céu Claro;Múltipla;Reta;Sim  ;"1158741   ";Automóvel;TOYOTA/ETIOS SD XLS;"2012      ";Condutor;Ileso;"72   ";Masculino;"1 ";"0    ";"0    ";"0    ";-15.6881450;-47.8587970;SPRF-DF;DEL02-DF;UOP01-DEL02-DF 
644794;"1448095   ";2024-11-28;quinta-feira;13:35:00;DF;"20   ";"0    ";BRASILIA;Sim;Reação tardia ou ineficiente do condutor;1;Colisão lateral mesmo sentido;Com Vítimas Feridas;Pleno dia;Crescente;Céu Claro;Múltipla;Reta;Sim  ;"1158736   ";Automóvel;HONDA/FIT EX FLEX;"2012      ";Condutor;Lesões Leves;"23   ";Feminino;"0 ";"1    ";"0    ";"0    ";-15.6881450;-47.8587970;SPRF-DF;DEL02-DF;UOP01-DEL02-DF 
644834;"1448087   ";2024-11-28;quinta-feira;17:40:00;DF;"20   ";"5    ";BRASILIA;Sim;Manobra de mudança de faixa;1;Colisão traseira;Com Vítimas Feridas;Anoitecer;Crescente;Nublado;Dupla;"Viaduto;Declive;Reta";Sim  ;"1158729   ";Motocicleta;HONDA/CBX 250 TWISTER;"2002      ";Condutor;Lesões Leves;"41   ";Masculino;"0 ";"1    ";"0    ";"0    ";-15.6705460;-47.8160440;SPRF-DF;DEL02-DF;UOP01-DEL02-DF 
644834;"1448086   ";2024-11-28;quinta-feira;17:40:00;DF;"20   ";"5    ";BRASILIA;Sim;Manobra de mudança de faixa;1;Colisão traseira;Com Vítimas Feridas;Anoitecer;Crescente;Nublado;Dupla;"Viaduto;Declive;Reta";Sim  ;"1158726   ";Automóvel;I/HYUNDAI I30 1.8;"2013      ";Condutor;Ileso;"20   ";Masculino;"1 ";"0    ";"0    ";"0    ";-15.6705460;-47.8160440;SPRF-DF;DEL02-DF;UOP01-DEL02-DF 
644834;"1448094   ";2024-11-28;quinta-feira;17:40:00;DF;"20   ";"5    ";BRASILIA;Sim;Manobra de mudança de faixa;1;Colisão traseira;Com Vítimas Feridas;Anoitecer;Crescente;Nublado;Dupla;"Viaduto;Declive;Reta";Sim  ;"0         ";"0";NA/NA;"0         ";Testemunha;Não Informado;"0    ";Não Informado;"0 ";"0    ";"0    ";"0    ";-15.6705460;-47.8160440;SPRF-DF;DEL02-DF;UOP01-DEL02-DF 
644834;"1448089   ";2024-11-28;quinta-feira;17:40:00;DF;"20   ";"5    ";BRASILIA;Sim;Manobra de mudança de faixa;1;Colisão traseira;Com Vítimas Feridas;Anoitecer;Crescente;Nublado;Dupla;"Viaduto;Declive;Reta";Sim  ;"0         ";"0";NA/NA;"0         ";Testemunha;Não Informado;"0    ";Não Informado;"0 ";"0    ";"0    ";"0    ";-15.6705460;-47.8160440;SPRF-DF;DEL02-DF;UOP01-DEL02-DF 
644853;"1486452   ";2024-11-28;quinta-feira;19:43:00;DF;"20   ";"40   ";BRASILIA;Não;Iluminação deficiente;1;Colisão frontal;Com Vítimas Fatais;Plena Noite;Decrescente;Nublado;Dupla;"Reta;Aclive";Não  ;"1158761   ";Automóvel;FIAT/ARGO 1.0;"2024      ";Passageiro;Ileso;"28   ";Feminino;"1 ";"0    ";"0    ";"0    ";-15.5818530;-47.5127110;SPRF-DF;DEL02-DF;UOP01-DEL02-DF 
644853;"1448117   ";2024-11-28;quinta-feira;19:43:00;DF;"20   ";"40   ";BRASILIA;Não;Iluminação deficiente;1;Colisão frontal;Com Vítimas Fatais;Plena Noite;Decrescente;Nublado;Dupla;"Reta;Aclive";Não  ;"1158761   ";Automóvel;FIAT/ARGO 1.0;"2024      ";Condutor;Ileso;"42   ";Masculino;"1 ";"0    ";"0    ";"0    ";-15.5818530;-47.5127110;SPRF-DF;DEL02-DF;UOP01-DEL02-DF 
644853;"1448120   ";2024-11-28;quinta-feira;19:43:00;DF;"20   ";"40   ";BRASILIA;Não;Iluminação deficiente;1;Colisão frontal;Com Vítimas Fatais;Plena Noite;Decrescente;Nublado;Dupla;"Reta;Aclive";Não  ;"0         ";"0";NA/NA;"0         ";Pedestre;Óbito;"0    ";Feminino;"0 ";"0    ";"0    ";"1    ";-15.5818530;-47.5127110;SPRF-DF;DEL02-DF;UOP01-DEL02-DF 
644853;"1486452   ";2024-11-28;quinta-feira;19:43:00;DF;"20   ";"40   ";BRASILIA;Não;Iluminação deficiente;2;Atropelamento de Pedestre;Com Vítimas Fatais;Plena Noite;Decrescente;Nublado;Dupla;"Reta;Aclive";Não  ;"1158761   ";Automóvel;FIAT/ARGO 1.0;"2024      ";Passageiro;Ileso;"28   ";Feminino;"1 ";"0    ";"0    ";"0    ";-15.5818530;-47.5127110;SPRF-DF;DEL02-DF;UOP01-DEL02-DF 
644853;"1448117   ";2024-11-28;quinta-feira;19:43:00;DF;"20   ";"40   ";BRASILIA;Não;Iluminação deficiente;2;Atropelamento de Pedestre;Com Vítimas Fatais;Plena Noite;Decrescente;Nublado;Dupla;"Reta;Aclive";Não  ;"1158761   ";Automóvel;FIAT/ARGO 1.0;"2024      ";Condutor;Ileso;"42   ";Masculino;"1 ";"0    ";"0    ";"0    ";-15.5818530;-47.5127110;SPRF-DF;DEL02-DF;UOP01-DEL02-DF 
644853;"1448120   ";2024-11-28;quinta-feira;19:43:00;DF;"20   ";"40   ";BRASILIA;Não;Iluminação deficiente;2;Atropelamento de Pedestre;Com Vítimas Fatais;Plena Noite;Decrescente;Nublado;Dupla;"Reta;Aclive";Não  ;"0         ";"0";NA/NA;"0         ";Pedestre;Óbito;"0    ";Feminino;"0 ";"0    ";"0    ";"1    ";-15.5818530;-47.5127110;SPRF-DF;DEL02-DF;UOP01-DEL02-DF 
644853;"1486452   ";2024-11-28;quinta-feira;19:43:00;DF;"20   ";"40   ";BRASILIA;Não;Entrada inopinada do pedestre;1;Colisão frontal;Com Vítimas Fatais;Plena Noite;Decrescente;Nublado;Dupla;"Reta;Aclive";Não  ;"1158761   ";Automóvel;FIAT/ARGO 1.0;"2024      ";Passageiro;Ileso;"28   ";Feminino;"1 ";"0    ";"0    ";"0    ";-15.5818530;-47.5127110;SPRF-DF;DEL02-DF;UOP01-DEL02-DF 
644853;"1448117   ";2024-11-28;quinta-feira;19:43:00;DF;"20   ";"40   ";BRASILIA;Não;Entrada inopinada do pedestre;1;Colisão frontal;Com Vítimas Fatais;Plena Noite;Decrescente;Nublado;Dupla;"Reta;Aclive";Não  ;"1158761   ";Automóvel;FIAT/ARGO 1.0;"2024      ";Condutor;Ileso;"42   ";Masculino;"1 ";"0    ";"0    ";"0    ";-15.5818530;-47.5127110;SPRF-DF;DEL02-DF;UOP01-DEL02-DF 
644853;"1448120   ";2024-11-28;quinta-feira;19:43:00;DF;"20   ";"40   ";BRASILIA;Não;Entrada inopinada do pedestre;1;Colisão frontal;Com Vítimas Fatais;Plena Noite;Decrescente;Nublado;Dupla;"Reta;Aclive";Não  ;"0         ";"0";NA/NA;"0         ";Pedestre;Óbito;"0    ";Feminino;"0 ";"0    ";"0    ";"1    ";-15.5818530;-47.5127110;SPRF-DF;DEL02-DF;UOP01-DEL02-DF 
644853;"1486452   ";2024-11-28;quinta-feira;19:43:00;DF;"20   ";"40   ";BRASILIA;Não;Entrada inopinada do pedestre;2;Atropelamento de Pedestre;Com Vítimas Fatais;Plena Noite;Decrescente;Nublado;Dupla;"Reta;Aclive";Não  ;"1158761   ";Automóvel;FIAT/ARGO 1.0;"2024      ";Passageiro;Ileso;"28   ";Feminino;"1 ";"0    ";"0    ";"0    ";-15.5818530;-47.5127110;SPRF-DF;DEL02-DF;UOP01-DEL02-DF 
644853;"1448117   ";2024-11-28;quinta-feira;19:43:00;DF;"20   ";"40   ";BRASILIA;Não;Entrada inopinada do pedestre;2;Atropelamento de Pedestre;Com Vítimas Fatais;Plena Noite;Decrescente;Nublado;Dupla;"Reta;Aclive";Não  ;"1158761   ";Automóvel;FIAT/ARGO 1.0;"2024      ";Condutor;Ileso;"42   ";Masculino;"1 ";"0    ";"0    ";"0    ";-15.5818530;-47.5127110;SPRF-DF;DEL02-DF;UOP01-DEL02-DF 
644853;"1448120   ";2024-11-28;quinta-feira;19:43:00;DF;"20   ";"40   ";BRASILIA;Não;Entrada inopinada do pedestre;2;Atropelamento de Pedestre;Com Vítimas Fatais;Plena Noite;Decrescente;Nublado;Dupla;"Reta;Aclive";Não  ;"0         ";"0";NA/NA;"0         ";Pedestre;Óbito;"0    ";Feminino;"0 ";"0    ";"0    ";"1    ";-15.5818530;-47.5127110;SPRF-DF;DEL02-DF;UOP01-DEL02-DF 
644853;"1486452   ";2024-11-28;quinta-feira;19:43:00;DF;"20   ";"40   ";BRASILIA;Não;Deficiência do Sistema de Iluminação/Sinalização;1;Colisão frontal;Com Vítimas Fatais;Plena Noite;Decrescente;Nublado;Dupla;"Reta;Aclive";Não  ;"1158761   ";Automóvel;FIAT/ARGO 1.0;"2024      ";Passageiro;Ileso;"28   ";Feminino;"1 ";"0    ";"0    ";"0    ";-15.5818530;-47.5127110;SPRF-DF;DEL02-DF;UOP01-DEL02-DF 
644853;"1448117   ";2024-11-28;quinta-feira;19:43:00;DF;"20   ";"40   ";BRASILIA;Não;Deficiência do Sistema de Iluminação/Sinalização;1;Colisão frontal;Com Vítimas Fatais;Plena Noite;Decrescente;Nublado;Dupla;"Reta;Aclive";Não  ;"1158761   ";Automóvel;FIAT/ARGO 1.0;"2024      ";Condutor;Ileso;"42   ";Masculino;"1 ";"0    ";"0    ";"0    ";-15.5818530;-47.5127110;SPRF-DF;DEL02-DF;UOP01-DEL02-DF 
644853;"1448120   ";2024-11-28;quinta-feira;19:43:00;DF;"20   ";"40   ";BRASILIA;Não;Deficiência do Sistema de Iluminação/Sinalização;1;Colisão frontal;Com Vítimas Fatais;Plena Noite;Decrescente;Nublado;Dupla;"Reta;Aclive";Não  ;"0         ";"0";NA/NA;"0         ";Pedestre;Óbito;"0    ";Feminino;"0 ";"0    ";"0    ";"1    ";-15.5818530;-47.5127110;SPRF-DF;DEL02-DF;UOP01-DEL02-DF 
644853;"1486452   ";2024-11-28;quinta-feira;19:43:00;DF;"20   ";"40   ";BRASILIA;Não;Deficiência do Sistema de Iluminação/Sinalização;2;Atropelamento de Pedestre;Com Vítimas Fatais;Plena Noite;Decrescente;Nublado;Dupla;"Reta;Aclive";Não  ;"1158761   ";Automóvel;FIAT/ARGO 1.0;"2024      ";Passageiro;Ileso;"28   ";Feminino;"1 ";"0    ";"0    ";"0    ";-15.5818530;-47.5127110;SPRF-DF;DEL02-DF;UOP01-DEL02-DF 
644853;"1448117   ";2024-11-28;quinta-feira;19:43:00;DF;"20   ";"40   ";BRASILIA;Não;Deficiência do Sistema de Iluminação/Sinalização;2;Atropelamento de Pedestre;Com Vítimas Fatais;Plena Noite;Decrescente;Nublado;Dupla;"Reta;Aclive";Não  ;"1158761   ";Automóvel;FIAT/ARGO 1.0;"2024      ";Condutor;Ileso;"42   ";Masculino;"1 ";"0    ";"0    ";"0    ";-15.5818530;-47.5127110;SPRF-DF;DEL02-DF;UOP01-DEL02-DF 
644853;"1448120   ";2024-11-28;quinta-feira;19:43:00;DF;"20   ";"40   ";BRASILIA;Não;Deficiência do Sistema de Iluminação/Sinalização;2;Atropelamento de Pedestre;Com Vítimas Fatais;Plena Noite;Decrescente;Nublado;Dupla;"Reta;Aclive";Não  ;"0         ";"0";NA/NA;"0         ";Pedestre;Óbito;"0    ";Feminino;"0 ";"0    ";"0    ";"1    ";-15.5818530;-47.5127110;SPRF-DF;DEL02-DF;UOP01-DEL02-DF 
644853;"1486452   ";2024-11-28;quinta-feira;19:43:00;DF;"20   ";"40   ";BRASILIA;Não;Acessar a via sem observar a presença dos outros veículos;1;Colisão frontal;Com Vítimas Fatais;Plena Noite;Decrescente;Nublado;Dupla;"Reta;Aclive";Não  ;"1158761   ";Automóvel;FIAT/ARGO 1.0;"2024      ";Passageiro;Ileso;"28   ";Feminino;"1 ";"0    ";"0    ";"0    ";-15.5818530;-47.5127110;SPRF-DF;DEL02-DF;UOP01-DEL02-DF 