id;pesid;data_inversa;dia_semana;horario;uf;br;km;municipio;causa_principal;causa_acidente;ordem_tipo_acidente;tipo_acidente;classificacao_acidente;fase_dia;sentido_via;condicao_metereologica;tipo_pista;tracado_via;uso_solo;id_veiculo;tipo_veiculo;marca;ano_fabricacao_veiculo;tipo_envolvido;estado_fisico;idade;sexo;ilesos;feridos_leves;feridos_graves;mortos;latitude;longitude;regional;delegacia;uop
644853;"1448117   ";2024-11-28;quinta-feira;19:43:00;DF;"20   ";"40   ";BRASILIA;Não;Acessar a via sem observar a presença dos outros veículos;1;Colisão frontal;Com Vítimas Fatais;Plena Noite;Decrescente;Nublado;Dupla;"Reta;Aclive";Não  ;"1158761   ";Automóvel;FIAT/ARGO 1.0;"2024      ";Condutor;Ileso;"42   ";Masculino;"1 ";"0    ";"0    ";"0    ";-15.5818530;-47.5127110;SPRF-DF;DEL02-DF;UOP01-DEL02-DF 
644853;"1448120   ";2024-11-28;quinta-feira;19:43:00;DF;"20   ";"40   ";BRASILIA;Não;Acessar a via sem observar a presença dos outros veículos;1;Colisão frontal;Com Vítimas Fatais;Plena Noite;Decrescente;Nublado;Dupla;"Reta;Aclive";Não  ;"0         ";"0";NA/NA;"0         ";Pedestre;Óbito;"0    ";Feminino;"0 ";"0    ";"0    ";"1    ";-15.5818530;-47.5127110;SPRF-DF;DEL02-DF;UOP01-DEL02-DF 
644853;"1486452   ";2024-11-28;quinta-feira;19:43:00;DF;"20   ";"40   ";BRASILIA;Não;Acessar a via sem observar a presença dos outros veículos;2;Atropelamento de Pedestre;Com Vítimas Fatais;Plena Noite;Decrescente;Nublado;Dupla;"Reta;Aclive";Não  ;"1158761   ";Automóvel;FIAT/ARGO 1.0;"2024      ";Passageiro;Ileso;"28   ";Feminino;"1 ";"0    ";"0    ";"0    ";-15.5818530;-47.5127110;SPRF-DF;DEL02-DF;UOP01-DEL02-DF 
644853;"1448117   ";2024-11-28;quinta-feira;19:43:00;DF;"20   ";"40   ";BRASILIA;Não;Acessar a via sem observar a presença dos outros veículos;2;Atropelamento de Pedestre;Com Vítimas Fatais;Plena Noite;Decrescente;Nublado;Dupla;"Reta;Aclive";Não  ;"1158761   ";Automóvel;FIAT/ARGO 1.0;"2024      ";Condutor;Ileso;"42   ";Masculino;"1 ";"0    ";"0    ";"0    ";-15.5818530;-47.5127110;SPRF-DF;DEL02-DF;UOP01-DEL02-DF 
644853;"1448120   ";2024-11-28;quinta-feira;19:43:00;DF;"20   ";"40   ";BRASILIA;Não;Acessar a via sem observar a presença dos outros veículos;2;Atropelamento de Pedestre;Com Vítimas Fatais;Plena Noite;Decrescente;Nublado;Dupla;"Reta;Aclive";Não  ;"0         ";"0";NA/NA;"0         ";Pedestre;Óbito;"0    ";Feminino;"0 ";"0    ";"0    ";"1    ";-15.5818530;-47.5127110;SPRF-DF;DEL02-DF;UOP01-DEL02-DF 
644853;"1486452   ";2024-11-28;quinta-feira;19:43:00;DF;"20   ";"40   ";BRASILIA;Sim;Pedestre andava na pista;1;Colisão frontal;Com Vítimas Fatais;Plena Noite;Decrescente;Nublado;Dupla;"Reta;Aclive";Não  ;"1158761   ";Automóvel;FIAT/ARGO 1.0;"2024      ";Passageiro;Ileso;"28   ";Feminino;"1 ";"0    ";"0    ";"0    ";-15.5818530;-47.5127110;SPRF-DF;DEL02-DF;UOP01-DEL02-DF 
644853;"1448117   ";2024-11-28;quinta-feira;19:43:00;DF;"20   ";"40   ";BRASILIA;Sim;Pedestre andava na pista;1;Colisão frontal;Com Vítimas Fatais;Plena Noite;Decrescente;Nublado;Dupla;"Reta;Aclive";Não  ;"1158761   ";Automóvel;FIAT/ARGO 1.0;"2024      ";Condutor;Ileso;"42   ";Masculino;"1 ";"0    ";"0    ";"0    ";-15.5818530;-47.5127110;SPRF-DF;DEL02-DF;UOP01-DEL02-DF 
644853;"1448120   ";2024-11-28;quinta-feira;19:43:00;DF;"20   ";"40   ";BRASILIA;Sim;Pedestre andava na pista;1;Colisão frontal;Com Vítimas Fatais;Plena Noite;Decrescente;Nublado;Dupla;"Reta;Aclive";Não  ;"0         ";"0";NA/NA;"0         ";Pedestre;Óbito;"0    ";Feminino;"0 ";"0    ";"0    ";"1    ";-15.5818530;-47.5127110;SPRF-DF;DEL02-DF;UOP01-DEL02-DF 
644853;"1486452   ";2024-11-28;quinta-feira;19:43:00;DF;"20   ";"40   ";BRASILIA;Sim;Pedestre andava na pista;2;Atropelamento de Pedestre;Com Vítimas Fatais;Plena Noite;Decrescente;Nublado;Dupla;"Reta;Aclive";Não  ;"1158761   ";Automóvel;FIAT/ARGO 1.0;"2024      ";Passageiro;Ileso;"28   ";Feminino;"1 ";"0    ";"0    ";"0    ";-15.5818530;-47.5127110;SPRF-DF;DEL02-DF;UOP01-DEL02-DF 
644853;"1448117   ";2024-11-28;quinta-feira;19:43:00;DF;"20   ";"40   ";BRASILIA;Sim;Pedestre andava na pista;2;Atropelamento de Pedestre;Com Vítimas Fatais;Plena Noite;Decrescente;Nublado;Dupla;"Reta;Aclive";Não  ;"1158761   ";Automóvel;FIAT/ARGO 1.0;"2024      ";Condutor;Ileso;"42   ";Masculino;"1 ";"0    ";"0    ";"0    ";-15.5818530;-47.5127110;SPRF-DF;DEL02-DF;UOP01-DEL02-DF 
644853;"1448120   ";2024-11-28;quinta-feira;19:43:00;DF;"20   ";"40   ";BRASILIA;Sim;Pedestre andava na pista;2;Atropelamento de Pedestre;Com Vítimas Fatais;Plena Noite;Decrescente;Nublado;Dupla;"Reta;Aclive";Não  ;"0         ";"0";NA/NA;"0         ";Pedestre;Óbito;"0    ";Feminino;"0 ";"0    ";"0    ";"1    ";-15.5818530;-47.5127110;SPRF-DF;DEL02-DF;UOP01-DEL02-DF 
644854;"1450015   ";2024-11-28;quinta-feira;19:30:00;DF;"80   ";"7    ";BRASILIA;Não;Manobra de mudança de faixa;2;Colisão frontal;Com Vítimas Feridas;Plena Noite;Crescente;Nublado;Simples;Reta;Não  ;"1160248   ";Automóvel;I/KIA CERATO EX2 1.6L;"2010      ";Condutor;Ileso;"29   ";Masculino;"1 ";"0    ";"0    ";"0    ";-15.7313150;-48.1392670;SPRF-DF;DEL03-DF;UOP02-DEL03-DF 
644854;"1450014   ";2024-11-28;quinta-feira;19:30:00;DF;"80   ";"7    ";BRASILIA;Não;Manobra de mudança de faixa;2;Colisão frontal;Com Vítimas Feridas;Plena Noite;Crescente;Nublado;Simples;Reta;Não  ;"1160247   ";Ônibus;VW/MPOLO IDEALE R;"2023      ";Condutor;Ileso;"47   ";Feminino;"1 ";"0    ";"0    ";"0    ";-15.7313150;-48.1392670;SPRF-DF;DEL03-DF;UOP02-DEL03-DF 
644854;"1450016   ";2024-11-28;quinta-feira;19:30:00;DF;"80   ";"7    ";BRASILIA;Não;Manobra de mudança de faixa;2;Colisão frontal;Com Vítimas Feridas;Plena Noite;Crescente;Nublado;Simples;Reta;Não  ;"1158873   ";Automóvel;RENAULT/SANDERO EXP1016V;"2011      ";Passageiro;Lesões Leves;"36   ";Masculino;"0 ";"1    ";"0    ";"0    ";-15.7313150;-48.1392670;SPRF-DF;DEL03-DF;UOP02-DEL03-DF 
644854;"1448260   ";2024-11-28;quinta-feira;19:30:00;DF;"80   ";"7    ";BRASILIA;Não;Manobra de mudança de faixa;2;Colisão frontal;Com Vítimas Feridas;Plena Noite;Crescente;Nublado;Simples;Reta;Não  ;"1158873   ";Automóvel;RENAULT/SANDERO EXP1016V;"2011      ";Condutor;Lesões Leves;"35   ";Masculino;"0 ";"1    ";"0    ";"0    ";-15.7313150;-48.1392670;SPRF-DF;DEL03-DF;UOP02-DEL03-DF 
644854;"1450015   ";2024-11-28;quinta-feira;19:30:00;DF;"80   ";"7    ";BRASILIA;Não;Manobra de mudança de faixa;1;Colisão lateral sentido oposto;Com Vítimas Feridas;Plena Noite;Crescente;Nublado;Simples;Reta;Não  ;"1160248   ";Automóvel;I/KIA CERATO EX2 1.6L;"2010      ";Condutor;Ileso;"29   ";Masculino;"1 ";"0    ";"0    ";"0    ";-15.7313150;-48.1392670;SPRF-DF;DEL03-DF;UOP02-DEL03-DF 
644854;"1450014   ";2024-11-28;quinta-feira;19:30:00;DF;"80   ";"7    ";BRASILIA;Não;Manobra de mudança de faixa;1;Colisão lateral sentido oposto;Com Vítimas Feridas;Plena Noite;Crescente;Nublado;Simples;Reta;Não  ;"1160247   ";Ônibus;VW/MPOLO IDEALE R;"2023      ";Condutor;Ileso;"47   ";Feminino;"1 ";"0    ";"0    ";"0    ";-15.7313150;-48.1392670;SPRF-DF;DEL03-DF;UOP02-DEL03-DF 
644854;"1450016   ";2024-11-28;quinta-feira;19:30:00;DF;"80   ";"7    ";BRASILIA;Não;Manobra de mudança de faixa;1;Colisão lateral sentido oposto;Com Vítimas Feridas;Plena Noite;Crescente;Nublado;Simples;Reta;Não  ;"1158873   ";Automóvel;RENAULT/SANDERO EXP1016V;"2011      ";Passageiro;Lesões Leves;"36   ";Masculino;"0 ";"1    ";"0    ";"0    ";-15.7313150;-48.1392670;SPRF-DF;DEL03-DF;UOP02-DEL03-DF 
644854;"1448260   ";2024-11-28;quinta-feira;19:30:00;DF;"80   ";"7    ";BRASILIA;Não;Manobra de mudança de faixa;1;Colisão lateral sentido oposto;Com Vítimas Feridas;Plena Noite;Crescente;Nublado;Simples;Reta;Não  ;"1158873   ";Automóvel;RENAULT/SANDERO EXP1016V;"2011      ";Condutor;Lesões Leves;"35   ";Masculino;"0 ";"1    ";"0    ";"0    ";-15.7313150;-48.1392670;SPRF-DF;DEL03-DF;UOP02-DEL03-DF 
644854;"1450015   ";2024-11-28;quinta-feira;19:30:00;DF;"80   ";"7    ";BRASILIA;Sim;Ultrapassagem Indevida;2;Colisão frontal;Com Vítimas Feridas;Plena Noite;Crescente;Nublado;Simples;Reta;Não  ;"1160248   ";Automóvel;I/KIA CERATO EX2 1.6L;"2010      ";Condutor;Ileso;"29   ";Masculino;"1 ";"0    ";"0    ";"0    ";-15.7313150;-48.1392670;SPRF-DF;DEL03-DF;UOP02-DEL03-DF 
644854;"1450014   ";2024-11-28;quinta-feira;19:30:00;DF;"80   ";"7    ";BRASILIA;Sim;Ultrapassagem Indevida;2;Colisão frontal;Com Vítimas Feridas;Plena Noite;Crescente;Nublado;Simples;Reta;Não  ;"1160247   ";Ônibus;VW/MPOLO IDEALE R;"2023      ";Condutor;Ileso;"47   ";Feminino;"1 ";"0    ";"0    ";"0    ";-15.7313150;-48.1392670;SPRF-DF;DEL03-DF;UOP02-DEL03-DF 
644854;"1450016   ";2024-11-28;quinta-feira;19:30:00;DF;"80   ";"7    ";BRASILIA;Sim;Ultrapassagem Indevida;2;Colisão frontal;Com Vítimas Feridas;Plena Noite;Crescente;Nublado;Simples;Reta;Não  ;"1158873   ";Automóvel;RENAULT/SANDERO EXP1016V;"2011      ";Passageiro;Lesões Leves;"36   ";Masculino;"0 ";"1    ";"0    ";"0    ";-15.7313150;-48.1392670;SPRF-DF;DEL03-DF;UOP02-DEL03-DF 
644854;"1448260   ";2024-11-28;quinta-feira;19:30:00;DF;"80   ";"7    ";BRASILIA;Sim;Ultrapassagem Indevida;2;Colisão frontal;Com Vítimas Feridas;Plena Noite;Crescente;Nublado;Simples;Reta;Não  ;"1158873   ";Automóvel;RENAULT/SANDERO EXP1016V;"2011      ";Condutor;Lesões Leves;"35   ";Masculino;"0 ";"1    ";"0    ";"0    ";-15.7313150;-48.1392670;SPRF-DF;DEL03-DF;UOP02-DEL03-DF 
644854;"1450015   ";2024-11-28;quinta-feira;19:30:00;DF;"80   ";"7    ";BRASILIA;Sim;Ultrapassagem Indevida;1;Colisão lateral sentido oposto;Com Vítimas Feridas;Plena Noite;Crescente;Nublado;Simples;Reta;Não  ;"1160248   ";Automóvel;I/KIA CERATO EX2 1.6L;"2010      ";Condutor;Ileso;"29   ";Masculino;"1 ";"0    ";"0    ";"0    ";-15.7313150;-48.1392670;SPRF-DF;DEL03-DF;UOP02-DEL03-DF 
644854;"1450014   ";2024-11-28;quinta-feira;19:30:00;DF;"80   ";"7    ";BRASILIA;Sim;Ultrapassagem Indevida;1;Colisão lateral sentido oposto;Com Vítimas Feridas;Plena Noite;Crescente;Nublado;Simples;Reta;Não  ;"1160247   ";Ônibus;VW/MPOLO IDEALE R;"2023      ";Condutor;Ileso;"47   ";Feminino;"1 ";"0    ";"0    ";"0    ";-15.7313150;-48.1392670;SPRF-DF;DEL03-DF;UOP02-DEL03-DF 
644854;"1450016   ";2024-11-28;quinta-feira;19:30:00;DF;"80   ";"7    ";BRASILIA;Sim;Ultrapassagem Indevida;1;Colisão lateral sentido oposto;Com Vítimas Feridas;Plena Noite;Crescente;Nublado;Simples;Reta;Não  ;"1158873   ";Automóvel;RENAULT/SANDERO EXP1016V;"2011      ";Passageiro;Lesões Leves;"36   ";Masculino;"0 ";"1    ";"0    ";"0    ";-15.7313150;-48.1392670;SPRF-DF;DEL03-DF;UOP02-DEL03-DF 
644854;"1448260   ";2024-11-28;quinta-feira;19:30:00;DF;"80   ";"7    ";BRASILIA;Sim;Ultrapassagem Indevida;1;Colisão lateral sentido oposto;Com Vítimas Feridas;Plena Noite;Crescente;Nublado;Simples;Reta;Não  ;"1158873   ";Automóvel;RENAULT/SANDERO EXP1016V;"2011      ";Condutor;Lesões Leves;"35   ";Masculino;"0 ";"1    ";"0    ";"0    ";-15.7313150;-48.1392670;SPRF-DF;DEL03-DF;UOP02-DEL03-DF 
644881;"1448228   ";2024-11-28;quinta-feira;21:35:00;DF;"70   ";"17   ";BRASILIA;Não;Acessar a via sem observar a presença dos outros veículos;2;Queda de ocupante de veículo;Sem Vítimas;Plena Noite;Crescente;Céu Claro;Dupla;Reta;Sim  ;"1158840   ";Motocicleta;HONDA/CG 160 FAN;"2018      ";Condutor;Ileso;"40   ";Masculino;"1 ";"0    ";"0    ";"0    ";-15.7941330;-48.2020950;SPRF-DF;DEL03-DF;UOP02-DEL03-DF 
644881;"1448227   ";2024-11-28;quinta-feira;21:35:00;DF;"70   ";"17   ";BRASILIA;Não;Acessar a via sem observar a presença dos outros veículos;2;Queda de ocupante de veículo;Sem Vítimas;Plena Noite;Crescente;Céu Claro;Dupla;Reta;Sim  ;"1158839   ";Automóvel;FIAT/PALIO FIRE;"2014      ";Condutor;Ileso;"52   ";Masculino;"1 ";"0    ";"0    ";"0    ";-15.7941330;-48.2020950;SPRF-DF;DEL03-DF;UOP02-DEL03-DF 
644881;"1448228   ";2024-11-28;quinta-feira;21:35:00;DF;"70   ";"17   ";BRASILIA;Não;Acessar a via sem observar a presença dos outros veículos;1;Colisão lateral mesmo sentido;Sem Vítimas;Plena Noite;Crescente;Céu Claro;Dupla;Reta;Sim  ;"1158840   ";Motocicleta;HONDA/CG 160 FAN;"2018      ";Condutor;Ileso;"40   ";Masculino;"1 ";"0    ";"0    ";"0    ";-15.7941330;-48.2020950;SPRF-DF;DEL03-DF;UOP02-DEL03-DF 
644881;"1448227   ";2024-11-28;quinta-feira;21:35:00;DF;"70   ";"17   ";BRASILIA;Não;Acessar a via sem observar a presença dos outros veículos;1;Colisão lateral mesmo sentido;Sem Vítimas;Plena Noite;Crescente;Céu Claro;Dupla;Reta;Sim  ;"1158839   ";Automóvel;FIAT/PALIO FIRE;"2014      ";Condutor;Ileso;"52   ";Masculino;"1 ";"0    ";"0    ";"0    ";-15.7941330;-48.2020950;SPRF-DF;DEL03-DF;UOP02-DEL03-DF 
644881;"1448228   ";2024-11-28;quinta-feira;21:35:00;DF;"70   ";"17   ";BRASILIA;Sim;Ingestão de álcool pelo condutor;2;Queda de ocupante de veículo;Sem Vítimas;Plena Noite;Crescente;Céu Claro;Dupla;Reta;Sim  ;"1158840   ";Motocicleta;HONDA/CG 160 FAN;"2018      ";Condutor;Ileso;"40   ";Masculino;"1 ";"0    ";"0    ";"0    ";-15.7941330;-48.2020950;SPRF-DF;DEL03-DF;UOP02-DEL03-DF 
644881;"1448227   ";2024-11-28;quinta-feira;21:35:00;DF;"70   ";"17   ";BRASILIA;Sim;Ingestão de álcool pelo condutor;2;Queda de ocupante de veículo;Sem Vítimas;Plena Noite;Crescente;Céu Claro;Dupla;Reta;Sim  ;"1158839   ";Automóvel;FIAT/PALIO FIRE;"2014      ";Condutor;Ileso;"52   ";Masculino;"1 ";"0    ";"0    ";"0    ";-15.7941330;-48.2020950;SPRF-DF;DEL03-DF;UOP02-DEL03-DF 
644881;"1448228   ";2024-11-28;quinta-feira;21:35:00;DF;"70   ";"17   ";BRASILIA;Sim;Ingestão de álcool pelo condutor;1;Colisão lateral mesmo sentido;Sem Vítimas;Plena Noite;Crescente;Céu Claro;Dupla;Reta;Sim  ;"1158840   ";Motocicleta;HONDA/CG 160 FAN;"2018      ";Condutor;Ileso;"40   ";Masculino;"1 ";"0    ";"0    ";"0    ";-15.7941330;-48.2020950;SPRF-DF;DEL03-DF;UOP02-DEL03-DF 
644881;"1448227   ";2024-11-28;quinta-feira;21:35:00;DF;"70   ";"17   ";BRASILIA;Sim;Ingestão de álcool pelo condutor;1;Colisão lateral mesmo sentido;Sem Vítimas;Plena Noite;Crescente;Céu Claro;Dupla;Reta;Sim  ;"1158839   ";Automóvel;FIAT/PALIO FIRE;"2014      ";Condutor;Ileso;"52   ";Masculino;"1 ";"0    ";"0    ";"0    ";-15.7941330;-48.2020950;SPRF-DF;DEL03-DF;UOP02-DEL03-DF 
644957;"1448316   ";2024-11-29;sexta-feira;08:55:00;DF;"20   ";"4,3  ";BRASILIA;Não;Condutor deixou de manter distância do veículo da frente;1;Colisão lateral mesmo sentido;Com Vítimas Feridas;Pleno dia;Decrescente;Céu Claro;Dupla;Reta;Sim  ;"1158897   ";Caminhonete;FIAT/TORO FREED T270 AT6;"2024      ";Passageiro;Ileso;"35   ";Masculino;"1 ";"0    ";"0    ";"0    ";-15.6754840;-47.8237610;SPRF-DF;DEL02-DF;UOP01-DEL02-DF 
644957;"1448315   ";2024-11-29;sexta-feira;08:55:00;DF;"20   ";"4,3  ";BRASILIA;Não;Condutor deixou de manter distância do veículo da frente;1;Colisão lateral mesmo sentido;Com Vítimas Feridas;Pleno dia;Decrescente;Céu Claro;Dupla;Reta;Sim  ;"1158897   ";Caminhonete;FIAT/TORO FREED T270 AT6;"2024      ";Passageiro;Ileso;"62   ";Masculino;"1 ";"0    ";"0    ";"0    ";-15.6754840;-47.8237610;SPRF-DF;DEL02-DF;UOP01-DEL02-DF 
644957;"1448313   ";2024-11-29;sexta-feira;08:55:00;DF;"20   ";"4,3  ";BRASILIA;Não;Condutor deixou de manter distância do veículo da frente;1;Colisão lateral mesmo sentido;Com Vítimas Feridas;Pleno dia;Decrescente;Céu Claro;Dupla;Reta;Sim  ;"1158897   ";Caminhonete;FIAT/TORO FREED T270 AT6;"2024      ";Condutor;Ileso;"26   ";Masculino;"1 ";"0    ";"0    ";"0    ";-15.6754840;-47.8237610;SPRF-DF;DEL02-DF;UOP01-DEL02-DF 
644957;"1448287   ";2024-11-29;sexta-feira;08:55:00;DF;"20   ";"4,3  ";BRASILIA;Não;Condutor deixou de manter distância do veículo da frente;1;Colisão lateral mesmo sentido;Com Vítimas Feridas;Pleno dia;Decrescente;Céu Claro;Dupla;Reta;Sim  ;"1158896   ";Motocicleta;HONDA/CB 500X;"2018      ";Condutor;Lesões Graves;"49   ";Masculino;"0 ";"0    ";"1    ";"0    ";-15.6754840;-47.8237610;SPRF-DF;DEL02-DF;UOP01-DEL02-DF 
644957;"1448316   ";2024-11-29;sexta-feira;08:55:00;DF;"20   ";"4,3  ";BRASILIA;Sim;Trafegar com motocicleta (ou similar) entre as faixas;1;Colisão lateral mesmo sentido;Com Vítimas Feridas;Pleno dia;Decrescente;Céu Claro;Dupla;Reta;Sim  ;"1158897   ";Caminhonete;FIAT/TORO FREED T270 AT6;"2024      ";Passageiro;Ileso;"35   ";Masculino;"1 ";"0    ";"0    ";"0    ";-15.6754840;-47.8237610;SPRF-DF;DEL02-DF;UOP01-DEL02-DF 
644957;"1448315   ";2024-11-29;sexta-feira;08:55:00;DF;"20   ";"4,3  ";BRASILIA;Sim;Trafegar com motocicleta (ou similar) entre as faixas;1;Colisão lateral mesmo sentido;Com Vítimas Feridas;Pleno dia;Decrescente;Céu Claro;Dupla;Reta;Sim  ;"1158897   ";Caminhonete;FIAT/TORO FREED T270 AT6;"2024      ";Passageiro;Ileso;"62   ";Masculino;"1 ";"0    ";"0    ";"0    ";-15.6754840;-47.8237610;SPRF-DF;DEL02-DF;UOP01-DEL02-DF 
644957;"1448313   ";2024-11-29;sexta-feira;08:55:00;DF;"20   ";"4,3  ";BRASILIA;Sim;Trafegar com motocicleta (ou similar) entre as faixas;1;Colisão lateral mesmo sentido;Com Vítimas Feridas;Pleno dia;Decrescente;Céu Claro;Dupla;Reta;Sim  ;"1158897   ";Caminhonete;FIAT/TORO FREED T270 AT6;"2024      ";Condutor;Ileso;"26   ";Masculino;"1 ";"0    ";"0    ";"0    ";-15.6754840;-47.8237610;SPRF-DF;DEL02-DF;UOP01-DEL02-DF 
644957;"1448287   ";2024-11-29;sexta-feira;08:55:00;DF;"20   ";"4,3  ";BRASILIA;Sim;Trafegar com motocicleta (ou similar) entre as faixas;1;Colisão lateral mesmo sentido;Com Vítimas Feridas;Pleno dia;Decrescente;Céu Claro;Dupla;Reta;Sim  ;"1158896   ";Motocicleta;HONDA/CB 500X;"2018      ";Condutor;Lesões Graves;"49   ";Masculino;"0 ";"0    ";"1    ";"0    ";-15.6754840;-47.8237610;SPRF-DF;DEL02-DF;UOP01-DEL02-DF 
644980;"1448688   ";2024-11-29;sexta-feira;11:30:00;GO;"50   ";"105  ";CRISTALINA;Sim;Condutor Dormindo;1;Saída de leito carroçável;Com Vítimas Feridas;Pleno dia;Decrescente;Céu Claro;Dupla;Reta;Não  ;"1159275   ";Caminhão;VW/13.180 CNM;"2010      ";Condutor;Lesões Leves;"41   ";Masculino;"0 ";"1    ";"0    ";"0    ";-16.9309000;-47.7117000;SPRF-DF;DEL01-DF;UOP02-DEL01-DF 
645045;"0         ";2024-11-29;sexta-feira;17:22:00;DF;"80   ";"26   ";BRASILIA;Não;Curva acentuada;1;Colisão transversal;Com Vítimas Feridas;Pleno dia;Decrescente;Chuva;Simples;Curva;Não  ;"1159202   ";Semireboque;R/RANDON SR BA;"2019      ";"0";"0";"0    ";"0";"0 ";"0    ";"0    ";"0    ";-15.6122590;-48.1980440;SPRF-DF;DEL03-DF;UOP02-DEL03-DF 
645045;"1448613   ";2024-11-29;sexta-feira;17:22:00;DF;"80   ";"26   ";BRASILIA;Não;Curva acentuada;1;Colisão transversal;Com Vítimas Feridas;Pleno dia;Decrescente;Chuva;Simples;Curva;Não  ;"1159199   ";Caminhão-trator;VOLVO/FH 540 6X4T;"2015      ";Condutor;Ileso;"38   ";Masculino;"1 ";"0    ";"0    ";"0    ";-15.6122590;-48.1980440;SPRF-DF;DEL03-DF;UOP02-DEL03-DF 
645045;"1448612   ";2024-11-29;sexta-feira;17:22:00;DF;"80   ";"26   ";BRASILIA;Não;Curva acentuada;1;Colisão transversal;Com Vítimas Feridas;Pleno dia;Decrescente;Chuva;Simples;Curva;Não  ;"1159154   ";Caminhonete;FIAT/FIORINO IE;"1994      ";Condutor;Lesões Graves;"42   ";Masculino;"0 ";"0    ";"1    ";"0    ";-15.6122590;-48.1980440;SPRF-DF;DEL03-DF;UOP02-DEL03-DF 
645045;"0         ";2024-11-29;sexta-feira;17:22:00;DF;"80   ";"26   ";BRASILIA;Não;Curva acentuada;1;Colisão transversal;Com Vítimas Feridas;Pleno dia;Decrescente;Chuva;Simples;Curva;Não  ;"1159201   ";Reboque;R/RANDON RE DL;"2019      ";"0";"0";"0    ";"0";"0 ";"0    ";"0    ";"0    ";-15.6122590;-48.1980440;SPRF-DF;DEL03-DF;UOP02-DEL03-DF 
645045;"0         ";2024-11-29;sexta-feira;17:22:00;DF;"80   ";"26   ";BRASILIA;Não;Curva acentuada;1;Colisão transversal;Com Vítimas Feridas;Pleno dia;Decrescente;Chuva;Simples;Curva;Não  ;"1159200   ";Semireboque;R/RANDON SR BA;"2019      ";"0";"0";"0    ";"0";"0 ";"0    ";"0    ";"0    ";-15.6122590;-48.1980440;SPRF-DF;DEL03-DF;UOP02-DEL03-DF 
645045;"0         ";2024-11-29;sexta-feira;17:22:00;DF;"80   ";"26   ";BRASILIA;Não;Velocidade Incompatível;1;Colisão transversal;Com Vítimas Feridas;Pleno dia;Decrescente;Chuva;Simples;Curva;Não  ;"1159202   ";Semireboque;R/RANDON SR BA;"2019      ";"0";"0";"0    ";"0";"0 ";"0    ";"0    ";"0    ";-15.6122590;-48.1980440;SPRF-DF;DEL03-DF;UOP02-DEL03-DF 
645045;"1448613   ";2024-11-29;sexta-feira;17:22:00;DF;"80   ";"26   ";BRASILIA;Não;Velocidade Incompatível;1;Colisão transversal;Com Vítimas Feridas;Pleno dia;Decrescente;Chuva;Simples;Curva;Não  ;"1159199   ";Caminhão-trator;VOLVO/FH 540 6X4T;"2015      ";Condutor;Ileso;"38   ";Masculino;"1 ";"0    ";"0    ";"0    ";-15.6122590;-48.1980440;SPRF-DF;DEL03-DF;UOP02-DEL03-DF 
645045;"1448612   ";2024-11-29;sexta-feira;17:22:00;DF;"80   ";"26   ";BRASILIA;Não;Velocidade Incompatível;1;Colisão transversal;Com Vítimas Feridas;Pleno dia;Decrescente;Chuva;Simples;Curva;Não  ;"1159154   ";Caminhonete;FIAT/FIORINO IE;"1994      ";Condutor;Lesões Graves;"42   ";Masculino;"0 ";"0    ";"1    ";"0    ";-15.6122590;-48.1980440;SPRF-DF;DEL03-DF;UOP02-DEL03-DF 
645045;"0         ";2024-11-29;sexta-feira;17:22:00;DF;"80   ";"26   ";BRASILIA;Sim;Acumulo de água sobre o pavimento;1;Colisão transversal;Com Vítimas Feridas;Pleno dia;Decrescente;Chuva;Simples;Curva;Não  ;"1159202   ";Semireboque;R/RANDON SR BA;"2019      ";"0";"0";"0    ";"0";"0 ";"0    ";"0    ";"0    ";-15.6122590;-48.1980440;SPRF-DF;DEL03-DF;UOP02-DEL03-DF 
645045;"1448613   ";2024-11-29;sexta-feira;17:22:00;DF;"80   ";"26   ";BRASILIA;Sim;Acumulo de água sobre o pavimento;1;Colisão transversal;Com Vítimas Feridas;Pleno dia;Decrescente;Chuva;Simples;Curva;Não  ;"1159199   ";Caminhão-trator;VOLVO/FH 540 6X4T;"2015      ";Condutor;Ileso;"38   ";Masculino;"1 ";"0    ";"0    ";"0    ";-15.6122590;-48.1980440;SPRF-DF;DEL03-DF;UOP02-DEL03-DF 
645045;"1448612   ";2024-11-29;sexta-feira;17:22:00;DF;"80   ";"26   ";BRASILIA;Sim;Acumulo de água sobre o pavimento;1;Colisão transversal;Com Vítimas Feridas;Pleno dia;Decrescente;Chuva;Simples;Curva;Não  ;"1159154   ";Caminhonete;FIAT/FIORINO IE;"1994      ";Condutor;Lesões Graves;"42   ";Masculino;"0 ";"0    ";"1    ";"0    ";-15.6122590;-48.1980440;SPRF-DF;DEL03-DF;UOP02-DEL03-DF 
645045;"0         ";2024-11-29;sexta-feira;17:22:00;DF;"80   ";"26   ";BRASILIA;Sim;Acumulo de água sobre o pavimento;1;Colisão transversal;Com Vítimas Feridas;Pleno dia;Decrescente;Chuva;Simples;Curva;Não  ;"1159201   ";Reboque;R/RANDON RE DL;"2019      ";"0";"0";"0    ";"0";"0 ";"0    ";"0    ";"0    ";-15.6122590;-48.1980440;SPRF-DF;DEL03-DF;UOP02-DEL03-DF 