id;pesid;data_inversa;dia_semana;horario;uf;br;km;municipio;causa_principal;causa_acidente;ordem_tipo_acidente;tipo_acidente;classificacao_acidente;fase_dia;sentido_via;condicao_metereologica;tipo_pista;tracado_via;uso_solo;id_veiculo;tipo_veiculo;marca;ano_fabricacao_veiculo;tipo_envolvido;estado_fisico;idade;sexo;ilesos;feridos_leves;feridos_graves;mortos;latitude;longitude;regional;delegacia;uop
645045;"0         ";2024-11-29;sexta-feira;17:22:00;DF;"80   ";"26   ";BRASILIA;Sim;Acumulo de água sobre o pavimento;1;Colisão transversal;Com Vítimas Feridas;Pleno dia;Decrescente;Chuva;Simples;Curva;Não  ;"1159200   ";Semireboque;R/RANDON SR BA;"2019      ";"0";"0";"0    ";"0";"0 ";"0    ";"0    ";"0    ";-15.6122590;-48.1980440;SPRF-DF;DEL03-DF;UOP02-DEL03-DF 
645051;"1448634   ";2024-11-29;sexta-feira;17:26:00;GO;"40   ";"9    ";LUZIANIA;Sim;Ingestão de álcool pelo condutor;1;Colisão traseira;Sem Vítimas;Pleno dia;Crescente;Garoa/Chuvisco;Dupla;Reta;Sim  ;"1159217   ";Automóvel;FIAT/ARGO 1.0;"2021      ";Condutor;Ileso;"36   ";Masculino;"1 ";"0    ";"0    ";"0    ";-16.1311580;-47.9577390;SPRF-DF;DEL01-DF;UOP01-DEL01-DF 
645051;"1448635   ";2024-11-29;sexta-feira;17:26:00;GO;"40   ";"9    ";LUZIANIA;Sim;Ingestão de álcool pelo condutor;1;Colisão traseira;Sem Vítimas;Pleno dia;Crescente;Garoa/Chuvisco;Dupla;Reta;Sim  ;"1159218   ";Camioneta;I/GM CAPTIVA SPORT FWD;"2010      ";Condutor;Ileso;"49   ";Masculino;"1 ";"0    ";"0    ";"0    ";-16.1311580;-47.9577390;SPRF-DF;DEL01-DF;UOP01-DEL01-DF 
645177;"1448953   ";2024-11-30;sábado;09:20:00;GO;"40   ";"11,9 ";LUZIANIA;Não;Velocidade Incompatível;3;Tombamento;Com Vítimas Fatais;Pleno dia;Crescente;Céu Claro;Dupla;Reta;Sim  ;"1159484   ";Bicicleta;Não Informado/Não Informado;"0         ";Passageiro;Lesões Graves;"5    ";Masculino;"0 ";"0    ";"1    ";"0    ";-16.1383360;-47.9516440;SPRF-DF;DEL01-DF;UOP01-DEL01-DF 
645177;"1448952   ";2024-11-30;sábado;09:20:00;GO;"40   ";"11,9 ";LUZIANIA;Não;Velocidade Incompatível;3;Tombamento;Com Vítimas Fatais;Pleno dia;Crescente;Céu Claro;Dupla;Reta;Sim  ;"1159484   ";Bicicleta;Não Informado/Não Informado;"0         ";Condutor;Óbito;"42   ";Masculino;"0 ";"0    ";"0    ";"1    ";-16.1383360;-47.9516440;SPRF-DF;DEL01-DF;UOP01-DEL01-DF 
645177;"1448951   ";2024-11-30;sábado;09:20:00;GO;"40   ";"11,9 ";LUZIANIA;Não;Velocidade Incompatível;3;Tombamento;Com Vítimas Fatais;Pleno dia;Crescente;Céu Claro;Dupla;Reta;Sim  ;"1159482   ";Caminhonete;I/TOYOTA HILUX CD4X4 SRV;"2008      ";Condutor;Ileso;"21   ";Masculino;"1 ";"0    ";"0    ";"0    ";-16.1383360;-47.9516440;SPRF-DF;DEL01-DF;UOP01-DEL01-DF 
645177;"1448953   ";2024-11-30;sábado;09:20:00;GO;"40   ";"11,9 ";LUZIANIA;Não;Velocidade Incompatível;2;Queda de ocupante de veículo;Com Vítimas Fatais;Pleno dia;Crescente;Céu Claro;Dupla;Reta;Sim  ;"1159484   ";Bicicleta;Não Informado/Não Informado;"0         ";Passageiro;Lesões Graves;"5    ";Masculino;"0 ";"0    ";"1    ";"0    ";-16.1383360;-47.9516440;SPRF-DF;DEL01-DF;UOP01-DEL01-DF 
645177;"1448952   ";2024-11-30;sábado;09:20:00;GO;"40   ";"11,9 ";LUZIANIA;Não;Velocidade Incompatível;2;Queda de ocupante de veículo;Com Vítimas Fatais;Pleno dia;Crescente;Céu Claro;Dupla;Reta;Sim  ;"1159484   ";Bicicleta;Não Informado/Não Informado;"0         ";Condutor;Óbito;"42   ";Masculino;"0 ";"0    ";"0    ";"1    ";-16.1383360;-47.9516440;SPRF-DF;DEL01-DF;UOP01-DEL01-DF 
645177;"1448951   ";2024-11-30;sábado;09:20:00;GO;"40   ";"11,9 ";LUZIANIA;Não;Velocidade Incompatível;2;Queda de ocupante de veículo;Com Vítimas Fatais;Pleno dia;Crescente;Céu Claro;Dupla;Reta;Sim  ;"1159482   ";Caminhonete;I/TOYOTA HILUX CD4X4 SRV;"2008      ";Condutor;Ileso;"21   ";Masculino;"1 ";"0    ";"0    ";"0    ";-16.1383360;-47.9516440;SPRF-DF;DEL01-DF;UOP01-DEL01-DF 
645177;"1448953   ";2024-11-30;sábado;09:20:00;GO;"40   ";"11,9 ";LUZIANIA;Não;Velocidade Incompatível;1;Colisão transversal;Com Vítimas Fatais;Pleno dia;Crescente;Céu Claro;Dupla;Reta;Sim  ;"1159484   ";Bicicleta;Não Informado/Não Informado;"0         ";Passageiro;Lesões Graves;"5    ";Masculino;"0 ";"0    ";"1    ";"0    ";-16.1383360;-47.9516440;SPRF-DF;DEL01-DF;UOP01-DEL01-DF 
645177;"1448952   ";2024-11-30;sábado;09:20:00;GO;"40   ";"11,9 ";LUZIANIA;Não;Velocidade Incompatível;1;Colisão transversal;Com Vítimas Fatais;Pleno dia;Crescente;Céu Claro;Dupla;Reta;Sim  ;"1159484   ";Bicicleta;Não Informado/Não Informado;"0         ";Condutor;Óbito;"42   ";Masculino;"0 ";"0    ";"0    ";"1    ";-16.1383360;-47.9516440;SPRF-DF;DEL01-DF;UOP01-DEL01-DF 
645177;"1448951   ";2024-11-30;sábado;09:20:00;GO;"40   ";"11,9 ";LUZIANIA;Não;Velocidade Incompatível;1;Colisão transversal;Com Vítimas Fatais;Pleno dia;Crescente;Céu Claro;Dupla;Reta;Sim  ;"1159482   ";Caminhonete;I/TOYOTA HILUX CD4X4 SRV;"2008      ";Condutor;Ileso;"21   ";Masculino;"1 ";"0    ";"0    ";"0    ";-16.1383360;-47.9516440;SPRF-DF;DEL01-DF;UOP01-DEL01-DF 
645177;"1448953   ";2024-11-30;sábado;09:20:00;GO;"40   ";"11,9 ";LUZIANIA;Sim;Acessar a via sem observar a presença dos outros veículos;3;Tombamento;Com Vítimas Fatais;Pleno dia;Crescente;Céu Claro;Dupla;Reta;Sim  ;"1159484   ";Bicicleta;Não Informado/Não Informado;"0         ";Passageiro;Lesões Graves;"5    ";Masculino;"0 ";"0    ";"1    ";"0    ";-16.1383360;-47.9516440;SPRF-DF;DEL01-DF;UOP01-DEL01-DF 
645177;"1448952   ";2024-11-30;sábado;09:20:00;GO;"40   ";"11,9 ";LUZIANIA;Sim;Acessar a via sem observar a presença dos outros veículos;3;Tombamento;Com Vítimas Fatais;Pleno dia;Crescente;Céu Claro;Dupla;Reta;Sim  ;"1159484   ";Bicicleta;Não Informado/Não Informado;"0         ";Condutor;Óbito;"42   ";Masculino;"0 ";"0    ";"0    ";"1    ";-16.1383360;-47.9516440;SPRF-DF;DEL01-DF;UOP01-DEL01-DF 
645177;"1448951   ";2024-11-30;sábado;09:20:00;GO;"40   ";"11,9 ";LUZIANIA;Sim;Acessar a via sem observar a presença dos outros veículos;3;Tombamento;Com Vítimas Fatais;Pleno dia;Crescente;Céu Claro;Dupla;Reta;Sim  ;"1159482   ";Caminhonete;I/TOYOTA HILUX CD4X4 SRV;"2008      ";Condutor;Ileso;"21   ";Masculino;"1 ";"0    ";"0    ";"0    ";-16.1383360;-47.9516440;SPRF-DF;DEL01-DF;UOP01-DEL01-DF 
645177;"1448953   ";2024-11-30;sábado;09:20:00;GO;"40   ";"11,9 ";LUZIANIA;Sim;Acessar a via sem observar a presença dos outros veículos;2;Queda de ocupante de veículo;Com Vítimas Fatais;Pleno dia;Crescente;Céu Claro;Dupla;Reta;Sim  ;"1159484   ";Bicicleta;Não Informado/Não Informado;"0         ";Passageiro;Lesões Graves;"5    ";Masculino;"0 ";"0    ";"1    ";"0    ";-16.1383360;-47.9516440;SPRF-DF;DEL01-DF;UOP01-DEL01-DF 
645177;"1448952   ";2024-11-30;sábado;09:20:00;GO;"40   ";"11,9 ";LUZIANIA;Sim;Acessar a via sem observar a presença dos outros veículos;2;Queda de ocupante de veículo;Com Vítimas Fatais;Pleno dia;Crescente;Céu Claro;Dupla;Reta;Sim  ;"1159484   ";Bicicleta;Não Informado/Não Informado;"0         ";Condutor;Óbito;"42   ";Masculino;"0 ";"0    ";"0    ";"1    ";-16.1383360;-47.9516440;SPRF-DF;DEL01-DF;UOP01-DEL01-DF 
645177;"1448951   ";2024-11-30;sábado;09:20:00;GO;"40   ";"11,9 ";LUZIANIA;Sim;Acessar a via sem observar a presença dos outros veículos;2;Queda de ocupante de veículo;Com Vítimas Fatais;Pleno dia;Crescente;Céu Claro;Dupla;Reta;Sim  ;"1159482   ";Caminhonete;I/TOYOTA HILUX CD4X4 SRV;"2008      ";Condutor;Ileso;"21   ";Masculino;"1 ";"0    ";"0    ";"0    ";-16.1383360;-47.9516440;SPRF-DF;DEL01-DF;UOP01-DEL01-DF 
645177;"1448953   ";2024-11-30;sábado;09:20:00;GO;"40   ";"11,9 ";LUZIANIA;Sim;Acessar a via sem observar a presença dos outros veículos;1;Colisão transversal;Com Vítimas Fatais;Pleno dia;Crescente;Céu Claro;Dupla;Reta;Sim  ;"1159484   ";Bicicleta;Não Informado/Não Informado;"0         ";Passageiro;Lesões Graves;"5    ";Masculino;"0 ";"0    ";"1    ";"0    ";-16.1383360;-47.9516440;SPRF-DF;DEL01-DF;UOP01-DEL01-DF 
645177;"1448952   ";2024-11-30;sábado;09:20:00;GO;"40   ";"11,9 ";LUZIANIA;Sim;Acessar a via sem observar a presença dos outros veículos;1;Colisão transversal;Com Vítimas Fatais;Pleno dia;Crescente;Céu Claro;Dupla;Reta;Sim  ;"1159484   ";Bicicleta;Não Informado/Não Informado;"0         ";Condutor;Óbito;"42   ";Masculino;"0 ";"0    ";"0    ";"1    ";-16.1383360;-47.9516440;SPRF-DF;DEL01-DF;UOP01-DEL01-DF 
645177;"1448951   ";2024-11-30;sábado;09:20:00;GO;"40   ";"11,9 ";LUZIANIA;Sim;Acessar a via sem observar a presença dos outros veículos;1;Colisão transversal;Com Vítimas Fatais;Pleno dia;Crescente;Céu Claro;Dupla;Reta;Sim  ;"1159482   ";Caminhonete;I/TOYOTA HILUX CD4X4 SRV;"2008      ";Condutor;Ileso;"21   ";Masculino;"1 ";"0    ";"0    ";"0    ";-16.1383360;-47.9516440;SPRF-DF;DEL01-DF;UOP01-DEL01-DF 
645190;"1449339   ";2024-11-30;sábado;10:20:00;DF;"40   ";"1    ";BRASILIA;Sim;Mal súbito do condutor;1;Saída de leito carroçável;Com Vítimas Feridas;Pleno dia;Crescente;Céu Claro;Dupla;Reta;Sim  ;"1159749   ";Automóvel;RENAULT/SANDERO EXP 16;"2011      ";Condutor;Lesões Leves;"57   ";Masculino;"0 ";"1    ";"0    ";"0    ";-15.9855320;-47.9877470;SPRF-DF;DEL01-DF;UOP01-DEL01-DF 
645196;"1448832   ";2024-11-30;sábado;11:29:00;DF;"20   ";"16   ";BRASILIA;Sim;Manobra de mudança de faixa;2;Queda de ocupante de veículo;Com Vítimas Feridas;Pleno dia;Decrescente;Céu Claro;Dupla;Aclive;Não  ;"1159400   ";Automóvel;HONDA/CIVIC EX;"2004      ";Passageiro;Ileso;"23   ";Masculino;"1 ";"0    ";"0    ";"0    ";-15.6256750;-47.7251590;SPRF-DF;DEL02-DF;UOP01-DEL02-DF 
645196;"1448831   ";2024-11-30;sábado;11:29:00;DF;"20   ";"16   ";BRASILIA;Sim;Manobra de mudança de faixa;2;Queda de ocupante de veículo;Com Vítimas Feridas;Pleno dia;Decrescente;Céu Claro;Dupla;Aclive;Não  ;"1159400   ";Automóvel;HONDA/CIVIC EX;"2004      ";Condutor;Ileso;"26   ";Feminino;"1 ";"0    ";"0    ";"0    ";-15.6256750;-47.7251590;SPRF-DF;DEL02-DF;UOP01-DEL02-DF 
645196;"1448830   ";2024-11-30;sábado;11:29:00;DF;"20   ";"16   ";BRASILIA;Sim;Manobra de mudança de faixa;2;Queda de ocupante de veículo;Com Vítimas Feridas;Pleno dia;Decrescente;Céu Claro;Dupla;Aclive;Não  ;"1159399   ";Motocicleta;HONDA/CB 300R;"2011      ";Condutor;Lesões Leves;"41   ";Masculino;"0 ";"1    ";"0    ";"0    ";-15.6256750;-47.7251590;SPRF-DF;DEL02-DF;UOP01-DEL02-DF 
645196;"1448832   ";2024-11-30;sábado;11:29:00;DF;"20   ";"16   ";BRASILIA;Sim;Manobra de mudança de faixa;1;Colisão lateral mesmo sentido;Com Vítimas Feridas;Pleno dia;Decrescente;Céu Claro;Dupla;Aclive;Não  ;"1159400   ";Automóvel;HONDA/CIVIC EX;"2004      ";Passageiro;Ileso;"23   ";Masculino;"1 ";"0    ";"0    ";"0    ";-15.6256750;-47.7251590;SPRF-DF;DEL02-DF;UOP01-DEL02-DF 
645196;"1448831   ";2024-11-30;sábado;11:29:00;DF;"20   ";"16   ";BRASILIA;Sim;Manobra de mudança de faixa;1;Colisão lateral mesmo sentido;Com Vítimas Feridas;Pleno dia;Decrescente;Céu Claro;Dupla;Aclive;Não  ;"1159400   ";Automóvel;HONDA/CIVIC EX;"2004      ";Condutor;Ileso;"26   ";Feminino;"1 ";"0    ";"0    ";"0    ";-15.6256750;-47.7251590;SPRF-DF;DEL02-DF;UOP01-DEL02-DF 
645196;"1448830   ";2024-11-30;sábado;11:29:00;DF;"20   ";"16   ";BRASILIA;Sim;Manobra de mudança de faixa;1;Colisão lateral mesmo sentido;Com Vítimas Feridas;Pleno dia;Decrescente;Céu Claro;Dupla;Aclive;Não  ;"1159399   ";Motocicleta;HONDA/CB 300R;"2011      ";Condutor;Lesões Leves;"41   ";Masculino;"0 ";"1    ";"0    ";"0    ";-15.6256750;-47.7251590;SPRF-DF;DEL02-DF;UOP01-DEL02-DF 
645233;"1449037   ";2024-11-30;sábado;15:11:00;DF;"70   ";"11   ";BRASILIA;Sim;Manobra de mudança de faixa;2;Queda de ocupante de veículo;Com Vítimas Feridas;Pleno dia;Crescente;Céu Claro;Dupla;"Retorno Regulamentado;Reta";Não  ;"1159547   ";Motocicleta;HONDA/NX-4 FALCON;"2005      ";Condutor;Lesões Graves;"59   ";Masculino;"0 ";"0    ";"1    ";"0    ";-15.7897620;-48.1487270;SPRF-DF;DEL03-DF;UOP02-DEL03-DF 
645233;"1449035   ";2024-11-30;sábado;15:11:00;DF;"70   ";"11   ";BRASILIA;Sim;Manobra de mudança de faixa;2;Queda de ocupante de veículo;Com Vítimas Feridas;Pleno dia;Crescente;Céu Claro;Dupla;"Retorno Regulamentado;Reta";Não  ;"1159544   ";Automóvel;CHEV/ONIX PLUS 10MT LT1;"2022      ";Condutor;Ileso;"66   ";Masculino;"1 ";"0    ";"0    ";"0    ";-15.7897620;-48.1487270;SPRF-DF;DEL03-DF;UOP02-DEL03-DF 
645233;"1449037   ";2024-11-30;sábado;15:11:00;DF;"70   ";"11   ";BRASILIA;Sim;Manobra de mudança de faixa;1;Colisão transversal;Com Vítimas Feridas;Pleno dia;Crescente;Céu Claro;Dupla;"Retorno Regulamentado;Reta";Não  ;"1159547   ";Motocicleta;HONDA/NX-4 FALCON;"2005      ";Condutor;Lesões Graves;"59   ";Masculino;"0 ";"0    ";"1    ";"0    ";-15.7897620;-48.1487270;SPRF-DF;DEL03-DF;UOP02-DEL03-DF 
645233;"1449035   ";2024-11-30;sábado;15:11:00;DF;"70   ";"11   ";BRASILIA;Sim;Manobra de mudança de faixa;1;Colisão transversal;Com Vítimas Feridas;Pleno dia;Crescente;Céu Claro;Dupla;"Retorno Regulamentado;Reta";Não  ;"1159544   ";Automóvel;CHEV/ONIX PLUS 10MT LT1;"2022      ";Condutor;Ileso;"66   ";Masculino;"1 ";"0    ";"0    ";"0    ";-15.7897620;-48.1487270;SPRF-DF;DEL03-DF;UOP02-DEL03-DF 
645251;"1448984   ";2024-11-04;segunda-feira;18:00:00;DF;"40   ";"7    ";BRASILIA;Sim;Reação tardia ou ineficiente do condutor;1;Colisão traseira;Com Vítimas Feridas;Anoitecer;Crescente;Chuva;Dupla;Reta;Sim  ;"1159511   ";Motocicleta;BAJAJ/DOMINAR D400 T;"2024      ";Condutor;Lesões Graves;"28   ";Masculino;"0 ";"0    ";"1    ";"0    ";-16.0386660;-47.9796910;SPRF-DF;DEL01-DF;UOP01-DEL01-DF 
645287;"1449158   ";2024-11-30;sábado;17:30:00;DF;"70   ";"18   ";BRASILIA;Não;Ausência de reação do condutor;3;Queda de ocupante de veículo;Com Vítimas Feridas;Plena Noite;Crescente;Céu Claro;Dupla;"Retorno Regulamentado;Reta";Não  ;"1159628   ";Motocicleta;YAMAHA/YS150 FAZER SED;"2016      ";Passageiro;Lesões Leves;"33   ";Feminino;"0 ";"1    ";"0    ";"0    ";-15.7910930;-48.2109600;SPRF-DF;DEL03-DF;UOP02-DEL03-DF 
645287;"1449155   ";2024-11-30;sábado;17:30:00;DF;"70   ";"18   ";BRASILIA;Não;Ausência de reação do condutor;3;Queda de ocupante de veículo;Com Vítimas Feridas;Plena Noite;Crescente;Céu Claro;Dupla;"Retorno Regulamentado;Reta";Não  ;"1159628   ";Motocicleta;YAMAHA/YS150 FAZER SED;"2016      ";Condutor;Lesões Graves;"34   ";Masculino;"0 ";"0    ";"1    ";"0    ";-15.7910930;-48.2109600;SPRF-DF;DEL03-DF;UOP02-DEL03-DF 
645287;"1449160   ";2024-11-30;sábado;17:30:00;DF;"70   ";"18   ";BRASILIA;Não;Ausência de reação do condutor;3;Queda de ocupante de veículo;Com Vítimas Feridas;Plena Noite;Crescente;Céu Claro;Dupla;"Retorno Regulamentado;Reta";Não  ;"1159627   ";Automóvel;RENAULT/MEGANEGT DYN 16;"2011      ";Condutor;Ileso;"40   ";Masculino;"1 ";"0    ";"0    ";"0    ";-15.7910930;-48.2109600;SPRF-DF;DEL03-DF;UOP02-DEL03-DF 
645287;"1449154   ";2024-11-30;sábado;17:30:00;DF;"70   ";"18   ";BRASILIA;Não;Ausência de reação do condutor;3;Queda de ocupante de veículo;Com Vítimas Feridas;Plena Noite;Crescente;Céu Claro;Dupla;"Retorno Regulamentado;Reta";Não  ;"1159626   ";Automóvel;TOYOTA/FIELDER;"2004      ";Condutor;Ileso;"54   ";Masculino;"1 ";"0    ";"0    ";"0    ";-15.7910930;-48.2109600;SPRF-DF;DEL03-DF;UOP02-DEL03-DF 
645287;"1449158   ";2024-11-30;sábado;17:30:00;DF;"70   ";"18   ";BRASILIA;Não;Ausência de reação do condutor;2;Colisão lateral mesmo sentido;Com Vítimas Feridas;Plena Noite;Crescente;Céu Claro;Dupla;"Retorno Regulamentado;Reta";Não  ;"1159628   ";Motocicleta;YAMAHA/YS150 FAZER SED;"2016      ";Passageiro;Lesões Leves;"33   ";Feminino;"0 ";"1    ";"0    ";"0    ";-15.7910930;-48.2109600;SPRF-DF;DEL03-DF;UOP02-DEL03-DF 
645287;"1449155   ";2024-11-30;sábado;17:30:00;DF;"70   ";"18   ";BRASILIA;Não;Ausência de reação do condutor;2;Colisão lateral mesmo sentido;Com Vítimas Feridas;Plena Noite;Crescente;Céu Claro;Dupla;"Retorno Regulamentado;Reta";Não  ;"1159628   ";Motocicleta;YAMAHA/YS150 FAZER SED;"2016      ";Condutor;Lesões Graves;"34   ";Masculino;"0 ";"0    ";"1    ";"0    ";-15.7910930;-48.2109600;SPRF-DF;DEL03-DF;UOP02-DEL03-DF 
645287;"1449160   ";2024-11-30;sábado;17:30:00;DF;"70   ";"18   ";BRASILIA;Não;Ausência de reação do condutor;2;Colisão lateral mesmo sentido;Com Vítimas Feridas;Plena Noite;Crescente;Céu Claro;Dupla;"Retorno Regulamentado;Reta";Não  ;"1159627   ";Automóvel;RENAULT/MEGANEGT DYN 16;"2011      ";Condutor;Ileso;"40   ";Masculino;"1 ";"0    ";"0    ";"0    ";-15.7910930;-48.2109600;SPRF-DF;DEL03-DF;UOP02-DEL03-DF 
645287;"1449154   ";2024-11-30;sábado;17:30:00;DF;"70   ";"18   ";BRASILIA;Não;Ausência de reação do condutor;2;Colisão lateral mesmo sentido;Com Vítimas Feridas;Plena Noite;Crescente;Céu Claro;Dupla;"Retorno Regulamentado;Reta";Não  ;"1159626   ";Automóvel;TOYOTA/FIELDER;"2004      ";Condutor;Ileso;"54   ";Masculino;"1 ";"0    ";"0    ";"0    ";-15.7910930;-48.2109600;SPRF-DF;DEL03-DF;UOP02-DEL03-DF 
645287;"1449158   ";2024-11-30;sábado;17:30:00;DF;"70   ";"18   ";BRASILIA;Não;Ausência de reação do condutor;1;Colisão transversal;Com Vítimas Feridas;Plena Noite;Crescente;Céu Claro;Dupla;"Retorno Regulamentado;Reta";Não  ;"1159628   ";Motocicleta;YAMAHA/YS150 FAZER SED;"2016      ";Passageiro;Lesões Leves;"33   ";Feminino;"0 ";"1    ";"0    ";"0    ";-15.7910930;-48.2109600;SPRF-DF;DEL03-DF;UOP02-DEL03-DF 
645287;"1449155   ";2024-11-30;sábado;17:30:00;DF;"70   ";"18   ";BRASILIA;Não;Ausência de reação do condutor;1;Colisão transversal;Com Vítimas Feridas;Plena Noite;Crescente;Céu Claro;Dupla;"Retorno Regulamentado;Reta";Não  ;"1159628   ";Motocicleta;YAMAHA/YS150 FAZER SED;"2016      ";Condutor;Lesões Graves;"34   ";Masculino;"0 ";"0    ";"1    ";"0    ";-15.7910930;-48.2109600;SPRF-DF;DEL03-DF;UOP02-DEL03-DF 
645287;"1449160   ";2024-11-30;sábado;17:30:00;DF;"70   ";"18   ";BRASILIA;Não;Ausência de reação do condutor;1;Colisão transversal;Com Vítimas Feridas;Plena Noite;Crescente;Céu Claro;Dupla;"Retorno Regulamentado;Reta";Não  ;"1159627   ";Automóvel;RENAULT/MEGANEGT DYN 16;"2011      ";Condutor;Ileso;"40   ";Masculino;"1 ";"0    ";"0    ";"0    ";-15.7910930;-48.2109600;SPRF-DF;DEL03-DF;UOP02-DEL03-DF 
645287;"1449154   ";2024-11-30;sábado;17:30:00;DF;"70   ";"18   ";BRASILIA;Não;Ausência de reação do condutor;1;Colisão transversal;Com Vítimas Feridas;Plena Noite;Crescente;Céu Claro;Dupla;"Retorno Regulamentado;Reta";Não  ;"1159626   ";Automóvel;TOYOTA/FIELDER;"2004      ";Condutor;Ileso;"54   ";Masculino;"1 ";"0    ";"0    ";"0    ";-15.7910930;-48.2109600;SPRF-DF;DEL03-DF;UOP02-DEL03-DF 
645287;"1449158   ";2024-11-30;sábado;17:30:00;DF;"70   ";"18   ";BRASILIA;Não;Acessar a via sem observar a presença dos outros veículos;3;Queda de ocupante de veículo;Com Vítimas Feridas;Plena Noite;Crescente;Céu Claro;Dupla;"Retorno Regulamentado;Reta";Não  ;"1159628   ";Motocicleta;YAMAHA/YS150 FAZER SED;"2016      ";Passageiro;Lesões Leves;"33   ";Feminino;"0 ";"1    ";"0    ";"0    ";-15.7910930;-48.2109600;SPRF-DF;DEL03-DF;UOP02-DEL03-DF 
645287;"1449155   ";2024-11-30;sábado;17:30:00;DF;"70   ";"18   ";BRASILIA;Não;Acessar a via sem observar a presença dos outros veículos;3;Queda de ocupante de veículo;Com Vítimas Feridas;Plena Noite;Crescente;Céu Claro;Dupla;"Retorno Regulamentado;Reta";Não  ;"1159628   ";Motocicleta;YAMAHA/YS150 FAZER SED;"2016      ";Condutor;Lesões Graves;"34   ";Masculino;"0 ";"0    ";"1    ";"0    ";-15.7910930;-48.2109600;SPRF-DF;DEL03-DF;UOP02-DEL03-DF 
645287;"1449160   ";2024-11-30;sábado;17:30:00;DF;"70   ";"18   ";BRASILIA;Não;Acessar a via sem observar a presença dos outros veículos;3;Queda de ocupante de veículo;Com Vítimas Feridas;Plena Noite;Crescente;Céu Claro;Dupla;"Retorno Regulamentado;Reta";Não  ;"1159627   ";Automóvel;RENAULT/MEGANEGT DYN 16;"2011      ";Condutor;Ileso;"40   ";Masculino;"1 ";"0    ";"0    ";"0    ";-15.7910930;-48.2109600;SPRF-DF;DEL03-DF;UOP02-DEL03-DF 
645287;"1449154   ";2024-11-30;sábado;17:30:00;DF;"70   ";"18   ";BRASILIA;Não;Acessar a via sem observar a presença dos outros veículos;3;Queda de ocupante de veículo;Com Vítimas Feridas;Plena Noite;Crescente;Céu Claro;Dupla;"Retorno Regulamentado;Reta";Não  ;"1159626   ";Automóvel;TOYOTA/FIELDER;"2004      ";Condutor;Ileso;"54   ";Masculino;"1 ";"0    ";"0    ";"0    ";-15.7910930;-48.2109600;SPRF-DF;DEL03-DF;UOP02-DEL03-DF 
645287;"1449158   ";2024-11-30;sábado;17:30:00;DF;"70   ";"18   ";BRASILIA;Não;Acessar a via sem observar a presença dos outros veículos;2;Colisão lateral mesmo sentido;Com Vítimas Feridas;Plena Noite;Crescente;Céu Claro;Dupla;"Retorno Regulamentado;Reta";Não  ;"1159628   ";Motocicleta;YAMAHA/YS150 FAZER SED;"2016      ";Passageiro;Lesões Leves;"33   ";Feminino;"0 ";"1    ";"0    ";"0    ";-15.7910930;-48.2109600;SPRF-DF;DEL03-DF;UOP02-DEL03-DF 
645287;"1449155   ";2024-11-30;sábado;17:30:00;DF;"70   ";"18   ";BRASILIA;Não;Acessar a via sem observar a presença dos outros veículos;2;Colisão lateral mesmo sentido;Com Vítimas Feridas;Plena Noite;Crescente;Céu Claro;Dupla;"Retorno Regulamentado;Reta";Não  ;"1159628   ";Motocicleta;YAMAHA/YS150 FAZER SED;"2016      ";Condutor;Lesões Graves;"34   ";Masculino;"0 ";"0    ";"1    ";"0    ";-15.7910930;-48.2109600;SPRF-DF;DEL03-DF;UOP02-DEL03-DF 
645287;"1449160   ";2024-11-30;sábado;17:30:00;DF;"70   ";"18   ";BRASILIA;Não;Acessar a via sem observar a presença dos outros veículos;2;Colisão lateral mesmo sentido;Com Vítimas Feridas;Plena Noite;Crescente;Céu Claro;Dupla;"Retorno Regulamentado;Reta";Não  ;"1159627   ";Automóvel;RENAULT/MEGANEGT DYN 16;"2011      ";Condutor;Ileso;"40   ";Masculino;"1 ";"0    ";"0    ";"0    ";-15.7910930;-48.2109600;SPRF-DF;DEL03-DF;UOP02-DEL03-DF 
645287;"1449154   ";2024-11-30;sábado;17:30:00;DF;"70   ";"18   ";BRASILIA;Não;Acessar a via sem observar a presença dos outros veículos;2;Colisão lateral mesmo sentido;Com Vítimas Feridas;Plena Noite;Crescente;Céu Claro;Dupla;"Retorno Regulamentado;Reta";Não  ;"1159626   ";Automóvel;TOYOTA/FIELDER;"2004      ";Condutor;Ileso;"54   ";Masculino;"1 ";"0    ";"0    ";"0    ";-15.7910930;-48.2109600;SPRF-DF;DEL03-DF;UOP02-DEL03-DF 
645287;"1449158   ";2024-11-30;sábado;17:30:00;DF;"70   ";"18   ";BRASILIA;Não;Acessar a via sem observar a presença dos outros veículos;1;Colisão transversal;Com Vítimas Feridas;Plena Noite;Crescente;Céu Claro;Dupla;"Retorno Regulamentado;Reta";Não  ;"1159628   ";Motocicleta;YAMAHA/YS150 FAZER SED;"2016      ";Passageiro;Lesões Leves;"33   ";Feminino;"0 ";"1    ";"0    ";"0    ";-15.7910930;-48.2109600;SPRF-DF;DEL03-DF;UOP02-DEL03-DF 