id;pesid;data_inversa;dia_semana;horario;uf;br;km;municipio;causa_principal;causa_acidente;ordem_tipo_acidente;tipo_acidente;classificacao_acidente;fase_dia;sentido_via;condicao_metereologica;tipo_pista;tracado_via;uso_solo;id_veiculo;tipo_veiculo;marca;ano_fabricacao_veiculo;tipo_envolvido;estado_fisico;idade;sexo;ilesos;feridos_leves;feridos_graves;mortos;latitude;longitude;regional;delegacia;uop
645287;"1449155   ";2024-11-30;sábado;17:30:00;DF;"70   ";"18   ";BRASILIA;Não;Acessar a via sem observar a presença dos outros veículos;1;Colisão transversal;Com Vítimas Feridas;Plena Noite;Crescente;Céu Claro;Dupla;"Retorno Regulamentado;Reta";Não  ;"1159628   ";Motocicleta;YAMAHA/YS150 FAZER SED;"2016      ";Condutor;Lesões Graves;"34   ";Masculino;"0 ";"0    ";"1    ";"0    ";-15.7910930;-48.2109600;SPRF-DF;DEL03-DF;UOP02-DEL03-DF 
645287;"1449160   ";2024-11-30;sábado;17:30:00;DF;"70   ";"18   ";BRASILIA;Não;Acessar a via sem observar a presença dos outros veículos;1;Colisão transversal;Com Vítimas Feridas;Plena Noite;Crescente;Céu Claro;Dupla;"Retorno Regulamentado;Reta";Não  ;"1159627   ";Automóvel;RENAULT/MEGANEGT DYN 16;"2011      ";Condutor;Ileso;"40   ";Masculino;"1 ";"0    ";"0    ";"0    ";-15.7910930;-48.2109600;SPRF-DF;DEL03-DF;UOP02-DEL03-DF 
645287;"1449154   ";2024-11-30;sábado;17:30:00;DF;"70   ";"18   ";BRASILIA;Não;Acessar a via sem observar a presença dos outros veículos;1;Colisão transversal;Com Vítimas Feridas;Plena Noite;Crescente;Céu Claro;Dupla;"Retorno Regulamentado;Reta";Não  ;"1159626   ";Automóvel;TOYOTA/FIELDER;"2004      ";Condutor;Ileso;"54   ";Masculino;"1 ";"0    ";"0    ";"0    ";-15.7910930;-48.2109600;SPRF-DF;DEL03-DF;UOP02-DEL03-DF 
645287;"1449158   ";2024-11-30;sábado;17:30:00;DF;"70   ";"18   ";BRASILIA;Sim;Ingestão de álcool pelo condutor;3;Queda de ocupante de veículo;Com Vítimas Feridas;Plena Noite;Crescente;Céu Claro;Dupla;"Retorno Regulamentado;Reta";Não  ;"1159628   ";Motocicleta;YAMAHA/YS150 FAZER SED;"2016      ";Passageiro;Lesões Leves;"33   ";Feminino;"0 ";"1    ";"0    ";"0    ";-15.7910930;-48.2109600;SPRF-DF;DEL03-DF;UOP02-DEL03-DF 
645287;"1449155   ";2024-11-30;sábado;17:30:00;DF;"70   ";"18   ";BRASILIA;Sim;Ingestão de álcool pelo condutor;3;Queda de ocupante de veículo;Com Vítimas Feridas;Plena Noite;Crescente;Céu Claro;Dupla;"Retorno Regulamentado;Reta";Não  ;"1159628   ";Motocicleta;YAMAHA/YS150 FAZER SED;"2016      ";Condutor;Lesões Graves;"34   ";Masculino;"0 ";"0    ";"1    ";"0    ";-15.7910930;-48.2109600;SPRF-DF;DEL03-DF;UOP02-DEL03-DF 
645287;"1449160   ";2024-11-30;sábado;17:30:00;DF;"70   ";"18   ";BRASILIA;Sim;Ingestão de álcool pelo condutor;3;Queda de ocupante de veículo;Com Vítimas Feridas;Plena Noite;Crescente;Céu Claro;Dupla;"Retorno Regulamentado;Reta";Não  ;"1159627   ";Automóvel;RENAULT/MEGANEGT DYN 16;"2011      ";Condutor;Ileso;"40   ";Masculino;"1 ";"0    ";"0    ";"0    ";-15.7910930;-48.2109600;SPRF-DF;DEL03-DF;UOP02-DEL03-DF 
645287;"1449154   ";2024-11-30;sábado;17:30:00;DF;"70   ";"18   ";BRASILIA;Sim;Ingestão de álcool pelo condutor;3;Queda de ocupante de veículo;Com Vítimas Feridas;Plena Noite;Crescente;Céu Claro;Dupla;"Retorno Regulamentado;Reta";Não  ;"1159626   ";Automóvel;TOYOTA/FIELDER;"2004      ";Condutor;Ileso;"54   ";Masculino;"1 ";"0    ";"0    ";"0    ";-15.7910930;-48.2109600;SPRF-DF;DEL03-DF;UOP02-DEL03-DF 
645287;"1449158   ";2024-11-30;sábado;17:30:00;DF;"70   ";"18   ";BRASILIA;Sim;Ingestão de álcool pelo condutor;2;Colisão lateral mesmo sentido;Com Vítimas Feridas;Plena Noite;Crescente;Céu Claro;Dupla;"Retorno Regulamentado;Reta";Não  ;"1159628   ";Motocicleta;YAMAHA/YS150 FAZER SED;"2016      ";Passageiro;Lesões Leves;"33   ";Feminino;"0 ";"1    ";"0    ";"0    ";-15.7910930;-48.2109600;SPRF-DF;DEL03-DF;UOP02-DEL03-DF 
645287;"1449155   ";2024-11-30;sábado;17:30:00;DF;"70   ";"18   ";BRASILIA;Sim;Ingestão de álcool pelo condutor;2;Colisão lateral mesmo sentido;Com Vítimas Feridas;Plena Noite;Crescente;Céu Claro;Dupla;"Retorno Regulamentado;Reta";Não  ;"1159628   ";Motocicleta;YAMAHA/YS150 FAZER SED;"2016      ";Condutor;Lesões Graves;"34   ";Masculino;"0 ";"0    ";"1    ";"0    ";-15.7910930;-48.2109600;SPRF-DF;DEL03-DF;UOP02-DEL03-DF 
645287;"1449160   ";2024-11-30;sábado;17:30:00;DF;"70   ";"18   ";BRASILIA;Sim;Ingestão de álcool pelo condutor;2;Colisão lateral mesmo sentido;Com Vítimas Feridas;Plena Noite;Crescente;Céu Claro;Dupla;"Retorno Regulamentado;Reta";Não  ;"1159627   ";Automóvel;RENAULT/MEGANEGT DYN 16;"2011      ";Condutor;Ileso;"40   ";Masculino;"1 ";"0    ";"0    ";"0    ";-15.7910930;-48.2109600;SPRF-DF;DEL03-DF;UOP02-DEL03-DF 
645287;"1449154   ";2024-11-30;sábado;17:30:00;DF;"70   ";"18   ";BRASILIA;Sim;Ingestão de álcool pelo condutor;2;Colisão lateral mesmo sentido;Com Vítimas Feridas;Plena Noite;Crescente;Céu Claro;Dupla;"Retorno Regulamentado;Reta";Não  ;"1159626   ";Automóvel;TOYOTA/FIELDER;"2004      ";Condutor;Ileso;"54   ";Masculino;"1 ";"0    ";"0    ";"0    ";-15.7910930;-48.2109600;SPRF-DF;DEL03-DF;UOP02-DEL03-DF 
645287;"1449158   ";2024-11-30;sábado;17:30:00;DF;"70   ";"18   ";BRASILIA;Sim;Ingestão de álcool pelo condutor;1;Colisão transversal;Com Vítimas Feridas;Plena Noite;Crescente;Céu Claro;Dupla;"Retorno Regulamentado;Reta";Não  ;"1159628   ";Motocicleta;YAMAHA/YS150 FAZER SED;"2016      ";Passageiro;Lesões Leves;"33   ";Feminino;"0 ";"1    ";"0    ";"0    ";-15.7910930;-48.2109600;SPRF-DF;DEL03-DF;UOP02-DEL03-DF 
645287;"1449155   ";2024-11-30;sábado;17:30:00;DF;"70   ";"18   ";BRASILIA;Sim;Ingestão de álcool pelo condutor;1;Colisão transversal;Com Vítimas Feridas;Plena Noite;Crescente;Céu Claro;Dupla;"Retorno Regulamentado;Reta";Não  ;"1159628   ";Motocicleta;YAMAHA/YS150 FAZER SED;"2016      ";Condutor;Lesões Graves;"34   ";Masculino;"0 ";"0    ";"1    ";"0    ";-15.7910930;-48.2109600;SPRF-DF;DEL03-DF;UOP02-DEL03-DF 
645287;"1449160   ";2024-11-30;sábado;17:30:00;DF;"70   ";"18   ";BRASILIA;Sim;Ingestão de álcool pelo condutor;1;Colisão transversal;Com Vítimas Feridas;Plena Noite;Crescente;Céu Claro;Dupla;"Retorno Regulamentado;Reta";Não  ;"1159627   ";Automóvel;RENAULT/MEGANEGT DYN 16;"2011      ";Condutor;Ileso;"40   ";Masculino;"1 ";"0    ";"0    ";"0    ";-15.7910930;-48.2109600;SPRF-DF;DEL03-DF;UOP02-DEL03-DF 
645287;"1449154   ";2024-11-30;sábado;17:30:00;DF;"70   ";"18   ";BRASILIA;Sim;Ingestão de álcool pelo condutor;1;Colisão transversal;Com Vítimas Feridas;Plena Noite;Crescente;Céu Claro;Dupla;"Retorno Regulamentado;Reta";Não  ;"1159626   ";Automóvel;TOYOTA/FIELDER;"2004      ";Condutor;Ileso;"54   ";Masculino;"1 ";"0    ";"0    ";"0    ";-15.7910930;-48.2109600;SPRF-DF;DEL03-DF;UOP02-DEL03-DF 
645311;"1449175   ";2024-11-30;sábado;22:00:00;GO;"20   ";"12   ";FORMOSA;Sim;Demais falhas mecânicas ou elétricas;1;Incêndio;Sem Vítimas;Plena Noite;Decrescente;Nublado;Simples;Reta;Não  ;"1159635   ";Ônibus;MBENZ/MPOLO PARADISO LDR;"2011      ";Passageiro;Ileso;"67   ";Masculino;"1 ";"0    ";"0    ";"0    ";-15.5656370;-47.2493060;SPRF-DF;DEL02-DF;UOP02-DEL02-DF 
645311;"1449166   ";2024-11-30;sábado;22:00:00;GO;"20   ";"12   ";FORMOSA;Sim;Demais falhas mecânicas ou elétricas;1;Incêndio;Sem Vítimas;Plena Noite;Decrescente;Nublado;Simples;Reta;Não  ;"1159635   ";Ônibus;MBENZ/MPOLO PARADISO LDR;"2011      ";Condutor;Ileso;"31   ";Masculino;"1 ";"0    ";"0    ";"0    ";-15.5656370;-47.2493060;SPRF-DF;DEL02-DF;UOP02-DEL02-DF 
645332;"1449381   ";2024-11-30;sábado;23:40:00;DF;"70   ";"8,4  ";BRASILIA;Sim;Reação tardia ou ineficiente do condutor;1;Colisão traseira;Com Vítimas Feridas;Plena Noite;Decrescente;Céu Claro;Dupla;Reta;Não  ;"1159785   ";Motocicleta;MOTTU/SPORT 110I;"2024      ";Condutor;Lesões Graves;"25   ";Masculino;"0 ";"0    ";"1    ";"0    ";-15.7849660;-48.1221080;SPRF-DF;DEL03-DF;UOP02-DEL03-DF 
645332;"1449380   ";2024-11-30;sábado;23:40:00;DF;"70   ";"8,4  ";BRASILIA;Sim;Reação tardia ou ineficiente do condutor;1;Colisão traseira;Com Vítimas Feridas;Plena Noite;Decrescente;Céu Claro;Dupla;Reta;Não  ;"1159783   ";Automóvel;FIAT/SIENA FIRE;"2003      ";Condutor;Ileso;"37   ";Feminino;"1 ";"0    ";"0    ";"0    ";-15.7849660;-48.1221080;SPRF-DF;DEL03-DF;UOP02-DEL03-DF 
645343;"1450659   ";2024-11-30;sábado;23:50:00;DF;"80   ";"2    ";BRASILIA;Sim;Ausência de reação do condutor;2;Queda de ocupante de veículo;Com Vítimas Feridas;Plena Noite;Crescente;Céu Claro;Simples;Reta;Não  ;"1159807   ";Motocicleta;HONDA/CG 125 FAN KS;"2013      ";Passageiro;Lesões Leves;"0    ";Feminino;"0 ";"1    ";"0    ";"0    ";-15.7324910;-48.0933610;SPRF-DF;DEL03-DF;UOP02-DEL03-DF 
645343;"1449420   ";2024-11-30;sábado;23:50:00;DF;"80   ";"2    ";BRASILIA;Sim;Ausência de reação do condutor;2;Queda de ocupante de veículo;Com Vítimas Feridas;Plena Noite;Crescente;Céu Claro;Simples;Reta;Não  ;"1159807   ";Motocicleta;HONDA/CG 125 FAN KS;"2013      ";Condutor;Lesões Leves;"39   ";Masculino;"0 ";"1    ";"0    ";"0    ";-15.7324910;-48.0933610;SPRF-DF;DEL03-DF;UOP02-DEL03-DF 
645343;"1449416   ";2024-11-30;sábado;23:50:00;DF;"80   ";"2    ";BRASILIA;Sim;Ausência de reação do condutor;2;Queda de ocupante de veículo;Com Vítimas Feridas;Plena Noite;Crescente;Céu Claro;Simples;Reta;Não  ;"1159805   ";Automóvel;FIAT/UNO VIVACE 1.0;"2011      ";Condutor;Ileso;"27   ";Feminino;"1 ";"0    ";"0    ";"0    ";-15.7324910;-48.0933610;SPRF-DF;DEL03-DF;UOP02-DEL03-DF 
645343;"1450659   ";2024-11-30;sábado;23:50:00;DF;"80   ";"2    ";BRASILIA;Sim;Ausência de reação do condutor;1;Colisão traseira;Com Vítimas Feridas;Plena Noite;Crescente;Céu Claro;Simples;Reta;Não  ;"1159807   ";Motocicleta;HONDA/CG 125 FAN KS;"2013      ";Passageiro;Lesões Leves;"0    ";Feminino;"0 ";"1    ";"0    ";"0    ";-15.7324910;-48.0933610;SPRF-DF;DEL03-DF;UOP02-DEL03-DF 
645343;"1449420   ";2024-11-30;sábado;23:50:00;DF;"80   ";"2    ";BRASILIA;Sim;Ausência de reação do condutor;1;Colisão traseira;Com Vítimas Feridas;Plena Noite;Crescente;Céu Claro;Simples;Reta;Não  ;"1159807   ";Motocicleta;HONDA/CG 125 FAN KS;"2013      ";Condutor;Lesões Leves;"39   ";Masculino;"0 ";"1    ";"0    ";"0    ";-15.7324910;-48.0933610;SPRF-DF;DEL03-DF;UOP02-DEL03-DF 
645343;"1449416   ";2024-11-30;sábado;23:50:00;DF;"80   ";"2    ";BRASILIA;Sim;Ausência de reação do condutor;1;Colisão traseira;Com Vítimas Feridas;Plena Noite;Crescente;Céu Claro;Simples;Reta;Não  ;"1159805   ";Automóvel;FIAT/UNO VIVACE 1.0;"2011      ";Condutor;Ileso;"27   ";Feminino;"1 ";"0    ";"0    ";"0    ";-15.7324910;-48.0933610;SPRF-DF;DEL03-DF;UOP02-DEL03-DF 
645392;"1449374   ";2024-12-01;domingo;07:40:00;DF;"60   ";"8,1  ";BRASILIA;Não;Condutor Dormindo;2;Colisão frontal;Com Vítimas Feridas;Pleno dia;Decrescente;Céu Claro;Dupla;Reta;Não  ;"1159781   ";Motocicleta;HONDA/CG 160 TITAN;"2024      ";Condutor;Lesões Leves;"43   ";Masculino;"0 ";"1    ";"0    ";"0    ";-15.9062930;-48.1399650;SPRF-DF;DEL03-DF;UOP01-DEL03-DF 
645392;"1449374   ";2024-12-01;domingo;07:40:00;DF;"60   ";"8,1  ";BRASILIA;Não;Condutor Dormindo;1;Tombamento;Com Vítimas Feridas;Pleno dia;Decrescente;Céu Claro;Dupla;Reta;Não  ;"1159781   ";Motocicleta;HONDA/CG 160 TITAN;"2024      ";Condutor;Lesões Leves;"43   ";Masculino;"0 ";"1    ";"0    ";"0    ";-15.9062930;-48.1399650;SPRF-DF;DEL03-DF;UOP01-DEL03-DF 
645392;"1449374   ";2024-12-01;domingo;07:40:00;DF;"60   ";"8,1  ";BRASILIA;Sim;Ingestão de álcool pelo condutor;2;Colisão frontal;Com Vítimas Feridas;Pleno dia;Decrescente;Céu Claro;Dupla;Reta;Não  ;"1159781   ";Motocicleta;HONDA/CG 160 TITAN;"2024      ";Condutor;Lesões Leves;"43   ";Masculino;"0 ";"1    ";"0    ";"0    ";-15.9062930;-48.1399650;SPRF-DF;DEL03-DF;UOP01-DEL03-DF 
645392;"1449374   ";2024-12-01;domingo;07:40:00;DF;"60   ";"8,1  ";BRASILIA;Sim;Ingestão de álcool pelo condutor;1;Tombamento;Com Vítimas Feridas;Pleno dia;Decrescente;Céu Claro;Dupla;Reta;Não  ;"1159781   ";Motocicleta;HONDA/CG 160 TITAN;"2024      ";Condutor;Lesões Leves;"43   ";Masculino;"0 ";"1    ";"0    ";"0    ";-15.9062930;-48.1399650;SPRF-DF;DEL03-DF;UOP01-DEL03-DF 
645440;"1449556   ";2024-12-01;domingo;08:40:00;GO;"70   ";"53,1 ";COCALZINHO DE GOIAS;Sim;Conversão proibida;4;Queda de ocupante de veículo;Com Vítimas Fatais;Pleno dia;Crescente;Céu Claro;Simples;"Aclive;Reta";Não  ;"1159911   ";Motocicleta;JTA/SUZUKI GSXR1000;"2013      ";Condutor;Óbito;"61   ";Masculino;"0 ";"0    ";"0    ";"1    ";-15.7506796;-48.6447046;SPRF-DF;DEL03-DF;UOP02-DEL03-DF 
645440;"1449554   ";2024-12-01;domingo;08:40:00;GO;"70   ";"53,1 ";COCALZINHO DE GOIAS;Sim;Conversão proibida;4;Queda de ocupante de veículo;Com Vítimas Fatais;Pleno dia;Crescente;Céu Claro;Simples;"Aclive;Reta";Não  ;"1159909   ";Automóvel;FIAT/SIENA ESSENCE 1.6;"2013      ";Condutor;Ileso;"67   ";Masculino;"1 ";"0    ";"0    ";"0    ";-15.7506796;-48.6447046;SPRF-DF;DEL03-DF;UOP02-DEL03-DF 
645440;"1449556   ";2024-12-01;domingo;08:40:00;GO;"70   ";"53,1 ";COCALZINHO DE GOIAS;Sim;Conversão proibida;3;Tombamento;Com Vítimas Fatais;Pleno dia;Crescente;Céu Claro;Simples;"Aclive;Reta";Não  ;"1159911   ";Motocicleta;JTA/SUZUKI GSXR1000;"2013      ";Condutor;Óbito;"61   ";Masculino;"0 ";"0    ";"0    ";"1    ";-15.7506796;-48.6447046;SPRF-DF;DEL03-DF;UOP02-DEL03-DF 
645440;"1449554   ";2024-12-01;domingo;08:40:00;GO;"70   ";"53,1 ";COCALZINHO DE GOIAS;Sim;Conversão proibida;3;Tombamento;Com Vítimas Fatais;Pleno dia;Crescente;Céu Claro;Simples;"Aclive;Reta";Não  ;"1159909   ";Automóvel;FIAT/SIENA ESSENCE 1.6;"2013      ";Condutor;Ileso;"67   ";Masculino;"1 ";"0    ";"0    ";"0    ";-15.7506796;-48.6447046;SPRF-DF;DEL03-DF;UOP02-DEL03-DF 
645440;"1449556   ";2024-12-01;domingo;08:40:00;GO;"70   ";"53,1 ";COCALZINHO DE GOIAS;Sim;Conversão proibida;2;Saída de leito carroçável;Com Vítimas Fatais;Pleno dia;Crescente;Céu Claro;Simples;"Aclive;Reta";Não  ;"1159911   ";Motocicleta;JTA/SUZUKI GSXR1000;"2013      ";Condutor;Óbito;"61   ";Masculino;"0 ";"0    ";"0    ";"1    ";-15.7506796;-48.6447046;SPRF-DF;DEL03-DF;UOP02-DEL03-DF 
645440;"1449554   ";2024-12-01;domingo;08:40:00;GO;"70   ";"53,1 ";COCALZINHO DE GOIAS;Sim;Conversão proibida;2;Saída de leito carroçável;Com Vítimas Fatais;Pleno dia;Crescente;Céu Claro;Simples;"Aclive;Reta";Não  ;"1159909   ";Automóvel;FIAT/SIENA ESSENCE 1.6;"2013      ";Condutor;Ileso;"67   ";Masculino;"1 ";"0    ";"0    ";"0    ";-15.7506796;-48.6447046;SPRF-DF;DEL03-DF;UOP02-DEL03-DF 
645440;"1449556   ";2024-12-01;domingo;08:40:00;GO;"70   ";"53,1 ";COCALZINHO DE GOIAS;Sim;Conversão proibida;1;Colisão transversal;Com Vítimas Fatais;Pleno dia;Crescente;Céu Claro;Simples;"Aclive;Reta";Não  ;"1159911   ";Motocicleta;JTA/SUZUKI GSXR1000;"2013      ";Condutor;Óbito;"61   ";Masculino;"0 ";"0    ";"0    ";"1    ";-15.7506796;-48.6447046;SPRF-DF;DEL03-DF;UOP02-DEL03-DF 
645440;"1449554   ";2024-12-01;domingo;08:40:00;GO;"70   ";"53,1 ";COCALZINHO DE GOIAS;Sim;Conversão proibida;1;Colisão transversal;Com Vítimas Fatais;Pleno dia;Crescente;Céu Claro;Simples;"Aclive;Reta";Não  ;"1159909   ";Automóvel;FIAT/SIENA ESSENCE 1.6;"2013      ";Condutor;Ileso;"67   ";Masculino;"1 ";"0    ";"0    ";"0    ";-15.7506796;-48.6447046;SPRF-DF;DEL03-DF;UOP02-DEL03-DF 
645452;"1449510   ";2024-12-01;domingo;13:00:00;GO;"60   ";"0,9  ";SANTO ANTONIO DO DESCOBERTO;Não;Ausência de reação do condutor;2;Queda de ocupante de veículo;Com Vítimas Feridas;Pleno dia;Crescente;Céu Claro;Dupla;"Declive;Reta;Retorno Regulamentado";Não  ;"1159876   ";Caminhonete;FIAT/STRADA HD WK CC E;"2017      ";Condutor;Ileso;"84   ";Masculino;"1 ";"0    ";"0    ";"0    ";-16.0593089;-48.2629982;SPRF-DF;DEL03-DF;UOP01-DEL03-DF 
645452;"1449509   ";2024-12-01;domingo;13:00:00;GO;"60   ";"0,9  ";SANTO ANTONIO DO DESCOBERTO;Não;Ausência de reação do condutor;2;Queda de ocupante de veículo;Com Vítimas Feridas;Pleno dia;Crescente;Céu Claro;Dupla;"Declive;Reta;Retorno Regulamentado";Não  ;"1159875   ";Motocicleta;HONDA/CG 160 FAN;"2024      ";Condutor;Lesões Leves;"24   ";Masculino;"0 ";"1    ";"0    ";"0    ";-16.0593089;-48.2629982;SPRF-DF;DEL03-DF;UOP01-DEL03-DF 
645452;"1449510   ";2024-12-01;domingo;13:00:00;GO;"60   ";"0,9  ";SANTO ANTONIO DO DESCOBERTO;Não;Ausência de reação do condutor;1;Colisão transversal;Com Vítimas Feridas;Pleno dia;Crescente;Céu Claro;Dupla;"Declive;Reta;Retorno Regulamentado";Não  ;"1159876   ";Caminhonete;FIAT/STRADA HD WK CC E;"2017      ";Condutor;Ileso;"84   ";Masculino;"1 ";"0    ";"0    ";"0    ";-16.0593089;-48.2629982;SPRF-DF;DEL03-DF;UOP01-DEL03-DF 
645452;"1449509   ";2024-12-01;domingo;13:00:00;GO;"60   ";"0,9  ";SANTO ANTONIO DO DESCOBERTO;Não;Ausência de reação do condutor;1;Colisão transversal;Com Vítimas Feridas;Pleno dia;Crescente;Céu Claro;Dupla;"Declive;Reta;Retorno Regulamentado";Não  ;"1159875   ";Motocicleta;HONDA/CG 160 FAN;"2024      ";Condutor;Lesões Leves;"24   ";Masculino;"0 ";"1    ";"0    ";"0    ";-16.0593089;-48.2629982;SPRF-DF;DEL03-DF;UOP01-DEL03-DF 
645452;"1449510   ";2024-12-01;domingo;13:00:00;GO;"60   ";"0,9  ";SANTO ANTONIO DO DESCOBERTO;Sim;Acesso irregular;2;Queda de ocupante de veículo;Com Vítimas Feridas;Pleno dia;Crescente;Céu Claro;Dupla;"Declive;Reta;Retorno Regulamentado";Não  ;"1159876   ";Caminhonete;FIAT/STRADA HD WK CC E;"2017      ";Condutor;Ileso;"84   ";Masculino;"1 ";"0    ";"0    ";"0    ";-16.0593089;-48.2629982;SPRF-DF;DEL03-DF;UOP01-DEL03-DF 
645452;"1449509   ";2024-12-01;domingo;13:00:00;GO;"60   ";"0,9  ";SANTO ANTONIO DO DESCOBERTO;Sim;Acesso irregular;2;Queda de ocupante de veículo;Com Vítimas Feridas;Pleno dia;Crescente;Céu Claro;Dupla;"Declive;Reta;Retorno Regulamentado";Não  ;"1159875   ";Motocicleta;HONDA/CG 160 FAN;"2024      ";Condutor;Lesões Leves;"24   ";Masculino;"0 ";"1    ";"0    ";"0    ";-16.0593089;-48.2629982;SPRF-DF;DEL03-DF;UOP01-DEL03-DF 
645452;"1449510   ";2024-12-01;domingo;13:00:00;GO;"60   ";"0,9  ";SANTO ANTONIO DO DESCOBERTO;Sim;Acesso irregular;1;Colisão transversal;Com Vítimas Feridas;Pleno dia;Crescente;Céu Claro;Dupla;"Declive;Reta;Retorno Regulamentado";Não  ;"1159876   ";Caminhonete;FIAT/STRADA HD WK CC E;"2017      ";Condutor;Ileso;"84   ";Masculino;"1 ";"0    ";"0    ";"0    ";-16.0593089;-48.2629982;SPRF-DF;DEL03-DF;UOP01-DEL03-DF 
645452;"1449509   ";2024-12-01;domingo;13:00:00;GO;"60   ";"0,9  ";SANTO ANTONIO DO DESCOBERTO;Sim;Acesso irregular;1;Colisão transversal;Com Vítimas Feridas;Pleno dia;Crescente;Céu Claro;Dupla;"Declive;Reta;Retorno Regulamentado";Não  ;"1159875   ";Motocicleta;HONDA/CG 160 FAN;"2024      ";Condutor;Lesões Leves;"24   ";Masculino;"0 ";"1    ";"0    ";"0    ";-16.0593089;-48.2629982;SPRF-DF;DEL03-DF;UOP01-DEL03-DF 
645459;"1449619   ";2024-12-01;domingo;12:30:00;DF;"70   ";"10   ";BRASILIA;Não;Reação tardia ou ineficiente do condutor;2;Tombamento;Sem Vítimas;Pleno dia;Crescente;Nublado;Dupla;Reta;Sim  ;"1159962   ";Automóvel;HONDA/HR-V EXL CVT;"2020      ";Condutor;Ileso;"19   ";Masculino;"1 ";"0    ";"0    ";"0    ";-15.7892359;-48.1469679;SPRF-DF;DEL03-DF;UOP02-DEL03-DF 
645459;"1449618   ";2024-12-01;domingo;12:30:00;DF;"70   ";"10   ";BRASILIA;Não;Reação tardia ou ineficiente do condutor;2;Tombamento;Sem Vítimas;Pleno dia;Crescente;Nublado;Dupla;Reta;Sim  ;"1159960   ";Ônibus;MARCOPOLO/VOLARE W9 ON;"2008      ";Condutor;Ileso;"37   ";Masculino;"1 ";"0    ";"0    ";"0    ";-15.7892359;-48.1469679;SPRF-DF;DEL03-DF;UOP02-DEL03-DF 
645459;"1449619   ";2024-12-01;domingo;12:30:00;DF;"70   ";"10   ";BRASILIA;Não;Reação tardia ou ineficiente do condutor;1;Colisão lateral mesmo sentido;Sem Vítimas;Pleno dia;Crescente;Nublado;Dupla;Reta;Sim  ;"1159962   ";Automóvel;HONDA/HR-V EXL CVT;"2020      ";Condutor;Ileso;"19   ";Masculino;"1 ";"0    ";"0    ";"0    ";-15.7892359;-48.1469679;SPRF-DF;DEL03-DF;UOP02-DEL03-DF 
645459;"1449618   ";2024-12-01;domingo;12:30:00;DF;"70   ";"10   ";BRASILIA;Não;Reação tardia ou ineficiente do condutor;1;Colisão lateral mesmo sentido;Sem Vítimas;Pleno dia;Crescente;Nublado;Dupla;Reta;Sim  ;"1159960   ";Ônibus;MARCOPOLO/VOLARE W9 ON;"2008      ";Condutor;Ileso;"37   ";Masculino;"1 ";"0    ";"0    ";"0    ";-15.7892359;-48.1469679;SPRF-DF;DEL03-DF;UOP02-DEL03-DF 
645459;"1449619   ";2024-12-01;domingo;12:30:00;DF;"70   ";"10   ";BRASILIA;Sim;Acessar a via sem observar a presença dos outros veículos;2;Tombamento;Sem Vítimas;Pleno dia;Crescente;Nublado;Dupla;Reta;Sim  ;"1159962   ";Automóvel;HONDA/HR-V EXL CVT;"2020      ";Condutor;Ileso;"19   ";Masculino;"1 ";"0    ";"0    ";"0    ";-15.7892359;-48.1469679;SPRF-DF;DEL03-DF;UOP02-DEL03-DF 
645459;"1449618   ";2024-12-01;domingo;12:30:00;DF;"70   ";"10   ";BRASILIA;Sim;Acessar a via sem observar a presença dos outros veículos;2;Tombamento;Sem Vítimas;Pleno dia;Crescente;Nublado;Dupla;Reta;Sim  ;"1159960   ";Ônibus;MARCOPOLO/VOLARE W9 ON;"2008      ";Condutor;Ileso;"37   ";Masculino;"1 ";"0    ";"0    ";"0    ";-15.7892359;-48.1469679;SPRF-DF;DEL03-DF;UOP02-DEL03-DF 
645459;"1449619   ";2024-12-01;domingo;12:30:00;DF;"70   ";"10   ";BRASILIA;Sim;Acessar a via sem observar a presença dos outros veículos;1;Colisão lateral mesmo sentido;Sem Vítimas;Pleno dia;Crescente;Nublado;Dupla;Reta;Sim  ;"1159962   ";Automóvel;HONDA/HR-V EXL CVT;"2020      ";Condutor;Ileso;"19   ";Masculino;"1 ";"0    ";"0    ";"0    ";-15.7892359;-48.1469679;SPRF-DF;DEL03-DF;UOP02-DEL03-DF 
645459;"1449618   ";2024-12-01;domingo;12:30:00;DF;"70   ";"10   ";BRASILIA;Sim;Acessar a via sem observar a presença dos outros veículos;1;Colisão lateral mesmo sentido;Sem Vítimas;Pleno dia;Crescente;Nublado;Dupla;Reta;Sim  ;"1159960   ";Ônibus;MARCOPOLO/VOLARE W9 ON;"2008      ";Condutor;Ileso;"37   ";Masculino;"1 ";"0    ";"0    ";"0    ";-15.7892359;-48.1469679;SPRF-DF;DEL03-DF;UOP02-DEL03-DF 
645473;"1451552   ";2024-12-01;domingo;15:16:00;DF;"20   ";"20   ";BRASILIA;Sim;Manobra de mudança de faixa;1;Colisão traseira;Sem Vítimas;Pleno dia;Crescente;Céu Claro;Dupla;"Declive;Reta";Sim  ;"1161388   ";Automóvel;VW/VOYAGE 1.6 COMFORTL;"2008      ";Passageiro;Ileso;"5    ";Feminino;"1 ";"0    ";"0    ";"0    ";-15.6079050;-47.6927910;SPRF-DF;DEL02-DF;UOP01-DEL02-DF 
645473;"1451551   ";2024-12-01;domingo;15:16:00;DF;"20   ";"20   ";BRASILIA;Sim;Manobra de mudança de faixa;1;Colisão traseira;Sem Vítimas;Pleno dia;Crescente;Céu Claro;Dupla;"Declive;Reta";Sim  ;"1161388   ";Automóvel;VW/VOYAGE 1.6 COMFORTL;"2008      ";Passageiro;Ileso;"25   ";Feminino;"1 ";"0    ";"0    ";"0    ";-15.6079050;-47.6927910;SPRF-DF;DEL02-DF;UOP01-DEL02-DF 