id;pesid;data_inversa;dia_semana;horario;uf;br;km;municipio;causa_principal;causa_acidente;ordem_tipo_acidente;tipo_acidente;classificacao_acidente;fase_dia;sentido_via;condicao_metereologica;tipo_pista;tracado_via;uso_solo;id_veiculo;tipo_veiculo;marca;ano_fabricacao_veiculo;tipo_envolvido;estado_fisico;idade;sexo;ilesos;feridos_leves;feridos_graves;mortos;latitude;longitude;regional;delegacia;uop
645708;"1450400   ";2024-12-02;segunda-feira;14:20:00;GO;"60   ";"29   ";ALEXANIA;Não;Manobra de mudança de faixa;1;Saída de leito carroçável;Com Vítimas Fatais;Pleno dia;Crescente;Chuva;Dupla;"Reta;Aclive";Não  ;"1160595   ";Utilitário;CHEV/TRAILBLAZER LT D4A;"2022      ";Passageiro;Óbito;"62   ";Masculino;"0 ";"0    ";"0    ";"1    ";-16.0963000;-48.5202000;SPRF-DF;DEL03-DF;UOP01-DEL03-DF 
645708;"1450399   ";2024-12-02;segunda-feira;14:20:00;GO;"60   ";"29   ";ALEXANIA;Não;Manobra de mudança de faixa;1;Saída de leito carroçável;Com Vítimas Fatais;Pleno dia;Crescente;Chuva;Dupla;"Reta;Aclive";Não  ;"1160595   ";Utilitário;CHEV/TRAILBLAZER LT D4A;"2022      ";Condutor;Óbito;"62   ";Masculino;"0 ";"0    ";"0    ";"1    ";-16.0963000;-48.5202000;SPRF-DF;DEL03-DF;UOP01-DEL03-DF 
645708;"1450402   ";2024-12-02;segunda-feira;14:20:00;GO;"60   ";"29   ";ALEXANIA;Não;Manobra de mudança de faixa;2;Colisão frontal;Com Vítimas Fatais;Pleno dia;Crescente;Chuva;Dupla;"Reta;Aclive";Não  ;"1160596   ";Caminhão;SCANIA/P 310 B8X2;"2013      ";Condutor;Ileso;"36   ";Masculino;"1 ";"0    ";"0    ";"0    ";-16.0963000;-48.5202000;SPRF-DF;DEL03-DF;UOP01-DEL03-DF 
645708;"1450401   ";2024-12-02;segunda-feira;14:20:00;GO;"60   ";"29   ";ALEXANIA;Não;Manobra de mudança de faixa;2;Colisão frontal;Com Vítimas Fatais;Pleno dia;Crescente;Chuva;Dupla;"Reta;Aclive";Não  ;"1160595   ";Utilitário;CHEV/TRAILBLAZER LT D4A;"2022      ";Passageiro;Lesões Graves;"57   ";Masculino;"0 ";"0    ";"1    ";"0    ";-16.0963000;-48.5202000;SPRF-DF;DEL03-DF;UOP01-DEL03-DF 
645708;"1450400   ";2024-12-02;segunda-feira;14:20:00;GO;"60   ";"29   ";ALEXANIA;Não;Manobra de mudança de faixa;2;Colisão frontal;Com Vítimas Fatais;Pleno dia;Crescente;Chuva;Dupla;"Reta;Aclive";Não  ;"1160595   ";Utilitário;CHEV/TRAILBLAZER LT D4A;"2022      ";Passageiro;Óbito;"62   ";Masculino;"0 ";"0    ";"0    ";"1    ";-16.0963000;-48.5202000;SPRF-DF;DEL03-DF;UOP01-DEL03-DF 
645708;"1450399   ";2024-12-02;segunda-feira;14:20:00;GO;"60   ";"29   ";ALEXANIA;Não;Manobra de mudança de faixa;2;Colisão frontal;Com Vítimas Fatais;Pleno dia;Crescente;Chuva;Dupla;"Reta;Aclive";Não  ;"1160595   ";Utilitário;CHEV/TRAILBLAZER LT D4A;"2022      ";Condutor;Óbito;"62   ";Masculino;"0 ";"0    ";"0    ";"1    ";-16.0963000;-48.5202000;SPRF-DF;DEL03-DF;UOP01-DEL03-DF 
645708;"1450402   ";2024-12-02;segunda-feira;14:20:00;GO;"60   ";"29   ";ALEXANIA;Não;Declive acentuado;1;Saída de leito carroçável;Com Vítimas Fatais;Pleno dia;Crescente;Chuva;Dupla;"Reta;Aclive";Não  ;"1160596   ";Caminhão;SCANIA/P 310 B8X2;"2013      ";Condutor;Ileso;"36   ";Masculino;"1 ";"0    ";"0    ";"0    ";-16.0963000;-48.5202000;SPRF-DF;DEL03-DF;UOP01-DEL03-DF 
645708;"1450401   ";2024-12-02;segunda-feira;14:20:00;GO;"60   ";"29   ";ALEXANIA;Não;Declive acentuado;1;Saída de leito carroçável;Com Vítimas Fatais;Pleno dia;Crescente;Chuva;Dupla;"Reta;Aclive";Não  ;"1160595   ";Utilitário;CHEV/TRAILBLAZER LT D4A;"2022      ";Passageiro;Lesões Graves;"57   ";Masculino;"0 ";"0    ";"1    ";"0    ";-16.0963000;-48.5202000;SPRF-DF;DEL03-DF;UOP01-DEL03-DF 
645708;"1450400   ";2024-12-02;segunda-feira;14:20:00;GO;"60   ";"29   ";ALEXANIA;Não;Declive acentuado;1;Saída de leito carroçável;Com Vítimas Fatais;Pleno dia;Crescente;Chuva;Dupla;"Reta;Aclive";Não  ;"1160595   ";Utilitário;CHEV/TRAILBLAZER LT D4A;"2022      ";Passageiro;Óbito;"62   ";Masculino;"0 ";"0    ";"0    ";"1    ";-16.0963000;-48.5202000;SPRF-DF;DEL03-DF;UOP01-DEL03-DF 
645708;"1450399   ";2024-12-02;segunda-feira;14:20:00;GO;"60   ";"29   ";ALEXANIA;Não;Declive acentuado;1;Saída de leito carroçável;Com Vítimas Fatais;Pleno dia;Crescente;Chuva;Dupla;"Reta;Aclive";Não  ;"1160595   ";Utilitário;CHEV/TRAILBLAZER LT D4A;"2022      ";Condutor;Óbito;"62   ";Masculino;"0 ";"0    ";"0    ";"1    ";-16.0963000;-48.5202000;SPRF-DF;DEL03-DF;UOP01-DEL03-DF 
645708;"1450402   ";2024-12-02;segunda-feira;14:20:00;GO;"60   ";"29   ";ALEXANIA;Não;Declive acentuado;2;Colisão frontal;Com Vítimas Fatais;Pleno dia;Crescente;Chuva;Dupla;"Reta;Aclive";Não  ;"1160596   ";Caminhão;SCANIA/P 310 B8X2;"2013      ";Condutor;Ileso;"36   ";Masculino;"1 ";"0    ";"0    ";"0    ";-16.0963000;-48.5202000;SPRF-DF;DEL03-DF;UOP01-DEL03-DF 
645708;"1450401   ";2024-12-02;segunda-feira;14:20:00;GO;"60   ";"29   ";ALEXANIA;Não;Declive acentuado;2;Colisão frontal;Com Vítimas Fatais;Pleno dia;Crescente;Chuva;Dupla;"Reta;Aclive";Não  ;"1160595   ";Utilitário;CHEV/TRAILBLAZER LT D4A;"2022      ";Passageiro;Lesões Graves;"57   ";Masculino;"0 ";"0    ";"1    ";"0    ";-16.0963000;-48.5202000;SPRF-DF;DEL03-DF;UOP01-DEL03-DF 
645708;"1450400   ";2024-12-02;segunda-feira;14:20:00;GO;"60   ";"29   ";ALEXANIA;Não;Declive acentuado;2;Colisão frontal;Com Vítimas Fatais;Pleno dia;Crescente;Chuva;Dupla;"Reta;Aclive";Não  ;"1160595   ";Utilitário;CHEV/TRAILBLAZER LT D4A;"2022      ";Passageiro;Óbito;"62   ";Masculino;"0 ";"0    ";"0    ";"1    ";-16.0963000;-48.5202000;SPRF-DF;DEL03-DF;UOP01-DEL03-DF 
645708;"1450399   ";2024-12-02;segunda-feira;14:20:00;GO;"60   ";"29   ";ALEXANIA;Não;Declive acentuado;2;Colisão frontal;Com Vítimas Fatais;Pleno dia;Crescente;Chuva;Dupla;"Reta;Aclive";Não  ;"1160595   ";Utilitário;CHEV/TRAILBLAZER LT D4A;"2022      ";Condutor;Óbito;"62   ";Masculino;"0 ";"0    ";"0    ";"1    ";-16.0963000;-48.5202000;SPRF-DF;DEL03-DF;UOP01-DEL03-DF 
645708;"1450402   ";2024-12-02;segunda-feira;14:20:00;GO;"60   ";"29   ";ALEXANIA;Não;Chuva;1;Saída de leito carroçável;Com Vítimas Fatais;Pleno dia;Crescente;Chuva;Dupla;"Reta;Aclive";Não  ;"1160596   ";Caminhão;SCANIA/P 310 B8X2;"2013      ";Condutor;Ileso;"36   ";Masculino;"1 ";"0    ";"0    ";"0    ";-16.0963000;-48.5202000;SPRF-DF;DEL03-DF;UOP01-DEL03-DF 
645708;"1450401   ";2024-12-02;segunda-feira;14:20:00;GO;"60   ";"29   ";ALEXANIA;Não;Chuva;1;Saída de leito carroçável;Com Vítimas Fatais;Pleno dia;Crescente;Chuva;Dupla;"Reta;Aclive";Não  ;"1160595   ";Utilitário;CHEV/TRAILBLAZER LT D4A;"2022      ";Passageiro;Lesões Graves;"57   ";Masculino;"0 ";"0    ";"1    ";"0    ";-16.0963000;-48.5202000;SPRF-DF;DEL03-DF;UOP01-DEL03-DF 
645708;"1450400   ";2024-12-02;segunda-feira;14:20:00;GO;"60   ";"29   ";ALEXANIA;Não;Chuva;1;Saída de leito carroçável;Com Vítimas Fatais;Pleno dia;Crescente;Chuva;Dupla;"Reta;Aclive";Não  ;"1160595   ";Utilitário;CHEV/TRAILBLAZER LT D4A;"2022      ";Passageiro;Óbito;"62   ";Masculino;"0 ";"0    ";"0    ";"1    ";-16.0963000;-48.5202000;SPRF-DF;DEL03-DF;UOP01-DEL03-DF 
645708;"1450399   ";2024-12-02;segunda-feira;14:20:00;GO;"60   ";"29   ";ALEXANIA;Não;Chuva;1;Saída de leito carroçável;Com Vítimas Fatais;Pleno dia;Crescente;Chuva;Dupla;"Reta;Aclive";Não  ;"1160595   ";Utilitário;CHEV/TRAILBLAZER LT D4A;"2022      ";Condutor;Óbito;"62   ";Masculino;"0 ";"0    ";"0    ";"1    ";-16.0963000;-48.5202000;SPRF-DF;DEL03-DF;UOP01-DEL03-DF 
645708;"1450402   ";2024-12-02;segunda-feira;14:20:00;GO;"60   ";"29   ";ALEXANIA;Não;Chuva;2;Colisão frontal;Com Vítimas Fatais;Pleno dia;Crescente;Chuva;Dupla;"Reta;Aclive";Não  ;"1160596   ";Caminhão;SCANIA/P 310 B8X2;"2013      ";Condutor;Ileso;"36   ";Masculino;"1 ";"0    ";"0    ";"0    ";-16.0963000;-48.5202000;SPRF-DF;DEL03-DF;UOP01-DEL03-DF 
645708;"1450401   ";2024-12-02;segunda-feira;14:20:00;GO;"60   ";"29   ";ALEXANIA;Não;Chuva;2;Colisão frontal;Com Vítimas Fatais;Pleno dia;Crescente;Chuva;Dupla;"Reta;Aclive";Não  ;"1160595   ";Utilitário;CHEV/TRAILBLAZER LT D4A;"2022      ";Passageiro;Lesões Graves;"57   ";Masculino;"0 ";"0    ";"1    ";"0    ";-16.0963000;-48.5202000;SPRF-DF;DEL03-DF;UOP01-DEL03-DF 
645708;"1450400   ";2024-12-02;segunda-feira;14:20:00;GO;"60   ";"29   ";ALEXANIA;Não;Chuva;2;Colisão frontal;Com Vítimas Fatais;Pleno dia;Crescente;Chuva;Dupla;"Reta;Aclive";Não  ;"1160595   ";Utilitário;CHEV/TRAILBLAZER LT D4A;"2022      ";Passageiro;Óbito;"62   ";Masculino;"0 ";"0    ";"0    ";"1    ";-16.0963000;-48.5202000;SPRF-DF;DEL03-DF;UOP01-DEL03-DF 
645708;"1450399   ";2024-12-02;segunda-feira;14:20:00;GO;"60   ";"29   ";ALEXANIA;Não;Chuva;2;Colisão frontal;Com Vítimas Fatais;Pleno dia;Crescente;Chuva;Dupla;"Reta;Aclive";Não  ;"1160595   ";Utilitário;CHEV/TRAILBLAZER LT D4A;"2022      ";Condutor;Óbito;"62   ";Masculino;"0 ";"0    ";"0    ";"1    ";-16.0963000;-48.5202000;SPRF-DF;DEL03-DF;UOP01-DEL03-DF 
645708;"1450402   ";2024-12-02;segunda-feira;14:20:00;GO;"60   ";"29   ";ALEXANIA;Sim;Acumulo de água sobre o pavimento;1;Saída de leito carroçável;Com Vítimas Fatais;Pleno dia;Crescente;Chuva;Dupla;"Reta;Aclive";Não  ;"1160596   ";Caminhão;SCANIA/P 310 B8X2;"2013      ";Condutor;Ileso;"36   ";Masculino;"1 ";"0    ";"0    ";"0    ";-16.0963000;-48.5202000;SPRF-DF;DEL03-DF;UOP01-DEL03-DF 
645708;"1450401   ";2024-12-02;segunda-feira;14:20:00;GO;"60   ";"29   ";ALEXANIA;Sim;Acumulo de água sobre o pavimento;1;Saída de leito carroçável;Com Vítimas Fatais;Pleno dia;Crescente;Chuva;Dupla;"Reta;Aclive";Não  ;"1160595   ";Utilitário;CHEV/TRAILBLAZER LT D4A;"2022      ";Passageiro;Lesões Graves;"57   ";Masculino;"0 ";"0    ";"1    ";"0    ";-16.0963000;-48.5202000;SPRF-DF;DEL03-DF;UOP01-DEL03-DF 
645708;"1450400   ";2024-12-02;segunda-feira;14:20:00;GO;"60   ";"29   ";ALEXANIA;Sim;Acumulo de água sobre o pavimento;1;Saída de leito carroçável;Com Vítimas Fatais;Pleno dia;Crescente;Chuva;Dupla;"Reta;Aclive";Não  ;"1160595   ";Utilitário;CHEV/TRAILBLAZER LT D4A;"2022      ";Passageiro;Óbito;"62   ";Masculino;"0 ";"0    ";"0    ";"1    ";-16.0963000;-48.5202000;SPRF-DF;DEL03-DF;UOP01-DEL03-DF 
645708;"1450399   ";2024-12-02;segunda-feira;14:20:00;GO;"60   ";"29   ";ALEXANIA;Sim;Acumulo de água sobre o pavimento;1;Saída de leito carroçável;Com Vítimas Fatais;Pleno dia;Crescente;Chuva;Dupla;"Reta;Aclive";Não  ;"1160595   ";Utilitário;CHEV/TRAILBLAZER LT D4A;"2022      ";Condutor;Óbito;"62   ";Masculino;"0 ";"0    ";"0    ";"1    ";-16.0963000;-48.5202000;SPRF-DF;DEL03-DF;UOP01-DEL03-DF 
645708;"1450402   ";2024-12-02;segunda-feira;14:20:00;GO;"60   ";"29   ";ALEXANIA;Sim;Acumulo de água sobre o pavimento;2;Colisão frontal;Com Vítimas Fatais;Pleno dia;Crescente;Chuva;Dupla;"Reta;Aclive";Não  ;"1160596   ";Caminhão;SCANIA/P 310 B8X2;"2013      ";Condutor;Ileso;"36   ";Masculino;"1 ";"0    ";"0    ";"0    ";-16.0963000;-48.5202000;SPRF-DF;DEL03-DF;UOP01-DEL03-DF 
645708;"1450401   ";2024-12-02;segunda-feira;14:20:00;GO;"60   ";"29   ";ALEXANIA;Sim;Acumulo de água sobre o pavimento;2;Colisão frontal;Com Vítimas Fatais;Pleno dia;Crescente;Chuva;Dupla;"Reta;Aclive";Não  ;"1160595   ";Utilitário;CHEV/TRAILBLAZER LT D4A;"2022      ";Passageiro;Lesões Graves;"57   ";Masculino;"0 ";"0    ";"1    ";"0    ";-16.0963000;-48.5202000;SPRF-DF;DEL03-DF;UOP01-DEL03-DF 
645708;"1450400   ";2024-12-02;segunda-feira;14:20:00;GO;"60   ";"29   ";ALEXANIA;Sim;Acumulo de água sobre o pavimento;2;Colisão frontal;Com Vítimas Fatais;Pleno dia;Crescente;Chuva;Dupla;"Reta;Aclive";Não  ;"1160595   ";Utilitário;CHEV/TRAILBLAZER LT D4A;"2022      ";Passageiro;Óbito;"62   ";Masculino;"0 ";"0    ";"0    ";"1    ";-16.0963000;-48.5202000;SPRF-DF;DEL03-DF;UOP01-DEL03-DF 
645708;"1450399   ";2024-12-02;segunda-feira;14:20:00;GO;"60   ";"29   ";ALEXANIA;Sim;Acumulo de água sobre o pavimento;2;Colisão frontal;Com Vítimas Fatais;Pleno dia;Crescente;Chuva;Dupla;"Reta;Aclive";Não  ;"1160595   ";Utilitário;CHEV/TRAILBLAZER LT D4A;"2022      ";Condutor;Óbito;"62   ";Masculino;"0 ";"0    ";"0    ";"1    ";-16.0963000;-48.5202000;SPRF-DF;DEL03-DF;UOP01-DEL03-DF 
645724;"1450289   ";2024-12-02;segunda-feira;14:10:00;GO;"40   ";"42   ";LUZIANIA;Não;Pista Escorregadia;1;Colisão frontal;Com Vítimas Fatais;Pleno dia;Crescente;Chuva;Simples;"Declive;Reta";Não  ;"1160502   ";Caminhão-trator;M.BENZ/ACTROS 2546LS;"2013      ";Condutor;Ileso;"45   ";Masculino;"1 ";"0    ";"0    ";"0    ";-16.3767600;-47.8305350;SPRF-DF;DEL01-DF;UOP02-DEL01-DF 
645724;"1450278   ";2024-12-02;segunda-feira;14:10:00;GO;"40   ";"42   ";LUZIANIA;Não;Pista Escorregadia;1;Colisão frontal;Com Vítimas Fatais;Pleno dia;Crescente;Chuva;Simples;"Declive;Reta";Não  ;"1160499   ";Caminhonete;CHEVROLET/S10 LS DS4;"2019      ";Condutor;Óbito;"56   ";Masculino;"0 ";"0    ";"0    ";"1    ";-16.3767600;-47.8305350;SPRF-DF;DEL01-DF;UOP02-DEL01-DF 
645724;"0         ";2024-12-02;segunda-feira;14:10:00;GO;"40   ";"42   ";LUZIANIA;Não;Pista Escorregadia;1;Colisão frontal;Com Vítimas Fatais;Pleno dia;Crescente;Chuva;Simples;"Declive;Reta";Não  ;"1160504   ";Semireboque;SR/RANDON SR CA;"2013      ";"0";"0";"0    ";"0";"0 ";"0    ";"0    ";"0    ";-16.3767600;-47.8305350;SPRF-DF;DEL01-DF;UOP02-DEL01-DF 
645724;"1450289   ";2024-12-02;segunda-feira;14:10:00;GO;"40   ";"42   ";LUZIANIA;Não;Acumulo de água sobre o pavimento;1;Colisão frontal;Com Vítimas Fatais;Pleno dia;Crescente;Chuva;Simples;"Declive;Reta";Não  ;"1160502   ";Caminhão-trator;M.BENZ/ACTROS 2546LS;"2013      ";Condutor;Ileso;"45   ";Masculino;"1 ";"0    ";"0    ";"0    ";-16.3767600;-47.8305350;SPRF-DF;DEL01-DF;UOP02-DEL01-DF 
645724;"1450278   ";2024-12-02;segunda-feira;14:10:00;GO;"40   ";"42   ";LUZIANIA;Não;Acumulo de água sobre o pavimento;1;Colisão frontal;Com Vítimas Fatais;Pleno dia;Crescente;Chuva;Simples;"Declive;Reta";Não  ;"1160499   ";Caminhonete;CHEVROLET/S10 LS DS4;"2019      ";Condutor;Óbito;"56   ";Masculino;"0 ";"0    ";"0    ";"1    ";-16.3767600;-47.8305350;SPRF-DF;DEL01-DF;UOP02-DEL01-DF 
645724;"0         ";2024-12-02;segunda-feira;14:10:00;GO;"40   ";"42   ";LUZIANIA;Não;Acumulo de água sobre o pavimento;1;Colisão frontal;Com Vítimas Fatais;Pleno dia;Crescente;Chuva;Simples;"Declive;Reta";Não  ;"1160504   ";Semireboque;SR/RANDON SR CA;"2013      ";"0";"0";"0    ";"0";"0 ";"0    ";"0    ";"0    ";-16.3767600;-47.8305350;SPRF-DF;DEL01-DF;UOP02-DEL01-DF 
645724;"1450289   ";2024-12-02;segunda-feira;14:10:00;GO;"40   ";"42   ";LUZIANIA;Sim;Avarias e/ou desgaste excessivo no pneu;1;Colisão frontal;Com Vítimas Fatais;Pleno dia;Crescente;Chuva;Simples;"Declive;Reta";Não  ;"1160502   ";Caminhão-trator;M.BENZ/ACTROS 2546LS;"2013      ";Condutor;Ileso;"45   ";Masculino;"1 ";"0    ";"0    ";"0    ";-16.3767600;-47.8305350;SPRF-DF;DEL01-DF;UOP02-DEL01-DF 
645724;"1450278   ";2024-12-02;segunda-feira;14:10:00;GO;"40   ";"42   ";LUZIANIA;Sim;Avarias e/ou desgaste excessivo no pneu;1;Colisão frontal;Com Vítimas Fatais;Pleno dia;Crescente;Chuva;Simples;"Declive;Reta";Não  ;"1160499   ";Caminhonete;CHEVROLET/S10 LS DS4;"2019      ";Condutor;Óbito;"56   ";Masculino;"0 ";"0    ";"0    ";"1    ";-16.3767600;-47.8305350;SPRF-DF;DEL01-DF;UOP02-DEL01-DF 
645724;"0         ";2024-12-02;segunda-feira;14:10:00;GO;"40   ";"42   ";LUZIANIA;Sim;Avarias e/ou desgaste excessivo no pneu;1;Colisão frontal;Com Vítimas Fatais;Pleno dia;Crescente;Chuva;Simples;"Declive;Reta";Não  ;"1160504   ";Semireboque;SR/RANDON SR CA;"2013      ";"0";"0";"0    ";"0";"0 ";"0    ";"0    ";"0    ";-16.3767600;-47.8305350;SPRF-DF;DEL01-DF;UOP02-DEL01-DF 
645837;"1452603   ";2024-12-03;terça-feira;07:30:00;DF;"70   ";"9,3  ";BRASILIA;Sim;Acessar a via sem observar a presença dos outros veículos;1;Colisão transversal;Com Vítimas Feridas;Pleno dia;Decrescente;Nublado;Dupla;"Interseção de Vias;Reta";Sim  ;"1162311   ";Motocicleta;HONDA/CG 160 TITAN EX;"2016      ";Condutor;Lesões Leves;"33   ";Masculino;"0 ";"1    ";"0    ";"0    ";-15.7846150;-48.1320230;SPRF-DF;DEL03-DF;UOP02-DEL03-DF 
645837;"1450428   ";2024-12-03;terça-feira;07:30:00;DF;"70   ";"9,3  ";BRASILIA;Sim;Acessar a via sem observar a presença dos outros veículos;1;Colisão transversal;Com Vítimas Feridas;Pleno dia;Decrescente;Nublado;Dupla;"Interseção de Vias;Reta";Sim  ;"1160629   ";Automóvel;I/JAC J5;"2012      ";Condutor;Ileso;"28   ";Masculino;"1 ";"0    ";"0    ";"0    ";-15.7846150;-48.1320230;SPRF-DF;DEL03-DF;UOP02-DEL03-DF 
645837;"1452603   ";2024-12-03;terça-feira;07:30:00;DF;"70   ";"9,3  ";BRASILIA;Sim;Acessar a via sem observar a presença dos outros veículos;3;Queda de ocupante de veículo;Com Vítimas Feridas;Pleno dia;Decrescente;Nublado;Dupla;"Interseção de Vias;Reta";Sim  ;"1162311   ";Motocicleta;HONDA/CG 160 TITAN EX;"2016      ";Condutor;Lesões Leves;"33   ";Masculino;"0 ";"1    ";"0    ";"0    ";-15.7846150;-48.1320230;SPRF-DF;DEL03-DF;UOP02-DEL03-DF 
645837;"1450428   ";2024-12-03;terça-feira;07:30:00;DF;"70   ";"9,3  ";BRASILIA;Sim;Acessar a via sem observar a presença dos outros veículos;3;Queda de ocupante de veículo;Com Vítimas Feridas;Pleno dia;Decrescente;Nublado;Dupla;"Interseção de Vias;Reta";Sim  ;"1160629   ";Automóvel;I/JAC J5;"2012      ";Condutor;Ileso;"28   ";Masculino;"1 ";"0    ";"0    ";"0    ";-15.7846150;-48.1320230;SPRF-DF;DEL03-DF;UOP02-DEL03-DF 
645837;"1452603   ";2024-12-03;terça-feira;07:30:00;DF;"70   ";"9,3  ";BRASILIA;Sim;Acessar a via sem observar a presença dos outros veículos;2;Tombamento;Com Vítimas Feridas;Pleno dia;Decrescente;Nublado;Dupla;"Interseção de Vias;Reta";Sim  ;"1162311   ";Motocicleta;HONDA/CG 160 TITAN EX;"2016      ";Condutor;Lesões Leves;"33   ";Masculino;"0 ";"1    ";"0    ";"0    ";-15.7846150;-48.1320230;SPRF-DF;DEL03-DF;UOP02-DEL03-DF 
645837;"1450428   ";2024-12-03;terça-feira;07:30:00;DF;"70   ";"9,3  ";BRASILIA;Sim;Acessar a via sem observar a presença dos outros veículos;2;Tombamento;Com Vítimas Feridas;Pleno dia;Decrescente;Nublado;Dupla;"Interseção de Vias;Reta";Sim  ;"1160629   ";Automóvel;I/JAC J5;"2012      ";Condutor;Ileso;"28   ";Masculino;"1 ";"0    ";"0    ";"0    ";-15.7846150;-48.1320230;SPRF-DF;DEL03-DF;UOP02-DEL03-DF 
645964;"1450694   ";2024-11-01;sexta-feira;16:50:00;GO;"414  ";"402  ";CORUMBA DE GOIAS;Sim;Reação tardia ou ineficiente do condutor;1;Engavetamento;Com Vítimas Feridas;Pleno dia;Decrescente;Garoa/Chuvisco;Simples;Reta;Não  ;"1160847   ";Caminhão;Não Informado/Não Informado;"0         ";Condutor;Não Informado;"0    ";Não Informado;"0 ";"0    ";"0    ";"0    ";-15.9914606;-48.8355954;SPRF-GO;DEL02-GO;UOP01-DEL02-GO 
645964;"1450690   ";2024-11-01;sexta-feira;16:50:00;GO;"414  ";"402  ";CORUMBA DE GOIAS;Sim;Reação tardia ou ineficiente do condutor;1;Engavetamento;Com Vítimas Feridas;Pleno dia;Decrescente;Garoa/Chuvisco;Simples;Reta;Não  ;"1160844   ";Automóvel;PEUGEOT/207PASSION XR S;"2010      ";Condutor;Lesões Leves;"80   ";Masculino;"0 ";"1    ";"0    ";"0    ";-15.9914606;-48.8355954;SPRF-GO;DEL02-GO;UOP01-DEL02-GO 
645964;"1450689   ";2024-11-01;sexta-feira;16:50:00;GO;"414  ";"402  ";CORUMBA DE GOIAS;Sim;Reação tardia ou ineficiente do condutor;1;Engavetamento;Com Vítimas Feridas;Pleno dia;Decrescente;Garoa/Chuvisco;Simples;Reta;Não  ;"1160844   ";Automóvel;PEUGEOT/207PASSION XR S;"2010      ";Passageiro;Ileso;"71   ";Feminino;"1 ";"0    ";"0    ";"0    ";-15.9914606;-48.8355954;SPRF-GO;DEL02-GO;UOP01-DEL02-GO 
645964;"1450688   ";2024-11-01;sexta-feira;16:50:00;GO;"414  ";"402  ";CORUMBA DE GOIAS;Sim;Reação tardia ou ineficiente do condutor;1;Engavetamento;Com Vítimas Feridas;Pleno dia;Decrescente;Garoa/Chuvisco;Simples;Reta;Não  ;"1160843   ";Automóvel;VW/NOVO VOYAGE TL MBV;"2017      ";Condutor;Ileso;"36   ";Feminino;"1 ";"0    ";"0    ";"0    ";-15.9914606;-48.8355954;SPRF-GO;DEL02-GO;UOP01-DEL02-GO 
645964;"1450687   ";2024-11-01;sexta-feira;16:50:00;GO;"414  ";"402  ";CORUMBA DE GOIAS;Sim;Reação tardia ou ineficiente do condutor;1;Engavetamento;Com Vítimas Feridas;Pleno dia;Decrescente;Garoa/Chuvisco;Simples;Reta;Não  ;"1160842   ";Automóvel;I/FORD FUSION FWD GTDI;"2013      ";Condutor;Ileso;"35   ";Feminino;"1 ";"0    ";"0    ";"0    ";-15.9914606;-48.8355954;SPRF-GO;DEL02-GO;UOP01-DEL02-GO 
645964;"1450694   ";2024-11-01;sexta-feira;16:50:00;GO;"414  ";"402  ";CORUMBA DE GOIAS;Não;Velocidade Incompatível;1;Engavetamento;Com Vítimas Feridas;Pleno dia;Decrescente;Garoa/Chuvisco;Simples;Reta;Não  ;"1160847   ";Caminhão;Não Informado/Não Informado;"0         ";Condutor;Não Informado;"0    ";Não Informado;"0 ";"0    ";"0    ";"0    ";-15.9914606;-48.8355954;SPRF-GO;DEL02-GO;UOP01-DEL02-GO 
645964;"1450690   ";2024-11-01;sexta-feira;16:50:00;GO;"414  ";"402  ";CORUMBA DE GOIAS;Não;Velocidade Incompatível;1;Engavetamento;Com Vítimas Feridas;Pleno dia;Decrescente;Garoa/Chuvisco;Simples;Reta;Não  ;"1160844   ";Automóvel;PEUGEOT/207PASSION XR S;"2010      ";Condutor;Lesões Leves;"80   ";Masculino;"0 ";"1    ";"0    ";"0    ";-15.9914606;-48.8355954;SPRF-GO;DEL02-GO;UOP01-DEL02-GO 
645964;"1450689   ";2024-11-01;sexta-feira;16:50:00;GO;"414  ";"402  ";CORUMBA DE GOIAS;Não;Velocidade Incompatível;1;Engavetamento;Com Vítimas Feridas;Pleno dia;Decrescente;Garoa/Chuvisco;Simples;Reta;Não  ;"1160844   ";Automóvel;PEUGEOT/207PASSION XR S;"2010      ";Passageiro;Ileso;"71   ";Feminino;"1 ";"0    ";"0    ";"0    ";-15.9914606;-48.8355954;SPRF-GO;DEL02-GO;UOP01-DEL02-GO 
645964;"1450688   ";2024-11-01;sexta-feira;16:50:00;GO;"414  ";"402  ";CORUMBA DE GOIAS;Não;Velocidade Incompatível;1;Engavetamento;Com Vítimas Feridas;Pleno dia;Decrescente;Garoa/Chuvisco;Simples;Reta;Não  ;"1160843   ";Automóvel;VW/NOVO VOYAGE TL MBV;"2017      ";Condutor;Ileso;"36   ";Feminino;"1 ";"0    ";"0    ";"0    ";-15.9914606;-48.8355954;SPRF-GO;DEL02-GO;UOP01-DEL02-GO 
645964;"1450687   ";2024-11-01;sexta-feira;16:50:00;GO;"414  ";"402  ";CORUMBA DE GOIAS;Não;Velocidade Incompatível;1;Engavetamento;Com Vítimas Feridas;Pleno dia;Decrescente;Garoa/Chuvisco;Simples;Reta;Não  ;"1160842   ";Automóvel;I/FORD FUSION FWD GTDI;"2013      ";Condutor;Ileso;"35   ";Feminino;"1 ";"0    ";"0    ";"0    ";-15.9914606;-48.8355954;SPRF-GO;DEL02-GO;UOP01-DEL02-GO 