id;pesid;data_inversa;dia_semana;horario;uf;br;km;municipio;causa_principal;causa_acidente;ordem_tipo_acidente;tipo_acidente;classificacao_acidente;fase_dia;sentido_via;condicao_metereologica;tipo_pista;tracado_via;uso_solo;id_veiculo;tipo_veiculo;marca;ano_fabricacao_veiculo;tipo_envolvido;estado_fisico;idade;sexo;ilesos;feridos_leves;feridos_graves;mortos;latitude;longitude;regional;delegacia;uop
646418;"1451942   ";2024-12-06;sexta-feira;06:01:00;DF;"70   ";"17   ";BRASILIA;Não;Ausência de reação do condutor;1;Colisão lateral mesmo sentido;Com Vítimas Feridas;Pleno dia;Crescente;Céu Claro;Dupla;Reta;Sim  ;"1161768   ";Motocicleta;HONDA/CG 150 TITAN ESD;"2008      ";Condutor;Lesões Leves;"35   ";Masculino;"0 ";"1    ";"0    ";"0    ";-15.7941330;-48.2020950;SPRF-DF;DEL03-DF;UOP02-DEL03-DF 
646418;"1451941   ";2024-12-06;sexta-feira;06:01:00;DF;"70   ";"17   ";BRASILIA;Não;Ausência de reação do condutor;1;Colisão lateral mesmo sentido;Com Vítimas Feridas;Pleno dia;Crescente;Céu Claro;Dupla;Reta;Sim  ;"1161767   ";Ônibus;M.BENZ/INDUSCAR APACHE U;"2012      ";Condutor;Ileso;"34   ";Masculino;"1 ";"0    ";"0    ";"0    ";-15.7941330;-48.2020950;SPRF-DF;DEL03-DF;UOP02-DEL03-DF 
646418;"1451942   ";2024-12-06;sexta-feira;06:01:00;DF;"70   ";"17   ";BRASILIA;Não;Velocidade Incompatível;2;Tombamento;Com Vítimas Feridas;Pleno dia;Crescente;Céu Claro;Dupla;Reta;Sim  ;"1161768   ";Motocicleta;HONDA/CG 150 TITAN ESD;"2008      ";Condutor;Lesões Leves;"35   ";Masculino;"0 ";"1    ";"0    ";"0    ";-15.7941330;-48.2020950;SPRF-DF;DEL03-DF;UOP02-DEL03-DF 
646418;"1451941   ";2024-12-06;sexta-feira;06:01:00;DF;"70   ";"17   ";BRASILIA;Não;Velocidade Incompatível;2;Tombamento;Com Vítimas Feridas;Pleno dia;Crescente;Céu Claro;Dupla;Reta;Sim  ;"1161767   ";Ônibus;M.BENZ/INDUSCAR APACHE U;"2012      ";Condutor;Ileso;"34   ";Masculino;"1 ";"0    ";"0    ";"0    ";-15.7941330;-48.2020950;SPRF-DF;DEL03-DF;UOP02-DEL03-DF 
646418;"1451942   ";2024-12-06;sexta-feira;06:01:00;DF;"70   ";"17   ";BRASILIA;Não;Velocidade Incompatível;1;Colisão lateral mesmo sentido;Com Vítimas Feridas;Pleno dia;Crescente;Céu Claro;Dupla;Reta;Sim  ;"1161768   ";Motocicleta;HONDA/CG 150 TITAN ESD;"2008      ";Condutor;Lesões Leves;"35   ";Masculino;"0 ";"1    ";"0    ";"0    ";-15.7941330;-48.2020950;SPRF-DF;DEL03-DF;UOP02-DEL03-DF 
646418;"1451941   ";2024-12-06;sexta-feira;06:01:00;DF;"70   ";"17   ";BRASILIA;Não;Velocidade Incompatível;1;Colisão lateral mesmo sentido;Com Vítimas Feridas;Pleno dia;Crescente;Céu Claro;Dupla;Reta;Sim  ;"1161767   ";Ônibus;M.BENZ/INDUSCAR APACHE U;"2012      ";Condutor;Ileso;"34   ";Masculino;"1 ";"0    ";"0    ";"0    ";-15.7941330;-48.2020950;SPRF-DF;DEL03-DF;UOP02-DEL03-DF 
646418;"1451942   ";2024-12-06;sexta-feira;06:01:00;DF;"70   ";"17   ";BRASILIA;Sim;Manobra de mudança de faixa;2;Tombamento;Com Vítimas Feridas;Pleno dia;Crescente;Céu Claro;Dupla;Reta;Sim  ;"1161768   ";Motocicleta;HONDA/CG 150 TITAN ESD;"2008      ";Condutor;Lesões Leves;"35   ";Masculino;"0 ";"1    ";"0    ";"0    ";-15.7941330;-48.2020950;SPRF-DF;DEL03-DF;UOP02-DEL03-DF 
646418;"1451941   ";2024-12-06;sexta-feira;06:01:00;DF;"70   ";"17   ";BRASILIA;Sim;Manobra de mudança de faixa;2;Tombamento;Com Vítimas Feridas;Pleno dia;Crescente;Céu Claro;Dupla;Reta;Sim  ;"1161767   ";Ônibus;M.BENZ/INDUSCAR APACHE U;"2012      ";Condutor;Ileso;"34   ";Masculino;"1 ";"0    ";"0    ";"0    ";-15.7941330;-48.2020950;SPRF-DF;DEL03-DF;UOP02-DEL03-DF 
646418;"1451942   ";2024-12-06;sexta-feira;06:01:00;DF;"70   ";"17   ";BRASILIA;Sim;Manobra de mudança de faixa;1;Colisão lateral mesmo sentido;Com Vítimas Feridas;Pleno dia;Crescente;Céu Claro;Dupla;Reta;Sim  ;"1161768   ";Motocicleta;HONDA/CG 150 TITAN ESD;"2008      ";Condutor;Lesões Leves;"35   ";Masculino;"0 ";"1    ";"0    ";"0    ";-15.7941330;-48.2020950;SPRF-DF;DEL03-DF;UOP02-DEL03-DF 
646418;"1451941   ";2024-12-06;sexta-feira;06:01:00;DF;"70   ";"17   ";BRASILIA;Sim;Manobra de mudança de faixa;1;Colisão lateral mesmo sentido;Com Vítimas Feridas;Pleno dia;Crescente;Céu Claro;Dupla;Reta;Sim  ;"1161767   ";Ônibus;M.BENZ/INDUSCAR APACHE U;"2012      ";Condutor;Ileso;"34   ";Masculino;"1 ";"0    ";"0    ";"0    ";-15.7941330;-48.2020950;SPRF-DF;DEL03-DF;UOP02-DEL03-DF 
646450;"1452566   ";2024-12-06;sexta-feira;08:50:00;DF;"20   ";"3    ";BRASILIA;Sim;Manobra de mudança de faixa;1;Colisão traseira;Com Vítimas Feridas;Pleno dia;Decrescente;Céu Claro;Dupla;"Reta;Aclive";Não  ;"1162285   ";Motocicleta;HONDA/CB 500F;"2020      ";Condutor;Ileso;"52   ";Masculino;"1 ";"0    ";"0    ";"0    ";-15.6798510;-47.8322110;SPRF-DF;DEL02-DF;UOP01-DEL02-DF 
646450;"1452568   ";2024-12-06;sexta-feira;08:50:00;DF;"20   ";"3    ";BRASILIA;Sim;Manobra de mudança de faixa;1;Colisão traseira;Com Vítimas Feridas;Pleno dia;Decrescente;Céu Claro;Dupla;"Reta;Aclive";Não  ;"1162285   ";Motocicleta;HONDA/CB 500F;"2020      ";Passageiro;Lesões Leves;"40   ";Feminino;"0 ";"1    ";"0    ";"0    ";-15.6798510;-47.8322110;SPRF-DF;DEL02-DF;UOP01-DEL02-DF 
646450;"1452567   ";2024-12-06;sexta-feira;08:50:00;DF;"20   ";"3    ";BRASILIA;Sim;Manobra de mudança de faixa;1;Colisão traseira;Com Vítimas Feridas;Pleno dia;Decrescente;Céu Claro;Dupla;"Reta;Aclive";Não  ;"1162286   ";Automóvel;TOYOTA/ETIOS SD XLS;"2015      ";Condutor;Ileso;"32   ";Masculino;"1 ";"0    ";"0    ";"0    ";-15.6798510;-47.8322110;SPRF-DF;DEL02-DF;UOP01-DEL02-DF 
646487;"1452612   ";2024-12-06;sexta-feira;13:15:00;DF;"40   ";"7    ";BRASILIA;Sim;Acessar a via sem observar a presença dos outros veículos;1;Colisão lateral mesmo sentido;Com Vítimas Feridas;Pleno dia;Decrescente;Céu Claro;Dupla;Reta;Sim  ;"1162322   ";Motocicleta;HONDA/CB 300R;"2011      ";Condutor;Lesões Graves;"36   ";Masculino;"0 ";"0    ";"1    ";"0    ";-16.0386660;-47.9796910;SPRF-DF;DEL01-DF;UOP01-DEL01-DF 
646504;"1452120   ";2024-12-06;sexta-feira;11:50:00;GO;"40   ";"5    ";VALPARAISO DE GOIAS;Sim;Manobra de mudança de faixa;1;Colisão lateral mesmo sentido;Com Vítimas Feridas;Pleno dia;Decrescente;Sol;Dupla;Reta;Sim  ;"1161899   ";Automóvel;I/JAC E JS1;"2023      ";Condutor;Ileso;"37   ";Masculino;"1 ";"0    ";"0    ";"0    ";-16.0939320;-47.9814649;SPRF-DF;DEL01-DF;UOP01-DEL01-DF 
646504;"1453971   ";2024-12-06;sexta-feira;11:50:00;GO;"40   ";"5    ";VALPARAISO DE GOIAS;Sim;Manobra de mudança de faixa;1;Colisão lateral mesmo sentido;Com Vítimas Feridas;Pleno dia;Decrescente;Sol;Dupla;Reta;Sim  ;"1163255   ";Ônibus;VW/MPOLO TORINO U;"2009      ";Condutor;Ileso;"45   ";Masculino;"1 ";"0    ";"0    ";"0    ";-16.0939320;-47.9814649;SPRF-DF;DEL01-DF;UOP01-DEL01-DF 
646504;"1453962   ";2024-12-06;sexta-feira;11:50:00;GO;"40   ";"5    ";VALPARAISO DE GOIAS;Sim;Manobra de mudança de faixa;1;Colisão lateral mesmo sentido;Com Vítimas Feridas;Pleno dia;Decrescente;Sol;Dupla;Reta;Sim  ;"1163254   ";Motocicleta;HONDA/CG 160 FAN;"2020      ";Condutor;Lesões Leves;"24   ";Masculino;"0 ";"1    ";"0    ";"0    ";-16.0939320;-47.9814649;SPRF-DF;DEL01-DF;UOP01-DEL01-DF 
646504;"1452120   ";2024-12-06;sexta-feira;11:50:00;GO;"40   ";"5    ";VALPARAISO DE GOIAS;Não;Reação tardia ou ineficiente do condutor;1;Colisão lateral mesmo sentido;Com Vítimas Feridas;Pleno dia;Decrescente;Sol;Dupla;Reta;Sim  ;"1161899   ";Automóvel;I/JAC E JS1;"2023      ";Condutor;Ileso;"37   ";Masculino;"1 ";"0    ";"0    ";"0    ";-16.0939320;-47.9814649;SPRF-DF;DEL01-DF;UOP01-DEL01-DF 
646504;"1453971   ";2024-12-06;sexta-feira;11:50:00;GO;"40   ";"5    ";VALPARAISO DE GOIAS;Não;Reação tardia ou ineficiente do condutor;1;Colisão lateral mesmo sentido;Com Vítimas Feridas;Pleno dia;Decrescente;Sol;Dupla;Reta;Sim  ;"1163255   ";Ônibus;VW/MPOLO TORINO U;"2009      ";Condutor;Ileso;"45   ";Masculino;"1 ";"0    ";"0    ";"0    ";-16.0939320;-47.9814649;SPRF-DF;DEL01-DF;UOP01-DEL01-DF 
646504;"1453962   ";2024-12-06;sexta-feira;11:50:00;GO;"40   ";"5    ";VALPARAISO DE GOIAS;Não;Reação tardia ou ineficiente do condutor;1;Colisão lateral mesmo sentido;Com Vítimas Feridas;Pleno dia;Decrescente;Sol;Dupla;Reta;Sim  ;"1163254   ";Motocicleta;HONDA/CG 160 FAN;"2020      ";Condutor;Lesões Leves;"24   ";Masculino;"0 ";"1    ";"0    ";"0    ";-16.0939320;-47.9814649;SPRF-DF;DEL01-DF;UOP01-DEL01-DF 
646504;"1452120   ";2024-12-06;sexta-feira;11:50:00;GO;"40   ";"5    ";VALPARAISO DE GOIAS;Não;Trafegar com motocicleta (ou similar) entre as faixas;1;Colisão lateral mesmo sentido;Com Vítimas Feridas;Pleno dia;Decrescente;Sol;Dupla;Reta;Sim  ;"1161899   ";Automóvel;I/JAC E JS1;"2023      ";Condutor;Ileso;"37   ";Masculino;"1 ";"0    ";"0    ";"0    ";-16.0939320;-47.9814649;SPRF-DF;DEL01-DF;UOP01-DEL01-DF 
646504;"1453971   ";2024-12-06;sexta-feira;11:50:00;GO;"40   ";"5    ";VALPARAISO DE GOIAS;Não;Trafegar com motocicleta (ou similar) entre as faixas;1;Colisão lateral mesmo sentido;Com Vítimas Feridas;Pleno dia;Decrescente;Sol;Dupla;Reta;Sim  ;"1163255   ";Ônibus;VW/MPOLO TORINO U;"2009      ";Condutor;Ileso;"45   ";Masculino;"1 ";"0    ";"0    ";"0    ";-16.0939320;-47.9814649;SPRF-DF;DEL01-DF;UOP01-DEL01-DF 
646504;"1453962   ";2024-12-06;sexta-feira;11:50:00;GO;"40   ";"5    ";VALPARAISO DE GOIAS;Não;Trafegar com motocicleta (ou similar) entre as faixas;1;Colisão lateral mesmo sentido;Com Vítimas Feridas;Pleno dia;Decrescente;Sol;Dupla;Reta;Sim  ;"1163254   ";Motocicleta;HONDA/CG 160 FAN;"2020      ";Condutor;Lesões Leves;"24   ";Masculino;"0 ";"1    ";"0    ";"0    ";-16.0939320;-47.9814649;SPRF-DF;DEL01-DF;UOP01-DEL01-DF 
646504;"1452120   ";2024-12-06;sexta-feira;11:50:00;GO;"40   ";"5    ";VALPARAISO DE GOIAS;Não;Ultrapassagem Indevida;1;Colisão lateral mesmo sentido;Com Vítimas Feridas;Pleno dia;Decrescente;Sol;Dupla;Reta;Sim  ;"1161899   ";Automóvel;I/JAC E JS1;"2023      ";Condutor;Ileso;"37   ";Masculino;"1 ";"0    ";"0    ";"0    ";-16.0939320;-47.9814649;SPRF-DF;DEL01-DF;UOP01-DEL01-DF 
646504;"1453971   ";2024-12-06;sexta-feira;11:50:00;GO;"40   ";"5    ";VALPARAISO DE GOIAS;Não;Ultrapassagem Indevida;1;Colisão lateral mesmo sentido;Com Vítimas Feridas;Pleno dia;Decrescente;Sol;Dupla;Reta;Sim  ;"1163255   ";Ônibus;VW/MPOLO TORINO U;"2009      ";Condutor;Ileso;"45   ";Masculino;"1 ";"0    ";"0    ";"0    ";-16.0939320;-47.9814649;SPRF-DF;DEL01-DF;UOP01-DEL01-DF 
646504;"1453962   ";2024-12-06;sexta-feira;11:50:00;GO;"40   ";"5    ";VALPARAISO DE GOIAS;Não;Ultrapassagem Indevida;1;Colisão lateral mesmo sentido;Com Vítimas Feridas;Pleno dia;Decrescente;Sol;Dupla;Reta;Sim  ;"1163254   ";Motocicleta;HONDA/CG 160 FAN;"2020      ";Condutor;Lesões Leves;"24   ";Masculino;"0 ";"1    ";"0    ";"0    ";-16.0939320;-47.9814649;SPRF-DF;DEL01-DF;UOP01-DEL01-DF 
646504;"1452120   ";2024-12-06;sexta-feira;11:50:00;GO;"40   ";"5    ";VALPARAISO DE GOIAS;Não;Ausência de reação do condutor;1;Colisão lateral mesmo sentido;Com Vítimas Feridas;Pleno dia;Decrescente;Sol;Dupla;Reta;Sim  ;"1161899   ";Automóvel;I/JAC E JS1;"2023      ";Condutor;Ileso;"37   ";Masculino;"1 ";"0    ";"0    ";"0    ";-16.0939320;-47.9814649;SPRF-DF;DEL01-DF;UOP01-DEL01-DF 
646504;"1453971   ";2024-12-06;sexta-feira;11:50:00;GO;"40   ";"5    ";VALPARAISO DE GOIAS;Não;Ausência de reação do condutor;1;Colisão lateral mesmo sentido;Com Vítimas Feridas;Pleno dia;Decrescente;Sol;Dupla;Reta;Sim  ;"1163255   ";Ônibus;VW/MPOLO TORINO U;"2009      ";Condutor;Ileso;"45   ";Masculino;"1 ";"0    ";"0    ";"0    ";-16.0939320;-47.9814649;SPRF-DF;DEL01-DF;UOP01-DEL01-DF 
646504;"1453962   ";2024-12-06;sexta-feira;11:50:00;GO;"40   ";"5    ";VALPARAISO DE GOIAS;Não;Ausência de reação do condutor;1;Colisão lateral mesmo sentido;Com Vítimas Feridas;Pleno dia;Decrescente;Sol;Dupla;Reta;Sim  ;"1163254   ";Motocicleta;HONDA/CG 160 FAN;"2020      ";Condutor;Lesões Leves;"24   ";Masculino;"0 ";"1    ";"0    ";"0    ";-16.0939320;-47.9814649;SPRF-DF;DEL01-DF;UOP01-DEL01-DF 
646610;"1452537   ";2024-12-06;sexta-feira;21:15:00;GO;"153  ";"410  ";PIRENOPOLIS;Sim;Reação tardia ou ineficiente do condutor;1;Colisão lateral sentido oposto;Com Vítimas Feridas;Plena Noite;Crescente;Céu Claro;Simples;Curva;Não  ;"1162263   ";Caminhonete;GM/S10 SERTOES 2.8 D 4X4;"2004      ";Condutor;Ileso;"45   ";Masculino;"1 ";"0    ";"0    ";"0    ";-16.0957640;-49.0338520;SPRF-GO;DEL02-GO;UOP02-DEL02-GO 
646610;"1452536   ";2024-12-06;sexta-feira;21:15:00;GO;"153  ";"410  ";PIRENOPOLIS;Sim;Reação tardia ou ineficiente do condutor;1;Colisão lateral sentido oposto;Com Vítimas Feridas;Plena Noite;Crescente;Céu Claro;Simples;Curva;Não  ;"1162261   ";Automóvel;FORD/KA FLEX;"2010      ";Passageiro;Lesões Leves;"14   ";Feminino;"0 ";"1    ";"0    ";"0    ";-16.0957640;-49.0338520;SPRF-GO;DEL02-GO;UOP02-DEL02-GO 
646610;"1452535   ";2024-12-06;sexta-feira;21:15:00;GO;"153  ";"410  ";PIRENOPOLIS;Sim;Reação tardia ou ineficiente do condutor;1;Colisão lateral sentido oposto;Com Vítimas Feridas;Plena Noite;Crescente;Céu Claro;Simples;Curva;Não  ;"1162261   ";Automóvel;FORD/KA FLEX;"2010      ";Passageiro;Lesões Leves;"9    ";Feminino;"0 ";"1    ";"0    ";"0    ";-16.0957640;-49.0338520;SPRF-GO;DEL02-GO;UOP02-DEL02-GO 
646610;"1452532   ";2024-12-06;sexta-feira;21:15:00;GO;"153  ";"410  ";PIRENOPOLIS;Sim;Reação tardia ou ineficiente do condutor;1;Colisão lateral sentido oposto;Com Vítimas Feridas;Plena Noite;Crescente;Céu Claro;Simples;Curva;Não  ;"1162261   ";Automóvel;FORD/KA FLEX;"2010      ";Condutor;Lesões Leves;"39   ";Masculino;"0 ";"1    ";"0    ";"0    ";-16.0957640;-49.0338520;SPRF-GO;DEL02-GO;UOP02-DEL02-GO 
646610;"1452529   ";2024-12-06;sexta-feira;21:15:00;GO;"153  ";"410  ";PIRENOPOLIS;Sim;Reação tardia ou ineficiente do condutor;1;Colisão lateral sentido oposto;Com Vítimas Feridas;Plena Noite;Crescente;Céu Claro;Simples;Curva;Não  ;"1162258   ";Automóvel;CHEV/PRISMA 1.4AT LTZ;"2019      ";Condutor;Ileso;"75   ";Masculino;"1 ";"0    ";"0    ";"0    ";-16.0957640;-49.0338520;SPRF-GO;DEL02-GO;UOP02-DEL02-GO 
646611;"1452526   ";2024-12-06;sexta-feira;20:00:00;GO;"40   ";"26   ";LUZIANIA;Sim;Demais falhas mecânicas ou elétricas;1;Incêndio;Sem Vítimas;Plena Noite;Decrescente;Céu Claro;Dupla;Reta;Não  ;"1162255   ";Caminhão-trator;DAF/XF FTT 530;"2021      ";Passageiro;Ileso;"37   ";Masculino;"1 ";"0    ";"0    ";"0    ";-16.2593836;-47.8949339;SPRF-DF;DEL01-DF;UOP01-DEL01-DF 
646611;"1452525   ";2024-12-06;sexta-feira;20:00:00;GO;"40   ";"26   ";LUZIANIA;Sim;Demais falhas mecânicas ou elétricas;1;Incêndio;Sem Vítimas;Plena Noite;Decrescente;Céu Claro;Dupla;Reta;Não  ;"1162255   ";Caminhão-trator;DAF/XF FTT 530;"2021      ";Condutor;Ileso;"46   ";Masculino;"1 ";"0    ";"0    ";"0    ";-16.2593836;-47.8949339;SPRF-DF;DEL01-DF;UOP01-DEL01-DF 
646611;"0         ";2024-12-06;sexta-feira;20:00:00;GO;"40   ";"26   ";LUZIANIA;Sim;Demais falhas mecânicas ou elétricas;1;Incêndio;Sem Vítimas;Plena Noite;Decrescente;Céu Claro;Dupla;Reta;Não  ;"1162256   ";Semireboque;REB/ROSSETTI SRBA ST3.25;"2019      ";"0";"0";"0    ";"0";"0 ";"0    ";"0    ";"0    ";-16.2593836;-47.8949339;SPRF-DF;DEL01-DF;UOP01-DEL01-DF 
646674;"1452484   ";2024-12-07;sábado;02:54:00;DF;"40   ";"7    ";BRASILIA;Não;Ausência de reação do condutor;3;Queda de ocupante de veículo;Com Vítimas Feridas;Plena Noite;Crescente;Céu Claro;Dupla;"Reta;Declive";Não  ;"1162230   ";Motocicleta;YAMAHA/YBR125 FACTOR ED;"2013      ";Passageiro;Lesões Leves;"25   ";Feminino;"0 ";"1    ";"0    ";"0    ";-16.0386660;-47.9796910;SPRF-DF;DEL01-DF;UOP01-DEL01-DF 
646674;"1452483   ";2024-12-07;sábado;02:54:00;DF;"40   ";"7    ";BRASILIA;Não;Ausência de reação do condutor;3;Queda de ocupante de veículo;Com Vítimas Feridas;Plena Noite;Crescente;Céu Claro;Dupla;"Reta;Declive";Não  ;"1162230   ";Motocicleta;YAMAHA/YBR125 FACTOR ED;"2013      ";Condutor;Lesões Leves;"24   ";Masculino;"0 ";"1    ";"0    ";"0    ";-16.0386660;-47.9796910;SPRF-DF;DEL01-DF;UOP01-DEL01-DF 
646674;"1452482   ";2024-12-07;sábado;02:54:00;DF;"40   ";"7    ";BRASILIA;Não;Ausência de reação do condutor;3;Queda de ocupante de veículo;Com Vítimas Feridas;Plena Noite;Crescente;Céu Claro;Dupla;"Reta;Declive";Não  ;"1162229   ";Motocicleta;HONDA/CG 160 TITAN;"2022      ";Condutor;Ileso;"24   ";Masculino;"1 ";"0    ";"0    ";"0    ";-16.0386660;-47.9796910;SPRF-DF;DEL01-DF;UOP01-DEL01-DF 
646674;"1452484   ";2024-12-07;sábado;02:54:00;DF;"40   ";"7    ";BRASILIA;Não;Ausência de reação do condutor;2;Tombamento;Com Vítimas Feridas;Plena Noite;Crescente;Céu Claro;Dupla;"Reta;Declive";Não  ;"1162230   ";Motocicleta;YAMAHA/YBR125 FACTOR ED;"2013      ";Passageiro;Lesões Leves;"25   ";Feminino;"0 ";"1    ";"0    ";"0    ";-16.0386660;-47.9796910;SPRF-DF;DEL01-DF;UOP01-DEL01-DF 
646674;"1452483   ";2024-12-07;sábado;02:54:00;DF;"40   ";"7    ";BRASILIA;Não;Ausência de reação do condutor;2;Tombamento;Com Vítimas Feridas;Plena Noite;Crescente;Céu Claro;Dupla;"Reta;Declive";Não  ;"1162230   ";Motocicleta;YAMAHA/YBR125 FACTOR ED;"2013      ";Condutor;Lesões Leves;"24   ";Masculino;"0 ";"1    ";"0    ";"0    ";-16.0386660;-47.9796910;SPRF-DF;DEL01-DF;UOP01-DEL01-DF 
646674;"1452482   ";2024-12-07;sábado;02:54:00;DF;"40   ";"7    ";BRASILIA;Não;Ausência de reação do condutor;2;Tombamento;Com Vítimas Feridas;Plena Noite;Crescente;Céu Claro;Dupla;"Reta;Declive";Não  ;"1162229   ";Motocicleta;HONDA/CG 160 TITAN;"2022      ";Condutor;Ileso;"24   ";Masculino;"1 ";"0    ";"0    ";"0    ";-16.0386660;-47.9796910;SPRF-DF;DEL01-DF;UOP01-DEL01-DF 
646674;"1452484   ";2024-12-07;sábado;02:54:00;DF;"40   ";"7    ";BRASILIA;Não;Ausência de reação do condutor;1;Colisão traseira;Com Vítimas Feridas;Plena Noite;Crescente;Céu Claro;Dupla;"Reta;Declive";Não  ;"1162230   ";Motocicleta;YAMAHA/YBR125 FACTOR ED;"2013      ";Passageiro;Lesões Leves;"25   ";Feminino;"0 ";"1    ";"0    ";"0    ";-16.0386660;-47.9796910;SPRF-DF;DEL01-DF;UOP01-DEL01-DF 
646674;"1452483   ";2024-12-07;sábado;02:54:00;DF;"40   ";"7    ";BRASILIA;Não;Ausência de reação do condutor;1;Colisão traseira;Com Vítimas Feridas;Plena Noite;Crescente;Céu Claro;Dupla;"Reta;Declive";Não  ;"1162230   ";Motocicleta;YAMAHA/YBR125 FACTOR ED;"2013      ";Condutor;Lesões Leves;"24   ";Masculino;"0 ";"1    ";"0    ";"0    ";-16.0386660;-47.9796910;SPRF-DF;DEL01-DF;UOP01-DEL01-DF 
646674;"1452482   ";2024-12-07;sábado;02:54:00;DF;"40   ";"7    ";BRASILIA;Não;Ausência de reação do condutor;1;Colisão traseira;Com Vítimas Feridas;Plena Noite;Crescente;Céu Claro;Dupla;"Reta;Declive";Não  ;"1162229   ";Motocicleta;HONDA/CG 160 TITAN;"2022      ";Condutor;Ileso;"24   ";Masculino;"1 ";"0    ";"0    ";"0    ";-16.0386660;-47.9796910;SPRF-DF;DEL01-DF;UOP01-DEL01-DF 
646674;"1452484   ";2024-12-07;sábado;02:54:00;DF;"40   ";"7    ";BRASILIA;Sim;Condutor deixou de manter distância do veículo da frente;3;Queda de ocupante de veículo;Com Vítimas Feridas;Plena Noite;Crescente;Céu Claro;Dupla;"Reta;Declive";Não  ;"1162230   ";Motocicleta;YAMAHA/YBR125 FACTOR ED;"2013      ";Passageiro;Lesões Leves;"25   ";Feminino;"0 ";"1    ";"0    ";"0    ";-16.0386660;-47.9796910;SPRF-DF;DEL01-DF;UOP01-DEL01-DF 
646674;"1452483   ";2024-12-07;sábado;02:54:00;DF;"40   ";"7    ";BRASILIA;Sim;Condutor deixou de manter distância do veículo da frente;3;Queda de ocupante de veículo;Com Vítimas Feridas;Plena Noite;Crescente;Céu Claro;Dupla;"Reta;Declive";Não  ;"1162230   ";Motocicleta;YAMAHA/YBR125 FACTOR ED;"2013      ";Condutor;Lesões Leves;"24   ";Masculino;"0 ";"1    ";"0    ";"0    ";-16.0386660;-47.9796910;SPRF-DF;DEL01-DF;UOP01-DEL01-DF 
646674;"1452482   ";2024-12-07;sábado;02:54:00;DF;"40   ";"7    ";BRASILIA;Sim;Condutor deixou de manter distância do veículo da frente;3;Queda de ocupante de veículo;Com Vítimas Feridas;Plena Noite;Crescente;Céu Claro;Dupla;"Reta;Declive";Não  ;"1162229   ";Motocicleta;HONDA/CG 160 TITAN;"2022      ";Condutor;Ileso;"24   ";Masculino;"1 ";"0    ";"0    ";"0    ";-16.0386660;-47.9796910;SPRF-DF;DEL01-DF;UOP01-DEL01-DF 
646674;"1452484   ";2024-12-07;sábado;02:54:00;DF;"40   ";"7    ";BRASILIA;Sim;Condutor deixou de manter distância do veículo da frente;2;Tombamento;Com Vítimas Feridas;Plena Noite;Crescente;Céu Claro;Dupla;"Reta;Declive";Não  ;"1162230   ";Motocicleta;YAMAHA/YBR125 FACTOR ED;"2013      ";Passageiro;Lesões Leves;"25   ";Feminino;"0 ";"1    ";"0    ";"0    ";-16.0386660;-47.9796910;SPRF-DF;DEL01-DF;UOP01-DEL01-DF 
646674;"1452483   ";2024-12-07;sábado;02:54:00;DF;"40   ";"7    ";BRASILIA;Sim;Condutor deixou de manter distância do veículo da frente;2;Tombamento;Com Vítimas Feridas;Plena Noite;Crescente;Céu Claro;Dupla;"Reta;Declive";Não  ;"1162230   ";Motocicleta;YAMAHA/YBR125 FACTOR ED;"2013      ";Condutor;Lesões Leves;"24   ";Masculino;"0 ";"1    ";"0    ";"0    ";-16.0386660;-47.9796910;SPRF-DF;DEL01-DF;UOP01-DEL01-DF 
646674;"1452482   ";2024-12-07;sábado;02:54:00;DF;"40   ";"7    ";BRASILIA;Sim;Condutor deixou de manter distância do veículo da frente;2;Tombamento;Com Vítimas Feridas;Plena Noite;Crescente;Céu Claro;Dupla;"Reta;Declive";Não  ;"1162229   ";Motocicleta;HONDA/CG 160 TITAN;"2022      ";Condutor;Ileso;"24   ";Masculino;"1 ";"0    ";"0    ";"0    ";-16.0386660;-47.9796910;SPRF-DF;DEL01-DF;UOP01-DEL01-DF 
646674;"1452484   ";2024-12-07;sábado;02:54:00;DF;"40   ";"7    ";BRASILIA;Sim;Condutor deixou de manter distância do veículo da frente;1;Colisão traseira;Com Vítimas Feridas;Plena Noite;Crescente;Céu Claro;Dupla;"Reta;Declive";Não  ;"1162230   ";Motocicleta;YAMAHA/YBR125 FACTOR ED;"2013      ";Passageiro;Lesões Leves;"25   ";Feminino;"0 ";"1    ";"0    ";"0    ";-16.0386660;-47.9796910;SPRF-DF;DEL01-DF;UOP01-DEL01-DF 
646674;"1452483   ";2024-12-07;sábado;02:54:00;DF;"40   ";"7    ";BRASILIA;Sim;Condutor deixou de manter distância do veículo da frente;1;Colisão traseira;Com Vítimas Feridas;Plena Noite;Crescente;Céu Claro;Dupla;"Reta;Declive";Não  ;"1162230   ";Motocicleta;YAMAHA/YBR125 FACTOR ED;"2013      ";Condutor;Lesões Leves;"24   ";Masculino;"0 ";"1    ";"0    ";"0    ";-16.0386660;-47.9796910;SPRF-DF;DEL01-DF;UOP01-DEL01-DF 
646674;"1452482   ";2024-12-07;sábado;02:54:00;DF;"40   ";"7    ";BRASILIA;Sim;Condutor deixou de manter distância do veículo da frente;1;Colisão traseira;Com Vítimas Feridas;Plena Noite;Crescente;Céu Claro;Dupla;"Reta;Declive";Não  ;"1162229   ";Motocicleta;HONDA/CG 160 TITAN;"2022      ";Condutor;Ileso;"24   ";Masculino;"1 ";"0    ";"0    ";"0    ";-16.0386660;-47.9796910;SPRF-DF;DEL01-DF;UOP01-DEL01-DF 