id;pesid;data_inversa;dia_semana;horario;uf;br;km;municipio;causa_principal;causa_acidente;ordem_tipo_acidente;tipo_acidente;classificacao_acidente;fase_dia;sentido_via;condicao_metereologica;tipo_pista;tracado_via;uso_solo;id_veiculo;tipo_veiculo;marca;ano_fabricacao_veiculo;tipo_envolvido;estado_fisico;idade;sexo;ilesos;feridos_leves;feridos_graves;mortos;latitude;longitude;regional;delegacia;uop
646709;"1452678   ";2024-12-07;sábado;06:30:00;DF;"20   ";"0    ";BRASILIA;Sim;Velocidade Incompatível;1;Saída de leito carroçável;Com Vítimas Feridas;Pleno dia;Crescente;Céu Claro;Dupla;Reta;Sim  ;"1162388   ";Automóvel;FIAT/PALIO FIRE;"2015      ";Condutor;Lesões Leves;"40   ";Feminino;"0 ";"1    ";"0    ";"0    ";-15.6881450;-47.8587970;SPRF-DF;DEL02-DF;UOP01-DEL02-DF 
646749;"0         ";2024-10-29;terça-feira;06:34:00;GO;"40   ";"76   ";CRISTALINA;Não;Sinalização mal posicionada;2;Atropelamento de Pedestre;Com Vítimas Fatais;Pleno dia;Crescente;Céu Claro;Simples;"Em Obras;Reta";Sim  ;"1162377   ";Semireboque;SR/RANDON TQ PP 03E;"2022      ";"0";"0";"0    ";"0";"0 ";"0    ";"0    ";"0    ";-16.6445450;-47.7394790;SPRF-DF;DEL01-DF;UOP02-DEL01-DF 
646749;"0         ";2024-10-29;terça-feira;06:34:00;GO;"40   ";"76   ";CRISTALINA;Não;Sinalização mal posicionada;2;Atropelamento de Pedestre;Com Vítimas Fatais;Pleno dia;Crescente;Céu Claro;Simples;"Em Obras;Reta";Sim  ;"1162376   ";Semireboque;SR/RANDON SR TQ PP BTD3E;"2022      ";"0";"0";"0    ";"0";"0 ";"0    ";"0    ";"0    ";-16.6445450;-47.7394790;SPRF-DF;DEL01-DF;UOP02-DEL01-DF 
646749;"1452667   ";2024-10-29;terça-feira;06:34:00;GO;"40   ";"76   ";CRISTALINA;Não;Sinalização mal posicionada;2;Atropelamento de Pedestre;Com Vítimas Fatais;Pleno dia;Crescente;Céu Claro;Simples;"Em Obras;Reta";Sim  ;"1162375   ";Motocicleta;HONDA/CRF 1100L DCT;"2024      ";Condutor;Óbito;"38   ";Masculino;"0 ";"0    ";"0    ";"1    ";-16.6445450;-47.7394790;SPRF-DF;DEL01-DF;UOP02-DEL01-DF 
646749;"1452666   ";2024-10-29;terça-feira;06:34:00;GO;"40   ";"76   ";CRISTALINA;Não;Sinalização mal posicionada;2;Atropelamento de Pedestre;Com Vítimas Fatais;Pleno dia;Crescente;Céu Claro;Simples;"Em Obras;Reta";Sim  ;"1162374   ";Caminhão-trator;VOLVO/FH 540 6X4T;"2024      ";Condutor;Ileso;"58   ";Masculino;"1 ";"0    ";"0    ";"0    ";-16.6445450;-47.7394790;SPRF-DF;DEL01-DF;UOP02-DEL01-DF 
646749;"0         ";2024-10-29;terça-feira;06:34:00;GO;"40   ";"76   ";CRISTALINA;Não;Sinalização mal posicionada;1;Queda de ocupante de veículo;Com Vítimas Fatais;Pleno dia;Crescente;Céu Claro;Simples;"Em Obras;Reta";Sim  ;"1162377   ";Semireboque;SR/RANDON TQ PP 03E;"2022      ";"0";"0";"0    ";"0";"0 ";"0    ";"0    ";"0    ";-16.6445450;-47.7394790;SPRF-DF;DEL01-DF;UOP02-DEL01-DF 
646749;"0         ";2024-10-29;terça-feira;06:34:00;GO;"40   ";"76   ";CRISTALINA;Não;Sinalização mal posicionada;1;Queda de ocupante de veículo;Com Vítimas Fatais;Pleno dia;Crescente;Céu Claro;Simples;"Em Obras;Reta";Sim  ;"1162376   ";Semireboque;SR/RANDON SR TQ PP BTD3E;"2022      ";"0";"0";"0    ";"0";"0 ";"0    ";"0    ";"0    ";-16.6445450;-47.7394790;SPRF-DF;DEL01-DF;UOP02-DEL01-DF 
646749;"1452667   ";2024-10-29;terça-feira;06:34:00;GO;"40   ";"76   ";CRISTALINA;Não;Sinalização mal posicionada;1;Queda de ocupante de veículo;Com Vítimas Fatais;Pleno dia;Crescente;Céu Claro;Simples;"Em Obras;Reta";Sim  ;"1162375   ";Motocicleta;HONDA/CRF 1100L DCT;"2024      ";Condutor;Óbito;"38   ";Masculino;"0 ";"0    ";"0    ";"1    ";-16.6445450;-47.7394790;SPRF-DF;DEL01-DF;UOP02-DEL01-DF 
646749;"1452666   ";2024-10-29;terça-feira;06:34:00;GO;"40   ";"76   ";CRISTALINA;Não;Sinalização mal posicionada;1;Queda de ocupante de veículo;Com Vítimas Fatais;Pleno dia;Crescente;Céu Claro;Simples;"Em Obras;Reta";Sim  ;"1162374   ";Caminhão-trator;VOLVO/FH 540 6X4T;"2024      ";Condutor;Ileso;"58   ";Masculino;"1 ";"0    ";"0    ";"0    ";-16.6445450;-47.7394790;SPRF-DF;DEL01-DF;UOP02-DEL01-DF 
646749;"0         ";2024-10-29;terça-feira;06:34:00;GO;"40   ";"76   ";CRISTALINA;Sim;Demais falhas na via;2;Atropelamento de Pedestre;Com Vítimas Fatais;Pleno dia;Crescente;Céu Claro;Simples;"Em Obras;Reta";Sim  ;"1162377   ";Semireboque;SR/RANDON TQ PP 03E;"2022      ";"0";"0";"0    ";"0";"0 ";"0    ";"0    ";"0    ";-16.6445450;-47.7394790;SPRF-DF;DEL01-DF;UOP02-DEL01-DF 
646749;"0         ";2024-10-29;terça-feira;06:34:00;GO;"40   ";"76   ";CRISTALINA;Sim;Demais falhas na via;2;Atropelamento de Pedestre;Com Vítimas Fatais;Pleno dia;Crescente;Céu Claro;Simples;"Em Obras;Reta";Sim  ;"1162376   ";Semireboque;SR/RANDON SR TQ PP BTD3E;"2022      ";"0";"0";"0    ";"0";"0 ";"0    ";"0    ";"0    ";-16.6445450;-47.7394790;SPRF-DF;DEL01-DF;UOP02-DEL01-DF 
646749;"1452667   ";2024-10-29;terça-feira;06:34:00;GO;"40   ";"76   ";CRISTALINA;Sim;Demais falhas na via;2;Atropelamento de Pedestre;Com Vítimas Fatais;Pleno dia;Crescente;Céu Claro;Simples;"Em Obras;Reta";Sim  ;"1162375   ";Motocicleta;HONDA/CRF 1100L DCT;"2024      ";Condutor;Óbito;"38   ";Masculino;"0 ";"0    ";"0    ";"1    ";-16.6445450;-47.7394790;SPRF-DF;DEL01-DF;UOP02-DEL01-DF 
646749;"1452666   ";2024-10-29;terça-feira;06:34:00;GO;"40   ";"76   ";CRISTALINA;Sim;Demais falhas na via;2;Atropelamento de Pedestre;Com Vítimas Fatais;Pleno dia;Crescente;Céu Claro;Simples;"Em Obras;Reta";Sim  ;"1162374   ";Caminhão-trator;VOLVO/FH 540 6X4T;"2024      ";Condutor;Ileso;"58   ";Masculino;"1 ";"0    ";"0    ";"0    ";-16.6445450;-47.7394790;SPRF-DF;DEL01-DF;UOP02-DEL01-DF 
646749;"0         ";2024-10-29;terça-feira;06:34:00;GO;"40   ";"76   ";CRISTALINA;Sim;Demais falhas na via;1;Queda de ocupante de veículo;Com Vítimas Fatais;Pleno dia;Crescente;Céu Claro;Simples;"Em Obras;Reta";Sim  ;"1162377   ";Semireboque;SR/RANDON TQ PP 03E;"2022      ";"0";"0";"0    ";"0";"0 ";"0    ";"0    ";"0    ";-16.6445450;-47.7394790;SPRF-DF;DEL01-DF;UOP02-DEL01-DF 
646749;"0         ";2024-10-29;terça-feira;06:34:00;GO;"40   ";"76   ";CRISTALINA;Sim;Demais falhas na via;1;Queda de ocupante de veículo;Com Vítimas Fatais;Pleno dia;Crescente;Céu Claro;Simples;"Em Obras;Reta";Sim  ;"1162376   ";Semireboque;SR/RANDON SR TQ PP BTD3E;"2022      ";"0";"0";"0    ";"0";"0 ";"0    ";"0    ";"0    ";-16.6445450;-47.7394790;SPRF-DF;DEL01-DF;UOP02-DEL01-DF 
646749;"1452667   ";2024-10-29;terça-feira;06:34:00;GO;"40   ";"76   ";CRISTALINA;Sim;Demais falhas na via;1;Queda de ocupante de veículo;Com Vítimas Fatais;Pleno dia;Crescente;Céu Claro;Simples;"Em Obras;Reta";Sim  ;"1162375   ";Motocicleta;HONDA/CRF 1100L DCT;"2024      ";Condutor;Óbito;"38   ";Masculino;"0 ";"0    ";"0    ";"1    ";-16.6445450;-47.7394790;SPRF-DF;DEL01-DF;UOP02-DEL01-DF 
646749;"1452666   ";2024-10-29;terça-feira;06:34:00;GO;"40   ";"76   ";CRISTALINA;Sim;Demais falhas na via;1;Queda de ocupante de veículo;Com Vítimas Fatais;Pleno dia;Crescente;Céu Claro;Simples;"Em Obras;Reta";Sim  ;"1162374   ";Caminhão-trator;VOLVO/FH 540 6X4T;"2024      ";Condutor;Ileso;"58   ";Masculino;"1 ";"0    ";"0    ";"0    ";-16.6445450;-47.7394790;SPRF-DF;DEL01-DF;UOP02-DEL01-DF 
646855;"1453002   ";2024-12-07;sábado;18:45:00;GO;"40   ";"7    ";VALPARAISO DE GOIAS;Sim;Ausência de reação do condutor;2;Queda de ocupante de veículo;Com Vítimas Feridas;Anoitecer;Crescente;Céu Claro;Múltipla;Reta;Sim  ;"1162626   ";Motocicleta;HONDA/CG 160 CARGO;"2023      ";Passageiro;Lesões Leves;"22   ";Feminino;"0 ";"1    ";"0    ";"0    ";-16.1084820;-47.9725240;SPRF-DF;DEL01-DF;UOP01-DEL01-DF 
646855;"1453001   ";2024-12-07;sábado;18:45:00;GO;"40   ";"7    ";VALPARAISO DE GOIAS;Sim;Ausência de reação do condutor;2;Queda de ocupante de veículo;Com Vítimas Feridas;Anoitecer;Crescente;Céu Claro;Múltipla;Reta;Sim  ;"1162626   ";Motocicleta;HONDA/CG 160 CARGO;"2023      ";Condutor;Lesões Leves;"27   ";Masculino;"0 ";"1    ";"0    ";"0    ";-16.1084820;-47.9725240;SPRF-DF;DEL01-DF;UOP01-DEL01-DF 
646855;"1453000   ";2024-12-07;sábado;18:45:00;GO;"40   ";"7    ";VALPARAISO DE GOIAS;Sim;Ausência de reação do condutor;2;Queda de ocupante de veículo;Com Vítimas Feridas;Anoitecer;Crescente;Céu Claro;Múltipla;Reta;Sim  ;"1162622   ";Automóvel;IMP/FORD ESCORT GL 16V H;"1999      ";Passageiro;Ileso;"59   ";Feminino;"1 ";"0    ";"0    ";"0    ";-16.1084820;-47.9725240;SPRF-DF;DEL01-DF;UOP01-DEL01-DF 
646855;"1452999   ";2024-12-07;sábado;18:45:00;GO;"40   ";"7    ";VALPARAISO DE GOIAS;Sim;Ausência de reação do condutor;2;Queda de ocupante de veículo;Com Vítimas Feridas;Anoitecer;Crescente;Céu Claro;Múltipla;Reta;Sim  ;"1162622   ";Automóvel;IMP/FORD ESCORT GL 16V H;"1999      ";Passageiro;Ileso;"70   ";Masculino;"1 ";"0    ";"0    ";"0    ";-16.1084820;-47.9725240;SPRF-DF;DEL01-DF;UOP01-DEL01-DF 
646855;"1452998   ";2024-12-07;sábado;18:45:00;GO;"40   ";"7    ";VALPARAISO DE GOIAS;Sim;Ausência de reação do condutor;2;Queda de ocupante de veículo;Com Vítimas Feridas;Anoitecer;Crescente;Céu Claro;Múltipla;Reta;Sim  ;"1162622   ";Automóvel;IMP/FORD ESCORT GL 16V H;"1999      ";Condutor;Ileso;"24   ";Masculino;"1 ";"0    ";"0    ";"0    ";-16.1084820;-47.9725240;SPRF-DF;DEL01-DF;UOP01-DEL01-DF 
646855;"1453002   ";2024-12-07;sábado;18:45:00;GO;"40   ";"7    ";VALPARAISO DE GOIAS;Sim;Ausência de reação do condutor;1;Colisão traseira;Com Vítimas Feridas;Anoitecer;Crescente;Céu Claro;Múltipla;Reta;Sim  ;"1162626   ";Motocicleta;HONDA/CG 160 CARGO;"2023      ";Passageiro;Lesões Leves;"22   ";Feminino;"0 ";"1    ";"0    ";"0    ";-16.1084820;-47.9725240;SPRF-DF;DEL01-DF;UOP01-DEL01-DF 
646855;"1453001   ";2024-12-07;sábado;18:45:00;GO;"40   ";"7    ";VALPARAISO DE GOIAS;Sim;Ausência de reação do condutor;1;Colisão traseira;Com Vítimas Feridas;Anoitecer;Crescente;Céu Claro;Múltipla;Reta;Sim  ;"1162626   ";Motocicleta;HONDA/CG 160 CARGO;"2023      ";Condutor;Lesões Leves;"27   ";Masculino;"0 ";"1    ";"0    ";"0    ";-16.1084820;-47.9725240;SPRF-DF;DEL01-DF;UOP01-DEL01-DF 
646855;"1453000   ";2024-12-07;sábado;18:45:00;GO;"40   ";"7    ";VALPARAISO DE GOIAS;Sim;Ausência de reação do condutor;1;Colisão traseira;Com Vítimas Feridas;Anoitecer;Crescente;Céu Claro;Múltipla;Reta;Sim  ;"1162622   ";Automóvel;IMP/FORD ESCORT GL 16V H;"1999      ";Passageiro;Ileso;"59   ";Feminino;"1 ";"0    ";"0    ";"0    ";-16.1084820;-47.9725240;SPRF-DF;DEL01-DF;UOP01-DEL01-DF 
646855;"1452999   ";2024-12-07;sábado;18:45:00;GO;"40   ";"7    ";VALPARAISO DE GOIAS;Sim;Ausência de reação do condutor;1;Colisão traseira;Com Vítimas Feridas;Anoitecer;Crescente;Céu Claro;Múltipla;Reta;Sim  ;"1162622   ";Automóvel;IMP/FORD ESCORT GL 16V H;"1999      ";Passageiro;Ileso;"70   ";Masculino;"1 ";"0    ";"0    ";"0    ";-16.1084820;-47.9725240;SPRF-DF;DEL01-DF;UOP01-DEL01-DF 
646855;"1452998   ";2024-12-07;sábado;18:45:00;GO;"40   ";"7    ";VALPARAISO DE GOIAS;Sim;Ausência de reação do condutor;1;Colisão traseira;Com Vítimas Feridas;Anoitecer;Crescente;Céu Claro;Múltipla;Reta;Sim  ;"1162622   ";Automóvel;IMP/FORD ESCORT GL 16V H;"1999      ";Condutor;Ileso;"24   ";Masculino;"1 ";"0    ";"0    ";"0    ";-16.1084820;-47.9725240;SPRF-DF;DEL01-DF;UOP01-DEL01-DF 
646855;"1453002   ";2024-12-07;sábado;18:45:00;GO;"40   ";"7    ";VALPARAISO DE GOIAS;Não;Condutor deixou de manter distância do veículo da frente;2;Queda de ocupante de veículo;Com Vítimas Feridas;Anoitecer;Crescente;Céu Claro;Múltipla;Reta;Sim  ;"1162626   ";Motocicleta;HONDA/CG 160 CARGO;"2023      ";Passageiro;Lesões Leves;"22   ";Feminino;"0 ";"1    ";"0    ";"0    ";-16.1084820;-47.9725240;SPRF-DF;DEL01-DF;UOP01-DEL01-DF 
646855;"1453001   ";2024-12-07;sábado;18:45:00;GO;"40   ";"7    ";VALPARAISO DE GOIAS;Não;Condutor deixou de manter distância do veículo da frente;2;Queda de ocupante de veículo;Com Vítimas Feridas;Anoitecer;Crescente;Céu Claro;Múltipla;Reta;Sim  ;"1162626   ";Motocicleta;HONDA/CG 160 CARGO;"2023      ";Condutor;Lesões Leves;"27   ";Masculino;"0 ";"1    ";"0    ";"0    ";-16.1084820;-47.9725240;SPRF-DF;DEL01-DF;UOP01-DEL01-DF 
646855;"1453000   ";2024-12-07;sábado;18:45:00;GO;"40   ";"7    ";VALPARAISO DE GOIAS;Não;Condutor deixou de manter distância do veículo da frente;2;Queda de ocupante de veículo;Com Vítimas Feridas;Anoitecer;Crescente;Céu Claro;Múltipla;Reta;Sim  ;"1162622   ";Automóvel;IMP/FORD ESCORT GL 16V H;"1999      ";Passageiro;Ileso;"59   ";Feminino;"1 ";"0    ";"0    ";"0    ";-16.1084820;-47.9725240;SPRF-DF;DEL01-DF;UOP01-DEL01-DF 
646855;"1452999   ";2024-12-07;sábado;18:45:00;GO;"40   ";"7    ";VALPARAISO DE GOIAS;Não;Condutor deixou de manter distância do veículo da frente;2;Queda de ocupante de veículo;Com Vítimas Feridas;Anoitecer;Crescente;Céu Claro;Múltipla;Reta;Sim  ;"1162622   ";Automóvel;IMP/FORD ESCORT GL 16V H;"1999      ";Passageiro;Ileso;"70   ";Masculino;"1 ";"0    ";"0    ";"0    ";-16.1084820;-47.9725240;SPRF-DF;DEL01-DF;UOP01-DEL01-DF 
646855;"1452998   ";2024-12-07;sábado;18:45:00;GO;"40   ";"7    ";VALPARAISO DE GOIAS;Não;Condutor deixou de manter distância do veículo da frente;2;Queda de ocupante de veículo;Com Vítimas Feridas;Anoitecer;Crescente;Céu Claro;Múltipla;Reta;Sim  ;"1162622   ";Automóvel;IMP/FORD ESCORT GL 16V H;"1999      ";Condutor;Ileso;"24   ";Masculino;"1 ";"0    ";"0    ";"0    ";-16.1084820;-47.9725240;SPRF-DF;DEL01-DF;UOP01-DEL01-DF 
646855;"1453002   ";2024-12-07;sábado;18:45:00;GO;"40   ";"7    ";VALPARAISO DE GOIAS;Não;Condutor deixou de manter distância do veículo da frente;1;Colisão traseira;Com Vítimas Feridas;Anoitecer;Crescente;Céu Claro;Múltipla;Reta;Sim  ;"1162626   ";Motocicleta;HONDA/CG 160 CARGO;"2023      ";Passageiro;Lesões Leves;"22   ";Feminino;"0 ";"1    ";"0    ";"0    ";-16.1084820;-47.9725240;SPRF-DF;DEL01-DF;UOP01-DEL01-DF 
646855;"1453001   ";2024-12-07;sábado;18:45:00;GO;"40   ";"7    ";VALPARAISO DE GOIAS;Não;Condutor deixou de manter distância do veículo da frente;1;Colisão traseira;Com Vítimas Feridas;Anoitecer;Crescente;Céu Claro;Múltipla;Reta;Sim  ;"1162626   ";Motocicleta;HONDA/CG 160 CARGO;"2023      ";Condutor;Lesões Leves;"27   ";Masculino;"0 ";"1    ";"0    ";"0    ";-16.1084820;-47.9725240;SPRF-DF;DEL01-DF;UOP01-DEL01-DF 
646855;"1453000   ";2024-12-07;sábado;18:45:00;GO;"40   ";"7    ";VALPARAISO DE GOIAS;Não;Condutor deixou de manter distância do veículo da frente;1;Colisão traseira;Com Vítimas Feridas;Anoitecer;Crescente;Céu Claro;Múltipla;Reta;Sim  ;"1162622   ";Automóvel;IMP/FORD ESCORT GL 16V H;"1999      ";Passageiro;Ileso;"59   ";Feminino;"1 ";"0    ";"0    ";"0    ";-16.1084820;-47.9725240;SPRF-DF;DEL01-DF;UOP01-DEL01-DF 
646855;"1452999   ";2024-12-07;sábado;18:45:00;GO;"40   ";"7    ";VALPARAISO DE GOIAS;Não;Condutor deixou de manter distância do veículo da frente;1;Colisão traseira;Com Vítimas Feridas;Anoitecer;Crescente;Céu Claro;Múltipla;Reta;Sim  ;"1162622   ";Automóvel;IMP/FORD ESCORT GL 16V H;"1999      ";Passageiro;Ileso;"70   ";Masculino;"1 ";"0    ";"0    ";"0    ";-16.1084820;-47.9725240;SPRF-DF;DEL01-DF;UOP01-DEL01-DF 
646855;"1452998   ";2024-12-07;sábado;18:45:00;GO;"40   ";"7    ";VALPARAISO DE GOIAS;Não;Condutor deixou de manter distância do veículo da frente;1;Colisão traseira;Com Vítimas Feridas;Anoitecer;Crescente;Céu Claro;Múltipla;Reta;Sim  ;"1162622   ";Automóvel;IMP/FORD ESCORT GL 16V H;"1999      ";Condutor;Ileso;"24   ";Masculino;"1 ";"0    ";"0    ";"0    ";-16.1084820;-47.9725240;SPRF-DF;DEL01-DF;UOP01-DEL01-DF 
646855;"1453002   ";2024-12-07;sábado;18:45:00;GO;"40   ";"7    ";VALPARAISO DE GOIAS;Não;Trafegar com motocicleta (ou similar) entre as faixas;2;Queda de ocupante de veículo;Com Vítimas Feridas;Anoitecer;Crescente;Céu Claro;Múltipla;Reta;Sim  ;"1162626   ";Motocicleta;HONDA/CG 160 CARGO;"2023      ";Passageiro;Lesões Leves;"22   ";Feminino;"0 ";"1    ";"0    ";"0    ";-16.1084820;-47.9725240;SPRF-DF;DEL01-DF;UOP01-DEL01-DF 
646855;"1453001   ";2024-12-07;sábado;18:45:00;GO;"40   ";"7    ";VALPARAISO DE GOIAS;Não;Trafegar com motocicleta (ou similar) entre as faixas;2;Queda de ocupante de veículo;Com Vítimas Feridas;Anoitecer;Crescente;Céu Claro;Múltipla;Reta;Sim  ;"1162626   ";Motocicleta;HONDA/CG 160 CARGO;"2023      ";Condutor;Lesões Leves;"27   ";Masculino;"0 ";"1    ";"0    ";"0    ";-16.1084820;-47.9725240;SPRF-DF;DEL01-DF;UOP01-DEL01-DF 
646855;"1453000   ";2024-12-07;sábado;18:45:00;GO;"40   ";"7    ";VALPARAISO DE GOIAS;Não;Trafegar com motocicleta (ou similar) entre as faixas;2;Queda de ocupante de veículo;Com Vítimas Feridas;Anoitecer;Crescente;Céu Claro;Múltipla;Reta;Sim  ;"1162622   ";Automóvel;IMP/FORD ESCORT GL 16V H;"1999      ";Passageiro;Ileso;"59   ";Feminino;"1 ";"0    ";"0    ";"0    ";-16.1084820;-47.9725240;SPRF-DF;DEL01-DF;UOP01-DEL01-DF 
646855;"1452999   ";2024-12-07;sábado;18:45:00;GO;"40   ";"7    ";VALPARAISO DE GOIAS;Não;Trafegar com motocicleta (ou similar) entre as faixas;2;Queda de ocupante de veículo;Com Vítimas Feridas;Anoitecer;Crescente;Céu Claro;Múltipla;Reta;Sim  ;"1162622   ";Automóvel;IMP/FORD ESCORT GL 16V H;"1999      ";Passageiro;Ileso;"70   ";Masculino;"1 ";"0    ";"0    ";"0    ";-16.1084820;-47.9725240;SPRF-DF;DEL01-DF;UOP01-DEL01-DF 
646855;"1452998   ";2024-12-07;sábado;18:45:00;GO;"40   ";"7    ";VALPARAISO DE GOIAS;Não;Trafegar com motocicleta (ou similar) entre as faixas;2;Queda de ocupante de veículo;Com Vítimas Feridas;Anoitecer;Crescente;Céu Claro;Múltipla;Reta;Sim  ;"1162622   ";Automóvel;IMP/FORD ESCORT GL 16V H;"1999      ";Condutor;Ileso;"24   ";Masculino;"1 ";"0    ";"0    ";"0    ";-16.1084820;-47.9725240;SPRF-DF;DEL01-DF;UOP01-DEL01-DF 
646855;"1453002   ";2024-12-07;sábado;18:45:00;GO;"40   ";"7    ";VALPARAISO DE GOIAS;Não;Trafegar com motocicleta (ou similar) entre as faixas;1;Colisão traseira;Com Vítimas Feridas;Anoitecer;Crescente;Céu Claro;Múltipla;Reta;Sim  ;"1162626   ";Motocicleta;HONDA/CG 160 CARGO;"2023      ";Passageiro;Lesões Leves;"22   ";Feminino;"0 ";"1    ";"0    ";"0    ";-16.1084820;-47.9725240;SPRF-DF;DEL01-DF;UOP01-DEL01-DF 
646855;"1453001   ";2024-12-07;sábado;18:45:00;GO;"40   ";"7    ";VALPARAISO DE GOIAS;Não;Trafegar com motocicleta (ou similar) entre as faixas;1;Colisão traseira;Com Vítimas Feridas;Anoitecer;Crescente;Céu Claro;Múltipla;Reta;Sim  ;"1162626   ";Motocicleta;HONDA/CG 160 CARGO;"2023      ";Condutor;Lesões Leves;"27   ";Masculino;"0 ";"1    ";"0    ";"0    ";-16.1084820;-47.9725240;SPRF-DF;DEL01-DF;UOP01-DEL01-DF 
646855;"1453000   ";2024-12-07;sábado;18:45:00;GO;"40   ";"7    ";VALPARAISO DE GOIAS;Não;Trafegar com motocicleta (ou similar) entre as faixas;1;Colisão traseira;Com Vítimas Feridas;Anoitecer;Crescente;Céu Claro;Múltipla;Reta;Sim  ;"1162622   ";Automóvel;IMP/FORD ESCORT GL 16V H;"1999      ";Passageiro;Ileso;"59   ";Feminino;"1 ";"0    ";"0    ";"0    ";-16.1084820;-47.9725240;SPRF-DF;DEL01-DF;UOP01-DEL01-DF 
646855;"1452999   ";2024-12-07;sábado;18:45:00;GO;"40   ";"7    ";VALPARAISO DE GOIAS;Não;Trafegar com motocicleta (ou similar) entre as faixas;1;Colisão traseira;Com Vítimas Feridas;Anoitecer;Crescente;Céu Claro;Múltipla;Reta;Sim  ;"1162622   ";Automóvel;IMP/FORD ESCORT GL 16V H;"1999      ";Passageiro;Ileso;"70   ";Masculino;"1 ";"0    ";"0    ";"0    ";-16.1084820;-47.9725240;SPRF-DF;DEL01-DF;UOP01-DEL01-DF 
646855;"1452998   ";2024-12-07;sábado;18:45:00;GO;"40   ";"7    ";VALPARAISO DE GOIAS;Não;Trafegar com motocicleta (ou similar) entre as faixas;1;Colisão traseira;Com Vítimas Feridas;Anoitecer;Crescente;Céu Claro;Múltipla;Reta;Sim  ;"1162622   ";Automóvel;IMP/FORD ESCORT GL 16V H;"1999      ";Condutor;Ileso;"24   ";Masculino;"1 ";"0    ";"0    ";"0    ";-16.1084820;-47.9725240;SPRF-DF;DEL01-DF;UOP01-DEL01-DF 
646855;"1453002   ";2024-12-07;sábado;18:45:00;GO;"40   ";"7    ";VALPARAISO DE GOIAS;Não;Manobra de mudança de faixa;2;Queda de ocupante de veículo;Com Vítimas Feridas;Anoitecer;Crescente;Céu Claro;Múltipla;Reta;Sim  ;"1162626   ";Motocicleta;HONDA/CG 160 CARGO;"2023      ";Passageiro;Lesões Leves;"22   ";Feminino;"0 ";"1    ";"0    ";"0    ";-16.1084820;-47.9725240;SPRF-DF;DEL01-DF;UOP01-DEL01-DF 
646855;"1453001   ";2024-12-07;sábado;18:45:00;GO;"40   ";"7    ";VALPARAISO DE GOIAS;Não;Manobra de mudança de faixa;2;Queda de ocupante de veículo;Com Vítimas Feridas;Anoitecer;Crescente;Céu Claro;Múltipla;Reta;Sim  ;"1162626   ";Motocicleta;HONDA/CG 160 CARGO;"2023      ";Condutor;Lesões Leves;"27   ";Masculino;"0 ";"1    ";"0    ";"0    ";-16.1084820;-47.9725240;SPRF-DF;DEL01-DF;UOP01-DEL01-DF 
646855;"1453000   ";2024-12-07;sábado;18:45:00;GO;"40   ";"7    ";VALPARAISO DE GOIAS;Não;Manobra de mudança de faixa;2;Queda de ocupante de veículo;Com Vítimas Feridas;Anoitecer;Crescente;Céu Claro;Múltipla;Reta;Sim  ;"1162622   ";Automóvel;IMP/FORD ESCORT GL 16V H;"1999      ";Passageiro;Ileso;"59   ";Feminino;"1 ";"0    ";"0    ";"0    ";-16.1084820;-47.9725240;SPRF-DF;DEL01-DF;UOP01-DEL01-DF 
646855;"1452999   ";2024-12-07;sábado;18:45:00;GO;"40   ";"7    ";VALPARAISO DE GOIAS;Não;Manobra de mudança de faixa;2;Queda de ocupante de veículo;Com Vítimas Feridas;Anoitecer;Crescente;Céu Claro;Múltipla;Reta;Sim  ;"1162622   ";Automóvel;IMP/FORD ESCORT GL 16V H;"1999      ";Passageiro;Ileso;"70   ";Masculino;"1 ";"0    ";"0    ";"0    ";-16.1084820;-47.9725240;SPRF-DF;DEL01-DF;UOP01-DEL01-DF 
646855;"1452998   ";2024-12-07;sábado;18:45:00;GO;"40   ";"7    ";VALPARAISO DE GOIAS;Não;Manobra de mudança de faixa;2;Queda de ocupante de veículo;Com Vítimas Feridas;Anoitecer;Crescente;Céu Claro;Múltipla;Reta;Sim  ;"1162622   ";Automóvel;IMP/FORD ESCORT GL 16V H;"1999      ";Condutor;Ileso;"24   ";Masculino;"1 ";"0    ";"0    ";"0    ";-16.1084820;-47.9725240;SPRF-DF;DEL01-DF;UOP01-DEL01-DF 
646855;"1453002   ";2024-12-07;sábado;18:45:00;GO;"40   ";"7    ";VALPARAISO DE GOIAS;Não;Manobra de mudança de faixa;1;Colisão traseira;Com Vítimas Feridas;Anoitecer;Crescente;Céu Claro;Múltipla;Reta;Sim  ;"1162626   ";Motocicleta;HONDA/CG 160 CARGO;"2023      ";Passageiro;Lesões Leves;"22   ";Feminino;"0 ";"1    ";"0    ";"0    ";-16.1084820;-47.9725240;SPRF-DF;DEL01-DF;UOP01-DEL01-DF 