id;pesid;data_inversa;dia_semana;horario;uf;br;km;municipio;causa_principal;causa_acidente;ordem_tipo_acidente;tipo_acidente;classificacao_acidente;fase_dia;sentido_via;condicao_metereologica;tipo_pista;tracado_via;uso_solo;id_veiculo;tipo_veiculo;marca;ano_fabricacao_veiculo;tipo_envolvido;estado_fisico;idade;sexo;ilesos;feridos_leves;feridos_graves;mortos;latitude;longitude;regional;delegacia;uop
646855;"1453001   ";2024-12-07;sábado;18:45:00;GO;"40   ";"7    ";VALPARAISO DE GOIAS;Não;Manobra de mudança de faixa;1;Colisão traseira;Com Vítimas Feridas;Anoitecer;Crescente;Céu Claro;Múltipla;Reta;Sim  ;"1162626   ";Motocicleta;HONDA/CG 160 CARGO;"2023      ";Condutor;Lesões Leves;"27   ";Masculino;"0 ";"1    ";"0    ";"0    ";-16.1084820;-47.9725240;SPRF-DF;DEL01-DF;UOP01-DEL01-DF 
646855;"1453000   ";2024-12-07;sábado;18:45:00;GO;"40   ";"7    ";VALPARAISO DE GOIAS;Não;Manobra de mudança de faixa;1;Colisão traseira;Com Vítimas Feridas;Anoitecer;Crescente;Céu Claro;Múltipla;Reta;Sim  ;"1162622   ";Automóvel;IMP/FORD ESCORT GL 16V H;"1999      ";Passageiro;Ileso;"59   ";Feminino;"1 ";"0    ";"0    ";"0    ";-16.1084820;-47.9725240;SPRF-DF;DEL01-DF;UOP01-DEL01-DF 
646855;"1452999   ";2024-12-07;sábado;18:45:00;GO;"40   ";"7    ";VALPARAISO DE GOIAS;Não;Manobra de mudança de faixa;1;Colisão traseira;Com Vítimas Feridas;Anoitecer;Crescente;Céu Claro;Múltipla;Reta;Sim  ;"1162622   ";Automóvel;IMP/FORD ESCORT GL 16V H;"1999      ";Passageiro;Ileso;"70   ";Masculino;"1 ";"0    ";"0    ";"0    ";-16.1084820;-47.9725240;SPRF-DF;DEL01-DF;UOP01-DEL01-DF 
646855;"1452998   ";2024-12-07;sábado;18:45:00;GO;"40   ";"7    ";VALPARAISO DE GOIAS;Não;Manobra de mudança de faixa;1;Colisão traseira;Com Vítimas Feridas;Anoitecer;Crescente;Céu Claro;Múltipla;Reta;Sim  ;"1162622   ";Automóvel;IMP/FORD ESCORT GL 16V H;"1999      ";Condutor;Ileso;"24   ";Masculino;"1 ";"0    ";"0    ";"0    ";-16.1084820;-47.9725240;SPRF-DF;DEL01-DF;UOP01-DEL01-DF 
646894;"1453162   ";2024-12-07;sábado;21:30:00;DF;"70   ";"9    ";BRASILIA;Não;Retorno proibido;2;Queda de ocupante de veículo;Com Vítimas Feridas;Plena Noite;Decrescente;Céu Claro;Dupla;Reta;Sim  ;"1162751   ";Motocicleta;HONDA/CBR 600F;"2013      ";Condutor;Lesões Graves;"31   ";Masculino;"0 ";"0    ";"1    ";"0    ";-15.7846150;-48.1320230;SPRF-DF;DEL03-DF;UOP02-DEL03-DF 
646894;"1455495   ";2024-12-07;sábado;21:30:00;DF;"70   ";"9    ";BRASILIA;Não;Retorno proibido;2;Queda de ocupante de veículo;Com Vítimas Feridas;Plena Noite;Decrescente;Céu Claro;Dupla;Reta;Sim  ;"1162749   ";Carroça-charrete;Não Informado/Não Informado;"0         ";Condutor;Lesões Leves;"59   ";Masculino;"0 ";"1    ";"0    ";"0    ";-15.7846150;-48.1320230;SPRF-DF;DEL03-DF;UOP02-DEL03-DF 
646894;"1453161   ";2024-12-07;sábado;21:30:00;DF;"70   ";"9    ";BRASILIA;Não;Retorno proibido;2;Queda de ocupante de veículo;Com Vítimas Feridas;Plena Noite;Decrescente;Céu Claro;Dupla;Reta;Sim  ;"1162749   ";Carroça-charrete;Não Informado/Não Informado;"0         ";Passageiro;Lesões Leves;"13   ";Masculino;"0 ";"1    ";"0    ";"0    ";-15.7846150;-48.1320230;SPRF-DF;DEL03-DF;UOP02-DEL03-DF 
646894;"1453162   ";2024-12-07;sábado;21:30:00;DF;"70   ";"9    ";BRASILIA;Não;Retorno proibido;1;Colisão transversal;Com Vítimas Feridas;Plena Noite;Decrescente;Céu Claro;Dupla;Reta;Sim  ;"1162751   ";Motocicleta;HONDA/CBR 600F;"2013      ";Condutor;Lesões Graves;"31   ";Masculino;"0 ";"0    ";"1    ";"0    ";-15.7846150;-48.1320230;SPRF-DF;DEL03-DF;UOP02-DEL03-DF 
646894;"1455495   ";2024-12-07;sábado;21:30:00;DF;"70   ";"9    ";BRASILIA;Não;Retorno proibido;1;Colisão transversal;Com Vítimas Feridas;Plena Noite;Decrescente;Céu Claro;Dupla;Reta;Sim  ;"1162749   ";Carroça-charrete;Não Informado/Não Informado;"0         ";Condutor;Lesões Leves;"59   ";Masculino;"0 ";"1    ";"0    ";"0    ";-15.7846150;-48.1320230;SPRF-DF;DEL03-DF;UOP02-DEL03-DF 
646894;"1453161   ";2024-12-07;sábado;21:30:00;DF;"70   ";"9    ";BRASILIA;Não;Retorno proibido;1;Colisão transversal;Com Vítimas Feridas;Plena Noite;Decrescente;Céu Claro;Dupla;Reta;Sim  ;"1162749   ";Carroça-charrete;Não Informado/Não Informado;"0         ";Passageiro;Lesões Leves;"13   ";Masculino;"0 ";"1    ";"0    ";"0    ";-15.7846150;-48.1320230;SPRF-DF;DEL03-DF;UOP02-DEL03-DF 
646894;"1453162   ";2024-12-07;sábado;21:30:00;DF;"70   ";"9    ";BRASILIA;Sim;Acessar a via sem observar a presença dos outros veículos;2;Queda de ocupante de veículo;Com Vítimas Feridas;Plena Noite;Decrescente;Céu Claro;Dupla;Reta;Sim  ;"1162751   ";Motocicleta;HONDA/CBR 600F;"2013      ";Condutor;Lesões Graves;"31   ";Masculino;"0 ";"0    ";"1    ";"0    ";-15.7846150;-48.1320230;SPRF-DF;DEL03-DF;UOP02-DEL03-DF 
646894;"1455495   ";2024-12-07;sábado;21:30:00;DF;"70   ";"9    ";BRASILIA;Sim;Acessar a via sem observar a presença dos outros veículos;2;Queda de ocupante de veículo;Com Vítimas Feridas;Plena Noite;Decrescente;Céu Claro;Dupla;Reta;Sim  ;"1162749   ";Carroça-charrete;Não Informado/Não Informado;"0         ";Condutor;Lesões Leves;"59   ";Masculino;"0 ";"1    ";"0    ";"0    ";-15.7846150;-48.1320230;SPRF-DF;DEL03-DF;UOP02-DEL03-DF 
646894;"1453161   ";2024-12-07;sábado;21:30:00;DF;"70   ";"9    ";BRASILIA;Sim;Acessar a via sem observar a presença dos outros veículos;2;Queda de ocupante de veículo;Com Vítimas Feridas;Plena Noite;Decrescente;Céu Claro;Dupla;Reta;Sim  ;"1162749   ";Carroça-charrete;Não Informado/Não Informado;"0         ";Passageiro;Lesões Leves;"13   ";Masculino;"0 ";"1    ";"0    ";"0    ";-15.7846150;-48.1320230;SPRF-DF;DEL03-DF;UOP02-DEL03-DF 
646894;"1453162   ";2024-12-07;sábado;21:30:00;DF;"70   ";"9    ";BRASILIA;Sim;Acessar a via sem observar a presença dos outros veículos;1;Colisão transversal;Com Vítimas Feridas;Plena Noite;Decrescente;Céu Claro;Dupla;Reta;Sim  ;"1162751   ";Motocicleta;HONDA/CBR 600F;"2013      ";Condutor;Lesões Graves;"31   ";Masculino;"0 ";"0    ";"1    ";"0    ";-15.7846150;-48.1320230;SPRF-DF;DEL03-DF;UOP02-DEL03-DF 
646894;"1455495   ";2024-12-07;sábado;21:30:00;DF;"70   ";"9    ";BRASILIA;Sim;Acessar a via sem observar a presença dos outros veículos;1;Colisão transversal;Com Vítimas Feridas;Plena Noite;Decrescente;Céu Claro;Dupla;Reta;Sim  ;"1162749   ";Carroça-charrete;Não Informado/Não Informado;"0         ";Condutor;Lesões Leves;"59   ";Masculino;"0 ";"1    ";"0    ";"0    ";-15.7846150;-48.1320230;SPRF-DF;DEL03-DF;UOP02-DEL03-DF 
646894;"1453161   ";2024-12-07;sábado;21:30:00;DF;"70   ";"9    ";BRASILIA;Sim;Acessar a via sem observar a presença dos outros veículos;1;Colisão transversal;Com Vítimas Feridas;Plena Noite;Decrescente;Céu Claro;Dupla;Reta;Sim  ;"1162749   ";Carroça-charrete;Não Informado/Não Informado;"0         ";Passageiro;Lesões Leves;"13   ";Masculino;"0 ";"1    ";"0    ";"0    ";-15.7846150;-48.1320230;SPRF-DF;DEL03-DF;UOP02-DEL03-DF 
646908;"1453056   ";2024-12-07;sábado;22:30:00;DF;"40   ";"3    ";BRASILIA;Não;Avarias e/ou desgaste excessivo no pneu;3;Colisão frontal;Com Vítimas Feridas;Plena Noite;Crescente;Céu Claro;Dupla;"Declive;Viaduto";Sim  ;"1162670   ";Motocicleta;HONDA/CG 160 TITAN;"2022      ";Condutor;Lesões Graves;"41   ";Masculino;"0 ";"0    ";"1    ";"0    ";-16.0012679;-47.9844663;SPRF-DF;DEL01-DF;UOP01-DEL01-DF 
646908;"1453863   ";2024-12-07;sábado;22:30:00;DF;"40   ";"3    ";BRASILIA;Não;Avarias e/ou desgaste excessivo no pneu;3;Colisão frontal;Com Vítimas Feridas;Plena Noite;Crescente;Céu Claro;Dupla;"Declive;Viaduto";Sim  ;"1162669   ";Caminhonete;VW/NOVA SAVEIRO CE;"2013      ";Condutor;Ileso;"20   ";Masculino;"1 ";"0    ";"0    ";"0    ";-16.0012679;-47.9844663;SPRF-DF;DEL01-DF;UOP01-DEL01-DF 
646908;"1453055   ";2024-12-07;sábado;22:30:00;DF;"40   ";"3    ";BRASILIA;Não;Avarias e/ou desgaste excessivo no pneu;3;Colisão frontal;Com Vítimas Feridas;Plena Noite;Crescente;Céu Claro;Dupla;"Declive;Viaduto";Sim  ;"1162668   ";Automóvel;GM/CORSA SEDAN PREMIUM;"2008      ";Condutor;Ileso;"30   ";Masculino;"1 ";"0    ";"0    ";"0    ";-16.0012679;-47.9844663;SPRF-DF;DEL01-DF;UOP01-DEL01-DF 
646908;"1453878   ";2024-12-07;sábado;22:30:00;DF;"40   ";"3    ";BRASILIA;Não;Avarias e/ou desgaste excessivo no pneu;3;Colisão frontal;Com Vítimas Feridas;Plena Noite;Crescente;Céu Claro;Dupla;"Declive;Viaduto";Sim  ;"0         ";"0";NA/NA;"0         ";Testemunha;Não Informado;"0    ";Não Informado;"0 ";"0    ";"0    ";"0    ";-16.0012679;-47.9844663;SPRF-DF;DEL01-DF;UOP01-DEL01-DF 
646908;"1453056   ";2024-12-07;sábado;22:30:00;DF;"40   ";"3    ";BRASILIA;Não;Avarias e/ou desgaste excessivo no pneu;2;Colisão lateral mesmo sentido;Com Vítimas Feridas;Plena Noite;Crescente;Céu Claro;Dupla;"Declive;Viaduto";Sim  ;"1162670   ";Motocicleta;HONDA/CG 160 TITAN;"2022      ";Condutor;Lesões Graves;"41   ";Masculino;"0 ";"0    ";"1    ";"0    ";-16.0012679;-47.9844663;SPRF-DF;DEL01-DF;UOP01-DEL01-DF 
646908;"1453863   ";2024-12-07;sábado;22:30:00;DF;"40   ";"3    ";BRASILIA;Não;Avarias e/ou desgaste excessivo no pneu;2;Colisão lateral mesmo sentido;Com Vítimas Feridas;Plena Noite;Crescente;Céu Claro;Dupla;"Declive;Viaduto";Sim  ;"1162669   ";Caminhonete;VW/NOVA SAVEIRO CE;"2013      ";Condutor;Ileso;"20   ";Masculino;"1 ";"0    ";"0    ";"0    ";-16.0012679;-47.9844663;SPRF-DF;DEL01-DF;UOP01-DEL01-DF 
646908;"1453055   ";2024-12-07;sábado;22:30:00;DF;"40   ";"3    ";BRASILIA;Não;Avarias e/ou desgaste excessivo no pneu;2;Colisão lateral mesmo sentido;Com Vítimas Feridas;Plena Noite;Crescente;Céu Claro;Dupla;"Declive;Viaduto";Sim  ;"1162668   ";Automóvel;GM/CORSA SEDAN PREMIUM;"2008      ";Condutor;Ileso;"30   ";Masculino;"1 ";"0    ";"0    ";"0    ";-16.0012679;-47.9844663;SPRF-DF;DEL01-DF;UOP01-DEL01-DF 
646908;"1453878   ";2024-12-07;sábado;22:30:00;DF;"40   ";"3    ";BRASILIA;Não;Avarias e/ou desgaste excessivo no pneu;2;Colisão lateral mesmo sentido;Com Vítimas Feridas;Plena Noite;Crescente;Céu Claro;Dupla;"Declive;Viaduto";Sim  ;"0         ";"0";NA/NA;"0         ";Testemunha;Não Informado;"0    ";Não Informado;"0 ";"0    ";"0    ";"0    ";-16.0012679;-47.9844663;SPRF-DF;DEL01-DF;UOP01-DEL01-DF 
646908;"1453056   ";2024-12-07;sábado;22:30:00;DF;"40   ";"3    ";BRASILIA;Não;Avarias e/ou desgaste excessivo no pneu;4;Tombamento;Com Vítimas Feridas;Plena Noite;Crescente;Céu Claro;Dupla;"Declive;Viaduto";Sim  ;"1162670   ";Motocicleta;HONDA/CG 160 TITAN;"2022      ";Condutor;Lesões Graves;"41   ";Masculino;"0 ";"0    ";"1    ";"0    ";-16.0012679;-47.9844663;SPRF-DF;DEL01-DF;UOP01-DEL01-DF 
646908;"1453863   ";2024-12-07;sábado;22:30:00;DF;"40   ";"3    ";BRASILIA;Não;Avarias e/ou desgaste excessivo no pneu;4;Tombamento;Com Vítimas Feridas;Plena Noite;Crescente;Céu Claro;Dupla;"Declive;Viaduto";Sim  ;"1162669   ";Caminhonete;VW/NOVA SAVEIRO CE;"2013      ";Condutor;Ileso;"20   ";Masculino;"1 ";"0    ";"0    ";"0    ";-16.0012679;-47.9844663;SPRF-DF;DEL01-DF;UOP01-DEL01-DF 
646908;"1453055   ";2024-12-07;sábado;22:30:00;DF;"40   ";"3    ";BRASILIA;Não;Avarias e/ou desgaste excessivo no pneu;4;Tombamento;Com Vítimas Feridas;Plena Noite;Crescente;Céu Claro;Dupla;"Declive;Viaduto";Sim  ;"1162668   ";Automóvel;GM/CORSA SEDAN PREMIUM;"2008      ";Condutor;Ileso;"30   ";Masculino;"1 ";"0    ";"0    ";"0    ";-16.0012679;-47.9844663;SPRF-DF;DEL01-DF;UOP01-DEL01-DF 
646908;"1453878   ";2024-12-07;sábado;22:30:00;DF;"40   ";"3    ";BRASILIA;Não;Avarias e/ou desgaste excessivo no pneu;4;Tombamento;Com Vítimas Feridas;Plena Noite;Crescente;Céu Claro;Dupla;"Declive;Viaduto";Sim  ;"0         ";"0";NA/NA;"0         ";Testemunha;Não Informado;"0    ";Não Informado;"0 ";"0    ";"0    ";"0    ";-16.0012679;-47.9844663;SPRF-DF;DEL01-DF;UOP01-DEL01-DF 
646908;"1453056   ";2024-12-07;sábado;22:30:00;DF;"40   ";"3    ";BRASILIA;Não;Avarias e/ou desgaste excessivo no pneu;1;Saída de leito carroçável;Com Vítimas Feridas;Plena Noite;Crescente;Céu Claro;Dupla;"Declive;Viaduto";Sim  ;"1162670   ";Motocicleta;HONDA/CG 160 TITAN;"2022      ";Condutor;Lesões Graves;"41   ";Masculino;"0 ";"0    ";"1    ";"0    ";-16.0012679;-47.9844663;SPRF-DF;DEL01-DF;UOP01-DEL01-DF 
646908;"1453863   ";2024-12-07;sábado;22:30:00;DF;"40   ";"3    ";BRASILIA;Não;Avarias e/ou desgaste excessivo no pneu;1;Saída de leito carroçável;Com Vítimas Feridas;Plena Noite;Crescente;Céu Claro;Dupla;"Declive;Viaduto";Sim  ;"1162669   ";Caminhonete;VW/NOVA SAVEIRO CE;"2013      ";Condutor;Ileso;"20   ";Masculino;"1 ";"0    ";"0    ";"0    ";-16.0012679;-47.9844663;SPRF-DF;DEL01-DF;UOP01-DEL01-DF 
646908;"1453055   ";2024-12-07;sábado;22:30:00;DF;"40   ";"3    ";BRASILIA;Não;Avarias e/ou desgaste excessivo no pneu;1;Saída de leito carroçável;Com Vítimas Feridas;Plena Noite;Crescente;Céu Claro;Dupla;"Declive;Viaduto";Sim  ;"1162668   ";Automóvel;GM/CORSA SEDAN PREMIUM;"2008      ";Condutor;Ileso;"30   ";Masculino;"1 ";"0    ";"0    ";"0    ";-16.0012679;-47.9844663;SPRF-DF;DEL01-DF;UOP01-DEL01-DF 
646908;"1453878   ";2024-12-07;sábado;22:30:00;DF;"40   ";"3    ";BRASILIA;Não;Avarias e/ou desgaste excessivo no pneu;1;Saída de leito carroçável;Com Vítimas Feridas;Plena Noite;Crescente;Céu Claro;Dupla;"Declive;Viaduto";Sim  ;"0         ";"0";NA/NA;"0         ";Testemunha;Não Informado;"0    ";Não Informado;"0 ";"0    ";"0    ";"0    ";-16.0012679;-47.9844663;SPRF-DF;DEL01-DF;UOP01-DEL01-DF 
646908;"1453056   ";2024-12-07;sábado;22:30:00;DF;"40   ";"3    ";BRASILIA;Não;Manobra de mudança de faixa;3;Colisão frontal;Com Vítimas Feridas;Plena Noite;Crescente;Céu Claro;Dupla;"Declive;Viaduto";Sim  ;"1162670   ";Motocicleta;HONDA/CG 160 TITAN;"2022      ";Condutor;Lesões Graves;"41   ";Masculino;"0 ";"0    ";"1    ";"0    ";-16.0012679;-47.9844663;SPRF-DF;DEL01-DF;UOP01-DEL01-DF 
646908;"1453863   ";2024-12-07;sábado;22:30:00;DF;"40   ";"3    ";BRASILIA;Não;Manobra de mudança de faixa;3;Colisão frontal;Com Vítimas Feridas;Plena Noite;Crescente;Céu Claro;Dupla;"Declive;Viaduto";Sim  ;"1162669   ";Caminhonete;VW/NOVA SAVEIRO CE;"2013      ";Condutor;Ileso;"20   ";Masculino;"1 ";"0    ";"0    ";"0    ";-16.0012679;-47.9844663;SPRF-DF;DEL01-DF;UOP01-DEL01-DF 
646908;"1453055   ";2024-12-07;sábado;22:30:00;DF;"40   ";"3    ";BRASILIA;Não;Manobra de mudança de faixa;3;Colisão frontal;Com Vítimas Feridas;Plena Noite;Crescente;Céu Claro;Dupla;"Declive;Viaduto";Sim  ;"1162668   ";Automóvel;GM/CORSA SEDAN PREMIUM;"2008      ";Condutor;Ileso;"30   ";Masculino;"1 ";"0    ";"0    ";"0    ";-16.0012679;-47.9844663;SPRF-DF;DEL01-DF;UOP01-DEL01-DF 
646908;"1453878   ";2024-12-07;sábado;22:30:00;DF;"40   ";"3    ";BRASILIA;Não;Manobra de mudança de faixa;3;Colisão frontal;Com Vítimas Feridas;Plena Noite;Crescente;Céu Claro;Dupla;"Declive;Viaduto";Sim  ;"0         ";"0";NA/NA;"0         ";Testemunha;Não Informado;"0    ";Não Informado;"0 ";"0    ";"0    ";"0    ";-16.0012679;-47.9844663;SPRF-DF;DEL01-DF;UOP01-DEL01-DF 
646908;"1453056   ";2024-12-07;sábado;22:30:00;DF;"40   ";"3    ";BRASILIA;Não;Manobra de mudança de faixa;2;Colisão lateral mesmo sentido;Com Vítimas Feridas;Plena Noite;Crescente;Céu Claro;Dupla;"Declive;Viaduto";Sim  ;"1162670   ";Motocicleta;HONDA/CG 160 TITAN;"2022      ";Condutor;Lesões Graves;"41   ";Masculino;"0 ";"0    ";"1    ";"0    ";-16.0012679;-47.9844663;SPRF-DF;DEL01-DF;UOP01-DEL01-DF 
646908;"1453863   ";2024-12-07;sábado;22:30:00;DF;"40   ";"3    ";BRASILIA;Não;Manobra de mudança de faixa;2;Colisão lateral mesmo sentido;Com Vítimas Feridas;Plena Noite;Crescente;Céu Claro;Dupla;"Declive;Viaduto";Sim  ;"1162669   ";Caminhonete;VW/NOVA SAVEIRO CE;"2013      ";Condutor;Ileso;"20   ";Masculino;"1 ";"0    ";"0    ";"0    ";-16.0012679;-47.9844663;SPRF-DF;DEL01-DF;UOP01-DEL01-DF 
646908;"1453055   ";2024-12-07;sábado;22:30:00;DF;"40   ";"3    ";BRASILIA;Não;Manobra de mudança de faixa;2;Colisão lateral mesmo sentido;Com Vítimas Feridas;Plena Noite;Crescente;Céu Claro;Dupla;"Declive;Viaduto";Sim  ;"1162668   ";Automóvel;GM/CORSA SEDAN PREMIUM;"2008      ";Condutor;Ileso;"30   ";Masculino;"1 ";"0    ";"0    ";"0    ";-16.0012679;-47.9844663;SPRF-DF;DEL01-DF;UOP01-DEL01-DF 
646908;"1453878   ";2024-12-07;sábado;22:30:00;DF;"40   ";"3    ";BRASILIA;Não;Manobra de mudança de faixa;2;Colisão lateral mesmo sentido;Com Vítimas Feridas;Plena Noite;Crescente;Céu Claro;Dupla;"Declive;Viaduto";Sim  ;"0         ";"0";NA/NA;"0         ";Testemunha;Não Informado;"0    ";Não Informado;"0 ";"0    ";"0    ";"0    ";-16.0012679;-47.9844663;SPRF-DF;DEL01-DF;UOP01-DEL01-DF 
646908;"1453056   ";2024-12-07;sábado;22:30:00;DF;"40   ";"3    ";BRASILIA;Não;Manobra de mudança de faixa;4;Tombamento;Com Vítimas Feridas;Plena Noite;Crescente;Céu Claro;Dupla;"Declive;Viaduto";Sim  ;"1162670   ";Motocicleta;HONDA/CG 160 TITAN;"2022      ";Condutor;Lesões Graves;"41   ";Masculino;"0 ";"0    ";"1    ";"0    ";-16.0012679;-47.9844663;SPRF-DF;DEL01-DF;UOP01-DEL01-DF 
646908;"1453863   ";2024-12-07;sábado;22:30:00;DF;"40   ";"3    ";BRASILIA;Não;Manobra de mudança de faixa;4;Tombamento;Com Vítimas Feridas;Plena Noite;Crescente;Céu Claro;Dupla;"Declive;Viaduto";Sim  ;"1162669   ";Caminhonete;VW/NOVA SAVEIRO CE;"2013      ";Condutor;Ileso;"20   ";Masculino;"1 ";"0    ";"0    ";"0    ";-16.0012679;-47.9844663;SPRF-DF;DEL01-DF;UOP01-DEL01-DF 
646908;"1453055   ";2024-12-07;sábado;22:30:00;DF;"40   ";"3    ";BRASILIA;Não;Manobra de mudança de faixa;4;Tombamento;Com Vítimas Feridas;Plena Noite;Crescente;Céu Claro;Dupla;"Declive;Viaduto";Sim  ;"1162668   ";Automóvel;GM/CORSA SEDAN PREMIUM;"2008      ";Condutor;Ileso;"30   ";Masculino;"1 ";"0    ";"0    ";"0    ";-16.0012679;-47.9844663;SPRF-DF;DEL01-DF;UOP01-DEL01-DF 
646908;"1453878   ";2024-12-07;sábado;22:30:00;DF;"40   ";"3    ";BRASILIA;Não;Manobra de mudança de faixa;4;Tombamento;Com Vítimas Feridas;Plena Noite;Crescente;Céu Claro;Dupla;"Declive;Viaduto";Sim  ;"0         ";"0";NA/NA;"0         ";Testemunha;Não Informado;"0    ";Não Informado;"0 ";"0    ";"0    ";"0    ";-16.0012679;-47.9844663;SPRF-DF;DEL01-DF;UOP01-DEL01-DF 
646908;"1453056   ";2024-12-07;sábado;22:30:00;DF;"40   ";"3    ";BRASILIA;Não;Manobra de mudança de faixa;1;Saída de leito carroçável;Com Vítimas Feridas;Plena Noite;Crescente;Céu Claro;Dupla;"Declive;Viaduto";Sim  ;"1162670   ";Motocicleta;HONDA/CG 160 TITAN;"2022      ";Condutor;Lesões Graves;"41   ";Masculino;"0 ";"0    ";"1    ";"0    ";-16.0012679;-47.9844663;SPRF-DF;DEL01-DF;UOP01-DEL01-DF 
646908;"1453863   ";2024-12-07;sábado;22:30:00;DF;"40   ";"3    ";BRASILIA;Não;Manobra de mudança de faixa;1;Saída de leito carroçável;Com Vítimas Feridas;Plena Noite;Crescente;Céu Claro;Dupla;"Declive;Viaduto";Sim  ;"1162669   ";Caminhonete;VW/NOVA SAVEIRO CE;"2013      ";Condutor;Ileso;"20   ";Masculino;"1 ";"0    ";"0    ";"0    ";-16.0012679;-47.9844663;SPRF-DF;DEL01-DF;UOP01-DEL01-DF 
646908;"1453055   ";2024-12-07;sábado;22:30:00;DF;"40   ";"3    ";BRASILIA;Não;Manobra de mudança de faixa;1;Saída de leito carroçável;Com Vítimas Feridas;Plena Noite;Crescente;Céu Claro;Dupla;"Declive;Viaduto";Sim  ;"1162668   ";Automóvel;GM/CORSA SEDAN PREMIUM;"2008      ";Condutor;Ileso;"30   ";Masculino;"1 ";"0    ";"0    ";"0    ";-16.0012679;-47.9844663;SPRF-DF;DEL01-DF;UOP01-DEL01-DF 
646908;"1453878   ";2024-12-07;sábado;22:30:00;DF;"40   ";"3    ";BRASILIA;Não;Manobra de mudança de faixa;1;Saída de leito carroçável;Com Vítimas Feridas;Plena Noite;Crescente;Céu Claro;Dupla;"Declive;Viaduto";Sim  ;"0         ";"0";NA/NA;"0         ";Testemunha;Não Informado;"0    ";Não Informado;"0 ";"0    ";"0    ";"0    ";-16.0012679;-47.9844663;SPRF-DF;DEL01-DF;UOP01-DEL01-DF 
646908;"1453056   ";2024-12-07;sábado;22:30:00;DF;"40   ";"3    ";BRASILIA;Sim;Velocidade Incompatível;3;Colisão frontal;Com Vítimas Feridas;Plena Noite;Crescente;Céu Claro;Dupla;"Declive;Viaduto";Sim  ;"1162670   ";Motocicleta;HONDA/CG 160 TITAN;"2022      ";Condutor;Lesões Graves;"41   ";Masculino;"0 ";"0    ";"1    ";"0    ";-16.0012679;-47.9844663;SPRF-DF;DEL01-DF;UOP01-DEL01-DF 
646908;"1453863   ";2024-12-07;sábado;22:30:00;DF;"40   ";"3    ";BRASILIA;Sim;Velocidade Incompatível;3;Colisão frontal;Com Vítimas Feridas;Plena Noite;Crescente;Céu Claro;Dupla;"Declive;Viaduto";Sim  ;"1162669   ";Caminhonete;VW/NOVA SAVEIRO CE;"2013      ";Condutor;Ileso;"20   ";Masculino;"1 ";"0    ";"0    ";"0    ";-16.0012679;-47.9844663;SPRF-DF;DEL01-DF;UOP01-DEL01-DF 
646908;"1453055   ";2024-12-07;sábado;22:30:00;DF;"40   ";"3    ";BRASILIA;Sim;Velocidade Incompatível;3;Colisão frontal;Com Vítimas Feridas;Plena Noite;Crescente;Céu Claro;Dupla;"Declive;Viaduto";Sim  ;"1162668   ";Automóvel;GM/CORSA SEDAN PREMIUM;"2008      ";Condutor;Ileso;"30   ";Masculino;"1 ";"0    ";"0    ";"0    ";-16.0012679;-47.9844663;SPRF-DF;DEL01-DF;UOP01-DEL01-DF 
646908;"1453878   ";2024-12-07;sábado;22:30:00;DF;"40   ";"3    ";BRASILIA;Sim;Velocidade Incompatível;3;Colisão frontal;Com Vítimas Feridas;Plena Noite;Crescente;Céu Claro;Dupla;"Declive;Viaduto";Sim  ;"0         ";"0";NA/NA;"0         ";Testemunha;Não Informado;"0    ";Não Informado;"0 ";"0    ";"0    ";"0    ";-16.0012679;-47.9844663;SPRF-DF;DEL01-DF;UOP01-DEL01-DF 
646908;"1453056   ";2024-12-07;sábado;22:30:00;DF;"40   ";"3    ";BRASILIA;Sim;Velocidade Incompatível;2;Colisão lateral mesmo sentido;Com Vítimas Feridas;Plena Noite;Crescente;Céu Claro;Dupla;"Declive;Viaduto";Sim  ;"1162670   ";Motocicleta;HONDA/CG 160 TITAN;"2022      ";Condutor;Lesões Graves;"41   ";Masculino;"0 ";"0    ";"1    ";"0    ";-16.0012679;-47.9844663;SPRF-DF;DEL01-DF;UOP01-DEL01-DF 
646908;"1453863   ";2024-12-07;sábado;22:30:00;DF;"40   ";"3    ";BRASILIA;Sim;Velocidade Incompatível;2;Colisão lateral mesmo sentido;Com Vítimas Feridas;Plena Noite;Crescente;Céu Claro;Dupla;"Declive;Viaduto";Sim  ;"1162669   ";Caminhonete;VW/NOVA SAVEIRO CE;"2013      ";Condutor;Ileso;"20   ";Masculino;"1 ";"0    ";"0    ";"0    ";-16.0012679;-47.9844663;SPRF-DF;DEL01-DF;UOP01-DEL01-DF 
646908;"1453055   ";2024-12-07;sábado;22:30:00;DF;"40   ";"3    ";BRASILIA;Sim;Velocidade Incompatível;2;Colisão lateral mesmo sentido;Com Vítimas Feridas;Plena Noite;Crescente;Céu Claro;Dupla;"Declive;Viaduto";Sim  ;"1162668   ";Automóvel;GM/CORSA SEDAN PREMIUM;"2008      ";Condutor;Ileso;"30   ";Masculino;"1 ";"0    ";"0    ";"0    ";-16.0012679;-47.9844663;SPRF-DF;DEL01-DF;UOP01-DEL01-DF 