id;pesid;data_inversa;dia_semana;horario;uf;br;km;municipio;causa_principal;causa_acidente;ordem_tipo_acidente;tipo_acidente;classificacao_acidente;fase_dia;sentido_via;condicao_metereologica;tipo_pista;tracado_via;uso_solo;id_veiculo;tipo_veiculo;marca;ano_fabricacao_veiculo;tipo_envolvido;estado_fisico;idade;sexo;ilesos;feridos_leves;feridos_graves;mortos;latitude;longitude;regional;delegacia;uop
647381;"1454329   ";2024-12-09;segunda-feira;22:35:00;DF;"80   ";"23   ";BRASILIA;Não;Reação tardia ou ineficiente do condutor;1;Colisão traseira;Sem Vítimas;Plena Noite;Decrescente;Céu Claro;Simples;Reta;Não  ;"1163549   ";Automóvel;TOYOTA/COROLLA XEI18FLEX;"2009      ";Condutor;Ileso;"37   ";Masculino;"1 ";"0    ";"0    ";"0    ";-15.6389440;-48.2007900;SPRF-DF;DEL03-DF;UOP02-DEL03-DF 
647381;"1454328   ";2024-12-09;segunda-feira;22:35:00;DF;"80   ";"23   ";BRASILIA;Não;Reação tardia ou ineficiente do condutor;1;Colisão traseira;Sem Vítimas;Plena Noite;Decrescente;Céu Claro;Simples;Reta;Não  ;"1163548   ";Automóvel;FORD/ESCORT L;"1988      ";Condutor;Ileso;"34   ";Masculino;"1 ";"0    ";"0    ";"0    ";-15.6389440;-48.2007900;SPRF-DF;DEL03-DF;UOP02-DEL03-DF 
647381;"1454329   ";2024-12-09;segunda-feira;22:35:00;DF;"80   ";"23   ";BRASILIA;Sim;Deficiência do Sistema de Iluminação/Sinalização;1;Colisão traseira;Sem Vítimas;Plena Noite;Decrescente;Céu Claro;Simples;Reta;Não  ;"1163549   ";Automóvel;TOYOTA/COROLLA XEI18FLEX;"2009      ";Condutor;Ileso;"37   ";Masculino;"1 ";"0    ";"0    ";"0    ";-15.6389440;-48.2007900;SPRF-DF;DEL03-DF;UOP02-DEL03-DF 
647381;"1454328   ";2024-12-09;segunda-feira;22:35:00;DF;"80   ";"23   ";BRASILIA;Sim;Deficiência do Sistema de Iluminação/Sinalização;1;Colisão traseira;Sem Vítimas;Plena Noite;Decrescente;Céu Claro;Simples;Reta;Não  ;"1163548   ";Automóvel;FORD/ESCORT L;"1988      ";Condutor;Ileso;"34   ";Masculino;"1 ";"0    ";"0    ";"0    ";-15.6389440;-48.2007900;SPRF-DF;DEL03-DF;UOP02-DEL03-DF 
647492;"1454669   ";2024-12-10;terça-feira;12:54:00;DF;"251  ";"5    ";BRASILIA;Não;Velocidade Incompatível;2;Capotamento;Com Vítimas Feridas;Pleno dia;Crescente;Céu Claro;Simples;Reta;Não  ;"1163822   ";Automóvel;VW/FOX 1.6;"2003      ";Passageiro;Lesões Graves;"18   ";Feminino;"0 ";"0    ";"1    ";"0    ";-16.0073320;-47.5520520;SPRF-DF;DEL01-DF;UOP01-DEL01-DF 
647492;"1454665   ";2024-12-10;terça-feira;12:54:00;DF;"251  ";"5    ";BRASILIA;Não;Velocidade Incompatível;2;Capotamento;Com Vítimas Feridas;Pleno dia;Crescente;Céu Claro;Simples;Reta;Não  ;"1163822   ";Automóvel;VW/FOX 1.6;"2003      ";Condutor;Lesões Leves;"21   ";Masculino;"0 ";"1    ";"0    ";"0    ";-16.0073320;-47.5520520;SPRF-DF;DEL01-DF;UOP01-DEL01-DF 
647492;"1454669   ";2024-12-10;terça-feira;12:54:00;DF;"251  ";"5    ";BRASILIA;Não;Velocidade Incompatível;1;Saída de leito carroçável;Com Vítimas Feridas;Pleno dia;Crescente;Céu Claro;Simples;Reta;Não  ;"1163822   ";Automóvel;VW/FOX 1.6;"2003      ";Passageiro;Lesões Graves;"18   ";Feminino;"0 ";"0    ";"1    ";"0    ";-16.0073320;-47.5520520;SPRF-DF;DEL01-DF;UOP01-DEL01-DF 
647492;"1454665   ";2024-12-10;terça-feira;12:54:00;DF;"251  ";"5    ";BRASILIA;Não;Velocidade Incompatível;1;Saída de leito carroçável;Com Vítimas Feridas;Pleno dia;Crescente;Céu Claro;Simples;Reta;Não  ;"1163822   ";Automóvel;VW/FOX 1.6;"2003      ";Condutor;Lesões Leves;"21   ";Masculino;"0 ";"1    ";"0    ";"0    ";-16.0073320;-47.5520520;SPRF-DF;DEL01-DF;UOP01-DEL01-DF 
647492;"1454669   ";2024-12-10;terça-feira;12:54:00;DF;"251  ";"5    ";BRASILIA;Não;Reação tardia ou ineficiente do condutor;2;Capotamento;Com Vítimas Feridas;Pleno dia;Crescente;Céu Claro;Simples;Reta;Não  ;"1163822   ";Automóvel;VW/FOX 1.6;"2003      ";Passageiro;Lesões Graves;"18   ";Feminino;"0 ";"0    ";"1    ";"0    ";-16.0073320;-47.5520520;SPRF-DF;DEL01-DF;UOP01-DEL01-DF 
647492;"1454665   ";2024-12-10;terça-feira;12:54:00;DF;"251  ";"5    ";BRASILIA;Não;Reação tardia ou ineficiente do condutor;2;Capotamento;Com Vítimas Feridas;Pleno dia;Crescente;Céu Claro;Simples;Reta;Não  ;"1163822   ";Automóvel;VW/FOX 1.6;"2003      ";Condutor;Lesões Leves;"21   ";Masculino;"0 ";"1    ";"0    ";"0    ";-16.0073320;-47.5520520;SPRF-DF;DEL01-DF;UOP01-DEL01-DF 
647492;"1454669   ";2024-12-10;terça-feira;12:54:00;DF;"251  ";"5    ";BRASILIA;Não;Reação tardia ou ineficiente do condutor;1;Saída de leito carroçável;Com Vítimas Feridas;Pleno dia;Crescente;Céu Claro;Simples;Reta;Não  ;"1163822   ";Automóvel;VW/FOX 1.6;"2003      ";Passageiro;Lesões Graves;"18   ";Feminino;"0 ";"0    ";"1    ";"0    ";-16.0073320;-47.5520520;SPRF-DF;DEL01-DF;UOP01-DEL01-DF 
647492;"1454665   ";2024-12-10;terça-feira;12:54:00;DF;"251  ";"5    ";BRASILIA;Não;Reação tardia ou ineficiente do condutor;1;Saída de leito carroçável;Com Vítimas Feridas;Pleno dia;Crescente;Céu Claro;Simples;Reta;Não  ;"1163822   ";Automóvel;VW/FOX 1.6;"2003      ";Condutor;Lesões Leves;"21   ";Masculino;"0 ";"1    ";"0    ";"0    ";-16.0073320;-47.5520520;SPRF-DF;DEL01-DF;UOP01-DEL01-DF 
647492;"1454669   ";2024-12-10;terça-feira;12:54:00;DF;"251  ";"5    ";BRASILIA;Não;Falta de elemento de contenção que evite a saída do leito carroçável;2;Capotamento;Com Vítimas Feridas;Pleno dia;Crescente;Céu Claro;Simples;Reta;Não  ;"1163822   ";Automóvel;VW/FOX 1.6;"2003      ";Passageiro;Lesões Graves;"18   ";Feminino;"0 ";"0    ";"1    ";"0    ";-16.0073320;-47.5520520;SPRF-DF;DEL01-DF;UOP01-DEL01-DF 
647492;"1454665   ";2024-12-10;terça-feira;12:54:00;DF;"251  ";"5    ";BRASILIA;Não;Falta de elemento de contenção que evite a saída do leito carroçável;2;Capotamento;Com Vítimas Feridas;Pleno dia;Crescente;Céu Claro;Simples;Reta;Não  ;"1163822   ";Automóvel;VW/FOX 1.6;"2003      ";Condutor;Lesões Leves;"21   ";Masculino;"0 ";"1    ";"0    ";"0    ";-16.0073320;-47.5520520;SPRF-DF;DEL01-DF;UOP01-DEL01-DF 
647492;"1454669   ";2024-12-10;terça-feira;12:54:00;DF;"251  ";"5    ";BRASILIA;Não;Falta de elemento de contenção que evite a saída do leito carroçável;1;Saída de leito carroçável;Com Vítimas Feridas;Pleno dia;Crescente;Céu Claro;Simples;Reta;Não  ;"1163822   ";Automóvel;VW/FOX 1.6;"2003      ";Passageiro;Lesões Graves;"18   ";Feminino;"0 ";"0    ";"1    ";"0    ";-16.0073320;-47.5520520;SPRF-DF;DEL01-DF;UOP01-DEL01-DF 
647492;"1454665   ";2024-12-10;terça-feira;12:54:00;DF;"251  ";"5    ";BRASILIA;Não;Falta de elemento de contenção que evite a saída do leito carroçável;1;Saída de leito carroçável;Com Vítimas Feridas;Pleno dia;Crescente;Céu Claro;Simples;Reta;Não  ;"1163822   ";Automóvel;VW/FOX 1.6;"2003      ";Condutor;Lesões Leves;"21   ";Masculino;"0 ";"1    ";"0    ";"0    ";-16.0073320;-47.5520520;SPRF-DF;DEL01-DF;UOP01-DEL01-DF 
647492;"1454669   ";2024-12-10;terça-feira;12:54:00;DF;"251  ";"5    ";BRASILIA;Sim;Avarias e/ou desgaste excessivo no pneu;2;Capotamento;Com Vítimas Feridas;Pleno dia;Crescente;Céu Claro;Simples;Reta;Não  ;"1163822   ";Automóvel;VW/FOX 1.6;"2003      ";Passageiro;Lesões Graves;"18   ";Feminino;"0 ";"0    ";"1    ";"0    ";-16.0073320;-47.5520520;SPRF-DF;DEL01-DF;UOP01-DEL01-DF 
647492;"1454665   ";2024-12-10;terça-feira;12:54:00;DF;"251  ";"5    ";BRASILIA;Sim;Avarias e/ou desgaste excessivo no pneu;2;Capotamento;Com Vítimas Feridas;Pleno dia;Crescente;Céu Claro;Simples;Reta;Não  ;"1163822   ";Automóvel;VW/FOX 1.6;"2003      ";Condutor;Lesões Leves;"21   ";Masculino;"0 ";"1    ";"0    ";"0    ";-16.0073320;-47.5520520;SPRF-DF;DEL01-DF;UOP01-DEL01-DF 
647492;"1454669   ";2024-12-10;terça-feira;12:54:00;DF;"251  ";"5    ";BRASILIA;Sim;Avarias e/ou desgaste excessivo no pneu;1;Saída de leito carroçável;Com Vítimas Feridas;Pleno dia;Crescente;Céu Claro;Simples;Reta;Não  ;"1163822   ";Automóvel;VW/FOX 1.6;"2003      ";Passageiro;Lesões Graves;"18   ";Feminino;"0 ";"0    ";"1    ";"0    ";-16.0073320;-47.5520520;SPRF-DF;DEL01-DF;UOP01-DEL01-DF 
647492;"1454665   ";2024-12-10;terça-feira;12:54:00;DF;"251  ";"5    ";BRASILIA;Sim;Avarias e/ou desgaste excessivo no pneu;1;Saída de leito carroçável;Com Vítimas Feridas;Pleno dia;Crescente;Céu Claro;Simples;Reta;Não  ;"1163822   ";Automóvel;VW/FOX 1.6;"2003      ";Condutor;Lesões Leves;"21   ";Masculino;"0 ";"1    ";"0    ";"0    ";-16.0073320;-47.5520520;SPRF-DF;DEL01-DF;UOP01-DEL01-DF 
647518;"1454585   ";2024-12-02;segunda-feira;11:09:00;DF;"70   ";"11   ";BRASILIA;Sim;Acessar a via sem observar a presença dos outros veículos;1;Colisão transversal;Com Vítimas Feridas;Pleno dia;Decrescente;Céu Claro;Dupla;Reta;Não  ;"1163751   ";Automóvel;I/CHEV CRUZE RS HB AT;"2022      ";Condutor;Lesões Leves;"51   ";Masculino;"0 ";"1    ";"0    ";"0    ";-15.7897620;-48.1487270;SPRF-DF;DEL03-DF;UOP02-DEL03-DF 
647518;"1454584   ";2024-12-02;segunda-feira;11:09:00;DF;"70   ";"11   ";BRASILIA;Sim;Acessar a via sem observar a presença dos outros veículos;1;Colisão transversal;Com Vítimas Feridas;Pleno dia;Decrescente;Céu Claro;Dupla;Reta;Não  ;"1163750   ";Automóvel;CHEVROLET/ONIX 10MT JOYE;"2019      ";Condutor;Ileso;"80   ";Masculino;"1 ";"0    ";"0    ";"0    ";-15.7897620;-48.1487270;SPRF-DF;DEL03-DF;UOP02-DEL03-DF 
647643;"1454927   ";2024-12-11;quarta-feira;06:50:00;DF;"70   ";"15   ";BRASILIA;Não;Reação tardia ou ineficiente do condutor;1;Colisão traseira;Com Vítimas Feridas;Pleno dia;Decrescente;Nublado;Dupla;Reta;Sim  ;"1164040   ";Motocicleta;HONDA/CG 160 TITAN;"2019      ";Passageiro;Lesões Leves;"27   ";Feminino;"0 ";"1    ";"0    ";"0    ";-15.7988880;-48.1850430;SPRF-DF;DEL03-DF;UOP02-DEL03-DF 
647643;"1454926   ";2024-12-11;quarta-feira;06:50:00;DF;"70   ";"15   ";BRASILIA;Não;Reação tardia ou ineficiente do condutor;1;Colisão traseira;Com Vítimas Feridas;Pleno dia;Decrescente;Nublado;Dupla;Reta;Sim  ;"1164040   ";Motocicleta;HONDA/CG 160 TITAN;"2019      ";Condutor;Ileso;"25   ";Masculino;"1 ";"0    ";"0    ";"0    ";-15.7988880;-48.1850430;SPRF-DF;DEL03-DF;UOP02-DEL03-DF 
647643;"1454920   ";2024-12-11;quarta-feira;06:50:00;DF;"70   ";"15   ";BRASILIA;Não;Reação tardia ou ineficiente do condutor;1;Colisão traseira;Com Vítimas Feridas;Pleno dia;Decrescente;Nublado;Dupla;Reta;Sim  ;"1164030   ";Motocicleta;HONDA/CG 150 TITAN ES;"2008      ";Condutor;Lesões Leves;"35   ";Masculino;"0 ";"1    ";"0    ";"0    ";-15.7988880;-48.1850430;SPRF-DF;DEL03-DF;UOP02-DEL03-DF 
647643;"1454919   ";2024-12-11;quarta-feira;06:50:00;DF;"70   ";"15   ";BRASILIA;Não;Reação tardia ou ineficiente do condutor;1;Colisão traseira;Com Vítimas Feridas;Pleno dia;Decrescente;Nublado;Dupla;Reta;Sim  ;"1164029   ";Automóvel;FORD/FIESTA FLEX;"2009      ";Condutor;Ileso;"27   ";Masculino;"1 ";"0    ";"0    ";"0    ";-15.7988880;-48.1850430;SPRF-DF;DEL03-DF;UOP02-DEL03-DF 
647643;"1454927   ";2024-12-11;quarta-feira;06:50:00;DF;"70   ";"15   ";BRASILIA;Sim;Ausência de reação do condutor;1;Colisão traseira;Com Vítimas Feridas;Pleno dia;Decrescente;Nublado;Dupla;Reta;Sim  ;"1164040   ";Motocicleta;HONDA/CG 160 TITAN;"2019      ";Passageiro;Lesões Leves;"27   ";Feminino;"0 ";"1    ";"0    ";"0    ";-15.7988880;-48.1850430;SPRF-DF;DEL03-DF;UOP02-DEL03-DF 
647643;"1454926   ";2024-12-11;quarta-feira;06:50:00;DF;"70   ";"15   ";BRASILIA;Sim;Ausência de reação do condutor;1;Colisão traseira;Com Vítimas Feridas;Pleno dia;Decrescente;Nublado;Dupla;Reta;Sim  ;"1164040   ";Motocicleta;HONDA/CG 160 TITAN;"2019      ";Condutor;Ileso;"25   ";Masculino;"1 ";"0    ";"0    ";"0    ";-15.7988880;-48.1850430;SPRF-DF;DEL03-DF;UOP02-DEL03-DF 
647643;"1454920   ";2024-12-11;quarta-feira;06:50:00;DF;"70   ";"15   ";BRASILIA;Sim;Ausência de reação do condutor;1;Colisão traseira;Com Vítimas Feridas;Pleno dia;Decrescente;Nublado;Dupla;Reta;Sim  ;"1164030   ";Motocicleta;HONDA/CG 150 TITAN ES;"2008      ";Condutor;Lesões Leves;"35   ";Masculino;"0 ";"1    ";"0    ";"0    ";-15.7988880;-48.1850430;SPRF-DF;DEL03-DF;UOP02-DEL03-DF 
647643;"1454919   ";2024-12-11;quarta-feira;06:50:00;DF;"70   ";"15   ";BRASILIA;Sim;Ausência de reação do condutor;1;Colisão traseira;Com Vítimas Feridas;Pleno dia;Decrescente;Nublado;Dupla;Reta;Sim  ;"1164029   ";Automóvel;FORD/FIESTA FLEX;"2009      ";Condutor;Ileso;"27   ";Masculino;"1 ";"0    ";"0    ";"0    ";-15.7988880;-48.1850430;SPRF-DF;DEL03-DF;UOP02-DEL03-DF 
647677;"1454972   ";2024-12-11;quarta-feira;10:30:00;DF;"80   ";"16   ";BRASILIA;Sim;Acessar a via sem observar a presença dos outros veículos;2;Saída de leito carroçável;Com Vítimas Feridas;Pleno dia;Decrescente;Nublado;Simples;"Reta;Aclive";Não  ;"1164072   ";Automóvel;FIAT/PALIO WEEKEND STILE;"1999      ";Passageiro;Lesões Graves;"24   ";Feminino;"0 ";"0    ";"1    ";"0    ";-15.7010650;-48.2022630;SPRF-DF;DEL03-DF;UOP02-DEL03-DF 
647677;"1454971   ";2024-12-11;quarta-feira;10:30:00;DF;"80   ";"16   ";BRASILIA;Sim;Acessar a via sem observar a presença dos outros veículos;2;Saída de leito carroçável;Com Vítimas Feridas;Pleno dia;Decrescente;Nublado;Simples;"Reta;Aclive";Não  ;"1164072   ";Automóvel;FIAT/PALIO WEEKEND STILE;"1999      ";Passageiro;Lesões Leves;"47   ";Feminino;"0 ";"1    ";"0    ";"0    ";-15.7010650;-48.2022630;SPRF-DF;DEL03-DF;UOP02-DEL03-DF 
647677;"1454969   ";2024-12-11;quarta-feira;10:30:00;DF;"80   ";"16   ";BRASILIA;Sim;Acessar a via sem observar a presença dos outros veículos;2;Saída de leito carroçável;Com Vítimas Feridas;Pleno dia;Decrescente;Nublado;Simples;"Reta;Aclive";Não  ;"1164072   ";Automóvel;FIAT/PALIO WEEKEND STILE;"1999      ";Condutor;Lesões Leves;"50   ";Masculino;"0 ";"1    ";"0    ";"0    ";-15.7010650;-48.2022630;SPRF-DF;DEL03-DF;UOP02-DEL03-DF 
647677;"1454965   ";2024-12-11;quarta-feira;10:30:00;DF;"80   ";"16   ";BRASILIA;Sim;Acessar a via sem observar a presença dos outros veículos;2;Saída de leito carroçável;Com Vítimas Feridas;Pleno dia;Decrescente;Nublado;Simples;"Reta;Aclive";Não  ;"1164071   ";Automóvel;HONDA/CIVIC EX CVT;"2021      ";Condutor;Lesões Leves;"43   ";Feminino;"0 ";"1    ";"0    ";"0    ";-15.7010650;-48.2022630;SPRF-DF;DEL03-DF;UOP02-DEL03-DF 
647677;"1454972   ";2024-12-11;quarta-feira;10:30:00;DF;"80   ";"16   ";BRASILIA;Sim;Acessar a via sem observar a presença dos outros veículos;1;Colisão transversal;Com Vítimas Feridas;Pleno dia;Decrescente;Nublado;Simples;"Reta;Aclive";Não  ;"1164072   ";Automóvel;FIAT/PALIO WEEKEND STILE;"1999      ";Passageiro;Lesões Graves;"24   ";Feminino;"0 ";"0    ";"1    ";"0    ";-15.7010650;-48.2022630;SPRF-DF;DEL03-DF;UOP02-DEL03-DF 
647677;"1454971   ";2024-12-11;quarta-feira;10:30:00;DF;"80   ";"16   ";BRASILIA;Sim;Acessar a via sem observar a presença dos outros veículos;1;Colisão transversal;Com Vítimas Feridas;Pleno dia;Decrescente;Nublado;Simples;"Reta;Aclive";Não  ;"1164072   ";Automóvel;FIAT/PALIO WEEKEND STILE;"1999      ";Passageiro;Lesões Leves;"47   ";Feminino;"0 ";"1    ";"0    ";"0    ";-15.7010650;-48.2022630;SPRF-DF;DEL03-DF;UOP02-DEL03-DF 
647677;"1454969   ";2024-12-11;quarta-feira;10:30:00;DF;"80   ";"16   ";BRASILIA;Sim;Acessar a via sem observar a presença dos outros veículos;1;Colisão transversal;Com Vítimas Feridas;Pleno dia;Decrescente;Nublado;Simples;"Reta;Aclive";Não  ;"1164072   ";Automóvel;FIAT/PALIO WEEKEND STILE;"1999      ";Condutor;Lesões Leves;"50   ";Masculino;"0 ";"1    ";"0    ";"0    ";-15.7010650;-48.2022630;SPRF-DF;DEL03-DF;UOP02-DEL03-DF 
647677;"1454965   ";2024-12-11;quarta-feira;10:30:00;DF;"80   ";"16   ";BRASILIA;Sim;Acessar a via sem observar a presença dos outros veículos;1;Colisão transversal;Com Vítimas Feridas;Pleno dia;Decrescente;Nublado;Simples;"Reta;Aclive";Não  ;"1164071   ";Automóvel;HONDA/CIVIC EX CVT;"2021      ";Condutor;Lesões Leves;"43   ";Feminino;"0 ";"1    ";"0    ";"0    ";-15.7010650;-48.2022630;SPRF-DF;DEL03-DF;UOP02-DEL03-DF 
647746;"1455308   ";2024-12-11;quarta-feira;15:40:00;GO;"20   ";"1    ";FORMOSA;Sim;Chuva;1;Colisão lateral sentido oposto;Sem Vítimas;Pleno dia;Crescente;Chuva;Simples;Curva;Não  ;"1164385   ";Caminhão;FORD/F4000 G;"2010      ";Condutor;Ileso;"62   ";Masculino;"1 ";"0    ";"0    ";"0    ";-15.5817440;-47.3432410;SPRF-DF;DEL02-DF;UOP02-DEL02-DF 
647746;"0         ";2024-12-11;quarta-feira;15:40:00;GO;"20   ";"1    ";FORMOSA;Sim;Chuva;1;Colisão lateral sentido oposto;Sem Vítimas;Pleno dia;Crescente;Chuva;Simples;Curva;Não  ;"1164391   ";Semireboque;SR/RANDON SR TQ;"2008      ";"0";"0";"0    ";"0";"0 ";"0    ";"0    ";"0    ";-15.5817440;-47.3432410;SPRF-DF;DEL02-DF;UOP02-DEL02-DF 
647746;"1455304   ";2024-12-11;quarta-feira;15:40:00;GO;"20   ";"1    ";FORMOSA;Sim;Chuva;1;Colisão lateral sentido oposto;Sem Vítimas;Pleno dia;Crescente;Chuva;Simples;Curva;Não  ;"1164245   ";Caminhão-trator;M.BENZ/ACTROS 2651S6X4;"2019      ";Condutor;Ileso;"26   ";Masculino;"1 ";"0    ";"0    ";"0    ";-15.5817440;-47.3432410;SPRF-DF;DEL02-DF;UOP02-DEL02-DF 
647746;"0         ";2024-12-11;quarta-feira;15:40:00;GO;"20   ";"1    ";FORMOSA;Sim;Chuva;1;Colisão lateral sentido oposto;Sem Vítimas;Pleno dia;Crescente;Chuva;Simples;Curva;Não  ;"1164258   ";Semireboque;SR/RANDON SR TQ;"2008      ";"0";"0";"0    ";"0";"0 ";"0    ";"0    ";"0    ";-15.5817440;-47.3432410;SPRF-DF;DEL02-DF;UOP02-DEL02-DF 
647790;"1455278   ";2024-12-11;quarta-feira;19:00:00;DF;"70   ";"10   ";BRASILIA;Não;Trafegar com motocicleta (ou similar) entre as faixas;3;Queda de ocupante de veículo;Com Vítimas Feridas;Plena Noite;Crescente;Céu Claro;Dupla;Reta;Sim  ;"1164361   ";Motocicleta;HONDA/CB300F TWISTER ABS;"2024      ";Condutor;Lesões Leves;"44   ";Masculino;"0 ";"1    ";"0    ";"0    ";-15.7870660;-48.1407090;SPRF-DF;DEL03-DF;UOP02-DEL03-DF 
647790;"1455279   ";2024-12-11;quarta-feira;19:00:00;DF;"70   ";"10   ";BRASILIA;Não;Trafegar com motocicleta (ou similar) entre as faixas;3;Queda de ocupante de veículo;Com Vítimas Feridas;Plena Noite;Crescente;Céu Claro;Dupla;Reta;Sim  ;"1164359   ";Automóvel;HONDA/CITY LX FLEX;"2013      ";Condutor;Ileso;"38   ";Feminino;"1 ";"0    ";"0    ";"0    ";-15.7870660;-48.1407090;SPRF-DF;DEL03-DF;UOP02-DEL03-DF 
647790;"1455286   ";2024-12-11;quarta-feira;19:00:00;DF;"70   ";"10   ";BRASILIA;Não;Trafegar com motocicleta (ou similar) entre as faixas;3;Queda de ocupante de veículo;Com Vítimas Feridas;Plena Noite;Crescente;Céu Claro;Dupla;Reta;Sim  ;"0         ";"0";NA/NA;"0         ";Pedestre;Lesões Graves;"57   ";Masculino;"0 ";"0    ";"1    ";"0    ";-15.7870660;-48.1407090;SPRF-DF;DEL03-DF;UOP02-DEL03-DF 
647790;"1455278   ";2024-12-11;quarta-feira;19:00:00;DF;"70   ";"10   ";BRASILIA;Não;Trafegar com motocicleta (ou similar) entre as faixas;2;Colisão lateral mesmo sentido;Com Vítimas Feridas;Plena Noite;Crescente;Céu Claro;Dupla;Reta;Sim  ;"1164361   ";Motocicleta;HONDA/CB300F TWISTER ABS;"2024      ";Condutor;Lesões Leves;"44   ";Masculino;"0 ";"1    ";"0    ";"0    ";-15.7870660;-48.1407090;SPRF-DF;DEL03-DF;UOP02-DEL03-DF 
647790;"1455279   ";2024-12-11;quarta-feira;19:00:00;DF;"70   ";"10   ";BRASILIA;Não;Trafegar com motocicleta (ou similar) entre as faixas;2;Colisão lateral mesmo sentido;Com Vítimas Feridas;Plena Noite;Crescente;Céu Claro;Dupla;Reta;Sim  ;"1164359   ";Automóvel;HONDA/CITY LX FLEX;"2013      ";Condutor;Ileso;"38   ";Feminino;"1 ";"0    ";"0    ";"0    ";-15.7870660;-48.1407090;SPRF-DF;DEL03-DF;UOP02-DEL03-DF 
647790;"1455286   ";2024-12-11;quarta-feira;19:00:00;DF;"70   ";"10   ";BRASILIA;Não;Trafegar com motocicleta (ou similar) entre as faixas;2;Colisão lateral mesmo sentido;Com Vítimas Feridas;Plena Noite;Crescente;Céu Claro;Dupla;Reta;Sim  ;"0         ";"0";NA/NA;"0         ";Pedestre;Lesões Graves;"57   ";Masculino;"0 ";"0    ";"1    ";"0    ";-15.7870660;-48.1407090;SPRF-DF;DEL03-DF;UOP02-DEL03-DF 
647790;"1455278   ";2024-12-11;quarta-feira;19:00:00;DF;"70   ";"10   ";BRASILIA;Não;Trafegar com motocicleta (ou similar) entre as faixas;1;Atropelamento de Pedestre;Com Vítimas Feridas;Plena Noite;Crescente;Céu Claro;Dupla;Reta;Sim  ;"1164361   ";Motocicleta;HONDA/CB300F TWISTER ABS;"2024      ";Condutor;Lesões Leves;"44   ";Masculino;"0 ";"1    ";"0    ";"0    ";-15.7870660;-48.1407090;SPRF-DF;DEL03-DF;UOP02-DEL03-DF 
647790;"1455279   ";2024-12-11;quarta-feira;19:00:00;DF;"70   ";"10   ";BRASILIA;Não;Trafegar com motocicleta (ou similar) entre as faixas;1;Atropelamento de Pedestre;Com Vítimas Feridas;Plena Noite;Crescente;Céu Claro;Dupla;Reta;Sim  ;"1164359   ";Automóvel;HONDA/CITY LX FLEX;"2013      ";Condutor;Ileso;"38   ";Feminino;"1 ";"0    ";"0    ";"0    ";-15.7870660;-48.1407090;SPRF-DF;DEL03-DF;UOP02-DEL03-DF 
647790;"1455286   ";2024-12-11;quarta-feira;19:00:00;DF;"70   ";"10   ";BRASILIA;Não;Trafegar com motocicleta (ou similar) entre as faixas;1;Atropelamento de Pedestre;Com Vítimas Feridas;Plena Noite;Crescente;Céu Claro;Dupla;Reta;Sim  ;"0         ";"0";NA/NA;"0         ";Pedestre;Lesões Graves;"57   ";Masculino;"0 ";"0    ";"1    ";"0    ";-15.7870660;-48.1407090;SPRF-DF;DEL03-DF;UOP02-DEL03-DF 
647790;"1455278   ";2024-12-11;quarta-feira;19:00:00;DF;"70   ";"10   ";BRASILIA;Não;Iluminação deficiente;3;Queda de ocupante de veículo;Com Vítimas Feridas;Plena Noite;Crescente;Céu Claro;Dupla;Reta;Sim  ;"1164361   ";Motocicleta;HONDA/CB300F TWISTER ABS;"2024      ";Condutor;Lesões Leves;"44   ";Masculino;"0 ";"1    ";"0    ";"0    ";-15.7870660;-48.1407090;SPRF-DF;DEL03-DF;UOP02-DEL03-DF 
647790;"1455279   ";2024-12-11;quarta-feira;19:00:00;DF;"70   ";"10   ";BRASILIA;Não;Iluminação deficiente;3;Queda de ocupante de veículo;Com Vítimas Feridas;Plena Noite;Crescente;Céu Claro;Dupla;Reta;Sim  ;"1164359   ";Automóvel;HONDA/CITY LX FLEX;"2013      ";Condutor;Ileso;"38   ";Feminino;"1 ";"0    ";"0    ";"0    ";-15.7870660;-48.1407090;SPRF-DF;DEL03-DF;UOP02-DEL03-DF 
647790;"1455286   ";2024-12-11;quarta-feira;19:00:00;DF;"70   ";"10   ";BRASILIA;Não;Iluminação deficiente;3;Queda de ocupante de veículo;Com Vítimas Feridas;Plena Noite;Crescente;Céu Claro;Dupla;Reta;Sim  ;"0         ";"0";NA/NA;"0         ";Pedestre;Lesões Graves;"57   ";Masculino;"0 ";"0    ";"1    ";"0    ";-15.7870660;-48.1407090;SPRF-DF;DEL03-DF;UOP02-DEL03-DF 
647790;"1455278   ";2024-12-11;quarta-feira;19:00:00;DF;"70   ";"10   ";BRASILIA;Não;Iluminação deficiente;2;Colisão lateral mesmo sentido;Com Vítimas Feridas;Plena Noite;Crescente;Céu Claro;Dupla;Reta;Sim  ;"1164361   ";Motocicleta;HONDA/CB300F TWISTER ABS;"2024      ";Condutor;Lesões Leves;"44   ";Masculino;"0 ";"1    ";"0    ";"0    ";-15.7870660;-48.1407090;SPRF-DF;DEL03-DF;UOP02-DEL03-DF 