id;pesid;data_inversa;dia_semana;horario;uf;br;km;municipio;causa_principal;causa_acidente;ordem_tipo_acidente;tipo_acidente;classificacao_acidente;fase_dia;sentido_via;condicao_metereologica;tipo_pista;tracado_via;uso_solo;id_veiculo;tipo_veiculo;marca;ano_fabricacao_veiculo;tipo_envolvido;estado_fisico;idade;sexo;ilesos;feridos_leves;feridos_graves;mortos;latitude;longitude;regional;delegacia;uop
647790;"1455279   ";2024-12-11;quarta-feira;19:00:00;DF;"70   ";"10   ";BRASILIA;Não;Iluminação deficiente;2;Colisão lateral mesmo sentido;Com Vítimas Feridas;Plena Noite;Crescente;Céu Claro;Dupla;Reta;Sim  ;"1164359   ";Automóvel;HONDA/CITY LX FLEX;"2013      ";Condutor;Ileso;"38   ";Feminino;"1 ";"0    ";"0    ";"0    ";-15.7870660;-48.1407090;SPRF-DF;DEL03-DF;UOP02-DEL03-DF 
647790;"1455286   ";2024-12-11;quarta-feira;19:00:00;DF;"70   ";"10   ";BRASILIA;Não;Iluminação deficiente;2;Colisão lateral mesmo sentido;Com Vítimas Feridas;Plena Noite;Crescente;Céu Claro;Dupla;Reta;Sim  ;"0         ";"0";NA/NA;"0         ";Pedestre;Lesões Graves;"57   ";Masculino;"0 ";"0    ";"1    ";"0    ";-15.7870660;-48.1407090;SPRF-DF;DEL03-DF;UOP02-DEL03-DF 
647790;"1455278   ";2024-12-11;quarta-feira;19:00:00;DF;"70   ";"10   ";BRASILIA;Não;Iluminação deficiente;1;Atropelamento de Pedestre;Com Vítimas Feridas;Plena Noite;Crescente;Céu Claro;Dupla;Reta;Sim  ;"1164361   ";Motocicleta;HONDA/CB300F TWISTER ABS;"2024      ";Condutor;Lesões Leves;"44   ";Masculino;"0 ";"1    ";"0    ";"0    ";-15.7870660;-48.1407090;SPRF-DF;DEL03-DF;UOP02-DEL03-DF 
647790;"1455279   ";2024-12-11;quarta-feira;19:00:00;DF;"70   ";"10   ";BRASILIA;Não;Iluminação deficiente;1;Atropelamento de Pedestre;Com Vítimas Feridas;Plena Noite;Crescente;Céu Claro;Dupla;Reta;Sim  ;"1164359   ";Automóvel;HONDA/CITY LX FLEX;"2013      ";Condutor;Ileso;"38   ";Feminino;"1 ";"0    ";"0    ";"0    ";-15.7870660;-48.1407090;SPRF-DF;DEL03-DF;UOP02-DEL03-DF 
647790;"1455286   ";2024-12-11;quarta-feira;19:00:00;DF;"70   ";"10   ";BRASILIA;Não;Iluminação deficiente;1;Atropelamento de Pedestre;Com Vítimas Feridas;Plena Noite;Crescente;Céu Claro;Dupla;Reta;Sim  ;"0         ";"0";NA/NA;"0         ";Pedestre;Lesões Graves;"57   ";Masculino;"0 ";"0    ";"1    ";"0    ";-15.7870660;-48.1407090;SPRF-DF;DEL03-DF;UOP02-DEL03-DF 
647790;"1455278   ";2024-12-11;quarta-feira;19:00:00;DF;"70   ";"10   ";BRASILIA;Sim;Pedestre cruzava a pista fora da faixa;3;Queda de ocupante de veículo;Com Vítimas Feridas;Plena Noite;Crescente;Céu Claro;Dupla;Reta;Sim  ;"1164361   ";Motocicleta;HONDA/CB300F TWISTER ABS;"2024      ";Condutor;Lesões Leves;"44   ";Masculino;"0 ";"1    ";"0    ";"0    ";-15.7870660;-48.1407090;SPRF-DF;DEL03-DF;UOP02-DEL03-DF 
647790;"1455279   ";2024-12-11;quarta-feira;19:00:00;DF;"70   ";"10   ";BRASILIA;Sim;Pedestre cruzava a pista fora da faixa;3;Queda de ocupante de veículo;Com Vítimas Feridas;Plena Noite;Crescente;Céu Claro;Dupla;Reta;Sim  ;"1164359   ";Automóvel;HONDA/CITY LX FLEX;"2013      ";Condutor;Ileso;"38   ";Feminino;"1 ";"0    ";"0    ";"0    ";-15.7870660;-48.1407090;SPRF-DF;DEL03-DF;UOP02-DEL03-DF 
647790;"1455286   ";2024-12-11;quarta-feira;19:00:00;DF;"70   ";"10   ";BRASILIA;Sim;Pedestre cruzava a pista fora da faixa;3;Queda de ocupante de veículo;Com Vítimas Feridas;Plena Noite;Crescente;Céu Claro;Dupla;Reta;Sim  ;"0         ";"0";NA/NA;"0         ";Pedestre;Lesões Graves;"57   ";Masculino;"0 ";"0    ";"1    ";"0    ";-15.7870660;-48.1407090;SPRF-DF;DEL03-DF;UOP02-DEL03-DF 
647790;"1455278   ";2024-12-11;quarta-feira;19:00:00;DF;"70   ";"10   ";BRASILIA;Sim;Pedestre cruzava a pista fora da faixa;2;Colisão lateral mesmo sentido;Com Vítimas Feridas;Plena Noite;Crescente;Céu Claro;Dupla;Reta;Sim  ;"1164361   ";Motocicleta;HONDA/CB300F TWISTER ABS;"2024      ";Condutor;Lesões Leves;"44   ";Masculino;"0 ";"1    ";"0    ";"0    ";-15.7870660;-48.1407090;SPRF-DF;DEL03-DF;UOP02-DEL03-DF 
647790;"1455279   ";2024-12-11;quarta-feira;19:00:00;DF;"70   ";"10   ";BRASILIA;Sim;Pedestre cruzava a pista fora da faixa;2;Colisão lateral mesmo sentido;Com Vítimas Feridas;Plena Noite;Crescente;Céu Claro;Dupla;Reta;Sim  ;"1164359   ";Automóvel;HONDA/CITY LX FLEX;"2013      ";Condutor;Ileso;"38   ";Feminino;"1 ";"0    ";"0    ";"0    ";-15.7870660;-48.1407090;SPRF-DF;DEL03-DF;UOP02-DEL03-DF 
647790;"1455286   ";2024-12-11;quarta-feira;19:00:00;DF;"70   ";"10   ";BRASILIA;Sim;Pedestre cruzava a pista fora da faixa;2;Colisão lateral mesmo sentido;Com Vítimas Feridas;Plena Noite;Crescente;Céu Claro;Dupla;Reta;Sim  ;"0         ";"0";NA/NA;"0         ";Pedestre;Lesões Graves;"57   ";Masculino;"0 ";"0    ";"1    ";"0    ";-15.7870660;-48.1407090;SPRF-DF;DEL03-DF;UOP02-DEL03-DF 
647790;"1455278   ";2024-12-11;quarta-feira;19:00:00;DF;"70   ";"10   ";BRASILIA;Sim;Pedestre cruzava a pista fora da faixa;1;Atropelamento de Pedestre;Com Vítimas Feridas;Plena Noite;Crescente;Céu Claro;Dupla;Reta;Sim  ;"1164361   ";Motocicleta;HONDA/CB300F TWISTER ABS;"2024      ";Condutor;Lesões Leves;"44   ";Masculino;"0 ";"1    ";"0    ";"0    ";-15.7870660;-48.1407090;SPRF-DF;DEL03-DF;UOP02-DEL03-DF 
647790;"1455279   ";2024-12-11;quarta-feira;19:00:00;DF;"70   ";"10   ";BRASILIA;Sim;Pedestre cruzava a pista fora da faixa;1;Atropelamento de Pedestre;Com Vítimas Feridas;Plena Noite;Crescente;Céu Claro;Dupla;Reta;Sim  ;"1164359   ";Automóvel;HONDA/CITY LX FLEX;"2013      ";Condutor;Ileso;"38   ";Feminino;"1 ";"0    ";"0    ";"0    ";-15.7870660;-48.1407090;SPRF-DF;DEL03-DF;UOP02-DEL03-DF 
647790;"1455286   ";2024-12-11;quarta-feira;19:00:00;DF;"70   ";"10   ";BRASILIA;Sim;Pedestre cruzava a pista fora da faixa;1;Atropelamento de Pedestre;Com Vítimas Feridas;Plena Noite;Crescente;Céu Claro;Dupla;Reta;Sim  ;"0         ";"0";NA/NA;"0         ";Pedestre;Lesões Graves;"57   ";Masculino;"0 ";"0    ";"1    ";"0    ";-15.7870660;-48.1407090;SPRF-DF;DEL03-DF;UOP02-DEL03-DF 
647796;"1455284   ";2024-12-11;quarta-feira;19:30:00;DF;"20   ";"3    ";BRASILIA;Sim;Reação tardia ou ineficiente do condutor;1;Queda de ocupante de veículo;Com Vítimas Feridas;Plena Noite;Decrescente;Céu Claro;Múltipla;"Declive;Reta";Sim  ;"1164368   ";Motocicleta;YAMAHA/XTZ150 CROSSER S;"2021      ";Condutor;Lesões Leves;"40   ";Masculino;"0 ";"1    ";"0    ";"0    ";-15.6798510;-47.8322110;SPRF-DF;DEL02-DF;UOP01-DEL02-DF 
647845;"1455365   ";2024-12-12;quinta-feira;02:57:00;DF;"70   ";"1,6  ";BRASILIA;Não;Reação tardia ou ineficiente do condutor;1;Colisão transversal;Com Vítimas Fatais;Plena Noite;Decrescente;Céu Claro;Dupla;"Reta;Interseção de Vias";Sim  ;"1164444   ";Camioneta;I/CHEV TRACKER MIDNIGHT;"2018      ";Passageiro;Óbito;"44   ";Feminino;"0 ";"0    ";"0    ";"1    ";-15.8024530;-48.0803870;SPRF-DF;DEL03-DF;UOP02-DEL03-DF 
647845;"1455364   ";2024-12-12;quinta-feira;02:57:00;DF;"70   ";"1,6  ";BRASILIA;Não;Reação tardia ou ineficiente do condutor;1;Colisão transversal;Com Vítimas Fatais;Plena Noite;Decrescente;Céu Claro;Dupla;"Reta;Interseção de Vias";Sim  ;"1164444   ";Camioneta;I/CHEV TRACKER MIDNIGHT;"2018      ";Condutor;Lesões Leves;"51   ";Masculino;"0 ";"1    ";"0    ";"0    ";-15.8024530;-48.0803870;SPRF-DF;DEL03-DF;UOP02-DEL03-DF 
647845;"1455363   ";2024-12-12;quinta-feira;02:57:00;DF;"70   ";"1,6  ";BRASILIA;Não;Reação tardia ou ineficiente do condutor;1;Colisão transversal;Com Vítimas Fatais;Plena Noite;Decrescente;Céu Claro;Dupla;"Reta;Interseção de Vias";Sim  ;"1164443   ";Caminhão;VW/23.220;"2005      ";Condutor;Ileso;"49   ";Masculino;"1 ";"0    ";"0    ";"0    ";-15.8024530;-48.0803870;SPRF-DF;DEL03-DF;UOP02-DEL03-DF 
647845;"1455527   ";2024-12-12;quinta-feira;02:57:00;DF;"70   ";"1,6  ";BRASILIA;Não;Reação tardia ou ineficiente do condutor;1;Colisão transversal;Com Vítimas Fatais;Plena Noite;Decrescente;Céu Claro;Dupla;"Reta;Interseção de Vias";Sim  ;"0         ";"0";NA/NA;"0         ";Testemunha;Não Informado;"0    ";Não Informado;"0 ";"0    ";"0    ";"0    ";-15.8024530;-48.0803870;SPRF-DF;DEL03-DF;UOP02-DEL03-DF 
647845;"1455365   ";2024-12-12;quinta-feira;02:57:00;DF;"70   ";"1,6  ";BRASILIA;Sim;Condutor desrespeitou a iluminação vermelha do semáforo;1;Colisão transversal;Com Vítimas Fatais;Plena Noite;Decrescente;Céu Claro;Dupla;"Reta;Interseção de Vias";Sim  ;"1164444   ";Camioneta;I/CHEV TRACKER MIDNIGHT;"2018      ";Passageiro;Óbito;"44   ";Feminino;"0 ";"0    ";"0    ";"1    ";-15.8024530;-48.0803870;SPRF-DF;DEL03-DF;UOP02-DEL03-DF 
647845;"1455364   ";2024-12-12;quinta-feira;02:57:00;DF;"70   ";"1,6  ";BRASILIA;Sim;Condutor desrespeitou a iluminação vermelha do semáforo;1;Colisão transversal;Com Vítimas Fatais;Plena Noite;Decrescente;Céu Claro;Dupla;"Reta;Interseção de Vias";Sim  ;"1164444   ";Camioneta;I/CHEV TRACKER MIDNIGHT;"2018      ";Condutor;Lesões Leves;"51   ";Masculino;"0 ";"1    ";"0    ";"0    ";-15.8024530;-48.0803870;SPRF-DF;DEL03-DF;UOP02-DEL03-DF 
647845;"1455363   ";2024-12-12;quinta-feira;02:57:00;DF;"70   ";"1,6  ";BRASILIA;Sim;Condutor desrespeitou a iluminação vermelha do semáforo;1;Colisão transversal;Com Vítimas Fatais;Plena Noite;Decrescente;Céu Claro;Dupla;"Reta;Interseção de Vias";Sim  ;"1164443   ";Caminhão;VW/23.220;"2005      ";Condutor;Ileso;"49   ";Masculino;"1 ";"0    ";"0    ";"0    ";-15.8024530;-48.0803870;SPRF-DF;DEL03-DF;UOP02-DEL03-DF 
647845;"1455527   ";2024-12-12;quinta-feira;02:57:00;DF;"70   ";"1,6  ";BRASILIA;Sim;Condutor desrespeitou a iluminação vermelha do semáforo;1;Colisão transversal;Com Vítimas Fatais;Plena Noite;Decrescente;Céu Claro;Dupla;"Reta;Interseção de Vias";Sim  ;"0         ";"0";NA/NA;"0         ";Testemunha;Não Informado;"0    ";Não Informado;"0 ";"0    ";"0    ";"0    ";-15.8024530;-48.0803870;SPRF-DF;DEL03-DF;UOP02-DEL03-DF 
647846;"1463176   ";2024-12-12;quinta-feira;02:50:00;GO;"40   ";"8    ";LUZIANIA;Sim;Acessar a via sem observar a presença dos outros veículos;1;Colisão traseira;Sem Vítimas;Plena Noite;Decrescente;Nublado;Dupla;Reta;Sim  ;"1170072   ";Caminhonete;IVECO/DAILY 35S14HDCS;"2017      ";Condutor;Ileso;"24   ";Masculino;"1 ";"0    ";"0    ";"0    ";-16.1161580;-47.9676100;SPRF-DF;DEL01-DF;UOP01-DEL01-DF 
647846;"1455444   ";2024-12-12;quinta-feira;02:50:00;GO;"40   ";"8    ";LUZIANIA;Sim;Acessar a via sem observar a presença dos outros veículos;1;Colisão traseira;Sem Vítimas;Plena Noite;Decrescente;Nublado;Dupla;Reta;Sim  ;"1164507   ";Automóvel;I/FIAT SIENA EL FLEX;"2010      ";Condutor;Ileso;"32   ";Masculino;"1 ";"0    ";"0    ";"0    ";-16.1161580;-47.9676100;SPRF-DF;DEL01-DF;UOP01-DEL01-DF 
647902;"1455581   ";2024-12-12;quinta-feira;10:20:00;GO;"20   ";"127  ";FLORES DE GOIAS;Sim;Acumulo de água sobre o pavimento;2;Capotamento;Sem Vítimas;Pleno dia;Decrescente;Chuva;Simples;Reta;Não  ;"1164650   ";Automóvel;CHEVROLET/CRUZE LT HB;"2013      ";Condutor;Ileso;"26   ";Masculino;"1 ";"0    ";"0    ";"0    ";-14.8495040;-46.7661630;SPRF-DF;DEL02-DF;UOP03-DEL02-DF 
647902;"1455586   ";2024-12-12;quinta-feira;10:20:00;GO;"20   ";"127  ";FLORES DE GOIAS;Sim;Acumulo de água sobre o pavimento;2;Capotamento;Sem Vítimas;Pleno dia;Decrescente;Chuva;Simples;Reta;Não  ;"1164650   ";Automóvel;CHEVROLET/CRUZE LT HB;"2013      ";Passageiro;Ileso;"1    ";Masculino;"1 ";"0    ";"0    ";"0    ";-14.8495040;-46.7661630;SPRF-DF;DEL02-DF;UOP03-DEL02-DF 
647902;"1455584   ";2024-12-12;quinta-feira;10:20:00;GO;"20   ";"127  ";FLORES DE GOIAS;Sim;Acumulo de água sobre o pavimento;2;Capotamento;Sem Vítimas;Pleno dia;Decrescente;Chuva;Simples;Reta;Não  ;"1164650   ";Automóvel;CHEVROLET/CRUZE LT HB;"2013      ";Passageiro;Ileso;"5    ";Masculino;"1 ";"0    ";"0    ";"0    ";-14.8495040;-46.7661630;SPRF-DF;DEL02-DF;UOP03-DEL02-DF 
647902;"1455582   ";2024-12-12;quinta-feira;10:20:00;GO;"20   ";"127  ";FLORES DE GOIAS;Sim;Acumulo de água sobre o pavimento;2;Capotamento;Sem Vítimas;Pleno dia;Decrescente;Chuva;Simples;Reta;Não  ;"1164650   ";Automóvel;CHEVROLET/CRUZE LT HB;"2013      ";Passageiro;Ileso;"68   ";Feminino;"1 ";"0    ";"0    ";"0    ";-14.8495040;-46.7661630;SPRF-DF;DEL02-DF;UOP03-DEL02-DF 
647902;"1455581   ";2024-12-12;quinta-feira;10:20:00;GO;"20   ";"127  ";FLORES DE GOIAS;Sim;Acumulo de água sobre o pavimento;1;Saída de leito carroçável;Sem Vítimas;Pleno dia;Decrescente;Chuva;Simples;Reta;Não  ;"1164650   ";Automóvel;CHEVROLET/CRUZE LT HB;"2013      ";Condutor;Ileso;"26   ";Masculino;"1 ";"0    ";"0    ";"0    ";-14.8495040;-46.7661630;SPRF-DF;DEL02-DF;UOP03-DEL02-DF 
647902;"1455586   ";2024-12-12;quinta-feira;10:20:00;GO;"20   ";"127  ";FLORES DE GOIAS;Sim;Acumulo de água sobre o pavimento;1;Saída de leito carroçável;Sem Vítimas;Pleno dia;Decrescente;Chuva;Simples;Reta;Não  ;"1164650   ";Automóvel;CHEVROLET/CRUZE LT HB;"2013      ";Passageiro;Ileso;"1    ";Masculino;"1 ";"0    ";"0    ";"0    ";-14.8495040;-46.7661630;SPRF-DF;DEL02-DF;UOP03-DEL02-DF 
647902;"1455584   ";2024-12-12;quinta-feira;10:20:00;GO;"20   ";"127  ";FLORES DE GOIAS;Sim;Acumulo de água sobre o pavimento;1;Saída de leito carroçável;Sem Vítimas;Pleno dia;Decrescente;Chuva;Simples;Reta;Não  ;"1164650   ";Automóvel;CHEVROLET/CRUZE LT HB;"2013      ";Passageiro;Ileso;"5    ";Masculino;"1 ";"0    ";"0    ";"0    ";-14.8495040;-46.7661630;SPRF-DF;DEL02-DF;UOP03-DEL02-DF 
647902;"1455582   ";2024-12-12;quinta-feira;10:20:00;GO;"20   ";"127  ";FLORES DE GOIAS;Sim;Acumulo de água sobre o pavimento;1;Saída de leito carroçável;Sem Vítimas;Pleno dia;Decrescente;Chuva;Simples;Reta;Não  ;"1164650   ";Automóvel;CHEVROLET/CRUZE LT HB;"2013      ";Passageiro;Ileso;"68   ";Feminino;"1 ";"0    ";"0    ";"0    ";-14.8495040;-46.7661630;SPRF-DF;DEL02-DF;UOP03-DEL02-DF 
647902;"1455581   ";2024-12-12;quinta-feira;10:20:00;GO;"20   ";"127  ";FLORES DE GOIAS;Não;Chuva;2;Capotamento;Sem Vítimas;Pleno dia;Decrescente;Chuva;Simples;Reta;Não  ;"1164650   ";Automóvel;CHEVROLET/CRUZE LT HB;"2013      ";Condutor;Ileso;"26   ";Masculino;"1 ";"0    ";"0    ";"0    ";-14.8495040;-46.7661630;SPRF-DF;DEL02-DF;UOP03-DEL02-DF 
647902;"1455586   ";2024-12-12;quinta-feira;10:20:00;GO;"20   ";"127  ";FLORES DE GOIAS;Não;Chuva;2;Capotamento;Sem Vítimas;Pleno dia;Decrescente;Chuva;Simples;Reta;Não  ;"1164650   ";Automóvel;CHEVROLET/CRUZE LT HB;"2013      ";Passageiro;Ileso;"1    ";Masculino;"1 ";"0    ";"0    ";"0    ";-14.8495040;-46.7661630;SPRF-DF;DEL02-DF;UOP03-DEL02-DF 
647902;"1455584   ";2024-12-12;quinta-feira;10:20:00;GO;"20   ";"127  ";FLORES DE GOIAS;Não;Chuva;2;Capotamento;Sem Vítimas;Pleno dia;Decrescente;Chuva;Simples;Reta;Não  ;"1164650   ";Automóvel;CHEVROLET/CRUZE LT HB;"2013      ";Passageiro;Ileso;"5    ";Masculino;"1 ";"0    ";"0    ";"0    ";-14.8495040;-46.7661630;SPRF-DF;DEL02-DF;UOP03-DEL02-DF 
647902;"1455582   ";2024-12-12;quinta-feira;10:20:00;GO;"20   ";"127  ";FLORES DE GOIAS;Não;Chuva;2;Capotamento;Sem Vítimas;Pleno dia;Decrescente;Chuva;Simples;Reta;Não  ;"1164650   ";Automóvel;CHEVROLET/CRUZE LT HB;"2013      ";Passageiro;Ileso;"68   ";Feminino;"1 ";"0    ";"0    ";"0    ";-14.8495040;-46.7661630;SPRF-DF;DEL02-DF;UOP03-DEL02-DF 
647902;"1455581   ";2024-12-12;quinta-feira;10:20:00;GO;"20   ";"127  ";FLORES DE GOIAS;Não;Chuva;1;Saída de leito carroçável;Sem Vítimas;Pleno dia;Decrescente;Chuva;Simples;Reta;Não  ;"1164650   ";Automóvel;CHEVROLET/CRUZE LT HB;"2013      ";Condutor;Ileso;"26   ";Masculino;"1 ";"0    ";"0    ";"0    ";-14.8495040;-46.7661630;SPRF-DF;DEL02-DF;UOP03-DEL02-DF 
647902;"1455586   ";2024-12-12;quinta-feira;10:20:00;GO;"20   ";"127  ";FLORES DE GOIAS;Não;Chuva;1;Saída de leito carroçável;Sem Vítimas;Pleno dia;Decrescente;Chuva;Simples;Reta;Não  ;"1164650   ";Automóvel;CHEVROLET/CRUZE LT HB;"2013      ";Passageiro;Ileso;"1    ";Masculino;"1 ";"0    ";"0    ";"0    ";-14.8495040;-46.7661630;SPRF-DF;DEL02-DF;UOP03-DEL02-DF 
647902;"1455584   ";2024-12-12;quinta-feira;10:20:00;GO;"20   ";"127  ";FLORES DE GOIAS;Não;Chuva;1;Saída de leito carroçável;Sem Vítimas;Pleno dia;Decrescente;Chuva;Simples;Reta;Não  ;"1164650   ";Automóvel;CHEVROLET/CRUZE LT HB;"2013      ";Passageiro;Ileso;"5    ";Masculino;"1 ";"0    ";"0    ";"0    ";-14.8495040;-46.7661630;SPRF-DF;DEL02-DF;UOP03-DEL02-DF 
647902;"1455582   ";2024-12-12;quinta-feira;10:20:00;GO;"20   ";"127  ";FLORES DE GOIAS;Não;Chuva;1;Saída de leito carroçável;Sem Vítimas;Pleno dia;Decrescente;Chuva;Simples;Reta;Não  ;"1164650   ";Automóvel;CHEVROLET/CRUZE LT HB;"2013      ";Passageiro;Ileso;"68   ";Feminino;"1 ";"0    ";"0    ";"0    ";-14.8495040;-46.7661630;SPRF-DF;DEL02-DF;UOP03-DEL02-DF 
647905;"1455908   ";2024-12-12;quinta-feira;11:40:00;DF;"40   ";"8    ";BRASILIA;Sim;Ausência de reação do condutor;1;Engavetamento;Com Vítimas Feridas;Pleno dia;Crescente;Chuva;Dupla;Reta;Sim  ;"1164901   ";Caminhonete;VW/SAVEIRO 1.6 CE;"2009      ";Condutor;Lesões Leves;"34   ";Masculino;"0 ";"1    ";"0    ";"0    ";-16.0386660;-47.9796910;SPRF-DF;DEL01-DF;UOP01-DEL01-DF 
647905;"1458996   ";2024-12-12;quinta-feira;11:40:00;DF;"40   ";"8    ";BRASILIA;Sim;Ausência de reação do condutor;1;Engavetamento;Com Vítimas Feridas;Pleno dia;Crescente;Chuva;Dupla;Reta;Sim  ;"1164900   ";Caminhão;VW/13.180 CNM;"2007      ";Passageiro;Lesões Leves;"58   ";Masculino;"0 ";"1    ";"0    ";"0    ";-16.0386660;-47.9796910;SPRF-DF;DEL01-DF;UOP01-DEL01-DF 
647905;"1458995   ";2024-12-12;quinta-feira;11:40:00;DF;"40   ";"8    ";BRASILIA;Sim;Ausência de reação do condutor;1;Engavetamento;Com Vítimas Feridas;Pleno dia;Crescente;Chuva;Dupla;Reta;Sim  ;"1164900   ";Caminhão;VW/13.180 CNM;"2007      ";Passageiro;Lesões Leves;"64   ";Masculino;"0 ";"1    ";"0    ";"0    ";-16.0386660;-47.9796910;SPRF-DF;DEL01-DF;UOP01-DEL01-DF 
647905;"1455902   ";2024-12-12;quinta-feira;11:40:00;DF;"40   ";"8    ";BRASILIA;Sim;Ausência de reação do condutor;1;Engavetamento;Com Vítimas Feridas;Pleno dia;Crescente;Chuva;Dupla;Reta;Sim  ;"1164900   ";Caminhão;VW/13.180 CNM;"2007      ";Condutor;Ileso;"58   ";Masculino;"1 ";"0    ";"0    ";"0    ";-16.0386660;-47.9796910;SPRF-DF;DEL01-DF;UOP01-DEL01-DF 
647910;"1455535   ";2024-12-12;quinta-feira;12:30:00;GO;"60   ";"53   ";ABADIANIA;Sim;Velocidade Incompatível;2;Colisão com objeto;Com Vítimas Feridas;Pleno dia;Crescente;Céu Claro;Dupla;Curva;Não  ;"1164598   ";Utilitário;I/TOYOTA HILUX SWDMDA4MD;"2023      ";Condutor;Lesões Graves;"56   ";Masculino;"0 ";"0    ";"1    ";"0    ";-16.1737000;-48.6483000;SPRF-GO;DEL02-GO;UOP01-DEL02-GO 
647910;"1455535   ";2024-12-12;quinta-feira;12:30:00;GO;"60   ";"53   ";ABADIANIA;Sim;Velocidade Incompatível;1;Saída de leito carroçável;Com Vítimas Feridas;Pleno dia;Crescente;Céu Claro;Dupla;Curva;Não  ;"1164598   ";Utilitário;I/TOYOTA HILUX SWDMDA4MD;"2023      ";Condutor;Lesões Graves;"56   ";Masculino;"0 ";"0    ";"1    ";"0    ";-16.1737000;-48.6483000;SPRF-GO;DEL02-GO;UOP01-DEL02-GO 
647917;"1455609   ";2024-12-12;quinta-feira;13:15:00;DF;"40   ";"7    ";BRASILIA;Sim;Ausência de reação do condutor;2;Colisão traseira;Com Vítimas Feridas;Pleno dia;Decrescente;Céu Claro;Dupla;Reta;Sim  ;"1164669   ";Automóvel;VW/GOL 1.0;"2007      ";Condutor;Ileso;"46   ";Masculino;"1 ";"0    ";"0    ";"0    ";-16.0386660;-47.9796910;SPRF-DF;DEL01-DF;UOP01-DEL01-DF 
647917;"1455607   ";2024-12-12;quinta-feira;13:15:00;DF;"40   ";"7    ";BRASILIA;Sim;Ausência de reação do condutor;2;Colisão traseira;Com Vítimas Feridas;Pleno dia;Decrescente;Céu Claro;Dupla;Reta;Sim  ;"1164668   ";Motocicleta;HONDA/CG150 START;"2015      ";Condutor;Lesões Graves;"41   ";Masculino;"0 ";"0    ";"1    ";"0    ";-16.0386660;-47.9796910;SPRF-DF;DEL01-DF;UOP01-DEL01-DF 
647917;"1455609   ";2024-12-12;quinta-feira;13:15:00;DF;"40   ";"7    ";BRASILIA;Sim;Ausência de reação do condutor;1;Queda de ocupante de veículo;Com Vítimas Feridas;Pleno dia;Decrescente;Céu Claro;Dupla;Reta;Sim  ;"1164669   ";Automóvel;VW/GOL 1.0;"2007      ";Condutor;Ileso;"46   ";Masculino;"1 ";"0    ";"0    ";"0    ";-16.0386660;-47.9796910;SPRF-DF;DEL01-DF;UOP01-DEL01-DF 
647917;"1455607   ";2024-12-12;quinta-feira;13:15:00;DF;"40   ";"7    ";BRASILIA;Sim;Ausência de reação do condutor;1;Queda de ocupante de veículo;Com Vítimas Feridas;Pleno dia;Decrescente;Céu Claro;Dupla;Reta;Sim  ;"1164668   ";Motocicleta;HONDA/CG150 START;"2015      ";Condutor;Lesões Graves;"41   ";Masculino;"0 ";"0    ";"1    ";"0    ";-16.0386660;-47.9796910;SPRF-DF;DEL01-DF;UOP01-DEL01-DF 
647930;"1459252   ";2024-12-12;quinta-feira;14:15:00;DF;"70   ";"14   ";BRASILIA;Não;Demais falhas na via;2;Saída de leito carroçável;Com Vítimas Feridas;Pleno dia;Crescente;Céu Claro;Dupla;Reta;Sim  ;"1164980   ";Automóvel;FIAT/UNO MILLE SMART;"2001      ";Passageiro;Lesões Leves;"31   ";Masculino;"0 ";"1    ";"0    ";"0    ";-15.7990775;-48.1824088;SPRF-DF;DEL03-DF;UOP02-DEL03-DF 
647930;"1455981   ";2024-12-12;quinta-feira;14:15:00;DF;"70   ";"14   ";BRASILIA;Não;Demais falhas na via;2;Saída de leito carroçável;Com Vítimas Feridas;Pleno dia;Crescente;Céu Claro;Dupla;Reta;Sim  ;"1164980   ";Automóvel;FIAT/UNO MILLE SMART;"2001      ";Condutor;Lesões Leves;"71   ";Masculino;"0 ";"1    ";"0    ";"0    ";-15.7990775;-48.1824088;SPRF-DF;DEL03-DF;UOP02-DEL03-DF 
647930;"1459257   ";2024-12-12;quinta-feira;14:15:00;DF;"70   ";"14   ";BRASILIA;Não;Demais falhas na via;2;Saída de leito carroçável;Com Vítimas Feridas;Pleno dia;Crescente;Céu Claro;Dupla;Reta;Sim  ;"1164981   ";Automóvel;AUDI/A3 1.8;"2006      ";Passageiro;Ileso;"48   ";Feminino;"1 ";"0    ";"0    ";"0    ";-15.7990775;-48.1824088;SPRF-DF;DEL03-DF;UOP02-DEL03-DF 
647930;"1455982   ";2024-12-12;quinta-feira;14:15:00;DF;"70   ";"14   ";BRASILIA;Não;Demais falhas na via;2;Saída de leito carroçável;Com Vítimas Feridas;Pleno dia;Crescente;Céu Claro;Dupla;Reta;Sim  ;"1164981   ";Automóvel;AUDI/A3 1.8;"2006      ";Condutor;Ileso;"48   ";Masculino;"1 ";"0    ";"0    ";"0    ";-15.7990775;-48.1824088;SPRF-DF;DEL03-DF;UOP02-DEL03-DF 
647930;"1459252   ";2024-12-12;quinta-feira;14:15:00;DF;"70   ";"14   ";BRASILIA;Não;Demais falhas na via;1;Colisão transversal;Com Vítimas Feridas;Pleno dia;Crescente;Céu Claro;Dupla;Reta;Sim  ;"1164980   ";Automóvel;FIAT/UNO MILLE SMART;"2001      ";Passageiro;Lesões Leves;"31   ";Masculino;"0 ";"1    ";"0    ";"0    ";-15.7990775;-48.1824088;SPRF-DF;DEL03-DF;UOP02-DEL03-DF 