id;pesid;data_inversa;dia_semana;horario;uf;br;km;municipio;causa_principal;causa_acidente;ordem_tipo_acidente;tipo_acidente;classificacao_acidente;fase_dia;sentido_via;condicao_metereologica;tipo_pista;tracado_via;uso_solo;id_veiculo;tipo_veiculo;marca;ano_fabricacao_veiculo;tipo_envolvido;estado_fisico;idade;sexo;ilesos;feridos_leves;feridos_graves;mortos;latitude;longitude;regional;delegacia;uop
647930;"1455981   ";2024-12-12;quinta-feira;14:15:00;DF;"70   ";"14   ";BRASILIA;Não;Demais falhas na via;1;Colisão transversal;Com Vítimas Feridas;Pleno dia;Crescente;Céu Claro;Dupla;Reta;Sim  ;"1164980   ";Automóvel;FIAT/UNO MILLE SMART;"2001      ";Condutor;Lesões Leves;"71   ";Masculino;"0 ";"1    ";"0    ";"0    ";-15.7990775;-48.1824088;SPRF-DF;DEL03-DF;UOP02-DEL03-DF 
647930;"1459257   ";2024-12-12;quinta-feira;14:15:00;DF;"70   ";"14   ";BRASILIA;Não;Demais falhas na via;1;Colisão transversal;Com Vítimas Feridas;Pleno dia;Crescente;Céu Claro;Dupla;Reta;Sim  ;"1164981   ";Automóvel;AUDI/A3 1.8;"2006      ";Passageiro;Ileso;"48   ";Feminino;"1 ";"0    ";"0    ";"0    ";-15.7990775;-48.1824088;SPRF-DF;DEL03-DF;UOP02-DEL03-DF 
647930;"1455982   ";2024-12-12;quinta-feira;14:15:00;DF;"70   ";"14   ";BRASILIA;Não;Demais falhas na via;1;Colisão transversal;Com Vítimas Feridas;Pleno dia;Crescente;Céu Claro;Dupla;Reta;Sim  ;"1164981   ";Automóvel;AUDI/A3 1.8;"2006      ";Condutor;Ileso;"48   ";Masculino;"1 ";"0    ";"0    ";"0    ";-15.7990775;-48.1824088;SPRF-DF;DEL03-DF;UOP02-DEL03-DF 
647930;"1459252   ";2024-12-12;quinta-feira;14:15:00;DF;"70   ";"14   ";BRASILIA;Não;Ausência de reação do condutor;2;Saída de leito carroçável;Com Vítimas Feridas;Pleno dia;Crescente;Céu Claro;Dupla;Reta;Sim  ;"1164980   ";Automóvel;FIAT/UNO MILLE SMART;"2001      ";Passageiro;Lesões Leves;"31   ";Masculino;"0 ";"1    ";"0    ";"0    ";-15.7990775;-48.1824088;SPRF-DF;DEL03-DF;UOP02-DEL03-DF 
647930;"1455981   ";2024-12-12;quinta-feira;14:15:00;DF;"70   ";"14   ";BRASILIA;Não;Ausência de reação do condutor;2;Saída de leito carroçável;Com Vítimas Feridas;Pleno dia;Crescente;Céu Claro;Dupla;Reta;Sim  ;"1164980   ";Automóvel;FIAT/UNO MILLE SMART;"2001      ";Condutor;Lesões Leves;"71   ";Masculino;"0 ";"1    ";"0    ";"0    ";-15.7990775;-48.1824088;SPRF-DF;DEL03-DF;UOP02-DEL03-DF 
647930;"1459257   ";2024-12-12;quinta-feira;14:15:00;DF;"70   ";"14   ";BRASILIA;Não;Ausência de reação do condutor;2;Saída de leito carroçável;Com Vítimas Feridas;Pleno dia;Crescente;Céu Claro;Dupla;Reta;Sim  ;"1164981   ";Automóvel;AUDI/A3 1.8;"2006      ";Passageiro;Ileso;"48   ";Feminino;"1 ";"0    ";"0    ";"0    ";-15.7990775;-48.1824088;SPRF-DF;DEL03-DF;UOP02-DEL03-DF 
647930;"1455982   ";2024-12-12;quinta-feira;14:15:00;DF;"70   ";"14   ";BRASILIA;Não;Ausência de reação do condutor;2;Saída de leito carroçável;Com Vítimas Feridas;Pleno dia;Crescente;Céu Claro;Dupla;Reta;Sim  ;"1164981   ";Automóvel;AUDI/A3 1.8;"2006      ";Condutor;Ileso;"48   ";Masculino;"1 ";"0    ";"0    ";"0    ";-15.7990775;-48.1824088;SPRF-DF;DEL03-DF;UOP02-DEL03-DF 
647930;"1459252   ";2024-12-12;quinta-feira;14:15:00;DF;"70   ";"14   ";BRASILIA;Não;Ausência de reação do condutor;1;Colisão transversal;Com Vítimas Feridas;Pleno dia;Crescente;Céu Claro;Dupla;Reta;Sim  ;"1164980   ";Automóvel;FIAT/UNO MILLE SMART;"2001      ";Passageiro;Lesões Leves;"31   ";Masculino;"0 ";"1    ";"0    ";"0    ";-15.7990775;-48.1824088;SPRF-DF;DEL03-DF;UOP02-DEL03-DF 
647930;"1455981   ";2024-12-12;quinta-feira;14:15:00;DF;"70   ";"14   ";BRASILIA;Não;Ausência de reação do condutor;1;Colisão transversal;Com Vítimas Feridas;Pleno dia;Crescente;Céu Claro;Dupla;Reta;Sim  ;"1164980   ";Automóvel;FIAT/UNO MILLE SMART;"2001      ";Condutor;Lesões Leves;"71   ";Masculino;"0 ";"1    ";"0    ";"0    ";-15.7990775;-48.1824088;SPRF-DF;DEL03-DF;UOP02-DEL03-DF 
647930;"1459257   ";2024-12-12;quinta-feira;14:15:00;DF;"70   ";"14   ";BRASILIA;Não;Ausência de reação do condutor;1;Colisão transversal;Com Vítimas Feridas;Pleno dia;Crescente;Céu Claro;Dupla;Reta;Sim  ;"1164981   ";Automóvel;AUDI/A3 1.8;"2006      ";Passageiro;Ileso;"48   ";Feminino;"1 ";"0    ";"0    ";"0    ";-15.7990775;-48.1824088;SPRF-DF;DEL03-DF;UOP02-DEL03-DF 
647930;"1455982   ";2024-12-12;quinta-feira;14:15:00;DF;"70   ";"14   ";BRASILIA;Não;Ausência de reação do condutor;1;Colisão transversal;Com Vítimas Feridas;Pleno dia;Crescente;Céu Claro;Dupla;Reta;Sim  ;"1164981   ";Automóvel;AUDI/A3 1.8;"2006      ";Condutor;Ileso;"48   ";Masculino;"1 ";"0    ";"0    ";"0    ";-15.7990775;-48.1824088;SPRF-DF;DEL03-DF;UOP02-DEL03-DF 
647930;"1459252   ";2024-12-12;quinta-feira;14:15:00;DF;"70   ";"14   ";BRASILIA;Não;Velocidade Incompatível;2;Saída de leito carroçável;Com Vítimas Feridas;Pleno dia;Crescente;Céu Claro;Dupla;Reta;Sim  ;"1164980   ";Automóvel;FIAT/UNO MILLE SMART;"2001      ";Passageiro;Lesões Leves;"31   ";Masculino;"0 ";"1    ";"0    ";"0    ";-15.7990775;-48.1824088;SPRF-DF;DEL03-DF;UOP02-DEL03-DF 
647930;"1455981   ";2024-12-12;quinta-feira;14:15:00;DF;"70   ";"14   ";BRASILIA;Não;Velocidade Incompatível;2;Saída de leito carroçável;Com Vítimas Feridas;Pleno dia;Crescente;Céu Claro;Dupla;Reta;Sim  ;"1164980   ";Automóvel;FIAT/UNO MILLE SMART;"2001      ";Condutor;Lesões Leves;"71   ";Masculino;"0 ";"1    ";"0    ";"0    ";-15.7990775;-48.1824088;SPRF-DF;DEL03-DF;UOP02-DEL03-DF 
647930;"1459257   ";2024-12-12;quinta-feira;14:15:00;DF;"70   ";"14   ";BRASILIA;Não;Velocidade Incompatível;2;Saída de leito carroçável;Com Vítimas Feridas;Pleno dia;Crescente;Céu Claro;Dupla;Reta;Sim  ;"1164981   ";Automóvel;AUDI/A3 1.8;"2006      ";Passageiro;Ileso;"48   ";Feminino;"1 ";"0    ";"0    ";"0    ";-15.7990775;-48.1824088;SPRF-DF;DEL03-DF;UOP02-DEL03-DF 
647930;"1455982   ";2024-12-12;quinta-feira;14:15:00;DF;"70   ";"14   ";BRASILIA;Não;Velocidade Incompatível;2;Saída de leito carroçável;Com Vítimas Feridas;Pleno dia;Crescente;Céu Claro;Dupla;Reta;Sim  ;"1164981   ";Automóvel;AUDI/A3 1.8;"2006      ";Condutor;Ileso;"48   ";Masculino;"1 ";"0    ";"0    ";"0    ";-15.7990775;-48.1824088;SPRF-DF;DEL03-DF;UOP02-DEL03-DF 
647930;"1459252   ";2024-12-12;quinta-feira;14:15:00;DF;"70   ";"14   ";BRASILIA;Não;Velocidade Incompatível;1;Colisão transversal;Com Vítimas Feridas;Pleno dia;Crescente;Céu Claro;Dupla;Reta;Sim  ;"1164980   ";Automóvel;FIAT/UNO MILLE SMART;"2001      ";Passageiro;Lesões Leves;"31   ";Masculino;"0 ";"1    ";"0    ";"0    ";-15.7990775;-48.1824088;SPRF-DF;DEL03-DF;UOP02-DEL03-DF 
647930;"1455981   ";2024-12-12;quinta-feira;14:15:00;DF;"70   ";"14   ";BRASILIA;Não;Velocidade Incompatível;1;Colisão transversal;Com Vítimas Feridas;Pleno dia;Crescente;Céu Claro;Dupla;Reta;Sim  ;"1164980   ";Automóvel;FIAT/UNO MILLE SMART;"2001      ";Condutor;Lesões Leves;"71   ";Masculino;"0 ";"1    ";"0    ";"0    ";-15.7990775;-48.1824088;SPRF-DF;DEL03-DF;UOP02-DEL03-DF 
647930;"1459257   ";2024-12-12;quinta-feira;14:15:00;DF;"70   ";"14   ";BRASILIA;Não;Velocidade Incompatível;1;Colisão transversal;Com Vítimas Feridas;Pleno dia;Crescente;Céu Claro;Dupla;Reta;Sim  ;"1164981   ";Automóvel;AUDI/A3 1.8;"2006      ";Passageiro;Ileso;"48   ";Feminino;"1 ";"0    ";"0    ";"0    ";-15.7990775;-48.1824088;SPRF-DF;DEL03-DF;UOP02-DEL03-DF 
647930;"1455982   ";2024-12-12;quinta-feira;14:15:00;DF;"70   ";"14   ";BRASILIA;Não;Velocidade Incompatível;1;Colisão transversal;Com Vítimas Feridas;Pleno dia;Crescente;Céu Claro;Dupla;Reta;Sim  ;"1164981   ";Automóvel;AUDI/A3 1.8;"2006      ";Condutor;Ileso;"48   ";Masculino;"1 ";"0    ";"0    ";"0    ";-15.7990775;-48.1824088;SPRF-DF;DEL03-DF;UOP02-DEL03-DF 
647930;"1459252   ";2024-12-12;quinta-feira;14:15:00;DF;"70   ";"14   ";BRASILIA;Sim;Acessar a via sem observar a presença dos outros veículos;2;Saída de leito carroçável;Com Vítimas Feridas;Pleno dia;Crescente;Céu Claro;Dupla;Reta;Sim  ;"1164980   ";Automóvel;FIAT/UNO MILLE SMART;"2001      ";Passageiro;Lesões Leves;"31   ";Masculino;"0 ";"1    ";"0    ";"0    ";-15.7990775;-48.1824088;SPRF-DF;DEL03-DF;UOP02-DEL03-DF 
647930;"1455981   ";2024-12-12;quinta-feira;14:15:00;DF;"70   ";"14   ";BRASILIA;Sim;Acessar a via sem observar a presença dos outros veículos;2;Saída de leito carroçável;Com Vítimas Feridas;Pleno dia;Crescente;Céu Claro;Dupla;Reta;Sim  ;"1164980   ";Automóvel;FIAT/UNO MILLE SMART;"2001      ";Condutor;Lesões Leves;"71   ";Masculino;"0 ";"1    ";"0    ";"0    ";-15.7990775;-48.1824088;SPRF-DF;DEL03-DF;UOP02-DEL03-DF 
647930;"1459257   ";2024-12-12;quinta-feira;14:15:00;DF;"70   ";"14   ";BRASILIA;Sim;Acessar a via sem observar a presença dos outros veículos;2;Saída de leito carroçável;Com Vítimas Feridas;Pleno dia;Crescente;Céu Claro;Dupla;Reta;Sim  ;"1164981   ";Automóvel;AUDI/A3 1.8;"2006      ";Passageiro;Ileso;"48   ";Feminino;"1 ";"0    ";"0    ";"0    ";-15.7990775;-48.1824088;SPRF-DF;DEL03-DF;UOP02-DEL03-DF 
647930;"1455982   ";2024-12-12;quinta-feira;14:15:00;DF;"70   ";"14   ";BRASILIA;Sim;Acessar a via sem observar a presença dos outros veículos;2;Saída de leito carroçável;Com Vítimas Feridas;Pleno dia;Crescente;Céu Claro;Dupla;Reta;Sim  ;"1164981   ";Automóvel;AUDI/A3 1.8;"2006      ";Condutor;Ileso;"48   ";Masculino;"1 ";"0    ";"0    ";"0    ";-15.7990775;-48.1824088;SPRF-DF;DEL03-DF;UOP02-DEL03-DF 
647930;"1459252   ";2024-12-12;quinta-feira;14:15:00;DF;"70   ";"14   ";BRASILIA;Sim;Acessar a via sem observar a presença dos outros veículos;1;Colisão transversal;Com Vítimas Feridas;Pleno dia;Crescente;Céu Claro;Dupla;Reta;Sim  ;"1164980   ";Automóvel;FIAT/UNO MILLE SMART;"2001      ";Passageiro;Lesões Leves;"31   ";Masculino;"0 ";"1    ";"0    ";"0    ";-15.7990775;-48.1824088;SPRF-DF;DEL03-DF;UOP02-DEL03-DF 
647930;"1455981   ";2024-12-12;quinta-feira;14:15:00;DF;"70   ";"14   ";BRASILIA;Sim;Acessar a via sem observar a presença dos outros veículos;1;Colisão transversal;Com Vítimas Feridas;Pleno dia;Crescente;Céu Claro;Dupla;Reta;Sim  ;"1164980   ";Automóvel;FIAT/UNO MILLE SMART;"2001      ";Condutor;Lesões Leves;"71   ";Masculino;"0 ";"1    ";"0    ";"0    ";-15.7990775;-48.1824088;SPRF-DF;DEL03-DF;UOP02-DEL03-DF 
647930;"1459257   ";2024-12-12;quinta-feira;14:15:00;DF;"70   ";"14   ";BRASILIA;Sim;Acessar a via sem observar a presença dos outros veículos;1;Colisão transversal;Com Vítimas Feridas;Pleno dia;Crescente;Céu Claro;Dupla;Reta;Sim  ;"1164981   ";Automóvel;AUDI/A3 1.8;"2006      ";Passageiro;Ileso;"48   ";Feminino;"1 ";"0    ";"0    ";"0    ";-15.7990775;-48.1824088;SPRF-DF;DEL03-DF;UOP02-DEL03-DF 
647930;"1455982   ";2024-12-12;quinta-feira;14:15:00;DF;"70   ";"14   ";BRASILIA;Sim;Acessar a via sem observar a presença dos outros veículos;1;Colisão transversal;Com Vítimas Feridas;Pleno dia;Crescente;Céu Claro;Dupla;Reta;Sim  ;"1164981   ";Automóvel;AUDI/A3 1.8;"2006      ";Condutor;Ileso;"48   ";Masculino;"1 ";"0    ";"0    ";"0    ";-15.7990775;-48.1824088;SPRF-DF;DEL03-DF;UOP02-DEL03-DF 
647931;"1455659   ";2024-12-12;quinta-feira;14:20:00;DF;"20   ";"21,7 ";BRASILIA;Não;Reação tardia ou ineficiente do condutor;2;Colisão com objeto;Com Vítimas Feridas;Pleno dia;Decrescente;Chuva;Dupla;"Declive;Retorno Regulamentado;Reta";Sim  ;"1164677   ";Automóvel;FIAT/PALIO YOUNG;"2000      ";Condutor;Não Informado;"0    ";Não Informado;"0 ";"0    ";"0    ";"0    ";-15.6033840;-47.6846920;SPRF-DF;DEL02-DF;UOP01-DEL02-DF 
647931;"1455631   ";2024-12-12;quinta-feira;14:20:00;DF;"20   ";"21,7 ";BRASILIA;Não;Reação tardia ou ineficiente do condutor;2;Colisão com objeto;Com Vítimas Feridas;Pleno dia;Decrescente;Chuva;Dupla;"Declive;Retorno Regulamentado;Reta";Sim  ;"1164676   ";Ônibus;MBENZ/MPOLO PARADISO R;"2011      ";Passageiro;Ileso;"56   ";Masculino;"1 ";"0    ";"0    ";"0    ";-15.6033840;-47.6846920;SPRF-DF;DEL02-DF;UOP01-DEL02-DF 
647931;"1455619   ";2024-12-12;quinta-feira;14:20:00;DF;"20   ";"21,7 ";BRASILIA;Não;Reação tardia ou ineficiente do condutor;2;Colisão com objeto;Com Vítimas Feridas;Pleno dia;Decrescente;Chuva;Dupla;"Declive;Retorno Regulamentado;Reta";Sim  ;"1164676   ";Ônibus;MBENZ/MPOLO PARADISO R;"2011      ";Condutor;Ileso;"31   ";Masculino;"1 ";"0    ";"0    ";"0    ";-15.6033840;-47.6846920;SPRF-DF;DEL02-DF;UOP01-DEL02-DF 
647931;"1455654   ";2024-12-12;quinta-feira;14:20:00;DF;"20   ";"21,7 ";BRASILIA;Não;Reação tardia ou ineficiente do condutor;2;Colisão com objeto;Com Vítimas Feridas;Pleno dia;Decrescente;Chuva;Dupla;"Declive;Retorno Regulamentado;Reta";Sim  ;"1164676   ";Ônibus;MBENZ/MPOLO PARADISO R;"2011      ";Passageiro;Ileso;"23   ";Masculino;"1 ";"0    ";"0    ";"0    ";-15.6033840;-47.6846920;SPRF-DF;DEL02-DF;UOP01-DEL02-DF 
647931;"1455652   ";2024-12-12;quinta-feira;14:20:00;DF;"20   ";"21,7 ";BRASILIA;Não;Reação tardia ou ineficiente do condutor;2;Colisão com objeto;Com Vítimas Feridas;Pleno dia;Decrescente;Chuva;Dupla;"Declive;Retorno Regulamentado;Reta";Sim  ;"1164676   ";Ônibus;MBENZ/MPOLO PARADISO R;"2011      ";Passageiro;Ileso;"45   ";Masculino;"1 ";"0    ";"0    ";"0    ";-15.6033840;-47.6846920;SPRF-DF;DEL02-DF;UOP01-DEL02-DF 
647931;"1455650   ";2024-12-12;quinta-feira;14:20:00;DF;"20   ";"21,7 ";BRASILIA;Não;Reação tardia ou ineficiente do condutor;2;Colisão com objeto;Com Vítimas Feridas;Pleno dia;Decrescente;Chuva;Dupla;"Declive;Retorno Regulamentado;Reta";Sim  ;"1164676   ";Ônibus;MBENZ/MPOLO PARADISO R;"2011      ";Passageiro;Ileso;"33   ";Masculino;"1 ";"0    ";"0    ";"0    ";-15.6033840;-47.6846920;SPRF-DF;DEL02-DF;UOP01-DEL02-DF 
647931;"1455648   ";2024-12-12;quinta-feira;14:20:00;DF;"20   ";"21,7 ";BRASILIA;Não;Reação tardia ou ineficiente do condutor;2;Colisão com objeto;Com Vítimas Feridas;Pleno dia;Decrescente;Chuva;Dupla;"Declive;Retorno Regulamentado;Reta";Sim  ;"1164676   ";Ônibus;MBENZ/MPOLO PARADISO R;"2011      ";Passageiro;Ileso;"37   ";Masculino;"1 ";"0    ";"0    ";"0    ";-15.6033840;-47.6846920;SPRF-DF;DEL02-DF;UOP01-DEL02-DF 
647931;"1455647   ";2024-12-12;quinta-feira;14:20:00;DF;"20   ";"21,7 ";BRASILIA;Não;Reação tardia ou ineficiente do condutor;2;Colisão com objeto;Com Vítimas Feridas;Pleno dia;Decrescente;Chuva;Dupla;"Declive;Retorno Regulamentado;Reta";Sim  ;"1164676   ";Ônibus;MBENZ/MPOLO PARADISO R;"2011      ";Passageiro;Ileso;"29   ";Masculino;"1 ";"0    ";"0    ";"0    ";-15.6033840;-47.6846920;SPRF-DF;DEL02-DF;UOP01-DEL02-DF 
647931;"1455646   ";2024-12-12;quinta-feira;14:20:00;DF;"20   ";"21,7 ";BRASILIA;Não;Reação tardia ou ineficiente do condutor;2;Colisão com objeto;Com Vítimas Feridas;Pleno dia;Decrescente;Chuva;Dupla;"Declive;Retorno Regulamentado;Reta";Sim  ;"1164676   ";Ônibus;MBENZ/MPOLO PARADISO R;"2011      ";Passageiro;Ileso;"29   ";Masculino;"1 ";"0    ";"0    ";"0    ";-15.6033840;-47.6846920;SPRF-DF;DEL02-DF;UOP01-DEL02-DF 
647931;"1455636   ";2024-12-12;quinta-feira;14:20:00;DF;"20   ";"21,7 ";BRASILIA;Não;Reação tardia ou ineficiente do condutor;2;Colisão com objeto;Com Vítimas Feridas;Pleno dia;Decrescente;Chuva;Dupla;"Declive;Retorno Regulamentado;Reta";Sim  ;"1164676   ";Ônibus;MBENZ/MPOLO PARADISO R;"2011      ";Passageiro;Ileso;"3    ";Feminino;"1 ";"0    ";"0    ";"0    ";-15.6033840;-47.6846920;SPRF-DF;DEL02-DF;UOP01-DEL02-DF 
647931;"1455635   ";2024-12-12;quinta-feira;14:20:00;DF;"20   ";"21,7 ";BRASILIA;Não;Reação tardia ou ineficiente do condutor;2;Colisão com objeto;Com Vítimas Feridas;Pleno dia;Decrescente;Chuva;Dupla;"Declive;Retorno Regulamentado;Reta";Sim  ;"1164676   ";Ônibus;MBENZ/MPOLO PARADISO R;"2011      ";Passageiro;Ileso;"9    ";Feminino;"1 ";"0    ";"0    ";"0    ";-15.6033840;-47.6846920;SPRF-DF;DEL02-DF;UOP01-DEL02-DF 
647931;"1455634   ";2024-12-12;quinta-feira;14:20:00;DF;"20   ";"21,7 ";BRASILIA;Não;Reação tardia ou ineficiente do condutor;2;Colisão com objeto;Com Vítimas Feridas;Pleno dia;Decrescente;Chuva;Dupla;"Declive;Retorno Regulamentado;Reta";Sim  ;"1164676   ";Ônibus;MBENZ/MPOLO PARADISO R;"2011      ";Passageiro;Ileso;"11   ";Feminino;"1 ";"0    ";"0    ";"0    ";-15.6033840;-47.6846920;SPRF-DF;DEL02-DF;UOP01-DEL02-DF 
647931;"1455633   ";2024-12-12;quinta-feira;14:20:00;DF;"20   ";"21,7 ";BRASILIA;Não;Reação tardia ou ineficiente do condutor;2;Colisão com objeto;Com Vítimas Feridas;Pleno dia;Decrescente;Chuva;Dupla;"Declive;Retorno Regulamentado;Reta";Sim  ;"1164676   ";Ônibus;MBENZ/MPOLO PARADISO R;"2011      ";Passageiro;Ileso;"27   ";Feminino;"1 ";"0    ";"0    ";"0    ";-15.6033840;-47.6846920;SPRF-DF;DEL02-DF;UOP01-DEL02-DF 
647931;"1455632   ";2024-12-12;quinta-feira;14:20:00;DF;"20   ";"21,7 ";BRASILIA;Não;Reação tardia ou ineficiente do condutor;2;Colisão com objeto;Com Vítimas Feridas;Pleno dia;Decrescente;Chuva;Dupla;"Declive;Retorno Regulamentado;Reta";Sim  ;"1164676   ";Ônibus;MBENZ/MPOLO PARADISO R;"2011      ";Passageiro;Ileso;"34   ";Masculino;"1 ";"0    ";"0    ";"0    ";-15.6033840;-47.6846920;SPRF-DF;DEL02-DF;UOP01-DEL02-DF 
647931;"1455628   ";2024-12-12;quinta-feira;14:20:00;DF;"20   ";"21,7 ";BRASILIA;Não;Reação tardia ou ineficiente do condutor;2;Colisão com objeto;Com Vítimas Feridas;Pleno dia;Decrescente;Chuva;Dupla;"Declive;Retorno Regulamentado;Reta";Sim  ;"1164676   ";Ônibus;MBENZ/MPOLO PARADISO R;"2011      ";Passageiro;Ileso;"47   ";Feminino;"1 ";"0    ";"0    ";"0    ";-15.6033840;-47.6846920;SPRF-DF;DEL02-DF;UOP01-DEL02-DF 
647931;"1455627   ";2024-12-12;quinta-feira;14:20:00;DF;"20   ";"21,7 ";BRASILIA;Não;Reação tardia ou ineficiente do condutor;2;Colisão com objeto;Com Vítimas Feridas;Pleno dia;Decrescente;Chuva;Dupla;"Declive;Retorno Regulamentado;Reta";Sim  ;"1164676   ";Ônibus;MBENZ/MPOLO PARADISO R;"2011      ";Passageiro;Ileso;"51   ";Feminino;"1 ";"0    ";"0    ";"0    ";-15.6033840;-47.6846920;SPRF-DF;DEL02-DF;UOP01-DEL02-DF 
647931;"1455626   ";2024-12-12;quinta-feira;14:20:00;DF;"20   ";"21,7 ";BRASILIA;Não;Reação tardia ou ineficiente do condutor;2;Colisão com objeto;Com Vítimas Feridas;Pleno dia;Decrescente;Chuva;Dupla;"Declive;Retorno Regulamentado;Reta";Sim  ;"1164676   ";Ônibus;MBENZ/MPOLO PARADISO R;"2011      ";Passageiro;Ileso;"38   ";Masculino;"1 ";"0    ";"0    ";"0    ";-15.6033840;-47.6846920;SPRF-DF;DEL02-DF;UOP01-DEL02-DF 
647931;"1455625   ";2024-12-12;quinta-feira;14:20:00;DF;"20   ";"21,7 ";BRASILIA;Não;Reação tardia ou ineficiente do condutor;2;Colisão com objeto;Com Vítimas Feridas;Pleno dia;Decrescente;Chuva;Dupla;"Declive;Retorno Regulamentado;Reta";Sim  ;"1164676   ";Ônibus;MBENZ/MPOLO PARADISO R;"2011      ";Passageiro;Ileso;"66   ";Masculino;"1 ";"0    ";"0    ";"0    ";-15.6033840;-47.6846920;SPRF-DF;DEL02-DF;UOP01-DEL02-DF 
647931;"1455624   ";2024-12-12;quinta-feira;14:20:00;DF;"20   ";"21,7 ";BRASILIA;Não;Reação tardia ou ineficiente do condutor;2;Colisão com objeto;Com Vítimas Feridas;Pleno dia;Decrescente;Chuva;Dupla;"Declive;Retorno Regulamentado;Reta";Sim  ;"1164676   ";Ônibus;MBENZ/MPOLO PARADISO R;"2011      ";Passageiro;Ileso;"34   ";Feminino;"1 ";"0    ";"0    ";"0    ";-15.6033840;-47.6846920;SPRF-DF;DEL02-DF;UOP01-DEL02-DF 
647931;"1455622   ";2024-12-12;quinta-feira;14:20:00;DF;"20   ";"21,7 ";BRASILIA;Não;Reação tardia ou ineficiente do condutor;2;Colisão com objeto;Com Vítimas Feridas;Pleno dia;Decrescente;Chuva;Dupla;"Declive;Retorno Regulamentado;Reta";Sim  ;"1164676   ";Ônibus;MBENZ/MPOLO PARADISO R;"2011      ";Passageiro;Ileso;"61   ";Masculino;"1 ";"0    ";"0    ";"0    ";-15.6033840;-47.6846920;SPRF-DF;DEL02-DF;UOP01-DEL02-DF 
647931;"1455621   ";2024-12-12;quinta-feira;14:20:00;DF;"20   ";"21,7 ";BRASILIA;Não;Reação tardia ou ineficiente do condutor;2;Colisão com objeto;Com Vítimas Feridas;Pleno dia;Decrescente;Chuva;Dupla;"Declive;Retorno Regulamentado;Reta";Sim  ;"1164676   ";Ônibus;MBENZ/MPOLO PARADISO R;"2011      ";Passageiro;Ileso;"43   ";Feminino;"1 ";"0    ";"0    ";"0    ";-15.6033840;-47.6846920;SPRF-DF;DEL02-DF;UOP01-DEL02-DF 
647931;"1455620   ";2024-12-12;quinta-feira;14:20:00;DF;"20   ";"21,7 ";BRASILIA;Não;Reação tardia ou ineficiente do condutor;2;Colisão com objeto;Com Vítimas Feridas;Pleno dia;Decrescente;Chuva;Dupla;"Declive;Retorno Regulamentado;Reta";Sim  ;"1164676   ";Ônibus;MBENZ/MPOLO PARADISO R;"2011      ";Passageiro;Lesões Leves;"48   ";Masculino;"0 ";"1    ";"0    ";"0    ";-15.6033840;-47.6846920;SPRF-DF;DEL02-DF;UOP01-DEL02-DF 
647931;"1455658   ";2024-12-12;quinta-feira;14:20:00;DF;"20   ";"21,7 ";BRASILIA;Não;Reação tardia ou ineficiente do condutor;2;Colisão com objeto;Com Vítimas Feridas;Pleno dia;Decrescente;Chuva;Dupla;"Declive;Retorno Regulamentado;Reta";Sim  ;"0         ";"0";NA/NA;"0         ";Testemunha;Não Informado;"0    ";Não Informado;"0 ";"0    ";"0    ";"0    ";-15.6033840;-47.6846920;SPRF-DF;DEL02-DF;UOP01-DEL02-DF 
647931;"1455659   ";2024-12-12;quinta-feira;14:20:00;DF;"20   ";"21,7 ";BRASILIA;Não;Reação tardia ou ineficiente do condutor;1;Saída de leito carroçável;Com Vítimas Feridas;Pleno dia;Decrescente;Chuva;Dupla;"Declive;Retorno Regulamentado;Reta";Sim  ;"1164677   ";Automóvel;FIAT/PALIO YOUNG;"2000      ";Condutor;Não Informado;"0    ";Não Informado;"0 ";"0    ";"0    ";"0    ";-15.6033840;-47.6846920;SPRF-DF;DEL02-DF;UOP01-DEL02-DF 
647931;"1455631   ";2024-12-12;quinta-feira;14:20:00;DF;"20   ";"21,7 ";BRASILIA;Não;Reação tardia ou ineficiente do condutor;1;Saída de leito carroçável;Com Vítimas Feridas;Pleno dia;Decrescente;Chuva;Dupla;"Declive;Retorno Regulamentado;Reta";Sim  ;"1164676   ";Ônibus;MBENZ/MPOLO PARADISO R;"2011      ";Passageiro;Ileso;"56   ";Masculino;"1 ";"0    ";"0    ";"0    ";-15.6033840;-47.6846920;SPRF-DF;DEL02-DF;UOP01-DEL02-DF 
647931;"1455619   ";2024-12-12;quinta-feira;14:20:00;DF;"20   ";"21,7 ";BRASILIA;Não;Reação tardia ou ineficiente do condutor;1;Saída de leito carroçável;Com Vítimas Feridas;Pleno dia;Decrescente;Chuva;Dupla;"Declive;Retorno Regulamentado;Reta";Sim  ;"1164676   ";Ônibus;MBENZ/MPOLO PARADISO R;"2011      ";Condutor;Ileso;"31   ";Masculino;"1 ";"0    ";"0    ";"0    ";-15.6033840;-47.6846920;SPRF-DF;DEL02-DF;UOP01-DEL02-DF 
647931;"1455654   ";2024-12-12;quinta-feira;14:20:00;DF;"20   ";"21,7 ";BRASILIA;Não;Reação tardia ou ineficiente do condutor;1;Saída de leito carroçável;Com Vítimas Feridas;Pleno dia;Decrescente;Chuva;Dupla;"Declive;Retorno Regulamentado;Reta";Sim  ;"1164676   ";Ônibus;MBENZ/MPOLO PARADISO R;"2011      ";Passageiro;Ileso;"23   ";Masculino;"1 ";"0    ";"0    ";"0    ";-15.6033840;-47.6846920;SPRF-DF;DEL02-DF;UOP01-DEL02-DF 