id;pesid;data_inversa;dia_semana;horario;uf;br;km;municipio;causa_principal;causa_acidente;ordem_tipo_acidente;tipo_acidente;classificacao_acidente;fase_dia;sentido_via;condicao_metereologica;tipo_pista;tracado_via;uso_solo;id_veiculo;tipo_veiculo;marca;ano_fabricacao_veiculo;tipo_envolvido;estado_fisico;idade;sexo;ilesos;feridos_leves;feridos_graves;mortos;latitude;longitude;regional;delegacia;uop
647931;"1455620   ";2024-12-12;quinta-feira;14:20:00;DF;"20   ";"21,7 ";BRASILIA;Sim;Chuva;1;Saída de leito carroçável;Com Vítimas Feridas;Pleno dia;Decrescente;Chuva;Dupla;"Declive;Retorno Regulamentado;Reta";Sim  ;"1164676   ";Ônibus;MBENZ/MPOLO PARADISO R;"2011      ";Passageiro;Lesões Leves;"48   ";Masculino;"0 ";"1    ";"0    ";"0    ";-15.6033840;-47.6846920;SPRF-DF;DEL02-DF;UOP01-DEL02-DF 
647931;"1455658   ";2024-12-12;quinta-feira;14:20:00;DF;"20   ";"21,7 ";BRASILIA;Sim;Chuva;1;Saída de leito carroçável;Com Vítimas Feridas;Pleno dia;Decrescente;Chuva;Dupla;"Declive;Retorno Regulamentado;Reta";Sim  ;"0         ";"0";NA/NA;"0         ";Testemunha;Não Informado;"0    ";Não Informado;"0 ";"0    ";"0    ";"0    ";-15.6033840;-47.6846920;SPRF-DF;DEL02-DF;UOP01-DEL02-DF 
647945;"1455606   ";2024-12-12;quinta-feira;15:45:00;GO;"40   ";"18,9 ";LUZIANIA;Sim;Ingestão de álcool pelo condutor;2;Capotamento;Com Vítimas Feridas;Pleno dia;Crescente;Nublado;Dupla;Reta;Sim  ;"1164667   ";Automóvel;VW/FOX 1.0;"2007      ";Condutor;Lesões Leves;"35   ";Masculino;"0 ";"1    ";"0    ";"0    ";-16.1934900;-47.9255750;SPRF-DF;DEL01-DF;UOP01-DEL01-DF 
647945;"1455606   ";2024-12-12;quinta-feira;15:45:00;GO;"40   ";"18,9 ";LUZIANIA;Sim;Ingestão de álcool pelo condutor;1;Saída de leito carroçável;Com Vítimas Feridas;Pleno dia;Crescente;Nublado;Dupla;Reta;Sim  ;"1164667   ";Automóvel;VW/FOX 1.0;"2007      ";Condutor;Lesões Leves;"35   ";Masculino;"0 ";"1    ";"0    ";"0    ";-16.1934900;-47.9255750;SPRF-DF;DEL01-DF;UOP01-DEL01-DF 
647971;"1455651   ";2024-12-12;quinta-feira;17:23:00;DF;"70   ";"10,8 ";BRASILIA;Não;Reação tardia ou ineficiente do condutor;1;Colisão lateral mesmo sentido;Com Vítimas Feridas;Pleno dia;Decrescente;Nublado;Dupla;Reta;Sim  ;"1164699   ";Motocicleta;HONDA/NXR160 BROS ESDD;"2024      ";Condutor;Lesões Leves;"25   ";Masculino;"0 ";"1    ";"0    ";"0    ";-15.7870660;-48.1407090;SPRF-DF;DEL03-DF;UOP02-DEL03-DF 
647971;"1455649   ";2024-12-12;quinta-feira;17:23:00;DF;"70   ";"10,8 ";BRASILIA;Não;Reação tardia ou ineficiente do condutor;1;Colisão lateral mesmo sentido;Com Vítimas Feridas;Pleno dia;Decrescente;Nublado;Dupla;Reta;Sim  ;"1164697   ";Automóvel;FIAT/ARGO DRIVE 1.0;"2018      ";Condutor;Ileso;"34   ";Feminino;"1 ";"0    ";"0    ";"0    ";-15.7870660;-48.1407090;SPRF-DF;DEL03-DF;UOP02-DEL03-DF 
647971;"1455651   ";2024-12-12;quinta-feira;17:23:00;DF;"70   ";"10,8 ";BRASILIA;Sim;Manobra de mudança de faixa;1;Colisão lateral mesmo sentido;Com Vítimas Feridas;Pleno dia;Decrescente;Nublado;Dupla;Reta;Sim  ;"1164699   ";Motocicleta;HONDA/NXR160 BROS ESDD;"2024      ";Condutor;Lesões Leves;"25   ";Masculino;"0 ";"1    ";"0    ";"0    ";-15.7870660;-48.1407090;SPRF-DF;DEL03-DF;UOP02-DEL03-DF 
647971;"1455649   ";2024-12-12;quinta-feira;17:23:00;DF;"70   ";"10,8 ";BRASILIA;Sim;Manobra de mudança de faixa;1;Colisão lateral mesmo sentido;Com Vítimas Feridas;Pleno dia;Decrescente;Nublado;Dupla;Reta;Sim  ;"1164697   ";Automóvel;FIAT/ARGO DRIVE 1.0;"2018      ";Condutor;Ileso;"34   ";Feminino;"1 ";"0    ";"0    ";"0    ";-15.7870660;-48.1407090;SPRF-DF;DEL03-DF;UOP02-DEL03-DF 
647976;"1455954   ";2024-12-12;quinta-feira;16:00:00;GO;"251  ";"30   ";CRISTALINA;Não;Velocidade Incompatível;1;Colisão traseira;Com Vítimas Feridas;Pleno dia;Decrescente;Céu Claro;Simples;Reta;Sim  ;"1164953   ";Motocicleta;HONDA/CG 160 TITAN S;"2021      ";Passageiro;Lesões Graves;"21   ";Feminino;"0 ";"0    ";"1    ";"0    ";-16.0820873;-47.5226445;SPRF-DF;DEL01-DF;UOP01-DEL01-DF 
647976;"1455953   ";2024-12-12;quinta-feira;16:00:00;GO;"251  ";"30   ";CRISTALINA;Não;Velocidade Incompatível;1;Colisão traseira;Com Vítimas Feridas;Pleno dia;Decrescente;Céu Claro;Simples;Reta;Sim  ;"1164953   ";Motocicleta;HONDA/CG 160 TITAN S;"2021      ";Passageiro;Lesões Graves;"24   ";Masculino;"0 ";"0    ";"1    ";"0    ";-16.0820873;-47.5226445;SPRF-DF;DEL01-DF;UOP01-DEL01-DF 
647976;"1455951   ";2024-12-12;quinta-feira;16:00:00;GO;"251  ";"30   ";CRISTALINA;Não;Velocidade Incompatível;1;Colisão traseira;Com Vítimas Feridas;Pleno dia;Decrescente;Céu Claro;Simples;Reta;Sim  ;"1164953   ";Motocicleta;HONDA/CG 160 TITAN S;"2021      ";Condutor;Lesões Graves;"21   ";Feminino;"0 ";"0    ";"1    ";"0    ";-16.0820873;-47.5226445;SPRF-DF;DEL01-DF;UOP01-DEL01-DF 
647976;"1455950   ";2024-12-12;quinta-feira;16:00:00;GO;"251  ";"30   ";CRISTALINA;Não;Velocidade Incompatível;1;Colisão traseira;Com Vítimas Feridas;Pleno dia;Decrescente;Céu Claro;Simples;Reta;Sim  ;"1164952   ";Ônibus;M.BENZ/COMIL SVELTO U;"2008      ";Condutor;Ileso;"55   ";Masculino;"1 ";"0    ";"0    ";"0    ";-16.0820873;-47.5226445;SPRF-DF;DEL01-DF;UOP01-DEL01-DF 
647976;"1455954   ";2024-12-12;quinta-feira;16:00:00;GO;"251  ";"30   ";CRISTALINA;Sim;Transitar no Acostamento;1;Colisão traseira;Com Vítimas Feridas;Pleno dia;Decrescente;Céu Claro;Simples;Reta;Sim  ;"1164953   ";Motocicleta;HONDA/CG 160 TITAN S;"2021      ";Passageiro;Lesões Graves;"21   ";Feminino;"0 ";"0    ";"1    ";"0    ";-16.0820873;-47.5226445;SPRF-DF;DEL01-DF;UOP01-DEL01-DF 
647976;"1455953   ";2024-12-12;quinta-feira;16:00:00;GO;"251  ";"30   ";CRISTALINA;Sim;Transitar no Acostamento;1;Colisão traseira;Com Vítimas Feridas;Pleno dia;Decrescente;Céu Claro;Simples;Reta;Sim  ;"1164953   ";Motocicleta;HONDA/CG 160 TITAN S;"2021      ";Passageiro;Lesões Graves;"24   ";Masculino;"0 ";"0    ";"1    ";"0    ";-16.0820873;-47.5226445;SPRF-DF;DEL01-DF;UOP01-DEL01-DF 
647976;"1455951   ";2024-12-12;quinta-feira;16:00:00;GO;"251  ";"30   ";CRISTALINA;Sim;Transitar no Acostamento;1;Colisão traseira;Com Vítimas Feridas;Pleno dia;Decrescente;Céu Claro;Simples;Reta;Sim  ;"1164953   ";Motocicleta;HONDA/CG 160 TITAN S;"2021      ";Condutor;Lesões Graves;"21   ";Feminino;"0 ";"0    ";"1    ";"0    ";-16.0820873;-47.5226445;SPRF-DF;DEL01-DF;UOP01-DEL01-DF 
647976;"1455950   ";2024-12-12;quinta-feira;16:00:00;GO;"251  ";"30   ";CRISTALINA;Sim;Transitar no Acostamento;1;Colisão traseira;Com Vítimas Feridas;Pleno dia;Decrescente;Céu Claro;Simples;Reta;Sim  ;"1164952   ";Ônibus;M.BENZ/COMIL SVELTO U;"2008      ";Condutor;Ileso;"55   ";Masculino;"1 ";"0    ";"0    ";"0    ";-16.0820873;-47.5226445;SPRF-DF;DEL01-DF;UOP01-DEL01-DF 
647995;"1455952   ";2024-12-12;quinta-feira;18:30:00;GO;"70   ";"8,6  ";AGUAS LINDAS DE GOIAS;Não;Reação tardia ou ineficiente do condutor;2;Queda de ocupante de veículo;Com Vítimas Feridas;Plena Noite;Crescente;Chuva;Múltipla;Reta;Sim  ;"1164950   ";Caminhão;M.BENZ/L 608 D;"1981      ";Condutor;Ileso;"64   ";Masculino;"1 ";"0    ";"0    ";"0    ";-15.7373368;-48.2740747;SPRF-DF;DEL03-DF;UOP02-DEL03-DF 
647995;"1455949   ";2024-12-12;quinta-feira;18:30:00;GO;"70   ";"8,6  ";AGUAS LINDAS DE GOIAS;Não;Reação tardia ou ineficiente do condutor;2;Queda de ocupante de veículo;Com Vítimas Feridas;Plena Noite;Crescente;Chuva;Múltipla;Reta;Sim  ;"1164948   ";Motocicleta;HONDA/CG 160 FAN;"2021      ";Condutor;Lesões Leves;"31   ";Masculino;"0 ";"1    ";"0    ";"0    ";-15.7373368;-48.2740747;SPRF-DF;DEL03-DF;UOP02-DEL03-DF 
647995;"1455952   ";2024-12-12;quinta-feira;18:30:00;GO;"70   ";"8,6  ";AGUAS LINDAS DE GOIAS;Não;Reação tardia ou ineficiente do condutor;1;Colisão traseira;Com Vítimas Feridas;Plena Noite;Crescente;Chuva;Múltipla;Reta;Sim  ;"1164950   ";Caminhão;M.BENZ/L 608 D;"1981      ";Condutor;Ileso;"64   ";Masculino;"1 ";"0    ";"0    ";"0    ";-15.7373368;-48.2740747;SPRF-DF;DEL03-DF;UOP02-DEL03-DF 
647995;"1455949   ";2024-12-12;quinta-feira;18:30:00;GO;"70   ";"8,6  ";AGUAS LINDAS DE GOIAS;Não;Reação tardia ou ineficiente do condutor;1;Colisão traseira;Com Vítimas Feridas;Plena Noite;Crescente;Chuva;Múltipla;Reta;Sim  ;"1164948   ";Motocicleta;HONDA/CG 160 FAN;"2021      ";Condutor;Lesões Leves;"31   ";Masculino;"0 ";"1    ";"0    ";"0    ";-15.7373368;-48.2740747;SPRF-DF;DEL03-DF;UOP02-DEL03-DF 
647995;"1455952   ";2024-12-12;quinta-feira;18:30:00;GO;"70   ";"8,6  ";AGUAS LINDAS DE GOIAS;Não;Ausência de reação do condutor;2;Queda de ocupante de veículo;Com Vítimas Feridas;Plena Noite;Crescente;Chuva;Múltipla;Reta;Sim  ;"1164950   ";Caminhão;M.BENZ/L 608 D;"1981      ";Condutor;Ileso;"64   ";Masculino;"1 ";"0    ";"0    ";"0    ";-15.7373368;-48.2740747;SPRF-DF;DEL03-DF;UOP02-DEL03-DF 
647995;"1455949   ";2024-12-12;quinta-feira;18:30:00;GO;"70   ";"8,6  ";AGUAS LINDAS DE GOIAS;Não;Ausência de reação do condutor;2;Queda de ocupante de veículo;Com Vítimas Feridas;Plena Noite;Crescente;Chuva;Múltipla;Reta;Sim  ;"1164948   ";Motocicleta;HONDA/CG 160 FAN;"2021      ";Condutor;Lesões Leves;"31   ";Masculino;"0 ";"1    ";"0    ";"0    ";-15.7373368;-48.2740747;SPRF-DF;DEL03-DF;UOP02-DEL03-DF 
647995;"1455952   ";2024-12-12;quinta-feira;18:30:00;GO;"70   ";"8,6  ";AGUAS LINDAS DE GOIAS;Não;Ausência de reação do condutor;1;Colisão traseira;Com Vítimas Feridas;Plena Noite;Crescente;Chuva;Múltipla;Reta;Sim  ;"1164950   ";Caminhão;M.BENZ/L 608 D;"1981      ";Condutor;Ileso;"64   ";Masculino;"1 ";"0    ";"0    ";"0    ";-15.7373368;-48.2740747;SPRF-DF;DEL03-DF;UOP02-DEL03-DF 
647995;"1455949   ";2024-12-12;quinta-feira;18:30:00;GO;"70   ";"8,6  ";AGUAS LINDAS DE GOIAS;Não;Ausência de reação do condutor;1;Colisão traseira;Com Vítimas Feridas;Plena Noite;Crescente;Chuva;Múltipla;Reta;Sim  ;"1164948   ";Motocicleta;HONDA/CG 160 FAN;"2021      ";Condutor;Lesões Leves;"31   ";Masculino;"0 ";"1    ";"0    ";"0    ";-15.7373368;-48.2740747;SPRF-DF;DEL03-DF;UOP02-DEL03-DF 
647995;"1455952   ";2024-12-12;quinta-feira;18:30:00;GO;"70   ";"8,6  ";AGUAS LINDAS DE GOIAS;Sim;Condutor deixou de manter distância do veículo da frente;2;Queda de ocupante de veículo;Com Vítimas Feridas;Plena Noite;Crescente;Chuva;Múltipla;Reta;Sim  ;"1164950   ";Caminhão;M.BENZ/L 608 D;"1981      ";Condutor;Ileso;"64   ";Masculino;"1 ";"0    ";"0    ";"0    ";-15.7373368;-48.2740747;SPRF-DF;DEL03-DF;UOP02-DEL03-DF 
647995;"1455949   ";2024-12-12;quinta-feira;18:30:00;GO;"70   ";"8,6  ";AGUAS LINDAS DE GOIAS;Sim;Condutor deixou de manter distância do veículo da frente;2;Queda de ocupante de veículo;Com Vítimas Feridas;Plena Noite;Crescente;Chuva;Múltipla;Reta;Sim  ;"1164948   ";Motocicleta;HONDA/CG 160 FAN;"2021      ";Condutor;Lesões Leves;"31   ";Masculino;"0 ";"1    ";"0    ";"0    ";-15.7373368;-48.2740747;SPRF-DF;DEL03-DF;UOP02-DEL03-DF 
647995;"1455952   ";2024-12-12;quinta-feira;18:30:00;GO;"70   ";"8,6  ";AGUAS LINDAS DE GOIAS;Sim;Condutor deixou de manter distância do veículo da frente;1;Colisão traseira;Com Vítimas Feridas;Plena Noite;Crescente;Chuva;Múltipla;Reta;Sim  ;"1164950   ";Caminhão;M.BENZ/L 608 D;"1981      ";Condutor;Ileso;"64   ";Masculino;"1 ";"0    ";"0    ";"0    ";-15.7373368;-48.2740747;SPRF-DF;DEL03-DF;UOP02-DEL03-DF 
647995;"1455949   ";2024-12-12;quinta-feira;18:30:00;GO;"70   ";"8,6  ";AGUAS LINDAS DE GOIAS;Sim;Condutor deixou de manter distância do veículo da frente;1;Colisão traseira;Com Vítimas Feridas;Plena Noite;Crescente;Chuva;Múltipla;Reta;Sim  ;"1164948   ";Motocicleta;HONDA/CG 160 FAN;"2021      ";Condutor;Lesões Leves;"31   ";Masculino;"0 ";"1    ";"0    ";"0    ";-15.7373368;-48.2740747;SPRF-DF;DEL03-DF;UOP02-DEL03-DF 
648059;"1455907   ";2024-12-13;sexta-feira;01:30:00;GO;"40   ";"118,9";CRISTALINA;Sim;Condutor Dormindo;2;Tombamento;Sem Vítimas;Plena Noite;Decrescente;Nublado;Dupla;Reta;Não  ;"1164903   ";Caminhão-trator;SCANIA/R 440 A6X2;"2016      ";Condutor;Ileso;"56   ";Masculino;"1 ";"0    ";"0    ";"0    ";-16.8548130;-47.4398870;SPRF-DF;DEL01-DF;UOP02-DEL01-DF 
648059;"0         ";2024-12-13;sexta-feira;01:30:00;GO;"40   ";"118,9";CRISTALINA;Sim;Condutor Dormindo;2;Tombamento;Sem Vítimas;Plena Noite;Decrescente;Nublado;Dupla;Reta;Não  ;"1164904   ";Semireboque;SR/FACCHINI SRF LO;"2019      ";"0";"0";"0    ";"0";"0 ";"0    ";"0    ";"0    ";-16.8548130;-47.4398870;SPRF-DF;DEL01-DF;UOP02-DEL01-DF 
648059;"1455907   ";2024-12-13;sexta-feira;01:30:00;GO;"40   ";"118,9";CRISTALINA;Sim;Condutor Dormindo;1;Saída de leito carroçável;Sem Vítimas;Plena Noite;Decrescente;Nublado;Dupla;Reta;Não  ;"1164903   ";Caminhão-trator;SCANIA/R 440 A6X2;"2016      ";Condutor;Ileso;"56   ";Masculino;"1 ";"0    ";"0    ";"0    ";-16.8548130;-47.4398870;SPRF-DF;DEL01-DF;UOP02-DEL01-DF 
648059;"0         ";2024-12-13;sexta-feira;01:30:00;GO;"40   ";"118,9";CRISTALINA;Sim;Condutor Dormindo;1;Saída de leito carroçável;Sem Vítimas;Plena Noite;Decrescente;Nublado;Dupla;Reta;Não  ;"1164904   ";Semireboque;SR/FACCHINI SRF LO;"2019      ";"0";"0";"0    ";"0";"0 ";"0    ";"0    ";"0    ";-16.8548130;-47.4398870;SPRF-DF;DEL01-DF;UOP02-DEL01-DF 
648067;"1455915   ";2024-12-13;sexta-feira;03:11:00;GO;"60   ";"37   ";ALEXANIA;Não;Velocidade Incompatível;3;Incêndio;Com Vítimas Feridas;Plena Noite;Crescente;Chuva;Dupla;"Declive;Reta";Não  ;"1164913   ";Automóvel;HONDA/CIVIC LXS FLEX;"2008      ";Condutor;Lesões Leves;"21   ";Masculino;"0 ";"1    ";"0    ";"0    ";-16.1147000;-48.5387000;SPRF-DF;DEL03-DF;UOP01-DEL03-DF 
648067;"1455916   ";2024-12-13;sexta-feira;03:11:00;GO;"60   ";"37   ";ALEXANIA;Não;Velocidade Incompatível;3;Incêndio;Com Vítimas Feridas;Plena Noite;Crescente;Chuva;Dupla;"Declive;Reta";Não  ;"1164913   ";Automóvel;HONDA/CIVIC LXS FLEX;"2008      ";Passageiro;Lesões Leves;"19   ";Masculino;"0 ";"1    ";"0    ";"0    ";-16.1147000;-48.5387000;SPRF-DF;DEL03-DF;UOP01-DEL03-DF 
648067;"1455915   ";2024-12-13;sexta-feira;03:11:00;GO;"60   ";"37   ";ALEXANIA;Não;Velocidade Incompatível;2;Capotamento;Com Vítimas Feridas;Plena Noite;Crescente;Chuva;Dupla;"Declive;Reta";Não  ;"1164913   ";Automóvel;HONDA/CIVIC LXS FLEX;"2008      ";Condutor;Lesões Leves;"21   ";Masculino;"0 ";"1    ";"0    ";"0    ";-16.1147000;-48.5387000;SPRF-DF;DEL03-DF;UOP01-DEL03-DF 
648067;"1455916   ";2024-12-13;sexta-feira;03:11:00;GO;"60   ";"37   ";ALEXANIA;Não;Velocidade Incompatível;2;Capotamento;Com Vítimas Feridas;Plena Noite;Crescente;Chuva;Dupla;"Declive;Reta";Não  ;"1164913   ";Automóvel;HONDA/CIVIC LXS FLEX;"2008      ";Passageiro;Lesões Leves;"19   ";Masculino;"0 ";"1    ";"0    ";"0    ";-16.1147000;-48.5387000;SPRF-DF;DEL03-DF;UOP01-DEL03-DF 
648067;"1455915   ";2024-12-13;sexta-feira;03:11:00;GO;"60   ";"37   ";ALEXANIA;Não;Velocidade Incompatível;1;Saída de leito carroçável;Com Vítimas Feridas;Plena Noite;Crescente;Chuva;Dupla;"Declive;Reta";Não  ;"1164913   ";Automóvel;HONDA/CIVIC LXS FLEX;"2008      ";Condutor;Lesões Leves;"21   ";Masculino;"0 ";"1    ";"0    ";"0    ";-16.1147000;-48.5387000;SPRF-DF;DEL03-DF;UOP01-DEL03-DF 
648067;"1455916   ";2024-12-13;sexta-feira;03:11:00;GO;"60   ";"37   ";ALEXANIA;Não;Velocidade Incompatível;1;Saída de leito carroçável;Com Vítimas Feridas;Plena Noite;Crescente;Chuva;Dupla;"Declive;Reta";Não  ;"1164913   ";Automóvel;HONDA/CIVIC LXS FLEX;"2008      ";Passageiro;Lesões Leves;"19   ";Masculino;"0 ";"1    ";"0    ";"0    ";-16.1147000;-48.5387000;SPRF-DF;DEL03-DF;UOP01-DEL03-DF 
648067;"1455915   ";2024-12-13;sexta-feira;03:11:00;GO;"60   ";"37   ";ALEXANIA;Sim;Reação tardia ou ineficiente do condutor;3;Incêndio;Com Vítimas Feridas;Plena Noite;Crescente;Chuva;Dupla;"Declive;Reta";Não  ;"1164913   ";Automóvel;HONDA/CIVIC LXS FLEX;"2008      ";Condutor;Lesões Leves;"21   ";Masculino;"0 ";"1    ";"0    ";"0    ";-16.1147000;-48.5387000;SPRF-DF;DEL03-DF;UOP01-DEL03-DF 
648067;"1455916   ";2024-12-13;sexta-feira;03:11:00;GO;"60   ";"37   ";ALEXANIA;Sim;Reação tardia ou ineficiente do condutor;3;Incêndio;Com Vítimas Feridas;Plena Noite;Crescente;Chuva;Dupla;"Declive;Reta";Não  ;"1164913   ";Automóvel;HONDA/CIVIC LXS FLEX;"2008      ";Passageiro;Lesões Leves;"19   ";Masculino;"0 ";"1    ";"0    ";"0    ";-16.1147000;-48.5387000;SPRF-DF;DEL03-DF;UOP01-DEL03-DF 
648067;"1455915   ";2024-12-13;sexta-feira;03:11:00;GO;"60   ";"37   ";ALEXANIA;Sim;Reação tardia ou ineficiente do condutor;2;Capotamento;Com Vítimas Feridas;Plena Noite;Crescente;Chuva;Dupla;"Declive;Reta";Não  ;"1164913   ";Automóvel;HONDA/CIVIC LXS FLEX;"2008      ";Condutor;Lesões Leves;"21   ";Masculino;"0 ";"1    ";"0    ";"0    ";-16.1147000;-48.5387000;SPRF-DF;DEL03-DF;UOP01-DEL03-DF 
648067;"1455916   ";2024-12-13;sexta-feira;03:11:00;GO;"60   ";"37   ";ALEXANIA;Sim;Reação tardia ou ineficiente do condutor;2;Capotamento;Com Vítimas Feridas;Plena Noite;Crescente;Chuva;Dupla;"Declive;Reta";Não  ;"1164913   ";Automóvel;HONDA/CIVIC LXS FLEX;"2008      ";Passageiro;Lesões Leves;"19   ";Masculino;"0 ";"1    ";"0    ";"0    ";-16.1147000;-48.5387000;SPRF-DF;DEL03-DF;UOP01-DEL03-DF 
648067;"1455915   ";2024-12-13;sexta-feira;03:11:00;GO;"60   ";"37   ";ALEXANIA;Sim;Reação tardia ou ineficiente do condutor;1;Saída de leito carroçável;Com Vítimas Feridas;Plena Noite;Crescente;Chuva;Dupla;"Declive;Reta";Não  ;"1164913   ";Automóvel;HONDA/CIVIC LXS FLEX;"2008      ";Condutor;Lesões Leves;"21   ";Masculino;"0 ";"1    ";"0    ";"0    ";-16.1147000;-48.5387000;SPRF-DF;DEL03-DF;UOP01-DEL03-DF 
648067;"1455916   ";2024-12-13;sexta-feira;03:11:00;GO;"60   ";"37   ";ALEXANIA;Sim;Reação tardia ou ineficiente do condutor;1;Saída de leito carroçável;Com Vítimas Feridas;Plena Noite;Crescente;Chuva;Dupla;"Declive;Reta";Não  ;"1164913   ";Automóvel;HONDA/CIVIC LXS FLEX;"2008      ";Passageiro;Lesões Leves;"19   ";Masculino;"0 ";"1    ";"0    ";"0    ";-16.1147000;-48.5387000;SPRF-DF;DEL03-DF;UOP01-DEL03-DF 
648072;"1457867   ";2024-12-13;sexta-feira;04:30:00;DF;"20   ";"2    ";BRASILIA;Sim;Ausência de reação do condutor;2;Colisão com objeto;Com Vítimas Feridas;Amanhecer;Crescente;Chuva;Múltipla;Reta;Sim  ;"1166331   ";Automóvel;FIAT/SIENA ESSENCE 1.6;"2014      ";Condutor;Ileso;"57   ";Masculino;"1 ";"0    ";"0    ";"0    ";-15.6828960;-47.8407290;SPRF-DF;DEL02-DF;UOP01-DEL02-DF 
648072;"1459629   ";2024-12-13;sexta-feira;04:30:00;DF;"20   ";"2    ";BRASILIA;Sim;Ausência de reação do condutor;2;Colisão com objeto;Com Vítimas Feridas;Amanhecer;Crescente;Chuva;Múltipla;Reta;Sim  ;"1166330   ";Automóvel;I/CITROEN C4 16GLX5P F;"2011      ";Passageiro;Lesões Leves;"23   ";Feminino;"0 ";"1    ";"0    ";"0    ";-15.6828960;-47.8407290;SPRF-DF;DEL02-DF;UOP01-DEL02-DF 
648072;"1457865   ";2024-12-13;sexta-feira;04:30:00;DF;"20   ";"2    ";BRASILIA;Sim;Ausência de reação do condutor;2;Colisão com objeto;Com Vítimas Feridas;Amanhecer;Crescente;Chuva;Múltipla;Reta;Sim  ;"1166330   ";Automóvel;I/CITROEN C4 16GLX5P F;"2011      ";Condutor;Lesões Leves;"23   ";Feminino;"0 ";"1    ";"0    ";"0    ";-15.6828960;-47.8407290;SPRF-DF;DEL02-DF;UOP01-DEL02-DF 
648072;"1457867   ";2024-12-13;sexta-feira;04:30:00;DF;"20   ";"2    ";BRASILIA;Sim;Ausência de reação do condutor;1;Saída de leito carroçável;Com Vítimas Feridas;Amanhecer;Crescente;Chuva;Múltipla;Reta;Sim  ;"1166331   ";Automóvel;FIAT/SIENA ESSENCE 1.6;"2014      ";Condutor;Ileso;"57   ";Masculino;"1 ";"0    ";"0    ";"0    ";-15.6828960;-47.8407290;SPRF-DF;DEL02-DF;UOP01-DEL02-DF 
648072;"1459629   ";2024-12-13;sexta-feira;04:30:00;DF;"20   ";"2    ";BRASILIA;Sim;Ausência de reação do condutor;1;Saída de leito carroçável;Com Vítimas Feridas;Amanhecer;Crescente;Chuva;Múltipla;Reta;Sim  ;"1166330   ";Automóvel;I/CITROEN C4 16GLX5P F;"2011      ";Passageiro;Lesões Leves;"23   ";Feminino;"0 ";"1    ";"0    ";"0    ";-15.6828960;-47.8407290;SPRF-DF;DEL02-DF;UOP01-DEL02-DF 
648072;"1457865   ";2024-12-13;sexta-feira;04:30:00;DF;"20   ";"2    ";BRASILIA;Sim;Ausência de reação do condutor;1;Saída de leito carroçável;Com Vítimas Feridas;Amanhecer;Crescente;Chuva;Múltipla;Reta;Sim  ;"1166330   ";Automóvel;I/CITROEN C4 16GLX5P F;"2011      ";Condutor;Lesões Leves;"23   ";Feminino;"0 ";"1    ";"0    ";"0    ";-15.6828960;-47.8407290;SPRF-DF;DEL02-DF;UOP01-DEL02-DF 
648110;"1456231   ";2024-12-13;sexta-feira;07:45:00;GO;"60   ";"5,4  ";SANTO ANTONIO DO DESCOBERTO;Não;Reação tardia ou ineficiente do condutor;3;Tombamento;Com Vítimas Feridas;Pleno dia;Decrescente;Nublado;Dupla;"Reta;Declive";Não  ;"1165073   ";Automóvel;FIAT/UNO WAY 1.0;"2010      ";Passageiro;Lesões Leves;"6    ";Feminino;"0 ";"1    ";"0    ";"0    ";-16.0942670;-48.2813820;SPRF-DF;DEL03-DF;UOP01-DEL03-DF 
648110;"1456195   ";2024-12-13;sexta-feira;07:45:00;GO;"60   ";"5,4  ";SANTO ANTONIO DO DESCOBERTO;Não;Reação tardia ou ineficiente do condutor;3;Tombamento;Com Vítimas Feridas;Pleno dia;Decrescente;Nublado;Dupla;"Reta;Declive";Não  ;"1165073   ";Automóvel;FIAT/UNO WAY 1.0;"2010      ";Passageiro;Lesões Leves;"11   ";Feminino;"0 ";"1    ";"0    ";"0    ";-16.0942670;-48.2813820;SPRF-DF;DEL03-DF;UOP01-DEL03-DF 
648110;"1456105   ";2024-12-13;sexta-feira;07:45:00;GO;"60   ";"5,4  ";SANTO ANTONIO DO DESCOBERTO;Não;Reação tardia ou ineficiente do condutor;3;Tombamento;Com Vítimas Feridas;Pleno dia;Decrescente;Nublado;Dupla;"Reta;Declive";Não  ;"1165073   ";Automóvel;FIAT/UNO WAY 1.0;"2010      ";Condutor;Lesões Leves;"37   ";Masculino;"0 ";"1    ";"0    ";"0    ";-16.0942670;-48.2813820;SPRF-DF;DEL03-DF;UOP01-DEL03-DF 
648110;"1456106   ";2024-12-13;sexta-feira;07:45:00;GO;"60   ";"5,4  ";SANTO ANTONIO DO DESCOBERTO;Não;Reação tardia ou ineficiente do condutor;3;Tombamento;Com Vítimas Feridas;Pleno dia;Decrescente;Nublado;Dupla;"Reta;Declive";Não  ;"1165073   ";Automóvel;FIAT/UNO WAY 1.0;"2010      ";Passageiro;Lesões Graves;"37   ";Feminino;"0 ";"0    ";"1    ";"0    ";-16.0942670;-48.2813820;SPRF-DF;DEL03-DF;UOP01-DEL03-DF 
648110;"1456231   ";2024-12-13;sexta-feira;07:45:00;GO;"60   ";"5,4  ";SANTO ANTONIO DO DESCOBERTO;Não;Reação tardia ou ineficiente do condutor;2;Colisão com objeto;Com Vítimas Feridas;Pleno dia;Decrescente;Nublado;Dupla;"Reta;Declive";Não  ;"1165073   ";Automóvel;FIAT/UNO WAY 1.0;"2010      ";Passageiro;Lesões Leves;"6    ";Feminino;"0 ";"1    ";"0    ";"0    ";-16.0942670;-48.2813820;SPRF-DF;DEL03-DF;UOP01-DEL03-DF 