id;pesid;data_inversa;dia_semana;horario;uf;br;km;municipio;causa_principal;causa_acidente;ordem_tipo_acidente;tipo_acidente;classificacao_acidente;fase_dia;sentido_via;condicao_metereologica;tipo_pista;tracado_via;uso_solo;id_veiculo;tipo_veiculo;marca;ano_fabricacao_veiculo;tipo_envolvido;estado_fisico;idade;sexo;ilesos;feridos_leves;feridos_graves;mortos;latitude;longitude;regional;delegacia;uop
648110;"1456195   ";2024-12-13;sexta-feira;07:45:00;GO;"60   ";"5,4  ";SANTO ANTONIO DO DESCOBERTO;Não;Reação tardia ou ineficiente do condutor;2;Colisão com objeto;Com Vítimas Feridas;Pleno dia;Decrescente;Nublado;Dupla;"Reta;Declive";Não  ;"1165073   ";Automóvel;FIAT/UNO WAY 1.0;"2010      ";Passageiro;Lesões Leves;"11   ";Feminino;"0 ";"1    ";"0    ";"0    ";-16.0942670;-48.2813820;SPRF-DF;DEL03-DF;UOP01-DEL03-DF 
648110;"1456105   ";2024-12-13;sexta-feira;07:45:00;GO;"60   ";"5,4  ";SANTO ANTONIO DO DESCOBERTO;Não;Reação tardia ou ineficiente do condutor;2;Colisão com objeto;Com Vítimas Feridas;Pleno dia;Decrescente;Nublado;Dupla;"Reta;Declive";Não  ;"1165073   ";Automóvel;FIAT/UNO WAY 1.0;"2010      ";Condutor;Lesões Leves;"37   ";Masculino;"0 ";"1    ";"0    ";"0    ";-16.0942670;-48.2813820;SPRF-DF;DEL03-DF;UOP01-DEL03-DF 
648110;"1456106   ";2024-12-13;sexta-feira;07:45:00;GO;"60   ";"5,4  ";SANTO ANTONIO DO DESCOBERTO;Não;Reação tardia ou ineficiente do condutor;2;Colisão com objeto;Com Vítimas Feridas;Pleno dia;Decrescente;Nublado;Dupla;"Reta;Declive";Não  ;"1165073   ";Automóvel;FIAT/UNO WAY 1.0;"2010      ";Passageiro;Lesões Graves;"37   ";Feminino;"0 ";"0    ";"1    ";"0    ";-16.0942670;-48.2813820;SPRF-DF;DEL03-DF;UOP01-DEL03-DF 
648110;"1456231   ";2024-12-13;sexta-feira;07:45:00;GO;"60   ";"5,4  ";SANTO ANTONIO DO DESCOBERTO;Não;Reação tardia ou ineficiente do condutor;1;Saída de leito carroçável;Com Vítimas Feridas;Pleno dia;Decrescente;Nublado;Dupla;"Reta;Declive";Não  ;"1165073   ";Automóvel;FIAT/UNO WAY 1.0;"2010      ";Passageiro;Lesões Leves;"6    ";Feminino;"0 ";"1    ";"0    ";"0    ";-16.0942670;-48.2813820;SPRF-DF;DEL03-DF;UOP01-DEL03-DF 
648110;"1456195   ";2024-12-13;sexta-feira;07:45:00;GO;"60   ";"5,4  ";SANTO ANTONIO DO DESCOBERTO;Não;Reação tardia ou ineficiente do condutor;1;Saída de leito carroçável;Com Vítimas Feridas;Pleno dia;Decrescente;Nublado;Dupla;"Reta;Declive";Não  ;"1165073   ";Automóvel;FIAT/UNO WAY 1.0;"2010      ";Passageiro;Lesões Leves;"11   ";Feminino;"0 ";"1    ";"0    ";"0    ";-16.0942670;-48.2813820;SPRF-DF;DEL03-DF;UOP01-DEL03-DF 
648110;"1456105   ";2024-12-13;sexta-feira;07:45:00;GO;"60   ";"5,4  ";SANTO ANTONIO DO DESCOBERTO;Não;Reação tardia ou ineficiente do condutor;1;Saída de leito carroçável;Com Vítimas Feridas;Pleno dia;Decrescente;Nublado;Dupla;"Reta;Declive";Não  ;"1165073   ";Automóvel;FIAT/UNO WAY 1.0;"2010      ";Condutor;Lesões Leves;"37   ";Masculino;"0 ";"1    ";"0    ";"0    ";-16.0942670;-48.2813820;SPRF-DF;DEL03-DF;UOP01-DEL03-DF 
648110;"1456106   ";2024-12-13;sexta-feira;07:45:00;GO;"60   ";"5,4  ";SANTO ANTONIO DO DESCOBERTO;Não;Reação tardia ou ineficiente do condutor;1;Saída de leito carroçável;Com Vítimas Feridas;Pleno dia;Decrescente;Nublado;Dupla;"Reta;Declive";Não  ;"1165073   ";Automóvel;FIAT/UNO WAY 1.0;"2010      ";Passageiro;Lesões Graves;"37   ";Feminino;"0 ";"0    ";"1    ";"0    ";-16.0942670;-48.2813820;SPRF-DF;DEL03-DF;UOP01-DEL03-DF 
648110;"1456231   ";2024-12-13;sexta-feira;07:45:00;GO;"60   ";"5,4  ";SANTO ANTONIO DO DESCOBERTO;Sim;Condutor Dormindo;3;Tombamento;Com Vítimas Feridas;Pleno dia;Decrescente;Nublado;Dupla;"Reta;Declive";Não  ;"1165073   ";Automóvel;FIAT/UNO WAY 1.0;"2010      ";Passageiro;Lesões Leves;"6    ";Feminino;"0 ";"1    ";"0    ";"0    ";-16.0942670;-48.2813820;SPRF-DF;DEL03-DF;UOP01-DEL03-DF 
648110;"1456195   ";2024-12-13;sexta-feira;07:45:00;GO;"60   ";"5,4  ";SANTO ANTONIO DO DESCOBERTO;Sim;Condutor Dormindo;3;Tombamento;Com Vítimas Feridas;Pleno dia;Decrescente;Nublado;Dupla;"Reta;Declive";Não  ;"1165073   ";Automóvel;FIAT/UNO WAY 1.0;"2010      ";Passageiro;Lesões Leves;"11   ";Feminino;"0 ";"1    ";"0    ";"0    ";-16.0942670;-48.2813820;SPRF-DF;DEL03-DF;UOP01-DEL03-DF 
648110;"1456105   ";2024-12-13;sexta-feira;07:45:00;GO;"60   ";"5,4  ";SANTO ANTONIO DO DESCOBERTO;Sim;Condutor Dormindo;3;Tombamento;Com Vítimas Feridas;Pleno dia;Decrescente;Nublado;Dupla;"Reta;Declive";Não  ;"1165073   ";Automóvel;FIAT/UNO WAY 1.0;"2010      ";Condutor;Lesões Leves;"37   ";Masculino;"0 ";"1    ";"0    ";"0    ";-16.0942670;-48.2813820;SPRF-DF;DEL03-DF;UOP01-DEL03-DF 
648110;"1456106   ";2024-12-13;sexta-feira;07:45:00;GO;"60   ";"5,4  ";SANTO ANTONIO DO DESCOBERTO;Sim;Condutor Dormindo;3;Tombamento;Com Vítimas Feridas;Pleno dia;Decrescente;Nublado;Dupla;"Reta;Declive";Não  ;"1165073   ";Automóvel;FIAT/UNO WAY 1.0;"2010      ";Passageiro;Lesões Graves;"37   ";Feminino;"0 ";"0    ";"1    ";"0    ";-16.0942670;-48.2813820;SPRF-DF;DEL03-DF;UOP01-DEL03-DF 
648110;"1456231   ";2024-12-13;sexta-feira;07:45:00;GO;"60   ";"5,4  ";SANTO ANTONIO DO DESCOBERTO;Sim;Condutor Dormindo;2;Colisão com objeto;Com Vítimas Feridas;Pleno dia;Decrescente;Nublado;Dupla;"Reta;Declive";Não  ;"1165073   ";Automóvel;FIAT/UNO WAY 1.0;"2010      ";Passageiro;Lesões Leves;"6    ";Feminino;"0 ";"1    ";"0    ";"0    ";-16.0942670;-48.2813820;SPRF-DF;DEL03-DF;UOP01-DEL03-DF 
648110;"1456195   ";2024-12-13;sexta-feira;07:45:00;GO;"60   ";"5,4  ";SANTO ANTONIO DO DESCOBERTO;Sim;Condutor Dormindo;2;Colisão com objeto;Com Vítimas Feridas;Pleno dia;Decrescente;Nublado;Dupla;"Reta;Declive";Não  ;"1165073   ";Automóvel;FIAT/UNO WAY 1.0;"2010      ";Passageiro;Lesões Leves;"11   ";Feminino;"0 ";"1    ";"0    ";"0    ";-16.0942670;-48.2813820;SPRF-DF;DEL03-DF;UOP01-DEL03-DF 
648110;"1456105   ";2024-12-13;sexta-feira;07:45:00;GO;"60   ";"5,4  ";SANTO ANTONIO DO DESCOBERTO;Sim;Condutor Dormindo;2;Colisão com objeto;Com Vítimas Feridas;Pleno dia;Decrescente;Nublado;Dupla;"Reta;Declive";Não  ;"1165073   ";Automóvel;FIAT/UNO WAY 1.0;"2010      ";Condutor;Lesões Leves;"37   ";Masculino;"0 ";"1    ";"0    ";"0    ";-16.0942670;-48.2813820;SPRF-DF;DEL03-DF;UOP01-DEL03-DF 
648110;"1456106   ";2024-12-13;sexta-feira;07:45:00;GO;"60   ";"5,4  ";SANTO ANTONIO DO DESCOBERTO;Sim;Condutor Dormindo;2;Colisão com objeto;Com Vítimas Feridas;Pleno dia;Decrescente;Nublado;Dupla;"Reta;Declive";Não  ;"1165073   ";Automóvel;FIAT/UNO WAY 1.0;"2010      ";Passageiro;Lesões Graves;"37   ";Feminino;"0 ";"0    ";"1    ";"0    ";-16.0942670;-48.2813820;SPRF-DF;DEL03-DF;UOP01-DEL03-DF 
648110;"1456231   ";2024-12-13;sexta-feira;07:45:00;GO;"60   ";"5,4  ";SANTO ANTONIO DO DESCOBERTO;Sim;Condutor Dormindo;1;Saída de leito carroçável;Com Vítimas Feridas;Pleno dia;Decrescente;Nublado;Dupla;"Reta;Declive";Não  ;"1165073   ";Automóvel;FIAT/UNO WAY 1.0;"2010      ";Passageiro;Lesões Leves;"6    ";Feminino;"0 ";"1    ";"0    ";"0    ";-16.0942670;-48.2813820;SPRF-DF;DEL03-DF;UOP01-DEL03-DF 
648110;"1456195   ";2024-12-13;sexta-feira;07:45:00;GO;"60   ";"5,4  ";SANTO ANTONIO DO DESCOBERTO;Sim;Condutor Dormindo;1;Saída de leito carroçável;Com Vítimas Feridas;Pleno dia;Decrescente;Nublado;Dupla;"Reta;Declive";Não  ;"1165073   ";Automóvel;FIAT/UNO WAY 1.0;"2010      ";Passageiro;Lesões Leves;"11   ";Feminino;"0 ";"1    ";"0    ";"0    ";-16.0942670;-48.2813820;SPRF-DF;DEL03-DF;UOP01-DEL03-DF 
648110;"1456105   ";2024-12-13;sexta-feira;07:45:00;GO;"60   ";"5,4  ";SANTO ANTONIO DO DESCOBERTO;Sim;Condutor Dormindo;1;Saída de leito carroçável;Com Vítimas Feridas;Pleno dia;Decrescente;Nublado;Dupla;"Reta;Declive";Não  ;"1165073   ";Automóvel;FIAT/UNO WAY 1.0;"2010      ";Condutor;Lesões Leves;"37   ";Masculino;"0 ";"1    ";"0    ";"0    ";-16.0942670;-48.2813820;SPRF-DF;DEL03-DF;UOP01-DEL03-DF 
648110;"1456106   ";2024-12-13;sexta-feira;07:45:00;GO;"60   ";"5,4  ";SANTO ANTONIO DO DESCOBERTO;Sim;Condutor Dormindo;1;Saída de leito carroçável;Com Vítimas Feridas;Pleno dia;Decrescente;Nublado;Dupla;"Reta;Declive";Não  ;"1165073   ";Automóvel;FIAT/UNO WAY 1.0;"2010      ";Passageiro;Lesões Graves;"37   ";Feminino;"0 ";"0    ";"1    ";"0    ";-16.0942670;-48.2813820;SPRF-DF;DEL03-DF;UOP01-DEL03-DF 
648165;"1456336   ";2024-12-13;sexta-feira;13:27:00;DF;"80   ";"5    ";BRASILIA;Sim;Acessar a via sem observar a presença dos outros veículos;1;Colisão transversal;Com Vítimas Feridas;Pleno dia;Decrescente;Céu Claro;Simples;"Interseção de Vias;Reta";Não  ;"1165151   ";Camioneta;FORD/ECOSPORT XLS 1.6L;"2005      ";Passageiro;Lesões Leves;"29   ";Feminino;"0 ";"1    ";"0    ";"0    ";-15.7296020;-48.1213040;SPRF-DF;DEL03-DF;UOP02-DEL03-DF 
648165;"1456332   ";2024-12-13;sexta-feira;13:27:00;DF;"80   ";"5    ";BRASILIA;Sim;Acessar a via sem observar a presença dos outros veículos;1;Colisão transversal;Com Vítimas Feridas;Pleno dia;Decrescente;Céu Claro;Simples;"Interseção de Vias;Reta";Não  ;"1165151   ";Camioneta;FORD/ECOSPORT XLS 1.6L;"2005      ";Passageiro;Lesões Leves;"8    ";Masculino;"0 ";"1    ";"0    ";"0    ";-15.7296020;-48.1213040;SPRF-DF;DEL03-DF;UOP02-DEL03-DF 
648165;"1456328   ";2024-12-13;sexta-feira;13:27:00;DF;"80   ";"5    ";BRASILIA;Sim;Acessar a via sem observar a presença dos outros veículos;1;Colisão transversal;Com Vítimas Feridas;Pleno dia;Decrescente;Céu Claro;Simples;"Interseção de Vias;Reta";Não  ;"1165151   ";Camioneta;FORD/ECOSPORT XLS 1.6L;"2005      ";Passageiro;Lesões Leves;"59   ";Feminino;"0 ";"1    ";"0    ";"0    ";-15.7296020;-48.1213040;SPRF-DF;DEL03-DF;UOP02-DEL03-DF 
648165;"1456243   ";2024-12-13;sexta-feira;13:27:00;DF;"80   ";"5    ";BRASILIA;Sim;Acessar a via sem observar a presença dos outros veículos;1;Colisão transversal;Com Vítimas Feridas;Pleno dia;Decrescente;Céu Claro;Simples;"Interseção de Vias;Reta";Não  ;"1165151   ";Camioneta;FORD/ECOSPORT XLS 1.6L;"2005      ";Condutor;Ileso;"61   ";Masculino;"1 ";"0    ";"0    ";"0    ";-15.7296020;-48.1213040;SPRF-DF;DEL03-DF;UOP02-DEL03-DF 
648165;"1456305   ";2024-12-13;sexta-feira;13:27:00;DF;"80   ";"5    ";BRASILIA;Sim;Acessar a via sem observar a presença dos outros veículos;1;Colisão transversal;Com Vítimas Feridas;Pleno dia;Decrescente;Céu Claro;Simples;"Interseção de Vias;Reta";Não  ;"1165153   ";Automóvel;RENAULT/KWID ZEN 10MT;"2017      ";Condutor;Lesões Leves;"22   ";Masculino;"0 ";"1    ";"0    ";"0    ";-15.7296020;-48.1213040;SPRF-DF;DEL03-DF;UOP02-DEL03-DF 
648165;"1456335   ";2024-12-13;sexta-feira;13:27:00;DF;"80   ";"5    ";BRASILIA;Sim;Acessar a via sem observar a presença dos outros veículos;1;Colisão transversal;Com Vítimas Feridas;Pleno dia;Decrescente;Céu Claro;Simples;"Interseção de Vias;Reta";Não  ;"1165153   ";Automóvel;RENAULT/KWID ZEN 10MT;"2017      ";Passageiro;Lesões Leves;"22   ";Feminino;"0 ";"1    ";"0    ";"0    ";-15.7296020;-48.1213040;SPRF-DF;DEL03-DF;UOP02-DEL03-DF 
648165;"1456334   ";2024-12-13;sexta-feira;13:27:00;DF;"80   ";"5    ";BRASILIA;Sim;Acessar a via sem observar a presença dos outros veículos;1;Colisão transversal;Com Vítimas Feridas;Pleno dia;Decrescente;Céu Claro;Simples;"Interseção de Vias;Reta";Não  ;"1165153   ";Automóvel;RENAULT/KWID ZEN 10MT;"2017      ";Passageiro;Lesões Leves;"25   ";Masculino;"0 ";"1    ";"0    ";"0    ";-15.7296020;-48.1213040;SPRF-DF;DEL03-DF;UOP02-DEL03-DF 
648175;"1456500   ";2024-12-13;sexta-feira;14:26:00;DF;"60   ";"0    ";BRASILIA;Não;Acessar a via sem observar a presença dos outros veículos;2;Queda de ocupante de veículo;Com Vítimas Feridas;Pleno dia;Decrescente;Céu Claro;Dupla;Reta;Não  ;"1165295   ";Automóvel;VW/GOL 1.0;"2011      ";Passageiro;Ileso;"53   ";Masculino;"1 ";"0    ";"0    ";"0    ";-15.8836140;-48.0631320;SPRF-DF;DEL03-DF;UOP01-DEL03-DF 
648175;"1456499   ";2024-12-13;sexta-feira;14:26:00;DF;"60   ";"0    ";BRASILIA;Não;Acessar a via sem observar a presença dos outros veículos;2;Queda de ocupante de veículo;Com Vítimas Feridas;Pleno dia;Decrescente;Céu Claro;Dupla;Reta;Não  ;"1165295   ";Automóvel;VW/GOL 1.0;"2011      ";Condutor;Ileso;"31   ";Masculino;"1 ";"0    ";"0    ";"0    ";-15.8836140;-48.0631320;SPRF-DF;DEL03-DF;UOP01-DEL03-DF 
648175;"1456498   ";2024-12-13;sexta-feira;14:26:00;DF;"60   ";"0    ";BRASILIA;Não;Acessar a via sem observar a presença dos outros veículos;2;Queda de ocupante de veículo;Com Vítimas Feridas;Pleno dia;Decrescente;Céu Claro;Dupla;Reta;Não  ;"1165294   ";Motocicleta;HONDA/POP 110I;"2022      ";Condutor;Lesões Leves;"28   ";Feminino;"0 ";"1    ";"0    ";"0    ";-15.8836140;-48.0631320;SPRF-DF;DEL03-DF;UOP01-DEL03-DF 
648175;"1456500   ";2024-12-13;sexta-feira;14:26:00;DF;"60   ";"0    ";BRASILIA;Não;Acessar a via sem observar a presença dos outros veículos;1;Colisão lateral mesmo sentido;Com Vítimas Feridas;Pleno dia;Decrescente;Céu Claro;Dupla;Reta;Não  ;"1165295   ";Automóvel;VW/GOL 1.0;"2011      ";Passageiro;Ileso;"53   ";Masculino;"1 ";"0    ";"0    ";"0    ";-15.8836140;-48.0631320;SPRF-DF;DEL03-DF;UOP01-DEL03-DF 
648175;"1456499   ";2024-12-13;sexta-feira;14:26:00;DF;"60   ";"0    ";BRASILIA;Não;Acessar a via sem observar a presença dos outros veículos;1;Colisão lateral mesmo sentido;Com Vítimas Feridas;Pleno dia;Decrescente;Céu Claro;Dupla;Reta;Não  ;"1165295   ";Automóvel;VW/GOL 1.0;"2011      ";Condutor;Ileso;"31   ";Masculino;"1 ";"0    ";"0    ";"0    ";-15.8836140;-48.0631320;SPRF-DF;DEL03-DF;UOP01-DEL03-DF 
648175;"1456498   ";2024-12-13;sexta-feira;14:26:00;DF;"60   ";"0    ";BRASILIA;Não;Acessar a via sem observar a presença dos outros veículos;1;Colisão lateral mesmo sentido;Com Vítimas Feridas;Pleno dia;Decrescente;Céu Claro;Dupla;Reta;Não  ;"1165294   ";Motocicleta;HONDA/POP 110I;"2022      ";Condutor;Lesões Leves;"28   ";Feminino;"0 ";"1    ";"0    ";"0    ";-15.8836140;-48.0631320;SPRF-DF;DEL03-DF;UOP01-DEL03-DF 
648175;"1456500   ";2024-12-13;sexta-feira;14:26:00;DF;"60   ";"0    ";BRASILIA;Sim;Manobra de mudança de faixa;2;Queda de ocupante de veículo;Com Vítimas Feridas;Pleno dia;Decrescente;Céu Claro;Dupla;Reta;Não  ;"1165295   ";Automóvel;VW/GOL 1.0;"2011      ";Passageiro;Ileso;"53   ";Masculino;"1 ";"0    ";"0    ";"0    ";-15.8836140;-48.0631320;SPRF-DF;DEL03-DF;UOP01-DEL03-DF 
648175;"1456499   ";2024-12-13;sexta-feira;14:26:00;DF;"60   ";"0    ";BRASILIA;Sim;Manobra de mudança de faixa;2;Queda de ocupante de veículo;Com Vítimas Feridas;Pleno dia;Decrescente;Céu Claro;Dupla;Reta;Não  ;"1165295   ";Automóvel;VW/GOL 1.0;"2011      ";Condutor;Ileso;"31   ";Masculino;"1 ";"0    ";"0    ";"0    ";-15.8836140;-48.0631320;SPRF-DF;DEL03-DF;UOP01-DEL03-DF 
648175;"1456498   ";2024-12-13;sexta-feira;14:26:00;DF;"60   ";"0    ";BRASILIA;Sim;Manobra de mudança de faixa;2;Queda de ocupante de veículo;Com Vítimas Feridas;Pleno dia;Decrescente;Céu Claro;Dupla;Reta;Não  ;"1165294   ";Motocicleta;HONDA/POP 110I;"2022      ";Condutor;Lesões Leves;"28   ";Feminino;"0 ";"1    ";"0    ";"0    ";-15.8836140;-48.0631320;SPRF-DF;DEL03-DF;UOP01-DEL03-DF 
648175;"1456500   ";2024-12-13;sexta-feira;14:26:00;DF;"60   ";"0    ";BRASILIA;Sim;Manobra de mudança de faixa;1;Colisão lateral mesmo sentido;Com Vítimas Feridas;Pleno dia;Decrescente;Céu Claro;Dupla;Reta;Não  ;"1165295   ";Automóvel;VW/GOL 1.0;"2011      ";Passageiro;Ileso;"53   ";Masculino;"1 ";"0    ";"0    ";"0    ";-15.8836140;-48.0631320;SPRF-DF;DEL03-DF;UOP01-DEL03-DF 
648175;"1456499   ";2024-12-13;sexta-feira;14:26:00;DF;"60   ";"0    ";BRASILIA;Sim;Manobra de mudança de faixa;1;Colisão lateral mesmo sentido;Com Vítimas Feridas;Pleno dia;Decrescente;Céu Claro;Dupla;Reta;Não  ;"1165295   ";Automóvel;VW/GOL 1.0;"2011      ";Condutor;Ileso;"31   ";Masculino;"1 ";"0    ";"0    ";"0    ";-15.8836140;-48.0631320;SPRF-DF;DEL03-DF;UOP01-DEL03-DF 
648175;"1456498   ";2024-12-13;sexta-feira;14:26:00;DF;"60   ";"0    ";BRASILIA;Sim;Manobra de mudança de faixa;1;Colisão lateral mesmo sentido;Com Vítimas Feridas;Pleno dia;Decrescente;Céu Claro;Dupla;Reta;Não  ;"1165294   ";Motocicleta;HONDA/POP 110I;"2022      ";Condutor;Lesões Leves;"28   ";Feminino;"0 ";"1    ";"0    ";"0    ";-15.8836140;-48.0631320;SPRF-DF;DEL03-DF;UOP01-DEL03-DF 
648190;"1458262   ";2024-12-13;sexta-feira;13:40:00;GO;"20   ";"113,8";FLORES DE GOIAS;Não;Velocidade Incompatível;5;Incêndio;Com Vítimas Fatais;Pleno dia;Decrescente;Céu Claro;Simples;Reta;Não  ;"1166595   ";Ônibus;MBENZ/MPOLO PARADISO R;"2008      ";Passageiro;Ileso;"19   ";Masculino;"1 ";"0    ";"0    ";"0    ";-14.8927840;-46.8874450;SPRF-DF;DEL02-DF;UOP03-DEL02-DF 
648190;"1458261   ";2024-12-13;sexta-feira;13:40:00;GO;"20   ";"113,8";FLORES DE GOIAS;Não;Velocidade Incompatível;5;Incêndio;Com Vítimas Fatais;Pleno dia;Decrescente;Céu Claro;Simples;Reta;Não  ;"1166595   ";Ônibus;MBENZ/MPOLO PARADISO R;"2008      ";Passageiro;Ileso;"41   ";Masculino;"1 ";"0    ";"0    ";"0    ";-14.8927840;-46.8874450;SPRF-DF;DEL02-DF;UOP03-DEL02-DF 
648190;"1458256   ";2024-12-13;sexta-feira;13:40:00;GO;"20   ";"113,8";FLORES DE GOIAS;Não;Velocidade Incompatível;5;Incêndio;Com Vítimas Fatais;Pleno dia;Decrescente;Céu Claro;Simples;Reta;Não  ;"1166595   ";Ônibus;MBENZ/MPOLO PARADISO R;"2008      ";Condutor;Ileso;"46   ";Masculino;"1 ";"0    ";"0    ";"0    ";-14.8927840;-46.8874450;SPRF-DF;DEL02-DF;UOP03-DEL02-DF 
648190;"1462297   ";2024-12-13;sexta-feira;13:40:00;GO;"20   ";"113,8";FLORES DE GOIAS;Não;Velocidade Incompatível;5;Incêndio;Com Vítimas Fatais;Pleno dia;Decrescente;Céu Claro;Simples;Reta;Não  ;"1166589   ";Automóvel;FIAT/UNO MILLE FIRE FLEX;"2006      ";Passageiro;Não Informado;"0    ";Não Informado;"0 ";"0    ";"0    ";"0    ";-14.8927840;-46.8874450;SPRF-DF;DEL02-DF;UOP03-DEL02-DF 
648190;"1462295   ";2024-12-13;sexta-feira;13:40:00;GO;"20   ";"113,8";FLORES DE GOIAS;Não;Velocidade Incompatível;5;Incêndio;Com Vítimas Fatais;Pleno dia;Decrescente;Céu Claro;Simples;Reta;Não  ;"1166589   ";Automóvel;FIAT/UNO MILLE FIRE FLEX;"2006      ";Passageiro;Óbito;"0    ";Feminino;"0 ";"0    ";"0    ";"1    ";-14.8927840;-46.8874450;SPRF-DF;DEL02-DF;UOP03-DEL02-DF 
648190;"1462291   ";2024-12-13;sexta-feira;13:40:00;GO;"20   ";"113,8";FLORES DE GOIAS;Não;Velocidade Incompatível;5;Incêndio;Com Vítimas Fatais;Pleno dia;Decrescente;Céu Claro;Simples;Reta;Não  ;"1166589   ";Automóvel;FIAT/UNO MILLE FIRE FLEX;"2006      ";Passageiro;Óbito;"0    ";Feminino;"0 ";"0    ";"0    ";"1    ";-14.8927840;-46.8874450;SPRF-DF;DEL02-DF;UOP03-DEL02-DF 
648190;"1458384   ";2024-12-13;sexta-feira;13:40:00;GO;"20   ";"113,8";FLORES DE GOIAS;Não;Velocidade Incompatível;5;Incêndio;Com Vítimas Fatais;Pleno dia;Decrescente;Céu Claro;Simples;Reta;Não  ;"1166589   ";Automóvel;FIAT/UNO MILLE FIRE FLEX;"2006      ";Condutor;Óbito;"58   ";Masculino;"0 ";"0    ";"0    ";"1    ";-14.8927840;-46.8874450;SPRF-DF;DEL02-DF;UOP03-DEL02-DF 
648190;"1458258   ";2024-12-13;sexta-feira;13:40:00;GO;"20   ";"113,8";FLORES DE GOIAS;Não;Velocidade Incompatível;5;Incêndio;Com Vítimas Fatais;Pleno dia;Decrescente;Céu Claro;Simples;Reta;Não  ;"1166034   ";Automóvel;TOYOTA/ETIOS SD XLS;"2013      ";Passageiro;Ileso;"58   ";Masculino;"1 ";"0    ";"0    ";"0    ";-14.8927840;-46.8874450;SPRF-DF;DEL02-DF;UOP03-DEL02-DF 
648190;"1457498   ";2024-12-13;sexta-feira;13:40:00;GO;"20   ";"113,8";FLORES DE GOIAS;Não;Velocidade Incompatível;5;Incêndio;Com Vítimas Fatais;Pleno dia;Decrescente;Céu Claro;Simples;Reta;Não  ;"1166034   ";Automóvel;TOYOTA/ETIOS SD XLS;"2013      ";Condutor;Ileso;"65   ";Masculino;"1 ";"0    ";"0    ";"0    ";-14.8927840;-46.8874450;SPRF-DF;DEL02-DF;UOP03-DEL02-DF 
648190;"1458262   ";2024-12-13;sexta-feira;13:40:00;GO;"20   ";"113,8";FLORES DE GOIAS;Não;Velocidade Incompatível;4;Saída de leito carroçável;Com Vítimas Fatais;Pleno dia;Decrescente;Céu Claro;Simples;Reta;Não  ;"1166595   ";Ônibus;MBENZ/MPOLO PARADISO R;"2008      ";Passageiro;Ileso;"19   ";Masculino;"1 ";"0    ";"0    ";"0    ";-14.8927840;-46.8874450;SPRF-DF;DEL02-DF;UOP03-DEL02-DF 
648190;"1458261   ";2024-12-13;sexta-feira;13:40:00;GO;"20   ";"113,8";FLORES DE GOIAS;Não;Velocidade Incompatível;4;Saída de leito carroçável;Com Vítimas Fatais;Pleno dia;Decrescente;Céu Claro;Simples;Reta;Não  ;"1166595   ";Ônibus;MBENZ/MPOLO PARADISO R;"2008      ";Passageiro;Ileso;"41   ";Masculino;"1 ";"0    ";"0    ";"0    ";-14.8927840;-46.8874450;SPRF-DF;DEL02-DF;UOP03-DEL02-DF 
648190;"1458256   ";2024-12-13;sexta-feira;13:40:00;GO;"20   ";"113,8";FLORES DE GOIAS;Não;Velocidade Incompatível;4;Saída de leito carroçável;Com Vítimas Fatais;Pleno dia;Decrescente;Céu Claro;Simples;Reta;Não  ;"1166595   ";Ônibus;MBENZ/MPOLO PARADISO R;"2008      ";Condutor;Ileso;"46   ";Masculino;"1 ";"0    ";"0    ";"0    ";-14.8927840;-46.8874450;SPRF-DF;DEL02-DF;UOP03-DEL02-DF 
648190;"1462297   ";2024-12-13;sexta-feira;13:40:00;GO;"20   ";"113,8";FLORES DE GOIAS;Não;Velocidade Incompatível;4;Saída de leito carroçável;Com Vítimas Fatais;Pleno dia;Decrescente;Céu Claro;Simples;Reta;Não  ;"1166589   ";Automóvel;FIAT/UNO MILLE FIRE FLEX;"2006      ";Passageiro;Não Informado;"0    ";Não Informado;"0 ";"0    ";"0    ";"0    ";-14.8927840;-46.8874450;SPRF-DF;DEL02-DF;UOP03-DEL02-DF 
648190;"1462295   ";2024-12-13;sexta-feira;13:40:00;GO;"20   ";"113,8";FLORES DE GOIAS;Não;Velocidade Incompatível;4;Saída de leito carroçável;Com Vítimas Fatais;Pleno dia;Decrescente;Céu Claro;Simples;Reta;Não  ;"1166589   ";Automóvel;FIAT/UNO MILLE FIRE FLEX;"2006      ";Passageiro;Óbito;"0    ";Feminino;"0 ";"0    ";"0    ";"1    ";-14.8927840;-46.8874450;SPRF-DF;DEL02-DF;UOP03-DEL02-DF 
648190;"1462291   ";2024-12-13;sexta-feira;13:40:00;GO;"20   ";"113,8";FLORES DE GOIAS;Não;Velocidade Incompatível;4;Saída de leito carroçável;Com Vítimas Fatais;Pleno dia;Decrescente;Céu Claro;Simples;Reta;Não  ;"1166589   ";Automóvel;FIAT/UNO MILLE FIRE FLEX;"2006      ";Passageiro;Óbito;"0    ";Feminino;"0 ";"0    ";"0    ";"1    ";-14.8927840;-46.8874450;SPRF-DF;DEL02-DF;UOP03-DEL02-DF 
648190;"1458384   ";2024-12-13;sexta-feira;13:40:00;GO;"20   ";"113,8";FLORES DE GOIAS;Não;Velocidade Incompatível;4;Saída de leito carroçável;Com Vítimas Fatais;Pleno dia;Decrescente;Céu Claro;Simples;Reta;Não  ;"1166589   ";Automóvel;FIAT/UNO MILLE FIRE FLEX;"2006      ";Condutor;Óbito;"58   ";Masculino;"0 ";"0    ";"0    ";"1    ";-14.8927840;-46.8874450;SPRF-DF;DEL02-DF;UOP03-DEL02-DF 