id;pesid;data_inversa;dia_semana;horario;uf;br;km;municipio;causa_principal;causa_acidente;ordem_tipo_acidente;tipo_acidente;classificacao_acidente;fase_dia;sentido_via;condicao_metereologica;tipo_pista;tracado_via;uso_solo;id_veiculo;tipo_veiculo;marca;ano_fabricacao_veiculo;tipo_envolvido;estado_fisico;idade;sexo;ilesos;feridos_leves;feridos_graves;mortos;latitude;longitude;regional;delegacia;uop
648190;"1458384   ";2024-12-13;sexta-feira;13:40:00;GO;"20   ";"113,8";FLORES DE GOIAS;Não;Reação tardia ou ineficiente do condutor;2;Saída de leito carroçável;Com Vítimas Fatais;Pleno dia;Decrescente;Céu Claro;Simples;Reta;Não  ;"1166589   ";Automóvel;FIAT/UNO MILLE FIRE FLEX;"2006      ";Condutor;Óbito;"58   ";Masculino;"0 ";"0    ";"0    ";"1    ";-14.8927840;-46.8874450;SPRF-DF;DEL02-DF;UOP03-DEL02-DF 
648190;"1458258   ";2024-12-13;sexta-feira;13:40:00;GO;"20   ";"113,8";FLORES DE GOIAS;Não;Reação tardia ou ineficiente do condutor;2;Saída de leito carroçável;Com Vítimas Fatais;Pleno dia;Decrescente;Céu Claro;Simples;Reta;Não  ;"1166034   ";Automóvel;TOYOTA/ETIOS SD XLS;"2013      ";Passageiro;Ileso;"58   ";Masculino;"1 ";"0    ";"0    ";"0    ";-14.8927840;-46.8874450;SPRF-DF;DEL02-DF;UOP03-DEL02-DF 
648190;"1457498   ";2024-12-13;sexta-feira;13:40:00;GO;"20   ";"113,8";FLORES DE GOIAS;Não;Reação tardia ou ineficiente do condutor;2;Saída de leito carroçável;Com Vítimas Fatais;Pleno dia;Decrescente;Céu Claro;Simples;Reta;Não  ;"1166034   ";Automóvel;TOYOTA/ETIOS SD XLS;"2013      ";Condutor;Ileso;"65   ";Masculino;"1 ";"0    ";"0    ";"0    ";-14.8927840;-46.8874450;SPRF-DF;DEL02-DF;UOP03-DEL02-DF 
648190;"1458262   ";2024-12-13;sexta-feira;13:40:00;GO;"20   ";"113,8";FLORES DE GOIAS;Não;Reação tardia ou ineficiente do condutor;1;Colisão lateral sentido oposto;Com Vítimas Fatais;Pleno dia;Decrescente;Céu Claro;Simples;Reta;Não  ;"1166595   ";Ônibus;MBENZ/MPOLO PARADISO R;"2008      ";Passageiro;Ileso;"19   ";Masculino;"1 ";"0    ";"0    ";"0    ";-14.8927840;-46.8874450;SPRF-DF;DEL02-DF;UOP03-DEL02-DF 
648190;"1458261   ";2024-12-13;sexta-feira;13:40:00;GO;"20   ";"113,8";FLORES DE GOIAS;Não;Reação tardia ou ineficiente do condutor;1;Colisão lateral sentido oposto;Com Vítimas Fatais;Pleno dia;Decrescente;Céu Claro;Simples;Reta;Não  ;"1166595   ";Ônibus;MBENZ/MPOLO PARADISO R;"2008      ";Passageiro;Ileso;"41   ";Masculino;"1 ";"0    ";"0    ";"0    ";-14.8927840;-46.8874450;SPRF-DF;DEL02-DF;UOP03-DEL02-DF 
648190;"1458256   ";2024-12-13;sexta-feira;13:40:00;GO;"20   ";"113,8";FLORES DE GOIAS;Não;Reação tardia ou ineficiente do condutor;1;Colisão lateral sentido oposto;Com Vítimas Fatais;Pleno dia;Decrescente;Céu Claro;Simples;Reta;Não  ;"1166595   ";Ônibus;MBENZ/MPOLO PARADISO R;"2008      ";Condutor;Ileso;"46   ";Masculino;"1 ";"0    ";"0    ";"0    ";-14.8927840;-46.8874450;SPRF-DF;DEL02-DF;UOP03-DEL02-DF 
648190;"1462297   ";2024-12-13;sexta-feira;13:40:00;GO;"20   ";"113,8";FLORES DE GOIAS;Não;Reação tardia ou ineficiente do condutor;1;Colisão lateral sentido oposto;Com Vítimas Fatais;Pleno dia;Decrescente;Céu Claro;Simples;Reta;Não  ;"1166589   ";Automóvel;FIAT/UNO MILLE FIRE FLEX;"2006      ";Passageiro;Não Informado;"0    ";Não Informado;"0 ";"0    ";"0    ";"0    ";-14.8927840;-46.8874450;SPRF-DF;DEL02-DF;UOP03-DEL02-DF 
648190;"1462295   ";2024-12-13;sexta-feira;13:40:00;GO;"20   ";"113,8";FLORES DE GOIAS;Não;Reação tardia ou ineficiente do condutor;1;Colisão lateral sentido oposto;Com Vítimas Fatais;Pleno dia;Decrescente;Céu Claro;Simples;Reta;Não  ;"1166589   ";Automóvel;FIAT/UNO MILLE FIRE FLEX;"2006      ";Passageiro;Óbito;"0    ";Feminino;"0 ";"0    ";"0    ";"1    ";-14.8927840;-46.8874450;SPRF-DF;DEL02-DF;UOP03-DEL02-DF 
648190;"1462291   ";2024-12-13;sexta-feira;13:40:00;GO;"20   ";"113,8";FLORES DE GOIAS;Não;Reação tardia ou ineficiente do condutor;1;Colisão lateral sentido oposto;Com Vítimas Fatais;Pleno dia;Decrescente;Céu Claro;Simples;Reta;Não  ;"1166589   ";Automóvel;FIAT/UNO MILLE FIRE FLEX;"2006      ";Passageiro;Óbito;"0    ";Feminino;"0 ";"0    ";"0    ";"1    ";-14.8927840;-46.8874450;SPRF-DF;DEL02-DF;UOP03-DEL02-DF 
648190;"1458384   ";2024-12-13;sexta-feira;13:40:00;GO;"20   ";"113,8";FLORES DE GOIAS;Não;Reação tardia ou ineficiente do condutor;1;Colisão lateral sentido oposto;Com Vítimas Fatais;Pleno dia;Decrescente;Céu Claro;Simples;Reta;Não  ;"1166589   ";Automóvel;FIAT/UNO MILLE FIRE FLEX;"2006      ";Condutor;Óbito;"58   ";Masculino;"0 ";"0    ";"0    ";"1    ";-14.8927840;-46.8874450;SPRF-DF;DEL02-DF;UOP03-DEL02-DF 
648190;"1458258   ";2024-12-13;sexta-feira;13:40:00;GO;"20   ";"113,8";FLORES DE GOIAS;Não;Reação tardia ou ineficiente do condutor;1;Colisão lateral sentido oposto;Com Vítimas Fatais;Pleno dia;Decrescente;Céu Claro;Simples;Reta;Não  ;"1166034   ";Automóvel;TOYOTA/ETIOS SD XLS;"2013      ";Passageiro;Ileso;"58   ";Masculino;"1 ";"0    ";"0    ";"0    ";-14.8927840;-46.8874450;SPRF-DF;DEL02-DF;UOP03-DEL02-DF 
648190;"1457498   ";2024-12-13;sexta-feira;13:40:00;GO;"20   ";"113,8";FLORES DE GOIAS;Não;Reação tardia ou ineficiente do condutor;1;Colisão lateral sentido oposto;Com Vítimas Fatais;Pleno dia;Decrescente;Céu Claro;Simples;Reta;Não  ;"1166034   ";Automóvel;TOYOTA/ETIOS SD XLS;"2013      ";Condutor;Ileso;"65   ";Masculino;"1 ";"0    ";"0    ";"0    ";-14.8927840;-46.8874450;SPRF-DF;DEL02-DF;UOP03-DEL02-DF 
648190;"1458262   ";2024-12-13;sexta-feira;13:40:00;GO;"20   ";"113,8";FLORES DE GOIAS;Sim;Demais falhas mecânicas ou elétricas;5;Incêndio;Com Vítimas Fatais;Pleno dia;Decrescente;Céu Claro;Simples;Reta;Não  ;"1166595   ";Ônibus;MBENZ/MPOLO PARADISO R;"2008      ";Passageiro;Ileso;"19   ";Masculino;"1 ";"0    ";"0    ";"0    ";-14.8927840;-46.8874450;SPRF-DF;DEL02-DF;UOP03-DEL02-DF 
648190;"1458261   ";2024-12-13;sexta-feira;13:40:00;GO;"20   ";"113,8";FLORES DE GOIAS;Sim;Demais falhas mecânicas ou elétricas;5;Incêndio;Com Vítimas Fatais;Pleno dia;Decrescente;Céu Claro;Simples;Reta;Não  ;"1166595   ";Ônibus;MBENZ/MPOLO PARADISO R;"2008      ";Passageiro;Ileso;"41   ";Masculino;"1 ";"0    ";"0    ";"0    ";-14.8927840;-46.8874450;SPRF-DF;DEL02-DF;UOP03-DEL02-DF 
648190;"1458256   ";2024-12-13;sexta-feira;13:40:00;GO;"20   ";"113,8";FLORES DE GOIAS;Sim;Demais falhas mecânicas ou elétricas;5;Incêndio;Com Vítimas Fatais;Pleno dia;Decrescente;Céu Claro;Simples;Reta;Não  ;"1166595   ";Ônibus;MBENZ/MPOLO PARADISO R;"2008      ";Condutor;Ileso;"46   ";Masculino;"1 ";"0    ";"0    ";"0    ";-14.8927840;-46.8874450;SPRF-DF;DEL02-DF;UOP03-DEL02-DF 
648190;"1462297   ";2024-12-13;sexta-feira;13:40:00;GO;"20   ";"113,8";FLORES DE GOIAS;Sim;Demais falhas mecânicas ou elétricas;5;Incêndio;Com Vítimas Fatais;Pleno dia;Decrescente;Céu Claro;Simples;Reta;Não  ;"1166589   ";Automóvel;FIAT/UNO MILLE FIRE FLEX;"2006      ";Passageiro;Não Informado;"0    ";Não Informado;"0 ";"0    ";"0    ";"0    ";-14.8927840;-46.8874450;SPRF-DF;DEL02-DF;UOP03-DEL02-DF 
648190;"1462295   ";2024-12-13;sexta-feira;13:40:00;GO;"20   ";"113,8";FLORES DE GOIAS;Sim;Demais falhas mecânicas ou elétricas;5;Incêndio;Com Vítimas Fatais;Pleno dia;Decrescente;Céu Claro;Simples;Reta;Não  ;"1166589   ";Automóvel;FIAT/UNO MILLE FIRE FLEX;"2006      ";Passageiro;Óbito;"0    ";Feminino;"0 ";"0    ";"0    ";"1    ";-14.8927840;-46.8874450;SPRF-DF;DEL02-DF;UOP03-DEL02-DF 
648190;"1462291   ";2024-12-13;sexta-feira;13:40:00;GO;"20   ";"113,8";FLORES DE GOIAS;Sim;Demais falhas mecânicas ou elétricas;5;Incêndio;Com Vítimas Fatais;Pleno dia;Decrescente;Céu Claro;Simples;Reta;Não  ;"1166589   ";Automóvel;FIAT/UNO MILLE FIRE FLEX;"2006      ";Passageiro;Óbito;"0    ";Feminino;"0 ";"0    ";"0    ";"1    ";-14.8927840;-46.8874450;SPRF-DF;DEL02-DF;UOP03-DEL02-DF 
648190;"1458384   ";2024-12-13;sexta-feira;13:40:00;GO;"20   ";"113,8";FLORES DE GOIAS;Sim;Demais falhas mecânicas ou elétricas;5;Incêndio;Com Vítimas Fatais;Pleno dia;Decrescente;Céu Claro;Simples;Reta;Não  ;"1166589   ";Automóvel;FIAT/UNO MILLE FIRE FLEX;"2006      ";Condutor;Óbito;"58   ";Masculino;"0 ";"0    ";"0    ";"1    ";-14.8927840;-46.8874450;SPRF-DF;DEL02-DF;UOP03-DEL02-DF 
648190;"1458258   ";2024-12-13;sexta-feira;13:40:00;GO;"20   ";"113,8";FLORES DE GOIAS;Sim;Demais falhas mecânicas ou elétricas;5;Incêndio;Com Vítimas Fatais;Pleno dia;Decrescente;Céu Claro;Simples;Reta;Não  ;"1166034   ";Automóvel;TOYOTA/ETIOS SD XLS;"2013      ";Passageiro;Ileso;"58   ";Masculino;"1 ";"0    ";"0    ";"0    ";-14.8927840;-46.8874450;SPRF-DF;DEL02-DF;UOP03-DEL02-DF 
648190;"1457498   ";2024-12-13;sexta-feira;13:40:00;GO;"20   ";"113,8";FLORES DE GOIAS;Sim;Demais falhas mecânicas ou elétricas;5;Incêndio;Com Vítimas Fatais;Pleno dia;Decrescente;Céu Claro;Simples;Reta;Não  ;"1166034   ";Automóvel;TOYOTA/ETIOS SD XLS;"2013      ";Condutor;Ileso;"65   ";Masculino;"1 ";"0    ";"0    ";"0    ";-14.8927840;-46.8874450;SPRF-DF;DEL02-DF;UOP03-DEL02-DF 
648190;"1458262   ";2024-12-13;sexta-feira;13:40:00;GO;"20   ";"113,8";FLORES DE GOIAS;Sim;Demais falhas mecânicas ou elétricas;4;Saída de leito carroçável;Com Vítimas Fatais;Pleno dia;Decrescente;Céu Claro;Simples;Reta;Não  ;"1166595   ";Ônibus;MBENZ/MPOLO PARADISO R;"2008      ";Passageiro;Ileso;"19   ";Masculino;"1 ";"0    ";"0    ";"0    ";-14.8927840;-46.8874450;SPRF-DF;DEL02-DF;UOP03-DEL02-DF 
648190;"1458261   ";2024-12-13;sexta-feira;13:40:00;GO;"20   ";"113,8";FLORES DE GOIAS;Sim;Demais falhas mecânicas ou elétricas;4;Saída de leito carroçável;Com Vítimas Fatais;Pleno dia;Decrescente;Céu Claro;Simples;Reta;Não  ;"1166595   ";Ônibus;MBENZ/MPOLO PARADISO R;"2008      ";Passageiro;Ileso;"41   ";Masculino;"1 ";"0    ";"0    ";"0    ";-14.8927840;-46.8874450;SPRF-DF;DEL02-DF;UOP03-DEL02-DF 
648190;"1458256   ";2024-12-13;sexta-feira;13:40:00;GO;"20   ";"113,8";FLORES DE GOIAS;Sim;Demais falhas mecânicas ou elétricas;4;Saída de leito carroçável;Com Vítimas Fatais;Pleno dia;Decrescente;Céu Claro;Simples;Reta;Não  ;"1166595   ";Ônibus;MBENZ/MPOLO PARADISO R;"2008      ";Condutor;Ileso;"46   ";Masculino;"1 ";"0    ";"0    ";"0    ";-14.8927840;-46.8874450;SPRF-DF;DEL02-DF;UOP03-DEL02-DF 
648190;"1462297   ";2024-12-13;sexta-feira;13:40:00;GO;"20   ";"113,8";FLORES DE GOIAS;Sim;Demais falhas mecânicas ou elétricas;4;Saída de leito carroçável;Com Vítimas Fatais;Pleno dia;Decrescente;Céu Claro;Simples;Reta;Não  ;"1166589   ";Automóvel;FIAT/UNO MILLE FIRE FLEX;"2006      ";Passageiro;Não Informado;"0    ";Não Informado;"0 ";"0    ";"0    ";"0    ";-14.8927840;-46.8874450;SPRF-DF;DEL02-DF;UOP03-DEL02-DF 
648190;"1462295   ";2024-12-13;sexta-feira;13:40:00;GO;"20   ";"113,8";FLORES DE GOIAS;Sim;Demais falhas mecânicas ou elétricas;4;Saída de leito carroçável;Com Vítimas Fatais;Pleno dia;Decrescente;Céu Claro;Simples;Reta;Não  ;"1166589   ";Automóvel;FIAT/UNO MILLE FIRE FLEX;"2006      ";Passageiro;Óbito;"0    ";Feminino;"0 ";"0    ";"0    ";"1    ";-14.8927840;-46.8874450;SPRF-DF;DEL02-DF;UOP03-DEL02-DF 
648190;"1462291   ";2024-12-13;sexta-feira;13:40:00;GO;"20   ";"113,8";FLORES DE GOIAS;Sim;Demais falhas mecânicas ou elétricas;4;Saída de leito carroçável;Com Vítimas Fatais;Pleno dia;Decrescente;Céu Claro;Simples;Reta;Não  ;"1166589   ";Automóvel;FIAT/UNO MILLE FIRE FLEX;"2006      ";Passageiro;Óbito;"0    ";Feminino;"0 ";"0    ";"0    ";"1    ";-14.8927840;-46.8874450;SPRF-DF;DEL02-DF;UOP03-DEL02-DF 
648190;"1458384   ";2024-12-13;sexta-feira;13:40:00;GO;"20   ";"113,8";FLORES DE GOIAS;Sim;Demais falhas mecânicas ou elétricas;4;Saída de leito carroçável;Com Vítimas Fatais;Pleno dia;Decrescente;Céu Claro;Simples;Reta;Não  ;"1166589   ";Automóvel;FIAT/UNO MILLE FIRE FLEX;"2006      ";Condutor;Óbito;"58   ";Masculino;"0 ";"0    ";"0    ";"1    ";-14.8927840;-46.8874450;SPRF-DF;DEL02-DF;UOP03-DEL02-DF 
648190;"1458258   ";2024-12-13;sexta-feira;13:40:00;GO;"20   ";"113,8";FLORES DE GOIAS;Sim;Demais falhas mecânicas ou elétricas;4;Saída de leito carroçável;Com Vítimas Fatais;Pleno dia;Decrescente;Céu Claro;Simples;Reta;Não  ;"1166034   ";Automóvel;TOYOTA/ETIOS SD XLS;"2013      ";Passageiro;Ileso;"58   ";Masculino;"1 ";"0    ";"0    ";"0    ";-14.8927840;-46.8874450;SPRF-DF;DEL02-DF;UOP03-DEL02-DF 
648190;"1457498   ";2024-12-13;sexta-feira;13:40:00;GO;"20   ";"113,8";FLORES DE GOIAS;Sim;Demais falhas mecânicas ou elétricas;4;Saída de leito carroçável;Com Vítimas Fatais;Pleno dia;Decrescente;Céu Claro;Simples;Reta;Não  ;"1166034   ";Automóvel;TOYOTA/ETIOS SD XLS;"2013      ";Condutor;Ileso;"65   ";Masculino;"1 ";"0    ";"0    ";"0    ";-14.8927840;-46.8874450;SPRF-DF;DEL02-DF;UOP03-DEL02-DF 
648190;"1458262   ";2024-12-13;sexta-feira;13:40:00;GO;"20   ";"113,8";FLORES DE GOIAS;Sim;Demais falhas mecânicas ou elétricas;3;Colisão frontal;Com Vítimas Fatais;Pleno dia;Decrescente;Céu Claro;Simples;Reta;Não  ;"1166595   ";Ônibus;MBENZ/MPOLO PARADISO R;"2008      ";Passageiro;Ileso;"19   ";Masculino;"1 ";"0    ";"0    ";"0    ";-14.8927840;-46.8874450;SPRF-DF;DEL02-DF;UOP03-DEL02-DF 
648190;"1458261   ";2024-12-13;sexta-feira;13:40:00;GO;"20   ";"113,8";FLORES DE GOIAS;Sim;Demais falhas mecânicas ou elétricas;3;Colisão frontal;Com Vítimas Fatais;Pleno dia;Decrescente;Céu Claro;Simples;Reta;Não  ;"1166595   ";Ônibus;MBENZ/MPOLO PARADISO R;"2008      ";Passageiro;Ileso;"41   ";Masculino;"1 ";"0    ";"0    ";"0    ";-14.8927840;-46.8874450;SPRF-DF;DEL02-DF;UOP03-DEL02-DF 
648190;"1458256   ";2024-12-13;sexta-feira;13:40:00;GO;"20   ";"113,8";FLORES DE GOIAS;Sim;Demais falhas mecânicas ou elétricas;3;Colisão frontal;Com Vítimas Fatais;Pleno dia;Decrescente;Céu Claro;Simples;Reta;Não  ;"1166595   ";Ônibus;MBENZ/MPOLO PARADISO R;"2008      ";Condutor;Ileso;"46   ";Masculino;"1 ";"0    ";"0    ";"0    ";-14.8927840;-46.8874450;SPRF-DF;DEL02-DF;UOP03-DEL02-DF 
648190;"1462297   ";2024-12-13;sexta-feira;13:40:00;GO;"20   ";"113,8";FLORES DE GOIAS;Sim;Demais falhas mecânicas ou elétricas;3;Colisão frontal;Com Vítimas Fatais;Pleno dia;Decrescente;Céu Claro;Simples;Reta;Não  ;"1166589   ";Automóvel;FIAT/UNO MILLE FIRE FLEX;"2006      ";Passageiro;Não Informado;"0    ";Não Informado;"0 ";"0    ";"0    ";"0    ";-14.8927840;-46.8874450;SPRF-DF;DEL02-DF;UOP03-DEL02-DF 
648190;"1462295   ";2024-12-13;sexta-feira;13:40:00;GO;"20   ";"113,8";FLORES DE GOIAS;Sim;Demais falhas mecânicas ou elétricas;3;Colisão frontal;Com Vítimas Fatais;Pleno dia;Decrescente;Céu Claro;Simples;Reta;Não  ;"1166589   ";Automóvel;FIAT/UNO MILLE FIRE FLEX;"2006      ";Passageiro;Óbito;"0    ";Feminino;"0 ";"0    ";"0    ";"1    ";-14.8927840;-46.8874450;SPRF-DF;DEL02-DF;UOP03-DEL02-DF 
648190;"1462291   ";2024-12-13;sexta-feira;13:40:00;GO;"20   ";"113,8";FLORES DE GOIAS;Sim;Demais falhas mecânicas ou elétricas;3;Colisão frontal;Com Vítimas Fatais;Pleno dia;Decrescente;Céu Claro;Simples;Reta;Não  ;"1166589   ";Automóvel;FIAT/UNO MILLE FIRE FLEX;"2006      ";Passageiro;Óbito;"0    ";Feminino;"0 ";"0    ";"0    ";"1    ";-14.8927840;-46.8874450;SPRF-DF;DEL02-DF;UOP03-DEL02-DF 
648190;"1458384   ";2024-12-13;sexta-feira;13:40:00;GO;"20   ";"113,8";FLORES DE GOIAS;Sim;Demais falhas mecânicas ou elétricas;3;Colisão frontal;Com Vítimas Fatais;Pleno dia;Decrescente;Céu Claro;Simples;Reta;Não  ;"1166589   ";Automóvel;FIAT/UNO MILLE FIRE FLEX;"2006      ";Condutor;Óbito;"58   ";Masculino;"0 ";"0    ";"0    ";"1    ";-14.8927840;-46.8874450;SPRF-DF;DEL02-DF;UOP03-DEL02-DF 
648190;"1458258   ";2024-12-13;sexta-feira;13:40:00;GO;"20   ";"113,8";FLORES DE GOIAS;Sim;Demais falhas mecânicas ou elétricas;3;Colisão frontal;Com Vítimas Fatais;Pleno dia;Decrescente;Céu Claro;Simples;Reta;Não  ;"1166034   ";Automóvel;TOYOTA/ETIOS SD XLS;"2013      ";Passageiro;Ileso;"58   ";Masculino;"1 ";"0    ";"0    ";"0    ";-14.8927840;-46.8874450;SPRF-DF;DEL02-DF;UOP03-DEL02-DF 
648190;"1457498   ";2024-12-13;sexta-feira;13:40:00;GO;"20   ";"113,8";FLORES DE GOIAS;Sim;Demais falhas mecânicas ou elétricas;3;Colisão frontal;Com Vítimas Fatais;Pleno dia;Decrescente;Céu Claro;Simples;Reta;Não  ;"1166034   ";Automóvel;TOYOTA/ETIOS SD XLS;"2013      ";Condutor;Ileso;"65   ";Masculino;"1 ";"0    ";"0    ";"0    ";-14.8927840;-46.8874450;SPRF-DF;DEL02-DF;UOP03-DEL02-DF 
648190;"1458262   ";2024-12-13;sexta-feira;13:40:00;GO;"20   ";"113,8";FLORES DE GOIAS;Sim;Demais falhas mecânicas ou elétricas;2;Saída de leito carroçável;Com Vítimas Fatais;Pleno dia;Decrescente;Céu Claro;Simples;Reta;Não  ;"1166595   ";Ônibus;MBENZ/MPOLO PARADISO R;"2008      ";Passageiro;Ileso;"19   ";Masculino;"1 ";"0    ";"0    ";"0    ";-14.8927840;-46.8874450;SPRF-DF;DEL02-DF;UOP03-DEL02-DF 
648190;"1458261   ";2024-12-13;sexta-feira;13:40:00;GO;"20   ";"113,8";FLORES DE GOIAS;Sim;Demais falhas mecânicas ou elétricas;2;Saída de leito carroçável;Com Vítimas Fatais;Pleno dia;Decrescente;Céu Claro;Simples;Reta;Não  ;"1166595   ";Ônibus;MBENZ/MPOLO PARADISO R;"2008      ";Passageiro;Ileso;"41   ";Masculino;"1 ";"0    ";"0    ";"0    ";-14.8927840;-46.8874450;SPRF-DF;DEL02-DF;UOP03-DEL02-DF 
648190;"1458256   ";2024-12-13;sexta-feira;13:40:00;GO;"20   ";"113,8";FLORES DE GOIAS;Sim;Demais falhas mecânicas ou elétricas;2;Saída de leito carroçável;Com Vítimas Fatais;Pleno dia;Decrescente;Céu Claro;Simples;Reta;Não  ;"1166595   ";Ônibus;MBENZ/MPOLO PARADISO R;"2008      ";Condutor;Ileso;"46   ";Masculino;"1 ";"0    ";"0    ";"0    ";-14.8927840;-46.8874450;SPRF-DF;DEL02-DF;UOP03-DEL02-DF 
648190;"1462297   ";2024-12-13;sexta-feira;13:40:00;GO;"20   ";"113,8";FLORES DE GOIAS;Sim;Demais falhas mecânicas ou elétricas;2;Saída de leito carroçável;Com Vítimas Fatais;Pleno dia;Decrescente;Céu Claro;Simples;Reta;Não  ;"1166589   ";Automóvel;FIAT/UNO MILLE FIRE FLEX;"2006      ";Passageiro;Não Informado;"0    ";Não Informado;"0 ";"0    ";"0    ";"0    ";-14.8927840;-46.8874450;SPRF-DF;DEL02-DF;UOP03-DEL02-DF 
648190;"1462295   ";2024-12-13;sexta-feira;13:40:00;GO;"20   ";"113,8";FLORES DE GOIAS;Sim;Demais falhas mecânicas ou elétricas;2;Saída de leito carroçável;Com Vítimas Fatais;Pleno dia;Decrescente;Céu Claro;Simples;Reta;Não  ;"1166589   ";Automóvel;FIAT/UNO MILLE FIRE FLEX;"2006      ";Passageiro;Óbito;"0    ";Feminino;"0 ";"0    ";"0    ";"1    ";-14.8927840;-46.8874450;SPRF-DF;DEL02-DF;UOP03-DEL02-DF 
648190;"1462291   ";2024-12-13;sexta-feira;13:40:00;GO;"20   ";"113,8";FLORES DE GOIAS;Sim;Demais falhas mecânicas ou elétricas;2;Saída de leito carroçável;Com Vítimas Fatais;Pleno dia;Decrescente;Céu Claro;Simples;Reta;Não  ;"1166589   ";Automóvel;FIAT/UNO MILLE FIRE FLEX;"2006      ";Passageiro;Óbito;"0    ";Feminino;"0 ";"0    ";"0    ";"1    ";-14.8927840;-46.8874450;SPRF-DF;DEL02-DF;UOP03-DEL02-DF 
648190;"1458384   ";2024-12-13;sexta-feira;13:40:00;GO;"20   ";"113,8";FLORES DE GOIAS;Sim;Demais falhas mecânicas ou elétricas;2;Saída de leito carroçável;Com Vítimas Fatais;Pleno dia;Decrescente;Céu Claro;Simples;Reta;Não  ;"1166589   ";Automóvel;FIAT/UNO MILLE FIRE FLEX;"2006      ";Condutor;Óbito;"58   ";Masculino;"0 ";"0    ";"0    ";"1    ";-14.8927840;-46.8874450;SPRF-DF;DEL02-DF;UOP03-DEL02-DF 
648190;"1458258   ";2024-12-13;sexta-feira;13:40:00;GO;"20   ";"113,8";FLORES DE GOIAS;Sim;Demais falhas mecânicas ou elétricas;2;Saída de leito carroçável;Com Vítimas Fatais;Pleno dia;Decrescente;Céu Claro;Simples;Reta;Não  ;"1166034   ";Automóvel;TOYOTA/ETIOS SD XLS;"2013      ";Passageiro;Ileso;"58   ";Masculino;"1 ";"0    ";"0    ";"0    ";-14.8927840;-46.8874450;SPRF-DF;DEL02-DF;UOP03-DEL02-DF 
648190;"1457498   ";2024-12-13;sexta-feira;13:40:00;GO;"20   ";"113,8";FLORES DE GOIAS;Sim;Demais falhas mecânicas ou elétricas;2;Saída de leito carroçável;Com Vítimas Fatais;Pleno dia;Decrescente;Céu Claro;Simples;Reta;Não  ;"1166034   ";Automóvel;TOYOTA/ETIOS SD XLS;"2013      ";Condutor;Ileso;"65   ";Masculino;"1 ";"0    ";"0    ";"0    ";-14.8927840;-46.8874450;SPRF-DF;DEL02-DF;UOP03-DEL02-DF 
648190;"1458262   ";2024-12-13;sexta-feira;13:40:00;GO;"20   ";"113,8";FLORES DE GOIAS;Sim;Demais falhas mecânicas ou elétricas;1;Colisão lateral sentido oposto;Com Vítimas Fatais;Pleno dia;Decrescente;Céu Claro;Simples;Reta;Não  ;"1166595   ";Ônibus;MBENZ/MPOLO PARADISO R;"2008      ";Passageiro;Ileso;"19   ";Masculino;"1 ";"0    ";"0    ";"0    ";-14.8927840;-46.8874450;SPRF-DF;DEL02-DF;UOP03-DEL02-DF 
648190;"1458261   ";2024-12-13;sexta-feira;13:40:00;GO;"20   ";"113,8";FLORES DE GOIAS;Sim;Demais falhas mecânicas ou elétricas;1;Colisão lateral sentido oposto;Com Vítimas Fatais;Pleno dia;Decrescente;Céu Claro;Simples;Reta;Não  ;"1166595   ";Ônibus;MBENZ/MPOLO PARADISO R;"2008      ";Passageiro;Ileso;"41   ";Masculino;"1 ";"0    ";"0    ";"0    ";-14.8927840;-46.8874450;SPRF-DF;DEL02-DF;UOP03-DEL02-DF 
648190;"1458256   ";2024-12-13;sexta-feira;13:40:00;GO;"20   ";"113,8";FLORES DE GOIAS;Sim;Demais falhas mecânicas ou elétricas;1;Colisão lateral sentido oposto;Com Vítimas Fatais;Pleno dia;Decrescente;Céu Claro;Simples;Reta;Não  ;"1166595   ";Ônibus;MBENZ/MPOLO PARADISO R;"2008      ";Condutor;Ileso;"46   ";Masculino;"1 ";"0    ";"0    ";"0    ";-14.8927840;-46.8874450;SPRF-DF;DEL02-DF;UOP03-DEL02-DF 
648190;"1462297   ";2024-12-13;sexta-feira;13:40:00;GO;"20   ";"113,8";FLORES DE GOIAS;Sim;Demais falhas mecânicas ou elétricas;1;Colisão lateral sentido oposto;Com Vítimas Fatais;Pleno dia;Decrescente;Céu Claro;Simples;Reta;Não  ;"1166589   ";Automóvel;FIAT/UNO MILLE FIRE FLEX;"2006      ";Passageiro;Não Informado;"0    ";Não Informado;"0 ";"0    ";"0    ";"0    ";-14.8927840;-46.8874450;SPRF-DF;DEL02-DF;UOP03-DEL02-DF 
648190;"1462295   ";2024-12-13;sexta-feira;13:40:00;GO;"20   ";"113,8";FLORES DE GOIAS;Sim;Demais falhas mecânicas ou elétricas;1;Colisão lateral sentido oposto;Com Vítimas Fatais;Pleno dia;Decrescente;Céu Claro;Simples;Reta;Não  ;"1166589   ";Automóvel;FIAT/UNO MILLE FIRE FLEX;"2006      ";Passageiro;Óbito;"0    ";Feminino;"0 ";"0    ";"0    ";"1    ";-14.8927840;-46.8874450;SPRF-DF;DEL02-DF;UOP03-DEL02-DF 
648190;"1462291   ";2024-12-13;sexta-feira;13:40:00;GO;"20   ";"113,8";FLORES DE GOIAS;Sim;Demais falhas mecânicas ou elétricas;1;Colisão lateral sentido oposto;Com Vítimas Fatais;Pleno dia;Decrescente;Céu Claro;Simples;Reta;Não  ;"1166589   ";Automóvel;FIAT/UNO MILLE FIRE FLEX;"2006      ";Passageiro;Óbito;"0    ";Feminino;"0 ";"0    ";"0    ";"1    ";-14.8927840;-46.8874450;SPRF-DF;DEL02-DF;UOP03-DEL02-DF 