id;pesid;data_inversa;dia_semana;horario;uf;br;km;municipio;causa_principal;causa_acidente;ordem_tipo_acidente;tipo_acidente;classificacao_acidente;fase_dia;sentido_via;condicao_metereologica;tipo_pista;tracado_via;uso_solo;id_veiculo;tipo_veiculo;marca;ano_fabricacao_veiculo;tipo_envolvido;estado_fisico;idade;sexo;ilesos;feridos_leves;feridos_graves;mortos;latitude;longitude;regional;delegacia;uop
648190;"1458384   ";2024-12-13;sexta-feira;13:40:00;GO;"20   ";"113,8";FLORES DE GOIAS;Sim;Demais falhas mecânicas ou elétricas;1;Colisão lateral sentido oposto;Com Vítimas Fatais;Pleno dia;Decrescente;Céu Claro;Simples;Reta;Não  ;"1166589   ";Automóvel;FIAT/UNO MILLE FIRE FLEX;"2006      ";Condutor;Óbito;"58   ";Masculino;"0 ";"0    ";"0    ";"1    ";-14.8927840;-46.8874450;SPRF-DF;DEL02-DF;UOP03-DEL02-DF 
648190;"1458258   ";2024-12-13;sexta-feira;13:40:00;GO;"20   ";"113,8";FLORES DE GOIAS;Sim;Demais falhas mecânicas ou elétricas;1;Colisão lateral sentido oposto;Com Vítimas Fatais;Pleno dia;Decrescente;Céu Claro;Simples;Reta;Não  ;"1166034   ";Automóvel;TOYOTA/ETIOS SD XLS;"2013      ";Passageiro;Ileso;"58   ";Masculino;"1 ";"0    ";"0    ";"0    ";-14.8927840;-46.8874450;SPRF-DF;DEL02-DF;UOP03-DEL02-DF 
648190;"1457498   ";2024-12-13;sexta-feira;13:40:00;GO;"20   ";"113,8";FLORES DE GOIAS;Sim;Demais falhas mecânicas ou elétricas;1;Colisão lateral sentido oposto;Com Vítimas Fatais;Pleno dia;Decrescente;Céu Claro;Simples;Reta;Não  ;"1166034   ";Automóvel;TOYOTA/ETIOS SD XLS;"2013      ";Condutor;Ileso;"65   ";Masculino;"1 ";"0    ";"0    ";"0    ";-14.8927840;-46.8874450;SPRF-DF;DEL02-DF;UOP03-DEL02-DF 
648191;"1456472   ";2024-12-13;sexta-feira;17:24:00;DF;"40   ";"2    ";BRASILIA;Sim;Trafegar com motocicleta (ou similar) entre as faixas;1;Colisão lateral mesmo sentido;Com Vítimas Feridas;Pleno dia;Crescente;Céu Claro;Dupla;Reta;Sim  ;"1165273   ";Motocicleta;YAMAHA/FAZER250 BLUEFLEX;"2017      ";Condutor;Lesões Leves;"29   ";Masculino;"0 ";"1    ";"0    ";"0    ";-15.9943500;-47.9859470;SPRF-DF;DEL01-DF;UOP01-DEL01-DF 
648191;"1456618   ";2024-12-13;sexta-feira;17:24:00;DF;"40   ";"2    ";BRASILIA;Sim;Trafegar com motocicleta (ou similar) entre as faixas;1;Colisão lateral mesmo sentido;Com Vítimas Feridas;Pleno dia;Crescente;Céu Claro;Dupla;Reta;Sim  ;"1165271   ";Automóvel;TOYOTA/COROLLA XEI 20;"2019      ";Condutor;Ileso;"53   ";Masculino;"1 ";"0    ";"0    ";"0    ";-15.9943500;-47.9859470;SPRF-DF;DEL01-DF;UOP01-DEL01-DF 
648242;"1456488   ";2024-12-13;sexta-feira;19:00:00;DF;"20   ";"2    ";BRASILIA;Não;Iluminação deficiente;2;Atropelamento de Pedestre;Com Vítimas Feridas;Anoitecer;Decrescente;Céu Claro;Dupla;"Reta;Aclive";Não  ;"1165286   ";Automóvel;RENAULT/SANDERO EXPR 10;"2015      ";Condutor;Ileso;"27   ";Feminino;"1 ";"0    ";"0    ";"0    ";-15.6828960;-47.8407290;SPRF-DF;DEL02-DF;UOP01-DEL02-DF 
648242;"1456486   ";2024-12-13;sexta-feira;19:00:00;DF;"20   ";"2    ";BRASILIA;Não;Iluminação deficiente;2;Atropelamento de Pedestre;Com Vítimas Feridas;Anoitecer;Decrescente;Céu Claro;Dupla;"Reta;Aclive";Não  ;"1165283   ";Automóvel;VW/GOLF FLASH;"2006      ";Condutor;Lesões Leves;"22   ";Masculino;"0 ";"1    ";"0    ";"0    ";-15.6828960;-47.8407290;SPRF-DF;DEL02-DF;UOP01-DEL02-DF 
648242;"1456488   ";2024-12-13;sexta-feira;19:00:00;DF;"20   ";"2    ";BRASILIA;Não;Iluminação deficiente;1;Colisão lateral mesmo sentido;Com Vítimas Feridas;Anoitecer;Decrescente;Céu Claro;Dupla;"Reta;Aclive";Não  ;"1165286   ";Automóvel;RENAULT/SANDERO EXPR 10;"2015      ";Condutor;Ileso;"27   ";Feminino;"1 ";"0    ";"0    ";"0    ";-15.6828960;-47.8407290;SPRF-DF;DEL02-DF;UOP01-DEL02-DF 
648242;"1456486   ";2024-12-13;sexta-feira;19:00:00;DF;"20   ";"2    ";BRASILIA;Não;Iluminação deficiente;1;Colisão lateral mesmo sentido;Com Vítimas Feridas;Anoitecer;Decrescente;Céu Claro;Dupla;"Reta;Aclive";Não  ;"1165283   ";Automóvel;VW/GOLF FLASH;"2006      ";Condutor;Lesões Leves;"22   ";Masculino;"0 ";"1    ";"0    ";"0    ";-15.6828960;-47.8407290;SPRF-DF;DEL02-DF;UOP01-DEL02-DF 
648242;"1456488   ";2024-12-13;sexta-feira;19:00:00;DF;"20   ";"2    ";BRASILIA;Não;Velocidade Incompatível;2;Atropelamento de Pedestre;Com Vítimas Feridas;Anoitecer;Decrescente;Céu Claro;Dupla;"Reta;Aclive";Não  ;"1165286   ";Automóvel;RENAULT/SANDERO EXPR 10;"2015      ";Condutor;Ileso;"27   ";Feminino;"1 ";"0    ";"0    ";"0    ";-15.6828960;-47.8407290;SPRF-DF;DEL02-DF;UOP01-DEL02-DF 
648242;"1456486   ";2024-12-13;sexta-feira;19:00:00;DF;"20   ";"2    ";BRASILIA;Não;Velocidade Incompatível;2;Atropelamento de Pedestre;Com Vítimas Feridas;Anoitecer;Decrescente;Céu Claro;Dupla;"Reta;Aclive";Não  ;"1165283   ";Automóvel;VW/GOLF FLASH;"2006      ";Condutor;Lesões Leves;"22   ";Masculino;"0 ";"1    ";"0    ";"0    ";-15.6828960;-47.8407290;SPRF-DF;DEL02-DF;UOP01-DEL02-DF 
648242;"1456488   ";2024-12-13;sexta-feira;19:00:00;DF;"20   ";"2    ";BRASILIA;Não;Velocidade Incompatível;1;Colisão lateral mesmo sentido;Com Vítimas Feridas;Anoitecer;Decrescente;Céu Claro;Dupla;"Reta;Aclive";Não  ;"1165286   ";Automóvel;RENAULT/SANDERO EXPR 10;"2015      ";Condutor;Ileso;"27   ";Feminino;"1 ";"0    ";"0    ";"0    ";-15.6828960;-47.8407290;SPRF-DF;DEL02-DF;UOP01-DEL02-DF 
648242;"1456486   ";2024-12-13;sexta-feira;19:00:00;DF;"20   ";"2    ";BRASILIA;Não;Velocidade Incompatível;1;Colisão lateral mesmo sentido;Com Vítimas Feridas;Anoitecer;Decrescente;Céu Claro;Dupla;"Reta;Aclive";Não  ;"1165283   ";Automóvel;VW/GOLF FLASH;"2006      ";Condutor;Lesões Leves;"22   ";Masculino;"0 ";"1    ";"0    ";"0    ";-15.6828960;-47.8407290;SPRF-DF;DEL02-DF;UOP01-DEL02-DF 
648242;"1456488   ";2024-12-13;sexta-feira;19:00:00;DF;"20   ";"2    ";BRASILIA;Sim;Reação tardia ou ineficiente do condutor;2;Atropelamento de Pedestre;Com Vítimas Feridas;Anoitecer;Decrescente;Céu Claro;Dupla;"Reta;Aclive";Não  ;"1165286   ";Automóvel;RENAULT/SANDERO EXPR 10;"2015      ";Condutor;Ileso;"27   ";Feminino;"1 ";"0    ";"0    ";"0    ";-15.6828960;-47.8407290;SPRF-DF;DEL02-DF;UOP01-DEL02-DF 
648242;"1456486   ";2024-12-13;sexta-feira;19:00:00;DF;"20   ";"2    ";BRASILIA;Sim;Reação tardia ou ineficiente do condutor;2;Atropelamento de Pedestre;Com Vítimas Feridas;Anoitecer;Decrescente;Céu Claro;Dupla;"Reta;Aclive";Não  ;"1165283   ";Automóvel;VW/GOLF FLASH;"2006      ";Condutor;Lesões Leves;"22   ";Masculino;"0 ";"1    ";"0    ";"0    ";-15.6828960;-47.8407290;SPRF-DF;DEL02-DF;UOP01-DEL02-DF 
648242;"1456488   ";2024-12-13;sexta-feira;19:00:00;DF;"20   ";"2    ";BRASILIA;Sim;Reação tardia ou ineficiente do condutor;1;Colisão lateral mesmo sentido;Com Vítimas Feridas;Anoitecer;Decrescente;Céu Claro;Dupla;"Reta;Aclive";Não  ;"1165286   ";Automóvel;RENAULT/SANDERO EXPR 10;"2015      ";Condutor;Ileso;"27   ";Feminino;"1 ";"0    ";"0    ";"0    ";-15.6828960;-47.8407290;SPRF-DF;DEL02-DF;UOP01-DEL02-DF 
648242;"1456486   ";2024-12-13;sexta-feira;19:00:00;DF;"20   ";"2    ";BRASILIA;Sim;Reação tardia ou ineficiente do condutor;1;Colisão lateral mesmo sentido;Com Vítimas Feridas;Anoitecer;Decrescente;Céu Claro;Dupla;"Reta;Aclive";Não  ;"1165283   ";Automóvel;VW/GOLF FLASH;"2006      ";Condutor;Lesões Leves;"22   ";Masculino;"0 ";"1    ";"0    ";"0    ";-15.6828960;-47.8407290;SPRF-DF;DEL02-DF;UOP01-DEL02-DF 
648274;"1461728   ";2024-12-13;sexta-feira;20:59:00;GO;"40   ";"9    ";LUZIANIA;Sim;Velocidade Incompatível;1;Colisão transversal;Com Vítimas Feridas;Plena Noite;Crescente;Chuva;Dupla;Reta;Sim  ;"1169224   ";Automóvel;I/CHERY CELER 1.5 FLEX;"2014      ";Condutor;Ileso;"23   ";Masculino;"1 ";"0    ";"0    ";"0    ";-16.1311580;-47.9577390;SPRF-DF;DEL01-DF;UOP01-DEL01-DF 
648274;"1461048   ";2024-12-13;sexta-feira;20:59:00;GO;"40   ";"9    ";LUZIANIA;Sim;Velocidade Incompatível;1;Colisão transversal;Com Vítimas Feridas;Plena Noite;Crescente;Chuva;Dupla;Reta;Sim  ;"1168729   ";Caminhonete;FIAT/STRADA ADVENT FLEX;"2007      ";Condutor;Ileso;"26   ";Masculino;"1 ";"0    ";"0    ";"0    ";-16.1311580;-47.9577390;SPRF-DF;DEL01-DF;UOP01-DEL01-DF 
648274;"1461731   ";2024-12-13;sexta-feira;20:59:00;GO;"40   ";"9    ";LUZIANIA;Sim;Velocidade Incompatível;1;Colisão transversal;Com Vítimas Feridas;Plena Noite;Crescente;Chuva;Dupla;Reta;Sim  ;"1169227   ";Motocicleta;HONDA/CG 125 FAN KS;"2011      ";Condutor;Lesões Leves;"24   ";Masculino;"0 ";"1    ";"0    ";"0    ";-16.1311580;-47.9577390;SPRF-DF;DEL01-DF;UOP01-DEL01-DF 
648285;"1456573   ";2024-12-13;sexta-feira;22:43:00;DF;"60   ";"7    ";BRASILIA;Sim;Manobra de mudança de faixa;1;Colisão lateral mesmo sentido;Com Vítimas Feridas;Plena Noite;Crescente;Chuva;Dupla;"Declive;Reta";Sim  ;"1165346   ";Caminhão;M.BENZ/ATEGO 2426;"2018      ";Condutor;Ileso;"41   ";Masculino;"1 ";"0    ";"0    ";"0    ";-15.9008080;-48.1224630;SPRF-DF;DEL03-DF;UOP01-DEL03-DF 
648285;"1456571   ";2024-12-13;sexta-feira;22:43:00;DF;"60   ";"7    ";BRASILIA;Sim;Manobra de mudança de faixa;1;Colisão lateral mesmo sentido;Com Vítimas Feridas;Plena Noite;Crescente;Chuva;Dupla;"Declive;Reta";Sim  ;"1165345   ";Utilitário;FIAT/STRADA FREEDOM CD;"2019      ";Condutor;Lesões Leves;"45   ";Masculino;"0 ";"1    ";"0    ";"0    ";-15.9008080;-48.1224630;SPRF-DF;DEL03-DF;UOP01-DEL03-DF 
648291;"1456560   ";2024-12-13;sexta-feira;22:45:00;GO;"60   ";"72   ";ABADIANIA;Não;Velocidade Incompatível;2;Capotamento;Com Vítimas Feridas;Plena Noite;Crescente;Céu Claro;Dupla;"Curva;Declive";Não  ;"1165330   ";Caminhonete;VW/SAVEIRO CS TL MB;"2014      ";Passageiro;Lesões Leves;"17   ";Masculino;"0 ";"1    ";"0    ";"0    ";-16.2632840;-48.7642050;SPRF-GO;DEL02-GO;UOP01-DEL02-GO 
648291;"1456550   ";2024-12-13;sexta-feira;22:45:00;GO;"60   ";"72   ";ABADIANIA;Não;Velocidade Incompatível;2;Capotamento;Com Vítimas Feridas;Plena Noite;Crescente;Céu Claro;Dupla;"Curva;Declive";Não  ;"1165330   ";Caminhonete;VW/SAVEIRO CS TL MB;"2014      ";Condutor;Lesões Graves;"45   ";Masculino;"0 ";"0    ";"1    ";"0    ";-16.2632840;-48.7642050;SPRF-GO;DEL02-GO;UOP01-DEL02-GO 
648291;"1456560   ";2024-12-13;sexta-feira;22:45:00;GO;"60   ";"72   ";ABADIANIA;Não;Velocidade Incompatível;1;Saída de leito carroçável;Com Vítimas Feridas;Plena Noite;Crescente;Céu Claro;Dupla;"Curva;Declive";Não  ;"1165330   ";Caminhonete;VW/SAVEIRO CS TL MB;"2014      ";Passageiro;Lesões Leves;"17   ";Masculino;"0 ";"1    ";"0    ";"0    ";-16.2632840;-48.7642050;SPRF-GO;DEL02-GO;UOP01-DEL02-GO 
648291;"1456550   ";2024-12-13;sexta-feira;22:45:00;GO;"60   ";"72   ";ABADIANIA;Não;Velocidade Incompatível;1;Saída de leito carroçável;Com Vítimas Feridas;Plena Noite;Crescente;Céu Claro;Dupla;"Curva;Declive";Não  ;"1165330   ";Caminhonete;VW/SAVEIRO CS TL MB;"2014      ";Condutor;Lesões Graves;"45   ";Masculino;"0 ";"0    ";"1    ";"0    ";-16.2632840;-48.7642050;SPRF-GO;DEL02-GO;UOP01-DEL02-GO 
648291;"1456560   ";2024-12-13;sexta-feira;22:45:00;GO;"60   ";"72   ";ABADIANIA;Sim;Reação tardia ou ineficiente do condutor;2;Capotamento;Com Vítimas Feridas;Plena Noite;Crescente;Céu Claro;Dupla;"Curva;Declive";Não  ;"1165330   ";Caminhonete;VW/SAVEIRO CS TL MB;"2014      ";Passageiro;Lesões Leves;"17   ";Masculino;"0 ";"1    ";"0    ";"0    ";-16.2632840;-48.7642050;SPRF-GO;DEL02-GO;UOP01-DEL02-GO 
648291;"1456550   ";2024-12-13;sexta-feira;22:45:00;GO;"60   ";"72   ";ABADIANIA;Sim;Reação tardia ou ineficiente do condutor;2;Capotamento;Com Vítimas Feridas;Plena Noite;Crescente;Céu Claro;Dupla;"Curva;Declive";Não  ;"1165330   ";Caminhonete;VW/SAVEIRO CS TL MB;"2014      ";Condutor;Lesões Graves;"45   ";Masculino;"0 ";"0    ";"1    ";"0    ";-16.2632840;-48.7642050;SPRF-GO;DEL02-GO;UOP01-DEL02-GO 
648291;"1456560   ";2024-12-13;sexta-feira;22:45:00;GO;"60   ";"72   ";ABADIANIA;Sim;Reação tardia ou ineficiente do condutor;1;Saída de leito carroçável;Com Vítimas Feridas;Plena Noite;Crescente;Céu Claro;Dupla;"Curva;Declive";Não  ;"1165330   ";Caminhonete;VW/SAVEIRO CS TL MB;"2014      ";Passageiro;Lesões Leves;"17   ";Masculino;"0 ";"1    ";"0    ";"0    ";-16.2632840;-48.7642050;SPRF-GO;DEL02-GO;UOP01-DEL02-GO 
648291;"1456550   ";2024-12-13;sexta-feira;22:45:00;GO;"60   ";"72   ";ABADIANIA;Sim;Reação tardia ou ineficiente do condutor;1;Saída de leito carroçável;Com Vítimas Feridas;Plena Noite;Crescente;Céu Claro;Dupla;"Curva;Declive";Não  ;"1165330   ";Caminhonete;VW/SAVEIRO CS TL MB;"2014      ";Condutor;Lesões Graves;"45   ";Masculino;"0 ";"0    ";"1    ";"0    ";-16.2632840;-48.7642050;SPRF-GO;DEL02-GO;UOP01-DEL02-GO 
648311;"1460396   ";2024-12-14;sábado;03:33:00;GO;"20   ";"5,7  ";FORMOSA;Não;Ingestão de álcool pelo condutor;2;Saída de leito carroçável;Sem Vítimas;Plena Noite;Crescente;Céu Claro;Simples;"Reta;Declive";Sim  ;"1165450   ";Automóvel;GM/CORSA SEDAN MAXX;"2006      ";Condutor;Não Informado;"0    ";Não Informado;"0 ";"0    ";"0    ";"0    ";-15.5552750;-47.3069080;SPRF-DF;DEL02-DF;UOP02-DEL02-DF 
648311;"1460395   ";2024-12-14;sábado;03:33:00;GO;"20   ";"5,7  ";FORMOSA;Não;Ingestão de álcool pelo condutor;2;Saída de leito carroçável;Sem Vítimas;Plena Noite;Crescente;Céu Claro;Simples;"Reta;Declive";Sim  ;"1165449   ";Automóvel;HONDA/FIT LXL;"2008      ";Passageiro;Ileso;"37   ";Feminino;"1 ";"0    ";"0    ";"0    ";-15.5552750;-47.3069080;SPRF-DF;DEL02-DF;UOP02-DEL02-DF 
648311;"1456689   ";2024-12-14;sábado;03:33:00;GO;"20   ";"5,7  ";FORMOSA;Não;Ingestão de álcool pelo condutor;2;Saída de leito carroçável;Sem Vítimas;Plena Noite;Crescente;Céu Claro;Simples;"Reta;Declive";Sim  ;"1165449   ";Automóvel;HONDA/FIT LXL;"2008      ";Condutor;Ileso;"38   ";Masculino;"1 ";"0    ";"0    ";"0    ";-15.5552750;-47.3069080;SPRF-DF;DEL02-DF;UOP02-DEL02-DF 
648311;"1460396   ";2024-12-14;sábado;03:33:00;GO;"20   ";"5,7  ";FORMOSA;Não;Ingestão de álcool pelo condutor;1;Colisão frontal;Sem Vítimas;Plena Noite;Crescente;Céu Claro;Simples;"Reta;Declive";Sim  ;"1165450   ";Automóvel;GM/CORSA SEDAN MAXX;"2006      ";Condutor;Não Informado;"0    ";Não Informado;"0 ";"0    ";"0    ";"0    ";-15.5552750;-47.3069080;SPRF-DF;DEL02-DF;UOP02-DEL02-DF 
648311;"1460395   ";2024-12-14;sábado;03:33:00;GO;"20   ";"5,7  ";FORMOSA;Não;Ingestão de álcool pelo condutor;1;Colisão frontal;Sem Vítimas;Plena Noite;Crescente;Céu Claro;Simples;"Reta;Declive";Sim  ;"1165449   ";Automóvel;HONDA/FIT LXL;"2008      ";Passageiro;Ileso;"37   ";Feminino;"1 ";"0    ";"0    ";"0    ";-15.5552750;-47.3069080;SPRF-DF;DEL02-DF;UOP02-DEL02-DF 
648311;"1456689   ";2024-12-14;sábado;03:33:00;GO;"20   ";"5,7  ";FORMOSA;Não;Ingestão de álcool pelo condutor;1;Colisão frontal;Sem Vítimas;Plena Noite;Crescente;Céu Claro;Simples;"Reta;Declive";Sim  ;"1165449   ";Automóvel;HONDA/FIT LXL;"2008      ";Condutor;Ileso;"38   ";Masculino;"1 ";"0    ";"0    ";"0    ";-15.5552750;-47.3069080;SPRF-DF;DEL02-DF;UOP02-DEL02-DF 
648311;"1460396   ";2024-12-14;sábado;03:33:00;GO;"20   ";"5,7  ";FORMOSA;Não;Condutor Dormindo;2;Saída de leito carroçável;Sem Vítimas;Plena Noite;Crescente;Céu Claro;Simples;"Reta;Declive";Sim  ;"1165450   ";Automóvel;GM/CORSA SEDAN MAXX;"2006      ";Condutor;Não Informado;"0    ";Não Informado;"0 ";"0    ";"0    ";"0    ";-15.5552750;-47.3069080;SPRF-DF;DEL02-DF;UOP02-DEL02-DF 
648311;"1460395   ";2024-12-14;sábado;03:33:00;GO;"20   ";"5,7  ";FORMOSA;Não;Condutor Dormindo;2;Saída de leito carroçável;Sem Vítimas;Plena Noite;Crescente;Céu Claro;Simples;"Reta;Declive";Sim  ;"1165449   ";Automóvel;HONDA/FIT LXL;"2008      ";Passageiro;Ileso;"37   ";Feminino;"1 ";"0    ";"0    ";"0    ";-15.5552750;-47.3069080;SPRF-DF;DEL02-DF;UOP02-DEL02-DF 
648311;"1456689   ";2024-12-14;sábado;03:33:00;GO;"20   ";"5,7  ";FORMOSA;Não;Condutor Dormindo;2;Saída de leito carroçável;Sem Vítimas;Plena Noite;Crescente;Céu Claro;Simples;"Reta;Declive";Sim  ;"1165449   ";Automóvel;HONDA/FIT LXL;"2008      ";Condutor;Ileso;"38   ";Masculino;"1 ";"0    ";"0    ";"0    ";-15.5552750;-47.3069080;SPRF-DF;DEL02-DF;UOP02-DEL02-DF 
648311;"1460396   ";2024-12-14;sábado;03:33:00;GO;"20   ";"5,7  ";FORMOSA;Não;Condutor Dormindo;1;Colisão frontal;Sem Vítimas;Plena Noite;Crescente;Céu Claro;Simples;"Reta;Declive";Sim  ;"1165450   ";Automóvel;GM/CORSA SEDAN MAXX;"2006      ";Condutor;Não Informado;"0    ";Não Informado;"0 ";"0    ";"0    ";"0    ";-15.5552750;-47.3069080;SPRF-DF;DEL02-DF;UOP02-DEL02-DF 
648311;"1460396   ";2024-12-14;sábado;03:33:00;GO;"20   ";"5,7  ";FORMOSA;Sim;Ausência de reação do condutor;2;Saída de leito carroçável;Sem Vítimas;Plena Noite;Crescente;Céu Claro;Simples;"Reta;Declive";Sim  ;"1165450   ";Automóvel;GM/CORSA SEDAN MAXX;"2006      ";Condutor;Não Informado;"0    ";Não Informado;"0 ";"0    ";"0    ";"0    ";-15.5552750;-47.3069080;SPRF-DF;DEL02-DF;UOP02-DEL02-DF 
648311;"1460395   ";2024-12-14;sábado;03:33:00;GO;"20   ";"5,7  ";FORMOSA;Sim;Ausência de reação do condutor;2;Saída de leito carroçável;Sem Vítimas;Plena Noite;Crescente;Céu Claro;Simples;"Reta;Declive";Sim  ;"1165449   ";Automóvel;HONDA/FIT LXL;"2008      ";Passageiro;Ileso;"37   ";Feminino;"1 ";"0    ";"0    ";"0    ";-15.5552750;-47.3069080;SPRF-DF;DEL02-DF;UOP02-DEL02-DF 
648311;"1456689   ";2024-12-14;sábado;03:33:00;GO;"20   ";"5,7  ";FORMOSA;Sim;Ausência de reação do condutor;2;Saída de leito carroçável;Sem Vítimas;Plena Noite;Crescente;Céu Claro;Simples;"Reta;Declive";Sim  ;"1165449   ";Automóvel;HONDA/FIT LXL;"2008      ";Condutor;Ileso;"38   ";Masculino;"1 ";"0    ";"0    ";"0    ";-15.5552750;-47.3069080;SPRF-DF;DEL02-DF;UOP02-DEL02-DF 
648311;"1460396   ";2024-12-14;sábado;03:33:00;GO;"20   ";"5,7  ";FORMOSA;Sim;Ausência de reação do condutor;1;Colisão frontal;Sem Vítimas;Plena Noite;Crescente;Céu Claro;Simples;"Reta;Declive";Sim  ;"1165450   ";Automóvel;GM/CORSA SEDAN MAXX;"2006      ";Condutor;Não Informado;"0    ";Não Informado;"0 ";"0    ";"0    ";"0    ";-15.5552750;-47.3069080;SPRF-DF;DEL02-DF;UOP02-DEL02-DF 
648311;"1460395   ";2024-12-14;sábado;03:33:00;GO;"20   ";"5,7  ";FORMOSA;Sim;Ausência de reação do condutor;1;Colisão frontal;Sem Vítimas;Plena Noite;Crescente;Céu Claro;Simples;"Reta;Declive";Sim  ;"1165449   ";Automóvel;HONDA/FIT LXL;"2008      ";Passageiro;Ileso;"37   ";Feminino;"1 ";"0    ";"0    ";"0    ";-15.5552750;-47.3069080;SPRF-DF;DEL02-DF;UOP02-DEL02-DF 
648311;"1456689   ";2024-12-14;sábado;03:33:00;GO;"20   ";"5,7  ";FORMOSA;Sim;Ausência de reação do condutor;1;Colisão frontal;Sem Vítimas;Plena Noite;Crescente;Céu Claro;Simples;"Reta;Declive";Sim  ;"1165449   ";Automóvel;HONDA/FIT LXL;"2008      ";Condutor;Ileso;"38   ";Masculino;"1 ";"0    ";"0    ";"0    ";-15.5552750;-47.3069080;SPRF-DF;DEL02-DF;UOP02-DEL02-DF 
648457;"1456972   ";2024-12-14;sábado;15:50:00;GO;"40   ";"6,8  ";VALPARAISO DE GOIAS;Não;Ausência de reação do condutor;1;Queda de ocupante de veículo;Com Vítimas Feridas;Pleno dia;Crescente;Nublado;Dupla;"Reta;Declive";Sim  ;"1165637   ";Automóvel;Não Informado/Não Informado;"0         ";Condutor;Não Informado;"0    ";Não Informado;"0 ";"0    ";"0    ";"0    ";-16.1008140;-47.9773510;SPRF-DF;DEL01-DF;UOP01-DEL01-DF 
648457;"1457008   ";2024-12-14;sábado;15:50:00;GO;"40   ";"6,8  ";VALPARAISO DE GOIAS;Não;Ausência de reação do condutor;1;Queda de ocupante de veículo;Com Vítimas Feridas;Pleno dia;Crescente;Nublado;Dupla;"Reta;Declive";Sim  ;"1165638   ";Bicicleta;Não Informado/Não Informado;"0         ";Condutor;Lesões Graves;"49   ";Masculino;"0 ";"0    ";"1    ";"0    ";-16.1008140;-47.9773510;SPRF-DF;DEL01-DF;UOP01-DEL01-DF 
648457;"1456972   ";2024-12-14;sábado;15:50:00;GO;"40   ";"6,8  ";VALPARAISO DE GOIAS;Sim;Transitar no Acostamento;1;Queda de ocupante de veículo;Com Vítimas Feridas;Pleno dia;Crescente;Nublado;Dupla;"Reta;Declive";Sim  ;"1165637   ";Automóvel;Não Informado/Não Informado;"0         ";Condutor;Não Informado;"0    ";Não Informado;"0 ";"0    ";"0    ";"0    ";-16.1008140;-47.9773510;SPRF-DF;DEL01-DF;UOP01-DEL01-DF 
648457;"1457008   ";2024-12-14;sábado;15:50:00;GO;"40   ";"6,8  ";VALPARAISO DE GOIAS;Sim;Transitar no Acostamento;1;Queda de ocupante de veículo;Com Vítimas Feridas;Pleno dia;Crescente;Nublado;Dupla;"Reta;Declive";Sim  ;"1165638   ";Bicicleta;Não Informado/Não Informado;"0         ";Condutor;Lesões Graves;"49   ";Masculino;"0 ";"0    ";"1    ";"0    ";-16.1008140;-47.9773510;SPRF-DF;DEL01-DF;UOP01-DEL01-DF 
648525;"1457172   ";2024-12-14;sábado;19:35:00;DF;"20   ";"19,8 ";BRASILIA;Não;Velocidade Incompatível;1;Colisão traseira;Com Vítimas Feridas;Plena Noite;Decrescente;Nublado;Dupla;"Retorno Regulamentado;Reta";Não  ;"1165791   ";Automóvel;HONDA/HR-V EXL CVT;"2020      ";Condutor;Ileso;"33   ";Feminino;"1 ";"0    ";"0    ";"0    ";-15.6121750;-47.7009280;SPRF-DF;DEL02-DF;UOP01-DEL02-DF 
648525;"1457177   ";2024-12-14;sábado;19:35:00;DF;"20   ";"19,8 ";BRASILIA;Não;Velocidade Incompatível;1;Colisão traseira;Com Vítimas Feridas;Plena Noite;Decrescente;Nublado;Dupla;"Retorno Regulamentado;Reta";Não  ;"1165790   ";Automóvel;FIAT/UNO ATTRACTIVE 1.0;"2021      ";Passageiro;Lesões Leves;"25   ";Feminino;"0 ";"1    ";"0    ";"0    ";-15.6121750;-47.7009280;SPRF-DF;DEL02-DF;UOP01-DEL02-DF 
648525;"1457170   ";2024-12-14;sábado;19:35:00;DF;"20   ";"19,8 ";BRASILIA;Não;Velocidade Incompatível;1;Colisão traseira;Com Vítimas Feridas;Plena Noite;Decrescente;Nublado;Dupla;"Retorno Regulamentado;Reta";Não  ;"1165790   ";Automóvel;FIAT/UNO ATTRACTIVE 1.0;"2021      ";Condutor;Ileso;"49   ";Masculino;"1 ";"0    ";"0    ";"0    ";-15.6121750;-47.7009280;SPRF-DF;DEL02-DF;UOP01-DEL02-DF 
648525;"1457172   ";2024-12-14;sábado;19:35:00;DF;"20   ";"19,8 ";BRASILIA;Sim;Ultrapassagem Indevida;1;Colisão traseira;Com Vítimas Feridas;Plena Noite;Decrescente;Nublado;Dupla;"Retorno Regulamentado;Reta";Não  ;"1165791   ";Automóvel;HONDA/HR-V EXL CVT;"2020      ";Condutor;Ileso;"33   ";Feminino;"1 ";"0    ";"0    ";"0    ";-15.6121750;-47.7009280;SPRF-DF;DEL02-DF;UOP01-DEL02-DF 
648525;"1457177   ";2024-12-14;sábado;19:35:00;DF;"20   ";"19,8 ";BRASILIA;Sim;Ultrapassagem Indevida;1;Colisão traseira;Com Vítimas Feridas;Plena Noite;Decrescente;Nublado;Dupla;"Retorno Regulamentado;Reta";Não  ;"1165790   ";Automóvel;FIAT/UNO ATTRACTIVE 1.0;"2021      ";Passageiro;Lesões Leves;"25   ";Feminino;"0 ";"1    ";"0    ";"0    ";-15.6121750;-47.7009280;SPRF-DF;DEL02-DF;UOP01-DEL02-DF 