id;pesid;data_inversa;dia_semana;horario;uf;br;km;municipio;causa_principal;causa_acidente;ordem_tipo_acidente;tipo_acidente;classificacao_acidente;fase_dia;sentido_via;condicao_metereologica;tipo_pista;tracado_via;uso_solo;id_veiculo;tipo_veiculo;marca;ano_fabricacao_veiculo;tipo_envolvido;estado_fisico;idade;sexo;ilesos;feridos_leves;feridos_graves;mortos;latitude;longitude;regional;delegacia;uop
648525;"1457170   ";2024-12-14;sábado;19:35:00;DF;"20   ";"19,8 ";BRASILIA;Sim;Ultrapassagem Indevida;1;Colisão traseira;Com Vítimas Feridas;Plena Noite;Decrescente;Nublado;Dupla;"Retorno Regulamentado;Reta";Não  ;"1165790   ";Automóvel;FIAT/UNO ATTRACTIVE 1.0;"2021      ";Condutor;Ileso;"49   ";Masculino;"1 ";"0    ";"0    ";"0    ";-15.6121750;-47.7009280;SPRF-DF;DEL02-DF;UOP01-DEL02-DF 
648575;"1457197   ";2024-12-15;domingo;00:05:00;GO;"414  ";"415,4";ABADIANIA;Não;Reação tardia ou ineficiente do condutor;1;Atropelamento de Pedestre;Com Vítimas Feridas;Plena Noite;Crescente;Céu Claro;Simples;Reta;Não  ;"1165815   ";Caminhonete;Não Informado/Não Informado;"0         ";Condutor;Não Informado;"0    ";Não Informado;"0 ";"0    ";"0    ";"0    ";-16.0962470;-48.8542930;SPRF-GO;DEL02-GO;UOP01-DEL02-GO 
648575;"1457198   ";2024-12-15;domingo;00:05:00;GO;"414  ";"415,4";ABADIANIA;Não;Reação tardia ou ineficiente do condutor;1;Atropelamento de Pedestre;Com Vítimas Feridas;Plena Noite;Crescente;Céu Claro;Simples;Reta;Não  ;"0         ";"0";NA/NA;"0         ";Pedestre;Lesões Graves;"22   ";Masculino;"0 ";"0    ";"1    ";"0    ";-16.0962470;-48.8542930;SPRF-GO;DEL02-GO;UOP01-DEL02-GO 
648575;"1457199   ";2024-12-15;domingo;00:05:00;GO;"414  ";"415,4";ABADIANIA;Não;Reação tardia ou ineficiente do condutor;1;Atropelamento de Pedestre;Com Vítimas Feridas;Plena Noite;Crescente;Céu Claro;Simples;Reta;Não  ;"0         ";"0";NA/NA;"0         ";Pedestre;Lesões Graves;"30   ";Feminino;"0 ";"0    ";"1    ";"0    ";-16.0962470;-48.8542930;SPRF-GO;DEL02-GO;UOP01-DEL02-GO 
648575;"1457197   ";2024-12-15;domingo;00:05:00;GO;"414  ";"415,4";ABADIANIA;Sim;Pedestre andava na pista;1;Atropelamento de Pedestre;Com Vítimas Feridas;Plena Noite;Crescente;Céu Claro;Simples;Reta;Não  ;"1165815   ";Caminhonete;Não Informado/Não Informado;"0         ";Condutor;Não Informado;"0    ";Não Informado;"0 ";"0    ";"0    ";"0    ";-16.0962470;-48.8542930;SPRF-GO;DEL02-GO;UOP01-DEL02-GO 
648575;"1457198   ";2024-12-15;domingo;00:05:00;GO;"414  ";"415,4";ABADIANIA;Sim;Pedestre andava na pista;1;Atropelamento de Pedestre;Com Vítimas Feridas;Plena Noite;Crescente;Céu Claro;Simples;Reta;Não  ;"0         ";"0";NA/NA;"0         ";Pedestre;Lesões Graves;"22   ";Masculino;"0 ";"0    ";"1    ";"0    ";-16.0962470;-48.8542930;SPRF-GO;DEL02-GO;UOP01-DEL02-GO 
648575;"1457199   ";2024-12-15;domingo;00:05:00;GO;"414  ";"415,4";ABADIANIA;Sim;Pedestre andava na pista;1;Atropelamento de Pedestre;Com Vítimas Feridas;Plena Noite;Crescente;Céu Claro;Simples;Reta;Não  ;"0         ";"0";NA/NA;"0         ";Pedestre;Lesões Graves;"30   ";Feminino;"0 ";"0    ";"1    ";"0    ";-16.0962470;-48.8542930;SPRF-GO;DEL02-GO;UOP01-DEL02-GO 
648606;"1457252   ";2024-12-15;domingo;03:30:00;DF;"20   ";"9    ";BRASILIA;Não;Ausência de reação do condutor;1;Colisão com objeto;Sem Vítimas;Plena Noite;Decrescente;Chuva;Dupla;"Declive;Reta";Sim  ;"1165853   ";Automóvel;FIAT/PALIO FIRE ECONOMY;"2010      ";Condutor;Ileso;"37   ";Masculino;"1 ";"0    ";"0    ";"0    ";-15.6546710;-47.7829170;SPRF-DF;DEL02-DF;UOP01-DEL02-DF 
648606;"1457252   ";2024-12-15;domingo;03:30:00;DF;"20   ";"9    ";BRASILIA;Sim;Acumulo de óleo sobre o pavimento;1;Colisão com objeto;Sem Vítimas;Plena Noite;Decrescente;Chuva;Dupla;"Declive;Reta";Sim  ;"1165853   ";Automóvel;FIAT/PALIO FIRE ECONOMY;"2010      ";Condutor;Ileso;"37   ";Masculino;"1 ";"0    ";"0    ";"0    ";-15.6546710;-47.7829170;SPRF-DF;DEL02-DF;UOP01-DEL02-DF 
648674;"1457445   ";2024-12-15;domingo;11:30:00;DF;"251  ";"41   ";BRASILIA;Não;Reação tardia ou ineficiente do condutor;3;Tombamento;Com Vítimas Feridas;Pleno dia;Decrescente;Céu Claro;Simples;"Declive;Reta";Não  ;"1166005   ";Caminhonete;CHEV/MONTANA T;"2023      ";Condutor;Ileso;"37   ";Masculino;"1 ";"0    ";"0    ";"0    ";-15.9337540;-47.8170890;SPRF-DF;DEL01-DF;UOP01-DEL01-DF 
648674;"1457442   ";2024-12-15;domingo;11:30:00;DF;"251  ";"41   ";BRASILIA;Não;Reação tardia ou ineficiente do condutor;3;Tombamento;Com Vítimas Feridas;Pleno dia;Decrescente;Céu Claro;Simples;"Declive;Reta";Não  ;"1166004   ";Motocicleta;HONDA/CB 500F;"2022      ";Condutor;Lesões Leves;"34   ";Masculino;"0 ";"1    ";"0    ";"0    ";-15.9337540;-47.8170890;SPRF-DF;DEL01-DF;UOP01-DEL01-DF 
648674;"1457473   ";2024-12-15;domingo;11:30:00;DF;"251  ";"41   ";BRASILIA;Não;Reação tardia ou ineficiente do condutor;3;Tombamento;Com Vítimas Feridas;Pleno dia;Decrescente;Céu Claro;Simples;"Declive;Reta";Não  ;"0         ";"0";NA/NA;"0         ";Pedestre;Ileso;"31   ";Masculino;"1 ";"0    ";"0    ";"0    ";-15.9337540;-47.8170890;SPRF-DF;DEL01-DF;UOP01-DEL01-DF 
648674;"1457445   ";2024-12-15;domingo;11:30:00;DF;"251  ";"41   ";BRASILIA;Não;Reação tardia ou ineficiente do condutor;2;Queda de ocupante de veículo;Com Vítimas Feridas;Pleno dia;Decrescente;Céu Claro;Simples;"Declive;Reta";Não  ;"1166005   ";Caminhonete;CHEV/MONTANA T;"2023      ";Condutor;Ileso;"37   ";Masculino;"1 ";"0    ";"0    ";"0    ";-15.9337540;-47.8170890;SPRF-DF;DEL01-DF;UOP01-DEL01-DF 
648674;"1457442   ";2024-12-15;domingo;11:30:00;DF;"251  ";"41   ";BRASILIA;Não;Reação tardia ou ineficiente do condutor;2;Queda de ocupante de veículo;Com Vítimas Feridas;Pleno dia;Decrescente;Céu Claro;Simples;"Declive;Reta";Não  ;"1166004   ";Motocicleta;HONDA/CB 500F;"2022      ";Condutor;Lesões Leves;"34   ";Masculino;"0 ";"1    ";"0    ";"0    ";-15.9337540;-47.8170890;SPRF-DF;DEL01-DF;UOP01-DEL01-DF 
648674;"1457473   ";2024-12-15;domingo;11:30:00;DF;"251  ";"41   ";BRASILIA;Não;Reação tardia ou ineficiente do condutor;2;Queda de ocupante de veículo;Com Vítimas Feridas;Pleno dia;Decrescente;Céu Claro;Simples;"Declive;Reta";Não  ;"0         ";"0";NA/NA;"0         ";Pedestre;Ileso;"31   ";Masculino;"1 ";"0    ";"0    ";"0    ";-15.9337540;-47.8170890;SPRF-DF;DEL01-DF;UOP01-DEL01-DF 
648674;"1457445   ";2024-12-15;domingo;11:30:00;DF;"251  ";"41   ";BRASILIA;Não;Reação tardia ou ineficiente do condutor;1;Colisão traseira;Com Vítimas Feridas;Pleno dia;Decrescente;Céu Claro;Simples;"Declive;Reta";Não  ;"1166005   ";Caminhonete;CHEV/MONTANA T;"2023      ";Condutor;Ileso;"37   ";Masculino;"1 ";"0    ";"0    ";"0    ";-15.9337540;-47.8170890;SPRF-DF;DEL01-DF;UOP01-DEL01-DF 
648674;"1457442   ";2024-12-15;domingo;11:30:00;DF;"251  ";"41   ";BRASILIA;Não;Reação tardia ou ineficiente do condutor;1;Colisão traseira;Com Vítimas Feridas;Pleno dia;Decrescente;Céu Claro;Simples;"Declive;Reta";Não  ;"1166004   ";Motocicleta;HONDA/CB 500F;"2022      ";Condutor;Lesões Leves;"34   ";Masculino;"0 ";"1    ";"0    ";"0    ";-15.9337540;-47.8170890;SPRF-DF;DEL01-DF;UOP01-DEL01-DF 
648674;"1457473   ";2024-12-15;domingo;11:30:00;DF;"251  ";"41   ";BRASILIA;Não;Reação tardia ou ineficiente do condutor;1;Colisão traseira;Com Vítimas Feridas;Pleno dia;Decrescente;Céu Claro;Simples;"Declive;Reta";Não  ;"0         ";"0";NA/NA;"0         ";Pedestre;Ileso;"31   ";Masculino;"1 ";"0    ";"0    ";"0    ";-15.9337540;-47.8170890;SPRF-DF;DEL01-DF;UOP01-DEL01-DF 
648674;"1457445   ";2024-12-15;domingo;11:30:00;DF;"251  ";"41   ";BRASILIA;Não;Condutor deixou de manter distância do veículo da frente;3;Tombamento;Com Vítimas Feridas;Pleno dia;Decrescente;Céu Claro;Simples;"Declive;Reta";Não  ;"1166005   ";Caminhonete;CHEV/MONTANA T;"2023      ";Condutor;Ileso;"37   ";Masculino;"1 ";"0    ";"0    ";"0    ";-15.9337540;-47.8170890;SPRF-DF;DEL01-DF;UOP01-DEL01-DF 
648674;"1457442   ";2024-12-15;domingo;11:30:00;DF;"251  ";"41   ";BRASILIA;Não;Condutor deixou de manter distância do veículo da frente;3;Tombamento;Com Vítimas Feridas;Pleno dia;Decrescente;Céu Claro;Simples;"Declive;Reta";Não  ;"1166004   ";Motocicleta;HONDA/CB 500F;"2022      ";Condutor;Lesões Leves;"34   ";Masculino;"0 ";"1    ";"0    ";"0    ";-15.9337540;-47.8170890;SPRF-DF;DEL01-DF;UOP01-DEL01-DF 
648674;"1457473   ";2024-12-15;domingo;11:30:00;DF;"251  ";"41   ";BRASILIA;Não;Condutor deixou de manter distância do veículo da frente;3;Tombamento;Com Vítimas Feridas;Pleno dia;Decrescente;Céu Claro;Simples;"Declive;Reta";Não  ;"0         ";"0";NA/NA;"0         ";Pedestre;Ileso;"31   ";Masculino;"1 ";"0    ";"0    ";"0    ";-15.9337540;-47.8170890;SPRF-DF;DEL01-DF;UOP01-DEL01-DF 
648674;"1457445   ";2024-12-15;domingo;11:30:00;DF;"251  ";"41   ";BRASILIA;Não;Condutor deixou de manter distância do veículo da frente;2;Queda de ocupante de veículo;Com Vítimas Feridas;Pleno dia;Decrescente;Céu Claro;Simples;"Declive;Reta";Não  ;"1166005   ";Caminhonete;CHEV/MONTANA T;"2023      ";Condutor;Ileso;"37   ";Masculino;"1 ";"0    ";"0    ";"0    ";-15.9337540;-47.8170890;SPRF-DF;DEL01-DF;UOP01-DEL01-DF 
648674;"1457442   ";2024-12-15;domingo;11:30:00;DF;"251  ";"41   ";BRASILIA;Não;Condutor deixou de manter distância do veículo da frente;2;Queda de ocupante de veículo;Com Vítimas Feridas;Pleno dia;Decrescente;Céu Claro;Simples;"Declive;Reta";Não  ;"1166004   ";Motocicleta;HONDA/CB 500F;"2022      ";Condutor;Lesões Leves;"34   ";Masculino;"0 ";"1    ";"0    ";"0    ";-15.9337540;-47.8170890;SPRF-DF;DEL01-DF;UOP01-DEL01-DF 
648674;"1457473   ";2024-12-15;domingo;11:30:00;DF;"251  ";"41   ";BRASILIA;Não;Condutor deixou de manter distância do veículo da frente;2;Queda de ocupante de veículo;Com Vítimas Feridas;Pleno dia;Decrescente;Céu Claro;Simples;"Declive;Reta";Não  ;"0         ";"0";NA/NA;"0         ";Pedestre;Ileso;"31   ";Masculino;"1 ";"0    ";"0    ";"0    ";-15.9337540;-47.8170890;SPRF-DF;DEL01-DF;UOP01-DEL01-DF 
648674;"1457445   ";2024-12-15;domingo;11:30:00;DF;"251  ";"41   ";BRASILIA;Não;Condutor deixou de manter distância do veículo da frente;1;Colisão traseira;Com Vítimas Feridas;Pleno dia;Decrescente;Céu Claro;Simples;"Declive;Reta";Não  ;"1166005   ";Caminhonete;CHEV/MONTANA T;"2023      ";Condutor;Ileso;"37   ";Masculino;"1 ";"0    ";"0    ";"0    ";-15.9337540;-47.8170890;SPRF-DF;DEL01-DF;UOP01-DEL01-DF 
648674;"1457442   ";2024-12-15;domingo;11:30:00;DF;"251  ";"41   ";BRASILIA;Não;Condutor deixou de manter distância do veículo da frente;1;Colisão traseira;Com Vítimas Feridas;Pleno dia;Decrescente;Céu Claro;Simples;"Declive;Reta";Não  ;"1166004   ";Motocicleta;HONDA/CB 500F;"2022      ";Condutor;Lesões Leves;"34   ";Masculino;"0 ";"1    ";"0    ";"0    ";-15.9337540;-47.8170890;SPRF-DF;DEL01-DF;UOP01-DEL01-DF 
648674;"1457473   ";2024-12-15;domingo;11:30:00;DF;"251  ";"41   ";BRASILIA;Não;Condutor deixou de manter distância do veículo da frente;1;Colisão traseira;Com Vítimas Feridas;Pleno dia;Decrescente;Céu Claro;Simples;"Declive;Reta";Não  ;"0         ";"0";NA/NA;"0         ";Pedestre;Ileso;"31   ";Masculino;"1 ";"0    ";"0    ";"0    ";-15.9337540;-47.8170890;SPRF-DF;DEL01-DF;UOP01-DEL01-DF 
648674;"1457445   ";2024-12-15;domingo;11:30:00;DF;"251  ";"41   ";BRASILIA;Sim;Velocidade Incompatível;3;Tombamento;Com Vítimas Feridas;Pleno dia;Decrescente;Céu Claro;Simples;"Declive;Reta";Não  ;"1166005   ";Caminhonete;CHEV/MONTANA T;"2023      ";Condutor;Ileso;"37   ";Masculino;"1 ";"0    ";"0    ";"0    ";-15.9337540;-47.8170890;SPRF-DF;DEL01-DF;UOP01-DEL01-DF 
648674;"1457442   ";2024-12-15;domingo;11:30:00;DF;"251  ";"41   ";BRASILIA;Sim;Velocidade Incompatível;3;Tombamento;Com Vítimas Feridas;Pleno dia;Decrescente;Céu Claro;Simples;"Declive;Reta";Não  ;"1166004   ";Motocicleta;HONDA/CB 500F;"2022      ";Condutor;Lesões Leves;"34   ";Masculino;"0 ";"1    ";"0    ";"0    ";-15.9337540;-47.8170890;SPRF-DF;DEL01-DF;UOP01-DEL01-DF 
648674;"1457473   ";2024-12-15;domingo;11:30:00;DF;"251  ";"41   ";BRASILIA;Sim;Velocidade Incompatível;3;Tombamento;Com Vítimas Feridas;Pleno dia;Decrescente;Céu Claro;Simples;"Declive;Reta";Não  ;"0         ";"0";NA/NA;"0         ";Pedestre;Ileso;"31   ";Masculino;"1 ";"0    ";"0    ";"0    ";-15.9337540;-47.8170890;SPRF-DF;DEL01-DF;UOP01-DEL01-DF 
648674;"1457445   ";2024-12-15;domingo;11:30:00;DF;"251  ";"41   ";BRASILIA;Sim;Velocidade Incompatível;2;Queda de ocupante de veículo;Com Vítimas Feridas;Pleno dia;Decrescente;Céu Claro;Simples;"Declive;Reta";Não  ;"1166005   ";Caminhonete;CHEV/MONTANA T;"2023      ";Condutor;Ileso;"37   ";Masculino;"1 ";"0    ";"0    ";"0    ";-15.9337540;-47.8170890;SPRF-DF;DEL01-DF;UOP01-DEL01-DF 
648674;"1457442   ";2024-12-15;domingo;11:30:00;DF;"251  ";"41   ";BRASILIA;Sim;Velocidade Incompatível;2;Queda de ocupante de veículo;Com Vítimas Feridas;Pleno dia;Decrescente;Céu Claro;Simples;"Declive;Reta";Não  ;"1166004   ";Motocicleta;HONDA/CB 500F;"2022      ";Condutor;Lesões Leves;"34   ";Masculino;"0 ";"1    ";"0    ";"0    ";-15.9337540;-47.8170890;SPRF-DF;DEL01-DF;UOP01-DEL01-DF 
648674;"1457473   ";2024-12-15;domingo;11:30:00;DF;"251  ";"41   ";BRASILIA;Sim;Velocidade Incompatível;2;Queda de ocupante de veículo;Com Vítimas Feridas;Pleno dia;Decrescente;Céu Claro;Simples;"Declive;Reta";Não  ;"0         ";"0";NA/NA;"0         ";Pedestre;Ileso;"31   ";Masculino;"1 ";"0    ";"0    ";"0    ";-15.9337540;-47.8170890;SPRF-DF;DEL01-DF;UOP01-DEL01-DF 
648674;"1457445   ";2024-12-15;domingo;11:30:00;DF;"251  ";"41   ";BRASILIA;Sim;Velocidade Incompatível;1;Colisão traseira;Com Vítimas Feridas;Pleno dia;Decrescente;Céu Claro;Simples;"Declive;Reta";Não  ;"1166005   ";Caminhonete;CHEV/MONTANA T;"2023      ";Condutor;Ileso;"37   ";Masculino;"1 ";"0    ";"0    ";"0    ";-15.9337540;-47.8170890;SPRF-DF;DEL01-DF;UOP01-DEL01-DF 
648674;"1457442   ";2024-12-15;domingo;11:30:00;DF;"251  ";"41   ";BRASILIA;Sim;Velocidade Incompatível;1;Colisão traseira;Com Vítimas Feridas;Pleno dia;Decrescente;Céu Claro;Simples;"Declive;Reta";Não  ;"1166004   ";Motocicleta;HONDA/CB 500F;"2022      ";Condutor;Lesões Leves;"34   ";Masculino;"0 ";"1    ";"0    ";"0    ";-15.9337540;-47.8170890;SPRF-DF;DEL01-DF;UOP01-DEL01-DF 
648674;"1457473   ";2024-12-15;domingo;11:30:00;DF;"251  ";"41   ";BRASILIA;Sim;Velocidade Incompatível;1;Colisão traseira;Com Vítimas Feridas;Pleno dia;Decrescente;Céu Claro;Simples;"Declive;Reta";Não  ;"0         ";"0";NA/NA;"0         ";Pedestre;Ileso;"31   ";Masculino;"1 ";"0    ";"0    ";"0    ";-15.9337540;-47.8170890;SPRF-DF;DEL01-DF;UOP01-DEL01-DF 
648676;"1459638   ";2024-12-15;domingo;11:25:00;DF;"20   ";"16   ";BRASILIA;Sim;Pista Escorregadia;2;Colisão com objeto;Sem Vítimas;Pleno dia;Crescente;Céu Claro;Dupla;Reta;Sim  ;"1166043   ";Caminhão;VW/24.280 CRM 6X2;"2014      ";Condutor;Ileso;"54   ";Masculino;"1 ";"0    ";"0    ";"0    ";-15.6256750;-47.7251590;SPRF-DF;DEL02-DF;UOP01-DEL02-DF 
648676;"1459638   ";2024-12-15;domingo;11:25:00;DF;"20   ";"16   ";BRASILIA;Sim;Pista Escorregadia;1;Saída de leito carroçável;Sem Vítimas;Pleno dia;Crescente;Céu Claro;Dupla;Reta;Sim  ;"1166043   ";Caminhão;VW/24.280 CRM 6X2;"2014      ";Condutor;Ileso;"54   ";Masculino;"1 ";"0    ";"0    ";"0    ";-15.6256750;-47.7251590;SPRF-DF;DEL02-DF;UOP01-DEL02-DF 
648680;"1459614   ";2024-12-15;domingo;12:00:00;DF;"20   ";"50   ";BRASILIA;Sim;Velocidade Incompatível;1;Saída de leito carroçável;Com Vítimas Feridas;Pleno dia;Crescente;Chuva;Dupla;Reta;Não  ;"1167613   ";Camioneta;RENAULT/DUSTER ZEN 16;"2022      ";Condutor;Lesões Leves;"29   ";Feminino;"0 ";"1    ";"0    ";"0    ";-15.5814470;-47.4219250;SPRF-DF;DEL02-DF;UOP01-DEL02-DF 
648773;"1457870   ";2024-12-15;domingo;17:00:00;DF;"60   ";"27,4 ";BRASILIA;Não;Acumulo de água sobre o pavimento;1;Saída de leito carroçável;Com Vítimas Feridas;Pleno dia;Crescente;Chuva;Dupla;"Declive;Reta";Não  ;"1166333   ";Automóvel;VW/POLO SEDAN 1.6 COMFOR;"2008      ";Passageiro;Lesões Leves;"35   ";Masculino;"0 ";"1    ";"0    ";"0    ";-16.0122220;-48.2476620;SPRF-DF;DEL03-DF;UOP01-DEL03-DF 
648773;"1457871   ";2024-12-15;domingo;17:00:00;DF;"60   ";"27,4 ";BRASILIA;Não;Acumulo de água sobre o pavimento;1;Saída de leito carroçável;Com Vítimas Feridas;Pleno dia;Crescente;Chuva;Dupla;"Declive;Reta";Não  ;"1166333   ";Automóvel;VW/POLO SEDAN 1.6 COMFOR;"2008      ";Passageiro;Lesões Leves;"54   ";Masculino;"0 ";"1    ";"0    ";"0    ";-16.0122220;-48.2476620;SPRF-DF;DEL03-DF;UOP01-DEL03-DF 
648773;"1457872   ";2024-12-15;domingo;17:00:00;DF;"60   ";"27,4 ";BRASILIA;Não;Acumulo de água sobre o pavimento;1;Saída de leito carroçável;Com Vítimas Feridas;Pleno dia;Crescente;Chuva;Dupla;"Declive;Reta";Não  ;"1166333   ";Automóvel;VW/POLO SEDAN 1.6 COMFOR;"2008      ";Passageiro;Lesões Leves;"56   ";Feminino;"0 ";"1    ";"0    ";"0    ";-16.0122220;-48.2476620;SPRF-DF;DEL03-DF;UOP01-DEL03-DF 
648773;"1457869   ";2024-12-15;domingo;17:00:00;DF;"60   ";"27,4 ";BRASILIA;Não;Acumulo de água sobre o pavimento;1;Saída de leito carroçável;Com Vítimas Feridas;Pleno dia;Crescente;Chuva;Dupla;"Declive;Reta";Não  ;"1166333   ";Automóvel;VW/POLO SEDAN 1.6 COMFOR;"2008      ";Condutor;Lesões Leves;"0    ";Masculino;"0 ";"1    ";"0    ";"0    ";-16.0122220;-48.2476620;SPRF-DF;DEL03-DF;UOP01-DEL03-DF 
648773;"1457870   ";2024-12-15;domingo;17:00:00;DF;"60   ";"27,4 ";BRASILIA;Sim;Avarias e/ou desgaste excessivo no pneu;1;Saída de leito carroçável;Com Vítimas Feridas;Pleno dia;Crescente;Chuva;Dupla;"Declive;Reta";Não  ;"1166333   ";Automóvel;VW/POLO SEDAN 1.6 COMFOR;"2008      ";Passageiro;Lesões Leves;"35   ";Masculino;"0 ";"1    ";"0    ";"0    ";-16.0122220;-48.2476620;SPRF-DF;DEL03-DF;UOP01-DEL03-DF 
648773;"1457871   ";2024-12-15;domingo;17:00:00;DF;"60   ";"27,4 ";BRASILIA;Sim;Avarias e/ou desgaste excessivo no pneu;1;Saída de leito carroçável;Com Vítimas Feridas;Pleno dia;Crescente;Chuva;Dupla;"Declive;Reta";Não  ;"1166333   ";Automóvel;VW/POLO SEDAN 1.6 COMFOR;"2008      ";Passageiro;Lesões Leves;"54   ";Masculino;"0 ";"1    ";"0    ";"0    ";-16.0122220;-48.2476620;SPRF-DF;DEL03-DF;UOP01-DEL03-DF 
648773;"1457872   ";2024-12-15;domingo;17:00:00;DF;"60   ";"27,4 ";BRASILIA;Sim;Avarias e/ou desgaste excessivo no pneu;1;Saída de leito carroçável;Com Vítimas Feridas;Pleno dia;Crescente;Chuva;Dupla;"Declive;Reta";Não  ;"1166333   ";Automóvel;VW/POLO SEDAN 1.6 COMFOR;"2008      ";Passageiro;Lesões Leves;"56   ";Feminino;"0 ";"1    ";"0    ";"0    ";-16.0122220;-48.2476620;SPRF-DF;DEL03-DF;UOP01-DEL03-DF 
648773;"1457869   ";2024-12-15;domingo;17:00:00;DF;"60   ";"27,4 ";BRASILIA;Sim;Avarias e/ou desgaste excessivo no pneu;1;Saída de leito carroçável;Com Vítimas Feridas;Pleno dia;Crescente;Chuva;Dupla;"Declive;Reta";Não  ;"1166333   ";Automóvel;VW/POLO SEDAN 1.6 COMFOR;"2008      ";Condutor;Lesões Leves;"0    ";Masculino;"0 ";"1    ";"0    ";"0    ";-16.0122220;-48.2476620;SPRF-DF;DEL03-DF;UOP01-DEL03-DF 
648775;"1460210   ";2024-12-15;domingo;18:00:00;DF;"70   ";"3    ";BRASILIA;Sim;Chuva;1;Colisão com objeto;Sem Vítimas;Plena Noite;Decrescente;Chuva;Dupla;Curva;Sim  ;"1168081   ";Automóvel;FIAT/PUNTO ATTRACTIVE;"0         ";Condutor;Não Informado;"0    ";Não Informado;"0 ";"0    ";"0    ";"0    ";-15.8024530;-48.0803870;SPRF-DF;DEL03-DF;UOP02-DEL03-DF 
648803;"1457855   ";2024-12-15;domingo;21:18:00;GO;"80   ";"49   ";PADRE BERNARDO;Sim;Transitar na contramão;3;Incêndio;Com Vítimas Fatais;Plena Noite;Crescente;Chuva;Simples;"Declive;Reta";Não  ;"1166322   ";Motocicleta;HONDA/XRE 300;"2017      ";Condutor;Óbito;"42   ";Masculino;"0 ";"0    ";"0    ";"1    ";-15.1603540;-48.3115210;SPRF-DF;DEL03-DF;UOP02-DEL03-DF 
648803;"1457856   ";2024-12-15;domingo;21:18:00;GO;"80   ";"49   ";PADRE BERNARDO;Sim;Transitar na contramão;3;Incêndio;Com Vítimas Fatais;Plena Noite;Crescente;Chuva;Simples;"Declive;Reta";Não  ;"1166320   ";Caminhonete;I/FORD RANGER XL 13P;"2010      ";Condutor;Lesões Graves;"57   ";Masculino;"0 ";"0    ";"1    ";"0    ";-15.1603540;-48.3115210;SPRF-DF;DEL03-DF;UOP02-DEL03-DF 
648803;"1457855   ";2024-12-15;domingo;21:18:00;GO;"80   ";"49   ";PADRE BERNARDO;Sim;Transitar na contramão;2;Queda de ocupante de veículo;Com Vítimas Fatais;Plena Noite;Crescente;Chuva;Simples;"Declive;Reta";Não  ;"1166322   ";Motocicleta;HONDA/XRE 300;"2017      ";Condutor;Óbito;"42   ";Masculino;"0 ";"0    ";"0    ";"1    ";-15.1603540;-48.3115210;SPRF-DF;DEL03-DF;UOP02-DEL03-DF 
648803;"1457856   ";2024-12-15;domingo;21:18:00;GO;"80   ";"49   ";PADRE BERNARDO;Sim;Transitar na contramão;2;Queda de ocupante de veículo;Com Vítimas Fatais;Plena Noite;Crescente;Chuva;Simples;"Declive;Reta";Não  ;"1166320   ";Caminhonete;I/FORD RANGER XL 13P;"2010      ";Condutor;Lesões Graves;"57   ";Masculino;"0 ";"0    ";"1    ";"0    ";-15.1603540;-48.3115210;SPRF-DF;DEL03-DF;UOP02-DEL03-DF 
648803;"1457855   ";2024-12-15;domingo;21:18:00;GO;"80   ";"49   ";PADRE BERNARDO;Sim;Transitar na contramão;1;Colisão frontal;Com Vítimas Fatais;Plena Noite;Crescente;Chuva;Simples;"Declive;Reta";Não  ;"1166322   ";Motocicleta;HONDA/XRE 300;"2017      ";Condutor;Óbito;"42   ";Masculino;"0 ";"0    ";"0    ";"1    ";-15.1603540;-48.3115210;SPRF-DF;DEL03-DF;UOP02-DEL03-DF 
648803;"1457856   ";2024-12-15;domingo;21:18:00;GO;"80   ";"49   ";PADRE BERNARDO;Sim;Transitar na contramão;1;Colisão frontal;Com Vítimas Fatais;Plena Noite;Crescente;Chuva;Simples;"Declive;Reta";Não  ;"1166320   ";Caminhonete;I/FORD RANGER XL 13P;"2010      ";Condutor;Lesões Graves;"57   ";Masculino;"0 ";"0    ";"1    ";"0    ";-15.1603540;-48.3115210;SPRF-DF;DEL03-DF;UOP02-DEL03-DF 
648849;"1457819   ";2024-12-16;segunda-feira;00:30:00;GO;"80   ";"36   ";PADRE BERNARDO;Sim;Ingestão de álcool pelo condutor;1;Saída de leito carroçável;Sem Vítimas;Plena Noite;Crescente;Nublado;Dupla;"Reta;Interseção de Vias";Sim  ;"1166293   ";Caminhão-trator;VOLVO/FH 440 4X2T;"2009      ";Condutor;Ileso;"39   ";Masculino;"1 ";"0    ";"0    ";"0    ";-15.2534480;-48.2675470;SPRF-DF;DEL03-DF;UOP02-DEL03-DF 
648849;"0         ";2024-12-16;segunda-feira;00:30:00;GO;"80   ";"36   ";PADRE BERNARDO;Sim;Ingestão de álcool pelo condutor;1;Saída de leito carroçável;Sem Vítimas;Plena Noite;Crescente;Nublado;Dupla;"Reta;Interseção de Vias";Sim  ;"1166294   ";Semireboque;SR/LIBRELATO CACAENCR 3E;"2022      ";"0";"0";"0    ";"0";"0 ";"0    ";"0    ";"0    ";-15.2534480;-48.2675470;SPRF-DF;DEL03-DF;UOP02-DEL03-DF 