id;pesid;data_inversa;dia_semana;horario;uf;br;km;municipio;causa_principal;causa_acidente;ordem_tipo_acidente;tipo_acidente;classificacao_acidente;fase_dia;sentido_via;condicao_metereologica;tipo_pista;tracado_via;uso_solo;id_veiculo;tipo_veiculo;marca;ano_fabricacao_veiculo;tipo_envolvido;estado_fisico;idade;sexo;ilesos;feridos_leves;feridos_graves;mortos;latitude;longitude;regional;delegacia;uop
648859;"1457861   ";2024-12-16;segunda-feira;05:40:00;GO;"70   ";"1    ";AGUAS LINDAS DE GOIAS;Sim;Manobra de mudança de faixa;1;Colisão lateral mesmo sentido;Com Vítimas Feridas;Pleno dia;Decrescente;Céu Claro;Dupla;"Curva;Declive";Não  ;"1166326   ";Motocicleta;HONDA/CG 125 FAN ES;"2009      ";Passageiro;Lesões Leves;"40   ";Feminino;"0 ";"1    ";"0    ";"0    ";-15.7757935;-48.2325900;SPRF-DF;DEL03-DF;UOP02-DEL03-DF 
648859;"1457859   ";2024-12-16;segunda-feira;05:40:00;GO;"70   ";"1    ";AGUAS LINDAS DE GOIAS;Sim;Manobra de mudança de faixa;1;Colisão lateral mesmo sentido;Com Vítimas Feridas;Pleno dia;Decrescente;Céu Claro;Dupla;"Curva;Declive";Não  ;"1166326   ";Motocicleta;HONDA/CG 125 FAN ES;"2009      ";Condutor;Lesões Leves;"40   ";Masculino;"0 ";"1    ";"0    ";"0    ";-15.7757935;-48.2325900;SPRF-DF;DEL03-DF;UOP02-DEL03-DF 
648859;"1457858   ";2024-12-16;segunda-feira;05:40:00;GO;"70   ";"1    ";AGUAS LINDAS DE GOIAS;Sim;Manobra de mudança de faixa;1;Colisão lateral mesmo sentido;Com Vítimas Feridas;Pleno dia;Decrescente;Céu Claro;Dupla;"Curva;Declive";Não  ;"1166325   ";Automóvel;VW/GOL 1.0 GIV;"2013      ";Condutor;Ileso;"56   ";Masculino;"1 ";"0    ";"0    ";"0    ";-15.7757935;-48.2325900;SPRF-DF;DEL03-DF;UOP02-DEL03-DF 
648872;"1457909   ";2024-12-16;segunda-feira;07:01:00;DF;"60   ";"1    ";BRASILIA;Sim;Reação tardia ou ineficiente do condutor;2;Queda de ocupante de veículo;Com Vítimas Feridas;Pleno dia;Crescente;Céu Claro;Dupla;Reta;Sim  ;"1166356   ";Motocicleta;HONDA/CB600F HORNET;"2014      ";Passageiro;Lesões Leves;"24   ";Feminino;"0 ";"1    ";"0    ";"0    ";-15.8850930;-48.0689540;SPRF-DF;DEL03-DF;UOP01-DEL03-DF 
648872;"1457905   ";2024-12-16;segunda-feira;07:01:00;DF;"60   ";"1    ";BRASILIA;Sim;Reação tardia ou ineficiente do condutor;2;Queda de ocupante de veículo;Com Vítimas Feridas;Pleno dia;Crescente;Céu Claro;Dupla;Reta;Sim  ;"1166356   ";Motocicleta;HONDA/CB600F HORNET;"2014      ";Condutor;Lesões Leves;"24   ";Masculino;"0 ";"1    ";"0    ";"0    ";-15.8850930;-48.0689540;SPRF-DF;DEL03-DF;UOP01-DEL03-DF 
648872;"1457909   ";2024-12-16;segunda-feira;07:01:00;DF;"60   ";"1    ";BRASILIA;Sim;Reação tardia ou ineficiente do condutor;1;Tombamento;Com Vítimas Feridas;Pleno dia;Crescente;Céu Claro;Dupla;Reta;Sim  ;"1166356   ";Motocicleta;HONDA/CB600F HORNET;"2014      ";Passageiro;Lesões Leves;"24   ";Feminino;"0 ";"1    ";"0    ";"0    ";-15.8850930;-48.0689540;SPRF-DF;DEL03-DF;UOP01-DEL03-DF 
648872;"1457905   ";2024-12-16;segunda-feira;07:01:00;DF;"60   ";"1    ";BRASILIA;Sim;Reação tardia ou ineficiente do condutor;1;Tombamento;Com Vítimas Feridas;Pleno dia;Crescente;Céu Claro;Dupla;Reta;Sim  ;"1166356   ";Motocicleta;HONDA/CB600F HORNET;"2014      ";Condutor;Lesões Leves;"24   ";Masculino;"0 ";"1    ";"0    ";"0    ";-15.8850930;-48.0689540;SPRF-DF;DEL03-DF;UOP01-DEL03-DF 
648985;"1458210   ";2024-12-16;segunda-feira;16:25:00;DF;"20   ";"41   ";BRASILIA;Sim;Chuva;1;Saída de leito carroçável;Com Vítimas Feridas;Pleno dia;Crescente;Chuva;Dupla;"Declive;Reta";Não  ;"1166566   ";Caminhonete;I/TOYOTA HILUX CD4X4 SRV;"2010      ";Passageiro;Lesões Leves;"27   ";Feminino;"0 ";"1    ";"0    ";"0    ";-15.5810730;-47.5034600;SPRF-DF;DEL02-DF;UOP01-DEL02-DF 
648985;"1458211   ";2024-12-16;segunda-feira;16:25:00;DF;"20   ";"41   ";BRASILIA;Sim;Chuva;1;Saída de leito carroçável;Com Vítimas Feridas;Pleno dia;Crescente;Chuva;Dupla;"Declive;Reta";Não  ;"1166566   ";Caminhonete;I/TOYOTA HILUX CD4X4 SRV;"2010      ";Passageiro;Lesões Leves;"5    ";Masculino;"0 ";"1    ";"0    ";"0    ";-15.5810730;-47.5034600;SPRF-DF;DEL02-DF;UOP01-DEL02-DF 
648985;"1458207   ";2024-12-16;segunda-feira;16:25:00;DF;"20   ";"41   ";BRASILIA;Sim;Chuva;1;Saída de leito carroçável;Com Vítimas Feridas;Pleno dia;Crescente;Chuva;Dupla;"Declive;Reta";Não  ;"1166566   ";Caminhonete;I/TOYOTA HILUX CD4X4 SRV;"2010      ";Condutor;Ileso;"29   ";Masculino;"1 ";"0    ";"0    ";"0    ";-15.5810730;-47.5034600;SPRF-DF;DEL02-DF;UOP01-DEL02-DF 
649011;"1458209   ";2024-09-27;sexta-feira;14:50:00;DF;"70   ";"17   ";BRASILIA;Sim;Reação tardia ou ineficiente do condutor;2;Queda de ocupante de veículo;Com Vítimas Feridas;Pleno dia;Decrescente;Céu Claro;Dupla;Reta;Não  ;"1166568   ";Motocicleta;HONDA/CG 125I FAN;"2018      ";Condutor;Lesões Leves;"43   ";Masculino;"0 ";"1    ";"0    ";"0    ";-15.7941330;-48.2020950;SPRF-DF;DEL03-DF;UOP02-DEL03-DF 
649011;"1458208   ";2024-09-27;sexta-feira;14:50:00;DF;"70   ";"17   ";BRASILIA;Sim;Reação tardia ou ineficiente do condutor;2;Queda de ocupante de veículo;Com Vítimas Feridas;Pleno dia;Decrescente;Céu Claro;Dupla;Reta;Não  ;"1166567   ";Automóvel;HONDA/CIVIC EXL CVT;"2016      ";Condutor;Ileso;"29   ";Masculino;"1 ";"0    ";"0    ";"0    ";-15.7941330;-48.2020950;SPRF-DF;DEL03-DF;UOP02-DEL03-DF 
649011;"1458209   ";2024-09-27;sexta-feira;14:50:00;DF;"70   ";"17   ";BRASILIA;Sim;Reação tardia ou ineficiente do condutor;1;Colisão traseira;Com Vítimas Feridas;Pleno dia;Decrescente;Céu Claro;Dupla;Reta;Não  ;"1166568   ";Motocicleta;HONDA/CG 125I FAN;"2018      ";Condutor;Lesões Leves;"43   ";Masculino;"0 ";"1    ";"0    ";"0    ";-15.7941330;-48.2020950;SPRF-DF;DEL03-DF;UOP02-DEL03-DF 
649011;"1458208   ";2024-09-27;sexta-feira;14:50:00;DF;"70   ";"17   ";BRASILIA;Sim;Reação tardia ou ineficiente do condutor;1;Colisão traseira;Com Vítimas Feridas;Pleno dia;Decrescente;Céu Claro;Dupla;Reta;Não  ;"1166567   ";Automóvel;HONDA/CIVIC EXL CVT;"2016      ";Condutor;Ileso;"29   ";Masculino;"1 ";"0    ";"0    ";"0    ";-15.7941330;-48.2020950;SPRF-DF;DEL03-DF;UOP02-DEL03-DF 
649039;"1459432   ";2024-12-16;segunda-feira;20:15:00;DF;"80   ";"22,4 ";BRASILIA;Não;Iluminação deficiente;1;Colisão transversal;Com Vítimas Feridas;Plena Noite;Crescente;Céu Claro;Simples;Reta;Sim  ;"1167484   ";Automóvel;FORD/FORD F350 ENGESIG;"0         ";Condutor;Ileso;"0    ";Ignorado;"1 ";"0    ";"0    ";"0    ";-15.6478920;-48.2017560;SPRF-DF;DEL03-DF;UOP02-DEL03-DF 
649039;"1458386   ";2024-12-16;segunda-feira;20:15:00;DF;"80   ";"22,4 ";BRASILIA;Não;Iluminação deficiente;1;Colisão transversal;Com Vítimas Feridas;Plena Noite;Crescente;Céu Claro;Simples;Reta;Sim  ;"1166674   ";Automóvel;VW/GOL 1.0;"2009      ";Condutor;Ileso;"22   ";Masculino;"1 ";"0    ";"0    ";"0    ";-15.6478920;-48.2017560;SPRF-DF;DEL03-DF;UOP02-DEL03-DF 
649039;"1459294   ";2024-12-16;segunda-feira;20:15:00;DF;"80   ";"22,4 ";BRASILIA;Não;Iluminação deficiente;1;Colisão transversal;Com Vítimas Feridas;Plena Noite;Crescente;Céu Claro;Simples;Reta;Sim  ;"1167371   ";Motocicleta;YAMAHA/FACTOR YBR125 K;"2011      ";Condutor;Lesões Leves;"21   ";Masculino;"0 ";"1    ";"0    ";"0    ";-15.6478920;-48.2017560;SPRF-DF;DEL03-DF;UOP02-DEL03-DF 
649039;"1459432   ";2024-12-16;segunda-feira;20:15:00;DF;"80   ";"22,4 ";BRASILIA;Não;Acessar a via sem observar a presença dos outros veículos;1;Colisão transversal;Com Vítimas Feridas;Plena Noite;Crescente;Céu Claro;Simples;Reta;Sim  ;"1167484   ";Automóvel;FORD/FORD F350 ENGESIG;"0         ";Condutor;Ileso;"0    ";Ignorado;"1 ";"0    ";"0    ";"0    ";-15.6478920;-48.2017560;SPRF-DF;DEL03-DF;UOP02-DEL03-DF 
649039;"1458386   ";2024-12-16;segunda-feira;20:15:00;DF;"80   ";"22,4 ";BRASILIA;Não;Acessar a via sem observar a presença dos outros veículos;1;Colisão transversal;Com Vítimas Feridas;Plena Noite;Crescente;Céu Claro;Simples;Reta;Sim  ;"1166674   ";Automóvel;VW/GOL 1.0;"2009      ";Condutor;Ileso;"22   ";Masculino;"1 ";"0    ";"0    ";"0    ";-15.6478920;-48.2017560;SPRF-DF;DEL03-DF;UOP02-DEL03-DF 
649039;"1459294   ";2024-12-16;segunda-feira;20:15:00;DF;"80   ";"22,4 ";BRASILIA;Não;Acessar a via sem observar a presença dos outros veículos;1;Colisão transversal;Com Vítimas Feridas;Plena Noite;Crescente;Céu Claro;Simples;Reta;Sim  ;"1167371   ";Motocicleta;YAMAHA/FACTOR YBR125 K;"2011      ";Condutor;Lesões Leves;"21   ";Masculino;"0 ";"1    ";"0    ";"0    ";-15.6478920;-48.2017560;SPRF-DF;DEL03-DF;UOP02-DEL03-DF 
649039;"1459432   ";2024-12-16;segunda-feira;20:15:00;DF;"80   ";"22,4 ";BRASILIA;Sim;Deficiência do Sistema de Iluminação/Sinalização;1;Colisão transversal;Com Vítimas Feridas;Plena Noite;Crescente;Céu Claro;Simples;Reta;Sim  ;"1167484   ";Automóvel;FORD/FORD F350 ENGESIG;"0         ";Condutor;Ileso;"0    ";Ignorado;"1 ";"0    ";"0    ";"0    ";-15.6478920;-48.2017560;SPRF-DF;DEL03-DF;UOP02-DEL03-DF 
649039;"1458386   ";2024-12-16;segunda-feira;20:15:00;DF;"80   ";"22,4 ";BRASILIA;Sim;Deficiência do Sistema de Iluminação/Sinalização;1;Colisão transversal;Com Vítimas Feridas;Plena Noite;Crescente;Céu Claro;Simples;Reta;Sim  ;"1166674   ";Automóvel;VW/GOL 1.0;"2009      ";Condutor;Ileso;"22   ";Masculino;"1 ";"0    ";"0    ";"0    ";-15.6478920;-48.2017560;SPRF-DF;DEL03-DF;UOP02-DEL03-DF 
649039;"1459294   ";2024-12-16;segunda-feira;20:15:00;DF;"80   ";"22,4 ";BRASILIA;Sim;Deficiência do Sistema de Iluminação/Sinalização;1;Colisão transversal;Com Vítimas Feridas;Plena Noite;Crescente;Céu Claro;Simples;Reta;Sim  ;"1167371   ";Motocicleta;YAMAHA/FACTOR YBR125 K;"2011      ";Condutor;Lesões Leves;"21   ";Masculino;"0 ";"1    ";"0    ";"0    ";-15.6478920;-48.2017560;SPRF-DF;DEL03-DF;UOP02-DEL03-DF 
649072;"1458527   ";2024-12-17;terça-feira;05:50:00;DF;"20   ";"21   ";BRASILIA;Não;Ausência de reação do condutor;1;Colisão traseira;Sem Vítimas;Amanhecer;Decrescente;Céu Claro;Dupla;"Aclive;Reta";Sim  ;"1166809   ";Automóvel;FORD/KA;"2006      ";Condutor;Ileso;"43   ";Masculino;"1 ";"0    ";"0    ";"0    ";-15.6033840;-47.6846920;SPRF-DF;DEL02-DF;UOP01-DEL02-DF 
649072;"1458528   ";2024-12-17;terça-feira;05:50:00;DF;"20   ";"21   ";BRASILIA;Não;Ausência de reação do condutor;1;Colisão traseira;Sem Vítimas;Amanhecer;Decrescente;Céu Claro;Dupla;"Aclive;Reta";Sim  ;"1166808   ";Automóvel;RENAULT/SANDERO EXP1016V;"2013      ";Passageiro;Ileso;"33   ";Masculino;"1 ";"0    ";"0    ";"0    ";-15.6033840;-47.6846920;SPRF-DF;DEL02-DF;UOP01-DEL02-DF 
649072;"1458526   ";2024-12-17;terça-feira;05:50:00;DF;"20   ";"21   ";BRASILIA;Não;Ausência de reação do condutor;1;Colisão traseira;Sem Vítimas;Amanhecer;Decrescente;Céu Claro;Dupla;"Aclive;Reta";Sim  ;"1166808   ";Automóvel;RENAULT/SANDERO EXP1016V;"2013      ";Condutor;Ileso;"37   ";Masculino;"1 ";"0    ";"0    ";"0    ";-15.6033840;-47.6846920;SPRF-DF;DEL02-DF;UOP01-DEL02-DF 
649072;"1458527   ";2024-12-17;terça-feira;05:50:00;DF;"20   ";"21   ";BRASILIA;Sim;Reação tardia ou ineficiente do condutor;1;Colisão traseira;Sem Vítimas;Amanhecer;Decrescente;Céu Claro;Dupla;"Aclive;Reta";Sim  ;"1166809   ";Automóvel;FORD/KA;"2006      ";Condutor;Ileso;"43   ";Masculino;"1 ";"0    ";"0    ";"0    ";-15.6033840;-47.6846920;SPRF-DF;DEL02-DF;UOP01-DEL02-DF 
649072;"1458528   ";2024-12-17;terça-feira;05:50:00;DF;"20   ";"21   ";BRASILIA;Sim;Reação tardia ou ineficiente do condutor;1;Colisão traseira;Sem Vítimas;Amanhecer;Decrescente;Céu Claro;Dupla;"Aclive;Reta";Sim  ;"1166808   ";Automóvel;RENAULT/SANDERO EXP1016V;"2013      ";Passageiro;Ileso;"33   ";Masculino;"1 ";"0    ";"0    ";"0    ";-15.6033840;-47.6846920;SPRF-DF;DEL02-DF;UOP01-DEL02-DF 
649072;"1458526   ";2024-12-17;terça-feira;05:50:00;DF;"20   ";"21   ";BRASILIA;Sim;Reação tardia ou ineficiente do condutor;1;Colisão traseira;Sem Vítimas;Amanhecer;Decrescente;Céu Claro;Dupla;"Aclive;Reta";Sim  ;"1166808   ";Automóvel;RENAULT/SANDERO EXP1016V;"2013      ";Condutor;Ileso;"37   ";Masculino;"1 ";"0    ";"0    ";"0    ";-15.6033840;-47.6846920;SPRF-DF;DEL02-DF;UOP01-DEL02-DF 
649157;"1458734   ";2024-12-17;terça-feira;13:00:00;DF;"20   ";"18,6 ";BRASILIA;Sim;Manobra de mudança de faixa;3;Colisão com objeto;Com Vítimas Feridas;Pleno dia;Crescente;Nublado;Dupla;"Reta;Declive;Retorno Regulamentado";Sim  ;"1166959   ";Automóvel;FIAT/UNO SPORTING 1.4;"2011      ";Condutor;Lesões Leves;"39   ";Masculino;"0 ";"1    ";"0    ";"0    ";-15.6169010;-47.7089270;SPRF-DF;DEL02-DF;UOP01-DEL02-DF 
649157;"1458732   ";2024-12-17;terça-feira;13:00:00;DF;"20   ";"18,6 ";BRASILIA;Sim;Manobra de mudança de faixa;3;Colisão com objeto;Com Vítimas Feridas;Pleno dia;Crescente;Nublado;Dupla;"Reta;Declive;Retorno Regulamentado";Sim  ;"1166958   ";Automóvel;NISSAN/KICKS ACTIVE CVT;"2023      ";Passageiro;Lesões Leves;"40   ";Feminino;"0 ";"1    ";"0    ";"0    ";-15.6169010;-47.7089270;SPRF-DF;DEL02-DF;UOP01-DEL02-DF 
649157;"1458731   ";2024-12-17;terça-feira;13:00:00;DF;"20   ";"18,6 ";BRASILIA;Sim;Manobra de mudança de faixa;3;Colisão com objeto;Com Vítimas Feridas;Pleno dia;Crescente;Nublado;Dupla;"Reta;Declive;Retorno Regulamentado";Sim  ;"1166958   ";Automóvel;NISSAN/KICKS ACTIVE CVT;"2023      ";Passageiro;Lesões Leves;"35   ";Feminino;"0 ";"1    ";"0    ";"0    ";-15.6169010;-47.7089270;SPRF-DF;DEL02-DF;UOP01-DEL02-DF 
649157;"1458730   ";2024-12-17;terça-feira;13:00:00;DF;"20   ";"18,6 ";BRASILIA;Sim;Manobra de mudança de faixa;3;Colisão com objeto;Com Vítimas Feridas;Pleno dia;Crescente;Nublado;Dupla;"Reta;Declive;Retorno Regulamentado";Sim  ;"1166958   ";Automóvel;NISSAN/KICKS ACTIVE CVT;"2023      ";Condutor;Ileso;"32   ";Feminino;"1 ";"0    ";"0    ";"0    ";-15.6169010;-47.7089270;SPRF-DF;DEL02-DF;UOP01-DEL02-DF 
649157;"1458734   ";2024-12-17;terça-feira;13:00:00;DF;"20   ";"18,6 ";BRASILIA;Sim;Manobra de mudança de faixa;2;Saída de leito carroçável;Com Vítimas Feridas;Pleno dia;Crescente;Nublado;Dupla;"Reta;Declive;Retorno Regulamentado";Sim  ;"1166959   ";Automóvel;FIAT/UNO SPORTING 1.4;"2011      ";Condutor;Lesões Leves;"39   ";Masculino;"0 ";"1    ";"0    ";"0    ";-15.6169010;-47.7089270;SPRF-DF;DEL02-DF;UOP01-DEL02-DF 
649157;"1458732   ";2024-12-17;terça-feira;13:00:00;DF;"20   ";"18,6 ";BRASILIA;Sim;Manobra de mudança de faixa;2;Saída de leito carroçável;Com Vítimas Feridas;Pleno dia;Crescente;Nublado;Dupla;"Reta;Declive;Retorno Regulamentado";Sim  ;"1166958   ";Automóvel;NISSAN/KICKS ACTIVE CVT;"2023      ";Passageiro;Lesões Leves;"40   ";Feminino;"0 ";"1    ";"0    ";"0    ";-15.6169010;-47.7089270;SPRF-DF;DEL02-DF;UOP01-DEL02-DF 
649157;"1458731   ";2024-12-17;terça-feira;13:00:00;DF;"20   ";"18,6 ";BRASILIA;Sim;Manobra de mudança de faixa;2;Saída de leito carroçável;Com Vítimas Feridas;Pleno dia;Crescente;Nublado;Dupla;"Reta;Declive;Retorno Regulamentado";Sim  ;"1166958   ";Automóvel;NISSAN/KICKS ACTIVE CVT;"2023      ";Passageiro;Lesões Leves;"35   ";Feminino;"0 ";"1    ";"0    ";"0    ";-15.6169010;-47.7089270;SPRF-DF;DEL02-DF;UOP01-DEL02-DF 
649157;"1458730   ";2024-12-17;terça-feira;13:00:00;DF;"20   ";"18,6 ";BRASILIA;Sim;Manobra de mudança de faixa;2;Saída de leito carroçável;Com Vítimas Feridas;Pleno dia;Crescente;Nublado;Dupla;"Reta;Declive;Retorno Regulamentado";Sim  ;"1166958   ";Automóvel;NISSAN/KICKS ACTIVE CVT;"2023      ";Condutor;Ileso;"32   ";Feminino;"1 ";"0    ";"0    ";"0    ";-15.6169010;-47.7089270;SPRF-DF;DEL02-DF;UOP01-DEL02-DF 
649157;"1458734   ";2024-12-17;terça-feira;13:00:00;DF;"20   ";"18,6 ";BRASILIA;Sim;Manobra de mudança de faixa;1;Colisão traseira;Com Vítimas Feridas;Pleno dia;Crescente;Nublado;Dupla;"Reta;Declive;Retorno Regulamentado";Sim  ;"1166959   ";Automóvel;FIAT/UNO SPORTING 1.4;"2011      ";Condutor;Lesões Leves;"39   ";Masculino;"0 ";"1    ";"0    ";"0    ";-15.6169010;-47.7089270;SPRF-DF;DEL02-DF;UOP01-DEL02-DF 
649157;"1458732   ";2024-12-17;terça-feira;13:00:00;DF;"20   ";"18,6 ";BRASILIA;Sim;Manobra de mudança de faixa;1;Colisão traseira;Com Vítimas Feridas;Pleno dia;Crescente;Nublado;Dupla;"Reta;Declive;Retorno Regulamentado";Sim  ;"1166958   ";Automóvel;NISSAN/KICKS ACTIVE CVT;"2023      ";Passageiro;Lesões Leves;"40   ";Feminino;"0 ";"1    ";"0    ";"0    ";-15.6169010;-47.7089270;SPRF-DF;DEL02-DF;UOP01-DEL02-DF 
649157;"1458731   ";2024-12-17;terça-feira;13:00:00;DF;"20   ";"18,6 ";BRASILIA;Sim;Manobra de mudança de faixa;1;Colisão traseira;Com Vítimas Feridas;Pleno dia;Crescente;Nublado;Dupla;"Reta;Declive;Retorno Regulamentado";Sim  ;"1166958   ";Automóvel;NISSAN/KICKS ACTIVE CVT;"2023      ";Passageiro;Lesões Leves;"35   ";Feminino;"0 ";"1    ";"0    ";"0    ";-15.6169010;-47.7089270;SPRF-DF;DEL02-DF;UOP01-DEL02-DF 
649157;"1458730   ";2024-12-17;terça-feira;13:00:00;DF;"20   ";"18,6 ";BRASILIA;Sim;Manobra de mudança de faixa;1;Colisão traseira;Com Vítimas Feridas;Pleno dia;Crescente;Nublado;Dupla;"Reta;Declive;Retorno Regulamentado";Sim  ;"1166958   ";Automóvel;NISSAN/KICKS ACTIVE CVT;"2023      ";Condutor;Ileso;"32   ";Feminino;"1 ";"0    ";"0    ";"0    ";-15.6169010;-47.7089270;SPRF-DF;DEL02-DF;UOP01-DEL02-DF 
649185;"1458772   ";2024-12-17;terça-feira;13:40:00;GO;"40   ";"53   ";LUZIANIA;Não;Acumulo de água sobre o pavimento;3;Capotamento;Sem Vítimas;Pleno dia;Decrescente;Chuva;Dupla;"Reta;Aclive";Não  ;"1166986   ";Utilitário;I/TOYOTA HILUX SW4 4X2SR;"2015      ";Condutor;Não Informado;"0    ";Não Informado;"0 ";"0    ";"0    ";"0    ";-16.4681060;-47.8078670;SPRF-DF;DEL01-DF;UOP02-DEL01-DF 
649185;"1458772   ";2024-12-17;terça-feira;13:40:00;GO;"40   ";"53   ";LUZIANIA;Não;Acumulo de água sobre o pavimento;2;Colisão com objeto;Sem Vítimas;Pleno dia;Decrescente;Chuva;Dupla;"Reta;Aclive";Não  ;"1166986   ";Utilitário;I/TOYOTA HILUX SW4 4X2SR;"2015      ";Condutor;Não Informado;"0    ";Não Informado;"0 ";"0    ";"0    ";"0    ";-16.4681060;-47.8078670;SPRF-DF;DEL01-DF;UOP02-DEL01-DF 
649185;"1458772   ";2024-12-17;terça-feira;13:40:00;GO;"40   ";"53   ";LUZIANIA;Não;Acumulo de água sobre o pavimento;1;Saída de leito carroçável;Sem Vítimas;Pleno dia;Decrescente;Chuva;Dupla;"Reta;Aclive";Não  ;"1166986   ";Utilitário;I/TOYOTA HILUX SW4 4X2SR;"2015      ";Condutor;Não Informado;"0    ";Não Informado;"0 ";"0    ";"0    ";"0    ";-16.4681060;-47.8078670;SPRF-DF;DEL01-DF;UOP02-DEL01-DF 
649185;"1458772   ";2024-12-17;terça-feira;13:40:00;GO;"40   ";"53   ";LUZIANIA;Sim;Avarias e/ou desgaste excessivo no pneu;3;Capotamento;Sem Vítimas;Pleno dia;Decrescente;Chuva;Dupla;"Reta;Aclive";Não  ;"1166986   ";Utilitário;I/TOYOTA HILUX SW4 4X2SR;"2015      ";Condutor;Não Informado;"0    ";Não Informado;"0 ";"0    ";"0    ";"0    ";-16.4681060;-47.8078670;SPRF-DF;DEL01-DF;UOP02-DEL01-DF 
649185;"1458772   ";2024-12-17;terça-feira;13:40:00;GO;"40   ";"53   ";LUZIANIA;Sim;Avarias e/ou desgaste excessivo no pneu;2;Colisão com objeto;Sem Vítimas;Pleno dia;Decrescente;Chuva;Dupla;"Reta;Aclive";Não  ;"1166986   ";Utilitário;I/TOYOTA HILUX SW4 4X2SR;"2015      ";Condutor;Não Informado;"0    ";Não Informado;"0 ";"0    ";"0    ";"0    ";-16.4681060;-47.8078670;SPRF-DF;DEL01-DF;UOP02-DEL01-DF 
649185;"1458772   ";2024-12-17;terça-feira;13:40:00;GO;"40   ";"53   ";LUZIANIA;Sim;Avarias e/ou desgaste excessivo no pneu;1;Saída de leito carroçável;Sem Vítimas;Pleno dia;Decrescente;Chuva;Dupla;"Reta;Aclive";Não  ;"1166986   ";Utilitário;I/TOYOTA HILUX SW4 4X2SR;"2015      ";Condutor;Não Informado;"0    ";Não Informado;"0 ";"0    ";"0    ";"0    ";-16.4681060;-47.8078670;SPRF-DF;DEL01-DF;UOP02-DEL01-DF 
649254;"0         ";2024-12-17;terça-feira;20:20:00;GO;"414  ";"404  ";CORUMBA DE GOIAS;Não;Velocidade Incompatível;1;Colisão lateral sentido oposto;Com Vítimas Feridas;Plena Noite;Crescente;Nevoeiro/Neblina;Simples;Curva;Não  ;"1168831   ";Semireboque;R/RANDON SR BA;"2019      ";"0";"0";"0    ";"0";"0 ";"0    ";"0    ";"0    ";-16.0090039;-48.8416308;SPRF-GO;DEL02-GO;UOP01-DEL02-GO 
649254;"0         ";2024-12-17;terça-feira;20:20:00;GO;"414  ";"404  ";CORUMBA DE GOIAS;Não;Velocidade Incompatível;1;Colisão lateral sentido oposto;Com Vítimas Feridas;Plena Noite;Crescente;Nevoeiro/Neblina;Simples;Curva;Não  ;"1168818   ";Reboque;R/RANDON RE DL;"2019      ";"0";"0";"0    ";"0";"0 ";"0    ";"0    ";"0    ";-16.0090039;-48.8416308;SPRF-GO;DEL02-GO;UOP01-DEL02-GO 
649254;"0         ";2024-12-17;terça-feira;20:20:00;GO;"414  ";"404  ";CORUMBA DE GOIAS;Não;Velocidade Incompatível;1;Colisão lateral sentido oposto;Com Vítimas Feridas;Plena Noite;Crescente;Nevoeiro/Neblina;Simples;Curva;Não  ;"1168815   ";Semireboque;R/RANDON SR BA;"2019      ";"0";"0";"0    ";"0";"0 ";"0    ";"0    ";"0    ";-16.0090039;-48.8416308;SPRF-GO;DEL02-GO;UOP01-DEL02-GO 
649254;"1458947   ";2024-12-17;terça-feira;20:20:00;GO;"414  ";"404  ";CORUMBA DE GOIAS;Não;Velocidade Incompatível;1;Colisão lateral sentido oposto;Com Vítimas Feridas;Plena Noite;Crescente;Nevoeiro/Neblina;Simples;Curva;Não  ;"1167117   ";Caminhão-trator;VOLVO/FH 540 6X4T;"2015      ";Condutor;Ileso;"38   ";Masculino;"1 ";"0    ";"0    ";"0    ";-16.0090039;-48.8416308;SPRF-GO;DEL02-GO;UOP01-DEL02-GO 
649254;"1458946   ";2024-12-17;terça-feira;20:20:00;GO;"414  ";"404  ";CORUMBA DE GOIAS;Não;Velocidade Incompatível;1;Colisão lateral sentido oposto;Com Vítimas Feridas;Plena Noite;Crescente;Nevoeiro/Neblina;Simples;Curva;Não  ;"1167116   ";Automóvel;VW/PARATI 1.8 TOUR;"2002      ";Condutor;Lesões Leves;"58   ";Masculino;"0 ";"1    ";"0    ";"0    ";-16.0090039;-48.8416308;SPRF-GO;DEL02-GO;UOP01-DEL02-GO 
649254;"0         ";2024-12-17;terça-feira;20:20:00;GO;"414  ";"404  ";CORUMBA DE GOIAS;Não;Frear bruscamente;1;Colisão lateral sentido oposto;Com Vítimas Feridas;Plena Noite;Crescente;Nevoeiro/Neblina;Simples;Curva;Não  ;"1168831   ";Semireboque;R/RANDON SR BA;"2019      ";"0";"0";"0    ";"0";"0 ";"0    ";"0    ";"0    ";-16.0090039;-48.8416308;SPRF-GO;DEL02-GO;UOP01-DEL02-GO 
649254;"0         ";2024-12-17;terça-feira;20:20:00;GO;"414  ";"404  ";CORUMBA DE GOIAS;Não;Frear bruscamente;1;Colisão lateral sentido oposto;Com Vítimas Feridas;Plena Noite;Crescente;Nevoeiro/Neblina;Simples;Curva;Não  ;"1168818   ";Reboque;R/RANDON RE DL;"2019      ";"0";"0";"0    ";"0";"0 ";"0    ";"0    ";"0    ";-16.0090039;-48.8416308;SPRF-GO;DEL02-GO;UOP01-DEL02-GO 