id;pesid;data_inversa;dia_semana;horario;uf;br;km;municipio;causa_principal;causa_acidente;ordem_tipo_acidente;tipo_acidente;classificacao_acidente;fase_dia;sentido_via;condicao_metereologica;tipo_pista;tracado_via;uso_solo;id_veiculo;tipo_veiculo;marca;ano_fabricacao_veiculo;tipo_envolvido;estado_fisico;idade;sexo;ilesos;feridos_leves;feridos_graves;mortos;latitude;longitude;regional;delegacia;uop
649254;"0         ";2024-12-17;terça-feira;20:20:00;GO;"414  ";"404  ";CORUMBA DE GOIAS;Não;Frear bruscamente;1;Colisão lateral sentido oposto;Com Vítimas Feridas;Plena Noite;Crescente;Nevoeiro/Neblina;Simples;Curva;Não  ;"1168815   ";Semireboque;R/RANDON SR BA;"2019      ";"0";"0";"0    ";"0";"0 ";"0    ";"0    ";"0    ";-16.0090039;-48.8416308;SPRF-GO;DEL02-GO;UOP01-DEL02-GO 
649254;"1458947   ";2024-12-17;terça-feira;20:20:00;GO;"414  ";"404  ";CORUMBA DE GOIAS;Não;Frear bruscamente;1;Colisão lateral sentido oposto;Com Vítimas Feridas;Plena Noite;Crescente;Nevoeiro/Neblina;Simples;Curva;Não  ;"1167117   ";Caminhão-trator;VOLVO/FH 540 6X4T;"2015      ";Condutor;Ileso;"38   ";Masculino;"1 ";"0    ";"0    ";"0    ";-16.0090039;-48.8416308;SPRF-GO;DEL02-GO;UOP01-DEL02-GO 
649254;"1458946   ";2024-12-17;terça-feira;20:20:00;GO;"414  ";"404  ";CORUMBA DE GOIAS;Não;Frear bruscamente;1;Colisão lateral sentido oposto;Com Vítimas Feridas;Plena Noite;Crescente;Nevoeiro/Neblina;Simples;Curva;Não  ;"1167116   ";Automóvel;VW/PARATI 1.8 TOUR;"2002      ";Condutor;Lesões Leves;"58   ";Masculino;"0 ";"1    ";"0    ";"0    ";-16.0090039;-48.8416308;SPRF-GO;DEL02-GO;UOP01-DEL02-GO 
649254;"0         ";2024-12-17;terça-feira;20:20:00;GO;"414  ";"404  ";CORUMBA DE GOIAS;Sim;Acumulo de água sobre o pavimento;1;Colisão lateral sentido oposto;Com Vítimas Feridas;Plena Noite;Crescente;Nevoeiro/Neblina;Simples;Curva;Não  ;"1168831   ";Semireboque;R/RANDON SR BA;"2019      ";"0";"0";"0    ";"0";"0 ";"0    ";"0    ";"0    ";-16.0090039;-48.8416308;SPRF-GO;DEL02-GO;UOP01-DEL02-GO 
649254;"0         ";2024-12-17;terça-feira;20:20:00;GO;"414  ";"404  ";CORUMBA DE GOIAS;Sim;Acumulo de água sobre o pavimento;1;Colisão lateral sentido oposto;Com Vítimas Feridas;Plena Noite;Crescente;Nevoeiro/Neblina;Simples;Curva;Não  ;"1168818   ";Reboque;R/RANDON RE DL;"2019      ";"0";"0";"0    ";"0";"0 ";"0    ";"0    ";"0    ";-16.0090039;-48.8416308;SPRF-GO;DEL02-GO;UOP01-DEL02-GO 
649254;"0         ";2024-12-17;terça-feira;20:20:00;GO;"414  ";"404  ";CORUMBA DE GOIAS;Sim;Acumulo de água sobre o pavimento;1;Colisão lateral sentido oposto;Com Vítimas Feridas;Plena Noite;Crescente;Nevoeiro/Neblina;Simples;Curva;Não  ;"1168815   ";Semireboque;R/RANDON SR BA;"2019      ";"0";"0";"0    ";"0";"0 ";"0    ";"0    ";"0    ";-16.0090039;-48.8416308;SPRF-GO;DEL02-GO;UOP01-DEL02-GO 
649254;"1458947   ";2024-12-17;terça-feira;20:20:00;GO;"414  ";"404  ";CORUMBA DE GOIAS;Sim;Acumulo de água sobre o pavimento;1;Colisão lateral sentido oposto;Com Vítimas Feridas;Plena Noite;Crescente;Nevoeiro/Neblina;Simples;Curva;Não  ;"1167117   ";Caminhão-trator;VOLVO/FH 540 6X4T;"2015      ";Condutor;Ileso;"38   ";Masculino;"1 ";"0    ";"0    ";"0    ";-16.0090039;-48.8416308;SPRF-GO;DEL02-GO;UOP01-DEL02-GO 
649254;"1458946   ";2024-12-17;terça-feira;20:20:00;GO;"414  ";"404  ";CORUMBA DE GOIAS;Sim;Acumulo de água sobre o pavimento;1;Colisão lateral sentido oposto;Com Vítimas Feridas;Plena Noite;Crescente;Nevoeiro/Neblina;Simples;Curva;Não  ;"1167116   ";Automóvel;VW/PARATI 1.8 TOUR;"2002      ";Condutor;Lesões Leves;"58   ";Masculino;"0 ";"1    ";"0    ";"0    ";-16.0090039;-48.8416308;SPRF-GO;DEL02-GO;UOP01-DEL02-GO 
649405;"1459293   ";2024-12-18;quarta-feira;14:20:00;GO;"414  ";"205  ";NIQUELANDIA;Não;Área urbana sem a presença de local apropriado para a travessia de pedestres;3;Queda de ocupante de veículo;Com Vítimas Feridas;Pleno dia;Crescente;Céu Claro;Simples;Reta;Sim  ;"1167370   ";Motocicleta;HONDA/CBX 250 TWISTER;"2003      ";Condutor;Lesões Graves;"18   ";Masculino;"0 ";"0    ";"1    ";"0    ";-14.4768240;-48.4887435;SPRF-GO;DEL07-GO;UOP02-DEL07-GO 
649405;"1459281   ";2024-12-18;quarta-feira;14:20:00;GO;"414  ";"205  ";NIQUELANDIA;Não;Área urbana sem a presença de local apropriado para a travessia de pedestres;3;Queda de ocupante de veículo;Com Vítimas Feridas;Pleno dia;Crescente;Céu Claro;Simples;Reta;Sim  ;"1167370   ";Motocicleta;HONDA/CBX 250 TWISTER;"2003      ";Passageiro;Lesões Graves;"14   ";Masculino;"0 ";"0    ";"1    ";"0    ";-14.4768240;-48.4887435;SPRF-GO;DEL07-GO;UOP02-DEL07-GO 
649405;"1459280   ";2024-12-18;quarta-feira;14:20:00;GO;"414  ";"205  ";NIQUELANDIA;Não;Área urbana sem a presença de local apropriado para a travessia de pedestres;3;Queda de ocupante de veículo;Com Vítimas Feridas;Pleno dia;Crescente;Céu Claro;Simples;Reta;Sim  ;"0         ";"0";NA/NA;"0         ";Pedestre;Lesões Graves;"60   ";Masculino;"0 ";"0    ";"1    ";"0    ";-14.4768240;-48.4887435;SPRF-GO;DEL07-GO;UOP02-DEL07-GO 
649405;"1459293   ";2024-12-18;quarta-feira;14:20:00;GO;"414  ";"205  ";NIQUELANDIA;Não;Área urbana sem a presença de local apropriado para a travessia de pedestres;2;Colisão com objeto;Com Vítimas Feridas;Pleno dia;Crescente;Céu Claro;Simples;Reta;Sim  ;"1167370   ";Motocicleta;HONDA/CBX 250 TWISTER;"2003      ";Condutor;Lesões Graves;"18   ";Masculino;"0 ";"0    ";"1    ";"0    ";-14.4768240;-48.4887435;SPRF-GO;DEL07-GO;UOP02-DEL07-GO 
649405;"1459281   ";2024-12-18;quarta-feira;14:20:00;GO;"414  ";"205  ";NIQUELANDIA;Não;Área urbana sem a presença de local apropriado para a travessia de pedestres;2;Colisão com objeto;Com Vítimas Feridas;Pleno dia;Crescente;Céu Claro;Simples;Reta;Sim  ;"1167370   ";Motocicleta;HONDA/CBX 250 TWISTER;"2003      ";Passageiro;Lesões Graves;"14   ";Masculino;"0 ";"0    ";"1    ";"0    ";-14.4768240;-48.4887435;SPRF-GO;DEL07-GO;UOP02-DEL07-GO 
649405;"1459280   ";2024-12-18;quarta-feira;14:20:00;GO;"414  ";"205  ";NIQUELANDIA;Não;Área urbana sem a presença de local apropriado para a travessia de pedestres;2;Colisão com objeto;Com Vítimas Feridas;Pleno dia;Crescente;Céu Claro;Simples;Reta;Sim  ;"0         ";"0";NA/NA;"0         ";Pedestre;Lesões Graves;"60   ";Masculino;"0 ";"0    ";"1    ";"0    ";-14.4768240;-48.4887435;SPRF-GO;DEL07-GO;UOP02-DEL07-GO 
649405;"1459293   ";2024-12-18;quarta-feira;14:20:00;GO;"414  ";"205  ";NIQUELANDIA;Não;Área urbana sem a presença de local apropriado para a travessia de pedestres;1;Atropelamento de Pedestre;Com Vítimas Feridas;Pleno dia;Crescente;Céu Claro;Simples;Reta;Sim  ;"1167370   ";Motocicleta;HONDA/CBX 250 TWISTER;"2003      ";Condutor;Lesões Graves;"18   ";Masculino;"0 ";"0    ";"1    ";"0    ";-14.4768240;-48.4887435;SPRF-GO;DEL07-GO;UOP02-DEL07-GO 
649405;"1459281   ";2024-12-18;quarta-feira;14:20:00;GO;"414  ";"205  ";NIQUELANDIA;Não;Área urbana sem a presença de local apropriado para a travessia de pedestres;1;Atropelamento de Pedestre;Com Vítimas Feridas;Pleno dia;Crescente;Céu Claro;Simples;Reta;Sim  ;"1167370   ";Motocicleta;HONDA/CBX 250 TWISTER;"2003      ";Passageiro;Lesões Graves;"14   ";Masculino;"0 ";"0    ";"1    ";"0    ";-14.4768240;-48.4887435;SPRF-GO;DEL07-GO;UOP02-DEL07-GO 
649405;"1459280   ";2024-12-18;quarta-feira;14:20:00;GO;"414  ";"205  ";NIQUELANDIA;Não;Área urbana sem a presença de local apropriado para a travessia de pedestres;1;Atropelamento de Pedestre;Com Vítimas Feridas;Pleno dia;Crescente;Céu Claro;Simples;Reta;Sim  ;"0         ";"0";NA/NA;"0         ";Pedestre;Lesões Graves;"60   ";Masculino;"0 ";"0    ";"1    ";"0    ";-14.4768240;-48.4887435;SPRF-GO;DEL07-GO;UOP02-DEL07-GO 
649405;"1459293   ";2024-12-18;quarta-feira;14:20:00;GO;"414  ";"205  ";NIQUELANDIA;Não;Reação tardia ou ineficiente do condutor;3;Queda de ocupante de veículo;Com Vítimas Feridas;Pleno dia;Crescente;Céu Claro;Simples;Reta;Sim  ;"1167370   ";Motocicleta;HONDA/CBX 250 TWISTER;"2003      ";Condutor;Lesões Graves;"18   ";Masculino;"0 ";"0    ";"1    ";"0    ";-14.4768240;-48.4887435;SPRF-GO;DEL07-GO;UOP02-DEL07-GO 
649405;"1459281   ";2024-12-18;quarta-feira;14:20:00;GO;"414  ";"205  ";NIQUELANDIA;Não;Reação tardia ou ineficiente do condutor;3;Queda de ocupante de veículo;Com Vítimas Feridas;Pleno dia;Crescente;Céu Claro;Simples;Reta;Sim  ;"1167370   ";Motocicleta;HONDA/CBX 250 TWISTER;"2003      ";Passageiro;Lesões Graves;"14   ";Masculino;"0 ";"0    ";"1    ";"0    ";-14.4768240;-48.4887435;SPRF-GO;DEL07-GO;UOP02-DEL07-GO 
649405;"1459280   ";2024-12-18;quarta-feira;14:20:00;GO;"414  ";"205  ";NIQUELANDIA;Não;Reação tardia ou ineficiente do condutor;3;Queda de ocupante de veículo;Com Vítimas Feridas;Pleno dia;Crescente;Céu Claro;Simples;Reta;Sim  ;"0         ";"0";NA/NA;"0         ";Pedestre;Lesões Graves;"60   ";Masculino;"0 ";"0    ";"1    ";"0    ";-14.4768240;-48.4887435;SPRF-GO;DEL07-GO;UOP02-DEL07-GO 
649405;"1459293   ";2024-12-18;quarta-feira;14:20:00;GO;"414  ";"205  ";NIQUELANDIA;Não;Reação tardia ou ineficiente do condutor;2;Colisão com objeto;Com Vítimas Feridas;Pleno dia;Crescente;Céu Claro;Simples;Reta;Sim  ;"1167370   ";Motocicleta;HONDA/CBX 250 TWISTER;"2003      ";Condutor;Lesões Graves;"18   ";Masculino;"0 ";"0    ";"1    ";"0    ";-14.4768240;-48.4887435;SPRF-GO;DEL07-GO;UOP02-DEL07-GO 
649405;"1459281   ";2024-12-18;quarta-feira;14:20:00;GO;"414  ";"205  ";NIQUELANDIA;Não;Reação tardia ou ineficiente do condutor;2;Colisão com objeto;Com Vítimas Feridas;Pleno dia;Crescente;Céu Claro;Simples;Reta;Sim  ;"1167370   ";Motocicleta;HONDA/CBX 250 TWISTER;"2003      ";Passageiro;Lesões Graves;"14   ";Masculino;"0 ";"0    ";"1    ";"0    ";-14.4768240;-48.4887435;SPRF-GO;DEL07-GO;UOP02-DEL07-GO 
649405;"1459280   ";2024-12-18;quarta-feira;14:20:00;GO;"414  ";"205  ";NIQUELANDIA;Não;Reação tardia ou ineficiente do condutor;2;Colisão com objeto;Com Vítimas Feridas;Pleno dia;Crescente;Céu Claro;Simples;Reta;Sim  ;"0         ";"0";NA/NA;"0         ";Pedestre;Lesões Graves;"60   ";Masculino;"0 ";"0    ";"1    ";"0    ";-14.4768240;-48.4887435;SPRF-GO;DEL07-GO;UOP02-DEL07-GO 
649405;"1459293   ";2024-12-18;quarta-feira;14:20:00;GO;"414  ";"205  ";NIQUELANDIA;Não;Reação tardia ou ineficiente do condutor;1;Atropelamento de Pedestre;Com Vítimas Feridas;Pleno dia;Crescente;Céu Claro;Simples;Reta;Sim  ;"1167370   ";Motocicleta;HONDA/CBX 250 TWISTER;"2003      ";Condutor;Lesões Graves;"18   ";Masculino;"0 ";"0    ";"1    ";"0    ";-14.4768240;-48.4887435;SPRF-GO;DEL07-GO;UOP02-DEL07-GO 
649405;"1459281   ";2024-12-18;quarta-feira;14:20:00;GO;"414  ";"205  ";NIQUELANDIA;Não;Reação tardia ou ineficiente do condutor;1;Atropelamento de Pedestre;Com Vítimas Feridas;Pleno dia;Crescente;Céu Claro;Simples;Reta;Sim  ;"1167370   ";Motocicleta;HONDA/CBX 250 TWISTER;"2003      ";Passageiro;Lesões Graves;"14   ";Masculino;"0 ";"0    ";"1    ";"0    ";-14.4768240;-48.4887435;SPRF-GO;DEL07-GO;UOP02-DEL07-GO 
649405;"1459280   ";2024-12-18;quarta-feira;14:20:00;GO;"414  ";"205  ";NIQUELANDIA;Não;Reação tardia ou ineficiente do condutor;1;Atropelamento de Pedestre;Com Vítimas Feridas;Pleno dia;Crescente;Céu Claro;Simples;Reta;Sim  ;"0         ";"0";NA/NA;"0         ";Pedestre;Lesões Graves;"60   ";Masculino;"0 ";"0    ";"1    ";"0    ";-14.4768240;-48.4887435;SPRF-GO;DEL07-GO;UOP02-DEL07-GO 
649405;"1459293   ";2024-12-18;quarta-feira;14:20:00;GO;"414  ";"205  ";NIQUELANDIA;Não;Velocidade Incompatível;3;Queda de ocupante de veículo;Com Vítimas Feridas;Pleno dia;Crescente;Céu Claro;Simples;Reta;Sim  ;"1167370   ";Motocicleta;HONDA/CBX 250 TWISTER;"2003      ";Condutor;Lesões Graves;"18   ";Masculino;"0 ";"0    ";"1    ";"0    ";-14.4768240;-48.4887435;SPRF-GO;DEL07-GO;UOP02-DEL07-GO 
649405;"1459281   ";2024-12-18;quarta-feira;14:20:00;GO;"414  ";"205  ";NIQUELANDIA;Não;Velocidade Incompatível;3;Queda de ocupante de veículo;Com Vítimas Feridas;Pleno dia;Crescente;Céu Claro;Simples;Reta;Sim  ;"1167370   ";Motocicleta;HONDA/CBX 250 TWISTER;"2003      ";Passageiro;Lesões Graves;"14   ";Masculino;"0 ";"0    ";"1    ";"0    ";-14.4768240;-48.4887435;SPRF-GO;DEL07-GO;UOP02-DEL07-GO 
649405;"1459280   ";2024-12-18;quarta-feira;14:20:00;GO;"414  ";"205  ";NIQUELANDIA;Não;Velocidade Incompatível;3;Queda de ocupante de veículo;Com Vítimas Feridas;Pleno dia;Crescente;Céu Claro;Simples;Reta;Sim  ;"0         ";"0";NA/NA;"0         ";Pedestre;Lesões Graves;"60   ";Masculino;"0 ";"0    ";"1    ";"0    ";-14.4768240;-48.4887435;SPRF-GO;DEL07-GO;UOP02-DEL07-GO 
649405;"1459293   ";2024-12-18;quarta-feira;14:20:00;GO;"414  ";"205  ";NIQUELANDIA;Não;Velocidade Incompatível;2;Colisão com objeto;Com Vítimas Feridas;Pleno dia;Crescente;Céu Claro;Simples;Reta;Sim  ;"1167370   ";Motocicleta;HONDA/CBX 250 TWISTER;"2003      ";Condutor;Lesões Graves;"18   ";Masculino;"0 ";"0    ";"1    ";"0    ";-14.4768240;-48.4887435;SPRF-GO;DEL07-GO;UOP02-DEL07-GO 
649405;"1459281   ";2024-12-18;quarta-feira;14:20:00;GO;"414  ";"205  ";NIQUELANDIA;Não;Velocidade Incompatível;2;Colisão com objeto;Com Vítimas Feridas;Pleno dia;Crescente;Céu Claro;Simples;Reta;Sim  ;"1167370   ";Motocicleta;HONDA/CBX 250 TWISTER;"2003      ";Passageiro;Lesões Graves;"14   ";Masculino;"0 ";"0    ";"1    ";"0    ";-14.4768240;-48.4887435;SPRF-GO;DEL07-GO;UOP02-DEL07-GO 
649405;"1459280   ";2024-12-18;quarta-feira;14:20:00;GO;"414  ";"205  ";NIQUELANDIA;Não;Velocidade Incompatível;2;Colisão com objeto;Com Vítimas Feridas;Pleno dia;Crescente;Céu Claro;Simples;Reta;Sim  ;"0         ";"0";NA/NA;"0         ";Pedestre;Lesões Graves;"60   ";Masculino;"0 ";"0    ";"1    ";"0    ";-14.4768240;-48.4887435;SPRF-GO;DEL07-GO;UOP02-DEL07-GO 
649405;"1459293   ";2024-12-18;quarta-feira;14:20:00;GO;"414  ";"205  ";NIQUELANDIA;Não;Velocidade Incompatível;1;Atropelamento de Pedestre;Com Vítimas Feridas;Pleno dia;Crescente;Céu Claro;Simples;Reta;Sim  ;"1167370   ";Motocicleta;HONDA/CBX 250 TWISTER;"2003      ";Condutor;Lesões Graves;"18   ";Masculino;"0 ";"0    ";"1    ";"0    ";-14.4768240;-48.4887435;SPRF-GO;DEL07-GO;UOP02-DEL07-GO 
649405;"1459281   ";2024-12-18;quarta-feira;14:20:00;GO;"414  ";"205  ";NIQUELANDIA;Não;Velocidade Incompatível;1;Atropelamento de Pedestre;Com Vítimas Feridas;Pleno dia;Crescente;Céu Claro;Simples;Reta;Sim  ;"1167370   ";Motocicleta;HONDA/CBX 250 TWISTER;"2003      ";Passageiro;Lesões Graves;"14   ";Masculino;"0 ";"0    ";"1    ";"0    ";-14.4768240;-48.4887435;SPRF-GO;DEL07-GO;UOP02-DEL07-GO 
649405;"1459280   ";2024-12-18;quarta-feira;14:20:00;GO;"414  ";"205  ";NIQUELANDIA;Não;Velocidade Incompatível;1;Atropelamento de Pedestre;Com Vítimas Feridas;Pleno dia;Crescente;Céu Claro;Simples;Reta;Sim  ;"0         ";"0";NA/NA;"0         ";Pedestre;Lesões Graves;"60   ";Masculino;"0 ";"0    ";"1    ";"0    ";-14.4768240;-48.4887435;SPRF-GO;DEL07-GO;UOP02-DEL07-GO 
649405;"1459293   ";2024-12-18;quarta-feira;14:20:00;GO;"414  ";"205  ";NIQUELANDIA;Sim;Acessar a via sem observar a presença dos outros veículos;3;Queda de ocupante de veículo;Com Vítimas Feridas;Pleno dia;Crescente;Céu Claro;Simples;Reta;Sim  ;"1167370   ";Motocicleta;HONDA/CBX 250 TWISTER;"2003      ";Condutor;Lesões Graves;"18   ";Masculino;"0 ";"0    ";"1    ";"0    ";-14.4768240;-48.4887435;SPRF-GO;DEL07-GO;UOP02-DEL07-GO 
649405;"1459281   ";2024-12-18;quarta-feira;14:20:00;GO;"414  ";"205  ";NIQUELANDIA;Sim;Acessar a via sem observar a presença dos outros veículos;3;Queda de ocupante de veículo;Com Vítimas Feridas;Pleno dia;Crescente;Céu Claro;Simples;Reta;Sim  ;"1167370   ";Motocicleta;HONDA/CBX 250 TWISTER;"2003      ";Passageiro;Lesões Graves;"14   ";Masculino;"0 ";"0    ";"1    ";"0    ";-14.4768240;-48.4887435;SPRF-GO;DEL07-GO;UOP02-DEL07-GO 
649405;"1459280   ";2024-12-18;quarta-feira;14:20:00;GO;"414  ";"205  ";NIQUELANDIA;Sim;Acessar a via sem observar a presença dos outros veículos;3;Queda de ocupante de veículo;Com Vítimas Feridas;Pleno dia;Crescente;Céu Claro;Simples;Reta;Sim  ;"0         ";"0";NA/NA;"0         ";Pedestre;Lesões Graves;"60   ";Masculino;"0 ";"0    ";"1    ";"0    ";-14.4768240;-48.4887435;SPRF-GO;DEL07-GO;UOP02-DEL07-GO 
649405;"1459293   ";2024-12-18;quarta-feira;14:20:00;GO;"414  ";"205  ";NIQUELANDIA;Sim;Acessar a via sem observar a presença dos outros veículos;2;Colisão com objeto;Com Vítimas Feridas;Pleno dia;Crescente;Céu Claro;Simples;Reta;Sim  ;"1167370   ";Motocicleta;HONDA/CBX 250 TWISTER;"2003      ";Condutor;Lesões Graves;"18   ";Masculino;"0 ";"0    ";"1    ";"0    ";-14.4768240;-48.4887435;SPRF-GO;DEL07-GO;UOP02-DEL07-GO 
649405;"1459281   ";2024-12-18;quarta-feira;14:20:00;GO;"414  ";"205  ";NIQUELANDIA;Sim;Acessar a via sem observar a presença dos outros veículos;2;Colisão com objeto;Com Vítimas Feridas;Pleno dia;Crescente;Céu Claro;Simples;Reta;Sim  ;"1167370   ";Motocicleta;HONDA/CBX 250 TWISTER;"2003      ";Passageiro;Lesões Graves;"14   ";Masculino;"0 ";"0    ";"1    ";"0    ";-14.4768240;-48.4887435;SPRF-GO;DEL07-GO;UOP02-DEL07-GO 
649405;"1459280   ";2024-12-18;quarta-feira;14:20:00;GO;"414  ";"205  ";NIQUELANDIA;Sim;Acessar a via sem observar a presença dos outros veículos;2;Colisão com objeto;Com Vítimas Feridas;Pleno dia;Crescente;Céu Claro;Simples;Reta;Sim  ;"0         ";"0";NA/NA;"0         ";Pedestre;Lesões Graves;"60   ";Masculino;"0 ";"0    ";"1    ";"0    ";-14.4768240;-48.4887435;SPRF-GO;DEL07-GO;UOP02-DEL07-GO 
649405;"1459293   ";2024-12-18;quarta-feira;14:20:00;GO;"414  ";"205  ";NIQUELANDIA;Sim;Acessar a via sem observar a presença dos outros veículos;1;Atropelamento de Pedestre;Com Vítimas Feridas;Pleno dia;Crescente;Céu Claro;Simples;Reta;Sim  ;"1167370   ";Motocicleta;HONDA/CBX 250 TWISTER;"2003      ";Condutor;Lesões Graves;"18   ";Masculino;"0 ";"0    ";"1    ";"0    ";-14.4768240;-48.4887435;SPRF-GO;DEL07-GO;UOP02-DEL07-GO 
649405;"1459281   ";2024-12-18;quarta-feira;14:20:00;GO;"414  ";"205  ";NIQUELANDIA;Sim;Acessar a via sem observar a presença dos outros veículos;1;Atropelamento de Pedestre;Com Vítimas Feridas;Pleno dia;Crescente;Céu Claro;Simples;Reta;Sim  ;"1167370   ";Motocicleta;HONDA/CBX 250 TWISTER;"2003      ";Passageiro;Lesões Graves;"14   ";Masculino;"0 ";"0    ";"1    ";"0    ";-14.4768240;-48.4887435;SPRF-GO;DEL07-GO;UOP02-DEL07-GO 
649405;"1459280   ";2024-12-18;quarta-feira;14:20:00;GO;"414  ";"205  ";NIQUELANDIA;Sim;Acessar a via sem observar a presença dos outros veículos;1;Atropelamento de Pedestre;Com Vítimas Feridas;Pleno dia;Crescente;Céu Claro;Simples;Reta;Sim  ;"0         ";"0";NA/NA;"0         ";Pedestre;Lesões Graves;"60   ";Masculino;"0 ";"0    ";"1    ";"0    ";-14.4768240;-48.4887435;SPRF-GO;DEL07-GO;UOP02-DEL07-GO 
649421;"1459556   ";2024-12-18;quarta-feira;18:40:00;GO;"40   ";"1    ";VALPARAISO DE GOIAS;Não;Reação tardia ou ineficiente do condutor;3;Queda de ocupante de veículo;Com Vítimas Feridas;Anoitecer;Crescente;Céu Claro;Dupla;Reta;Sim  ;"1167558   ";Bicicleta;Não Informado/Não Informado;"0         ";Condutor;Lesões Leves;"39   ";Masculino;"0 ";"1    ";"0    ";"0    ";-16.0582450;-47.9828250;SPRF-DF;DEL01-DF;UOP01-DEL01-DF 
649421;"1459555   ";2024-12-18;quarta-feira;18:40:00;GO;"40   ";"1    ";VALPARAISO DE GOIAS;Não;Reação tardia ou ineficiente do condutor;3;Queda de ocupante de veículo;Com Vítimas Feridas;Anoitecer;Crescente;Céu Claro;Dupla;Reta;Sim  ;"1167557   ";Motocicleta;YAMAHA/YBR150 FACTOR ED;"2019      ";Condutor;Ileso;"43   ";Masculino;"1 ";"0    ";"0    ";"0    ";-16.0582450;-47.9828250;SPRF-DF;DEL01-DF;UOP01-DEL01-DF 
649421;"1459556   ";2024-12-18;quarta-feira;18:40:00;GO;"40   ";"1    ";VALPARAISO DE GOIAS;Não;Reação tardia ou ineficiente do condutor;2;Tombamento;Com Vítimas Feridas;Anoitecer;Crescente;Céu Claro;Dupla;Reta;Sim  ;"1167558   ";Bicicleta;Não Informado/Não Informado;"0         ";Condutor;Lesões Leves;"39   ";Masculino;"0 ";"1    ";"0    ";"0    ";-16.0582450;-47.9828250;SPRF-DF;DEL01-DF;UOP01-DEL01-DF 
649421;"1459555   ";2024-12-18;quarta-feira;18:40:00;GO;"40   ";"1    ";VALPARAISO DE GOIAS;Não;Reação tardia ou ineficiente do condutor;2;Tombamento;Com Vítimas Feridas;Anoitecer;Crescente;Céu Claro;Dupla;Reta;Sim  ;"1167557   ";Motocicleta;YAMAHA/YBR150 FACTOR ED;"2019      ";Condutor;Ileso;"43   ";Masculino;"1 ";"0    ";"0    ";"0    ";-16.0582450;-47.9828250;SPRF-DF;DEL01-DF;UOP01-DEL01-DF 
649421;"1459556   ";2024-12-18;quarta-feira;18:40:00;GO;"40   ";"1    ";VALPARAISO DE GOIAS;Não;Reação tardia ou ineficiente do condutor;1;Colisão transversal;Com Vítimas Feridas;Anoitecer;Crescente;Céu Claro;Dupla;Reta;Sim  ;"1167558   ";Bicicleta;Não Informado/Não Informado;"0         ";Condutor;Lesões Leves;"39   ";Masculino;"0 ";"1    ";"0    ";"0    ";-16.0582450;-47.9828250;SPRF-DF;DEL01-DF;UOP01-DEL01-DF 
649421;"1459555   ";2024-12-18;quarta-feira;18:40:00;GO;"40   ";"1    ";VALPARAISO DE GOIAS;Não;Reação tardia ou ineficiente do condutor;1;Colisão transversal;Com Vítimas Feridas;Anoitecer;Crescente;Céu Claro;Dupla;Reta;Sim  ;"1167557   ";Motocicleta;YAMAHA/YBR150 FACTOR ED;"2019      ";Condutor;Ileso;"43   ";Masculino;"1 ";"0    ";"0    ";"0    ";-16.0582450;-47.9828250;SPRF-DF;DEL01-DF;UOP01-DEL01-DF 
649421;"1459556   ";2024-12-18;quarta-feira;18:40:00;GO;"40   ";"1    ";VALPARAISO DE GOIAS;Não;Pedestre cruzava a pista fora da faixa;3;Queda de ocupante de veículo;Com Vítimas Feridas;Anoitecer;Crescente;Céu Claro;Dupla;Reta;Sim  ;"1167558   ";Bicicleta;Não Informado/Não Informado;"0         ";Condutor;Lesões Leves;"39   ";Masculino;"0 ";"1    ";"0    ";"0    ";-16.0582450;-47.9828250;SPRF-DF;DEL01-DF;UOP01-DEL01-DF 
649421;"1459555   ";2024-12-18;quarta-feira;18:40:00;GO;"40   ";"1    ";VALPARAISO DE GOIAS;Não;Pedestre cruzava a pista fora da faixa;3;Queda de ocupante de veículo;Com Vítimas Feridas;Anoitecer;Crescente;Céu Claro;Dupla;Reta;Sim  ;"1167557   ";Motocicleta;YAMAHA/YBR150 FACTOR ED;"2019      ";Condutor;Ileso;"43   ";Masculino;"1 ";"0    ";"0    ";"0    ";-16.0582450;-47.9828250;SPRF-DF;DEL01-DF;UOP01-DEL01-DF 
649421;"1459556   ";2024-12-18;quarta-feira;18:40:00;GO;"40   ";"1    ";VALPARAISO DE GOIAS;Não;Pedestre cruzava a pista fora da faixa;2;Tombamento;Com Vítimas Feridas;Anoitecer;Crescente;Céu Claro;Dupla;Reta;Sim  ;"1167558   ";Bicicleta;Não Informado/Não Informado;"0         ";Condutor;Lesões Leves;"39   ";Masculino;"0 ";"1    ";"0    ";"0    ";-16.0582450;-47.9828250;SPRF-DF;DEL01-DF;UOP01-DEL01-DF 