id;pesid;data_inversa;dia_semana;horario;uf;br;km;municipio;causa_principal;causa_acidente;ordem_tipo_acidente;tipo_acidente;classificacao_acidente;fase_dia;sentido_via;condicao_metereologica;tipo_pista;tracado_via;uso_solo;id_veiculo;tipo_veiculo;marca;ano_fabricacao_veiculo;tipo_envolvido;estado_fisico;idade;sexo;ilesos;feridos_leves;feridos_graves;mortos;latitude;longitude;regional;delegacia;uop
649421;"1459555   ";2024-12-18;quarta-feira;18:40:00;GO;"40   ";"1    ";VALPARAISO DE GOIAS;Não;Pedestre cruzava a pista fora da faixa;2;Tombamento;Com Vítimas Feridas;Anoitecer;Crescente;Céu Claro;Dupla;Reta;Sim  ;"1167557   ";Motocicleta;YAMAHA/YBR150 FACTOR ED;"2019      ";Condutor;Ileso;"43   ";Masculino;"1 ";"0    ";"0    ";"0    ";-16.0582450;-47.9828250;SPRF-DF;DEL01-DF;UOP01-DEL01-DF 
649421;"1459556   ";2024-12-18;quarta-feira;18:40:00;GO;"40   ";"1    ";VALPARAISO DE GOIAS;Não;Pedestre cruzava a pista fora da faixa;1;Colisão transversal;Com Vítimas Feridas;Anoitecer;Crescente;Céu Claro;Dupla;Reta;Sim  ;"1167558   ";Bicicleta;Não Informado/Não Informado;"0         ";Condutor;Lesões Leves;"39   ";Masculino;"0 ";"1    ";"0    ";"0    ";-16.0582450;-47.9828250;SPRF-DF;DEL01-DF;UOP01-DEL01-DF 
649421;"1459555   ";2024-12-18;quarta-feira;18:40:00;GO;"40   ";"1    ";VALPARAISO DE GOIAS;Não;Pedestre cruzava a pista fora da faixa;1;Colisão transversal;Com Vítimas Feridas;Anoitecer;Crescente;Céu Claro;Dupla;Reta;Sim  ;"1167557   ";Motocicleta;YAMAHA/YBR150 FACTOR ED;"2019      ";Condutor;Ileso;"43   ";Masculino;"1 ";"0    ";"0    ";"0    ";-16.0582450;-47.9828250;SPRF-DF;DEL01-DF;UOP01-DEL01-DF 
649421;"1459556   ";2024-12-18;quarta-feira;18:40:00;GO;"40   ";"1    ";VALPARAISO DE GOIAS;Sim;Acessar a via sem observar a presença dos outros veículos;3;Queda de ocupante de veículo;Com Vítimas Feridas;Anoitecer;Crescente;Céu Claro;Dupla;Reta;Sim  ;"1167558   ";Bicicleta;Não Informado/Não Informado;"0         ";Condutor;Lesões Leves;"39   ";Masculino;"0 ";"1    ";"0    ";"0    ";-16.0582450;-47.9828250;SPRF-DF;DEL01-DF;UOP01-DEL01-DF 
649421;"1459555   ";2024-12-18;quarta-feira;18:40:00;GO;"40   ";"1    ";VALPARAISO DE GOIAS;Sim;Acessar a via sem observar a presença dos outros veículos;3;Queda de ocupante de veículo;Com Vítimas Feridas;Anoitecer;Crescente;Céu Claro;Dupla;Reta;Sim  ;"1167557   ";Motocicleta;YAMAHA/YBR150 FACTOR ED;"2019      ";Condutor;Ileso;"43   ";Masculino;"1 ";"0    ";"0    ";"0    ";-16.0582450;-47.9828250;SPRF-DF;DEL01-DF;UOP01-DEL01-DF 
649421;"1459556   ";2024-12-18;quarta-feira;18:40:00;GO;"40   ";"1    ";VALPARAISO DE GOIAS;Sim;Acessar a via sem observar a presença dos outros veículos;2;Tombamento;Com Vítimas Feridas;Anoitecer;Crescente;Céu Claro;Dupla;Reta;Sim  ;"1167558   ";Bicicleta;Não Informado/Não Informado;"0         ";Condutor;Lesões Leves;"39   ";Masculino;"0 ";"1    ";"0    ";"0    ";-16.0582450;-47.9828250;SPRF-DF;DEL01-DF;UOP01-DEL01-DF 
649421;"1459555   ";2024-12-18;quarta-feira;18:40:00;GO;"40   ";"1    ";VALPARAISO DE GOIAS;Sim;Acessar a via sem observar a presença dos outros veículos;2;Tombamento;Com Vítimas Feridas;Anoitecer;Crescente;Céu Claro;Dupla;Reta;Sim  ;"1167557   ";Motocicleta;YAMAHA/YBR150 FACTOR ED;"2019      ";Condutor;Ileso;"43   ";Masculino;"1 ";"0    ";"0    ";"0    ";-16.0582450;-47.9828250;SPRF-DF;DEL01-DF;UOP01-DEL01-DF 
649421;"1459556   ";2024-12-18;quarta-feira;18:40:00;GO;"40   ";"1    ";VALPARAISO DE GOIAS;Sim;Acessar a via sem observar a presença dos outros veículos;1;Colisão transversal;Com Vítimas Feridas;Anoitecer;Crescente;Céu Claro;Dupla;Reta;Sim  ;"1167558   ";Bicicleta;Não Informado/Não Informado;"0         ";Condutor;Lesões Leves;"39   ";Masculino;"0 ";"1    ";"0    ";"0    ";-16.0582450;-47.9828250;SPRF-DF;DEL01-DF;UOP01-DEL01-DF 
649421;"1459555   ";2024-12-18;quarta-feira;18:40:00;GO;"40   ";"1    ";VALPARAISO DE GOIAS;Sim;Acessar a via sem observar a presença dos outros veículos;1;Colisão transversal;Com Vítimas Feridas;Anoitecer;Crescente;Céu Claro;Dupla;Reta;Sim  ;"1167557   ";Motocicleta;YAMAHA/YBR150 FACTOR ED;"2019      ";Condutor;Ileso;"43   ";Masculino;"1 ";"0    ";"0    ";"0    ";-16.0582450;-47.9828250;SPRF-DF;DEL01-DF;UOP01-DEL01-DF 
649514;"1461933   ";2024-12-19;quinta-feira;07:22:00;DF;"70   ";"19   ";BRASILIA;Sim;Manobra de mudança de faixa;1;Colisão lateral mesmo sentido;Com Vítimas Feridas;Pleno dia;Decrescente;Céu Claro;Dupla;Reta;Não  ;"1169380   ";Automóvel;FIAT/SIENA ESSENCE 1.6;"2016      ";Condutor;Ileso;"55   ";Masculino;"1 ";"0    ";"0    ";"0    ";-15.7888680;-48.2202420;SPRF-DF;DEL03-DF;UOP02-DEL03-DF 
649514;"1461932   ";2024-12-19;quinta-feira;07:22:00;DF;"70   ";"19   ";BRASILIA;Sim;Manobra de mudança de faixa;1;Colisão lateral mesmo sentido;Com Vítimas Feridas;Pleno dia;Decrescente;Céu Claro;Dupla;Reta;Não  ;"1169379   ";Motocicleta;HONDA/CG 160 FAN;"2023      ";Passageiro;Lesões Leves;"18   ";Feminino;"0 ";"1    ";"0    ";"0    ";-15.7888680;-48.2202420;SPRF-DF;DEL03-DF;UOP02-DEL03-DF 
649514;"1461930   ";2024-12-19;quinta-feira;07:22:00;DF;"70   ";"19   ";BRASILIA;Sim;Manobra de mudança de faixa;1;Colisão lateral mesmo sentido;Com Vítimas Feridas;Pleno dia;Decrescente;Céu Claro;Dupla;Reta;Não  ;"1169379   ";Motocicleta;HONDA/CG 160 FAN;"2023      ";Condutor;Lesões Leves;"25   ";Masculino;"0 ";"1    ";"0    ";"0    ";-15.7888680;-48.2202420;SPRF-DF;DEL03-DF;UOP02-DEL03-DF 
649520;"1460416   ";2024-12-19;quinta-feira;07:30:00;DF;"40   ";"7    ";BRASILIA;Sim;Manobra de mudança de faixa;1;Colisão traseira;Com Vítimas Feridas;Pleno dia;Decrescente;Céu Claro;Dupla;Reta;Sim  ;"1168240   ";Automóvel;FORD/FIESTA HA 1.6L TI A;"2013      ";Condutor;Ileso;"43   ";Masculino;"1 ";"0    ";"0    ";"0    ";-16.0386660;-47.9796910;SPRF-DF;DEL01-DF;UOP01-DEL01-DF 
649520;"1460415   ";2024-12-19;quinta-feira;07:30:00;DF;"40   ";"7    ";BRASILIA;Sim;Manobra de mudança de faixa;1;Colisão traseira;Com Vítimas Feridas;Pleno dia;Decrescente;Céu Claro;Dupla;Reta;Sim  ;"1168239   ";Motocicleta;HONDA/CB300F TWISTER ABS;"2023      ";Condutor;Lesões Leves;"23   ";Masculino;"0 ";"1    ";"0    ";"0    ";-16.0386660;-47.9796910;SPRF-DF;DEL01-DF;UOP01-DEL01-DF 
649520;"1462694   ";2024-12-19;quinta-feira;07:30:00;DF;"40   ";"7    ";BRASILIA;Sim;Manobra de mudança de faixa;1;Colisão traseira;Com Vítimas Feridas;Pleno dia;Decrescente;Céu Claro;Dupla;Reta;Sim  ;"1168248   ";Automóvel;Não Informado/Não Informado;"0         ";Condutor;Não Informado;"0    ";Não Informado;"0 ";"0    ";"0    ";"0    ";-16.0386660;-47.9796910;SPRF-DF;DEL01-DF;UOP01-DEL01-DF 
649526;"1459652   ";2024-12-19;quinta-feira;07:50:00;GO;"40   ";"14   ";LUZIANIA;Sim;Animais na Pista;1;Colisão traseira;Com Vítimas Feridas;Pleno dia;Crescente;Céu Claro;Dupla;Reta;Não  ;"1167642   ";Automóvel;CHEV/ONIX 10TAT PR2;"2024      ";Condutor;Ileso;"36   ";Feminino;"1 ";"0    ";"0    ";"0    ";-16.1587530;-47.9331360;SPRF-DF;DEL01-DF;UOP01-DEL01-DF 
649526;"1459648   ";2024-12-19;quinta-feira;07:50:00;GO;"40   ";"14   ";LUZIANIA;Sim;Animais na Pista;1;Colisão traseira;Com Vítimas Feridas;Pleno dia;Crescente;Céu Claro;Dupla;Reta;Não  ;"1167641   ";Motocicleta;HONDA/POP 110I;"2022      ";Condutor;Lesões Leves;"20   ";Masculino;"0 ";"1    ";"0    ";"0    ";-16.1587530;-47.9331360;SPRF-DF;DEL01-DF;UOP01-DEL01-DF 
649529;"1459630   ";2024-12-19;quinta-feira;07:20:00;DF;"70   ";"6    ";BRASILIA;Sim;Manobra de mudança de faixa;1;Colisão lateral mesmo sentido;Com Vítimas Feridas;Pleno dia;Crescente;Céu Claro;Dupla;Reta;Sim  ;"1167629   ";Camioneta;FORD/ECOSPORT XLS1.6FLEX;"2006      ";Condutor;Ileso;"39   ";Masculino;"1 ";"0    ";"0    ";"0    ";-15.7871948;-48.1161690;SPRF-DF;DEL03-DF;UOP02-DEL03-DF 
649529;"1463466   ";2024-12-19;quinta-feira;07:20:00;DF;"70   ";"6    ";BRASILIA;Sim;Manobra de mudança de faixa;1;Colisão lateral mesmo sentido;Com Vítimas Feridas;Pleno dia;Crescente;Céu Claro;Dupla;Reta;Sim  ;"1170374   ";Motocicleta;HONDA/CG 160 START;"2024      ";Passageiro;Lesões Leves;"27   ";Feminino;"0 ";"1    ";"0    ";"0    ";-15.7871948;-48.1161690;SPRF-DF;DEL03-DF;UOP02-DEL03-DF 
649529;"1463415   ";2024-12-19;quinta-feira;07:20:00;DF;"70   ";"6    ";BRASILIA;Sim;Manobra de mudança de faixa;1;Colisão lateral mesmo sentido;Com Vítimas Feridas;Pleno dia;Crescente;Céu Claro;Dupla;Reta;Sim  ;"1170374   ";Motocicleta;HONDA/CG 160 START;"2024      ";Condutor;Lesões Leves;"34   ";Masculino;"0 ";"1    ";"0    ";"0    ";-15.7871948;-48.1161690;SPRF-DF;DEL03-DF;UOP02-DEL03-DF 
649606;"1460053   ";2024-12-19;quinta-feira;13:57:00;GO;"50   ";"119,4";CRISTALINA;Não;Velocidade Incompatível;2;Capotamento;Com Vítimas Feridas;Pleno dia;Decrescente;Chuva;Dupla;Declive;Não  ;"1167929   ";Automóvel;I/HONDA CR-V TOURING;"2018      ";Passageiro;Lesões Leves;"13   ";Masculino;"0 ";"1    ";"0    ";"0    ";-16.9309000;-47.7117000;SPRF-DF;DEL01-DF;UOP02-DEL01-DF 
649606;"1460009   ";2024-12-19;quinta-feira;13:57:00;GO;"50   ";"119,4";CRISTALINA;Não;Velocidade Incompatível;2;Capotamento;Com Vítimas Feridas;Pleno dia;Decrescente;Chuva;Dupla;Declive;Não  ;"1167929   ";Automóvel;I/HONDA CR-V TOURING;"2018      ";Condutor;Ileso;"40   ";Masculino;"1 ";"0    ";"0    ";"0    ";-16.9309000;-47.7117000;SPRF-DF;DEL01-DF;UOP02-DEL01-DF 
649606;"1460053   ";2024-12-19;quinta-feira;13:57:00;GO;"50   ";"119,4";CRISTALINA;Não;Velocidade Incompatível;1;Colisão com objeto;Com Vítimas Feridas;Pleno dia;Decrescente;Chuva;Dupla;Declive;Não  ;"1167929   ";Automóvel;I/HONDA CR-V TOURING;"2018      ";Passageiro;Lesões Leves;"13   ";Masculino;"0 ";"1    ";"0    ";"0    ";-16.9309000;-47.7117000;SPRF-DF;DEL01-DF;UOP02-DEL01-DF 
649606;"1460009   ";2024-12-19;quinta-feira;13:57:00;GO;"50   ";"119,4";CRISTALINA;Não;Velocidade Incompatível;1;Colisão com objeto;Com Vítimas Feridas;Pleno dia;Decrescente;Chuva;Dupla;Declive;Não  ;"1167929   ";Automóvel;I/HONDA CR-V TOURING;"2018      ";Condutor;Ileso;"40   ";Masculino;"1 ";"0    ";"0    ";"0    ";-16.9309000;-47.7117000;SPRF-DF;DEL01-DF;UOP02-DEL01-DF 
649606;"1460053   ";2024-12-19;quinta-feira;13:57:00;GO;"50   ";"119,4";CRISTALINA;Sim;Acumulo de água sobre o pavimento;2;Capotamento;Com Vítimas Feridas;Pleno dia;Decrescente;Chuva;Dupla;Declive;Não  ;"1167929   ";Automóvel;I/HONDA CR-V TOURING;"2018      ";Passageiro;Lesões Leves;"13   ";Masculino;"0 ";"1    ";"0    ";"0    ";-16.9309000;-47.7117000;SPRF-DF;DEL01-DF;UOP02-DEL01-DF 
649606;"1460009   ";2024-12-19;quinta-feira;13:57:00;GO;"50   ";"119,4";CRISTALINA;Sim;Acumulo de água sobre o pavimento;2;Capotamento;Com Vítimas Feridas;Pleno dia;Decrescente;Chuva;Dupla;Declive;Não  ;"1167929   ";Automóvel;I/HONDA CR-V TOURING;"2018      ";Condutor;Ileso;"40   ";Masculino;"1 ";"0    ";"0    ";"0    ";-16.9309000;-47.7117000;SPRF-DF;DEL01-DF;UOP02-DEL01-DF 
649606;"1460053   ";2024-12-19;quinta-feira;13:57:00;GO;"50   ";"119,4";CRISTALINA;Sim;Acumulo de água sobre o pavimento;1;Colisão com objeto;Com Vítimas Feridas;Pleno dia;Decrescente;Chuva;Dupla;Declive;Não  ;"1167929   ";Automóvel;I/HONDA CR-V TOURING;"2018      ";Passageiro;Lesões Leves;"13   ";Masculino;"0 ";"1    ";"0    ";"0    ";-16.9309000;-47.7117000;SPRF-DF;DEL01-DF;UOP02-DEL01-DF 
649606;"1460009   ";2024-12-19;quinta-feira;13:57:00;GO;"50   ";"119,4";CRISTALINA;Sim;Acumulo de água sobre o pavimento;1;Colisão com objeto;Com Vítimas Feridas;Pleno dia;Decrescente;Chuva;Dupla;Declive;Não  ;"1167929   ";Automóvel;I/HONDA CR-V TOURING;"2018      ";Condutor;Ileso;"40   ";Masculino;"1 ";"0    ";"0    ";"0    ";-16.9309000;-47.7117000;SPRF-DF;DEL01-DF;UOP02-DEL01-DF 
649629;"1459858   ";2024-12-19;quinta-feira;17:40:00;DF;"20   ";"4,5  ";BRASILIA;Não;Ingestão de álcool pelo condutor;1;Colisão traseira;Sem Vítimas;Anoitecer;Crescente;Chuva;Dupla;"Reta;Declive";Não  ;"1167817   ";Automóvel;GM/CORSA WIND;"1998      ";Condutor;Ileso;"47   ";Masculino;"1 ";"0    ";"0    ";"0    ";-15.6754840;-47.8237610;SPRF-DF;DEL02-DF;UOP01-DEL02-DF 
649629;"1463025   ";2024-12-19;quinta-feira;17:40:00;DF;"20   ";"4,5  ";BRASILIA;Não;Ingestão de álcool pelo condutor;1;Colisão traseira;Sem Vítimas;Anoitecer;Crescente;Chuva;Dupla;"Reta;Declive";Não  ;"1167818   ";Camioneta;RENAULT/DUSTER 20 D 4X2;"2015      ";Passageiro;Ileso;"30   ";Feminino;"1 ";"0    ";"0    ";"0    ";-15.6754840;-47.8237610;SPRF-DF;DEL02-DF;UOP01-DEL02-DF 
649629;"1459860   ";2024-12-19;quinta-feira;17:40:00;DF;"20   ";"4,5  ";BRASILIA;Não;Ingestão de álcool pelo condutor;1;Colisão traseira;Sem Vítimas;Anoitecer;Crescente;Chuva;Dupla;"Reta;Declive";Não  ;"1167818   ";Camioneta;RENAULT/DUSTER 20 D 4X2;"2015      ";Condutor;Ileso;"40   ";Masculino;"1 ";"0    ";"0    ";"0    ";-15.6754840;-47.8237610;SPRF-DF;DEL02-DF;UOP01-DEL02-DF 
649629;"1459858   ";2024-12-19;quinta-feira;17:40:00;DF;"20   ";"4,5  ";BRASILIA;Sim;Ausência de reação do condutor;1;Colisão traseira;Sem Vítimas;Anoitecer;Crescente;Chuva;Dupla;"Reta;Declive";Não  ;"1167817   ";Automóvel;GM/CORSA WIND;"1998      ";Condutor;Ileso;"47   ";Masculino;"1 ";"0    ";"0    ";"0    ";-15.6754840;-47.8237610;SPRF-DF;DEL02-DF;UOP01-DEL02-DF 
649629;"1463025   ";2024-12-19;quinta-feira;17:40:00;DF;"20   ";"4,5  ";BRASILIA;Sim;Ausência de reação do condutor;1;Colisão traseira;Sem Vítimas;Anoitecer;Crescente;Chuva;Dupla;"Reta;Declive";Não  ;"1167818   ";Camioneta;RENAULT/DUSTER 20 D 4X2;"2015      ";Passageiro;Ileso;"30   ";Feminino;"1 ";"0    ";"0    ";"0    ";-15.6754840;-47.8237610;SPRF-DF;DEL02-DF;UOP01-DEL02-DF 
649629;"1459860   ";2024-12-19;quinta-feira;17:40:00;DF;"20   ";"4,5  ";BRASILIA;Sim;Ausência de reação do condutor;1;Colisão traseira;Sem Vítimas;Anoitecer;Crescente;Chuva;Dupla;"Reta;Declive";Não  ;"1167818   ";Camioneta;RENAULT/DUSTER 20 D 4X2;"2015      ";Condutor;Ileso;"40   ";Masculino;"1 ";"0    ";"0    ";"0    ";-15.6754840;-47.8237610;SPRF-DF;DEL02-DF;UOP01-DEL02-DF 
649714;"1460094   ";2024-12-19;quinta-feira;19:45:00;GO;"414  ";"299,9";VILA PROPICIO;Não;Entrada inopinada do pedestre;1;Atropelamento de Pedestre;Com Vítimas Feridas;Plena Noite;Crescente;Céu Claro;Simples;Reta;Sim  ;"1167973   ";Caminhonete;I/FORD RANGER XLS CD432A;"2015      ";Condutor;Ileso;"50   ";Masculino;"1 ";"0    ";"0    ";"0    ";-15.2076480;-48.6999970;SPRF-GO;DEL07-GO;UOP02-DEL07-GO 
649714;"1460095   ";2024-12-19;quinta-feira;19:45:00;GO;"414  ";"299,9";VILA PROPICIO;Não;Entrada inopinada do pedestre;1;Atropelamento de Pedestre;Com Vítimas Feridas;Plena Noite;Crescente;Céu Claro;Simples;Reta;Sim  ;"0         ";"0";NA/NA;"0         ";Pedestre;Lesões Leves;"52   ";Masculino;"0 ";"1    ";"0    ";"0    ";-15.2076480;-48.6999970;SPRF-GO;DEL07-GO;UOP02-DEL07-GO 
649714;"1460094   ";2024-12-19;quinta-feira;19:45:00;GO;"414  ";"299,9";VILA PROPICIO;Não;Ausência de reação do condutor;1;Atropelamento de Pedestre;Com Vítimas Feridas;Plena Noite;Crescente;Céu Claro;Simples;Reta;Sim  ;"1167973   ";Caminhonete;I/FORD RANGER XLS CD432A;"2015      ";Condutor;Ileso;"50   ";Masculino;"1 ";"0    ";"0    ";"0    ";-15.2076480;-48.6999970;SPRF-GO;DEL07-GO;UOP02-DEL07-GO 
649714;"1460095   ";2024-12-19;quinta-feira;19:45:00;GO;"414  ";"299,9";VILA PROPICIO;Não;Ausência de reação do condutor;1;Atropelamento de Pedestre;Com Vítimas Feridas;Plena Noite;Crescente;Céu Claro;Simples;Reta;Sim  ;"0         ";"0";NA/NA;"0         ";Pedestre;Lesões Leves;"52   ";Masculino;"0 ";"1    ";"0    ";"0    ";-15.2076480;-48.6999970;SPRF-GO;DEL07-GO;UOP02-DEL07-GO 
649714;"1460094   ";2024-12-19;quinta-feira;19:45:00;GO;"414  ";"299,9";VILA PROPICIO;Não;Área urbana sem a presença de local apropriado para a travessia de pedestres;1;Atropelamento de Pedestre;Com Vítimas Feridas;Plena Noite;Crescente;Céu Claro;Simples;Reta;Sim  ;"1167973   ";Caminhonete;I/FORD RANGER XLS CD432A;"2015      ";Condutor;Ileso;"50   ";Masculino;"1 ";"0    ";"0    ";"0    ";-15.2076480;-48.6999970;SPRF-GO;DEL07-GO;UOP02-DEL07-GO 
649714;"1460095   ";2024-12-19;quinta-feira;19:45:00;GO;"414  ";"299,9";VILA PROPICIO;Não;Área urbana sem a presença de local apropriado para a travessia de pedestres;1;Atropelamento de Pedestre;Com Vítimas Feridas;Plena Noite;Crescente;Céu Claro;Simples;Reta;Sim  ;"0         ";"0";NA/NA;"0         ";Pedestre;Lesões Leves;"52   ";Masculino;"0 ";"1    ";"0    ";"0    ";-15.2076480;-48.6999970;SPRF-GO;DEL07-GO;UOP02-DEL07-GO 
649714;"1460094   ";2024-12-19;quinta-feira;19:45:00;GO;"414  ";"299,9";VILA PROPICIO;Sim;Pedestre - Ingestão de álcool/ substâncias psicoativas;1;Atropelamento de Pedestre;Com Vítimas Feridas;Plena Noite;Crescente;Céu Claro;Simples;Reta;Sim  ;"1167973   ";Caminhonete;I/FORD RANGER XLS CD432A;"2015      ";Condutor;Ileso;"50   ";Masculino;"1 ";"0    ";"0    ";"0    ";-15.2076480;-48.6999970;SPRF-GO;DEL07-GO;UOP02-DEL07-GO 
649714;"1460095   ";2024-12-19;quinta-feira;19:45:00;GO;"414  ";"299,9";VILA PROPICIO;Sim;Pedestre - Ingestão de álcool/ substâncias psicoativas;1;Atropelamento de Pedestre;Com Vítimas Feridas;Plena Noite;Crescente;Céu Claro;Simples;Reta;Sim  ;"0         ";"0";NA/NA;"0         ";Pedestre;Lesões Leves;"52   ";Masculino;"0 ";"1    ";"0    ";"0    ";-15.2076480;-48.6999970;SPRF-GO;DEL07-GO;UOP02-DEL07-GO 
649752;"0         ";2024-12-20;sexta-feira;06:00:00;GO;"20   ";"152  ";ALVORADA DO NORTE;Não;Mal súbito do condutor;3;Tombamento;Com Vítimas Fatais;Amanhecer;Decrescente;Nublado;Simples;Reta;Não  ;"1176205   ";Semireboque;SR/FACCHINI SRF CF;"2021      ";"0";"0";"0    ";"0";"0 ";"0    ";"0    ";"0    ";-14.6799460;-46.6467400;SPRF-DF;DEL02-DF;UOP03-DEL02-DF 
649752;"1472584   ";2024-12-20;sexta-feira;06:00:00;GO;"20   ";"152  ";ALVORADA DO NORTE;Não;Mal súbito do condutor;3;Tombamento;Com Vítimas Fatais;Amanhecer;Decrescente;Nublado;Simples;Reta;Não  ;"1176189   ";Caminhão-trator;M.BENZ/ACTROS 2045S;"2024      ";Passageiro;Lesões Leves;"45   ";Masculino;"0 ";"1    ";"0    ";"0    ";-14.6799460;-46.6467400;SPRF-DF;DEL02-DF;UOP03-DEL02-DF 
649752;"1472583   ";2024-12-20;sexta-feira;06:00:00;GO;"20   ";"152  ";ALVORADA DO NORTE;Não;Mal súbito do condutor;3;Tombamento;Com Vítimas Fatais;Amanhecer;Decrescente;Nublado;Simples;Reta;Não  ;"1176189   ";Caminhão-trator;M.BENZ/ACTROS 2045S;"2024      ";Condutor;Óbito;"51   ";Masculino;"0 ";"0    ";"0    ";"1    ";-14.6799460;-46.6467400;SPRF-DF;DEL02-DF;UOP03-DEL02-DF 
649752;"0         ";2024-12-20;sexta-feira;06:00:00;GO;"20   ";"152  ";ALVORADA DO NORTE;Não;Mal súbito do condutor;2;Colisão com objeto;Com Vítimas Fatais;Amanhecer;Decrescente;Nublado;Simples;Reta;Não  ;"1176205   ";Semireboque;SR/FACCHINI SRF CF;"2021      ";"0";"0";"0    ";"0";"0 ";"0    ";"0    ";"0    ";-14.6799460;-46.6467400;SPRF-DF;DEL02-DF;UOP03-DEL02-DF 
649752;"1472584   ";2024-12-20;sexta-feira;06:00:00;GO;"20   ";"152  ";ALVORADA DO NORTE;Não;Mal súbito do condutor;2;Colisão com objeto;Com Vítimas Fatais;Amanhecer;Decrescente;Nublado;Simples;Reta;Não  ;"1176189   ";Caminhão-trator;M.BENZ/ACTROS 2045S;"2024      ";Passageiro;Lesões Leves;"45   ";Masculino;"0 ";"1    ";"0    ";"0    ";-14.6799460;-46.6467400;SPRF-DF;DEL02-DF;UOP03-DEL02-DF 
649752;"1472583   ";2024-12-20;sexta-feira;06:00:00;GO;"20   ";"152  ";ALVORADA DO NORTE;Não;Mal súbito do condutor;2;Colisão com objeto;Com Vítimas Fatais;Amanhecer;Decrescente;Nublado;Simples;Reta;Não  ;"1176189   ";Caminhão-trator;M.BENZ/ACTROS 2045S;"2024      ";Condutor;Óbito;"51   ";Masculino;"0 ";"0    ";"0    ";"1    ";-14.6799460;-46.6467400;SPRF-DF;DEL02-DF;UOP03-DEL02-DF 
649752;"0         ";2024-12-20;sexta-feira;06:00:00;GO;"20   ";"152  ";ALVORADA DO NORTE;Não;Mal súbito do condutor;1;Saída de leito carroçável;Com Vítimas Fatais;Amanhecer;Decrescente;Nublado;Simples;Reta;Não  ;"1176205   ";Semireboque;SR/FACCHINI SRF CF;"2021      ";"0";"0";"0    ";"0";"0 ";"0    ";"0    ";"0    ";-14.6799460;-46.6467400;SPRF-DF;DEL02-DF;UOP03-DEL02-DF 
649752;"1472584   ";2024-12-20;sexta-feira;06:00:00;GO;"20   ";"152  ";ALVORADA DO NORTE;Não;Mal súbito do condutor;1;Saída de leito carroçável;Com Vítimas Fatais;Amanhecer;Decrescente;Nublado;Simples;Reta;Não  ;"1176189   ";Caminhão-trator;M.BENZ/ACTROS 2045S;"2024      ";Passageiro;Lesões Leves;"45   ";Masculino;"0 ";"1    ";"0    ";"0    ";-14.6799460;-46.6467400;SPRF-DF;DEL02-DF;UOP03-DEL02-DF 
649752;"1472583   ";2024-12-20;sexta-feira;06:00:00;GO;"20   ";"152  ";ALVORADA DO NORTE;Não;Mal súbito do condutor;1;Saída de leito carroçável;Com Vítimas Fatais;Amanhecer;Decrescente;Nublado;Simples;Reta;Não  ;"1176189   ";Caminhão-trator;M.BENZ/ACTROS 2045S;"2024      ";Condutor;Óbito;"51   ";Masculino;"0 ";"0    ";"0    ";"1    ";-14.6799460;-46.6467400;SPRF-DF;DEL02-DF;UOP03-DEL02-DF 
649752;"0         ";2024-12-20;sexta-feira;06:00:00;GO;"20   ";"152  ";ALVORADA DO NORTE;Sim;Condutor Dormindo;3;Tombamento;Com Vítimas Fatais;Amanhecer;Decrescente;Nublado;Simples;Reta;Não  ;"1176205   ";Semireboque;SR/FACCHINI SRF CF;"2021      ";"0";"0";"0    ";"0";"0 ";"0    ";"0    ";"0    ";-14.6799460;-46.6467400;SPRF-DF;DEL02-DF;UOP03-DEL02-DF 
649752;"1472584   ";2024-12-20;sexta-feira;06:00:00;GO;"20   ";"152  ";ALVORADA DO NORTE;Sim;Condutor Dormindo;3;Tombamento;Com Vítimas Fatais;Amanhecer;Decrescente;Nublado;Simples;Reta;Não  ;"1176189   ";Caminhão-trator;M.BENZ/ACTROS 2045S;"2024      ";Passageiro;Lesões Leves;"45   ";Masculino;"0 ";"1    ";"0    ";"0    ";-14.6799460;-46.6467400;SPRF-DF;DEL02-DF;UOP03-DEL02-DF 
649752;"1472583   ";2024-12-20;sexta-feira;06:00:00;GO;"20   ";"152  ";ALVORADA DO NORTE;Sim;Condutor Dormindo;3;Tombamento;Com Vítimas Fatais;Amanhecer;Decrescente;Nublado;Simples;Reta;Não  ;"1176189   ";Caminhão-trator;M.BENZ/ACTROS 2045S;"2024      ";Condutor;Óbito;"51   ";Masculino;"0 ";"0    ";"0    ";"1    ";-14.6799460;-46.6467400;SPRF-DF;DEL02-DF;UOP03-DEL02-DF 
649752;"0         ";2024-12-20;sexta-feira;06:00:00;GO;"20   ";"152  ";ALVORADA DO NORTE;Sim;Condutor Dormindo;2;Colisão com objeto;Com Vítimas Fatais;Amanhecer;Decrescente;Nublado;Simples;Reta;Não  ;"1176205   ";Semireboque;SR/FACCHINI SRF CF;"2021      ";"0";"0";"0    ";"0";"0 ";"0    ";"0    ";"0    ";-14.6799460;-46.6467400;SPRF-DF;DEL02-DF;UOP03-DEL02-DF 