id;pesid;data_inversa;dia_semana;horario;uf;br;km;municipio;causa_principal;causa_acidente;ordem_tipo_acidente;tipo_acidente;classificacao_acidente;fase_dia;sentido_via;condicao_metereologica;tipo_pista;tracado_via;uso_solo;id_veiculo;tipo_veiculo;marca;ano_fabricacao_veiculo;tipo_envolvido;estado_fisico;idade;sexo;ilesos;feridos_leves;feridos_graves;mortos;latitude;longitude;regional;delegacia;uop
649752;"1472584   ";2024-12-20;sexta-feira;06:00:00;GO;"20   ";"152  ";ALVORADA DO NORTE;Sim;Condutor Dormindo;2;Colisão com objeto;Com Vítimas Fatais;Amanhecer;Decrescente;Nublado;Simples;Reta;Não  ;"1176189   ";Caminhão-trator;M.BENZ/ACTROS 2045S;"2024      ";Passageiro;Lesões Leves;"45   ";Masculino;"0 ";"1    ";"0    ";"0    ";-14.6799460;-46.6467400;SPRF-DF;DEL02-DF;UOP03-DEL02-DF 
649752;"1472583   ";2024-12-20;sexta-feira;06:00:00;GO;"20   ";"152  ";ALVORADA DO NORTE;Sim;Condutor Dormindo;2;Colisão com objeto;Com Vítimas Fatais;Amanhecer;Decrescente;Nublado;Simples;Reta;Não  ;"1176189   ";Caminhão-trator;M.BENZ/ACTROS 2045S;"2024      ";Condutor;Óbito;"51   ";Masculino;"0 ";"0    ";"0    ";"1    ";-14.6799460;-46.6467400;SPRF-DF;DEL02-DF;UOP03-DEL02-DF 
649752;"0         ";2024-12-20;sexta-feira;06:00:00;GO;"20   ";"152  ";ALVORADA DO NORTE;Sim;Condutor Dormindo;1;Saída de leito carroçável;Com Vítimas Fatais;Amanhecer;Decrescente;Nublado;Simples;Reta;Não  ;"1176205   ";Semireboque;SR/FACCHINI SRF CF;"2021      ";"0";"0";"0    ";"0";"0 ";"0    ";"0    ";"0    ";-14.6799460;-46.6467400;SPRF-DF;DEL02-DF;UOP03-DEL02-DF 
649752;"1472584   ";2024-12-20;sexta-feira;06:00:00;GO;"20   ";"152  ";ALVORADA DO NORTE;Sim;Condutor Dormindo;1;Saída de leito carroçável;Com Vítimas Fatais;Amanhecer;Decrescente;Nublado;Simples;Reta;Não  ;"1176189   ";Caminhão-trator;M.BENZ/ACTROS 2045S;"2024      ";Passageiro;Lesões Leves;"45   ";Masculino;"0 ";"1    ";"0    ";"0    ";-14.6799460;-46.6467400;SPRF-DF;DEL02-DF;UOP03-DEL02-DF 
649752;"1472583   ";2024-12-20;sexta-feira;06:00:00;GO;"20   ";"152  ";ALVORADA DO NORTE;Sim;Condutor Dormindo;1;Saída de leito carroçável;Com Vítimas Fatais;Amanhecer;Decrescente;Nublado;Simples;Reta;Não  ;"1176189   ";Caminhão-trator;M.BENZ/ACTROS 2045S;"2024      ";Condutor;Óbito;"51   ";Masculino;"0 ";"0    ";"0    ";"1    ";-14.6799460;-46.6467400;SPRF-DF;DEL02-DF;UOP03-DEL02-DF 
649772;"1460363   ";2024-12-20;sexta-feira;08:40:00;GO;"414  ";"391  ";CORUMBA DE GOIAS;Sim;Condutor deixou de manter distância do veículo da frente;2;Colisão com objeto;Com Vítimas Feridas;Pleno dia;Crescente;Céu Claro;Simples;Reta;Não  ;"1168194   ";Automóvel;TOYOTA/ETIOS SD XS;"2013      ";Condutor;Lesões Leves;"57   ";Feminino;"0 ";"1    ";"0    ";"0    ";-15.9070339;-48.8011153;SPRF-GO;DEL02-GO;UOP01-DEL02-GO 
649772;"1460363   ";2024-12-20;sexta-feira;08:40:00;GO;"414  ";"391  ";CORUMBA DE GOIAS;Sim;Condutor deixou de manter distância do veículo da frente;1;Saída de leito carroçável;Com Vítimas Feridas;Pleno dia;Crescente;Céu Claro;Simples;Reta;Não  ;"1168194   ";Automóvel;TOYOTA/ETIOS SD XS;"2013      ";Condutor;Lesões Leves;"57   ";Feminino;"0 ";"1    ";"0    ";"0    ";-15.9070339;-48.8011153;SPRF-GO;DEL02-GO;UOP01-DEL02-GO 
649798;"1460354   ";2024-12-20;sexta-feira;10:40:00;GO;"414  ";"378  ";COCALZINHO DE GOIAS;Sim;Condutor Dormindo;1;Colisão traseira;Com Vítimas Feridas;Pleno dia;Crescente;Céu Claro;Simples;Reta;Não  ;"1168185   ";Caminhão;M.BENZ/L 1318;"1989      ";Condutor;Ileso;"43   ";Masculino;"1 ";"0    ";"0    ";"0    ";-15.8128758;-48.7814574;SPRF-GO;DEL02-GO;UOP01-DEL02-GO 
649798;"1460353   ";2024-12-20;sexta-feira;10:40:00;GO;"414  ";"378  ";COCALZINHO DE GOIAS;Sim;Condutor Dormindo;1;Colisão traseira;Com Vítimas Feridas;Pleno dia;Crescente;Céu Claro;Simples;Reta;Não  ;"1168184   ";Caminhão;VW/DELIVERY 11.180;"2023      ";Passageiro;Lesões Leves;"28   ";Masculino;"0 ";"1    ";"0    ";"0    ";-15.8128758;-48.7814574;SPRF-GO;DEL02-GO;UOP01-DEL02-GO 
649798;"1460351   ";2024-12-20;sexta-feira;10:40:00;GO;"414  ";"378  ";COCALZINHO DE GOIAS;Sim;Condutor Dormindo;1;Colisão traseira;Com Vítimas Feridas;Pleno dia;Crescente;Céu Claro;Simples;Reta;Não  ;"1168184   ";Caminhão;VW/DELIVERY 11.180;"2023      ";Condutor;Ileso;"34   ";Masculino;"1 ";"0    ";"0    ";"0    ";-15.8128758;-48.7814574;SPRF-GO;DEL02-GO;UOP01-DEL02-GO 
649836;"1460667   ";2024-12-20;sexta-feira;13:30:00;GO;"20   ";"178,1";ALVORADA DO NORTE;Sim;Ausência de reação do condutor;1;Colisão frontal;Com Vítimas Feridas;Pleno dia;Decrescente;Céu Claro;Simples;Reta;Não  ;"1168426   ";Automóvel;CHEV/ONIX PLUS 10TAT PR1;"2020      ";Passageiro;Lesões Leves;"31   ";Feminino;"0 ";"1    ";"0    ";"0    ";-14.4916010;-46.5041120;SPRF-DF;DEL02-DF;UOP03-DEL02-DF 
649836;"1460666   ";2024-12-20;sexta-feira;13:30:00;GO;"20   ";"178,1";ALVORADA DO NORTE;Sim;Ausência de reação do condutor;1;Colisão frontal;Com Vítimas Feridas;Pleno dia;Decrescente;Céu Claro;Simples;Reta;Não  ;"1168426   ";Automóvel;CHEV/ONIX PLUS 10TAT PR1;"2020      ";Condutor;Ileso;"31   ";Masculino;"1 ";"0    ";"0    ";"0    ";-14.4916010;-46.5041120;SPRF-DF;DEL02-DF;UOP03-DEL02-DF 
649836;"1460665   ";2024-12-20;sexta-feira;13:30:00;GO;"20   ";"178,1";ALVORADA DO NORTE;Sim;Ausência de reação do condutor;1;Colisão frontal;Com Vítimas Feridas;Pleno dia;Decrescente;Céu Claro;Simples;Reta;Não  ;"1168425   ";Automóvel;HONDA/CIVIC LXL FLEX;"2010      ";Passageiro;Lesões Leves;"21   ";Masculino;"0 ";"1    ";"0    ";"0    ";-14.4916010;-46.5041120;SPRF-DF;DEL02-DF;UOP03-DEL02-DF 
649836;"1460664   ";2024-12-20;sexta-feira;13:30:00;GO;"20   ";"178,1";ALVORADA DO NORTE;Sim;Ausência de reação do condutor;1;Colisão frontal;Com Vítimas Feridas;Pleno dia;Decrescente;Céu Claro;Simples;Reta;Não  ;"1168425   ";Automóvel;HONDA/CIVIC LXL FLEX;"2010      ";Passageiro;Lesões Leves;"60   ";Feminino;"0 ";"1    ";"0    ";"0    ";-14.4916010;-46.5041120;SPRF-DF;DEL02-DF;UOP03-DEL02-DF 
649836;"1460663   ";2024-12-20;sexta-feira;13:30:00;GO;"20   ";"178,1";ALVORADA DO NORTE;Sim;Ausência de reação do condutor;1;Colisão frontal;Com Vítimas Feridas;Pleno dia;Decrescente;Céu Claro;Simples;Reta;Não  ;"1168425   ";Automóvel;HONDA/CIVIC LXL FLEX;"2010      ";Passageiro;Lesões Leves;"49   ";Feminino;"0 ";"1    ";"0    ";"0    ";-14.4916010;-46.5041120;SPRF-DF;DEL02-DF;UOP03-DEL02-DF 
649836;"1460659   ";2024-12-20;sexta-feira;13:30:00;GO;"20   ";"178,1";ALVORADA DO NORTE;Sim;Ausência de reação do condutor;1;Colisão frontal;Com Vítimas Feridas;Pleno dia;Decrescente;Céu Claro;Simples;Reta;Não  ;"1168425   ";Automóvel;HONDA/CIVIC LXL FLEX;"2010      ";Condutor;Ileso;"45   ";Masculino;"1 ";"0    ";"0    ";"0    ";-14.4916010;-46.5041120;SPRF-DF;DEL02-DF;UOP03-DEL02-DF 
649858;"1460553   ";2024-12-20;sexta-feira;16:00:00;DF;"20   ";"18,1 ";BRASILIA;Sim;Velocidade Incompatível;1;Saída de leito carroçável;Sem Vítimas;Pleno dia;Decrescente;Garoa/Chuvisco;Dupla;"Declive;Reta";Sim  ;"1168346   ";Automóvel;FIAT/PALIO WK ADVEN FLEX;"2005      ";Condutor;Ileso;"43   ";Masculino;"1 ";"0    ";"0    ";"0    ";-15.6169010;-47.7089270;SPRF-DF;DEL02-DF;UOP01-DEL02-DF 
649864;"0         ";2024-12-20;sexta-feira;16:00:00;DF;"20   ";"18,8 ";BRASILIA;Sim;Reação tardia ou ineficiente do condutor;3;Tombamento;Sem Vítimas;Pleno dia;Decrescente;Chuva;Dupla;"Declive;Reta;Retorno Regulamentado";Sim  ;"1168378   ";Semireboque;SR/RANDON SR TQ;"2012      ";"0";"0";"0    ";"0";"0 ";"0    ";"0    ";"0    ";-15.6169010;-47.7089270;SPRF-DF;DEL02-DF;UOP01-DEL02-DF 
649864;"1460591   ";2024-12-20;sexta-feira;16:00:00;DF;"20   ";"18,8 ";BRASILIA;Sim;Reação tardia ou ineficiente do condutor;3;Tombamento;Sem Vítimas;Pleno dia;Decrescente;Chuva;Dupla;"Declive;Reta;Retorno Regulamentado";Sim  ;"1168373   ";Caminhão-trator;VOLVO/FH 540 6X4T;"2018      ";Condutor;Ileso;"46   ";Masculino;"1 ";"0    ";"0    ";"0    ";-15.6169010;-47.7089270;SPRF-DF;DEL02-DF;UOP01-DEL02-DF 
649864;"0         ";2024-12-20;sexta-feira;16:00:00;DF;"20   ";"18,8 ";BRASILIA;Sim;Reação tardia ou ineficiente do condutor;3;Tombamento;Sem Vítimas;Pleno dia;Decrescente;Chuva;Dupla;"Declive;Reta;Retorno Regulamentado";Sim  ;"1168375   ";Semireboque;SR/RANDON SR TQ;"2012      ";"0";"0";"0    ";"0";"0 ";"0    ";"0    ";"0    ";-15.6169010;-47.7089270;SPRF-DF;DEL02-DF;UOP01-DEL02-DF 
649864;"0         ";2024-12-20;sexta-feira;16:00:00;DF;"20   ";"18,8 ";BRASILIA;Sim;Reação tardia ou ineficiente do condutor;2;Colisão com objeto;Sem Vítimas;Pleno dia;Decrescente;Chuva;Dupla;"Declive;Reta;Retorno Regulamentado";Sim  ;"1168378   ";Semireboque;SR/RANDON SR TQ;"2012      ";"0";"0";"0    ";"0";"0 ";"0    ";"0    ";"0    ";-15.6169010;-47.7089270;SPRF-DF;DEL02-DF;UOP01-DEL02-DF 
649864;"1460591   ";2024-12-20;sexta-feira;16:00:00;DF;"20   ";"18,8 ";BRASILIA;Sim;Reação tardia ou ineficiente do condutor;2;Colisão com objeto;Sem Vítimas;Pleno dia;Decrescente;Chuva;Dupla;"Declive;Reta;Retorno Regulamentado";Sim  ;"1168373   ";Caminhão-trator;VOLVO/FH 540 6X4T;"2018      ";Condutor;Ileso;"46   ";Masculino;"1 ";"0    ";"0    ";"0    ";-15.6169010;-47.7089270;SPRF-DF;DEL02-DF;UOP01-DEL02-DF 
649864;"0         ";2024-12-20;sexta-feira;16:00:00;DF;"20   ";"18,8 ";BRASILIA;Sim;Reação tardia ou ineficiente do condutor;2;Colisão com objeto;Sem Vítimas;Pleno dia;Decrescente;Chuva;Dupla;"Declive;Reta;Retorno Regulamentado";Sim  ;"1168375   ";Semireboque;SR/RANDON SR TQ;"2012      ";"0";"0";"0    ";"0";"0 ";"0    ";"0    ";"0    ";-15.6169010;-47.7089270;SPRF-DF;DEL02-DF;UOP01-DEL02-DF 
649864;"0         ";2024-12-20;sexta-feira;16:00:00;DF;"20   ";"18,8 ";BRASILIA;Sim;Reação tardia ou ineficiente do condutor;1;Saída de leito carroçável;Sem Vítimas;Pleno dia;Decrescente;Chuva;Dupla;"Declive;Reta;Retorno Regulamentado";Sim  ;"1168378   ";Semireboque;SR/RANDON SR TQ;"2012      ";"0";"0";"0    ";"0";"0 ";"0    ";"0    ";"0    ";-15.6169010;-47.7089270;SPRF-DF;DEL02-DF;UOP01-DEL02-DF 
649864;"1460591   ";2024-12-20;sexta-feira;16:00:00;DF;"20   ";"18,8 ";BRASILIA;Sim;Reação tardia ou ineficiente do condutor;1;Saída de leito carroçável;Sem Vítimas;Pleno dia;Decrescente;Chuva;Dupla;"Declive;Reta;Retorno Regulamentado";Sim  ;"1168373   ";Caminhão-trator;VOLVO/FH 540 6X4T;"2018      ";Condutor;Ileso;"46   ";Masculino;"1 ";"0    ";"0    ";"0    ";-15.6169010;-47.7089270;SPRF-DF;DEL02-DF;UOP01-DEL02-DF 
649864;"0         ";2024-12-20;sexta-feira;16:00:00;DF;"20   ";"18,8 ";BRASILIA;Sim;Reação tardia ou ineficiente do condutor;1;Saída de leito carroçável;Sem Vítimas;Pleno dia;Decrescente;Chuva;Dupla;"Declive;Reta;Retorno Regulamentado";Sim  ;"1168375   ";Semireboque;SR/RANDON SR TQ;"2012      ";"0";"0";"0    ";"0";"0 ";"0    ";"0    ";"0    ";-15.6169010;-47.7089270;SPRF-DF;DEL02-DF;UOP01-DEL02-DF 
649864;"0         ";2024-12-20;sexta-feira;16:00:00;DF;"20   ";"18,8 ";BRASILIA;Não;Chuva;3;Tombamento;Sem Vítimas;Pleno dia;Decrescente;Chuva;Dupla;"Declive;Reta;Retorno Regulamentado";Sim  ;"1168378   ";Semireboque;SR/RANDON SR TQ;"2012      ";"0";"0";"0    ";"0";"0 ";"0    ";"0    ";"0    ";-15.6169010;-47.7089270;SPRF-DF;DEL02-DF;UOP01-DEL02-DF 
649864;"1460591   ";2024-12-20;sexta-feira;16:00:00;DF;"20   ";"18,8 ";BRASILIA;Não;Chuva;3;Tombamento;Sem Vítimas;Pleno dia;Decrescente;Chuva;Dupla;"Declive;Reta;Retorno Regulamentado";Sim  ;"1168373   ";Caminhão-trator;VOLVO/FH 540 6X4T;"2018      ";Condutor;Ileso;"46   ";Masculino;"1 ";"0    ";"0    ";"0    ";-15.6169010;-47.7089270;SPRF-DF;DEL02-DF;UOP01-DEL02-DF 
649864;"0         ";2024-12-20;sexta-feira;16:00:00;DF;"20   ";"18,8 ";BRASILIA;Não;Chuva;3;Tombamento;Sem Vítimas;Pleno dia;Decrescente;Chuva;Dupla;"Declive;Reta;Retorno Regulamentado";Sim  ;"1168375   ";Semireboque;SR/RANDON SR TQ;"2012      ";"0";"0";"0    ";"0";"0 ";"0    ";"0    ";"0    ";-15.6169010;-47.7089270;SPRF-DF;DEL02-DF;UOP01-DEL02-DF 
649864;"0         ";2024-12-20;sexta-feira;16:00:00;DF;"20   ";"18,8 ";BRASILIA;Não;Chuva;2;Colisão com objeto;Sem Vítimas;Pleno dia;Decrescente;Chuva;Dupla;"Declive;Reta;Retorno Regulamentado";Sim  ;"1168378   ";Semireboque;SR/RANDON SR TQ;"2012      ";"0";"0";"0    ";"0";"0 ";"0    ";"0    ";"0    ";-15.6169010;-47.7089270;SPRF-DF;DEL02-DF;UOP01-DEL02-DF 
649864;"1460591   ";2024-12-20;sexta-feira;16:00:00;DF;"20   ";"18,8 ";BRASILIA;Não;Chuva;2;Colisão com objeto;Sem Vítimas;Pleno dia;Decrescente;Chuva;Dupla;"Declive;Reta;Retorno Regulamentado";Sim  ;"1168373   ";Caminhão-trator;VOLVO/FH 540 6X4T;"2018      ";Condutor;Ileso;"46   ";Masculino;"1 ";"0    ";"0    ";"0    ";-15.6169010;-47.7089270;SPRF-DF;DEL02-DF;UOP01-DEL02-DF 
649864;"0         ";2024-12-20;sexta-feira;16:00:00;DF;"20   ";"18,8 ";BRASILIA;Não;Chuva;2;Colisão com objeto;Sem Vítimas;Pleno dia;Decrescente;Chuva;Dupla;"Declive;Reta;Retorno Regulamentado";Sim  ;"1168375   ";Semireboque;SR/RANDON SR TQ;"2012      ";"0";"0";"0    ";"0";"0 ";"0    ";"0    ";"0    ";-15.6169010;-47.7089270;SPRF-DF;DEL02-DF;UOP01-DEL02-DF 
649864;"0         ";2024-12-20;sexta-feira;16:00:00;DF;"20   ";"18,8 ";BRASILIA;Não;Chuva;1;Saída de leito carroçável;Sem Vítimas;Pleno dia;Decrescente;Chuva;Dupla;"Declive;Reta;Retorno Regulamentado";Sim  ;"1168378   ";Semireboque;SR/RANDON SR TQ;"2012      ";"0";"0";"0    ";"0";"0 ";"0    ";"0    ";"0    ";-15.6169010;-47.7089270;SPRF-DF;DEL02-DF;UOP01-DEL02-DF 
649864;"1460591   ";2024-12-20;sexta-feira;16:00:00;DF;"20   ";"18,8 ";BRASILIA;Não;Chuva;1;Saída de leito carroçável;Sem Vítimas;Pleno dia;Decrescente;Chuva;Dupla;"Declive;Reta;Retorno Regulamentado";Sim  ;"1168373   ";Caminhão-trator;VOLVO/FH 540 6X4T;"2018      ";Condutor;Ileso;"46   ";Masculino;"1 ";"0    ";"0    ";"0    ";-15.6169010;-47.7089270;SPRF-DF;DEL02-DF;UOP01-DEL02-DF 
649864;"0         ";2024-12-20;sexta-feira;16:00:00;DF;"20   ";"18,8 ";BRASILIA;Não;Chuva;1;Saída de leito carroçável;Sem Vítimas;Pleno dia;Decrescente;Chuva;Dupla;"Declive;Reta;Retorno Regulamentado";Sim  ;"1168375   ";Semireboque;SR/RANDON SR TQ;"2012      ";"0";"0";"0    ";"0";"0 ";"0    ";"0    ";"0    ";-15.6169010;-47.7089270;SPRF-DF;DEL02-DF;UOP01-DEL02-DF 
649864;"0         ";2024-12-20;sexta-feira;16:00:00;DF;"20   ";"18,8 ";BRASILIA;Não;Acumulo de água sobre o pavimento;3;Tombamento;Sem Vítimas;Pleno dia;Decrescente;Chuva;Dupla;"Declive;Reta;Retorno Regulamentado";Sim  ;"1168378   ";Semireboque;SR/RANDON SR TQ;"2012      ";"0";"0";"0    ";"0";"0 ";"0    ";"0    ";"0    ";-15.6169010;-47.7089270;SPRF-DF;DEL02-DF;UOP01-DEL02-DF 
649864;"1460591   ";2024-12-20;sexta-feira;16:00:00;DF;"20   ";"18,8 ";BRASILIA;Não;Acumulo de água sobre o pavimento;3;Tombamento;Sem Vítimas;Pleno dia;Decrescente;Chuva;Dupla;"Declive;Reta;Retorno Regulamentado";Sim  ;"1168373   ";Caminhão-trator;VOLVO/FH 540 6X4T;"2018      ";Condutor;Ileso;"46   ";Masculino;"1 ";"0    ";"0    ";"0    ";-15.6169010;-47.7089270;SPRF-DF;DEL02-DF;UOP01-DEL02-DF 
649864;"0         ";2024-12-20;sexta-feira;16:00:00;DF;"20   ";"18,8 ";BRASILIA;Não;Acumulo de água sobre o pavimento;3;Tombamento;Sem Vítimas;Pleno dia;Decrescente;Chuva;Dupla;"Declive;Reta;Retorno Regulamentado";Sim  ;"1168375   ";Semireboque;SR/RANDON SR TQ;"2012      ";"0";"0";"0    ";"0";"0 ";"0    ";"0    ";"0    ";-15.6169010;-47.7089270;SPRF-DF;DEL02-DF;UOP01-DEL02-DF 
649864;"0         ";2024-12-20;sexta-feira;16:00:00;DF;"20   ";"18,8 ";BRASILIA;Não;Acumulo de água sobre o pavimento;2;Colisão com objeto;Sem Vítimas;Pleno dia;Decrescente;Chuva;Dupla;"Declive;Reta;Retorno Regulamentado";Sim  ;"1168378   ";Semireboque;SR/RANDON SR TQ;"2012      ";"0";"0";"0    ";"0";"0 ";"0    ";"0    ";"0    ";-15.6169010;-47.7089270;SPRF-DF;DEL02-DF;UOP01-DEL02-DF 
649864;"1460591   ";2024-12-20;sexta-feira;16:00:00;DF;"20   ";"18,8 ";BRASILIA;Não;Acumulo de água sobre o pavimento;2;Colisão com objeto;Sem Vítimas;Pleno dia;Decrescente;Chuva;Dupla;"Declive;Reta;Retorno Regulamentado";Sim  ;"1168373   ";Caminhão-trator;VOLVO/FH 540 6X4T;"2018      ";Condutor;Ileso;"46   ";Masculino;"1 ";"0    ";"0    ";"0    ";-15.6169010;-47.7089270;SPRF-DF;DEL02-DF;UOP01-DEL02-DF 
649864;"0         ";2024-12-20;sexta-feira;16:00:00;DF;"20   ";"18,8 ";BRASILIA;Não;Acumulo de água sobre o pavimento;2;Colisão com objeto;Sem Vítimas;Pleno dia;Decrescente;Chuva;Dupla;"Declive;Reta;Retorno Regulamentado";Sim  ;"1168375   ";Semireboque;SR/RANDON SR TQ;"2012      ";"0";"0";"0    ";"0";"0 ";"0    ";"0    ";"0    ";-15.6169010;-47.7089270;SPRF-DF;DEL02-DF;UOP01-DEL02-DF 
649864;"0         ";2024-12-20;sexta-feira;16:00:00;DF;"20   ";"18,8 ";BRASILIA;Não;Acumulo de água sobre o pavimento;1;Saída de leito carroçável;Sem Vítimas;Pleno dia;Decrescente;Chuva;Dupla;"Declive;Reta;Retorno Regulamentado";Sim  ;"1168378   ";Semireboque;SR/RANDON SR TQ;"2012      ";"0";"0";"0    ";"0";"0 ";"0    ";"0    ";"0    ";-15.6169010;-47.7089270;SPRF-DF;DEL02-DF;UOP01-DEL02-DF 
649864;"1460591   ";2024-12-20;sexta-feira;16:00:00;DF;"20   ";"18,8 ";BRASILIA;Não;Acumulo de água sobre o pavimento;1;Saída de leito carroçável;Sem Vítimas;Pleno dia;Decrescente;Chuva;Dupla;"Declive;Reta;Retorno Regulamentado";Sim  ;"1168373   ";Caminhão-trator;VOLVO/FH 540 6X4T;"2018      ";Condutor;Ileso;"46   ";Masculino;"1 ";"0    ";"0    ";"0    ";-15.6169010;-47.7089270;SPRF-DF;DEL02-DF;UOP01-DEL02-DF 
649864;"0         ";2024-12-20;sexta-feira;16:00:00;DF;"20   ";"18,8 ";BRASILIA;Não;Acumulo de água sobre o pavimento;1;Saída de leito carroçável;Sem Vítimas;Pleno dia;Decrescente;Chuva;Dupla;"Declive;Reta;Retorno Regulamentado";Sim  ;"1168375   ";Semireboque;SR/RANDON SR TQ;"2012      ";"0";"0";"0    ";"0";"0 ";"0    ";"0    ";"0    ";-15.6169010;-47.7089270;SPRF-DF;DEL02-DF;UOP01-DEL02-DF 
649901;"1460677   ";2024-12-20;sexta-feira;17:10:00;DF;"40   ";"6    ";BRASILIA;Não;Reação tardia ou ineficiente do condutor;2;Colisão traseira;Com Vítimas Feridas;Pleno dia;Crescente;Chuva;Dupla;Reta;Sim  ;"1168431   ";Automóvel;FIAT/PALIO FIRE FLEX;"2008      ";Condutor;Ileso;"27   ";Masculino;"1 ";"0    ";"0    ";"0    ";-16.0297410;-47.9788670;SPRF-DF;DEL01-DF;UOP01-DEL01-DF 
649901;"1460679   ";2024-12-20;sexta-feira;17:10:00;DF;"40   ";"6    ";BRASILIA;Não;Reação tardia ou ineficiente do condutor;2;Colisão traseira;Com Vítimas Feridas;Pleno dia;Crescente;Chuva;Dupla;Reta;Sim  ;"1168430   ";Motoneta;YAMAHA/NMAX 160;"2021      ";Condutor;Lesões Leves;"28   ";Masculino;"0 ";"1    ";"0    ";"0    ";-16.0297410;-47.9788670;SPRF-DF;DEL01-DF;UOP01-DEL01-DF 
649901;"1460677   ";2024-12-20;sexta-feira;17:10:00;DF;"40   ";"6    ";BRASILIA;Não;Reação tardia ou ineficiente do condutor;1;Queda de ocupante de veículo;Com Vítimas Feridas;Pleno dia;Crescente;Chuva;Dupla;Reta;Sim  ;"1168431   ";Automóvel;FIAT/PALIO FIRE FLEX;"2008      ";Condutor;Ileso;"27   ";Masculino;"1 ";"0    ";"0    ";"0    ";-16.0297410;-47.9788670;SPRF-DF;DEL01-DF;UOP01-DEL01-DF 
649901;"1460679   ";2024-12-20;sexta-feira;17:10:00;DF;"40   ";"6    ";BRASILIA;Não;Reação tardia ou ineficiente do condutor;1;Queda de ocupante de veículo;Com Vítimas Feridas;Pleno dia;Crescente;Chuva;Dupla;Reta;Sim  ;"1168430   ";Motoneta;YAMAHA/NMAX 160;"2021      ";Condutor;Lesões Leves;"28   ";Masculino;"0 ";"1    ";"0    ";"0    ";-16.0297410;-47.9788670;SPRF-DF;DEL01-DF;UOP01-DEL01-DF 
649901;"1460677   ";2024-12-20;sexta-feira;17:10:00;DF;"40   ";"6    ";BRASILIA;Não;Condutor deixou de manter distância do veículo da frente;2;Colisão traseira;Com Vítimas Feridas;Pleno dia;Crescente;Chuva;Dupla;Reta;Sim  ;"1168431   ";Automóvel;FIAT/PALIO FIRE FLEX;"2008      ";Condutor;Ileso;"27   ";Masculino;"1 ";"0    ";"0    ";"0    ";-16.0297410;-47.9788670;SPRF-DF;DEL01-DF;UOP01-DEL01-DF 
649901;"1460679   ";2024-12-20;sexta-feira;17:10:00;DF;"40   ";"6    ";BRASILIA;Não;Condutor deixou de manter distância do veículo da frente;2;Colisão traseira;Com Vítimas Feridas;Pleno dia;Crescente;Chuva;Dupla;Reta;Sim  ;"1168430   ";Motoneta;YAMAHA/NMAX 160;"2021      ";Condutor;Lesões Leves;"28   ";Masculino;"0 ";"1    ";"0    ";"0    ";-16.0297410;-47.9788670;SPRF-DF;DEL01-DF;UOP01-DEL01-DF 
649901;"1460677   ";2024-12-20;sexta-feira;17:10:00;DF;"40   ";"6    ";BRASILIA;Não;Condutor deixou de manter distância do veículo da frente;1;Queda de ocupante de veículo;Com Vítimas Feridas;Pleno dia;Crescente;Chuva;Dupla;Reta;Sim  ;"1168431   ";Automóvel;FIAT/PALIO FIRE FLEX;"2008      ";Condutor;Ileso;"27   ";Masculino;"1 ";"0    ";"0    ";"0    ";-16.0297410;-47.9788670;SPRF-DF;DEL01-DF;UOP01-DEL01-DF 
649901;"1460679   ";2024-12-20;sexta-feira;17:10:00;DF;"40   ";"6    ";BRASILIA;Não;Condutor deixou de manter distância do veículo da frente;1;Queda de ocupante de veículo;Com Vítimas Feridas;Pleno dia;Crescente;Chuva;Dupla;Reta;Sim  ;"1168430   ";Motoneta;YAMAHA/NMAX 160;"2021      ";Condutor;Lesões Leves;"28   ";Masculino;"0 ";"1    ";"0    ";"0    ";-16.0297410;-47.9788670;SPRF-DF;DEL01-DF;UOP01-DEL01-DF 
649901;"1460677   ";2024-12-20;sexta-feira;17:10:00;DF;"40   ";"6    ";BRASILIA;Não;Pista Escorregadia;2;Colisão traseira;Com Vítimas Feridas;Pleno dia;Crescente;Chuva;Dupla;Reta;Sim  ;"1168431   ";Automóvel;FIAT/PALIO FIRE FLEX;"2008      ";Condutor;Ileso;"27   ";Masculino;"1 ";"0    ";"0    ";"0    ";-16.0297410;-47.9788670;SPRF-DF;DEL01-DF;UOP01-DEL01-DF 
649901;"1460679   ";2024-12-20;sexta-feira;17:10:00;DF;"40   ";"6    ";BRASILIA;Não;Pista Escorregadia;2;Colisão traseira;Com Vítimas Feridas;Pleno dia;Crescente;Chuva;Dupla;Reta;Sim  ;"1168430   ";Motoneta;YAMAHA/NMAX 160;"2021      ";Condutor;Lesões Leves;"28   ";Masculino;"0 ";"1    ";"0    ";"0    ";-16.0297410;-47.9788670;SPRF-DF;DEL01-DF;UOP01-DEL01-DF 
649901;"1460677   ";2024-12-20;sexta-feira;17:10:00;DF;"40   ";"6    ";BRASILIA;Não;Pista Escorregadia;1;Queda de ocupante de veículo;Com Vítimas Feridas;Pleno dia;Crescente;Chuva;Dupla;Reta;Sim  ;"1168431   ";Automóvel;FIAT/PALIO FIRE FLEX;"2008      ";Condutor;Ileso;"27   ";Masculino;"1 ";"0    ";"0    ";"0    ";-16.0297410;-47.9788670;SPRF-DF;DEL01-DF;UOP01-DEL01-DF 
649901;"1460679   ";2024-12-20;sexta-feira;17:10:00;DF;"40   ";"6    ";BRASILIA;Não;Pista Escorregadia;1;Queda de ocupante de veículo;Com Vítimas Feridas;Pleno dia;Crescente;Chuva;Dupla;Reta;Sim  ;"1168430   ";Motoneta;YAMAHA/NMAX 160;"2021      ";Condutor;Lesões Leves;"28   ";Masculino;"0 ";"1    ";"0    ";"0    ";-16.0297410;-47.9788670;SPRF-DF;DEL01-DF;UOP01-DEL01-DF 