id;pesid;data_inversa;dia_semana;horario;uf;br;km;municipio;causa_principal;causa_acidente;ordem_tipo_acidente;tipo_acidente;classificacao_acidente;fase_dia;sentido_via;condicao_metereologica;tipo_pista;tracado_via;uso_solo;id_veiculo;tipo_veiculo;marca;ano_fabricacao_veiculo;tipo_envolvido;estado_fisico;idade;sexo;ilesos;feridos_leves;feridos_graves;mortos;latitude;longitude;regional;delegacia;uop
650211;"1461598   ";2024-12-21;sábado;12:40:00;GO;"20   ";"152,9";ALVORADA DO NORTE;Não;Condutor deixou de manter distância do veículo da frente;2;Saída de leito carroçável;Com Vítimas Feridas;Pleno dia;Decrescente;Nublado;Simples;Reta;Não  ;"1169123   ";Automóvel;FORD/FIESTA SEDAN1.6FLEX;"2013      ";Passageiro;Ileso;"3    ";Masculino;"1 ";"0    ";"0    ";"0    ";-14.6799460;-46.6467400;SPRF-DF;DEL02-DF;UOP03-DEL02-DF 
650211;"1461599   ";2024-12-21;sábado;12:40:00;GO;"20   ";"152,9";ALVORADA DO NORTE;Não;Condutor deixou de manter distância do veículo da frente;2;Saída de leito carroçável;Com Vítimas Feridas;Pleno dia;Decrescente;Nublado;Simples;Reta;Não  ;"1169123   ";Automóvel;FORD/FIESTA SEDAN1.6FLEX;"2013      ";Passageiro;Lesões Leves;"15   ";Feminino;"0 ";"1    ";"0    ";"0    ";-14.6799460;-46.6467400;SPRF-DF;DEL02-DF;UOP03-DEL02-DF 
650211;"1461597   ";2024-12-21;sábado;12:40:00;GO;"20   ";"152,9";ALVORADA DO NORTE;Não;Condutor deixou de manter distância do veículo da frente;2;Saída de leito carroçável;Com Vítimas Feridas;Pleno dia;Decrescente;Nublado;Simples;Reta;Não  ;"1169123   ";Automóvel;FORD/FIESTA SEDAN1.6FLEX;"2013      ";Passageiro;Lesões Graves;"34   ";Feminino;"0 ";"0    ";"1    ";"0    ";-14.6799460;-46.6467400;SPRF-DF;DEL02-DF;UOP03-DEL02-DF 
650211;"1461587   ";2024-12-21;sábado;12:40:00;GO;"20   ";"152,9";ALVORADA DO NORTE;Não;Condutor deixou de manter distância do veículo da frente;2;Saída de leito carroçável;Com Vítimas Feridas;Pleno dia;Decrescente;Nublado;Simples;Reta;Não  ;"1169123   ";Automóvel;FORD/FIESTA SEDAN1.6FLEX;"2013      ";Condutor;Lesões Leves;"48   ";Masculino;"0 ";"1    ";"0    ";"0    ";-14.6799460;-46.6467400;SPRF-DF;DEL02-DF;UOP03-DEL02-DF 
650211;"1461594   ";2024-12-21;sábado;12:40:00;GO;"20   ";"152,9";ALVORADA DO NORTE;Não;Condutor deixou de manter distância do veículo da frente;2;Saída de leito carroçável;Com Vítimas Feridas;Pleno dia;Decrescente;Nublado;Simples;Reta;Não  ;"1169124   ";Caminhonete;FIAT/STRADA FREEDOM 13CS;"2020      ";Passageiro;Lesões Leves;"37   ";Feminino;"0 ";"1    ";"0    ";"0    ";-14.6799460;-46.6467400;SPRF-DF;DEL02-DF;UOP03-DEL02-DF 
650211;"1461593   ";2024-12-21;sábado;12:40:00;GO;"20   ";"152,9";ALVORADA DO NORTE;Não;Condutor deixou de manter distância do veículo da frente;2;Saída de leito carroçável;Com Vítimas Feridas;Pleno dia;Decrescente;Nublado;Simples;Reta;Não  ;"1169124   ";Caminhonete;FIAT/STRADA FREEDOM 13CS;"2020      ";Condutor;Ileso;"43   ";Masculino;"1 ";"0    ";"0    ";"0    ";-14.6799460;-46.6467400;SPRF-DF;DEL02-DF;UOP03-DEL02-DF 
650211;"1461601   ";2024-12-21;sábado;12:40:00;GO;"20   ";"152,9";ALVORADA DO NORTE;Não;Condutor deixou de manter distância do veículo da frente;1;Colisão frontal;Com Vítimas Feridas;Pleno dia;Decrescente;Nublado;Simples;Reta;Não  ;"1169123   ";Automóvel;FORD/FIESTA SEDAN1.6FLEX;"2013      ";Passageiro;Lesões Leves;"17   ";Feminino;"0 ";"1    ";"0    ";"0    ";-14.6799460;-46.6467400;SPRF-DF;DEL02-DF;UOP03-DEL02-DF 
650211;"1461598   ";2024-12-21;sábado;12:40:00;GO;"20   ";"152,9";ALVORADA DO NORTE;Não;Condutor deixou de manter distância do veículo da frente;1;Colisão frontal;Com Vítimas Feridas;Pleno dia;Decrescente;Nublado;Simples;Reta;Não  ;"1169123   ";Automóvel;FORD/FIESTA SEDAN1.6FLEX;"2013      ";Passageiro;Ileso;"3    ";Masculino;"1 ";"0    ";"0    ";"0    ";-14.6799460;-46.6467400;SPRF-DF;DEL02-DF;UOP03-DEL02-DF 
650211;"1461599   ";2024-12-21;sábado;12:40:00;GO;"20   ";"152,9";ALVORADA DO NORTE;Não;Condutor deixou de manter distância do veículo da frente;1;Colisão frontal;Com Vítimas Feridas;Pleno dia;Decrescente;Nublado;Simples;Reta;Não  ;"1169123   ";Automóvel;FORD/FIESTA SEDAN1.6FLEX;"2013      ";Passageiro;Lesões Leves;"15   ";Feminino;"0 ";"1    ";"0    ";"0    ";-14.6799460;-46.6467400;SPRF-DF;DEL02-DF;UOP03-DEL02-DF 
650211;"1461597   ";2024-12-21;sábado;12:40:00;GO;"20   ";"152,9";ALVORADA DO NORTE;Não;Condutor deixou de manter distância do veículo da frente;1;Colisão frontal;Com Vítimas Feridas;Pleno dia;Decrescente;Nublado;Simples;Reta;Não  ;"1169123   ";Automóvel;FORD/FIESTA SEDAN1.6FLEX;"2013      ";Passageiro;Lesões Graves;"34   ";Feminino;"0 ";"0    ";"1    ";"0    ";-14.6799460;-46.6467400;SPRF-DF;DEL02-DF;UOP03-DEL02-DF 
650211;"1461587   ";2024-12-21;sábado;12:40:00;GO;"20   ";"152,9";ALVORADA DO NORTE;Não;Condutor deixou de manter distância do veículo da frente;1;Colisão frontal;Com Vítimas Feridas;Pleno dia;Decrescente;Nublado;Simples;Reta;Não  ;"1169123   ";Automóvel;FORD/FIESTA SEDAN1.6FLEX;"2013      ";Condutor;Lesões Leves;"48   ";Masculino;"0 ";"1    ";"0    ";"0    ";-14.6799460;-46.6467400;SPRF-DF;DEL02-DF;UOP03-DEL02-DF 
650211;"1461594   ";2024-12-21;sábado;12:40:00;GO;"20   ";"152,9";ALVORADA DO NORTE;Não;Condutor deixou de manter distância do veículo da frente;1;Colisão frontal;Com Vítimas Feridas;Pleno dia;Decrescente;Nublado;Simples;Reta;Não  ;"1169124   ";Caminhonete;FIAT/STRADA FREEDOM 13CS;"2020      ";Passageiro;Lesões Leves;"37   ";Feminino;"0 ";"1    ";"0    ";"0    ";-14.6799460;-46.6467400;SPRF-DF;DEL02-DF;UOP03-DEL02-DF 
650211;"1461593   ";2024-12-21;sábado;12:40:00;GO;"20   ";"152,9";ALVORADA DO NORTE;Não;Condutor deixou de manter distância do veículo da frente;1;Colisão frontal;Com Vítimas Feridas;Pleno dia;Decrescente;Nublado;Simples;Reta;Não  ;"1169124   ";Caminhonete;FIAT/STRADA FREEDOM 13CS;"2020      ";Condutor;Ileso;"43   ";Masculino;"1 ";"0    ";"0    ";"0    ";-14.6799460;-46.6467400;SPRF-DF;DEL02-DF;UOP03-DEL02-DF 
650211;"1461601   ";2024-12-21;sábado;12:40:00;GO;"20   ";"152,9";ALVORADA DO NORTE;Sim;Transitar na contramão;2;Saída de leito carroçável;Com Vítimas Feridas;Pleno dia;Decrescente;Nublado;Simples;Reta;Não  ;"1169123   ";Automóvel;FORD/FIESTA SEDAN1.6FLEX;"2013      ";Passageiro;Lesões Leves;"17   ";Feminino;"0 ";"1    ";"0    ";"0    ";-14.6799460;-46.6467400;SPRF-DF;DEL02-DF;UOP03-DEL02-DF 
650211;"1461598   ";2024-12-21;sábado;12:40:00;GO;"20   ";"152,9";ALVORADA DO NORTE;Sim;Transitar na contramão;2;Saída de leito carroçável;Com Vítimas Feridas;Pleno dia;Decrescente;Nublado;Simples;Reta;Não  ;"1169123   ";Automóvel;FORD/FIESTA SEDAN1.6FLEX;"2013      ";Passageiro;Ileso;"3    ";Masculino;"1 ";"0    ";"0    ";"0    ";-14.6799460;-46.6467400;SPRF-DF;DEL02-DF;UOP03-DEL02-DF 
650211;"1461599   ";2024-12-21;sábado;12:40:00;GO;"20   ";"152,9";ALVORADA DO NORTE;Sim;Transitar na contramão;2;Saída de leito carroçável;Com Vítimas Feridas;Pleno dia;Decrescente;Nublado;Simples;Reta;Não  ;"1169123   ";Automóvel;FORD/FIESTA SEDAN1.6FLEX;"2013      ";Passageiro;Lesões Leves;"15   ";Feminino;"0 ";"1    ";"0    ";"0    ";-14.6799460;-46.6467400;SPRF-DF;DEL02-DF;UOP03-DEL02-DF 
650211;"1461597   ";2024-12-21;sábado;12:40:00;GO;"20   ";"152,9";ALVORADA DO NORTE;Sim;Transitar na contramão;2;Saída de leito carroçável;Com Vítimas Feridas;Pleno dia;Decrescente;Nublado;Simples;Reta;Não  ;"1169123   ";Automóvel;FORD/FIESTA SEDAN1.6FLEX;"2013      ";Passageiro;Lesões Graves;"34   ";Feminino;"0 ";"0    ";"1    ";"0    ";-14.6799460;-46.6467400;SPRF-DF;DEL02-DF;UOP03-DEL02-DF 
650211;"1461587   ";2024-12-21;sábado;12:40:00;GO;"20   ";"152,9";ALVORADA DO NORTE;Sim;Transitar na contramão;2;Saída de leito carroçável;Com Vítimas Feridas;Pleno dia;Decrescente;Nublado;Simples;Reta;Não  ;"1169123   ";Automóvel;FORD/FIESTA SEDAN1.6FLEX;"2013      ";Condutor;Lesões Leves;"48   ";Masculino;"0 ";"1    ";"0    ";"0    ";-14.6799460;-46.6467400;SPRF-DF;DEL02-DF;UOP03-DEL02-DF 
650211;"1461594   ";2024-12-21;sábado;12:40:00;GO;"20   ";"152,9";ALVORADA DO NORTE;Sim;Transitar na contramão;2;Saída de leito carroçável;Com Vítimas Feridas;Pleno dia;Decrescente;Nublado;Simples;Reta;Não  ;"1169124   ";Caminhonete;FIAT/STRADA FREEDOM 13CS;"2020      ";Passageiro;Lesões Leves;"37   ";Feminino;"0 ";"1    ";"0    ";"0    ";-14.6799460;-46.6467400;SPRF-DF;DEL02-DF;UOP03-DEL02-DF 
650211;"1461593   ";2024-12-21;sábado;12:40:00;GO;"20   ";"152,9";ALVORADA DO NORTE;Sim;Transitar na contramão;2;Saída de leito carroçável;Com Vítimas Feridas;Pleno dia;Decrescente;Nublado;Simples;Reta;Não  ;"1169124   ";Caminhonete;FIAT/STRADA FREEDOM 13CS;"2020      ";Condutor;Ileso;"43   ";Masculino;"1 ";"0    ";"0    ";"0    ";-14.6799460;-46.6467400;SPRF-DF;DEL02-DF;UOP03-DEL02-DF 
650211;"1461601   ";2024-12-21;sábado;12:40:00;GO;"20   ";"152,9";ALVORADA DO NORTE;Sim;Transitar na contramão;1;Colisão frontal;Com Vítimas Feridas;Pleno dia;Decrescente;Nublado;Simples;Reta;Não  ;"1169123   ";Automóvel;FORD/FIESTA SEDAN1.6FLEX;"2013      ";Passageiro;Lesões Leves;"17   ";Feminino;"0 ";"1    ";"0    ";"0    ";-14.6799460;-46.6467400;SPRF-DF;DEL02-DF;UOP03-DEL02-DF 
650211;"1461598   ";2024-12-21;sábado;12:40:00;GO;"20   ";"152,9";ALVORADA DO NORTE;Sim;Transitar na contramão;1;Colisão frontal;Com Vítimas Feridas;Pleno dia;Decrescente;Nublado;Simples;Reta;Não  ;"1169123   ";Automóvel;FORD/FIESTA SEDAN1.6FLEX;"2013      ";Passageiro;Ileso;"3    ";Masculino;"1 ";"0    ";"0    ";"0    ";-14.6799460;-46.6467400;SPRF-DF;DEL02-DF;UOP03-DEL02-DF 
650211;"1461599   ";2024-12-21;sábado;12:40:00;GO;"20   ";"152,9";ALVORADA DO NORTE;Sim;Transitar na contramão;1;Colisão frontal;Com Vítimas Feridas;Pleno dia;Decrescente;Nublado;Simples;Reta;Não  ;"1169123   ";Automóvel;FORD/FIESTA SEDAN1.6FLEX;"2013      ";Passageiro;Lesões Leves;"15   ";Feminino;"0 ";"1    ";"0    ";"0    ";-14.6799460;-46.6467400;SPRF-DF;DEL02-DF;UOP03-DEL02-DF 
650211;"1461597   ";2024-12-21;sábado;12:40:00;GO;"20   ";"152,9";ALVORADA DO NORTE;Sim;Transitar na contramão;1;Colisão frontal;Com Vítimas Feridas;Pleno dia;Decrescente;Nublado;Simples;Reta;Não  ;"1169123   ";Automóvel;FORD/FIESTA SEDAN1.6FLEX;"2013      ";Passageiro;Lesões Graves;"34   ";Feminino;"0 ";"0    ";"1    ";"0    ";-14.6799460;-46.6467400;SPRF-DF;DEL02-DF;UOP03-DEL02-DF 
650211;"1461587   ";2024-12-21;sábado;12:40:00;GO;"20   ";"152,9";ALVORADA DO NORTE;Sim;Transitar na contramão;1;Colisão frontal;Com Vítimas Feridas;Pleno dia;Decrescente;Nublado;Simples;Reta;Não  ;"1169123   ";Automóvel;FORD/FIESTA SEDAN1.6FLEX;"2013      ";Condutor;Lesões Leves;"48   ";Masculino;"0 ";"1    ";"0    ";"0    ";-14.6799460;-46.6467400;SPRF-DF;DEL02-DF;UOP03-DEL02-DF 
650211;"1461594   ";2024-12-21;sábado;12:40:00;GO;"20   ";"152,9";ALVORADA DO NORTE;Sim;Transitar na contramão;1;Colisão frontal;Com Vítimas Feridas;Pleno dia;Decrescente;Nublado;Simples;Reta;Não  ;"1169124   ";Caminhonete;FIAT/STRADA FREEDOM 13CS;"2020      ";Passageiro;Lesões Leves;"37   ";Feminino;"0 ";"1    ";"0    ";"0    ";-14.6799460;-46.6467400;SPRF-DF;DEL02-DF;UOP03-DEL02-DF 
650211;"1461593   ";2024-12-21;sábado;12:40:00;GO;"20   ";"152,9";ALVORADA DO NORTE;Sim;Transitar na contramão;1;Colisão frontal;Com Vítimas Feridas;Pleno dia;Decrescente;Nublado;Simples;Reta;Não  ;"1169124   ";Caminhonete;FIAT/STRADA FREEDOM 13CS;"2020      ";Condutor;Ileso;"43   ";Masculino;"1 ";"0    ";"0    ";"0    ";-14.6799460;-46.6467400;SPRF-DF;DEL02-DF;UOP03-DEL02-DF 
650226;"1461350   ";2024-12-21;sábado;13:20:00;GO;"20   ";"0    ";FORMOSA;Não;Chuva;1;Saída de leito carroçável;Com Vítimas Feridas;Pleno dia;Crescente;Chuva;Simples;Declive;Não  ;"1168939   ";Caminhão-trator;M.BENZ/AXOR 2544 S;"2013      ";Condutor;Lesões Leves;"42   ";Masculino;"0 ";"1    ";"0    ";"0    ";-15.5817440;-47.3432410;SPRF-DF;DEL02-DF;UOP02-DEL02-DF 
650226;"0         ";2024-12-21;sábado;13:20:00;GO;"20   ";"0    ";FORMOSA;Não;Chuva;1;Saída de leito carroçável;Com Vítimas Feridas;Pleno dia;Crescente;Chuva;Simples;Declive;Não  ;"1168943   ";Semireboque;SR/NIJU NJSRFR 3E;"2004      ";"0";"0";"0    ";"0";"0 ";"0    ";"0    ";"0    ";-15.5817440;-47.3432410;SPRF-DF;DEL02-DF;UOP02-DEL02-DF 
650226;"1461350   ";2024-12-21;sábado;13:20:00;GO;"20   ";"0    ";FORMOSA;Sim;Reação tardia ou ineficiente do condutor;1;Saída de leito carroçável;Com Vítimas Feridas;Pleno dia;Crescente;Chuva;Simples;Declive;Não  ;"1168939   ";Caminhão-trator;M.BENZ/AXOR 2544 S;"2013      ";Condutor;Lesões Leves;"42   ";Masculino;"0 ";"1    ";"0    ";"0    ";-15.5817440;-47.3432410;SPRF-DF;DEL02-DF;UOP02-DEL02-DF 
650226;"0         ";2024-12-21;sábado;13:20:00;GO;"20   ";"0    ";FORMOSA;Sim;Reação tardia ou ineficiente do condutor;1;Saída de leito carroçável;Com Vítimas Feridas;Pleno dia;Crescente;Chuva;Simples;Declive;Não  ;"1168943   ";Semireboque;SR/NIJU NJSRFR 3E;"2004      ";"0";"0";"0    ";"0";"0 ";"0    ";"0    ";"0    ";-15.5817440;-47.3432410;SPRF-DF;DEL02-DF;UOP02-DEL02-DF 
650340;"1461581   ";2024-12-21;sábado;22:40:00;GO;"40   ";"7    ";VALPARAISO DE GOIAS;Sim;Pedestre cruzava a pista fora da faixa;2;Saída de leito carroçável;Com Vítimas Feridas;Plena Noite;Crescente;Chuva;Dupla;Reta;Sim  ;"1169117   ";Automóvel;VW/QUANTUM 2.0;"1999      ";Passageiro;Ileso;"0    ";Feminino;"1 ";"0    ";"0    ";"0    ";-16.1084820;-47.9725240;SPRF-DF;DEL01-DF;UOP01-DEL01-DF 
650340;"1461580   ";2024-12-21;sábado;22:40:00;GO;"40   ";"7    ";VALPARAISO DE GOIAS;Sim;Pedestre cruzava a pista fora da faixa;2;Saída de leito carroçável;Com Vítimas Feridas;Plena Noite;Crescente;Chuva;Dupla;Reta;Sim  ;"1169117   ";Automóvel;VW/QUANTUM 2.0;"1999      ";Passageiro;Ileso;"0    ";Feminino;"1 ";"0    ";"0    ";"0    ";-16.1084820;-47.9725240;SPRF-DF;DEL01-DF;UOP01-DEL01-DF 
650340;"1461579   ";2024-12-21;sábado;22:40:00;GO;"40   ";"7    ";VALPARAISO DE GOIAS;Sim;Pedestre cruzava a pista fora da faixa;2;Saída de leito carroçável;Com Vítimas Feridas;Plena Noite;Crescente;Chuva;Dupla;Reta;Sim  ;"1169117   ";Automóvel;VW/QUANTUM 2.0;"1999      ";Passageiro;Ileso;"68   ";Feminino;"1 ";"0    ";"0    ";"0    ";-16.1084820;-47.9725240;SPRF-DF;DEL01-DF;UOP01-DEL01-DF 
650340;"1461576   ";2024-12-21;sábado;22:40:00;GO;"40   ";"7    ";VALPARAISO DE GOIAS;Sim;Pedestre cruzava a pista fora da faixa;2;Saída de leito carroçável;Com Vítimas Feridas;Plena Noite;Crescente;Chuva;Dupla;Reta;Sim  ;"1169117   ";Automóvel;VW/QUANTUM 2.0;"1999      ";Condutor;Ileso;"47   ";Masculino;"1 ";"0    ";"0    ";"0    ";-16.1084820;-47.9725240;SPRF-DF;DEL01-DF;UOP01-DEL01-DF 
650340;"1461584   ";2024-12-21;sábado;22:40:00;GO;"40   ";"7    ";VALPARAISO DE GOIAS;Sim;Pedestre cruzava a pista fora da faixa;2;Saída de leito carroçável;Com Vítimas Feridas;Plena Noite;Crescente;Chuva;Dupla;Reta;Sim  ;"0         ";"0";NA/NA;"0         ";Pedestre;Lesões Leves;"60   ";Masculino;"0 ";"1    ";"0    ";"0    ";-16.1084820;-47.9725240;SPRF-DF;DEL01-DF;UOP01-DEL01-DF 
650340;"1461581   ";2024-12-21;sábado;22:40:00;GO;"40   ";"7    ";VALPARAISO DE GOIAS;Sim;Pedestre cruzava a pista fora da faixa;1;Atropelamento de Pedestre;Com Vítimas Feridas;Plena Noite;Crescente;Chuva;Dupla;Reta;Sim  ;"1169117   ";Automóvel;VW/QUANTUM 2.0;"1999      ";Passageiro;Ileso;"0    ";Feminino;"1 ";"0    ";"0    ";"0    ";-16.1084820;-47.9725240;SPRF-DF;DEL01-DF;UOP01-DEL01-DF 
650340;"1461580   ";2024-12-21;sábado;22:40:00;GO;"40   ";"7    ";VALPARAISO DE GOIAS;Sim;Pedestre cruzava a pista fora da faixa;1;Atropelamento de Pedestre;Com Vítimas Feridas;Plena Noite;Crescente;Chuva;Dupla;Reta;Sim  ;"1169117   ";Automóvel;VW/QUANTUM 2.0;"1999      ";Passageiro;Ileso;"0    ";Feminino;"1 ";"0    ";"0    ";"0    ";-16.1084820;-47.9725240;SPRF-DF;DEL01-DF;UOP01-DEL01-DF 
650340;"1461579   ";2024-12-21;sábado;22:40:00;GO;"40   ";"7    ";VALPARAISO DE GOIAS;Sim;Pedestre cruzava a pista fora da faixa;1;Atropelamento de Pedestre;Com Vítimas Feridas;Plena Noite;Crescente;Chuva;Dupla;Reta;Sim  ;"1169117   ";Automóvel;VW/QUANTUM 2.0;"1999      ";Passageiro;Ileso;"68   ";Feminino;"1 ";"0    ";"0    ";"0    ";-16.1084820;-47.9725240;SPRF-DF;DEL01-DF;UOP01-DEL01-DF 
650340;"1461576   ";2024-12-21;sábado;22:40:00;GO;"40   ";"7    ";VALPARAISO DE GOIAS;Sim;Pedestre cruzava a pista fora da faixa;1;Atropelamento de Pedestre;Com Vítimas Feridas;Plena Noite;Crescente;Chuva;Dupla;Reta;Sim  ;"1169117   ";Automóvel;VW/QUANTUM 2.0;"1999      ";Condutor;Ileso;"47   ";Masculino;"1 ";"0    ";"0    ";"0    ";-16.1084820;-47.9725240;SPRF-DF;DEL01-DF;UOP01-DEL01-DF 
650340;"1461584   ";2024-12-21;sábado;22:40:00;GO;"40   ";"7    ";VALPARAISO DE GOIAS;Sim;Pedestre cruzava a pista fora da faixa;1;Atropelamento de Pedestre;Com Vítimas Feridas;Plena Noite;Crescente;Chuva;Dupla;Reta;Sim  ;"0         ";"0";NA/NA;"0         ";Pedestre;Lesões Leves;"60   ";Masculino;"0 ";"1    ";"0    ";"0    ";-16.1084820;-47.9725240;SPRF-DF;DEL01-DF;UOP01-DEL01-DF 
650367;"0         ";2024-12-22;domingo;00:00:00;GO;"20   ";"50   ";FORMOSA;Sim;Condutor deixou de manter distância do veículo da frente;1;Colisão traseira;Com Vítimas Feridas;Plena Noite;Crescente;Chuva;Simples;Reta;Não  ;"1169277   ";Semireboque;SR/MELLO RODOFLEX CA3E;"2013      ";"0";"0";"0    ";"0";"0 ";"0    ";"0    ";"0    ";-15.3282720;-47.1295050;SPRF-DF;DEL02-DF;UOP02-DEL02-DF 
650367;"1461775   ";2024-12-22;domingo;00:00:00;GO;"20   ";"50   ";FORMOSA;Sim;Condutor deixou de manter distância do veículo da frente;1;Colisão traseira;Com Vítimas Feridas;Plena Noite;Crescente;Chuva;Simples;Reta;Não  ;"1169266   ";Caminhão-trator;I/M.BENZ ACTROS 2546 LS;"2010      ";Condutor;Ileso;"50   ";Masculino;"1 ";"0    ";"0    ";"0    ";-15.3282720;-47.1295050;SPRF-DF;DEL02-DF;UOP02-DEL02-DF 
650367;"1464004   ";2024-12-22;domingo;00:00:00;GO;"20   ";"50   ";FORMOSA;Sim;Condutor deixou de manter distância do veículo da frente;1;Colisão traseira;Com Vítimas Feridas;Plena Noite;Crescente;Chuva;Simples;Reta;Não  ;"1169261   ";Automóvel;FIAT/ARGO DRIVE 1.0;"2024      ";Passageiro;Ileso;"28   ";Masculino;"1 ";"0    ";"0    ";"0    ";-15.3282720;-47.1295050;SPRF-DF;DEL02-DF;UOP02-DEL02-DF 
650367;"1464002   ";2024-12-22;domingo;00:00:00;GO;"20   ";"50   ";FORMOSA;Sim;Condutor deixou de manter distância do veículo da frente;1;Colisão traseira;Com Vítimas Feridas;Plena Noite;Crescente;Chuva;Simples;Reta;Não  ;"1169261   ";Automóvel;FIAT/ARGO DRIVE 1.0;"2024      ";Passageiro;Ileso;"26   ";Masculino;"1 ";"0    ";"0    ";"0    ";-15.3282720;-47.1295050;SPRF-DF;DEL02-DF;UOP02-DEL02-DF 
650367;"1463998   ";2024-12-22;domingo;00:00:00;GO;"20   ";"50   ";FORMOSA;Sim;Condutor deixou de manter distância do veículo da frente;1;Colisão traseira;Com Vítimas Feridas;Plena Noite;Crescente;Chuva;Simples;Reta;Não  ;"1169261   ";Automóvel;FIAT/ARGO DRIVE 1.0;"2024      ";Passageiro;Lesões Leves;"11   ";Masculino;"0 ";"1    ";"0    ";"0    ";-15.3282720;-47.1295050;SPRF-DF;DEL02-DF;UOP02-DEL02-DF 
650367;"1461772   ";2024-12-22;domingo;00:00:00;GO;"20   ";"50   ";FORMOSA;Sim;Condutor deixou de manter distância do veículo da frente;1;Colisão traseira;Com Vítimas Feridas;Plena Noite;Crescente;Chuva;Simples;Reta;Não  ;"1169261   ";Automóvel;FIAT/ARGO DRIVE 1.0;"2024      ";Condutor;Lesões Leves;"34   ";Feminino;"0 ";"1    ";"0    ";"0    ";-15.3282720;-47.1295050;SPRF-DF;DEL02-DF;UOP02-DEL02-DF 
650367;"0         ";2024-12-22;domingo;00:00:00;GO;"20   ";"50   ";FORMOSA;Sim;Condutor deixou de manter distância do veículo da frente;2;Colisão lateral mesmo sentido;Com Vítimas Feridas;Plena Noite;Crescente;Chuva;Simples;Reta;Não  ;"1169277   ";Semireboque;SR/MELLO RODOFLEX CA3E;"2013      ";"0";"0";"0    ";"0";"0 ";"0    ";"0    ";"0    ";-15.3282720;-47.1295050;SPRF-DF;DEL02-DF;UOP02-DEL02-DF 
650367;"1461775   ";2024-12-22;domingo;00:00:00;GO;"20   ";"50   ";FORMOSA;Sim;Condutor deixou de manter distância do veículo da frente;2;Colisão lateral mesmo sentido;Com Vítimas Feridas;Plena Noite;Crescente;Chuva;Simples;Reta;Não  ;"1169266   ";Caminhão-trator;I/M.BENZ ACTROS 2546 LS;"2010      ";Condutor;Ileso;"50   ";Masculino;"1 ";"0    ";"0    ";"0    ";-15.3282720;-47.1295050;SPRF-DF;DEL02-DF;UOP02-DEL02-DF 
650367;"1464004   ";2024-12-22;domingo;00:00:00;GO;"20   ";"50   ";FORMOSA;Sim;Condutor deixou de manter distância do veículo da frente;2;Colisão lateral mesmo sentido;Com Vítimas Feridas;Plena Noite;Crescente;Chuva;Simples;Reta;Não  ;"1169261   ";Automóvel;FIAT/ARGO DRIVE 1.0;"2024      ";Passageiro;Ileso;"28   ";Masculino;"1 ";"0    ";"0    ";"0    ";-15.3282720;-47.1295050;SPRF-DF;DEL02-DF;UOP02-DEL02-DF 
650367;"1464002   ";2024-12-22;domingo;00:00:00;GO;"20   ";"50   ";FORMOSA;Sim;Condutor deixou de manter distância do veículo da frente;2;Colisão lateral mesmo sentido;Com Vítimas Feridas;Plena Noite;Crescente;Chuva;Simples;Reta;Não  ;"1169261   ";Automóvel;FIAT/ARGO DRIVE 1.0;"2024      ";Passageiro;Ileso;"26   ";Masculino;"1 ";"0    ";"0    ";"0    ";-15.3282720;-47.1295050;SPRF-DF;DEL02-DF;UOP02-DEL02-DF 
650367;"1463998   ";2024-12-22;domingo;00:00:00;GO;"20   ";"50   ";FORMOSA;Sim;Condutor deixou de manter distância do veículo da frente;2;Colisão lateral mesmo sentido;Com Vítimas Feridas;Plena Noite;Crescente;Chuva;Simples;Reta;Não  ;"1169261   ";Automóvel;FIAT/ARGO DRIVE 1.0;"2024      ";Passageiro;Lesões Leves;"11   ";Masculino;"0 ";"1    ";"0    ";"0    ";-15.3282720;-47.1295050;SPRF-DF;DEL02-DF;UOP02-DEL02-DF 
650367;"1461772   ";2024-12-22;domingo;00:00:00;GO;"20   ";"50   ";FORMOSA;Sim;Condutor deixou de manter distância do veículo da frente;2;Colisão lateral mesmo sentido;Com Vítimas Feridas;Plena Noite;Crescente;Chuva;Simples;Reta;Não  ;"1169261   ";Automóvel;FIAT/ARGO DRIVE 1.0;"2024      ";Condutor;Lesões Leves;"34   ";Feminino;"0 ";"1    ";"0    ";"0    ";-15.3282720;-47.1295050;SPRF-DF;DEL02-DF;UOP02-DEL02-DF 
650367;"0         ";2024-12-22;domingo;00:00:00;GO;"20   ";"50   ";FORMOSA;Não;Condutor usando celular;1;Colisão traseira;Com Vítimas Feridas;Plena Noite;Crescente;Chuva;Simples;Reta;Não  ;"1169277   ";Semireboque;SR/MELLO RODOFLEX CA3E;"2013      ";"0";"0";"0    ";"0";"0 ";"0    ";"0    ";"0    ";-15.3282720;-47.1295050;SPRF-DF;DEL02-DF;UOP02-DEL02-DF 
650367;"1461775   ";2024-12-22;domingo;00:00:00;GO;"20   ";"50   ";FORMOSA;Não;Condutor usando celular;1;Colisão traseira;Com Vítimas Feridas;Plena Noite;Crescente;Chuva;Simples;Reta;Não  ;"1169266   ";Caminhão-trator;I/M.BENZ ACTROS 2546 LS;"2010      ";Condutor;Ileso;"50   ";Masculino;"1 ";"0    ";"0    ";"0    ";-15.3282720;-47.1295050;SPRF-DF;DEL02-DF;UOP02-DEL02-DF 