id;pesid;data_inversa;dia_semana;horario;uf;br;km;municipio;causa_principal;causa_acidente;ordem_tipo_acidente;tipo_acidente;classificacao_acidente;fase_dia;sentido_via;condicao_metereologica;tipo_pista;tracado_via;uso_solo;id_veiculo;tipo_veiculo;marca;ano_fabricacao_veiculo;tipo_envolvido;estado_fisico;idade;sexo;ilesos;feridos_leves;feridos_graves;mortos;latitude;longitude;regional;delegacia;uop
650710;"1462509   ";2024-12-23;segunda-feira;06:00:00;GO;"20   ";"44,8 ";FORMOSA;Sim;Demais falhas mecânicas ou elétricas;1;Incêndio;Com Vítimas Feridas;Pleno dia;Crescente;Céu Claro;Simples;"Declive;Reta";Não  ;"1169770   ";Caminhão;VW/11.180 DRC 4X2;"2020      ";Passageiro;Ileso;"17   ";Masculino;"1 ";"0    ";"0    ";"0    ";-15.3744460;-47.1012340;SPRF-DF;DEL02-DF;UOP02-DEL02-DF 
650710;"1462508   ";2024-12-23;segunda-feira;06:00:00;GO;"20   ";"44,8 ";FORMOSA;Sim;Demais falhas mecânicas ou elétricas;1;Incêndio;Com Vítimas Feridas;Pleno dia;Crescente;Céu Claro;Simples;"Declive;Reta";Não  ;"1169770   ";Caminhão;VW/11.180 DRC 4X2;"2020      ";Condutor;Lesões Leves;"61   ";Masculino;"0 ";"1    ";"0    ";"0    ";-15.3744460;-47.1012340;SPRF-DF;DEL02-DF;UOP02-DEL02-DF 
650718;"1464538   ";2024-12-23;segunda-feira;07:30:00;GO;"251  ";"29   ";CRISTALINA;Não;Acesso irregular;2;Queda de ocupante de veículo;Com Vítimas Feridas;Pleno dia;Crescente;Céu Claro;Simples;Reta;Não  ;"1170995   ";Micro-ônibus;I/KIA BESTA GS GRAND;"2001      ";Condutor;Ileso;"33   ";Masculino;"1 ";"0    ";"0    ";"0    ";-16.0881170;-47.5156516;SPRF-DF;DEL01-DF;UOP01-DEL01-DF 
650718;"1462549   ";2024-12-23;segunda-feira;07:30:00;GO;"251  ";"29   ";CRISTALINA;Não;Acesso irregular;2;Queda de ocupante de veículo;Com Vítimas Feridas;Pleno dia;Crescente;Céu Claro;Simples;Reta;Não  ;"1169804   ";Motocicleta;HONDA/XR 250 TORNADO;"2003      ";Condutor;Lesões Graves;"39   ";Masculino;"0 ";"0    ";"1    ";"0    ";-16.0881170;-47.5156516;SPRF-DF;DEL01-DF;UOP01-DEL01-DF 
650718;"1464538   ";2024-12-23;segunda-feira;07:30:00;GO;"251  ";"29   ";CRISTALINA;Não;Acesso irregular;1;Colisão transversal;Com Vítimas Feridas;Pleno dia;Crescente;Céu Claro;Simples;Reta;Não  ;"1170995   ";Micro-ônibus;I/KIA BESTA GS GRAND;"2001      ";Condutor;Ileso;"33   ";Masculino;"1 ";"0    ";"0    ";"0    ";-16.0881170;-47.5156516;SPRF-DF;DEL01-DF;UOP01-DEL01-DF 
650718;"1462549   ";2024-12-23;segunda-feira;07:30:00;GO;"251  ";"29   ";CRISTALINA;Não;Acesso irregular;1;Colisão transversal;Com Vítimas Feridas;Pleno dia;Crescente;Céu Claro;Simples;Reta;Não  ;"1169804   ";Motocicleta;HONDA/XR 250 TORNADO;"2003      ";Condutor;Lesões Graves;"39   ";Masculino;"0 ";"0    ";"1    ";"0    ";-16.0881170;-47.5156516;SPRF-DF;DEL01-DF;UOP01-DEL01-DF 
650718;"1464538   ";2024-12-23;segunda-feira;07:30:00;GO;"251  ";"29   ";CRISTALINA;Sim;Acessar a via sem observar a presença dos outros veículos;2;Queda de ocupante de veículo;Com Vítimas Feridas;Pleno dia;Crescente;Céu Claro;Simples;Reta;Não  ;"1170995   ";Micro-ônibus;I/KIA BESTA GS GRAND;"2001      ";Condutor;Ileso;"33   ";Masculino;"1 ";"0    ";"0    ";"0    ";-16.0881170;-47.5156516;SPRF-DF;DEL01-DF;UOP01-DEL01-DF 
650718;"1462549   ";2024-12-23;segunda-feira;07:30:00;GO;"251  ";"29   ";CRISTALINA;Sim;Acessar a via sem observar a presença dos outros veículos;2;Queda de ocupante de veículo;Com Vítimas Feridas;Pleno dia;Crescente;Céu Claro;Simples;Reta;Não  ;"1169804   ";Motocicleta;HONDA/XR 250 TORNADO;"2003      ";Condutor;Lesões Graves;"39   ";Masculino;"0 ";"0    ";"1    ";"0    ";-16.0881170;-47.5156516;SPRF-DF;DEL01-DF;UOP01-DEL01-DF 
650718;"1464538   ";2024-12-23;segunda-feira;07:30:00;GO;"251  ";"29   ";CRISTALINA;Sim;Acessar a via sem observar a presença dos outros veículos;1;Colisão transversal;Com Vítimas Feridas;Pleno dia;Crescente;Céu Claro;Simples;Reta;Não  ;"1170995   ";Micro-ônibus;I/KIA BESTA GS GRAND;"2001      ";Condutor;Ileso;"33   ";Masculino;"1 ";"0    ";"0    ";"0    ";-16.0881170;-47.5156516;SPRF-DF;DEL01-DF;UOP01-DEL01-DF 
650718;"1462549   ";2024-12-23;segunda-feira;07:30:00;GO;"251  ";"29   ";CRISTALINA;Sim;Acessar a via sem observar a presença dos outros veículos;1;Colisão transversal;Com Vítimas Feridas;Pleno dia;Crescente;Céu Claro;Simples;Reta;Não  ;"1169804   ";Motocicleta;HONDA/XR 250 TORNADO;"2003      ";Condutor;Lesões Graves;"39   ";Masculino;"0 ";"0    ";"1    ";"0    ";-16.0881170;-47.5156516;SPRF-DF;DEL01-DF;UOP01-DEL01-DF 
650724;"1462539   ";2024-12-23;segunda-feira;08:00:00;GO;"60   ";"71,6 ";ABADIANIA;Sim;Condutor Dormindo;1;Saída de leito carroçável;Com Vítimas Feridas;Pleno dia;Decrescente;Céu Claro;Dupla;"Aclive;Reta";Não  ;"1169795   ";Caminhonete;VW/SAVEIRO CS TL MB;"2014      ";Condutor;Lesões Leves;"29   ";Feminino;"0 ";"1    ";"0    ";"0    ";-16.2551000;-48.7628000;SPRF-GO;DEL02-GO;UOP01-DEL02-GO 
650745;"1462585   ";2024-12-14;sábado;15:14:00;DF;"70   ";"3    ";BRASILIA;Sim;Reação tardia ou ineficiente do condutor;2;Capotamento;Com Vítimas Feridas;Pleno dia;Crescente;Céu Claro;Dupla;Reta;Sim  ;"1169832   ";Automóvel;RENAULT/SANDERO AUTH 10;"2016      ";Condutor;Lesões Leves;"34   ";Masculino;"0 ";"1    ";"0    ";"0    ";-15.8001315;-48.0766779;SPRF-DF;DEL03-DF;UOP02-DEL03-DF 
650745;"1462584   ";2024-12-14;sábado;15:14:00;DF;"70   ";"3    ";BRASILIA;Sim;Reação tardia ou ineficiente do condutor;2;Capotamento;Com Vítimas Feridas;Pleno dia;Crescente;Céu Claro;Dupla;Reta;Sim  ;"1169831   ";Automóvel;VW/UP MOVE MA;"2015      ";Condutor;Lesões Leves;"59   ";Masculino;"0 ";"1    ";"0    ";"0    ";-15.8001315;-48.0766779;SPRF-DF;DEL03-DF;UOP02-DEL03-DF 
650745;"1462585   ";2024-12-14;sábado;15:14:00;DF;"70   ";"3    ";BRASILIA;Sim;Reação tardia ou ineficiente do condutor;1;Colisão traseira;Com Vítimas Feridas;Pleno dia;Crescente;Céu Claro;Dupla;Reta;Sim  ;"1169832   ";Automóvel;RENAULT/SANDERO AUTH 10;"2016      ";Condutor;Lesões Leves;"34   ";Masculino;"0 ";"1    ";"0    ";"0    ";-15.8001315;-48.0766779;SPRF-DF;DEL03-DF;UOP02-DEL03-DF 
650745;"1462584   ";2024-12-14;sábado;15:14:00;DF;"70   ";"3    ";BRASILIA;Sim;Reação tardia ou ineficiente do condutor;1;Colisão traseira;Com Vítimas Feridas;Pleno dia;Crescente;Céu Claro;Dupla;Reta;Sim  ;"1169831   ";Automóvel;VW/UP MOVE MA;"2015      ";Condutor;Lesões Leves;"59   ";Masculino;"0 ";"1    ";"0    ";"0    ";-15.8001315;-48.0766779;SPRF-DF;DEL03-DF;UOP02-DEL03-DF 
650745;"1462585   ";2024-12-14;sábado;15:14:00;DF;"70   ";"3    ";BRASILIA;Não;Manobra de mudança de faixa;2;Capotamento;Com Vítimas Feridas;Pleno dia;Crescente;Céu Claro;Dupla;Reta;Sim  ;"1169832   ";Automóvel;RENAULT/SANDERO AUTH 10;"2016      ";Condutor;Lesões Leves;"34   ";Masculino;"0 ";"1    ";"0    ";"0    ";-15.8001315;-48.0766779;SPRF-DF;DEL03-DF;UOP02-DEL03-DF 
650745;"1462584   ";2024-12-14;sábado;15:14:00;DF;"70   ";"3    ";BRASILIA;Não;Manobra de mudança de faixa;2;Capotamento;Com Vítimas Feridas;Pleno dia;Crescente;Céu Claro;Dupla;Reta;Sim  ;"1169831   ";Automóvel;VW/UP MOVE MA;"2015      ";Condutor;Lesões Leves;"59   ";Masculino;"0 ";"1    ";"0    ";"0    ";-15.8001315;-48.0766779;SPRF-DF;DEL03-DF;UOP02-DEL03-DF 
650745;"1462585   ";2024-12-14;sábado;15:14:00;DF;"70   ";"3    ";BRASILIA;Não;Manobra de mudança de faixa;1;Colisão traseira;Com Vítimas Feridas;Pleno dia;Crescente;Céu Claro;Dupla;Reta;Sim  ;"1169832   ";Automóvel;RENAULT/SANDERO AUTH 10;"2016      ";Condutor;Lesões Leves;"34   ";Masculino;"0 ";"1    ";"0    ";"0    ";-15.8001315;-48.0766779;SPRF-DF;DEL03-DF;UOP02-DEL03-DF 
650745;"1462584   ";2024-12-14;sábado;15:14:00;DF;"70   ";"3    ";BRASILIA;Não;Manobra de mudança de faixa;1;Colisão traseira;Com Vítimas Feridas;Pleno dia;Crescente;Céu Claro;Dupla;Reta;Sim  ;"1169831   ";Automóvel;VW/UP MOVE MA;"2015      ";Condutor;Lesões Leves;"59   ";Masculino;"0 ";"1    ";"0    ";"0    ";-15.8001315;-48.0766779;SPRF-DF;DEL03-DF;UOP02-DEL03-DF 
650758;"1462745   ";2024-12-23;segunda-feira;11:40:00;GO;"60   ";"29,5 ";ALEXANIA;Não;Avarias e/ou desgaste excessivo no pneu;1;Saída de leito carroçável;Com Vítimas Feridas;Pleno dia;Decrescente;Chuva;Dupla;"Reta;Declive";Sim  ;"1169906   ";Automóvel;NISSAN/MARCH 16SL CVT;"2019      ";Passageiro;Lesões Leves;"2    ";Feminino;"0 ";"1    ";"0    ";"0    ";-16.0980220;-48.4801780;SPRF-DF;DEL03-DF;UOP01-DEL03-DF 
650758;"1462704   ";2024-12-23;segunda-feira;11:40:00;GO;"60   ";"29,5 ";ALEXANIA;Não;Avarias e/ou desgaste excessivo no pneu;1;Saída de leito carroçável;Com Vítimas Feridas;Pleno dia;Decrescente;Chuva;Dupla;"Reta;Declive";Sim  ;"1169906   ";Automóvel;NISSAN/MARCH 16SL CVT;"2019      ";Passageiro;Lesões Leves;"30   ";Feminino;"0 ";"1    ";"0    ";"0    ";-16.0980220;-48.4801780;SPRF-DF;DEL03-DF;UOP01-DEL03-DF 
650758;"1462702   ";2024-12-23;segunda-feira;11:40:00;GO;"60   ";"29,5 ";ALEXANIA;Não;Avarias e/ou desgaste excessivo no pneu;1;Saída de leito carroçável;Com Vítimas Feridas;Pleno dia;Decrescente;Chuva;Dupla;"Reta;Declive";Sim  ;"1169906   ";Automóvel;NISSAN/MARCH 16SL CVT;"2019      ";Condutor;Ileso;"23   ";Masculino;"1 ";"0    ";"0    ";"0    ";-16.0980220;-48.4801780;SPRF-DF;DEL03-DF;UOP01-DEL03-DF 
650758;"1462745   ";2024-12-23;segunda-feira;11:40:00;GO;"60   ";"29,5 ";ALEXANIA;Sim;Acumulo de água sobre o pavimento;1;Saída de leito carroçável;Com Vítimas Feridas;Pleno dia;Decrescente;Chuva;Dupla;"Reta;Declive";Sim  ;"1169906   ";Automóvel;NISSAN/MARCH 16SL CVT;"2019      ";Passageiro;Lesões Leves;"2    ";Feminino;"0 ";"1    ";"0    ";"0    ";-16.0980220;-48.4801780;SPRF-DF;DEL03-DF;UOP01-DEL03-DF 
650758;"1462704   ";2024-12-23;segunda-feira;11:40:00;GO;"60   ";"29,5 ";ALEXANIA;Sim;Acumulo de água sobre o pavimento;1;Saída de leito carroçável;Com Vítimas Feridas;Pleno dia;Decrescente;Chuva;Dupla;"Reta;Declive";Sim  ;"1169906   ";Automóvel;NISSAN/MARCH 16SL CVT;"2019      ";Passageiro;Lesões Leves;"30   ";Feminino;"0 ";"1    ";"0    ";"0    ";-16.0980220;-48.4801780;SPRF-DF;DEL03-DF;UOP01-DEL03-DF 
650758;"1462702   ";2024-12-23;segunda-feira;11:40:00;GO;"60   ";"29,5 ";ALEXANIA;Sim;Acumulo de água sobre o pavimento;1;Saída de leito carroçável;Com Vítimas Feridas;Pleno dia;Decrescente;Chuva;Dupla;"Reta;Declive";Sim  ;"1169906   ";Automóvel;NISSAN/MARCH 16SL CVT;"2019      ";Condutor;Ileso;"23   ";Masculino;"1 ";"0    ";"0    ";"0    ";-16.0980220;-48.4801780;SPRF-DF;DEL03-DF;UOP01-DEL03-DF 
650778;"1462906   ";2024-12-23;segunda-feira;13:15:00;GO;"70   ";"59,7 ";COCALZINHO DE GOIAS;Não;Velocidade Incompatível;2;Saída de leito carroçável;Com Vítimas Fatais;Pleno dia;Crescente;Céu Claro;Simples;Reta;Não  ;"1170026   ";Caminhão-trator;VW/29.520 METEOR 6X4;"2022      ";Condutor;Ileso;"43   ";Masculino;"1 ";"0    ";"0    ";"0    ";-15.7635170;-48.7006430;SPRF-DF;DEL03-DF;UOP02-DEL03-DF 
650778;"1462905   ";2024-12-23;segunda-feira;13:15:00;GO;"70   ";"59,7 ";COCALZINHO DE GOIAS;Não;Velocidade Incompatível;2;Saída de leito carroçável;Com Vítimas Fatais;Pleno dia;Crescente;Céu Claro;Simples;Reta;Não  ;"1170025   ";Automóvel;RENAULT/DUSTER 16 D 4X2;"2014      ";Condutor;Óbito;"23   ";Masculino;"0 ";"0    ";"0    ";"1    ";-15.7635170;-48.7006430;SPRF-DF;DEL03-DF;UOP02-DEL03-DF 
650778;"0         ";2024-12-23;segunda-feira;13:15:00;GO;"70   ";"59,7 ";COCALZINHO DE GOIAS;Não;Velocidade Incompatível;2;Saída de leito carroçável;Com Vítimas Fatais;Pleno dia;Crescente;Céu Claro;Simples;Reta;Não  ;"1170035   ";Semireboque;SR/RANDON;"1987      ";"0";"0";"0    ";"0";"0 ";"0    ";"0    ";"0    ";-15.7635170;-48.7006430;SPRF-DF;DEL03-DF;UOP02-DEL03-DF 
650778;"0         ";2024-12-23;segunda-feira;13:15:00;GO;"70   ";"59,7 ";COCALZINHO DE GOIAS;Não;Velocidade Incompatível;2;Saída de leito carroçável;Com Vítimas Fatais;Pleno dia;Crescente;Céu Claro;Simples;Reta;Não  ;"1170032   ";Semireboque;SE/RANDON SR SL;"2011      ";"0";"0";"0    ";"0";"0 ";"0    ";"0    ";"0    ";-15.7635170;-48.7006430;SPRF-DF;DEL03-DF;UOP02-DEL03-DF 
650778;"1463070   ";2024-12-23;segunda-feira;13:15:00;GO;"70   ";"59,7 ";COCALZINHO DE GOIAS;Não;Velocidade Incompatível;2;Saída de leito carroçável;Com Vítimas Fatais;Pleno dia;Crescente;Céu Claro;Simples;Reta;Não  ;"0         ";"0";NA/NA;"0         ";Testemunha;Não Informado;"0    ";Não Informado;"0 ";"0    ";"0    ";"0    ";-15.7635170;-48.7006430;SPRF-DF;DEL03-DF;UOP02-DEL03-DF 
650778;"1463069   ";2024-12-23;segunda-feira;13:15:00;GO;"70   ";"59,7 ";COCALZINHO DE GOIAS;Não;Velocidade Incompatível;2;Saída de leito carroçável;Com Vítimas Fatais;Pleno dia;Crescente;Céu Claro;Simples;Reta;Não  ;"0         ";"0";NA/NA;"0         ";Testemunha;Não Informado;"0    ";Não Informado;"0 ";"0    ";"0    ";"0    ";-15.7635170;-48.7006430;SPRF-DF;DEL03-DF;UOP02-DEL03-DF 
650778;"1462906   ";2024-12-23;segunda-feira;13:15:00;GO;"70   ";"59,7 ";COCALZINHO DE GOIAS;Não;Velocidade Incompatível;1;Colisão lateral sentido oposto;Com Vítimas Fatais;Pleno dia;Crescente;Céu Claro;Simples;Reta;Não  ;"1170026   ";Caminhão-trator;VW/29.520 METEOR 6X4;"2022      ";Condutor;Ileso;"43   ";Masculino;"1 ";"0    ";"0    ";"0    ";-15.7635170;-48.7006430;SPRF-DF;DEL03-DF;UOP02-DEL03-DF 
650778;"1462905   ";2024-12-23;segunda-feira;13:15:00;GO;"70   ";"59,7 ";COCALZINHO DE GOIAS;Não;Velocidade Incompatível;1;Colisão lateral sentido oposto;Com Vítimas Fatais;Pleno dia;Crescente;Céu Claro;Simples;Reta;Não  ;"1170025   ";Automóvel;RENAULT/DUSTER 16 D 4X2;"2014      ";Condutor;Óbito;"23   ";Masculino;"0 ";"0    ";"0    ";"1    ";-15.7635170;-48.7006430;SPRF-DF;DEL03-DF;UOP02-DEL03-DF 
650778;"0         ";2024-12-23;segunda-feira;13:15:00;GO;"70   ";"59,7 ";COCALZINHO DE GOIAS;Não;Velocidade Incompatível;1;Colisão lateral sentido oposto;Com Vítimas Fatais;Pleno dia;Crescente;Céu Claro;Simples;Reta;Não  ;"1170035   ";Semireboque;SR/RANDON;"1987      ";"0";"0";"0    ";"0";"0 ";"0    ";"0    ";"0    ";-15.7635170;-48.7006430;SPRF-DF;DEL03-DF;UOP02-DEL03-DF 
650778;"0         ";2024-12-23;segunda-feira;13:15:00;GO;"70   ";"59,7 ";COCALZINHO DE GOIAS;Não;Velocidade Incompatível;1;Colisão lateral sentido oposto;Com Vítimas Fatais;Pleno dia;Crescente;Céu Claro;Simples;Reta;Não  ;"1170032   ";Semireboque;SE/RANDON SR SL;"2011      ";"0";"0";"0    ";"0";"0 ";"0    ";"0    ";"0    ";-15.7635170;-48.7006430;SPRF-DF;DEL03-DF;UOP02-DEL03-DF 
650778;"1463070   ";2024-12-23;segunda-feira;13:15:00;GO;"70   ";"59,7 ";COCALZINHO DE GOIAS;Não;Velocidade Incompatível;1;Colisão lateral sentido oposto;Com Vítimas Fatais;Pleno dia;Crescente;Céu Claro;Simples;Reta;Não  ;"0         ";"0";NA/NA;"0         ";Testemunha;Não Informado;"0    ";Não Informado;"0 ";"0    ";"0    ";"0    ";-15.7635170;-48.7006430;SPRF-DF;DEL03-DF;UOP02-DEL03-DF 
650778;"1463069   ";2024-12-23;segunda-feira;13:15:00;GO;"70   ";"59,7 ";COCALZINHO DE GOIAS;Não;Velocidade Incompatível;1;Colisão lateral sentido oposto;Com Vítimas Fatais;Pleno dia;Crescente;Céu Claro;Simples;Reta;Não  ;"0         ";"0";NA/NA;"0         ";Testemunha;Não Informado;"0    ";Não Informado;"0 ";"0    ";"0    ";"0    ";-15.7635170;-48.7006430;SPRF-DF;DEL03-DF;UOP02-DEL03-DF 
650778;"1462906   ";2024-12-23;segunda-feira;13:15:00;GO;"70   ";"59,7 ";COCALZINHO DE GOIAS;Sim;Reação tardia ou ineficiente do condutor;2;Saída de leito carroçável;Com Vítimas Fatais;Pleno dia;Crescente;Céu Claro;Simples;Reta;Não  ;"1170026   ";Caminhão-trator;VW/29.520 METEOR 6X4;"2022      ";Condutor;Ileso;"43   ";Masculino;"1 ";"0    ";"0    ";"0    ";-15.7635170;-48.7006430;SPRF-DF;DEL03-DF;UOP02-DEL03-DF 
650778;"1462905   ";2024-12-23;segunda-feira;13:15:00;GO;"70   ";"59,7 ";COCALZINHO DE GOIAS;Sim;Reação tardia ou ineficiente do condutor;2;Saída de leito carroçável;Com Vítimas Fatais;Pleno dia;Crescente;Céu Claro;Simples;Reta;Não  ;"1170025   ";Automóvel;RENAULT/DUSTER 16 D 4X2;"2014      ";Condutor;Óbito;"23   ";Masculino;"0 ";"0    ";"0    ";"1    ";-15.7635170;-48.7006430;SPRF-DF;DEL03-DF;UOP02-DEL03-DF 
650778;"0         ";2024-12-23;segunda-feira;13:15:00;GO;"70   ";"59,7 ";COCALZINHO DE GOIAS;Sim;Reação tardia ou ineficiente do condutor;2;Saída de leito carroçável;Com Vítimas Fatais;Pleno dia;Crescente;Céu Claro;Simples;Reta;Não  ;"1170035   ";Semireboque;SR/RANDON;"1987      ";"0";"0";"0    ";"0";"0 ";"0    ";"0    ";"0    ";-15.7635170;-48.7006430;SPRF-DF;DEL03-DF;UOP02-DEL03-DF 
650778;"0         ";2024-12-23;segunda-feira;13:15:00;GO;"70   ";"59,7 ";COCALZINHO DE GOIAS;Sim;Reação tardia ou ineficiente do condutor;2;Saída de leito carroçável;Com Vítimas Fatais;Pleno dia;Crescente;Céu Claro;Simples;Reta;Não  ;"1170032   ";Semireboque;SE/RANDON SR SL;"2011      ";"0";"0";"0    ";"0";"0 ";"0    ";"0    ";"0    ";-15.7635170;-48.7006430;SPRF-DF;DEL03-DF;UOP02-DEL03-DF 
650778;"1463070   ";2024-12-23;segunda-feira;13:15:00;GO;"70   ";"59,7 ";COCALZINHO DE GOIAS;Sim;Reação tardia ou ineficiente do condutor;2;Saída de leito carroçável;Com Vítimas Fatais;Pleno dia;Crescente;Céu Claro;Simples;Reta;Não  ;"0         ";"0";NA/NA;"0         ";Testemunha;Não Informado;"0    ";Não Informado;"0 ";"0    ";"0    ";"0    ";-15.7635170;-48.7006430;SPRF-DF;DEL03-DF;UOP02-DEL03-DF 
650778;"1463069   ";2024-12-23;segunda-feira;13:15:00;GO;"70   ";"59,7 ";COCALZINHO DE GOIAS;Sim;Reação tardia ou ineficiente do condutor;2;Saída de leito carroçável;Com Vítimas Fatais;Pleno dia;Crescente;Céu Claro;Simples;Reta;Não  ;"0         ";"0";NA/NA;"0         ";Testemunha;Não Informado;"0    ";Não Informado;"0 ";"0    ";"0    ";"0    ";-15.7635170;-48.7006430;SPRF-DF;DEL03-DF;UOP02-DEL03-DF 
650778;"1462906   ";2024-12-23;segunda-feira;13:15:00;GO;"70   ";"59,7 ";COCALZINHO DE GOIAS;Sim;Reação tardia ou ineficiente do condutor;1;Colisão lateral sentido oposto;Com Vítimas Fatais;Pleno dia;Crescente;Céu Claro;Simples;Reta;Não  ;"1170026   ";Caminhão-trator;VW/29.520 METEOR 6X4;"2022      ";Condutor;Ileso;"43   ";Masculino;"1 ";"0    ";"0    ";"0    ";-15.7635170;-48.7006430;SPRF-DF;DEL03-DF;UOP02-DEL03-DF 
650778;"1462905   ";2024-12-23;segunda-feira;13:15:00;GO;"70   ";"59,7 ";COCALZINHO DE GOIAS;Sim;Reação tardia ou ineficiente do condutor;1;Colisão lateral sentido oposto;Com Vítimas Fatais;Pleno dia;Crescente;Céu Claro;Simples;Reta;Não  ;"1170025   ";Automóvel;RENAULT/DUSTER 16 D 4X2;"2014      ";Condutor;Óbito;"23   ";Masculino;"0 ";"0    ";"0    ";"1    ";-15.7635170;-48.7006430;SPRF-DF;DEL03-DF;UOP02-DEL03-DF 
650778;"0         ";2024-12-23;segunda-feira;13:15:00;GO;"70   ";"59,7 ";COCALZINHO DE GOIAS;Sim;Reação tardia ou ineficiente do condutor;1;Colisão lateral sentido oposto;Com Vítimas Fatais;Pleno dia;Crescente;Céu Claro;Simples;Reta;Não  ;"1170035   ";Semireboque;SR/RANDON;"1987      ";"0";"0";"0    ";"0";"0 ";"0    ";"0    ";"0    ";-15.7635170;-48.7006430;SPRF-DF;DEL03-DF;UOP02-DEL03-DF 
650778;"0         ";2024-12-23;segunda-feira;13:15:00;GO;"70   ";"59,7 ";COCALZINHO DE GOIAS;Sim;Reação tardia ou ineficiente do condutor;1;Colisão lateral sentido oposto;Com Vítimas Fatais;Pleno dia;Crescente;Céu Claro;Simples;Reta;Não  ;"1170032   ";Semireboque;SE/RANDON SR SL;"2011      ";"0";"0";"0    ";"0";"0 ";"0    ";"0    ";"0    ";-15.7635170;-48.7006430;SPRF-DF;DEL03-DF;UOP02-DEL03-DF 
650778;"1463070   ";2024-12-23;segunda-feira;13:15:00;GO;"70   ";"59,7 ";COCALZINHO DE GOIAS;Sim;Reação tardia ou ineficiente do condutor;1;Colisão lateral sentido oposto;Com Vítimas Fatais;Pleno dia;Crescente;Céu Claro;Simples;Reta;Não  ;"0         ";"0";NA/NA;"0         ";Testemunha;Não Informado;"0    ";Não Informado;"0 ";"0    ";"0    ";"0    ";-15.7635170;-48.7006430;SPRF-DF;DEL03-DF;UOP02-DEL03-DF 
650778;"1463069   ";2024-12-23;segunda-feira;13:15:00;GO;"70   ";"59,7 ";COCALZINHO DE GOIAS;Sim;Reação tardia ou ineficiente do condutor;1;Colisão lateral sentido oposto;Com Vítimas Fatais;Pleno dia;Crescente;Céu Claro;Simples;Reta;Não  ;"0         ";"0";NA/NA;"0         ";Testemunha;Não Informado;"0    ";Não Informado;"0 ";"0    ";"0    ";"0    ";-15.7635170;-48.7006430;SPRF-DF;DEL03-DF;UOP02-DEL03-DF 
650836;"1463006   ";2024-12-23;segunda-feira;18:15:00;DF;"40   ";"5    ";BRASILIA;Não;Reação tardia ou ineficiente do condutor;4;Tombamento;Com Vítimas Feridas;Anoitecer;Crescente;Céu Claro;Simples;Reta;Sim  ;"1170090   ";Automóvel;FORD/FIESTA HA 1.6L SE;"2014      ";Condutor;Ileso;"33   ";Masculino;"1 ";"0    ";"0    ";"0    ";-16.0209030;-47.9805410;SPRF-DF;DEL01-DF;UOP01-DEL01-DF 
650836;"1463004   ";2024-12-23;segunda-feira;18:15:00;DF;"40   ";"5    ";BRASILIA;Não;Reação tardia ou ineficiente do condutor;4;Tombamento;Com Vítimas Feridas;Anoitecer;Crescente;Céu Claro;Simples;Reta;Sim  ;"1170088   ";Automóvel;FORD/KA SE 1.0 HA C;"2019      ";Condutor;Ileso;"36   ";Feminino;"1 ";"0    ";"0    ";"0    ";-16.0209030;-47.9805410;SPRF-DF;DEL01-DF;UOP01-DEL01-DF 
650836;"1463002   ";2024-12-23;segunda-feira;18:15:00;DF;"40   ";"5    ";BRASILIA;Não;Reação tardia ou ineficiente do condutor;4;Tombamento;Com Vítimas Feridas;Anoitecer;Crescente;Céu Claro;Simples;Reta;Sim  ;"1170086   ";Motocicleta;HONDA/CG 160 FAN;"2022      ";Passageiro;Lesões Leves;"19   ";Masculino;"0 ";"1    ";"0    ";"0    ";-16.0209030;-47.9805410;SPRF-DF;DEL01-DF;UOP01-DEL01-DF 
650836;"1462999   ";2024-12-23;segunda-feira;18:15:00;DF;"40   ";"5    ";BRASILIA;Não;Reação tardia ou ineficiente do condutor;4;Tombamento;Com Vítimas Feridas;Anoitecer;Crescente;Céu Claro;Simples;Reta;Sim  ;"1170086   ";Motocicleta;HONDA/CG 160 FAN;"2022      ";Condutor;Lesões Leves;"25   ";Masculino;"0 ";"1    ";"0    ";"0    ";-16.0209030;-47.9805410;SPRF-DF;DEL01-DF;UOP01-DEL01-DF 
650836;"1463006   ";2024-12-23;segunda-feira;18:15:00;DF;"40   ";"5    ";BRASILIA;Não;Reação tardia ou ineficiente do condutor;3;Eventos atípicos;Com Vítimas Feridas;Anoitecer;Crescente;Céu Claro;Simples;Reta;Sim  ;"1170090   ";Automóvel;FORD/FIESTA HA 1.6L SE;"2014      ";Condutor;Ileso;"33   ";Masculino;"1 ";"0    ";"0    ";"0    ";-16.0209030;-47.9805410;SPRF-DF;DEL01-DF;UOP01-DEL01-DF 
650836;"1463004   ";2024-12-23;segunda-feira;18:15:00;DF;"40   ";"5    ";BRASILIA;Não;Reação tardia ou ineficiente do condutor;3;Eventos atípicos;Com Vítimas Feridas;Anoitecer;Crescente;Céu Claro;Simples;Reta;Sim  ;"1170088   ";Automóvel;FORD/KA SE 1.0 HA C;"2019      ";Condutor;Ileso;"36   ";Feminino;"1 ";"0    ";"0    ";"0    ";-16.0209030;-47.9805410;SPRF-DF;DEL01-DF;UOP01-DEL01-DF 