id;pesid;data_inversa;dia_semana;horario;uf;br;km;municipio;causa_principal;causa_acidente;ordem_tipo_acidente;tipo_acidente;classificacao_acidente;fase_dia;sentido_via;condicao_metereologica;tipo_pista;tracado_via;uso_solo;id_veiculo;tipo_veiculo;marca;ano_fabricacao_veiculo;tipo_envolvido;estado_fisico;idade;sexo;ilesos;feridos_leves;feridos_graves;mortos;latitude;longitude;regional;delegacia;uop
651138;"1463761   ";2024-12-25;quarta-feira;05:45:00;DF;"20   ";"10   ";BRASILIA;Não;Reação tardia ou ineficiente do condutor;2;Colisão com objeto;Sem Vítimas;Amanhecer;Crescente;Céu Claro;Dupla;"Reta;Declive";Sim  ;"1170575   ";Automóvel;VW/NOVO GOL 1.0;"2013      ";Condutor;Ileso;"20   ";Feminino;"1 ";"0    ";"0    ";"0    ";-15.6502430;-47.7738720;SPRF-DF;DEL02-DF;UOP01-DEL02-DF 
651138;"1463762   ";2024-12-25;quarta-feira;05:45:00;DF;"20   ";"10   ";BRASILIA;Não;Reação tardia ou ineficiente do condutor;1;Saída de leito carroçável;Sem Vítimas;Amanhecer;Crescente;Céu Claro;Dupla;"Reta;Declive";Sim  ;"1170575   ";Automóvel;VW/NOVO GOL 1.0;"2013      ";Passageiro;Ileso;"24   ";Masculino;"1 ";"0    ";"0    ";"0    ";-15.6502430;-47.7738720;SPRF-DF;DEL02-DF;UOP01-DEL02-DF 
651138;"1463761   ";2024-12-25;quarta-feira;05:45:00;DF;"20   ";"10   ";BRASILIA;Não;Reação tardia ou ineficiente do condutor;1;Saída de leito carroçável;Sem Vítimas;Amanhecer;Crescente;Céu Claro;Dupla;"Reta;Declive";Sim  ;"1170575   ";Automóvel;VW/NOVO GOL 1.0;"2013      ";Condutor;Ileso;"20   ";Feminino;"1 ";"0    ";"0    ";"0    ";-15.6502430;-47.7738720;SPRF-DF;DEL02-DF;UOP01-DEL02-DF 
651138;"1463762   ";2024-12-25;quarta-feira;05:45:00;DF;"20   ";"10   ";BRASILIA;Sim;Condutor Dormindo;2;Colisão com objeto;Sem Vítimas;Amanhecer;Crescente;Céu Claro;Dupla;"Reta;Declive";Sim  ;"1170575   ";Automóvel;VW/NOVO GOL 1.0;"2013      ";Passageiro;Ileso;"24   ";Masculino;"1 ";"0    ";"0    ";"0    ";-15.6502430;-47.7738720;SPRF-DF;DEL02-DF;UOP01-DEL02-DF 
651138;"1463761   ";2024-12-25;quarta-feira;05:45:00;DF;"20   ";"10   ";BRASILIA;Sim;Condutor Dormindo;2;Colisão com objeto;Sem Vítimas;Amanhecer;Crescente;Céu Claro;Dupla;"Reta;Declive";Sim  ;"1170575   ";Automóvel;VW/NOVO GOL 1.0;"2013      ";Condutor;Ileso;"20   ";Feminino;"1 ";"0    ";"0    ";"0    ";-15.6502430;-47.7738720;SPRF-DF;DEL02-DF;UOP01-DEL02-DF 
651138;"1463762   ";2024-12-25;quarta-feira;05:45:00;DF;"20   ";"10   ";BRASILIA;Sim;Condutor Dormindo;1;Saída de leito carroçável;Sem Vítimas;Amanhecer;Crescente;Céu Claro;Dupla;"Reta;Declive";Sim  ;"1170575   ";Automóvel;VW/NOVO GOL 1.0;"2013      ";Passageiro;Ileso;"24   ";Masculino;"1 ";"0    ";"0    ";"0    ";-15.6502430;-47.7738720;SPRF-DF;DEL02-DF;UOP01-DEL02-DF 
651138;"1463761   ";2024-12-25;quarta-feira;05:45:00;DF;"20   ";"10   ";BRASILIA;Sim;Condutor Dormindo;1;Saída de leito carroçável;Sem Vítimas;Amanhecer;Crescente;Céu Claro;Dupla;"Reta;Declive";Sim  ;"1170575   ";Automóvel;VW/NOVO GOL 1.0;"2013      ";Condutor;Ileso;"20   ";Feminino;"1 ";"0    ";"0    ";"0    ";-15.6502430;-47.7738720;SPRF-DF;DEL02-DF;UOP01-DEL02-DF 
651366;"1465242   ";2024-12-26;quinta-feira;07:00:00;GO;"60   ";"35   ";ALEXANIA;Sim;Chuva;1;Saída de leito carroçável;Sem Vítimas;Plena Noite;Crescente;Chuva;Dupla;Reta;Sim  ;"1171447   ";Automóvel;GM/KADETT GL;"1996      ";Condutor;Não Informado;"0    ";Não Informado;"0 ";"0    ";"0    ";"0    ";-16.1045000;-48.5242000;SPRF-DF;DEL03-DF;UOP01-DEL03-DF 
651673;"0         ";2024-12-27;sexta-feira;15:30:00;GO;"20   ";"132  ";FLORES DE GOIAS;Não;Carga excessiva e/ou mal acondicionada;2;Colisão com objeto;Com Vítimas Fatais;Pleno dia;Crescente;Chuva;Simples;Reta;Não  ;"1173120   ";Reboque;R/FEDERAL CA;"2010      ";"0";"0";"0    ";"0";"0 ";"0    ";"0    ";"0    ";-14.8326420;-46.7257920;SPRF-DF;DEL02-DF;UOP03-DEL02-DF 
651673;"1470671   ";2024-12-27;sexta-feira;15:30:00;GO;"20   ";"132  ";FLORES DE GOIAS;Não;Carga excessiva e/ou mal acondicionada;2;Colisão com objeto;Com Vítimas Fatais;Pleno dia;Crescente;Chuva;Simples;Reta;Não  ;"1171488   ";Caminhonete;I/FORD RANGER LTD 13P;"2010      ";Condutor;Óbito;"51   ";Masculino;"0 ";"0    ";"0    ";"1    ";-14.8326420;-46.7257920;SPRF-DF;DEL02-DF;UOP03-DEL02-DF 
651673;"1465316   ";2024-12-27;sexta-feira;15:30:00;GO;"20   ";"132  ";FLORES DE GOIAS;Não;Carga excessiva e/ou mal acondicionada;2;Colisão com objeto;Com Vítimas Fatais;Pleno dia;Crescente;Chuva;Simples;Reta;Não  ;"1171488   ";Caminhonete;I/FORD RANGER LTD 13P;"2010      ";Passageiro;Lesões Leves;"27   ";Masculino;"0 ";"1    ";"0    ";"0    ";-14.8326420;-46.7257920;SPRF-DF;DEL02-DF;UOP03-DEL02-DF 
651673;"0         ";2024-12-27;sexta-feira;15:30:00;GO;"20   ";"132  ";FLORES DE GOIAS;Não;Carga excessiva e/ou mal acondicionada;1;Saída de leito carroçável;Com Vítimas Fatais;Pleno dia;Crescente;Chuva;Simples;Reta;Não  ;"1173120   ";Reboque;R/FEDERAL CA;"2010      ";"0";"0";"0    ";"0";"0 ";"0    ";"0    ";"0    ";-14.8326420;-46.7257920;SPRF-DF;DEL02-DF;UOP03-DEL02-DF 
651673;"1470671   ";2024-12-27;sexta-feira;15:30:00;GO;"20   ";"132  ";FLORES DE GOIAS;Não;Carga excessiva e/ou mal acondicionada;1;Saída de leito carroçável;Com Vítimas Fatais;Pleno dia;Crescente;Chuva;Simples;Reta;Não  ;"1171488   ";Caminhonete;I/FORD RANGER LTD 13P;"2010      ";Condutor;Óbito;"51   ";Masculino;"0 ";"0    ";"0    ";"1    ";-14.8326420;-46.7257920;SPRF-DF;DEL02-DF;UOP03-DEL02-DF 
651673;"1465316   ";2024-12-27;sexta-feira;15:30:00;GO;"20   ";"132  ";FLORES DE GOIAS;Não;Carga excessiva e/ou mal acondicionada;1;Saída de leito carroçável;Com Vítimas Fatais;Pleno dia;Crescente;Chuva;Simples;Reta;Não  ;"1171488   ";Caminhonete;I/FORD RANGER LTD 13P;"2010      ";Passageiro;Lesões Leves;"27   ";Masculino;"0 ";"1    ";"0    ";"0    ";-14.8326420;-46.7257920;SPRF-DF;DEL02-DF;UOP03-DEL02-DF 
651673;"0         ";2024-12-27;sexta-feira;15:30:00;GO;"20   ";"132  ";FLORES DE GOIAS;Sim;Chuva;2;Colisão com objeto;Com Vítimas Fatais;Pleno dia;Crescente;Chuva;Simples;Reta;Não  ;"1173120   ";Reboque;R/FEDERAL CA;"2010      ";"0";"0";"0    ";"0";"0 ";"0    ";"0    ";"0    ";-14.8326420;-46.7257920;SPRF-DF;DEL02-DF;UOP03-DEL02-DF 
651673;"1470671   ";2024-12-27;sexta-feira;15:30:00;GO;"20   ";"132  ";FLORES DE GOIAS;Sim;Chuva;2;Colisão com objeto;Com Vítimas Fatais;Pleno dia;Crescente;Chuva;Simples;Reta;Não  ;"1171488   ";Caminhonete;I/FORD RANGER LTD 13P;"2010      ";Condutor;Óbito;"51   ";Masculino;"0 ";"0    ";"0    ";"1    ";-14.8326420;-46.7257920;SPRF-DF;DEL02-DF;UOP03-DEL02-DF 
651673;"1465316   ";2024-12-27;sexta-feira;15:30:00;GO;"20   ";"132  ";FLORES DE GOIAS;Sim;Chuva;2;Colisão com objeto;Com Vítimas Fatais;Pleno dia;Crescente;Chuva;Simples;Reta;Não  ;"1171488   ";Caminhonete;I/FORD RANGER LTD 13P;"2010      ";Passageiro;Lesões Leves;"27   ";Masculino;"0 ";"1    ";"0    ";"0    ";-14.8326420;-46.7257920;SPRF-DF;DEL02-DF;UOP03-DEL02-DF 
651673;"0         ";2024-12-27;sexta-feira;15:30:00;GO;"20   ";"132  ";FLORES DE GOIAS;Sim;Chuva;1;Saída de leito carroçável;Com Vítimas Fatais;Pleno dia;Crescente;Chuva;Simples;Reta;Não  ;"1173120   ";Reboque;R/FEDERAL CA;"2010      ";"0";"0";"0    ";"0";"0 ";"0    ";"0    ";"0    ";-14.8326420;-46.7257920;SPRF-DF;DEL02-DF;UOP03-DEL02-DF 
651673;"1470671   ";2024-12-27;sexta-feira;15:30:00;GO;"20   ";"132  ";FLORES DE GOIAS;Sim;Chuva;1;Saída de leito carroçável;Com Vítimas Fatais;Pleno dia;Crescente;Chuva;Simples;Reta;Não  ;"1171488   ";Caminhonete;I/FORD RANGER LTD 13P;"2010      ";Condutor;Óbito;"51   ";Masculino;"0 ";"0    ";"0    ";"1    ";-14.8326420;-46.7257920;SPRF-DF;DEL02-DF;UOP03-DEL02-DF 
651673;"1465316   ";2024-12-27;sexta-feira;15:30:00;GO;"20   ";"132  ";FLORES DE GOIAS;Sim;Chuva;1;Saída de leito carroçável;Com Vítimas Fatais;Pleno dia;Crescente;Chuva;Simples;Reta;Não  ;"1171488   ";Caminhonete;I/FORD RANGER LTD 13P;"2010      ";Passageiro;Lesões Leves;"27   ";Masculino;"0 ";"1    ";"0    ";"0    ";-14.8326420;-46.7257920;SPRF-DF;DEL02-DF;UOP03-DEL02-DF 
651700;"1465501   ";2024-12-27;sexta-feira;16:50:00;DF;"70   ";"14,7 ";BRASILIA;Sim;Acessar a via sem observar a presença dos outros veículos;2;Saída de leito carroçável;Com Vítimas Feridas;Pleno dia;Crescente;Nublado;Dupla;Curva;Não  ;"1171637   ";Automóvel;TOYOTA/COROLLA GLI18 CVT;"2016      ";Passageiro;Lesões Leves;"69   ";Feminino;"0 ";"1    ";"0    ";"0    ";-15.7973120;-48.1760560;SPRF-DF;DEL03-DF;UOP02-DEL03-DF 
651700;"1465497   ";2024-12-27;sexta-feira;16:50:00;DF;"70   ";"14,7 ";BRASILIA;Sim;Acessar a via sem observar a presença dos outros veículos;2;Saída de leito carroçável;Com Vítimas Feridas;Pleno dia;Crescente;Nublado;Dupla;Curva;Não  ;"1171637   ";Automóvel;TOYOTA/COROLLA GLI18 CVT;"2016      ";Condutor;Ileso;"45   ";Masculino;"1 ";"0    ";"0    ";"0    ";-15.7973120;-48.1760560;SPRF-DF;DEL03-DF;UOP02-DEL03-DF 
651700;"1465496   ";2024-12-27;sexta-feira;16:50:00;DF;"70   ";"14,7 ";BRASILIA;Sim;Acessar a via sem observar a presença dos outros veículos;2;Saída de leito carroçável;Com Vítimas Feridas;Pleno dia;Crescente;Nublado;Dupla;Curva;Não  ;"1171636   ";Automóvel;VW/GOL 1.0;"2010      ";Condutor;Ileso;"75   ";Masculino;"1 ";"0    ";"0    ";"0    ";-15.7973120;-48.1760560;SPRF-DF;DEL03-DF;UOP02-DEL03-DF 
651700;"1465501   ";2024-12-27;sexta-feira;16:50:00;DF;"70   ";"14,7 ";BRASILIA;Sim;Acessar a via sem observar a presença dos outros veículos;1;Colisão transversal;Com Vítimas Feridas;Pleno dia;Crescente;Nublado;Dupla;Curva;Não  ;"1171637   ";Automóvel;TOYOTA/COROLLA GLI18 CVT;"2016      ";Passageiro;Lesões Leves;"69   ";Feminino;"0 ";"1    ";"0    ";"0    ";-15.7973120;-48.1760560;SPRF-DF;DEL03-DF;UOP02-DEL03-DF 
651700;"1465497   ";2024-12-27;sexta-feira;16:50:00;DF;"70   ";"14,7 ";BRASILIA;Sim;Acessar a via sem observar a presença dos outros veículos;1;Colisão transversal;Com Vítimas Feridas;Pleno dia;Crescente;Nublado;Dupla;Curva;Não  ;"1171637   ";Automóvel;TOYOTA/COROLLA GLI18 CVT;"2016      ";Condutor;Ileso;"45   ";Masculino;"1 ";"0    ";"0    ";"0    ";-15.7973120;-48.1760560;SPRF-DF;DEL03-DF;UOP02-DEL03-DF 
651700;"1465496   ";2024-12-27;sexta-feira;16:50:00;DF;"70   ";"14,7 ";BRASILIA;Sim;Acessar a via sem observar a presença dos outros veículos;1;Colisão transversal;Com Vítimas Feridas;Pleno dia;Crescente;Nublado;Dupla;Curva;Não  ;"1171636   ";Automóvel;VW/GOL 1.0;"2010      ";Condutor;Ileso;"75   ";Masculino;"1 ";"0    ";"0    ";"0    ";-15.7973120;-48.1760560;SPRF-DF;DEL03-DF;UOP02-DEL03-DF 
651805;"1465703   ";2024-12-28;sábado;06:40:00;DF;"60   ";"5    ";BRASILIA;Não;Reação tardia ou ineficiente do condutor;1;Colisão com objeto;Sem Vítimas;Pleno dia;Crescente;Nublado;Dupla;Retorno Regulamentado;Sim  ;"1171792   ";Automóvel;HYUNDAI/HB20 10M COMFORT;"2024      ";Condutor;Ileso;"0    ";Masculino;"1 ";"0    ";"0    ";"0    ";-15.8954380;-48.1047710;SPRF-DF;DEL03-DF;UOP01-DEL03-DF 
651805;"1465703   ";2024-12-28;sábado;06:40:00;DF;"60   ";"5    ";BRASILIA;Não;Reação tardia ou ineficiente do condutor;3;Capotamento;Sem Vítimas;Pleno dia;Crescente;Nublado;Dupla;Retorno Regulamentado;Sim  ;"1171792   ";Automóvel;HYUNDAI/HB20 10M COMFORT;"2024      ";Condutor;Ileso;"0    ";Masculino;"1 ";"0    ";"0    ";"0    ";-15.8954380;-48.1047710;SPRF-DF;DEL03-DF;UOP01-DEL03-DF 
651805;"1465703   ";2024-12-28;sábado;06:40:00;DF;"60   ";"5    ";BRASILIA;Não;Reação tardia ou ineficiente do condutor;2;Saída de leito carroçável;Sem Vítimas;Pleno dia;Crescente;Nublado;Dupla;Retorno Regulamentado;Sim  ;"1171792   ";Automóvel;HYUNDAI/HB20 10M COMFORT;"2024      ";Condutor;Ileso;"0    ";Masculino;"1 ";"0    ";"0    ";"0    ";-15.8954380;-48.1047710;SPRF-DF;DEL03-DF;UOP01-DEL03-DF 
651805;"1465703   ";2024-12-28;sábado;06:40:00;DF;"60   ";"5    ";BRASILIA;Sim;Velocidade Incompatível;1;Colisão com objeto;Sem Vítimas;Pleno dia;Crescente;Nublado;Dupla;Retorno Regulamentado;Sim  ;"1171792   ";Automóvel;HYUNDAI/HB20 10M COMFORT;"2024      ";Condutor;Ileso;"0    ";Masculino;"1 ";"0    ";"0    ";"0    ";-15.8954380;-48.1047710;SPRF-DF;DEL03-DF;UOP01-DEL03-DF 
651805;"1465703   ";2024-12-28;sábado;06:40:00;DF;"60   ";"5    ";BRASILIA;Sim;Velocidade Incompatível;3;Capotamento;Sem Vítimas;Pleno dia;Crescente;Nublado;Dupla;Retorno Regulamentado;Sim  ;"1171792   ";Automóvel;HYUNDAI/HB20 10M COMFORT;"2024      ";Condutor;Ileso;"0    ";Masculino;"1 ";"0    ";"0    ";"0    ";-15.8954380;-48.1047710;SPRF-DF;DEL03-DF;UOP01-DEL03-DF 
651805;"1465703   ";2024-12-28;sábado;06:40:00;DF;"60   ";"5    ";BRASILIA;Sim;Velocidade Incompatível;2;Saída de leito carroçável;Sem Vítimas;Pleno dia;Crescente;Nublado;Dupla;Retorno Regulamentado;Sim  ;"1171792   ";Automóvel;HYUNDAI/HB20 10M COMFORT;"2024      ";Condutor;Ileso;"0    ";Masculino;"1 ";"0    ";"0    ";"0    ";-15.8954380;-48.1047710;SPRF-DF;DEL03-DF;UOP01-DEL03-DF 
651820;"1465779   ";2024-12-28;sábado;08:10:00;DF;"20   ";"10   ";BRASILIA;Sim;Manobra de mudança de faixa;1;Colisão lateral mesmo sentido;Com Vítimas Feridas;Pleno dia;Crescente;Nublado;Dupla;Reta;Sim  ;"1171833   ";Automóvel;HONDA/HR-V EX CVT;"2020      ";Condutor;Ileso;"48   ";Feminino;"1 ";"0    ";"0    ";"0    ";-15.6502430;-47.7738720;SPRF-DF;DEL02-DF;UOP01-DEL02-DF 
651820;"1465778   ";2024-12-28;sábado;08:10:00;DF;"20   ";"10   ";BRASILIA;Sim;Manobra de mudança de faixa;1;Colisão lateral mesmo sentido;Com Vítimas Feridas;Pleno dia;Crescente;Nublado;Dupla;Reta;Sim  ;"1171832   ";Motocicleta;HONDA/CG 160 TITAN;"2023      ";Condutor;Lesões Graves;"23   ";Masculino;"0 ";"0    ";"1    ";"0    ";-15.6502430;-47.7738720;SPRF-DF;DEL02-DF;UOP01-DEL02-DF 
651867;"1466086   ";2024-12-28;sábado;13:00:00;GO;"60   ";"52   ";ABADIANIA;Sim;Ausência de reação do condutor;1;Colisão com objeto;Com Vítimas Feridas;Pleno dia;Decrescente;Chuva;Dupla;Reta;Não  ;"1171962   ";Automóvel;VW/UP TAKE MA;"2014      ";Condutor;Lesões Leves;"33   ";Feminino;"0 ";"1    ";"0    ";"0    ";-16.1702000;-48.6402000;SPRF-GO;DEL02-GO;UOP01-DEL02-GO 
651888;"1466116   ";2024-12-28;sábado;13:45:00;GO;"40   ";"42   ";LUZIANIA;Sim;Acumulo de água sobre o pavimento;1;Capotamento;Com Vítimas Feridas;Pleno dia;Crescente;Chuva;Simples;Curva;Não  ;"1171984   ";Automóvel;CHEVROLET/COBALT 1.4 LT;"2012      ";Condutor;Lesões Leves;"28   ";Masculino;"0 ";"1    ";"0    ";"0    ";-16.3767600;-47.8305350;SPRF-DF;DEL01-DF;UOP02-DEL01-DF 
651888;"1466122   ";2024-12-28;sábado;13:45:00;GO;"40   ";"42   ";LUZIANIA;Sim;Acumulo de água sobre o pavimento;1;Capotamento;Com Vítimas Feridas;Pleno dia;Crescente;Chuva;Simples;Curva;Não  ;"1171984   ";Automóvel;CHEVROLET/COBALT 1.4 LT;"2012      ";Passageiro;Ileso;"7    ";Feminino;"1 ";"0    ";"0    ";"0    ";-16.3767600;-47.8305350;SPRF-DF;DEL01-DF;UOP02-DEL01-DF 
651888;"1466117   ";2024-12-28;sábado;13:45:00;GO;"40   ";"42   ";LUZIANIA;Sim;Acumulo de água sobre o pavimento;1;Capotamento;Com Vítimas Feridas;Pleno dia;Crescente;Chuva;Simples;Curva;Não  ;"1171984   ";Automóvel;CHEVROLET/COBALT 1.4 LT;"2012      ";Passageiro;Ileso;"28   ";Feminino;"1 ";"0    ";"0    ";"0    ";-16.3767600;-47.8305350;SPRF-DF;DEL01-DF;UOP02-DEL01-DF 
651888;"1466119   ";2024-12-28;sábado;13:45:00;GO;"40   ";"42   ";LUZIANIA;Sim;Acumulo de água sobre o pavimento;1;Capotamento;Com Vítimas Feridas;Pleno dia;Crescente;Chuva;Simples;Curva;Não  ;"1171984   ";Automóvel;CHEVROLET/COBALT 1.4 LT;"2012      ";Passageiro;Ileso;"2    ";Feminino;"1 ";"0    ";"0    ";"0    ";-16.3767600;-47.8305350;SPRF-DF;DEL01-DF;UOP02-DEL01-DF 
651896;"1465978   ";2024-12-28;sábado;15:20:00;DF;"60   ";"6    ";BRASILIA;Sim;Manobra de mudança de faixa;1;Colisão traseira;Sem Vítimas;Pleno dia;Crescente;Garoa/Chuvisco;Dupla;Reta;Sim  ;"1171929   ";Caminhonete;GM/S10 EXECUTIVE 2.8 4X4;"2005      ";Condutor;Ileso;"43   ";Masculino;"1 ";"0    ";"0    ";"0    ";-15.8979390;-48.1130560;SPRF-DF;DEL03-DF;UOP01-DEL03-DF 
651896;"1465977   ";2024-12-28;sábado;15:20:00;DF;"60   ";"6    ";BRASILIA;Sim;Manobra de mudança de faixa;1;Colisão traseira;Sem Vítimas;Pleno dia;Crescente;Garoa/Chuvisco;Dupla;Reta;Sim  ;"1171923   ";Automóvel;CHEV/PRISMA 1.4MT LT;"2016      ";Condutor;Ileso;"43   ";Masculino;"1 ";"0    ";"0    ";"0    ";-15.8979390;-48.1130560;SPRF-DF;DEL03-DF;UOP01-DEL03-DF 
651949;"1466300   ";2024-12-28;sábado;20:45:00;GO;"40   ";"26,1 ";LUZIANIA;Não;Reação tardia ou ineficiente do condutor;2;Atropelamento de Pedestre;Com Vítimas Fatais;Plena Noite;Decrescente;Nublado;Dupla;Curva;Não  ;"1172105   ";Caminhão;Não Informado/Não Informado;"0         ";Condutor;Não Informado;"0    ";Não Informado;"0 ";"0    ";"0    ";"0    ";-16.2597980;-47.8949310;SPRF-DF;DEL01-DF;UOP01-DEL01-DF 
651949;"1466291   ";2024-12-28;sábado;20:45:00;GO;"40   ";"26,1 ";LUZIANIA;Não;Reação tardia ou ineficiente do condutor;2;Atropelamento de Pedestre;Com Vítimas Fatais;Plena Noite;Decrescente;Nublado;Dupla;Curva;Não  ;"1172104   ";Motocicleta;Não Informado/Não Informado;"0         ";Condutor;Óbito;"41   ";Masculino;"0 ";"0    ";"0    ";"1    ";-16.2597980;-47.8949310;SPRF-DF;DEL01-DF;UOP01-DEL01-DF 
651949;"1466300   ";2024-12-28;sábado;20:45:00;GO;"40   ";"26,1 ";LUZIANIA;Não;Reação tardia ou ineficiente do condutor;1;Queda de ocupante de veículo;Com Vítimas Fatais;Plena Noite;Decrescente;Nublado;Dupla;Curva;Não  ;"1172105   ";Caminhão;Não Informado/Não Informado;"0         ";Condutor;Não Informado;"0    ";Não Informado;"0 ";"0    ";"0    ";"0    ";-16.2597980;-47.8949310;SPRF-DF;DEL01-DF;UOP01-DEL01-DF 
651949;"1466291   ";2024-12-28;sábado;20:45:00;GO;"40   ";"26,1 ";LUZIANIA;Não;Reação tardia ou ineficiente do condutor;1;Queda de ocupante de veículo;Com Vítimas Fatais;Plena Noite;Decrescente;Nublado;Dupla;Curva;Não  ;"1172104   ";Motocicleta;Não Informado/Não Informado;"0         ";Condutor;Óbito;"41   ";Masculino;"0 ";"0    ";"0    ";"1    ";-16.2597980;-47.8949310;SPRF-DF;DEL01-DF;UOP01-DEL01-DF 
651949;"1466300   ";2024-12-28;sábado;20:45:00;GO;"40   ";"26,1 ";LUZIANIA;Não;Ausência de reação do condutor;2;Atropelamento de Pedestre;Com Vítimas Fatais;Plena Noite;Decrescente;Nublado;Dupla;Curva;Não  ;"1172105   ";Caminhão;Não Informado/Não Informado;"0         ";Condutor;Não Informado;"0    ";Não Informado;"0 ";"0    ";"0    ";"0    ";-16.2597980;-47.8949310;SPRF-DF;DEL01-DF;UOP01-DEL01-DF 
651949;"1466291   ";2024-12-28;sábado;20:45:00;GO;"40   ";"26,1 ";LUZIANIA;Não;Ausência de reação do condutor;2;Atropelamento de Pedestre;Com Vítimas Fatais;Plena Noite;Decrescente;Nublado;Dupla;Curva;Não  ;"1172104   ";Motocicleta;Não Informado/Não Informado;"0         ";Condutor;Óbito;"41   ";Masculino;"0 ";"0    ";"0    ";"1    ";-16.2597980;-47.8949310;SPRF-DF;DEL01-DF;UOP01-DEL01-DF 
651949;"1466300   ";2024-12-28;sábado;20:45:00;GO;"40   ";"26,1 ";LUZIANIA;Não;Ausência de reação do condutor;1;Queda de ocupante de veículo;Com Vítimas Fatais;Plena Noite;Decrescente;Nublado;Dupla;Curva;Não  ;"1172105   ";Caminhão;Não Informado/Não Informado;"0         ";Condutor;Não Informado;"0    ";Não Informado;"0 ";"0    ";"0    ";"0    ";-16.2597980;-47.8949310;SPRF-DF;DEL01-DF;UOP01-DEL01-DF 
651949;"1466291   ";2024-12-28;sábado;20:45:00;GO;"40   ";"26,1 ";LUZIANIA;Não;Ausência de reação do condutor;1;Queda de ocupante de veículo;Com Vítimas Fatais;Plena Noite;Decrescente;Nublado;Dupla;Curva;Não  ;"1172104   ";Motocicleta;Não Informado/Não Informado;"0         ";Condutor;Óbito;"41   ";Masculino;"0 ";"0    ";"0    ";"1    ";-16.2597980;-47.8949310;SPRF-DF;DEL01-DF;UOP01-DEL01-DF 
651949;"1466300   ";2024-12-28;sábado;20:45:00;GO;"40   ";"26,1 ";LUZIANIA;Sim;Manobra de mudança de faixa;2;Atropelamento de Pedestre;Com Vítimas Fatais;Plena Noite;Decrescente;Nublado;Dupla;Curva;Não  ;"1172105   ";Caminhão;Não Informado/Não Informado;"0         ";Condutor;Não Informado;"0    ";Não Informado;"0 ";"0    ";"0    ";"0    ";-16.2597980;-47.8949310;SPRF-DF;DEL01-DF;UOP01-DEL01-DF 
651949;"1466291   ";2024-12-28;sábado;20:45:00;GO;"40   ";"26,1 ";LUZIANIA;Sim;Manobra de mudança de faixa;2;Atropelamento de Pedestre;Com Vítimas Fatais;Plena Noite;Decrescente;Nublado;Dupla;Curva;Não  ;"1172104   ";Motocicleta;Não Informado/Não Informado;"0         ";Condutor;Óbito;"41   ";Masculino;"0 ";"0    ";"0    ";"1    ";-16.2597980;-47.8949310;SPRF-DF;DEL01-DF;UOP01-DEL01-DF 
651949;"1466300   ";2024-12-28;sábado;20:45:00;GO;"40   ";"26,1 ";LUZIANIA;Sim;Manobra de mudança de faixa;1;Queda de ocupante de veículo;Com Vítimas Fatais;Plena Noite;Decrescente;Nublado;Dupla;Curva;Não  ;"1172105   ";Caminhão;Não Informado/Não Informado;"0         ";Condutor;Não Informado;"0    ";Não Informado;"0 ";"0    ";"0    ";"0    ";-16.2597980;-47.8949310;SPRF-DF;DEL01-DF;UOP01-DEL01-DF 
651949;"1466291   ";2024-12-28;sábado;20:45:00;GO;"40   ";"26,1 ";LUZIANIA;Sim;Manobra de mudança de faixa;1;Queda de ocupante de veículo;Com Vítimas Fatais;Plena Noite;Decrescente;Nublado;Dupla;Curva;Não  ;"1172104   ";Motocicleta;Não Informado/Não Informado;"0         ";Condutor;Óbito;"41   ";Masculino;"0 ";"0    ";"0    ";"1    ";-16.2597980;-47.8949310;SPRF-DF;DEL01-DF;UOP01-DEL01-DF 
651955;"1466777   ";2024-12-28;sábado;22:02:00;GO;"40   ";"10   ";LUZIANIA;Não;Condutor usando celular;1;Colisão lateral mesmo sentido;Com Vítimas Feridas;Plena Noite;Decrescente;Chuva;Dupla;Reta;Sim  ;"1172405   ";Automóvel;VW/FOX 1.0;"2007      ";Condutor;Ileso;"26   ";Feminino;"1 ";"0    ";"0    ";"0    ";-16.1311580;-47.9577390;SPRF-DF;DEL01-DF;UOP01-DEL01-DF 
651955;"1466776   ";2024-12-28;sábado;22:02:00;GO;"40   ";"10   ";LUZIANIA;Não;Condutor usando celular;1;Colisão lateral mesmo sentido;Com Vítimas Feridas;Plena Noite;Decrescente;Chuva;Dupla;Reta;Sim  ;"1172084   ";Automóvel;FIAT/ARGO DRIVE 1.0;"2019      ";Condutor;Ileso;"23   ";Masculino;"1 ";"0    ";"0    ";"0    ";-16.1311580;-47.9577390;SPRF-DF;DEL01-DF;UOP01-DEL01-DF 
651955;"1466778   ";2024-12-28;sábado;22:02:00;GO;"40   ";"10   ";LUZIANIA;Sim;Ausência de reação do condutor;1;Colisão lateral mesmo sentido;Com Vítimas Feridas;Plena Noite;Decrescente;Chuva;Dupla;Reta;Sim  ;"1172405   ";Automóvel;VW/FOX 1.0;"2007      ";Passageiro;Lesões Leves;"28   ";Masculino;"0 ";"1    ";"0    ";"0    ";-16.1311580;-47.9577390;SPRF-DF;DEL01-DF;UOP01-DEL01-DF 