id;pesid;data_inversa;dia_semana;horario;uf;br;km;municipio;causa_principal;causa_acidente;ordem_tipo_acidente;tipo_acidente;classificacao_acidente;fase_dia;sentido_via;condicao_metereologica;tipo_pista;tracado_via;uso_solo;id_veiculo;tipo_veiculo;marca;ano_fabricacao_veiculo;tipo_envolvido;estado_fisico;idade;sexo;ilesos;feridos_leves;feridos_graves;mortos;latitude;longitude;regional;delegacia;uop
651955;"1466777   ";2024-12-28;sábado;22:02:00;GO;"40   ";"10   ";LUZIANIA;Sim;Ausência de reação do condutor;1;Colisão lateral mesmo sentido;Com Vítimas Feridas;Plena Noite;Decrescente;Chuva;Dupla;Reta;Sim  ;"1172405   ";Automóvel;VW/FOX 1.0;"2007      ";Condutor;Ileso;"26   ";Feminino;"1 ";"0    ";"0    ";"0    ";-16.1311580;-47.9577390;SPRF-DF;DEL01-DF;UOP01-DEL01-DF 
651955;"1466776   ";2024-12-28;sábado;22:02:00;GO;"40   ";"10   ";LUZIANIA;Sim;Ausência de reação do condutor;1;Colisão lateral mesmo sentido;Com Vítimas Feridas;Plena Noite;Decrescente;Chuva;Dupla;Reta;Sim  ;"1172084   ";Automóvel;FIAT/ARGO DRIVE 1.0;"2019      ";Condutor;Ileso;"23   ";Masculino;"1 ";"0    ";"0    ";"0    ";-16.1311580;-47.9577390;SPRF-DF;DEL01-DF;UOP01-DEL01-DF 
652020;"1466502   ";2024-12-29;domingo;11:30:00;GO;"60   ";"23,2 ";ALEXANIA;Sim;Acessar a via sem observar a presença dos outros veículos;2;Saída de leito carroçável;Com Vítimas Feridas;Pleno dia;Decrescente;Nublado;Dupla;"Retorno Regulamentado;Reta";Não  ;"1172223   ";Automóvel;HYUNDAI/HB20X 16A VISION;"2020      ";Passageiro;Lesões Leves;"18   ";Feminino;"0 ";"1    ";"0    ";"0    ";-16.0963000;-48.5202000;SPRF-DF;DEL03-DF;UOP01-DEL03-DF 
652020;"1466500   ";2024-12-29;domingo;11:30:00;GO;"60   ";"23,2 ";ALEXANIA;Sim;Acessar a via sem observar a presença dos outros veículos;2;Saída de leito carroçável;Com Vítimas Feridas;Pleno dia;Decrescente;Nublado;Dupla;"Retorno Regulamentado;Reta";Não  ;"1172223   ";Automóvel;HYUNDAI/HB20X 16A VISION;"2020      ";Passageiro;Lesões Leves;"80   ";Feminino;"0 ";"1    ";"0    ";"0    ";-16.0963000;-48.5202000;SPRF-DF;DEL03-DF;UOP01-DEL03-DF 
652020;"1466498   ";2024-12-29;domingo;11:30:00;GO;"60   ";"23,2 ";ALEXANIA;Sim;Acessar a via sem observar a presença dos outros veículos;2;Saída de leito carroçável;Com Vítimas Feridas;Pleno dia;Decrescente;Nublado;Dupla;"Retorno Regulamentado;Reta";Não  ;"1172223   ";Automóvel;HYUNDAI/HB20X 16A VISION;"2020      ";Condutor;Ileso;"40   ";Feminino;"1 ";"0    ";"0    ";"0    ";-16.0963000;-48.5202000;SPRF-DF;DEL03-DF;UOP01-DEL03-DF 
652020;"1466497   ";2024-12-29;domingo;11:30:00;GO;"60   ";"23,2 ";ALEXANIA;Sim;Acessar a via sem observar a presença dos outros veículos;2;Saída de leito carroçável;Com Vítimas Feridas;Pleno dia;Decrescente;Nublado;Dupla;"Retorno Regulamentado;Reta";Não  ;"1172221   ";Caminhonete;RENAULT/OROCH 20 DYN42;"2021      ";Condutor;Ileso;"54   ";Masculino;"1 ";"0    ";"0    ";"0    ";-16.0963000;-48.5202000;SPRF-DF;DEL03-DF;UOP01-DEL03-DF 
652020;"1466502   ";2024-12-29;domingo;11:30:00;GO;"60   ";"23,2 ";ALEXANIA;Sim;Acessar a via sem observar a presença dos outros veículos;1;Colisão lateral mesmo sentido;Com Vítimas Feridas;Pleno dia;Decrescente;Nublado;Dupla;"Retorno Regulamentado;Reta";Não  ;"1172223   ";Automóvel;HYUNDAI/HB20X 16A VISION;"2020      ";Passageiro;Lesões Leves;"18   ";Feminino;"0 ";"1    ";"0    ";"0    ";-16.0963000;-48.5202000;SPRF-DF;DEL03-DF;UOP01-DEL03-DF 
652020;"1466500   ";2024-12-29;domingo;11:30:00;GO;"60   ";"23,2 ";ALEXANIA;Sim;Acessar a via sem observar a presença dos outros veículos;1;Colisão lateral mesmo sentido;Com Vítimas Feridas;Pleno dia;Decrescente;Nublado;Dupla;"Retorno Regulamentado;Reta";Não  ;"1172223   ";Automóvel;HYUNDAI/HB20X 16A VISION;"2020      ";Passageiro;Lesões Leves;"80   ";Feminino;"0 ";"1    ";"0    ";"0    ";-16.0963000;-48.5202000;SPRF-DF;DEL03-DF;UOP01-DEL03-DF 
652020;"1466498   ";2024-12-29;domingo;11:30:00;GO;"60   ";"23,2 ";ALEXANIA;Sim;Acessar a via sem observar a presença dos outros veículos;1;Colisão lateral mesmo sentido;Com Vítimas Feridas;Pleno dia;Decrescente;Nublado;Dupla;"Retorno Regulamentado;Reta";Não  ;"1172223   ";Automóvel;HYUNDAI/HB20X 16A VISION;"2020      ";Condutor;Ileso;"40   ";Feminino;"1 ";"0    ";"0    ";"0    ";-16.0963000;-48.5202000;SPRF-DF;DEL03-DF;UOP01-DEL03-DF 
652020;"1466497   ";2024-12-29;domingo;11:30:00;GO;"60   ";"23,2 ";ALEXANIA;Sim;Acessar a via sem observar a presença dos outros veículos;1;Colisão lateral mesmo sentido;Com Vítimas Feridas;Pleno dia;Decrescente;Nublado;Dupla;"Retorno Regulamentado;Reta";Não  ;"1172221   ";Caminhonete;RENAULT/OROCH 20 DYN42;"2021      ";Condutor;Ileso;"54   ";Masculino;"1 ";"0    ";"0    ";"0    ";-16.0963000;-48.5202000;SPRF-DF;DEL03-DF;UOP01-DEL03-DF 
652274;"1467158   ";2024-12-30;segunda-feira;19:50:00;GO;"40   ";"51,9 ";LUZIANIA;Sim;Animais na Pista;1;Atropelamento de Animal;Com Vítimas Feridas;Plena Noite;Decrescente;Nublado;Dupla;Reta;Não  ;"1172602   ";Automóvel;GM/KADETT GLS;"1998      ";Condutor;Lesões Graves;"26   ";Masculino;"0 ";"0    ";"1    ";"0    ";-16.4502110;-47.8081340;SPRF-DF;DEL01-DF;UOP02-DEL01-DF 
652366;"1467472   ";2024-12-31;terça-feira;10:10:00;GO;"20   ";"146  ";ALVORADA DO NORTE;Sim;Condutor Dormindo;1;Colisão lateral sentido oposto;Com Vítimas Feridas;Pleno dia;Decrescente;Céu Claro;Simples;Curva;Não  ;"1172817   ";Caminhão-trator;DAF/XF FTS 530 SSC;"2024      ";Condutor;Ileso;"36   ";Masculino;"1 ";"0    ";"0    ";"0    ";-14.7346580;-46.6529080;SPRF-DF;DEL02-DF;UOP03-DEL02-DF 
652366;"1467470   ";2024-12-31;terça-feira;10:10:00;GO;"20   ";"146  ";ALVORADA DO NORTE;Sim;Condutor Dormindo;1;Colisão lateral sentido oposto;Com Vítimas Feridas;Pleno dia;Decrescente;Céu Claro;Simples;Curva;Não  ;"1172816   ";Caminhonete;I/TOYOTA HILUX CDSRXA4FD;"2024      ";Passageiro;Ileso;"38   ";Masculino;"1 ";"0    ";"0    ";"0    ";-14.7346580;-46.6529080;SPRF-DF;DEL02-DF;UOP03-DEL02-DF 
652366;"1467469   ";2024-12-31;terça-feira;10:10:00;GO;"20   ";"146  ";ALVORADA DO NORTE;Sim;Condutor Dormindo;1;Colisão lateral sentido oposto;Com Vítimas Feridas;Pleno dia;Decrescente;Céu Claro;Simples;Curva;Não  ;"1172816   ";Caminhonete;I/TOYOTA HILUX CDSRXA4FD;"2024      ";Condutor;Ileso;"50   ";Masculino;"1 ";"0    ";"0    ";"0    ";-14.7346580;-46.6529080;SPRF-DF;DEL02-DF;UOP03-DEL02-DF 
652366;"1467467   ";2024-12-31;terça-feira;10:10:00;GO;"20   ";"146  ";ALVORADA DO NORTE;Sim;Condutor Dormindo;1;Colisão lateral sentido oposto;Com Vítimas Feridas;Pleno dia;Decrescente;Céu Claro;Simples;Curva;Não  ;"1172815   ";Automóvel;HYUNDAI/HB20 1.6A COMF;"2016      ";Condutor;Lesões Leves;"60   ";Feminino;"0 ";"1    ";"0    ";"0    ";-14.7346580;-46.6529080;SPRF-DF;DEL02-DF;UOP03-DEL02-DF 
652366;"0         ";2024-12-31;terça-feira;10:10:00;GO;"20   ";"146  ";ALVORADA DO NORTE;Sim;Condutor Dormindo;1;Colisão lateral sentido oposto;Com Vítimas Feridas;Pleno dia;Decrescente;Céu Claro;Simples;Curva;Não  ;"1172818   ";Semireboque;SR/RANDON SR FG;"2019      ";"0";"0";"0    ";"0";"0 ";"0    ";"0    ";"0    ";-14.7346580;-46.6529080;SPRF-DF;DEL02-DF;UOP03-DEL02-DF 
652372;"1467504   ";2024-12-31;terça-feira;11:20:00;GO;"40   ";"96,3 ";CRISTALINA;Sim;Acessar a via sem observar a presença dos outros veículos;1;Colisão transversal;Com Vítimas Feridas;Pleno dia;Crescente;Céu Claro;Simples;Rotatória;Sim  ;"1172840   ";Motocicleta;HONDA/NXR160 BROS ESDD;"2022      ";Passageiro;Lesões Leves;"31   ";Masculino;"0 ";"1    ";"0    ";"0    ";-16.7576800;-47.6016130;SPRF-DF;DEL01-DF;UOP02-DEL01-DF 
652372;"1467503   ";2024-12-31;terça-feira;11:20:00;GO;"40   ";"96,3 ";CRISTALINA;Sim;Acessar a via sem observar a presença dos outros veículos;1;Colisão transversal;Com Vítimas Feridas;Pleno dia;Crescente;Céu Claro;Simples;Rotatória;Sim  ;"1172840   ";Motocicleta;HONDA/NXR160 BROS ESDD;"2022      ";Condutor;Ileso;"50   ";Masculino;"1 ";"0    ";"0    ";"0    ";-16.7576800;-47.6016130;SPRF-DF;DEL01-DF;UOP02-DEL01-DF 
652372;"1467499   ";2024-12-31;terça-feira;11:20:00;GO;"40   ";"96,3 ";CRISTALINA;Sim;Acessar a via sem observar a presença dos outros veículos;1;Colisão transversal;Com Vítimas Feridas;Pleno dia;Crescente;Céu Claro;Simples;Rotatória;Sim  ;"1172839   ";Automóvel;GM/KADETT SL;"0         ";Condutor;Não Informado;"0    ";Não Informado;"0 ";"0    ";"0    ";"0    ";-16.7576800;-47.6016130;SPRF-DF;DEL01-DF;UOP02-DEL01-DF 
652383;"1467492   ";2024-12-31;terça-feira;15:00:00;GO;"40   ";"9    ";LUZIANIA;Sim;Pedestre - Ingestão de álcool/ substâncias psicoativas;1;Atropelamento de Pedestre;Com Vítimas Feridas;Pleno dia;Crescente;Nublado;Dupla;Reta;Sim  ;"1172838   ";Automóvel;TOYOTA/FIELDER;"2005      ";Condutor;Ileso;"44   ";Masculino;"1 ";"0    ";"0    ";"0    ";-16.1311580;-47.9577390;SPRF-DF;DEL01-DF;UOP01-DEL01-DF 
652383;"1467493   ";2024-12-31;terça-feira;15:00:00;GO;"40   ";"9    ";LUZIANIA;Sim;Pedestre - Ingestão de álcool/ substâncias psicoativas;1;Atropelamento de Pedestre;Com Vítimas Feridas;Pleno dia;Crescente;Nublado;Dupla;Reta;Sim  ;"0         ";"0";NA/NA;"0         ";Pedestre;Lesões Leves;"37   ";Masculino;"0 ";"1    ";"0    ";"0    ";-16.1311580;-47.9577390;SPRF-DF;DEL01-DF;UOP01-DEL01-DF 
655619;"1476313   ";2024-11-21;quinta-feira;04:30:00;GO;"60   ";"11   ";ALEXANIA;Sim;Condutor deixou de manter distância do veículo da frente;1;Colisão traseira;Sem Vítimas;Amanhecer;Decrescente;Ignorado;Dupla;Reta;Sim  ;"1178865   ";Caminhão;M.BENZ/L 1313;"0         ";Condutor;Não Informado;"0    ";Não Informado;"0 ";"0    ";"0    ";"0    ";-16.1149950;-48.3248530;SPRF-DF;DEL03-DF;UOP01-DEL03-DF 
655619;"1476312   ";2024-11-21;quinta-feira;04:30:00;GO;"60   ";"11   ";ALEXANIA;Sim;Condutor deixou de manter distância do veículo da frente;1;Colisão traseira;Sem Vítimas;Amanhecer;Decrescente;Ignorado;Dupla;Reta;Sim  ;"1178864   ";Caminhonete;HYUNDA/HR;"0         ";Condutor;Não Informado;"0    ";Não Informado;"0 ";"0    ";"0    ";"0    ";-16.1149950;-48.3248530;SPRF-DF;DEL03-DF;UOP01-DEL03-DF 
656408;"1478522   ";2024-10-26;sábado;19:00:00;DF;"251  ";"28   ";BRASILIA;Sim;Ultrapassagem Indevida;2;Colisão frontal;Com Vítimas Feridas;Plena Noite;Crescente;Céu Claro;Simples;Declive;Não  ;"1180328   ";Caminhonete;FIAT/STRADA HD WK CD E;"2017      ";Condutor;Lesões Graves;"58   ";Masculino;"0 ";"0    ";"1    ";"0    ";-15.9505600;-47.7020910;SPRF-DF;DEL01-DF;UOP01-DEL01-DF 
656408;"1478616   ";2024-10-26;sábado;19:00:00;DF;"251  ";"28   ";BRASILIA;Sim;Ultrapassagem Indevida;2;Colisão frontal;Com Vítimas Feridas;Plena Noite;Crescente;Céu Claro;Simples;Declive;Não  ;"1180327   ";Automóvel;VW/VIRTUS MF;"2018      ";Condutor;Lesões Graves;"62   ";Masculino;"0 ";"0    ";"1    ";"0    ";-15.9505600;-47.7020910;SPRF-DF;DEL01-DF;UOP01-DEL01-DF 
656408;"1478613   ";2024-10-26;sábado;19:00:00;DF;"251  ";"28   ";BRASILIA;Sim;Ultrapassagem Indevida;2;Colisão frontal;Com Vítimas Feridas;Plena Noite;Crescente;Céu Claro;Simples;Declive;Não  ;"1180327   ";Automóvel;VW/VIRTUS MF;"2018      ";Passageiro;Lesões Graves;"46   ";Feminino;"0 ";"0    ";"1    ";"0    ";-15.9505600;-47.7020910;SPRF-DF;DEL01-DF;UOP01-DEL01-DF 
656408;"1478519   ";2024-10-26;sábado;19:00:00;DF;"251  ";"28   ";BRASILIA;Sim;Ultrapassagem Indevida;2;Colisão frontal;Com Vítimas Feridas;Plena Noite;Crescente;Céu Claro;Simples;Declive;Não  ;"1180326   ";Automóvel;VW/GOL 1.6L MB5;"2020      ";Condutor;Lesões Graves;"27   ";Masculino;"0 ";"0    ";"1    ";"0    ";-15.9505600;-47.7020910;SPRF-DF;DEL01-DF;UOP01-DEL01-DF 
656408;"1478522   ";2024-10-26;sábado;19:00:00;DF;"251  ";"28   ";BRASILIA;Sim;Ultrapassagem Indevida;1;Colisão frontal;Com Vítimas Feridas;Plena Noite;Crescente;Céu Claro;Simples;Declive;Não  ;"1180328   ";Caminhonete;FIAT/STRADA HD WK CD E;"2017      ";Condutor;Lesões Graves;"58   ";Masculino;"0 ";"0    ";"1    ";"0    ";-15.9505600;-47.7020910;SPRF-DF;DEL01-DF;UOP01-DEL01-DF 
656408;"1478616   ";2024-10-26;sábado;19:00:00;DF;"251  ";"28   ";BRASILIA;Sim;Ultrapassagem Indevida;1;Colisão frontal;Com Vítimas Feridas;Plena Noite;Crescente;Céu Claro;Simples;Declive;Não  ;"1180327   ";Automóvel;VW/VIRTUS MF;"2018      ";Condutor;Lesões Graves;"62   ";Masculino;"0 ";"0    ";"1    ";"0    ";-15.9505600;-47.7020910;SPRF-DF;DEL01-DF;UOP01-DEL01-DF 
656408;"1478613   ";2024-10-26;sábado;19:00:00;DF;"251  ";"28   ";BRASILIA;Sim;Ultrapassagem Indevida;1;Colisão frontal;Com Vítimas Feridas;Plena Noite;Crescente;Céu Claro;Simples;Declive;Não  ;"1180327   ";Automóvel;VW/VIRTUS MF;"2018      ";Passageiro;Lesões Graves;"46   ";Feminino;"0 ";"0    ";"1    ";"0    ";-15.9505600;-47.7020910;SPRF-DF;DEL01-DF;UOP01-DEL01-DF 
656408;"1478519   ";2024-10-26;sábado;19:00:00;DF;"251  ";"28   ";BRASILIA;Sim;Ultrapassagem Indevida;1;Colisão frontal;Com Vítimas Feridas;Plena Noite;Crescente;Céu Claro;Simples;Declive;Não  ;"1180326   ";Automóvel;VW/GOL 1.6L MB5;"2020      ";Condutor;Lesões Graves;"27   ";Masculino;"0 ";"0    ";"1    ";"0    ";-15.9505600;-47.7020910;SPRF-DF;DEL01-DF;UOP01-DEL01-DF 
656468;"1478656   ";2024-12-06;sexta-feira;06:40:00;GO;"60   ";"0,6  ";SANTO ANTONIO DO DESCOBERTO;Não;Neblina;4;Colisão traseira;Com Vítimas Feridas;Pleno dia;Decrescente;Nevoeiro/Neblina;Dupla;"Aclive;Reta";Sim  ;"1180439   ";Automóvel;FORD/FIESTA SEDAN1.6FLEX;"2008      ";Condutor;Ileso;"63   ";Feminino;"1 ";"0    ";"0    ";"0    ";-16.0571430;-48.2615720;SPRF-DF;DEL03-DF;UOP01-DEL03-DF 
656468;"1478657   ";2024-12-06;sexta-feira;06:40:00;GO;"60   ";"0,6  ";SANTO ANTONIO DO DESCOBERTO;Não;Neblina;4;Colisão traseira;Com Vítimas Feridas;Pleno dia;Decrescente;Nevoeiro/Neblina;Dupla;"Aclive;Reta";Sim  ;"1180438   ";Automóvel;HONDA/CIVIC LXR;"2014      ";Passageiro;Lesões Graves;"51   ";Feminino;"0 ";"0    ";"1    ";"0    ";-16.0571430;-48.2615720;SPRF-DF;DEL03-DF;UOP01-DEL03-DF 
656468;"1478655   ";2024-12-06;sexta-feira;06:40:00;GO;"60   ";"0,6  ";SANTO ANTONIO DO DESCOBERTO;Não;Neblina;4;Colisão traseira;Com Vítimas Feridas;Pleno dia;Decrescente;Nevoeiro/Neblina;Dupla;"Aclive;Reta";Sim  ;"1180438   ";Automóvel;HONDA/CIVIC LXR;"2014      ";Condutor;Lesões Leves;"51   ";Masculino;"0 ";"1    ";"0    ";"0    ";-16.0571430;-48.2615720;SPRF-DF;DEL03-DF;UOP01-DEL03-DF 
656468;"1478654   ";2024-12-06;sexta-feira;06:40:00;GO;"60   ";"0,6  ";SANTO ANTONIO DO DESCOBERTO;Não;Neblina;4;Colisão traseira;Com Vítimas Feridas;Pleno dia;Decrescente;Nevoeiro/Neblina;Dupla;"Aclive;Reta";Sim  ;"1180437   ";Caminhão;VW/14.150;"1994      ";Condutor;Ileso;"47   ";Masculino;"1 ";"0    ";"0    ";"0    ";-16.0571430;-48.2615720;SPRF-DF;DEL03-DF;UOP01-DEL03-DF 
656468;"1478656   ";2024-12-06;sexta-feira;06:40:00;GO;"60   ";"0,6  ";SANTO ANTONIO DO DESCOBERTO;Não;Neblina;3;Capotamento;Com Vítimas Feridas;Pleno dia;Decrescente;Nevoeiro/Neblina;Dupla;"Aclive;Reta";Sim  ;"1180439   ";Automóvel;FORD/FIESTA SEDAN1.6FLEX;"2008      ";Condutor;Ileso;"63   ";Feminino;"1 ";"0    ";"0    ";"0    ";-16.0571430;-48.2615720;SPRF-DF;DEL03-DF;UOP01-DEL03-DF 
656468;"1478657   ";2024-12-06;sexta-feira;06:40:00;GO;"60   ";"0,6  ";SANTO ANTONIO DO DESCOBERTO;Não;Neblina;3;Capotamento;Com Vítimas Feridas;Pleno dia;Decrescente;Nevoeiro/Neblina;Dupla;"Aclive;Reta";Sim  ;"1180438   ";Automóvel;HONDA/CIVIC LXR;"2014      ";Passageiro;Lesões Graves;"51   ";Feminino;"0 ";"0    ";"1    ";"0    ";-16.0571430;-48.2615720;SPRF-DF;DEL03-DF;UOP01-DEL03-DF 
656468;"1478655   ";2024-12-06;sexta-feira;06:40:00;GO;"60   ";"0,6  ";SANTO ANTONIO DO DESCOBERTO;Não;Neblina;3;Capotamento;Com Vítimas Feridas;Pleno dia;Decrescente;Nevoeiro/Neblina;Dupla;"Aclive;Reta";Sim  ;"1180438   ";Automóvel;HONDA/CIVIC LXR;"2014      ";Condutor;Lesões Leves;"51   ";Masculino;"0 ";"1    ";"0    ";"0    ";-16.0571430;-48.2615720;SPRF-DF;DEL03-DF;UOP01-DEL03-DF 
656468;"1478654   ";2024-12-06;sexta-feira;06:40:00;GO;"60   ";"0,6  ";SANTO ANTONIO DO DESCOBERTO;Não;Neblina;3;Capotamento;Com Vítimas Feridas;Pleno dia;Decrescente;Nevoeiro/Neblina;Dupla;"Aclive;Reta";Sim  ;"1180437   ";Caminhão;VW/14.150;"1994      ";Condutor;Ileso;"47   ";Masculino;"1 ";"0    ";"0    ";"0    ";-16.0571430;-48.2615720;SPRF-DF;DEL03-DF;UOP01-DEL03-DF 
656468;"1478656   ";2024-12-06;sexta-feira;06:40:00;GO;"60   ";"0,6  ";SANTO ANTONIO DO DESCOBERTO;Não;Neblina;2;Saída de leito carroçável;Com Vítimas Feridas;Pleno dia;Decrescente;Nevoeiro/Neblina;Dupla;"Aclive;Reta";Sim  ;"1180439   ";Automóvel;FORD/FIESTA SEDAN1.6FLEX;"2008      ";Condutor;Ileso;"63   ";Feminino;"1 ";"0    ";"0    ";"0    ";-16.0571430;-48.2615720;SPRF-DF;DEL03-DF;UOP01-DEL03-DF 
656468;"1478657   ";2024-12-06;sexta-feira;06:40:00;GO;"60   ";"0,6  ";SANTO ANTONIO DO DESCOBERTO;Não;Neblina;2;Saída de leito carroçável;Com Vítimas Feridas;Pleno dia;Decrescente;Nevoeiro/Neblina;Dupla;"Aclive;Reta";Sim  ;"1180438   ";Automóvel;HONDA/CIVIC LXR;"2014      ";Passageiro;Lesões Graves;"51   ";Feminino;"0 ";"0    ";"1    ";"0    ";-16.0571430;-48.2615720;SPRF-DF;DEL03-DF;UOP01-DEL03-DF 
656468;"1478655   ";2024-12-06;sexta-feira;06:40:00;GO;"60   ";"0,6  ";SANTO ANTONIO DO DESCOBERTO;Não;Neblina;2;Saída de leito carroçável;Com Vítimas Feridas;Pleno dia;Decrescente;Nevoeiro/Neblina;Dupla;"Aclive;Reta";Sim  ;"1180438   ";Automóvel;HONDA/CIVIC LXR;"2014      ";Condutor;Lesões Leves;"51   ";Masculino;"0 ";"1    ";"0    ";"0    ";-16.0571430;-48.2615720;SPRF-DF;DEL03-DF;UOP01-DEL03-DF 
656468;"1478654   ";2024-12-06;sexta-feira;06:40:00;GO;"60   ";"0,6  ";SANTO ANTONIO DO DESCOBERTO;Não;Neblina;2;Saída de leito carroçável;Com Vítimas Feridas;Pleno dia;Decrescente;Nevoeiro/Neblina;Dupla;"Aclive;Reta";Sim  ;"1180437   ";Caminhão;VW/14.150;"1994      ";Condutor;Ileso;"47   ";Masculino;"1 ";"0    ";"0    ";"0    ";-16.0571430;-48.2615720;SPRF-DF;DEL03-DF;UOP01-DEL03-DF 
656468;"1478656   ";2024-12-06;sexta-feira;06:40:00;GO;"60   ";"0,6  ";SANTO ANTONIO DO DESCOBERTO;Não;Neblina;1;Colisão lateral mesmo sentido;Com Vítimas Feridas;Pleno dia;Decrescente;Nevoeiro/Neblina;Dupla;"Aclive;Reta";Sim  ;"1180439   ";Automóvel;FORD/FIESTA SEDAN1.6FLEX;"2008      ";Condutor;Ileso;"63   ";Feminino;"1 ";"0    ";"0    ";"0    ";-16.0571430;-48.2615720;SPRF-DF;DEL03-DF;UOP01-DEL03-DF 
656468;"1478657   ";2024-12-06;sexta-feira;06:40:00;GO;"60   ";"0,6  ";SANTO ANTONIO DO DESCOBERTO;Não;Neblina;1;Colisão lateral mesmo sentido;Com Vítimas Feridas;Pleno dia;Decrescente;Nevoeiro/Neblina;Dupla;"Aclive;Reta";Sim  ;"1180438   ";Automóvel;HONDA/CIVIC LXR;"2014      ";Passageiro;Lesões Graves;"51   ";Feminino;"0 ";"0    ";"1    ";"0    ";-16.0571430;-48.2615720;SPRF-DF;DEL03-DF;UOP01-DEL03-DF 
656468;"1478655   ";2024-12-06;sexta-feira;06:40:00;GO;"60   ";"0,6  ";SANTO ANTONIO DO DESCOBERTO;Não;Neblina;1;Colisão lateral mesmo sentido;Com Vítimas Feridas;Pleno dia;Decrescente;Nevoeiro/Neblina;Dupla;"Aclive;Reta";Sim  ;"1180438   ";Automóvel;HONDA/CIVIC LXR;"2014      ";Condutor;Lesões Leves;"51   ";Masculino;"0 ";"1    ";"0    ";"0    ";-16.0571430;-48.2615720;SPRF-DF;DEL03-DF;UOP01-DEL03-DF 
656468;"1478654   ";2024-12-06;sexta-feira;06:40:00;GO;"60   ";"0,6  ";SANTO ANTONIO DO DESCOBERTO;Não;Neblina;1;Colisão lateral mesmo sentido;Com Vítimas Feridas;Pleno dia;Decrescente;Nevoeiro/Neblina;Dupla;"Aclive;Reta";Sim  ;"1180437   ";Caminhão;VW/14.150;"1994      ";Condutor;Ileso;"47   ";Masculino;"1 ";"0    ";"0    ";"0    ";-16.0571430;-48.2615720;SPRF-DF;DEL03-DF;UOP01-DEL03-DF 
656468;"1478656   ";2024-12-06;sexta-feira;06:40:00;GO;"60   ";"0,6  ";SANTO ANTONIO DO DESCOBERTO;Sim;Manobra de mudança de faixa;4;Colisão traseira;Com Vítimas Feridas;Pleno dia;Decrescente;Nevoeiro/Neblina;Dupla;"Aclive;Reta";Sim  ;"1180439   ";Automóvel;FORD/FIESTA SEDAN1.6FLEX;"2008      ";Condutor;Ileso;"63   ";Feminino;"1 ";"0    ";"0    ";"0    ";-16.0571430;-48.2615720;SPRF-DF;DEL03-DF;UOP01-DEL03-DF 
656468;"1478657   ";2024-12-06;sexta-feira;06:40:00;GO;"60   ";"0,6  ";SANTO ANTONIO DO DESCOBERTO;Sim;Manobra de mudança de faixa;4;Colisão traseira;Com Vítimas Feridas;Pleno dia;Decrescente;Nevoeiro/Neblina;Dupla;"Aclive;Reta";Sim  ;"1180438   ";Automóvel;HONDA/CIVIC LXR;"2014      ";Passageiro;Lesões Graves;"51   ";Feminino;"0 ";"0    ";"1    ";"0    ";-16.0571430;-48.2615720;SPRF-DF;DEL03-DF;UOP01-DEL03-DF 
656468;"1478655   ";2024-12-06;sexta-feira;06:40:00;GO;"60   ";"0,6  ";SANTO ANTONIO DO DESCOBERTO;Sim;Manobra de mudança de faixa;4;Colisão traseira;Com Vítimas Feridas;Pleno dia;Decrescente;Nevoeiro/Neblina;Dupla;"Aclive;Reta";Sim  ;"1180438   ";Automóvel;HONDA/CIVIC LXR;"2014      ";Condutor;Lesões Leves;"51   ";Masculino;"0 ";"1    ";"0    ";"0    ";-16.0571430;-48.2615720;SPRF-DF;DEL03-DF;UOP01-DEL03-DF 
656468;"1478654   ";2024-12-06;sexta-feira;06:40:00;GO;"60   ";"0,6  ";SANTO ANTONIO DO DESCOBERTO;Sim;Manobra de mudança de faixa;4;Colisão traseira;Com Vítimas Feridas;Pleno dia;Decrescente;Nevoeiro/Neblina;Dupla;"Aclive;Reta";Sim  ;"1180437   ";Caminhão;VW/14.150;"1994      ";Condutor;Ileso;"47   ";Masculino;"1 ";"0    ";"0    ";"0    ";-16.0571430;-48.2615720;SPRF-DF;DEL03-DF;UOP01-DEL03-DF 
656468;"1478656   ";2024-12-06;sexta-feira;06:40:00;GO;"60   ";"0,6  ";SANTO ANTONIO DO DESCOBERTO;Sim;Manobra de mudança de faixa;3;Capotamento;Com Vítimas Feridas;Pleno dia;Decrescente;Nevoeiro/Neblina;Dupla;"Aclive;Reta";Sim  ;"1180439   ";Automóvel;FORD/FIESTA SEDAN1.6FLEX;"2008      ";Condutor;Ileso;"63   ";Feminino;"1 ";"0    ";"0    ";"0    ";-16.0571430;-48.2615720;SPRF-DF;DEL03-DF;UOP01-DEL03-DF 
656468;"1478657   ";2024-12-06;sexta-feira;06:40:00;GO;"60   ";"0,6  ";SANTO ANTONIO DO DESCOBERTO;Sim;Manobra de mudança de faixa;3;Capotamento;Com Vítimas Feridas;Pleno dia;Decrescente;Nevoeiro/Neblina;Dupla;"Aclive;Reta";Sim  ;"1180438   ";Automóvel;HONDA/CIVIC LXR;"2014      ";Passageiro;Lesões Graves;"51   ";Feminino;"0 ";"0    ";"1    ";"0    ";-16.0571430;-48.2615720;SPRF-DF;DEL03-DF;UOP01-DEL03-DF 
656468;"1478655   ";2024-12-06;sexta-feira;06:40:00;GO;"60   ";"0,6  ";SANTO ANTONIO DO DESCOBERTO;Sim;Manobra de mudança de faixa;3;Capotamento;Com Vítimas Feridas;Pleno dia;Decrescente;Nevoeiro/Neblina;Dupla;"Aclive;Reta";Sim  ;"1180438   ";Automóvel;HONDA/CIVIC LXR;"2014      ";Condutor;Lesões Leves;"51   ";Masculino;"0 ";"1    ";"0    ";"0    ";-16.0571430;-48.2615720;SPRF-DF;DEL03-DF;UOP01-DEL03-DF 
656468;"1478654   ";2024-12-06;sexta-feira;06:40:00;GO;"60   ";"0,6  ";SANTO ANTONIO DO DESCOBERTO;Sim;Manobra de mudança de faixa;3;Capotamento;Com Vítimas Feridas;Pleno dia;Decrescente;Nevoeiro/Neblina;Dupla;"Aclive;Reta";Sim  ;"1180437   ";Caminhão;VW/14.150;"1994      ";Condutor;Ileso;"47   ";Masculino;"1 ";"0    ";"0    ";"0    ";-16.0571430;-48.2615720;SPRF-DF;DEL03-DF;UOP01-DEL03-DF 