id;pesid;data_inversa;dia_semana;horario;uf;br;km;municipio;causa_principal;causa_acidente;ordem_tipo_acidente;tipo_acidente;classificacao_acidente;fase_dia;sentido_via;condicao_metereologica;tipo_pista;tracado_via;uso_solo;id_veiculo;tipo_veiculo;marca;ano_fabricacao_veiculo;tipo_envolvido;estado_fisico;idade;sexo;ilesos;feridos_leves;feridos_graves;mortos;latitude;longitude;regional;delegacia;uop
657728;"0         ";2024-12-06;sexta-feira;11:38:00;DF;"60   ";"28,5 ";BRASILIA;Sim;Velocidade Incompatível;3;Capotamento;Com Vítimas Feridas;Pleno dia;Crescente;Céu Claro;Dupla;"Declive;Curva";Não  ;"1182809   ";Semireboque;SR/METALESP SILOCAR BT22;"2013      ";"0";"0";"0    ";"0";"0 ";"0    ";"0    ";"0    ";-16.0251051;-48.2531923;SPRF-DF;DEL03-DF;UOP01-DEL03-DF 
657728;"0         ";2024-12-06;sexta-feira;11:38:00;DF;"60   ";"28,5 ";BRASILIA;Sim;Velocidade Incompatível;3;Capotamento;Com Vítimas Feridas;Pleno dia;Crescente;Céu Claro;Dupla;"Declive;Curva";Não  ;"1182808   ";Semireboque;SR/METALESP SILOCAR BD22;"2013      ";"0";"0";"0    ";"0";"0 ";"0    ";"0    ";"0    ";-16.0251051;-48.2531923;SPRF-DF;DEL03-DF;UOP01-DEL03-DF 
657728;"1481916   ";2024-12-06;sexta-feira;11:38:00;DF;"60   ";"28,5 ";BRASILIA;Sim;Velocidade Incompatível;3;Capotamento;Com Vítimas Feridas;Pleno dia;Crescente;Céu Claro;Dupla;"Declive;Curva";Não  ;"1182807   ";Automóvel;CHEV/ONIX PLUS 10MT LT2;"2023      ";Condutor;Ileso;"46   ";Feminino;"1 ";"0    ";"0    ";"0    ";-16.0251051;-48.2531923;SPRF-DF;DEL03-DF;UOP01-DEL03-DF 
657728;"1481915   ";2024-12-06;sexta-feira;11:38:00;DF;"60   ";"28,5 ";BRASILIA;Sim;Velocidade Incompatível;3;Capotamento;Com Vítimas Feridas;Pleno dia;Crescente;Céu Claro;Dupla;"Declive;Curva";Não  ;"1182806   ";Caminhão;VW/17.190 CRM 4X2 ROB;"2021      ";Condutor;Ileso;"53   ";Masculino;"1 ";"0    ";"0    ";"0    ";-16.0251051;-48.2531923;SPRF-DF;DEL03-DF;UOP01-DEL03-DF 
657728;"1481914   ";2024-12-06;sexta-feira;11:38:00;DF;"60   ";"28,5 ";BRASILIA;Sim;Velocidade Incompatível;3;Capotamento;Com Vítimas Feridas;Pleno dia;Crescente;Céu Claro;Dupla;"Declive;Curva";Não  ;"1182805   ";Caminhonete;FIAT/TORO RANCH AT9 D4;"2019      ";Passageiro;Lesões Leves;"70   ";Feminino;"0 ";"1    ";"0    ";"0    ";-16.0251051;-48.2531923;SPRF-DF;DEL03-DF;UOP01-DEL03-DF 
657728;"1481913   ";2024-12-06;sexta-feira;11:38:00;DF;"60   ";"28,5 ";BRASILIA;Sim;Velocidade Incompatível;3;Capotamento;Com Vítimas Feridas;Pleno dia;Crescente;Céu Claro;Dupla;"Declive;Curva";Não  ;"1182805   ";Caminhonete;FIAT/TORO RANCH AT9 D4;"2019      ";Condutor;Lesões Leves;"71   ";Masculino;"0 ";"1    ";"0    ";"0    ";-16.0251051;-48.2531923;SPRF-DF;DEL03-DF;UOP01-DEL03-DF 
657728;"1481912   ";2024-12-06;sexta-feira;11:38:00;DF;"60   ";"28,5 ";BRASILIA;Sim;Velocidade Incompatível;3;Capotamento;Com Vítimas Feridas;Pleno dia;Crescente;Céu Claro;Dupla;"Declive;Curva";Não  ;"1182804   ";Utilitário;I/TOYOTA HILUX SWSR A2GF;"2018      ";Condutor;Ileso;"56   ";Feminino;"1 ";"0    ";"0    ";"0    ";-16.0251051;-48.2531923;SPRF-DF;DEL03-DF;UOP01-DEL03-DF 
657728;"1481911   ";2024-12-06;sexta-feira;11:38:00;DF;"60   ";"28,5 ";BRASILIA;Sim;Velocidade Incompatível;2;Saída de leito carroçável;Com Vítimas Feridas;Pleno dia;Crescente;Céu Claro;Dupla;"Declive;Curva";Não  ;"1182803   ";Caminhão-trator;IVECO/STRALIS 740S46TZ;"2011      ";Condutor;Ileso;"47   ";Masculino;"1 ";"0    ";"0    ";"0    ";-16.0251051;-48.2531923;SPRF-DF;DEL03-DF;UOP01-DEL03-DF 
657728;"0         ";2024-12-06;sexta-feira;11:38:00;DF;"60   ";"28,5 ";BRASILIA;Sim;Velocidade Incompatível;2;Saída de leito carroçável;Com Vítimas Feridas;Pleno dia;Crescente;Céu Claro;Dupla;"Declive;Curva";Não  ;"1182809   ";Semireboque;SR/METALESP SILOCAR BT22;"2013      ";"0";"0";"0    ";"0";"0 ";"0    ";"0    ";"0    ";-16.0251051;-48.2531923;SPRF-DF;DEL03-DF;UOP01-DEL03-DF 
657728;"0         ";2024-12-06;sexta-feira;11:38:00;DF;"60   ";"28,5 ";BRASILIA;Sim;Velocidade Incompatível;2;Saída de leito carroçável;Com Vítimas Feridas;Pleno dia;Crescente;Céu Claro;Dupla;"Declive;Curva";Não  ;"1182808   ";Semireboque;SR/METALESP SILOCAR BD22;"2013      ";"0";"0";"0    ";"0";"0 ";"0    ";"0    ";"0    ";-16.0251051;-48.2531923;SPRF-DF;DEL03-DF;UOP01-DEL03-DF 
657728;"1481916   ";2024-12-06;sexta-feira;11:38:00;DF;"60   ";"28,5 ";BRASILIA;Sim;Velocidade Incompatível;2;Saída de leito carroçável;Com Vítimas Feridas;Pleno dia;Crescente;Céu Claro;Dupla;"Declive;Curva";Não  ;"1182807   ";Automóvel;CHEV/ONIX PLUS 10MT LT2;"2023      ";Condutor;Ileso;"46   ";Feminino;"1 ";"0    ";"0    ";"0    ";-16.0251051;-48.2531923;SPRF-DF;DEL03-DF;UOP01-DEL03-DF 
657728;"1481915   ";2024-12-06;sexta-feira;11:38:00;DF;"60   ";"28,5 ";BRASILIA;Sim;Velocidade Incompatível;2;Saída de leito carroçável;Com Vítimas Feridas;Pleno dia;Crescente;Céu Claro;Dupla;"Declive;Curva";Não  ;"1182806   ";Caminhão;VW/17.190 CRM 4X2 ROB;"2021      ";Condutor;Ileso;"53   ";Masculino;"1 ";"0    ";"0    ";"0    ";-16.0251051;-48.2531923;SPRF-DF;DEL03-DF;UOP01-DEL03-DF 
657728;"1481914   ";2024-12-06;sexta-feira;11:38:00;DF;"60   ";"28,5 ";BRASILIA;Sim;Velocidade Incompatível;2;Saída de leito carroçável;Com Vítimas Feridas;Pleno dia;Crescente;Céu Claro;Dupla;"Declive;Curva";Não  ;"1182805   ";Caminhonete;FIAT/TORO RANCH AT9 D4;"2019      ";Passageiro;Lesões Leves;"70   ";Feminino;"0 ";"1    ";"0    ";"0    ";-16.0251051;-48.2531923;SPRF-DF;DEL03-DF;UOP01-DEL03-DF 
657728;"1481913   ";2024-12-06;sexta-feira;11:38:00;DF;"60   ";"28,5 ";BRASILIA;Sim;Velocidade Incompatível;2;Saída de leito carroçável;Com Vítimas Feridas;Pleno dia;Crescente;Céu Claro;Dupla;"Declive;Curva";Não  ;"1182805   ";Caminhonete;FIAT/TORO RANCH AT9 D4;"2019      ";Condutor;Lesões Leves;"71   ";Masculino;"0 ";"1    ";"0    ";"0    ";-16.0251051;-48.2531923;SPRF-DF;DEL03-DF;UOP01-DEL03-DF 
657728;"1481912   ";2024-12-06;sexta-feira;11:38:00;DF;"60   ";"28,5 ";BRASILIA;Sim;Velocidade Incompatível;2;Saída de leito carroçável;Com Vítimas Feridas;Pleno dia;Crescente;Céu Claro;Dupla;"Declive;Curva";Não  ;"1182804   ";Utilitário;I/TOYOTA HILUX SWSR A2GF;"2018      ";Condutor;Ileso;"56   ";Feminino;"1 ";"0    ";"0    ";"0    ";-16.0251051;-48.2531923;SPRF-DF;DEL03-DF;UOP01-DEL03-DF 
657728;"1481911   ";2024-12-06;sexta-feira;11:38:00;DF;"60   ";"28,5 ";BRASILIA;Sim;Velocidade Incompatível;1;Colisão traseira;Com Vítimas Feridas;Pleno dia;Crescente;Céu Claro;Dupla;"Declive;Curva";Não  ;"1182803   ";Caminhão-trator;IVECO/STRALIS 740S46TZ;"2011      ";Condutor;Ileso;"47   ";Masculino;"1 ";"0    ";"0    ";"0    ";-16.0251051;-48.2531923;SPRF-DF;DEL03-DF;UOP01-DEL03-DF 
657728;"0         ";2024-12-06;sexta-feira;11:38:00;DF;"60   ";"28,5 ";BRASILIA;Sim;Velocidade Incompatível;1;Colisão traseira;Com Vítimas Feridas;Pleno dia;Crescente;Céu Claro;Dupla;"Declive;Curva";Não  ;"1182809   ";Semireboque;SR/METALESP SILOCAR BT22;"2013      ";"0";"0";"0    ";"0";"0 ";"0    ";"0    ";"0    ";-16.0251051;-48.2531923;SPRF-DF;DEL03-DF;UOP01-DEL03-DF 
657728;"0         ";2024-12-06;sexta-feira;11:38:00;DF;"60   ";"28,5 ";BRASILIA;Sim;Velocidade Incompatível;1;Colisão traseira;Com Vítimas Feridas;Pleno dia;Crescente;Céu Claro;Dupla;"Declive;Curva";Não  ;"1182808   ";Semireboque;SR/METALESP SILOCAR BD22;"2013      ";"0";"0";"0    ";"0";"0 ";"0    ";"0    ";"0    ";-16.0251051;-48.2531923;SPRF-DF;DEL03-DF;UOP01-DEL03-DF 
657728;"1481916   ";2024-12-06;sexta-feira;11:38:00;DF;"60   ";"28,5 ";BRASILIA;Sim;Velocidade Incompatível;1;Colisão traseira;Com Vítimas Feridas;Pleno dia;Crescente;Céu Claro;Dupla;"Declive;Curva";Não  ;"1182807   ";Automóvel;CHEV/ONIX PLUS 10MT LT2;"2023      ";Condutor;Ileso;"46   ";Feminino;"1 ";"0    ";"0    ";"0    ";-16.0251051;-48.2531923;SPRF-DF;DEL03-DF;UOP01-DEL03-DF 
657728;"1481915   ";2024-12-06;sexta-feira;11:38:00;DF;"60   ";"28,5 ";BRASILIA;Sim;Velocidade Incompatível;1;Colisão traseira;Com Vítimas Feridas;Pleno dia;Crescente;Céu Claro;Dupla;"Declive;Curva";Não  ;"1182806   ";Caminhão;VW/17.190 CRM 4X2 ROB;"2021      ";Condutor;Ileso;"53   ";Masculino;"1 ";"0    ";"0    ";"0    ";-16.0251051;-48.2531923;SPRF-DF;DEL03-DF;UOP01-DEL03-DF 
657728;"1481914   ";2024-12-06;sexta-feira;11:38:00;DF;"60   ";"28,5 ";BRASILIA;Sim;Velocidade Incompatível;1;Colisão traseira;Com Vítimas Feridas;Pleno dia;Crescente;Céu Claro;Dupla;"Declive;Curva";Não  ;"1182805   ";Caminhonete;FIAT/TORO RANCH AT9 D4;"2019      ";Passageiro;Lesões Leves;"70   ";Feminino;"0 ";"1    ";"0    ";"0    ";-16.0251051;-48.2531923;SPRF-DF;DEL03-DF;UOP01-DEL03-DF 
657728;"1481913   ";2024-12-06;sexta-feira;11:38:00;DF;"60   ";"28,5 ";BRASILIA;Sim;Velocidade Incompatível;1;Colisão traseira;Com Vítimas Feridas;Pleno dia;Crescente;Céu Claro;Dupla;"Declive;Curva";Não  ;"1182805   ";Caminhonete;FIAT/TORO RANCH AT9 D4;"2019      ";Condutor;Lesões Leves;"71   ";Masculino;"0 ";"1    ";"0    ";"0    ";-16.0251051;-48.2531923;SPRF-DF;DEL03-DF;UOP01-DEL03-DF 
657728;"1481912   ";2024-12-06;sexta-feira;11:38:00;DF;"60   ";"28,5 ";BRASILIA;Sim;Velocidade Incompatível;1;Colisão traseira;Com Vítimas Feridas;Pleno dia;Crescente;Céu Claro;Dupla;"Declive;Curva";Não  ;"1182804   ";Utilitário;I/TOYOTA HILUX SWSR A2GF;"2018      ";Condutor;Ileso;"56   ";Feminino;"1 ";"0    ";"0    ";"0    ";-16.0251051;-48.2531923;SPRF-DF;DEL03-DF;UOP01-DEL03-DF 
658488;"1483922   ";2024-12-18;quarta-feira;15:40:00;DF;"20   ";"12,5 ";BRASILIA;Sim;Acessar a via sem observar a presença dos outros veículos;4;Saída de leito carroçável;Com Vítimas Feridas;Pleno dia;Decrescente;Chuva;Dupla;"Retorno Regulamentado;Reta;Em Obras";Não  ;"1184323   ";Caminhão;FORD/CARGO 2629 6X4;"2012      ";Condutor;Ileso;"41   ";Masculino;"1 ";"0    ";"0    ";"0    ";-15.6405750;-47.7536530;SPRF-DF;DEL02-DF;UOP01-DEL02-DF 
658488;"1483921   ";2024-12-18;quarta-feira;15:40:00;DF;"20   ";"12,5 ";BRASILIA;Sim;Acessar a via sem observar a presença dos outros veículos;4;Saída de leito carroçável;Com Vítimas Feridas;Pleno dia;Decrescente;Chuva;Dupla;"Retorno Regulamentado;Reta;Em Obras";Não  ;"1184322   ";Motocicleta;HONDA/CG 160 FAN;"2023      ";Condutor;Lesões Graves;"29   ";Masculino;"0 ";"0    ";"1    ";"0    ";-15.6405750;-47.7536530;SPRF-DF;DEL02-DF;UOP01-DEL02-DF 
658488;"1483922   ";2024-12-18;quarta-feira;15:40:00;DF;"20   ";"12,5 ";BRASILIA;Sim;Acessar a via sem observar a presença dos outros veículos;3;Queda de ocupante de veículo;Com Vítimas Feridas;Pleno dia;Decrescente;Chuva;Dupla;"Retorno Regulamentado;Reta;Em Obras";Não  ;"1184323   ";Caminhão;FORD/CARGO 2629 6X4;"2012      ";Condutor;Ileso;"41   ";Masculino;"1 ";"0    ";"0    ";"0    ";-15.6405750;-47.7536530;SPRF-DF;DEL02-DF;UOP01-DEL02-DF 
658488;"1483921   ";2024-12-18;quarta-feira;15:40:00;DF;"20   ";"12,5 ";BRASILIA;Sim;Acessar a via sem observar a presença dos outros veículos;3;Queda de ocupante de veículo;Com Vítimas Feridas;Pleno dia;Decrescente;Chuva;Dupla;"Retorno Regulamentado;Reta;Em Obras";Não  ;"1184322   ";Motocicleta;HONDA/CG 160 FAN;"2023      ";Condutor;Lesões Graves;"29   ";Masculino;"0 ";"0    ";"1    ";"0    ";-15.6405750;-47.7536530;SPRF-DF;DEL02-DF;UOP01-DEL02-DF 
658488;"1483922   ";2024-12-18;quarta-feira;15:40:00;DF;"20   ";"12,5 ";BRASILIA;Sim;Acessar a via sem observar a presença dos outros veículos;2;Tombamento;Com Vítimas Feridas;Pleno dia;Decrescente;Chuva;Dupla;"Retorno Regulamentado;Reta;Em Obras";Não  ;"1184323   ";Caminhão;FORD/CARGO 2629 6X4;"2012      ";Condutor;Ileso;"41   ";Masculino;"1 ";"0    ";"0    ";"0    ";-15.6405750;-47.7536530;SPRF-DF;DEL02-DF;UOP01-DEL02-DF 
658488;"1483921   ";2024-12-18;quarta-feira;15:40:00;DF;"20   ";"12,5 ";BRASILIA;Sim;Acessar a via sem observar a presença dos outros veículos;2;Tombamento;Com Vítimas Feridas;Pleno dia;Decrescente;Chuva;Dupla;"Retorno Regulamentado;Reta;Em Obras";Não  ;"1184322   ";Motocicleta;HONDA/CG 160 FAN;"2023      ";Condutor;Lesões Graves;"29   ";Masculino;"0 ";"0    ";"1    ";"0    ";-15.6405750;-47.7536530;SPRF-DF;DEL02-DF;UOP01-DEL02-DF 
658488;"1483922   ";2024-12-18;quarta-feira;15:40:00;DF;"20   ";"12,5 ";BRASILIA;Sim;Acessar a via sem observar a presença dos outros veículos;1;Colisão lateral mesmo sentido;Com Vítimas Feridas;Pleno dia;Decrescente;Chuva;Dupla;"Retorno Regulamentado;Reta;Em Obras";Não  ;"1184323   ";Caminhão;FORD/CARGO 2629 6X4;"2012      ";Condutor;Ileso;"41   ";Masculino;"1 ";"0    ";"0    ";"0    ";-15.6405750;-47.7536530;SPRF-DF;DEL02-DF;UOP01-DEL02-DF 
658488;"1483921   ";2024-12-18;quarta-feira;15:40:00;DF;"20   ";"12,5 ";BRASILIA;Sim;Acessar a via sem observar a presença dos outros veículos;1;Colisão lateral mesmo sentido;Com Vítimas Feridas;Pleno dia;Decrescente;Chuva;Dupla;"Retorno Regulamentado;Reta;Em Obras";Não  ;"1184322   ";Motocicleta;HONDA/CG 160 FAN;"2023      ";Condutor;Lesões Graves;"29   ";Masculino;"0 ";"0    ";"1    ";"0    ";-15.6405750;-47.7536530;SPRF-DF;DEL02-DF;UOP01-DEL02-DF 
658488;"1483922   ";2024-12-18;quarta-feira;15:40:00;DF;"20   ";"12,5 ";BRASILIA;Não;Carga excessiva e/ou mal acondicionada;4;Saída de leito carroçável;Com Vítimas Feridas;Pleno dia;Decrescente;Chuva;Dupla;"Retorno Regulamentado;Reta;Em Obras";Não  ;"1184323   ";Caminhão;FORD/CARGO 2629 6X4;"2012      ";Condutor;Ileso;"41   ";Masculino;"1 ";"0    ";"0    ";"0    ";-15.6405750;-47.7536530;SPRF-DF;DEL02-DF;UOP01-DEL02-DF 
658488;"1483921   ";2024-12-18;quarta-feira;15:40:00;DF;"20   ";"12,5 ";BRASILIA;Não;Carga excessiva e/ou mal acondicionada;4;Saída de leito carroçável;Com Vítimas Feridas;Pleno dia;Decrescente;Chuva;Dupla;"Retorno Regulamentado;Reta;Em Obras";Não  ;"1184322   ";Motocicleta;HONDA/CG 160 FAN;"2023      ";Condutor;Lesões Graves;"29   ";Masculino;"0 ";"0    ";"1    ";"0    ";-15.6405750;-47.7536530;SPRF-DF;DEL02-DF;UOP01-DEL02-DF 
658488;"1483922   ";2024-12-18;quarta-feira;15:40:00;DF;"20   ";"12,5 ";BRASILIA;Não;Carga excessiva e/ou mal acondicionada;3;Queda de ocupante de veículo;Com Vítimas Feridas;Pleno dia;Decrescente;Chuva;Dupla;"Retorno Regulamentado;Reta;Em Obras";Não  ;"1184323   ";Caminhão;FORD/CARGO 2629 6X4;"2012      ";Condutor;Ileso;"41   ";Masculino;"1 ";"0    ";"0    ";"0    ";-15.6405750;-47.7536530;SPRF-DF;DEL02-DF;UOP01-DEL02-DF 
658488;"1483921   ";2024-12-18;quarta-feira;15:40:00;DF;"20   ";"12,5 ";BRASILIA;Não;Carga excessiva e/ou mal acondicionada;3;Queda de ocupante de veículo;Com Vítimas Feridas;Pleno dia;Decrescente;Chuva;Dupla;"Retorno Regulamentado;Reta;Em Obras";Não  ;"1184322   ";Motocicleta;HONDA/CG 160 FAN;"2023      ";Condutor;Lesões Graves;"29   ";Masculino;"0 ";"0    ";"1    ";"0    ";-15.6405750;-47.7536530;SPRF-DF;DEL02-DF;UOP01-DEL02-DF 
658488;"1483922   ";2024-12-18;quarta-feira;15:40:00;DF;"20   ";"12,5 ";BRASILIA;Não;Carga excessiva e/ou mal acondicionada;2;Tombamento;Com Vítimas Feridas;Pleno dia;Decrescente;Chuva;Dupla;"Retorno Regulamentado;Reta;Em Obras";Não  ;"1184323   ";Caminhão;FORD/CARGO 2629 6X4;"2012      ";Condutor;Ileso;"41   ";Masculino;"1 ";"0    ";"0    ";"0    ";-15.6405750;-47.7536530;SPRF-DF;DEL02-DF;UOP01-DEL02-DF 
658488;"1483921   ";2024-12-18;quarta-feira;15:40:00;DF;"20   ";"12,5 ";BRASILIA;Não;Carga excessiva e/ou mal acondicionada;2;Tombamento;Com Vítimas Feridas;Pleno dia;Decrescente;Chuva;Dupla;"Retorno Regulamentado;Reta;Em Obras";Não  ;"1184322   ";Motocicleta;HONDA/CG 160 FAN;"2023      ";Condutor;Lesões Graves;"29   ";Masculino;"0 ";"0    ";"1    ";"0    ";-15.6405750;-47.7536530;SPRF-DF;DEL02-DF;UOP01-DEL02-DF 
658488;"1483922   ";2024-12-18;quarta-feira;15:40:00;DF;"20   ";"12,5 ";BRASILIA;Não;Carga excessiva e/ou mal acondicionada;1;Colisão lateral mesmo sentido;Com Vítimas Feridas;Pleno dia;Decrescente;Chuva;Dupla;"Retorno Regulamentado;Reta;Em Obras";Não  ;"1184323   ";Caminhão;FORD/CARGO 2629 6X4;"2012      ";Condutor;Ileso;"41   ";Masculino;"1 ";"0    ";"0    ";"0    ";-15.6405750;-47.7536530;SPRF-DF;DEL02-DF;UOP01-DEL02-DF 
658488;"1483921   ";2024-12-18;quarta-feira;15:40:00;DF;"20   ";"12,5 ";BRASILIA;Não;Carga excessiva e/ou mal acondicionada;1;Colisão lateral mesmo sentido;Com Vítimas Feridas;Pleno dia;Decrescente;Chuva;Dupla;"Retorno Regulamentado;Reta;Em Obras";Não  ;"1184322   ";Motocicleta;HONDA/CG 160 FAN;"2023      ";Condutor;Lesões Graves;"29   ";Masculino;"0 ";"0    ";"1    ";"0    ";-15.6405750;-47.7536530;SPRF-DF;DEL02-DF;UOP01-DEL02-DF 
659766;"0         ";2024-12-07;sábado;00:00:00;GO;"60   ";"35   ";ALEXANIA;Sim;Velocidade Incompatível;2;Colisão frontal;Com Vítimas Feridas;Plena Noite;Crescente;Nublado;Dupla;Reta;Não  ;"1186768   ";Semireboque;SR/FACCHINI SRF CFED;"2020      ";"0";"0";"0    ";"0";"0 ";"0    ";"0    ";"0    ";-16.1045000;-48.5242000;SPRF-DF;DEL03-DF;UOP01-DEL03-DF 
659766;"1487327   ";2024-12-07;sábado;00:00:00;GO;"60   ";"35   ";ALEXANIA;Sim;Velocidade Incompatível;2;Colisão frontal;Com Vítimas Feridas;Plena Noite;Crescente;Nublado;Dupla;Reta;Não  ;"1186767   ";Caminhão-trator;IVECO/S-WAY 480-4X2;"2024      ";Condutor;Lesões Graves;"47   ";Masculino;"0 ";"0    ";"1    ";"0    ";-16.1045000;-48.5242000;SPRF-DF;DEL03-DF;UOP01-DEL03-DF 
659766;"1487326   ";2024-12-07;sábado;00:00:00;GO;"60   ";"35   ";ALEXANIA;Sim;Velocidade Incompatível;2;Colisão frontal;Com Vítimas Feridas;Plena Noite;Crescente;Nublado;Dupla;Reta;Não  ;"1186766   ";Caminhão;VW/24.220 EURO3 WORKER;"2008      ";Condutor;Lesões Graves;"35   ";Masculino;"0 ";"0    ";"1    ";"0    ";-16.1045000;-48.5242000;SPRF-DF;DEL03-DF;UOP01-DEL03-DF 
659766;"1487325   ";2024-12-07;sábado;00:00:00;GO;"60   ";"35   ";ALEXANIA;Sim;Velocidade Incompatível;2;Colisão frontal;Com Vítimas Feridas;Plena Noite;Crescente;Nublado;Dupla;Reta;Não  ;"1186765   ";Automóvel;TOYOTA/ETIOS SD XS;"2013      ";Passageiro;Ileso;"72   ";Feminino;"1 ";"0    ";"0    ";"0    ";-16.1045000;-48.5242000;SPRF-DF;DEL03-DF;UOP01-DEL03-DF 
659766;"1487324   ";2024-12-07;sábado;00:00:00;GO;"60   ";"35   ";ALEXANIA;Sim;Velocidade Incompatível;2;Colisão frontal;Com Vítimas Feridas;Plena Noite;Crescente;Nublado;Dupla;Reta;Não  ;"1186765   ";Automóvel;TOYOTA/ETIOS SD XS;"2013      ";Passageiro;Ileso;"2    ";Masculino;"1 ";"0    ";"0    ";"0    ";-16.1045000;-48.5242000;SPRF-DF;DEL03-DF;UOP01-DEL03-DF 
659766;"1487323   ";2024-12-07;sábado;00:00:00;GO;"60   ";"35   ";ALEXANIA;Sim;Velocidade Incompatível;2;Colisão frontal;Com Vítimas Feridas;Plena Noite;Crescente;Nublado;Dupla;Reta;Não  ;"1186765   ";Automóvel;TOYOTA/ETIOS SD XS;"2013      ";Condutor;Ileso;"53   ";Masculino;"1 ";"0    ";"0    ";"0    ";-16.1045000;-48.5242000;SPRF-DF;DEL03-DF;UOP01-DEL03-DF 
659766;"1487322   ";2024-12-07;sábado;00:00:00;GO;"60   ";"35   ";ALEXANIA;Sim;Velocidade Incompatível;2;Colisão frontal;Com Vítimas Feridas;Plena Noite;Crescente;Nublado;Dupla;Reta;Não  ;"1186765   ";Automóvel;TOYOTA/ETIOS SD XS;"2013      ";Passageiro;Ileso;"55   ";Feminino;"1 ";"0    ";"0    ";"0    ";-16.1045000;-48.5242000;SPRF-DF;DEL03-DF;UOP01-DEL03-DF 
659766;"0         ";2024-12-07;sábado;00:00:00;GO;"60   ";"35   ";ALEXANIA;Sim;Velocidade Incompatível;1;Colisão lateral mesmo sentido;Com Vítimas Feridas;Plena Noite;Crescente;Nublado;Dupla;Reta;Não  ;"1186768   ";Semireboque;SR/FACCHINI SRF CFED;"2020      ";"0";"0";"0    ";"0";"0 ";"0    ";"0    ";"0    ";-16.1045000;-48.5242000;SPRF-DF;DEL03-DF;UOP01-DEL03-DF 
659766;"1487327   ";2024-12-07;sábado;00:00:00;GO;"60   ";"35   ";ALEXANIA;Sim;Velocidade Incompatível;1;Colisão lateral mesmo sentido;Com Vítimas Feridas;Plena Noite;Crescente;Nublado;Dupla;Reta;Não  ;"1186767   ";Caminhão-trator;IVECO/S-WAY 480-4X2;"2024      ";Condutor;Lesões Graves;"47   ";Masculino;"0 ";"0    ";"1    ";"0    ";-16.1045000;-48.5242000;SPRF-DF;DEL03-DF;UOP01-DEL03-DF 
659766;"1487326   ";2024-12-07;sábado;00:00:00;GO;"60   ";"35   ";ALEXANIA;Sim;Velocidade Incompatível;1;Colisão lateral mesmo sentido;Com Vítimas Feridas;Plena Noite;Crescente;Nublado;Dupla;Reta;Não  ;"1186766   ";Caminhão;VW/24.220 EURO3 WORKER;"2008      ";Condutor;Lesões Graves;"35   ";Masculino;"0 ";"0    ";"1    ";"0    ";-16.1045000;-48.5242000;SPRF-DF;DEL03-DF;UOP01-DEL03-DF 
659766;"1487325   ";2024-12-07;sábado;00:00:00;GO;"60   ";"35   ";ALEXANIA;Sim;Velocidade Incompatível;1;Colisão lateral mesmo sentido;Com Vítimas Feridas;Plena Noite;Crescente;Nublado;Dupla;Reta;Não  ;"1186765   ";Automóvel;TOYOTA/ETIOS SD XS;"2013      ";Passageiro;Ileso;"72   ";Feminino;"1 ";"0    ";"0    ";"0    ";-16.1045000;-48.5242000;SPRF-DF;DEL03-DF;UOP01-DEL03-DF 
659766;"1487324   ";2024-12-07;sábado;00:00:00;GO;"60   ";"35   ";ALEXANIA;Sim;Velocidade Incompatível;1;Colisão lateral mesmo sentido;Com Vítimas Feridas;Plena Noite;Crescente;Nublado;Dupla;Reta;Não  ;"1186765   ";Automóvel;TOYOTA/ETIOS SD XS;"2013      ";Passageiro;Ileso;"2    ";Masculino;"1 ";"0    ";"0    ";"0    ";-16.1045000;-48.5242000;SPRF-DF;DEL03-DF;UOP01-DEL03-DF 
659766;"1487323   ";2024-12-07;sábado;00:00:00;GO;"60   ";"35   ";ALEXANIA;Sim;Velocidade Incompatível;1;Colisão lateral mesmo sentido;Com Vítimas Feridas;Plena Noite;Crescente;Nublado;Dupla;Reta;Não  ;"1186765   ";Automóvel;TOYOTA/ETIOS SD XS;"2013      ";Condutor;Ileso;"53   ";Masculino;"1 ";"0    ";"0    ";"0    ";-16.1045000;-48.5242000;SPRF-DF;DEL03-DF;UOP01-DEL03-DF 
659766;"1487322   ";2024-12-07;sábado;00:00:00;GO;"60   ";"35   ";ALEXANIA;Sim;Velocidade Incompatível;1;Colisão lateral mesmo sentido;Com Vítimas Feridas;Plena Noite;Crescente;Nublado;Dupla;Reta;Não  ;"1186765   ";Automóvel;TOYOTA/ETIOS SD XS;"2013      ";Passageiro;Ileso;"55   ";Feminino;"1 ";"0    ";"0    ";"0    ";-16.1045000;-48.5242000;SPRF-DF;DEL03-DF;UOP01-DEL03-DF 
660556;"1489153   ";2024-08-22;quinta-feira;16:55:00;GO;"70   ";"0,5  ";AGUAS LINDAS DE GOIAS;Sim;Ausência de reação do condutor;1;Colisão traseira;Com Vítimas Feridas;Pleno dia;Crescente;Céu Claro;Dupla;"Aclive;Reta";Não  ;"1188229   ";Motocicleta;HONDA/CG 125 FAN KS;"2013      ";Condutor;Lesões Graves;"43   ";Masculino;"0 ";"0    ";"1    ";"0    ";-15.7835430;-48.2326000;SPRF-DF;DEL03-DF;UOP02-DEL03-DF 
660556;"1489152   ";2024-08-22;quinta-feira;16:55:00;GO;"70   ";"0,5  ";AGUAS LINDAS DE GOIAS;Sim;Ausência de reação do condutor;1;Colisão traseira;Com Vítimas Feridas;Pleno dia;Crescente;Céu Claro;Dupla;"Aclive;Reta";Não  ;"1188228   ";Automóvel;FIAT/147;"1984      ";Condutor;Ileso;"24   ";Masculino;"1 ";"0    ";"0    ";"0    ";-15.7835430;-48.2326000;SPRF-DF;DEL03-DF;UOP02-DEL03-DF 